image_id,PredictionString
000001,0.5 14 0.1 0.0 0.5 0.9 0.7 14 0.0 0.0 0.6 1.0 0.5 14 0.0 0.0 0.7 1.0
000002,0.0 0 0.0 0.0 1.0 1.0
000003,0.0 0 0.0 0.0 1.0 1.0
000004,0.3 6 0.4 0.5 0.5 0.6 0.6 6 0.2 0.5 0.2 0.6 0.9 6 0.6 0.5 0.8 0.6 0.7 6 0.2 0.5 0.3 0.6 0.4 6 0.3 0.5 0.4 0.6 0.8 6 0.2 0.5 0.2 0.6 0.4 6 0.2 0.5 0.3 0.6 0.6 6 0.2 0.5 0.3 0.6 0.3 6 0.4 0.5 0.5 0.6 0.8 6 0.0 0.5 0.1 0.6 0.5 6 0.0 0.5 0.1 0.6 0.8 6 0.3 0.5 0.4 0.6 0.7 6 0.1 0.5 0.2 0.6 0.8 6 0.4 0.5 0.5 0.6 0.3 6 0.1 0.5 0.2 0.6
000006,0.4 19 0.1 0.1 0.2 0.3 0.5 8 0.4 0.5 0.6 0.7
000008,0.6 14 0.0 0.2 0.2 0.4 0.6 14 0.0 0.2 0.3 0.4 0.7 14 0.0 0.2 0.1 0.5 0.5 14 0.1 0.2 0.2 0.3 0.5 14 0.0 0.2 0.1 0.6 0.6 14 0.0 0.2 0.2 0.5
000010,0.6 14 0.2 0.1 0.5 0.4 0.3 14 0.2 0.1 0.5 0.5
000011,0.0 0 0.0 0.0 1.0 1.0
000013,0.0 0 0.0 0.0 1.0 1.0
000014,0.5 6 0.1 0.4 0.3 0.5 0.5 6 0.9 0.4 1.0 0.5 0.8 6 0.9 0.4 1.0 0.5 0.4 6 0.1 0.4 0.6 0.5 0.4 6 0.9 0.4 1.0 0.5 0.4 6 0.1 0.4 0.6 0.5 0.7 6 0.4 0.4 1.0 0.7 0.8 14 0.7 0.0 0.8 0.1
000015,0.5 1 0.1 0.3 0.6 0.7 0.5 14 0.5 0.1 0.6 0.4
000018,0.0 0 0.0 0.0 1.0 1.0
000022,0.9 14 0.4 0.1 0.5 0.5
000025,0.7 14 0.5 0.0 0.6 0.2 0.5 14 0.4 0.0 0.5 0.3 0.8 14 0.3 0.0 0.7 0.7 0.4 14 0.0 0.1 0.2 0.4 0.7 14 0.1 0.0 0.4 0.8 0.3 14 0.4 0.0 0.5 0.3 0.4 14 0.6 0.2 0.9 0.7 0.4 14 0.4 0.0 0.6 0.4 0.5 14 0.0 0.2 0.1 0.3 0.4 14 0.0 0.2 0.1 0.5 0.3 14 0.3 0.0 0.4 0.1 0.4 14 0.2 0.0 0.4 0.4 0.5 14 0.1 0.1 0.4 0.8 0.6 14 0.4 0.0 0.6 0.6 0.7 14 0.2 0.0 0.4 0.3 0.7 14 0.1 0.1 0.2 0.3 0.4 14 0.0 0.1 0.2 0.5 0.4 14 0.3 0.0 0.4 0.3 0.3 14 0.5 0.0 0.6 0.2 0.7 14 0.3 0.0 0.6 0.7 0.5 14 0.6 0.0 0.6 0.2 0.4 14 0.1 0.1 0.2 0.2 0.9 14 0.6 0.0 0.9 0.7 0.9 14 0.6 0.0 0.7 0.2
000027,0.9 14 0.2 0.2 0.5 0.5
000028,0.3 14 0.2 0.1 0.6 1.0 0.5 14 0.1 0.1 0.6 1.0 0.6 14 0.0 0.0 0.6 1.0 0.6 14 0.0 0.0 0.2 1.0 0.3 14 0.5 0.0 0.7 0.2
000029,0.0 0 0.0 0.0 1.0 1.0
000031,0.0 0 0.0 0.0 1.0 1.0
000037,0.0 0 0.0 0.0 1.0 1.0
000038,0.4 1 0.3 0.3 0.5 0.4 0.4 1 0.3 0.3 0.5 0.4 1.0 14 0.3 0.2 0.5 0.4 0.6 1 0.3 0.3 0.5 0.4 0.5 6 0.6 0.3 0.7 0.3
000040,0.3 14 0.2 0.1 0.8 1.0 0.4 14 0.3 0.1 0.8 0.6 0.7 14 0.0 0.1 0.8 1.0
000043,0.8 14 0.0 0.3 0.6 1.0 0.7 14 0.0 0.3 0.4 1.0 0.6 14 0.0 0.0 0.6 1.0 0.4 14 0.0 0.3 0.7 1.0 0.6 14 0.4 0.5 0.7 1.0 0.6 14 0.4 0.5 0.6 1.0
000045,0.0 0 0.0 0.0 1.0 1.0
000049,0.0 0 0.0 0.0 1.0 1.0
000053,0.3 14 0.0 0.0 0.8 0.7
000054,0.0 0 0.0 0.0 1.0 1.0
000055,0.5 14 0.9 0.6 0.9 0.7 0.8 14 0.8 0.6 0.9 0.7 0.3 14 0.1 0.4 0.4 0.6 0.7 14 0.2 0.3 0.4 0.5 0.4 14 0.0 0.3 0.4 0.8 0.4 14 0.1 0.3 0.4 0.7 0.6 14 0.0 0.5 0.1 0.8 0.9 14 0.9 0.6 1.0 0.7
000056,0.7 14 0.3 0.1 0.7 0.8
000057,0.4 14 0.3 0.1 0.7 0.7
000058,0.5 14 0.5 0.1 0.6 0.4 0.9 14 0.4 0.2 0.5 0.4 0.3 14 0.4 0.2 0.5 0.5 0.7 14 0.3 0.2 0.6 0.6 0.6 14 0.6 0.0 0.8 0.4 0.8 14 0.5 0.1 0.6 0.6 0.6 14 0.4 0.1 0.6 0.6 0.9 14 0.6 0.1 0.8 0.7 0.8 14 0.6 0.0 0.8 0.7 0.4 14 0.4 0.2 0.6 0.6 0.5 14 0.6 0.0 0.7 0.4
000059,0.5 14 0.6 0.5 0.7 0.7 0.6 14 0.6 0.5 0.7 0.8 0.9 14 0.2 0.6 0.3 0.7 0.5 14 0.0 0.7 0.0 1.0 0.6 14 0.2 0.5 0.3 0.7 0.4 14 0.2 0.5 0.3 0.7 0.9 14 0.1 0.6 0.2 0.7 0.3 19 0.3 0.3 0.5 0.4 0.9 14 0.2 0.4 0.6 1.0 0.3 14 0.6 0.5 0.7 0.8
000062,0.0 0 0.0 0.0 1.0 1.0
000067,0.0 0 0.0 0.0 1.0 1.0
000068,0.0 0 0.0 0.0 1.0 1.0
000069,1.0 14 0.5 0.3 0.6 0.7 0.4 14 0.6 0.3 0.7 0.4 0.4 6 0.0 0.1 0.7 0.3
000070,0.3 15 0.5 0.3 0.6 0.4 0.7 15 0.6 0.3 0.6 0.4 0.7 15 0.5 0.3 0.6 0.4 0.6 15 0.5 0.3 0.6 0.4 0.3 15 0.6 0.3 0.6 0.4
000071,0.4 6 0.4 0.1 0.5 0.2 0.8 6 0.4 0.1 0.6 0.2 0.5 6 0.4 0.1 0.5 0.2 0.9 6 0.1 0.2 0.7 0.5 0.4 6 0.5 0.1 0.6 0.2
000074,0.6 6 0.1 0.1 0.8 0.5
000075,0.7 14 0.2 0.2 0.4 0.7 0.8 14 0.0 0.2 0.4 1.0 0.5 14 0.0 0.2 0.6 1.0
000076,0.3 14 0.4 0.3 0.5 0.7 0.3 14 0.6 0.2 0.7 0.5 0.3 14 0.4 0.2 0.7 0.7 0.3 14 0.1 0.2 0.4 0.7 0.9 14 0.4 0.3 0.5 0.4 0.9 14 0.7 0.3 0.8 0.6 0.6 14 0.7 0.3 0.7 0.4 0.8 14 0.7 0.3 0.8 0.5 0.7 14 0.7 0.3 0.8 0.5 0.9 14 0.0 0.3 0.0 0.5 0.6 14 0.4 0.1 0.7 0.7 0.9 14 0.1 0.1 0.4 0.7 0.5 14 0.1 0.3 0.2 0.4 0.4 14 0.2 0.3 0.2 0.3 0.8 14 0.7 0.4 0.8 0.5 1.0 14 0.1 0.3 0.1 0.5 0.9 14 0.1 0.3 0.2 0.5 0.7 14 0.6 0.2 0.7 0.7 0.9 14 0.4 0.1 0.7 0.7 0.9 14 0.7 0.3 0.8 0.6 0.6 14 0.6 0.2 0.7 0.4 0.4 14 0.6 0.2 0.7 0.7 0.9 14 0.6 0.2 0.7 0.4
000079,0.0 0 0.0 0.0 1.0 1.0
000080,0.0 0 0.0 0.0 1.0 1.0
000082,0.6 6 0.0 0.0 0.4 0.2 0.9 6 0.0 0.2 1.0 0.6
000084,0.5 8 0.3 0.3 0.4 0.5 0.4 8 0.4 0.4 0.5 0.5 0.6 8 0.5 0.4 0.6 0.5
000085,0.6 14 0.0 0.1 0.3 0.5 0.6 14 0.0 0.1 0.4 0.6 0.3 14 0.0 0.1 0.5 0.7 0.4 14 0.7 0.0 1.0 0.7 0.6 14 0.3 0.4 0.4 0.7 0.8 14 0.7 0.0 0.9 0.4 0.3 14 0.0 0.1 0.4 0.5 0.6 14 0.0 0.1 0.4 1.0 0.5 14 0.3 0.4 0.5 0.7 0.6 14 0.7 0.0 1.0 0.4 0.3 14 0.7 0.0 0.9 0.2
000086,0.0 0 0.0 0.0 1.0 1.0
000087,0.0 0 0.0 0.0 1.0 1.0
000088,0.0 0 0.0 0.0 1.0 1.0
000090,0.5 14 0.3 0.1 0.6 0.4 0.9 14 0.3 0.1 0.6 0.5 0.4 14 0.3 0.1 0.6 0.6
000092,0.0 0 0.0 0.0 1.0 1.0
000094,0.4 6 0.1 0.2 0.9 0.6 0.3 6 0.0 0.1 0.9 0.5 0.5 14 0.7 0.4 0.9 0.7 0.3 14 0.6 0.2 0.9 0.7 0.4 6 0.0 0.2 0.9 0.7 0.3 6 0.0 0.2 0.7 0.5 0.5 6 0.0 0.1 0.9 0.6 0.5 6 0.0 0.1 0.9 0.7 0.6 14 0.7 0.2 0.9 0.7
000096,0.9 14 0.3 0.3 0.6 1.0 0.9 14 0.0 0.3 0.3 1.0 0.5 14 0.4 0.3 0.6 1.0
000097,1.0 14 0.3 0.3 0.4 0.4
000098,0.0 0 0.0 0.0 1.0 1.0
000100,0.0 0 0.0 0.0 1.0 1.0
000103,0.6 6 0.0 0.4 0.1 0.5 0.8 6 0.2 0.4 0.2 0.4 0.9 6 0.0 0.4 0.1 0.5 0.9 6 0.0 0.4 0.1 0.5 0.7 6 0.1 0.4 0.2 0.4
000105,0.4 14 0.4 0.2 0.6 0.4 0.3 14 0.4 0.2 0.6 0.5 0.8 14 0.4 0.2 0.6 0.5 0.6 14 0.3 0.2 0.6 0.5 0.4 14 0.3 0.3 0.5 0.5 0.7 14 0.4 0.2 0.6 0.5 0.7 14 0.3 0.2 0.6 0.5 0.4 14 0.4 0.2 0.6 0.4
000106,0.5 14 0.2 0.2 0.7 0.8 0.5 14 0.7 0.4 1.0 0.7 0.3 14 0.4 0.1 1.0 0.8 0.4 14 0.0 0.2 0.7 0.8 0.4 14 0.6 0.1 1.0 0.7
000108,0.0 0 0.0 0.0 1.0 1.0
000111,0.8 14 0.2 0.4 0.2 0.4
000114,0.5 14 0.5 0.5 0.8 0.8 0.6 14 0.3 0.2 0.8 0.8 0.4 14 0.3 0.5 0.8 0.7
000115,0.0 0 0.0 0.0 1.0 1.0
000116,0.7 15 0.3 0.2 0.5 0.4
000119,0.0 0 0.0 0.0 1.0 1.0
000124,0.5 14 0.4 0.0 0.5 0.3 0.9 14 0.4 0.0 0.5 0.2 0.7 14 0.1 0.1 0.8 0.7 0.9 14 0.0 0.0 0.2 0.3 0.4 14 0.5 0.0 0.8 0.4 0.3 14 0.4 0.0 0.5 0.2 0.3 14 0.5 0.0 0.8 0.5 0.4 15 0.1 0.0 0.3 0.3 0.6 14 0.1 0.0 0.8 1.0 0.4 4 0.3 0.1 0.3 0.3 0.4 14 0.4 0.1 0.8 0.7 0.4 14 0.5 0.0 0.8 0.4
000126,0.7 14 0.0 0.3 0.2 0.5 0.9 14 0.1 0.3 0.2 0.4
000127,0.3 14 0.5 0.3 0.6 0.5 0.8 14 0.1 0.0 0.5 0.7 0.5 14 0.1 0.4 0.6 1.0 0.6 14 0.1 0.0 0.6 0.7 0.4 14 0.4 0.4 0.6 0.7 0.3 14 0.1 0.0 0.5 1.0 0.3 14 0.0 0.0 0.7 1.0 0.4 14 0.3 0.4 0.6 0.7
000128,0.5 14 0.2 0.4 0.2 0.4 0.4 14 0.2 0.4 0.2 0.4 0.5 14 0.2 0.4 0.3 0.4 0.8 14 0.1 0.4 0.1 0.5 0.9 14 0.1 0.4 0.1 0.5 0.7 14 0.6 0.4 0.7 0.5
000135,0.8 6 0.3 0.4 0.5 0.5 0.6 6 0.3 0.4 0.5 0.5
000136,0.0 0 0.0 0.0 1.0 1.0
000137,0.8 14 0.2 0.7 0.3 0.8 0.9 6 0.2 0.9 0.3 1.0 0.3 6 0.2 0.9 0.3 1.0
000139,0.7 14 0.3 0.1 0.5 0.4 0.9 14 0.3 0.1 0.5 0.5 0.6 14 0.0 0.2 0.2 0.7 0.5 1 0.2 0.3 0.4 0.5
000144,0.8 4 0.5 0.3 0.5 0.5 0.8 4 0.4 0.4 0.5 0.6 0.9 14 0.7 0.0 1.0 0.7 0.9 14 0.1 0.2 0.2 0.4 0.3 14 0.7 0.0 1.0 0.4 0.3 8 0.8 0.5 0.9 0.7 0.4 4 0.4 0.4 0.5 0.6 0.4 14 0.0 0.2 0.2 0.6 0.4 14 0.7 0.0 1.0 0.6 0.3 14 0.0 0.3 0.2 0.6 1.0 14 0.3 0.1 0.6 0.5 0.4 14 0.0 0.2 0.3 0.7 0.6 4 0.5 0.3 0.5 0.6 0.9 14 0.0 0.3 0.2 0.7 0.6 14 0.7 0.0 1.0 0.7 0.5 14 0.0 0.2 0.2 0.7 0.4 4 0.4 0.4 0.5 0.6 0.4 14 0.6 0.0 0.8 0.6 0.7 14 0.7 0.0 1.0 0.6 0.5 4 0.6 0.4 0.7 0.6 0.5 14 0.7 0.0 0.8 0.3 0.7 14 0.7 -0.0 0.8 0.4
000145,0.4 6 0.1 0.2 0.7 0.7
000148,0.0 0 0.0 0.0 1.0 1.0
000149,0.5 15 0.2 0.0 0.6 0.7 0.4 15 0.2 0.0 0.6 0.7
000151,0.3 14 0.0 0.1 0.3 1.0 0.9 14 0.0 0.1 0.3 1.0
000152,0.7 6 0.6 0.2 0.6 0.3 0.9 6 0.8 0.2 1.0 0.3 0.3 6 0.1 0.2 0.1 0.3 0.9 6 0.7 0.2 0.8 0.3 0.3 6 0.6 0.2 0.8 0.3 0.4 6 0.9 0.2 1.0 0.3 0.3 6 0.8 0.2 1.0 0.3 0.9 6 0.1 0.2 0.3 0.3 0.4 6 0.7 0.2 0.8 0.3 0.6 6 0.8 0.2 0.9 0.3 0.8 6 0.2 0.2 0.8 0.6 0.6 6 0.7 0.2 0.8 0.3 0.4 6 0.7 0.2 0.9 0.3 0.7 6 0.6 0.2 0.8 0.3 0.3 6 0.6 0.2 0.7 0.3 0.5 6 0.6 0.2 0.7 0.3
000155,0.0 0 0.0 0.0 1.0 1.0
000157,0.0 0 0.0 0.0 1.0 1.0
000160,0.3 19 0.6 0.2 0.7 0.3
000166,1.0 14 0.6 0.3 0.6 0.5 0.6 6 0.4 0.3 0.4 0.4 0.9 14 0.1 0.2 0.3 0.4 0.9 14 0.0 0.3 0.0 0.5 0.9 14 0.4 0.3 0.5 0.4 0.4 14 0.2 0.2 0.3 0.4 0.8 14 0.1 0.3 0.3 0.6 0.9 14 0.1 0.3 0.1 0.4 0.6 6 0.8 0.4 0.9 0.4 0.6 14 0.1 0.3 0.1 0.4
000167,0.0 0 0.0 0.0 1.0 1.0
000168,0.5 14 0.1 0.2 0.4 0.6 0.8 14 0.2 0.2 0.4 0.7 0.4 14 0.2 0.2 0.4 0.6 0.5 14 0.2 0.2 0.4 0.9
000172,0.3 6 0.0 0.1 0.8 0.6 0.6 6 0.0 0.3 0.8 0.6 0.5 6 0.0 0.1 0.8 0.6
000175,0.0 0 0.0 0.0 1.0 1.0
000176,0.0 0 0.0 0.0 1.0 1.0
000178,0.6 4 0.5 0.1 0.6 0.3 0.4 4 0.5 0.1 0.6 0.2 0.5 4 0.4 0.1 0.4 0.3 0.3 4 0.2 0.1 0.3 0.4 0.3 4 0.6 0.1 0.7 0.2 0.3 4 0.6 0.1 0.7 0.4 0.7 4 0.3 0.1 0.4 0.3 0.6 4 0.5 0.2 0.5 0.3 0.6 4 0.4 0.1 0.5 0.5 0.5 4 0.3 0.1 0.3 0.3 0.3 4 0.2 0.1 0.3 0.2 0.6 4 0.6 0.1 0.7 0.4 0.4 4 0.3 0.1 0.4 0.3 0.5 4 0.4 0.1 0.4 0.4 0.3 14 0.5 0.0 0.7 0.4 0.6 4 0.5 0.1 0.6 0.3 0.5 4 0.6 0.1 0.6 0.2
000179,0.5 6 0.5 0.8 0.5 0.8 0.4 6 0.6 0.8 0.6 0.8 0.4 6 0.0 0.8 0.1 0.8
000181,0.9 14 0.3 0.3 0.5 0.4 0.3 6 0.7 0.5 0.8 0.6 0.8 14 0.2 0.3 0.4 0.5 0.3 6 0.7 0.5 0.8 0.6 0.9 14 0.2 0.3 0.4 0.5 0.6 14 0.4 0.3 0.5 0.5 0.4 4 0.2 0.2 0.2 0.3 0.9 14 0.0 0.2 0.3 0.6
000182,0.9 14 0.2 0.1 0.5 0.7
000183,0.0 0 0.0 0.0 1.0 1.0
000185,0.4 8 0.4 0.4 0.5 0.6 0.9 14 0.3 0.4 0.5 0.6
000186,0.0 0 0.0 0.0 1.0 1.0
000188,0.7 6 0.1 0.3 0.3 0.4 0.7 6 0.8 0.3 1.0 0.5 0.8 6 0.1 0.3 0.3 0.4 0.3 6 0.0 0.3 0.1 0.4 1.0 14 0.1 0.2 0.1 0.5 0.3 6 0.2 0.2 0.4 0.4
000191,0.9 14 0.4 0.5 0.5 0.9 0.9 14 0.2 0.5 0.3 0.6 0.3 14 0.5 0.4 0.6 0.6 0.9 14 0.5 0.4 0.6 0.9 0.8 14 0.4 0.5 0.4 0.6 0.6 14 0.3 0.5 0.3 0.6 1.0 14 0.0 0.4 0.3 1.0 0.6 14 0.4 0.5 0.4 0.6 0.3 14 0.5 0.5 0.6 0.6
000195,0.5 6 0.0 0.0 0.9 0.7
000196,0.4 15 0.6 0.2 0.7 0.3 0.4 8 0.1 0.4 0.3 0.6 0.5 8 0.0 0.4 0.1 0.7 0.5 8 0.1 0.3 0.3 0.6 0.3 8 0.1 0.3 0.3 0.5 0.4 8 0.4 0.3 0.6 0.5 0.4 14 0.0 0.5 0.9 0.7 0.4 8 0.5 0.4 0.6 0.5 0.5 8 0.5 0.3 0.6 0.5 0.3 14 0.5 0.5 0.9 0.7
000197,0.6 6 0.1 0.2 0.8 0.6
000199,0.0 0 0.0 0.0 1.0 1.0
000201,0.3 14 0.8 0.1 0.8 0.2 0.8 14 0.7 0.1 0.8 0.1 0.3 14 0.6 0.1 0.6 0.1 0.8 14 0.3 0.1 0.4 0.2 0.3 14 0.5 0.2 0.7 0.4 0.5 14 0.5 0.1 0.7 0.4 0.4 1 0.5 0.3 0.7 0.6 0.8 14 0.5 0.2 0.7 0.5 0.4 14 0.7 0.1 0.8 0.1
000202,0.8 14 0.0 0.0 0.3 0.7 0.3 14 0.0 0.2 0.7 1.0 0.6 14 0.0 0.0 0.4 1.0 0.3 14 0.0 0.0 0.3 1.0 0.7 14 0.3 0.2 0.7 1.0 0.6 4 0.7 0.2 0.9 0.8 0.8 14 0.3 0.2 0.7 0.7
000204,0.3 6 0.8 0.4 0.9 0.4 0.5 6 0.8 0.4 0.9 0.4 0.5 6 0.8 0.0 0.9 0.1 0.8 6 0.8 0.4 0.9 0.4 0.7 6 0.0 0.4 0.3 0.5 0.3 6 0.8 0.4 0.9 0.4
000205,0.7 14 0.1 0.6 0.5 1.0 1.0 14 0.2 0.3 0.4 0.6
000206,0.3 15 0.0 0.8 0.1 0.8 0.3 15 0.0 0.6 0.1 0.8 0.9 14 0.2 0.7 0.3 1.0 0.5 14 0.5 0.8 0.6 0.8
000212,0.4 14 0.0 0.3 0.0 0.4 0.8 14 0.6 0.1 0.7 0.3 0.3 14 0.5 0.2 0.6 0.4 0.9 14 0.8 0.3 1.0 0.7 0.4 14 0.0 0.2 0.3 0.6 0.3 14 0.9 0.3 0.9 0.3 0.9 14 0.6 0.1 0.8 0.5 0.7 14 0.6 0.3 0.8 0.5 0.3 14 0.5 0.2 0.6 0.3 0.3 14 0.9 0.3 1.0 0.5 0.6 14 0.0 0.2 0.3 0.7 0.3 14 0.7 0.1 0.8 0.4 0.4 14 0.9 0.3 0.9 0.4 0.5 14 0.9 0.2 1.0 0.4 0.8 14 0.6 0.1 0.7 0.4 0.9 14 0.0 0.2 0.1 0.4 0.4 14 0.0 0.2 0.4 0.7 0.7 14 0.8 0.3 0.9 0.5 1.0 14 0.5 0.2 0.6 0.4 0.9 14 0.0 0.2 0.4 0.8 0.4 14 0.0 0.2 0.0 0.3 0.5 14 0.2 0.2 0.3 0.5 0.6 14 0.6 0.3 0.8 0.5 0.5 14 0.0 0.2 0.2 0.7 0.8 14 0.3 0.3 0.4 0.5 0.9 14 0.5 0.3 0.6 0.4 0.9 14 0.6 0.2 0.7 0.4 0.4 14 0.6 0.2 0.7 0.4 0.7 14 0.7 0.1 0.8 0.2 0.6 14 0.6 0.1 0.8 0.4
000213,0.0 0 0.0 0.0 1.0 1.0
000216,0.0 0 0.0 0.0 1.0 1.0
000217,0.5 14 0.9 0.3 1.0 0.4 0.5 4 0.3 0.3 0.3 0.4
000223,0.4 6 0.3 0.2 0.7 0.7 0.8 14 0.7 0.6 0.8 0.7
000226,0.9 14 0.6 0.3 0.7 0.6 1.0 14 0.4 0.3 0.5 0.5 0.4 6 0.1 0.4 0.2 0.5 0.4 14 0.6 0.3 0.7 0.5
000227,0.0 0 0.0 0.0 1.0 1.0
000230,1.0 14 0.4 0.2 0.6 1.0 0.4 13 0.3 0.5 0.7 1.0
000231,0.3 6 0.2 0.4 0.3 0.6 0.4 6 0.2 0.4 0.3 0.5 0.4 6 0.2 0.4 0.3 0.5 0.5 6 0.2 0.4 0.4 0.5 0.4 6 0.1 0.4 0.3 0.6 0.4 6 0.2 0.4 0.3 0.6 0.4 6 0.1 0.4 0.3 0.5 0.3 6 0.2 0.4 0.5 0.5 1.0 14 0.6 0.3 0.6 0.6
000234,0.5 15 0.2 0.3 0.3 0.4 0.7 8 0.4 0.5 0.5 0.9 0.3 15 0.2 0.3 0.3 0.4 0.4 15 0.0 0.2 0.2 0.6 0.4 15 0.0 0.4 0.1 0.5 0.6 8 0.4 0.5 0.5 1.0 0.5 15 0.0 0.4 0.1 0.6 0.6 15 0.2 0.3 0.3 0.4 0.8 15 0.1 0.6 0.2 0.8 0.7 15 0.2 0.3 0.3 0.4 0.6 15 0.0 0.4 0.1 0.5 0.4 15 0.2 0.3 0.3 0.4 0.7 15 0.0 0.4 0.1 0.6 0.5 8 0.4 0.6 0.5 0.9
000237,0.6 6 0.6 0.6 0.8 0.7 0.3 6 0.4 0.6 0.6 0.7 0.3 6 0.4 0.6 0.5 0.7 0.9 14 0.4 0.1 0.6 0.6 0.6 14 0.1 0.1 0.6 0.9 0.4 6 0.6 0.6 0.8 0.7
000238,1.0 14 0.8 0.7 0.9 1.0
000239,0.4 14 0.9 0.5 0.9 0.6 0.9 14 0.0 0.4 0.1 0.6 0.9 14 0.1 0.5 0.2 0.7 0.3 6 0.1 0.1 0.9 0.7
000240,0.5 6 0.1 0.5 0.3 0.6 0.6 6 0.3 0.4 0.4 0.5 0.8 6 0.7 0.4 0.7 0.5 0.9 14 0.6 0.4 0.7 0.5 0.6 6 0.1 0.4 0.1 0.5 0.9 14 0.3 0.4 0.3 0.5 0.8 6 0.1 0.4 0.3 0.6 0.4 6 0.1 0.4 0.2 0.6 0.3 6 0.5 0.4 0.6 0.6 0.8 6 0.7 0.4 0.9 0.5 0.8 6 0.4 0.5 0.8 0.6
000243,0.4 0 0.4 0.4 0.5 0.6
000247,0.9 14 0.2 0.3 0.4 0.8 0.6 14 0.2 0.1 0.4 0.8 0.3 14 0.2 0.3 0.4 0.5 0.6 14 0.2 0.1 0.4 0.5 0.4 14 0.5 0.3 0.7 0.7 0.3 15 0.6 0.7 0.7 0.7
000248,0.9 14 0.4 0.4 0.6 0.6 0.6 14 0.4 0.4 0.6 0.6 0.5 6 0.5 0.4 0.8 0.7 0.4 6 0.5 0.4 0.8 0.7 0.6 14 0.4 0.4 0.5 0.6
000252,0.7 14 0.5 0.2 0.5 0.3 0.8 6 0.4 0.4 0.6 0.5
000253,0.0 0 0.0 0.0 1.0 1.0
000254,0.4 6 0.3 0.6 0.5 0.7 0.6 6 0.0 0.5 0.4 0.8 0.7 6 0.3 0.6 0.5 0.7 0.3 15 0.8 0.5 0.9 0.6 0.8 6 0.4 0.5 0.9 0.8
000255,0.4 14 0.0 0.0 0.8 0.8
000258,0.5 14 0.6 0.1 1.0 1.0 0.7 14 0.7 0.1 1.0 0.7 0.8 14 0.6 0.1 1.0 0.7
000260,0.3 6 0.7 0.4 0.9 0.4 0.3 14 0.0 0.4 0.1 0.5 0.4 14 0.1 0.4 0.1 0.5
000261,0.5 6 0.6 0.1 0.7 0.2
000264,0.6 14 0.2 0.1 0.6 1.0 0.3 14 0.1 0.1 0.6 1.0 0.9 14 0.0 0.1 0.6 1.0
000265,0.7 14 0.2 0.5 0.5 0.7 0.8 14 0.2 0.4 0.4 0.7 0.6 14 0.3 0.5 0.4 0.6 0.9 14 0.5 0.0 0.7 0.3 0.4 14 0.2 0.5 0.4 0.6 0.8 14 0.2 0.3 0.3 0.5 1.0 14 0.0 0.4 0.3 0.6 0.8 14 0.2 0.4 0.3 0.5 0.5 14 0.3 0.5 0.4 0.6 0.3 14 0.5 0.1 0.7 0.5
000267,0.4 14 0.2 0.2 0.7 1.0
000271,0.4 6 0.8 0.4 1.0 0.5 0.8 14 0.8 0.5 0.8 0.5 0.8 14 0.1 0.4 0.1 0.5 0.8 14 0.7 0.4 0.7 0.5 0.9 6 0.8 0.4 1.0 0.5
000272,0.9 14 0.1 0.1 0.6 1.0
000273,0.0 0 0.0 0.0 1.0 1.0
000274,0.7 14 0.4 0.4 0.5 0.5
000277,0.6 14 0.5 0.2 0.8 0.6 0.5 14 0.5 0.2 0.8 0.6 0.9 14 0.5 0.2 0.8 0.6 0.5 14 0.5 0.2 0.8 0.6
000279,0.7 14 0.4 0.5 0.5 1.0 0.8 14 0.1 0.5 0.4 1.0 0.7 14 0.5 0.5 0.7 1.0
000280,0.6 8 0.0 0.5 0.2 0.9 0.4 14 0.3 0.2 0.5 1.0 0.3 8 0.5 0.4 0.6 0.6 0.6 8 0.0 0.4 0.2 0.9 0.5 15 0.1 0.1 0.2 0.2 0.4 4 0.8 0.3 0.9 0.5 0.9 14 0.3 0.2 0.5 1.0 0.3 8 0.0 0.5 0.2 0.9 0.3 4 0.8 0.3 0.9 0.6 0.7 14 0.3 0.3 0.6 1.0 0.3 14 0.3 0.2 0.5 0.6 0.4 4 0.6 0.7 0.7 0.8 0.5 14 0.3 0.2 0.5 0.5 0.5 4 0.8 0.3 0.8 0.4 0.5 14 0.3 0.2 0.5 0.7
000281,0.0 0 0.0 0.0 1.0 1.0
000283,0.6 1 0.1 0.3 0.3 0.8 0.5 1 0.5 0.5 0.6 1.0 0.6 1 0.5 0.5 0.6 1.0 0.4 1 0.5 0.6 0.6 1.0 0.4 14 0.1 0.0 0.3 0.4 0.9 14 0.1 0.0 0.3 0.7 1.0 14 0.5 0.2 0.7 0.9 0.3 1 0.3 0.6 0.6 1.0 0.6 1 0.3 0.5 0.6 1.0
000284,0.7 6 0.9 0.2 1.0 0.3 0.9 6 0.8 0.2 1.0 0.4 0.8 6 0.4 0.2 0.9 0.8
000286,0.9 14 0.1 0.6 0.4 1.0 0.8 14 0.3 0.1 0.9 1.0
000287,0.3 6 0.0 0.1 0.1 0.2 0.9 14 0.0 0.0 0.5 1.0 0.9 14 0.7 0.2 0.9 0.4 0.3 14 0.7 0.2 0.9 1.0
000290,0.0 0 0.0 0.0 1.0 1.0
000291,0.7 14 0.5 0.2 0.5 0.2 0.6 14 0.0 0.0 0.3 0.2
000292,0.5 14 0.4 0.2 0.6 0.4 0.4 14 0.5 0.1 0.8 0.7 0.7 14 0.1 0.3 0.5 0.7 0.5 14 0.1 0.2 0.4 0.7 0.3 14 0.1 0.3 0.6 1.0 0.4 14 0.1 0.0 0.5 0.7 0.4 14 0.1 0.2 0.5 0.7 0.4 14 0.4 0.2 0.8 0.7 0.4 14 0.3 0.2 0.6 0.6 0.5 14 0.0 0.2 0.3 0.7 0.4 14 0.1 0.2 0.6 0.7 0.3 14 0.1 0.2 0.3 0.7 0.5 14 0.5 0.2 0.7 0.7 0.4 14 0.5 0.3 0.7 0.7
000293,0.6 6 0.2 0.2 0.8 0.5 0.6 6 0.3 0.2 0.5 0.2 0.7 6 0.0 0.2 0.8 0.7 0.9 14 0.3 0.1 0.4 0.2 0.6 6 0.2 0.0 0.4 0.2 0.8 6 0.1 0.1 0.2 0.2 1.0 14 0.0 0.0 0.1 0.3 0.3 6 0.0 0.1 0.8 0.7 0.3 6 0.1 0.1 0.2 0.2 0.9 14 0.8 0.1 0.9 0.2
000295,0.0 0 0.0 0.0 1.0 1.0
000297,0.7 14 0.1 0.2 0.3 0.6 1.0 14 0.3 0.2 0.5 0.5
000299,0.3 8 0.5 0.4 0.8 0.5 1.0 14 0.3 0.2 0.5 0.6 0.5 8 0.4 0.5 0.6 0.7 0.5 8 0.4 0.5 0.6 0.7
000300,0.8 6 0.1 0.5 0.6 0.8 0.5 6 0.0 0.3 0.6 0.8
000301,0.4 6 0.0 0.6 0.7 1.0 0.8 6 0.0 0.7 0.1 0.7 0.5 6 0.1 0.6 0.2 0.7 0.9 6 0.0 0.6 0.7 1.0 0.8 6 0.0 0.6 0.1 0.7
000309,0.0 0 0.0 0.0 1.0 1.0
000310,0.5 14 0.3 0.2 0.6 0.8 0.3 14 0.8 0.2 0.8 0.3 0.8 14 0.2 0.3 0.2 0.4 0.9 14 0.2 0.3 0.2 0.4 0.9 14 0.3 0.2 0.5 0.8 0.6 14 0.5 0.2 0.6 0.6 0.9 14 0.1 0.3 0.2 0.5 0.7 14 0.1 0.3 0.2 0.5 0.9 14 0.5 0.2 0.6 0.7
000313,0.9 6 0.8 0.4 0.9 0.5 0.4 6 0.6 0.4 0.7 0.5 0.9 6 0.6 0.4 0.7 0.5 0.9 6 0.1 0.4 0.2 0.5 0.3 6 0.0 0.4 0.1 0.5 0.8 6 0.2 0.4 0.4 0.5 0.5 6 0.1 0.4 0.2 0.5 0.9 6 0.5 0.4 0.6 0.5 0.9 6 0.4 0.4 0.5 0.5 0.9 6 0.0 0.4 0.1 0.5
000314,0.7 8 0.4 0.4 0.6 0.7 0.3 8 0.6 0.5 0.9 0.7 0.7 14 0.7 0.4 0.7 0.5 0.3 8 0.6 0.5 0.9 0.7 0.4 8 0.4 0.5 0.6 0.7 0.4 8 0.4 0.4 0.6 0.6 0.5 8 0.0 0.5 0.1 0.6 0.3 8 0.4 0.3 0.5 0.5 0.3 8 0.5 0.3 0.6 0.5 0.3 8 0.4 0.3 0.5 0.5 0.5 8 0.4 0.4 0.6 0.7 0.4 8 0.6 0.3 0.6 0.5 0.4 8 0.6 0.4 0.8 0.5
000315,0.3 14 0.3 0.3 0.5 0.5 0.6 14 0.3 0.3 0.6 1.0 0.6 14 0.5 0.2 0.7 0.9 0.4 14 0.4 0.2 0.7 1.0 0.6 14 0.1 0.3 0.5 1.0 0.6 14 0.3 0.4 0.6 1.0 0.3 14 0.3 0.3 0.5 1.0 0.7 14 0.1 0.3 0.6 1.0 0.4 14 0.5 0.2 0.7 0.9 0.9 14 0.0 0.3 0.2 1.0 0.4 14 0.5 0.4 0.7 1.0 0.5 14 0.5 0.2 0.8 1.0 0.3 14 0.0 0.3 0.2 0.8 0.4 14 0.3 0.3 0.5 1.0 0.3 14 0.4 0.2 0.7 1.0 0.7 14 0.4 0.2 0.7 1.0
000316,0.0 0 0.0 0.0 1.0 1.0
000319,0.9 14 0.3 0.1 0.5 0.5
000324,0.0 0 0.0 0.0 1.0 1.0
000326,0.9 14 0.8 0.5 0.9 0.7 0.4 14 0.0 0.0 0.9 0.8 0.4 14 0.3 0.2 0.5 0.5
000327,0.3 4 0.5 0.1 0.6 0.3 0.8 4 0.5 0.1 0.6 0.3
000330,0.6 14 0.4 0.1 0.6 0.4 0.8 6 0.7 0.6 0.8 0.7 0.6 14 0.2 0.1 0.7 0.5 0.4 6 0.7 0.5 0.8 0.6 0.5 6 0.5 0.6 0.6 0.7 0.4 6 0.3 0.5 0.4 0.6 0.6 6 0.5 0.5 0.6 0.6 0.8 14 0.3 0.1 0.7 0.5 0.5 6 0.7 0.6 0.8 0.7 0.4 6 0.5 0.5 0.6 0.6
000333,0.0 0 0.0 0.0 1.0 1.0
000335,0.4 14 0.0 0.5 0.7 1.0
000339,0.9 14 0.4 0.4 0.6 0.7 0.4 14 0.7 0.4 1.0 1.0 0.5 14 0.6 0.4 0.9 1.0 0.6 14 0.6 0.3 0.9 0.7 0.4 14 0.6 0.2 0.8 0.7 0.4 14 0.6 0.4 0.8 0.7 0.9 14 0.8 0.4 0.9 0.8 0.8 14 0.0 0.2 0.3 0.7 0.3 14 0.0 0.2 0.2 0.7 0.4 14 0.3 0.5 0.4 0.6 0.5 14 0.6 0.2 0.8 0.6 0.7 14 0.0 0.2 0.4 0.8 0.4 14 0.4 0.4 0.6 0.7 0.7 14 0.0 0.2 0.3 1.0 0.8 14 0.6 0.3 0.9 0.7 0.9 14 0.6 0.2 0.8 0.7 0.3 14 0.6 0.2 0.8 0.5
000341,0.6 6 0.0 0.5 0.2 0.8 0.6 6 0.4 0.3 0.6 0.5 0.4 14 0.8 0.4 0.9 0.4 0.9 6 0.8 0.4 1.0 0.7 0.9 14 0.8 0.4 0.9 0.4 0.3 14 0.8 0.3 0.8 0.4 0.4 6 0.4 0.3 0.6 0.5 0.9 6 0.1 0.3 0.4 0.5 0.8 6 0.0 0.5 0.2 0.8 0.9 14 0.8 0.3 0.8 0.4 0.5 6 0.6 0.2 0.8 0.5
000342,0.9 14 0.2 0.2 0.5 0.6 0.7 14 0.3 0.3 0.5 0.6
000345,0.0 0 0.0 0.0 1.0 1.0
000346,0.4 14 0.4 0.1 0.9 0.7 0.4 14 0.4 0.1 0.8 0.7 0.7 14 0.4 0.1 0.9 0.7 0.7 14 0.4 0.1 0.9 1.0
000348,0.6 15 0.4 0.2 0.4 0.3 0.9 14 0.4 0.2 0.6 0.6 0.9 14 0.6 0.3 0.7 0.4 0.4 6 0.1 0.4 0.2 0.5 0.6 6 0.1 0.4 0.2 0.5 0.8 14 0.4 0.2 0.6 0.6 0.4 6 0.2 0.3 0.8 0.6 0.6 14 0.5 0.2 0.7 0.6 0.4 15 0.4 0.2 0.4 0.3 0.8 14 0.5 0.2 0.7 0.6
000350,0.0 0 0.0 0.0 1.0 1.0
000351,0.4 6 0.5 0.2 0.6 0.2 0.5 6 0.0 0.1 0.7 0.5 0.3 6 0.2 0.1 0.7 0.5 0.6 6 0.0 0.2 0.2 0.4 0.6 6 0.0 0.1 1.0 0.5 0.5 6 0.6 0.2 1.0 0.4 0.5 6 0.2 0.2 0.7 0.5
000353,0.0 0 0.0 0.0 1.0 1.0
000356,0.3 14 0.3 0.2 0.4 0.5 0.7 14 0.2 0.3 0.5 1.0 0.4 14 0.0 0.3 0.1 0.4 0.4 14 0.2 0.3 0.4 0.7 0.3 14 0.3 0.3 0.4 0.6 0.6 14 0.2 0.2 0.5 0.8 0.6 14 0.3 0.3 0.4 0.4 0.6 14 0.2 0.3 0.5 0.7 0.8 14 0.1 0.4 0.2 0.5
000357,0.0 0 0.0 0.0 1.0 1.0
000358,0.3 6 0.1 0.2 0.6 0.5 1.0 14 0.0 0.1 0.2 0.5 0.8 6 0.0 0.1 0.6 0.5
000360,0.5 14 0.2 0.5 0.5 0.7
000361,0.9 6 0.4 0.4 0.5 0.5 0.5 6 0.8 0.2 0.9 0.3 0.4 6 0.8 0.2 0.9 0.3 0.4 6 0.4 0.4 0.5 0.5 0.9 6 0.8 0.2 0.9 0.3
000362,0.0 0 0.0 0.0 1.0 1.0
000364,0.3 13 0.1 0.3 0.8 0.6 0.3 13 0.1 0.1 0.8 0.6
000365,0.4 14 0.2 0.3 0.7 1.0 0.8 14 0.1 0.3 0.7 1.0
000366,0.3 19 0.2 0.1 0.5 0.4 0.4 8 0.5 0.5 0.6 0.8 0.4 19 0.2 0.1 0.5 0.4 0.7 8 0.4 0.5 0.6 0.8 0.6 8 0.5 0.5 0.6 0.7
000368,0.5 14 0.2 0.2 0.6 1.0 0.4 14 0.0 0.2 0.6 1.0 0.4 14 0.1 0.1 0.5 0.9 0.5 14 0.3 0.0 0.5 1.0 0.3 14 0.1 0.1 0.5 0.5 0.8 14 0.1 0.0 0.5 1.0
000369,0.9 14 0.3 0.2 0.5 0.5 0.3 14 0.2 0.2 0.3 0.3 0.3 14 0.2 0.2 0.3 0.5 0.8 14 0.0 0.2 0.2 0.5 0.4 14 0.0 0.2 0.2 0.4 0.3 14 0.6 0.2 0.9 0.5 0.3 14 0.3 0.2 0.5 0.4 0.7 14 0.3 0.2 0.5 0.4 0.4 14 0.0 0.2 0.2 0.6 0.7 14 0.2 0.2 0.5 0.5 0.8 14 0.6 0.2 0.9 0.5 0.3 14 0.2 0.2 0.5 0.5 0.6 14 0.0 0.2 0.3 0.7 0.5 14 0.3 0.2 0.6 0.5 0.8 14 0.2 0.2 0.3 0.5 0.4 14 0.0 0.2 0.3 0.7 0.5 14 0.0 0.2 0.2 0.4 0.5 14 0.0 0.2 0.0 0.3 0.9 14 0.0 0.2 0.2 0.7 0.8 14 0.2 0.2 0.3 0.4 0.9 14 0.7 0.2 0.9 0.6 0.6 4 0.3 0.4 0.4 0.7 0.4 4 0.6 0.4 0.6 0.5 0.5 14 0.7 0.2 0.9 0.4
000371,0.0 0 0.0 0.0 1.0 1.0
000375,0.5 14 0.4 0.3 0.5 0.3
000376,0.0 0 0.0 0.0 1.0 1.0
000377,0.5 14 0.5 0.2 0.6 0.4 0.8 14 0.3 0.2 0.5 0.4 0.4 14 0.2 0.2 0.2 0.3 0.4 8 0.7 0.5 0.9 0.7 0.9 14 0.6 0.2 0.7 0.5 0.9 14 0.2 0.3 0.4 0.5 0.6 14 0.3 0.2 0.5 0.5 1.0 14 0.5 0.2 0.6 0.5 0.9 14 0.7 0.1 0.9 0.4 0.3 14 0.5 0.2 0.7 0.6 0.9 14 0.4 0.3 0.6 0.5 1.0 14 0.2 0.1 0.3 0.4 0.3 14 0.2 0.1 0.4 0.5 1.0 14 0.1 0.1 0.2 0.5 0.4 14 0.2 0.2 0.3 0.4 0.9 14 0.7 0.1 0.9 0.6 0.4 14 0.3 0.2 0.5 0.4 0.3 14 0.5 0.2 0.7 0.7 0.7 14 0.6 0.2 0.7 0.4
000378,0.7 14 0.3 0.0 0.5 0.4 0.5 14 0.3 0.2 0.5 1.0 0.5 14 0.0 0.0 0.3 0.3 0.4 14 0.1 0.0 0.4 0.5 0.8 14 0.1 0.2 0.6 1.0 0.4 14 0.2 0.0 0.5 1.0 0.5 14 0.1 0.2 0.3 1.0 0.4 14 0.3 0.0 0.5 0.7 0.6 14 0.1 0.2 0.5 1.0
000383,0.0 0 0.0 0.0 1.0 1.0
000384,0.0 0 0.0 0.0 1.0 1.0
000385,0.4 8 0.7 0.3 0.9 0.7 0.5 8 0.3 0.4 0.5 0.7 0.6 15 0.1 0.2 0.2 0.3 0.6 15 0.5 0.3 0.6 0.4 0.3 15 0.2 0.2 0.2 0.3 0.4 8 0.7 0.3 0.9 0.7 0.4 8 0.7 0.3 0.9 0.7
000386,1.0 14 0.1 0.2 0.3 0.7
000388,0.8 14 0.3 0.0 0.6 1.0 0.5 14 0.4 0.0 0.6 0.5 0.6 14 0.0 0.2 0.6 1.0 0.3 14 0.2 0.0 0.6 1.0 0.5 14 0.3 0.0 0.6 0.7 0.9 14 0.0 0.2 0.3 1.0 0.4 14 0.3 0.0 0.6 0.9 0.3 14 0.4 0.8 0.7 1.0
000389,0.0 0 0.0 0.0 1.0 1.0
000390,0.8 6 0.0 0.1 0.8 0.7
000392,0.7 14 1.0 0.3 1.0 0.4 0.9 14 0.2 0.2 0.2 0.3 0.5 14 0.8 0.3 0.8 0.4 0.9 14 0.4 0.1 0.6 0.3 0.8 14 0.4 0.1 0.6 0.5 0.7 6 0.9 0.3 1.0 0.4 0.3 14 0.7 0.3 0.7 0.4 0.6 14 0.7 0.3 0.7 0.4
000393,0.9 14 0.5 0.1 0.6 0.4 0.7 14 0.5 0.1 0.6 0.6
000397,0.5 15 0.5 0.3 0.6 0.4 0.4 8 -0.0 0.5 0.3 0.9 0.3 8 0.5 0.5 0.7 0.7 0.4 14 0.6 0.4 0.7 0.7 0.6 14 0.0 0.4 0.1 0.4 0.3 19 0.3 0.4 0.4 0.5 0.4 19 0.3 0.4 0.4 0.5 0.4 8 0.0 0.5 0.3 0.8 0.4 8 0.0 0.5 0.3 0.9 0.7 15 0.1 0.3 0.1 0.4 0.4 8 0.0 0.5 0.3 0.9 0.6 14 0.6 0.4 0.7 0.6 0.4 8 0.5 0.5 0.6 0.7 0.3 15 0.6 0.5 0.6 0.5
000398,0.0 0 0.0 0.0 1.0 1.0
000399,0.0 0 0.0 0.0 1.0 1.0
000401,0.0 0 0.0 0.0 1.0 1.0
000402,0.3 6 0.9 0.3 0.9 0.4 0.9 6 0.0 0.3 0.8 0.7
000405,0.9 14 0.0 0.1 0.6 1.0
000409,0.5 14 0.0 0.2 0.7 1.0 0.4 14 0.0 0.0 0.7 1.0
000410,0.7 14 0.5 0.5 0.6 0.6 1.0 14 0.0 0.4 0.1 0.7 0.8 14 0.5 0.5 0.6 0.7
000412,0.0 0 0.0 0.0 1.0 1.0
000413,0.7 14 0.0 0.8 0.2 1.0 0.4 14 0.3 0.8 0.4 1.0 0.3 14 0.1 0.8 0.2 0.9 0.4 14 0.7 0.8 0.9 1.0 0.9 14 0.0 0.8 0.1 1.0 0.4 14 0.8 0.8 0.9 1.0 0.8 14 0.3 0.8 0.4 1.0 0.8 14 0.2 0.8 0.3 1.0 0.4 14 0.2 0.8 0.4 1.0 0.5 14 0.3 0.0 0.6 1.0 0.5 14 0.4 0.6 0.7 1.0 0.3 14 0.2 0.8 0.4 1.0 0.9 14 0.3 0.4 0.4 0.8 0.9 14 0.1 0.8 0.2 1.0 0.5 14 0.1 0.8 0.3 1.0 0.3 14 0.3 0.4 0.4 0.6 0.6 14 0.5 0.2 0.9 1.0 0.5 14 0.0 0.8 0.2 1.0 0.4 14 0.3 0.4 0.4 0.6 0.8 14 0.3 0.4 0.4 0.9 0.4 14 0.1 0.8 0.2 0.9 0.3 14 0.4 0.1 0.7 1.0 0.4 14 0.4 0.1 0.9 1.0 0.3 14 0.5 0.6 0.7 1.0 0.7 14 0.5 0.2 0.6 0.4
000414,1.0 14 0.2 0.2 0.4 0.5
000415,0.8 6 0.0 0.3 0.9 0.8
000418,0.6 14 0.1 0.7 0.1 0.7
000421,0.3 19 0.0 0.1 0.3 0.6 0.5 6 0.5 0.6 0.6 0.6 0.3 14 0.3 0.0 0.9 1.0 0.9 14 0.5 0.0 0.9 1.0
000422,0.5 14 0.3 0.0 0.7 1.0 0.5 14 0.0 0.0 0.5 0.8 0.8 14 0.1 0.0 0.7 1.0
000423,0.9 14 0.6 0.3 0.8 0.8 0.3 8 0.4 0.4 0.5 0.6 0.6 14 0.8 0.1 0.9 0.5 0.3 8 0.5 0.4 0.6 0.6 1.0 14 0.1 0.2 0.2 0.7 0.3 14 0.6 0.3 0.9 0.8 0.7 14 0.8 0.1 0.9 0.6 0.7 14 0.5 0.3 0.9 0.9 0.9 14 0.6 0.3 0.9 0.9
000425,0.5 6 0.0 0.0 1.0 1.0
000426,0.4 14 0.2 0.3 0.4 0.7 0.3 14 -0.0 0.2 0.6 1.0 0.5 14 0.3 0.3 0.4 0.4 0.5 14 0.0 0.2 0.4 0.8 0.5 14 0.0 0.0 0.7 1.0
000429,0.7 14 0.0 0.7 0.2 1.0 0.6 15 0.1 0.7 0.2 0.8 0.4 14 0.0 0.7 0.1 1.0 0.4 14 0.0 0.7 0.1 1.0 0.4 15 0.8 0.5 0.9 0.7 0.3 15 0.1 0.7 0.1 0.8 0.3 15 0.1 0.7 0.2 0.8 0.4 15 0.1 0.7 0.1 0.8 0.8 15 0.1 0.7 0.2 0.8 0.5 14 0.0 0.7 0.1 1.0
000432,0.0 0 0.0 0.0 1.0 1.0
000434,0.4 14 0.3 0.1 0.5 0.5 0.3 14 0.1 0.1 0.5 0.6 0.8 14 0.2 0.1 0.5 0.6 0.5 14 0.2 0.1 0.5 0.5 0.4 14 0.2 0.1 0.5 0.9 0.3 14 0.2 0.1 0.7 0.9 0.4 14 0.3 0.1 0.4 0.3
000436,0.4 14 0.3 0.3 0.6 0.7 0.6 14 0.5 0.5 0.5 0.6 0.5 14 0.5 0.4 0.7 0.7 0.8 14 0.2 0.2 0.2 0.3 0.3 14 0.5 0.5 0.6 0.7 0.7 14 0.1 0.3 0.6 0.7 0.4 14 0.5 0.4 0.8 0.8 0.6 14 0.5 0.5 0.7 0.7
000437,0.9 14 0.2 0.4 0.2 0.6 1.0 14 0.6 0.3 0.7 0.6
000440,0.6 6 0.1 0.3 0.9 0.9
000441,0.0 0 0.0 0.0 1.0 1.0
000442,0.4 14 0.0 0.0 0.8 1.0
000444,0.6 14 0.3 0.5 0.4 0.6
000445,0.4 14 0.5 0.1 0.5 0.3 0.9 14 0.3 0.1 0.4 0.3 0.9 14 0.0 0.1 0.2 0.5 0.4 14 0.1 0.1 0.2 0.3 0.6 14 0.8 0.2 0.8 0.3 0.7 14 0.7 0.2 0.8 0.4 0.3 14 0.4 0.1 0.5 0.2 0.4 14 0.4 0.1 0.5 0.3 0.4 14 0.7 0.2 0.8 0.3 0.5 14 0.7 0.2 0.9 0.4 0.6 14 0.0 0.2 0.1 0.6 0.4 14 0.7 0.2 0.8 0.4 0.6 14 0.3 0.1 0.4 0.5 0.9 14 0.4 0.1 0.5 0.5 0.4 14 0.2 0.1 0.4 0.3 0.7 14 0.0 0.1 0.4 0.5 0.6 14 0.1 0.1 0.3 0.3 0.6 14 0.2 0.1 0.3 0.3 0.7 14 0.7 0.2 0.9 0.5 0.3 14 0.2 0.1 0.3 0.3 0.6 14 0.6 0.2 0.9 0.5 0.4 14 0.5 0.1 0.7 0.5 0.4 14 0.5 0.2 0.6 0.4 0.8 14 0.7 0.2 0.8 0.3
000447,0.8 14 0.3 0.1 0.5 0.4 0.6 14 0.3 0.1 0.6 0.4 0.7 14 0.3 0.1 0.6 0.4
000449,0.9 14 0.4 0.2 0.5 0.4 1.0 14 0.2 0.2 0.3 0.4 1.0 14 0.7 0.1 0.8 0.3 0.8 14 0.5 0.3 0.6 0.4 0.4 14 0.4 0.2 0.5 0.4
000451,0.0 0 0.0 0.0 1.0 1.0
000452,0.0 0 0.0 0.0 1.0 1.0
000453,0.7 14 0.5 0.3 0.6 0.3 0.8 6 0.0 0.2 1.0 0.6
000455,0.9 14 0.3 0.1 0.6 0.6
000456,0.3 6 0.2 0.1 0.8 0.5
000457,0.4 14 0.1 0.2 0.5 1.0 0.3 14 0.0 0.2 0.6 1.0 0.9 14 0.0 0.2 0.5 1.0 0.4 14 0.0 0.2 0.7 1.0
000458,0.8 14 0.0 0.0 0.3 0.4 0.3 14 0.4 0.3 0.4 0.4 0.4 14 0.0 0.1 0.1 0.4 0.8 14 0.0 -0.0 0.2 0.4 0.5 14 0.0 0.1 0.2 0.4 0.3 14 0.0 0.1 0.1 0.4 0.5 14 0.4 0.1 0.7 0.6
000465,0.8 6 0.0 0.2 0.9 0.6
000466,0.0 0 0.0 0.0 1.0 1.0
000467,0.6 14 0.4 0.2 0.6 0.4 0.3 6 1.0 0.3 1.0 0.3 0.5 14 0.6 0.2 0.7 0.3 0.5 14 0.8 0.2 0.9 0.4 0.4 1 0.6 0.3 0.7 0.4 0.3 14 0.8 0.1 0.9 0.3 0.9 14 0.2 0.2 0.4 0.5 0.9 14 0.6 0.2 0.7 0.4 0.9 14 0.8 0.1 0.9 0.3
000471,0.3 6 0.1 0.1 0.8 0.8
000472,0.0 0 0.0 0.0 1.0 1.0
000473,0.0 0 0.0 0.0 1.0 1.0
000475,0.3 14 0.0 0.2 0.0 0.3
000478,0.4 14 0.6 0.2 0.9 0.5 0.4 14 0.6 0.3 0.8 0.5 0.5 14 0.7 0.2 0.9 0.4 0.3 14 0.6 0.2 0.9 0.5 0.4 14 0.5 0.2 0.9 0.5 0.7 14 0.5 0.3 0.8 0.5 0.6 14 0.7 0.2 0.9 0.5 0.5 14 0.6 0.3 0.8 0.5 0.4 14 0.6 0.3 0.8 0.5
000479,0.8 14 0.1 0.0 0.7 1.0
000481,0.0 0 0.0 0.0 1.0 1.0
000485,0.4 14 0.7 0.4 0.8 0.5 0.4 14 0.0 0.3 0.8 0.8 0.4 14 0.2 0.3 0.4 0.5 0.4 14 0.0 0.2 0.6 1.0 0.8 14 0.0 0.2 0.9 1.0
000487,0.5 8 0.0 0.7 0.3 1.0 0.5 8 0.6 0.7 0.9 1.0 0.8 15 0.3 0.5 0.3 0.6 0.3 8 0.0 0.7 0.3 1.0 0.4 15 0.3 0.5 0.3 0.6 0.3 8 0.6 0.7 0.9 1.0
000488,0.8 6 0.1 0.3 0.8 0.9
000490,0.7 14 0.3 0.2 0.5 1.0 0.5 14 0.0 0.7 0.2 0.9 0.5 14 0.6 0.6 0.7 0.8 0.8 14 0.6 0.6 0.8 0.9 0.9 14 0.2 0.2 0.4 0.9 0.4 14 0.3 0.2 0.5 0.8 0.4 14 0.2 0.2 0.5 0.9 0.8 14 0.2 0.2 0.4 0.8 0.7 14 0.3 0.2 0.5 0.8 0.3 14 0.2 0.2 0.4 0.7 0.7 14 0.6 0.4 0.9 0.9 0.6 14 0.7 0.4 0.9 0.7 0.5 14 0.6 0.6 0.7 0.9 0.7 14 0.2 0.4 1.0 1.0
000493,0.7 14 0.3 0.2 0.6 1.0 0.6 14 0.6 0.3 0.8 1.0 0.7 14 0.7 0.1 0.9 1.0 0.7 14 0.6 0.3 0.9 1.0 0.4 14 0.6 0.1 0.8 0.4 0.8 14 0.6 0.1 0.8 1.0 0.3 14 0.7 0.1 0.8 0.4 0.4 14 0.7 0.1 0.9 0.7 0.3 14 0.6 0.1 0.7 0.5 0.9 14 0.3 0.2 0.4 1.0 0.4 14 0.7 0.1 0.9 0.7 0.5 14 0.7 0.1 0.9 0.4 0.6 14 0.4 0.2 0.6 0.8 0.8 14 0.0 0.2 0.3 1.0 0.8 14 0.0 0.2 0.3 1.0 0.7 14 0.6 0.1 0.9 1.0 0.8 14 0.4 0.2 0.6 1.0 0.4 14 0.4 0.1 0.8 1.0 0.5 14 0.7 0.1 0.9 0.7 0.4 14 0.6 0.1 0.7 0.4 0.5 14 0.6 0.1 0.7 0.4
000495,0.0 0 0.0 0.0 1.0 1.0
000497,0.8 14 0.4 0.4 0.5 0.5 0.9 14 0.6 0.4 0.6 0.6 0.9 6 0.5 0.6 0.7 0.7 0.4 6 0.0 0.4 0.6 0.9 0.3 6 0.0 0.3 0.1 0.4 0.9 14 0.5 0.5 0.6 0.6 0.7 14 0.4 0.4 0.5 0.7 0.9 14 0.2 0.3 0.4 0.9
000502,0.4 14 0.2 0.0 0.7 1.0 0.6 14 0.0 0.0 0.7 1.0 0.5 14 0.0 0.0 0.8 1.0 0.3 14 0.2 0.0 0.6 1.0
000504,0.8 14 0.1 0.1 0.1 0.4 0.9 14 0.0 0.1 0.1 0.4
000505,0.4 6 0.4 0.1 0.8 0.5 0.8 6 0.3 0.4 0.8 0.7
000506,0.6 14 0.0 0.5 0.2 1.0 0.4 14 0.6 0.7 0.7 1.0 0.7 14 0.0 0.5 0.2 1.0 0.3 14 0.6 0.7 0.7 1.0 0.7 14 0.5 0.5 0.7 1.0 0.5 14 0.0 0.3 0.1 0.8 0.3 14 0.1 0.0 0.6 0.7 0.3 14 0.0 0.6 0.2 0.8 0.3 14 0.0 0.4 0.3 1.0 0.4 14 0.0 0.5 0.2 0.8 0.5 14 0.1 0.0 0.4 0.6 0.6 14 0.0 0.0 0.6 1.0 0.4 14 0.0 0.3 0.2 1.0 0.7 14 0.1 0.0 0.6 1.0 0.7 14 0.5 0.5 0.7 1.0
000507,0.9 14 0.5 0.3 0.5 0.4 0.8 14 0.0 0.3 0.1 0.4 0.3 14 0.7 0.4 0.9 0.6 0.6 14 0.2 0.3 0.3 0.5 0.9 14 0.0 0.4 0.0 0.6 0.4 14 0.7 0.4 0.9 0.6 0.8 14 0.1 0.2 0.2 0.5 0.8 14 0.7 0.4 0.7 0.5 0.3 14 0.7 0.4 0.9 0.5 1.0 14 0.5 0.2 0.6 0.4 0.4 14 0.0 0.3 0.1 0.5 1.0 14 0.3 0.1 0.5 0.4 0.6 14 0.7 0.3 0.8 0.5 1.0 14 0.2 0.3 0.3 0.4 1.0 14 0.1 0.3 0.2 0.5 0.9 14 0.1 0.2 0.2 0.4 1.0 14 0.0 0.3 0.1 0.6 0.5 6 0.0 0.3 0.9 0.8 0.6 14 0.0 0.3 0.1 0.5 0.8 14 0.0 0.3 0.1 0.4 0.8 14 0.3 0.3 0.3 0.4 1.0 14 0.5 0.4 0.7 0.6
000510,0.5 8 0.4 0.5 0.5 0.7 0.5 8 0.2 0.5 0.3 0.6 0.7 8 0.5 0.5 0.7 0.8 0.7 8 0.3 0.5 0.4 0.8 0.4 15 0.3 0.5 0.4 0.5 0.4 14 0.3 0.3 0.6 0.7 0.3 8 0.5 0.5 0.6 0.7 0.4 8 0.2 0.5 0.3 0.7 0.7 8 0.1 0.5 0.3 0.8 0.4 8 0.5 0.5 0.6 0.6 0.5 14 0.4 0.3 0.6 0.5 0.5 8 0.1 0.5 0.3 0.8 0.3 8 0.2 0.5 0.3 0.6 0.4 8 0.1 0.5 0.2 0.7 0.5 8 0.3 0.5 0.5 0.8 0.3 8 0.4 0.5 0.7 0.8 0.6 8 0.5 0.5 0.7 0.8 0.6 14 0.5 0.4 0.6 0.5
000511,0.0 0 0.0 0.0 1.0 1.0
000512,0.0 0 0.0 0.0 1.0 1.0
000517,0.8 14 0.3 0.1 0.6 0.4 0.9 14 0.3 0.2 0.6 0.8 0.5 14 0.3 0.2 0.6 1.0 0.3 14 0.3 0.1 0.6 0.6 0.3 14 0.3 0.1 0.6 0.8 0.6 14 0.0 0.2 0.6 1.0 0.3 14 0.3 0.3 0.6 0.8 0.4 14 0.3 0.2 0.6 0.8
000521,0.0 0 0.0 0.0 1.0 1.0
000527,0.9 14 0.5 0.4 0.6 0.5 0.9 14 0.3 0.4 0.4 0.5 0.9 14 0.4 0.4 0.5 0.7 0.5 1 0.6 0.5 0.7 0.7 0.9 14 0.1 0.2 0.1 0.4 0.3 1 0.6 0.4 0.7 0.7 0.5 14 0.6 0.4 0.7 0.6 0.3 1 0.2 0.5 0.5 0.8 0.9 14 0.2 0.3 0.2 0.4 0.7 1 0.2 0.5 0.5 0.8 0.6 14 0.7 0.4 0.7 0.5 0.7 1 0.6 0.4 0.7 0.7 0.6 1 0.2 0.5 0.5 0.8 0.7 14 0.4 0.4 0.5 0.7 1.0 14 0.3 0.4 0.4 0.7 0.3 14 0.2 0.3 0.3 0.4 0.7 14 0.6 0.4 0.7 0.6 0.4 14 0.3 0.4 0.4 0.4 0.8 14 0.2 0.3 0.2 0.4 0.6 14 0.6 0.3 0.7 0.6 0.4 1 0.6 0.3 0.7 0.7 0.6 14 0.6 0.4 0.6 0.5 0.4 1 0.2 0.4 0.7 0.8 0.7 14 0.6 0.4 0.6 0.5
000529,0.0 0 0.0 0.0 1.0 1.0
000532,0.3 14 0.5 0.5 0.7 0.9
000533,0.9 14 0.7 0.2 0.8 0.4 0.3 14 0.2 0.2 0.3 0.4 0.4 14 0.2 0.2 0.3 0.4 0.4 14 -0.0 0.0 0.3 1.0 0.6 14 0.0 0.2 0.3 0.5
000534,0.5 14 0.5 0.4 0.6 0.6 0.4 14 0.0 0.0 0.4 0.8 0.9 14 0.0 0.3 0.5 1.0 0.4 14 0.4 0.5 0.6 1.0 0.4 14 0.0 0.3 0.4 0.8 0.5 14 0.0 0.0 0.5 1.0 0.5 14 0.4 0.4 0.6 0.8 0.4 14 0.4 0.4 0.6 1.0
000536,0.8 14 0.7 0.5 0.8 1.0 0.4 6 0.0 0.2 0.8 0.9 0.9 14 0.8 0.5 0.8 0.7
000538,0.6 6 0.8 0.6 0.9 0.7 0.8 6 0.8 0.5 0.9 0.7 0.7 6 0.8 0.6 0.9 0.7 0.4 6 0.8 0.5 0.9 0.6 0.9 14 0.1 0.4 0.2 0.6 0.7 14 0.0 0.4 0.1 0.6 0.9 14 0.0 0.4 0.1 0.8 0.9 14 0.1 0.4 0.2 0.8 0.4 14 0.0 0.4 0.2 0.8 0.4 6 0.8 0.6 0.9 0.7
000539,0.4 14 0.2 0.6 0.4 1.0 0.3 14 0.0 0.3 0.4 0.8 0.9 14 0.0 0.3 0.4 1.0 0.4 14 0.0 0.3 0.3 0.8
000542,0.5 14 0.0 0.1 0.9 0.7
000546,0.5 14 0.6 0.5 0.8 0.7 0.5 14 0.7 0.4 0.9 0.7 0.6 14 0.5 0.1 0.8 0.6 0.7 14 0.6 0.4 0.9 0.7 0.9 14 0.5 0.1 0.9 0.7 0.7 14 0.6 0.5 0.7 0.7 0.3 14 0.5 0.1 0.8 0.5
000547,0.3 8 0.0 0.7 0.1 1.0 0.8 14 0.0 0.7 0.1 0.9 0.6 14 0.1 0.1 0.2 0.2 0.4 8 0.3 0.5 0.4 0.7 0.5 8 0.3 0.7 0.5 0.9 0.9 14 0.2 0.3 0.2 0.5 0.5 8 0.3 0.5 0.4 0.7 0.6 15 0.5 0.2 0.6 0.4 0.6 8 0.3 0.7 0.5 1.0 0.4 8 0.4 0.6 0.5 1.0 0.3 8 0.3 0.5 0.4 0.7 0.5 8 0.3 0.8 0.5 1.0 0.9 14 0.3 0.3 0.3 0.5 0.5 14 0.1 0.7 0.1 0.8 0.7 14 0.1 0.6 0.1 0.9 0.9 14 0.4 0.4 0.4 0.5 0.4 8 0.3 0.7 0.4 1.0 0.6 14 0.0 0.6 0.1 0.9 0.9 14 0.1 0.6 0.1 0.8 0.8 14 0.0 0.8 0.1 0.9 0.6 14 0.3 0.4 0.4 0.6 0.9 14 0.4 0.5 0.5 0.6 0.4 8 0.3 0.5 0.5 1.0 0.3 15 0.5 0.3 0.6 0.4 0.3 8 0.3 0.7 0.5 1.0
000548,0.8 6 0.0 0.4 0.8 0.6
000551,0.4 14 0.0 0.0 0.5 0.7 0.8 14 0.0 0.0 0.9 0.7
000553,0.7 14 0.5 0.3 0.7 0.6 0.3 13 0.1 0.1 0.7 0.7
000556,0.5 14 0.5 0.3 0.6 0.3
000557,0.0 0 0.0 0.0 1.0 1.0
000558,0.0 0 0.0 0.0 1.0 1.0
000560,0.0 0 0.0 0.0 1.0 1.0
000561,0.4 14 0.1 0.5 0.5 1.0
000562,0.5 14 0.3 0.3 0.4 0.4 0.9 14 0.3 0.3 0.4 0.6
000566,0.9 14 0.0 0.1 0.5 0.8 0.6 14 0.0 0.1 0.5 1.0
000567,0.0 0 0.0 0.0 1.0 1.0
000568,0.0 0 0.0 0.0 1.0 1.0
000569,0.0 0 0.0 0.0 1.0 1.0
000570,1.0 14 0.5 0.1 0.7 0.5
000571,0.7 6 0.2 0.2 0.3 0.2
000572,0.0 0 0.0 0.0 1.0 1.0
000573,0.0 0 0.0 0.0 1.0 1.0
000574,0.0 0 0.0 0.0 1.0 1.0
000575,0.5 15 0.0 0.0 0.2 0.2 0.3 15 0.5 0.1 0.6 0.3 0.7 15 0.4 0.0 0.6 0.3
000576,0.0 0 0.0 0.0 1.0 1.0
000578,0.3 14 0.6 0.4 0.7 0.8 0.6 14 0.1 0.0 0.5 0.7 0.7 14 0.1 0.0 0.5 0.8 0.4 14 0.2 0.0 0.5 0.7 0.7 14 0.0 0.0 0.5 0.8
000580,0.4 6 0.5 0.3 0.7 0.4 0.9 6 0.5 0.3 0.7 0.4
000584,0.0 0 0.0 0.0 1.0 1.0
000585,0.6 6 0.3 0.0 0.4 0.1 0.8 6 0.0 0.0 0.3 0.2 0.7 14 0.9 0.0 1.0 0.1 0.8 6 0.0 0.0 1.0 0.7 0.7 14 0.4 0.4 0.6 0.7
000586,0.8 6 0.3 0.7 0.5 0.9 0.9 14 0.2 0.7 0.2 0.9
000587,0.5 14 0.5 0.2 0.6 0.4 0.3 14 0.4 0.3 0.5 0.4 0.4 14 0.1 0.3 0.4 0.6 0.7 14 0.3 0.3 0.5 0.5 0.5 14 0.0 0.4 0.4 0.8 1.0 14 0.4 0.3 0.6 0.5 0.9 14 0.0 0.3 0.4 0.7 0.4 14 0.2 0.3 0.4 0.5 0.5 14 0.3 0.3 0.4 0.6 0.4 14 0.3 0.3 0.5 0.5 0.4 14 0.2 0.3 0.4 0.6 0.9 14 0.5 0.2 0.8 0.5
000593,0.8 6 0.1 0.1 0.7 0.5 0.4 6 0.0 0.2 0.1 0.6 0.3 6 0.1 0.1 0.8 0.5 0.7 6 0.5 0.1 0.9 0.5 0.9 6 0.0 0.2 0.1 0.3 0.4 6 0.1 0.1 0.8 0.5
000594,0.5 14 0.4 0.2 0.8 0.7 0.4 14 0.4 0.3 0.7 0.7 0.3 14 0.3 0.1 0.8 1.0 0.5 14 0.4 0.5 0.7 0.7
000595,0.3 8 0.3 0.4 0.6 0.7 0.4 8 0.3 0.4 0.5 0.7 0.4 8 0.2 0.4 0.4 0.6
000596,0.0 0 0.0 0.0 1.0 1.0
000600,0.3 14 0.0 0.0 0.4 0.6 0.7 14 0.1 0.4 0.4 0.7 0.8 14 0.0 0.4 0.4 0.7 0.6 14 0.0 0.4 0.3 0.7 0.5 14 0.4 0.4 0.6 0.7 0.5 14 0.6 0.0 1.0 0.7
000602,0.3 14 0.6 0.2 0.9 0.7 0.8 14 0.9 0.5 1.0 0.7 0.7 14 0.3 0.2 0.7 0.7 0.8 14 0.6 0.2 0.9 0.7 0.8 14 0.5 0.2 0.9 0.7 0.3 14 0.5 0.6 0.6 0.7 0.6 14 0.5 0.2 1.0 0.7
000603,0.0 0 0.0 0.0 1.0 1.0
000604,0.7 14 0.2 0.3 0.4 0.8 0.4 14 0.3 0.3 0.4 0.6 0.7 14 0.2 0.3 0.5 0.9 0.3 14 0.3 0.3 0.4 0.7
000606,0.8 14 0.3 0.1 0.4 0.4 0.9 14 0.3 0.2 0.5 0.4 0.7 4 0.7 0.4 0.8 0.5 0.8 14 0.6 0.1 0.8 0.5 0.8 14 0.0 0.2 0.4 0.7 0.8 14 0.0 0.2 0.3 0.7 0.8 14 0.3 0.1 0.4 0.2 0.9 14 0.6 0.1 0.8 0.5
000607,0.9 14 0.5 0.2 0.5 0.3 1.0 14 0.4 0.2 0.5 0.6 0.9 14 0.2 0.1 0.3 0.3 0.9 14 0.2 0.1 0.2 0.3 0.6 6 0.0 0.2 0.9 0.6
000611,0.6 4 0.2 0.1 0.4 0.6 0.3 14 0.1 0.0 1.0 0.7
000614,0.4 1 0.2 0.3 0.7 0.8
000615,0.4 14 0.0 0.1 0.3 0.5 0.4 14 0.4 0.1 0.7 1.0 0.9 14 0.0 0.1 0.3 0.8 0.4 14 0.6 0.1 0.8 1.0 0.9 14 0.5 0.1 0.8 1.0 0.6 14 0.4 0.1 0.8 1.0 0.6 14 0.6 0.1 0.8 0.4
000616,0.9 14 0.4 0.3 0.6 0.8
000617,0.4 14 0.6 0.1 0.8 0.6 0.3 14 0.0 0.2 0.1 0.5 0.6 14 0.0 0.1 0.1 0.8 0.3 14 0.6 0.0 0.8 0.5 0.6 14 0.0 0.0 0.2 1.0 0.4 14 0.6 0.2 0.7 0.5 0.9 14 0.6 0.0 0.8 0.7
000618,0.0 0 0.0 0.0 1.0 1.0
000621,0.8 14 0.4 0.4 0.5 0.8 0.4 8 0.6 0.6 0.8 1.0 0.4 8 0.7 0.6 0.8 1.0 0.6 8 0.6 0.6 0.8 0.9 0.3 8 0.6 0.6 0.7 1.0 1.0 14 0.2 0.1 0.4 0.9 0.5 14 0.4 0.4 0.7 1.0 0.4 8 0.7 0.4 0.8 0.6 0.8 14 0.4 0.4 0.6 0.9 0.5 8 0.6 0.6 0.8 1.0
000623,0.3 15 0.1 0.0 0.2 0.4 0.8 14 0.4 0.1 0.5 0.4 0.4 12 0.3 0.2 0.6 0.9 0.5 14 0.4 0.1 0.6 0.8 0.8 14 0.4 0.1 0.6 0.5 0.3 12 0.3 0.2 0.6 0.9
000624,0.9 14 0.0 0.5 0.2 1.0 0.4 14 0.0 0.5 0.2 0.8 0.8 14 0.0 0.2 0.1 0.4 0.6 14 0.8 0.2 0.8 0.4 0.8 14 0.8 0.5 0.9 1.0 1.0 14 0.7 0.2 0.8 0.4 0.4 14 0.0 0.2 0.0 0.3 1.0 14 0.8 0.2 0.9 0.5 0.7 14 0.0 0.2 0.1 0.5 0.8 14 0.8 0.2 0.8 0.4 0.4 6 0.2 0.2 0.4 0.3 0.8 14 0.0 0.2 0.2 0.8 0.8 14 0.6 0.2 0.7 0.3 0.9 14 0.6 0.2 0.6 0.3 0.8 6 0.1 0.2 0.9 1.0 0.9 14 0.8 0.2 0.8 0.4 0.5 14 0.0 0.2 0.2 0.8 0.4 14 0.0 0.2 0.1 0.5 0.8 14 0.7 0.2 0.7 0.3 0.6 14 0.7 0.2 0.7 0.3 0.6 14 0.0 0.2 0.1 0.4
000627,0.8 6 0.0 0.2 0.1 0.3
000629,0.0 0 0.0 0.0 1.0 1.0
000630,1.0 14 0.4 0.3 0.7 0.5
000631,0.0 0 0.0 0.0 1.0 1.0
000634,1.0 14 0.2 0.4 0.3 0.5 0.8 14 0.3 0.3 0.4 0.3 0.5 6 0.4 0.3 0.7 0.4 0.8 6 0.4 0.3 0.7 0.4
000636,0.9 14 0.1 0.3 0.1 0.4 0.8 14 0.8 0.3 0.9 0.4
000638,0.4 14 0.1 0.1 0.6 1.0 0.5 14 0.1 0.0 0.5 0.9 0.4 14 0.0 0.0 0.4 0.8 0.5 14 0.0 0.0 0.6 0.9 0.3 14 0.0 0.0 0.4 1.0 0.4 14 0.0 0.0 0.4 1.0 0.5 14 0.0 0.0 0.6 1.0 0.3 14 0.0 0.0 0.3 0.9
000639,0.4 14 0.0 0.4 0.4 1.0 0.6 14 0.1 0.4 0.5 1.0 0.3 14 0.1 0.4 0.3 1.0 0.8 14 0.0 0.2 0.5 1.0 0.3 14 0.1 0.4 0.4 1.0
000640,0.0 0 0.0 0.0 1.0 1.0
000641,0.6 14 0.3 0.3 0.6 0.8 0.4 4 0.7 0.7 0.7 0.8 0.3 14 0.7 0.1 0.9 1.0 0.7 4 0.7 0.7 0.7 0.8 0.4 14 0.1 0.3 0.8 1.0 0.4 4 0.1 0.7 0.2 0.8 0.4 14 0.1 0.1 0.8 1.0 0.8 14 0.3 0.3 0.6 0.8 0.5 14 0.3 0.3 0.6 0.8 0.5 14 0.1 0.1 0.9 1.0
000642,0.5 14 0.6 0.7 0.9 1.0 0.8 14 0.6 0.6 0.9 1.0 0.8 14 0.1 0.0 0.6 1.0 0.5 14 0.0 0.0 0.5 1.0 0.7 14 0.1 0.0 0.9 1.0 0.5 14 0.5 0.6 0.9 1.0
000643,0.4 14 0.5 0.4 0.7 1.0 0.9 14 0.3 0.3 0.5 1.0 0.9 14 0.4 0.4 0.7 1.0
000644,0.8 14 0.4 0.3 0.6 0.6 0.5 14 0.4 0.3 0.5 0.6 0.6 14 0.4 0.3 0.7 0.6
000646,0.5 6 0.8 0.1 1.0 0.7 0.3 6 0.5 0.1 0.8 0.2 0.7 6 0.0 0.1 0.2 0.6 0.8 6 0.1 0.1 0.9 1.0
000649,1.0 14 0.7 0.4 0.7 0.6 0.7 6 0.0 0.5 0.5 0.9 0.3 6 0.0 0.5 0.5 0.9 0.3 6 0.0 0.5 0.9 0.9
000650,0.3 15 0.0 0.1 0.3 0.7
000651,0.3 1 0.5 0.4 0.8 1.0
000652,0.4 8 0.1 0.5 0.5 1.0 0.6 14 0.4 0.1 0.6 1.0 0.5 14 0.1 0.2 0.3 0.9 0.6 8 0.1 0.5 0.5 1.0 0.5 14 0.2 0.4 0.3 0.6 0.9 14 0.0 0.1 0.4 1.0 0.6 14 0.0 0.1 0.3 1.0 0.8 14 0.0 0.1 0.6 1.0 0.6 14 0.3 0.1 0.6 1.0
000655,0.9 14 0.3 0.2 0.6 0.8 0.5 13 0.2 0.3 0.7 0.8 0.4 14 0.1 0.2 0.6 0.8 0.7 6 0.1 0.1 0.8 0.3
000658,0.4 8 0.0 0.6 0.1 0.9 0.5 8 0.3 0.8 0.4 1.0
000659,0.0 0 0.0 0.0 1.0 1.0
000662,0.3 14 0.1 0.0 0.9 0.8 0.4 14 0.6 0.3 0.9 0.6 0.6 14 0.0 0.0 0.8 0.7 0.3 14 0.4 0.3 0.9 0.6 0.5 14 0.4 0.0 0.8 0.6 0.6 14 0.7 0.3 0.9 0.6
000664,0.3 14 0.1 0.6 0.2 1.0 0.9 14 0.1 0.0 0.5 1.0
000665,0.4 0 0.2 0.4 0.5 0.6
000666,0.9 14 0.9 0.4 0.9 0.7 1.0 14 0.1 0.5 0.2 1.0 1.0 14 0.5 0.5 0.7 1.0
000668,0.0 0 0.0 0.0 1.0 1.0
000669,0.6 6 0.4 0.5 0.7 0.7 0.6 6 0.6 0.6 0.8 0.9 0.3 6 0.6 0.7 0.8 0.9 0.4 6 0.4 0.6 0.5 0.6 0.4 6 0.5 0.5 0.6 0.7 0.8 6 0.5 0.5 0.7 0.6 0.4 6 0.6 0.5 0.8 0.9 0.4 6 0.6 0.5 0.7 0.6 0.4 6 0.6 0.5 0.8 0.9
000670,0.9 14 0.7 0.4 0.8 1.0 0.3 14 0.0 0.2 0.3 0.8 0.3 14 0.4 0.1 0.7 1.0 1.0 14 0.0 0.2 0.3 1.0 0.9 14 0.3 0.1 0.7 1.0 0.3 14 0.3 0.1 0.8 1.0
000673,0.5 14 0.0 0.3 0.9 1.0 0.4 14 0.0 0.3 0.4 0.9 0.4 14 0.0 0.3 0.4 1.0
000674,0.0 0 0.0 0.0 1.0 1.0
000678,0.4 6 0.3 0.5 0.5 0.7 0.4 6 0.0 0.4 0.5 0.6
000679,0.8 6 0.2 0.4 0.9 0.9
000681,0.3 2 0.2 0.3 0.4 0.4
000683,0.6 14 0.3 0.1 0.6 0.7 0.7 14 0.4 0.5 0.5 0.7 0.7 14 0.0 0.1 0.2 0.7 0.3 14 0.9 0.1 1.0 0.6 0.3 14 0.4 0.5 0.5 0.6 0.6 14 0.4 0.5 0.5 0.7 0.5 14 0.4 0.1 0.6 0.6 0.6 14 0.0 0.1 0.1 0.7 0.7 14 0.0 0.1 0.6 0.7 0.5 14 0.6 0.1 1.0 0.6 0.4 14 0.4 0.1 0.6 0.7 0.8 14 0.4 0.1 0.6 0.7 0.8 14 0.0 0.0 0.4 0.7 0.6 14 0.0 0.1 0.2 0.8 0.4 14 0.0 0.1 0.6 1.0 0.9 14 0.6 0.1 1.0 0.7 0.4 14 0.4 0.5 0.5 0.7 0.7 14 0.4 0.5 0.5 0.7 0.7 14 0.4 0.1 0.6 0.7
000687,0.9 14 0.1 0.0 0.2 0.3 0.4 6 0.0 0.1 1.0 0.4 0.4 6 0.4 0.1 0.5 0.1 0.4 6 0.0 0.1 0.0 0.1 0.4 14 0.3 0.2 0.6 0.7 0.7 6 0.4 0.1 0.5 0.1 0.4 14 0.3 0.2 0.4 0.3 0.4 6 0.7 0.1 0.8 0.1 0.6 6 0.8 0.1 1.0 0.2 0.8 6 0.5 0.1 0.7 0.2 0.8 6 0.1 0.1 0.1 0.1 0.7 6 0.7 0.1 1.0 0.2 0.9 14 0.3 0.0 0.4 0.2 0.5 14 0.5 0.1 0.6 0.2 0.6 14 0.4 0.1 0.6 0.3 0.9 14 0.2 0.0 0.3 0.2 0.5 14 0.1 0.0 0.2 0.2 0.6 6 0.1 0.1 1.0 0.7 0.8 6 0.1 0.1 1.0 0.7 0.4 6 0.6 0.1 1.0 0.4 0.4 6 0.3 0.1 0.4 0.1 0.3 6 0.0 0.1 0.1 0.1 0.5 14 0.3 0.1 0.5 0.3 0.5 6 0.6 0.1 1.0 0.4 0.5 6 0.5 0.1 0.7 0.2 0.3 6 0.1 0.1 0.1 0.1
000691,0.0 0 0.0 0.0 1.0 1.0
000692,0.4 14 0.4 0.1 0.7 0.5 0.4 14 0.2 0.4 0.3 0.5 0.3 14 0.8 0.3 0.9 0.4 0.5 14 0.8 0.4 0.9 0.7 0.3 14 0.5 0.4 1.0 0.8 0.6 14 0.5 0.4 0.9 0.8 0.4 14 0.4 0.1 0.6 0.4 0.4 14 0.7 0.3 0.8 0.4 0.7 14 0.4 0.1 0.7 0.5 0.5 14 0.6 0.1 0.9 0.4 0.6 14 0.2 0.2 0.5 0.5 0.3 14 0.4 0.1 0.7 0.7 0.5 14 0.8 0.4 0.9 0.7 0.7 14 0.5 0.4 1.0 1.0
000693,0.8 14 0.5 0.3 0.5 0.5 1.0 14 0.4 0.3 0.5 0.5 0.7 6 0.2 0.3 0.3 0.5 0.4 6 0.0 0.3 0.4 0.5 0.3 6 0.5 0.3 0.9 0.6 0.9 14 0.6 0.3 0.6 0.4 1.0 14 0.2 0.3 0.3 0.6 0.8 6 0.3 0.4 0.4 0.5 1.0 14 0.0 0.3 0.1 0.6 0.3 6 0.3 0.3 0.3 0.5 0.4 6 0.1 0.3 0.3 0.5 1.0 14 0.1 0.3 0.2 0.6 0.5 6 0.3 0.3 0.3 0.4 0.5 6 0.1 0.3 0.3 0.5 1.0 14 0.5 0.3 0.6 0.5 0.9 6 0.5 0.3 0.9 0.6
000696,0.9 14 0.2 0.6 0.2 0.6 0.5 6 0.8 0.5 0.9 0.6 0.9 14 0.3 0.6 0.4 0.7 0.4 6 0.4 0.4 0.5 0.5 0.4 6 0.2 0.6 0.3 0.6 0.6 6 0.5 0.4 0.6 0.5 0.6 6 0.6 0.5 0.6 0.6
000697,0.4 1 0.1 0.4 0.4 0.7 0.4 1 0.1 0.4 0.4 0.7 0.3 1 0.3 0.4 0.4 0.7 0.4 1 0.3 0.5 0.4 0.7 0.7 1 0.3 0.4 0.4 0.7 0.9 14 0.3 0.3 0.4 0.6 0.4 1 0.3 0.5 0.4 0.7 0.3 1 0.3 0.5 0.4 0.7 0.4 1 0.1 0.4 0.4 0.7 0.7 14 0.3 0.3 0.4 0.6 0.4 1 0.3 0.5 0.4 0.7 0.3 1 0.3 0.4 0.4 0.7
000698,0.6 15 0.1 0.7 0.3 0.9 0.4 15 0.3 0.4 0.6 0.7 0.4 15 0.4 0.4 0.6 0.7 0.9 14 0.1 0.4 0.2 0.5 0.4 15 0.3 0.5 0.4 0.7 0.5 14 0.1 0.4 0.3 0.9 0.4 15 0.3 0.4 0.6 0.7 0.6 15 0.3 0.6 0.4 0.7 0.4 15 0.3 0.4 0.6 0.7 0.4 15 0.3 0.4 0.6 0.7
000701,0.6 14 0.7 0.2 1.0 0.6 0.5 14 0.7 0.1 1.0 0.6
000703,0.3 15 0.4 0.6 0.5 0.8
000704,0.9 14 0.5 0.0 0.7 0.2 0.7 14 0.6 0.0 0.8 0.5 0.7 14 0.6 0.0 0.8 0.4 0.9 14 0.5 0.0 0.7 0.6 0.4 14 0.6 0.0 0.8 0.6 0.8 14 0.6 0.0 0.8 0.5 0.4 14 0.7 0.0 0.8 0.2 0.4 14 0.5 0.0 0.8 0.6 0.5 14 0.7 0.0 0.8 0.3
000706,0.6 14 0.3 0.3 0.3 0.4 0.7 14 0.3 0.5 0.4 0.5 0.7 14 0.5 0.4 0.5 0.4
000708,0.0 0 0.0 0.0 1.0 1.0
000715,0.9 14 0.3 0.1 0.4 0.3 0.8 6 0.0 0.2 0.8 0.6
000716,0.7 14 0.1 0.1 0.5 0.7
000718,0.0 0 0.0 0.0 1.0 1.0
000719,0.9 14 0.5 0.4 0.5 0.5 0.3 14 0.5 0.5 0.5 0.5 0.4 14 0.8 0.5 0.9 0.7 0.4 15 0.8 0.2 0.9 0.3 0.4 14 0.9 0.4 0.9 0.6 0.7 14 0.7 0.2 0.8 0.5 0.7 14 0.9 0.4 1.0 0.6 0.9 14 0.8 0.4 0.9 0.6 0.6 6 0.0 0.2 0.4 0.6 0.3 6 0.0 0.2 0.4 0.6 1.0 14 0.8 0.4 0.8 0.6 0.9 14 0.9 0.4 1.0 0.7 1.0 14 0.6 0.3 0.7 0.5 0.9 14 0.7 0.2 0.8 0.4
000721,0.8 6 0.2 0.3 0.7 0.5
000722,0.4 14 0.6 0.1 0.9 0.7 0.5 14 0.6 0.1 0.9 0.5 0.3 14 0.6 0.1 0.9 0.7
000723,0.9 14 0.1 0.4 0.2 0.5 1.0 14 0.0 0.4 0.1 0.8 0.4 6 0.2 0.2 0.8 0.5 1.0 14 0.7 0.4 0.8 0.7 1.0 14 0.5 0.4 0.6 0.6
000724,0.9 14 0.6 0.4 0.7 0.6 0.3 14 0.1 0.3 0.5 0.7 0.4 14 0.3 0.2 0.5 0.4 0.3 6 0.0 0.1 0.9 0.8 0.6 14 0.3 0.2 0.4 0.3 0.5 14 0.3 0.3 0.5 0.4
000725,0.0 0 0.0 0.0 1.0 1.0
000727,0.5 6 0.0 0.8 0.2 0.9 0.6 6 0.5 0.7 0.5 0.8 0.6 6 0.0 0.8 0.1 0.9 0.3 6 0.3 0.8 0.4 0.9 0.4 6 0.3 0.8 0.4 0.9 0.6 6 0.1 0.8 0.2 0.9 0.4 6 0.1 0.7 0.2 0.9 0.9 6 0.0 0.8 0.2 0.9 0.5 6 0.1 0.7 0.2 0.8 0.6 6 0.0 0.8 0.1 0.9 0.7 6 0.1 0.7 0.2 0.8 0.4 6 0.5 0.7 0.6 0.8
000732,0.0 0 0.0 0.0 1.0 1.0
000734,1.0 14 0.5 0.2 0.6 0.5
000735,1.0 14 0.7 0.4 0.8 0.5 0.4 6 0.1 0.1 0.8 0.6 1.0 14 0.3 0.3 0.4 0.6
000736,0.8 14 0.4 0.5 0.5 0.7 0.8 6 0.0 0.1 0.9 0.7
000737,0.3 8 0.7 0.5 0.9 0.7
000741,0.3 14 0.1 0.2 0.5 0.7 0.4 14 0.0 0.1 0.7 1.0
000743,0.3 6 0.1 0.5 0.2 0.6 0.8 6 0.1 0.5 0.1 0.6
000744,0.8 14 0.4 0.2 0.6 0.4 0.7 14 0.6 0.2 0.6 0.3 1.0 14 0.3 0.2 0.4 0.4 0.6 14 0.6 0.3 0.7 0.5 0.7 14 0.3 0.2 0.4 0.3 0.3 14 0.6 0.3 0.8 0.7 0.9 14 0.1 0.2 0.3 0.5 0.9 14 0.4 0.2 0.6 0.4 0.5 14 0.0 0.3 0.2 0.6 0.7 14 0.5 0.6 0.6 0.7 0.4 14 0.0 0.3 0.2 0.7 0.3 14 0.5 0.2 0.7 0.6 0.8 14 0.3 0.2 0.4 0.4 0.7 14 0.4 0.2 0.6 0.6 0.9 14 0.2 0.2 0.3 0.5 0.6 14 0.1 0.2 0.2 0.4 1.0 14 0.0 0.3 0.2 0.6 0.4 14 0.2 0.2 0.3 0.4 1.0 14 0.6 0.3 0.8 0.7 0.6 14 0.3 0.2 0.4 0.4 0.4 14 0.5 0.3 0.7 0.6 0.7 14 0.5 0.3 0.7 0.6 0.6 14 0.6 0.2 0.7 0.5 0.5 14 0.5 0.3 0.7 0.6 0.3 14 0.1 0.2 0.2 0.5 0.9 14 0.6 0.2 0.7 0.4
000745,0.5 4 0.0 0.3 0.1 0.5 0.3 15 0.5 0.3 0.7 0.4 0.4 15 0.7 0.0 0.8 0.2
000747,0.0 0 0.0 0.0 1.0 1.0
000749,0.0 0 0.0 0.0 1.0 1.0
000751,0.0 0 0.0 0.0 1.0 1.0
000757,0.7 14 0.8 0.1 0.8 0.3 0.3 6 0.7 0.0 0.9 0.1 0.7 6 0.1 0.1 0.9 1.0 0.9 14 0.7 0.2 0.9 1.0
000758,0.4 14 0.2 0.2 0.6 0.8 0.5 14 0.2 0.2 0.4 0.8 0.7 14 0.2 0.2 0.6 0.8 0.4 14 0.0 0.2 0.6 0.9 0.6 14 0.0 0.2 0.3 0.9 0.8 14 0.4 0.2 0.6 0.8
000759,0.6 14 0.1 0.4 0.6 1.0 0.3 14 0.5 0.5 0.8 1.0 0.8 14 0.5 0.4 0.8 1.0 0.9 14 0.1 0.3 0.5 1.0 0.3 14 0.1 0.3 0.8 1.0 0.6 14 0.3 0.4 0.6 1.0 0.3 14 0.4 0.4 0.7 1.0
000762,0.8 14 0.4 0.4 0.5 0.5 0.9 14 0.4 0.4 0.4 0.5 0.4 4 0.1 0.4 0.2 1.0 0.5 14 0.0 0.0 0.2 0.7 0.9 14 0.6 0.4 0.6 0.5 0.4 14 0.3 0.4 0.4 0.5 0.9 14 0.2 0.3 0.4 0.6 0.9 14 0.4 0.4 0.4 0.5 0.6 14 0.3 0.3 0.3 0.5 0.5 14 0.2 0.3 0.2 0.5 0.9 14 0.0 0.0 0.3 1.0 0.5 14 0.2 0.3 0.3 0.5 0.8 14 0.3 0.4 0.4 0.5 1.0 14 0.6 0.1 0.8 0.8
000765,0.3 14 0.6 0.3 0.7 0.7 0.4 14 0.6 0.3 0.8 1.0 0.7 14 0.6 0.3 0.8 1.0 0.4 14 0.6 0.3 0.7 0.8 0.9 14 0.0 0.0 0.5 1.0 0.3 14 0.6 0.3 0.7 0.8 0.3 14 0.6 0.3 0.7 0.8 0.5 14 0.3 0.3 0.7 1.0 0.4 14 0.6 0.3 0.7 0.8
000766,0.7 14 0.4 0.4 0.5 0.7
000769,0.4 14 0.8 0.4 1.0 0.9 0.5 14 0.8 0.1 1.0 1.0 0.4 14 0.8 0.5 1.0 0.7 0.8 14 0.0 0.0 0.1 0.3 0.3 14 0.8 0.6 1.0 1.0 0.3 14 0.7 0.0 0.9 0.5 0.5 14 0.8 0.1 1.0 0.5 0.4 14 0.8 0.1 1.0 0.8 0.5 14 0.1 0.0 0.3 0.3 0.3 14 0.8 0.0 1.0 0.4 0.6 14 0.2 0.1 0.3 0.4 0.5 14 0.5 0.1 0.9 0.7 0.4 14 0.0 0.0 0.9 1.0 0.5 14 0.0 0.1 0.2 0.3 0.4 14 0.2 0.0 0.3 0.2 0.3 14 0.1 0.1 0.2 0.3 0.7 14 0.8 0.1 1.0 0.5 0.7 14 0.5 0.0 1.0 1.0 0.7 14 0.7 0.0 0.8 0.4
000773,0.0 0 0.0 0.0 1.0 1.0
000775,0.4 13 0.1 0.6 0.6 1.0
000778,0.7 6 0.2 0.3 0.9 0.7
000779,0.0 0 0.0 0.0 1.0 1.0
000781,0.5 14 0.7 0.5 0.8 1.0 0.4 14 0.2 0.2 0.7 1.0 0.9 14 0.2 0.2 0.8 1.0
000783,0.6 14 0.3 0.1 0.5 0.5 0.8 14 0.2 0.1 0.5 0.5 0.7 14 0.2 0.1 0.5 0.5
000784,0.7 14 0.5 0.1 0.5 0.3 0.3 14 0.0 0.2 0.4 1.0 0.7 14 0.3 0.1 0.4 0.3 0.9 14 0.3 0.2 0.5 0.7 0.6 14 0.4 0.2 0.5 0.4 0.5 14 0.2 0.2 0.3 0.6 0.5 14 0.2 0.1 0.3 0.2 0.4 14 0.1 0.1 0.4 0.7 0.4 14 0.6 0.1 0.7 0.4 0.5 14 0.6 0.2 0.7 0.5 0.8 14 0.6 0.2 0.7 0.7 0.9 14 0.2 0.2 0.4 0.7 0.8 14 0.4 0.1 0.5 0.2 0.4 14 0.4 0.2 0.4 0.3 0.5 14 0.1 0.1 0.3 0.6 0.3 14 0.3 0.2 0.4 0.5 0.4 14 0.6 0.1 0.7 0.5 0.5 14 0.5 0.1 0.6 0.4 0.5 15 0.0 0.4 0.1 0.5 0.4 14 0.2 0.1 0.4 0.7 0.7 14 0.6 0.2 0.7 0.3 0.8 14 0.6 0.1 0.7 0.3 0.5 14 0.3 0.1 0.4 0.5 0.5 14 0.1 0.2 0.3 0.7 0.7 14 0.5 0.2 0.6 0.5 0.7 14 0.4 0.2 0.5 0.5 0.6 14 0.3 0.1 0.3 0.2 0.8 14 0.1 0.2 0.4 0.7 0.8 14 0.2 0.1 0.3 0.2 0.7 14 0.1 0.2 0.3 0.7 0.7 14 0.2 0.1 0.3 0.2 0.8 14 0.6 0.2 0.8 0.7 0.6 14 0.1 0.2 0.3 0.6 0.8 14 0.3 0.1 0.4 0.2 0.5 14 0.3 0.2 0.4 0.7 0.5 14 0.5 0.1 0.7 0.7 0.7 14 0.4 0.2 0.5 0.7 0.7 14 0.5 0.2 0.7 0.7 0.6 14 0.5 0.2 0.6 0.3 0.6 14 0.6 0.2 0.7 0.3 0.8 14 0.6 0.1 0.7 0.2
000785,0.5 14 0.0 0.1 0.7 1.0 0.5 14 0.0 0.0 0.2 0.6 0.3 14 0.3 0.1 0.5 0.6 0.3 14 0.0 0.1 0.7 0.6 0.5 14 0.0 0.1 0.5 0.6 0.7 14 0.5 0.3 0.7 0.6 0.6 14 0.0 0.1 0.5 1.0 0.4 14 0.0 0.0 0.3 1.0 0.5 14 0.0 0.1 0.9 1.0
000788,0.7 14 0.3 0.3 0.7 1.0 0.3 14 0.4 0.3 0.7 1.0 0.8 6 0.0 0.1 0.1 0.1 0.6 6 0.2 0.1 0.2 0.1 0.4 14 0.0 0.2 0.7 1.0
000789,0.0 0 0.0 0.0 1.0 1.0
000790,0.0 0 0.0 0.0 1.0 1.0
000792,0.7 6 0.2 0.9 0.2 0.9 0.4 6 0.4 0.9 0.5 0.9
000795,0.0 0 0.0 0.0 1.0 1.0
000798,0.8 14 0.3 0.2 0.5 0.5 0.6 14 0.1 0.2 0.4 0.7 0.5 14 0.0 0.2 0.4 0.7 0.3 14 0.1 0.2 0.7 0.7 0.3 14 0.2 0.2 0.5 0.5 0.5 14 -0.0 0.2 0.4 1.0 0.4 14 0.0 0.2 0.7 1.0
000801,0.4 6 0.1 0.3 0.4 0.4 0.9 6 0.1 0.3 0.4 0.4
000803,0.0 0 0.0 0.0 1.0 1.0
000807,1.0 14 0.1 0.1 0.3 1.0
000809,0.7 6 0.0 0.2 0.2 0.4 0.4 6 0.2 0.2 0.2 0.3 0.8 6 0.0 0.2 0.8 0.5 0.7 6 0.5 0.2 0.8 0.4
000811,0.0 0 0.0 0.0 1.0 1.0
000813,0.0 0 0.0 0.0 1.0 1.0
000817,0.3 15 0.8 0.5 1.0 0.6
000819,0.6 1 0.1 0.3 0.6 0.8 0.3 14 0.1 0.0 0.4 0.6 0.8 14 0.1 0.0 0.6 0.6 0.7 14 0.1 0.0 0.4 0.4
000821,0.6 14 0.6 0.1 0.8 0.3 0.6 14 0.6 0.1 0.8 0.6
000824,0.9 14 0.1 0.2 0.3 0.6 0.3 6 0.1 0.2 0.7 0.6
000825,0.8 14 0.4 0.1 0.7 0.5
000833,0.7 14 0.2 0.1 0.3 0.3 0.3 6 0.0 0.0 0.7 0.7
000835,0.0 0 0.0 0.0 1.0 1.0
000836,0.9 14 0.2 0.2 0.4 0.9 0.4 14 0.1 0.2 0.4 0.7 0.3 14 0.2 0.2 0.4 0.7
000837,0.5 6 0.5 0.3 0.7 0.4
000838,0.0 0 0.0 0.0 1.0 1.0
000839,0.4 4 0.4 0.2 0.5 0.4 0.4 14 0.5 0.2 0.6 0.3 0.9 14 0.4 0.2 0.4 0.4 0.9 14 0.5 0.2 0.7 0.4 0.4 14 0.3 0.2 0.4 0.4 0.3 14 0.4 0.2 0.6 0.3 1.0 14 0.3 0.2 0.4 0.4 0.3 14 0.4 0.2 0.6 0.4 0.9 14 0.4 0.2 0.6 0.4 0.8 14 0.5 0.2 0.7 0.4 0.6 14 0.4 0.3 0.7 0.6 0.9 14 0.4 0.3 0.7 0.6 0.4 14 0.5 0.2 0.6 0.3
000840,0.3 15 0.5 0.1 0.6 0.3 0.5 14 0.2 0.4 0.5 0.7 0.4 15 0.4 0.3 0.4 0.3 0.5 15 0.5 0.1 0.6 0.3
000841,0.5 14 0.4 0.3 0.5 0.4 0.5 14 0.4 0.3 0.5 0.4 0.7 14 0.2 0.3 0.3 0.4 0.5 14 0.4 0.3 0.6 0.4 0.7 14 0.4 0.3 0.5 0.4 0.8 14 0.3 0.3 0.3 0.4 0.9 14 0.5 0.3 0.6 0.4
000844,0.7 6 0.1 0.1 0.7 0.6
000846,0.0 0 0.0 0.0 1.0 1.0
000852,0.0 0 0.0 0.0 1.0 1.0
000853,0.7 14 0.0 0.0 0.2 1.0
000856,0.7 14 0.2 0.1 0.6 0.7 0.9 14 0.3 0.1 0.5 0.6 0.7 14 0.0 0.1 0.5 0.7
000858,0.4 6 0.6 0.4 0.8 0.5 0.7 14 0.2 0.4 0.3 0.5 0.4 14 0.1 0.4 0.2 0.5 0.3 6 0.6 0.4 0.8 0.5 0.9 14 0.2 0.4 0.2 0.5 1.0 14 0.1 0.4 0.2 0.6 0.3 14 0.1 0.4 0.1 0.5 0.7 14 0.8 0.4 0.8 0.5 0.5 14 0.1 0.4 0.2 0.5 0.8 6 1.0 0.5 1.0 0.5 0.9 14 0.3 0.4 0.3 0.6 0.3 6 0.6 0.3 0.8 0.5 0.6 6 0.6 0.3 0.8 0.5
000861,0.4 14 0.1 0.3 0.2 0.7 0.3 14 0.4 0.0 0.8 0.7 0.4 14 0.4 0.0 0.7 0.7 0.5 14 0.4 0.0 0.7 0.7 0.4 14 0.1 0.0 0.6 0.6 0.5 14 0.0 0.0 0.6 1.0 0.4 14 0.1 0.0 0.9 1.0 0.5 14 0.4 0.0 0.8 1.0 0.5 14 0.4 0.0 0.9 1.0
000864,0.3 6 0.0 0.2 1.0 0.5 0.7 6 0.0 0.2 1.0 0.5
000866,0.8 14 0.4 0.2 0.5 0.5 0.9 14 0.4 0.2 0.5 0.6
000869,0.9 14 0.3 0.4 0.3 0.5
000870,0.8 14 0.5 0.2 0.6 0.3 0.3 14 0.3 0.1 0.5 0.5 0.4 14 0.0 0.1 0.6 0.7 0.9 14 0.0 0.3 0.4 0.7 0.6 14 0.4 0.3 0.7 0.6 0.6 14 0.3 0.1 0.6 0.6 0.9 14 0.3 0.1 0.5 0.6 0.4 14 0.4 0.3 0.7 0.7 0.9 14 0.4 0.3 0.7 0.6
000873,0.0 0 0.0 0.0 1.0 1.0
000875,0.8 6 0.0 0.4 0.1 0.6
000877,0.0 0 0.0 0.0 1.0 1.0
000881,0.8 6 0.5 0.5 0.8 0.8
000883,0.9 14 0.3 0.2 0.4 0.3 0.4 6 0.1 0.3 0.6 0.8
000884,0.0 0 0.0 0.0 1.0 1.0
000886,0.9 14 0.7 0.3 0.9 0.8 0.7 14 0.8 0.4 0.9 0.5 0.6 14 0.1 0.0 0.4 0.9 0.5 14 0.1 0.0 0.4 1.0 0.6 14 0.0 0.0 0.3 1.0 0.4 14 0.7 0.3 0.8 0.8 0.8 14 0.4 0.3 0.6 0.8 0.5 14 0.3 0.3 0.8 1.0
000890,0.4 15 0.7 0.6 0.7 0.8 0.4 14 0.1 0.3 0.3 0.9 0.3 15 0.7 0.6 0.8 0.9 0.9 14 0.0 0.3 0.3 1.0
000891,0.5 14 0.2 0.0 0.5 1.0 0.4 14 0.2 0.0 0.5 1.0 0.9 14 0.1 0.0 0.5 1.0 0.4 8 0.1 0.7 0.4 1.0
000893,0.0 0 0.0 0.0 1.0 1.0
000894,0.8 6 0.0 0.2 0.1 0.2 0.3 6 0.0 0.2 0.1 0.2 0.5 6 0.1 0.2 0.1 0.2
000897,0.5 14 0.1 0.2 0.5 0.6 0.4 14 0.0 0.6 0.1 0.7 0.4 6 0.1 0.0 0.9 0.2
000901,0.0 0 0.0 0.0 1.0 1.0
000905,0.0 0 0.0 0.0 1.0 1.0
000907,0.9 14 0.3 0.3 0.5 0.5 0.8 14 0.2 0.3 0.4 0.5 0.4 14 0.2 0.3 0.5 0.5 0.8 14 0.3 0.3 0.4 0.4 0.3 14 0.3 0.3 0.5 0.5 0.9 14 0.4 0.3 0.7 0.5
000909,0.9 14 0.2 0.3 0.4 0.9 0.9 14 0.1 0.8 0.2 0.9
000910,0.8 14 0.3 0.3 0.5 0.6 0.6 14 0.3 0.3 0.5 0.5 0.6 14 0.2 0.1 0.5 0.6 0.6 14 0.2 0.1 0.4 0.7 0.6 14 0.3 0.3 0.5 0.6 0.8 14 0.3 0.3 0.5 0.6 0.6 14 0.0 0.0 0.3 0.7 0.9 14 0.0 0.1 0.3 0.7 0.4 14 0.2 0.1 0.4 0.5 0.8 14 0.3 0.3 0.5 0.6
000913,0.3 14 0.2 0.5 0.7 1.0 0.5 14 0.0 0.4 0.2 0.8 0.4 14 0.0 0.0 0.6 1.0 0.7 14 0.0 0.3 0.2 0.7 0.4 14 0.0 0.4 0.1 0.8
000914,0.0 0 0.0 0.0 1.0 1.0
000916,1.0 14 0.2 0.2 0.3 0.5 0.9 14 0.0 0.2 0.0 0.3 0.4 6 0.2 0.0 0.9 0.7 0.9 14 0.1 0.2 0.1 0.3
000922,1.0 14 0.4 0.1 0.6 0.7 0.5 6 0.0 0.2 0.2 0.3
000924,0.4 14 0.8 0.5 0.8 0.5 0.5 14 0.7 0.4 0.7 0.4 0.8 14 0.0 0.4 0.0 0.5 0.3 6 0.3 0.4 0.5 0.5 0.8 6 0.8 0.4 0.9 0.5 0.4 6 0.0 0.3 0.3 0.5 0.4 6 0.0 0.3 0.3 0.5 0.4 6 0.0 0.3 0.5 0.5 0.5 6 0.5 0.3 0.7 0.5 0.4 6 0.8 0.4 0.9 0.5
000925,0.0 0 0.0 0.0 1.0 1.0
000927,0.4 14 0.4 0.2 0.6 0.5 0.3 14 0.2 0.3 0.7 0.7 0.6 14 0.4 0.3 0.6 0.7 0.8 14 0.6 0.4 0.7 0.6 0.4 14 0.4 0.3 0.6 0.6 0.3 14 0.2 0.0 0.5 0.7 0.4 14 0.4 0.3 0.7 0.7 0.7 14 0.2 0.0 0.6 0.7 0.5 14 0.4 0.3 0.7 0.7 0.4 14 0.4 0.2 0.7 0.7 0.4 14 0.0 0.0 0.5 1.0 0.6 14 0.6 0.4 1.0 0.7 0.5 14 0.4 0.3 0.7 0.7 0.5 14 0.4 0.3 0.7 0.7 0.8 14 0.5 0.3 0.7 0.7
000928,0.7 14 0.0 0.0 0.9 0.8
000930,0.5 1 0.2 0.3 0.6 0.6 0.9 14 0.3 0.1 0.6 0.5
000932,0.6 14 0.4 0.3 0.4 0.3 0.8 6 0.1 0.2 1.0 0.7
000933,0.0 0 0.0 0.0 1.0 1.0
000938,0.3 8 0.0 0.5 0.3 0.8 0.4 14 0.6 0.4 0.6 0.5 0.5 14 0.0 0.4 0.2 0.7 0.4 8 0.5 0.5 0.6 0.6 0.3 14 0.7 0.1 0.8 0.7
000939,0.9 14 0.0 0.1 0.6 1.0
000940,0.5 14 0.4 0.2 0.6 0.5 0.5 14 0.3 0.2 0.6 0.6 0.7 14 0.3 0.2 0.6 0.7 0.4 14 0.0 0.3 0.3 0.7 0.7 14 0.0 0.1 0.2 0.4 0.8 14 0.0 0.2 0.1 0.4 0.3 14 0.3 0.2 0.6 0.7 0.4 14 0.4 0.4 0.8 0.7 0.5 14 0.0 0.1 0.1 0.7 0.8 14 0.2 0.2 0.4 0.5 0.8 14 0.4 0.2 0.6 0.6 0.8 14 0.2 0.2 0.4 0.4 0.4 14 0.0 0.2 0.2 0.4 0.6 14 0.0 0.1 0.3 0.7 0.3 8 0.6 0.4 0.8 0.6 0.4 14 0.0 0.2 0.2 0.7 0.4 14 0.3 0.2 0.7 0.7 0.4 14 0.3 0.4 0.8 0.7
000941,0.0 0 0.0 0.0 1.0 1.0
000942,0.4 6 0.1 0.3 0.5 0.6 0.9 14 0.4 0.4 0.5 0.6 0.3 6 0.3 0.3 0.5 0.6 0.9 14 0.7 0.3 0.7 0.3
000944,0.3 8 0.2 0.6 0.5 1.0 0.9 14 0.4 0.3 0.7 1.0
000945,0.8 6 0.1 0.2 0.8 0.7
000952,0.6 14 0.5 0.3 0.8 1.0 0.8 14 0.9 0.5 1.0 0.7 1.0 14 0.0 0.3 0.5 1.0 0.8 14 0.4 0.3 0.8 1.0
000953,0.3 15 0.7 0.7 0.9 1.0 0.8 15 0.4 0.3 0.5 0.4 0.4 8 0.0 0.5 0.2 0.9 0.7 8 0.0 0.5 0.2 0.9 0.3 15 0.4 0.3 0.5 0.4
000955,0.9 14 0.3 0.2 0.7 1.0 0.4 14 0.3 0.2 0.8 1.0
000956,0.5 14 0.3 0.1 0.6 0.6 0.4 14 0.5 0.1 0.8 0.6 0.5 14 0.3 0.1 0.8 0.6 0.7 14 0.3 0.1 0.8 1.0
000957,0.0 0 0.0 0.0 1.0 1.0
000959,0.5 14 0.2 0.0 0.4 0.5 0.4 14 0.2 0.3 0.7 1.0 0.5 14 0.7 0.8 1.0 1.0 0.5 14 0.7 0.3 1.0 1.0 0.6 14 0.8 0.8 1.0 1.0 0.4 14 0.6 0.3 0.9 0.7 0.5 14 0.6 0.3 0.9 1.0 0.7 14 0.2 0.3 0.5 1.0 0.3 14 0.7 0.3 1.0 0.9 0.7 14 0.4 0.1 0.7 0.5 0.7 14 0.2 0.3 0.6 1.0 0.5 14 0.7 0.3 0.9 0.7 0.6 14 0.5 0.3 0.7 0.7 0.5 14 0.4 0.1 0.7 0.8 0.8 14 0.2 0.0 0.4 0.5 0.9 14 0.0 0.3 0.3 1.0 0.6 14 0.7 0.3 1.0 0.9 0.3 14 0.1 0.3 0.3 0.6 0.7 14 0.4 0.3 0.7 0.9 0.5 14 0.4 0.3 0.7 1.0 0.4 14 0.6 0.3 1.0 0.8 0.3 14 0.5 0.3 0.7 0.7 0.6 14 0.6 0.3 1.0 1.0
000960,0.4 14 0.3 0.5 0.6 0.7
000961,0.5 6 0.5 0.3 0.6 0.3 0.3 6 0.6 0.3 0.7 0.4 0.3 6 0.5 0.3 0.5 0.3 0.4 6 0.5 0.3 0.5 0.3 0.5 6 0.5 0.3 0.6 0.4 0.3 6 0.5 0.3 0.6 0.3 0.8 6 0.6 0.3 0.7 0.4 0.5 6 0.5 0.2 0.7 0.4 0.8 6 0.5 0.3 0.7 0.4 0.5 6 0.5 0.3 0.6 0.4
000963,0.5 14 0.4 0.6 0.5 0.7 0.6 14 0.4 0.5 0.8 0.7 0.6 14 0.0 0.0 0.5 1.0 0.5 14 0.0 0.0 0.8 1.0 0.5 14 0.4 0.5 1.0 1.0
000968,0.4 0 0.1 0.1 0.9 0.5
000969,0.4 14 0.0 0.0 0.9 0.8
000970,0.0 0 0.0 0.0 1.0 1.0
000974,0.5 14 0.5 0.2 0.5 0.3 0.3 19 0.0 0.3 0.3 0.6 0.3 19 0.0 0.3 0.4 0.7
000975,0.0 0 0.0 0.0 1.0 1.0
000976,0.0 0 0.0 0.0 1.0 1.0
000978,0.7 14 0.1 0.0 0.4 0.6 0.3 14 0.0 0.3 0.1 0.5 0.6 14 0.1 0.0 0.7 0.7 0.6 14 0.0 0.3 0.1 0.6 0.5 14 0.2 0.0 0.4 0.7 0.8 14 0.4 0.0 0.7 0.6 0.5 14 0.2 0.0 0.4 0.5 0.3 14 0.1 0.0 0.7 1.0 0.5 14 0.0 0.3 0.1 0.6 0.3 14 0.6 0.5 0.8 0.7 0.4 14 0.1 0.3 0.3 0.6
000979,0.5 1 0.2 0.5 0.3 0.7 1.0 14 0.2 0.3 0.3 0.6 0.7 14 0.0 0.3 0.1 0.4 0.4 14 0.1 0.2 0.1 0.4 1.0 14 0.0 0.3 0.1 0.7 0.4 14 0.0 0.3 0.1 0.3 0.4 14 0.1 0.2 0.1 0.4
000981,0.4 14 0.4 0.5 0.5 0.6 0.5 14 0.1 0.0 0.5 1.0 0.3 14 0.1 0.5 0.6 1.0 0.9 14 0.1 0.0 0.6 1.0
000983,0.4 14 0.1 0.1 0.4 0.3
000984,0.4 6 0.4 0.6 0.5 0.7 0.4 14 0.1 0.6 0.2 0.7 0.4 6 0.0 0.7 0.1 0.7 0.8 6 0.4 0.6 0.4 0.7 0.6 14 0.1 0.5 0.4 1.0 0.4 6 0.4 0.6 0.5 0.7 0.9 6 0.0 0.7 0.1 0.7 0.9 14 0.1 0.6 0.2 1.0 0.9 14 0.1 0.6 0.1 0.7 0.4 6 0.4 0.6 0.4 0.7 0.7 14 0.1 0.6 0.1 0.7 0.6 6 0.4 0.6 0.5 0.7 0.4 6 0.4 0.6 0.6 0.7
000985,0.0 0 0.0 0.0 1.0 1.0
000986,0.5 14 0.3 0.3 0.4 0.5 0.5 14 0.7 0.2 0.8 0.2 0.4 14 0.1 0.3 0.4 0.5 0.9 14 0.4 0.1 0.5 0.3 0.7 14 0.3 0.1 0.5 0.5 0.9 14 0.6 0.1 0.7 0.2
000988,0.5 14 0.1 0.1 0.7 1.0 0.4 14 0.0 0.1 0.6 1.0
000990,0.3 14 0.3 0.1 0.7 1.0 0.4 14 0.4 0.3 0.5 0.6 0.6 14 0.0 0.2 0.2 0.5 0.4 14 0.0 0.2 0.1 0.3 0.3 14 0.5 0.1 0.9 0.7 0.4 14 0.9 0.2 1.0 0.5 0.5 14 0.4 0.1 0.6 0.6 0.3 14 0.8 0.2 1.0 0.7 0.7 14 0.0 0.1 0.4 0.7 0.7 14 0.8 0.2 0.9 0.3 0.4 14 0.8 0.2 1.0 0.4 0.4 14 0.9 0.2 1.0 0.4 0.6 14 0.4 0.0 0.7 0.6 0.7 14 0.0 0.2 0.1 0.5 0.6 14 0.8 0.2 0.9 0.5 0.5 14 0.8 0.2 0.9 0.5 0.5 14 0.2 0.1 0.4 0.7 0.3 14 0.1 0.4 0.3 0.7 0.3 14 0.0 0.2 0.2 0.5 0.5 14 0.2 0.1 0.4 0.5 0.5 14 0.0 0.0 0.5 1.0 0.6 14 0.0 0.2 0.2 0.4 0.3 14 0.0 0.2 0.1 0.4 0.4 14 0.0 0.2 0.2 0.7 0.6 14 0.9 0.2 1.0 0.3 0.4 14 0.0 0.0 0.7 1.0 0.4 14 0.7 0.2 0.9 0.7 0.7 14 0.0 0.2 0.2 0.6 0.5 14 0.0 0.2 0.1 0.4 0.4 14 0.1 0.2 0.2 0.4 0.3 14 0.4 0.1 0.9 0.7 0.6 14 0.4 0.1 0.7 0.7 0.6 14 0.8 0.2 1.0 0.7 0.4 14 0.0 0.2 0.2 0.4
000992,0.0 0 0.0 0.0 1.0 1.0
000994,0.4 19 0.0 0.2 0.3 0.5
000995,0.0 0 0.0 0.0 1.0 1.0
000998,0.4 14 0.0 0.2 0.5 1.0
001000,0.5 14 0.0 0.0 1.0 1.0 0.5 14 0.6 0.0 1.0 0.7
001003,0.6 6 0.2 0.2 0.7 0.6
001005,0.8 6 0.1 0.3 0.4 0.5
001006,0.5 14 0.0 0.5 0.1 0.7 0.6 14 0.0 0.5 0.1 1.0 0.3 14 0.0 0.5 0.1 0.7 0.8 14 0.0 0.5 0.2 1.0 0.5 14 0.0 0.5 0.2 0.7
001007,0.6 14 0.7 0.2 0.7 0.3 0.3 19 0.2 0.2 0.7 0.6
001013,0.0 0 0.0 0.0 1.0 1.0
001016,0.0 0 0.0 0.0 1.0 1.0
001019,0.7 14 0.0 0.0 0.7 1.0
001020,0.9 14 0.1 0.1 0.5 1.0 0.3 14 0.1 0.1 0.7 1.0 0.4 8 0.4 0.6 0.7 1.0
001021,0.5 14 0.0 0.2 0.3 1.0 0.4 14 0.4 0.4 0.5 0.6 0.4 14 0.0 0.1 0.3 0.7 0.6 14 0.3 0.1 0.7 0.5 0.3 14 0.0 0.1 0.3 0.6 0.5 14 0.2 0.1 0.7 0.7 0.5 14 0.3 0.1 0.7 0.8 0.5 14 0.0 0.1 0.3 0.5 0.9 14 0.0 0.1 0.3 0.8 0.3 14 0.0 0.1 0.7 1.0 0.3 14 0.2 0.4 0.6 0.7 0.7 14 0.3 0.1 0.7 0.8
001022,0.8 6 0.0 0.3 1.0 0.6
001023,0.3 14 0.3 0.4 0.6 0.6 0.4 8 0.7 0.5 0.8 0.7 0.5 14 0.1 0.4 0.8 0.7 0.4 14 0.4 0.4 0.6 0.6
001025,0.0 0 0.0 0.0 1.0 1.0
001026,0.8 14 0.3 0.2 0.6 0.8 0.4 14 0.2 0.0 0.6 0.8 0.3 14 0.2 0.0 0.6 0.5 0.7 14 0.2 0.2 0.6 0.8
001029,0.0 0 0.0 0.0 1.0 1.0
001030,0.7 14 0.4 0.4 0.5 0.5 0.5 14 0.4 0.4 0.5 0.5 0.3 14 0.9 0.4 0.9 0.4 0.5 14 0.4 0.4 0.5 0.5 0.5 14 0.3 0.4 0.4 0.5 0.5 6 0.7 0.4 0.8 0.4
001031,0.9 14 0.1 0.1 0.4 0.4 0.5 14 0.1 0.1 0.4 0.6
001032,0.0 0 0.0 0.0 1.0 1.0
001033,0.6 1 0.3 0.5 0.5 0.9 0.9 14 0.2 0.2 0.5 0.8 0.4 14 0.2 0.2 0.5 1.0
001034,0.8 6 0.3 0.4 0.7 0.6
001035,0.7 14 0.0 0.5 0.2 1.0 0.4 14 0.3 0.1 0.5 0.4 0.4 14 0.0 0.5 0.2 0.7 1.0 14 0.3 0.1 0.5 0.6 0.8 14 0.0 0.0 0.1 0.4 0.3 14 0.0 0.5 0.2 0.7 1.0 14 0.5 0.1 0.7 0.7
001037,0.4 14 0.1 0.1 0.3 0.5 0.7 14 0.1 0.1 0.3 0.5 0.7 14 0.1 0.1 0.3 0.3 0.9 14 0.0 0.1 0.3 0.5 0.7 14 0.6 0.2 0.7 0.5
001038,0.7 14 0.2 0.2 0.7 0.7 0.4 14 0.2 0.2 0.5 0.7 0.4 14 0.0 0.2 0.7 1.0 0.6 14 0.2 0.2 0.7 1.0
001039,0.6 6 0.6 0.6 0.7 0.7
001040,0.3 14 0.4 0.2 0.6 0.5 0.3 14 0.4 0.5 0.6 0.7 0.4 14 0.2 0.3 0.4 0.7 0.9 14 0.2 0.3 0.4 0.7 0.4 14 0.4 0.2 0.7 0.6 0.3 14 0.2 0.2 0.7 0.7 0.4 14 0.7 0.4 0.9 0.7 0.4 14 0.2 0.3 0.4 0.6 0.4 14 0.4 0.5 0.6 0.7 0.9 14 0.4 0.2 0.7 0.7 0.4 14 0.2 0.3 0.4 0.6 0.4 14 0.2 0.3 0.4 0.6 1.0 14 0.7 0.4 0.9 0.7 0.9 14 0.4 0.4 0.6 0.7
001044,0.5 14 0.1 0.1 0.4 0.6 0.4 14 0.0 0.1 0.1 0.3 0.3 14 0.1 0.1 0.9 0.6 0.3 14 0.1 0.1 0.4 0.5 0.3 14 0.0 0.1 0.3 0.6 0.3 14 0.7 0.4 0.9 0.6 0.3 14 0.8 0.0 1.0 0.6
001046,0.0 0 0.0 0.0 1.0 1.0
001047,0.3 14 0.3 0.1 0.5 0.5 0.5 4 0.1 0.0 0.2 0.1 0.9 14 0.1 0.1 0.4 0.4 0.7 14 0.6 0.0 0.8 0.4 0.5 14 0.2 0.1 0.4 0.4 0.9 14 0.4 0.1 0.5 0.4 0.4 14 0.5 0.0 0.8 0.7 0.9 14 0.5 0.0 0.8 0.6
001048,0.0 0 0.0 0.0 1.0 1.0
001049,0.0 0 0.0 0.0 1.0 1.0
001051,0.0 0 0.0 0.0 1.0 1.0
001054,0.0 0 0.0 0.0 1.0 1.0
001055,0.8 14 0.3 0.2 0.7 0.7 0.6 14 0.0 0.4 0.1 0.5 0.4 14 0.0 0.4 0.2 0.6 0.7 14 0.3 0.2 0.5 0.7
001058,0.8 6 0.0 0.2 0.8 0.5
001059,0.0 0 0.0 0.0 1.0 1.0
001063,0.6 14 0.8 0.6 1.0 1.0 0.6 14 0.5 0.2 0.6 0.6 0.5 14 0.3 0.0 0.4 0.1 0.7 14 0.8 0.6 1.0 1.0 0.9 14 0.4 0.2 0.7 1.0 0.6 14 0.5 0.6 1.0 1.0
001065,0.5 14 0.3 0.1 0.6 0.8 0.5 14 0.4 0.1 0.7 0.9 0.5 14 0.0 0.0 0.6 1.0 0.3 14 0.0 0.2 0.2 0.8 0.4 14 0.4 0.1 0.6 0.9 0.9 14 0.0 0.0 0.4 1.0 0.6 14 0.0 0.2 0.3 1.0 0.4 14 0.0 0.0 0.9 1.0 0.3 14 0.0 0.2 0.2 0.8 0.5 14 0.3 0.1 0.6 1.0 0.5 14 0.3 0.1 0.8 0.9 0.4 14 0.3 0.1 0.9 1.0 0.4 14 0.3 0.1 0.9 1.0
001067,0.4 14 0.2 0.1 0.5 1.0 0.4 14 0.2 0.1 0.4 0.7 0.4 14 0.4 0.1 0.6 0.8 0.4 14 0.3 0.1 0.6 0.8 0.9 14 0.2 0.1 0.4 1.0 0.7 14 0.0 0.1 0.3 1.0 0.4 14 0.2 0.1 0.7 1.0 0.9 14 0.3 0.1 0.5 0.9 0.8 14 0.4 0.1 0.7 0.8 0.3 14 0.4 0.1 0.6 0.4
001070,0.5 15 0.1 0.6 0.3 0.9 0.3 15 0.4 0.1 0.6 0.3 0.8 15 0.3 0.0 0.4 0.3 0.4 15 0.2 0.0 0.3 0.3 0.6 15 0.1 0.5 0.3 0.9 0.3 15 0.2 0.0 0.3 0.4 0.6 15 0.1 0.2 0.3 0.6 0.5 15 0.4 0.0 0.6 0.3 0.4 15 0.3 0.3 0.5 0.6 0.5 15 0.5 0.5 0.6 0.8 0.3 15 0.3 0.0 0.4 0.3 0.5 15 0.6 0.1 0.8 0.4 0.4 15 0.3 0.3 0.5 0.6 0.5 15 0.1 0.2 0.3 0.9 0.8 15 0.5 0.3 0.6 0.5 0.4 15 0.2 0.0 0.3 0.3 0.7 15 0.2 0.0 0.3 0.2 0.3 8 0.6 0.4 0.7 0.6 0.4 15 0.3 0.1 0.4 0.3 0.8 15 0.3 0.3 0.5 0.5 0.4 15 0.4 0.0 0.6 0.3 0.6 15 0.5 0.5 0.6 0.8 0.4 15 0.5 0.3 0.6 0.6 0.5 15 0.6 0.1 0.7 0.4
001075,0.8 14 0.1 0.4 0.2 0.8 0.4 14 0.0 0.4 0.2 0.8
001076,0.3 14 0.2 0.3 0.5 1.0 0.9 14 0.2 0.3 0.6 1.0 0.3 15 0.6 0.0 0.7 0.2 0.4 15 0.6 0.1 0.7 0.2
001080,0.5 6 0.1 0.3 0.6 0.7
001081,0.0 0 0.0 0.0 1.0 1.0
001085,0.5 14 0.5 0.0 0.5 0.0 0.4 6 0.1 0.0 0.8 0.6 0.8 14 0.7 0.0 0.7 0.1 0.6 14 0.8 0.0 0.9 0.2 0.7 14 0.4 0.0 0.4 0.1 0.7 14 0.7 0.0 0.8 0.1 0.9 14 0.7 0.0 0.8 0.2 0.7 14 0.3 0.0 0.4 0.1 0.7 14 0.2 0.0 0.3 0.2 0.8 14 0.2 0.0 0.2 0.1 0.9 14 0.0 0.0 0.2 0.4 0.7 6 0.1 0.0 0.8 0.6 0.6 14 0.7 0.0 0.8 0.2 0.6 14 0.3 0.0 0.4 0.1 0.9 14 0.8 0.0 0.9 0.2 0.5 14 0.6 0.0 0.6 0.0
001086,0.3 4 0.5 0.5 0.6 0.7 0.5 14 0.6 0.1 0.9 0.6 0.3 14 0.5 0.1 0.9 0.6 0.5 14 0.5 0.1 0.9 0.6 0.7 4 0.5 0.4 0.6 0.7 0.9 14 0.0 0.1 0.4 1.0 0.8 14 0.0 0.1 0.4 0.7 0.9 14 0.5 0.1 0.9 0.7 0.6 4 0.5 0.4 0.6 0.7 0.5 4 0.6 0.5 0.6 0.7 0.3 14 0.5 0.1 0.9 1.0
001087,0.4 6 0.0 0.2 0.6 1.0
001088,0.3 14 0.2 0.1 0.5 0.8 0.3 14 0.2 0.1 0.5 0.7 0.6 14 0.0 0.0 0.5 0.8 0.4 14 0.7 0.3 0.9 0.8 0.7 14 0.2 0.3 0.5 0.8
001089,0.0 0 0.0 0.0 1.0 1.0
001090,0.7 6 0.0 0.3 0.9 0.6 0.5 6 0.0 0.2 0.9 0.6
001094,0.5 6 0.6 0.4 0.7 0.5 0.5 6 0.4 0.4 0.6 0.5 0.5 6 0.4 0.4 0.6 0.5 0.4 6 0.4 0.4 0.7 0.5
001095,0.9 14 0.4 0.3 0.6 0.5 0.8 14 0.5 0.3 0.7 0.5 0.9 14 0.3 0.2 0.5 0.5 0.3 14 0.4 0.3 0.7 0.5 0.8 14 0.5 0.3 0.7 0.7 0.7 14 0.4 0.3 0.6 0.5 0.8 14 0.4 0.3 0.7 0.7 0.4 14 0.5 0.3 0.7 0.5 0.6 14 0.5 0.3 0.7 0.7
001096,0.9 14 0.3 0.1 0.7 0.5
001098,0.9 14 0.0 0.1 0.3 1.0 0.8 14 0.0 0.0 0.7 1.0 0.3 14 0.0 0.1 0.3 0.8
001099,1.0 14 0.8 0.5 0.9 0.6 0.9 14 0.2 0.5 0.2 0.6 0.7 14 0.6 0.5 0.7 0.6 0.9 14 0.1 0.5 0.2 0.6 0.5 6 0.0 0.3 0.3 0.7 0.9 14 0.8 0.5 0.8 0.6
001100,0.4 14 0.3 0.3 0.6 0.8 0.4 14 0.3 0.3 0.5 0.6
001103,0.0 0 0.0 0.0 1.0 1.0
001105,0.4 14 0.4 0.2 0.6 0.5 0.8 14 0.9 0.1 1.0 0.8 0.4 15 0.0 0.2 0.2 0.5 0.5 4 0.2 0.4 0.3 0.5 0.6 4 0.2 0.4 0.2 0.5 0.6 14 0.4 0.2 0.6 0.5 0.4 4 0.2 0.4 0.3 0.5 0.5 14 0.4 0.2 0.7 0.7 0.6 14 0.4 0.2 0.6 0.6 0.4 15 0.0 0.2 0.2 0.5 0.3 4 0.2 0.4 0.2 0.5 0.5 4 0.2 0.3 0.3 0.5 0.8 14 0.4 0.2 0.8 0.8
001108,0.3 14 0.6 0.2 0.8 0.5 0.8 14 0.2 0.3 0.4 0.8 0.9 14 0.4 0.3 0.6 0.8 0.7 14 0.5 0.2 0.8 0.7 0.7 14 0.4 0.2 0.8 0.7 0.4 14 0.6 0.2 0.8 0.4
001111,0.8 6 0.3 0.6 0.4 0.6 0.4 6 0.7 0.5 0.8 0.6 0.9 6 0.2 0.6 0.3 0.7 0.8 6 0.7 0.5 0.8 0.6 0.8 6 0.2 0.6 0.2 0.6
001114,0.0 0 0.0 0.0 1.0 1.0
001115,0.0 0 0.0 0.0 1.0 1.0
001116,0.5 14 0.0 0.1 0.6 0.7 0.4 14 0.3 0.1 0.6 0.7 0.8 14 0.0 0.1 0.6 1.0 0.5 14 0.0 0.1 0.9 1.0
001117,0.3 19 0.3 0.1 0.5 0.3
001118,0.6 14 0.4 0.0 0.5 0.2 0.4 14 0.2 0.3 0.4 0.7 0.4 14 0.1 0.4 0.3 0.7 0.3 14 0.0 0.1 0.4 1.0 0.3 14 0.0 0.1 0.3 0.7 0.6 14 0.8 0.5 1.0 0.7 0.7 14 0.1 0.2 0.4 0.8 0.3 14 0.3 0.3 0.5 0.6 0.4 14 0.8 0.5 1.0 0.7 0.4 14 0.1 0.2 0.5 1.0 0.7 14 0.9 0.0 1.0 0.1 0.4 14 0.1 0.4 0.3 0.7 0.6 14 0.0 0.0 0.4 0.8 0.6 14 0.2 0.0 0.4 0.5 0.5 14 0.0 0.0 0.4 1.0 0.4 14 0.1 0.1 0.3 0.5 0.6 14 0.0 0.0 0.3 1.0 0.3 14 0.2 0.2 0.3 0.5 0.8 14 0.0 0.1 0.3 0.8 0.3 14 0.3 0.0 0.4 0.2 0.7 14 0.2 0.3 0.4 0.7 0.6 14 0.4 0.2 0.8 0.7 0.5 14 0.5 0.2 0.8 0.5
001120,0.0 0 0.0 0.0 1.0 1.0
001122,0.0 0 0.0 0.0 1.0 1.0
001123,0.0 0 0.0 0.0 1.0 1.0
001126,0.0 0 0.0 0.0 1.0 1.0
001128,0.0 0 0.0 0.0 1.0 1.0
001131,0.0 0 0.0 0.0 1.0 1.0
001132,0.6 14 0.0 0.1 1.0 1.0
001133,0.4 14 0.0 0.5 0.4 1.0 1.0 14 0.3 0.5 0.5 1.0 0.3 8 0.8 0.7 0.9 1.0 0.3 14 0.5 0.4 0.7 0.9 0.4 14 0.5 0.4 0.7 1.0 0.3 14 0.2 0.5 0.3 1.0 0.4 14 0.5 0.4 0.6 0.9 0.9 14 0.1 0.5 0.3 1.0 0.7 14 0.5 0.4 0.6 1.0 0.7 14 0.5 0.4 0.8 1.0
001134,0.4 15 0.4 0.5 0.4 0.6 0.4 13 0.3 0.5 0.6 0.8 0.6 6 0.6 0.3 0.9 1.0 0.3 15 0.3 0.6 0.3 0.7 0.3 13 0.1 0.5 0.3 0.8
001135,0.7 6 0.3 0.2 0.8 0.8
001138,0.3 19 0.4 0.2 0.5 0.3 0.3 8 0.1 0.3 0.4 0.5 0.3 8 0.1 0.3 0.4 0.6 0.5 8 0.3 0.4 0.4 0.6 0.4 8 0.3 0.4 0.4 0.5 0.4 19 0.3 0.3 0.3 0.3 0.4 8 0.3 0.3 0.4 0.6 0.5 8 0.5 0.3 0.6 0.5
001139,0.3 8 0.1 0.3 0.3 0.5 0.3 8 0.0 0.2 0.3 0.6 0.6 15 0.0 0.2 0.1 0.2 0.3 8 0.0 0.3 0.2 0.6
001141,0.3 14 0.3 0.2 0.3 0.3 1.0 14 0.1 0.3 0.2 0.5 1.0 14 0.0 0.3 0.1 0.5 0.4 15 0.2 0.0 0.3 0.1 0.9 14 0.3 0.2 0.3 0.3 0.4 14 0.1 0.3 0.2 0.6 0.9 14 0.4 0.2 0.4 0.3 0.4 14 0.0 0.3 0.1 0.6 0.6 14 0.3 0.2 0.3 0.3
001146,0.7 14 0.0 0.1 0.5 1.0 0.5 14 0.0 0.2 0.2 0.5 0.8 14 0.0 0.1 0.4 1.0 0.3 14 0.0 0.1 0.2 1.0 0.4 14 0.2 0.1 0.5 0.8
001150,0.7 14 0.4 0.0 0.7 0.4 0.5 14 0.1 0.2 0.7 1.0 0.4 14 0.1 0.0 0.4 0.6 0.8 14 0.1 0.0 0.4 0.3 0.4 14 0.1 0.0 0.7 1.0
001153,0.0 0 0.0 0.0 1.0 1.0
001155,0.8 14 0.6 0.3 0.8 0.6
001157,0.8 14 0.9 0.0 1.0 0.2 0.6 14 0.8 0.0 0.9 0.1 0.6 6 0.0 0.2 0.9 0.5
001159,0.4 14 0.4 0.5 0.5 0.6 0.9 14 0.3 0.1 0.4 0.3 0.5 14 0.3 0.1 0.4 0.2 0.9 14 0.4 0.4 0.6 0.6
001162,0.0 0 0.0 0.0 1.0 1.0
001163,0.3 8 0.6 0.3 0.9 0.6
001165,0.4 14 0.5 0.5 0.6 0.6 0.7 14 0.6 0.5 0.6 0.7 0.7 14 0.5 0.5 0.6 0.7 0.8 14 0.5 0.5 0.6 0.7
001167,0.5 14 0.0 0.0 0.2 0.5 0.5 14 0.6 0.1 0.9 0.6 0.7 14 0.0 0.0 0.3 0.7 0.5 14 0.0 0.0 0.2 0.6 0.5 14 0.7 0.1 0.9 0.6 0.4 14 0.0 0.0 0.1 0.7 0.4 14 0.6 0.0 0.9 0.6 0.3 14 0.4 0.1 0.7 0.7 0.6 14 0.0 0.0 0.2 0.3 0.4 14 0.6 0.1 0.9 0.6 0.7 14 0.4 0.1 0.9 0.7 0.7 14 0.6 0.0 0.8 0.3
001169,0.5 14 0.4 0.1 0.6 0.4 0.4 14 0.2 0.1 0.5 0.4 0.4 14 0.2 0.2 0.7 0.6 0.6 14 0.5 0.3 0.8 0.6 0.9 14 0.2 0.2 0.5 0.6 0.4 14 0.2 0.2 0.5 0.7 0.7 14 0.2 0.1 0.7 0.6 0.4 14 0.4 0.2 0.8 0.7 0.7 14 0.4 0.2 0.6 0.6 0.4 14 0.2 0.1 0.7 0.7 0.8 14 0.3 0.1 0.4 0.3 0.3 14 0.3 0.1 0.4 0.4 0.7 14 0.4 0.2 0.8 0.6 0.5 14 0.4 0.2 0.8 0.7 0.5 14 0.5 0.3 0.6 0.5
001173,0.8 14 0.1 0.4 0.3 0.5 0.7 14 0.0 0.1 0.3 0.7 0.5 14 0.7 0.1 0.9 0.5 0.6 14 0.0 0.1 0.3 0.5 0.4 14 0.7 0.1 1.0 0.5 0.4 14 0.0 0.1 0.1 0.5 0.4 14 0.0 0.1 0.1 0.7 0.8 14 0.7 0.1 0.8 0.4 0.3 14 0.1 0.4 0.3 0.6 0.8 14 0.0 0.1 0.3 0.7 0.4 14 0.0 0.1 0.3 0.5 0.5 14 0.5 0.1 1.0 0.7 0.7 14 0.7 0.1 1.0 0.6 0.5 14 0.7 0.1 0.8 0.2 0.4 14 0.5 0.1 1.0 0.6 0.4 14 0.7 0.1 0.8 0.4
001177,0.5 14 0.6 0.2 0.7 0.4 0.5 14 0.5 0.2 0.8 0.7 0.5 15 0.2 0.4 0.3 0.6 1.0 14 0.2 0.2 0.5 0.5 0.6 14 0.2 0.2 0.5 0.6 0.6 4 0.0 0.2 0.2 0.7 0.7 14 0.6 0.2 0.8 0.7 0.9 14 0.4 0.2 0.8 0.7 0.6 14 0.5 0.2 0.7 0.5 0.4 14 0.6 0.2 0.7 0.5
001178,0.0 0 0.0 0.0 1.0 1.0
001179,0.0 0 0.0 0.0 1.0 1.0
001180,0.5 14 0.1 0.2 0.2 0.5 0.9 14 0.1 0.2 0.4 1.0 0.5 14 0.1 0.2 0.3 1.0 0.7 14 0.1 0.3 0.7 1.0
001181,0.0 0 0.0 0.0 1.0 1.0
001183,1.0 14 0.4 0.2 0.5 0.4
001188,0.4 6 0.8 0.2 0.9 0.3 0.3 6 0.8 0.2 0.9 0.3 0.8 6 0.8 0.2 0.9 0.3 0.8 6 0.7 0.2 0.7 0.2 0.4 6 0.7 0.2 0.7 0.2 0.3 6 0.8 0.2 0.9 0.2 0.6 6 0.1 0.2 0.2 0.3 0.4 6 0.8 0.2 0.9 0.2 0.5 6 0.6 0.1 0.7 0.2 0.5 6 0.8 0.2 0.9 0.2 0.8 6 0.2 0.2 0.3 0.2 0.9 6 0.1 0.2 0.2 0.3 0.8 6 0.6 0.2 0.6 0.2 0.6 6 0.5 0.2 0.6 0.2 0.7 6 0.1 0.2 0.2 0.3 0.4 6 0.8 0.2 0.9 0.3 0.3 6 0.8 0.2 0.9 0.3 0.4 6 0.6 0.2 0.6 0.2 0.8 6 0.8 0.2 0.9 0.2 0.3 6 0.6 0.1 0.7 0.2 0.8 6 0.7 0.1 0.8 0.1
001189,0.6 8 0.5 0.5 0.6 0.7 0.5 8 0.2 0.5 0.4 0.8 0.4 8 0.2 0.5 0.4 0.8 0.4 8 0.2 0.5 0.5 0.8 0.4 8 0.5 0.5 0.6 0.8 0.3 8 0.1 0.5 0.2 0.7 0.3 8 0.5 0.4 0.6 0.6 0.6 8 0.1 0.5 0.2 0.7 0.3 8 0.2 0.5 0.5 0.7 0.7 8 0.5 0.5 0.6 0.8
001190,0.0 0 0.0 0.0 1.0 1.0
001193,0.9 6 0.0 0.2 0.2 0.3 0.3 6 0.4 0.4 0.7 0.5 0.3 6 0.0 0.2 0.2 0.3 0.3 6 0.0 0.3 0.7 0.9 0.4 6 0.0 0.2 0.2 0.3 0.3 6 0.0 0.2 0.2 0.3
001195,0.0 0 0.0 0.0 1.0 1.0
001196,0.0 0 0.0 0.0 1.0 1.0
001197,0.0 0 0.0 0.0 1.0 1.0
001198,0.9 14 0.6 0.2 0.7 0.3 0.5 6 0.7 0.2 0.9 0.3 0.7 14 0.8 0.2 0.9 0.4 0.5 14 0.8 0.2 0.9 0.3 0.8 14 0.7 0.2 0.7 0.3 0.6 14 0.8 0.2 0.9 0.3 0.6 6 0.0 0.1 0.7 0.7 0.4 6 0.7 0.2 0.9 0.4 0.4 14 0.6 0.2 0.7 0.4 0.8 14 0.8 0.2 0.9 0.3 0.5 14 0.7 0.2 0.7 0.3
001202,0.0 0 0.0 0.0 1.0 1.0
001208,0.8 14 0.0 0.1 0.2 0.7 0.3 14 0.0 0.1 0.4 1.0 0.6 14 0.0 0.1 0.2 0.5 0.7 14 0.0 0.1 0.2 1.0 0.3 14 0.3 0.4 0.7 1.0 0.4 14 0.3 0.3 0.8 1.0
001210,0.9 14 0.4 0.4 0.4 0.6 0.8 14 0.0 0.4 0.0 0.5 0.9 14 0.3 0.4 0.4 0.5 0.6 15 0.1 0.4 0.2 0.6 0.9 14 0.5 0.4 0.5 0.5 1.0 14 0.0 0.4 0.1 0.5 0.4 15 0.1 0.4 0.2 0.6 0.4 14 0.4 0.4 0.4 0.5 0.8 14 0.5 0.5 0.5 0.6
001213,0.6 14 0.4 0.2 0.6 0.9 0.3 14 0.5 0.2 0.6 0.6 0.3 1 0.4 0.8 0.5 0.9 0.3 14 0.5 0.2 0.6 0.5 0.3 14 0.5 0.2 0.6 0.5 0.6 14 0.5 0.2 0.6 0.3 0.3 14 0.5 0.2 0.6 0.5 0.5 1 0.4 0.8 0.6 0.9 0.4 14 0.5 0.2 0.6 0.5
001216,0.0 0 0.0 0.0 1.0 1.0
001217,0.3 14 0.1 0.2 0.9 0.8 0.6 14 0.1 0.5 0.3 0.8 0.3 14 0.0 0.0 0.9 0.7 0.5 14 0.0 0.0 0.9 1.0
001218,0.0 0 0.0 0.0 1.0 1.0
001219,0.8 14 0.8 0.3 0.8 0.4 0.9 14 0.9 0.3 1.0 0.5 0.7 14 1.0 0.3 1.0 0.6 0.9 14 0.8 0.3 1.0 0.4 0.4 14 0.8 0.3 1.0 0.6
001220,0.8 14 0.3 0.0 0.5 0.3 0.4 14 0.1 0.2 0.8 0.7 0.6 14 0.4 0.3 0.5 0.5 0.3 14 0.2 0.0 0.6 0.7 0.4 14 0.2 0.0 0.6 0.6 0.4 14 0.4 0.2 0.7 0.5 0.5 14 0.1 0.2 0.8 1.0 0.4 14 0.2 0.3 0.6 0.7
001222,0.4 6 0.3 0.3 0.4 0.4 0.9 14 0.0 0.4 0.1 0.5 0.4 6 0.2 0.4 0.9 0.7
001223,0.3 0 0.0 0.3 1.0 0.6
001227,0.3 14 0.3 0.5 0.4 0.6 0.5 14 0.2 0.5 0.3 0.6 0.7 14 0.3 0.5 0.4 0.6 0.6 14 0.2 0.5 0.2 0.6 0.4 14 0.2 0.5 0.3 0.6 0.9 14 0.5 0.5 0.5 0.6 0.4 14 0.2 0.5 0.3 0.6 0.9 14 0.1 0.5 0.2 0.6 0.8 14 0.3 0.5 0.4 0.6
001228,0.4 14 0.5 0.1 0.6 0.3 0.7 14 0.7 0.0 0.8 0.1 0.9 14 0.1 0.0 0.2 0.4 0.7 14 0.7 0.0 0.9 0.2 0.9 14 0.5 0.0 0.6 0.4 0.8 14 0.0 0.1 0.1 0.3 0.5 14 0.3 0.1 0.5 0.4 0.5 14 0.7 0.0 0.9 0.3 0.6 14 0.0 0.1 0.1 0.4 0.3 14 0.7 0.0 0.9 0.2 0.9 14 0.3 0.0 0.4 0.4 0.9 14 0.5 0.1 0.6 0.4 0.9 14 0.3 0.0 0.5 0.4 0.4 14 0.3 0.0 0.4 0.3 0.5 14 0.1 0.0 0.2 0.3 0.7 14 0.0 0.1 0.1 0.2 1.0 14 0.0 0.1 0.2 0.4 0.9 14 0.6 0.0 0.9 0.4 0.4 14 0.7 0.0 0.9 0.4 0.4 14 0.5 0.0 0.6 0.3
001232,0.0 0 0.0 0.0 1.0 1.0
001235,0.0 0 0.0 0.0 1.0 1.0
001238,1.0 14 0.3 0.2 0.5 0.5 0.5 1 0.3 0.4 0.4 0.6
001242,0.3 14 0.4 0.0 0.6 0.5 0.3 14 0.5 0.0 0.9 0.6 0.3 14 0.4 0.3 0.9 0.6 0.4 14 0.3 0.0 0.6 0.6 0.6 14 0.1 0.0 0.5 0.6 0.4 14 0.4 0.0 0.8 0.6 0.4 14 0.2 0.0 0.6 0.6 0.3 14 0.3 0.0 0.6 0.6 0.4 14 0.1 0.0 0.5 0.6 0.5 14 0.0 0.0 0.6 1.0 0.4 14 0.2 0.0 0.5 0.6 0.3 14 0.4 0.4 0.8 0.6 0.4 14 0.4 0.0 0.9 0.6 0.3 14 0.5 0.0 0.8 0.6 0.3 14 0.4 0.4 0.8 0.6 0.4 14 0.4 0.0 1.0 1.0
001243,0.9 14 0.2 0.0 0.6 1.0
001244,0.4 4 0.4 0.2 0.4 0.3 0.7 14 0.4 0.0 0.8 0.5 0.7 14 0.5 0.0 0.7 0.6 1.0 14 0.0 0.2 0.4 0.6 0.7 14 0.4 -0.0 0.8 0.6 0.4 14 0.5 0.1 0.7 0.5 0.5 8 0.5 0.4 0.7 0.6
001245,0.7 14 0.3 0.3 0.4 0.5 0.4 1 0.3 0.3 0.5 0.5 0.8 14 0.1 0.3 0.1 0.4 0.4 14 0.5 0.2 0.6 0.5 0.8 14 0.0 0.3 0.1 0.4 0.9 14 0.3 0.3 0.4 0.4 0.4 14 0.3 0.3 0.5 0.5 0.6 14 0.4 0.2 0.6 0.5
001246,0.0 0 0.0 0.0 1.0 1.0
001249,0.3 14 0.0 0.4 0.3 0.9 0.4 14 0.4 0.0 0.5 0.2 0.5 14 0.0 0.1 0.3 0.7 0.4 14 0.0 0.4 0.4 0.9 0.3 14 0.4 0.0 0.5 0.4 0.9 14 0.0 0.1 0.3 0.9 0.4 14 0.0 0.0 0.7 1.0
001251,0.8 14 0.3 0.2 0.4 0.3 0.3 14 0.3 0.2 0.4 0.5 0.7 14 0.0 0.3 0.1 0.7 0.9 14 0.0 0.0 0.2 0.5 0.4 14 0.0 0.1 0.1 0.5 0.4 14 0.1 0.0 0.7 0.7 0.7 14 0.0 0.1 0.1 0.7 0.9 14 0.2 0.2 0.3 0.3 0.5 14 0.0 0.1 0.3 0.8 0.4 14 0.1 0.0 0.2 0.4 0.7 14 0.0 0.1 0.1 0.3 0.9 14 0.0 0.0 0.2 0.7 0.8 14 0.2 0.0 0.7 0.7 0.7 14 0.0 0.1 0.2 0.7 0.5 14 0.3 0.2 0.3 0.3 0.3 14 0.0 0.1 0.2 0.5
001252,0.4 15 0.0 0.2 0.1 0.3 0.6 6 0.1 0.2 0.7 0.6
001253,0.3 14 0.5 0.2 0.7 0.8 0.3 14 0.4 0.2 0.7 0.7 0.3 6 0.1 0.4 0.4 0.6 0.7 14 0.0 0.2 0.2 0.7 0.8 14 0.4 0.2 0.7 0.9 0.9 14 0.4 0.2 0.7 1.0
001255,0.3 14 0.5 0.5 0.6 0.7
001256,1.0 14 0.7 0.4 0.8 0.7
001257,0.0 0 0.0 0.0 1.0 1.0
001261,0.8 14 0.2 0.3 0.6 1.0 0.7 14 0.7 0.3 1.0 1.0 0.4 14 0.0 0.1 0.4 0.8 0.4 14 0.2 0.1 0.5 0.9 0.4 14 0.2 0.1 0.4 0.7 0.9 14 0.0 0.1 0.5 1.0 0.5 14 0.3 0.3 0.6 1.0 0.7 14 0.6 0.3 1.0 1.0
001262,0.0 0 0.0 0.0 1.0 1.0
001264,0.4 13 0.1 0.1 0.9 0.9 0.4 13 0.1 0.1 0.9 0.9
001267,0.9 14 0.4 0.6 0.5 0.7 0.7 6 0.6 0.5 1.0 0.8 0.3 6 0.3 0.6 0.4 0.6 0.8 6 0.3 0.6 0.4 0.6 0.9 14 0.2 0.6 0.3 0.7 0.8 14 0.5 0.5 0.5 0.7 0.3 14 0.4 0.5 0.5 0.7 0.5 6 0.3 0.6 0.4 0.6
001271,0.9 14 0.4 0.0 0.4 0.2 0.8 14 0.1 0.0 0.2 0.4 0.9 14 0.0 0.0 0.1 0.5 0.7 14 0.0 0.2 0.1 0.4 0.7 14 0.1 0.1 0.6 1.0 0.9 14 0.6 0.0 0.8 0.3
001275,0.6 14 0.1 0.3 0.1 0.3 0.7 14 0.2 0.3 0.2 0.4 0.6 14 0.1 0.2 0.1 0.3 0.4 14 0.3 0.2 0.3 0.3 0.4 14 0.1 0.3 0.2 0.5
001276,0.3 8 0.8 0.5 1.0 0.8 0.3 8 0.6 0.4 0.8 0.7 0.4 15 0.1 0.4 0.2 0.6
001278,0.8 14 0.0 0.2 0.1 0.2
001280,0.7 6 0.1 0.2 1.0 0.7
001282,0.4 14 0.1 0.1 0.5 0.6 0.9 14 0.1 0.1 0.5 0.8 0.4 14 0.1 0.1 0.7 0.8 0.9 14 0.5 0.1 0.7 0.8
001283,0.3 6 0.4 0.3 0.7 0.4 0.6 6 0.4 0.3 0.6 0.4 0.9 6 0.4 0.3 0.7 0.4
001285,0.8 14 0.6 0.3 0.6 0.4 0.6 14 0.5 0.3 0.7 0.6 0.5 14 0.4 0.3 0.7 0.6
001291,0.6 6 0.0 0.0 0.9 0.7
001295,0.0 0 0.0 0.0 1.0 1.0
001296,0.5 14 0.3 0.1 0.6 0.4 0.9 14 0.3 0.1 0.6 0.6 0.3 13 0.1 0.2 0.7 0.7 0.5 14 0.4 0.3 0.6 0.6
001297,0.7 14 0.3 0.1 0.5 0.4 0.3 14 0.2 0.2 0.6 0.8 0.5 14 0.2 0.2 0.6 0.7 0.7 14 0.0 0.2 0.5 0.9 0.3 14 0.0 0.3 0.3 0.9 0.4 14 0.0 0.2 0.6 0.9 0.7 14 0.0 0.3 0.3 0.7 0.3 14 0.2 0.2 0.6 0.8 0.4 14 0.2 0.2 0.6 0.8
001300,0.3 14 0.0 0.2 0.5 1.0
001301,0.3 14 0.5 0.1 0.6 0.2 0.4 14 0.7 0.0 0.9 0.7 0.5 6 0.0 0.1 0.6 0.6 0.8 14 0.6 0.0 0.8 0.6 0.3 14 0.6 0.0 0.9 0.7
001302,0.0 0 0.0 0.0 1.0 1.0
001303,0.4 14 0.0 0.0 0.4 0.6 0.5 14 0.7 -0.0 0.9 0.4 0.9 14 0.0 0.0 0.4 1.0
001305,0.0 0 0.0 0.0 1.0 1.0
001306,0.0 0 0.0 0.0 1.0 1.0
001307,0.6 14 0.6 0.2 0.6 0.3 0.8 14 0.4 0.1 0.5 0.3 0.8 14 0.8 0.1 1.0 0.7 0.5 14 0.0 0.0 0.3 0.5 0.8 14 0.7 0.2 0.7 0.3 0.8 14 0.9 0.1 1.0 0.3 0.6 14 0.1 0.1 0.4 0.7 0.3 14 0.4 0.1 0.5 0.5 0.3 14 0.0 0.0 0.3 0.5 0.8 14 0.7 0.2 0.8 0.2 0.8 14 0.6 0.1 0.7 0.3 0.5 14 0.0 0.0 0.5 0.6 0.8 14 0.0 0.2 0.0 0.3 0.4 14 0.3 0.1 0.4 0.4 0.8 14 0.6 0.1 0.7 0.3 0.9 14 0.4 0.1 0.5 0.5 0.9 14 0.0 0.0 0.4 0.6 0.8 14 0.3 0.1 0.4 0.2 0.4 14 0.6 0.1 0.7 0.5 0.4 14 0.1 0.1 0.1 0.2 0.9 14 0.8 0.1 0.9 0.7 0.9 14 0.7 0.2 0.7 0.3
001308,0.4 6 0.2 0.1 0.9 0.7 0.9 6 0.7 0.1 0.8 0.2 0.5 14 0.0 0.0 0.1 0.1 0.5 6 0.2 0.1 0.9 0.7 0.4 6 0.7 0.1 0.8 0.2 0.9 6 0.7 0.1 0.8 0.2
001313,0.0 0 0.0 0.0 1.0 1.0
001317,0.0 0 0.0 0.0 1.0 1.0
001318,0.4 6 0.4 0.4 0.6 0.5 0.8 14 0.2 0.3 0.3 0.4 0.7 6 0.1 0.4 0.3 0.6 0.4 6 0.0 0.4 0.3 0.6 0.4 6 0.1 0.4 0.2 0.6
001319,0.8 14 0.2 0.2 0.5 0.7 0.8 14 0.2 0.2 0.5 0.7 0.4 14 0.2 0.2 0.7 0.7 0.3 14 0.1 0.2 0.5 0.6
001320,0.9 14 0.5 0.1 0.6 0.5 0.8 14 0.5 0.1 0.6 0.6
001321,0.3 6 0.5 0.3 0.8 0.5
001322,0.3 14 0.0 0.0 0.4 0.7
001328,0.4 14 0.2 0.3 0.5 0.6 0.5 6 -0.0 0.0 0.9 1.0
001329,0.4 14 0.1 0.4 0.1 0.5 0.3 6 0.6 0.3 0.7 0.4 0.4 6 0.5 0.9 0.6 0.9
001331,0.8 6 0.7 0.4 0.8 0.5 0.7 6 0.8 0.3 0.9 0.6 0.5 6 0.1 0.4 0.7 0.8 0.4 6 0.1 0.1 0.7 0.8 0.3 6 0.7 0.3 0.9 0.5
001335,0.3 6 0.0 0.5 0.2 0.8 0.4 14 0.9 0.5 0.9 0.6 0.6 14 0.9 0.5 0.9 0.6 0.5 14 1.0 0.5 1.0 0.6 0.9 6 0.0 0.5 0.2 0.8 0.4 14 0.9 0.5 0.9 0.6
001336,0.5 1 0.1 0.4 0.6 0.9 0.7 14 0.2 0.1 0.6 0.7
001338,0.4 19 0.4 0.2 0.6 0.4 0.7 14 0.3 0.2 0.4 0.5 0.6 14 0.3 0.2 0.4 0.3
001339,0.7 14 0.1 0.0 0.9 1.0
001340,0.5 14 0.4 0.3 0.6 0.6 0.5 14 0.3 0.3 0.6 1.0 0.3 14 0.6 0.6 0.9 1.0 0.7 14 0.1 0.3 0.7 1.0 0.4 14 0.0 0.3 0.2 0.6 0.3 14 0.4 0.3 0.6 0.8 0.7 14 0.0 0.3 0.4 1.0 0.7 14 0.1 0.3 0.2 0.4 0.3 14 0.1 0.1 0.7 1.0 0.3 14 0.0 0.3 0.7 1.0 0.4 14 0.4 0.3 0.6 1.0 0.6 14 0.4 0.3 0.7 1.0
001342,0.5 14 0.7 0.5 0.9 0.9 0.9 14 0.7 0.5 0.9 1.0
001344,0.0 0 0.0 0.0 1.0 1.0
001347,0.6 14 0.2 0.2 0.8 1.0 0.8 4 0.4 0.7 0.5 0.8 0.4 14 0.2 0.2 0.4 0.8 0.7 4 0.4 0.7 0.5 0.9 0.3 14 0.4 0.2 0.5 0.6 0.6 4 0.4 0.7 0.5 0.9 0.8 14 0.2 0.2 0.5 1.0 0.5 14 0.4 0.2 0.5 0.8 0.5 14 0.0 0.2 0.5 1.0 0.4 14 0.2 0.7 0.5 1.0 0.6 14 0.2 0.2 0.9 1.0 0.3 14 0.4 0.2 0.9 1.0
001349,0.5 14 0.2 0.9 0.2 1.0
001351,0.6 14 0.2 0.5 0.4 1.0 0.7 14 0.7 0.2 0.9 1.0 0.4 14 0.2 0.5 0.4 0.9 0.8 14 0.1 0.4 0.3 0.8 0.9 14 0.1 0.5 0.4 1.0 0.3 8 0.3 0.4 0.4 0.6 0.9 14 0.1 0.4 0.3 0.9 0.5 14 0.1 0.4 0.2 0.5 0.8 14 0.7 0.2 0.9 0.7 0.4 14 0.7 0.5 0.9 1.0 0.6 14 0.7 0.2 0.9 0.7 0.8 14 0.6 0.2 0.9 1.0
001353,0.4 14 0.3 0.0 0.6 0.4 0.8 14 0.2 0.3 0.7 1.0 0.8 14 0.0 0.1 0.1 0.5 0.8 14 0.2 0.0 0.6 1.0 0.9 14 0.0 0.1 0.2 1.0 0.4 14 0.2 0.0 0.7 1.0 0.5 14 0.0 0.1 0.2 0.8
001354,0.9 14 0.3 0.1 0.5 0.6 0.4 14 0.3 0.1 0.7 0.9 0.5 14 0.7 0.8 0.9 1.0 0.3 14 0.3 0.1 0.5 0.7 0.4 4 0.6 0.7 0.7 1.0 0.9 14 0.2 0.1 0.3 0.6 0.8 14 0.3 0.1 0.5 0.7 0.7 14 0.2 0.1 0.3 0.5 0.6 14 0.0 0.1 0.3 0.8 1.0 14 0.0 0.1 0.3 0.7 0.4 14 0.2 0.1 0.3 0.5 0.4 14 0.3 0.1 0.7 1.0 0.9 14 0.8 0.8 0.9 1.0 0.8 14 0.4 0.2 0.7 0.8
001355,0.6 6 0.0 0.3 0.1 0.4 0.4 6 0.7 0.3 0.9 0.4 0.8 6 0.0 0.5 0.1 0.6 0.7 6 0.1 0.3 0.1 0.4
001356,0.5 6 0.1 0.2 1.0 0.7 0.8 6 0.0 0.2 1.0 0.7
001357,0.3 6 0.1 0.3 0.8 0.7 1.0 14 0.2 0.0 0.4 0.5
001358,0.6 14 0.3 0.3 0.6 0.6 0.4 6 0.0 0.0 0.3 0.3 0.3 6 0.7 0.0 0.8 0.1 0.5 6 0.7 0.0 0.8 0.1 0.9 14 0.0 0.1 0.1 0.4 0.9 6 0.7 0.0 0.8 0.1 0.7 14 0.2 0.1 0.3 0.2 1.0 14 0.1 0.2 0.3 0.6 0.9 14 0.2 0.1 0.3 0.2 0.5 6 0.0 0.1 0.3 0.3 0.5 6 0.0 0.1 0.3 0.3 0.8 14 0.4 0.3 0.6 0.6 0.6 6 0.0 0.1 0.3 0.3 0.7 6 0.7 0.0 0.8 0.1
001359,0.0 0 0.0 0.0 1.0 1.0
001363,0.4 14 0.7 0.2 0.8 0.5 0.4 14 0.6 0.2 0.8 0.5 0.3 14 0.5 0.2 0.5 0.3 0.3 14 0.4 0.2 0.5 0.6 0.9 14 0.5 0.2 0.6 0.4 0.3 14 0.4 0.2 0.6 0.4 0.9 14 0.7 0.2 0.8 0.3 0.9 14 0.4 0.2 0.5 0.4 0.9 14 0.6 0.2 0.7 0.4
001366,0.5 14 0.5 0.3 0.7 0.7 0.9 14 0.5 0.3 0.6 0.6 1.0 14 0.1 0.3 0.2 0.6 0.4 14 0.5 0.3 0.7 0.7 0.9 14 0.4 0.3 0.5 0.5 0.5 14 0.5 0.3 0.7 0.7
001367,0.0 0 0.0 0.0 1.0 1.0
001368,0.4 8 0.6 0.5 0.7 0.7 0.9 14 0.2 0.1 0.5 0.6 0.3 14 0.2 0.1 0.5 0.6 0.5 8 0.6 0.5 0.7 0.9
001369,0.7 6 0.0 0.1 0.7 0.9 0.5 6 0.0 0.1 0.7 0.4
001370,0.6 14 0.0 0.1 0.4 0.6 0.3 1 0.1 0.4 0.5 1.0 0.8 14 0.0 0.1 0.4 1.0 0.7 14 0.3 0.1 0.7 0.9 0.7 14 0.4 0.1 0.7 0.8
001372,0.9 14 0.4 0.1 0.6 0.9 0.3 14 0.6 0.2 0.7 0.5 0.4 14 0.4 0.1 0.5 0.3 0.4 14 0.1 0.2 0.6 0.9 0.5 14 0.5 0.2 0.6 0.3 0.5 14 0.1 0.1 0.6 1.0
001373,0.3 6 0.5 0.4 0.5 0.4 0.4 6 0.9 0.3 1.0 0.4
001374,0.3 8 0.4 0.5 0.6 0.6 0.3 8 0.6 0.4 0.9 0.7 0.4 8 0.4 0.5 0.6 0.6
001376,1.0 14 0.4 0.3 0.5 0.7 0.9 6 0.7 0.4 0.8 0.5 0.8 6 0.0 0.4 0.1 0.4 0.4 6 0.1 0.4 0.1 0.4 0.6 6 0.7 0.4 0.7 0.5 0.5 6 0.7 0.4 0.8 0.4
001377,0.0 0 0.0 0.0 1.0 1.0
001379,0.7 6 0.1 0.1 0.8 0.6
001380,0.3 15 0.8 0.6 1.0 1.0
001381,0.0 0 0.0 0.0 1.0 1.0
001382,0.4 6 0.8 0.7 0.9 0.8 0.9 6 0.8 0.8 1.0 1.0 0.7 6 0.7 0.7 0.9 0.8 0.8 6 0.6 0.7 0.9 0.8 0.9 14 0.2 0.7 0.2 0.9 0.8 6 0.2 0.7 0.6 1.0 0.9 14 0.0 0.7 0.1 1.0 0.4 6 0.2 0.7 0.6 1.0 0.4 6 0.0 0.7 0.1 0.9 0.9 14 0.1 0.7 0.1 0.9 0.6 6 0.7 0.7 0.9 0.8 0.9 6 0.6 0.8 0.8 1.0 0.4 6 0.6 0.7 0.9 0.8 0.7 6 0.0 0.7 0.1 0.9 0.4 6 0.8 0.8 1.0 1.0 0.8 6 0.5 0.7 0.6 0.9 0.4 6 0.6 0.7 0.9 0.8 0.5 6 0.5 0.8 0.8 1.0
001389,0.4 4 0.2 0.4 0.2 0.5 0.5 6 0.7 0.3 0.8 0.4 0.3 6 0.5 0.3 0.8 0.4
001391,0.5 14 0.0 0.5 0.6 1.0
001392,0.0 0 0.0 0.0 1.0 1.0
001394,0.6 6 0.3 0.2 1.0 0.9
001396,0.0 0 0.0 0.0 1.0 1.0
001398,0.4 14 0.1 0.0 0.9 1.0 0.5 14 0.1 0.0 0.9 1.0
001399,0.9 14 0.2 0.8 0.3 1.0 0.6 14 0.3 0.9 0.4 1.0 0.4 14 0.2 0.5 0.3 0.7 0.8 14 0.2 0.5 0.4 1.0 0.4 14 0.2 0.8 0.4 1.0 0.6 14 0.2 0.5 0.4 0.7 0.4 14 0.2 0.5 0.3 1.0 0.3 14 0.2 0.5 0.3 0.7
001401,0.0 0 0.0 0.0 1.0 1.0
001403,0.4 6 0.6 0.3 0.6 0.3 0.5 1 0.7 0.6 0.9 0.8 1.0 14 0.6 0.4 0.7 0.8 1.0 14 0.2 0.4 0.2 0.7 0.9 14 0.3 0.4 0.4 0.8 0.4 14 0.3 0.6 0.4 0.8 0.5 14 0.6 0.4 0.6 0.6 0.9 14 0.4 0.4 0.5 0.7 1.0 14 0.1 0.4 0.2 0.7 0.4 1 0.1 0.5 0.9 0.8 0.5 1 0.5 0.5 0.9 0.8 1.0 14 0.7 0.4 0.8 0.8 0.7 14 0.6 0.4 0.6 0.8 0.4 6 0.6 0.3 0.6 0.3 0.3 14 0.6 0.4 0.6 0.7 0.3 1 0.3 0.5 0.9 0.8
001407,0.4 8 0.1 0.8 0.3 1.0 0.5 8 0.0 0.6 0.2 1.0 0.6 4 0.4 0.6 0.4 0.7 0.6 8 0.1 0.8 0.3 1.0 0.3 8 0.0 0.6 0.1 0.8 0.4 8 0.1 0.8 0.3 1.0 0.4 8 0.0 0.6 0.2 0.9 0.4 8 0.1 0.8 0.3 1.0 0.5 8 0.0 0.6 0.2 1.0 0.5 8 0.0 0.6 0.2 0.9 0.6 8 0.7 0.7 0.8 1.0
001410,0.4 6 0.6 0.8 0.7 0.8 0.8 6 0.1 0.2 0.2 0.3 0.4 6 0.5 0.8 0.7 0.8 0.3 6 0.1 0.2 0.2 0.3
001411,0.3 14 0.4 0.5 0.5 0.7 0.6 14 0.3 0.7 0.5 1.0 0.4 14 0.5 0.1 0.8 1.0 0.6 14 0.0 0.3 0.3 0.6 0.8 14 0.0 0.3 0.3 0.8 0.6 14 0.0 0.3 0.3 0.8 0.3 14 0.1 0.3 0.2 0.4 0.4 14 0.0 0.3 0.3 1.0 0.4 14 0.2 0.4 0.3 0.5 0.7 14 0.0 0.3 0.3 0.7 0.5 14 0.3 0.4 0.5 0.7 0.4 14 0.1 0.3 0.3 0.6 0.6 14 0.3 0.1 0.8 1.0 0.8 14 0.3 0.1 0.9 1.0 0.6 14 0.4 0.1 0.9 1.0
001412,0.9 14 0.3 0.3 0.6 0.9 0.6 14 0.4 0.3 0.6 0.9
001415,0.0 0 0.0 0.0 1.0 1.0
001416,0.5 14 0.4 0.2 0.7 0.6 0.4 14 0.7 0.1 1.0 0.7 0.3 14 0.6 0.2 1.0 0.7 0.5 14 0.8 0.2 1.0 0.7 0.5 14 0.0 0.0 0.4 0.5 0.4 14 0.0 0.2 0.7 0.7 0.3 14 0.7 0.1 1.0 0.6 0.3 14 0.0 0.2 0.4 0.7 0.8 14 0.0 0.0 0.4 0.7 0.6 14 0.6 0.1 1.0 0.7 0.3 14 0.0 0.1 0.4 0.6 0.4 14 0.4 0.2 0.7 0.6 0.4 14 0.7 0.1 1.0 0.7 0.3 14 0.4 0.2 0.7 0.6 0.5 14 0.4 0.1 1.0 0.7
001417,0.8 14 0.3 0.1 0.5 0.4 0.8 14 0.2 0.1 0.6 0.4 0.4 14 0.3 0.1 0.5 0.3
001419,0.4 14 0.2 0.0 0.7 0.8 0.9 14 0.1 0.1 0.4 0.5 0.5 14 0.1 0.0 0.7 0.5 0.4 14 0.2 0.0 0.7 0.7 0.5 14 0.0 0.1 0.4 1.0 0.5 14 0.2 0.0 0.7 1.0 0.5 14 0.2 0.0 0.7 0.8
001422,0.8 6 0.1 0.2 0.9 0.6
001423,0.4 14 0.6 0.1 0.8 0.5 0.4 14 0.2 0.1 0.4 0.7 0.4 14 0.6 0.1 0.7 0.4 0.5 14 0.4 0.1 0.7 0.7 0.7 14 0.3 0.2 0.6 0.7 0.6 14 0.6 0.1 0.7 0.6 0.3 14 0.2 0.1 0.5 0.7 0.8 14 0.4 0.2 0.6 0.7 0.5 14 0.2 0.1 0.4 0.4 0.6 14 0.3 0.2 0.5 0.7 0.3 14 0.2 0.1 0.7 0.6 0.4 14 0.4 0.1 0.7 0.7 0.4 14 0.5 0.1 0.7 0.6 0.4 14 0.6 0.1 0.7 0.6
001424,0.9 14 0.3 0.6 0.3 0.7 0.4 14 0.4 0.7 0.4 0.7 0.8 14 0.3 0.6 0.4 0.7 0.8 14 0.0 0.6 0.0 0.8 0.4 6 0.4 0.6 0.6 0.7
001425,0.0 0 0.0 0.0 1.0 1.0
001428,0.4 6 0.5 0.3 0.6 0.4 0.6 6 0.5 0.3 0.7 0.4 0.3 6 0.5 0.3 0.6 0.4 0.6 6 0.5 0.3 0.6 0.4
001429,0.4 14 0.4 0.3 0.7 1.0 0.6 14 0.0 0.1 0.3 0.7 0.3 4 0.8 0.1 0.9 0.3 0.6 4 0.7 0.2 0.8 0.5 0.9 14 0.0 0.1 0.3 0.7 0.7 14 0.4 0.4 0.7 0.7 0.4 14 0.4 0.3 0.8 0.7 0.5 14 0.0 0.1 0.5 1.0 0.7 14 0.0 0.1 0.3 1.0 0.6 14 0.4 0.3 0.8 1.0 0.7 4 0.8 0.1 0.9 0.4 0.6 4 0.7 0.2 0.8 0.4
001431,0.4 15 0.3 0.3 0.5 0.5 0.8 14 0.5 0.0 0.9 0.3 0.5 14 0.5 0.0 0.9 0.4 0.6 15 0.3 0.3 0.5 0.5 0.6 15 0.3 0.3 0.5 0.5 0.4 4 0.0 0.3 0.2 0.6 0.8 14 0.5 0.0 0.7 0.3 0.6 14 0.5 -0.0 0.9 0.5
001433,0.0 0 0.0 0.0 1.0 1.0
001435,0.6 6 0.0 0.4 0.0 0.5 0.4 6 0.4 0.4 0.6 0.5 0.4 6 0.7 0.3 0.9 0.4 0.8 6 0.4 0.5 0.8 0.6 0.9 14 0.2 0.3 0.3 0.4 0.7 14 0.4 0.3 0.4 0.4 0.7 14 0.3 0.3 0.4 0.4 0.8 6 0.8 0.4 0.9 0.4 0.8 14 0.8 0.3 0.8 0.3 0.9 14 0.8 0.3 0.8 0.3 0.9 6 0.0 0.5 0.4 0.7 0.9 14 0.8 0.3 0.8 0.3 0.6 6 0.2 0.3 0.3 0.4 0.5 6 0.4 0.4 0.6 0.4 0.5 6 0.2 0.3 0.6 0.5 0.8 14 0.1 0.3 0.1 0.4 0.7 14 0.2 0.3 0.3 0.4 0.9 6 0.7 0.3 0.9 0.4 0.9 6 0.0 0.3 0.2 0.4 0.5 14 0.3 0.3 0.3 0.4 0.7 6 0.3 0.4 0.5 0.4 0.7 6 0.2 0.4 0.6 0.5 0.3 6 0.2 0.4 0.8 0.6 0.7 6 0.2 0.4 0.8 0.6 0.8 6 0.6 0.3 0.7 0.4
001437,0.5 14 0.4 0.1 0.6 0.3 0.5 15 0.0 0.1 0.3 0.6 0.4 14 0.3 0.1 0.8 0.3 0.3 15 0.0 0.2 0.1 0.4 0.6 14 0.3 0.1 0.8 0.7 0.4 15 0.0 0.1 0.1 0.6 0.3 15 0.1 0.1 0.3 0.6 0.3 15 0.0 0.1 0.3 0.6 0.7 14 0.3 0.1 0.6 0.3 0.3 15 0.0 0.1 0.3 0.6 0.3 15 0.2 0.3 0.3 0.4 0.4 15 0.0 0.1 0.2 0.6
001438,0.6 14 0.0 0.3 0.6 1.0 0.5 14 0.0 0.0 0.1 0.5 0.8 14 0.3 0.0 0.6 0.5 0.6 14 0.0 0.0 0.6 1.0
001440,0.0 0 0.0 0.0 1.0 1.0
001446,0.4 14 0.2 0.4 0.4 0.6
001447,0.4 13 0.2 0.2 0.7 0.6 0.9 14 0.3 0.1 0.5 0.5
001448,1.0 14 0.2 0.4 0.3 0.7 0.8 14 0.0 0.4 0.0 0.7 1.0 14 0.0 0.4 0.3 0.9
001449,0.3 6 0.0 0.2 0.3 0.5
001452,0.4 15 0.4 0.3 0.5 0.4 0.5 15 0.4 0.4 0.5 0.4 0.6 15 0.4 0.3 0.5 0.4 0.4 14 0.2 0.2 0.3 0.5 0.5 15 0.4 0.3 0.5 0.4 0.9 14 0.1 0.2 0.4 0.9
001454,0.0 0 0.0 0.0 1.0 1.0
001456,0.4 14 0.5 0.2 0.7 0.5 0.4 14 0.5 0.2 0.9 0.7 0.4 14 0.5 0.2 0.7 0.6 0.3 14 0.8 0.3 0.9 0.5 0.5 14 0.5 0.0 0.7 0.7 0.3 14 0.5 0.2 0.9 0.7 0.4 14 0.5 0.2 0.7 0.7 0.4 14 0.5 0.3 0.9 0.7 0.5 14 0.5 0.0 0.9 0.7 0.3 14 0.5 0.0 0.8 1.0 0.5 14 0.8 0.3 0.9 0.5 0.5 14 0.5 0.0 0.9 1.0
001458,0.5 14 0.6 0.3 0.7 0.4 0.3 14 0.0 0.2 0.7 1.0 0.3 14 0.2 0.2 0.7 0.6 0.5 14 0.5 0.2 0.7 0.4
001459,0.6 14 0.2 0.2 0.6 0.7 0.9 14 0.2 0.4 0.2 0.4 0.9 14 0.2 0.2 0.4 0.8 0.3 14 0.2 0.3 0.2 0.4 0.9 14 0.4 0.2 0.6 0.7
001461,0.0 0 0.0 0.0 1.0 1.0
001462,0.6 14 0.2 0.3 0.5 0.6 0.6 14 0.5 0.3 0.6 0.4 0.6 14 0.0 0.3 0.5 1.0 0.7 14 0.5 0.3 0.6 0.4
001469,0.5 15 0.4 0.6 0.5 0.8 0.7 15 0.5 0.6 0.6 0.8 0.7 15 0.4 0.7 0.5 0.8 0.3 15 0.4 0.6 0.5 0.7 0.9 14 0.2 0.2 0.3 0.5 0.7 15 0.3 0.6 0.4 0.8 0.4 15 0.5 0.5 0.6 0.8 0.7 15 0.4 0.5 0.5 0.8 0.8 14 0.2 0.2 0.3 0.9 0.4 15 0.3 0.6 0.4 0.8 0.7 15 0.4 0.6 0.5 0.8 0.5 15 0.4 0.7 0.5 0.8 0.7 15 0.5 0.5 0.6 0.8 0.6 15 0.5 0.6 0.6 0.8
001471,0.5 15 0.0 0.4 0.1 0.5
001473,0.9 14 0.3 0.2 0.5 1.0 0.4 14 0.1 0.2 0.5 1.0 1.0 14 0.1 0.2 0.3 1.0 0.3 14 0.0 0.2 0.3 1.0 0.9 14 0.1 0.4 0.1 0.5
001474,0.9 14 0.7 0.0 0.9 0.3
001476,0.7 6 0.5 0.2 0.6 0.3 0.4 6 0.5 0.2 0.6 0.3 0.5 14 0.1 0.2 0.2 0.3 0.9 14 0.8 0.2 0.9 0.4 0.9 6 0.6 0.2 0.7 0.3 0.4 6 0.6 0.2 0.7 0.3 0.9 14 0.1 0.2 0.2 0.3 0.9 14 0.1 0.2 0.1 0.3 0.5 14 0.4 0.1 0.5 0.4 0.6 14 0.4 0.1 0.5 0.4 0.7 6 0.5 0.2 0.6 0.3 0.8 14 0.4 0.1 0.5 0.4 0.3 6 0.7 0.3 0.8 0.3 0.4 14 0.4 0.1 0.5 0.5 0.7 14 0.1 0.2 0.1 0.3 0.4 6 0.5 0.2 0.7 0.3 0.5 6 0.6 0.2 0.7 0.3 0.4 6 0.6 0.2 0.7 0.3
001477,0.9 14 0.0 0.0 0.1 0.2
001478,0.3 15 0.5 0.4 0.8 0.9
001482,0.9 14 0.3 0.4 0.5 1.0 0.8 14 0.1 0.4 0.4 1.0 0.8 14 0.3 0.4 0.4 1.0 0.3 14 0.3 0.4 0.4 0.8 0.5 14 0.3 0.4 0.4 0.8 0.9 14 0.1 0.5 0.3 1.0 0.9 14 0.0 0.5 0.1 1.0 0.4 14 0.2 0.4 0.7 1.0 0.4 14 0.4 0.4 0.5 1.0 0.9 14 0.5 0.4 0.7 1.0 0.5 14 0.4 0.4 0.7 1.0
001487,0.0 0 0.0 0.0 1.0 1.0
001489,0.5 4 0.4 0.5 0.4 0.7 0.3 8 0.0 0.4 0.2 1.0 0.6 14 0.0 0.0 0.2 0.3 0.5 4 0.3 0.5 0.3 0.8 0.3 14 0.0 0.1 0.2 0.3 0.3 8 0.0 0.4 0.2 0.8 0.7 4 0.6 0.2 0.7 0.3
001491,0.6 6 0.9 0.3 1.0 0.8 0.8 6 0.0 0.3 0.4 0.7 0.8 6 0.2 0.3 0.9 0.8
001495,0.3 14 0.2 0.2 0.7 1.0 0.7 14 0.2 0.2 0.5 1.0 0.3 14 0.2 0.4 0.6 1.0 0.7 14 0.2 0.2 0.6 1.0 0.6 14 0.5 0.5 0.8 1.0 0.3 14 0.5 0.5 0.7 1.0 0.7 14 0.5 0.5 0.8 1.0
001496,0.4 1 0.2 0.5 0.4 0.9 0.4 14 0.3 0.0 0.6 0.5 0.8 14 0.8 0.1 1.0 0.7 0.6 1 0.7 0.3 1.0 0.7 0.7 14 0.5 0.2 0.7 0.6 0.3 1 0.2 0.5 0.5 0.9 0.6 14 0.3 0.0 0.6 0.9 0.5 1 0.4 0.4 0.7 0.8 0.5 1 0.2 0.4 0.7 0.9 1.0 14 0.2 0.3 0.4 0.9 0.5 1 0.2 0.5 0.4 0.9 0.4 14 0.4 0.0 0.6 0.2 0.6 1 0.3 0.4 0.7 0.8 0.9 14 0.5 0.2 0.7 0.6 0.8 14 0.8 0.1 1.0 0.5 0.6 1 0.2 0.4 0.7 0.9
001500,0.0 0 0.0 0.0 1.0 1.0
001502,0.7 14 0.3 0.1 0.5 0.4 0.8 14 0.3 0.1 0.5 0.6
001503,0.4 14 0.4 0.2 0.4 0.3 1.0 14 0.6 0.4 0.7 0.5
001505,0.0 0 0.0 0.0 1.0 1.0
001506,0.9 14 0.3 0.1 0.5 0.7 0.7 14 0.0 0.2 0.1 0.4 0.9 14 0.1 0.2 0.2 0.7 0.4 14 0.0 0.2 0.2 0.7 1.0 14 0.6 0.2 0.8 0.7
001507,0.0 0 0.0 0.0 1.0 1.0
001508,0.0 0 0.0 0.0 1.0 1.0
001511,0.8 14 0.8 0.2 0.8 0.2 0.9 14 1.0 0.2 1.0 0.4 0.4 14 0.7 0.2 0.7 0.2 0.9 6 0.0 0.1 1.0 0.6 0.9 14 0.8 0.2 0.9 0.2
001513,0.0 0 0.0 0.0 1.0 1.0
001516,0.4 14 0.7 0.1 0.7 0.2 1.0 14 0.5 0.0 0.6 0.2 0.6 14 0.7 0.1 0.7 0.3 0.6 14 0.8 0.1 0.9 0.3 0.5 14 0.8 0.1 0.9 0.4 0.9 14 0.6 0.0 0.7 0.2 0.5 6 0.1 0.1 0.8 0.6 0.3 14 0.7 0.0 0.8 0.3 0.8 14 0.7 0.0 0.8 0.2 1.0 14 0.0 0.0 0.1 0.3 0.3 14 0.8 0.1 0.9 0.2 0.4 6 0.0 0.1 0.8 0.6 0.3 6 0.0 0.1 0.9 0.6 1.0 14 0.7 0.0 0.8 0.3 0.8 14 0.7 0.1 0.7 0.2 0.8 14 0.7 0.0 0.8 0.2
001518,0.0 0 0.0 0.0 1.0 1.0
001519,0.0 0 0.0 0.0 1.0 1.0
001520,0.0 0 0.0 0.0 1.0 1.0
001525,0.8 6 0.3 0.3 0.6 0.5
001527,0.6 6 0.2 0.2 0.3 0.3
001530,0.0 0 0.0 0.0 1.0 1.0
001533,0.8 14 0.0 0.6 0.0 1.0 1.0 14 0.2 0.3 0.3 0.8 0.3 14 0.6 0.5 0.8 0.9 0.3 8 0.4 0.6 0.5 0.9 1.0 14 0.5 0.2 0.6 0.8 0.9 14 0.4 0.5 0.8 1.0
001534,0.7 8 0.4 0.7 0.6 1.0 0.6 8 0.1 0.7 0.3 0.9 0.5 8 0.3 0.5 0.4 0.7 0.4 8 0.3 0.5 0.4 0.8 0.7 8 0.4 0.7 0.6 0.9 0.4 8 0.4 0.7 0.6 1.0 0.7 8 0.4 0.7 0.6 1.0
001535,0.3 6 0.5 0.5 1.0 0.9 0.9 6 0.5 0.5 1.0 0.9
001538,0.3 14 0.7 0.6 0.8 0.9 1.0 14 0.7 0.6 0.8 0.9 0.9 14 0.7 0.6 0.7 0.9 0.3 14 0.8 0.6 0.8 0.8 0.9 14 0.8 0.6 0.8 0.8 0.5 14 0.2 0.5 0.3 0.7 0.4 14 0.3 0.6 0.3 0.7 0.4 14 0.0 0.6 0.1 0.7 0.8 14 0.5 0.6 0.5 0.7 0.6 14 0.6 0.6 0.6 0.8 0.9 14 0.6 0.6 0.7 0.8
001540,0.4 8 -0.0 0.6 0.3 1.0 0.5 15 0.4 0.6 0.5 0.7 0.4 15 0.3 0.6 0.5 0.8 0.7 15 0.4 0.7 0.4 0.8 0.5 15 0.3 0.6 0.4 0.8 0.3 14 0.7 0.0 0.8 0.3 0.8 14 0.0 0.6 0.1 1.0 0.4 14 0.7 0.0 0.8 0.4 0.3 8 -0.0 0.6 0.3 1.0 0.7 14 0.0 0.8 0.1 1.0 0.8 15 0.3 0.6 0.5 0.8 0.5 14 0.7 0.0 0.8 0.4 0.7 14 0.6 0.0 0.8 1.0
001542,0.6 14 0.5 0.3 0.8 0.7 0.7 14 0.0 0.3 0.8 0.9
001546,0.0 0 0.0 0.0 1.0 1.0
001547,0.4 0 0.1 0.3 0.9 0.6
001549,0.4 14 0.1 0.2 0.7 1.0 0.3 14 0.0 0.2 0.5 1.0 0.8 14 0.0 0.2 0.7 1.0
001550,0.7 6 0.0 0.1 1.0 0.7
001551,0.0 0 0.0 0.0 1.0 1.0
001552,0.6 6 0.0 0.1 0.2 0.4 0.8 6 0.0 0.1 1.0 0.7
001558,0.4 14 0.0 0.1 0.6 0.7 0.6 14 0.7 0.0 1.0 1.0 0.7 14 0.0 0.1 0.4 0.7 0.5 14 0.1 0.1 0.5 0.7 0.6 14 0.0 0.1 0.5 1.0 0.4 14 0.0 0.1 0.3 0.7 0.8 14 0.7 0.0 1.0 0.6 0.4 14 0.7 0.0 1.0 1.0
001560,0.5 6 0.0 0.1 0.0 0.2 0.8 6 0.1 0.2 0.9 0.7 0.4 6 0.0 0.2 0.1 0.2
001562,0.0 0 0.0 0.0 1.0 1.0
001564,0.4 15 0.4 0.6 0.5 0.7 0.6 14 0.8 0.3 1.0 0.7 0.5 14 0.8 0.4 1.0 0.7 0.4 14 0.1 0.4 0.4 0.7 0.6 14 0.8 0.3 1.0 0.5 0.3 14 0.0 0.2 0.2 0.6 0.9 14 0.1 0.4 0.5 0.8 0.6 14 0.0 0.2 0.2 1.0 0.8 14 0.0 0.2 0.2 0.8 0.4 15 0.4 0.6 0.5 0.7 1.0 14 0.5 0.1 0.8 0.6 0.4 14 0.5 0.2 0.8 0.7 0.9 14 0.8 0.3 1.0 0.6
001566,0.5 14 0.3 0.1 0.4 0.3 0.7 14 0.1 0.1 0.5 0.9 0.4 14 0.0 0.1 0.7 1.0 0.5 14 0.1 0.1 0.5 0.9 0.5 14 0.0 0.1 0.5 1.0 0.7 14 0.1 0.1 0.7 1.0
001567,0.5 4 0.1 0.7 0.1 0.8
001568,0.0 0 0.0 0.0 1.0 1.0
001569,0.3 6 0.5 0.2 0.6 0.3 0.4 14 0.2 0.1 0.5 0.8 0.5 4 0.0 0.5 0.1 0.7 0.5 6 0.4 0.2 0.5 0.3 0.5 6 0.5 0.2 0.6 0.3 0.9 14 0.2 0.1 0.5 0.6 0.3 4 0.1 0.5 0.2 0.7 0.6 14 0.2 0.1 0.5 0.8 0.6 6 0.0 0.2 0.2 0.3 0.5 14 0.2 0.1 0.6 0.9 0.5 6 0.5 0.2 0.6 0.3 0.8 6 0.5 0.2 0.6 0.3
001570,0.5 14 0.7 0.4 0.9 0.5 0.6 14 0.8 0.2 1.0 0.6 0.4 14 0.8 0.2 1.0 0.7 0.7 14 0.6 0.0 0.8 0.5 0.7 14 0.1 0.0 0.8 0.7 0.4 14 0.5 0.0 0.8 0.7 0.3 14 0.0 0.0 0.8 1.0 0.7 14 0.1 0.0 0.8 1.0 0.5 14 0.7 0.4 0.9 0.5 0.8 14 0.7 0.4 1.0 0.6 0.6 14 0.7 0.2 1.0 0.6
001572,0.6 14 0.4 0.2 0.5 0.2 0.4 14 0.4 0.2 0.5 0.2 0.8 6 0.0 0.2 0.3 0.4 0.8 6 0.0 0.2 0.8 0.6 0.6 14 0.8 0.2 0.8 0.2 0.4 6 0.0 0.2 0.3 0.4 0.8 14 0.4 0.2 0.4 0.2
001573,0.0 0 0.0 0.0 1.0 1.0
001574,0.9 14 0.0 0.2 0.4 1.0
001575,0.6 6 0.1 0.4 0.8 0.6 0.5 14 0.7 0.4 0.9 0.6 1.0 14 0.7 0.4 0.8 0.6 1.0 14 0.8 0.4 0.9 0.6 0.9 14 0.0 0.4 0.0 0.5 0.9 14 0.1 0.4 0.1 0.5 0.9 14 0.6 0.4 0.6 0.5 0.9 14 0.1 0.4 0.1 0.5 0.8 14 0.4 0.4 0.5 0.5
001578,0.0 0 0.0 0.0 1.0 1.0
001581,0.9 14 0.4 0.2 0.5 0.4 0.8 14 0.3 0.3 0.6 0.9 0.9 14 0.5 0.3 0.6 0.6 0.8 14 0.3 0.3 0.5 0.9 0.6 14 0.4 0.2 0.5 0.6 0.5 14 0.2 0.3 0.3 0.6 0.3 14 0.5 0.3 0.6 0.5 0.3 14 0.2 0.3 0.3 0.5 0.7 14 0.5 0.3 0.6 0.6 0.4 14 0.3 0.2 0.5 0.6 1.0 14 0.0 0.0 0.3 1.0 0.4 14 0.3 0.3 0.3 0.4 0.3 14 0.5 0.3 0.7 0.8 0.7 14 0.4 0.2 0.4 0.4 0.3 14 0.3 0.3 0.5 0.7 0.8 14 0.5 0.3 0.7 0.6 0.8 14 0.4 0.3 0.6 0.8 0.5 14 0.4 0.3 0.6 0.8 0.8 14 0.5 0.3 0.6 0.5
001583,0.5 14 0.5 0.1 0.6 0.3 0.9 14 0.7 0.3 0.8 0.4 0.9 14 0.5 0.1 0.7 0.5 1.0 14 0.1 0.1 0.4 0.6 0.9 14 0.6 0.2 0.7 0.5 0.5 14 0.6 0.1 0.7 0.3
001584,0.0 0 0.0 0.0 1.0 1.0
001585,1.0 14 0.3 0.2 0.5 0.5
001587,0.6 1 0.3 0.4 0.4 0.6
001589,0.0 0 0.0 0.0 1.0 1.0
001591,0.0 0 0.0 0.0 1.0 1.0
001592,0.4 14 0.0 0.0 0.5 0.6 0.7 14 0.0 0.0 0.5 1.0
001596,0.8 14 0.0 -0.0 0.6 1.0
001599,0.0 0 0.0 0.0 1.0 1.0
001600,0.3 8 0.3 0.6 0.4 0.7 0.6 8 0.3 0.6 0.4 0.7 0.5 8 0.4 0.5 0.7 0.7
001601,0.4 14 0.1 0.0 0.7 1.0 0.4 14 0.7 0.2 0.8 0.3 0.5 14 0.0 0.0 0.7 1.0
001602,0.0 0 0.0 0.0 1.0 1.0
001605,0.7 6 0.4 0.4 0.5 0.5 0.7 6 0.5 0.4 0.5 0.5 0.8 6 0.3 0.4 0.4 0.5 0.5 6 0.4 0.4 0.5 0.5
001606,0.8 14 0.0 0.0 0.2 0.5 0.7 14 0.1 0.0 0.2 0.6 0.6 14 0.0 0.0 0.2 0.4 0.3 14 0.4 0.0 0.7 0.7 0.6 14 0.0 0.0 0.2 0.7 0.8 14 0.6 0.1 0.8 0.4 0.9 14 0.4 0.0 0.6 0.6 0.4 14 0.1 0.1 0.2 0.3 0.4 14 0.0 0.0 0.2 0.5 0.4 14 0.0 0.0 0.1 0.3 0.8 14 0.6 0.1 0.8 0.5 0.3 14 0.4 0.0 0.6 0.4 0.7 14 0.5 0.1 0.8 0.5 0.5 14 0.5 0.3 0.6 0.4
001609,0.5 14 0.2 0.5 0.3 0.6
001613,0.0 0 0.0 0.0 1.0 1.0
001615,0.4 14 0.6 0.3 0.6 0.4 0.6 14 0.6 0.3 0.7 0.4 0.3 14 0.0 0.1 0.4 0.7 0.3 14 0.2 0.1 0.4 0.7 0.4 14 0.6 0.3 0.7 0.6 0.6 14 0.0 0.1 0.4 1.0 0.7 14 0.0 0.3 0.2 1.0 0.6 14 0.0 0.3 0.2 0.6 0.9 14 0.6 0.3 0.7 0.4
001616,0.5 6 0.1 0.4 0.2 0.5 0.5 6 0.1 0.4 0.2 0.5 0.6 6 0.0 0.4 0.3 0.5
001619,0.6 6 0.0 0.0 1.0 0.3 0.6 6 0.4 0.0 1.0 0.3 0.8 14 0.0 -0.0 0.4 0.5 0.3 6 0.4 0.0 1.0 0.3
001620,0.4 14 0.1 0.4 0.3 0.7 0.6 1 0.0 0.5 0.7 0.9 0.7 14 0.2 0.3 0.5 0.8 0.8 14 0.2 0.3 0.5 0.7 0.9 14 0.1 0.4 0.3 0.8 0.4 1 0.0 0.6 0.6 0.9
001621,0.6 6 0.7 0.5 0.9 0.6 0.5 6 0.7 0.5 0.9 0.6 0.6 6 0.5 0.5 0.9 0.6 0.4 6 0.5 0.5 0.7 0.6 0.3 6 0.7 0.5 0.9 0.6
001623,0.7 6 0.0 0.3 0.6 0.9 0.9 6 0.0 0.4 0.1 0.5
001624,0.3 14 0.4 0.2 0.5 0.4 0.9 14 0.4 0.2 0.5 0.5
001625,1.0 14 0.4 0.3 0.5 0.4 1.0 14 0.5 0.3 0.6 0.4
001626,0.0 0 0.0 0.0 1.0 1.0
001629,0.3 14 0.5 0.1 0.7 0.6 0.4 14 0.5 0.1 0.6 0.5 0.3 14 0.5 0.1 0.7 0.6 0.6 14 0.5 0.1 0.7 0.6 0.6 14 0.4 0.1 0.8 0.7 0.5 14 0.3 0.1 0.8 1.0 0.5 14 0.4 0.1 0.8 0.7 0.4 14 0.4 0.1 0.8 0.7 0.3 14 0.4 0.1 0.8 0.7 0.4 14 0.4 0.1 0.9 1.0
001631,0.0 0 0.0 0.0 1.0 1.0
001634,0.4 6 0.5 0.5 0.7 0.5 0.8 6 0.6 0.5 0.7 0.5
001635,0.6 14 0.9 0.3 0.9 0.3 0.4 14 0.2 0.3 0.2 0.3 0.4 14 0.5 0.3 0.6 0.3
001637,0.3 2 0.4 0.2 0.6 0.3
001639,0.4 14 0.1 0.2 0.6 0.8
001641,0.0 0 0.0 0.0 1.0 1.0
001644,1.0 14 0.4 0.3 0.6 0.7 1.0 14 0.7 0.2 0.8 0.4 0.4 14 0.4 0.3 0.6 0.7
001645,0.0 0 0.0 0.0 1.0 1.0
001646,0.3 6 0.2 0.6 0.5 0.6 0.4 6 0.5 0.6 0.7 0.6
001648,0.4 15 0.8 0.5 0.9 0.6 0.6 15 0.7 0.4 0.8 0.6 0.5 15 0.2 0.5 0.3 0.7 0.4 15 0.8 0.4 0.9 0.6 0.4 15 0.0 0.2 0.1 0.4 0.5 15 0.7 0.5 0.8 0.6 0.5 15 0.7 0.5 0.8 0.6
001652,0.5 6 0.3 0.4 0.4 0.4 0.7 4 0.4 0.6 0.5 1.0 0.5 4 0.1 0.5 0.2 0.9 0.8 14 0.1 0.3 0.5 1.0 0.4 14 0.0 0.3 0.4 1.0 0.3 4 0.1 0.5 0.2 0.8
001655,0.0 0 0.0 0.0 1.0 1.0
001656,0.9 14 0.0 -0.0 0.2 0.5
001657,0.4 14 0.0 0.1 0.3 0.6 0.7 14 0.0 0.1 0.6 1.0 0.8 14 0.0 0.1 0.3 1.0 0.5 14 0.0 0.1 0.8 1.0
001658,0.7 6 0.4 0.0 0.5 0.1 0.7 6 0.2 0.1 0.4 0.3 0.4 6 0.4 0.0 0.5 0.1 0.7 6 0.2 0.1 0.3 0.1 0.5 6 0.4 0.0 0.7 0.2 0.5 6 0.0 0.0 0.1 0.1 0.5 6 0.2 0.0 0.7 0.3 0.4 6 0.5 0.0 0.7 0.2 0.8 6 0.4 0.0 0.7 0.2 0.4 6 0.3 0.0 0.3 0.1 0.4 6 0.0 0.0 0.0 0.1 0.8 6 0.2 0.1 0.8 0.6 0.3 6 0.3 0.0 0.4 0.1 0.4 6 0.7 0.1 0.9 0.3 0.6 6 0.6 0.1 0.7 0.2 0.8 6 0.7 0.1 0.9 0.3 0.5 6 0.5 0.0 0.7 0.2
001659,0.3 6 0.1 0.2 0.6 0.8
001660,0.0 0 0.0 0.0 1.0 1.0
001663,0.3 14 0.5 0.1 0.8 0.7 0.4 14 0.1 0.1 0.8 0.7 0.4 14 0.1 0.0 0.9 1.0
001664,0.3 6 0.1 0.2 0.5 0.4 0.5 14 0.1 0.0 0.6 0.7 0.7 14 0.1 0.0 0.6 1.0
001665,0.6 15 0.7 0.4 0.7 0.5 0.5 6 0.3 0.2 0.5 0.4 0.4 15 0.6 0.5 0.9 0.7
001666,0.6 15 0.7 0.3 0.8 0.4 0.4 15 0.1 0.5 0.3 0.6
001667,0.9 14 0.5 0.2 0.6 0.4 0.7 14 0.5 0.2 0.6 0.4
001668,0.9 14 0.4 0.2 0.5 0.5 0.8 14 0.2 0.2 0.4 0.5 0.9 14 0.2 0.2 0.3 0.5 0.9 14 0.6 0.3 0.6 0.5 0.9 14 0.4 0.2 0.5 0.5 0.9 14 0.3 0.4 0.4 0.5 1.0 14 0.6 0.2 0.7 0.7
001670,0.0 0 0.0 0.0 1.0 1.0
001671,0.4 14 0.3 0.3 0.5 0.9 0.4 14 0.3 0.3 0.4 0.4
001672,0.6 6 0.0 0.3 0.8 0.5 0.6 6 0.3 0.3 0.8 0.4
001674,0.4 8 0.2 0.5 0.4 0.7 0.3 8 0.2 0.6 0.4 0.7 0.4 4 0.8 0.5 0.8 0.7 0.3 15 0.3 0.4 0.3 0.5 0.7 15 0.3 0.4 0.4 0.5 0.3 8 0.1 0.5 0.2 0.7 0.7 15 0.4 0.4 0.5 0.5 0.6 8 0.1 0.5 0.2 0.7 0.5 15 0.3 0.4 0.3 0.5 0.6 15 0.3 0.4 0.4 0.5
001679,0.4 13 0.0 0.5 0.6 1.0
001681,0.0 0 0.0 0.0 1.0 1.0
001687,0.3 14 0.2 0.2 0.6 1.0 0.5 14 0.2 0.2 0.5 1.0 0.6 14 0.2 0.6 0.6 1.0 0.5 14 0.3 0.2 0.5 0.5 0.5 14 0.0 0.2 0.5 1.0
001692,0.3 14 0.4 0.1 0.5 0.4 0.9 14 0.3 0.1 0.5 0.4 0.6 14 0.3 0.2 0.6 0.6 0.5 14 0.0 0.1 0.6 1.0 0.5 14 0.3 0.2 0.6 0.7
001694,0.0 0 0.0 0.0 1.0 1.0
001695,0.0 0 0.0 0.0 1.0 1.0
001696,0.4 14 0.0 0.4 0.1 0.7 0.9 14 0.2 0.4 0.4 0.7 0.4 14 0.2 0.4 0.4 0.6 0.6 14 0.0 0.4 0.1 0.7 0.6 14 0.6 0.0 0.8 0.5 0.3 14 0.3 0.3 0.4 0.6 0.3 19 0.5 0.3 0.6 0.4 0.3 14 0.0 0.4 0.4 1.0 0.9 14 0.6 0.0 0.8 0.7
001697,0.0 0 0.0 0.0 1.0 1.0
001698,0.0 0 0.0 0.0 1.0 1.0
001700,0.4 14 0.7 0.5 1.0 0.8 0.3 14 0.8 0.5 0.9 0.7 0.5 6 0.5 0.4 0.6 0.6 0.8 6 0.5 0.4 0.6 0.6 0.3 6 0.6 0.4 0.7 0.5
001701,0.0 0 0.0 0.0 1.0 1.0
001702,0.8 14 0.4 0.2 0.7 1.0 0.3 14 0.0 0.2 0.7 1.0
001703,0.0 0 0.0 0.0 1.0 1.0
001704,0.0 0 0.0 0.0 1.0 1.0
001705,0.3 6 0.0 0.5 0.2 0.6 0.9 14 0.7 0.6 0.8 1.0 0.8 14 0.7 0.6 0.8 0.8
001706,0.3 4 0.3 0.3 0.3 0.5 0.4 4 0.3 0.3 0.3 0.5 1.0 14 0.1 0.1 0.3 0.9 1.0 14 0.5 0.2 0.6 1.0
001709,0.5 14 0.2 0.3 0.6 1.0 0.3 14 0.4 0.3 0.6 0.6 0.5 14 0.7 0.4 0.8 0.7 0.4 14 0.1 0.3 0.6 1.0 0.9 14 0.7 0.4 0.8 0.8 0.8 14 0.7 0.4 0.8 0.9
001710,1.0 14 0.1 0.2 0.3 0.9 1.0 14 0.8 0.3 0.9 0.4 1.0 14 0.5 0.1 0.8 0.9
001712,0.9 14 0.3 0.2 0.6 1.0 0.6 14 0.2 0.1 0.6 1.0 0.7 15 0.0 0.6 0.1 0.7 0.4 8 0.0 0.6 0.2 1.0 0.3 15 0.0 0.6 0.1 0.7 0.9 14 0.2 0.1 0.4 1.0 0.6 15 0.0 0.6 0.1 0.7
001715,0.8 15 0.3 0.5 0.4 0.7 0.6 15 0.3 0.6 0.4 0.7 0.7 15 0.5 0.6 0.6 0.7 0.8 15 0.5 0.5 0.6 0.7
001716,0.0 0 0.0 0.0 1.0 1.0
001719,0.0 0 0.0 0.0 1.0 1.0
001720,0.3 4 0.2 0.6 0.2 0.8 0.5 14 0.0 0.4 0.4 0.8 0.5 14 0.5 0.5 0.8 1.0 0.4 14 0.6 0.4 0.8 1.0 0.7 14 0.5 0.4 0.7 0.9 1.0 14 0.2 0.4 0.4 0.7 0.4 14 0.6 0.4 0.8 0.6 0.8 4 0.2 0.6 0.2 0.8 0.3 14 0.5 0.4 0.6 0.7 1.0 14 0.4 0.4 0.5 0.6 0.5 14 0.0 0.4 0.4 1.0 0.8 14 0.0 0.4 0.2 1.0 0.6 4 0.2 0.4 0.3 0.5 0.5 14 0.5 0.4 0.8 0.9 0.8 14 0.0 0.4 0.2 0.8 0.7 4 0.3 0.6 0.3 0.7 0.7 14 0.5 0.4 0.6 0.5 0.8 14 0.5 0.4 0.8 1.0 0.4 14 0.5 0.4 0.6 0.6
001722,0.9 14 0.4 0.5 0.6 1.0 0.4 4 0.4 0.9 0.4 1.0 0.9 14 0.0 0.8 0.1 1.0 0.4 14 0.4 0.4 0.9 1.0 0.9 14 0.5 0.4 0.9 1.0 0.4 14 0.5 0.5 0.7 1.0
001728,0.4 14 0.0 0.5 0.1 0.7 0.6 14 0.5 0.2 0.9 0.7 0.9 14 0.0 0.2 0.3 0.6 0.3 14 0.5 0.2 0.8 0.7 0.4 14 0.0 0.5 0.1 0.7 0.3 14 0.1 0.2 0.5 0.7 0.3 14 0.0 0.5 0.1 0.6 0.6 14 0.5 0.2 0.8 0.7 0.9 14 0.3 0.2 0.5 0.7 0.9 14 0.0 0.2 0.3 0.7 0.8 14 0.3 0.2 0.9 0.7 0.8 14 0.5 0.2 0.9 0.7 0.6 14 0.0 0.2 0.3 0.7 0.4 14 0.3 0.2 0.9 1.0
001731,0.5 4 0.5 0.1 0.5 0.1 0.3 14 0.1 0.4 0.7 0.7 0.5 14 0.5 0.4 0.7 0.6 0.6 4 0.7 0.1 0.8 0.3 0.6 14 0.5 0.4 0.7 0.7 0.3 4 0.7 0.1 0.8 0.3 0.9 14 0.2 0.0 0.4 0.3 0.4 14 0.1 0.4 0.8 1.0 0.6 14 0.7 0.3 0.7 0.4 0.4 14 0.5 0.4 0.7 0.5 0.3 14 0.5 0.4 0.7 0.5
001735,0.6 14 0.3 0.1 0.7 1.0 0.7 14 0.3 0.1 0.6 0.8 0.7 14 0.1 0.1 0.7 1.0
001736,0.0 0 0.0 0.0 1.0 1.0
001737,0.5 6 0.0 0.1 0.8 0.6
001740,0.4 14 0.6 0.2 0.9 0.7
001742,0.5 8 0.2 0.5 0.4 0.8 0.7 8 0.2 0.5 0.5 1.0 0.5 8 0.2 0.6 0.5 1.0 0.5 8 0.2 0.5 0.3 0.8 0.6 14 0.5 0.0 0.7 0.9 0.4 19 0.1 0.4 0.3 0.5 0.7 14 0.5 0.0 0.7 1.0
001743,0.4 14 0.0 0.0 0.4 0.6 0.4 14 0.4 0.1 0.7 0.6 0.5 14 0.4 0.0 0.4 0.1 0.7 14 0.4 0.1 0.7 0.5 0.8 14 0.2 0.1 0.7 0.7 0.7 14 0.4 0.1 0.7 0.7
001744,0.5 6 0.3 0.1 0.7 0.4 0.5 6 0.0 0.0 0.7 0.4
001745,0.0 0 0.0 0.0 1.0 1.0
001748,0.5 1 0.1 0.2 0.4 0.5 0.9 14 0.2 0.0 0.4 0.3
001751,0.0 0 0.0 0.0 1.0 1.0
001753,0.0 0 0.0 0.0 1.0 1.0
001757,0.3 14 0.2 0.2 0.4 0.5 0.6 14 0.2 0.4 0.5 0.9 0.4 14 0.3 0.4 0.4 0.6 0.9 14 0.0 0.2 0.2 0.4 0.6 14 0.4 0.6 0.6 1.0 0.3 14 0.2 0.2 0.4 0.8 0.5 14 0.0 0.7 0.1 1.0 0.4 14 0.3 0.6 0.4 0.9 0.5 14 0.3 0.4 0.4 0.7 0.8 14 0.2 0.2 0.3 0.6 0.3 14 0.2 0.4 0.5 1.0 0.5 14 0.0 0.2 0.2 0.5 0.8 14 0.2 0.2 0.4 0.7 0.3 14 0.4 0.6 0.6 0.8 0.4 14 0.2 0.4 0.3 0.7 0.4 14 0.2 0.2 0.4 0.6 0.3 14 0.2 0.4 0.5 0.7 0.9 14 0.2 0.2 0.3 0.5 0.4 14 0.0 0.2 0.2 0.4 0.3 14 0.3 0.3 0.4 0.5 0.3 14 0.0 0.2 0.1 0.4 0.8 14 0.2 0.4 0.5 0.7 0.8 14 0.3 0.6 0.6 1.0
001760,0.9 14 0.0 0.6 0.2 1.0 0.3 14 0.4 0.5 0.5 0.7 0.3 14 0.2 0.6 0.3 0.7 0.9 14 0.0 0.3 0.2 0.6 0.6 14 0.4 0.5 0.6 0.9 0.9 14 0.2 0.5 0.4 0.7 0.4 14 0.3 0.7 0.4 0.8 0.9 14 0.3 0.7 0.5 1.0 0.3 14 0.4 0.5 0.6 0.9 0.5 14 0.3 0.7 0.4 1.0 0.9 14 0.3 0.2 0.4 0.5 0.8 14 0.4 0.3 0.5 0.5 0.4 14 0.3 0.3 0.6 0.7 0.4 14 0.0 0.3 0.2 1.0 0.8 14 0.0 0.3 0.2 0.8 0.4 14 0.3 0.2 0.4 0.4 0.8 14 0.3 0.2 0.5 0.7 0.3 14 0.4 0.5 0.5 0.7 0.8 14 0.4 0.5 0.6 1.0 0.4 14 0.4 0.5 0.5 0.6 0.4 14 0.3 0.7 0.5 1.0
001762,0.4 14 0.0 0.1 0.8 1.0
001763,0.3 14 0.0 0.1 0.4 0.8 0.9 14 0.0 0.1 0.5 1.0 0.4 14 0.0 0.1 0.3 0.8 0.4 14 0.0 0.2 0.2 0.6
001764,0.0 0 0.0 0.0 1.0 1.0
001767,0.9 14 0.2 0.1 0.6 1.0
001769,0.6 14 0.3 0.1 0.5 0.5 0.6 14 0.0 0.9 0.1 1.0 0.7 14 0.5 0.1 0.8 0.7 0.8 14 0.1 0.1 0.5 1.0 0.4 14 0.1 0.1 0.8 1.0 0.5 14 0.3 0.1 0.5 1.0 0.8 14 0.8 0.9 0.9 1.0 0.9 14 0.5 0.1 0.7 1.0 0.3 14 0.5 0.1 0.8 0.6
001770,0.6 6 0.1 0.9 0.2 1.0 0.8 6 0.1 0.9 0.2 1.0 0.6 6 0.1 0.9 0.2 1.0 0.8 6 0.2 0.9 0.2 0.9 0.5 6 0.1 0.9 0.2 1.0 0.6 6 0.2 0.9 0.2 0.9 0.4 6 0.5 0.7 0.9 1.0
001773,0.0 0 0.0 0.0 1.0 1.0
001774,0.0 0 0.0 0.0 1.0 1.0
001776,0.9 14 0.1 0.6 0.3 1.0 0.9 14 0.3 0.6 0.5 0.9 0.4 14 0.6 0.1 1.0 1.0 0.3 14 0.5 0.1 0.9 1.0 0.7 14 1.0 0.4 1.0 0.5 1.0 14 0.0 0.3 0.1 0.5 0.7 14 0.4 0.6 0.5 0.9 0.7 14 0.3 0.0 1.0 1.0
001779,0.4 14 0.4 0.2 0.4 0.2 0.9 14 0.3 0.2 0.4 0.2 0.9 14 0.2 0.0 0.3 0.2
001781,0.4 14 0.4 0.0 0.7 0.4 0.3 14 0.4 0.0 0.8 0.7 0.6 14 0.4 0.0 0.8 0.7 0.3 14 0.0 0.0 0.8 1.0 0.7 14 0.4 0.0 0.8 0.7
001783,0.3 6 0.1 0.3 0.4 0.5 0.4 6 0.7 0.4 0.8 0.5
001786,0.0 0 0.0 0.0 1.0 1.0
001788,0.0 0 0.0 0.0 1.0 1.0
001790,0.0 0 0.0 0.0 1.0 1.0
001791,0.8 14 0.0 0.0 0.5 0.7
001792,0.6 14 0.5 0.1 0.6 0.2 0.5 14 0.6 0.1 0.7 0.2 0.8 14 0.4 0.1 0.5 0.3 0.3 14 0.3 0.3 0.3 0.5 0.4 14 0.7 0.0 1.0 0.5 0.8 14 0.0 0.1 0.2 0.3 0.7 14 0.8 0.1 0.9 0.2 0.8 14 0.6 0.1 0.8 0.3 0.7 14 0.8 0.1 1.0 0.3 0.7 14 0.3 0.1 0.4 0.5 0.5 14 0.8 0.1 1.0 0.5 0.9 14 0.2 0.1 0.3 0.3 0.5 14 0.7 0.1 0.8 0.2 0.7 14 0.8 0.1 1.0 0.3 0.8 14 0.6 0.1 0.7 0.3 0.5 14 0.8 0.1 0.8 0.2 0.5 14 0.3 0.3 0.3 0.4 0.3 14 0.8 0.1 0.9 0.3 0.8 14 0.3 0.1 0.4 0.4 0.7 14 0.5 0.1 0.6 0.5 0.9 14 0.5 0.1 0.6 0.5 0.7 14 0.3 0.1 0.4 0.3 0.5 14 0.2 0.1 0.3 0.3 0.9 14 0.0 0.1 0.2 0.5 0.3 14 0.9 0.1 0.9 0.1 0.8 14 0.7 0.1 0.8 0.4 0.6 14 0.4 0.1 0.5 0.5 0.3 14 0.2 0.1 0.3 0.4 0.8 14 0.6 0.1 0.8 0.4 0.8 14 0.6 0.1 0.7 0.5 0.6 14 0.8 0.1 1.0 0.3 0.4 14 0.6 0.1 0.7 0.3 0.4 14 0.7 0.1 0.8 0.2 0.7 14 0.7 0.1 0.8 0.2
001794,0.9 14 0.6 0.3 0.7 0.4 0.4 14 0.1 0.1 0.4 0.7 0.4 14 0.1 0.2 0.4 1.0 0.5 14 0.1 0.1 0.4 0.8 0.6 14 0.1 0.2 0.4 0.8 0.7 14 0.2 0.1 0.4 0.3 0.9 14 0.1 0.2 0.4 0.9
001796,0.6 14 0.4 0.2 0.4 0.3 0.3 6 0.1 0.3 0.8 0.5
001798,0.4 6 0.0 0.0 0.3 0.3 0.4 14 0.5 0.0 0.7 0.2 0.4 6 0.1 0.2 0.8 0.6 0.4 6 0.5 0.1 0.8 0.3 0.4 6 0.5 0.1 0.7 0.3 0.7 6 0.1 0.2 0.9 0.6 0.5 6 0.5 0.0 1.0 0.3 0.3 14 0.8 0.0 1.0 0.4
001802,1.0 14 0.3 0.1 0.4 0.7 1.0 14 0.4 0.1 0.6 0.6 0.6 14 0.0 0.1 0.1 0.4
001803,0.0 0 0.0 0.0 1.0 1.0
001804,0.3 6 0.1 0.1 0.7 0.6 0.7 6 0.1 0.1 0.7 0.6
001805,0.9 14 0.7 0.0 1.0 0.7 0.7 14 0.1 0.1 0.3 0.4 0.4 14 0.7 0.0 1.0 0.4 0.3 14 0.1 0.1 0.3 0.4 1.0 14 0.0 0.1 0.3 0.5 0.3 14 0.5 0.0 1.0 1.0 0.4 14 0.5 0.0 1.0 0.7
001808,0.8 14 0.5 0.1 0.6 0.6 0.9 14 0.8 0.2 1.0 0.7 0.3 14 0.8 0.2 1.0 0.5 0.8 14 0.7 0.1 0.9 0.4 0.6 14 0.7 0.1 0.9 0.7 0.8 14 0.5 0.1 0.6 0.6 0.4 6 0.0 0.0 0.6 0.3 0.9 14 0.0 0.1 0.1 0.6 0.9 14 0.7 0.1 0.9 0.7 0.9 14 0.5 0.1 0.7 0.6 0.3 14 0.7 0.1 1.0 0.7
001811,0.9 14 0.0 0.1 0.1 0.2 0.4 15 0.3 0.3 0.4 0.4 0.4 15 0.0 0.3 0.1 0.4 0.4 15 0.3 0.2 0.4 0.4 0.4 15 0.3 0.3 0.4 0.4
001812,0.7 15 0.6 0.3 0.6 0.4 0.3 15 0.4 0.4 0.5 0.5 1.0 14 0.3 0.2 0.4 0.4 0.4 15 0.6 0.3 0.6 0.4 0.4 15 0.6 0.4 0.7 0.5 0.4 14 0.0 0.2 0.4 0.6 0.8 15 0.4 0.4 0.5 0.5 0.4 15 0.6 0.3 0.6 0.4 0.4 15 0.6 0.4 0.6 0.4
001813,0.6 14 0.2 0.3 0.8 0.4 0.4 19 0.8 0.3 0.9 0.5
001814,0.0 0 0.0 0.0 1.0 1.0
001815,0.0 0 0.0 0.0 1.0 1.0
001817,0.0 0 0.0 0.0 1.0 1.0
001819,0.5 14 0.3 0.1 0.5 0.5 0.4 6 0.3 0.7 0.4 0.8 0.6 14 0.2 0.1 0.5 0.6 0.6 6 0.5 0.7 0.6 0.8 0.5 14 0.5 0.1 0.7 0.5 0.8 14 0.3 0.1 0.4 0.3
001820,0.7 6 0.4 0.1 0.5 0.2 0.7 6 0.2 0.2 0.9 0.7
001822,0.4 15 0.7 0.3 0.8 0.4 0.3 15 0.8 0.2 0.9 0.4
001823,0.6 6 0.4 0.7 0.5 0.8 0.7 6 0.0 0.8 0.1 0.9 0.8 14 0.2 0.2 0.5 0.7 0.4 14 0.2 0.2 0.5 0.6 0.3 6 0.0 0.8 0.1 0.9
001824,0.0 0 0.0 0.0 1.0 1.0
001826,0.0 0 0.0 0.0 1.0 1.0
001829,0.5 4 0.1 0.6 0.2 0.8
001831,0.7 14 0.5 0.2 0.6 0.4 0.5 14 0.6 0.1 0.7 0.3 0.7 14 0.4 0.2 0.5 0.5 0.3 14 0.6 0.1 0.8 0.4 0.5 14 0.5 0.2 0.8 0.6 0.5 14 0.4 0.2 0.5 0.5 0.3 14 0.1 0.2 0.4 0.5 0.7 14 0.5 0.1 0.7 0.5 0.8 14 0.2 0.2 0.6 0.6 0.4 14 0.2 0.2 0.4 0.6 0.8 14 0.7 0.2 0.8 0.4 0.7 14 0.5 0.2 0.7 0.6 0.9 14 0.4 0.2 0.7 0.6 0.6 14 0.2 0.2 0.4 0.4 0.9 14 0.1 0.2 0.4 0.6 0.7 14 0.7 0.2 0.9 0.6 0.7 14 0.3 0.2 0.5 0.6 0.5 14 0.5 0.1 0.9 0.6 0.7 14 0.5 0.1 0.8 0.6 0.6 14 0.7 0.2 1.0 0.6 0.6 14 0.6 0.1 0.7 0.4 0.5 14 0.5 0.3 0.7 0.6 0.5 14 0.5 0.2 1.0 0.6 0.6 14 0.6 0.1 0.8 0.4
001835,0.0 0 0.0 0.0 1.0 1.0
001838,0.9 6 0.1 0.1 0.9 0.5
001839,0.9 14 0.4 0.0 0.4 0.3 0.4 6 0.4 0.2 0.5 0.2 0.3 14 0.0 0.0 0.2 0.3 0.9 14 0.6 0.1 0.7 0.3 0.7 6 0.4 0.2 0.4 0.2 0.9 14 0.7 -0.0 0.8 0.3 0.8 14 0.3 0.0 0.4 0.3 0.4 6 0.5 0.1 0.6 0.3 0.8 14 0.2 -0.0 0.3 0.3 0.8 14 0.0 -0.0 0.2 0.6
001844,0.4 6 0.3 0.2 0.5 0.4
001846,0.6 6 0.1 0.3 0.6 0.7 0.3 6 0.1 0.2 0.6 0.7
001848,0.0 0 0.0 0.0 1.0 1.0
001850,0.9 14 0.4 0.4 0.5 0.6 0.6 6 0.2 0.3 0.6 0.5 0.4 14 0.4 0.4 0.5 0.5 0.4 6 0.5 0.3 0.6 0.5 0.9 14 0.4 0.4 0.5 0.6 0.9 14 0.5 0.4 0.5 0.6
001851,0.8 14 0.0 0.1 0.5 0.9 0.3 6 0.1 0.1 0.1 0.2
001852,0.0 0 0.0 0.0 1.0 1.0
001856,0.9 14 0.2 0.4 0.3 0.5 0.3 14 0.2 0.4 0.2 0.6 0.5 14 0.2 0.4 0.2 0.5 0.5 14 0.2 0.4 0.2 0.5
001857,0.7 14 0.4 0.0 0.6 0.2 0.9 14 0.3 0.0 0.4 0.2 0.7 14 0.8 -0.0 0.9 0.3 0.9 14 0.6 0.0 0.7 0.2 0.9 14 0.7 0.0 0.8 0.3 0.7 14 0.2 0.1 0.3 0.2 0.8 14 0.2 0.0 0.3 0.1
001859,0.0 0 0.0 0.0 1.0 1.0
001863,0.8 6 0.5 0.2 0.6 0.2 0.6 6 0.3 0.2 0.8 0.6
001865,0.0 0 0.0 0.0 1.0 1.0
001866,0.9 14 0.0 -0.0 0.3 0.5
001867,0.3 15 0.1 0.2 0.4 0.6 0.3 6 0.3 0.6 0.6 0.6
001868,0.5 15 0.5 0.4 0.6 0.5 0.6 15 0.4 0.4 0.5 0.5 0.6 15 0.4 0.4 0.5 0.5 0.3 15 0.0 0.2 0.1 0.4 0.3 8 0.4 0.4 0.5 0.5
001869,0.3 15 0.2 0.1 0.7 0.7
001871,0.6 14 0.0 0.6 0.2 1.0 0.7 15 0.0 0.4 0.1 0.5 0.5 14 0.0 0.6 0.2 1.0 0.3 14 0.2 0.6 0.7 1.0 0.3 15 0.0 0.4 0.1 0.6 0.4 14 0.0 0.6 0.7 1.0 0.5 14 0.2 0.6 0.7 1.0
001873,0.5 6 0.4 0.2 0.9 0.5
001874,0.0 0 0.0 0.0 1.0 1.0
001876,0.0 0 0.0 0.0 1.0 1.0
001879,0.3 8 0.1 0.6 0.5 0.9 0.4 19 0.2 0.2 0.4 0.5
001880,0.5 14 0.6 0.7 0.7 0.8 0.6 14 0.6 0.7 0.6 0.7
001883,0.4 6 0.2 0.1 0.9 0.6 0.9 14 0.9 0.4 1.0 0.5 1.0 14 0.0 0.0 0.2 0.5 0.6 6 0.2 0.1 0.9 0.7 0.5 14 0.8 0.4 1.0 0.6
001884,0.6 6 0.2 0.5 0.3 0.5 0.8 6 0.7 0.5 0.8 0.6 0.3 6 0.7 0.5 0.8 0.6 0.4 6 0.7 0.5 0.8 0.6 0.7 6 0.0 0.4 0.1 0.4 0.4 6 0.7 0.4 0.8 0.4 0.5 6 0.1 0.4 0.1 0.4 0.4 6 0.8 0.6 0.9 0.6 0.6 6 0.3 0.4 0.5 0.5 0.4 6 0.1 0.4 0.2 0.4 0.3 6 0.6 0.4 0.7 0.5 0.6 6 0.6 0.4 0.7 0.5
001885,0.0 0 0.0 0.0 1.0 1.0
001886,1.0 14 0.2 0.1 0.4 0.8
001889,0.3 13 0.4 0.2 0.7 0.7 0.3 14 0.5 0.3 0.5 0.5 0.9 14 0.6 0.2 0.7 0.5 1.0 14 0.2 0.2 0.4 0.5 0.4 14 0.7 0.2 0.9 0.5 0.9 14 0.6 0.2 0.7 0.6 1.0 14 0.7 0.2 0.9 0.5 0.8 14 0.6 0.2 0.7 0.4
001890,0.0 0 0.0 0.0 1.0 1.0
001891,0.8 14 0.0 0.0 0.1 0.4 0.4 6 0.1 0.1 0.9 0.7 1.0 14 0.8 0.0 0.9 0.4
001893,0.5 14 0.4 0.4 0.5 0.5 0.9 14 0.2 0.6 0.2 0.7 1.0 14 0.7 0.5 0.7 0.8 0.9 14 0.6 0.6 0.7 0.7 0.9 14 0.2 0.6 0.3 0.7 0.6 14 0.4 0.6 0.4 0.6 0.5 14 0.2 0.6 0.3 0.7 0.3 8 0.5 0.6 0.6 0.8 0.5 14 0.3 0.6 0.3 0.7 0.8 14 0.1 0.6 0.2 0.7 0.9 14 0.5 0.6 0.6 0.6 1.0 14 0.0 0.5 0.2 0.9 0.9 14 0.1 0.6 0.2 0.7 0.4 14 0.3 0.6 0.3 0.6 0.9 14 0.3 0.6 0.3 0.7 0.3 14 0.5 0.6 0.6 0.7 0.3 14 0.5 0.6 0.6 0.7
001895,0.3 6 0.0 0.6 0.2 0.7 0.4 6 0.7 0.4 0.9 0.5
001897,0.3 6 0.1 0.2 1.0 0.5 0.5 6 0.0 0.3 0.1 0.3 0.4 6 0.1 0.1 1.0 0.5 0.9 6 0.0 0.3 0.1 0.3
001900,0.0 0 0.0 0.0 1.0 1.0
001905,0.4 15 0.0 0.3 0.3 0.6 0.4 19 0.7 0.2 0.9 0.4 0.4 19 0.5 0.4 0.6 0.5 0.4 15 0.2 0.3 0.3 0.6 0.5 15 0.0 0.3 0.2 0.6 0.7 15 0.0 0.3 0.2 0.6 0.3 15 0.3 0.3 0.4 0.4
001908,0.4 6 0.3 0.1 0.7 0.6
001909,0.0 0 0.0 0.0 1.0 1.0
001910,0.0 0 0.0 0.0 1.0 1.0
001912,0.0 0 0.0 0.0 1.0 1.0
001913,0.7 6 0.2 0.2 0.8 0.5 0.3 6 0.2 0.2 0.8 0.5 0.7 6 0.0 0.3 0.2 0.5 0.3 6 0.0 0.2 0.9 0.5 0.3 6 0.2 0.2 0.9 0.5
001914,0.4 14 0.3 0.4 0.6 1.0 0.4 14 0.0 0.7 0.1 1.0 0.5 14 0.0 0.1 0.2 0.5 0.6 14 0.2 0.4 0.5 1.0 0.5 14 0.1 0.1 0.4 0.9 0.3 14 0.3 0.4 0.4 0.9 0.3 14 0.2 0.4 0.6 1.0 0.6 14 0.0 0.1 0.2 0.7 0.5 14 0.1 0.1 0.4 0.8 0.5 14 0.0 0.1 0.2 0.8 0.5 14 0.1 0.5 0.3 1.0 0.7 14 0.1 0.1 0.4 0.5 0.6 14 0.1 0.1 0.4 1.0 0.7 14 0.0 0.1 0.2 1.0 0.3 14 0.3 0.6 0.6 1.0
001916,0.9 14 0.3 0.2 0.4 0.5 0.8 14 0.8 0.1 0.9 0.4 0.8 14 0.8 0.1 0.9 0.2 0.4 1 0.8 0.2 0.9 0.4 0.9 14 0.6 0.2 0.8 0.3 0.9 14 0.6 0.2 0.8 0.4 0.9 14 0.9 0.1 0.9 0.2 0.6 14 0.9 0.1 0.9 0.2 0.5 14 0.8 0.1 0.9 0.2 0.6 14 0.9 0.1 0.9 0.2 0.5 14 0.8 0.1 0.9 0.2 0.4 6 0.5 0.0 1.0 0.2 0.9 14 0.3 0.1 0.4 0.2 0.7 14 0.6 0.2 0.6 0.3 0.4 14 0.5 0.2 0.6 0.3 0.4 14 0.3 0.2 0.4 0.3 0.9 14 0.5 0.2 0.6 0.4 0.9 14 0.8 0.1 0.9 0.3 0.4 1 0.5 0.2 0.8 0.4
001917,0.0 0 0.0 0.0 1.0 1.0
001919,0.7 6 0.4 0.2 0.7 0.5
001921,0.8 14 0.3 0.2 0.6 1.0 0.5 14 0.0 0.6 0.1 0.9 0.6 14 0.6 0.6 1.0 1.0 0.6 14 0.6 0.6 0.7 1.0 0.4 14 0.1 0.6 0.2 0.7 0.3 14 0.0 0.5 0.1 0.6 0.9 14 0.0 0.5 0.1 0.6 0.7 14 0.0 0.6 0.1 0.8 0.9 14 0.2 0.5 0.2 0.6 0.7 14 0.1 0.6 0.2 0.8 0.7 14 0.1 0.5 0.1 0.6 0.8 14 0.3 0.2 0.6 0.7 0.8 14 -0.0 0.6 0.3 1.0 0.8 14 0.1 0.5 0.2 0.6 0.3 14 0.6 0.6 0.7 0.7 0.9 14 0.1 0.5 0.1 0.6 0.9 14 0.1 0.5 0.1 0.6 0.5 14 0.3 0.6 0.7 1.0 0.6 14 0.1 0.5 0.1 0.6
001923,0.6 14 0.6 0.2 0.6 0.3 0.6 14 0.9 0.2 0.9 0.4 1.0 14 0.8 0.3 0.9 0.5 0.9 14 0.8 0.2 0.8 0.3 0.4 14 0.8 0.2 0.8 0.3 0.7 14 0.9 0.2 1.0 0.4 0.9 14 0.9 0.2 1.0 0.4 0.7 14 0.9 0.2 0.9 0.3 0.8 14 0.8 0.2 0.9 0.3 0.6 14 0.6 0.2 0.6 0.3 0.8 6 0.5 0.2 0.6 0.3 0.9 6 0.0 0.3 0.8 0.7 0.9 14 0.8 0.2 0.9 0.4 0.5 14 0.6 0.2 0.7 0.3
001924,0.6 6 0.2 0.2 0.9 0.5 0.5 6 0.2 0.2 0.9 0.5
001925,0.0 0 0.0 0.0 1.0 1.0
001926,0.0 0 0.0 0.0 1.0 1.0
001929,0.0 0 0.0 0.0 1.0 1.0
001935,0.4 14 0.6 0.3 0.6 0.4 0.9 6 0.6 0.4 0.7 0.4 0.4 6 0.6 0.4 0.7 0.4
001939,0.5 14 0.0 0.0 0.5 0.7
001942,0.5 6 0.2 0.2 0.9 0.7 0.6 14 0.6 0.0 0.7 0.2 0.4 6 0.0 0.0 0.9 0.6 0.7 6 0.6 0.0 0.9 0.2 0.8 14 0.3 0.0 0.4 0.1 0.5 6 0.7 0.0 0.9 0.2
001943,0.5 14 0.1 0.0 0.9 0.8 0.7 14 0.0 0.0 0.9 1.0 0.4 14 0.0 0.0 0.9 0.8
001946,0.5 14 0.0 0.1 0.7 1.0 0.7 14 0.2 0.1 0.8 1.0 0.4 14 0.0 0.1 0.8 1.0 0.3 14 0.3 0.1 0.7 1.0
001947,0.3 14 0.0 0.2 0.2 0.7 0.3 14 0.4 0.1 0.5 0.5 0.4 14 0.3 0.1 0.5 0.5 0.5 14 0.2 0.1 0.6 1.0 0.4 14 0.3 0.4 0.5 0.6 0.5 14 0.0 0.2 0.4 0.7 0.6 14 0.0 0.2 0.2 0.6 0.3 14 0.5 0.2 0.8 0.6 0.4 14 0.3 0.1 0.5 0.6 0.4 14 0.0 0.1 0.5 0.7 0.5 14 0.0 0.2 0.6 1.0 0.5 14 0.7 0.3 0.8 0.5 0.5 14 0.2 0.2 0.4 0.7 0.4 14 0.3 0.1 0.5 0.7 0.5 14 0.0 0.1 0.5 1.0 0.8 14 0.0 0.2 0.2 1.0 0.7 14 0.0 0.2 0.2 0.7 0.4 14 0.2 0.1 0.5 0.7 0.4 14 0.5 0.3 0.7 0.6 0.3 14 0.5 0.2 0.8 0.7
001949,0.6 4 0.5 0.5 0.5 0.6 0.5 8 0.5 0.6 0.6 1.0 0.5 8 0.5 0.6 0.6 1.0 0.5 8 0.5 0.6 0.6 0.9 0.4 8 0.2 0.6 0.5 1.0 0.7 8 0.2 0.6 0.5 1.0 0.6 8 0.5 0.6 0.6 1.0 0.4 8 0.2 0.7 0.5 1.0 0.6 4 0.5 0.5 0.5 0.6 0.3 10 0.1 0.5 0.6 1.0 0.4 4 0.5 0.5 0.5 0.6 0.4 8 0.2 0.6 0.5 1.0
001951,0.5 14 0.2 0.4 0.5 0.9 0.3 14 0.0 0.4 0.4 1.0 0.3 14 0.2 0.4 0.5 1.0 0.6 6 0.0 0.1 1.0 0.9
001953,0.3 14 0.7 0.5 0.8 0.6 1.0 14 0.7 0.5 0.8 0.6 0.4 14 0.7 0.5 0.7 0.6 0.5 14 0.7 0.5 0.8 0.6 0.9 14 0.9 0.5 1.0 0.6
001955,0.7 14 0.1 -0.0 0.2 0.8
001956,0.5 6 0.3 0.3 1.0 0.8
001957,0.0 0 0.0 0.0 1.0 1.0
001959,0.0 0 0.0 0.0 1.0 1.0
001961,0.5 19 0.1 0.3 0.3 0.5
001965,0.5 6 0.0 0.0 0.8 1.0 0.4 6 0.0 0.2 0.8 1.0 0.4 6 0.0 0.2 0.8 1.0
001966,0.4 6 0.3 0.1 0.5 0.2 0.7 6 0.5 0.1 0.7 0.2 0.6 6 0.2 0.1 0.5 0.2 0.3 6 0.5 0.1 0.7 0.2
001967,0.0 0 0.0 0.0 1.0 1.0
001968,0.4 14 0.1 0.2 0.3 0.5 0.4 14 0.0 0.2 0.5 0.7 0.4 14 0.1 0.2 0.3 0.5
001969,0.9 14 0.3 0.3 0.5 0.7 1.0 14 0.2 0.2 0.3 0.5 0.9 14 0.0 0.2 0.1 0.5 0.7 14 0.0 0.2 0.1 0.6 0.3 14 0.2 0.2 0.3 0.4 1.0 14 0.1 0.2 0.2 0.6 0.3 14 0.1 0.2 0.2 0.4
001973,0.4 14 0.2 0.2 0.5 0.7 0.4 14 0.0 0.1 0.4 0.6 0.6 14 0.4 0.1 0.7 0.4 0.3 14 0.2 0.1 0.7 0.6 0.4 14 0.2 0.2 0.5 0.5 0.4 14 0.0 0.1 0.5 0.7 0.5 14 0.4 0.1 0.7 0.6 0.3 14 0.3 0.1 0.7 0.5 0.7 14 0.2 0.1 0.5 0.5 0.4 14 0.0 0.1 0.5 1.0 0.4 14 0.0 0.1 0.4 0.7 0.3 14 0.4 0.4 0.7 0.6 0.3 14 0.4 0.1 0.7 0.5
001974,0.6 6 0.1 0.3 0.5 0.5 0.5 14 0.2 0.3 0.3 0.4 1.0 14 0.2 0.3 0.2 0.5 1.0 14 0.5 0.3 0.5 0.4 0.9 14 0.7 0.3 0.8 0.4
001975,0.6 14 0.0 0.3 0.2 0.7 0.6 14 0.4 0.1 0.6 0.3 0.6 14 0.0 0.3 0.2 0.7 0.4 14 0.0 0.2 0.3 0.5 0.8 14 0.6 0.2 0.8 0.5 0.4 14 0.1 0.2 0.3 0.6 0.9 14 0.5 0.1 0.6 0.4 0.3 14 0.0 0.2 0.2 0.4 1.0 14 0.3 0.2 0.4 0.3 0.5 14 0.0 0.3 0.2 0.7 0.7 14 0.7 0.2 0.9 0.4 0.5 14 0.0 0.3 0.2 0.6 0.6 14 0.4 0.1 0.7 0.5 0.6 14 0.1 0.2 0.3 0.3 0.9 14 0.0 0.3 0.3 0.7 0.9 14 0.7 0.2 0.9 0.5 0.9 14 0.0 0.2 0.3 0.7 0.7 14 0.5 0.2 0.9 0.5 0.5 14 0.5 0.2 0.8 0.5 0.3 14 0.6 0.2 0.9 0.5 0.7 14 0.6 0.2 0.7 0.4
001979,0.6 14 0.4 0.6 0.5 0.9 0.4 14 0.5 0.7 0.5 0.9
001983,0.4 6 0.1 0.2 0.6 0.4
001984,0.0 0 0.0 0.0 1.0 1.0
001986,0.5 14 0.2 0.1 0.5 0.6 0.3 14 0.0 0.3 0.4 0.7 0.5 14 0.0 0.3 0.4 1.0 0.3 14 0.2 0.1 0.5 0.5 0.8 14 0.0 0.3 0.3 1.0 0.4 14 0.0 0.1 0.8 1.0 0.6 14 0.0 0.3 0.3 0.7 0.3 14 0.3 0.2 0.8 1.0
001987,0.0 0 0.0 0.0 1.0 1.0
001988,0.4 1 0.0 0.3 0.7 1.0 0.7 14 0.1 0.1 0.6 0.8 0.9 14 0.0 0.1 0.6 1.0
001990,0.0 0 0.0 0.0 1.0 1.0
001991,0.8 6 0.0 0.2 0.7 0.6 0.4 6 0.6 0.1 0.9 0.4 0.9 6 0.6 0.1 0.9 0.4
001992,0.6 14 0.0 0.0 0.4 0.5 0.5 14 0.0 0.0 0.4 0.6 0.3 14 0.0 0.3 0.5 0.7 0.8 14 0.0 0.0 0.5 0.7 0.4 14 0.0 0.3 0.7 0.7 0.7 14 0.5 0.4 0.8 0.6
001993,0.7 14 0.1 0.8 0.4 1.0 0.3 19 0.2 0.1 0.5 0.4 0.3 14 0.4 0.7 0.5 0.8 0.3 14 0.3 0.8 0.5 1.0 0.8 14 0.2 0.6 0.4 0.8 0.5 14 0.3 0.8 0.5 1.0 0.3 14 0.3 0.6 0.4 0.8 0.4 14 0.3 0.8 0.4 1.0 0.6 14 0.1 0.8 0.5 1.0 0.4 14 0.4 0.7 0.6 1.0 0.3 14 0.0 0.6 0.5 1.0 0.8 14 0.0 0.6 0.2 1.0 0.4 14 0.4 0.7 0.6 1.0 0.8 14 0.4 0.7 0.6 1.0 0.4 14 0.5 0.7 0.6 1.0
001994,0.0 0 0.0 0.0 1.0 1.0
001996,0.8 6 0.8 0.5 1.0 0.6 0.4 0 0.0 0.2 0.9 0.6 0.4 6 0.7 0.5 0.7 0.5
001997,0.0 0 0.0 0.0 1.0 1.0
001998,1.0 14 0.4 0.1 0.6 0.5
002003,0.0 0 0.0 0.0 1.0 1.0
002005,0.0 0 0.0 0.0 1.0 1.0
002007,0.0 0 0.0 0.0 1.0 1.0
002008,0.7 1 0.1 0.5 0.2 0.8 0.4 1 0.1 0.6 0.2 0.8 0.7 14 0.1 0.4 0.2 0.6 0.4 1 0.1 0.6 0.3 0.8 0.7 14 0.1 0.5 0.2 0.7 0.9 14 0.1 0.4 0.2 0.7 0.4 1 0.1 0.6 0.2 0.8
002009,0.4 6 0.2 0.2 0.8 0.9
002010,0.4 14 0.0 0.1 0.7 1.0 0.9 14 0.0 0.1 0.5 1.0
002013,0.0 0 0.0 0.0 1.0 1.0
002014,0.0 0 0.0 0.0 1.0 1.0
002016,0.9 14 0.1 0.6 0.1 0.9
002017,0.0 0 0.0 0.0 1.0 1.0
002018,0.8 14 0.8 0.3 0.9 0.4 0.5 14 0.6 0.1 0.9 0.5 0.6 14 0.4 0.1 0.5 0.3 0.3 14 0.8 0.3 1.0 0.5 0.3 14 0.4 0.1 0.5 0.5 0.7 14 0.4 0.1 0.5 0.4 0.5 14 0.5 0.1 0.6 0.4 0.9 14 0.4 0.1 0.6 0.4 0.4 14 0.6 0.1 1.0 0.5 0.4 14 0.4 0.1 0.6 0.5 0.6 14 0.8 0.1 1.0 0.4
002026,0.4 4 0.6 0.2 0.6 0.3 0.8 14 0.3 0.2 0.7 0.6 0.3 4 0.8 0.4 0.8 0.5 0.9 14 0.3 0.2 0.5 0.5 0.3 14 0.4 0.3 0.7 0.6 0.7 4 0.7 0.5 0.8 0.6 0.7 14 0.4 0.4 0.7 0.6 0.6 15 0.7 0.3 0.7 0.3
002028,0.3 2 0.4 0.4 0.6 0.5
002029,0.0 0 0.0 0.0 1.0 1.0
002031,0.8 14 0.3 0.1 0.5 0.3 0.4 14 0.2 0.1 0.8 0.5 0.5 14 0.2 0.1 0.4 0.4 0.8 14 0.2 0.1 0.4 0.3 0.6 14 0.3 0.1 0.4 0.3 0.6 14 0.7 0.3 0.8 0.4
002032,0.0 0 0.0 0.0 1.0 1.0
002033,0.0 0 0.0 0.0 1.0 1.0
002035,0.5 15 0.6 0.1 0.7 0.3 0.7 15 0.2 0.2 0.2 0.3 0.6 15 0.6 0.1 0.7 0.3 0.5 15 0.2 0.1 0.3 0.3 0.3 15 0.1 0.2 0.2 0.3 0.4 15 0.2 0.2 0.2 0.3 0.4 14 0.3 0.3 0.9 0.7 0.3 8 0.6 0.3 0.7 0.4 0.5 15 0.1 0.2 0.2 0.2 0.5 14 0.3 0.3 0.9 0.7 0.5 15 0.6 0.1 0.7 0.3
002038,0.0 0 0.0 0.0 1.0 1.0
002040,0.9 14 0.6 0.0 0.6 0.1 0.6 6 0.7 0.1 0.8 0.2 0.9 14 0.1 0.0 0.2 0.2 0.9 14 0.8 0.0 0.9 0.2 0.5 6 0.1 0.1 0.8 0.7 0.3 6 0.8 0.1 0.8 0.2 0.9 14 0.7 0.0 0.8 0.2 0.8 6 0.1 0.1 0.8 0.7 0.6 14 0.3 0.0 0.4 0.1 0.3 6 0.7 0.1 0.9 0.2 0.4 6 0.7 0.1 0.8 0.2 0.3 6 0.7 0.1 0.8 0.2 0.7 14 0.7 0.0 0.7 0.1
002041,0.7 6 0.1 0.3 0.4 0.6 1.0 14 0.4 0.2 0.5 0.5
002044,0.0 0 0.0 0.0 1.0 1.0
002046,0.0 0 0.0 0.0 1.0 1.0
002048,0.0 0 0.0 0.0 1.0 1.0
002050,0.5 4 0.4 0.5 0.5 0.8 0.8 14 0.1 0.4 0.3 0.9 1.0 14 0.4 0.3 0.6 0.8
002052,0.7 6 0.1 0.2 0.6 0.4 0.3 6 0.1 0.0 1.0 0.5
002053,0.0 0 0.0 0.0 1.0 1.0
002057,0.0 0 0.0 0.0 1.0 1.0
002059,0.0 0 0.0 0.0 1.0 1.0
002060,1.0 14 0.4 0.3 0.5 0.7
002062,0.5 14 0.8 0.1 0.9 0.2 0.5 14 0.8 0.1 0.9 0.4 0.5 14 0.8 0.1 0.9 0.5 0.9 14 0.8 0.1 0.9 0.2
002065,0.8 14 0.5 0.3 0.7 0.5 0.5 14 0.1 0.1 0.3 0.5 0.7 14 0.1 0.1 0.6 0.5 0.8 14 0.3 0.1 0.6 0.5
002066,0.0 0 0.0 0.0 1.0 1.0
002071,0.8 14 0.4 0.2 0.5 0.5 0.8 14 0.2 0.3 0.2 0.4 0.9 14 0.3 0.2 0.5 0.6 0.9 14 0.5 0.2 0.6 0.5 0.7 14 0.4 0.2 0.5 0.6 0.7 14 0.2 0.3 0.2 0.4 0.4 14 0.3 0.3 0.7 0.6 0.4 14 0.2 0.3 0.2 0.5 0.4 14 0.2 0.3 0.2 0.5 0.9 14 0.6 0.2 0.6 0.5
002072,0.9 14 0.3 0.1 0.6 0.5
002073,0.0 0 0.0 0.0 1.0 1.0
002074,0.8 14 0.2 0.2 0.3 0.5 0.8 14 0.2 0.2 0.3 0.3 1.0 14 0.4 0.2 0.5 0.5 0.3 19 0.1 0.2 0.4 0.4 0.3 14 0.7 0.2 0.9 0.5
002075,0.0 0 0.0 0.0 1.0 1.0
002076,0.3 14 0.0 0.2 0.6 1.0 0.5 14 0.0 0.2 0.6 0.6
002077,0.9 14 0.0 0.1 0.5 1.0 0.9 14 0.0 0.1 0.6 1.0
002078,0.5 6 0.4 0.2 0.7 0.3
002079,0.4 14 0.4 0.1 0.6 0.6 0.3 14 0.6 0.2 0.8 0.7 0.5 1 0.0 0.4 0.3 0.8 0.9 14 0.4 0.1 0.6 0.7 0.9 14 0.6 0.2 0.8 0.7 0.6 14 0.4 0.1 0.8 0.8
002080,0.4 6 0.0 0.4 0.9 0.7
002081,0.4 19 0.4 0.4 0.7 0.6 0.9 14 0.1 0.4 0.2 0.6 0.3 19 0.4 0.4 0.6 0.6 0.6 14 0.1 0.4 0.2 0.7 0.4 19 0.4 0.4 0.7 0.7
002084,0.0 0 0.0 0.0 1.0 1.0
002085,0.0 0 0.0 0.0 1.0 1.0
002087,0.5 14 0.2 0.3 0.5 0.8 0.3 14 0.2 0.3 0.3 0.7 0.6 14 0.7 0.6 0.8 0.8 0.9 14 0.2 0.2 0.4 0.8 0.8 14 0.0 0.3 0.1 0.5 0.7 14 0.2 0.2 0.5 0.8 0.9 14 0.0 0.3 0.1 0.7 0.8 14 0.2 0.3 0.3 0.5 0.4 14 0.2 0.3 0.3 0.6 0.8 14 0.3 0.2 0.5 0.8 0.8 14 0.1 0.3 0.2 0.5 0.4 14 0.2 0.3 0.3 0.5 0.8 14 0.7 0.6 0.8 0.8 1.0 14 0.1 0.3 0.2 0.7 0.4 14 0.2 0.2 0.4 0.8 0.6 14 0.3 0.3 0.5 0.8
002089,0.0 0 0.0 0.0 1.0 1.0
002092,0.6 15 0.2 0.5 0.3 0.6 0.7 15 0.0 0.5 0.1 0.6 0.7 15 0.3 0.5 0.4 0.6
002093,0.0 0 0.0 0.0 1.0 1.0
002097,0.6 14 0.1 0.0 0.9 1.0
002100,0.4 8 0.3 0.5 0.4 0.6 0.3 8 0.3 0.5 0.4 0.6 0.4 8 0.3 0.5 0.4 0.6 0.5 8 0.2 0.5 0.3 0.6 0.4 8 0.3 0.5 0.4 0.6 0.6 8 0.4 0.5 0.5 0.6 0.3 15 0.6 0.4 0.6 0.5
002103,0.0 0 0.0 0.0 1.0 1.0
002105,0.3 6 0.3 0.2 0.7 0.5 0.9 14 0.4 0.2 0.6 0.4 0.4 14 0.4 0.2 0.6 0.5
002106,0.5 14 0.4 0.5 0.5 0.8 0.5 14 0.0 0.0 0.6 1.0 0.7 14 0.0 0.2 0.3 1.0 0.5 14 0.4 0.5 0.6 0.7 0.5 14 0.4 0.5 0.6 1.0
002107,0.8 14 0.4 0.4 0.5 0.5
002110,0.4 6 0.1 0.3 0.6 0.5
002111,0.8 14 0.5 0.3 0.6 0.5 0.7 14 0.6 0.3 0.7 0.4 1.0 14 0.4 0.2 0.5 0.6 0.7 14 0.5 0.3 0.6 0.5 1.0 14 0.6 0.3 0.6 0.5
002113,0.8 14 0.0 0.0 0.6 1.0
002115,0.0 0 0.0 0.0 1.0 1.0
002118,0.6 6 0.0 0.3 0.9 1.0 0.5 6 0.0 0.3 0.9 0.7 0.3 6 0.0 0.3 0.2 0.4 0.7 6 0.0 0.3 0.9 1.0 0.4 6 0.1 0.3 0.9 0.7
002119,0.7 14 0.0 0.3 0.1 0.8 0.9 14 0.0 0.2 0.3 1.0 1.0 14 0.3 0.2 0.4 0.9 0.4 14 0.1 0.2 0.3 0.6 0.6 14 0.0 0.3 0.1 0.8 0.6 14 0.0 0.3 0.1 1.0 0.4 4 0.2 0.3 0.2 0.4 0.5 14 0.0 0.3 0.1 0.5 0.6 14 0.2 0.2 0.3 0.4 0.9 14 0.0 0.0 0.3 1.0 0.6 14 0.2 0.2 0.3 0.4
002121,0.9 14 0.0 0.1 0.4 0.9 0.4 14 0.0 0.1 0.3 0.9
002122,0.9 14 0.0 0.5 0.1 0.9 0.4 14 0.8 0.2 0.9 0.8
002123,0.3 15 0.2 0.8 0.2 0.9 0.4 15 0.7 0.8 0.8 0.9 0.4 15 0.1 0.8 0.2 0.9 0.6 15 0.7 0.8 0.7 0.9 0.3 15 0.1 0.8 0.3 0.9 0.3 15 0.1 0.4 0.1 0.7 0.3 15 0.2 0.8 0.2 0.8 0.7 15 0.1 0.8 0.2 0.9 0.3 15 0.1 0.7 0.2 0.9 0.9 14 0.2 0.8 0.2 0.9 0.5 15 0.1 0.4 0.2 0.9 0.3 15 0.7 0.8 0.7 0.9 0.4 15 0.1 0.4 0.2 0.9
002127,0.0 0 0.0 0.0 1.0 1.0
002128,0.3 1 0.1 0.4 0.4 0.8
002130,0.4 1 0.1 0.4 0.3 0.5
002131,0.0 0 0.0 0.0 1.0 1.0
002133,0.0 0 0.0 0.0 1.0 1.0
002137,0.4 14 0.1 0.2 0.3 0.7 0.9 14 0.1 0.2 0.2 0.5
002138,0.0 0 0.0 0.0 1.0 1.0
002141,0.8 14 0.3 0.1 0.5 0.9 0.9 6 0.6 0.3 0.7 0.3 0.9 6 0.1 0.3 0.3 0.4 0.5 6 0.6 0.3 0.7 0.3 0.9 6 0.5 0.3 0.6 0.3 0.4 6 0.0 0.3 0.1 0.4 0.5 6 0.6 0.3 0.7 0.3 0.9 6 0.0 0.3 0.1 0.4 0.6 6 0.2 0.3 0.3 0.4 0.7 6 0.2 0.3 0.3 0.4 0.6 6 0.5 0.3 0.6 0.3 0.5 6 0.5 0.3 0.6 0.3 0.8 14 0.1 0.1 0.5 0.9 0.4 6 0.2 0.3 0.3 0.4 0.5 6 0.2 0.3 0.3 0.3
002143,0.6 6 0.2 0.1 0.9 0.6
002144,0.4 14 0.0 0.2 0.5 0.7
002147,0.6 14 0.1 0.1 0.6 1.0 0.3 14 0.1 0.1 1.0 1.0
002148,0.3 6 0.1 0.2 0.8 0.8
002149,0.8 6 0.1 0.5 0.7 0.7
002150,0.0 0 0.0 0.0 1.0 1.0
002154,0.4 6 0.7 0.3 0.8 0.5 0.7 14 0.1 0.2 0.1 0.3 0.5 6 0.8 0.3 0.9 0.4 0.4 6 0.6 0.3 0.9 0.5 0.8 6 0.7 0.3 0.9 0.5 0.8 6 0.9 0.3 1.0 0.4 0.3 6 0.0 0.3 0.4 0.5 0.3 6 0.9 0.3 1.0 0.4 0.6 6 0.8 0.3 0.9 0.4 0.9 14 0.1 0.2 0.2 0.3 0.8 6 0.1 0.3 0.7 0.9 0.7 6 0.6 0.3 0.9 0.5 0.3 14 0.0 0.5 0.1 1.0 0.8 14 0.3 0.2 0.3 0.3 0.6 6 0.4 0.3 0.9 0.5 0.5 14 0.1 0.2 0.1 0.3 0.9 14 0.7 0.2 0.7 0.3
002157,0.3 0 0.1 0.3 1.0 0.6 0.5 6 0.4 0.6 0.5 0.7 0.3 0 0.1 0.3 1.0 0.7 0.4 6 0.4 0.6 0.5 0.7
002159,0.5 14 0.4 0.2 0.8 1.0 0.9 14 0.0 0.0 0.5 1.0 0.5 14 0.0 0.0 0.8 1.0 0.5 14 0.0 0.2 0.8 1.0 0.7 14 0.2 0.2 0.8 1.0
002160,0.0 0 0.0 0.0 1.0 1.0
002161,0.4 15 0.0 0.7 0.1 0.9 0.3 8 0.3 0.6 0.4 0.8 0.5 8 0.3 0.6 0.4 0.8 0.4 19 0.2 0.2 0.4 0.7 0.3 15 0.0 0.6 0.1 0.9 0.7 8 0.3 0.6 0.4 0.8 0.6 8 0.3 0.6 0.4 0.8
002162,0.0 0 0.0 0.0 1.0 1.0
002164,0.4 14 0.4 0.1 0.9 1.0 0.3 14 0.5 0.1 0.8 0.8 0.3 14 0.4 0.1 0.9 1.0 0.5 14 0.5 0.1 0.8 0.8 0.3 14 0.4 0.3 0.5 0.8 0.6 14 0.4 0.1 0.7 0.8 0.6 14 0.3 0.1 0.8 1.0 0.5 14 0.5 0.1 0.9 1.0 0.4 14 0.4 0.3 0.6 0.8 0.6 14 0.4 0.3 0.6 0.8 0.7 14 0.4 0.1 0.8 1.0
002167,0.0 0 0.0 0.0 1.0 1.0
002168,0.5 1 0.1 0.5 0.3 0.9 0.5 14 0.4 0.5 0.5 0.6 0.9 14 0.4 0.5 0.5 0.8 0.4 1 0.4 0.5 0.5 0.8 0.4 1 0.2 0.5 0.4 0.8 0.4 1 0.7 0.6 0.8 0.8 0.9 14 0.8 0.5 0.9 0.8 0.4 1 0.8 0.6 0.9 0.8 0.6 1 0.4 0.6 0.5 0.8 0.7 1 0.7 0.6 0.9 0.8 0.3 1 0.8 0.6 0.9 0.8 0.5 1 0.4 0.6 0.5 0.8 0.5 1 0.1 0.6 0.3 0.9 0.5 1 0.3 0.6 0.4 0.7 0.6 1 0.5 0.6 0.6 0.8 0.4 1 0.1 0.5 0.4 0.9 0.9 14 0.3 0.5 0.3 0.7 0.9 14 0.2 0.5 0.3 0.8 0.8 14 0.4 0.5 0.5 0.8 0.4 1 0.2 0.5 0.3 0.8 0.3 1 0.6 0.6 0.7 0.8 1.0 14 0.6 0.5 0.7 0.8 0.3 1 0.1 0.5 0.3 0.9 0.6 14 0.4 0.6 0.5 0.8 0.4 1 0.7 0.6 0.9 0.8 0.3 1 0.4 0.5 0.5 0.8 1.0 14 0.5 0.5 0.6 0.7 0.4 14 0.6 0.5 0.6 0.7 0.4 1 0.4 0.5 0.6 0.8 0.3 14 0.6 0.5 0.6 0.6
002173,0.0 0 0.0 0.0 1.0 1.0
002175,0.7 6 0.8 0.5 0.9 0.5 0.5 6 0.0 0.6 0.1 0.6 0.8 6 0.0 0.6 0.0 0.7 0.8 6 0.1 0.6 0.1 0.6 0.5 6 0.0 0.6 0.1 0.6
002177,0.7 6 -0.0 0.5 0.3 1.0 0.3 6 0.2 0.3 0.7 0.7 0.9 14 0.2 0.4 0.3 0.6 0.6 6 0.0 0.3 0.3 0.9 0.3 6 0.4 0.6 0.5 0.8 0.8 6 0.5 0.5 1.0 0.9
002185,0.7 14 0.5 0.1 0.6 0.2 0.5 14 0.3 0.1 0.6 1.0 0.3 14 0.7 0.2 0.9 0.7 0.4 14 0.3 0.1 0.5 0.7 0.3 6 0.1 0.1 0.3 0.3 0.3 14 0.3 0.3 0.5 0.7 0.5 14 0.8 0.1 0.8 0.2 0.6 6 0.7 0.1 1.0 0.2 0.4 13 0.1 0.1 1.0 1.0 0.3 14 0.7 0.3 0.9 0.7 0.5 14 0.7 0.1 1.0 0.7 0.4 14 0.4 0.1 0.5 0.2 0.4 14 0.3 0.1 0.6 0.6 0.5 6 0.6 0.1 1.0 0.4 0.3 14 0.3 0.3 0.6 1.0 0.5 6 0.6 0.1 0.7 0.2 0.3 6 0.0 0.1 0.3 0.3 0.4 14 0.6 0.1 1.0 0.9 0.5 6 0.6 0.1 0.8 0.2
002188,0.3 15 0.7 0.1 0.8 0.2 0.5 4 0.7 0.0 0.7 0.3
002189,0.3 14 0.5 0.6 0.5 0.7 0.6 14 0.1 0.2 0.3 0.5 0.6 14 0.2 0.2 0.3 0.5 0.7 14 0.4 0.2 0.6 0.6 0.8 14 0.1 0.2 0.5 0.9 0.8 14 0.2 0.2 0.3 0.3 0.7 14 0.1 0.2 0.7 0.9 0.4 14 0.5 0.5 0.7 0.7 0.7 14 0.4 0.2 0.7 0.7
002195,0.4 14 0.4 0.2 0.7 1.0 1.0 14 0.0 0.3 0.2 1.0 0.8 14 0.3 0.2 0.8 1.0 0.4 14 0.4 0.2 0.7 1.0 0.7 14 0.4 0.2 0.8 1.0
002198,0.4 6 0.2 0.3 0.8 0.5
002200,0.3 6 0.0 0.0 0.5 0.2 0.4 14 0.0 0.1 0.7 0.9 0.3 14 0.5 0.5 0.7 0.9
002203,0.4 14 0.1 0.4 0.4 1.0 0.9 14 0.0 0.4 0.4 1.0 0.6 14 0.0 0.3 0.4 1.0 0.5 14 0.0 0.4 0.2 1.0 0.5 14 0.0 0.1 0.8 1.0 0.3 14 0.4 0.3 0.7 1.0 0.7 14 0.4 0.2 0.8 1.0 0.4 14 0.4 0.1 0.8 1.0
002204,0.3 14 0.5 0.0 0.6 0.4 0.9 14 0.4 0.0 0.6 0.5 0.6 14 0.3 0.2 0.7 0.7 0.4 14 0.3 0.5 0.5 0.7 0.7 14 0.3 0.5 0.5 0.7 0.5 14 0.4 0.0 0.6 0.5 0.3 14 0.3 0.1 0.7 0.7 0.5 14 0.4 0.0 0.7 0.6 0.5 14 0.2 0.1 0.7 1.0
002205,0.0 0 0.0 0.0 1.0 1.0
002206,0.0 0 0.0 0.0 1.0 1.0
002207,0.7 14 0.0 0.3 0.6 1.0 0.9 14 0.0 0.0 0.4 0.7
002210,0.7 6 0.0 0.2 0.6 0.7
002211,0.9 14 0.3 0.6 0.5 0.9 0.4 14 0.3 0.6 0.4 0.7 0.9 14 0.5 0.6 0.6 0.9 0.6 14 0.5 0.6 0.6 0.9 0.9 14 0.2 0.6 0.3 0.8 0.6 14 0.3 0.6 0.4 0.8 0.4 14 0.3 0.5 0.3 0.7 0.9 14 0.0 0.6 0.1 0.8 0.8 14 0.3 0.5 0.3 0.7 0.9 14 0.1 0.6 0.2 0.8 0.4 14 0.1 0.5 0.1 0.6 0.9 14 0.3 0.5 0.4 0.7 0.3 14 0.0 0.6 0.2 0.8 0.7 14 0.3 0.5 0.4 0.8 0.4 14 0.1 0.6 0.2 0.7 0.7 14 0.4 0.6 0.5 0.9 0.5 14 0.4 0.6 0.7 0.9 0.5 14 0.4 0.6 0.5 0.9
002216,0.4 6 0.1 0.2 1.0 0.6 0.8 14 0.1 0.4 0.1 0.5
002217,0.0 0 0.0 0.0 1.0 1.0
002222,0.6 14 0.0 0.0 0.6 0.7
002223,0.6 6 0.5 0.4 0.5 0.5 0.3 6 -0.0 0.6 0.2 1.0 0.9 14 0.4 0.4 0.5 0.7 0.3 14 0.4 0.4 0.5 0.6 0.4 6 0.3 0.4 0.3 0.5 0.7 6 0.3 0.4 0.4 0.5 0.8 6 0.5 0.4 0.5 0.5 0.9 14 0.6 0.4 0.6 0.6 0.3 14 0.4 0.4 0.5 0.6 0.9 14 0.5 0.4 0.6 0.6
002225,0.0 0 0.0 0.0 1.0 1.0
002227,0.4 1 0.1 0.2 0.4 0.7
002229,1.0 14 0.7 0.4 0.8 0.6
002230,0.4 19 0.0 0.3 0.2 0.6 0.9 14 0.1 0.5 0.2 0.7 0.6 14 0.1 0.5 0.2 0.7
002231,0.0 0 0.0 0.0 1.0 1.0
002232,0.5 6 0.8 0.6 1.0 0.7 0.9 6 0.8 0.6 1.0 0.7 0.7 6 0.7 0.5 0.8 0.6 0.5 6 0.7 0.5 0.8 0.6
002235,0.3 14 0.3 0.2 0.5 0.6 0.7 14 0.6 0.3 0.8 0.7 0.9 14 0.1 0.2 0.3 0.5 0.9 14 0.3 0.2 0.5 0.8 0.6 14 0.3 0.2 0.5 0.6 0.6 14 0.1 0.2 0.3 0.8 0.9 14 0.5 0.3 0.6 0.7 0.4 14 0.0 0.2 0.3 1.0 0.3 14 0.2 0.2 0.3 0.4 0.5 14 0.0 0.2 0.3 0.8 0.9 14 0.5 0.3 0.8 0.7 0.3 14 0.4 0.5 0.6 0.7
002236,0.4 6 0.0 0.1 0.7 0.6
002239,0.3 1 0.6 0.4 0.8 0.6 0.4 14 0.6 0.2 0.8 0.4 0.9 14 0.5 0.3 0.6 0.5 0.3 14 0.2 0.1 0.3 0.3 1.0 14 0.2 0.1 0.3 0.5 1.0 14 0.0 0.2 0.1 0.3 1.0 14 0.6 0.2 0.8 0.5
002240,0.3 4 0.5 0.4 0.6 0.6
002242,1.0 14 0.4 0.2 0.5 0.6 0.6 6 0.7 0.3 0.9 0.4 0.7 14 0.4 0.2 0.4 0.4 0.4 6 0.8 0.3 0.9 0.4 0.4 14 0.5 0.2 0.5 0.5 0.6 14 0.4 0.2 0.5 0.4 0.7 6 0.0 0.3 0.6 0.7 0.9 6 0.7 0.3 0.9 0.4 0.4 14 0.4 0.2 0.5 0.6 0.5 14 0.4 0.2 0.5 0.6 0.6 6 0.8 0.3 0.9 0.4 0.9 14 0.6 0.2 0.7 0.4
002243,0.0 0 0.0 0.0 1.0 1.0
002245,0.7 6 0.1 0.4 0.2 0.6 0.4 6 0.1 0.4 0.3 0.6 0.8 6 0.9 0.4 0.9 0.5 0.9 6 0.0 0.5 0.1 0.6 0.5 6 0.0 0.5 0.1 0.6
002246,0.6 14 0.0 0.4 0.1 0.5 0.7 6 0.1 0.4 0.1 0.5
002250,0.8 14 0.4 0.3 0.5 0.4 0.8 14 0.1 0.2 0.5 0.9 0.3 14 0.1 0.2 0.5 0.9 0.4 14 0.1 0.2 0.4 1.0 0.8 14 0.4 0.3 0.5 0.5 0.7 14 0.1 0.2 0.4 0.9 0.9 14 0.4 0.3 0.6 0.9
002252,0.3 14 0.0 0.0 0.3 0.5 0.6 14 0.0 0.0 0.5 0.5 0.3 14 0.0 0.0 0.3 0.6
002254,0.6 14 0.3 0.5 0.6 1.0 0.7 14 0.0 0.5 0.7 1.0 1.0 14 0.3 0.3 0.4 0.5
002258,0.3 19 0.3 0.1 0.6 0.4
002262,0.4 14 0.2 0.1 0.8 1.0 0.4 14 0.2 0.1 0.6 1.0 0.4 14 0.2 0.1 0.5 0.7 0.4 14 0.2 0.1 0.8 0.7 0.5 14 0.2 0.1 0.5 0.5 0.3 14 0.0 0.0 0.6 1.0 0.6 14 0.2 0.1 0.9 1.0 0.3 14 0.4 0.1 0.9 1.0 0.4 14 0.2 0.1 0.6 1.0 0.4 14 0.2 0.1 0.9 0.7 0.3 14 0.2 0.1 0.9 1.0
002264,0.3 8 0.0 0.5 0.4 0.9 0.4 8 0.0 0.5 0.4 0.9 0.4 8 0.4 0.5 0.5 0.6
002269,0.9 14 0.0 0.1 0.4 1.0
002271,0.8 6 0.3 0.2 0.7 0.4 0.4 6 0.3 0.2 0.7 0.4
002274,0.5 6 0.1 0.6 0.5 0.7 0.4 6 0.0 0.6 0.1 0.7
002275,0.0 0 0.0 0.0 1.0 1.0
002282,0.5 4 0.4 0.2 0.4 0.3
002283,0.3 12 0.4 0.2 0.7 0.9 0.7 14 0.5 0.1 0.7 0.7 0.5 14 0.5 0.1 0.7 0.6 0.8 14 0.5 0.1 0.6 0.6 0.3 14 0.5 0.1 0.7 0.6
002286,0.5 14 0.0 0.1 0.4 0.7
002289,0.0 0 0.0 0.0 1.0 1.0
002292,0.6 1 0.1 0.6 0.5 1.0
002294,0.7 14 0.5 0.0 0.6 0.1 0.3 6 -0.0 0.6 0.2 1.0 0.4 6 0.0 0.6 0.1 0.8 0.9 14 0.0 0.0 0.1 0.3 0.7 14 0.7 -0.0 0.8 0.3 0.4 14 0.6 0.0 0.7 0.2 0.4 14 0.0 0.0 0.1 0.3 0.7 6 0.0 0.0 0.9 1.0 0.4 14 0.6 0.0 0.7 0.1
002295,0.6 14 0.2 0.3 0.4 1.0 0.3 14 0.4 0.3 0.4 0.4 0.5 14 0.2 0.5 0.4 1.0 0.6 14 0.2 0.0 0.8 1.0 0.3 14 0.3 0.0 0.8 1.0
002296,0.5 6 0.5 0.6 0.6 0.7 1.0 14 0.9 0.5 0.9 0.8 0.4 6 0.6 0.6 0.7 0.7
002297,0.3 15 0.5 0.2 0.5 0.4 0.6 15 0.5 0.2 0.5 0.4 0.3 8 0.6 0.6 0.8 1.0 0.5 14 0.0 0.7 0.1 1.0
002298,0.4 14 0.1 0.5 0.4 0.9 0.4 14 0.0 0.4 0.4 0.9 0.3 14 0.0 0.4 0.2 0.8 0.3 14 0.0 0.5 0.2 0.9 0.3 14 0.0 0.5 0.2 0.8 0.5 14 0.0 0.5 0.5 1.0 0.8 14 0.0 0.5 0.2 1.0 0.6 14 0.0 0.4 0.2 0.8
002299,0.0 0 0.0 0.0 1.0 1.0
002301,0.5 8 0.0 0.6 0.3 1.0 0.9 14 0.7 0.3 0.9 0.7 0.3 14 0.7 0.3 0.9 0.7 0.8 14 0.7 0.2 0.8 0.6 0.9 14 0.8 0.3 0.9 0.5 0.4 8 0.0 0.7 0.3 1.0 0.6 14 0.8 0.3 0.9 0.5 0.4 14 0.6 0.0 0.7 0.5 0.5 14 0.1 0.3 0.5 1.0 0.9 14 0.0 0.2 0.1 0.4 0.8 14 0.7 0.3 0.8 0.5 0.9 14 0.7 0.2 0.8 0.5 0.9 14 0.3 0.2 0.4 0.4 0.5 14 0.1 0.3 0.3 1.0 1.0 14 0.4 0.2 0.6 0.4 0.9 14 0.1 0.3 0.4 1.0 0.6 14 0.0 0.2 0.2 1.0 0.8 14 0.2 0.2 0.3 0.3 0.9 14 0.7 0.3 0.8 0.6 0.9 14 0.0 0.2 0.2 0.8 0.4 14 0.3 0.2 0.4 0.4 0.4 14 0.7 0.3 0.9 1.0 0.9 14 0.7 0.2 0.8 0.5 0.5 14 0.7 0.3 0.9 0.5 0.9 14 0.6 0.2 0.7 0.5
002303,0.0 0 0.0 0.0 1.0 1.0
002304,0.6 14 0.0 0.1 0.9 0.9
002309,0.0 0 0.0 0.0 1.0 1.0
002312,0.0 0 0.0 0.0 1.0 1.0
002313,0.0 0 0.0 0.0 1.0 1.0
002314,0.8 14 0.1 0.5 0.7 1.0 0.3 14 0.3 0.5 0.7 1.0
002316,0.0 0 0.0 0.0 1.0 1.0
002317,0.4 14 0.3 0.3 0.6 0.7 0.9 14 0.3 0.3 0.4 0.7 0.4 14 0.3 0.3 0.5 0.7 0.4 14 0.3 0.3 0.5 0.7 0.9 14 0.0 0.2 0.0 0.5 1.0 14 0.1 0.2 0.1 0.5 0.9 14 0.4 0.3 0.6 0.7
002319,0.4 6 0.1 0.2 0.8 0.7 0.5 6 0.0 0.2 0.8 0.9
002322,0.6 8 0.0 0.7 0.2 0.9 0.4 8 0.0 0.7 0.2 0.9 0.4 8 0.6 0.6 0.7 0.9 0.4 8 0.5 0.6 0.7 0.9 0.4 8 0.6 0.6 0.7 0.7 0.8 8 0.6 0.6 0.7 0.9 0.4 8 0.2 0.6 0.4 0.9 0.5 8 0.3 0.7 0.5 0.9 0.6 8 0.3 0.6 0.6 0.9 0.3 8 0.6 0.6 0.7 0.7 0.7 8 0.0 0.6 0.3 0.9 0.3 8 0.2 0.6 0.3 0.9 0.6 8 0.0 0.6 0.2 0.9 0.3 8 0.6 0.6 0.7 0.9 0.5 8 0.6 0.6 0.7 0.8 0.4 8 0.3 0.6 0.4 0.8 0.3 14 0.3 0.7 0.5 0.8 0.4 14 0.4 0.7 0.6 0.9 0.7 14 0.3 0.7 0.6 0.9
002325,0.5 1 0.4 0.4 0.5 0.6 0.3 1 0.8 0.5 0.9 0.7 0.4 1 0.7 0.4 0.9 0.7 0.4 1 0.5 0.4 0.9 0.7 0.3 1 0.3 0.4 0.5 0.6 0.4 1 0.8 0.4 0.9 0.6 0.3 14 0.3 0.3 0.4 0.4 0.4 1 0.4 0.4 0.6 0.6 1.0 14 0.1 0.3 0.4 0.7 0.3 1 0.3 0.4 0.6 0.7 1.0 14 0.6 0.2 0.7 0.7
002326,0.9 14 0.6 0.3 0.7 0.5
002327,0.5 14 0.0 0.5 0.5 1.0 0.5 14 0.1 0.2 0.6 1.0 0.7 14 0.0 0.2 0.6 1.0 0.4 14 0.0 0.2 0.7 1.0
002331,0.9 6 0.4 0.1 0.6 0.2 0.9 14 0.4 0.0 0.5 0.3 0.8 14 0.2 0.2 0.6 0.7 0.8 6 0.0 0.1 0.1 0.2 0.5 14 0.2 0.2 0.5 0.7 0.9 6 0.1 0.1 0.3 0.2 0.8 6 0.7 0.1 0.7 0.2 0.4 6 0.4 0.1 0.6 0.2 0.4 14 0.2 0.2 0.6 0.7 0.5 6 0.0 0.1 0.1 0.2 0.9 6 0.0 0.1 0.1 0.2 0.4 6 0.1 0.1 0.3 0.2 0.7 14 0.6 0.1 1.0 0.7 0.7 6 0.3 0.1 0.4 0.2 0.3 6 0.4 0.1 0.6 0.2 0.4 14 0.6 0.1 1.0 0.7 0.4 6 0.6 0.1 0.7 0.2 0.8 14 0.4 0.1 1.0 0.7 0.8 6 0.6 0.1 0.7 0.2
002336,0.0 0 0.0 0.0 1.0 1.0
002338,0.0 0 0.0 0.0 1.0 1.0
002339,0.4 6 0.1 0.0 0.3 0.1 0.4 15 0.4 0.3 0.6 0.5 0.7 15 0.4 0.2 0.6 0.5
002341,0.4 14 0.2 0.4 0.3 0.7 0.4 14 0.1 0.0 0.3 0.7 0.4 14 0.3 0.4 0.4 0.7 0.6 14 0.1 0.0 0.3 0.7 0.6 14 0.2 0.4 0.3 0.7 0.3 14 0.5 0.0 0.7 0.7 0.3 14 0.2 0.4 0.3 0.5 0.4 14 0.5 0.0 0.7 0.7 0.9 14 0.1 0.2 0.3 0.7 0.5 14 0.1 0.0 0.3 0.5 0.4 14 0.2 0.4 0.3 0.7 0.4 14 0.0 0.0 0.3 0.7 0.5 14 0.1 0.3 0.3 0.7 0.4 14 0.2 0.4 0.4 0.7 0.6 14 0.4 0.0 0.7 0.7 0.7 14 0.4 0.4 0.6 0.7
002344,0.5 14 0.4 0.5 0.7 1.0 0.7 14 0.0 0.1 0.5 1.0 0.8 14 0.0 0.1 0.7 1.0
002346,0.8 6 0.2 0.1 0.8 0.5
002349,0.8 6 0.3 0.3 0.6 0.4 0.4 6 0.3 0.3 0.6 0.4
002351,0.4 14 0.6 0.3 0.7 0.5 0.4 14 0.7 0.4 0.7 0.5 0.4 14 0.7 0.3 0.8 0.5 0.5 14 0.6 0.3 0.8 0.5 0.3 14 0.7 0.4 0.7 0.4 0.6 14 0.7 0.4 0.8 0.5
002353,0.4 8 0.4 0.4 0.6 0.6 0.4 8 0.1 0.4 0.3 0.6 0.4 8 0.4 0.4 0.5 0.6 0.4 8 0.1 0.4 0.3 0.6 0.4 8 0.1 0.4 0.4 0.6 0.4 15 0.1 0.3 0.3 0.5 0.4 15 0.2 0.3 0.3 0.5 0.5 8 0.4 0.4 0.5 0.6
002356,0.0 0 0.0 0.0 1.0 1.0
002357,0.0 0 0.0 0.0 1.0 1.0
002358,0.7 6 0.7 0.3 0.8 0.4 0.8 6 0.5 0.3 0.6 0.4 0.4 6 0.5 0.3 0.6 0.4 0.3 6 0.7 0.3 0.7 0.4
002360,0.4 14 0.4 0.2 0.6 0.5 0.3 14 0.5 0.1 0.6 0.2 0.6 14 0.2 0.3 0.6 0.8 0.4 14 0.0 0.3 0.2 0.5 0.4 6 0.2 0.8 0.7 0.9 0.7 14 0.0 0.3 0.1 0.4 0.5 14 0.2 0.3 0.6 0.8 0.9 14 0.4 0.2 0.6 0.5 0.5 14 0.0 0.3 0.2 0.5 0.4 14 0.2 0.3 0.6 0.7
002363,0.9 14 0.4 0.3 0.5 0.6 0.7 14 0.4 0.3 0.5 0.6 1.0 14 0.2 0.3 0.3 0.6 1.0 14 0.0 0.3 0.1 0.6 1.0 14 0.3 0.3 0.4 0.6
002365,0.5 4 0.1 0.5 0.2 0.6 0.9 14 0.1 0.1 0.6 0.9
002370,0.4 6 0.7 0.3 0.8 0.4 0.8 6 0.7 0.3 0.8 0.4 0.5 6 0.4 0.4 0.6 0.5 0.3 6 0.4 0.4 0.5 0.5 0.3 6 0.7 0.3 0.8 0.4 0.5 6 0.7 0.3 0.8 0.4 0.4 6 0.6 0.3 0.7 0.4
002379,0.4 6 0.1 0.2 0.7 0.6 0.6 14 0.8 -0.0 0.9 0.7 0.5 6 0.0 0.0 0.5 0.3 0.4 14 0.2 0.0 0.4 0.1 0.5 14 0.7 -0.0 0.9 0.7 0.3 6 0.6 0.1 0.8 0.2
002380,0.0 0 0.0 0.0 1.0 1.0
002381,0.5 15 0.3 0.7 0.5 0.9 0.6 15 0.3 0.7 0.5 0.8
002383,0.3 6 0.7 0.4 0.8 0.4 0.5 6 0.8 0.4 0.8 0.4 0.9 6 0.0 0.4 0.1 0.5 0.3 6 0.2 0.1 0.7 0.5 0.9 6 0.8 0.4 0.8 0.4 0.9 6 0.7 0.4 0.8 0.4
002386,0.7 14 0.6 0.2 0.6 0.3 0.8 14 0.7 0.4 0.7 0.4 0.7 14 0.3 0.4 0.3 0.4 0.7 14 0.7 0.4 0.7 0.5
002388,0.4 14 0.2 0.0 0.9 0.5
002389,0.4 4 0.2 0.2 0.2 0.3 0.4 4 0.2 0.2 0.2 0.3 0.4 4 0.1 0.2 0.1 0.3
002390,0.0 0 0.0 0.0 1.0 1.0
002394,0.8 14 0.5 0.1 0.5 0.1 0.4 15 0.4 0.3 0.5 0.4 0.4 14 0.1 0.1 0.1 0.3 0.4 14 0.1 0.1 0.1 0.1 0.5 15 0.4 0.3 0.5 0.4 0.8 14 0.1 0.1 0.1 0.2 0.5 15 0.3 0.3 0.4 0.4 0.7 14 0.1 0.1 0.2 0.1 0.5 14 0.5 0.1 0.6 0.2
002395,0.4 6 0.0 0.5 0.1 0.6
002396,0.0 0 0.0 0.0 1.0 1.0
002397,0.6 14 0.3 0.4 0.4 0.7 0.9 14 0.3 0.4 0.4 0.6
002398,0.5 14 0.2 0.2 0.5 0.8 0.6 14 0.2 0.2 0.5 0.6 0.8 14 0.2 0.2 0.5 0.9
002399,0.5 14 0.2 0.2 0.7 0.7 0.4 14 0.1 0.2 0.4 0.6 0.5 14 0.0 0.1 0.4 0.7 0.4 14 0.5 0.1 0.8 0.7 0.6 14 0.1 0.1 0.4 0.6 0.7 14 0.0 0.1 0.4 0.6 0.3 14 0.0 0.1 0.4 0.7 0.5 14 0.4 0.2 0.7 0.7 0.4 14 0.1 0.1 0.4 0.5 0.5 14 0.0 0.1 0.4 0.6 0.7 14 0.0 0.1 0.3 0.7 0.4 14 0.3 0.1 0.4 0.3 0.4 14 0.1 0.2 0.3 0.5 0.5 14 0.2 0.2 0.8 0.7 0.4 14 0.5 0.2 0.7 0.5 0.3 14 0.5 0.1 0.8 0.5
002400,0.0 0 0.0 0.0 1.0 1.0
002402,0.3 14 0.6 0.0 0.7 0.1 0.7 14 0.3 0.0 0.4 0.2 0.5 6 0.7 0.1 0.9 0.2 0.4 6 0.9 0.0 1.0 0.2 0.4 6 0.8 0.0 1.0 0.2 0.4 6 0.8 0.0 1.0 0.2 0.3 14 0.6 0.0 0.6 0.1 0.3 6 0.0 0.0 0.1 0.2 0.5 6 0.8 0.1 0.9 0.2 0.9 14 0.5 0.0 0.5 0.1 0.9 14 0.2 0.0 0.3 0.2 0.9 6 0.1 0.1 0.9 0.6 0.3 14 0.3 0.0 0.3 0.2 0.7 6 0.8 0.0 1.0 0.2 0.5 14 0.6 0.0 0.6 0.1 0.9 14 0.7 0.0 0.7 0.1
002406,0.8 6 0.4 0.3 0.7 0.4
002408,0.0 0 0.0 0.0 1.0 1.0
002409,0.9 14 0.3 0.1 0.5 0.4 0.4 14 0.3 0.1 0.7 0.6 0.3 14 0.2 0.1 0.7 0.6
002412,0.0 0 0.0 0.0 1.0 1.0
002414,0.6 14 0.4 0.5 0.4 0.5
002416,0.7 14 0.0 0.3 0.1 0.6 0.6 6 0.3 0.3 0.8 0.6 0.6 6 0.3 0.3 0.8 0.7
002418,0.3 6 0.2 0.3 0.5 0.5 0.4 6 0.0 0.4 0.1 0.5
002421,0.3 14 0.5 0.1 0.6 0.3 0.6 14 0.5 0.1 0.7 0.6 0.8 14 0.5 0.1 0.7 0.7 0.7 14 0.3 0.1 0.8 0.7
002422,0.5 15 0.1 0.0 0.5 1.0 0.4 15 0.0 0.0 0.5 1.0
002424,0.3 6 0.9 0.5 1.0 0.7 0.8 6 0.8 0.5 1.0 0.7 0.8 6 0.9 0.5 1.0 0.7 0.5 6 0.3 0.5 0.4 0.6 0.5 6 0.8 0.5 1.0 0.7 0.3 6 0.9 0.5 1.0 0.7
002426,0.9 14 0.2 0.1 0.4 0.5 0.7 14 0.0 0.1 0.2 0.5 0.4 15 0.8 0.0 0.9 0.1
002428,0.5 14 0.4 0.3 0.5 0.6 0.4 14 0.2 0.1 0.5 0.7 0.5 14 0.2 0.2 0.4 0.7 0.4 14 0.2 0.1 0.5 0.7 0.5 14 0.6 -0.0 0.9 0.3 0.9 14 0.0 0.2 0.5 0.7 0.8 14 0.6 0.2 0.9 0.7
002429,0.5 14 0.5 0.1 0.8 0.6 0.7 14 0.5 0.1 0.8 0.6 0.4 14 0.3 0.1 0.8 0.7 0.8 14 0.0 0.1 0.5 0.7 0.5 14 0.0 0.1 0.5 1.0 0.6 14 0.5 0.1 0.8 0.8 0.8 14 0.5 0.1 0.8 0.8 0.3 14 0.4 0.1 0.8 1.0
002430,0.6 14 0.0 0.1 0.6 0.8
002431,0.0 0 0.0 0.0 1.0 1.0
002432,0.0 0 0.0 0.0 1.0 1.0
002434,0.4 14 0.2 0.1 0.7 0.8 0.4 14 0.8 0.4 1.0 0.7 0.5 14 0.7 0.4 1.0 0.7 0.4 14 0.6 0.4 0.8 0.7 0.4 14 0.2 0.1 0.6 1.0 0.4 14 0.8 0.4 1.0 0.7 0.4 14 0.2 0.1 0.7 0.7 0.5 14 0.0 0.1 0.8 1.0 0.6 14 0.2 0.1 0.7 1.0 0.5 14 0.2 0.1 0.6 0.7 0.5 14 0.6 0.4 0.7 0.7 0.5 14 0.6 0.4 0.7 0.7 0.3 14 0.6 0.1 1.0 1.0 0.3 14 0.6 0.1 0.9 0.7
002438,0.4 14 0.2 0.8 0.5 1.0 0.7 14 0.1 0.6 0.5 1.0 0.4 14 0.1 0.8 0.5 1.0 0.8 14 0.0 0.6 0.4 1.0
002440,0.0 0 0.0 0.0 1.0 1.0
002446,0.8 6 0.3 0.3 0.5 0.5 1.0 14 0.2 0.3 0.2 0.5 1.0 14 0.5 0.3 0.6 0.5 0.9 6 0.0 0.3 0.3 0.5 1.0 14 0.8 0.3 0.8 0.5 0.4 6 0.0 0.3 0.2 0.5 0.9 6 0.6 0.3 0.8 0.5
002447,0.5 14 0.0 0.1 0.5 0.7 0.4 14 0.0 0.1 0.5 1.0 0.5 14 0.0 0.1 0.9 0.8 0.4 14 0.0 0.1 0.9 1.0
002449,0.0 0 0.0 0.0 1.0 1.0
002451,0.4 15 0.1 0.5 0.3 0.7 0.3 15 0.3 0.5 0.5 0.7 0.5 15 0.0 0.3 0.3 0.7 0.4 15 0.0 0.5 0.3 0.7
002453,0.0 0 0.0 0.0 1.0 1.0
002455,0.4 14 0.4 0.2 0.6 0.4 0.9 14 0.3 0.2 0.4 0.5 0.8 14 0.0 0.2 0.3 0.5 0.9 14 0.1 0.2 0.3 0.5 0.9 14 0.4 0.2 0.6 0.4 0.9 14 0.4 0.2 0.7 0.5
002457,0.0 0 0.0 0.0 1.0 1.0
002463,0.6 14 0.3 0.2 0.4 0.5 0.9 14 0.3 0.3 0.5 0.9 0.3 8 0.0 0.5 0.1 0.8 0.5 8 0.5 0.4 0.6 0.6 0.7 8 0.5 0.4 0.6 0.9 0.5 14 0.3 0.2 0.4 0.9 0.5 14 0.1 0.1 0.3 0.9 0.3 14 0.3 0.2 0.5 0.6 0.5 8 0.5 0.6 0.6 0.9 0.6 14 0.3 0.2 0.4 0.6 0.5 8 0.5 0.4 0.6 0.7 0.6 14 0.3 0.3 0.5 0.6 0.9 14 0.0 0.0 0.3 0.9 0.4 8 0.5 0.6 0.6 0.8 0.4 14 0.3 0.2 0.5 0.9 0.5 8 0.4 0.4 0.6 0.9 0.3 8 0.5 0.4 0.6 0.8
002464,0.0 0 0.0 0.0 1.0 1.0
002467,0.0 0 0.0 0.0 1.0 1.0
002469,0.3 14 0.8 0.5 0.9 0.7 0.8 14 0.4 0.2 0.6 0.7 0.7 14 0.4 0.2 0.6 0.7 0.8 14 0.4 0.2 0.8 0.7 0.8 14 0.8 0.5 0.9 0.7
002473,0.0 0 0.0 0.0 1.0 1.0
002474,0.0 0 0.0 0.0 1.0 1.0
002475,0.5 14 0.4 0.2 0.5 0.4 0.5 1 0.1 0.4 0.4 0.5 0.9 14 0.3 0.3 0.4 0.5 0.8 14 0.4 0.3 0.5 0.5 0.5 1 0.4 0.4 0.5 0.6 0.4 1 0.1 0.4 0.3 0.5 0.7 1 0.1 0.4 0.3 0.5 0.7 14 0.6 0.3 0.7 0.5 0.9 14 0.3 0.3 0.4 0.5 0.6 14 0.5 0.2 0.5 0.3 0.7 1 0.4 0.4 0.5 0.6 0.5 14 0.2 0.3 0.3 0.5 0.6 1 0.3 0.4 0.4 0.5 0.6 14 0.5 0.3 0.5 0.5 0.7 14 0.3 0.3 0.4 0.5 0.7 1 0.5 0.4 0.7 0.6 0.9 14 0.3 0.3 0.4 0.5 0.7 1 0.1 0.4 0.3 0.5 0.6 1 0.1 0.4 0.3 0.5 0.9 14 0.5 0.3 0.5 0.5 0.9 14 0.4 0.3 0.5 0.5 0.9 14 0.2 0.3 0.3 0.5 0.4 14 0.1 0.3 0.2 0.4 0.4 15 0.7 0.1 0.8 0.2 0.4 1 0.2 0.4 0.4 0.5 0.9 14 0.1 0.3 0.2 0.5 0.6 14 0.2 0.3 0.3 0.4 0.4 1 0.6 0.4 0.7 0.6 0.9 14 0.6 0.3 0.7 0.6 0.8 14 0.1 0.3 0.2 0.5 0.3 1 0.1 0.4 0.3 0.5 0.4 1 0.4 0.4 0.6 0.6 0.9 14 0.5 0.3 0.6 0.6 0.3 15 0.7 0.1 0.8 0.2
002482,0.4 15 0.1 0.7 0.3 0.9
002484,0.9 6 0.4 0.5 0.5 0.6 0.5 6 0.2 0.5 0.3 0.5 0.9 6 0.5 0.5 0.7 0.6 0.8 6 0.3 0.5 0.3 0.5 0.6 6 0.3 0.5 0.3 0.5 0.7 6 0.2 0.5 0.3 0.5 0.9 6 0.1 0.5 0.2 0.5
002485,0.0 0 0.0 0.0 1.0 1.0
002486,0.3 14 0.1 0.3 0.1 0.3
002487,0.0 0 0.0 0.0 1.0 1.0
002488,0.8 14 0.2 0.1 0.5 0.9
002489,0.0 0 0.0 0.0 1.0 1.0
002495,0.4 6 0.0 0.3 0.7 0.7
002498,0.4 14 0.4 0.2 0.6 0.5 0.6 14 0.1 0.1 0.2 0.5 0.5 14 0.5 0.1 0.7 0.6 0.7 14 0.4 0.2 0.6 0.5 0.6 14 0.1 0.2 0.3 0.6 0.7 14 0.4 0.1 0.7 0.6 0.3 14 0.0 0.2 0.3 0.7 0.7 14 0.4 0.2 0.7 0.6 0.3 14 0.1 0.1 0.3 0.5 0.6 14 0.1 0.1 0.2 0.4 0.8 14 0.0 0.2 0.3 1.0 0.8 14 0.0 0.1 0.3 0.6 0.4 14 0.1 0.2 0.3 0.6 0.3 14 0.3 0.2 0.7 0.6 0.8 14 0.4 0.1 0.7 0.6 0.6 14 0.5 0.4 0.7 0.6 0.4 14 0.6 0.1 0.7 0.2
002499,0.3 14 0.5 0.0 0.9 0.6 0.6 14 0.0 0.0 0.1 0.4 0.3 14 0.5 0.0 0.9 0.5 0.5 6 0.2 0.2 0.3 0.3 0.4 14 0.5 0.0 0.9 0.6 0.4 6 0.1 0.2 0.2 0.3 0.5 14 0.5 0.0 0.9 0.6
002503,0.3 14 0.3 0.1 0.5 0.4 0.8 14 0.3 0.3 0.5 0.9 0.3 14 0.6 0.2 0.6 0.4 0.7 14 0.3 0.1 0.5 0.9 0.4 14 0.0 0.6 0.1 1.0 0.3 14 0.3 0.1 0.6 0.8 0.9 14 0.0 0.5 0.3 1.0 0.7 14 0.0 0.5 0.2 1.0 0.8 14 0.3 0.1 0.6 0.9 0.5 14 0.0 0.7 0.1 1.0 0.9 14 0.5 0.2 0.5 0.3
002506,0.4 8 0.0 0.5 0.3 1.0
002507,0.0 0 0.0 0.0 1.0 1.0
002509,0.5 14 0.0 0.2 0.6 1.0 0.3 14 0.0 0.2 0.5 0.9
002510,0.4 15 0.4 0.1 0.4 0.2 0.3 8 0.3 0.2 0.4 0.3 0.4 15 0.4 0.3 0.6 0.6
002511,0.4 14 0.3 0.1 0.4 0.4 0.9 14 0.1 0.1 0.4 0.5
002515,0.5 14 0.5 0.2 0.5 0.3 0.9 14 0.4 0.1 0.5 0.3 1.0 14 0.1 0.2 0.1 0.4 0.8 14 0.1 0.2 0.1 0.3 0.5 14 0.6 0.1 0.6 0.3 0.8 14 0.6 0.1 0.7 0.2
002516,0.4 14 0.3 0.4 0.5 0.6 0.4 14 0.4 0.4 0.5 0.6 0.4 14 0.6 0.4 0.8 0.6 0.9 14 0.6 0.4 0.8 0.6 0.3 14 0.3 0.3 0.4 0.6 0.4 14 0.4 0.1 0.5 0.2 0.5 14 0.4 0.3 0.5 0.5 0.3 14 0.3 0.4 0.5 0.6 0.7 14 0.5 0.2 0.7 0.6 0.4 14 0.6 0.4 0.8 0.6 0.3 14 0.3 0.3 0.4 0.5 0.7 14 0.5 0.2 0.7 0.6 0.8 14 0.4 0.3 0.5 0.6 0.9 14 0.0 0.1 0.3 0.7 0.8 14 0.2 0.3 0.3 0.3 0.8 14 0.3 0.3 0.5 0.6 0.4 14 0.2 0.3 0.3 0.4 0.4 14 0.5 0.2 0.8 0.6 0.8 14 0.5 0.2 0.8 0.6 0.6 14 0.5 0.2 0.7 0.5
002517,0.7 6 0.1 0.1 0.7 0.6
002521,0.9 14 0.3 0.5 0.4 0.5 0.5 6 0.0 0.1 0.7 0.6
002522,0.6 6 0.0 0.1 0.9 0.7 0.3 6 0.1 0.2 0.9 0.6
002526,0.8 6 0.1 0.2 0.7 0.5
002527,0.4 15 0.0 0.1 0.6 1.0
002528,0.7 14 0.5 0.1 0.7 0.6 0.9 14 0.5 0.1 0.8 0.6
002530,0.3 6 0.2 0.2 0.7 0.6
002531,0.4 6 0.1 0.2 0.2 0.3 0.8 14 0.6 0.1 0.6 0.2 0.8 6 0.0 0.2 0.9 0.7 0.3 6 0.0 0.1 0.2 0.4 0.9 14 0.6 0.1 0.7 0.2
002532,0.6 6 0.1 0.4 0.2 0.5 0.4 15 0.1 0.6 0.2 0.8 0.9 6 0.1 0.4 0.2 0.5 0.3 6 0.1 0.4 0.2 0.5 0.9 6 0.2 0.4 0.3 0.5
002535,0.5 14 0.0 0.1 0.6 0.5 0.4 14 0.0 0.1 0.6 1.0 0.5 14 0.0 0.0 0.9 1.0
002536,0.3 6 0.2 0.3 0.3 0.4 0.7 6 0.7 0.3 0.8 0.4 0.6 6 0.7 0.3 0.8 0.4 0.7 6 0.3 0.3 0.4 0.3 0.7 6 0.1 0.3 0.3 0.4 0.7 6 0.5 0.3 0.7 0.4 0.6 6 0.7 0.3 0.8 0.4 0.7 6 0.3 0.3 0.5 0.4 0.8 6 0.6 0.3 0.7 0.3
002538,0.4 14 0.3 0.0 0.5 0.5 0.7 14 0.2 0.4 0.4 0.6 0.6 4 0.4 0.4 0.4 0.6 0.6 14 0.2 0.1 0.4 0.6 0.4 14 0.4 0.1 0.5 0.5 0.9 14 0.2 0.0 0.6 0.6 0.3 8 0.1 0.5 0.4 0.7 0.6 14 0.3 0.1 0.5 0.5 0.3 14 0.2 0.0 0.4 0.4 0.6 14 0.2 0.1 0.3 0.4 0.3 4 0.4 0.4 0.5 0.6 0.6 4 0.5 0.5 0.6 0.6 0.7 4 0.5 0.5 0.6 0.6
002541,0.0 0 0.0 0.0 1.0 1.0
002543,0.7 6 0.0 0.5 0.1 0.7 0.4 6 0.5 0.5 0.9 0.6 0.5 6 0.1 0.5 0.5 0.7 0.5 6 0.0 0.5 0.1 0.6 0.7 6 0.0 0.5 0.3 0.7 0.8 6 0.5 0.5 0.6 0.6 0.8 6 0.0 0.5 0.5 0.7 0.6 6 0.3 0.5 0.5 0.7 0.3 6 0.5 0.5 0.6 0.6
002548,0.9 6 0.4 0.2 0.6 0.4 0.5 6 0.7 0.2 0.9 0.4 0.8 6 0.0 0.1 0.4 0.4 0.9 6 0.7 0.2 0.9 0.4
002550,0.9 14 0.1 0.1 0.7 1.0
002551,0.5 14 0.0 0.3 0.2 0.7 0.9 14 0.0 0.0 0.2 0.3 0.4 14 0.5 0.2 1.0 1.0 0.7 14 0.9 0.0 1.0 0.4 0.9 14 0.9 0.1 1.0 0.4 0.4 14 0.9 0.0 1.0 0.3 0.8 14 0.2 0.1 0.6 0.6 0.4 14 0.0 0.3 0.1 0.6 0.6 14 0.2 0.0 0.4 0.5 0.5 14 0.0 0.3 0.3 0.7 0.7 14 0.3 0.1 0.6 0.6 0.9 14 0.2 0.0 0.4 0.3 0.5 14 0.0 0.0 0.2 0.2 0.4 14 0.9 0.0 1.0 0.2 0.6 14 0.0 0.3 0.2 0.5 0.9 14 0.3 0.1 0.6 0.6 0.5 14 0.5 0.2 0.9 0.6 0.9 14 0.5 0.1 1.0 0.7 0.6 14 0.7 0.0 0.8 0.1
002552,0.0 0 0.0 0.0 1.0 1.0
002553,0.6 14 0.2 0.1 0.8 0.8 0.6 14 0.0 0.6 0.3 1.0 0.6 14 0.2 0.1 0.8 1.0 0.6 14 0.0 0.6 0.2 0.8
002556,0.0 0 0.0 0.0 1.0 1.0
002557,0.4 15 0.5 0.1 0.6 0.2 0.6 15 0.3 0.1 0.5 0.4 0.5 15 0.4 0.4 0.5 0.5 0.3 15 0.2 0.4 0.3 0.5 0.4 15 0.0 0.0 0.3 0.3 0.3 15 0.1 0.0 0.2 0.1 0.6 15 0.6 0.3 0.7 0.5 0.5 15 0.2 0.3 0.4 0.5 0.5 15 0.1 0.2 0.3 0.3 0.4 15 0.5 0.1 0.7 0.3 0.5 15 0.0 0.1 0.3 0.5 0.4 15 0.3 0.4 0.4 0.5 0.5 15 0.3 0.1 0.5 0.4 0.3 15 0.1 0.3 0.4 0.5 0.7 15 0.5 0.3 0.6 0.5 0.4 15 0.1 0.0 0.3 0.3 0.3 15 0.0 0.0 0.3 0.5 0.6 15 0.0 0.3 0.2 0.5 0.3 15 0.3 0.2 0.5 0.3 0.7 15 0.4 0.4 0.6 0.5 0.6 15 0.7 0.1 0.8 0.3
002560,0.0 0 0.0 0.0 1.0 1.0
002562,0.6 6 0.1 0.1 0.9 0.7 1.0 14 0.2 0.1 0.3 0.6 1.0 14 0.3 0.1 0.5 0.6
002568,0.5 14 0.9 0.1 1.0 0.5 0.4 6 0.0 0.1 0.3 0.4 0.5 6 0.2 0.1 0.8 0.8
002570,0.3 14 0.2 0.0 0.5 0.5 0.7 14 0.1 0.5 0.5 1.0 0.3 14 0.2 0.0 0.5 0.8 0.4 14 0.2 0.0 0.5 0.9 0.5 14 0.0 0.0 0.5 1.0 0.4 14 0.0 0.2 0.4 1.0 0.5 14 0.0 0.0 0.7 1.0 0.3 14 0.2 0.0 0.5 0.9
002573,0.5 14 0.6 0.2 0.6 0.3 0.9 14 0.6 0.2 0.7 0.4 0.8 14 0.2 0.2 0.3 0.5 0.5 14 0.5 0.2 0.5 0.3 0.7 14 0.2 0.3 0.2 0.5 0.4 14 0.6 0.2 0.7 0.4 0.9 14 0.3 0.2 0.4 0.5 0.6 14 0.2 0.3 0.2 0.4 0.9 14 0.1 0.3 0.2 0.5 0.4 14 0.7 0.2 0.8 0.5 0.4 14 0.3 0.2 0.4 0.3 0.6 14 0.6 0.2 0.7 0.5 0.4 14 0.6 0.3 0.7 0.5 1.0 14 0.7 0.2 0.8 0.5 0.3 14 0.6 0.2 0.6 0.3
002574,0.4 14 0.2 0.2 0.6 0.7 0.5 14 0.2 0.1 0.6 0.7 0.3 14 0.2 0.1 0.6 0.7 0.5 14 0.2 0.1 0.6 0.7 0.4 15 0.8 0.2 0.9 0.3 0.6 14 0.4 0.2 0.6 0.6 0.4 14 0.2 0.1 0.9 0.7
002575,0.4 14 0.4 0.3 0.6 0.5 0.5 15 0.4 0.5 0.5 0.6 0.4 8 0.0 0.5 0.1 0.7 0.7 4 0.7 0.6 0.8 0.7 0.8 4 0.7 0.5 0.8 0.7 0.7 15 0.6 0.6 0.7 0.8 0.4 14 0.4 0.3 0.7 0.6 1.0 14 0.3 0.3 0.5 0.7 0.6 4 0.6 0.6 0.6 0.7 0.6 14 0.4 0.3 0.6 0.7 0.6 8 0.0 0.5 0.1 0.7 0.6 4 0.7 0.5 0.8 0.7 0.3 8 0.0 0.5 0.1 0.7 0.7 14 0.4 0.3 0.7 0.7 0.8 4 0.6 0.6 0.6 0.7 0.9 14 0.4 0.2 0.7 0.7 0.5 4 0.6 0.6 0.6 0.7
002576,0.7 14 0.3 0.2 0.8 0.6
002577,0.8 6 0.1 0.1 0.8 0.6
002580,0.0 0 0.0 0.0 1.0 1.0
002581,0.0 0 0.0 0.0 1.0 1.0
002582,0.7 14 0.1 0.6 0.1 0.6 0.4 14 0.6 0.5 0.6 0.7 0.4 14 0.6 0.5 0.6 0.7 0.9 14 0.2 0.7 0.3 0.9 0.8 14 0.0 0.6 0.1 0.6 0.7 14 0.6 0.6 0.6 0.7 0.7 14 0.1 0.6 0.1 0.6 0.4 14 0.1 0.6 0.1 0.6 1.0 14 0.1 0.6 0.2 0.9 0.9 14 0.6 0.5 0.7 0.7 0.8 14 0.1 0.6 0.1 0.6 0.9 14 0.6 0.5 0.6 0.7 0.7 14 0.6 0.5 0.6 0.7
002583,0.7 6 0.8 0.5 0.9 0.6 0.8 6 0.1 0.5 0.7 0.8
002587,0.7 14 0.4 0.2 0.5 0.6 0.5 14 0.8 0.2 0.9 0.7 0.4 14 0.8 0.3 0.9 0.5 0.6 14 0.5 0.2 0.9 0.7 0.7 14 0.2 0.2 0.4 0.7 0.4 14 0.3 0.3 0.5 0.7 0.3 14 0.3 0.1 0.5 0.5 0.5 14 0.1 0.1 0.3 0.5 0.5 14 0.3 0.3 0.4 0.7 0.4 14 0.7 0.1 0.8 0.3 0.4 14 0.8 0.2 0.9 0.4 0.6 14 0.0 0.3 0.4 0.7 0.7 14 0.0 0.1 0.2 0.7 0.3 14 0.3 0.2 0.4 0.5 0.5 14 0.2 0.2 0.4 0.5 0.4 14 0.5 0.2 0.7 0.5 0.5 14 0.3 0.2 0.6 0.6 0.9 14 0.0 0.1 0.2 0.5 0.4 14 0.1 0.1 0.2 0.5 0.7 14 0.3 0.2 0.7 0.7 1.0 14 0.8 0.2 0.9 0.5 0.4 14 0.5 0.2 0.7 0.4 0.8 14 0.6 0.2 0.7 0.5 0.5 14 0.3 0.2 0.9 1.0
002588,0.4 14 0.0 0.3 0.2 0.5 0.6 14 0.0 0.2 0.4 0.7 0.3 14 0.4 0.1 0.7 0.4 0.4 14 0.4 0.1 0.7 0.7 0.8 14 0.0 0.2 0.4 1.0 0.5 14 0.0 0.1 0.8 1.0 0.8 14 0.0 0.3 0.2 0.6 0.3 14 0.0 0.3 0.2 0.5 0.5 14 0.4 0.2 0.7 1.0 0.4 14 0.0 0.3 0.2 0.5
002591,0.7 14 0.4 0.0 0.6 0.3 0.7 14 0.3 0.0 0.5 0.4 0.3 14 0.0 0.1 0.3 1.0 0.4 14 0.0 0.1 0.3 0.7 0.4 14 0.7 0.4 0.9 0.6 0.7 14 0.6 0.1 0.8 0.6 0.3 14 0.4 0.1 0.5 0.4 0.6 14 0.0 0.1 0.3 0.4 0.4 14 0.4 0.0 0.6 0.4 0.4 14 0.0 0.1 0.1 0.5 0.7 14 0.3 0.0 0.6 0.5 0.6 14 0.3 0.2 0.5 0.4 0.6 14 0.3 0.0 0.5 0.2 0.8 14 0.3 0.1 0.5 0.4 0.5 14 0.0 0.1 0.3 0.6 0.6 14 0.4 0.0 0.6 0.5 0.7 14 0.4 0.0 0.6 0.5 0.4 14 0.3 0.0 0.5 0.4 0.5 14 0.0 0.1 0.2 1.0 0.9 14 0.0 0.1 0.2 0.6 0.4 14 0.4 0.1 0.4 0.2 0.4 14 0.0 0.1 0.2 0.4 0.9 14 0.5 0.1 0.8 0.6
002592,0.0 0 0.0 0.0 1.0 1.0
002596,0.9 14 0.4 0.3 0.5 0.5 0.5 14 0.3 0.3 0.5 0.6 0.4 14 0.3 0.3 0.6 0.8 0.9 14 0.3 0.3 0.4 0.8
002597,0.0 0 0.0 0.0 1.0 1.0
002601,0.0 0 0.0 0.0 1.0 1.0
002602,0.8 14 0.3 0.1 0.6 0.5 0.7 6 0.1 0.0 0.8 0.1 0.3 6 0.2 0.0 0.7 0.1 0.4 6 0.2 0.0 0.4 0.1 0.3 14 0.3 0.1 0.4 0.1
002604,0.6 14 0.4 0.3 0.6 0.8 0.9 14 0.0 0.2 0.3 0.9 0.5 14 0.0 0.2 0.3 1.0 0.9 14 0.4 0.3 0.7 0.8
002607,0.4 6 0.3 0.3 0.6 0.6 0.4 6 0.6 0.5 0.7 0.6
002608,0.0 0 0.0 0.0 1.0 1.0
002610,0.6 6 0.1 0.7 0.2 0.8 0.7 6 0.0 0.6 0.2 0.9 0.3 6 0.1 0.7 0.2 0.8
002612,0.0 0 0.0 0.0 1.0 1.0
002614,0.5 14 0.2 0.5 0.3 0.9 0.4 14 0.7 0.7 0.8 0.9 0.7 14 0.0 0.6 0.2 1.0 0.4 14 0.7 0.3 0.8 0.7 0.6 14 0.8 0.5 0.9 0.9 0.7 14 0.7 0.5 1.0 1.0 0.5 14 0.7 0.5 0.9 1.0 0.7 14 0.7 0.4 0.8 0.7 0.7 14 0.6 0.4 0.8 0.9 0.5 14 0.8 0.4 1.0 1.0 0.8 14 0.8 0.4 1.0 1.0 0.5 14 0.1 0.5 0.3 0.9 0.5 14 0.7 0.3 0.8 0.6 0.4 14 0.5 0.4 0.7 0.7 0.5 14 0.3 0.6 0.4 0.9 0.5 14 0.7 0.3 0.9 0.9 0.3 4 0.6 0.7 0.7 0.9 0.5 14 0.3 0.6 0.4 0.8 0.8 14 0.7 0.3 0.8 0.5 0.9 14 0.3 0.5 0.4 0.7 0.9 14 0.1 0.5 0.3 1.0 1.0 14 0.5 0.4 0.6 0.7 0.7 14 0.2 0.5 0.2 0.6 0.9 14 0.0 0.5 0.4 1.0 0.3 14 0.8 0.4 1.0 0.6 0.7 14 0.7 0.4 0.8 0.9 0.3 14 0.3 0.5 0.4 0.6 0.8 14 0.8 0.5 1.0 1.0 0.8 14 0.3 0.6 0.4 1.0 0.4 14 0.1 0.5 0.3 0.8 0.9 4 0.6 0.6 0.6 0.8 0.9 14 0.6 0.4 0.7 0.7 0.7 4 0.6 0.6 0.6 0.8 0.6 14 0.7 0.3 1.0 1.0 0.3 14 0.7 0.3 0.8 0.7
002616,0.0 0 0.0 0.0 1.0 1.0
002617,0.4 8 0.0 0.7 0.3 1.0 0.3 19 0.6 0.5 0.7 0.6 0.3 6 0.3 0.8 0.5 0.9
002619,0.0 0 0.0 0.0 1.0 1.0
002620,0.4 14 0.0 0.3 0.1 0.7 0.6 14 0.3 0.8 0.6 1.0 0.4 14 0.3 0.0 0.7 0.6 0.8 14 0.1 0.4 0.6 1.0 0.7 14 0.1 0.0 0.7 1.0 0.8 14 0.3 0.0 0.7 1.0
002622,0.6 6 0.4 0.6 0.5 0.7 0.4 6 0.2 0.6 0.3 0.7 0.4 15 0.6 0.6 0.7 0.6 0.6 6 0.5 0.6 0.6 0.7 0.8 6 0.3 0.6 0.4 0.7 0.6 6 0.4 0.6 0.4 0.7 0.4 6 0.3 0.6 0.4 0.7 0.3 6 0.0 0.6 0.1 0.7 0.6 6 0.5 0.6 0.5 0.7 0.7 6 0.0 0.6 0.1 0.7 0.7 6 0.0 0.6 0.1 0.7 0.8 6 0.4 0.6 0.4 0.7 0.8 6 0.4 0.6 0.5 0.7 0.8 6 0.5 0.6 0.6 0.7 0.5 15 0.6 0.4 0.7 0.6
002623,0.5 14 0.0 0.0 0.8 0.7
002624,0.6 14 0.4 0.3 0.6 0.5 0.8 14 0.4 0.3 0.6 0.5 0.3 19 0.2 0.1 0.6 0.5 1.0 14 0.2 0.3 0.4 0.7 0.9 14 0.4 0.3 0.6 0.7
002626,0.4 14 0.4 0.5 0.5 0.6 0.8 14 0.4 0.5 0.5 0.7 0.4 1 0.4 0.6 0.5 0.7 0.5 1 0.5 0.6 0.7 0.9 0.4 1 0.4 0.6 0.6 0.8 0.5 14 0.3 0.5 0.4 0.6 1.0 14 0.2 0.5 0.2 0.7 0.4 14 0.4 0.5 0.5 0.6 0.5 14 0.0 0.5 0.1 0.7 0.9 14 0.3 0.5 0.4 0.7 0.7 1 0.5 0.6 0.6 0.8 0.9 14 0.0 0.5 0.0 0.7 0.8 14 0.2 0.5 0.3 0.6 0.4 1 0.2 0.5 0.2 0.7 0.4 14 0.2 0.5 0.2 0.7 0.5 14 0.4 0.5 0.6 0.7 0.8 14 0.4 0.5 0.5 0.8 1.0 14 0.0 0.5 0.1 0.8 0.7 1 0.4 0.6 0.6 0.8 1.0 14 0.5 0.4 0.7 0.9 0.4 1 0.5 0.6 0.6 0.8
002628,0.0 0 0.0 0.0 1.0 1.0
002629,0.0 0 0.0 0.0 1.0 1.0
002630,0.0 0 0.0 0.0 1.0 1.0
002631,0.6 14 0.0 0.3 0.4 0.9 0.5 14 0.2 0.2 0.4 0.9 0.5 14 0.2 0.2 0.6 0.9 0.3 14 0.2 0.2 0.5 0.5 0.4 14 0.2 0.2 0.4 0.5 0.3 14 0.2 0.2 0.4 0.5 0.4 14 0.0 0.2 0.4 0.9 0.8 14 0.0 0.3 0.2 0.6 0.4 1 0.2 0.4 0.7 0.9
002638,0.0 0 0.0 0.0 1.0 1.0
002639,0.5 14 0.4 0.3 0.6 0.5 0.5 14 0.3 0.3 0.6 0.5 0.9 14 0.6 0.3 0.7 0.5 0.3 14 0.6 0.3 0.7 0.6 0.5 14 0.7 0.3 0.7 0.3 0.9 14 0.3 0.3 0.4 0.5 0.4 8 0.2 0.4 0.3 0.6 0.9 14 0.4 0.3 0.5 0.5 0.5 14 0.8 0.3 0.9 0.4
002640,0.0 0 0.0 0.0 1.0 1.0
002642,0.4 14 0.1 0.5 0.5 0.9
002644,0.4 4 0.4 0.8 0.5 0.9 0.8 14 0.0 0.6 0.3 0.8
002650,0.5 6 0.6 0.1 0.7 0.2
002651,0.4 14 0.5 0.1 0.8 0.7 0.6 14 0.5 0.1 0.9 1.0 0.3 14 0.6 0.1 0.8 0.7 0.4 14 0.5 0.1 0.8 0.7 0.4 14 0.4 0.1 0.8 0.7 0.4 14 0.4 0.1 0.8 0.7 0.4 14 0.0 0.1 0.9 1.0 0.6 14 0.4 0.1 0.9 0.7 0.4 14 0.6 0.1 0.8 0.6
002652,0.8 14 0.3 0.0 0.6 0.4 0.8 14 0.3 0.0 0.6 0.6
002654,0.0 0 0.0 0.0 1.0 1.0
002655,0.3 8 0.3 0.4 0.4 0.7 0.7 14 0.1 0.1 0.4 0.5 0.9 14 0.1 0.1 0.4 0.7
002656,0.7 14 0.3 0.4 0.4 0.5 1.0 14 0.2 0.2 0.4 1.0 1.0 14 0.4 0.2 0.6 0.9
002660,0.8 6 0.0 0.6 0.2 0.7 0.8 6 0.0 0.5 0.1 0.7 0.4 14 0.4 0.3 0.7 0.7 1.0 14 0.2 0.2 0.5 0.5 0.5 14 0.2 0.2 0.4 0.5 0.5 6 0.0 0.5 0.1 0.6 0.7 14 0.4 0.3 0.9 0.8 0.7 14 0.4 0.3 0.7 0.8 0.3 14 0.4 0.3 0.9 1.0
002661,0.0 0 0.0 0.0 1.0 1.0
002663,0.0 0 0.0 0.0 1.0 1.0
002665,0.8 6 0.3 0.4 0.5 0.5 0.5 6 0.7 0.3 0.9 0.4 0.7 6 0.6 0.3 0.7 0.4 0.4 6 0.4 0.4 0.6 0.4 0.8 6 0.7 0.3 0.9 0.4 0.5 6 0.3 0.4 0.5 0.5 0.7 14 0.6 0.3 0.6 0.4 0.4 6 0.6 0.3 0.7 0.4
002671,0.4 14 0.4 0.2 0.9 0.6 0.3 14 0.5 0.2 0.8 0.6 0.9 14 0.0 0.1 0.4 0.7 0.5 14 0.2 0.2 0.4 0.7 0.7 14 0.2 0.1 0.4 0.7 0.6 14 0.5 0.2 0.7 0.6 0.5 14 0.4 0.2 0.8 0.7 0.3 14 0.0 0.1 0.5 1.0 0.5 14 0.0 0.2 0.9 1.0 0.4 14 0.7 0.4 0.9 0.7 0.6 14 0.4 0.2 0.9 0.6 0.3 14 0.4 0.2 0.8 0.6 0.6 14 0.5 0.2 0.9 0.6 0.5 14 0.4 0.2 0.9 1.0
002672,0.5 14 0.2 0.5 0.5 0.7 0.7 14 0.4 0.5 0.5 0.6
002673,0.4 14 0.4 0.1 0.6 0.4 0.3 14 0.3 0.1 0.9 0.7 0.6 14 0.3 0.1 0.4 0.5 0.7 14 0.3 0.1 0.6 0.5 0.4 14 0.2 0.1 0.9 0.7 0.4 14 0.3 0.1 0.6 0.7 0.5 14 0.3 0.1 0.9 0.7 0.4 14 0.3 0.1 0.9 0.7
002674,0.4 15 0.5 0.5 0.5 0.6 0.3 8 0.0 0.5 0.2 0.7 0.6 14 0.8 0.4 0.9 0.7 0.5 14 0.8 0.5 0.9 0.5 0.9 14 0.6 0.4 0.7 0.5 0.5 8 0.3 0.5 0.4 0.7 0.4 14 0.8 0.4 0.9 0.6 0.4 14 0.1 0.4 0.2 0.5 0.4 8 0.1 0.5 0.2 0.7 0.3 8 0.1 0.5 0.2 0.7 0.7 14 0.5 0.4 0.5 0.5 0.5 8 0.0 0.5 0.2 0.7 0.3 14 0.2 0.4 0.2 0.5 0.3 8 0.1 0.5 0.2 0.7 0.8 14 0.8 0.5 0.9 0.6 1.0 14 0.8 0.4 0.9 0.5
002676,0.0 0 0.0 0.0 1.0 1.0
002679,0.0 0 0.0 0.0 1.0 1.0
002681,0.8 6 0.0 0.3 0.6 0.9
002685,0.3 14 0.1 0.4 0.5 0.9
002686,0.4 14 0.3 0.4 0.5 0.9 0.9 14 0.3 0.4 0.5 0.9 0.9 14 0.4 0.3 0.5 0.6 0.4 13 0.2 0.5 0.6 0.9 0.4 14 0.4 0.3 0.5 0.7 0.5 14 0.4 0.3 0.5 0.9
002687,0.7 14 0.3 0.2 0.7 0.9 0.7 14 0.0 0.4 0.3 0.9 0.7 14 0.5 0.2 0.7 0.5 0.8 14 0.0 0.2 0.3 0.9 0.3 14 0.2 0.2 0.3 0.5 0.5 14 0.0 0.2 0.7 0.9 0.4 14 0.0 0.4 0.2 0.7 0.4 14 0.1 0.4 0.2 0.7 0.4 14 0.4 0.2 0.7 0.9
002688,0.0 0 0.0 0.0 1.0 1.0
002692,0.3 12 0.3 0.3 0.5 0.8 0.5 14 0.3 0.4 0.4 0.8 0.7 14 0.3 0.4 0.4 0.6
002694,0.3 14 0.1 0.1 0.7 0.9 0.5 14 0.0 0.1 0.5 1.0 0.8 14 0.0 0.1 0.2 0.9 0.4 14 0.0 0.1 0.7 1.0 0.5 14 0.2 0.5 0.5 0.9 0.6 14 0.5 0.4 0.7 0.7
002698,0.3 13 0.1 0.0 1.0 0.9 0.3 13 0.1 0.1 1.0 0.9
002700,0.5 6 0.0 0.1 0.2 0.3 0.5 14 0.0 0.2 0.7 1.0 0.9 14 0.4 0.2 0.7 0.9
002701,0.5 14 0.5 0.6 0.5 0.6 0.6 14 0.2 0.6 0.2 0.7 0.3 6 0.8 0.6 1.0 0.7 0.9 6 0.7 0.6 1.0 0.7 0.9 14 0.7 0.6 0.7 0.7 0.9 14 0.2 0.6 0.3 0.7 0.4 6 0.3 0.6 0.6 0.7 0.5 14 0.4 0.6 0.4 0.6 0.4 6 0.8 0.6 1.0 0.7 0.4 14 0.2 0.6 0.3 0.7 0.8 6 0.3 0.6 0.6 0.7 0.8 14 0.0 0.6 0.1 0.7 0.8 14 0.3 0.6 0.3 0.7 0.4 14 0.1 0.6 0.2 0.7 0.5 14 0.1 0.6 0.1 0.7 0.8 14 0.6 0.6 0.6 0.6 0.4 6 0.7 0.6 0.7 0.7 0.6 14 0.1 0.6 0.1 0.7 0.6 14 0.1 0.6 0.2 0.7
002703,0.4 6 0.3 0.4 0.4 0.5 0.5 6 0.2 0.4 0.3 0.5 0.5 6 0.3 0.4 0.4 0.5 0.8 6 0.3 0.4 0.4 0.5 0.6 6 0.4 0.4 0.4 0.5 0.5 6 0.5 0.4 0.6 0.5
002705,0.9 14 0.4 0.2 0.8 0.7 0.4 4 0.6 0.6 0.6 0.8 0.3 14 0.5 0.2 0.8 0.7 0.9 14 0.1 0.1 0.4 0.8 0.3 14 0.0 0.1 0.4 0.8 0.8 4 0.6 0.6 0.6 0.8 1.0 14 0.7 0.1 0.9 0.4
002707,0.6 6 0.3 0.3 0.5 0.4 0.4 6 0.4 0.4 0.6 0.5
002708,0.3 15 0.5 0.2 0.7 0.4
002711,0.6 14 0.5 0.2 0.5 0.3 0.3 14 0.6 0.1 0.6 0.2 0.8 14 0.2 0.6 0.2 0.7 0.5 14 0.2 0.4 0.3 0.7 0.5 14 0.8 0.2 0.9 0.3 0.8 14 0.2 0.6 0.2 0.7 0.8 14 0.6 0.1 0.8 0.6 1.0 14 0.6 0.1 0.8 0.4
002712,0.4 15 0.2 0.6 0.3 0.7 0.9 14 0.2 0.2 0.5 0.7 0.7 4 0.4 0.4 0.5 0.7 0.6 14 0.2 0.2 0.5 0.8 0.4 4 0.1 0.4 0.1 0.5 0.6 14 0.2 0.2 0.5 1.0 0.4 4 0.4 0.4 0.5 0.7
002716,0.0 0 0.0 0.0 1.0 1.0
002719,0.0 0 0.0 0.0 1.0 1.0
002720,1.0 14 0.0 0.1 0.4 1.0
002724,0.3 8 0.6 0.5 0.8 0.8 0.4 19 0.3 0.4 0.4 0.6 0.4 19 0.1 0.5 0.3 0.6 0.3 19 0.3 0.4 0.4 0.6 0.3 19 0.1 0.5 0.3 0.6 0.4 19 0.6 0.4 0.7 0.6
002725,0.0 0 0.0 0.0 1.0 1.0
002726,0.4 14 0.3 0.5 0.5 0.9 0.9 14 0.3 0.5 0.4 0.9 0.9 14 0.4 0.7 0.5 0.9 0.6 14 0.3 0.5 0.5 0.9 0.4 14 0.4 0.4 0.5 0.9 0.3 14 0.3 0.5 0.5 0.9 1.0 14 0.6 0.3 0.7 0.9 1.0 14 0.7 0.4 0.9 0.9
002728,0.5 14 0.1 0.1 0.3 0.5 0.8 14 0.0 0.0 0.5 1.0 0.5 14 0.0 0.0 0.2 1.0 0.9 14 0.7 -0.0 1.0 1.0
002729,1.0 14 0.8 0.1 1.0 0.9 0.6 14 0.8 0.1 0.9 0.4 0.6 6 0.1 0.3 0.9 0.9 0.7 14 0.8 0.1 0.9 0.3 0.5 6 0.0 0.1 0.9 0.9 0.7 14 0.8 0.1 0.9 0.4
002731,0.9 14 0.8 0.5 0.9 0.6 0.4 1 0.5 0.5 0.7 0.8 0.4 1 0.5 0.5 0.7 0.7 0.7 14 0.6 0.4 0.7 0.6 0.5 14 0.0 -0.0 0.1 0.4 1.0 14 0.5 0.4 0.7 0.6 0.7 1 0.5 0.5 0.7 0.8
002733,0.8 6 0.1 0.1 0.9 0.6
002736,0.6 14 0.4 0.2 0.5 0.4 0.3 14 0.0 0.1 0.6 1.0
002739,0.9 14 0.2 0.3 0.4 0.6 0.4 14 0.6 0.1 0.6 0.1 0.3 1 0.3 0.4 0.4 0.7
002740,0.0 0 0.0 0.0 1.0 1.0
002742,1.0 14 0.2 0.1 0.4 0.6
002743,0.5 15 0.3 0.2 0.5 0.5 0.6 15 0.3 0.3 0.4 0.5 0.4 15 0.2 0.2 0.3 0.5 0.5 14 0.0 0.1 0.1 0.3 0.4 15 0.2 0.3 0.3 0.5 0.5 15 0.2 0.2 0.3 0.5 0.4 14 0.0 0.0 0.2 1.0 0.5 15 0.2 0.3 0.3 0.5 0.4 15 0.3 0.3 0.4 0.5 0.4 15 0.6 0.3 0.7 0.4
002746,0.4 6 0.0 0.2 0.7 0.4
002748,0.5 6 0.1 0.1 0.8 0.7
002750,0.3 14 0.0 0.2 0.0 0.3 1.0 14 0.4 0.2 0.6 0.7 0.7 14 0.0 0.2 0.1 0.3 0.5 6 0.6 0.2 0.9 0.3 0.9 14 0.1 0.2 0.2 0.3 0.7 6 0.8 0.2 0.9 0.3 0.7 14 0.0 0.2 0.1 0.3 1.0 14 0.3 0.1 0.4 0.7 1.0 14 0.5 0.2 0.7 0.7
002752,0.3 6 0.3 0.2 0.4 0.3
002753,0.7 15 0.5 0.4 0.6 0.4 0.3 15 0.5 0.3 0.5 0.4 0.6 8 0.4 0.4 0.6 0.6 0.3 8 0.3 0.5 0.4 0.6 0.5 15 0.5 0.4 0.6 0.4 0.4 8 0.2 0.4 0.4 0.6 0.4 8 0.6 0.4 0.8 0.6 0.4 8 0.4 0.4 0.6 0.6 0.4 8 0.6 0.4 0.8 0.6
002754,0.5 6 0.1 0.1 0.9 0.4
002756,0.9 14 0.3 0.3 0.3 0.5 0.7 14 0.1 0.3 0.2 0.4
002758,0.5 6 0.6 0.3 0.7 0.4 0.7 6 0.1 0.3 0.3 0.4 0.3 6 0.3 0.3 0.5 0.4 0.3 6 0.7 0.4 0.9 0.5 0.6 6 0.3 0.3 0.5 0.4 0.3 6 0.0 0.3 0.3 0.5 0.5 6 0.5 0.3 0.6 0.4 0.4 6 0.5 0.3 0.6 0.4 0.4 6 0.0 0.3 0.3 0.5 0.7 6 0.3 0.3 0.4 0.4 0.4 6 0.6 0.3 0.7 0.4
002761,0.5 14 0.3 0.2 0.7 0.7 0.6 14 0.3 0.2 0.7 0.7 0.8 14 0.3 0.2 0.7 0.7
002764,0.8 14 0.3 0.6 0.4 0.7
002768,1.0 14 0.6 0.2 0.8 0.9
002769,0.0 0 0.0 0.0 1.0 1.0
002770,0.0 0 0.0 0.0 1.0 1.0
002771,0.4 6 0.3 0.0 0.4 0.1
002773,0.5 4 0.3 0.3 0.4 0.4 0.6 4 0.1 0.9 0.2 1.0 0.5 4 0.3 0.2 0.3 0.4 0.3 14 0.2 0.2 0.6 1.0 0.7 4 0.2 0.6 0.2 0.8 0.7 4 0.0 0.6 0.1 0.8 0.5 4 0.0 0.1 0.1 0.3 0.5 4 0.2 0.6 0.2 0.8 0.4 4 0.8 0.6 0.9 0.7 0.4 4 0.1 0.4 0.1 0.5 0.5 4 0.2 0.6 0.2 0.8 0.9 14 0.2 0.4 0.4 1.0 0.4 4 0.2 0.4 0.2 0.5 0.5 4 0.2 0.4 0.3 0.5 0.4 4 0.2 0.6 0.2 0.8 0.3 4 0.2 0.6 0.2 0.8 0.4 14 0.2 0.2 0.8 1.0 0.6 4 0.1 0.3 0.1 0.5 0.5 4 0.1 0.4 0.2 0.5 0.8 14 0.4 0.2 0.6 1.0 0.5 14 0.4 0.2 0.8 1.0 0.4 14 0.4 0.2 0.8 1.0
002777,0.3 8 0.2 0.7 0.3 1.0 0.7 8 0.4 0.5 0.5 0.9 0.3 8 0.4 0.5 0.5 0.7 0.5 14 0.7 0.6 0.9 1.0 0.9 14 0.8 0.6 0.8 0.8 0.6 8 0.5 0.7 0.9 1.0 0.3 14 0.7 0.6 0.9 0.8 0.6 8 0.2 0.6 0.4 0.8 0.6 8 0.4 0.6 0.5 0.9 0.6 15 0.4 0.4 0.4 0.5 0.4 14 0.7 0.6 0.9 0.9 0.7 8 0.3 0.6 0.4 0.8 0.7 8 0.2 0.6 0.4 1.0 0.5 15 0.3 0.5 0.4 0.6 0.4 8 0.5 0.5 0.6 0.7 0.4 15 0.6 0.3 0.8 0.8 0.5 14 0.8 0.7 0.9 0.9 0.4 8 0.3 0.6 0.4 0.8 0.5 15 0.6 0.3 0.8 0.6 0.4 14 0.5 0.6 0.8 0.8
002780,0.9 14 0.0 0.3 0.2 0.9
002781,0.6 14 0.4 0.2 0.6 0.7 0.9 14 0.4 0.2 0.6 0.5 0.6 14 0.4 0.4 0.6 1.0 0.8 14 0.4 0.4 0.6 0.7 0.4 14 0.6 0.6 0.7 1.0 0.3 14 0.7 0.3 0.9 1.0 0.5 14 0.4 0.7 0.6 1.0 0.6 14 0.6 0.4 0.9 1.0 0.4 14 0.6 0.4 0.7 0.7 0.8 14 0.5 0.5 0.7 1.0 0.3 14 0.3 0.6 0.6 1.0 0.3 14 0.7 0.3 0.8 0.9 0.9 14 0.7 0.3 0.8 1.0 0.3 14 0.2 0.3 0.4 1.0 0.4 14 0.3 0.5 0.4 1.0 0.4 14 0.7 0.3 0.8 0.8 0.6 14 0.3 0.5 0.4 1.0 0.3 14 0.7 0.3 0.8 0.8 0.4 14 0.7 0.3 0.8 0.8 0.5 14 0.3 0.8 0.4 1.0 0.4 14 0.3 0.3 0.4 1.0 0.3 14 0.2 0.5 0.3 1.0 1.0 14 0.2 0.4 0.3 1.0 0.6 14 0.4 0.4 0.6 0.8 0.6 14 0.4 0.2 0.6 0.8 0.6 14 0.3 0.3 0.4 0.4 1.0 14 0.0 0.3 0.2 1.0 0.3 14 0.3 0.3 0.4 0.6 0.8 14 0.6 0.4 0.8 1.0 0.9 14 0.3 0.3 0.5 1.0 0.6 14 0.5 0.2 0.7 1.0 0.7 14 0.4 0.6 0.5 1.0 0.7 14 0.7 0.3 0.8 1.0 0.7 14 0.4 0.5 0.7 1.0 0.5 14 0.6 0.3 0.7 0.7 0.5 14 0.5 0.5 0.7 0.8 0.8 14 0.4 0.6 0.7 1.0 0.9 14 0.6 0.2 0.7 0.5
002787,0.0 0 0.0 0.0 1.0 1.0
002788,0.7 14 0.5 0.1 0.5 0.3 0.5 14 0.7 0.5 0.9 0.7 0.6 14 0.6 0.5 0.9 0.7 0.5 14 0.6 0.2 0.8 0.7 0.7 14 0.5 0.2 0.7 0.5 0.4 14 0.7 0.2 0.9 0.7 0.7 14 0.7 0.2 0.9 0.5 0.7 14 0.5 0.2 0.6 0.7 0.6 14 0.4 0.2 0.6 0.5 0.9 14 0.6 0.2 0.9 0.8 0.3 14 0.7 0.5 1.0 1.0 0.6 14 0.4 0.2 0.7 0.7 0.5 14 0.5 0.2 0.6 0.3
002789,1.0 14 0.8 0.3 0.8 0.5
002790,0.4 6 0.1 0.5 0.2 0.6 0.8 14 0.1 0.5 0.1 0.6 0.8 6 0.1 0.5 0.2 0.6 0.6 14 0.2 0.2 0.4 1.0 0.8 14 0.2 0.2 0.6 1.0 0.5 14 0.1 0.5 0.1 0.6
002792,0.9 14 0.3 0.1 0.6 0.8 0.3 14 0.6 0.1 0.8 0.6 0.3 14 0.3 0.1 0.6 0.5 0.4 14 0.3 0.1 0.6 0.6 0.4 14 0.6 0.1 0.8 0.6 0.3 14 0.0 0.1 0.4 1.0 0.6 14 0.3 0.1 0.6 0.7 0.3 19 0.1 0.0 0.4 0.4 0.9 14 0.0 0.1 0.3 0.7 0.4 14 0.3 0.2 0.6 0.8 1.0 14 0.6 0.1 0.8 0.7 0.4 14 0.3 0.1 0.6 0.8
002793,0.4 6 0.5 0.4 0.8 0.6 0.8 6 0.0 0.5 0.2 0.6 0.8 6 0.3 0.5 0.5 0.6
002797,0.6 1 0.6 0.4 0.7 0.5 0.3 1 0.6 0.4 0.7 0.5 0.9 14 0.6 0.3 0.7 0.5 0.4 1 0.6 0.4 0.7 0.5
002799,0.4 15 0.3 0.1 0.6 0.4 0.3 15 0.3 0.1 0.4 0.4 0.5 15 0.3 0.1 0.6 0.5
002802,0.0 0 0.0 0.0 1.0 1.0
002805,0.7 14 0.1 0.0 0.5 0.6 0.6 14 0.1 0.0 0.5 0.6 0.4 14 0.1 0.0 0.5 1.0
002806,0.3 13 0.4 0.2 0.9 0.5 1.0 14 0.5 0.1 0.8 0.5
002808,0.4 6 0.0 0.3 0.2 0.4 0.3 14 0.2 0.1 0.6 1.0 0.7 6 0.0 0.3 0.2 0.4
002809,0.5 19 0.6 0.4 0.7 0.6 0.3 19 0.5 0.4 0.7 0.6 0.3 19 0.6 0.4 0.7 0.6
002811,0.0 0 0.0 0.0 1.0 1.0
002813,0.3 8 0.9 0.4 1.0 0.6 0.7 6 0.9 0.2 1.0 0.3 1.0 14 0.4 0.2 0.6 0.4 0.4 14 0.1 0.1 0.2 0.2 0.4 15 0.1 0.2 0.2 0.5 0.6 14 0.4 0.2 0.6 0.5
002814,0.7 6 0.1 0.4 0.7 0.8 0.4 6 0.1 0.4 0.7 0.8
002818,0.0 0 0.0 0.0 1.0 1.0
002819,0.4 14 0.4 0.1 0.6 0.4 0.9 14 0.4 0.1 0.6 0.5
002821,0.9 14 0.4 0.3 0.4 0.5 1.0 14 0.3 0.4 0.4 0.8 1.0 14 0.4 0.4 0.6 0.9
002822,0.0 0 0.0 0.0 1.0 1.0
002823,0.9 14 0.4 0.4 0.6 0.9 0.4 6 0.1 0.6 0.8 1.0
002824,0.6 14 0.0 0.0 0.5 1.0 0.9 14 0.0 0.0 0.8 1.0
002825,0.0 0 0.0 0.0 1.0 1.0
002828,0.0 0 0.0 0.0 1.0 1.0
002829,0.6 6 0.1 0.1 0.8 0.7
002830,0.5 6 0.8 0.5 0.9 0.5 0.3 13 0.0 0.3 0.6 0.7 0.3 6 0.7 0.0 0.9 0.2
002831,0.0 0 0.0 0.0 1.0 1.0
002832,0.9 14 0.2 0.3 0.3 0.5 0.8 14 0.3 0.3 0.3 0.4 0.4 14 0.1 0.2 0.2 0.5 1.0 14 0.0 0.3 0.1 0.6 0.3 14 0.2 0.3 0.3 0.5 0.9 14 0.2 0.3 0.3 0.5 0.8 14 0.1 0.3 0.2 0.6 0.4 14 0.1 0.2 0.2 0.5 0.9 14 0.0 0.2 0.2 0.6 0.8 14 0.3 0.3 0.3 0.5 0.8 14 0.2 0.3 0.2 0.4
002837,0.3 6 0.6 0.2 0.7 0.3 0.3 6 0.3 0.2 0.4 0.3
002839,0.5 6 0.2 0.2 0.4 0.4 0.5 6 0.4 0.2 0.6 0.3
002840,0.7 6 0.0 0.3 0.8 0.6
002843,0.4 6 0.0 0.2 0.8 0.8
002846,0.4 14 0.3 0.0 0.6 1.0
002849,0.0 0 0.0 0.0 1.0 1.0
002850,0.0 0 0.0 0.0 1.0 1.0
002851,0.0 0 0.0 0.0 1.0 1.0
002852,0.3 14 0.0 0.3 0.7 0.6 0.5 14 0.0 0.1 0.7 0.6 0.8 14 0.0 0.1 0.5 0.6 0.5 14 0.0 0.0 0.8 0.6 0.3 14 0.4 0.3 0.7 0.6
002853,0.3 14 0.1 0.0 0.7 0.6 0.4 14 0.7 0.2 1.0 1.0 0.5 14 0.5 0.5 0.9 1.0 0.3 14 0.1 0.1 0.4 0.7 0.4 14 0.5 0.0 0.7 0.6 0.6 14 0.0 0.0 0.6 1.0 0.4 14 0.7 0.5 0.8 0.7 0.3 14 0.1 0.0 0.4 1.0 0.7 14 0.5 0.2 1.0 1.0
002856,0.9 14 0.7 0.0 1.0 0.7 0.3 14 0.1 0.0 0.3 0.2 0.4 14 0.9 0.0 1.0 0.4 0.5 14 0.9 0.0 1.0 0.7 0.4 14 0.0 0.0 0.1 0.5 0.4 14 0.7 0.0 0.8 0.2 0.8 14 0.1 0.0 0.3 0.2 0.6 14 0.1 0.0 0.3 0.2 0.7 14 0.5 0.0 0.8 0.2
002857,0.5 4 0.1 0.4 0.2 0.7 0.6 14 0.0 0.1 0.4 0.9 0.8 14 0.1 0.1 0.7 0.9
002860,0.5 1 0.3 0.3 0.7 0.6 1.0 14 0.3 0.0 0.6 0.5
002861,0.0 0 0.0 0.0 1.0 1.0
002862,0.4 8 0.4 0.5 0.5 0.6 0.5 8 0.4 0.5 0.5 0.6 0.4 8 0.4 0.5 0.5 0.6
002863,0.7 14 0.2 0.0 0.6 0.7 0.3 14 0.6 0.1 0.9 0.7 0.7 14 0.3 0.1 0.4 0.1 0.4 14 0.3 0.1 0.3 0.2 0.5 14 0.3 0.1 0.4 0.2 0.9 14 0.2 0.1 0.3 0.2 0.4 14 0.0 0.0 0.6 1.0 0.9 14 0.2 0.1 0.2 0.2 0.6 14 0.3 0.1 0.3 0.2 0.9 14 0.6 0.0 0.9 0.7
002865,0.5 6 0.1 0.4 0.7 0.7 0.8 14 0.7 0.5 0.7 0.6 0.7 14 0.9 0.4 0.9 0.5 0.8 14 0.3 0.6 0.4 0.7 0.3 6 0.0 0.4 0.1 0.7 0.4 6 0.1 0.2 0.7 0.7 0.3 6 0.7 0.4 0.9 0.5 0.8 6 0.7 0.4 0.9 0.5 0.3 6 0.6 0.3 0.7 0.4
002871,0.9 6 0.0 0.4 0.1 0.5
002872,0.3 14 0.6 0.3 0.9 0.7 0.3 14 0.6 0.2 0.9 0.6 0.8 14 0.0 0.2 0.3 0.7 0.9 14 0.5 0.2 0.9 0.7 0.3 14 0.6 0.2 0.9 0.7 0.4 14 0.5 0.2 0.9 1.0
002874,0.8 14 0.4 0.1 0.6 0.4 0.4 14 0.2 0.1 0.9 0.7 0.4 14 0.3 0.1 0.8 0.5 0.4 14 0.0 0.2 0.2 0.7 0.3 14 0.3 0.1 0.8 0.7 0.7 14 0.0 0.2 0.2 1.0 0.3 14 0.1 0.1 0.9 1.0 0.4 14 0.0 0.2 0.2 0.7 0.4 14 0.3 0.1 0.8 0.4 0.6 14 0.3 0.1 0.9 0.7 0.5 14 0.3 0.2 0.9 0.7 0.4 14 0.3 0.1 0.9 1.0 0.8 14 0.6 0.1 0.8 0.4
002876,0.6 14 0.0 0.0 0.8 1.0 0.4 14 0.1 0.0 0.8 1.0
002877,0.7 14 0.2 0.1 0.6 0.9 0.7 14 0.6 0.2 0.8 0.3 0.4 14 0.2 0.2 0.3 0.5 0.5 14 0.0 0.0 0.6 1.0 0.9 14 0.7 0.2 0.8 0.3 0.7 14 0.2 0.2 0.3 0.5 0.5 14 0.0 0.2 0.4 0.9 0.7 14 0.0 0.1 0.6 0.9 0.7 14 0.2 0.2 0.3 0.4 0.5 14 0.0 0.0 0.7 0.9 0.3 14 0.6 0.2 0.8 0.8 0.3 14 0.2 0.2 0.3 0.4 0.3 14 0.6 0.2 0.8 0.6
002878,0.3 14 0.5 0.2 0.7 0.5 0.3 14 0.3 0.1 0.5 0.4 0.6 14 0.2 0.2 0.8 0.7 0.5 14 0.5 0.3 0.7 0.5 0.5 14 0.0 0.0 0.3 0.7 0.7 14 0.6 0.2 0.8 0.7 0.4 14 0.5 0.2 0.6 0.4 0.4 14 0.0 0.0 0.5 0.7 0.3 14 0.6 0.1 0.8 0.5 0.4 14 0.2 0.0 0.6 0.7 0.5 14 0.7 0.1 0.9 0.6 0.8 14 0.6 0.0 0.9 0.6 0.4 14 0.2 0.0 0.5 0.5 0.6 14 0.5 0.2 0.8 0.6 0.5 14 0.0 0.0 0.5 1.0 0.4 14 0.6 0.0 0.9 0.6 0.7 14 0.0 0.0 0.3 1.0 0.5 14 0.2 0.2 0.8 1.0 0.7 14 0.0 0.0 0.3 0.7 0.3 14 0.3 0.2 0.8 0.7 0.4 14 0.2 0.2 0.8 0.7 0.4 14 0.6 0.2 0.7 0.5 0.7 14 0.5 0.2 0.8 0.7 0.4 14 0.6 0.0 0.9 0.4 0.4 14 0.6 0.1 0.8 0.4
002882,0.0 0 0.0 0.0 1.0 1.0
002883,0.5 14 0.5 0.2 0.8 1.0 0.4 14 0.2 0.3 0.6 1.0 0.4 14 0.0 0.2 0.7 1.0 0.4 14 0.0 0.0 0.6 1.0 0.6 14 0.0 0.0 0.3 1.0 0.5 14 0.2 0.2 0.8 1.0 0.3 14 0.0 0.2 0.8 1.0 0.5 14 0.6 0.2 0.8 1.0 0.3 14 0.5 0.2 0.8 1.0 0.5 14 0.3 0.2 0.8 1.0 0.4 14 0.7 0.2 0.7 0.3
002885,0.5 14 0.4 0.1 0.5 0.4 0.3 14 0.0 0.1 0.2 0.3 0.3 14 0.0 0.1 0.4 0.5 0.8 14 0.0 0.2 0.1 0.4 0.6 14 0.0 0.2 0.1 0.5 1.0 14 0.2 0.1 0.4 0.4 0.6 14 0.3 0.1 0.5 0.4 0.6 14 0.2 0.1 0.4 0.3 0.4 14 0.0 0.3 0.2 0.5 0.8 14 0.0 0.3 0.2 0.5 0.8 14 0.1 0.3 0.2 0.4 0.9 14 0.8 -0.0 1.0 0.5 0.3 14 0.4 0.1 0.7 0.4
002887,0.5 15 0.7 0.4 0.8 0.5
002888,0.5 14 0.3 0.1 0.4 0.4 0.7 14 0.6 0.3 0.8 0.6 0.5 14 0.1 0.0 0.3 0.6 0.3 14 0.0 0.2 0.1 0.7 0.5 14 0.2 0.0 0.3 0.6 0.9 14 0.1 0.2 0.3 0.7 0.5 14 0.5 0.3 0.8 0.6 0.7 14 0.2 0.0 0.3 0.4 0.9 14 0.0 0.2 0.3 0.7 0.3 14 0.5 0.3 0.8 0.7 0.5 14 0.0 0.2 0.2 0.6 0.5 14 0.3 0.1 0.4 0.2 0.9 14 0.5 0.3 0.8 0.6 0.3 14 0.6 0.3 0.8 0.4
002890,0.5 14 0.0 0.4 0.1 0.5
002892,0.0 0 0.0 0.0 1.0 1.0
002894,0.0 0 0.0 0.0 1.0 1.0
002895,1.0 14 0.7 0.4 0.8 0.7
002897,0.3 14 0.5 0.5 0.6 0.6 0.5 6 0.7 0.6 0.8 0.6 0.9 14 0.2 0.5 0.3 0.6 0.9 14 0.4 0.5 0.5 0.6 0.9 14 0.9 0.5 0.9 0.6 0.7 14 0.7 0.5 0.8 0.6 0.9 14 0.2 0.5 0.2 0.6 0.7 14 0.7 0.5 0.8 0.6 0.9 14 0.1 0.5 0.2 0.6 0.9 14 0.3 0.5 0.3 0.6 0.9 14 0.5 0.5 0.6 0.6 0.9 14 0.7 0.5 0.7 0.6
002898,0.0 0 0.0 0.0 1.0 1.0
002900,0.4 6 0.2 0.3 0.8 0.6 0.8 6 0.2 0.3 0.8 0.6
002902,0.6 14 0.3 0.1 0.4 0.2
002903,0.5 14 0.3 0.0 0.7 0.6 0.5 14 0.0 0.0 0.7 1.0 0.4 14 0.0 0.0 0.7 0.6 0.4 14 0.0 0.0 0.8 1.0
002904,0.3 14 0.6 0.2 0.7 0.4 0.5 4 0.5 0.4 0.6 0.6 0.6 14 0.6 0.2 0.7 0.6 0.5 14 0.4 0.1 0.6 0.6 0.9 14 0.0 0.1 0.4 0.5 0.5 14 0.6 0.2 0.7 0.5 0.4 14 0.4 0.1 0.7 0.6 0.9 14 0.4 0.1 0.6 0.5 0.3 14 0.2 0.1 0.4 0.4 0.3 14 0.2 0.1 0.4 0.4 0.6 4 0.6 0.4 0.7 0.6 0.4 14 0.6 0.2 0.7 0.5 0.5 4 0.6 0.4 0.7 0.6 0.8 14 0.6 0.2 0.7 0.4
002905,0.4 14 0.1 0.0 0.4 0.4 0.9 14 0.0 0.0 0.5 0.8 0.6 14 0.0 0.0 0.3 0.8
002907,0.0 0 0.0 0.0 1.0 1.0
002908,0.0 0 0.0 0.0 1.0 1.0
002909,0.5 14 0.2 0.3 0.5 0.7 0.7 14 0.2 0.3 0.5 0.7 0.5 14 0.2 0.3 0.5 0.9 0.6 14 0.2 0.2 0.5 0.7 0.8 14 0.2 0.2 0.4 0.5
002911,0.7 14 0.2 0.2 0.7 0.6 0.3 14 0.9 0.6 1.0 0.6 0.3 14 0.3 0.1 0.8 0.6 0.8 14 0.2 0.2 0.7 0.6 0.4 14 0.2 0.2 0.6 0.6 0.5 14 0.2 0.1 0.6 0.6 0.9 14 0.0 0.4 0.2 0.6 0.4 14 0.0 0.1 0.7 1.0 0.3 14 0.0 0.4 0.2 1.0 0.5 14 0.2 0.1 0.7 1.0 0.7 14 0.9 0.6 1.0 0.6 0.5 14 0.2 0.1 0.8 0.6
002918,0.3 14 0.5 0.2 0.7 0.5 0.8 14 0.8 0.4 1.0 0.6 0.3 14 0.9 0.3 1.0 0.5 0.8 14 0.9 0.3 1.0 0.6 0.7 14 0.1 0.1 0.5 0.6 0.6 14 0.1 0.1 0.6 0.6 0.4 14 0.8 0.4 0.9 0.6 0.6 14 0.5 0.2 0.7 0.6 0.7 14 0.5 0.2 0.6 0.6 0.8 14 0.1 0.1 0.7 1.0 0.6 14 0.8 0.4 0.9 0.6 0.3 14 0.8 0.4 1.0 0.6 0.7 14 0.5 0.2 0.7 0.6
002920,0.4 1 0.1 0.4 0.4 0.6 0.4 1 0.1 0.5 0.3 0.6 0.3 1 0.2 0.5 0.4 0.6 0.5 1 0.1 0.4 0.4 0.6 0.6 14 0.8 0.4 0.8 0.5 0.3 1 0.6 0.6 0.7 0.6 0.4 1 0.1 0.5 0.2 0.6 0.7 1 0.1 0.5 0.4 0.6 0.5 1 0.5 0.5 0.6 0.6
002921,0.5 14 0.2 0.2 0.4 0.6 0.9 14 0.2 0.3 0.4 0.9 0.4 14 0.2 0.2 0.4 0.7 0.5 14 0.2 0.2 0.4 0.8 0.5 14 0.2 0.2 0.4 0.7 0.7 14 0.2 0.2 0.4 0.5 0.4 14 0.2 0.2 0.4 0.6 0.3 14 0.2 0.3 0.4 0.7
002922,0.0 0 0.0 0.0 1.0 1.0
002923,0.0 0 0.0 0.0 1.0 1.0
002925,0.3 14 0.4 0.3 0.5 0.5 0.9 14 0.6 0.2 0.7 0.7 1.0 14 0.3 0.3 0.4 0.6 0.4 14 0.4 0.3 0.5 0.5 0.8 14 0.4 0.3 0.5 0.6 0.6 15 0.0 0.3 0.2 0.6 0.4 15 0.7 0.3 0.8 0.6 0.3 14 0.6 0.2 0.7 0.6 1.0 14 0.1 0.2 0.3 0.7 0.4 15 0.7 0.5 0.8 0.6 0.8 14 0.5 0.2 0.7 0.7 1.0 14 0.4 0.3 0.6 0.6 0.4 14 0.6 0.2 0.7 0.4
002926,0.0 0 0.0 0.0 1.0 1.0
002927,0.6 14 0.1 0.3 0.2 0.3 0.6 14 0.1 0.2 0.1 0.3 0.7 6 0.0 0.1 0.8 0.6
002928,0.0 0 0.0 0.0 1.0 1.0
002929,0.0 0 0.0 0.0 1.0 1.0
002930,0.4 8 0.4 0.3 0.5 0.5 0.6 8 0.4 0.5 0.5 0.6 0.3 8 0.2 0.5 0.4 0.6 0.4 8 0.4 0.3 0.5 0.5 0.4 8 0.5 0.4 0.7 0.6 0.6 14 0.7 0.2 0.7 0.3
002936,0.3 14 0.0 0.0 0.7 1.0
002945,0.9 14 0.0 0.1 0.4 0.6 0.4 14 0.7 0.5 0.8 1.0 0.3 4 0.6 0.5 0.6 0.6 0.7 14 0.5 0.1 0.8 0.6 0.5 14 0.0 0.3 0.1 0.6 0.5 14 0.0 0.1 0.4 0.7 0.8 14 0.7 0.5 0.8 0.7 0.9 14 0.5 0.1 0.8 0.7 0.8 4 0.6 0.5 0.6 0.7
002948,0.0 0 0.0 0.0 1.0 1.0
002949,0.8 6 0.0 0.4 0.1 0.4 0.8 6 0.3 0.3 0.3 0.4 0.4 6 0.2 0.3 0.2 0.4
002950,0.4 14 0.0 0.7 0.2 1.0 0.4 14 0.2 0.2 0.6 1.0 0.3 14 0.0 0.7 0.2 1.0 0.5 14 0.2 0.2 0.5 1.0 0.3 14 0.0 0.1 0.6 1.0 0.8 14 0.0 0.7 0.2 1.0 0.8 14 0.0 0.0 0.5 1.0 0.4 14 0.0 0.7 0.2 1.0 0.6 14 0.0 0.0 0.6 1.0 0.4 4 0.2 0.0 0.5 1.0
002951,0.6 4 0.8 0.3 0.8 0.5 0.9 14 0.2 0.2 0.3 0.4 0.9 14 0.2 0.3 0.3 0.4 0.7 14 0.3 0.2 0.3 0.4
002955,0.5 6 0.0 0.3 0.1 0.5
002959,0.0 0 0.0 0.0 1.0 1.0
002961,0.3 6 0.0 0.1 0.8 0.6 0.7 6 0.0 0.1 0.8 0.6 0.6 6 0.0 0.0 1.0 0.6
002964,0.8 14 0.0 0.1 0.1 0.4 0.8 14 0.5 0.1 0.6 0.3 0.3 14 0.3 0.7 0.4 0.9 0.4 14 0.0 0.1 0.1 0.4 0.7 14 0.2 0.1 0.4 0.7 0.9 14 0.5 0.1 0.5 0.3 0.9 14 0.1 0.1 0.4 0.8 0.8 14 0.5 0.1 0.6 0.3 0.4 14 0.6 0.1 0.6 0.2
002968,0.3 2 0.4 0.2 0.6 0.5
002970,0.0 0 0.0 0.0 1.0 1.0
002971,1.0 14 0.6 0.3 0.8 0.7 0.9 14 0.2 0.4 0.3 0.5 0.8 14 0.0 0.5 0.0 0.5 0.9 14 0.1 0.5 0.2 0.5
002972,0.4 14 0.1 0.5 0.5 0.9 0.3 14 0.0 0.1 0.5 0.8 0.5 14 0.0 0.5 0.6 1.0 0.5 14 0.0 0.1 0.6 0.8 0.3 14 0.0 0.5 0.5 1.0 0.4 14 0.0 0.1 0.6 1.0 0.4 14 0.0 0.0 0.7 1.0
002973,0.4 14 0.1 0.3 0.6 0.8 0.7 14 0.1 0.3 0.5 0.8 0.3 14 0.1 0.3 0.5 0.8 0.4 14 0.1 0.3 0.5 0.8 0.4 14 0.1 0.1 0.5 0.8 0.4 14 0.1 0.3 0.4 0.7
002974,0.8 14 0.2 0.2 0.6 0.7 1.0 14 0.6 0.2 0.6 0.4 0.6 14 0.2 0.4 0.3 0.7 0.8 14 0.3 0.3 0.3 0.4 1.0 14 0.2 0.3 0.2 0.4 0.3 14 0.1 0.2 0.6 0.7 0.4 14 0.2 0.3 0.2 0.4 0.5 14 0.1 0.4 0.2 0.7 0.7 14 0.5 0.3 0.5 0.4 0.6 14 0.1 0.4 0.3 0.7 0.6 14 0.1 0.2 0.6 0.8 0.6 14 0.2 0.2 0.6 0.8
002979,0.3 6 0.0 0.5 0.8 0.7
002980,0.0 0 0.0 0.0 1.0 1.0
002981,0.5 14 0.4 0.1 0.5 0.5 0.9 14 0.4 0.1 0.6 0.5 0.3 14 0.1 0.2 0.3 0.6
002982,0.3 14 0.0 0.0 0.6 0.9 0.9 14 0.0 0.1 0.5 0.9 0.4 14 0.0 0.0 0.5 1.0
002983,0.0 0 0.0 0.0 1.0 1.0
002985,0.0 0 0.0 0.0 1.0 1.0
002991,0.0 0 0.0 0.0 1.0 1.0
002993,0.6 14 0.3 0.0 0.4 0.1 0.5 6 0.0 0.0 0.1 0.0 0.3 6 0.0 0.0 0.1 0.1 0.7 6 0.4 0.5 0.7 0.6
002996,0.0 0 0.0 0.0 1.0 1.0
002997,0.3 6 0.4 0.2 0.7 0.5
002998,0.4 14 0.5 0.3 0.5 0.3 0.5 6 0.5 0.2 0.7 0.4 0.5 6 0.5 0.2 0.7 0.4 0.4 6 0.5 0.2 1.0 0.4 0.6 6 0.5 0.2 1.0 0.4
002999,0.4 14 0.2 0.1 0.4 0.3 0.7 14 0.7 0.2 0.9 0.3 0.6 14 0.4 0.2 0.5 0.4 0.5 14 0.2 0.1 0.4 0.3 0.6 14 0.7 0.2 0.9 0.4
003001,0.0 0 0.0 0.0 1.0 1.0
003006,0.9 6 0.3 0.4 0.6 0.5 0.3 6 0.0 0.2 0.2 0.5 0.9 6 0.7 0.3 0.9 0.5 0.9 6 0.2 0.4 0.3 0.4 0.4 6 0.5 0.4 0.6 0.4 0.5 6 0.0 0.2 0.2 0.5 0.4 6 0.7 0.3 0.9 0.5 0.8 6 0.3 0.4 0.4 0.5 0.8 6 0.5 0.4 0.7 0.4 0.5 6 0.4 0.4 0.6 0.5
003010,0.6 4 0.1 0.1 0.2 0.4 0.6 4 0.7 0.1 0.8 0.4 0.7 4 0.2 0.1 0.3 0.4
003012,0.6 14 0.6 0.4 0.7 0.6 0.5 8 0.5 0.6 0.8 0.8 1.0 14 0.2 0.2 0.5 0.8 1.0 14 0.5 0.4 0.7 0.7
003014,0.3 15 0.7 0.2 0.7 0.3 0.6 6 0.8 0.5 0.9 0.5 0.5 15 0.7 0.2 0.7 0.3
003016,0.9 14 0.7 0.3 0.8 0.4 0.8 14 0.4 0.5 0.5 0.7 0.6 6 0.1 0.2 1.0 0.7
003018,0.9 14 0.0 0.1 0.5 1.0
003019,0.7 14 0.0 0.2 0.3 0.7 0.5 14 0.1 0.2 0.8 0.7 0.5 14 0.0 0.2 0.3 1.0 0.3 14 0.1 0.0 0.9 1.0
003020,0.6 14 0.5 0.3 0.6 0.5 0.4 14 0.6 0.3 0.7 0.4 0.3 14 0.5 0.4 0.6 0.6 0.3 15 0.7 0.5 0.9 0.6 0.7 14 0.7 0.4 0.8 0.5 0.9 14 0.3 0.2 0.5 0.7 0.5 14 0.7 0.4 0.8 0.5 0.6 14 0.3 0.2 0.5 0.6 0.7 14 0.5 0.3 0.6 0.7 0.9 14 0.5 0.3 0.6 0.7 1.0 14 0.1 0.2 0.3 0.8 0.6 15 0.7 0.5 0.8 0.6 0.9 14 0.7 0.4 0.8 0.7 0.9 14 0.6 0.3 0.7 0.7 0.4 14 0.4 0.4 0.6 0.7 0.4 14 0.5 0.3 0.7 0.7 0.4 14 0.6 0.3 0.7 0.5 0.4 14 0.6 0.3 0.7 0.5
003022,0.8 14 0.5 0.2 0.6 0.5 0.4 6 0.6 0.3 0.7 0.4 0.8 14 0.5 0.2 0.6 0.4 1.0 14 0.5 0.1 0.6 0.4 0.4 14 0.5 0.1 0.6 0.5
003025,0.9 14 0.4 0.2 0.6 0.3
003026,0.4 14 0.1 0.2 0.7 0.7 0.9 14 0.3 0.2 0.6 0.7 1.0 14 0.1 0.3 0.3 0.7
003029,0.4 14 0.4 0.2 0.7 0.5 0.4 14 0.5 0.2 0.8 0.5 0.7 14 0.3 0.2 0.7 0.5 0.7 14 0.3 0.2 0.9 0.5 0.4 14 0.1 0.1 0.1 0.2
003030,0.3 14 0.0 0.1 0.7 1.0
003033,0.8 6 0.0 0.5 0.7 0.8
003035,0.7 14 0.2 0.3 0.6 0.8 0.7 14 0.2 0.3 0.5 0.8 0.9 14 0.1 0.7 0.2 0.9 0.5 14 0.2 0.3 0.5 0.7 0.6 14 0.1 0.3 0.6 0.8
003036,0.4 14 0.4 0.3 0.7 1.0 0.3 14 0.4 0.0 0.7 0.9 0.8 14 0.0 0.0 0.7 1.0 0.3 14 0.4 0.0 0.7 0.8 0.6 14 0.4 0.3 0.7 1.0 0.6 14 0.4 0.0 0.7 1.0
003037,0.4 6 0.2 0.2 1.0 0.5
003040,0.4 14 0.3 0.0 0.7 0.4 0.4 14 0.4 0.0 0.7 0.4
003041,0.3 14 0.3 0.3 0.5 0.4 0.9 14 0.1 0.3 0.1 0.5 0.5 14 0.5 0.3 0.6 0.5 0.8 14 0.2 0.3 0.5 0.8 0.3 12 0.1 0.4 0.6 0.8 0.6 14 0.3 0.3 0.5 0.6 0.3 14 0.5 0.3 0.6 0.6 0.3 14 0.1 0.4 0.2 0.6 0.7 14 0.5 0.4 0.5 0.5 0.4 14 0.3 0.3 0.5 0.6 0.9 14 0.1 0.3 0.1 0.6 0.8 14 0.5 0.3 0.7 0.6 0.7 14 0.5 0.3 0.6 0.5
003043,0.4 6 0.7 0.5 0.8 0.5 0.4 6 0.4 0.5 0.5 0.5 0.3 6 0.7 0.5 0.8 0.5 0.5 6 0.7 0.5 0.8 0.5 0.7 6 0.5 0.5 0.6 0.5 0.6 6 0.6 0.5 0.6 0.5
003046,0.8 6 0.0 0.1 0.9 0.6
003048,0.0 0 0.0 0.0 1.0 1.0
003049,0.3 8 0.4 0.5 0.5 0.6 0.4 8 0.3 0.6 0.4 0.7 0.3 8 0.5 0.5 0.6 0.7 0.5 8 0.1 0.4 0.3 0.6 0.9 14 0.4 0.3 0.5 0.5 1.0 14 0.3 0.3 0.4 0.7 0.3 8 0.4 0.4 0.6 0.7 0.4 8 0.5 0.4 0.6 0.6
003050,0.0 0 0.0 0.0 1.0 1.0
003052,0.6 6 0.2 0.1 0.5 0.2 0.4 6 0.6 0.2 0.7 0.2 0.4 14 0.9 0.1 1.0 0.4 0.8 6 0.1 0.1 0.5 0.3 0.9 14 0.3 0.2 0.5 0.7 0.8 6 0.1 0.1 0.5 0.3 0.8 6 0.2 0.1 0.5 0.2 0.5 6 0.2 0.1 0.5 0.2 1.0 14 0.0 0.1 0.2 0.7 0.5 6 0.2 0.1 0.5 0.2 0.4 6 0.1 0.1 0.4 0.3 0.7 14 0.5 0.4 0.6 0.7 1.0 14 0.5 0.1 0.6 0.4
003055,0.8 6 0.3 0.4 0.7 0.6
003059,0.3 6 0.4 0.4 0.5 0.6 0.4 15 0.7 0.4 0.8 0.5
003060,0.0 0 0.0 0.0 1.0 1.0
003062,0.0 0 0.0 0.0 1.0 1.0
003067,0.9 14 0.2 0.5 0.3 0.7
003068,0.0 0 0.0 0.0 1.0 1.0
003069,0.6 14 0.0 0.1 0.3 1.0
003070,0.3 6 0.7 0.5 0.8 0.7 0.8 6 0.1 0.5 0.3 0.6 0.7 6 0.2 0.5 0.6 0.9 0.3 6 0.0 0.4 0.1 0.6 0.8 6 0.0 0.4 0.1 0.6 0.3 6 0.2 0.5 0.3 0.6 0.8 6 0.7 0.5 0.8 0.6 0.6 6 0.1 0.5 0.2 0.6 1.0 14 0.6 0.4 0.7 1.0 0.6 6 0.2 0.5 0.7 0.9
003071,0.0 0 0.0 0.0 1.0 1.0
003073,0.7 14 0.3 0.3 0.3 0.3 0.4 6 0.0 0.3 0.3 0.4 0.4 6 0.0 0.3 0.4 0.4 0.7 6 0.0 0.3 0.2 0.4
003075,0.4 14 0.3 0.1 0.5 0.4 0.4 14 0.3 0.1 0.7 0.8 0.7 14 0.1 0.0 0.3 0.4 0.5 4 0.6 0.4 0.7 0.8 0.4 14 0.1 0.0 0.3 0.6 0.3 14 0.3 0.1 0.6 0.6 0.5 14 0.3 0.1 0.6 0.8 0.5 14 0.3 0.1 0.6 0.6 0.7 14 0.3 0.1 0.6 0.6 0.7 14 0.1 0.0 0.3 0.3 0.3 14 0.3 0.1 0.6 0.6 0.6 14 0.3 0.1 0.7 0.8 0.4 1 0.4 0.3 0.7 0.9
003076,0.3 4 0.4 0.4 0.5 0.5 0.4 4 0.5 0.1 0.6 0.3 0.5 4 0.3 0.1 0.4 0.3 0.6 4 0.5 0.4 0.5 0.5 0.5 4 0.5 0.5 0.5 0.6 0.3 4 0.3 0.1 0.4 0.2 0.6 4 0.4 0.5 0.4 0.6 0.4 4 0.2 0.4 0.3 0.5 0.4 4 0.4 0.5 0.5 0.6 0.5 4 0.3 0.4 0.3 0.5 0.3 4 0.2 0.1 0.3 0.3 0.5 4 0.2 0.1 0.3 0.2 0.5 4 0.1 0.4 0.2 0.5 0.5 4 0.3 0.1 0.3 0.3 0.4 4 0.5 0.1 0.6 0.3
003079,0.6 14 0.6 0.2 0.8 0.4 0.9 14 0.5 0.2 0.8 0.4 0.3 14 0.7 0.2 0.9 0.4
003080,0.0 0 0.0 0.0 1.0 1.0
003081,0.4 14 0.4 0.1 0.6 0.4 0.4 14 0.2 0.1 0.6 0.4 0.3 14 0.4 0.1 0.6 0.6 0.7 14 0.2 0.1 0.6 0.5 0.3 14 0.2 0.1 0.6 0.6 0.6 14 0.4 0.1 0.6 0.6
003084,0.7 14 0.4 0.2 0.5 0.3 0.9 14 0.7 0.3 0.8 0.4 0.9 14 0.9 0.3 1.0 0.4 1.0 14 0.2 0.3 0.2 0.4 0.9 14 0.3 0.3 0.3 0.4 0.9 14 0.4 0.2 0.5 0.5 0.9 14 0.8 0.3 0.9 0.4 0.9 14 0.1 0.3 0.2 0.4 0.3 6 0.5 0.2 0.9 0.3
003087,0.0 0 0.0 0.0 1.0 1.0
003091,0.9 14 0.0 0.3 0.5 1.0 0.4 14 0.0 0.0 0.7 1.0 0.8 14 0.4 0.0 0.7 1.0
003095,0.0 0 0.0 0.0 1.0 1.0
003096,0.4 14 0.6 0.0 0.6 0.1 0.4 14 0.7 0.3 0.9 0.5 0.4 14 0.0 0.1 0.7 1.0 0.3 14 0.3 0.1 0.4 0.2 0.8 14 0.7 0.3 0.9 0.7
003097,0.0 0 0.0 0.0 1.0 1.0
003099,0.6 15 0.6 0.1 0.6 0.2 0.5 15 0.6 0.1 0.6 0.2 0.6 15 0.6 0.1 0.6 0.2 0.3 14 0.0 -0.0 0.5 0.9
003101,0.3 6 0.4 0.3 0.5 0.4 0.4 6 0.6 0.2 1.0 0.6 0.8 6 0.5 0.3 0.6 0.4
003104,0.9 14 0.1 0.1 0.3 0.7
003109,0.8 6 0.4 0.5 0.7 0.8
003111,0.0 0 0.0 0.0 1.0 1.0
003113,0.0 0 0.0 0.0 1.0 1.0
003114,0.0 0 0.0 0.0 1.0 1.0
003115,0.6 8 0.1 0.6 0.4 0.9 0.4 8 0.4 0.5 0.6 0.9 0.4 8 0.1 0.5 0.5 0.9 0.4 8 0.2 0.6 0.4 0.9 1.0 14 0.1 0.1 0.2 0.7 0.4 14 0.4 0.3 0.8 1.0 0.7 14 0.6 0.3 0.8 1.0 0.9 14 0.5 0.3 0.8 1.0
003119,0.0 0 0.0 0.0 1.0 1.0
003123,0.7 14 0.4 0.3 0.5 0.5 0.9 14 0.3 0.3 0.4 0.5 0.9 14 0.4 0.4 0.5 0.7 0.7 14 0.4 0.4 0.5 0.6 0.6 14 0.2 0.4 0.3 0.6 0.7 14 0.6 0.3 0.7 0.7 0.9 14 0.6 0.4 0.7 0.7 0.7 14 0.3 0.4 0.4 0.7 0.6 14 0.3 0.4 0.5 0.7 0.3 14 0.3 0.3 0.4 0.6 0.5 14 0.2 0.2 0.3 0.6 0.9 14 0.3 0.4 0.4 0.7 0.7 14 0.5 0.3 0.6 0.5 0.8 14 0.1 0.3 0.2 0.5 0.9 14 0.3 0.3 0.4 0.6 0.9 14 0.2 0.3 0.3 0.7 0.8 14 0.5 0.3 0.6 0.5 0.7 14 0.4 0.3 0.5 0.5 0.8 14 0.3 0.3 0.4 0.5 0.9 14 0.2 0.2 0.3 0.4 0.8 14 0.0 0.3 0.2 0.9 0.9 14 0.6 0.3 0.8 0.7 0.4 14 0.2 0.3 0.3 0.7 0.5 14 0.3 0.4 0.4 0.6 0.8 14 0.2 0.3 0.3 0.5 0.5 14 0.5 0.3 0.7 0.7 0.9 14 0.5 0.4 0.6 0.7 0.6 14 0.7 0.3 0.8 0.7 0.8 14 0.5 0.3 0.6 0.5 0.8 14 0.6 0.3 0.7 0.5
003125,0.6 14 0.0 0.1 0.9 1.0
003128,0.4 6 0.3 0.3 0.5 0.4
003130,0.4 1 0.1 0.5 0.4 0.8 0.4 1 0.1 0.5 0.5 0.9 0.6 1 0.0 0.4 0.5 0.9 0.5 1 0.1 0.4 0.6 0.9
003131,0.6 6 0.6 0.7 0.7 0.7 0.5 6 0.6 0.7 0.7 0.7
003132,0.3 14 0.2 0.0 0.6 1.0 0.3 14 0.4 0.4 0.6 0.7 0.9 14 0.2 0.0 0.6 0.7 1.0 14 0.0 0.2 0.3 0.8 0.5 14 0.0 0.0 0.6 1.0
003136,0.6 6 0.0 0.5 0.2 0.6
003139,0.9 14 0.4 0.0 0.5 0.2 0.8 14 0.2 0.1 0.6 0.7 0.3 14 0.1 0.0 0.1 0.1 0.6 14 0.7 0.0 0.8 0.2 0.3 14 0.2 0.1 0.4 0.7 0.5 14 0.0 0.1 0.6 1.0 0.5 14 0.0 0.1 0.6 0.7 0.7 14 0.2 0.0 0.3 0.1 0.9 14 0.7 0.0 0.8 0.2 0.8 14 0.0 0.2 0.4 0.7 0.9 14 0.2 0.0 0.3 0.2 0.4 14 0.2 0.0 0.3 0.2 0.6 14 0.2 0.1 0.8 1.0 0.3 14 0.4 0.0 0.5 0.1 0.5 14 0.2 0.1 0.8 0.7 0.4 14 0.2 0.1 1.0 1.0
003141,0.6 8 0.6 0.5 0.8 0.8 0.6 8 0.0 0.4 0.2 0.8 0.4 8 0.6 0.5 0.8 0.8 0.6 8 0.6 0.4 0.8 0.7 0.3 8 0.6 0.4 0.7 0.5 0.3 8 0.6 0.4 0.7 0.7 0.3 8 0.7 0.4 0.8 0.7 0.4 8 0.2 0.3 0.3 0.5 0.3 8 0.6 0.4 0.7 0.6 0.5 8 0.5 0.3 0.6 0.4 0.8 14 0.0 0.4 0.1 0.7 0.4 8 0.6 0.4 0.8 0.7 0.5 8 0.1 0.4 0.2 0.6
003143,0.7 6 0.1 0.2 1.0 0.6
003144,0.0 0 0.0 0.0 1.0 1.0
003148,0.0 0 0.0 0.0 1.0 1.0
003151,0.4 14 0.2 0.2 0.5 0.5 0.9 14 0.2 0.2 0.5 0.6 0.3 1 0.1 0.4 0.3 0.7
003152,0.0 0 0.0 0.0 1.0 1.0
003153,0.8 14 0.3 0.2 0.5 0.4 0.9 14 0.2 0.2 0.2 0.3 0.3 14 0.0 0.1 0.1 0.4 0.7 14 0.7 0.3 0.9 0.6 0.4 14 0.0 0.2 0.0 0.4 0.9 14 0.0 0.2 0.3 0.5 0.3 14 0.3 0.2 0.5 0.6 0.8 14 0.3 0.2 0.5 0.5 0.6 14 0.7 0.3 0.9 0.6 0.5 14 0.5 0.3 0.9 0.6 0.7 14 0.3 0.2 0.5 0.5 0.8 14 0.1 0.2 0.3 0.4 0.7 14 0.1 0.2 0.3 0.4 0.9 14 0.6 0.3 0.9 0.6 0.6 14 0.5 0.3 0.9 0.6 0.5 14 0.7 0.0 0.8 0.1
003156,0.0 0 0.0 0.0 1.0 1.0
003158,0.4 19 0.3 0.3 0.4 0.4 0.3 19 0.3 0.3 0.4 0.4
003160,0.3 14 0.7 0.4 0.9 0.7 0.6 6 0.0 0.2 0.9 0.6 0.7 14 0.7 0.4 0.9 0.7
003166,0.0 0 0.0 0.0 1.0 1.0
003167,0.3 14 0.1 0.0 0.7 1.0 0.5 14 0.1 0.1 0.2 0.6 0.6 14 0.1 0.0 0.7 1.0 0.5 14 0.1 0.0 0.5 0.8 0.7 14 0.2 0.1 0.3 0.6 0.3 14 0.2 0.1 0.3 0.5 0.3 14 0.1 0.0 0.5 1.0 0.5 14 0.1 0.1 0.2 0.4 0.9 14 0.0 0.3 0.1 0.8 0.8 14 0.1 0.0 0.8 1.0 0.4 14 0.0 0.1 0.2 0.8 0.3 14 0.2 0.1 0.3 0.3 0.4 14 0.1 0.0 0.8 0.8
003168,0.3 6 0.5 0.1 1.0 0.5 0.6 6 0.6 0.1 1.0 0.5
003171,0.4 14 0.0 0.0 0.1 0.3 0.4 14 0.0 0.0 0.1 0.7 0.9 14 0.0 0.1 0.6 1.0 0.3 14 0.0 0.0 0.2 0.8 0.4 14 0.4 0.3 0.6 1.0
003172,0.5 14 0.5 0.2 0.6 0.4 0.5 14 0.3 0.2 0.4 0.5 0.5 14 0.6 0.0 0.8 0.7 0.3 14 0.5 0.1 0.8 0.6 0.9 14 0.2 0.2 0.4 0.8 0.3 14 0.2 0.2 0.4 0.6 0.6 14 0.6 0.0 0.8 0.6 0.6 14 0.3 0.2 0.4 0.6 0.4 14 0.5 0.1 0.7 0.8 0.4 14 0.5 0.1 0.7 0.8 0.4 14 0.3 0.2 0.4 0.6 0.7 14 0.1 0.2 0.4 0.8 0.8 14 0.1 0.3 0.2 0.5 0.3 14 0.1 0.3 0.3 0.8 0.4 14 0.6 0.0 0.9 0.8 0.8 14 0.1 0.3 0.2 0.7 0.4 14 0.3 0.2 0.4 0.4 0.6 14 0.5 0.0 0.9 0.8 0.4 14 0.5 0.1 0.9 0.8 0.4 14 0.6 0.0 0.9 0.8 0.4 14 0.6 0.1 0.7 0.4 0.6 14 0.6 0.1 0.8 0.4
003173,0.4 14 0.5 0.2 0.7 0.5 0.9 14 0.4 0.1 0.6 0.5 0.5 14 0.4 0.0 0.7 0.5 0.5 14 0.5 0.2 0.7 0.5 0.7 14 0.3 0.1 0.7 0.5 0.8 14 0.5 0.3 0.6 0.5 0.3 14 0.4 0.2 0.7 0.5 0.6 14 0.6 0.2 0.7 0.5 0.5 14 0.6 0.2 0.7 0.3
003174,0.3 14 0.3 0.1 0.7 1.0 0.6 14 0.1 0.1 0.7 0.8 0.4 14 0.0 0.6 0.3 0.8 0.4 14 0.5 0.1 0.7 0.6 0.4 14 0.0 0.1 0.7 1.0 0.4 14 0.0 0.6 0.2 0.8
003179,0.9 14 0.3 0.3 0.4 0.4 0.9 14 0.0 0.4 0.1 0.5 1.0 14 0.3 0.3 0.3 0.4 0.8 6 0.0 0.4 0.5 0.6 0.6 14 0.3 0.3 0.3 0.4
003180,0.0 0 0.0 0.0 1.0 1.0
003182,0.7 14 0.1 0.0 0.3 0.4 0.5 14 0.1 0.0 0.3 0.5 0.8 14 0.6 0.1 0.7 0.5 0.8 14 0.1 0.0 0.3 0.7 0.4 14 0.1 0.0 0.3 0.4 0.6 14 0.1 0.0 0.3 0.7 0.5 14 0.5 0.1 0.7 0.6 0.4 14 0.6 0.1 0.7 0.4
003187,0.9 14 0.4 0.0 0.5 0.4 0.6 14 0.4 0.0 0.5 0.5
003190,0.0 0 0.0 0.0 1.0 1.0
003191,0.3 14 0.2 0.0 0.7 1.0 0.4 14 0.2 0.0 0.7 0.7 0.9 14 0.0 0.0 0.7 1.0
003192,0.0 0 0.0 0.0 1.0 1.0
003193,0.8 14 0.1 0.2 0.2 0.3 0.8 14 0.2 0.2 0.2 0.3 0.6 14 0.5 0.1 0.6 0.4 0.7 14 0.1 0.2 0.2 0.4
003196,0.3 14 0.0 0.4 0.4 1.0 0.3 14 0.0 0.4 0.2 1.0 0.6 14 0.4 0.4 0.6 1.0 0.5 14 0.1 0.1 0.4 1.0 0.6 14 0.0 0.1 0.6 1.0 0.8 14 0.6 0.4 0.6 0.5 0.8 14 0.2 0.1 0.6 1.0 0.9 14 0.0 0.1 0.4 1.0 0.3 14 0.1 0.6 0.3 1.0 0.3 14 0.1 0.1 0.6 1.0 0.4 14 0.3 0.4 0.6 1.0
003197,0.7 14 0.2 0.2 0.5 1.0 0.5 14 0.1 0.2 0.6 1.0 0.4 14 0.0 0.2 0.2 1.0 0.8 14 0.2 0.2 0.7 1.0
003198,0.3 14 0.0 0.2 0.2 1.0 0.9 14 0.0 0.1 0.2 0.5 0.4 14 0.0 0.1 0.2 0.7 0.3 14 0.0 0.1 1.0 1.0
003201,0.0 0 0.0 0.0 1.0 1.0
003203,0.7 6 0.0 0.3 0.1 0.4
003206,0.9 14 0.2 0.3 0.4 0.7 0.6 14 0.2 0.3 0.4 0.6 0.7 14 0.2 0.3 0.3 0.6 0.8 14 0.1 0.3 0.2 0.7 0.3 8 0.3 0.5 0.5 0.8
003208,0.3 19 0.3 0.0 0.6 0.4
003209,0.0 0 0.0 0.0 1.0 1.0
003212,0.0 0 0.0 0.0 1.0 1.0
003215,0.0 0 0.0 0.0 1.0 1.0
003217,0.9 14 0.5 0.1 0.5 0.2 0.7 6 0.2 0.1 0.8 0.5 0.7 6 0.1 0.2 0.7 0.5 0.4 6 0.1 0.1 0.8 0.5 0.4 6 0.6 0.1 0.8 0.4 0.6 6 0.2 0.2 0.7 0.5 0.5 6 0.1 0.1 0.8 0.5
003220,0.8 6 0.1 0.4 0.2 0.5 0.3 6 0.0 0.4 0.1 0.5 0.8 6 0.7 0.4 0.8 0.5 0.4 6 0.6 0.4 0.7 0.5 0.5 14 0.7 0.4 0.7 0.5 0.3 14 0.4 0.3 0.4 0.4 0.4 6 0.3 0.4 0.4 0.5 0.5 6 0.7 0.4 0.8 0.5 0.4 6 0.7 0.4 0.8 0.5 0.9 6 0.0 0.4 0.1 0.5 0.7 6 0.3 0.4 0.4 0.5 0.4 6 0.5 0.4 0.6 0.5 0.8 6 0.4 0.4 0.5 0.5 0.9 14 0.3 0.3 0.3 0.4 1.0 14 0.2 0.4 0.3 0.7 0.5 6 0.7 0.4 0.7 0.5 0.9 14 0.7 0.4 0.7 0.5 0.9 6 0.1 0.4 0.2 0.5 0.7 6 0.3 0.4 0.4 0.5 0.7 6 0.4 0.4 0.5 0.5 0.8 6 0.5 0.4 0.6 0.5 0.7 6 0.7 0.4 0.8 0.5 0.8 6 0.6 0.4 0.7 0.5
003221,0.5 14 0.9 0.4 1.0 0.5 0.6 15 0.4 0.4 0.4 0.5 0.4 19 0.8 0.2 0.9 0.5 0.7 15 0.6 0.5 0.7 0.6
003222,0.4 6 0.0 0.0 0.2 0.1 0.4 14 0.5 0.1 0.8 0.3 0.5 14 0.4 0.1 0.8 0.4 0.6 14 0.4 0.1 0.7 0.5 0.6 6 0.0 0.0 0.5 0.2 0.6 6 0.0 0.0 0.2 0.1 0.6 14 0.1 0.1 0.8 0.5 0.4 14 0.4 0.1 0.8 0.5
003224,0.5 14 0.6 0.3 0.9 1.0 0.8 14 0.6 0.3 0.8 0.6 0.7 14 0.0 0.1 0.3 0.7 0.6 14 0.0 0.1 0.5 1.0 0.3 14 0.0 0.1 0.3 0.5 0.7 14 0.0 0.1 0.3 1.0 0.4 14 0.4 0.3 0.9 1.0 0.6 14 0.6 0.3 0.8 0.6
003225,0.6 14 0.4 0.4 0.6 0.6 0.9 14 0.4 0.3 0.5 0.4 0.8 14 0.6 0.4 0.8 0.6 0.9 14 0.6 0.3 0.8 0.6
003226,0.9 14 0.1 0.1 0.6 1.0
003227,0.0 0 0.0 0.0 1.0 1.0
003230,0.0 0 0.0 0.0 1.0 1.0
003232,0.9 14 0.4 0.1 0.6 0.4
003234,0.9 14 0.2 0.3 0.3 0.7 1.0 14 0.2 0.2 0.3 0.7 0.9 14 0.4 0.2 0.5 0.7 0.6 14 0.2 0.2 0.3 0.7 0.6 14 0.3 0.2 0.4 0.3 1.0 14 0.3 0.2 0.4 0.7 0.9 14 0.4 0.2 0.7 0.7
003235,0.9 14 0.2 0.1 0.5 0.9 0.7 14 0.2 0.1 0.5 0.7
003237,0.4 12 0.2 0.3 0.5 0.9 0.3 14 0.3 0.1 0.5 0.4 0.9 14 0.2 0.1 0.5 0.9
003238,0.7 14 0.1 0.1 0.8 0.6 0.3 14 0.0 0.1 0.6 0.6 0.7 14 0.0 0.1 0.8 1.0
003241,0.0 0 0.0 0.0 1.0 1.0
003245,0.8 14 0.7 0.2 0.8 0.5 1.0 14 0.4 0.2 0.5 0.6 1.0 14 0.2 0.2 0.3 0.6 1.0 14 0.7 0.2 0.8 0.6
003246,0.4 14 0.0 0.2 0.7 0.7 0.4 14 0.0 0.2 0.7 1.0 0.4 14 0.0 0.2 0.7 0.7
003248,0.0 0 0.0 0.0 1.0 1.0
003249,0.5 4 0.3 0.0 0.5 0.7 0.3 14 0.7 0.0 0.8 0.3 0.6 4 0.0 0.0 0.3 0.7 0.8 14 0.1 0.1 0.1 0.2
003251,0.5 8 0.2 0.3 0.4 0.6 0.3 8 0.4 0.5 0.6 0.7 0.4 8 0.4 0.4 0.7 0.7 0.5 8 0.4 0.4 0.7 0.7
003252,0.5 14 0.4 0.0 0.6 0.5 0.4 14 0.0 0.2 0.4 1.0 0.6 14 0.3 0.1 0.5 0.5 0.5 14 0.1 0.2 0.3 0.6 0.6 14 0.1 0.1 0.3 0.4 0.3 14 0.5 0.1 0.8 0.6 0.4 14 0.1 0.1 0.4 0.7 0.7 14 0.1 0.1 0.3 0.7 0.6 14 0.4 0.1 0.6 0.5 0.7 14 0.3 0.1 0.6 0.7 0.4 14 0.5 0.1 0.8 0.5 0.8 14 0.3 0.1 0.4 0.7 0.4 14 0.1 0.2 0.3 0.5 0.7 14 0.1 0.2 0.3 0.7 0.3 14 0.3 0.1 0.6 0.7 0.8 14 0.3 0.0 0.6 0.5 0.4 14 0.1 0.1 0.4 0.7 0.7 14 0.1 0.1 0.3 0.4 0.4 14 0.0 0.2 0.1 0.4 0.5 14 0.0 0.1 0.3 1.0 0.3 14 0.3 0.1 0.8 1.0 0.6 14 0.0 0.2 0.3 0.7 0.4 14 0.3 0.1 0.8 0.7 0.5 14 0.3 0.1 0.8 0.7 0.4 14 0.5 0.1 0.6 0.4 0.5 14 0.5 0.1 0.7 0.5
003257,0.4 6 0.0 0.0 0.2 0.1 0.8 6 0.0 0.0 1.0 0.5
003263,0.3 14 0.1 0.5 0.2 0.7 0.9 14 0.0 0.5 0.3 1.0
003264,0.6 14 0.1 0.3 0.6 0.7 0.6 14 0.1 0.1 0.8 0.6 0.5 14 0.1 0.1 1.0 0.7
003265,0.4 6 0.3 0.5 0.6 0.8
003266,0.7 14 0.1 0.2 0.7 1.0
003267,0.0 0 0.0 0.0 1.0 1.0
003268,0.0 0 0.0 0.0 1.0 1.0
003275,0.3 1 0.2 0.5 0.3 0.7 0.6 1 0.2 0.5 0.4 0.7 0.4 1 0.2 0.5 0.4 0.7
003276,0.3 14 0.6 0.2 0.6 0.3 0.9 14 0.0 0.3 0.1 0.3 0.8 14 0.8 0.1 0.9 0.5 0.9 14 0.7 0.1 0.8 0.3 0.6 14 0.2 0.2 0.3 0.4 0.8 14 0.3 0.2 0.3 0.3 0.9 14 0.8 0.1 0.9 0.5 0.9 14 0.2 0.2 0.2 0.3 0.4 14 0.8 0.1 0.9 0.3 0.8 6 0.0 0.3 0.8 0.8 0.9 14 0.2 0.2 0.3 0.3 0.9 14 0.6 0.2 0.6 0.3 0.9 14 0.2 0.2 0.2 0.3 0.7 6 0.0 0.1 0.8 0.8 0.4 6 0.0 0.1 0.8 0.8 1.0 14 0.8 0.1 0.9 0.3 0.8 14 0.1 0.2 0.2 0.3 0.7 14 0.3 0.2 0.3 0.4 0.8 14 0.1 0.2 0.2 0.3 0.3 6 0.6 0.2 0.7 0.3
003277,0.0 0 0.0 0.0 1.0 1.0
003278,0.4 14 0.0 0.1 0.4 0.6 0.6 14 0.0 0.1 0.4 0.6 0.7 14 0.0 0.1 0.5 0.6 0.8 14 0.6 0.0 1.0 0.5 0.6 4 0.1 0.5 0.2 0.8 0.8 14 0.0 0.1 0.5 0.7 0.4 14 0.5 0.0 1.0 0.7 0.5 14 0.5 0.0 1.0 0.5 0.4 14 0.7 0.0 1.0 0.7
003281,0.3 15 0.3 0.6 0.5 0.8 0.3 15 0.4 0.6 0.5 0.7 0.4 15 0.1 0.2 0.3 0.4 0.6 15 0.5 0.6 0.6 0.7 0.7 15 0.3 0.7 0.5 0.8 0.4 15 0.4 0.6 0.4 0.7 0.3 15 0.0 0.2 0.1 0.4 0.4 15 0.4 0.7 0.5 0.8 0.5 15 0.0 0.2 0.1 0.4 0.4 15 0.2 0.2 0.4 0.5 0.3 15 0.4 0.7 0.5 0.8 0.7 15 0.4 0.6 0.5 0.7 0.5 15 0.2 0.2 0.3 0.4 0.7 15 0.0 0.2 0.2 0.4 0.3 15 0.2 0.4 0.3 0.5 0.6 15 0.4 0.6 0.4 0.7 0.6 15 0.4 0.7 0.5 0.8 0.4 15 0.5 0.7 0.5 0.7
003283,0.3 14 0.5 0.2 0.9 0.7 0.3 14 0.0 0.0 0.6 0.8 0.3 14 0.0 0.0 1.0 1.0 0.3 14 0.5 0.2 1.0 0.8
003286,0.4 6 0.1 0.1 0.9 0.6
003287,0.4 14 0.6 0.1 0.9 0.7 0.4 14 0.1 0.0 0.5 1.0 0.3 14 0.1 0.0 0.3 0.7 0.3 14 0.1 0.0 0.4 0.7 0.4 14 0.0 0.0 0.9 1.0 0.4 14 0.1 0.0 0.3 0.3 0.3 14 0.0 0.0 0.5 1.0 0.5 14 0.0 0.0 0.3 1.0 0.4 14 0.1 0.0 0.9 1.0
003288,0.7 14 0.9 0.3 1.0 0.4
003289,0.4 6 0.1 0.4 0.2 0.5 0.5 6 0.8 0.4 0.9 0.5 0.8 14 0.1 0.4 0.1 0.5 0.9 6 0.8 0.4 0.9 0.5 0.9 14 0.3 0.4 0.3 0.5 0.8 14 0.8 0.3 0.8 0.4 0.8 14 0.6 0.4 0.7 0.5 0.9 6 0.0 0.4 0.2 0.5 0.4 6 0.0 0.4 0.1 0.5 0.6 6 0.8 0.4 0.9 0.5 0.5 6 0.0 0.4 0.2 0.5 0.7 6 0.9 0.4 1.0 0.5
003291,0.4 14 0.1 0.3 0.4 0.7 0.4 14 0.2 0.3 0.4 0.3 0.4 14 0.1 0.3 0.4 1.0
003295,1.0 14 0.5 0.1 0.7 0.5 0.7 14 0.2 0.2 0.6 0.6 0.7 14 0.2 0.2 0.5 0.6 0.7 14 0.2 0.2 0.5 0.4 0.3 14 0.2 0.2 0.5 0.5
003297,0.6 15 0.2 0.2 0.5 0.5 0.4 15 0.2 0.2 0.5 0.5
003298,0.4 14 0.2 0.1 0.6 0.9 0.5 14 0.0 0.2 0.4 0.9 0.6 14 0.0 0.0 0.6 1.0 0.5 14 0.2 0.1 0.6 0.8
003302,0.4 14 0.1 0.5 0.2 0.5 0.8 6 0.6 0.4 0.7 0.5 0.3 14 0.1 0.5 0.1 0.5 0.4 14 0.1 0.5 0.1 0.5
003304,0.7 14 0.2 0.4 0.6 0.9 0.9 14 0.3 0.1 0.5 0.5
003305,0.8 14 0.3 0.3 0.4 0.4 0.9 14 0.3 0.3 0.5 0.5 0.4 14 0.3 0.2 0.4 0.3 0.6 14 0.3 0.3 0.5 0.5
003306,0.9 6 0.1 0.2 0.8 0.5
003309,0.7 14 0.4 0.2 0.7 0.5 0.4 14 0.3 0.2 0.7 0.5 0.6 14 0.0 0.2 0.3 0.4 0.6 4 0.8 0.4 0.9 0.6 0.7 14 0.0 0.2 0.3 0.6 0.3 4 0.8 0.4 0.9 0.6 0.5 14 0.3 0.2 1.0 0.6 0.6 4 0.8 0.4 0.9 0.6 0.5 14 0.4 0.4 0.7 0.5 0.8 14 0.4 0.2 0.7 0.5 0.5 14 0.0 0.2 0.3 0.6 0.6 14 0.4 0.2 1.0 0.6
003310,0.0 0 0.0 0.0 1.0 1.0
003312,0.0 0 0.0 0.0 1.0 1.0
003314,0.3 14 0.1 0.1 0.4 0.7 0.8 14 0.0 0.1 0.4 0.7 0.6 14 0.0 0.1 0.4 1.0 0.8 14 0.4 0.1 0.7 0.7
003315,0.0 0 0.0 0.0 1.0 1.0
003317,0.0 0 0.0 0.0 1.0 1.0
003318,0.0 0 0.0 0.0 1.0 1.0
003319,0.0 0 0.0 0.0 1.0 1.0
003321,0.7 6 0.0 0.4 0.1 0.4 0.4 6 0.5 0.4 0.5 0.4 0.8 6 0.2 0.4 0.3 0.4 0.5 6 0.7 0.4 0.8 0.4 0.4 6 0.9 0.4 1.0 0.4 0.8 6 0.9 0.3 1.0 0.4 0.3 6 0.7 0.4 0.7 0.4 0.6 6 0.6 0.4 0.7 0.4 0.5 6 0.9 0.3 1.0 0.4 0.5 6 0.6 0.4 0.7 0.4 0.6 6 0.8 0.4 0.8 0.4 0.5 6 0.4 0.4 0.4 0.4 0.7 6 0.5 0.4 0.6 0.4 0.9 6 0.6 0.4 0.7 0.4
003322,0.0 0 0.0 0.0 1.0 1.0
003323,0.9 14 0.2 0.2 0.5 0.7 0.6 14 0.5 -0.0 0.8 0.5 0.5 8 0.1 0.4 0.4 0.7 0.8 14 0.3 0.2 0.5 0.7 0.3 8 0.7 0.4 0.9 0.6 0.4 14 0.3 0.2 0.5 0.7 0.8 14 0.5 -0.0 0.8 0.7 0.4 14 0.6 0.5 0.7 0.7 0.6 14 0.5 0.0 0.8 0.5
003324,0.3 14 0.4 0.2 0.6 0.4 0.6 14 0.4 0.4 0.5 0.5 0.4 14 0.5 0.1 1.0 0.7 0.7 14 0.3 0.2 0.6 0.7 0.5 14 0.6 0.1 1.0 0.7 0.5 14 0.3 0.2 0.6 0.7 0.8 14 0.3 0.2 0.6 0.6 0.3 14 0.4 0.1 1.0 0.7 0.8 14 0.3 0.1 0.9 0.7 0.4 14 0.3 0.4 0.6 0.7 0.7 14 0.3 0.1 1.0 1.0
003326,0.6 14 0.0 0.0 0.1 0.3 0.4 14 0.0 0.0 0.1 0.1 0.7 14 0.0 0.0 0.7 1.0
003328,0.9 14 0.0 0.0 0.4 0.7 0.8 6 0.3 0.3 0.8 0.6
003329,0.4 14 0.2 0.0 0.7 1.0 0.5 14 0.2 0.0 0.5 1.0 0.5 14 0.0 0.0 0.4 1.0 0.9 14 0.0 0.0 0.6 1.0
003332,0.4 14 0.0 0.0 0.5 0.7 0.5 14 0.0 0.0 0.8 0.7
003333,0.0 0 0.0 0.0 1.0 1.0
003334,0.3 6 0.5 0.2 0.6 0.2 0.4 6 0.0 0.2 0.7 0.6 0.6 6 0.1 0.5 0.3 0.6 0.4 6 0.0 0.2 1.0 0.6
003340,0.4 13 0.2 0.5 0.5 0.9 0.8 14 0.2 0.4 0.5 0.7
003341,0.8 14 0.5 0.2 0.6 0.4 0.7 14 0.5 0.1 0.7 0.3 0.9 14 0.3 0.2 0.5 0.4 0.6 14 0.4 0.3 0.5 0.5 0.5 14 0.7 0.1 0.8 0.4 0.3 14 0.6 0.2 0.8 0.5 0.5 14 0.5 0.2 0.8 0.6 0.9 14 0.2 0.1 0.4 0.6 0.6 14 0.5 0.1 0.7 0.5 0.5 14 0.2 0.2 0.5 0.5 0.8 14 0.7 0.1 0.8 0.5 0.8 14 0.5 0.2 0.7 0.5 0.8 14 0.5 0.2 0.6 0.5 0.9 14 0.2 0.2 0.3 0.4 1.0 14 0.0 0.0 0.3 0.6 0.9 14 0.3 0.2 0.5 0.5 0.9 14 0.5 0.2 0.8 0.6 0.9 14 0.7 0.1 0.9 0.5 0.3 14 0.5 0.1 0.7 0.4 0.6 14 0.5 0.1 0.7 0.4
003342,0.5 6 0.7 0.4 0.8 0.5 0.4 6 0.1 0.2 0.5 0.5 0.9 6 0.7 0.4 0.8 0.5
003345,0.4 8 0.6 0.4 0.8 0.6 0.3 8 0.0 0.3 0.2 0.6 0.3 8 0.5 0.4 0.7 0.6
003346,0.5 1 0.1 0.3 0.2 0.6 1.0 14 0.1 0.2 0.2 0.5
003347,0.0 0 0.0 0.0 1.0 1.0
003348,0.8 6 0.0 0.5 0.1 0.6 0.8 6 0.3 0.4 0.8 0.6 0.8 6 0.1 0.5 0.2 0.5 0.6 6 0.0 0.5 0.1 0.5 0.8 6 0.2 0.5 0.3 0.5 0.6 6 0.1 0.5 0.2 0.5 0.9 6 0.0 0.5 0.2 0.5 0.5 6 0.2 0.5 0.3 0.5
003352,0.8 14 0.3 0.1 0.7 0.8 0.3 14 0.0 0.1 0.7 0.8 0.4 14 0.1 0.1 0.7 0.8 0.8 14 0.0 0.2 0.4 0.8
003353,0.8 6 0.2 0.2 0.5 0.4 0.3 6 0.2 0.2 0.6 0.4
003357,0.4 6 0.0 0.1 0.8 0.5 0.6 6 0.4 0.1 0.9 0.3 0.4 6 0.0 0.1 0.5 0.3 0.3 6 0.0 0.1 0.5 0.3 0.9 6 0.0 0.1 0.8 0.5 0.4 6 0.8 0.1 0.9 0.3
003358,0.0 0 0.0 0.0 1.0 1.0
003361,0.0 0 0.0 0.0 1.0 1.0
003364,0.5 6 0.2 0.2 0.8 0.5 0.8 6 0.2 0.2 0.8 0.5
003366,0.0 0 0.0 0.0 1.0 1.0
003368,0.4 14 0.4 0.0 0.7 0.6 0.5 14 0.0 0.1 0.5 0.6 0.5 14 0.0 0.0 0.5 0.6 0.8 14 0.9 0.3 1.0 0.4 0.6 14 0.4 0.0 0.8 0.6 0.3 14 0.0 0.3 0.1 0.6 0.7 14 0.1 0.1 0.5 0.6 0.7 14 0.0 0.0 0.5 1.0 0.4 14 0.4 0.0 1.0 0.6 0.5 14 0.4 0.0 0.8 1.0 0.7 14 0.9 0.3 1.0 0.5 0.6 14 0.4 0.0 1.0 1.0
003371,0.6 14 0.0 0.0 0.5 0.8 0.7 14 0.0 0.0 0.9 1.0 0.7 6 0.6 0.0 0.9 0.3
003372,0.0 0 0.0 0.0 1.0 1.0
003375,0.8 6 0.2 0.3 0.7 0.8
003378,0.4 14 0.0 0.3 0.3 1.0 0.4 14 0.6 0.2 0.8 0.8 0.3 14 0.0 0.3 0.4 0.9 0.6 14 0.1 0.3 0.5 1.0 0.4 14 0.3 0.3 0.4 0.6 0.9 14 0.0 0.3 0.3 0.8 0.4 14 0.0 0.3 0.4 1.0 0.6 14 0.0 0.2 0.3 1.0 0.8 14 0.6 0.2 0.8 1.0 0.4 14 0.3 0.3 0.5 1.0 0.4 14 0.4 0.3 0.6 1.0 0.7 14 0.4 0.3 0.8 1.0 0.8 14 0.4 0.3 0.8 1.0
003381,0.7 6 0.4 0.6 0.5 0.6 0.3 0 0.0 0.3 0.9 0.6 0.4 0 0.0 0.3 0.9 0.6
003383,0.5 14 0.3 0.0 0.7 1.0 0.9 14 0.3 0.0 0.5 1.0 0.7 14 0.0 0.0 0.5 1.0 0.9 14 0.0 0.0 0.3 0.8 0.5 14 0.0 0.0 0.7 1.0 0.5 14 0.4 0.0 0.7 0.8 0.9 14 0.4 0.0 0.7 1.0
003384,0.0 0 0.0 0.0 1.0 1.0
003385,0.5 6 0.7 0.3 0.9 0.4 0.8 6 0.3 0.2 0.5 0.5 0.5 15 0.1 0.2 0.1 0.3 0.5 6 0.0 0.3 0.4 1.0 1.0 14 0.3 0.2 0.7 1.0 0.9 6 0.7 0.3 0.9 0.4 0.4 6 0.7 0.3 0.9 0.4 0.5 6 0.6 0.4 1.0 1.0
003387,0.8 6 0.1 0.2 0.8 0.6
003388,0.7 14 0.4 0.0 0.5 0.3 0.6 14 0.1 0.1 0.3 0.4 0.3 1 0.7 0.2 0.9 0.3 0.3 1 0.1 0.3 0.3 0.4 0.8 14 0.4 0.0 0.5 0.4 0.4 14 0.2 0.1 0.3 0.4 0.9 14 0.1 0.1 0.3 0.5 0.3 14 0.1 0.1 0.3 0.5 0.9 14 0.4 0.0 0.8 0.7 0.5 6 0.3 0.1 0.4 0.2
003389,0.0 0 0.0 0.0 1.0 1.0
003393,0.0 0 0.0 0.0 1.0 1.0
003394,0.0 0 0.0 0.0 1.0 1.0
003399,0.5 14 0.5 0.3 0.6 0.3 0.4 14 0.5 0.3 0.7 0.5 0.8 14 0.7 0.4 0.9 0.7 0.9 14 0.7 0.3 0.7 0.5 0.5 14 0.4 0.3 0.9 0.7 0.5 14 0.9 0.3 1.0 0.5 1.0 14 0.2 0.2 0.3 0.7 0.9 14 0.9 0.3 1.0 0.7 0.7 14 0.9 0.3 1.0 0.4 0.4 6 0.1 0.2 0.5 0.5 0.6 14 0.7 0.4 0.8 0.5 0.4 14 0.5 0.3 0.7 0.5 0.3 14 0.4 0.3 0.7 0.7 0.3 14 0.7 0.4 0.9 0.6 0.6 14 0.7 0.4 0.9 0.6 0.4 14 0.9 0.3 1.0 0.7 0.4 14 0.4 0.3 0.7 0.6 0.6 14 0.4 0.3 0.7 0.7 0.6 14 0.7 0.3 0.7 0.4
003400,0.0 0 0.0 0.0 1.0 1.0
003402,0.3 2 0.4 0.4 0.5 0.5
003405,0.8 6 0.1 0.2 0.5 0.5
003409,0.4 6 0.6 0.4 0.8 0.5 0.5 6 0.3 0.3 0.4 0.4 0.3 6 0.7 0.4 0.8 0.5 0.3 6 0.2 0.3 0.3 0.4 0.4 6 0.5 0.4 0.6 0.5 0.4 6 0.6 0.4 0.7 0.5
003411,0.0 0 0.0 0.0 1.0 1.0
003414,0.7 6 0.2 0.3 0.7 0.4 0.6 14 0.2 0.3 0.2 0.3 0.4 6 0.6 0.3 0.8 0.4 0.8 6 0.1 0.3 0.3 0.4 0.5 14 0.0 0.3 0.0 0.5 0.8 14 0.1 0.3 0.2 0.4 0.8 14 0.0 0.3 0.1 0.4 0.9 14 0.0 0.3 0.0 0.4 0.4 14 0.2 0.3 0.3 0.3 0.4 14 0.1 0.3 0.1 0.4 0.8 6 0.1 0.3 0.9 0.7 0.9 14 0.1 0.3 0.1 0.4 0.8 6 0.2 0.3 0.5 0.4 0.7 14 0.1 0.3 0.2 0.3
003418,0.9 14 0.3 0.5 0.4 0.8 0.6 14 0.2 0.5 0.4 0.9 0.6 14 0.2 0.5 0.4 0.9 0.4 14 0.0 0.4 0.2 1.0 0.9 14 0.5 0.5 0.6 0.8 0.7 14 0.5 0.5 0.7 0.8 0.3 14 0.5 0.5 0.6 0.7
003423,0.4 14 0.4 0.2 0.6 0.5 0.8 14 0.3 0.2 0.6 0.7 0.8 14 0.6 0.2 0.9 0.6 0.3 14 0.4 0.2 0.6 0.6 0.8 14 0.0 0.2 0.4 0.8 0.8 14 0.4 0.2 0.6 0.6 0.3 14 0.2 0.2 0.4 0.7 0.8 14 0.0 0.2 0.5 0.8 0.5 14 0.0 0.2 0.5 1.0 0.9 14 0.6 0.2 0.9 0.6
003426,0.7 14 0.2 0.0 0.7 0.7 0.3 14 0.2 0.0 0.6 0.7 0.5 14 0.0 0.0 0.7 1.0 0.7 14 0.2 0.0 0.7 1.0 0.4 14 0.2 0.0 0.6 0.7
003427,0.3 14 0.3 0.1 0.7 1.0 0.4 14 0.0 0.0 0.1 0.1 0.3 14 0.3 0.1 0.5 0.4 0.3 14 0.0 0.1 0.7 1.0 0.4 14 0.3 0.1 0.6 0.5 0.5 14 0.0 0.0 0.4 1.0 0.4 14 0.1 0.1 0.9 1.0 0.5 14 0.3 0.1 0.5 0.5
003428,0.0 0 0.0 0.0 1.0 1.0
003431,0.4 4 0.1 0.5 0.2 0.8 0.4 14 0.2 0.7 0.4 0.9 0.4 4 0.0 0.5 0.1 0.6 0.4 14 0.0 0.0 0.5 0.8 0.6 4 0.1 0.4 0.2 0.8 0.8 14 0.0 0.0 0.7 0.9 0.4 14 0.1 0.0 0.5 0.9
003432,0.0 0 0.0 0.0 1.0 1.0
003434,0.3 14 0.3 0.2 0.5 0.6 0.8 6 0.0 0.3 0.1 0.3 0.4 14 0.7 0.3 0.8 0.4 0.6 14 0.7 0.3 0.9 0.7 0.3 14 0.6 0.3 0.9 0.7 0.7 14 0.6 0.3 0.7 0.6 0.9 14 0.6 0.3 0.7 0.7 0.3 14 0.7 0.3 0.9 0.6 0.7 14 0.3 0.3 0.4 0.7 0.8 14 0.7 0.3 0.9 0.7 0.3 14 0.6 0.3 0.7 0.5 0.5 14 0.8 0.3 0.9 0.4 0.3 6 0.0 0.3 0.1 0.3 0.9 14 0.3 0.2 0.5 0.7 0.8 14 0.3 0.2 0.4 0.5 0.9 14 0.4 0.2 0.6 0.6 0.8 14 0.3 0.2 0.4 0.4 0.8 14 0.6 0.3 0.9 0.7 0.4 14 0.3 0.3 0.5 0.7 0.4 14 0.6 0.3 0.7 0.6 0.6 14 0.6 0.3 0.7 0.6 0.9 14 0.7 0.3 0.9 0.5 0.7 14 0.6 0.3 0.7 0.5 0.3 6 0.0 0.3 0.1 0.3 0.3 14 0.6 0.3 0.9 0.7 0.8 14 0.6 0.2 0.7 0.4
003437,0.0 0 0.0 0.0 1.0 1.0
003438,0.0 0 0.0 0.0 1.0 1.0
003440,0.8 14 0.2 0.2 0.7 1.0
003442,0.4 15 0.2 0.0 0.3 0.1 0.4 15 0.8 0.4 1.0 0.7 0.3 14 0.7 0.2 0.9 0.4 0.4 14 0.8 0.3 0.9 0.3 0.6 15 0.2 0.0 0.3 0.1
003445,0.3 0 0.0 0.3 1.0 0.5 0.4 0 0.0 0.3 1.0 0.5
003446,0.6 4 0.3 0.4 0.4 0.6 0.3 4 0.3 0.4 0.4 0.6 0.5 4 0.4 0.3 0.5 0.7
003447,0.0 0 0.0 0.0 1.0 1.0
003448,0.3 15 0.0 0.4 0.0 0.5 0.7 15 0.5 0.4 0.6 0.5 0.5 15 0.2 0.1 0.4 0.4 0.3 15 0.0 0.4 0.1 0.5 0.4 14 0.8 0.3 0.9 0.7 0.5 15 0.5 0.6 0.6 0.7 0.8 15 0.3 0.4 0.4 0.5 0.4 15 0.1 0.1 0.4 0.4 0.7 15 0.3 0.4 0.4 0.5 0.4 15 0.5 0.6 0.6 0.7 0.5 15 0.3 0.4 0.4 0.5 0.5 15 0.2 0.2 0.4 0.4 0.5 15 0.2 0.2 0.3 0.4 0.6 15 0.5 0.4 0.7 0.5 0.6 15 0.2 0.1 0.4 0.4 0.4 15 0.1 0.1 0.3 0.4 0.4 15 0.2 0.3 0.3 0.4 0.6 15 0.2 0.3 0.3 0.4 0.5 15 0.3 0.4 0.4 0.5 0.3 15 0.2 0.3 0.2 0.4 0.5 14 0.5 0.5 0.7 0.6 0.5 15 0.6 0.4 0.7 0.5 0.5 15 0.5 0.4 0.7 0.7
003454,0.8 14 0.4 0.1 0.6 0.4 0.7 14 0.8 0.0 0.9 0.1 0.8 14 0.4 0.1 0.6 0.6 0.6 14 0.4 0.1 0.6 0.6 0.7 14 0.4 0.1 0.6 0.7 0.4 14 0.3 0.1 0.6 0.7 0.8 14 0.4 0.4 0.7 0.8
003456,0.6 6 0.0 0.5 0.1 0.6 0.5 6 0.0 0.0 1.0 0.7
003457,0.4 6 0.0 0.3 0.7 1.0 0.5 6 0.0 0.2 0.7 1.0
003459,0.5 4 0.3 0.3 0.4 0.4 0.7 14 0.7 0.2 0.9 0.6 0.8 14 0.1 0.2 0.2 0.4 0.5 14 0.0 0.2 0.2 0.4 0.4 14 0.7 0.2 0.9 0.5 0.9 14 0.3 0.2 0.3 0.3 0.8 4 0.5 0.4 0.6 0.6 0.7 14 0.0 0.3 0.4 0.8 0.7 14 0.1 0.2 0.2 0.4 0.9 14 0.0 0.3 0.3 0.8 0.4 14 0.0 0.3 0.3 0.6 0.7 14 0.2 0.2 0.2 0.4 1.0 14 0.6 0.3 0.7 0.5 0.7 14 0.6 0.3 0.7 0.7 0.9 14 0.7 0.2 0.9 0.6 0.5 4 0.6 0.4 0.6 0.6 0.5 14 0.2 0.2 0.2 0.3 0.9 14 0.6 0.2 0.9 0.7
003460,0.7 6 0.2 0.3 0.9 0.6 0.5 6 0.2 0.3 0.9 0.6
003463,0.0 0 0.0 0.0 1.0 1.0
003467,0.0 0 0.0 0.0 1.0 1.0
003471,0.6 14 0.2 0.3 0.5 0.8 0.6 14 0.2 0.3 0.5 1.0 0.6 14 0.0 0.2 0.5 1.0 0.8 14 0.0 0.2 0.3 0.8 0.4 14 0.4 0.1 1.0 0.8 0.4 14 0.4 0.1 0.7 0.7 0.4 14 0.5 0.1 0.7 0.7 0.6 14 0.4 0.1 1.0 1.0
003472,0.0 0 0.0 0.0 1.0 1.0
003473,0.4 15 0.2 0.3 0.3 0.3
003474,0.4 6 0.1 0.2 0.2 0.3 0.3 14 0.8 0.3 0.9 0.4 0.4 6 0.2 0.2 0.3 0.3
003475,0.4 14 0.4 0.4 0.5 0.5 0.5 14 0.5 0.4 0.6 0.7 0.6 14 0.0 0.5 0.1 0.7 0.7 6 0.1 0.1 0.9 0.7 0.6 14 0.4 0.4 0.6 0.7 0.4 14 0.5 0.4 0.6 0.6
003476,0.4 14 0.6 0.2 0.6 0.4 0.6 14 0.7 0.4 0.8 0.6 0.4 14 0.7 0.4 0.8 0.6 0.3 14 0.6 0.2 0.6 0.5 0.8 6 0.0 0.9 0.5 1.0 0.4 6 0.1 0.9 0.3 1.0 0.4 6 0.1 0.9 0.3 1.0 0.9 6 0.7 0.9 0.9 1.0 0.4 14 0.7 0.4 0.8 0.5
003478,0.0 0 0.0 0.0 1.0 1.0
003479,0.7 14 0.8 0.0 1.0 1.0
003480,0.0 0 0.0 0.0 1.0 1.0
003481,0.6 6 0.5 0.5 0.6 0.6 0.5 6 0.2 0.9 0.4 1.0 0.4 6 0.6 0.7 0.7 0.7 0.8 6 0.8 0.6 0.8 0.6 0.7 6 0.6 0.6 0.7 0.7 0.9 6 0.4 0.8 0.5 0.9 0.3 6 0.2 0.9 0.5 1.0 0.8 6 0.5 0.7 0.6 0.7 0.8 6 0.5 0.7 0.6 0.8
003482,0.5 14 0.3 0.1 0.7 0.9 0.5 4 0.4 0.6 0.5 0.7 0.5 14 0.3 0.1 0.6 0.9 0.9 14 0.0 0.1 0.1 0.6 0.8 14 0.3 0.0 0.7 0.9 0.3 14 0.4 0.1 0.7 0.9 0.4 14 0.4 0.3 0.7 0.9 0.4 1 0.3 0.5 0.7 1.0
003483,0.4 14 0.9 0.5 0.9 0.6 0.9 14 0.0 0.5 0.0 0.7 1.0 14 0.1 0.5 0.2 0.7 0.5 14 0.2 0.3 0.7 1.0 0.3 14 0.4 0.4 0.6 1.0 0.9 14 0.4 0.3 0.7 1.0
003485,0.4 14 0.4 0.3 0.6 0.5 0.4 14 0.2 0.3 0.8 0.9 0.4 15 0.6 0.7 0.8 1.0 0.3 14 0.3 0.3 0.6 0.9 0.3 14 0.1 0.4 0.3 0.9 0.3 14 0.3 0.2 0.6 0.9 0.8 14 0.1 0.3 0.5 0.9 0.9 14 0.2 0.3 0.2 0.4 0.3 14 0.2 0.3 0.8 1.0 0.7 14 0.3 0.3 0.5 0.9 0.7 14 0.4 0.3 0.8 0.9 0.3 15 0.7 0.8 0.8 0.9
003486,0.6 14 0.4 0.2 0.5 0.2 0.5 6 0.0 0.3 0.2 0.5 0.9 14 0.6 0.2 0.6 0.2 0.8 6 0.1 0.2 0.4 0.4 0.6 14 0.4 0.2 0.4 0.3 1.0 14 0.0 0.2 0.1 0.4 0.6 14 0.3 0.2 0.3 0.2 0.8 14 0.3 0.2 0.3 0.3 0.9 14 0.5 0.2 0.6 0.2 0.9 14 0.4 0.2 0.5 0.3 0.8 14 0.2 0.2 0.3 0.2 0.7 6 0.0 0.2 0.7 1.0 0.4 14 0.3 0.2 0.3 0.2 0.9 14 0.3 0.2 0.4 0.3 0.7 14 0.2 0.2 0.3 0.2 0.3 14 0.6 0.2 0.6 0.2
003488,0.5 15 0.5 0.2 0.5 0.3 0.8 15 0.3 0.3 0.4 0.4 0.4 15 0.1 0.5 0.2 0.6 0.5 15 0.0 0.6 0.0 0.7 0.6 15 0.6 0.2 0.7 0.3 0.7 15 0.2 0.4 0.3 0.5 0.4 15 0.6 0.2 0.7 0.3 0.3 15 0.2 0.4 0.3 0.5 0.8 15 0.1 0.5 0.2 0.6 0.4 15 0.5 0.3 0.5 0.3 0.6 15 0.5 0.3 0.5 0.3 0.4 15 0.1 0.5 0.2 0.6 0.8 15 0.3 0.3 0.4 0.4 0.5 15 0.6 0.2 0.7 0.3
003490,0.4 14 0.1 0.2 0.5 0.7 0.9 14 0.4 0.1 0.6 0.3 0.4 14 0.1 0.2 0.5 1.0 0.3 14 0.1 0.2 0.5 1.0 0.7 14 0.5 0.5 0.7 0.7
003494,0.7 14 0.7 0.4 0.9 0.7 0.9 14 0.1 0.4 0.2 0.7 0.7 14 0.7 0.4 0.9 0.7
003495,0.0 0 0.0 0.0 1.0 1.0
003498,0.0 0 0.0 0.0 1.0 1.0
003501,0.4 6 0.2 0.0 0.6 0.2 0.6 14 0.3 0.1 0.6 0.6 1.0 14 0.1 0.1 0.3 0.6 0.5 6 0.2 0.2 0.7 0.6 0.5 14 0.3 0.1 0.6 0.6 0.9 14 0.5 0.1 0.6 0.6
003502,0.3 8 0.2 0.3 0.4 0.6 0.3 8 0.6 0.3 0.8 0.6 0.3 8 0.2 0.3 0.4 0.7 0.4 8 0.0 0.3 0.2 0.6
003503,0.5 6 0.8 0.5 0.9 0.6 0.8 6 0.1 0.6 0.2 0.8 0.8 6 0.0 0.5 0.1 0.6 1.0 14 0.0 0.5 0.1 0.8 0.4 6 0.2 0.2 0.7 0.8 0.9 14 0.0 0.6 0.1 1.0 0.8 6 0.9 0.6 1.0 0.7
003504,0.7 14 0.0 0.1 0.5 1.0
003505,0.4 13 0.3 0.4 0.6 0.9 1.0 14 0.4 0.2 0.5 0.8
003507,0.8 14 0.4 0.4 0.5 0.4 0.3 8 0.0 0.8 0.2 1.0 0.9 14 0.1 0.6 0.2 0.7 0.4 19 0.6 0.4 0.8 0.7
003512,0.8 6 0.3 0.3 0.8 0.6 0.9 14 0.5 0.3 0.6 0.4
003513,0.4 6 0.3 0.6 0.4 0.7 0.4 6 0.3 0.6 0.4 0.7 0.5 6 0.3 0.6 0.4 0.7
003514,0.0 0 0.0 0.0 1.0 1.0
003515,0.4 14 0.5 0.2 0.6 0.4 0.8 14 0.8 0.2 0.9 0.3 0.3 6 0.7 0.3 0.9 0.6 0.4 6 0.7 0.3 0.9 0.6 0.7 14 0.8 0.2 0.9 0.4 0.5 14 0.8 0.2 0.9 0.4 0.9 14 0.1 0.2 0.2 0.4 0.4 6 0.1 0.2 0.7 0.9 0.5 14 0.8 0.2 0.8 0.3 0.9 14 0.0 0.2 0.1 0.5 0.9 14 0.2 0.2 0.2 0.4 0.9 14 0.1 0.2 0.2 0.8 0.4 14 0.1 0.2 0.1 0.5 0.9 14 0.6 0.2 0.7 0.3 0.7 14 0.0 0.2 0.1 0.6 0.7 6 0.0 0.2 0.7 0.9 0.6 14 0.1 0.2 0.2 0.6 0.6 14 0.1 0.2 0.2 0.4 0.4 14 0.1 0.2 0.2 0.4
003517,0.6 6 0.6 0.3 0.8 0.4 0.3 14 0.2 0.0 0.4 0.5 0.5 14 0.8 0.2 0.8 0.3 0.4 14 0.5 0.1 0.6 0.5 0.4 6 0.6 0.2 0.7 0.4 0.3 14 0.5 0.1 0.6 0.6 0.4 14 0.2 0.0 0.5 0.7 0.3 6 0.0 0.2 0.2 0.4 0.7 6 0.7 0.3 0.8 0.4 0.8 6 0.1 0.2 0.2 0.4 0.5 6 0.0 0.3 0.2 0.4 1.0 14 0.5 0.1 0.7 0.6
003520,0.4 14 0.3 0.6 0.4 0.8 0.7 14 0.5 0.1 0.6 0.3 0.9 14 0.2 0.1 0.4 0.4 0.3 14 0.2 0.1 0.4 0.6 0.5 14 0.2 0.3 0.3 0.4
003523,0.7 6 0.3 0.2 0.6 0.5
003526,0.0 0 0.0 0.0 1.0 1.0
003527,0.6 6 0.4 0.5 0.5 0.5 0.4 14 0.2 0.3 0.2 0.4 0.4 6 0.2 0.5 0.3 0.5 1.0 14 0.1 0.5 0.2 0.6 0.9 14 0.1 0.5 0.2 0.7 0.4 14 0.2 0.3 0.2 0.4 0.8 6 0.2 0.5 0.3 0.5 0.8 6 0.3 0.5 0.6 0.8
003531,0.7 14 0.1 0.2 0.4 0.8 0.8 14 0.1 0.2 0.4 0.9
003532,0.0 0 0.0 0.0 1.0 1.0
003533,0.0 0 0.0 0.0 1.0 1.0
003534,0.3 14 0.5 0.0 0.7 0.3 0.8 14 0.3 0.0 0.6 0.4 0.4 1 0.3 0.3 0.8 0.8 0.6 14 0.0 0.0 0.2 0.4 0.6 14 0.6 0.1 0.9 0.6 0.3 14 0.6 0.1 1.0 0.6 0.3 14 0.3 0.0 0.9 0.5 0.4 1 0.0 0.2 0.3 0.6 0.3 14 0.3 0.0 0.8 0.6 0.4 14 0.6 0.1 1.0 0.7 0.7 14 0.5 0.1 1.0 0.6 0.5 14 0.6 0.1 1.0 0.7 0.4 14 0.5 0.1 1.0 0.7 0.7 14 0.5 0.0 0.9 0.5
003535,0.0 0 0.0 0.0 1.0 1.0
003538,0.9 14 0.3 0.0 0.6 0.7
003540,0.6 14 0.0 0.1 0.5 0.7 0.7 14 0.0 0.1 0.5 1.0 0.3 14 0.0 0.1 0.5 0.7
003541,0.8 14 0.3 0.0 0.6 1.0 0.7 14 0.1 0.2 0.3 0.7 0.3 14 0.1 0.2 0.3 1.0 0.9 14 0.1 0.2 0.4 1.0 0.9 14 0.1 0.0 0.6 1.0 0.4 14 0.0 0.2 0.3 0.7
003542,0.5 1 0.1 0.4 0.4 0.6 0.4 1 0.3 0.4 0.4 0.6 0.3 1 0.1 0.4 0.5 0.6 0.8 14 0.2 0.4 0.3 0.5 0.4 1 0.2 0.4 0.4 0.6 0.5 14 0.3 0.4 0.4 0.5 0.5 14 0.2 0.4 0.3 0.5 0.5 1 0.3 0.4 0.4 0.6 0.6 1 0.1 0.4 0.5 0.7 0.6 1 0.4 0.4 0.5 0.6 0.9 14 0.3 0.4 0.4 0.5 0.5 1 0.1 0.4 0.3 0.6 0.8 14 0.1 0.4 0.3 0.6 0.5 1 0.1 0.4 0.3 0.6 0.9 14 0.1 0.4 0.2 0.6 0.6 14 0.2 0.4 0.3 0.5 0.7 1 0.3 0.4 0.5 0.6 0.9 14 0.4 0.4 0.5 0.5 0.4 1 0.2 0.4 0.5 0.6
003543,0.4 14 0.1 0.0 0.2 0.3 0.3 6 0.6 0.3 0.7 0.4 0.3 6 0.3 0.5 0.4 0.6 0.8 14 0.1 0.1 0.2 0.5 0.6 6 0.3 0.5 0.4 0.6 0.9 14 0.0 0.1 0.1 0.3 0.8 14 0.2 0.1 0.2 0.2 0.7 14 0.1 0.1 0.2 0.3 0.6 14 0.1 0.1 0.2 0.3 0.4 6 0.4 0.5 0.5 0.6
003544,0.6 6 0.2 0.5 0.3 0.6 0.3 8 0.6 0.4 0.9 0.8 0.5 6 0.2 0.5 0.4 0.6 0.5 15 0.2 0.5 0.3 0.6 0.3 6 0.3 0.6 0.4 0.7 0.3 14 0.0 0.4 0.1 0.4 0.6 15 0.5 0.4 0.6 0.6 0.4 19 0.3 0.3 0.5 0.6
003545,0.4 6 0.2 0.0 0.8 0.7
003547,0.0 0 0.0 0.0 1.0 1.0
003552,0.8 6 0.1 0.3 0.9 0.8
003553,0.5 6 0.0 0.5 0.1 0.6 0.8 6 0.0 0.5 0.2 0.7 0.8 6 0.0 0.3 0.9 0.9 0.4 6 0.0 0.5 0.0 0.6 0.4 6 0.0 0.5 0.1 0.5
003557,0.9 14 0.4 0.3 0.5 0.7
003558,0.7 14 0.6 0.7 0.7 0.9 0.9 14 0.6 0.7 0.7 1.0 0.4 14 0.4 0.7 0.8 1.0
003559,0.9 6 0.0 0.5 0.7 0.9
003560,0.9 14 0.0 0.2 0.5 1.0
003561,0.0 0 0.0 0.0 1.0 1.0
003562,0.9 14 0.1 0.1 0.4 0.7 0.6 14 0.1 0.1 0.4 1.0
003563,0.5 14 0.3 0.3 0.4 0.3 0.6 14 0.3 0.3 0.3 0.3
003568,0.0 0 0.0 0.0 1.0 1.0
003569,0.8 6 0.6 0.3 0.7 0.3 0.8 6 0.6 0.3 0.7 0.3
003570,0.8 6 0.1 0.2 0.9 0.6
003571,0.0 0 0.0 0.0 1.0 1.0
003572,0.5 14 -0.0 0.1 0.7 0.9
003573,0.6 14 0.7 0.2 0.8 0.3 0.8 14 0.7 0.3 0.7 0.6 0.4 14 0.5 0.2 0.7 0.4 0.9 14 0.2 0.2 0.4 0.7 0.8 14 0.7 0.2 0.8 0.6 0.7 14 0.1 0.2 0.4 0.7 0.9 14 0.1 0.2 0.3 0.7 0.4 14 0.7 0.2 0.8 0.7 0.7 14 0.2 0.2 0.4 0.7 0.4 14 0.5 0.2 0.7 0.7 0.9 14 0.5 0.2 0.7 0.7 0.9 14 0.7 0.2 0.8 0.7 0.8 14 0.7 0.3 0.7 0.4 0.8 14 0.7 0.3 0.7 0.4
003574,0.4 0 0.0 0.1 0.9 0.5
003578,0.4 6 0.4 0.3 0.5 0.3 0.5 6 0.0 0.3 0.0 0.4 0.3 1 0.1 0.5 0.6 0.7 0.3 6 0.0 0.3 0.1 0.3 0.3 6 0.2 0.2 0.4 0.4 0.6 6 0.0 0.2 0.4 0.5 0.7 6 0.0 0.3 0.1 0.3
003579,0.5 14 0.1 0.2 0.4 0.7 0.3 14 0.2 0.5 0.4 0.9 0.3 14 0.1 0.2 0.4 0.7 0.4 14 0.2 0.2 0.4 0.8 0.5 14 0.2 0.2 0.4 0.7 0.3 14 0.2 0.2 0.4 0.5 0.8 14 0.1 0.2 0.4 0.9
003581,0.4 14 0.4 0.0 0.5 0.1 0.5 14 0.5 0.3 0.8 0.7 0.7 14 0.5 0.0 0.8 0.5 0.5 14 0.0 0.0 0.3 0.7 0.9 14 0.0 0.0 0.4 0.7 0.4 14 0.0 0.0 0.3 0.7 0.4 14 0.6 0.4 0.8 0.7 0.7 14 0.5 0.0 0.8 0.7 0.7 14 0.5 0.3 0.8 0.7 0.4 14 0.5 0.0 0.7 0.4
003582,0.7 14 0.1 0.1 0.2 0.2
003583,0.7 14 0.3 0.0 0.5 0.4 0.9 14 0.3 0.0 0.6 0.7 1.0 14 0.9 0.4 0.9 0.6
003584,0.8 14 0.3 0.0 0.5 0.4 0.7 14 0.3 0.2 0.5 0.5 0.8 14 0.3 0.2 0.6 0.5 0.5 14 0.2 0.0 0.5 0.5
003590,0.3 14 0.3 0.5 0.5 0.6 0.3 4 0.4 0.4 0.4 0.5 0.4 14 0.1 0.0 0.2 0.3 0.9 14 0.1 0.0 0.2 0.6 0.7 14 0.5 0.3 0.7 0.6 0.7 14 0.5 0.4 0.7 0.6 0.4 14 0.0 0.4 0.5 1.0 0.5 14 0.6 0.3 0.8 0.6 0.7 4 0.3 0.3 0.3 0.5 0.5 14 0.0 0.4 0.4 0.7 0.8 14 0.0 0.4 0.4 1.0 0.3 14 0.1 0.0 0.2 0.4 0.5 14 0.0 0.4 0.3 0.7 0.9 14 0.7 0.3 0.8 0.6 0.4 19 0.4 0.2 0.5 0.4 0.6 14 0.5 0.3 0.7 0.6
003591,0.5 15 0.7 0.3 0.8 0.3 0.7 15 0.7 0.1 0.8 0.3
003592,0.6 14 0.1 0.6 0.2 0.9 0.8 14 0.5 0.3 0.6 0.4 1.0 14 0.0 0.2 0.2 0.9
003595,0.5 14 0.5 0.2 0.6 0.4 0.4 14 0.3 0.1 0.5 0.4 0.6 14 0.6 0.1 0.7 0.3 0.8 14 0.6 0.2 0.7 0.4 0.7 14 0.2 0.4 0.4 0.6 0.4 14 0.4 0.1 0.5 0.3 1.0 14 0.1 0.2 0.3 0.4 0.4 14 0.6 0.2 0.7 0.3 0.3 14 0.7 0.3 0.8 0.4 0.9 14 0.5 0.1 0.7 0.4 0.5 14 0.0 0.1 0.1 0.5 0.7 14 0.6 0.1 0.7 0.4 0.9 14 0.3 0.1 0.5 0.4 0.3 14 0.6 0.2 0.7 0.4 0.9 14 0.4 0.1 0.6 0.4 0.5 14 0.1 0.2 0.2 0.4 1.0 14 0.0 0.1 0.1 0.6 0.5 14 0.1 0.2 0.3 0.6 0.4 14 0.3 0.1 0.4 0.3 0.9 14 0.5 0.1 0.7 0.4 0.3 14 0.6 0.2 0.7 0.3 0.4 14 0.6 0.1 0.7 0.4
003598,0.0 0 0.0 0.0 1.0 1.0
003600,0.4 14 0.3 0.1 0.7 0.7 0.9 14 0.3 0.1 0.6 0.6
003601,0.0 0 0.0 0.0 1.0 1.0
003602,0.4 14 0.3 0.1 0.5 0.6 0.9 14 0.3 0.1 0.5 0.7 0.5 14 0.6 0.1 0.8 0.5 0.5 14 0.5 0.1 0.8 1.0 0.7 14 0.1 0.1 0.3 0.7 0.6 14 0.1 0.1 0.5 0.7 0.4 14 0.6 0.1 0.8 0.6 0.8 14 0.0 0.1 0.3 0.7 0.3 14 0.3 0.1 0.5 0.7 0.8 14 0.0 0.1 0.3 1.0 0.9 14 0.5 0.1 0.8 0.7 0.4 14 0.6 0.1 0.8 0.4
003607,0.5 6 0.0 0.1 0.3 1.0 0.6 6 0.0 0.0 0.7 1.0
003610,0.4 14 0.2 0.1 0.7 1.0 0.4 14 0.2 0.1 0.5 1.0 0.8 14 0.0 0.1 0.5 1.0 0.9 14 0.0 0.1 0.7 1.0
003612,0.8 14 0.2 0.2 0.4 0.8 0.5 14 0.2 0.2 0.5 1.0 0.5 14 0.0 0.2 0.4 1.0 0.4 14 0.2 0.2 0.7 1.0 1.0 14 0.4 0.2 0.7 0.8
003613,1.0 14 0.0 0.4 0.2 0.8 0.3 14 0.4 0.2 0.4 0.4
003615,0.0 0 0.0 0.0 1.0 1.0
003616,1.0 14 0.3 0.1 0.4 0.5
003617,0.5 14 0.5 0.1 0.7 0.5 0.4 14 0.2 0.1 0.3 0.1 0.7 14 0.0 0.1 0.1 0.3 0.7 14 0.5 0.3 0.9 0.7 0.6 14 0.5 0.1 0.7 0.5 0.4 14 0.0 0.1 0.1 0.5 0.5 14 0.0 0.1 0.1 0.7 0.3 8 0.0 0.3 0.3 0.7 0.4 14 0.5 0.2 0.7 0.7 1.0 14 0.1 0.1 0.4 0.8 0.9 14 0.5 0.2 0.9 0.7 0.4 14 0.5 0.2 0.9 0.7 0.3 14 0.5 0.2 0.7 0.6
003619,0.5 14 0.3 0.1 0.6 0.4 0.8 14 0.2 0.2 0.6 0.7 0.4 14 0.3 0.1 0.4 0.4 0.6 14 0.1 0.5 0.4 0.7 0.8 14 0.3 0.1 0.6 0.5 0.8 14 0.1 0.2 0.5 0.7 0.3 14 0.0 0.2 0.6 0.6 0.9 14 0.3 0.1 0.3 0.3 0.3 14 0.2 0.1 0.6 0.7 0.5 14 0.5 0.1 0.6 0.4
003624,0.8 14 0.0 0.3 0.0 0.4
003626,0.4 14 0.4 0.3 0.4 0.3 0.6 14 0.3 0.3 0.3 0.4 0.4 14 0.4 0.3 0.5 0.5
003630,0.9 6 0.4 0.3 0.7 0.4
003631,0.9 14 0.8 0.1 1.0 0.7 0.4 14 0.8 0.3 0.9 0.4 0.9 14 0.8 0.3 1.0 0.7 0.7 14 0.7 0.1 0.8 0.2 0.9 14 0.4 0.2 0.5 0.4 0.8 6 0.1 0.1 0.2 0.2 0.6 6 0.0 0.1 0.1 0.3 0.8 6 0.0 0.1 0.1 0.3 0.9 14 0.3 0.1 0.3 0.2 0.7 6 0.0 0.1 0.3 0.3 0.3 6 0.0 0.2 0.1 0.3 0.9 14 0.4 0.1 0.5 0.2 0.8 14 0.2 0.1 0.2 0.2 0.6 6 0.0 0.1 0.8 0.7 0.7 6 0.0 0.1 1.0 0.7 0.4 14 0.8 0.3 0.9 0.5 0.8 6 0.0 0.2 0.2 0.3 0.4 6 0.1 0.1 0.2 0.2 0.8 14 0.8 0.1 1.0 0.6 0.8 14 0.7 0.1 0.8 0.1
003633,0.9 14 0.5 0.3 0.6 0.4 0.4 14 0.6 0.3 0.6 0.4 0.7 14 0.6 0.3 0.6 0.3
003637,0.4 6 0.4 0.3 0.9 0.5
003641,1.0 14 0.3 0.1 0.4 0.5
003643,0.7 14 0.1 0.1 0.6 0.8 0.6 6 0.0 0.5 0.2 0.6 0.6 15 0.5 0.6 0.6 0.7 0.4 14 0.2 0.1 0.6 0.6 0.4 15 0.1 0.4 0.2 0.5 0.7 14 0.1 0.1 0.6 0.9 0.6 14 0.2 0.1 0.6 0.8 0.3 15 0.5 0.4 0.6 0.5 0.8 15 0.5 0.6 0.6 0.7
003647,0.0 0 0.0 0.0 1.0 1.0
003649,0.4 14 0.0 0.4 0.2 1.0 0.4 14 0.0 0.4 0.3 1.0 0.8 14 0.7 0.4 1.0 1.0 0.9 14 0.7 0.4 0.9 1.0 0.6 14 0.6 0.4 0.8 0.7 0.6 4 0.5 0.6 0.6 0.8 0.9 14 0.3 0.5 0.4 0.8 0.6 4 0.5 0.6 0.5 0.7 0.5 14 0.6 0.4 0.8 0.6 0.3 14 0.3 0.4 0.4 0.8 0.6 14 0.6 0.4 0.8 0.7 0.8 14 0.0 0.3 0.2 1.0 0.8 14 0.3 0.5 0.4 0.7 0.9 14 0.5 0.4 0.6 0.6 0.4 14 0.3 0.4 0.4 0.6 0.9 14 0.1 0.5 0.4 1.0 0.3 15 0.3 0.8 0.4 0.9 0.6 14 0.0 0.4 0.3 1.0 0.6 14 0.3 0.5 0.3 0.6 0.6 14 0.6 0.4 0.8 0.8 0.3 14 0.1 0.5 0.3 0.8 0.6 14 0.3 0.5 0.4 0.6 0.9 14 0.6 0.4 0.8 0.8 0.6 14 0.4 0.4 0.6 0.8 0.6 14 0.8 0.4 0.9 0.7 0.6 14 0.6 0.4 0.7 0.6 0.8 4 0.5 0.6 0.6 0.8 0.3 14 0.6 0.4 1.0 1.0 0.4 14 0.6 0.4 0.7 0.5
003650,0.5 14 0.3 0.2 0.7 0.6 0.9 14 0.4 0.2 0.7 0.6 0.6 14 0.3 0.2 0.7 0.9 0.5 14 0.4 0.2 0.7 0.9
003652,0.0 0 0.0 0.0 1.0 1.0
003653,0.5 14 0.1 0.2 0.9 0.8 0.3 14 0.6 0.2 0.9 0.7
003659,1.0 14 0.3 0.3 0.4 0.6
003661,0.8 6 0.2 0.7 0.7 0.9
003665,0.4 14 0.6 0.3 0.7 0.6 0.4 14 0.4 0.6 0.5 0.9 0.4 14 0.0 0.1 0.3 0.6 0.7 14 0.2 0.4 0.5 1.0 0.6 4 0.8 0.3 0.8 0.4 0.4 14 0.5 0.3 0.7 0.7 0.6 14 0.0 0.1 0.5 1.0 0.3 14 0.1 0.1 0.3 0.6 0.5 14 0.2 0.4 0.5 1.0 0.9 14 0.0 0.1 0.3 1.0 0.5 14 0.5 0.3 0.9 0.9 0.3 14 0.0 0.1 0.3 0.9 0.7 14 0.2 0.4 0.5 0.9 0.8 14 0.5 0.3 0.8 0.8 0.6 14 0.5 0.3 0.9 1.0 0.5 14 0.6 0.3 0.7 0.5
003666,0.7 6 0.0 0.1 0.8 0.8
003668,0.4 15 0.3 0.4 0.5 0.6 0.3 10 0.1 0.5 0.8 1.0
003670,0.9 14 0.3 0.2 0.5 0.7 0.4 13 0.1 0.3 0.7 0.8
003672,0.6 14 0.0 0.5 0.7 1.0 0.3 14 0.0 0.3 0.7 1.0 0.4 14 0.0 0.3 0.9 1.0
003676,0.6 8 0.1 0.5 0.3 0.8 0.5 15 0.3 0.5 0.3 0.7 0.3 8 0.1 0.5 0.2 0.7 0.3 15 0.3 0.6 0.3 0.7 0.5 15 0.2 0.6 0.3 0.7 0.3 8 0.1 0.5 0.3 0.8 0.3 15 0.0 0.4 0.0 0.5 0.4 15 0.2 0.4 0.3 0.5 0.8 15 0.2 0.4 0.3 0.5 0.7 8 0.1 0.5 0.3 0.8 0.3 15 0.2 0.4 0.3 0.5 0.4 15 0.2 0.4 0.3 0.5 0.7 15 0.2 0.3 0.3 0.7 0.5 8 0.3 0.5 0.5 0.8
003677,0.5 6 0.0 0.1 0.7 1.0 1.0 14 0.3 0.1 0.5 0.5 0.7 6 0.0 0.1 0.7 1.0 0.9 14 0.4 0.3 0.6 0.8
003680,0.8 14 0.6 0.8 0.9 1.0 0.9 14 0.0 0.6 0.1 1.0 0.4 14 0.1 0.0 0.2 0.4 0.5 14 0.1 0.0 0.2 0.2 0.9 14 0.7 0.0 0.8 0.3 0.6 14 0.6 0.8 0.8 1.0 0.9 14 0.4 0.8 0.5 1.0 0.7 14 0.3 0.0 0.4 0.2 0.9 14 0.2 -0.0 0.2 0.4 0.9 14 0.6 0.8 0.7 1.0 0.7 14 0.3 0.9 0.4 1.0 0.9 14 0.2 0.0 0.3 0.4 0.9 14 0.5 0.0 0.6 0.3 0.4 14 0.2 0.0 0.3 0.4 0.9 14 0.0 0.0 0.1 0.4 0.8 14 0.2 0.0 0.3 0.1 0.5 14 0.1 0.4 0.7 1.0 0.7 14 0.5 0.3 0.7 0.9 0.5 14 0.6 0.8 0.7 0.9 0.9 14 0.6 0.0 0.7 0.4
003682,0.4 14 0.7 0.4 0.8 0.7
003683,0.3 6 0.1 0.1 0.8 0.8 0.7 6 0.0 0.0 0.8 0.8
003686,0.0 0 0.0 0.0 1.0 1.0
003687,0.9 14 0.6 0.6 0.7 0.7
003689,0.5 6 0.0 0.4 0.1 0.5 0.3 6 0.3 0.4 0.5 0.6 0.3 6 0.6 0.3 0.6 0.4 0.7 6 0.6 0.3 0.6 0.4
003692,0.3 6 0.4 0.5 0.5 0.6 0.7 6 0.8 0.5 0.9 0.6 0.7 6 0.9 0.5 0.9 0.6 0.4 6 0.8 0.5 0.9 0.6 0.9 6 0.6 0.5 0.7 0.6 0.9 6 0.3 0.5 0.4 0.6 0.9 6 0.3 0.5 0.5 0.6 0.4 6 0.1 0.5 0.2 0.6 0.8 6 0.0 0.6 0.1 0.6 0.3 6 0.6 0.5 0.7 0.6 0.4 14 0.0 0.6 0.0 0.6 0.6 14 0.2 0.5 0.3 0.6 0.9 6 0.1 0.5 0.2 0.6 0.8 6 0.1 0.5 0.1 0.6 0.4 6 0.7 0.5 0.9 0.6 0.9 6 0.9 0.5 1.0 0.6 0.7 6 0.4 0.5 0.5 0.6 0.8 6 0.6 0.5 0.7 0.6 0.4 6 0.6 0.5 0.7 0.6
003693,0.0 0 0.0 0.0 1.0 1.0
003697,0.0 0 0.0 0.0 1.0 1.0
003701,0.4 6 0.1 0.6 0.2 0.7 0.9 14 0.4 0.2 0.4 0.3 0.9 14 0.8 0.5 0.8 0.8 0.8 14 0.5 0.3 0.5 0.4 0.4 14 0.4 0.2 0.4 0.3 0.8 14 0.5 0.3 0.5 0.3 0.9 6 0.1 0.6 0.3 0.7 0.7 14 0.4 0.2 0.4 0.4 0.9 14 0.3 0.2 0.3 0.3 0.3 6 0.3 0.3 0.5 0.4
003702,0.5 14 0.6 0.1 0.7 0.1 0.9 14 0.6 0.1 0.7 0.2
003707,0.4 14 0.4 0.0 0.6 0.3 0.4 14 0.6 0.1 0.8 0.3 0.8 14 0.0 0.1 0.4 0.7 0.3 14 0.4 0.0 0.6 0.4 0.4 14 0.6 0.0 0.9 0.3 0.3 14 0.4 0.0 0.8 0.7 0.4 14 0.0 0.0 0.5 1.0 0.6 14 0.0 0.1 0.4 1.0 0.3 14 0.0 0.0 0.8 1.0 0.7 14 0.6 0.0 0.9 0.7 0.3 14 0.0 0.1 0.4 0.7
003710,0.0 0 0.0 0.0 1.0 1.0
003712,0.7 14 0.2 0.2 0.6 0.6
003715,0.5 6 0.1 0.1 0.8 0.7
003716,0.6 15 0.3 0.6 0.3 0.7 0.6 15 0.3 0.4 0.3 0.5 0.6 15 0.3 0.2 0.3 0.3
003718,0.6 6 0.0 0.0 1.0 0.7
003719,0.5 6 0.0 0.0 0.9 0.8
003720,0.3 12 0.3 0.4 0.6 1.0 0.4 14 0.7 0.3 0.9 0.7 0.3 14 0.1 0.2 0.4 0.9 0.8 14 0.6 0.4 0.7 0.5 0.8 14 0.3 0.2 0.4 0.7 0.8 14 0.7 0.3 0.9 0.6 0.8 14 0.3 0.2 0.4 0.6 0.7 14 0.7 0.3 0.9 0.9 0.8 14 0.5 0.4 0.7 0.9 0.4 14 0.7 0.3 0.9 0.8 0.5 14 0.7 0.3 1.0 0.9
003723,0.5 14 0.9 0.5 0.9 0.7 0.5 6 0.8 0.6 1.0 0.8 0.6 14 0.9 0.5 0.9 0.8 0.9 14 0.8 0.5 0.8 0.7 0.8 14 0.8 0.5 0.8 0.7 0.9 14 0.9 0.5 0.9 0.8
003724,0.6 14 0.0 0.5 0.2 0.8 0.6 14 0.0 0.3 0.2 0.8
003725,0.7 4 0.4 0.2 0.4 0.5 0.8 14 0.0 0.0 0.3 0.5 0.4 4 0.4 0.2 0.4 0.5 0.8 14 0.2 0.0 0.4 0.5 0.6 15 0.7 0.4 0.8 0.6 0.7 4 0.4 0.2 0.5 0.5 0.5 14 0.2 0.0 0.4 0.4 0.7 14 0.0 0.0 0.4 0.5 0.6 14 0.0 0.0 0.3 0.7 1.0 14 0.6 0.1 0.7 0.5
003726,0.4 1 0.3 0.2 0.9 0.8 0.5 1 0.0 0.2 0.3 0.8
003728,0.6 14 0.0 0.4 0.5 1.0 0.3 14 0.0 0.4 0.4 0.8
003730,0.6 14 0.7 0.3 0.8 0.5 0.3 13 0.3 0.2 0.8 1.0 0.3 13 0.3 0.3 0.8 1.0
003731,0.4 14 0.8 0.3 0.9 0.5 0.7 14 0.7 0.1 0.9 1.0 0.5 14 0.5 0.1 0.9 1.0 0.8 14 0.1 0.2 0.5 1.0 0.4 14 0.5 0.2 0.7 0.9 0.9 14 0.0 0.1 0.5 1.0 0.4 14 0.5 0.0 0.9 0.9 0.7 14 0.5 0.1 0.9 1.0 0.3 14 0.5 0.0 0.9 1.0 0.3 14 0.5 0.2 0.9 0.9 0.8 14 0.5 0.0 1.0 1.0
003733,0.9 6 0.9 0.3 1.0 0.4 0.5 14 1.0 0.2 1.0 0.3 0.7 6 0.1 0.2 0.4 0.5 0.6 6 0.4 0.2 0.9 0.5 0.7 6 0.4 0.2 0.9 0.5
003734,0.9 14 0.3 0.2 0.5 0.5 0.4 14 0.4 0.3 0.6 0.5 0.5 14 0.3 0.2 0.5 0.4 0.6 14 0.2 0.2 0.5 0.8 0.9 14 0.6 0.3 0.6 0.4
003736,0.7 14 0.2 0.1 0.8 0.7 0.3 4 0.3 0.4 0.4 0.5 0.5 14 0.2 0.1 0.7 0.7 0.5 14 0.3 0.1 0.7 0.7 0.5 14 0.2 0.1 0.8 1.0 0.3 4 0.3 0.4 0.4 0.5 0.6 14 0.2 0.1 1.0 0.7
003737,0.4 14 0.0 0.3 0.4 1.0 0.5 14 0.2 0.0 0.7 0.9 0.4 14 0.0 0.3 0.4 0.9 0.4 14 0.0 0.0 0.5 0.9 0.6 14 0.2 0.0 0.3 0.4 0.7 14 0.5 0.0 0.7 0.2 0.5 14 0.0 0.3 0.7 1.0 0.4 14 0.2 0.0 0.5 0.9 0.5 14 0.2 0.0 0.5 0.4 0.5 14 0.0 0.4 0.3 0.9 0.9 14 0.1 0.0 0.3 0.2 0.4 14 0.0 0.0 0.5 1.0 0.5 14 0.1 0.0 0.3 0.3 0.6 14 0.0 0.4 0.3 1.0 0.5 14 0.0 0.0 0.7 1.0 0.4 14 0.2 0.0 0.5 0.9 0.3 14 0.6 0.0 0.7 0.2
003738,0.4 6 0.9 0.4 1.0 0.5
003739,0.3 14 0.5 0.0 0.8 0.5 0.3 14 0.0 0.1 0.3 0.7 0.7 14 0.0 0.1 0.5 0.7 0.4 14 0.5 0.0 0.8 0.5 0.4 14 0.5 0.0 0.9 0.6 0.8 14 0.0 0.1 0.5 1.0 0.6 14 0.0 0.2 0.2 1.0 0.7 14 0.0 0.2 0.2 0.7 0.7 14 0.5 0.0 0.9 0.5 0.3 14 0.5 0.0 0.9 1.0 0.5 14 0.5 0.0 1.0 1.0
003741,0.0 0 0.0 0.0 1.0 1.0
003742,0.4 14 0.1 0.1 0.6 1.0 0.4 14 0.0 0.1 0.5 0.8 0.3 14 0.0 0.1 0.4 0.6 0.3 14 0.1 0.4 0.6 1.0 0.3 14 0.2 0.1 0.5 0.6 0.8 14 0.3 0.1 0.5 0.6 0.5 14 0.0 0.1 0.5 1.0 0.5 14 0.0 0.1 0.5 0.6 0.3 14 0.0 0.1 0.7 1.0
003744,0.3 14 0.7 0.3 0.8 0.4
003745,0.6 14 0.1 0.1 0.3 0.5 0.9 14 0.1 0.1 0.4 0.9 0.7 14 0.0 0.1 0.3 0.9
003746,0.4 1 0.6 0.5 1.0 0.8 0.7 14 0.8 0.1 1.0 0.8 0.8 14 0.7 0.2 1.0 0.8 0.3 1 0.6 0.4 0.9 0.8 0.4 1 0.1 0.4 0.5 0.7 0.4 14 0.8 0.1 1.0 0.8 0.4 14 0.8 0.2 1.0 0.8 0.6 14 0.2 0.3 0.3 0.4 0.6 1 0.1 0.4 0.5 0.7 1.0 14 0.2 0.2 0.4 0.6 0.4 1 0.6 0.5 0.8 0.8 0.3 14 0.2 0.3 0.3 0.4 0.6 14 0.7 0.2 1.0 0.6 0.7 14 0.3 0.2 0.4 0.6 0.4 1 0.6 0.4 1.0 0.8
003747,0.9 14 0.4 0.8 0.5 0.8 0.8 14 0.1 0.0 0.5 0.6 0.4 14 0.4 0.8 0.4 0.8 0.4 14 0.4 0.8 0.5 0.9 0.5 14 0.1 0.0 0.5 1.0 0.3 14 0.4 0.8 0.5 0.9
003755,0.4 8 0.7 0.6 0.9 0.8 0.4 8 0.7 0.5 1.0 0.8 0.4 8 0.7 0.5 0.9 0.8 0.3 8 0.3 0.6 0.6 0.8 0.8 14 0.9 0.2 0.9 0.3 0.5 8 0.3 0.6 0.6 0.8 0.4 15 0.0 0.4 0.2 0.6 0.5 15 0.0 0.3 0.2 0.6 0.4 8 0.4 0.5 0.6 0.7
003756,0.4 15 0.1 0.5 0.5 0.8
003757,0.3 19 0.1 0.2 0.4 0.5 0.3 19 0.1 0.2 0.4 0.5
003761,0.3 8 0.3 0.4 0.6 0.8 0.3 8 0.8 0.4 1.0 0.8 0.8 15 0.6 0.3 0.7 0.5 0.4 8 0.1 0.4 0.6 0.8 0.4 8 0.4 0.5 0.6 0.8 0.6 14 0.5 0.3 0.6 0.4 0.5 8 0.1 0.4 0.4 0.8 0.4 8 0.3 0.4 0.6 0.8 0.5 8 0.4 0.5 0.6 0.8 0.5 15 0.6 0.3 0.7 0.5
003762,0.8 14 0.0 0.5 0.1 0.5
003764,0.4 14 0.4 0.0 0.6 0.5 0.9 14 0.3 0.1 0.6 0.5 0.8 14 0.0 0.1 0.6 1.0
003765,0.4 14 0.4 0.3 0.5 0.4 0.9 14 0.4 0.4 0.5 0.8 0.4 14 0.5 0.3 0.5 0.4 0.4 14 0.4 0.3 0.5 0.4 0.8 14 0.1 0.4 0.2 0.5 0.4 14 0.4 0.1 0.5 0.4 0.6 14 0.1 0.4 0.2 0.5 0.8 14 0.1 0.5 0.2 0.7 0.8 14 0.4 0.3 0.5 0.5 0.9 14 0.1 0.4 0.2 0.7 0.6 14 0.4 0.3 0.4 0.3 0.9 14 0.4 0.1 0.5 0.4 0.4 14 0.4 0.3 0.5 0.8 0.4 14 0.5 0.3 0.5 0.4 0.3 14 0.1 0.4 0.2 0.5
003766,0.3 1 0.0 0.1 0.7 0.6 0.5 4 0.8 0.4 0.8 0.6
003768,0.5 1 0.1 0.1 0.5 0.6 0.9 14 0.2 0.0 0.5 0.6 0.4 14 0.3 0.0 0.5 0.6 0.3 1 0.2 0.3 0.5 0.6
003769,0.8 14 0.5 0.2 0.5 0.2 0.3 14 0.4 0.2 0.4 0.2 0.5 6 0.2 0.2 0.3 0.3 0.3 6 0.0 0.2 0.1 0.4 0.6 14 0.4 0.2 0.4 0.2 1.0 14 0.1 0.2 0.2 0.3 0.7 14 0.3 0.2 0.4 0.3 0.7 6 0.0 0.3 0.6 0.7 0.8 6 0.0 0.2 0.1 0.3 0.4 6 0.0 0.2 0.0 0.4 0.9 14 0.6 0.2 0.6 0.3 0.3 6 0.2 0.2 0.4 0.3 0.5 6 0.0 0.2 0.6 0.7 0.8 14 0.6 0.2 0.6 0.5 0.7 14 0.3 0.2 0.4 0.2 0.6 6 0.6 0.3 0.6 0.4
003770,0.5 14 0.1 0.3 0.5 0.7 0.7 14 0.4 0.5 0.5 0.5 0.4 14 0.0 0.3 0.5 0.7
003771,0.4 14 0.5 0.3 0.6 0.5 0.4 14 0.6 0.3 0.7 0.4 0.8 14 0.3 0.2 0.5 0.5 0.6 14 0.3 0.4 0.6 0.7 0.3 14 0.4 0.4 0.6 0.6 0.8 14 0.0 0.1 0.3 0.5 0.4 14 0.8 0.2 0.8 0.4 0.7 14 0.8 0.5 0.8 0.7 0.3 14 0.8 0.2 0.9 0.7 0.9 14 0.0 0.1 0.3 0.7 0.4 14 0.8 0.2 0.9 0.5 0.5 14 0.8 0.2 0.9 0.5 0.9 14 0.5 0.3 0.7 0.5 0.6 14 0.2 0.2 0.5 0.6 0.7 14 0.8 0.5 0.8 0.5 0.8 14 0.0 0.4 0.1 0.7 0.4 14 0.8 0.2 0.9 0.6 0.5 14 0.4 0.4 0.6 0.6 0.8 14 0.3 0.2 0.5 0.6 0.5 14 0.7 0.5 0.8 0.6 0.7 14 0.3 0.2 0.5 0.6 0.4 14 0.3 0.4 0.6 0.6 0.4 14 0.3 0.3 0.6 0.6 0.5 14 0.8 0.2 0.8 0.7 0.5 14 0.5 0.3 0.7 0.5 0.4 14 0.6 0.3 0.7 0.5
003775,0.5 14 0.1 0.0 0.9 1.0
003776,0.0 0 0.0 0.0 1.0 1.0
003777,0.3 6 0.5 0.6 0.7 0.7
003778,0.5 15 0.5 0.4 0.6 0.5 0.6 15 0.6 0.3 0.7 0.6 0.4 15 0.6 0.4 0.7 0.6 0.5 15 0.5 0.4 0.6 0.5 0.4 14 0.0 0.0 0.2 0.7 0.4 14 0.0 0.1 0.6 0.9 0.3 15 0.5 0.3 0.7 0.6
003782,0.0 0 0.0 0.0 1.0 1.0
003785,0.0 0 0.0 0.0 1.0 1.0
003787,0.3 15 0.0 0.0 0.4 0.9
003789,1.0 14 0.3 0.7 0.5 1.0
003794,0.7 14 0.3 0.0 0.4 0.2
003795,0.7 14 0.4 0.0 0.5 0.3 0.4 14 0.1 0.1 0.4 0.5 0.3 14 0.6 0.0 0.8 0.5 0.7 14 0.1 0.1 0.4 0.7 0.3 1 0.1 0.3 0.6 0.7 0.8 14 0.1 0.1 0.4 0.6 0.4 14 0.4 0.0 0.6 0.4 0.9 14 0.6 0.1 0.8 0.4 0.8 14 0.4 0.0 0.6 0.5 0.5 14 0.1 0.1 0.4 0.4 0.4 14 0.1 0.1 0.4 0.4 0.5 14 0.6 0.1 0.8 0.7 0.8 14 0.6 0.1 0.8 0.5 0.5 14 0.6 0.1 0.8 0.4
003799,0.6 14 0.0 0.3 0.3 0.9
003800,0.6 14 0.2 0.0 0.3 0.2
003801,0.0 0 0.0 0.0 1.0 1.0
003802,0.6 4 0.4 0.1 0.5 0.2
003804,0.6 14 0.0 0.0 0.6 1.0
003805,0.0 0 0.0 0.0 1.0 1.0
003810,0.6 14 0.6 0.3 0.7 0.6 0.4 6 0.2 0.5 0.4 0.7 0.4 6 0.2 0.5 0.4 1.0 0.8 6 0.0 0.4 0.2 0.7 0.7 14 0.5 0.3 0.7 0.6 0.6 14 0.5 0.3 0.7 0.7 0.6 14 0.6 0.3 0.7 0.5
003812,0.4 14 0.2 0.2 0.8 1.0 0.5 14 0.2 0.2 0.7 1.0 0.8 14 0.1 0.2 0.8 1.0
003813,0.3 14 0.1 0.2 0.4 0.7 0.3 14 0.6 0.1 1.0 1.0 0.7 14 0.1 0.2 0.5 1.0 0.6 14 0.1 0.5 0.5 1.0 0.3 14 0.1 0.2 0.6 1.0 0.4 14 0.1 0.6 0.3 1.0 0.5 14 0.1 0.5 0.5 1.0 0.8 14 0.6 0.0 1.0 1.0
003815,0.8 14 0.6 0.4 0.7 0.6 0.9 14 0.5 0.0 0.6 0.3 0.8 14 0.6 0.4 0.6 0.4 0.8 6 0.4 0.3 0.9 0.6 0.3 6 0.4 0.3 0.9 0.6
003816,0.4 14 0.5 0.3 0.8 0.7 0.8 14 0.5 0.2 0.8 0.7
003819,0.5 14 0.1 0.1 0.6 1.0 0.9 14 0.0 -0.0 0.3 0.6 0.5 14 0.1 0.1 0.7 1.0
003822,0.0 0 0.0 0.0 1.0 1.0
003823,0.0 0 0.0 0.0 1.0 1.0
003825,0.7 14 0.5 0.1 0.8 0.6 0.9 14 0.1 0.0 0.4 0.5 0.7 14 0.4 0.1 0.9 0.6 0.9 14 0.4 0.1 0.8 0.6
003829,0.9 14 0.8 0.4 0.8 0.5 1.0 14 0.9 0.4 0.9 0.6 0.4 6 0.0 0.1 0.8 0.7 0.7 14 0.8 0.4 0.8 0.6 0.6 14 0.8 0.3 0.8 0.3
003831,0.4 14 0.6 0.5 0.7 0.7 0.6 14 0.1 0.0 0.3 0.5 0.9 14 0.3 0.2 0.6 0.6 0.4 14 0.3 0.2 0.6 0.6 0.9 14 0.0 0.0 0.3 0.7 0.5 14 0.0 0.1 0.5 1.0 0.3 14 0.6 0.5 0.8 0.8
003832,0.0 0 0.0 0.0 1.0 1.0
003833,0.5 14 0.5 0.0 0.6 0.2 0.4 14 0.9 0.0 1.0 0.3 0.9 14 0.8 0.0 0.8 0.3 0.6 14 0.5 0.0 0.7 0.6 0.8 14 0.9 0.0 1.0 0.1 0.6 14 0.9 0.0 1.0 0.3 0.7 6 0.0 0.1 0.1 0.3 0.6 6 0.0 0.1 0.1 0.3 0.3 14 0.1 0.2 0.1 0.3 0.3 14 0.5 0.0 0.6 0.4 0.9 14 0.5 0.0 0.6 0.3 0.9 14 0.8 0.0 0.8 0.3 0.3 6 0.3 0.1 0.4 0.2 0.9 14 0.4 0.1 0.5 0.3 0.5 14 0.1 0.1 0.2 0.3 0.4 14 0.4 0.0 0.7 0.6 0.8 14 0.8 0.0 0.9 0.3 0.3 14 0.3 0.1 0.7 0.6
003836,0.8 6 0.8 0.5 0.9 0.6
003839,0.9 14 0.4 0.5 0.5 0.7 0.8 14 0.2 0.5 0.4 0.6 0.3 14 0.5 0.5 0.6 0.7 0.4 14 0.4 0.5 0.5 0.6 1.0 14 0.5 0.4 0.7 0.7
003840,0.0 0 0.0 0.0 1.0 1.0
003841,0.0 0 0.0 0.0 1.0 1.0
003842,0.5 4 0.1 0.0 0.4 1.0
003843,0.0 0 0.0 0.0 1.0 1.0
003850,0.0 0 0.0 0.0 1.0 1.0
003851,0.6 14 0.3 0.3 0.5 0.6 0.8 14 0.3 0.5 0.5 0.7 0.3 1 0.2 0.6 0.3 0.7 0.6 1 0.0 0.6 0.1 0.8 0.3 14 0.2 0.5 0.5 0.7 0.7 1 0.2 0.5 0.6 0.8 0.9 14 0.2 0.5 0.3 0.6 0.5 1 0.2 0.5 0.6 0.8 0.4 14 0.0 0.5 0.1 0.6 0.8 14 0.3 0.3 0.5 0.7 0.8 14 0.0 0.5 0.1 0.7 0.3 14 0.2 0.5 0.3 0.6 0.3 1 0.2 0.6 0.4 0.8 1.0 14 0.0 0.5 0.1 0.7 0.4 14 0.2 0.5 0.3 0.6 0.7 14 0.3 0.5 0.5 0.7 0.6 1 0.2 0.5 0.6 0.8
003852,0.9 14 0.1 0.0 0.4 0.6 0.9 14 0.0 0.1 0.1 0.6 0.6 14 0.1 0.0 0.8 0.6
003853,0.5 14 0.7 0.3 1.0 0.5 0.9 14 0.1 0.2 0.1 0.3 0.6 14 0.1 0.3 0.3 0.5 0.9 14 0.1 0.2 0.3 0.5 1.0 14 0.5 0.1 0.7 0.3 0.3 8 0.6 0.3 0.7 0.5 0.8 14 0.0 0.2 0.1 0.4 0.5 14 0.0 0.2 0.3 0.5 0.8 14 0.0 0.3 0.2 0.5 0.9 14 0.7 0.3 1.0 0.5 0.3 14 0.0 0.2 0.2 0.5
003854,0.3 14 0.1 0.2 0.6 0.9
003858,0.5 14 0.5 0.3 0.6 0.5 1.0 14 0.4 0.3 0.5 0.7 0.5 14 0.6 0.2 0.7 0.5 0.6 14 0.6 0.3 0.7 0.6 0.7 14 0.5 0.3 0.7 0.6 0.5 14 0.6 0.2 0.7 0.7 0.6 14 0.6 0.2 0.7 0.6 0.9 14 0.4 0.3 0.4 0.6 0.8 14 0.5 0.3 0.6 0.6 1.0 14 0.1 0.2 0.3 0.7 0.9 14 0.6 0.2 0.7 0.7 0.9 14 0.6 0.3 0.7 0.6 0.6 14 0.6 0.2 0.7 0.6
003862,0.4 15 0.1 0.6 0.2 0.6 0.6 15 0.1 0.6 0.2 0.6 0.7 15 0.0 0.6 0.1 0.7
003864,0.0 0 0.0 0.0 1.0 1.0
003867,0.5 14 0.4 0.1 0.5 0.3 0.3 14 0.4 0.1 0.5 0.4 0.4 14 0.3 0.1 0.4 0.6 0.3 14 0.4 0.2 0.6 0.6 0.4 14 0.3 0.1 0.6 0.6 0.7 14 0.3 0.1 0.4 0.5 0.7 14 0.4 0.2 0.6 0.7 0.9 14 0.4 0.1 0.6 0.6 0.9 14 0.3 0.1 0.4 0.4 0.4 14 0.4 0.1 0.5 0.4 0.5 14 0.4 0.1 0.6 0.7
003870,0.0 0 0.0 0.0 1.0 1.0
003873,0.0 0 0.0 0.0 1.0 1.0
003875,0.9 14 0.2 0.8 0.3 1.0 0.9 14 0.3 0.2 0.4 0.4 0.9 14 0.1 0.2 0.3 0.6 0.7 14 0.0 0.2 0.5 0.6 0.4 14 0.0 0.2 0.5 1.0 0.7 14 0.1 0.2 0.3 1.0 0.5 14 0.0 0.2 0.3 0.6 1.0 14 0.5 0.1 0.6 0.4
003878,0.4 6 0.1 0.0 0.8 0.7
003880,0.0 0 0.0 0.0 1.0 1.0
003881,0.4 14 0.3 0.2 0.5 0.6 0.3 14 0.3 0.2 0.5 0.9
003882,0.3 15 0.3 0.5 0.5 0.7 0.4 15 0.1 0.4 0.3 0.7 0.4 15 0.0 0.3 0.3 0.7 0.3 15 0.6 0.4 0.8 0.6 0.4 15 0.9 0.4 1.0 0.7 0.3 15 0.0 0.3 0.3 0.7 0.3 15 0.2 0.5 0.4 0.7 0.4 15 0.0 0.3 0.3 0.7 0.4 15 0.6 0.4 1.0 0.9 0.3 15 0.0 0.3 0.3 0.7
003883,0.0 0 0.0 0.0 1.0 1.0
003884,0.4 14 0.3 0.2 0.6 1.0 0.5 14 0.6 0.3 0.9 1.0 0.5 14 0.5 0.3 0.9 1.0 0.9 14 0.3 0.2 0.6 0.7 1.0 14 0.0 0.2 0.3 1.0 0.4 14 0.7 0.3 0.9 0.7 0.6 14 0.6 0.3 0.9 0.8 0.7 14 0.4 0.3 0.9 1.0 0.3 14 0.4 0.3 0.9 1.0
003888,0.0 0 0.0 0.0 1.0 1.0
003892,0.0 0 0.0 0.0 1.0 1.0
003893,0.7 6 0.1 0.3 0.6 0.7
003894,0.3 15 0.4 0.2 0.5 0.4
003896,1.0 14 0.2 0.1 0.2 0.3 0.9 14 0.0 0.1 0.1 0.3 1.0 14 0.3 0.2 0.5 0.6
003897,0.3 14 0.7 0.3 0.8 0.7 0.8 14 0.3 0.3 0.7 0.7 0.3 14 0.7 0.1 0.9 0.7 0.6 14 0.0 0.2 0.2 0.7 0.7 14 0.8 0.1 0.9 0.3 0.4 14 0.0 0.2 0.2 1.0 0.8 14 0.3 0.3 0.7 1.0
003900,0.4 6 0.1 0.2 0.9 0.6
003901,0.6 14 0.0 0.2 0.7 1.0
003902,0.4 15 0.2 0.1 0.5 0.5 0.8 14 0.0 0.1 0.1 0.2 0.3 15 0.2 0.1 0.5 0.6 0.3 4 0.3 0.6 0.4 0.7
003903,0.9 14 0.8 -0.0 1.0 0.7 0.3 14 0.2 0.1 0.6 1.0 0.5 14 0.2 0.0 0.3 0.7 0.6 14 0.5 0.0 0.8 0.7 0.7 14 0.3 0.1 0.8 0.7 0.4 14 0.2 0.0 0.3 0.5 0.6 14 0.3 0.1 0.8 1.0 0.5 14 0.3 0.1 0.6 0.7 0.5 14 0.5 0.0 0.8 0.7 0.3 14 0.5 0.0 0.8 0.7
003904,0.5 6 0.8 0.3 1.0 0.6 0.4 14 0.2 0.0 0.6 0.5
003906,0.7 14 0.1 0.0 0.7 0.7
003908,0.3 6 0.3 0.2 0.4 0.3
003909,0.3 19 0.4 0.2 0.5 0.3 0.3 19 0.6 0.3 0.8 0.4
003910,0.9 14 0.3 0.2 0.4 0.4 0.8 14 0.4 0.2 0.5 0.4
003914,0.0 0 0.0 0.0 1.0 1.0
003916,0.4 14 0.2 0.5 0.4 0.7 0.4 6 0.1 0.1 0.5 0.5 0.6 14 0.3 0.6 0.4 0.7
003917,0.6 6 0.2 -0.0 0.8 0.5
003920,0.4 14 0.5 0.1 0.8 0.5 0.6 14 0.0 0.4 0.2 0.7 0.7 14 0.5 0.1 0.8 0.7
003922,0.6 14 0.4 0.1 0.6 0.4 0.5 6 0.6 0.7 0.7 0.7 0.4 6 0.6 0.5 0.7 0.5 0.8 14 0.4 0.1 0.7 0.5 0.3 6 0.5 0.6 0.6 0.7
003925,0.5 14 0.0 0.2 0.6 1.0
003927,0.5 14 0.3 0.1 0.6 1.0 0.6 14 0.7 0.5 0.8 0.7 0.3 14 0.3 0.1 0.6 0.7 0.6 14 0.3 0.1 0.7 0.7 0.3 14 0.7 0.5 0.8 0.7 0.7 14 0.7 0.5 0.9 0.8 0.3 14 0.3 0.1 1.0 0.8
003928,0.4 4 0.2 0.0 0.5 0.9 0.6 6 0.1 0.2 0.3 0.3 0.6 6 0.3 0.0 0.4 0.1
003929,0.4 14 0.5 0.2 0.6 0.6 0.6 14 0.3 0.2 0.5 0.6 0.3 4 0.7 0.5 0.7 0.7 0.4 14 0.3 0.2 0.5 0.7 0.8 14 0.5 0.2 0.7 0.7 0.6 14 0.2 0.2 0.5 0.8 0.4 14 0.3 0.2 0.6 0.8 1.0 14 0.2 0.2 0.4 0.8 0.5 4 0.6 0.5 0.7 0.8 0.8 14 0.4 0.2 0.7 0.8 0.7 4 0.5 0.5 0.6 0.8 0.3 14 0.5 0.2 0.7 0.8
003930,0.4 15 0.7 0.5 0.8 0.5 0.5 6 0.3 0.4 0.4 0.4
003931,0.0 0 0.0 0.0 1.0 1.0
003933,0.4 14 0.6 0.3 1.0 1.0 0.4 14 0.5 0.3 1.0 1.0 0.9 14 0.0 0.1 0.6 1.0 0.3 14 0.5 0.2 1.0 0.7 0.3 14 0.4 0.2 0.8 1.0 0.6 14 0.4 0.2 1.0 1.0
003934,0.8 15 0.3 0.5 0.4 0.8 0.5 15 0.4 0.7 0.4 0.8 0.4 15 0.3 0.7 0.4 0.8 0.4 19 0.0 0.2 0.2 0.6
003938,0.6 14 0.5 0.3 0.7 0.8 0.9 14 0.4 0.3 0.7 0.8
003940,0.8 6 0.1 0.2 0.8 0.5 0.3 6 0.8 0.3 0.9 0.3 0.8 6 0.8 0.3 1.0 0.4 0.7 6 0.8 0.3 1.0 0.4 0.5 6 0.0 0.2 1.0 0.8 0.3 6 0.8 0.3 0.9 0.4 0.3 6 0.8 0.3 1.0 0.4 0.5 6 0.8 0.3 1.0 0.3 0.4 6 0.8 0.3 0.9 0.4
003942,1.0 14 0.3 0.3 0.5 0.5 0.3 14 0.0 0.3 0.0 0.5 0.5 4 0.0 0.4 0.1 0.5
003943,0.7 15 0.4 0.3 0.5 0.4 1.0 14 0.3 0.5 0.5 0.8 0.5 15 0.1 0.3 0.3 0.4 0.9 14 0.7 0.5 0.9 0.8 0.9 14 0.2 0.5 0.3 0.7 0.7 14 0.2 0.4 0.3 0.7 0.4 14 0.7 0.5 0.8 0.6 0.5 14 0.7 0.5 0.8 0.7 0.7 4 0.6 0.7 0.6 0.8 0.5 14 0.2 0.5 0.3 0.6 0.8 14 0.7 0.5 0.8 0.7 0.5 14 0.2 0.5 0.3 0.7 0.6 14 0.1 0.5 0.3 0.8 0.5 14 0.6 0.6 0.6 0.7 0.9 14 0.5 0.5 0.6 0.7 0.3 14 0.2 0.4 0.3 0.6 0.7 14 0.7 0.5 0.8 0.8 0.6 14 0.1 0.6 0.2 0.8 0.3 15 0.4 0.3 0.5 0.4 0.8 14 0.5 0.6 0.6 0.8 0.6 14 0.7 0.5 0.8 0.7 0.5 4 0.6 0.7 0.7 0.8
003944,0.5 14 0.5 0.1 0.7 0.6 0.3 14 0.5 0.1 0.9 0.6 0.9 14 0.5 0.1 0.9 0.8 0.6 4 0.1 0.5 0.2 0.7 0.3 4 0.1 0.5 0.2 0.7 0.4 14 0.4 0.1 0.8 0.8 0.6 14 0.4 0.1 0.8 0.8
003950,0.4 8 0.3 0.5 0.4 0.7
003951,0.9 14 0.1 0.1 0.5 0.8
003952,0.0 0 0.0 0.0 1.0 1.0
003955,0.5 14 0.4 0.3 0.5 0.5 1.0 14 0.2 0.3 0.3 0.6 0.9 14 0.4 0.3 0.5 0.4 1.0 14 0.1 0.3 0.2 0.6
003958,0.0 0 0.0 0.0 1.0 1.0
003959,0.5 14 0.5 0.2 0.7 0.4 0.7 14 0.4 0.2 0.5 0.4 0.9 14 0.0 0.1 0.1 0.7 0.4 14 0.8 0.0 0.9 0.3 0.5 14 0.7 0.2 0.9 0.7 0.5 14 0.4 0.2 0.5 0.3 0.7 14 0.4 0.2 0.5 0.6 0.6 14 0.1 0.1 0.4 0.7 0.4 14 0.8 0.0 0.9 0.4 0.9 14 0.5 0.2 0.7 0.5 0.7 14 0.0 0.1 0.1 0.5 0.4 14 0.7 0.2 0.9 0.5 0.5 14 0.7 0.0 0.9 0.5 0.6 14 0.4 0.2 0.5 0.7 0.5 14 0.1 0.1 0.4 0.6 0.9 14 0.1 0.1 0.5 0.7 0.4 14 0.8 0.0 0.9 0.3 0.5 14 0.0 0.1 0.1 0.4 0.4 14 0.0 0.1 0.1 1.0 0.4 14 0.7 0.2 0.9 0.7 0.9 14 0.7 0.2 0.9 0.7 0.6 14 0.4 0.2 0.5 0.3 0.6 14 0.0 0.1 0.1 0.5 0.7 14 0.5 0.2 0.7 0.7 0.6 14 0.7 0.0 0.9 0.7 0.5 14 0.5 0.2 0.7 0.5 0.3 14 0.0 0.2 0.1 0.5 0.6 14 0.7 0.2 0.9 1.0
003962,0.3 6 0.1 0.0 0.7 0.3 0.4 6 0.0 0.0 0.7 0.5 0.4 6 0.0 0.0 0.7 0.3
003964,0.0 0 0.0 0.0 1.0 1.0
003967,0.6 6 0.5 0.2 0.5 0.3 0.9 6 0.7 0.4 0.8 0.5 0.4 6 0.3 0.4 0.4 0.4 0.7 6 0.2 0.2 0.2 0.3 0.6 6 0.9 0.3 0.9 0.3 0.4 6 0.1 0.3 0.1 0.3 0.5 6 0.5 0.4 0.7 0.6 0.5 6 0.3 0.2 0.4 0.2 0.7 6 0.3 0.3 0.4 0.3 0.8 6 0.5 0.3 0.6 0.3 0.4 6 0.7 0.4 0.8 0.5 0.8 6 0.1 0.3 0.1 0.3 0.5 6 0.3 0.3 0.4 0.3 0.8 6 0.3 0.4 0.4 0.4 0.4 6 0.5 0.3 0.6 0.3
003968,0.4 14 0.0 0.0 0.4 0.6 0.6 14 0.0 0.0 0.6 0.7 0.4 14 0.0 0.0 0.5 1.0 0.8 14 0.1 0.0 0.6 1.0
003972,0.8 14 0.0 0.1 0.2 0.7 0.8 14 0.2 0.2 0.4 0.7 0.3 14 0.2 0.2 0.4 0.7 0.5 14 0.1 0.2 0.5 1.0 0.3 14 0.2 0.2 0.5 0.7 0.5 14 0.2 0.2 0.4 0.5 0.4 14 0.2 0.2 0.4 0.6 0.6 14 0.0 0.1 0.4 1.0 0.8 14 0.0 0.1 0.2 1.0 0.4 14 0.2 0.2 0.4 0.4 0.7 14 0.2 0.2 0.5 0.7 0.9 14 0.5 0.0 0.8 0.7 0.3 14 0.4 0.0 0.8 0.7 0.4 14 0.4 0.0 0.9 1.0
003975,0.0 0 0.0 0.0 1.0 1.0
003976,0.7 1 0.2 0.5 0.6 1.0 0.9 14 0.2 0.2 0.6 0.7 0.4 14 0.2 0.2 0.6 0.8
003977,0.3 14 0.1 0.3 0.2 0.4
003978,0.9 14 0.3 0.0 0.5 0.3 0.7 14 0.1 0.1 0.6 0.4
003980,0.5 14 0.0 0.1 0.6 1.0
003981,0.7 14 0.1 0.1 0.5 0.6 0.8 14 0.0 0.1 0.5 1.0
003982,0.0 0 0.0 0.0 1.0 1.0
003985,0.0 0 0.0 0.0 1.0 1.0
003989,0.6 14 0.3 0.2 0.6 0.5 0.4 14 0.4 0.2 0.5 0.3 0.9 14 0.1 0.1 0.3 0.4 0.9 14 0.5 0.1 0.6 0.4 0.4 1 0.3 0.2 0.5 0.5 0.6 14 0.7 0.2 0.9 0.4 0.3 14 0.4 0.2 0.6 0.5 0.7 14 0.7 0.2 0.9 0.4 0.7 14 0.4 0.2 0.5 0.5 0.5 14 0.5 0.1 0.6 0.4 0.4 14 0.7 0.2 0.9 0.4 0.4 14 0.5 0.1 0.6 0.3 0.9 14 0.7 0.2 0.9 0.5 0.5 14 0.5 0.1 0.6 0.3
003995,0.4 14 0.0 0.1 0.4 0.7 0.3 14 0.5 0.2 0.9 0.7 0.5 14 0.1 0.3 0.5 0.7 0.5 14 0.0 0.3 0.5 1.0 0.4 14 0.0 0.1 0.5 0.7 0.4 14 0.5 0.2 0.9 0.7 0.4 14 0.5 0.2 0.8 0.7 0.7 14 0.0 0.1 0.5 1.0 0.5 14 0.5 0.2 0.9 0.7 0.3 14 0.1 0.2 0.5 0.7 0.3 14 0.5 0.2 0.8 0.5 0.3 14 0.5 0.2 0.8 0.5
003999,0.8 14 0.0 0.2 0.4 0.8
004000,0.9 14 0.3 0.1 0.6 0.9 1.0 14 0.1 0.0 0.3 0.9
004001,0.8 14 0.4 0.3 0.5 0.4 0.5 6 0.0 0.5 0.1 0.5 1.0 14 0.8 0.3 0.8 0.4 0.8 14 0.2 0.4 0.2 0.4 0.9 14 0.2 0.4 0.2 0.4 0.6 6 0.8 0.3 0.9 0.4 0.7 14 0.2 0.4 0.2 0.4 0.7 14 0.2 0.4 0.2 0.5 0.4 14 0.3 0.4 0.3 0.4 0.8 6 0.8 0.3 0.9 0.4
004002,0.0 0 0.0 0.0 1.0 1.0
004004,0.4 15 0.5 0.6 0.6 0.8 0.5 4 0.4 0.4 0.4 0.4 0.6 4 0.1 0.7 0.2 0.8 0.5 15 0.5 0.6 0.6 0.9
004006,0.8 14 0.5 0.2 0.5 0.3 0.5 14 0.2 0.2 0.2 0.3 0.9 14 0.1 0.2 0.1 0.3 0.4 6 0.0 0.1 0.2 0.3 0.8 14 0.8 0.2 0.9 0.3 0.4 14 0.7 0.2 0.7 0.3 0.3 14 1.0 0.2 1.0 0.3 0.4 14 0.3 0.2 0.3 0.3 0.8 14 0.3 0.2 0.3 0.3 0.9 14 0.3 0.1 0.5 0.5 0.9 14 0.0 0.2 0.0 0.3 0.9 14 0.2 0.2 0.2 0.3 0.9 14 0.1 0.2 0.2 0.3 0.8 14 0.3 0.1 0.5 0.4 0.4 14 0.1 0.2 0.2 0.3 0.8 14 0.2 0.2 0.2 0.3 0.8 14 0.7 0.2 0.8 0.3 0.9 14 0.1 0.2 0.1 0.3 0.9 14 0.1 0.2 0.2 0.3 0.9 14 0.6 0.1 0.7 0.3 0.7 14 0.6 0.1 0.7 0.3
004007,0.0 0 0.0 0.0 1.0 1.0
004018,0.6 14 0.0 0.2 0.7 1.0 0.3 14 0.0 0.0 0.7 1.0
004021,0.3 14 0.3 0.0 0.8 1.0 0.4 14 0.0 0.0 0.8 1.0 0.4 14 0.2 0.0 0.9 1.0
004022,0.0 0 0.0 0.0 1.0 1.0
004024,0.0 0 0.0 0.0 1.0 1.0
004026,0.6 6 0.3 0.3 0.6 0.5 0.8 6 0.1 0.2 0.2 0.3 0.3 6 0.3 0.2 0.6 0.6 0.3 6 0.1 0.2 0.2 0.3 0.5 6 0.0 0.4 0.1 0.7
004027,0.3 15 0.2 0.8 0.3 0.9 0.3 15 0.0 0.7 0.2 0.9 0.4 15 0.2 0.5 0.5 0.9 0.6 15 0.2 0.8 0.3 0.9 0.5 15 0.0 0.4 0.4 0.9
004029,0.0 0 0.0 0.0 1.0 1.0
004030,0.9 6 0.5 0.4 0.8 0.6 1.0 14 0.3 0.4 0.5 0.8
004032,0.0 0 0.0 0.0 1.0 1.0
004036,0.3 14 0.0 0.4 0.1 0.8 0.5 14 0.0 0.4 0.1 0.8
004038,0.5 15 0.4 0.2 0.5 0.4 0.8 15 0.4 0.2 0.5 0.4 0.7 15 0.2 0.4 0.4 0.5 0.5 15 0.4 0.0 0.5 0.3 0.8 15 0.3 0.3 0.4 0.4 0.7 15 0.4 0.2 0.5 0.4 0.4 15 0.3 0.2 0.4 0.5 0.4 15 0.3 0.3 0.4 0.5 0.3 15 0.5 0.2 0.5 0.3
004040,0.0 0 0.0 0.0 1.0 1.0
004041,0.7 14 0.2 0.2 0.4 0.8 0.4 14 0.2 0.2 0.7 0.8 0.5 14 0.4 0.3 0.6 0.7 0.4 14 0.2 0.2 0.4 1.0 0.4 14 0.0 0.2 0.4 1.0 0.4 14 0.2 0.2 0.7 1.0 0.9 14 0.4 0.3 0.7 0.7
004042,0.9 14 0.1 0.2 0.4 0.8
004043,0.6 6 0.3 0.3 0.7 0.7 0.4 14 0.6 0.4 0.8 0.6 0.9 14 0.6 0.4 0.8 0.7
004044,0.4 14 0.2 0.4 0.7 0.9 0.7 14 0.2 0.2 0.5 0.9 0.3 14 0.0 0.2 0.7 1.0 0.3 14 0.4 0.4 0.7 0.9 0.7 14 0.0 0.2 0.5 0.9 0.5 14 0.2 0.2 0.7 1.0 0.3 14 0.2 0.4 0.6 0.9 0.3 14 0.3 0.4 0.7 0.9 0.5 14 0.3 0.4 0.7 0.9
004045,0.0 0 0.0 0.0 1.0 1.0
004048,0.0 0 0.0 0.0 1.0 1.0
004049,0.7 14 0.0 0.0 0.4 0.9 0.5 14 0.0 0.0 0.7 0.9 0.5 14 0.0 0.0 0.4 1.0 0.6 14 -0.0 0.0 0.7 1.0 0.7 14 0.3 0.0 0.7 1.0
004050,0.8 6 0.0 0.1 0.8 0.9
004053,0.7 8 0.1 0.6 0.3 0.8 0.5 8 0.2 0.6 0.3 0.8 0.4 8 0.2 0.6 0.3 0.8 0.5 8 0.1 0.6 0.3 0.8 0.4 8 0.1 0.6 0.3 0.8 0.6 8 0.1 0.6 0.2 0.8
004054,0.8 14 0.3 0.2 0.5 0.7 0.9 14 0.4 0.5 0.5 0.9 0.4 14 0.1 0.2 0.2 0.7 0.6 14 0.5 0.5 0.6 0.9 0.7 14 0.3 0.6 0.4 0.9 0.8 14 0.4 0.2 0.6 0.6 0.9 14 0.3 0.6 0.4 0.9 0.5 14 0.2 0.2 0.5 0.9 0.7 14 0.5 0.2 0.7 0.7 0.4 14 0.2 0.2 0.5 0.8 0.3 14 0.4 0.2 0.6 0.7 0.6 14 0.2 0.2 0.3 0.6 1.0 14 0.1 0.2 0.3 0.9 0.4 14 0.2 0.2 0.3 0.5 0.9 14 0.5 0.1 0.7 0.9 0.5 14 0.4 0.2 0.7 0.9 0.8 14 0.4 0.2 0.6 0.9 0.4 14 0.5 0.2 0.7 0.8 0.5 14 0.4 0.2 0.6 0.5 0.4 14 0.5 0.5 0.6 0.6
004055,0.3 8 0.0 0.5 0.3 0.9 0.3 4 0.3 0.2 0.4 0.4 0.3 8 0.0 0.5 0.3 0.9 0.6 4 0.5 0.7 0.6 0.9 0.8 4 0.4 0.6 0.5 0.9 0.3 4 0.5 0.7 0.6 0.9
004056,0.5 6 0.0 0.4 0.9 0.7
004059,0.6 14 0.5 0.1 0.6 0.2 0.8 14 0.3 0.5 0.4 0.5 0.3 14 0.4 0.3 0.4 0.4 0.6 14 0.5 0.1 0.6 0.2 0.9 14 0.3 0.2 0.4 0.5 0.7 14 0.7 0.3 0.7 0.3 0.4 14 0.5 0.3 0.6 0.5 0.8 14 0.3 0.2 0.4 0.3 0.6 14 0.3 0.3 0.4 0.5 0.7 14 0.5 0.4 0.5 0.5 0.6 14 0.6 0.2 0.6 0.3 0.3 14 0.5 0.3 0.6 0.4 0.5 14 0.5 0.1 0.6 0.3
004061,0.0 0 0.0 0.0 1.0 1.0
004062,0.0 0 0.0 0.0 1.0 1.0
004063,0.8 14 0.3 0.0 0.5 0.4 0.3 14 0.3 0.4 0.6 0.8 0.5 14 0.4 0.1 0.6 0.3 0.3 14 0.0 0.3 0.6 0.8 0.5 14 0.3 0.0 0.5 0.7 0.5 14 0.3 0.0 0.5 0.6 0.9 14 0.0 0.3 0.4 0.8 0.4 14 0.0 0.3 0.3 0.8 0.3 14 0.3 0.0 0.6 0.8 0.3 14 0.3 0.3 0.7 0.8
004064,0.9 14 0.5 0.2 0.9 0.7 0.7 14 0.3 0.2 0.9 0.7
004065,0.7 14 0.4 0.3 0.5 0.4 0.9 14 0.3 0.3 0.4 0.5 0.3 14 0.4 0.3 0.4 0.4 0.8 14 0.0 0.3 0.0 0.4 0.4 6 0.0 0.2 0.7 0.5 0.9 14 0.8 0.3 0.8 0.4 0.8 14 0.6 0.3 0.6 0.4
004068,0.5 14 0.4 0.4 0.5 0.6 0.7 14 0.4 0.4 0.5 0.9 0.7 4 0.4 0.5 0.5 0.6 0.5 4 0.4 0.5 0.5 0.9 0.6 14 0.4 0.1 0.7 0.6 0.5 4 0.4 0.5 0.5 0.6 0.4 14 0.4 0.1 0.7 0.7 0.7 4 0.5 0.5 0.6 0.9 0.9 14 0.4 0.1 0.7 0.9 0.5 4 0.5 0.5 0.6 0.6 0.7 4 0.5 0.5 0.6 0.7
004070,0.5 6 0.1 0.4 0.2 0.5 0.5 13 0.1 0.4 0.5 0.9 0.5 14 0.1 0.4 0.5 0.8 0.7 6 0.0 0.4 0.2 0.5 0.6 14 0.3 0.4 0.5 0.8 0.3 13 0.4 0.3 0.8 0.9
004071,0.6 6 0.0 0.1 0.8 1.0
004072,0.3 4 0.4 0.6 0.4 0.7 1.0 14 0.2 0.3 0.4 1.0 0.7 4 0.4 0.6 0.4 0.7
004074,0.3 14 0.1 0.0 0.2 0.1 0.7 14 0.0 0.0 0.6 1.0 0.9 14 0.0 0.0 0.4 1.0 0.6 14 0.0 0.0 0.7 1.0 0.3 14 0.3 0.0 0.8 1.0 0.6 14 0.3 0.0 0.6 1.0 0.5 14 0.3 0.1 0.7 1.0
004078,0.0 0 0.0 0.0 1.0 1.0
004079,0.3 14 0.4 0.1 0.6 0.9
004080,0.8 6 0.2 0.3 0.8 0.8
004081,0.8 14 0.0 0.7 0.0 0.8 0.8 14 0.1 0.6 0.2 0.8 0.3 15 0.1 0.3 0.4 0.8
004083,0.3 14 0.0 0.1 0.7 0.8 0.7 14 0.5 0.2 0.8 0.8
004084,0.9 14 0.3 0.1 0.5 0.4 0.4 14 0.2 0.1 0.4 0.4 0.6 14 0.2 0.1 0.5 0.4
004086,0.0 0 0.0 0.0 1.0 1.0
004088,0.9 6 0.2 0.7 0.5 0.8
004090,1.0 14 0.4 0.4 0.5 0.8 1.0 14 0.3 0.4 0.4 0.8 1.0 14 0.5 0.4 0.6 0.7
004094,0.9 14 0.1 0.3 0.2 0.4
004096,0.0 0 0.0 0.0 1.0 1.0
004097,0.3 6 0.7 0.3 0.8 0.4 0.4 6 0.1 0.2 0.6 0.5 0.9 6 0.7 0.3 0.9 0.4 0.3 6 0.7 0.3 0.9 0.4
004098,0.4 8 0.5 0.4 0.6 0.6 0.8 14 0.4 0.2 0.5 0.6 0.4 8 0.6 0.5 0.7 0.6
004099,0.9 14 0.3 0.5 0.6 1.0 0.6 6 0.1 0.3 0.7 0.8
004101,0.4 14 0.2 0.3 0.4 0.6 0.9 14 0.3 0.3 0.4 0.6
004103,0.9 14 0.2 0.3 0.2 0.4 0.9 14 0.3 0.4 0.4 0.4 0.5 14 0.2 0.3 0.2 0.4
004104,0.7 6 0.0 0.6 0.0 0.7 0.6 6 0.0 0.4 0.3 0.6
004107,0.8 6 0.1 0.5 0.7 0.6
004109,0.4 14 0.7 0.3 1.0 1.0 0.9 14 0.0 -0.0 0.1 0.5 0.9 14 0.2 0.1 0.6 0.6 0.4 14 0.3 0.1 0.6 0.6 0.9 14 0.2 -0.0 0.4 0.4
004112,0.3 14 0.0 0.5 0.2 1.0 0.4 14 0.7 0.5 0.9 1.0 0.3 14 0.1 0.5 0.2 0.9 0.5 14 0.0 0.4 0.4 1.0 0.3 14 0.0 0.4 0.4 1.0 0.7 14 0.0 0.1 0.9 1.0 0.3 14 0.0 0.4 0.4 0.9 0.5 14 0.3 0.1 0.9 1.0 0.9 14 0.5 0.5 0.9 1.0
004114,0.3 14 0.0 0.4 0.5 0.9 0.7 14 0.0 0.4 0.7 1.0
004115,0.5 6 0.3 0.5 0.6 0.8
004116,0.7 14 0.2 0.2 0.9 1.0 0.4 14 0.3 0.2 0.9 1.0
004118,0.6 6 0.5 0.8 0.6 0.9 0.9 14 0.7 0.4 1.0 1.0 0.4 6 0.5 0.9 0.6 1.0 0.8 14 0.7 0.3 1.0 1.0 0.7 14 0.6 0.3 0.8 0.7 0.9 14 0.9 0.3 1.0 0.5 0.8 4 0.4 0.8 0.5 1.0 0.4 14 0.8 0.4 1.0 1.0 0.5 14 0.1 0.3 0.3 0.6 0.6 4 0.5 0.8 0.5 0.9 1.0 14 0.4 0.2 0.6 0.6 0.3 14 0.7 0.3 0.9 0.7 0.7 6 0.5 0.8 0.6 0.9 1.0 14 0.1 0.3 0.4 1.0 0.9 14 0.6 0.3 0.8 0.7 0.3 14 0.6 0.3 0.8 0.9 0.8 6 0.5 0.9 0.6 1.0
004119,0.0 0 0.0 0.0 1.0 1.0
004123,0.0 0 0.0 0.0 1.0 1.0
004124,0.6 15 0.0 0.1 0.4 1.0
004125,0.4 14 0.0 0.0 0.4 0.6 0.3 14 0.5 0.1 0.9 0.6 0.3 14 0.4 0.1 0.9 0.6 0.4 14 0.5 0.1 0.8 0.6 0.9 14 0.1 0.0 0.4 0.5 0.3 14 0.3 0.1 0.9 0.6 0.4 14 0.3 0.1 0.8 0.6 0.5 14 0.1 0.1 0.9 1.0 0.3 14 0.4 0.1 0.9 1.0 0.4 14 0.3 0.1 0.9 0.6 0.3 14 0.3 0.1 0.9 1.0
004126,0.8 14 0.2 0.2 0.5 0.9 0.6 14 0.2 0.2 0.5 0.7 0.4 14 0.2 0.2 0.4 0.5
004127,0.5 14 0.6 0.0 1.0 1.0 0.4 14 0.6 0.0 1.0 0.6 0.8 14 0.6 0.0 1.0 0.6
004128,0.8 14 0.4 0.1 0.5 0.3 0.3 14 0.3 0.0 0.4 0.3 0.4 14 0.1 0.1 0.6 0.6 0.6 14 0.2 0.0 0.3 0.1 0.9 14 0.1 0.0 0.2 0.2 0.3 14 0.1 0.0 0.2 0.2 0.4 14 0.7 0.2 0.8 0.5 0.6 14 0.6 0.2 0.9 0.6 0.7 14 0.1 0.1 0.5 0.6 0.4 14 0.3 0.1 0.4 0.3 0.4 14 0.1 0.1 0.3 0.4 0.3 14 0.7 0.2 0.8 0.5 0.3 14 0.4 0.1 0.6 0.5 0.5 14 0.7 0.2 0.9 0.5 0.6 14 0.3 0.0 0.4 0.1 0.8 14 0.6 0.2 0.9 0.5 0.5 14 0.3 0.1 0.4 0.4 0.3 4 0.1 0.2 0.1 0.3 0.8 14 0.4 0.1 0.6 0.6 0.4 14 0.3 0.1 0.6 0.6 0.8 14 0.2 0.0 0.3 0.2 0.9 14 0.1 0.1 0.3 0.6 0.7 14 0.1 0.0 0.3 0.2 0.8 14 0.6 0.2 0.9 0.6 0.3 14 0.1 0.1 0.3 0.4 0.7 14 0.5 0.2 0.9 0.6 0.4 14 0.1 0.0 0.2 0.3
004130,0.0 0 0.0 0.0 1.0 1.0
004132,0.5 14 0.4 0.1 0.6 0.4 0.4 14 0.7 0.1 0.8 0.3 0.8 14 0.6 0.1 0.9 0.6 0.9 14 0.1 0.0 0.4 0.6 0.9 14 0.4 0.1 0.7 0.6 0.3 14 0.1 0.0 0.4 0.5 0.7 14 0.0 0.0 0.4 0.6 0.8 14 0.6 0.1 0.9 0.6 0.3 14 0.7 0.1 1.0 0.6
004134,0.5 4 0.4 0.0 0.5 0.2 0.5 4 0.4 0.0 0.5 0.1 0.4 4 0.3 0.0 0.4 0.2 0.6 4 0.4 0.0 0.4 0.2 0.6 4 0.3 0.0 0.4 0.2 0.4 4 0.2 0.0 0.3 0.2 0.5 4 0.2 0.0 0.2 0.2 0.5 4 0.2 0.0 0.3 0.2 0.6 4 0.3 0.0 0.4 0.2 0.3 14 0.2 0.1 0.2 0.2
004139,0.0 0 0.0 0.0 1.0 1.0
004144,0.9 14 0.4 0.7 0.4 0.9 0.7 14 0.0 0.7 0.1 0.8 0.7 14 0.0 0.7 0.0 0.8 0.9 14 0.1 0.7 0.1 0.8
004147,0.3 6 0.3 0.3 0.5 0.4 0.5 6 0.1 0.3 0.6 0.5 0.5 6 0.3 0.3 0.6 0.4 0.8 6 0.3 0.3 0.6 0.5 0.3 6 0.3 0.3 0.6 0.4
004151,0.4 14 0.0 0.1 0.4 0.6 0.9 14 0.0 0.1 0.4 0.9
004153,0.5 6 0.8 0.3 0.9 0.3
004154,0.5 6 0.5 0.4 0.5 0.4 0.5 6 0.5 0.4 0.5 0.4 0.3 6 0.0 0.4 0.1 0.5 0.8 14 0.8 0.4 0.8 0.5 1.0 14 0.8 0.4 0.9 0.5 0.9 14 0.7 0.4 0.7 0.5 0.9 14 0.9 0.4 0.9 0.5 0.8 6 0.3 0.4 0.4 0.5 0.7 14 0.8 0.4 0.8 0.5 0.8 6 0.0 0.4 0.1 0.5 0.3 14 0.8 0.4 0.8 0.5 0.5 6 0.0 0.4 0.2 0.5 0.5 6 0.3 0.4 0.4 0.5 0.8 14 0.5 0.4 0.5 0.4 0.7 14 0.6 0.4 0.6 0.5 0.8 14 0.6 0.4 0.7 0.5
004155,0.5 14 0.3 0.0 0.5 0.3 0.6 14 0.2 0.0 0.5 0.5 0.3 14 0.3 0.1 0.4 0.4 0.3 14 0.2 0.0 0.5 0.4
004156,0.0 0 0.0 0.0 1.0 1.0
004157,0.8 14 0.4 0.4 0.6 0.7 0.5 14 0.7 0.1 0.8 0.5 0.4 14 0.4 0.4 0.6 1.0 0.3 14 0.3 0.1 0.8 0.6 0.5 14 0.1 0.4 0.6 1.0 0.5 14 0.0 0.1 0.6 1.0 0.6 14 0.0 0.1 0.8 1.0 0.3 14 0.0 0.1 0.4 1.0 0.7 14 0.4 0.4 0.6 0.6 0.4 14 0.4 0.4 0.6 0.7 0.7 14 0.7 0.1 0.8 0.5
004159,0.0 0 0.0 0.0 1.0 1.0
004160,0.8 14 0.3 0.2 0.4 0.3
004161,0.0 0 0.0 0.0 1.0 1.0
004162,0.0 0 0.0 0.0 1.0 1.0
004165,0.4 14 0.2 0.3 0.6 1.0 0.3 14 0.4 0.3 0.5 0.5
004166,0.5 19 0.5 0.3 0.6 0.4 0.4 8 0.5 0.5 0.7 0.7 0.4 8 0.4 0.4 0.6 0.6
004167,0.8 14 0.1 0.2 0.2 0.3 0.9 14 0.4 0.4 0.5 0.6 0.4 14 0.1 0.2 0.2 0.5 0.9 14 0.5 0.4 0.6 0.7 1.0 14 0.6 0.3 0.7 0.7
004172,0.9 6 0.4 0.6 0.5 0.6 0.7 6 0.0 0.6 0.0 0.6 0.5 6 0.1 0.6 0.1 0.6
004173,0.4 14 0.0 0.1 0.2 0.7 0.8 14 0.4 0.2 0.8 0.7 0.7 14 0.4 0.2 0.8 0.7
004175,0.5 14 0.7 0.5 0.8 0.7 0.4 14 0.7 0.5 0.8 0.7 0.3 14 0.6 0.4 0.8 0.7 0.6 14 0.6 0.4 0.8 0.7 0.3 14 0.7 0.4 0.8 0.7 0.3 14 0.0 0.0 0.6 0.7 0.5 14 0.5 0.4 0.8 0.7 0.7 14 0.0 0.0 0.6 1.0 0.7 14 0.0 0.0 0.8 1.0 0.4 14 0.6 0.4 0.9 0.7 0.6 14 0.4 0.4 0.8 0.7
004176,0.8 14 -0.0 0.2 0.5 1.0
004177,0.8 14 0.3 0.0 0.5 0.4 0.8 14 0.3 0.0 0.5 0.5
004179,0.8 14 0.3 0.1 0.4 0.3 0.3 14 0.3 0.3 0.5 0.7 0.5 14 0.3 0.1 0.4 0.5 0.4 14 0.1 0.1 0.3 0.5 1.0 14 0.4 0.1 0.6 0.4 0.5 14 0.1 0.1 0.4 0.7 0.3 14 0.3 0.1 0.4 0.5 0.4 14 0.1 0.1 0.3 0.5 1.0 14 0.1 0.1 0.3 0.7 0.4 14 0.3 0.3 0.5 0.5
004180,0.0 0 0.0 0.0 1.0 1.0
004181,0.0 0 0.0 0.0 1.0 1.0
004182,0.6 6 0.4 0.3 0.5 0.4
004183,0.8 14 0.1 0.1 0.4 0.6 0.3 6 0.2 0.1 0.8 0.5 0.4 6 0.0 0.1 0.1 0.2 0.5 6 0.0 0.1 0.1 0.2 0.5 14 0.3 0.1 0.4 0.4 0.7 14 0.1 0.1 0.1 0.2 0.9 6 0.0 0.1 0.1 0.2 0.7 6 0.1 0.1 0.8 0.7 0.4 6 0.0 0.1 0.1 0.2
004184,0.3 14 0.9 0.5 0.9 0.6 0.3 14 0.9 0.5 0.9 0.6 0.9 14 0.9 0.5 0.9 0.6 0.8 14 0.8 0.5 0.8 0.6
004187,0.0 0 0.0 0.0 1.0 1.0
004188,0.4 14 0.0 0.3 0.1 0.4 0.8 6 0.1 0.2 0.2 0.3 0.4 6 0.2 0.2 0.3 0.3 0.5 6 0.1 0.2 0.2 0.3 0.8 6 0.2 0.3 0.3 0.4
004197,0.4 8 0.4 0.5 0.6 0.7 0.4 14 0.5 0.0 0.8 0.6 0.9 14 0.5 0.0 1.0 0.7 0.4 8 0.4 0.5 0.6 0.6 0.5 14 0.5 0.0 0.8 0.7 0.4 14 0.5 0.0 1.0 0.8
004198,0.9 14 0.3 0.2 0.6 0.9 0.3 14 0.4 0.3 0.5 0.5 0.9 14 0.6 0.4 0.7 0.5 0.4 14 0.3 0.2 0.5 0.9 0.3 14 0.3 0.3 0.5 0.9 0.7 14 0.0 0.3 0.1 0.4 0.8 14 0.3 0.2 0.4 0.4 0.4 14 0.4 0.3 0.6 0.6 0.9 14 0.0 0.3 0.1 0.7 0.3 14 0.4 0.3 0.6 0.7 0.5 14 0.4 0.3 0.6 0.9
004199,0.3 0 0.0 0.2 1.0 0.4
004202,0.0 0 0.0 0.0 1.0 1.0
004206,0.0 0 0.0 0.0 1.0 1.0
004207,1.0 14 0.3 0.0 0.5 0.7 0.5 14 0.7 0.3 1.0 0.7
004208,0.0 0 0.0 0.0 1.0 1.0
004210,0.6 14 0.7 0.0 1.0 0.2 0.5 14 0.7 0.0 1.0 0.2 0.8 14 0.7 0.0 0.8 0.2
004211,0.0 0 0.0 0.0 1.0 1.0
004213,0.5 14 0.0 0.0 0.2 0.6 0.3 15 0.8 0.2 0.9 0.3 0.3 14 0.0 0.0 0.2 0.7 0.9 14 0.3 0.1 0.7 0.7 0.5 6 0.8 0.2 1.0 0.3 0.8 14 0.0 0.0 0.3 1.0 0.8 14 0.0 0.0 0.3 0.7
004214,0.4 13 0.4 0.2 0.7 0.4 0.4 6 0.6 0.1 0.9 0.2 1.0 14 0.4 0.1 0.6 0.4
004216,0.4 6 0.6 0.3 0.8 0.4 0.9 6 0.6 0.3 0.8 0.4
004217,0.8 6 0.0 0.1 0.9 0.6
004218,0.0 0 0.0 0.0 1.0 1.0
004219,0.5 14 0.5 0.2 0.7 0.4 0.4 14 0.0 0.2 0.3 0.7 0.4 14 0.0 0.2 0.1 0.3 0.6 14 0.8 0.2 1.0 0.3 0.4 14 0.6 0.2 1.0 1.0 0.4 14 0.6 0.2 0.8 0.5 0.9 14 0.1 0.2 0.3 0.5 0.4 14 0.7 0.2 0.8 0.4 0.4 14 0.8 0.2 1.0 0.4 0.5 14 0.4 0.1 0.7 0.5 0.9 14 0.0 0.2 0.2 0.5 0.9 14 0.3 0.1 0.5 0.5 0.3 14 0.0 0.2 0.3 0.7 0.4 14 0.7 0.2 1.0 0.5 0.3 14 0.0 0.2 0.3 0.6 0.7 14 0.5 0.2 0.7 0.6 0.4 14 0.3 0.2 0.7 0.5 0.5 14 0.1 0.2 0.3 0.4 0.6 14 0.0 0.2 0.3 1.0 0.5 14 0.1 0.2 0.3 0.4 0.7 14 0.6 0.2 1.0 0.5 0.6 14 0.0 0.2 0.3 0.6 0.4 14 0.3 0.1 0.5 0.3 0.7 14 0.3 0.2 0.5 0.5 0.6 14 0.1 0.2 0.3 0.4 0.8 14 0.6 0.2 0.8 0.5 0.8 14 0.8 0.2 1.0 0.5 0.3 14 0.6 0.1 1.0 1.0 0.5 14 0.7 0.2 0.8 0.4
004222,0.4 15 0.2 0.4 0.2 0.5 0.3 8 0.6 0.4 0.7 0.5 0.8 15 0.2 0.3 0.3 0.5 0.5 15 0.3 0.4 0.3 0.5 0.3 8 0.4 0.3 0.6 0.5 0.5 8 0.6 0.4 0.7 0.5
004225,0.0 0 0.0 0.0 1.0 1.0
004226,0.0 0 0.0 0.0 1.0 1.0
004227,0.0 0 0.0 0.0 1.0 1.0
004233,0.0 0 0.0 0.0 1.0 1.0
004234,0.0 0 0.0 0.0 1.0 1.0
004235,0.0 0 0.0 0.0 1.0 1.0
004236,0.5 4 0.5 0.1 0.5 0.2 0.5 4 0.4 0.2 0.6 0.7 0.5 4 0.4 0.2 0.5 0.5 0.6 4 0.6 0.2 0.7 0.7 0.3 4 0.3 0.2 0.4 0.6 0.4 4 0.5 0.1 0.6 0.2 0.3 4 0.3 0.0 0.4 0.3 0.5 4 0.2 0.3 0.3 0.7 0.4 4 0.4 0.2 0.6 0.5 0.4 14 0.0 0.0 0.4 0.6 0.5 4 0.3 0.0 0.4 0.2 0.4 4 0.3 0.2 0.4 0.5 0.3 4 0.4 0.2 0.6 0.5
004238,0.7 14 0.4 0.2 0.6 0.7 0.3 14 0.6 0.0 0.9 0.6 0.3 14 0.7 0.2 0.9 0.7 0.5 14 0.6 0.0 0.9 0.7 0.8 14 0.4 0.2 0.6 0.6 0.3 14 0.1 0.2 0.2 0.5 1.0 14 0.0 0.2 0.2 0.7 0.5 14 0.6 0.0 0.9 0.7 0.4 14 0.4 0.0 0.9 0.7 0.4 14 0.6 0.0 0.8 0.4
004240,0.4 6 0.5 0.8 0.7 0.9 0.9 6 0.1 0.7 0.5 0.9 0.8 6 0.5 0.8 0.7 0.9
004243,0.9 14 0.7 0.2 0.8 0.3 1.0 14 0.1 0.2 0.2 0.4 0.7 14 0.8 0.2 0.8 0.3 0.5 14 0.8 0.2 0.8 0.3 0.7 14 0.1 0.2 0.2 0.5 0.9 14 0.8 0.2 0.8 0.3 0.4 14 0.1 0.2 0.2 0.5 0.9 14 0.8 0.2 0.8 0.3 0.7 14 0.7 0.2 0.7 0.3 0.3 6 0.6 0.2 0.8 0.4
004245,0.3 14 0.4 0.2 0.5 0.4 0.9 14 0.4 0.2 0.5 0.4
004248,0.9 14 0.5 0.3 0.5 0.3 0.3 14 0.3 0.5 0.5 0.7 0.8 14 0.4 0.5 0.5 0.7 0.5 14 0.4 0.5 0.5 0.7 0.4 14 0.4 0.3 0.5 0.7 0.9 14 0.8 0.3 0.9 0.4 0.9 14 0.4 0.3 0.5 0.4 0.3 14 0.4 0.5 0.5 0.7
004249,0.7 6 0.5 0.2 0.6 0.3 0.9 14 0.4 0.2 0.4 0.3 0.9 14 0.5 0.4 0.5 0.4 0.8 6 0.3 0.4 0.8 0.6 0.6 6 0.5 0.3 0.6 0.3
004250,0.3 8 0.1 0.4 0.2 0.6 0.5 8 0.0 0.4 0.1 0.8 0.4 14 0.1 0.2 0.6 0.9 0.4 8 0.1 0.3 0.2 0.6
004251,0.8 14 0.3 0.2 0.6 0.6
004252,0.3 15 0.7 0.4 0.8 0.5 0.6 14 0.3 0.2 0.4 0.4
004254,0.9 6 0.0 0.2 0.2 0.4 0.8 6 0.1 0.2 0.7 0.6
004260,0.5 14 0.2 0.0 0.7 0.7 0.7 14 0.8 0.3 1.0 0.4 0.3 14 0.3 0.0 0.7 0.7 0.7 14 0.2 0.0 1.0 1.0 0.5 14 0.8 0.3 1.0 0.7
004261,0.0 0 0.0 0.0 1.0 1.0
004262,0.3 15 0.1 0.9 0.1 1.0 0.4 15 0.1 0.9 0.1 0.9
004266,0.0 0 0.0 0.0 1.0 1.0
004267,0.0 0 0.0 0.0 1.0 1.0
004268,0.8 14 0.3 0.2 0.4 0.3 0.7 14 0.3 0.3 0.4 0.3 0.7 14 0.3 0.4 0.4 0.5 0.3 14 0.3 0.1 0.4 0.5 0.3 14 -0.0 0.5 0.3 0.7 0.5 14 0.3 0.2 0.3 0.3 0.3 14 0.3 0.2 0.4 0.3 0.8 14 0.3 0.3 0.4 0.5 0.3 6 0.4 0.3 0.8 0.6
004276,0.6 14 0.5 0.1 0.6 0.2 0.4 14 0.0 0.2 0.1 0.4 0.8 14 0.5 0.2 0.7 0.6 0.3 14 0.4 0.2 0.7 0.9 0.9 14 0.3 0.3 0.5 0.7 1.0 14 0.1 0.2 0.2 0.4 0.3 14 0.2 0.3 0.5 0.8 0.5 14 0.4 0.1 0.5 0.5 0.5 14 0.2 0.2 0.2 0.4 0.4 14 0.1 0.2 0.2 0.3 0.5 14 0.2 0.2 0.2 0.4 0.7 14 0.3 0.2 0.7 0.9 0.5 14 0.3 0.3 0.4 0.5 0.6 6 0.1 0.3 0.1 0.4 0.8 14 0.4 0.2 0.7 0.6
004277,0.0 0 0.0 0.0 1.0 1.0
004278,0.0 0 0.0 0.0 1.0 1.0
004282,0.0 0 0.0 0.0 1.0 1.0
004285,0.4 14 0.0 0.1 0.3 0.7 0.7 14 0.9 0.3 1.0 0.5 0.6 14 0.8 0.3 0.9 0.4 0.3 14 0.5 0.2 0.7 0.6 0.6 14 0.2 0.1 0.5 0.7 0.3 14 0.5 0.2 0.8 0.7 0.4 14 0.5 0.2 0.9 0.7 0.9 14 0.0 0.1 0.5 0.7 0.9 14 0.5 0.2 1.0 0.7 0.7 14 0.5 0.2 0.9 0.7 0.4 14 0.8 0.3 1.0 0.6
004288,0.6 14 0.7 0.4 0.9 0.8 0.5 14 0.6 0.4 0.9 0.8 0.7 14 0.0 0.0 0.4 0.6 0.3 14 0.5 0.0 0.9 0.6 0.6 14 0.0 0.0 0.4 0.9 0.4 14 0.5 0.0 0.9 0.6 0.3 14 0.4 0.0 0.9 0.8 0.3 14 0.5 0.0 0.9 0.8
004289,0.7 14 0.3 0.2 0.5 0.8 0.6 14 0.2 0.2 0.5 0.8 0.9 14 0.2 0.3 0.3 0.5 0.8 14 0.3 0.2 0.5 0.7 0.4 14 0.3 0.2 0.5 0.6 0.6 14 0.5 0.2 0.7 0.5 0.3 14 0.3 0.2 0.5 0.6 0.9 14 0.0 0.3 0.3 0.8 0.3 14 0.2 0.2 0.7 0.8 0.9 14 0.6 0.3 0.9 0.9 0.4 14 0.0 0.3 0.2 0.8 0.7 14 0.3 0.2 0.5 0.6 0.6 14 0.3 0.2 0.7 0.8 0.4 14 0.5 0.2 0.7 0.5
004290,0.8 6 0.0 0.5 0.1 0.7 0.9 6 0.6 0.4 0.7 0.6 0.7 6 0.0 0.4 0.1 0.7
004294,0.9 14 0.5 0.2 0.7 0.6 0.7 14 0.5 0.2 0.7 0.7
004297,0.6 14 0.4 0.0 0.5 0.5 0.5 14 0.3 0.0 0.6 0.8 0.6 14 0.8 0.0 0.9 0.8 0.3 14 0.6 0.0 0.9 0.8 0.5 14 0.5 0.0 0.7 0.7 0.3 14 0.3 0.3 0.6 0.7 0.4 14 0.3 0.3 0.5 0.6 0.4 14 0.4 0.0 0.7 0.7 0.3 14 0.2 0.3 0.6 0.8 0.6 14 0.3 0.0 0.6 0.6 0.4 14 0.3 0.3 0.5 0.6 0.6 14 0.4 0.0 0.6 0.7 0.5 14 0.3 0.3 0.6 0.8 0.5 14 0.3 0.0 0.7 0.7 0.5 14 0.7 0.0 0.9 0.8 0.6 14 0.4 0.0 0.7 0.7
004299,0.5 6 0.3 0.0 0.4 0.1 0.9 14 0.5 0.3 0.5 0.4
004301,0.8 14 0.2 0.1 0.4 0.8 0.5 14 0.1 0.1 0.5 0.8 0.7 14 0.3 0.1 0.4 0.5 0.5 14 0.2 0.1 0.5 0.6 0.3 14 0.1 0.2 0.2 0.3
004302,0.5 6 0.6 0.5 0.8 0.7 0.3 6 0.6 0.5 0.8 0.7
004305,0.5 6 0.6 0.7 0.6 0.8 0.6 14 0.0 0.7 0.0 0.8 0.7 6 0.9 0.7 0.9 0.8 0.6 6 0.1 0.5 0.6 0.9 0.5 14 0.6 0.7 0.7 0.8 0.3 6 0.7 0.7 0.8 0.8 0.9 6 0.7 0.7 0.8 0.8 0.9 14 0.6 0.7 0.7 1.0
004306,0.0 0 0.0 0.0 1.0 1.0
004308,0.0 0 0.0 0.0 1.0 1.0
004309,0.8 14 0.3 0.2 0.6 1.0 0.8 14 0.7 0.2 1.0 1.0 0.7 14 0.4 0.2 0.6 0.6 0.4 14 0.3 0.2 0.6 0.6 0.5 14 0.4 0.2 0.6 0.9
004311,0.3 19 0.6 0.3 0.7 0.5 0.4 6 0.5 0.4 0.6 0.4 0.5 15 0.4 0.2 0.6 0.4 1.0 14 0.1 0.1 0.3 1.0
004313,0.9 6 0.0 0.3 0.7 0.9
004314,0.3 0 0.0 0.2 1.0 0.7
004316,0.4 14 0.1 0.3 0.6 1.0
004317,0.9 14 0.2 0.3 0.3 0.6 0.4 14 0.3 0.4 0.8 0.6 0.7 14 0.0 0.3 0.1 0.5 0.5 14 0.0 0.3 0.3 0.6 0.9 14 0.3 0.4 0.5 0.6 0.3 14 0.0 0.3 0.3 0.6 0.4 14 0.2 0.3 0.3 0.5 0.9 14 0.0 0.3 0.1 0.6 0.4 14 0.2 0.3 0.3 0.4
004319,0.3 15 0.3 0.3 0.5 0.4
004320,0.4 14 0.5 0.3 0.5 0.4 0.7 6 0.2 0.3 0.6 0.5 0.4 14 0.2 0.3 0.2 0.4 0.8 14 0.2 0.3 0.2 0.4 0.7 14 0.3 0.3 0.4 0.4 0.8 6 0.0 0.3 0.1 0.4 0.5 14 0.2 0.3 0.2 0.4 0.9 14 0.5 0.3 0.5 0.4 0.5 14 0.2 0.3 0.2 0.4 0.5 14 0.2 0.3 0.2 0.3 0.3 6 0.2 0.3 0.5 0.5
004324,0.9 14 0.7 0.2 0.7 0.4
004328,0.9 14 0.1 0.3 0.3 0.6
004330,0.3 14 0.6 0.1 0.8 0.5 0.5 1 0.6 0.3 0.9 0.5 0.6 14 0.6 0.1 0.8 0.4 1.0 14 0.6 0.1 0.9 0.4
004332,0.0 0 0.0 0.0 1.0 1.0
004334,0.7 14 0.3 0.4 0.6 0.9 0.4 14 0.0 0.6 0.2 0.9 0.6 14 0.0 0.1 0.4 0.9 0.4 14 0.0 0.2 0.1 0.9 0.4 14 0.1 0.6 0.2 0.9 0.7 14 0.0 0.2 0.4 0.9 0.6 14 0.0 0.1 0.4 1.0 0.6 14 0.0 0.2 0.2 1.0 0.6 14 0.0 0.2 0.3 0.9
004335,0.6 6 0.2 0.2 0.7 0.6
004336,0.3 14 0.6 0.1 0.9 0.4 0.7 14 0.0 0.0 0.5 0.6 0.5 14 0.5 0.1 0.7 0.4 0.7 14 0.1 0.1 0.5 0.7 0.3 14 0.5 0.1 0.7 0.7 0.3 14 0.1 0.0 0.4 0.4 0.6 14 0.4 0.1 0.9 0.7 0.3 14 0.6 0.1 0.7 0.3 0.3 14 0.5 0.1 0.8 0.7 0.4 14 0.4 0.1 0.9 1.0
004337,0.8 6 0.2 0.3 0.3 0.4 0.6 6 0.7 0.4 0.9 0.5 0.6 6 0.0 0.3 0.1 0.4 0.4 6 0.7 0.4 1.0 0.5 0.9 6 0.7 0.4 1.0 0.5 0.6 6 0.6 0.3 0.8 0.5 0.4 6 0.5 0.3 1.0 0.5 0.5 6 0.3 0.4 0.4 0.4 0.4 6 0.8 0.4 1.0 0.5 0.9 6 0.1 0.3 0.2 0.4 0.7 6 0.0 0.3 0.1 0.4 0.5 6 0.5 0.4 0.7 0.5 0.6 6 0.0 0.3 0.0 0.4 0.5 6 0.2 0.3 0.3 0.4 0.8 6 0.2 0.3 0.4 0.4 0.5 6 0.1 0.3 0.2 0.4 0.7 6 0.0 0.3 0.1 0.4 0.5 6 0.4 0.3 0.6 0.4 0.3 6 0.2 0.3 0.2 0.4 0.7 6 0.0 0.3 0.1 0.4 0.8 6 0.3 0.3 0.4 0.4 0.8 6 0.4 0.4 0.5 0.4 0.4 6 0.4 0.3 0.8 0.5 0.6 6 0.5 0.3 0.7 0.5
004340,0.0 0 0.0 0.0 1.0 1.0
004342,0.6 14 0.5 0.2 0.6 0.4 0.6 14 0.3 0.2 0.6 0.7 0.4 14 0.6 0.2 0.9 0.4 0.3 14 0.6 0.2 0.8 0.6 0.3 14 0.4 0.3 0.8 0.7 0.6 14 0.6 0.2 0.8 0.4 0.8 14 0.5 0.2 0.6 0.4 0.6 14 0.6 0.2 0.9 0.5 0.7 14 0.3 0.2 0.6 0.5 0.4 14 0.5 0.2 0.8 0.7 0.6 14 0.3 0.2 0.9 0.7 0.3 14 0.4 0.4 0.6 0.7 0.5 14 0.6 0.2 0.9 0.6 0.4 14 0.6 0.2 0.7 0.4
004343,0.0 0 0.0 0.0 1.0 1.0
004344,0.5 14 0.2 0.3 0.3 0.5 0.7 14 0.2 0.3 0.4 0.5 0.7 14 0.2 0.3 0.4 0.5 0.6 14 0.2 0.3 0.4 0.8 0.4 14 0.2 0.3 0.4 0.6
004348,0.6 4 0.7 0.1 0.8 0.3 0.4 4 0.8 0.1 0.9 0.3 0.4 4 0.8 0.0 0.9 0.3
004350,0.5 14 0.0 0.3 0.9 0.8
004353,0.0 0 0.0 0.0 1.0 1.0
004355,0.5 14 0.4 0.1 0.6 0.5 0.3 14 0.3 0.1 0.4 0.5 0.5 4 0.4 0.4 0.5 0.6 0.7 14 0.5 0.1 0.7 0.6 0.3 14 0.4 0.1 0.8 0.8 0.5 4 0.3 0.4 0.4 0.6 0.6 14 0.1 0.1 0.3 0.6 0.9 14 0.4 0.1 0.6 0.6 0.9 14 0.2 0.1 0.5 0.6 0.3 14 0.6 0.3 0.8 0.7 0.4 14 0.5 0.1 0.8 0.6 0.5 4 0.4 0.4 0.5 0.6 0.7 14 0.4 0.1 0.6 0.6 0.9 14 0.0 0.1 0.3 0.6 0.4 4 0.2 0.4 0.3 0.6 0.4 14 0.5 0.1 0.9 0.8 0.7 4 0.3 0.4 0.4 0.7 0.5 14 0.5 0.1 0.8 0.7 0.7 4 0.4 0.4 0.5 0.8 0.5 14 0.4 0.1 0.8 0.7 0.4 14 0.5 0.1 0.9 0.8 0.5 14 0.5 0.1 0.9 0.8 0.4 14 0.5 0.1 0.7 0.6
004357,1.0 14 0.5 0.4 0.6 0.8 0.3 14 0.7 0.4 0.7 0.7 1.0 14 0.6 0.4 0.8 0.7 0.8 14 0.9 0.5 0.9 0.6 0.4 14 0.9 0.5 0.9 0.6 0.3 14 0.8 0.5 0.9 0.7
004358,0.0 0 0.0 0.0 1.0 1.0
004362,0.0 0 0.0 0.0 1.0 1.0
004363,0.3 14 0.7 0.3 0.9 0.7 0.9 14 0.2 0.3 0.4 0.7 0.4 14 0.8 0.3 0.9 0.5 0.4 14 0.7 0.3 0.9 0.7 0.5 14 0.2 0.3 0.4 0.7 0.4 14 0.3 0.3 0.4 0.6 0.5 14 0.2 0.3 0.4 0.8 0.7 14 0.6 0.3 0.9 0.7 0.6 14 0.5 0.4 0.7 0.8 0.8 14 0.7 0.3 0.9 0.7 0.9 14 0.6 0.4 0.7 0.6 0.8 14 0.5 0.3 0.9 0.8
004366,0.8 14 0.3 0.4 0.6 0.7 0.9 14 0.3 0.2 0.5 0.7 0.6 14 0.4 0.4 0.6 0.7
004373,0.0 0 0.0 0.0 1.0 1.0
004374,0.0 0 0.0 0.0 1.0 1.0
004375,0.3 14 0.6 0.3 0.7 0.4
004377,0.0 0 0.0 0.0 1.0 1.0
004378,0.3 14 0.5 0.5 0.7 0.9 0.7 14 0.2 0.2 0.5 1.0 0.4 6 0.4 0.3 0.4 0.4 0.7 14 0.0 0.2 0.1 0.7 0.3 6 0.4 0.7 0.5 0.8 0.8 14 0.0 0.2 0.5 1.0 0.9 14 0.0 0.2 0.1 1.0
004381,0.8 14 0.4 0.1 0.7 0.6 0.5 14 0.0 0.3 0.4 0.7
004382,0.0 0 0.0 0.0 1.0 1.0
004383,0.0 0 0.0 0.0 1.0 1.0
004385,0.5 14 0.6 0.1 0.8 0.6 0.4 14 0.0 0.0 0.2 0.5 0.4 14 0.6 0.1 0.9 0.7 0.6 14 0.6 0.1 0.8 0.5 0.5 14 0.0 0.0 0.8 0.7 0.4 14 0.6 0.1 0.9 0.7 0.3 14 0.6 0.1 0.9 0.7 0.3 14 0.6 0.1 0.8 0.4
004388,0.0 0 0.0 0.0 1.0 1.0
004393,0.0 0 0.0 0.0 1.0 1.0
004394,0.0 0 0.0 0.0 1.0 1.0
004395,0.4 1 0.2 0.3 0.7 0.5 0.9 14 0.3 0.1 0.6 0.4
004398,0.5 6 0.6 0.3 0.7 0.4 0.7 6 0.8 0.3 0.8 0.4 0.7 6 0.3 0.3 0.5 0.4
004399,0.0 0 0.0 0.0 1.0 1.0
004400,0.0 0 0.0 0.0 1.0 1.0
004401,0.0 0 0.0 0.0 1.0 1.0
004402,0.0 0 0.0 0.0 1.0 1.0
004403,0.9 14 0.3 0.1 0.6 0.7
004406,0.6 14 0.2 0.1 0.6 0.4 0.4 14 0.2 0.1 0.6 1.0 0.5 14 0.2 0.1 0.8 1.0
004407,0.0 0 0.0 0.0 1.0 1.0
004408,0.8 14 0.5 0.1 0.6 0.3 0.4 14 0.5 0.1 0.6 0.2 0.4 14 0.3 0.0 0.4 0.3 0.7 14 0.2 0.1 0.7 0.7 0.3 14 0.2 0.0 0.3 0.2 0.5 14 0.0 0.0 0.3 0.4 0.6 14 0.6 0.1 0.8 0.5 0.8 14 0.5 0.1 0.7 0.7 0.8 14 0.1 0.0 0.4 0.7 0.5 14 0.7 0.1 1.0 0.7 0.7 14 0.1 0.0 0.3 0.6 0.4 14 0.8 0.1 1.0 0.3 0.6 14 0.5 0.1 0.6 0.3 0.7 14 0.0 0.0 0.1 0.2 0.3 14 0.7 0.1 1.0 0.5 0.3 14 0.2 0.1 0.3 0.4 0.5 14 0.2 0.0 0.4 0.4 0.3 14 0.0 0.2 0.3 0.7 0.4 14 0.5 0.1 0.7 0.6 0.5 14 0.4 0.1 0.6 0.5 0.6 14 0.2 0.0 0.4 0.2 0.3 14 0.1 0.0 0.3 0.3 0.4 14 0.0 0.0 0.3 0.7 0.5 14 0.2 0.1 0.3 0.2 0.3 14 0.2 0.1 0.7 1.0 0.7 14 0.6 0.1 1.0 0.7 0.5 14 0.2 0.2 0.3 0.3 0.4 14 0.2 0.1 0.7 0.7 0.6 14 0.7 0.1 1.0 0.5 0.8 14 0.6 0.1 1.0 1.0
004410,0.9 14 0.2 0.3 0.3 0.4 0.8 14 0.4 0.0 0.6 0.3 0.6 14 0.2 0.1 0.6 0.5 0.8 14 0.3 0.1 0.5 0.4 0.6 14 0.3 0.0 0.6 0.4 0.5 14 0.3 0.1 0.5 0.5
004412,0.3 14 0.5 0.3 0.6 0.4 0.3 14 0.4 0.2 0.8 0.6 0.4 14 0.4 0.2 0.6 0.6 0.3 14 0.4 0.2 0.7 0.6 0.6 14 0.2 0.2 0.6 0.7 0.5 14 0.4 0.2 0.7 0.7 0.4 14 0.4 0.2 0.7 0.7 0.4 6 0.2 0.2 0.3 0.2 0.4 14 0.4 0.2 0.8 1.0 0.7 14 0.4 0.2 0.8 0.6
004413,0.0 0 0.0 0.0 1.0 1.0
004414,0.8 14 0.3 0.4 0.3 0.5 0.4 6 0.4 0.2 0.8 0.5
004415,0.0 0 0.0 0.0 1.0 1.0
004416,0.0 0 0.0 0.0 1.0 1.0
004417,0.5 1 0.3 0.4 0.4 0.6 0.4 1 0.3 0.5 0.4 0.6 0.9 14 0.1 0.2 0.1 0.3 0.9 14 0.6 0.2 0.6 0.3
004418,0.9 14 0.3 0.5 0.5 0.8
004419,0.4 14 0.1 0.2 0.6 0.7
004420,0.5 14 0.5 0.3 0.9 1.0 0.5 14 0.5 0.3 0.8 0.6 0.5 14 0.0 0.1 0.5 0.7 0.7 14 0.0 0.1 0.5 0.6 0.4 14 0.0 0.1 0.2 0.6 0.3 14 0.1 0.1 0.5 0.7 0.3 14 0.7 0.3 0.9 0.6 0.6 14 0.5 0.3 0.9 0.5 0.5 14 0.2 0.1 0.5 0.5 0.6 14 0.5 0.3 0.7 0.6 0.5 14 0.2 0.1 0.5 0.5 0.5 14 0.0 0.1 0.5 1.0 0.3 14 0.1 0.1 0.4 0.5 0.5 14 0.5 0.3 0.9 0.7 0.6 14 0.5 0.3 0.8 0.7 0.3 14 0.5 0.3 0.7 0.5 0.3 14 0.5 0.4 0.7 0.7 0.5 14 0.6 0.3 0.8 0.5
004422,0.0 0 0.0 0.0 1.0 1.0
004425,0.0 0 0.0 0.0 1.0 1.0
004426,0.3 6 0.1 0.2 0.8 0.6 0.6 6 0.0 0.0 0.3 0.2 0.6 6 0.1 0.0 0.3 0.1 0.4 6 0.1 0.2 0.8 0.6 0.7 6 0.0 0.1 0.1 0.1 0.3 6 0.1 0.0 0.3 0.2 0.4 6 0.2 0.0 0.3 0.1 0.4 6 0.1 0.0 0.8 0.6
004427,0.4 14 0.0 0.2 0.1 0.5 0.8 14 0.2 0.1 0.5 0.6 0.6 14 0.2 0.1 0.8 0.7 0.5 14 0.0 0.2 0.2 0.7 0.3 14 0.3 0.3 0.8 0.7
004428,0.7 14 0.0 -0.0 0.5 0.7
004431,0.0 0 0.0 0.0 1.0 1.0
004435,0.8 14 0.0 0.4 0.4 0.7 0.4 14 0.0 0.2 0.4 0.7 0.9 14 0.3 0.1 0.7 0.7 0.8 14 0.0 0.2 0.4 1.0 0.9 14 0.6 0.3 0.7 0.7 0.3 14 0.6 0.3 0.7 0.5
004440,0.7 14 0.5 0.4 0.6 0.6 0.3 14 0.5 0.1 0.9 0.7 0.4 14 0.1 0.0 0.9 0.7 0.6 14 0.5 0.3 0.8 0.7 0.4 14 0.1 0.0 0.6 0.7 0.4 14 0.1 0.0 0.5 0.7 0.4 14 0.6 0.4 0.8 0.6 0.3 14 0.0 0.3 0.2 0.7 0.4 14 0.1 0.0 0.8 0.7 0.4 14 0.0 0.3 0.1 0.7 0.4 14 0.4 0.1 0.9 0.7 0.3 14 0.1 0.0 0.6 0.7 0.3 14 0.4 0.4 0.8 0.7 0.4 14 0.0 0.3 0.2 1.0 0.4 14 0.1 0.0 0.9 1.0 0.4 14 0.0 0.0 0.9 1.0 0.4 14 0.2 0.4 0.6 0.7 0.3 14 0.5 0.3 0.8 0.7 0.4 14 0.5 0.1 0.8 0.7
004442,0.9 6 0.7 0.7 0.9 0.8 0.6 6 0.6 0.6 0.7 0.7 0.4 6 0.7 0.6 0.9 0.8
004443,0.7 14 0.6 0.3 0.6 0.4 0.7 14 0.6 0.3 0.7 0.4
004444,0.4 14 0.5 0.6 0.8 1.0 0.5 14 0.1 0.2 0.8 1.0 0.6 14 0.0 0.2 0.3 1.0
004445,0.5 14 0.8 0.4 0.9 0.8
004447,0.5 1 0.3 0.7 0.6 0.9 0.4 1 0.8 0.5 0.9 0.6 1.0 14 0.1 0.4 0.2 0.6 0.4 14 0.1 0.4 0.2 0.6 0.3 1 0.8 0.5 0.9 0.6 0.9 14 0.1 0.4 0.1 0.6 1.0 14 0.6 0.3 0.6 0.8
004448,0.0 0 0.0 0.0 1.0 1.0
004449,0.9 14 0.3 0.4 0.5 1.0 0.6 14 0.2 0.4 0.5 1.0 0.6 14 0.0 0.1 0.1 0.5 0.9 14 0.2 0.3 0.4 1.0 1.0 14 0.5 0.2 0.9 1.0
004451,0.5 8 0.0 0.7 0.4 1.0 0.4 15 0.7 0.3 0.8 0.4 0.7 15 0.1 0.4 0.3 0.7 0.3 15 0.1 0.4 0.3 0.7 0.3 15 0.7 0.3 0.8 0.4 0.3 15 0.7 0.3 0.8 0.4
004453,0.4 6 0.1 0.3 0.8 0.7 0.5 6 0.1 0.1 0.8 0.7
004454,1.0 14 0.4 0.2 0.6 0.8
004456,0.9 14 0.3 0.1 0.4 0.2 0.5 6 0.1 0.2 0.9 0.6
004458,0.7 6 0.1 0.3 0.7 0.5 0.5 6 0.1 0.3 0.7 0.5
004460,0.0 0 0.0 0.0 1.0 1.0
004461,0.0 0 0.0 0.0 1.0 1.0
004462,0.5 14 0.4 0.2 0.6 0.3 0.3 14 0.2 0.1 0.4 0.3 0.5 14 0.4 0.2 0.6 0.4 0.3 14 0.7 0.3 0.9 0.6
004465,0.3 14 0.3 0.1 0.6 0.6 0.6 14 0.5 0.2 0.8 0.7 0.8 14 0.2 0.2 0.4 0.7 0.7 14 0.0 0.2 0.4 0.7 0.6 14 0.2 0.2 0.6 0.7 0.3 14 0.4 0.2 0.7 0.7 0.3 14 0.5 0.1 0.6 0.4 0.9 14 0.4 0.2 0.8 0.7
004467,0.0 0 0.0 0.0 1.0 1.0
004469,0.7 14 0.6 0.0 0.6 0.2 0.4 14 0.0 0.2 0.2 0.5 0.8 14 0.5 0.2 0.9 0.7 0.5 14 0.6 0.2 0.7 0.5 0.3 14 0.1 0.2 0.3 0.6 0.3 4 0.4 0.4 0.4 0.5 1.0 14 0.1 0.2 0.3 0.5 0.4 14 0.0 0.2 0.2 0.5 0.3 14 0.6 0.1 0.8 0.4 0.4 14 0.2 0.2 0.3 0.5 0.4 14 0.2 0.2 0.3 0.4 0.9 14 0.1 0.1 0.2 0.2 0.5 4 0.3 0.6 0.3 0.8 0.9 14 0.0 0.2 0.2 0.7 0.3 14 0.2 0.2 0.3 0.4 0.4 14 0.5 0.2 0.7 0.6 0.5 14 0.0 0.2 0.2 0.6 0.5 14 0.5 0.2 0.8 0.5 1.0 14 0.5 0.2 0.7 0.5 0.5 14 0.5 0.2 0.9 0.6 0.4 14 0.1 0.2 0.2 0.4 0.6 14 0.4 0.2 0.9 0.7
004472,0.4 14 0.7 0.0 0.9 0.6 0.5 14 0.0 0.0 0.3 1.0 0.4 14 0.0 0.0 0.2 1.0
004473,0.6 6 0.4 0.3 0.8 0.5 0.6 6 0.4 0.3 0.8 0.5 0.7 6 0.4 0.3 0.8 0.5
004475,0.6 14 0.6 0.6 0.7 0.7 0.7 14 0.6 0.6 0.7 0.9 0.3 14 0.5 0.6 0.6 0.8 0.4 14 0.5 0.6 0.6 0.8 0.5 14 0.4 0.8 0.7 1.0
004476,0.5 14 0.2 0.2 0.6 0.7 0.6 14 0.0 0.2 0.3 0.7 0.5 14 0.6 0.1 0.8 0.7 0.4 14 0.6 0.2 0.8 0.7 0.6 14 0.8 0.1 0.9 0.7 0.4 14 0.4 0.2 0.6 0.6 0.4 14 0.7 0.1 0.9 0.7 0.8 14 0.0 0.2 0.3 0.6 0.4 14 0.7 0.1 0.9 0.6 0.3 4 0.6 0.0 0.7 0.5 0.5 14 0.0 0.2 0.1 0.6 0.6 14 0.2 0.2 0.6 0.7 0.6 14 0.6 0.1 0.9 0.6 0.5 14 0.2 0.3 0.4 0.7 0.6 14 0.5 0.2 0.7 0.7 0.9 14 0.4 0.2 0.6 0.7 0.7 14 0.0 0.2 0.4 0.7 0.9 14 0.6 0.1 0.9 0.8 0.7 4 0.0 0.4 0.1 0.7 0.5 14 0.4 0.4 0.6 0.7 0.5 14 0.4 0.2 0.7 0.7 0.8 14 0.6 0.1 0.9 1.0 0.7 4 0.6 0.0 0.7 0.3
004477,0.4 6 0.0 0.4 0.2 0.5 0.4 6 0.1 0.4 0.4 0.5 0.4 14 0.1 0.4 0.3 0.5 0.3 6 0.3 0.4 0.4 0.5
004478,0.5 6 0.4 0.1 0.4 0.1 0.6 6 0.3 0.1 0.4 0.1 0.7 6 0.1 0.1 0.3 0.2 0.7 6 0.0 0.1 0.1 0.2 0.7 6 0.0 0.1 0.1 0.2 0.8 6 0.2 0.1 0.4 0.2 0.7 6 0.2 0.1 0.4 0.2 0.5 6 0.0 0.1 0.1 0.2 0.4 6 0.1 0.1 0.3 0.2 0.4 6 0.0 0.1 0.3 0.2 0.7 6 0.1 0.1 0.8 0.7 0.8 6 0.0 0.1 0.2 0.2 0.8 6 0.2 0.1 0.4 0.2
004480,0.4 14 0.4 0.0 0.6 0.5 0.3 14 0.0 0.5 0.3 1.0 0.4 14 0.1 0.0 0.5 0.6 0.5 14 0.1 0.0 0.7 0.6 0.4 14 0.1 0.0 0.5 0.5 0.9 14 0.0 0.0 0.7 1.0 0.3 14 0.0 0.5 0.3 1.0
004482,0.8 14 0.4 0.1 0.6 0.5 0.6 4 0.7 0.5 0.8 0.6 0.5 15 0.6 0.4 0.7 0.5 0.4 14 0.2 0.1 0.4 0.7 0.7 14 0.0 0.1 0.4 0.6 0.4 15 0.6 0.4 0.7 0.6 0.9 14 0.4 0.1 0.7 0.5 0.6 14 0.2 0.1 0.4 0.5 0.8 14 0.0 0.1 0.4 0.6 0.3 15 0.6 0.4 0.7 0.5
004483,0.3 6 0.4 0.2 0.8 0.5
004485,1.0 14 0.2 0.1 0.3 0.6 1.0 14 0.3 0.2 0.4 0.6 0.9 14 0.4 0.1 0.5 0.6 1.0 14 0.0 0.2 0.3 0.7 1.0 14 0.6 0.1 0.8 0.6 1.0 14 0.5 0.1 0.6 0.6 1.0 14 0.7 0.0 0.9 0.6 0.5 14 0.6 0.1 0.9 0.6
004486,0.3 15 0.3 0.3 0.5 0.4 0.4 15 0.3 0.4 0.5 0.6 0.4 15 0.2 0.2 0.3 0.3 0.8 15 0.5 0.3 0.6 0.5 0.3 15 0.3 0.3 0.5 0.4 0.8 15 0.2 0.2 0.3 0.3 0.3 15 0.5 0.3 0.6 0.6 0.8 15 0.3 0.3 0.5 0.6 0.5 15 0.2 0.1 0.3 0.3 0.3 15 0.2 0.1 0.3 0.3 0.4 15 0.2 0.2 0.3 0.3 0.4 15 0.2 0.2 0.3 0.3 0.3 15 0.3 0.3 0.5 0.6 0.5 15 0.5 0.3 0.6 0.6
004489,0.0 0 0.0 0.0 1.0 1.0
004491,0.8 14 0.3 0.3 0.6 0.6 0.3 15 0.1 0.6 0.2 0.7 0.4 4 0.7 0.5 0.8 0.6 0.9 14 0.4 0.2 0.6 0.4 0.6 14 0.4 0.2 0.6 0.4 0.3 14 0.0 0.3 0.6 0.6 0.5 15 0.1 0.6 0.2 0.7 0.6 14 0.3 0.3 0.7 0.7
004492,0.5 6 0.2 -0.0 0.7 0.3
004497,0.3 6 0.0 0.3 0.6 0.7 0.4 6 0.0 0.1 0.8 0.7
004501,0.6 14 0.6 0.3 0.8 0.8 0.5 14 0.6 0.3 0.8 0.8
004503,0.5 14 0.3 0.2 0.6 0.7
004504,0.5 4 0.6 0.6 0.7 0.7
004505,0.3 6 0.5 0.1 0.6 0.1 0.7 14 0.5 0.4 0.5 0.5 0.4 14 0.6 0.1 0.7 0.1
004506,0.8 14 0.1 0.2 0.5 0.9 0.5 14 0.1 0.2 0.6 0.9
004511,0.5 14 0.8 0.1 1.0 0.6 0.4 14 0.0 0.0 0.2 0.6 0.4 14 0.6 0.1 1.0 0.6 0.7 14 0.0 -0.0 0.4 0.6 0.5 14 0.0 0.0 0.4 1.0 0.4 14 0.0 0.0 1.0 1.0 0.5 14 0.8 0.1 1.0 0.6
004513,0.0 0 0.0 0.0 1.0 1.0
004515,0.4 14 0.0 0.0 0.5 0.9 0.9 14 0.0 0.0 0.6 0.9
004516,0.9 14 0.4 0.2 0.5 0.3 1.0 14 0.4 0.3 0.6 0.7 0.4 14 0.6 0.2 0.8 0.7 0.4 14 0.4 0.2 0.5 0.4 0.4 14 0.6 0.2 0.9 0.7 0.3 14 0.4 0.2 0.5 0.6 0.3 14 0.4 0.3 0.6 0.7 0.8 14 0.6 0.2 0.9 0.7 0.5 4 0.1 0.2 0.2 0.4 0.7 14 0.6 0.2 0.8 0.7 0.9 14 0.6 0.4 0.7 0.7 0.8 14 0.6 0.2 0.9 0.7
004521,0.3 6 0.0 0.5 0.1 0.5 0.8 6 0.3 0.4 0.3 0.5 0.5 6 0.3 0.4 0.3 0.5 0.8 6 0.4 0.4 0.5 0.5
004522,0.0 0 0.0 0.0 1.0 1.0
004523,1.0 14 0.4 0.2 0.6 0.7 0.9 14 0.6 0.2 0.7 0.4 0.8 14 0.6 0.3 0.7 0.7 0.9 14 0.2 0.2 0.4 0.7 0.9 14 0.0 0.3 0.1 0.4 0.8 14 0.0 0.3 0.1 0.7 0.4 14 0.4 0.2 0.6 0.6 0.6 14 0.2 0.2 0.4 0.7 0.9 14 0.6 0.2 0.7 0.7 0.8 14 0.7 0.3 0.8 0.6
004525,0.0 0 0.0 0.0 1.0 1.0
004529,0.0 0 0.0 0.0 1.0 1.0
004531,0.0 0 0.0 0.0 1.0 1.0
004533,0.0 0 0.0 0.0 1.0 1.0
004534,0.9 14 0.4 0.5 0.4 0.6 0.5 14 0.6 0.5 0.7 0.6
004536,0.4 14 0.5 0.4 0.8 0.5 0.9 14 0.5 0.3 0.6 0.5 0.3 14 0.7 0.4 0.7 0.5 0.9 14 0.5 0.3 0.6 0.5 0.8 14 0.2 0.4 0.7 0.7
004538,0.4 14 0.4 0.1 0.6 0.4 0.4 14 0.1 0.3 0.7 1.0 0.4 14 0.1 0.1 0.6 0.8 0.9 14 0.4 0.1 0.6 0.6 0.7 14 0.1 0.2 0.7 1.0 0.5 14 0.6 0.2 0.7 0.7
004541,0.7 14 0.0 0.2 0.1 0.3 0.4 6 0.0 0.2 0.4 0.8 0.3 6 0.0 0.2 0.9 0.8
004543,0.8 6 0.0 0.1 0.7 1.0 0.6 6 0.9 0.3 1.0 0.3 0.4 6 0.4 0.1 0.9 0.7 0.9 6 0.9 0.2 1.0 0.3 0.5 6 0.4 0.1 1.0 0.7
004545,0.9 14 0.5 0.0 0.6 0.6 0.3 14 0.3 0.5 0.4 0.9 0.9 6 0.0 0.3 0.2 0.5 0.9 14 0.8 0.3 0.8 0.5 0.4 6 0.0 0.3 0.2 0.5
004546,0.7 4 0.3 0.5 0.4 1.0 0.4 6 0.8 0.1 0.9 0.2 0.3 6 0.5 0.2 0.8 0.3
004547,0.4 1 0.4 0.6 0.6 1.0 0.9 14 0.4 0.3 0.6 1.0 0.9 14 0.5 0.3 0.6 0.9 0.6 1 0.4 0.6 0.6 1.0
004550,0.0 0 0.0 0.0 1.0 1.0
004554,0.4 6 0.1 0.1 0.9 1.0
004556,0.5 6 0.3 0.7 0.4 0.8 0.7 6 0.4 0.7 0.6 0.8 0.5 6 0.3 0.7 0.6 0.8
004557,0.3 14 0.2 0.2 0.6 1.0 0.3 14 0.3 0.3 0.6 0.6 0.8 14 0.0 0.3 0.6 1.0 0.6 14 0.0 0.2 0.4 1.0 0.3 14 0.3 0.2 0.6 0.9 0.4 14 0.0 0.0 0.8 1.0 0.5 14 0.3 0.3 0.6 1.0
004559,0.4 6 0.2 0.5 0.3 0.6 0.4 14 0.2 0.2 0.2 0.3 0.8 14 0.7 0.7 0.7 0.9 0.3 6 0.2 0.5 0.3 0.7 0.6 8 0.5 0.7 0.6 1.0 0.5 6 0.7 0.5 0.8 0.6 0.3 14 0.0 0.1 0.2 0.3 0.7 14 0.7 0.7 0.7 0.8 0.3 6 0.6 0.5 0.7 0.6 0.7 14 0.1 0.2 0.3 0.3 0.4 14 0.0 0.1 0.1 0.3 0.5 14 0.2 0.4 0.2 0.5 0.3 6 0.6 0.5 0.7 0.6
004560,0.9 6 0.2 0.3 0.3 0.4 0.3 6 0.2 0.3 0.3 0.4 0.9 6 0.0 0.2 0.2 0.4 0.8 6 0.0 0.3 1.0 0.8 0.4 6 0.0 0.2 0.2 0.4 0.5 6 0.4 0.3 0.9 0.5
004561,0.9 14 0.3 0.4 0.5 1.0
004564,0.9 14 0.1 0.2 0.4 0.7 0.3 12 0.2 0.2 0.5 0.9
004567,0.4 4 0.5 0.5 0.5 0.6 0.6 4 0.6 0.4 0.7 0.5 0.3 4 0.6 0.4 0.7 0.5
004568,0.7 14 0.0 0.0 0.2 0.6 0.9 14 0.7 0.3 0.8 0.4 0.4 14 0.7 0.3 0.8 0.5 0.8 14 0.0 0.0 0.3 1.0
004569,0.4 14 0.0 0.3 0.3 1.0 0.4 14 0.0 0.3 0.3 1.0 0.5 14 0.0 0.0 0.5 0.9 0.5 14 0.0 0.0 0.6 1.0 0.7 14 0.0 0.3 0.3 0.9 0.4 14 0.2 0.0 0.5 0.9 0.6 14 0.0 0.0 0.5 1.0 0.4 14 0.0 0.0 0.3 0.9 0.3 14 0.2 0.3 0.5 0.9
004572,0.0 0 0.0 0.0 1.0 1.0
004573,0.9 14 0.4 0.3 0.4 0.4 0.9 14 0.5 0.3 0.6 0.3
004575,0.0 0 0.0 0.0 1.0 1.0
004577,0.0 0 0.0 0.0 1.0 1.0
004578,0.4 15 0.0 0.7 0.2 0.8 0.7 14 0.1 0.1 0.2 0.6 0.9 6 0.8 0.5 0.9 0.7 0.5 6 0.7 0.6 0.8 0.7 0.4 14 0.1 0.1 0.2 0.6 0.7 6 0.8 0.6 0.9 0.7
004580,0.3 14 0.4 0.5 0.5 0.9 0.6 6 0.4 0.5 0.5 0.6 0.7 14 0.4 0.5 0.4 0.6 0.6 6 0.2 0.5 0.3 0.7 1.0 14 0.2 0.5 0.4 1.0 0.5 6 0.2 0.5 0.3 0.7 0.5 6 0.2 0.5 0.3 0.7 0.4 6 0.0 0.2 0.2 0.9 0.4 14 0.5 0.5 0.6 0.7 0.5 6 0.2 0.5 0.2 0.6 0.5 14 0.4 0.5 0.6 0.8 0.9 14 0.4 0.5 0.6 1.0
004582,0.6 14 0.0 0.0 0.5 1.0 0.6 14 0.1 0.0 0.8 1.0 0.3 14 0.1 0.3 0.8 1.0
004583,0.0 0 0.0 0.0 1.0 1.0
004586,0.9 6 0.0 0.5 0.8 1.0
004589,0.8 14 0.4 0.1 0.5 0.5 0.5 6 0.5 0.7 0.5 0.7 0.4 6 0.3 0.7 0.4 0.8 0.8 6 0.6 0.9 0.7 0.9
004590,0.6 14 0.9 0.4 1.0 1.0 0.9 14 0.9 0.4 1.0 0.9 0.8 14 0.1 0.0 0.3 0.6 0.7 14 0.5 0.0 0.7 0.6 0.4 14 0.0 0.1 0.1 0.6 0.7 14 0.0 0.1 0.1 0.7 0.4 14 0.1 0.0 0.3 0.5 0.8 14 0.1 0.0 0.3 0.9 0.3 14 0.1 0.0 0.3 0.5 0.6 14 0.0 0.0 0.2 1.0 0.9 14 0.7 0.3 0.9 0.9 0.7 14 0.0 0.1 0.2 0.9 0.5 14 0.5 0.0 0.8 0.8 0.4 14 0.5 0.0 0.7 0.9 0.3 14 0.5 0.3 0.9 0.9
004593,0.5 14 0.0 0.1 0.2 0.4 0.3 14 0.0 0.0 0.5 1.0 0.4 14 0.0 0.1 0.3 1.0
004594,0.4 6 0.0 0.0 0.9 0.2 0.5 6 0.2 0.2 0.6 0.5 0.4 6 0.0 0.0 0.3 0.2
004596,0.4 6 0.0 0.0 0.7 1.0
004598,0.4 14 0.4 0.2 0.6 0.5 0.9 14 0.3 0.2 0.6 0.8 0.4 14 0.0 0.2 0.2 0.7 0.3 14 0.6 0.1 1.0 1.0 0.6 14 0.9 0.2 1.0 0.5 0.8 14 0.2 0.1 0.5 0.8 0.5 14 0.9 0.2 1.0 0.7 0.6 14 0.9 0.2 1.0 0.5 0.7 14 0.9 0.2 1.0 0.3 0.4 14 0.5 0.2 0.7 0.5 0.8 14 0.0 0.2 0.1 0.4 0.7 14 0.7 0.1 0.9 0.7 0.9 14 0.0 0.2 0.2 0.8 0.3 14 0.3 0.3 0.4 0.5 0.6 14 0.7 0.1 0.9 0.5 0.7 14 0.3 0.1 0.5 0.5 0.4 14 0.0 0.2 0.2 0.7 0.7 14 0.5 0.2 0.7 0.6 0.5 14 0.4 0.2 0.6 0.6 0.6 14 0.2 0.1 0.3 0.5 0.8 14 0.0 0.1 0.3 0.8 0.4 14 1.0 0.1 1.0 0.2 0.6 14 0.1 0.2 0.2 0.2 0.7 14 0.0 0.2 0.3 0.7 0.4 14 0.2 0.1 0.3 0.4 0.7 14 0.7 0.1 0.9 0.7 0.6 14 0.0 0.2 0.2 0.7 0.5 14 0.3 0.1 0.4 0.4 0.7 14 0.3 0.1 0.5 0.8 0.4 14 0.9 0.2 1.0 0.7 0.8 14 0.5 0.1 0.9 0.7 0.4 14 0.3 0.2 0.7 0.8 0.8 14 0.5 0.1 0.7 0.8 0.7 14 0.5 0.2 0.7 0.4 0.5 14 0.5 0.1 1.0 0.8
004599,0.7 4 0.2 0.1 0.4 0.9 0.5 14 0.2 0.0 0.6 0.9 0.5 14 0.5 0.4 0.6 0.7 0.8 14 0.0 0.0 0.2 0.6 0.4 4 0.3 0.0 0.4 0.4 0.7 4 0.5 0.2 0.6 0.5 0.3 4 0.5 0.2 0.6 0.4
004602,0.8 6 0.1 0.3 1.0 0.6
004603,0.0 0 0.0 0.0 1.0 1.0
004608,0.0 0 0.0 0.0 1.0 1.0
004610,0.7 14 0.4 0.0 0.5 0.3 0.4 14 0.3 0.0 0.6 1.0 0.4 14 0.1 0.0 0.6 0.5 0.4 14 0.4 0.0 0.8 0.3 0.5 14 0.1 0.3 0.6 1.0 0.4 14 0.4 0.0 0.8 0.7 0.6 14 0.4 0.0 0.6 0.7 0.4 14 0.0 0.0 0.6 1.0 0.4 14 0.4 0.0 0.8 0.7 0.6 14 0.4 0.0 0.8 1.0 0.6 14 0.5 0.0 0.8 0.3
004613,0.0 0 0.0 0.0 1.0 1.0
004614,0.0 0 0.0 0.0 1.0 1.0
004615,0.3 15 0.1 0.7 0.2 0.8 0.4 6 0.0 0.7 0.1 0.8 0.9 6 0.6 0.8 0.7 0.9
004616,0.5 6 0.7 0.2 0.9 0.3 0.4 6 0.1 0.1 0.9 0.7
004617,0.0 0 0.0 0.0 1.0 1.0
004619,0.5 14 0.4 0.6 0.6 1.0 0.4 14 0.4 0.6 0.6 0.7 0.4 14 0.5 0.2 0.8 0.7 0.5 14 0.5 0.2 0.8 0.8 0.3 14 0.4 0.2 0.8 0.7 0.5 14 0.4 0.2 0.8 1.0 0.5 14 0.4 0.2 1.0 1.0
004620,0.3 14 0.2 0.1 0.5 0.4 0.7 14 0.3 0.1 0.5 0.4 0.7 14 0.3 0.1 1.0 0.5
004621,0.0 0 0.0 0.0 1.0 1.0
004624,0.0 0 0.0 0.0 1.0 1.0
004629,0.7 6 0.0 0.6 0.1 0.6 0.9 14 0.4 0.2 0.5 0.4 0.4 12 0.4 0.3 0.6 0.8 0.3 14 0.6 0.2 0.7 0.5 0.7 14 0.6 0.4 0.7 0.8 0.8 14 0.2 0.2 0.3 0.8 0.9 14 0.2 0.4 0.4 0.8 0.5 14 0.6 0.2 0.7 0.5 0.8 14 0.4 0.2 0.5 0.8 0.8 14 0.2 0.2 0.3 0.6 0.9 14 0.1 0.4 0.2 0.8 0.5 14 0.3 0.4 0.4 0.8 0.8 14 0.6 0.2 0.7 0.8 0.9 14 0.6 0.3 0.6 0.8 0.9 14 0.6 0.2 0.7 0.4
004633,0.0 0 0.0 0.0 1.0 1.0
004635,0.8 14 0.7 0.7 0.9 1.0
004637,0.7 1 0.0 0.4 0.2 0.7 0.7 14 0.4 0.5 0.5 0.6 0.3 1 0.4 0.5 0.6 0.7 0.7 14 0.0 0.2 0.2 0.5 0.3 14 0.0 0.2 0.1 0.6 1.0 14 0.4 0.3 0.6 0.6 1.0 14 0.0 0.2 0.2 0.6 0.8 1 0.4 0.4 0.6 0.7
004638,0.3 6 0.2 0.3 0.3 0.4
004639,0.9 14 0.4 0.0 0.6 1.0 0.3 14 0.3 0.0 0.5 0.7 0.7 14 0.4 0.0 0.6 0.8 0.4 14 0.4 0.0 0.6 0.8
004640,0.6 4 0.4 0.3 0.4 0.4 0.5 8 0.0 0.6 0.3 1.0 0.9 14 0.4 0.2 0.5 0.4 0.5 4 0.4 0.4 0.4 0.6 0.7 8 0.6 0.6 0.8 0.9 0.4 8 0.0 0.6 0.3 0.9 0.4 8 0.7 0.6 0.8 0.9 0.6 14 0.7 0.1 0.8 0.5 0.9 14 0.5 0.2 0.7 0.5 0.4 4 0.3 0.3 0.4 0.4 0.5 14 0.7 0.2 0.8 0.5 0.3 14 0.7 0.1 0.8 0.5 1.0 14 0.4 0.2 0.5 0.5 0.8 14 0.0 0.2 0.2 0.5 0.6 14 0.4 0.2 0.5 0.6 0.4 14 0.7 0.2 0.8 0.5 0.7 4 0.3 0.3 0.3 0.4 0.7 14 0.4 0.2 0.5 0.5 0.9 14 0.1 0.1 0.2 0.4 0.5 14 0.1 0.1 0.2 0.5 0.8 14 0.0 0.2 0.1 0.4 0.9 14 0.0 0.2 0.2 0.8 0.7 4 0.2 0.3 0.3 0.4 0.7 14 0.5 0.2 0.8 0.9 0.4 8 0.0 0.6 0.2 0.9 0.5 4 0.3 0.3 0.3 0.4 0.6 4 0.3 0.3 0.4 0.5 0.3 8 0.7 0.6 0.8 0.9 0.4 14 0.4 0.5 0.8 1.0 0.6 14 0.4 0.2 0.8 0.9
004641,0.4 6 0.1 0.1 0.8 0.6 0.4 6 0.7 0.6 0.9 0.7 0.9 14 0.3 0.0 0.6 0.5
004642,0.6 14 0.1 0.1 0.7 1.0
004645,0.3 0 0.0 0.2 1.0 0.5 0.4 0 0.0 0.2 1.0 0.5
004646,0.0 0 0.0 0.0 1.0 1.0
004650,1.0 14 0.3 0.2 0.5 0.6 0.6 6 0.1 0.1 0.9 0.6 0.6 6 0.7 0.2 0.9 0.4
004657,0.6 6 0.3 0.0 0.4 0.1
004658,0.5 14 0.2 0.3 0.4 0.7 0.4 14 0.2 0.3 0.4 0.7 0.4 14 0.2 0.3 0.4 0.7 0.8 14 0.2 0.3 0.3 0.5 0.3 14 0.2 0.3 0.4 0.7 0.4 14 0.2 0.3 0.3 0.6 0.4 14 0.2 0.3 0.4 0.7
004659,0.7 14 0.0 0.6 0.1 0.7 0.8 14 0.2 0.4 0.7 0.7 0.6 14 0.4 0.6 0.5 0.7
004661,0.3 14 0.2 0.1 0.5 0.5 0.4 14 0.2 0.3 0.8 0.7 0.3 14 0.7 0.3 0.9 0.6 0.7 14 0.6 0.3 0.8 0.6 0.3 14 0.4 0.3 0.9 0.7 0.3 14 0.0 0.1 0.6 0.7 0.6 14 0.2 0.1 0.6 0.7 0.5 14 0.7 0.3 0.9 0.6 0.4 14 0.2 0.1 0.5 0.6 0.3 14 0.4 0.3 0.7 0.6 0.3 14 0.2 0.1 0.6 0.7 0.3 14 0.0 0.2 0.6 1.0 0.4 14 0.0 0.5 0.2 0.7 0.4 14 0.2 0.3 0.7 0.7 0.3 14 0.2 0.3 0.9 0.7 0.5 14 0.6 0.3 0.8 0.6
004663,0.0 0 0.0 0.0 1.0 1.0
004664,0.6 8 0.5 0.7 0.7 1.0 0.4 8 0.5 0.7 0.7 1.0
004665,0.4 6 0.3 0.4 0.5 0.5 0.5 14 0.4 0.4 0.4 0.5
004666,0.8 14 0.5 0.4 0.5 0.5 0.4 6 0.6 0.3 0.8 0.5 0.8 6 0.5 0.4 0.7 0.5 1.0 14 0.3 0.4 0.4 0.6 0.9 14 0.8 0.4 0.9 0.5 0.4 14 0.4 0.5 0.4 0.6 0.9 14 0.5 0.4 0.6 0.5 0.9 14 0.4 0.4 0.5 0.5 0.5 6 0.0 0.2 0.6 0.6 1.0 14 0.8 0.4 0.8 0.5 0.9 14 0.4 0.4 0.4 0.6 0.7 6 0.5 0.3 0.8 0.5 0.8 14 0.5 0.4 0.5 0.5 0.3 6 0.6 0.3 0.8 0.5
004667,0.6 14 0.6 0.0 0.7 0.4 0.4 14 0.5 0.1 0.7 0.7 0.9 6 0.0 0.2 0.4 0.5 0.5 14 0.6 0.0 0.8 0.8 0.9 14 0.5 0.0 0.8 0.7
004668,0.4 14 0.0 0.2 0.4 0.7 0.9 14 0.1 0.2 0.4 0.6 0.7 14 0.6 0.2 0.8 0.5 0.5 14 0.1 0.2 0.4 0.7 0.9 14 0.6 0.2 0.9 0.6
004669,0.0 0 0.0 0.0 1.0 1.0
004670,0.0 0 0.0 0.0 1.0 1.0
004677,0.6 8 0.2 0.4 0.4 0.9 0.4 8 0.2 0.6 0.4 0.9 0.4 14 0.5 0.5 0.6 0.7
004678,0.0 0 0.0 0.0 1.0 1.0
004680,0.3 0 0.2 0.3 0.6 0.5
004681,0.0 0 0.0 0.0 1.0 1.0
004684,0.5 6 0.3 0.2 0.9 0.8 0.6 6 0.0 0.2 0.9 0.8 0.5 6 0.3 0.2 0.9 0.7
004688,0.5 6 0.0 0.1 0.8 0.7
004690,0.7 14 0.7 0.6 0.7 0.6 0.9 14 0.6 0.5 0.7 0.6 1.0 14 0.2 0.1 0.5 0.8 0.8 14 0.7 0.6 0.7 0.7
004695,0.3 19 0.2 0.2 0.2 0.4
004696,0.0 0 0.0 0.0 1.0 1.0
004697,0.5 14 0.6 -0.0 0.8 0.3 0.5 6 0.1 0.0 0.7 0.6
004698,0.8 14 0.7 0.3 0.8 0.5 0.7 14 0.8 0.3 0.8 0.4 0.8 14 0.8 0.3 0.9 0.4 0.4 14 0.0 0.2 0.1 0.4 0.9 14 0.6 0.3 0.7 0.5 0.9 14 0.3 0.0 0.7 0.7 0.6 14 0.0 0.0 0.7 1.0 0.5 14 0.8 0.3 0.9 0.6 0.6 14 0.6 0.3 0.9 0.5 0.9 14 0.8 0.3 0.9 0.6 0.7 14 0.7 0.3 0.7 0.4 0.6 14 0.6 0.4 0.7 0.5 0.3 14 0.0 0.2 0.1 0.3
004700,0.0 0 0.0 0.0 1.0 1.0
004703,0.3 1 0.3 0.4 0.5 0.7 0.6 1 0.3 0.3 0.5 0.7 1.0 14 0.3 0.1 0.4 0.6 0.3 1 0.3 0.4 0.5 0.7
004704,0.3 14 0.1 0.3 0.4 0.8 0.8 14 0.0 0.3 0.6 1.0
004709,0.6 14 0.1 0.1 0.7 0.7 0.4 14 0.3 0.1 0.7 0.7 0.5 14 0.1 0.1 0.7 1.0 0.9 14 0.7 0.6 0.8 0.7 0.4 14 0.3 0.1 0.7 0.7
004711,0.4 1 0.7 0.5 0.8 0.7 0.7 6 0.4 0.2 0.8 0.5
004712,0.7 14 0.2 0.2 0.7 0.8 0.8 14 0.0 0.2 0.7 1.0
004713,0.4 14 0.6 0.2 0.8 0.5 0.7 14 0.1 0.5 0.4 0.7 0.4 14 0.6 0.2 0.8 0.5 0.3 14 0.1 0.5 0.4 1.0 0.3 14 0.0 0.0 0.6 1.0 0.4 14 0.1 0.5 0.3 0.6 0.4 14 0.1 0.0 0.8 1.0 0.4 14 0.1 0.5 0.3 0.6
004716,0.8 14 0.4 0.0 0.8 0.6 0.4 14 0.4 0.2 0.8 0.7 0.4 14 0.4 0.0 0.8 0.7
004717,0.5 14 0.5 0.4 0.6 0.5 0.4 4 0.4 0.4 0.4 0.5 0.7 4 0.4 0.4 0.4 0.5 0.4 4 0.2 0.4 0.3 0.5
004720,0.4 4 0.3 0.3 0.3 0.4
004721,0.7 14 0.4 0.3 0.6 0.6 0.8 14 0.2 0.3 0.6 0.7 0.8 14 0.6 0.3 0.8 0.7 0.5 4 0.3 0.5 0.4 0.7 0.5 14 0.4 0.3 0.7 0.6 0.3 14 0.2 0.3 0.5 0.7 0.6 4 0.3 0.5 0.4 0.7 0.8 14 0.2 0.3 0.5 0.7 0.7 14 0.4 0.3 0.6 0.7 0.4 14 0.2 0.3 0.5 0.6 0.3 14 0.4 0.3 0.8 0.7 0.6 4 0.3 0.5 0.4 0.7 0.4 14 0.3 0.3 0.8 0.7 0.6 14 0.3 0.3 0.8 0.7 0.4 14 0.5 0.3 0.7 0.6 0.4 14 0.5 0.3 0.7 0.7
004724,0.3 6 0.1 0.2 0.9 0.6 0.3 6 0.1 0.2 0.9 0.6 0.4 6 0.1 0.2 0.9 0.6
004725,0.4 14 0.6 0.0 0.7 0.1 0.5 14 0.4 0.0 0.5 0.2 0.5 14 0.7 0.0 0.7 0.3 1.0 14 0.3 0.1 0.7 0.6 0.6 6 0.0 0.1 0.8 0.7 0.5 14 0.3 0.2 0.8 0.6 0.7 14 0.6 -0.0 0.7 0.3
004726,0.5 14 0.5 0.1 0.8 0.7 0.3 14 0.2 0.1 0.6 1.0 0.5 14 0.4 0.1 0.8 0.7 0.8 14 0.0 0.1 0.5 1.0 0.4 14 0.1 0.1 0.8 1.0 0.4 14 0.3 0.1 0.8 1.0
004728,0.8 14 0.9 0.4 0.9 0.5 0.3 14 0.9 0.4 0.9 0.5
004729,0.4 6 0.0 0.1 0.7 0.6
004730,0.0 0 0.0 0.0 1.0 1.0
004731,0.3 6 0.7 0.1 0.8 0.1 0.7 6 0.6 0.1 0.8 0.2 0.9 14 0.2 0.0 0.2 0.2 0.9 14 0.2 0.3 0.5 0.7
004733,0.3 4 0.5 0.3 0.6 0.6 0.4 4 0.5 0.3 0.6 0.6
004734,0.3 6 0.1 0.1 0.8 0.5 0.8 6 0.1 0.1 0.8 0.5
004736,0.0 0 0.0 0.0 1.0 1.0
004738,0.8 14 0.5 0.5 0.6 0.6 0.5 14 0.3 0.5 0.6 0.8 0.9 14 0.5 0.5 0.6 0.8
004739,0.4 14 0.4 0.3 0.6 0.5 0.5 14 -0.0 0.6 0.3 1.0 0.5 14 0.0 0.6 0.2 0.8 0.4 14 0.4 0.3 0.7 0.8 0.8 14 0.1 0.3 0.4 0.8 0.5 14 0.3 0.3 0.5 0.6 0.4 14 0.1 0.3 0.4 0.7 0.4 14 0.5 0.3 0.6 0.7 0.8 14 0.4 0.3 0.6 0.6 0.4 14 0.0 0.3 0.2 0.7 0.4 14 0.4 0.3 0.7 0.8 0.4 14 0.0 0.6 0.3 0.8 0.4 14 0.3 0.3 0.6 0.7 0.6 14 0.1 0.3 0.4 0.5 0.6 14 0.0 0.3 0.3 1.0 0.3 14 0.2 0.3 0.4 0.5 0.4 14 0.0 0.3 0.3 0.8 0.5 14 0.3 0.3 0.5 0.5 0.4 14 0.3 0.3 0.5 0.8 0.8 14 0.3 0.3 0.7 0.8
004740,0.4 14 0.5 0.2 0.7 0.4 0.9 14 0.3 0.2 0.5 0.4 0.4 14 0.2 0.3 0.4 0.6 0.8 14 0.2 0.3 0.4 0.6 0.3 14 0.0 0.2 0.3 0.5 0.3 14 0.2 0.3 0.4 0.6 0.9 14 0.5 0.2 0.7 0.4 0.6 14 0.0 0.2 0.1 0.4 0.8 14 0.3 0.2 0.5 0.4 0.5 14 0.0 0.2 0.1 0.3 1.0 14 0.0 0.2 0.3 0.6 0.5 14 0.2 0.3 0.3 0.4 0.9 14 0.3 0.3 0.4 0.5 0.6 14 0.5 0.2 0.9 0.5 0.9 14 0.5 0.2 0.7 0.5 1.0 14 0.7 0.2 0.9 0.5
004741,0.0 0 0.0 0.0 1.0 1.0
004744,0.7 14 0.0 0.0 0.3 0.5 0.8 14 0.6 0.1 1.0 0.5 0.7 14 0.6 0.1 1.0 0.5 0.5 14 0.0 0.0 0.4 0.6 0.7 14 0.0 0.0 0.5 1.0 0.7 14 0.6 0.1 1.0 0.6 0.5 14 0.4 0.1 1.0 0.6 0.4 14 0.6 0.1 0.9 0.4
004745,0.4 6 0.1 0.1 0.9 0.6 1.0 14 0.9 0.2 1.0 0.4 0.9 14 0.1 0.1 0.2 0.2 0.5 6 0.1 0.2 0.9 0.6 0.8 6 0.1 0.1 0.9 0.6 0.9 14 0.8 0.2 0.9 0.3 0.5 14 0.7 0.2 0.8 0.3
004749,0.7 14 0.3 0.1 0.5 0.4 0.5 14 0.2 0.1 0.6 0.5 0.4 8 0.2 0.5 0.3 0.6 0.8 14 0.2 0.1 0.6 0.5 0.3 14 0.2 0.1 0.6 0.6 0.3 14 0.0 0.1 0.6 1.0
004751,0.0 0 0.0 0.0 1.0 1.0
004752,0.0 0 0.0 0.0 1.0 1.0
004755,0.8 14 0.5 0.3 0.6 0.3 0.8 6 0.3 0.3 0.8 0.4 0.6 14 0.8 0.1 0.9 0.2 0.4 6 0.0 0.3 0.9 0.6
004756,0.3 14 0.4 0.1 0.6 0.4 0.8 14 0.4 0.1 0.6 0.4 0.6 14 0.4 0.1 0.6 0.4
004757,0.0 0 0.0 0.0 1.0 1.0
004758,0.4 14 0.2 0.2 0.6 1.0 0.7 14 0.2 0.2 0.5 1.0
004759,0.0 0 0.0 0.0 1.0 1.0
004762,0.4 6 0.1 0.1 0.9 0.5 0.7 6 0.9 0.3 1.0 0.3 0.3 6 0.1 0.1 0.9 0.5 0.6 6 0.1 0.1 0.9 0.5
004763,0.3 6 0.0 0.0 0.3 0.0 0.7 6 0.0 0.0 0.3 0.1 0.4 1 0.5 0.1 0.9 0.6
004764,0.6 6 0.5 0.4 0.6 0.5 0.3 6 0.1 0.4 0.4 0.6 0.8 6 0.1 0.4 0.4 0.6 0.9 6 0.0 0.5 0.1 0.5 0.6 6 0.0 0.4 0.4 0.6 0.3 6 0.6 0.4 0.7 0.5 0.5 6 0.6 0.4 0.7 0.5
004765,0.8 14 0.0 0.5 0.2 0.6 0.4 14 0.2 0.0 0.6 0.5 0.6 14 0.2 0.0 0.5 0.5 0.7 14 0.1 0.0 0.6 1.0
004766,0.4 14 0.4 0.0 0.7 0.4 0.4 14 0.3 0.0 0.7 0.5 0.6 14 0.0 0.1 0.1 0.4 0.8 14 0.6 0.3 0.8 0.5 0.4 14 0.4 0.0 0.7 0.6 0.5 14 0.0 0.0 0.1 0.6 0.7 14 0.3 0.0 0.8 0.6 0.4 14 0.0 0.0 0.1 0.6 0.4 14 0.3 0.0 0.6 0.6 0.6 14 0.3 0.0 0.7 0.6 0.8 14 0.4 0.2 0.8 0.6 0.5 14 0.6 0.3 0.7 0.4 0.6 14 0.6 0.3 0.8 0.6
004767,0.0 0 0.0 0.0 1.0 1.0
004769,0.6 14 0.6 0.4 0.8 0.6 0.8 14 0.7 0.4 0.8 0.5 1.0 14 0.1 0.1 0.3 0.6 0.6 14 0.6 0.4 0.7 0.5 0.9 14 0.6 0.4 0.7 0.6
004771,0.5 14 0.5 0.2 0.7 0.5 0.4 14 0.2 0.1 0.7 0.8 0.6 14 0.0 0.6 0.2 0.8 0.4 14 0.5 0.3 0.7 0.6 0.5 14 0.4 0.6 0.7 0.8 0.4 14 0.0 0.2 0.1 0.7 0.8 14 0.1 0.2 0.2 0.6 0.8 14 0.5 0.2 0.7 0.6 0.3 14 0.0 0.1 0.7 1.0 0.7 14 0.0 0.2 0.1 0.5 0.9 14 0.2 0.1 0.5 0.9 0.5 14 0.4 0.6 0.6 0.8 0.8 14 0.0 0.2 0.1 0.9 0.7 14 0.0 0.6 0.2 0.8 0.6 14 0.0 0.5 0.3 0.9 0.5 14 0.5 0.2 0.7 0.7 0.5 14 0.0 0.1 0.5 0.9 0.4 14 0.1 0.2 0.2 0.4 0.8 14 0.0 0.2 0.2 0.9 0.5 14 0.1 0.2 0.2 0.6 0.8 14 0.4 0.6 0.7 0.8 0.5 14 0.4 0.2 0.7 0.8 0.6 14 0.5 0.2 0.7 0.5 0.5 14 0.1 0.2 0.2 0.4 0.5 14 0.5 0.2 0.7 0.5
004772,0.8 14 0.1 0.2 0.6 1.0
004774,0.0 0 0.0 0.0 1.0 1.0
004775,0.0 0 0.0 0.0 1.0 1.0
004778,0.0 0 0.0 0.0 1.0 1.0
004780,0.5 6 0.3 0.8 0.5 0.9 0.5 15 0.2 0.8 0.3 0.9 0.6 6 0.3 0.8 0.5 0.9 0.3 15 0.3 0.7 0.3 0.8 0.4 15 0.2 0.8 0.3 0.9 0.3 15 0.1 0.8 0.1 0.9 0.7 15 0.2 0.8 0.3 0.9 0.4 15 0.2 0.5 0.2 0.6 0.7 15 0.1 0.8 0.1 0.9
004781,0.0 0 0.0 0.0 1.0 1.0
004784,0.0 0 0.0 0.0 1.0 1.0
004787,0.4 14 0.0 0.0 0.8 1.0 0.7 14 0.0 0.0 0.9 1.0
004791,0.6 14 0.5 0.0 0.6 0.4 0.4 14 0.3 0.5 0.6 0.7 0.3 14 0.0 -0.0 0.3 0.5 0.4 14 0.5 0.0 0.6 0.2 0.5 14 0.5 0.0 0.7 0.6 0.8 14 0.3 0.1 0.6 0.7 0.8 14 0.7 0.0 0.8 0.3 0.3 14 0.3 0.1 0.5 0.6 0.8 14 0.4 0.0 0.6 0.6 0.7 14 0.1 0.1 0.6 0.7 0.9 14 0.7 0.0 0.9 0.6 0.8 14 0.3 0.5 0.6 0.7 0.7 14 0.6 0.0 0.8 0.3
004795,1.0 14 0.4 0.2 0.5 0.5
004798,0.0 0 0.0 0.0 1.0 1.0
004800,0.5 14 0.4 0.0 0.6 0.2 0.5 6 0.1 0.0 1.0 0.5 0.4 14 0.4 0.0 0.5 0.2 0.9 14 0.3 0.0 0.6 0.4 0.3 14 0.3 0.0 0.6 0.3 0.7 6 0.5 0.0 1.0 0.2
004802,0.5 14 0.7 0.3 0.8 0.5 0.5 14 0.0 0.3 0.0 0.4 0.5 14 0.7 0.3 0.8 0.4
004803,0.4 14 0.3 0.1 0.4 0.2 0.9 14 0.4 0.1 0.6 0.3 0.9 14 0.2 0.2 0.5 0.6 0.4 14 0.0 0.2 0.5 1.0
004804,0.4 14 0.1 0.3 0.3 0.7 0.3 14 0.3 0.3 0.5 0.5 0.3 14 0.4 0.2 0.5 0.4 0.5 14 0.4 0.2 0.5 0.3 0.9 14 0.2 0.1 0.3 0.3 0.7 14 0.0 0.1 0.1 0.2 0.3 14 0.1 0.3 0.3 0.6 0.4 14 0.3 0.2 0.5 0.4 0.3 14 0.2 0.0 0.3 0.3 0.9 14 0.1 0.3 0.4 0.7 0.4 14 0.2 0.4 0.4 0.7 0.7 14 0.3 0.2 0.5 0.4 0.4 14 0.4 0.3 0.5 0.4
004806,0.8 6 0.1 0.4 0.6 0.6 0.9 14 0.3 0.4 0.4 0.5 0.7 14 0.4 0.4 0.5 0.4
004807,0.8 14 0.2 0.2 0.4 0.6 0.3 14 0.2 0.2 0.4 0.5 0.4 14 0.2 0.2 0.4 0.7
004809,0.0 0 0.0 0.0 1.0 1.0
004810,0.9 6 0.3 0.4 0.5 0.5 0.9 14 0.8 0.4 0.9 0.5 0.9 14 0.7 0.4 0.8 0.5 0.4 6 0.3 0.4 0.5 0.5 0.7 14 0.2 0.4 0.3 0.4 0.7 6 0.5 0.4 0.6 0.5 0.9 6 0.0 0.4 0.4 0.6 0.6 14 0.2 0.4 0.2 0.4 0.8 14 0.8 0.4 0.9 0.5 0.3 6 0.5 0.4 0.6 0.4
004811,0.5 1 0.2 0.3 0.7 0.7 0.8 14 0.3 0.0 0.6 0.8 0.8 14 0.3 0.0 0.6 0.8
004813,0.5 8 0.1 0.3 0.3 0.5 0.5 8 0.4 0.3 0.7 0.5
004817,0.0 0 0.0 0.0 1.0 1.0
004819,0.9 14 0.3 0.2 0.5 0.4 0.7 4 0.4 0.5 0.4 0.6 0.5 14 0.0 0.4 0.2 0.9 0.9 14 0.6 0.2 0.7 0.6 0.5 4 0.3 0.4 0.4 0.5 0.6 14 0.1 0.3 0.3 0.6 0.4 14 0.6 0.2 0.7 0.5 1.0 14 0.5 0.2 0.6 0.5 0.4 14 0.0 0.4 0.2 0.9 0.5 14 0.2 0.2 0.4 0.5 0.6 4 0.5 0.5 0.5 0.7 0.8 14 0.3 0.2 0.5 0.5 0.8 14 0.2 0.2 0.4 0.5 0.5 14 0.0 0.3 0.3 0.9 0.8 14 0.2 0.3 0.3 0.4 0.9 14 0.0 0.4 0.3 0.9 1.0 14 0.6 0.3 0.7 0.6 0.7 14 0.1 0.3 0.3 0.7 0.5 4 0.3 0.4 0.4 0.4 0.8 14 0.1 0.3 0.3 0.5 0.7 15 0.4 0.6 0.5 0.8 0.6 14 0.1 0.3 0.2 0.4
004820,0.4 8 0.5 0.7 0.8 0.9
004821,0.9 6 0.1 0.7 0.6 0.9
004822,0.4 14 0.3 0.0 0.7 0.6 0.3 14 0.3 0.0 0.7 0.6 0.4 13 0.3 0.2 0.8 0.6
004824,0.0 0 0.0 0.0 1.0 1.0
004827,0.3 14 0.0 0.0 0.7 0.6 0.3 14 0.0 0.0 0.7 0.9
004829,0.0 0 0.0 0.0 1.0 1.0
004833,0.4 6 0.0 0.0 0.6 0.7
004835,0.6 14 0.1 0.0 0.3 0.7 0.8 14 0.1 0.0 0.5 0.7 0.5 14 0.7 0.0 1.0 0.6 0.3 8 0.0 0.4 0.3 0.7 0.4 14 0.0 0.0 0.5 1.0 0.5 14 0.7 0.0 1.0 0.7 0.4 14 0.6 0.0 1.0 0.7 0.4 14 0.7 0.0 1.0 0.7
004838,0.0 0 0.0 0.0 1.0 1.0
004843,0.5 14 0.3 0.2 0.4 0.3 0.3 6 0.0 0.3 0.2 0.4 0.5 14 0.3 0.2 0.4 0.3 0.5 6 0.2 0.3 0.6 0.4
004844,0.9 6 0.0 0.8 0.4 1.0 0.3 6 0.3 0.8 0.4 0.8 0.3 6 0.4 0.8 0.5 0.9 0.8 14 0.3 0.4 0.4 0.5 0.4 6 0.1 0.8 0.1 0.8 0.8 14 0.3 0.4 0.4 0.5 0.8 6 0.3 0.8 0.4 0.8 0.9 6 0.4 0.8 0.6 0.9
004845,0.5 14 -0.0 0.0 0.7 0.6 0.7 14 0.0 0.0 0.7 1.0
004847,0.0 0 0.0 0.0 1.0 1.0
004851,0.0 0 0.0 0.0 1.0 1.0
004853,0.0 0 0.0 0.0 1.0 1.0
004854,0.0 0 0.0 0.0 1.0 1.0
004855,0.4 14 0.4 0.2 0.6 0.3 0.5 14 0.3 0.2 0.5 0.4 0.7 14 0.6 0.2 0.8 0.3 0.5 14 0.7 0.3 0.9 0.6 0.9 14 0.6 0.2 0.8 0.6 0.4 14 0.6 0.2 0.9 0.6 0.8 14 0.1 0.1 0.4 0.6 0.8 14 0.1 0.2 0.5 0.6 0.5 14 0.6 0.2 0.8 0.6 0.4 14 0.6 0.2 0.8 0.5 0.6 14 0.4 0.2 0.7 0.6 0.9 14 0.4 0.2 0.7 0.5 0.9 14 0.1 0.1 0.5 0.6 0.3 14 0.6 0.2 0.9 0.6 0.3 14 0.4 0.2 0.5 0.4 0.7 14 0.4 0.2 0.9 0.6 0.7 14 0.6 0.2 0.9 0.6 0.7 14 0.5 0.2 0.7 0.4 0.3 14 0.4 0.2 1.0 1.0 0.5 14 0.6 0.2 0.7 0.3
004858,0.0 0 0.0 0.0 1.0 1.0
004860,0.6 6 0.0 0.1 0.7 0.7
004861,0.0 0 0.0 0.0 1.0 1.0
004862,0.3 15 0.4 0.5 0.5 0.6 0.4 8 0.0 0.6 0.1 0.9 0.5 8 0.5 0.4 0.7 0.9 0.4 8 0.5 0.4 0.7 0.7 0.4 8 0.3 0.5 0.5 0.7 0.7 15 0.4 0.6 0.5 0.7 0.3 8 0.4 0.6 0.5 0.7 0.4 8 0.0 0.5 0.1 0.9 0.6 8 0.0 0.6 0.1 0.9 0.4 8 0.5 0.4 0.7 0.8 0.8 15 0.4 0.5 0.5 0.6 0.6 15 0.4 0.5 0.5 0.7 0.5 8 0.5 0.4 0.6 0.7
004864,0.9 14 0.1 0.1 0.1 0.2 0.4 14 0.2 0.1 0.5 0.7 0.3 14 0.4 0.0 0.5 0.2 0.5 6 0.1 0.4 0.6 1.0 0.4 14 0.0 0.1 0.1 0.2 0.4 14 0.2 0.1 0.5 0.7 0.5 14 0.0 0.0 0.1 0.3 0.3 14 0.6 0.1 0.7 0.3 0.3 14 0.2 0.1 0.5 0.5 0.8 14 0.2 0.1 0.2 0.2 0.5 14 0.1 0.1 0.5 0.8 0.8 14 0.1 0.1 0.1 0.2 0.8 14 0.0 0.1 0.1 0.2 0.8 14 0.1 0.2 0.3 0.7 0.8 14 0.2 0.1 0.2 0.2 1.0 14 0.6 0.1 0.7 0.6
004865,0.0 0 0.0 0.0 1.0 1.0
004870,0.3 6 0.2 0.1 0.7 0.7 0.3 6 0.1 0.1 0.3 0.2 0.4 14 0.3 0.1 0.5 0.7 0.9 6 0.1 0.1 0.3 0.2 0.9 14 0.3 0.1 0.5 0.5 0.9 6 0.7 0.0 0.9 0.2 0.5 6 0.1 0.1 0.3 0.2 0.4 6 0.7 0.0 0.9 0.2
004871,0.0 0 0.0 0.0 1.0 1.0
004874,0.5 14 0.3 0.2 0.5 0.4 0.7 14 0.3 0.2 0.5 0.4 0.6 14 0.1 0.2 0.6 0.4
004875,0.0 0 0.0 0.0 1.0 1.0
004877,0.0 0 0.0 0.0 1.0 1.0
004880,0.4 4 0.4 0.4 0.5 0.6 0.3 4 0.8 0.5 0.8 0.6 0.5 4 0.8 0.5 0.8 0.6 0.3 4 0.8 0.5 0.8 0.6 0.7 4 0.8 0.5 0.8 0.6
004881,0.6 15 0.5 0.2 0.5 0.4 0.8 15 0.7 0.3 0.8 0.4 0.7 15 0.5 0.3 0.6 0.4 0.5 15 0.6 0.2 0.7 0.4 0.6 15 0.7 0.3 0.8 0.4 0.7 15 0.6 0.3 0.7 0.4 0.6 15 0.5 0.2 0.6 0.4 0.4 15 0.5 0.3 0.5 0.4 0.8 15 0.5 0.3 0.6 0.4 0.7 15 0.6 0.3 0.7 0.4
004883,0.0 0 0.0 0.0 1.0 1.0
004884,0.4 14 0.4 0.1 0.8 1.0 0.4 14 0.4 0.1 0.7 0.7 0.5 14 0.4 0.1 0.9 1.0 0.5 14 0.4 0.1 0.9 0.8 0.8 14 0.4 0.1 0.8 0.8
004887,0.0 0 0.0 0.0 1.0 1.0
004888,0.0 0 0.0 0.0 1.0 1.0
004889,0.6 14 0.4 0.0 0.6 0.3 0.4 14 0.1 0.2 0.8 0.6 0.3 14 0.4 0.3 0.6 0.6 0.6 14 0.0 0.0 0.3 0.3 0.7 14 0.0 0.0 0.3 0.6 0.5 14 0.0 0.0 0.1 0.3 0.4 14 0.7 0.0 1.0 0.5 0.5 14 0.7 0.0 1.0 0.4 0.6 14 0.4 0.2 0.7 0.6 0.4 14 0.4 0.2 0.7 0.6 0.4 14 0.2 0.0 0.3 0.3 0.6 14 0.0 0.0 0.3 0.6 0.3 14 0.4 0.1 0.4 0.3 0.7 14 0.4 0.2 0.8 0.6 0.5 14 0.6 0.0 1.0 0.6
004891,0.8 6 0.3 0.2 0.8 0.5 0.3 6 0.3 0.2 0.8 0.5 0.3 6 0.3 0.2 0.8 0.5
004892,0.4 14 0.8 0.3 0.9 0.6 0.5 14 0.8 0.3 0.9 0.4 0.3 14 0.7 0.3 0.9 0.6
004893,0.7 15 0.4 0.0 0.5 0.1 0.5 14 0.4 0.4 0.5 0.5 0.6 15 0.4 0.2 0.5 0.3 0.4 15 0.4 0.0 0.5 0.1 0.4 15 0.4 0.1 0.5 0.3 1.0 14 0.2 0.4 0.4 0.8 0.3 15 0.3 0.2 0.4 0.3 0.5 14 0.4 0.4 0.5 0.8
004894,0.4 14 0.4 0.0 0.8 0.4 0.3 14 0.2 0.0 0.8 0.6 0.5 14 0.2 0.0 0.8 1.0 0.5 14 0.4 0.0 0.8 0.6
004899,0.9 14 0.1 0.2 0.3 0.6 0.4 14 0.1 0.2 0.5 0.6
004900,0.8 14 0.2 0.7 0.3 1.0 0.9 14 0.1 0.7 0.3 1.0 0.7 14 0.1 0.7 0.2 1.0 0.4 4 0.2 0.3 0.3 0.4
004901,0.0 0 0.0 0.0 1.0 1.0
004904,0.4 1 0.6 0.3 0.9 0.5 0.8 14 0.1 0.3 0.3 0.5 0.5 14 0.2 0.3 0.3 0.5 0.6 14 0.2 0.4 0.3 0.5 0.7 14 0.1 0.3 0.2 0.4 0.5 1 0.1 0.4 0.4 0.6 1.0 14 0.7 0.2 0.8 0.4 0.4 14 0.7 0.2 0.7 0.4
004906,0.0 0 0.0 0.0 1.0 1.0
004908,0.6 14 0.1 0.1 0.5 0.8 0.6 14 0.1 0.1 0.5 0.7 0.6 14 0.1 0.1 0.4 0.5 0.7 14 0.0 0.1 0.5 1.0
004909,0.3 14 0.1 -0.0 0.3 0.6
004914,0.0 0 0.0 0.0 1.0 1.0
004915,0.0 0 0.0 0.0 1.0 1.0
004917,0.4 13 0.2 0.3 0.6 0.7 0.8 14 0.2 0.2 0.5 0.6 0.3 14 0.3 0.2 0.5 0.6
004918,0.4 14 0.6 0.0 1.0 0.7 0.7 14 0.6 0.0 1.0 0.7
004919,0.4 4 0.5 0.3 0.7 0.5
004920,0.3 14 0.4 0.1 0.7 0.5
004921,0.0 0 0.0 0.0 1.0 1.0
004922,0.5 14 0.3 0.1 0.8 0.7 0.5 14 0.2 0.1 0.4 0.7 0.8 14 0.2 0.1 0.5 0.7 0.3 14 0.2 0.1 0.5 0.7 0.4 14 0.0 0.1 0.7 1.0 0.6 14 0.0 0.1 0.5 1.0
004923,0.5 14 0.2 0.2 0.6 0.7 0.5 14 0.0 0.1 0.6 0.7 0.7 14 0.0 0.1 0.4 0.5 0.5 14 0.0 0.1 0.6 0.6 0.3 14 0.2 0.1 0.5 0.5 0.4 14 0.0 0.1 0.5 0.8 0.6 14 0.2 0.2 0.6 0.6 0.6 14 0.1 0.1 0.4 0.4 0.4 14 0.0 0.2 0.6 1.0 0.5 4 0.1 0.4 0.1 0.5 0.4 14 0.2 0.3 0.6 0.6
004924,0.0 0 0.0 0.0 1.0 1.0
004925,0.9 14 0.0 0.0 0.4 1.0
004927,0.9 14 0.6 0.1 0.6 0.2 0.3 14 0.1 0.1 0.2 0.2 0.3 14 0.7 0.1 0.8 0.2 0.8 14 0.7 0.1 0.7 0.3 0.4 14 0.0 0.2 0.0 0.2 0.3 14 0.0 0.2 0.0 0.3 0.7 14 0.8 0.2 0.8 0.3 0.9 14 0.1 0.1 0.2 0.2 0.6 14 0.8 0.2 0.8 0.2 0.8 14 0.6 0.1 0.6 0.2 0.9 14 0.1 0.1 0.1 0.2 0.4 6 0.1 0.1 0.7 0.6 0.9 14 0.7 0.1 0.8 0.3 0.8 14 0.6 0.1 0.7 0.2 0.8 14 0.1 0.1 0.1 0.2 0.8 14 0.2 0.1 0.2 0.2 0.5 6 0.0 0.0 0.8 0.7 0.7 14 0.7 0.1 0.8 0.3 0.9 14 0.1 0.1 0.1 0.2 0.5 14 0.2 0.1 0.3 0.2 0.6 14 0.0 0.1 0.1 0.2 0.7 14 0.1 0.1 0.2 0.2 0.9 14 0.7 0.1 0.7 0.3 0.6 14 0.6 0.1 0.7 0.3 0.7 14 0.1 0.1 0.1 0.2 0.4 14 0.7 0.1 0.7 0.3
004930,0.6 14 0.1 0.1 0.7 0.7 0.4 14 0.1 0.1 0.7 1.0 0.3 14 0.1 0.1 0.6 0.6 0.4 14 0.1 0.1 0.7 1.0
004932,1.0 14 0.4 0.1 0.6 0.5 0.6 14 0.6 0.3 0.7 0.6 0.6 14 0.2 0.2 0.7 0.6 0.6 14 0.1 0.2 0.7 1.0
004933,0.5 14 0.0 0.5 0.0 0.6 0.9 6 0.3 0.3 0.4 0.4
004934,0.8 14 0.8 0.0 1.0 1.0 0.3 14 0.6 0.1 1.0 1.0 0.3 14 0.8 0.1 1.0 0.7 0.4 14 0.0 0.0 0.6 0.8 0.5 14 0.8 0.2 1.0 0.7 0.9 14 0.0 0.0 0.6 1.0 0.3 14 0.0 0.0 0.8 1.0 0.8 14 0.8 0.0 1.0 0.8 0.3 14 0.4 0.0 1.0 1.0
004937,0.3 6 0.0 0.4 0.1 0.5 0.9 14 0.3 0.2 0.4 0.3 0.7 6 0.0 0.4 0.1 0.5 0.9 14 0.2 0.2 0.3 0.4 0.8 14 0.0 0.3 0.0 0.4 0.8 14 0.1 0.2 0.3 0.6 0.7 14 0.4 0.2 0.5 0.4 0.9 14 0.4 0.2 0.5 0.3 1.0 14 0.1 0.3 0.1 0.5 0.7 14 0.2 0.2 0.3 0.3 0.7 14 0.3 0.2 0.4 0.5
004940,0.9 6 0.0 0.3 1.0 0.7
004941,0.7 14 0.1 0.8 0.2 1.0 0.6 14 0.1 0.8 0.2 0.9 1.0 14 0.0 0.1 0.2 0.9
004942,0.3 13 0.5 0.3 0.9 0.7 0.6 14 0.6 0.5 0.7 0.6 0.4 13 0.5 0.3 0.9 0.8
004944,1.0 14 0.2 0.4 0.4 0.7 0.3 8 0.3 0.5 0.4 0.7
004945,0.4 14 0.1 0.1 0.7 0.7 0.6 14 0.7 0.0 0.9 0.4 0.3 14 0.1 -0.0 0.7 0.4 0.4 14 0.1 0.0 0.7 0.7
004947,0.5 14 0.3 0.2 0.5 0.6 0.6 14 0.6 0.2 0.8 0.7 0.4 14 0.4 0.2 0.5 0.5 0.4 14 0.0 0.1 0.3 0.7 0.6 14 0.0 0.1 0.6 0.7 0.5 14 0.7 0.3 0.9 0.7 0.4 14 0.2 0.1 0.5 0.7 0.4 14 0.5 0.2 0.8 0.7 0.4 14 0.3 0.1 0.6 0.7 0.8 14 0.0 0.1 0.6 1.0 0.7 14 0.0 0.1 0.3 1.0 0.9 14 0.6 0.2 0.9 0.7 0.7 14 0.0 0.1 0.3 0.7 0.6 14 0.3 0.2 0.6 0.7 0.7 14 0.6 0.2 0.8 0.7 0.5 14 0.6 0.2 0.7 0.5 0.6 14 0.6 0.2 0.8 0.7 0.6 14 0.6 0.2 0.8 0.5
004949,0.4 14 0.0 0.4 0.4 0.9
004952,0.6 6 0.3 0.5 0.4 0.6
004957,0.0 0 0.0 0.0 1.0 1.0
004959,0.9 6 0.2 0.2 0.4 0.3 1.0 14 0.4 0.2 0.6 0.7 0.6 6 0.6 0.2 1.0 0.7 0.9 14 0.2 0.2 0.2 0.3 0.5 6 0.3 0.2 0.4 0.3 0.8 14 0.1 0.2 0.2 0.3 0.9 14 0.1 0.2 0.1 0.3 0.8 14 0.2 0.2 0.2 0.3 0.5 6 0.2 0.2 0.4 0.3 0.8 14 0.1 0.2 0.2 0.3 0.6 14 0.1 0.2 0.2 0.3 0.9 14 0.1 0.2 0.2 0.3 0.6 6 0.2 0.2 0.4 0.3 0.5 14 0.1 0.2 0.1 0.3 0.9 14 0.6 0.2 0.9 0.7
004964,0.7 15 0.5 0.3 0.6 0.4 0.9 14 0.8 0.1 1.0 0.4
004965,0.5 6 0.1 0.8 0.6 1.0 0.5 6 0.1 0.8 0.3 0.9
004969,0.0 0 0.0 0.0 1.0 1.0
004970,0.0 0 0.0 0.0 1.0 1.0
004971,0.4 14 0.4 0.2 0.7 0.5 0.9 14 0.2 0.3 0.4 0.6 0.4 14 0.3 0.2 0.8 0.5 0.4 14 0.2 0.3 0.4 0.6 0.7 14 0.0 0.3 0.3 0.6 0.5 14 0.3 0.2 0.8 0.6 0.4 14 0.3 0.2 0.8 0.6 0.3 14 0.2 0.3 0.3 0.5 0.4 14 0.0 0.3 0.3 0.7 0.9 14 0.0 0.3 0.2 0.6 0.4 14 0.2 0.3 0.3 0.4 0.4 14 0.4 0.3 0.7 0.6 0.8 14 0.3 0.3 0.8 0.6 0.3 14 0.4 0.3 0.8 0.6
004975,0.0 0 0.0 0.0 1.0 1.0
004978,0.8 14 0.5 0.1 0.6 0.3 0.8 14 0.3 0.1 0.5 0.4 0.9 14 0.3 0.3 0.5 0.6 0.7 14 0.5 0.1 0.6 0.4 0.4 14 0.3 0.1 0.5 0.6 0.7 14 0.3 0.1 0.5 0.6 0.8 14 0.4 0.1 0.6 0.6 0.4 14 0.3 0.1 0.6 0.6 0.4 14 0.3 0.1 0.5 0.5 1.0 14 0.1 0.2 0.3 0.6 0.4 14 0.3 0.1 0.5 0.3 0.9 14 0.5 0.2 0.8 0.6 0.3 14 0.4 0.2 0.8 0.6 0.4 14 0.5 0.2 0.7 0.6
004979,0.5 14 0.3 0.5 0.3 0.5
004980,0.0 0 0.0 0.0 1.0 1.0
004981,0.8 6 0.0 0.1 0.8 0.5
004988,0.3 6 0.3 0.3 0.9 0.6 0.4 6 0.1 0.3 0.9 0.6 0.4 6 0.1 0.3 0.9 0.6
004989,0.4 6 0.1 0.3 0.8 0.5 0.7 6 0.0 0.5 0.1 0.5
004993,0.0 0 0.0 0.0 1.0 1.0
004996,0.8 6 0.1 0.2 0.9 0.6
005000,0.3 1 0.1 0.4 0.6 0.7 0.6 1 0.1 0.3 0.6 0.7 0.4 1 0.1 0.3 0.6 0.7 0.4 1 0.3 0.4 0.6 0.7 0.3 1 0.3 0.3 0.6 0.7 0.3 1 0.1 0.4 0.6 0.7
005002,0.4 8 0.0 0.6 0.3 1.0 0.6 14 0.4 0.1 0.5 0.3 0.4 14 0.0 0.0 0.4 0.7 0.4 14 0.1 0.1 0.4 0.7 0.5 14 0.1 0.1 0.4 0.5 0.4 14 0.0 0.0 0.5 1.0 0.4 14 0.0 0.0 0.4 0.9
005005,0.9 14 0.5 0.3 0.6 0.4 0.8 6 0.1 0.3 0.8 0.6
005008,0.4 0 0.2 0.3 0.8 0.6
005009,0.3 14 0.1 0.6 0.2 0.7 0.4 4 0.3 0.4 0.4 0.6 0.5 14 0.7 0.1 0.8 0.2 0.6 4 0.5 0.0 0.6 0.4 0.5 14 0.1 0.6 0.2 0.6 0.3 14 0.1 0.6 0.2 0.7 0.5 4 0.5 0.0 0.6 0.6 0.5 4 0.1 0.0 0.3 0.5 0.8 14 0.1 0.6 0.2 0.7 0.7 14 0.3 0.5 0.4 0.6 1.0 14 0.7 0.0 0.9 0.5 0.4 4 0.6 0.3 0.6 0.5 0.5 14 0.7 0.1 0.8 0.4
005010,0.0 0 0.0 0.0 1.0 1.0
005011,0.0 0 0.0 0.0 1.0 1.0
005012,0.5 14 0.0 0.7 0.1 1.0 0.4 14 0.2 0.7 0.4 1.0 0.3 14 0.2 0.7 0.4 0.9 0.5 14 0.3 0.0 0.6 1.0 0.3 14 0.0 0.0 0.6 1.0 0.5 14 0.0 0.7 0.2 1.0 0.9 14 0.2 0.0 0.6 1.0
005013,0.0 0 0.0 0.0 1.0 1.0
005015,0.6 6 0.5 0.4 0.6 0.5
005017,0.7 14 0.4 0.4 0.4 0.5 0.9 14 0.3 0.4 0.4 0.5 0.9 14 0.3 0.4 0.3 0.5 0.5 14 0.3 0.4 0.3 0.5 0.8 14 0.3 0.4 0.3 0.5 0.9 14 0.2 0.4 0.2 0.5 0.9 14 0.2 0.4 0.2 0.5 0.6 14 0.3 0.4 0.3 0.5 0.9 14 0.3 0.4 0.3 0.5
005019,0.3 19 0.5 0.3 1.0 0.7 0.7 14 0.0 0.4 0.3 0.7 0.4 14 0.0 0.0 0.7 1.0 0.6 14 0.3 0.0 0.6 1.0 0.9 14 0.0 0.4 0.2 1.0 0.8 14 0.3 0.0 0.9 1.0
005021,0.9 6 0.1 0.3 0.8 0.7
005022,0.0 0 0.0 0.0 1.0 1.0
005025,0.5 14 0.5 0.3 0.6 0.4 0.6 14 0.4 0.1 0.5 0.4 0.6 14 0.3 0.2 0.7 1.0 0.3 6 0.8 0.6 0.9 0.7 0.9 14 0.7 0.2 0.8 0.5 0.4 14 0.3 0.4 0.5 1.0 0.7 14 0.4 0.2 0.5 0.4 0.6 14 0.1 0.1 0.4 0.6 0.3 14 0.0 0.3 0.5 1.0 0.8 14 0.3 0.1 0.5 1.0 0.7 14 0.7 0.2 0.8 0.5 0.4 14 0.0 0.1 0.4 1.0 0.4 14 0.5 0.3 0.7 0.5 0.8 14 0.0 0.1 0.4 1.0 0.8 14 0.6 0.2 0.9 0.6 0.3 14 0.4 0.1 0.5 0.3 0.7 14 0.5 0.3 0.7 0.6 0.7 14 0.5 0.3 0.7 0.6 0.4 14 0.7 0.2 0.8 0.5
005030,0.7 6 0.0 0.2 0.1 0.5 0.8 6 0.0 0.2 0.8 0.8
005031,0.4 1 0.6 0.5 0.8 0.8 0.6 1 0.6 0.5 0.8 0.8 0.5 14 0.1 0.1 0.4 0.8 0.6 14 0.1 0.1 0.4 0.9 1.0 14 0.7 0.3 0.8 0.7
005034,0.0 0 0.0 0.0 1.0 1.0
005035,0.5 14 0.5 0.0 0.6 0.1 0.8 14 0.3 0.0 0.4 0.1 0.8 6 0.0 0.0 0.1 0.2 0.8 14 0.9 0.0 1.0 0.2 0.3 6 0.9 0.1 1.0 0.2 0.7 14 0.5 0.0 0.6 0.1 0.9 14 0.5 0.0 0.5 0.1 0.9 6 0.0 0.1 0.1 0.3 0.9 6 0.1 0.1 1.0 0.9 1.0 14 0.8 0.0 0.8 0.3 0.7 6 0.9 0.1 1.0 0.2 0.6 14 0.6 0.0 0.6 0.1 0.5 14 0.6 0.0 0.6 0.1
005038,0.0 0 0.0 0.0 1.0 1.0
005040,0.4 14 0.3 0.1 0.7 1.0 0.4 14 0.1 0.1 0.7 0.9 0.5 14 0.6 0.6 0.8 1.0 0.7 14 0.1 0.1 0.5 0.9 0.5 14 0.1 0.1 0.7 1.0 0.6 14 0.4 0.1 0.7 1.0 0.4 14 0.1 0.1 0.6 1.0 0.4 14 0.1 0.1 0.8 1.0 0.7 14 0.4 0.1 0.8 1.0
005041,0.4 6 0.5 0.4 0.6 0.5 0.3 6 0.7 0.5 0.8 0.6 0.4 6 0.7 0.4 0.8 0.6 0.9 14 0.5 0.4 0.6 0.7 1.0 14 0.1 0.3 0.4 1.0 0.5 6 0.6 0.6 0.8 0.9 0.8 6 0.7 0.4 0.8 0.6 0.9 14 0.3 0.4 0.4 0.8 0.8 14 0.6 0.4 0.7 0.6 0.6 14 0.6 0.4 0.7 0.6
005043,0.0 0 0.0 0.0 1.0 1.0
005044,0.5 8 0.1 0.3 0.5 1.0 0.6 8 0.0 0.3 0.2 1.0 0.3 8 0.5 0.3 0.7 0.9 0.6 8 0.5 0.3 0.8 0.9 0.5 8 0.5 0.3 0.8 1.0
005046,0.6 14 0.1 0.4 0.2 0.7 0.7 14 0.2 0.5 0.3 0.6 0.8 14 0.5 0.7 0.6 0.8 0.8 14 0.1 0.4 0.2 0.8 0.3 14 0.1 0.4 0.2 0.7
005048,0.3 14 0.2 0.2 0.4 0.5 0.4 1 0.2 0.2 0.6 0.9
005049,0.4 14 0.7 0.7 0.8 1.0 0.8 14 0.0 0.2 0.2 0.4 0.5 14 0.6 0.7 1.0 1.0 1.0 14 0.3 0.1 0.6 0.6 0.4 14 0.6 0.2 0.8 0.6 1.0 14 0.0 0.4 0.4 1.0 0.4 14 0.7 0.7 0.9 1.0 0.4 14 0.7 0.7 0.8 1.0 1.0 14 0.6 0.2 0.8 0.7 0.8 14 0.6 0.7 0.8 1.0
005050,0.3 14 0.0 0.0 0.5 0.7 0.6 14 0.0 0.0 0.9 1.0
005051,0.0 0 0.0 0.0 1.0 1.0
005053,0.7 14 0.5 0.3 0.7 0.5
005059,0.4 19 0.1 0.2 0.4 0.5
005060,0.7 14 0.5 0.3 0.5 0.5 0.6 14 0.6 0.3 0.6 0.4 0.8 14 0.3 0.3 0.5 0.5 0.6 14 0.3 0.4 0.7 0.7 0.7 14 0.1 0.1 0.3 0.4 0.3 14 0.7 0.3 0.9 0.4 0.9 14 0.6 0.3 0.7 0.5 0.7 14 0.6 0.3 0.7 0.7 0.6 14 0.2 0.3 0.5 0.7 0.5 14 0.3 0.3 0.5 0.5 1.0 14 0.1 0.2 0.3 0.7 0.3 14 0.7 0.3 0.9 0.5 0.3 14 0.2 0.3 0.5 0.7 0.7 14 0.2 0.3 0.4 0.7 0.8 14 0.3 0.3 0.5 0.7 0.4 14 0.1 0.1 0.3 0.5 0.7 14 0.1 0.1 0.3 0.7 0.9 14 0.6 0.3 0.9 0.8 0.6 14 0.3 0.2 0.4 0.5 0.9 14 0.3 0.3 0.5 0.7 0.7 14 0.3 0.4 0.7 0.7 0.7 14 0.3 0.3 0.7 0.7 0.8 14 0.6 0.3 0.6 0.5 0.7 14 0.6 0.3 0.7 0.7 0.9 14 0.6 0.3 0.9 0.8
005066,0.0 0 0.0 0.0 1.0 1.0
005069,0.3 6 0.0 0.3 0.3 0.5 0.3 6 0.3 0.3 0.4 0.5 0.9 14 0.3 0.5 0.4 0.8 0.4 6 0.0 0.3 0.3 0.5 0.5 6 0.1 0.2 0.3 0.3 0.3 6 0.0 0.3 0.3 0.5 0.3 6 0.1 0.3 0.3 0.4
005070,0.0 0 0.0 0.0 1.0 1.0
005074,0.6 6 0.1 0.4 0.2 0.5 0.3 6 0.8 0.4 0.9 0.5 0.4 6 0.7 0.4 0.9 0.5 0.4 6 0.1 0.4 0.3 0.5 0.6 6 0.2 0.4 0.3 0.5 0.5 6 0.2 0.4 0.3 0.5 0.3 6 0.0 0.4 0.1 0.4 0.4 6 0.8 0.4 0.9 0.5 0.8 6 0.0 0.4 0.1 0.4 0.5 6 0.2 0.4 0.3 0.5 0.5 6 0.7 0.4 0.8 0.4
005075,0.0 0 0.0 0.0 1.0 1.0
005076,0.0 0 0.0 0.0 1.0 1.0
005080,0.5 14 0.1 0.1 0.8 0.6 0.8 14 0.5 0.1 0.8 0.6
005082,0.0 0 0.0 0.0 1.0 1.0
005083,0.8 6 0.0 0.1 0.9 0.5
005087,0.3 6 0.0 0.0 0.2 0.1 0.3 6 0.0 0.0 0.2 0.1 0.6 6 0.4 0.1 0.5 0.1 0.7 6 0.2 0.0 0.4 0.1 0.4 6 0.0 0.0 0.4 0.1 0.3 6 0.2 0.0 0.4 0.1 0.3 13 0.4 0.1 0.7 0.6 0.4 6 0.5 0.0 0.8 0.1
005088,0.5 14 0.3 0.3 0.5 0.5 0.4 15 0.1 0.4 0.2 0.5 0.7 14 0.6 0.3 0.7 0.5 0.9 14 0.6 0.3 0.7 0.7 0.7 15 0.2 0.4 0.4 0.5 0.6 14 0.3 0.3 0.4 0.4 0.9 14 0.2 0.3 0.3 0.4 0.6 15 0.2 0.4 0.3 0.5 1.0 14 0.0 0.2 0.2 0.5 0.4 15 0.2 0.4 0.3 0.5 0.9 14 0.3 0.3 0.4 0.5 0.8 15 0.1 0.3 0.2 0.5 0.7 14 0.5 0.2 0.6 0.6 0.3 15 0.2 0.4 0.4 0.5 0.8 14 0.0 0.3 0.2 0.5 0.5 14 0.0 0.3 0.5 0.6 0.8 14 0.6 0.2 0.9 0.7 0.9 14 0.3 0.3 0.5 0.5 0.9 14 0.5 0.3 0.7 0.6 0.3 14 0.6 0.2 0.9 0.5 0.6 14 0.5 0.2 0.6 0.4 0.7 14 0.6 0.2 0.9 0.7
005089,0.0 0 0.0 0.0 1.0 1.0
005091,0.5 6 0.5 0.2 0.9 0.3 0.4 6 0.1 0.1 0.4 0.3 0.8 6 0.4 0.2 0.9 0.3 0.6 6 0.2 0.1 0.4 0.3 0.3 6 0.4 0.3 0.7 0.5 0.8 6 0.1 0.1 0.4 0.3 0.3 6 0.4 0.2 0.9 0.5 0.6 6 0.4 0.3 0.9 0.5 0.8 6 0.5 0.2 0.9 0.3
005092,0.7 14 0.1 0.0 0.2 0.1 0.6 15 0.6 0.0 0.8 0.3 0.4 15 0.6 0.2 0.8 0.3 0.6 15 0.8 0.1 0.9 0.3
005095,0.5 6 0.6 0.4 0.9 0.6 0.6 14 0.8 0.5 0.8 0.6 0.3 6 0.6 0.5 0.8 0.6 0.4 6 0.7 0.5 0.8 0.6
005096,0.4 4 0.0 0.0 0.3 0.6
005098,0.3 1 0.0 0.4 0.3 0.9 0.7 14 0.5 0.3 0.6 0.3 0.7 14 0.6 0.3 0.6 0.3 0.4 6 0.4 0.1 0.5 0.1 0.6 1 0.0 0.4 0.6 0.9 0.5 6 0.1 0.2 0.7 0.4 0.5 6 0.4 0.1 0.4 0.1 0.5 14 0.2 0.4 0.2 0.6 0.8 14 0.6 0.3 0.6 0.3 0.5 6 0.3 0.1 0.4 0.1 0.3 6 0.4 0.1 0.5 0.1 0.3 1 0.0 0.5 0.7 0.9 0.3 6 0.5 0.2 0.7 0.3
005099,0.3 6 0.6 0.6 0.7 0.6 0.7 6 0.0 0.4 0.6 1.0
005100,0.6 14 0.5 0.1 0.7 0.5 0.5 14 0.1 0.1 0.8 0.7 0.5 14 0.1 0.2 0.3 0.5 0.5 14 0.3 0.1 0.9 0.6 0.7 14 0.1 0.2 0.3 0.7 0.9 14 0.1 0.1 0.3 0.6 0.7 14 0.5 0.1 0.8 0.6 0.7 14 0.0 0.3 0.1 0.5 0.4 14 0.1 0.2 0.6 0.7 0.5 14 0.0 0.3 0.1 0.7 0.3 14 0.3 0.1 0.8 0.7 0.3 14 0.2 0.1 0.8 0.7 0.7 14 0.1 0.1 0.3 0.4 0.4 14 0.1 0.1 0.3 0.5 0.8 14 0.0 0.2 0.3 0.7 0.4 14 0.1 0.1 0.9 1.0 0.3 14 0.1 0.2 0.3 0.5 0.6 14 0.1 0.1 0.9 0.7 0.4 14 0.5 0.1 0.7 0.5 0.3 14 0.5 0.3 0.8 0.7
005103,0.5 14 0.6 0.2 0.7 0.3 0.6 14 0.2 0.4 0.3 0.5 0.9 14 0.2 0.1 0.5 0.9 0.3 14 0.6 0.2 0.7 0.6 0.5 14 0.6 0.2 0.7 0.7 0.4 14 0.6 0.2 0.7 0.7 0.8 14 0.6 0.2 0.7 0.5 0.3 14 0.6 0.2 0.7 0.5
005105,0.7 14 0.2 0.2 0.2 0.4 0.9 14 0.8 0.3 0.8 0.3 0.9 14 0.7 0.3 0.8 0.3 0.6 14 0.7 0.2 0.7 0.3 0.4 14 0.1 0.2 0.2 0.3 0.9 6 0.0 0.2 0.2 0.4 0.9 6 0.0 0.3 0.9 0.7 0.4 14 0.1 0.2 0.2 0.3
005106,0.0 0 0.0 0.0 1.0 1.0
005109,0.0 0 0.0 0.0 1.0 1.0
005112,0.4 6 0.3 0.5 0.4 0.6 0.7 14 0.3 0.5 0.4 0.6 0.5 6 0.0 0.2 0.1 0.3 0.3 6 0.5 0.3 0.7 0.4 0.4 6 0.1 0.3 0.1 0.4
005113,0.0 0 0.0 0.0 1.0 1.0
005115,0.9 14 0.0 0.3 0.3 0.8 0.5 14 0.1 0.3 0.2 0.4 0.6 14 0.2 0.1 0.7 0.7
005117,0.5 14 0.3 0.5 0.5 1.0 0.9 14 0.0 0.5 0.5 1.0 0.5 14 0.0 0.0 0.5 1.0 0.6 14 0.0 0.0 0.7 1.0
005118,0.3 14 0.4 0.0 0.8 1.0 0.5 14 0.6 0.0 0.8 0.6 0.5 14 0.4 0.1 0.7 0.6 0.5 14 0.2 0.0 0.8 1.0 0.5 14 0.6 0.0 0.8 0.6 0.4 14 0.7 0.0 0.8 0.7 0.4 14 0.2 0.0 0.8 1.0
005119,0.5 1 0.2 0.3 0.8 0.7 1.0 14 0.4 0.0 0.7 0.7
005120,0.8 14 0.0 0.8 0.4 1.0 0.5 14 0.1 0.1 0.4 0.7 0.8 14 0.1 0.1 0.4 0.6 0.7 14 0.1 0.1 0.4 0.8
005123,0.3 6 0.7 0.3 0.8 0.4
005125,0.4 6 0.1 0.1 0.8 0.6 0.9 14 0.7 0.2 0.8 0.3
005126,0.8 6 0.1 0.3 0.5 0.4
005127,0.0 0 0.0 0.0 1.0 1.0
005132,0.5 14 0.6 0.1 0.7 0.4 1.0 14 0.6 0.1 0.7 0.5
005133,0.4 14 0.5 0.2 0.7 0.6 0.9 14 0.5 0.2 0.7 0.7 0.5 13 0.3 0.3 0.7 0.7
005137,0.0 0 0.0 0.0 1.0 1.0
005139,0.3 12 0.3 0.4 0.7 0.8 0.3 14 0.6 0.4 0.7 0.8 0.9 14 0.6 0.3 0.7 0.7 0.4 14 0.6 0.3 0.7 0.8
005140,0.9 14 0.0 0.0 0.2 1.0 0.9 14 0.6 0.0 0.9 1.0 0.4 14 0.6 -0.0 0.8 0.4
005141,0.9 14 0.4 0.5 0.4 0.6 0.7 14 0.4 0.5 0.4 0.6
005142,0.4 6 0.1 0.2 0.8 0.9
005147,0.5 15 0.2 0.7 0.3 0.8
005148,0.4 14 0.1 0.3 0.4 0.9 0.8 14 0.0 0.3 0.4 1.0 0.9 14 0.0 0.2 0.3 1.0 0.6 14 0.2 0.3 0.3 0.5 0.4 14 0.2 0.3 0.7 1.0 0.4 14 0.0 0.2 0.2 0.9 0.7 14 0.2 0.3 0.4 1.0 0.6 14 0.3 0.3 0.7 1.0 0.8 14 0.3 0.2 0.7 1.0 0.4 14 0.6 0.4 0.6 0.6
005149,0.0 0 0.0 0.0 1.0 1.0
005151,0.9 14 0.0 0.1 0.2 0.4 0.7 14 0.5 0.1 0.9 0.6 0.4 14 0.0 0.1 0.2 0.5 0.9 14 0.2 0.2 0.5 0.5 0.6 14 0.7 0.1 0.9 0.6 0.4 14 0.3 0.2 0.4 0.5 0.4 6 0.0 0.4 0.1 0.5 0.9 14 0.3 0.2 0.5 0.5 0.8 14 0.0 0.1 0.2 0.5 0.9 14 0.7 0.1 0.9 0.6 0.7 14 0.5 0.1 0.9 0.6
005152,0.5 14 0.2 0.0 0.6 1.0 0.4 14 0.0 0.0 0.3 0.5 0.4 14 0.2 0.2 0.5 0.7 0.6 14 0.0 0.0 0.3 0.7 0.4 14 0.2 0.0 0.6 0.7 0.3 14 0.0 0.0 0.5 0.7 0.4 14 0.2 0.0 0.6 0.6 0.5 14 0.0 0.0 0.6 1.0 0.8 14 0.0 0.0 0.3 1.0 0.5 14 0.2 0.0 0.9 1.0 0.4 14 0.5 0.2 0.7 0.7
005154,0.3 6 0.0 0.2 0.7 0.5
005155,0.0 0 0.0 0.0 1.0 1.0
005157,0.7 6 0.2 0.4 0.5 0.5 0.7 6 0.2 0.4 0.5 0.5 0.8 6 0.0 0.3 0.1 0.4 0.4 6 0.0 0.3 0.1 0.4
005158,0.8 6 0.0 0.2 0.8 0.6
005162,0.0 0 0.0 0.0 1.0 1.0
005163,0.6 14 0.3 0.7 0.6 1.0 0.4 6 0.0 0.0 0.1 0.3 0.8 14 0.5 0.3 0.6 0.5 0.8 14 0.2 0.9 0.3 1.0 0.6 14 0.4 0.7 0.5 0.8
005164,0.0 0 0.0 0.0 1.0 1.0
005165,0.0 0 0.0 0.0 1.0 1.0
005166,0.4 6 0.1 0.2 0.8 0.9 0.6 6 0.0 0.2 0.8 0.9
005167,0.0 0 0.0 0.0 1.0 1.0
005170,0.8 14 0.6 0.5 0.7 0.6 0.9 14 0.2 0.4 0.3 0.7 0.4 14 0.5 0.4 0.5 0.6 0.4 14 0.5 0.3 0.5 0.7 1.0 14 0.1 0.4 0.2 0.7 0.9 14 0.3 0.4 0.4 0.7 0.6 14 0.5 0.4 0.5 0.7 0.9 14 0.5 0.4 0.6 0.7
005172,0.6 6 0.0 0.2 1.0 1.0
005174,0.4 4 0.5 0.3 0.5 0.4 0.3 8 0.6 0.2 0.8 0.4 0.4 15 0.2 0.3 0.4 0.5 0.5 4 0.5 0.3 0.6 0.4 0.3 15 0.2 0.1 0.4 0.4
005178,0.0 0 0.0 0.0 1.0 1.0
005180,0.4 15 0.4 0.1 0.5 0.2 0.3 8 0.0 0.6 0.1 0.8 0.6 15 0.1 0.4 0.3 0.7 0.6 15 0.2 0.6 0.3 0.7 0.4 15 0.0 0.4 0.1 0.6 0.8 14 0.0 0.5 0.1 0.7 0.4 15 0.1 0.5 0.2 0.6 0.6 15 0.1 0.4 0.3 0.6 0.4 15 0.0 0.4 0.0 0.6 0.5 15 0.2 0.5 0.3 0.7 0.7 15 0.1 0.5 0.2 0.6 0.4 8 0.3 0.7 0.7 0.9 0.3 8 0.3 0.7 0.7 0.9
005182,0.9 14 0.4 0.0 0.5 0.4 0.4 14 0.6 0.2 0.7 0.4 0.6 14 0.4 0.0 0.5 0.5 0.4 14 0.6 0.2 0.7 0.5
005184,0.6 14 0.4 0.3 0.6 0.6 0.6 15 0.6 0.3 0.7 0.5 0.9 14 0.3 0.3 0.5 0.7 0.5 14 0.4 0.3 0.5 0.5 0.9 14 0.5 0.2 0.6 0.4 0.5 14 0.3 0.3 0.6 0.7 0.7 14 0.3 0.3 0.4 0.7 0.9 14 0.4 0.3 0.6 0.6 0.9 14 0.5 0.2 0.6 0.6 0.5 14 0.8 0.3 0.9 0.5
005187,0.5 14 0.1 0.2 0.4 0.8 0.3 14 0.0 0.2 0.6 1.0 0.3 14 0.2 0.2 0.4 0.5 0.8 14 0.0 0.2 0.4 1.0
005188,0.3 6 0.0 0.2 0.6 0.6 0.7 6 0.6 0.3 0.9 0.6 0.5 6 0.0 0.1 0.9 0.6
005192,0.3 6 0.5 0.1 1.0 0.3 0.8 14 0.1 0.1 0.2 0.2 0.3 6 0.0 0.1 0.2 0.4 0.6 6 0.1 0.0 0.9 0.6 0.7 6 0.5 0.1 1.0 0.3 0.8 6 0.1 0.2 0.9 0.6
005193,0.6 6 0.8 0.2 0.9 0.2 0.4 6 0.5 0.2 0.7 0.3 0.3 6 0.5 0.0 0.9 0.3
005194,0.0 0 0.0 0.0 1.0 1.0
005196,0.3 14 0.0 0.1 0.5 0.8 0.6 14 0.0 0.1 0.5 0.9 0.9 14 0.2 0.1 0.5 0.7 0.5 14 0.5 0.1 0.7 0.8 0.3 14 0.4 0.1 0.8 0.9 0.4 14 0.4 0.1 0.8 0.9 0.4 14 0.5 0.1 0.7 0.8 0.9 14 0.4 0.1 0.9 0.9
005197,0.7 6 0.0 0.3 0.7 0.8 0.4 14 0.1 0.3 0.5 0.8 0.9 14 0.5 0.2 0.6 0.5 0.5 14 0.1 0.3 0.5 0.8
005198,0.0 0 0.0 0.0 1.0 1.0
005200,0.4 14 0.2 0.1 0.9 0.9 0.6 14 0.2 0.1 0.4 0.4 0.4 14 0.4 0.1 0.9 0.9 0.3 14 0.1 0.1 0.5 1.0 0.6 14 0.1 0.0 0.9 0.9 0.3 14 0.2 0.1 0.7 0.9 0.7 14 0.4 0.0 0.9 0.9 0.3 14 0.5 0.6 0.6 0.9
005201,0.0 0 0.0 0.0 1.0 1.0
005204,0.8 6 0.3 0.3 0.7 0.5 0.4 6 0.8 0.4 0.9 0.5 0.9 6 0.8 0.4 0.9 0.5
005205,0.5 14 0.5 0.1 0.6 0.5 0.9 14 0.3 0.2 0.4 0.6 0.9 14 0.3 0.5 0.5 0.8 0.5 14 0.7 0.1 0.8 0.4 0.6 14 0.4 0.2 0.5 0.6 0.5 14 0.2 0.2 0.3 0.8 0.8 14 0.5 0.1 0.6 0.7 0.4 14 0.3 0.2 0.4 0.8 0.3 14 0.6 0.1 0.8 0.8 0.3 14 0.3 0.2 0.4 0.5 0.8 14 0.7 0.1 0.8 0.5 0.4 14 0.3 0.2 0.4 0.7 0.8 14 0.5 0.1 0.6 0.8 0.6 14 0.4 0.2 0.5 0.7 0.9 14 0.2 0.2 0.3 0.6 1.0 14 0.2 0.4 0.3 0.8 1.0 14 0.1 0.2 0.2 0.8 0.3 14 0.2 0.2 0.3 0.6 0.9 14 0.6 0.2 0.8 0.8 0.6 14 0.3 0.2 0.4 0.5 0.3 14 0.5 0.1 0.6 0.5 0.5 14 0.3 0.5 0.6 0.9 0.9 14 0.5 0.4 0.6 0.9 0.4 14 0.5 0.1 0.6 0.5 0.7 14 0.6 0.1 0.8 0.8
005206,1.0 14 0.4 0.3 0.5 0.6
005207,0.0 0 0.0 0.0 1.0 1.0
005211,0.0 0 0.0 0.0 1.0 1.0
005213,0.0 0 0.0 0.0 1.0 1.0
005216,0.0 0 0.0 0.0 1.0 1.0
005218,0.9 14 0.2 0.2 0.5 0.7 0.3 6 0.1 0.2 0.2 0.3
005221,0.6 14 0.2 0.2 0.4 0.4 0.6 14 0.0 0.2 0.4 0.8 0.7 14 0.0 0.2 0.1 0.8 0.3 14 0.0 0.1 0.1 0.6
005225,0.4 14 0.3 0.2 0.8 1.0 0.5 14 0.0 0.1 0.5 0.7 0.3 14 0.4 0.2 0.7 0.7 0.4 14 0.3 0.2 0.8 0.7 0.6 14 0.0 0.1 0.5 1.0 0.4 14 0.0 0.0 0.8 1.0 0.4 14 0.3 0.2 0.6 0.7 0.3 14 0.3 0.2 0.7 0.7 0.4 14 0.3 0.2 0.8 1.0
005226,0.9 14 0.5 0.2 0.6 0.3 0.9 14 0.3 0.2 0.5 0.4 0.7 4 0.5 0.4 0.6 0.6 0.5 14 0.1 0.0 0.3 0.2 0.8 14 0.1 0.1 0.3 0.5 0.6 14 0.6 0.3 0.7 0.5 0.9 14 0.3 0.2 0.4 0.5 0.8 4 0.6 0.3 0.6 0.6 0.6 14 0.1 0.0 0.3 0.4 1.0 14 0.1 0.2 0.3 0.6 0.4 14 0.1 0.2 0.3 0.5 0.9 14 0.4 0.3 0.7 0.6 0.8 14 0.4 0.3 0.7 0.6 0.4 4 0.6 0.3 0.6 0.5 0.7 4 0.6 0.3 0.6 0.6 0.3 14 0.1 0.2 0.2 0.4
005227,0.3 14 0.1 0.0 0.6 1.0 0.4 14 0.1 0.0 0.5 0.7 0.9 14 0.1 0.0 0.5 0.7 0.4 14 0.2 0.0 0.5 0.6 0.5 14 0.1 0.0 0.5 1.0
005228,0.5 14 0.6 0.2 0.7 0.4 0.6 14 0.6 0.2 0.7 0.3 0.7 14 0.6 0.2 0.8 0.4 0.7 14 0.1 0.2 0.4 0.5 0.7 14 0.6 0.2 0.7 0.4 0.4 14 0.1 0.0 0.4 0.4 0.8 14 0.6 0.2 1.0 0.5 0.4 14 0.6 0.2 0.7 0.4
005232,0.5 1 0.4 0.4 0.8 0.6 0.5 14 0.5 0.3 0.6 0.5 0.5 14 0.6 0.2 0.7 0.5 0.5 1 0.4 0.4 0.8 0.6 0.6 14 0.5 0.2 0.7 0.5 0.5 1 0.4 0.4 0.8 0.6 0.9 14 0.5 0.2 0.7 0.5 0.4 14 0.6 0.2 0.7 0.4
005233,0.9 14 0.3 0.2 0.4 0.3 0.8 4 0.5 0.4 0.5 0.5 0.8 14 0.5 0.3 0.8 0.6 0.3 14 0.2 0.2 0.3 0.5 0.7 14 0.2 0.2 0.3 0.4 0.6 14 0.0 0.2 0.2 0.5 0.3 14 0.6 0.2 0.8 0.5 0.9 14 0.3 0.2 0.4 0.3 0.4 14 0.1 0.5 0.2 0.6 0.8 14 0.5 0.3 0.7 0.4 1.0 14 0.0 0.2 0.2 0.7 0.8 14 0.2 0.2 0.3 0.3 0.8 14 0.6 0.2 0.8 0.6 0.5 14 0.0 0.2 0.2 0.6 0.7 14 0.5 0.3 0.8 0.6 0.4 14 0.5 0.4 0.6 0.6 0.9 14 0.5 0.3 0.6 0.6 0.9 14 0.6 0.2 0.8 0.6 0.3 14 0.5 0.3 0.7 0.6
005234,0.3 6 0.6 0.3 0.8 0.4 0.8 14 0.0 0.3 0.0 0.4 0.4 6 0.6 0.3 0.8 0.4
005235,0.0 0 0.0 0.0 1.0 1.0
005237,0.9 14 0.3 0.0 0.6 0.5
005238,0.0 0 0.0 0.0 1.0 1.0
005240,0.0 0 0.0 0.0 1.0 1.0
005241,0.0 0 0.0 0.0 1.0 1.0
005243,0.3 6 0.0 0.2 0.9 0.5
005247,0.0 0 0.0 0.0 1.0 1.0
005249,0.3 13 0.1 0.3 0.6 0.9
005250,0.0 0 0.0 0.0 1.0 1.0
005251,1.0 14 0.3 0.3 0.5 0.8 0.3 14 0.0 0.4 0.0 0.5 1.0 14 0.5 0.3 0.7 0.7
005252,0.3 14 0.0 0.0 0.6 0.7 0.7 14 0.1 0.0 0.6 0.6 0.8 14 0.0 0.1 0.6 0.9
005255,0.3 15 0.4 0.2 0.6 0.5 0.6 14 0.5 0.5 0.8 0.7 0.4 15 0.5 0.2 0.5 0.4 0.9 14 0.1 0.3 0.2 0.4 0.9 14 0.1 0.3 0.2 0.5 0.9 14 0.4 0.5 0.5 0.6 0.3 8 0.6 0.4 0.7 0.7
005256,0.4 6 0.1 0.1 0.9 0.7
005261,0.9 14 0.3 0.3 0.5 0.7 0.3 14 0.0 0.3 0.2 0.7 0.6 14 0.6 0.3 0.9 0.6 0.3 14 0.5 0.4 0.9 0.7 0.4 14 0.7 0.3 0.9 0.7 0.9 14 0.2 0.3 0.3 0.5 1.0 14 0.4 0.1 0.6 0.5 0.6 14 0.0 0.3 0.2 0.7 0.7 14 0.0 0.2 0.2 0.7 0.4 14 0.2 0.3 0.3 0.6 0.3 14 0.3 0.3 0.5 0.6 0.9 14 0.0 0.3 0.2 1.0 0.9 14 0.6 0.3 0.9 0.7 0.5 14 0.0 0.3 0.3 0.7 0.3 14 0.3 0.4 0.5 0.7 0.4 14 0.4 0.3 0.9 0.7
005265,0.0 0 0.0 0.0 1.0 1.0
005266,0.4 6 0.2 0.2 0.3 0.3 0.5 6 0.4 0.3 0.6 0.3 0.5 6 0.2 0.2 0.3 0.3
005271,0.0 0 0.0 0.0 1.0 1.0
005272,0.4 14 0.2 0.4 0.3 0.4 0.4 14 0.3 0.4 0.3 0.4 0.9 14 0.2 0.4 0.3 0.4
005275,0.7 6 0.1 0.4 0.8 0.9 0.5 6 0.0 0.4 0.8 1.0
005276,0.3 1 0.0 0.5 0.4 0.9 0.3 1 0.1 0.5 0.2 0.9 0.5 1 0.0 0.5 0.2 0.9 0.9 14 0.2 0.3 0.3 0.9 0.4 1 0.3 0.6 0.5 1.0 0.9 14 0.2 0.3 0.2 0.9 0.6 1 0.1 0.5 0.5 0.9 0.4 1 0.1 0.5 0.5 1.0 0.3 1 0.1 0.6 0.2 0.9 0.6 1 0.1 0.5 0.4 0.9 1.0 14 0.0 0.3 0.2 0.9 1.0 14 0.3 0.3 0.5 1.0 0.3 1 0.0 0.5 0.1 0.9 0.3 14 0.2 0.3 0.3 0.5 0.6 14 0.2 0.3 0.2 0.5 0.4 1 0.3 0.6 0.5 0.9 0.6 1 0.3 0.6 0.5 1.0
005277,0.0 0 0.0 0.0 1.0 1.0
005279,0.0 0 0.0 0.0 1.0 1.0
005280,0.0 0 0.0 0.0 1.0 1.0
005282,0.6 14 0.0 0.0 0.5 1.0 0.4 14 0.0 0.0 0.3 1.0 0.4 14 0.0 0.0 0.7 1.0
005284,0.4 15 0.1 0.6 0.3 1.0 0.4 15 0.2 0.1 0.6 1.0 0.5 15 0.6 0.6 0.8 1.0 0.3 15 0.0 0.1 0.4 1.0 0.4 15 0.2 0.6 0.6 1.0 0.6 15 0.1 0.6 0.3 1.0 0.4 15 0.0 0.2 0.2 1.0 0.4 15 0.0 0.2 0.2 1.0 0.4 15 0.5 0.0 0.8 1.0 0.3 15 0.5 0.0 0.8 1.0
005286,0.4 14 0.2 0.2 0.6 1.0 0.4 14 0.2 0.2 0.8 0.8 0.6 14 0.2 0.2 0.5 0.7 0.4 14 0.2 0.2 0.8 0.7 0.8 14 0.2 0.2 0.8 1.0
005287,0.5 6 0.2 0.4 0.7 1.0 0.8 14 0.2 0.4 0.3 0.9 0.9 14 0.3 0.4 0.3 0.5 0.9 14 0.5 0.3 0.6 0.5 0.5 14 0.1 0.4 0.2 0.6 0.5 14 0.3 0.4 0.3 0.5 0.8 14 0.5 0.3 0.7 1.0
005289,0.0 0 0.0 0.0 1.0 1.0
005291,0.7 14 0.7 0.1 0.8 0.4 0.9 14 0.0 0.0 0.8 1.0
005294,0.4 14 0.7 0.0 0.8 0.1
005295,0.5 8 0.5 0.6 0.6 0.9 0.9 14 0.0 0.4 0.3 1.0 0.7 8 0.5 0.5 0.6 0.8 0.6 8 0.5 0.5 0.6 0.9 0.5 8 0.5 0.5 0.6 0.7
005296,0.3 6 0.0 0.7 0.2 0.9 0.9 14 0.5 0.6 0.6 0.7
005299,0.8 14 0.4 0.0 0.6 0.2 0.7 14 0.6 0.6 0.9 1.0 0.6 14 0.8 0.6 0.9 1.0 0.4 14 0.6 0.1 0.8 0.6 0.4 14 0.5 0.3 0.8 1.0 0.5 14 0.8 0.3 0.9 0.5 0.6 14 0.6 0.6 0.7 1.0 0.4 14 0.3 0.0 0.4 0.2 0.6 14 0.1 0.0 0.4 1.0 0.5 14 0.2 0.5 0.4 1.0 0.3 14 0.6 0.1 0.9 1.0 0.3 14 0.3 0.0 0.4 0.1 0.5 14 0.8 0.3 0.9 1.0 0.8 14 0.5 0.1 0.8 1.0 0.8 14 0.5 0.2 0.9 1.0 0.4 14 0.6 0.1 0.7 0.4 0.5 14 0.4 0.1 0.9 1.0 0.4 14 0.6 0.1 0.7 0.4
005300,0.0 0 0.0 0.0 1.0 1.0
005301,0.3 1 0.1 0.4 0.4 0.9 0.3 1 0.5 0.5 0.6 0.8 0.3 1 0.3 0.5 0.6 0.9 0.4 1 0.4 0.4 0.6 0.8 0.4 1 0.1 0.5 0.6 0.9 0.3 14 0.4 0.2 0.6 0.5 0.6 1 0.1 0.4 0.6 0.9 0.5 1 0.5 0.5 0.6 0.8 0.3 14 0.4 0.2 0.6 0.6 0.9 14 0.1 0.1 0.4 0.8 0.5 1 0.1 0.4 0.4 0.9 0.4 14 0.1 0.1 0.4 0.8 0.4 14 0.4 0.2 0.6 0.5 0.6 1 0.4 0.4 0.6 0.8 0.4 1 0.1 0.3 0.6 0.9 0.4 1 0.1 0.4 0.6 0.9
005302,0.4 15 0.1 0.3 0.2 0.5 0.4 15 0.1 0.3 0.2 0.4
005308,0.5 14 0.0 0.2 0.3 0.6 0.5 14 0.0 0.1 0.7 0.7 0.6 14 0.0 0.2 0.3 0.7 0.3 14 0.2 0.1 0.7 0.7 0.4 14 0.7 0.3 0.9 0.7
005309,0.0 0 0.0 0.0 1.0 1.0
005313,0.0 0 0.0 0.0 1.0 1.0
005316,0.9 14 0.2 0.2 0.2 0.4 1.0 14 0.1 0.2 0.2 0.4
005317,0.0 0 0.0 0.0 1.0 1.0
005321,0.5 14 0.2 0.1 0.7 1.0 0.6 14 0.2 0.5 0.3 0.7 0.5 14 0.1 0.3 0.3 0.5 0.8 14 0.1 0.3 0.3 0.7 0.7 14 0.5 0.2 0.7 0.3 0.5 14 0.0 0.1 0.6 1.0 0.7 14 0.2 0.5 0.3 0.7 0.3 14 0.2 0.1 0.9 1.0 0.7 14 0.1 0.3 0.3 0.5
005322,0.4 14 0.1 0.0 0.6 1.0 0.4 14 0.0 0.0 0.3 0.4 0.5 14 0.1 0.0 0.6 1.0 0.9 14 0.6 0.9 0.7 1.0 0.6 14 0.0 0.0 0.3 0.9 0.9 14 0.0 0.0 0.6 1.0
005323,0.7 14 0.3 0.1 0.6 0.6 0.7 14 0.0 0.0 0.3 0.4 0.4 14 0.3 0.1 0.9 0.6
005324,0.0 0 0.0 0.0 1.0 1.0
005329,0.0 0 0.0 0.0 1.0 1.0
005330,0.4 6 0.4 0.3 0.5 0.4 0.5 6 0.3 0.3 0.4 0.4 0.5 6 0.3 0.3 0.5 0.4 0.4 6 0.4 0.3 0.6 0.4 0.4 6 0.4 0.3 0.6 0.4 0.7 6 0.0 0.4 0.1 0.4 0.6 6 0.4 0.3 0.6 0.4 0.3 6 0.4 0.3 0.7 0.4
005332,0.9 14 0.7 0.2 0.7 0.3
005333,0.4 14 0.2 0.3 0.3 0.4 0.8 6 0.0 0.3 0.2 0.5
005334,0.6 14 0.0 0.3 0.6 0.9
005335,0.0 0 0.0 0.0 1.0 1.0
005339,0.3 14 0.3 0.1 0.7 1.0
005341,0.3 14 0.5 0.3 1.0 1.0
005342,0.4 14 0.4 0.1 0.8 0.5 0.3 14 0.5 0.1 0.9 1.0 0.5 14 0.4 0.1 0.8 0.9 0.7 14 0.5 0.1 0.8 1.0 0.4 14 0.4 0.1 0.9 1.0
005347,0.6 14 0.7 0.5 0.8 0.6 0.5 14 0.6 0.5 0.8 1.0 0.9 14 0.6 0.4 0.7 0.6 0.9 14 0.6 0.4 0.7 0.7 1.0 14 0.1 0.2 0.4 1.0 0.9 14 0.7 0.5 0.8 0.7 0.4 14 0.6 0.4 0.7 0.7
005353,0.0 0 0.0 0.0 1.0 1.0
005354,0.4 13 0.4 0.3 0.6 0.6 0.9 14 0.0 0.2 0.1 0.5 1.0 14 0.6 0.3 0.7 0.7
005356,0.5 14 0.0 0.1 0.6 1.0 0.4 14 0.0 0.0 0.6 1.0 0.3 14 0.0 0.0 0.8 1.0
005357,0.3 6 0.0 0.4 0.8 0.7 1.0 14 0.6 0.2 0.7 0.5 0.4 6 0.0 0.3 0.8 0.7
005359,0.9 14 0.3 0.3 0.3 0.3
005361,0.0 0 0.0 0.0 1.0 1.0
005362,0.0 0 0.0 0.0 1.0 1.0
005364,0.3 14 0.2 0.0 0.7 1.0
005366,0.6 14 0.2 0.1 1.0 0.6 0.4 14 0.7 0.2 1.0 0.6 0.5 14 0.4 0.1 1.0 0.6 0.8 14 0.1 0.0 0.4 0.7 0.7 14 0.0 0.2 0.1 0.6 0.6 14 0.6 0.0 1.0 0.6 0.6 14 0.0 0.2 0.2 0.6 0.6 14 0.1 0.1 1.0 1.0 0.6 14 0.1 0.1 1.0 0.6 0.3 14 0.2 0.1 0.6 0.7 0.7 14 0.5 0.0 1.0 0.6 0.3 14 0.3 0.1 0.7 0.7 0.6 14 0.1 0.1 1.0 0.6 0.3 14 0.6 0.2 0.8 0.7
005372,0.5 6 0.0 0.2 0.7 0.6 0.4 6 0.0 0.3 0.1 0.4
005375,0.5 14 0.4 0.3 0.7 0.7 0.5 14 0.4 0.3 0.7 0.5 0.5 14 0.4 0.3 0.7 0.6 0.4 14 0.4 0.3 0.6 0.5 0.6 14 0.4 0.3 0.7 0.5 0.6 14 0.4 0.3 0.7 0.5 0.8 14 0.4 0.3 0.7 0.6 0.4 14 0.4 0.3 0.7 0.5
005376,0.3 6 0.0 0.3 0.1 0.3 0.7 6 0.0 0.3 0.1 0.3
005377,0.4 14 0.6 0.0 0.7 0.1 0.7 14 0.0 0.0 0.3 0.5 0.4 14 0.5 0.1 0.9 0.6 0.5 14 0.2 0.5 0.4 0.7 0.5 4 0.4 0.4 0.4 0.5 1.0 14 0.0 0.0 0.3 0.5 0.8 14 0.5 0.0 0.7 0.3 0.3 14 0.2 0.6 0.4 0.7 0.6 14 0.5 0.1 0.9 0.7 0.4 14 0.3 0.5 0.4 0.6 0.4 4 0.1 0.4 0.2 0.6 0.9 14 0.5 0.1 0.9 0.4
005381,0.0 0 0.0 0.0 1.0 1.0
005382,0.0 0 0.0 0.0 1.0 1.0
005386,0.8 14 0.2 0.0 0.7 0.7 0.3 14 0.2 0.0 0.7 1.0
005390,0.5 6 0.2 0.4 0.5 0.5
005392,0.8 14 0.4 0.2 0.4 0.3 0.9 14 0.4 0.3 0.6 0.7 0.5 14 0.6 0.3 0.7 0.5 0.9 14 0.6 0.3 0.7 0.7 0.6 14 0.4 0.3 0.6 0.5 0.7 14 0.4 0.3 0.7 0.7
005394,0.3 14 0.1 0.3 0.5 0.9 0.5 14 0.1 0.1 0.7 0.9 0.4 14 0.1 0.3 0.3 1.0 0.6 14 0.0 0.1 0.7 1.0 0.5 14 0.1 0.3 0.3 0.6
005399,0.4 14 0.3 0.3 0.6 0.8 0.4 14 0.4 0.1 0.8 0.7 0.5 14 0.3 0.3 0.4 0.7 0.4 14 0.4 0.2 0.8 0.7 0.4 14 0.5 0.2 0.9 0.7 0.8 14 0.3 0.3 0.5 0.7 0.6 14 0.4 0.3 0.6 0.7 0.4 14 0.3 0.2 0.8 0.7 0.6 14 0.5 0.2 0.8 0.7
005400,0.0 0 0.0 0.0 1.0 1.0
005401,0.3 6 0.3 0.2 0.5 0.2 0.9 14 0.7 -0.0 0.9 0.3 0.7 6 0.1 0.2 0.8 0.7
005402,0.4 6 0.1 0.3 0.7 0.5 0.4 6 0.3 0.3 0.6 0.5
005403,0.0 0 0.0 0.0 1.0 1.0
005409,0.3 14 0.3 0.5 0.4 0.7 0.3 14 0.0 0.1 0.4 0.8 0.3 14 0.6 0.2 0.9 0.7 0.7 14 0.5 0.2 0.8 0.6 0.6 14 0.0 0.0 0.6 0.7 0.4 14 0.6 0.4 0.9 0.7 0.4 14 0.5 0.2 0.8 0.7 0.7 14 0.0 0.0 0.6 1.0 0.9 14 0.5 0.2 0.9 0.8 0.6 14 0.5 0.2 0.9 1.0 0.4 14 0.6 0.2 0.8 0.6
005411,0.5 14 0.2 0.0 0.6 1.0 0.8 14 0.1 0.0 0.5 1.0 0.8 14 0.1 0.0 0.6 1.0
005412,0.6 14 0.2 0.4 0.3 0.7 0.9 14 0.7 0.3 0.7 0.6 0.4 8 0.5 0.5 0.7 0.7 1.0 14 0.3 0.4 0.4 0.6 0.6 8 0.4 0.5 0.5 0.7 0.3 8 0.2 0.5 0.4 0.8 0.9 14 0.8 0.3 0.8 0.4 0.6 8 0.6 0.5 0.7 0.7 1.0 14 0.0 0.4 0.1 0.5 0.5 14 0.3 0.4 0.3 0.5 0.8 14 0.6 0.4 0.6 0.5 0.9 14 0.4 0.3 0.5 0.5 0.4 14 0.2 0.4 0.3 0.6 0.5 8 0.2 0.6 0.3 0.8 0.9 14 0.2 0.4 0.3 0.5 0.9 14 0.7 0.3 0.8 0.6 1.0 14 0.1 0.3 0.2 0.5 0.7 14 0.4 0.5 0.5 0.6 0.9 14 0.6 0.4 0.6 0.6
005415,1.0 14 0.4 0.1 0.5 0.4 1.0 14 0.1 0.1 0.2 0.5 1.0 14 0.6 0.1 0.7 0.4
005422,0.0 0 0.0 0.0 1.0 1.0
005425,0.7 14 0.2 0.1 0.5 0.9 0.8 14 0.2 0.2 0.4 0.8 0.9 14 0.3 0.1 0.5 0.9 0.7 14 0.2 0.2 0.4 0.8 0.7 14 0.2 0.1 0.5 0.9
005426,0.8 6 0.0 0.2 0.1 0.3
005427,0.0 0 0.0 0.0 1.0 1.0
005428,0.0 0 0.0 0.0 1.0 1.0
005432,0.5 6 0.0 0.0 0.8 0.7
005435,0.3 6 0.2 0.4 0.7 0.8
005437,0.3 6 0.1 0.3 0.3 0.3 0.8 14 0.3 0.2 0.3 0.3 0.8 14 0.0 0.2 0.0 0.2 0.9 6 0.0 0.2 0.9 0.6
005442,0.4 14 0.6 0.0 0.7 0.2 0.4 14 0.0 0.4 0.4 0.7 0.4 14 0.0 0.0 0.2 0.3 0.5 14 0.7 0.2 0.8 0.5 0.4 14 0.4 0.2 0.8 0.7 0.7 14 0.0 0.2 0.5 0.7 0.7 14 0.1 0.2 0.3 0.5 0.8 14 0.5 0.0 0.8 0.2 0.7 14 0.0 0.2 0.5 1.0 0.4 14 0.0 0.0 0.3 0.7 0.3 14 0.2 0.2 0.5 0.6 0.5 14 0.6 0.0 0.9 0.3 0.5 14 0.0 0.2 0.4 0.7 0.4 14 0.5 0.2 0.7 0.6 0.6 14 0.2 0.0 0.5 0.4 0.3 14 0.0 0.2 0.8 1.0 0.7 14 0.7 0.2 0.9 0.7 0.7 14 0.0 0.2 0.3 0.7 0.7 14 0.2 0.2 0.5 0.7 0.8 14 0.4 0.2 0.8 0.7 0.5 14 0.6 -0.0 0.9 0.7 0.7 14 0.4 0.2 0.8 1.0
005443,0.7 6 0.0 0.5 0.6 1.0
005444,0.0 0 0.0 0.0 1.0 1.0
005446,0.0 0 0.0 0.0 1.0 1.0
005447,0.7 6 0.6 0.2 0.7 0.3 0.5 6 0.6 0.2 0.7 0.3 0.8 6 0.4 0.2 0.5 0.3 0.5 14 0.5 0.2 0.7 0.5 0.7 6 0.8 0.2 0.8 0.3 0.8 6 0.7 0.2 0.8 0.3 0.6 6 0.8 0.2 0.9 0.3 0.3 6 0.5 0.2 0.5 0.3 0.4 6 0.8 0.2 0.9 0.3 0.4 6 0.4 0.2 0.5 0.3 0.5 6 0.8 0.2 0.9 0.3 0.8 14 0.3 0.2 0.5 0.6 0.6 6 0.8 0.2 0.8 0.3 0.9 14 0.2 0.2 0.5 0.6 0.5 6 0.7 0.2 0.8 0.3 0.4 6 0.6 0.2 0.9 0.4 1.0 14 0.5 0.2 0.7 0.5 0.8 6 0.6 0.2 0.7 0.3 0.6 6 0.6 0.2 0.7 0.3
005449,0.5 14 0.0 0.1 0.5 0.7 0.5 14 0.1 0.1 0.7 0.7 0.9 14 0.0 0.3 0.2 0.7 0.6 14 0.0 0.1 0.7 1.0
005452,0.0 0 0.0 0.0 1.0 1.0
005456,0.9 14 0.3 0.0 0.5 0.5 0.9 14 0.3 0.1 0.6 0.6 0.3 14 0.8 0.3 0.9 0.7 0.5 14 0.8 0.3 0.9 0.4 0.5 14 0.7 0.2 0.9 0.5 0.7 14 0.3 0.1 0.6 0.6 0.3 14 0.7 0.2 0.9 0.6 0.7 14 0.8 0.3 0.9 0.5
005458,0.0 0 0.0 0.0 1.0 1.0
005459,0.6 14 0.1 0.6 0.3 1.0 0.3 14 0.2 0.4 0.6 1.0 0.5 14 0.2 0.4 0.4 1.0 0.3 14 0.0 0.4 0.3 0.7 0.7 14 0.2 0.4 0.4 0.7 0.9 14 0.0 0.4 0.3 1.0 0.8 14 0.3 0.4 0.6 1.0 0.7 14 0.2 0.4 0.4 1.0 0.4 14 0.3 0.4 0.6 1.0 0.8 14 0.3 0.4 0.6 1.0
005460,0.0 0 0.0 0.0 1.0 1.0
005462,0.8 14 0.0 0.1 0.6 1.0
005463,0.4 6 0.0 0.2 0.1 0.5
005464,0.8 14 0.3 0.1 0.4 0.2 0.9 14 0.3 0.1 0.3 0.2 0.7 15 0.4 0.4 0.6 0.5
005466,0.9 14 0.2 0.5 0.3 0.6 0.9 14 0.3 0.5 0.3 0.6 0.7 14 0.8 0.0 0.9 0.7
005468,0.4 6 0.0 0.4 0.3 0.8 0.4 14 0.4 0.0 0.6 0.3 0.9 6 0.0 0.2 0.2 0.3 0.8 6 0.6 0.2 0.7 0.4 0.4 6 0.5 0.3 0.7 0.5 0.6 6 0.0 0.2 0.7 0.7 0.4 14 0.2 0.0 0.6 0.7 0.6 6 0.6 0.2 0.7 0.2 0.5 6 0.4 0.2 0.7 0.4 0.9 14 0.4 0.0 0.6 0.7 0.3 6 0.0 0.2 0.2 0.3 0.4 6 0.2 0.2 0.3 0.4 0.4 6 0.0 0.1 0.7 0.7 0.4 6 0.6 0.3 0.7 0.4 0.5 6 0.6 0.2 0.7 0.2
005472,0.0 0 0.0 0.0 1.0 1.0
005473,0.9 14 0.2 0.3 0.3 0.5
005474,0.0 0 0.0 0.0 1.0 1.0
005476,0.0 0 0.0 0.0 1.0 1.0
005477,0.4 14 0.0 0.1 0.1 0.7 0.9 14 0.3 0.1 0.6 0.7 0.4 14 0.0 0.1 0.1 0.2 0.7 14 0.6 0.2 0.7 0.5 0.5 14 0.1 0.1 0.3 0.5 0.8 14 0.0 0.1 0.1 0.4 0.7 14 0.0 0.1 0.1 0.7 0.3 14 0.2 0.1 0.3 0.5 0.6 14 0.2 0.1 0.3 0.4 0.9 14 0.1 0.1 0.3 0.8 0.3 14 0.5 0.2 0.7 0.5 0.8 14 0.3 0.1 0.5 0.5 0.5 14 0.1 0.1 0.3 0.4 0.7 14 0.1 0.1 0.3 0.8 0.5 14 0.1 0.1 0.3 0.4 0.9 14 0.0 0.1 0.1 0.7 0.5 14 0.1 0.1 0.3 0.3 0.5 14 0.0 0.1 0.3 0.8 0.8 14 0.2 0.1 0.3 0.3 0.5 14 0.1 0.1 0.3 0.5 0.5 14 0.3 0.1 0.7 0.7 0.4 14 0.5 0.2 0.7 0.4 0.4 14 0.6 0.4 0.7 0.6 0.4 14 0.0 0.1 0.2 0.3
005479,0.0 0 0.0 0.0 1.0 1.0
005480,0.4 1 0.2 0.3 0.6 0.7 0.5 1 0.2 0.4 0.5 0.7
005482,0.8 14 0.5 0.0 0.8 0.4 0.4 14 0.5 0.0 1.0 0.4 0.8 14 0.5 0.0 0.9 0.4 0.6 14 0.6 0.0 1.0 0.4 0.5 14 0.5 0.0 1.0 1.0
005484,0.8 6 0.6 0.4 0.7 0.4
005488,0.8 14 0.1 0.1 0.4 0.7 0.6 14 0.1 0.1 0.5 1.0 0.5 14 0.0 0.1 0.4 1.0 0.4 14 0.5 0.3 0.9 0.7 0.7 14 0.5 0.3 0.7 0.7 0.9 14 0.5 0.3 0.9 1.0 0.4 14 0.6 0.3 0.7 0.7
005490,0.8 14 0.0 0.1 0.5 0.7 0.3 14 0.2 0.1 0.5 0.7 0.8 14 0.0 0.1 0.5 1.0 0.4 14 0.7 0.4 0.9 0.7
005491,0.3 4 0.4 0.4 0.5 0.7 0.5 14 0.3 0.2 0.6 0.6 0.5 14 0.3 0.1 0.3 0.1 0.9 14 0.3 0.2 0.6 0.7 0.5 4 0.4 0.3 0.6 0.7 0.6 4 0.4 0.5 0.6 0.8
005492,0.0 0 0.0 0.0 1.0 1.0
005493,0.4 6 0.1 0.1 0.9 0.6 0.7 6 0.1 0.1 0.9 0.6
005494,0.9 14 0.2 0.0 0.4 0.9
005495,0.0 0 0.0 0.0 1.0 1.0
005498,0.4 8 0.0 0.6 0.3 1.0 0.4 8 0.0 0.6 0.3 1.0 0.4 15 0.5 0.6 0.6 0.7 0.6 8 0.0 0.6 0.3 1.0
005500,0.5 14 0.4 0.2 0.7 0.9 0.9 14 0.0 0.2 0.5 0.9 0.5 14 0.0 0.2 0.9 0.9 0.4 14 0.3 0.2 0.5 0.9 0.6 14 0.4 0.2 0.9 0.9 0.5 14 0.4 0.2 0.9 0.9
005501,0.5 6 0.0 0.4 0.7 0.8 0.6 6 0.0 0.1 0.9 0.8
005502,0.0 0 0.0 0.0 1.0 1.0
005503,0.4 1 0.1 0.2 0.8 0.9 0.5 14 0.0 0.3 0.0 0.4 0.4 1 0.1 0.1 0.8 0.9
005504,0.5 6 0.3 0.5 0.7 0.8 0.4 6 0.8 0.6 1.0 0.9 0.6 6 0.7 0.6 0.8 0.8 0.3 6 0.3 0.5 0.7 0.8
005505,0.4 14 0.1 0.4 0.3 0.6 0.9 14 0.1 0.4 0.3 0.9
005506,0.0 0 0.0 0.0 1.0 1.0
005512,0.3 14 0.7 0.0 0.9 0.3 0.5 14 0.8 0.0 1.0 0.2 0.4 14 0.1 0.0 0.6 0.7 0.4 14 0.7 0.0 1.0 0.3 0.6 14 0.1 0.0 0.4 0.7 0.6 14 0.7 0.0 1.0 0.3 0.7 14 0.8 0.0 1.0 0.3
005513,0.6 14 0.4 0.4 0.5 0.7 0.4 14 0.2 0.2 0.6 1.0 0.5 14 0.2 0.2 1.0 0.6 0.4 14 0.2 0.0 1.0 1.0
005516,0.4 1 0.1 0.1 0.8 0.6
005520,0.5 6 0.4 0.0 0.5 0.0 0.5 6 0.3 0.0 0.4 0.0 0.4 6 0.4 0.0 0.4 0.0 0.6 6 0.4 0.0 0.4 0.0 0.3 6 0.2 0.0 0.3 0.0 0.8 6 0.4 0.0 0.5 0.0 0.8 6 0.0 0.0 0.1 0.1 0.8 6 0.6 0.0 0.6 0.0 0.4 6 0.3 0.0 0.4 0.0 0.4 6 0.4 0.0 0.5 0.0 0.8 6 0.4 0.0 0.5 0.0 0.8 6 0.2 0.0 0.3 0.1 0.3 6 0.0 0.0 0.6 0.9 0.8 6 0.1 0.0 0.2 0.1 0.6 6 0.0 0.0 0.0 0.1 0.4 6 0.2 0.0 0.3 0.0 0.5 6 0.0 0.0 0.6 0.9 0.8 6 0.3 0.0 0.4 0.0 0.4 6 0.5 0.0 0.5 0.0 0.3 6 0.1 0.0 0.2 0.0 0.6 6 0.6 0.0 0.6 0.0
005523,0.8 14 0.8 0.0 0.9 0.3 0.9 14 0.7 0.0 0.8 0.2 0.6 14 0.4 0.0 0.4 0.1 0.9 14 0.2 0.1 0.3 0.2 0.8 14 0.8 0.0 0.8 0.2 0.9 14 0.3 0.0 0.4 0.2 0.4 14 0.3 0.1 0.3 0.1 0.8 6 0.0 0.0 0.9 0.6 0.3 6 0.0 0.0 0.9 0.6 0.8 14 0.3 0.0 0.4 0.2 0.8 14 0.2 0.1 0.3 0.1 0.9 14 0.8 0.0 0.9 0.2
005525,0.0 0 0.0 0.0 1.0 1.0
005528,0.5 14 0.3 0.1 0.8 0.6 0.6 14 0.0 0.1 0.8 1.0
005529,0.0 0 0.0 0.0 1.0 1.0
005532,0.0 0 0.0 0.0 1.0 1.0
005533,0.5 14 0.0 0.5 0.1 0.6 0.6 14 0.0 0.5 0.1 0.7 0.4 14 0.5 0.4 0.7 0.6 0.5 14 0.5 0.4 0.7 0.8 0.8 14 0.3 0.4 0.4 0.7 0.3 14 0.0 0.5 0.1 0.9 0.3 14 0.0 0.4 0.1 0.7 0.7 14 0.1 0.4 0.2 0.6 0.8 14 0.0 0.4 0.0 0.5 0.4 14 0.2 0.4 0.4 0.7 0.6 14 0.0 0.4 0.1 0.9 0.7 14 0.3 0.4 0.3 0.5 0.7 14 0.0 0.4 0.2 0.7 0.9 14 0.5 0.4 0.6 0.6 0.8 14 0.3 0.4 0.4 0.7 0.6 14 0.0 0.4 0.2 0.7 0.9 14 0.1 0.4 0.2 0.6 0.8 14 0.3 0.4 0.4 0.7 0.4 14 0.0 0.5 0.1 0.6
005534,0.4 13 0.2 0.2 0.8 0.6 0.8 6 0.9 0.2 1.0 0.4 0.5 6 0.8 0.3 0.9 0.4
005537,0.6 6 0.1 0.3 0.8 0.6
005538,0.7 14 0.1 0.6 0.3 0.8 0.6 14 0.1 0.4 0.4 0.8
005540,0.5 14 0.7 0.3 0.8 0.4 0.7 14 0.2 0.1 0.3 0.3 0.9 14 0.7 0.3 0.8 0.5
005543,0.4 14 0.7 0.4 0.8 0.4 0.8 14 0.7 0.4 0.8 0.4
005545,0.4 8 0.5 0.7 0.6 0.8
005546,0.3 14 0.3 0.4 0.4 0.5 0.7 14 0.2 0.6 0.2 0.7 0.9 14 0.1 0.6 0.1 0.7 0.5 14 0.3 0.4 0.4 0.6 0.5 14 0.2 0.6 0.2 0.7 0.8 14 0.2 0.6 0.2 0.7 0.4 14 0.1 0.6 0.2 0.7 1.0 14 0.2 0.5 0.5 1.0 0.8 14 0.1 0.6 0.2 0.7 0.5 6 0.4 0.6 0.7 0.9 0.4 6 0.4 0.6 0.7 1.0
005548,0.8 14 0.5 0.4 0.6 0.4 0.6 14 0.1 0.2 0.4 1.0 0.6 14 0.1 0.3 0.6 1.0 0.5 14 0.0 0.4 0.1 0.5 0.8 14 0.0 0.1 0.4 1.0 0.5 14 0.1 0.1 0.7 1.0 1.0 14 0.5 0.3 0.7 1.0
005551,0.0 0 0.0 0.0 1.0 1.0
005553,0.9 14 0.2 0.1 0.5 0.6
005555,0.0 0 0.0 0.0 1.0 1.0
005556,0.4 14 0.5 0.1 0.6 0.5 0.7 14 0.5 0.1 0.7 0.6 0.9 14 0.2 0.1 0.5 0.7 0.8 6 0.8 0.4 1.0 0.5 0.3 14 0.5 0.1 0.8 0.7 0.8 14 0.5 0.1 0.8 0.7 0.7 6 0.9 0.4 1.0 0.5
005557,0.9 14 0.1 0.3 0.5 0.9
005558,0.7 6 0.2 0.3 0.9 0.7 0.5 14 0.8 0.0 1.0 0.5 0.3 14 0.9 0.0 1.0 0.5 0.6 14 0.8 0.0 0.9 0.3 0.5 14 0.0 -0.0 0.2 0.4 0.5 6 0.2 0.0 0.9 0.7
005560,0.5 14 0.3 0.1 0.5 0.5 0.4 13 0.2 0.3 0.7 0.6 0.9 14 0.3 0.1 0.5 0.6
005561,0.7 14 0.3 0.3 0.5 0.5 0.5 1 0.2 0.4 0.6 0.9 0.4 14 0.3 0.3 0.5 0.8 0.9 14 0.3 0.3 0.5 0.8 0.6 1 0.2 0.4 0.6 0.8 0.3 1 0.2 0.4 0.6 0.9 0.4 1 0.2 0.4 0.7 0.9
005562,0.0 0 0.0 0.0 1.0 1.0
005564,0.4 14 0.1 0.1 0.4 0.8 0.4 14 0.0 0.3 0.2 0.7 0.5 14 0.1 0.1 0.4 0.7 0.5 14 0.0 0.1 0.4 0.7 0.5 14 0.2 0.3 0.4 1.0 0.6 14 0.0 0.3 0.2 0.7 0.7 14 0.1 0.1 0.4 1.0 0.5 14 0.0 0.3 0.2 1.0 0.8 14 0.0 0.3 0.2 0.5
005565,0.0 0 0.0 0.0 1.0 1.0
005567,0.0 0 0.0 0.0 1.0 1.0
005569,0.0 0 0.0 0.0 1.0 1.0
005570,0.9 14 0.5 0.1 0.6 0.2 0.4 14 0.2 0.0 0.6 0.6 0.5 14 0.7 0.1 1.0 1.0 0.4 14 0.0 0.1 0.3 0.6 0.4 14 0.5 0.1 1.0 1.0 0.5 14 0.5 0.1 0.7 0.4 0.9 14 0.0 0.1 0.5 0.6 0.9 14 0.0 0.1 0.1 0.5 0.8 14 0.3 0.1 0.4 0.2 0.7 14 0.7 0.1 0.9 0.5 0.6 14 0.0 0.1 0.3 0.6 0.7 4 0.6 0.3 0.6 0.4 0.6 14 0.2 0.1 0.3 0.2 0.6 14 0.0 0.1 0.5 1.0 0.9 14 0.1 0.1 0.2 0.2 0.5 14 0.0 0.1 0.1 0.2 0.5 14 0.2 0.1 0.3 0.2 0.6 14 0.5 0.1 0.9 0.6 0.5 14 0.0 0.1 0.3 0.5 0.5 14 0.2 0.0 0.5 0.6 0.3 4 0.5 0.3 0.6 0.6 0.9 14 0.7 0.1 0.9 0.6 0.3 14 0.6 0.1 0.6 0.3 0.5 4 0.5 0.3 0.6 0.6 0.6 14 0.5 0.1 1.0 1.0 0.8 14 0.6 0.1 0.6 0.2
005571,0.3 6 0.1 0.3 0.4 0.5 0.8 6 0.1 0.2 0.2 0.3 0.5 6 0.2 0.0 0.4 0.0 0.7 6 0.1 0.1 0.9 0.5 0.4 6 0.1 0.2 0.2 0.3
005572,0.0 0 0.0 0.0 1.0 1.0
005575,0.0 0 0.0 0.0 1.0 1.0
005578,0.0 0 0.0 0.0 1.0 1.0
005580,0.0 0 0.0 0.0 1.0 1.0
005581,0.0 0 0.0 0.0 1.0 1.0
005587,0.3 8 0.3 0.5 0.4 0.6
005589,0.5 8 0.1 0.4 0.4 0.7 0.3 8 0.7 0.3 0.9 0.6 0.4 8 0.6 0.3 0.8 0.6
005594,0.5 14 0.0 0.1 0.6 1.0 0.4 14 0.0 0.1 0.6 0.8 0.3 14 0.0 0.1 0.4 0.9 0.7 14 0.0 0.1 0.6 1.0 0.3 14 0.0 0.1 0.4 1.0 0.5 14 0.0 0.1 0.6 1.0
005595,0.9 14 0.2 0.0 0.6 0.8
005596,0.9 14 0.3 0.2 0.4 0.3 0.8 14 0.3 0.3 0.4 0.6 0.5 14 0.4 0.3 0.4 0.4 0.3 19 0.5 0.4 0.6 0.5 0.9 14 0.1 0.2 0.2 0.4 0.3 14 0.3 0.3 0.4 0.6 0.7 14 0.4 0.2 0.5 0.4 0.7 14 0.2 0.3 0.4 0.8 0.6 14 0.3 0.1 0.4 0.6 0.5 14 0.3 0.3 0.3 0.4 0.5 14 0.3 0.1 0.4 0.5 0.6 14 0.2 0.3 0.3 0.9 0.3 14 0.3 0.2 0.5 0.5 0.7 14 0.2 0.3 0.4 0.8 0.5 14 0.1 0.2 0.2 0.3 1.0 14 0.0 0.1 0.2 0.9 0.8 14 0.3 0.3 0.4 0.5 0.4 14 0.1 0.2 0.2 0.3
005597,0.3 8 0.0 0.6 0.2 0.8 0.5 8 0.3 0.4 0.5 0.8 0.5 8 0.0 0.5 0.2 0.8 0.5 8 0.6 0.3 0.7 0.6 0.5 8 0.2 0.4 0.5 0.8 0.6 8 0.3 0.4 0.5 0.8 0.4 8 0.2 0.4 0.5 0.8 0.5 8 0.5 0.4 0.6 0.7 0.3 8 0.2 0.3 0.3 0.5 0.4 8 0.0 0.4 0.2 0.8 0.4 8 0.0 0.4 0.2 0.5 0.4 14 0.2 0.2 0.3 0.3 0.6 8 0.4 0.4 0.6 0.7 0.3 8 0.5 0.3 0.7 0.7 0.4 8 0.5 0.3 0.7 0.6
005598,0.3 6 0.1 0.1 0.7 0.5
005602,0.0 0 0.0 0.0 1.0 1.0
005604,0.7 6 0.5 0.8 0.6 0.9
005607,0.0 0 0.0 0.0 1.0 1.0
005610,1.0 14 0.1 0.1 0.5 0.6
005612,0.9 14 0.2 0.0 0.6 0.7 0.4 14 0.5 0.2 0.6 0.6 0.4 14 0.2 0.0 0.6 0.7 0.3 14 0.2 0.0 0.5 0.7 0.4 14 0.3 0.0 0.6 0.7 0.7 14 0.0 0.1 0.3 1.0 0.4 14 0.1 0.1 0.2 0.5 0.9 14 0.0 0.1 0.2 0.8 0.3 14 0.1 0.0 0.6 0.9 0.6 14 0.2 0.3 0.3 0.3 0.3 14 0.2 0.0 0.6 0.8 0.6 14 0.5 0.2 0.6 0.3
005616,0.6 6 0.6 0.3 0.8 0.4 0.8 6 0.6 0.3 0.8 0.4 0.3 6 0.3 0.3 0.5 0.4 0.4 6 0.5 0.3 0.7 0.4 0.4 6 0.4 0.2 0.7 0.4 0.3 6 0.4 0.2 0.7 0.4 0.6 6 0.7 0.3 0.8 0.4 0.4 15 0.3 0.2 0.4 0.3 0.5 6 0.4 0.3 0.7 0.4 0.7 6 0.6 0.3 0.7 0.4 0.6 15 0.6 0.2 0.7 0.3
005617,1.0 14 0.1 0.1 0.3 0.5
005619,0.6 14 0.6 0.0 0.8 0.2
005621,0.0 0 0.0 0.0 1.0 1.0
005622,0.7 14 0.4 0.2 0.6 0.4 0.3 14 0.5 0.2 0.6 0.3 0.6 14 0.3 0.2 0.5 0.5 0.7 14 0.0 0.3 0.2 0.6 0.6 14 0.7 0.2 0.8 0.3 0.8 14 0.6 0.3 0.8 0.7 0.9 14 0.6 0.3 0.7 0.5 0.8 14 0.4 0.3 0.5 0.4 0.4 14 0.6 0.2 0.8 0.8 0.7 14 0.1 0.3 0.2 0.7 0.9 14 0.7 0.2 0.7 0.3 0.8 14 0.7 0.2 0.8 0.3 0.3 14 0.7 0.2 0.8 0.5 0.9 14 0.5 0.2 0.6 0.5 0.7 14 0.0 0.3 0.2 0.6 0.7 14 0.7 0.3 0.8 0.6 0.9 14 0.0 0.3 0.1 0.6 0.5 14 0.3 0.2 0.4 0.3 0.3 14 0.5 0.2 0.8 0.6 0.4 14 0.3 0.2 0.4 0.5 0.9 14 0.4 0.2 0.6 0.5 0.9 14 0.3 0.2 0.4 0.4 0.9 14 0.1 0.3 0.2 0.4 0.8 14 0.0 0.3 0.2 0.7 0.8 14 0.6 0.3 0.8 0.6 0.8 14 0.0 0.3 0.2 0.6 0.7 4 0.4 0.4 0.4 0.6 0.6 14 0.5 0.2 0.7 0.5 0.8 14 0.6 0.3 0.7 0.6 0.8 14 0.7 0.2 0.8 0.6 0.8 14 0.5 0.2 0.6 0.5 0.8 14 0.5 0.2 0.6 0.3
005623,0.4 14 0.1 0.3 0.5 0.6
005626,0.0 0 0.0 0.0 1.0 1.0
005627,0.3 6 0.5 0.3 0.6 0.3 0.6 6 0.3 0.2 0.5 0.3 0.7 6 0.2 0.3 0.6 0.6 0.5 6 0.0 0.3 0.1 0.4 0.3 6 0.5 0.3 1.0 0.8 0.4 6 0.5 0.3 1.0 0.7 0.8 6 0.6 0.3 0.7 0.4 0.5 6 0.5 0.3 1.0 0.7 0.6 6 0.1 0.3 0.4 0.6 0.3 6 0.1 0.2 0.2 0.3 0.7 6 0.7 0.3 0.8 0.3 0.6 6 0.6 0.2 0.7 0.4 0.4 6 0.7 0.3 0.9 0.4 0.7 6 0.0 0.3 0.4 0.6 0.8 6 0.6 0.3 0.7 0.4 0.7 6 0.5 0.3 0.6 0.4 0.3 6 0.1 0.2 0.2 0.3 0.4 6 0.0 0.3 0.6 0.6 0.7 6 0.1 0.2 0.2 0.3 0.7 6 0.0 0.3 0.1 0.6 0.5 6 0.6 0.3 0.7 0.4 0.5 6 0.9 0.2 1.0 0.4 0.4 6 0.6 0.3 0.7 0.4 0.4 6 0.6 0.3 0.7 0.4 0.8 6 0.5 0.3 1.0 0.7 0.6 6 0.7 0.2 0.7 0.3
005628,0.6 14 0.2 0.4 0.6 1.0 0.7 14 0.0 0.1 0.1 0.4 0.6 14 0.0 0.0 0.6 1.0 0.4 14 0.6 0.0 0.8 0.6
005632,0.0 0 0.0 0.0 1.0 1.0
005633,0.5 6 0.0 0.7 0.0 0.8 0.5 6 0.2 0.8 0.2 0.8
005634,0.0 0 0.0 0.0 1.0 1.0
005635,0.3 4 0.3 0.2 0.5 1.0 0.6 14 0.3 0.0 0.8 1.0
005638,0.8 6 0.6 0.5 1.0 1.0 0.3 14 0.3 0.3 0.6 1.0 0.9 14 0.1 0.3 0.7 1.0
005642,0.0 0 0.0 0.0 1.0 1.0
005643,0.0 0 0.0 0.0 1.0 1.0
005646,0.6 14 0.3 0.4 0.6 0.6 0.6 14 0.3 0.4 0.4 0.6 0.9 14 0.6 0.5 0.9 1.0
005649,0.8 6 0.2 0.3 0.8 0.8
005650,0.6 14 0.0 0.4 0.1 1.0 0.9 14 0.2 0.2 0.7 1.0
005651,0.3 14 0.5 0.2 0.7 0.7 0.7 14 0.0 0.3 0.7 1.0 0.4 14 0.4 0.2 0.7 0.7
005656,0.7 14 0.0 0.7 0.4 1.0 1.0 14 0.4 0.3 0.4 0.5 0.9 14 0.6 0.3 0.7 0.7 0.7 14 0.2 0.3 0.3 0.7 0.6 14 0.3 0.7 0.6 1.0 0.3 14 0.2 0.7 0.4 0.8 0.6 14 0.4 0.2 0.6 0.6 0.4 14 0.2 0.7 0.8 1.0 0.6 4 0.5 0.8 0.6 1.0 0.5 14 0.6 0.3 0.9 0.7 0.3 14 0.4 0.2 0.6 0.7 1.0 14 0.4 0.2 0.6 0.6 0.7 14 0.1 0.2 0.2 0.4 0.7 14 0.2 0.7 0.4 1.0 1.0 14 0.1 0.2 0.2 0.8 0.8 14 0.2 0.3 0.2 0.4 0.6 14 0.6 0.3 0.9 0.9 0.7 14 0.3 0.4 0.3 0.5 0.4 14 0.6 0.3 0.9 0.7 0.6 14 0.3 0.6 0.8 1.0 0.3 14 0.6 0.3 0.7 0.4
005659,0.4 6 0.1 0.3 0.2 0.4 0.4 6 0.0 0.3 0.2 0.5 0.5 6 0.0 0.3 0.2 0.4
005661,0.6 14 0.8 0.3 0.9 0.5 0.6 14 0.7 0.3 0.8 0.4 0.3 8 0.0 0.5 0.3 0.6 0.8 14 0.7 0.3 0.8 0.5 0.6 15 0.3 0.2 0.4 0.3 0.4 8 0.3 0.4 0.5 0.6 0.4 4 0.5 0.5 0.5 0.6
005663,0.7 6 0.0 0.3 0.1 0.4 0.5 6 0.0 0.3 0.1 0.4 0.4 6 0.8 0.3 0.9 0.4 0.8 6 0.1 0.3 0.2 0.4 0.3 6 0.0 0.3 0.1 0.4 0.4 6 0.0 0.3 0.2 0.3 0.6 6 0.0 0.3 0.2 0.3
005665,0.5 8 0.5 0.3 0.6 0.5 0.3 8 0.8 0.3 1.0 0.5 0.3 8 0.1 0.3 0.3 0.5 0.4 8 0.1 0.3 0.3 0.5
005666,0.5 14 0.1 0.8 0.2 1.0 0.9 14 0.4 0.8 0.5 1.0 0.9 14 0.2 0.8 0.3 1.0 0.5 4 0.5 0.4 0.5 0.5 0.9 14 0.0 0.8 0.1 1.0 0.3 4 0.3 0.5 0.4 0.7 0.5 6 0.5 0.8 0.6 0.9 0.4 4 0.1 0.4 0.2 0.5 0.9 14 0.1 0.8 0.2 1.0 0.9 14 0.5 0.8 0.6 1.0
005667,0.5 14 0.5 0.3 0.5 0.3
005670,0.8 14 0.0 0.3 0.0 0.5 0.9 14 0.0 0.3 0.1 0.4 0.5 6 0.1 0.1 0.8 0.5
005671,0.0 0 0.0 0.0 1.0 1.0
005673,0.0 0 0.0 0.0 1.0 1.0
005675,0.7 14 0.3 0.0 0.6 0.3 0.3 14 0.0 0.0 0.7 0.8 0.4 14 0.3 0.0 0.7 0.4 0.5 14 0.3 0.0 0.7 0.5 0.6 14 0.0 0.0 0.4 1.0 0.9 14 0.0 0.0 0.3 0.8 0.5 14 0.0 0.0 0.7 1.0
005677,0.4 14 0.2 0.1 0.7 0.7 0.3 14 0.2 0.4 0.4 0.7 0.3 14 0.4 0.1 0.6 0.6 0.9 14 0.4 0.1 0.5 0.5 0.4 14 0.2 0.1 0.4 0.5 0.4 14 0.0 0.1 0.7 1.0
005678,0.5 6 0.1 0.0 0.8 0.6
005681,0.0 0 0.0 0.0 1.0 1.0
005683,0.0 0 0.0 0.0 1.0 1.0
005684,0.4 14 0.2 0.7 0.5 0.9 0.5 14 0.2 0.6 0.5 0.9
005688,0.4 14 0.1 0.1 0.8 0.7 0.3 14 0.1 0.3 0.8 0.7 0.6 14 0.3 0.2 0.5 0.5 0.3 14 0.1 0.3 0.8 1.0 0.8 14 0.3 0.1 0.7 0.5 0.3 14 0.0 0.0 0.8 1.0 0.5 14 0.0 0.0 0.9 1.0 0.4 14 0.6 0.1 0.9 0.7
005689,0.3 6 0.0 0.0 0.8 0.6
005690,0.4 6 0.1 0.2 0.9 0.4 0.3 6 0.0 0.2 0.9 0.4
005691,0.3 14 0.0 0.1 0.1 1.0 0.6 14 0.0 0.1 0.1 0.3 0.6 14 0.0 0.1 0.1 0.8 0.3 14 0.0 0.0 0.3 1.0 0.9 14 0.0 0.0 0.5 1.0 0.4 14 0.0 0.0 0.3 1.0
005692,0.6 14 0.2 0.1 0.8 0.5 0.5 14 0.2 0.1 0.5 0.4
005694,0.8 6 0.0 0.1 0.7 0.6
005698,0.6 14 0.5 0.1 0.6 0.3 0.3 14 0.2 0.0 0.4 0.3 0.8 14 0.0 0.0 0.2 0.3 0.4 14 0.0 0.0 0.2 0.2 0.3 14 0.8 0.0 0.8 0.1 0.5 14 0.6 0.2 0.8 0.5 0.7 14 0.8 0.0 0.8 0.1 0.6 14 0.4 0.2 0.7 0.4 0.3 14 0.0 0.0 0.2 0.4 0.6 14 0.7 0.0 0.8 0.2 0.6 14 0.4 0.2 0.7 0.5 0.9 14 0.4 0.1 0.6 0.4 0.9 14 0.2 0.0 0.4 0.4 0.4 14 0.1 0.0 0.2 0.2 0.6 14 0.0 0.0 0.1 0.2 0.9 14 0.0 0.1 0.2 0.5 0.3 14 0.5 0.2 0.8 0.5 0.9 14 0.5 0.2 0.8 0.5 0.8 14 0.5 0.2 0.8 0.5 0.4 14 0.5 0.2 0.7 0.4 0.4 14 0.7 0.0 0.7 0.1
005703,0.6 14 0.2 0.0 0.6 0.4 0.7 14 0.1 0.2 0.6 0.8 0.4 15 0.0 0.4 0.1 0.5 0.7 14 0.1 0.2 0.4 0.8 0.4 14 0.1 0.2 0.4 0.7 0.5 15 0.0 0.3 0.1 0.5 0.4 14 0.1 0.0 0.6 0.8 0.3 15 0.0 0.4 0.1 0.5 0.3 15 0.0 0.4 0.1 0.5 0.3 14 0.2 0.0 0.5 0.5 0.6 14 0.1 0.2 0.6 1.0 0.6 15 0.0 0.3 0.1 0.5 0.4 15 0.0 0.3 0.1 0.5
005706,0.8 6 0.1 0.3 0.8 0.5
005707,0.4 1 0.8 0.4 0.9 0.5 0.3 1 0.7 0.4 0.8 0.4 0.7 14 0.9 0.4 0.9 0.5 0.6 14 0.8 0.4 0.8 0.4 0.8 14 0.9 0.4 0.9 0.4
005708,0.3 14 0.0 0.0 0.2 0.5 0.4 14 0.6 0.1 0.7 0.6 0.5 14 0.1 0.1 0.2 0.4 1.0 14 0.4 0.1 0.5 0.5 0.8 14 0.5 0.1 0.7 0.6 0.7 6 0.2 0.2 0.3 0.2 1.0 14 0.0 0.0 0.2 0.6 0.8 14 0.5 0.1 0.7 0.6 0.7 14 0.5 0.1 0.7 0.6 0.4 14 0.8 0.2 0.9 0.4 0.6 14 0.6 0.1 0.7 0.4
005709,0.7 14 0.3 0.1 0.6 0.4 0.4 1 0.2 0.3 0.6 0.6 0.7 14 0.3 0.1 0.6 0.5 0.5 14 0.3 0.1 0.5 0.5 0.5 14 0.5 0.1 0.6 0.4 0.7 14 0.3 0.1 0.6 0.4
005711,0.0 0 0.0 0.0 1.0 1.0
005712,0.4 14 0.0 0.0 0.2 0.7 0.5 14 0.0 0.0 0.7 1.0 0.6 14 0.0 0.0 0.7 0.6 0.7 14 0.5 0.0 1.0 0.5 0.4 14 0.0 0.0 0.7 1.0 0.4 14 0.5 0.0 1.0 0.7 0.3 14 0.5 0.0 1.0 0.7
005717,0.6 6 0.6 0.1 0.7 0.2 0.9 14 0.3 0.5 0.5 0.7 0.5 14 0.2 0.4 0.3 0.7 0.6 14 0.6 0.4 0.9 0.7 0.4 14 0.6 0.3 0.8 0.5 0.6 14 0.5 0.3 0.9 0.7 0.3 6 0.0 0.1 0.1 0.3 0.7 14 0.0 0.2 0.2 0.5 0.9 6 0.0 0.1 0.1 0.3 0.9 14 0.2 0.2 0.5 0.4 0.4 14 0.6 0.3 0.8 0.5 0.5 14 0.1 0.5 0.3 0.7 0.5 6 0.0 0.2 0.1 0.3 0.9 14 0.5 0.3 0.7 0.5 0.8 6 0.1 0.1 0.2 0.1 0.9 14 0.0 0.2 0.2 0.7 0.4 6 0.2 0.1 0.3 0.2 0.3 14 0.6 0.4 0.7 0.7 0.7 14 0.6 0.3 0.9 0.7 0.3 14 0.0 0.2 0.2 0.6 0.6 6 0.3 0.1 0.4 0.2 0.3 6 0.0 0.1 0.1 0.2 0.6 14 0.5 0.3 0.8 0.7 0.5 14 0.5 0.3 0.6 0.4 0.4 14 0.5 0.3 0.8 0.7 0.3 6 0.6 0.1 0.7 0.2
005720,0.3 14 0.2 0.8 0.3 0.9 0.8 14 0.1 0.7 0.3 0.9 0.9 14 0.1 0.7 0.2 0.9
005721,0.4 4 0.6 0.5 0.6 0.6 0.9 14 0.2 0.3 0.4 0.6 0.3 14 0.5 0.2 0.6 0.4 0.4 4 0.4 0.4 0.4 0.5 0.4 14 0.2 0.3 0.4 0.6 0.7 4 0.4 0.4 0.4 0.5 0.8 14 0.4 0.2 0.7 0.5 0.7 14 0.2 0.3 0.7 0.7 0.9 14 0.4 0.2 0.7 0.7 0.4 14 0.2 0.3 0.4 0.5 0.6 4 0.4 0.4 0.4 0.5 0.3 14 0.2 0.3 0.4 0.6 0.8 4 0.6 0.5 0.6 0.6
005722,0.3 14 0.4 0.2 0.5 0.4 0.8 14 0.4 0.2 0.5 0.5 0.3 14 0.5 0.5 0.7 0.7 0.4 14 0.4 0.2 0.5 0.6 0.9 14 0.4 0.2 0.5 0.7 0.3 14 0.4 0.2 0.5 0.5
005724,0.0 0 0.0 0.0 1.0 1.0
005725,0.3 14 0.0 0.5 0.3 0.9 0.9 14 0.1 0.2 0.3 0.6 0.8 14 0.1 0.1 0.5 0.9 0.5 14 0.3 0.1 0.5 0.6 0.5 14 0.0 0.2 0.3 1.0 0.7 14 0.2 0.1 0.5 0.9
005726,0.5 14 0.3 0.1 0.5 0.2 0.5 14 0.2 0.1 0.3 0.2 0.7 14 0.5 0.1 0.6 0.2
005727,0.0 0 0.0 0.0 1.0 1.0
005733,0.9 14 0.5 0.1 0.7 0.4
005734,0.0 0 0.0 0.0 1.0 1.0
005737,0.5 14 0.8 0.1 0.9 0.3 0.9 14 0.8 0.1 0.9 0.3
005739,0.8 14 0.3 0.2 0.4 0.3 1.0 14 0.5 0.2 0.6 0.4
005744,0.5 6 0.5 0.1 0.5 0.2 0.4 15 0.0 0.0 0.1 0.2 0.4 6 0.5 0.1 0.7 0.2
005745,0.4 14 0.2 0.0 0.6 0.4 0.8 14 0.0 0.0 0.2 0.5 0.4 14 0.1 0.0 0.6 0.9 0.4 8 0.3 0.7 0.5 0.9 0.4 14 0.0 0.1 0.2 0.7 0.3 14 0.2 0.0 0.4 0.4 0.6 14 0.0 0.0 0.2 0.9 0.4 14 0.1 0.0 0.7 0.9
005746,1.0 14 0.4 0.2 0.6 0.7 0.3 6 0.1 0.4 0.3 0.6 0.3 6 0.0 0.3 0.4 0.6 0.9 14 0.0 0.4 0.0 0.6 0.9 6 0.0 0.4 0.3 0.6
005748,0.6 14 0.3 0.1 0.7 0.7 0.7 14 0.4 0.1 0.7 0.7 0.6 14 0.3 0.1 0.7 1.0 0.5 14 0.1 0.3 0.2 0.4 0.7 14 0.3 0.1 0.7 0.7 0.9 14 0.6 -0.0 0.8 0.4
005750,0.7 14 0.5 0.3 0.6 0.4 0.4 1 0.5 0.4 0.6 0.5 0.8 14 0.5 0.3 0.6 0.5
005751,0.0 0 0.0 0.0 1.0 1.0
005753,0.6 14 0.1 0.1 0.4 0.6 0.6 6 0.4 0.4 0.7 0.5 0.9 14 0.1 0.1 0.4 0.7 0.4 6 0.5 0.5 0.9 0.6
005754,0.5 8 0.0 0.6 0.3 1.0 0.5 8 0.3 0.5 0.5 0.9 0.6 14 0.0 0.5 0.2 0.8 0.5 14 0.7 0.5 0.9 0.8 1.0 14 0.7 0.5 0.8 0.8 0.4 8 0.3 0.5 0.5 1.0 0.4 8 0.3 0.7 0.5 0.9 0.9 14 0.8 0.5 0.9 0.8 0.5 15 0.3 0.6 0.4 0.7 0.5 19 0.5 0.4 0.6 0.5 0.5 14 0.0 0.5 0.3 1.0 0.5 14 0.1 0.6 0.2 0.8 0.3 8 0.3 0.5 0.5 0.8 0.3 14 0.7 0.5 0.9 0.8 0.7 14 0.7 0.5 0.9 1.0
005758,0.4 14 0.3 0.0 0.9 0.5 0.3 14 0.0 0.0 0.9 1.0
005759,0.7 14 0.2 0.4 0.3 0.5 0.9 14 0.3 0.4 0.4 0.6 0.4 14 0.3 0.4 0.3 0.5 0.3 1 0.6 0.5 0.8 0.7
005763,0.8 14 0.4 0.4 0.4 0.5 0.9 14 0.2 0.4 0.3 0.5 0.8 6 0.1 0.4 0.6 0.8
005766,0.5 14 0.3 0.2 0.4 0.5 0.3 14 0.4 0.6 0.8 1.0 0.9 14 0.6 0.2 0.7 0.6 0.5 14 0.7 0.3 0.8 0.5 1.0 14 0.3 0.2 0.4 0.6 0.9 14 0.2 0.3 0.7 1.0 1.0 14 0.7 0.3 0.8 0.6 0.4 8 0.0 0.4 0.2 0.7 0.3 14 0.3 0.2 0.6 1.0 0.8 14 0.6 0.2 0.7 0.5
005767,0.6 4 0.6 0.1 0.6 0.2 0.4 14 0.8 0.4 0.9 0.8 0.7 14 0.7 0.3 0.8 0.5 0.3 8 0.1 0.6 0.4 1.0
005770,0.8 6 0.2 0.3 1.0 0.8
005771,0.0 0 0.0 0.0 1.0 1.0
005772,0.0 0 0.0 0.0 1.0 1.0
005774,0.3 13 0.0 0.2 0.6 0.7 0.4 14 0.2 0.0 0.4 0.6 0.9 14 0.1 0.0 0.4 0.6
005775,0.5 6 0.1 0.2 0.6 0.6
005776,0.6 14 0.6 0.1 0.7 0.6 0.5 14 0.5 0.1 0.7 0.5 0.4 14 0.0 0.1 0.7 0.7 0.5 14 0.3 0.1 0.7 0.6 0.3 14 0.0 0.1 0.7 1.0
005777,0.3 1 0.4 0.4 1.0 0.8 0.6 14 0.0 0.1 0.3 0.7 0.3 14 0.3 0.2 0.6 0.7 0.3 14 0.0 0.1 0.5 0.7 0.7 14 0.0 0.2 0.2 0.8 0.6 14 0.5 0.0 0.9 0.7 0.7 14 0.5 0.0 0.9 0.7 0.3 1 0.3 0.4 0.9 0.8 0.5 14 0.6 0.0 0.9 0.7 0.5 14 0.4 0.0 1.0 0.7
005778,0.5 14 0.4 0.3 0.6 0.5 0.9 14 0.0 0.2 0.2 0.6 0.6 14 0.6 0.2 0.8 0.6 0.5 14 0.1 0.2 0.2 0.6 0.5 14 0.2 0.5 0.4 0.7 0.4 14 0.6 0.2 0.7 0.5 0.3 14 0.4 0.2 0.7 0.6 0.5 14 0.0 0.2 0.2 0.6 0.9 14 0.2 0.2 0.5 0.8 0.3 14 0.2 0.2 0.5 0.6 0.7 14 0.6 0.2 0.9 0.6 0.7 14 0.2 0.2 0.5 0.6 0.3 14 0.0 0.2 0.4 0.8 0.4 14 0.4 0.3 0.7 0.6 0.6 14 0.4 0.3 0.6 0.6 0.5 14 0.1 0.2 0.2 0.5 0.5 14 0.0 0.2 0.2 0.8 0.5 14 0.5 0.2 0.9 0.8 0.6 14 0.1 0.2 0.2 0.4 0.6 14 0.4 0.4 0.7 0.8 0.8 14 0.4 0.3 0.7 0.8 0.3 14 0.5 0.3 0.6 0.6 0.4 14 0.5 0.4 0.7 0.8 0.7 14 0.6 0.2 0.7 0.6
005785,0.0 0 0.0 0.0 1.0 1.0
005787,0.3 13 0.0 0.4 0.6 0.9
005792,0.4 14 0.4 0.3 0.6 0.5 0.4 14 0.5 0.3 0.7 0.7 0.5 14 0.5 0.3 0.7 1.0 0.5 14 0.1 0.1 0.5 1.0 0.9 14 0.0 0.1 0.5 1.0 0.3 14 0.0 0.1 0.5 1.0 0.9 14 0.4 0.2 0.7 1.0 0.4 14 0.5 0.3 0.7 0.8
005793,0.0 0 0.0 0.0 1.0 1.0
005795,0.0 0 0.0 0.0 1.0 1.0
005797,0.7 14 0.0 0.0 0.1 0.3 0.8 14 0.6 0.4 0.8 0.9 0.9 14 0.1 0.0 0.3 0.4 0.7 14 0.0 0.0 0.1 0.3 0.8 14 0.5 0.4 0.6 0.5 0.8 14 0.5 0.4 0.6 0.5 0.4 14 0.5 0.4 0.8 0.9 0.9 14 0.6 0.3 0.8 0.9
005798,0.9 14 0.8 0.2 0.9 0.6 0.4 14 0.8 0.2 0.9 0.4 0.3 14 0.6 0.1 0.7 0.4 0.9 14 0.3 0.0 0.5 0.5 0.9 14 0.1 0.0 0.3 0.5 0.5 14 0.6 0.2 0.7 0.4 0.5 14 0.6 0.2 0.7 0.5 0.8 14 0.7 0.0 0.9 0.6
005800,0.8 14 0.2 0.4 0.2 0.5 0.8 14 0.0 0.0 0.7 1.0 0.5 14 0.1 0.4 0.2 0.5
005801,0.0 0 0.0 0.0 1.0 1.0
005802,0.0 0 0.0 0.0 1.0 1.0
005804,0.4 4 0.5 0.1 0.6 0.3 0.4 8 0.0 0.8 0.3 1.0 0.5 6 0.3 0.5 0.3 0.6 0.5 6 0.2 0.6 0.2 0.6 0.5 15 0.8 0.8 0.9 1.0 0.8 6 0.2 0.5 0.3 0.6 0.4 8 0.0 0.8 0.2 1.0 0.6 15 0.3 0.4 0.3 0.5 0.5 6 0.2 0.6 0.3 0.6 0.7 15 0.0 0.3 0.1 0.5 0.3 6 0.2 0.5 0.3 0.6 0.4 14 0.2 0.4 0.3 0.5 0.8 6 0.1 0.6 0.2 0.6 0.6 6 0.1 0.5 0.1 0.6 0.6 15 0.1 0.4 0.1 0.5 0.6 14 0.0 0.6 0.3 1.0 0.4 6 0.1 0.6 0.2 0.6 0.5 4 0.6 0.0 0.7 0.2 0.6 14 0.6 0.1 0.6 0.2
005807,0.5 15 0.8 0.5 0.9 0.6 0.3 8 0.8 0.5 0.9 0.8
005808,0.9 14 0.0 0.3 0.4 1.0 0.6 14 0.1 0.3 0.2 0.5 0.4 14 0.3 0.3 0.7 1.0 0.4 14 0.1 0.3 0.2 0.6 0.9 14 0.4 0.3 0.7 1.0 0.4 19 0.6 0.3 0.7 0.5
005809,0.5 6 0.1 0.6 0.2 0.6 0.9 6 0.8 0.5 0.8 0.7 1.0 14 0.2 0.5 0.3 0.8 0.4 14 0.0 0.6 0.0 0.7 0.4 14 0.0 0.5 0.1 0.7 0.7 6 0.8 0.5 0.8 0.6 1.0 14 0.0 0.5 0.1 0.7 0.7 14 0.0 0.5 0.1 0.7 0.9 6 0.1 0.6 0.2 0.6 0.4 6 0.2 0.5 0.2 0.6
005810,0.3 14 0.1 0.0 0.7 0.7 0.5 14 0.1 0.0 0.8 1.0
005816,0.7 14 0.4 0.2 0.5 0.4 0.4 14 0.2 0.3 0.6 0.8 0.5 14 0.2 0.2 0.5 0.7 0.4 14 0.3 0.2 0.5 0.7 0.4 14 0.2 0.2 0.5 0.5 0.9 14 0.4 0.2 0.5 0.5
005820,0.6 14 0.1 0.4 0.6 1.0 0.4 14 0.5 0.5 0.5 0.7 0.3 14 0.1 0.4 0.6 1.0 0.6 14 0.5 0.4 0.6 0.7
005822,0.9 14 0.2 0.4 0.5 1.0 0.5 14 0.1 0.1 0.5 1.0 0.6 14 0.1 0.1 0.3 1.0
005823,0.7 14 0.2 0.2 0.7 0.9 0.3 14 0.4 0.2 0.7 0.7 0.3 14 0.2 0.6 0.5 0.9 0.7 14 0.2 0.6 0.5 0.9 0.4 14 0.4 0.2 0.7 0.6 0.9 14 0.0 0.0 0.3 0.9 0.4 14 0.1 0.2 0.7 1.0 0.4 14 0.2 0.6 0.7 0.9 0.8 14 0.4 0.2 0.7 0.9
005827,0.0 0 0.0 0.0 1.0 1.0
005832,0.0 0 0.0 0.0 1.0 1.0
005833,0.3 6 0.1 0.4 0.8 0.5 0.5 6 0.1 0.3 0.8 0.5
005834,0.0 0 0.0 0.0 1.0 1.0
005835,0.9 14 0.5 0.1 0.7 0.4 0.4 14 0.7 0.1 0.9 0.5 0.5 14 0.5 0.1 0.7 0.7 0.5 14 0.2 0.1 0.3 0.5 0.9 14 0.2 0.1 0.3 0.7 0.7 14 0.0 0.1 0.3 0.7 0.9 14 0.7 0.1 0.9 0.7
005837,0.5 6 0.0 0.1 0.7 0.6
005842,0.6 6 0.5 0.3 0.9 0.5 0.3 6 0.1 0.3 0.4 0.4 0.9 14 0.8 0.3 0.9 0.3 0.9 6 0.1 0.3 0.4 0.4 1.0 14 0.4 0.3 0.5 0.5 0.4 6 0.5 0.3 0.9 0.5 0.9 14 0.1 0.3 0.2 0.4 0.6 6 0.4 0.2 0.9 0.5
005844,0.0 0 0.0 0.0 1.0 1.0
005846,0.0 0 0.0 0.0 1.0 1.0
005847,0.4 6 0.1 0.1 1.0 0.6
005848,0.5 14 0.2 0.1 0.6 0.6 0.5 1 0.1 0.3 0.6 0.8 0.9 14 0.2 0.1 0.6 0.6
005849,0.5 14 0.5 0.4 0.5 0.5 0.9 14 0.6 0.2 0.7 0.3 0.8 14 0.6 0.4 0.7 0.6 1.0 14 0.4 0.4 0.5 0.6 0.9 14 0.5 0.2 0.6 0.3 0.4 14 0.6 0.4 0.7 0.5 0.8 14 0.5 0.4 0.6 0.6 0.8 14 0.5 0.4 0.6 0.6 0.6 14 0.6 0.2 0.6 0.3
005855,0.3 6 0.1 0.1 0.5 0.4 0.5 6 0.5 0.2 0.8 0.3 0.3 6 0.0 0.1 0.5 0.4 0.5 6 0.6 0.2 0.8 0.3
005857,0.4 15 0.3 0.3 0.5 0.5 0.3 15 0.2 0.2 0.3 0.5 0.3 15 0.2 0.2 0.3 0.5
005858,0.0 0 0.0 0.0 1.0 1.0
005862,0.8 6 0.0 0.3 0.5 0.7 0.7 6 0.0 0.2 0.9 0.7 0.6 6 0.3 0.2 0.9 0.6
005865,0.7 14 0.0 0.5 0.1 0.6 1.0 14 0.4 0.4 0.5 0.7 0.8 14 0.0 0.5 0.1 0.6 0.7 14 0.7 0.4 0.7 0.6 1.0 14 0.6 0.4 0.7 0.7 0.9 14 0.3 0.5 0.3 0.6 0.9 14 0.8 0.5 0.9 0.6 0.8 14 0.8 0.5 0.8 0.6 0.8 14 0.8 0.5 0.8 0.6 0.9 14 0.1 0.5 0.1 0.6 0.4 14 0.6 0.5 0.7 0.6
005866,0.5 15 0.6 0.4 0.6 0.5 0.4 15 0.5 0.4 0.6 0.5 0.7 15 0.7 0.5 0.7 0.5 0.5 15 0.7 0.5 0.7 0.5 0.3 15 0.8 0.5 0.9 0.6 0.3 15 0.3 0.1 0.5 0.5 0.6 15 0.8 0.5 0.9 0.6 0.3 15 0.7 0.4 0.8 0.5 0.4 15 0.3 0.1 0.4 0.4 0.3 15 0.3 0.1 0.4 0.3 0.7 15 0.6 0.4 0.7 0.5 0.4 15 0.8 0.5 0.9 0.6 0.4 15 0.3 0.1 0.5 0.5 0.4 15 0.6 0.4 0.7 0.5 0.5 15 0.6 0.5 0.7 0.5
005869,0.8 6 0.9 0.5 1.0 0.6 0.4 6 0.1 0.5 0.2 0.6 0.6 6 0.9 0.5 1.0 0.6 0.8 6 0.0 0.6 0.1 0.7 0.9 6 0.1 0.6 0.2 0.6
005870,0.5 6 0.1 0.2 0.9 0.5 0.9 14 0.0 0.3 0.1 0.4 1.0 14 0.6 0.3 0.7 0.5
005871,0.0 0 0.0 0.0 1.0 1.0
005872,0.8 14 0.0 0.2 0.7 1.0
005876,0.0 0 0.0 0.0 1.0 1.0
005880,0.8 14 0.4 0.4 0.5 0.4 0.7 14 0.7 0.3 0.7 0.4 0.9 14 0.6 0.3 0.6 0.4 0.5 14 0.7 0.4 0.7 0.5 0.5 14 0.4 0.4 0.5 0.5
005882,0.6 14 0.2 0.3 0.4 0.6 0.7 14 0.3 0.7 0.5 1.0 0.7 14 0.2 0.3 0.4 0.9 0.5 14 0.3 0.7 0.4 0.8 0.8 14 0.3 0.7 0.4 1.0 0.7 14 0.2 0.3 0.4 0.7 0.7 14 0.2 0.3 0.4 0.7 0.3 14 0.4 0.7 0.5 0.9 0.5 14 0.2 0.3 0.4 0.6 0.5 14 0.1 0.7 0.3 1.0 0.4 14 0.3 0.7 0.4 0.9 0.9 14 0.4 0.7 0.5 1.0
005883,0.5 14 0.0 0.2 0.6 1.0
005886,0.0 0 0.0 0.0 1.0 1.0
005887,0.8 14 0.0 0.0 0.6 0.7 0.4 14 0.0 0.0 0.5 1.0 0.7 14 0.0 0.0 0.7 1.0 0.8 14 0.6 0.1 0.9 0.7 0.8 14 0.6 0.1 0.9 1.0
005890,0.6 14 0.3 0.1 0.5 0.5 0.6 14 0.2 0.3 0.6 0.7 0.7 14 0.2 0.3 0.4 0.8 0.4 14 0.3 0.1 0.6 0.7 0.4 14 0.2 0.1 0.6 0.7 0.4 14 0.3 0.1 0.5 0.7 0.3 14 0.0 0.3 0.4 1.0 0.8 14 0.3 0.1 0.6 0.7 0.3 14 0.0 0.2 0.4 0.7
005891,0.0 0 0.0 0.0 1.0 1.0
005892,0.0 0 0.0 0.0 1.0 1.0
005896,0.3 14 0.0 0.2 0.5 0.9 0.9 14 0.0 0.2 0.5 1.0 0.8 14 0.5 0.6 0.7 1.0
005898,0.8 14 0.3 0.3 0.7 0.5 0.4 19 0.1 0.2 0.3 0.3 0.3 8 0.3 0.2 0.4 0.4 0.6 14 0.5 0.3 0.7 0.5 0.4 14 0.0 0.3 0.1 0.6 0.5 14 0.3 0.3 0.5 0.5 0.8 14 0.3 0.3 0.7 0.5
005900,0.4 15 0.5 0.4 0.8 0.6 0.9 14 0.1 0.4 0.2 0.6 0.8 14 0.0 0.3 0.1 0.5 0.9 14 0.3 0.4 0.3 0.5 0.5 14 0.1 0.3 0.2 0.6 1.0 14 0.4 0.3 0.5 0.5 1.0 14 0.1 0.4 0.2 0.6 0.4 14 0.1 0.3 0.2 0.5
005902,0.3 19 0.4 0.3 0.6 0.5 0.4 14 0.4 0.1 0.4 0.2 0.3 19 0.6 0.2 0.8 0.4
005904,0.3 6 0.1 0.3 0.9 0.5 0.8 6 0.1 0.3 0.9 0.5
005907,0.4 6 0.5 0.1 0.6 0.1 0.4 14 0.2 0.1 0.2 0.1 0.8 14 0.1 0.1 0.2 0.3 0.6 14 0.1 0.1 0.2 0.2 0.6 14 0.2 0.1 0.5 0.7 0.7 14 0.2 0.1 0.2 0.3 0.8 14 0.2 0.1 0.2 0.3 0.4 14 0.0 0.1 0.5 0.5 0.7 14 0.2 0.1 0.2 0.3 0.9 14 0.1 0.1 0.5 0.7 0.8 14 0.1 0.1 0.2 0.2 0.9 14 0.0 0.1 0.2 0.3 0.4 14 0.2 0.1 0.3 0.2 0.7 14 0.1 0.1 0.2 0.3 0.8 14 0.4 0.0 0.8 0.7 0.6 14 0.1 0.1 0.2 0.2 0.7 14 0.4 0.0 0.8 1.0
005913,0.5 14 0.0 0.1 1.0 0.7 0.7 14 0.0 0.3 0.2 0.6 0.7 14 0.0 0.1 1.0 1.0
005915,0.0 0 0.0 0.0 1.0 1.0
005916,0.0 0 0.0 0.0 1.0 1.0
005921,0.4 14 0.7 0.0 0.8 0.1 0.6 14 0.1 0.1 0.2 0.3 0.3 14 0.1 0.2 0.4 0.7 0.8 14 0.8 0.1 0.9 0.3 0.8 14 0.9 0.2 1.0 0.3 0.4 14 0.4 0.1 0.9 0.7 0.5 14 0.0 0.2 0.2 0.5 1.0 14 0.2 0.2 0.4 0.6 0.9 14 0.4 0.1 0.6 0.5 0.6 14 0.1 0.1 0.4 0.5 0.4 14 0.1 0.1 0.2 0.4 1.0 14 0.0 0.2 0.2 0.6 1.0 14 0.6 0.1 0.8 0.7 0.4 14 0.4 0.1 0.9 0.7 0.9 14 0.9 0.2 1.0 0.4 0.4 14 0.0 0.2 0.2 0.4 0.5 14 0.7 0.1 0.9 0.4
005922,0.8 15 0.2 0.4 0.4 0.7 0.5 15 0.0 0.5 0.1 0.6 0.5 15 0.2 0.5 0.3 0.6 0.3 15 0.2 0.2 0.4 0.7 0.7 15 0.0 0.5 0.1 0.6 0.4 15 0.0 0.5 0.1 0.6 1.0 14 0.8 0.1 0.9 0.7
005924,0.5 6 0.1 0.1 0.8 0.5 0.5 6 0.0 0.3 0.1 0.4 0.9 6 0.0 0.3 0.1 0.4 0.5 6 0.1 0.1 0.8 0.5
005925,0.7 1 0.7 0.5 0.8 0.6 0.6 1 0.3 0.5 0.6 0.6 0.3 1 0.3 0.5 0.5 0.6 0.6 14 0.4 0.4 0.5 0.6 0.9 14 0.4 0.4 0.5 0.6 0.4 1 0.3 0.5 0.5 0.6 0.9 14 0.7 0.4 0.8 0.6 0.6 1 0.4 0.5 0.6 0.6
005926,0.4 14 0.5 0.6 0.7 1.0 0.4 14 0.3 0.6 0.5 0.9 0.5 14 0.1 0.6 0.5 1.0 0.7 14 0.3 0.0 0.5 0.5 0.8 14 0.1 0.0 0.5 1.0 0.5 14 0.1 0.0 0.7 1.0 0.5 4 0.0 0.5 0.1 0.6 0.4 14 0.5 0.6 0.7 0.8 0.4 14 0.1 0.6 0.7 1.0
005927,0.4 6 0.0 0.1 0.9 0.5
005929,0.8 6 0.0 0.2 0.9 0.6 0.6 6 0.0 0.1 0.9 0.6
005931,1.0 14 0.7 0.8 0.8 1.0 0.9 14 0.4 0.7 0.4 1.0 0.9 14 0.2 0.6 0.3 0.9 0.9 14 0.3 0.7 0.4 1.0 0.7 14 0.5 0.6 0.6 0.7 0.6 1 0.5 0.6 0.6 0.8 1.0 14 0.6 0.8 0.7 1.0
005932,0.4 15 0.2 0.9 0.2 1.0 0.8 6 0.8 0.9 0.9 1.0 0.8 6 0.6 0.9 0.7 1.0 0.5 6 0.9 0.9 0.9 1.0 0.6 15 0.3 0.8 0.5 1.0 0.5 6 0.6 0.9 0.7 1.0 0.5 15 0.1 0.9 0.2 1.0 0.4 15 0.2 0.2 0.3 0.5 0.6 6 0.6 0.9 0.6 1.0 0.4 6 0.6 0.9 0.7 1.0 0.8 6 0.6 0.9 0.7 1.0
005933,0.3 6 0.4 0.4 0.5 0.7 0.4 6 0.9 0.6 0.9 0.7
005934,0.9 14 0.1 0.0 0.8 1.0
005935,0.5 8 0.3 0.7 0.5 1.0 0.6 19 0.4 0.3 0.6 0.6 0.5 19 0.4 0.3 0.6 0.6 0.3 19 0.1 0.5 0.2 0.6 0.3 8 0.3 0.7 0.5 1.0
005936,0.0 0 0.0 0.0 1.0 1.0
005937,0.3 15 0.6 0.1 0.7 0.3 0.4 14 0.5 0.3 0.8 1.0 0.6 14 0.5 0.3 0.8 1.0 0.4 14 0.1 0.2 0.4 0.7 0.7 15 0.6 0.1 0.7 0.3 0.5 14 0.1 0.2 0.7 1.0 0.7 14 0.1 0.2 0.5 1.0 0.3 14 0.5 0.3 0.8 0.9 0.4 14 0.3 0.3 0.8 0.9 0.3 14 0.3 0.3 0.8 0.9 0.6 14 0.3 0.3 0.8 1.0
005939,0.4 6 0.0 0.1 0.1 0.2
005941,0.3 8 0.0 0.6 0.5 1.0 0.6 8 0.3 0.6 0.5 1.0 0.3 15 0.3 0.4 0.4 0.5 0.4 8 0.3 0.6 0.5 0.8 0.8 8 0.2 0.6 0.5 1.0 0.5 8 0.5 0.7 0.6 0.9 0.3 8 0.0 0.6 0.5 1.0 0.5 8 0.5 0.5 0.6 0.7 0.4 8 0.1 0.6 0.5 0.9 0.3 15 0.7 0.5 0.8 0.6 0.7 8 0.4 0.5 0.6 0.9 0.7 8 0.5 0.5 0.6 0.9 0.6 8 0.4 0.7 0.6 0.9
005942,0.9 14 0.0 0.3 0.3 1.0 0.9 14 0.6 0.2 1.0 1.0
005943,0.4 8 0.5 0.4 0.9 1.0 0.3 15 0.6 0.5 0.7 0.6 0.4 15 0.6 0.5 0.7 0.5
005944,0.4 14 0.3 0.2 0.4 0.8 0.5 14 0.2 0.2 0.7 1.0 0.4 14 0.3 0.2 0.4 0.5 1.0 14 0.4 0.1 0.5 0.6 0.6 14 0.2 0.2 0.8 1.0 0.5 14 0.3 0.2 0.8 0.9
005945,0.5 14 0.2 0.1 0.6 1.0 0.3 14 0.7 0.5 0.9 1.0 0.4 14 0.7 0.5 0.9 1.0 1.0 14 0.7 0.5 0.9 1.0 0.9 14 0.2 0.3 0.5 1.0 0.4 14 0.2 0.3 0.5 1.0 0.3 14 0.3 0.1 0.6 1.0 0.7 14 0.2 0.1 0.7 1.0 0.5 14 0.3 0.3 0.5 1.0 0.8 14 0.4 0.1 0.7 1.0
005946,0.6 14 0.5 0.3 0.6 0.4 0.5 4 0.4 0.7 0.5 1.0 0.3 14 0.2 0.6 0.4 1.0 0.7 4 0.4 0.7 0.5 0.9 0.6 14 0.1 0.1 0.2 0.3 0.9 14 0.0 0.6 0.4 1.0 0.5 14 0.5 0.3 0.6 0.5
005949,0.0 0 0.0 0.0 1.0 1.0
005950,0.4 6 0.4 0.4 0.8 0.6 0.5 6 0.0 0.3 0.2 0.5 0.4 6 0.1 0.3 0.2 0.5
005953,0.4 14 0.2 0.3 0.5 0.9 0.8 14 0.2 0.3 0.5 1.0 0.5 14 0.2 0.3 0.5 0.6 0.6 14 0.1 0.0 0.2 0.1
005955,0.4 14 0.0 0.0 0.7 0.7 0.4 14 0.0 0.0 0.7 1.0 0.3 14 0.0 0.0 1.0 1.0 0.3 14 0.4 0.0 1.0 0.7
005957,0.0 0 0.0 0.0 1.0 1.0
005958,0.3 14 0.3 0.0 0.6 0.5 0.6 14 0.1 0.2 0.4 0.7 0.7 14 0.1 0.2 0.4 0.7 0.4 14 0.3 0.0 0.7 0.7 0.4 14 0.4 0.1 1.0 0.7 0.5 14 0.1 0.2 0.4 0.8 0.6 14 0.3 0.1 0.6 0.7 0.4 14 0.0 0.2 0.4 1.0 0.4 14 0.1 0.3 0.2 0.6 0.6 14 0.4 0.2 0.7 0.7 0.5 14 0.5 0.2 0.7 0.7 0.3 14 0.1 0.3 0.2 0.5 0.6 14 0.4 0.2 1.0 1.0
005959,0.5 6 0.2 0.0 0.9 0.6
005962,0.0 0 0.0 0.0 1.0 1.0
005965,0.0 0 0.0 0.0 1.0 1.0
005966,0.3 14 0.0 0.2 0.4 0.8 0.6 14 0.1 0.2 0.5 0.8 0.4 14 0.5 0.2 0.8 0.7 0.4 14 0.2 0.2 0.4 0.5 0.5 14 0.1 0.2 0.5 1.0 0.5 14 0.2 0.2 0.4 0.4 0.6 14 0.0 0.2 0.4 0.8 0.4 14 0.2 0.2 0.4 0.5 0.8 14 0.5 0.2 0.9 0.7 0.3 14 0.5 0.2 0.8 0.7 0.6 14 0.5 0.2 0.9 1.0
005967,0.6 14 0.3 0.1 0.5 0.4 0.7 14 0.3 0.1 0.6 0.5 0.8 14 0.2 0.1 0.6 0.5 0.7 14 0.3 0.1 0.5 0.5 0.6 14 0.3 0.1 0.5 0.4
005969,0.5 14 0.0 0.6 0.6 1.0 0.8 14 0.1 0.1 0.6 0.7 0.3 14 0.0 0.1 0.6 1.0 0.5 14 0.1 0.3 0.2 0.4 0.7 14 0.3 0.1 0.5 0.7 0.5 14 0.4 0.6 0.6 0.7
005972,0.4 14 0.5 0.0 0.6 0.4 1.0 14 0.1 0.1 0.5 0.9
005973,0.9 14 0.3 0.3 0.4 0.9 0.7 14 0.2 0.3 0.5 0.9 0.5 14 0.2 0.3 0.3 0.8 0.3 14 0.2 0.3 0.4 0.9
005974,0.7 6 0.2 0.3 0.5 0.5 0.7 6 0.2 0.3 0.5 0.5
005976,0.4 8 0.1 0.5 0.3 0.7 0.5 15 0.4 0.3 0.5 0.5
005977,0.5 14 0.0 0.0 0.8 1.0
005978,0.4 14 0.0 0.4 0.3 0.6 0.7 14 -0.0 0.4 0.3 1.0
005982,0.9 14 0.0 0.3 0.3 1.0 0.8 14 0.3 0.2 0.6 1.0 0.4 14 0.3 0.2 0.5 0.7 0.7 14 0.6 0.3 0.7 0.6 0.7 14 0.2 0.1 0.4 1.0 0.4 14 0.1 0.2 0.3 0.8 0.7 14 0.0 0.2 0.1 0.4 0.4 14 0.6 0.3 0.7 0.6 0.7 14 0.0 0.1 0.1 1.0 0.3 14 0.2 0.1 0.4 0.7 0.6 14 0.4 0.2 0.6 0.7 0.4 14 0.1 0.1 0.3 0.6 0.6 14 0.0 0.1 0.4 1.0 0.3 14 0.1 0.1 0.3 0.4 0.4 14 0.2 0.3 0.3 1.0 0.6 14 0.0 0.1 0.3 1.0 0.4 14 0.1 0.2 0.3 0.4 0.3 14 0.6 0.3 0.7 0.7 0.7 14 0.3 0.2 0.5 1.0 0.3 14 0.1 0.2 0.3 0.6 0.7 14 0.4 0.2 0.7 1.0
005986,0.4 6 0.1 0.3 0.5 0.7
005987,0.3 14 0.2 0.2 0.4 0.4 0.5 14 0.3 0.4 0.4 0.4 0.7 14 0.3 0.2 0.4 0.4 0.7 14 0.3 0.2 0.4 0.4
005993,0.5 14 0.2 0.1 0.7 0.8 0.6 14 0.5 0.5 0.5 0.6 0.3 14 0.2 0.1 0.8 0.7 0.4 14 0.2 0.1 0.6 0.7 0.4 14 0.4 0.1 0.7 0.7 0.4 14 0.3 0.1 0.7 0.7 0.3 14 0.2 0.1 0.9 1.0 0.5 14 0.2 0.1 0.9 0.8
005994,0.3 14 0.8 0.4 1.0 0.7 0.4 14 0.9 0.4 1.0 0.5 0.4 14 0.4 0.2 0.7 0.7 0.9 14 0.3 0.2 0.7 0.7
005997,0.3 19 0.2 0.3 0.3 0.5
005999,0.4 6 0.1 0.1 0.7 0.6 0.8 14 0.1 0.4 0.1 0.5
006002,0.5 14 0.6 0.2 0.6 0.3 0.5 14 0.8 0.2 0.9 0.4 1.0 14 0.7 0.1 0.8 0.7
006003,0.0 0 0.0 0.0 1.0 1.0
006006,0.5 6 0.1 0.1 0.7 0.7 0.4 6 0.1 0.3 0.7 0.7 0.5 6 0.3 0.1 0.7 0.3 0.3 6 0.0 0.0 0.1 0.1
006007,0.0 0 0.0 0.0 1.0 1.0
006008,0.0 0 0.0 0.0 1.0 1.0
006010,0.4 8 0.0 0.6 0.2 0.7 0.4 8 0.6 0.3 0.8 0.6 0.4 8 0.2 0.4 0.3 0.6 0.5 8 0.4 0.4 0.5 0.6
006013,0.8 14 0.3 0.6 0.4 0.7
006014,0.8 14 0.3 0.8 0.4 0.9 0.6 14 0.4 0.8 0.4 0.8 0.5 14 0.4 0.7 0.5 0.8
006015,0.3 1 0.4 0.5 0.5 0.6 0.9 14 0.5 0.5 0.5 0.6 0.6 1 0.4 0.5 0.5 0.6
006016,0.6 14 0.3 0.1 0.4 0.2 0.5 6 0.0 0.1 1.0 0.7 0.4 14 0.1 0.0 0.3 0.3 0.4 14 0.3 0.0 0.4 0.2 0.7 14 0.2 0.0 0.3 0.1 0.7 6 0.0 0.0 1.0 0.7
006017,0.3 6 0.0 0.1 0.8 0.7 0.7 6 0.0 0.1 0.2 0.5 0.8 6 0.1 0.1 0.8 0.7 0.7 6 0.2 0.1 0.3 0.2 0.3 6 0.7 0.3 0.8 0.3
006019,0.7 6 0.0 0.2 0.9 0.8
006021,0.7 14 0.2 0.1 0.7 0.6
006022,0.0 0 0.0 0.0 1.0 1.0
006024,0.4 6 0.0 0.7 0.1 0.8 0.8 6 0.1 0.7 0.2 0.8 0.6 6 0.1 0.7 0.2 0.8 0.5 6 0.0 0.7 0.2 0.8 0.3 0 0.1 0.2 0.9 0.5 0.4 6 0.0 0.7 0.2 0.8
006031,0.0 0 0.0 0.0 1.0 1.0
006032,0.4 1 0.2 0.6 0.4 0.7 0.7 14 0.7 0.5 0.8 0.7 1.0 14 0.3 0.5 0.3 0.7 0.5 1 0.2 0.6 0.5 0.7 0.7 1 0.2 0.6 0.5 0.7 0.6 14 0.7 0.5 0.8 0.6 0.6 1 0.6 0.6 0.7 0.7 0.6 14 0.6 0.5 0.7 0.7 1.0 14 0.4 0.5 0.5 0.7 0.7 1 0.2 0.6 0.4 0.7 0.4 14 0.6 0.5 0.8 0.7 0.4 1 0.4 0.5 0.5 0.7 0.9 14 0.6 0.5 0.8 0.7 0.9 14 0.7 0.5 0.8 0.7 0.7 1 0.6 0.6 0.9 0.7
006034,0.4 6 0.0 0.1 0.9 0.5 0.8 6 0.0 0.1 0.9 0.5
006036,0.8 14 0.6 0.3 0.8 0.5 0.3 14 0.4 0.2 0.5 0.5 0.4 14 0.2 0.0 0.5 0.5 0.4 14 0.0 0.5 0.0 0.6 0.8 14 0.2 0.0 0.5 0.7 0.9 14 0.7 0.3 0.8 0.5 0.4 14 0.6 0.3 0.9 0.6 0.8 14 0.6 0.3 0.8 0.6
006037,0.0 0 0.0 0.0 1.0 1.0
006039,0.0 0 0.0 0.0 1.0 1.0
006040,0.4 14 0.4 0.3 0.6 0.6 0.5 14 0.6 0.1 0.8 0.3 0.8 14 0.1 0.1 0.5 0.7 0.9 14 0.6 0.1 0.7 0.3 0.6 14 0.2 0.2 0.5 0.7 0.9 14 0.7 0.1 0.8 0.3 0.4 14 0.4 0.3 0.6 0.6 0.6 14 0.4 0.3 0.6 0.6 0.9 14 0.0 0.2 0.2 0.7 0.4 14 0.0 0.1 0.8 1.0 0.4 14 0.6 0.5 0.8 0.7 0.7 14 0.4 0.3 0.7 0.7 0.4 14 0.2 0.3 0.8 0.7 0.3 14 0.6 0.1 0.7 0.3
006044,0.0 0 0.0 0.0 1.0 1.0
006047,0.3 6 0.4 0.3 0.5 0.4 0.6 6 0.4 0.3 0.5 0.4 0.3 6 0.2 0.3 0.3 0.4 0.5 6 0.4 0.3 0.4 0.4 0.3 6 0.5 0.3 0.6 0.4 0.5 6 0.7 0.3 0.7 0.4 0.3 6 0.3 0.3 0.3 0.4 0.7 6 0.3 0.3 0.4 0.4 0.9 6 0.5 0.3 0.6 0.4 0.9 6 0.4 0.3 0.5 0.4 0.6 6 0.2 0.3 0.3 0.4 0.8 6 0.4 0.3 0.4 0.4 0.4 6 0.1 0.3 0.3 0.4 0.6 6 0.5 0.3 0.6 0.4 0.3 6 0.5 0.3 0.6 0.4 0.4 6 0.5 0.3 0.6 0.4
006048,0.0 0 0.0 0.0 1.0 1.0
006049,0.0 0 0.0 0.0 1.0 1.0
006050,0.8 14 0.0 -0.0 0.4 0.7 0.9 14 0.2 0.2 0.6 0.6 0.5 14 0.2 0.2 0.5 0.6 0.6 14 0.3 0.2 0.6 0.6 0.6 14 0.2 0.2 0.6 1.0
006051,0.0 0 0.0 0.0 1.0 1.0
006052,0.0 0 0.0 0.0 1.0 1.0
006053,0.0 0 0.0 0.0 1.0 1.0
006054,0.0 0 0.0 0.0 1.0 1.0
006056,0.4 4 0.6 0.2 0.6 0.3 0.4 4 0.4 0.2 0.4 0.4 0.6 4 0.4 0.2 0.4 0.4 0.7 4 0.6 0.2 0.6 0.4 0.4 14 0.5 0.4 0.7 0.5 0.3 4 0.6 0.2 0.6 0.4
006057,0.5 8 0.2 0.4 0.3 0.6 0.5 8 0.0 0.5 0.2 0.7 0.3 4 0.8 0.2 0.8 0.3 0.3 8 0.2 0.4 0.5 0.6 0.5 8 0.3 0.5 0.5 0.7 0.4 4 0.8 0.2 0.8 0.3 0.4 8 0.0 0.4 0.2 0.7 0.4 8 0.5 0.3 0.6 0.6
006059,0.6 1 0.2 0.5 0.5 0.8 0.3 1 0.1 0.5 0.5 0.8 1.0 14 0.3 0.3 0.5 0.8 0.3 1 0.2 0.5 0.5 0.8
006060,0.8 14 0.4 0.2 0.4 0.3 0.4 14 0.2 0.2 0.7 1.0 0.5 14 0.5 0.2 0.9 0.6 0.4 14 0.5 0.2 0.9 1.0 0.4 14 0.4 0.2 0.5 0.4 0.3 14 0.5 0.2 0.7 0.6 0.7 14 0.7 0.1 0.9 0.7 0.3 14 0.4 0.2 0.4 0.4 0.6 14 0.5 0.2 0.7 1.0 0.8 14 0.5 0.2 0.7 0.6 0.5 14 0.5 0.1 0.9 1.0
006063,0.4 14 0.0 0.2 0.6 0.6
006064,0.0 0 0.0 0.0 1.0 1.0
006068,0.5 15 0.3 0.1 0.4 0.3 0.7 15 0.4 0.5 0.5 0.6 0.4 8 0.5 0.6 0.7 0.8 0.7 15 0.4 0.4 0.5 0.6 0.7 14 0.2 0.4 0.7 1.0 0.4 19 0.0 0.3 0.2 0.6 0.3 8 0.4 0.6 0.7 0.9 0.4 8 0.2 0.6 0.7 1.0
006072,0.6 6 0.0 0.4 0.3 0.6
006075,0.4 19 0.6 0.3 0.7 0.4 0.3 19 0.6 0.3 0.7 0.4
006076,0.4 14 0.0 0.2 0.4 0.7 0.4 14 0.0 0.2 0.5 0.8 0.5 14 0.0 0.2 0.5 0.9 0.4 14 0.2 0.2 0.4 0.5 0.9 14 0.0 0.2 0.5 0.9 0.3 14 0.2 0.2 0.4 0.6
006077,0.3 6 0.5 0.3 0.6 0.3 0.3 6 0.3 0.2 0.5 0.4 0.6 6 0.3 0.2 0.6 0.4 0.6 6 0.5 0.3 0.6 0.4
006080,0.0 0 0.0 0.0 1.0 1.0
006081,0.0 0 0.0 0.0 1.0 1.0
006082,0.6 6 0.7 0.3 0.8 0.3 0.9 6 0.7 0.3 0.8 0.3
006083,0.6 6 0.1 0.1 0.7 0.2
006085,0.3 6 0.6 0.0 0.9 0.1
006086,0.0 0 0.0 0.0 1.0 1.0
006087,0.8 14 0.0 -0.0 0.5 0.6
006090,0.5 14 0.0 0.5 0.4 1.0
006092,0.7 14 0.2 0.7 0.3 0.9 0.5 14 0.6 0.1 0.7 0.7 0.6 4 0.3 0.6 0.4 0.9 0.4 14 0.3 0.2 0.5 0.5 0.9 14 0.1 -0.0 0.3 0.5 0.5 14 0.6 0.1 0.7 0.6 0.4 14 0.4 0.2 0.6 0.6 0.5 14 0.3 0.0 0.6 0.6 0.8 14 0.6 0.1 0.7 1.0 0.3 14 0.3 0.2 0.5 0.9 0.7 14 0.3 0.0 0.6 1.0
006093,0.8 14 0.8 0.2 0.9 0.4 0.5 14 0.4 0.2 0.5 0.6 0.5 14 0.4 0.2 0.9 0.8 0.9 14 0.4 0.2 0.9 0.8 0.9 14 0.8 0.2 0.9 0.6 0.3 14 0.7 0.2 0.8 0.6 0.4 14 0.5 0.2 0.8 0.7 0.6 14 0.4 0.2 0.9 1.0
006094,0.5 14 0.7 0.3 0.8 0.5 0.4 14 0.7 0.3 0.7 0.4 0.4 14 0.7 0.3 0.8 0.6 0.7 14 0.7 0.3 0.7 0.4
006099,0.3 14 0.5 0.3 0.8 0.6 0.6 14 0.5 0.2 0.8 0.6 0.5 14 0.5 0.0 0.8 0.6 0.4 14 0.0 0.0 0.7 1.0 0.6 14 0.0 0.0 1.0 1.0 0.5 14 0.5 0.2 1.0 0.7 0.6 14 0.5 0.2 0.9 0.6 0.4 14 0.5 0.2 0.8 0.5
006101,0.9 14 0.3 0.2 0.6 0.8 1.0 14 0.1 0.1 0.4 0.8 0.9 14 0.5 0.1 0.8 0.8
006102,0.0 0 0.0 0.0 1.0 1.0
006106,0.0 0 0.0 0.0 1.0 1.0
006109,0.9 6 0.1 0.5 0.2 0.6 0.5 6 0.1 0.5 0.2 0.6
006110,0.4 6 0.7 0.5 0.8 0.6
006112,0.4 14 0.2 0.0 0.6 1.0 0.5 14 0.0 0.0 0.6 1.0
006113,0.5 6 0.3 0.3 0.6 0.7 0.5 14 0.7 0.6 0.8 0.7 0.3 6 0.8 0.3 1.0 0.7 0.4 6 0.7 0.3 1.0 0.7 1.0 14 0.7 0.4 0.8 0.7 0.5 6 0.3 0.4 0.4 0.5 0.4 6 0.0 0.3 0.2 0.7 0.4 6 0.3 0.3 0.6 0.7 0.4 6 0.4 0.5 0.6 0.7 0.3 6 0.7 0.3 1.0 0.7
006114,0.8 14 0.3 0.5 0.7 1.0
006115,0.4 15 0.0 0.1 0.3 0.5 0.5 15 0.0 0.2 0.1 0.5 0.3 19 0.6 0.2 0.7 0.3 0.5 15 0.1 0.1 0.3 0.3 0.9 14 0.0 0.6 0.2 0.7 0.5 14 0.1 0.6 0.2 0.7 0.4 15 0.0 0.4 0.1 0.5
006116,0.0 0 0.0 0.0 1.0 1.0
006118,0.5 14 0.3 0.0 0.7 0.7 0.5 14 0.3 0.0 0.9 0.7 0.3 14 0.3 0.0 0.9 1.0
006119,0.4 14 0.7 0.3 0.9 0.8 0.6 14 0.6 0.3 0.9 0.8
006121,0.8 6 0.1 0.3 0.3 0.5 0.8 6 0.1 0.3 0.5 0.5 0.7 6 0.2 0.3 0.5 0.5 0.8 6 0.4 0.3 0.8 0.5
006122,0.8 14 0.6 0.2 0.7 0.3 0.8 14 0.2 0.2 0.4 0.7 0.9 14 0.2 0.2 0.3 0.5 0.5 14 0.9 0.2 1.0 0.3 0.4 14 0.6 0.1 0.7 0.3 0.4 14 0.6 0.1 0.7 0.5 0.5 14 0.4 0.1 0.7 0.6 0.3 14 0.1 0.1 0.7 1.0 0.8 14 0.4 0.1 0.7 0.7 0.9 14 0.9 0.2 1.0 0.4
006126,0.3 8 0.4 0.5 0.5 0.7 0.4 8 -0.0 0.5 0.3 0.8
006127,0.0 0 0.0 0.0 1.0 1.0
006132,0.3 14 0.0 0.2 0.2 1.0 0.3 14 0.1 0.2 0.5 0.8 0.8 14 0.0 0.2 0.2 0.8 0.5 14 0.0 0.2 0.2 0.5
006137,0.9 14 0.4 0.2 0.5 0.3 0.3 14 0.5 0.3 0.5 0.3 0.4 14 0.4 0.2 0.5 0.3 0.9 6 0.2 0.3 0.7 0.5
006138,0.0 0 0.0 0.0 1.0 1.0
006142,0.4 14 0.6 0.0 0.8 0.5 0.3 14 0.5 0.0 0.9 0.7 0.5 14 0.4 0.0 0.5 0.2 0.3 14 0.7 0.1 0.9 0.5 0.5 14 0.0 0.2 0.2 0.7 0.5 14 0.5 0.0 0.9 0.6 0.9 14 0.4 0.0 0.5 0.2 0.8 14 0.0 0.1 0.1 0.2 0.7 14 0.0 0.3 0.2 0.7 0.9 14 0.5 0.0 0.9 0.7 0.3 14 0.0 0.2 0.3 0.5 0.5 14 0.4 0.1 0.9 0.7 0.4 14 0.5 0.1 0.6 0.4 0.7 14 0.5 0.1 0.7 0.7
006143,0.4 14 0.2 0.5 0.5 0.7 0.8 14 0.2 0.5 0.3 0.7 0.4 14 0.2 0.4 0.5 0.7
006144,0.9 14 0.3 0.2 0.3 0.2 0.8 14 0.1 0.2 0.4 0.8
006145,0.9 14 0.0 0.0 0.2 0.3 0.7 14 0.7 0.1 1.0 0.6 0.5 14 0.0 0.0 0.2 0.4 1.0 14 0.4 0.0 0.6 0.4 0.9 14 0.2 0.1 0.3 0.4 1.0 14 0.1 0.2 0.3 0.6 0.5 14 0.1 0.2 0.2 0.5 1.0 14 0.6 0.1 0.8 0.5 0.9 14 0.6 0.1 1.0 0.7
006147,0.4 14 0.2 0.4 0.9 0.7 0.8 14 0.3 0.2 0.4 0.4 0.7 14 0.3 0.2 0.4 0.4
006149,0.6 14 0.4 0.1 0.7 0.4 0.8 14 0.4 0.1 0.7 0.5 0.4 14 0.0 0.4 0.1 0.5
006152,0.9 14 0.4 0.1 0.6 0.3 0.8 14 0.6 0.1 0.6 0.2 0.5 14 0.7 0.1 1.0 1.0 0.4 14 0.7 0.1 0.8 0.3 0.4 14 0.7 0.4 0.9 0.7 0.8 14 0.6 0.1 0.8 0.7 0.8 14 0.2 0.0 0.5 0.7 0.4 14 0.4 0.1 0.6 0.4 0.3 14 0.2 0.4 0.5 0.7 0.3 14 0.4 0.1 0.7 0.6 0.8 14 0.0 0.1 0.2 0.5 0.7 14 0.2 0.0 0.5 0.7 0.4 14 0.7 0.1 0.8 0.7 0.3 14 0.6 0.1 0.8 0.5 0.5 14 0.0 0.0 0.5 0.7 0.4 14 0.5 0.1 0.6 0.5 0.5 14 0.4 0.1 0.6 0.6 0.3 14 0.2 0.0 0.4 0.3 0.3 14 0.0 0.0 0.5 1.0 0.9 14 0.0 0.1 0.2 0.7 0.3 14 0.8 0.1 0.9 0.6 0.6 14 0.6 0.1 0.9 0.7 0.4 14 0.7 0.1 1.0 1.0 0.3 14 0.2 0.2 0.5 0.7 0.3 14 0.5 0.1 0.6 0.3 0.4 14 0.8 0.4 0.9 0.7 0.8 14 0.4 0.1 0.6 0.7 0.9 14 0.7 0.1 0.9 0.7 0.7 14 0.6 0.1 0.7 0.3 0.3 14 0.5 0.1 0.6 0.3 0.3 14 0.6 0.1 0.7 0.3
006154,0.0 0 0.0 0.0 1.0 1.0
006155,0.3 6 0.3 0.3 0.4 0.3 0.3 6 0.4 0.3 0.5 0.4 0.7 6 0.4 0.3 0.5 0.4 0.5 6 0.2 0.3 0.3 0.3 0.4 6 0.7 0.3 0.9 0.4 0.9 6 0.7 0.3 0.9 0.4 0.4 6 0.6 0.3 0.8 0.4 0.9 6 0.6 0.3 0.7 0.4 0.7 6 0.4 0.3 0.4 0.3 0.5 6 0.7 0.3 0.9 0.4 0.8 6 0.2 0.3 0.3 0.3 0.8 6 0.0 0.3 0.1 0.3 0.5 6 0.5 0.3 0.6 0.4 0.6 6 0.3 0.3 0.3 0.3 0.7 6 0.3 0.3 0.4 0.3 0.5 6 0.5 0.3 0.6 0.4 0.8 6 0.4 0.3 0.5 0.4 0.3 6 0.2 0.3 0.3 0.3 0.5 6 0.7 0.3 0.8 0.4 0.5 6 0.1 0.3 0.2 0.3 0.5 6 0.3 0.3 0.4 0.3 0.8 6 0.3 0.3 0.4 0.3 0.5 6 0.2 0.3 0.2 0.3 0.3 6 0.7 0.3 0.8 0.4 0.7 6 0.4 0.3 0.5 0.4 0.8 6 0.5 0.3 0.6 0.4 0.6 6 0.6 0.3 0.7 0.4 0.5 6 0.1 0.3 0.2 0.3
006157,0.3 14 0.2 0.2 0.4 0.9 0.7 14 0.0 0.3 0.5 0.9 0.7 14 0.0 0.1 0.5 0.9 0.5 14 0.0 0.6 0.2 0.9
006160,0.0 0 0.0 0.0 1.0 1.0
006164,0.6 6 0.2 0.7 0.5 0.8
006165,0.5 14 0.0 0.2 0.5 1.0 0.9 14 0.2 0.2 0.5 0.7
006167,0.5 14 0.2 0.3 0.4 0.7 0.4 14 0.3 0.0 0.6 0.5 0.9 14 0.3 0.0 0.6 0.6 0.3 14 0.2 0.3 0.5 0.7 0.3 14 0.3 0.3 0.5 0.7
006168,0.3 14 0.4 0.1 0.6 0.4 0.4 14 0.1 0.1 0.7 1.0 0.4 14 0.4 0.1 1.0 0.7 0.6 14 0.1 0.1 0.5 0.5 0.7 14 0.0 0.1 0.6 1.0 0.3 14 0.1 0.1 1.0 1.0
006169,0.3 14 0.5 0.4 0.6 0.5 0.4 14 0.3 0.4 0.5 0.6 1.0 14 0.3 0.4 0.5 0.7 0.3 14 0.1 0.3 0.3 0.6 0.9 14 0.6 0.4 0.7 0.7 1.0 14 0.2 0.4 0.3 0.7 0.6 14 0.6 0.3 0.8 0.7 0.9 14 0.4 0.4 0.6 0.7 0.7 14 0.3 0.4 0.6 0.7 0.4 14 0.1 0.4 0.3 0.6 0.7 14 0.5 0.3 0.8 0.7 0.7 14 0.5 0.4 0.8 0.7 0.4 14 0.6 0.3 0.8 0.5 0.6 14 0.6 0.3 0.8 0.5
006173,0.0 0 0.0 0.0 1.0 1.0
006178,0.9 14 0.9 0.7 1.0 1.0 0.5 14 0.9 0.7 1.0 0.9 1.0 14 0.2 0.3 0.3 0.7 1.0 14 0.0 0.5 0.1 1.0 1.0 14 0.1 0.6 0.2 0.9 1.0 14 0.5 0.4 0.6 0.8 0.9 14 0.4 0.4 0.5 0.7 1.0 14 0.3 0.4 0.4 0.7 1.0 14 0.6 0.4 0.7 0.8 0.4 6 0.1 0.7 0.9 1.0
006182,0.0 0 0.0 0.0 1.0 1.0
006186,0.5 14 0.1 0.2 0.7 1.0 0.4 14 0.9 0.0 1.0 0.4 0.3 14 0.0 0.2 0.7 1.0 0.6 14 0.0 0.0 1.0 1.0 0.7 14 0.7 0.0 1.0 0.8 0.3 14 0.1 0.2 1.0 1.0
006191,0.0 0 0.0 0.0 1.0 1.0
006192,0.9 14 0.4 0.1 0.7 0.9 0.3 1 0.4 0.5 0.7 1.0
006193,0.4 6 0.0 0.5 0.4 0.9 0.3 13 0.3 0.4 0.7 0.8 1.0 14 0.1 0.1 0.2 0.5
006194,0.4 14 0.0 0.0 0.6 0.7 0.3 14 0.0 0.0 0.9 0.7
006195,0.8 14 0.4 0.6 0.6 0.8 0.6 4 0.1 0.6 0.2 0.7 0.9 14 0.6 0.5 0.7 0.8 0.9 14 0.1 0.5 0.2 0.7 0.4 6 0.2 0.6 0.3 0.7 0.9 14 0.2 0.1 0.5 0.8 0.3 14 0.1 0.5 0.2 0.7 0.5 4 0.1 0.6 0.1 0.7 0.7 14 0.1 0.5 0.2 0.7 0.5 4 0.1 0.6 0.1 0.7
006197,0.0 0 0.0 0.0 1.0 1.0
006199,0.4 14 0.4 0.1 0.6 0.4 0.8 14 0.4 0.1 0.7 0.5 0.9 14 0.4 0.1 0.8 0.5
006200,0.5 14 0.4 0.2 0.6 0.6 0.6 14 0.4 0.1 0.8 1.0 0.6 14 0.8 0.3 0.9 0.5 0.8 14 0.4 0.1 0.7 0.6 0.5 14 0.3 0.1 0.8 1.0 0.6 14 0.4 0.1 0.8 0.6 0.4 14 0.4 0.1 0.7 1.0 0.5 14 0.4 0.2 0.7 0.6 1.0 14 0.8 0.3 0.9 0.5
006204,0.5 6 0.2 0.3 0.5 0.5
006205,0.0 0 0.0 0.0 1.0 1.0
006207,0.9 14 0.4 0.1 0.6 0.3 0.5 14 0.4 0.1 0.8 0.4
006211,0.0 0 0.0 0.0 1.0 1.0
006213,0.4 14 0.6 0.4 0.6 0.5 0.3 6 0.1 0.4 0.6 0.7 0.8 14 0.5 0.4 0.6 0.5 1.0 14 0.4 0.4 0.5 0.5 0.8 6 0.1 0.4 0.6 0.7 0.7 14 0.6 0.4 0.6 0.7 0.9 14 0.5 0.4 0.6 0.7 0.4 14 0.5 0.4 0.6 0.5
006217,0.3 14 0.2 0.4 0.5 0.8 0.3 14 0.2 0.4 0.5 0.8 0.7 14 0.2 0.4 0.5 0.8 0.3 14 0.2 0.4 0.4 0.8 0.3 14 0.0 0.4 0.4 0.9 0.8 14 0.4 0.4 0.5 0.7 0.4 14 0.0 0.4 0.5 0.9 0.9 14 0.0 0.4 0.2 0.9 0.8 14 0.4 0.4 0.6 0.7
006226,0.9 14 0.4 0.3 0.4 0.3 0.9 14 0.2 0.2 0.3 0.4 0.9 14 0.3 0.3 0.6 0.8 0.3 14 0.2 0.2 0.2 0.3 0.4 14 0.1 0.2 0.2 0.3 0.8 14 0.5 0.3 0.6 0.6 0.4 14 0.5 0.3 0.6 0.8 0.3 14 0.0 0.3 0.1 0.6 0.4 14 0.1 0.3 0.3 0.6 0.6 14 0.3 0.3 0.4 0.3 0.9 14 0.1 0.3 0.2 0.4 0.9 14 0.0 0.3 0.1 0.5 0.9 14 0.0 0.3 0.1 0.6 0.7 14 0.2 0.2 0.3 0.4 0.8 14 0.0 0.3 0.1 0.5 0.5 14 0.4 0.3 0.5 0.6 0.8 14 0.3 0.3 0.4 0.4 0.9 14 0.2 0.2 0.2 0.4 0.3 14 0.1 0.3 0.3 0.8 0.9 14 0.1 0.2 0.2 0.3 0.8 14 0.0 0.3 0.1 0.5 0.3 14 0.0 0.3 0.1 0.7 0.8 14 0.2 0.3 0.2 0.4 0.6 14 0.1 0.3 0.6 0.8 0.9 14 0.1 0.3 0.2 0.5 0.5 15 0.2 0.3 0.3 0.4 0.4 14 0.1 0.3 0.2 0.4 0.9 14 0.5 0.3 0.6 0.7 0.8 14 0.4 0.3 0.5 0.4
006227,0.0 0 0.0 0.0 1.0 1.0
006228,0.4 6 0.0 0.1 0.7 0.6
006231,0.0 0 0.0 0.0 1.0 1.0
006232,0.3 6 0.2 0.3 0.6 0.5
006237,0.3 14 0.2 0.1 0.5 0.6 0.3 14 0.0 0.2 0.2 0.4 0.7 14 0.1 0.2 0.2 0.4 0.3 14 0.2 0.1 0.5 0.6 0.7 14 0.2 0.5 0.6 1.0 0.4 14 0.2 0.1 0.6 0.7 0.4 14 0.2 0.1 0.5 0.7 0.3 14 0.1 0.1 0.6 1.0 0.5 14 0.0 0.2 0.2 1.0 0.8 14 0.2 0.1 0.6 1.0 0.5 14 0.0 0.2 0.2 0.6
006239,0.5 14 0.5 0.3 0.7 0.9 0.3 14 0.2 0.1 0.5 1.0 0.6 14 0.2 0.1 0.4 0.7 0.3 14 0.2 0.1 0.4 0.4 0.9 14 0.0 0.1 0.4 0.9 0.9 14 0.0 0.4 0.3 0.9 0.4 14 0.2 0.3 0.7 1.0 0.5 14 0.3 0.3 0.7 1.0
006242,0.4 6 0.7 0.3 0.8 0.4 0.9 6 0.1 0.3 0.3 0.4 0.7 6 0.3 0.3 0.4 0.4 0.4 6 0.7 0.3 0.8 0.4 0.6 6 0.5 0.3 0.6 0.4 0.3 6 0.1 0.3 0.2 0.4 0.8 6 0.7 0.3 0.8 0.4 0.5 6 0.1 0.3 0.3 0.4 0.5 6 0.3 0.3 0.4 0.4 0.8 6 0.5 0.3 0.6 0.4 0.6 6 0.7 0.3 0.8 0.4
006244,0.0 0 0.0 0.0 1.0 1.0
006245,0.0 0 0.0 0.0 1.0 1.0
006246,0.0 0 0.0 0.0 1.0 1.0
006248,0.9 14 0.4 0.1 0.4 0.3 0.8 14 0.7 0.0 1.0 0.7 0.5 14 0.1 0.1 0.3 0.3 0.3 14 0.2 0.1 0.4 0.6 0.6 14 0.4 0.1 0.5 0.5 1.0 14 0.4 0.1 0.6 0.4 0.5 14 0.2 0.1 0.5 0.6 0.4 14 0.4 0.1 0.6 0.5 0.9 14 0.1 0.1 0.4 0.6 0.6 14 0.6 0.0 1.0 0.7 0.6 14 0.4 0.3 0.4 0.5
006253,0.0 0 0.0 0.0 1.0 1.0
006255,0.6 14 0.2 0.0 0.9 0.7 0.9 14 0.0 0.3 0.2 0.7
006256,0.3 6 0.1 0.2 1.0 0.6 0.4 6 0.1 0.2 1.0 0.6 0.3 6 0.0 0.2 1.0 0.8 0.3 6 0.1 0.2 1.0 0.5 0.6 6 0.1 0.2 1.0 0.6
006257,0.9 14 0.6 0.3 0.6 0.5 0.7 14 0.4 0.3 0.6 0.5 0.9 14 0.4 0.4 0.6 0.5 0.6 14 0.5 0.3 0.6 0.5
006263,0.4 0 0.0 0.2 1.0 0.5 0.4 0 0.0 0.2 1.0 0.6
006265,0.0 0 0.0 0.0 1.0 1.0
006266,0.9 14 0.4 0.1 0.6 0.5 1.0 14 0.0 0.1 0.1 0.6
006268,0.3 14 0.0 0.0 0.4 1.0 0.6 14 0.0 0.0 0.7 1.0
006271,0.0 0 0.0 0.0 1.0 1.0
006273,0.7 14 0.3 0.3 0.6 0.8 0.3 14 0.3 0.5 0.6 0.8 0.3 14 0.7 0.5 1.0 1.0 0.7 14 0.7 0.5 1.0 0.8 0.6 14 0.9 0.3 1.0 0.6 0.4 14 0.3 0.5 0.6 0.8 0.9 14 0.5 0.1 0.7 0.5 0.7 14 0.3 0.1 0.6 0.7 0.9 14 0.3 0.1 0.6 0.5 0.7 14 0.0 0.1 0.6 0.8 0.6 14 0.3 0.1 0.6 0.8 0.7 14 0.5 0.1 0.7 0.5 0.6 14 0.7 0.4 1.0 0.8
006274,0.9 14 0.6 0.2 0.6 0.3 0.4 14 0.4 0.1 0.4 0.4 0.4 14 0.6 0.2 0.7 0.5 0.3 14 0.0 0.0 0.8 1.0 0.3 14 0.4 0.2 0.4 0.3 0.9 14 0.2 0.1 0.7 0.8 0.8 14 0.4 0.2 0.4 0.3 0.3 14 0.3 0.1 0.7 0.7 0.9 14 0.6 0.2 0.7 0.3
006278,0.3 6 0.0 0.1 0.8 1.0
006280,0.7 14 0.6 0.3 0.8 0.7 0.8 14 0.1 0.2 0.3 0.5 0.3 14 0.1 0.2 0.2 0.4 0.4 14 0.7 0.3 0.8 0.7 0.4 14 0.1 0.2 0.2 0.4 0.3 14 0.6 0.3 0.8 0.7 0.9 14 0.5 0.3 0.8 0.7
006283,0.8 6 0.0 0.0 0.8 0.9 0.8 6 0.0 0.3 0.1 0.5
006287,0.3 8 -0.0 0.5 0.4 1.0 0.9 14 0.4 0.4 0.7 1.0 0.7 14 0.0 0.5 0.1 0.8 0.5 14 0.0 0.5 0.1 1.0 0.3 14 0.4 0.4 0.7 0.9
006288,0.3 14 0.2 0.1 0.6 0.7 0.8 14 0.2 0.5 0.4 0.9 0.4 14 0.2 0.6 0.6 1.0 0.7 14 0.2 0.1 0.6 0.9 0.5 14 0.2 0.5 0.4 1.0 0.3 14 0.2 0.7 0.4 1.0 0.4 14 0.4 0.4 0.6 0.9 0.7 14 0.4 0.4 0.7 0.9
006292,0.8 14 0.3 0.4 0.5 0.9 0.9 14 0.2 0.1 0.4 0.7 0.6 1 0.1 0.6 0.7 1.0 0.6 14 0.4 0.4 0.6 0.7 0.3 14 0.2 0.1 0.4 0.5 0.7 14 0.3 0.4 0.5 0.9 0.3 14 0.3 0.4 0.6 0.9 1.0 14 0.6 0.4 0.8 1.0
006293,0.3 8 0.1 0.6 0.4 1.0 0.5 8 0.2 0.6 0.4 0.9
006294,0.0 0 0.0 0.0 1.0 1.0
006297,0.4 8 0.3 0.5 0.4 0.7 0.4 8 0.3 0.5 0.5 0.7 0.3 8 0.5 0.6 0.6 0.7
006298,0.0 0 0.0 0.0 1.0 1.0
006302,0.0 0 0.0 0.0 1.0 1.0
006303,0.0 0 0.0 0.0 1.0 1.0
006307,0.3 14 0.3 0.2 0.5 0.4 0.9 14 0.3 0.2 0.5 0.4 0.3 15 0.1 0.3 0.1 0.4
006308,0.0 0 0.0 0.0 1.0 1.0
006310,0.3 14 0.4 0.0 0.6 0.5 0.5 14 0.7 0.6 0.9 1.0 0.3 14 0.5 0.1 0.9 0.7 0.5 14 0.4 0.2 0.5 0.6 0.4 14 0.0 0.2 0.1 0.5 0.6 14 0.3 0.0 0.6 0.6 0.9 14 0.4 0.0 0.6 0.6 0.8 14 0.8 0.6 0.9 0.7 0.5 14 0.0 0.2 0.1 0.3 0.5 14 0.5 0.1 0.6 0.5 0.6 14 0.5 0.1 0.8 0.6
006311,0.4 15 0.4 0.4 0.5 0.8 0.5 15 0.4 0.7 0.5 0.9 0.3 15 0.1 0.6 0.2 0.9 0.4 15 0.2 0.7 0.3 0.8 0.5 15 0.3 0.7 0.4 0.8 0.7 15 0.3 0.7 0.4 0.8 0.6 15 0.1 0.7 0.2 0.9 0.4 15 0.4 0.4 0.6 0.9 0.5 15 0.3 0.2 0.6 0.9 0.6 15 0.1 0.6 0.2 0.8 0.7 15 0.3 0.7 0.4 0.8 0.4 15 0.1 0.6 0.2 0.8 0.7 15 0.4 0.7 0.5 0.9 0.4 15 0.1 0.6 0.2 0.7
006312,0.5 1 0.5 0.3 0.8 0.6
006313,0.8 14 0.4 0.4 0.5 0.6 0.4 14 0.6 0.7 0.8 1.0 0.3 14 0.4 0.4 0.7 0.7 0.8 14 0.4 0.4 0.6 0.7 1.0 14 0.1 0.2 0.4 1.0 0.6 14 0.4 0.4 0.5 1.0 0.9 14 0.4 0.4 0.6 1.0 0.8 14 0.4 0.7 0.6 1.0
006315,0.0 0 0.0 0.0 1.0 1.0
006316,0.4 14 0.0 0.1 0.4 1.0
006317,1.0 14 0.4 0.2 0.6 1.0 0.6 1 0.4 0.5 0.8 1.0
006322,0.5 14 0.6 0.1 0.9 1.0 0.5 14 0.1 0.2 0.5 1.0 0.4 14 0.1 0.0 0.5 1.0 0.6 14 0.1 0.0 0.7 1.0 0.4 14 0.3 0.2 0.5 1.0 0.6 14 0.3 0.0 0.7 1.0 0.5 14 0.2 0.1 0.9 1.0
006324,0.8 6 0.2 0.6 0.3 0.7 0.3 6 0.3 0.5 0.7 0.8
006326,0.7 6 0.0 0.1 0.7 0.6 0.6 6 0.0 0.1 0.7 0.6 0.5 6 0.6 0.1 0.9 0.3 0.8 6 0.6 0.1 0.9 0.3
006327,0.9 6 0.0 0.5 0.1 0.5 0.4 6 0.0 0.5 0.1 0.5 1.0 14 0.6 0.4 0.7 0.6 0.8 6 0.0 0.5 0.1 0.5 0.9 14 0.5 0.5 0.6 0.6 0.5 14 0.6 0.5 0.6 0.6 0.3 14 0.6 0.5 0.6 0.6
006328,0.0 0 0.0 0.0 1.0 1.0
006331,0.3 6 0.2 0.2 0.8 0.6 0.6 6 0.2 0.2 0.8 0.6
006332,0.9 14 0.5 0.3 0.6 0.4 0.9 14 0.6 0.3 0.6 0.4 0.5 14 0.3 0.3 0.3 0.5 0.9 14 0.3 0.3 0.3 0.4
006333,0.3 14 0.1 0.1 0.1 0.2 0.4 6 0.9 0.2 1.0 0.3 0.8 6 0.6 0.2 0.8 0.2 0.9 6 0.9 0.2 1.0 0.3 0.3 6 0.1 0.1 0.9 0.6 0.4 6 0.5 0.2 0.7 0.3 0.3 6 0.1 0.1 0.3 0.2 0.9 6 0.1 0.1 0.9 0.6 0.4 6 0.6 0.2 0.7 0.2
006334,0.4 6 0.5 0.3 0.5 0.4 0.8 14 0.7 0.3 0.8 0.4 0.9 14 0.7 0.3 0.8 0.5 0.3 6 0.1 0.3 0.4 0.4 0.5 6 0.4 0.3 0.5 0.4 0.5 6 0.1 0.3 0.4 0.4 0.7 6 0.5 0.3 0.6 0.4 0.5 6 0.5 0.3 0.5 0.4 0.9 6 0.5 0.3 0.5 0.4 0.4 6 0.5 0.3 0.6 0.4 1.0 14 0.8 0.3 0.8 0.5 0.4 6 0.5 0.3 0.6 0.4 0.7 6 0.5 0.3 0.6 0.4
006336,0.4 14 0.0 0.0 0.6 0.9
006340,0.8 14 0.4 0.1 0.4 0.2 0.4 14 0.4 0.1 0.4 0.2 0.3 14 0.3 0.1 0.4 0.2 0.8 6 0.0 0.2 0.8 0.8
006342,0.0 0 0.0 0.0 1.0 1.0
006343,0.0 0 0.0 0.0 1.0 1.0
006345,0.5 6 0.0 0.1 0.1 0.2 0.4 6 0.0 0.7 0.1 0.7 0.3 6 0.0 0.2 0.2 0.2
006347,0.5 6 0.5 0.4 0.9 0.6 0.4 6 0.9 0.3 0.9 0.3 0.5 6 0.0 0.3 0.6 0.6 0.3 6 0.7 0.3 0.8 0.3 0.7 6 0.6 0.3 0.8 0.4 0.3 6 0.8 0.3 0.9 0.4 0.4 6 0.8 0.3 0.9 0.4 0.4 6 0.6 0.3 0.8 0.4 0.8 6 0.8 0.3 0.9 0.4 0.4 6 0.5 0.3 0.9 0.5 0.5 6 0.7 0.3 0.9 0.4 0.5 6 0.6 0.3 0.7 0.4
006354,0.5 14 0.0 0.0 0.7 0.8
006356,0.0 0 0.0 0.0 1.0 1.0
006358,0.6 6 0.4 0.4 0.5 0.5 0.7 6 0.2 0.4 0.2 0.5 0.9 6 0.1 0.5 0.1 0.5 0.4 6 0.7 0.4 0.8 0.5 0.8 6 0.6 0.4 0.7 0.5 0.7 6 0.2 0.4 0.4 0.5 0.4 6 0.3 0.4 0.4 0.5 0.5 6 0.3 0.4 0.4 0.5 0.9 6 0.8 0.4 0.8 0.5 0.5 6 0.3 0.4 0.4 0.5 0.3 6 0.7 0.4 0.7 0.5 0.6 6 0.7 0.4 0.8 0.5 0.5 6 0.6 0.4 0.7 0.5 0.3 6 0.2 0.4 0.3 0.5 0.3 6 0.3 0.4 0.4 0.5 0.7 6 0.2 0.4 0.2 0.5 0.7 6 0.5 0.4 0.6 0.5 0.4 6 0.1 0.4 0.1 0.5 0.5 6 0.7 0.4 0.7 0.5 0.8 6 0.1 0.4 0.2 0.5 0.5 6 0.3 0.4 0.4 0.5 0.8 6 0.5 0.4 0.6 0.5 0.3 6 0.6 0.4 0.6 0.5 0.4 6 0.6 0.4 0.6 0.5 0.4 6 0.6 0.4 0.6 0.5
006359,0.8 4 0.4 0.1 0.4 0.3 0.8 4 0.4 0.1 0.5 0.3 0.3 4 0.4 0.1 0.5 0.3
006360,0.4 4 0.3 0.5 0.4 0.7 0.5 4 0.4 0.5 0.4 0.6 0.6 14 0.6 0.1 0.8 0.5 0.5 4 0.4 0.5 0.4 0.6 1.0 14 0.0 0.2 0.2 0.8 0.7 4 0.4 0.5 0.4 0.7 1.0 14 0.5 0.1 0.8 0.7
006361,0.8 14 0.4 0.2 0.4 0.3 0.7 14 0.7 0.2 0.8 0.5 0.4 14 0.4 0.2 0.4 0.5 0.9 14 0.7 0.2 0.8 0.6 0.7 14 0.7 0.2 0.8 0.3
006364,0.5 6 0.0 0.4 0.1 0.6 0.7 14 0.7 0.4 0.7 0.5 0.7 14 0.4 0.1 0.7 0.7 0.9 14 0.5 0.1 0.7 0.4 0.4 14 0.1 0.4 0.7 0.7 0.7 14 0.4 0.4 0.7 0.7 0.4 14 0.4 0.4 0.7 0.8
006365,0.5 1 0.6 0.4 0.9 0.7 0.8 14 0.7 0.2 0.9 0.4 0.5 14 0.7 0.2 0.9 0.6 0.9 14 0.5 0.2 0.9 0.6 0.6 14 0.7 0.2 0.9 0.5 0.4 1 0.6 0.4 0.9 0.7
006368,0.8 14 0.4 0.0 0.6 0.4 0.3 14 0.2 0.2 0.5 0.7 0.3 14 0.4 0.0 0.7 0.7 0.3 14 0.3 0.7 0.4 0.7 0.4 14 0.4 0.0 0.7 0.5 0.5 14 0.2 0.2 0.5 0.7 0.3 14 0.4 0.0 0.7 0.7
006370,0.8 14 0.4 0.3 0.4 0.4 0.9 14 0.2 0.3 0.2 0.4 0.4 14 0.3 0.3 0.4 0.4 0.9 14 0.1 0.3 0.1 0.4 0.9 14 0.6 0.3 0.6 0.4 0.8 14 0.4 0.3 0.4 0.4 1.0 14 0.3 0.2 0.4 0.8 0.7 14 0.1 0.3 0.1 0.4 0.6 14 0.1 0.3 0.1 0.4
006372,0.0 0 0.0 0.0 1.0 1.0
006373,0.9 14 0.0 0.6 0.1 0.9
006376,0.6 14 0.5 0.1 0.5 0.2 0.5 6 0.1 0.3 0.7 0.7 0.8 14 0.3 0.1 0.4 0.2 0.4 6 0.1 0.1 0.7 0.7
006378,0.9 14 0.2 0.2 0.3 0.3
006379,0.0 0 0.0 0.0 1.0 1.0
006380,0.9 14 0.4 0.1 0.4 0.2 0.8 14 0.2 0.1 0.3 0.3 0.3 14 0.2 0.1 0.4 0.4 0.8 14 0.1 0.2 0.2 0.5 0.4 14 0.6 0.2 0.8 0.7 0.9 14 0.5 0.2 0.8 0.8 0.7 14 0.6 0.2 0.7 0.4 0.4 14 0.5 0.4 0.8 0.8 0.4 14 0.1 0.2 0.4 0.7 0.4 4 0.4 0.2 0.5 0.4 0.4 4 0.4 0.3 0.4 0.4 0.5 14 0.6 0.2 0.8 0.8 0.6 14 0.1 0.2 0.4 0.6 0.7 14 0.6 0.2 0.7 0.4 0.4 14 0.7 0.2 0.8 0.4 0.8 14 0.5 0.1 0.6 0.4 0.8 14 0.2 0.2 0.4 0.5 0.6 14 0.6 0.2 0.8 0.4 0.5 14 0.0 0.3 0.1 0.7 0.5 14 0.5 0.2 0.8 0.5 0.9 14 0.2 0.2 0.4 0.5 0.4 14 0.1 0.4 0.3 0.7 0.4 15 0.4 0.3 0.5 0.5 0.6 14 0.3 0.1 0.4 0.3 0.3 14 0.2 0.1 0.3 0.5 1.0 14 0.0 0.3 0.3 0.7 0.7 14 0.2 0.2 0.3 0.4 0.8 14 0.1 0.2 0.3 0.6 0.7 14 0.3 0.1 0.4 0.3 0.5 15 0.3 0.5 0.4 0.6 0.8 14 0.4 0.1 0.5 0.2 0.3 14 0.1 0.2 0.3 0.6 0.5 14 0.5 0.2 0.8 0.6 0.5 14 0.6 0.2 0.8 0.5 0.9 14 0.5 0.1 0.6 0.3 0.6 14 0.5 0.2 0.8 0.8 0.8 14 0.5 0.1 0.7 0.4
006383,0.4 6 0.1 0.2 0.8 0.4 0.4 6 0.2 0.2 0.6 0.4 0.5 6 0.1 0.1 0.8 0.4 0.4 6 0.2 0.1 1.0 0.4
006384,0.4 14 0.5 0.4 0.6 0.6 0.5 14 0.1 0.1 0.4 0.8 0.6 14 0.4 0.4 0.6 0.6 0.9 14 0.4 0.4 0.5 0.5 0.4 14 0.1 0.1 0.4 0.5 0.8 14 0.0 0.1 0.4 0.7 0.7 14 0.0 0.1 0.4 0.7
006386,0.5 6 0.1 0.4 0.3 0.4 0.7 6 0.0 0.5 0.0 0.6 0.4 6 0.3 0.4 0.4 0.4 0.9 6 0.1 0.4 0.3 0.4 0.4 6 0.0 0.4 0.2 0.5 0.7 6 0.4 0.4 0.5 0.5 0.9 6 0.0 0.4 0.3 0.5 0.5 6 0.2 0.4 0.3 0.4 0.8 6 0.3 0.4 0.4 0.5 0.8 6 0.4 0.4 0.8 0.7
006388,0.3 6 0.0 0.3 0.8 0.6
006389,0.0 0 0.0 0.0 1.0 1.0
006390,0.6 14 0.3 0.0 0.6 0.4 0.3 14 0.1 0.0 0.7 1.0 0.5 4 0.0 0.4 0.1 0.7 0.4 14 0.3 0.0 0.7 0.4 0.5 14 0.0 0.4 0.6 1.0 0.5 14 0.1 0.0 0.7 0.7 0.6 14 0.6 0.1 0.9 0.7 0.3 14 0.3 0.0 0.7 0.7 0.4 14 0.0 0.4 0.4 1.0 0.4 14 0.0 0.4 0.3 0.7 0.4 14 0.3 0.0 0.5 0.3 0.4 14 0.3 0.5 0.6 0.7
006393,0.4 8 0.5 0.4 0.6 0.6
006394,0.0 0 0.0 0.0 1.0 1.0
006397,0.5 6 0.0 0.1 0.8 0.4 0.9 6 0.0 0.1 0.8 0.4
006399,0.4 14 0.4 0.0 0.6 0.3 0.4 14 0.4 0.1 0.6 0.6 0.6 14 0.0 0.0 0.3 0.5 0.5 14 0.5 0.1 1.0 1.0 0.6 14 0.5 0.1 1.0 0.6 0.6 14 0.5 0.1 1.0 1.0 0.6 14 0.0 0.0 0.3 0.6 0.4 14 0.3 0.4 0.4 0.5 0.5 14 0.4 0.0 0.7 0.5 0.4 14 0.5 0.1 1.0 0.6 0.4 14 0.0 0.1 0.2 0.7 0.7 14 0.3 0.4 0.4 0.5 0.4 14 0.5 0.1 0.8 0.5 0.5 14 0.4 0.0 0.6 0.7 0.5 14 0.0 0.0 0.3 0.7 0.3 14 0.0 0.0 0.3 1.0 0.3 14 0.0 0.1 1.0 1.0 0.6 14 0.5 0.1 1.0 0.6 0.5 14 0.0 0.2 0.2 0.5 0.3 14 0.4 0.0 0.5 0.2 0.4 14 0.4 0.0 1.0 0.7 0.4 14 0.4 0.1 1.0 0.6 0.5 14 0.5 0.1 0.7 0.5 0.5 14 0.4 0.0 1.0 1.0
006401,0.6 14 0.1 0.4 0.2 0.5 0.9 14 0.6 0.3 0.7 0.5 0.7 14 0.3 0.4 0.3 0.4 0.6 14 0.1 0.4 0.1 0.5 0.8 14 0.2 0.4 0.3 0.5 0.8 14 0.2 0.4 0.3 0.5 0.4 14 0.1 0.4 0.2 0.4 0.9 14 0.1 0.4 0.1 0.5 0.7 14 0.6 0.3 0.7 0.4
006402,0.0 0 0.0 0.0 1.0 1.0
006403,0.7 14 0.0 0.0 0.4 0.7 0.3 14 0.4 0.1 0.8 1.0 0.6 14 0.2 0.0 0.4 0.6 0.6 14 0.3 0.2 0.5 0.5 0.8 14 0.0 0.0 0.4 1.0 0.7 14 0.1 0.1 0.8 1.0
006405,0.6 6 0.0 0.4 0.7 1.0 0.7 6 0.3 0.6 0.7 1.0
006406,0.0 0 0.0 0.0 1.0 1.0
006407,0.5 14 0.4 0.3 0.5 0.4 0.9 14 0.4 0.3 0.5 0.4 0.8 14 0.4 0.3 0.5 0.4 1.0 14 0.0 0.4 0.1 0.7 0.3 6 0.0 0.2 0.7 0.7
006408,0.0 0 0.0 0.0 1.0 1.0
006410,0.0 0 0.0 0.0 1.0 1.0
006412,0.0 0 0.0 0.0 1.0 1.0
006413,0.8 14 0.1 0.1 0.3 0.7 0.3 14 0.1 0.1 0.5 0.7 0.4 14 0.0 0.1 0.3 1.0 0.7 14 0.1 0.1 0.5 1.0 0.7 14 0.0 0.1 0.3 1.0
006414,0.4 14 0.0 -0.0 0.4 0.6
006415,0.9 6 0.0 0.2 0.9 0.5
006416,1.0 14 0.7 0.4 0.8 0.6
006420,0.7 6 0.0 0.2 0.2 0.4 0.4 6 0.0 0.2 0.2 0.4
006422,0.0 0 0.0 0.0 1.0 1.0
006423,0.5 6 0.5 0.2 0.5 0.3 0.7 6 0.4 0.2 0.5 0.2 0.8 14 0.6 0.2 0.6 0.3 0.7 14 0.5 0.2 0.6 0.3 0.9 6 0.4 0.2 0.5 0.2 0.4 6 0.4 0.2 0.5 0.2
006426,0.6 14 0.2 0.3 0.3 0.4 0.7 14 0.4 0.3 0.6 0.8 0.4 14 0.4 0.2 0.6 0.5 0.9 14 0.2 0.2 0.4 0.8 0.3 14 0.4 0.2 0.6 0.6 0.4 14 0.3 0.2 0.6 0.8 1.0 14 0.0 0.2 0.3 0.8 0.4 4 0.2 0.2 0.3 0.3 0.3 14 0.3 0.3 0.4 0.8 0.5 14 0.3 0.2 0.7 0.8 0.9 14 0.4 0.3 0.7 0.8
006431,0.4 13 0.2 0.3 0.7 0.6 1.0 14 0.5 0.1 0.7 0.5
006432,0.5 14 0.5 0.2 0.6 0.5 0.5 14 0.6 0.1 0.7 0.3 0.5 14 0.2 0.2 0.7 0.7 0.5 14 0.0 0.2 0.4 0.7 0.5 14 0.6 0.2 0.8 0.7 0.6 14 0.6 0.4 0.9 0.7 0.4 14 0.8 0.3 0.9 0.7 0.6 14 0.7 0.3 0.9 0.7 0.9 14 0.1 0.2 0.4 0.7 0.7 4 0.3 0.4 0.4 0.6 0.3 14 0.8 0.3 0.9 0.4 0.6 14 0.6 0.1 0.8 0.7 0.9 14 0.2 0.2 0.5 0.7 0.4 14 0.7 0.3 0.9 0.6 0.4 4 0.3 0.4 0.4 0.6 0.4 14 0.6 0.1 0.9 0.7 0.8 14 0.5 0.2 0.7 0.7 0.6 14 0.6 0.3 0.9 0.7 0.4 14 0.5 0.1 0.9 0.7 0.7 14 0.5 0.4 0.7 0.7 0.8 14 0.5 0.3 0.7 0.7 0.9 14 0.8 0.3 0.9 0.5 0.5 14 0.6 0.1 0.8 0.6 0.8 4 0.6 0.4 0.6 0.6 0.6 14 0.6 0.1 0.8 0.4
006435,0.7 6 0.2 0.4 0.8 0.6
006439,0.0 0 0.0 0.0 1.0 1.0
006441,0.3 15 0.7 0.4 0.8 0.5 0.3 19 0.3 0.2 0.5 0.4 0.9 6 0.0 0.3 0.1 0.5 0.4 6 0.0 0.3 0.1 0.5
006446,0.4 14 0.4 0.3 0.9 0.7 0.3 14 0.4 0.3 0.6 0.7 0.5 14 0.0 0.1 0.2 1.0 0.5 14 0.6 0.5 0.9 0.7 0.3 14 0.6 0.0 0.9 0.7 0.8 14 0.0 0.1 0.1 0.6 0.8 14 0.0 0.5 0.2 0.7 0.8 14 0.0 0.1 0.2 0.7 0.4 14 0.5 0.0 0.9 0.7 0.7 14 0.4 0.0 0.9 0.7
006451,0.0 0 0.0 0.0 1.0 1.0
006452,0.9 14 0.3 0.2 0.5 0.9 0.6 4 0.1 0.6 0.1 0.8
006453,0.9 14 0.4 0.2 0.5 1.0 0.6 14 0.6 0.2 0.8 0.6 0.3 14 0.1 0.2 0.3 0.9 0.3 14 0.4 0.2 0.5 0.6 0.3 14 0.4 0.2 0.6 0.6 0.4 14 0.4 0.2 0.5 0.6 0.9 14 0.1 0.2 0.3 1.0 0.4 14 0.0 0.2 0.3 1.0 0.8 14 0.6 0.2 0.8 0.9 0.3 14 0.3 0.3 0.3 0.4 0.9 14 0.3 0.3 0.4 1.0 0.3 14 0.6 0.2 0.8 0.8 0.3 14 0.4 0.2 0.8 1.0 0.7 14 0.6 0.2 0.8 1.0 0.4 14 0.6 0.2 0.8 0.4
006454,0.8 6 0.0 0.4 0.8 0.8
006457,0.8 14 0.0 0.0 0.4 1.0 0.7 14 0.0 0.0 0.8 1.0
006460,0.3 14 0.1 0.3 0.4 1.0 0.4 14 0.1 0.1 0.5 1.0 0.5 14 0.1 0.3 0.4 1.0 0.9 14 0.0 0.1 0.5 1.0 0.9 14 0.7 0.8 0.8 1.0
006461,0.7 8 0.1 0.6 0.2 1.0 0.7 15 0.3 0.3 0.4 0.4 0.8 8 0.2 0.6 0.4 1.0 0.6 8 0.1 0.6 0.2 1.0 0.7 15 0.7 0.7 0.8 0.8 0.6 8 0.3 0.6 0.4 1.0 0.6 15 0.8 0.7 0.8 0.8 0.5 15 0.2 0.6 0.3 0.7 0.8 15 0.2 0.6 0.3 0.7 0.6 8 0.1 0.6 0.2 1.0 0.5 8 0.0 0.6 0.2 1.0 0.3 8 0.2 0.6 0.4 1.0
006464,0.3 14 0.1 0.5 0.3 1.0 0.9 14 0.2 0.2 0.5 1.0 0.5 14 0.1 0.2 0.4 1.0 0.7 14 0.1 0.2 0.5 1.0 0.4 14 0.2 0.5 0.3 1.0 0.7 14 0.4 0.0 0.7 1.0 0.6 14 0.4 0.0 0.9 1.0
006467,0.4 13 0.0 0.2 0.9 0.9
006469,1.0 14 0.4 0.4 0.5 0.8 0.4 6 0.0 0.6 0.1 0.7 0.8 14 0.2 0.4 0.2 0.6 0.4 1 0.1 0.5 0.5 0.8 0.6 6 0.2 0.4 0.4 0.6 0.5 14 0.2 0.4 0.2 0.8 0.9 14 0.2 0.4 0.2 0.7 0.8 6 0.0 0.4 0.1 0.6 0.3 6 0.0 0.4 0.1 0.6 0.8 14 0.4 0.6 0.5 0.8 0.9 14 0.5 0.5 0.6 0.8
006471,0.5 14 0.5 0.2 0.6 0.3 0.5 14 0.1 0.1 0.2 0.2 0.7 14 0.6 0.5 0.7 0.6 0.4 14 0.5 0.1 0.5 0.2 0.3 14 0.4 0.1 0.4 0.2 0.5 14 0.3 0.4 0.4 0.5 0.8 14 0.6 0.5 0.7 0.6 0.4 14 0.3 0.4 0.4 0.6 0.8 14 0.5 0.5 0.6 0.6 0.3 14 0.6 0.1 0.6 0.2
006477,0.9 14 0.2 0.4 0.5 0.9 0.4 8 0.0 0.6 0.1 0.8 0.7 14 0.2 0.4 0.4 0.9 0.3 14 0.2 0.4 0.3 0.6 0.6 8 0.5 0.5 0.7 0.8
006478,0.5 6 0.5 0.3 0.6 0.3
006479,0.5 14 0.0 0.1 0.6 0.7 0.3 14 0.0 0.1 0.6 1.0 0.6 14 0.0 0.1 0.9 0.8
006481,0.8 14 0.7 0.0 0.7 0.2 0.5 6 0.2 0.2 0.9 0.7 0.8 14 0.2 0.4 0.3 0.5 0.7 14 0.7 0.0 0.8 0.3 0.7 14 0.8 0.0 0.9 0.2 0.4 14 0.7 0.0 0.7 0.3 0.4 14 0.8 0.1 0.8 0.3 0.6 14 0.2 0.4 0.3 0.7 0.4 6 0.2 0.1 0.9 0.7 0.9 14 0.8 0.0 0.9 0.4 0.8 14 0.7 0.0 0.8 0.2
006485,0.5 6 0.4 0.3 0.6 0.5 0.4 6 0.8 0.3 0.9 0.4 0.4 6 0.2 0.3 0.3 0.4
006487,0.4 14 0.4 0.5 0.5 0.6 0.8 14 0.2 0.0 0.7 0.8 0.5 14 0.2 0.0 0.5 0.7 0.5 14 0.0 0.0 0.7 1.0 0.4 14 0.2 0.0 0.9 0.7 0.3 14 0.4 0.5 0.7 0.8
006489,0.4 14 0.5 0.2 1.0 1.0 0.3 14 0.6 0.2 0.8 0.7 0.8 14 0.2 0.2 0.7 0.7 0.4 14 0.7 0.2 1.0 0.7 0.4 14 0.2 0.2 0.5 0.7 0.4 14 0.3 0.2 0.7 0.7 0.7 14 0.2 0.2 0.7 1.0 0.7 14 0.7 0.2 1.0 0.8 0.5 14 0.2 0.2 0.6 0.7 0.8 14 0.7 0.1 1.0 1.0
006490,0.9 14 0.3 0.5 0.4 0.7
006491,0.0 0 0.0 0.0 1.0 1.0
006493,0.8 6 0.2 0.3 0.9 0.6 0.3 6 0.3 0.2 0.4 0.3
006494,0.0 0 0.0 0.0 1.0 1.0
006496,0.6 15 0.0 0.5 0.1 0.6 0.4 15 0.1 0.4 0.2 0.6 0.5 15 0.0 0.5 0.0 0.6 0.3 15 0.1 0.3 0.3 0.7 0.4 15 0.1 0.4 0.2 0.7
006498,0.6 14 -0.0 0.1 0.4 1.0
006500,0.6 4 0.4 0.0 0.5 0.3 0.5 4 0.5 0.0 0.6 0.2 0.6 4 0.3 0.0 0.4 0.2 0.5 4 0.4 0.4 0.4 0.6 0.5 4 0.4 0.3 0.5 0.6 0.6 4 0.2 0.3 0.3 0.6 0.4 4 0.2 0.0 0.3 0.2 0.3 4 0.7 0.0 0.8 0.1 0.4 4 0.6 0.2 0.7 0.5 0.6 4 0.5 0.4 0.6 0.7 0.5 4 0.4 0.0 0.5 0.2 0.4 4 0.0 0.3 0.0 0.6 0.7 4 0.3 0.5 0.4 0.7 0.7 4 0.3 0.2 0.4 0.4 0.5 4 0.2 0.2 0.3 0.4 0.5 4 0.3 0.4 0.3 0.5 0.7 4 0.5 0.0 0.5 0.3 0.6 4 0.3 0.4 0.3 0.7 0.3 4 0.1 0.2 0.2 0.4 0.5 4 0.5 0.5 0.6 0.7 0.3 4 0.0 0.3 0.1 0.6 0.5 4 0.3 0.2 0.3 0.4 0.6 4 0.3 0.0 0.3 0.2 0.4 4 0.7 0.0 0.8 0.3 0.6 4 0.3 0.2 0.3 0.5 0.5 4 0.1 0.4 0.2 0.6 0.5 4 0.5 0.2 0.5 0.5 0.5 4 0.4 0.2 0.5 0.6 0.5 4 0.3 0.0 0.3 0.3 0.6 4 0.2 0.0 0.3 0.3 0.4 4 0.2 0.2 0.3 0.3 0.4 4 0.6 0.2 0.7 0.6 0.3 4 0.3 0.0 0.4 0.2 0.5 4 0.3 0.2 0.4 0.5 0.5 4 0.4 0.0 0.4 0.2 0.4 4 0.2 0.2 0.2 0.4 0.6 4 0.4 0.4 0.5 0.7 0.5 4 0.5 0.2 0.6 0.4 0.4 4 0.5 0.2 0.6 0.5 0.7 4 0.4 0.5 0.5 0.7 0.5 4 0.1 0.2 0.2 0.4 0.6 4 0.6 0.0 0.7 0.2 0.6 4 0.5 0.0 0.6 0.3
006502,0.8 6 0.1 0.2 0.7 0.6
006504,0.3 8 0.0 0.4 0.3 0.9 0.5 14 0.0 0.4 0.3 0.9
006505,0.8 14 0.4 0.0 0.6 0.4 0.7 14 0.3 0.3 0.6 0.6 0.5 14 0.1 0.4 0.3 0.6 0.7 14 0.2 0.1 0.3 0.2 0.3 14 0.5 0.1 1.0 1.0 0.8 14 0.0 0.1 0.3 0.6 0.4 14 0.5 0.2 1.0 1.0 0.3 14 0.5 0.2 1.0 0.4 0.4 14 0.5 0.2 1.0 0.6 0.6 14 0.1 0.2 0.4 0.6 0.6 14 0.4 0.0 0.6 0.4 0.3 14 0.0 0.0 0.6 0.6 0.9 14 0.7 0.0 1.0 0.3 0.8 14 0.0 0.2 0.4 0.6 0.3 14 0.3 0.3 0.6 0.6 0.5 14 0.3 0.0 0.6 0.6 0.3 14 0.0 0.2 0.6 0.6 0.4 14 0.0 0.1 1.0 1.0 0.4 14 0.0 0.3 1.0 1.0 0.4 14 0.5 0.1 1.0 0.6 0.3 14 0.1 0.3 0.6 0.6 0.5 14 0.3 0.2 1.0 0.6 0.4 14 0.6 0.0 0.9 0.3
006508,0.4 14 0.2 0.5 0.3 0.7 0.5 14 0.0 0.0 0.2 0.6 0.6 14 0.2 0.4 0.4 0.7 0.9 14 0.0 0.0 0.3 0.7 0.5 14 0.4 0.0 0.8 0.5 0.4 14 0.0 0.0 0.2 0.5 0.4 14 0.1 0.0 0.3 0.5 0.3 14 0.0 0.0 0.2 0.4 0.7 14 0.2 0.0 0.9 1.0 0.6 14 0.2 0.5 0.4 0.7 0.3 14 0.2 0.0 0.9 0.7
006510,0.7 6 0.1 0.2 0.7 0.5
006511,0.0 0 0.0 0.0 1.0 1.0
006513,0.3 6 0.3 0.6 0.5 0.7
006514,0.9 14 0.2 0.4 0.4 0.9
006516,0.4 4 0.5 0.1 0.6 0.2 0.3 15 0.7 0.0 0.7 0.2 0.3 8 0.1 0.4 0.3 0.7
006517,0.9 14 0.6 0.5 0.8 0.7 0.4 14 0.2 0.4 0.4 0.8 0.6 14 0.0 0.4 0.3 0.7 0.4 14 0.3 0.6 0.5 0.7 0.8 14 0.4 0.3 0.6 0.7 0.3 14 0.0 0.4 0.5 1.0 0.8 14 0.0 0.5 0.1 0.7 0.4 14 0.0 0.5 0.2 0.8 0.8 14 0.0 0.4 0.4 0.8 0.3 14 0.5 0.4 0.7 0.7 0.9 14 0.4 0.3 0.6 0.7 0.6 14 0.0 0.4 0.5 1.0 0.3 14 0.0 0.5 0.2 0.8 0.7 14 0.6 0.5 0.9 0.7 0.6 14 0.0 0.5 0.2 0.8 0.9 14 0.4 0.5 0.6 0.7 0.5 14 0.6 0.4 0.7 0.5 0.4 14 0.6 0.4 0.7 0.7 0.4 14 0.0 0.5 0.1 0.6 0.5 14 0.6 0.4 0.8 0.7
006518,0.0 0 0.0 0.0 1.0 1.0
006521,0.5 14 0.4 0.3 0.5 0.5 0.6 14 0.4 0.3 0.5 0.5 0.9 14 0.4 0.3 0.5 0.5
006522,0.0 0 0.0 0.0 1.0 1.0
006525,0.9 6 0.0 0.6 0.3 0.9
006526,0.0 0 0.0 0.0 1.0 1.0
006527,0.7 14 0.5 0.0 0.5 0.1 0.3 14 0.0 0.1 0.5 1.0 0.5 14 0.2 0.1 0.5 0.7 0.8 6 0.0 0.0 0.2 0.1 0.7 6 0.7 0.1 0.8 0.1 0.7 14 0.3 0.0 0.3 0.1 0.6 6 0.8 0.1 0.8 0.2 0.7 6 0.0 0.0 0.1 0.1 0.6 6 0.7 0.1 0.9 0.2 0.7 14 0.1 0.1 0.3 0.6 0.9 14 0.2 0.0 0.2 0.1 0.4 14 0.1 0.1 0.5 1.0 0.4 6 0.1 0.0 0.2 0.1 0.8 14 0.0 0.1 0.2 0.7 0.6 14 0.2 0.0 0.3 0.1 0.4 14 0.2 0.1 1.0 1.0 0.6 6 0.0 0.0 0.2 0.1 0.7 14 0.3 0.0 0.3 0.1 0.6 6 0.0 0.0 0.1 0.1 0.3 14 0.2 0.1 0.5 0.7 0.5 6 0.1 0.0 0.2 0.1 0.7 6 0.6 0.1 0.7 0.1 0.4 6 0.1 0.0 0.2 0.1 0.3 6 0.7 0.0 0.9 0.1 0.8 6 0.7 0.1 0.8 0.1
006528,0.0 0 0.0 0.0 1.0 1.0
006531,0.5 14 0.4 0.4 0.4 0.5 0.4 14 0.4 0.4 0.4 0.5 0.3 14 0.3 0.4 0.4 0.5 0.7 14 0.4 0.4 0.4 0.5 0.7 14 0.3 0.4 0.4 0.5
006533,0.0 0 0.0 0.0 1.0 1.0
006535,0.0 0 0.0 0.0 1.0 1.0
006537,0.4 14 0.0 0.0 1.0 1.0
006539,0.4 14 0.5 0.2 0.9 1.0 0.6 14 0.0 0.1 0.3 0.7 0.8 14 0.8 0.1 0.8 0.2 0.4 14 0.6 0.2 0.9 1.0 0.8 14 0.6 0.2 0.8 0.5 0.5 14 0.5 0.2 0.8 1.0 0.6 14 0.0 0.2 0.4 0.7 0.4 14 0.0 0.1 0.4 0.7 0.5 14 0.2 0.2 0.4 0.7 0.5 14 0.0 0.1 0.3 0.7 0.5 14 0.2 0.2 0.4 0.5 0.7 14 0.2 0.2 0.4 0.5 0.7 14 0.0 0.3 0.3 0.7 0.4 14 0.5 0.3 0.6 0.5 0.7 14 0.4 0.3 0.6 0.5 0.6 14 0.2 0.1 0.3 0.3 0.5 14 0.0 0.0 0.5 1.0 0.4 14 0.1 0.1 0.3 0.3 0.5 14 0.0 0.0 0.3 1.0 0.5 14 0.6 0.2 0.8 0.5 0.5 14 0.5 0.2 0.9 0.7 0.7 14 0.5 0.2 0.8 0.5 0.3 14 0.5 0.2 0.9 0.7 0.5 14 0.5 0.3 0.6 0.5 0.5 14 0.5 0.2 0.9 1.0 0.5 14 0.6 0.1 0.8 0.2
006540,1.0 14 0.3 0.3 0.4 0.7
006541,0.4 8 0.2 0.5 0.3 0.7 0.6 8 0.3 0.5 0.4 0.7
006544,0.9 14 0.5 0.1 0.6 0.3 0.6 1 0.1 0.4 0.6 0.7 0.3 1 0.1 0.4 0.6 0.7 0.6 14 0.2 0.1 0.3 0.5 0.7 14 0.0 0.1 0.1 0.2 0.8 14 0.6 0.2 0.7 0.3 0.9 14 0.2 0.1 0.5 0.6 0.3 1 0.1 0.4 0.6 0.7 0.7 14 0.4 0.1 0.6 0.7 0.8 14 0.2 0.1 0.3 0.4 0.3 14 0.2 0.1 0.3 0.5 0.5 14 0.0 0.1 0.1 0.2 0.4 14 0.2 0.1 0.3 0.3 0.3 14 0.2 0.1 0.3 0.5 0.9 14 0.6 0.2 0.7 0.3
006545,0.0 0 0.0 0.0 1.0 1.0
006546,0.9 14 0.4 0.1 0.5 0.2 0.4 4 0.4 0.4 0.5 0.4 0.8 14 0.1 0.1 0.2 0.3 0.3 8 0.0 0.4 0.1 0.7 0.9 14 0.1 0.1 0.3 0.4 0.9 14 0.5 0.1 0.6 0.4 0.7 14 0.6 0.2 0.8 0.5 0.9 14 0.0 0.2 0.2 0.5 0.4 14 0.4 0.1 0.8 0.4 0.5 14 0.2 0.1 0.3 0.4 0.7 4 0.5 0.3 0.5 0.4 0.6 14 0.4 0.3 0.5 0.4 0.8 14 0.2 0.1 0.3 0.3 0.9 14 0.1 0.1 0.2 0.4 0.9 14 0.0 0.2 0.3 0.5 0.6 14 0.2 0.2 0.3 0.3 0.9 14 0.6 0.2 0.8 0.6 0.3 14 0.4 0.2 0.8 0.6 0.4 14 0.4 0.3 0.6 0.5 0.4 14 0.5 0.3 0.6 0.4 0.9 14 0.6 0.2 0.7 0.4
006552,0.7 14 0.4 0.1 0.6 0.4 0.5 14 0.5 0.1 0.6 0.4 0.3 14 0.3 0.2 0.5 1.0 0.3 14 0.4 0.4 0.5 0.5 0.6 14 0.2 0.3 0.3 0.5 0.5 14 0.0 0.1 0.2 0.5 0.3 14 0.5 0.2 0.8 0.7 0.4 14 0.1 0.3 0.4 0.6 0.5 14 0.3 0.2 0.5 0.4 0.9 14 0.1 0.3 0.3 0.5 0.4 14 0.0 0.1 0.2 0.4 0.4 14 0.4 0.2 0.6 0.6 0.6 14 0.3 0.2 0.5 0.5 0.7 14 0.1 0.2 0.2 0.4 0.3 14 0.0 0.1 0.2 0.4 0.7 14 0.3 0.2 0.5 0.5 0.3 14 0.1 0.3 0.3 0.5 0.7 14 0.4 0.0 0.8 0.7 0.4 14 0.1 0.2 0.2 0.5
006554,0.0 0 0.0 0.0 1.0 1.0
006555,0.0 0 0.0 0.0 1.0 1.0
006557,0.0 0 0.0 0.0 1.0 1.0
006558,0.5 14 0.0 0.2 0.6 1.0
006559,0.9 14 0.1 0.2 0.5 1.0
006561,0.4 6 0.1 0.0 0.9 0.6 0.3 6 0.1 0.2 0.9 0.6
006563,0.7 14 0.3 0.4 0.5 0.9 0.4 14 0.3 0.4 0.5 0.7 0.3 14 0.3 0.4 0.5 0.7 0.4 14 0.3 0.4 0.5 0.7 0.8 14 0.4 0.4 0.5 0.6 0.7 14 0.3 0.4 0.5 0.7
006566,0.6 14 0.1 0.0 0.7 0.8 0.3 14 0.1 0.1 0.3 0.4 0.4 14 0.3 0.4 0.5 0.8 0.8 14 0.2 0.0 0.5 0.8 0.4 14 0.1 0.1 0.4 0.8 0.5 14 0.1 0.1 0.3 0.3
006567,0.7 6 0.3 0.3 0.5 0.4 0.5 14 0.6 0.3 0.7 0.4 1.0 14 0.1 0.3 0.2 0.5 0.9 14 0.5 0.3 0.6 0.4 0.3 14 0.1 0.3 0.2 0.4 1.0 14 0.2 0.3 0.3 0.5 0.8 14 0.1 0.3 0.2 0.4 0.8 14 0.5 0.3 0.6 0.4
006568,0.0 0 0.0 0.0 1.0 1.0
006571,0.3 14 0.0 0.0 0.8 0.7
006573,0.3 14 0.1 0.1 0.6 0.7 0.6 14 0.1 0.0 0.7 0.7
006574,0.4 14 0.2 0.1 0.6 1.0 0.8 14 0.2 0.1 0.6 0.6 0.4 14 0.1 0.3 0.2 0.4 0.3 14 0.4 0.2 0.7 0.7 0.4 14 0.4 0.1 0.6 0.7 0.6 14 0.0 0.1 0.6 0.7 0.9 14 0.0 0.3 0.2 0.7 0.6 14 0.2 0.1 0.7 0.7 0.4 14 0.0 0.3 0.2 0.4 0.4 14 0.0 0.3 0.2 0.4 0.3 14 0.1 0.3 0.2 0.4 1.0 14 0.7 0.3 0.9 0.7
006577,0.9 14 0.7 0.5 0.7 0.8 0.3 14 0.6 0.5 0.8 0.8 0.3 14 0.5 0.5 0.7 0.7
006579,0.9 14 0.2 0.1 0.3 0.4 0.7 14 0.0 0.1 0.1 0.4 0.3 14 0.0 0.1 0.2 0.4 0.4 14 0.0 0.1 0.1 0.2
006580,0.7 14 0.4 0.3 0.5 0.4 0.8 14 0.3 0.3 0.5 0.7 0.5 14 0.0 0.3 0.0 0.4 0.9 14 0.2 0.4 0.2 0.5 0.7 14 0.0 0.3 0.1 0.4 0.8 14 0.3 0.3 0.4 0.7 0.9 14 0.3 0.3 0.4 0.6 1.0 14 0.0 0.3 0.2 0.8 0.7 14 0.2 0.4 0.2 0.4 0.5 14 0.2 0.4 0.2 0.6 1.0 14 0.5 0.3 0.6 0.6 0.4 14 0.1 0.4 0.2 0.5 0.9 14 0.7 0.4 0.8 0.6 0.8 14 0.6 0.4 0.6 0.4
006581,0.7 6 0.2 0.4 0.2 0.5 0.5 6 0.2 0.4 0.2 0.5 0.5 6 0.3 0.3 0.4 0.5 0.4 6 0.2 0.4 0.2 0.5 0.8 6 0.1 0.4 0.2 0.5 0.4 6 0.2 0.4 0.3 0.5
006582,0.6 14 0.4 0.2 0.6 0.7
006586,0.6 14 0.4 0.1 0.6 0.4 0.4 14 0.2 0.4 0.8 0.8 0.4 14 0.2 0.4 0.6 0.8 0.3 14 0.4 0.1 0.6 0.6 0.4 14 0.2 0.2 0.6 0.8 0.9 14 0.4 0.2 0.6 0.7 0.4 14 0.2 0.4 0.8 0.7
006589,0.4 14 0.4 0.3 0.6 0.4
006590,0.6 6 0.0 0.1 1.0 0.7 0.4 6 0.3 0.2 0.7 0.4
006591,0.9 14 0.4 0.3 0.5 0.4 0.9 14 0.4 0.3 0.4 0.4 0.5 14 0.4 0.3 0.4 0.4
006592,0.6 6 0.7 0.3 0.8 0.3 0.3 6 0.7 0.3 0.9 0.4 0.9 14 0.4 0.3 0.4 0.4
006594,0.5 14 0.2 0.3 0.5 0.8 0.3 1 0.0 0.3 0.5 0.8 0.3 14 0.6 0.4 0.7 0.6 0.4 1 0.2 0.3 0.5 0.6 0.4 14 0.6 0.4 0.7 0.6
006596,0.0 0 0.0 0.0 1.0 1.0
006598,0.5 14 0.1 0.2 0.4 0.6 0.5 14 0.2 0.0 0.6 0.7 0.4 14 0.0 0.0 0.6 1.0
006600,0.0 0 0.0 0.0 1.0 1.0
006601,0.0 0 0.0 0.0 1.0 1.0
006604,0.3 6 0.7 0.4 0.7 0.4 0.3 6 0.5 0.3 0.6 0.4 0.3 6 0.5 0.3 0.6 0.4
006607,0.0 0 0.0 0.0 1.0 1.0
006608,0.7 14 0.5 0.0 0.6 0.3 0.4 1 0.0 0.1 0.8 0.5 0.9 14 0.7 -0.0 0.9 0.7
006613,0.0 0 0.0 0.0 1.0 1.0
006614,0.9 14 0.4 0.5 0.7 1.0
006615,0.5 14 0.0 0.1 0.4 0.6 0.4 14 0.1 0.1 0.6 0.6 0.6 14 0.5 0.5 0.6 0.6 0.4 14 0.1 0.0 0.4 0.5 0.7 14 0.0 0.0 0.6 1.0 0.3 14 0.1 0.1 0.3 0.4 0.3 14 0.0 0.0 0.4 1.0 0.3 14 0.0 0.0 0.7 1.0 0.4 14 0.1 0.2 0.2 0.4
006616,0.4 14 0.1 0.7 0.5 1.0 0.6 14 0.1 0.2 0.7 0.9 0.3 14 0.4 0.2 0.7 0.9 0.5 14 0.1 0.2 0.7 1.0 0.7 14 0.4 0.1 0.7 0.9
006620,0.3 1 0.3 0.4 0.5 0.6
006623,0.6 14 0.1 0.2 0.4 0.5 0.9 14 0.1 0.2 0.4 0.8
006624,0.5 14 0.2 0.4 0.5 0.7 0.7 14 0.4 0.4 0.5 0.6 0.4 14 0.1 0.4 0.4 0.7 0.5 14 0.5 0.3 0.7 0.6 0.4 14 0.2 0.5 0.4 0.7 0.5 14 0.2 0.3 0.3 0.6 0.7 14 0.2 0.4 0.4 0.7 0.9 14 0.7 0.2 0.7 0.4 0.7 14 0.8 0.3 0.8 0.4 0.9 14 0.5 0.3 0.7 0.4 0.8 14 0.0 0.5 0.4 1.0 0.6 14 0.7 0.2 0.8 0.6 0.3 14 0.2 0.4 0.4 0.7 0.5 14 0.7 0.2 0.8 0.5 0.9 14 0.2 0.3 0.3 0.4 0.3 14 0.1 0.5 0.4 0.7 0.7 14 0.1 0.3 0.4 0.7 0.6 14 0.3 0.4 0.5 0.6 0.4 14 0.2 0.3 0.3 0.5 0.9 14 0.5 0.3 0.7 0.7 0.8 14 0.4 0.4 0.5 0.7 0.4 14 0.4 0.3 0.7 0.7 0.5 14 0.5 0.4 0.7 0.6 0.7 14 0.7 0.2 0.7 0.4
006629,0.8 6 0.9 0.2 1.0 0.4 0.4 6 0.9 0.2 1.0 0.4 0.4 6 0.9 0.2 1.0 0.3 1.0 14 0.2 0.3 0.4 0.7 1.0 14 0.0 0.3 0.1 0.4
006630,0.3 8 0.7 0.4 0.9 0.7
006633,0.9 14 0.4 0.1 0.8 0.7
006634,0.8 6 0.3 0.4 0.8 0.6
006639,0.0 0 0.0 0.0 1.0 1.0
006640,0.0 0 0.0 0.0 1.0 1.0
006641,0.0 0 0.0 0.0 1.0 1.0
006642,0.5 14 0.2 0.1 0.3 0.4
006644,1.0 14 0.2 0.2 0.4 0.7 0.7 14 0.5 0.1 0.7 0.7 0.8 14 0.4 0.1 0.5 0.7 0.9 14 0.4 0.1 0.7 0.7
006646,0.9 14 0.3 0.5 0.4 0.8 0.8 14 0.1 0.5 0.2 0.6 0.3 14 0.2 0.5 0.4 0.9 0.7 15 0.2 0.6 0.3 0.7 0.4 15 0.2 0.5 0.3 0.7 0.9 14 0.1 0.5 0.2 0.9 0.6 14 0.1 0.5 0.2 0.7 0.3 14 0.3 0.5 0.4 0.7
006649,0.0 0 0.0 0.0 1.0 1.0
006650,0.0 0 0.0 0.0 1.0 1.0
006651,0.8 6 0.1 0.3 0.2 0.3 0.3 6 0.1 0.3 0.1 0.3 0.4 6 0.1 0.3 0.2 0.3 0.3 6 0.1 0.3 0.1 0.3
006653,0.3 6 0.1 0.2 0.9 0.6 0.8 6 0.1 0.2 0.9 0.6 0.9 14 0.0 0.4 0.0 0.5
006655,0.6 14 0.0 0.3 0.6 1.0
006656,0.8 14 0.5 0.2 0.9 1.0 0.4 14 0.0 0.0 0.5 0.7 0.6 14 0.2 -0.0 0.5 0.7 0.4 14 0.0 0.0 0.1 0.3 0.4 14 0.5 0.3 0.6 0.7 0.3 14 0.1 0.0 0.5 0.5 0.4 14 0.0 0.0 0.5 1.0 0.8 14 0.5 0.2 0.8 0.7 0.4 14 0.5 0.2 1.0 1.0
006659,0.3 14 0.4 0.3 0.5 0.5 0.9 14 0.4 0.4 0.7 0.7 0.3 14 0.7 0.3 0.8 0.7 0.9 14 0.4 0.3 0.5 0.7 0.4 6 0.3 0.5 0.4 0.5 1.0 14 0.7 0.3 0.8 0.7
006662,0.8 4 0.5 0.3 0.6 0.6 0.3 14 0.1 0.2 0.3 0.6 0.4 8 0.7 0.4 0.8 0.5 0.4 8 0.1 0.5 0.2 0.7 1.0 14 0.5 0.2 0.6 0.5 1.0 14 0.1 0.2 0.3 0.7 0.5 4 0.5 0.3 0.6 0.6
006663,0.4 14 0.0 0.3 0.3 0.7 0.9 14 0.5 0.0 0.6 0.2 0.8 14 0.0 0.1 0.3 0.5 0.6 14 0.8 0.1 1.0 0.6 0.7 14 0.0 0.0 0.3 0.5 0.8 14 0.0 0.1 0.2 0.5 0.7 14 0.2 0.0 0.3 0.3 0.8 14 0.7 0.0 0.9 0.3 0.9 14 0.0 0.3 0.3 0.7 0.9 14 0.2 0.0 0.3 0.3 0.9 14 0.7 0.1 1.0 0.6 0.4 14 0.0 0.1 0.2 0.7 0.4 14 0.6 0.0 1.0 0.6 0.9 14 0.7 0.0 0.8 0.2
006665,0.0 0 0.0 0.0 1.0 1.0
006669,1.0 14 0.0 0.3 0.1 0.4 0.6 6 0.0 0.1 0.9 0.6
006672,0.7 14 0.3 0.1 0.6 0.4 0.9 14 0.3 0.1 0.6 0.5 0.4 14 0.0 0.1 0.6 1.0
006675,0.0 0 0.0 0.0 1.0 1.0
006676,0.3 8 0.1 0.4 0.3 0.7 0.4 8 0.5 0.4 0.9 0.9 0.5 8 0.5 0.4 0.9 0.9 0.4 8 0.6 0.4 0.9 0.9 0.3 8 0.5 0.5 0.7 0.9 0.4 8 0.1 0.4 0.3 0.7 0.5 19 0.4 0.4 0.5 0.6 0.6 8 0.1 0.4 0.3 1.0 0.4 8 0.1 0.4 0.3 0.7 0.3 19 0.4 0.4 0.5 0.6
006680,0.0 0 0.0 0.0 1.0 1.0
006683,0.0 0 0.0 0.0 1.0 1.0
006685,0.9 6 0.1 0.4 0.8 0.9
006686,0.5 14 0.3 0.4 0.6 1.0 0.3 14 0.4 0.4 0.6 0.7 0.5 14 0.8 0.8 0.9 1.0 0.9 14 0.8 0.8 0.9 0.9 0.4 14 0.8 0.7 0.9 0.9 0.8 14 0.8 0.7 0.9 1.0 0.4 14 0.6 0.4 0.8 0.6 0.3 14 0.4 0.4 0.8 0.8 0.3 14 0.3 0.4 0.4 0.8 0.8 14 0.5 0.4 0.6 0.6 0.9 14 0.0 0.4 0.4 0.9 0.8 14 0.0 0.5 0.2 0.9 0.5 14 0.0 0.4 0.8 1.0 0.6 14 0.3 0.4 0.4 0.7 0.5 14 0.4 0.4 0.6 0.8 0.7 14 0.4 0.4 0.8 1.0
006688,0.3 14 0.0 0.1 0.1 1.0 0.8 14 0.0 0.1 0.3 1.0 0.5 14 0.1 0.2 0.8 1.0
006691,0.0 0 0.0 0.0 1.0 1.0
006692,0.3 14 0.2 0.2 0.6 1.0 0.6 14 0.1 0.2 0.6 1.0 0.4 14 0.1 0.0 0.6 1.0 0.9 14 0.0 0.0 0.6 1.0 0.3 14 0.0 0.2 0.2 1.0
006693,0.7 14 0.5 0.1 0.5 0.2 0.7 14 0.4 0.1 0.4 0.2 0.4 6 0.6 0.1 1.0 0.3 0.8 14 0.7 0.1 0.8 0.2 0.8 14 1.0 0.1 1.0 0.1 0.5 14 0.4 0.1 0.5 0.2 0.9 14 0.2 0.1 0.2 0.2 0.6 14 0.7 0.1 0.8 0.2 0.6 14 0.9 0.1 0.9 0.1 0.5 6 0.1 0.2 0.6 0.4 0.6 14 0.9 0.1 0.9 0.1 0.9 14 0.0 0.2 0.1 0.3 0.6 14 0.2 0.1 0.3 0.2 0.4 14 0.5 0.1 0.6 0.3 0.9 14 0.5 0.1 0.5 0.2 0.9 6 0.1 0.2 0.6 0.4 0.5 14 0.7 0.1 0.8 0.2 0.9 14 0.1 0.2 0.1 0.3 0.6 14 0.3 0.1 0.4 0.2 0.8 6 0.6 0.2 0.8 0.2 0.9 14 0.5 0.1 0.6 0.3 0.8 14 0.9 0.1 0.9 0.1 0.6 14 0.6 0.1 0.6 0.3 0.9 6 0.6 0.1 1.0 0.3 0.5 14 0.7 0.1 0.7 0.2
006700,0.0 0 0.0 0.0 1.0 1.0
006701,0.3 6 0.0 0.3 0.8 1.0
006705,0.6 14 0.4 0.3 0.5 0.4 0.9 14 0.4 0.3 0.6 0.5 0.5 6 0.6 0.3 0.6 0.3
006710,0.4 14 0.4 0.1 0.6 0.6 0.9 14 0.2 0.1 0.5 0.7 0.5 14 0.8 0.2 0.9 0.5 0.8 14 0.8 0.2 0.9 0.4 0.3 14 0.2 0.1 0.5 0.5 0.7 14 0.4 0.1 0.6 0.7 0.3 14 0.2 0.1 0.6 0.7 0.9 14 0.5 0.1 0.8 0.7 0.4 14 0.7 0.1 0.9 0.5
006711,0.0 0 0.0 0.0 1.0 1.0
006712,0.3 15 0.1 0.1 0.6 0.9 0.4 15 0.1 0.1 0.6 0.9
006713,0.8 14 0.4 0.3 0.5 0.5 0.9 14 0.3 0.4 0.6 1.0 0.8 6 0.6 0.5 0.7 0.6 0.5 14 0.3 0.3 0.5 0.6 0.4 14 0.3 0.3 0.6 1.0 0.4 14 0.3 0.3 0.5 0.7 1.0 14 0.0 0.5 0.3 1.0 0.5 4 0.7 0.6 0.7 0.7 0.4 14 0.3 0.5 0.6 1.0
006715,0.0 0 0.0 0.0 1.0 1.0
006716,0.5 14 0.1 0.3 0.3 0.6
006717,0.4 6 0.6 0.3 0.6 0.4 0.9 6 0.2 0.4 0.4 0.5 0.9 6 0.5 0.3 0.6 0.4
006720,0.3 1 0.1 0.4 0.3 0.7 0.5 1 0.1 0.4 0.3 0.7 0.3 1 0.0 0.2 0.4 0.7
006721,0.9 14 0.2 0.2 0.3 0.3 0.7 14 0.4 0.3 0.5 0.4 0.8 14 0.4 0.3 0.5 0.5
006723,0.0 0 0.0 0.0 1.0 1.0
006724,0.8 6 0.2 0.3 0.8 0.6 0.7 6 0.2 0.0 0.8 0.3
006728,0.0 0 0.0 0.0 1.0 1.0
006729,0.9 14 0.1 0.1 0.5 1.0
006732,0.9 14 0.0 0.7 0.2 1.0 0.4 14 0.0 0.7 0.1 1.0 0.7 14 0.5 0.1 0.9 1.0 0.5 14 0.6 0.0 0.8 0.4 0.4 14 0.8 0.1 0.9 1.0 0.3 14 0.0 0.0 0.3 0.9 0.3 14 0.8 0.1 0.9 0.3 0.7 14 0.0 0.0 0.6 1.0 0.8 14 0.0 0.0 0.5 1.0 0.4 14 0.5 0.8 0.9 1.0 0.3 14 0.6 0.0 0.9 1.0 0.6 14 0.8 0.1 0.9 0.5 0.5 14 0.5 0.0 0.9 1.0
006733,0.5 6 0.6 0.3 0.9 0.6 0.7 6 0.0 0.1 0.6 1.0 0.7 6 0.5 0.2 0.9 0.6 0.5 6 0.7 0.3 0.9 0.6
006737,0.3 1 0.5 0.5 0.7 1.0 0.7 14 0.4 0.1 0.7 0.8 0.9 14 0.4 0.1 0.8 0.8 0.4 1 0.5 0.5 0.7 0.9 0.7 1 0.5 0.5 0.7 0.9
006741,0.8 6 0.1 0.4 0.7 0.8
006742,0.3 4 0.3 0.3 0.3 0.4 0.7 14 0.4 0.1 0.8 0.7
006743,0.6 8 0.0 0.5 0.1 0.9
006744,0.7 14 0.2 0.3 0.7 1.0 0.3 14 0.2 0.0 0.7 1.0 0.5 14 0.2 0.0 0.9 1.0 0.7 14 0.3 0.3 0.6 1.0
006745,0.5 14 0.7 0.4 0.8 0.6
006746,0.5 14 0.5 0.2 0.6 0.4 0.4 14 0.4 0.1 0.5 0.4 0.6 14 0.4 0.2 0.5 0.4 0.6 14 0.2 0.1 0.5 0.6 0.8 14 0.5 0.2 0.6 0.4 0.7 14 0.4 0.2 0.5 0.4 0.4 14 0.3 0.1 0.5 0.3 0.9 14 0.2 0.1 0.5 0.6 0.3 14 0.3 0.1 0.5 0.4 0.4 14 0.4 0.1 0.5 0.3 0.8 14 0.6 0.2 0.6 0.3
006749,0.8 6 0.0 0.2 0.7 0.5
006750,0.7 15 0.3 0.1 0.4 0.2 0.5 15 0.3 0.1 0.4 0.2 0.3 4 0.1 0.3 0.2 0.6 0.4 15 0.3 0.1 0.4 0.2
006752,0.0 0 0.0 0.0 1.0 1.0
006754,0.9 6 0.0 0.1 0.8 0.5
006756,0.7 14 0.2 0.3 0.4 0.6
006757,0.5 6 0.0 0.1 0.1 0.3 0.4 6 0.5 0.1 0.8 0.4 0.4 6 0.0 0.1 0.1 0.3 0.5 14 0.2 0.1 0.2 0.2 0.3 6 0.5 0.1 0.7 0.3 0.9 14 0.4 0.1 0.5 0.2 0.4 14 0.1 0.1 0.1 0.2 0.4 14 0.0 0.1 0.0 0.1 0.9 6 0.0 0.1 0.1 0.3 0.5 14 0.2 0.1 0.2 0.2 0.8 6 0.1 0.1 0.6 0.5 0.5 6 0.5 0.1 0.8 0.4 0.9 14 0.1 0.1 0.1 0.2 0.3 14 0.0 0.1 0.1 0.1 0.3 6 0.5 0.0 0.8 0.4 0.4 14 0.1 0.1 0.1 0.2
006758,0.3 6 0.4 1.0 0.5 1.0
006763,0.0 0 0.0 0.0 1.0 1.0
006764,0.0 0 0.0 0.0 1.0 1.0
006767,0.9 14 0.4 0.3 0.6 0.8
006770,0.0 0 0.0 0.0 1.0 1.0
006771,1.0 14 0.7 0.3 1.0 1.0 1.0 14 0.2 0.2 0.4 0.7 0.6 14 0.7 0.2 0.8 0.7 1.0 14 0.4 0.2 0.6 0.6 0.3 14 0.0 0.2 0.4 1.0 1.0 14 0.0 0.2 0.3 1.0 1.0 14 0.7 0.2 0.8 0.6 0.6 14 0.4 0.2 0.6 0.7
006774,0.0 0 0.0 0.0 1.0 1.0
006775,0.4 1 0.1 0.5 0.4 1.0 0.4 1 0.2 0.5 0.4 1.0 0.7 1 0.1 0.5 0.4 1.0 1.0 14 0.2 0.0 0.5 0.9 0.4 1 0.2 0.5 0.4 1.0
006776,0.4 15 0.7 0.5 0.8 0.7 0.5 14 0.4 0.0 0.4 0.1 0.4 15 0.6 0.6 0.7 0.7 0.4 14 0.2 0.0 0.4 0.3 0.5 14 0.2 0.0 0.4 0.3 0.5 15 0.5 0.5 0.6 0.7 0.3 15 0.5 0.3 0.7 0.7 0.5 15 0.5 0.5 0.7 0.6 0.5 14 0.1 0.2 0.2 0.3 0.5 14 0.7 0.0 0.7 0.1
006778,0.0 0 0.0 0.0 1.0 1.0
006779,0.4 14 0.6 0.1 0.7 0.2 0.4 14 0.2 0.2 0.4 0.6 0.9 14 0.4 0.0 0.7 0.4 0.6 14 0.0 0.2 0.5 1.0 0.5 14 0.0 0.2 0.4 1.0 0.4 14 0.0 0.2 0.4 0.6
006780,0.3 4 0.4 0.1 0.5 0.3 0.9 14 0.1 0.0 0.6 0.9
006785,0.5 6 0.0 0.1 0.8 0.6 0.3 6 0.0 0.1 0.7 0.6 0.4 6 0.0 0.0 0.8 0.5
006787,0.6 14 0.0 0.4 0.0 0.6 0.8 14 0.0 0.6 0.3 1.0 0.9 14 0.3 0.0 0.5 0.4 0.6 14 0.0 0.6 0.2 0.9 0.4 14 0.0 0.2 0.3 0.6 0.3 14 0.2 0.3 0.5 0.9 0.9 14 0.0 0.2 0.3 0.6 0.4 14 0.3 0.0 0.5 0.5 0.4 14 0.1 0.3 0.4 0.9 0.4 14 0.3 0.0 0.5 0.5 0.4 14 0.0 0.4 0.1 0.6 0.5 14 0.0 0.4 0.2 0.6 0.6 14 0.3 0.3 0.5 0.5 0.8 14 0.1 0.2 0.3 0.5 0.3 14 0.0 0.3 0.6 1.0 0.6 14 0.0 0.2 0.3 0.6 0.5 14 0.0 0.6 0.2 1.0 0.7 14 0.3 0.3 0.5 0.5 0.9 14 0.3 0.3 0.6 0.6
006788,0.9 14 0.1 0.2 0.3 0.7
006790,0.8 6 0.5 0.4 0.9 0.6
006791,0.0 0 0.0 0.0 1.0 1.0
006792,0.9 14 0.2 0.3 0.5 0.9 0.6 14 0.0 0.1 0.1 0.3 0.8 14 0.0 0.1 0.2 1.0
006793,0.7 14 0.4 0.0 0.5 0.5 0.4 14 0.3 0.0 0.6 0.6 0.9 14 0.3 0.1 0.6 0.6 0.3 6 0.7 0.5 0.8 0.6
006795,0.3 8 0.6 0.4 0.9 0.7
006796,0.3 6 0.7 0.1 0.8 0.2 0.4 6 0.8 0.1 1.0 0.2 0.5 6 0.8 0.1 0.8 0.1 0.8 6 0.8 0.1 1.0 0.2 0.5 6 0.4 0.1 0.8 0.2 0.4 13 0.1 0.3 0.7 0.7 0.3 6 0.8 0.1 0.9 0.2 0.3 6 0.8 0.1 1.0 0.2 0.3 6 0.5 0.1 0.7 0.2 0.4 6 0.9 0.1 1.0 0.1 0.4 6 0.8 0.1 1.0 0.2 0.9 6 0.8 0.1 1.0 0.2 0.7 6 0.7 0.1 0.8 0.2
006798,0.6 4 0.5 0.8 0.6 0.9 0.5 4 0.5 0.8 0.6 0.9 0.3 14 0.2 0.1 0.4 0.9 0.6 14 0.0 0.1 0.4 0.9
006801,0.8 14 0.0 0.5 0.2 0.7 0.4 14 0.7 0.4 0.9 0.7 0.4 14 0.1 0.2 0.3 0.8 0.3 14 0.7 0.4 0.9 0.7 0.8 14 0.4 0.5 0.5 0.7 0.4 14 0.1 0.2 0.4 1.0 0.7 14 0.0 0.5 0.2 1.0 0.9 14 0.6 0.4 0.9 0.7 0.5 14 0.2 0.5 0.5 0.7 0.7 14 0.6 0.4 0.9 1.0
006804,0.5 14 0.4 0.3 0.5 0.5 0.5 14 0.3 0.3 0.4 0.6 0.9 14 0.3 0.5 0.5 0.9 0.4 14 0.3 0.3 0.4 0.7 0.9 14 0.4 0.3 0.5 0.6 0.9 14 0.3 0.4 0.4 0.6
006807,0.0 0 0.0 0.0 1.0 1.0
006809,0.5 14 0.2 0.2 0.4 0.7 0.5 14 0.2 0.1 0.7 0.7 0.6 14 0.2 0.2 0.5 0.7 0.4 14 0.2 0.2 0.4 0.7 0.4 14 0.2 0.2 0.5 0.8 0.3 14 0.6 0.1 0.7 0.2
006811,0.8 14 0.3 0.0 0.5 0.5 0.6 14 0.3 0.2 0.5 0.7 0.9 14 0.3 0.2 0.5 0.7 0.7 6 0.7 0.5 0.7 0.6 0.5 6 0.6 0.5 0.7 0.6
006812,0.3 14 0.2 0.4 0.5 0.7 0.4 14 0.2 0.4 0.5 0.8 0.4 14 0.0 0.4 0.5 0.8 0.6 14 0.3 0.4 0.5 0.8
006815,0.0 0 0.0 0.0 1.0 1.0
006816,0.3 8 0.0 0.5 0.5 1.0
006817,0.0 0 0.0 0.0 1.0 1.0
006818,0.0 0 0.0 0.0 1.0 1.0
006820,0.7 14 0.0 0.0 0.6 1.0 0.7 14 0.2 0.0 0.6 1.0
006823,0.4 13 0.1 0.4 0.7 1.0 1.0 14 0.3 0.1 0.6 0.9
006826,0.4 8 0.2 0.4 0.3 0.5 0.5 8 0.5 0.5 0.8 1.0 0.5 8 0.2 0.4 0.3 0.8 0.4 8 0.3 0.5 0.5 0.7 0.4 8 0.5 0.5 0.6 0.7 0.3 8 0.1 0.4 0.3 0.8 0.5 8 0.2 0.4 0.3 0.9 0.5 8 0.5 0.5 0.8 1.0 0.3 8 0.1 0.4 0.2 0.5
006830,0.5 14 0.2 0.3 0.7 1.0 0.3 14 0.4 0.4 0.8 1.0 0.7 14 0.2 0.3 0.4 1.0 0.9 14 0.0 0.2 0.2 0.6 0.8 14 0.1 0.2 0.5 1.0 0.4 14 0.4 0.2 0.5 0.8 0.8 14 0.0 0.3 0.4 1.0 0.5 14 0.0 0.3 0.7 1.0 0.3 14 0.4 0.3 0.6 0.9 0.7 14 0.4 0.3 0.7 1.0 0.7 14 0.4 0.4 0.8 1.0
006831,0.4 1 0.0 0.2 0.8 0.9
006832,0.0 0 0.0 0.0 1.0 1.0
006834,0.8 14 0.0 0.1 0.5 1.0
006837,0.0 0 0.0 0.0 1.0 1.0
006843,0.5 15 0.4 0.2 0.5 0.3 1.0 14 0.4 0.3 0.5 0.5 0.4 15 0.5 0.4 0.5 0.5 0.6 15 0.3 0.4 0.4 0.5 0.5 15 0.7 0.3 0.8 0.4 0.5 15 0.2 0.3 0.3 0.4 0.3 15 0.2 0.3 0.3 0.4 0.7 15 0.5 0.4 0.6 0.5
006846,0.0 0 0.0 0.0 1.0 1.0
006851,0.0 0 0.0 0.0 1.0 1.0
006853,0.8 6 0.0 0.1 0.9 0.7
006854,0.5 14 0.5 0.0 0.5 0.1 0.8 14 0.0 0.0 0.1 0.2 0.6 6 0.6 0.1 0.7 0.2 0.3 6 0.0 0.0 0.7 1.0 0.8 14 0.0 0.0 0.1 0.2 0.9 6 0.6 0.1 0.7 0.2
006856,0.4 14 0.0 0.3 0.5 0.9 0.3 14 0.1 0.2 0.5 0.9 0.8 14 0.1 0.2 0.4 0.9 0.8 14 0.0 0.2 0.5 0.9
006857,0.7 14 0.3 0.2 0.5 0.7 1.0 14 0.9 0.3 1.0 0.7 0.7 14 0.2 0.2 0.5 0.7 0.7 14 0.3 0.4 0.5 0.7 0.3 14 0.2 0.4 0.5 0.7 0.3 14 0.2 0.3 0.3 0.6 0.5 14 0.2 0.3 0.3 0.8 0.7 14 0.1 0.3 0.1 0.4 0.5 14 0.3 0.2 0.5 0.7
006861,0.3 8 0.5 0.5 0.7 0.7 0.3 8 0.0 0.5 0.2 0.7 0.7 15 0.5 0.4 0.6 0.5 0.4 15 0.3 0.3 0.5 0.6 0.7 15 0.3 0.3 0.5 0.6 0.6 8 0.5 0.5 0.7 0.7 0.5 14 0.7 0.0 1.0 0.6 0.7 15 0.5 0.4 0.6 0.5 0.9 14 0.7 0.0 1.0 0.7 0.4 15 0.6 0.3 0.7 0.4
006863,0.7 14 0.4 0.2 0.5 0.3 0.4 14 0.8 0.3 0.9 0.5 0.5 14 0.8 0.3 1.0 0.5 0.8 14 0.8 0.2 0.9 0.4 0.8 14 0.4 0.2 0.6 0.5 0.6 14 0.4 0.2 0.5 0.3 0.9 14 0.8 0.2 0.9 0.5
006870,0.4 14 0.0 0.0 0.3 0.4 0.4 14 0.0 0.0 0.7 0.6
006871,0.4 14 0.0 0.0 0.5 0.7 0.3 14 0.1 0.0 0.5 0.7 0.4 14 0.0 0.0 0.4 0.7 0.4 14 0.3 0.6 0.4 0.7 0.4 14 0.3 0.0 0.7 0.7 0.5 14 0.2 0.0 0.5 0.7 0.4 14 0.0 0.0 0.6 1.0
006872,0.6 14 0.4 0.5 0.5 0.6 0.8 14 0.4 0.5 0.4 0.6 0.8 14 0.2 0.1 0.6 0.6 0.3 14 0.8 0.2 0.9 0.3 0.4 14 0.2 0.1 0.6 0.5
006873,0.9 14 0.3 0.1 0.5 0.3 0.7 14 0.7 0.2 0.7 0.2 0.4 14 0.3 0.1 0.5 0.2 0.4 14 0.3 0.1 0.6 0.4 0.5 6 0.5 0.6 0.6 0.6 0.5 14 0.3 0.1 0.6 0.4
006875,0.3 14 0.3 0.1 0.4 0.5
006877,0.5 14 0.0 0.0 0.4 1.0 0.4 14 0.0 0.0 0.6 1.0
006879,0.9 14 0.0 0.1 0.2 0.4 0.5 14 0.0 0.3 0.0 0.4 0.8 14 0.0 0.1 0.2 0.6 0.6 14 0.0 0.3 0.1 0.4 0.9 14 0.1 0.2 0.4 0.9 0.3 14 0.0 0.1 0.2 0.7 0.7 14 0.1 0.2 0.6 0.9 0.9 14 0.3 0.2 0.6 0.9
006881,0.0 0 0.0 0.0 1.0 1.0
006882,0.6 6 0.1 0.3 0.8 0.8 0.3 6 0.1 0.3 0.9 1.0 0.3 14 0.7 0.3 0.8 0.3 0.9 14 0.0 0.3 0.3 0.9 0.4 6 0.0 0.2 0.9 1.0 0.8 14 0.7 0.3 0.7 0.4 0.3 14 0.4 0.5 0.7 1.0
006885,0.3 1 0.5 0.5 0.6 0.6 0.3 1 0.5 0.4 0.6 0.6 0.5 1 0.2 0.4 0.3 0.6 0.8 14 0.0 0.5 0.0 0.5 0.4 1 0.5 0.5 0.6 0.6 0.5 1 0.3 0.5 0.3 0.6 0.6 14 0.2 0.4 0.3 0.5 0.3 1 0.3 0.5 0.3 0.6 0.6 14 0.2 0.4 0.3 0.5 0.3 14 0.3 0.5 0.3 0.5 0.4 1 0.5 0.4 0.6 0.6 0.9 14 0.5 0.4 0.6 0.5 0.7 1 0.5 0.5 0.6 0.6
006888,0.0 0 0.0 0.0 1.0 1.0
006889,0.0 0 0.0 0.0 1.0 1.0
006890,0.6 6 0.0 0.1 0.7 0.7
006891,0.4 14 0.4 0.0 0.7 0.4 0.7 14 0.3 0.1 0.7 1.0 0.4 14 0.0 0.4 0.1 1.0 0.7 14 0.0 0.4 0.0 0.5 0.8 14 0.0 0.4 0.1 0.8 0.4 14 0.1 0.3 0.2 1.0 0.4 14 0.5 0.1 0.7 0.5 0.9 14 0.1 0.3 0.4 1.0 0.4 14 0.3 0.5 0.7 1.0
006894,0.4 14 0.1 0.2 0.2 0.5 0.7 14 0.0 0.2 0.2 0.7 0.6 14 0.7 0.1 0.9 1.0 0.9 14 0.7 0.2 0.9 0.9 0.4 14 0.7 0.2 0.8 0.9 0.3 14 0.4 0.1 0.9 0.9 0.5 14 0.0 0.0 0.4 0.5 0.4 14 0.1 0.0 0.4 0.4 0.4 14 0.0 0.0 0.1 0.3 0.3 14 0.0 0.0 0.2 0.7 0.5 14 0.7 0.1 0.9 0.9 0.7 14 0.0 0.0 0.2 0.6 0.5 14 0.1 0.2 0.2 0.4
006895,0.0 0 0.0 0.0 1.0 1.0
006897,0.5 6 0.4 0.5 0.5 0.6 0.4 6 0.6 0.6 0.7 0.7 0.4 6 0.4 0.6 0.5 0.7 0.8 6 0.6 0.6 0.7 0.7 0.3 6 0.3 0.6 0.5 0.7 0.7 14 0.1 0.2 0.5 0.5 0.8 14 0.2 0.2 0.4 0.4 0.3 14 0.1 0.2 0.5 0.6
006898,0.9 14 0.4 0.5 0.5 0.9 0.3 14 0.4 0.5 0.5 0.7 0.9 14 0.0 0.7 0.1 0.9 0.5 14 0.0 0.7 0.1 1.0
006901,1.0 14 0.2 0.1 0.3 0.4 0.5 14 0.3 0.2 0.5 0.4 0.9 14 0.3 0.1 0.5 0.4
006902,0.6 15 0.6 0.1 0.8 0.3 0.4 15 0.6 0.0 0.8 0.3
006904,0.0 0 0.0 0.0 1.0 1.0
006905,0.3 14 0.2 0.0 0.4 0.5 0.5 14 0.2 0.0 0.6 1.0 0.6 14 0.2 0.4 0.4 0.7 0.4 14 0.2 0.0 0.4 0.7 0.4 14 0.2 0.4 0.4 0.6 0.6 14 0.2 0.4 0.5 1.0 0.5 14 0.2 0.1 0.4 0.5 0.3 14 0.2 0.0 0.6 0.7 0.4 14 0.2 0.0 0.4 0.5 0.4 14 0.2 0.0 0.7 1.0 0.6 14 0.2 0.2 0.4 0.5
006906,0.9 14 0.5 0.1 0.6 0.2 0.4 14 0.3 0.2 0.6 0.8 1.0 14 0.6 0.3 0.7 0.4 1.0 14 0.6 0.5 0.8 0.7 0.9 14 0.2 0.3 0.5 0.8 1.0 14 0.1 0.1 0.2 0.5 0.5 14 0.2 0.2 0.6 0.8 0.5 14 0.7 0.2 0.8 0.4 0.5 14 0.0 0.3 0.5 1.0 1.0 14 0.0 0.1 0.1 0.5 0.9 14 0.3 0.1 0.4 0.2 0.4 14 0.3 0.2 0.6 0.8 0.8 14 0.3 0.2 0.6 0.8 1.0 14 0.7 0.2 0.8 0.4
006907,0.8 6 0.1 0.6 0.6 0.8
006913,0.4 6 0.1 0.3 0.9 0.5
006915,0.4 14 0.5 0.5 0.7 0.7 0.3 14 0.3 0.0 0.3 0.1
006920,0.7 14 0.1 0.3 0.2 0.6
006921,0.7 14 0.4 0.2 0.5 0.4 0.3 14 0.3 0.3 0.4 0.6 0.9 14 0.1 0.4 0.2 0.6 0.6 14 0.4 0.2 0.6 0.6 0.5 14 0.4 0.3 0.5 0.5 0.7 14 0.1 0.3 0.3 0.6 0.6 14 0.3 0.3 0.4 0.3 0.5 14 0.3 0.3 0.4 0.6 1.0 14 0.5 0.2 0.7 0.6
006923,0.3 8 0.4 0.3 0.6 0.6
006925,0.4 14 0.4 0.3 0.4 0.4 0.3 6 0.6 0.3 0.9 0.7 0.4 6 0.6 0.3 0.9 0.7 0.4 6 0.7 0.3 0.7 0.4 0.8 6 0.3 0.3 0.4 0.4 0.7 6 0.4 0.3 0.4 0.4 0.5 6 0.0 0.3 0.1 0.4 0.6 6 0.0 0.4 0.2 0.4 0.3 6 0.0 0.4 0.1 0.4 0.4 6 0.0 0.3 0.2 0.4 0.9 6 0.0 0.3 0.2 0.4 0.3 6 0.5 0.3 0.6 0.5 0.5 6 0.5 0.3 0.7 0.5 0.3 6 0.5 0.3 0.9 0.7
006926,0.4 14 0.2 0.1 0.6 0.7 0.3 14 0.0 0.1 0.4 0.7 0.5 15 0.3 0.2 0.4 0.3 0.5 14 0.1 0.1 0.3 0.5 0.9 14 0.0 0.1 0.4 0.7 0.7 14 0.4 0.1 0.6 0.5 0.3 14 0.1 0.1 0.4 0.5 0.3 14 0.0 0.1 0.4 1.0 0.4 14 0.0 0.1 0.6 1.0 0.4 14 0.1 0.1 0.3 0.5 0.9 14 0.4 0.1 0.6 0.7
006927,0.5 14 0.2 0.2 0.7 1.0 0.6 14 0.5 0.2 0.8 0.7 0.7 14 0.1 0.2 0.3 0.4 0.6 14 0.5 0.2 0.7 0.7 0.4 14 0.0 0.0 0.7 1.0 0.3 14 0.0 0.0 0.3 1.0 0.3 14 0.2 0.2 0.8 1.0 0.4 14 0.2 0.2 0.7 0.7
006928,0.3 14 0.3 0.0 0.7 0.7 0.7 14 0.0 0.0 0.7 1.0
006929,0.0 0 0.0 0.0 1.0 1.0
006936,0.3 14 0.5 0.1 0.6 0.6 0.6 14 0.5 0.1 0.6 0.6 0.9 14 0.5 0.1 0.6 0.4 0.6 14 0.5 0.1 0.7 0.7 0.3 14 0.5 0.1 0.6 0.6
006937,0.7 15 0.2 0.3 0.4 0.5 0.5 15 0.2 0.3 0.3 0.5
006938,0.3 14 0.2 0.4 0.6 0.7 0.7 14 0.7 0.3 0.9 0.6 0.3 14 0.8 0.3 0.9 0.7 0.5 14 0.2 0.4 0.5 0.7 0.9 14 0.2 0.2 0.5 0.8 0.5 14 0.2 0.2 0.5 0.7 0.3 14 0.2 0.2 0.6 0.8 1.0 14 0.0 0.3 0.2 0.8 0.8 14 0.7 0.3 0.9 0.7 0.9 14 0.7 0.2 0.9 0.7
006941,1.0 14 0.3 0.3 0.5 0.5 0.7 14 0.2 0.2 0.3 0.3 0.8 14 0.6 0.3 0.8 0.6 0.5 14 0.2 0.4 0.4 0.6 0.6 14 0.7 0.3 0.9 0.7 0.9 14 0.1 0.3 0.3 0.7 0.6 14 0.8 0.3 0.9 0.4 0.8 14 0.8 0.1 0.9 0.3 0.9 14 0.6 0.3 0.7 0.4 0.8 14 0.0 0.3 0.2 0.7 0.4 14 0.6 0.3 0.9 0.6 0.5 14 0.0 0.5 0.3 0.7 0.3 14 0.3 0.3 0.5 0.6 0.6 14 0.2 0.2 0.3 0.6 0.7 14 0.1 0.3 0.4 0.7 0.5 14 0.8 0.2 0.9 0.4 0.4 14 0.1 0.2 0.3 0.6 0.9 14 0.0 0.3 0.3 0.7 0.6 14 0.2 0.3 0.3 0.6 0.4 14 0.8 0.2 0.9 0.4 0.4 14 0.7 0.4 0.8 0.6 0.7 14 0.6 0.4 0.9 0.6 0.4 14 0.3 0.3 0.4 0.5 0.6 14 0.6 0.3 0.8 0.6 0.9 14 0.8 0.3 0.9 0.5 0.5 14 0.6 0.3 0.7 0.5 0.9 14 0.6 0.3 0.9 0.7
006942,0.0 0 0.0 0.0 1.0 1.0
006946,0.0 0 0.0 0.0 1.0 1.0
006951,0.8 14 0.4 0.1 0.6 0.5
006954,0.7 14 0.4 0.0 0.5 0.3 0.9 14 0.3 0.3 0.6 0.7 0.3 14 0.1 0.3 0.3 0.7 0.4 14 0.1 0.3 0.6 0.7 0.4 14 0.4 0.0 0.5 0.2 0.7 14 0.1 0.1 0.4 0.6 0.4 14 0.4 0.1 0.6 0.5 0.5 14 0.1 0.0 0.6 0.7 0.3 14 0.1 0.1 0.4 0.5 0.4 14 0.3 0.1 0.6 0.7 0.3 14 0.1 0.0 0.5 0.5 0.4 14 0.1 0.2 0.3 0.7 0.5 14 0.1 0.2 0.3 0.6 0.4 14 0.3 0.1 0.7 0.7 0.3 14 0.5 0.2 0.6 0.5
006955,0.8 6 0.6 0.2 0.7 0.3 0.7 6 0.1 0.3 0.9 0.7 0.9 6 0.7 0.3 0.9 0.3 0.9 6 0.8 0.3 0.9 0.3 0.5 6 0.0 0.2 0.9 0.7
006957,0.3 14 0.2 0.4 0.6 0.7 0.7 14 0.6 0.2 0.8 0.6 0.9 14 0.2 0.4 0.5 0.7 0.7 14 0.4 0.3 0.5 0.4 0.3 14 0.4 0.3 0.5 0.6 0.4 14 0.2 0.4 0.6 0.7 0.4 14 0.4 0.3 0.5 0.4 0.8 14 0.5 0.4 0.6 0.6 0.4 14 0.3 0.3 0.5 0.6 0.9 14 0.6 0.2 0.9 0.7 0.3 14 0.4 0.3 0.5 0.5 0.4 14 0.5 0.2 0.9 0.7 0.9 14 0.5 0.3 0.6 0.7 0.3 14 0.6 0.2 0.8 0.5
006960,0.0 0 0.0 0.0 1.0 1.0
006961,0.7 14 0.2 0.4 0.4 0.7 0.4 14 0.0 0.0 0.2 1.0 0.7 14 0.1 0.0 0.7 1.0
006964,0.6 14 0.4 0.1 0.6 0.5 0.3 14 0.2 0.4 0.4 0.7 0.7 14 0.6 0.2 0.8 0.6 0.9 14 0.5 0.4 0.7 0.7 0.9 14 0.2 0.4 0.4 0.7 0.6 14 0.3 0.2 0.5 0.5 0.6 14 0.3 0.4 0.4 0.7 0.5 14 0.6 0.2 0.8 0.5 0.8 14 0.4 0.1 0.6 0.5 0.4 14 0.2 0.1 0.4 0.6 0.9 14 0.4 0.1 0.6 0.7 0.9 14 0.2 0.1 0.4 0.4 1.0 14 0.1 0.1 0.3 0.7 0.4 14 0.2 0.1 0.4 0.6 0.9 14 0.6 0.2 0.9 0.7 0.6 14 0.3 0.4 0.4 0.7 0.4 14 0.5 0.2 0.9 0.7 0.4 14 0.5 0.4 0.6 0.7 0.3 14 0.5 0.2 0.9 0.7
006967,0.0 0 0.0 0.0 1.0 1.0
006969,0.0 0 0.0 0.0 1.0 1.0
006970,0.5 6 0.1 0.5 0.6 0.7 0.6 6 0.1 0.5 0.6 0.7
006973,0.4 14 0.2 0.0 0.6 0.6 0.6 14 0.1 0.0 0.5 0.7 0.6 14 0.1 0.0 0.2 0.2 0.8 14 0.6 0.0 0.7 0.5 0.6 14 0.2 0.0 0.6 0.7 0.4 14 0.6 0.0 0.9 0.5 0.3 14 0.1 0.0 0.5 0.7 0.3 14 0.0 0.0 0.6 1.0 0.3 14 0.2 0.0 0.8 1.0 0.8 14 0.6 0.0 0.9 0.5 0.4 14 0.0 0.0 0.2 0.7 0.4 14 0.2 0.4 0.5 0.7 0.3 14 0.6 0.0 0.7 0.3 0.6 14 0.6 0.0 0.7 0.5
006974,0.8 6 0.8 0.4 1.0 0.5 0.4 6 0.8 0.4 1.0 0.5
006975,0.7 14 0.2 0.1 0.4 0.6 0.6 14 0.2 0.1 0.5 1.0
006977,0.0 0 0.0 0.0 1.0 1.0
006978,0.0 0 0.0 0.0 1.0 1.0
006979,0.0 0 0.0 0.0 1.0 1.0
006980,0.0 0 0.0 0.0 1.0 1.0
006982,0.6 14 0.5 0.2 0.5 0.4 0.9 14 0.5 0.2 0.5 0.4 0.4 14 0.7 0.2 0.7 0.2 0.8 14 0.7 0.2 0.7 0.3
006984,0.5 8 0.4 0.5 0.6 0.7 0.4 19 0.1 0.3 0.3 0.4 0.4 8 0.4 0.5 0.5 0.7
006985,0.0 0 0.0 0.0 1.0 1.0
006986,0.3 6 0.2 0.1 0.7 0.2 0.8 14 0.4 0.1 0.6 0.9 0.3 6 0.0 0.1 0.2 0.2 0.5 14 0.1 0.1 0.6 0.9 0.9 14 0.1 0.1 0.4 0.9 0.3 14 0.4 0.1 0.6 0.9
006991,0.0 0 0.0 0.0 1.0 1.0
006992,0.6 6 0.0 0.3 0.2 0.5
006993,0.0 0 0.0 0.0 1.0 1.0
006996,0.8 6 0.1 0.2 1.0 0.6
006997,0.3 6 0.5 0.4 0.7 0.4 0.6 6 0.6 0.4 0.7 0.4
006998,0.5 14 0.0 0.0 1.0 0.7
006999,0.0 0 0.0 0.0 1.0 1.0
007000,0.4 14 0.2 0.4 0.6 1.0 0.9 14 0.2 0.0 0.6 0.7 0.6 14 0.2 0.0 0.6 1.0 0.4 14 0.2 0.4 0.6 0.7
007001,0.5 6 0.4 0.3 0.7 0.6
007005,0.4 14 0.4 0.3 0.5 0.4 0.3 1 0.3 0.6 0.5 0.9 0.3 1 0.1 0.4 0.5 0.9 0.4 14 0.3 0.3 0.6 0.8 0.8 14 0.4 0.3 0.6 0.6
007010,0.3 1 0.4 0.4 0.6 0.7 0.4 1 0.4 0.4 0.6 0.7 0.3 1 0.4 0.4 0.6 0.7 0.3 1 0.2 0.4 0.6 0.7
007012,0.3 1 0.6 0.5 0.8 0.9
007013,0.0 0 0.0 0.0 1.0 1.0
007014,0.5 6 0.0 0.2 0.9 0.9
007015,0.8 6 0.2 0.3 0.7 0.6
007017,0.9 14 0.3 0.2 0.6 1.0 0.9 14 0.0 0.5 0.4 1.0 0.3 14 0.2 0.5 0.4 1.0 0.7 15 0.2 0.3 0.3 0.5 0.3 15 0.2 0.0 0.3 0.3 0.9 14 0.0 0.2 0.4 1.0 0.7 14 0.0 0.2 0.3 1.0 1.0 14 0.6 0.3 0.8 1.0
007019,0.4 14 0.3 0.2 0.7 1.0 0.9 14 0.8 0.3 0.9 0.6 0.5 14 0.5 0.2 0.7 1.0 0.8 14 0.3 0.2 0.5 0.9 0.7 14 0.3 0.2 0.6 1.0 0.3 14 0.3 0.2 0.5 0.4 0.4 14 0.4 0.2 0.7 0.9 0.8 14 0.4 0.2 0.7 1.0 0.3 14 0.5 0.2 0.7 0.4 0.3 14 0.5 0.2 0.7 0.7 0.7 14 0.6 0.3 0.9 1.0
007024,0.0 0 0.0 0.0 1.0 1.0
007026,0.0 0 0.0 0.0 1.0 1.0
007027,0.3 14 0.0 0.4 0.6 1.0 0.6 14 0.0 0.3 0.6 0.6 0.3 14 0.0 0.4 0.6 1.0 0.3 14 0.0 0.3 0.6 1.0
007028,0.4 14 0.2 0.1 0.7 0.7 0.3 14 0.2 0.1 0.7 0.6 0.4 14 0.2 0.1 0.6 0.7 0.4 14 0.5 0.0 0.7 0.5
007030,0.5 1 0.1 0.5 0.4 0.7
007032,0.3 14 0.1 0.4 0.6 0.7 0.4 14 0.0 0.4 0.6 0.7 0.9 14 0.0 0.4 0.2 0.6
007034,0.6 14 0.1 0.0 0.3 0.5 0.7 6 0.0 0.1 0.7 0.7 0.3 14 0.2 0.0 0.3 0.5 0.7 14 0.2 0.0 0.3 0.3 0.3 14 0.1 0.0 0.3 0.7
007037,0.0 0 0.0 0.0 1.0 1.0
007041,0.3 14 0.2 0.2 0.6 1.0 0.4 14 0.2 0.2 0.5 1.0 0.7 14 0.0 0.2 0.6 1.0 0.4 14 0.0 0.2 0.5 1.0 0.4 14 0.0 0.2 0.7 1.0
007043,0.4 14 0.0 0.2 0.1 0.6 0.7 14 0.5 0.1 0.9 1.0 0.3 14 0.0 0.2 0.5 0.7 0.7 14 0.0 0.2 0.3 0.6 0.8 14 0.0 0.2 0.1 0.5 0.6 14 0.0 0.2 0.5 0.6 0.3 14 0.0 0.2 0.1 0.6 0.3 14 0.5 0.1 0.8 0.7 0.7 14 0.0 0.2 0.5 1.0 0.6 14 0.0 0.3 0.1 0.4 0.5 14 0.0 0.2 0.1 0.4 0.6 14 0.0 0.1 0.9 1.0 0.9 14 0.0 0.2 0.2 0.6 0.7 14 0.4 0.1 0.9 0.8 0.3 14 0.5 0.1 0.8 0.7 0.4 14 0.4 0.1 0.9 1.0
007044,0.5 14 0.2 0.2 0.5 0.9 1.0 14 0.1 0.3 0.2 0.6 0.9 14 0.3 0.2 0.5 0.9 0.8 14 0.3 0.2 0.5 0.9
007047,0.4 6 0.0 0.9 0.4 1.0
007051,0.4 14 0.3 0.4 0.4 0.7 0.9 14 0.3 0.4 0.5 0.7 0.4 14 0.3 0.4 0.5 0.7 0.3 8 0.4 0.6 0.6 1.0
007053,0.6 14 0.4 0.1 0.6 0.4 0.3 14 0.4 0.1 0.6 0.4 0.9 14 0.3 0.3 0.5 0.7 0.5 14 0.7 0.2 0.9 0.4 0.7 14 0.6 0.3 0.7 0.6 0.6 14 0.5 0.3 0.9 0.7 0.8 14 0.4 0.1 0.6 0.3 0.7 14 0.0 0.2 0.3 0.6 0.7 14 0.7 0.3 0.8 0.4 0.4 14 0.7 0.2 0.9 0.4 0.5 14 0.4 0.1 0.7 0.6 0.5 14 0.7 0.2 1.0 0.6 0.3 14 0.3 0.3 0.5 0.7 0.6 14 0.7 0.2 0.9 0.5 0.5 14 0.3 0.3 0.5 0.6 0.6 14 0.5 0.2 0.7 0.6 0.4 14 0.4 0.1 0.7 0.7 0.7 14 0.1 0.0 0.5 0.4 0.9 14 0.0 0.2 0.3 0.8 0.4 14 0.0 0.1 0.3 0.8 0.7 14 0.5 0.3 1.0 0.7 0.4 14 0.4 0.3 1.0 0.7 0.4 14 0.4 0.3 0.7 0.7 0.8 14 0.7 0.2 1.0 0.7 0.3 14 0.6 0.3 0.7 0.4 0.8 14 0.6 0.3 0.7 0.6
007055,0.0 0 0.0 0.0 1.0 1.0
007057,0.3 8 0.2 0.4 0.3 0.6 0.6 15 0.2 0.4 0.3 0.5 0.3 8 0.1 0.5 0.2 0.6 0.4 15 0.5 0.5 0.5 0.6
007060,0.5 14 0.8 0.1 0.8 0.1 0.6 14 0.7 0.1 0.8 0.1 1.0 14 0.3 0.2 0.5 0.6 0.6 14 0.8 0.1 0.8 0.1 0.9 14 0.6 0.2 0.7 0.3 0.8 14 0.8 0.1 0.8 0.1 0.8 14 0.6 0.1 0.7 0.1
007061,0.5 6 0.0 0.4 0.3 0.6 0.5 6 0.2 0.3 0.3 0.4 0.3 6 0.2 0.3 0.3 0.4
007063,0.0 0 0.0 0.0 1.0 1.0
007066,0.4 6 0.5 0.4 0.7 0.5
007067,0.3 8 0.2 0.5 0.3 0.7
007069,0.0 0 0.0 0.0 1.0 1.0
007076,0.0 0 0.0 0.0 1.0 1.0
007081,0.3 14 0.3 0.1 0.5 0.6 0.9 14 0.0 0.1 0.4 0.7 0.5 14 0.5 0.2 0.9 0.7 0.7 14 0.4 0.2 0.9 1.0 0.4 14 0.3 0.1 0.5 0.5 0.4 14 0.1 0.1 0.4 0.6 0.5 14 0.0 0.1 0.4 0.7 0.7 14 0.3 0.1 0.5 0.7 0.4 14 0.0 0.1 0.4 1.0 0.4 14 0.1 0.2 0.3 0.5 0.5 14 0.4 0.2 0.9 0.7 0.5 14 0.4 0.2 0.9 1.0
007082,0.3 6 0.4 0.3 0.4 0.4 0.3 6 0.4 0.3 0.4 0.4 0.4 6 0.6 0.3 0.7 0.4 0.7 6 0.4 0.3 0.4 0.4 0.5 6 0.2 0.3 0.3 0.4 0.6 6 0.0 0.3 0.1 0.4 0.8 6 0.3 0.3 0.3 0.4 0.8 6 0.4 0.3 0.5 0.4 0.7 6 0.4 0.3 0.4 0.4 0.6 6 0.0 0.3 0.1 0.4
007083,0.5 14 0.1 0.2 0.5 1.0 0.5 14 0.1 0.2 0.5 0.8 0.6 14 0.1 0.2 0.5 0.9 0.5 14 0.0 0.2 0.5 1.0
007085,0.8 6 0.6 0.3 0.8 0.4 0.6 6 0.9 0.3 1.0 0.3 0.4 6 0.9 0.3 1.0 0.3 0.5 6 0.5 0.3 0.8 0.4 0.8 6 0.8 0.3 1.0 0.4 0.3 6 0.6 0.3 0.8 0.4
007087,0.0 0 0.0 0.0 1.0 1.0
007091,0.0 0 0.0 0.0 1.0 1.0
007094,0.0 0 0.0 0.0 1.0 1.0
007096,0.4 6 1.0 0.3 1.0 0.4
007098,0.0 0 0.0 0.0 1.0 1.0
007099,0.3 14 0.0 0.1 0.7 1.0
007102,0.0 0 0.0 0.0 1.0 1.0
007103,0.9 14 0.3 0.5 0.5 0.8
007106,0.0 0 0.0 0.0 1.0 1.0
007107,0.0 0 0.0 0.0 1.0 1.0
007110,0.6 15 0.3 0.1 0.4 0.2 0.8 14 0.8 0.2 0.9 0.7 0.4 14 0.8 0.2 0.9 0.7 0.5 14 0.8 0.2 0.9 0.7
007111,0.7 6 0.2 0.3 0.8 0.4
007112,0.8 6 0.6 0.2 0.7 0.3 0.4 6 0.4 0.2 0.5 0.3 1.0 14 0.2 0.2 0.3 0.3 0.9 6 0.1 0.2 0.8 0.4 0.9 14 0.1 0.2 0.1 0.3 0.7 14 0.7 0.2 0.7 0.3 0.7 14 0.5 0.3 0.5 0.3 0.9 14 0.3 0.2 0.4 0.3 1.0 14 0.1 0.2 0.2 0.4 0.9 14 0.4 0.2 0.4 0.3 0.9 14 0.5 0.2 0.6 0.3
007115,0.0 0 0.0 0.0 1.0 1.0
007116,0.0 0 0.0 0.0 1.0 1.0
007118,0.4 14 0.2 0.2 0.7 0.7 0.4 6 0.8 0.2 0.9 0.3 0.3 14 0.5 0.2 0.9 0.7 0.4 14 0.1 0.3 0.5 0.7 0.4 14 0.2 0.3 0.5 0.7 0.7 14 0.4 0.2 0.5 0.2 0.6 14 0.1 0.2 0.3 0.4 0.7 14 0.2 0.3 0.5 0.7 0.4 6 0.8 0.2 0.9 0.3 0.3 14 0.5 0.2 0.7 0.4 0.3 14 0.0 0.3 0.4 0.7 0.8 6 0.8 0.2 0.9 0.3 0.8 14 0.5 0.2 0.7 0.5 0.4 14 0.4 0.2 0.6 0.6 0.8 14 0.0 0.2 0.3 0.5 0.7 14 0.3 0.2 0.4 0.2 0.8 14 0.2 0.2 0.5 0.7 0.8 14 0.5 0.2 0.7 0.5 0.6 6 0.8 0.2 0.9 0.3 0.6 6 0.7 0.2 0.7 0.3 0.4 6 0.7 0.3 0.7 0.3 0.4 6 0.1 0.2 0.2 0.3 0.7 14 0.7 0.2 0.8 0.3
007119,0.3 14 0.1 0.0 0.5 0.8 0.5 14 0.1 0.0 0.7 0.8 0.3 14 0.1 0.0 0.6 1.0 0.3 14 0.0 0.0 0.6 1.0 0.6 14 0.1 0.0 0.7 0.9
007120,0.6 6 0.5 0.5 0.5 0.6 0.4 6 0.0 0.5 0.1 0.6 0.9 14 0.8 0.4 1.0 0.7 0.6 14 0.7 0.4 0.8 0.5 0.8 14 0.6 0.5 0.7 0.7 0.4 6 0.3 0.5 0.5 0.6 0.5 14 0.8 0.3 1.0 0.7 0.5 6 0.3 0.5 0.4 0.6 0.5 14 0.8 0.4 0.8 0.5 0.8 14 0.9 0.3 0.9 0.4 0.6 14 0.8 0.4 0.9 0.5 0.9 14 0.1 0.4 0.4 0.7 0.7 14 0.9 0.4 1.0 0.4 0.4 6 0.4 0.5 0.5 0.6 1.0 14 0.5 0.4 0.6 0.7 0.9 14 0.8 0.3 0.9 0.5
007124,1.0 14 0.0 0.1 0.3 1.0
007126,0.7 14 0.4 0.4 0.6 0.7 0.7 6 0.0 0.1 0.3 0.4 0.4 6 0.4 0.2 0.5 0.2 0.4 14 0.4 0.4 0.6 0.5 0.5 6 0.0 0.2 0.3 0.4 0.7 14 0.4 0.4 0.6 0.6 0.9 14 0.2 0.4 0.4 0.7 1.0 14 0.6 0.1 0.9 0.7 0.8 14 0.4 0.4 0.6 0.7 0.4 14 0.5 0.4 0.6 0.7
007127,0.8 14 0.2 0.4 0.3 0.5 1.0 14 0.0 0.4 0.1 0.6
007131,0.5 1 0.1 0.5 0.5 1.0
007134,0.4 14 0.4 0.1 0.6 0.5 0.5 14 0.7 0.3 0.8 0.7 0.4 14 0.8 0.3 0.9 0.8 0.5 14 0.7 0.3 0.8 0.4 0.7 14 0.8 0.3 0.8 0.6 0.3 14 0.7 0.3 0.9 0.7 0.9 14 0.3 0.1 0.6 0.6 0.7 14 0.7 0.3 0.8 0.7 0.4 14 0.7 0.3 0.8 0.6 0.3 14 0.5 0.2 0.7 0.6 0.7 14 0.1 0.2 0.8 1.0 0.4 14 0.7 0.3 0.9 0.8 0.7 14 0.5 0.2 0.8 0.7 0.9 14 0.8 0.3 0.8 0.5 0.3 14 0.6 0.3 0.8 0.7 0.7 14 0.7 0.3 0.8 0.4
007135,0.0 0 0.0 0.0 1.0 1.0
007136,0.4 14 0.0 0.6 0.2 1.0 0.4 14 0.0 0.7 0.1 0.9 1.0 14 0.3 0.2 0.4 0.6 0.7 14 0.0 0.5 0.2 0.9 0.9 14 0.0 0.5 0.2 1.0 0.5 14 0.6 0.4 0.8 0.8 0.5 14 0.0 0.5 0.2 0.8 0.9 14 0.5 0.4 0.8 0.8 0.3 14 0.6 0.4 0.7 0.6
007137,0.6 14 0.0 0.5 0.2 1.0 0.9 14 0.3 0.5 0.5 1.0 0.4 14 0.0 0.0 0.2 0.5 0.5 14 0.1 0.0 0.4 1.0 0.4 14 0.2 0.0 0.4 1.0 0.4 1 0.5 0.5 0.8 0.7 0.9 14 0.0 0.1 0.3 1.0 0.3 14 0.2 0.0 0.5 1.0 0.4 14 0.0 0.0 0.4 1.0 0.7 14 0.0 0.0 0.2 1.0
007142,0.3 6 0.1 0.2 0.9 1.0
007143,0.8 6 0.0 0.3 0.8 0.6
007145,0.5 14 0.0 0.3 0.3 0.7 0.9 14 0.0 0.3 0.3 0.9 0.4 14 0.0 0.0 1.0 1.0 0.5 14 0.0 0.2 1.0 1.0
007151,1.0 14 0.3 0.1 0.6 1.0
007155,0.4 0 0.1 0.2 0.7 0.5
007156,0.8 14 0.2 0.3 0.2 0.4
007157,0.3 14 0.4 0.3 0.5 0.4 0.9 14 0.5 0.3 0.5 0.4 0.4 6 0.1 0.2 0.8 0.5 0.9 14 0.4 0.3 0.5 0.5 0.6 14 0.4 0.3 0.5 0.5
007158,0.3 14 0.1 0.2 0.7 0.9
007160,0.0 0 0.0 0.0 1.0 1.0
007161,0.8 14 0.0 0.1 0.5 1.0 0.9 14 0.0 0.1 0.7 1.0
007164,0.8 14 0.4 0.6 0.4 0.7 0.8 6 0.6 0.5 0.7 0.5 0.5 6 0.3 0.5 0.4 0.6
007169,0.5 6 0.2 0.4 0.2 0.4 0.4 6 0.6 0.3 0.7 0.4 0.8 6 0.6 0.3 0.7 0.4 0.4 6 0.3 0.4 0.4 0.5 0.5 6 0.3 0.3 0.4 0.4 0.6 6 0.1 0.3 0.2 0.3 0.8 6 0.1 0.4 0.2 0.4 0.4 6 0.1 0.2 0.5 0.4 0.3 6 0.1 0.3 0.2 0.3 0.4 6 0.6 0.3 0.7 0.4 0.4 6 0.2 0.4 0.2 0.4 0.5 6 0.6 0.3 0.7 0.4
007170,0.3 14 0.4 0.3 0.8 1.0 0.4 14 0.0 0.5 0.2 0.9 0.4 14 0.4 0.3 0.7 0.7 0.7 14 0.4 0.3 0.7 0.6 0.9 14 0.0 0.5 0.2 1.0 0.7 14 0.2 0.3 0.8 1.0 0.4 14 0.0 0.5 0.2 0.9 0.8 14 0.5 0.3 0.8 0.6
007171,0.0 0 0.0 0.0 1.0 1.0
007173,1.0 14 0.7 0.5 0.7 0.6
007175,0.4 14 0.2 0.0 0.9 1.0 0.5 14 0.0 0.0 0.9 1.0
007176,0.9 14 0.1 0.2 0.2 0.5 0.8 6 0.0 0.4 0.7 0.8 0.4 14 0.1 0.3 0.2 0.5
007178,0.9 14 0.1 0.3 0.7 1.0 0.4 8 0.5 0.6 0.7 1.0
007179,0.9 14 0.8 0.3 1.0 1.0 0.7 6 0.3 0.4 0.4 0.5 1.0 14 0.0 0.1 0.4 1.0 0.8 14 0.3 0.2 0.8 1.0 0.3 6 0.3 0.4 0.4 0.5 0.5 14 0.3 0.2 0.6 1.0
007181,0.4 14 0.5 0.3 0.7 0.6 0.3 14 0.5 0.3 0.7 0.6 0.8 6 0.3 0.2 0.3 0.2 0.9 14 0.5 0.3 0.7 0.9 0.8 14 0.5 0.4 0.7 0.9
007183,0.0 0 0.0 0.0 1.0 1.0
007186,1.0 14 0.4 0.4 0.5 0.7 0.6 1 0.3 0.5 0.4 0.7 0.3 1 0.3 0.5 0.4 0.7 0.3 1 0.2 0.4 0.4 0.7 0.3 1 0.2 0.5 0.4 0.7 1.0 14 0.2 0.3 0.3 0.7 0.4 1 0.2 0.5 0.4 0.7 1.0 14 0.0 0.2 0.2 0.9 0.4 1 0.3 0.4 0.4 0.7 1.0 14 0.7 0.4 0.8 0.8
007188,0.0 0 0.0 0.0 1.0 1.0
007190,0.0 0 0.0 0.0 1.0 1.0
007192,0.0 0 0.0 0.0 1.0 1.0
007195,0.7 14 0.7 0.1 1.0 1.0
007196,0.0 0 0.0 0.0 1.0 1.0
007198,0.8 14 0.1 0.8 0.2 1.0
007199,0.4 14 0.1 0.1 0.5 1.0 0.7 14 0.1 0.1 0.8 1.0
007201,0.4 14 0.0 0.4 0.1 0.6 0.4 14 0.0 0.3 0.1 0.7 0.7 14 0.0 0.4 0.2 0.7
007202,0.5 15 0.1 0.3 0.1 0.4 0.3 6 0.7 0.4 0.8 0.4 0.4 6 0.5 0.3 0.7 0.4 0.3 6 0.5 0.3 0.7 0.4
007203,1.0 14 0.5 0.3 0.8 0.6
007206,0.9 14 0.5 0.4 0.5 0.5
007207,0.5 14 0.3 0.2 0.5 0.4 0.9 14 0.0 0.5 0.1 0.7 0.9 14 0.8 0.4 0.9 0.7 0.8 14 0.6 0.3 0.7 0.5 0.8 14 0.5 0.4 0.8 0.7 0.7 14 0.2 0.3 0.4 0.7 0.9 14 0.4 0.1 0.5 0.2 0.8 14 0.2 0.3 0.4 0.6 0.5 14 0.5 0.3 0.7 0.5 0.3 14 0.3 0.4 0.4 0.5 0.3 14 0.2 0.3 0.4 0.5 0.9 14 0.1 0.3 0.4 0.7 0.7 14 0.0 0.3 0.2 0.7 0.3 14 0.5 0.3 0.6 0.5 0.9 14 0.3 0.2 0.5 0.5 0.9 14 0.2 0.2 0.3 0.4 0.4 14 0.1 0.3 0.5 0.7 0.7 14 0.2 0.3 0.2 0.4 0.4 14 0.2 0.2 0.3 0.4 0.8 14 0.6 0.4 0.8 0.7 0.7 14 0.0 0.3 0.2 0.6 0.6 14 0.0 0.5 0.1 1.0 0.4 14 0.1 0.3 0.2 0.5 0.8 14 0.5 0.3 0.7 0.6 0.7 14 0.5 0.3 0.8 0.7 0.4 14 0.5 0.3 0.7 0.6
007209,0.0 0 0.0 0.0 1.0 1.0
007218,0.0 0 0.0 0.0 1.0 1.0
007220,0.6 14 0.2 0.3 0.4 0.6 0.9 14 0.3 0.3 0.4 0.5 0.9 14 0.3 0.3 0.5 0.5
007221,0.0 0 0.0 0.0 1.0 1.0
007225,0.7 4 0.6 0.4 0.7 0.6 0.5 4 0.2 0.3 0.2 0.6 0.6 4 0.2 0.4 0.2 0.6 0.4 4 0.2 0.3 0.2 0.5 0.7 4 0.6 0.3 0.7 0.6
007226,0.3 6 0.8 0.4 0.9 0.5
007228,0.4 8 0.4 0.2 0.5 0.4 0.4 14 0.0 0.1 0.3 0.7 0.3 8 0.4 0.2 0.5 0.4 0.8 14 0.0 0.1 0.3 0.7 0.8 14 0.0 0.1 0.3 0.5 0.5 14 0.0 0.1 0.3 0.7
007229,0.0 0 0.0 0.0 1.0 1.0
007231,0.0 0 0.0 0.0 1.0 1.0
007232,0.4 1 0.0 0.5 0.1 0.7 0.5 1 0.0 0.5 0.1 0.7 0.4 1 0.0 0.5 0.1 0.7 0.5 1 0.0 0.5 0.1 0.7 1.0 14 0.0 0.4 0.1 0.7
007233,0.0 0 0.0 0.0 1.0 1.0
007235,0.6 14 0.4 0.1 0.5 0.3 0.4 1 0.3 0.3 0.7 0.6 0.9 14 0.3 0.1 0.6 0.6 0.6 14 0.3 0.1 0.5 0.4 0.4 1 0.3 0.3 0.7 0.6
007237,0.4 14 0.5 0.1 0.7 0.3 0.6 14 0.3 0.1 0.5 0.4 0.3 14 0.6 0.3 1.0 1.0 0.9 14 0.6 0.1 0.7 0.5 0.4 14 0.4 0.3 0.8 0.8 0.9 14 0.2 0.2 0.4 0.5 0.4 14 0.7 0.3 0.8 0.7 0.4 14 0.5 0.1 0.7 0.5 0.8 14 0.2 0.2 0.5 0.6 0.6 4 0.2 0.5 0.2 0.6 0.4 14 0.5 0.1 0.8 0.5 0.9 14 0.3 0.1 0.5 0.6 0.6 14 0.6 0.3 0.8 0.8 0.3 14 0.4 0.1 0.7 0.8 0.6 14 0.4 0.3 0.6 0.7 0.9 14 0.4 0.3 0.7 0.7 0.7 14 0.6 0.1 0.7 0.5 0.6 14 0.5 0.1 0.7 0.5
007238,0.0 0 0.0 0.0 1.0 1.0
007239,0.0 0 0.0 0.0 1.0 1.0
007240,0.0 0 0.0 0.0 1.0 1.0
007242,0.4 6 0.0 0.4 0.1 0.5 0.3 6 0.0 0.3 0.1 0.4 0.4 6 0.0 0.3 0.0 0.3 0.9 6 0.0 0.4 0.1 0.5 0.4 6 0.0 0.3 0.1 0.4
007246,0.5 6 0.0 0.2 0.7 0.8 0.7 6 0.0 0.2 0.8 0.7 0.3 6 0.0 0.2 0.8 0.8 0.4 6 0.4 0.2 0.8 0.4
007248,0.4 14 0.0 0.6 0.2 0.9 0.7 14 0.4 0.7 0.7 0.9 0.4 14 0.1 0.2 0.4 0.9 0.4 14 0.0 0.2 0.7 0.9 0.6 14 0.4 0.3 0.6 0.9
007251,0.7 14 0.1 0.0 0.5 0.9 0.8 14 0.1 0.0 0.7 0.9 0.6 14 0.0 0.0 0.6 1.0 0.4 14 0.0 0.0 0.5 1.0
007252,0.8 14 0.1 0.1 0.4 0.7 0.8 14 0.1 0.1 0.4 0.7 0.6 14 0.1 0.1 0.4 0.5 0.3 14 0.0 0.1 0.4 0.7
007253,0.4 6 0.1 0.9 0.3 1.0 0.8 14 0.2 0.2 0.5 0.8 0.3 6 0.4 0.8 0.7 0.9 0.6 6 0.1 0.8 0.2 0.9 0.6 6 0.2 0.9 0.3 1.0 0.3 6 0.5 0.8 0.6 0.9
007254,0.7 14 0.0 0.3 0.4 0.9
007255,0.0 0 0.0 0.0 1.0 1.0
007257,0.0 0 0.0 0.0 1.0 1.0
007262,0.5 6 0.2 0.3 0.5 0.4 0.6 6 0.3 0.3 0.5 0.4 0.4 6 0.3 0.3 0.5 0.4 0.4 6 0.2 0.3 0.4 0.4
007264,0.0 0 0.0 0.0 1.0 1.0
007265,0.0 0 0.0 0.0 1.0 1.0
007267,1.0 14 0.3 0.3 0.4 0.6 0.7 6 0.2 0.4 0.3 0.5 0.8 6 0.7 0.4 0.8 0.4 0.5 14 0.6 0.4 0.7 0.5
007268,0.3 14 0.2 0.1 0.5 1.0 0.9 14 0.2 0.1 0.5 1.0 0.6 14 0.2 0.1 0.5 1.0
007269,0.0 0 0.0 0.0 1.0 1.0
007272,0.4 14 0.3 0.2 0.7 0.7 0.3 14 0.4 0.4 0.6 0.7 0.6 14 0.4 0.4 0.7 0.7 0.8 14 0.1 0.0 0.5 0.7 0.5 14 0.1 0.0 0.8 0.7 0.3 14 0.3 0.0 0.8 0.7 0.4 14 0.4 0.4 0.7 0.7
007273,0.8 6 0.1 0.3 0.9 0.6
007277,0.8 14 0.2 0.2 0.5 1.0 0.3 14 0.2 0.2 0.4 0.7 0.9 14 0.0 0.2 0.5 1.0
007278,0.9 6 0.1 0.8 0.2 0.8
007281,0.5 6 0.7 0.4 0.8 0.9 0.5 6 0.0 0.2 0.5 1.0 0.9 14 0.5 0.3 0.7 0.8 0.6 14 0.5 0.3 0.7 0.8
007282,0.6 6 0.4 0.4 0.6 0.9 0.6 6 0.6 0.5 0.9 0.8 0.5 6 0.0 0.4 0.3 0.9 0.4 6 0.4 0.4 0.6 0.9 0.4 6 0.6 0.5 0.9 1.0
007286,0.0 0 0.0 0.0 1.0 1.0
007287,0.0 0 0.0 0.0 1.0 1.0
007288,0.3 14 0.9 0.0 1.0 0.3 0.4 14 0.4 0.5 0.6 0.8 0.4 14 0.9 0.0 0.9 0.2 0.6 14 0.8 0.0 0.9 0.2 0.6 6 0.2 0.1 0.5 0.2 0.4 6 0.0 0.0 1.0 0.8 0.6 6 0.0 0.1 1.0 0.8
007290,0.6 6 0.7 0.5 0.8 0.6
007291,0.0 0 0.0 0.0 1.0 1.0
007293,0.9 14 0.3 0.0 0.5 0.3 0.3 14 0.2 0.2 0.7 0.7 0.6 14 0.4 0.2 0.5 0.4 0.4 14 0.1 0.2 0.4 0.4 0.4 14 0.1 0.2 0.7 1.0 0.6 14 0.1 0.2 0.7 0.6 0.6 14 0.7 0.2 0.8 0.6 0.3 14 0.3 0.2 0.5 0.6 0.5 14 0.4 0.2 0.8 0.6 0.3 14 0.4 0.2 0.7 0.6 0.6 14 0.1 0.2 0.6 0.6 0.3 14 0.1 0.2 0.8 1.0 0.7 14 0.5 0.2 0.8 0.6 0.6 14 0.4 0.4 0.6 0.7 0.6 14 0.4 0.2 0.7 0.6 0.5 14 0.5 0.2 0.7 0.4 0.5 14 0.4 0.2 0.7 0.6
007301,0.3 14 0.2 0.4 0.6 0.7 0.6 14 0.5 0.4 0.8 0.6 0.3 14 0.4 0.4 0.6 0.6 0.7 14 0.3 0.3 0.6 0.6 0.4 14 0.1 0.1 0.4 0.5 0.9 14 0.1 0.1 0.4 0.7 0.7 14 0.5 0.4 0.9 0.7 0.8 14 0.5 0.4 0.8 0.7 0.5 14 0.7 0.4 0.9 0.6 0.3 14 0.5 0.4 0.9 1.0
007303,0.3 12 0.2 0.4 0.5 0.9 0.4 14 0.2 0.3 0.4 0.7 0.8 14 0.2 0.3 0.4 0.4 0.8 14 0.2 0.3 0.4 0.9
007304,0.0 0 0.0 0.0 1.0 1.0
007306,0.3 14 0.2 0.2 0.3 0.4 0.9 14 0.5 0.2 0.7 0.4 0.8 14 0.3 0.2 0.4 0.5 0.6 14 0.6 0.2 0.9 0.6 0.4 4 0.6 0.6 0.6 0.6 0.4 14 0.5 0.2 0.9 0.5 0.9 14 0.3 0.2 0.4 0.4 1.0 14 0.0 0.2 0.3 0.7 0.3 14 0.2 0.3 0.3 0.5 0.9 14 0.6 0.2 0.9 0.6 0.9 14 0.5 0.2 0.9 0.6 0.3 14 0.5 0.2 0.7 0.6
007307,0.4 13 0.3 0.2 0.7 0.5 1.0 14 0.4 0.1 0.7 0.5
007309,0.3 1 0.0 0.1 0.6 0.8
007310,0.4 14 0.2 0.2 0.5 0.8 0.7 14 0.0 0.1 0.2 0.3 0.9 14 0.2 0.2 0.5 0.7
007312,0.0 0 0.0 0.0 1.0 1.0
007313,0.5 14 0.0 0.1 0.2 0.7 0.3 8 0.5 0.6 0.8 0.9 0.9 14 0.0 0.1 0.2 0.8
007315,0.4 8 0.3 0.5 0.5 0.7 0.6 8 0.3 0.5 0.5 0.7
007316,0.7 14 0.0 0.1 0.8 0.9
007317,0.8 14 0.4 0.0 0.6 0.3
007319,0.7 14 0.3 0.5 0.6 0.9 0.6 14 0.4 0.5 0.5 0.6 0.4 14 0.6 0.7 0.7 0.9 0.8 14 0.6 0.6 0.8 0.9 0.7 14 0.6 0.4 0.7 0.6 0.8 14 0.6 0.4 0.8 0.9 0.3 14 0.2 0.1 0.2 0.2
007320,0.3 1 0.0 0.6 0.6 1.0 1.0 14 0.3 0.5 0.5 0.9 0.7 1 0.4 0.7 0.5 1.0
007321,0.5 14 0.3 0.1 0.5 0.3 0.9 14 0.3 0.1 0.4 0.3 0.4 14 0.3 0.1 0.4 0.2
007324,0.3 14 0.4 0.2 0.6 0.5 0.3 14 0.5 0.2 0.6 0.4 0.4 14 0.3 0.2 0.6 0.5 0.4 14 0.4 0.5 0.5 0.6 0.3 14 0.6 0.2 0.8 0.5 0.5 14 0.4 0.2 0.6 0.5 0.6 14 0.3 0.2 0.4 0.6 0.4 14 0.3 0.2 0.8 0.6 0.7 14 0.3 0.2 0.7 0.6 0.3 14 0.6 0.2 0.8 0.7 0.3 14 0.4 0.2 0.8 0.7 0.4 14 0.3 0.2 0.5 0.6 0.4 14 0.4 0.2 0.7 0.7 0.7 14 0.4 0.2 0.6 0.6 0.7 14 0.3 0.2 0.4 0.3 0.3 14 0.2 0.2 0.4 0.5 0.4 14 0.3 0.4 0.6 0.6 0.4 14 0.4 0.2 0.6 0.5 0.3 14 0.3 0.2 0.8 0.7 0.4 14 0.6 0.2 0.8 0.7
007326,0.0 0 0.0 0.0 1.0 1.0
007328,0.4 14 0.1 0.2 0.3 0.7 0.8 14 0.1 0.2 0.4 1.0 0.8 14 0.1 0.0 0.5 1.0 0.4 14 0.1 0.2 0.3 1.0
007331,0.0 0 0.0 0.0 1.0 1.0
007332,0.4 14 0.4 0.2 0.6 0.4 0.4 14 0.3 0.3 0.4 0.5 0.6 14 0.4 0.2 0.6 0.5 1.0 14 0.3 0.3 0.4 0.6 0.5 14 0.5 0.0 0.8 0.4 0.8 14 0.4 0.2 0.6 0.6 0.5 15 0.1 0.2 0.3 0.3 0.9 14 0.0 0.4 0.4 0.7 0.4 14 0.0 0.4 0.3 0.7 0.6 14 0.4 -0.0 0.8 0.6 0.5 14 0.4 0.3 0.6 0.5
007333,0.5 14 0.0 0.0 0.3 0.6 0.4 14 0.0 0.0 0.4 0.7 0.8 14 0.0 0.0 0.4 1.0
007335,0.3 15 0.2 0.5 0.3 0.6 0.7 15 0.2 0.3 0.3 0.6 0.5 15 0.2 0.4 0.3 0.6
007337,0.4 6 0.2 0.4 0.3 0.4 0.4 6 0.3 0.4 0.4 0.4 0.9 6 0.4 0.4 0.5 0.4 0.6 6 0.2 0.4 0.3 0.4 0.8 6 0.3 0.4 0.4 0.4
007338,0.3 14 0.2 0.0 0.5 0.2 0.6 14 0.0 0.0 0.5 0.7 0.3 14 0.0 0.0 0.3 0.7 1.0 14 0.6 0.1 1.0 0.7
007339,0.4 14 0.5 0.3 0.6 0.3 0.7 14 0.3 0.2 0.4 0.3 0.8 6 0.1 0.2 0.7 0.6
007340,0.0 0 0.0 0.0 1.0 1.0
007341,0.9 14 0.8 0.6 0.9 0.7 0.9 14 0.5 0.6 0.6 0.7
007342,1.0 14 0.3 0.3 0.3 0.5
007345,0.6 1 0.2 0.3 0.3 0.5 1.0 14 0.1 0.1 0.3 0.5
007347,0.4 14 0.2 0.2 0.4 0.9 0.5 14 0.4 0.6 0.4 0.7 0.9 14 0.5 0.6 0.6 0.9
007348,0.4 19 0.1 0.2 0.2 0.3
007349,0.8 14 0.1 0.5 0.1 0.6 0.9 14 0.1 0.5 0.2 0.6 0.8 14 0.2 0.4 0.2 0.5 0.9 14 0.1 0.5 0.1 0.6 0.8 14 0.1 0.5 0.1 0.6
007352,0.4 6 0.1 0.3 0.7 0.7 0.8 14 0.8 0.4 0.8 0.5
007353,0.0 0 0.0 0.0 1.0 1.0
007354,0.4 14 0.0 0.2 0.7 0.8 0.9 14 0.0 0.2 0.7 1.0
007355,0.6 14 0.0 0.0 0.4 0.7 0.8 14 0.6 0.4 0.7 0.5 0.7 14 0.0 0.0 0.5 1.0
007357,0.0 0 0.0 0.0 1.0 1.0
007358,0.3 6 0.0 0.2 0.1 0.3 0.7 6 0.8 0.2 0.8 0.3 0.4 6 0.9 0.2 0.9 0.3 0.9 6 0.0 0.2 0.1 0.3 0.6 6 0.0 0.3 0.1 0.3 1.0 14 0.1 0.2 0.2 0.5 0.3 6 0.0 0.2 0.1 0.3 0.5 6 0.0 0.0 0.8 0.7 0.4 6 0.0 0.0 0.8 0.7
007360,0.3 14 0.5 0.0 0.7 0.2 0.6 14 0.0 0.0 0.4 1.0 0.5 14 0.0 0.0 0.8 1.0
007362,0.6 6 0.8 0.1 0.9 0.2 0.8 6 0.6 0.1 0.9 0.2 0.3 6 0.5 0.1 0.8 0.2 0.8 6 0.0 0.1 0.9 0.7 0.3 6 0.6 0.1 0.9 0.2 0.4 6 0.4 0.1 0.9 0.2 0.5 6 0.8 0.1 0.9 0.2 0.5 6 0.6 0.1 0.8 0.2
007364,0.0 0 0.0 0.0 1.0 1.0
007366,0.4 8 0.4 0.5 0.7 0.9 0.3 8 0.3 0.6 0.5 1.0
007367,0.6 6 0.7 0.4 0.7 0.5 0.6 6 0.7 0.4 0.7 0.5 0.8 6 0.2 0.4 0.5 0.5 0.4 6 0.5 0.4 0.7 0.5
007368,0.7 6 0.5 0.2 0.6 0.3 0.3 6 0.3 0.2 0.5 0.3 0.4 6 0.0 0.2 0.1 0.2 0.8 6 0.5 0.2 0.7 0.3 0.9 6 0.3 0.2 0.5 0.3 0.5 6 0.0 0.2 0.7 1.0 0.9 6 0.5 0.2 0.7 0.3
007371,0.5 4 0.4 0.5 0.4 0.7 0.7 1 0.0 0.5 0.6 0.8 0.9 14 0.2 0.3 0.5 0.7 0.4 1 0.0 0.5 0.6 0.8
007377,0.0 0 0.0 0.0 1.0 1.0
007378,0.8 14 0.3 0.2 0.6 0.7 0.7 14 0.0 0.2 0.6 1.0 0.4 14 0.3 0.2 0.6 1.0 0.7 14 0.3 0.2 0.6 1.0
007379,0.5 14 0.3 0.2 0.6 0.7 0.5 14 0.3 0.2 0.8 0.7
007380,0.0 0 0.0 0.0 1.0 1.0
007382,0.9 14 0.4 0.3 0.4 0.4
007384,0.3 14 0.0 0.1 0.6 0.7
007386,0.3 6 0.0 0.1 0.8 0.6 0.8 6 0.0 0.1 1.0 0.6
007387,0.0 0 0.0 0.0 1.0 1.0
007391,0.3 15 0.0 0.3 0.1 0.6
007392,0.5 14 0.3 0.2 0.5 0.5 0.4 14 0.2 0.2 0.5 0.7 0.5 14 0.2 0.5 0.5 0.9 0.6 14 0.2 0.2 0.5 0.8 0.4 14 0.3 0.2 0.5 0.8 0.4 14 0.3 0.2 0.5 0.8 0.4 14 0.2 0.1 0.5 0.9
007393,0.4 4 0.5 0.5 0.5 0.6 0.3 14 0.0 0.2 0.1 0.5 0.7 14 0.0 0.2 0.2 0.7
007395,0.7 14 0.3 0.2 0.6 0.7 0.3 14 0.1 0.2 0.3 0.7 0.4 14 0.7 0.2 0.9 0.7 0.8 14 0.6 0.2 0.8 0.7 0.3 14 0.1 0.2 0.3 0.7 0.4 14 0.7 0.2 0.9 0.7 0.9 14 0.3 0.1 0.6 0.7 0.7 14 0.0 0.2 0.3 0.7 0.6 14 0.0 0.2 0.3 1.0 0.4 14 0.2 0.2 0.6 1.0 0.8 14 0.5 0.2 0.9 0.7 0.6 14 0.0 0.2 0.3 0.7 0.3 14 0.1 0.3 0.3 0.5 0.6 14 0.4 0.2 0.8 0.7
007397,0.6 14 0.2 0.4 0.2 0.5 0.6 14 0.5 0.3 0.5 0.4 0.3 14 0.3 0.9 0.4 1.0 0.9 14 0.0 0.7 0.1 0.8
007399,0.8 6 0.1 0.2 0.8 0.6
007400,0.3 8 0.1 0.7 0.4 0.9
007401,0.3 19 0.7 0.3 0.8 0.4
007402,0.0 0 0.0 0.0 1.0 1.0
007403,0.0 0 0.0 0.0 1.0 1.0
007404,0.4 14 0.6 0.3 0.9 1.0 0.7 14 0.6 0.2 0.8 0.5 0.8 14 0.2 0.2 0.4 0.7 0.8 14 0.2 0.2 0.4 0.5 0.5 14 0.4 0.1 0.8 0.5 0.4 14 0.4 0.2 0.7 0.5 0.7 14 0.4 0.1 0.7 0.6 0.5 14 0.0 0.2 0.4 1.0 0.3 14 0.0 0.1 0.8 1.0 0.4 14 0.0 0.2 0.4 0.7 0.3 14 0.3 0.1 0.8 0.6 0.5 14 0.4 0.1 0.8 1.0 0.3 14 0.6 0.2 0.9 0.6
007405,0.5 6 0.3 0.2 0.8 0.5 0.3 6 0.3 0.3 0.4 0.4 0.7 6 0.2 0.3 0.3 0.4 0.4 6 0.3 0.2 0.8 0.5
007406,0.7 15 0.2 0.5 0.2 0.6 0.7 15 0.1 0.6 0.2 0.7 0.4 15 0.2 0.5 0.3 0.6 0.3 15 0.1 0.6 0.2 0.7 0.3 15 0.2 0.6 0.2 0.6 0.6 14 0.2 0.5 0.3 0.7 0.3 14 0.1 0.4 0.1 0.5
007407,0.0 0 0.0 0.0 1.0 1.0
007409,0.4 14 0.6 0.2 0.9 0.7 0.6 14 0.8 0.2 0.9 0.7
007412,0.5 14 0.2 0.1 0.7 0.7 0.3 14 0.3 0.2 0.6 0.6 0.5 14 0.1 0.3 0.5 0.7 0.4 14 0.0 0.3 0.7 1.0 0.3 14 0.0 0.3 0.1 0.3 0.5 14 0.2 0.0 0.5 0.7 0.3 14 0.0 0.2 0.2 0.6 0.4 14 0.2 0.0 0.5 0.6 0.5 14 0.0 0.3 0.2 0.7 0.4 14 0.0 0.3 0.3 0.7 0.4 14 0.3 0.1 0.7 0.7 0.3 14 0.0 0.0 0.7 0.7 0.8 14 0.0 0.2 0.2 0.3 0.4 14 0.0 0.2 0.2 0.7 0.4 14 0.0 0.2 0.2 0.6 0.4 14 0.2 0.1 0.6 0.7 0.4 14 0.3 0.1 0.8 0.7
007415,0.7 14 0.2 0.4 0.2 0.5 0.8 14 0.2 0.4 0.2 0.5 0.8 14 0.1 0.4 0.2 0.5 0.9 14 0.2 0.4 0.3 0.5
007418,0.3 14 0.4 0.4 0.5 0.5 0.5 14 0.2 0.4 0.5 1.0
007420,0.5 14 0.3 0.1 0.7 0.7 0.5 14 0.6 0.2 0.8 0.6 0.3 14 0.3 0.1 0.8 0.7 0.7 14 0.3 0.1 0.5 0.6 0.7 14 0.5 0.2 0.7 0.7 0.4 14 0.3 0.2 0.8 0.7 0.4 14 0.2 0.1 0.5 0.5 0.4 14 0.3 0.2 0.5 0.5 0.5 14 0.3 0.2 0.5 0.7 0.5 14 0.4 0.2 0.8 0.7 0.4 14 0.4 0.2 0.7 1.0 0.4 14 0.5 0.2 0.7 0.5 0.3 14 0.5 0.2 0.7 0.7
007423,0.9 6 0.4 0.2 0.6 0.4 0.9 14 0.2 0.2 0.3 0.3 0.9 6 0.0 0.2 0.3 0.3 0.4 6 0.4 0.2 0.6 0.4 0.9 14 0.7 0.2 0.8 0.5 0.5 6 0.0 0.2 0.3 0.3
007426,0.3 14 0.7 0.0 1.0 1.0 0.3 14 0.5 0.0 0.9 0.6 0.6 14 0.7 0.0 1.0 0.7 0.5 14 0.0 0.0 0.5 0.7 0.4 14 0.7 0.0 1.0 0.5 0.4 14 0.2 0.2 0.5 0.4 0.4 14 0.2 0.0 0.7 0.6 0.4 14 0.2 0.0 0.5 0.3 0.3 14 0.2 0.1 0.5 0.3 0.3 14 0.2 0.0 0.9 1.0 0.3 14 0.7 0.0 1.0 1.0 0.3 14 0.2 0.2 0.6 0.6 0.4 14 0.2 0.0 0.9 0.6 0.6 14 0.7 0.0 1.0 0.6
007428,0.3 14 0.4 0.2 0.5 0.4 0.7 14 0.3 0.1 0.5 0.5 0.9 14 0.3 0.3 0.6 0.6 0.4 14 0.2 0.4 0.4 0.6 0.8 14 0.2 0.3 0.4 0.6 0.6 14 0.3 0.1 0.5 0.3 0.9 14 0.1 0.1 0.3 0.5 0.3 14 0.3 0.4 0.4 0.6 0.6 14 0.2 0.1 0.5 0.6 0.5 14 0.3 0.1 0.5 0.2 0.7 14 0.3 0.1 0.5 0.6 0.7 14 0.3 0.2 0.5 0.6 0.5 14 0.1 0.1 0.3 0.4 0.4 14 0.3 0.1 0.4 0.4 0.4 14 0.3 0.3 0.6 0.6 0.4 14 0.4 0.4 0.6 0.6
007429,0.8 6 0.0 0.5 0.6 1.0
007430,0.6 6 0.1 0.1 0.9 0.6 0.5 14 0.7 0.1 0.7 0.2 0.3 14 0.7 0.1 0.7 0.2
007434,0.7 14 0.2 0.1 0.4 0.3
007440,0.8 14 0.2 0.2 0.6 0.4
007441,0.3 14 -0.0 0.1 0.7 0.7
007442,0.4 14 0.3 0.4 0.4 0.6
007444,0.9 14 -0.0 0.2 0.4 1.0
007447,0.3 6 0.3 0.3 0.4 0.4 0.9 14 0.4 0.4 0.5 0.5 0.4 14 0.4 0.4 0.5 0.5 0.7 14 0.2 0.3 0.2 0.4 0.3 1 0.5 0.4 0.7 0.5 0.7 6 0.0 0.3 0.1 0.4 0.9 14 0.9 0.3 0.9 0.5 0.6 1 0.4 0.4 0.5 0.6 0.9 14 0.5 0.3 0.6 0.4 0.9 14 0.2 0.3 0.4 0.5 0.7 1 0.2 0.4 0.5 0.6 0.7 1 0.2 0.4 0.4 0.6 0.7 1 0.5 0.4 0.6 0.5 0.9 14 0.4 0.4 0.5 0.5 0.7 6 0.2 0.3 0.4 0.4 0.5 1 0.2 0.4 0.3 0.5 0.4 14 0.1 0.3 0.2 0.4 0.5 14 0.3 0.4 0.4 0.5 0.7 14 0.1 0.3 0.2 0.3 0.5 14 0.5 0.4 0.6 0.5 0.4 1 0.2 0.4 0.6 0.6 0.8 14 0.1 0.3 0.1 0.3
007450,0.0 0 0.0 0.0 1.0 1.0
007452,0.4 6 0.1 0.4 0.4 0.5 0.8 6 0.2 0.4 0.4 0.5
007453,0.8 14 0.0 0.2 0.4 0.5 0.9 14 0.6 0.2 1.0 0.5 0.5 14 0.3 0.2 1.0 0.5
007455,0.0 0 0.0 0.0 1.0 1.0
007456,0.4 4 0.6 0.1 0.8 0.5 0.4 4 0.6 0.1 0.8 0.4 0.4 4 0.6 0.1 0.6 0.3 0.3 4 0.4 0.1 0.6 0.4 0.3 4 0.2 0.1 0.3 0.3 0.4 4 0.3 0.2 0.5 0.7 0.6 4 0.6 0.1 0.6 0.3
007459,0.5 6 0.0 0.1 1.0 0.8
007462,0.0 0 0.0 0.0 1.0 1.0
007463,0.0 0 0.0 0.0 1.0 1.0
007464,0.6 6 0.3 0.4 0.5 0.5
007469,0.5 14 0.1 0.0 0.6 0.7 0.6 14 0.0 0.0 0.6 1.0 0.7 14 0.1 0.0 0.6 1.0
007471,0.4 14 0.3 0.4 0.4 0.6 0.6 14 0.4 0.4 0.7 1.0 0.3 14 0.2 0.4 0.3 1.0 0.8 14 0.3 0.4 0.4 0.6 0.8 14 0.2 0.4 0.3 0.7 0.4 14 0.4 0.2 0.6 0.6 0.3 14 0.0 0.3 0.2 0.9 0.5 14 0.3 0.4 0.4 0.6 0.9 14 0.4 0.2 0.6 0.8 0.7 14 0.2 0.4 0.3 0.5 0.9 14 0.0 0.3 0.3 1.0 0.3 14 0.2 0.4 0.3 0.6 0.4 14 0.2 0.4 0.3 0.5 0.6 14 0.3 0.4 0.4 0.7 0.7 14 0.4 0.2 0.6 1.0 0.3 14 0.4 0.4 1.0 1.0
007472,0.4 15 0.7 0.4 0.7 0.5 0.4 15 1.0 0.5 1.0 0.6 0.5 6 0.2 0.6 0.4 0.7 0.4 8 0.6 0.5 0.7 0.7 0.6 8 0.6 0.5 0.7 0.7
007473,0.3 14 0.1 0.6 0.2 0.8 0.8 14 0.1 0.6 0.2 0.7
007476,0.6 14 0.1 0.4 0.2 0.7 0.9 14 0.1 0.4 0.2 0.9
007478,0.7 6 0.0 0.0 0.9 0.9
007485,0.6 14 0.2 0.3 0.6 0.7 0.3 14 0.3 0.3 0.5 0.5 0.7 14 0.4 0.3 0.6 0.7 0.5 14 0.3 0.3 0.5 0.7 0.4 14 0.2 0.3 0.8 0.7
007487,0.0 0 0.0 0.0 1.0 1.0
007488,0.0 0 0.0 0.0 1.0 1.0
007492,0.0 0 0.0 0.0 1.0 1.0
007494,0.8 15 0.4 0.5 0.5 0.6 0.5 4 0.0 0.4 0.2 0.8
007495,0.0 0 0.0 0.0 1.0 1.0
007496,0.5 14 0.1 0.1 0.5 0.7 0.7 14 0.1 0.1 0.5 1.0 0.7 14 0.3 0.0 0.8 1.0 0.4 14 0.3 0.0 0.8 0.7 0.4 14 0.3 0.0 0.9 1.0
007499,0.0 0 0.0 0.0 1.0 1.0
007500,0.6 4 0.1 0.6 0.3 1.0 0.8 14 0.1 0.0 0.5 1.0 0.8 14 0.1 0.0 0.7 0.9
007501,0.3 6 0.0 0.0 0.9 0.5 0.5 6 0.0 0.2 0.1 0.4 0.9 14 0.8 0.1 0.8 0.3 0.3 6 0.2 0.1 0.8 0.5
007502,0.0 0 0.0 0.0 1.0 1.0
007504,0.0 0 0.0 0.0 1.0 1.0
007505,0.0 0 0.0 0.0 1.0 1.0
007507,0.4 6 0.4 0.3 0.4 0.4 0.3 6 0.1 0.3 0.3 0.4 0.4 6 0.0 0.3 0.1 0.4 0.9 6 0.0 0.3 0.1 0.4 0.5 6 0.3 0.3 0.3 0.4 0.9 6 0.1 0.3 0.3 0.4 0.6 6 0.1 0.3 0.1 0.4 0.6 6 0.1 0.3 0.2 0.4 0.5 6 0.2 0.3 0.3 0.4 0.8 6 0.3 0.3 0.3 0.4 0.5 6 0.4 0.3 0.5 0.4
007508,0.6 14 0.0 0.1 0.3 0.7 0.9 14 0.2 0.2 0.5 0.9 0.7 14 0.1 0.2 0.5 0.9 0.6 14 0.0 0.1 0.5 0.9 0.7 14 0.0 0.1 0.3 0.9 0.3 8 0.5 0.7 0.6 0.9
007509,0.0 0 0.0 0.0 1.0 1.0
007510,0.8 6 0.6 0.5 0.8 0.6
007512,0.4 14 0.1 0.2 0.4 0.7 0.4 14 0.1 0.2 0.4 1.0 0.3 14 0.1 0.2 0.2 0.7
007514,0.5 14 0.0 0.0 0.4 0.5 0.7 14 0.0 0.0 0.4 0.6
007515,0.0 0 0.0 0.0 1.0 1.0
007516,0.3 14 0.5 0.3 0.8 0.7 0.8 14 0.3 0.3 0.4 0.4 0.4 14 0.1 0.3 0.1 0.3
007518,0.9 6 0.4 0.4 0.6 0.5 0.5 6 0.1 0.4 0.3 0.5 0.6 6 0.0 0.4 0.1 0.5 0.5 6 0.6 0.4 0.7 0.5 0.8 6 0.6 0.4 0.7 0.5 0.4 6 0.3 0.4 0.5 0.5 0.7 6 0.9 0.4 1.0 0.6 0.6 6 0.2 0.4 0.4 0.5 0.8 6 0.0 0.4 0.1 0.5 0.5 6 0.2 0.4 0.3 0.5 0.9 6 0.1 0.4 0.3 0.5 0.6 6 0.0 0.4 0.1 0.5 0.8 6 0.5 0.4 0.6 0.5 0.4 6 0.0 0.4 0.2 0.5 0.4 6 0.9 0.4 1.0 0.6 0.9 6 0.2 0.4 0.5 0.5 0.5 6 0.4 0.4 0.6 0.5 0.4 6 0.6 0.4 0.7 0.5
007520,0.0 0 0.0 0.0 1.0 1.0
007522,0.3 14 0.1 0.1 0.7 1.0 0.3 14 0.4 0.1 0.6 0.4 0.8 14 0.4 0.1 0.7 0.4
007529,0.4 14 0.3 0.1 0.6 0.4 0.6 1 0.1 0.5 0.7 1.0 0.4 14 0.3 0.1 0.6 0.8 0.3 14 0.3 0.1 0.6 0.7
007531,0.4 14 0.3 0.2 0.3 0.3 1.0 14 0.5 0.1 0.6 0.3 0.8 14 0.6 0.0 1.0 0.4 1.0 14 0.2 0.2 0.3 0.3 0.9 14 0.7 0.0 1.0 0.4
007532,0.4 14 0.4 0.1 0.6 0.3 0.4 14 0.3 0.1 0.7 0.7 0.4 14 0.0 0.3 0.2 0.7 0.4 4 0.6 0.2 0.7 0.5 0.4 14 0.4 0.0 1.0 0.7 0.5 14 0.1 0.0 0.5 0.7 0.6 14 0.0 0.0 0.4 0.5 0.9 14 0.9 0.1 1.0 0.4 0.9 14 0.4 0.0 0.6 0.3 0.5 14 0.6 0.0 1.0 0.7 0.5 14 0.6 0.0 1.0 0.5 0.3 14 0.3 0.0 0.4 0.3 0.8 14 0.0 0.0 0.5 0.7 0.7 14 0.4 0.1 0.6 0.5 0.4 14 0.0 0.0 0.4 0.3 0.5 14 0.0 0.0 0.5 1.0 0.4 14 0.6 0.0 1.0 0.7 0.6 14 0.0 0.2 0.2 0.7 0.8 14 0.5 0.0 0.6 0.2 0.3 14 0.4 0.1 1.0 0.7 0.4 14 0.4 0.0 1.0 0.7 0.4 14 0.6 0.0 1.0 0.7 0.7 14 0.4 0.0 1.0 1.0 0.8 14 0.4 0.0 1.0 0.7
007534,0.0 0 0.0 0.0 1.0 1.0
007539,0.5 14 0.7 0.2 0.9 0.5 0.7 14 0.7 0.2 0.9 0.3
007541,0.5 1 0.3 0.3 0.8 0.7 0.5 1 0.6 0.5 0.8 0.7 0.3 1 0.3 0.3 0.8 0.7 0.4 1 0.3 0.3 0.8 0.7
007542,0.0 0 0.0 0.0 1.0 1.0
007545,0.3 14 0.4 0.5 0.6 0.7 0.5 14 0.4 0.5 0.5 0.8 0.6 14 0.4 0.5 0.5 0.8 0.5 14 0.6 0.4 0.6 0.4
007548,0.3 6 0.1 0.2 0.7 0.4 0.5 6 0.1 0.2 0.7 0.5 0.3 6 0.0 0.4 0.0 0.4 0.7 6 0.0 0.4 0.1 0.4 0.4 6 0.3 0.3 0.7 0.5 0.4 6 0.6 0.4 0.7 0.5
007549,0.4 15 0.3 0.0 0.6 0.5 0.4 15 0.6 0.0 0.9 0.5
007550,0.4 6 0.0 0.0 0.6 1.0
007552,0.0 0 0.0 0.0 1.0 1.0
007553,0.8 14 0.4 0.0 0.6 0.2 0.3 14 0.4 0.0 0.7 0.6 0.5 14 0.6 0.0 1.0 0.5 0.3 14 0.4 0.0 0.7 0.7 0.9 14 0.8 0.0 1.0 0.5 0.4 14 0.6 0.0 0.7 0.4 0.8 14 0.6 0.0 0.7 0.1
007554,0.9 14 0.5 0.4 0.6 0.6 0.5 14 0.6 0.4 0.7 0.5 0.8 14 0.5 0.4 0.6 0.6 0.7 14 0.6 0.4 0.7 0.7 0.6 14 0.6 0.4 0.7 0.6
007556,0.6 6 0.0 0.1 0.8 0.6 0.7 6 0.0 0.1 0.9 0.6
007557,0.4 14 0.3 0.2 0.4 0.6 0.4 14 0.6 0.9 0.7 1.0 0.8 14 0.3 0.2 0.4 0.4 0.6 14 0.0 0.2 0.4 1.0
007560,0.0 0 0.0 0.0 1.0 1.0
007561,0.0 0 0.0 0.0 1.0 1.0
007562,0.3 6 0.0 0.0 0.3 0.4 0.4 6 0.4 0.1 0.8 0.2 0.6 6 0.0 0.1 0.8 0.7
007564,0.5 19 0.7 0.4 0.8 0.5 0.6 8 0.6 0.5 0.7 0.7 0.8 14 0.2 0.2 0.4 0.7 0.4 19 0.7 0.4 0.8 0.5 0.3 8 0.0 0.5 0.2 0.8 0.4 15 0.6 0.4 0.7 0.5 0.3 19 0.7 0.4 0.8 0.5
007567,1.0 14 0.2 0.2 0.3 0.5 0.3 8 0.6 0.4 0.7 0.6 0.5 14 0.3 0.2 0.4 0.5 1.0 14 0.4 0.2 0.5 0.6 0.3 14 0.3 0.2 0.3 0.4 0.4 14 0.3 0.2 0.3 0.4 0.4 8 0.7 0.3 0.8 0.6 0.4 14 0.3 0.2 0.4 0.4 1.0 14 0.4 0.2 0.7 0.6
007569,0.4 6 0.0 0.1 0.9 0.7 0.4 6 0.0 0.3 0.9 0.7
007573,0.9 14 0.0 0.4 0.1 0.5 1.0 14 0.7 0.4 0.7 0.6 0.5 6 0.0 0.4 0.0 0.4 0.4 14 0.7 0.1 0.8 0.2
007574,0.0 0 0.0 0.0 1.0 1.0
007577,0.7 14 0.2 0.1 0.5 0.5 0.9 14 0.3 0.1 0.6 0.5 0.8 14 0.0 0.1 0.2 0.4 0.9 14 0.7 0.1 0.9 0.5 0.3 14 0.1 0.1 0.5 0.6 0.4 14 0.3 0.1 0.5 0.5 0.7 14 0.8 0.1 1.0 0.6 0.8 14 0.1 0.1 0.3 0.4 0.9 14 0.9 0.1 0.9 0.3 0.9 14 0.0 0.2 0.2 0.4 0.9 14 0.2 0.1 0.5 0.5 0.4 14 0.7 0.1 0.9 0.5 0.4 14 0.0 0.2 0.2 0.5 0.9 14 0.5 0.1 0.6 0.5 0.6 14 0.2 0.1 0.4 0.4 0.7 14 0.1 0.1 0.2 0.3 0.8 14 0.0 0.2 0.1 0.3 0.4 14 0.0 0.1 0.2 0.6 0.6 14 0.8 0.1 1.0 0.6
007580,0.6 14 0.1 0.5 0.1 0.6 0.6 6 0.7 0.5 0.8 0.5 0.7 6 0.6 0.5 0.7 0.5
007581,0.3 6 0.0 0.1 0.6 0.6
007582,0.5 14 0.1 0.4 0.6 0.9 0.6 14 0.1 0.1 0.5 0.6 0.3 14 0.1 0.1 0.5 0.9 0.3 14 0.1 0.1 0.5 0.8 0.3 14 0.1 0.0 0.6 1.0
007583,0.9 14 0.6 0.1 0.8 0.2 0.4 14 0.3 0.0 0.4 0.1 0.7 14 0.7 0.1 0.8 0.2
007584,0.5 14 0.5 0.5 0.6 0.6 0.5 14 0.0 0.0 0.3 0.7 0.3 14 0.7 0.5 0.8 0.7 0.5 14 0.5 0.5 0.8 0.7 0.6 14 0.7 0.5 0.8 0.7 0.3 14 0.1 0.0 0.4 0.7 0.6 14 0.5 0.5 0.8 0.7 0.8 14 0.0 0.0 0.3 1.0 0.7 14 0.5 0.5 0.8 1.0
007587,0.0 0 0.0 0.0 1.0 1.0
007588,0.0 0 0.0 0.0 1.0 1.0
007589,0.7 6 0.2 0.3 0.5 0.5 0.9 14 0.4 0.2 0.5 0.3 0.4 6 0.2 0.3 0.5 0.5 0.8 14 0.3 0.3 0.4 0.3 0.9 14 0.6 0.3 0.6 0.5
007591,0.8 6 0.5 0.5 0.6 0.6
007593,0.5 14 0.0 0.1 0.0 0.2 0.9 14 0.0 0.1 0.1 0.2 0.4 14 0.1 0.0 0.4 0.6 0.8 14 0.1 0.0 0.4 0.7 0.9 14 0.1 0.1 0.1 0.2 0.4 14 0.2 0.2 0.2 0.2
007595,0.3 14 0.2 0.1 0.5 0.7 0.7 14 0.2 0.1 0.6 0.7 0.5 14 0.2 0.1 0.5 0.7 0.4 14 0.0 0.0 0.6 1.0 0.8 14 0.2 0.0 0.6 1.0
007596,0.0 0 0.0 0.0 1.0 1.0
007597,0.3 6 0.6 0.3 1.0 0.5 0.5 6 0.0 0.4 0.2 0.6 0.5 6 0.6 0.3 1.0 0.5 0.5 6 0.4 0.3 1.0 0.5
007598,0.6 14 0.7 0.3 0.9 0.5 0.9 14 0.6 0.3 0.8 0.5 0.9 14 0.1 0.2 0.3 0.4 0.4 14 0.7 0.1 0.8 0.3 0.8 14 0.7 0.1 0.9 0.3 0.7 14 0.1 0.3 0.3 0.4 0.6 14 0.4 0.2 0.6 0.4 0.7 14 0.2 0.2 0.3 0.4 0.8 14 0.0 0.3 0.3 0.5 0.6 14 0.2 0.2 0.3 0.4 0.3 14 0.7 0.3 0.8 0.5 0.3 14 0.6 0.1 0.9 0.5 0.3 14 0.2 0.2 0.3 0.4 0.4 14 0.8 0.3 0.9 0.5 0.9 14 0.6 0.1 0.8 0.5 0.7 14 0.7 0.1 0.9 0.5 0.5 14 0.6 0.1 0.8 0.4 0.5 14 0.6 0.1 0.9 0.5 0.3 14 0.6 0.1 0.8 0.4
007599,0.0 0 0.0 0.0 1.0 1.0
007602,0.4 14 0.5 0.3 0.9 0.7
007604,0.0 0 0.0 0.0 1.0 1.0
007607,0.7 1 0.1 0.5 0.6 0.9
007608,0.0 0 0.0 0.0 1.0 1.0
007609,0.4 14 0.2 0.3 0.4 0.6 0.8 14 0.2 0.3 0.5 0.8 0.6 14 0.1 0.3 0.5 0.9 0.5 14 0.2 0.3 0.6 0.8
007610,0.9 14 0.3 0.3 0.3 0.5 0.4 14 0.3 0.4 0.3 0.4
007613,0.5 14 0.0 0.2 0.8 0.6 0.6 6 0.0 0.1 0.8 0.6
007616,0.5 6 0.0 0.4 0.2 0.4 0.4 14 0.1 0.2 0.4 0.5 0.8 14 0.1 0.2 0.4 0.6 0.9 14 0.3 0.0 0.5 0.4
007617,0.8 6 0.0 0.2 0.3 0.5 0.8 6 0.1 0.2 0.9 0.5
007620,0.8 14 0.6 0.5 0.7 0.7 0.6 14 0.2 0.2 0.5 0.7 0.8 14 0.2 0.2 0.5 0.7 0.7 14 0.2 0.2 0.5 0.9 0.8 14 0.5 0.5 0.7 0.7
007623,0.8 14 0.4 0.1 0.6 0.4 0.5 14 0.3 0.2 0.7 0.7 0.7 14 0.4 0.1 0.6 0.4 0.8 14 0.3 0.2 0.7 0.5 0.6 14 0.3 0.2 0.5 0.5 0.3 14 0.3 0.2 0.6 0.7 0.6 14 0.4 0.1 0.6 0.3
007625,0.9 14 0.2 0.1 0.4 0.6 0.9 14 0.2 0.2 0.4 0.6 1.0 14 0.5 0.1 0.7 0.7
007627,0.8 14 0.0 0.1 0.3 0.4 0.3 1 0.1 0.3 0.3 0.7 0.9 14 0.0 0.1 0.3 0.5
007628,0.3 14 0.4 0.0 0.8 0.7 0.4 14 0.1 0.0 0.8 1.0 0.4 14 0.4 0.0 0.9 0.7 0.5 14 0.1 0.0 1.0 1.0
007630,0.0 0 0.0 0.0 1.0 1.0
007632,0.8 6 0.0 0.5 0.1 0.5 0.5 6 0.3 0.5 0.6 0.5 0.3 6 0.3 0.3 0.9 0.5
007634,0.5 14 0.5 0.1 0.6 0.4 0.4 14 0.3 0.1 0.5 0.4 0.5 6 0.2 0.2 0.2 0.3 0.3 6 0.1 0.2 0.2 0.3 0.5 14 0.6 0.1 0.9 0.5 0.7 14 0.2 0.4 0.5 0.7 1.0 14 0.9 0.1 1.0 0.5 0.6 6 0.2 0.2 0.3 0.3 0.8 6 0.1 0.2 0.2 0.3 0.7 6 0.9 0.3 1.0 0.3 0.8 14 0.5 0.1 0.6 0.5 0.9 14 0.3 0.1 0.5 0.6 0.9 14 0.0 0.2 0.1 0.3 0.6 6 0.2 0.3 0.3 0.3 0.8 6 0.2 0.2 0.3 0.3 0.3 14 0.0 0.4 0.4 0.7 0.8 14 0.4 0.1 0.6 0.6 0.4 6 0.1 0.2 0.2 0.3 0.6 6 0.2 0.2 0.3 0.3 0.6 14 0.5 0.1 0.9 0.6 0.9 14 0.0 0.2 0.1 0.3 0.4 6 0.2 0.2 0.3 0.3 0.7 6 0.1 0.2 0.2 0.3 0.8 14 0.5 0.1 0.9 0.6 0.4 14 0.4 0.1 0.9 0.6 0.3 14 0.6 0.1 0.9 0.6 0.7 6 0.1 0.2 0.2 0.3
007635,0.3 6 0.7 0.2 0.9 0.4 0.3 6 0.6 0.3 1.0 0.4 0.3 6 0.6 0.2 1.0 0.4 0.3 6 0.6 0.2 1.0 0.4 0.4 6 0.6 0.2 1.0 0.4
007636,0.4 14 0.3 0.2 0.6 1.0 0.4 14 0.2 0.2 0.5 0.9 0.5 14 0.3 0.2 0.5 0.7 0.7 14 0.3 0.2 0.6 0.8
007638,0.0 0 0.0 0.0 1.0 1.0
007641,0.0 0 0.0 0.0 1.0 1.0
007643,0.6 14 0.2 0.0 0.4 0.3 0.4 14 0.1 0.2 0.2 0.3
007644,0.5 15 0.5 0.3 0.5 0.4 0.6 15 0.4 0.3 0.5 0.4 0.5 15 0.1 0.4 0.2 0.6 0.6 15 0.0 0.1 0.1 0.2 0.5 15 0.7 0.4 0.9 0.7 0.5 15 0.6 0.3 0.7 0.4 0.7 15 0.4 0.3 0.5 0.4 0.6 15 0.2 0.3 0.3 0.5 0.5 6 0.8 0.3 0.9 0.4 0.7 15 0.5 0.1 0.6 0.2 0.6 15 0.0 0.4 0.1 0.5 0.7 14 0.0 0.4 0.1 0.7 0.7 15 0.2 0.4 0.2 0.5 0.5 15 0.2 0.3 0.4 0.5 0.8 14 0.1 0.4 0.2 0.7 0.6 15 0.5 0.3 0.6 0.4 0.7 14 0.0 0.4 0.2 0.7 0.3 14 0.0 0.4 0.2 1.0 0.3 15 0.2 0.3 0.2 0.4 0.4 15 0.7 0.3 0.9 0.4 0.5 14 0.1 0.4 0.2 0.6 0.3 15 0.5 0.0 0.6 0.2 0.4 15 0.6 0.3 0.6 0.4 0.4 15 0.0 0.4 0.1 0.5
007645,0.8 14 0.6 0.0 0.7 0.1 0.4 6 0.1 0.0 0.4 0.1 0.6 6 0.8 0.3 0.9 0.4 0.8 14 0.7 0.0 0.8 0.2 0.8 14 0.8 0.0 0.9 0.2 0.6 14 0.6 0.0 0.7 0.1 0.4 6 0.1 0.3 0.5 0.4 0.7 6 0.0 0.2 0.5 0.7 0.5 6 0.0 0.0 0.6 0.7 0.9 14 0.7 0.0 0.8 0.5 0.6 6 0.5 0.4 0.6 0.5 0.7 14 0.8 0.0 0.9 0.4 0.6 14 0.6 0.0 0.7 0.1
007646,0.3 14 0.5 0.1 0.6 0.2 0.3 1 0.5 0.3 0.8 0.7 0.6 1 0.5 0.4 0.8 0.7 0.3 1 0.5 0.5 0.7 0.7 0.4 14 0.4 0.1 0.6 0.3 0.9 14 0.6 0.2 0.8 0.5 0.4 1 0.5 0.5 0.7 0.7 0.8 14 0.6 0.2 0.8 0.6 0.4 14 0.6 0.2 0.8 0.4
007648,0.4 14 0.2 0.5 0.4 0.7 0.5 8 0.6 0.5 0.9 0.7 0.7 14 0.2 0.5 0.5 0.7 0.3 8 0.4 0.6 0.5 0.7 0.5 4 0.4 0.4 0.5 0.5 0.9 14 0.5 0.3 0.6 0.4 0.5 14 0.1 0.3 0.3 0.7 0.6 14 0.5 0.3 0.6 0.7 0.9 14 0.5 0.3 0.6 0.5 0.6 14 0.1 0.3 0.5 0.7 0.4 14 0.1 0.3 0.2 0.5 0.9 14 0.1 0.3 0.2 0.7 0.3 8 0.6 0.5 0.8 0.7 1.0 14 0.6 0.3 0.8 0.7 0.4 4 0.4 0.4 0.4 0.5 0.4 14 0.6 0.3 0.6 0.4
007651,0.9 14 0.1 0.2 0.4 0.5 0.8 14 0.4 0.4 0.5 0.5
007652,0.9 14 0.0 0.1 1.0 0.6 0.5 14 0.0 0.1 1.0 1.0
007658,0.8 14 0.3 0.1 0.5 0.6 1.0 14 0.5 0.1 0.8 0.5
007659,0.0 0 0.0 0.0 1.0 1.0
007660,0.7 14 0.4 0.4 0.5 0.4 0.8 14 0.2 0.4 0.2 0.4 0.9 14 0.8 0.4 0.8 0.4 0.9 14 0.7 0.4 0.7 0.4 0.5 14 0.2 0.4 0.3 0.5 0.8 14 0.2 0.4 0.2 0.4 0.7 14 0.8 0.4 0.8 0.4 0.5 14 0.6 0.4 0.6 0.4 0.5 14 0.2 0.4 0.2 0.4 0.9 14 0.1 0.4 0.2 0.4 0.8 14 0.4 0.4 0.4 0.4 0.5 14 0.6 0.4 0.6 0.4
007661,0.0 0 0.0 0.0 1.0 1.0
007665,0.9 6 0.9 0.3 1.0 0.4 0.8 6 0.3 0.3 0.8 0.4 0.6 6 0.5 0.3 0.8 0.4
007669,0.6 14 0.1 0.1 0.6 0.7 0.5 14 0.3 0.0 0.6 0.5 0.3 14 0.1 0.1 0.6 1.0 0.8 14 0.1 0.1 0.7 1.0
007674,0.0 0 0.0 0.0 1.0 1.0
007676,0.4 6 0.4 0.3 0.6 0.4 0.6 6 0.3 0.5 0.4 0.5 0.4 14 0.0 0.5 0.0 0.7 0.8 14 0.1 0.5 0.2 0.5 0.8 14 0.1 0.5 0.2 0.5 0.4 6 0.2 0.5 0.3 0.5 0.6 6 0.0 0.5 0.1 0.5 0.5 6 0.1 0.3 0.7 0.5 0.9 14 0.0 0.5 0.1 0.7 0.7 6 0.2 0.5 0.2 0.5 0.5 6 0.2 0.5 0.3 0.5 0.6 6 0.1 0.5 0.1 0.5 0.7 6 0.0 0.5 0.1 0.5 0.4 6 0.2 0.3 0.6 0.4 0.6 6 0.2 0.5 0.2 0.5 0.8 6 0.0 0.5 0.1 0.5 0.7 14 0.1 0.5 0.2 0.5 0.7 6 0.3 0.5 0.4 0.5 0.8 6 0.6 0.3 0.7 0.4
007681,0.0 0 0.0 0.0 1.0 1.0
007684,0.3 6 0.2 0.1 0.2 0.1 0.3 15 0.0 0.2 0.2 0.5 0.4 6 0.4 0.3 0.5 0.4 0.6 6 0.1 0.1 0.2 0.1 0.5 14 0.3 0.3 0.4 0.4
007686,0.0 0 0.0 0.0 1.0 1.0
007689,0.3 14 0.5 0.3 0.7 0.6 0.5 14 0.0 0.1 0.4 0.6 0.5 14 0.5 0.3 1.0 0.6 0.6 14 0.1 0.1 0.3 0.6 0.4 14 0.5 0.3 0.7 0.6 0.4 14 0.0 0.0 0.4 1.0 0.5 14 0.5 0.0 1.0 0.6 0.3 14 0.5 0.3 0.9 1.0 0.5 14 0.5 0.3 1.0 1.0 0.4 14 0.5 0.3 0.7 0.6 0.5 14 0.5 0.0 1.0 1.0
007690,0.5 6 0.7 0.2 0.8 0.3 0.7 6 0.7 0.2 0.8 0.3 0.5 6 0.7 0.2 0.8 0.3 0.9 14 0.0 0.2 0.1 0.4 0.9 14 0.0 0.2 0.1 0.4 0.4 6 0.7 0.2 0.8 0.3
007693,0.6 6 0.2 0.2 0.7 0.7
007695,0.4 14 0.5 0.0 0.7 0.5 0.6 14 0.1 0.0 0.9 0.5
007698,0.0 0 0.0 0.0 1.0 1.0
007700,0.5 14 0.2 0.1 0.3 0.3 0.3 14 0.5 0.1 0.6 0.4 0.5 14 0.5 0.1 0.6 0.5 0.5 14 0.2 0.1 0.3 0.4 0.4 14 0.0 0.6 0.3 0.9 0.4 14 0.1 0.1 0.3 0.4 0.5 14 0.0 0.6 0.3 0.9 0.4 14 0.0 0.6 0.3 0.7 0.8 14 0.5 0.1 0.6 0.5 0.5 14 0.5 0.1 0.6 0.4
007701,0.8 6 0.3 0.5 0.5 0.7 0.4 6 0.4 0.5 0.8 0.7 0.9 14 0.3 0.5 0.3 0.6 0.5 6 0.0 0.5 0.2 0.7 0.9 6 0.0 0.5 0.2 0.7 0.8 6 0.4 0.5 0.8 0.7
007703,0.0 0 0.0 0.0 1.0 1.0
007706,0.5 14 0.3 0.2 0.6 0.9 0.3 14 0.5 0.0 0.6 0.6 0.5 14 0.4 0.1 0.6 0.8 0.8 14 0.1 0.2 0.6 0.9 0.3 14 0.2 0.0 0.6 0.9 0.4 14 0.2 0.2 0.8 0.9 0.4 14 0.3 0.2 0.6 0.9 0.4 14 0.4 0.0 0.6 0.9
007707,0.0 0 0.0 0.0 1.0 1.0
007708,0.3 8 0.3 0.8 0.6 1.0 0.5 8 0.3 0.5 0.4 0.8
007710,0.4 4 0.6 0.2 0.6 0.3 0.6 14 0.3 0.6 0.3 0.8
007711,0.0 0 0.0 0.0 1.0 1.0
007714,0.4 6 0.3 0.4 0.6 0.7 1.0 14 0.8 0.4 0.9 0.6 1.0 14 0.0 0.5 0.1 0.7 0.4 6 0.8 0.3 0.9 0.4
007716,0.0 0 0.0 0.0 1.0 1.0
007717,0.0 0 0.0 0.0 1.0 1.0
007719,0.9 14 0.3 0.3 0.4 0.5 0.9 14 0.1 0.5 0.3 0.8 0.9 14 0.0 0.4 0.2 0.8 0.5 14 0.0 0.4 0.1 0.6
007722,0.4 8 0.4 0.4 0.5 0.5 0.3 8 0.3 0.4 0.4 0.5 0.4 14 0.2 0.2 0.2 0.2 0.5 8 0.4 0.4 0.5 0.5
007725,1.0 14 0.3 0.2 0.6 0.5 0.6 1 0.2 0.4 0.6 0.6
007726,0.8 14 0.6 0.5 0.7 0.6
007728,0.7 14 0.5 0.1 0.6 0.4 0.7 14 0.5 0.4 0.6 0.6 0.4 14 0.4 0.1 0.6 0.4 0.9 14 0.2 0.1 0.5 0.6 0.9 14 0.7 0.5 0.8 0.6 0.6 14 0.4 0.1 0.7 0.6 0.4 14 0.5 0.4 0.6 0.6 0.5 14 0.5 0.2 0.7 0.6 0.3 14 0.4 0.1 0.7 0.6
007730,0.0 0 0.0 0.0 1.0 1.0
007733,0.3 14 0.0 0.0 0.6 0.7 0.3 14 0.0 0.0 0.9 0.8
007734,0.3 6 0.7 0.3 0.8 0.3 0.4 6 0.1 0.2 0.6 0.6 0.4 6 0.5 0.3 0.7 0.4 0.4 6 0.1 0.2 0.6 0.6 0.4 6 0.5 0.2 0.7 0.4 0.6 6 0.5 0.3 0.7 0.4
007737,0.4 6 0.1 0.5 0.7 0.9 0.8 6 0.0 0.6 0.1 0.8
007738,0.0 0 0.0 0.0 1.0 1.0
007739,0.6 14 0.2 0.1 0.7 0.9 0.6 14 0.4 0.4 0.8 0.9 0.7 14 0.2 0.1 0.6 0.8 0.5 14 0.3 0.1 0.6 0.9 0.6 14 0.0 0.1 0.8 1.0 0.4 14 0.2 0.1 0.7 0.8 0.4 14 0.2 0.1 0.8 0.9 0.6 14 0.1 0.4 0.8 1.0
007741,0.0 0 0.0 0.0 1.0 1.0
007744,0.6 4 0.5 0.3 0.5 0.4 0.9 14 0.3 0.2 0.4 0.4 0.4 4 0.4 0.3 0.5 0.6 0.3 4 0.2 0.4 0.3 0.6 0.6 4 0.8 0.3 0.9 0.6 0.6 4 0.7 0.3 0.7 0.6 0.4 4 0.6 0.4 0.7 0.6 0.3 4 0.9 0.3 1.0 0.6 0.6 6 0.4 0.6 0.5 0.7 0.5 4 0.4 0.3 0.4 0.5 0.4 4 0.9 0.3 1.0 0.6 0.3 4 0.2 0.3 0.3 0.6 0.4 4 0.7 0.3 0.7 0.4 0.3 4 0.0 0.3 0.1 0.5 0.3 4 0.0 0.3 0.1 0.7 0.6 4 0.3 0.3 0.4 0.6 0.6 14 0.3 0.2 0.4 0.3 0.6 4 0.3 0.3 0.4 0.6 0.5 4 0.2 0.3 0.3 0.6 0.7 4 0.5 0.3 0.6 0.6 0.3 4 0.5 0.3 0.6 0.6 0.6 4 0.2 0.3 0.3 0.5 0.4 4 0.8 0.3 0.9 0.6 0.5 4 0.1 0.3 0.2 0.6 0.6 4 0.3 0.3 0.4 0.6 0.4 4 0.6 0.3 0.7 0.6 0.4 4 0.5 0.3 0.6 0.6 0.4 4 0.6 0.3 0.7 0.4 0.6 4 0.6 0.3 0.7 0.4
007747,0.7 14 0.0 0.4 0.4 0.6 0.7 15 0.2 0.6 0.3 0.8
007750,0.4 14 0.4 0.1 0.5 0.3 0.6 14 0.2 0.2 0.5 0.7 0.6 14 0.2 0.2 0.5 0.7 0.5 14 0.2 0.2 0.5 0.7 0.5 14 0.3 0.2 0.4 0.5
007752,0.3 15 0.0 0.0 0.1 0.1 0.6 8 0.6 0.3 0.7 0.5 1.0 14 0.3 0.2 0.5 0.5
007755,0.7 14 0.2 0.1 0.7 1.0 0.6 14 0.2 0.1 0.6 1.0 0.3 14 0.2 0.1 0.6 0.9 0.4 14 0.2 0.1 0.7 0.9 0.9 14 0.0 0.1 0.7 1.0
007756,0.6 15 0.4 0.4 0.5 0.5 0.4 19 0.1 0.1 0.2 0.3 0.6 8 0.6 0.5 0.8 0.8 0.3 19 0.1 0.1 0.2 0.3 0.9 14 0.1 0.5 0.4 0.8
007757,0.6 6 1.0 0.0 1.0 0.2 0.9 6 0.0 0.0 0.4 0.2 0.5 6 0.0 0.1 0.1 0.2 0.5 6 0.8 0.1 1.0 0.1 0.5 6 0.1 0.0 0.4 0.2 0.5 6 0.0 0.0 0.4 0.2 0.9 6 0.0 0.1 1.0 0.6 0.5 6 0.0 0.1 0.1 0.2 0.9 6 0.8 0.1 1.0 0.1 0.8 6 0.7 0.1 0.7 0.1
007759,0.3 14 0.7 0.0 0.9 0.7 0.8 14 0.9 0.0 1.0 0.7 0.3 14 0.4 0.1 0.5 0.5 0.5 14 0.7 0.0 0.9 0.7 0.4 14 0.3 0.1 0.7 0.7 0.9 14 0.1 0.0 0.5 0.7 0.9 14 0.7 -0.0 1.0 0.7 0.6 14 0.1 0.4 0.2 0.5 0.4 14 0.4 0.2 0.7 0.7 0.9 14 0.5 0.1 0.7 0.7
007761,0.9 14 0.0 0.0 0.1 0.2 0.9 6 0.0 0.0 0.9 0.6
007764,0.0 0 0.0 0.0 1.0 1.0
007766,0.9 14 0.3 0.1 0.5 0.4 0.3 14 0.3 0.1 0.7 0.6 0.4 14 0.3 0.1 0.5 0.3
007769,0.9 14 0.3 0.2 0.5 0.9 0.5 14 0.1 0.2 0.5 0.9 0.9 14 0.1 0.1 0.4 0.9 0.3 14 0.3 0.3 0.5 0.8
007770,0.4 14 0.6 0.0 0.8 0.3 0.4 14 0.2 0.4 0.7 1.0 0.5 14 0.3 0.5 0.7 0.7 0.4 14 0.6 0.2 1.0 1.0 0.6 14 0.0 0.0 0.4 0.7 0.3 14 0.7 0.3 1.0 0.7 0.4 14 0.6 0.3 1.0 1.0 0.6 14 0.6 0.2 0.8 0.7 0.3 14 0.6 0.2 1.0 0.7 0.5 14 0.2 0.4 0.5 0.7 0.4 14 0.3 0.4 0.5 0.6 0.8 14 0.0 0.0 0.3 0.5 0.5 14 0.5 0.0 0.8 0.4 0.4 14 0.2 0.4 0.5 0.7 0.4 14 0.3 0.4 0.7 0.7 0.6 14 0.0 0.0 0.4 1.0 0.7 14 0.6 0.2 1.0 0.7 0.4 14 0.2 0.4 0.7 0.7 0.4 14 0.3 0.2 0.8 0.7 0.4 14 0.6 0.2 0.8 0.7 0.5 14 0.5 0.2 1.0 1.0 0.4 14 0.6 0.0 0.8 0.3
007771,0.5 6 0.5 0.3 0.6 0.3
007774,0.0 0 0.0 0.0 1.0 1.0
007778,0.8 14 0.0 0.2 0.5 0.8
007780,0.4 14 0.5 0.2 0.6 0.5 0.4 14 0.4 0.2 0.7 0.7 0.5 14 0.0 0.1 0.3 0.6 0.6 14 0.6 0.2 0.8 0.5 0.3 14 0.4 0.2 0.8 0.7 0.7 14 0.1 0.4 0.5 0.7 0.4 14 0.5 0.2 0.6 0.5 0.5 14 0.0 0.1 0.3 0.8 0.3 14 0.3 0.4 0.5 0.7 0.3 14 0.7 0.0 0.8 0.5 0.7 14 0.5 0.1 0.7 0.5 0.4 14 0.0 0.3 0.2 0.4 0.8 14 0.1 0.1 0.5 0.8 0.6 14 0.6 0.2 0.8 0.7 0.5 14 0.6 0.1 0.8 0.5 0.3 14 0.2 0.1 0.5 0.8 0.4 14 0.0 0.3 0.4 0.7 0.4 14 0.0 0.3 0.2 0.6 0.6 14 0.5 0.2 0.7 0.5 0.5 14 0.1 0.1 0.3 0.4 0.6 14 0.0 0.3 0.2 1.0 0.6 14 0.2 0.1 0.3 0.4 0.5 14 0.6 0.2 0.8 0.7 0.8 14 0.0 0.3 0.2 0.8 0.6 14 0.3 0.4 0.5 0.8 0.8 14 0.5 0.1 0.8 0.5 0.6 14 0.5 0.1 0.8 0.7 0.3 14 0.6 0.2 0.7 0.5 0.4 14 0.5 0.2 0.7 0.7 0.3 14 0.6 0.1 0.8 0.5
007782,0.6 14 0.0 0.0 0.6 0.8 0.3 14 0.6 0.4 0.7 0.7 0.9 14 0.0 0.0 0.6 1.0 0.8 14 0.7 0.4 0.9 0.7 0.8 14 0.6 0.4 0.9 1.0 0.3 14 0.5 0.4 1.0 1.0
007783,0.3 6 0.0 0.0 0.8 0.7
007784,0.0 0 0.0 0.0 1.0 1.0
007785,0.3 19 0.5 0.1 0.6 0.3 0.8 14 0.1 0.3 0.3 0.5 0.4 19 0.5 0.1 0.6 0.4 0.9 14 0.1 0.3 0.4 0.7 0.3 14 0.1 0.3 0.2 0.5
007787,0.0 0 0.0 0.0 1.0 1.0
007788,0.0 0 0.0 0.0 1.0 1.0
007789,0.3 14 0.2 0.3 0.3 0.5
007792,0.6 14 0.1 0.3 0.2 0.4 0.8 14 0.2 0.3 0.2 0.3 0.7 14 0.3 0.3 0.3 0.3 0.8 14 0.1 0.3 0.2 0.5 0.6 14 0.1 0.3 0.2 0.5
007794,0.0 0 0.0 0.0 1.0 1.0
007796,0.3 6 0.3 0.4 0.7 0.7 0.3 6 0.2 0.5 1.0 1.0
007797,0.8 6 0.1 0.3 0.6 0.9 1.0 14 0.6 0.2 0.8 1.0
007800,0.8 6 0.6 0.5 0.8 0.7 0.5 6 0.5 0.6 0.6 0.7 0.7 6 0.5 0.5 0.8 0.7 0.4 6 0.6 0.5 0.7 0.7
007801,0.3 14 0.4 0.3 0.5 0.6 0.9 14 0.4 0.3 0.5 0.4 0.5 14 0.3 0.4 0.6 1.0 0.6 14 0.7 0.6 0.8 0.8 0.7 14 0.2 0.4 0.5 1.0 0.5 14 0.3 0.4 0.5 0.8 0.3 14 0.4 0.3 0.5 0.6 0.3 14 0.2 0.4 0.6 1.0 0.8 14 0.8 0.4 0.8 0.5 0.4 14 0.3 0.3 0.5 0.7 0.4 14 0.5 0.4 0.6 0.6 0.6 14 0.3 0.4 0.5 0.7 0.8 14 0.5 0.4 0.6 0.7 0.8 14 0.5 0.4 0.6 0.7 0.3 4 0.6 0.7 0.7 0.8
007802,0.5 14 0.1 0.8 0.2 1.0 0.5 14 0.1 0.8 0.5 1.0 0.4 14 0.0 0.8 0.2 1.0
007804,0.0 0 0.0 0.0 1.0 1.0
007805,0.4 14 0.2 0.0 0.6 1.0
007806,0.7 6 0.1 0.9 0.2 0.9 0.3 6 0.7 0.8 0.9 1.0 0.8 6 0.0 0.9 0.1 0.9 0.7 6 0.0 0.9 0.0 0.9
007807,0.3 6 0.1 0.1 0.8 0.8 0.8 6 0.1 0.3 0.8 0.8 0.6 6 0.0 0.1 0.8 0.8
007808,0.6 14 0.4 0.4 0.5 0.9 0.3 14 0.1 0.2 0.2 0.6 0.8 14 0.3 0.3 0.5 0.9 0.4 6 0.5 0.4 0.7 0.6
007811,0.8 14 0.3 0.1 0.8 1.0 0.8 14 0.6 0.4 0.8 1.0 0.5 14 0.1 0.5 0.8 1.0 0.7 14 0.3 0.1 0.6 0.9 0.6 14 0.1 0.5 0.4 0.9 0.5 14 0.3 0.1 0.6 0.6 0.5 14 0.1 0.2 0.4 0.9 0.3 14 0.0 0.2 0.4 0.9 0.3 14 0.1 0.5 0.3 0.9 0.3 14 0.6 0.0 0.8 0.9 0.4 14 0.3 0.5 0.8 1.0 0.4 14 0.6 0.4 0.7 0.6 0.5 14 0.6 0.0 0.8 0.3
007816,0.8 14 0.4 0.5 0.5 0.6 0.3 14 0.3 0.5 0.5 0.6 0.9 14 0.3 0.5 0.4 0.6 0.8 14 0.5 0.5 0.6 0.6 0.6 14 0.3 0.5 0.5 0.6 0.4 14 0.5 0.5 0.6 0.6
007817,0.3 14 0.3 0.2 0.5 0.6 0.8 14 -0.0 0.1 0.5 1.0 0.5 14 -0.0 0.1 0.7 1.0 0.4 14 0.3 0.2 0.7 0.9
007818,0.4 6 0.4 0.4 0.4 0.4 0.4 6 0.3 0.4 0.4 0.4 0.8 6 0.0 0.5 0.1 0.6 0.6 6 0.3 0.3 0.4 0.4 0.9 6 0.2 0.3 0.2 0.4 0.9 6 0.0 0.4 0.1 0.4 0.9 6 0.3 0.3 0.3 0.4 0.8 6 0.3 0.3 0.4 0.4 0.8 6 0.1 0.3 0.1 0.4
007822,0.3 14 0.3 0.3 0.5 0.6 1.0 14 0.3 0.3 0.4 0.6 0.5 14 0.4 0.3 0.5 0.5 0.6 14 0.4 0.3 0.5 0.5 0.9 14 0.4 0.3 0.5 0.5 0.9 14 0.4 0.3 0.5 0.6
007823,0.4 14 0.0 0.2 0.1 0.5 0.3 14 0.0 0.2 0.1 0.5 0.5 14 0.0 0.2 0.2 0.9 0.5 14 0.0 0.2 0.1 0.6
007825,0.4 0 0.0 0.3 0.9 0.5
007827,0.5 14 0.4 0.5 0.5 0.6 0.7 14 0.0 0.3 0.5 1.0
007828,0.0 0 0.0 0.0 1.0 1.0
007829,0.3 14 0.1 0.2 0.6 1.0 0.5 14 0.2 0.4 0.4 0.9 0.5 14 0.4 0.6 0.6 0.7 0.4 14 0.1 0.1 0.6 0.8 0.5 14 0.4 0.6 0.6 1.0
007830,0.7 14 0.3 0.1 0.8 0.7
007832,0.0 0 0.0 0.0 1.0 1.0
007835,0.5 6 0.7 0.0 0.8 0.1 0.4 19 0.2 0.2 0.5 0.4 0.6 14 0.3 0.2 0.4 0.4
007837,0.4 6 0.1 0.2 0.6 0.5
007839,0.5 6 0.1 0.0 0.8 1.0 0.7 6 0.1 0.1 0.8 1.0 0.3 6 0.4 0.0 0.9 0.4
007842,0.0 0 0.0 0.0 1.0 1.0
007844,0.6 6 0.0 0.1 0.7 1.0
007846,0.6 14 0.0 0.0 0.8 1.0 0.4 14 0.3 0.3 0.8 1.0
007848,0.0 0 0.0 0.0 1.0 1.0
007849,0.7 14 0.8 0.4 0.9 0.8 0.7 14 0.8 0.4 0.9 0.9 1.0 14 0.8 0.3 0.8 0.6 0.4 14 0.8 0.6 0.9 0.9 0.9 14 0.8 0.4 0.9 0.8 0.5 14 0.8 0.3 0.8 0.7 0.4 14 0.8 0.3 0.9 0.8 0.3 14 0.8 0.4 0.9 0.7
007850,0.0 0 0.0 0.0 1.0 1.0
007851,0.0 0 0.0 0.0 1.0 1.0
007852,0.0 0 0.0 0.0 1.0 1.0
007858,0.5 14 0.3 0.2 0.4 0.5 0.8 14 0.5 0.2 0.6 0.3 1.0 14 0.7 0.2 0.8 0.4 1.0 14 0.6 0.2 0.6 0.4
007860,0.6 14 0.3 0.2 0.5 0.5 0.6 1 0.2 0.4 0.6 0.7 0.9 14 0.3 0.2 0.5 0.6 0.5 14 0.3 0.2 0.4 0.5
007861,0.9 14 0.1 0.2 0.1 0.3 0.7 6 0.2 0.0 0.7 0.4
007862,0.7 14 0.3 0.1 0.6 0.7 0.4 4 0.7 0.1 0.8 0.2 0.3 14 0.6 0.3 0.8 0.7 0.3 14 0.4 0.2 0.8 0.7 0.7 14 0.2 0.2 0.5 0.7 0.4 14 0.4 0.1 0.6 0.4 0.3 14 0.3 0.4 0.5 0.7 0.4 14 0.2 0.1 0.6 0.7 0.4 14 0.5 0.2 0.7 0.5 0.6 14 0.4 0.1 0.6 0.7 0.9 14 0.3 0.1 0.3 0.2 0.9 14 0.1 0.1 0.5 0.6 0.9 14 0.2 0.1 0.3 0.3 0.7 14 0.1 0.1 0.3 0.6 0.7 14 0.3 0.1 0.6 0.7 0.3 14 0.4 0.2 0.7 0.7 0.9 14 0.4 0.2 0.7 0.7 0.8 14 0.5 0.2 0.7 0.4 0.4 4 0.7 0.1 0.7 0.2
007866,0.3 6 0.0 0.8 0.6 1.0
007867,0.0 0 0.0 0.0 1.0 1.0
007870,0.8 14 0.0 0.4 0.0 0.5 0.3 14 0.3 0.4 0.4 0.5 0.5 14 0.0 0.4 0.0 0.5 0.3 6 0.0 0.4 0.2 0.5 0.5 6 0.0 0.4 0.2 0.5
007871,0.8 14 0.2 0.2 0.6 0.8 0.5 14 0.2 0.2 0.3 0.8 0.4 14 0.6 0.1 0.7 0.7 0.7 14 0.0 0.3 0.2 0.7 0.5 14 0.2 0.2 0.6 0.8 0.5 4 0.1 0.7 0.1 0.8 0.6 14 0.5 0.1 0.7 0.8 0.3 14 0.3 0.2 0.6 0.8 0.4 14 0.2 0.2 0.3 0.5 0.9 14 0.1 0.2 0.3 0.8 0.5 14 0.0 0.3 0.2 0.8 0.7 14 0.6 0.1 0.9 0.8 0.5 14 0.3 0.2 0.6 0.8 0.8 14 0.5 0.1 0.9 0.8 0.5 14 0.4 0.1 0.7 0.8 0.6 14 0.6 0.1 0.7 0.6 0.4 14 0.4 0.1 0.9 0.8 0.3 14 0.6 0.1 0.7 0.6
007874,0.4 14 0.2 0.2 0.4 0.5 0.5 14 0.2 0.2 0.4 0.6 0.6 14 0.3 0.2 0.4 0.4 0.8 14 0.1 0.2 0.4 0.8 0.6 14 0.3 0.1 0.6 0.8 0.5 14 0.3 0.1 0.6 0.8
007875,0.3 14 0.0 0.0 0.6 1.0
007879,0.0 0 0.0 0.0 1.0 1.0
007880,0.0 0 0.0 0.0 1.0 1.0
007881,0.7 6 0.0 0.5 0.1 0.6 0.4 6 0.0 0.1 0.9 0.7
007882,0.7 14 0.4 0.1 0.4 0.2 0.6 6 0.8 0.2 1.0 0.4 0.9 14 0.1 0.1 0.2 0.2 0.6 14 0.3 0.1 0.4 0.2 0.3 14 0.5 0.1 0.5 0.2 0.9 6 0.1 0.2 0.9 0.7 0.9 14 0.1 0.2 0.1 0.3 0.7 6 0.9 0.2 1.0 0.3
007887,0.3 14 0.0 0.5 0.6 1.0 0.3 14 0.4 0.3 0.6 0.8 0.8 14 0.5 0.5 0.6 0.6 0.5 14 0.1 0.4 0.6 0.8 0.4 14 0.0 0.0 0.2 0.3 0.5 14 0.4 0.3 0.6 0.6 0.4 14 0.1 0.3 0.6 1.0 0.3 14 0.6 -0.0 1.0 0.4 0.7 14 0.5 0.4 0.6 0.6 0.6 14 0.4 0.3 0.7 0.6 0.5 14 0.2 0.0 0.4 0.4 0.5 14 0.2 0.1 0.3 0.3 0.7 14 0.4 0.3 0.6 0.6 0.5 14 0.6 0.3 0.7 0.5 0.8 14 0.5 0.5 0.6 0.6
007888,0.6 14 0.6 0.1 0.7 0.5 0.4 14 0.6 0.1 0.7 0.3 0.4 14 0.1 0.1 0.4 0.5 0.9 14 0.1 0.1 0.4 0.5 0.4 14 0.1 0.1 0.5 0.5 0.5 14 0.1 0.1 0.3 0.4 0.4 14 0.6 0.1 0.7 0.4 0.3 14 0.1 0.2 0.3 0.5 1.0 14 0.6 0.1 0.9 0.5 0.3 14 0.6 0.1 0.7 0.4
007891,0.7 14 0.0 0.0 0.6 1.0
007892,0.4 14 0.3 0.2 0.6 0.6 0.3 14 0.3 0.2 0.6 0.6 0.9 14 0.3 0.2 0.6 0.9
007893,0.0 0 0.0 0.0 1.0 1.0
007894,0.0 0 0.0 0.0 1.0 1.0
007895,0.7 14 0.0 0.1 0.4 0.7 0.5 14 0.0 0.1 0.5 0.7 0.6 14 0.0 0.1 0.5 1.0
007896,0.9 14 0.4 0.1 0.5 0.3 0.4 14 0.1 0.2 0.4 0.6 0.7 14 0.7 0.2 0.8 0.4 0.3 14 0.7 0.2 1.0 0.5 0.7 14 0.7 0.2 1.0 0.7 0.5 14 0.1 0.2 0.4 0.5 0.4 14 0.3 0.2 0.5 0.7 0.4 14 0.7 0.2 0.9 0.5 0.9 14 0.3 0.2 0.4 0.4 0.6 14 0.1 0.2 0.4 0.7 0.9 14 0.5 0.1 0.6 0.3 0.9 14 0.1 0.2 0.5 0.7 0.5 14 0.2 0.2 0.3 0.3 0.5 14 0.1 0.2 0.4 0.7 0.6 14 0.1 0.2 0.3 0.6 0.7 14 0.6 0.1 0.7 0.6 0.5 14 0.7 0.2 1.0 0.5 0.5 14 0.6 0.2 0.7 0.3 0.9 14 0.6 0.2 1.0 0.7 0.9 14 0.6 0.1 0.7 0.3
007903,0.3 14 0.8 0.2 0.9 0.4 0.9 14 0.0 0.1 0.3 0.7 0.9 14 0.6 0.2 0.8 0.4 0.9 14 0.6 0.2 0.9 0.4 0.4 14 0.6 0.2 0.8 0.4 0.3 14 0.7 0.2 0.8 0.4
007904,0.8 14 0.2 0.3 0.2 0.4 0.9 14 0.7 0.3 0.7 0.5 0.8 14 0.4 0.6 0.5 0.8 0.9 14 0.6 0.3 0.6 0.5 0.5 14 0.1 0.4 0.1 0.4 0.8 14 0.3 0.3 0.3 0.4 0.9 14 0.5 0.3 0.6 0.5 1.0 14 0.1 0.3 0.2 0.7
007906,0.4 6 0.5 0.1 0.6 0.1 0.8 6 0.7 0.1 0.8 0.3 0.8 6 0.7 0.1 0.7 0.2 0.4 6 0.7 0.1 0.7 0.2 0.7 6 0.4 0.1 0.5 0.1 0.4 6 0.7 0.1 0.8 0.2 0.4 6 0.1 0.2 0.8 0.7 0.5 6 0.7 0.1 0.8 0.2 0.7 6 0.5 0.1 0.6 0.2 0.7 6 0.5 0.1 0.6 0.1 0.7 6 0.0 0.0 0.4 0.4 0.5 6 0.0 0.2 0.8 1.0 0.5 6 0.7 0.1 0.8 0.2 0.5 6 0.4 0.0 0.5 0.1 0.3 6 0.5 0.1 0.6 0.1 0.8 6 0.5 0.1 0.6 0.2 0.7 6 0.1 0.2 0.8 0.7 0.8 6 0.6 0.1 0.7 0.1 0.3 6 0.6 0.1 0.7 0.1
007907,0.0 0 0.0 0.0 1.0 1.0
007912,1.0 14 0.7 0.5 0.8 0.9
007913,0.3 14 0.6 0.3 0.7 0.5 0.9 14 0.4 0.2 0.6 0.7 1.0 14 0.0 0.2 0.2 1.0 0.5 14 0.3 0.2 0.6 1.0
007917,0.8 14 0.3 0.2 0.6 1.0 0.3 14 0.2 0.3 0.4 0.8 0.4 14 0.5 0.2 0.8 1.0 0.4 14 0.5 0.2 0.7 0.7 0.7 14 0.3 0.2 0.6 0.8 0.9 14 0.0 0.3 0.4 1.0 0.7 14 0.5 0.2 0.8 1.0 0.6 14 0.2 0.2 0.8 1.0 0.3 14 0.3 0.2 0.8 1.0
007918,0.0 0 0.0 0.0 1.0 1.0
007922,0.9 14 0.4 0.2 0.5 0.5
007927,0.7 6 0.3 0.1 0.9 0.6 0.3 14 0.8 0.2 0.9 0.4 0.9 14 0.9 0.2 0.9 0.3 0.4 14 0.8 0.2 0.9 0.4 0.5 6 0.3 0.1 0.8 0.5 0.6 6 0.0 0.1 0.8 0.7 0.4 14 0.8 0.2 0.9 0.4 0.4 6 0.0 0.1 0.3 0.5 1.0 14 0.8 0.2 0.9 0.3
007929,0.4 14 0.3 0.2 0.5 0.4 0.8 14 0.4 0.2 0.6 0.7 0.9 14 0.2 0.2 0.4 0.7 0.4 14 0.3 0.2 0.5 0.4 1.0 14 0.1 0.2 0.2 0.6 0.6 14 0.2 0.2 0.5 0.7 0.4 14 0.2 0.3 0.4 0.6 0.4 14 0.2 0.2 0.4 0.6 0.7 14 0.4 0.2 0.6 0.7 0.9 14 0.3 0.2 0.5 0.7 0.4 14 0.2 0.2 0.4 0.4 0.4 14 0.2 0.2 0.3 0.5 0.4 14 0.3 0.3 0.4 0.4 0.3 14 0.2 0.3 0.4 0.7 0.3 14 0.3 0.2 0.6 0.7 0.8 14 0.4 0.2 0.6 0.7 0.3 14 0.4 0.2 0.6 0.5
007930,0.0 0 0.0 0.0 1.0 1.0
007934,0.0 0 0.0 0.0 1.0 1.0
007936,0.0 0 0.0 0.0 1.0 1.0
007937,0.6 15 0.3 0.2 0.4 0.4 0.4 15 0.3 0.3 0.4 0.4 0.3 15 0.2 0.2 0.3 0.3 0.4 15 0.3 0.3 0.5 0.5 0.4 15 0.1 0.1 0.3 0.3 0.4 15 0.3 0.3 0.4 0.4
007938,0.3 14 0.6 0.2 0.9 0.7 0.4 14 0.0 0.3 0.3 1.0 0.7 14 0.0 0.0 0.8 1.0 0.3 14 0.0 0.3 0.2 1.0
007941,0.0 0 0.0 0.0 1.0 1.0
007942,0.3 14 0.5 0.2 0.6 0.8 1.0 14 0.5 0.2 0.6 0.4 0.4 14 0.5 0.2 0.6 0.7 0.4 14 0.5 0.2 0.6 0.6 0.4 14 0.5 0.2 0.7 0.9 1.0 14 0.5 0.4 0.7 0.9
007944,0.8 14 0.1 0.3 0.2 0.3
007945,0.3 14 0.8 0.6 0.8 0.7
007948,0.8 6 0.1 0.4 0.9 0.8
007949,0.5 6 0.6 0.5 0.7 0.7 0.3 6 0.3 0.4 0.4 0.8 0.5 6 0.0 0.4 0.3 0.9 0.4 6 0.4 0.4 0.6 0.7
007951,0.9 14 0.8 0.5 0.9 0.6
007952,0.7 4 0.5 0.2 0.5 0.4
007955,0.6 14 0.1 0.3 0.5 1.0 0.7 14 0.1 0.3 0.6 1.0 0.6 14 0.0 0.3 0.7 1.0
007957,0.3 14 0.2 0.1 0.7 1.0 0.5 14 0.1 0.3 0.3 0.6 0.4 14 0.0 0.2 0.4 0.7 0.7 14 0.2 0.2 0.4 0.7 0.3 14 0.4 0.1 0.6 0.6 0.4 14 0.2 0.2 0.4 0.7 0.5 14 0.2 0.2 0.4 0.6 0.9 14 0.0 0.3 0.3 0.7 0.7 14 0.4 0.1 0.6 0.7 0.3 14 0.2 0.2 0.4 0.5 0.3 14 0.0 0.2 0.4 1.0 0.5 14 0.1 0.3 0.3 0.6 0.5 14 0.0 0.3 0.3 1.0 0.3 14 0.0 0.1 0.7 1.0 0.6 14 0.3 0.2 0.4 0.5 0.5 14 0.2 0.2 0.4 0.7 0.5 14 0.1 0.3 0.3 0.6 0.7 14 0.4 0.1 0.8 0.7
007960,0.8 6 0.2 0.3 0.9 0.6
007961,0.8 6 0.6 0.4 0.9 0.4 0.4 6 0.8 0.4 0.9 0.4 1.0 14 0.3 0.3 0.5 0.8 0.3 6 0.0 0.6 0.2 0.8 0.6 6 0.4 0.4 0.9 0.8 0.8 6 0.8 0.4 1.0 0.6 0.4 6 0.6 0.4 0.8 0.4
007962,0.3 14 0.3 0.3 0.5 0.6 0.3 14 0.3 0.4 0.5 0.7 0.6 14 0.0 0.3 0.4 0.8 0.5 14 0.2 0.3 0.5 0.8 0.7 14 0.3 0.3 0.5 0.8 0.8 14 0.2 0.3 0.5 0.8 0.5 14 0.2 0.3 0.7 0.8
007965,0.7 14 0.3 0.2 0.5 0.9 0.4 14 0.2 0.2 0.5 0.9 0.9 14 0.5 0.2 0.6 0.3 0.4 14 0.3 0.2 0.5 0.6 0.5 14 0.4 0.2 0.5 0.5 0.9 14 0.0 0.1 0.5 0.9 0.7 14 0.0 0.1 0.3 0.9 0.3 6 0.5 0.3 0.6 0.5 0.3 6 0.5 0.4 0.6 0.5
007966,0.6 14 0.2 0.2 0.6 0.7 0.9 14 0.2 0.2 0.5 0.7 0.4 14 0.2 0.2 0.6 0.8 0.6 14 0.4 0.2 0.6 0.7 0.4 14 0.2 0.2 0.6 0.7 0.5 14 0.4 0.2 0.6 0.7
007967,0.7 6 0.7 0.1 0.8 0.2 0.6 6 0.7 0.1 0.8 0.2 0.5 6 0.3 0.1 0.5 0.2 0.3 6 0.3 0.1 0.6 0.2 0.8 6 0.3 0.1 0.5 0.2 0.6 6 0.5 0.1 0.6 0.2 0.8 6 0.3 0.1 0.6 0.2 1.0 14 0.1 0.0 0.2 0.4 0.9 6 0.7 0.1 0.8 0.2 0.5 6 0.3 0.1 0.5 0.2
007969,0.4 14 0.1 0.6 0.2 0.8 0.4 6 0.0 0.2 0.3 0.4 0.9 14 0.6 0.3 0.6 0.4 0.8 14 0.4 0.3 0.4 0.4 1.0 14 0.2 0.2 0.4 0.8 0.8 14 0.6 0.3 0.7 0.4 0.8 14 0.5 0.3 0.6 0.4 1.0 14 0.1 0.4 0.2 0.8 0.9 14 0.4 0.2 0.6 0.8 0.7 6 0.1 0.3 0.2 0.4 0.5 14 0.4 0.6 0.4 0.8
007972,0.5 14 0.7 0.1 0.9 0.6 0.3 14 0.5 0.1 0.9 0.6 0.4 14 0.8 0.1 0.9 0.6 0.3 14 0.2 0.1 0.4 0.4 0.5 14 0.5 0.1 0.7 0.6 0.9 14 0.0 0.1 0.5 0.7 0.4 14 0.5 0.1 0.9 0.6 0.6 14 0.3 0.1 0.4 0.2 0.9 14 0.5 0.1 0.8 0.6 0.5 14 0.8 0.1 0.9 0.5 0.3 14 0.7 0.1 0.8 0.3
007973,0.4 6 0.1 0.3 0.7 0.5 0.4 6 0.3 0.3 0.5 0.4 0.4 6 0.1 0.3 0.2 0.4 0.3 6 0.1 0.3 0.2 0.4
007975,0.5 14 0.7 0.4 0.8 0.6 0.9 14 0.6 0.4 0.8 0.6
007977,0.5 14 0.1 0.0 0.5 0.6 0.4 14 0.1 0.0 0.6 0.7 0.4 14 0.1 0.0 0.8 0.7
007978,0.8 14 0.5 0.2 0.6 0.4 0.9 14 0.5 0.2 0.6 0.5
007981,0.7 14 0.2 0.2 0.7 1.0 0.5 14 0.0 0.2 0.8 1.0 0.3 14 0.2 0.2 0.7 0.8
007982,0.4 6 0.2 0.4 0.7 0.6 0.6 6 0.1 0.4 0.2 0.4 0.3 6 0.1 0.3 0.1 0.4 0.6 6 0.1 0.3 0.1 0.4
007983,0.4 14 0.3 0.2 0.4 0.3 0.8 14 0.0 0.2 0.2 0.4 0.6 1 0.2 0.5 0.5 0.9 0.4 1 0.2 0.4 0.5 0.9 0.4 14 0.2 0.2 0.3 0.4 0.4 1 0.2 0.5 0.5 0.9 0.9 14 0.3 0.2 0.4 0.4 0.6 14 0.0 0.2 0.4 0.7 0.6 14 0.0 0.2 0.2 0.7 0.5 14 0.2 0.2 0.3 0.3 0.3 1 0.2 0.5 0.5 0.9
007985,1.0 14 0.4 0.2 0.5 0.6
007986,0.9 14 0.4 0.5 0.5 0.6 0.6 14 0.1 0.1 0.4 0.9 0.7 14 0.5 0.7 0.6 0.8 0.4 14 0.1 0.7 0.2 0.9 0.6 14 0.1 0.0 0.5 1.0 0.3 14 0.4 0.5 0.6 0.9
007988,0.3 14 0.5 0.1 0.6 0.3 0.3 14 0.7 0.1 0.8 0.2 0.4 14 0.5 0.1 0.6 0.3 0.9 14 0.2 0.6 0.3 0.7 0.5 14 0.7 0.1 0.8 0.3 0.6 14 0.5 0.1 0.8 0.4 0.4 14 0.7 0.1 0.8 0.3 0.5 14 0.4 0.1 0.8 0.7 0.6 14 0.5 0.1 0.8 1.0
007989,0.0 0 0.0 0.0 1.0 1.0
007990,0.4 14 0.5 0.4 0.6 0.4 0.4 6 0.0 0.4 0.1 0.5
007992,0.3 6 0.4 0.3 0.7 0.4 0.8 6 0.4 0.3 0.7 0.4 0.7 14 0.1 0.1 0.1 0.1
007993,0.0 0 0.0 0.0 1.0 1.0
007994,0.8 14 0.3 0.2 0.5 0.5 0.6 14 0.7 0.3 0.7 0.5 0.7 14 0.6 0.3 0.7 0.5 0.3 14 0.3 0.2 0.4 0.4 0.3 14 0.3 0.2 0.5 0.4 0.8 14 0.6 0.3 0.7 0.5 1.0 14 0.1 0.3 0.2 0.5 0.6 14 0.7 0.3 0.7 0.5 0.6 14 0.3 0.2 0.5 0.5 0.9 14 0.6 0.3 0.7 0.5 1.0 14 0.8 0.2 0.8 0.5
007995,0.3 6 0.0 0.2 0.8 0.4
008000,0.0 0 0.0 0.0 1.0 1.0
008003,0.5 14 0.3 0.0 0.5 0.2 0.5 14 0.3 0.0 0.7 0.4 0.3 14 0.3 0.0 0.6 0.5 0.4 14 0.3 0.0 0.6 0.5 0.3 6 0.1 0.0 1.0 0.6 0.6 6 0.0 0.0 1.0 0.6 0.4 6 0.0 0.1 1.0 0.6
008006,0.4 6 0.0 0.4 0.2 0.6 0.9 6 0.0 0.4 0.2 0.6
008007,0.4 1 0.2 0.0 0.7 0.5
008010,0.3 14 0.3 0.0 0.5 0.3 0.7 14 0.3 0.1 0.5 0.2 0.8 14 0.3 0.1 0.5 0.3
008011,0.0 0 0.0 0.0 1.0 1.0
008013,0.9 14 0.3 0.2 0.6 0.7 0.3 14 0.0 0.2 0.2 0.4 0.3 14 0.3 0.2 0.5 0.4 0.7 14 0.3 0.2 0.5 0.5
008014,0.7 14 0.3 0.0 0.5 0.4 0.4 14 0.4 0.0 0.7 1.0 0.3 14 0.4 0.0 0.5 0.1 0.7 14 0.3 0.0 0.7 0.5 0.5 14 0.4 0.0 0.7 0.5 0.3 14 0.4 0.0 0.7 1.0 0.4 14 0.0 0.3 0.2 0.6 0.6 14 0.4 0.0 0.7 0.5 0.5 14 0.4 0.0 0.7 1.0
008015,0.0 0 0.0 0.0 1.0 1.0
008016,0.0 0 0.0 0.0 1.0 1.0
008018,0.3 14 0.4 0.3 0.8 0.7 0.4 14 0.5 0.2 0.6 0.4 0.7 14 0.0 0.2 0.6 0.7 0.8 14 0.0 0.3 0.4 0.7 0.6 14 0.3 0.2 0.6 0.7 0.6 14 0.0 0.3 0.4 1.0 0.4 14 0.0 0.2 0.8 1.0 0.5 14 0.3 0.3 0.8 0.7 0.4 14 0.6 0.3 0.8 0.5
008020,0.9 6 0.0 0.4 0.2 0.6
008021,0.0 0 0.0 0.0 1.0 1.0
008022,0.8 14 0.3 0.2 0.6 0.7 0.4 14 0.0 0.0 0.4 0.6 0.6 14 0.6 0.0 1.0 1.0 0.3 14 0.6 0.0 0.9 0.7 0.3 4 0.4 0.2 0.5 0.3 0.3 14 0.4 0.2 0.6 0.6 0.4 14 0.0 0.1 0.5 0.8 0.5 4 0.4 0.6 0.4 0.7 0.7 14 0.0 0.1 0.5 0.7 0.4 14 0.4 0.2 0.6 0.6 0.8 14 0.4 0.2 0.6 0.7 0.8 14 0.0 0.0 0.5 1.0 0.8 14 0.6 0.0 0.9 0.7 0.9 14 0.6 0.0 1.0 0.8
008025,0.0 0 0.0 0.0 1.0 1.0
008027,0.8 14 0.0 0.5 0.3 1.0 0.7 14 0.1 0.2 0.4 0.7 0.5 14 0.1 0.2 0.4 0.6 0.3 14 0.1 0.5 0.3 1.0 0.6 14 0.1 0.2 0.3 0.5 0.6 14 0.0 0.2 0.3 1.0 0.5 14 0.1 0.5 0.4 1.0 0.6 14 0.0 0.5 0.3 1.0
008028,0.0 0 0.0 0.0 1.0 1.0
008030,0.8 6 0.2 0.1 0.8 0.5
008034,0.4 14 0.2 0.1 0.4 0.4 0.3 14 0.2 0.1 0.4 0.4 0.9 14 0.2 0.1 0.5 0.4 0.9 14 0.5 0.1 0.8 0.5
008035,0.4 14 0.2 0.6 0.3 0.9 0.8 14 0.4 0.7 0.4 0.8 0.4 14 0.2 0.6 0.3 0.7 0.9 14 0.0 0.6 0.1 0.7 0.8 14 0.2 0.6 0.3 0.7 0.8 14 0.1 0.4 0.1 0.5 0.7 14 0.2 0.6 0.2 0.7 0.8 14 0.1 0.6 0.1 0.7 0.9 6 0.5 0.7 0.7 0.8
008038,0.4 14 0.4 0.2 0.5 0.4 1.0 14 0.4 0.2 0.5 0.7 1.0 14 0.2 0.2 0.4 0.7 0.5 14 0.2 0.2 0.5 0.7 0.7 14 0.4 0.2 0.5 0.7 0.5 14 0.4 0.2 0.6 0.7 1.0 14 0.5 0.2 0.7 0.7
008039,0.5 15 0.2 0.4 0.3 0.5 0.7 15 0.2 0.3 0.3 0.5 1.0 14 0.1 0.3 0.2 0.5 0.6 15 0.6 0.4 0.6 0.5
008041,0.5 14 0.1 0.2 0.5 0.7 0.5 14 0.0 0.0 0.4 0.6 0.5 14 0.0 0.2 0.5 1.0 0.6 14 0.0 0.2 0.4 0.9 0.4 14 0.1 0.2 0.5 0.9 0.5 14 0.3 0.0 0.7 0.9 0.3 14 0.3 0.0 0.7 0.9
008045,0.3 14 0.4 0.0 0.6 0.2 0.8 14 0.7 0.0 0.8 0.3 0.5 14 0.4 0.0 0.7 0.3
008046,0.4 1 0.3 0.5 0.6 0.7 0.4 1 0.0 0.5 0.0 0.6 0.4 1 0.3 0.5 0.5 0.7 0.5 14 0.5 0.3 0.6 0.5 0.3 1 0.3 0.4 0.5 0.7 0.4 14 0.4 0.4 0.4 0.5 0.7 14 0.5 0.3 0.6 0.5 0.4 1 0.3 0.5 0.6 0.7 0.9 14 0.0 0.4 0.0 0.6 0.7 1 0.1 0.4 0.3 0.6 0.3 14 0.4 0.3 0.6 0.5 1.0 14 0.2 0.4 0.3 0.6 0.4 1 0.1 0.5 0.3 0.6 0.8 14 0.4 0.3 0.6 0.7 0.4 1 0.1 0.4 0.6 0.7 0.4 1 0.3 0.5 0.6 0.7 0.6 1 0.3 0.4 0.6 0.7
008047,0.5 14 0.2 0.3 0.3 0.4 0.7 6 0.0 0.1 0.1 0.1 0.5 6 0.1 0.0 0.6 0.4 0.4 6 0.1 0.3 0.3 0.4 0.3 14 0.2 0.3 0.3 0.4 0.4 6 0.5 0.0 0.6 0.0
008050,0.8 14 0.6 0.1 0.6 0.2 0.9 14 0.5 0.3 0.5 0.4 0.3 6 0.6 0.3 0.7 0.4 0.9 14 0.3 0.3 0.4 0.4 0.6 14 0.7 0.3 0.8 0.4 0.5 14 0.5 0.3 0.5 0.4 0.9 14 0.8 0.3 0.8 0.4
008052,1.0 14 0.4 0.1 0.5 0.3
008054,0.0 0 0.0 0.0 1.0 1.0
008055,0.0 0 0.0 0.0 1.0 1.0
008056,0.0 0 0.0 0.0 1.0 1.0
008058,0.8 14 0.7 0.5 0.9 1.0 1.0 14 0.3 0.1 0.5 0.7 1.0 14 0.0 0.1 0.2 0.7 0.9 14 0.7 0.5 0.8 0.7 1.0 14 0.6 0.1 0.8 0.6
008059,0.8 14 0.4 0.0 0.6 0.5 0.8 14 0.4 0.2 0.6 0.6 0.6 14 0.8 0.3 0.9 0.4 0.8 14 0.7 0.3 0.8 0.4 0.5 14 0.4 0.0 0.6 0.3 0.4 14 0.7 0.3 0.8 0.5 0.3 14 0.9 0.3 0.9 0.5 0.8 14 0.4 0.2 0.6 0.5 0.3 14 0.4 0.0 0.6 0.4 0.4 14 0.7 0.3 0.8 0.5
008065,0.0 0 0.0 0.0 1.0 1.0
008066,0.0 0 0.0 0.0 1.0 1.0
008070,0.7 14 0.0 0.1 0.6 1.0 0.8 14 0.1 0.1 0.5 0.8 0.7 14 0.2 0.3 0.2 0.3 0.4 14 0.2 0.1 0.5 0.5 0.7 14 0.0 0.1 0.5 1.0 0.3 14 0.1 0.2 0.2 0.3 0.9 14 0.0 0.2 0.2 0.6 0.4 14 0.0 0.1 0.6 1.0
008071,0.3 15 0.0 0.8 0.1 1.0
008073,0.9 14 0.2 0.1 0.3 0.6 0.8 14 0.1 0.1 0.3 0.6 0.4 8 0.5 0.5 0.7 0.7
008074,0.7 14 0.2 0.3 0.5 0.9 0.6 1 0.1 0.6 0.6 0.9 0.8 14 0.2 0.2 0.5 0.8 0.5 14 0.2 0.2 0.5 0.9 0.9 14 0.0 0.4 0.2 0.7
008077,0.3 14 0.2 0.4 0.7 1.0 0.5 14 0.5 0.4 0.8 1.0 0.4 14 0.5 0.6 0.7 0.9 0.9 14 0.0 0.3 0.2 0.8 0.3 14 0.5 0.4 0.7 0.8 0.7 14 0.0 0.3 0.2 1.0 0.8 14 0.7 0.3 0.9 0.9 0.3 14 0.5 0.6 0.7 0.9 0.8 14 0.5 0.4 0.7 0.9 0.8 14 0.6 0.3 0.9 1.0
008078,0.0 0 0.0 0.0 1.0 1.0
008080,0.4 14 0.3 0.2 0.9 1.0
008081,0.7 14 0.5 0.0 0.6 0.1 0.8 14 0.5 0.0 0.6 0.1 0.9 14 0.1 0.0 0.2 0.3 1.0 14 0.8 0.1 0.8 0.5 1.0 14 0.7 0.1 0.8 0.5 0.5 14 0.8 0.1 0.9 0.3 0.5 14 0.5 0.0 0.5 0.1 0.3 14 0.1 0.0 0.3 0.4 0.4 14 0.6 0.0 0.6 0.2 0.4 15 0.6 0.3 0.7 0.5 0.9 14 0.0 0.2 0.1 0.4 0.7 14 0.8 0.0 0.8 0.3 0.9 14 0.6 0.0 0.6 0.2 0.4 14 0.5 0.0 0.6 0.4 0.9 14 0.2 0.0 0.3 0.3 0.4 14 0.8 0.1 0.9 0.4 0.3 15 0.5 0.3 0.6 0.5 0.9 14 0.8 0.0 0.8 0.5 0.5 14 0.6 0.0 0.6 0.2
008088,0.9 6 0.0 0.6 0.1 0.7 0.7 14 0.1 0.2 0.1 0.3
008089,0.0 0 0.0 0.0 1.0 1.0
008090,0.0 0 0.0 0.0 1.0 1.0
008092,0.4 6 0.1 0.6 0.2 0.6
008094,0.9 14 0.4 0.5 0.5 0.7 0.3 14 0.0 0.1 0.4 0.6 0.9 14 0.0 0.1 0.4 0.7 0.9 14 0.5 0.1 0.8 0.7
008097,0.3 14 0.3 0.1 0.4 0.5 0.5 14 0.5 0.4 0.6 0.5 0.4 14 0.3 0.3 0.7 0.6 0.4 14 0.3 0.1 0.4 0.3
008099,0.9 14 0.3 0.4 0.3 0.5 0.6 14 0.1 0.4 0.1 0.5
008102,0.9 14 0.5 0.2 0.7 0.6
008104,1.0 14 0.7 0.3 0.7 0.5 0.9 14 0.8 0.4 0.8 0.5 0.9 14 0.7 0.3 0.8 0.5 0.3 6 0.7 0.3 0.8 0.4 0.3 14 0.6 0.3 0.6 0.5 0.3 14 0.7 0.3 0.8 0.5 0.9 14 0.4 0.4 0.4 0.5 0.9 14 0.6 0.3 0.6 0.5 1.0 14 0.6 0.3 0.7 0.5
008109,0.0 0 0.0 0.0 1.0 1.0
008110,0.3 14 0.1 0.3 0.4 0.8 0.9 14 0.1 0.3 0.4 0.8
008111,0.5 14 0.0 0.1 0.4 1.0 0.4 14 0.1 0.1 0.4 0.9 0.9 14 0.1 0.4 0.3 0.9 0.7 14 0.1 0.1 0.3 0.9 0.4 14 0.1 0.0 0.5 0.2 0.7 14 0.1 0.1 0.4 0.9 0.7 14 0.0 0.1 0.3 0.9 0.9 14 0.4 0.2 0.6 0.9
008113,0.0 0 0.0 0.0 1.0 1.0
008114,0.3 14 0.0 0.0 0.1 0.6
008118,0.0 0 0.0 0.0 1.0 1.0
008119,0.0 0 0.0 0.0 1.0 1.0
008120,0.8 14 0.4 0.4 0.7 0.9 0.5 14 0.0 0.3 0.3 0.9 0.8 14 0.0 0.1 0.5 0.9 0.5 14 0.4 0.5 0.6 0.9
008123,0.0 0 0.0 0.0 1.0 1.0
008124,0.9 14 0.6 0.1 0.7 0.5 0.7 14 0.6 0.1 0.7 0.3
008126,0.6 6 0.2 0.4 0.9 0.8 0.7 14 0.3 0.4 0.4 0.4 0.9 14 0.6 0.1 0.8 0.4 1.0 14 0.3 0.3 0.4 0.4 0.3 6 0.2 0.4 0.7 0.7 0.8 14 0.6 0.1 1.0 0.7
008128,0.6 1 0.2 0.4 0.7 0.9 0.6 14 0.2 0.1 0.4 0.7 0.9 14 0.2 0.1 0.4 0.7 0.4 1 0.2 0.3 0.7 0.9
008129,0.7 6 0.2 0.4 0.7 1.0
008131,1.0 14 0.1 0.2 0.4 1.0 0.9 14 0.5 0.1 0.9 0.8 0.6 8 0.5 0.7 0.8 1.0 0.9 14 0.5 0.1 0.9 1.0
008133,0.4 6 0.1 0.4 0.7 0.9 0.7 6 0.1 0.4 0.7 0.9
008134,0.4 4 0.5 0.1 0.6 0.5 0.3 4 0.4 0.6 0.5 1.0 0.4 4 0.7 0.5 0.8 1.0 0.7 4 0.6 0.6 0.7 1.0 0.6 4 0.2 0.6 0.3 1.0 0.6 4 0.3 0.6 0.4 1.0 0.5 4 0.5 0.6 0.6 1.0 0.8 14 0.1 0.6 0.2 1.0 0.9 14 0.0 0.0 0.2 1.0 0.3 4 0.3 0.6 0.4 0.7 0.7 4 0.4 0.6 0.5 1.0 0.4 4 0.6 0.1 0.7 0.4 0.3 4 0.6 0.1 0.7 0.3
008135,0.3 6 0.8 0.1 0.9 0.2 0.8 6 0.0 0.0 0.8 1.0 0.9 6 0.8 0.1 0.9 0.2
008136,0.7 6 0.0 0.3 0.9 0.9
008143,0.8 6 0.4 0.5 0.7 0.7
008145,0.0 0 0.0 0.0 1.0 1.0
008146,0.9 14 0.3 0.8 0.3 0.9
008147,0.4 14 0.3 0.1 0.5 0.3 0.8 14 0.2 0.2 0.3 0.6 0.7 14 0.4 0.1 0.6 0.4 0.8 14 0.2 0.1 0.6 0.6 0.6 14 0.2 0.1 0.5 0.6 0.3 14 0.2 0.1 0.5 0.4 0.6 14 0.2 0.2 0.3 0.4 0.7 14 0.3 0.1 0.4 0.3 0.3 14 0.3 0.1 0.6 0.4
008148,0.0 0 0.0 0.0 1.0 1.0
008149,0.7 14 0.0 0.2 0.4 0.8 0.4 14 0.0 0.0 0.7 0.8 0.6 14 0.0 0.0 0.7 1.0 0.4 14 0.0 0.2 0.3 1.0
008152,1.0 14 0.4 0.1 0.6 0.8 0.6 6 0.1 0.2 0.8 0.7 1.0 14 0.7 0.2 0.8 0.3 1.0 14 0.0 0.2 0.1 0.4
008153,0.4 15 0.3 0.6 0.4 0.7 0.3 19 0.2 0.1 0.4 0.4
008154,0.4 6 0.0 0.2 0.9 0.6
008155,0.7 15 0.6 0.3 0.7 0.4
008156,0.3 15 0.6 0.3 0.7 0.5 0.5 15 0.6 0.3 0.7 0.5
008157,0.3 14 0.7 0.1 0.9 0.5 0.5 14 0.7 0.2 0.9 0.6 0.5 14 0.5 0.2 1.0 0.7 0.7 14 0.8 0.2 1.0 0.6 0.5 14 0.7 0.1 0.9 0.4 0.3 14 0.9 0.2 0.9 0.3 0.4 14 0.8 0.2 1.0 0.4 0.4 14 0.5 0.2 0.9 0.6 0.4 14 0.7 0.2 1.0 0.5 0.5 14 0.7 0.1 1.0 0.5 0.6 14 0.5 0.2 0.8 0.7 0.3 14 0.0 0.0 0.5 0.7 0.6 14 0.7 0.1 1.0 0.7 0.6 14 0.5 0.2 1.0 0.7 0.9 14 0.5 0.2 0.8 0.7 0.8 14 0.7 0.2 1.0 0.6 0.5 14 0.7 0.1 0.8 0.3 0.5 14 0.5 0.2 1.0 0.7 0.7 14 0.7 0.1 0.9 0.4
008158,0.7 6 0.0 0.1 0.3 0.5
008161,0.7 6 0.0 0.3 0.1 0.5 0.6 6 0.6 0.5 0.6 0.5 0.8 6 0.0 0.3 0.1 0.5 0.7 6 0.0 0.3 0.7 0.7 0.8 6 0.4 0.5 0.6 0.6
008162,0.0 0 0.0 0.0 1.0 1.0
008165,0.4 6 0.9 0.2 1.0 0.2
008167,0.7 15 0.2 0.4 0.3 0.5 0.4 15 0.2 0.1 0.3 0.5 0.6 15 0.2 0.1 0.3 0.5
008170,0.4 14 0.0 0.2 0.3 1.0 0.5 14 0.4 0.2 0.6 1.0 0.7 14 0.4 0.2 0.4 0.3 0.9 14 0.0 0.0 0.3 1.0 0.3 14 0.1 0.0 0.3 1.0 0.8 14 0.5 0.3 0.6 0.9
008172,0.9 14 0.2 0.3 0.6 1.0 0.7 14 0.1 0.0 0.3 1.0 0.8 14 0.0 0.0 0.3 1.0
008176,0.0 0 0.0 0.0 1.0 1.0
008178,0.7 14 0.5 0.1 0.8 1.0 0.8 14 0.5 0.1 0.7 0.6 0.4 14 0.5 0.1 0.7 0.6 0.6 14 0.1 0.1 0.7 1.0 0.5 14 0.5 0.1 0.7 1.0
008179,0.0 0 0.0 0.0 1.0 1.0
008181,0.0 0 0.0 0.0 1.0 1.0
008182,0.7 14 0.0 0.4 0.9 1.0 0.4 6 0.1 0.0 1.0 0.8
008183,0.3 14 0.3 0.2 0.6 0.9 0.4 14 0.4 0.2 0.5 0.4 0.9 14 0.1 0.1 0.3 0.9 0.7 14 0.4 0.1 0.6 0.4 0.7 14 0.2 0.1 0.3 0.3 0.4 14 0.4 0.1 0.6 0.9
008184,0.3 8 0.2 0.6 0.4 0.8 0.6 8 0.2 0.6 0.4 0.9
008185,0.0 0 0.0 0.0 1.0 1.0
008187,0.7 14 0.7 0.1 0.9 0.5
008192,1.0 14 0.3 0.1 0.5 0.5
008193,0.0 0 0.0 0.0 1.0 1.0
008194,0.0 0 0.0 0.0 1.0 1.0
008195,0.8 6 0.0 0.0 0.1 0.1 0.5 6 0.0 0.0 0.1 0.1 0.9 14 0.0 0.0 0.5 0.7
008196,1.0 14 0.3 0.2 0.5 0.4 0.9 14 0.0 0.2 0.1 0.5 0.5 14 0.0 0.2 0.1 1.0
008198,0.4 15 0.4 0.3 0.5 0.4 0.3 15 0.3 0.3 0.4 0.4 0.7 15 0.3 0.3 0.5 0.4 0.5 15 0.3 0.3 0.4 0.4
008201,0.4 14 0.0 0.2 0.4 1.0 0.7 14 0.0 0.1 0.4 0.8
008205,1.0 14 0.4 0.1 0.6 0.5
008206,0.5 15 0.2 0.1 0.5 0.7 0.4 15 0.2 0.1 0.5 0.7 0.4 15 0.2 0.1 0.5 0.7 0.6 15 0.2 0.1 0.5 0.7
008207,0.4 14 0.5 0.1 0.6 0.3 0.7 14 0.4 0.1 0.5 0.4 0.5 14 0.2 0.5 0.5 0.7 0.7 14 0.4 0.5 0.5 0.6 0.7 14 0.0 0.2 0.2 0.4 0.4 14 0.7 0.6 0.7 0.7 0.5 14 0.5 0.4 0.7 0.6 0.7 14 0.2 0.4 0.4 0.7 0.5 14 0.2 0.5 0.5 0.7 0.8 14 0.5 0.1 0.6 0.5 0.3 14 0.0 0.5 0.5 1.0 0.5 14 0.0 0.2 0.2 0.5 0.4 14 0.0 0.2 0.2 0.7 0.7 14 0.3 0.5 0.4 0.6 0.8 14 0.6 0.0 0.8 0.4 0.9 14 0.3 0.1 0.4 0.3 0.9 14 0.0 0.4 0.3 0.7 0.3 14 0.4 0.4 0.6 0.7 0.3 14 0.3 0.1 0.6 0.5 0.8 14 0.2 0.1 0.3 0.4 0.7 14 0.0 0.1 0.3 0.7 0.9 14 0.5 0.4 0.7 0.7 0.7 14 0.3 0.4 0.5 0.6 0.4 14 0.2 0.4 0.3 0.6 0.9 14 0.4 0.5 0.6 0.7 0.4 14 0.5 0.4 0.8 0.7 0.4 14 0.5 0.5 0.6 0.7
008210,0.4 8 0.5 0.5 0.6 0.6 0.4 8 0.3 0.4 0.4 0.5 0.3 8 0.5 0.5 0.6 0.7 0.4 8 0.5 0.5 0.6 0.7
008212,0.8 6 0.3 0.5 0.4 0.5 0.4 6 0.1 0.6 0.2 0.6 0.3 6 0.4 0.5 0.5 0.5 0.8 6 0.4 0.5 0.5 0.5
008214,0.0 0 0.0 0.0 1.0 1.0
008215,0.5 14 0.3 0.3 0.6 1.0 0.7 14 0.4 0.7 0.6 1.0 1.0 14 0.1 0.3 0.3 1.0 0.7 14 0.4 0.3 0.6 1.0
008217,0.3 6 0.7 0.3 0.8 0.5 0.3 6 0.1 0.5 0.6 0.9 0.7 14 0.5 0.5 0.5 0.6
008219,0.9 14 0.3 0.3 0.4 0.4 0.4 14 0.2 0.3 0.2 0.4 0.4 14 0.2 0.3 0.4 0.4
008221,0.0 0 0.0 0.0 1.0 1.0
008227,0.3 1 0.7 0.5 0.9 1.0
008228,0.0 0 0.0 0.0 1.0 1.0
008230,0.6 6 0.0 0.5 0.1 0.7 0.9 14 0.2 0.3 0.3 0.5 0.4 6 0.0 0.3 0.8 0.9 0.9 14 0.1 0.4 0.1 0.5 0.3 6 0.3 0.3 0.8 0.8
008231,0.5 14 0.5 0.1 0.5 0.2 0.8 14 0.4 0.2 0.4 0.2 0.4 14 0.5 0.2 0.5 0.2 0.9 14 0.6 0.2 0.6 0.2 0.3 14 0.4 0.2 0.5 0.2 0.3 6 0.0 0.2 0.0 0.3 0.4 14 0.4 0.2 0.4 0.2 0.7 6 0.8 0.2 0.9 0.3 0.3 14 0.7 0.2 0.8 0.2 0.9 6 0.0 0.2 0.1 0.3 0.8 14 0.8 0.2 0.8 0.3 0.5 14 0.3 0.2 0.4 0.3 0.3 14 0.4 0.2 0.4 0.3 0.7 14 0.5 0.2 0.5 0.2 0.9 14 0.5 0.1 0.5 0.2 0.7 6 0.0 0.1 0.4 0.4 0.6 6 0.3 0.2 0.4 0.3 0.5 6 0.0 0.1 0.9 1.0 0.7 6 0.0 0.1 0.9 1.0 0.4 14 0.7 0.2 0.8 0.2 0.7 14 0.6 0.2 0.6 0.2
008233,0.7 14 0.2 0.1 0.6 0.4 0.5 14 0.2 0.3 0.6 0.6 0.3 14 0.2 0.3 0.7 0.6 0.3 14 0.4 0.1 0.5 0.4 0.4 14 0.1 0.3 0.7 1.0 0.7 14 0.2 0.1 0.6 0.6 0.4 14 0.2 0.3 0.5 0.5 0.5 14 0.2 0.3 0.7 0.6 0.3 14 0.2 0.1 0.9 0.7 0.9 14 0.7 0.1 0.7 0.2
008234,0.7 6 0.7 0.2 0.8 0.4 0.4 6 0.7 0.3 0.8 0.4 0.9 14 0.3 0.2 0.4 0.4 0.3 6 0.0 0.1 0.3 0.4 0.8 14 0.2 0.2 0.2 0.3 0.5 6 0.7 0.2 0.8 0.4
008237,0.7 14 0.5 0.4 0.6 0.5 0.5 6 0.0 0.4 0.5 0.7 0.9 14 0.7 0.4 0.8 0.5
008238,0.3 14 0.0 0.3 0.6 1.0 0.6 14 0.4 0.3 0.6 0.7 0.3 14 0.1 0.1 0.6 0.7 0.5 14 0.1 0.3 0.6 1.0 0.5 14 0.1 0.1 0.6 0.7 0.6 14 0.1 0.1 0.6 1.0 0.5 15 0.1 0.2 0.3 0.4 0.5 14 0.0 0.4 0.2 1.0 0.3 14 0.1 0.1 0.8 1.0 0.7 14 0.0 0.4 0.2 0.6 0.5 14 0.1 0.3 0.6 0.7 0.3 14 0.3 0.3 0.6 0.7
008239,0.4 14 0.1 0.2 0.2 0.2 0.5 4 0.8 0.4 0.8 0.6 0.4 14 0.4 0.1 0.6 0.5 0.9 14 0.1 0.1 0.4 0.5 0.8 14 0.4 0.1 0.7 0.4 0.8 14 0.2 0.1 0.4 0.5 0.9 14 0.4 0.1 0.7 0.5 0.8 14 0.4 0.1 0.7 0.5
008240,0.0 0 0.0 0.0 1.0 1.0
008242,0.0 0 0.0 0.0 1.0 1.0
008243,0.8 14 0.0 0.0 0.5 1.0
008245,0.4 15 0.5 0.3 0.5 0.3 0.9 14 0.2 0.3 0.3 0.5 0.7 14 0.5 0.3 0.6 0.5 0.8 14 0.0 0.3 0.1 0.5 0.9 14 0.3 0.3 0.4 0.5 0.6 4 0.6 0.6 0.7 0.7 0.4 14 0.1 0.3 0.3 0.8 0.8 14 0.5 0.3 0.6 0.6 1.0 14 0.4 0.3 0.5 0.5 0.3 14 0.2 0.3 0.3 0.5 0.8 14 0.0 0.3 0.1 0.8 0.9 14 0.0 0.3 0.1 0.6 0.5 14 0.3 0.3 0.4 0.4 1.0 14 0.6 0.3 0.7 0.6 0.6 14 0.5 0.3 0.7 0.6
008246,0.4 6 0.3 0.2 0.6 0.5 0.9 6 0.8 0.3 1.0 0.3 0.7 6 0.6 0.2 0.9 0.4 0.4 6 0.8 0.3 1.0 0.3 0.7 6 0.6 0.3 0.7 0.4 0.5 6 0.0 0.1 0.4 0.6 0.3 6 0.7 0.2 0.9 0.4
008247,0.4 6 0.1 0.4 0.2 0.6
008249,0.4 14 0.5 0.1 0.6 0.4 0.3 14 0.4 0.1 0.6 0.5 0.9 14 0.7 0.1 0.9 0.4 0.5 14 0.4 0.1 0.7 0.5 0.8 14 0.5 0.1 0.7 0.4 0.5 14 0.6 0.1 0.9 0.6 0.6 14 0.7 0.1 0.9 0.6
008255,0.3 14 0.1 0.2 0.3 0.5 0.5 14 0.2 0.5 0.3 0.7 0.7 14 0.2 0.5 0.3 0.7 0.9 14 0.1 0.2 0.3 0.7
008256,0.4 14 0.3 0.1 0.5 0.5 0.6 6 0.5 0.7 0.6 0.7 0.9 14 0.3 0.1 0.4 0.4
008257,0.5 14 0.0 0.5 0.3 1.0 0.9 14 0.3 0.1 0.4 0.4 0.3 14 0.1 0.3 0.4 0.8 0.6 14 0.4 0.2 0.5 0.4 0.5 14 0.1 0.1 0.5 0.6 0.7 14 0.3 0.3 0.4 0.5 0.4 14 0.3 0.1 0.5 0.5 0.9 14 0.2 0.5 0.3 0.8 0.6 14 0.5 0.3 0.6 0.4 0.4 14 0.3 0.2 0.6 0.5 0.6 14 0.1 0.3 0.3 0.8 0.4 14 0.1 0.3 0.3 0.8 0.6 14 0.3 0.2 0.5 0.5 0.4 14 0.4 0.3 0.6 0.6
008259,0.3 1 0.1 0.4 0.2 0.6 0.4 6 0.2 0.0 0.5 0.2 0.3 14 0.3 0.3 0.4 0.4 0.4 6 0.0 0.1 0.2 0.3 0.5 6 0.2 0.0 0.8 0.4 0.4 14 0.3 0.2 0.4 0.4 0.3 1 0.1 0.3 0.4 0.6 0.3 6 0.2 0.0 0.5 0.3 1.0 14 0.2 0.1 0.4 0.4 0.3 1 0.1 0.4 0.4 0.6 0.9 6 0.0 0.1 0.2 0.3 0.6 6 0.0 0.1 0.2 0.3 0.3 14 0.3 0.2 0.4 0.4 0.8 6 0.4 0.0 0.8 0.4
008264,0.3 14 0.9 0.3 0.9 0.4 0.4 6 0.1 0.1 0.9 0.6
008265,0.4 14 0.3 0.0 0.8 1.0 0.3 14 0.1 0.3 0.4 0.7 0.4 14 0.0 0.1 0.3 0.7 0.7 14 0.1 0.2 0.4 0.7 0.6 14 0.1 0.1 0.4 0.7 0.4 14 0.1 0.1 0.4 0.7 0.3 14 0.0 0.1 0.4 1.0 0.6 14 0.1 0.0 0.9 1.0 0.4 14 0.3 0.0 0.9 0.7 0.4 14 0.3 0.0 0.8 0.7 0.4 14 0.3 0.0 0.9 1.0
008266,0.0 0 0.0 0.0 1.0 1.0
008267,0.7 6 0.6 0.4 0.9 0.6
008270,0.6 6 0.0 0.3 0.8 0.7
008271,0.8 14 0.4 0.4 0.4 0.5 0.9 14 0.2 0.4 0.3 0.5 0.3 14 0.3 0.4 0.4 0.5 0.9 14 0.1 0.4 0.2 0.5 0.5 14 0.3 0.4 0.3 0.5 0.6 15 0.4 0.3 0.5 0.4 0.6 15 0.3 0.4 0.3 0.5 0.4 15 0.4 0.3 0.5 0.5 0.7 14 0.3 0.4 0.3 0.5 0.5 14 0.2 0.4 0.2 0.5 1.0 14 0.6 0.3 0.6 0.6
008273,0.4 6 0.0 0.4 0.7 0.9
008274,0.0 0 0.0 0.0 1.0 1.0
008276,0.4 14 0.7 0.5 0.9 1.0 0.8 14 0.7 0.3 0.9 0.7 0.4 14 0.4 0.1 0.6 0.7 0.6 14 0.2 0.1 0.7 0.7 0.4 14 0.7 0.3 0.9 0.5 0.5 14 0.2 0.3 0.4 0.7 0.4 14 0.4 0.1 0.6 0.7 0.6 14 0.2 0.1 0.8 1.0 0.5 14 0.7 0.5 0.9 0.7 0.5 14 0.6 0.3 0.9 0.7 0.6 14 0.4 0.1 0.8 0.7 0.4 14 0.6 0.3 0.9 1.0
008277,0.7 14 0.0 0.1 0.5 0.7 0.8 14 0.0 0.1 0.3 0.7 0.3 14 0.0 0.1 0.3 0.5
008278,0.7 14 0.3 0.5 0.3 0.6
008283,0.7 6 0.2 0.2 0.8 0.5 0.7 14 0.1 0.4 0.4 0.7 0.3 6 0.2 0.2 0.8 0.5
008286,0.4 6 0.1 0.2 0.3 0.4
008287,0.5 14 0.2 0.2 0.5 0.5 0.4 14 0.6 0.1 0.9 0.5 0.9 14 0.1 0.2 0.5 0.6 0.5 14 0.7 0.1 0.8 0.4 0.4 4 0.5 0.4 0.6 0.7 0.4 14 0.2 0.2 0.5 0.5 0.6 14 0.4 0.1 0.9 0.7 0.5 4 0.5 0.4 0.6 0.7 0.7 4 0.5 0.4 0.6 0.7 0.3 4 0.5 0.4 0.6 0.7 0.5 14 0.7 0.1 0.8 0.4
008288,0.4 6 0.7 0.3 0.8 0.3 0.8 6 0.7 0.3 0.8 0.3 0.8 14 0.0 0.1 0.5 0.7 0.7 14 0.0 0.1 0.4 0.7
008289,0.0 0 0.0 0.0 1.0 1.0
008290,0.4 6 0.5 0.1 0.7 0.2 0.6 6 0.2 0.0 0.5 0.2 0.5 6 0.2 0.0 0.7 0.5 0.4 6 0.2 0.0 0.7 0.5 0.6 6 0.2 0.1 0.7 0.5 0.9 6 0.5 0.1 0.7 0.2 0.7 6 0.2 0.0 0.7 0.2 0.5 6 0.1 0.0 0.7 0.5 0.9 6 0.7 0.1 0.9 0.2 0.5 6 0.7 0.1 0.9 0.2
008291,0.0 0 0.0 0.0 1.0 1.0
008298,0.0 0 0.0 0.0 1.0 1.0
008303,0.9 14 0.4 0.1 0.5 0.4 0.4 14 0.4 0.1 0.7 0.5
008304,0.0 0 0.0 0.0 1.0 1.0
008305,0.0 0 0.0 0.0 1.0 1.0
008308,0.0 0 0.0 0.0 1.0 1.0
008309,0.6 14 0.2 0.2 0.7 0.7 0.4 14 0.1 0.1 0.4 0.6 0.4 14 0.1 0.1 0.4 0.7 0.8 14 0.1 0.1 0.4 0.5 0.4 14 0.2 0.2 0.7 0.7 0.7 14 0.0 0.1 0.4 1.0 0.6 14 0.1 0.2 0.7 1.0
008314,0.9 14 0.5 0.1 0.6 0.4 0.5 14 0.5 0.1 0.6 0.6
008321,0.6 14 0.0 0.6 0.2 0.9 0.8 14 0.5 0.5 0.7 1.0 0.4 14 0.2 0.0 0.5 1.0 0.3 14 0.5 0.4 0.6 0.8 0.9 14 0.0 0.0 0.4 1.0 0.5 14 0.0 0.6 0.2 1.0 0.6 14 0.4 0.4 0.7 1.0
008324,0.4 14 0.5 0.3 0.5 0.4 0.4 14 0.1 0.5 0.2 0.6 0.6 1 0.4 0.4 0.6 0.5 0.4 1 0.4 0.4 0.5 0.5 0.9 6 0.0 0.3 0.3 0.5 0.7 14 0.5 0.3 0.6 0.4 0.4 1 0.4 0.4 0.5 0.5 0.3 1 0.4 0.4 0.6 0.5
008325,0.5 14 0.4 0.2 0.6 0.4 0.7 14 0.3 0.1 0.5 0.4 0.5 14 0.3 0.2 0.8 0.7 0.6 14 0.6 0.3 0.8 0.6 0.5 14 0.3 0.1 0.5 0.6 0.8 14 0.0 0.1 0.4 0.7 0.3 14 0.6 0.3 0.7 0.6 0.7 14 0.4 0.2 0.7 0.6 0.3 14 0.0 0.3 0.8 1.0 0.5 14 0.0 0.4 0.1 0.7 0.8 14 0.0 0.2 0.3 0.7 0.4 14 0.0 0.4 0.1 0.5 0.7 14 0.4 0.2 0.7 0.6 0.5 14 0.4 0.2 0.7 0.6 0.7 14 0.0 0.1 0.4 0.7 0.4 14 0.1 0.1 0.4 0.6 0.3 14 0.3 0.3 0.9 0.7 0.4 14 0.3 0.1 0.5 0.4 0.5 14 0.3 0.1 0.5 0.6 0.3 14 0.3 0.3 0.8 0.7 0.4 14 0.3 0.2 0.8 0.7 0.3 14 0.4 0.3 0.8 0.6 0.4 14 0.4 0.2 0.8 0.6
008328,0.7 14 0.1 0.3 0.2 0.8 0.9 14 0.1 0.3 0.2 0.4
008330,0.3 4 0.0 0.5 0.1 0.8
008331,0.6 6 0.6 0.3 0.8 0.5
008333,0.0 0 0.0 0.0 1.0 1.0
008334,0.0 0 0.0 0.0 1.0 1.0
008337,0.0 0 0.0 0.0 1.0 1.0
008339,0.5 6 0.1 0.3 0.3 0.4
008340,0.4 14 0.4 0.5 0.6 0.7 0.4 14 0.4 0.5 0.6 0.7 0.5 14 0.4 0.5 0.7 0.7
008343,0.0 0 0.0 0.0 1.0 1.0
008344,0.0 0 0.0 0.0 1.0 1.0
008347,0.0 0 0.0 0.0 1.0 1.0
008348,0.4 14 0.3 0.1 0.6 0.5 0.5 14 0.3 0.1 0.6 0.5
008350,0.9 14 0.3 0.3 0.4 0.8 0.4 14 0.2 0.3 0.3 0.6 0.7 14 0.2 0.3 0.3 0.5 0.3 14 0.2 0.3 0.3 0.7 0.9 14 0.2 0.3 0.4 0.7 0.6 14 0.2 0.3 0.3 0.6
008352,0.0 0 0.0 0.0 1.0 1.0
008353,0.9 6 0.0 0.2 0.1 0.2 0.9 6 0.2 0.2 0.5 0.4
008354,0.5 14 0.2 0.1 0.5 0.6 0.7 14 0.3 0.1 0.5 0.5 0.7 14 0.3 0.1 0.5 0.4
008356,0.4 14 0.2 0.0 0.8 1.0
008357,0.3 6 0.1 0.2 0.9 0.5 0.8 6 0.1 0.4 0.1 0.4 0.9 6 0.8 0.4 0.9 0.4 0.8 6 0.0 0.3 0.1 0.4 0.7 6 0.1 0.4 0.1 0.4
008358,0.0 0 0.0 0.0 1.0 1.0
008361,0.0 0 0.0 0.0 1.0 1.0
008362,0.7 14 0.1 0.1 0.7 0.7 0.5 14 0.3 0.1 0.6 0.7 0.4 14 0.3 0.1 0.7 0.7 0.3 14 0.1 0.1 0.6 0.7 0.8 14 0.1 0.1 0.7 1.0
008363,0.7 6 0.3 0.2 0.5 0.2 0.4 6 0.3 0.2 0.5 0.3 1.0 14 0.0 0.1 0.3 0.8 0.4 6 0.3 0.2 0.5 0.2
008366,0.4 6 0.1 0.0 0.8 0.7
008367,0.6 6 0.1 0.1 0.3 0.2 0.9 6 0.1 0.1 0.3 0.2 0.6 6 0.8 0.1 0.9 0.2 0.8 6 0.1 0.1 0.1 0.1 1.0 14 0.2 0.0 0.4 0.6 0.4 1 0.3 0.4 0.6 0.6 0.4 6 0.1 0.1 0.3 0.2 0.5 6 0.1 0.1 0.3 0.2 0.6 6 0.3 0.1 0.3 0.1 0.5 1 0.4 0.6 0.6 0.7 0.3 1 0.3 0.4 0.8 0.7 0.9 14 0.8 0.3 0.9 0.4 0.4 1 0.6 0.2 0.8 0.4
008369,0.9 14 0.6 0.4 0.7 0.5
008371,0.0 0 0.0 0.0 1.0 1.0
008373,0.0 0 0.0 0.0 1.0 1.0
008375,0.5 6 0.6 0.9 0.6 1.0 0.5 6 0.5 0.9 0.6 1.0 0.9 6 0.5 0.9 0.6 1.0
008377,0.3 14 0.0 0.3 0.5 1.0 0.7 14 0.3 0.0 0.6 1.0 0.5 14 0.6 0.1 0.9 1.0 0.4 14 0.2 0.3 0.5 1.0 0.4 14 0.3 0.3 0.6 1.0 0.5 14 0.0 0.3 0.5 0.9 0.6 14 0.0 0.0 0.5 0.9 0.6 14 0.3 0.0 0.8 1.0 0.4 14 0.5 0.0 0.9 1.0 0.5 14 0.5 0.0 0.9 1.0
008378,0.4 14 0.9 0.4 1.0 0.5 0.8 6 0.2 0.3 0.9 0.8
008379,0.0 0 0.0 0.0 1.0 1.0
008380,0.3 4 0.9 0.4 1.0 0.8
008382,0.5 15 0.4 0.3 0.5 0.4 0.9 14 0.6 0.8 0.7 1.0 0.5 15 0.2 0.7 0.3 0.9 0.7 4 0.3 0.1 0.3 0.2 0.5 4 0.3 0.1 0.3 0.2
008383,0.9 14 0.5 0.2 0.6 0.3 0.5 14 0.2 0.2 0.3 0.3 0.9 14 0.2 0.4 0.2 0.4 0.9 14 0.0 0.4 0.0 0.5 0.6 14 0.7 0.2 0.8 0.3 1.0 14 0.2 0.2 0.2 0.4 0.4 14 0.3 0.4 0.4 0.4 0.9 14 0.6 0.2 0.7 0.4 0.5 14 0.6 0.4 0.6 0.4 0.4 14 0.2 0.3 0.3 0.5 0.7 14 0.7 0.2 0.8 0.4 0.9 14 0.2 0.2 0.3 0.4 1.0 14 0.1 0.4 0.2 0.5 0.7 14 0.5 0.2 0.5 0.6 0.5 14 0.2 0.4 0.2 0.6 0.9 14 0.0 0.2 0.0 0.4 0.9 6 0.0 0.3 0.9 0.9 1.0 14 0.7 0.3 0.8 0.4 1.0 14 0.1 0.3 0.1 0.5 0.6 14 0.2 0.3 0.3 0.4 0.9 14 0.4 0.4 0.4 0.6 0.6 14 0.6 0.2 0.7 0.4 0.4 14 0.5 0.4 0.6 0.6 0.9 14 0.6 0.2 0.7 0.4 1.0 14 0.8 0.2 0.8 0.4
008389,0.4 15 0.8 0.1 0.9 0.2 0.4 15 0.8 0.1 0.9 0.3 0.7 15 0.8 0.0 0.9 0.2 0.5 15 0.8 0.1 0.9 0.3 0.4 15 0.8 0.1 0.9 0.2
008392,0.4 14 0.3 0.0 0.4 0.3 0.6 14 0.2 0.2 0.6 0.8 0.3 19 0.0 0.3 0.3 0.6 0.5 14 0.4 0.2 0.6 0.8 0.4 14 0.2 0.2 0.6 0.8 0.6 14 0.3 0.5 0.6 0.8 0.8 14 0.3 0.2 0.6 0.8
008393,0.4 14 0.1 0.2 0.7 1.0 0.3 14 0.3 0.2 0.5 1.0 0.8 14 0.0 0.0 0.6 1.0 0.4 14 0.1 0.2 0.9 1.0 0.6 14 0.1 0.2 0.6 1.0 0.6 14 0.3 0.2 0.6 1.0 0.8 14 0.4 0.3 0.9 1.0
008394,0.4 8 0.1 0.5 0.3 1.0
008395,0.0 0 0.0 0.0 1.0 1.0
008396,0.5 14 0.3 0.2 0.7 0.9 0.5 14 0.6 0.2 0.9 0.5 0.6 14 0.0 0.2 0.7 1.0 0.5 14 0.6 0.0 0.9 0.4 0.3 14 0.4 0.2 0.7 0.8 0.4 14 0.5 0.0 0.9 0.7 0.8 14 0.4 0.2 0.6 0.9 0.4 14 0.4 0.2 0.7 1.0 0.3 14 0.3 0.2 0.7 0.9 0.3 14 0.6 0.0 0.9 0.6 0.4 14 0.5 0.0 0.9 0.9
008399,0.8 14 0.3 0.2 0.5 0.6 0.3 6 0.4 0.7 0.5 0.8 0.6 14 0.1 0.2 0.5 0.7 0.7 14 0.3 0.2 0.5 0.6
008400,0.6 14 0.3 0.0 0.6 0.6 0.4 14 0.3 0.0 0.6 1.0 0.3 14 0.6 0.5 0.9 1.0 0.4 14 0.8 0.5 0.9 1.0 0.3 14 0.5 0.3 0.7 0.6 0.7 14 0.8 0.2 0.9 1.0 0.5 14 0.8 0.2 0.9 0.7 0.5 4 0.3 0.6 0.3 0.7 0.4 14 0.1 0.4 0.3 1.0 0.6 14 0.5 0.3 0.7 0.6 0.7 14 0.3 0.0 0.6 0.8 0.9 14 0.1 0.3 0.4 1.0 0.4 14 0.1 0.0 0.6 1.0 0.3 14 0.7 0.5 0.9 1.0 0.8 14 0.7 0.1 0.9 1.0 0.4 14 0.8 0.5 0.9 1.0 0.7 14 0.3 0.0 0.6 1.0 0.4 14 0.8 0.5 0.9 1.0 0.6 14 0.3 0.3 0.7 1.0 0.8 14 0.7 0.2 0.9 0.8 0.3 14 0.3 0.4 0.9 1.0 0.7 14 0.5 0.3 0.7 0.4 0.3 14 0.3 0.4 0.8 1.0
008401,0.0 0 0.0 0.0 1.0 1.0
008402,0.3 14 0.5 0.4 0.6 0.7 0.8 14 0.1 0.6 0.4 1.0 0.9 14 0.8 0.5 1.0 1.0 0.6 14 0.7 0.5 0.8 0.8 0.4 14 0.6 0.5 1.0 1.0 0.6 14 0.6 0.5 0.8 0.8 0.9 14 0.6 0.5 0.8 1.0 0.3 14 0.5 0.4 0.6 0.8 0.4 14 0.3 0.4 0.5 0.8 0.9 14 0.1 0.4 0.4 1.0 0.6 14 0.6 0.5 0.6 0.8 0.9 14 0.7 0.5 0.8 1.0 0.4 14 0.1 0.4 0.4 0.9 0.9 14 0.3 0.4 0.5 1.0 0.4 14 0.6 0.5 0.8 1.0 0.9 14 0.6 0.5 0.7 1.0 0.3 14 0.7 0.5 1.0 1.0 0.4 14 0.6 0.5 0.8 1.0 0.5 14 0.6 0.5 0.7 0.6 0.3 14 0.6 0.5 0.7 0.7 0.8 14 0.6 0.5 0.7 0.5
008404,0.4 6 0.4 0.7 0.5 0.8 0.3 6 0.5 0.6 0.7 0.8
008405,0.3 19 0.1 0.1 0.3 0.5 0.4 19 0.1 0.1 0.5 0.4 0.6 4 0.3 0.3 0.3 0.5 0.4 19 0.5 0.1 0.8 0.4
008406,0.4 6 0.2 0.7 0.6 0.9
008407,0.4 8 0.6 0.6 0.8 1.0 0.3 8 0.7 0.6 0.8 1.0 0.3 8 0.6 0.5 0.8 1.0 0.6 8 0.6 0.6 0.8 1.0 0.3 14 0.3 0.6 0.4 0.8 0.7 14 0.2 0.4 0.7 1.0 0.3 8 0.6 0.6 0.8 1.0 0.7 14 0.3 0.3 0.7 1.0
008408,0.6 6 0.1 0.2 0.2 0.3 0.5 6 0.1 0.2 0.9 1.0 0.4 6 0.0 0.2 0.9 1.0 0.4 6 0.0 0.2 0.2 0.4
008411,0.9 14 0.0 0.0 0.5 1.0
008412,0.0 0 0.0 0.0 1.0 1.0
008414,0.8 6 0.1 0.2 0.8 0.9 0.3 6 0.1 0.2 0.8 0.9
008417,0.0 0 0.0 0.0 1.0 1.0
008418,0.5 14 0.6 0.3 0.9 1.0 0.4 14 0.0 0.1 0.4 0.8 0.4 14 0.1 0.1 0.2 0.3 0.7 14 0.0 0.1 0.3 0.8 0.5 14 0.0 0.1 0.2 0.7 0.4 14 0.6 0.3 1.0 1.0 0.5 14 0.6 0.2 0.9 1.0
008419,0.0 0 0.0 0.0 1.0 1.0
008420,0.6 14 0.0 0.1 0.7 0.7 0.7 14 0.0 0.1 0.7 1.0
008421,0.7 6 0.2 0.2 0.8 0.5
008428,0.0 0 0.0 0.0 1.0 1.0
008431,0.6 15 0.2 0.5 0.3 0.6 0.4 15 0.2 0.5 0.3 0.5 0.6 8 0.6 0.5 0.7 0.7 0.5 8 0.6 0.4 0.8 0.7
008432,0.6 6 0.1 0.5 0.6 0.9
008435,0.0 0 0.0 0.0 1.0 1.0
008436,0.5 14 0.3 0.0 0.5 0.4 0.9 14 0.2 0.1 0.6 0.7 0.9 14 0.1 0.1 0.3 0.4 0.5 14 0.1 0.1 0.3 0.7 0.4 14 0.1 0.1 0.3 0.7 0.6 14 0.2 0.1 0.6 1.0 0.4 8 0.0 0.4 0.1 0.7 0.7 14 0.2 0.1 0.5 0.7
008439,0.8 14 0.1 0.2 0.5 1.0 0.8 14 0.1 0.2 0.7 1.0
008440,0.4 6 0.1 0.1 0.9 0.6
008441,0.5 14 0.1 0.0 0.5 0.6 0.4 14 0.1 0.0 0.9 0.7
008446,0.6 14 0.2 0.1 0.5 0.5 0.9 14 0.2 0.4 0.5 1.0 0.4 14 0.2 0.1 0.5 0.3 0.3 14 0.5 0.7 0.7 1.0 0.3 14 0.2 0.4 0.5 0.8 0.3 14 0.2 0.8 0.5 1.0 0.4 14 0.2 0.4 0.5 1.0 0.4 14 0.2 0.1 0.5 0.8 0.4 14 0.2 0.1 0.4 0.3 0.4 14 0.2 0.8 0.5 1.0 0.6 14 0.2 0.1 0.5 0.5 0.5 14 0.2 0.4 0.5 0.8
008447,0.5 6 0.1 0.0 0.1 0.1 0.5 6 0.0 0.0 0.2 0.2 0.3 6 0.2 0.0 0.2 0.1 0.8 6 0.0 0.1 0.9 0.7
008448,0.4 15 0.4 0.3 0.5 0.5 0.3 15 0.0 0.7 0.1 0.8 0.5 15 0.3 0.6 0.3 0.6 0.3 15 0.0 0.6 0.1 0.8
008451,0.4 19 0.1 0.4 0.3 0.6 0.7 6 0.8 0.4 0.9 0.4 1.0 14 0.4 0.1 0.7 0.6
008455,0.4 14 0.2 0.4 0.3 0.7 0.9 14 0.2 0.4 0.4 0.8 0.3 14 0.2 0.4 0.3 0.7
008457,0.4 15 0.1 0.6 0.2 0.7 0.7 15 0.1 0.8 0.2 1.0 0.5 15 0.3 0.1 0.4 0.3 0.8 15 0.3 0.6 0.4 0.7 0.4 15 0.1 0.6 0.2 0.8 0.5 15 0.2 0.6 0.3 0.7 0.4 15 0.2 0.9 0.3 1.0 0.6 15 0.3 0.4 0.4 0.6 0.5 15 0.1 0.4 0.3 0.6 0.4 15 0.1 0.4 0.2 0.6 0.6 15 0.2 0.5 0.3 0.6 0.4 15 0.1 0.7 0.2 0.8 0.7 15 0.1 0.6 0.3 0.7 0.6 15 0.1 0.6 0.2 0.7 0.8 15 0.3 0.4 0.4 0.6 0.5 15 0.1 0.1 0.4 0.3 0.8 15 0.1 0.4 0.2 0.6 0.8 15 0.1 0.6 0.2 0.7 0.4 15 0.2 0.5 0.3 0.5 0.4 15 0.1 0.5 0.2 0.6 0.3 15 0.3 0.6 0.4 0.8 0.4 15 0.3 0.6 0.4 0.8 0.5 15 0.1 0.4 0.2 0.6
008458,0.9 14 0.2 0.1 0.4 0.6 0.5 4 0.0 0.5 0.1 0.6 1.0 14 0.4 0.1 0.7 0.6
008459,0.6 6 0.0 0.4 0.1 0.5
008460,0.6 14 0.3 0.0 0.6 1.0 0.5 14 0.0 0.0 0.6 1.0 0.7 14 0.3 0.0 0.9 1.0
008463,0.6 14 0.6 0.3 0.9 0.6 0.4 14 0.1 0.2 0.4 0.6 0.3 14 0.2 0.2 0.4 0.5 0.6 14 0.0 0.2 0.3 0.6 0.7 14 0.0 0.2 0.0 0.4 0.8 14 0.0 0.2 0.3 0.6 0.9 14 0.0 0.2 0.4 0.6 0.4 14 0.1 0.2 0.2 0.4 0.5 14 0.2 0.2 0.2 0.4 0.9 14 0.6 0.2 0.9 0.6 0.7 14 0.0 0.2 0.2 0.6 0.4 14 0.3 0.2 0.4 0.3 0.5 14 0.2 0.2 0.4 0.6 0.5 14 0.1 0.2 0.2 0.4
008464,0.6 6 0.7 0.5 0.8 0.6 0.3 6 0.6 0.5 0.8 0.6 0.7 6 0.3 0.5 0.4 0.5 0.8 6 0.1 0.5 0.2 0.5 0.3 6 0.7 0.5 0.8 0.6 0.6 6 0.3 0.5 0.4 0.5 0.8 6 0.4 0.5 0.4 0.5 0.8 6 0.7 0.5 0.8 0.6 0.4 6 0.7 0.5 0.8 0.6 0.9 6 0.1 0.5 0.1 0.6 0.4 6 0.6 0.5 0.8 0.6 0.9 6 0.6 0.5 0.7 0.6
008469,0.3 14 0.3 0.0 0.7 1.0 0.6 14 0.0 0.1 0.4 0.5 0.7 14 0.4 0.0 0.7 0.4 0.4 14 0.4 0.0 0.7 0.6 0.9 14 0.0 0.2 0.4 1.0 0.4 14 0.3 0.0 0.9 0.7
008471,0.5 6 0.6 0.5 0.7 0.6
008473,0.0 0 0.0 0.0 1.0 1.0
008474,0.7 14 0.2 0.0 0.5 0.9 0.5 14 0.2 0.0 0.6 0.9 0.5 14 0.1 0.0 0.6 0.9 0.6 14 0.0 0.0 0.6 1.0
008476,0.0 0 0.0 0.0 1.0 1.0
008479,0.6 6 0.2 0.2 0.7 0.5 0.9 6 0.8 0.3 0.9 0.4 0.6 6 0.7 0.3 0.8 0.4 0.5 6 0.8 0.3 0.9 0.4 0.3 6 0.2 0.2 0.7 0.5 0.8 6 0.7 0.3 0.8 0.4 0.6 6 0.2 0.2 0.7 0.5 0.4 6 0.0 0.2 0.2 0.4 0.3 6 0.7 0.3 0.8 0.4
008480,0.7 14 0.0 0.5 0.1 0.6 0.9 14 0.0 0.4 0.0 0.7 0.6 14 0.3 0.3 0.4 0.6 0.3 14 0.1 0.5 0.1 0.6 0.5 14 0.5 0.5 0.5 0.6 0.9 14 0.4 0.5 0.5 0.6 1.0 14 0.2 0.4 0.4 1.0 0.9 14 0.1 0.4 0.1 0.6 0.9 14 0.3 0.5 0.4 0.7 0.9 14 0.5 0.5 0.6 0.6 0.4 14 0.1 0.4 0.1 0.5
008481,0.3 6 0.6 0.0 0.7 0.1 0.7 6 0.7 0.0 0.8 0.1 0.5 6 0.2 0.0 0.3 0.1 0.4 6 0.0 0.0 0.1 0.1 0.6 6 0.2 0.0 0.3 0.1 0.7 6 0.6 0.0 0.8 0.1 0.5 6 0.6 0.0 0.8 0.1
008486,0.5 8 0.0 0.6 0.3 1.0 0.3 19 0.3 0.2 0.4 0.4 0.3 19 0.0 0.2 0.1 0.4 0.4 8 0.3 0.6 0.5 0.8 0.3 8 0.3 0.6 0.5 0.9 0.3 8 0.0 0.6 0.3 1.0 0.4 19 0.3 0.4 0.5 0.6
008487,0.5 15 0.8 0.3 0.8 0.4 0.6 14 0.7 0.5 0.9 1.0 0.3 15 0.8 0.3 0.8 0.4 0.9 14 0.4 0.0 0.6 0.4 0.3 15 0.8 0.3 0.8 0.5 0.4 15 0.8 0.3 0.8 0.4 0.9 14 0.0 0.5 0.1 0.7 0.5 14 0.0 0.4 0.1 1.0 0.9 14 0.7 0.5 0.9 0.7 0.4 14 0.7 0.5 0.8 0.6 0.3 14 0.7 0.5 0.9 1.0
008488,0.9 6 0.6 0.4 0.8 0.5 0.8 6 0.0 0.3 0.2 0.6 0.4 6 0.6 0.4 0.8 0.5
008489,0.7 14 0.1 0.2 0.5 0.7 0.4 14 0.1 0.1 0.5 0.7 0.7 14 0.1 0.2 0.5 0.7
008490,0.6 8 0.0 0.6 0.3 0.9 0.3 8 0.0 0.5 0.3 0.9 0.3 8 0.3 0.6 0.6 0.8 0.4 8 0.4 0.5 0.6 0.8 0.4 8 0.0 0.6 0.3 0.9 0.6 8 0.3 0.5 0.6 0.8 0.6 8 0.0 0.5 0.3 0.9 0.3 8 0.0 0.5 0.3 0.9 0.3 8 0.5 0.5 0.6 0.7 0.5 8 0.3 0.6 0.6 0.9
008491,1.0 14 0.3 0.3 0.3 0.6
008493,0.0 0 0.0 0.0 1.0 1.0
008496,0.6 14 0.0 0.6 0.2 1.0 0.9 14 0.2 0.2 0.5 0.9 0.4 6 0.6 0.7 0.7 0.8 0.5 14 0.3 0.2 0.5 0.9
008497,0.0 0 0.0 0.0 1.0 1.0
008500,0.4 15 0.2 0.1 0.3 0.2
008501,0.8 14 0.2 0.6 0.3 0.6 0.8 14 0.3 0.6 0.3 0.7 0.7 14 0.2 0.6 0.2 0.6 0.3 14 0.3 0.6 0.4 0.7 0.4 14 0.3 0.7 0.4 0.8 0.5 14 0.2 0.6 0.2 0.6 0.8 14 0.3 0.6 0.3 0.7 0.3 14 0.4 0.6 0.4 0.7
008504,0.3 6 0.4 0.1 0.6 0.2 0.6 6 0.5 0.0 0.6 0.1 0.4 6 0.1 0.0 0.2 0.1 0.6 6 0.1 0.0 0.2 0.1 0.6 6 0.6 0.1 0.7 0.2 0.6 6 0.6 0.2 0.8 0.4 0.7 6 0.3 0.0 0.4 0.0 0.3 6 0.3 0.2 0.4 0.3 0.4 6 0.8 0.1 0.9 0.2 0.9 6 0.2 0.1 0.3 0.2 0.5 6 0.8 0.1 0.9 0.2 0.8 6 0.3 0.3 0.6 0.5 0.5 6 0.8 0.1 0.9 0.2 0.5 6 0.2 0.1 0.3 0.2 0.8 6 0.5 0.2 0.7 0.3 0.5 6 0.1 0.0 0.2 0.1 0.7 6 0.3 0.2 0.4 0.3 0.9 6 0.8 0.1 0.9 0.2 0.9 6 0.6 0.2 0.8 0.4 0.5 6 0.5 0.1 0.7 0.2 0.4 6 0.5 0.1 0.7 0.3 0.6 6 0.1 0.0 0.2 0.1 0.6 6 0.7 0.0 0.8 0.1 0.8 6 0.6 0.1 0.7 0.2
008505,0.7 14 0.3 0.2 0.5 0.5 0.5 14 0.5 0.3 0.7 0.7 1.0 14 0.1 0.2 0.3 0.5 0.8 14 0.5 0.2 0.6 0.6 0.4 14 0.6 0.3 0.8 0.7 0.4 14 0.4 0.2 0.7 0.6 1.0 14 0.3 0.2 0.5 0.5 0.3 14 0.2 0.2 0.3 0.5 0.4 14 0.1 0.2 0.3 0.6 0.5 14 0.6 0.3 0.8 0.7 0.6 14 0.3 0.2 0.8 0.7 0.8 14 0.5 0.2 0.6 0.5 0.4 14 0.5 0.2 0.6 0.5
008507,0.0 0 0.0 0.0 1.0 1.0
008508,0.0 0 0.0 0.0 1.0 1.0
008510,0.9 14 0.4 0.2 0.8 0.4
008511,0.4 1 0.0 0.0 0.9 0.7
008515,0.6 1 0.1 0.3 0.5 0.6
008516,0.0 0 0.0 0.0 1.0 1.0
008520,0.6 4 0.5 0.2 0.5 0.4 0.9 14 0.4 0.0 0.5 0.3 0.4 4 0.6 0.5 0.7 0.7 0.5 14 0.7 0.1 0.8 0.3 0.4 4 0.5 0.2 0.5 0.4 0.7 4 0.4 0.2 0.5 0.4 0.5 14 0.7 0.1 0.9 0.8 0.4 4 0.6 0.3 0.7 0.3 0.3 14 0.1 0.1 0.2 0.4 0.3 14 0.4 0.0 0.6 0.5 0.3 4 0.5 0.5 0.6 0.7 0.6 14 0.7 0.1 0.9 0.3 0.5 4 0.4 0.2 0.5 0.5 0.8 14 0.1 0.1 0.4 0.7 0.7 14 0.0 0.1 0.4 0.8 0.8 4 0.5 0.5 0.6 0.7 0.4 4 0.5 0.5 0.6 0.6 0.9 14 0.7 0.1 0.9 0.6
008525,0.9 14 0.6 0.2 0.7 0.3 0.7 14 0.2 0.3 0.6 1.0
008527,0.3 14 0.3 0.3 0.6 0.8 0.3 14 0.0 0.3 0.1 0.6
008528,0.4 14 0.0 0.4 0.2 0.8 0.9 14 0.4 0.2 0.6 0.4 0.6 14 0.0 0.6 0.3 1.0 0.9 14 0.3 0.2 0.4 0.4 0.7 14 0.2 0.4 0.5 0.8 0.6 14 0.0 0.4 0.3 0.8 0.5 14 0.0 0.2 0.4 0.7 0.7 14 0.7 0.1 0.8 0.4 0.6 14 0.2 0.2 0.5 0.8 0.6 14 0.3 0.4 0.4 0.4 0.7 14 0.1 0.2 0.3 0.5 0.7 14 0.4 0.1 0.7 0.5 0.3 14 0.0 0.4 0.5 0.9 0.6 14 0.0 0.4 0.1 0.6 0.3 14 0.0 0.2 0.5 0.8 0.5 14 0.7 0.1 0.8 0.6 0.6 14 0.3 0.4 0.5 0.5 0.8 14 0.7 0.1 0.8 0.5 0.3 14 0.1 0.6 0.3 0.8 0.4 14 0.0 0.2 0.4 0.8 0.8 14 0.4 0.2 0.6 0.5 0.6 14 0.2 0.2 0.4 0.4 0.3 14 0.0 0.2 0.4 1.0 0.5 14 0.1 0.2 0.3 0.5 0.3 14 0.0 0.4 0.5 0.8 0.4 14 0.6 0.1 0.8 0.8 0.4 14 0.0 0.4 0.3 0.8 0.5 14 0.3 0.3 0.4 0.5 0.3 14 0.3 0.4 0.5 0.6 0.4 14 0.4 0.1 0.7 0.5 0.9 14 0.7 0.1 0.9 0.6 0.5 14 0.6 0.1 0.7 0.4 0.9 14 0.5 0.1 0.7 0.4
008531,0.4 6 0.0 0.3 0.1 0.4 0.7 14 0.4 0.3 0.4 0.4 0.9 14 0.5 0.3 0.5 0.4 0.3 6 0.2 0.2 0.7 0.7
008532,0.0 0 0.0 0.0 1.0 1.0
008537,0.8 14 0.7 0.4 0.8 0.6 0.5 14 0.1 0.4 0.2 0.7 0.4 14 0.7 0.4 0.8 0.6 0.9 14 0.7 0.4 0.8 0.6 0.9 14 0.8 0.4 0.9 0.6 0.3 14 0.6 0.4 0.7 0.6 0.4 6 0.0 0.0 0.9 0.6 0.9 14 0.7 0.4 0.8 0.6 0.9 14 0.6 0.4 0.7 0.6 0.5 14 0.6 0.4 0.7 0.6
008538,0.8 14 0.0 0.0 0.6 0.9
008539,0.3 14 0.6 0.1 0.7 0.4
008540,0.4 6 0.3 0.0 0.4 0.1
008543,0.0 0 0.0 0.0 1.0 1.0
008544,0.4 14 0.7 0.4 0.9 0.6 0.3 14 0.5 0.0 0.9 0.5 0.5 14 0.6 0.0 0.9 0.6 0.3 14 0.0 0.0 0.6 1.0 0.4 14 0.0 0.0 0.3 1.0 0.7 14 0.0 0.0 0.9 1.0 0.6 14 0.7 0.4 0.9 0.6 0.3 14 0.5 0.0 0.9 0.7
008545,0.3 6 0.5 0.6 0.6 0.7
008546,0.0 0 0.0 0.0 1.0 1.0
008547,0.5 15 0.2 0.1 0.5 0.6 0.6 15 0.3 0.4 0.5 0.6 0.3 15 0.3 0.4 0.5 0.6 0.3 15 0.3 0.1 0.7 0.6 0.5 15 0.2 0.1 0.5 0.6 0.6 15 0.3 0.4 0.5 0.6 0.5 15 0.5 0.4 0.7 0.6 0.3 15 0.2 0.1 0.5 0.6 0.5 15 0.6 0.3 0.9 0.6 0.6 15 0.3 0.4 0.5 0.6 0.6 15 0.5 0.1 0.7 0.6 0.3 15 0.3 0.4 0.5 0.6 0.7 15 0.5 0.4 0.7 0.6 0.5 15 0.5 0.1 0.7 0.6
008548,0.4 14 0.7 0.0 0.8 0.2 0.4 14 0.7 0.0 0.8 0.2 0.4 6 0.8 0.1 0.9 0.2 0.5 6 0.8 0.1 0.9 0.2 0.3 6 0.8 0.0 0.9 0.2 0.4 6 0.1 0.2 0.8 0.6 0.5 14 0.0 0.0 0.1 0.1 0.5 6 0.1 0.1 0.7 0.2 0.7 6 0.8 0.1 0.9 0.2 0.6 6 0.8 0.0 0.9 0.2 0.9 14 0.7 0.0 0.7 0.2 0.8 6 0.1 0.1 0.8 0.6 0.3 6 0.1 0.1 0.8 0.7 0.4 6 0.8 0.1 0.8 0.2 0.9 14 0.7 0.0 0.8 0.2 0.8 6 0.8 0.1 0.9 0.2 0.3 14 0.7 0.0 0.7 0.1
008551,0.5 14 0.0 0.1 0.2 0.3 0.9 14 0.0 0.1 0.2 0.5 0.4 14 0.5 0.2 0.7 0.5
008552,0.0 0 0.0 0.0 1.0 1.0
008554,0.0 0 0.0 0.0 1.0 1.0
008555,0.3 4 0.4 0.7 0.5 0.8 0.7 4 0.4 0.7 0.5 0.8
008560,0.3 6 0.4 0.1 0.7 0.5 0.4 14 0.5 0.3 0.6 0.3 0.5 6 0.8 0.4 0.9 0.5 0.4 6 0.4 0.2 0.7 0.5 0.5 6 0.8 0.4 1.0 0.5 0.4 14 0.3 0.3 0.4 0.4 0.3 6 0.4 0.2 0.7 0.5 0.6 6 0.8 0.4 1.0 0.6 0.3 6 0.8 0.4 0.8 0.4 0.9 14 0.8 0.5 1.0 0.7
008561,0.0 0 0.0 0.0 1.0 1.0
008563,0.3 19 0.7 0.2 0.8 0.3
008565,0.4 14 0.0 0.2 0.4 1.0 0.3 14 0.2 0.2 0.4 0.7 0.5 14 0.2 0.2 0.4 0.9 0.7 14 0.1 0.2 0.4 0.9 0.5 14 0.1 0.2 0.4 1.0 0.5 14 0.2 0.2 0.4 0.8
008566,0.3 14 0.3 0.1 0.7 0.8 0.4 14 0.1 0.3 0.4 0.5 0.5 14 0.1 0.2 0.2 0.4 0.6 14 0.1 0.1 0.7 0.7 0.3 14 0.2 0.1 0.5 0.7 0.3 14 0.4 0.1 0.7 0.7 0.8 14 0.1 0.2 0.2 0.3 0.8 14 0.3 0.1 0.7 0.7 0.5 14 0.4 0.4 0.7 0.7
008567,0.7 14 0.3 0.0 0.6 1.0 0.9 14 0.3 0.0 0.7 1.0
008569,0.7 14 0.3 0.1 0.5 0.3 0.6 14 0.2 0.4 0.5 0.7 0.4 14 0.2 0.4 0.5 0.7 0.4 14 0.3 0.1 0.5 0.4 0.8 14 0.1 0.0 0.4 0.5 0.3 14 0.0 0.4 0.5 1.0 0.4 14 0.1 0.1 0.5 0.7 0.4 14 0.3 0.4 0.5 0.5 0.5 14 0.3 0.1 0.6 0.6 0.6 14 0.1 0.0 0.4 0.4 0.3 14 0.1 0.0 0.4 0.5 0.4 14 0.3 0.1 0.5 0.3 0.9 14 0.3 0.4 0.5 0.7 0.5 14 0.5 0.0 0.7 0.4
008570,0.3 14 0.2 0.1 0.5 0.5
008571,0.0 0 0.0 0.0 1.0 1.0
008574,0.8 14 0.2 0.4 0.4 1.0 0.9 14 0.1 0.4 0.4 1.0
008575,0.8 14 0.0 0.0 0.7 1.0
008577,0.7 14 0.6 0.3 0.9 0.7 0.3 14 0.6 0.0 0.9 0.7
008578,0.9 14 0.5 0.3 0.5 0.4
008579,0.4 6 0.1 0.3 0.4 0.5 0.7 14 0.3 0.3 0.4 0.3 0.9 14 0.2 0.3 0.2 0.4 0.9 14 0.3 0.3 0.3 0.3 0.9 14 0.1 0.3 0.2 0.4 0.9 14 0.1 0.3 0.1 0.4 1.0 14 0.4 0.3 0.4 0.6 0.8 14 0.1 0.3 0.2 0.4 1.0 14 0.4 0.3 0.5 0.6 0.3 6 0.5 0.4 0.8 0.6 0.3 6 0.5 0.3 0.8 0.4
008580,0.0 0 0.0 0.0 1.0 1.0
008583,0.6 4 0.6 0.3 0.6 0.4 0.3 4 0.6 0.3 0.6 0.4 0.3 14 0.2 0.0 0.5 0.7 0.3 14 0.0 0.0 0.6 0.7 0.3 14 0.5 0.3 0.7 0.6 0.5 14 0.2 0.0 0.7 0.7 0.6 4 0.7 0.3 0.8 0.4 0.5 14 0.2 0.0 0.5 0.7 0.4 14 0.5 0.3 0.7 0.6 0.7 14 0.0 0.0 0.6 1.0 0.6 14 0.4 0.5 0.6 0.7 0.5 14 0.4 0.3 0.7 0.7 0.6 4 0.6 0.3 0.7 0.4 0.5 14 0.6 0.4 0.7 0.5
008589,0.0 0 0.0 0.0 1.0 1.0
008590,0.5 6 0.1 0.5 0.3 0.6 0.3 6 0.8 0.4 0.8 0.4 0.5 6 0.8 0.4 0.8 0.4 0.4 6 0.6 0.4 0.7 0.5 0.4 6 0.6 0.3 0.6 0.4
008591,0.3 4 0.0 0.3 0.2 0.7 0.4 4 0.5 0.0 0.6 0.2 0.5 4 0.2 0.0 0.3 0.2 0.4 4 0.2 0.1 0.3 0.2
008593,0.7 14 0.4 0.2 0.5 0.4 0.4 6 0.7 0.2 0.8 0.2 0.4 14 0.8 0.3 0.9 0.5 0.6 14 0.7 0.3 0.9 0.5 0.9 14 0.7 0.2 0.8 0.5 0.9 14 1.0 0.2 1.0 0.4 0.5 14 0.9 0.3 1.0 0.5 1.0 14 0.2 0.2 0.3 0.5 0.4 6 0.7 0.2 0.8 0.2 0.4 14 0.0 0.2 0.1 0.5 0.8 14 0.0 0.2 0.1 0.3 0.5 6 0.7 0.2 0.8 0.2 0.9 14 0.3 0.2 0.4 0.5 0.9 14 0.4 0.2 0.5 0.5 0.7 14 0.2 0.2 0.3 0.4 0.8 14 0.1 0.3 0.2 0.5 0.8 14 0.7 0.2 0.8 0.5 0.8 14 0.3 0.2 0.3 0.3 0.9 14 0.6 0.2 0.7 0.5 0.5 14 0.6 0.2 0.7 0.3 0.6 14 0.6 0.3 0.7 0.5 0.8 6 0.7 0.2 0.8 0.2
008594,0.0 0 0.0 0.0 1.0 1.0
008597,0.0 0 0.0 0.0 1.0 1.0
008598,0.0 0 0.0 0.0 1.0 1.0
008599,0.8 14 0.0 0.3 0.1 0.4 0.6 15 0.4 0.2 0.5 0.3 0.6 15 0.1 0.2 0.2 0.3 0.9 14 0.1 0.0 0.5 0.9 0.3 15 0.1 0.0 0.2 0.3 0.4 15 0.2 0.2 0.2 0.3 0.3 15 0.1 0.2 0.2 0.3
008600,0.4 14 0.3 0.1 0.4 0.2
008603,0.7 14 0.3 0.0 0.5 0.5 0.3 14 0.4 0.7 0.5 0.8 0.8 14 0.3 0.0 0.6 0.5 0.4 14 0.3 0.0 0.5 0.8
008605,0.8 14 0.4 0.2 0.5 0.3 0.6 14 0.2 0.2 0.3 0.5 0.9 14 0.4 0.2 0.5 0.5 0.9 14 0.2 0.2 0.3 0.3
008609,0.4 14 0.3 0.1 0.4 0.1 0.9 6 0.0 0.1 0.8 0.5
008611,0.4 14 0.0 0.2 0.4 0.5 0.6 14 0.0 0.2 0.3 0.5
008613,0.5 6 0.7 0.2 0.9 0.3
008614,0.0 0 0.0 0.0 1.0 1.0
008616,0.6 14 0.4 0.0 0.6 0.3 0.3 14 0.4 0.2 0.5 0.4 0.8 14 0.1 0.1 0.3 0.4 0.5 14 0.8 0.1 0.9 0.3 0.7 14 0.6 0.1 0.8 0.7 0.4 14 0.8 0.1 0.9 0.7 0.5 14 0.4 0.0 0.6 0.3 0.6 14 0.4 0.2 0.5 0.3 0.4 14 0.4 0.0 0.7 0.5 0.5 14 0.0 0.1 0.3 0.6 0.5 14 0.2 0.0 0.7 0.6 0.5 14 0.7 0.1 0.9 0.6 0.4 14 0.0 0.1 0.3 0.6 0.5 14 0.7 0.1 0.9 0.5 0.9 14 0.2 0.2 0.4 0.4 0.5 14 0.4 0.1 0.7 0.5 0.6 14 0.3 0.0 0.7 0.6 0.4 14 0.0 0.1 0.3 0.7 0.3 14 0.6 0.1 0.9 0.7 0.4 14 0.1 0.1 0.3 0.6 0.6 14 0.3 0.2 0.4 0.3 0.4 14 0.2 0.2 0.4 0.4 0.4 14 0.3 0.0 0.9 0.7 0.5 14 0.3 0.0 0.8 0.7 0.9 14 0.8 0.1 0.9 0.4 0.4 14 0.6 0.1 0.7 0.3 0.7 14 0.6 0.1 0.7 0.3
008619,0.7 6 0.1 0.1 0.8 0.7 0.9 14 0.5 0.0 0.6 0.2 0.6 14 0.0 0.2 0.1 0.6 1.0 14 0.8 0.0 0.9 0.4
008622,0.5 6 0.0 0.1 0.3 0.2 0.9 6 0.2 0.2 0.4 0.4 0.8 6 0.2 0.1 0.3 0.2 0.4 6 0.2 0.1 0.3 0.2
008623,0.5 6 0.4 0.4 0.4 0.4 1.0 14 0.2 0.3 0.4 0.6 0.4 13 0.1 0.3 0.5 0.6 0.8 14 0.4 0.3 0.5 0.4 0.7 6 0.4 0.4 0.4 0.4 0.7 14 0.1 0.4 0.2 0.6
008625,0.5 6 0.0 0.5 0.1 0.6 0.9 14 0.7 0.4 0.8 0.6 0.9 14 0.9 0.4 0.9 0.5 0.7 6 0.0 0.5 0.2 0.6 0.8 6 0.1 0.5 0.2 0.6
008626,0.4 15 0.8 0.2 0.9 0.7 0.3 15 0.8 0.2 0.9 0.7 0.3 4 0.3 0.5 0.4 0.6 0.4 15 0.7 0.2 0.8 0.3 0.3 4 0.4 0.2 0.4 0.3
008627,0.7 4 0.4 0.3 0.4 0.6
008629,0.6 14 0.0 0.1 0.6 1.0 0.3 14 0.0 0.1 0.8 1.0
008630,0.0 0 0.0 0.0 1.0 1.0
008631,0.3 2 0.5 0.3 0.6 0.3
008632,0.8 6 0.3 0.4 0.8 0.7
008634,0.8 14 0.8 0.4 0.8 1.0 0.9 14 0.7 0.4 0.8 0.7 0.9 14 0.4 0.6 0.5 0.7 0.9 14 0.5 0.6 0.5 0.8
008637,0.0 0 0.0 0.0 1.0 1.0
008640,0.6 14 0.1 0.2 0.4 0.8 0.4 14 0.1 0.2 0.3 0.8
008641,0.7 14 0.1 0.3 0.7 1.0 0.7 14 0.1 0.0 0.5 1.0 0.6 14 0.1 0.0 0.7 1.0 0.5 14 0.3 0.3 0.6 1.0 0.5 14 0.3 0.3 0.7 1.0
008642,0.4 6 0.0 0.3 0.8 0.8 0.9 14 0.0 0.5 0.0 0.7
008643,0.6 6 0.0 0.4 0.3 0.6
008646,0.0 0 0.0 0.0 1.0 1.0
008648,0.9 14 0.0 0.4 0.2 0.7
008649,0.0 0 0.0 0.0 1.0 1.0
008650,0.0 0 0.0 0.0 1.0 1.0
008651,0.8 14 0.1 0.1 0.5 0.7
008652,0.4 14 0.3 0.1 0.6 0.9 0.9 14 0.0 0.1 0.6 0.9
008656,0.0 0 0.0 0.0 1.0 1.0
008657,0.4 6 0.0 0.0 0.9 0.6
008658,0.4 14 0.3 0.0 0.5 0.5 0.5 14 0.3 0.0 0.6 0.5 0.5 14 0.4 0.0 0.6 0.2 0.7 14 0.0 -0.0 0.3 0.5 0.6 6 0.0 0.2 0.7 0.7 0.6 14 0.4 0.0 0.5 0.2
008659,0.0 0 0.0 0.0 1.0 1.0
008660,0.3 19 0.2 0.3 0.5 0.5
008661,0.4 15 0.6 0.3 0.6 0.5 0.4 15 0.3 0.3 0.4 0.4 0.4 15 0.0 0.3 0.1 0.4 0.4 15 0.6 0.3 0.6 0.4
008662,0.5 15 0.4 0.4 0.4 0.5 0.5 15 0.3 0.4 0.4 0.5
008664,1.0 14 0.1 0.1 0.6 1.0
008666,0.6 14 0.1 0.1 0.6 0.9 0.4 14 0.0 0.2 0.2 0.5 0.9 14 0.0 0.1 0.6 1.0 0.5 14 0.0 0.2 0.2 0.3 0.4 14 0.0 0.2 0.2 1.0 0.3 14 0.0 0.2 0.2 0.6
008668,0.6 6 0.0 0.2 0.5 0.6 0.6 6 0.0 0.1 1.0 0.7
008669,1.0 14 0.9 0.3 1.0 0.5 0.9 14 0.7 0.3 0.7 0.5 0.5 14 0.2 0.3 0.4 0.5 0.5 6 0.8 0.3 0.9 0.4 0.5 6 0.0 0.3 0.2 0.4 0.6 6 0.2 0.2 0.7 0.5 0.7 6 0.1 0.3 0.2 0.4 0.9 14 0.3 0.3 0.4 0.5 0.8 6 0.6 0.3 0.7 0.4
008671,0.4 8 0.7 0.4 0.8 0.5 0.4 8 0.2 0.4 0.3 0.6 0.4 14 0.8 0.2 0.9 0.5 0.4 8 0.4 0.3 0.5 0.4 0.8 14 0.8 0.2 0.9 0.5 0.3 8 0.6 0.3 0.7 0.4
008672,0.5 6 0.0 0.4 0.1 0.4
008673,0.3 8 0.1 0.4 0.3 0.7 0.5 8 0.1 0.4 0.3 0.9
008674,0.5 14 0.1 0.0 0.2 0.1
008675,0.0 0 0.0 0.0 1.0 1.0
008677,0.4 6 0.0 0.1 1.0 0.6
008678,0.4 15 0.5 0.6 0.7 0.7 0.9 14 0.2 0.3 0.4 0.9
008679,0.4 15 0.7 0.6 0.8 0.7
008681,0.7 14 0.3 0.2 0.6 1.0 0.6 14 0.5 0.3 0.8 1.0 0.8 14 0.5 0.2 0.6 0.5 0.5 14 0.1 0.5 0.4 1.0 0.4 14 0.5 0.2 0.6 0.8 0.5 14 0.5 0.2 0.6 0.8 0.9 14 0.1 0.5 0.4 1.0 0.3 14 0.6 0.3 0.8 1.0 0.8 14 0.5 0.2 0.8 1.0 0.4 14 0.4 0.2 0.6 1.0 0.4 14 0.5 0.2 0.8 1.0 0.5 14 0.5 0.3 0.8 1.0
008682,0.5 14 0.2 0.1 0.3 0.7 0.3 14 0.1 0.1 0.3 0.5 0.9 14 0.2 0.1 0.3 0.4 0.7 14 0.1 0.1 0.3 0.7 0.5 14 0.1 0.2 0.2 0.7 0.9 14 0.1 0.2 0.2 0.5 0.7 6 0.1 0.3 1.0 0.9
008684,0.8 6 0.0 0.3 0.8 0.8
008685,0.0 0 0.0 0.0 1.0 1.0
008686,0.6 4 0.4 0.4 0.5 0.8 0.4 4 0.4 0.4 0.5 0.5 0.4 4 0.3 0.8 0.4 1.0 0.3 19 0.2 0.2 0.4 0.4 0.7 4 0.3 0.7 0.4 1.0 0.4 6 0.2 0.2 0.3 0.4 1.0 14 0.6 0.0 0.8 0.4 0.3 4 0.4 0.4 0.5 0.8
008689,0.9 14 0.6 -0.0 0.7 0.3 0.9 14 0.2 0.1 0.3 0.3 0.8 14 0.3 0.1 0.7 0.8 0.6 14 0.5 0.0 0.7 0.8 0.6 14 0.8 0.0 0.9 0.3 0.3 13 0.1 0.2 0.7 0.8
008693,0.8 6 0.1 0.3 0.9 1.0
008694,0.3 6 0.7 0.5 0.9 0.7 0.9 6 0.7 0.5 0.9 0.7 0.4 1 0.3 0.5 0.5 0.6 0.8 14 0.4 0.4 0.4 0.5 0.7 14 0.4 0.4 0.4 0.6
008696,0.0 0 0.0 0.0 1.0 1.0
008697,0.6 4 0.3 0.0 0.5 1.0 0.4 4 0.3 0.2 0.5 1.0
008700,0.3 14 0.3 0.1 0.6 0.5 0.7 14 0.0 0.1 0.4 0.6 0.4 14 0.0 0.1 0.6 0.8 0.4 14 0.3 0.1 0.6 0.6 0.8 14 0.0 0.1 0.4 0.8 0.6 14 0.0 0.1 0.8 0.8 0.4 14 0.3 0.2 0.8 0.8
008703,0.0 0 0.0 0.0 1.0 1.0
008704,0.4 14 0.4 0.3 0.4 0.4
008705,0.0 0 0.0 0.0 1.0 1.0
008707,0.0 0 0.0 0.0 1.0 1.0
008708,0.4 6 0.5 0.4 0.5 0.4 1.0 14 0.2 0.3 0.4 0.8 1.0 14 0.4 0.3 0.6 0.7
008711,0.5 6 0.1 0.3 0.9 0.9 0.4 6 0.1 0.4 0.9 0.9
008712,0.5 6 0.3 0.5 0.4 0.6
008714,0.0 0 0.0 0.0 1.0 1.0
008715,0.9 14 0.9 0.8 1.0 1.0 0.4 6 0.2 0.4 0.5 0.7 0.4 6 0.2 0.4 0.6 0.8 0.7 14 0.5 0.5 0.6 0.7 0.7 14 0.4 0.4 0.6 0.7
008719,0.3 14 0.8 0.2 0.9 0.3 0.6 4 0.4 0.7 0.4 0.8 0.5 14 0.8 0.2 0.9 0.4 0.7 14 0.2 0.0 0.6 0.7 0.3 14 0.2 0.0 0.7 1.0 0.3 14 0.2 0.0 0.7 0.8 0.9 14 0.8 0.2 0.9 0.6 0.4 14 0.6 0.5 0.7 0.7
008721,0.5 14 0.3 0.2 0.6 1.0 0.7 14 0.5 0.2 0.9 1.0 0.4 14 0.0 0.2 0.4 0.5 0.8 14 0.0 0.2 0.4 0.8 0.5 14 0.0 0.2 0.3 0.8 0.3 14 0.5 0.2 0.9 1.0 0.4 14 0.3 0.2 0.8 1.0 0.4 14 0.5 0.2 0.8 0.6 0.8 14 0.3 0.2 0.9 1.0
008724,0.6 6 0.5 0.3 0.9 0.6 0.8 6 0.5 0.3 0.9 0.6
008726,0.5 6 0.0 0.2 0.4 1.0 0.6 14 0.3 0.2 0.3 0.4 0.4 14 0.3 0.0 0.6 1.0 0.9 14 0.4 0.0 0.6 1.0
008729,0.4 14 0.4 0.4 0.5 0.5
008734,0.9 14 0.1 0.1 0.1 0.2 0.6 6 0.1 0.0 0.9 0.4 0.5 6 0.6 0.1 0.9 0.4 0.5 14 0.5 0.0 0.5 0.1 0.8 14 0.7 0.0 0.8 0.1 0.6 6 0.6 0.1 0.9 0.4 0.4 6 0.1 0.0 0.9 0.4 0.3 13 0.2 0.5 0.8 0.9
008735,0.3 19 0.0 0.2 0.1 0.5 0.7 15 0.3 0.7 0.4 0.8 0.5 19 0.7 0.2 0.9 0.5
008736,0.0 0 0.0 0.0 1.0 1.0
008737,0.5 14 0.2 0.0 0.6 1.0 0.5 14 0.1 0.0 0.6 1.0 0.5 14 0.2 0.1 0.9 1.0
008740,0.4 14 0.1 0.0 0.9 1.0
008743,0.4 6 0.2 0.7 0.2 0.8
008745,0.5 1 0.1 0.6 0.2 0.9 0.9 14 0.4 0.4 0.5 1.0 0.5 1 0.0 0.4 0.2 0.9 0.4 14 0.1 0.4 0.2 0.7 0.9 14 0.0 0.4 0.2 0.8
008746,0.5 14 0.3 0.1 0.7 0.7 0.9 14 0.1 0.1 0.2 0.4 0.8 14 0.3 0.1 0.4 0.4 0.6 14 0.1 0.1 0.2 0.3 0.6 14 0.3 0.2 0.9 0.7 0.6 14 0.3 0.1 0.4 0.3
008751,0.9 14 0.5 0.2 0.5 0.3 0.5 14 0.4 0.4 0.5 0.5 0.9 14 0.0 0.4 0.1 0.5 0.9 14 0.5 0.5 0.7 0.6 0.5 14 0.0 0.3 0.1 0.5 0.9 14 0.2 0.3 0.2 0.4 0.9 14 0.3 0.5 0.5 0.6 0.9 14 0.0 0.3 0.1 0.4 0.5 14 0.0 0.3 0.1 0.5 0.3 14 0.7 0.1 0.9 0.4 0.5 15 0.5 0.4 0.6 0.5 0.8 14 0.4 0.3 0.5 0.4 0.8 14 0.1 0.3 0.2 0.3 0.6 14 0.0 0.3 0.1 0.3 0.7 14 0.0 0.3 0.1 0.5 0.5 14 0.2 0.3 0.2 0.4 1.0 14 0.7 0.1 0.9 0.5 0.4 14 0.1 0.3 0.2 0.5 0.7 14 0.2 0.3 0.3 0.3 0.3 14 0.1 0.3 0.2 0.4 0.8 14 0.0 0.3 0.1 0.3
008754,0.3 15 0.3 0.4 0.4 0.5 0.5 8 0.0 0.4 0.1 0.5 0.3 15 0.6 0.4 0.7 0.6 0.5 8 0.2 0.3 0.3 0.5 0.5 15 0.3 0.4 0.4 0.5 0.6 15 0.2 0.3 0.3 0.5 0.8 15 0.5 0.4 0.5 0.6 0.5 15 0.6 0.4 0.7 0.6 0.3 15 0.5 0.5 0.5 0.6 0.3 15 0.5 0.5 0.5 0.6
008758,0.4 14 0.3 0.3 0.6 0.5 0.3 14 0.0 0.3 0.6 1.0 1.0 14 0.7 0.1 0.9 0.6
008761,0.0 0 0.0 0.0 1.0 1.0
008762,1.0 14 0.2 0.2 0.5 1.0
008763,0.0 0 0.0 0.0 1.0 1.0
008765,0.9 14 0.3 0.2 0.4 0.4 0.3 1 0.3 0.3 0.5 0.5 0.5 1 0.2 0.3 0.4 0.5 0.9 14 0.7 0.2 0.9 0.6 0.5 1 0.5 0.4 0.9 0.6 0.6 1 0.2 0.3 0.4 0.5 0.5 1 0.3 0.4 0.5 0.5 0.5 14 0.3 0.2 0.5 0.4 0.5 1 0.2 0.4 0.5 0.5 0.4 14 0.8 0.2 0.9 0.5 0.5 14 0.4 0.2 0.6 0.5 0.9 14 0.0 0.0 0.1 0.1 0.5 14 0.3 0.2 0.5 0.5 0.6 1 0.5 0.4 0.7 0.6 0.3 1 0.2 0.3 0.4 0.5 0.4 14 0.6 0.2 0.9 0.5 0.7 14 0.3 0.2 0.4 0.5 0.3 1 0.2 0.3 0.4 0.5 0.5 14 0.4 0.2 0.6 0.5 0.9 14 0.4 0.2 0.6 0.5 0.6 1 0.2 0.3 0.5 0.5 0.9 14 0.7 0.2 0.9 0.6 0.6 14 0.3 0.2 0.4 0.3 0.6 1 0.2 0.3 0.5 0.5 0.9 14 0.6 0.3 0.8 0.5 0.5 1 0.2 0.3 0.7 0.6 0.4 14 0.4 0.2 0.6 0.5 0.4 1 0.5 0.4 0.7 0.6 0.4 14 0.6 0.2 0.9 0.6 0.6 14 0.6 0.3 0.7 0.4
008767,0.0 0 0.0 0.0 1.0 1.0
008774,0.9 14 0.2 0.3 0.4 1.0 0.9 14 0.4 0.4 0.6 1.0 0.9 14 0.5 0.3 0.8 1.0
008777,0.8 6 0.1 0.3 0.9 0.8
008778,0.3 4 0.5 0.0 0.5 0.2 0.8 14 0.0 0.4 0.2 1.0 0.7 4 0.6 0.0 0.7 0.4 0.4 14 0.0 0.0 0.3 0.4 0.7 14 0.0 0.0 0.4 1.0 0.7 14 0.0 0.0 0.3 1.0
008779,0.7 8 0.0 0.6 0.3 1.0 0.8 14 0.4 0.3 0.7 1.0 0.4 8 0.1 0.6 0.4 1.0 0.4 8 0.0 0.4 0.3 1.0 0.4 8 0.1 0.6 0.3 1.0
008780,0.9 14 0.3 0.3 0.5 0.9 1.0 14 0.9 0.7 1.0 1.0 0.6 14 0.0 0.3 0.5 1.0 0.8 14 0.0 0.3 0.3 0.8 0.7 14 0.0 0.3 0.4 1.0 0.5 14 0.3 0.3 0.5 0.9 0.5 14 0.3 0.5 0.8 1.0
008781,0.4 14 0.3 0.1 0.9 1.0
008782,0.0 0 0.0 0.0 1.0 1.0
008785,0.3 6 0.2 0.2 0.3 0.4 1.0 14 0.1 0.1 0.2 0.4 0.7 6 0.0 0.2 0.1 0.4 0.6 6 0.0 0.1 0.7 1.0 0.5 6 0.0 0.2 0.1 0.3
008786,0.5 14 0.2 0.5 0.3 0.7 0.8 14 0.4 0.4 0.4 0.5 0.3 14 0.1 0.4 0.2 0.6 0.7 14 0.2 0.5 0.3 0.6 0.4 14 0.1 0.4 0.2 0.5 0.9 14 0.1 0.4 0.2 0.6 0.6 14 0.1 0.4 0.2 0.6 0.7 14 0.4 0.4 0.4 0.6 0.9 14 0.5 0.4 0.5 0.6 0.9 14 0.8 0.4 0.9 0.6
008787,0.3 14 0.0 0.0 0.3 0.5 0.9 14 0.0 0.6 0.3 1.0 0.7 14 0.4 0.1 0.9 1.0
008788,0.6 6 0.0 0.6 0.1 0.7 0.3 6 0.0 0.4 0.5 0.8 0.8 6 0.5 0.6 0.7 0.9
008789,0.0 0 0.0 0.0 1.0 1.0
008791,0.3 0 0.0 0.3 1.0 0.7
008792,0.4 14 0.2 0.1 0.7 1.0 0.8 14 0.0 0.1 0.7 1.0
008795,0.3 14 0.0 0.0 0.1 0.4 0.6 14 0.0 0.0 0.6 1.0 0.4 14 0.7 0.2 0.9 0.9 0.4 14 0.6 0.2 0.9 0.9 0.7 14 0.6 0.0 0.9 0.9
008797,0.9 14 0.2 0.1 0.2 0.2 0.8 14 0.3 0.0 0.3 0.1 0.9 14 0.1 0.0 0.2 0.3 0.8 14 0.0 0.1 0.1 0.3 0.9 14 0.0 0.2 0.1 0.3 0.4 14 0.0 0.1 0.1 0.3 0.7 6 0.0 0.0 0.9 1.0 0.4 14 0.1 0.0 0.1 0.3 0.6 14 0.3 0.0 0.3 0.3
008798,0.0 0 0.0 0.0 1.0 1.0
008800,0.5 6 0.1 0.0 0.8 0.9
008802,0.6 14 0.4 0.1 0.6 0.5 0.4 14 0.2 0.1 0.7 0.7 0.7 14 0.4 0.1 0.7 0.7 0.8 14 0.3 0.2 0.7 1.0 0.4 14 0.3 0.2 0.7 0.7 0.6 14 0.3 0.2 0.7 0.7
008803,0.6 8 0.6 0.8 0.8 1.0
008804,0.8 14 0.3 0.0 0.5 0.4 0.3 14 0.3 0.2 0.6 0.9 0.5 14 0.3 0.1 0.5 0.6 0.7 14 0.3 0.0 0.5 0.7 0.4 14 0.3 0.2 0.6 0.7 0.4 14 0.3 0.1 0.5 0.7 0.8 14 0.2 0.2 0.6 1.0 0.3 14 0.3 0.2 0.6 0.7
008807,0.9 14 0.3 0.1 0.3 0.3 1.0 14 0.4 0.2 0.6 0.5
008808,0.7 14 0.0 0.7 0.1 0.8 0.9 14 0.6 0.2 0.8 1.0 0.5 14 0.1 0.1 0.6 1.0 0.8 14 0.0 0.3 0.0 0.5 0.6 14 0.3 0.1 0.6 0.9 0.3 14 0.2 0.1 0.4 0.4 0.9 14 0.1 0.1 0.4 1.0 0.9 14 0.4 0.1 0.6 1.0 0.5 14 0.0 0.7 0.1 1.0 0.4 14 0.4 0.1 0.6 0.9 0.9 14 0.6 0.2 0.9 1.0
008812,0.4 14 0.8 0.6 0.9 0.7 0.4 14 0.6 0.1 0.8 0.7 0.7 14 0.6 0.5 0.9 0.7 0.3 14 0.0 0.4 0.6 1.0 0.4 14 0.6 0.1 0.9 0.6 0.9 14 0.0 0.4 0.6 0.7 0.7 14 0.6 0.1 0.9 0.7 0.3 14 0.0 0.4 0.3 0.8
008816,0.6 14 0.1 0.3 0.4 0.8 0.5 14 0.0 0.1 0.7 0.8 0.4 14 0.2 0.3 0.4 0.7 0.5 14 0.3 0.1 0.7 0.8 0.4 14 0.0 0.3 0.4 1.0 0.6 14 0.2 0.1 0.8 1.0 0.6 14 0.3 0.1 0.8 0.8
008818,0.5 14 0.0 0.1 0.3 0.8
008820,0.0 0 0.0 0.0 1.0 1.0
008821,0.5 15 0.4 0.4 0.6 0.5 0.5 15 0.3 0.4 0.4 0.5 0.5 15 0.3 0.4 0.6 0.5
008824,0.9 6 0.4 0.3 0.6 0.4 0.3 6 0.8 0.3 0.8 0.3 0.7 6 0.7 0.5 0.9 0.8 0.9 6 0.7 0.2 0.8 0.3 0.9 6 0.6 0.3 0.7 0.4 0.3 6 0.8 0.3 0.9 0.3 0.9 6 0.8 0.3 0.9 0.3 0.4 6 0.2 0.3 0.4 0.4 0.6 6 0.7 0.2 0.8 0.3 0.5 6 0.8 0.3 0.9 0.3 0.3 1 0.2 0.4 0.4 0.7 0.8 6 0.7 0.3 0.8 0.3 0.5 6 0.5 0.3 0.7 0.4 0.8 6 0.2 0.3 0.4 0.4 0.5 6 0.5 0.3 0.7 0.4 0.5 6 0.4 0.3 0.6 0.4 1.0 14 0.2 0.4 0.4 0.6 0.4 6 0.5 0.3 0.7 0.4 0.8 6 0.6 0.2 0.7 0.3
008825,0.3 6 0.3 0.3 0.8 0.4
008827,0.0 0 0.0 0.0 1.0 1.0
008828,0.5 6 0.2 0.5 0.3 0.6 0.6 6 0.3 0.2 0.3 0.2 0.9 14 0.4 0.7 0.5 0.8 0.3 6 0.2 0.4 0.3 0.5 0.6 6 0.2 0.3 0.3 0.4 0.3 6 0.3 0.2 0.3 0.2 0.4 6 0.2 0.3 0.3 0.4 0.3 6 0.2 0.4 0.3 0.6 0.3 6 0.2 0.2 0.3 0.3 0.4 6 0.2 0.4 0.3 0.6 0.7 6 0.2 0.3 0.3 0.3 0.6 6 0.2 0.2 0.3 0.3
008829,0.9 14 0.3 0.1 0.4 0.2 0.4 6 0.1 0.2 0.8 0.5 0.8 14 0.9 0.0 1.0 0.4 0.4 14 0.8 0.1 0.9 0.3 0.8 14 0.8 0.1 0.8 0.3 0.7 14 0.9 0.0 1.0 0.3 0.9 14 0.2 0.1 0.3 0.2 0.5 14 0.8 0.1 0.8 0.2 0.5 14 0.9 0.1 0.9 0.2 0.3 14 0.8 0.1 0.9 0.3 0.9 14 0.8 0.1 0.8 0.3 0.4 14 0.9 0.1 1.0 0.2 0.8 6 0.1 0.1 0.8 0.5 0.5 14 0.8 0.1 0.8 0.4 0.8 14 0.7 0.1 0.8 0.2 0.8 14 0.7 0.1 0.8 0.3
008830,0.0 0 0.0 0.0 1.0 1.0
008832,0.0 0 0.0 0.0 1.0 1.0
008834,0.0 0 0.0 0.0 1.0 1.0
008839,0.5 1 0.6 0.3 0.9 0.7 0.8 14 0.1 0.3 0.3 0.6 0.9 14 0.2 0.1 0.5 0.5 0.4 14 0.0 0.0 0.0 0.7 0.7 14 0.7 0.1 0.8 0.4 0.8 14 0.0 0.3 0.3 0.7 0.5 14 0.2 0.3 0.3 0.4 1.0 14 0.7 0.1 0.9 0.6 0.3 1 0.6 0.3 0.9 0.7
008842,0.4 2 0.4 0.2 0.5 0.3
008844,0.5 14 0.1 0.3 0.3 0.5 0.4 14 0.0 0.3 0.4 0.9 0.5 14 0.0 0.4 0.1 0.4 0.9 14 0.0 0.1 0.5 0.9 0.4 14 0.0 0.0 0.6 0.9 0.4 14 0.2 0.1 0.5 0.9
008845,0.5 14 0.5 0.1 0.6 0.2 0.4 6 0.1 0.2 0.7 0.6 0.5 14 0.6 0.1 0.7 0.3 0.5 14 0.4 0.1 0.5 0.2 0.6 14 0.4 0.1 0.6 0.5 0.9 14 0.1 0.0 0.5 0.5 0.6 14 0.1 0.0 0.3 0.6 0.7 14 0.6 0.1 0.7 0.2 0.3 14 0.6 0.3 0.7 0.4 0.4 14 0.6 0.0 0.7 0.2
008846,0.0 0 0.0 0.0 1.0 1.0
008850,0.4 15 0.6 0.0 0.8 0.3 0.4 15 0.3 0.0 0.6 0.4 0.4 14 0.1 0.3 0.5 0.7
008851,0.0 0 0.0 0.0 1.0 1.0
008852,0.6 6 0.0 0.3 0.2 0.5 0.5 6 0.0 0.1 0.9 0.5
008853,0.0 0 0.0 0.0 1.0 1.0
008855,0.5 14 0.6 0.5 0.7 0.6
008857,0.5 14 0.2 0.1 0.5 0.5 0.4 14 0.1 0.1 0.4 0.7 0.5 14 0.0 0.1 0.3 0.4 0.7 14 0.5 0.1 0.7 0.5 0.5 14 0.1 0.1 0.3 0.5 0.3 14 0.7 0.2 0.9 0.4 0.5 14 0.2 0.1 0.6 1.0 0.5 14 0.0 0.1 0.3 0.5 0.7 14 0.2 0.1 0.6 0.7 0.3 14 0.5 0.1 0.9 0.5 0.3 14 0.2 0.1 0.5 0.5 0.6 14 0.2 0.1 0.6 0.6 0.6 14 0.1 0.1 0.2 0.3 0.6 14 0.0 0.1 0.3 1.0 0.4 14 0.2 0.1 0.9 1.0 0.7 14 0.0 0.1 0.3 0.7 0.3 14 0.5 0.1 0.9 0.7 0.3 14 0.5 0.1 0.7 0.5
008860,0.0 0 0.0 0.0 1.0 1.0
008861,0.0 0 0.0 0.0 1.0 1.0
008863,0.0 0 0.0 0.0 1.0 1.0
008864,0.7 14 0.1 0.5 0.3 1.0 0.9 14 0.3 0.2 0.4 0.6 0.9 14 0.2 0.4 0.4 0.9 0.3 14 0.3 0.2 0.4 0.7 0.5 14 0.1 0.4 0.4 1.0 0.5 14 0.1 0.4 0.1 0.5 0.6 14 0.3 0.2 0.4 0.9 0.5 14 0.3 0.2 0.4 0.8 0.8 14 0.1 0.4 0.3 0.9 0.8 14 0.1 0.4 0.4 1.0 0.4 14 0.1 0.4 0.2 0.6 0.4 14 0.1 0.4 0.3 1.0 0.5 14 0.1 0.4 0.2 0.7 0.4 14 0.1 0.4 0.2 0.6 1.0 14 0.5 0.2 0.7 0.9 1.0 14 0.7 0.3 0.9 1.0
008866,0.5 6 0.7 0.7 0.9 1.0
008868,0.3 1 0.5 0.5 0.7 0.9 1.0 14 0.6 0.3 0.8 0.8
008869,0.9 14 0.2 0.7 0.3 0.9 0.4 6 0.0 0.7 0.1 0.8 0.4 14 0.2 0.7 0.3 0.8
008870,0.4 14 0.3 0.4 0.6 0.9 0.4 14 0.4 0.5 0.6 0.8 0.6 14 0.3 0.4 0.6 0.8 0.5 14 0.2 0.4 0.6 0.8 0.3 14 0.5 0.4 0.6 0.8 0.7 14 0.0 0.4 0.6 1.0 0.3 14 0.4 0.4 0.6 0.8
008875,0.0 0 0.0 0.0 1.0 1.0
008877,0.0 0 0.0 0.0 1.0 1.0
008881,0.0 0 0.0 0.0 1.0 1.0
008882,0.5 14 0.2 0.3 0.5 0.8 0.3 14 0.2 0.2 0.5 0.6 0.3 14 0.2 0.0 0.5 0.8 0.4 14 0.2 0.2 0.5 0.6 0.8 14 0.2 0.2 0.5 0.8
008887,0.0 0 0.0 0.0 1.0 1.0
008889,0.4 14 0.1 0.0 0.7 0.5 0.5 14 0.1 0.0 0.7 0.6
008893,0.5 6 0.8 0.2 0.9 0.2 0.4 6 0.8 0.2 1.0 0.3 0.5 6 0.7 0.2 1.0 0.4 0.3 6 0.9 0.2 1.0 0.3 0.4 6 0.0 0.2 0.6 0.5 0.3 6 0.9 0.2 1.0 0.3 0.5 6 0.8 0.2 1.0 0.4 0.6 6 0.0 0.2 0.6 0.6 0.6 6 0.7 0.2 1.0 0.4
008894,0.5 14 0.0 0.0 0.5 0.6 0.3 14 0.0 0.0 0.5 0.7 0.4 14 0.0 0.0 0.5 1.0
008895,0.6 6 0.4 0.5 0.5 0.5 0.7 6 0.5 0.4 0.6 0.5 0.5 1 0.2 0.8 0.4 1.0 0.3 1 0.2 0.8 0.4 1.0 1.0 14 0.1 0.5 0.2 0.9 0.9 6 0.5 0.5 0.8 0.7
008896,0.8 6 0.4 0.4 0.8 0.6
008897,0.9 14 0.4 0.2 0.7 1.0
008898,0.0 0 0.0 0.0 1.0 1.0
008899,0.4 14 0.4 0.0 0.6 0.6 0.7 14 0.4 0.0 0.6 0.6 0.5 14 0.1 0.1 0.6 0.9
008901,0.4 14 0.4 0.5 0.7 1.0 0.9 14 0.2 0.4 0.5 1.0 0.4 14 0.2 0.4 0.5 0.7 0.7 14 0.4 0.3 0.5 0.6 0.4 14 0.2 0.4 0.7 1.0 0.4 14 0.4 0.3 0.7 1.0
008902,0.5 4 0.2 0.7 0.3 0.9 0.9 14 0.2 0.1 0.7 1.0 0.4 14 0.3 0.1 0.7 1.0
008903,0.8 6 0.4 0.4 0.6 0.6 0.5 6 0.6 0.4 0.6 0.4 0.9 6 0.0 0.4 0.1 0.4 0.3 6 0.5 0.4 0.6 0.4
008904,0.0 0 0.0 0.0 1.0 1.0
008906,0.6 14 0.0 0.3 0.5 0.7 0.5 14 0.3 0.3 0.5 0.6 0.8 14 0.3 0.3 0.5 0.4
008907,0.4 14 0.0 0.0 0.9 0.7 0.3 14 0.5 0.1 0.9 1.0 0.4 14 0.0 0.0 0.4 0.7 0.5 14 0.3 0.0 0.9 0.7 0.5 14 0.0 0.0 0.7 0.7 0.3 14 0.6 0.0 0.9 0.7 0.3 14 0.3 0.0 0.7 0.6 0.5 14 0.0 0.0 0.9 1.0 0.6 14 0.6 0.1 0.9 0.7 0.7 14 0.5 0.1 0.9 0.7 0.3 14 0.6 0.0 0.9 0.7
008908,0.4 6 0.0 0.0 0.7 0.5
008910,0.4 6 0.5 0.2 0.6 0.3 0.4 6 0.8 0.3 0.8 0.3 0.5 6 0.5 0.2 0.6 0.3 0.7 6 0.3 0.6 0.4 0.7 0.7 6 0.6 0.3 0.7 0.3 0.4 6 0.1 0.3 0.2 0.4 0.8 6 0.5 0.6 0.7 0.7 0.7 6 0.3 0.4 0.4 0.5 0.7 6 0.5 0.4 0.6 0.5 0.6 6 0.3 0.4 0.3 0.4 0.9 6 0.7 0.4 0.8 0.5 0.4 6 0.1 0.5 0.2 0.6 0.6 6 0.3 0.5 0.4 0.6 0.8 6 0.5 0.5 0.6 0.6 0.7 6 0.6 0.3 0.6 0.3
008912,0.0 0 0.0 0.0 1.0 1.0
008915,0.5 6 0.6 0.6 0.6 0.6 0.9 14 0.0 0.6 0.1 0.7 0.8 6 0.6 0.6 0.7 0.8
008916,0.7 14 0.4 0.1 0.6 0.4 0.7 14 0.6 0.2 0.8 0.6 0.5 14 0.5 0.2 0.8 1.0 0.9 14 0.2 0.1 0.4 0.6 0.9 14 0.4 0.1 0.6 0.5 0.7 14 0.5 0.2 0.8 0.7 0.9 14 0.5 0.2 0.8 0.7 0.4 14 0.6 0.2 0.7 0.5 0.3 14 0.6 0.5 0.7 0.6 0.3 14 0.6 0.2 0.8 0.5
008918,0.3 14 0.4 0.0 0.7 0.5 0.3 14 0.3 0.0 0.4 0.3 0.9 14 0.3 0.3 0.5 0.7 0.6 14 0.5 0.0 0.8 0.7 0.6 14 0.0 0.3 0.5 0.7 0.6 14 0.1 0.0 0.4 0.5 0.6 14 0.4 0.0 0.8 0.5 0.4 14 0.0 0.0 0.5 0.7 0.4 14 0.4 0.0 0.8 0.7 0.5 14 0.0 0.3 0.5 0.7 0.4 14 0.3 0.3 0.6 0.7 0.5 14 0.1 0.0 0.4 0.4 0.4 14 0.2 0.0 0.4 0.3 0.5 14 0.5 0.4 0.8 0.7 0.4 14 0.1 0.0 0.4 0.5 0.4 14 0.5 0.0 0.7 0.3 0.5 14 0.5 0.4 0.7 0.7 0.3 14 0.5 0.0 0.7 0.4
008922,0.5 14 0.6 0.3 0.7 0.4 0.5 14 0.0 0.4 0.1 0.7 0.7 14 0.1 0.5 0.2 0.7 0.9 14 0.5 0.3 0.6 0.4 0.8 14 0.0 0.4 0.2 0.7 0.4 14 0.5 0.3 0.7 0.4 0.8 14 0.6 0.3 0.6 0.4 0.3 14 0.6 0.3 0.6 0.4
008924,0.0 0 0.0 0.0 1.0 1.0
008925,0.0 0 0.0 0.0 1.0 1.0
008928,0.4 14 0.5 0.2 0.6 0.3 0.3 14 0.4 0.2 0.6 0.6 0.4 14 0.0 0.2 0.3 0.7 0.6 14 0.8 0.2 0.9 0.3 0.5 14 0.7 0.1 0.7 0.7 0.4 14 0.4 0.2 0.5 0.4 0.8 14 0.1 0.2 0.3 0.7 0.6 14 0.8 0.2 0.9 0.4 0.4 14 0.6 0.2 0.7 0.5 0.3 14 0.7 0.2 0.9 0.7 1.0 14 0.3 0.2 0.4 0.7 0.9 14 0.4 0.1 0.6 0.7 1.0 14 0.0 0.2 0.2 0.7 0.4 14 0.8 0.2 0.9 0.3 1.0 14 0.7 0.1 0.9 0.7 0.3 14 0.3 0.2 0.4 0.3 0.9 14 0.4 0.2 0.5 0.6 0.3 14 0.1 0.2 0.3 0.6 1.0 14 0.6 0.2 0.7 0.7 0.6 14 0.7 0.2 0.9 0.7 0.3 14 0.6 0.1 0.7 0.3
008934,0.7 14 0.1 0.2 0.4 0.6 0.3 14 0.1 0.2 0.4 0.5 0.4 14 0.2 0.2 0.4 0.5 0.4 14 0.1 0.2 0.4 0.7 0.3 14 0.2 0.2 0.4 0.5 0.6 14 0.0 0.2 0.4 0.7
008935,0.3 14 0.7 0.0 0.9 0.6
008937,0.3 14 0.7 0.3 0.8 0.5 0.5 14 0.0 0.4 0.2 0.7 0.4 14 0.4 0.2 0.8 0.6 0.4 14 0.6 0.3 0.8 0.7
008938,0.0 0 0.0 0.0 1.0 1.0
008941,0.3 8 0.0 0.2 0.3 0.5 0.9 14 0.3 0.1 0.6 0.6 0.4 14 0.3 0.2 0.4 0.5 0.7 14 0.3 0.1 0.6 0.6 0.4 14 0.3 0.2 0.4 0.5 0.4 14 0.3 0.1 0.6 1.0 0.6 14 0.6 0.3 0.9 0.7 0.9 14 0.6 0.3 0.8 0.7 0.4 14 0.6 0.3 0.9 1.0
008945,0.3 14 0.3 0.1 0.6 0.5 0.6 14 0.3 0.1 0.6 0.7 0.9 14 0.3 0.1 0.6 0.5 0.3 14 0.3 0.1 0.6 0.6 0.4 14 0.3 0.1 0.6 0.5 0.4 14 0.0 0.1 0.6 1.0 0.4 14 0.0 0.1 0.6 1.0
008946,1.0 14 0.5 0.3 0.7 0.7
008947,0.3 19 0.4 0.1 0.6 0.3 0.4 8 0.1 0.4 0.3 0.7 0.3 8 0.1 0.4 0.3 0.7
008949,0.7 6 0.0 0.5 0.1 0.7 0.7 6 0.0 0.3 0.2 0.7 0.5 6 0.0 0.4 0.2 0.5 0.4 6 0.0 0.4 0.2 0.5
008950,0.0 0 0.0 0.0 1.0 1.0
008952,0.3 14 0.5 0.2 0.5 0.3 0.4 14 0.5 0.2 0.5 0.3 0.9 14 0.5 0.2 0.6 0.4 0.4 1 0.5 0.2 0.6 0.5 0.7 14 0.5 0.2 0.6 0.4
008954,0.4 8 0.0 0.7 0.4 1.0 0.7 14 0.6 0.4 0.7 0.5 0.6 14 0.6 0.4 0.7 0.9 0.7 14 0.6 0.4 0.7 0.5
008956,0.5 14 0.1 0.0 0.6 1.0
008957,0.4 14 0.5 0.2 0.6 0.5 0.6 14 0.3 0.2 0.4 0.4 0.4 14 0.2 0.2 0.6 1.0 0.9 14 0.6 0.4 0.9 1.0 0.9 14 0.2 0.3 0.4 1.0 0.4 14 0.2 0.5 0.4 1.0 0.4 14 0.4 0.2 0.5 0.5 0.5 14 0.2 0.4 0.4 1.0 0.4 14 0.2 0.2 0.5 1.0 0.5 14 0.2 0.2 0.4 0.7 0.4 8 0.1 0.5 0.2 0.7 0.4 14 0.4 0.2 0.6 0.6 0.3 14 0.1 0.2 0.4 0.7 0.3 14 0.1 0.1 0.3 0.6 0.9 14 0.4 0.1 0.7 1.0 0.4 8 0.1 0.5 0.2 0.7 0.4 14 0.3 0.2 0.4 0.5 0.9 14 0.8 0.8 0.9 1.0 0.6 14 0.4 0.2 0.6 1.0 0.4 14 0.6 0.4 0.7 0.6
008959,0.0 0 0.0 0.0 1.0 1.0
008963,0.9 14 0.3 0.2 0.6 1.0 0.9 14 0.0 0.1 0.1 0.5 0.9 14 0.7 0.3 0.9 1.0 0.4 8 0.1 0.6 0.3 0.9 0.3 8 0.1 0.6 0.3 0.9 0.3 14 0.0 0.1 0.1 0.7 0.4 14 0.0 0.1 0.1 0.6 0.4 8 0.2 0.6 0.3 0.9 0.3 8 0.0 0.6 0.3 0.9 0.3 14 0.0 0.2 0.6 1.0 0.9 14 0.5 0.2 0.8 1.0 0.6 14 0.5 0.2 0.9 1.0 0.4 14 0.5 0.2 0.9 1.0
008964,0.0 0 0.0 0.0 1.0 1.0
008972,0.0 0 0.0 0.0 1.0 1.0
008974,0.3 14 0.0 0.4 0.3 1.0 0.4 14 0.0 0.0 0.7 1.0 0.8 14 0.1 0.4 0.4 1.0 0.4 14 0.3 0.0 0.7 1.0
008977,0.0 0 0.0 0.0 1.0 1.0
008981,0.0 0 0.0 0.0 1.0 1.0
008984,0.4 14 0.5 0.8 0.6 0.9
008986,0.0 0 0.0 0.0 1.0 1.0
008990,0.4 14 0.0 0.2 0.2 0.6 0.4 14 0.0 0.2 0.2 0.7 0.5 14 0.0 0.1 0.6 0.9 0.8 14 0.0 0.1 0.5 1.0 0.4 14 0.0 0.2 0.2 0.5 0.6 14 0.0 0.2 0.2 1.0 0.7 14 0.0 0.0 0.6 1.0 0.7 14 0.0 0.2 0.2 0.8
008991,0.5 8 0.6 0.4 0.9 0.6
008992,0.0 0 0.0 0.0 1.0 1.0
008993,0.7 14 0.3 0.1 0.7 0.6 0.4 14 0.3 0.1 0.7 0.6 0.9 14 0.3 0.2 0.5 0.6 0.9 14 0.4 0.1 0.7 0.6
008994,0.4 13 0.3 0.3 0.8 0.6 0.5 14 0.5 0.4 0.8 0.6 0.5 14 0.1 0.4 0.2 0.5 0.3 14 0.0 0.4 0.0 0.5 0.7 14 0.0 0.4 0.1 0.5 0.6 14 0.0 0.4 0.1 0.6 0.5 14 0.0 0.4 0.1 0.5
008996,0.9 6 0.7 0.2 0.7 0.4 0.5 14 0.1 0.2 0.7 0.9 0.5 14 0.1 0.2 0.7 1.0 0.5 6 0.7 0.2 0.7 0.4
008998,0.0 0 0.0 0.0 1.0 1.0
009001,0.6 6 0.2 0.8 0.4 0.8 0.5 14 0.4 0.7 0.4 0.8
009003,0.5 14 0.0 0.3 0.3 0.7 0.4 14 0.0 0.3 0.3 0.9 0.7 14 0.0 0.3 0.4 1.0 0.4 14 0.0 0.3 0.3 1.0 0.9 14 0.0 0.1 0.7 1.0 0.4 14 0.0 0.3 0.3 0.8 0.4 14 0.3 0.1 0.7 1.0
009008,0.7 6 0.6 0.1 0.7 0.1 0.3 6 0.1 0.1 0.7 0.5 0.5 6 0.4 0.2 0.6 0.3 0.6 6 0.6 0.1 0.7 0.1 0.3 6 0.1 0.3 0.6 0.5 0.6 6 0.0 0.1 0.7 0.5 0.5 6 0.1 0.3 0.6 0.5 0.3 6 0.0 0.2 0.6 0.5 0.4 6 0.1 0.1 0.9 0.5
009009,0.6 8 0.5 0.5 0.7 0.8
009010,0.4 6 0.1 0.5 0.4 0.6
009011,0.4 14 0.5 0.3 0.6 0.5 0.4 14 0.7 0.2 0.8 0.7 0.4 14 0.4 0.3 0.6 0.5 0.9 14 0.6 0.2 0.8 0.8 0.7 14 0.7 0.1 0.8 0.7 0.4 14 0.4 0.3 0.7 0.8 0.4 14 0.6 0.1 0.8 0.7 0.3 14 0.7 0.1 0.8 0.5
009012,0.4 4 0.2 0.0 0.5 1.0 0.9 14 0.4 0.0 0.6 0.3 0.4 14 0.0 -0.0 0.2 0.5 0.4 4 0.5 0.2 0.6 0.4 0.3 4 0.5 0.1 0.6 0.4
009013,0.4 14 0.1 0.5 0.7 0.7 0.3 19 0.8 0.2 0.9 0.3 0.6 14 0.1 0.5 0.7 0.7 0.8 14 0.1 0.4 0.2 0.7 0.7 14 0.1 0.4 0.1 0.5
009014,0.8 14 0.2 0.1 0.3 0.2 0.9 14 0.2 0.1 0.2 0.2
009017,0.5 14 0.4 0.2 0.5 0.5 0.5 14 0.2 0.2 0.3 0.3 0.7 14 0.0 0.2 0.2 0.6 0.5 14 0.5 0.1 0.8 0.6 0.3 14 0.3 0.2 0.8 0.7 0.4 14 0.2 0.2 0.4 0.5 0.4 14 0.3 0.2 0.5 0.5 0.4 14 0.2 0.2 0.3 0.6 0.6 14 0.5 0.1 0.8 0.7 0.8 14 0.2 0.1 0.6 0.5 0.4 14 0.5 0.1 0.8 0.7 0.3 14 0.5 0.1 0.8 0.5 0.5 14 0.2 0.2 0.3 0.5 0.3 14 0.0 0.2 0.3 0.7 0.8 14 0.3 0.1 0.5 0.5 0.9 14 0.2 0.2 0.3 0.5 0.5 14 0.0 0.2 0.2 1.0 0.4 14 0.2 0.1 0.8 0.7 0.4 14 0.5 0.1 0.8 0.7 0.7 14 0.0 0.2 0.2 0.7 0.3 14 0.2 0.2 0.5 0.5 0.5 14 0.3 0.1 0.8 0.7 0.3 14 0.5 0.1 0.7 0.4 0.6 14 0.5 0.1 0.8 0.3
009021,0.0 0 0.0 0.0 1.0 1.0
009023,0.7 14 0.4 0.1 0.5 0.1 0.9 14 0.0 0.0 0.1 0.2 0.6 6 0.8 0.1 1.0 0.3 0.9 14 0.7 0.1 0.8 0.2 0.4 14 0.0 0.1 0.0 0.2 0.4 14 1.0 0.1 1.0 0.2 0.8 14 0.2 0.1 0.2 0.2 0.4 14 0.8 0.1 0.8 0.1 0.3 14 0.8 0.1 0.9 0.2 0.5 14 0.0 0.0 0.0 0.3 0.7 14 0.3 0.0 0.4 0.2 0.8 14 0.0 0.0 0.2 0.5 0.4 14 0.2 0.1 0.2 0.2 0.7 6 0.1 0.1 0.8 0.8 0.4 6 0.1 0.1 1.0 0.7 0.3 6 0.8 0.1 0.9 0.3 0.3 14 0.3 0.0 0.4 0.2 0.9 14 0.4 0.0 0.4 0.2 0.4 6 0.1 0.1 0.2 0.3 0.9 14 0.8 0.1 0.9 0.3 0.5 6 0.1 0.1 1.0 0.7 0.8 14 0.6 0.1 0.6 0.1
009025,0.5 14 0.5 0.0 0.8 0.7 0.3 14 0.1 0.0 0.6 0.7 0.7 14 0.1 0.0 0.8 0.7 0.3 14 0.3 0.1 0.7 0.7 0.8 14 0.0 0.1 0.1 0.8 0.6 14 0.1 0.0 0.8 1.0
009026,0.3 6 0.4 0.5 0.5 0.5 0.3 6 0.2 0.5 0.3 0.5 0.4 6 0.2 0.5 0.3 0.5 0.7 6 0.0 0.5 0.1 0.5 0.5 6 0.5 0.5 0.5 0.5 0.4 6 0.4 0.5 0.5 0.5 0.4 6 0.1 0.5 0.2 0.5
009028,0.3 14 0.3 0.1 0.5 0.5 0.3 14 0.3 0.1 0.6 0.6 0.9 14 0.3 0.1 0.6 0.5
009030,0.5 6 0.5 0.6 0.9 0.8 0.6 6 0.7 0.5 0.8 0.5
009031,0.0 0 0.0 0.0 1.0 1.0
009033,0.4 6 0.0 0.7 0.2 0.8 0.7 6 0.4 0.7 0.5 0.8 0.5 6 0.1 0.7 0.3 0.8 0.7 6 0.0 0.7 0.1 0.8 0.5 6 0.6 0.7 0.7 0.7 0.5 6 0.6 0.7 0.7 0.7 0.7 6 0.5 0.7 0.6 0.7 0.6 6 0.2 0.7 0.4 0.8 0.7 6 0.3 0.7 0.4 0.8 0.4 6 0.0 0.7 0.1 0.8 0.5 6 0.2 0.7 0.4 0.8 0.7 6 0.2 0.7 0.4 0.8 0.4 6 0.6 0.7 0.7 0.7 0.6 6 0.4 0.7 0.6 0.7 0.4 6 0.2 0.7 0.3 0.8 0.5 6 0.0 0.7 0.2 0.8 0.6 6 0.0 0.7 0.3 0.8 0.6 6 0.2 0.7 0.3 0.8 0.8 6 0.0 0.7 0.3 0.8 0.6 6 0.6 0.7 0.7 0.7 0.8 6 0.6 0.7 0.7 0.7 0.7 6 0.0 0.7 0.1 0.8 0.4 6 0.3 0.7 0.4 0.8 0.8 6 0.4 0.7 0.5 0.8 0.7 6 0.5 0.6 0.6 0.7 0.5 6 0.5 0.7 0.6 0.7
009038,0.0 0 0.0 0.0 1.0 1.0
009040,0.6 14 0.2 0.3 0.5 0.7 0.9 14 0.3 0.3 0.5 0.7 0.6 14 0.1 0.3 0.5 0.7 0.5 14 0.1 0.3 0.3 0.7 0.4 14 0.3 0.3 0.5 0.7 0.3 14 0.2 0.4 0.3 0.7
009041,0.3 13 0.3 0.2 0.8 0.6 0.6 14 0.3 0.2 0.5 0.6 0.6 14 0.3 0.2 0.5 0.4 0.3 14 0.3 0.2 0.5 0.6
009043,0.3 14 0.4 0.2 0.5 0.4 0.3 14 0.1 0.2 0.6 0.6 0.5 14 0.4 0.2 0.5 0.4 0.4 14 0.0 0.2 0.5 0.6 0.3 14 0.4 0.2 0.7 0.5 0.4 14 0.0 0.2 0.7 0.6 0.4 14 0.4 0.2 0.5 0.5 0.4 14 0.3 0.2 0.7 0.6 0.4 14 0.0 0.2 0.7 1.0
009044,0.3 6 0.4 0.1 0.7 0.2 0.3 6 0.7 0.1 0.9 0.3 0.7 14 0.9 0.1 1.0 0.3 0.8 14 0.9 0.1 1.0 0.3 0.9 14 0.1 0.1 0.2 0.3 0.3 14 0.8 0.1 0.9 0.1 0.4 14 0.9 0.1 1.0 0.2 0.3 6 0.0 0.1 0.7 0.5 0.9 14 0.0 0.1 0.1 0.3 0.4 14 0.8 0.1 0.9 0.3 0.9 14 0.0 0.1 0.1 0.5 0.9 14 0.7 0.1 0.9 0.3 0.8 14 0.1 0.1 0.2 0.5 0.4 14 0.1 0.1 0.4 0.5 0.9 14 0.0 0.1 0.2 0.5 0.5 14 0.9 0.1 1.0 0.2 0.4 6 0.0 0.1 1.0 0.5 0.4 6 0.1 0.1 0.9 0.5 0.5 14 0.7 0.1 0.7 0.2
009046,0.4 14 0.1 0.2 0.6 1.0 0.6 14 0.2 0.0 0.5 0.4 0.5 14 0.1 0.2 0.3 0.7 0.6 14 0.5 0.3 0.7 0.5 0.5 14 0.1 0.2 0.5 0.7 0.4 14 0.1 0.2 0.3 0.6 0.3 14 0.1 0.2 0.3 0.5 0.7 14 0.2 0.0 0.5 0.7 0.6 14 0.1 0.2 0.3 0.7 0.4 14 0.1 0.3 0.2 0.5 0.4 14 0.3 0.1 0.5 0.7 0.4 14 0.2 0.0 0.5 0.6 0.3 14 0.1 0.2 0.3 0.4 0.7 14 0.0 0.2 0.3 1.0 0.6 14 0.1 0.2 0.3 0.5 0.8 14 0.2 0.1 0.5 0.7 0.3 14 0.5 0.3 0.7 0.7 0.9 14 0.5 0.3 0.7 0.4
009047,0.5 14 0.5 0.0 0.6 0.1 0.8 14 0.4 0.0 0.5 0.3 0.8 14 0.8 0.0 0.9 0.2 0.8 14 0.2 0.0 0.3 0.3 0.7 14 0.9 -0.0 1.0 0.3 0.6 14 0.5 0.0 0.6 0.3 0.9 14 0.2 0.0 0.3 0.3 0.9 14 0.7 -0.0 0.8 0.3 0.8 14 0.8 0.0 0.9 0.3 0.5 14 0.7 0.0 0.8 0.2
009050,0.4 14 0.7 0.0 0.7 0.2 0.7 14 0.9 0.0 1.0 0.1 0.7 14 0.9 0.0 0.9 0.1 0.6 14 0.8 0.0 0.8 0.1 0.8 14 0.3 0.0 0.4 0.1 0.4 14 0.3 0.0 0.4 0.1 0.6 6 0.1 0.1 0.9 0.6 0.7 14 0.7 0.0 0.7 0.1
009052,0.6 6 0.4 0.2 0.8 0.5 0.8 14 0.6 0.2 0.6 0.3 0.5 6 0.1 0.1 0.8 0.5
009054,0.0 0 0.0 0.0 1.0 1.0
009055,0.0 0 0.0 0.0 1.0 1.0
009056,0.6 8 0.7 0.7 0.9 1.0 0.5 8 0.6 0.6 0.9 0.9 0.4 8 0.2 0.6 0.4 0.9 0.5 8 0.3 0.6 0.4 0.9 0.3 8 0.3 0.6 0.4 0.9 0.6 8 0.2 0.6 0.4 1.0 0.4 8 0.6 0.7 0.8 0.9 0.4 8 0.2 0.6 0.4 1.0 0.6 8 0.2 0.7 0.4 1.0 0.5 8 0.6 0.6 0.8 0.9 0.4 8 0.6 0.6 0.9 1.0 0.6 8 0.7 0.7 0.9 1.0 0.5 8 0.6 0.6 0.8 0.8
009057,0.0 0 0.0 0.0 1.0 1.0
009061,0.0 0 0.0 0.0 1.0 1.0
009062,0.5 15 0.7 0.6 0.7 0.7 0.5 15 0.4 0.6 0.5 0.8 0.4 15 0.3 0.6 0.3 0.7 0.5 15 0.6 0.6 0.7 0.7 0.5 15 0.2 0.6 0.2 0.7 0.5 15 0.5 0.6 0.6 0.7
009065,0.0 0 0.0 0.0 1.0 1.0
009067,0.6 14 0.3 0.2 0.5 0.5 0.8 14 0.1 0.2 0.3 0.6 0.4 14 0.2 0.2 0.5 0.6 0.9 14 0.3 0.2 0.5 0.6 0.5 14 0.2 0.2 0.3 0.3
009069,0.5 14 0.4 0.0 0.6 0.1 0.4 14 0.7 0.0 0.9 0.2 0.9 14 0.0 0.0 0.1 0.4 0.6 6 0.0 0.1 0.9 1.0 0.3 6 0.7 0.7 0.9 1.0 0.4 14 0.7 0.0 0.8 0.2
009070,0.5 14 0.0 0.1 0.1 0.2 0.9 14 0.7 0.3 0.8 0.5 0.5 14 0.0 0.1 0.1 0.6 0.6 4 0.6 0.2 0.7 0.5 0.7 14 0.8 0.2 0.9 0.5
009071,0.4 6 0.0 0.0 0.9 0.9 0.7 6 0.1 0.3 0.9 0.9
009074,0.3 12 0.3 0.4 0.5 0.9 0.8 14 0.3 0.3 0.5 0.7 0.6 14 0.4 0.3 0.5 0.5 0.3 14 0.3 0.3 0.5 0.9
009075,0.6 14 0.5 0.2 0.6 0.6 0.9 14 0.2 0.1 0.5 0.6 0.9 14 0.2 0.4 0.5 0.8 0.7 4 0.2 0.6 0.2 0.9 0.5 4 0.6 0.6 0.7 0.9 0.6 4 0.6 0.6 0.7 0.9 0.9 14 0.5 0.2 0.6 0.5 0.5 14 0.2 0.4 0.5 1.0 0.7 14 0.2 0.1 0.5 0.7 0.4 4 0.2 0.6 0.2 0.9 0.4 4 0.2 0.6 0.2 0.9 0.4 14 0.5 0.2 0.6 0.9 0.9 14 0.0 0.3 0.3 0.9 0.5 4 0.6 0.6 0.7 0.8 0.6 14 0.6 0.3 0.9 0.9 0.8 14 0.0 0.3 0.2 0.8 0.5 14 0.5 0.3 0.9 0.9 0.5 14 0.5 0.4 0.6 0.9 0.4 14 0.6 0.3 0.9 0.9 0.7 14 0.5 0.4 0.9 0.9 0.8 4 0.6 0.6 0.7 0.9 0.8 14 0.5 0.3 0.9 1.0
009076,0.5 6 -0.0 0.4 0.9 1.0
009077,1.0 14 0.8 0.3 0.9 0.7 0.7 14 0.6 0.3 0.8 0.8 1.0 14 0.2 0.4 0.3 0.6 0.9 14 0.0 0.4 0.0 0.6 0.9 14 0.3 0.4 0.4 0.6 1.0 14 0.1 0.4 0.1 0.6 0.9 14 0.6 0.3 0.7 0.8 0.7 14 0.6 0.3 0.8 0.8
009081,0.6 6 0.1 0.2 0.8 0.8
009082,0.0 0 0.0 0.0 1.0 1.0
009083,0.4 6 0.4 0.8 0.5 0.9 0.3 6 0.1 0.8 0.3 0.9 0.3 6 0.7 0.9 0.8 0.9 0.3 6 0.8 0.8 0.9 1.0 0.6 6 0.8 0.8 0.9 1.0 0.3 6 0.6 0.8 0.8 0.9 0.4 6 0.9 0.8 0.9 0.9 0.6 6 0.3 0.8 0.4 0.9 0.4 6 0.8 0.8 0.9 0.9 0.3 6 0.6 0.8 0.8 0.9 0.4 6 0.6 0.8 0.8 0.9 0.4 6 0.8 0.8 0.8 0.9 0.5 6 0.9 0.8 0.9 1.0 0.6 6 0.4 0.8 0.6 0.9 0.7 6 0.6 0.8 0.8 0.9
009084,0.9 14 0.6 0.1 0.6 0.3 0.6 14 0.7 0.1 0.7 0.3 0.4 14 0.2 0.1 0.4 0.5 0.9 14 0.6 0.1 0.7 0.3 0.9 14 0.7 0.0 0.7 0.3 0.6 6 0.1 0.3 0.8 0.8 0.3 6 0.7 0.2 0.8 0.3
009088,0.4 14 0.2 0.0 0.7 0.7 0.3 14 0.2 0.0 0.7 0.7 0.6 14 0.0 0.3 0.4 0.8 0.3 14 0.0 0.0 0.7 1.0 0.3 14 0.0 0.3 0.4 1.0 0.6 14 0.0 0.0 0.7 0.8 0.5 14 0.3 0.0 0.7 0.7
009090,0.4 15 0.3 0.4 0.4 0.5 0.5 15 0.4 0.4 0.6 0.5
009092,0.4 6 0.8 0.4 0.9 0.6 0.9 14 0.4 0.4 0.4 0.5 0.6 14 0.2 0.5 0.3 0.6 0.3 6 0.5 0.5 0.6 0.6 0.7 6 0.8 0.4 0.9 0.6
009093,0.3 14 0.6 0.6 0.7 0.6
009095,0.6 8 0.2 0.6 0.3 0.7 0.3 8 0.2 0.6 0.3 0.7 0.4 8 0.1 0.6 0.3 1.0 0.3 19 0.5 0.3 0.6 0.4
009096,0.6 6 0.0 0.2 1.0 0.7 0.5 6 0.1 0.1 0.3 0.3 0.7 14 0.0 0.2 0.1 0.4
009097,0.0 0 0.0 0.0 1.0 1.0
009101,0.3 14 0.3 0.3 0.7 1.0 0.4 14 0.8 0.3 1.0 1.0 0.4 14 0.5 0.3 0.7 0.6 0.9 14 0.5 0.3 0.6 0.4 0.9 14 0.2 0.1 0.3 0.4 0.7 14 0.2 0.1 0.4 1.0 0.5 14 0.3 0.3 0.4 0.4 0.8 14 0.5 0.3 0.7 1.0 0.9 14 0.8 0.3 1.0 0.7 0.8 14 0.7 0.3 1.0 1.0
009102,0.9 14 0.1 0.4 0.4 1.0
009103,0.7 14 0.7 0.6 0.9 0.8 0.7 14 0.7 0.6 0.9 1.0 0.3 14 0.7 0.4 1.0 0.8
009104,0.0 0 0.0 0.0 1.0 1.0
009107,0.9 14 0.7 0.4 0.8 0.5 0.5 14 0.0 0.2 0.5 1.0 0.4 14 0.4 0.1 0.7 1.0 0.3 14 0.4 0.1 0.7 1.0 0.4 14 0.4 0.1 0.9 1.0
009109,0.4 8 0.4 0.6 0.6 0.9 0.3 14 0.8 0.0 0.9 0.3 0.5 4 0.6 0.7 0.7 0.9 0.9 14 0.8 0.0 0.9 0.1 0.4 14 0.8 0.0 0.9 0.3 0.6 4 0.6 0.7 0.7 0.9
009110,0.9 14 0.3 0.2 0.5 0.7
009111,0.4 6 0.4 0.7 0.6 0.8 0.6 6 0.3 0.7 0.6 0.8 0.8 6 0.9 0.5 1.0 0.6 0.4 6 0.4 0.7 0.6 0.8 0.3 6 0.9 0.5 0.9 0.7 0.5 6 1.0 0.6 1.0 0.6
009115,0.3 13 0.2 0.4 0.6 0.8 1.0 14 0.2 0.1 0.4 1.0
009118,0.4 8 0.1 0.6 0.5 1.0 0.4 19 0.7 0.3 0.8 0.5
009119,0.7 6 0.2 0.5 0.7 0.8 0.5 14 0.7 0.4 0.8 0.7 0.8 14 0.6 0.4 0.7 0.5 0.8 14 0.7 0.4 0.8 0.6 0.4 6 0.4 0.3 0.6 0.5 0.9 14 0.7 0.4 0.8 0.5 0.5 6 0.1 0.5 0.8 1.0
009120,0.0 0 0.0 0.0 1.0 1.0
009122,0.9 14 0.2 0.8 0.2 0.9 0.5 6 0.3 0.8 0.5 0.9 0.6 6 0.4 0.8 0.5 0.9 0.8 6 0.2 0.8 0.3 0.9 0.6 6 0.3 0.8 0.4 0.9 0.4 6 0.3 0.8 0.3 0.9 0.8 14 0.1 0.8 0.2 0.9 0.5 6 0.2 0.8 0.3 0.9 0.3 6 0.3 0.8 0.4 0.9 0.6 6 0.3 0.8 0.5 0.9
009124,1.0 14 0.4 0.6 0.5 1.0
009125,0.4 14 0.2 0.5 0.6 1.0 0.4 14 0.4 0.6 0.5 1.0 0.9 14 0.2 0.5 0.5 1.0 0.8 14 0.7 0.4 0.8 0.6 0.3 4 0.5 0.7 0.6 1.0 0.7 6 0.2 0.5 0.4 0.6 0.9 14 0.1 0.4 0.3 1.0 0.5 14 0.2 0.5 0.6 1.0
009127,0.8 14 0.0 0.4 0.3 1.0 0.4 14 0.2 0.1 0.6 1.0 0.4 14 0.5 0.5 0.6 0.7 0.5 14 0.1 0.4 0.3 0.8 0.5 14 0.7 0.5 1.0 1.0 0.8 14 0.7 0.5 0.8 1.0 0.4 14 0.6 0.6 0.7 0.8 0.5 14 0.6 0.5 0.8 1.0 0.4 14 0.7 0.6 0.8 0.9 0.8 14 0.0 0.4 0.1 0.6 0.5 14 0.2 0.1 0.6 1.0 0.4 14 0.1 0.4 0.3 0.7 0.6 14 0.1 0.4 0.3 1.0 0.8 14 0.1 0.1 0.6 1.0 0.5 14 0.2 0.4 0.3 0.8 0.8 14 0.0 0.4 0.2 1.0 0.6 14 0.1 0.0 0.6 1.0 0.9 14 0.7 0.5 0.8 0.9 0.3 14 0.0 0.5 0.2 1.0 0.4 14 0.1 0.4 0.3 0.6 0.6 14 0.5 0.5 0.6 0.8 0.9 14 0.5 0.5 0.7 0.8 0.8 14 0.6 0.6 0.7 0.8
009130,0.8 14 0.3 0.1 0.4 0.5 0.9 14 0.2 0.1 0.5 0.6
009132,0.0 0 0.0 0.0 1.0 1.0
009134,0.3 15 0.5 0.1 0.6 0.2
009135,0.3 1 0.1 0.2 0.8 0.6
009137,0.4 6 0.1 0.3 0.3 0.4 0.6 6 0.4 0.3 0.5 0.4 0.6 6 0.1 0.3 0.2 0.4
009139,0.5 14 0.2 0.3 0.6 0.7 0.4 6 0.5 0.1 0.8 0.4 0.9 14 0.2 0.0 0.3 0.4 0.3 14 0.7 0.0 0.8 0.2 0.4 14 0.7 0.0 0.9 0.2 0.9 14 0.0 0.0 0.1 0.4 0.6 14 0.3 0.0 0.4 0.4 0.5 6 0.5 0.2 0.6 0.4 0.8 14 0.1 0.0 0.2 0.2 0.3 14 0.0 0.0 0.1 0.2 0.4 14 0.2 0.0 0.3 0.2 0.8 14 0.3 0.0 0.4 0.2 0.4 6 0.2 0.1 0.6 0.4 0.4 14 0.7 0.0 0.9 0.5 0.9 14 0.7 -0.0 0.9 0.7 0.7 14 0.7 0.0 0.8 0.1
009140,0.8 14 0.8 0.1 1.0 0.7 0.3 14 0.7 0.1 1.0 0.7 0.3 8 0.4 0.7 0.5 0.7
009142,0.0 0 0.0 0.0 1.0 1.0
009143,0.3 14 0.4 0.7 0.6 1.0 0.3 14 0.0 0.2 0.6 1.0 0.3 14 0.5 0.7 0.7 1.0 0.9 14 0.0 0.2 0.4 1.0 0.7 14 0.4 0.6 0.7 1.0
009145,0.9 14 0.1 0.1 0.2 0.3
009146,0.0 0 0.0 0.0 1.0 1.0
009149,0.0 0 0.0 0.0 1.0 1.0
009152,0.9 14 0.2 0.3 0.3 0.7
009154,0.0 0 0.0 0.0 1.0 1.0
009156,0.7 6 0.5 0.1 0.6 0.2 0.8 6 0.4 0.1 0.5 0.2 0.3 6 0.7 0.1 0.7 0.2 0.7 6 0.8 0.2 0.9 0.2 0.8 6 0.0 0.2 0.1 0.2 0.6 6 0.7 0.1 0.8 0.2 0.9 6 0.5 0.2 0.7 0.2 0.9 6 0.1 0.2 0.5 0.4 0.8 6 0.2 0.1 0.3 0.2 0.3 6 0.1 0.2 0.9 0.8 0.9 6 0.7 0.1 0.8 0.2 0.7 6 0.3 0.3 0.9 0.8 0.6 6 0.3 0.3 0.9 0.8 0.5 6 0.6 0.2 0.7 0.2 0.7 6 0.6 0.2 0.7 0.2 0.5 6 0.1 0.2 0.1 0.2 0.4 6 0.6 0.2 0.7 0.2
009158,0.5 14 0.5 0.4 0.6 0.6 0.4 14 0.5 0.5 0.6 0.7 0.4 14 0.8 0.3 0.9 0.4 0.5 14 0.0 0.1 0.5 0.8 0.3 14 0.8 0.3 0.9 0.6 0.7 14 0.6 0.3 0.9 0.6 0.8 14 0.5 0.3 0.7 0.7 0.5 14 0.0 0.1 0.5 1.0 0.4 14 0.6 0.3 0.9 0.7 0.6 14 0.5 0.3 0.9 0.7 0.4 14 0.4 0.5 0.7 0.7 0.8 14 0.7 0.3 0.9 0.6 0.4 14 0.5 0.3 0.9 1.0
009164,0.5 4 0.3 0.6 0.4 0.8 0.9 14 0.1 0.3 0.4 0.8 0.9 14 0.4 0.4 0.5 0.7 0.5 14 0.1 0.3 0.4 0.6 0.6 6 0.2 0.9 0.3 1.0 1.0 14 0.0 0.4 0.3 1.0 0.8 4 0.3 0.6 0.4 0.8 0.6 14 0.4 0.4 0.5 0.8 0.4 4 0.4 0.6 0.5 0.8
009165,0.0 0 0.0 0.0 1.0 1.0
009167,0.3 0 0.1 0.2 0.9 0.5
009169,0.0 0 0.0 0.0 1.0 1.0
009170,0.0 0 0.0 0.0 1.0 1.0
009171,0.8 14 0.8 0.2 0.8 0.4 0.5 14 0.8 0.2 0.9 0.5 0.8 14 0.4 0.2 0.5 0.4 0.9 14 0.2 0.3 0.3 0.5 0.7 14 0.6 0.2 0.8 0.4 0.4 14 0.8 0.2 0.9 0.5 1.0 14 0.5 0.2 0.6 0.4 0.4 14 0.0 0.2 0.2 0.5 0.6 14 0.7 0.2 0.8 0.5 0.9 14 0.0 0.2 0.1 0.5 0.9 14 0.3 0.3 0.4 0.4 0.9 14 0.4 0.2 0.5 0.4 0.5 14 0.0 0.2 0.2 0.6 0.8 14 0.2 0.3 0.3 0.4 0.9 14 0.1 0.2 0.2 0.5 0.6 14 0.3 0.3 0.4 0.4 0.5 14 0.3 0.3 0.4 0.5 0.6 14 0.5 0.2 0.7 0.5 0.9 14 0.6 0.2 0.9 0.6 0.5 14 0.6 0.2 0.9 0.7
009172,0.7 15 0.4 0.4 0.5 0.6 0.3 15 0.1 0.4 0.3 0.5 0.4 15 0.0 0.4 0.1 0.6 0.3 15 0.7 0.5 0.8 0.7 0.5 15 0.5 0.2 0.7 0.7 0.7 15 0.6 0.5 0.8 0.7 0.4 15 0.4 0.5 0.5 0.6 0.5 15 0.3 0.2 0.4 0.5 0.4 15 0.7 0.3 0.9 0.7 0.4 15 0.0 0.1 0.3 0.5 0.3 15 0.0 0.2 0.1 0.6 0.4 15 0.7 0.3 0.8 0.7 0.5 15 0.5 0.5 0.7 0.6 0.3 15 0.0 0.2 0.1 0.6 0.6 15 0.3 0.4 0.4 0.5 0.6 15 0.3 0.2 0.4 0.5 0.3 15 0.1 0.3 0.3 0.5 0.5 15 0.5 0.3 0.7 0.6 0.4 15 0.4 0.2 0.6 0.6 0.4 15 0.2 0.3 0.3 0.5 0.4 15 0.6 0.5 0.8 0.7 0.4 15 0.1 0.4 0.2 0.5 0.3 15 0.3 0.4 0.5 0.5 0.4 15 0.5 0.2 0.7 0.6 0.6 15 0.5 0.4 0.7 0.6 0.4 15 0.5 0.2 0.7 0.6 0.3 15 0.5 0.3 0.7 0.5 0.4 15 0.6 0.5 0.7 0.7
009176,0.3 14 0.0 0.1 0.8 0.7 0.5 14 0.1 0.1 0.8 0.7 0.3 14 0.3 0.1 0.9 0.7 0.5 14 0.1 0.1 0.8 1.0 0.7 14 0.3 0.1 0.8 0.7
009182,0.4 6 0.6 0.0 0.7 0.0 0.7 6 0.7 0.0 0.8 0.0 0.3 6 0.8 0.0 0.9 0.0 0.8 6 0.8 0.0 0.8 0.0 0.6 6 0.8 0.0 0.9 0.0 0.3 6 0.8 0.0 0.8 0.0 0.7 6 0.0 0.1 0.9 0.9 0.3 6 0.7 0.0 0.8 0.0 0.5 6 0.7 0.0 0.8 0.0
009183,0.4 14 0.1 0.0 0.6 1.0
009188,0.5 6 0.0 0.1 0.9 0.8
009190,0.4 14 0.1 0.1 0.7 1.0
009198,0.4 1 0.0 0.1 0.8 1.0
009199,0.0 0 0.0 0.0 1.0 1.0
009201,0.9 14 0.4 0.5 0.6 1.0
009203,0.4 6 0.7 0.6 0.8 0.8
009204,0.3 19 0.6 0.2 0.9 0.5
009206,0.5 6 0.2 0.3 0.9 0.6
009207,0.0 0 0.0 0.0 1.0 1.0
009210,0.8 6 0.4 0.4 0.6 0.6
009211,0.0 0 0.0 0.0 1.0 1.0
009216,0.0 0 0.0 0.0 1.0 1.0
009217,0.0 0 0.0 0.0 1.0 1.0
009219,0.4 14 0.6 0.1 0.7 0.3 0.3 14 0.2 0.3 0.4 0.6 0.4 14 0.0 0.1 0.2 0.4 0.5 14 0.6 0.1 0.7 0.6 0.9 14 0.2 0.2 0.4 0.6 0.3 14 0.0 0.1 0.4 0.6 0.4 14 0.6 0.1 0.7 0.3 0.5 14 0.0 0.2 0.4 0.8 0.6 14 0.6 0.1 0.7 0.6 1.0 14 0.4 0.1 0.5 0.6 0.7 14 0.0 0.1 0.4 0.8 0.5 14 0.1 0.1 0.2 0.3 0.7 14 0.0 0.1 0.4 0.7 0.3 14 0.3 0.2 0.4 0.4 0.4 14 0.5 0.1 0.9 0.7 0.7 14 0.0 0.1 0.3 0.8 0.4 14 0.3 0.2 0.3 0.2 0.9 14 0.5 0.1 0.7 0.7 0.7 14 0.6 0.1 0.7 0.3 0.5 14 0.6 0.1 0.7 0.3
009220,0.0 0 0.0 0.0 1.0 1.0
009222,0.0 0 0.0 0.0 1.0 1.0
009223,0.6 14 0.4 0.2 0.5 0.4 0.3 14 0.4 0.2 0.5 0.5 0.3 14 0.4 0.2 0.5 0.5 0.4 14 0.4 0.2 0.5 0.5 1.0 14 0.5 0.2 0.6 0.5
009225,0.4 15 0.7 0.5 0.8 0.7 0.3 6 0.1 0.3 0.2 0.5
009226,0.0 0 0.0 0.0 1.0 1.0
009228,0.0 0 0.0 0.0 1.0 1.0
009229,1.0 14 0.0 0.2 0.2 0.7 0.8 14 0.8 0.1 0.9 0.5 0.4 13 0.6 0.3 0.9 0.7 1.0 14 0.8 0.1 0.9 0.7
009231,0.5 14 0.2 0.2 0.4 0.3 0.3 14 0.6 0.2 0.7 0.4 0.5 14 0.3 0.2 0.4 0.4 0.7 14 0.1 0.2 0.3 0.6 0.9 14 0.5 0.2 0.7 0.4 0.8 14 0.1 0.3 0.5 0.9 0.4 14 0.2 0.2 0.5 0.7 0.5 14 0.2 0.2 0.4 0.4 0.6 14 0.3 0.2 0.5 0.6 0.5 14 0.2 0.2 0.4 0.4 0.4 14 0.1 0.2 0.4 0.9 0.6 14 0.1 0.2 0.3 0.5 0.4 14 0.2 0.2 0.3 0.4 0.7 14 0.0 0.2 0.3 0.7 0.4 14 0.3 0.2 0.4 0.3 0.7 14 0.2 0.2 0.5 0.7 0.8 14 0.5 0.2 0.7 0.8
009232,0.0 0 0.0 0.0 1.0 1.0
009233,0.8 14 0.3 0.1 0.7 0.5 0.3 14 0.3 0.1 0.7 1.0 0.4 14 0.3 0.1 0.8 1.0 0.5 14 0.3 0.1 0.8 0.6
009234,0.0 0 0.0 0.0 1.0 1.0
009235,0.7 6 0.0 0.5 0.1 0.6 0.4 6 0.2 0.5 0.4 0.6
009237,0.5 14 0.5 0.3 0.7 0.4 0.9 14 0.5 0.1 0.7 0.3 0.9 14 0.3 0.5 0.4 0.8 0.7 1 0.5 0.4 0.6 0.6 0.3 14 0.5 0.1 0.7 0.5 0.6 14 0.3 0.4 0.5 0.6 0.4 14 0.3 0.4 0.5 0.8 0.7 14 0.3 0.4 0.5 0.7 0.4 14 0.5 0.1 0.7 0.5 1.0 14 0.5 0.3 0.7 0.5 0.5 1 0.3 0.4 0.6 0.9 0.3 14 0.5 0.1 0.7 0.5
009240,0.6 14 0.6 0.2 1.0 0.6 0.4 14 0.6 0.4 0.9 0.7 0.4 14 0.8 0.2 0.9 0.4 0.6 14 0.6 0.2 1.0 0.7 0.8 14 0.5 0.3 0.9 0.7 0.4 14 0.5 0.4 1.0 0.7 0.8 14 0.5 0.2 1.0 0.7
009241,0.6 6 0.1 0.3 0.2 0.3 0.8 6 0.3 0.3 0.5 0.3 0.8 6 0.1 0.3 0.2 0.3 0.4 6 0.3 0.3 0.5 0.3
009243,0.6 6 0.2 0.2 0.8 0.6
009248,0.3 14 0.1 0.1 0.7 0.7 0.8 14 0.0 0.0 0.2 0.5 0.4 14 0.0 0.1 0.7 0.7 0.5 14 0.1 0.1 0.6 0.7 0.3 14 0.3 0.1 0.6 0.7 0.3 14 0.2 0.1 0.7 0.7 0.3 14 0.0 0.0 0.2 0.6 0.5 14 0.1 0.1 0.7 0.7 0.3 14 0.2 0.1 0.7 0.7 0.3 14 0.1 0.1 0.6 0.7 0.3 14 0.0 0.0 0.2 1.0 0.7 14 0.0 0.1 0.7 1.0 0.5 14 0.0 0.0 0.2 0.7 0.4 14 0.1 0.1 0.6 0.7 0.3 14 0.2 0.1 0.7 1.0
009253,0.3 14 0.1 0.1 0.4 0.7 0.9 14 0.1 0.0 0.4 0.7 0.6 14 0.1 0.0 0.7 0.7 0.8 14 0.4 0.0 0.7 0.7 0.4 14 0.1 0.0 0.5 0.7 0.6 14 0.1 0.1 0.8 0.7 0.4 14 0.4 0.1 0.8 0.7
009256,0.0 0 0.0 0.0 1.0 1.0
009257,0.6 4 0.5 0.2 0.6 0.3 0.4 4 0.2 0.0 0.4 0.4 0.6 4 0.5 0.2 0.6 0.4
009258,0.4 14 0.1 0.0 0.5 0.5 0.3 8 0.4 0.6 0.6 1.0 0.3 14 0.2 0.0 0.4 0.5 0.6 14 0.1 0.0 0.6 1.0
009260,0.0 0 0.0 0.0 1.0 1.0
009261,0.3 6 0.5 0.6 0.5 0.6 0.3 15 0.1 0.5 0.2 0.6 0.5 15 0.1 0.4 0.4 0.6
009262,0.4 0 0.0 0.2 1.0 0.5
009263,0.4 15 0.2 0.2 0.3 0.3 0.7 14 0.0 0.1 0.2 0.7 0.4 8 0.4 0.5 0.7 0.7
009264,0.0 0 0.0 0.0 1.0 1.0
009265,0.0 0 0.0 0.0 1.0 1.0
009266,0.0 0 0.0 0.0 1.0 1.0
009267,0.5 6 0.3 0.4 0.5 0.5 0.7 6 0.8 0.5 0.9 0.5 0.7 6 0.6 0.4 0.7 0.5 0.3 6 0.3 0.4 0.5 0.5 0.6 6 0.5 0.4 0.6 0.5 0.4 4 0.5 0.3 0.6 0.5 0.7 6 0.0 0.4 0.1 0.5 0.9 6 0.3 0.4 0.5 0.5 0.3 6 0.6 0.4 0.6 0.5
009274,0.3 14 0.0 0.1 0.5 1.0 0.7 14 0.0 0.1 0.4 0.7 0.8 14 0.0 0.1 0.5 0.7 0.9 14 0.6 0.3 0.8 0.5
009275,0.0 0 0.0 0.0 1.0 1.0
009276,0.9 14 0.1 0.3 0.2 0.4 0.6 14 0.0 0.2 0.6 1.0 0.3 14 0.4 0.2 0.7 1.0
009277,0.9 14 0.2 0.2 0.5 0.6
009280,0.0 0 0.0 0.0 1.0 1.0
009284,0.9 14 0.0 0.5 0.1 0.7 0.8 14 0.8 0.4 0.8 0.5 0.9 14 0.8 0.4 0.8 0.5 0.9 14 0.7 0.3 0.8 0.4 0.7 14 0.6 0.3 0.8 0.6 0.9 14 0.8 0.4 0.9 0.5 0.9 14 0.2 0.3 0.3 0.5 0.9 14 0.4 0.3 0.4 0.4 1.0 14 0.2 0.3 0.2 0.5 0.8 14 0.8 0.3 0.9 0.5 0.4 14 0.8 0.3 0.9 0.5 0.9 14 0.5 0.2 0.6 0.4 1.0 14 0.0 0.3 0.1 0.5 0.4 14 0.0 0.3 0.1 0.5 0.8 14 0.2 0.3 0.3 0.5 0.9 14 0.2 0.3 0.3 0.5 0.6 14 0.5 0.3 0.6 0.4 0.5 14 0.4 0.2 0.6 0.4 0.4 6 0.1 0.4 0.9 0.7 0.9 14 0.1 0.3 0.2 0.5 0.3 14 0.3 0.3 0.3 0.4 0.9 14 0.3 0.3 0.4 0.5 0.3 14 0.3 0.2 0.8 0.6 0.3 14 0.4 0.3 0.6 0.4 0.4 14 0.4 0.2 0.8 0.6 0.8 14 0.8 0.4 0.9 0.5 0.9 14 0.7 0.3 0.7 0.4
009292,0.9 14 0.6 0.9 0.7 1.0 0.9 14 0.5 0.9 0.6 1.0
009293,0.0 0 0.0 0.0 1.0 1.0
009294,0.4 14 0.1 0.5 0.6 1.0 0.4 14 0.0 0.4 0.6 1.0 0.8 14 0.1 0.4 0.5 1.0
009297,0.3 14 0.0 0.2 0.5 1.0 0.5 14 0.3 0.1 0.5 0.4 0.7 4 0.7 0.2 0.7 0.4 0.8 14 0.8 0.1 0.9 0.4 0.9 14 0.2 0.1 0.5 0.6 0.3 14 0.5 0.5 0.6 0.6 0.7 14 0.5 0.2 0.5 0.3 0.5 14 0.2 0.1 0.4 0.6 0.3 4 0.7 0.3 0.8 0.4 0.4 14 0.8 0.1 0.9 0.4 0.4 4 0.7 0.2 0.8 0.4 0.8 14 0.7 0.1 0.9 0.3 0.3 14 0.2 0.1 0.5 0.5 0.6 14 0.0 0.2 0.5 0.7 0.8 4 0.6 0.3 0.6 0.4 0.3 14 0.2 0.5 0.3 0.6 0.8 14 0.0 0.2 0.2 1.0 0.5 14 0.8 0.1 0.9 0.3 0.5 4 0.7 0.3 0.8 0.4 0.8 14 0.0 0.2 0.2 0.7 0.6 14 0.3 0.1 0.4 0.3 0.4 14 0.5 0.5 0.6 0.6 0.6 4 0.6 0.3 0.6 0.5 0.9 14 0.7 0.1 0.9 0.4 0.5 4 0.6 0.2 0.7 0.4 0.4 4 0.6 0.2 0.7 0.3
009298,0.0 0 0.0 0.0 1.0 1.0
009300,0.5 14 0.4 0.2 0.6 0.8 0.4 14 0.4 0.2 0.5 0.7 0.3 14 0.6 0.3 0.7 0.4 0.8 14 0.2 0.4 0.4 0.9 0.7 14 0.4 0.2 0.5 0.5 0.5 14 0.6 0.3 0.7 0.4 0.5 14 0.4 0.2 0.6 0.8
009301,0.0 0 0.0 0.0 1.0 1.0
009302,0.6 6 0.1 0.3 0.2 0.4 0.4 6 0.0 0.3 0.1 0.4 0.6 6 0.0 0.2 0.2 0.4 0.8 6 0.1 0.3 0.8 0.6
009304,0.0 0 0.0 0.0 1.0 1.0
009305,0.4 1 0.0 0.2 0.8 0.7 0.4 1 0.1 0.2 0.8 0.7
009310,0.6 14 0.2 0.3 0.5 0.7 0.3 14 0.3 0.3 0.5 0.5 0.3 14 0.2 0.3 0.5 0.7 0.5 14 0.2 0.3 0.5 1.0 0.8 14 0.2 0.3 0.3 0.4 0.4 14 0.3 0.3 0.5 0.5 0.6 14 0.0 0.3 0.2 0.6 0.3 14 0.2 0.2 0.3 0.3 0.6 14 0.0 0.4 0.2 0.6 0.8 14 0.3 0.3 0.5 0.5 0.5 14 0.4 0.2 0.7 0.6
009311,0.4 19 0.4 0.1 0.5 0.3 0.4 8 0.5 0.3 0.7 0.5 0.3 8 0.5 0.3 0.6 0.5 0.4 14 0.8 0.4 0.9 0.6 0.6 14 0.0 0.1 0.1 0.6 0.4 14 0.8 0.3 0.9 0.6 0.8 14 0.0 0.1 0.1 0.7 0.4 14 -0.0 0.0 0.2 1.0 0.3 8 0.7 0.3 0.9 0.5 0.7 14 0.0 0.1 0.1 0.7 0.6 8 0.5 0.3 0.7 0.5 0.7 14 0.6 0.3 0.7 0.3 0.4 8 0.6 0.3 0.7 0.5
009313,0.3 8 0.0 0.7 0.3 1.0 0.7 15 0.0 0.7 0.1 0.9 0.3 14 0.0 0.5 0.3 1.0
009314,0.6 14 0.3 0.5 0.6 1.0 0.7 14 0.3 0.4 0.4 0.6 0.5 14 0.3 0.4 0.4 0.6 0.6 14 0.2 0.4 0.4 1.0 0.8 14 0.1 0.4 0.6 1.0 0.9 14 0.1 0.5 0.2 0.7 0.4 14 0.3 0.4 0.4 0.5 0.4 14 0.3 0.5 0.6 0.8
009317,0.4 1 0.1 0.3 0.5 0.6 1.0 14 0.2 0.2 0.4 0.5
009319,0.6 6 0.1 0.1 0.3 0.2 0.3 6 0.2 0.1 0.3 0.1 0.3 6 0.1 0.1 0.3 0.2 0.4 6 0.1 0.1 0.2 0.1
009320,0.4 14 0.0 0.2 0.4 0.6 0.3 14 0.0 0.2 0.5 0.6 0.6 14 0.1 0.2 0.5 0.8 0.9 14 0.0 0.2 0.5 0.8 0.6 14 0.0 0.2 0.5 1.0
009321,0.8 6 0.1 0.1 1.0 0.7
009322,0.3 6 0.4 0.4 0.4 0.5 0.3 6 0.3 0.5 0.4 0.5 0.5 6 0.2 0.5 0.3 0.6 0.5 6 0.0 0.5 0.1 0.6 0.4 6 0.3 0.5 0.3 0.5 0.9 6 0.1 0.5 0.3 0.6 0.6 6 0.3 0.5 0.3 0.6 0.6 6 0.3 0.4 0.4 0.5 0.5 1 0.6 0.6 0.7 0.7 0.9 6 0.0 0.5 0.1 0.6 0.8 6 0.2 0.5 0.3 0.6 0.5 6 0.1 0.5 0.2 0.6 0.6 6 0.5 0.5 0.6 0.5 0.4 6 0.1 0.5 0.2 0.6 0.9 6 0.1 0.5 0.2 0.6 0.8 6 0.3 0.5 0.3 0.5 0.8 14 0.6 0.5 0.7 0.6 0.9 14 0.6 0.5 0.7 0.7
009328,0.4 14 0.0 0.1 0.6 0.7 0.4 14 0.2 0.1 0.4 0.6 0.9 14 0.0 0.1 0.4 0.7 0.4 14 0.0 0.1 0.4 1.0 0.3 14 0.6 0.0 0.8 0.7 0.7 14 0.2 0.1 0.6 0.6
009329,0.0 0 0.0 0.0 1.0 1.0
009332,0.9 14 0.3 0.6 0.5 0.8
009335,0.9 6 0.2 0.3 0.5 0.4
009338,0.0 0 0.0 0.0 1.0 1.0
009340,0.5 6 0.6 0.4 0.8 0.5 0.3 6 0.6 0.4 0.7 0.5
009341,0.8 6 0.0 0.1 0.9 0.5
009344,0.5 14 0.7 0.0 1.0 1.0 0.4 14 0.7 0.0 1.0 0.7 0.3 14 0.6 0.0 1.0 0.7 0.5 14 0.7 0.0 1.0 0.7
009345,0.9 14 0.3 0.1 0.5 0.5 0.9 14 0.5 0.2 0.8 0.7 0.9 14 0.0 0.2 0.1 0.3 0.6 14 0.5 0.2 0.9 0.6 0.8 14 0.3 0.1 0.5 0.6 1.0 14 0.0 0.2 0.4 0.7 0.6 14 0.5 0.2 0.9 0.7 0.3 14 0.3 0.1 0.5 0.3 0.5 14 0.4 0.2 0.9 0.7 0.4 14 0.5 0.2 0.8 0.7
009346,0.0 0 0.0 0.0 1.0 1.0
009352,0.4 14 0.4 0.3 0.9 0.7 0.5 14 0.4 0.1 0.7 0.5
009353,0.3 19 0.4 0.3 0.5 0.4
009355,0.3 1 0.0 0.1 0.8 0.6 0.4 1 0.5 0.2 0.8 0.6
009356,0.0 0 0.0 0.0 1.0 1.0
009357,0.3 19 0.7 0.3 0.9 0.6 0.4 19 0.3 0.4 0.5 0.6 0.4 19 0.6 0.3 0.9 0.6
009360,0.7 6 0.3 0.2 0.8 0.6
009361,0.3 14 0.7 0.0 0.8 0.1 0.3 13 0.2 0.3 0.7 0.6 0.6 14 0.7 0.1 0.8 0.2 0.8 14 0.8 0.1 0.8 0.2 0.4 14 0.2 0.2 0.4 0.6 0.6 14 0.3 0.3 0.5 0.6 0.7 14 0.3 0.2 0.4 0.4 0.4 14 0.2 0.2 0.5 0.6 0.9 14 0.7 0.0 0.8 0.2
009363,0.3 14 0.1 0.2 0.5 1.0 0.9 14 0.0 0.2 0.5 1.0
009364,0.5 14 0.4 0.0 0.5 0.2 0.3 14 0.3 0.2 0.6 1.0 0.5 14 0.0 0.0 0.3 0.6 0.4 14 0.0 0.2 0.5 0.7 0.9 14 0.3 0.1 0.4 0.2 0.3 14 0.6 0.0 0.9 1.0 0.7 14 0.0 0.2 0.6 1.0 0.4 14 0.2 0.0 0.4 0.2 0.5 14 0.0 0.0 0.5 1.0 0.8 14 0.2 0.1 0.3 0.1 0.4 14 0.0 0.0 0.9 1.0 0.5 14 0.3 0.2 0.6 0.7 0.4 14 0.4 0.0 0.9 0.7 0.8 14 0.4 0.0 0.9 1.0
009366,0.0 0 0.0 0.0 1.0 1.0
009367,0.7 15 0.7 0.3 0.8 0.4 0.4 8 0.1 0.5 0.2 0.6
009369,0.3 14 0.4 0.0 0.6 0.4 0.6 14 0.3 0.0 0.6 0.3 0.4 14 0.4 0.0 0.5 0.1 0.3 14 0.3 0.0 0.7 0.5 0.4 14 0.3 0.1 0.7 0.6 0.6 14 0.3 0.1 0.7 0.4 0.6 14 0.3 0.0 0.5 0.3 0.4 14 0.3 0.0 0.7 1.0 0.3 14 0.3 0.0 0.7 0.6
009370,0.4 1 0.1 0.4 0.4 0.7 0.9 14 0.2 0.2 0.4 0.6 0.7 1 0.1 0.4 0.4 0.7 0.4 14 0.1 0.2 0.4 0.4
009372,0.0 0 0.0 0.0 1.0 1.0
009376,0.3 14 0.5 0.1 0.6 0.2 0.9 14 0.4 0.1 0.5 0.3 0.7 14 0.2 0.3 0.3 0.3 0.6 6 0.7 0.2 0.8 0.3 0.9 14 0.8 0.3 0.8 0.4 0.8 6 0.7 0.2 0.8 0.3 0.9 14 0.8 0.1 0.9 0.2 0.8 14 0.3 0.3 0.4 0.3 0.8 14 0.5 0.1 0.5 0.3 0.6 6 0.7 0.2 0.8 0.3 0.8 14 0.8 0.1 0.9 0.3 0.9 14 0.5 0.1 0.6 0.3 0.4 6 0.0 0.3 0.6 0.6 0.9 14 0.0 0.2 0.1 0.4 0.9 14 0.5 0.2 0.6 0.4 0.5 14 0.5 0.1 0.6 0.3 0.7 6 0.0 0.2 0.6 0.6 0.9 14 0.8 0.2 0.8 0.4 0.9 14 0.4 0.2 0.5 0.3 0.9 14 0.6 0.2 0.6 0.4 0.5 14 0.5 0.2 0.6 0.5 0.8 14 0.6 0.2 0.6 0.4 0.8 14 0.8 0.2 0.8 0.4 0.4 6 0.7 0.2 0.7 0.3 0.5 6 0.7 0.2 0.7 0.3
009379,0.0 0 0.0 0.0 1.0 1.0
009380,0.9 14 0.3 0.1 0.5 0.4 0.3 14 0.3 0.1 0.6 0.5
009381,0.7 6 0.0 0.0 0.3 0.2 0.7 6 0.0 0.0 0.8 0.6
009383,0.4 14 0.1 0.2 0.4 0.7 0.3 14 0.0 0.0 0.4 0.7 0.5 14 0.0 0.2 0.4 0.7
009384,0.5 6 0.4 0.6 0.4 0.6 0.3 6 0.0 0.5 0.1 0.7 0.6 6 0.3 0.5 0.4 0.7 0.6 6 0.0 0.5 0.1 0.6 0.9 6 0.0 0.5 0.1 0.7 0.8 6 0.2 0.6 0.3 0.6 0.9 6 0.1 0.6 0.2 0.7 0.5 6 0.1 0.5 0.2 0.6 0.3 6 0.3 0.5 0.4 0.6 0.9 6 0.4 0.6 0.5 0.6 0.5 6 0.5 0.5 0.6 0.6
009385,0.5 6 0.0 0.2 0.2 0.4
009387,0.4 6 0.4 0.6 0.5 0.6 0.8 6 0.8 0.6 0.9 0.6 0.4 6 0.9 0.6 1.0 0.6 0.7 6 0.4 0.6 0.4 0.6 0.4 6 0.4 0.6 0.4 0.6 0.7 6 0.4 0.6 0.6 0.6 0.4 6 0.4 0.5 0.7 0.6 0.6 6 0.6 0.6 0.7 0.6
009390,0.0 0 0.0 0.0 1.0 1.0
009391,0.9 14 0.1 0.3 0.4 0.8
009395,0.0 0 0.0 0.0 1.0 1.0
009396,0.5 6 0.1 0.9 0.2 1.0 0.8 6 0.1 0.9 0.2 1.0 0.5 6 0.3 0.8 0.6 1.0 0.8 6 0.2 0.8 0.6 1.0 0.4 6 0.1 0.9 0.2 1.0 0.7 6 0.1 0.9 0.2 1.0 0.5 6 0.3 0.8 0.6 1.0
009397,0.0 0 0.0 0.0 1.0 1.0
009399,0.0 0 0.0 0.0 1.0 1.0
009400,0.0 0 0.0 0.0 1.0 1.0
009402,1.0 14 0.3 0.2 0.6 0.6 0.3 6 0.1 0.2 0.3 0.3 0.5 6 0.0 0.2 0.1 0.3 0.4 14 0.9 0.5 1.0 0.6 0.3 14 0.7 0.3 1.0 0.6 0.5 6 0.1 0.2 0.3 0.3 0.9 6 0.1 0.2 0.3 0.3 0.8 14 0.8 0.2 0.9 0.2 0.7 6 0.0 0.2 0.4 0.3 0.5 6 0.0 0.2 0.3 0.3
009403,0.6 14 0.3 0.0 0.8 0.3
009404,0.0 0 0.0 0.0 1.0 1.0
009415,0.4 14 0.3 0.1 0.6 0.6 0.5 14 0.2 0.3 0.4 0.7 0.7 14 0.2 0.2 0.5 0.8 0.9 14 0.9 0.3 1.0 0.7 0.5 14 0.4 0.4 0.5 0.6 0.5 14 0.0 0.2 0.5 0.8 0.3 14 0.9 0.3 1.0 0.5 0.4 14 0.2 0.3 0.6 1.0 0.4 14 0.0 0.3 0.2 0.7 0.5 14 0.4 0.4 0.6 0.6 0.3 14 0.3 0.2 0.6 0.7 0.7 14 0.0 0.2 0.5 1.0 0.4 14 0.0 0.3 0.3 0.7 0.4 14 0.2 0.3 0.6 0.7 0.7 14 0.4 0.4 0.6 0.7
009416,0.3 14 0.3 0.0 0.5 0.3 0.4 14 0.7 0.0 0.9 0.3 0.3 14 0.7 0.0 0.9 0.4 0.5 14 0.0 0.1 0.2 0.4 0.3 14 0.5 0.0 0.9 0.4 0.3 14 0.4 0.0 0.9 0.3
009423,0.6 14 0.4 0.5 0.5 0.6 0.8 6 0.7 0.4 0.8 0.5 0.6 14 0.4 0.5 0.5 0.6 0.8 14 0.4 0.5 0.4 0.6 0.9 14 0.5 0.5 0.5 0.6
009425,0.6 14 0.2 0.1 0.4 0.5 0.3 14 0.1 0.1 0.4 0.6 0.4 14 0.0 0.1 0.6 1.0 0.6 14 0.2 0.1 0.6 0.8 0.3 14 0.1 0.1 0.4 0.7 0.3 14 0.2 0.0 0.6 1.0 0.3 14 0.0 0.1 0.3 0.7 0.9 14 0.4 0.0 0.6 0.8
009426,0.8 6 0.3 0.4 0.7 0.6
009427,0.5 6 0.0 0.0 1.0 0.7
009428,0.6 14 0.1 0.1 0.6 1.0 0.9 14 0.0 0.1 0.6 1.0 0.8 14 0.0 0.5 0.2 1.0
009430,0.4 6 0.5 0.1 0.6 0.1 0.3 6 0.4 0.1 0.5 0.2 0.7 14 0.2 0.1 0.2 0.2 0.4 14 0.0 0.1 0.1 0.5 0.8 14 0.8 0.1 0.8 0.3 0.9 14 0.7 0.1 0.8 0.2 0.9 14 0.2 0.1 0.3 0.2 0.8 14 0.3 0.1 0.4 0.1 0.7 14 0.8 0.0 0.9 0.3 0.9 14 0.2 0.1 0.2 0.2 0.5 14 0.7 0.1 0.8 0.1 0.9 14 0.8 0.0 0.9 0.2 0.9 14 0.0 0.1 0.1 0.2 0.3 14 0.8 0.1 0.8 0.2 0.8 14 0.0 0.0 0.0 0.2 0.6 14 0.2 0.1 0.3 0.2 0.3 6 0.4 0.1 0.6 0.2 0.3 14 0.2 0.1 0.2 0.1 0.8 6 0.0 0.1 0.9 0.7 0.5 6 0.0 0.1 0.9 0.7 0.9 14 0.8 0.1 0.8 0.2 0.9 14 0.1 0.0 0.2 0.2 0.7 14 0.3 0.1 0.3 0.1 0.8 14 0.6 0.1 0.7 0.1 0.4 6 0.0 0.1 0.9 0.7 0.8 14 0.6 0.1 0.6 0.1 0.6 6 0.7 0.1 0.8 0.1
009431,0.7 14 0.2 0.5 0.3 0.7 0.3 4 0.0 0.2 0.1 0.5
009435,0.4 8 0.0 0.5 0.1 0.7 0.6 14 0.6 0.6 0.8 0.7
009436,0.3 14 0.2 0.4 0.3 0.6 0.9 14 0.2 0.4 0.3 0.5 1.0 14 0.6 0.3 0.8 0.6
009441,0.3 14 0.2 0.0 0.5 0.5 0.3 14 0.0 0.0 0.6 0.7 0.6 14 0.0 0.2 0.6 1.0 0.4 14 0.1 0.0 0.6 0.6 0.5 14 0.1 0.0 0.5 0.6 0.4 14 0.0 0.2 0.4 1.0 0.4 14 0.1 0.0 0.5 0.5 0.6 14 0.0 0.3 0.3 1.0 0.6 14 0.0 0.0 0.6 1.0 0.4 14 0.0 0.3 0.3 0.7
009442,0.3 14 0.0 0.0 0.3 0.7 0.5 14 0.0 0.0 0.7 0.7 0.6 14 0.0 0.0 0.7 1.0
009444,0.0 0 0.0 0.0 1.0 1.0
009447,0.4 1 0.1 0.1 0.7 0.7
009449,0.0 0 0.0 0.0 1.0 1.0
009450,0.0 0 0.0 0.0 1.0 1.0
009451,0.0 0 0.0 0.0 1.0 1.0
009452,0.3 14 0.0 0.3 0.3 0.7 0.5 14 0.0 0.4 0.2 0.7 0.9 14 0.8 0.2 1.0 0.8 0.6 14 0.0 0.1 0.2 0.6 0.7 14 0.0 0.3 0.2 0.6 0.9 14 0.6 0.2 0.7 0.5 0.7 14 0.0 0.1 0.1 0.6 0.8 14 0.8 0.2 1.0 0.6 0.4 14 0.0 0.3 0.3 0.6 0.4 14 0.0 0.5 0.2 0.7 0.7 14 0.0 0.3 0.4 0.7 0.4 14 0.0 0.5 0.4 0.7 0.6 14 0.0 0.0 0.2 0.3 0.5 14 0.0 0.1 0.1 0.4 0.6 14 0.0 0.0 0.3 0.7 0.5 14 0.1 0.3 0.2 0.5 0.4 8 0.5 0.5 0.7 0.7 0.9 14 0.5 0.2 0.7 0.7 0.7 14 0.8 0.2 1.0 0.6
009453,0.8 14 0.0 0.3 0.6 1.0 0.4 14 0.2 0.1 0.2 0.1
009462,0.6 15 0.2 0.6 0.5 1.0
009467,0.0 0 0.0 0.0 1.0 1.0
009471,0.0 0 0.0 0.0 1.0 1.0
009473,0.8 14 0.3 0.2 0.6 0.7 0.3 14 0.4 0.3 0.6 0.7 0.4 14 0.8 0.4 0.9 0.8 0.5 14 0.8 0.4 0.9 0.5 0.6 14 0.0 0.2 0.3 0.8 0.8 14 0.4 0.2 0.6 0.7 0.5 14 0.4 0.2 0.6 0.7 0.9 14 0.0 0.2 0.4 0.8 0.3 14 0.3 0.2 0.7 1.0 0.9 14 0.6 0.2 0.9 0.8 0.4 14 0.0 0.2 0.3 0.8 0.3 14 0.3 0.2 0.9 0.8
009474,0.0 0 0.0 0.0 1.0 1.0
009475,0.4 14 0.2 0.2 0.3 0.3 0.4 14 0.0 0.0 0.2 0.2 0.8 14 0.1 0.2 0.3 0.3 0.3 6 0.0 0.1 0.9 0.7 0.8 6 0.0 0.1 1.0 0.7 0.9 14 0.4 0.2 0.5 0.3
009478,0.4 14 0.2 0.0 0.7 1.0 0.4 14 0.0 0.4 0.3 0.6 0.5 14 0.2 0.0 0.6 0.7 0.4 14 0.2 0.0 0.6 0.7 0.3 14 0.2 0.0 0.6 0.6 0.6 14 0.0 0.0 0.6 1.0 0.4 14 0.2 0.4 0.3 0.6 0.5 14 0.2 0.0 0.9 1.0
009482,0.8 14 0.5 0.2 0.6 0.3 0.5 14 0.4 0.3 0.5 0.4 0.7 14 0.0 0.0 0.4 0.5 0.8 14 0.8 0.1 0.8 0.1 0.4 14 0.6 0.2 0.7 0.4 0.4 14 0.5 0.2 0.8 0.7 0.9 14 0.2 0.2 0.4 0.5 0.3 14 0.8 0.2 0.9 0.3 0.9 14 0.4 0.2 0.5 0.3 0.8 14 0.8 0.2 0.9 0.4 0.6 14 0.0 0.0 0.4 0.5 0.8 14 0.7 0.1 0.8 0.1 0.7 14 0.8 0.2 0.9 0.3 0.7 14 0.8 0.2 0.9 0.4 0.6 14 0.3 0.2 0.4 0.4 0.4 14 0.7 0.1 0.8 0.3 0.8 14 0.3 0.2 0.4 0.3 0.4 14 0.0 0.3 0.4 0.7 0.9 14 0.5 0.2 0.6 0.4 0.3 14 0.0 0.0 0.4 0.4 0.9 14 0.0 0.3 0.2 0.7 0.7 14 0.3 0.2 0.4 0.3 0.3 14 0.8 0.2 0.9 0.4 0.4 14 0.6 0.2 0.8 0.5 0.7 14 0.0 0.3 0.2 0.5 0.6 14 0.3 0.2 0.4 0.3 0.9 14 0.4 0.2 0.5 0.4 0.3 14 0.5 0.2 0.8 0.5 0.4 14 0.6 0.2 0.7 0.6 0.8 14 0.8 0.2 0.9 0.4 0.4 14 0.5 0.2 0.9 1.0 0.7 14 0.6 0.2 0.6 0.4 1.0 14 0.5 0.2 0.9 0.7
009483,0.4 14 0.0 0.0 0.7 1.0
009485,0.0 0 0.0 0.0 1.0 1.0
009486,0.4 19 0.4 0.2 0.6 0.4
009487,0.9 14 0.1 0.1 0.6 0.7 0.3 8 0.0 0.4 0.2 0.6
009489,0.0 0 0.0 0.0 1.0 1.0
009492,0.7 6 0.2 0.2 1.0 0.6
009493,0.3 13 0.0 0.3 0.6 0.8
009495,0.0 0 0.0 0.0 1.0 1.0
009498,0.0 0 0.0 0.0 1.0 1.0
009501,0.0 0 0.0 0.0 1.0 1.0
009503,0.6 14 0.1 0.4 0.6 0.9
009505,0.7 14 0.3 0.1 0.4 0.5 0.7 14 0.3 0.1 0.5 0.6 0.4 14 0.3 0.1 0.5 0.7 0.6 14 0.3 0.1 0.4 0.6
009506,0.0 0 0.0 0.0 1.0 1.0
009509,0.0 0 0.0 0.0 1.0 1.0
009510,0.5 6 0.1 0.3 0.7 0.6 0.4 15 0.7 0.3 0.8 0.4
009511,0.5 14 0.4 0.1 0.6 0.7 0.3 14 0.4 0.1 0.7 0.6 0.8 14 0.5 0.3 0.6 0.6 0.6 14 0.5 0.3 0.6 0.6
009513,0.0 0 0.0 0.0 1.0 1.0
009514,0.4 14 0.3 0.2 0.5 0.5 1.0 14 0.3 0.2 0.5 0.6 0.4 8 0.2 0.3 0.3 0.6 0.3 15 0.2 0.1 0.2 0.2 0.4 15 0.0 0.4 0.1 0.5 0.3 15 0.0 0.1 0.2 0.3 0.3 14 0.5 0.2 0.7 0.5 0.3 8 0.5 0.3 0.8 0.6 0.5 14 0.2 0.2 0.4 0.6 0.4 14 0.3 0.2 0.5 0.4 0.5 14 0.2 0.2 0.3 0.5 1.0 14 0.6 0.2 0.7 0.4 0.3 15 0.0 0.1 0.2 0.5 0.9 14 0.7 0.2 0.7 0.4 0.3 14 0.3 0.2 0.4 0.6 1.0 14 0.2 0.2 0.3 0.6 0.7 15 0.2 0.1 0.2 0.2 0.3 14 0.2 0.2 0.3 0.4 0.7 14 0.3 0.2 0.4 0.3 0.5 14 0.2 0.2 0.3 0.4 0.7 14 0.5 0.2 0.7 0.5 0.8 14 0.5 0.2 0.7 0.6 0.5 8 0.5 0.3 0.7 0.6
009521,0.6 8 0.7 0.5 0.9 0.8 0.4 8 0.7 0.5 0.9 0.8
009522,0.6 14 0.0 0.0 0.3 0.5
009525,0.9 14 0.3 0.1 0.4 0.6 0.8 6 0.6 0.8 0.7 0.9 0.8 6 0.4 0.9 0.5 0.9 0.6 6 0.1 0.9 0.3 1.0 0.3 6 0.5 0.8 0.6 0.9 0.4 6 0.2 0.9 0.3 1.0 0.3 14 0.2 0.1 0.5 0.8 0.4 14 0.1 0.3 0.5 0.8 0.5 6 0.6 0.8 0.7 0.9 0.4 6 0.4 0.8 0.5 0.9
009529,0.9 14 0.4 0.4 0.7 0.8 0.3 14 0.2 0.3 0.3 0.6 0.4 14 0.8 0.3 0.9 0.4 0.8 14 0.7 0.4 0.9 0.8 0.4 14 0.6 0.3 0.8 0.8 0.6 14 0.5 0.4 0.9 0.8 0.4 14 0.3 0.2 0.5 0.8 0.3 14 0.5 0.3 0.5 0.4 0.8 14 0.8 0.3 0.9 0.4 0.4 14 0.1 0.3 0.2 0.6 0.9 14 0.3 0.2 0.5 0.7 0.4 14 0.5 0.4 0.8 0.7 1.0 14 0.1 0.3 0.2 0.7 0.9 14 0.7 0.4 0.9 0.7 0.4 14 0.3 0.2 0.5 0.9 0.3 14 0.5 0.4 0.9 0.8 0.9 14 0.5 0.4 0.8 0.8 0.7 14 0.7 0.2 0.7 0.3 0.3 14 0.6 0.4 0.8 0.7 0.5 14 0.7 0.2 0.7 0.4
009530,0.8 6 0.6 0.6 0.6 0.7 0.5 6 0.1 0.7 0.2 0.8 0.8 6 0.0 0.7 0.0 0.8 0.8 6 0.2 0.7 0.3 0.7 0.8 6 0.1 0.7 0.2 0.8 0.4 6 0.4 0.6 0.5 0.7 0.8 6 0.1 0.7 0.2 0.8 0.5 6 0.6 0.6 0.6 0.7
009534,0.6 1 0.0 0.6 0.3 0.8 0.5 1 0.8 0.6 0.9 0.8 0.3 1 0.7 0.6 0.9 0.8 0.7 1 0.1 0.6 0.3 0.8 0.4 14 0.2 0.5 0.3 0.6 0.9 14 0.2 0.5 0.3 0.8 0.3 1 0.1 0.6 0.3 0.8 0.8 14 0.7 0.5 0.8 0.8 0.9 14 0.7 0.5 0.8 0.8 0.6 1 0.6 0.6 0.9 0.8 0.6 1 0.6 0.6 0.9 0.8
009535,0.3 12 0.4 0.2 0.9 0.8 0.4 14 0.4 0.1 0.7 0.8 0.9 14 0.4 0.1 0.7 0.7
009536,0.7 6 0.1 0.2 0.9 0.8
009538,0.4 6 0.0 0.7 0.1 0.8 0.6 6 0.0 0.7 0.1 0.8 0.3 14 0.9 0.3 0.9 0.6
009539,0.9 14 0.5 0.4 0.6 0.7 1.0 14 0.8 0.4 0.9 0.7 1.0 14 0.6 0.4 0.7 0.7 0.9 14 0.2 0.4 0.3 0.6 0.9 14 0.2 0.4 0.2 0.6 0.4 14 0.5 0.4 0.6 0.7 0.9 14 0.3 0.4 0.4 0.6 0.9 14 0.6 0.4 0.6 0.7 0.8 14 0.8 0.4 0.9 0.6
009544,0.6 4 0.6 0.2 0.7 0.4 0.5 14 0.6 0.2 0.7 0.4 0.6 4 0.5 0.0 0.6 0.1 0.8 14 0.0 0.0 0.5 0.7 0.5 14 0.5 0.2 0.7 0.4
009547,0.3 4 0.4 0.6 0.5 1.0 0.7 14 0.1 0.0 0.4 0.6 0.4 14 0.1 0.0 0.6 0.6 0.6 4 0.2 0.4 0.3 0.9 0.4 4 0.2 0.5 0.3 0.9 0.6 14 0.1 0.3 0.6 1.0 0.4 4 0.4 0.6 0.5 1.0 0.7 4 0.4 0.6 0.5 1.0
009548,0.7 14 0.5 0.5 0.5 0.5 0.7 14 0.5 0.5 0.5 0.5 0.4 14 0.5 0.5 0.5 0.5 0.5 14 0.5 0.5 0.5 0.5
009552,0.7 14 0.1 0.1 0.5 1.0 0.9 14 0.0 0.1 0.5 1.0
009553,0.0 0 0.0 0.0 1.0 1.0
009554,0.5 15 0.3 0.2 0.3 0.2 0.7 14 0.0 0.2 0.5 0.7 0.8 14 0.0 0.2 0.3 0.7
009555,0.8 6 0.8 0.2 1.0 0.3 0.5 6 0.8 0.2 1.0 0.3
009556,0.3 14 0.1 0.1 0.5 0.8 0.3 14 0.1 0.3 0.3 0.8 0.4 14 0.1 0.0 0.6 1.0 0.5 14 0.1 0.0 0.6 0.8 0.9 14 0.0 0.3 0.3 0.8 0.3 14 0.3 0.0 0.6 0.8 0.3 14 0.1 0.3 0.3 0.5 0.3 14 0.3 0.2 0.8 1.0
009559,0.8 6 0.2 0.3 0.3 0.4 1.0 14 0.5 0.1 0.7 0.4 0.9 14 0.5 0.2 0.5 0.4 0.3 6 0.0 0.3 0.2 0.4 0.3 14 0.5 0.1 0.7 0.3
009561,0.4 15 0.7 0.1 0.7 0.2 0.9 14 0.2 0.1 0.7 0.7 0.3 19 0.1 0.1 0.4 0.4 0.3 4 0.6 0.6 0.7 0.7 0.4 14 0.4 0.1 0.7 0.7 0.5 19 0.1 0.1 0.4 0.4 0.5 14 0.1 0.1 0.7 1.0 0.3 14 0.2 0.1 0.7 0.7 0.4 4 0.7 0.1 0.7 0.2 0.7 4 0.6 0.6 0.7 0.7
009563,0.9 14 0.4 0.3 0.6 0.8 0.6 14 0.6 0.4 0.6 0.6 0.7 14 0.4 0.3 0.5 0.4 0.5 14 0.5 0.4 0.6 0.8 0.5 14 0.4 0.3 0.5 0.5 0.6 14 0.6 0.4 0.6 0.5 0.4 14 0.4 0.3 0.6 0.8 0.6 14 0.5 0.3 0.6 0.4 0.4 14 0.5 0.4 0.6 0.6
009564,0.4 6 0.4 0.3 0.5 0.4 0.5 14 0.3 0.3 0.4 0.4 0.5 1 0.2 0.5 0.4 0.6 0.8 6 0.1 0.3 0.4 0.4 0.8 1 0.2 0.4 0.4 0.6 0.4 6 0.0 0.3 0.1 0.4 0.6 14 0.2 0.3 0.4 0.5 0.4 14 0.2 0.3 0.4 0.5 0.7 6 0.5 0.3 0.6 0.4 0.8 6 0.4 0.3 0.6 0.4 0.8 14 0.2 0.3 0.4 0.6 0.5 6 0.1 0.3 0.3 0.4 0.3 1 0.2 0.5 0.4 0.6 0.3 6 0.3 0.3 0.4 0.4 0.5 6 0.1 0.3 0.3 0.4 0.6 6 0.5 0.3 0.8 0.5 0.4 6 0.5 0.3 0.6 0.4
009569,0.0 0 0.0 0.0 1.0 1.0
009570,0.4 4 0.1 0.2 0.2 0.5 0.7 14 0.2 0.0 0.7 0.6 0.4 4 0.1 0.2 0.2 0.4
009572,0.8 14 0.0 0.5 0.1 0.6 0.3 14 0.0 0.5 0.1 0.7
009574,0.4 14 0.6 0.1 0.8 0.7 0.3 14 0.5 0.1 0.9 0.7 0.9 14 0.2 0.1 0.5 0.7 1.0 14 0.0 0.1 0.3 0.7 0.9 14 0.5 0.1 0.7 0.6 0.7 14 0.7 0.1 0.9 0.7 0.8 14 0.5 0.1 0.9 0.7 0.6 14 0.7 0.1 0.8 0.4
009575,0.0 0 0.0 0.0 1.0 1.0
009578,0.8 14 0.2 0.2 0.5 1.0
009581,0.3 15 0.4 0.6 0.4 0.8 0.4 15 0.1 0.6 0.3 0.8 0.4 15 0.1 0.4 0.3 0.8 0.7 15 0.0 0.1 0.3 0.8
009582,0.0 0 0.0 0.0 1.0 1.0
009583,0.7 14 0.8 0.0 1.0 0.7 0.4 14 0.8 0.2 1.0 0.7 0.4 14 0.8 0.0 1.0 0.5 0.8 14 0.0 0.4 0.6 1.0 0.9 14 0.6 0.0 0.8 0.3 0.4 14 0.4 0.0 0.8 0.8 0.5 14 0.7 0.0 1.0 0.6
009589,0.3 14 0.3 0.4 0.7 1.0 0.3 6 0.1 0.1 0.2 0.2 0.8 14 0.6 0.3 0.7 0.4 0.4 14 0.6 0.3 0.7 0.5 0.5 14 0.0 0.4 0.7 1.0 0.7 14 0.6 0.3 0.6 0.4 0.8 6 0.1 0.1 0.2 0.2 0.8 14 0.0 0.4 0.7 1.0 0.4 19 0.6 0.3 0.7 0.4
009590,0.5 14 0.4 0.4 0.4 0.4 0.5 6 0.0 0.4 0.1 0.6 0.9 14 0.2 0.4 0.2 0.5 0.7 6 0.0 0.2 0.9 0.8 0.9 14 0.0 0.4 0.0 0.6 0.5 6 0.0 0.4 0.2 0.6 1.0 14 0.1 0.4 0.1 0.5 0.5 14 0.1 0.4 0.2 0.4 0.8 14 0.2 0.4 0.2 0.4 0.6 6 0.0 0.2 0.9 0.8
009592,0.8 14 0.1 0.4 0.6 1.0
009593,0.8 6 0.3 0.3 0.7 0.5 0.3 6 0.8 0.3 0.9 0.4 1.0 14 0.7 0.3 0.8 0.5
009594,0.0 0 0.0 0.0 1.0 1.0
009595,0.0 0 0.0 0.0 1.0 1.0
009599,0.5 14 0.3 0.4 0.9 0.7 0.5 14 0.5 0.5 0.5 0.6 0.3 14 0.1 0.6 0.2 0.7 0.5 14 0.0 0.0 0.3 0.3 0.4 14 0.3 0.2 0.4 0.3 0.5 14 0.0 0.4 0.2 0.7 0.8 14 0.0 0.0 0.3 0.8 0.3 14 0.3 0.2 0.4 0.7
009601,0.9 14 0.7 0.2 0.7 0.3 0.7 14 0.5 0.4 0.5 0.5 0.6 14 0.8 0.1 0.8 0.2 1.0 14 0.8 0.3 0.8 0.6 0.8 14 0.7 0.3 0.8 0.5 0.8 6 0.2 0.4 0.4 0.6 1.0 14 0.9 0.4 1.0 0.6 0.4 14 0.4 0.4 0.4 0.5 1.0 14 0.9 0.4 0.9 0.6 0.5 14 0.7 0.1 0.8 0.3 0.9 14 0.6 0.4 0.6 0.5 0.8 14 0.0 0.3 0.2 0.8 0.5 14 0.7 0.1 0.8 0.3 0.9 14 0.5 0.4 0.6 0.5 0.9 14 0.5 0.4 0.5 0.5 0.8 14 0.0 0.3 0.2 1.0 0.9 14 0.7 0.3 0.8 0.6 0.7 14 0.4 0.4 0.4 0.4 0.9 14 0.4 0.4 0.5 0.5 0.9 14 0.5 0.4 0.6 0.5 1.0 14 0.6 0.3 0.7 0.5 0.4 14 0.7 0.1 0.8 0.2 0.6 14 0.7 0.1 0.8 0.3
009602,0.6 15 0.0 0.0 0.3 0.4 0.5 15 0.6 0.2 0.8 0.5
009604,0.0 0 0.0 0.0 1.0 1.0
009606,0.6 4 0.1 0.8 0.1 1.0 0.4 15 0.3 0.6 0.4 0.7 0.6 4 0.1 0.8 0.1 0.9 0.4 4 0.4 0.9 0.5 1.0 0.3 4 0.5 0.8 0.6 1.0 0.8 4 0.4 0.9 0.5 1.0 0.8 15 0.2 0.4 0.3 0.6 0.5 15 0.2 0.4 0.3 0.6 0.4 8 0.4 0.6 0.5 0.7 0.3 15 0.2 0.5 0.2 0.5 0.3 10 0.1 0.6 0.7 1.0 0.7 15 0.3 0.6 0.4 0.7 0.6 4 0.6 0.8 0.6 0.9
009607,0.0 0 0.0 0.0 1.0 1.0
009608,0.0 0 0.0 0.0 1.0 1.0
009610,0.4 14 0.0 0.0 0.5 1.0 0.9 14 0.0 0.1 0.5 0.9
009612,0.6 14 0.0 0.2 0.5 0.9 0.4 14 0.0 0.2 0.4 0.8 0.6 14 0.0 0.4 0.6 1.0 0.3 14 0.0 0.2 0.5 0.9 0.7 14 0.2 0.2 0.4 0.4 0.6 14 0.0 0.2 0.5 1.0 0.4 14 0.0 0.2 0.5 1.0 0.6 14 0.0 0.2 0.4 0.9
009616,0.0 0 0.0 0.0 1.0 1.0
009622,0.5 14 0.5 0.2 0.7 0.4 0.4 14 0.5 0.2 0.7 0.6 0.3 14 0.8 0.5 1.0 0.7 0.3 14 0.5 0.2 0.7 0.5 0.9 14 0.2 0.1 0.5 0.7 0.4 14 0.5 0.2 0.8 0.6 0.4 14 0.2 0.2 0.8 0.7 0.5 14 0.8 0.5 1.0 0.7 0.7 14 0.5 0.2 0.9 0.7 0.7 14 0.5 0.2 0.8 0.7 0.3 14 0.5 0.4 0.8 0.6 0.5 14 0.5 0.2 1.0 1.0
009624,0.0 0 0.0 0.0 1.0 1.0
009625,0.0 0 0.0 0.0 1.0 1.0
009626,0.3 14 0.7 0.3 0.9 0.7 0.3 14 0.4 0.3 0.9 0.7 0.5 14 0.6 0.3 0.9 0.5 0.4 14 0.3 0.3 0.9 0.7 0.4 14 0.0 0.3 0.5 0.7 0.3 4 0.2 0.6 0.3 0.7 0.7 4 0.6 0.6 0.7 0.7 0.5 14 0.6 0.2 0.9 0.5 0.6 14 0.4 0.3 0.7 0.5 0.6 14 0.0 0.4 0.2 0.7 0.3 14 0.6 0.2 0.9 0.7 0.8 14 0.0 0.4 0.2 0.5 0.3 14 0.1 0.2 0.9 0.7 0.4 14 0.3 0.3 0.9 0.7 0.5 14 0.6 0.2 0.9 0.7 0.5 14 0.6 0.2 0.8 0.5
009628,0.4 14 0.4 0.2 0.6 0.5 0.3 14 0.8 0.5 1.0 1.0 0.9 14 0.0 0.2 0.2 0.6 0.8 14 0.2 0.4 0.4 0.6 0.6 14 0.4 0.2 0.5 0.4 0.6 14 0.4 0.2 0.6 0.6 0.8 14 0.2 0.2 0.6 0.6 0.4 14 0.2 0.2 0.5 0.6 0.3 14 0.3 0.2 0.6 0.7 0.5 14 0.2 0.2 0.4 0.4 0.6 14 0.0 0.2 0.2 0.4 0.7 14 0.0 0.2 0.2 0.7 0.4 14 0.2 0.2 0.4 0.6 0.4 14 0.4 0.2 0.5 0.5
009630,0.7 15 0.5 0.2 0.6 0.3 0.5 15 0.5 0.2 0.6 0.3 0.7 15 0.7 0.2 0.7 0.3 0.6 15 0.5 0.2 0.6 0.3 0.4 4 0.1 0.3 0.1 0.4 0.5 15 0.6 0.2 0.6 0.3 0.6 15 0.6 0.2 0.7 0.3
009631,0.4 8 0.4 0.5 0.4 0.6 0.4 8 0.0 0.4 0.2 0.5 0.3 8 0.8 0.4 1.0 0.5
009632,0.5 19 0.7 0.4 0.8 0.5 0.9 14 0.2 0.4 0.2 0.4
009633,0.4 4 0.0 0.4 0.0 0.4 0.4 14 0.3 0.1 0.6 0.5 1.0 14 0.2 0.3 0.3 0.5 0.8 14 0.5 0.2 0.7 0.4 0.9 14 0.3 0.1 0.7 0.5 0.4 14 0.7 0.2 0.9 0.5 0.6 14 0.4 0.2 0.7 0.5 1.0 14 0.1 0.3 0.2 0.4 0.9 14 0.7 0.2 0.9 0.3 0.7 14 0.5 0.2 0.7 0.3 0.7 14 0.5 0.2 0.7 0.3
009635,0.4 6 0.0 0.8 0.5 1.0
009639,0.6 6 0.0 0.2 0.6 0.7 0.3 6 0.0 0.0 0.6 0.7
009640,0.4 14 0.3 0.2 0.6 0.5 0.7 14 0.1 0.1 0.3 0.5 0.4 14 0.0 0.2 0.6 1.0 0.6 14 0.3 0.2 0.6 0.5
009642,0.0 0 0.0 0.0 1.0 1.0
009643,0.4 6 0.6 0.4 0.7 0.5 0.4 6 0.3 0.4 0.4 0.5 0.4 6 0.4 0.4 0.6 0.5 0.3 15 0.2 0.3 0.3 0.4 0.9 6 0.6 0.4 0.7 0.5 0.5 6 0.4 0.4 0.6 0.5 0.5 6 0.6 0.4 0.6 0.4
009645,0.4 4 0.4 0.0 0.5 0.5 0.3 4 0.4 0.4 0.5 0.6 0.3 4 0.2 0.4 0.3 0.7 0.6 4 0.4 0.0 0.5 0.6 0.3 4 0.1 0.1 0.2 0.6 0.6 4 0.6 0.0 0.7 0.3
009646,0.0 0 0.0 0.0 1.0 1.0
009648,0.7 14 0.3 0.1 0.4 0.3 0.7 14 0.3 0.4 0.4 0.9 0.4 14 0.2 0.4 0.3 0.7 0.4 14 0.5 0.0 0.7 0.4 0.3 14 0.4 0.0 0.7 1.0 0.4 14 0.2 0.4 0.3 0.6 0.7 14 0.2 0.5 0.4 1.0 0.7 14 0.2 0.4 0.3 0.6 0.3 14 0.3 0.1 0.4 0.4 0.4 14 0.1 0.4 0.3 0.9 0.4 14 0.3 0.1 0.4 0.6 0.5 14 0.2 0.1 0.4 0.3 0.3 14 0.2 0.5 0.4 0.9 0.9 14 0.0 0.3 0.2 0.9 0.3 14 0.5 0.0 0.7 0.6 0.5 14 0.3 0.1 0.4 0.9 0.6 14 0.5 0.0 0.7 0.5
009651,0.5 14 0.3 0.0 0.5 0.6 0.3 4 0.6 0.5 0.7 0.7 0.4 14 0.0 0.1 0.5 0.6 0.6 14 0.0 0.0 0.5 0.7 0.3 14 0.3 0.0 0.5 0.6 0.3 14 0.3 0.0 0.5 0.8 0.5 14 0.0 0.0 0.7 1.0 0.6 14 0.2 0.0 0.5 0.7 0.6 14 0.3 0.2 0.7 0.8
009652,0.4 14 0.4 0.4 0.5 0.5 0.7 6 0.0 0.0 0.6 0.6
009653,0.5 14 0.0 0.6 0.3 1.0 0.6 14 0.6 0.1 0.7 0.5 0.6 14 0.3 0.2 0.6 0.5 0.4 14 0.4 0.6 0.5 0.7 0.8 14 0.0 0.1 0.3 0.8 0.4 14 0.7 0.2 0.9 0.5 0.8 14 0.6 0.0 0.8 0.7 0.3 14 0.3 0.2 0.6 0.6 0.3 14 0.3 0.6 0.5 0.7 0.3 14 0.7 0.2 0.8 0.5 0.3 14 0.7 0.2 0.9 0.6 0.5 14 0.0 0.1 0.2 0.7 0.7 14 0.2 0.2 0.6 0.7 0.3 14 0.6 0.0 0.9 0.7 0.4 14 0.0 0.6 0.3 0.7 0.6 14 0.0 0.3 0.3 0.8 0.4 14 0.0 0.3 0.3 0.7 0.8 14 0.3 0.2 0.6 0.6 0.4 14 0.1 0.1 0.3 0.7 0.3 14 0.0 0.1 0.6 1.0 0.3 14 0.1 0.1 0.3 0.5 0.5 14 0.0 0.1 0.3 1.0 0.3 14 0.2 0.3 0.3 0.5 0.3 14 0.5 0.0 0.9 0.7 0.4 14 0.3 0.2 0.6 0.5 0.4 14 0.3 0.6 0.6 0.7 0.7 14 0.5 0.0 0.9 0.7 0.5 14 0.5 0.0 0.9 0.5
009657,0.3 14 0.4 0.1 0.6 0.5 0.3 14 0.3 0.1 0.6 0.7 0.9 14 0.4 0.1 0.6 0.5
009660,0.6 14 0.3 0.3 0.5 0.6 0.5 14 0.3 0.3 0.6 1.0 0.7 14 0.1 0.4 0.3 1.0 0.6 14 0.3 0.3 0.5 0.7 0.4 14 0.3 0.3 0.6 0.7 0.3 14 0.2 0.4 0.3 0.7 0.5 14 0.1 0.4 0.3 1.0 0.4 14 0.5 0.4 0.6 0.7 0.4 14 0.3 0.3 0.6 0.7 0.3 14 0.0 0.4 0.4 1.0 0.6 14 0.0 0.3 0.6 1.0 0.5 14 0.3 0.3 0.5 0.7 0.6 14 0.1 0.5 0.1 0.6 0.4 14 0.3 0.4 0.6 0.8 0.4 14 0.3 0.3 0.6 0.8 0.4 14 0.5 0.4 0.6 0.7 0.5 14 0.3 0.4 0.6 1.0
009661,0.9 14 0.4 0.1 0.6 0.4 0.3 14 0.1 0.2 0.7 0.7 0.9 14 0.1 0.2 0.1 0.5 0.4 14 0.4 0.1 0.7 0.5 0.4 14 0.1 0.2 0.7 0.6 0.9 14 0.0 0.2 0.1 0.5 0.5 14 -0.0 0.2 0.7 1.0 0.4 14 0.4 0.1 0.7 0.5 0.8 14 0.5 0.2 0.7 0.5
009662,0.3 8 0.0 0.5 0.1 0.8 0.5 8 0.2 0.5 0.3 0.6 0.4 8 0.4 0.4 0.6 0.6 0.5 8 0.0 0.5 0.2 0.8 0.3 8 0.6 0.4 0.8 0.6 0.6 8 0.0 0.5 0.2 0.7 0.5 8 0.3 0.5 0.4 0.6
009663,0.3 14 0.2 0.4 0.4 0.7 0.4 15 0.3 0.2 0.4 0.4 0.6 15 0.3 0.2 0.4 0.4
009665,1.0 14 0.2 0.3 0.3 0.6 0.5 14 0.2 0.4 0.2 0.6
009669,0.8 14 0.6 0.5 0.8 0.7
009672,0.0 0 0.0 0.0 1.0 1.0
009673,0.3 6 0.0 0.1 0.4 0.4 0.4 6 0.0 0.0 0.4 0.4
009674,0.7 14 0.4 0.3 0.6 0.8 0.5 14 0.2 0.3 0.3 0.6 0.6 14 0.4 0.3 0.5 0.3 0.6 6 0.1 0.3 0.6 0.9 0.4 14 0.0 0.3 0.1 0.4 0.7 14 0.1 0.3 0.3 0.8 0.7 14 0.4 0.3 0.6 0.7 1.0 14 0.0 0.3 0.1 0.8 0.6 14 0.4 0.3 0.6 0.7
009675,0.7 6 0.2 0.1 1.0 0.6
009677,0.3 13 0.2 0.2 0.7 0.6
009680,0.4 14 0.5 0.1 0.6 0.2 0.9 14 0.5 0.1 0.6 0.3 0.7 6 0.1 0.2 0.7 0.6 0.3 6 0.0 0.2 0.7 0.6 0.8 6 0.0 0.2 0.1 0.5
009682,0.3 6 0.1 0.2 0.7 0.6 0.5 6 0.9 0.2 0.9 0.3 0.3 6 0.6 0.2 0.9 0.4
009683,0.4 6 0.1 0.2 0.7 0.5 0.7 6 0.0 0.3 0.0 0.3 0.4 6 0.1 0.2 0.7 0.5 0.7 6 0.1 0.3 0.2 0.3
009688,0.7 6 0.2 0.0 0.6 0.4 0.5 14 0.1 0.0 0.7 1.0
009689,0.5 14 -0.0 0.1 0.4 1.0 0.3 14 0.0 0.1 0.8 1.0 0.9 14 0.5 0.4 0.8 1.0
009690,0.4 8 0.7 0.6 0.8 0.9 0.3 8 0.8 0.6 0.8 0.9 0.8 8 0.5 0.7 0.6 1.0 0.7 8 0.7 0.6 0.8 0.9 0.5 8 0.6 0.6 0.8 0.9 0.6 8 0.5 0.6 0.6 1.0 0.3 19 0.5 0.3 0.7 0.6 0.5 8 0.5 0.6 0.7 1.0 0.3 10 0.0 0.6 0.8 1.0 0.4 8 0.5 0.6 0.6 0.8 0.8 8 0.5 0.6 0.6 1.0
009694,0.4 6 0.5 0.8 0.5 0.9 0.6 6 0.7 0.8 0.7 0.9 0.9 6 0.6 0.8 0.7 0.9 0.9 6 0.3 0.8 0.5 0.9 0.6 6 0.6 0.8 0.7 0.9 0.9 6 0.5 0.8 0.6 0.9 0.4 6 0.6 0.8 0.7 0.9
009696,0.0 0 0.0 0.0 1.0 1.0
009697,0.9 14 0.0 0.0 0.7 1.0 0.8 14 0.7 0.2 0.9 1.0
009701,0.8 6 0.2 0.4 0.6 0.7
009704,0.9 14 0.8 0.6 0.9 0.9 0.9 14 0.7 0.5 0.8 0.7 0.9 14 1.0 0.6 1.0 0.8 1.0 14 0.9 0.5 0.9 0.8 0.9 14 0.3 0.6 0.4 0.9 0.8 6 0.6 0.5 0.7 0.6 0.9 14 0.2 0.6 0.3 0.9 0.5 14 0.8 0.6 0.8 0.8 1.0 14 0.2 0.6 0.2 0.8 0.9 14 0.8 0.5 0.9 0.7 0.9 14 0.4 0.6 0.5 0.8
009705,0.5 6 0.1 0.1 0.9 0.4 0.5 6 0.5 0.0 0.6 0.1 0.7 6 0.9 0.0 1.0 0.1 0.9 6 0.5 0.0 0.8 0.1 0.7 6 0.8 0.1 0.9 0.1 0.3 6 0.1 0.0 1.0 0.4 0.7 6 0.1 0.0 0.9 0.4 0.4 6 0.8 0.0 1.0 0.2
009708,0.9 14 0.0 0.2 0.4 0.4 0.4 14 0.5 0.2 0.9 0.5 0.4 14 0.0 0.2 0.5 0.6 0.5 14 0.5 0.2 0.9 0.5 0.7 14 0.2 0.2 0.4 0.4 0.4 14 0.0 0.2 0.4 0.5 0.5 8 0.6 0.5 0.8 0.6 0.9 14 0.5 0.2 0.9 0.6 0.4 14 0.4 0.2 0.9 0.6
009714,0.9 14 0.0 0.8 0.1 0.9
009715,0.8 14 0.4 0.2 0.6 0.4 0.6 14 0.1 0.2 0.4 0.6 0.7 14 0.6 0.2 0.9 0.6 0.9 14 0.1 0.2 0.4 0.4 0.6 14 0.1 0.2 0.8 0.6 0.3 14 0.5 0.2 0.9 0.6 0.8 14 0.4 0.2 0.7 0.4 0.6 14 0.1 0.2 0.4 0.6 0.7 14 0.6 0.2 0.9 0.6 0.5 14 0.4 0.2 0.5 0.4 0.5 14 0.1 0.2 0.3 0.4 0.8 14 0.4 0.2 0.9 0.6 0.4 14 0.7 0.3 1.0 0.6 0.5 14 0.6 0.2 0.7 0.4 0.8 14 0.6 0.2 0.8 0.3
009716,0.0 0 0.0 0.0 1.0 1.0
009720,0.6 14 0.3 0.0 0.6 0.6 0.5 14 0.3 0.0 0.6 0.6 0.4 14 0.0 0.0 0.6 0.6 0.3 14 0.3 0.0 1.0 0.6
009722,0.3 14 0.3 0.4 0.5 0.7 0.4 14 0.4 0.4 0.5 0.5 0.7 14 0.1 0.3 0.1 0.3 0.9 14 0.2 0.3 0.4 0.7 0.6 14 0.2 0.4 0.4 0.7 0.4 14 0.2 0.3 0.3 0.6 0.8 14 0.4 0.4 0.5 0.7 0.4 14 0.3 0.4 0.5 0.7
009723,0.4 6 0.8 0.0 1.0 0.1 0.8 6 0.9 0.1 1.0 0.1 0.6 6 0.9 0.1 1.0 0.1 0.3 6 0.9 0.1 1.0 0.1 0.8 6 0.0 0.0 0.2 0.2 0.4 6 0.8 0.1 1.0 0.1 0.9 6 0.7 0.1 1.0 0.1 0.6 6 0.2 0.0 0.4 0.1 0.8 6 0.2 0.0 0.4 0.1 0.6 6 0.1 0.0 0.2 0.1 0.3 6 0.0 0.0 0.2 0.2 0.9 6 0.0 0.1 1.0 0.6 0.3 6 0.0 0.0 0.2 0.2 0.3 6 0.3 0.0 0.4 0.1 0.4 6 0.7 0.0 1.0 0.1 0.5 6 0.7 0.0 0.8 0.1
009725,0.6 1 0.0 0.4 0.2 0.6
009727,0.0 0 0.0 0.0 1.0 1.0
009728,0.9 14 0.9 0.5 0.9 0.6 0.5 6 0.4 0.3 0.5 0.4 0.9 14 0.7 0.5 0.8 0.6
009730,0.5 14 0.5 0.2 0.6 0.4 0.3 14 0.5 0.2 0.6 0.3 0.9 14 0.4 0.1 0.5 0.5 0.6 14 0.4 0.1 0.5 0.5 0.4 14 0.4 0.1 0.5 0.5
009731,0.0 0 0.0 0.0 1.0 1.0
009736,0.9 14 0.1 0.2 0.7 1.0
009739,0.4 14 0.3 0.1 0.5 0.5 0.9 14 0.0 0.3 0.4 0.6 0.4 14 0.3 0.1 0.6 0.6 0.6 14 0.0 0.1 0.6 0.7 0.5 14 0.2 0.3 0.4 0.6 0.5 14 0.3 0.1 0.6 0.7 0.4 14 0.1 0.3 0.4 0.5 0.7 14 0.1 0.1 0.6 0.9 0.3 14 0.1 0.3 0.4 0.6 0.4 14 0.3 0.1 0.6 0.9
009740,0.8 6 0.3 0.3 0.5 0.4
009741,0.9 14 0.3 0.5 0.4 0.7 0.6 15 0.2 0.6 0.2 0.7 0.6 8 0.0 0.6 0.1 0.9 0.9 14 0.2 0.5 0.4 0.8 0.7 8 0.2 0.6 0.4 1.0 0.3 8 0.2 0.7 0.4 1.0 0.3 14 0.2 0.5 0.3 0.6 0.4 14 0.4 0.2 0.6 0.8 0.8 14 0.3 0.2 0.7 1.0 0.3 8 0.7 0.8 0.8 1.0 0.5 14 0.3 0.5 0.4 0.7 0.6 14 0.3 0.5 0.4 0.8 0.3 14 0.3 0.2 0.6 1.0 0.4 14 0.3 0.5 0.7 1.0
009742,0.5 14 0.3 0.4 0.4 0.7 0.9 14 0.2 0.4 0.3 0.6 0.5 14 0.2 0.4 0.3 1.0 0.9 14 0.0 0.3 0.1 0.7 0.7 14 0.0 0.3 0.1 0.6
009744,0.0 0 0.0 0.0 1.0 1.0
009750,0.3 15 0.0 0.6 0.1 0.9 0.4 14 0.1 0.7 0.2 1.0 0.6 15 0.2 0.4 0.3 1.0 0.8 15 0.4 0.8 0.5 1.0 0.6 15 0.6 0.8 0.7 1.0 0.6 15 0.0 0.5 0.1 0.9 0.4 15 0.2 0.8 0.3 1.0 1.0 14 0.1 0.6 0.2 1.0 0.4 14 0.1 0.6 0.2 0.9 0.6 15 0.4 0.8 0.5 1.0 0.6 15 0.6 0.4 0.7 1.0
009751,0.0 0 0.0 0.0 1.0 1.0
009752,0.0 0 0.0 0.0 1.0 1.0
009753,0.0 0 0.0 0.0 1.0 1.0
009757,0.8 6 0.0 0.2 0.9 0.7
009759,0.0 0 0.0 0.0 1.0 1.0
009760,0.0 0 0.0 0.0 1.0 1.0
009765,0.0 0 0.0 0.0 1.0 1.0
009766,0.4 14 0.0 0.2 0.6 1.0 0.3 14 0.4 0.2 0.5 0.4 0.4 14 0.4 0.2 0.5 0.6 0.4 14 0.1 0.1 0.3 0.8 0.4 14 0.1 0.2 0.4 1.0 0.6 14 0.3 0.2 0.7 0.6 0.7 14 0.4 0.2 0.7 0.6 0.8 14 0.1 0.1 0.6 1.0 0.5 14 0.0 0.1 0.7 1.0
009768,0.7 14 0.3 0.4 0.4 0.5 0.4 14 0.7 0.3 0.8 0.6 0.7 6 0.2 0.5 0.2 0.5 0.8 14 0.2 0.5 0.4 0.7 0.4 14 0.7 0.3 0.8 0.7 0.8 14 0.7 0.3 0.8 0.4 0.9 14 0.1 0.5 0.2 0.7 0.7 14 0.7 0.3 0.8 0.7 0.5 14 0.7 0.3 0.8 0.5 0.7 14 0.7 0.3 0.8 0.8
009769,0.0 0 0.0 0.0 1.0 1.0
009770,0.9 6 0.1 0.7 0.6 0.9
009771,0.3 15 0.5 0.0 0.6 0.2 0.8 14 0.1 0.2 0.2 0.3
009775,0.0 0 0.0 0.0 1.0 1.0
009777,0.9 6 0.6 0.3 0.8 0.4 0.7 6 0.3 0.3 0.5 0.4 0.8 6 0.3 0.3 0.5 0.4 0.9 6 0.0 0.3 0.1 0.4 0.5 6 0.0 0.3 0.1 0.4 0.6 6 0.3 0.3 0.5 0.4 0.5 6 0.8 0.3 0.9 0.4
009779,0.4 6 0.2 0.3 0.6 0.5 0.9 14 0.6 0.2 0.7 0.5 0.8 6 0.2 0.3 0.6 0.5 0.4 6 0.6 0.3 0.9 0.5 1.0 14 0.5 0.2 0.5 0.4 0.3 6 0.6 0.3 0.9 0.5 0.5 6 0.6 0.2 0.9 0.5 1.0 14 0.5 0.2 0.6 0.4
009782,0.3 15 0.2 0.0 0.3 0.1 0.4 15 0.2 0.0 0.4 0.1 0.9 14 0.8 0.3 0.9 0.6 0.7 14 0.2 0.2 0.4 0.6 0.9 14 0.2 0.1 0.3 0.4 0.7 14 0.6 0.1 0.7 0.4 0.4 14 0.1 0.4 0.4 0.6 0.7 14 0.0 0.2 0.1 0.4 0.3 4 0.7 0.4 0.8 0.5 0.6 14 0.0 0.2 0.1 0.6 0.4 15 0.2 0.0 0.4 0.1 0.4 14 0.2 0.2 0.3 0.4 0.9 14 0.4 0.2 0.5 0.4 0.9 14 0.2 0.1 0.3 0.3 0.9 14 0.0 0.2 0.4 0.6 0.5 14 0.0 0.2 0.3 0.6 0.4 4 0.7 0.4 0.8 0.5 0.7 4 0.7 0.4 0.8 0.5 0.6 14 0.0 0.2 0.2 0.6 1.0 14 0.6 0.2 0.7 0.4 0.7 4 0.6 0.4 0.6 0.5 0.8 14 0.6 0.2 0.7 0.5 0.9 14 0.8 0.3 0.9 0.5 0.7 14 0.6 0.1 0.7 0.3
009783,0.6 14 0.4 0.2 0.7 1.0 0.6 14 0.4 0.2 0.6 0.5 0.8 14 0.4 0.2 0.6 0.6
009784,0.0 0 0.0 0.0 1.0 1.0
009786,0.0 0 0.0 0.0 1.0 1.0
009787,0.6 15 0.0 0.1 0.3 0.6
009788,0.5 1 0.1 0.3 0.9 0.9
009791,0.0 0 0.0 0.0 1.0 1.0
009793,0.0 0 0.0 0.0 1.0 1.0
009795,0.4 19 0.2 0.4 0.3 0.6 0.5 14 0.0 0.5 0.1 0.8
009798,0.4 14 0.8 0.3 0.9 0.6 0.9 14 0.2 0.3 0.3 0.8 0.5 15 0.3 0.8 0.4 0.9 0.9 14 0.1 0.4 0.3 0.8 0.3 14 0.8 0.3 0.9 0.5 0.7 14 0.8 0.2 0.9 0.4 0.3 14 0.6 0.3 0.7 0.6 0.7 14 0.2 0.3 0.3 0.7 0.6 14 0.5 0.3 0.7 0.6 0.7 14 0.5 0.3 0.7 0.7 0.5 14 0.2 0.3 0.3 0.6 0.4 14 0.1 0.4 0.2 0.6 1.0 14 0.0 0.4 0.2 0.9 0.3 14 0.2 0.4 0.3 0.5 0.3 14 0.6 0.3 0.8 0.8 0.3 15 0.3 0.8 0.4 0.9 0.3 14 0.1 0.4 0.2 0.6 0.3 14 0.5 0.3 0.8 0.8 0.5 14 0.5 0.3 0.7 1.0 0.5 14 0.8 0.3 0.9 0.6 0.3 14 0.5 0.3 0.7 0.8 0.4 14 0.8 0.2 0.8 0.3 0.9 14 0.5 0.3 0.8 1.0
009799,0.0 0 0.0 0.0 1.0 1.0
009802,0.3 14 0.4 0.1 0.7 1.0 0.3 14 0.4 0.1 0.6 0.6 0.9 14 0.1 0.3 0.5 1.0 0.5 14 0.1 0.0 0.8 1.0 0.3 14 0.3 0.1 0.8 1.0 0.3 14 0.3 0.1 0.7 1.0 0.5 14 0.3 0.1 0.8 1.0 0.3 14 0.4 0.1 0.8 0.9
009803,1.0 14 0.4 0.2 0.5 0.6
009804,0.5 6 0.0 0.3 0.8 0.6 0.6 14 0.2 0.3 0.3 0.3 0.9 14 0.7 0.3 0.8 0.3 0.4 14 0.9 0.3 1.0 0.4 0.9 14 0.9 0.3 1.0 0.4 0.7 14 0.3 0.3 0.3 0.3 0.9 14 0.8 0.3 0.8 0.3 0.8 14 1.0 0.3 1.0 0.3 0.6 6 0.4 0.3 0.7 0.4
009806,0.5 6 0.1 0.4 0.2 0.5 0.6 14 1.0 0.4 1.0 0.5 0.7 6 0.2 0.4 0.3 0.5 0.9 14 0.6 0.4 0.6 0.4 1.0 14 0.0 0.4 0.1 0.5 0.6 6 0.8 0.4 0.8 0.5 0.9 6 0.1 0.4 0.2 0.5
009811,0.0 0 0.0 0.0 1.0 1.0
009812,0.9 14 0.0 0.4 0.4 1.0 0.3 14 0.0 0.4 0.3 1.0
009814,0.0 0 0.0 0.0 1.0 1.0
009815,0.5 8 0.0 0.4 0.3 0.7 0.3 8 0.0 0.3 0.2 0.5
009817,0.0 0 0.0 0.0 1.0 1.0
009818,0.0 0 0.0 0.0 1.0 1.0
009820,0.5 14 0.0 0.0 0.2 0.7 0.7 14 0.0 0.0 0.7 1.0 0.4 14 0.0 0.0 0.3 1.0 0.8 14 0.5 0.5 0.6 0.7 0.4 14 0.5 0.5 0.6 0.7
009821,0.8 6 0.0 0.3 0.9 0.8
009824,0.0 0 0.0 0.0 1.0 1.0
009826,0.0 0 0.0 0.0 1.0 1.0
009827,0.4 15 0.5 0.4 0.6 0.5 0.5 6 0.9 0.6 0.9 0.6 0.6 6 0.9 0.5 1.0 0.6 0.5 6 0.9 0.5 1.0 0.6
009829,0.6 6 0.4 0.7 0.6 0.9 0.5 6 0.7 0.7 0.8 0.8 0.7 6 0.7 0.7 0.7 0.8 0.6 6 0.6 0.7 0.7 0.8 0.8 6 0.4 0.8 0.4 0.9 0.8 6 0.4 0.8 0.5 0.9 0.5 6 0.4 0.8 0.4 0.9 0.4 6 0.7 0.7 0.8 0.8 0.4 6 0.5 0.7 0.6 0.9 0.6 6 0.7 0.7 0.7 0.8 0.6 6 0.5 0.8 0.6 0.9 0.7 6 0.6 0.7 0.7 0.8 0.4 6 0.6 0.8 0.7 0.8 0.8 6 0.5 0.8 0.6 0.9
009835,0.4 15 0.1 0.5 0.2 0.7
009837,0.0 0 0.0 0.0 1.0 1.0
009838,0.0 0 0.0 0.0 1.0 1.0
009840,0.3 14 0.5 0.3 0.6 0.5 1.0 14 0.2 0.2 0.3 0.4 0.9 14 0.5 0.3 0.6 0.4 1.0 14 0.3 0.2 0.4 0.4
009843,0.8 14 0.0 0.0 0.5 0.9 0.6 14 0.0 0.0 0.7 0.9
009844,0.8 14 0.5 0.2 0.5 0.3 0.7 14 0.3 0.1 0.4 0.2 0.9 14 0.2 0.4 0.3 0.7
009846,0.0 0 0.0 0.0 1.0 1.0
009847,0.5 14 0.9 0.1 0.9 0.2 0.9 14 0.1 0.5 0.2 0.7 0.9 6 0.4 0.2 0.6 0.4 0.9 14 0.0 0.5 0.1 0.7 0.3 6 0.4 0.2 0.6 0.4
009849,0.9 6 0.1 0.3 0.5 0.4 0.5 6 0.1 0.3 0.4 0.4
009850,0.8 14 0.4 0.3 0.6 0.9 0.9 14 0.5 0.4 0.6 0.6 0.3 14 0.4 0.3 0.5 0.4 0.4 14 0.2 0.3 0.6 0.9
009853,0.3 14 0.1 0.0 0.7 1.0 0.6 14 0.1 0.0 0.5 0.6 0.9 14 0.6 0.1 0.7 0.2 0.4 14 0.2 0.0 0.5 0.4 0.7 14 0.0 0.0 0.5 1.0 0.4 14 0.6 0.2 0.8 0.6 0.3 8 0.0 0.2 0.2 0.5 0.4 8 0.5 0.5 0.7 0.7 0.3 8 0.5 0.5 0.7 0.7 0.4 14 0.6 0.1 0.8 0.2
009854,0.8 14 0.6 0.2 0.6 0.3 0.5 14 0.3 0.2 0.4 0.4 0.6 14 0.3 0.3 0.5 0.6 0.7 14 0.8 0.2 0.9 0.3 0.3 8 0.8 0.3 0.9 0.5 0.5 14 0.9 0.2 1.0 0.4 0.5 14 0.4 0.2 0.4 0.3 0.3 14 0.9 0.2 1.0 0.4 0.7 14 0.4 0.2 0.5 0.5 0.9 14 0.7 0.2 0.8 0.3 0.5 14 0.9 0.2 0.9 0.3 0.7 14 0.6 0.2 0.7 0.4 0.7 14 0.0 0.3 0.1 0.4 0.7 14 0.3 0.3 0.5 0.6 0.7 14 0.8 0.2 0.9 0.4 0.6 14 0.0 0.3 0.2 0.7 0.6 14 0.2 0.3 0.3 0.4 0.7 14 0.7 0.2 0.8 0.4 0.9 14 0.2 0.2 0.3 0.4 0.4 8 0.6 0.3 0.7 0.5 0.9 14 0.4 0.2 0.6 0.5 0.9 14 0.0 0.3 0.2 0.5 0.8 14 0.2 0.2 0.3 0.4 0.8 14 0.9 0.2 1.0 0.3 0.3 8 0.7 0.3 0.8 0.5 0.9 14 0.1 0.3 0.2 0.4 0.8 14 0.3 0.2 0.3 0.3 0.5 14 0.3 0.3 0.5 0.6 0.4 14 0.6 0.2 0.7 0.5 0.9 14 0.6 0.2 0.7 0.4 0.9 14 0.8 0.2 1.0 0.4 0.7 14 0.6 0.2 0.7 0.4 0.9 14 0.7 0.2 0.7 0.3
009856,0.4 6 0.0 0.5 0.2 0.7 0.9 6 0.7 0.5 0.9 0.7 0.8 6 0.2 0.5 0.4 0.6 0.9 6 0.0 0.5 0.2 0.7 0.5 6 0.7 0.5 0.9 0.7
009857,0.4 14 0.2 0.1 0.6 1.0 0.7 14 0.0 0.1 0.2 0.4 0.7 14 0.2 0.1 0.5 0.9 0.3 14 0.0 0.1 0.6 1.0 0.4 14 0.0 0.1 0.3 0.9 0.7 14 0.0 0.1 0.5 0.9 0.3 14 0.0 0.1 0.3 0.9
009861,0.5 14 0.2 0.3 0.4 0.7 0.6 14 0.2 0.3 0.4 0.7 0.4 14 0.2 0.2 0.5 0.7 0.3 14 0.2 0.3 0.4 0.4 0.4 14 0.2 0.2 0.5 0.6 0.3 14 0.2 0.3 0.3 0.4 0.3 14 0.1 0.3 0.4 0.6
009864,0.3 6 0.5 0.3 0.6 0.4 0.6 6 0.0 0.5 0.1 0.7 0.4 6 0.0 0.3 0.2 0.5 0.3 6 0.6 0.3 0.8 0.4 0.4 6 0.2 0.4 0.4 0.6 0.6 6 0.1 0.3 0.3 0.5 0.3 6 0.0 0.3 0.2 0.5 0.3 6 0.0 0.3 0.2 0.7 0.5 6 0.1 0.3 0.4 0.4 0.3 6 0.1 0.3 0.5 0.4 0.6 6 0.0 0.3 0.2 0.7
009866,0.4 1 0.1 0.2 0.7 0.6
009871,0.4 14 0.7 0.6 0.8 0.7 0.3 4 0.7 0.1 0.7 0.1 0.5 4 0.5 0.0 0.6 0.1 0.4 14 0.3 0.1 0.7 0.7 1.0 14 0.1 0.1 0.3 0.7 0.6 14 0.7 0.6 0.8 0.7 0.5 14 0.3 0.1 0.6 0.7 0.8 14 0.3 0.1 0.8 0.7 0.5 4 0.7 0.0 0.7 0.1
009873,0.8 6 0.3 0.3 0.9 0.6
009875,0.0 0 0.0 0.0 1.0 1.0
009876,0.0 0 0.0 0.0 1.0 1.0
009883,0.8 6 0.1 0.2 0.9 0.5
009885,0.8 14 0.3 0.3 0.6 0.8 0.8 14 0.3 0.4 0.4 0.5 0.6 14 0.1 0.4 0.1 0.4 0.9 14 0.2 0.3 0.3 0.4 0.7 14 0.3 0.3 0.5 0.6 0.9 14 0.1 0.4 0.2 0.5 0.4 14 0.3 0.4 0.4 0.6 0.7 14 0.1 0.4 0.2 0.4 0.4 14 0.4 0.5 0.5 0.7 0.4 14 0.3 0.5 0.6 0.7 0.4 14 0.4 0.5 0.6 0.7
009888,0.0 0 0.0 0.0 1.0 1.0
009889,0.0 0 0.0 0.0 1.0 1.0
009890,0.0 0 0.0 0.0 1.0 1.0
009891,0.0 0 0.0 0.0 1.0 1.0
009892,0.4 14 0.6 0.5 0.9 1.0 0.3 14 0.1 0.0 0.9 1.0 0.5 14 0.1 0.0 1.0 1.0
009893,0.0 0 0.0 0.0 1.0 1.0
009895,0.7 14 0.6 0.2 0.6 0.3 0.9 14 0.5 0.2 0.6 0.3 0.9 14 0.0 0.1 0.1 0.3 0.9 6 0.6 0.3 0.8 0.6 0.8 6 0.1 0.4 0.7 0.9 0.9 6 0.0 0.3 0.2 0.5
009899,0.4 14 0.3 0.0 0.8 1.0 0.7 14 0.1 0.0 0.8 1.0 0.4 14 0.3 0.0 0.8 1.0
009901,1.0 14 0.2 0.2 0.4 0.9 1.0 14 0.5 0.1 0.7 1.0
009903,0.8 14 0.3 0.1 0.6 1.0 0.6 14 0.7 0.4 0.8 0.9 0.3 14 0.3 0.2 0.5 0.9 0.8 6 0.1 0.2 0.2 0.3 0.9 6 0.0 0.2 0.1 0.3 0.8 6 0.0 0.2 0.1 0.3 0.8 14 0.4 0.1 0.6 0.7 0.4 6 0.1 0.2 0.2 0.3 0.9 14 0.7 0.2 0.8 0.9
009906,0.3 19 0.6 0.2 0.8 0.4
009907,0.4 14 0.1 0.3 0.6 0.8 0.5 14 0.0 0.3 0.5 0.8 0.4 14 0.2 0.3 0.5 0.7 0.4 14 0.2 0.3 0.4 0.5 0.5 14 0.0 0.2 0.5 0.9
009909,0.0 0 0.0 0.0 1.0 1.0
009910,0.4 14 0.4 0.1 1.0 1.0 0.6 14 0.4 0.5 0.7 1.0 0.6 14 0.2 0.4 0.4 0.9 0.7 14 0.2 0.4 0.4 1.0 0.7 14 0.2 0.4 0.4 0.8 0.4 14 0.4 0.2 0.6 0.9 0.3 14 0.0 0.2 0.7 1.0 0.7 14 0.2 0.4 0.4 0.8 0.9 14 0.4 0.1 0.7 1.0
009912,0.0 0 0.0 0.0 1.0 1.0
009914,0.5 8 0.6 0.5 0.7 0.6
009915,0.5 14 0.4 0.2 0.6 0.4 0.8 14 0.3 0.2 0.6 0.4 0.6 14 0.2 0.3 0.6 0.6 0.4 14 0.4 0.3 0.6 0.5 0.4 14 0.7 0.2 0.8 0.4 0.9 14 0.6 0.2 0.9 0.5 0.6 14 0.1 0.3 0.6 0.6 0.3 14 0.3 0.2 0.5 0.3 0.3 14 0.3 0.2 0.6 0.5 0.6 14 0.0 0.1 0.3 0.6 0.4 14 0.6 0.2 0.8 0.3 0.3 14 0.7 0.3 0.9 0.4 0.5 14 0.0 0.1 0.2 0.6 0.4 14 0.6 0.3 0.9 0.5 0.5 14 0.3 0.1 0.4 0.3 0.7 14 0.1 0.5 0.3 0.6 0.6 14 0.3 0.2 0.6 0.6 0.5 14 0.1 0.1 0.4 0.5 0.9 14 0.0 0.1 0.4 0.6 0.5 14 0.1 0.1 0.3 0.5 0.4 14 0.6 0.3 0.9 0.5 0.4 14 0.3 0.2 0.5 0.5 0.3 14 0.2 0.3 0.6 0.6 0.4 14 0.5 0.2 0.9 0.5 0.5 14 0.5 0.2 0.7 0.5 0.3 14 0.6 0.3 0.8 0.5 0.4 14 0.6 0.3 0.9 1.0 0.5 14 0.6 0.2 0.8 0.4
009916,0.6 15 0.5 0.2 0.6 0.3
009919,0.3 6 0.1 0.2 0.9 0.4
009921,0.0 0 0.0 0.0 1.0 1.0
009922,0.0 0 0.0 0.0 1.0 1.0
009924,0.6 14 0.2 0.1 0.3 0.4 0.4 14 0.2 0.1 0.3 0.5 0.3 14 0.2 0.1 0.2 0.2 0.3 14 0.3 0.1 0.3 0.3 0.6 6 0.1 0.2 0.6 0.9 0.4 14 0.3 0.1 0.4 0.2
009925,0.4 15 0.4 0.1 0.6 0.5 0.3 15 0.4 0.1 0.6 0.5
009927,0.8 6 0.1 0.3 0.8 0.6
009928,0.4 14 0.2 0.6 0.5 0.9 0.6 14 0.2 0.5 0.5 0.9
009929,0.4 14 0.0 0.0 0.3 0.3
009930,0.3 14 0.4 0.4 0.5 0.5 0.6 14 0.1 0.0 0.6 0.7 0.6 14 0.0 0.0 0.6 1.0 0.7 14 0.1 0.0 0.7 1.0
009931,0.9 14 0.3 0.3 0.3 0.5
009933,0.0 0 0.0 0.0 1.0 1.0
009934,0.0 0 0.0 0.0 1.0 1.0
009936,0.5 14 0.4 0.4 0.4 0.5 0.4 14 0.4 0.4 0.4 0.4 0.4 6 0.3 0.1 0.8 0.5 0.6 14 0.4 0.4 0.4 0.5
009937,0.3 14 0.7 0.2 0.9 0.5 0.6 14 0.8 0.2 0.9 0.3 0.3 14 0.7 0.2 1.0 0.5 0.4 14 0.5 0.2 0.9 0.5 0.3 14 0.8 0.2 1.0 0.4 0.9 14 0.5 0.2 1.0 0.5
009941,0.4 14 0.3 0.2 0.7 0.7 0.4 14 0.4 0.2 0.6 0.7 0.4 14 0.6 0.1 0.9 1.0 0.6 14 0.0 0.1 0.3 0.7 0.5 14 0.7 0.2 0.9 0.7 0.6 14 0.6 0.2 0.8 0.6 0.4 14 0.1 0.1 0.5 0.7 0.4 14 0.7 0.1 0.9 0.7 0.9 14 0.1 0.1 0.3 0.7 0.3 14 0.6 0.2 0.8 0.4 0.4 14 0.7 0.1 0.9 0.4 0.9 14 0.3 0.1 0.5 0.7 0.4 14 0.7 0.1 0.9 0.7 0.3 14 0.7 0.1 0.9 0.5 0.4 14 0.5 0.2 0.7 0.7 0.4 14 0.3 0.2 0.7 0.7 0.9 14 0.0 0.1 0.2 0.7 0.5 14 0.2 0.2 0.3 0.5 0.4 14 0.6 0.2 0.9 0.7 0.9 14 0.6 0.1 0.9 0.7 0.9 14 0.4 0.2 0.7 0.7 0.4 14 0.6 0.1 0.7 0.4 0.7 14 0.6 0.1 0.7 0.3
009943,0.3 6 0.4 0.2 0.7 0.4 0.3 4 0.3 0.3 0.4 0.4 0.4 4 0.9 0.3 0.9 0.4 0.4 4 0.4 0.3 0.4 0.4 0.8 6 0.4 0.2 0.7 0.4
009948,0.3 14 0.1 0.0 0.5 0.9 0.6 14 0.0 0.0 0.4 0.6 0.6 14 0.0 0.0 0.5 0.8 0.5 14 0.0 0.0 0.4 1.0 0.6 14 0.0 0.0 0.6 1.0
009951,0.9 14 0.8 0.4 0.8 0.5 0.4 14 0.9 0.4 0.9 0.5 0.9 14 0.6 0.4 0.7 0.5 0.9 14 0.8 0.4 0.9 0.5 0.9 14 0.7 0.4 0.7 0.5 0.6 6 0.6 0.3 1.0 0.7
009952,0.0 0 0.0 0.0 1.0 1.0
009953,0.4 1 0.0 0.2 0.9 0.7
009956,0.4 14 0.0 0.0 0.7 1.0
009957,0.8 14 0.2 0.2 0.4 0.7 0.6 14 0.2 0.2 0.4 0.7 0.8 14 0.2 0.2 0.4 0.5
009960,0.3 14 0.5 0.1 0.6 0.4 0.5 14 0.3 0.1 0.6 0.5 0.8 14 0.3 0.1 0.6 0.4
009962,0.4 14 0.3 0.1 0.5 0.5 0.7 14 0.2 0.5 0.3 0.7 0.3 14 0.0 0.0 0.3 0.4 0.8 14 0.6 0.3 0.9 0.7 0.3 14 0.6 0.3 0.8 0.6 0.7 14 0.3 0.1 0.5 0.7 0.3 14 0.2 0.5 0.3 0.7 0.3 14 0.4 0.1 0.8 0.7 0.9 14 0.3 0.1 0.5 0.6 0.7 14 0.0 0.0 0.4 0.7 0.7 14 0.0 0.0 0.4 1.0 0.3 14 0.6 0.3 0.8 0.7 0.7 14 0.0 0.0 0.3 0.7 0.9 14 0.4 0.1 0.8 0.6
009963,0.0 0 0.0 0.0 1.0 1.0
