image_id,PredictionString
000001,1.0 11 52.9 242.5 186.9 357.9 1.0 14 1.4 13.2 350.9 500.0
000002,0.9 18 139.9 197.2 219.2 300.5
000003,0.8 17 239.9 157.1 311.4 203.8 0.6 8 117.5 152.5 157.1 197.4 0.6 8 241.2 158.0 310.3 204.3 0.6 8 254.2 158.1 311.1 204.8
000004,1.0 6 176.1 326.5 251.8 363.7 1.0 6 363.4 324.5 499.9 391.5 1.0 6 108.1 325.5 148.0 354.6 1.0 6 141.5 323.1 186.5 357.8 1.0 6 14.9 312.0 85.0 364.3 1.0 6 85.0 327.3 114.0 351.5 1.0 6 234.0 328.3 333.2 375.5
000006,0.8 19 45.9 72.5 128.5 179.3 0.9 8 157.9 226.9 253.9 374.9 1.0 8 130.1 196.9 252.4 375.1 1.0 10 139.8 219.7 366.7 375.2 1.0 8 250.3 206.3 365.7 375.2
000008,0.5 8 154.0 228.5 314.5 375.3 0.8 10 6.3 121.1 161.5 292.2 0.5 8 143.9 22.2 354.3 374.2 1.0 8 199.8 22.7 355.9 253.1 0.9 8 128.9 193.1 313.2 375.1
000010,0.9 14 137.9 78.1 252.0 253.1 0.6 12 96.1 177.3 220.9 426.4 0.9 12 95.6 178.1 251.2 424.6 0.9 14 136.4 79.4 258.6 262.8
000011,0.5 7 124.1 55.2 243.2 151.4 1.0 7 154.4 142.2 326.5 299.7
000013,0.0 0 0.0 0.0 10.0 10.0
000014,1.0 6 421.2 180.1 499.9 219.7 0.9 6 72.5 169.8 218.7 229.1 0.8 6 158.1 189.8 290.6 244.0 1.0 6 185.7 194.4 499.4 318.0 0.8 14 354.4 7.5 398.7 69.1
000015,1.0 1 75.1 131.9 356.6 358.5
000018,0.5 11 34.6 33.0 360.5 276.2
000022,1.0 14 187.0 48.5 257.5 230.2 1.0 12 76.3 102.3 367.3 284.8
000025,0.9 14 280.3 1.0 332.5 82.0 0.7 14 55.6 59.0 133.8 138.2 0.9 14 341.7 0.8 381.0 94.5 0.9 14 323.8 25.6 357.2 112.9 1.0 14 130.9 14.4 219.9 135.4 0.8 11 62.2 128.3 238.7 376.2 0.7 11 63.2 128.1 374.9 376.4 0.8 11 117.0 115.3 230.2 209.0 0.8 14 201.1 1.1 236.9 96.3 1.0 14 219.2 1.9 340.0 211.8 1.0 14 319.7 2.6 496.8 374.9 0.6 14 283.6 0.7 336.2 92.3
000027,1.0 14 168.7 99.5 347.5 351.0
000028,0.5 7 -0.5 53.0 352.1 501.3 1.0 7 71.0 53.3 373.8 501.7 0.8 7 70.6 55.1 346.0 501.7
000029,0.6 9 53.3 63.1 284.2 289.0
000031,1.0 18 44.3 88.9 429.1 259.6
000037,1.0 11 62.3 95.0 465.1 337.6
000038,0.6 14 223.4 111.9 258.6 185.2 1.0 14 191.2 118.4 246.5 235.4 1.0 1 162.6 169.8 279.5 244.9
000040,0.5 2 238.4 80.7 386.9 241.1 0.6 2 1.1 55.6 380.1 262.6 0.8 2 168.9 78.6 386.9 274.5
000043,1.0 14 8.6 141.4 247.2 500.0 0.8 14 10.7 3.7 286.7 498.5 0.8 4 218.5 65.4 293.2 170.8
000045,0.8 4 345.2 229.5 374.8 289.5 0.7 19 2.7 130.4 193.3 304.6 0.8 6 7.3 251.8 221.8 307.6 0.9 19 2.2 131.5 192.3 292.4 1.0 19 280.5 56.4 474.2 257.7
000049,1.0 7 181.3 128.9 351.9 228.3
000053,0.6 7 38.0 22.9 326.4 273.0 1.0 7 34.6 5.4 449.8 263.6 0.8 7 252.5 6.4 444.1 244.4
000054,1.0 5 26.1 58.4 468.7 288.2
000055,0.8 14 220.4 109.1 277.6 156.5 1.0 14 435.9 275.7 456.0 326.8 1.0 14 398.0 267.6 438.4 316.4 0.7 14 116.7 156.0 182.1 199.9 1.0 14 462.4 271.0 489.3 322.7 0.7 14 70.0 201.6 451.9 333.6
000056,1.0 12 163.5 60.5 380.7 334.9 0.5 12 161.6 63.4 468.4 335.8
000057,1.0 2 133.4 53.9 383.1 374.6
000058,0.5 13 457.4 105.2 500.0 232.5 0.9 13 33.0 138.5 362.3 375.9 0.9 14 201.7 81.7 286.4 211.9 0.6 15 55.6 0.7 279.6 173.5 0.9 13 8.4 89.7 362.6 376.6 1.0 14 279.1 56.7 338.8 321.7 1.0 14 330.5 2.8 434.3 374.1
000059,0.9 19 90.3 160.3 140.5 206.0 1.0 14 333.7 242.2 374.9 397.2 1.0 14 76.8 278.7 108.1 352.8 0.9 19 187.0 129.0 266.8 211.0 1.0 14 143.7 263.6 200.4 366.1 1.0 14 108.9 208.1 331.8 500.8 1.0 14 116.6 275.1 152.5 359.7
000062,0.7 16 53.6 188.5 269.2 321.3 0.5 1 405.5 142.1 433.6 229.2
000067,1.0 0 37.3 68.0 451.2 210.6
000068,0.5 2 23.9 47.2 264.9 376.3 0.9 2 25.8 52.9 199.0 375.3
000069,0.7 3 4.8 115.8 70.8 194.9 0.9 3 16.2 64.3 424.5 186.3 1.0 14 303.6 152.6 387.5 374.6
000070,1.0 8 90.6 244.0 165.1 374.7 0.9 15 317.5 158.9 360.8 197.5 0.9 15 356.8 163.6 380.0 198.6 0.7 10 35.5 190.3 213.1 369.8
000071,0.9 6 244.7 74.3 340.3 101.3 1.0 6 59.4 99.5 446.2 276.3
000074,0.8 6 57.2 70.4 176.7 203.8 1.0 6 141.0 62.1 402.6 289.7 1.0 6 355.4 63.6 476.0 199.3
000075,0.8 7 98.8 83.5 218.1 346.8
000076,1.0 14 476.3 157.3 499.8 345.3 1.0 14 78.1 159.2 118.4 238.2 0.8 14 440.8 172.6 458.3 213.5 1.0 14 0.8 160.9 26.1 286.1 0.8 14 368.5 130.2 448.8 235.1 1.0 14 241.3 140.9 295.9 199.0 1.0 14 63.5 75.2 264.6 375.9 1.0 14 368.3 129.9 450.3 256.4 1.0 14 44.0 160.5 79.9 284.8 1.0 14 453.8 211.8 476.8 257.8 0.7 14 241.6 142.1 294.9 374.8 1.0 14 255.2 76.5 448.4 375.5
000079,1.0 11 0.4 54.3 390.0 356.8
000080,0.9 3 181.0 202.7 210.0 286.1 0.9 3 65.2 234.5 110.3 273.1 0.9 3 0.9 192.0 41.0 302.7 0.8 3 241.8 202.5 271.3 283.2
000082,0.7 6 146.7 0.4 202.5 74.7 0.9 6 0.8 0.8 156.5 97.1 1.0 6 20.2 99.7 490.4 295.6
000084,1.0 8 288.3 170.6 341.4 278.4 0.8 10 147.9 180.8 322.4 281.7 1.0 8 145.3 181.6 196.9 281.9 1.0 8 338.3 155.4 387.3 236.6 1.0 8 232.7 192.4 293.1 302.7
000085,0.9 14 339.3 11.1 500.4 198.3 1.0 14 0.6 69.3 254.1 329.9 0.6 10 194.5 72.0 502.2 332.3 0.9 14 338.9 11.6 500.1 217.6
000086,0.0 0 0.0 0.0 10.0 10.0
000087,0.6 18 113.9 166.5 323.0 200.3 0.6 18 174.6 170.8 245.7 199.4 0.8 8 0.7 198.5 99.7 329.3 0.7 18 133.4 168.0 247.7 199.2 0.8 18 129.7 166.5 293.3 201.2
000088,0.6 18 159.3 5.6 494.9 312.0 0.8 18 157.5 5.8 494.0 372.5
000090,1.0 14 83.3 38.9 312.0 253.9 0.7 8 191.4 124.1 325.8 249.4 0.9 8 191.3 71.3 321.9 250.2 0.9 11 140.1 211.3 433.6 333.9
000092,0.7 7 93.1 100.7 380.5 327.1 0.7 7 97.8 71.7 383.2 238.4 1.0 7 92.4 102.7 262.8 330.4 0.5 7 257.0 25.6 432.8 241.5 1.0 7 254.4 70.0 383.9 237.4 0.8 7 322.9 25.8 433.1 240.0
000094,0.7 13 3.0 2.3 496.2 332.1 0.9 13 1.3 21.6 497.7 331.4
000096,0.9 14 205.0 103.8 330.1 500.2 1.0 14 0.9 144.1 181.7 500.8 0.7 14 142.5 112.8 278.6 501.7 1.0 14 141.7 102.1 329.9 501.0
000097,0.6 8 -0.1 214.7 155.2 375.7 0.5 8 243.9 174.2 288.3 223.1 0.9 14 211.1 142.2 253.9 215.9 0.8 8 177.0 184.5 305.5 309.9 0.8 14 209.2 142.0 260.0 233.5 0.9 17 54.9 175.8 214.8 284.0 0.7 17 0.1 213.7 154.7 374.4 0.5 14 208.6 143.5 282.1 278.6 0.8 10 168.2 216.2 314.4 319.8
000098,1.0 7 67.5 76.6 321.0 162.8
000100,0.9 18 0.3 48.5 431.0 220.5 0.5 18 63.3 46.3 330.4 207.7
000103,1.0 6 99.9 222.9 141.3 249.5 1.0 6 0.7 237.7 51.2 279.4 0.9 6 57.2 220.4 93.9 236.7 1.0 6 32.2 233.7 76.9 266.6 0.5 6 27.4 225.0 60.3 240.1
000105,0.9 3 18.3 1.0 321.9 308.8 1.0 14 168.7 107.9 239.7 215.3 0.9 14 195.4 70.6 298.1 175.7 0.6 14 181.6 71.1 296.9 222.1
000106,1.0 2 177.5 95.1 367.2 245.2
000108,0.9 11 307.4 133.1 464.2 235.0 0.5 11 1.2 105.6 302.5 262.5 0.8 11 46.6 104.1 202.6 209.4 0.8 17 0.4 59.6 498.3 376.0 0.9 11 0.8 104.4 210.3 265.7 0.9 11 308.8 130.5 498.8 235.6
000111,0.8 1 216.6 192.4 256.7 220.1 0.9 14 446.5 304.9 498.4 375.2 0.9 14 117.1 185.0 138.2 221.7 0.6 1 160.3 192.6 209.9 221.4 0.9 1 250.3 193.1 309.6 218.7 0.8 14 224.4 179.5 251.6 212.0 0.7 14 281.0 181.9 303.8 213.6
000114,1.0 7 167.2 63.0 366.3 286.2
000115,0.9 2 0.6 221.4 188.7 425.8 1.0 2 150.8 225.7 244.1 345.1 0.6 2 207.7 2.7 372.9 411.3
000116,0.9 8 231.6 202.9 314.6 364.5 1.0 15 193.3 97.2 276.6 201.4 0.7 8 0.7 185.6 39.0 302.7 1.0 15 2.0 101.2 107.6 274.0 1.0 17 48.1 192.8 318.9 361.3 0.9 8 0.7 223.9 42.9 304.2
000119,1.0 7 104.4 96.5 310.7 346.1
000124,1.0 14 1.3 7.2 99.4 138.5 0.9 4 173.4 85.2 190.6 133.7 1.0 14 232.4 26.0 320.7 126.8 1.0 15 72.2 0.4 225.8 156.5 1.0 19 6.0 137.9 136.9 257.8 1.0 14 70.7 14.3 484.7 375.5 0.9 19 194.5 88.3 279.9 178.5
000126,0.5 10 171.4 179.8 261.5 214.9 0.7 8 234.3 162.4 263.2 188.4 0.8 8 93.3 164.8 129.4 187.2 0.6 8 353.1 162.3 382.4 215.2 0.9 10 72.9 178.5 257.8 215.0 0.9 14 11.0 140.5 36.1 177.0 1.0 8 261.0 168.1 290.9 215.1 0.9 8 112.0 175.4 184.7 214.9 1.0 14 42.8 137.3 80.4 202.2 0.6 8 232.5 162.9 265.3 213.8 0.9 8 312.6 163.3 358.6 214.9 0.5 8 280.9 159.8 307.5 201.8 0.8 14 30.3 142.0 48.3 175.7
000127,1.0 2 172.7 224.1 229.1 375.4 1.0 14 65.4 19.4 371.5 375.2 0.9 2 313.9 191.3 410.1 286.2 1.0 2 240.6 215.6 338.4 318.1 0.7 2 339.3 156.3 436.2 277.5
000128,0.6 14 94.2 204.7 110.2 251.4 0.9 14 32.4 212.3 49.4 265.3 1.0 14 390.9 209.7 416.3 288.0 0.7 14 154.7 207.9 174.8 247.9 0.9 14 53.1 217.1 69.6 266.1
000135,1.0 6 202.8 196.7 330.1 259.3
000136,0.6 4 353.7 24.2 375.5 67.1 1.0 7 328.2 203.6 408.6 271.0
000137,1.0 6 95.9 429.8 165.4 483.3 0.9 14 123.0 356.0 135.8 390.3
000139,0.7 1 113.0 114.0 242.7 272.9 0.9 11 1.1 175.4 96.1 333.3 0.9 1 114.0 130.8 243.0 272.2 1.0 14 151.8 55.9 262.5 212.4 0.9 1 113.6 132.0 244.3 261.0
000144,1.0 4 245.4 152.9 267.0 214.8 0.6 4 227.0 192.8 249.9 241.6 1.0 14 370.6 8.4 499.4 332.2 0.5 14 30.6 98.7 105.6 179.1 1.0 4 224.6 204.3 246.3 275.5 1.0 14 167.7 66.4 280.8 192.0 1.0 14 1.1 138.7 128.6 333.2 1.0 10 123.7 184.6 456.1 333.9 0.8 8 390.7 229.6 465.9 332.6 0.9 14 335.6 1.1 443.5 271.8 0.9 4 242.9 226.5 259.2 271.4 0.8 4 263.9 191.8 283.5 235.7 0.9 14 345.2 1.3 432.4 158.5
000145,0.7 18 52.4 89.1 378.9 290.6
000148,1.0 2 130.4 111.7 463.3 289.2
000149,1.0 15 115.6 1.9 350.3 360.7
000151,0.9 14 1.2 47.4 191.5 429.1 0.9 14 0.7 46.8 374.2 426.8
000152,1.0 6 417.2 95.1 500.2 154.6 1.0 6 47.7 98.2 125.3 152.6 0.7 14 1.7 93.4 49.7 151.4 1.0 6 115.2 77.4 407.3 292.4 1.0 6 310.4 96.1 417.9 141.0
000155,0.7 1 223.0 325.7 306.4 423.0
000157,0.7 11 130.7 104.8 367.0 222.6 0.6 17 51.3 110.0 397.7 219.6 0.8 11 132.0 157.0 365.2 223.1
000160,0.8 19 419.7 114.0 498.4 238.9 0.6 19 418.8 115.2 498.5 265.3 0.8 19 313.7 94.7 393.0 163.4 0.9 17 2.2 238.0 334.8 375.6 0.9 8 302.2 240.2 413.5 375.3
000166,1.0 14 69.9 116.7 158.8 240.0 1.0 14 24.3 177.5 44.5 228.6 1.0 14 327.4 171.1 352.4 252.9 0.5 8 249.7 224.5 301.3 305.8 1.0 14 0.9 174.0 23.2 268.2 1.0 14 244.6 180.8 293.4 223.6 1.0 12 56.7 159.4 217.4 334.7 0.9 14 326.7 171.1 352.5 288.4 0.7 12 203.6 144.1 394.8 304.0 0.5 14 37.0 177.6 51.3 224.2
000167,1.0 11 1.2 8.5 497.5 373.0
000168,0.8 14 122.1 100.7 217.8 310.4 0.9 14 73.8 102.8 221.7 309.5 1.0 12 104.0 121.8 203.5 465.0 0.6 14 110.5 100.9 222.3 309.9
000172,1.0 6 28.2 53.1 453.7 323.1
000175,0.7 16 0.9 45.3 65.8 222.8 0.9 16 14.2 31.3 433.2 273.1
000176,0.9 16 288.0 216.8 318.9 279.1 0.8 16 1.2 208.5 83.8 284.2 0.8 16 43.0 136.7 159.5 278.7 0.6 16 174.2 153.4 289.9 288.4
000178,1.0 4 215.0 81.8 240.3 158.5 0.8 14 77.6 1.1 339.6 141.1 0.9 4 135.4 75.3 161.7 112.0 1.0 14 0.7 -0.2 97.4 217.0 0.7 4 303.0 71.1 330.9 161.4 0.9 4 197.0 109.2 228.5 240.9 1.0 4 355.9 76.5 401.5 216.3 0.7 4 169.7 100.7 199.6 179.2 0.7 4 306.7 70.4 330.7 138.5 0.9 14 376.6 0.6 491.7 223.8 0.8 14 212.9 1.4 346.2 142.6 0.9 4 332.2 58.5 360.3 129.2 1.0 4 167.6 65.9 200.4 177.2 0.9 4 247.1 86.6 277.4 165.1 0.7 4 111.1 78.4 134.7 137.6 1.0 10 9.0 75.4 501.4 323.1 0.9 4 302.4 73.2 333.2 162.1 0.7 4 108.7 78.4 138.7 165.7 1.0 4 285.5 59.1 312.0 136.7 0.9 4 280.4 69.1 309.2 166.4 1.0 4 238.7 100.8 285.5 253.4
000179,0.6 3 273.2 409.6 367.4 464.5 0.6 3 221.7 413.3 298.1 490.4 0.7 3 278.0 418.1 365.3 460.1 0.9 3 0.8 411.6 82.5 469.7 1.0 3 83.8 1.5 300.8 491.6
000181,0.5 17 2.4 164.9 298.9 369.8 0.6 14 118.3 153.4 256.1 373.7 1.0 14 254.1 160.2 300.7 221.1 1.0 14 119.9 154.4 303.2 373.1 0.7 15 131.1 57.6 164.4 159.9 0.9 14 118.9 154.3 218.3 288.4 0.9 14 22.5 129.1 233.8 371.2 0.8 4 101.5 113.7 117.4 157.2 0.8 8 205.8 173.1 301.4 339.6
000182,0.8 17 0.5 -1.4 498.6 359.4 1.0 14 119.1 51.7 322.9 374.2
000183,0.9 11 67.7 1.5 497.6 344.5
000185,1.0 8 274.8 289.0 344.3 388.6 1.0 14 236.2 241.3 339.1 381.9
000186,1.0 2 55.1 49.9 284.5 360.7
000188,1.0 6 402.6 145.9 499.6 213.9 0.9 6 60.1 141.5 159.8 196.8 0.7 8 101.0 171.8 168.7 241.4 0.7 6 0.6 143.2 67.2 193.7 0.9 6 59.2 142.3 142.1 196.8 0.5 8 98.6 170.2 155.9 244.1 1.0 14 27.8 107.2 69.1 211.3 0.9 5 90.7 78.3 499.1 204.9
000191,1.0 14 205.7 245.8 220.5 297.1 0.9 14 299.3 247.7 312.0 279.4 1.0 14 309.1 222.7 332.9 431.6 0.6 14 234.4 244.2 246.6 272.7 1.0 14 31.0 180.9 145.3 499.8 1.0 14 139.5 242.4 155.5 293.8 1.0 14 167.7 244.8 188.6 294.0 1.0 14 222.9 230.9 312.9 438.7
000195,0.8 5 10.5 15.2 480.0 373.6
000196,1.0 8 0.7 204.7 68.5 359.3 0.9 8 392.1 184.9 490.0 270.2 1.0 8 72.0 162.4 172.3 299.4 0.7 17 240.0 151.7 342.4 186.9 1.0 8 269.4 149.6 349.6 260.7
000197,1.0 6 36.2 53.6 465.7 259.2
000199,1.0 2 169.9 64.7 383.3 270.0
000201,0.5 14 334.7 31.2 371.8 70.9 0.6 13 320.0 64.7 388.7 129.7 0.7 14 410.1 44.7 425.1 65.7 0.6 14 319.2 32.0 383.4 115.4 0.9 14 383.3 39.2 407.6 66.2 1.0 14 181.8 71.3 228.7 114.7 0.5 14 453.0 45.8 469.1 65.4 0.8 14 272.6 78.3 386.3 159.0 0.9 14 271.5 79.7 385.5 243.9 0.9 13 252.5 137.5 380.7 318.3
000202,1.0 4 416.3 121.6 499.6 375.5 1.0 14 22.0 3.0 232.7 373.9 0.9 14 209.2 83.8 428.0 374.8 0.8 14 208.5 84.9 427.1 369.9
000204,1.0 19 205.9 65.1 326.0 169.0 0.5 8 349.2 42.1 499.3 215.5 0.7 8 158.0 263.6 429.2 375.9
000205,1.0 14 106.5 154.1 233.8 348.9 0.8 14 105.7 151.8 302.3 482.0 1.0 11 81.4 276.5 234.1 407.5
000206,0.9 14 299.7 380.1 313.5 409.7 1.0 14 93.3 355.5 184.1 500.3 0.7 8 233.7 420.2 370.9 500.4
000212,0.9 14 319.6 59.6 361.9 111.8 0.8 14 244.1 102.2 285.7 166.3 0.9 14 419.6 124.0 499.3 333.3 0.9 14 351.2 66.1 384.2 103.7 0.7 14 451.5 250.5 499.5 331.0 0.6 14 109.5 110.5 199.9 304.8 0.8 14 247.0 101.1 286.3 141.2 0.9 14 439.2 67.9 499.9 152.9 0.6 10 110.9 178.2 416.6 332.1 0.8 14 270.3 131.6 342.3 196.1 0.9 14 243.0 101.9 285.8 182.6 1.0 14 0.8 80.2 198.0 333.5 0.9 14 0.9 109.5 28.9 161.5 0.8 14 469.4 124.3 499.9 220.6 1.0 10 110.3 176.8 497.0 331.5 0.9 14 144.3 140.7 207.3 198.7 0.8 14 254.6 137.9 318.6 192.1 1.0 14 264.1 97.4 342.4 194.7 0.8 14 286.8 99.5 342.0 191.0 0.9 14 319.8 60.1 373.3 131.4
000213,0.7 8 23.7 402.2 85.6 474.9 1.0 7 106.7 71.5 312.9 308.1
000216,0.9 0 234.7 171.8 282.9 224.4
000217,1.0 8 301.0 234.0 383.0 332.7 0.8 8 252.4 165.0 299.0 206.9 0.9 8 133.2 209.1 243.8 333.8 0.8 4 139.3 139.2 157.6 176.9 1.0 10 130.9 188.0 409.7 333.5
000223,1.0 14 371.8 261.6 388.6 299.9 1.0 18 153.2 77.6 341.9 290.4
000226,0.8 15 39.1 136.4 125.0 207.3 1.0 8 270.2 249.8 431.3 375.1 0.7 8 50.9 261.4 103.3 374.4 0.8 8 403.6 186.3 459.6 291.5 0.6 8 433.9 208.0 499.0 306.2 0.9 10 103.8 229.6 373.8 374.7 0.9 8 0.8 208.9 59.5 303.4 0.7 8 160.8 196.5 187.5 236.9 0.7 14 346.6 168.4 401.7 244.3 0.9 8 69.9 263.2 229.5 375.4 0.9 8 45.0 226.4 111.0 296.8 1.0 14 229.7 163.1 282.3 219.9 1.0 10 106.9 228.5 373.5 313.4 0.6 8 318.3 214.2 394.7 268.3 0.9 14 317.1 167.8 407.7 275.7 0.5 14 343.5 167.5 410.5 283.6
000227,0.9 7 221.9 121.6 349.1 330.9 0.9 8 16.8 140.8 202.2 343.2 0.5 7 220.5 121.1 349.0 329.9 0.9 19 75.5 41.0 179.1 157.4 1.0 7 219.7 121.7 478.1 354.5
000230,0.8 1 165.3 178.2 397.1 359.9 1.0 14 243.0 71.6 355.7 354.7
000231,0.6 6 83.8 149.2 148.5 207.1 1.0 5 94.3 111.0 272.1 205.0 1.0 14 335.5 123.5 366.6 226.9 0.9 6 134.4 144.6 271.5 205.1
000234,0.6 10 199.3 208.6 281.9 326.6 0.7 15 7.6 224.1 69.4 286.5 0.9 15 5.6 84.5 78.0 205.9 0.6 8 308.5 109.1 430.7 326.9 1.0 15 65.2 234.4 130.5 310.9 0.9 8 309.1 107.2 469.1 327.5 0.9 15 116.7 108.4 157.9 161.4 0.8 8 200.1 234.9 281.0 376.4 0.8 15 9.9 149.0 72.6 204.3 0.7 8 306.7 107.8 472.0 375.3
000237,0.6 12 77.1 118.8 274.6 328.1 1.0 14 231.0 37.7 333.5 202.8 0.8 12 56.0 48.9 383.2 329.4 0.9 12 212.6 48.8 383.7 221.4
000238,1.0 14 438.8 253.4 490.4 374.9 0.6 18 0.7 1.5 195.0 374.5 0.6 18 1.7 1.5 295.4 374.1
000239,0.7 14 33.0 166.9 79.7 206.5 1.0 14 3.1 136.4 30.6 203.5 1.0 14 31.1 167.2 86.8 234.6 1.0 5 62.4 31.3 467.4 222.2
000240,1.0 6 175.3 151.5 207.8 177.2 1.0 14 347.7 153.3 373.4 185.3 1.0 6 406.5 135.2 488.8 180.9 1.0 14 160.8 153.0 177.5 192.3 0.8 6 29.9 151.6 53.3 170.3 0.9 6 370.3 153.0 423.6 180.0 1.0 6 57.8 163.7 136.7 219.7 0.7 6 227.2 168.7 310.5 207.1 1.0 6 257.7 175.7 441.4 233.8
000243,1.0 0 179.8 125.7 272.3 193.8
000247,0.8 8 1.3 361.8 193.6 500.6 1.0 14 137.2 141.8 245.6 399.8 1.0 8 5.3 143.3 130.0 323.3 0.9 14 116.9 51.8 275.2 396.8
000248,0.9 12 106.2 91.0 315.3 276.1 1.0 14 225.8 156.5 287.0 269.8 1.0 6 258.6 190.0 410.1 292.8
000252,1.0 14 238.7 111.2 268.4 141.8 1.0 5 144.4 53.9 287.5 221.3 1.0 6 194.6 166.7 298.6 241.9
000253,0.9 18 102.4 94.9 347.9 239.0 0.9 14 414.7 159.0 437.9 223.9 0.9 18 101.6 48.2 349.4 238.8
000254,0.6 6 1.3 291.5 131.6 332.9 1.0 6 0.4 211.3 190.5 333.4 1.0 6 197.9 241.2 472.5 332.8 1.0 6 155.9 252.7 228.4 323.3
000255,0.7 11 0.2 2.2 422.1 333.0
000258,1.0 14 353.4 27.2 499.9 332.6 0.6 11 189.5 121.7 407.8 333.6
000260,0.8 0 400.3 163.2 499.5 212.2 1.0 0 58.1 48.9 455.2 234.0
000261,1.0 1 1.7 61.1 404.0 327.8
000264,0.5 14 11.4 83.0 136.6 305.7 0.8 14 136.0 48.5 308.9 245.6 0.9 14 8.5 81.7 115.8 194.4 0.9 13 0.9 108.9 332.1 496.1 0.9 14 102.2 134.9 136.0 210.1 1.0 14 132.9 48.3 312.5 476.5
000265,0.7 14 6.7 180.8 197.2 332.9 0.9 13 158.7 174.8 290.1 324.3 1.0 14 113.2 178.4 201.1 332.8 0.9 14 157.5 232.7 238.7 332.6 0.7 14 159.8 233.2 211.9 332.7 0.7 14 151.4 233.8 218.7 332.8 0.8 14 0.9 87.9 56.7 180.0 0.5 14 115.6 178.3 176.9 272.6 1.0 14 5.9 183.7 131.7 332.7 0.8 19 161.8 6.7 365.6 155.6 1.0 14 260.3 27.8 355.1 138.2
000267,0.9 12 90.0 84.3 331.6 500.8
000271,0.9 14 393.7 220.3 409.7 241.3 1.0 6 414.4 180.0 482.2 237.0 1.0 14 40.9 176.3 59.1 231.7 1.0 14 339.1 190.2 358.9 232.5
000272,0.8 14 29.8 75.2 227.6 500.9 1.0 14 30.8 71.6 306.6 499.1 0.5 8 271.9 355.1 332.4 498.1
000273,0.9 9 236.9 146.6 303.0 181.2
000274,1.0 2 60.3 98.4 407.7 300.2
000277,0.7 17 20.5 98.5 470.8 320.8 0.7 14 278.2 81.8 469.8 214.0
000279,0.8 14 219.2 196.3 297.3 372.7 0.9 14 295.7 188.4 373.1 358.7 1.0 14 77.2 185.2 202.0 356.1 0.9 14 299.2 189.1 372.8 317.4 0.5 8 81.7 306.8 409.8 375.3 1.0 14 221.3 198.1 298.2 317.5
000280,1.0 4 478.9 121.3 500.0 176.1 1.0 4 450.0 155.1 474.9 213.6 0.6 4 439.9 129.3 456.7 163.5 0.8 8 118.4 177.8 253.0 374.4 0.9 8 4.6 174.4 122.3 335.0 1.0 14 154.9 81.5 286.0 330.0 0.9 8 260.4 125.0 341.2 211.9
000281,0.7 18 0.6 1.0 497.4 308.1
000283,0.6 1 79.4 132.7 194.7 351.1 1.0 1 335.8 256.4 440.4 459.0 1.0 14 85.9 16.9 187.1 307.4 0.9 1 87.1 138.1 192.5 311.7 1.0 14 331.9 110.1 451.6 428.3
000284,0.7 6 472.5 65.1 499.9 95.5 1.0 6 200.9 79.1 440.2 260.8 1.0 6 420.1 68.0 495.0 119.8
000286,0.9 14 186.6 3.5 499.0 373.6 0.9 14 271.5 4.8 499.9 374.1
000287,0.7 1 283.4 74.9 463.2 185.9 1.0 14 3.4 1.9 306.3 374.4 0.8 14 418.0 65.4 489.2 135.9
000290,0.9 12 87.2 101.4 332.1 501.2
000291,0.7 19 62.9 182.0 154.0 305.7 0.6 19 1.5 177.0 163.2 309.3 1.0 19 178.0 155.9 333.8 301.9
000292,0.9 7 89.1 2.3 447.4 375.2
000293,0.6 6 102.6 25.9 246.5 110.8 0.7 6 288.7 88.9 455.6 226.3 0.9 14 458.1 49.6 499.1 124.9 1.0 14 143.2 50.6 176.8 134.1 1.0 14 171.6 42.8 199.8 113.5 0.9 6 0.2 99.6 454.0 365.1 1.0 14 15.0 20.8 65.8 184.3 0.7 6 1.2 2.2 497.8 372.2 0.8 6 69.2 61.9 126.7 102.3
000295,1.0 3 362.3 199.0 405.8 246.3
000297,0.5 8 330.7 174.0 367.4 287.4 0.8 8 422.1 173.3 483.8 315.8 0.9 8 404.7 176.2 460.5 312.9 0.5 12 103.6 124.9 248.9 399.8 0.9 8 346.1 174.0 400.1 308.5 1.0 14 241.0 178.0 353.8 394.1 0.7 8 259.8 175.5 350.3 363.6
000299,0.8 17 0.6 127.7 149.7 246.8 0.7 10 2.4 213.1 170.1 317.5 1.0 14 159.4 120.4 289.5 333.1 1.0 8 222.7 266.1 342.7 374.6
000300,1.0 6 34.1 189.1 338.8 441.0
000301,0.9 6 5.3 294.9 304.1 486.1 1.0 6 17.2 318.2 104.3 361.6 0.9 6 0.6 334.2 28.9 366.8 0.9 6 8.4 296.9 373.5 488.5
000309,1.0 2 102.4 164.2 316.7 294.6
000310,0.6 13 330.4 251.4 383.8 319.4 0.6 14 117.4 145.7 141.9 190.9 1.0 14 89.9 146.3 128.8 224.0 1.0 14 166.8 103.2 282.7 375.6 1.0 14 55.0 166.6 89.2 238.6 0.7 14 117.1 145.7 141.1 185.4 1.0 14 262.1 122.8 347.8 375.6
000313,1.0 6 209.3 198.7 259.8 237.2 1.0 6 138.5 196.8 197.7 235.0 1.0 6 425.5 204.7 493.8 244.8 1.0 6 73.1 194.9 136.2 234.2 1.0 6 7.2 193.7 81.8 233.1 1.0 6 359.7 203.5 419.4 245.0 1.0 6 280.1 199.6 333.2 240.9
000314,0.9 17 359.8 171.8 497.7 328.0 0.9 8 284.9 130.2 314.5 205.3 0.6 8 1.1 281.7 105.3 332.9 0.9 10 202.0 134.9 263.3 183.9 1.0 8 180.6 129.0 212.6 202.6 1.0 8 208.4 180.1 298.4 315.6 0.9 8 203.7 128.0 254.2 186.4 0.9 10 237.5 235.0 450.4 333.5 0.7 8 257.0 127.8 292.5 202.5 0.8 8 254.3 136.3 292.5 205.7
000315,0.9 14 70.8 165.8 313.8 500.6 1.0 14 284.6 98.3 375.0 500.3 1.0 14 0.6 108.1 113.3 500.3 0.9 14 71.7 170.2 352.3 500.0 0.7 14 171.0 101.0 375.3 499.3
000316,1.0 0 333.6 182.5 404.6 210.8
000319,0.6 14 157.9 50.1 223.8 184.8 1.0 14 158.7 51.4 225.6 222.3 1.0 12 35.0 83.9 307.7 291.4 0.6 9 315.2 187.0 370.2 250.7
000324,0.9 11 29.0 102.9 357.9 249.5
000326,0.8 19 307.9 217.0 412.6 374.7 0.8 2 187.0 98.6 292.2 232.1
000327,0.5 8 38.9 56.5 72.5 87.0 0.5 4 70.6 190.1 108.8 249.6 1.0 10 1.2 86.2 497.6 375.1 0.9 8 204.1 32.6 283.9 92.1 0.8 8 397.5 60.1 475.3 135.5 1.0 4 303.8 29.1 331.1 124.6
000330,1.0 14 186.8 46.2 301.8 205.6 0.9 12 86.7 111.2 338.7 334.4 0.9 12 80.9 50.3 373.3 334.5 0.8 12 178.2 51.4 374.6 226.4
000333,0.6 18 180.1 57.2 365.8 268.9 0.9 18 0.8 39.4 368.5 270.8 0.8 18 178.2 94.9 348.6 267.9
000335,0.0 0 0.0 0.0 10.0 10.0
000339,1.0 14 366.1 174.6 500.0 376.4 0.8 14 417.1 174.4 499.3 375.8 0.8 17 1.1 1.1 231.8 232.1 1.0 14 8.0 107.8 188.5 374.4 1.0 14 207.3 180.3 321.9 372.8 0.8 14 339.6 90.5 471.7 315.7 0.6 14 340.5 89.9 470.4 311.8 0.7 14 341.6 88.8 471.5 363.4
000341,1.0 6 383.2 202.0 499.2 297.8 0.9 14 427.7 156.4 441.8 190.8 1.0 6 47.6 150.0 176.8 215.4 1.0 6 0.2 204.1 102.3 337.8 1.0 6 189.1 140.2 309.0 222.4 0.9 5 311.4 112.4 397.0 201.9 1.0 14 412.1 153.6 429.4 191.7
000342,0.8 7 111.7 7.3 329.8 103.6 0.8 14 114.3 129.8 311.2 320.5 0.9 19 0.3 97.9 382.4 341.8 0.8 14 115.3 132.1 253.2 315.4
000345,0.5 9 214.6 153.5 275.7 194.6 0.5 9 264.4 96.2 495.3 256.3 0.8 9 260.5 125.2 488.2 254.9
000346,0.9 4 128.3 108.5 229.1 340.1 0.6 4 43.6 240.2 125.2 346.2 1.0 14 192.5 78.5 497.0 376.0 0.8 14 231.7 79.7 495.9 375.3
000348,0.7 13 266.0 190.8 384.1 291.3 1.0 13 100.8 146.3 256.8 305.5 1.0 14 213.3 106.3 292.4 316.9 0.9 14 313.9 128.5 331.9 176.1 0.8 13 101.6 144.4 378.9 305.2 0.9 14 274.0 111.3 330.6 264.7 1.0 14 272.0 110.6 330.9 313.1
000350,1.0 3 98.7 148.4 251.6 189.4
000351,0.0 0 0.0 0.0 10.0 10.0
000353,0.9 13 40.0 46.1 98.2 78.9 0.6 13 145.4 55.0 199.6 93.5 0.6 13 70.2 102.0 442.1 351.3 0.6 13 109.1 49.1 180.4 89.8 0.6 13 106.8 44.9 160.6 87.0 1.0 13 69.9 26.9 441.8 351.9
000356,1.0 14 88.8 115.5 252.2 324.0 1.0 12 140.4 165.5 226.4 479.5
000357,0.9 7 57.8 2.0 498.9 356.4
000358,1.0 14 24.1 29.7 108.4 289.8 1.0 6 94.6 90.8 387.8 291.4
000360,0.6 16 161.8 41.3 310.4 372.7 0.5 16 211.1 5.3 422.8 64.5 0.6 16 0.4 64.6 200.5 374.2 0.5 16 277.7 62.7 499.4 374.3
000361,1.0 6 470.3 120.1 499.8 145.7 0.8 8 221.2 72.3 282.8 169.1 1.0 6 218.8 188.9 285.4 231.7
000362,1.0 11 165.4 29.0 288.6 266.7
000364,1.0 14 366.5 1.6 457.5 119.0 0.6 13 53.3 81.5 455.7 313.1 1.0 13 316.4 47.2 492.3 162.3 0.9 13 158.8 128.4 457.0 314.0
000365,0.7 7 94.3 135.3 227.2 320.8 0.9 7 94.8 132.0 336.5 380.6 0.9 7 111.3 132.3 288.9 378.1 0.9 7 122.5 132.0 364.1 455.4
000366,0.8 19 88.0 47.9 228.7 190.4 1.0 8 253.7 257.3 343.5 429.9 0.9 19 88.8 47.5 295.6 212.2 1.0 8 9.0 187.0 109.4 413.3 0.9 10 83.4 170.1 264.8 447.5
000368,1.0 14 48.7 23.0 272.9 483.4
000369,1.0 14 320.7 87.0 499.4 355.6 0.6 4 310.6 252.5 358.8 375.3 1.0 4 177.5 258.8 213.1 375.1 0.7 14 121.6 85.0 367.5 281.2 0.9 14 1.4 90.8 172.9 375.1 0.9 14 0.8 89.7 144.2 374.1 1.0 10 18.8 240.3 461.2 375.9 0.9 4 312.3 252.9 342.6 320.7 0.9 14 235.9 87.7 498.7 365.8
000371,0.5 14 150.7 156.6 237.2 281.6 0.6 3 312.3 78.0 409.2 243.4 0.6 3 246.6 179.9 344.1 243.8 0.7 3 316.7 201.3 407.2 245.0 0.8 3 243.0 179.7 405.7 244.4
000375,0.9 14 247.6 167.5 267.9 192.1 0.8 3 5.8 0.7 486.4 327.5
000376,0.8 16 228.4 149.4 266.1 178.0
000377,0.8 14 113.7 122.8 132.6 154.3 1.0 14 386.1 80.6 490.5 251.7 1.0 14 28.4 85.9 120.5 238.9 0.7 8 380.0 235.5 477.3 375.0 1.0 14 287.2 101.9 352.9 241.5 1.0 14 342.5 93.0 406.2 283.4 1.0 14 187.8 94.1 269.7 234.7 1.0 14 117.0 77.7 199.3 222.5 0.9 8 379.5 263.2 499.0 375.2 1.0 14 124.1 162.1 216.2 252.2 1.0 10 -0.2 231.0 382.2 376.7 1.0 14 210.1 154.2 312.7 253.5
000378,0.8 14 79.7 1.8 157.7 214.0 1.0 14 48.0 2.7 158.2 214.3 1.0 12 46.9 59.1 211.3 318.2
000383,0.9 2 66.0 37.1 398.2 375.4
000384,1.0 8 38.8 121.4 174.5 269.0 1.0 17 171.1 26.7 454.1 294.7
000385,0.6 8 0.4 238.4 112.0 376.1 0.6 19 94.5 44.2 186.0 154.3 1.0 8 161.9 194.8 282.0 374.8 0.9 8 372.0 171.1 498.3 374.9 0.5 8 374.2 200.7 498.9 375.7 0.7 17 373.5 171.1 499.0 372.4 0.7 8 236.7 196.5 349.5 375.1 0.6 8 1.0 296.7 113.7 374.9 0.5 10 160.9 281.8 347.0 375.4 0.7 15 81.1 118.0 134.3 173.8 0.8 10 168.0 188.2 347.2 374.0 0.5 8 200.7 195.1 282.7 375.1
000386,1.0 14 64.2 130.4 175.1 374.6 0.9 9 141.7 166.1 203.6 236.9 0.8 9 287.0 159.2 432.1 269.9
000388,0.8 4 212.3 417.0 279.6 500.3 1.0 14 0.7 121.9 174.9 501.0 1.0 14 164.8 6.3 331.9 499.0
000389,0.8 15 80.4 182.0 120.0 257.8
000390,1.0 6 5.7 58.4 492.0 406.9
000392,1.0 14 389.5 162.6 412.6 184.7 0.9 12 263.3 129.3 359.6 227.4 0.9 12 191.9 160.7 295.2 305.9 1.0 14 191.0 55.1 285.3 203.1 0.9 12 98.8 99.1 217.9 221.2 1.0 14 77.3 114.0 103.9 152.1
000393,1.0 14 239.9 60.0 308.0 219.2 1.0 12 165.7 106.0 424.4 300.1
000397,0.6 8 1.1 381.8 98.8 500.3 0.9 15 0.8 126.5 39.7 253.5 0.9 15 36.2 193.6 63.8 245.3 0.8 15 0.8 154.7 33.9 250.9 0.7 8 302.6 192.6 335.9 270.8 0.7 15 293.7 172.1 316.0 204.7 0.9 19 145.0 208.1 209.7 300.5 0.7 10 0.8 300.8 171.2 459.5 0.7 8 268.8 192.7 300.4 273.7 0.6 8 272.8 272.7 375.0 373.5
000398,0.0 0 0.0 0.0 10.0 10.0
000399,1.0 1 17.3 13.0 482.4 295.3
000401,1.0 7 1.5 99.5 198.4 255.3 1.0 7 208.3 158.1 482.5 375.4
000402,1.0 6 0.4 160.5 123.0 223.2 1.0 6 7.8 180.1 391.3 322.1
000405,1.0 14 20.5 35.4 291.3 493.4 0.7 11 16.7 287.7 310.5 489.1
000409,0.8 14 74.4 27.2 330.3 495.3
000410,0.9 14 241.5 262.5 275.8 336.9 1.0 14 269.7 225.4 308.1 318.5 1.0 14 19.0 191.2 56.0 344.9 0.7 12 132.7 227.8 254.2 324.2 0.6 12 146.2 229.2 254.2 323.9
000412,0.6 9 53.9 100.2 393.7 332.0
000413,0.5 14 26.8 296.2 62.3 375.2 1.0 14 29.0 310.4 71.7 375.1 0.8 14 127.7 306.7 203.0 375.3 1.0 14 138.2 153.7 232.4 295.4 1.0 14 61.4 286.7 129.5 374.8 0.5 14 27.9 292.4 52.9 332.1 0.7 14 139.9 154.0 264.0 350.5 0.9 14 249.9 266.2 474.9 374.9 0.6 14 225.1 4.0 497.0 372.9
000414,1.0 19 67.2 56.6 259.5 233.4 1.0 14 134.0 105.8 210.4 187.4
000415,1.0 6 12.0 106.4 487.5 280.2
000418,0.9 6 340.4 261.8 458.1 354.5 0.9 14 34.8 242.8 47.8 276.8 0.6 0 0.9 37.3 497.5 374.4 0.8 0 33.7 36.3 459.2 372.7
000421,0.6 10 -0.5 196.5 295.8 375.8 1.0 19 2.2 48.2 190.9 223.1 1.0 14 293.5 17.2 498.8 373.3
000422,0.9 14 5.3 0.5 95.4 325.9 1.0 11 14.5 15.9 284.8 376.3 0.8 14 271.7 76.0 499.6 446.1
000423,0.6 8 316.4 160.4 349.8 223.1 0.8 14 481.3 46.3 500.1 231.1 0.5 8 440.8 90.4 493.9 194.8 1.0 14 50.5 80.7 120.5 267.5 1.0 14 368.3 93.5 495.5 312.3 0.9 8 247.2 166.3 284.3 215.9
000425,1.0 6 3.4 2.4 495.5 332.3 0.8 6 160.7 128.2 500.1 333.7
000426,1.0 2 163.5 181.6 267.4 260.2
000429,0.5 8 0.4 275.1 129.9 375.3 0.9 8 372.8 216.3 492.3 374.8 0.7 14 0.8 252.6 32.1 285.4 0.6 10 22.0 267.8 137.9 362.6 0.5 8 198.6 192.5 340.6 272.6 0.9 17 88.1 203.9 327.5 333.0 0.9 15 33.6 254.1 75.9 302.7
000432,0.9 16 220.3 201.0 273.0 237.9 0.9 16 317.8 200.5 375.3 238.9
000434,1.0 14 188.3 46.3 286.6 214.7 0.6 14 53.7 128.1 104.5 364.0 1.0 12 90.4 75.0 413.8 335.1
000436,0.9 2 29.3 55.4 76.6 101.5 1.0 2 35.5 118.9 351.6 253.3
000437,0.8 14 119.1 143.7 139.9 215.6 1.0 14 95.5 141.9 130.5 218.9 1.0 14 324.0 96.7 376.1 230.3
000440,1.0 6 41.5 83.5 458.9 301.5
000441,1.0 18 151.6 103.2 313.5 244.5
000442,1.0 7 32.5 2.1 496.9 374.9
000444,0.0 0 0.0 0.0 10.0 10.0
000445,1.0 12 131.9 69.8 312.1 258.7 0.6 12 1.4 104.8 127.9 272.3 1.0 14 44.2 53.2 104.0 145.0 0.8 14 386.4 69.1 419.9 115.7 0.8 14 332.0 72.3 399.5 175.2 0.8 14 333.8 70.9 421.4 162.8 1.0 12 2.0 75.3 172.7 248.5 1.0 14 186.9 48.3 267.0 157.2 0.7 14 47.0 45.5 133.5 142.5 0.7 12 1.0 75.3 147.4 274.1 0.9 14 93.7 45.7 133.9 101.1 1.0 14 131.4 43.5 185.5 104.1 1.0 12 260.7 86.4 471.7 259.3 0.8 14 334.4 71.5 398.8 138.2
000447,0.9 14 185.7 41.0 372.1 185.3 1.0 4 226.4 155.6 278.2 319.4
000449,1.0 14 219.7 116.2 306.0 206.9 1.0 14 292.9 142.3 342.5 199.4 1.0 14 416.9 59.7 479.2 193.0 1.0 14 129.8 93.7 196.5 208.2
000451,0.6 16 9.8 33.9 230.3 332.2 0.8 16 1.0 13.4 459.7 331.6 0.7 16 233.7 15.5 460.0 268.3
000452,0.7 7 211.9 136.7 290.7 220.7 0.8 7 127.1 102.6 292.5 224.9 0.6 8 32.1 103.4 293.5 341.0 0.8 17 18.2 102.6 295.2 340.4
000453,1.0 6 6.1 122.2 485.1 294.7 1.0 14 258.7 141.1 299.4 180.6
000455,1.0 14 212.1 34.0 302.6 213.4 1.0 12 136.3 76.7 496.8 309.8
000456,0.9 14 129.6 119.0 179.1 161.5 0.7 5 89.6 40.2 429.4 305.0
000457,0.9 14 1.2 100.2 266.1 425.2 0.9 14 0.4 98.7 298.1 495.4 0.6 11 59.6 282.8 288.9 500.6
000458,0.9 14 44.9 1.3 126.7 232.2 0.7 8 353.1 3.0 418.1 74.9 0.6 14 5.6 62.3 56.9 205.5 0.7 14 0.6 -0.3 121.6 233.1 0.7 11 197.4 39.5 394.9 336.1
000465,0.9 14 7.3 156.1 26.2 178.1 0.9 14 65.1 142.7 88.4 167.3 1.0 6 1.7 133.9 498.3 317.0 1.0 14 38.7 152.8 57.2 175.5 0.7 14 25.6 152.8 42.1 175.4
000466,0.5 2 238.8 100.7 345.2 246.2 0.6 14 424.6 166.3 462.8 238.5
000467,1.0 13 86.8 141.6 171.3 263.3 0.9 13 362.8 120.3 471.5 177.4 0.9 13 292.0 138.3 356.9 205.0 0.5 14 400.1 86.2 456.8 148.5 0.9 14 409.4 73.4 448.6 134.7 1.0 14 183.6 81.7 281.8 210.5 0.6 13 367.2 92.0 465.1 179.0 1.0 14 87.7 81.0 178.3 234.3 0.9 13 180.1 105.5 286.6 229.7 1.0 14 292.5 83.4 365.3 190.3 0.6 14 396.7 84.6 458.4 170.1
000471,1.0 6 34.2 71.7 463.7 329.4
000472,1.0 2 1.0 49.2 440.7 374.1
000473,0.9 0 422.5 119.4 462.1 150.0
000475,0.9 16 330.7 88.8 364.3 132.7 0.7 16 0.8 102.0 24.2 161.2 0.9 16 211.6 152.4 346.3 255.8 0.8 16 368.0 82.1 399.8 132.3
000478,0.9 11 241.4 95.0 451.6 244.4
000479,1.0 14 28.6 2.9 371.2 499.6 0.9 14 150.8 2.9 373.4 498.6
000481,0.0 0 0.0 0.0 10.0 10.0
000485,0.8 13 92.0 152.5 181.2 243.3 1.0 14 14.1 112.1 471.8 333.3 0.6 13 263.0 89.6 440.8 249.4 0.8 13 201.7 89.0 441.8 251.3 0.8 13 197.4 88.5 444.1 333.0
000487,0.8 19 355.6 67.7 415.7 246.3 1.0 8 255.3 151.4 299.3 231.5 1.0 8 27.5 251.3 186.6 376.0 0.9 15 157.8 182.0 190.4 227.8 0.6 8 342.6 248.9 479.9 377.1
000488,1.0 6 37.9 102.3 480.2 323.3
000490,0.7 14 127.5 73.2 251.1 317.3 0.6 14 310.3 117.3 498.7 333.1 0.8 14 302.9 188.4 389.7 297.7 0.7 14 103.0 79.9 184.0 275.2 0.8 14 136.4 72.6 250.5 276.3 0.8 8 0.3 177.8 120.9 301.6 1.0 14 102.9 78.9 183.9 240.9 1.0 14 116.5 118.2 496.6 333.0 0.9 14 249.7 189.2 338.8 276.3
000493,1.0 14 347.8 22.9 471.5 340.0 1.0 14 132.8 81.0 223.7 341.3 1.0 14 25.1 64.2 156.3 341.5 1.0 14 290.4 37.1 400.6 340.1 1.0 14 209.4 73.2 307.3 316.2
000495,0.7 2 102.7 13.0 455.2 252.6 1.0 2 101.8 14.2 476.0 322.0
000497,0.8 13 5.9 227.5 235.4 476.2 0.6 14 284.9 124.7 309.4 197.0 1.0 14 401.7 237.9 423.4 305.0 1.0 14 339.1 181.0 398.6 328.3 0.9 14 440.4 219.7 472.3 300.3 0.8 13 5.4 203.0 235.9 475.4 0.7 14 445.7 221.2 475.5 299.5 0.6 14 440.2 219.7 466.2 257.4 1.0 14 177.8 172.3 296.2 465.4 1.0 13 241.4 244.0 421.9 449.5 0.9 14 340.6 180.9 392.4 247.8
000502,1.0 14 0.7 1.2 497.4 358.3
000504,1.0 14 34.2 35.5 76.1 174.4 1.0 14 0.9 42.1 32.3 165.7 0.8 9 340.3 98.2 500.7 409.9
000505,1.0 6 158.0 158.2 376.8 292.8 0.7 6 0.3 45.4 142.6 225.7 1.0 6 192.4 57.7 404.6 209.3
000506,0.9 11 87.5 296.6 206.8 473.7 0.6 14 0.7 134.8 102.7 439.0 0.9 14 61.6 2.7 324.4 499.4 0.7 14 76.3 2.9 373.7 499.1
000507,0.8 14 15.9 132.6 44.8 179.8 1.0 14 286.2 197.8 399.7 283.3 0.9 14 0.8 217.3 20.8 286.6 0.9 14 162.1 169.6 199.6 216.7 0.9 6 1.6 185.7 285.5 374.6 1.0 14 12.5 131.3 44.8 197.1 1.0 14 186.7 53.1 269.8 214.8 1.0 14 297.7 91.0 345.4 216.4 1.0 14 117.1 154.1 162.8 222.2 1.0 14 73.9 161.1 121.8 257.0 0.8 14 23.1 170.3 72.1 226.4 0.9 14 260.4 158.3 322.8 228.2 0.7 14 188.2 54.1 276.4 274.5 1.0 14 73.9 104.7 121.0 187.2 1.0 14 16.0 172.6 66.6 268.4 0.9 6 1.9 153.7 498.0 376.2 0.9 14 1.6 139.1 26.9 194.2 0.6 6 1.0 187.8 497.2 375.9 0.9 14 262.0 158.2 304.9 213.7
000510,0.6 8 40.2 244.3 81.5 371.1 1.0 8 49.2 252.5 158.9 375.2 0.6 8 266.4 240.8 352.6 330.7 0.8 8 132.6 237.8 175.9 330.3 1.0 8 149.7 268.2 248.5 375.1 0.9 8 39.9 245.3 125.0 370.6 0.7 8 220.5 236.7 281.0 365.9 0.8 15 180.8 225.3 241.1 271.8 0.6 8 139.2 236.7 178.3 270.2 1.0 10 107.4 261.1 324.1 375.1 0.6 10 218.7 263.0 321.4 375.0 1.0 8 257.8 261.7 375.1 374.9
000511,0.9 18 103.4 142.1 283.3 226.8
000512,0.9 5 13.4 80.5 416.6 358.6
000517,1.0 11 188.8 115.2 345.7 269.5 0.9 11 20.4 240.3 152.2 376.1 1.0 14 184.9 36.7 358.7 375.0
000521,0.6 2 248.3 124.1 329.1 252.5
000527,0.5 14 208.7 141.3 233.8 181.8 0.9 14 383.9 157.6 428.3 245.7 1.0 14 56.7 84.3 79.3 148.3 0.7 1 352.1 163.5 428.2 225.0 1.0 1 362.3 185.9 448.1 262.0 0.8 14 209.0 140.9 232.7 166.7 0.9 1 230.1 197.9 319.9 264.8 0.9 1 140.4 204.1 259.4 297.7 0.9 14 125.9 123.2 148.0 150.2 1.0 14 155.3 164.2 219.3 275.4 0.9 1 139.0 205.5 260.2 298.9 0.8 14 444.7 144.8 460.1 179.5 0.7 14 109.5 130.7 129.2 156.9 0.7 1 214.4 197.8 318.9 272.6 1.0 14 231.2 154.3 289.8 253.3 0.9 14 361.2 139.7 426.3 239.5 0.5 1 331.1 158.0 348.2 189.8 0.9 14 341.6 136.7 357.4 185.0
000529,0.0 0 0.0 0.0 10.0 10.0
000532,1.0 14 183.9 93.1 354.7 307.7 0.9 13 194.0 119.2 428.7 332.3 0.7 14 262.7 57.6 383.8 205.0 0.8 13 192.4 123.3 366.1 331.3
000533,0.8 7 341.8 65.5 392.7 111.7 0.9 7 99.7 65.4 153.5 105.6 0.9 17 0.8 6.0 497.2 148.5
000534,0.7 14 316.2 225.1 448.7 499.8 0.5 14 1.4 15.8 348.8 501.2 1.0 14 0.3 13.9 460.9 500.0 0.5 14 2.2 120.3 458.9 500.6
000536,1.0 14 475.1 209.2 497.5 286.3 1.0 5 4.7 88.5 483.3 331.0
000538,0.9 8 8.8 175.3 72.9 267.3 1.0 14 68.4 128.9 108.1 276.2 0.6 14 4.2 138.6 46.0 227.6 0.6 14 379.2 183.4 396.3 216.4 1.0 14 3.6 138.1 48.3 268.1 0.7 8 25.0 176.6 73.7 267.3 0.9 14 77.3 128.4 112.1 203.9 0.9 5 308.6 158.8 412.3 242.1
000539,0.6 14 20.8 103.0 350.9 343.3 0.9 14 21.9 103.3 240.2 336.2 1.0 14 20.9 102.7 241.3 375.5
000542,1.0 7 0.1 0.4 498.3 361.9
000546,0.6 8 167.0 232.5 306.3 372.6 0.6 7 -0.1 138.5 292.7 375.2 0.7 14 289.5 56.2 483.0 270.9 1.0 14 286.2 55.4 482.5 364.0
000547,0.7 8 165.8 274.9 219.9 349.9 0.8 14 74.3 41.9 104.1 106.3 1.0 14 0.7 392.3 44.5 457.0 0.7 8 255.3 388.5 305.1 492.7 1.0 8 156.8 379.7 211.7 499.1 0.9 8 7.2 417.3 69.5 500.3 0.9 14 147.8 160.8 181.3 246.5 0.7 14 2.3 173.5 36.8 239.3 1.0 14 258.0 233.0 293.2 290.2 0.9 8 210.1 394.7 264.8 499.7 0.8 15 263.0 93.6 321.5 203.2 1.0 14 90.2 154.3 120.1 247.9 1.0 14 28.1 361.0 57.8 422.6 1.0 14 34.7 312.7 71.7 410.6 0.7 8 233.7 295.1 283.9 358.2 0.8 14 37.7 314.1 71.9 376.0 0.5 14 0.6 395.5 45.6 500.0 0.9 14 2.5 173.7 34.8 212.5 0.6 8 164.2 255.9 219.8 354.9 0.7 8 312.9 305.1 363.6 382.4 0.7 10 165.3 356.6 372.9 499.1 0.6 10 171.2 253.5 265.2 315.2 0.9 10 177.1 360.7 286.5 446.6 1.0 14 199.1 219.5 239.1 256.9 0.9 10 161.3 363.6 285.3 494.5
000548,1.0 6 11.6 178.7 455.5 319.4
000551,0.8 7 1.2 163.3 311.4 378.7
000553,0.6 13 33.9 58.3 426.1 357.0 0.9 13 43.1 58.9 427.6 354.3
000556,1.0 18 77.9 98.3 355.8 303.1
000557,0.7 2 140.6 234.3 244.8 348.4 1.0 2 48.6 136.9 162.8 215.7 0.8 2 210.9 106.8 310.1 205.2 0.6 2 272.9 -0.1 499.6 305.4
000558,1.0 3 167.6 112.3 231.7 209.1 1.0 3 114.7 138.8 162.8 206.3
000560,1.0 0 58.6 322.2 205.7 390.7
000561,0.9 2 33.8 124.0 143.7 322.5 1.0 2 35.2 24.4 175.0 322.1 0.6 2 145.3 163.9 313.3 351.9 0.9 2 146.1 165.3 311.7 414.9 0.8 2 146.6 257.4 302.6 424.6
000562,0.8 14 381.1 199.2 395.2 228.9 1.0 14 194.3 132.9 268.9 292.8 1.0 1 189.2 193.1 261.4 312.3
000566,1.0 14 19.1 29.8 316.0 333.4
000567,0.9 1 162.7 152.7 297.9 376.1 1.0 14 146.1 63.5 316.8 373.6 1.0 1 180.9 236.4 296.0 375.7
000568,1.0 2 92.1 52.5 379.0 264.9
000569,0.9 2 39.8 39.2 413.6 327.8
000570,1.0 13 139.9 105.6 469.5 328.5 1.0 14 270.1 43.7 404.6 266.4
000571,0.6 1 3.0 2.0 480.8 461.7 1.0 19 175.7 191.8 275.1 295.5
000572,1.0 1 1.1 138.8 231.0 332.0
000573,0.9 4 335.4 230.4 371.8 327.9 0.5 14 367.2 10.2 402.8 104.3 0.8 4 189.0 259.0 218.8 324.1 0.8 15 0.8 1.1 390.7 327.6 0.7 10 2.2 215.6 495.7 375.8 0.9 8 4.0 62.6 135.5 214.8 0.6 4 243.7 235.2 273.8 319.1
000574,0.9 16 162.6 211.4 354.4 349.3
000575,0.9 15 8.8 4.0 90.2 183.7 0.5 17 15.3 90.9 295.4 274.7 1.0 15 206.6 17.9 287.7 158.6 0.9 15 12.1 6.1 90.9 102.5 0.6 17 20.1 89.0 302.8 370.1 0.8 17 17.8 92.6 275.4 274.5 0.8 7 118.4 325.5 226.6 486.5
000576,0.9 3 257.7 110.1 470.5 306.1 0.9 3 257.3 110.0 471.2 305.6
000578,0.5 14 73.0 5.4 191.8 329.2 0.8 14 0.6 1.2 111.8 420.5 0.7 14 1.0 3.3 268.3 446.7 0.7 14 67.3 5.9 281.9 439.0 0.8 14 167.9 52.5 248.0 363.0 0.9 14 1.3 3.2 314.6 500.2 0.5 14 167.9 6.0 303.1 416.2 0.8 14 167.8 7.5 319.9 458.5 0.9 8 265.2 150.7 375.3 328.2 0.6 14 169.4 5.3 278.2 349.7
000580,1.0 6 270.1 142.4 395.0 220.0
000584,0.6 17 354.4 215.2 499.1 375.9 0.7 1 42.2 77.6 370.3 376.4 1.0 1 44.7 73.2 373.9 340.3
000585,0.6 6 1.1 2.0 104.6 82.9 1.0 14 461.0 0.7 488.5 54.5 0.8 6 1.4 3.0 178.6 82.8 1.0 6 1.3 5.3 488.6 320.0
000586,1.0 14 109.3 335.6 140.4 453.8 1.0 6 165.9 339.0 203.1 394.5 1.0 6 174.2 341.1 294.0 443.3
000587,1.0 4 362.8 254.0 426.2 374.9 0.6 14 200.3 155.5 321.2 270.0 0.5 14 97.7 151.5 208.6 256.2 1.0 14 1.2 153.9 209.6 375.8 1.0 10 175.0 246.8 495.4 376.0 1.0 14 197.2 166.2 263.2 271.3 1.0 14 282.7 115.9 443.1 256.0 1.0 14 247.1 154.5 323.2 267.0
000593,1.0 6 76.6 73.2 379.2 260.6 1.0 6 27.9 118.4 79.7 154.7 1.0 6 255.2 61.9 499.7 229.0
000594,0.8 1 5.4 122.0 431.0 322.6 0.9 1 6.1 122.0 430.3 322.7 0.8 14 191.7 64.8 383.1 320.1 1.0 14 198.8 64.7 484.4 320.5
000595,0.6 8 276.5 224.8 495.2 376.5 0.7 8 300.7 150.8 350.6 227.6 1.0 8 147.2 180.0 230.9 366.4 0.6 8 300.0 150.5 350.3 198.4 0.9 8 43.0 175.9 164.9 293.9 0.9 10 36.4 145.1 223.9 261.4 0.9 8 141.9 178.1 185.5 319.4 1.0 10 175.0 169.3 483.2 374.5 0.8 8 163.5 149.6 216.8 185.9 0.6 10 178.2 167.8 480.9 314.0 0.6 8 197.1 207.6 279.5 373.9 0.8 8 368.7 165.9 436.0 222.9 1.0 8 198.5 208.1 344.6 374.9
000596,0.8 16 118.2 292.8 137.9 313.6 0.8 16 72.5 291.0 108.9 315.7
000600,0.8 2 184.1 180.5 292.3 299.2
000602,0.5 13 30.0 139.8 325.4 325.3 0.5 13 28.9 88.1 347.6 323.7 0.9 13 29.0 89.0 347.8 323.6 0.6 13 29.2 87.9 490.0 330.8 0.8 14 280.4 111.0 441.2 333.3 1.0 14 278.9 110.7 498.5 333.2
000603,0.9 8 415.3 152.4 499.1 331.6 0.7 15 136.7 278.9 245.2 349.4 0.9 8 9.5 149.4 65.4 307.4 1.0 17 47.1 154.8 416.6 343.9 0.6 17 110.3 154.4 414.8 346.0
000604,1.0 14 99.7 164.1 219.5 392.4 1.0 12 17.2 224.7 280.4 443.7
000606,1.0 14 175.3 69.4 208.3 115.4 0.7 8 340.5 157.3 411.6 266.6 1.0 4 419.8 207.0 453.3 295.8 1.0 14 149.4 103.1 274.1 238.3 1.0 14 21.2 101.4 214.1 376.0 0.9 10 148.2 207.3 497.5 375.5 1.0 14 350.6 70.1 499.2 274.2
000607,1.0 14 239.4 99.6 258.0 126.1 1.0 14 176.5 117.1 271.1 284.5 0.9 6 0.5 152.8 66.5 303.9 0.6 6 161.6 117.9 422.8 189.3 1.0 14 104.1 64.6 135.6 123.0 1.0 14 74.9 71.9 95.4 120.0 0.8 14 103.8 70.6 127.3 121.9 0.7 6 177.8 121.1 419.4 176.1 1.0 6 235.8 144.8 451.1 303.8
000611,1.0 4 116.5 71.1 180.5 296.3 0.9 11 205.7 1.3 500.2 292.2
000614,1.0 1 135.8 96.8 460.2 308.2
000615,0.9 8 137.2 144.0 279.0 283.6 0.9 14 319.5 37.6 473.4 194.2 1.0 14 12.3 24.0 155.6 299.0 0.5 14 150.1 61.8 214.1 128.0 0.9 14 321.0 37.9 473.4 273.1 0.5 19 1.1 277.5 282.1 375.6 0.9 8 260.4 155.7 334.7 331.3 0.7 14 327.9 35.8 471.9 375.1
000616,0.9 11 31.6 106.7 328.9 409.2 1.0 14 356.7 151.6 453.8 414.0
000617,0.7 8 118.1 28.9 238.8 91.4 0.9 14 409.5 0.1 500.2 253.1 0.7 14 385.6 0.9 499.5 148.5 0.7 14 0.5 2.2 57.6 292.1 0.6 14 69.5 -0.3 138.6 131.3 1.0 10 1.3 76.5 497.8 376.3 1.0 4 438.9 256.4 497.9 354.5 0.9 14 369.1 0.5 500.0 200.6
000618,0.6 0 1.3 35.4 145.5 194.7
000621,0.6 19 1.3 -0.4 144.3 158.2 0.9 8 338.2 166.4 454.0 374.4 0.6 8 418.5 148.9 499.0 349.6 0.9 8 403.4 149.8 499.1 351.1 1.0 14 144.3 51.3 246.4 355.8 1.0 14 270.7 162.6 340.4 308.3 0.6 8 331.0 164.7 453.0 374.4
000623,1.0 14 154.4 25.1 196.9 119.6 1.0 12 110.9 49.2 223.6 200.5
000624,1.0 14 318.3 65.8 340.6 94.2 1.0 14 0.9 173.3 75.8 280.0 1.0 14 1.0 57.0 82.1 227.7 1.0 14 465.1 62.5 500.0 170.0 1.0 14 430.7 74.3 457.7 144.9 0.8 14 0.9 56.4 63.7 176.1 0.6 14 396.7 67.0 421.8 134.8 0.6 14 389.4 65.0 418.6 135.2 0.7 14 457.8 78.1 475.3 147.9 1.0 6 52.1 59.0 499.1 316.8 1.0 14 385.8 67.3 420.0 134.9 0.6 14 6.0 67.7 29.0 93.7 0.9 14 339.1 75.0 359.3 107.5 0.9 14 388.2 61.9 408.5 87.3
000627,0.8 9 52.0 103.4 319.1 312.6
000629,0.0 0 0.0 0.0 10.0 10.0
000630,0.9 13 186.5 162.2 483.8 376.7 0.7 13 248.0 257.3 479.3 374.5 1.0 14 288.6 158.7 409.1 303.8 0.5 13 250.9 165.2 483.9 376.9 0.7 14 286.2 159.5 409.8 351.6
000631,0.7 3 65.6 348.3 142.8 374.6 0.6 3 270.3 305.1 415.3 340.0 0.9 3 72.1 69.3 254.3 334.5 1.0 3 200.6 16.4 426.3 337.7
000634,1.0 14 149.5 197.6 184.0 290.6 0.5 6 274.6 158.2 412.7 228.3 1.0 14 212.2 156.4 227.8 186.2 1.0 6 233.7 157.6 413.6 229.2
000636,0.7 18 78.1 93.5 335.0 289.5 0.9 14 47.6 153.5 62.2 191.9
000638,0.9 7 0.3 0.1 280.6 329.2 0.9 7 0.1 -0.9 356.4 326.5 0.7 14 54.7 223.2 320.0 497.5
000639,0.0 0 0.0 0.0 10.0 10.0
000640,0.8 1 3.1 1.8 482.3 374.2 0.9 1 1.4 15.0 483.0 375.9 0.6 1 1.6 54.4 483.9 374.8 0.7 1 2.7 135.8 485.1 376.0
000641,0.9 14 161.3 128.2 283.5 295.3 0.6 8 131.2 35.1 304.8 274.2 0.9 14 141.6 127.5 285.2 296.8 0.8 14 332.8 28.9 472.2 202.9
000642,1.0 14 66.2 12.3 449.1 375.4
000643,1.0 14 147.5 110.3 249.5 375.9 0.7 13 118.4 235.8 262.3 375.7 1.0 14 241.1 156.7 341.4 374.9
000644,0.8 14 263.4 116.9 329.1 209.2 0.9 19 187.0 92.7 346.5 217.2 1.0 14 213.8 114.7 286.7 209.0 0.8 19 183.6 54.5 355.7 290.1 0.9 19 183.4 56.6 351.5 221.4 0.8 14 214.0 113.7 326.7 210.3
000646,1.0 6 398.8 46.1 500.1 238.1 1.0 6 0.7 39.6 76.8 231.8 0.9 6 57.6 38.9 446.9 358.2 1.0 6 267.6 27.7 403.9 92.4
000649,1.0 14 338.1 170.0 369.2 205.9 1.0 6 16.2 200.6 249.4 340.3 0.8 6 213.8 207.7 249.0 248.2
000650,0.6 2 372.3 188.8 412.4 305.6 0.7 15 108.1 211.4 307.5 374.2 0.7 15 36.8 97.7 148.3 254.7 0.6 15 3.9 1.5 289.7 250.6 0.6 15 0.5 2.5 60.2 254.6 0.7 15 13.8 32.3 140.3 252.5 0.5 15 39.2 1.5 410.2 374.6
000651,0.8 7 90.5 24.4 245.1 243.3 0.9 7 90.3 22.7 315.6 375.0 0.9 7 92.1 2.5 496.3 375.0 0.9 7 268.2 2.9 498.4 374.7 0.7 7 158.9 2.5 495.6 374.7
000652,0.5 8 59.7 130.0 266.5 374.7 0.6 14 88.5 65.1 254.7 295.2 1.0 8 54.6 191.0 269.4 374.9 1.0 14 29.5 64.6 248.6 357.5 1.0 14 125.3 17.9 398.2 374.8
000655,1.0 13 107.8 118.2 430.4 312.6 1.0 14 215.5 84.0 365.2 295.2
000658,0.6 8 1.2 232.6 49.8 333.1 1.0 8 182.5 310.8 285.2 375.5 1.0 8 2.4 233.1 67.6 345.1
000659,1.0 19 102.0 35.2 334.2 242.1
000662,0.7 14 12.1 85.6 434.5 175.9 0.6 14 223.8 93.9 434.2 176.0 0.7 8 56.7 171.7 449.4 245.5 0.8 14 199.6 78.9 434.1 175.5
000664,0.5 14 49.6 2.0 498.3 374.9 1.0 14 50.2 2.0 326.1 374.9 0.7 14 48.6 2.0 409.7 375.1
000665,0.6 0 138.9 176.7 379.9 263.8
000666,0.9 14 483.1 150.9 500.1 237.9 1.0 12 64.3 113.2 306.3 314.9 1.0 14 30.5 152.8 90.8 332.9 0.8 5 37.7 67.5 497.6 214.4 1.0 14 288.7 176.6 381.4 323.1
000668,1.0 0 12.0 103.3 462.4 259.8
000669,0.8 6 275.8 207.0 315.7 230.9 1.0 6 407.0 205.6 499.6 330.4 1.0 6 297.8 199.5 407.9 244.8 0.7 15 102.4 1.2 248.5 238.3
000670,1.0 14 0.2 60.8 201.2 375.3 1.0 14 193.2 45.4 500.4 376.0
000673,0.6 7 1.3 61.4 487.2 327.1 0.7 7 2.0 62.7 244.2 332.0 0.9 7 2.7 1.3 490.2 331.5
000674,0.0 0 0.0 0.0 10.0 10.0
000678,0.8 18 128.7 148.4 272.1 221.2 0.7 18 16.0 148.1 272.8 219.8
000679,1.0 6 104.0 115.4 459.3 280.9
000681,1.0 2 131.7 131.0 244.3 223.5
000683,0.6 14 20.3 26.8 93.3 277.6 0.5 14 78.5 0.9 189.0 295.6 0.8 14 12.3 0.5 190.4 327.9 1.0 14 134.3 47.0 369.4 332.6 1.0 14 308.7 46.1 500.1 317.8
000687,1.0 6 304.4 56.8 494.3 178.9 1.0 14 60.9 16.6 97.5 115.7 0.9 6 186.0 40.7 226.9 63.8 0.9 6 366.1 34.9 493.3 83.4 0.9 6 27.6 40.9 67.0 68.0 1.0 14 154.2 20.9 178.9 73.0 1.0 14 98.1 14.7 143.5 67.0 0.8 6 19.0 61.5 481.8 307.5 0.9 14 196.7 38.2 291.2 129.0 1.0 6 176.8 72.3 481.9 308.5 1.0 6 281.8 34.9 329.5 73.6
000691,0.9 8 11.6 80.4 249.7 252.1 0.7 8 221.7 78.1 462.6 280.7 0.6 8 208.6 78.4 469.3 349.8
000692,0.6 11 243.1 198.3 458.0 334.6 0.6 14 0.5 -0.2 216.9 211.5 0.9 11 240.8 190.8 472.8 334.1 0.6 11 105.2 191.5 363.3 275.1 0.8 14 179.8 33.6 364.9 209.5 0.7 14 103.8 33.3 366.5 214.0 0.9 14 2.4 1.7 268.7 333.1 0.6 14 124.9 31.2 451.7 212.1 0.7 11 103.8 176.8 397.5 273.2 0.8 11 112.8 184.7 470.8 334.2
000693,1.0 14 263.0 147.1 285.9 205.9 1.0 14 219.9 154.6 264.1 281.7 1.0 14 280.2 139.7 325.4 208.1 0.9 14 279.2 141.2 324.0 273.5 1.0 14 13.5 145.3 46.4 288.6 1.0 6 137.5 176.6 177.6 245.3 1.0 14 321.0 138.4 366.7 186.3 0.8 14 261.6 147.1 286.9 272.8 1.0 14 105.6 160.7 145.8 295.8 1.0 14 62.5 148.7 107.7 291.8 1.0 6 164.4 182.0 238.5 241.3 0.9 6 36.5 169.9 173.9 248.8 1.0 6 294.0 176.0 499.1 288.9
000696,0.5 0 1.6 88.1 498.6 217.6 1.0 14 172.1 286.1 194.9 317.4 0.8 0 100.8 86.9 429.4 214.9 0.8 0 77.4 88.3 429.9 214.9 1.0 14 103.4 245.7 120.2 282.8 0.6 0 100.3 88.0 430.1 216.5 0.6 0 14.3 87.4 428.4 216.1 0.9 0 167.7 87.4 430.8 211.6
000697,1.0 1 140.3 210.6 224.5 355.9 1.0 14 140.1 138.4 224.4 309.6
000698,0.7 15 215.5 260.3 292.2 354.5 1.0 15 58.2 350.8 129.7 435.9 1.0 14 65.8 210.7 96.9 248.4 0.8 15 149.9 186.9 246.6 364.6 0.9 15 209.8 206.4 295.9 355.1
000701,0.0 0 0.0 0.0 10.0 10.0
000703,0.8 18 4.2 197.9 287.3 442.2
000704,0.7 11 53.7 233.2 120.8 336.9 0.5 12 13.6 80.8 134.5 256.0 0.6 12 88.4 91.2 240.0 335.6 0.9 14 349.5 20.9 438.8 129.1 1.0 14 270.4 13.6 355.7 121.1 0.7 12 13.1 79.5 112.8 249.9 0.7 14 349.9 20.6 438.6 178.0 0.6 12 13.2 82.0 195.8 333.3 0.5 12 14.3 81.6 181.8 337.6 1.0 12 90.3 91.2 339.7 339.3 0.6 12 14.4 82.1 166.1 260.6 0.6 12 97.1 92.2 430.1 338.1 0.9 14 350.6 20.5 438.6 213.7
000706,0.6 0 46.4 289.7 109.5 327.9 0.9 0 10.4 108.5 73.7 153.3 0.8 0 140.4 249.2 195.5 281.0 0.9 0 120.3 165.6 176.3 205.9 0.9 0 223.4 192.9 286.3 230.4
000708,0.8 2 360.2 190.8 488.0 339.7 0.8 2 199.5 1.6 330.1 122.5 0.5 4 0.6 4.0 56.3 235.8
000715,1.0 14 196.4 58.1 246.3 152.4 1.0 6 34.4 98.2 463.2 354.8
000716,0.9 11 98.5 57.6 311.7 442.3 0.7 11 99.1 56.7 445.2 446.2
000718,1.0 1 0.0 0.9 206.8 227.1 0.9 11 146.4 22.1 356.5 374.3
000719,1.0 14 243.8 155.9 266.2 239.0 0.9 14 377.2 155.3 406.3 261.4 1.0 14 368.0 162.4 393.4 258.9 1.0 14 435.7 172.6 479.4 289.9 1.0 14 421.8 161.9 455.1 273.3 0.6 15 406.4 87.6 453.1 136.4 1.0 14 368.7 106.8 388.0 172.3 0.8 5 19.6 78.0 196.0 266.5 1.0 14 313.2 135.9 339.2 213.9 1.0 14 382.4 159.2 422.8 263.0
000721,0.8 14 222.6 150.7 244.8 171.2 1.0 6 94.8 138.0 432.9 274.2
000722,1.0 11 188.2 27.5 499.5 262.7
000723,0.6 5 94.2 126.8 373.3 260.0 1.0 14 396.4 208.4 463.6 353.6 1.0 14 319.0 196.8 362.7 329.4 1.0 14 74.5 188.6 93.8 244.7 0.6 14 0.8 199.3 40.5 288.4 1.0 14 0.7 199.9 39.5 374.7 1.0 5 96.0 126.2 456.1 268.4
000724,0.8 14 0.5 130.8 426.7 373.7 1.0 6 65.5 70.7 499.9 336.6
000725,0.9 9 176.8 159.6 212.4 217.2 0.9 9 69.6 165.0 114.9 216.3 0.9 9 351.8 150.2 387.8 208.4 0.8 9 255.5 168.7 284.0 215.3
000727,1.0 5 92.0 322.4 269.1 426.8 0.8 6 37.0 360.1 93.0 393.4 1.0 14 318.4 359.0 338.0 424.9 0.8 6 111.6 136.8 160.9 164.5 1.0 6 0.7 376.3 90.1 434.2 0.5 6 273.6 367.8 298.9 388.5 1.0 14 335.3 357.4 357.8 437.8 0.8 5 164.6 325.8 268.6 422.4 0.7 5 155.3 384.1 218.2 463.4
000732,0.6 14 239.1 269.3 256.3 290.8 0.9 18 48.5 235.2 333.7 454.8 0.5 18 0.5 239.2 333.3 459.8
000734,0.9 11 374.8 180.6 458.5 281.2 1.0 14 274.5 88.5 338.6 255.5
000735,1.0 14 353.9 173.0 388.9 243.8 1.0 14 146.9 118.3 196.1 261.1 0.9 18 35.0 24.7 498.8 288.2 0.8 18 67.0 33.2 498.9 286.0
000736,1.0 6 1.0 47.3 497.6 332.9
000737,0.6 8 407.9 120.4 499.3 318.1 0.9 8 386.5 120.4 499.2 320.6 0.7 8 38.7 159.2 98.3 242.3 0.8 8 6.0 142.4 98.5 244.0
000741,0.6 7 89.5 91.7 413.0 375.9 0.8 7 265.6 39.8 418.7 226.0 0.7 7 22.5 86.6 265.1 296.6 0.9 7 112.1 87.5 265.6 270.0 0.9 7 21.9 87.3 266.0 348.9 0.9 7 252.1 40.2 418.1 316.6 1.0 7 248.8 39.4 416.4 375.1
000743,1.0 18 145.8 24.7 464.8 346.8
000744,1.0 14 364.9 170.0 497.9 375.3 0.9 14 342.5 163.6 429.9 334.2 0.9 14 212.6 108.7 258.3 151.9 1.0 14 76.2 123.2 178.9 272.7 1.0 14 344.1 122.8 376.4 164.7 1.0 14 270.0 105.2 344.7 175.1 1.0 14 171.8 117.0 267.5 209.9 1.0 14 1.4 167.7 106.2 375.0 0.8 14 349.5 123.2 408.5 181.4 0.8 14 25.4 163.8 125.2 369.8 1.0 14 130.9 118.1 201.8 233.9 1.0 10 29.9 175.6 352.7 376.9 1.0 14 294.5 331.5 383.7 374.8 0.9 14 346.0 162.4 430.0 298.1 1.0 14 351.5 125.6 412.0 227.4
000745,0.8 4 5.4 72.4 50.2 151.0 0.9 10 0.7 43.2 497.4 297.9
000747,1.0 6 45.3 14.1 440.5 312.8
000749,1.0 8 61.0 112.1 230.5 313.6 0.8 8 197.6 59.9 301.5 122.3 0.5 8 61.2 112.0 226.8 288.8 0.6 8 196.7 60.3 305.9 257.1 0.9 10 5.0 113.7 467.1 374.8 0.9 8 314.4 62.7 463.7 374.6 0.6 10 196.7 114.5 467.2 376.6
000751,1.0 11 75.4 44.7 420.0 308.9
000757,0.9 6 241.7 0.8 290.7 16.9 0.7 14 443.9 34.2 466.6 83.1 0.7 6 412.2 0.3 477.8 51.9 1.0 6 50.5 29.2 480.6 332.7
000758,0.8 14 150.0 88.3 234.9 284.0 0.8 19 50.9 9.3 407.1 322.2 0.6 14 150.7 89.9 231.3 277.7 1.0 19 7.9 0.9 413.5 354.5 0.9 14 199.0 70.2 374.4 284.6
000759,0.6 11 0.6 14.1 139.0 371.1 1.0 11 125.6 109.7 495.1 362.3
000762,1.0 4 25.9 154.1 126.0 375.9 0.8 14 261.4 152.0 284.2 180.0 1.0 14 1.4 19.3 124.8 256.2 1.0 14 349.0 142.1 393.9 195.1 0.8 14 199.3 141.2 224.2 180.7 0.9 14 220.7 150.5 265.4 181.6 1.0 14 160.9 128.8 238.5 208.3 0.6 4 349.8 170.8 363.9 206.9 0.9 14 1.9 20.9 179.7 373.2 0.8 14 109.3 129.8 136.1 159.8 0.9 10 104.6 177.7 498.7 375.9 0.5 14 162.9 127.2 203.6 163.3 1.0 14 380.4 60.2 499.5 258.9
000765,0.6 14 1.4 2.6 364.2 374.7 0.5 14 2.3 2.2 303.3 374.5 1.0 14 0.7 2.5 455.6 374.7
000766,0.8 14 0.6 1.9 99.6 332.0
000769,0.6 14 433.0 11.4 496.9 173.1 0.6 11 1.2 94.5 283.1 331.9 0.9 14 3.2 2.0 479.3 332.1 0.9 14 189.7 33.7 481.6 333.3 0.8 14 182.3 2.0 479.0 332.3
000773,0.9 2 0.7 2.1 440.2 374.8 0.5 2 344.3 36.4 437.6 115.1
000775,0.9 13 81.1 261.0 445.6 464.8
000778,1.0 6 96.2 113.4 455.7 239.1
000779,0.9 16 187.2 85.1 304.2 271.6
000781,0.6 14 0.8 2.6 498.5 399.9 1.0 14 3.3 2.6 231.6 399.9 1.0 14 107.1 79.5 498.6 400.6
000783,1.0 14 197.8 57.8 324.8 262.2 1.0 12 111.6 93.5 437.2 415.6
000784,0.9 14 276.1 58.3 303.2 91.5 0.6 14 180.9 48.0 238.4 138.0 1.0 14 178.9 92.4 238.6 368.7 0.9 14 113.0 25.5 160.0 106.2 1.0 14 373.1 101.5 425.9 344.4 0.6 14 290.6 80.7 336.0 190.3 1.0 14 284.5 80.6 344.2 361.8 1.0 14 147.5 110.9 217.3 374.8 0.7 14 185.3 48.9 235.4 99.2 0.9 14 308.4 61.5 335.7 90.2 0.8 14 238.2 48.0 285.1 136.5 0.8 15 1.3 89.1 69.4 267.8 0.9 14 153.9 36.5 186.5 95.8 1.0 14 336.5 48.9 392.2 131.7 1.0 14 180.8 48.5 239.6 146.6 1.0 14 66.6 104.0 170.8 376.3 1.0 14 127.7 66.3 167.8 107.6 1.0 14 226.0 85.4 297.3 363.6 1.0 14 325.0 88.5 381.0 356.5 1.0 14 238.8 47.7 278.0 88.2 0.7 14 294.6 80.3 334.5 133.4 0.7 14 283.0 80.6 337.0 257.0
000785,0.8 7 2.0 49.2 292.1 318.6
000788,1.0 6 3.2 18.2 31.9 31.0 0.9 1 16.7 233.6 109.7 319.9 0.5 15 68.8 68.0 239.4 230.1 0.9 6 58.3 14.1 76.9 30.6
000789,1.0 16 281.5 159.6 360.0 231.1 1.0 16 159.0 165.3 232.3 228.4 0.9 16 271.4 114.9 307.4 149.4 0.9 16 60.3 147.9 148.5 246.1 0.9 16 229.8 103.9 252.8 115.7 0.8 16 246.9 96.9 274.0 111.7 0.9 16 346.8 117.5 383.3 146.6 0.9 16 234.3 178.2 327.0 251.1
000790,0.5 8 0.6 216.0 90.9 334.9 0.8 10 122.2 234.1 318.8 334.5 1.0 19 135.7 99.4 197.0 166.9 0.5 17 0.6 215.3 91.0 334.2
000792,0.9 3 238.1 425.3 282.5 462.5 0.9 3 93.5 423.0 143.4 451.1 0.5 3 164.0 402.2 217.5 465.5
000795,0.0 0 0.0 0.0 10.0 10.0
000798,0.8 17 37.9 107.9 385.1 248.1 0.8 14 132.3 123.0 260.8 224.1 1.0 14 80.7 123.1 257.2 332.2 0.9 17 0.4 107.2 499.1 332.4
000801,1.0 6 57.3 139.6 242.0 218.2
000803,1.0 7 111.2 87.7 248.4 258.3
000807,1.0 14 36.5 28.2 195.1 497.1
000809,1.0 6 0.7 121.2 132.5 202.3 1.0 6 28.9 124.9 481.4 274.4 1.0 6 294.8 117.7 499.7 208.9
000811,1.0 3 148.2 136.3 335.5 272.2
000813,1.0 19 65.4 46.8 401.6 370.4
000817,1.0 0 225.9 131.2 292.0 150.2
000819,0.9 14 71.0 13.5 321.8 315.6 1.0 1 26.6 155.7 331.9 392.5 0.5 14 147.0 16.5 323.7 315.0
000821,1.0 2 104.7 46.9 386.3 191.3
000824,0.5 18 386.5 190.6 490.2 266.9 0.8 14 74.0 111.8 177.7 266.2 0.6 18 49.1 105.7 490.3 327.3 0.7 18 59.0 105.9 239.3 327.5 0.6 18 58.0 107.1 423.6 325.3
000825,1.0 1 26.0 20.7 463.8 292.7
000833,0.7 5 8.7 7.8 448.9 392.1
000835,0.9 18 206.2 117.8 302.7 232.2 0.9 18 302.3 107.7 411.2 243.4
000836,1.0 14 69.8 99.4 222.2 305.4 1.0 12 95.6 156.2 218.8 408.7
000837,1.0 3 252.0 64.5 367.6 156.5
000838,0.8 2 194.3 89.3 359.3 335.7
000839,0.6 17 99.0 117.3 482.3 279.7 1.0 14 214.2 103.1 275.9 171.2 0.7 8 409.2 89.3 498.7 288.4 0.7 8 96.8 129.9 177.6 245.9 0.6 14 276.0 96.8 350.0 204.0 0.7 14 160.6 108.7 235.5 214.3 0.9 14 160.1 110.1 223.0 196.9 0.6 8 104.4 173.1 174.2 247.8 0.9 14 215.0 103.9 279.8 195.9 0.8 14 268.1 106.8 429.6 252.4 0.7 14 267.4 100.0 351.0 255.1 1.0 14 315.3 107.3 429.4 224.4 0.7 14 277.9 97.7 350.5 197.5 1.0 14 264.3 179.6 417.2 350.4 1.0 14 277.4 96.5 347.8 182.8
000840,0.7 15 239.9 166.5 261.7 191.1 0.7 17 0.9 179.7 285.6 296.8 0.5 15 333.2 71.9 401.9 138.5 0.9 17 0.5 179.1 283.4 339.4 0.6 15 333.0 72.5 378.3 138.7
000841,1.0 17 3.9 156.4 488.2 360.8
000844,1.0 6 65.3 68.8 394.6 291.0
000846,1.0 0 191.7 215.9 228.1 239.5 1.0 0 259.9 187.9 296.6 214.2 1.0 0 125.0 180.2 163.0 207.2 1.0 0 175.0 247.5 214.3 273.4 1.0 0 146.6 144.6 184.2 173.2 1.0 0 190.2 151.8 227.2 181.2 1.0 0 148.3 215.4 186.4 241.4 1.0 0 168.1 102.6 207.2 132.1 1.0 0 210.9 185.8 248.1 210.0
000852,0.8 2 247.8 89.5 479.9 148.2 0.9 2 248.4 12.0 390.5 115.7 0.9 2 20.8 20.5 242.5 203.1 0.7 2 19.6 16.9 475.9 207.6 0.6 2 246.9 89.4 393.9 148.0 0.6 2 219.8 138.6 315.6 210.3
000853,1.0 11 71.1 145.1 329.2 502.1
000856,0.9 8 384.8 162.1 499.7 260.7 0.8 8 5.6 146.2 154.5 291.0 0.5 8 0.7 145.1 151.1 376.4 0.9 14 76.2 67.2 309.2 333.4 0.8 14 169.6 67.9 307.9 315.6
000858,1.0 14 147.7 196.6 169.5 281.2 0.9 14 105.7 205.0 118.9 249.4 0.8 14 410.2 213.5 422.1 243.8 0.7 6 477.4 221.3 499.8 258.3 0.8 14 121.0 204.6 135.2 249.0 0.7 14 61.6 198.0 77.6 255.4 0.8 14 119.2 204.8 133.3 249.5 1.0 14 68.9 195.8 103.3 289.7 1.0 5 290.3 145.9 409.3 249.2
000861,0.0 0 0.0 0.0 10.0 10.0
000864,0.9 5 3.8 78.1 486.1 241.5
000866,1.0 14 192.0 107.8 272.4 295.4 1.0 12 137.1 161.0 371.9 374.7 0.9 5 288.8 43.4 481.7 250.9
000869,1.0 14 144.6 189.8 166.3 239.4 0.6 9 43.9 230.9 194.0 423.1
000870,1.0 14 71.2 73.0 312.6 326.5 1.0 14 2.5 170.2 220.8 375.2 0.8 10 159.6 273.1 499.3 376.1 1.0 14 255.4 147.9 422.3 316.7
000873,1.0 13 100.3 36.2 334.6 487.0
000875,0.6 18 0.7 132.9 80.2 245.2 0.6 16 317.0 154.8 331.2 191.1 0.8 16 278.9 170.3 303.5 201.4
000877,1.0 7 165.4 109.8 304.4 284.0
000881,1.0 6 245.9 157.3 430.2 257.3
000883,1.0 14 163.6 53.6 209.8 94.7 0.8 14 129.2 118.3 151.9 144.7 1.0 6 70.8 91.6 307.8 278.1 0.8 14 208.1 118.8 240.1 147.5
000884,0.7 16 115.1 111.5 281.5 332.4 0.6 16 1.2 14.4 108.3 182.3 0.7 16 173.1 111.8 280.9 212.5 0.7 16 -0.2 115.7 281.9 334.4 0.8 16 231.9 100.5 356.0 256.9
000886,0.8 8 2.0 104.3 349.2 357.3 0.6 14 449.9 123.3 486.2 188.6 1.0 14 48.2 4.9 438.0 355.4
000890,0.7 15 332.2 191.4 413.0 277.9
000891,0.9 1 46.3 196.6 228.1 333.5 1.0 14 46.8 11.3 265.8 333.7
000893,1.0 4 87.9 150.1 107.8 205.8 1.0 4 110.0 215.6 126.9 253.0 1.0 4 76.0 220.0 93.6 257.1 0.8 4 93.6 217.8 111.0 253.5 1.0 4 70.1 156.9 87.0 206.6 0.6 19 7.3 2.6 309.4 497.9 0.9 4 57.7 219.9 75.0 257.3 1.0 4 53.8 155.2 70.6 207.0
000894,1.0 6 3.7 89.6 34.5 105.9 1.0 13 85.7 89.8 268.1 410.6
000897,0.6 11 72.4 125.6 271.7 319.2 1.0 11 70.3 133.7 202.0 321.8 0.6 11 171.9 121.5 270.9 213.2 1.0 11 239.4 89.0 377.9 333.1
000901,0.9 14 25.0 19.9 237.1 330.4 0.7 14 320.5 226.6 370.4 291.1
000905,0.0 0 0.0 0.0 10.0 10.0
000907,0.8 14 193.1 150.1 242.7 216.3 1.0 14 125.3 167.6 183.7 224.7 0.9 14 291.1 147.3 340.2 227.8 0.8 14 224.5 143.9 340.7 240.6 1.0 14 218.4 143.7 301.6 233.2
000909,1.0 14 131.6 175.4 250.1 499.5
000910,0.7 4 111.6 2.8 204.5 106.5 1.0 14 22.1 98.4 196.7 502.4 1.0 14 171.9 76.3 369.5 500.7 0.7 8 227.7 319.0 359.4 473.9 0.6 14 172.1 83.0 253.8 500.9 1.0 14 242.4 237.1 372.6 494.2
000913,0.6 14 0.5 218.9 141.5 377.4 0.9 11 0.7 0.9 306.7 237.1 0.9 14 1.3 153.7 187.3 356.9 0.6 14 138.2 203.2 492.0 377.2 0.8 14 140.4 226.6 439.2 377.2
000914,0.8 3 56.2 266.4 265.3 386.0 0.8 3 49.4 2.3 366.4 390.3
000916,1.0 14 117.5 111.3 156.7 246.5 1.0 14 2.0 115.4 21.7 161.9 1.0 14 62.1 118.2 80.0 148.9 0.9 5 98.8 40.1 499.5 330.4
000922,0.8 18 17.9 114.5 85.5 162.2 0.7 18 128.5 110.2 239.0 223.2 1.0 14 242.0 57.2 346.1 346.4
000924,0.9 14 0.9 197.2 14.2 268.7 0.9 5 152.9 134.7 266.8 269.7 0.9 5 0.7 149.5 42.0 264.4 0.9 5 18.8 135.8 161.6 269.5 0.9 5 281.8 132.2 398.4 272.1
000925,0.5 16 33.2 103.3 212.3 343.6
000927,0.7 14 0.5 1.9 113.9 331.1 1.0 14 81.1 1.7 316.2 331.3 0.6 14 0.9 1.9 125.8 331.1 0.7 14 86.5 1.7 488.0 331.9 0.7 14 266.2 158.0 366.0 305.0 1.0 14 284.7 157.0 482.9 331.8 0.9 14 288.4 156.7 363.5 288.1
000928,0.8 7 259.2 113.8 452.1 271.1 0.9 7 11.9 81.9 208.7 221.9
000930,1.0 1 138.1 130.2 344.2 282.4 1.0 14 173.7 71.3 333.3 251.1
000932,1.0 6 32.5 108.7 491.5 303.8
000933,0.0 0 0.0 0.0 10.0 10.0
000938,0.8 10 0.9 258.2 161.3 374.6 0.8 15 135.1 103.4 205.0 203.6 0.8 8 1.7 299.9 143.7 374.7 0.8 8 1.5 297.2 161.5 374.9 0.5 17 212.9 170.0 280.8 242.7 0.9 17 87.2 192.7 230.8 316.5 1.0 8 212.3 171.6 279.4 241.8 1.0 8 301.6 187.4 432.9 321.1
000939,1.0 4 175.9 396.4 261.0 500.4 1.0 14 0.6 57.2 349.0 499.9 1.0 4 123.6 366.1 200.2 482.3
000940,1.0 14 131.1 88.2 221.4 185.6 0.9 14 1.0 72.5 100.3 198.8 0.8 8 101.3 174.4 248.1 350.0 0.6 14 127.6 89.1 223.6 248.1 0.8 14 1.0 72.3 51.0 177.3 0.8 14 0.0 190.9 145.4 375.9 1.0 14 193.6 86.7 442.8 354.9 0.8 8 153.6 176.6 494.9 375.3
000941,0.7 17 298.2 186.3 485.1 395.8 0.8 17 11.6 184.4 488.9 395.7
000942,0.9 14 327.6 120.6 356.0 146.5 0.7 18 64.4 144.9 268.8 241.2 0.7 18 60.2 124.4 308.4 243.5 0.7 18 281.7 136.2 480.7 271.5 1.0 14 220.2 193.3 259.4 258.1
000944,1.0 8 116.6 243.2 275.2 375.6 1.0 14 226.7 99.4 372.6 374.7
000945,1.0 6 54.4 78.5 428.3 234.9
000952,1.0 14 17.7 92.7 249.1 332.4 1.0 14 193.1 100.6 412.7 331.8
000953,0.9 19 204.0 192.2 362.1 349.4 1.0 15 221.5 102.3 268.1 135.4 1.0 8 21.6 189.3 121.4 348.2
000955,1.0 14 146.8 64.5 382.7 331.8 0.6 14 152.9 64.2 498.4 332.2
000956,1.0 14 172.8 57.4 499.1 374.9
000957,0.0 0 0.0 0.0 10.0 10.0
000959,0.6 14 121.4 11.3 200.3 146.2 0.8 14 336.0 82.1 499.3 331.7 1.0 14 201.4 20.4 359.2 176.8 1.0 14 100.1 106.3 280.7 332.8 1.0 14 69.8 9.4 198.0 159.6 1.0 14 1.2 104.8 144.6 332.8 1.0 14 230.5 107.5 374.1 312.9 1.0 14 334.5 82.7 499.6 281.2 0.8 14 230.4 107.8 463.6 332.5 0.8 14 334.9 82.4 499.4 298.7
000960,1.0 2 15.5 42.0 137.6 89.3 0.7 2 351.0 306.6 442.1 359.7 0.7 2 128.4 123.3 202.2 197.0 1.0 2 75.2 294.7 206.7 370.3 1.0 2 14.0 164.6 97.2 280.1 1.0 2 353.2 309.4 476.3 388.6 0.9 2 301.6 102.3 451.3 228.3 1.0 2 199.3 276.4 353.2 366.8 0.7 2 344.1 108.5 453.4 224.9
000961,0.9 19 128.3 351.7 210.0 467.5 1.0 6 348.1 130.5 375.0 195.8 0.5 6 295.4 128.6 313.6 157.8 0.5 8 3.7 260.6 177.8 500.0 0.9 19 179.5 246.7 226.4 297.9 0.9 17 2.1 257.1 179.3 500.1 1.0 6 314.9 122.0 369.8 171.9
000963,0.8 11 0.7 2.0 498.2 332.9
000968,1.0 0 16.6 62.8 471.5 233.5
000969,1.0 14 2.1 2.5 327.8 374.7 1.0 14 256.8 2.4 500.0 373.6
000970,0.7 18 214.1 133.9 352.1 222.2 0.9 18 345.2 131.9 416.9 205.0
000974,1.0 8 2.3 247.8 138.3 334.4 1.0 19 18.7 123.6 148.7 232.2 0.9 8 234.4 211.8 322.0 306.4
000975,0.8 11 111.2 95.8 337.8 458.5 0.9 11 111.8 62.7 485.5 461.5 0.6 11 298.5 62.1 486.6 373.1
000976,1.0 4 193.9 90.4 311.8 381.4
000978,0.6 14 70.6 1.8 284.2 374.2 1.0 14 104.1 2.1 256.2 374.5 0.9 14 195.4 2.2 392.0 374.3 0.9 14 213.9 2.0 392.7 330.0 0.6 8 384.2 106.8 499.5 289.5 0.9 14 208.8 2.1 490.8 374.9
000979,0.9 14 1.2 143.6 44.9 185.1 0.9 13 91.5 258.2 197.0 398.3 1.0 14 96.2 168.8 187.1 360.6 0.8 14 1.4 138.3 69.2 194.6 1.0 14 0.8 176.7 68.7 405.5 0.9 14 0.8 138.6 74.3 399.5
000981,0.6 14 54.8 19.6 256.4 499.9 0.8 19 46.9 236.9 79.5 309.9 1.0 14 54.6 18.8 332.1 500.3
000983,0.0 0 0.0 0.0 10.0 10.0
000984,1.0 6 0.5 325.6 37.2 363.6 1.0 6 233.7 297.4 321.3 348.6 0.7 14 67.6 322.2 78.1 356.8 1.0 14 67.0 312.5 121.2 498.4 1.0 6 192.4 321.2 234.4 351.0 0.6 14 66.7 321.8 77.1 357.4 1.0 14 43.9 323.6 57.7 360.0 1.0 4 65.8 4.2 204.1 475.4
000985,0.8 1 216.2 80.7 501.9 358.1
000986,0.8 12 144.6 117.5 292.7 263.0 0.8 9 49.2 137.2 122.1 211.3 0.5 14 367.4 91.9 386.9 108.3 0.8 9 340.7 146.2 421.6 223.0 0.5 12 158.9 122.7 267.1 264.2 0.6 9 411.6 145.1 499.1 225.1 0.6 14 192.8 63.7 278.2 223.0 1.0 14 168.2 65.0 279.2 225.8 0.6 9 53.6 135.3 179.5 214.0 0.9 9 118.4 148.6 179.5 216.6 0.6 9 270.5 188.4 357.8 294.7 0.7 9 265.1 177.6 384.8 294.9 0.8 14 326.3 70.1 354.8 100.1
000988,1.0 14 72.7 56.6 407.4 375.2
000990,0.9 14 2.1 32.6 269.3 334.4 1.0 14 2.0 32.4 233.7 334.3 0.9 14 1.7 117.8 105.0 232.8 0.8 14 1.3 117.6 53.2 177.9 1.0 14 398.4 131.3 447.6 181.9 1.0 14 217.0 32.3 460.5 334.5
000992,0.9 16 136.2 205.8 218.8 299.0 0.9 16 434.4 197.3 498.6 268.6 0.9 16 358.9 199.1 439.9 281.3
000994,0.5 8 285.6 189.3 468.1 374.7 0.8 8 309.8 145.6 423.2 238.4 1.0 19 40.9 125.0 152.2 229.6 0.6 8 212.0 187.5 464.7 375.5
000995,0.6 3 405.2 122.0 499.3 330.7 0.9 3 1.1 131.5 287.1 313.1 0.8 3 1.7 69.7 287.5 311.2 0.5 3 410.7 124.6 499.3 270.7
000998,0.9 7 -0.2 72.9 244.6 500.6 0.9 7 0.2 73.2 332.1 501.0
001000,1.0 11 2.8 4.2 492.6 323.7
001003,1.0 6 116.6 102.3 356.6 279.6
001005,1.0 6 36.2 149.0 270.4 258.8
001006,0.6 16 295.2 285.7 373.1 328.4 0.7 16 189.4 143.7 310.0 251.3 1.0 14 1.0 248.4 71.2 374.6
001007,0.7 4 415.5 1.0 499.8 249.2 1.0 19 131.7 113.3 377.5 300.7
001013,0.6 16 84.7 227.6 113.0 274.6 0.6 16 21.5 215.6 66.4 302.9 0.8 12 220.1 12.4 500.7 332.2
001016,0.8 18 393.7 134.1 489.9 253.7 1.0 18 202.8 132.0 488.2 250.2 0.5 18 38.7 158.4 133.4 219.4
001019,0.9 7 0.6 150.6 127.7 401.2 0.7 7 0.8 1.4 373.5 401.9 1.0 7 106.5 0.9 373.6 377.4 0.8 7 104.2 1.3 345.1 379.8
001020,0.5 8 0.5 86.7 140.4 182.1 1.0 14 75.6 53.3 287.1 499.9 0.7 8 210.4 297.2 373.9 501.3
001021,0.8 14 0.5 51.2 185.1 276.6 1.0 14 0.4 51.8 183.7 371.8 1.0 14 191.4 34.4 408.5 375.7 0.7 17 129.6 31.9 475.0 376.8 0.7 17 155.9 32.8 410.1 197.3
001022,1.0 6 4.7 140.5 488.8 293.3
001023,0.7 8 405.4 293.2 497.6 399.9 0.9 8 109.9 251.1 178.7 303.1 0.7 10 10.8 188.2 341.5 304.4 0.9 10 0.7 292.6 410.7 400.2 0.8 8 437.8 280.9 497.8 399.9 0.7 8 187.3 257.8 298.2 308.5
001025,0.7 8 22.8 38.4 99.2 175.1 0.5 14 0.6 66.7 373.4 499.3 0.6 17 0.4 68.5 373.8 500.4
001026,1.0 11 70.3 232.8 224.5 408.5 1.0 14 93.6 1.5 203.6 246.9 0.8 14 158.6 87.3 279.9 411.6 1.0 11 205.3 55.9 332.7 185.4 0.9 14 198.7 0.4 285.5 96.4 1.0 14 159.2 86.6 326.6 413.1
001029,0.9 8 1.0 135.5 57.1 319.4 0.8 8 38.3 43.3 200.6 185.2 1.0 19 241.8 45.8 454.1 233.6
001030,0.6 18 33.8 76.2 263.8 260.8
001031,0.6 13 45.3 169.4 309.7 451.7 1.0 14 44.0 48.7 225.3 206.4 0.9 13 41.7 121.8 308.2 452.1
001032,0.9 7 95.3 2.3 498.0 375.3
001033,0.5 1 175.3 239.8 317.7 473.3 1.0 14 146.7 96.3 308.8 390.8 0.5 1 163.6 241.8 310.6 424.2 1.0 1 164.1 239.6 321.7 477.6
001034,1.0 6 197.3 212.2 453.8 324.8
001035,0.9 11 1.5 261.3 124.1 374.2 0.7 14 0.9 1.9 84.0 198.1 0.8 8 301.5 154.6 396.1 301.2 0.8 14 209.6 56.1 297.1 201.8 0.6 14 0.7 1.4 89.9 247.2 0.8 8 1.2 209.7 126.0 374.6 1.0 10 0.7 134.0 237.5 351.4 0.6 14 -0.1 3.2 133.7 372.7 0.7 11 1.5 262.4 104.3 374.4 1.0 14 209.1 56.3 327.3 335.2 1.0 14 309.0 62.9 423.1 342.0
001037,0.8 14 51.5 24.2 146.5 160.0 1.0 14 50.4 23.2 146.5 138.1 0.6 16 7.2 117.3 112.8 221.7
001038,1.0 14 161.7 86.0 456.8 411.3
001039,1.0 19 293.5 149.9 358.1 220.5 0.9 19 382.9 157.2 445.4 227.8 0.8 8 173.0 227.2 296.8 375.9 0.9 19 170.1 151.9 214.0 204.7 0.9 19 221.8 153.3 273.2 215.8 0.7 19 377.8 153.4 448.5 237.8 0.9 8 186.1 244.4 346.1 375.2
001040,1.0 14 371.3 197.9 484.1 333.6 0.6 14 212.5 111.2 362.9 332.0 1.0 14 125.7 123.9 230.7 333.0 0.9 14 213.1 111.3 414.3 332.3 1.0 14 229.7 228.2 352.0 332.9
001044,0.6 9 29.1 39.9 336.0 148.6 0.7 9 209.7 41.0 390.5 126.1
001046,1.0 0 2.9 115.2 429.3 240.6
001047,1.0 4 65.0 15.0 77.7 59.2 0.8 8 27.8 60.0 126.1 189.1 0.9 10 1.8 220.1 311.4 376.3 0.6 4 92.2 16.7 105.4 57.9 0.9 4 40.6 214.8 63.0 250.0 1.0 14 73.3 50.8 213.1 242.7 1.0 4 93.5 16.5 107.5 57.7 1.0 14 217.5 60.6 338.2 246.6 1.0 14 339.4 1.6 476.6 249.7 0.6 14 290.2 2.2 477.4 336.0
001048,0.9 7 0.7 18.7 340.2 373.5 1.0 7 179.1 89.7 370.9 243.6 0.7 7 180.9 88.4 498.2 373.5
001049,0.8 2 102.9 74.5 255.2 162.0
001051,1.0 2 237.1 85.5 327.3 300.8
001054,1.0 11 0.3 39.9 332.7 434.2
001055,0.7 14 143.3 127.8 282.3 328.1 0.9 14 141.5 109.5 436.5 334.9
001058,1.0 6 8.0 102.8 447.0 243.4 0.7 6 128.9 102.5 445.5 243.5
001059,0.9 3 126.2 258.8 285.9 291.0 0.9 3 283.3 272.3 373.5 289.2
001063,1.0 14 216.7 62.2 313.4 317.2 0.6 12 70.4 176.7 458.4 318.4
001065,0.6 14 2.4 2.0 238.3 292.3 0.5 14 4.6 2.6 494.1 374.7 0.5 14 1.2 60.7 497.8 376.0 1.0 14 193.0 70.6 499.8 354.4
001067,1.0 14 175.0 42.5 280.8 324.6 1.0 14 87.7 46.0 223.8 374.5 0.7 17 0.2 102.7 185.9 374.7 1.0 14 242.8 19.5 386.1 277.8 0.9 10 132.8 244.1 498.6 376.2 0.5 17 319.5 39.9 473.1 255.5
001070,0.9 15 268.6 28.0 320.2 114.4 1.0 15 174.7 25.1 248.7 118.9 1.0 15 97.1 15.2 173.2 94.4 0.9 15 356.7 215.0 441.4 282.0 1.0 15 281.3 223.3 363.1 332.7 0.5 15 357.4 219.7 470.2 283.3 1.0 15 93.3 81.0 183.2 218.0 1.0 15 362.8 50.3 456.2 164.4 1.0 15 178.4 132.2 279.5 216.3 0.8 15 357.7 51.8 454.5 222.0 0.6 15 119.0 332.0 233.9 400.9 1.0 15 75.0 194.4 168.4 333.8 1.0 15 283.4 138.6 354.8 212.0 0.8 15 170.4 219.0 277.6 321.9 0.8 8 346.0 149.0 447.0 229.5 0.8 15 229.1 337.1 302.1 401.1 1.0 15 267.6 2.8 383.0 113.9 0.7 15 271.6 30.6 374.4 121.8
001075,0.9 3 314.7 74.4 392.1 124.2 0.9 11 223.0 145.5 407.5 233.4
001076,0.6 3 419.7 81.0 491.0 118.9 0.9 3 30.4 85.9 215.9 139.4 1.0 14 102.8 112.0 327.5 375.0
001080,1.0 6 136.5 213.3 190.4 259.7 0.7 0 20.8 49.0 500.3 232.9 0.6 6 190.8 209.8 256.3 243.9
001081,0.6 19 396.9 150.7 461.4 216.7 0.8 8 143.9 176.6 271.3 375.3 0.8 10 245.1 185.6 500.1 376.3
001085,0.8 14 202.4 10.2 221.5 42.5 0.6 6 86.8 56.9 156.2 118.7 0.8 14 409.3 4.8 425.6 49.0 1.0 14 441.1 0.6 482.8 111.7 0.9 14 423.5 0.4 448.3 105.9 0.5 14 102.6 -0.3 134.9 143.5 0.6 14 414.6 3.8 429.1 53.7 1.0 14 423.6 0.5 447.4 58.7 0.8 14 249.4 3.0 273.4 20.6 0.9 14 397.6 3.7 417.6 45.4 1.0 14 132.7 0.8 172.5 74.8 1.0 14 5.5 0.7 85.4 206.0 0.9 14 105.0 0.9 135.3 62.4 1.0 6 81.9 18.5 442.6 305.1 0.8 14 176.9 1.6 197.0 64.7 0.7 6 222.5 17.5 427.2 83.8 0.7 14 318.9 0.7 349.2 19.4
001086,1.0 4 302.5 227.5 366.3 375.4 1.0 14 0.7 38.1 243.0 350.9 0.6 8 276.3 129.6 313.9 203.7 1.0 14 298.0 48.3 500.4 355.6
001087,0.0 0 0.0 0.0 10.0 10.0
001088,0.0 0 0.0 0.0 10.0 10.0
001089,1.0 1 8.5 85.5 457.7 358.6
001090,0.6 6 17.0 151.8 350.3 286.7 1.0 6 16.3 154.7 476.1 286.2 0.6 6 323.9 182.1 474.1 282.5 0.8 6 112.1 153.6 475.9 285.4
001094,0.9 18 38.0 167.6 192.3 209.2 0.8 18 201.1 167.8 342.9 225.3
001095,0.7 11 82.4 225.0 306.8 347.2 1.0 14 176.1 121.0 239.1 258.0 0.9 14 200.5 169.9 284.1 255.4 1.0 14 273.6 132.9 359.4 347.2
001096,1.0 1 152.0 147.2 371.7 326.3 0.9 14 177.0 44.6 337.7 267.4
001098,0.8 7 53.0 26.3 321.7 500.3 1.0 7 52.1 23.2 374.1 500.9
001099,0.6 13 188.5 187.4 357.1 340.3 1.0 14 87.7 244.8 106.8 300.6 1.0 14 69.1 257.8 86.9 302.7 0.7 14 414.8 241.5 434.3 317.6 1.0 14 410.1 241.8 432.4 316.3 0.6 13 104.8 102.7 360.5 313.5 1.0 14 432.7 242.8 463.8 320.8
001100,0.5 9 151.2 147.3 320.1 292.1 0.8 9 153.1 150.4 498.5 304.1
001103,0.6 11 139.2 117.7 330.4 299.7
001105,1.0 4 81.5 185.7 112.6 253.7 0.9 4 27.2 202.7 69.3 264.8 1.0 14 442.3 39.1 499.5 375.7 0.7 4 122.1 173.0 143.6 245.6 1.0 4 122.2 174.3 145.5 244.7 1.0 14 199.9 84.9 428.3 375.0
001108,1.0 14 216.4 161.8 328.4 374.5 1.0 14 89.4 122.1 236.0 376.1 0.6 14 271.3 63.2 431.3 375.9 1.0 14 271.0 62.0 499.9 375.2
001111,1.0 6 105.3 246.2 168.0 291.8 1.0 6 183.0 256.2 209.1 272.4 1.0 6 87.4 249.5 117.5 281.7 1.0 6 381.1 242.4 426.9 272.4
001114,0.7 12 202.8 112.8 398.5 308.3
001115,0.7 18 417.3 107.2 499.6 262.6 1.0 18 1.0 111.6 86.3 233.1 1.0 18 99.6 107.9 421.5 250.1
001116,1.0 14 33.0 29.2 496.5 357.5
001117,0.9 17 26.2 202.8 478.8 376.0
001118,1.0 14 438.5 0.5 484.0 61.0 1.0 14 180.7 0.7 238.1 95.0 0.9 14 99.3 2.2 225.0 309.2 1.0 14 12.3 35.9 226.5 326.5 0.5 14 100.5 1.7 178.2 106.8 1.0 14 206.7 90.4 409.9 326.5
001120,0.9 9 218.3 185.9 278.9 233.3 0.9 9 403.7 206.8 468.6 258.6 0.8 9 118.0 159.9 165.2 195.6 0.9 9 281.0 191.4 353.3 241.5
001122,0.6 7 0.7 5.4 344.3 389.8 0.8 7 0.6 2.8 343.4 498.4 0.6 7 101.3 24.8 342.2 428.9
001123,1.0 11 194.3 25.8 440.4 299.4
001126,1.0 0 159.5 69.9 341.9 277.5
001128,0.8 8 0.9 0.1 89.7 122.4 0.9 7 1.8 86.8 302.9 300.4 0.6 7 263.3 72.6 386.3 157.4
001131,1.0 11 78.5 28.8 417.3 267.6
001132,0.9 7 14.4 92.3 370.9 278.9 0.6 7 339.3 159.7 383.9 251.1
001133,1.0 14 182.7 189.7 268.1 374.4 0.9 14 185.7 190.7 268.1 320.6 1.0 14 87.2 203.1 186.3 375.1 0.7 8 0.9 35.4 28.5 208.8 1.0 14 1.6 206.1 147.2 356.3 1.0 17 1.0 212.8 419.1 375.0 0.9 14 260.2 161.9 376.7 374.9 0.9 14 258.2 162.0 416.5 374.9
001134,1.0 13 176.3 188.0 305.2 276.8 1.0 13 62.5 177.1 139.7 298.2 0.8 6 342.4 128.7 500.3 333.3
001135,1.0 6 145.5 80.3 392.0 258.5
001138,1.0 19 146.8 154.9 189.4 204.1 0.6 8 60.7 211.4 107.6 252.5 0.9 8 149.0 256.3 220.1 369.1 1.0 8 262.5 186.9 342.1 289.2 0.9 19 256.6 149.2 293.6 191.3 1.0 8 1.4 254.5 217.7 374.8 0.9 19 0.8 162.4 24.2 222.1 0.9 8 148.3 197.2 219.2 265.9 0.9 19 377.4 146.9 418.3 197.1
001139,0.9 8 1.0 158.3 63.5 320.9 1.0 8 0.6 160.2 151.6 350.5 0.7 8 245.5 224.0 331.2 325.4 0.8 10 -0.2 129.9 143.2 340.1 0.9 8 29.8 174.5 152.9 348.6 0.6 15 9.9 101.2 43.9 149.1 0.9 10 128.7 156.8 352.7 375.2 0.5 8 173.4 267.6 328.2 375.7
001141,1.0 14 173.1 125.6 197.1 196.8 1.0 14 12.3 192.5 54.5 310.0 1.0 14 148.0 117.9 174.1 213.1 1.0 14 53.3 191.5 95.9 308.0 1.0 14 214.3 116.4 242.3 208.9 0.9 3 353.4 74.5 415.2 112.7 0.9 3 253.3 196.1 412.7 371.3 0.7 3 252.7 250.5 413.2 370.4
001146,0.5 11 40.7 31.6 121.9 276.6
001150,1.0 14 0.8 0.2 198.8 185.2 0.7 17 110.3 35.7 498.5 270.0 0.9 14 248.9 1.4 390.9 221.4 0.7 11 189.9 90.0 394.8 375.3 0.8 14 188.4 0.3 392.0 216.3 0.6 11 0.3 92.1 392.0 376.8 0.7 14 70.1 1.7 394.6 374.0 0.6 11 1.0 105.5 211.9 375.2 0.6 14 45.4 2.0 198.3 148.4 0.7 14 78.1 1.9 496.5 374.5 0.6 11 184.8 88.5 498.3 376.2 0.9 11 190.2 94.3 394.8 375.7
001153,1.0 0 126.4 198.1 360.7 269.7
001155,0.9 6 363.8 258.7 498.7 374.6 0.7 3 19.4 175.3 324.8 339.9 0.5 3 18.7 134.5 326.7 309.2 0.6 3 18.4 177.4 322.9 342.7 0.5 3 16.9 136.8 359.3 345.8 0.9 14 346.1 209.1 468.3 370.6
001157,1.0 14 464.2 0.5 499.3 88.3 1.0 14 427.8 0.7 463.9 79.3 0.8 13 16.6 116.9 347.2 284.5 0.8 13 10.2 76.5 345.9 285.3 0.9 13 9.7 59.5 441.1 285.3 0.8 13 318.7 59.6 444.4 283.4
001159,0.7 14 177.9 41.7 222.9 127.9 0.9 14 246.5 245.5 312.0 342.4 0.8 7 170.2 84.1 288.1 192.4 0.7 8 142.3 61.9 190.2 145.0 1.0 17 27.3 233.1 477.2 373.2 0.8 14 247.6 247.6 300.1 309.1 1.0 14 241.5 282.4 311.5 345.3
001162,1.0 15 168.0 20.1 251.9 121.5 0.5 15 392.8 46.8 425.6 87.7 0.8 15 1.0 9.7 74.7 113.4 1.0 17 195.0 124.3 489.8 334.2
001163,0.5 8 174.9 109.3 233.2 192.9 0.9 17 352.0 181.0 498.8 357.5 1.0 8 1.1 142.8 113.8 288.7 1.0 8 115.9 127.9 174.0 203.2 0.8 8 45.7 131.3 117.2 216.2 0.8 17 47.9 188.1 318.1 370.6
001165,0.9 1 114.7 310.1 191.0 346.2 0.7 1 192.8 312.0 269.9 355.3 1.0 14 278.1 249.2 313.0 359.2 1.0 14 250.6 239.3 284.5 355.9
001167,0.5 4 0.8 93.7 50.1 299.7 0.5 4 36.5 109.2 205.8 349.0 0.5 4 139.0 322.5 153.0 356.6 0.6 14 1.8 5.8 370.6 355.3 1.0 4 0.5 93.7 56.7 356.7 0.7 4 1.0 95.8 50.1 301.0 1.0 14 1.4 5.4 157.7 339.3 1.0 14 211.1 23.7 487.0 356.7
001169,0.5 8 8.5 90.9 80.2 168.0 0.8 14 141.7 62.8 198.4 126.5 0.7 4 337.1 1.9 398.8 191.6 1.0 14 104.1 46.4 328.1 186.0 0.8 8 43.2 128.6 159.7 289.7 1.0 14 108.4 123.4 254.5 305.2 1.0 14 234.0 124.3 382.0 282.2
001173,0.9 7 337.4 45.8 495.5 286.3 1.0 14 0.0 54.8 367.2 332.7 0.8 14 0.1 54.2 498.6 332.9
001177,1.0 14 101.9 130.4 267.3 267.8 1.0 4 13.3 116.6 86.2 373.4 1.0 14 199.5 118.1 463.5 347.9
001178,0.9 18 16.5 124.8 319.3 188.6
001179,0.9 8 1.1 242.0 142.2 375.7 0.8 19 108.1 110.1 170.1 162.6 0.9 8 269.5 146.6 338.8 286.2 0.9 8 268.7 162.4 344.4 333.2 0.9 10 12.4 152.7 275.5 375.8 0.6 10 15.1 151.4 276.7 311.3 0.7 8 400.1 170.8 493.7 321.2 0.6 19 76.5 0.5 182.9 60.8 1.0 8 176.9 166.7 333.4 374.8 0.8 4 38.7 157.2 58.3 197.3
001180,0.8 14 38.2 115.2 180.1 501.0 0.9 14 37.7 114.4 332.3 501.2 0.9 19 207.0 144.7 301.2 186.8
001181,1.0 2 122.4 103.6 266.0 234.2
001183,0.9 12 79.5 162.7 176.4 282.4 1.0 12 135.5 122.1 352.6 348.0 1.0 14 224.0 90.4 281.9 253.1
001188,0.6 3 1.1 50.2 81.4 88.7 0.6 3 403.6 66.2 443.7 83.3 0.8 3 375.1 99.6 413.6 121.8 0.7 3 327.1 96.2 359.8 121.2 0.8 3 472.9 86.2 499.8 118.5 1.0 3 53.7 112.2 131.1 159.7 0.8 3 286.5 95.4 315.2 123.4 0.8 3 468.7 2.5 499.9 110.8 0.6 3 1.0 5.7 80.8 88.0 0.9 3 453.4 132.4 499.6 173.6 0.9 3 130.7 102.8 166.7 136.0 0.9 3 179.1 192.9 245.6 257.7 0.7 3 1.1 58.3 71.3 90.0 0.8 3 342.3 64.2 378.7 85.1
001189,1.0 8 256.8 260.3 342.7 423.2 0.9 10 103.2 269.5 279.4 425.8 0.6 8 83.4 246.4 115.9 287.6 1.0 8 44.6 254.9 128.3 417.7 0.9 10 102.8 268.5 278.4 459.3 1.0 8 142.8 272.5 245.6 463.4
001190,0.0 0 0.0 0.0 10.0 10.0
001193,0.7 1 1.4 3.1 372.9 500.3 0.7 1 0.2 94.8 374.4 503.8
001195,1.0 11 140.0 54.1 327.5 320.8
001196,0.8 2 90.3 119.3 264.2 330.1 1.0 2 92.4 119.1 286.1 405.1
001197,1.0 17 30.6 29.6 490.0 320.0 0.6 17 30.2 29.9 481.6 171.7
001198,1.0 14 479.2 80.5 500.1 226.1 1.0 14 374.0 103.4 405.1 157.6 0.9 6 -1.0 39.5 409.4 370.4 1.0 14 357.5 113.9 379.0 147.6
001202,1.0 11 1.0 159.9 246.4 253.1 0.8 11 221.9 34.0 390.7 230.7 0.9 11 246.3 74.7 390.7 229.6
001208,0.6 11 4.9 71.3 124.3 245.2 0.7 7 270.0 3.2 498.1 260.1
001210,1.0 14 224.7 217.5 250.9 304.1 1.0 14 279.4 193.4 297.0 262.4 1.0 14 278.8 263.7 302.9 315.0 0.9 14 0.7 209.0 15.0 281.0 0.6 15 89.1 145.0 132.9 300.7 1.0 14 2.6 203.5 44.0 303.7 0.6 3 42.3 14.2 409.5 288.6 1.0 14 196.4 202.6 220.8 274.8
001213,1.0 1 234.5 381.5 361.4 471.2
001216,1.0 7 115.5 133.4 195.9 232.1 0.8 7 1.1 69.3 67.3 252.4 1.0 7 311.8 62.8 380.8 162.9
001217,0.9 11 33.1 146.4 221.6 329.2 0.6 11 257.8 94.5 499.0 203.6 0.7 11 34.6 94.1 496.4 332.0 0.7 17 2.6 2.0 496.1 374.3 0.7 11 32.7 0.6 497.9 331.5 0.8 11 273.8 256.1 482.7 375.3 0.6 11 200.6 162.4 319.0 324.3
001218,0.7 5 17.9 75.0 402.4 281.9 0.9 5 18.9 74.5 470.1 282.5 0.9 5 395.6 121.3 471.8 233.2
001219,0.9 8 394.2 193.6 486.7 332.0 0.6 14 400.1 155.9 424.8 237.4 1.0 14 472.9 157.4 499.9 223.4 1.0 14 418.7 144.0 479.7 240.5 0.9 14 400.1 154.9 423.8 192.1 0.9 14 421.3 144.4 480.7 228.3
001220,0.8 11 100.5 129.2 376.5 300.3 0.9 11 0.8 127.2 376.7 375.4 1.0 14 48.0 3.1 428.6 373.8 0.8 17 0.5 56.4 425.7 375.5
001222,0.8 6 103.9 151.5 245.8 202.6 0.8 8 327.0 262.4 399.4 374.0 0.8 8 435.8 253.0 499.0 369.7 1.0 14 0.7 189.4 46.9 276.2 0.7 6 103.4 153.3 246.9 244.6 0.8 8 233.7 266.1 330.1 374.9 0.6 8 0.8 223.6 40.2 275.4 0.9 8 96.5 282.0 149.6 374.4 1.0 6 113.2 182.8 474.9 326.0
001223,1.0 0 13.4 119.9 486.7 257.3
001227,1.0 14 105.5 307.4 136.7 375.5 1.0 14 278.3 303.7 309.6 345.6 0.9 14 141.9 305.5 175.6 347.8 0.6 3 0.5 0.5 374.7 432.5 0.9 14 47.9 299.9 85.4 366.4 1.0 14 183.2 318.8 229.0 388.5
001228,1.0 14 301.6 24.2 359.5 238.6 1.0 14 66.7 29.2 128.5 234.8 0.9 14 412.9 10.5 499.0 221.7 1.0 14 0.8 47.6 43.0 248.7 1.0 14 180.3 44.1 287.3 239.7 0.6 14 178.6 38.8 200.0 63.0 1.0 14 138.7 30.0 192.9 235.3 1.0 14 260.8 37.6 316.4 241.6 1.0 14 18.1 41.9 103.3 246.4 1.0 14 341.4 0.9 489.7 243.0
001232,1.0 11 127.9 32.2 379.7 318.0
001235,1.0 2 139.1 119.9 206.8 268.0 1.0 2 314.4 154.4 405.4 314.5
001238,0.9 1 187.8 234.7 250.9 358.4 1.0 14 174.1 146.9 256.5 316.1 1.0 1 174.9 231.5 250.6 358.5
001242,0.9 14 2.8 11.5 303.3 333.5 0.7 14 21.8 9.6 491.9 332.8
001243,0.7 8 1.0 8.9 99.7 163.9 0.8 8 0.7 22.4 42.9 108.0 0.6 14 63.0 0.7 89.6 33.3 1.0 14 88.8 16.4 275.5 482.7 0.7 8 1.5 24.8 100.0 162.5
001244,0.6 4 82.5 97.2 93.6 122.0 0.9 8 1.7 156.0 64.3 269.2 1.0 14 357.0 61.7 500.2 375.2 0.9 4 461.9 21.5 491.7 104.7 1.0 14 19.0 113.9 240.0 358.3 0.6 4 76.0 96.9 87.5 121.8 0.9 14 256.3 1.0 459.8 269.2 0.9 8 288.2 228.2 385.6 374.5 1.0 14 257.7 1.8 473.7 374.4
001245,1.0 14 191.0 142.0 221.9 190.4 0.6 13 48.8 154.5 74.6 188.2 0.7 13 183.4 159.0 280.0 246.7 0.8 14 59.4 152.9 75.5 184.4 0.8 12 187.1 101.7 351.6 249.7 0.8 12 230.6 101.6 352.7 251.1 0.9 12 232.7 103.2 351.5 253.2
001246,0.6 6 97.9 178.3 411.6 252.5 0.9 6 96.5 179.0 465.4 374.9 0.7 11 321.3 203.2 472.3 376.5
001249,0.8 7 228.4 311.9 356.4 469.8 0.8 7 229.7 311.5 341.0 426.7 0.9 7 2.2 348.6 233.6 472.6 0.8 2 203.2 6.4 286.0 93.2
001251,0.9 14 156.6 92.4 186.4 127.4 1.0 14 128.5 95.2 160.0 127.9 1.0 14 21.1 12.2 102.6 225.3 0.5 14 0.4 66.9 70.9 317.5 0.9 14 0.9 66.5 26.9 138.2 0.8 14 0.3 15.9 102.4 331.4 1.0 14 111.8 11.1 350.4 332.9
001252,1.0 6 56.9 88.9 431.8 348.8
001253,0.9 14 273.9 79.9 375.3 499.3 0.6 14 0.6 90.7 105.1 362.2 0.6 14 0.2 137.8 104.8 363.9 0.8 10 53.5 363.6 375.1 501.6 0.6 14 273.8 81.0 375.3 431.6 0.9 8 195.9 232.0 248.1 330.1 0.7 14 250.0 79.3 374.3 482.9
001255,0.7 15 1.5 7.0 215.5 374.4 0.8 15 2.5 2.4 496.8 374.1
001256,1.0 14 386.5 194.1 434.2 352.4 0.9 1 402.5 177.8 499.6 325.2 0.9 14 225.9 169.2 261.8 217.1
001257,0.6 11 97.9 33.4 307.6 320.4
001261,0.8 14 75.4 127.1 341.0 375.0 0.6 14 339.3 100.4 491.4 375.1 0.9 14 76.0 128.5 324.0 375.5 1.0 14 2.2 21.9 229.0 375.1 1.0 14 262.2 99.3 489.7 375.1
001262,0.6 2 43.7 1.1 285.5 398.5 0.6 2 43.8 1.2 358.6 399.3 0.9 2 183.3 35.8 362.9 251.2
001264,1.0 13 67.6 23.0 446.3 349.7
001267,0.6 14 199.4 211.7 223.0 237.8 0.8 13 227.7 209.5 271.5 267.6 1.0 6 125.4 206.6 180.7 242.1 0.9 14 102.5 208.4 124.8 257.0 0.6 14 231.0 197.7 270.9 264.6 1.0 6 316.4 199.7 500.4 297.1
001271,0.9 14 173.7 1.0 218.7 65.5 0.7 14 17.4 69.2 46.7 133.5 0.9 14 26.6 0.9 103.7 140.3 1.0 14 0.9 3.6 31.9 185.9 1.0 14 305.5 0.7 406.7 125.1 0.7 16 293.9 53.6 345.3 132.2
001275,0.6 2 256.2 110.7 279.0 134.5 0.8 2 304.7 96.6 329.0 123.2 0.9 2 175.8 81.2 195.5 112.2 0.9 2 110.5 76.6 132.6 102.6 0.7 2 29.8 91.3 50.1 120.1 0.9 2 316.0 122.3 347.2 161.3 0.9 2 291.1 160.0 338.7 208.4 0.6 2 464.7 157.7 494.4 197.2 0.9 2 365.3 146.9 401.7 195.1 0.8 2 95.7 98.4 115.9 137.0 0.9 2 399.6 113.9 422.6 149.5 0.9 2 246.4 84.6 272.8 115.0 0.9 2 15.1 125.9 38.6 164.9 0.9 2 345.9 122.6 386.6 154.3 0.9 2 145.1 132.4 176.9 172.7 0.9 2 261.4 137.1 298.1 165.9 0.8 2 139.6 82.7 156.7 116.2 0.9 2 89.3 172.5 127.5 230.7 1.0 2 168.3 126.4 244.9 283.6 0.9 2 68.7 139.3 101.3 178.2 0.6 2 437.2 172.7 472.8 199.9 0.9 2 203.5 78.6 237.4 104.2 0.9 2 221.4 146.1 282.3 214.3 0.9 2 321.9 208.6 402.5 276.4 0.7 2 60.6 114.4 82.7 143.2 0.8 2 327.9 96.2 355.8 120.2 0.6 2 305.1 101.3 339.7 137.4
001276,0.5 15 222.7 142.1 251.3 183.7 1.0 8 6.3 217.6 191.5 376.0 0.9 8 394.4 174.0 472.8 308.0 0.8 8 134.3 174.3 234.3 334.8 0.9 8 462.4 161.6 500.0 281.6 0.8 8 395.2 172.3 471.1 281.6 0.8 8 6.3 173.9 231.7 376.2 0.7 8 96.6 163.4 194.0 228.1 1.0 8 313.3 158.5 404.2 271.4
001278,0.6 7 1.6 19.7 383.9 319.9 0.8 6 0.4 1.3 499.1 370.1 0.9 7 1.8 19.9 394.9 361.0
001280,1.0 6 69.6 79.8 478.4 302.0
001282,1.0 14 30.3 63.7 223.1 334.1 0.7 11 106.5 124.9 226.1 276.6 1.0 14 248.9 38.2 396.7 334.1
001283,1.0 6 232.7 149.8 377.2 199.5
001285,1.0 13 80.1 127.4 247.1 258.6 1.0 13 206.1 118.2 458.0 290.2 0.9 13 203.9 138.0 373.1 291.5
001291,1.0 6 6.7 12.7 494.3 365.1
001295,0.9 4 73.9 47.0 310.1 501.2
001296,1.0 14 192.0 47.3 339.2 294.9 1.0 13 69.7 97.8 406.2 333.0
001297,0.8 19 121.4 217.4 325.1 342.1 0.6 14 147.7 87.0 302.6 225.8 0.6 14 1.3 84.4 313.8 389.3 0.9 14 0.9 87.4 329.5 498.5 0.5 17 1.9 135.4 362.3 500.0 0.9 14 116.6 86.0 340.9 500.5
001300,1.0 12 82.4 104.2 252.2 424.8
001301,0.8 14 125.8 0.8 320.2 126.8 0.9 14 385.6 2.5 499.7 374.4 0.9 14 382.9 3.1 441.9 374.1 1.0 13 18.6 30.2 379.4 375.2 0.9 14 329.6 18.7 401.3 373.1 0.6 14 133.3 0.6 320.1 96.7 0.8 14 325.3 13.8 438.1 373.9
001302,1.0 8 0.9 215.3 156.2 375.6 0.5 15 0.8 0.5 81.2 211.9 0.9 8 262.3 89.0 339.7 155.3 0.9 8 164.7 92.7 238.9 157.5 0.6 8 1.5 215.9 197.3 375.7 1.0 10 3.4 149.4 486.0 375.1 1.0 8 184.2 222.5 351.0 375.2
001303,0.9 14 0.6 2.6 406.6 374.4
001305,1.0 0 49.1 111.2 382.3 245.5
001306,1.0 11 172.2 136.1 286.7 209.4
001307,0.7 14 247.6 90.7 267.0 131.7 0.9 14 280.0 80.0 300.9 146.8 0.9 14 177.7 56.3 241.2 124.9 0.9 1 239.8 119.6 283.2 161.9 1.0 14 382.5 63.2 476.3 333.3 0.8 14 378.4 83.7 408.0 123.2 0.5 1 267.3 175.2 385.0 273.7 0.8 14 213.3 59.4 243.7 128.3 0.9 14 341.2 94.4 363.2 140.0 0.8 14 377.4 83.5 408.2 140.3 0.9 1 206.9 269.2 307.2 334.5 0.9 1 13.8 114.0 56.3 176.4 1.0 14 19.7 9.3 272.4 334.2 0.7 14 461.7 78.9 499.0 123.4 0.5 1 60.9 248.5 306.9 334.4 0.9 14 0.9 82.3 17.3 160.1 0.6 14 176.3 56.6 255.8 251.6 1.0 14 288.0 64.1 357.0 193.6 0.9 1 230.5 176.2 335.3 270.3 0.9 14 287.4 64.5 358.1 238.9 0.5 1 268.3 177.2 339.4 262.7 0.8 14 354.9 81.7 372.7 132.4
001308,1.0 6 110.7 72.5 483.1 376.5 1.0 6 396.4 51.7 474.7 107.9
001313,0.0 0 0.0 0.0 10.0 10.0
001317,0.6 11 54.5 159.6 89.0 255.1 0.8 12 15.5 11.3 179.2 251.9
001318,0.6 5 24.3 204.6 159.9 280.1 1.0 5 209.6 181.7 369.7 255.0
001319,0.9 8 278.1 178.9 440.0 376.0 0.8 8 406.0 168.4 498.9 375.3 0.8 8 65.2 205.6 146.8 370.7 1.0 14 112.9 101.2 262.3 339.8 1.0 8 68.9 206.1 251.2 375.6 0.6 8 371.7 169.7 498.8 376.3
001320,1.0 14 233.5 56.3 307.5 214.1 1.0 12 170.5 93.1 406.2 295.1
001321,0.9 6 0.1 122.5 197.9 242.8 0.8 6 0.4 97.3 411.7 333.3 0.8 6 0.8 95.5 450.7 332.1 0.7 6 230.2 142.5 388.7 229.7 0.5 6 170.2 96.0 451.2 287.5
001322,0.9 11 0.7 13.8 498.6 375.0
001328,1.0 11 132.4 112.6 313.8 311.7 0.6 6 0.7 10.6 497.9 353.6
001329,1.0 14 62.0 155.9 82.0 193.1 0.9 14 13.3 141.0 31.9 187.4 0.9 1 280.2 227.1 400.5 335.3 0.8 1 254.5 228.4 400.1 338.7
001331,0.8 6 394.8 128.5 466.9 199.0 0.9 6 448.6 126.1 499.9 228.5 0.8 6 78.0 150.1 406.3 306.7 0.9 6 75.1 33.6 405.2 307.0
001335,1.0 6 0.5 185.0 92.7 269.6 0.9 5 150.3 60.7 440.5 288.7
001336,1.0 14 122.3 49.3 295.0 249.8 1.0 1 68.5 140.5 329.7 265.1 0.9 1 77.0 247.4 355.8 324.6
001338,1.0 19 248.6 58.2 339.1 131.2 0.8 14 174.6 88.9 212.3 132.7 0.7 8 -0.6 206.7 281.5 376.0 0.6 17 149.1 199.0 493.0 375.8
001339,0.8 11 44.2 200.2 230.3 328.6 0.6 11 31.7 0.6 454.2 302.4 0.7 11 75.9 1.4 454.2 300.4 0.5 11 113.9 2.5 453.0 299.2
001340,0.9 11 328.3 274.2 498.8 375.6 0.9 8 209.3 44.8 407.9 256.8 1.0 14 90.4 136.6 258.1 372.8 0.6 14 88.3 105.3 336.8 375.5 0.9 14 220.6 105.8 338.8 373.4 1.0 11 234.5 220.8 393.5 375.4 0.7 14 225.1 103.6 398.6 374.9
001342,0.6 3 176.5 78.6 218.0 101.2 0.9 3 196.4 126.6 270.2 155.5 0.5 3 170.2 90.8 218.8 105.7 0.7 14 342.1 169.6 448.5 301.4 1.0 14 344.6 170.9 489.6 322.7
001344,0.6 16 59.4 58.0 376.3 374.3
001347,1.0 4 247.1 263.0 273.9 325.2 1.0 14 112.4 64.7 453.8 375.4 1.0 14 199.8 60.7 490.7 359.4 0.9 14 201.4 61.5 451.3 353.6
001349,0.8 4 88.6 322.0 132.7 374.7
001351,0.9 14 397.7 84.2 499.9 269.0 0.7 8 179.7 291.6 263.3 375.5 0.8 14 47.1 139.1 144.7 283.4 0.9 8 202.3 159.1 264.8 264.4 1.0 14 48.7 139.8 145.7 347.5 1.0 14 126.6 175.9 248.2 368.7 0.6 8 339.9 240.5 498.3 375.3 0.9 14 370.3 83.5 500.0 271.7 0.5 8 182.7 287.6 328.0 376.1
001353,1.0 11 117.0 107.6 349.8 332.8 1.0 14 0.6 28.0 99.6 332.3 1.0 14 90.5 1.8 368.1 330.8
001354,0.6 4 13.1 220.5 47.2 284.9 0.7 8 0.8 271.6 130.5 361.7 1.0 14 178.4 30.8 263.4 216.4 0.5 4 220.6 218.4 242.7 264.8 1.0 4 97.4 202.1 122.9 278.5 1.0 4 336.8 265.1 375.1 360.9 0.9 8 368.4 170.4 426.8 248.7 1.0 14 111.7 46.1 187.3 219.6 1.0 14 2.4 46.4 158.6 249.2 1.0 10 2.1 209.9 477.1 361.7 1.0 14 195.9 67.0 373.8 260.9
001355,0.6 3 0.7 182.6 42.1 213.9 0.6 3 2.7 83.5 48.3 149.7 1.0 3 69.5 0.9 498.6 372.0
001356,0.9 14 457.3 54.0 496.8 138.0 1.0 6 0.8 54.7 98.0 199.9 1.0 6 23.4 65.8 498.5 298.4
001357,0.8 13 281.8 113.5 444.4 344.8 0.9 13 36.6 158.5 344.3 352.3 1.0 14 119.1 27.5 227.8 226.7 0.9 13 35.0 103.7 441.0 349.5
001358,0.6 14 135.2 151.7 284.4 280.1 0.9 6 9.8 48.8 158.9 120.6 1.0 6 340.9 3.2 412.6 41.6 1.0 14 0.9 45.0 22.6 184.8 1.0 14 49.7 90.4 165.2 290.9 0.7 6 125.7 47.5 389.9 280.4 0.5 6 6.0 25.5 386.7 279.7 1.0 14 115.0 48.2 144.1 89.9 0.9 14 184.5 152.0 282.5 249.3
001359,0.6 18 196.5 95.0 380.1 270.9 1.0 18 200.7 49.1 378.5 269.0
001363,0.5 14 360.4 104.4 438.8 339.3 1.0 14 301.8 106.2 365.5 185.2 0.7 14 359.5 103.6 438.7 230.8 1.0 14 234.3 101.7 301.5 184.2 1.0 19 1.3 32.5 178.7 304.0 0.9 19 172.5 28.2 494.7 329.2 1.0 14 359.5 103.3 438.9 198.0
001366,1.0 14 214.2 151.9 260.8 275.4 1.0 14 266.0 150.8 295.0 281.0 0.9 11 98.8 261.7 135.7 329.7 1.0 14 60.6 181.7 121.9 327.1 0.8 14 70.7 162.3 104.6 202.6 1.0 14 320.4 201.6 357.9 332.3 0.8 14 290.8 171.6 324.8 289.4 0.8 11 286.8 268.9 321.6 331.5
001367,0.9 8 64.7 264.3 285.4 375.0 1.0 19 115.3 66.3 266.5 232.2 0.5 8 163.7 265.6 285.8 375.3 1.0 19 270.5 59.7 440.2 228.4
001368,0.9 8 317.3 256.5 374.7 400.2 1.0 14 99.5 32.3 294.1 307.8 1.0 10 0.7 293.4 373.8 500.8
001369,0.9 6 19.4 47.1 333.0 430.0
001370,0.7 1 200.6 255.7 297.3 460.3 0.9 1 201.0 205.2 314.3 459.7 0.8 1 199.9 205.3 290.0 462.7 1.0 1 45.6 215.0 187.4 500.9 0.8 14 25.8 48.3 185.7 290.1 0.9 14 25.9 49.4 193.5 420.0 0.6 14 25.0 47.6 221.9 460.5 1.0 14 199.2 56.4 333.0 426.0
001372,0.8 14 267.4 98.4 293.5 142.8 0.7 14 299.2 73.5 333.1 241.7 0.6 14 310.0 73.3 332.9 157.3 0.7 14 183.0 70.5 300.1 252.2 0.6 8 17.6 259.3 180.8 452.4 0.9 10 0.9 158.0 210.1 453.4 1.0 14 183.8 70.6 298.7 473.1
001373,1.0 0 8.5 66.0 493.0 211.4
001374,0.8 10 25.9 222.0 143.8 341.0 0.9 8 243.0 271.2 337.0 353.1 0.9 17 317.7 205.8 500.0 375.0
001376,1.0 6 380.0 242.4 426.8 273.0 0.9 6 6.8 230.2 39.1 249.8 1.0 14 199.2 186.5 306.6 374.7
001377,0.9 8 267.6 163.6 312.1 256.1
001379,1.0 6 30.3 31.9 477.2 336.5
001380,0.9 2 101.5 183.1 148.5 297.6
001381,0.8 7 113.4 64.6 386.8 332.4 1.0 7 111.2 20.7 388.3 331.5 0.6 7 112.7 16.7 497.7 333.1 0.6 7 111.0 15.7 498.6 332.9
001382,1.0 14 49.8 240.7 73.2 312.2 0.8 6 356.3 228.3 450.3 276.9 0.9 6 429.1 230.7 473.4 274.1 1.0 6 419.6 254.5 499.3 331.6 1.0 6 16.4 236.2 74.4 284.4 1.0 14 0.9 237.8 26.1 314.6 1.0 14 78.3 233.4 102.3 296.4 1.0 6 277.2 246.3 330.6 286.8 1.0 6 96.9 227.9 286.8 327.2 0.9 6 305.0 229.3 449.7 276.2 1.0 6 293.8 259.6 425.6 330.2
001389,1.0 7 217.2 159.6 462.6 342.9
001391,0.7 8 395.6 201.6 477.0 284.2 0.9 17 37.3 174.8 348.7 374.9 0.8 15 358.3 11.2 422.1 109.5
001392,0.9 7 42.7 69.8 292.6 272.8 0.9 7 39.2 66.5 488.7 339.7 0.7 19 382.1 22.2 499.3 186.1 0.9 7 160.1 67.6 489.4 339.1
001394,1.0 3 40.7 98.1 110.9 132.2 1.0 6 137.1 37.3 500.5 289.8
001396,1.0 14 228.7 203.0 258.1 280.0 0.6 8 334.0 237.2 397.0 316.9 1.0 14 284.0 199.6 315.0 299.3
001398,0.9 12 18.3 5.1 248.4 175.3
001399,0.7 2 179.7 192.2 268.3 281.8 1.0 2 122.3 205.8 181.2 253.4 0.6 2 105.5 280.8 148.2 310.3 0.9 2 180.9 191.1 239.6 236.7
001401,1.0 7 113.6 125.1 432.1 278.3
001403,0.6 6 195.6 100.2 240.3 121.8 0.8 1 128.9 177.0 165.8 229.3 1.0 1 47.5 173.8 114.2 227.7 1.0 14 372.3 130.9 418.9 269.5 1.0 1 365.3 190.2 482.9 267.4 1.0 14 317.2 135.2 348.2 241.6 0.8 1 180.8 166.7 279.6 239.7 1.0 14 97.1 131.8 133.0 230.5 1.0 14 185.4 127.4 234.5 279.5 0.9 1 258.7 173.1 329.1 248.1 1.0 14 226.9 117.1 268.9 243.7 1.0 1 131.6 175.1 209.0 236.0 1.0 14 65.0 141.7 96.9 229.5 0.8 1 400.5 191.8 479.5 266.8 1.0 14 328.3 136.6 377.4 276.3 0.6 1 219.9 166.6 329.6 247.8
001407,0.6 4 227.0 227.4 240.2 253.7 0.9 8 425.8 277.4 499.2 375.5 1.0 8 60.7 321.7 177.0 374.9 0.9 8 9.3 224.5 57.9 300.3 0.9 8 32.0 287.3 116.0 375.0 0.8 10 51.8 218.6 345.2 308.3 0.8 8 108.1 288.5 174.9 330.1 0.7 8 35.7 244.1 99.2 300.7
001410,0.8 3 285.3 0.6 328.4 23.3 0.9 3 27.0 1.0 95.3 98.1 0.7 3 301.3 64.3 357.5 92.5 0.9 3 433.7 32.1 499.0 61.6 0.8 3 160.6 4.4 191.3 78.0 0.9 3 188.2 49.1 346.0 257.9 0.8 3 30.6 70.7 96.9 95.1 0.9 3 365.2 46.0 426.5 79.9 0.5 3 300.9 74.6 356.8 94.5
001411,1.0 14 3.4 87.8 148.5 246.7 1.0 14 157.2 17.4 498.8 332.5
001412,0.7 12 180.0 106.0 256.1 285.8 1.0 12 177.8 104.6 397.0 290.5 1.0 14 213.6 83.6 295.9 286.3 0.8 12 277.7 116.8 397.0 278.8
001415,0.7 2 357.2 255.0 416.3 302.7
001416,0.8 16 121.2 144.5 324.0 311.8 0.9 16 309.9 136.5 498.5 314.5 0.5 16 410.2 70.6 492.7 149.8 0.9 16 21.3 73.7 178.6 184.4 0.8 16 210.6 78.1 402.0 191.2 0.7 16 -0.3 144.8 320.7 325.7 0.6 16 203.3 144.1 325.4 306.9 0.9 16 331.8 25.8 497.6 147.9 0.7 16 210.3 81.2 353.5 192.4 0.8 16 26.8 16.2 216.7 137.8 0.9 16 1.5 108.5 116.6 252.1 0.5 16 196.2 146.3 322.1 274.6 0.7 16 265.5 81.6 353.9 189.2 0.5 16 264.2 81.0 355.4 192.3 0.8 16 331.9 27.1 468.7 103.4
001417,0.7 14 342.2 30.7 370.2 82.2 1.0 14 181.8 45.2 297.6 203.5 1.0 12 106.6 76.5 368.5 370.7
001419,0.6 14 289.1 1.5 332.7 141.8 1.0 14 47.2 30.5 184.4 260.6 0.7 4 77.5 374.7 115.5 439.7 0.9 4 45.0 263.6 99.2 398.5 0.6 8 55.6 35.0 101.7 120.2 1.0 14 138.9 17.5 333.2 410.1
001422,1.0 6 73.6 92.7 458.1 271.3
001423,1.0 14 123.8 63.4 221.6 332.8 0.9 14 125.8 63.0 354.1 332.8 0.7 14 290.7 61.8 377.3 327.1 0.9 14 193.6 100.4 289.0 333.2 0.6 14 257.0 61.6 376.7 331.7
001424,1.0 14 145.1 338.1 169.7 415.3 0.8 6 314.6 344.7 352.9 392.6 0.9 14 211.6 367.8 224.3 405.3 0.8 14 0.6 315.7 19.4 429.9 0.7 6 262.2 315.8 316.4 401.3 1.0 14 189.3 358.9 204.2 407.9
001425,0.5 2 252.3 178.7 384.5 303.6 1.0 2 208.4 177.1 383.2 305.4
001428,0.9 7 154.2 190.7 434.9 350.5 1.0 6 250.8 148.6 393.3 220.5
001429,1.0 4 453.3 73.3 490.7 183.8 0.9 4 460.6 109.9 493.9 184.4 0.8 4 453.0 72.7 488.3 144.1 0.9 4 421.2 94.9 462.3 189.2 0.8 14 -0.1 57.8 389.3 372.6 1.0 14 0.4 56.3 497.8 372.8 1.0 4 422.8 96.0 468.2 226.6
001431,1.0 4 12.6 128.1 86.6 278.9 0.7 10 1.5 109.6 498.3 365.8 1.0 14 305.6 1.3 419.9 163.4
001433,0.8 0 6.9 15.9 484.1 261.3 0.9 0 17.7 86.8 481.4 255.1
001435,1.0 6 2.4 253.8 248.9 345.9 1.0 6 137.1 208.0 323.9 267.1 1.0 14 132.1 170.4 153.6 226.7 0.7 6 457.0 178.8 490.0 212.0 1.0 6 308.1 175.2 372.1 205.4 0.9 14 436.7 147.1 453.2 172.8 1.0 6 227.2 181.3 341.4 225.5 0.7 6 106.8 171.0 152.8 200.8 1.0 6 14.9 173.4 100.1 210.0 1.0 6 150.4 180.9 250.6 223.1 1.0 6 398.7 171.8 483.8 210.8 1.0 6 242.4 232.5 456.4 311.6
001437,0.6 14 209.3 46.9 311.8 127.1 0.6 15 0.9 60.4 49.0 265.8 0.9 15 0.7 58.6 154.2 275.1 0.6 15 0.9 60.4 94.6 275.4 0.9 14 137.6 43.3 405.1 322.4
001438,0.9 14 0.9 0.3 49.4 100.2 1.0 4 24.1 138.0 85.6 227.3 0.9 4 155.2 174.1 216.1 248.7 0.8 10 0.2 109.4 374.1 500.0 1.0 14 148.9 7.4 355.0 260.4
001440,0.8 2 49.8 73.5 394.3 277.8
001446,0.8 14 105.2 184.4 221.0 302.2 0.9 13 112.4 209.1 281.7 387.7
001447,0.7 14 162.6 37.7 322.1 288.8 0.9 14 160.8 37.9 352.3 289.5 1.0 13 141.3 119.1 411.9 320.0
001448,1.0 14 151.6 244.9 209.4 396.6 0.5 12 149.5 61.7 347.6 408.6 1.0 14 0.6 240.2 20.3 419.9 1.0 14 7.8 230.4 155.8 499.1
001449,0.6 18 171.5 38.1 282.4 231.8 0.5 18 323.3 78.1 424.4 217.8 0.9 18 25.7 83.7 163.7 228.8 0.5 18 169.8 38.2 281.7 228.5 0.8 18 323.6 78.7 425.5 255.3 0.6 18 185.5 38.2 281.3 224.4 0.5 18 321.2 78.4 438.5 222.2
001452,0.7 12 86.1 265.8 215.2 500.3 1.0 14 94.8 137.7 250.4 352.2 0.7 15 277.2 199.5 302.4 240.5
001454,0.6 14 235.9 167.5 301.0 309.3
001456,0.7 4 43.4 65.1 110.1 333.0 1.0 4 43.6 64.2 108.8 224.1 1.0 4 121.0 76.9 183.8 331.2 1.0 14 263.2 1.9 499.1 331.2
001458,1.0 17 107.7 121.9 388.3 300.7
001459,0.9 19 0.8 112.7 52.9 206.1 0.7 14 117.0 184.6 139.9 211.6 0.7 19 108.7 158.1 157.5 216.1 1.0 14 133.6 120.0 257.6 376.6 1.0 14 248.9 124.8 374.2 375.0
001461,0.9 8 9.4 203.6 76.9 362.2 1.0 17 136.8 177.7 412.5 374.2
001462,0.8 7 223.6 156.3 284.6 250.6
001469,1.0 15 291.6 267.7 374.5 385.2 0.9 15 267.7 330.6 327.8 393.5 0.9 14 109.0 101.8 197.1 276.8 0.9 14 111.0 102.3 191.0 465.5 0.9 15 186.9 323.9 270.6 430.9
001471,0.9 8 309.1 185.4 374.7 365.0 0.8 15 110.7 198.1 134.5 226.9 0.8 9 164.0 125.1 307.5 395.0 0.7 15 18.4 198.1 46.9 233.8
001473,0.8 1 1.1 265.6 82.0 473.2 0.6 1 0.7 253.1 68.0 454.5 1.0 14 44.4 227.5 64.3 250.3 1.0 14 61.0 101.7 211.3 500.1 0.7 1 3.1 185.4 41.5 254.3 1.0 14 182.6 85.1 332.7 500.8
001474,0.9 3 106.8 83.1 463.0 138.0 1.0 14 370.5 17.2 427.1 115.0
001476,0.7 13 378.0 118.6 415.1 146.0 0.7 13 242.4 143.5 321.4 261.6 0.9 13 115.0 110.5 179.3 145.5 0.6 13 198.8 151.7 274.1 272.5 1.0 14 459.5 109.3 484.5 162.7 1.0 14 30.3 96.8 47.0 140.4 1.0 14 200.2 55.9 294.9 176.6 0.9 6 330.1 101.7 407.8 132.0 0.9 13 75.6 111.9 117.9 144.1 0.9 14 71.6 98.9 87.0 134.9 0.9 14 199.7 55.7 303.9 242.4 0.8 13 303.2 114.7 342.7 144.4 1.0 13 200.5 145.9 319.6 272.7 0.9 14 63.2 99.9 78.6 134.3 0.9 6 291.0 100.0 337.4 124.1
001477,0.9 16 15.6 1.7 71.7 82.2 0.9 16 43.1 201.7 202.4 345.7 0.9 16 182.4 81.3 452.6 278.8 1.0 16 110.0 172.3 222.7 257.0 0.9 16 365.5 89.5 457.5 207.9
001478,1.0 15 237.3 122.2 426.3 308.0
001482,0.9 14 146.8 144.1 232.2 376.2 1.0 14 0.7 194.7 46.0 374.9 0.9 14 145.5 144.1 230.4 288.1 1.0 14 73.8 172.8 162.1 375.0 1.0 14 201.3 159.8 307.9 375.3 1.0 14 277.4 140.9 381.3 375.0
001487,1.0 3 227.5 115.4 278.2 148.9 0.6 3 228.7 130.1 274.4 150.2
001489,0.8 4 180.2 161.6 205.3 243.7 0.9 8 1.0 82.0 119.1 140.0 0.8 4 152.2 178.3 177.5 251.2 0.9 4 326.9 59.7 346.0 108.6 0.8 8 410.3 80.1 498.6 161.7 0.9 8 202.2 45.1 297.7 101.6 1.0 4 128.7 182.8 162.8 263.9 1.0 10 1.9 89.6 496.1 332.3
001491,1.0 6 443.1 108.9 499.8 261.5 1.0 6 0.4 94.7 199.6 230.5 1.0 6 102.1 98.4 433.5 265.2
001495,0.6 14 107.9 78.1 348.6 374.9 1.0 14 106.7 77.5 424.3 375.4 1.0 1 1.1 175.7 498.2 376.3 0.8 14 281.3 175.8 496.1 375.2
001496,1.0 1 74.1 175.1 201.1 305.8 1.0 14 169.3 1.5 269.0 143.7 1.0 14 389.5 38.8 491.5 198.4 1.0 1 360.9 108.6 495.3 236.9 0.9 1 161.9 49.6 257.2 148.1 1.0 14 90.0 106.8 206.0 293.4 0.8 1 158.1 49.8 271.6 158.9 1.0 14 231.5 52.3 352.4 237.5 1.0 1 214.7 129.9 345.9 263.8
001500,0.9 7 348.4 246.8 499.1 370.3 1.0 19 201.7 47.9 345.8 178.7 1.0 19 53.6 131.2 160.5 277.5
001502,0.9 14 179.6 64.1 321.7 209.7 0.8 14 172.3 64.0 322.1 289.7 1.0 13 110.0 168.2 378.6 374.2
001503,1.0 14 290.1 155.7 337.4 217.0 1.0 1 76.5 49.6 421.8 296.7
001505,0.9 0 323.8 164.0 354.6 192.0 1.0 0 327.0 102.8 499.2 190.6
001506,0.5 8 0.1 319.6 147.9 375.0 1.0 14 372.7 104.6 478.9 334.9 1.0 14 42.3 119.0 125.0 324.4 1.0 14 187.0 68.8 285.3 358.9
001507,0.9 11 32.1 0.1 341.6 278.6
001508,0.7 12 116.1 261.5 373.9 498.7
001511,0.6 14 346.9 70.8 363.5 90.1 0.7 14 404.5 73.0 417.8 100.8 0.9 14 386.8 72.9 404.3 101.4 1.0 14 482.8 73.5 500.0 171.1 0.5 14 395.8 73.3 409.9 100.7 0.6 14 401.7 73.8 415.4 100.7 1.0 6 14.3 43.0 488.8 276.5 1.0 14 416.4 72.8 435.3 106.2
001513,1.0 19 50.8 227.2 171.7 349.7 0.6 8 313.6 229.7 465.1 376.0 0.9 17 314.9 229.3 466.3 375.5
001516,0.7 14 375.5 38.0 396.9 80.0 1.0 14 420.2 31.6 482.8 221.1 1.0 14 1.0 19.4 59.9 204.7 1.0 14 413.4 19.3 439.4 68.8 0.5 14 385.2 48.2 414.7 95.7 1.0 14 433.6 31.6 483.2 220.6 0.8 14 428.9 35.2 458.3 100.2 0.6 13 34.0 81.7 448.4 311.7 1.0 14 390.4 48.8 417.5 94.1 0.6 13 34.1 81.9 185.3 283.7 1.0 14 297.8 12.8 350.0 130.1 0.9 13 30.4 36.7 447.3 316.0 0.7 13 33.4 51.7 445.6 314.2 0.7 14 387.9 47.6 429.8 181.5 0.5 13 243.9 90.7 455.1 317.0 1.0 14 346.6 27.4 376.4 102.2 0.8 14 376.3 40.7 397.7 96.7
001518,0.8 8 73.2 158.4 185.2 250.5 1.0 17 137.8 190.3 366.5 313.0 0.8 8 40.2 153.2 130.2 220.2
001519,0.9 8 33.4 246.8 129.2 343.8 0.5 8 30.3 247.8 132.4 393.5 0.8 8 164.2 210.9 250.1 340.4 0.9 17 185.1 280.4 329.3 454.7
001520,0.9 7 0.1 114.8 452.6 375.7 1.0 7 2.4 115.9 451.3 291.6
001525,1.0 6 155.2 152.3 320.0 224.2
001527,0.9 3 98.3 132.6 170.7 162.3 1.0 3 227.0 138.1 282.0 165.5 1.0 3 320.7 138.4 435.1 167.4
001530,0.0 0 0.0 0.0 10.0 10.0
001533,0.5 14 106.5 133.8 158.4 190.4 1.0 14 353.2 187.3 499.0 374.4 0.8 14 348.7 246.3 499.5 374.8 0.6 14 431.9 184.4 498.7 262.9 0.6 14 0.9 231.7 28.6 370.0 0.9 14 103.8 175.9 141.1 294.1 1.0 14 104.7 134.0 194.7 290.5 0.9 1 244.2 175.2 351.0 327.7 0.6 14 105.4 132.7 182.8 201.2 0.5 8 332.6 236.3 498.9 375.4 1.0 14 293.9 63.9 365.3 308.7 0.6 14 369.2 184.7 497.9 272.9 0.7 14 254.0 293.7 371.9 375.2
001534,1.0 8 156.0 201.9 227.7 283.7 0.9 8 252.1 272.9 340.7 340.0 1.0 8 81.8 265.2 169.6 323.5 0.9 8 0.7 267.1 74.6 314.0 0.9 10 0.3 302.2 326.9 375.3 0.7 8 418.7 314.4 495.4 375.5
001535,0.9 6 278.5 144.8 402.4 226.4 1.0 6 227.1 145.7 404.8 230.7
001538,1.0 14 393.5 225.4 413.7 279.0 1.0 14 372.5 223.1 393.1 287.8 1.0 14 444.4 223.4 484.5 324.7 1.0 14 416.7 216.8 449.9 320.2 0.6 14 24.7 239.1 41.3 260.0 1.0 14 471.2 222.7 494.1 308.5 0.5 15 94.4 195.9 123.8 256.2 1.0 14 278.1 219.7 298.9 267.9
001540,0.8 10 122.6 274.0 306.0 373.7 0.8 17 0.2 214.0 153.7 350.5 0.7 19 218.7 184.0 293.3 252.0 0.8 8 -0.4 215.9 154.1 352.5 0.9 15 223.0 229.5 263.3 287.9
001542,1.0 7 2.0 101.5 434.6 311.7
001546,0.9 19 92.2 150.4 416.0 328.4 0.7 19 96.2 158.1 399.6 326.2
001547,0.6 0 58.8 135.9 262.6 212.3 1.0 0 57.7 104.3 461.0 211.8
001549,1.0 19 30.9 63.6 113.3 132.5 0.7 11 101.1 84.2 231.7 332.2 0.6 11 102.1 82.4 252.5 335.0
001550,1.0 6 420.1 103.6 500.1 161.0 1.0 6 5.5 59.5 501.5 343.9
001551,0.7 7 200.2 65.4 341.8 146.4 0.9 4 475.9 325.6 499.8 374.5 1.0 19 171.6 43.6 354.0 177.0 0.8 17 0.3 101.8 145.4 302.6 0.7 8 167.7 188.4 454.2 375.8
001552,0.9 6 0.6 69.0 130.3 201.7 1.0 6 1.4 27.5 474.2 371.0 0.7 6 2.1 79.8 479.2 374.4
001558,1.0 14 12.9 57.1 282.1 331.6 1.0 14 278.0 13.9 499.5 327.7
001560,1.0 6 64.0 97.7 449.0 349.2
001562,1.0 11 177.6 49.3 321.7 352.3
001564,1.0 14 406.9 156.5 499.8 332.3 0.8 8 374.3 65.8 473.5 224.8 0.5 14 0.4 76.2 104.3 375.7 1.0 14 58.2 179.7 209.5 354.2 0.9 14 1.3 76.5 210.9 376.0 0.6 10 77.8 283.9 499.6 375.6 1.0 14 268.6 74.5 397.6 305.9 0.6 10 116.9 297.0 499.6 375.7
001566,0.6 14 0.5 57.5 373.6 411.7 1.0 14 0.6 56.7 372.9 499.4 0.7 7 85.6 208.6 290.0 503.1 0.6 14 64.5 57.6 373.9 500.0
001567,0.6 13 46.8 117.5 332.2 426.4 0.8 4 28.0 332.8 49.2 393.2
001568,0.9 0 0.7 39.3 399.6 400.3
001569,1.0 4 2.8 275.8 45.5 395.9 0.6 4 285.0 251.1 346.8 401.0 0.9 4 285.6 217.3 373.5 405.5 0.9 4 237.0 352.9 271.9 427.5 1.0 6 275.7 130.8 345.5 167.1 0.9 4 61.5 303.1 114.8 408.3 0.7 6 1.3 137.7 120.0 183.6 1.0 14 93.7 40.6 297.3 349.4 0.9 4 203.7 352.4 236.8 430.4
001570,0.6 14 66.0 17.1 389.3 309.4
001572,0.9 14 214.0 95.4 237.1 116.1 0.9 14 429.5 101.7 450.0 119.6 1.0 6 1.2 118.8 146.2 215.7 0.7 14 414.4 104.4 430.4 117.2 1.0 6 10.0 108.8 431.5 341.5 0.8 14 240.6 100.3 261.4 115.0
001573,1.0 7 171.4 101.7 332.3 272.6
001574,0.9 12 32.7 162.5 213.4 500.9 0.7 12 29.2 117.3 217.9 501.4
001575,0.5 6 113.7 205.8 310.8 265.7 0.7 14 244.7 235.7 259.7 271.1 1.0 14 28.9 235.0 49.6 289.2 1.0 14 433.2 226.0 473.1 351.9 1.0 14 331.2 229.0 350.3 281.5 1.0 14 467.4 228.8 499.3 353.1 0.7 14 265.9 236.9 283.8 271.6 1.0 14 0.8 232.4 16.5 290.2 1.0 14 58.2 234.6 76.3 286.6 0.5 6 119.9 206.9 305.0 262.7
001578,1.0 18 27.0 99.1 442.9 288.4
001581,0.9 14 131.8 162.8 245.2 476.4 0.6 14 261.1 124.7 332.4 354.0 0.9 14 208.5 166.3 331.3 404.1 0.6 14 135.5 162.3 164.0 224.0 0.8 1 286.7 100.4 333.0 195.0 1.0 14 184.5 108.8 260.8 212.6 1.0 14 1.0 17.3 137.3 501.4 0.9 14 131.2 163.5 330.3 478.1 1.0 14 259.3 125.7 332.4 316.1 0.5 14 209.9 166.4 287.3 397.8 1.0 14 209.6 168.1 332.2 416.0
001583,0.5 14 438.2 113.9 470.5 208.8 1.0 14 421.7 175.9 477.3 217.8 0.7 14 69.5 37.9 232.0 243.0 1.0 14 70.3 36.2 199.0 367.8 1.0 14 312.0 45.0 393.2 284.1
001584,0.9 12 181.1 1.7 499.4 374.1
001585,0.7 8 2.5 217.8 166.8 368.1 0.8 8 1.3 215.3 98.3 366.3 0.7 8 319.7 224.6 423.7 345.0 1.0 8 308.2 177.2 422.4 343.7 0.8 8 1.1 184.8 166.0 365.8 0.5 10 3.6 193.1 237.3 348.7 0.5 4 56.5 161.3 67.9 192.9 1.0 14 198.5 114.4 325.4 357.5
001587,1.0 1 205.3 249.5 279.8 324.3
001589,0.8 9 38.4 1.9 267.2 322.3 0.9 9 325.1 103.4 439.9 314.1
001591,0.8 3 5.2 39.0 486.4 223.8
001592,1.0 7 2.2 22.9 237.0 246.2 1.0 7 226.5 24.5 491.6 236.4
001596,1.0 14 1.1 3.2 373.5 499.8
001599,0.5 17 340.1 264.7 499.6 375.3 0.8 8 466.4 213.8 499.8 284.5 0.7 8 250.3 147.4 319.7 194.8 0.9 8 166.8 152.0 248.4 235.5 0.9 8 249.6 178.3 325.4 231.9 0.9 8 247.6 147.5 325.9 231.2
001600,1.0 8 168.4 296.9 268.8 375.2 0.9 14 344.5 214.0 386.5 307.8 0.5 8 272.9 291.6 409.9 375.4 0.8 17 255.2 290.8 474.7 375.2
001601,0.8 11 1.0 73.7 433.7 375.9 0.9 11 2.2 2.7 433.6 374.9
001602,1.0 4 114.3 -0.7 228.6 148.8 1.0 4 296.3 1.3 351.2 332.2 0.7 4 302.8 2.4 350.8 165.9 0.9 4 253.3 139.1 307.5 346.3 0.8 4 301.8 1.9 350.5 99.4 1.0 4 254.9 80.7 312.9 357.2 0.5 4 190.2 1.5 237.0 169.1
001605,1.0 6 311.2 230.9 339.1 253.6 0.9 6 262.1 231.7 289.3 249.4 1.0 6 204.2 232.9 233.9 255.4
001606,0.7 14 355.8 40.1 462.0 360.6 0.8 1 371.8 178.7 445.9 381.6 1.0 14 1.1 1.4 140.0 309.3 0.9 1 369.6 178.1 436.4 380.7 0.6 1 284.3 182.9 398.0 380.9 0.8 14 354.9 40.2 462.6 378.1 0.5 1 284.4 183.1 368.3 381.1 1.0 1 0.6 165.4 157.7 382.4 1.0 14 1.0 1.0 139.3 372.8 1.0 14 227.2 6.4 375.7 329.9 1.0 1 236.8 182.8 369.1 381.7 1.0 14 357.7 39.9 463.5 327.6
001609,1.0 4 155.4 70.4 192.2 136.8 0.7 8 338.6 114.2 375.1 212.3 1.0 10 0.7 113.5 374.0 500.4 0.9 8 188.8 69.8 261.7 122.0
001613,0.8 1 63.0 55.7 445.8 334.6
001615,1.0 14 295.7 139.5 338.0 175.1 0.9 2 174.2 44.0 443.4 286.8 0.8 14 296.3 140.2 343.0 264.8
001616,0.0 0 0.0 0.0 10.0 10.0
001619,0.7 14 18.4 0.9 187.3 171.0 0.9 13 1.2 31.8 239.2 236.6 0.6 14 26.3 0.6 189.8 160.9 1.0 14 26.3 0.6 188.8 141.3 0.9 14 6.9 10.5 98.3 174.6 1.0 6 182.7 1.5 499.5 157.3
001620,0.7 1 150.3 265.1 322.7 435.4 0.9 1 132.5 234.1 322.3 435.2 0.5 14 121.5 131.6 259.3 339.3 1.0 1 9.4 281.0 207.5 448.6 1.0 14 50.6 196.7 159.6 421.7 0.9 1 8.0 233.9 324.1 440.2 0.8 1 7.7 263.9 323.4 438.3 1.0 14 123.5 131.1 260.3 407.1
001621,0.7 0 1.3 41.4 391.3 345.9 0.9 0 0.8 41.3 499.7 346.7
001623,1.0 6 0.6 189.0 56.6 257.8 1.0 6 24.4 130.0 332.1 422.2
001624,0.9 12 169.9 127.8 422.1 267.5 0.6 12 169.0 137.6 246.7 209.4 1.0 14 207.3 98.2 288.5 272.1
001625,0.9 16 140.3 188.8 229.1 260.0 1.0 14 215.4 127.1 246.2 205.7 1.0 14 254.8 128.8 301.2 204.9
001626,0.7 6 92.6 136.6 318.9 273.4 0.9 6 452.8 160.0 496.0 193.7 0.7 5 80.8 9.0 388.9 279.3
001629,0.7 8 19.4 187.0 134.5 303.8 0.6 8 0.7 190.0 136.0 376.1 0.5 8 131.7 228.9 276.7 375.8 1.0 14 231.1 66.9 499.9 375.6
001631,0.8 4 79.4 79.4 202.5 496.4 1.0 4 348.0 235.5 374.8 405.4 1.0 4 79.4 8.7 202.8 495.2 0.6 15 197.7 1.2 374.9 439.4
001634,0.6 3 338.1 264.7 406.5 287.8 0.6 3 15.7 43.4 151.2 273.0 0.5 3 21.2 165.2 401.9 352.7 0.8 3 356.0 150.1 461.1 290.1
001635,0.6 9 135.3 142.6 158.0 174.9 0.6 9 458.8 134.8 499.7 168.8
001637,1.0 2 143.6 65.6 229.0 117.4
001639,1.0 11 75.6 98.4 277.1 334.7 0.5 11 252.6 46.8 499.6 332.9 0.8 11 197.5 45.7 499.4 333.5
001641,0.8 8 432.6 53.2 499.5 281.5 0.6 8 1.7 68.0 186.0 219.0 0.6 7 175.6 64.7 396.1 369.9
001644,0.5 14 369.8 95.9 386.7 117.3 0.8 14 224.0 118.4 334.0 332.8 0.9 5 18.7 32.7 387.0 296.0 0.7 5 20.6 7.6 498.5 318.7 0.9 14 385.3 94.0 419.8 190.8 0.9 14 254.0 119.8 333.0 333.1 1.0 14 386.5 94.0 419.8 163.5 0.6 14 368.7 95.9 387.7 135.4
001645,0.9 16 160.4 104.7 313.7 234.9
001646,1.0 3 131.1 86.4 282.3 313.8 1.0 3 306.4 126.2 409.9 310.3
001648,0.9 15 64.3 253.1 190.4 354.1 0.8 15 1.0 108.6 34.1 208.7 0.8 15 400.7 31.3 498.7 309.7
001652,0.8 6 190.5 185.7 221.3 217.3 0.5 4 51.2 269.0 129.6 433.0 0.9 4 285.0 322.2 357.0 494.7 0.7 4 118.4 323.4 170.2 435.4 0.6 4 46.3 270.6 136.4 500.0 0.9 14 28.8 136.0 212.9 423.3 1.0 14 29.5 136.9 286.4 423.2 0.9 4 46.1 270.7 104.3 426.0 1.0 4 211.8 290.2 284.7 500.3
001655,1.0 11 68.2 3.4 496.6 373.4
001656,0.7 11 158.9 109.8 349.8 252.5 1.0 14 3.6 0.9 109.7 278.8
001657,1.0 14 1.5 43.8 335.5 374.7 0.9 8 321.3 72.9 436.7 275.8 0.5 7 296.7 258.1 406.3 362.9
001658,1.0 6 380.8 40.6 500.0 180.4 0.9 13 317.7 37.8 399.1 94.6 1.0 6 211.5 19.7 398.7 73.6 1.0 6 115.8 59.7 211.0 141.8 1.0 6 130.5 71.9 453.6 343.4
001659,1.0 6 49.8 110.5 293.5 381.9
001660,1.0 0 181.0 118.0 483.3 190.8
001663,0.8 7 42.6 53.7 496.9 375.1
001664,0.5 13 324.6 92.5 456.7 157.8 0.8 13 257.6 68.7 329.1 146.9 1.0 14 62.1 1.3 309.0 332.4
001665,0.8 2 285.6 313.9 326.2 354.9 0.6 18 139.4 142.4 278.7 197.9 0.5 18 152.1 142.6 278.0 196.0 0.9 15 366.1 206.7 410.3 269.3
001666,0.6 15 46.0 263.0 145.7 321.5 0.9 8 74.5 148.0 115.6 273.6 0.8 15 380.9 168.6 430.9 237.6 0.7 8 116.2 168.2 148.7 217.1 0.7 10 111.1 187.3 410.6 282.0 0.6 10 -0.8 231.6 414.4 375.7 0.5 15 245.7 187.1 325.4 234.4
001667,1.0 14 246.7 114.7 298.2 196.5
001668,1.0 14 317.8 156.4 355.8 278.2 1.0 14 138.1 136.7 191.5 309.0 1.0 14 187.4 212.8 239.7 301.2 1.0 14 229.2 129.2 304.2 284.3 1.0 14 271.6 150.2 308.4 280.3 1.0 14 329.7 95.7 425.7 374.4
001670,0.5 8 198.4 50.6 279.5 196.9 0.7 4 203.3 155.7 277.6 314.3 0.6 8 13.9 0.3 78.0 75.8 0.9 10 0.4 151.4 373.9 499.5 0.7 4 122.4 156.1 192.5 305.2 0.6 8 201.0 36.8 374.8 191.9 0.5 8 198.7 48.5 336.0 195.3
001671,0.8 2 165.1 167.6 211.1 220.3 0.5 2 211.5 153.0 251.3 199.1 0.6 2 210.8 153.0 257.1 212.6 0.9 2 209.5 153.7 240.9 211.7
001672,0.6 18 25.5 152.9 428.5 250.4 0.6 18 27.0 85.2 427.2 251.5 0.6 18 26.6 149.3 428.6 251.6
001674,0.9 8 42.0 289.3 108.0 374.7 1.0 8 129.2 316.3 245.9 375.3 0.9 8 217.1 291.5 364.3 375.6 0.9 8 43.4 289.4 144.2 375.3 0.7 8 229.8 318.7 362.5 375.2 0.9 15 187.1 220.9 216.0 263.9 0.9 10 131.1 318.8 363.4 375.3 0.8 8 214.3 286.4 295.4 323.9 1.0 15 209.7 207.0 269.7 265.1
001679,1.0 13 3.8 237.0 389.5 500.0
001681,1.0 2 274.2 162.5 422.9 255.1
001687,0.6 2 114.3 164.4 205.2 236.6 0.7 2 117.6 289.6 359.7 501.3 1.0 2 182.6 119.5 291.6 257.3
001692,1.0 14 138.4 22.2 197.7 135.1 1.0 12 101.2 51.3 246.5 214.4
001694,1.0 7 109.2 23.3 470.2 288.2
001695,0.5 19 41.4 52.0 498.1 377.9 1.0 19 59.0 55.2 471.3 375.6
001696,0.6 19 427.7 142.1 479.4 199.2 0.9 19 265.0 135.6 317.1 188.7 1.0 14 126.4 167.7 204.5 331.1 0.6 8 430.5 142.8 483.4 244.9 0.9 8 263.9 136.5 332.2 237.2 1.0 14 322.0 7.8 445.1 330.2
001697,0.9 9 267.7 219.4 349.1 282.5
001698,0.9 3 40.8 17.8 448.0 238.6
001700,1.0 6 250.6 141.7 335.3 190.9
001701,0.9 6 2.0 1.8 427.7 333.4
001702,0.5 11 0.6 82.0 267.1 374.6 0.6 11 0.1 75.6 389.5 375.0
001703,0.8 14 247.7 21.3 402.3 128.2 0.6 14 314.0 19.2 478.9 120.1 1.0 12 1.1 25.8 476.3 306.4 0.7 14 314.7 20.3 393.5 82.7
001704,1.0 19 114.5 0.7 401.5 326.4
001705,0.7 6 2.4 49.5 499.0 375.1 0.6 6 2.0 127.7 497.8 375.3
001706,0.9 8 370.0 185.2 496.8 365.3 0.8 8 416.0 148.2 456.1 197.0 0.5 4 178.8 141.4 192.5 184.5 0.6 4 173.6 99.4 194.7 181.7 1.0 14 90.0 54.4 193.5 352.0 0.9 4 173.9 98.4 191.8 141.6 0.7 8 405.9 186.2 498.2 365.6 0.5 8 327.9 320.0 499.7 374.8 1.0 14 271.3 54.8 375.2 362.3
001709,0.7 14 364.4 133.1 422.0 289.9 0.9 14 364.5 132.2 418.8 231.2 0.5 14 0.8 1.7 193.5 332.6 0.9 14 365.0 131.6 420.3 246.3
001710,1.0 14 472.2 97.9 496.5 161.6 1.0 14 61.0 72.7 160.9 356.7 1.0 14 325.2 44.8 472.5 348.7
001712,0.9 15 1.0 220.2 59.8 279.1 1.0 14 101.8 42.1 263.2 375.7 1.0 8 1.0 272.3 112.7 369.4 1.0 14 227.2 68.7 361.3 375.0
001715,1.0 15 319.0 205.1 360.0 281.3 0.5 8 244.1 131.9 321.8 216.5 1.0 15 188.7 202.7 225.4 269.5
001716,0.9 9 211.1 174.4 256.0 238.6 0.9 9 124.2 148.7 171.5 207.7 0.9 9 253.1 172.7 318.6 233.2 0.8 9 111.9 108.6 169.9 164.5 0.9 9 165.7 163.1 206.9 221.5 0.5 9 383.2 163.5 410.6 196.3 0.8 9 269.6 147.8 303.7 183.9
001719,0.7 2 230.1 64.2 456.8 209.5 1.0 2 228.7 65.2 455.3 239.2 0.9 2 304.1 64.4 457.4 208.7
001720,1.0 4 106.1 216.6 129.7 295.6 0.7 14 6.3 143.1 150.6 269.1 0.9 14 322.8 148.9 486.5 373.1 1.0 14 219.4 136.7 311.0 210.5 1.0 14 126.7 135.4 202.4 235.0 0.9 14 299.3 139.5 370.2 226.0 1.0 14 6.0 142.7 168.9 374.1 1.0 10 9.7 200.7 344.2 375.1 1.0 14 302.1 141.6 388.8 331.2 1.0 4 166.4 213.5 184.9 264.5 1.0 14 263.2 149.0 485.5 374.0
001722,0.6 10 20.4 269.6 222.5 329.4 1.0 14 0.8 286.1 55.7 375.2 0.7 15 125.2 328.5 223.3 375.2 1.0 4 209.0 334.6 229.6 375.0 1.0 14 210.0 185.5 314.6 374.9 0.7 4 308.4 347.0 333.4 375.0 1.0 14 303.6 168.7 498.9 376.2
001728,1.0 14 2.0 117.8 168.9 361.2 1.0 14 143.9 110.0 292.6 373.5 0.7 17 1.1 125.2 499.0 375.2 1.0 14 283.6 103.5 499.2 375.9
001731,0.5 11 227.6 78.9 354.6 131.8 1.0 14 75.2 10.7 200.8 111.2 1.0 11 54.8 175.2 403.0 312.3 0.6 4 346.6 54.4 380.7 126.6
001735,0.8 19 343.9 170.4 437.2 377.4 0.9 8 94.4 81.7 226.4 322.8 0.6 8 93.0 80.8 224.6 375.2 1.0 14 167.3 52.6 370.0 375.3
001736,0.7 6 111.6 228.3 209.1 298.6 1.0 5 111.6 184.1 471.3 300.0
001737,1.0 13 6.7 22.3 481.1 316.2
001740,0.6 7 36.9 175.8 222.8 308.4 0.5 10 1.3 56.4 497.0 375.8 0.7 4 224.0 21.1 345.7 177.6
001742,1.0 8 134.6 254.4 258.4 476.7 0.7 8 250.9 254.8 349.9 452.1 0.7 8 250.8 254.5 328.7 389.3 1.0 19 55.9 174.9 143.0 255.4
001743,0.7 7 258.6 209.2 475.1 334.1 1.0 14 208.5 42.0 343.4 224.0 0.8 7 180.9 211.0 473.1 334.6 0.9 14 331.9 67.7 376.3 135.0
001744,1.0 13 157.4 31.6 351.6 145.7
001745,0.6 8 0.9 177.6 142.2 331.4 0.9 2 448.0 86.9 482.3 143.7 0.9 2 191.7 117.2 217.2 156.0 0.7 2 380.9 127.1 403.3 152.9 1.0 2 233.3 73.4 286.9 124.5 0.9 2 104.4 137.1 132.1 181.3 0.8 8 59.1 177.2 144.9 316.0 0.9 10 1.5 137.3 495.2 331.9 1.0 2 298.7 85.8 348.8 150.9 0.9 2 58.1 142.4 86.9 185.4
001748,0.9 1 93.8 88.0 226.7 247.7 0.7 1 118.4 142.4 223.6 249.2 1.0 14 139.0 26.2 232.6 224.7 0.9 1 92.6 83.6 235.1 163.0 0.7 11 262.0 216.7 474.8 311.0
001751,1.0 11 155.7 56.9 498.3 330.8
001753,0.0 0 0.0 0.0 10.0 10.0
001757,1.0 14 110.4 118.0 177.9 251.8 0.9 14 110.9 122.1 204.6 323.7 1.0 14 225.2 294.2 373.4 500.3 1.0 14 12.7 99.9 94.3 184.4 1.0 14 168.8 191.2 283.6 399.4 0.8 14 143.3 124.1 242.0 328.3 0.8 10 -0.9 181.2 258.9 502.9 0.8 14 146.0 178.0 283.8 366.8
001760,0.9 14 0.6 285.2 28.9 372.4 1.0 14 155.5 274.2 234.0 342.9 1.0 14 273.8 259.0 373.4 420.9 1.0 14 1.8 158.0 101.0 309.9 0.9 14 253.9 130.3 339.8 267.8 0.8 14 254.4 130.9 368.9 267.7 1.0 14 16.9 286.9 117.2 500.7 1.0 14 165.4 334.1 316.9 500.1 0.8 10 91.3 281.4 367.4 501.3 0.9 14 254.4 129.8 339.9 341.0 1.0 14 194.6 123.6 270.0 335.9 0.6 14 254.5 130.2 374.3 338.8 0.6 14 182.8 275.1 235.6 339.0
001762,0.9 7 137.4 74.7 372.5 275.7
001763,0.6 7 281.8 112.0 452.1 374.8 0.6 7 1.8 23.6 252.4 367.8 0.9 7 280.2 111.2 498.8 373.7
001764,0.5 9 278.8 104.5 346.4 145.6 0.7 9 132.4 103.1 217.3 149.6 0.7 16 467.6 102.5 499.9 150.2 0.7 16 106.0 99.1 142.4 132.5 0.6 16 0.8 109.3 13.8 141.3
001767,0.9 11 106.5 53.9 464.4 375.7 0.9 11 106.5 53.4 499.5 375.9
001769,0.9 14 168.2 29.0 286.8 175.1 0.9 14 51.8 29.8 288.6 337.7 1.0 14 281.2 38.9 428.5 250.2 0.9 12 67.5 101.0 205.7 376.4 0.8 12 264.5 115.9 481.2 375.4
001770,0.9 3 313.0 277.3 498.4 373.9 0.9 6 54.7 338.6 93.6 358.9 0.9 6 96.0 331.6 127.6 351.7
001773,0.7 8 104.6 209.1 150.0 320.2
001774,0.9 7 14.7 87.0 497.2 290.5 0.9 7 140.0 86.7 498.1 288.3
001776,1.0 14 1.2 91.1 97.4 173.7 0.5 6 -0.1 90.9 347.7 292.8 1.0 14 69.6 187.1 167.9 332.7 1.0 14 220.4 13.4 495.1 332.6
001779,0.5 8 351.4 74.6 499.3 376.1 1.0 17 36.1 170.3 392.2 373.1
001781,1.0 1 365.0 1.5 500.4 312.0 0.9 14 237.9 20.3 327.6 214.3 1.0 14 242.0 2.0 457.7 333.0 0.9 14 285.5 2.2 457.5 332.9
001783,0.9 0 85.8 188.7 319.4 262.3 0.9 0 86.7 191.2 246.1 261.1 0.9 0 87.8 188.9 498.6 262.7 0.7 0 369.9 191.5 499.5 261.5
001786,0.6 15 1.8 98.4 443.3 373.4 0.8 15 176.0 121.9 445.8 364.2
001788,1.0 18 103.5 44.0 471.9 313.2
001790,0.6 7 91.3 0.5 332.2 334.5
001791,1.0 14 24.9 3.8 371.7 498.9
001792,1.0 14 227.3 40.0 282.6 211.0 0.9 14 376.7 38.2 427.9 211.6 1.0 14 320.7 39.5 380.8 209.3 1.0 14 416.0 27.8 485.0 213.6 0.9 14 79.2 50.8 142.7 165.1 0.7 14 408.0 23.1 442.3 72.4 0.5 14 404.1 21.7 440.9 119.2 1.0 14 296.8 25.9 338.7 74.8 0.9 8 93.8 180.2 227.3 236.0 0.9 14 176.0 36.5 234.8 208.1 1.0 14 127.5 52.4 181.6 199.3 0.8 14 270.5 35.5 321.0 192.2 0.5 14 409.0 19.8 440.4 60.3 1.0 14 5.9 30.4 93.7 225.3 0.5 14 323.3 39.4 379.6 194.9 0.9 14 270.7 35.2 325.9 211.7 0.7 14 380.8 39.0 431.8 144.1 1.0 14 346.3 26.2 380.2 57.1
001794,1.0 14 176.7 99.2 211.7 131.9 0.8 14 33.2 24.6 145.7 234.7 0.6 14 50.2 24.2 142.3 243.2 1.0 12 55.5 70.8 140.1 318.7
001796,0.8 13 36.4 91.1 458.4 269.6
001798,0.7 13 170.4 6.9 263.6 83.8 0.5 13 247.5 67.4 477.4 241.7 0.9 13 22.8 68.9 433.3 304.2 0.6 13 22.7 112.6 429.4 303.0 0.6 13 350.3 8.5 425.6 63.9
001802,0.5 14 124.8 37.9 189.0 198.3 1.0 14 126.6 37.0 193.4 333.2 1.0 14 197.0 51.2 292.4 312.9
001803,0.9 18 216.4 199.8 360.1 256.7
001804,1.0 6 74.8 40.3 416.6 321.3
001805,1.0 14 333.3 12.7 499.8 330.8 0.5 14 37.6 44.9 155.5 170.4 1.0 14 32.7 44.0 155.3 218.7 1.0 10 0.5 129.0 450.7 332.8 0.8 8 264.7 93.0 391.8 154.8
001808,1.0 14 422.9 86.5 499.0 332.2 1.0 14 0.6 77.0 50.6 307.9 1.0 5 -0.1 1.0 303.4 165.8 1.0 14 252.7 63.6 332.3 315.7 1.0 14 364.4 65.6 438.9 220.8
001811,0.5 19 366.5 213.8 498.2 294.0 0.6 19 366.3 216.4 498.6 374.8 0.6 17 117.7 189.9 353.0 286.7 0.6 19 353.5 206.9 499.0 376.2 0.5 19 291.7 150.5 337.5 198.6
001812,1.0 15 269.2 241.2 360.9 353.6 1.0 14 240.5 126.4 321.9 292.0 0.7 8 143.1 112.6 185.4 277.7
001813,0.9 19 454.8 176.5 499.7 281.3 0.8 8 0.1 314.3 135.6 355.7 1.0 7 119.8 147.9 455.3 251.7
001814,0.8 10 0.4 72.5 497.6 377.1
001815,0.0 0 0.0 0.0 10.0 10.0
001817,0.6 8 0.5 154.5 65.2 293.2 0.5 19 53.5 144.6 177.8 248.4
001819,0.7 12 124.6 173.4 237.0 441.3 1.0 14 132.0 58.2 229.9 294.0 1.0 12 121.3 89.0 264.9 441.1
001820,1.0 6 97.2 70.3 438.5 325.4
001822,0.8 3 133.3 230.9 163.9 258.3 0.8 3 361.5 224.5 422.1 248.0 0.9 3 156.4 198.9 384.6 262.0
001823,0.8 14 91.7 74.9 188.5 267.6 0.9 14 92.4 76.2 223.4 268.7 1.0 12 106.2 122.6 205.4 345.2
001824,0.7 11 217.7 169.0 499.5 375.9
001826,0.9 8 389.0 154.6 484.0 308.1 0.9 19 446.7 116.6 499.5 172.1 0.5 8 171.5 200.0 339.6 329.8 1.0 17 169.8 200.4 342.0 330.0
001829,1.0 4 48.1 375.3 110.2 499.9 0.7 15 5.0 -0.9 169.5 212.5 0.9 4 142.9 424.0 194.4 485.8
001831,1.0 14 179.3 103.2 262.9 374.4 0.8 14 304.0 72.5 399.0 236.3 0.5 14 246.7 106.3 420.5 375.6 0.9 14 83.2 110.0 200.8 235.1 0.6 17 0.8 134.9 498.6 351.6 1.0 14 80.0 109.6 224.8 375.0 0.9 17 2.4 134.6 414.5 338.3 0.9 14 304.2 73.2 498.8 355.1 1.0 14 244.5 105.5 331.0 374.5 0.7 14 340.5 94.9 500.4 339.2 0.8 14 245.4 106.0 490.7 374.3 0.6 14 302.6 102.0 367.9 229.3 0.6 14 302.0 70.6 413.6 211.4
001835,1.0 7 10.4 60.1 298.6 374.6
001838,1.0 6 36.6 42.8 473.9 330.0
001839,1.0 14 179.6 2.1 214.0 142.5 1.0 14 411.1 2.0 499.7 300.8 1.0 14 396.7 0.8 465.1 146.8 0.9 14 211.4 0.4 251.6 139.2 0.8 11 87.2 165.8 270.9 323.2 1.0 14 123.7 1.4 185.9 172.6 0.9 14 106.6 0.7 131.7 138.0 1.0 14 1.3 1.1 141.0 366.3 1.0 14 351.4 66.0 409.1 147.5 0.6 14 213.7 0.9 254.6 49.5 0.8 11 195.3 147.3 401.9 273.3 0.6 13 285.7 34.5 362.3 148.5
001844,1.0 5 135.0 111.8 284.4 207.6 0.6 6 214.9 158.1 283.4 209.7
001846,1.0 6 44.0 143.5 336.9 332.4
001848,1.0 0 48.7 88.2 416.7 197.9
001850,1.0 14 228.4 223.2 252.0 295.6 1.0 14 232.2 188.4 262.5 231.7 0.9 0 103.1 122.0 497.9 262.5 1.0 14 252.9 210.7 278.1 294.5
001851,0.7 6 46.0 69.8 81.8 94.9 1.0 11 -0.5 84.3 315.1 500.4
001852,0.5 16 22.6 245.4 171.9 372.8 0.8 16 73.1 104.6 234.0 303.9 0.7 16 184.1 55.7 497.9 357.6
001856,0.9 14 150.5 189.9 170.3 217.3 0.7 8 189.9 172.9 232.1 262.6 1.0 14 113.6 193.2 152.4 279.8 0.8 8 205.7 172.1 245.7 261.3 0.9 14 96.8 193.9 111.8 217.2 0.6 14 95.4 193.5 115.0 249.1 0.9 8 202.0 174.2 242.6 350.9 0.9 10 191.0 257.1 260.1 398.2
001857,0.9 14 173.9 0.5 233.0 73.1 1.0 14 397.7 1.5 478.2 128.3 0.9 14 478.9 0.5 499.9 129.0 0.6 14 130.2 35.1 173.6 70.6 1.0 14 89.1 0.7 144.5 46.1 0.9 6 0.9 8.0 498.2 375.5 1.0 14 328.4 0.1 416.2 122.2 0.8 14 173.2 0.2 232.7 103.8 1.0 14 230.5 0.8 325.7 118.0
001859,1.0 1 7.7 3.1 499.7 373.8
001863,1.0 6 170.4 78.4 417.4 294.7
001865,0.5 11 117.1 34.3 343.4 476.2
001866,0.6 11 99.9 83.4 372.0 279.5 1.0 14 19.8 0.1 142.7 243.8 0.6 11 98.4 82.0 498.5 280.2
001867,0.0 0 0.0 0.0 10.0 10.0
001868,0.6 8 -0.4 222.2 132.1 366.1 0.9 15 0.9 104.7 25.3 218.7 0.9 17 0.5 205.1 132.7 365.1 0.7 8 204.3 262.2 360.5 375.8 1.0 17 253.1 193.3 497.9 348.0
001869,1.0 15 136.5 2.8 445.3 335.9
001871,0.6 14 48.7 4.3 71.1 34.2 0.9 14 132.1 84.3 175.0 189.7 0.9 14 221.1 91.6 274.6 194.1 0.9 19 90.7 46.0 333.7 263.2 0.7 15 2.9 209.0 56.9 258.3 0.9 19 86.6 39.4 344.1 282.1
001873,1.0 6 202.5 87.7 436.7 233.8
001874,0.8 7 19.0 80.4 237.0 419.3 1.0 7 16.1 78.3 239.2 499.3
001876,1.0 18 281.7 93.8 499.7 266.3
001879,0.6 19 138.2 87.4 230.8 230.4 0.7 8 39.5 277.8 276.8 446.6
001880,0.6 15 215.5 3.8 494.1 373.1
001883,1.0 14 430.6 170.4 486.7 226.7 0.8 14 0.8 111.8 23.2 210.5 1.0 14 19.6 22.5 94.8 218.0 1.0 6 89.7 48.3 439.1 288.4
001884,0.9 5 310.8 213.6 417.1 246.9 0.9 0 128.9 108.6 416.4 210.5 0.8 5 193.2 214.5 308.6 251.6 0.8 6 30.7 190.7 80.6 210.9
001885,0.6 0 376.8 56.2 499.8 194.3 0.9 0 1.0 54.4 499.4 192.8 0.6 0 140.3 56.7 411.3 188.8 0.8 0 0.6 55.4 499.7 191.2 0.8 0 99.4 55.7 499.0 190.3 0.9 8 144.9 170.0 222.9 375.3
001886,1.0 14 91.5 42.4 188.7 375.7
001889,0.9 13 313.5 123.1 435.4 267.9 1.0 14 124.4 82.6 179.7 245.0 0.6 13 356.7 121.7 435.3 258.5 0.8 13 209.0 106.2 314.2 335.8 0.9 13 43.1 116.6 132.1 292.4 0.7 13 55.4 135.0 130.6 291.9 0.8 13 212.3 105.5 348.8 332.8 0.9 13 311.6 123.2 395.6 268.1 1.0 14 322.9 96.5 371.1 213.1 1.0 14 360.3 89.8 440.5 250.6
001890,0.5 14 0.8 1.7 98.8 374.1 1.0 7 71.6 59.0 473.2 299.4
001891,1.0 14 408.5 0.7 466.8 204.0 1.0 14 0.7 2.1 34.8 204.7 1.0 6 70.0 28.1 429.9 374.9
001893,0.9 14 103.7 281.8 118.9 334.3 1.0 14 334.4 271.3 373.0 388.7 1.0 14 315.7 279.5 334.2 329.6 1.0 14 119.5 279.5 148.6 359.3 1.0 14 264.7 280.3 287.5 313.3 0.9 14 104.7 282.5 119.9 333.4 0.5 14 184.6 284.6 195.4 311.8 1.0 14 12.9 265.8 78.3 441.8 1.0 14 143.2 278.8 160.0 340.7 1.0 14 70.3 277.5 91.1 343.5 1.0 14 222.8 202.7 245.9 299.4
001895,0.7 3 353.5 205.5 497.8 245.2 1.0 3 354.9 206.4 455.7 244.4 1.0 3 42.9 204.9 111.1 259.1 0.6 3 384.8 205.4 453.9 240.8 0.5 3 0.9 312.4 82.4 371.0 0.6 3 41.6 241.5 88.6 264.6 0.9 3 270.8 201.0 361.2 232.3 0.8 3 231.7 200.7 361.8 233.8 0.7 3 271.3 201.8 337.4 230.7
001897,0.9 6 0.8 137.2 29.2 173.5 1.0 5 24.3 73.1 487.1 237.6
001900,0.8 12 88.0 76.9 235.5 385.3 0.6 12 88.7 62.4 374.5 501.9 0.8 12 121.9 70.6 374.8 499.8 0.9 12 122.8 55.1 375.2 501.0 0.9 12 186.9 50.1 375.0 500.4
001905,0.9 8 1.2 184.0 52.1 277.8 0.7 15 1.6 49.2 160.2 283.0 0.7 8 362.0 231.5 463.0 303.1 0.5 8 117.5 258.1 212.8 327.5 0.9 8 46.3 259.9 215.4 343.3 0.8 15 145.3 127.8 181.4 186.5 0.6 15 40.2 162.2 163.6 277.9 1.0 19 268.3 180.3 352.9 245.7
001908,1.0 6 143.4 46.9 340.7 240.9
001909,0.8 7 239.2 1.6 435.5 279.1 1.0 7 8.6 1.7 436.8 332.6
001910,0.7 2 139.2 92.7 437.6 332.4
001912,0.5 0 11.2 44.5 347.3 230.2 1.0 0 6.8 44.7 488.4 230.5
001913,0.9 6 0.6 112.2 80.1 231.5 1.0 6 141.1 90.2 443.7 219.0
001914,0.8 8 1.0 306.4 90.3 479.0 0.6 8 266.7 200.5 374.2 424.6 0.8 14 90.1 28.2 284.8 380.1 0.9 14 88.3 31.0 244.5 382.7 0.6 14 2.2 59.6 245.0 477.2 1.0 14 0.7 56.8 153.4 498.1 0.9 14 88.9 33.1 245.8 466.7 0.9 11 202.0 215.2 347.2 479.0
001916,1.0 13 101.6 87.4 200.8 207.8 1.0 14 160.4 74.5 208.8 205.7 0.8 13 294.1 112.4 380.9 195.0 1.0 14 397.2 60.7 466.6 175.0 0.6 13 255.0 102.7 306.8 184.8 0.9 14 425.2 41.4 449.8 66.2 1.0 13 383.9 101.3 461.5 193.7 1.0 14 443.0 43.7 473.1 113.2 1.0 14 268.8 72.4 324.4 166.3 1.0 14 318.0 69.4 384.4 172.9 1.0 14 152.1 42.9 179.8 80.2 0.7 13 256.0 99.1 309.3 184.6 0.9 14 397.9 60.8 466.6 142.6 1.0 13 257.3 97.7 381.7 196.5 0.9 5 258.2 1.0 497.0 96.4
001917,0.9 9 192.9 172.6 267.7 206.2 0.9 9 345.1 176.7 413.4 216.8
001919,1.0 6 199.6 82.8 352.6 209.9
001921,0.7 8 133.5 149.0 202.4 206.0 1.0 14 0.4 276.4 142.9 500.5 0.8 14 123.5 252.7 142.4 303.6 1.0 14 187.6 280.1 373.4 499.6 1.0 14 52.2 246.1 72.0 293.8 1.0 14 14.2 246.6 37.3 286.3 0.5 14 99.5 249.5 118.0 297.5 1.0 14 38.8 284.5 132.0 452.9 0.8 14 77.4 247.0 95.6 284.6 0.9 14 152.1 115.1 324.5 496.4 0.6 4 200.6 310.4 224.5 376.8 0.7 14 10.8 245.2 29.5 275.4 1.0 14 99.8 248.4 120.1 298.9 0.6 14 196.7 278.6 373.0 499.7 0.9 14 151.6 115.7 324.1 376.1 0.7 14 162.5 282.0 373.7 500.2 0.8 14 30.6 244.9 47.2 279.8
001923,1.0 14 425.7 116.7 465.8 226.2 1.0 14 462.7 89.6 491.3 158.7 0.9 14 436.2 91.7 449.5 118.5 0.7 14 400.7 92.9 417.3 142.1 0.7 15 204.6 92.2 259.4 140.4 0.9 6 246.7 104.3 292.6 135.5 0.7 6 32.4 76.8 80.2 105.1 1.0 6 -0.6 126.7 414.3 318.7 0.9 14 399.5 102.2 415.6 142.3 1.0 14 418.0 89.5 442.0 167.2 0.5 14 324.2 94.5 335.3 120.7 0.6 14 339.5 96.1 351.1 122.5
001924,0.9 6 402.5 98.9 499.6 257.8 1.0 6 93.2 106.7 440.5 270.5
001925,0.7 4 155.4 218.3 243.6 332.9 0.5 4 42.4 -0.2 92.1 216.8 0.9 4 336.1 233.5 422.0 332.9 0.7 4 459.1 1.1 499.9 253.6 0.8 4 78.3 210.4 158.2 332.6 0.7 4 0.8 240.6 53.8 332.2 1.0 4 75.0 -0.1 174.3 227.5 0.8 4 227.2 226.2 325.5 333.3 0.8 4 0.7 0.1 63.4 210.1 0.8 4 120.3 256.6 222.8 333.6 0.9 4 36.0 253.0 134.7 333.1 1.0 4 173.6 1.1 283.7 250.9 0.7 4 0.4 -0.6 63.9 208.9 0.6 4 1.1 203.9 78.4 286.1 0.9 4 412.3 240.8 497.9 333.0 0.5 4 425.9 241.4 498.7 304.2 1.0 4 265.8 1.7 369.1 288.1 1.0 4 359.2 0.5 477.5 267.7 0.6 4 252.9 224.5 332.1 333.3 0.5 4 265.2 0.6 368.3 238.5
001926,0.7 2 292.3 123.1 427.7 335.6 1.0 2 126.8 84.0 238.0 302.4 0.9 2 262.2 121.9 426.9 336.7
001929,0.5 2 205.3 144.0 366.4 196.2
001935,1.0 6 368.7 181.4 446.3 213.9 0.8 14 347.5 175.9 364.4 209.1 1.0 18 49.2 116.1 367.6 216.5 0.7 18 366.1 146.2 500.6 199.6
001939,0.6 12 -0.3 2.3 390.7 251.2
001942,0.9 8 0.9 124.9 45.5 180.9 1.0 14 346.0 0.3 385.6 73.9 0.7 6 380.7 1.2 499.2 79.3 0.9 14 169.5 11.4 196.3 32.7 1.0 6 85.6 20.4 464.2 318.8
001943,0.9 14 0.5 10.5 496.0 332.5 0.7 14 142.7 9.6 494.1 332.7
001946,1.0 14 165.8 64.2 495.4 375.4
001947,0.5 14 204.3 19.4 318.6 177.6 0.9 14 102.5 92.5 244.5 373.9 0.7 14 102.0 92.0 392.2 374.8 0.7 14 306.1 11.3 477.6 259.9 0.5 14 200.6 12.2 344.2 314.2 1.0 14 1.0 80.5 134.5 375.3 0.9 14 200.4 13.1 389.0 373.8 0.9 14 202.1 12.4 495.6 374.3 0.5 14 312.8 72.6 499.1 373.0
001949,0.7 8 144.4 375.2 293.0 500.2 0.8 4 295.8 271.2 310.6 311.9 0.8 8 210.5 318.8 313.6 500.5 0.9 4 296.0 271.8 310.8 312.9 0.8 8 51.8 265.0 158.5 468.8 0.5 8 74.0 359.4 153.2 499.6 1.0 10 32.9 278.0 361.8 487.9 0.5 10 33.0 272.9 364.9 442.4 0.9 8 283.2 305.1 373.4 500.3 1.0 8 144.9 320.5 315.9 500.7
001951,1.0 6 7.4 30.1 486.2 308.6
001953,0.9 14 471.0 179.0 499.0 212.9 0.7 14 366.4 157.4 400.3 211.7 0.7 6 0.3 45.0 497.5 322.8 1.0 14 350.3 159.3 406.2 215.2 0.6 14 344.7 168.8 367.4 209.4
001955,0.6 9 249.5 182.0 293.9 218.9 0.7 9 247.6 181.4 295.3 236.6 0.8 14 75.2 198.6 99.5 256.4
001956,1.0 6 175.1 113.3 488.4 280.2
001957,1.0 1 203.2 10.3 441.5 364.3 0.7 1 202.4 8.6 497.6 393.1
001959,1.0 2 165.5 65.0 462.3 295.1
001961,0.9 8 1.1 195.4 167.1 362.2 1.0 19 47.1 122.5 155.6 198.4 0.5 8 343.0 230.3 468.0 306.9 0.9 8 342.6 231.1 499.6 375.5
001965,1.0 6 3.4 15.5 481.6 407.0
001966,0.9 7 1.1 28.2 114.8 287.8 0.8 7 357.8 52.2 500.4 374.6
001967,1.0 2 127.9 81.4 221.3 225.0
001968,0.5 14 24.9 100.4 170.9 316.2 0.7 6 1.5 2.5 498.3 374.0
001969,1.0 14 142.0 132.5 258.9 332.6 0.6 8 327.1 31.0 498.7 307.8 1.0 14 88.2 118.7 145.8 276.7 0.8 15 0.7 199.7 17.1 242.4 0.6 14 27.2 199.9 73.5 286.3 1.0 14 16.0 101.2 48.8 231.2 0.8 14 16.4 99.9 50.0 273.7 1.0 14 43.4 113.0 115.8 288.8 0.7 10 223.2 132.9 414.6 307.5
001973,0.5 7 94.8 28.2 240.8 174.3 0.9 7 80.7 28.1 299.4 259.1 0.7 7 173.4 38.3 301.4 202.4 0.9 7 173.1 38.2 302.0 257.5
001974,1.0 14 399.1 166.6 455.8 238.4 0.9 9 294.0 177.9 385.0 245.3 0.5 14 127.4 179.2 159.5 215.7 1.0 14 98.9 180.0 127.2 258.1 0.6 3 43.5 139.1 388.0 251.0 1.0 14 254.3 169.1 284.0 246.6
001975,0.7 14 1.0 153.9 204.0 376.0 0.9 14 355.9 106.0 490.2 271.5 0.5 14 22.6 88.8 135.9 220.6 0.8 14 441.0 289.4 499.4 375.2 0.8 14 352.4 104.7 490.4 273.6 0.7 14 32.1 86.2 134.5 191.4 1.0 14 160.1 88.4 226.0 156.2 0.9 14 304.9 92.7 423.0 225.5 0.9 14 94.4 84.7 138.5 167.8 1.0 14 0.4 155.3 156.7 375.3 1.0 10 89.7 147.7 497.6 376.3 1.0 14 298.5 92.9 448.6 233.8 1.0 14 21.4 88.2 137.8 315.8 1.0 14 254.3 82.8 361.4 180.7 0.7 14 352.1 104.7 488.8 268.1 0.6 14 301.8 98.6 487.2 266.5
001979,0.5 4 189.4 321.5 231.0 428.2
001983,1.0 5 57.4 122.3 350.7 225.3
001984,0.7 11 357.0 109.3 499.4 373.5 0.7 11 14.2 1.7 293.8 374.5
001986,0.7 14 0.4 2.1 421.3 332.8 0.9 14 1.4 2.0 463.3 332.7
001987,0.8 9 183.9 120.2 293.4 295.8
001988,0.7 1 8.8 145.8 331.9 498.1 1.0 14 122.4 66.0 270.9 368.4
001990,0.7 8 0.6 231.6 116.9 375.7 1.0 8 424.8 81.4 499.7 196.0 0.9 8 177.3 122.6 285.0 274.8 0.9 10 63.2 156.3 269.3 352.6 0.6 8 0.6 128.6 118.3 349.0 0.9 8 376.2 79.4 486.3 185.4 0.9 8 190.1 155.5 354.8 334.4 1.0 8 191.8 155.0 354.6 374.8 0.7 8 368.9 69.8 435.3 177.7
001991,1.0 6 0.9 96.7 368.7 307.9 1.0 6 333.0 78.7 499.8 201.8
001992,0.9 11 278.3 233.5 421.5 318.9 0.9 11 0.6 156.9 253.2 336.1 1.0 14 1.0 9.5 209.7 376.1
001993,1.0 14 57.6 288.9 235.0 499.3 0.7 19 132.7 42.5 261.4 198.7 0.9 14 219.6 330.3 340.3 487.5 0.9 14 205.6 330.8 341.5 500.2
001994,1.0 0 212.7 141.2 424.5 242.6
001996,1.0 0 2.0 65.6 470.6 239.5
001997,1.0 2 136.3 146.5 253.9 405.3
001998,1.0 13 51.2 134.0 312.1 288.4 1.0 14 275.9 64.1 396.6 274.9
002003,0.9 7 1.3 2.1 497.8 374.4 1.0 7 155.1 1.8 497.7 296.9
002005,0.9 9 90.4 97.3 256.5 317.1 0.9 9 350.6 131.8 483.7 215.0
002007,0.7 2 163.5 112.3 288.1 217.8
002008,0.5 14 87.0 207.8 122.8 276.8 0.9 14 77.6 141.8 142.9 270.1 1.0 1 72.9 185.8 150.9 317.3 0.8 14 79.4 142.2 141.4 222.3
002009,0.6 8 114.2 263.8 175.4 331.3 1.0 18 91.7 81.1 497.4 320.1 0.9 14 285.1 166.9 307.6 237.0
002010,0.9 14 3.0 19.1 274.1 332.3 0.9 14 2.2 18.1 495.9 332.0 0.6 11 141.5 17.9 498.3 269.1 0.7 11 198.9 134.8 498.1 332.8
002013,0.8 8 225.9 125.5 299.7 227.8 0.8 8 0.5 99.6 163.3 327.7 0.7 6 162.1 89.0 198.2 106.6 0.9 17 246.4 127.3 499.1 332.2
002014,1.0 0 134.7 150.4 189.0 201.9
002016,1.0 14 39.1 239.4 88.3 334.9
002017,0.6 12 145.5 109.3 497.8 352.5 0.6 9 149.3 111.3 413.1 244.2
002018,0.9 15 96.2 0.8 137.3 35.9 0.9 17 1.7 34.1 296.2 157.0 0.7 15 9.6 7.3 54.4 46.9 0.8 17 294.9 33.9 499.7 157.4
002026,0.6 17 394.7 121.9 499.1 220.9 0.7 17 86.0 133.4 369.5 326.0 0.9 15 363.9 143.1 395.7 197.7 0.6 17 1.2 157.6 300.4 376.1 1.0 14 140.7 139.9 386.8 326.6 0.5 17 0.8 132.4 370.0 376.0 1.0 4 402.9 294.0 428.8 363.8 0.7 4 323.6 127.5 344.6 165.2
002028,0.9 2 358.7 243.6 386.9 270.4 1.0 2 247.4 214.2 324.9 261.1
002029,0.9 1 1.8 52.0 264.0 440.9
002031,1.0 14 167.6 53.4 278.9 190.9 0.5 12 80.8 61.3 416.9 264.1 1.0 12 80.9 61.6 416.1 284.7 0.8 12 81.4 62.3 415.2 342.1
002032,0.6 18 0.7 1.3 315.1 346.1
002033,0.9 16 438.5 135.6 498.5 335.8 0.9 16 226.7 50.3 293.7 140.7 1.0 16 1.9 192.5 171.7 317.5 0.9 16 249.0 96.0 398.7 305.4
002035,0.7 8 171.2 43.0 218.2 111.3 0.9 15 139.7 43.3 186.0 101.8 1.0 15 87.3 99.1 125.0 159.3 1.0 15 16.8 1.1 96.0 132.7 0.9 8 310.3 88.2 394.2 228.1 0.7 15 322.1 86.2 380.4 172.2 0.6 10 84.1 141.2 321.0 322.7 0.5 15 51.7 85.5 81.8 130.1 0.6 1 267.2 55.4 404.2 227.3 0.9 17 179.7 139.2 499.0 377.0 0.6 15 42.6 67.2 85.3 131.0
002038,0.9 7 117.8 406.7 240.0 448.9 0.6 19 25.6 24.0 317.0 445.6
002040,1.0 14 316.9 10.6 343.6 56.5 1.0 14 173.9 17.6 201.1 48.1 0.9 6 367.0 24.5 499.6 107.6 1.0 14 458.3 0.6 499.3 111.8 1.0 14 61.7 23.1 98.9 123.7 0.7 14 378.7 15.2 399.6 44.4 1.0 6 80.9 38.0 431.0 336.4 1.0 14 409.5 10.7 439.9 106.4 0.9 14 379.3 15.5 399.6 43.2
002041,1.0 14 187.6 137.3 257.9 270.4 1.0 6 39.7 163.0 206.2 299.7
002044,0.9 2 203.9 140.6 326.8 250.5
002046,0.8 12 1.8 72.8 268.4 437.4 0.8 12 280.8 137.4 454.6 428.3 0.5 12 278.6 137.8 410.9 426.9
002048,1.0 7 103.5 142.6 192.7 239.5 0.5 7 102.5 88.4 391.9 244.5 0.9 7 209.6 87.4 394.1 243.3
002050,0.5 1 182.5 245.3 229.8 385.3 0.7 12 1.6 182.4 136.8 435.2 1.0 14 192.8 128.0 279.5 428.2
002052,1.0 0 39.1 20.7 484.1 234.2
002053,0.9 18 36.0 109.5 151.0 233.6 0.7 18 35.1 61.9 149.0 233.5
002057,0.9 0 1.6 56.7 498.7 259.8
002059,1.0 7 5.9 87.8 425.2 374.3
002060,1.0 14 202.5 152.9 301.4 334.8 0.8 8 346.6 268.4 449.4 374.8 1.0 1 219.9 225.3 299.9 375.3
002062,1.0 19 89.6 87.3 317.7 325.2
002065,1.0 14 80.4 37.7 389.9 256.3
002066,0.0 0 0.0 0.0 10.0 10.0
002071,1.0 14 201.0 77.0 250.4 208.0 0.9 12 300.1 138.3 370.7 250.9 1.0 14 71.5 115.4 133.3 202.0 1.0 12 149.1 128.0 300.7 274.8 0.9 12 80.4 144.3 124.6 237.9 0.7 14 277.1 103.1 315.1 208.0 0.9 14 289.5 104.3 311.4 131.1 0.6 14 282.6 103.6 314.4 171.9
002072,1.0 14 211.8 32.3 322.0 244.3 1.0 12 58.0 89.3 379.7 372.7 0.7 12 217.1 85.1 381.8 256.6 0.9 12 214.2 84.8 375.4 254.5
002073,0.9 19 219.4 1.3 497.4 332.1
002074,1.0 14 230.3 92.0 288.4 267.2 0.9 14 95.5 102.2 180.7 228.9 0.9 8 278.4 114.1 328.0 243.0 0.9 19 82.7 89.8 190.6 184.3 0.9 14 93.9 102.4 179.1 165.7 0.8 10 150.3 260.7 497.7 375.8
002075,0.0 0 0.0 0.0 10.0 10.0
002076,0.9 11 5.7 85.0 286.3 251.1
002077,1.0 14 3.2 58.8 367.2 500.5
002078,1.0 1 2.1 60.7 462.8 344.2
002079,0.7 1 0.4 226.0 153.5 375.8 1.0 14 208.4 36.9 332.9 374.5 1.0 14 318.2 77.8 432.9 374.9
002080,0.9 18 0.4 53.3 498.8 303.7
002081,0.5 15 34.2 88.2 70.3 213.9 0.9 19 213.4 141.6 333.4 247.8
002084,1.0 7 1.6 2.3 321.4 374.8
002085,0.9 3 170.0 216.6 240.3 275.9
002087,0.9 14 124.2 129.7 165.8 199.7 0.8 8 396.8 307.0 461.9 375.4 0.9 14 103.6 129.4 168.0 375.0 0.9 14 443.6 258.7 499.3 375.6 1.0 14 107.0 129.0 225.3 376.1 1.0 14 0.8 152.9 34.0 352.1 1.0 14 44.2 132.8 122.1 341.9 1.0 14 189.4 96.9 335.3 375.4
002089,1.0 0 162.2 139.8 312.5 183.0
002092,0.9 9 108.9 327.3 219.2 424.9 0.7 9 20.0 340.3 83.1 425.7
002093,0.6 19 139.7 2.3 324.4 232.1 0.9 19 140.3 3.0 329.7 241.0
002097,1.0 14 67.3 1.5 497.3 280.4 0.6 14 187.5 1.5 498.4 280.4
002100,1.0 8 170.0 235.2 206.7 284.2 1.0 8 232.4 233.4 265.1 285.3 1.0 8 104.7 236.2 143.3 289.0
002103,0.5 2 98.9 1.1 139.7 35.6 1.0 2 55.0 114.3 299.8 259.5
002105,1.0 13 173.2 114.3 405.6 266.0 1.0 14 253.8 98.2 357.0 246.7
002106,0.8 7 6.3 2.2 313.2 497.8 1.0 7 1.4 1.6 361.3 496.9
002107,0.6 2 411.2 241.0 448.5 258.1
002110,0.9 14 153.1 222.7 173.3 286.5 0.9 0 28.0 123.8 177.1 206.2 0.8 0 27.6 53.7 387.1 229.4 1.0 14 136.2 228.0 154.6 293.5 1.0 0 25.3 52.3 464.9 226.1 0.8 0 28.1 118.8 466.2 227.5
002111,1.0 14 314.2 144.0 350.8 248.2 0.9 14 388.7 155.3 411.1 193.2 1.0 14 337.1 135.0 383.6 260.1 1.0 14 222.0 115.0 281.3 287.5
002113,1.0 7 29.1 11.8 348.9 499.5
002115,0.7 9 195.0 106.8 286.8 255.8 0.6 16 345.6 76.0 372.3 111.3
002118,0.9 6 0.8 111.5 459.7 233.7 0.9 6 211.2 110.0 483.9 213.8 0.9 6 20.6 87.6 103.5 117.0 1.0 6 1.9 150.6 460.0 333.7 0.8 6 83.0 104.1 476.8 229.3
002119,0.5 8 464.6 202.0 499.8 255.1 1.0 14 84.4 40.4 163.0 356.9 1.0 14 0.8 118.5 32.6 271.6 1.0 4 122.2 107.2 141.7 141.5 0.7 14 87.0 40.7 157.0 137.4 1.0 14 29.7 2.9 162.4 374.0 1.0 14 28.2 3.0 142.5 374.2 1.0 14 163.9 66.3 254.8 335.4 0.8 8 251.0 206.5 300.4 277.3
002121,1.0 14 16.9 24.1 204.5 347.1
002122,0.0 0 0.0 0.0 10.0 10.0
002123,1.0 15 74.9 252.5 124.9 299.8 0.8 15 32.4 146.2 69.3 227.9 0.6 15 32.9 145.9 74.9 309.3 1.0 8 267.6 109.4 402.6 308.8
002127,0.5 8 164.2 27.8 333.3 152.4 0.9 17 1.7 2.6 466.0 374.1
002128,1.0 1 41.9 6.7 454.0 286.4
002130,1.0 1 62.3 97.8 355.4 301.5
002131,0.9 11 142.2 5.0 342.5 225.6
002133,0.9 11 186.1 127.8 355.7 251.6 0.6 11 -0.4 193.0 197.2 376.0
002137,0.9 16 310.0 270.3 374.6 364.7 0.9 16 85.8 241.9 201.8 399.0 1.0 14 83.2 118.5 135.5 253.1 0.9 16 206.9 247.6 297.5 317.3 0.9 16 222.3 265.6 312.0 408.0
002138,1.0 11 1.6 30.4 332.7 315.3
002141,1.0 6 298.6 134.4 333.0 173.0 0.8 6 108.0 135.1 145.2 181.3 0.9 8 257.6 167.4 296.2 215.3 1.0 14 56.8 139.1 91.7 186.6 0.9 14 137.9 57.8 241.1 271.5 1.0 11 30.0 239.4 269.9 437.8 1.0 6 0.8 143.0 46.3 183.6 0.9 14 138.2 57.6 242.3 418.3 1.0 6 237.6 126.8 317.8 168.5 1.0 6 73.6 134.2 140.5 181.7
002143,1.0 6 92.5 32.9 456.5 273.3
002144,0.9 2 39.7 302.2 76.3 352.4 1.0 2 382.8 250.8 437.1 312.3 0.8 14 3.1 203.7 311.6 373.9 1.0 2 76.4 114.8 316.8 237.9 0.9 2 152.1 29.6 175.0 58.1 1.0 14 375.4 1.4 436.0 147.3
002147,0.7 7 55.1 15.3 437.6 322.8 1.0 7 55.3 15.8 499.1 324.1
002148,0.9 18 43.6 93.4 484.4 311.7
002149,1.0 6 91.0 167.8 451.7 279.7
002150,0.8 18 0.5 61.5 383.3 331.8 0.6 6 136.8 259.3 363.3 326.7
002154,1.0 14 36.5 72.6 53.1 100.8 0.9 6 331.9 108.5 427.9 170.7 1.0 6 442.8 93.4 484.7 127.0 1.0 6 1.4 94.4 188.1 206.4 1.0 6 148.7 88.2 212.5 108.3 1.0 6 396.3 95.7 459.5 139.1 0.8 6 243.1 86.6 319.3 110.5 1.0 14 50.0 70.5 73.4 97.3 1.0 6 41.9 98.8 362.0 293.0 1.0 6 321.2 99.0 429.0 169.3 0.8 14 147.1 74.0 166.6 92.1 0.5 14 333.1 82.0 358.6 111.6
002157,0.7 0 4.3 89.9 495.2 218.2 0.7 0 39.7 90.0 494.0 219.0 0.9 0 1.2 57.1 495.0 217.4
002159,0.9 8 416.1 58.3 499.7 271.8 0.9 14 126.1 1.3 265.5 301.7 1.0 14 22.8 2.0 268.9 374.8 0.6 14 23.0 2.2 427.3 375.0 1.0 8 7.8 73.0 89.3 208.2 0.9 14 105.1 75.9 421.7 376.1
002160,0.9 11 2.4 104.4 264.0 249.1 0.5 11 191.1 128.5 379.8 290.7 0.7 11 192.8 127.6 500.9 302.0
002161,1.0 8 202.2 226.1 244.3 301.3 1.0 8 151.9 232.9 210.2 311.6 0.6 8 100.2 87.2 244.0 245.1 0.9 15 0.8 177.7 48.0 347.0
002162,1.0 7 95.9 58.8 432.8 293.4
002164,0.7 14 280.9 35.5 469.7 346.2 0.8 8 0.2 179.4 167.7 331.9 1.0 14 103.0 34.9 466.5 347.0 0.9 14 236.3 34.4 470.5 346.5
002167,0.8 8 281.2 176.5 362.9 332.8 0.9 8 297.3 139.3 403.5 333.0 0.6 8 368.0 137.7 406.6 281.0 1.0 7 68.6 160.7 177.6 333.0 1.0 8 253.7 175.4 359.5 333.1 0.5 10 158.8 158.2 333.4 333.2
002168,0.5 1 146.0 220.0 185.9 282.8 0.9 1 377.4 231.3 432.0 297.1 0.9 14 326.8 182.0 355.2 285.3 0.9 1 222.7 224.9 279.7 309.6 1.0 14 455.8 179.2 498.4 307.0 0.9 1 174.4 218.8 214.5 259.4 0.8 14 327.9 182.8 354.4 274.8 1.0 14 171.5 186.8 191.9 250.4 1.0 1 109.8 225.8 182.9 321.8 1.0 14 113.5 174.2 162.5 307.5 1.0 14 221.3 177.2 278.6 295.3 1.0 1 295.8 230.3 353.2 304.8 1.0 1 431.3 229.9 494.1 307.0 1.0 14 298.4 181.3 337.0 285.3 1.0 14 365.5 180.3 401.1 291.9
002173,0.0 0 0.0 0.0 10.0 10.0
002175,0.8 3 392.7 112.8 499.7 207.3 0.5 3 279.4 165.1 398.8 213.2 0.7 3 180.3 195.0 257.4 223.7 0.9 3 8.0 214.0 80.3 240.5 0.8 3 5.0 206.8 79.0 242.7 0.8 3 278.5 117.8 401.8 215.9
002177,1.0 5 1.4 116.0 95.1 193.0 0.8 14 388.1 193.8 407.6 226.0 0.9 5 100.0 112.5 344.7 240.0 0.7 14 109.8 145.4 143.1 195.1 1.0 6 0.7 180.7 146.3 315.9 0.8 6 209.0 183.4 351.2 258.9 1.0 6 239.3 181.0 498.3 298.4
002185,0.9 14 273.7 20.9 297.7 45.8 0.8 13 58.7 35.9 131.5 101.5 0.8 13 289.8 69.9 429.1 136.7 0.8 13 411.5 33.7 499.1 122.7 0.7 13 40.7 136.3 315.8 263.0 0.9 13 1.8 65.3 62.2 110.6 0.9 13 39.5 141.3 246.6 262.8 0.6 14 179.2 47.5 285.6 169.7 1.0 13 165.6 196.7 457.2 331.5 0.6 13 165.5 187.1 490.5 331.7 0.7 13 62.4 58.3 129.7 103.4 0.9 6 301.7 20.0 393.0 72.7
002188,0.9 4 408.4 66.5 498.4 166.7 0.6 4 337.5 18.3 371.5 69.1 1.0 4 283.6 7.6 318.9 128.4 1.0 4 367.3 0.8 413.8 94.4 0.7 10 1.0 2.0 497.8 374.8 0.6 14 1.0 0.2 45.6 71.5 0.8 10 0.5 21.8 497.6 374.4
002189,1.0 14 19.7 45.3 137.0 173.3 0.6 14 371.1 73.6 409.6 137.1 0.8 14 236.9 83.8 347.0 217.1 1.0 14 104.6 70.8 146.1 114.7 1.0 14 79.6 53.8 379.1 319.2 1.0 10 68.8 218.4 498.2 375.5 0.8 10 70.3 239.3 498.0 375.3 0.7 14 299.5 82.0 370.2 201.3
002195,0.7 17 105.6 166.5 498.2 341.2 1.0 14 0.6 101.3 126.6 367.5 0.9 14 159.2 188.1 276.5 370.6 1.0 14 223.8 71.0 466.6 363.4
002198,1.0 0 117.7 104.1 429.6 179.7
002200,1.0 11 25.9 25.2 412.6 345.0
002203,0.9 11 13.5 131.4 218.3 336.9 0.9 14 14.0 66.1 386.1 339.2 0.9 11 89.7 128.4 218.4 241.1 0.7 14 143.7 66.9 394.2 337.9
002204,1.0 14 133.8 10.1 212.8 104.5 1.0 12 79.1 47.8 243.5 187.5
002205,0.9 7 0.5 1.5 291.3 353.5 1.0 7 105.1 0.4 498.8 362.1
002206,1.0 18 47.3 136.6 367.2 251.5
002207,0.6 11 0.4 117.2 432.7 502.1 0.6 11 258.9 120.7 434.5 329.9 0.8 11 0.9 241.1 349.2 501.0 0.9 14 3.3 34.6 350.6 499.8 0.9 14 7.2 33.2 451.5 499.5
002210,1.0 6 -0.6 93.4 366.9 375.8
002211,1.0 14 137.5 335.8 181.8 444.8 0.6 14 55.4 325.7 84.3 430.1 1.0 14 288.6 314.8 374.3 500.7 0.9 14 234.4 332.3 313.2 498.2 1.0 14 192.4 308.8 227.4 367.9 1.0 14 195.8 345.2 244.7 457.0 0.8 14 13.7 302.8 57.2 380.3 0.9 14 190.0 344.5 238.8 475.6 1.0 14 1.1 346.5 49.3 437.5 0.6 4 90.7 221.9 129.1 291.2 0.7 14 42.7 386.9 62.0 433.4 1.0 14 166.3 303.1 196.8 366.1 1.0 14 62.7 327.0 113.7 432.9 0.7 14 167.9 316.8 198.8 441.0 1.0 14 191.3 309.4 228.2 437.4 1.0 14 200.8 331.5 310.6 491.8
002216,0.6 6 62.2 106.4 398.3 322.6
002217,0.7 0 41.8 75.9 422.9 177.9 0.9 0 44.9 74.7 497.5 208.4 0.9 0 126.1 232.5 369.8 291.7 0.9 0 44.6 75.6 293.3 140.1 0.7 0 77.6 157.7 323.9 205.8 0.9 0 120.2 197.1 484.8 289.3
002222,0.6 11 22.4 25.8 317.4 337.7
002223,0.9 6 212.6 224.5 246.5 254.4 0.8 6 162.4 209.7 225.1 278.8 1.0 14 322.3 213.1 352.1 314.1 0.9 6 295.4 220.4 323.0 248.0 1.0 14 278.1 221.7 316.2 332.4 1.0 14 358.5 216.5 375.1 311.3 0.8 5 0.5 -0.3 215.4 433.8 0.5 14 273.2 221.7 297.6 343.1 1.0 14 265.4 223.3 283.4 346.0 0.7 13 197.5 397.5 306.5 500.4
002225,0.5 3 80.8 242.4 245.1 349.6 0.9 3 79.8 242.6 296.8 349.3 0.8 3 285.9 306.8 470.1 356.8 0.8 3 187.6 24.7 429.4 253.4 0.7 3 232.4 270.1 298.5 348.3
002227,1.0 19 419.1 65.2 499.2 140.2 1.0 1 30.5 16.2 453.5 327.4
002229,1.0 14 387.2 190.7 425.7 281.6 1.0 5 31.8 98.5 430.3 307.0
002230,0.6 19 16.9 163.8 107.1 276.2 0.9 17 120.6 215.5 328.4 335.5 1.0 14 51.2 248.4 150.1 355.0 0.8 8 17.2 165.9 104.1 313.6
002231,0.9 4 115.1 -0.4 249.1 178.1 0.6 4 114.1 0.0 297.5 265.6 0.5 4 323.0 135.3 465.7 269.4 0.6 4 293.5 268.6 434.1 374.9 0.9 4 256.4 1.1 357.4 168.6
002232,1.0 6 390.1 233.7 493.8 280.5 1.0 6 361.4 220.9 393.6 239.6 0.9 6 386.6 223.6 413.2 241.5
002235,0.8 14 106.1 92.0 312.1 332.9 0.9 4 458.0 111.2 476.6 152.9 0.9 14 120.1 92.6 279.6 333.1 0.8 4 48.2 100.5 71.8 150.6 1.0 14 1.1 97.4 176.1 333.5 0.9 4 478.6 110.1 499.3 155.7 0.8 4 472.5 110.2 491.0 153.2 0.5 4 36.4 91.7 54.9 147.2 1.0 14 282.2 116.4 419.1 309.1 0.9 14 237.4 134.6 341.4 325.7 1.0 4 452.0 111.4 477.0 154.1
002236,1.0 18 30.9 32.1 386.9 298.3
002239,1.0 1 351.6 179.5 417.1 298.0 1.0 14 117.4 61.6 188.8 248.3 0.9 1 298.8 181.1 339.1 257.7 1.0 14 9.3 77.4 55.9 139.9 1.0 1 118.3 143.0 183.5 271.9 1.0 14 293.5 133.2 343.5 246.1 1.0 14 347.0 80.9 421.3 279.9
002240,0.9 4 300.3 242.2 343.5 328.0 0.9 19 69.2 97.6 164.5 302.0 0.9 8 219.4 24.7 318.8 132.5 0.5 10 28.0 80.8 372.9 475.2 0.8 19 137.5 86.6 294.1 300.7
002242,1.0 6 415.2 134.0 499.7 194.6 0.9 14 203.6 123.7 269.5 200.3 0.9 6 0.2 125.8 122.9 238.1 0.9 6 0.8 133.1 299.9 334.4 1.0 14 345.2 125.0 369.4 192.8 1.0 5 167.4 75.0 390.1 183.4 0.8 6 0.5 205.1 278.8 333.7 0.6 14 203.4 123.2 272.3 325.0 1.0 14 239.1 117.6 301.9 305.6
002243,0.8 7 58.5 50.0 465.3 375.1 0.9 7 59.4 50.5 462.6 283.1
002245,0.9 6 92.4 194.0 129.9 246.2 1.0 6 430.4 188.9 474.4 215.2 1.0 6 50.8 198.0 110.0 252.6 1.0 6 0.8 205.4 57.7 253.9 1.0 5 131.7 40.1 433.6 271.5
002246,1.0 14 60.5 209.3 80.2 274.7 0.7 6 78.4 76.3 274.3 470.2 1.0 14 15.0 210.3 35.5 248.3
002250,1.0 14 254.3 155.3 297.3 202.5 0.9 14 232.0 185.3 303.3 261.6 0.6 14 227.7 185.8 331.2 438.3 1.0 14 299.0 164.8 374.9 354.1 0.9 14 252.7 156.7 302.6 259.2 1.0 4 24.1 428.7 41.4 495.4 1.0 14 228.0 185.0 302.1 256.1 1.0 14 76.3 105.4 336.8 500.2 0.9 14 252.5 155.9 302.7 237.3
002252,0.8 14 27.0 5.1 202.2 348.5 0.6 14 23.5 4.5 333.0 379.2 0.8 14 25.5 5.8 207.3 406.0 0.6 14 24.3 3.2 496.8 410.0 1.0 19 338.6 115.8 499.1 287.6
002254,1.0 14 122.4 150.2 210.4 271.7 0.9 17 1.1 247.4 148.3 498.6 0.9 14 144.5 153.4 208.6 269.5 0.9 11 148.2 264.1 333.9 501.0
002258,0.9 19 191.4 76.0 361.7 232.9
002262,0.9 14 1.5 1.8 216.3 332.8 0.8 14 1.2 1.7 190.0 332.5 0.9 14 94.5 37.7 472.0 334.4 0.6 14 181.4 36.4 473.9 333.7 0.8 14 194.0 36.0 476.4 334.0
002264,0.9 8 153.0 225.9 206.6 320.1 1.0 8 211.0 223.6 275.5 361.9
002269,1.0 14 1.1 117.0 190.0 486.0
002271,1.0 6 127.6 94.6 366.9 203.7
002274,0.6 3 257.5 325.8 374.1 373.9 0.8 3 12.9 279.9 56.6 370.2 0.8 3 277.2 338.5 374.2 370.4 0.7 14 96.9 333.3 114.1 365.5 0.9 3 65.9 77.7 266.7 402.4 0.8 3 68.3 345.7 263.8 402.7
002275,1.0 7 0.4 2.5 363.5 421.0
002282,1.0 4 212.5 70.9 235.4 123.4 1.0 19 151.0 201.7 256.8 301.2 1.0 19 16.0 193.6 127.4 330.8
002283,0.7 14 319.0 52.2 380.0 255.7 0.7 14 282.3 51.2 380.3 235.2 0.8 14 327.2 51.8 377.8 229.4 0.8 12 236.5 92.5 435.4 349.0
002286,0.5 11 17.0 27.6 211.3 196.2 1.0 11 15.5 27.3 330.5 323.4 0.9 11 232.6 115.8 499.2 323.8
002289,0.8 5 214.3 141.5 335.2 195.6
002292,1.0 1 83.3 224.5 309.2 375.2
002294,0.7 14 293.5 1.6 318.2 32.3 1.0 14 25.4 1.3 78.1 103.5 1.0 14 428.6 0.5 482.2 129.9 0.9 14 352.4 0.6 388.5 49.9 1.0 14 0.9 1.7 37.3 115.7 0.9 14 350.5 0.3 387.9 103.9 0.7 14 80.6 0.5 124.1 41.1 1.0 6 0.9 6.8 496.6 370.8 1.0 14 383.6 10.2 426.5 114.9 0.7 14 321.3 0.8 357.9 43.7
002295,1.0 14 80.4 2.0 498.5 332.6 0.7 14 182.5 2.1 499.1 332.4
002296,1.0 14 427.4 161.6 457.2 258.1
002297,0.7 8 370.3 150.8 498.9 376.4 0.9 17 298.9 85.2 500.5 201.1
002298,1.0 14 5.8 150.9 378.9 333.1
002299,0.0 0 0.0 0.0 10.0 10.0
002301,0.7 8 0.8 219.5 44.9 374.1 1.0 8 6.9 260.5 155.6 375.3 1.0 14 163.0 62.3 232.7 140.3 1.0 14 125.4 70.6 164.9 106.0 0.6 14 405.5 93.8 499.3 363.9 1.0 14 19.6 86.7 66.5 155.3 1.0 14 413.5 95.0 499.3 273.4 1.0 14 390.3 122.9 446.2 198.1 1.0 14 252.9 69.1 320.3 150.0 0.9 14 162.6 63.4 230.5 159.4 1.0 14 66.2 103.0 231.1 376.2 0.7 14 1.3 86.9 64.9 181.8 1.0 14 1.4 91.8 108.5 284.1 1.0 10 140.8 131.1 451.5 375.9 0.9 8 404.1 231.5 498.8 375.7 1.0 14 367.5 64.8 440.2 181.0 1.0 14 328.4 65.4 380.8 168.8
002303,0.9 7 104.0 37.9 377.4 324.0 0.9 7 105.2 37.6 499.9 333.1
002304,0.6 7 19.4 51.7 293.1 280.9 1.0 7 16.3 51.0 497.9 334.2
002309,1.0 2 61.5 40.6 401.5 321.2
002312,1.0 7 1.1 17.3 499.3 251.8
002313,0.6 9 -0.2 64.2 453.4 427.4
002314,0.6 9 0.6 1.3 332.8 273.6 0.6 14 57.8 280.3 244.4 498.5 0.5 9 0.9 1.7 248.9 273.4 0.9 14 55.4 267.8 294.8 498.7
002316,1.0 2 109.2 50.7 376.1 422.3
002317,0.8 14 153.3 169.6 189.7 371.9 0.7 14 175.6 159.9 208.3 195.7 1.0 14 161.2 194.2 227.1 374.5 1.0 14 0.9 126.1 21.1 277.6 1.0 14 25.7 123.3 78.2 273.8 1.0 5 118.3 1.7 498.2 285.8 1.0 14 219.1 172.5 275.1 371.6 0.9 6 270.4 99.8 500.9 284.9
002319,0.5 6 32.2 91.1 374.2 282.7 1.0 6 76.6 162.3 375.9 414.8
002322,1.0 8 286.5 333.4 343.9 499.7 0.5 8 239.8 336.8 343.8 500.7 0.6 8 44.1 325.4 95.8 358.7 0.6 8 13.8 425.9 125.4 499.9 1.0 8 6.4 372.3 121.8 500.4 0.9 10 5.5 349.4 290.8 501.2 0.5 10 10.0 348.3 289.6 445.4 1.0 8 140.2 367.8 240.4 500.6
002325,0.5 1 3.6 216.4 61.5 375.5 1.0 1 6.6 269.2 251.3 377.1 0.6 14 141.0 164.0 216.1 266.3 0.7 1 343.2 248.5 462.8 377.6 0.6 1 342.9 249.4 461.2 377.6 0.7 14 71.5 164.5 208.0 308.8 1.0 14 140.6 163.3 220.9 318.3 0.8 14 50.4 166.1 205.8 377.0 1.0 14 279.0 136.6 368.2 376.4 0.9 1 181.7 244.6 272.4 341.3 1.0 1 252.2 224.7 464.1 377.9
002326,0.7 9 180.3 136.5 223.1 187.5 0.7 9 284.9 105.0 319.7 134.9 0.8 9 239.5 170.6 277.8 249.1 0.8 9 297.0 129.3 344.7 176.6 0.8 9 376.9 117.4 414.7 155.5 0.9 14 363.5 178.9 400.3 274.3
002327,0.8 11 0.3 81.4 288.6 500.7 0.7 11 58.0 81.7 289.9 391.8 0.5 11 57.9 82.4 289.2 391.9
002331,1.0 6 216.2 56.3 290.0 98.9 1.0 6 8.4 48.9 64.2 90.1 1.0 6 69.4 49.1 131.0 100.5 1.0 12 133.3 85.4 298.9 333.5 1.0 14 115.4 12.9 298.3 268.2 1.0 6 0.9 51.7 49.7 110.5 1.0 6 291.3 55.0 366.6 96.9 0.9 6 165.3 57.4 194.6 89.7 1.0 14 219.4 55.3 480.4 333.5
002336,0.9 2 0.6 180.0 167.0 375.1 1.0 2 2.4 95.7 449.2 280.4
002338,0.8 16 462.1 89.3 491.3 113.6 0.9 16 222.9 96.3 256.1 120.6 0.9 16 208.9 109.6 244.3 131.5 0.9 16 178.0 115.8 254.9 193.5 0.8 16 148.6 90.2 165.6 112.1 0.9 16 246.5 115.5 360.2 205.3 0.8 16 432.0 87.8 452.9 109.1
002339,0.9 6 79.7 0.6 177.3 51.7 0.8 15 178.0 2.5 333.5 259.0 0.9 15 231.2 155.8 338.4 257.5
002341,0.6 11 24.0 92.1 128.8 183.5 1.0 14 27.0 4.4 162.9 249.9 0.9 11 48.1 91.2 128.8 152.1 1.0 14 26.6 4.4 125.8 250.1 1.0 11 143.4 166.7 255.4 250.2 1.0 14 172.7 10.5 274.9 249.5
002344,1.0 14 0.7 15.4 332.0 498.6
002346,1.0 6 96.8 72.6 397.9 280.7
002349,1.0 6 159.9 163.3 302.0 244.9
002351,0.9 18 1.5 123.5 333.0 276.5 0.9 18 1.0 126.6 499.5 281.2
002353,1.0 8 36.5 312.9 187.5 374.9 0.8 8 368.0 242.3 499.4 376.2 1.0 8 198.5 226.6 252.0 328.6 0.7 15 64.3 166.4 152.7 259.7 1.0 8 33.9 247.1 166.9 345.6 0.8 10 215.8 231.4 293.6 326.0
002356,1.0 19 2.1 51.5 159.0 202.4 0.9 19 373.4 146.9 500.1 282.6 0.6 19 323.3 146.1 499.5 316.8 0.8 19 220.6 147.5 291.2 214.0
002357,0.7 0 30.8 162.3 338.9 313.1 0.7 0 30.2 70.1 435.6 311.0 0.5 0 30.1 163.7 436.3 310.6
002358,1.0 6 239.1 206.7 289.3 227.7
002360,1.0 12 77.9 156.9 260.8 385.4 1.0 14 161.7 95.0 243.8 290.0 1.0 12 116.9 157.6 262.6 383.4
002363,1.0 14 188.3 179.2 227.3 324.7 0.7 14 110.4 238.0 142.5 344.9 1.0 14 105.8 182.7 148.4 344.9 1.0 14 13.9 190.8 57.6 345.7 1.0 14 232.5 179.7 275.0 324.0
002365,0.7 14 1.7 28.7 312.7 478.3 1.0 14 51.9 29.9 308.3 476.7
002370,0.7 5 204.6 118.4 357.2 254.7 1.0 6 391.2 188.3 434.6 209.0
002379,0.6 14 293.4 0.6 319.7 78.1 1.0 14 440.8 32.6 499.4 374.5 0.8 14 440.0 2.0 500.0 374.0 0.7 13 1.5 8.7 268.2 179.8 0.5 13 1.9 5.6 94.8 94.3 0.9 14 110.5 0.8 204.1 87.8 0.9 13 60.7 30.0 413.6 348.3 0.6 13 298.8 45.1 430.4 187.5 0.5 13 1.3 14.8 113.6 182.0 0.7 13 87.6 8.2 270.4 75.6 0.5 13 61.1 122.6 416.5 348.3 0.7 14 318.2 0.2 370.2 73.6
002380,1.0 2 117.6 120.6 275.9 329.2
002381,0.6 2 66.2 0.8 375.1 348.7 0.8 15 203.5 384.6 281.8 462.3
002383,1.0 6 339.4 177.1 378.6 208.2 1.0 6 380.6 175.8 405.4 199.6 0.8 6 0.6 210.1 29.0 253.1 1.0 5 94.0 36.6 338.0 264.5
002386,0.9 18 79.7 91.5 460.2 212.9
002388,1.0 7 138.2 1.4 493.9 326.9
002389,1.0 8 348.5 176.1 454.2 374.8 1.0 8 250.6 202.1 372.2 375.0 0.9 4 96.0 140.4 107.5 166.1 0.7 4 62.4 145.4 73.7 171.6 0.8 4 126.1 137.0 136.6 162.1 1.0 8 79.0 187.4 225.8 374.7 1.0 10 32.1 183.9 392.0 374.6 0.6 4 62.6 145.8 73.9 171.7
002390,0.9 3 162.9 220.9 361.5 274.6 0.8 3 104.2 241.3 161.3 269.0 0.9 3 160.0 30.7 364.3 271.8
002394,0.5 1 261.2 369.2 348.2 477.7 0.6 14 307.7 61.4 328.4 91.5 0.8 14 5.5 35.0 27.8 124.6 0.9 14 75.0 34.9 112.5 67.9 1.0 14 30.2 34.5 52.1 106.8 0.8 14 3.4 34.6 24.3 111.8 1.0 19 151.0 211.7 277.4 352.8
002395,0.5 8 77.3 307.4 127.8 360.3 0.8 8 142.8 304.3 186.8 357.0 0.7 3 76.5 1.0 486.5 281.5 0.8 8 131.0 301.9 171.0 346.1
002396,0.6 11 2.4 76.2 322.9 215.4 0.6 7 256.5 133.8 465.0 349.0 0.7 11 138.5 86.7 309.1 202.9 0.7 11 6.1 76.6 289.4 201.9 0.5 7 256.0 132.9 463.4 289.3
002397,1.0 1 146.4 273.0 182.0 394.9 1.0 14 139.6 201.0 199.8 342.2
002398,1.0 12 78.8 106.6 250.8 431.9 1.0 14 119.9 83.3 215.5 288.4
002399,0.9 4 99.6 208.8 119.9 282.5 0.6 14 16.6 46.8 263.7 317.3 0.6 14 82.0 47.3 270.9 263.7 0.8 14 13.0 47.0 390.2 372.8 0.9 17 8.8 42.1 466.2 372.9 0.7 4 416.1 255.0 489.8 374.3
002400,1.0 2 4.0 25.6 302.1 498.7 0.5 2 152.9 103.9 286.5 195.4
002402,0.8 13 95.6 39.0 141.3 74.1 1.0 14 120.5 16.3 150.2 72.3 1.0 6 404.5 3.2 499.5 74.7 0.5 6 55.0 111.2 465.5 238.9 1.0 14 246.0 16.6 274.8 57.9 0.9 6 55.0 54.6 467.0 237.9 0.9 14 297.0 7.5 317.1 54.3 1.0 14 333.1 1.1 352.8 51.9
002406,1.0 6 222.1 167.2 450.1 241.2
002408,0.6 11 73.7 45.7 483.5 332.7
002409,1.0 14 198.9 37.3 309.4 219.5 1.0 12 91.2 69.5 426.2 323.6
002412,0.9 2 272.2 182.9 305.9 224.3 0.9 4 71.2 1.7 158.6 374.6 1.0 2 188.2 199.1 248.5 262.7
002414,0.8 8 175.4 246.7 235.0 293.4 0.8 8 47.7 321.2 253.6 359.7 0.9 17 335.5 224.6 499.4 320.6
002416,1.0 6 168.9 145.8 489.1 326.3
002418,0.8 18 121.2 150.9 260.8 210.4 0.8 18 0.5 152.8 262.1 208.7 0.6 18 5.1 157.4 129.3 206.9 0.6 18 165.4 148.7 260.5 211.7
002421,1.0 12 147.8 87.0 427.1 304.9 1.0 14 247.9 27.6 325.6 247.6
002422,1.0 15 36.1 6.2 286.9 490.2
002424,1.0 6 400.2 220.4 489.5 286.4 0.9 18 161.4 132.4 344.8 263.5
002426,0.9 8 0.8 259.7 269.9 375.2 0.9 14 91.7 36.3 257.9 237.6 0.7 15 461.8 13.6 497.4 49.9 1.0 14 92.4 34.6 487.4 283.8 0.5 17 3.5 40.1 488.7 376.0
002428,0.9 14 367.4 120.9 500.1 329.4 1.0 11 382.3 117.8 499.4 239.8 1.0 14 379.1 1.4 499.4 170.0 1.0 14 97.2 76.7 271.4 374.7
002429,0.8 4 19.4 35.2 97.4 113.8 0.8 4 341.3 135.1 369.6 222.9 0.8 4 232.9 310.0 281.3 356.9 1.0 14 1.7 37.2 282.5 345.5 0.9 4 339.4 136.6 374.6 253.7 0.9 14 275.2 55.1 448.1 291.7 0.5 4 47.6 39.4 97.1 113.2 1.0 14 274.7 55.3 458.0 356.5
002430,0.6 7 108.2 36.0 349.2 375.4 1.0 7 69.4 36.7 358.7 375.9
002431,1.0 2 179.8 149.5 317.7 235.2
002432,1.0 2 143.1 233.8 255.6 343.5 0.8 2 131.0 1.0 250.1 49.3
002434,0.8 14 119.3 29.1 349.1 333.1 0.8 14 110.8 25.9 496.7 333.8 0.8 14 140.2 24.8 469.5 333.3
002438,0.8 14 44.5 288.5 260.1 500.0 0.9 14 1.9 288.0 260.4 501.0 1.0 14 116.6 3.2 374.8 499.7
002440,1.0 7 56.9 54.4 290.1 501.0
002446,1.0 14 429.0 132.8 468.7 241.6 1.0 14 100.7 138.5 139.7 240.2 1.0 6 12.5 156.4 114.2 234.7 1.0 6 187.4 149.4 288.0 235.2 1.0 14 288.6 141.1 322.9 234.7 1.0 6 327.0 156.5 435.3 231.7
002447,1.0 11 109.8 57.8 498.1 266.0
002449,0.6 8 307.0 262.9 500.3 376.5 0.8 3 441.7 175.7 499.0 191.2 1.0 8 1.3 275.9 224.5 375.1 0.6 10 1.6 250.7 227.0 375.2 0.7 8 298.9 260.7 422.0 375.2 0.9 8 243.7 291.4 421.7 375.5 0.9 3 270.4 211.3 338.3 233.8
002451,0.6 15 15.9 260.2 165.6 374.9 1.0 15 173.9 251.9 320.8 375.0
002453,0.8 7 315.6 55.2 485.5 193.4 1.0 7 9.3 21.2 251.4 205.6 0.7 7 263.1 37.2 348.4 188.5 0.9 7 266.2 37.7 486.4 193.2
002455,0.8 14 213.8 136.3 288.1 218.5 0.9 14 83.8 132.7 223.6 258.7 0.9 14 289.1 110.2 420.1 234.2 1.0 14 200.0 136.2 287.8 271.2 0.7 14 80.1 133.4 221.4 266.0 0.6 8 5.9 199.6 91.4 288.4 0.9 14 288.2 110.9 421.0 274.8 0.6 19 228.5 208.8 339.8 303.2
002457,0.5 18 0.2 147.8 172.3 345.8
002463,1.0 8 268.1 210.7 331.7 434.4 0.7 14 1.1 25.9 126.3 460.2 0.9 14 156.7 113.1 230.2 319.6 1.0 14 2.5 25.8 197.4 458.1 0.6 14 156.1 113.3 230.5 407.8 0.9 8 0.9 243.0 50.5 409.5 0.7 8 144.7 259.5 215.6 414.8 0.7 11 177.3 286.8 302.3 455.8 1.0 14 176.2 148.4 301.6 458.2
002464,0.7 9 308.7 110.9 354.2 199.6 0.7 11 288.8 163.0 332.1 224.6
002467,1.0 0 4.5 216.2 163.4 263.1 1.0 0 34.2 142.2 462.4 262.6
002469,0.8 19 0.3 160.1 121.0 375.4 0.9 19 0.5 132.5 118.2 374.2 1.0 14 204.0 112.6 425.5 376.2 0.5 14 205.7 112.7 496.2 375.1
002473,1.0 1 2.7 9.7 494.6 327.0
002474,0.9 3 65.1 87.4 213.8 283.3 0.7 3 65.6 90.7 252.2 281.9 0.8 3 184.6 239.0 252.5 263.6 0.6 3 170.5 103.2 253.1 265.7 0.5 3 132.7 229.6 213.0 271.6
002475,0.8 14 257.2 127.6 275.4 161.1 1.0 14 229.4 160.4 280.8 294.5 1.0 1 306.9 232.3 362.1 312.9 1.0 14 308.9 173.2 366.7 304.1 1.0 14 120.3 136.1 158.5 275.0 1.0 1 152.6 207.9 210.5 292.4 1.0 14 154.1 154.8 207.8 281.0 1.0 1 82.4 201.4 140.0 278.8 1.0 14 191.3 137.9 230.7 290.1 1.0 14 75.7 140.9 130.1 258.9 0.6 8 430.2 234.3 494.0 344.2 1.0 14 263.3 143.3 304.4 298.5 1.0 14 340.3 147.1 402.7 309.7 1.0 1 232.6 218.4 278.6 300.1
002482,1.0 15 69.9 359.6 144.6 446.9 0.6 8 316.5 414.6 374.5 500.6
002484,1.0 6 202.2 253.4 278.5 287.5 1.0 6 295.0 252.9 375.6 290.7 1.0 6 139.9 254.0 175.2 274.8 1.0 6 114.3 252.6 140.9 272.0 1.0 6 83.8 253.2 117.9 272.7
002485,1.0 11 2.2 36.4 236.5 373.8 0.7 11 301.8 169.4 500.1 375.7
002486,0.9 2 309.6 144.0 396.4 193.8 0.8 2 394.8 126.1 472.3 173.4 0.9 2 104.6 158.7 216.1 217.0 0.7 2 25.5 122.4 50.2 166.0 0.7 2 4.2 138.3 54.6 177.8 0.6 2 156.3 123.0 211.0 157.9 0.7 2 201.9 111.9 228.8 153.0 0.8 2 107.1 104.5 166.8 134.8
002487,0.5 8 149.9 68.0 206.9 116.6 0.8 18 120.3 38.8 443.4 366.9
002488,0.6 14 35.1 76.9 284.9 370.7 1.0 13 9.5 102.9 373.6 501.8 0.7 14 112.4 76.3 285.5 384.8
002489,0.7 17 0.2 7.1 499.2 224.5 0.8 17 0.3 4.5 498.0 282.0
002495,0.8 13 0.7 25.1 499.2 357.5 0.7 13 15.2 27.2 456.8 358.4
002498,0.7 8 1.1 212.2 68.9 375.4 0.9 1 263.9 228.9 498.5 376.3 0.6 1 262.1 229.1 421.7 376.3 1.0 14 8.4 87.2 199.8 375.2 1.0 14 258.4 90.5 457.1 374.7
002499,0.8 4 225.0 157.4 252.9 231.0 0.6 14 250.6 1.5 500.7 332.4 1.0 10 1.0 63.4 498.1 334.5 0.7 8 249.6 274.3 446.6 333.3 1.0 14 257.0 0.7 500.1 255.5
002503,0.6 14 0.1 319.7 105.6 500.5 1.0 14 272.7 100.8 299.7 150.2 0.9 14 35.7 249.2 117.3 336.1 0.8 14 0.6 299.6 42.0 500.1 0.8 19 1.5 209.1 128.7 359.7 1.0 14 181.6 54.9 301.9 450.6
002506,0.5 8 159.7 90.2 283.7 252.1 0.9 8 12.7 247.2 178.8 475.9 0.7 8 0.5 1.1 42.0 229.1 0.7 8 1.5 1.8 91.3 180.7 0.7 8 76.0 94.6 182.7 256.5 0.8 8 155.2 88.7 294.4 371.5 0.9 8 156.2 90.5 296.2 389.0
002507,0.6 13 460.3 0.9 499.8 82.5 0.9 13 1.1 1.5 478.6 332.0
002509,0.9 14 0.8 2.9 325.8 499.6
002510,0.5 15 48.6 62.5 72.0 91.3 0.6 15 223.2 169.1 358.7 332.0 0.9 10 181.9 104.6 272.2 161.7 0.9 8 0.7 127.2 175.7 264.7 1.0 8 169.3 103.1 224.5 173.2 0.6 15 201.0 59.0 235.7 112.0 0.7 10 88.0 216.9 352.7 334.4 0.5 8 229.6 98.6 274.4 155.8 1.0 17 173.5 122.8 482.3 320.5
002511,0.6 12 97.1 120.0 387.3 347.7 1.0 14 190.6 82.5 294.5 295.1 1.0 12 94.9 118.2 385.7 461.3
002515,0.7 19 343.1 195.4 423.4 284.2 0.5 8 230.8 179.3 357.4 298.2 0.5 8 149.8 145.9 229.4 301.3 0.8 8 146.5 146.7 244.1 303.0 0.8 14 219.2 69.8 260.2 140.4 1.0 14 33.1 109.0 64.8 191.4 0.8 14 58.6 110.5 74.6 151.3 0.6 8 237.8 188.4 418.2 299.4 0.9 14 331.9 66.5 369.2 93.4
002516,0.8 14 276.0 34.1 317.3 103.5 1.0 14 348.8 222.6 487.6 375.7 0.9 14 322.2 137.6 450.1 297.2 0.6 14 219.3 158.8 329.7 293.6 1.0 14 29.1 83.1 312.5 375.2 0.8 14 319.5 137.2 448.9 367.3 0.8 14 151.8 156.7 183.6 191.0 1.0 14 220.0 158.6 372.8 373.3 0.9 14 322.1 137.2 493.7 369.9
002517,1.0 6 80.2 72.4 432.4 333.0
002521,0.9 18 16.9 56.3 489.6 254.1
002522,0.7 6 256.7 4.5 490.3 161.2 0.9 6 1.7 64.1 492.8 290.3
002526,1.0 6 89.3 110.5 381.7 231.3
002527,1.0 15 1.5 34.2 362.6 498.1
002528,1.0 14 266.7 45.1 448.9 310.6
002530,1.0 5 0.8 159.8 122.5 285.3 1.0 5 111.0 104.8 393.5 291.6
002531,0.7 14 332.5 46.3 354.9 83.9 1.0 14 346.0 50.5 373.2 90.7 0.9 14 365.9 47.1 386.6 81.5 0.5 6 12.5 159.7 287.4 353.0 0.6 14 307.0 46.9 342.7 87.9 0.8 6 0.8 123.9 122.6 214.3 1.0 6 11.5 88.0 490.0 333.5 0.8 6 407.8 52.4 499.9 164.1
002532,1.0 6 112.8 176.1 156.5 205.3 1.0 6 70.2 171.8 114.2 203.7 0.7 18 186.2 126.5 362.8 228.7
002535,1.0 11 0.8 45.7 499.7 265.3
002536,0.9 8 79.4 245.6 199.6 332.9 0.9 4 245.1 127.0 264.2 181.3 0.7 10 1.2 118.9 498.2 289.9 0.8 10 1.2 119.1 498.2 245.4
002538,0.9 8 78.6 283.8 149.5 345.2 0.8 14 156.3 2.1 218.1 161.8 0.8 8 221.5 251.1 310.0 296.9 0.9 14 106.7 0.7 216.1 304.8 0.6 14 27.0 78.0 139.5 345.4 1.0 14 141.7 46.2 281.0 264.7 0.9 10 105.0 256.2 498.9 345.8 1.0 4 202.6 224.8 230.0 327.6
002541,1.0 11 33.5 62.9 478.9 282.9
002543,1.0 6 1.2 255.8 253.3 332.8 0.8 6 155.9 252.9 251.5 328.1 1.0 6 241.7 254.7 302.6 309.5 1.0 6 259.4 236.5 500.5 333.1
002548,1.0 6 378.4 120.5 499.8 220.4 0.6 6 29.5 69.1 244.0 231.1 1.0 6 251.8 115.8 358.7 205.8
002550,0.8 1 0.6 326.2 76.8 463.3 1.0 14 32.7 47.1 332.0 500.6
002551,1.0 14 102.7 1.0 197.4 158.5 1.0 14 92.5 54.3 299.8 298.8 1.0 14 1.0 7.5 86.1 162.5 0.7 14 454.8 77.2 499.8 219.6 0.9 14 464.4 9.3 499.4 82.5 0.7 14 358.5 1.0 390.8 56.0 1.0 14 254.9 70.3 481.8 333.0
002552,1.0 7 102.2 241.8 170.9 348.0
002553,0.8 12 1.0 25.3 456.0 376.9
002556,0.0 0 0.0 0.0 10.0 10.0
002557,0.6 15 115.4 3.3 267.5 146.4 0.9 15 91.3 194.9 149.8 253.7 1.0 15 42.0 0.9 106.5 68.1 0.6 15 331.4 46.7 409.9 126.7 1.0 15 335.9 168.7 409.1 264.6 0.8 15 408.2 45.1 464.3 171.5 0.9 15 409.4 72.5 463.9 172.8 1.0 15 59.9 73.9 158.7 150.1 0.5 15 115.3 2.1 268.4 178.9 0.7 15 158.8 48.3 267.0 182.3 1.0 15 289.1 158.4 340.0 231.0 1.0 15 33.0 144.4 96.2 247.5 0.9 15 137.1 173.6 222.9 249.6 0.5 15 174.3 1.4 256.8 69.0 1.0 15 276.8 51.1 407.3 141.0 0.9 15 231.7 189.8 297.0 260.6 0.8 15 231.2 186.3 335.0 264.2
002560,0.9 4 6.4 0.2 158.7 360.4 0.9 4 147.1 82.0 259.5 442.4
002562,1.0 14 180.5 68.7 270.1 288.1 1.0 14 119.0 44.5 191.8 282.2 1.0 6 33.4 73.0 498.4 313.1 0.7 6 244.5 76.7 500.6 313.1 0.6 6 313.9 64.0 423.0 102.9
002568,0.8 13 239.1 12.6 288.0 60.4 0.8 14 203.1 0.7 239.5 71.6 0.6 13 1.1 0.9 168.7 138.7 0.9 14 253.9 0.6 290.7 72.2 0.8 13 81.8 56.2 324.7 330.5 0.8 13 1.1 9.3 171.2 150.2 1.0 13 82.5 51.4 392.5 330.8 0.6 14 159.2 0.9 198.0 88.2
002570,0.8 2 125.1 253.6 216.9 363.3 0.8 14 142.6 2.5 373.8 324.9 1.0 14 36.2 3.3 372.7 499.0
002573,0.9 14 325.2 119.4 341.3 149.8 0.9 12 193.2 150.2 267.5 275.8 0.9 12 364.1 154.2 498.4 262.8 0.6 14 91.6 128.2 108.7 162.4 0.5 12 308.4 134.5 368.9 175.2 0.7 12 314.6 160.4 377.8 237.6 1.0 14 426.4 118.2 470.4 226.1 0.9 14 271.2 125.3 290.3 165.4 1.0 14 94.9 132.9 133.4 198.3 0.9 12 117.9 149.9 265.3 276.1 1.0 14 165.7 119.0 202.3 229.6 1.0 14 368.7 121.8 395.2 178.9 0.6 12 255.2 139.1 313.1 177.4 0.8 12 118.2 154.6 184.6 275.0 0.9 12 56.6 166.8 126.0 248.5 0.7 12 255.2 138.8 314.2 177.6 0.7 12 313.4 159.2 438.8 253.8 0.8 14 88.2 127.9 109.1 195.3 0.6 14 325.2 119.6 343.0 162.0
002574,0.8 15 153.0 22.4 268.2 92.5 1.0 11 101.1 71.1 307.5 293.5 0.8 17 0.9 41.6 449.0 293.5
002575,0.5 8 57.1 350.4 164.2 380.0 0.5 4 415.1 201.5 437.9 278.2 1.0 4 415.1 278.2 437.2 351.8 0.9 14 251.9 145.9 323.9 277.5 1.0 14 181.1 137.5 265.0 350.1 1.0 4 314.8 311.2 358.5 379.9 1.0 8 13.9 275.2 75.5 355.5 0.5 8 14.4 247.0 76.1 348.8 1.0 4 434.6 307.0 459.4 375.8 1.0 14 248.5 145.9 324.1 361.0 0.7 8 31.9 239.0 68.6 273.0 1.0 14 279.8 124.1 419.7 344.9
002576,0.8 9 156.5 107.8 441.1 319.1
002577,1.0 6 33.9 58.0 476.4 310.7
002580,1.0 6 1.2 216.5 321.7 331.7
002581,0.5 15 41.5 37.3 100.8 191.8 0.8 8 442.9 182.4 499.6 315.9
002582,0.9 14 68.4 287.7 83.4 314.9 1.0 14 344.7 272.9 368.1 366.8 1.0 14 320.1 274.0 342.8 351.8 0.7 14 322.6 274.2 342.9 308.8 1.0 14 132.6 336.7 168.1 441.9 1.0 14 25.0 286.5 38.6 317.1 1.0 14 41.6 322.5 88.0 454.7 0.8 18 74.6 63.4 314.3 410.3 0.6 18 77.8 64.3 370.8 411.2 1.0 14 331.1 298.7 351.3 366.3 1.0 14 362.5 275.4 375.0 369.2 0.8 14 39.7 284.2 51.6 315.1
002583,1.0 6 63.3 262.7 392.3 374.8 0.7 6 0.3 13.8 499.1 252.2
002587,0.7 11 175.6 88.2 359.0 356.5 0.7 11 209.6 85.8 324.3 139.9 0.8 11 348.0 51.4 499.2 154.8 0.9 11 93.2 83.6 244.6 263.9 0.7 11 0.7 54.5 111.0 290.8 0.7 11 193.5 269.6 498.4 375.8 0.8 11 345.6 51.7 499.5 178.4
002588,1.0 14 0.9 94.9 246.3 375.9 1.0 14 209.2 48.3 473.5 375.5
002591,1.0 14 193.4 0.8 277.2 98.1 0.6 14 20.1 56.9 241.6 367.2 1.0 14 10.4 51.6 129.2 304.4 0.5 14 25.3 51.1 475.0 363.4 0.7 14 174.0 94.1 256.7 209.5 0.6 14 196.6 0.2 331.9 95.2 0.9 14 232.4 17.0 329.6 319.4 0.8 14 242.9 19.3 329.4 208.4 1.0 14 256.7 52.1 482.0 360.4
002592,0.7 13 26.8 9.2 421.7 333.3 0.7 13 28.3 62.8 422.6 334.1 0.5 13 30.2 74.6 422.2 334.2 0.7 13 29.8 139.7 424.2 334.0
002596,1.0 14 136.2 153.4 202.0 326.0 0.9 12 49.0 211.9 156.6 435.4 1.0 12 109.0 150.6 302.0 425.6 0.8 14 155.5 165.8 198.9 333.3 1.0 14 194.3 123.5 237.3 259.3
002597,0.6 7 214.6 216.3 422.4 374.5 0.9 11 66.0 21.9 386.8 234.1 0.6 7 88.9 177.1 426.8 375.8
002601,0.7 17 279.3 152.8 499.6 376.8 1.0 19 1.2 80.6 123.8 275.0 0.6 17 188.8 153.5 499.3 377.4 0.5 8 395.1 96.3 476.5 152.7
002602,0.8 6 83.0 0.1 490.5 56.7 0.7 14 171.3 37.1 340.9 195.2 0.9 14 170.8 39.3 345.1 278.1 0.6 13 166.0 81.8 391.1 281.1 0.6 6 152.0 0.5 433.4 62.8
002604,1.0 14 19.5 61.4 201.8 327.5 1.0 14 222.4 103.7 415.6 304.0
002607,0.7 6 125.5 110.3 348.9 196.5
002608,1.0 19 270.7 180.2 435.8 332.3
002610,0.7 8 19.5 316.9 127.1 375.4 0.6 8 77.8 314.6 134.1 360.7 0.7 8 18.4 317.9 97.7 375.3 0.9 8 223.3 310.9 364.0 375.5 0.9 8 75.0 328.9 241.5 375.2 1.0 6 0.7 238.8 119.3 330.3
002612,0.6 13 2.6 1.9 460.5 374.6 0.7 13 0.9 2.0 276.4 374.5 0.6 13 146.6 4.1 465.3 373.8
002614,0.9 14 344.7 152.1 494.2 330.6 1.0 14 344.1 147.9 425.9 282.7 1.0 14 307.7 149.8 369.2 241.8 0.6 14 142.2 172.8 204.9 331.7 1.0 14 402.9 154.1 496.9 331.0 0.7 14 372.8 93.9 498.5 240.2 1.0 14 270.2 150.5 322.4 223.9 0.9 14 1.1 181.3 131.4 333.2 0.9 14 370.6 92.0 443.2 173.5 1.0 14 143.6 171.1 202.7 250.2 1.0 14 69.1 183.2 159.2 332.1 1.0 14 84.9 167.8 127.1 224.8 1.0 14 1.2 180.2 190.1 333.5 1.0 10 151.5 205.4 476.0 333.2 1.0 4 307.3 216.5 324.1 256.8 0.8 14 343.6 149.8 472.1 328.0
002616,1.0 7 14.7 19.8 381.1 250.3
002617,0.9 8 26.4 258.4 174.9 375.2 0.7 8 372.6 140.8 465.8 241.4 0.9 8 47.1 137.7 150.6 267.0 0.8 8 10.5 129.1 86.8 227.0 0.9 8 46.1 136.9 117.9 206.5
002619,0.6 4 54.9 184.4 135.2 238.7 0.6 3 21.0 11.7 344.3 484.2
002620,0.8 7 40.8 222.4 325.4 418.5 1.0 7 42.5 230.8 217.5 419.3 1.0 14 156.8 23.5 332.8 499.0
002622,1.0 6 8.7 311.6 74.7 332.9 1.0 6 258.8 296.4 306.8 331.8 1.0 6 148.4 310.8 189.7 332.5 1.0 6 187.0 306.1 227.4 333.1 1.0 6 222.6 302.1 262.6 332.0
002623,0.6 9 396.8 249.4 498.6 353.9
002624,0.6 8 87.3 257.1 125.3 375.2 0.8 14 108.4 138.8 239.4 375.0 1.0 14 107.7 138.9 323.4 375.0 0.7 8 0.7 201.6 99.4 375.2 1.0 10 221.4 236.2 498.4 374.6 1.0 14 253.6 152.4 359.4 256.8
002626,0.5 1 96.4 315.3 123.6 379.4 0.9 1 263.6 369.1 332.6 441.5 1.0 14 302.1 247.6 374.4 501.1 0.8 1 282.8 370.7 331.6 445.4 0.9 1 287.4 373.8 374.6 500.8 0.9 14 244.9 291.1 276.4 373.9 1.0 14 95.8 275.3 133.0 377.5 0.7 14 248.6 292.4 277.1 341.5 1.0 14 0.7 286.3 29.8 415.7 1.0 14 0.7 291.2 17.8 422.6 0.7 14 80.0 277.0 110.8 379.8 1.0 14 26.7 285.4 62.9 422.0 0.7 1 288.9 390.8 374.4 500.4 1.0 14 178.3 271.5 224.1 383.9 1.0 14 261.7 284.3 312.3 421.5 0.8 1 188.8 332.1 218.5 404.7
002628,1.0 3 58.5 170.6 121.8 266.0 0.6 3 228.9 269.1 345.2 305.1 0.8 3 61.7 250.6 119.7 265.5 0.8 3 172.1 57.2 345.2 305.1 0.7 3 231.1 56.3 343.2 304.4
002629,0.9 2 248.2 171.2 333.5 200.8 0.9 2 187.5 178.2 324.8 301.3
002630,1.0 2 71.7 41.2 263.3 298.2 0.9 2 71.2 40.7 262.5 334.4 1.0 2 320.0 73.0 481.4 334.6
002631,0.5 14 95.8 84.5 255.5 246.4 1.0 14 21.3 135.8 182.3 428.9 0.9 14 92.1 87.0 280.9 314.3 0.8 13 57.1 206.6 312.9 427.3
002638,0.5 10 1.4 219.6 171.2 375.2 0.7 19 161.6 81.3 214.3 150.0 0.9 19 130.2 78.6 213.0 153.1 0.9 19 89.2 76.0 133.0 105.4 1.0 8 210.3 175.3 334.7 373.9 0.9 19 221.9 74.0 287.3 132.1
002639,0.7 8 94.3 250.7 144.0 310.0 0.7 14 43.9 147.3 70.9 180.9 1.0 14 186.8 156.7 243.7 302.0 1.0 14 343.5 158.5 401.5 282.6 1.0 14 238.9 148.8 307.2 301.6
002640,1.0 1 59.4 2.4 450.7 257.1
002642,1.0 7 61.0 131.9 208.5 409.9
002644,0.9 8 200.1 196.9 264.1 339.4 1.0 15 1.2 214.1 123.6 336.8 0.5 8 152.3 201.5 264.3 343.4 0.7 8 199.9 197.2 266.7 286.3 0.7 10 152.7 277.1 257.5 346.5
002650,0.9 6 318.9 31.3 356.3 53.2 1.0 8 224.0 75.1 311.9 205.4 0.9 17 0.6 130.2 156.0 359.1 1.0 8 322.6 100.7 395.6 209.0 0.6 10 246.3 205.4 498.6 378.1
002651,1.0 14 255.7 53.9 500.7 375.0
002652,1.0 14 194.5 1.0 315.7 316.3 0.7 11 147.2 111.3 396.1 336.9
002654,0.9 8 8.9 245.1 141.7 376.5 0.9 17 137.3 244.3 398.5 374.9
002655,0.8 12 81.7 85.0 415.8 349.9 0.8 12 78.8 83.5 293.3 378.2 1.0 14 162.6 49.9 268.0 200.2 0.8 14 105.0 197.4 159.6 389.5 0.7 12 78.6 83.6 293.4 244.3 0.8 12 82.5 81.5 414.4 291.2 0.7 12 126.1 140.0 415.6 291.4
002656,0.7 19 189.7 208.1 283.9 359.5 0.7 15 224.1 71.1 293.7 147.5 1.0 14 94.5 90.9 204.3 490.0 1.0 14 263.7 101.3 366.9 455.3
002660,0.6 10 -0.3 215.8 253.3 375.7 1.0 14 123.1 122.3 268.6 254.2 0.9 8 24.5 23.6 200.3 214.8 0.6 10 0.3 216.2 257.2 375.7 1.0 14 230.1 161.6 498.7 375.4
002661,1.0 0 1.1 131.7 482.8 234.7
002663,0.8 11 5.3 25.0 350.5 329.7
002665,0.7 6 165.7 186.4 224.1 230.9 0.7 5 244.5 171.5 291.5 216.6 0.7 6 295.9 167.6 340.0 202.3 0.8 0 245.1 113.2 496.3 206.3
002671,0.7 14 122.4 56.8 254.8 375.1 1.0 14 1.4 56.8 255.4 375.8 1.0 14 242.1 126.1 498.9 375.7
002672,0.7 2 54.4 33.2 286.3 191.1 0.5 2 12.7 182.4 414.1 429.4 0.8 2 59.8 71.2 411.9 407.2 0.8 2 11.5 163.7 414.1 427.4
002673,0.7 19 368.3 79.6 483.7 208.3 0.8 14 116.5 64.2 496.7 374.6 0.9 14 175.7 64.6 496.9 352.7 0.6 14 161.8 61.3 497.2 369.2 0.6 14 174.9 61.9 497.1 363.3
002674,1.0 8 39.5 288.8 101.1 374.9 0.5 8 58.4 275.3 112.3 319.9 0.7 8 336.1 307.7 408.6 375.3 0.7 8 451.2 317.9 499.4 375.3 1.0 14 465.5 228.7 495.7 296.4 1.0 8 169.9 306.7 269.2 375.5 0.7 10 1.5 233.0 170.0 328.8 0.7 14 87.9 246.6 104.8 275.3 0.8 14 471.6 228.1 498.1 290.7 1.0 14 355.7 249.6 382.9 311.8 0.9 8 1.0 301.9 57.6 375.4 0.7 14 470.9 255.5 499.6 334.6 0.7 8 366.7 322.0 434.8 375.0 0.7 10 250.8 319.4 436.9 375.3 0.9 10 218.0 287.5 328.2 329.0 0.8 10 254.2 322.1 393.7 375.4 0.6 8 277.1 282.2 332.3 328.9
002676,0.7 9 379.3 268.9 417.0 297.4 0.8 9 202.5 249.2 254.8 308.2 0.8 9 245.4 247.5 286.2 305.1 0.9 9 344.6 244.5 384.4 295.8 0.9 9 284.8 249.5 338.3 306.0
002679,0.8 5 96.3 30.9 425.9 375.8
002681,0.9 6 8.8 138.2 325.8 451.5
002685,0.9 2 184.1 75.6 237.1 112.3 0.8 2 418.7 190.9 498.5 298.2 1.0 2 265.3 112.6 326.1 209.8 0.9 2 82.3 172.2 193.9 275.9 0.9 2 23.6 110.6 134.5 165.7 0.8 2 125.4 173.6 257.5 375.3 1.0 2 145.0 62.3 178.6 103.6 0.7 2 189.4 104.8 259.5 172.9 1.0 2 183.2 81.5 261.1 173.6 0.8 2 27.8 94.9 82.0 133.2 0.8 2 82.1 175.8 154.1 275.4 0.9 2 1.3 153.2 120.4 259.1 0.7 2 101.9 174.6 305.2 375.1 0.6 2 211.1 273.0 310.5 375.3 1.0 2 353.3 71.2 417.3 164.9 0.6 2 24.0 111.3 74.0 154.0
002686,1.0 14 172.0 169.3 276.3 365.5 1.0 13 127.3 185.6 356.9 361.7 1.0 14 254.6 138.0 325.0 226.9
002687,0.7 14 104.8 80.8 410.8 366.0 0.5 14 103.1 80.4 262.6 372.4 1.0 14 1.5 181.2 171.6 375.4 0.8 14 36.1 83.0 409.7 372.9 0.7 14 37.3 180.1 136.0 273.3
002688,0.9 18 24.7 147.8 187.2 276.9 0.7 18 154.3 98.0 471.3 299.8 0.9 18 151.2 98.5 470.1 325.0
002692,1.0 14 233.2 189.3 291.5 263.0 0.6 14 231.2 190.0 291.9 351.5 0.9 12 283.2 162.6 367.7 379.0
002694,0.9 14 80.9 184.4 287.9 374.1 0.9 7 1.7 52.1 242.2 284.8 0.8 7 285.9 86.2 458.6 277.9
002698,1.0 1 38.9 1.4 478.6 291.8
002700,0.9 5 0.8 58.7 134.0 110.4 1.0 14 258.5 60.6 405.1 375.2
002701,0.6 14 202.5 260.0 220.8 274.8 0.9 14 28.1 270.6 46.2 305.0 1.0 14 109.5 263.4 128.0 307.1 1.0 14 3.9 271.2 26.7 324.5 0.7 14 67.0 266.3 81.2 313.2 1.0 6 134.1 268.4 306.7 320.4 1.0 14 336.2 255.1 352.5 288.6 0.9 14 128.7 262.6 144.5 301.7 0.7 14 63.7 265.7 75.1 297.1 0.8 14 281.3 260.4 295.2 282.2 1.0 6 337.3 258.7 501.1 317.5
002703,0.9 14 338.3 272.1 435.0 374.9 1.0 0 97.8 178.5 181.9 234.2 1.0 14 111.5 258.9 224.8 374.5 1.0 6 179.0 202.0 259.9 235.3
002705,0.9 8 1.1 194.3 55.4 349.8 0.8 8 369.2 206.5 473.2 324.2 0.7 14 440.6 40.4 499.5 223.1 0.9 14 412.4 38.6 499.4 220.8 1.0 4 325.1 284.2 365.4 374.8 1.0 14 39.9 53.8 222.1 374.6 1.0 14 201.7 98.7 431.0 349.2 0.8 10 80.0 308.7 478.6 375.5
002707,1.0 0 95.1 99.2 495.0 239.6
002708,0.5 8 366.6 1.7 498.3 332.5 0.5 8 321.3 151.6 373.1 295.8 0.9 15 253.9 79.6 361.6 172.3 0.8 11 103.6 125.5 246.0 309.9 0.8 8 233.2 160.9 290.6 278.4 0.5 11 71.8 125.1 300.3 330.3 0.5 8 285.0 154.5 371.3 296.9
002711,0.5 14 83.7 284.3 141.0 374.5 0.9 4 1.1 250.0 65.8 375.5 0.8 17 215.7 135.1 364.8 181.7 1.0 14 357.3 50.5 481.0 183.4 0.6 14 86.6 283.7 134.5 340.6 0.8 14 360.3 49.7 481.2 315.8
002712,1.0 14 101.9 77.1 253.9 324.1 0.9 4 47.4 187.8 62.2 229.3 0.6 4 62.2 185.1 75.7 226.6 1.0 4 242.4 213.8 290.3 368.8
002716,0.7 6 -0.2 171.2 232.8 295.9 0.5 6 417.1 292.7 498.9 370.6
002719,0.7 0 47.8 101.3 491.7 346.1
002720,0.0 0 0.0 0.0 10.0 10.0
002724,0.9 8 1.0 219.6 128.9 376.1 0.9 8 336.1 207.6 439.8 316.3 0.9 8 405.8 209.7 499.1 333.1 0.8 8 86.0 185.5 154.0 251.4 0.9 8 59.9 184.8 152.3 333.1 0.8 8 192.5 174.4 237.8 231.7 0.9 10 39.2 210.5 380.0 375.3 1.0 8 181.2 226.7 351.4 375.2
002725,0.7 11 93.1 2.3 498.3 362.9
002726,0.9 14 207.1 167.6 296.5 368.8 1.0 14 408.4 142.0 498.8 373.1 0.6 14 246.6 166.8 300.4 328.6 1.0 14 155.0 203.1 219.2 374.6 0.9 14 209.3 223.8 300.3 369.5 1.0 14 242.2 298.8 297.8 374.9 1.0 14 328.5 135.2 424.7 374.2
002728,1.0 14 1.5 2.1 224.4 333.6 0.7 18 256.8 171.2 379.3 234.7 1.0 14 331.7 2.1 500.4 333.5
002729,1.0 14 445.5 34.8 499.4 323.3 0.7 13 29.3 46.9 464.8 332.7 1.0 14 393.6 49.3 451.5 145.3
002731,1.0 14 308.0 159.3 368.7 270.4 1.0 1 277.1 194.4 387.3 297.8
002733,1.0 6 43.9 50.9 477.2 273.1
002736,0.7 7 15.9 67.3 278.1 424.2 1.0 7 19.1 65.8 373.3 489.2
002739,1.0 13 157.7 222.5 229.8 328.4 1.0 14 157.8 170.3 232.6 320.8 0.9 14 363.0 25.4 387.6 68.3 1.0 13 352.9 39.8 396.2 77.9
002740,1.0 7 45.5 124.8 294.2 295.5
002742,1.0 14 120.1 47.8 225.7 286.1
002743,0.9 8 1.0 278.4 93.5 375.1 0.8 15 179.7 11.3 299.8 226.6 0.8 15 120.3 102.2 193.8 226.2 0.9 4 450.2 90.1 492.8 210.3 0.7 8 420.4 277.4 498.7 375.2 0.6 10 91.6 293.1 469.8 375.4
002746,0.7 6 57.4 92.5 350.1 169.6
002748,0.5 6 443.9 86.6 499.8 289.7 0.8 14 29.8 172.8 40.7 196.4 1.0 6 62.0 151.1 177.6 278.0 0.6 6 168.5 38.0 474.0 374.0 0.6 14 30.5 172.7 41.2 196.2
002750,1.0 14 140.9 84.7 218.8 375.5 1.0 14 212.3 93.3 315.3 374.7 1.0 14 302.6 87.7 391.5 374.2
002752,0.9 6 227.7 135.5 338.3 186.8 0.9 6 175.9 136.5 200.6 188.1 1.0 17 197.7 186.4 339.1 268.3
002753,1.0 8 100.1 218.0 235.2 358.2 0.9 10 243.6 233.8 333.4 348.5 0.9 8 369.2 205.8 474.2 348.2 0.9 15 273.7 218.8 309.5 248.7
002754,1.0 0 46.3 48.6 453.7 218.5
002756,0.6 14 78.1 194.5 91.2 224.2 1.0 14 159.4 185.4 184.8 259.5
002758,0.7 5 200.7 173.7 258.5 221.2 0.5 6 31.2 189.1 167.4 250.7 1.0 6 370.8 195.3 497.8 375.6 0.6 6 330.1 170.1 378.5 211.5 0.8 6 22.6 161.6 169.5 250.6 0.6 6 175.8 194.5 247.9 239.8 0.8 6 273.1 168.8 331.1 230.8
002761,1.0 14 162.3 81.1 376.9 332.0
002764,0.9 3 44.0 112.1 217.5 356.0
002768,0.9 11 260.9 197.1 333.5 289.2 1.0 14 308.7 70.6 398.0 301.5
002769,1.0 0 5.3 41.9 495.5 274.8
002770,0.7 9 74.1 196.8 162.0 261.6
002771,0.7 18 66.8 1.3 264.9 246.0 0.9 18 14.7 1.2 267.7 247.1
002773,1.0 4 127.6 136.7 148.2 186.1 1.0 4 12.1 230.2 42.9 317.4 0.9 4 146.0 78.5 164.8 135.0 0.6 4 102.8 225.0 120.0 292.1 0.9 4 48.4 323.7 73.7 374.9 1.0 4 472.4 216.5 494.5 273.4 0.9 4 448.6 213.5 469.3 266.3 1.0 4 61.3 131.1 84.9 204.9 1.0 4 98.2 224.8 118.7 293.0 0.6 4 443.1 199.9 458.7 243.3 1.0 14 113.2 148.2 249.8 375.0 0.9 4 65.8 322.5 88.8 374.8 1.0 4 112.3 138.3 133.5 201.8 1.0 4 86.8 225.5 110.8 294.6 1.0 4 77.1 52.4 98.2 118.9 1.0 4 6.5 17.1 31.9 105.7 1.0 4 39.1 125.9 66.2 204.7 0.9 4 182.6 90.8 205.5 141.0 1.0 14 220.1 85.3 454.0 374.8
002777,0.7 17 334.3 220.8 479.4 374.0 0.9 8 345.6 241.4 497.7 375.8 0.6 15 223.7 159.9 246.4 193.1 1.0 8 145.2 218.6 209.6 315.7 0.8 15 157.8 182.6 191.0 225.8 1.0 10 91.5 221.8 214.0 314.0 0.6 17 310.4 225.5 485.9 374.9 0.6 10 303.7 295.6 474.8 375.1 0.9 8 345.4 250.0 474.3 374.7 0.5 15 319.9 120.0 469.0 233.9 1.0 8 272.2 194.6 318.0 274.8 1.0 8 205.2 221.0 276.1 327.9
002780,1.0 14 1.1 91.8 108.5 305.4 0.9 12 250.5 93.3 475.1 274.8
002781,0.9 14 302.2 90.2 366.1 285.4 1.0 14 278.7 171.5 380.4 359.5 1.0 14 383.3 94.3 459.0 359.5 1.0 14 344.7 131.0 441.3 359.3 1.0 14 224.1 79.1 309.6 180.3 1.0 14 161.9 113.7 244.7 360.4 0.7 14 301.4 89.2 374.9 359.6 1.0 14 304.9 89.2 363.5 178.6 0.9 14 240.0 147.5 317.5 235.5 1.0 14 144.9 91.0 188.7 161.4 1.0 14 89.3 127.2 165.4 360.6 1.0 14 8.2 113.0 90.1 360.3 1.0 14 236.8 147.8 318.7 299.2 1.0 14 230.3 228.2 347.6 360.3
002787,1.0 7 96.4 63.7 255.0 286.8 0.9 8 2.6 9.4 461.0 373.8 1.0 7 153.6 193.9 422.9 375.2
002788,0.6 8 2.3 161.1 43.1 239.7 1.0 8 31.4 185.0 140.3 305.3 0.6 8 6.7 160.3 93.7 272.1 0.8 14 364.3 72.4 499.8 334.0 0.9 10 4.1 112.7 127.2 157.8 0.8 14 254.1 71.6 339.3 168.6 1.0 8 130.5 193.1 211.4 309.7 0.6 8 3.6 137.4 53.3 206.4 0.5 10 195.3 104.7 275.7 148.4 0.6 10 5.8 112.5 125.5 150.5 0.9 10 49.2 140.8 387.5 333.1 0.9 14 248.3 72.1 342.4 322.4 0.8 14 354.8 71.2 489.5 237.4 1.0 14 308.2 71.4 498.8 334.2 1.0 14 245.8 68.6 274.1 108.8
002789,0.9 9 51.2 136.6 171.5 215.3 1.0 14 386.0 129.4 418.8 216.6
002790,1.0 6 64.1 252.8 115.5 312.3 1.0 14 30.8 239.1 46.0 279.8 0.6 14 85.8 237.5 98.5 257.9 0.9 12 103.2 81.6 275.4 499.8
002792,1.0 19 25.7 27.8 263.3 190.8 0.8 8 359.9 134.0 499.6 336.0 0.7 8 216.0 244.0 315.3 375.3 0.6 4 129.6 234.8 154.0 275.3 1.0 14 1.4 48.0 223.4 374.9 1.0 14 192.3 74.4 375.4 375.0 0.7 10 226.6 221.1 479.3 374.8 1.0 14 371.8 63.5 476.0 342.2 0.8 15 293.5 35.2 378.1 132.1
002793,1.0 6 132.0 249.2 303.4 297.5 0.5 6 316.6 229.1 385.2 284.9 0.9 6 0.9 253.9 144.8 300.9 0.9 6 0.9 253.6 145.8 358.4 0.8 6 324.3 226.4 500.2 285.4 0.9 13 329.7 102.2 473.6 174.6
002797,0.5 13 382.3 196.0 417.0 259.4 1.0 14 388.6 170.3 424.3 248.0
002799,0.8 8 1.0 34.8 65.0 178.8 0.9 19 383.2 5.7 450.5 62.2 0.9 15 160.7 39.4 333.5 231.1 0.8 10 0.5 40.3 498.8 377.3 0.9 10 1.2 127.0 498.7 376.7
002802,0.6 16 207.4 264.1 373.9 501.0 0.7 16 241.9 0.1 373.6 173.9 0.7 16 45.6 80.4 222.0 214.7 0.6 16 50.9 77.6 374.6 316.5 0.6 16 200.1 131.7 373.9 307.1 0.5 16 67.1 131.5 257.2 319.7 0.6 16 110.1 266.5 374.2 499.8
002805,0.8 11 40.6 21.8 241.7 375.7 0.8 11 42.0 12.1 448.8 377.8 0.6 11 65.0 25.7 234.6 351.6 0.9 11 173.2 188.2 431.9 385.2
002806,1.0 14 277.4 68.4 415.9 261.1 1.0 13 207.4 109.8 466.0 284.9
002808,1.0 6 243.2 104.4 330.4 244.8 0.9 6 33.8 133.0 98.2 190.6 0.6 4 92.3 63.2 258.3 396.0 1.0 6 0.7 131.5 76.4 216.8
002809,0.6 10 82.0 239.7 150.0 288.8 0.5 8 145.2 313.8 251.6 412.3 0.7 8 0.1 327.9 101.8 381.8 0.9 8 29.7 223.5 75.3 268.2 0.8 17 0.0 246.0 97.8 375.5 0.7 8 28.7 221.5 86.4 289.2 0.8 10 1.4 371.0 243.6 501.2 0.9 19 292.5 242.2 374.8 332.1
002811,0.8 3 23.7 159.3 140.9 373.3 0.7 3 127.5 79.7 311.4 449.1
002813,0.9 14 194.3 130.4 286.6 267.2 0.6 8 248.5 164.4 340.3 255.0 0.7 14 199.2 130.8 287.1 251.9 0.8 10 1.1 201.4 236.1 338.8 0.9 15 38.2 136.1 138.2 263.3 1.0 8 198.0 212.9 398.7 345.5 0.5 8 270.3 165.5 343.2 235.3
002814,1.0 6 45.0 202.8 320.6 377.5
002818,0.9 9 231.3 210.4 290.7 267.5 0.6 9 303.4 217.9 372.6 286.5 0.8 9 149.8 223.1 182.1 273.5 0.6 9 450.0 209.8 496.6 253.5 0.8 9 390.8 209.1 437.1 259.5 0.8 9 261.7 221.5 306.3 274.8 0.8 9 1.2 211.0 49.5 261.3 0.7 9 124.9 213.0 154.9 257.3 0.8 9 77.7 218.5 120.0 270.4 0.6 9 303.9 208.5 384.3 285.1
002819,0.9 12 417.8 138.3 479.5 285.7 0.6 12 299.6 69.3 410.2 165.6 1.0 14 196.8 37.3 311.9 210.0 0.7 12 86.4 111.0 366.4 278.7 0.7 12 73.2 68.9 407.9 280.4 0.6 12 86.5 70.4 406.6 279.0
002821,1.0 14 227.0 126.3 248.7 192.2 0.6 3 301.3 200.1 429.7 307.8 1.0 14 190.3 146.9 238.0 303.0 1.0 14 259.7 160.0 325.5 323.5 0.8 3 224.9 192.6 429.0 307.1
002822,1.0 0 188.5 103.1 227.1 125.4
002823,0.6 14 215.5 151.2 323.4 281.1 1.0 14 213.5 151.1 324.2 347.8 0.5 13 91.8 236.8 433.6 375.4 0.8 13 134.4 171.5 433.1 375.9
002824,1.0 14 1.3 14.7 497.9 431.6
002825,0.9 2 0.9 83.2 89.8 209.5 1.0 2 -0.5 131.6 375.1 333.2
002828,0.9 12 23.1 24.2 374.0 264.2 0.6 12 125.9 27.3 373.3 260.3
002829,0.6 7 7.2 166.9 164.4 308.5 1.0 6 36.8 53.0 446.9 313.9
002830,0.7 13 196.7 4.2 278.1 68.3 0.7 13 211.6 3.4 281.7 64.6 0.8 13 139.3 17.7 248.2 67.2 0.8 13 190.5 3.0 253.8 68.9 0.6 13 83.1 124.5 292.2 292.9 1.0 13 7.7 120.7 302.4 294.1 0.9 13 1.3 15.9 61.1 85.5 0.9 14 181.7 59.7 272.0 157.1 0.5 14 182.8 51.7 304.4 186.0 0.8 14 177.9 51.8 307.4 280.9 1.0 13 390.6 1.4 487.5 95.1 0.7 13 239.6 4.2 338.6 61.2
002831,0.9 11 0.8 1.4 279.7 430.7 0.7 11 75.0 129.3 277.4 430.8
002832,0.6 14 69.7 159.6 88.7 251.0 1.0 14 151.3 123.0 167.7 182.4 0.6 14 23.0 106.0 54.0 254.5 0.8 14 21.7 106.1 48.4 229.1 1.0 14 1.4 109.2 37.9 233.5 1.0 14 119.0 117.7 138.7 194.2 1.0 14 69.6 158.4 89.0 222.9 1.0 14 57.7 75.9 90.5 254.6 1.0 14 133.1 121.2 151.4 189.5 1.0 14 90.0 129.7 106.3 172.6 0.6 5 166.7 71.2 312.9 213.0 0.6 5 302.1 47.5 502.1 239.9
002837,0.0 0 0.0 0.0 10.0 10.0
002839,0.6 1 43.1 5.9 496.4 332.6
002840,1.0 6 5.1 108.6 417.0 284.6
002843,0.6 2 270.9 102.6 354.9 134.6 1.0 6 27.8 103.6 280.0 374.6
002846,0.5 4 131.2 56.6 184.7 137.4 0.6 10 1.4 143.1 84.3 183.7 1.0 8 56.5 158.3 113.3 254.8 0.5 19 0.5 177.4 39.5 437.2 0.7 8 87.7 141.7 127.5 201.6 0.6 19 0.6 178.8 39.2 313.4 0.6 8 18.2 184.3 64.8 363.8 0.5 8 0.6 146.5 43.9 188.3 1.0 14 130.5 15.1 287.9 498.8
002849,1.0 11 58.9 61.1 315.7 266.2
002850,0.9 8 121.5 224.0 299.8 375.3 1.0 19 191.8 81.9 312.9 195.2 1.0 19 321.9 88.2 424.7 218.8
002851,0.9 0 95.0 74.7 419.6 212.8 0.9 0 96.2 74.6 419.3 248.5
002852,1.0 11 86.8 150.0 456.8 233.7 0.7 11 17.6 151.8 385.6 350.9 1.0 11 58.9 59.9 299.5 158.7 0.9 11 24.1 202.3 387.3 355.6 0.7 11 1.1 110.1 84.7 328.3
002853,0.7 7 1.3 47.7 172.0 258.2 0.7 11 271.4 86.3 499.3 333.2 0.9 11 255.4 1.2 497.3 307.6
002856,0.6 14 35.2 0.2 124.6 99.6 0.8 14 33.6 0.5 79.9 75.3 0.7 14 424.3 1.1 499.1 88.4 1.0 14 74.2 0.6 162.8 97.8 0.9 10 14.9 33.8 474.3 334.4 0.9 10 16.4 33.8 473.8 334.4 0.7 14 183.9 0.4 299.2 44.2 1.0 14 268.4 0.4 425.6 85.0
002857,1.0 4 41.5 181.3 112.6 391.5 0.9 14 0.9 45.8 373.6 497.3 0.7 14 32.3 44.3 373.2 495.8 0.7 14 31.6 44.4 300.0 494.1
002860,0.9 11 319.3 193.0 466.9 332.9 1.0 1 136.2 134.9 341.8 282.2 1.0 14 154.1 22.3 284.0 247.0
002861,0.5 7 20.6 36.0 332.0 390.7 0.7 7 35.5 37.6 332.4 498.7 0.7 7 80.1 257.3 331.2 501.0
002862,0.8 8 93.4 202.3 171.5 287.4 0.9 8 214.7 221.0 271.2 316.0 0.7 8 95.3 204.2 197.8 294.9 0.8 8 58.8 282.3 127.4 334.0 1.0 10 93.5 204.8 261.8 323.2 0.7 8 85.0 202.0 127.5 254.7 0.9 8 183.4 221.5 272.2 320.4
002863,0.9 14 362.1 62.0 500.3 374.4 0.9 14 153.8 58.5 171.0 84.5 0.6 14 138.0 56.5 153.0 100.3 1.0 14 176.4 41.7 210.9 73.3 1.0 14 128.0 56.8 144.3 101.0 1.0 14 125.1 1.6 366.0 374.0 1.0 14 96.5 53.5 118.8 101.4 0.5 14 361.9 62.4 499.4 257.0 0.7 14 364.0 4.7 499.8 373.1
002865,1.0 6 401.8 213.5 499.2 256.4 0.6 5 -0.0 1.5 404.4 374.4 0.5 5 0.8 1.4 388.2 374.2
002871,1.0 6 0.9 233.5 73.1 285.4 0.9 18 1.3 106.1 298.7 285.7
002872,0.8 14 342.1 116.3 500.2 375.9 0.5 8 292.7 235.2 440.3 376.1 1.0 14 1.4 112.8 237.5 376.1 0.9 14 1.5 111.8 178.7 375.9 1.0 14 278.9 115.9 499.1 375.9
002874,0.9 14 201.7 43.4 350.7 225.2 0.9 14 58.4 43.9 352.6 374.8 0.7 14 325.8 55.3 434.7 217.2 0.7 14 63.8 52.5 484.6 375.1 0.9 17 0.3 78.0 498.5 351.5 1.0 14 213.8 53.2 489.0 374.4
002876,0.8 11 7.6 26.2 394.9 352.3 0.8 11 166.0 26.1 398.4 353.0
002877,0.9 14 289.9 102.4 375.1 423.2 0.8 14 271.1 73.2 325.0 218.4 0.9 14 91.6 122.2 137.2 266.7 1.0 14 1.2 25.7 318.9 499.0 0.9 14 285.2 100.8 374.9 331.7 0.9 14 236.8 118.4 273.6 174.9
002878,0.9 14 95.6 24.8 400.0 374.9 0.7 14 2.6 15.6 311.6 375.4 1.0 14 1.3 12.9 162.3 375.7 1.0 14 105.3 126.4 400.5 375.0 0.7 14 245.3 17.1 499.4 373.8 0.8 14 233.1 127.1 400.5 374.8 1.0 14 293.3 23.9 499.8 374.7
002882,0.8 16 385.4 277.6 420.5 298.4 0.6 16 173.8 262.1 192.5 283.2 0.5 0 0.6 62.5 499.7 285.2
002883,0.9 14 259.6 120.7 331.9 498.9 0.5 14 276.5 92.4 331.9 498.2 0.6 14 1.1 3.0 330.4 498.5 0.8 14 1.2 2.8 125.4 499.2 1.0 14 93.7 127.7 330.4 501.4
002885,1.0 14 385.9 1.0 499.3 278.8 1.0 14 97.3 64.9 169.5 241.0 0.5 14 55.5 62.0 103.8 183.1 0.9 14 383.7 1.2 499.3 259.2
002887,0.8 17 133.5 242.0 336.4 356.3 0.7 8 140.3 244.9 334.3 358.3
002888,0.7 14 146.7 43.3 184.4 231.8 0.8 14 0.4 236.9 108.8 376.6 1.0 14 84.5 10.4 173.5 329.8 0.8 14 83.5 8.9 159.4 184.9 1.0 14 17.1 105.8 128.0 352.7 0.5 14 221.3 139.1 394.7 332.8 0.9 4 9.2 101.4 24.5 142.3 1.0 14 255.9 141.5 391.9 332.8 0.5 14 345.0 5.6 402.7 157.7
002890,1.0 14 5.7 177.6 24.8 231.1 1.0 18 62.6 73.7 434.0 293.0
002892,0.7 2 196.9 186.6 246.5 245.3 0.6 2 143.6 167.5 210.0 229.9 1.0 2 196.9 189.2 325.4 345.4
002894,0.0 0 0.0 0.0 10.0 10.0
002895,1.0 14 385.2 200.8 442.7 340.2
002897,1.0 14 55.5 230.9 71.5 277.6 0.6 14 376.4 241.6 391.4 265.1 0.9 14 329.1 240.1 343.8 279.6 1.0 14 210.2 235.9 226.7 277.3 1.0 14 147.5 233.1 164.5 277.6 1.0 14 88.0 230.1 105.5 278.1 0.6 14 279.5 243.3 291.6 276.9 1.0 14 120.6 231.9 138.2 277.8 1.0 14 446.8 243.6 464.3 285.0 1.0 14 265.5 239.6 281.6 278.2
002898,0.6 18 57.2 73.5 499.9 320.7
002900,1.0 6 105.6 126.0 384.2 246.2
002902,0.9 19 0.3 205.1 96.9 307.3 1.0 19 165.2 87.3 299.8 215.8
002903,0.0 0 0.0 0.0 10.0 10.0
002904,1.0 4 359.9 222.2 415.1 374.4 0.9 4 467.2 313.1 499.7 374.4 1.0 14 1.0 60.9 235.8 284.2 1.0 4 269.9 217.3 317.9 373.9 1.0 14 223.1 89.4 367.2 286.3 1.0 14 345.8 145.1 499.2 306.6
002905,1.0 19 213.7 278.8 328.9 387.8 0.7 14 1.9 19.6 225.3 500.4 1.0 14 0.4 21.1 277.4 500.3 0.7 8 215.0 286.0 345.8 488.7
002907,0.6 19 117.8 159.1 221.6 360.3 0.7 19 119.2 42.4 229.3 363.2 0.5 8 278.5 31.8 411.4 322.6
002908,1.0 0 201.4 107.2 310.8 231.0
002909,1.0 14 89.3 86.4 227.3 299.0 1.0 12 112.4 148.2 204.6 407.2
002911,0.6 14 156.2 101.1 358.8 333.0 0.8 14 118.6 101.2 348.3 333.4 1.0 14 1.1 226.4 117.8 333.5 0.9 14 118.3 101.2 393.1 333.4 0.7 14 187.0 65.9 274.4 191.9 1.0 14 185.5 64.1 394.3 332.8
002918,0.9 14 389.3 185.8 499.3 331.4 0.9 14 387.9 215.7 499.0 331.2 0.9 14 385.9 217.4 433.8 330.6 0.9 14 425.9 186.0 499.2 331.5 0.5 14 390.8 185.6 499.0 331.6 0.6 1 195.0 51.6 308.5 329.8 0.6 14 38.7 53.8 275.7 326.1 1.0 14 39.4 52.6 329.4 330.5 0.8 14 274.3 139.8 327.6 330.8
002920,0.7 1 233.9 211.1 393.4 281.1 0.6 5 89.0 123.1 239.3 237.4 0.9 14 380.0 177.6 391.7 206.0 1.0 1 66.0 202.7 177.1 277.9 0.8 8 10.8 156.1 81.5 268.3 0.7 1 234.5 211.3 482.1 281.1
002921,1.0 14 90.3 95.5 227.0 295.1 0.9 12 94.8 154.2 231.1 446.4 0.9 12 127.6 155.6 231.2 412.7
002922,1.0 2 274.8 366.7 312.8 433.6
002923,0.5 16 1.7 30.9 495.1 333.0
002925,1.0 14 170.1 148.9 253.3 357.8 1.0 14 345.5 110.8 446.6 370.0 0.7 15 440.9 194.4 499.8 343.7 1.0 14 62.6 116.9 173.5 371.6 0.6 15 7.1 170.7 90.1 351.4 1.0 14 246.2 148.1 302.3 359.3 1.0 14 273.1 149.6 386.6 362.1
002926,0.5 8 415.9 1.7 499.1 332.3 0.9 7 231.2 52.3 346.4 137.3 1.0 7 115.9 121.1 280.8 229.0
002927,1.0 6 419.6 87.0 499.7 255.6 0.6 14 72.0 162.6 93.2 193.4 1.0 6 14.6 32.2 464.4 335.8
002928,0.0 0 0.0 0.0 10.0 10.0
002929,0.7 13 182.0 149.0 374.2 408.7
002930,0.6 8 322.9 152.5 391.6 304.6 1.0 8 179.8 164.9 244.4 304.8 0.9 8 107.1 171.8 201.6 308.1 0.7 8 249.5 107.5 330.2 219.0 0.8 8 108.2 129.0 199.0 300.5 0.6 8 241.5 165.4 329.2 301.8 0.6 8 247.8 108.3 328.2 289.3 0.7 8 245.1 205.2 331.0 311.1
002936,0.9 7 121.8 21.1 398.5 324.2 0.6 7 1.4 1.0 227.9 225.2 0.6 7 1.8 1.4 397.0 328.1 0.8 7 0.2 4.3 450.9 324.4 0.9 7 122.3 20.1 448.6 327.5
002945,1.0 4 336.1 295.0 377.6 375.0 0.7 10 70.0 246.4 480.0 376.2 1.0 14 29.6 54.5 214.7 309.5 0.5 14 398.2 287.4 494.1 363.0 1.0 14 258.7 61.2 500.2 353.4
002948,0.7 3 53.0 189.7 151.4 228.9 0.6 3 320.2 134.8 477.1 195.7 0.8 3 56.9 192.8 279.6 245.0 0.9 3 19.0 2.4 284.7 264.5 0.6 3 324.6 135.3 463.9 194.8 0.8 3 145.6 187.9 283.5 241.7
002949,1.0 0 1.1 40.6 363.3 203.6
002950,0.9 1 1.3 252.4 225.6 499.8 1.0 4 117.3 3.8 212.7 435.4 1.0 14 85.3 2.2 332.1 497.6 0.5 4 112.5 4.4 222.2 498.2
002951,1.0 14 156.5 143.6 197.4 210.4 1.0 4 446.7 194.4 473.8 276.0 1.0 19 97.0 124.6 221.7 246.0 1.0 14 120.7 151.9 173.6 210.3 0.7 4 466.0 121.5 484.4 184.1 1.0 19 224.6 122.0 347.2 247.9 0.6 14 349.3 39.7 377.0 91.7
002955,0.9 6 0.7 164.5 30.3 234.5 0.7 5 126.0 1.2 310.2 262.2 0.9 5 128.2 0.9 499.6 271.0
002959,0.7 7 120.8 297.3 297.1 399.8
002961,0.0 0 0.0 0.0 10.0 10.0
002964,0.7 14 270.9 43.2 292.3 103.4 0.7 14 232.6 60.5 275.9 163.4 1.0 14 266.0 52.5 314.1 166.3 0.8 14 14.7 43.7 86.0 248.5 0.9 14 6.4 53.7 36.7 183.8 0.9 14 71.8 48.7 122.5 273.7 0.8 14 16.9 50.7 84.6 195.3 0.8 14 76.0 48.5 109.8 160.7 1.0 14 28.9 27.2 209.3 399.0 0.9 11 129.8 316.0 186.0 428.7 0.7 14 14.4 70.5 43.3 187.1 0.8 14 238.0 59.4 266.5 98.0 0.8 14 234.0 61.5 271.4 136.2
002968,1.0 2 181.2 134.7 343.1 275.7
002970,0.9 7 3.5 73.9 315.8 328.5 1.0 7 0.7 73.0 443.9 375.1
002971,1.0 14 350.1 188.7 437.3 374.6 1.0 14 122.4 209.0 154.4 299.6 1.0 14 73.8 261.9 102.9 300.6 0.8 15 47.3 62.6 183.2 163.4
002972,0.6 14 53.1 269.5 283.5 498.0 1.0 14 17.7 3.3 372.8 499.1 0.9 4 148.6 314.9 235.1 382.0 0.7 14 55.6 271.2 373.0 498.0
002973,0.6 11 45.1 64.6 305.5 415.8
002974,0.9 14 122.2 238.6 257.7 397.3 0.9 14 42.7 168.2 60.9 183.5 0.5 10 1.1 210.1 89.7 247.5 0.8 14 300.7 157.3 336.6 205.9 1.0 8 81.2 226.1 138.6 328.3 0.7 14 139.6 174.7 158.9 200.6 1.0 14 339.0 128.1 374.0 220.1 1.0 14 154.7 159.2 181.0 207.2 1.0 14 95.0 164.5 139.4 224.1 1.0 14 293.1 159.6 335.3 227.8 0.8 8 30.7 241.7 89.8 325.4 0.9 10 0.9 217.0 90.2 326.3 0.5 14 0.9 165.8 19.8 183.7 1.0 14 177.6 122.9 364.4 422.1
002979,0.9 18 113.2 127.3 171.4 208.2
002980,0.0 0 0.0 0.0 10.0 10.0
002981,1.0 14 220.6 143.5 284.9 283.0 0.7 11 126.9 246.6 259.1 290.9 1.0 14 62.5 124.3 159.8 349.4 1.0 14 222.4 65.3 396.7 290.3
002982,1.0 4 274.8 273.8 354.5 501.4 1.0 14 11.3 20.9 294.5 496.7
002983,0.8 3 1.2 111.3 429.5 231.3
002985,0.0 0 0.0 0.0 10.0 10.0
002991,0.7 9 23.4 88.8 308.3 499.0
002993,0.8 6 13.5 1.9 62.5 25.5 0.9 14 171.8 0.9 208.7 36.6 1.0 6 207.2 219.5 336.1 304.2
002996,1.0 2 60.1 331.5 131.1 381.5 0.8 2 322.5 60.5 365.4 124.2 1.0 2 18.2 279.8 109.9 324.0 1.0 2 397.8 217.2 477.3 293.4 0.9 2 319.5 57.1 428.6 140.3 1.0 2 79.9 198.9 131.2 260.4 0.9 2 347.4 8.0 429.9 138.5 1.0 2 214.7 148.8 266.2 218.7 1.0 2 99.9 46.9 167.3 113.3 1.0 2 182.3 242.8 223.7 325.3 0.9 2 236.2 313.2 336.2 351.9
002997,1.0 19 265.0 6.0 499.6 250.4
002998,0.9 14 241.3 135.2 253.9 166.8 1.0 18 250.9 82.8 499.4 178.5
002999,0.6 14 387.0 74.8 449.1 139.2 1.0 13 119.0 85.7 271.2 192.6 1.0 13 38.2 71.8 166.3 167.0 0.7 14 342.3 75.4 449.3 201.5 0.5 14 347.0 75.3 449.5 202.5 1.0 13 286.1 129.4 461.0 229.4 0.8 13 296.2 58.9 339.6 102.8
003001,0.6 13 61.6 0.8 340.6 492.8
003006,1.0 6 374.4 181.7 499.9 284.0 1.0 6 291.4 204.6 369.6 246.0 1.0 6 135.9 206.5 180.9 239.9 0.7 5 430.3 101.2 499.7 187.4 1.0 5 23.7 134.5 122.6 251.6 1.0 6 183.5 208.1 238.3 247.1 0.6 14 473.7 193.5 495.8 218.7 1.0 5 261.4 120.5 435.9 221.0 1.0 6 217.3 206.1 338.1 263.4
003010,1.0 4 50.3 33.8 114.5 199.0 1.0 4 407.0 34.4 458.3 189.8 0.5 4 372.3 75.0 416.4 187.3 1.0 4 102.3 42.0 150.2 191.7 0.8 10 15.6 111.7 495.5 375.2 0.8 4 218.0 157.5 321.0 324.5 0.8 4 307.1 -1.0 366.1 140.1
003012,0.8 8 300.0 300.5 449.1 375.4 0.8 8 8.2 230.8 104.1 375.4 0.9 8 254.1 143.4 352.7 217.6 1.0 14 118.3 122.8 295.1 375.5 1.0 14 298.9 184.4 418.4 370.3
003014,0.9 15 387.2 109.6 417.3 135.3 0.7 5 1.0 14.2 478.2 331.3
003016,0.9 14 369.8 136.5 407.5 177.2 0.9 5 63.8 83.3 478.1 313.0
003018,0.6 14 0.4 53.1 296.1 485.9 0.9 14 0.7 53.2 373.3 500.2 0.7 17 0.1 91.9 374.2 502.5 0.8 14 111.4 53.4 297.1 387.7
003019,1.0 7 12.6 64.6 486.6 365.5
003020,0.8 15 417.2 274.4 449.8 321.7 1.0 14 170.6 116.8 278.9 375.1 1.0 14 71.0 119.5 171.0 375.9 0.6 15 261.5 1.4 492.0 344.0 0.6 10 190.7 316.2 497.7 375.0 1.0 14 264.9 144.4 337.2 340.3 1.0 14 325.9 131.3 401.8 342.5
003022,1.0 14 241.9 51.0 298.9 173.0 1.0 12 160.4 81.1 461.9 293.6 0.8 14 241.3 51.3 298.1 210.4
003025,0.9 16 329.8 213.7 498.7 374.5 0.9 16 7.0 125.6 210.1 255.4 1.0 14 210.0 90.4 312.6 180.9 0.9 16 34.3 161.3 280.3 341.7 0.7 16 5.7 124.5 279.5 341.7 0.9 16 225.7 173.5 404.3 374.5
003026,1.0 14 56.1 153.9 184.0 375.1 1.0 14 163.2 86.7 330.6 374.8
003029,0.8 14 31.2 71.3 50.1 112.7 1.0 14 149.0 101.0 406.8 294.7 1.0 17 1.1 113.7 440.6 374.9
003030,0.6 9 121.4 80.4 419.4 316.0
003033,1.0 6 19.6 230.0 316.6 418.0
003035,0.8 11 54.6 350.0 135.3 479.5 1.0 14 109.8 189.0 308.2 480.5 0.5 14 110.6 190.3 307.7 404.8
003036,0.9 14 5.9 41.0 216.0 333.2 0.9 14 5.2 27.3 264.0 339.0 0.5 13 3.8 286.5 264.0 398.3 0.8 14 143.0 28.3 266.9 378.5
003037,0.7 0 0.7 19.8 498.4 335.8 0.6 13 122.0 115.1 495.9 330.0
003040,0.5 11 168.1 128.0 390.3 249.6
003041,0.9 12 238.3 182.3 312.1 304.0 1.0 14 30.8 152.5 65.7 232.1 1.0 14 261.3 151.4 296.0 247.9 0.9 12 2.0 189.6 81.2 312.1 1.0 12 59.6 182.0 294.8 399.6 1.0 14 152.1 127.8 234.0 287.6
003043,0.5 6 343.4 291.0 378.2 323.1 0.9 6 331.5 291.2 376.6 321.3 0.6 6 458.2 301.2 495.8 325.4
003046,1.0 6 2.3 60.6 485.5 330.3
003048,0.8 19 0.6 196.6 73.5 373.5 0.7 8 10.6 114.3 134.5 268.8 0.6 17 175.7 111.9 468.3 281.6 1.0 17 173.5 112.4 469.8 311.5
003049,0.9 8 0.8 199.7 41.4 269.1 1.0 8 49.6 225.1 150.2 358.3 0.6 8 161.8 306.7 246.4 375.2 1.0 14 247.8 193.1 310.4 253.1 1.0 8 257.6 240.7 345.3 375.4 0.9 14 54.8 178.7 112.0 227.2 1.0 14 141.0 171.4 248.2 374.3 0.9 14 115.2 166.1 171.5 233.0 0.5 14 0.9 165.0 16.6 194.8 0.8 14 247.0 193.3 311.3 345.2 1.0 8 163.8 255.8 276.6 375.1
003050,0.9 16 193.2 77.3 215.8 89.9 0.9 2 428.4 260.9 498.7 340.0 0.9 16 308.7 89.0 333.9 106.8 0.8 16 462.6 99.4 493.9 115.7 1.0 16 133.3 165.4 257.8 232.7 0.9 16 144.3 150.1 220.6 188.3
003052,1.0 6 113.9 59.7 255.4 110.9 0.7 6 1.5 58.2 258.6 170.4 0.9 14 471.0 45.8 499.9 206.9 0.9 6 51.5 59.4 223.0 168.9 0.6 6 50.1 60.1 253.2 169.2 1.0 14 0.3 47.7 118.8 332.4 1.0 14 158.9 103.0 250.4 330.0 1.0 14 252.8 49.0 315.3 196.7 0.8 14 232.1 101.7 254.1 127.3 1.0 14 231.2 199.2 276.6 331.7
003055,1.0 6 166.6 130.2 345.5 187.3 0.5 6 219.7 129.7 346.8 187.2
003059,1.0 18 215.3 130.4 277.5 208.3
003060,0.9 15 59.3 30.9 430.3 321.1
003062,0.6 8 339.8 56.3 500.3 374.8 0.6 15 0.5 -0.7 220.4 318.8 0.9 15 1.5 -0.7 218.2 158.4 1.0 15 169.1 1.7 494.3 374.7
003067,1.0 4 302.5 60.2 380.3 275.0 1.0 4 127.0 67.9 201.6 275.9 1.0 4 65.7 62.4 131.6 270.5 0.8 14 133.3 201.9 185.8 263.6 0.8 4 79.3 206.5 111.9 257.2 1.0 4 217.4 67.8 290.1 271.6 0.9 4 372.1 59.2 453.3 272.6
003068,0.8 9 76.1 98.0 212.7 326.2 0.8 9 79.7 91.6 420.3 323.5 0.6 9 135.9 96.3 420.2 322.8
003069,0.0 0 0.0 0.0 10.0 10.0
003070,1.0 6 425.6 175.8 498.5 241.9 0.8 6 0.7 166.5 42.3 222.2 1.0 6 90.7 167.8 217.4 223.2 1.0 6 114.7 182.1 371.3 348.4 1.0 14 353.5 156.3 458.2 374.6
003071,0.6 4 189.1 113.5 288.2 463.1 1.0 4 177.0 7.5 287.3 468.3
003073,0.8 14 152.3 174.7 168.9 194.2 1.0 3 1.8 1.8 230.2 238.5
003075,0.8 13 265.2 158.0 389.4 499.7 1.0 14 72.6 8.7 178.3 328.3 0.9 1 1.2 131.8 168.0 484.9 1.0 14 145.4 46.0 308.9 500.7
003076,1.0 4 182.5 47.4 214.5 158.3 1.0 4 215.5 50.2 246.2 158.6 1.0 4 147.9 47.3 180.8 156.9 0.8 4 90.9 231.5 116.8 282.6 0.7 4 87.0 45.5 116.6 100.7 1.0 4 243.3 303.1 272.8 368.6 0.9 4 57.0 309.1 91.1 372.2 1.0 4 184.6 314.4 210.5 368.3 0.7 4 53.0 46.5 84.9 105.4 1.0 4 311.6 48.1 343.2 154.1 0.9 4 152.7 307.8 181.8 368.4 0.5 4 288.1 213.8 309.0 277.5 1.0 4 275.9 214.1 305.3 281.8 1.0 4 249.3 50.1 280.0 157.0 1.0 4 214.3 303.4 241.4 367.5 0.6 4 119.1 44.3 148.3 100.1 1.0 4 120.0 211.3 151.0 266.9 0.9 4 89.3 305.9 120.3 372.0 1.0 4 179.2 213.8 212.7 286.3 0.7 4 278.9 47.4 310.4 109.0 0.9 4 123.4 309.6 150.3 369.8 0.7 4 49.7 47.2 85.2 152.3 0.9 4 83.9 48.2 117.5 151.0 1.0 4 246.2 216.0 274.1 282.5 1.0 4 60.2 219.8 85.5 283.1 1.0 4 116.3 46.2 148.7 156.0 0.7 4 50.9 46.8 85.7 150.6 1.0 4 270.8 302.3 302.8 369.1 1.0 4 151.1 215.8 179.5 282.8 1.0 4 279.3 49.0 311.2 158.7 1.0 4 213.1 214.8 242.1 282.8
003079,0.5 4 75.7 178.4 137.6 254.8 1.0 4 78.2 178.8 116.5 245.5 1.0 14 314.9 105.3 477.1 252.5 0.5 4 149.8 172.6 166.0 200.1
003080,1.0 7 154.6 77.3 362.0 324.9 1.0 7 1.9 76.8 360.8 326.1
003081,0.5 14 5.9 65.3 315.6 319.2 1.0 14 2.7 63.8 315.7 375.3 0.8 1 1.3 184.6 385.4 376.1 0.8 1 97.4 187.5 364.9 376.1
003084,1.0 14 453.9 173.8 485.9 224.6 1.0 14 411.5 165.3 436.8 224.7 1.0 14 92.5 153.0 114.3 216.5 1.0 14 137.8 154.7 177.4 221.6 1.0 14 214.7 109.8 257.5 208.0 1.0 12 182.3 148.5 334.4 251.5 1.0 14 360.7 165.7 387.0 222.3 1.0 14 64.6 156.0 84.8 208.8 0.6 12 230.9 149.6 334.4 251.4 0.7 14 65.2 156.5 83.3 195.0 0.7 5 269.3 97.1 434.8 174.5
003087,0.7 16 370.8 137.0 402.0 163.3 0.7 16 189.8 83.0 381.7 354.4 0.9 16 398.6 135.4 437.9 166.1
003091,1.0 14 207.4 3.2 332.9 499.7 1.0 14 24.5 169.5 236.0 498.2 0.8 14 91.8 3.1 331.8 499.4
003095,0.5 7 122.4 53.8 331.6 501.8 0.9 7 122.3 55.1 374.9 502.0
003096,0.0 0 0.0 0.0 10.0 10.0
003097,0.5 18 244.0 54.0 400.0 236.5 1.0 18 24.4 50.0 243.1 247.4 0.9 18 243.5 53.6 431.5 248.4
003099,0.9 8 7.1 232.1 327.0 376.4 0.5 17 2.2 2.2 320.8 374.3 0.9 8 1.4 2.7 325.1 373.6
003101,0.9 6 256.9 169.1 286.3 191.3 1.0 5 187.8 56.2 260.0 213.3 0.9 5 -0.1 1.9 202.6 304.8 0.7 5 -0.0 1.8 122.0 304.6 0.7 5 287.3 0.9 501.2 280.4
003104,1.0 14 56.4 71.5 163.3 366.4
003109,1.0 6 205.7 158.4 356.3 253.5
003111,0.5 3 99.1 194.1 169.4 243.0 0.9 3 396.3 178.0 498.3 239.5 0.6 3 329.5 172.6 416.0 240.9 0.9 3 160.5 17.4 440.2 246.9 0.8 3 280.9 15.3 439.9 260.1
003113,0.7 8 19.0 65.9 68.0 116.5 1.0 19 65.0 100.4 229.8 258.8 0.6 15 285.5 20.3 339.7 91.5
003114,0.7 11 149.0 24.0 247.2 131.2
003115,0.9 8 194.1 134.3 250.1 186.0 0.7 10 101.3 214.8 247.4 349.2 0.9 8 153.8 134.4 203.3 215.5 1.0 14 34.8 53.6 116.4 245.1 1.0 17 200.5 150.4 459.5 336.4 0.9 8 446.5 258.4 499.0 375.1 1.0 14 288.2 100.5 459.0 373.1
003119,0.9 7 1.5 3.5 487.5 398.2 0.6 7 199.5 4.9 485.4 289.1
003123,1.0 14 195.6 99.0 233.0 172.9 1.0 14 214.9 158.7 269.7 245.9 0.8 14 20.6 105.8 97.5 248.5 0.6 14 31.3 106.7 97.0 216.7 0.7 14 83.6 122.1 141.8 264.5 1.0 14 225.6 97.7 293.9 211.0 0.7 14 16.7 105.1 98.0 319.5 0.7 14 341.7 107.4 385.2 262.7 1.0 14 340.4 107.5 384.4 211.8 1.0 14 155.5 106.3 197.4 197.7 1.0 14 101.4 165.8 165.8 270.8 1.0 14 101.0 81.5 153.6 169.4 0.5 14 19.1 104.1 98.4 318.8 1.0 10 69.2 232.6 455.1 375.0 1.0 14 315.4 165.6 380.0 261.1 0.8 14 57.8 122.8 140.0 294.6 0.8 8 394.2 232.4 487.6 363.2 1.0 14 168.3 160.8 220.1 241.5 0.7 14 88.1 122.3 142.2 204.8 0.7 8 399.4 231.9 486.8 305.2 1.0 14 293.9 110.9 354.1 200.2 1.0 14 268.4 166.8 327.6 247.9 1.0 14 369.1 106.4 463.1 266.8
003125,0.9 11 198.4 27.3 500.4 370.5 0.7 11 198.3 28.6 459.7 365.9
003128,1.0 6 174.7 133.5 289.3 201.4
003130,1.0 1 34.4 214.4 301.2 429.8 1.0 1 0.5 209.9 301.3 434.8
003131,1.0 3 341.9 218.5 412.2 331.1
003132,1.0 14 30.3 82.8 171.3 367.9 0.9 14 1.0 82.6 171.7 367.9 1.0 14 155.2 16.7 437.5 366.5 0.6 4 272.9 120.7 312.8 188.6 0.9 14 247.6 17.6 437.9 328.7
003136,0.8 19 203.7 50.1 396.8 238.4
003139,0.9 14 56.9 0.8 86.2 49.4 0.9 8 0.9 82.2 67.3 262.6 0.7 8 109.2 57.9 259.6 203.0 0.7 8 417.4 58.0 499.8 184.2 1.0 14 447.7 27.5 495.0 79.1 1.0 14 258.5 11.8 316.8 71.1 0.5 8 10.1 49.0 58.5 94.2 1.0 14 153.7 1.0 185.7 46.9 0.7 10 323.0 47.5 411.9 78.1 1.0 14 119.0 9.9 181.9 72.4 1.0 14 20.0 75.4 250.2 375.1 0.7 8 351.0 70.3 422.5 132.9 0.9 8 117.8 56.6 184.8 103.6 0.8 8 55.6 57.5 101.7 100.9 1.0 14 185.1 64.9 499.3 375.8
003141,0.9 8 0.8 216.4 92.8 376.1 0.7 8 363.0 214.5 454.2 374.5 0.8 8 329.1 162.5 394.7 230.6 0.9 8 44.3 314.7 301.6 375.0 1.0 10 97.6 194.1 394.6 361.7 0.9 8 70.4 181.0 139.8 280.1 0.9 8 391.4 218.0 492.4 375.6
003143,1.0 6 30.9 68.2 484.3 252.7
003144,0.9 0 61.5 75.9 453.5 233.6 0.6 0 55.9 76.2 453.4 331.2
003148,0.8 2 1.9 213.7 99.1 295.3 0.5 2 344.0 219.5 419.7 298.4 0.6 2 340.8 98.2 411.7 177.0 0.9 2 375.7 101.0 460.1 229.9 1.0 2 42.0 109.1 165.3 224.0 1.0 2 280.8 120.7 331.5 221.7 0.9 2 112.7 212.3 239.3 363.2 0.7 2 339.9 98.9 447.2 230.3 0.9 2 235.0 218.0 386.5 374.9 0.9 2 354.5 67.8 413.8 144.6
003151,1.0 1 46.1 163.8 164.9 354.9 1.0 14 89.4 103.1 223.4 315.1 1.0 1 286.3 99.7 326.9 183.4
003152,0.8 16 0.6 72.9 178.5 217.8 0.7 16 0.7 66.7 289.5 332.8 0.9 16 274.2 55.6 499.6 332.4
003153,0.9 14 88.5 101.8 127.4 143.5 0.8 14 360.1 198.0 499.2 376.5 0.7 14 356.4 230.9 436.4 363.3 0.5 14 408.1 195.7 499.0 331.0 0.9 14 405.6 198.1 499.2 376.0 0.5 14 370.6 197.0 499.0 356.2 1.0 14 153.4 134.8 273.3 235.0 0.9 14 58.2 120.9 179.2 227.7 1.0 14 75.3 124.9 175.1 238.2 0.8 14 395.4 0.3 431.4 42.5 0.6 14 1.0 93.3 37.0 194.9 0.9 10 0.0 224.8 393.1 376.7 0.8 14 302.2 231.3 433.7 324.3 0.8 14 301.9 197.4 497.9 356.8 0.9 14 303.9 230.2 437.9 365.0
003156,0.0 0 0.0 0.0 10.0 10.0
003158,0.9 19 156.3 139.2 220.3 188.2 1.0 8 91.1 227.4 205.7 335.3 0.7 8 1.0 99.5 131.3 298.5
003160,1.0 14 383.3 207.8 498.0 375.4 0.9 14 419.5 209.1 498.5 375.2 1.0 0 0.9 128.1 498.9 345.6
003166,0.5 11 0.3 76.5 498.7 376.4
003167,1.0 14 63.4 34.0 117.5 292.5 0.9 14 75.9 5.0 419.1 374.0 1.0 14 124.4 42.0 187.0 253.9 0.7 14 0.5 129.2 100.2 376.7 1.0 14 79.8 3.6 495.9 373.8
003168,0.8 6 263.3 30.8 472.9 216.1
003171,0.6 11 0.2 32.0 345.9 500.6 0.8 11 28.6 31.1 345.3 500.0 0.9 11 29.3 32.4 347.6 404.0
003172,0.7 14 151.6 95.8 435.0 333.3 1.0 14 318.7 22.7 499.9 325.0 0.7 14 141.2 96.1 223.4 333.3 0.8 14 149.2 95.3 311.0 333.5 0.7 14 142.0 96.9 219.5 259.7 0.6 14 246.3 61.7 375.9 270.1 1.0 14 40.4 130.0 192.5 333.6 0.5 14 151.3 63.6 496.8 333.4 0.5 14 247.8 62.0 397.2 331.8 1.0 14 247.8 60.6 497.9 327.4 0.5 14 245.2 23.2 500.4 328.6
003173,0.8 14 119.6 24.8 198.4 112.9 0.5 12 171.8 46.5 240.7 123.9 0.7 12 0.7 89.6 38.1 120.5 1.0 12 117.5 46.5 244.1 129.1 0.8 12 26.8 46.0 242.6 167.5 0.9 14 130.2 24.3 197.1 69.1
003174,0.6 11 0.9 57.3 244.0 254.4 0.9 11 236.6 35.7 482.6 157.5 0.5 11 234.7 35.2 482.4 203.4
003179,0.9 14 203.8 144.7 236.8 189.3 0.7 14 8.5 189.7 32.9 228.7 0.7 14 201.1 145.1 237.2 193.6 1.0 14 162.7 134.0 194.8 171.8 1.0 6 18.4 202.1 311.8 297.2 0.5 12 229.4 136.5 478.7 297.6
003180,0.9 11 135.8 60.5 276.6 286.4 0.8 11 137.9 58.3 452.7 366.0 0.7 11 201.2 126.7 452.6 360.2
003182,0.8 12 132.4 128.0 438.7 503.6 0.6 12 335.5 129.7 495.1 501.1 0.5 12 242.9 127.9 475.3 502.0 1.0 14 431.0 46.7 495.1 343.2 1.0 14 65.8 18.5 249.7 420.9 0.5 14 2.6 18.9 244.3 494.3 0.7 14 66.0 20.5 247.3 498.3 0.9 12 131.1 127.8 477.6 501.5
003187,1.0 14 182.5 21.3 265.8 214.5 1.0 12 33.0 63.1 359.8 294.4
003190,0.7 16 0.4 45.4 109.9 244.8 0.6 16 1.2 48.6 45.1 76.0 0.8 16 100.0 28.5 269.1 176.3 0.9 16 5.1 49.6 103.9 262.7 0.9 16 126.6 94.0 282.0 451.3 0.6 16 100.4 70.6 175.7 183.4 0.6 16 150.1 30.8 271.1 104.1
003191,1.0 14 1.5 2.1 346.9 333.1
003192,0.8 8 68.6 190.7 204.1 332.1
003193,0.8 14 105.4 117.9 125.2 145.4 0.9 14 223.8 72.8 300.0 188.3 0.9 14 65.3 107.0 94.2 195.6 1.0 12 149.5 81.9 382.6 244.2 0.9 14 63.9 105.5 86.6 156.3
003196,1.0 14 65.8 54.3 267.3 466.1 0.6 11 64.6 129.0 137.3 210.6 0.9 14 106.4 53.7 267.2 467.3 0.6 11 111.2 202.3 205.2 418.7 0.7 17 194.4 46.3 320.0 414.0
003197,0.6 14 1.5 86.4 411.2 375.0 0.6 17 1.9 119.8 395.3 374.9 1.0 14 120.2 86.1 412.5 372.1
003198,0.9 14 2.0 43.5 280.4 284.9 0.9 14 3.7 41.9 477.2 284.8 0.9 7 124.0 26.1 495.3 105.4 0.6 7 121.7 27.2 479.3 286.0
003201,0.7 9 398.0 31.3 499.6 261.5 0.7 9 2.0 54.1 168.7 258.9 0.9 9 136.3 23.4 414.1 304.4
003203,1.0 18 0.1 95.7 424.6 234.4
003206,0.7 14 143.7 95.5 207.7 207.8 0.7 14 308.5 328.5 499.7 375.1 0.5 8 214.1 182.3 312.6 299.3 0.8 8 155.2 194.3 228.4 279.6 0.7 14 143.3 95.3 211.3 246.9 0.9 14 141.6 94.9 214.4 270.4
003208,0.6 19 156.1 0.9 344.3 138.3 1.0 17 34.7 160.9 465.8 332.7
003209,0.7 0 1.0 140.1 209.7 207.1 1.0 0 3.5 110.1 426.8 219.7 0.8 0 189.2 110.1 426.8 219.4
003212,1.0 17 27.1 114.4 479.1 301.1 0.7 8 1.5 153.4 90.0 310.2
003215,0.0 0 0.0 0.0 10.0 10.0
003217,0.8 6 138.1 100.5 378.4 273.8 0.9 14 44.5 120.8 56.5 146.3 1.0 6 70.0 131.0 173.1 195.9 0.7 14 67.8 111.6 82.9 144.9 0.9 6 137.8 87.3 486.8 274.6 0.9 6 338.2 89.7 492.6 234.4 1.0 14 286.7 78.7 320.8 111.2
003220,1.0 6 79.7 243.3 130.6 290.2 1.0 14 380.5 238.0 398.2 284.2 1.0 6 296.6 248.3 342.8 278.5 0.9 6 411.8 240.2 442.1 270.0 1.0 6 0.7 233.7 62.1 295.9 0.9 14 155.1 159.9 170.8 202.8 1.0 14 102.2 229.8 191.2 375.5 1.0 6 331.9 248.5 371.3 276.9 1.0 6 50.2 242.5 113.0 292.8 1.0 6 165.9 235.7 236.9 282.9 1.0 6 246.3 246.6 303.1 281.3
003221,0.6 15 299.6 267.9 352.9 314.1 0.9 15 210.1 229.2 232.5 251.7 0.7 8 147.9 260.4 232.2 348.0 0.6 8 95.0 265.0 161.2 336.5 0.9 17 146.9 240.3 379.9 350.4 0.8 8 419.8 260.6 498.8 351.2 0.9 10 198.7 280.8 498.1 351.5 0.5 15 252.6 225.6 277.8 250.8
003222,0.9 12 211.7 75.2 381.1 232.6 0.8 14 214.0 35.1 338.7 217.3 0.8 12 50.1 86.7 252.3 265.2 0.9 12 50.5 77.5 377.9 265.8 1.0 14 214.5 27.5 383.0 221.6
003224,0.9 11 364.2 191.8 498.5 340.2 1.0 14 0.6 47.0 372.4 374.1 0.7 17 183.8 134.2 499.1 317.9
003225,1.0 14 360.2 213.6 466.2 358.4 1.0 14 429.1 173.8 477.6 273.9 1.0 14 238.1 176.2 310.3 249.6 1.0 14 216.5 220.7 340.8 330.3 0.9 14 305.0 179.9 336.0 236.8
003226,0.8 4 234.9 75.2 250.5 135.3 0.9 14 84.8 46.1 110.3 124.2 0.9 14 70.1 37.9 297.6 488.0 0.6 14 118.8 39.0 280.7 487.3
003227,1.0 7 55.7 13.7 496.6 375.6
003230,1.0 0 164.4 132.6 392.3 241.9
003232,1.0 14 138.7 21.4 199.2 131.3 1.0 12 23.2 48.9 255.6 178.9 0.8 12 24.0 48.5 255.0 213.6 0.7 12 101.5 49.7 256.8 179.0
003234,1.0 14 161.9 124.6 190.8 170.3 1.0 14 231.2 120.0 291.6 374.2 0.5 8 340.9 254.7 499.7 373.8 0.5 1 322.7 68.6 499.6 370.3 1.0 14 164.7 133.9 235.3 374.0 0.6 1 326.4 71.2 498.7 265.4 1.0 14 117.3 149.3 172.6 374.1 1.0 14 78.4 110.2 140.8 373.7 0.8 1 318.4 70.5 499.7 372.6 1.0 14 280.5 126.9 369.4 373.1 0.6 1 323.0 70.1 499.7 372.9
003235,1.0 14 96.4 66.5 269.9 293.8 1.0 12 128.3 118.9 235.7 479.8
003237,0.9 14 129.5 55.2 218.3 218.0 1.0 12 108.5 152.0 251.6 457.9 0.7 14 129.0 55.8 254.9 287.0
003238,1.0 7 63.3 81.3 408.4 403.7
003241,0.6 16 139.4 119.1 427.2 321.7 0.5 16 0.6 122.2 426.4 313.3
003245,1.0 8 31.2 191.5 105.2 293.6 1.0 14 391.1 98.9 449.6 309.1 0.9 8 332.3 161.1 390.7 250.1 1.0 8 151.0 197.1 223.6 320.9 1.0 14 87.8 82.5 150.0 300.5 1.0 14 236.5 91.9 299.8 315.3 0.8 8 328.5 162.4 391.2 271.0
003246,0.5 4 438.3 154.5 499.7 269.9 0.7 11 11.2 103.7 447.1 376.9 0.8 11 15.5 102.5 497.0 376.0
003248,0.8 19 202.2 162.0 327.5 301.8 1.0 19 187.9 144.0 329.7 302.5 0.8 8 181.0 260.1 319.7 433.7
003249,0.8 14 211.7 72.1 237.5 114.4 0.9 14 439.9 0.3 499.8 168.8 1.0 4 14.1 1.9 164.7 374.7 1.0 4 173.9 1.2 291.8 373.0 1.0 14 56.0 80.9 92.3 122.3 1.0 4 320.4 1.7 462.1 374.1
003251,1.0 8 107.1 173.7 214.9 331.3 0.6 8 277.9 159.2 355.4 274.7 1.0 10 116.2 160.4 407.1 338.7 1.0 8 280.3 226.9 436.8 374.8
003252,0.7 14 326.5 50.9 488.5 374.0 0.9 14 219.7 27.5 364.2 283.2 0.9 14 31.7 58.9 186.9 223.9 0.7 14 72.7 138.7 402.3 374.9 1.0 14 71.3 141.3 172.1 374.2 1.0 14 164.7 59.3 244.9 247.1 0.6 14 22.7 60.3 189.5 375.7 0.6 14 1.3 142.4 169.7 375.3 0.8 14 174.7 29.4 396.9 375.8 0.9 17 2.2 46.3 479.6 374.7 0.9 14 328.3 51.5 486.6 301.1 0.7 14 179.0 36.0 484.0 375.6
003257,1.0 6 19.3 8.7 478.1 227.5
003263,1.0 14 1.4 266.4 152.5 499.3
003264,0.5 11 48.1 92.4 487.4 276.2 0.8 11 389.6 246.6 498.8 335.1 0.7 11 44.1 120.4 325.1 275.5 0.6 11 48.9 123.5 273.1 276.7 0.9 11 50.1 57.2 487.2 276.5
003265,1.0 6 160.5 250.3 324.2 374.7 0.5 6 4.8 267.5 83.3 347.0
003266,0.9 11 74.4 97.9 331.0 501.7
003267,0.8 2 0.4 69.1 498.6 333.2 0.9 2 209.2 69.7 499.1 331.9
003268,0.6 0 2.7 122.5 342.1 268.9 1.0 0 1.4 120.5 498.2 267.7
003275,1.0 1 92.4 216.0 216.0 288.1
003276,0.6 14 334.1 69.7 362.2 110.1 1.0 14 96.0 82.1 124.0 120.0 1.0 14 17.5 120.5 58.0 152.4 0.6 14 441.6 54.4 488.3 225.6 0.7 15 31.1 76.0 61.3 120.9 1.0 14 438.9 53.6 486.8 179.1 0.9 14 470.6 64.1 500.1 238.5 1.0 14 158.2 79.2 186.0 116.6 0.6 14 438.5 53.2 486.1 214.3 1.0 14 71.8 93.6 106.6 127.4 0.5 6 1.1 115.5 60.6 168.2 1.0 14 417.2 67.7 444.2 140.7 1.0 14 127.5 79.5 160.6 119.3 0.5 13 15.7 37.2 484.4 352.4 0.8 14 472.0 65.8 500.0 189.3 0.8 6 15.1 114.7 483.6 350.7 0.9 14 318.0 78.2 360.0 168.6
003277,0.8 17 213.5 172.7 428.4 365.8 0.7 8 453.0 130.2 500.0 250.0 0.5 17 1.6 106.6 343.6 375.1 0.5 17 1.2 107.7 429.4 375.1 0.8 8 210.4 174.1 427.4 368.5
003278,1.0 4 20.1 279.7 76.5 375.0 1.0 14 20.3 27.9 320.1 281.2 0.7 4 106.0 252.3 168.3 358.0 1.0 14 323.1 5.6 500.1 332.7
003281,1.0 15 21.6 114.1 83.6 211.9 0.8 15 314.0 222.5 363.7 305.9 0.6 15 22.9 115.3 115.7 216.2 1.0 15 219.6 337.4 239.1 387.8 1.0 15 0.7 103.9 23.7 207.7 0.7 15 72.8 115.3 117.0 216.9 0.9 15 75.8 161.5 115.3 215.4 0.9 15 255.9 329.4 271.3 369.5 1.0 15 181.5 282.4 221.3 362.0 0.7 15 201.7 264.2 246.2 389.6 0.8 15 21.4 145.6 76.3 209.7
003283,0.7 11 69.2 12.9 411.3 276.2 0.9 11 238.2 38.7 412.4 276.4 0.5 11 238.4 38.2 468.0 279.3
003286,1.0 18 63.9 58.4 452.3 309.2
003287,0.6 7 1.0 10.9 327.1 234.3 1.0 7 35.0 13.4 327.4 249.9
003288,0.6 9 111.0 247.6 226.5 312.0 0.6 6 190.3 321.3 500.0 374.8
003289,1.0 14 44.9 222.5 63.7 257.5 1.0 6 381.3 208.2 453.8 252.6 0.9 6 456.7 206.5 499.5 241.4 0.9 5 136.5 193.5 214.5 244.2 0.6 14 326.3 208.6 343.1 243.0 1.0 14 134.3 216.3 152.3 270.1 1.0 6 23.0 217.3 99.3 243.9 1.0 5 239.0 186.7 399.4 243.0
003291,0.8 8 -0.1 319.4 162.0 501.4 0.9 19 71.7 64.1 259.6 233.6 1.0 19 61.5 68.6 268.3 328.4 0.9 19 283.3 60.0 374.7 235.0
003295,0.7 11 296.6 288.7 491.3 370.0 0.5 1 115.6 207.5 266.4 332.6 0.8 1 33.0 215.2 247.8 333.3 1.0 14 122.8 138.4 285.1 332.9 0.5 1 101.6 209.4 236.9 332.8 1.0 14 257.4 74.8 341.4 303.1
003297,1.0 8 302.0 181.6 347.1 353.8 0.8 8 5.2 175.3 94.5 285.1 1.0 15 99.5 115.4 269.1 277.6 0.9 8 28.9 299.7 199.3 499.9 0.8 8 0.8 206.2 56.5 314.7 1.0 10 27.3 219.7 342.1 502.0 0.5 8 0.9 177.2 94.1 308.6 0.7 8 198.3 220.3 338.8 504.0
003298,1.0 14 16.7 16.4 329.9 482.9
003302,0.9 14 31.4 266.0 43.2 289.9 1.0 14 64.7 260.5 78.9 290.9 1.0 5 161.8 162.1 308.3 324.1 0.8 6 317.6 248.2 347.0 275.0
003304,0.8 14 110.9 63.5 227.2 259.4 1.0 14 78.4 64.9 252.4 410.4 1.0 12 112.4 200.1 251.3 440.3
003305,0.5 1 139.9 179.5 227.8 336.2 0.8 14 167.5 137.2 186.9 168.6 0.8 14 155.3 151.8 217.8 223.0 0.7 14 169.1 138.1 186.3 158.2 0.8 14 232.2 141.4 252.9 205.8 0.9 14 148.3 151.8 219.9 279.5 0.7 11 97.4 369.1 371.4 501.3
003306,1.0 6 40.3 108.6 395.0 292.3
003309,0.5 17 1.7 169.5 372.2 374.8 1.0 4 397.6 239.2 437.9 363.7 1.0 14 1.9 137.4 166.9 234.3 0.9 14 221.4 132.2 409.5 301.5 0.8 14 223.0 132.0 498.7 350.6
003310,0.5 11 79.8 291.1 188.5 473.8 0.6 11 8.2 14.1 333.7 372.1 0.9 11 8.6 15.7 333.5 474.1
003312,0.9 1 10.8 4.3 490.0 324.0
003314,0.9 8 10.2 318.3 189.8 375.3 0.9 19 1.0 69.9 103.1 195.6 1.0 8 276.8 283.2 488.0 375.3 1.0 19 183.4 60.4 291.8 177.3 1.0 14 37.7 51.3 245.8 375.1 1.0 14 242.9 64.5 417.9 375.2
003315,1.0 2 340.2 172.7 498.6 338.0 0.8 2 199.2 95.9 303.5 257.9 0.9 2 22.2 23.4 302.7 356.2 0.7 2 19.3 21.1 499.3 357.0
003317,0.6 17 0.5 72.7 498.5 375.5
003318,0.9 16 198.3 107.0 384.9 244.4
003319,1.0 7 1.9 61.6 241.7 301.9 0.9 8 164.4 -0.0 498.4 292.3
003321,1.0 6 434.1 149.1 492.3 192.1 0.6 6 392.5 159.0 412.7 181.8 0.8 6 184.9 176.1 219.4 192.4 0.8 6 0.9 181.9 38.8 196.0 1.0 6 89.0 177.7 126.6 195.2 1.0 6 298.5 163.6 357.0 191.5 0.8 6 245.3 168.2 280.9 189.5
003322,1.0 8 146.5 193.7 193.0 289.4 0.6 8 147.7 224.4 191.5 289.0 0.8 10 197.1 208.5 268.0 278.2
003323,1.0 8 50.7 229.9 178.2 375.4 0.5 14 171.7 121.4 269.1 375.0 0.8 8 349.4 224.5 452.8 364.8 0.5 15 416.2 79.1 458.3 133.0 0.7 8 349.8 125.0 453.1 353.7 0.9 8 50.4 113.9 155.0 252.7 0.9 14 264.1 1.9 402.4 273.7 1.0 14 127.0 121.6 264.7 375.5 0.9 10 79.6 116.7 344.1 257.9 0.8 14 263.4 1.4 401.4 298.7 0.9 14 263.4 2.1 401.1 340.2
003324,0.8 14 161.5 58.0 474.8 375.0 1.0 14 144.8 123.1 304.2 371.9 0.9 14 223.0 57.2 477.4 375.1
003326,0.8 14 0.9 1.3 78.6 190.1 0.6 14 1.4 1.2 81.6 128.1 1.0 11 1.8 26.4 456.2 499.0
003328,0.9 14 8.0 2.2 198.8 398.5 1.0 14 6.9 2.5 156.7 397.6 1.0 6 195.4 158.0 434.5 336.0
003329,0.8 14 12.1 14.5 224.4 496.6 1.0 14 9.8 14.7 285.0 495.1 0.5 14 98.6 16.8 286.3 492.1
003332,0.6 11 2.3 20.2 331.5 463.7 0.5 9 220.8 66.6 499.9 244.3
003333,0.9 13 61.7 260.9 143.1 415.1 0.9 13 148.7 268.7 321.6 500.9 0.9 13 161.4 276.3 317.4 500.1
003334,0.6 6 93.8 100.1 374.4 278.2 0.8 6 374.4 93.4 479.2 185.0 0.5 6 254.0 55.0 481.5 188.1 0.6 6 2.4 56.2 481.1 288.5
003340,0.7 13 166.0 241.7 271.5 439.8 1.0 14 104.0 191.6 229.0 355.1 0.9 13 80.9 240.8 267.2 436.9
003341,0.8 8 0.9 183.8 56.3 304.2 1.0 14 190.2 94.2 284.9 310.7 0.7 14 307.5 37.7 454.6 297.1 0.8 14 120.7 87.5 191.2 195.1 0.9 14 121.3 87.1 213.3 316.1 1.0 14 28.6 14.0 150.7 331.1 0.8 14 305.6 39.3 457.2 301.4 1.0 14 270.2 96.1 350.2 297.7 1.0 14 380.1 35.7 478.2 278.2 1.0 14 313.3 135.7 423.5 331.7 0.9 14 307.4 39.8 403.6 182.8
003342,0.9 13 338.4 199.6 414.7 241.2 0.6 13 338.2 203.3 410.1 242.4 0.9 8 118.6 205.7 155.2 270.7 0.9 18 29.4 99.5 268.0 260.8
003345,1.0 8 298.2 223.0 371.2 348.5 1.0 8 368.2 202.0 436.1 329.6 1.0 8 155.6 223.7 223.9 349.9 1.0 8 82.8 219.7 150.3 348.5 1.0 8 26.1 195.9 87.8 329.1 0.5 10 157.3 221.0 407.1 349.3 1.0 8 224.5 221.3 293.9 350.9
003346,1.0 14 47.1 123.2 141.1 301.3 0.7 1 48.9 192.0 133.5 331.9
003347,0.7 3 435.3 325.0 499.3 374.9 0.9 0 98.0 90.0 164.2 114.2 0.6 3 223.1 345.1 309.9 374.8
003348,1.0 6 0.7 263.3 93.6 307.2 1.0 6 118.2 263.5 159.3 298.1 1.0 6 71.8 263.9 127.1 301.1 1.0 6 168.6 229.2 431.1 353.3
003352,0.8 14 71.6 49.0 335.4 275.3 0.5 11 1.1 137.5 188.0 449.7 0.8 14 100.5 47.9 335.1 448.4 0.9 14 151.4 47.3 336.0 448.4
003353,1.0 6 87.9 123.9 272.3 240.8
003357,1.0 6 434.0 47.8 500.1 179.7 0.8 6 0.6 40.8 206.7 164.4 1.0 6 168.8 55.5 277.6 95.8 0.9 6 0.3 39.8 204.8 203.5 1.0 6 24.5 84.0 477.5 276.8 0.6 6 259.3 42.7 477.7 188.9 0.8 6 262.5 42.5 455.3 96.0
003358,0.8 5 0.3 10.9 261.5 472.0
003361,0.7 16 211.6 249.5 269.5 289.2
003364,1.0 6 104.6 99.2 446.2 305.3
003366,0.9 16 387.6 213.2 419.4 250.7 0.9 16 299.9 207.7 330.7 244.4 0.9 16 67.7 201.7 104.6 247.7 0.9 16 187.0 204.6 223.7 245.2
003368,0.7 14 0.7 94.1 43.0 333.0 1.0 14 10.0 19.5 246.8 332.3 0.7 14 23.8 2.0 496.3 332.2 1.0 14 211.8 2.1 498.8 332.3
003371,0.9 7 1.7 50.2 279.5 305.3 1.0 7 265.8 81.4 498.8 373.9
003372,1.0 0 208.9 140.9 275.3 182.8
003375,1.0 6 91.2 105.9 388.2 294.3
003378,0.9 14 95.0 107.5 273.5 367.0 0.5 4 94.5 1.1 123.7 59.1 0.8 4 153.5 0.7 178.5 37.0 0.7 14 33.7 107.9 272.9 363.6 1.0 14 27.7 113.9 158.5 317.6 0.9 14 326.2 90.2 445.8 367.4 0.6 14 326.5 91.4 445.6 319.7 1.0 14 231.8 130.8 429.6 375.7
003381,1.0 0 4.3 111.4 496.6 244.0
003383,1.0 14 16.4 12.7 140.2 325.9 1.0 14 124.0 11.1 228.6 330.9 1.0 14 216.9 2.7 348.4 330.7
003384,0.7 7 172.2 82.3 381.6 338.1 0.6 7 288.3 81.5 387.7 192.9 0.8 7 171.1 82.3 384.6 272.2 0.6 17 0.7 82.9 498.8 377.3
003385,1.0 6 152.4 79.8 229.7 137.3 1.0 6 0.3 84.8 193.3 332.2 1.0 14 142.6 70.2 348.8 331.2 1.0 6 348.5 86.2 448.0 136.4 1.0 6 284.7 136.8 499.8 333.3
003387,1.0 6 68.5 107.1 435.0 250.9
003388,1.0 1 47.6 160.2 116.5 307.3 1.0 14 204.1 12.4 253.2 118.9 0.9 1 196.9 105.5 245.9 210.8 0.5 14 462.0 29.9 499.6 112.6 1.0 1 433.4 75.1 499.3 130.4 0.8 1 115.4 122.0 187.5 173.1 0.7 1 53.2 157.4 132.2 253.4 1.0 14 204.2 12.0 253.6 156.2 1.0 14 103.9 49.1 170.0 158.5 0.8 14 462.5 30.1 499.2 102.9 0.6 1 50.5 129.0 183.1 254.3 1.0 14 40.5 32.4 137.7 240.7 1.0 14 232.2 34.7 415.6 334.0 0.8 1 224.4 238.4 418.6 334.2 0.9 1 219.3 185.1 498.5 334.5 1.0 14 384.3 6.2 435.0 117.9 0.9 1 220.8 183.5 420.5 334.6
003389,1.0 19 226.3 1.4 439.0 104.7 1.0 19 87.7 160.2 243.1 328.1
003393,1.0 13 65.1 80.9 374.4 491.5
003394,0.5 16 328.4 80.1 499.1 181.5 0.8 9 42.6 29.0 368.7 374.4
003399,1.0 14 331.8 120.0 357.0 170.5 1.0 14 111.7 99.3 166.0 275.4 1.0 14 462.3 118.7 492.3 259.3 1.0 5 32.3 67.3 246.3 215.1 0.5 14 341.1 121.0 370.0 214.1 0.6 11 212.2 124.8 365.2 277.9
003400,1.0 1 1.0 9.5 498.2 364.3
003402,1.0 2 133.6 164.6 202.7 242.7 1.0 2 258.4 185.9 346.1 260.2
003405,1.0 6 47.7 119.7 281.1 246.4
003409,0.0 0 0.0 0.0 10.0 10.0
003411,0.8 11 1.4 126.7 408.5 375.9 0.7 11 0.8 19.4 498.1 374.5 0.9 11 1.0 20.4 407.6 374.3
003414,1.0 6 107.5 126.5 317.3 183.0 0.8 6 71.4 127.0 242.9 175.1 0.7 14 2.6 121.4 19.8 162.7 1.0 14 19.5 122.4 38.5 161.5 0.9 6 69.1 134.8 146.5 172.6 1.0 14 29.8 122.1 49.6 162.1 0.8 14 4.3 120.8 20.1 159.9 1.0 6 73.5 130.4 466.0 313.2 0.9 14 52.4 121.5 71.6 161.3 0.6 14 113.2 121.7 130.7 138.7 0.8 6 319.3 133.2 410.0 172.3
003418,0.7 7 0.7 355.6 110.1 445.6 0.9 11 155.7 261.2 200.1 377.8 0.8 8 0.6 197.0 85.6 289.0 0.9 19 288.3 169.2 360.2 257.9 0.5 15 144.2 40.7 230.8 262.4 0.6 7 88.8 357.6 180.1 438.8 0.8 17 0.4 194.9 85.9 287.8 1.0 14 261.1 249.9 348.7 374.2
003423,1.0 14 202.3 119.4 340.3 355.9 1.0 14 2.3 77.0 263.6 374.1 1.0 14 342.3 93.6 484.9 316.8
003426,1.0 14 64.2 12.8 371.3 333.9
003427,0.5 4 191.2 0.9 221.2 23.4 0.7 11 64.6 19.4 499.8 374.7 0.9 14 0.7 2.0 302.7 374.7 0.5 14 0.7 2.1 264.0 375.0 0.9 11 150.8 39.6 499.6 375.9
003428,1.0 18 185.1 68.5 335.3 263.3
003431,1.0 4 59.5 229.5 128.4 470.1 1.0 4 2.2 254.8 27.7 331.4 1.0 14 12.2 14.8 368.5 499.6
003432,1.0 2 169.5 185.9 196.3 283.4 0.9 2 175.0 183.0 201.6 221.5 1.0 2 270.7 129.8 308.8 214.2
003434,1.0 14 346.7 245.2 410.8 374.5 0.5 8 0.8 269.2 65.4 332.2 0.9 14 403.8 151.5 499.3 325.1 0.5 14 431.3 270.4 489.8 375.3 0.9 14 294.9 185.5 338.7 286.9 0.8 14 403.4 151.5 499.5 296.8 0.8 14 404.1 152.4 499.2 375.6 1.0 14 344.6 142.7 380.6 190.6 1.0 6 19.8 170.7 55.8 195.4 1.0 14 152.2 103.4 240.6 300.2 0.5 14 342.5 142.5 382.0 280.7 0.9 8 59.2 226.3 162.1 319.1 0.7 14 152.1 102.2 239.5 374.0 1.0 14 214.5 130.8 346.2 374.1 0.8 14 323.6 184.1 407.7 335.9 1.0 14 313.7 183.0 409.1 336.4
003437,0.8 8 90.5 76.0 135.8 187.4 1.0 17 246.5 128.9 499.7 291.3
003438,0.8 8 -0.3 287.6 194.7 371.6 0.7 8 113.7 234.9 201.9 356.3 0.9 8 257.4 238.9 349.9 346.5 0.9 8 262.4 188.1 352.7 344.1 0.6 8 37.8 210.6 96.9 299.9 0.8 8 195.3 188.8 350.9 342.2
003440,1.0 11 81.2 89.1 331.4 500.5
003442,1.0 15 116.5 0.9 159.5 67.7 1.0 17 0.6 81.3 498.0 332.9
003445,0.8 0 12.5 113.9 243.8 227.2 1.0 0 10.2 115.2 490.7 227.5 0.8 0 175.9 149.6 489.3 226.9
003446,1.0 4 173.0 183.2 222.1 317.4 0.7 10 1.4 169.2 496.9 375.1 0.8 4 236.8 164.9 275.4 334.1 0.9 4 241.4 213.6 288.9 342.7
003447,0.6 11 153.6 151.4 402.9 245.5 1.0 17 0.7 57.1 498.3 375.5 0.7 11 151.2 154.0 403.9 290.6
003448,0.7 8 23.4 195.0 128.5 302.7 0.9 15 226.8 58.6 283.3 135.6 0.6 8 11.2 47.6 134.7 217.9 1.0 8 328.0 186.6 479.1 355.9 0.7 15 290.8 171.2 345.6 229.9 0.9 15 285.9 206.0 336.7 307.0 0.6 10 76.6 145.7 200.7 292.3 1.0 15 164.0 184.2 189.9 226.2 0.6 15 227.5 59.5 284.1 213.1 1.0 15 74.5 87.0 199.6 170.5 0.5 15 22.2 201.1 47.7 246.1 0.8 10 76.7 142.4 200.7 326.7 0.6 8 11.4 46.6 130.5 210.2 1.0 8 7.3 137.2 130.8 302.4 1.0 8 186.4 128.3 279.6 290.1 0.6 8 334.6 136.6 480.0 341.2
003454,0.9 14 446.8 15.3 498.9 90.1 0.6 14 196.0 62.5 305.1 336.7 0.8 8 268.2 324.4 319.0 375.0 0.7 14 0.7 2.2 31.7 114.0 0.9 8 190.3 331.7 274.3 375.2 1.0 14 196.4 60.1 385.4 336.1 0.8 8 269.2 324.8 386.0 375.3
003456,1.0 6 0.3 4.5 498.1 341.0
003457,0.9 18 0.5 108.5 372.7 478.1
003459,0.9 14 143.0 103.1 175.0 154.9 1.0 14 376.6 114.8 494.9 328.2 0.8 8 353.5 307.8 500.1 375.3 1.0 4 302.0 205.9 321.6 278.8 0.7 14 376.5 114.6 492.0 289.8 0.7 8 126.7 150.1 195.4 200.2 1.0 4 188.9 158.5 204.2 206.1 1.0 14 67.8 110.0 125.4 197.8 1.0 14 0.8 128.1 136.3 376.3 0.5 10 106.1 178.4 403.0 375.4 1.0 10 101.4 168.5 484.5 374.8 1.0 14 314.4 138.1 390.4 245.5 0.7 8 372.6 203.4 498.0 356.0
003460,1.0 6 109.0 129.6 500.0 287.5
003463,0.6 13 21.5 66.1 353.9 496.4
003467,0.8 2 -0.1 80.6 450.4 333.5
003471,0.5 16 215.6 56.0 273.5 108.3 0.6 16 3.0 63.6 130.7 96.6 0.9 16 22.1 95.8 226.3 197.3 0.5 16 212.4 55.1 263.6 84.2 0.8 16 11.3 94.6 153.6 154.8 0.9 16 305.9 46.5 362.9 86.4 0.6 16 225.1 56.2 312.5 123.3 0.9 16 97.8 153.6 227.4 331.2 0.9 16 145.9 53.5 232.9 143.8 0.6 16 148.3 53.5 231.8 126.1 0.5 16 231.0 59.5 296.5 125.5 0.8 16 0.5 96.0 225.0 331.9 0.6 16 48.5 68.7 128.2 96.8 0.6 16 212.5 54.4 274.4 85.2 0.8 16 309.6 76.0 468.0 133.9 0.6 16 233.3 57.0 293.2 101.5 0.7 16 249.9 76.7 500.1 332.4
003472,0.6 11 365.8 162.0 457.2 284.7 0.6 17 230.1 272.7 493.6 375.2 0.8 11 368.9 162.4 492.7 286.1
003473,0.0 0 0.0 0.0 10.0 10.0
003474,0.8 18 30.6 108.5 363.8 170.2 0.8 18 30.1 109.1 477.6 233.0
003475,1.0 14 267.6 159.5 309.2 285.4 0.9 14 0.8 237.8 54.4 331.5 0.6 5 79.2 52.3 468.9 249.4 1.0 14 220.5 164.5 256.7 232.5
003476,0.7 6 1.7 338.2 151.1 374.6 1.0 6 389.1 349.8 500.8 374.9 1.0 6 0.0 339.3 264.2 374.6
003478,0.8 2 419.8 12.2 473.8 71.4
003479,0.7 14 419.1 1.9 498.3 332.1 0.8 16 1.2 1.4 109.6 172.4 0.8 16 83.2 25.9 406.0 332.1
003480,0.9 7 0.1 14.5 495.0 375.6
003481,0.6 6 284.4 192.7 319.6 208.0 1.0 6 240.8 289.9 295.0 327.8 0.9 6 308.7 246.3 342.7 273.1 0.7 3 427.1 204.9 477.0 224.4 0.7 3 358.0 224.0 415.7 279.7 1.0 6 280.6 266.8 323.4 295.7
003482,0.8 14 0.9 64.8 86.6 220.2 0.6 14 144.6 0.1 362.9 200.4 0.9 14 202.0 29.1 335.7 327.1 0.9 14 204.4 29.0 379.5 343.9 0.7 14 207.2 29.8 337.2 343.9 1.0 13 158.8 102.7 385.9 375.7 0.5 14 239.7 31.8 324.2 176.7 0.9 13 168.8 140.4 384.4 375.7
003483,0.9 14 441.3 178.3 466.5 197.2 1.0 14 0.8 179.1 19.8 235.0 1.0 14 208.7 103.0 367.7 332.6 0.9 6 2.7 173.0 495.9 333.9 1.0 14 27.7 181.3 81.1 228.3
003485,0.9 14 143.6 99.6 295.7 332.4 0.7 14 146.8 99.8 261.0 333.6 0.8 14 70.3 99.6 292.2 342.9 1.0 14 70.0 109.8 190.3 347.0 1.0 14 236.6 92.3 431.6 323.4
003486,0.6 14 30.1 88.8 47.8 109.7 0.6 14 153.6 92.6 169.7 123.1 0.6 14 226.6 86.6 243.1 112.7 0.9 14 289.8 87.4 311.5 110.3 0.9 14 174.7 81.6 193.0 128.1 1.0 6 34.6 102.7 200.0 189.6 1.0 14 262.2 85.9 284.5 111.1 1.0 14 0.5 79.6 38.5 179.6 0.6 14 112.6 89.2 129.5 109.9 0.6 14 173.1 97.4 188.4 132.2 0.8 14 153.1 92.4 170.3 124.0 0.8 14 28.7 89.2 52.0 121.2 1.0 6 4.3 108.3 332.9 483.4 0.7 14 126.9 91.5 141.1 113.5 0.7 14 175.1 81.4 192.2 109.9 0.8 14 191.4 91.6 205.2 131.6 1.0 14 205.3 82.1 228.3 125.8
003488,1.0 15 97.6 199.1 136.8 246.8 1.0 4 30.8 235.5 46.6 282.2 0.5 1 28.0 1.8 254.5 138.2 1.0 15 43.0 235.9 83.7 284.7 1.0 15 156.0 152.9 203.5 208.0 0.8 15 226.2 127.6 266.8 170.9
003490,0.9 14 179.9 49.5 298.1 174.2 1.0 7 71.2 99.0 227.6 333.8 1.0 7 231.5 235.7 354.8 333.2
003494,1.0 14 423.6 205.5 499.3 375.9 1.0 14 59.5 210.7 119.4 374.9 1.0 0 1.1 38.1 499.3 249.8
003495,0.8 13 171.1 237.9 214.2 290.7
003498,0.7 3 190.1 173.9 258.0 223.9 0.5 3 101.1 212.4 458.6 329.6 0.7 3 100.4 208.0 497.6 319.3 0.7 3 97.9 207.4 495.7 364.9 0.5 3 102.1 213.7 495.1 326.6
003501,0.6 11 164.9 117.8 277.1 158.0 0.7 14 51.9 84.5 150.1 255.9 0.5 6 -0.0 9.1 397.9 321.5 1.0 14 49.5 86.0 151.5 333.4 1.0 6 108.4 7.0 400.6 301.5 1.0 14 261.5 76.7 338.5 341.6
003502,0.5 8 149.8 123.7 240.6 156.6 1.0 8 337.2 171.1 442.7 343.5 1.0 8 87.6 181.7 219.9 375.2 1.0 8 9.7 138.8 109.2 321.1 1.0 10 58.1 149.2 396.1 349.7 0.7 10 56.7 146.2 396.6 312.5 1.0 8 221.0 188.5 341.3 375.5 0.5 8 241.7 124.7 334.3 159.3
003503,0.9 14 0.7 204.4 29.3 333.5 1.0 6 454.7 186.9 499.7 234.9 0.9 14 0.8 204.2 28.6 303.0 1.0 6 3.1 186.2 107.9 249.8 1.0 14 17.5 184.1 57.4 282.0 1.0 5 100.4 80.9 354.6 264.0
003504,0.9 7 2.0 41.3 334.1 375.3 1.0 7 1.0 36.1 497.5 375.1 0.8 7 134.7 36.8 498.0 375.6
003505,1.0 13 175.3 160.7 327.7 336.9 1.0 14 199.8 84.4 308.0 300.3
003507,0.6 8 0.6 333.3 104.1 376.9 0.9 19 443.4 102.6 499.7 242.6 1.0 19 128.8 175.8 217.9 257.2 0.6 8 1.2 294.0 89.6 335.9 0.5 8 242.3 288.0 384.2 377.5 1.0 19 316.4 153.5 430.0 253.9
003512,0.6 5 0.8 39.9 497.8 119.8 1.0 14 246.2 114.8 276.5 143.8 1.0 6 157.9 98.4 394.8 208.4
003513,0.8 18 169.2 208.7 234.0 259.6
003514,0.0 0 0.0 0.0 10.0 10.0
003515,0.7 14 337.2 64.6 363.5 89.2 0.9 14 1.1 82.7 48.4 170.9 0.9 14 1.0 83.0 57.0 187.4 0.9 14 82.7 88.4 113.7 129.9 0.6 14 57.1 85.6 85.2 125.8 0.5 14 81.2 87.8 105.0 128.3 0.6 14 464.6 88.7 487.0 114.4 0.9 6 65.7 60.1 415.3 339.3 0.8 6 341.8 59.0 491.5 226.6 0.5 14 54.5 86.8 92.5 186.7 0.9 14 96.6 89.8 119.5 131.3 0.8 14 310.1 103.4 334.0 131.9 0.9 14 334.4 64.7 366.9 108.8
003517,0.8 5 404.7 148.3 499.4 242.2 0.6 14 482.7 53.3 500.0 238.3 0.6 5 364.1 126.4 415.8 235.1 0.6 5 0.7 103.4 45.0 209.9 0.7 14 104.6 1.6 252.8 374.6 0.8 14 104.6 1.3 348.1 374.5 0.9 6 34.1 141.7 117.7 220.1 1.0 14 331.8 76.1 413.4 344.2
003520,0.8 14 51.9 262.0 67.0 312.2 0.7 8 8.9 89.6 66.9 192.8 0.6 14 167.6 321.4 204.5 352.6 0.9 14 91.6 160.7 145.3 214.3 0.9 8 7.0 58.2 140.4 182.8 1.0 10 0.9 202.4 334.0 464.2 1.0 14 130.6 31.8 241.9 222.5 0.9 8 256.8 93.1 335.0 179.0
003523,0.9 6 165.3 137.3 352.5 267.7
003526,0.6 4 417.9 149.0 426.8 172.3 1.0 17 1.0 168.5 294.6 374.6 1.0 8 372.5 161.5 419.4 236.1 0.7 8 423.9 191.7 482.2 273.0 0.9 10 329.7 161.7 447.2 232.4 1.0 8 330.4 159.9 383.3 233.0
003527,0.7 14 113.8 200.8 131.6 229.7 1.0 14 90.6 265.9 133.0 364.2 1.0 14 39.2 268.9 94.9 405.9 0.8 14 54.0 252.4 81.0 279.2 1.0 6 160.2 265.1 198.3 289.3 1.0 6 211.6 280.4 375.1 419.4
003531,0.8 12 36.4 98.6 146.9 297.1 0.9 12 38.3 99.4 125.7 296.9 1.0 14 50.5 62.7 149.9 221.2
003532,0.9 19 213.1 153.0 281.8 231.5 0.7 10 180.6 226.1 316.9 292.6
003533,0.6 16 91.7 126.8 118.3 167.4 0.7 16 96.9 125.8 119.0 167.1 0.9 16 75.5 128.1 115.6 166.6
003534,0.5 14 361.3 26.3 500.0 333.0 1.0 14 0.7 0.1 112.6 187.1 0.9 1 276.4 185.8 497.9 334.0 0.9 1 277.5 186.6 430.6 333.0 0.6 1 152.7 114.5 327.4 333.4 0.7 14 168.3 -0.2 370.2 228.0 0.6 14 197.5 0.1 350.8 224.6 1.0 1 1.1 72.6 133.0 270.3 0.9 1 151.3 115.4 498.9 334.9 0.7 14 307.6 25.5 450.6 276.8 0.6 1 153.8 133.6 432.6 335.0 1.0 14 300.3 24.4 499.7 297.1
003535,0.8 2 15.9 37.2 268.2 233.4 0.9 2 15.5 35.5 269.0 193.7
003538,0.6 13 104.7 121.8 388.2 302.3 0.9 13 64.6 121.1 387.4 327.8 0.9 14 191.6 22.4 321.5 329.5 0.8 13 62.5 124.8 180.0 327.5 1.0 14 193.4 19.5 362.0 329.4 0.5 13 125.6 122.0 256.4 305.2
003540,0.6 7 83.6 -0.6 268.5 95.5 0.9 7 6.4 41.2 253.9 214.6 0.5 7 83.6 -0.5 305.2 91.7
003541,0.9 14 38.1 74.5 221.4 500.0 0.6 10 0.0 298.7 126.3 501.2 0.5 14 130.7 22.9 331.6 500.1 1.0 14 172.2 22.6 336.0 500.4
003542,1.0 1 38.4 239.2 155.2 323.2 0.6 1 95.7 228.5 170.6 304.3 1.0 1 217.9 222.4 307.0 283.8 0.9 1 166.6 220.0 229.3 286.0 1.0 14 428.6 178.6 457.7 227.1 0.9 1 117.2 215.5 229.0 288.7 1.0 14 153.1 183.7 207.3 274.0 0.7 14 116.5 184.0 155.1 269.4 0.6 1 77.2 232.4 162.0 323.3 1.0 14 65.2 201.8 108.2 297.5 1.0 14 116.4 185.2 152.1 238.5 0.9 14 89.9 194.2 128.7 245.9 1.0 14 230.8 191.5 286.7 267.4
003543,0.5 8 0.7 238.1 160.7 373.7 0.5 3 213.4 67.5 305.2 107.9 0.7 14 90.2 58.9 111.2 99.5 1.0 14 30.9 25.1 125.0 262.0 0.8 3 363.3 144.1 405.5 180.1 1.0 14 7.4 54.7 36.8 141.0 1.0 14 110.2 63.1 141.8 120.4 0.8 3 0.9 19.8 159.0 372.6 0.8 3 209.7 63.7 368.5 190.8 0.9 3 212.3 90.2 368.9 190.4
003544,0.9 17 365.3 186.1 499.0 375.1 0.7 15 307.4 225.4 337.1 290.5 0.6 1 414.1 156.3 444.3 181.3 0.8 19 191.6 173.9 302.4 259.4
003545,0.9 6 117.1 5.0 394.1 241.7 0.5 6 117.4 1.8 394.2 314.4
003547,0.9 18 4.8 50.7 347.5 286.4
003552,1.0 6 60.4 121.7 499.3 283.9
003553,1.0 6 0.6 192.2 113.6 259.6 1.0 6 26.8 124.7 497.9 334.0
003557,1.0 14 204.2 94.3 250.4 201.1 0.9 12 176.7 132.0 272.4 235.3
003558,0.0 0 0.0 0.0 10.0 10.0
003559,1.0 6 29.3 202.7 366.9 328.2
003560,0.9 7 270.9 231.3 423.8 375.5 1.0 7 100.8 62.9 283.7 315.3 0.9 7 1.3 63.0 280.4 375.0 0.8 7 271.6 158.2 477.9 283.4
003561,0.8 4 242.9 342.0 297.0 464.8 1.0 10 1.5 117.3 332.2 502.4
003562,0.6 6 218.8 174.7 254.1 188.0 1.0 14 67.2 51.0 237.5 375.3
003563,0.8 13 228.2 133.2 268.0 186.6 0.8 13 153.0 125.8 176.8 165.6
003568,1.0 18 1.4 102.6 399.3 379.0
003569,0.9 19 195.3 129.1 362.9 282.7 1.0 6 367.5 163.1 392.0 200.9 0.8 18 93.3 94.2 362.7 288.1
003570,1.0 6 77.9 138.3 484.4 363.4
003571,0.7 2 176.2 0.9 294.8 93.6
003572,0.7 15 8.6 233.7 140.9 379.9 1.0 15 1.3 34.8 225.4 244.2 0.9 15 148.1 187.3 299.3 388.7
003573,1.0 8 1.4 193.6 66.3 353.1 1.0 14 432.2 92.6 499.5 375.3 1.0 14 413.8 177.2 453.5 338.0 1.0 14 415.7 176.6 450.5 228.1 1.0 14 58.6 98.3 180.3 375.4 1.0 14 160.2 132.2 273.4 374.6 1.0 8 255.4 162.4 343.5 308.2 1.0 14 319.1 121.6 420.1 375.2
003574,1.0 0 6.7 46.2 484.4 240.7
003578,0.5 6 0.9 167.3 85.8 196.1 0.6 13 196.5 193.0 360.6 400.4 0.5 13 77.4 274.9 264.5 412.3 0.9 6 102.8 161.9 219.4 201.5 0.7 6 136.7 116.0 246.6 198.7 1.0 6 0.1 177.7 211.1 295.3 0.7 6 30.6 168.7 86.3 186.0 1.0 13 75.2 189.2 359.1 404.0 0.5 6 201.3 155.5 376.1 329.1 0.5 6 0.8 170.9 28.8 195.2 0.9 6 240.5 158.2 375.5 330.2
003579,1.0 12 94.9 115.7 192.5 456.8 0.9 14 61.5 99.6 220.7 325.2 1.0 14 141.2 98.3 219.6 329.6
003581,0.9 14 276.5 1.0 320.6 67.9 0.9 8 288.8 15.9 372.3 73.6 1.0 14 1.7 25.5 230.6 375.5 1.0 14 303.1 27.1 500.2 375.5
003582,0.5 15 427.2 111.3 454.6 164.4 1.0 8 320.6 111.9 398.1 202.8
003583,0.9 14 464.4 185.7 479.8 291.3 0.8 12 59.9 107.3 125.2 318.0 1.0 12 60.8 103.8 389.0 318.1 1.0 14 172.7 6.4 286.4 316.7
003584,1.0 14 108.0 12.5 177.6 124.9 1.0 12 66.8 56.9 220.2 174.5 0.7 12 110.5 56.6 218.0 170.8 0.8 12 110.9 57.3 206.8 171.7
003590,0.7 10 157.7 208.3 335.6 300.7 1.0 14 417.1 142.2 499.2 333.3 1.0 14 41.7 6.1 116.3 257.2 0.7 14 213.5 221.1 497.1 373.5 0.8 14 291.0 222.2 448.9 356.8 1.0 8 114.3 134.5 182.5 231.0 0.6 8 380.0 135.5 434.0 237.4 0.9 19 242.8 130.4 324.3 197.7 0.7 8 0.6 223.0 32.7 346.1 1.0 14 0.9 223.7 225.8 375.4 0.8 10 146.7 201.3 333.7 337.7 1.0 4 194.2 198.7 209.2 262.1 0.9 14 215.7 222.3 448.1 366.2
003591,0.5 7 56.7 140.6 87.7 176.2 0.8 8 246.4 91.8 300.8 151.6 1.0 15 345.7 37.9 416.5 153.2
003592,1.0 11 116.5 290.5 259.3 391.9 0.7 11 233.0 299.4 293.7 402.5 1.0 14 286.6 167.0 301.7 208.4 1.0 14 20.0 112.2 115.4 440.0 1.0 11 133.2 263.3 246.4 315.2 0.6 11 237.7 274.1 284.1 318.2
003595,0.8 16 380.8 215.6 447.1 341.4 0.8 16 318.9 193.9 389.5 341.6 0.6 16 444.3 211.8 498.4 338.3 1.0 14 69.3 103.3 161.3 252.1 0.8 14 404.6 59.6 444.5 197.6 1.0 14 257.0 64.7 352.5 205.9 0.5 16 148.9 221.1 233.6 352.9 1.0 14 192.9 74.0 263.5 208.5 1.0 14 370.1 120.8 425.5 198.0 1.0 14 5.6 78.9 84.4 325.7 0.8 8 175.4 126.5 217.4 203.5 1.0 14 249.2 126.6 294.9 205.1 0.6 14 217.4 72.0 299.6 206.1 0.9 14 403.4 58.2 434.1 132.5 0.6 14 258.2 64.7 319.1 139.9 1.0 14 333.7 69.8 426.9 196.4 0.9 14 296.3 119.0 352.3 201.6 0.7 16 241.4 207.6 340.1 338.1
003598,1.0 2 83.5 112.2 288.5 266.5 0.6 2 307.8 70.3 488.3 368.3 1.0 2 179.6 47.2 281.1 139.0 0.5 2 59.6 126.1 345.0 333.3 1.0 2 58.9 154.8 139.2 360.2 0.9 2 77.4 10.0 198.8 136.8 0.7 2 82.0 65.3 486.3 336.8 0.5 2 79.4 115.7 345.6 325.5 0.6 2 218.3 152.9 286.4 216.0 0.7 2 166.2 284.7 338.1 368.3
003600,0.6 8 276.2 96.7 449.8 345.4 1.0 14 201.8 30.8 363.9 369.6
003601,0.6 14 25.2 159.5 42.3 198.0 0.6 18 38.8 94.5 492.8 324.8 0.9 18 41.7 99.2 367.4 313.6 0.8 18 41.1 103.3 491.3 313.9 0.8 14 50.4 163.8 64.9 197.2 0.6 18 344.8 124.7 495.1 242.8
003602,1.0 4 355.4 196.4 396.3 333.3 1.0 14 157.6 46.1 300.0 332.4 1.0 14 0.3 52.1 173.3 333.2 1.0 14 266.6 31.7 499.8 332.9
003607,0.7 6 1.3 13.9 373.5 500.9 0.8 6 120.6 9.6 375.5 500.0
003610,1.0 14 0.5 42.6 373.5 500.8
003612,1.0 14 80.5 81.7 232.1 334.2 0.7 11 93.8 227.9 192.3 333.3 1.0 14 214.7 97.5 344.3 332.9
003613,0.6 18 8.4 2.4 489.1 356.7 1.0 14 0.4 174.9 122.1 358.3
003615,0.9 7 123.4 74.2 410.2 307.9
003616,0.6 8 1.5 125.6 128.5 277.2 0.8 8 322.2 209.1 484.9 375.3 0.6 8 1.0 123.7 128.5 219.6 1.0 8 99.5 214.3 315.2 375.1 0.5 8 1.0 126.0 128.6 373.9 1.0 14 193.0 67.5 249.9 227.3 0.7 8 0.9 128.8 124.1 374.6 0.9 8 383.0 115.9 499.2 276.9 0.5 8 262.4 117.7 498.0 375.3
003617,1.0 8 14.5 185.5 141.5 375.1 0.7 14 142.9 1.2 261.8 174.4 0.9 10 111.2 164.1 347.3 372.4 0.5 8 397.6 58.5 499.8 337.3 0.7 8 397.9 138.6 499.1 354.2 1.0 14 62.3 76.4 235.4 374.3 0.7 10 108.4 145.8 497.8 374.6 0.7 8 8.7 132.5 84.1 192.2 0.6 14 265.9 76.5 488.6 351.2 1.0 8 197.2 293.3 382.3 375.6 1.0 14 265.7 75.7 489.3 352.5
003619,1.0 2 141.5 244.4 223.8 304.6 1.0 14 191.9 40.6 333.9 213.4 0.9 14 312.0 41.5 374.7 227.2 1.0 14 177.0 45.3 206.6 167.2 0.9 2 234.9 76.2 322.9 145.7 1.0 14 181.7 115.0 332.4 348.0
003624,0.6 15 253.2 179.9 308.6 218.3 0.6 15 163.0 167.7 218.7 217.2 0.9 8 112.8 215.7 161.4 278.7 0.9 8 2.9 221.0 67.6 366.6 0.6 8 320.8 208.9 352.4 267.8 0.9 8 280.6 251.5 367.5 328.7 0.8 10 146.7 233.1 263.3 293.3 0.5 8 360.2 211.1 396.0 286.2 1.0 8 131.9 256.5 251.9 375.8 0.9 10 147.7 253.2 326.9 374.4 0.5 8 109.0 215.4 141.6 273.2 0.5 8 279.7 215.5 311.4 272.1 0.7 8 233.0 277.9 324.5 374.8
003626,0.7 15 11.7 9.8 257.3 473.9
003630,1.0 6 201.3 140.0 334.9 204.8
003631,0.9 14 85.8 60.0 107.4 81.6 1.0 14 393.9 35.3 498.1 341.2 0.8 14 371.0 44.9 403.5 71.5 0.8 14 183.6 115.1 246.1 225.5 1.0 6 20.5 76.5 145.0 145.2 1.0 14 213.4 39.9 264.9 91.4 0.9 6 1.2 74.6 70.7 132.1 0.6 14 369.0 43.9 426.6 130.8 0.6 6 0.6 61.6 430.6 341.6 1.0 6 0.2 82.5 410.2 340.8 1.0 14 130.6 58.8 157.3 91.3
003633,0.9 9 314.2 153.0 483.1 244.7 0.6 9 189.4 183.8 243.8 236.5 0.7 9 39.7 138.6 166.4 238.6 0.7 9 106.6 177.7 170.7 238.5 0.8 9 2.9 135.4 169.0 237.9 0.9 9 187.6 143.9 334.2 236.4 0.9 14 290.5 136.2 314.6 160.4
003637,0.7 18 65.1 145.6 469.3 252.3
003641,0.7 4 337.6 376.5 374.6 499.6 0.8 17 0.5 274.9 340.1 500.7 0.8 4 329.5 369.4 374.5 500.6 1.0 14 162.1 76.3 246.7 309.2
003643,0.6 10 1.1 295.6 243.5 499.1 1.0 14 64.6 74.9 328.3 454.9 0.6 15 69.3 238.6 89.2 271.7 0.9 8 323.5 286.3 374.7 450.6 0.9 14 129.5 75.3 330.2 447.5
003647,1.0 7 68.4 59.1 252.8 316.9 0.8 7 224.8 44.3 415.9 313.5 1.0 7 224.4 43.0 417.5 375.2
003649,0.9 4 239.8 188.1 251.4 214.8 1.0 14 371.5 140.3 495.5 333.3 0.8 14 47.0 148.0 138.5 265.4 1.0 14 296.1 154.5 345.4 223.5 0.9 4 273.0 201.1 292.7 277.2 1.0 14 126.7 160.1 180.7 238.6 0.5 14 68.2 147.4 181.5 262.1 0.7 14 374.3 140.8 480.5 272.3 1.0 14 222.9 148.7 294.0 198.4 1.0 14 0.9 121.1 108.9 333.1 1.0 14 156.0 150.4 198.7 209.3 0.7 14 44.0 147.1 163.7 323.4 1.0 10 41.0 187.7 413.6 333.8 1.0 14 301.4 142.2 387.5 245.0 1.0 14 43.7 146.7 140.0 316.3 0.6 14 385.2 216.3 467.5 332.6 0.9 4 273.9 200.2 291.5 258.9 0.5 14 311.3 149.3 339.2 180.7 0.8 14 296.6 149.3 341.6 202.8
003650,0.6 1 351.3 223.8 447.5 370.8 0.6 8 453.8 230.7 495.8 318.8 0.8 8 278.0 0.6 419.1 127.1 1.0 14 193.5 65.3 374.0 245.0 0.6 10 0.6 134.7 498.3 372.2 0.7 1 349.0 232.7 464.3 371.4 0.7 8 290.9 44.1 408.8 127.1
003652,0.8 3 295.0 281.1 499.3 335.3 0.8 3 170.0 316.5 495.2 374.6 0.9 3 337.3 205.9 497.9 284.3 0.6 3 244.1 298.9 445.2 352.7
003653,0.7 12 75.8 62.3 498.3 296.8 0.7 12 114.9 63.1 499.2 295.4
003659,0.5 2 419.8 165.4 470.3 205.0 1.0 14 168.9 125.7 226.0 236.1 0.9 2 232.4 154.6 284.5 200.8
003661,1.0 6 158.8 303.9 472.4 438.4
003665,0.5 14 318.0 105.4 426.5 251.1 0.9 14 128.5 134.9 273.9 363.5 0.9 4 441.1 122.8 457.2 156.8 0.8 14 127.4 134.5 335.9 373.4 0.9 8 238.1 57.9 386.2 185.4 0.7 14 1.8 34.9 330.8 375.1 1.0 14 1.2 32.6 158.8 374.4 0.6 14 126.4 135.2 497.8 374.9 0.7 10 209.5 177.8 498.1 374.5 0.7 14 301.5 108.0 499.4 313.1 0.8 14 299.0 106.6 429.0 295.0 1.0 14 297.0 107.6 499.4 374.8
003666,1.0 6 24.6 55.6 470.8 283.7
003668,1.0 10 27.5 156.3 379.6 333.4
003670,1.0 14 145.5 71.9 294.2 263.0 1.0 13 53.4 96.8 369.8 280.7
003672,1.0 11 114.0 166.3 405.3 302.0
003676,1.0 15 143.1 117.9 193.9 258.6 0.9 8 43.6 176.8 135.1 242.7 0.9 19 397.2 240.6 498.6 375.7 0.5 8 41.9 177.3 132.7 232.8 0.9 8 55.2 226.1 150.0 296.4 1.0 8 43.8 176.8 147.3 292.9 0.5 15 67.0 93.7 113.9 186.7 0.6 15 0.8 153.2 16.5 197.6 0.8 8 194.5 52.8 312.1 289.8 1.0 15 120.0 146.5 146.4 186.8
003677,1.0 14 183.7 28.0 301.7 223.8 1.0 13 43.2 139.1 454.3 435.1 1.0 14 273.4 144.0 411.7 293.3 0.6 14 272.1 145.8 413.5 409.4
003680,1.0 14 345.8 285.9 430.6 375.2 0.7 12 436.4 0.4 499.4 142.6 0.6 14 173.0 13.2 198.9 54.5 1.0 14 96.8 1.1 137.9 144.7 1.0 14 353.3 1.7 393.6 139.1 1.0 14 308.0 7.4 356.2 129.3 1.0 14 0.6 228.2 49.2 375.3 0.9 14 127.8 5.3 158.6 134.2 0.6 14 190.6 350.8 243.9 375.0 1.0 14 0.9 8.8 29.1 149.5 1.0 12 54.3 130.9 402.9 339.7 0.9 14 128.7 3.9 158.8 50.7 1.0 14 135.0 19.8 193.2 141.4 1.0 14 291.6 126.3 364.5 326.1 1.0 14 390.8 8.1 437.4 124.5 1.0 14 233.2 307.2 323.2 375.0 0.9 14 81.3 0.5 109.4 143.2
003682,1.0 2 30.5 152.9 171.4 246.5 0.9 2 344.8 139.4 416.3 196.3
003683,0.8 6 0.8 2.3 497.7 356.0 1.0 6 74.9 1.9 498.7 355.4
003686,0.7 8 0.8 14.2 119.6 247.1 0.6 8 0.1 20.7 102.7 374.4 1.0 19 112.8 36.2 476.5 368.8
003687,0.9 18 193.3 220.0 351.8 309.4 1.0 14 361.2 245.6 375.6 280.7
003689,0.6 3 168.4 165.2 284.9 237.8
003692,1.0 6 176.4 200.3 263.2 229.4 0.9 6 326.1 202.6 368.8 228.5 1.0 6 127.2 193.2 180.5 226.2 1.0 6 460.3 187.9 499.4 223.2 0.8 6 433.8 189.4 471.6 224.6 0.8 6 0.9 205.0 37.9 222.3 0.9 6 33.2 202.9 58.8 224.3 1.0 6 53.8 188.5 106.3 225.9 0.8 6 217.0 201.3 267.7 230.1 1.0 6 285.6 186.2 330.0 225.3
003693,0.8 11 17.1 105.3 219.7 252.8 0.6 11 67.5 112.2 213.8 251.7 0.7 2 128.9 41.7 196.8 117.4
003697,1.0 4 214.8 191.0 322.6 375.3 0.6 4 335.6 216.3 433.6 335.7 0.7 4 441.2 243.0 499.0 371.7 0.9 4 249.5 89.2 319.1 187.4 0.8 4 301.3 120.0 411.9 283.8 0.7 4 448.6 237.4 499.2 338.6 0.8 4 325.4 300.7 401.0 375.4 0.8 4 401.3 237.7 499.0 375.5 0.8 4 402.8 305.4 499.1 375.1 0.7 4 59.6 129.2 121.3 203.1
003701,1.0 14 476.7 255.2 499.7 374.1 0.8 14 213.2 129.9 242.5 161.5 1.0 14 225.9 102.4 275.2 155.7 1.0 14 295.0 118.6 331.8 157.6 1.0 14 164.4 96.8 219.6 157.3 1.0 6 45.9 267.1 153.6 332.8 0.5 6 153.4 135.8 335.1 200.3
003702,1.0 17 0.4 102.6 499.1 284.2
003707,0.5 14 242.8 20.3 367.9 148.0 0.7 14 100.1 56.9 487.7 375.9 0.6 4 398.7 37.0 438.0 90.1 0.9 14 243.3 18.5 481.9 147.1 0.9 14 2.1 56.3 496.6 375.5 0.8 14 145.5 55.9 497.7 375.6 0.6 14 147.0 54.9 498.8 375.5
003710,0.7 14 246.7 49.5 275.8 78.1 0.7 18 -0.8 24.6 424.7 283.9
003712,0.8 11 118.5 98.7 368.3 297.0 0.9 11 137.4 115.2 368.6 297.4 0.7 11 121.0 104.8 417.6 299.0
003715,0.8 5 46.8 64.7 480.8 355.3
003716,0.9 19 323.7 287.6 374.7 441.1
003718,0.0 0 0.0 0.0 10.0 10.0
003719,1.0 6 4.7 2.6 497.4 373.9
003720,0.7 14 285.9 128.3 322.3 179.1 0.8 12 134.1 122.1 294.3 323.6 0.8 12 378.3 128.2 486.4 306.3 0.7 12 18.0 122.8 295.1 322.4 0.5 12 20.3 123.6 293.5 322.9 1.0 14 346.6 95.2 424.4 212.6 0.8 12 15.0 128.4 240.8 320.5 1.0 14 137.6 76.3 218.4 201.5 0.6 12 225.9 126.9 300.3 286.3 0.8 14 345.6 94.2 424.4 228.7 1.0 12 234.3 128.0 484.2 307.5 0.9 14 309.0 120.3 350.7 161.6
003723,0.9 14 390.1 170.7 427.4 231.9 1.0 14 435.6 179.7 464.5 236.2 0.6 19 19.2 80.6 151.3 297.2 0.7 8 439.0 214.4 483.8 275.6 0.6 19 369.6 19.4 489.4 121.4
003724,1.0 7 89.5 122.0 343.8 269.3
003725,1.0 14 15.0 0.6 169.1 199.7 1.0 14 114.2 7.4 212.3 157.7 1.0 4 211.3 87.8 245.8 174.1 0.6 10 0.7 171.2 421.4 376.0 0.9 10 1.3 159.3 497.6 376.3 1.0 14 314.5 30.5 422.3 166.1
003726,1.0 1 1.2 61.7 500.0 306.2
003728,0.8 17 23.6 30.8 498.1 351.1 0.5 11 5.7 139.0 224.2 244.4 0.9 17 0.6 29.5 498.5 375.2 0.8 11 288.4 172.5 465.6 338.9 0.8 11 136.6 138.2 223.0 236.0 0.7 11 136.4 133.4 287.3 282.9 0.9 11 211.8 136.1 289.2 285.2
003730,0.9 13 274.8 86.2 380.1 250.5 0.9 13 152.0 76.8 286.2 316.1 0.7 13 156.3 73.7 378.8 316.9 0.7 13 272.4 67.1 386.5 249.2 0.8 13 320.6 67.3 395.9 168.8
003731,1.0 14 0.8 41.6 245.0 332.9 0.9 14 206.6 2.2 499.4 332.3 0.9 14 252.6 2.4 500.3 332.8
003733,1.0 6 432.1 147.7 499.8 233.1 1.0 6 49.8 113.2 209.4 261.3 1.0 6 218.0 108.1 441.9 261.3 0.6 6 305.0 111.1 438.7 252.1
003734,0.6 14 302.9 166.2 323.8 215.2 0.9 12 280.3 183.8 376.7 267.1 1.0 14 167.0 94.2 255.1 259.4 0.8 12 156.7 149.2 280.0 264.5 0.9 12 82.8 215.2 281.1 426.7
003736,0.9 4 150.0 199.1 202.1 274.4 0.8 14 132.7 58.4 336.0 374.4 0.9 4 140.7 180.1 203.5 275.2 0.8 14 147.7 58.8 337.7 373.5
003737,0.9 14 303.4 1.3 372.9 128.0 1.0 11 1.0 181.6 224.4 499.6 0.9 14 274.3 1.0 369.8 127.1 1.0 14 58.3 25.2 131.3 111.8 0.9 14 23.7 24.2 337.2 498.1 0.7 14 94.2 23.3 339.0 500.0
003738,1.0 8 359.4 42.5 462.2 192.1
003739,1.0 11 1.8 59.3 271.2 373.7 1.0 14 127.6 21.2 497.7 374.4
003741,0.6 2 19.8 355.7 143.6 444.8
003742,0.6 14 0.2 25.2 173.5 306.9 1.0 14 0.5 24.1 173.9 210.6 0.7 14 0.3 23.8 239.2 320.1 0.6 10 40.0 201.9 239.2 319.7
003744,1.0 17 0.7 133.3 450.7 372.4 0.7 8 356.6 123.4 444.9 209.7
003745,0.6 8 1.6 61.5 66.9 172.7 1.0 14 72.9 43.9 253.7 462.7
003746,0.7 1 1.1 163.8 253.5 310.2 0.5 1 36.7 106.9 419.3 312.7 0.6 1 286.3 169.4 489.4 368.7 0.6 14 426.5 53.0 499.7 286.9 1.0 14 429.3 52.4 499.5 363.1 0.9 14 80.1 121.1 138.6 241.9 0.7 14 410.4 89.8 480.8 184.0 1.0 1 36.2 164.6 252.7 309.9 1.0 14 111.6 93.2 194.6 278.1 0.9 1 288.8 170.7 499.5 368.9 0.9 14 405.4 90.9 483.8 254.9 0.9 1 287.4 121.0 500.3 366.1
003747,0.9 14 206.3 383.3 238.8 414.7 0.9 14 246.9 381.1 281.4 415.8 1.0 14 43.1 8.6 276.8 313.4 0.7 2 123.0 148.9 189.3 248.7 0.8 14 320.3 466.3 371.7 499.9
003755,0.5 15 35.3 136.1 72.0 191.1 0.9 14 429.1 95.5 462.5 142.1 1.0 8 339.2 236.5 497.8 375.5 1.0 8 119.4 272.2 292.9 375.5 0.8 8 367.9 45.6 492.7 250.6 1.0 17 72.0 143.6 352.1 298.0 0.5 8 371.2 144.8 492.6 253.2
003756,1.0 15 34.3 279.9 252.8 370.0 0.7 8 161.6 320.0 303.9 484.1
003757,0.9 8 389.9 142.4 472.3 274.0 0.9 19 39.2 92.9 194.2 235.3 0.8 8 316.0 119.0 444.2 227.2
003761,0.7 8 337.4 181.1 470.5 374.6 1.0 15 307.7 152.6 366.2 215.9 1.0 8 69.3 178.0 199.9 374.2 1.0 10 138.4 167.2 366.5 374.8 1.0 8 203.1 212.2 324.7 375.0
003762,0.6 12 184.3 153.4 306.1 267.4
003764,1.0 14 102.6 14.9 190.4 129.7 1.0 12 93.4 41.6 199.0 203.3
003765,0.8 14 249.0 158.5 272.1 198.1 0.7 14 249.4 256.2 333.9 473.0 1.0 14 250.6 187.6 317.5 264.6 0.9 14 40.9 227.0 121.8 311.1 1.0 14 246.2 72.6 304.1 208.8 0.8 14 40.4 227.8 122.2 426.0 1.0 14 45.0 276.4 111.5 427.5 0.9 14 237.7 328.8 339.7 499.0 1.0 14 245.6 221.3 307.9 434.1 1.0 14 241.2 247.4 339.0 499.1 0.8 14 248.3 70.5 303.2 198.5
003766,1.0 1 1.3 28.2 438.1 356.1 1.0 4 448.6 236.5 493.5 349.2
003768,1.0 1 35.5 83.4 276.9 382.9 0.7 14 134.0 12.9 285.2 344.5 0.8 14 132.1 13.1 294.9 362.0 0.8 14 174.8 13.3 287.6 359.5
003769,0.9 6 3.0 103.1 69.1 186.0 0.9 14 307.0 86.6 319.1 139.6 0.8 14 231.0 90.1 256.0 114.1 1.0 6 108.7 99.2 232.8 136.7 1.0 14 63.2 85.7 90.2 174.9 0.9 6 7.7 102.4 68.1 138.9 0.8 14 265.2 85.6 275.7 102.0 1.0 6 11.3 136.7 307.5 354.3 0.9 6 85.2 105.1 138.2 136.1 0.9 14 168.5 124.3 188.7 140.8 0.7 14 211.8 87.9 225.8 111.8
003770,0.7 8 55.8 70.0 164.1 169.3 1.0 10 3.2 99.3 472.4 374.3 0.8 8 306.1 44.1 439.2 126.8
003771,0.8 4 21.0 244.7 102.7 374.4 0.9 4 432.9 261.0 458.3 343.1 1.0 4 391.5 246.0 446.2 364.1 0.6 14 468.1 141.8 499.9 234.8 0.9 14 296.2 161.5 394.4 281.7 0.6 14 462.6 140.6 499.7 258.9 0.9 4 433.3 256.1 459.5 341.6 0.8 14 451.2 139.8 499.4 370.4 1.0 14 26.2 72.1 199.2 265.9 0.9 4 140.0 220.8 217.9 375.8 1.0 14 181.1 128.1 302.0 286.4 0.5 4 454.0 257.7 475.4 318.1 0.9 14 182.8 127.3 367.1 324.6 0.8 4 324.7 237.4 356.0 326.2 1.0 14 294.2 161.6 394.8 314.1
003775,0.7 8 72.7 12.0 438.6 326.3 0.9 8 380.5 0.9 448.8 83.8
003776,1.0 19 166.3 57.6 281.2 160.1 0.8 4 163.3 177.0 175.4 213.2 0.7 19 227.9 204.9 326.3 292.1
003777,1.0 18 96.1 139.1 342.4 247.8
003778,0.9 15 381.8 3.0 499.9 292.7 0.8 7 39.4 69.6 409.7 385.7 1.0 7 38.5 70.9 439.6 465.4
003782,0.8 7 27.5 12.8 450.7 295.0 1.0 7 143.6 40.0 448.0 296.1
003785,0.8 11 140.3 35.6 374.4 332.9 0.8 11 140.1 34.7 499.1 333.2
003787,0.9 2 162.7 185.7 201.3 221.6 0.6 10 38.4 206.9 197.7 298.2 0.6 15 0.2 -0.3 221.7 288.8 0.6 2 77.5 183.6 114.2 222.9 0.9 15 301.4 48.3 420.3 280.7 1.0 15 199.7 184.5 302.0 285.2
003789,1.0 14 146.0 231.4 230.0 333.0 0.6 9 0.6 2.2 499.4 269.9 0.5 9 1.8 1.5 433.3 265.8
003794,0.8 14 159.2 0.3 230.8 120.5 0.7 11 276.3 0.7 466.1 252.3 0.9 11 324.0 85.8 499.2 374.1
003795,1.0 14 380.8 33.8 499.5 314.6 0.9 1 390.2 174.5 499.4 409.7 0.9 1 389.7 176.1 497.9 383.3 0.9 1 254.4 179.0 360.6 388.3 0.5 14 379.4 34.2 499.3 229.8 1.0 1 55.5 200.8 262.0 411.3 1.0 14 58.0 29.3 271.5 406.0 0.8 1 388.6 169.5 499.1 408.3 1.0 14 245.7 3.3 365.8 335.5 0.9 1 226.7 178.1 359.3 392.2
003799,0.8 19 256.7 249.0 352.0 385.8 0.8 19 147.5 -0.4 355.3 256.1
003800,0.7 4 18.2 1.1 128.5 182.0 0.9 10 0.8 118.0 373.5 500.6
003801,0.9 19 95.5 48.7 296.1 249.7 0.9 19 94.5 45.2 295.7 239.4 0.9 19 318.2 28.2 455.8 269.1
003802,0.8 4 240.2 21.9 268.9 114.7 0.9 19 228.7 221.0 341.1 316.1
003804,0.0 0 0.0 0.0 10.0 10.0
003805,0.6 17 0.9 1.8 497.4 334.5 0.5 17 61.1 1.7 496.3 334.2 0.9 11 135.3 131.6 272.4 221.6 0.9 11 263.4 144.1 497.9 272.1 0.8 11 136.0 129.2 497.5 270.2
003810,0.9 13 100.3 163.4 238.8 358.9 1.0 14 339.8 103.6 371.4 146.5 0.8 13 97.9 134.2 239.9 358.9 1.0 6 0.7 141.4 86.9 253.0 1.0 13 233.5 129.5 367.5 290.1
003812,1.0 7 198.5 90.7 371.5 281.0
003813,0.9 7 72.2 91.6 289.5 333.0 1.0 7 69.7 9.0 496.8 333.0 0.7 7 271.6 9.0 499.5 290.0
003815,1.0 14 285.1 122.9 313.3 147.9 1.0 6 185.2 106.3 428.0 207.8 0.7 14 313.1 132.0 335.0 150.1 0.8 14 244.3 24.0 273.8 93.3
003816,0.9 7 1.3 29.5 160.3 220.8 0.9 7 269.5 76.5 418.9 233.7 0.8 7 269.3 77.6 441.4 233.4
003819,0.9 8 382.7 0.7 499.8 212.6 1.0 11 73.7 209.0 319.5 358.9 1.0 14 1.4 -0.3 220.6 237.2 1.0 11 146.5 53.3 386.5 268.6
003822,0.9 2 0.7 46.7 403.8 499.9
003823,1.0 0 80.1 109.7 458.0 229.1
003825,0.5 4 206.2 112.1 247.1 164.1 0.9 8 286.4 221.3 498.6 376.1 0.8 8 290.1 173.1 498.8 375.1 1.0 4 192.6 113.7 244.1 177.5 1.0 14 39.3 0.9 221.0 232.7 1.0 14 231.3 68.5 452.9 321.8 0.9 14 232.8 67.3 499.5 322.9
003829,1.0 14 435.3 189.6 457.6 256.9 1.0 14 471.0 184.9 490.7 217.0 0.9 14 389.0 158.4 417.4 244.4 0.6 18 0.9 10.0 437.9 333.6 0.6 18 24.2 31.1 404.1 313.3 0.9 14 390.6 158.1 415.7 208.0
003831,0.6 4 280.2 35.5 338.4 133.9 0.9 14 47.0 18.3 180.7 278.5 0.9 14 178.4 87.4 312.3 258.4 0.7 14 44.8 18.3 206.2 286.0 0.8 14 181.3 88.5 315.6 322.7
003832,0.9 12 82.3 53.7 331.5 250.9
003833,0.6 13 0.9 67.0 52.3 138.4 1.0 14 248.6 18.9 279.1 88.6 0.9 6 111.3 22.3 265.3 69.4 0.6 13 428.4 61.1 470.5 109.9 1.0 13 91.8 64.0 176.6 135.2 0.6 14 387.9 22.8 405.6 47.8 0.7 13 89.6 115.1 301.9 278.2 0.7 6 268.8 10.2 459.5 85.1 0.8 13 88.2 157.7 295.2 277.6 0.8 13 54.0 78.3 106.7 139.9 1.0 14 472.5 18.1 498.9 52.1 1.0 14 165.7 60.3 352.5 269.0 0.9 13 92.4 106.3 352.6 278.8 1.0 14 377.1 27.8 407.4 119.8 0.8 14 48.2 78.8 76.6 138.4 1.0 13 428.0 52.3 499.4 110.8 1.0 14 199.1 60.3 232.4 124.6 1.0 14 401.4 16.3 442.9 119.1 0.9 6 270.1 13.0 388.1 85.9
003836,0.6 3 162.9 263.7 228.6 285.9 0.8 3 447.1 234.8 498.9 284.3
003839,1.0 14 214.4 222.2 261.3 319.7 0.8 14 121.4 214.8 191.2 286.4 1.0 14 246.9 211.1 270.2 260.5 1.0 13 112.7 210.8 196.5 299.7 1.0 14 264.8 205.1 329.1 305.3
003840,0.6 9 0.9 58.0 120.4 356.6 0.6 9 184.0 59.7 373.1 471.5
003841,0.5 16 186.2 9.4 360.5 271.6 0.5 16 6.9 56.7 388.1 434.1
003842,1.0 4 45.5 10.5 197.2 495.6
003843,0.8 6 123.2 63.1 498.6 236.3 0.5 6 0.6 64.2 498.9 335.8 1.0 6 124.1 63.3 499.8 331.2
003850,1.0 2 137.1 149.9 401.3 372.8
003851,1.0 1 2.6 376.3 61.6 471.2 1.0 14 136.1 325.1 185.5 421.4 1.0 14 4.0 328.2 62.5 453.7 1.0 14 182.6 210.7 324.0 462.2 1.0 1 164.0 324.6 377.4 501.2
003852,1.0 14 0.1 52.1 104.0 374.8 0.6 12 80.4 2.5 497.6 374.6
003853,1.0 14 347.1 140.1 491.8 245.1 1.0 14 34.1 99.7 71.0 156.5 0.8 14 352.5 148.9 491.7 244.6 0.9 8 295.2 175.6 364.4 244.7 0.8 8 336.0 123.4 390.6 179.3 1.0 14 254.2 54.3 337.9 137.7 0.8 14 1.1 122.1 67.0 194.7 0.7 14 61.1 134.9 134.1 242.6 1.0 14 0.7 160.1 105.2 245.0 0.9 10 150.1 127.1 383.4 245.3 0.8 14 255.1 55.3 336.5 178.9 0.6 8 266.1 123.3 306.9 171.1
003854,0.8 11 67.0 98.5 333.3 502.5
003858,1.0 14 390.1 117.7 464.2 374.1 0.7 14 355.3 174.0 420.2 374.6 1.0 14 327.4 184.8 364.4 350.3 0.9 14 387.5 117.4 457.3 299.9 1.0 14 355.0 172.4 408.5 316.9 0.8 8 146.0 306.4 259.7 375.3 1.0 14 222.2 183.2 275.9 312.2 1.0 14 70.6 143.1 165.3 374.3 0.8 14 406.1 199.5 466.3 375.6 1.0 14 241.7 177.5 332.2 373.7 0.9 14 326.5 185.4 363.2 300.3
003862,0.9 8 125.9 142.7 381.8 326.2
003864,0.9 6 0.8 2.6 498.9 374.3
003867,0.9 1 151.4 228.2 294.0 374.8 0.9 14 165.5 76.1 256.7 237.4 1.0 14 164.8 76.5 258.7 347.3 1.0 14 242.5 63.8 368.4 368.4 0.9 4 249.6 176.9 267.3 233.2
003870,0.5 11 124.6 217.4 287.9 376.2
003873,0.6 18 71.5 73.7 310.7 199.9 0.6 18 0.7 74.4 310.8 200.0 0.8 18 0.6 74.5 499.2 196.4
003875,1.0 14 95.0 398.6 159.8 499.6 1.0 14 32.5 89.3 265.1 333.2 0.8 14 31.0 90.2 264.7 499.2 1.0 14 266.4 59.9 329.3 202.8 0.8 8 14.7 308.0 240.6 500.6 1.0 14 162.2 92.3 211.2 197.0
003878,0.6 6 73.3 2.1 498.4 374.2
003880,1.0 7 202.4 28.6 442.8 294.7
003881,0.9 8 46.4 93.7 183.5 302.4 1.0 8 123.1 32.4 181.7 98.7 0.9 7 169.5 65.1 269.9 203.6 1.0 8 29.9 26.1 94.2 112.2 0.8 8 370.1 70.1 462.3 240.0 1.0 8 203.2 24.8 261.7 78.8 0.8 8 117.1 34.1 154.2 94.1 0.6 10 396.7 39.9 499.4 101.4
003882,0.7 15 133.5 90.1 270.7 186.9 0.5 15 161.1 112.6 324.3 294.4 0.5 15 56.7 146.1 206.5 266.5 0.7 15 10.1 98.5 155.2 247.2 0.9 15 232.7 120.0 408.2 318.7 0.6 15 9.7 126.5 94.5 247.6 0.7 15 369.0 139.8 486.2 292.2 0.7 15 9.6 104.2 209.7 253.4 0.5 15 59.7 99.5 223.0 258.9
003883,1.0 18 102.9 57.8 380.3 290.3
003884,0.6 14 74.5 221.3 316.5 374.7 0.5 8 145.1 4.3 215.0 79.9 0.9 8 370.2 42.8 499.8 187.4 0.8 8 154.9 67.6 230.1 212.5 0.6 14 3.1 64.6 310.6 375.1 1.0 14 0.6 60.9 157.1 358.4 0.7 14 307.8 105.6 500.0 325.7 0.9 14 209.1 89.2 427.8 276.7 1.0 14 245.2 104.7 499.7 375.0
003888,0.6 7 117.9 165.1 467.4 293.7 0.7 7 129.0 265.6 313.1 374.9 0.7 7 120.3 75.6 474.4 287.3 0.9 7 118.8 185.2 405.1 375.1
003892,0.7 3 1.2 1.6 340.1 133.3 0.7 3 -0.0 34.8 337.0 130.0 0.9 3 0.4 30.3 337.2 128.8 0.6 3 82.2 32.3 215.9 73.6 0.8 3 1.2 1.5 339.1 132.4
003893,1.0 6 29.6 119.5 344.7 278.8
003894,0.9 8 127.0 36.4 216.5 109.5 0.9 8 265.6 31.3 350.3 106.6 0.9 8 68.8 329.3 278.5 375.1 1.0 10 1.8 103.6 497.5 375.9
003896,0.7 2 13.1 341.4 38.8 378.0 0.7 2 282.7 330.0 316.2 370.3 1.0 14 5.9 87.8 54.9 206.1 1.0 2 401.6 346.5 465.9 408.4 0.7 14 153.8 99.4 191.2 133.1 1.0 2 197.8 353.0 251.0 410.9 1.0 2 59.3 358.1 116.6 407.9 0.5 2 436.5 288.9 486.0 332.7 0.9 2 446.5 352.6 499.1 408.7 0.5 2 291.9 358.9 316.7 404.8 0.6 2 370.2 53.6 434.2 118.4 0.6 2 26.2 272.2 56.7 309.5 1.0 14 114.6 94.7 160.6 210.8 0.6 13 26.2 227.0 223.4 404.4 1.0 14 203.6 100.9 335.7 405.3 1.0 2 338.7 355.0 404.7 408.6 0.9 2 298.5 278.6 342.7 319.5 0.8 2 301.6 334.7 345.1 373.4 0.8 2 360.3 35.3 434.1 116.1
003897,1.0 14 0.9 121.5 87.0 376.8 1.0 14 152.5 147.6 389.7 376.6 0.8 14 390.2 63.1 500.1 377.1 0.8 13 287.5 85.3 334.4 122.4
003900,1.0 6 119.6 77.1 459.8 274.7
003901,0.8 11 7.7 85.1 329.6 497.0
003902,0.9 15 101.1 -0.6 292.1 318.5 0.9 4 169.9 324.4 203.6 391.8 1.0 10 0.8 242.9 373.2 501.1 0.9 8 4.1 187.3 48.4 312.1 0.8 8 299.3 201.2 355.1 321.7
003903,1.0 14 405.1 1.9 499.6 331.3 0.8 14 82.8 1.9 252.6 331.3 0.9 14 2.8 1.8 245.9 331.5 0.8 14 128.6 2.0 424.0 331.8 0.9 14 273.4 2.0 425.6 331.9 0.7 14 131.7 59.4 421.2 331.9
003904,1.0 6 382.1 158.5 480.0 294.5
003906,1.0 4 425.0 136.5 481.6 334.7 1.0 7 150.7 1.4 381.0 332.6 0.8 7 150.3 1.7 437.1 333.0
003908,1.0 18 149.8 92.7 195.4 158.5
003909,1.0 19 197.4 102.8 248.2 151.1 0.8 8 388.3 231.3 487.6 333.3 1.0 19 327.6 131.8 445.9 196.5 0.8 19 23.4 144.7 114.8 287.6 0.5 19 255.0 120.5 320.2 200.4
003910,1.0 14 237.9 135.7 275.1 214.0 0.9 14 162.1 121.1 253.7 218.5 1.0 14 213.9 122.0 250.6 219.4 1.0 3 30.9 186.5 366.2 244.2
003914,0.9 16 190.4 148.7 287.5 223.6 0.9 16 416.0 131.9 498.9 210.4 0.9 16 433.3 96.9 499.1 136.9 0.9 16 155.7 153.7 235.6 231.7 0.9 16 267.5 99.8 326.8 142.2 0.9 16 98.6 175.0 236.9 253.2 0.9 16 333.3 112.1 412.2 169.9 0.8 16 156.7 151.6 286.4 227.6 0.9 16 273.7 130.8 399.8 219.3
003916,1.0 6 48.9 64.7 282.6 249.8
003917,1.0 6 126.9 0.8 499.2 263.1
003920,0.6 11 0.7 93.7 423.9 264.3
003922,0.8 14 215.5 42.9 307.8 188.8 1.0 14 215.6 41.3 333.2 188.3 0.6 12 66.4 51.0 386.7 320.0 0.8 12 66.4 44.2 395.8 261.2 1.0 12 64.7 44.2 396.5 321.6
003925,0.8 7 0.4 38.8 261.0 241.9
003927,0.5 14 144.6 1.7 450.7 332.6
003928,1.0 4 118.3 15.0 247.3 449.1 0.7 17 287.3 166.7 375.1 248.6
003929,0.7 13 349.5 247.3 425.9 374.4 1.0 14 191.0 93.9 271.3 374.9 1.0 14 136.7 116.3 228.5 375.5 0.9 14 263.3 89.8 364.6 312.2 1.0 14 262.8 88.6 365.7 373.6 0.8 1 258.2 259.6 341.9 375.0
003930,0.5 18 136.9 14.0 435.9 329.3 0.6 18 2.9 1.7 493.2 331.9 0.5 8 441.4 233.5 495.7 333.1
003931,0.7 1 1.7 2.3 497.9 374.7
003933,0.6 11 221.5 108.3 499.2 333.1 0.5 11 219.9 10.1 441.4 257.9 0.5 11 155.8 10.5 440.3 256.2
003934,1.0 15 143.9 258.1 262.2 375.4 1.0 19 0.9 115.0 85.5 248.9
003938,1.0 14 210.6 119.7 428.8 375.4
003940,0.9 6 399.0 106.6 499.3 175.6 1.0 6 78.2 83.7 413.9 191.8
003942,1.0 14 151.0 123.7 268.0 232.4 1.0 4 14.8 149.0 42.6 239.1
003943,0.6 15 228.1 138.7 296.2 176.5 1.0 4 374.2 314.6 391.4 375.1 1.0 14 414.2 246.1 499.0 375.1 0.9 14 444.6 338.8 499.4 375.1 0.9 14 426.4 222.5 481.0 304.9 1.0 14 102.4 225.4 183.9 332.0 0.5 14 391.5 249.9 447.7 370.0 0.5 4 375.4 262.0 392.0 298.4 0.9 4 375.1 271.3 395.4 321.8 1.0 4 356.5 313.9 370.0 363.2 1.0 14 282.0 252.3 321.5 294.1 0.7 15 47.4 124.0 140.3 161.8 1.0 14 39.9 277.8 159.7 375.0 0.7 14 432.5 221.4 485.0 274.1 1.0 14 170.3 221.7 298.1 374.7 0.8 4 375.0 313.0 389.0 352.2 0.9 14 313.2 257.0 359.5 332.9 0.9 14 393.5 250.9 440.5 320.1 0.9 4 356.5 309.0 370.4 355.5
003944,0.9 4 133.7 195.0 169.8 297.7 0.9 4 134.3 196.3 169.2 289.7 0.9 4 50.7 232.5 75.1 306.3 0.7 17 0.8 153.8 498.1 375.4 1.0 4 70.0 237.7 95.8 305.7 0.9 14 210.6 29.5 499.7 304.3 1.0 14 210.3 29.3 499.1 375.1
003950,0.7 10 113.8 189.6 177.4 282.9 1.0 8 150.9 192.0 204.7 281.0 0.8 10 115.7 186.6 208.1 262.9 0.8 14 330.2 86.0 374.3 176.7 0.7 8 90.6 194.3 159.6 283.9 0.8 8 103.7 172.5 139.8 214.0 0.9 8 156.4 192.8 203.9 279.1 0.6 8 205.3 175.0 236.7 258.1
003951,1.0 14 125.5 63.9 255.8 277.9 1.0 12 67.3 122.5 295.2 431.2
003952,0.6 14 162.5 225.4 179.5 253.9 0.9 3 287.9 240.8 319.2 268.3 0.8 3 151.5 240.5 201.0 262.0 0.8 3 154.7 51.2 200.7 262.7
003955,1.0 14 97.0 175.3 144.7 321.1 1.0 14 38.3 163.2 99.9 355.8 1.0 14 205.4 163.2 276.4 280.0
003958,0.0 0 0.0 0.0 10.0 10.0
003959,1.0 14 201.8 92.3 291.9 374.5 1.0 14 382.0 115.7 499.0 375.9 0.6 14 388.8 11.4 499.8 374.3 0.9 14 403.7 8.9 500.0 212.6 0.8 14 205.9 92.3 292.4 243.0 0.8 14 1.1 64.1 76.6 257.3 0.6 14 205.8 93.4 295.6 304.6 1.0 14 55.5 38.2 271.8 374.9 0.9 14 0.4 65.8 81.4 375.2 1.0 14 290.9 108.0 407.3 298.5 1.0 14 272.8 107.8 498.9 375.5
003962,0.5 13 1.4 2.2 497.4 374.2 0.5 13 0.2 2.3 385.1 373.8 0.9 7 149.4 109.2 498.4 374.8 0.7 7 151.8 130.2 432.4 373.0
003964,0.6 11 8.5 0.9 330.5 447.9 0.9 11 9.2 55.8 327.9 447.5 0.8 11 70.5 -0.5 333.5 440.8
003967,0.8 6 235.1 117.8 267.5 129.0 1.0 6 361.4 204.9 397.3 234.7 1.0 6 175.8 176.6 209.1 208.4 0.9 6 172.9 155.3 193.6 173.7 0.7 6 89.5 122.2 113.0 134.4 1.0 6 37.4 146.5 63.4 169.7 1.0 6 263.5 131.5 302.1 144.5
003968,0.9 4 158.7 364.6 226.3 490.0 0.6 1 45.7 359.9 404.1 489.4 0.8 1 46.0 355.8 241.5 488.7 1.0 14 39.3 13.3 464.1 488.9 0.9 1 46.2 362.3 499.9 490.2
003972,0.5 14 365.8 18.4 500.0 373.5 0.9 14 124.4 114.1 295.1 374.8 1.0 14 1.2 61.3 227.1 375.0 0.9 14 0.6 60.1 163.3 375.4 0.6 14 126.9 115.8 294.1 314.9 0.9 14 280.0 17.2 483.8 316.0 0.8 14 222.0 308.6 386.8 375.1 1.0 14 281.4 15.8 499.4 373.3
003975,0.6 9 0.4 1.6 280.5 330.3
003976,1.0 14 104.7 111.1 274.7 391.8 1.0 1 80.4 261.6 284.8 480.9
003977,1.0 11 18.0 3.7 481.2 499.4
003978,1.0 14 198.3 33.2 317.1 225.5 1.0 12 58.5 95.7 418.4 298.0
003980,1.0 11 9.5 33.2 318.7 375.2
003981,0.9 14 66.1 64.5 263.0 352.6 0.5 14 251.0 192.0 356.3 306.9 1.0 14 0.5 64.0 261.3 374.8 0.9 14 253.7 192.8 323.4 291.4 1.0 19 220.1 152.9 432.8 373.9 0.5 14 255.5 194.2 353.9 305.1
003982,0.7 9 127.7 202.3 161.6 234.2 0.8 9 346.3 201.2 390.7 234.1 0.9 9 243.1 197.5 293.7 230.1
003985,1.0 2 253.6 136.8 305.3 232.3 0.7 2 254.5 137.6 306.3 255.4
003989,0.7 14 174.5 75.2 237.8 173.6 1.0 14 360.5 95.0 443.0 233.3 1.0 13 336.3 125.7 443.7 240.5 1.0 14 273.2 66.3 306.9 163.6 0.6 14 194.9 74.7 237.3 126.1 0.7 14 68.2 67.1 137.4 172.0 1.0 13 153.3 110.6 271.8 239.5 1.0 13 59.4 103.1 155.3 174.1 0.8 14 210.6 94.8 284.1 178.9 0.9 14 102.8 67.1 142.1 118.6 0.8 14 213.4 96.2 283.0 243.5 0.8 14 274.0 66.5 305.8 153.8
003995,0.6 14 1.6 2.3 399.6 374.8 0.9 14 0.2 52.8 399.3 374.9 0.9 14 1.7 2.4 497.1 374.8 0.5 14 308.6 109.6 498.7 270.3
003999,0.8 1 0.4 150.0 499.1 378.0 0.8 1 1.4 210.0 495.9 375.6
004000,1.0 14 69.7 22.9 199.3 488.3 1.0 14 184.2 41.7 331.7 465.7
004001,0.9 14 428.6 164.1 457.7 225.3 1.0 6 462.4 168.6 500.1 231.6 0.9 14 429.3 164.3 454.9 198.0 0.6 14 91.1 181.3 107.3 210.3 0.6 14 245.7 174.8 257.8 203.7
004002,0.9 11 6.3 96.9 144.6 219.2 1.0 11 88.0 91.7 306.0 286.7
004004,0.9 17 0.0 301.0 225.7 454.2 0.6 11 191.0 419.4 306.9 500.4
004006,1.0 14 23.7 109.5 42.6 147.3 0.7 14 253.8 86.5 273.0 109.8 0.5 14 307.2 59.5 325.7 96.7 0.9 14 81.5 112.3 101.9 144.7 0.9 14 371.5 87.3 389.1 133.9 1.0 14 44.1 108.6 63.6 146.2 0.9 14 407.3 99.3 433.2 132.9 0.9 12 279.4 79.4 356.1 144.0 1.0 14 106.1 104.5 126.4 143.8 0.5 14 26.4 109.0 43.3 143.1 1.0 14 169.0 59.7 222.2 199.3 1.0 14 0.8 99.3 17.2 149.0 1.0 12 69.9 104.2 293.1 286.8 0.8 14 59.5 106.5 78.4 143.2 0.5 12 277.3 80.2 324.0 138.9 0.9 14 58.8 107.3 77.4 139.5 0.6 14 304.9 59.9 327.9 131.8
004007,0.7 18 234.4 121.6 294.2 195.0
004018,0.9 2 3.8 167.0 272.3 332.9 0.9 2 175.5 110.5 353.5 275.5
004021,0.8 11 170.1 0.9 498.1 366.3
004022,0.7 9 457.9 149.7 499.8 187.5 0.9 9 45.6 215.6 127.4 266.3 0.6 9 78.1 155.7 108.2 184.1 0.8 9 204.8 163.8 240.7 211.9
004024,0.0 0 0.0 0.0 10.0 10.0
004026,0.5 8 0.7 244.3 79.7 375.6 1.0 6 37.2 132.2 110.9 175.7 1.0 6 145.5 144.7 315.3 306.9
004027,0.6 15 89.5 237.9 217.7 451.3 0.6 15 19.4 352.4 98.3 440.4 0.9 15 80.8 366.5 142.1 457.0 0.6 15 9.2 212.9 131.1 432.7 0.9 15 78.0 45.9 240.0 448.3
004029,0.8 7 437.4 47.8 483.5 126.9 0.9 7 56.8 101.9 164.5 176.2 0.9 7 10.2 48.8 58.9 117.8 1.0 17 3.6 67.6 493.6 194.4
004030,1.0 14 201.5 185.3 285.0 374.7 1.0 6 331.7 202.0 499.7 327.3 1.0 5 129.2 67.6 456.5 289.2
004032,0.6 7 144.5 98.2 324.1 258.5 0.7 4 282.2 0.6 347.6 29.1
004036,0.0 0 0.0 0.0 10.0 10.0
004038,1.0 15 240.6 101.7 295.8 183.0 0.7 10 108.8 106.3 396.6 376.5
004040,0.8 19 72.2 167.1 179.0 225.9 1.0 8 51.3 230.6 135.7 336.2 0.8 19 204.6 172.5 336.4 305.3 0.8 8 139.7 215.1 198.5 292.1 0.7 19 203.8 171.4 335.6 305.7
004041,1.0 14 113.9 102.6 300.9 376.1 1.0 14 259.3 145.7 424.5 375.3
004042,0.6 14 269.4 1.9 497.9 331.7 0.9 4 283.4 0.6 350.4 227.1 0.9 14 2.7 20.8 241.8 332.2 0.6 14 52.3 1.9 493.4 332.3
004043,1.0 6 159.4 105.2 380.1 265.9 1.0 14 334.1 158.8 429.6 294.5
004044,0.9 7 96.1 76.6 397.9 372.5
004045,0.9 8 0.8 92.3 30.1 241.0 1.0 15 346.7 8.8 440.7 143.5 1.0 17 27.9 65.7 472.8 369.9
004048,0.5 11 2.2 2.2 349.9 374.9
004049,0.6 14 307.8 3.9 468.6 499.6 0.6 14 1.3 0.2 87.9 70.4 1.0 14 0.6 1.7 329.0 434.5 1.0 14 205.4 3.9 468.7 498.6
004050,1.0 6 25.0 28.6 474.7 362.9
004053,0.6 8 143.6 198.1 180.6 282.1 1.0 8 111.2 203.3 164.5 294.2 1.0 8 71.9 202.8 109.0 282.7 0.7 10 78.7 204.9 127.9 286.5 0.9 10 77.9 200.9 179.1 292.0 0.6 8 84.0 191.7 114.7 209.5 0.6 17 0.4 263.7 87.3 332.4 0.8 19 242.0 184.2 352.1 275.3 0.8 19 239.3 184.0 351.5 327.9
004054,1.0 14 203.4 213.2 271.4 374.5 0.9 14 266.5 268.0 331.0 375.1 1.0 14 147.3 250.6 207.3 374.8 1.0 14 163.2 84.6 254.4 264.1 0.8 14 111.7 72.5 173.3 307.1 1.0 14 110.5 71.7 170.3 213.5 1.0 14 32.2 65.1 170.2 376.3 1.0 14 241.5 100.2 326.3 283.4 1.0 14 308.4 59.2 415.0 374.3
004055,1.0 4 304.1 383.2 362.3 500.0 1.0 4 206.5 344.5 261.6 500.1 0.8 4 139.6 105.2 226.5 312.1 0.6 15 0.1 304.2 162.2 446.0 0.6 10 1.1 255.7 373.0 500.7
004056,1.0 4 156.6 211.3 200.4 309.3
004059,0.9 2 193.9 133.4 230.0 180.8 0.5 14 178.4 194.1 206.6 265.8 0.9 2 218.9 160.2 249.7 203.7 0.9 2 261.7 222.8 307.7 259.3
004061,0.8 13 1.1 1.3 319.0 239.3 0.9 7 76.4 105.3 314.8 226.2
004062,0.9 11 0.9 80.7 285.0 287.1
004063,1.0 14 32.0 124.1 294.0 413.6 0.9 14 138.0 13.8 332.8 260.0 1.0 14 137.4 13.8 332.5 419.8
004064,0.9 19 58.2 0.5 240.0 216.7 1.0 14 171.8 87.2 498.7 375.8 0.6 14 315.4 87.4 498.8 373.4
004065,0.6 14 242.0 150.4 349.2 285.0 1.0 14 451.3 188.4 474.0 245.4 0.9 14 338.1 166.9 364.9 200.9 0.9 14 5.0 193.9 25.2 242.9 0.7 5 24.9 86.4 424.9 298.6
004068,1.0 8 88.6 26.2 194.5 151.0 0.9 8 1.2 39.6 109.2 138.3 1.0 4 306.6 180.3 347.9 331.9 0.5 4 334.6 160.3 355.6 212.9 1.0 4 272.4 174.8 304.6 238.8 0.9 4 307.0 180.6 346.0 278.7 1.0 14 258.4 17.8 431.6 208.1 0.7 10 130.7 214.7 496.5 376.2
004070,0.9 13 168.3 139.5 272.0 263.9 0.5 13 76.7 137.7 272.5 283.8 1.0 13 74.9 152.8 183.2 284.4 1.0 13 251.5 114.2 445.6 306.2
004071,1.0 6 29.5 25.3 492.2 309.3
004072,0.9 16 308.4 200.0 387.4 243.9 1.0 14 138.4 95.8 269.1 375.5 1.0 4 234.6 209.6 257.9 259.9
004074,0.6 14 1.6 1.6 148.5 213.0 1.0 14 1.8 19.1 246.2 376.0 1.0 14 205.1 11.0 463.5 375.2
004078,0.0 0 0.0 0.0 10.0 10.0
004079,0.7 11 212.1 31.0 349.2 294.8
004080,1.0 6 100.9 103.7 390.6 234.7
004081,0.8 9 180.5 95.7 333.8 211.7
004083,1.0 2 24.8 58.4 469.9 375.0 1.0 2 330.7 83.4 500.1 374.5
004084,1.0 14 123.7 21.9 179.6 133.2 1.0 12 67.8 34.6 287.0 212.0 0.6 12 185.7 96.4 287.8 210.1
004086,0.8 11 195.3 150.3 500.1 375.8
004088,1.0 6 132.0 326.8 288.7 407.8
004090,1.0 14 162.1 166.4 222.2 332.9 1.0 14 224.2 174.3 280.6 333.1 1.0 14 290.6 167.0 353.1 332.3
004094,0.9 14 64.7 155.4 106.8 202.5 1.0 5 25.7 32.3 458.3 304.1
004096,0.9 8 35.9 4.1 248.9 261.4 0.5 17 237.7 7.8 469.7 265.3 0.9 8 236.9 5.5 473.2 265.3
004097,1.0 6 400.3 147.4 499.6 205.0 0.5 6 136.1 92.5 355.1 280.4
004098,1.0 8 272.5 170.5 348.6 331.4 0.8 8 411.4 175.7 452.4 315.8 1.0 14 197.7 116.4 239.1 284.6 0.6 19 74.9 17.5 152.6 143.0 1.0 8 226.1 196.1 287.5 312.6 0.7 10 273.5 193.4 445.2 331.5
004099,0.7 6 61.7 175.2 332.8 415.4 1.0 14 173.6 237.5 332.0 498.7
004101,0.9 8 93.1 88.9 165.8 185.4 0.8 1 0.8 22.9 105.7 267.8 0.9 1 0.8 114.2 109.8 267.9 0.7 14 116.1 171.1 234.2 332.5 0.5 17 77.2 188.5 373.8 456.5 0.7 17 0.2 265.2 373.8 499.4 0.6 14 180.9 173.1 236.4 308.1 0.8 14 181.2 175.7 235.7 334.9 0.8 11 201.2 193.8 375.0 457.4
004103,0.7 14 192.0 200.2 218.2 242.9 0.7 14 114.5 190.1 132.2 210.9 1.0 14 99.7 193.2 116.8 236.8 0.9 14 190.2 200.0 224.4 270.6 0.9 12 189.6 231.4 228.7 301.9
004104,1.0 6 0.5 324.3 34.0 410.7 0.9 5 21.7 228.4 161.3 331.5
004107,1.0 6 96.6 263.3 407.6 354.0
004109,0.8 8 141.6 74.3 353.6 248.1 0.9 8 134.9 74.0 354.4 348.1 0.6 4 206.3 312.5 230.2 350.4 0.5 17 135.3 71.9 357.3 250.9 1.0 14 105.7 0.7 199.3 247.9 1.0 14 0.6 -0.0 80.2 295.2 1.0 14 147.7 63.1 334.7 342.0
004112,0.9 11 1.5 134.4 228.1 374.9 0.6 14 217.9 22.1 499.4 373.0
004114,0.5 7 2.5 144.8 381.6 370.9 0.9 7 3.8 145.4 381.4 303.1 0.7 7 240.3 154.5 384.1 271.1
004115,1.0 6 146.5 192.9 343.4 306.4
004116,0.7 7 163.6 58.5 313.8 326.7 0.8 7 162.4 59.5 312.6 279.9 0.8 15 1.4 2.3 100.0 281.3 0.9 15 1.4 1.9 108.4 281.3 0.9 7 162.6 58.0 425.6 327.2
004118,0.8 8 1.0 141.8 101.4 329.6 1.0 14 365.1 129.5 499.1 322.1 1.0 14 434.9 109.8 482.2 157.6 1.0 4 228.7 256.3 257.0 333.8 0.9 14 379.0 128.9 499.3 333.9 0.9 14 354.4 104.6 458.8 306.1 1.0 14 183.2 64.4 281.4 196.3 1.0 14 55.5 102.9 215.3 334.7 0.9 10 184.6 180.1 440.8 335.5 0.6 4 331.8 234.1 367.8 325.0 1.0 14 293.5 102.2 416.1 224.8 0.6 10 189.5 205.4 435.6 334.6 0.9 14 358.5 104.1 458.9 257.7 0.7 19 312.9 0.6 390.4 26.3
004119,0.8 8 0.7 196.6 42.0 320.6 1.0 17 120.5 188.0 345.3 312.6 0.9 8 445.4 201.7 486.0 333.6
004123,1.0 3 128.8 0.9 363.4 275.7 0.6 3 195.2 222.0 357.8 273.6
004124,1.0 15 1.5 51.9 238.1 375.4 0.7 15 2.9 22.5 495.8 374.7 1.0 15 237.9 23.5 496.9 373.6
004125,0.8 4 186.9 158.7 334.2 360.9 0.9 4 420.7 269.4 484.0 375.3 0.9 4 268.4 161.5 331.5 255.4 1.0 14 40.2 0.0 245.7 333.2 0.9 14 185.3 75.4 490.2 375.0 0.7 14 261.5 76.3 493.3 374.0
004126,1.0 12 92.3 125.8 185.8 430.9 1.0 14 83.8 74.8 216.2 299.2
004127,1.0 14 282.6 2.2 500.1 332.8
004128,0.8 14 107.1 66.0 267.1 374.9 0.7 14 84.2 13.4 145.9 68.2 0.9 8 154.4 193.1 253.2 374.0 1.0 14 34.8 34.5 91.8 147.4 0.9 8 72.4 191.7 250.3 375.2 1.0 14 214.3 54.2 289.9 171.8 0.8 14 105.7 12.2 151.5 68.5 0.9 8 265.2 48.4 312.2 127.6 0.9 14 81.0 29.5 154.6 121.3 1.0 4 45.8 145.1 61.8 193.2 0.9 14 55.3 83.0 183.6 262.0 0.9 14 152.5 66.2 279.0 197.5 0.7 14 82.6 32.5 148.8 97.0 1.0 14 55.2 82.8 185.7 361.8 0.9 14 36.0 34.0 92.6 125.5 0.8 8 0.8 250.4 91.7 374.1 1.0 14 147.7 0.8 196.7 77.0 0.8 14 222.8 54.8 333.6 328.7 1.0 14 255.9 113.5 481.1 375.9
004130,0.0 0 0.0 0.0 10.0 10.0
004132,1.0 14 218.2 48.5 323.7 313.1 1.0 14 41.8 13.8 216.0 324.2 0.8 17 0.5 79.4 498.7 325.2 1.0 14 305.4 40.1 454.5 333.0 0.6 14 352.8 32.3 423.8 208.1
004134,1.0 4 217.5 2.0 244.3 96.2 0.6 4 235.8 1.2 260.7 41.0 0.9 4 136.7 1.2 163.2 58.4 0.7 8 307.5 58.3 500.5 401.0 1.0 4 105.1 4.1 144.7 109.9 0.8 4 114.5 1.1 137.7 41.5 1.0 4 328.3 244.5 409.2 399.6 0.7 4 218.1 1.2 242.7 44.2 1.0 4 183.7 1.9 211.3 101.6 0.8 4 165.8 1.2 192.1 51.2 0.8 4 169.4 1.8 198.6 103.5 1.0 4 146.8 2.1 175.4 100.9 0.8 4 184.6 1.1 209.3 49.9 1.0 4 243.6 1.1 274.6 91.4 1.0 4 246.0 0.8 276.8 69.4
004139,0.8 8 427.0 18.1 499.8 232.9 0.8 8 359.7 20.5 427.1 134.0 0.5 17 42.2 65.1 461.9 375.4 0.9 17 43.5 88.5 461.0 375.1
004144,1.0 14 35.4 376.5 55.3 441.7 0.8 14 13.8 372.8 27.2 405.6 0.7 14 15.1 372.3 27.5 406.3 1.0 14 203.1 388.6 241.4 472.5
004147,0.7 6 157.5 177.5 359.5 256.8
004151,0.8 13 2.6 15.6 315.3 498.4 0.8 13 3.1 71.6 317.1 496.9 0.5 13 2.0 94.5 316.6 500.0 0.7 13 111.9 67.8 317.8 430.3
004153,1.0 0 9.3 42.7 496.5 225.4 0.7 0 238.4 99.7 497.2 214.9
004154,1.0 14 393.6 214.7 427.8 283.1 1.0 14 325.9 214.5 344.7 275.4 0.8 14 449.3 217.1 465.8 255.5 1.0 6 171.1 224.2 223.2 257.7 1.0 14 461.7 222.0 487.9 287.3 0.6 14 433.5 214.4 448.1 263.5 0.7 14 364.3 214.1 379.6 250.1 0.5 14 435.1 214.6 447.9 256.8 1.0 6 0.3 213.0 113.5 296.5 0.7 14 362.5 213.8 380.7 279.9 0.9 14 487.8 218.1 499.9 285.0 0.7 14 448.1 216.4 465.8 280.0 0.7 14 288.6 214.6 307.8 272.9
004155,0.9 15 118.3 12.8 265.0 177.3
004156,0.5 6 1.6 97.5 464.2 375.6 0.8 6 3.1 223.0 372.2 376.3
004157,0.9 11 1.3 61.4 376.0 333.2 0.6 11 0.4 59.5 498.9 333.6 0.7 11 83.3 56.2 499.2 332.9 0.8 11 152.8 57.8 500.1 332.8
004159,0.6 8 132.3 93.3 183.6 137.2 0.7 1 2.2 71.1 213.7 361.1
004160,0.7 3 429.3 95.0 499.7 199.3 0.7 3 428.6 85.5 499.6 184.5 0.5 3 152.4 82.8 357.9 197.9 0.8 14 187.8 127.5 207.6 152.9 1.0 3 148.6 92.9 357.8 196.8
004161,1.0 7 43.7 3.1 373.9 499.9
004162,0.9 4 158.9 386.8 178.0 447.9 0.5 4 265.8 414.8 291.8 490.9 0.5 4 77.7 403.2 103.4 478.6 0.6 19 32.9 37.1 313.1 499.3
004165,0.8 7 106.8 1.4 403.1 330.2 0.7 7 109.1 135.7 400.9 331.6
004166,1.0 19 241.9 126.8 302.1 183.1 0.9 17 133.9 165.4 267.5 249.4 0.6 17 0.5 200.2 97.4 332.1 1.0 8 260.6 276.0 372.4 332.5 0.9 10 227.6 224.6 498.8 332.6
004167,0.8 14 75.0 130.6 130.4 217.5 0.9 14 76.0 131.0 128.3 182.6 0.9 5 0.9 40.6 499.0 376.1 1.0 14 320.0 146.9 396.8 374.7 0.7 14 212.3 193.3 245.0 349.7 1.0 14 242.3 199.8 274.0 343.3 1.0 14 287.0 220.0 327.6 375.4
004172,0.8 6 0.4 280.1 19.4 324.5 1.0 6 220.3 290.1 266.5 323.3
004173,1.0 14 234.2 123.3 461.5 357.1
004175,1.0 14 2.4 13.6 497.1 375.3
004176,1.0 2 0.1 103.1 271.3 443.8
004177,0.9 12 86.7 106.5 213.6 213.6 1.0 14 192.6 30.3 299.0 226.3 1.0 12 99.1 109.7 423.6 349.7
004179,0.6 8 398.9 2.4 499.0 348.4 0.6 14 85.3 82.0 194.3 316.3 0.9 14 156.2 74.3 251.3 244.6 0.8 17 20.9 67.0 169.4 115.3 1.0 14 85.1 82.9 201.4 374.0 0.5 10 0.3 98.8 109.8 294.3 1.0 14 233.9 36.5 382.7 244.1 0.8 19 404.8 1.5 499.3 279.4 0.9 11 168.8 148.2 264.8 296.7
004180,1.0 8 196.7 19.7 270.3 118.7 1.0 17 25.8 113.7 489.9 375.0 0.6 8 111.4 247.5 469.4 375.6 0.9 4 276.0 58.1 292.6 111.5
004181,0.6 9 6.0 7.9 493.0 293.6
004182,0.9 18 211.4 130.0 280.6 205.6
004183,1.0 14 190.6 84.3 219.5 202.5 1.0 6 1.1 75.5 61.3 125.4 0.9 6 66.3 55.5 459.0 375.1 0.5 6 203.2 54.2 442.6 370.0
004184,0.8 8 111.8 234.6 159.2 302.0 0.9 14 484.3 312.3 499.9 370.7 1.0 14 444.5 300.0 465.1 345.9 0.7 8 250.9 331.1 353.5 375.0
004187,1.0 6 215.9 310.6 299.8 363.6 1.0 6 326.7 327.9 490.9 374.9
004188,0.9 6 67.0 121.6 102.5 170.3 0.9 6 112.6 124.5 146.6 167.3 0.9 7 210.6 2.2 500.2 375.1
004197,0.9 8 236.1 122.2 295.5 208.1 0.9 4 61.2 253.0 90.9 296.9 1.0 14 244.1 18.4 487.5 332.8
004198,0.7 14 302.4 211.2 331.0 251.6 1.0 14 0.6 153.5 33.7 230.1 0.6 14 211.9 146.0 266.3 282.2 0.7 13 0.7 132.4 220.2 501.9 0.8 13 1.1 132.1 290.6 501.8 0.9 14 199.5 121.7 273.4 368.7 1.0 14 147.3 115.9 263.8 462.0
004199,1.0 0 7.8 73.5 495.1 210.8
004202,1.0 11 54.8 159.3 254.5 350.9 1.0 11 270.4 120.4 499.2 361.9
004206,1.0 2 51.5 62.7 377.7 376.9
004207,0.8 14 383.1 173.3 499.5 375.2 1.0 14 142.6 11.9 267.9 374.3
004208,0.9 1 218.3 135.7 257.9 217.2 1.0 14 216.1 95.9 263.5 202.6
004210,0.8 13 209.5 61.3 297.8 115.5 0.6 14 322.3 18.1 422.4 117.6 0.6 14 0.7 23.1 192.8 272.6 0.6 14 4.0 17.2 490.6 284.6 0.9 14 3.0 17.6 486.2 372.0 0.5 10 1.0 98.0 496.5 374.4 0.8 14 320.7 17.5 490.2 120.3
004211,0.6 7 143.3 38.9 220.5 204.8 0.6 4 2.5 1.8 117.1 320.7 0.9 15 79.7 385.3 211.5 496.1 0.6 7 131.3 25.5 362.8 383.6
004213,0.8 13 303.9 195.0 498.8 375.7 1.0 14 0.9 2.3 133.1 374.9 1.0 14 159.8 69.2 344.8 372.3
004214,1.0 13 183.3 98.4 357.3 230.1 1.0 14 215.3 68.0 298.9 207.1 0.6 13 185.8 117.9 363.5 231.7
004216,1.0 6 307.9 192.0 383.4 253.7
004217,1.0 6 1.4 65.2 493.6 290.9
004218,0.9 2 3.8 200.3 73.4 246.1 0.5 8 370.2 131.5 499.3 333.4 0.6 2 321.4 196.3 339.1 219.2 0.7 2 199.2 145.4 229.4 161.6 0.9 2 98.7 183.7 134.1 218.3 0.9 2 145.8 191.3 194.4 236.3 0.9 2 137.6 174.3 176.4 214.7 0.8 2 79.0 208.0 105.4 229.3 0.9 2 205.1 171.7 239.4 220.7
004219,0.6 11 132.8 109.6 229.1 198.4 1.0 14 363.3 68.2 447.6 215.0 0.5 14 246.8 66.9 445.9 255.1 0.5 14 1.0 67.2 116.9 254.5 1.0 14 132.0 63.1 226.3 204.8 1.0 14 0.9 66.5 72.6 198.2 0.6 17 1.2 32.7 276.7 127.0 1.0 14 34.9 71.6 143.1 215.8 0.5 14 0.9 67.2 122.3 254.7 1.0 14 303.4 69.3 377.4 214.9 1.0 14 198.9 72.3 313.6 209.4
004222,0.8 17 352.9 162.7 497.8 284.2 0.5 8 320.1 163.6 367.3 278.4 0.5 17 355.3 160.6 488.4 280.8 0.6 15 146.4 207.6 177.8 253.7 1.0 19 164.9 133.1 210.6 202.6 1.0 15 85.2 166.7 142.2 250.4 0.7 8 1.0 167.9 77.6 275.9 0.9 17 259.5 158.5 362.0 214.8
004225,0.9 3 194.0 1.5 331.4 131.7 0.9 3 0.9 -0.4 284.0 297.6
004226,0.5 7 163.6 54.5 330.4 352.8
004227,0.6 8 253.9 206.5 387.3 351.4 0.7 8 408.0 161.3 498.8 278.3 1.0 8 48.4 267.3 332.7 375.2 0.7 8 53.9 179.1 260.9 315.4 0.8 8 53.5 177.9 262.8 338.0 0.9 8 375.1 194.7 493.4 340.7 0.8 8 287.7 144.2 421.5 327.2 0.7 10 253.7 204.2 492.3 373.9 0.9 8 285.1 142.3 422.8 242.0
004233,0.6 9 71.0 111.6 104.5 151.5 0.8 9 119.3 143.2 416.0 348.8
004234,0.6 9 413.6 62.7 499.7 163.6 0.7 9 0.8 28.7 57.6 199.8 0.6 9 144.7 57.5 338.5 216.9
004235,1.0 18 31.2 56.6 433.0 338.0
004236,0.9 4 80.3 210.2 162.8 332.6 0.9 4 250.7 25.6 276.0 70.0 0.5 4 182.3 30.4 210.0 133.6 0.7 4 212.1 122.5 278.4 334.0 1.0 4 293.2 127.7 373.0 333.1 0.7 4 139.3 114.0 193.1 238.8 0.9 4 182.2 30.3 209.5 86.2 1.0 4 195.4 61.4 226.4 148.2 0.8 4 139.7 127.5 201.2 332.3 0.9 4 145.3 114.5 185.5 186.5 0.6 4 183.5 28.7 209.4 69.6 0.9 4 92.3 149.4 141.9 261.8 0.5 4 141.0 25.4 169.8 108.4 1.0 14 0.9 -0.2 107.8 259.8 1.0 4 152.4 43.1 184.0 110.9 0.8 4 309.3 124.9 357.0 231.5 0.9 4 141.9 114.3 190.9 220.0 0.9 4 94.9 148.8 137.7 220.5 1.0 4 215.6 122.5 268.0 232.3 0.8 4 292.1 178.3 373.4 333.2 0.9 4 246.2 62.6 276.9 154.2 0.5 4 202.9 205.7 282.4 333.0
004238,0.6 13 314.3 30.2 499.6 356.9 1.0 14 5.3 104.5 113.3 358.0 1.0 14 222.6 110.9 338.0 342.6 1.0 14 313.0 20.6 480.7 356.0
004240,1.0 6 69.5 373.6 274.9 462.9 1.0 6 277.0 395.4 333.0 445.7
004243,1.0 13 193.6 165.7 264.2 259.6 0.9 13 373.0 134.1 463.8 195.5 1.0 14 44.5 121.8 89.3 223.6 0.5 13 370.7 133.4 451.5 198.3 1.0 13 304.4 139.1 413.2 234.5 0.9 14 453.4 112.3 476.1 169.4 0.6 14 435.5 117.5 459.9 172.4 1.0 13 452.9 126.3 499.7 179.8 0.9 14 434.9 116.5 457.1 144.9 1.0 13 87.1 167.9 213.2 288.1 0.8 14 407.3 119.1 429.4 164.8 0.9 13 232.5 156.2 327.2 241.8 0.9 14 409.9 118.5 428.9 152.6 0.9 14 456.8 111.4 477.1 142.7 0.9 13 1.4 179.4 105.0 308.1 0.5 13 334.2 139.6 429.9 219.5 0.7 13 336.7 136.0 432.5 216.2 0.7 13 424.4 137.9 465.0 193.1 0.8 14 432.1 117.6 458.7 172.5 0.7 13 266.1 146.3 331.2 240.1
004245,1.0 14 204.7 119.9 277.4 234.4 1.0 6 91.9 163.8 498.4 375.7
004248,1.0 14 235.9 138.1 260.9 169.2 1.0 14 185.5 154.6 240.1 217.1 1.0 14 175.1 242.5 269.0 332.9 0.8 0 3.2 2.0 494.8 331.7 0.6 8 154.5 232.0 273.1 333.4 0.7 14 209.0 137.7 236.1 163.9
004249,0.5 18 120.0 89.4 231.3 133.0 0.7 14 257.7 158.4 299.4 190.2 1.0 6 175.5 162.0 420.2 252.0 1.0 14 209.5 104.5 228.1 156.7 1.0 6 296.4 110.7 344.7 131.4
004250,0.8 8 120.2 104.7 163.6 160.2 0.7 10 72.3 219.4 298.2 334.0 0.9 8 64.5 162.5 120.6 282.6 0.5 17 2.5 85.9 83.3 137.1 0.9 8 64.5 151.7 137.5 277.8 0.9 8 104.3 131.5 150.1 197.5 0.7 8 67.7 150.4 118.6 226.2 0.5 8 53.6 346.1 152.6 435.6 1.0 8 4.2 208.4 76.9 409.5 0.7 8 102.4 134.1 129.0 193.0 0.7 8 90.6 141.7 139.5 216.3 0.8 10 29.7 328.4 359.7 481.7 0.5 17 252.9 99.6 359.9 287.0 0.7 14 162.6 87.9 190.0 116.8 0.6 17 70.9 103.2 359.5 393.2
004251,1.0 2 189.4 73.0 309.1 272.7
004252,0.9 4 387.6 243.1 433.5 331.2 1.0 19 203.8 30.8 292.5 109.1 1.0 7 153.9 226.7 317.7 375.1
004254,1.0 6 0.6 114.2 114.2 205.2 1.0 6 83.2 110.2 466.1 286.9
004260,0.9 19 84.8 77.3 260.8 149.2 1.0 14 89.4 1.6 497.2 280.7
004261,0.7 18 210.1 138.0 267.8 189.7
004262,0.8 8 170.2 226.0 212.9 284.8 1.0 8 156.8 263.7 234.4 357.8 0.7 8 261.2 262.9 303.2 363.6 0.5 19 104.9 2.1 300.9 297.7 0.7 8 182.4 231.8 220.9 267.9
004266,0.7 14 438.4 60.7 499.5 174.3 0.7 12 54.2 66.0 458.4 319.4
004267,0.7 16 14.4 135.8 227.4 252.7
004268,0.8 8 419.4 107.3 499.2 288.7 0.5 8 408.0 110.9 497.4 286.8 1.0 4 145.3 132.0 187.9 284.6 0.8 4 8.1 242.9 82.9 316.9 0.5 14 190.7 151.5 215.9 189.3
004276,1.0 14 268.7 85.0 375.2 354.0 0.8 15 18.5 62.6 56.4 105.1 0.8 14 309.4 38.5 340.3 112.5 1.0 14 85.3 106.3 137.6 241.2 1.0 14 130.9 156.9 247.9 380.8 0.7 8 177.6 355.4 374.7 501.2
004277,0.7 15 0.6 55.7 66.9 371.2 0.8 11 198.2 312.0 312.4 478.1
004278,0.5 0 14.3 200.2 272.5 292.5 1.0 0 15.2 131.1 494.2 290.0
004282,1.0 2 60.0 51.7 453.5 349.6
004285,0.8 14 441.9 135.5 497.6 189.6 0.5 14 434.1 139.1 462.0 172.0 0.8 14 404.5 139.9 436.9 179.4 1.0 14 1.0 58.9 270.9 333.1 1.0 14 241.5 74.9 490.4 331.7
004288,0.8 14 24.3 0.8 218.4 275.3 0.6 14 272.1 1.2 499.1 232.5 1.0 14 24.5 1.8 278.6 374.6 0.8 11 392.5 167.8 487.6 373.8 0.9 14 272.2 0.7 499.7 287.1 0.9 11 200.6 139.1 392.3 374.0 0.9 14 272.6 2.3 499.1 374.6
004289,0.5 8 225.4 78.3 280.1 152.1 0.8 14 366.6 139.0 497.0 375.7 0.7 14 107.4 119.5 153.2 230.9 1.0 14 148.8 82.0 283.0 269.3 0.9 14 1.0 131.1 210.1 374.9 1.0 14 0.9 131.0 134.5 374.8 0.5 1 104.1 215.1 497.0 375.9 1.0 14 211.3 66.4 421.2 374.5 0.9 14 212.8 64.5 494.3 374.6
004290,1.0 6 0.9 212.0 57.5 299.2 0.8 6 0.7 193.8 83.5 255.2 1.0 6 336.3 197.2 418.1 269.2
004294,1.0 14 261.8 75.4 325.3 238.4 1.0 12 144.0 119.9 433.1 302.5
004297,0.9 7 106.6 156.9 307.7 375.8 0.6 7 195.3 156.1 318.8 253.3 1.0 14 204.3 1.3 495.6 321.5
004299,0.6 3 460.0 17.5 490.7 37.4 1.0 3 152.6 7.7 250.4 44.6 1.0 14 273.1 120.6 293.6 176.2
004301,0.8 12 86.7 86.8 302.1 382.4 1.0 14 134.7 43.3 246.8 285.2 0.9 12 84.1 85.9 301.6 466.7
004302,0.5 5 1.2 122.0 231.0 266.3 0.9 5 1.2 119.9 499.0 264.2 0.9 5 302.6 121.8 501.1 263.3
004305,0.8 14 8.6 278.5 22.5 311.0 1.0 6 341.0 274.2 397.6 308.7 0.9 14 295.9 246.1 341.7 287.2 0.6 6 443.5 277.1 469.2 293.9 1.0 5 75.3 177.3 283.0 341.3 1.0 14 296.8 245.9 345.7 359.0 0.9 13 295.1 277.0 340.2 367.9
004306,0.9 11 180.7 32.6 348.2 304.8 0.5 11 197.4 150.2 458.4 359.3 0.7 11 279.4 150.8 460.6 350.7
004308,1.0 7 45.3 130.9 291.9 401.2 1.0 19 169.8 53.4 498.9 359.4 0.9 19 170.6 46.9 498.6 402.1
004309,0.6 14 191.5 78.6 300.8 246.3 0.9 12 268.2 159.9 422.1 375.9 0.8 14 470.5 82.2 499.8 274.9 0.7 14 187.8 79.2 301.7 299.4 0.8 12 95.7 162.4 420.9 375.5
004311,0.8 8 1.3 258.9 156.2 496.4 0.8 4 222.1 151.0 240.3 204.5 0.7 4 351.9 395.1 381.5 496.6 0.7 10 196.8 167.7 457.7 374.7 0.9 15 285.3 121.4 361.4 196.8 1.0 14 71.2 44.4 215.8 488.4 0.5 4 429.4 343.8 489.3 447.1 0.7 10 165.7 366.4 493.2 497.9
004313,1.0 6 13.5 176.9 477.3 424.1
004314,1.0 0 12.4 66.3 488.7 260.9
004316,0.9 7 54.4 195.6 187.3 374.8 1.0 7 88.4 114.6 278.3 294.0 0.6 7 193.6 144.3 281.3 294.1
004317,0.5 14 1.6 223.1 117.8 304.2 0.9 14 139.3 208.1 177.6 297.6 1.0 14 89.5 134.3 162.9 294.9 1.0 14 0.8 154.1 53.6 304.0 0.6 14 14.3 208.1 180.7 298.6 1.0 14 164.8 187.6 251.4 303.0 0.7 11 277.5 251.9 411.2 295.6
004319,0.6 8 0.7 117.2 83.0 196.9 0.8 8 292.5 194.4 482.6 375.6 0.9 8 132.0 102.2 237.3 216.9 0.9 10 0.3 154.0 497.4 375.2
004320,1.0 6 16.9 177.5 44.6 217.3 0.9 6 148.4 166.0 321.9 263.6
004324,0.7 18 91.9 68.3 353.5 188.3 0.9 14 350.2 118.8 372.5 210.3 0.5 18 90.7 69.5 353.4 240.3 0.9 14 350.8 120.1 370.1 178.9 0.7 18 0.8 69.8 412.0 322.8 0.7 18 0.6 64.3 223.6 321.6 0.8 18 91.7 69.2 408.7 243.4
004328,1.0 14 46.6 122.4 141.9 261.3
004330,1.0 14 359.8 53.7 480.5 219.8 1.0 1 301.7 132.7 498.9 263.8
004332,0.6 16 154.8 329.1 298.5 471.4 0.5 16 171.5 328.2 300.3 471.7
004334,0.7 19 262.5 28.4 374.9 203.7 1.0 14 10.4 70.8 179.8 499.8 0.9 14 12.7 64.8 325.4 499.8 0.9 14 101.7 64.6 326.8 500.6
004335,1.0 6 112.2 78.6 368.6 283.8
004336,1.0 14 66.9 42.9 259.1 375.3 1.0 14 249.5 45.0 495.0 375.0
004337,1.0 6 204.6 171.3 288.6 216.4 0.6 6 89.3 170.3 140.7 200.6 1.0 6 15.3 166.9 66.9 193.5 1.0 6 354.2 176.6 499.4 240.6 1.0 6 256.1 171.0 393.3 227.7 1.0 6 121.1 168.3 187.9 204.1 1.0 6 89.2 167.1 145.5 200.4 1.0 6 54.0 167.5 104.1 196.9 1.0 6 156.8 174.2 224.3 211.1
004340,0.9 2 64.2 108.6 227.8 286.2 0.6 2 72.9 76.0 232.8 212.8 0.8 2 112.1 108.3 228.4 214.4 0.7 2 197.7 166.5 356.7 336.3
004342,0.5 19 185.6 168.0 225.6 236.8 1.0 19 46.8 127.5 139.4 254.0 0.6 14 371.6 88.0 499.6 219.3 0.6 14 190.1 109.9 345.4 273.5 1.0 19 0.7 80.8 58.9 250.7 0.7 14 190.0 109.1 347.2 353.4 1.0 14 219.0 95.1 484.3 373.5
004343,0.9 11 82.8 36.7 498.8 313.2
004344,1.0 1 100.6 197.1 202.7 407.5 1.0 14 102.7 139.0 198.7 331.3 0.9 1 100.8 213.3 203.2 406.7
004348,0.6 8 135.6 0.5 293.0 132.2 1.0 4 444.8 57.1 499.7 198.1 0.8 4 464.3 0.2 499.6 63.1 0.6 10 0.2 60.0 498.7 382.2 1.0 4 404.9 45.1 461.8 174.2
004350,0.9 2 194.1 115.4 344.7 276.6 0.7 2 193.0 114.4 497.8 286.4 0.7 2 195.6 115.8 359.9 300.9 0.6 2 193.0 112.9 499.0 374.3
004353,1.0 7 16.4 11.6 495.8 331.1
004355,0.9 4 71.2 308.7 109.2 374.8 0.8 4 374.5 299.0 450.7 375.4 1.0 14 130.5 39.7 257.8 265.1 1.0 4 47.1 299.1 83.8 374.8 1.0 14 1.0 58.9 170.7 289.3 1.0 4 181.5 183.7 223.5 326.9 0.7 10 2.7 246.1 496.1 375.6 1.0 14 238.0 56.1 355.5 281.1 1.0 4 233.3 194.3 277.0 349.6 1.0 14 307.7 53.9 500.2 360.2
004357,0.9 14 485.5 228.5 500.0 300.0 0.9 11 424.9 273.7 497.7 328.3 1.0 14 280.3 200.8 336.5 352.1 0.9 11 270.5 284.5 364.3 347.3 1.0 14 367.5 211.9 429.2 332.5
004358,0.7 1 61.8 230.5 316.1 438.0 0.9 1 32.0 90.1 401.1 437.1
004362,0.8 2 13.9 66.5 227.6 300.1 1.0 2 218.1 193.5 346.9 417.5
004363,0.9 15 29.6 110.5 99.5 187.7 0.8 14 315.7 145.3 360.7 227.4 0.7 14 93.6 115.3 217.8 274.7 0.5 8 192.0 243.8 262.9 316.2 0.9 14 74.5 115.1 220.4 276.9 0.6 8 76.5 192.7 190.3 294.6 0.6 10 1.2 189.2 88.6 281.6 0.6 14 306.7 122.4 451.2 280.0 1.0 14 189.3 122.7 451.5 326.2
004366,1.0 14 180.6 100.6 279.0 300.1 1.0 8 51.9 191.0 208.1 313.6 0.6 19 74.2 68.8 152.0 163.1 1.0 14 231.2 195.4 337.0 317.8
004373,0.5 2 226.4 152.2 285.9 198.4 0.9 2 102.0 159.5 321.2 295.5 0.8 2 108.8 214.9 230.7 296.8 0.5 2 101.1 163.0 285.8 236.2 0.5 2 100.1 154.2 315.2 241.7 1.0 2 1.7 254.6 136.7 343.9 1.0 2 337.0 158.4 497.5 278.6
004374,1.0 3 180.4 174.8 274.2 222.2
004375,0.6 16 112.6 163.6 170.5 220.1 0.8 9 348.2 135.7 399.5 203.7
004377,1.0 0 195.5 233.8 214.5 257.0 0.9 0 198.9 210.0 216.0 227.7 1.0 0 200.5 177.0 219.8 199.6 1.0 0 186.6 288.8 205.9 310.3
004378,0.7 13 248.0 214.4 375.0 440.4 0.6 6 13.3 248.9 242.2 399.9 0.9 14 0.7 101.2 58.4 342.3 0.8 14 0.4 102.0 57.2 500.1 1.0 6 229.7 90.2 375.6 216.9 0.9 14 1.4 105.2 159.6 500.1 0.7 6 50.4 142.8 150.2 181.1 1.0 14 98.6 87.9 273.8 499.9
004381,0.6 14 312.7 24.6 356.6 73.5 0.5 12 287.4 58.3 448.4 309.3 0.7 14 244.5 25.3 367.6 135.6 0.7 12 4.0 103.2 367.2 314.0 0.7 14 232.2 34.3 302.4 213.6 0.8 12 2.1 58.8 370.4 315.6 0.7 14 300.1 24.6 366.7 132.4
004382,1.0 3 129.4 147.8 401.0 215.1
004383,0.7 2 116.6 87.6 303.4 331.4 0.5 2 94.6 72.8 346.6 332.7 0.7 2 161.5 96.2 304.1 297.2
004385,0.7 8 -0.3 14.8 444.3 362.9
004388,1.0 18 98.2 98.1 442.7 253.1
004393,0.9 18 167.2 202.1 305.9 345.4
004394,1.0 2 257.1 89.5 378.8 238.0
004395,1.0 1 127.4 140.2 380.5 297.7 1.0 14 180.0 52.7 334.9 272.7
004398,1.0 0 15.3 97.3 473.1 233.9
004399,0.5 9 165.4 118.5 223.1 217.2 0.9 9 238.4 147.0 364.5 235.9
004400,0.0 0 0.0 0.0 10.0 10.0
004401,0.7 7 175.3 69.2 278.6 186.7
004402,0.9 5 142.4 17.0 499.6 295.6
004403,0.8 2 159.0 28.2 305.7 331.2 0.9 2 160.4 29.0 302.1 261.0
004406,0.7 2 121.6 74.7 421.6 219.7 1.0 2 122.8 74.2 499.2 218.4
004407,0.8 11 1.8 62.3 171.2 487.8
004408,1.0 14 384.6 67.2 499.8 334.4 0.9 14 14.1 19.9 63.6 86.8 0.8 14 102.6 18.3 210.9 303.1 0.6 14 250.5 30.3 329.0 173.7 0.7 14 9.1 19.6 102.0 172.6 0.9 14 105.0 18.0 210.3 167.5 0.9 14 192.8 29.6 328.3 236.6 0.7 13 1.3 9.8 204.2 333.4 0.6 13 1.7 9.6 135.4 331.9 0.9 14 101.2 69.9 405.4 334.8 0.5 13 1.7 11.9 135.7 258.7 0.7 14 110.8 18.4 190.6 95.4 0.6 14 178.2 1.5 224.7 80.2 0.6 14 261.4 31.6 326.0 175.5 0.6 14 283.8 70.8 407.7 334.0
004410,0.7 14 123.8 180.1 160.8 210.7 0.8 14 218.2 20.3 271.0 126.2 1.0 14 149.0 54.9 258.1 221.5 0.6 14 59.3 115.6 106.1 160.7 1.0 14 224.3 19.1 335.7 190.6 0.8 8 197.0 180.8 357.2 375.2 0.6 14 243.0 180.2 464.6 374.8
004412,0.6 6 107.1 87.0 196.3 126.5 0.9 14 84.6 133.3 320.0 374.7 0.6 14 83.2 97.1 461.0 375.5 0.9 13 81.6 97.1 479.9 377.0 1.0 14 238.3 94.4 464.1 374.1
004413,0.9 2 58.9 6.5 463.9 332.4 0.9 2 213.1 90.5 464.0 332.4
004414,0.5 14 176.1 200.3 191.3 235.1 1.0 14 157.5 198.7 172.0 236.0 0.8 18 193.2 112.3 387.3 235.6
004415,0.9 2 32.7 128.2 434.0 215.6
004416,0.9 2 88.8 126.7 345.8 306.1 0.6 2 250.6 131.6 345.2 204.8 0.9 1 37.5 80.5 383.1 315.7 0.7 1 0.6 76.8 495.7 378.1 0.6 2 87.6 125.8 344.1 272.6 0.5 1 1.1 236.2 478.9 376.1
004417,1.0 14 129.5 210.4 195.3 288.1 1.0 14 309.3 84.0 328.1 142.5 1.0 1 183.4 132.4 244.2 174.8 1.0 14 27.5 125.6 47.3 172.9 1.0 14 192.7 111.3 237.2 157.9 1.0 1 130.2 221.5 196.6 325.0
004418,1.0 19 39.7 150.9 176.0 246.0 1.0 14 163.8 239.5 251.3 426.1 0.7 14 163.0 239.8 297.7 428.8
004419,0.6 17 169.0 1.7 496.7 374.1 1.0 11 192.9 119.2 299.6 197.2 1.0 11 194.5 186.0 451.7 375.8
004420,0.5 14 295.2 139.8 498.1 374.6 0.7 14 277.5 139.2 469.8 368.5 0.9 14 21.8 35.9 299.1 296.2 1.0 4 28.6 213.7 117.9 301.3 0.7 8 55.1 0.4 156.1 132.4 0.9 14 1.8 37.3 298.9 352.1 0.9 14 1.1 140.7 470.9 375.3
004422,0.6 4 115.3 264.5 145.2 347.1 0.9 4 381.2 230.6 405.8 283.7 0.8 4 144.1 259.5 171.0 331.4 1.0 4 233.0 81.8 281.8 229.4 0.8 4 384.2 231.4 405.7 271.8 0.9 4 80.7 265.6 109.4 347.6
004425,0.7 2 74.9 28.8 290.0 428.3 1.0 2 73.9 27.5 289.9 394.4
004426,0.9 6 17.3 25.4 90.2 73.9 1.0 6 75.3 9.2 150.2 72.9 1.0 6 38.4 16.7 428.6 318.5
004427,1.0 7 98.5 31.4 265.9 357.3 0.5 14 0.4 1.9 88.4 374.6 0.5 17 149.7 201.1 437.3 375.7
004428,0.5 16 108.1 68.6 217.9 262.5 0.8 16 193.3 73.5 264.6 182.9
004431,0.5 18 50.3 267.8 244.4 418.5
004435,0.9 14 413.3 270.2 499.2 333.3 0.7 4 401.2 308.0 424.7 333.0 1.0 14 301.5 148.7 376.3 332.7 1.0 14 7.2 196.6 186.6 333.8 1.0 14 155.1 43.8 324.9 332.3
004440,0.8 14 85.1 1.5 450.9 334.2 1.0 14 76.4 2.1 455.5 374.7
004442,1.0 6 389.1 243.5 488.1 307.2 0.8 6 330.6 229.8 402.0 260.7
004443,0.7 14 312.6 102.0 330.2 130.2 0.9 8 125.6 138.2 158.4 206.8 0.8 8 105.0 272.9 202.6 333.1 0.6 10 9.6 186.0 492.5 332.8 1.0 2 337.8 139.5 388.6 200.1 0.9 8 156.4 143.9 189.3 207.3 0.7 3 275.5 52.1 399.1 162.4 1.0 2 218.5 138.9 262.4 212.5 0.9 14 287.0 109.8 307.2 131.1
004444,0.7 7 0.1 20.3 399.2 327.0 1.0 7 48.0 18.9 400.2 320.8
004445,0.6 9 444.3 147.0 499.8 259.0 0.8 9 75.5 92.0 171.5 151.5 0.6 9 39.5 130.6 145.1 253.9 0.9 9 233.2 72.8 456.1 224.6 0.5 9 221.2 140.1 270.7 235.7
004447,0.9 1 180.7 257.6 340.4 340.0 1.0 1 429.0 179.5 495.3 240.0 0.8 1 179.9 264.0 303.3 313.6 1.0 14 55.3 138.4 79.6 216.4 1.0 14 72.5 133.8 96.8 219.1 1.0 14 318.1 126.9 356.9 308.6
004448,0.9 13 370.6 59.9 494.2 236.5 0.9 13 459.2 66.2 500.3 217.7 1.0 13 92.9 49.1 272.7 288.5 0.8 13 234.0 58.6 397.0 254.5 0.9 13 235.7 55.8 493.0 247.5
004449,1.0 8 43.2 181.1 199.3 366.5 0.9 8 77.6 114.7 122.3 185.2 0.9 14 47.1 1.0 84.5 95.2 0.9 8 43.0 178.9 98.9 298.5 0.7 8 44.4 219.7 195.5 370.9 1.0 14 93.5 122.7 204.0 340.0 1.0 14 189.8 152.5 292.4 366.5 1.0 14 285.5 80.6 488.1 374.7
004451,1.0 15 1.4 251.4 197.1 374.8 1.0 15 157.7 225.6 237.1 343.0 0.8 8 377.9 0.8 467.3 113.9 1.0 15 34.1 165.2 171.7 259.6 0.6 8 345.9 0.3 465.0 113.1 0.9 8 344.7 0.7 419.0 112.6
004453,1.0 14 41.5 67.3 85.6 221.9 1.0 6 65.8 75.3 415.8 343.0
004454,1.0 14 213.2 96.6 311.0 377.2
004456,1.0 14 162.1 66.5 207.0 113.8 1.0 6 61.7 78.6 465.5 300.6
004458,1.0 6 54.7 166.3 430.0 270.1
004460,0.9 2 1.7 2.3 436.3 374.1
004461,0.8 2 13.7 156.6 387.0 328.9 0.9 2 12.1 39.5 480.1 331.6 0.8 2 12.0 42.8 386.2 331.7 1.0 2 270.3 38.0 480.9 261.5
004462,0.9 2 173.4 55.3 204.5 87.9 0.9 2 454.4 77.6 493.0 117.5 0.6 2 192.9 65.7 221.9 127.6 0.9 2 118.6 56.3 158.6 87.1 1.0 2 352.3 148.8 438.0 239.7 1.0 2 205.8 86.8 289.1 159.1 0.9 2 283.3 293.1 366.4 374.9
004465,0.7 14 84.0 98.9 282.5 357.7 0.5 14 220.2 122.0 323.1 271.4 0.6 17 2.3 106.5 478.7 373.5 0.9 14 219.5 121.0 426.1 351.2 0.6 11 214.2 233.8 339.4 336.5 1.0 14 274.2 121.6 425.5 359.2
004467,0.9 7 91.7 172.1 228.8 308.7 1.0 7 175.8 46.3 392.7 309.2
004469,0.9 8 362.9 76.8 428.1 128.6 0.8 14 311.8 118.2 412.9 301.9 0.6 8 452.2 91.6 493.7 135.0 1.0 14 78.3 106.6 150.2 234.5 0.8 10 162.6 115.0 294.3 194.9 0.8 14 48.3 77.4 104.2 119.4 1.0 14 0.8 103.6 122.9 333.5 1.0 10 36.1 195.1 339.9 376.7 1.0 14 259.0 101.1 385.7 249.5 0.9 14 334.2 12.3 360.6 81.9 1.0 14 240.9 113.0 498.6 375.6
004472,0.6 11 0.6 2.4 376.6 374.5 0.9 11 0.7 2.5 498.7 374.3
004473,0.7 6 208.8 129.5 398.5 207.5 1.0 6 210.2 130.5 431.3 209.1
004475,0.9 14 261.7 373.8 374.4 500.6 1.0 14 316.4 308.2 359.4 405.0 0.7 14 306.5 298.6 324.0 338.4 0.5 14 323.3 306.9 351.9 339.5 0.9 14 358.3 308.3 374.9 354.0 0.9 13 66.8 114.1 338.6 483.6 0.7 13 13.5 116.6 338.2 500.5 0.7 13 103.4 114.6 337.5 426.7
004476,1.0 4 334.1 214.8 378.3 285.9 1.0 4 20.7 221.4 57.2 334.1 1.0 14 337.2 67.7 500.3 375.4 1.0 4 361.7 82.2 403.4 173.9 1.0 14 1.1 104.3 213.6 331.0 0.9 4 55.3 44.9 93.7 112.1 0.6 14 134.6 111.4 433.9 375.5 1.0 14 216.5 113.4 379.2 374.6 0.5 14 218.3 111.8 438.5 375.0 1.0 4 324.9 76.8 356.6 169.8 0.9 4 341.1 14.7 411.1 98.6 0.9 4 331.8 16.6 410.1 172.9
004477,0.6 0 387.0 190.9 498.9 229.6 0.8 0 67.7 197.6 283.5 254.6 0.6 0 70.2 197.6 358.7 253.7
004478,1.0 14 33.4 35.2 57.0 74.2 1.0 6 135.4 36.9 248.6 76.1 0.6 14 0.8 46.2 15.9 79.5 0.9 6 1.5 28.7 142.8 114.5
004480,0.6 14 71.6 10.4 332.5 306.3 0.8 14 1.4 15.2 261.5 479.3 1.0 14 211.7 10.9 304.6 232.4 0.7 14 2.0 35.3 179.0 476.8 0.9 14 0.8 12.1 332.1 484.4 0.7 14 135.1 9.8 333.9 311.1 0.6 1 0.4 297.4 332.6 502.0
004482,0.9 14 95.3 78.4 216.8 322.1 1.0 14 6.6 78.7 214.7 334.1 0.8 14 5.5 82.1 126.8 337.8 0.7 10 1.9 250.8 496.8 376.0 1.0 14 202.6 60.7 373.3 293.4
004483,0.9 18 -0.7 101.5 220.4 336.9 0.8 18 210.7 127.3 443.5 280.2
004485,1.0 14 283.0 72.4 356.2 316.7 1.0 14 415.2 25.7 498.0 316.0 1.0 14 158.0 91.2 245.2 327.6 1.0 14 218.0 67.7 305.1 329.3 1.0 14 86.6 89.5 176.4 333.9 1.0 14 11.4 127.0 145.4 371.4 1.0 14 339.7 34.0 432.5 315.6
004486,1.0 15 94.5 94.5 138.8 151.3 0.7 8 40.8 144.6 134.9 229.1 1.0 15 220.7 125.3 276.2 242.4 0.8 15 156.4 162.7 227.1 245.6 0.7 8 42.5 65.0 136.9 222.5 0.8 8 43.8 64.2 133.3 156.4 0.9 15 147.1 121.8 227.0 244.8
004489,1.0 7 87.3 1.3 326.6 292.8 0.8 1 102.6 100.7 499.3 333.7
004491,0.9 4 418.2 260.5 452.6 311.6 0.6 8 449.6 260.6 499.2 330.2 0.9 14 219.4 131.8 331.9 247.4 1.0 17 156.0 144.4 398.6 359.7 0.8 14 175.3 132.6 333.1 284.4
004492,0.6 6 177.2 0.6 393.3 160.0 0.9 7 76.0 39.7 321.6 368.9
004497,0.9 14 283.6 212.2 329.4 343.7 0.8 14 47.8 250.4 69.2 311.1 0.6 0 51.3 47.8 498.4 337.0
004501,0.9 11 354.0 124.9 498.8 374.5 0.9 11 32.6 219.5 229.7 340.3 0.9 11 188.0 191.3 384.0 361.1
004503,0.6 2 129.6 72.5 379.3 243.9 0.9 2 137.5 75.2 348.2 302.1 0.9 2 220.3 106.6 339.2 259.3
004504,0.7 4 390.3 87.8 430.8 204.3 0.7 4 360.3 89.5 428.7 202.0 0.9 4 359.4 23.0 435.9 217.2 0.9 4 262.7 72.0 315.2 175.1 1.0 7 1.2 72.5 213.5 326.1 0.8 4 359.4 89.8 423.8 209.3
004505,0.8 18 0.6 13.0 497.9 305.9 0.9 18 -0.8 14.4 326.5 303.0 0.6 18 -1.5 13.7 397.3 301.8 0.8 14 252.6 160.9 277.4 231.0
004506,0.8 8 95.7 174.0 287.2 458.3 0.6 8 1.6 1.5 372.7 452.7
004511,1.0 7 13.5 1.1 270.2 236.5
004513,0.7 2 236.6 168.2 264.5 183.2
004515,0.9 14 13.8 0.1 361.6 471.2 0.9 7 2.0 115.5 353.8 341.0
004516,0.9 14 216.4 82.3 262.1 133.3 1.0 14 315.4 181.1 379.5 332.4 0.7 14 192.7 83.0 262.2 188.4 1.0 14 233.6 127.2 328.0 332.4 1.0 14 328.7 87.6 434.8 332.1 0.9 14 328.0 87.8 491.4 332.0
004521,0.7 6 175.6 196.2 192.4 209.1 1.0 6 153.2 195.9 175.4 212.5 1.0 6 241.9 196.1 274.5 214.3
004522,0.6 12 233.2 188.4 399.8 322.8
004523,0.5 14 394.4 114.9 437.3 168.5 0.9 14 368.7 174.5 462.4 375.1 0.7 14 459.5 149.8 499.6 375.6 1.0 14 10.3 135.9 63.3 229.2 1.0 14 142.4 94.9 241.0 369.9 0.8 14 0.8 128.3 30.0 373.9 1.0 1 9.9 184.9 94.8 239.6 0.9 14 12.8 134.9 70.9 196.4 0.9 14 358.0 118.5 434.3 266.5 1.0 14 266.1 116.8 346.9 374.4 1.0 14 359.6 118.3 450.3 374.9
004525,0.6 4 117.1 282.0 170.4 333.8 0.6 8 406.1 1.2 499.3 162.6 0.6 8 368.1 0.3 497.7 113.8 0.9 10 44.8 1.1 488.1 333.4 0.9 4 419.0 255.9 494.2 333.9
004529,0.6 2 10.3 5.1 111.1 181.6 0.8 2 235.3 49.8 483.2 204.8
004531,0.8 7 1.2 2.5 438.9 395.3 0.9 7 116.7 3.4 439.4 394.6
004533,1.0 0 192.3 189.2 307.7 235.9
004534,0.9 8 405.7 266.7 498.7 375.1 1.0 1 352.8 199.3 404.9 230.9 0.7 14 453.4 187.1 473.2 218.4 1.0 14 197.3 185.6 224.6 241.1 0.9 14 364.0 171.4 389.4 223.3
004536,0.9 13 370.9 285.9 499.5 374.9 0.7 14 120.5 183.8 393.1 274.6 0.7 14 123.1 160.0 426.3 273.8 1.0 14 310.5 117.3 362.4 168.3
004538,0.8 12 41.2 78.7 404.2 309.1 1.0 14 213.8 36.9 313.8 228.0 1.0 12 40.6 76.4 402.9 368.0
004541,0.7 6 7.8 59.4 209.4 314.0 0.7 5 225.7 60.0 497.1 309.1
004543,0.9 6 468.7 66.5 499.9 100.2 1.0 6 15.8 45.8 328.8 305.9 1.0 6 223.5 39.0 500.0 236.4
004545,1.0 6 2.2 105.9 130.0 199.2 1.0 14 271.9 14.1 353.7 237.1 0.6 11 142.5 205.2 197.3 345.5 1.0 12 214.5 75.2 424.1 374.5 1.0 14 429.6 124.4 450.0 180.0
004546,0.6 8 172.5 41.3 236.7 102.8 0.5 4 235.3 2.0 299.8 81.1 0.7 4 52.7 0.6 128.6 46.2 1.0 4 153.8 202.5 216.8 376.1 0.9 4 90.8 24.1 177.1 96.7 1.0 4 49.7 153.9 150.5 376.5
004547,1.0 14 289.4 100.7 384.2 345.0 1.0 1 268.5 225.8 375.4 374.8
004550,1.0 2 180.9 133.6 261.2 223.3
004554,0.9 6 79.7 16.6 474.8 276.9
004556,1.0 0 1.9 43.5 498.0 273.9
004557,1.0 14 33.1 2.1 497.3 374.4
004559,0.7 8 298.9 204.6 330.1 252.8 0.5 8 279.1 242.1 356.0 327.1 0.9 8 271.0 229.0 308.0 327.1 0.8 8 413.3 210.7 448.9 274.4 0.9 6 122.1 172.4 161.6 208.5 0.6 14 367.0 227.7 383.7 264.0 0.7 8 439.0 225.3 482.6 275.4 0.6 8 477.3 206.6 500.0 277.1 0.9 10 309.7 262.7 500.5 327.5 0.5 8 293.5 227.2 374.2 327.0
004560,1.0 6 1.0 62.4 84.6 114.8 0.5 14 157.1 116.5 186.5 150.2 1.0 6 102.2 74.5 175.9 114.3 1.0 6 11.4 99.7 486.1 246.3 1.0 6 201.6 73.1 456.6 155.0
004561,0.5 12 255.8 274.0 443.7 375.8 0.9 12 31.4 277.9 443.9 376.1 0.8 14 188.8 152.4 314.4 325.0
004564,0.7 12 91.6 127.2 221.6 454.3 1.0 14 84.7 89.0 183.4 359.0 0.8 12 88.8 127.4 258.2 455.8 0.8 14 83.0 88.5 264.1 357.4
004567,0.9 7 217.1 90.8 363.3 233.3 1.0 17 92.0 152.8 394.7 375.0 1.0 4 311.8 265.4 328.8 315.4
004568,0.7 13 0.4 1.6 498.6 312.3 1.0 14 0.6 22.5 125.8 300.1 0.9 13 68.9 0.9 500.4 308.8
004569,0.9 11 0.6 2.7 271.7 499.5 0.9 14 1.0 0.4 316.5 495.0
004572,1.0 0 237.2 243.2 274.5 295.7
004573,0.9 3 187.9 144.4 290.0 171.3 1.0 14 199.8 136.5 225.3 167.1 1.0 14 269.5 120.9 291.5 155.0
004575,0.9 17 252.4 203.1 449.3 339.9
004577,1.0 7 78.8 69.8 292.8 232.6 1.0 7 257.5 84.9 427.3 273.3
004578,1.0 6 424.0 185.0 499.6 226.6 0.6 15 61.1 227.6 85.4 268.1 0.8 5 170.5 120.4 302.8 274.3
004580,0.6 14 341.1 237.9 457.5 499.3 1.0 6 339.4 268.3 384.5 323.1 1.0 6 150.1 259.6 177.3 316.1 1.0 6 180.2 249.4 242.6 330.6 0.9 5 0.1 101.1 162.8 440.0 1.0 14 180.2 238.3 335.0 499.4 1.0 14 341.6 237.9 493.9 500.4
004582,0.5 16 0.4 0.9 181.1 288.9 0.9 16 72.0 89.8 178.4 340.9 0.9 16 159.9 48.4 423.0 300.9 0.9 16 221.2 144.5 475.5 360.6 0.5 16 226.6 13.6 375.0 64.2
004583,0.6 2 296.0 195.2 359.6 248.1 0.9 2 293.8 194.9 354.7 280.8 0.6 2 297.4 196.0 334.2 280.6
004586,1.0 6 6.4 206.6 490.3 364.5
004589,0.8 14 216.0 48.0 309.9 184.0 0.7 12 63.6 31.6 392.6 277.1 0.7 12 154.1 33.7 395.1 262.6
004590,1.0 14 273.4 70.4 365.0 221.5 1.0 14 343.9 103.3 399.3 222.1 1.0 14 44.9 0.7 126.3 140.3 0.6 14 202.6 12.8 360.9 158.8 0.7 14 44.0 1.4 124.4 167.1 1.0 14 0.4 29.4 71.3 216.3 0.5 14 203.0 22.6 362.0 199.4 0.9 14 200.4 23.4 350.2 164.8 0.8 14 202.9 23.8 302.2 168.1
004593,0.6 9 222.3 39.6 379.1 367.4
004594,0.9 6 129.6 0.6 265.3 44.9
004596,0.5 6 0.7 3.4 380.9 499.6 0.9 7 4.5 206.4 354.6 366.7 0.7 7 3.8 210.0 220.4 362.5 0.8 7 100.1 208.5 348.6 345.6
004598,1.0 14 173.9 68.7 282.2 333.0 1.0 14 350.1 39.0 499.3 332.9 0.6 14 439.7 73.0 499.3 163.0 0.6 14 424.6 72.2 499.5 332.9 0.8 14 2.3 78.1 55.2 167.8 1.0 14 125.3 56.5 236.5 333.7 0.6 14 0.5 77.5 58.8 332.8 1.0 14 7.8 50.4 160.1 333.0 0.8 14 258.7 70.3 361.4 333.1 1.0 14 235.4 68.7 361.8 333.0 0.9 14 47.3 72.6 81.8 101.0 0.9 14 271.6 38.3 496.2 332.9
004599,1.0 4 130.0 20.8 234.8 457.6 1.0 4 304.3 103.7 343.0 257.3 0.7 14 187.9 0.3 357.0 183.4 0.9 14 1.4 0.9 148.0 279.7 1.0 14 188.2 0.2 312.4 181.8
004602,1.0 6 57.0 134.9 481.1 272.0
004603,0.7 18 36.1 147.9 149.3 221.3 0.8 18 153.0 141.1 352.5 226.5 0.6 18 0.7 147.7 150.3 221.2 0.8 18 1.5 141.3 358.1 225.4
004608,0.9 9 115.4 49.8 339.0 311.4
004610,0.8 16 127.8 57.9 261.5 113.3 0.5 16 414.0 120.4 487.6 257.6 0.6 16 48.2 138.3 305.7 332.4 0.8 16 48.7 137.7 237.2 332.2 0.6 16 126.6 58.8 279.2 160.6 0.7 16 218.5 4.2 378.4 106.0 0.5 16 212.5 147.7 304.7 257.9 0.6 16 259.7 6.4 377.7 107.8
004613,0.5 2 308.5 337.2 418.3 375.2
004614,1.0 2 140.2 144.0 305.1 295.5 0.8 2 239.3 278.6 498.9 368.6
004615,1.0 6 321.2 388.6 374.8 453.2
004616,0.6 13 2.0 17.9 150.4 202.8 0.8 13 11.7 7.3 492.7 374.5
004617,0.9 16 139.2 182.5 239.9 255.7 0.9 16 335.4 127.9 423.2 185.3 0.9 16 326.2 205.0 382.1 253.4
004619,0.9 14 179.1 84.4 498.2 333.6 1.0 14 253.8 84.2 499.5 332.8
004620,0.9 11 144.8 64.7 498.3 232.0
004621,0.6 4 270.3 159.9 339.0 274.6 0.6 11 115.5 98.8 495.8 376.2
004624,0.0 0 0.0 0.0 10.0 10.0
004629,0.8 14 19.1 160.2 35.0 191.7 1.0 12 207.5 113.7 301.9 267.8 0.8 12 308.9 130.5 437.5 269.8 1.0 14 304.4 119.8 341.2 268.6 0.9 12 369.2 131.4 433.9 264.9 0.9 14 4.9 140.5 23.7 170.8 1.0 14 330.7 79.3 386.9 146.1 0.6 14 35.9 161.4 53.8 186.6 1.0 14 205.8 69.0 269.9 215.7 1.0 14 94.5 59.7 151.5 214.5 1.0 12 56.1 104.1 211.9 273.4 0.7 14 469.4 157.3 491.9 174.0 1.0 14 335.5 120.3 382.9 273.9 0.9 14 208.5 68.8 257.9 150.9
004633,0.0 0 0.0 0.0 10.0 10.0
004635,0.8 9 228.8 129.8 390.6 226.8
004637,1.0 1 15.2 180.2 108.7 304.5 1.0 14 18.6 80.8 109.6 264.9 1.0 14 275.0 117.9 358.6 261.4 1.0 1 258.2 185.2 375.9 303.4
004638,1.0 18 73.0 8.3 476.9 153.8
004639,1.0 14 282.7 8.7 476.1 499.1
004640,1.0 8 0.5 261.5 158.8 375.3 1.0 4 213.8 130.5 233.8 192.2 0.6 14 27.7 85.4 135.5 217.2 0.9 8 257.6 237.7 499.7 375.8 0.5 4 255.1 135.0 273.2 179.2 1.0 4 240.1 139.0 263.2 211.1 1.0 4 189.1 111.7 206.7 168.8 1.0 14 223.2 67.1 282.2 145.4 0.6 14 24.8 84.7 179.5 339.4 0.9 4 242.5 134.8 260.7 184.8 0.6 4 214.8 129.1 232.5 175.0 1.0 14 80.8 57.8 149.2 127.6 0.6 14 23.8 84.3 217.7 335.9 1.0 14 1.0 61.2 35.0 142.3 0.8 14 0.3 66.9 153.0 360.5 1.0 10 45.3 110.2 458.6 375.1 1.0 14 24.5 84.9 148.8 322.0 1.0 4 143.2 102.4 160.9 155.8 0.9 8 404.1 236.5 499.2 375.7 0.6 14 262.1 62.4 343.9 188.8 0.6 4 240.5 136.2 260.5 204.5 1.0 14 326.5 64.2 427.4 204.4 0.9 4 253.2 134.8 270.6 175.1 0.9 4 241.0 136.1 261.2 203.3 1.0 14 249.2 62.8 499.7 375.5 1.0 14 265.4 61.3 345.7 162.2
004641,1.0 14 190.0 2.2 349.9 306.4 1.0 13 79.8 72.3 480.7 360.7
004642,0.6 16 248.7 156.6 436.3 316.5 0.9 14 106.2 39.3 397.9 306.2 0.6 16 247.1 156.9 455.1 323.9
004645,1.0 0 3.1 120.4 497.4 249.9
004646,0.9 16 161.8 187.0 224.9 274.4
004650,0.6 6 414.7 99.0 499.6 234.3 1.0 14 148.3 95.3 274.8 337.8 0.9 13 44.9 70.8 229.6 291.7 0.8 13 44.6 66.1 483.5 321.0 1.0 13 253.5 120.8 481.9 319.3
004657,0.6 6 166.8 25.1 207.4 38.1 0.6 18 88.8 0.9 499.0 312.8
004658,1.0 7 132.1 161.7 190.7 292.9
004659,0.7 8 1.0 211.5 72.9 358.1 1.0 17 105.0 205.7 429.3 367.5 0.5 17 167.5 205.7 427.8 367.9 0.7 15 160.8 272.3 303.8 374.6
004661,0.8 14 10.6 86.3 494.3 375.3 0.9 14 263.2 88.0 497.4 294.3 0.7 14 117.7 87.2 496.9 375.6
004663,0.7 18 178.3 169.5 400.2 258.5 0.9 18 174.5 148.5 398.4 257.9
004664,0.5 15 146.0 65.3 242.7 469.5 0.7 19 14.1 353.9 64.1 476.8 0.8 19 52.2 334.4 139.2 480.7
004665,0.9 14 201.5 192.1 228.3 229.9 1.0 3 94.5 112.5 280.7 190.6 0.9 3 198.2 214.6 261.4 243.9
004666,1.0 14 241.3 191.3 272.0 261.4 0.6 14 298.5 180.8 318.7 254.1 1.0 14 167.9 193.5 199.5 298.3 1.0 14 469.5 174.0 494.4 247.1 1.0 14 441.3 174.7 476.7 252.0 1.0 14 272.3 193.4 292.7 256.9 0.9 14 270.1 191.7 290.6 251.0 1.0 5 21.0 122.2 338.1 276.1 1.0 14 207.2 194.3 234.2 291.7 0.9 6 331.0 164.4 438.4 255.3 0.9 6 299.3 164.7 424.6 273.1 0.7 14 300.3 180.1 319.5 225.4
004667,1.0 14 353.9 21.5 425.5 216.8 1.0 6 0.3 92.5 273.5 290.7 0.5 6 239.9 75.4 476.0 319.2 1.0 6 238.6 74.3 496.1 317.9 1.0 14 314.5 14.6 499.4 399.3
004668,0.6 8 1.5 126.8 242.1 372.4 0.8 8 2.1 126.4 288.4 375.0 1.0 14 34.9 92.8 211.2 318.8 0.9 8 288.8 132.5 497.1 374.8 1.0 14 357.4 125.0 495.9 328.7
004669,0.9 16 145.7 184.1 218.0 236.2 0.8 16 233.0 188.8 315.8 238.3
004670,0.9 2 305.2 222.7 392.7 276.0
004677,1.0 8 112.5 206.6 232.8 449.2 0.7 7 156.8 198.6 213.3 295.5 0.9 17 215.3 207.3 374.7 356.8
004678,0.6 2 46.0 46.5 106.8 103.9 0.6 2 104.1 45.6 180.8 104.0
004680,1.0 0 107.2 154.5 349.7 254.9
004681,0.5 18 441.3 152.2 499.1 248.1 1.0 18 182.2 122.1 498.6 253.5
004684,0.9 18 0.7 -0.5 153.8 143.9 1.0 6 127.9 75.1 460.7 333.0
004688,1.0 6 0.3 63.0 467.0 334.6
004690,0.7 19 60.0 267.4 181.2 346.9 1.0 14 162.6 56.5 326.0 442.4 0.9 19 85.5 0.2 365.1 175.5
004695,0.7 17 323.8 216.4 499.0 349.6
004696,0.5 12 179.0 75.4 300.6 191.5
004697,0.9 14 453.3 1.0 499.7 158.8 0.9 14 0.9 0.4 50.9 123.5 1.0 6 80.3 2.8 428.5 291.9 1.0 14 387.3 0.5 463.4 149.3
004698,0.8 8 16.0 154.6 76.4 192.9 0.6 14 382.5 140.3 404.6 171.8 0.9 14 409.0 136.9 444.0 174.1 0.7 14 408.6 137.4 445.8 229.3 0.9 14 359.0 140.5 386.2 172.3 0.9 14 381.4 141.7 408.9 175.3 0.5 13 317.5 164.4 357.0 215.3 0.7 14 162.5 5.9 323.7 272.6 0.7 14 161.7 31.3 320.1 273.8 0.5 14 353.7 141.0 402.4 221.7 0.7 14 461.4 141.9 499.5 238.2 0.9 13 384.1 171.9 441.3 229.4 0.8 14 246.7 5.5 324.0 272.7 0.5 14 325.5 141.4 363.8 182.9 0.9 14 321.2 142.6 364.5 212.3
004700,1.0 7 105.4 241.2 249.6 374.8 0.9 1 1.2 12.6 370.4 392.5
004703,1.0 14 204.8 82.7 343.5 411.2 1.0 1 196.2 213.5 383.1 422.4
004704,0.8 7 59.3 43.1 265.6 209.7 0.9 14 45.3 143.9 341.1 365.4 0.9 14 1.5 145.4 340.7 397.2 0.8 7 61.5 43.6 266.6 108.2
004709,1.0 14 1.0 65.0 423.4 375.2 0.8 14 450.9 323.4 499.5 375.2 0.6 14 189.9 66.2 421.9 375.5
004711,0.6 18 207.5 112.3 330.6 243.8 1.0 18 208.8 111.5 442.7 242.0
004712,0.7 15 402.0 1.7 499.8 268.2 0.8 8 81.2 191.1 139.8 374.9 1.0 14 97.9 108.0 385.6 376.1 0.9 14 339.1 104.9 385.4 238.1 1.0 8 175.9 134.0 225.8 223.9 0.9 8 208.5 132.5 247.9 254.0
004713,1.0 14 66.2 2.3 496.3 374.5
004716,0.9 19 27.9 137.0 196.2 282.4 1.0 14 209.6 4.1 401.7 329.7 0.7 14 211.5 3.3 490.2 330.3
004717,0.5 8 1.6 366.7 177.8 500.5 1.0 4 245.9 173.0 260.9 227.4 0.5 8 308.7 325.0 373.5 423.9 0.6 4 240.4 175.7 254.0 227.8 0.6 14 151.3 2.4 247.4 148.6 0.5 10 79.7 180.6 321.0 407.3 0.9 4 138.9 184.6 153.5 229.6 1.0 19 166.2 285.9 273.7 383.2 1.0 4 231.9 177.5 246.7 229.9
004720,0.8 8 123.4 199.9 337.6 358.2 0.9 4 153.1 154.5 168.7 191.3 1.0 7 241.9 146.3 317.4 228.6
004721,1.0 14 205.1 128.1 296.1 322.6 0.9 4 309.6 292.7 331.3 334.1 1.0 4 153.8 245.5 183.4 334.1 0.7 14 254.4 120.5 386.4 326.8 1.0 14 110.3 123.4 238.9 312.2 0.8 14 231.5 119.5 360.5 323.5
004724,0.8 5 72.3 80.8 434.6 255.2
004725,0.9 14 264.5 0.7 309.5 77.5 0.9 14 420.1 67.8 499.6 375.4 0.5 14 23.5 0.6 58.3 60.0 0.5 14 383.0 -0.9 426.4 122.6 0.7 13 292.1 41.0 369.0 149.7 0.5 14 418.5 66.7 499.8 221.9 0.9 14 355.1 -0.6 392.3 143.3 0.9 14 424.2 1.0 465.0 106.0 0.8 14 118.3 0.8 173.3 54.7 1.0 14 374.1 0.8 428.6 155.4 1.0 14 199.5 0.6 286.0 112.2 0.8 13 1.8 54.8 246.2 255.0 1.0 14 187.4 85.0 379.4 338.8 0.9 14 129.1 25.9 181.2 78.7 0.8 13 2.4 170.2 474.9 376.0 0.8 14 340.9 0.6 372.9 44.4
004726,1.0 14 1.1 27.6 303.5 375.3 1.0 14 272.4 52.4 500.4 374.2
004728,0.9 14 447.2 199.5 469.7 224.0 0.7 3 227.7 166.1 339.3 227.8 0.6 3 13.9 200.4 117.1 228.8 0.9 3 226.3 192.7 340.3 227.6
004729,1.0 13 9.6 65.7 379.8 334.4
004730,0.0 0 0.0 0.0 10.0 10.0
004731,0.6 18 189.2 47.6 499.5 378.0 0.7 8 364.1 251.5 484.4 388.8 0.9 14 202.3 20.3 240.1 118.8 1.0 6 399.3 47.5 499.2 107.3 0.6 6 201.2 51.4 385.1 210.0 1.0 14 117.9 4.6 161.1 120.1 1.0 14 141.9 175.8 293.6 436.7 0.7 18 246.8 53.3 500.1 378.4
004733,0.9 4 243.7 130.0 307.0 311.4
004734,1.0 6 53.0 43.8 407.7 230.5
004736,0.9 7 95.3 42.2 285.7 471.6 0.8 7 119.2 41.8 259.6 470.6 0.6 7 101.0 42.7 254.9 470.0
004738,0.7 13 102.8 282.9 326.1 432.3 0.8 13 162.4 284.2 326.4 432.2
004739,0.6 14 251.2 168.0 374.4 499.5 0.6 14 2.3 155.1 227.1 500.5 1.0 4 211.4 253.2 241.1 333.9 0.5 14 188.6 191.8 255.9 358.3 1.0 14 66.2 154.2 231.6 499.8 0.6 14 85.0 153.6 225.9 497.5 0.8 14 192.2 190.0 310.4 366.1 0.8 14 186.1 191.3 256.2 398.0 0.7 14 246.7 166.9 374.6 414.2 0.7 14 195.4 180.7 324.9 500.2 0.7 14 190.6 190.8 256.3 288.4 1.0 14 211.0 166.4 373.7 500.0
004740,1.0 14 377.3 96.4 499.7 289.8 0.7 14 1.8 115.7 170.9 374.8 0.6 14 396.0 96.6 499.1 285.4 0.5 14 139.6 199.5 218.5 282.5 0.7 14 78.7 115.0 171.9 289.1 0.6 14 89.4 263.0 269.8 375.3 0.6 14 0.8 126.2 34.6 211.1 0.5 14 320.4 139.7 405.1 270.9 1.0 14 176.2 118.1 257.9 208.6 1.0 14 1.2 117.9 132.2 375.8 1.0 10 88.3 236.9 499.2 375.1 0.7 14 323.4 140.3 403.8 244.0 1.0 14 297.6 139.4 404.6 243.8
004741,0.9 9 242.5 94.5 369.7 182.6 0.8 9 136.3 117.1 209.8 197.7 0.8 9 215.1 93.1 369.7 181.5
004744,0.9 8 175.9 153.0 324.8 265.0 1.0 14 1.6 23.8 246.7 333.0 1.0 14 282.9 49.9 483.6 241.7 0.7 14 278.4 51.1 493.0 330.3
004745,1.0 14 439.4 87.3 477.2 198.4 1.0 14 72.1 47.0 118.6 110.3 0.9 14 377.6 92.1 396.5 125.4 0.9 14 395.2 87.8 427.8 127.3 1.0 6 36.7 46.8 429.3 310.4 1.0 14 395.4 88.6 428.4 144.1
004749,1.0 14 118.0 25.1 181.6 145.8 1.0 12 81.4 46.6 215.0 233.2
004751,1.0 18 20.5 108.8 459.7 218.6
004752,0.6 0 104.1 73.0 178.9 135.1
004755,1.0 6 157.9 170.9 442.5 250.9 0.9 6 325.2 172.4 442.9 250.8 0.6 14 466.3 81.5 481.9 114.5 0.6 14 301.6 175.8 328.4 206.3
004756,1.0 12 198.0 111.2 318.8 249.6 1.0 14 222.2 84.3 313.5 243.4
004757,1.0 2 58.1 50.4 129.9 105.3 1.0 2 289.9 116.2 453.4 340.4
004758,1.0 11 41.3 48.7 130.4 307.2
004759,1.0 7 13.3 2.0 496.6 356.9 0.9 7 84.1 5.8 498.3 352.1
004762,0.9 14 401.5 110.4 421.7 128.8 0.8 14 364.2 109.6 382.1 129.6 1.0 6 460.6 145.6 493.3 166.7 0.7 5 65.1 65.2 464.3 254.1 0.6 14 295.9 112.3 320.2 131.7
004763,0.8 4 106.6 66.9 204.4 290.8 0.9 6 1.3 0.5 192.9 46.4 1.0 1 281.8 29.8 478.4 345.6
004764,0.8 6 317.4 244.9 349.6 262.8 1.0 6 4.6 250.5 45.0 287.4 0.8 6 257.0 245.5 283.6 262.6 1.0 6 65.6 234.7 185.3 327.4
004765,1.0 1 68.6 234.5 228.6 499.6 0.6 14 25.3 10.3 204.3 347.6 0.9 1 35.7 231.1 224.7 501.0 1.0 14 23.3 8.6 280.6 497.2 0.7 1 38.3 232.3 279.3 500.4 0.7 1 40.7 235.3 282.1 500.6
004766,0.7 13 363.2 180.5 499.5 375.9 0.9 14 0.9 48.0 61.3 224.1 0.6 13 365.0 191.2 499.1 375.9 0.8 14 351.0 168.8 441.4 359.3 0.7 14 197.8 9.2 411.8 374.9 0.9 14 353.1 167.8 436.5 258.0 0.9 14 0.2 45.2 61.5 375.4 0.8 14 351.0 167.1 436.8 304.1 1.0 14 224.7 16.8 376.0 374.7
004767,1.0 11 0.2 83.1 419.3 375.7 0.8 8 378.0 27.9 445.5 149.4 0.8 8 283.0 52.7 363.3 172.6
004769,0.9 14 353.4 233.9 404.0 362.7 0.9 14 395.7 239.1 437.7 322.5 0.6 19 182.8 33.1 287.5 120.3 1.0 14 72.0 55.1 177.6 361.9 0.8 14 355.7 236.4 400.0 322.7 1.0 1 204.9 186.8 498.5 375.9
004771,1.0 14 18.2 352.9 152.8 500.0 0.8 14 16.5 357.6 90.2 499.5 1.0 14 38.3 133.1 119.0 325.4 1.0 14 109.3 78.2 307.2 406.9 0.7 14 42.8 130.3 119.0 213.3 1.0 14 0.5 121.2 78.2 500.8 0.7 14 110.0 78.1 305.6 499.6 1.0 14 273.6 148.3 363.7 334.1 1.0 14 225.6 329.0 365.8 500.5
004772,0.9 9 55.0 137.6 400.4 253.3
004774,0.7 16 41.4 103.9 208.5 293.3
004775,0.0 0 0.0 0.0 10.0 10.0
004778,0.7 14 2.1 1.9 496.5 328.7
004780,1.0 15 109.8 388.5 139.8 446.3 0.8 13 298.2 398.6 352.7 459.4 1.0 15 41.7 384.8 69.9 430.5 1.0 6 158.0 380.0 260.5 453.8
004781,0.6 8 3.0 220.4 97.3 323.9 0.8 19 85.0 121.5 129.5 171.7 0.9 8 1.1 184.1 90.3 324.2 1.0 19 349.0 125.3 450.1 201.6 0.6 19 444.3 134.2 499.4 215.6 0.7 19 391.1 69.6 441.1 135.1 0.9 19 50.5 70.5 92.7 104.6 0.5 19 46.5 118.8 126.4 172.3 1.0 8 202.6 199.6 321.1 332.2 0.5 19 42.2 120.1 86.5 168.4
004784,0.8 0 194.1 126.0 247.9 242.9
004787,0.9 11 125.5 21.3 430.1 320.3 0.8 11 127.1 21.5 499.6 374.9 0.6 11 127.4 20.6 499.8 324.0
004791,0.8 14 104.1 0.2 176.1 112.0 1.0 14 28.9 -0.0 122.9 195.6 0.7 14 282.9 1.2 372.3 118.5 0.9 14 226.1 9.9 298.1 231.0 0.9 8 72.7 99.8 154.8 275.6 0.8 11 150.3 161.8 253.9 298.4 0.6 14 224.6 9.9 297.8 188.9 0.8 14 179.7 49.7 267.4 252.9 0.6 14 117.9 50.8 269.8 251.3 0.7 14 118.4 50.3 333.9 300.7 0.7 11 120.3 73.7 255.5 256.5 0.8 14 170.5 49.3 270.5 299.9 1.0 14 284.8 3.3 397.0 245.0 0.9 14 225.6 9.6 297.2 114.3
004795,0.8 9 178.1 208.2 357.7 351.3 1.0 14 229.5 124.2 300.6 293.8
004798,0.0 0 0.0 0.0 10.0 10.0
004800,1.0 14 157.7 19.3 261.3 201.2 1.0 13 39.3 42.7 288.1 202.4 1.0 6 232.8 0.8 500.4 102.2
004802,1.0 5 11.8 95.8 432.9 209.2
004803,1.0 14 139.6 39.3 311.5 214.2 1.0 12 122.8 86.0 293.2 307.5
004804,0.9 14 94.1 54.8 129.5 110.7 0.6 6 1.0 67.7 88.3 157.1 1.0 14 159.5 69.0 218.0 114.7 0.9 6 219.5 30.4 267.7 121.8 0.7 12 40.7 119.2 133.0 263.3 0.6 12 41.9 146.1 119.4 262.4 0.7 14 166.8 67.9 221.5 209.7 0.6 12 125.8 108.7 263.9 215.8
004806,0.6 14 336.5 117.4 365.0 193.0 0.6 14 203.3 206.0 220.8 223.6 1.0 6 44.1 197.0 316.8 296.2 1.0 14 176.5 202.5 208.3 228.5 0.9 14 217.5 203.2 239.2 223.1 0.7 14 238.5 204.5 259.7 219.9
004807,1.0 14 142.7 134.6 256.0 328.1 0.7 11 121.3 23.9 391.6 300.1
004809,1.0 7 71.6 1.9 319.6 335.8
004810,1.0 6 173.0 224.8 249.4 285.4 1.0 14 391.6 214.3 415.2 284.9 1.0 14 358.9 217.6 380.6 282.0 0.5 5 257.1 176.4 311.4 239.4 1.0 6 6.8 238.5 177.2 343.6 0.7 14 109.5 204.0 122.7 237.8 0.9 6 110.7 238.6 177.7 328.8 0.5 6 8.5 239.9 136.1 345.6 0.7 14 122.0 205.8 135.9 237.8 1.0 14 412.4 221.0 443.9 298.5 1.0 6 238.4 219.5 281.3 260.3 0.7 5 260.4 200.9 308.5 240.9
004811,0.7 14 153.9 11.6 286.1 456.0 0.9 14 169.6 12.7 284.0 456.1 1.0 1 83.8 197.7 374.7 387.1
004813,1.0 8 142.1 135.6 228.1 272.2 1.0 8 65.2 192.7 145.2 299.4 0.8 17 291.2 191.4 498.7 374.9 1.0 8 223.8 185.5 328.7 298.2
004817,0.0 0 0.0 0.0 10.0 10.0
004819,1.0 14 94.4 130.7 182.0 228.1 0.9 4 171.1 206.5 185.0 244.8 0.6 14 81.0 143.5 124.3 223.6 0.7 4 158.7 185.8 172.1 214.0 1.0 14 319.8 188.9 374.6 358.0 0.9 14 36.8 181.4 156.9 324.1 1.0 14 297.2 139.5 364.8 281.3 1.0 14 165.6 127.4 234.9 213.9 1.0 14 244.4 126.1 312.7 253.2 1.0 14 36.6 181.0 155.9 403.5 1.0 14 0.8 223.3 148.7 500.6 0.5 14 83.0 145.0 144.1 240.7 1.0 10 105.9 205.3 373.4 500.7 0.9 4 245.5 312.5 266.9 378.0 1.0 4 181.6 279.0 201.5 356.1
004820,0.9 8 0.2 351.0 153.0 500.6 0.7 8 0.8 356.1 64.0 499.9 0.5 17 76.4 283.6 281.8 495.0
004821,1.0 6 47.9 370.7 245.2 453.1
004822,0.5 14 179.8 27.5 366.1 214.7 1.0 14 179.5 26.4 366.3 305.2 1.0 13 182.3 72.0 470.6 360.9 0.8 13 179.4 125.4 473.0 360.4
004824,0.9 0 131.1 5.4 310.9 124.5 0.9 0 39.9 94.6 216.2 206.8
004827,0.9 16 172.8 258.8 232.1 328.7 0.6 16 308.4 204.7 333.9 249.0 0.9 16 303.7 254.6 333.9 335.3 0.9 16 75.9 237.0 176.9 361.4 0.9 16 99.0 284.7 261.1 444.9 0.9 16 6.4 253.1 77.1 325.2
004829,0.7 11 22.3 24.1 277.1 498.8
004833,0.9 13 -0.2 2.3 354.4 373.9
004835,0.6 1 -0.2 192.6 274.7 333.8 0.9 1 0.0 195.3 147.4 334.6 1.0 14 18.7 1.8 273.4 332.1 0.7 14 285.6 1.7 499.7 253.6 1.0 1 289.6 173.9 454.1 333.6 0.6 1 200.1 173.3 455.7 333.6 1.0 14 302.7 2.6 499.5 331.9
004838,0.6 17 1.2 107.3 434.0 281.2 0.9 17 1.4 105.6 434.7 337.9
004843,0.0 0 0.0 0.0 10.0 10.0
004844,1.0 6 188.5 388.7 255.6 435.0 1.0 6 147.5 381.0 200.3 419.6 1.0 14 137.0 184.3 201.7 268.7 1.0 6 1.9 388.1 173.0 479.6
004845,1.0 7 1.3 1.8 342.3 332.7
004847,0.6 7 77.7 234.4 129.2 299.4 1.0 1 35.2 4.2 415.4 374.1
004851,0.6 11 136.5 48.5 499.2 330.4 0.8 11 134.5 47.7 498.1 370.7
004853,0.6 18 48.9 82.9 318.0 202.3 0.8 18 49.5 85.0 453.2 216.4 0.9 18 315.0 85.7 449.6 217.9 0.6 18 309.6 85.5 456.1 218.4
004854,0.9 16 78.7 196.8 269.3 298.5 0.9 16 273.3 228.6 355.7 268.9
004855,0.9 14 188.9 108.1 278.5 291.1 0.8 14 312.5 95.1 499.4 374.5 0.9 14 194.9 108.3 281.6 265.9 1.0 14 76.9 95.6 224.7 375.7 1.0 14 241.9 103.6 390.4 337.0 0.9 10 141.9 273.9 341.6 375.5 0.6 4 245.0 158.1 265.9 225.8 0.9 14 253.7 96.3 498.7 374.0
004858,1.0 15 1.4 1.4 389.8 372.5 0.8 15 410.0 0.3 499.7 162.8
004860,1.0 6 17.6 56.7 372.6 397.3
004861,1.0 2 115.1 53.3 214.8 230.0 0.7 2 240.3 2.1 394.7 136.9
004862,1.0 8 164.3 258.5 228.2 420.3 1.0 8 0.9 361.7 53.4 499.7 1.0 8 268.1 259.0 318.3 423.0 0.8 8 303.9 258.0 346.7 425.6 0.7 15 234.5 358.5 260.6 398.0 0.9 15 228.5 293.1 265.1 359.2
004864,1.0 14 282.0 31.3 332.9 286.7 1.0 14 29.3 29.3 57.6 109.6 0.5 14 80.1 28.8 250.6 252.3 1.0 14 77.8 30.1 100.9 117.8 0.7 13 255.0 1.5 332.0 68.7 0.9 14 0.8 25.4 18.7 77.5 1.0 14 54.0 35.8 71.8 104.1 1.0 14 77.8 26.1 261.9 384.3 0.7 13 41.8 110.2 321.3 502.7 0.8 14 9.4 28.7 27.4 72.2 0.6 13 53.5 107.6 296.4 351.9 0.9 13 43.2 170.2 320.1 501.1 0.8 14 195.3 54.3 224.1 132.3 0.8 14 214.9 0.8 235.6 58.0
004865,0.6 12 14.5 50.1 414.0 292.0
004870,1.0 6 31.1 38.2 147.2 118.3 1.0 6 408.0 21.5 499.8 121.3 1.0 14 159.4 32.5 259.7 313.4 1.0 13 108.1 110.6 400.6 376.2 1.0 14 238.9 78.2 347.6 357.6
004871,1.0 18 66.7 89.2 478.0 357.7
004874,0.9 14 194.0 97.0 264.2 161.9 0.6 12 60.9 141.2 186.8 260.0 0.9 12 58.8 102.0 321.6 265.0 0.9 12 172.7 102.5 323.8 255.2 0.7 12 152.8 100.9 322.5 265.5
004875,0.9 2 288.7 206.0 355.0 328.9
004877,0.7 2 98.6 102.6 306.8 195.8 0.9 2 101.1 103.7 312.5 293.7 0.9 2 299.4 137.2 381.0 186.9 0.7 2 157.1 161.4 313.0 295.2 0.6 2 308.4 137.1 496.4 214.7 0.8 2 100.5 102.8 309.6 274.0 0.8 14 248.8 117.8 498.8 374.6
004880,1.0 4 397.4 212.0 416.4 281.6 1.0 4 384.9 218.0 399.5 265.9 0.7 4 215.5 197.3 231.1 254.7
004881,0.9 8 1.3 126.4 172.6 283.0 0.6 7 82.7 210.9 267.2 319.4 0.8 8 181.0 143.8 270.6 201.0 0.6 10 1.0 182.8 497.7 375.3 0.9 8 406.1 118.9 499.7 226.1 0.5 10 1.3 184.2 359.2 375.3
004883,0.9 5 3.7 85.0 486.6 215.4
004884,1.0 19 59.5 104.1 188.8 256.0 1.0 14 210.9 67.1 463.3 378.9
004887,0.8 17 -0.1 145.4 201.4 234.1 0.7 17 0.3 146.2 256.4 257.5 0.8 8 186.2 166.8 261.4 248.4 0.8 17 0.3 147.2 206.4 301.1 1.0 17 304.8 142.0 496.6 315.8
004888,1.0 7 92.2 188.5 202.7 387.3 1.0 7 201.9 186.1 349.7 397.7
004889,1.0 14 5.2 7.0 110.3 161.4 1.0 14 215.2 6.8 305.6 136.6 0.6 14 46.5 8.4 159.6 146.4 0.9 14 7.6 8.2 156.4 161.5 1.0 14 64.7 96.7 356.0 326.8 1.0 14 254.1 2.3 494.5 329.4
004891,1.0 6 131.8 104.9 415.5 251.5
004892,1.0 8 190.5 202.3 248.4 281.1 0.9 8 327.9 171.4 417.0 279.5 1.0 8 278.1 186.3 337.2 282.1 0.8 8 127.9 211.0 189.7 283.7 0.9 8 354.6 171.6 420.3 280.8 0.5 8 126.2 208.8 181.9 262.7 0.8 4 88.8 261.1 109.1 328.4 0.9 10 101.4 175.7 281.9 276.8
004893,0.8 10 263.7 317.5 374.5 500.5 1.0 4 353.8 162.2 374.9 231.5 0.8 15 136.2 1.4 186.4 64.8 1.0 14 128.2 242.7 225.9 498.5 1.0 15 228.1 5.9 284.1 67.8 0.9 15 242.4 131.8 299.5 189.7
004894,0.9 2 82.7 154.4 376.4 334.3 0.9 14 88.4 11.4 384.8 333.8 0.9 14 219.3 12.5 386.0 333.8
004899,0.7 6 -0.4 29.4 140.7 320.2 0.9 8 259.1 193.1 343.6 317.1 1.0 14 53.7 116.5 244.5 333.1
004900,1.0 14 67.5 341.9 128.6 499.2
004901,0.0 0 0.0 0.0 10.0 10.0
004904,0.7 14 275.6 19.0 324.2 78.4 1.0 1 354.3 127.2 489.2 208.2 1.0 14 271.6 18.8 326.3 108.3 1.0 1 67.5 162.3 238.7 265.9 1.0 14 79.1 118.2 173.6 238.0 1.0 14 375.0 84.0 456.9 192.7
004906,0.9 0 131.7 79.0 255.1 250.2
004908,0.9 14 77.8 46.4 277.6 428.7 0.9 14 78.6 46.8 364.9 433.7
004909,0.8 2 142.9 93.5 272.6 284.7
004914,0.9 3 69.6 5.4 373.8 352.5
004915,0.6 7 -1.0 29.7 425.2 456.9 0.7 2 24.4 236.3 205.3 430.2 0.9 7 120.3 30.8 420.6 458.9
004917,1.0 13 105.8 142.3 372.9 329.0 1.0 14 204.0 90.3 303.7 301.8
004918,0.6 14 301.7 5.0 496.8 190.1 0.9 14 1.6 5.9 495.2 280.8 0.5 14 167.9 6.2 496.5 281.0
004919,0.9 4 0.8 0.9 64.1 185.5 1.0 4 316.7 31.3 436.2 264.4 0.7 4 323.0 0.4 407.5 65.2
004920,0.0 0 0.0 0.0 10.0 10.0
004921,0.9 18 65.2 134.1 266.7 387.7
004922,0.9 14 1.0 40.5 282.6 332.7 1.0 14 120.3 39.5 497.1 333.9 1.0 14 197.2 1.7 496.9 332.4
004923,0.6 8 9.9 80.2 152.1 238.8 0.9 14 29.6 67.5 250.9 254.4 1.0 4 44.1 187.4 63.7 236.5 0.8 14 1.4 67.9 245.8 374.6 0.8 14 2.1 118.0 380.5 375.6 0.8 17 15.2 130.7 495.3 374.8 0.8 14 143.0 116.6 351.5 307.2 0.9 14 108.0 115.8 382.0 375.3
004924,0.0 0 0.0 0.0 10.0 10.0
004925,1.0 14 1.6 2.6 223.0 499.4 0.6 14 0.9 2.7 151.2 499.9 0.7 11 188.8 202.1 374.8 501.4
004927,0.9 14 348.2 53.7 366.7 107.9 0.8 14 78.8 69.1 93.0 106.9 1.0 14 365.5 58.0 391.6 115.1 0.5 14 480.9 79.0 500.0 149.1 1.0 14 434.3 66.4 459.5 143.7 0.9 14 64.7 68.4 80.2 109.6 1.0 14 29.2 70.0 46.3 113.6 1.0 14 92.2 71.0 108.1 112.1 0.9 14 448.7 56.8 467.3 107.6 1.0 6 55.2 25.7 435.7 304.3 1.0 14 50.2 74.0 66.6 113.5 1.0 14 407.6 56.2 437.1 144.3
004930,0.8 1 42.4 250.0 254.1 333.2 1.0 14 49.6 19.9 352.0 333.1 0.9 1 41.5 250.7 330.8 333.5
004932,1.0 14 115.5 18.8 180.7 142.2 1.0 12 75.9 49.8 240.5 213.0
004933,1.0 6 149.4 162.6 227.3 201.7
004934,1.0 14 1.5 2.1 496.3 332.5 0.9 7 230.5 21.2 496.6 332.7 0.7 7 399.0 11.2 498.8 176.3
004937,0.5 14 102.8 103.3 123.1 124.8 0.6 3 16.6 103.5 116.7 174.0 0.7 6 227.9 296.0 497.4 374.3 1.0 14 104.0 105.2 133.6 191.8 0.9 14 0.9 143.9 22.7 235.6 1.0 14 184.7 85.3 228.3 165.3 0.8 14 117.5 102.0 142.5 135.7 0.9 3 95.8 121.5 411.7 319.8 1.0 14 29.1 129.7 65.0 231.4 1.0 14 243.4 103.5 299.7 213.1 1.0 14 243.1 104.0 296.0 164.9
004940,1.0 6 17.6 135.2 489.0 314.4
004941,1.0 14 1.1 59.8 117.3 482.0
004942,1.0 13 244.1 133.9 443.4 342.8
004944,1.0 14 114.5 228.8 205.0 375.2 0.7 14 207.9 147.4 258.9 288.3 0.8 5 0.5 53.1 194.1 375.4
004945,0.9 11 170.0 43.4 368.3 196.3 0.8 11 57.3 44.1 455.1 356.9
004947,0.9 14 157.6 87.4 323.8 333.2 0.6 14 299.3 106.7 477.0 332.8 0.5 14 62.4 43.6 277.7 332.5 0.7 14 2.0 43.7 318.6 332.8 1.0 14 0.9 42.9 277.1 333.0 0.9 14 1.0 42.7 164.7 333.0 0.9 4 462.9 243.8 499.4 332.4 1.0 14 300.5 108.1 499.2 333.1
004949,0.8 2 169.5 37.8 232.6 134.5 0.6 2 128.1 37.8 231.5 206.7 0.8 2 203.6 200.1 276.0 303.5 0.5 2 204.9 200.9 271.8 278.1 0.9 2 96.9 197.7 169.4 294.4 0.6 2 32.4 290.4 159.3 485.9 0.7 2 292.8 311.8 368.9 395.7 0.6 2 173.0 259.6 248.3 364.6
004952,0.8 18 151.3 230.8 181.7 277.7 1.0 1 125.5 294.7 333.8 501.2
004957,0.6 8 5.1 171.2 172.6 273.9 0.7 11 142.8 50.0 286.8 367.4
004959,1.0 14 202.0 122.8 288.2 332.5 1.0 14 103.4 99.6 120.2 153.5 1.0 14 70.6 117.3 91.4 153.3 0.8 6 282.5 96.4 459.1 166.5 1.0 14 25.6 121.6 53.5 163.2 1.0 6 111.9 89.8 195.1 130.3 0.6 6 287.2 96.8 498.7 224.4 1.0 14 94.3 100.9 109.2 151.9 1.0 14 43.1 110.6 63.6 132.1 1.0 14 298.7 126.0 434.6 332.8
004964,0.9 8 432.3 203.4 499.3 294.8 1.0 14 438.4 75.7 482.5 204.6 0.9 8 42.9 219.7 114.4 270.7 0.9 15 251.5 150.7 299.3 187.5 1.0 17 107.9 181.6 345.8 286.2
004965,1.0 6 48.7 392.3 153.9 471.1 1.0 6 152.6 416.4 281.2 499.5
004969,0.7 16 203.2 164.3 295.2 234.0
004970,0.9 12 19.2 16.0 333.7 400.5 0.5 12 17.1 16.7 479.3 400.0 0.8 12 161.2 18.0 481.6 401.1
004971,0.6 8 190.5 134.7 431.1 297.8 0.8 14 1.2 174.4 276.6 374.6 1.0 14 0.8 175.5 177.6 375.5 1.0 14 197.4 132.0 438.6 375.1 0.9 17 1.3 146.1 422.6 374.1
004975,0.9 7 16.3 140.6 373.4 433.0
004978,0.9 14 175.5 54.5 270.7 240.3 1.0 14 187.4 164.9 291.8 374.8 0.6 1 407.3 111.4 498.7 164.9 0.8 14 266.3 77.4 346.5 260.7 1.0 14 49.3 141.9 184.3 375.0 0.8 14 299.3 106.8 452.0 315.2 0.7 1 401.7 182.5 480.9 376.2 0.8 14 174.3 54.7 276.0 373.7 0.7 14 273.0 78.6 345.7 374.5 1.0 14 296.0 106.4 451.6 375.4 0.8 14 273.2 76.0 348.7 204.1
004979,0.9 11 228.6 117.4 299.7 275.8
004980,0.9 9 19.4 199.1 74.5 238.1 0.9 9 375.4 206.3 467.9 254.7 0.8 9 359.0 196.0 391.9 229.0 0.7 9 459.1 197.0 496.4 223.7 0.9 9 88.4 199.7 132.8 231.5 0.7 9 308.2 192.6 338.9 215.5
004981,1.0 6 7.3 57.3 431.3 304.2
004988,1.0 0 1.0 8.6 498.8 304.7
004989,0.9 5 59.5 188.7 436.0 304.0 0.6 14 120.1 173.0 139.7 186.2
004993,0.9 11 66.9 100.9 401.9 285.9
004996,1.0 6 46.5 91.7 483.8 343.8
005000,1.0 1 60.6 160.9 360.1 375.2 1.0 4 214.4 258.2 238.5 301.9
005002,0.5 14 1.9 0.8 144.2 316.4 0.9 4 152.5 217.2 265.5 487.3 0.5 14 1.6 1.5 190.3 327.9 0.6 14 1.3 1.9 191.4 430.6 0.6 14 1.6 2.5 151.8 429.3 1.0 4 151.9 68.4 265.1 493.4 0.9 4 186.6 68.0 237.5 224.3
005005,1.0 14 310.2 195.8 341.1 228.2 1.0 6 63.3 188.2 456.4 314.2
005008,1.0 0 67.8 111.0 389.6 230.2
005009,0.6 4 262.6 0.6 346.4 300.1 1.0 14 418.4 7.4 499.2 254.5 0.9 4 344.2 208.8 433.0 333.4 0.6 4 316.7 165.1 367.7 262.5 1.0 4 83.9 12.2 156.0 276.9 0.7 14 413.0 47.0 452.1 140.0 1.0 4 268.3 0.5 345.4 236.4 0.9 4 356.0 25.1 422.3 213.7 1.0 4 184.7 184.2 251.5 295.4
005010,0.5 8 386.2 119.6 499.3 333.6 0.5 8 0.9 7.5 497.2 380.0 0.5 7 53.6 142.5 350.1 301.9
005011,0.7 18 203.9 187.3 476.9 216.8
005012,0.6 11 68.6 281.2 147.7 475.1 0.9 11 77.4 277.8 146.9 355.8 0.6 11 0.7 337.1 66.8 500.2 0.5 11 124.4 354.6 201.9 501.0 1.0 14 187.9 3.8 330.7 494.7
005013,1.0 18 59.7 80.8 469.3 296.7
005015,1.0 2 40.0 153.1 315.9 256.0 0.7 2 5.7 175.3 96.2 196.2
005017,1.0 14 186.3 223.4 208.3 260.9 0.9 14 171.6 221.9 188.9 256.8 1.0 14 143.8 223.6 165.5 258.6 1.0 14 114.5 224.3 135.1 259.2 0.7 9 350.2 217.2 382.7 273.8 1.0 14 92.2 203.9 106.2 241.2 0.7 14 167.5 223.8 185.9 258.0 0.8 14 206.7 210.8 217.6 241.0
005019,0.5 14 5.4 125.9 131.8 236.3 1.0 14 2.9 124.4 149.2 340.5 1.0 14 135.6 2.3 435.7 340.4
005021,1.0 6 39.6 105.6 479.2 255.9
005022,1.0 3 209.3 104.9 272.9 139.7
005025,1.0 8 19.2 136.8 157.2 364.2 0.8 8 7.8 135.1 81.1 260.1 1.0 14 379.9 73.0 500.2 224.8 0.8 14 272.5 105.9 420.0 224.2 1.0 14 268.1 107.3 403.3 234.9 0.6 14 89.5 55.8 285.9 375.3 0.8 14 214.5 37.0 263.0 99.4 0.7 14 192.5 72.9 266.4 171.0 0.8 14 211.4 60.1 419.5 230.3 0.9 14 377.7 73.4 487.9 182.7 0.7 14 212.7 75.3 394.1 235.1 0.7 14 205.6 64.0 386.6 235.0 1.0 14 15.4 46.2 203.8 200.3 0.8 14 15.7 49.0 283.5 374.3 1.0 14 92.8 74.6 285.7 375.1 0.7 14 273.2 103.9 499.0 223.6 0.6 14 272.8 106.0 392.4 231.0 0.8 8 271.4 227.9 500.7 375.7
005030,0.9 6 0.8 85.4 37.8 187.9 1.0 6 25.9 56.8 476.2 291.9
005031,0.8 1 302.4 140.2 427.2 277.1 0.8 1 49.5 135.6 196.5 286.1 0.9 14 315.5 101.2 405.8 236.3 1.0 14 51.5 39.7 173.6 256.8 0.8 1 50.6 135.0 196.7 287.5 0.8 1 320.5 169.7 427.6 276.3 1.0 14 314.9 101.6 407.0 271.7
005034,0.0 0 0.0 0.0 10.0 10.0
005035,1.0 14 242.2 1.5 266.4 39.0 0.7 6 23.5 8.5 68.2 36.3 1.0 14 283.1 0.8 306.6 47.9 0.9 6 429.9 15.1 494.4 71.6 1.0 6 0.8 25.6 55.2 102.9 0.8 6 87.9 1.0 155.7 52.9 0.8 14 470.4 7.1 495.5 75.1 1.0 6 31.2 32.8 487.8 295.6 1.0 14 393.9 0.1 426.7 104.1 0.9 14 162.4 1.0 181.6 38.0 0.9 14 264.5 2.7 286.2 42.3 0.5 14 269.8 1.7 297.3 87.5
005038,0.5 14 -1.2 160.4 246.8 376.9 1.0 7 115.3 136.7 409.6 291.5
005040,0.5 14 64.8 50.1 370.5 340.6 0.8 14 64.3 49.8 361.0 375.3 0.9 14 64.4 49.4 414.1 375.7 1.0 14 249.1 53.0 495.4 375.2
005041,0.7 14 195.7 154.5 274.0 305.6 0.9 13 321.8 197.1 375.9 275.3 1.0 6 440.7 168.6 497.7 224.8 0.7 14 124.5 143.6 245.3 375.2 0.7 14 196.8 154.7 273.2 244.6 0.6 14 121.6 131.4 250.4 306.4 0.9 14 195.2 154.4 275.3 290.5 0.9 14 77.2 130.9 242.6 375.1 0.9 13 32.7 200.0 265.0 375.2 1.0 14 321.2 161.9 372.8 253.6 1.0 14 380.3 160.1 439.3 221.1
005043,0.8 0 308.1 201.5 425.9 229.4
005044,0.7 8 279.2 113.0 307.3 196.0 0.7 8 440.6 100.7 495.1 210.2 0.6 8 103.2 112.3 176.3 251.0 0.9 8 0.9 111.0 32.6 184.7 1.0 8 1.4 108.1 110.4 331.2 1.0 8 55.8 104.7 257.3 332.0 0.5 10 373.1 140.5 494.2 226.1 1.0 8 292.8 109.5 434.0 330.3
005046,0.6 14 68.4 162.7 141.6 281.4 0.9 14 69.4 161.7 139.1 246.2 0.9 5 28.6 97.0 499.3 320.3
005048,1.0 1 140.0 3.5 363.9 341.7
005049,0.8 14 0.6 53.7 86.1 317.6 1.0 14 388.8 251.5 499.0 375.9 1.0 14 206.5 57.2 347.0 196.2 0.5 14 0.3 53.2 86.8 374.3 1.0 14 3.3 145.6 248.3 375.5 1.0 10 174.1 178.2 498.6 376.0 1.0 14 387.0 84.5 498.1 243.7
005050,0.8 17 0.9 1.8 498.2 374.2 0.9 11 161.3 42.7 446.9 342.0
005051,0.7 11 -0.1 -0.1 341.9 312.0 0.8 11 0.3 2.8 499.3 411.4 0.6 11 105.0 162.7 500.0 414.2 0.8 11 207.4 157.6 500.2 403.3
005053,0.5 9 160.7 124.2 219.8 204.1 0.6 9 20.7 142.5 77.0 202.1 0.6 9 259.3 122.7 332.2 205.5
005059,0.9 19 90.6 88.7 233.8 214.1
005060,1.0 14 366.7 142.1 498.8 375.4 0.8 14 325.6 156.4 405.6 374.7 1.0 14 300.5 158.2 359.8 253.5 0.6 14 345.0 156.5 402.0 264.4 0.9 14 336.3 155.5 404.8 275.6 1.0 14 123.9 119.2 205.2 312.2 1.0 14 49.5 43.3 180.2 174.6 1.0 14 46.5 122.7 154.3 329.3 0.9 14 167.4 202.6 382.7 374.0 0.8 14 132.7 152.9 270.8 326.7 1.0 14 181.9 152.3 311.3 334.4 0.8 14 330.2 155.2 405.1 287.0 1.0 14 227.5 201.3 381.8 374.7
005066,0.9 5 81.8 58.7 400.8 351.9
005069,0.6 18 2.0 0.4 371.9 246.0 0.6 18 0.4 48.4 336.1 247.7 1.0 14 144.4 224.2 241.3 396.1
005070,0.6 18 37.7 129.4 332.1 306.6 0.8 18 28.5 128.1 400.9 304.9
005074,0.8 6 380.3 205.0 430.8 233.6 1.0 6 416.5 202.5 468.8 234.4 0.9 6 19.4 192.9 69.3 224.5 0.7 6 102.8 198.2 146.0 228.6 0.6 6 88.9 190.2 139.1 211.5 0.6 3 31.5 152.7 386.2 294.7 0.6 6 338.4 192.6 431.3 233.6 0.7 6 65.0 190.0 106.6 226.2
005075,0.6 11 58.9 56.6 331.4 501.3
005076,0.5 6 -0.1 238.3 185.1 335.2 0.6 0 1.1 1.7 498.1 333.5 0.5 0 9.3 100.6 241.7 265.0 0.9 0 4.6 1.0 477.9 266.6 0.6 0 9.6 96.7 477.0 265.1
005080,0.9 9 78.8 47.3 424.6 304.5
005082,0.9 7 168.9 184.2 210.3 267.5 1.0 17 134.6 171.2 274.0 248.1 0.9 17 0.1 173.7 107.9 286.5 1.0 17 305.2 181.9 479.8 337.4
005083,1.0 6 12.2 86.7 491.0 287.1
005087,0.5 6 1.2 0.5 95.8 36.1 0.9 14 176.1 0.9 202.2 57.3 0.9 6 96.2 0.6 181.0 48.2 1.0 14 181.9 36.3 339.6 236.5 0.5 6 227.7 8.1 309.2 56.9 1.0 13 179.9 107.8 358.0 291.1 0.7 6 229.9 0.4 409.6 53.0
005088,1.0 14 24.6 142.6 101.9 263.6 0.5 17 1.3 171.9 283.7 315.8 0.7 8 366.8 178.8 497.5 375.5 1.0 14 293.5 161.3 403.0 341.9 1.0 14 90.5 154.2 154.6 210.1 1.0 15 130.6 199.0 204.1 307.3 1.0 14 164.2 153.3 247.1 283.4 0.5 14 92.9 154.6 244.3 284.5 1.0 15 51.5 194.2 132.2 297.7 0.5 17 1.0 171.1 281.5 374.6 0.6 17 369.1 179.3 494.5 374.6 1.0 14 278.3 131.4 356.2 325.3 1.0 14 327.3 131.4 499.0 374.7
005089,1.0 7 39.7 62.2 251.6 229.7
005091,1.0 6 68.4 68.1 199.1 154.5 1.0 6 214.9 94.1 437.0 172.3 0.8 6 209.0 137.0 429.0 255.1
005092,0.5 15 431.2 5.8 499.0 120.6 0.8 11 101.6 92.3 313.2 218.3 0.8 15 359.3 1.4 449.9 155.0 0.9 11 101.0 92.0 314.7 217.4 0.8 15 371.5 53.6 445.3 155.3 1.0 15 280.0 1.6 388.2 167.0 0.8 15 359.6 1.5 449.0 154.5
005095,1.0 14 383.5 250.1 402.3 294.8 0.8 14 58.1 258.6 72.8 287.1 0.5 3 325.3 201.0 469.5 281.3
005096,1.0 4 2.1 1.0 152.8 277.2
005098,0.5 3 73.3 57.1 206.7 102.6 0.8 3 0.9 81.9 65.5 119.5 0.7 14 326.9 157.5 347.1 178.0 0.8 3 39.1 106.0 375.1 224.5 0.8 14 344.1 157.8 369.8 178.7 1.0 1 7.3 224.7 374.4 502.5 0.8 14 291.2 158.5 312.9 181.8
005099,1.0 6 1.1 209.8 317.9 475.3
005100,0.6 11 145.2 152.7 410.1 277.8 0.8 14 44.1 86.4 165.0 250.1 0.9 14 42.5 86.5 173.0 375.4 0.6 14 1.1 87.9 158.9 375.5 1.0 14 171.1 83.6 464.9 375.1 0.9 11 141.8 197.5 309.8 268.7
005103,1.0 14 311.0 115.0 374.9 364.0 1.0 14 124.3 44.4 284.9 461.9
005105,1.0 14 445.3 135.6 481.3 166.4 1.0 14 88.0 109.6 122.1 186.3 0.9 14 63.3 106.2 93.1 140.7 1.0 6 0.9 114.1 102.1 215.1 1.0 6 5.0 125.5 490.5 354.5 0.9 14 417.1 130.9 440.0 151.8 0.6 14 389.6 112.5 408.5 136.4
005106,0.8 0 350.9 219.9 419.8 238.9 0.6 2 176.4 212.8 217.8 242.2 0.7 0 207.5 212.2 289.9 240.6
005109,0.8 7 0.8 2.0 462.2 349.5
005112,0.9 3 301.0 179.6 395.8 204.2 0.9 3 101.4 169.9 168.7 192.9 0.9 3 145.0 259.2 255.3 295.6 0.8 3 297.5 177.5 430.4 204.4 0.9 3 30.0 164.3 82.4 186.1 0.5 3 296.0 155.0 429.5 203.6 0.7 3 301.0 154.3 362.6 195.5 0.8 3 224.0 330.7 393.9 374.6
005113,0.5 2 141.7 167.9 199.0 254.7 1.0 2 217.5 135.1 318.8 226.9
005115,0.5 1 0.1 21.2 392.5 375.9 0.9 1 0.6 15.9 191.2 376.0 0.6 7 128.6 48.7 380.6 373.8
005117,0.9 11 0.6 252.3 267.6 405.1 1.0 14 1.0 3.0 373.6 499.6 0.7 11 104.4 252.9 268.0 407.0
005118,0.7 7 0.4 138.2 266.5 294.1 0.7 7 1.2 137.6 308.9 374.4 1.0 14 3.1 7.0 491.1 374.1 0.7 14 229.5 9.5 449.0 364.8 0.5 7 1.3 137.9 89.7 223.3 0.8 14 235.4 6.0 498.8 372.9
005119,0.9 1 125.4 152.7 461.0 376.5 1.0 14 226.3 19.0 402.5 371.5
005120,1.0 11 0.2 409.7 187.5 500.1 1.0 14 96.8 1.0 232.6 250.1 1.0 14 37.3 68.2 197.0 303.5 0.6 14 36.3 68.4 197.3 345.6 0.9 13 14.9 142.3 331.9 485.8
005123,1.0 18 1.2 87.9 497.8 190.0
005125,1.0 14 433.1 126.8 477.5 187.2 0.6 14 391.0 120.1 410.6 137.1 0.8 14 0.8 194.1 15.3 259.0 1.0 6 62.1 51.3 477.5 344.1
005126,1.0 6 70.7 129.4 262.8 223.4
005127,1.0 11 192.5 83.8 317.2 302.0
005132,0.7 1 334.5 166.1 436.2 275.1 1.0 12 84.4 81.4 351.9 290.0 1.0 14 337.0 74.9 393.1 270.2
005133,1.0 13 220.7 115.2 443.0 265.8 1.0 14 298.9 93.2 417.6 255.8
005137,0.8 16 161.7 33.6 205.4 63.4 0.8 16 289.8 36.9 308.7 60.3
005139,0.6 12 149.8 119.6 356.9 268.7 1.0 14 358.8 110.4 417.1 248.3 0.5 13 387.2 151.0 478.1 255.5
005140,1.0 14 353.6 0.4 448.9 132.7 1.0 14 0.4 1.8 115.1 332.4 1.0 10 140.3 112.5 499.0 334.9
005141,1.0 14 258.1 185.3 280.2 239.5 0.8 9 1.1 170.7 178.4 333.8 1.0 14 236.8 186.1 260.0 240.3
005142,1.0 6 19.6 65.2 447.2 321.5
005147,0.8 16 264.4 122.1 303.1 151.7 0.9 16 100.2 133.0 179.8 195.0 0.6 16 488.2 118.9 500.1 179.4 0.9 16 1.0 133.4 49.3 186.8 0.9 16 203.5 126.3 260.9 166.9 0.9 16 211.5 139.8 301.6 211.1 0.9 16 377.0 74.8 429.5 109.2
005148,0.9 14 16.9 90.5 139.5 279.4 0.9 14 346.7 155.5 398.0 243.8 0.6 14 390.8 140.6 460.9 288.5 1.0 14 5.0 109.2 249.0 376.1 0.6 14 5.2 95.1 431.4 375.2 0.6 14 11.9 92.3 156.1 327.4 0.8 14 399.9 141.2 462.6 239.3 1.0 14 227.7 89.1 437.3 375.1
005149,0.5 11 171.9 0.8 343.6 276.1 0.8 11 170.5 2.1 498.6 332.8 0.6 11 174.8 128.7 499.0 333.8
005151,0.9 14 383.2 88.8 499.7 335.8 0.5 14 1.2 98.1 129.1 253.8 0.9 4 142.9 222.1 190.9 305.3 1.0 14 153.0 92.1 267.4 282.7 1.0 14 1.3 98.0 136.6 300.4 1.0 14 316.4 87.3 498.8 332.3 0.5 10 0.6 230.3 498.2 375.4 0.7 4 197.9 285.6 273.2 375.6
005152,0.9 14 1.3 31.1 376.1 374.9 0.7 14 1.1 33.9 273.1 375.3 1.0 11 114.2 16.7 498.8 375.0
005154,1.0 18 6.4 99.5 359.9 257.1
005155,1.0 7 1.1 2.9 424.7 374.8
005157,1.0 6 97.6 202.6 289.4 273.6 0.9 6 8.5 163.8 63.2 206.5
005158,1.0 6 16.9 93.4 467.5 307.6
005162,0.9 3 0.7 274.4 133.9 495.9 0.9 11 125.7 163.6 231.6 240.9
005163,0.9 6 0.9 0.2 68.7 91.1 0.8 13 192.5 89.0 293.2 216.8 0.8 14 206.2 227.6 272.3 272.1 0.9 14 244.6 110.6 293.1 186.3 0.7 14 125.6 267.7 429.9 333.4
005164,0.9 16 78.4 56.4 169.8 110.4 0.9 16 166.0 87.4 223.7 128.8 0.9 16 268.2 158.4 382.1 257.5
005165,0.6 7 222.9 5.2 294.0 67.5 1.0 7 64.1 73.7 474.5 333.3 0.8 7 131.4 1.3 294.4 68.4 0.7 7 63.6 3.6 476.8 331.0
005166,0.6 6 414.9 59.2 499.7 124.9 0.9 13 1.4 64.1 95.8 169.7 0.6 13 1.2 90.6 60.6 169.4 1.0 6 46.5 62.5 392.8 282.5
005167,0.0 0 0.0 0.0 10.0 10.0
005170,1.0 14 215.3 163.3 276.1 305.0 0.7 14 379.1 211.1 422.3 269.6 0.8 14 375.5 212.4 424.4 305.4 1.0 14 321.0 150.8 369.6 299.1 1.0 14 137.3 163.6 178.3 305.1 1.0 14 75.3 165.6 118.0 307.6 1.0 14 294.5 160.6 325.4 272.9
005172,0.7 13 2.7 52.1 492.9 331.5 0.7 13 35.5 53.1 489.2 332.0
005174,0.9 8 40.4 100.0 117.2 197.6 0.8 8 350.1 188.0 498.6 375.8 0.9 8 357.0 86.5 431.6 144.0 0.8 15 86.4 4.8 227.2 162.8 1.0 10 0.9 119.9 480.9 374.7 0.7 8 403.6 186.9 499.0 375.5
005178,1.0 19 109.0 57.8 407.8 354.6
005180,1.0 15 126.7 302.5 173.7 403.6 1.0 8 0.7 303.4 63.6 420.2 1.0 15 41.2 261.6 86.2 320.1 0.8 15 89.8 253.3 133.3 325.3 1.0 8 169.9 366.3 373.9 501.2
005182,1.0 14 202.0 25.4 260.2 203.3 1.0 12 162.8 84.8 386.3 262.9
005184,0.9 8 314.7 226.5 393.3 332.3 0.8 14 476.9 153.8 500.0 293.3 0.9 8 175.9 296.5 304.9 375.6 0.7 14 257.6 177.9 320.3 285.0 1.0 14 186.5 176.8 332.4 374.4 0.5 8 311.0 225.7 360.0 334.6 1.0 14 291.4 123.4 355.1 232.2 1.0 14 256.0 177.1 337.0 352.3 0.8 15 346.6 172.5 416.5 268.7
005187,0.7 14 63.1 114.5 228.9 262.8 0.9 14 28.4 114.0 230.2 491.0 1.0 19 52.1 98.7 294.4 288.8 0.7 7 120.4 335.9 228.7 465.2
005188,1.0 13 5.3 2.6 495.9 355.5
005192,0.7 14 57.3 44.5 77.6 97.1 0.9 6 0.4 40.2 119.8 235.7 1.0 6 49.2 107.5 480.5 311.4 1.0 6 272.5 70.3 500.5 150.5
005193,0.9 8 58.4 1.2 275.5 200.0 1.0 11 132.5 140.7 498.7 369.7
005194,1.0 11 52.9 19.2 439.8 496.8
005196,0.9 7 12.5 190.9 159.8 297.0 0.8 7 98.4 184.9 210.9 281.0 1.0 14 120.2 28.8 270.7 314.9 0.6 7 11.6 184.0 210.3 296.9 0.9 17 0.2 97.9 498.7 375.0 0.6 15 189.9 5.0 307.6 97.2 0.5 8 6.9 57.1 49.9 100.0 1.0 14 263.7 44.2 499.0 375.2
005197,1.0 13 7.6 137.6 307.1 306.0 1.0 14 112.4 100.6 229.0 247.1 1.0 14 226.9 70.3 286.2 189.0
005198,0.9 8 55.2 302.8 123.2 344.4 0.7 8 258.7 300.0 358.3 339.2 0.7 8 194.4 305.9 227.4 339.5 0.6 8 161.3 306.2 195.9 338.5 0.8 8 228.5 304.3 263.0 337.4 0.9 12 280.1 72.3 392.0 230.8
005200,1.0 7 100.7 15.1 439.1 138.8 0.8 7 100.3 22.8 216.1 138.2 0.9 7 205.0 18.8 441.2 135.1
005201,0.9 7 3.3 48.0 472.6 330.7
005204,1.0 6 426.0 147.9 500.1 218.0 1.0 6 142.8 134.7 367.9 215.3
005205,0.6 14 269.6 53.7 351.1 355.1 0.6 14 154.9 66.0 220.8 193.5 0.9 14 378.7 48.5 459.8 203.0 0.9 14 152.7 67.9 222.0 246.5 1.0 14 207.1 102.6 276.9 232.3 1.0 14 110.7 73.5 162.5 233.9 1.0 14 95.0 192.7 189.2 352.6 1.0 14 46.4 84.7 117.8 331.1 1.0 14 188.7 197.9 283.7 352.4 1.0 14 346.0 98.2 424.1 355.1 0.9 14 269.0 53.6 351.3 346.4 0.9 14 381.1 48.1 459.5 343.2 1.0 14 277.7 186.0 359.5 358.5 0.8 14 268.3 52.7 350.2 250.1
005206,1.0 14 208.0 146.7 255.1 292.4
005207,0.6 2 54.2 134.4 262.4 362.3 1.0 2 54.0 107.7 384.9 382.7 1.0 2 184.9 105.5 386.2 370.8
005211,1.0 1 33.4 22.1 466.8 314.8
005213,0.8 3 165.6 100.8 460.9 165.5
005216,1.0 4 198.8 50.8 310.4 351.1
005218,1.0 14 109.4 94.1 257.0 358.4 0.6 17 141.0 69.2 404.5 274.8 0.9 17 135.4 68.4 405.2 284.0
005221,0.8 7 102.8 113.0 203.7 203.7 1.0 17 12.5 96.3 486.5 374.2
005225,0.9 11 158.8 199.2 314.2 353.9 0.8 11 0.2 153.2 314.0 355.2 0.9 11 1.4 154.2 181.3 357.6 0.8 11 159.3 181.3 319.6 354.5 1.0 14 207.7 75.0 443.4 353.4
005226,1.0 4 353.2 194.6 398.7 313.2 0.9 14 35.7 93.4 155.5 227.9 1.0 14 194.0 106.0 277.8 222.8 1.0 14 84.9 27.2 166.2 198.4 0.9 14 35.7 92.6 161.6 346.8 0.9 10 110.5 215.5 497.1 375.6 0.9 10 125.8 282.4 497.7 375.8 1.0 4 335.2 215.0 361.5 305.0 1.0 14 260.8 143.3 453.0 327.0
005227,1.0 14 84.4 10.4 343.3 290.7
005228,1.0 7 30.5 84.0 193.2 198.1 1.0 7 299.8 95.9 499.2 219.0
005232,1.0 1 234.1 142.7 467.8 293.6 1.0 14 286.8 94.4 409.5 271.7
005233,1.0 14 174.3 106.9 219.7 153.2 0.9 4 206.9 160.0 224.2 208.9 0.9 14 133.4 104.7 172.6 152.3 1.0 14 356.7 120.6 499.1 339.4 1.0 14 114.3 103.4 173.3 192.3 0.6 14 11.0 133.1 142.4 249.4 1.0 4 282.9 210.6 302.6 281.0 0.8 14 47.7 158.1 153.6 243.3 1.0 14 1.1 155.5 122.5 374.8 1.0 10 91.7 181.6 377.4 375.7 0.9 10 99.9 183.5 373.8 336.7 1.0 8 256.4 310.8 460.0 375.3 1.0 14 320.5 142.6 408.7 240.5 0.9 14 27.5 133.0 155.7 240.3 0.7 8 359.6 197.1 498.6 375.6 0.6 8 155.7 150.3 222.0 196.1 0.6 14 37.6 131.6 122.3 212.8
005234,0.0 0 0.0 0.0 10.0 10.0
005235,1.0 7 39.0 156.1 168.8 217.8 0.6 19 132.2 261.9 270.0 363.3 0.9 19 115.1 178.1 286.0 363.7
005237,0.9 17 32.4 11.9 487.0 234.6 0.9 14 164.5 4.6 316.2 198.0 0.7 4 154.4 147.8 177.5 212.9 0.9 10 64.9 191.2 464.8 313.2 0.9 14 172.0 5.4 315.9 200.9
005238,1.0 0 14.5 121.7 247.6 233.2 1.0 0 12.4 122.6 485.3 236.7 0.9 0 171.0 138.0 483.2 235.6
005240,0.5 18 132.4 138.2 243.1 307.8 0.9 14 159.6 149.1 189.5 186.1 0.7 18 131.4 131.4 481.1 349.6
005241,0.5 16 157.0 63.9 382.2 355.3
005243,0.6 0 142.9 62.2 446.0 212.6 0.5 8 305.3 76.4 441.4 210.4
005247,1.0 2 131.6 124.2 418.3 302.3
005249,0.9 0 0.5 32.5 374.5 438.3
005250,0.5 10 25.3 22.2 497.5 369.3
005251,0.7 18 0.2 -0.7 207.6 144.4 1.0 14 154.5 120.9 247.9 333.2 1.0 14 262.6 119.6 359.4 330.6
005252,0.6 14 1.2 129.4 125.3 332.6 0.7 14 1.4 132.9 139.3 433.4 0.5 14 1.3 131.4 136.6 472.4 1.0 14 77.9 27.3 291.8 320.1 0.9 10 9.1 202.3 328.9 501.1
005255,0.8 8 0.7 236.3 155.0 333.3 1.0 14 64.4 160.5 104.0 218.8 0.8 14 15.6 152.2 75.9 293.0 1.0 19 0.8 118.2 111.9 246.7 0.6 14 346.9 250.0 499.5 333.4 0.8 8 291.2 136.9 350.2 265.8 0.6 8 418.0 150.8 458.4 258.3 1.0 14 20.8 151.9 74.9 224.7 0.7 10 169.1 260.7 356.9 333.4 0.6 14 271.0 255.5 499.8 333.7 0.8 7 199.1 240.9 247.1 292.0 0.5 8 378.8 148.7 456.6 260.0 0.7 8 211.8 261.4 355.5 333.4
005256,0.9 18 5.0 10.3 461.0 331.3
005261,0.7 14 206.8 60.7 342.7 206.0 1.0 14 178.0 188.0 353.6 374.8 1.0 14 89.8 166.2 182.9 265.1 1.0 14 207.6 60.3 342.7 260.2 1.0 14 0.9 138.8 137.9 375.4 1.0 14 325.3 182.1 499.7 375.3
005265,0.6 5 49.1 66.6 499.2 296.7
005266,0.5 8 43.8 197.9 273.3 374.4 0.6 17 44.8 198.2 346.5 372.6 1.0 8 178.4 159.6 265.3 245.0
005271,1.0 5 68.3 75.5 371.4 294.5
005272,1.0 14 113.5 181.2 154.4 210.2 0.7 3 347.7 24.5 497.0 202.9 0.6 3 343.7 23.1 498.8 170.9 0.7 3 227.9 2.3 375.4 158.2 0.6 3 341.9 20.9 461.0 180.9 1.0 3 73.6 0.9 229.9 228.8 0.5 3 342.1 22.2 460.8 202.5 0.6 3 226.1 2.6 461.3 195.3 0.5 3 344.9 23.7 498.9 200.2
005275,1.0 6 37.1 130.1 475.8 326.8
005276,0.9 1 62.3 175.7 137.6 314.1 1.0 1 1.5 195.3 80.2 340.3 0.9 1 320.5 295.9 479.0 375.4 0.7 14 466.7 276.1 480.7 311.2 1.0 14 84.1 133.4 146.3 328.3 1.0 14 121.7 114.8 191.4 321.1 0.7 1 64.3 179.5 196.2 315.1 1.0 14 1.2 109.9 83.4 324.4 1.0 14 163.9 104.7 289.1 375.1 1.0 1 164.5 211.1 328.2 375.4
005277,1.0 11 203.0 109.1 307.6 235.6
005279,0.8 2 27.6 34.8 307.8 295.4
005280,1.0 18 183.6 112.1 410.0 207.9
005282,0.8 2 14.3 41.3 357.3 287.6 0.7 2 26.1 41.2 354.5 217.0 1.0 2 201.8 42.6 353.9 210.0
005284,0.9 15 137.3 50.6 317.6 374.3 0.6 15 33.4 239.0 160.4 364.9 0.7 15 18.8 119.0 169.2 364.8 0.9 15 13.7 92.9 166.5 363.6 0.7 15 272.6 3.0 458.6 354.2 0.9 15 140.2 197.4 335.4 373.6 0.9 15 273.4 2.0 495.2 355.3
005286,0.6 14 94.5 66.2 350.2 351.7 0.7 14 97.5 64.7 437.5 311.2 0.9 14 98.6 65.1 437.0 351.8
005287,1.0 14 293.6 93.0 345.6 154.1 1.0 14 137.9 121.4 164.4 166.2 0.6 14 53.9 152.3 76.0 186.1 0.6 14 81.1 119.2 103.4 144.0 1.0 6 128.0 120.0 379.8 299.1 0.8 14 371.5 125.7 395.1 175.1
005289,0.6 16 102.7 152.5 181.1 307.1 0.5 16 360.4 144.0 433.9 256.6
005291,0.8 14 433.6 49.9 467.7 134.5 0.8 14 465.2 44.1 498.7 128.8 1.0 14 28.6 13.4 485.1 374.5 0.5 14 375.1 47.2 421.7 137.0
005294,0.7 13 2.3 2.1 497.0 374.0
005295,0.5 10 94.6 195.0 236.7 316.6 1.0 14 17.8 167.7 160.0 374.7 0.6 10 1.0 197.9 236.7 375.5 1.0 8 296.6 203.3 372.0 327.2 1.0 8 193.4 243.7 277.6 358.4
005296,1.0 14 324.7 218.6 360.9 278.9 0.9 6 0.8 256.0 109.6 340.6 1.0 6 163.7 267.8 498.5 374.2
005299,0.7 12 128.8 46.7 291.6 318.2 0.5 12 274.8 20.2 456.5 318.1 0.9 14 242.5 0.4 294.8 69.0 0.9 14 1.3 0.6 61.3 78.3 0.9 14 162.2 0.7 208.8 43.9 0.6 12 231.1 49.9 460.8 319.0 0.9 12 269.8 17.4 461.7 317.1
005300,0.5 1 340.0 1.2 500.5 279.1 0.9 7 222.1 38.5 345.3 250.9
005301,1.0 1 236.8 225.6 330.8 422.6 1.0 1 56.7 220.2 226.5 455.2 1.0 14 53.3 49.5 230.2 419.2 1.0 14 242.4 95.5 330.9 362.8
005302,0.7 10 107.7 185.8 220.7 247.6 0.7 8 155.7 190.6 189.0 239.5 0.5 10 104.6 185.2 207.4 239.3 0.9 8 129.0 189.3 164.7 240.0 1.0 8 88.6 187.9 126.0 239.0 0.6 10 102.7 185.4 337.3 261.3 0.6 10 113.5 187.1 196.7 240.9 1.0 8 179.9 190.5 213.9 238.4 0.7 8 241.1 185.4 283.3 223.1
005308,0.6 14 30.0 87.3 175.8 251.2 0.9 11 251.0 133.4 336.2 305.5 0.8 11 149.8 166.7 254.7 303.8 0.5 14 145.3 94.1 263.0 308.1 0.9 14 29.5 86.4 172.4 280.9 0.8 11 354.0 191.2 473.6 305.9 0.7 11 160.3 92.7 253.2 306.0 0.6 14 329.3 119.2 471.8 308.6
005309,0.9 7 0.4 9.8 430.3 322.1 0.6 7 0.1 9.1 498.2 324.7 0.7 7 242.8 12.1 498.8 325.1
005313,0.7 19 385.9 85.0 494.8 178.9 1.0 19 298.0 76.3 383.5 161.4 1.0 8 0.6 125.7 93.7 317.2 0.7 19 97.4 120.8 139.2 164.4 0.9 4 148.1 136.5 166.6 187.2
005316,1.0 14 58.7 97.2 104.8 251.4 1.0 14 98.1 94.4 125.7 227.5 1.0 13 113.4 135.5 352.5 295.7 0.7 13 114.4 150.9 347.5 294.6 0.8 13 334.0 180.4 435.0 244.8 0.6 13 109.2 211.7 498.2 374.6
005317,0.7 7 16.1 45.2 497.7 375.4
005321,0.5 11 0.7 95.7 363.5 327.9 0.7 11 83.9 71.0 371.3 333.5 0.6 11 78.4 91.0 364.0 276.5 0.8 6 192.2 0.5 498.5 105.3 0.6 14 2.0 -0.1 331.4 323.7 0.8 14 2.9 2.0 461.7 332.3 0.6 11 103.4 155.6 462.3 333.1 0.8 11 90.3 88.6 464.2 334.7
005322,1.0 14 1.5 5.8 272.6 495.1
005323,0.9 4 182.1 90.7 201.7 136.3 1.0 4 156.9 259.3 183.9 335.3 0.5 17 226.9 30.2 499.7 368.8 0.7 4 140.3 124.1 188.8 260.6 0.5 4 169.1 91.5 189.6 144.5 0.9 14 0.4 3.0 154.2 260.1 1.0 4 145.8 254.1 177.3 335.0 1.0 4 162.1 92.1 185.6 142.3 0.8 14 119.5 -0.2 274.3 97.0 0.6 14 175.6 0.6 499.0 349.3 0.9 4 179.6 87.1 245.7 320.4 0.7 14 180.7 36.1 498.8 374.7
005324,0.9 16 343.1 194.9 463.9 365.2 0.9 16 75.9 175.5 229.9 306.1 0.8 16 213.3 193.6 459.8 374.9
005329,0.8 3 2.7 237.5 157.3 290.9 0.5 11 0.7 311.6 86.3 419.9 0.9 3 174.5 125.3 257.4 264.3 0.6 3 276.1 183.6 356.6 262.7
005330,0.7 18 20.2 140.6 375.4 241.3 0.9 18 1.9 141.2 375.4 243.2 0.6 18 178.1 143.3 376.3 218.6
005332,0.6 14 337.7 127.2 367.4 170.1 0.9 14 335.6 126.7 370.3 184.9 1.0 1 226.1 149.6 261.5 192.9
005333,1.0 14 143.8 211.5 184.1 333.1 1.0 6 0.2 197.6 149.0 384.1
005334,0.5 12 22.3 131.4 224.0 502.2 0.9 12 31.2 128.5 311.3 501.9
005335,0.9 9 207.9 208.2 269.8 277.9 0.8 9 44.6 207.1 77.0 258.6 0.9 9 291.3 208.0 459.4 323.6
005339,0.8 9 124.7 21.8 225.4 72.3 0.9 9 394.8 68.0 489.7 244.1 0.7 9 132.9 68.3 212.8 243.3 0.9 9 1.7 30.4 160.4 322.6 0.7 9 231.2 36.2 402.6 388.8 0.7 9 171.1 64.3 227.0 241.9 0.6 9 178.9 36.6 404.9 386.4
005341,0.7 14 357.0 104.4 499.3 314.8 0.6 19 185.7 10.2 492.4 314.6 0.6 14 360.1 104.3 498.9 249.9 0.9 14 257.1 104.1 497.8 315.3
005342,0.6 14 230.1 27.4 389.8 149.6 0.9 12 139.0 153.9 237.6 299.4 0.9 12 53.8 148.7 166.9 288.9 1.0 14 229.3 26.5 412.8 215.7 0.8 12 228.2 113.7 452.7 312.3 1.0 12 228.6 113.7 491.3 311.9
005347,1.0 14 318.2 137.6 354.1 188.4 1.0 14 347.6 156.1 382.0 194.9 1.0 14 51.8 74.2 176.1 313.3 0.8 14 0.7 74.6 174.9 313.2 0.9 13 277.4 183.0 450.7 312.6
005353,0.5 17 2.1 102.6 299.5 300.7 0.9 17 0.6 96.4 499.4 303.4 0.8 17 255.2 97.0 501.1 300.0
005354,0.8 13 0.8 155.4 225.3 376.5 1.0 14 0.9 91.7 34.8 199.0 0.8 14 0.9 92.3 30.2 167.4 0.8 13 103.3 136.4 224.2 332.1 1.0 13 226.4 114.7 327.4 230.6 1.0 14 366.8 115.0 439.3 266.6
005356,0.9 7 79.4 188.5 242.0 375.9 1.0 14 2.3 2.2 496.2 374.1
005357,1.0 6 0.7 207.5 411.9 374.8 1.0 14 298.3 134.5 343.3 267.8
005359,0.7 18 0.8 58.2 215.1 416.5 0.6 18 1.8 66.1 310.0 418.8 0.7 14 130.7 145.7 161.7 187.5
005361,0.9 11 0.9 99.0 455.4 493.0 0.7 11 165.0 98.6 456.3 334.1
005362,1.0 8 178.2 231.4 222.5 291.2 0.9 8 273.0 230.8 313.5 292.8 0.8 10 0.7 309.9 162.5 467.7 1.0 8 83.4 227.4 122.8 280.9 0.7 8 18.7 230.1 73.7 270.1 1.0 8 137.4 229.7 177.7 287.8
005364,0.9 2 94.7 23.1 297.0 457.6
005366,0.7 14 61.6 59.3 410.3 374.5 0.6 14 27.1 0.4 190.3 317.9 0.7 14 376.8 1.2 499.3 182.9 0.9 14 25.9 1.8 191.7 373.9 0.9 14 62.4 59.4 486.5 374.9 0.7 14 61.2 59.0 408.9 361.4 0.8 14 274.8 0.7 478.9 183.3 0.9 14 275.1 1.8 496.0 340.3
005372,1.0 6 10.1 137.6 370.2 338.1
005375,0.6 19 360.5 203.1 403.7 268.3 0.9 19 362.3 201.1 453.8 269.0 0.8 1 2.3 22.5 272.1 270.2 1.0 14 227.1 162.9 350.4 304.1
005376,0.7 3 170.8 205.3 382.0 256.3
005377,0.5 17 169.9 45.9 272.2 135.0 1.0 14 1.0 25.7 170.1 245.4 1.0 10 -1.2 221.6 444.0 375.8 0.7 17 166.8 132.5 375.3 237.5 0.9 14 322.7 1.4 415.7 70.3 1.0 14 287.9 47.0 497.3 375.2
005381,0.6 5 21.0 294.8 256.6 500.0
005382,0.5 8 388.9 219.6 425.5 247.7 1.0 3 206.9 129.3 234.2 198.6 0.7 8 359.1 217.9 399.8 249.9
005386,1.0 14 102.7 1.7 396.1 374.3
005390,0.5 5 137.0 217.0 298.1 318.2 0.7 18 136.2 217.3 398.3 318.1
005392,1.0 14 217.9 152.0 285.9 333.3 0.5 14 281.9 151.2 335.5 254.0 1.0 14 279.9 152.8 337.0 332.9 1.0 0 36.4 50.2 496.7 210.5 1.0 14 192.3 79.3 223.5 167.9
005394,0.9 14 236.0 249.1 373.3 499.2 0.9 7 61.9 80.8 355.7 500.5
005399,0.9 14 108.3 128.8 283.6 332.8 0.6 14 8.8 133.9 283.0 332.9 0.6 14 107.2 66.3 498.6 333.3 0.5 14 181.7 129.3 283.0 332.9 1.0 14 250.8 65.7 499.9 332.9
005400,1.0 11 115.1 80.9 415.1 375.7 0.9 17 0.3 42.4 498.2 376.2
005401,0.9 14 367.9 0.4 433.4 109.0 1.0 6 55.9 75.2 387.1 319.0
005402,0.7 0 48.9 98.3 491.6 243.5
005403,1.0 2 129.3 121.2 285.6 195.0
005409,1.0 12 3.5 2.0 289.0 333.0 1.0 14 260.4 77.4 460.2 333.9
005411,0.9 8 287.2 174.2 343.1 358.9 1.0 19 21.2 54.1 135.6 156.5 1.0 14 73.8 6.2 323.6 498.7 0.9 8 1.1 170.2 63.3 294.3 0.6 14 161.2 4.8 325.9 499.0
005412,0.8 8 97.3 300.9 192.4 375.1 0.9 14 235.4 236.7 286.0 338.4 1.0 8 318.9 262.7 378.2 354.2 1.0 14 62.5 169.2 116.0 254.2 0.7 14 417.5 170.7 436.7 220.3 0.8 14 317.8 218.8 361.0 276.5 1.0 14 316.1 220.5 359.6 336.6 0.9 14 432.8 166.6 457.9 220.4 0.9 14 135.5 183.0 192.6 358.3 1.0 8 231.7 261.5 284.4 345.3 0.7 10 185.7 211.8 228.8 240.6 0.8 14 256.9 163.9 281.5 236.6 1.0 8 99.4 251.4 187.9 375.4 1.0 14 134.3 184.6 190.7 315.3 1.0 14 0.7 195.7 48.2 272.5 0.8 14 238.5 237.6 284.9 303.4 1.0 14 228.4 163.7 260.2 239.2 1.0 14 103.6 197.8 144.8 250.7 0.5 14 430.6 165.5 452.5 192.7 0.6 6 413.5 272.6 498.6 374.2 1.0 14 366.8 158.0 428.2 323.0 0.8 14 316.0 208.2 337.7 254.6
005415,0.8 11 179.4 220.0 242.6 253.5 0.5 11 412.2 227.2 468.8 292.8 1.0 14 205.0 87.0 265.1 240.2 1.0 14 57.4 67.8 132.0 273.2 0.7 11 359.1 232.1 428.0 278.4 1.0 14 356.3 68.6 402.5 229.6
005422,1.0 18 48.0 94.2 333.8 246.5
005425,1.0 14 92.3 93.1 180.2 422.6 1.0 14 160.9 52.1 258.0 439.4
005426,0.5 8 317.0 84.4 452.0 307.1 0.6 11 227.6 30.3 333.0 246.3
005427,0.9 3 82.0 47.8 314.4 247.7 0.6 3 87.4 120.3 134.4 203.7 0.9 3 83.0 38.5 393.6 247.2 0.5 3 274.5 32.3 395.0 220.8
005428,0.5 4 188.9 8.5 337.5 498.6 1.0 4 14.5 3.9 213.4 365.0 0.9 4 209.3 8.3 326.5 202.2
005432,1.0 6 23.6 9.2 477.3 362.7
005435,1.0 13 111.4 216.7 372.9 429.9
005437,0.9 14 4.4 89.9 25.1 122.2 1.0 6 1.0 114.3 496.8 336.3
005442,1.0 14 126.6 0.4 256.3 139.0 0.8 14 401.0 1.3 499.5 367.2 0.9 4 422.6 123.1 471.8 221.9 0.8 14 398.5 1.4 499.3 317.5 1.0 14 28.4 1.3 166.5 255.2 1.0 14 17.5 125.6 292.5 375.6 0.8 14 282.8 1.0 440.3 134.8 0.8 14 17.3 121.0 447.1 375.3 0.5 4 424.3 122.5 471.6 227.1 0.9 14 273.2 0.7 442.1 175.0 0.5 14 147.0 114.6 448.1 375.0 1.0 14 250.5 104.9 450.6 375.1 0.6 14 274.8 0.9 435.4 127.5
005443,1.0 6 10.3 259.5 317.3 482.6
005444,0.9 7 14.6 167.8 187.5 304.9 1.0 7 108.8 87.8 394.5 374.7
005446,0.8 11 1.7 351.9 164.3 498.1 0.8 11 286.6 191.6 332.7 428.2 0.5 14 272.4 0.7 332.4 94.3 0.8 11 1.5 347.7 163.0 497.6 1.0 11 91.0 0.1 235.9 220.8
005447,1.0 6 252.8 118.9 293.6 147.6 0.6 17 91.4 159.2 308.7 298.9 0.9 6 360.9 124.8 397.9 156.0 1.0 14 176.5 120.8 263.8 322.5 0.9 17 98.3 160.4 418.9 299.3 1.0 14 282.3 127.2 369.6 304.7 0.8 6 380.5 128.6 461.9 166.9 0.5 17 239.7 161.8 418.0 293.9 0.9 6 339.7 124.6 368.6 148.3
005449,0.7 14 63.3 30.1 341.8 313.7 1.0 14 1.8 30.8 339.5 314.0
005452,0.0 0 0.0 0.0 10.0 10.0
005456,1.0 14 111.7 12.7 181.1 129.7 0.8 12 256.7 90.4 317.8 200.6 0.6 14 259.5 95.7 273.5 131.8 1.0 12 110.3 27.7 210.3 212.8
005458,1.0 0 155.6 133.8 355.9 193.0 0.9 0 19.3 134.2 471.5 320.0
005459,1.0 14 123.5 208.1 204.6 498.1 0.6 8 4.7 324.8 56.6 496.5 0.9 14 83.4 294.1 146.4 499.0 1.0 14 9.0 210.1 137.3 498.5 0.9 14 88.2 293.2 145.4 374.9 0.9 14 120.4 341.7 201.1 499.5 1.0 14 175.6 207.4 322.7 498.9
005460,0.9 7 33.7 104.0 464.3 364.7 1.0 7 35.3 2.6 485.2 368.3
005462,0.9 7 4.1 28.7 317.2 372.0 0.9 7 2.4 30.5 320.3 444.3
005463,0.9 18 55.9 33.7 394.9 260.4 0.9 18 1.8 34.8 485.6 264.3
005464,1.0 14 178.0 46.0 203.5 93.9 0.9 8 0.5 45.9 60.1 172.3 1.0 14 153.2 52.6 175.4 94.1 0.9 8 291.4 78.0 333.3 216.2 0.5 8 121.9 36.6 229.5 187.0 1.0 10 0.6 143.5 331.8 500.6
005466,1.0 14 117.3 251.5 139.3 300.0 0.8 8 164.6 192.6 229.3 280.1 1.0 14 154.6 229.0 175.3 298.1 0.8 10 56.7 183.0 184.8 314.3 0.9 14 131.1 253.9 151.3 300.7
005468,1.0 6 1.3 98.0 150.0 205.2 0.6 6 455.9 101.0 499.6 136.4 0.9 13 12.1 36.8 472.6 457.4 0.9 13 15.6 85.5 473.0 458.2 1.0 14 283.3 14.0 384.8 438.1 1.0 6 379.9 108.4 499.5 231.0
005472,1.0 2 126.5 164.9 361.9 298.8
005473,1.0 14 122.9 159.5 164.6 211.7 0.7 17 194.5 182.5 498.2 327.4
005474,0.6 8 0.4 2.5 98.5 373.8 0.9 7 90.3 80.1 347.0 289.7
005476,1.0 11 101.9 211.8 318.9 437.8 0.6 11 212.4 337.9 374.5 501.8 0.6 17 0.2 101.4 374.3 501.0
005477,0.7 14 25.6 29.3 59.7 60.2 1.0 14 0.5 64.1 64.8 375.3 0.7 14 15.2 48.4 70.3 172.7 0.6 14 17.3 29.4 78.3 106.2 0.6 14 0.9 53.2 62.2 214.7 0.8 8 132.5 58.4 206.8 374.3 0.7 14 273.7 0.4 333.7 96.0 0.8 14 0.8 63.8 59.2 201.8 1.0 14 121.2 55.9 166.7 143.0 0.8 14 0.9 67.6 63.7 212.3 1.0 14 55.7 48.0 148.3 375.3 0.9 14 17.8 46.6 78.2 109.9 1.0 14 185.3 50.0 382.4 304.2 0.6 8 134.1 58.9 204.7 258.8
005479,1.0 13 106.3 80.9 325.9 291.5 0.7 14 131.9 20.8 331.2 284.2 0.5 14 186.7 21.3 332.6 285.0
005480,0.5 19 407.2 156.3 455.6 257.7 1.0 1 130.3 108.3 366.7 406.0 1.0 1 133.0 183.6 340.5 404.8
005482,0.9 14 368.0 0.7 499.6 181.1 0.9 7 140.2 42.6 309.2 178.4 0.7 7 141.0 42.5 246.1 156.6 0.9 7 1.2 43.4 297.4 180.7 0.9 14 264.4 0.7 432.1 176.8 0.8 14 266.0 0.2 498.9 180.0
005484,1.0 6 403.3 184.2 455.8 212.8 0.7 6 140.5 139.2 325.2 266.3 0.5 6 480.2 142.5 500.0 282.0 0.6 5 137.1 58.7 326.2 267.4
005488,1.0 14 35.6 44.7 270.0 332.5 1.0 14 273.0 118.3 499.8 333.5
005490,0.7 14 107.0 45.3 267.6 260.2 1.0 14 20.7 44.8 270.0 331.3
005491,1.0 14 185.5 85.5 393.7 324.8 0.9 8 345.6 184.7 411.2 282.8 0.7 8 127.6 166.3 224.8 327.4 0.6 14 183.1 39.0 206.2 73.9 1.0 4 277.9 185.5 350.2 375.1
005492,0.5 13 103.3 12.6 330.0 309.7 0.7 13 115.9 25.9 332.3 310.2
005493,1.0 6 38.5 49.3 484.3 255.7
005494,1.0 15 49.8 175.2 132.8 334.9 1.0 14 116.8 5.3 273.5 470.7
005495,1.0 2 133.7 67.9 332.7 433.4
005498,0.9 8 0.6 245.5 188.9 376.2 0.9 8 413.2 171.8 496.6 317.2 1.0 17 88.1 175.7 359.6 315.5
005500,0.9 4 5.1 271.3 92.4 371.8 0.9 14 33.7 91.9 282.8 345.2 0.6 14 26.7 91.2 290.4 373.5 1.0 14 266.2 90.8 500.3 374.2
005501,0.9 6 23.5 55.1 449.3 330.2
005502,0.6 2 244.9 134.5 312.8 228.1 0.8 2 184.0 126.8 235.5 214.5 0.9 1 1.6 2.1 498.0 374.8 1.0 2 183.1 127.8 241.8 299.9 1.0 2 229.6 134.1 313.7 324.1
005503,1.0 1 68.5 52.5 483.9 335.3
005504,0.9 18 0.4 160.7 200.0 231.6 0.8 18 1.3 157.3 406.2 283.5 0.8 18 182.5 176.7 379.3 274.1
005505,0.8 12 76.3 60.1 355.0 324.8 0.6 12 51.5 58.6 356.0 324.3 1.0 14 58.1 137.2 152.2 324.3 0.9 12 49.9 59.6 498.7 324.1
005506,0.8 13 265.2 13.0 338.3 58.3 0.9 13 101.9 97.1 356.5 272.7 0.5 13 99.3 147.1 328.9 271.5 1.0 13 86.2 14.0 169.3 80.3 0.8 13 101.2 63.6 357.8 271.0 0.6 14 281.8 51.3 356.7 143.9 0.5 13 242.8 2.3 338.3 59.3 0.6 13 278.1 1.2 368.7 62.1
005512,0.8 11 28.5 16.4 320.3 333.0 0.9 11 154.0 152.5 317.0 332.2 0.8 11 69.5 14.6 492.0 175.1 0.9 11 172.6 9.7 495.7 167.8
005513,1.0 12 69.6 47.1 302.1 212.1 1.0 14 151.8 -0.0 303.7 203.4
005516,1.0 1 31.0 32.0 440.1 339.6
005520,1.0 6 92.9 3.6 135.0 22.4 1.0 6 21.8 7.9 56.2 25.1 1.0 6 56.1 4.9 96.5 23.1 1.0 6 279.7 0.9 317.9 20.4 1.0 6 225.3 0.9 269.2 20.2 1.0 6 137.7 1.1 180.6 20.9 0.9 6 1.1 7.7 24.8 25.4 1.0 6 -0.2 27.2 296.6 450.3 1.0 6 181.2 1.0 226.2 20.2
005523,1.0 14 453.3 25.3 495.6 117.5 0.7 14 194.0 26.4 236.5 79.7 0.8 14 451.2 25.7 495.8 169.2 0.9 14 188.8 26.1 237.0 87.2 1.0 14 168.9 24.2 203.5 93.4 1.0 14 120.0 32.2 148.9 63.1 1.0 14 431.7 6.3 455.2 37.3 0.9 6 0.3 1.1 498.0 343.1 0.8 6 176.1 72.1 457.1 166.0 1.0 14 406.7 21.8 439.1 120.4
005525,0.7 15 48.2 15.0 228.0 339.6 0.8 15 51.0 9.2 498.9 339.1 0.9 15 173.9 2.2 496.9 334.9
005528,0.9 11 166.5 34.3 468.9 366.8
005529,0.5 9 251.2 138.8 367.5 199.2
005532,0.9 2 240.3 117.3 291.4 183.1 1.0 2 148.9 203.4 295.9 279.6 1.0 2 183.4 143.0 238.3 213.3 0.7 2 316.9 186.0 363.1 226.4 0.5 2 250.7 99.8 284.5 125.8 0.7 2 347.1 148.6 396.2 220.2 0.6 2 240.8 148.5 289.4 185.1
005533,0.7 14 130.4 192.8 182.5 264.1 0.6 14 127.3 193.4 182.3 264.6 0.9 14 282.4 202.1 331.4 293.9 0.5 14 132.3 193.8 161.1 230.0 0.9 14 32.2 217.0 77.2 308.0 0.9 14 0.6 219.5 21.3 263.9 1.0 14 266.9 196.3 303.5 283.3 0.8 14 0.7 260.6 44.3 398.1 1.0 14 31.1 218.0 79.7 391.3 0.9 14 125.5 193.7 181.6 346.1 1.0 14 161.8 178.2 215.9 343.3
005534,1.0 6 444.6 106.4 499.8 193.1 0.6 13 94.5 70.3 420.8 321.2 1.0 13 96.5 30.5 432.6 321.5 0.6 13 97.5 70.7 434.9 320.7 0.5 13 160.5 73.4 435.1 281.7
005537,0.7 0 50.4 135.1 387.5 285.5
005538,1.0 7 45.2 277.6 161.9 410.5 1.0 7 116.7 184.7 273.1 277.7
005540,0.8 1 23.6 151.4 244.8 283.7 0.8 14 112.1 53.5 172.6 135.9 0.9 1 24.1 117.1 477.5 281.2 1.0 1 228.9 117.5 478.0 272.9
005543,0.9 14 418.8 213.8 455.3 248.2 0.6 14 441.8 219.1 462.7 241.7 0.5 8 212.7 75.7 330.5 189.5 0.9 19 0.8 170.3 151.3 375.6 0.7 7 206.3 129.6 312.7 361.5
005545,0.7 8 105.0 207.6 252.9 395.2 0.5 19 46.2 176.4 83.6 243.2 0.9 10 102.8 204.3 264.0 293.6 1.0 8 28.0 235.7 89.1 404.5 0.6 8 113.4 272.3 248.6 397.7
005546,1.0 14 48.7 319.5 64.8 367.3 0.6 6 263.8 318.3 332.9 491.6 0.6 6 222.6 316.6 267.4 420.2 1.0 14 145.3 190.6 218.0 281.1 1.0 14 78.5 319.8 94.3 367.0 1.0 14 104.8 241.5 250.5 497.6 0.6 14 96.6 276.9 114.6 320.5 0.8 6 267.9 327.8 332.7 496.3 0.9 14 65.2 316.4 77.4 357.2 0.9 6 242.0 316.0 332.9 441.4
005548,1.0 14 253.2 151.3 332.9 500.3 0.9 14 271.5 152.6 332.8 314.5 0.7 14 31.1 78.1 217.9 497.6 0.5 14 1.9 72.0 218.8 498.8 0.9 14 30.5 77.9 274.7 500.2
005551,0.6 8 0.9 248.3 90.7 375.3 0.5 4 238.2 210.6 254.0 252.5 0.8 19 44.3 173.1 176.7 288.7 0.5 19 177.9 39.0 259.2 142.3 0.8 19 62.0 30.9 172.0 126.1 0.5 19 35.2 161.9 206.8 292.1 1.0 17 274.8 168.3 499.2 305.9
005553,0.9 14 122.9 39.2 314.5 349.4 1.0 13 54.6 106.0 353.3 430.0 1.0 14 125.0 39.1 315.4 375.4
005555,0.8 8 218.9 1.1 333.1 118.2 0.9 8 131.6 115.0 313.8 373.9 0.9 8 138.9 51.8 310.7 227.9 1.0 8 325.7 4.3 498.7 137.0 0.5 10 209.7 229.0 474.4 376.5
005556,0.9 8 0.6 273.9 109.4 333.1 0.9 6 421.8 205.4 483.1 232.2 1.0 14 117.4 45.0 256.7 333.2 1.0 14 230.3 70.5 382.7 333.0
005557,0.6 11 23.8 138.7 256.7 428.8 1.0 11 73.7 137.6 256.9 425.4
005558,0.8 14 393.6 35.4 472.2 135.8 0.6 14 451.9 42.0 499.7 267.2 0.9 14 89.8 0.8 139.8 62.5 1.0 14 0.8 0.5 100.2 188.1 0.5 14 456.6 40.6 499.8 166.6 1.0 6 89.0 8.7 469.4 324.4 1.0 14 395.5 1.7 472.6 138.8 0.5 14 304.4 0.8 385.2 83.1
005560,0.5 14 184.4 53.1 290.5 222.5 0.9 13 142.8 150.9 409.0 346.4 0.9 14 184.9 55.0 291.4 290.5 0.6 13 143.5 149.2 407.1 346.3
005561,1.0 1 101.6 192.2 338.3 445.7 0.9 1 133.4 213.9 338.5 446.8 0.7 1 142.7 412.8 371.3 500.5 1.0 14 187.3 155.1 270.6 414.4 0.9 1 130.6 239.8 339.0 500.1
005562,0.6 7 2.1 3.3 400.9 374.0 0.9 7 2.0 2.6 466.0 374.4 0.8 7 179.9 2.9 461.6 374.5 0.8 7 179.8 2.5 469.4 374.2
005564,0.6 12 25.2 36.0 216.2 331.8 0.8 12 26.4 34.8 216.2 383.9 0.5 12 25.5 33.9 215.8 382.8 0.8 11 109.7 143.0 200.8 386.7
005565,0.9 8 111.0 256.6 199.3 335.0 1.0 19 76.1 8.8 322.6 391.6
005567,0.6 2 88.9 72.8 190.0 237.5 0.7 15 155.9 108.4 489.0 365.7
005569,0.8 18 71.8 226.4 412.6 351.4
005570,0.6 14 160.6 41.5 199.0 134.4 0.8 14 346.7 41.0 500.5 374.9 1.0 14 318.0 78.7 366.0 127.2 1.0 4 308.8 167.7 355.5 292.7 1.0 14 288.0 70.4 326.7 125.6 0.9 14 1.0 64.8 60.4 199.1 0.5 14 0.4 63.7 65.1 344.8 0.9 14 88.5 78.2 163.9 138.8 0.8 14 2.1 30.6 300.7 375.6 1.0 14 2.7 29.5 305.7 375.5 1.0 14 136.1 79.4 172.9 130.5 0.9 14 169.5 41.5 197.4 97.5 1.0 14 45.0 76.3 99.2 146.6 0.9 14 280.2 42.2 500.9 375.6
005571,1.0 13 26.4 68.1 448.7 307.6
005572,0.8 12 125.9 77.2 460.9 435.9
005575,0.9 0 6.5 166.4 243.4 276.0 1.0 0 8.6 105.0 493.0 266.2 0.9 0 128.0 105.7 492.8 260.0
005578,0.6 16 183.0 126.5 225.1 179.0 0.6 16 116.0 135.0 223.9 266.9
005580,0.6 7 56.3 58.9 266.7 373.7
005581,1.0 7 101.8 173.7 138.8 227.3 1.0 7 184.5 154.0 234.6 224.5
005587,0.6 4 86.8 152.9 104.8 198.1 1.0 19 242.1 109.5 339.1 217.2 0.6 8 138.7 86.9 242.7 272.8 0.8 4 141.7 213.2 156.2 254.9 0.7 8 119.8 262.8 240.1 375.3 0.7 8 8.9 215.7 121.7 376.8 0.7 8 216.7 261.5 337.8 375.4
005589,1.0 8 392.0 69.9 457.0 202.0 0.7 19 319.9 44.3 378.6 107.4 0.7 8 75.1 97.7 306.3 281.2 1.0 8 324.0 100.2 420.2 254.5
005594,0.5 11 232.7 250.5 393.8 459.7 0.6 14 7.8 37.8 319.5 452.9 0.9 14 7.3 36.1 390.5 467.5
005595,0.9 13 11.6 52.4 250.3 367.9 1.0 14 137.0 16.8 371.3 411.4 0.9 13 12.4 46.8 497.8 414.2
005596,0.8 14 173.9 161.0 209.9 208.7 0.6 14 75.5 79.4 96.4 106.3 0.8 14 181.4 75.2 249.7 167.9 1.0 14 78.6 79.4 133.6 204.7 0.9 14 169.0 160.3 210.7 256.2 0.9 14 72.7 79.9 100.2 146.1 0.9 8 96.0 287.9 174.6 486.1 1.0 14 0.7 71.8 105.8 458.5 1.0 14 100.6 176.4 255.4 394.7 0.9 10 125.0 208.8 374.9 502.3 0.5 14 204.0 144.8 280.6 281.3 0.7 14 155.2 192.1 192.0 250.4 1.0 14 181.6 74.5 249.5 151.6 0.7 14 206.2 143.6 276.0 236.9 1.0 14 204.0 144.7 277.5 256.7
005597,1.0 8 1.2 231.6 131.5 376.1 0.6 8 345.3 161.8 413.1 307.8 1.0 8 337.7 158.3 417.0 308.9 0.8 8 7.8 185.6 98.7 248.5 1.0 8 278.9 191.2 350.0 368.8 0.8 8 104.9 163.1 215.6 229.2 0.8 8 205.5 153.9 274.9 199.4 1.0 10 40.1 181.1 355.0 374.7 1.0 8 198.1 203.1 293.6 375.0
005598,1.0 5 53.9 33.9 423.5 254.8
005602,0.8 11 129.8 105.7 348.1 270.2
005604,0.6 3 87.8 410.0 199.2 463.6 0.8 3 0.9 0.8 297.9 460.8 0.9 3 308.2 413.1 374.2 451.7
005607,0.8 7 227.2 179.9 313.1 268.3 1.0 7 173.7 119.2 344.5 265.3
005610,1.0 14 164.4 70.5 293.7 256.8 1.0 12 67.6 124.4 340.7 391.6
005612,0.5 14 97.3 98.4 122.4 117.5 0.6 14 1.1 32.8 155.8 278.6 1.0 14 0.5 31.4 106.5 265.7 0.7 14 0.4 32.4 110.2 309.0 0.9 14 235.4 57.7 269.7 109.2 1.0 14 109.0 5.7 269.5 243.7
005616,0.5 18 156.8 75.7 402.0 174.2
005617,0.7 9 281.2 194.5 347.1 271.3 1.0 14 66.4 71.0 160.9 266.8 0.8 9 205.0 142.1 342.6 266.6 0.8 9 221.6 143.0 333.4 264.8
005619,0.9 1 2.5 4.0 496.5 374.1
005621,1.0 7 138.4 125.7 411.9 312.9
005622,1.0 14 343.2 152.8 499.3 351.1 0.6 14 337.4 140.7 499.4 367.7 1.0 14 282.1 114.4 363.4 241.6 0.9 8 1.0 282.5 114.8 370.8 0.8 14 345.2 153.5 498.2 316.3 1.0 14 67.9 136.4 114.4 213.7 0.9 14 344.5 115.8 397.2 167.1 1.0 14 425.9 102.1 463.1 140.7 0.5 14 1.8 143.6 104.3 293.1 1.0 14 167.8 106.2 234.7 195.6 1.0 14 1.2 145.7 97.6 297.5 0.7 14 68.4 135.7 141.9 369.9 0.9 14 1.2 144.5 103.9 347.3 0.9 14 466.2 110.0 498.7 142.3 1.0 10 76.5 173.9 479.0 372.6 0.6 14 341.6 151.2 499.1 369.8 1.0 4 224.8 216.1 246.7 273.4 1.0 14 229.5 131.8 312.0 231.1 0.9 14 337.3 115.4 447.0 267.9
005623,0.8 8 12.1 12.0 343.7 392.6 0.5 10 13.3 9.9 470.6 394.0 0.9 8 379.2 3.5 497.5 116.9
005626,0.9 18 4.5 36.9 484.5 324.4 0.9 18 49.2 33.7 481.3 319.8 0.5 14 132.8 178.8 152.8 214.6
005627,0.6 6 240.5 75.2 297.2 91.2 0.7 6 176.1 73.8 237.1 96.2 0.8 6 56.1 64.4 103.0 88.9 0.6 6 298.7 78.5 358.9 107.3 0.9 6 451.1 71.4 499.7 118.3 0.6 6 55.7 86.9 179.5 172.1 1.0 6 94.0 89.9 315.2 193.1 1.0 6 1.0 89.4 74.9 162.2 0.8 6 8.5 86.0 178.4 171.9 1.0 6 56.2 86.3 181.0 173.3 0.9 6 378.1 77.9 439.4 98.2 0.8 8 145.8 183.0 253.4 265.6 1.0 6 257.5 95.0 487.5 212.8 1.0 6 285.6 76.6 358.3 107.2
005628,0.9 10 1.7 9.9 497.5 375.7 0.5 14 337.8 -0.0 401.6 62.8
005632,0.9 1 39.6 64.5 275.5 278.7 1.0 1 1.0 64.2 276.4 279.1
005633,0.7 0 68.0 62.6 163.1 97.1 0.7 0 22.6 72.1 341.8 208.6 1.0 0 21.3 45.4 497.0 216.0
005634,0.7 8 181.1 120.9 329.4 181.8 0.8 4 265.4 204.4 321.3 285.6 0.9 14 293.2 49.8 437.9 309.0
005635,0.9 4 181.8 60.2 308.4 362.7 0.5 4 282.2 61.1 361.3 374.8 0.5 4 222.5 59.5 297.3 221.2 0.9 4 109.3 80.8 208.5 267.8 0.7 4 109.2 80.8 205.1 218.9 0.8 4 205.5 59.6 298.2 280.2 0.8 4 116.4 184.7 194.5 373.8 0.9 4 29.0 105.8 145.6 375.8 0.9 4 425.1 67.8 442.9 138.3 0.9 4 29.0 104.1 138.1 290.7 0.9 4 281.9 57.5 363.1 288.1 1.0 4 383.6 58.1 437.9 138.9 0.5 4 184.2 189.2 312.2 360.3
005638,1.0 14 74.7 91.0 359.3 332.9 1.0 6 289.5 179.3 499.1 333.8
005642,0.9 1 162.6 67.5 367.0 290.3
005643,0.5 18 12.1 101.8 486.7 334.0
005646,1.0 7 62.5 163.9 161.5 239.2 0.8 7 1.0 163.5 165.1 251.3 1.0 7 190.7 163.7 327.8 238.0 0.9 7 359.0 179.8 499.2 240.4
005649,1.0 6 91.8 127.6 429.4 306.5
005650,1.0 14 89.6 68.7 380.4 375.6
005651,0.7 11 231.8 90.2 383.6 275.4
005656,0.8 8 0.9 126.8 78.9 260.3 0.7 14 210.5 82.9 288.5 184.7 0.9 14 170.6 92.2 222.4 172.6 0.7 14 97.6 110.7 126.7 139.7 0.8 8 1.1 129.5 101.9 260.7 1.0 14 29.4 77.7 88.2 261.7 0.6 8 319.2 176.8 474.4 335.0 0.9 4 440.7 251.8 487.2 334.7 1.0 14 97.1 110.5 138.5 262.3 0.7 8 146.3 151.6 216.6 247.4 1.0 14 169.2 92.7 223.9 238.3 0.8 14 113.8 217.6 275.6 335.0 1.0 14 207.9 77.7 297.2 231.7 0.6 14 97.8 111.2 138.4 183.7 1.0 14 112.7 217.6 395.0 334.2 0.5 8 263.4 248.8 409.0 335.4 0.8 14 291.7 88.5 425.2 300.5 0.9 14 292.4 88.1 434.4 245.0 0.5 8 206.0 172.7 313.3 333.9 0.8 14 210.5 77.4 393.7 294.4 0.8 8 209.6 163.2 428.2 335.4 0.9 14 292.0 87.6 471.9 333.9
005659,0.9 18 76.4 164.9 200.7 214.9 0.8 18 1.0 142.7 81.2 229.2 0.5 18 181.0 63.0 499.5 256.3 0.9 18 196.8 62.8 499.4 228.3
005661,1.0 8 9.2 253.6 153.7 375.1 0.7 15 151.4 155.7 199.1 203.3 1.0 8 162.8 262.3 268.3 374.9
005663,1.0 6 39.7 180.7 77.6 200.0 0.7 6 257.4 308.5 362.4 334.7
005665,0.6 8 208.3 30.7 256.4 121.9 0.7 8 373.1 30.2 415.5 92.7 1.0 8 374.7 161.5 477.1 276.6 1.0 8 319.9 65.9 395.6 150.6 0.6 8 407.2 107.1 485.4 180.5 1.0 8 88.3 66.5 157.6 145.9 1.0 8 69.4 154.0 171.5 270.0 1.0 8 37.8 99.8 111.0 195.5 1.0 8 201.6 56.6 254.6 128.2 0.7 10 235.1 45.8 288.5 87.7 0.6 8 325.7 30.0 399.1 142.1 0.9 8 284.4 38.0 326.7 91.3 1.0 8 227.8 188.8 324.6 304.5 0.8 8 328.1 28.0 372.0 86.8
005666,1.0 14 38.3 434.8 74.2 499.7 1.0 14 194.3 399.5 236.3 500.2 0.7 14 240.3 419.0 256.2 461.8 0.7 6 228.0 418.6 254.0 441.8 0.7 1 87.5 171.5 196.0 337.8 1.0 14 86.2 408.0 136.3 500.0 0.5 1 8.8 168.1 193.8 331.9 1.0 14 0.4 397.9 35.3 500.2 1.0 14 39.7 413.6 84.8 497.6 1.0 14 243.3 417.8 264.7 500.5 0.6 14 243.9 420.5 259.3 472.6
005667,0.6 16 68.4 203.9 308.4 272.5 0.5 2 195.7 251.1 236.5 293.8
005670,0.9 14 12.0 204.3 60.7 280.6 0.8 14 0.8 210.5 18.0 286.1 0.9 5 67.9 34.7 462.3 297.7
005671,1.0 11 0.3 38.5 470.9 373.8
005673,0.6 15 18.3 200.9 119.5 297.3 0.5 15 133.7 104.0 227.7 199.3 0.5 15 21.1 95.7 120.0 293.5 0.6 15 132.4 104.3 227.3 296.9 0.5 15 252.8 208.3 343.0 301.8
005675,0.8 14 85.4 1.2 164.9 95.1 0.7 14 1.2 1.9 165.0 199.0 0.9 14 180.0 0.8 338.2 140.1 0.6 11 1.0 85.6 243.0 394.9 0.9 14 0.7 1.8 248.1 400.1 0.8 14 180.3 1.1 347.5 234.7 0.6 14 1.8 0.6 354.5 402.9 0.5 11 0.3 77.3 357.1 401.2 0.9 14 184.4 0.2 356.2 316.2
005677,0.6 14 80.3 270.9 138.3 355.6 1.0 14 103.3 274.4 137.8 355.1 1.0 12 106.7 65.2 358.6 356.7 1.0 14 192.5 77.6 313.4 356.0
005678,0.8 6 250.9 1.4 498.0 181.3 0.9 13 42.2 8.1 479.9 328.3
005681,0.6 2 16.1 45.3 470.5 347.7 0.9 2 19.6 47.6 220.4 344.5 0.7 2 19.4 43.7 464.0 320.5 0.7 2 190.8 170.9 447.5 305.6
005683,0.9 8 67.9 187.7 277.8 375.4 1.0 1 53.6 0.7 498.8 318.9
005684,1.0 8 0.4 278.0 88.1 400.4
005688,0.6 7 300.1 48.6 454.2 247.7 0.7 7 66.1 145.3 390.5 334.8 1.0 7 169.6 79.3 320.3 213.6 0.7 7 242.2 43.4 455.6 248.2
005689,0.9 18 1.2 19.6 495.6 374.0
005690,1.0 18 0.7 118.8 443.1 206.2
005691,0.8 14 0.4 52.6 40.7 337.4 0.8 14 0.3 52.6 31.6 250.4 1.0 14 8.8 3.0 216.2 499.4 0.6 14 35.2 3.3 217.8 499.9
005692,0.7 7 95.1 43.0 442.9 263.8
005694,1.0 6 23.4 83.0 434.3 351.5
005698,0.8 14 317.3 0.5 357.7 48.1 0.7 14 0.6 0.4 114.5 148.1 0.9 14 392.3 0.4 432.3 50.4 1.0 14 427.2 0.9 470.7 100.2 0.8 14 0.7 0.1 55.6 172.6 1.0 14 94.8 17.8 206.8 215.5 0.9 14 464.0 7.3 491.5 65.7 0.9 14 39.0 1.3 112.7 102.2 0.9 14 1.1 0.8 58.4 129.6 1.0 14 0.7 92.2 149.1 296.7 0.8 14 159.1 90.9 495.4 325.6 0.5 14 265.9 106.3 497.6 322.5 0.9 14 157.1 88.2 345.1 283.2 0.6 14 273.6 87.3 347.7 207.2 0.9 14 264.4 105.3 497.9 325.0
005703,0.8 15 1.2 189.3 69.4 324.7 0.5 14 136.8 11.8 370.1 340.6 1.0 11 140.0 144.9 255.9 275.0 1.0 14 71.9 13.6 338.7 499.9
005706,1.0 6 41.2 203.2 468.1 338.2
005707,1.0 13 398.6 200.9 468.0 246.0 0.5 14 464.5 207.4 480.6 232.3 0.6 13 482.3 216.1 500.1 283.1
005708,1.0 14 218.5 40.2 309.1 288.3 0.8 14 0.6 26.3 123.3 310.1 1.0 14 361.7 43.8 411.9 218.9 0.9 13 1.6 77.1 138.0 356.0 0.9 14 1.0 26.6 126.5 352.1 0.9 6 124.9 100.4 161.3 123.2 1.0 13 391.6 93.1 499.7 261.4 1.0 14 361.4 42.3 411.1 302.9 1.0 14 285.7 34.5 381.1 357.8
005709,1.0 1 78.3 133.3 306.7 284.8 1.0 14 161.7 59.5 287.7 189.5
005711,0.8 9 145.8 145.9 208.5 181.0 0.7 9 153.5 166.9 383.1 326.5 0.5 9 179.1 157.9 332.1 310.1 0.9 9 191.3 169.6 383.2 326.7
005712,1.0 11 0.4 21.0 368.7 304.9 1.0 14 312.5 1.8 499.8 332.1
005717,0.6 6 120.0 50.8 267.1 92.4 1.0 14 343.8 178.0 498.6 375.4 1.0 14 309.4 160.6 375.0 243.3 0.8 14 300.0 161.5 376.7 374.7 0.8 6 167.2 51.0 241.5 75.7 0.9 6 0.9 70.5 67.8 156.3 1.0 14 146.9 94.9 266.7 220.7 0.6 6 114.8 48.7 168.1 88.4 1.0 14 1.4 93.8 179.8 375.6 1.0 6 53.4 43.2 100.6 72.9 1.0 10 111.4 184.7 436.9 357.5 0.6 14 191.7 268.6 364.3 375.1 1.0 14 188.0 269.0 298.1 374.7 0.9 6 328.0 52.5 382.2 81.3
005720,0.6 3 33.0 401.6 145.5 462.8 1.0 14 58.4 357.4 97.6 436.5 0.9 3 30.3 -0.2 302.1 464.7
005721,1.0 4 202.9 227.7 225.9 302.2 0.6 14 102.5 142.6 218.1 359.9 1.0 4 326.1 259.4 345.4 318.7 0.8 14 105.0 142.2 386.8 372.7 0.6 4 442.0 0.6 467.9 41.1 0.9 14 119.8 143.6 395.1 373.6 0.9 17 6.3 148.8 487.7 373.2 1.0 14 254.9 137.1 379.8 281.7 0.6 14 172.8 143.9 496.3 358.1 0.9 14 254.9 138.7 498.3 351.1
005722,1.0 12 51.4 145.1 390.6 375.8 1.0 14 208.4 117.6 306.5 374.3
005724,0.9 13 60.3 194.5 283.0 486.8 0.9 14 71.4 75.4 271.1 361.9 0.5 13 55.5 3.2 307.1 498.4 0.7 13 58.5 195.5 308.5 501.3
005725,1.0 14 35.2 94.9 154.8 315.8 0.8 15 30.4 22.4 174.5 182.4 1.0 14 5.5 71.6 289.4 501.4
005726,1.0 10 0.6 36.9 373.9 500.3
005727,0.7 17 366.4 241.7 498.0 376.1 0.8 10 34.7 243.0 283.9 376.1 1.0 17 125.3 160.6 434.3 330.6
005733,1.0 12 180.7 90.3 427.3 265.2 1.0 14 256.6 36.1 331.2 216.4
005734,0.7 8 2.2 152.7 141.8 307.3 0.9 8 2.4 150.4 94.4 291.5 0.9 8 67.0 180.6 138.3 301.1 0.7 8 222.6 202.4 335.2 375.0 0.8 8 326.1 210.4 436.2 374.8 1.0 8 192.0 240.1 336.1 375.3
005737,0.9 14 482.6 74.2 499.9 139.5
005739,0.6 6 424.4 117.9 499.4 226.9 0.8 5 185.9 12.1 433.6 349.8 1.0 14 295.0 124.1 338.1 191.3 0.7 5 184.8 8.2 449.1 352.3
005744,0.6 11 202.2 220.4 303.4 501.3
005745,0.6 14 0.3 22.3 99.5 354.2 0.5 14 0.4 27.4 95.4 354.5 0.9 14 2.5 25.7 138.4 457.5 0.6 14 18.7 23.4 101.3 220.0 0.8 14 0.3 25.0 91.7 434.8 1.0 14 66.0 15.7 365.2 456.0 0.6 1 -0.4 301.2 303.2 437.9
005746,0.6 14 0.9 203.2 20.6 306.5 0.9 14 0.8 177.1 24.2 305.1 1.0 6 12.5 193.5 178.7 284.0 1.0 14 197.7 118.3 337.4 349.6 1.0 5 257.8 72.5 499.0 240.7
005748,1.0 14 336.2 0.2 455.9 187.7 1.0 14 128.5 69.1 414.3 375.1 0.7 8 1.2 109.6 106.3 197.6
005750,1.0 14 284.7 133.4 330.4 230.4 1.0 13 279.9 177.8 323.1 251.5 0.8 14 285.6 133.5 330.6 190.0
005751,1.0 18 217.2 115.6 315.9 215.8
005753,0.5 8 0.3 178.8 134.3 379.6 1.0 4 325.8 189.1 357.1 256.5 0.8 19 419.1 66.3 499.4 248.0 0.9 19 368.9 77.3 439.1 228.5 1.0 14 36.8 60.1 232.6 303.4 0.9 10 198.8 244.0 498.0 379.2 0.8 4 247.4 223.6 320.0 264.3
005754,0.7 8 193.0 191.7 278.1 332.9 1.0 14 462.2 173.4 499.7 283.5 1.0 8 202.1 191.1 280.7 297.0 0.6 8 2.4 204.9 180.4 376.1 0.5 15 192.6 234.6 211.5 265.2 0.6 8 204.7 190.5 279.3 307.7 1.0 14 406.3 197.1 455.4 279.6 1.0 19 298.2 145.5 362.8 197.9
005758,0.6 14 151.4 0.2 244.6 94.4 0.5 4 34.9 0.7 96.7 103.5 0.7 14 382.8 -0.4 479.5 138.1 0.7 14 243.7 -0.2 480.3 135.8 0.7 14 11.9 283.3 263.8 375.2 0.7 8 92.5 -0.2 168.8 74.4 1.0 10 0.7 73.0 498.0 376.1 0.8 14 157.0 -0.3 476.1 133.8
005759,1.0 13 345.6 181.6 458.0 244.9 1.0 14 130.2 161.2 152.0 215.3 1.0 13 130.6 181.4 203.3 232.7 0.6 14 158.2 154.9 182.0 215.1 1.0 14 190.3 161.3 209.2 212.3 0.9 13 53.6 188.3 112.8 232.3 1.0 13 220.1 181.6 304.4 238.4
005763,0.9 14 182.6 147.7 208.4 171.6 0.9 14 126.0 148.6 150.2 175.4 1.0 6 64.5 129.9 299.9 263.8
005766,0.5 14 284.1 86.9 310.4 110.0 0.7 14 383.9 97.6 463.9 248.1 0.6 10 89.3 148.1 153.1 223.3 1.0 8 375.0 153.0 454.8 261.6 0.9 14 386.8 96.9 464.1 209.0 1.0 8 437.6 151.1 499.8 260.9 0.9 8 167.6 136.0 205.4 223.9 0.6 8 95.3 149.0 152.8 217.5 1.0 14 350.7 86.8 421.0 218.8 1.0 14 189.1 93.7 246.5 208.5 1.0 14 131.9 98.6 457.8 376.3 1.0 8 16.4 139.3 102.9 264.3 0.7 8 124.0 138.0 195.1 226.7 0.9 14 360.0 96.3 464.6 223.0
005767,0.8 4 350.9 47.7 362.5 74.4 0.5 8 406.0 136.6 489.3 201.1 0.9 8 67.5 224.8 195.9 375.1 0.6 8 54.8 109.3 113.5 181.7 1.0 17 80.3 151.9 338.4 348.1
005770,1.0 6 101.3 102.9 485.7 255.6
005771,0.6 3 217.7 101.9 241.5 129.3 0.6 3 51.6 102.0 69.3 125.3 0.7 3 220.2 210.5 281.8 246.5 0.7 3 79.9 101.6 169.3 158.0 0.8 3 80.2 102.6 124.1 154.9 0.9 3 331.0 101.4 383.4 154.8 0.6 3 134.9 101.0 172.6 127.8 0.8 3 208.0 197.1 281.6 247.0
005772,0.9 2 79.6 68.4 265.9 297.3 0.9 2 87.5 134.4 265.5 394.1
005774,0.9 13 427.4 1.4 499.0 109.4 1.0 14 134.9 26.9 305.3 414.1 0.9 13 20.6 133.4 200.9 379.4 1.0 13 152.7 243.6 450.8 486.8 0.8 13 330.5 1.1 428.5 91.9
005775,1.0 6 52.2 89.5 300.4 285.9
005776,0.6 11 30.0 161.5 202.3 373.9 0.8 11 31.6 62.6 422.8 301.0
005777,0.7 14 356.4 141.3 469.6 333.6 0.6 14 1.2 34.7 182.8 136.9 0.9 14 -0.3 33.6 185.7 332.6 0.5 14 0.3 146.0 94.5 332.9 0.7 14 185.2 1.2 470.1 330.9 0.6 1 232.0 193.9 496.9 333.9 1.0 14 231.2 0.6 469.8 328.6 0.8 14 233.5 -0.1 384.8 326.2 1.0 1 151.8 188.3 498.3 334.0
005778,0.9 14 327.6 108.1 498.3 375.1 0.8 17 0.6 95.4 499.5 299.2 0.7 8 109.0 94.0 197.1 120.3 0.9 14 99.1 110.5 255.6 375.6 0.9 14 111.3 111.9 255.8 319.0 0.7 14 327.6 106.4 425.0 294.4 0.9 14 1.3 122.2 137.4 335.7 0.8 17 0.6 97.1 498.8 375.0 0.9 14 1.8 122.2 139.0 305.3 0.9 14 219.7 144.8 370.7 374.3 1.0 14 219.5 146.5 493.1 374.4
005785,0.9 11 121.4 113.0 391.6 261.0 0.8 17 1.3 2.9 497.8 372.6
005787,1.0 13 1.1 165.2 317.5 455.3
005792,1.0 14 14.4 23.3 321.2 332.9 0.7 14 216.1 79.2 458.0 333.2 1.0 14 273.3 79.0 459.4 332.6
005793,0.7 13 331.4 122.3 427.9 240.1 0.7 6 32.9 38.4 439.5 316.7
005795,0.0 0 0.0 0.0 10.0 10.0
005797,1.0 14 11.1 1.2 80.3 118.1 1.0 14 318.7 130.4 494.3 344.6 1.0 14 94.5 3.0 164.1 136.8 0.9 14 1.1 1.1 65.4 113.3 0.5 14 371.3 128.1 492.5 345.0 0.5 14 275.1 130.6 491.8 343.7
005798,0.9 14 174.4 2.0 246.3 73.6 1.0 13 350.8 52.4 468.3 172.3 0.9 13 164.3 68.0 260.0 160.9 1.0 13 161.4 50.1 261.4 160.7 1.0 13 39.0 57.9 133.0 147.7 1.0 13 253.3 61.0 361.2 166.2 0.8 14 383.8 6.0 478.6 172.3
005800,0.7 5 0.2 110.1 209.1 344.7 0.9 14 72.5 145.9 94.7 173.9 0.7 14 23.6 2.5 464.7 374.8 0.6 14 117.6 149.4 138.5 176.4 0.8 14 197.6 2.3 464.2 374.9
005801,0.7 8 1.2 14.8 64.9 114.5 1.0 17 12.2 70.9 482.1 360.9
005802,1.0 2 77.9 54.1 377.6 305.1
005804,0.9 8 3.5 266.9 115.5 351.8 0.9 15 133.6 92.4 180.7 170.8 0.8 15 378.8 1.2 500.6 351.1 1.0 15 1.2 91.7 55.2 180.9 0.9 15 58.8 129.8 80.0 172.5 1.0 17 212.2 185.7 451.3 351.6
005807,0.9 8 412.5 190.4 467.0 274.2 1.0 19 308.8 201.9 389.5 281.2 0.8 8 221.9 221.7 259.5 278.4 0.8 10 412.2 178.5 474.3 274.3
005808,0.9 19 377.3 171.2 483.4 270.7 0.9 17 1.1 165.8 287.2 374.7 1.0 14 27.0 114.2 317.4 375.1 0.9 14 25.4 113.2 223.3 375.0 1.0 14 252.0 99.5 431.7 375.6
005809,1.0 6 459.4 202.4 499.8 249.5 1.0 14 119.0 186.8 155.5 315.3 1.0 14 0.8 198.1 30.8 276.1 1.0 6 52.7 208.3 108.3 243.2 0.7 14 24.5 202.4 38.7 259.3 1.0 5 124.2 95.8 439.1 266.9
005810,0.9 11 98.3 0.4 416.7 272.3
005816,0.9 14 205.9 75.6 351.7 217.4 1.0 13 108.9 138.7 412.8 347.4 0.8 14 203.8 75.8 350.7 313.5
005820,0.0 0 0.0 0.0 10.0 10.0
005822,0.9 12 75.4 22.6 491.2 496.0 1.0 14 208.1 198.0 423.5 500.7 0.5 14 158.6 195.4 424.3 501.7
005823,1.0 19 90.0 163.2 245.2 268.9 0.8 14 280.1 390.4 374.4 500.2 0.9 14 244.1 108.1 372.6 320.7 1.0 14 1.1 3.3 154.4 499.7 0.7 14 100.6 331.3 304.4 500.6 0.8 14 239.4 110.0 372.5 411.4 1.0 14 139.4 331.4 302.9 500.5 0.7 14 242.4 109.1 374.6 499.5
005827,0.7 8 25.3 17.7 179.4 114.2 0.9 19 350.9 70.5 450.5 159.4 0.9 8 12.3 102.1 230.7 348.4
005832,0.7 7 252.3 154.3 349.0 247.8 0.6 7 204.6 139.7 253.4 224.7 0.8 7 1.1 235.6 345.6 376.2 0.8 7 133.2 128.2 232.4 226.6 1.0 7 1.6 126.3 228.0 271.7 1.0 7 217.2 144.9 349.7 248.1
005833,0.9 2 231.4 161.1 273.3 205.0 0.9 2 318.9 158.3 378.7 197.9
005834,1.0 19 91.2 220.9 258.6 381.3
005835,1.0 14 250.4 40.4 354.3 219.2 0.6 11 0.9 230.1 167.5 332.8 1.0 14 80.9 49.8 165.9 245.8 0.7 11 198.0 216.9 439.7 334.0 1.0 14 338.9 43.7 466.6 313.2
005837,0.7 18 14.0 29.3 276.2 326.5 0.8 18 0.7 30.0 392.9 364.9
005842,1.0 14 230.8 165.9 267.3 258.6 1.0 14 466.7 161.5 492.0 191.3 0.9 6 1.0 176.1 56.7 214.9 1.0 6 37.6 176.8 212.2 244.7 1.0 14 75.5 171.1 91.0 200.8 1.0 6 270.0 138.6 500.9 272.1
005844,0.6 8 116.0 137.1 184.3 328.9 0.9 8 283.4 204.2 432.1 333.3 0.6 8 309.3 75.5 394.8 191.9 0.9 8 276.7 75.1 396.2 331.7 0.8 8 99.6 53.4 276.3 351.3 0.8 8 99.0 52.9 211.5 329.1 0.8 8 73.6 55.7 217.9 350.4 0.8 8 254.7 83.2 317.8 185.3 0.7 8 114.0 137.0 216.9 350.5 0.9 10 148.9 103.3 387.3 356.9 0.7 8 289.9 75.3 396.0 266.7 0.7 8 72.0 64.6 166.9 322.9
005846,0.0 0 0.0 0.0 10.0 10.0
005847,0.7 14 234.8 84.2 275.5 202.1 1.0 18 69.0 37.2 472.8 304.9
005848,0.9 14 85.0 48.0 298.1 326.7 0.9 14 194.7 66.3 299.4 323.9 1.0 1 59.5 168.6 331.9 408.1 0.9 14 134.1 48.4 298.3 330.3
005849,1.0 14 272.9 215.0 303.6 275.4 0.6 14 1.0 62.4 76.8 137.7 1.0 14 324.4 252.3 386.4 343.9 0.8 14 344.3 111.5 364.7 145.1 1.0 14 364.1 111.0 391.9 146.3 1.0 14 244.2 237.9 284.6 355.9 1.0 14 280.5 101.5 314.5 159.4 0.8 14 272.2 216.4 303.6 334.2 1.0 14 289.0 230.8 337.7 367.1 0.9 14 322.1 116.5 356.6 150.4
005855,0.7 18 35.8 83.5 256.0 199.0 0.8 18 1.0 46.3 499.0 189.7 0.6 18 1.3 59.6 260.7 194.5 0.7 18 288.2 119.6 457.8 179.4 0.5 18 361.2 120.8 460.2 173.7
005857,0.9 8 0.7 270.6 54.3 500.1 0.9 15 89.7 133.0 163.2 305.1 0.8 8 25.7 9.7 373.9 479.7 0.7 15 177.5 141.0 255.8 297.7
005858,0.9 8 340.1 18.8 382.0 77.2 0.9 8 424.5 20.1 474.9 75.0 0.9 8 295.2 18.8 335.3 75.7 0.9 8 382.5 19.0 419.0 75.7 0.9 8 160.5 22.8 208.2 71.7 1.0 8 220.1 19.9 261.6 82.4
005862,1.0 6 0.5 150.8 260.5 319.0 1.0 6 151.7 78.4 454.7 252.2
005865,1.0 14 209.7 204.6 272.5 371.2 0.9 14 428.7 254.7 441.8 288.4 1.0 14 161.8 247.1 188.4 308.0 0.6 14 12.6 260.7 23.6 290.1 1.0 14 472.9 235.2 499.4 296.8 0.7 14 244.3 271.7 279.3 371.2 1.0 14 42.3 262.5 55.6 291.4 0.9 14 23.8 261.6 36.6 291.2 1.0 14 368.3 202.2 423.1 340.2 1.0 14 442.5 256.7 458.8 290.6
005866,0.6 15 144.7 67.4 262.6 288.3 0.9 15 471.0 252.3 498.5 291.2
005869,0.7 6 454.3 228.7 491.7 247.2 0.9 6 0.7 248.6 29.5 291.9 1.0 6 52.1 245.0 110.4 288.8 1.0 6 450.5 243.4 499.5 277.4
005870,1.0 14 345.5 137.2 401.8 212.0 0.9 5 28.7 116.2 483.8 253.8 0.8 14 18.0 170.8 34.0 215.7
005871,0.6 4 152.0 34.3 166.4 89.2 1.0 10 0.4 60.6 374.2 504.1
005872,0.8 7 48.7 73.7 414.6 316.7 0.9 19 397.0 0.5 499.7 303.4 0.8 7 0.7 69.4 414.5 374.6 0.9 7 1.1 70.8 415.6 320.2
005876,0.6 8 294.9 122.8 362.9 250.5 0.6 8 120.8 107.6 201.8 416.3 0.6 8 63.5 98.7 124.5 349.5 0.6 9 157.3 251.5 390.8 420.9 0.6 8 139.8 109.5 230.4 327.2 0.6 8 190.7 120.0 356.6 321.6 0.5 8 264.4 121.9 334.1 249.8
005880,0.8 14 359.7 169.9 381.1 190.6 0.7 3 121.5 238.6 287.2 286.0 0.6 14 286.6 182.3 302.4 200.9 0.9 3 276.7 54.2 446.4 121.4
005882,0.5 12 140.3 260.7 255.6 459.2 0.5 14 23.0 0.6 62.4 57.4 1.0 14 248.6 338.0 333.7 499.8 0.9 14 139.7 149.0 254.3 346.6 0.8 12 193.9 332.7 255.7 431.8 0.9 14 62.8 332.2 175.2 424.7 0.7 14 140.6 148.2 252.7 450.8 0.6 12 135.6 228.6 255.5 459.2 1.0 14 186.9 354.7 295.9 499.9
005883,0.8 16 250.9 197.7 363.3 324.0 0.7 2 274.0 34.6 350.5 128.5 0.7 16 76.3 285.9 296.9 448.6 0.6 16 250.6 134.8 371.5 220.1 0.5 16 2.1 245.9 151.7 353.7 0.6 2 64.2 88.1 171.9 204.5 0.6 16 250.2 135.6 374.3 259.5
005886,0.9 16 83.6 255.7 202.6 364.6
005887,0.5 14 102.0 2.2 391.4 331.4 0.9 14 341.4 60.0 500.0 330.9 1.0 14 1.6 2.8 390.2 331.8
005890,1.0 12 95.2 79.9 202.9 211.7 0.9 14 114.9 15.8 176.5 143.1 0.8 14 0.6 115.0 35.6 191.2 0.8 14 115.1 15.5 198.2 211.6
005891,0.0 0 0.0 0.0 10.0 10.0
005892,0.9 2 148.5 102.6 235.4 153.3
005896,1.0 14 17.2 99.0 269.3 499.9 0.9 14 159.1 236.9 269.4 499.8
005898,0.9 8 249.0 116.9 284.8 168.2 0.9 17 276.0 119.9 423.8 204.7 1.0 8 412.5 124.6 477.0 215.2 1.0 19 67.3 128.2 138.5 193.3 0.5 8 372.4 115.7 421.4 206.2 0.8 8 345.6 124.6 421.7 207.5 0.6 17 189.6 120.9 398.4 290.4 0.8 8 184.5 132.0 230.4 200.8 1.0 14 205.5 156.7 386.3 236.7 0.7 17 186.7 163.2 394.7 290.8
005900,1.0 14 72.4 197.6 110.7 330.6 1.0 14 18.7 199.1 38.7 260.1 1.0 14 257.0 203.3 275.8 279.4 1.0 14 28.9 200.9 85.7 354.9 1.0 14 173.4 198.6 195.3 258.5 1.0 14 241.7 195.4 262.8 274.9
005902,0.5 8 -0.3 262.5 165.8 318.5 0.7 19 45.8 140.3 145.9 244.3 0.8 19 43.3 141.3 144.0 260.1 1.0 19 214.1 144.2 343.1 256.7 1.0 19 338.9 127.9 485.0 247.1
005904,1.0 6 43.7 128.3 443.9 256.2
005907,1.0 14 112.0 42.7 147.2 81.5 0.6 14 67.5 46.9 149.6 259.7 0.6 4 209.9 220.4 261.2 306.3 0.8 4 207.6 221.5 249.4 273.7 0.9 14 106.3 71.2 147.0 138.7 0.6 14 83.3 70.2 145.4 185.0 0.9 8 254.9 145.2 319.6 216.6 1.0 14 115.6 50.0 285.0 394.9 1.0 14 60.2 49.5 92.7 89.9 0.7 14 107.0 69.7 142.7 102.8 0.5 14 283.2 106.8 406.8 294.8 1.0 14 10.8 62.6 111.5 193.7 0.7 14 70.7 67.2 108.6 121.1 0.9 6 301.4 56.9 335.2 74.7 1.0 14 222.8 3.4 498.0 394.0
005913,0.9 11 -0.2 36.4 496.3 295.9 1.0 11 213.3 55.8 494.0 211.1
005915,0.9 16 203.7 74.3 325.8 214.1 0.9 16 270.2 137.7 355.1 214.6
005916,0.5 8 106.5 119.1 182.3 160.5 0.6 8 36.5 122.0 117.3 170.6 0.9 16 0.8 153.5 43.1 226.9 0.9 16 39.0 161.0 142.2 265.1 0.9 16 312.5 167.1 452.3 277.0
005921,1.0 14 186.0 48.6 305.6 349.5 0.6 14 72.3 62.8 119.6 101.0 0.6 8 8.5 184.2 94.6 353.1 0.9 8 407.7 197.5 488.0 353.0 1.0 14 423.5 108.2 480.5 206.0 0.9 1 51.3 282.1 268.1 354.2 0.9 8 196.2 240.4 286.0 354.1 1.0 14 383.4 70.4 432.9 198.9 0.8 14 58.1 44.5 192.0 291.8 0.7 14 59.7 45.0 190.5 212.4 1.0 14 98.4 90.5 174.4 298.3 0.6 14 61.4 44.4 123.2 161.3 1.0 14 7.8 91.7 104.3 352.7 0.8 14 426.1 106.9 479.3 161.3 1.0 14 282.3 42.1 419.7 353.7
005922,1.0 15 1.1 264.0 69.5 344.8 1.0 14 394.2 30.2 499.4 374.6 1.0 15 69.2 244.9 189.1 359.3 1.0 15 223.1 255.8 345.4 351.4
005924,1.0 6 0.9 140.0 40.8 224.7 1.0 6 64.4 64.9 440.3 302.8
005925,0.9 1 352.9 274.9 448.6 332.6 1.0 14 232.2 247.8 285.6 329.1 1.0 14 366.3 241.4 429.4 327.8 1.0 1 215.2 273.7 300.9 330.7
005926,1.0 4 9.7 260.0 28.1 309.7 0.8 14 29.5 23.2 311.3 427.2 1.0 14 28.4 23.3 312.9 493.7 0.6 15 258.1 205.6 317.7 268.0
005927,0.9 0 17.1 79.6 493.9 254.7
005929,1.0 6 20.2 126.5 486.5 330.2
005931,1.0 14 403.4 306.1 439.0 375.2 0.9 13 301.9 243.1 397.5 309.6 1.0 14 449.9 302.4 488.5 375.5 1.0 14 129.7 224.1 161.2 321.7 1.0 14 196.8 271.0 226.3 366.9 1.0 14 320.1 209.5 373.8 290.4 1.0 14 243.7 261.4 274.1 362.6
005932,0.7 15 165.4 263.9 262.7 328.2 0.5 15 117.8 78.3 182.1 155.1 0.9 6 449.8 310.8 500.1 332.9 1.0 6 309.5 298.7 387.5 332.4
005933,0.9 18 205.8 136.8 392.2 233.9
005934,1.0 17 74.2 23.0 480.8 370.3 0.7 8 78.5 21.3 484.3 371.9
005935,0.9 8 0.7 309.9 152.0 374.8 0.7 19 122.0 231.5 180.6 285.5 0.6 19 263.3 110.6 359.6 208.9 1.0 19 58.5 190.8 102.6 222.7 1.0 8 210.2 255.5 324.0 375.7 0.5 17 211.4 254.0 325.8 375.2
005936,0.9 7 61.8 68.5 410.4 256.3
005937,0.6 14 194.9 138.6 445.3 368.5 0.5 17 219.8 91.2 500.9 285.3 0.9 11 43.4 51.6 243.8 244.9 0.5 14 108.8 199.2 446.1 368.8 1.0 15 360.4 26.5 406.0 107.9 0.9 14 226.3 96.6 476.3 316.9 0.6 14 203.4 138.1 450.7 368.8 1.0 14 225.4 96.1 500.0 368.5
005939,1.0 7 192.0 142.9 320.2 280.5 0.5 7 126.7 152.6 308.0 375.3 0.6 17 101.9 32.5 498.5 376.1
005941,0.9 8 58.9 203.4 165.4 328.4 0.6 8 1.0 272.5 72.3 374.9 1.0 8 245.9 207.9 340.5 350.4 1.0 8 104.2 219.0 247.8 374.7 1.0 10 30.9 224.7 322.4 375.6 0.8 8 298.1 204.1 344.8 337.1 0.5 8 422.9 199.0 475.1 328.1 1.0 8 240.6 226.1 320.7 357.0 0.8 8 247.5 206.5 339.0 340.1
005942,0.6 4 1.0 286.2 38.8 332.6 0.6 4 32.2 267.6 65.3 330.9 1.0 14 16.0 89.1 157.7 315.9 0.7 14 309.7 64.5 500.2 270.6 1.0 14 306.8 64.6 500.0 332.4
005943,0.8 15 315.5 2.5 425.1 195.3 0.8 17 0.8 141.8 329.2 342.4 0.8 8 134.7 142.5 327.9 285.4 0.5 17 312.2 156.1 500.1 370.5
005944,1.0 14 131.2 23.3 176.3 137.7 1.0 12 87.2 44.0 270.7 205.5
005945,0.9 14 420.7 177.3 499.1 374.1 0.8 14 421.8 177.9 498.8 346.6 1.0 14 99.4 92.0 266.6 375.3 1.0 14 231.0 30.6 422.9 375.5
005946,0.9 4 295.4 234.1 373.3 374.2 0.9 4 154.2 225.4 218.6 344.3 1.0 14 1.4 219.8 223.7 374.2 0.7 19 133.8 3.7 443.3 313.1 0.9 4 243.6 262.2 298.1 351.7 0.9 19 103.5 1.0 498.2 321.6
005949,0.9 7 0.6 129.5 223.5 320.8 1.0 7 200.7 19.0 476.4 332.7
005950,0.9 3 7.1 140.8 78.1 198.6 0.8 3 87.8 140.7 246.6 211.0 0.5 3 133.8 96.8 288.9 151.6 0.9 3 218.6 134.5 445.7 219.6
005953,0.7 11 95.0 136.1 281.0 452.8 0.9 11 181.6 137.2 271.6 272.6 0.9 6 0.1 62.2 374.5 486.1
005955,0.6 11 229.1 111.2 499.7 333.3 0.9 11 15.8 2.0 496.6 332.6 0.9 14 187.5 1.7 498.5 332.1
005957,1.0 7 105.8 26.6 450.4 363.5
005958,1.0 14 36.3 71.5 233.3 333.1 1.0 14 194.5 2.1 499.4 332.5
005959,1.0 6 90.4 14.9 449.0 257.8
005962,1.0 7 2.5 77.9 305.9 333.5
005965,0.6 0 23.7 127.7 183.2 327.7
005966,1.0 14 83.2 114.4 280.6 376.2 1.0 14 266.3 86.8 500.4 375.4
005967,1.0 14 114.4 27.7 168.6 134.5 1.0 12 91.4 21.1 215.4 182.1
005969,1.0 14 38.4 59.3 354.2 375.0
005972,0.8 8 1.0 61.9 120.1 212.9 0.6 8 1.5 60.8 118.5 143.3 1.0 14 97.8 40.6 305.2 447.6 0.9 8 194.7 270.9 312.6 424.7
005973,1.0 12 131.8 130.1 303.0 404.5 0.8 12 132.5 133.3 208.7 401.2 1.0 14 190.7 170.5 272.7 434.9
005974,1.0 6 140.3 154.6 329.4 267.9
005976,0.7 7 203.6 166.0 238.3 233.7 0.6 7 93.1 172.4 136.2 233.5 0.9 8 292.3 171.7 368.9 332.3 0.9 8 376.0 154.9 483.7 314.6 0.6 8 127.7 90.4 197.3 221.2 0.6 15 222.5 150.6 291.6 231.0 1.0 8 83.2 209.1 175.8 333.0 1.0 8 292.9 171.2 369.7 262.1 0.9 8 378.0 182.4 497.8 316.9 0.8 10 162.4 241.5 365.8 333.4
005977,0.6 7 2.1 73.3 226.1 210.1 1.0 7 2.4 104.9 391.6 374.9 0.5 7 1.4 43.8 484.8 244.8 0.7 7 1.6 74.8 297.8 229.8 1.0 7 188.3 43.1 483.9 246.6 0.6 7 305.6 41.3 479.0 236.6 0.7 7 189.0 40.9 488.8 375.3
005978,0.0 0 0.0 0.0 10.0 10.0
005982,0.9 14 95.0 83.0 153.7 179.6 0.8 14 270.5 89.8 375.5 500.1 0.9 14 0.3 62.9 73.4 499.8 1.0 14 93.3 84.0 171.3 449.2 0.8 14 97.1 83.9 148.2 146.1 1.0 14 10.2 109.1 150.0 501.6 0.8 14 0.2 72.7 114.1 500.5 1.0 14 143.0 77.6 298.8 501.5 0.9 14 268.8 91.2 375.4 302.3 0.8 14 203.1 106.6 241.9 150.3 0.9 14 146.6 77.5 342.5 499.6 1.0 14 236.6 106.4 286.6 158.7
005986,0.8 18 62.8 149.2 238.1 295.5 0.6 18 218.7 77.5 423.5 211.6
005987,0.8 13 104.8 90.0 400.5 258.5
005993,0.6 8 369.7 179.6 499.5 376.4 0.9 14 104.9 44.8 415.9 375.4 0.8 14 117.0 44.9 411.6 374.2 1.0 14 103.0 45.1 497.5 375.8
005994,0.9 8 1.1 268.2 56.7 333.1 0.6 8 81.5 262.4 145.1 292.5 0.7 19 410.2 124.9 498.8 265.5 1.0 14 138.4 91.0 344.1 332.9
005997,0.9 19 125.4 170.1 196.9 250.2 0.5 11 167.3 132.3 270.5 333.9
005999,0.9 14 26.3 194.1 41.1 235.2 0.9 18 66.1 57.4 445.6 287.7
006002,1.0 14 415.6 69.3 481.1 355.6 0.6 9 372.9 94.2 423.9 132.2
006003,0.7 4 7.8 0.6 78.4 144.7 0.9 4 56.1 62.2 171.2 477.3 0.8 4 50.4 2.0 372.1 499.1 1.0 4 213.6 76.4 336.3 364.7
006006,0.9 6 73.9 52.8 413.3 347.7 0.9 6 179.9 45.2 414.0 238.2
006007,1.0 11 172.2 78.7 323.2 251.1
006008,0.7 13 26.5 1.9 497.1 374.1
006010,1.0 8 201.4 190.4 289.5 291.5 0.9 8 1.0 252.8 83.9 358.3 0.9 8 319.0 171.4 355.6 257.9 1.0 8 117.0 194.2 200.7 303.6 0.9 8 72.5 178.5 133.5 285.0 0.9 8 349.9 174.7 421.7 270.3
006013,0.7 5 165.4 244.9 497.7 373.1 0.8 6 295.1 288.8 498.8 378.2
006014,1.0 14 232.5 372.6 258.2 416.3 0.9 3 179.6 18.0 320.4 450.5 1.0 14 196.5 378.7 224.4 420.9 0.9 3 182.0 380.2 278.5 454.1
006015,1.0 14 270.5 260.7 297.7 314.3 1.0 1 228.4 255.2 274.0 316.2
006016,0.9 14 140.3 28.0 200.9 92.8 1.0 14 90.1 1.9 143.1 54.3 0.9 14 1.1 1.0 41.2 83.0 1.0 6 10.8 67.9 485.4 297.8
006017,0.9 6 144.0 57.5 187.6 80.4 1.0 6 0.7 31.9 112.1 234.0 1.0 6 27.0 67.9 466.3 351.4 0.5 6 168.2 66.5 462.2 238.0
006019,1.0 6 1.0 68.7 496.1 374.7
006021,0.8 9 87.7 39.2 228.8 173.4
006022,0.5 15 0.4 -0.1 161.3 254.5 0.6 15 0.8 1.6 225.0 349.2 0.5 13 123.6 2.5 387.2 407.1
006024,0.9 6 45.2 296.5 118.0 332.8 1.0 0 49.8 91.5 445.3 237.4
006031,0.9 17 17.8 108.6 472.1 315.6 0.9 17 17.0 108.6 470.3 375.6
006032,1.0 14 195.8 212.5 232.6 303.4 0.7 1 372.1 249.7 456.2 313.8 0.9 14 365.4 250.0 396.3 311.8 0.5 1 165.5 249.3 212.7 317.9 1.0 14 140.8 204.2 172.8 315.4 1.0 1 121.3 244.0 211.1 314.8 0.6 1 407.9 250.0 455.1 313.0 1.0 14 320.0 211.8 373.4 311.9 0.7 1 219.0 243.1 258.2 304.4 1.0 14 379.9 207.2 421.0 311.9 0.9 1 286.6 248.5 400.8 320.2 0.8 1 286.8 247.9 342.3 318.8
006034,1.0 6 5.0 34.0 286.5 129.1
006036,0.8 14 314.4 168.3 498.7 332.4 1.0 14 412.8 167.4 451.2 247.3 0.8 14 399.7 175.8 433.9 245.4 1.0 14 102.0 2.1 257.0 331.7 0.9 14 315.9 208.9 500.3 332.4
006037,1.0 11 98.8 21.2 313.2 183.0
006039,0.5 12 177.8 51.1 367.8 178.8
006040,0.9 14 125.1 88.0 289.1 375.0 1.0 14 381.6 63.8 434.3 130.5 1.0 14 426.5 59.9 479.4 134.0 0.6 14 63.3 88.1 288.0 375.7 0.7 14 11.4 87.7 287.6 375.4 0.8 14 8.9 102.1 132.4 375.3 0.6 14 9.1 113.8 129.6 306.4 1.0 19 353.1 39.7 495.0 170.7 1.0 14 238.8 164.1 498.0 375.7
006044,0.9 11 165.5 9.0 497.5 375.0 0.7 11 168.1 10.6 424.9 375.2
006047,0.6 6 134.2 163.6 164.7 203.8 1.0 6 273.2 139.1 335.2 182.0 0.8 6 195.0 148.2 228.7 191.8 0.5 6 71.6 161.3 161.8 208.5 1.0 6 218.0 145.9 279.6 189.7 1.0 6 157.9 148.3 227.0 191.8
006048,0.0 0 0.0 0.0 10.0 10.0
006049,0.6 4 223.1 295.4 328.9 499.2
006050,0.6 8 383.8 176.6 485.6 375.0 0.9 14 409.5 1.2 497.8 175.9 0.8 14 1.4 1.8 213.7 374.8 1.0 14 92.3 114.7 359.7 361.9
006051,0.7 0 378.8 228.8 444.0 255.9 0.8 0 316.6 200.6 381.2 229.6 0.9 0 301.0 224.9 366.3 244.1 0.9 0 159.3 161.9 219.4 186.3 1.0 0 244.1 192.8 308.4 214.4 0.6 0 429.7 258.6 490.9 285.0
006052,0.5 4 143.8 0.4 251.9 37.5 0.7 7 142.7 52.2 496.4 374.3
006053,0.7 2 78.0 111.1 183.4 287.4 0.9 2 3.6 109.5 287.3 498.6
006054,0.9 2 83.5 272.0 168.0 332.7 0.8 2 135.5 269.3 176.6 310.6 1.0 2 214.0 84.8 260.9 166.7 1.0 2 158.3 111.2 220.8 239.1 0.5 2 63.8 268.2 172.9 333.0 0.9 2 68.6 266.4 140.7 302.7 1.0 2 439.1 293.0 487.1 332.9 1.0 2 238.2 119.4 296.0 276.4
006056,1.0 4 287.2 91.1 316.2 185.2 0.7 14 448.9 0.5 499.8 158.1 1.0 10 9.3 89.3 494.2 331.5 1.0 4 179.6 92.7 206.9 177.9 0.9 8 237.6 29.8 316.4 120.2
006057,1.0 8 99.3 190.4 169.7 339.7 0.6 4 396.4 134.8 408.7 168.1 1.0 10 94.2 205.8 265.2 359.9 1.0 8 11.7 213.1 113.0 372.0 1.0 8 251.8 193.1 306.7 315.2 1.0 8 169.6 221.8 267.2 374.8
006059,0.8 13 0.8 235.7 253.9 455.2 1.0 14 194.4 155.3 285.6 432.4
006060,0.9 14 349.6 66.7 499.8 332.5 0.8 11 2.3 163.1 341.0 332.2 0.6 11 2.1 166.9 251.5 331.9 0.7 14 256.5 67.5 469.0 332.1 0.8 14 257.5 85.6 365.7 331.0 1.0 14 258.0 79.0 498.1 332.0
006063,0.9 7 56.1 103.6 188.0 311.9 0.7 7 1.8 92.4 275.1 318.0 0.9 7 174.2 89.6 315.0 296.0 0.8 7 53.2 93.1 263.4 311.3 0.9 7 59.2 89.0 336.4 308.7 0.6 7 4.3 88.7 342.4 316.8 0.5 7 177.4 126.7 317.0 305.1 0.6 7 173.2 90.3 328.7 305.9
006064,1.0 7 0.4 0.8 498.8 351.5
006068,0.9 8 195.5 309.9 330.1 437.9 0.8 15 209.3 231.4 250.3 324.3 1.0 19 2.8 148.9 107.5 271.6 0.6 10 102.6 286.9 330.2 487.9 0.8 15 129.8 14.7 185.3 125.7
006072,0.9 4 180.3 104.1 219.1 163.5 0.5 4 234.5 13.1 303.9 196.7 1.0 4 205.3 14.5 303.3 367.9
006075,0.5 4 350.0 278.8 394.5 374.2 0.6 8 0.3 307.4 246.4 375.4 1.0 19 345.4 180.9 417.3 248.1 0.6 10 231.1 282.0 354.7 374.9
006076,0.7 14 27.8 115.0 256.3 338.8 1.0 14 17.7 116.5 258.3 500.2
006077,0.9 18 132.0 112.0 301.0 221.9 0.8 18 135.9 140.2 302.9 223.5
006080,0.9 7 1.5 13.2 388.3 501.2 1.0 7 1.0 13.7 498.5 500.8
006081,1.0 8 204.5 189.0 261.9 298.5 0.6 8 205.6 202.2 261.7 296.5 0.7 8 125.8 164.3 151.8 194.5 0.9 8 95.7 297.4 146.6 389.0 0.6 8 93.8 166.1 118.1 203.4 1.0 10 97.0 185.8 260.5 297.9 1.0 8 97.3 173.6 150.6 287.2 0.7 19 104.5 84.4 170.5 144.1
006082,1.0 5 0.1 3.8 383.4 376.4 1.0 6 391.3 172.3 439.0 200.8
006083,0.6 15 393.6 76.4 459.8 211.1 0.7 13 81.1 109.9 348.6 359.5 0.6 13 352.4 72.9 408.6 143.5 1.0 13 75.3 74.3 367.8 359.9
006085,0.8 9 175.9 58.1 284.7 142.4 0.7 16 85.8 161.5 253.3 332.5 0.7 9 312.0 48.1 472.2 178.1 0.7 9 313.8 21.5 371.9 65.5
006086,0.7 8 319.4 132.6 478.2 411.0 0.8 4 111.8 133.9 164.0 258.1 0.6 8 315.6 129.8 480.3 294.3 1.0 4 115.7 73.7 165.5 256.9 0.6 10 1.2 216.1 495.9 478.6 0.6 4 285.8 135.1 336.7 325.6
006087,1.0 14 1.2 2.2 250.3 374.7 0.7 14 15.9 2.0 494.7 374.3
006090,0.8 7 0.2 291.2 167.3 393.7 0.6 7 129.1 71.7 352.1 500.5 0.9 7 142.2 68.3 373.6 501.4
006092,0.8 14 317.9 34.6 374.9 367.7 0.9 14 11.7 0.2 96.6 252.3 0.6 14 317.1 37.3 374.8 297.0 0.9 14 327.1 37.0 374.5 188.0 0.6 14 186.7 -0.3 330.6 261.8 1.0 14 50.4 -0.8 179.6 267.3 1.0 14 185.2 0.1 329.4 294.1 1.0 4 166.4 286.5 235.2 462.9
006093,0.9 8 55.7 166.9 141.3 261.2 0.5 8 384.8 280.9 481.8 379.0 1.0 14 0.9 0.1 72.6 202.0 0.8 14 402.3 122.2 484.2 196.3 0.7 14 434.0 122.0 482.1 192.7 0.6 4 191.5 207.6 271.4 290.4 0.9 14 238.8 94.7 408.7 379.4 0.9 14 371.9 122.5 493.3 296.8 0.6 8 236.6 140.2 277.1 205.9 0.9 14 234.1 92.3 484.9 378.9
006094,0.8 14 362.2 165.0 394.6 207.1 0.5 14 363.7 164.0 398.6 309.0 0.7 5 280.3 137.3 455.3 335.0
006099,1.0 11 0.6 2.4 496.8 357.2
006101,1.0 14 74.6 70.8 202.1 396.0 1.0 14 183.7 80.6 307.5 394.9 1.0 14 287.0 37.9 452.5 395.4
006102,0.9 8 2.0 289.5 161.7 374.8 1.0 8 240.5 276.8 374.8 375.0 0.9 8 115.3 273.2 278.9 375.3 0.5 8 335.8 295.4 473.9 375.5 0.7 2 156.0 147.6 319.3 212.3
006106,0.7 12 91.7 115.4 268.4 357.1 0.5 12 2.2 125.3 225.8 373.8 0.5 12 323.6 57.7 500.1 374.5
006109,1.0 6 40.2 268.0 133.7 316.3
006110,1.0 3 332.8 219.0 383.6 255.3 0.7 3 58.7 260.6 192.5 322.6
006112,0.9 11 108.3 35.4 331.5 371.7 0.7 11 0.3 2.1 337.1 370.4 0.8 11 106.1 2.7 338.5 369.5
006113,0.7 1 374.5 237.7 418.2 307.0 1.0 14 365.4 187.4 416.7 300.7 1.0 6 160.0 173.4 211.5 243.6 0.5 6 0.9 149.8 116.6 298.4 0.7 6 205.7 148.0 323.0 296.7 0.5 6 207.2 210.4 322.3 297.5
006114,1.0 7 206.9 236.0 374.3 500.0
006115,0.7 15 1.3 41.0 137.8 269.0 0.8 17 149.8 222.6 447.2 340.8 1.0 14 1.3 292.3 92.7 384.1 0.9 8 141.4 311.5 439.2 383.9
006116,0.6 8 426.0 194.2 473.4 316.0 1.0 19 170.4 96.6 342.7 223.1
006118,1.0 1 149.2 179.7 413.7 334.8 1.0 14 167.4 7.2 458.4 333.0 0.9 14 283.6 10.4 460.2 332.9
006119,1.0 13 90.8 140.6 204.4 277.9 1.0 13 189.9 70.3 446.5 333.8
006121,1.0 6 38.5 156.0 187.6 226.4 1.0 6 102.3 148.3 288.5 239.1 1.0 6 204.1 139.1 451.0 262.0
006122,1.0 14 445.5 98.3 490.1 190.0 1.0 14 105.5 110.5 169.8 227.0 1.0 12 148.9 38.9 362.9 331.0
006126,0.9 8 2.8 208.3 169.0 334.2 0.9 8 327.3 158.6 436.0 272.4 1.0 17 87.1 160.0 304.9 269.7 0.8 17 323.3 154.9 437.9 271.9 0.8 8 181.9 209.3 339.9 333.8
006127,0.8 13 18.1 147.6 129.0 386.2 0.9 13 19.2 134.6 305.0 396.5
006132,1.0 2 35.2 67.3 269.0 330.9 0.9 2 249.4 26.9 470.1 332.1
006137,0.8 14 293.4 137.5 310.0 159.0 0.7 14 236.9 110.7 273.0 139.9 1.0 6 107.9 136.4 397.4 235.9
006138,1.0 18 1.7 80.9 243.8 223.5
006142,1.0 14 26.8 59.7 64.7 98.5 0.8 10 41.3 104.4 196.9 140.7 0.7 10 51.3 97.5 189.3 135.0 0.6 14 248.1 20.6 277.0 86.0 1.0 14 226.3 2.0 257.8 135.9 0.9 4 1.6 98.2 26.7 139.1 0.6 10 28.0 127.9 189.0 246.7 0.7 14 146.5 22.9 173.3 54.4 0.9 14 246.3 21.6 276.9 130.3 0.7 10 96.7 93.1 187.1 128.3 0.9 8 6.3 131.9 133.0 277.6 1.0 8 7.6 133.5 185.7 270.1 0.9 10 2.8 129.6 192.4 261.3 0.9 8 154.9 104.2 202.9 149.2 0.9 14 226.1 1.3 253.8 46.6 1.0 14 300.1 3.1 500.0 374.1
006143,1.0 14 81.0 262.8 163.0 365.8 1.0 12 108.1 186.1 250.7 371.7
006144,0.9 14 182.4 107.1 219.2 142.9 0.6 7 282.8 325.9 419.8 502.4 1.0 19 27.5 11.2 388.6 358.1 1.0 7 80.4 111.4 264.3 501.3
006145,0.6 4 255.0 184.0 267.1 215.5 1.0 14 7.3 10.1 82.2 159.5 0.8 17 305.4 68.7 446.5 180.5 0.7 8 147.7 116.5 181.2 187.3 1.0 14 207.6 5.9 295.6 191.6 1.0 14 105.9 28.7 169.0 212.0 0.6 14 107.7 27.7 170.6 166.3 1.0 14 37.6 86.8 149.5 287.8 1.0 14 313.5 54.1 420.3 238.1 0.7 14 372.8 66.8 499.4 225.8 1.0 14 275.0 68.0 499.4 332.7
006147,1.0 13 72.5 196.1 497.2 375.3 1.0 14 174.1 108.6 198.4 209.7 1.0 14 144.6 104.1 171.2 207.3
006149,0.8 11 1.8 29.8 499.3 333.4 0.9 11 14.3 29.2 384.0 251.6
006152,0.7 14 247.0 58.6 328.9 161.7 0.9 14 387.2 14.1 499.7 374.2 0.9 14 326.3 80.5 386.6 174.2 0.6 14 333.4 81.1 392.5 313.0 0.7 14 420.0 14.1 499.5 373.7 1.0 14 102.2 24.8 273.0 375.1 0.8 14 244.3 60.0 331.8 190.1 0.7 4 49.3 15.7 98.5 84.1 0.5 4 5.6 14.5 28.4 60.3 1.0 14 0.4 53.4 138.5 374.9 0.6 14 392.7 18.1 499.6 373.2 0.9 14 242.6 59.6 363.1 302.3 0.7 14 349.9 55.9 460.0 315.6 0.7 14 311.5 34.0 359.5 81.2 1.0 14 348.8 52.9 499.8 374.5
006154,1.0 18 1.2 56.1 347.3 405.0
006155,0.6 6 213.7 174.5 246.3 195.7 1.0 6 397.0 175.9 497.7 215.2 1.0 6 342.9 171.2 427.0 210.0 1.0 6 290.5 170.9 368.3 205.4 1.0 6 105.2 166.1 159.6 188.9 1.0 6 15.4 164.3 65.4 181.6 0.8 6 68.9 167.5 106.9 184.8 1.0 6 164.3 168.4 224.5 195.2 1.0 6 240.9 170.4 318.6 201.6
006157,0.5 11 1.0 326.5 93.5 499.1 0.7 14 15.0 183.4 204.2 499.7 0.8 1 332.2 225.1 377.8 385.5 0.9 2 143.0 127.4 270.3 307.7 0.9 14 15.4 185.0 254.0 499.0 0.6 19 260.5 204.3 344.7 379.8
006160,1.0 3 145.8 168.2 237.8 269.1
006164,0.9 3 235.9 396.7 327.0 433.4 1.0 3 74.5 387.3 263.4 445.4
006165,1.0 14 108.1 102.5 248.4 371.9 1.0 1 14.3 190.8 235.1 438.7
006167,0.6 14 151.9 0.8 221.4 98.6 0.9 11 145.0 214.9 267.4 333.5 1.0 14 125.1 17.8 320.6 321.7 0.6 14 149.5 0.0 275.0 98.1
006168,0.6 7 56.1 53.4 423.6 284.2 0.7 7 57.0 50.8 233.1 253.2 0.9 14 0.7 49.6 497.3 334.5 0.6 14 257.4 25.2 500.4 334.4
006169,1.0 14 162.5 202.0 228.9 332.9 0.8 8 384.4 267.0 499.0 333.3 1.0 14 285.3 183.8 384.1 332.2 0.5 8 425.0 254.7 499.1 310.3 0.7 17 48.1 166.3 290.4 316.7 0.9 14 285.2 129.2 377.3 252.9 1.0 14 94.7 201.3 168.1 322.7 0.9 14 284.9 128.7 382.6 300.2 1.0 14 228.9 199.7 300.1 333.3 0.6 14 290.7 128.0 385.1 311.6
006173,0.9 9 210.9 231.9 287.2 308.9 0.8 9 351.7 260.5 399.9 300.6 0.9 9 299.5 223.3 353.3 296.7 0.9 9 92.7 231.8 164.3 312.8 0.7 9 407.2 262.9 459.2 297.5 0.8 9 152.0 229.2 203.6 305.4
006178,0.9 14 465.7 234.7 499.4 290.9 1.0 14 117.7 118.0 162.1 234.8 1.0 14 164.1 118.6 202.9 239.6 1.0 14 0.9 173.5 46.2 333.0 1.0 14 199.5 119.6 246.5 247.4 0.7 6 76.4 225.3 477.9 332.2 1.0 14 292.0 125.0 337.5 256.3 1.0 14 46.8 213.5 91.8 304.2 1.0 14 249.5 135.2 293.0 252.5
006182,0.6 11 65.3 78.6 241.9 144.4 0.6 11 168.8 96.0 468.6 238.3
006186,1.0 14 73.2 1.0 497.4 314.7
006191,1.0 18 19.4 79.8 296.1 281.2
006192,1.0 1 184.2 156.2 333.2 319.7 0.8 1 119.2 153.9 327.8 333.6 0.5 1 196.8 157.8 336.5 314.4 1.0 14 191.7 18.7 333.7 267.9
006193,1.0 13 179.8 132.4 365.0 294.7 1.0 14 48.8 56.0 99.1 204.6 0.6 13 328.3 119.1 450.9 245.8 0.8 13 324.1 119.9 451.7 245.1 0.9 13 2.0 181.7 231.4 353.4 0.9 13 325.5 115.3 491.8 242.7
006194,1.0 11 0.4 3.9 499.0 271.6
006195,1.0 14 313.5 334.6 374.2 472.7 0.6 14 312.5 336.2 372.2 444.4 1.0 14 44.9 303.7 115.4 396.3 0.9 10 0.6 378.5 180.1 500.6 1.0 4 70.6 362.7 85.1 413.1 0.9 4 34.0 363.7 46.4 415.1 0.6 14 44.9 301.7 117.6 417.3 1.0 14 118.3 85.3 271.3 499.7 1.0 4 56.9 363.9 71.1 414.0 1.0 14 239.5 362.5 314.4 500.1
006197,0.7 5 93.1 24.7 429.4 375.1
006199,1.0 1 159.7 165.9 422.0 348.8 1.0 14 228.1 60.1 432.2 341.2
006200,0.8 4 446.5 259.9 463.3 314.5 1.0 14 418.3 180.2 495.7 322.2 0.6 10 46.3 182.1 125.9 258.0 1.0 14 208.1 74.9 465.9 376.0 0.6 8 56.1 197.1 104.7 261.2 0.7 8 191.6 220.0 218.4 268.5
006204,0.8 18 178.0 177.9 230.1 234.3 0.9 18 115.1 176.2 185.5 233.7 0.6 18 117.3 174.7 240.1 236.5
006205,0.9 3 393.5 253.6 425.3 295.2 0.9 3 82.7 257.9 101.4 291.1 0.9 3 9.4 257.3 30.9 293.6 1.0 3 257.7 194.3 324.5 301.0
006207,1.0 14 174.0 34.5 278.2 184.3 1.0 12 30.4 43.1 377.2 322.9 0.5 12 151.2 44.9 379.0 218.7
006211,0.9 7 149.8 242.1 200.3 281.0
006213,1.0 14 352.3 249.7 375.0 412.1 0.9 6 46.4 238.6 283.6 440.3 0.9 13 247.7 310.4 353.0 416.2 1.0 14 283.1 251.1 311.6 328.6 1.0 14 315.9 253.1 346.4 328.9
006217,0.9 16 12.4 327.8 93.6 479.0 0.9 16 41.8 197.0 164.6 257.4 0.8 16 66.9 256.7 174.1 452.2 0.9 16 21.1 242.2 91.2 353.5 0.9 16 163.1 250.5 297.7 376.4 0.9 16 234.1 202.2 332.8 315.5 0.9 16 165.0 303.2 268.5 459.9
006226,0.9 14 201.9 162.1 222.8 192.4 0.5 14 74.4 133.4 110.5 186.1 1.0 14 303.6 174.2 374.9 413.8 1.0 14 270.0 195.3 304.2 235.7 0.8 14 302.9 173.3 374.8 354.7 1.0 14 107.9 183.6 147.3 228.5 1.0 14 68.2 189.6 115.6 257.3 0.8 14 272.9 195.6 303.3 234.8 1.0 14 141.8 145.8 204.9 206.1 0.9 14 0.8 155.3 54.3 322.9 1.0 14 0.8 156.5 56.6 383.9 1.0 14 106.2 135.7 138.0 189.6 1.0 14 240.2 161.5 277.7 203.0 0.8 15 152.4 191.9 196.3 246.5 1.0 14 66.9 131.3 110.2 225.9 0.8 10 6.6 216.2 244.0 436.2 0.7 14 0.7 157.7 61.0 497.8 0.8 10 5.6 215.5 344.2 452.4 0.9 8 85.8 448.7 312.8 500.1 1.0 14 30.5 218.6 78.8 300.3 0.6 14 194.0 172.6 246.2 225.1 1.0 14 192.6 172.0 247.4 225.6 1.0 14 186.1 202.3 343.8 500.5
006227,0.5 16 88.2 60.3 247.3 138.6 0.9 16 31.2 0.8 233.2 63.4 0.5 16 88.6 89.0 140.5 131.5 0.8 16 133.5 60.4 247.2 107.6
006228,1.0 6 -0.9 47.8 457.2 350.1 0.8 6 0.7 97.4 458.4 348.4 1.0 6 360.5 103.7 499.9 223.0
006231,0.0 0 0.0 0.0 10.0 10.0
006232,0.8 0 91.5 150.1 462.5 277.4 0.7 0 89.9 149.2 480.3 274.7
006237,0.6 9 58.4 83.6 104.2 185.2 1.0 14 98.1 33.4 278.9 500.2
006239,0.8 14 94.7 59.7 240.5 428.2 0.8 14 248.9 157.6 333.9 437.7 0.6 14 86.4 62.1 212.6 376.5 0.5 14 7.6 183.8 139.1 452.6 0.9 14 9.5 178.5 138.7 454.7 0.6 14 91.2 60.3 332.9 482.9 0.8 14 91.5 185.5 138.6 342.3 0.7 14 163.1 202.1 332.8 499.8 0.9 14 163.7 156.8 333.1 499.2
006242,0.9 6 35.9 155.2 136.1 213.1 1.0 6 159.0 154.7 235.6 210.4 1.0 6 286.5 152.6 357.4 206.9 1.0 6 386.2 154.2 463.6 204.1
006244,0.9 2 230.2 106.4 316.2 183.0
006245,0.9 11 0.8 31.8 332.9 371.3
006246,0.9 6 6.8 -0.1 499.2 348.3
006248,0.5 14 175.6 40.7 231.5 199.8 0.9 14 352.7 14.7 499.7 335.2 1.0 14 176.2 40.3 229.8 268.9 1.0 14 37.0 45.8 226.4 318.4 0.5 4 1.0 266.4 29.9 334.2 1.0 14 222.7 64.5 277.7 223.1 0.6 14 230.1 14.1 500.0 335.2
006253,0.7 11 -0.0 36.3 211.5 333.5 0.9 7 319.4 109.9 452.2 257.8
006255,0.8 14 0.8 2.4 497.6 375.1 0.9 14 110.8 2.3 496.3 374.7
006256,1.0 6 72.1 84.7 410.3 276.0 1.0 6 264.4 75.1 495.1 226.6
006257,1.0 14 314.9 145.7 352.2 225.1 1.0 17 23.3 146.2 473.0 320.3 1.0 14 254.5 183.2 325.2 268.8
006263,1.0 0 9.7 81.5 488.4 235.8
006265,0.8 7 0.6 139.3 191.0 262.2 1.0 7 185.3 110.3 389.7 268.9
006266,0.8 11 370.2 177.2 463.7 267.1 1.0 14 0.7 30.8 58.4 280.5 1.0 14 237.2 34.6 336.7 243.0 0.5 16 252.3 139.5 315.0 307.0
006268,1.0 2 94.0 127.6 243.7 278.8
006271,0.8 8 24.7 1.0 180.8 81.9 1.0 10 1.1 35.9 495.8 375.5
006273,0.9 14 138.9 40.8 294.6 313.3 0.6 14 317.9 151.1 499.5 333.4 0.8 14 136.8 39.5 497.4 333.0 1.0 11 257.5 40.7 339.5 221.4
006274,0.8 14 303.3 54.1 321.1 89.2 1.0 8 327.3 69.6 374.3 155.4 0.8 14 405.2 1.5 490.8 243.8 1.0 8 360.2 70.4 415.7 127.6 0.6 8 173.3 88.3 235.7 214.9 0.8 8 329.1 69.8 373.5 128.5 0.9 8 167.4 62.4 207.5 111.7 0.9 8 0.3 67.1 98.2 225.4 1.0 14 127.3 13.7 380.3 243.5 1.0 14 313.5 58.5 342.1 100.7
006278,1.0 18 56.4 25.8 477.5 320.4
006280,0.8 4 62.5 78.4 147.2 156.1 1.0 7 292.3 94.1 435.9 235.2
006283,1.0 6 20.4 121.2 56.9 186.4 1.0 6 25.6 5.5 498.5 332.8
006287,0.9 8 250.7 206.0 458.8 361.1 0.6 8 1.2 198.3 230.6 365.2 1.0 14 231.3 144.8 408.2 374.9 0.8 8 229.8 205.0 461.2 374.9
006288,0.5 14 149.1 45.4 299.3 276.4 0.6 14 111.1 168.0 405.4 374.4 0.8 14 254.0 166.9 498.0 375.1 0.9 14 106.8 169.0 255.9 361.9 0.6 14 124.6 168.0 344.0 373.7 0.9 14 100.9 44.6 497.3 375.8 0.7 14 128.5 170.7 254.1 334.6 0.5 14 129.1 169.4 497.1 374.8 0.7 14 133.0 168.4 402.8 374.8
006292,1.0 14 361.0 118.6 462.9 317.4 0.7 14 391.2 118.8 452.2 226.0 1.0 14 119.9 27.4 207.6 249.4 0.9 1 73.8 110.0 364.0 334.6 0.9 14 156.7 122.5 278.9 306.5 0.8 14 352.9 129.9 416.9 252.4 0.9 1 75.0 196.1 364.8 334.0 0.9 14 155.6 120.9 320.3 307.9 0.5 1 74.4 166.6 362.8 334.1 0.5 14 354.5 117.9 454.2 256.6 0.8 14 256.1 149.9 319.9 238.0
006293,1.0 8 98.4 195.4 210.7 278.3 1.0 19 159.8 76.1 240.9 166.3
006294,1.0 0 11.7 154.9 274.7 233.4 1.0 0 9.6 71.7 488.0 234.4
006297,1.0 8 33.2 115.9 121.1 217.4 0.7 8 128.1 177.5 255.1 253.9 1.0 8 216.5 212.0 331.7 274.0 1.0 17 213.9 125.0 403.1 258.0
006298,0.7 6 -0.1 27.5 409.3 374.2 0.8 6 66.2 27.0 410.1 376.7
006302,0.6 3 147.0 110.2 235.2 264.3
006303,0.5 7 356.1 282.4 452.1 371.1 0.6 7 356.5 279.8 471.8 371.3 0.8 7 101.0 138.8 303.9 372.0 0.9 14 68.8 119.4 113.2 277.2 0.9 7 184.5 140.5 305.8 319.7
006307,0.9 8 297.7 137.2 433.9 185.0 0.6 17 143.2 101.3 289.1 175.2 0.7 10 177.4 56.0 265.8 108.0 0.5 8 204.6 56.4 255.4 108.6 0.9 19 134.8 63.9 171.5 104.2 1.0 8 146.4 103.0 287.7 175.9 0.7 17 291.1 64.1 429.4 113.2
006308,0.6 11 241.0 374.1 357.1 500.4 0.9 19 56.1 0.6 354.9 289.5
006310,0.6 1 0.6 61.4 282.4 332.9 1.0 14 233.0 0.9 499.4 323.5 0.7 14 248.4 1.4 499.5 326.3
006311,0.7 15 102.4 177.8 133.3 219.4 0.6 15 69.9 180.8 102.9 214.0 0.8 15 68.6 179.9 118.6 234.7 0.9 15 122.7 177.5 171.7 218.8 0.8 15 184.4 185.8 215.9 229.6
006312,0.8 14 293.2 77.5 424.8 192.7 0.9 1 296.3 78.0 478.3 237.0
006313,0.6 8 114.8 88.3 230.6 229.0 0.7 4 60.5 194.1 88.5 250.8 0.6 14 315.4 267.9 409.0 374.2 0.9 17 265.2 147.0 472.4 266.7 1.0 14 274.2 265.9 385.8 361.6 0.9 8 419.6 212.0 472.1 272.6 1.0 14 271.5 145.5 333.7 229.8 0.6 19 1.0 126.0 85.3 226.2 0.7 4 50.7 194.4 82.4 249.0 1.0 14 85.9 86.0 206.0 375.5 0.7 14 153.4 92.6 184.4 165.6 1.0 14 306.7 166.0 395.6 279.5 0.7 19 0.9 120.5 89.4 227.2 0.6 14 268.9 267.2 407.4 375.2 0.6 17 266.1 147.2 448.2 238.2
006315,0.7 11 260.4 131.9 412.3 316.0 0.7 11 216.1 129.0 415.4 318.7
006316,0.6 9 11.4 38.3 218.7 301.6 0.6 9 183.2 24.0 496.7 273.5
006317,1.0 14 246.4 66.5 395.0 369.0 1.0 1 238.9 207.7 480.5 375.0
006322,1.0 14 130.6 2.0 498.1 333.5
006324,1.0 6 97.5 223.2 189.5 259.5 1.0 6 251.5 179.5 412.1 303.2
006326,1.0 6 15.4 74.3 391.8 321.5 1.0 6 328.6 72.6 500.5 191.4
006327,1.0 14 279.7 228.1 294.0 291.5 1.0 14 267.5 228.4 282.6 294.7 1.0 14 312.7 221.0 333.9 311.9 1.0 14 298.8 221.9 316.4 298.8 0.9 6 0.5 237.7 26.5 268.1 1.0 5 50.1 62.3 230.1 345.8 0.6 6 0.7 233.5 43.6 258.5
006328,1.0 11 165.5 97.1 325.8 281.7
006331,1.0 6 100.1 86.7 400.8 281.3
006332,1.0 14 314.5 179.6 339.0 214.6 1.0 14 334.0 176.2 353.9 213.7 0.9 3 0.7 1.6 399.4 267.6 1.0 14 148.0 172.9 174.7 214.2 0.8 3 107.4 1.7 402.0 264.8 0.9 14 298.4 179.2 319.8 211.3 0.6 3 107.3 150.2 400.7 264.6
006333,0.8 6 325.5 70.0 424.9 118.9 1.0 6 438.0 98.0 499.9 152.2 1.0 6 59.3 55.0 451.8 290.7 0.8 6 327.3 70.9 499.6 150.8
006334,0.9 6 313.2 196.4 349.8 233.8 0.9 5 73.0 166.6 220.0 246.0 1.0 14 465.8 198.2 495.9 280.4 1.0 14 439.6 203.7 464.6 256.3 0.9 14 27.7 200.2 43.3 238.4 1.0 6 274.2 196.1 324.3 236.0
006336,0.8 7 1.7 1.8 331.2 426.0 1.0 7 0.6 1.6 374.1 436.9
006340,1.0 6 4.8 85.9 490.7 357.4
006342,0.9 2 65.5 51.6 312.3 162.8 0.5 2 185.0 54.8 286.7 123.0 0.9 2 187.2 51.3 316.0 127.2
006343,0.0 0 0.0 0.0 10.0 10.0
006345,0.5 19 107.7 23.5 459.0 200.3
006347,0.9 0 1.9 24.9 480.1 232.1 0.6 0 20.2 102.1 479.2 232.2
006354,0.9 11 0.5 89.4 405.5 283.9 0.6 11 0.9 94.0 195.9 229.5 0.7 11 170.8 90.0 408.5 281.6
006356,0.8 18 2.1 131.1 137.7 231.5 0.5 18 1.3 63.9 500.0 272.9 0.7 18 122.7 114.4 199.6 240.2 0.7 18 121.2 64.0 499.6 273.9
006358,1.0 6 197.1 205.5 244.1 228.6 1.0 6 37.1 208.7 79.7 228.3 1.0 6 461.7 204.5 499.9 229.1 0.8 6 424.1 199.5 469.4 229.9 1.0 6 99.3 206.8 146.3 227.3 1.0 6 344.9 199.2 433.4 233.5 1.0 6 147.8 202.5 209.5 228.3 0.9 6 71.2 204.1 105.0 224.1 1.0 6 257.2 204.2 343.7 229.7 0.5 6 257.6 197.6 307.2 223.4
006359,1.0 4 190.9 43.1 215.0 126.7 1.0 4 218.1 43.9 241.3 125.0 0.9 17 159.6 40.5 498.4 271.2
006360,1.0 4 224.7 243.9 256.9 349.7 0.7 14 357.7 64.3 500.2 364.7 0.8 14 2.2 111.9 183.2 375.1 0.9 14 1.1 111.6 155.2 375.6 0.9 10 94.8 232.3 495.6 376.0 0.8 4 414.8 288.0 483.6 375.1 1.0 14 356.2 64.9 500.2 295.9 0.7 8 280.1 175.3 338.8 244.9
006361,1.0 14 211.1 85.8 237.5 135.9 0.7 12 201.4 119.6 254.6 207.9 1.0 14 370.1 77.4 424.4 211.9 0.7 12 295.2 132.3 442.5 269.7
006364,1.0 12 50.1 140.9 496.7 344.5 1.0 14 254.9 21.6 388.5 343.0
006365,0.5 14 393.5 103.1 484.8 246.5 0.6 1 319.4 140.3 476.9 306.3 0.9 14 403.9 102.6 483.7 214.8 0.7 14 384.3 104.1 484.9 285.5 0.8 12 72.5 62.0 243.7 297.7 0.9 12 71.8 62.2 403.9 295.5 0.8 1 89.1 130.6 473.1 306.9
006368,1.0 14 226.3 14.5 339.9 200.4 1.0 12 63.2 46.7 422.7 316.2 0.5 12 144.7 49.1 422.3 314.7
006370,1.0 14 128.5 150.4 142.3 179.5 1.0 14 33.6 153.6 45.9 181.9 1.0 14 347.8 161.2 361.4 190.9 1.0 14 264.7 159.2 277.5 188.0 0.9 14 58.0 159.6 69.8 181.2 1.0 14 164.9 120.6 230.1 426.2 0.9 14 235.1 160.9 246.8 186.0
006372,1.0 18 172.2 46.2 498.7 302.9
006373,0.9 14 47.4 288.0 63.4 396.2 1.0 14 17.7 280.7 53.1 471.2 0.9 17 238.2 363.0 375.4 499.9
006376,1.0 14 211.4 58.1 275.3 109.5 0.9 6 37.1 20.1 452.3 361.6 0.6 14 304.1 67.7 332.0 95.9
006378,0.9 9 158.9 178.4 219.3 264.0 1.0 14 147.5 90.0 183.0 175.6 0.9 9 280.4 174.0 370.5 281.8
006379,0.9 2 70.4 162.5 242.0 269.1 0.7 2 173.2 144.2 238.5 257.1 0.9 2 224.1 118.0 436.1 312.2
006380,1.0 14 278.0 41.6 318.7 87.0 1.0 14 179.9 62.4 239.3 121.9 0.8 4 251.2 166.1 269.8 201.5 0.8 14 0.6 151.7 135.0 375.6 0.5 14 1.3 105.0 160.2 315.7 0.7 14 372.9 97.3 499.2 197.7 0.9 14 219.0 58.1 256.4 105.2 0.6 14 359.8 101.9 499.1 252.7 0.7 14 67.4 104.1 160.1 246.1 0.7 14 358.7 93.2 440.5 190.9 0.6 14 350.9 85.3 499.1 197.1 1.0 14 125.2 97.3 209.8 210.7 0.9 14 341.5 78.9 406.3 174.2 0.9 14 183.8 60.8 223.9 109.4 1.0 14 344.1 61.6 390.1 133.0 1.0 14 67.2 104.3 162.5 312.2 1.0 4 256.7 116.2 277.1 181.1 0.6 14 0.5 153.5 158.3 375.1 1.0 14 123.2 66.1 162.1 125.3 1.0 10 78.2 93.3 425.4 377.3 0.8 14 0.2 233.9 142.6 375.4 0.8 14 233.8 45.2 260.4 95.9 1.0 14 350.8 93.1 439.9 194.2 0.8 14 339.2 53.8 360.5 94.3 1.0 14 312.2 114.8 497.4 347.9 0.9 14 339.9 54.7 374.4 125.9
006383,0.8 6 59.2 38.4 437.0 153.7 0.8 6 52.0 60.1 437.0 155.3 0.9 6 56.5 27.3 477.7 156.5
006384,0.6 7 38.7 148.2 269.9 342.6 0.6 14 37.7 82.1 278.6 341.2 0.7 14 79.5 82.3 277.1 339.9 1.0 19 344.3 2.3 496.8 151.2 0.8 14 83.6 81.4 257.4 237.4 0.6 11 95.1 312.8 317.0 420.0
006386,0.8 6 180.9 165.2 210.2 187.1 0.6 6 238.6 176.1 267.8 204.3 0.7 6 152.0 163.2 210.0 188.5 1.0 6 77.9 164.9 147.7 196.0 1.0 6 1.1 170.8 136.9 238.4 1.0 6 144.5 167.4 200.7 206.2 1.0 6 234.3 170.0 460.5 327.3
006388,1.0 5 13.2 194.2 444.3 340.6
006389,0.9 19 163.8 45.4 260.3 138.9
006390,1.0 4 0.8 250.6 54.4 374.9 1.0 4 42.3 239.1 172.8 375.5 0.8 4 0.9 253.1 48.2 372.7 1.0 14 87.9 11.2 498.1 375.2 0.7 4 185.9 279.3 258.9 375.0 0.8 14 212.3 11.4 500.0 374.8
006393,0.8 8 399.4 149.0 454.9 217.0 0.9 8 152.0 188.5 320.2 333.5 1.0 8 375.9 112.6 452.7 216.7 0.9 8 226.2 221.1 322.5 333.0
006394,0.5 7 25.6 -0.4 222.8 157.8 0.5 7 4.9 0.8 322.4 449.9 1.0 7 10.2 58.3 322.9 455.9
006397,1.0 6 16.2 43.5 424.4 173.2
006399,0.5 14 198.2 0.6 316.9 268.0 1.0 14 0.9 1.8 184.3 275.6 0.9 11 206.3 57.4 448.9 333.2 1.0 11 266.4 5.5 475.5 309.7
006401,1.0 14 151.3 178.3 169.0 205.7 0.6 12 149.1 192.6 198.2 255.4 0.6 12 41.5 204.3 71.8 257.2 0.9 14 44.4 183.4 71.7 227.7 0.7 12 127.4 192.1 197.9 255.7 1.0 14 125.6 177.6 145.7 212.4 0.5 12 75.7 208.5 106.9 251.8 0.9 12 271.1 185.4 402.7 276.8 1.0 14 320.4 163.6 350.1 228.9
006402,0.8 14 67.7 76.5 107.4 164.0
006403,0.5 11 226.0 50.4 498.9 373.5 0.9 14 2.2 2.3 308.6 374.5 0.9 14 1.7 2.4 229.7 374.6 1.0 11 37.4 48.9 497.5 374.8
006405,0.7 6 22.0 212.8 250.8 412.1 1.0 6 0.1 279.3 126.5 501.0 1.0 6 196.1 303.4 375.2 499.2
006406,0.9 0 91.2 179.8 166.6 208.4 0.9 0 90.1 153.7 161.3 181.1 0.9 0 178.1 135.8 250.8 166.2 0.9 0 81.4 195.2 160.6 228.0 0.9 0 293.2 117.2 368.6 149.3
006407,1.0 14 255.2 137.0 293.7 217.8 1.0 14 0.9 213.8 53.0 347.8 0.7 5 47.3 88.2 380.5 348.1
006408,0.8 12 434.2 235.2 498.9 375.7 1.0 3 165.5 148.1 197.1 245.8
006410,0.7 18 59.4 146.8 238.2 247.5 0.6 18 290.1 156.6 450.8 306.1
006412,1.0 1 9.6 43.3 493.3 351.0
006413,0.9 1 31.3 280.6 177.1 493.1 1.0 14 27.2 25.2 112.1 352.8 1.0 14 94.0 112.8 223.8 252.9
006414,1.0 14 1.6 2.0 228.3 332.5
006415,1.0 6 12.7 148.8 486.3 292.2
006416,0.7 18 106.5 0.9 499.2 296.2 1.0 14 375.9 203.4 420.0 311.7 0.7 18 108.2 0.7 433.4 292.0
006420,0.0 0 0.0 0.0 10.0 10.0
006422,1.0 8 419.6 260.0 498.8 375.6 0.6 10 2.1 232.8 108.0 293.1 1.0 8 23.4 275.6 208.3 375.5
006423,0.8 13 390.7 147.3 463.3 189.6 0.7 6 279.4 128.0 312.1 157.6 1.0 6 226.9 120.7 279.3 152.6
006426,0.9 14 228.6 180.9 368.8 499.1 0.8 4 162.5 81.9 180.9 138.5 1.0 14 126.8 128.0 223.4 483.9 0.6 14 258.5 117.5 338.5 198.5 0.9 14 127.5 129.3 222.4 240.5 0.9 14 1.9 139.1 196.6 499.5 1.0 14 1.5 138.1 144.2 501.2 0.9 4 131.5 116.2 150.5 149.7 0.7 15 169.3 68.0 224.8 144.8 0.8 14 256.1 121.4 374.8 329.4 0.9 14 194.8 178.3 371.3 499.2 0.9 14 227.1 181.9 368.3 500.4
006431,0.9 13 130.4 122.1 367.0 294.0 1.0 14 228.4 62.9 345.3 270.2 0.9 13 133.5 121.2 404.7 294.3
006432,1.0 14 116.5 101.3 276.2 375.6 1.0 4 330.7 230.8 360.9 336.4 0.6 14 423.0 160.4 496.5 375.0 1.0 4 172.1 258.4 199.5 348.8 1.0 14 426.2 159.9 498.3 265.8 0.9 14 0.8 142.4 43.5 373.7 1.0 14 66.9 89.2 206.8 375.9 0.5 14 1.1 141.3 82.2 375.1 0.6 4 329.7 232.1 359.5 336.2 1.0 14 323.7 49.5 459.4 368.2 1.0 14 258.3 125.9 405.8 375.3 0.9 14 323.1 49.5 498.2 374.5
006435,0.5 19 249.6 150.5 314.5 188.1 0.8 13 68.8 66.7 388.6 300.2 0.8 13 103.5 130.0 390.9 301.4
006439,0.9 2 83.2 238.9 309.6 498.2 1.0 7 71.1 22.7 374.4 389.5
006441,0.5 15 411.6 223.4 434.4 254.7 1.0 6 0.9 181.2 68.4 262.0
006446,0.5 14 430.4 58.6 499.8 224.2 0.7 4 315.0 293.8 346.9 375.7 0.6 10 62.2 303.2 255.7 375.2 0.8 4 121.0 0.3 185.3 151.0 1.0 14 0.3 62.4 114.9 375.3 1.0 14 207.2 1.9 499.4 374.6 0.8 19 184.1 0.5 300.2 63.5 0.8 14 297.5 2.2 499.9 375.0
006451,1.0 7 125.0 66.2 299.7 252.3 0.8 7 1.3 76.4 146.5 260.8 1.0 7 2.1 66.0 297.5 258.0
006452,0.7 17 265.4 277.3 332.6 410.4 0.5 19 0.8 271.8 91.2 339.8 0.9 19 108.5 223.4 175.1 288.0 0.6 10 0.5 334.9 138.9 500.3 0.6 10 0.9 337.6 144.8 500.1 0.9 4 31.2 290.1 53.9 377.6 1.0 4 31.8 289.6 53.4 346.6 1.0 14 162.2 119.5 251.9 462.0
006453,1.0 14 171.9 118.0 248.4 375.6 0.9 8 0.8 244.5 61.1 375.3 1.0 14 65.1 75.6 179.3 375.4 0.9 14 303.7 80.5 442.8 375.0 0.7 14 224.8 67.7 445.7 375.3 1.0 14 224.0 67.1 329.7 374.0 0.8 14 283.1 78.9 448.4 375.5
006454,1.0 6 26.2 136.7 475.9 292.7
006457,1.0 11 81.3 25.5 490.1 396.1
006460,1.0 14 373.1 298.9 444.4 374.9 1.0 14 1.2 22.5 345.4 375.0
006461,1.0 8 126.4 197.5 211.3 329.8 1.0 8 29.3 200.6 73.6 316.4 0.8 17 381.2 233.0 498.8 333.5 0.9 15 111.6 187.6 144.6 224.9 1.0 8 57.8 195.0 121.3 322.0 1.0 10 67.5 215.8 168.3 326.9 0.9 15 371.7 210.9 420.9 269.9
006464,0.8 14 117.3 75.1 307.7 375.4 0.7 14 14.9 75.3 293.5 375.9 1.0 14 247.9 2.5 499.9 374.9
006467,1.0 1 11.8 37.2 485.0 345.1
006469,1.0 13 77.2 214.7 140.5 280.3 1.0 6 144.5 169.4 211.4 219.9 0.9 14 283.8 208.9 341.4 303.7 0.9 14 256.6 207.9 340.6 302.6 1.0 14 95.7 163.8 133.3 228.0 0.9 13 125.0 202.4 206.5 284.2 0.7 14 256.0 208.6 285.5 278.5 1.0 6 2.1 164.2 77.0 227.6 0.6 14 263.7 207.7 340.9 304.1 1.0 13 176.5 207.4 273.3 286.3 1.0 14 206.5 156.2 259.3 283.9
006471,0.6 14 258.8 244.2 274.9 267.9 0.8 14 59.3 39.6 92.7 77.6 0.7 14 336.8 49.4 352.2 76.5 0.6 14 275.1 40.0 288.5 77.8 0.8 14 349.1 256.0 369.5 292.7 0.8 14 256.8 243.7 282.0 287.4 0.8 14 311.8 258.8 340.2 286.6 0.6 14 294.2 38.4 311.3 81.4
006477,1.0 8 304.7 268.2 374.8 429.0 0.5 8 4.4 326.1 69.1 402.5 1.0 14 121.7 209.0 198.7 468.9 0.9 8 5.4 271.5 69.9 401.6 1.0 14 180.7 217.3 260.4 449.3
006478,0.9 9 398.9 192.2 470.5 240.0 0.8 16 158.9 177.6 187.8 200.8 0.5 9 15.4 176.8 77.6 219.7 0.5 16 54.8 170.1 93.8 198.7 0.7 16 204.7 177.7 220.5 209.0 0.9 9 327.4 184.8 396.4 239.5
006479,0.9 11 19.0 44.3 358.1 284.5 0.9 11 18.1 44.2 488.4 321.3 0.7 11 257.8 47.6 492.1 319.3
006481,0.8 14 335.5 8.5 358.8 70.4 0.5 14 338.7 7.4 359.8 36.5 0.9 14 386.4 27.1 410.2 92.8 1.0 14 354.0 19.3 383.2 88.6 0.9 14 404.5 2.5 437.3 166.7 1.0 14 404.0 1.8 434.1 96.5 0.9 14 385.9 27.2 410.0 92.6 1.0 6 81.7 27.7 443.0 317.0 0.9 14 337.1 14.1 366.1 91.2
006485,0.9 18 203.3 128.2 286.1 229.6
006487,1.0 14 113.1 9.1 352.7 331.9 1.0 17 115.1 54.5 496.9 332.3
006489,1.0 14 330.3 68.8 499.5 333.4 1.0 14 96.3 87.0 347.5 331.8
006490,0.9 2 82.8 308.7 108.7 331.0 1.0 3 171.8 8.5 268.5 70.0 1.0 14 145.1 166.1 166.9 245.2
006491,0.6 2 171.1 26.9 225.5 117.7 0.7 16 296.2 29.7 361.9 112.2
006493,1.0 6 93.4 129.2 498.3 285.9
006494,1.0 7 -0.4 98.1 295.5 495.8 0.5 7 144.4 97.3 298.0 482.6
006496,0.9 15 42.7 128.4 201.5 324.0 0.8 15 27.8 261.9 57.7 308.2 0.7 15 32.3 171.7 63.4 309.1
006498,0.8 7 66.6 45.7 269.6 501.6 1.0 7 0.0 47.8 270.1 501.1
006500,0.8 4 217.4 1.4 249.3 108.7 1.0 4 179.6 9.2 212.2 101.6 0.8 4 109.0 151.2 147.0 228.1 0.8 4 109.3 12.1 136.8 68.8 1.0 4 286.5 223.6 330.5 330.6 0.9 4 35.0 149.5 70.8 256.6 0.8 4 31.6 18.6 64.7 107.6 0.8 4 286.1 93.3 328.4 202.3 1.0 14 415.4 1.1 498.3 129.3 0.8 4 1.1 151.3 23.5 246.4 1.0 4 186.4 207.9 225.6 299.3 0.9 4 167.5 97.2 196.9 161.3 0.9 4 369.2 90.5 418.8 214.9 0.8 4 106.6 97.8 140.4 169.2 0.9 4 150.3 155.6 192.3 241.4 0.8 4 298.5 -0.5 336.1 106.1 1.0 4 214.3 2.0 247.1 108.5 0.9 4 146.9 200.4 185.8 289.6 0.8 4 324.9 93.8 370.2 211.4 0.9 4 11.6 147.0 47.3 251.2 0.7 4 156.4 5.0 183.6 58.3 1.0 4 338.2 0.1 377.7 124.8 1.0 4 139.0 94.7 169.0 186.9 0.8 4 75.1 153.7 111.8 266.5 0.8 4 222.3 95.0 257.9 194.8 1.0 4 190.6 95.1 227.1 192.4 1.0 4 105.6 11.6 134.7 107.3 0.9 4 378.5 -0.2 427.1 124.7 0.9 4 111.6 193.4 144.6 277.0 0.5 4 17.3 20.4 41.7 103.6 0.9 4 66.7 157.1 109.3 267.8 0.8 4 285.3 171.0 327.1 232.9 1.0 4 147.9 10.9 178.4 102.9 0.6 4 26.3 97.8 49.9 150.5 0.8 4 166.4 96.9 194.2 172.1 0.8 4 84.9 97.9 113.6 157.9 0.9 4 209.8 161.2 251.0 246.4 0.6 4 251.4 92.5 291.9 201.5 0.9 4 251.8 91.9 292.3 201.5 1.0 4 230.7 216.0 274.8 317.7 0.9 4 61.7 99.5 90.5 160.6 0.9 4 301.8 0.9 335.9 51.8 1.0 4 250.6 0.5 283.7 115.7
006502,1.0 6 57.2 108.6 453.1 298.5
006504,0.7 4 100.4 195.6 118.1 239.6 0.7 7 175.4 56.6 296.4 312.9
006505,1.0 14 132.8 10.1 321.4 275.5 0.7 14 91.7 32.2 140.1 86.9 0.7 14 4.6 10.8 320.9 270.6 0.6 14 101.3 33.2 188.4 154.4 0.8 17 14.9 42.8 497.0 277.7 1.0 14 260.7 11.1 496.9 275.6
006508,0.9 2 130.1 198.9 258.9 274.5 1.0 14 29.0 12.0 173.7 333.8 1.0 14 117.8 2.3 479.9 332.8
006510,1.0 6 80.1 111.8 440.1 294.7
006511,0.7 11 4.9 2.0 436.8 331.7
006513,0.9 18 150.3 299.1 281.6 377.2
006514,1.0 14 120.1 232.4 266.5 497.9
006516,0.5 8 240.4 275.2 338.2 368.7 0.9 8 351.5 219.5 499.5 376.2 0.8 15 424.6 23.4 461.5 94.8 1.0 8 43.4 225.0 209.3 375.7
006517,0.9 14 1.8 230.5 41.1 297.8 0.7 14 303.8 202.2 337.3 290.9 0.6 14 282.8 203.3 414.8 334.1 0.8 14 305.9 202.6 338.6 242.4 1.0 14 224.9 135.1 313.3 302.3 1.0 14 83.3 162.8 229.1 334.2 1.0 14 1.3 212.8 102.3 334.6 0.6 14 37.9 211.2 106.1 323.7 0.5 14 229.0 135.3 313.6 304.2 1.0 14 219.1 243.8 286.1 333.9 1.0 14 284.4 202.6 452.3 334.4
006518,0.9 1 0.9 21.4 497.2 368.7
006521,1.0 14 204.0 128.6 300.2 272.5 0.7 12 220.4 194.7 288.0 329.8 0.6 12 222.8 194.4 286.6 347.9
006522,0.7 12 50.9 84.1 498.0 375.4
006525,1.0 6 0.4 311.1 172.5 429.9
006526,0.9 14 64.5 2.0 496.9 332.4
006527,1.0 14 247.7 4.3 265.0 43.0 1.0 6 1.5 12.7 95.9 53.7 0.9 14 147.4 4.5 163.7 44.1 0.5 14 394.1 8.7 442.8 116.3 1.0 14 131.5 6.1 149.6 43.1 0.5 6 322.1 19.6 425.0 68.6 1.0 6 322.1 19.6 456.2 70.2 1.0 14 95.3 0.8 116.4 42.2 0.9 14 113.0 4.2 127.6 42.0
006528,0.0 0 0.0 0.0 10.0 10.0
006531,0.6 14 208.3 234.9 226.8 259.1 0.8 13 203.6 257.5 232.6 300.0 0.7 14 208.6 240.3 231.9 287.2
006533,1.0 0 196.1 170.1 353.8 211.3
006535,1.0 2 62.0 32.2 175.7 354.9 1.0 2 200.9 210.2 297.1 420.4
006537,0.9 11 99.5 2.1 494.5 316.8 0.6 11 153.1 2.1 498.0 316.3
006539,0.5 14 273.2 15.6 315.6 103.3 0.8 14 186.3 1.7 263.7 136.6 0.9 4 332.4 230.8 359.8 269.7 0.9 14 322.7 112.5 499.6 375.1 0.7 14 1.5 45.2 173.7 165.7 0.8 4 215.4 244.5 245.4 273.1 0.8 14 1.0 98.4 235.6 374.5 1.0 14 0.7 49.0 236.8 374.7 0.6 4 116.8 47.8 182.3 153.4 1.0 4 260.2 180.9 310.0 269.4 1.0 14 258.2 111.2 499.9 375.4
006540,0.5 14 78.2 178.7 142.2 261.1 0.9 12 80.4 187.3 191.1 389.8 1.0 12 78.9 187.5 266.8 389.8 1.0 14 145.9 142.1 212.8 330.4
006541,1.0 8 0.9 238.2 57.2 315.3 0.6 10 224.8 259.2 425.0 319.5 1.0 8 146.2 257.6 207.8 319.2 1.0 8 82.6 242.5 129.5 318.8 0.5 8 177.9 225.2 200.0 251.8 0.8 10 101.2 228.3 256.3 318.8
006544,0.7 14 0.8 77.5 83.9 196.4 1.0 14 433.1 114.7 499.6 240.1 0.7 1 1.3 171.2 157.7 224.7 0.8 14 0.9 80.3 25.5 184.1 1.0 14 113.6 82.4 372.5 489.9 1.0 1 85.0 293.2 483.7 501.7 1.0 14 359.0 102.1 431.3 236.8 0.6 14 360.1 99.2 429.5 194.8
006545,1.0 7 74.7 4.9 363.1 280.4
006546,0.7 8 226.8 112.6 266.8 149.0 0.7 14 140.2 82.0 181.3 158.3 0.8 8 1.2 253.4 65.0 374.8 1.0 14 381.7 121.9 499.4 319.5 1.0 14 90.5 46.3 131.1 133.9 0.5 8 307.2 103.4 376.2 160.8 0.9 4 304.0 188.5 328.5 242.6 0.6 4 211.9 196.3 233.7 274.5 0.8 4 203.6 159.7 221.0 208.9 1.0 14 94.4 101.7 168.8 212.1 1.0 14 220.6 51.4 283.1 140.7 0.9 14 146.9 81.6 177.6 121.5 0.9 14 318.0 83.8 378.6 159.4 0.9 14 134.7 103.0 174.6 179.8 1.0 14 1.1 114.4 156.6 317.4 1.0 10 23.8 141.7 487.9 376.3 1.0 14 291.1 83.7 425.7 226.3 0.8 14 141.5 81.9 177.8 138.7 0.8 8 444.6 253.1 499.2 374.9 0.8 14 342.3 84.5 425.5 226.6 0.8 8 302.6 108.2 344.1 155.2
006552,0.8 14 257.0 61.5 321.0 146.7 0.7 14 162.3 99.7 299.6 264.6 0.9 14 94.7 170.3 137.9 249.5 0.7 14 309.6 13.6 483.6 331.8 0.6 14 0.6 3.2 121.3 309.3 0.5 14 458.8 91.6 499.3 276.1 0.7 14 258.9 61.5 332.7 213.0 1.0 14 45.9 158.9 138.0 283.3 0.8 14 164.4 100.0 293.3 245.2 1.0 14 0.7 71.1 118.5 319.3 0.6 14 344.2 120.4 481.9 332.9 0.9 14 164.0 168.7 221.0 248.8 0.8 14 302.3 12.4 462.5 330.8 1.0 14 218.8 12.0 484.4 332.0
006554,0.6 6 -0.2 188.0 139.2 324.0 0.7 18 134.9 114.1 414.4 305.7 0.5 18 266.7 116.2 410.2 288.5
006555,0.7 12 0.7 26.7 481.2 358.3
006557,0.6 16 173.8 156.1 262.5 322.4 0.6 16 252.7 149.1 372.8 325.2
006558,1.0 7 1.3 96.8 339.4 329.8
006559,1.0 14 52.5 98.5 276.5 478.6
006561,1.0 14 180.3 9.2 368.2 234.1 0.8 13 52.3 91.9 292.2 309.3 1.0 13 52.0 75.2 447.1 307.9
006563,0.8 14 175.2 219.2 220.2 320.0 1.0 14 174.1 219.3 221.5 364.1
006566,0.9 14 54.8 3.3 152.9 237.0 0.6 12 37.3 59.9 124.4 241.3 0.8 14 54.2 1.6 204.4 236.8 0.7 12 37.8 43.0 206.5 241.1
006567,0.9 6 188.4 163.5 272.1 200.7 0.7 13 165.3 168.0 277.1 282.7 0.7 13 251.4 183.1 406.0 305.6 1.0 13 13.3 172.5 96.5 240.7 0.9 13 250.3 182.3 419.0 305.6 0.9 14 123.5 148.8 167.8 289.1 0.6 13 311.5 181.0 423.7 290.2 0.8 13 158.8 185.2 226.1 276.4 1.0 14 123.7 197.7 166.7 289.3 0.8 13 197.2 187.1 329.5 299.5 1.0 14 286.0 145.7 308.7 213.6 1.0 14 121.5 148.7 165.6 215.8 1.0 14 87.6 154.3 122.4 278.4 0.5 14 86.3 150.1 113.4 217.2 0.5 13 194.8 181.3 415.9 306.3 1.0 14 269.9 144.4 289.4 192.9
006568,0.5 11 80.6 84.9 259.4 243.6 1.0 11 1.1 83.8 360.7 498.6
006571,0.5 11 257.3 198.2 409.9 332.6 0.7 11 158.7 0.8 453.7 183.3 0.6 17 2.0 2.1 494.8 374.1 0.8 7 28.1 82.1 300.3 246.2 0.5 7 27.2 83.7 357.2 245.6 0.8 11 197.5 192.0 412.4 374.9
006573,0.5 9 47.7 1.9 411.7 373.9
006574,0.9 14 95.1 58.5 359.3 375.8 1.0 14 398.1 172.0 498.6 375.7 0.8 14 212.3 122.4 355.5 374.6 0.9 19 64.6 105.6 141.5 190.5 1.0 14 0.9 153.5 117.0 376.0 0.6 14 2.3 58.3 354.9 376.1 0.7 14 99.1 122.4 357.6 375.4
006577,1.0 14 388.6 261.4 442.9 374.7 0.7 14 422.3 158.4 452.0 229.7 0.5 14 366.0 139.2 393.8 168.8
006579,0.6 9 95.9 43.2 147.6 127.3 0.8 7 176.2 278.8 224.3 352.1
006580,0.9 14 75.7 177.9 92.6 206.6 1.0 14 437.3 198.5 486.8 291.9 0.5 11 372.1 238.5 417.8 284.9 1.0 14 318.0 177.1 360.0 295.1 0.8 14 0.8 172.4 16.1 258.1 1.0 14 99.6 182.9 116.4 230.7 0.9 14 172.1 168.3 216.1 286.8 1.0 14 363.2 180.1 379.5 224.1 0.8 14 0.9 172.7 15.1 234.4 1.0 14 1.6 159.1 92.6 375.4 1.0 14 205.2 167.0 280.4 348.5 0.9 14 12.8 175.1 34.3 211.5 0.9 14 172.4 167.5 216.5 305.7 0.9 14 261.5 179.0 278.3 218.9
006581,0.9 6 136.6 207.6 154.1 235.3 1.0 6 79.0 209.4 104.7 230.7 0.6 1 87.8 340.2 178.5 470.9 0.9 6 109.3 211.6 130.7 232.4
006582,0.8 2 0.6 60.1 159.4 375.3 0.9 2 37.9 10.5 395.5 375.2 0.5 2 240.3 11.6 398.5 217.3
006586,1.0 14 217.4 69.0 304.1 293.3 1.0 12 65.4 157.2 439.6 332.7
006589,0.8 9 219.8 132.7 359.3 227.0
006590,0.8 6 1.4 2.7 486.7 302.0
006591,0.9 13 366.3 231.7 497.2 332.3 0.6 9 278.1 195.6 346.2 330.2 1.0 14 183.2 151.0 205.7 216.2 0.9 14 203.2 152.7 225.1 214.6 0.8 9 216.2 190.7 348.5 332.1
006592,1.0 14 214.7 186.9 236.9 248.1 1.0 0 1.0 19.3 499.3 245.4 0.8 14 290.5 181.1 308.4 209.3
006594,1.0 1 0.8 195.8 83.0 333.8 1.0 14 294.8 186.5 330.0 280.5 1.0 1 265.7 204.5 329.9 317.3 0.5 14 0.6 166.1 27.5 332.5 1.0 14 82.2 132.6 239.6 383.7 0.8 1 1.1 184.5 82.8 271.3 1.0 1 76.8 128.0 255.9 294.3
006596,0.5 7 85.3 120.4 209.4 217.1 1.0 7 13.3 131.1 496.9 373.6 1.0 7 211.6 92.9 498.6 232.6
006598,0.7 14 2.2 1.9 314.9 374.5 0.6 11 83.5 263.1 219.4 354.6 1.0 14 95.6 2.0 498.8 374.5
006600,0.7 18 114.6 88.0 228.5 188.5 0.9 18 212.2 76.0 286.0 196.6 0.6 18 102.4 59.6 469.5 191.6 0.6 18 2.0 64.3 474.6 189.0 0.7 18 282.0 65.1 466.4 190.5
006601,1.0 5 129.3 103.6 360.9 292.3
006604,0.7 3 198.4 199.8 239.9 217.6 1.0 3 22.1 132.6 106.9 220.5 0.9 3 421.6 182.5 471.3 218.8 0.7 3 233.2 183.1 271.1 218.9 0.7 3 233.6 183.1 272.3 219.2 0.6 3 123.8 206.1 154.0 216.3 0.7 3 119.0 186.5 151.7 217.6 0.8 3 161.7 190.1 204.2 213.9 0.7 3 366.6 148.6 419.8 220.4 0.9 3 279.2 197.6 330.1 217.3
006607,0.6 14 184.1 0.1 354.3 139.8 0.6 7 27.8 126.7 453.6 376.2
006608,0.9 14 391.5 2.8 499.7 373.6 0.5 1 328.4 33.9 452.2 152.2 0.5 1 334.0 34.2 455.4 150.6 0.8 14 305.0 0.9 353.7 166.0 0.5 1 342.8 30.4 464.2 151.2 1.0 14 369.7 1.0 444.6 161.3 0.9 14 255.9 1.7 347.5 213.5 1.0 1 21.0 61.3 436.1 318.9 0.8 14 256.2 1.1 351.0 226.5
006613,1.0 13 312.7 166.4 438.4 278.8
006614,1.0 14 176.1 274.5 318.0 500.0
006615,0.8 14 0.0 49.4 346.6 375.8 1.0 14 0.7 3.1 349.5 374.7
006616,0.8 14 235.4 79.4 364.3 500.3 0.8 4 82.2 301.8 207.2 497.3 0.6 4 -1.0 97.1 158.3 263.4 0.9 14 46.3 78.8 362.6 500.8 0.7 14 84.7 78.4 363.3 501.2
006620,0.9 8 120.3 138.3 162.8 268.7 0.5 8 78.9 121.6 146.8 287.5 1.0 1 133.4 31.0 213.3 294.8 1.0 14 186.3 0.8 321.7 298.7
006623,0.8 12 1.8 245.0 185.0 450.5 0.6 14 35.9 116.2 182.0 421.9 0.9 14 34.5 115.0 176.8 272.9 1.0 12 146.8 112.9 270.6 431.9
006624,0.5 14 111.3 146.3 186.4 281.2 1.0 14 113.4 146.0 182.5 229.5 1.0 14 133.1 248.4 292.2 374.8 1.0 14 372.1 124.0 424.8 223.6 0.8 14 134.8 254.3 247.4 375.2 0.8 14 0.4 6.7 99.5 374.7 0.9 10 79.8 183.7 366.6 376.5 0.9 19 201.0 7.8 260.8 82.1 0.8 10 80.6 209.2 362.6 376.3 1.0 14 373.5 125.5 428.7 330.0 1.0 14 300.8 148.6 396.2 368.4
006629,1.0 14 18.4 131.0 62.4 211.5 0.6 18 88.1 0.5 499.5 293.7 1.0 14 117.7 132.3 203.4 332.9
006630,0.8 8 1.2 183.8 82.6 374.5 0.7 8 245.7 187.5 420.9 375.7 0.8 8 0.4 184.3 157.3 376.3 0.8 10 15.6 178.4 484.6 375.8 0.6 8 0.7 184.3 43.2 251.6 1.0 8 408.8 220.4 497.7 375.5 1.0 19 249.0 53.0 414.8 203.3
006633,0.5 19 54.4 136.7 131.8 260.6 0.7 8 350.6 177.7 496.7 376.1 1.0 14 223.5 73.6 449.1 375.2
006634,1.0 6 148.7 218.6 449.6 336.7
006639,1.0 2 86.4 78.7 345.0 234.5
006640,0.9 2 26.9 21.4 180.0 463.1
006641,0.8 7 1.1 16.4 152.4 201.7 1.0 7 0.5 2.2 401.9 375.0 0.7 7 114.8 1.7 398.4 374.3
006642,1.0 2 145.6 164.8 307.2 256.5
006644,1.0 14 219.8 83.0 309.8 375.3 0.8 19 12.5 221.2 117.4 335.1 0.9 19 1.0 0.3 100.1 118.4 1.0 14 133.3 97.7 240.8 376.6 0.5 4 465.9 208.6 480.0 237.0 1.0 14 281.9 77.1 374.3 374.3
006646,0.9 15 122.6 260.7 161.1 367.9 1.0 14 57.9 273.4 128.3 389.2 1.0 14 163.5 292.5 265.7 471.4 0.5 8 231.7 292.3 313.3 456.5
006649,0.9 9 283.8 217.7 369.8 317.3
006650,0.9 2 194.0 117.7 310.5 235.7 0.7 2 195.5 119.2 342.1 285.6
006651,0.7 6 51.0 142.2 86.8 161.4 0.7 0 1.6 96.7 444.5 304.8
006653,0.8 14 0.7 231.7 16.4 283.4 1.0 6 27.9 103.4 488.3 358.9
006655,1.0 11 48.0 160.9 321.5 390.1
006656,1.0 14 2.1 1.9 317.4 374.3 1.0 14 305.1 59.0 499.7 373.8
006659,1.0 14 216.1 189.1 292.6 374.9 1.0 14 401.1 141.3 499.4 375.8 1.0 3 177.1 100.9 232.5 307.3 0.6 14 214.6 189.7 395.2 375.3 1.0 14 257.4 209.7 398.8 375.2
006662,0.8 8 38.9 304.8 134.9 375.3 0.6 8 34.9 261.3 212.6 374.7 0.8 10 377.6 245.4 498.7 375.8 1.0 4 310.0 192.0 347.0 313.4 0.8 8 402.2 205.3 492.8 254.8 1.0 14 35.5 122.8 192.9 374.7 0.7 10 169.5 238.8 498.8 375.9 1.0 14 264.4 96.8 359.7 277.5 1.0 4 310.7 193.0 345.1 311.8 0.7 10 172.2 260.5 347.5 375.0
006663,1.0 14 1.3 160.1 199.4 313.5 0.8 14 397.6 23.7 446.2 63.5 1.0 14 55.1 19.0 164.3 162.0 0.9 14 330.2 21.2 448.8 128.1 0.5 14 7.9 63.9 99.5 247.7 1.0 14 80.3 11.2 181.9 142.0 0.9 14 8.6 63.8 179.3 247.9 1.0 10 81.6 93.1 496.9 313.3 1.0 14 226.4 15.0 293.6 99.7 1.0 14 342.0 61.4 500.7 268.9 1.0 14 331.9 12.9 401.6 108.8
006665,0.6 3 111.6 45.0 265.2 438.0 0.6 3 199.7 45.3 270.5 441.2
006669,1.0 14 13.3 129.5 37.1 205.5 1.0 18 22.6 64.8 496.2 326.8 1.0 14 30.3 131.1 50.0 204.0
006672,0.6 14 106.6 16.7 187.2 145.6 0.9 14 107.1 16.0 185.6 123.8 1.0 12 82.5 38.3 199.7 215.9
006675,0.9 7 32.2 117.4 462.9 247.8 0.9 7 107.3 116.3 462.2 248.5
006676,1.0 8 46.9 154.7 172.0 276.0 0.8 19 233.2 146.6 304.5 213.3 1.0 17 324.6 166.4 499.4 347.8
006680,0.9 18 28.1 13.3 429.3 357.1
006683,1.0 2 68.5 20.3 351.2 371.0
006685,1.0 6 48.8 141.3 472.4 322.5
006686,1.0 14 10.3 159.6 230.8 339.9 1.0 14 147.3 143.6 431.5 363.9 1.0 17 66.9 150.9 475.5 373.4
006688,1.0 7 71.2 52.6 498.9 291.0
006691,0.8 15 58.3 89.1 261.5 327.0 0.9 15 0.3 1.2 259.7 326.3 1.0 15 288.4 103.6 446.9 303.6
006692,1.0 14 1.5 2.1 286.9 332.7
006693,0.9 14 248.7 80.0 266.6 106.9 0.9 14 367.8 69.4 384.9 86.2 0.9 14 485.8 54.7 499.9 84.8 0.9 14 459.0 65.3 480.0 82.5 0.7 14 207.9 83.1 225.2 99.3 1.0 14 87.6 83.7 114.0 123.0 0.7 14 350.2 71.6 368.2 87.6 0.9 14 433.7 61.1 453.6 84.9 1.0 14 2.6 92.9 30.7 170.8 0.9 14 173.4 83.7 190.4 97.8 0.5 6 23.6 104.8 91.1 166.7 1.0 14 228.3 81.4 253.6 112.3 1.0 6 62.4 97.8 289.3 217.1 1.0 6 315.7 84.1 398.9 124.7 1.0 14 33.4 90.2 62.4 170.9 1.0 14 270.9 76.8 300.5 150.5 0.8 14 303.7 78.0 325.0 144.3 0.5 14 33.5 92.6 58.9 140.0 1.0 6 301.0 81.1 500.1 186.0
006700,0.8 15 138.6 1.3 349.0 346.3 0.9 15 151.6 178.3 343.8 348.1
006701,0.7 1 145.2 217.4 332.8 491.9 0.9 1 0.4 208.3 119.2 474.5 0.8 1 0.4 149.9 332.7 495.8 0.6 1 0.4 211.5 332.1 491.0 0.6 1 0.5 212.2 332.4 493.7 0.7 1 0.6 213.2 331.3 490.2 0.7 1 115.0 153.6 332.9 491.4
006705,1.0 14 188.5 200.4 283.9 281.4 0.8 17 89.2 173.5 273.6 358.8 0.8 17 126.8 147.1 255.6 221.1 0.9 8 91.2 173.6 271.7 359.5
006710,1.0 14 204.8 83.9 287.7 375.0 0.5 8 23.3 152.8 112.5 263.6 0.6 8 353.7 231.3 425.2 348.6 0.9 14 10.1 16.3 104.0 167.4 0.8 14 465.5 111.1 499.9 228.0 0.5 8 10.6 172.1 115.9 340.6 1.0 14 106.8 56.3 228.7 375.6 0.9 14 412.3 107.9 466.7 223.5 1.0 14 265.9 64.3 418.1 375.0
006711,0.9 6 8.8 177.0 415.3 375.4
006712,0.9 15 53.6 43.6 283.9 433.3 0.6 17 0.5 205.2 333.1 404.9
006713,0.9 14 118.3 212.0 230.0 498.1 0.9 0 0.7 155.6 332.9 296.5 0.9 14 203.2 277.7 270.2 499.6 0.9 6 289.2 271.0 332.9 292.8 0.9 14 43.8 258.7 128.9 468.2 0.5 0 212.4 168.0 331.7 275.2 1.0 14 14.6 256.9 128.7 499.5 0.7 14 11.4 262.7 88.4 500.2 0.9 14 119.7 213.3 259.3 499.3 0.5 0 72.3 147.0 333.3 275.9 0.5 14 141.0 216.5 229.2 499.8 0.9 14 156.0 126.7 227.0 283.7
006715,0.9 18 39.5 48.1 333.8 449.6
006716,1.0 2 156.7 116.9 348.7 239.3 1.0 2 62.8 157.0 156.9 295.5 1.0 2 255.7 148.8 451.9 272.9
006717,1.0 6 300.2 157.8 356.4 195.2 1.0 6 126.5 192.5 202.1 232.6
006720,0.6 1 22.3 185.3 191.6 352.4 0.8 1 19.2 130.9 216.0 357.7 0.6 1 30.9 172.5 192.5 353.4 0.9 1 64.8 125.7 225.2 222.2
006721,0.6 8 0.7 37.7 70.7 100.9 0.6 8 232.0 11.7 278.6 106.8 1.0 10 0.9 76.6 497.7 376.2 0.9 8 266.5 29.3 345.2 132.2 0.7 8 417.0 55.3 500.0 181.2
006723,1.0 5 38.4 56.3 455.6 205.5
006724,0.7 6 119.1 6.6 422.1 142.5 0.6 6 117.7 6.2 297.2 140.9 0.9 6 285.7 60.4 423.6 138.0 1.0 6 109.1 131.3 453.9 285.4
006728,0.6 14 98.0 0.1 182.9 63.6 0.8 12 135.7 1.2 496.9 372.7
006729,1.0 14 56.9 22.1 236.6 332.7
006732,0.7 4 386.0 1.3 467.0 82.3 0.6 11 102.9 304.4 270.9 375.5 0.6 14 17.5 4.0 322.4 374.1 0.6 14 0.5 254.0 134.5 375.0 1.0 14 20.4 3.3 492.0 373.6 0.7 14 276.1 2.5 499.6 374.5
006733,0.7 6 365.6 107.4 499.7 219.2 0.8 6 0.7 44.4 351.0 367.6 0.5 4 0.1 40.2 205.1 367.7 0.9 6 1.1 45.6 353.6 336.5 1.0 6 284.2 88.5 499.9 224.8
006737,1.0 14 217.0 35.3 385.6 275.5 0.9 1 213.6 99.5 359.7 314.8 1.0 1 247.1 173.9 359.3 312.9
006741,1.0 6 69.6 152.3 371.1 318.0
006742,0.5 7 265.1 146.0 348.4 278.4 1.0 19 2.1 141.2 192.5 313.9
006743,0.9 8 0.8 194.8 33.3 355.3 0.9 19 92.5 169.8 179.7 289.6 0.6 4 84.0 102.8 100.2 143.1
006744,0.9 14 148.7 122.4 376.1 375.8 0.6 14 85.6 1.9 461.8 326.0 1.0 14 84.3 2.4 495.5 375.2 0.8 14 146.9 122.9 487.0 375.9
006745,0.5 8 259.7 191.5 463.1 330.3 0.7 8 168.7 213.2 265.8 320.0 0.6 19 244.3 143.3 289.2 187.6 0.8 8 156.4 156.7 204.7 217.9 0.6 8 99.4 217.0 178.1 300.1
006746,0.8 8 356.5 192.4 422.6 333.5 0.9 8 355.9 117.0 489.6 333.8 0.5 14 119.6 132.7 235.9 332.6 1.0 14 118.2 42.3 257.7 333.5 0.9 14 176.4 42.7 260.1 230.6 0.5 14 257.1 120.2 292.4 223.4 0.9 14 255.6 102.0 298.8 223.9
006749,1.0 6 30.1 100.6 429.4 313.0
006750,0.9 15 171.5 16.6 203.6 88.3 1.0 10 16.4 66.0 384.6 281.8 0.7 15 173.3 50.5 199.7 88.0
006752,1.0 0 211.7 144.7 279.8 222.0
006754,1.0 6 25.5 41.8 491.8 300.3
006756,0.9 12 88.0 179.9 185.3 319.2 0.6 12 177.6 172.6 208.3 231.0 0.6 12 87.4 150.8 143.3 304.0 0.6 12 88.4 150.8 144.2 295.7 0.6 12 132.6 179.4 198.4 292.8 0.8 12 133.6 171.0 209.7 289.2
006757,0.6 6 113.2 36.3 205.6 73.6 0.6 6 348.9 0.9 500.6 246.9 0.8 6 333.0 81.1 499.7 246.3 1.0 14 53.7 49.3 75.7 116.4 1.0 14 270.8 33.2 316.8 87.9 1.0 6 0.8 70.0 50.8 176.4 0.7 14 101.7 54.6 114.4 83.0 0.9 14 1.0 38.0 18.0 69.9 1.0 6 60.5 56.7 402.5 314.5
006758,1.0 0 149.5 81.3 233.3 124.2 0.7 8 1.1 311.3 78.6 373.9 0.7 8 301.1 169.3 394.2 371.5 0.5 8 392.1 179.4 434.8 373.4
006763,0.7 18 5.6 171.9 172.6 230.8 0.9 18 7.3 85.3 348.2 250.4 0.5 18 155.3 88.0 347.6 253.1
006764,0.9 14 85.3 180.7 257.0 285.0 0.9 17 24.3 107.3 491.6 365.5
006767,1.0 14 244.8 130.8 325.4 308.6
006770,0.9 9 73.5 154.7 189.5 216.7 0.9 9 223.5 161.9 394.7 298.8
006771,0.9 19 270.1 34.5 327.7 117.5 1.0 14 356.3 107.0 499.6 333.5 0.9 14 420.1 1.1 496.8 150.7 1.0 14 115.4 65.6 217.6 213.0 0.6 4 249.1 217.8 269.3 256.1 0.8 14 1.4 78.5 132.2 332.7 1.0 14 351.8 67.2 413.4 179.4 1.0 14 213.4 64.9 294.1 193.5 0.7 14 2.2 78.3 213.7 332.8 1.0 14 1.2 78.1 181.5 333.3 1.0 10 109.1 175.8 392.5 333.2
006774,1.0 7 11.5 119.8 430.9 287.1
006775,1.0 1 97.6 168.6 215.7 333.5 1.0 14 95.9 11.6 242.7 293.1
006776,0.9 14 217.6 0.8 247.4 45.0 0.6 14 180.4 0.7 211.1 69.5 0.8 14 180.8 1.1 211.8 40.6
006778,0.6 7 197.1 27.6 309.9 284.5
006779,0.6 12 95.6 47.3 452.4 299.3 1.0 14 214.7 23.7 355.2 130.8 0.5 14 216.0 23.7 353.6 201.2 0.8 12 3.1 91.6 260.9 304.8 1.0 12 1.3 45.4 454.9 306.8
006780,1.0 14 58.1 20.9 302.4 457.6 0.9 17 0.4 53.3 334.5 366.5
006785,0.7 6 6.5 83.8 487.8 309.0 0.7 6 2.8 9.8 488.5 310.5 0.8 6 3.2 39.9 487.6 311.0 0.6 6 375.6 100.5 500.2 179.0 0.6 6 6.4 83.2 486.8 310.1
006787,1.0 14 0.8 286.4 147.3 481.6 0.8 14 76.0 271.5 207.4 437.5 1.0 14 148.5 23.0 266.7 177.6 0.9 14 65.6 276.7 206.2 454.5 0.8 14 0.7 184.2 72.0 303.7 1.0 14 31.9 85.4 153.5 236.7 0.6 14 1.5 285.6 204.3 477.0 0.8 14 31.5 86.6 154.0 278.1 0.7 10 129.8 207.2 331.9 496.4 0.7 14 0.8 184.0 116.8 307.0 1.0 14 170.4 150.1 319.6 306.6
006788,0.9 14 138.7 126.0 195.1 302.1 1.0 14 83.1 110.7 173.1 376.5 0.9 14 83.8 111.1 156.3 375.5
006790,1.0 6 269.8 189.4 486.3 306.9
006791,0.8 11 54.5 22.5 474.3 319.9 0.5 11 153.9 21.5 474.8 320.7
006792,0.5 8 0.6 157.8 113.8 499.6 0.8 8 286.8 63.7 375.4 297.8 0.5 14 0.7 1.6 47.1 156.5 0.9 8 214.7 38.1 325.0 202.4 0.9 10 118.2 48.2 224.5 156.2 1.0 14 125.3 171.4 249.3 439.7
006793,1.0 14 108.4 9.7 191.2 141.0 1.0 12 112.8 28.8 177.1 208.4
006795,0.9 8 0.6 242.0 159.3 335.1 0.9 8 308.2 185.3 465.1 325.9
006796,0.6 13 201.4 48.3 273.3 107.6 0.8 13 169.1 41.0 271.1 101.6 0.6 13 386.3 53.8 430.1 100.6 0.8 13 326.5 50.8 368.0 101.1 0.8 13 417.4 27.6 489.9 100.0 0.9 13 389.6 47.3 477.1 101.4 0.8 13 2.0 32.9 82.6 104.4 0.8 13 364.1 45.7 419.2 100.4 0.9 13 1.3 31.9 65.7 105.8 0.9 13 117.5 30.7 172.8 105.1 0.9 13 68.2 167.0 280.9 302.6 0.9 14 163.2 43.2 343.5 282.2 0.6 13 77.1 38.1 128.9 104.6 0.6 14 261.8 43.6 341.8 203.4 0.9 13 69.3 153.0 347.0 301.3 0.6 13 140.7 154.7 346.1 296.1 0.5 13 49.0 36.4 106.0 104.1 0.5 13 336.0 41.2 369.9 99.5
006798,0.8 4 300.8 404.9 333.2 464.4 0.5 14 130.8 22.8 208.4 297.3 0.9 14 135.7 56.6 211.7 296.4 1.0 19 230.7 220.3 297.6 293.1 0.8 14 134.8 52.7 175.9 213.3
006801,1.0 7 79.2 123.0 496.3 295.8
006804,0.5 14 184.4 164.8 236.2 231.5 0.9 14 200.7 165.9 235.5 201.8 0.7 8 81.5 263.6 135.4 413.8 1.0 14 235.9 139.3 293.0 282.5 0.9 8 50.2 263.3 133.6 499.3 1.0 14 183.1 188.2 250.8 298.9 1.0 14 159.6 259.5 262.5 460.0
006807,0.8 15 2.5 1.8 497.5 375.0
006809,0.9 14 133.1 97.0 339.7 338.0 0.9 14 130.8 95.8 342.0 373.8 0.6 11 237.1 44.4 437.2 249.7 0.5 11 244.7 234.8 435.0 375.8
006811,1.0 14 111.7 16.0 194.9 147.9 1.0 12 110.7 52.4 191.4 217.9
006812,0.5 2 141.5 60.6 293.2 157.1 0.5 2 52.8 1.1 223.2 253.3 0.7 2 292.2 73.6 388.2 176.2 0.9 2 143.0 66.9 387.7 205.6 0.8 2 49.7 1.2 223.1 330.5 0.7 2 89.4 175.8 301.5 292.9 1.0 2 204.1 178.4 303.0 285.1 0.8 2 196.8 277.2 396.5 375.1
006815,0.8 9 121.4 88.8 300.8 223.8
006816,0.7 17 36.2 222.7 285.3 490.4 0.9 8 36.5 222.2 294.7 492.8 0.7 10 190.7 225.0 334.9 295.5
006817,0.7 19 245.5 191.3 299.5 256.7 0.9 8 168.9 109.0 224.4 196.7
006818,0.9 7 221.4 146.0 449.0 243.4 0.5 7 181.2 102.1 400.8 168.9 0.7 7 2.5 30.1 230.5 243.9 0.7 7 3.1 92.6 230.1 245.2 1.0 7 220.1 147.8 484.1 330.7 0.5 7 231.0 148.2 483.7 332.4
006820,0.7 7 115.1 35.4 368.3 375.5 0.6 7 2.4 34.1 209.9 299.1 0.7 7 1.9 33.1 208.3 374.8 0.5 7 149.3 2.1 483.2 374.1
006823,0.8 13 82.2 158.3 235.4 370.3 1.0 14 185.7 52.1 346.6 324.5 0.9 13 51.7 155.0 432.5 375.5
006826,0.6 8 158.0 149.6 206.8 255.3 0.8 15 421.0 85.5 456.4 144.3 0.9 10 159.7 146.6 271.2 263.5 0.7 8 110.5 147.5 169.7 178.3 1.0 8 118.8 177.0 171.2 325.3 0.9 17 280.7 140.9 499.1 240.6 0.5 8 58.4 145.9 109.3 178.2 0.5 17 281.7 140.3 499.2 230.7 1.0 8 219.5 155.7 281.5 253.5 0.8 17 292.0 199.2 499.5 375.1 0.7 8 278.6 147.6 367.5 205.0
006830,0.9 4 176.9 182.9 200.9 279.1 0.8 10 0.4 182.2 106.1 365.5 1.0 14 1.0 95.2 85.5 202.8 0.9 14 217.1 94.4 288.2 295.2 1.0 14 71.1 120.5 232.5 372.4 0.6 14 218.6 91.0 385.3 365.9 0.9 14 215.3 92.0 289.9 365.2 0.5 14 225.7 130.1 463.6 374.9 1.0 14 239.2 128.7 448.4 375.4
006831,1.0 1 8.3 55.5 484.9 344.2 0.9 8 409.4 31.3 499.2 135.1
006832,0.7 16 90.0 45.1 407.2 329.5 0.7 16 88.7 43.9 497.3 332.9
006834,0.8 2 0.6 27.5 274.2 362.6 0.9 2 205.1 26.1 453.4 363.1
006837,0.5 8 201.9 207.3 247.8 235.5 0.6 8 93.7 206.8 126.7 292.0 0.7 2 26.5 195.5 64.3 238.0
006843,1.0 14 234.9 137.6 263.4 240.2 1.0 15 275.3 186.3 308.2 233.4 0.9 15 196.9 183.3 224.3 234.6 0.6 19 379.3 100.0 445.2 208.6 0.6 15 133.8 142.5 162.1 180.7 0.9 15 252.2 123.2 289.1 170.0
006846,0.9 11 105.6 92.4 330.1 473.3
006851,0.9 2 95.3 123.2 109.6 143.0 0.9 2 70.8 144.2 95.2 171.7
006853,1.0 6 9.6 38.9 488.7 330.2
006854,1.0 14 6.5 8.6 80.9 83.1 0.6 14 42.5 12.9 74.6 51.7 0.9 6 0.8 18.1 374.3 426.7 0.9 6 315.4 26.5 374.6 83.4 0.7 14 2.7 7.8 40.5 78.1 0.9 14 264.1 16.8 280.6 39.7
006856,0.7 14 221.7 113.4 372.8 498.8 0.9 14 49.7 146.4 216.0 430.7 0.9 14 48.1 119.1 275.9 427.7 0.9 14 149.5 118.0 276.8 426.1 0.5 14 235.7 114.9 372.0 428.8
006857,0.6 13 70.2 208.0 140.5 333.9 1.0 14 442.1 122.1 499.5 334.6 0.8 14 441.1 215.1 483.4 334.4 0.5 14 41.6 148.8 61.1 174.0 0.7 14 118.1 135.4 169.1 333.2 1.0 14 142.3 106.2 261.7 334.1 0.6 14 112.9 109.6 253.3 332.9
006861,0.7 1 -0.3 212.0 156.8 336.3 0.9 15 170.4 148.9 263.4 272.6 0.5 1 0.9 212.7 103.8 335.5 1.0 14 357.8 2.3 499.9 334.4 0.5 1 3.0 234.6 327.4 335.1 0.8 8 14.2 110.0 109.3 158.1 0.9 1 1.7 218.2 380.8 335.4 0.9 15 262.4 185.6 318.0 242.2
006863,0.5 12 394.1 183.2 465.5 266.2 0.6 12 374.9 132.4 498.5 274.7 0.7 12 373.5 130.7 461.4 263.3 0.6 14 205.4 113.6 262.3 154.6 0.7 12 439.8 174.2 499.0 273.6 1.0 14 410.0 120.2 468.0 193.0 1.0 14 200.4 116.0 252.9 175.3 0.9 12 137.5 139.1 308.8 270.6 1.0 12 246.4 128.0 401.2 287.2 1.0 14 296.2 122.0 360.0 198.4
006870,0.6 11 0.7 14.3 439.9 315.9
006871,1.0 7 183.1 57.1 498.0 331.9
006872,0.0 0 0.0 0.0 10.0 10.0
006873,1.0 14 210.9 56.5 329.3 195.8 1.0 12 67.3 92.2 411.1 277.3
006875,1.0 14 121.6 77.3 276.9 292.1 0.9 12 136.2 77.7 273.3 460.2 0.8 12 149.1 78.8 250.6 425.7
006877,0.7 11 39.9 40.5 332.0 412.3 0.6 11 33.1 39.2 288.1 404.4 0.6 11 0.2 42.0 332.0 500.2
006879,1.0 14 30.9 77.5 81.8 214.6 1.0 14 0.7 147.7 17.0 214.4 1.0 14 30.8 70.3 83.0 348.4 1.0 14 39.0 99.9 208.5 500.4 0.8 14 18.9 147.6 32.7 214.5 1.0 14 172.5 90.3 319.1 501.1
006881,0.5 16 162.3 1.5 498.9 347.7
006882,0.6 14 256.4 256.6 377.8 375.1 0.9 14 383.3 100.0 406.2 129.0 0.9 14 423.4 95.4 444.0 113.8 1.0 14 61.3 127.9 182.8 347.1 1.0 6 130.0 95.4 481.1 313.6 0.8 14 5.8 217.0 67.3 286.2
006885,0.7 1 3.2 179.5 23.8 198.0 1.0 1 276.0 178.8 325.0 211.0 1.0 1 152.9 179.6 191.6 207.0 0.6 14 5.2 171.3 24.4 196.4 0.8 14 130.3 158.9 147.9 183.4 1.0 14 283.1 152.6 317.2 205.1
006888,0.9 0 2.9 114.3 181.9 193.7 1.0 0 1.4 13.3 498.5 239.4 0.7 0 0.9 116.5 499.5 238.5 1.0 0 132.8 14.1 497.7 121.6 0.7 0 133.2 15.3 498.0 193.3
006889,1.0 3 352.6 176.6 483.5 209.8
006890,1.0 6 13.2 42.5 497.2 309.5
006891,0.8 14 0.7 138.5 28.7 302.9 0.9 14 51.3 292.0 91.4 375.1 1.0 14 46.2 109.5 218.3 376.0 1.0 14 185.7 2.1 436.7 374.7
006894,1.0 14 0.3 0.5 210.9 247.5 0.8 14 2.8 5.6 494.9 374.2 1.0 7 182.0 52.7 498.1 340.2
006895,0.5 7 101.3 216.0 173.1 276.2 1.0 8 12.3 186.8 184.3 374.8 0.7 17 190.0 201.4 500.3 376.5
006897,1.0 14 169.5 102.2 329.4 266.5 1.0 12 83.1 121.8 380.6 416.3
006898,0.7 8 156.7 468.4 206.8 500.1 0.7 14 216.4 275.0 304.3 390.0 0.7 8 1.1 463.9 50.3 500.1 1.0 14 2.3 362.4 62.1 462.6 0.7 8 228.3 467.2 275.7 500.0 0.9 14 215.9 274.4 304.4 475.1 0.8 14 216.1 271.5 302.4 449.6 0.8 14 214.8 273.5 300.7 359.8
006901,1.0 14 121.7 57.1 218.1 278.0 1.0 14 265.1 77.0 398.4 287.1
006902,0.9 11 131.3 98.2 352.2 289.5 0.8 15 305.5 0.1 396.1 114.7
006904,0.9 8 57.3 240.5 157.0 331.8 0.5 14 191.8 103.7 498.7 332.0 1.0 14 287.4 103.6 499.4 332.8
006905,1.0 14 131.6 2.4 498.1 374.6
006906,0.6 8 200.5 75.1 270.1 115.8 1.0 14 271.8 45.2 317.2 102.6 1.0 14 332.3 235.1 451.4 375.6 1.0 14 429.3 124.5 475.5 200.7 0.6 17 197.9 73.5 271.9 116.1 1.0 14 76.9 48.1 136.7 236.4 1.0 14 126.8 162.9 274.5 374.7 1.0 14 358.2 150.4 409.0 214.5 1.0 14 0.8 57.6 74.3 253.1 0.5 8 292.7 38.3 380.1 118.8 0.7 14 113.4 92.6 346.1 374.8 1.0 14 182.0 63.4 209.0 116.1 0.8 14 359.6 235.3 450.0 374.4 0.7 14 224.1 94.9 346.6 338.4 0.6 14 175.6 163.8 274.4 374.6 0.9 14 270.5 44.4 320.4 109.4
006907,1.0 6 41.6 323.2 348.7 417.9
006913,0.9 5 40.8 120.2 443.0 232.7
006915,0.8 14 363.0 1.0 446.3 204.0 1.0 11 90.0 56.4 366.8 309.2 0.8 14 368.0 0.2 495.0 209.2 0.7 11 273.2 232.3 466.3 375.8 0.9 11 271.4 233.0 404.5 375.4
006920,0.6 13 1.1 110.1 48.2 188.1 0.7 14 34.2 115.7 87.1 194.0 0.6 13 298.1 118.2 485.3 257.7 0.9 13 302.4 113.7 485.8 257.0 1.0 13 60.0 129.4 283.1 268.9 0.7 13 1.1 96.0 46.8 188.8 0.8 13 210.6 109.7 311.3 201.3 0.7 14 34.3 115.9 90.6 233.8 0.9 13 281.0 108.9 479.1 256.8 0.7 13 258.4 108.6 485.7 256.3
006921,0.8 14 255.9 124.5 295.0 176.5 0.5 13 277.5 150.2 399.5 276.2 0.5 13 268.6 148.7 397.9 324.5 0.6 13 114.2 147.7 255.5 314.0 1.0 14 250.0 125.8 294.4 203.6 1.0 13 110.8 143.7 256.4 316.3 0.6 13 242.7 163.1 316.8 280.2 0.5 13 112.3 155.4 256.6 316.6 1.0 14 71.0 211.3 131.1 305.1 0.8 13 245.4 153.2 326.4 280.4 1.0 14 319.0 117.5 373.5 327.0
006923,0.7 19 0.7 85.6 72.8 195.3 1.0 8 276.0 138.1 371.0 286.9 0.7 10 7.2 177.7 171.8 306.4 1.0 8 153.9 150.7 205.9 269.3
006925,0.8 6 357.7 162.5 499.3 373.1 0.6 6 359.8 224.5 499.1 372.4 1.0 6 169.7 171.5 208.7 195.6 0.9 6 210.9 165.7 239.7 189.4 1.0 6 8.5 172.8 102.9 226.0 0.8 6 276.9 168.9 401.8 230.8
006926,0.5 14 48.3 72.5 338.4 393.5 0.9 14 45.6 72.1 344.0 436.4 0.8 14 59.4 72.4 341.7 436.6 1.0 14 284.3 80.0 449.5 439.4
006927,1.0 14 1.6 2.4 393.6 375.1 1.0 2 273.3 117.8 490.0 374.4
006928,1.0 11 201.9 21.6 475.7 379.6
006929,1.0 2 89.2 94.3 293.6 318.8
006936,1.0 12 122.3 180.7 394.2 334.0 1.0 14 234.3 56.6 338.7 311.8
006937,0.9 8 31.8 219.2 160.1 278.9 1.0 8 22.5 271.9 189.6 425.5 0.6 8 18.2 271.9 191.2 500.3 0.6 8 17.7 273.8 190.1 500.1 0.9 15 116.6 133.2 194.7 262.3 0.8 10 180.1 232.4 375.0 502.1
006938,0.9 14 399.5 124.2 499.4 362.4 0.8 14 446.1 124.3 499.6 361.8 0.9 14 401.2 194.3 499.3 362.1 1.0 14 112.9 118.9 330.2 375.5 1.0 14 1.1 154.1 130.1 375.5 0.7 14 113.3 118.7 472.1 376.4 0.5 14 317.0 139.6 400.0 278.7
006941,1.0 14 448.1 78.7 499.7 199.8 0.5 14 424.6 140.4 499.1 295.7 1.0 14 425.8 140.9 498.7 280.1 1.0 14 174.4 145.0 259.5 236.1 0.9 14 2.5 161.0 105.8 375.0 0.5 19 244.3 173.0 300.0 205.4 0.7 14 126.0 120.4 182.7 177.2 1.0 14 82.6 150.6 198.9 326.8 0.7 14 127.3 121.0 179.4 161.5 1.0 14 1.7 161.2 149.3 375.6 0.6 14 119.5 123.4 200.3 252.0 1.0 10 67.7 197.3 371.7 375.3 0.6 14 326.3 144.5 417.0 283.6 1.0 14 323.3 143.6 414.2 229.7 1.0 14 323.6 168.4 497.5 375.7
006942,1.0 1 44.6 14.2 463.1 324.7
006946,1.0 0 2.9 -0.3 484.7 308.2
006951,1.0 13 143.3 109.8 450.3 291.2 1.0 14 209.0 84.1 358.1 274.3
006954,0.9 14 209.4 6.1 302.5 109.7 0.9 14 38.5 84.4 240.0 326.0 0.9 14 210.5 6.9 333.8 163.4 0.9 14 9.9 83.1 240.1 375.5 0.5 14 152.7 84.5 392.0 375.8 1.0 14 155.8 157.2 323.1 375.1 1.0 14 240.6 84.1 393.4 376.0
006955,1.0 6 319.1 119.9 371.6 143.7 1.0 6 2.1 140.8 463.0 333.2 1.0 6 373.6 128.1 434.8 149.6
006957,1.0 14 280.2 203.1 362.4 351.6 0.9 14 133.9 228.9 291.3 374.9 0.9 14 133.6 229.5 311.2 375.3 1.0 14 141.0 175.4 302.4 344.2 0.9 14 132.9 229.5 354.5 374.8 0.8 14 277.5 202.7 362.3 375.5 1.0 14 345.4 134.5 499.6 375.1
006960,0.7 7 167.0 179.5 271.5 353.3 0.9 7 200.5 51.5 317.9 198.5 0.6 7 23.0 53.3 316.2 323.7 0.7 7 21.5 150.6 273.7 353.3 0.8 7 29.6 179.2 273.0 353.8 1.0 7 203.3 52.3 418.1 303.2 0.9 7 185.5 173.6 315.3 311.3 0.8 7 181.0 172.5 315.9 351.8
006961,0.6 11 1.7 -0.3 283.8 342.5 1.0 11 0.4 3.1 332.4 500.0
006964,0.9 14 144.1 42.8 215.1 227.0 1.0 14 190.5 96.7 291.1 330.6 0.8 14 260.5 74.1 347.4 252.6 1.0 14 103.7 223.5 293.2 375.7 0.9 14 144.3 43.2 213.6 336.4 0.6 14 190.5 95.8 334.4 330.6 1.0 14 38.4 35.3 179.8 375.9 0.7 15 0.3 1.6 104.0 374.5 0.9 14 237.9 74.4 345.7 329.6 1.0 14 278.4 240.6 409.7 375.0 0.6 14 105.9 227.3 411.7 374.9 1.0 14 338.4 105.5 491.0 375.3
006967,1.0 2 154.9 158.9 246.4 306.0
006969,0.9 11 117.0 47.3 378.8 350.1 0.8 11 113.1 46.1 442.5 350.8
006970,1.0 6 285.3 289.2 373.6 396.3 0.8 6 135.1 295.9 371.2 396.0 0.8 6 2.0 293.8 371.2 399.8
006973,0.6 9 46.7 1.7 498.8 331.8 0.7 9 298.1 8.4 499.3 246.2
006974,1.0 6 396.1 182.3 479.4 234.1
006975,1.0 1 77.3 203.1 212.1 333.1 1.0 14 89.6 52.6 243.3 285.0
006977,0.6 3 305.0 126.6 330.0 204.2 0.8 3 73.8 320.0 141.3 368.3 0.9 3 73.7 40.7 237.1 361.6 0.5 3 108.9 42.3 235.7 350.5
006978,0.7 18 178.5 192.8 292.6 273.8 0.8 18 1.1 190.0 292.6 275.1
006979,1.0 7 65.9 33.2 413.9 500.6
006980,0.6 7 14.7 146.1 182.6 316.6 0.7 10 2.2 4.2 496.7 374.1
006982,0.9 12 218.3 133.1 280.2 225.0 1.0 14 226.4 104.0 274.3 212.5 0.6 14 337.2 93.0 359.2 150.0 0.8 9 333.7 105.9 357.3 156.6
006984,0.5 8 0.7 124.7 31.8 177.1 1.0 19 310.6 62.2 341.7 91.8 1.0 8 227.5 116.5 295.0 220.7 0.9 19 164.5 58.8 192.0 82.5 0.6 8 158.3 239.9 227.0 300.3 0.5 8 350.6 116.5 390.5 188.8 0.9 8 300.6 96.5 343.0 149.9 0.9 19 44.2 107.1 123.4 167.3 0.9 19 182.4 81.1 231.5 122.6 0.9 19 85.4 68.6 122.6 95.4 0.9 19 366.0 63.6 399.0 95.5 0.6 19 36.2 74.6 75.7 101.9 0.8 10 13.9 80.4 293.6 300.6 0.9 19 124.0 94.0 182.2 138.9 0.9 8 257.5 182.5 357.4 283.3 0.9 8 157.3 244.8 284.8 300.3 1.0 19 254.6 61.1 286.8 90.9
006985,0.9 7 195.8 142.3 327.6 215.8 1.0 7 220.3 142.6 329.3 216.2
006986,0.9 5 248.1 29.5 332.8 109.2 0.9 5 143.1 29.4 334.2 108.6 1.0 14 73.2 32.6 191.2 447.6 1.0 14 164.0 31.8 281.7 486.5
006991,1.0 11 201.8 107.3 477.0 300.5
006992,0.9 5 334.9 144.6 500.4 265.8 0.8 5 242.3 139.3 348.3 269.2 1.0 5 137.4 147.3 261.4 268.1 1.0 5 13.3 157.2 144.0 267.6 0.9 5 247.7 138.8 500.5 269.3
006993,0.9 1 35.4 31.6 423.1 349.9 1.0 1 196.7 81.5 429.4 348.3
006996,1.0 6 30.0 73.7 406.5 255.0
006997,0.6 3 81.8 211.4 479.7 278.0 0.8 3 80.4 0.9 480.2 276.3
006998,0.9 11 28.8 9.2 486.0 310.0
006999,1.0 7 0.9 37.2 368.9 374.9
007000,1.0 2 265.8 217.4 376.1 319.2 0.8 2 110.6 157.5 189.9 313.7 1.0 14 97.7 16.8 372.6 375.0 0.6 2 267.9 218.1 372.8 331.9
007001,1.0 6 211.3 140.0 443.9 344.5
007005,0.8 1 42.4 215.2 237.8 439.7 1.0 14 206.0 147.0 327.5 292.2 0.6 1 147.5 215.4 333.7 502.8
007010,1.0 1 62.6 2.2 376.8 375.0
007012,0.5 15 357.0 38.6 395.8 126.5 0.8 8 1.1 19.2 207.6 192.1 0.6 1 205.4 36.5 435.8 307.9 0.6 1 282.4 37.0 436.0 309.4 0.9 1 282.2 36.5 436.4 309.1
007013,1.0 1 218.8 72.1 458.1 334.2
007014,1.0 6 21.9 65.6 431.2 337.4
007015,1.0 6 105.3 94.7 424.5 231.5
007017,1.0 7 123.4 176.3 188.6 291.6 1.0 14 20.3 87.8 213.5 375.8 0.9 7 123.5 176.0 192.3 358.7 0.5 14 165.1 68.0 326.1 375.3 1.0 14 192.0 68.0 326.9 374.6 1.0 14 312.5 107.1 457.8 375.6
007019,0.6 14 145.2 60.6 262.0 236.1 0.6 14 388.0 102.6 487.4 267.4 0.9 14 145.0 62.0 287.9 299.8 0.6 14 149.1 61.6 320.0 298.3 0.5 14 149.0 61.5 318.3 297.7 0.8 14 252.3 51.0 390.4 258.3 1.0 14 253.8 50.7 395.7 332.9 1.0 14 389.9 102.6 486.1 220.6
007024,0.6 9 108.6 117.1 206.7 225.0
007026,0.7 0 0.7 152.2 440.6 334.5 0.8 0 1.2 153.9 499.1 335.0 0.5 0 115.0 141.9 316.4 182.5
007027,0.6 7 0.7 55.0 425.6 232.7 1.0 7 1.1 53.7 465.0 241.5 0.5 7 215.1 118.3 461.0 239.2
007028,0.9 14 199.1 0.3 260.5 129.6 0.7 14 113.3 67.8 247.6 301.1 0.8 14 79.6 0.8 126.5 90.2 1.0 14 293.5 27.3 428.9 268.7
007030,1.0 1 35.3 198.2 192.4 300.5
007032,0.7 14 57.2 197.4 400.0 300.7 0.7 7 334.4 272.2 406.0 341.7 0.6 11 7.1 191.7 139.1 286.5 0.5 14 54.2 165.2 300.8 298.8 0.7 8 7.0 142.8 178.7 219.2 0.6 14 453.0 29.1 499.5 109.4 0.8 14 54.0 202.9 298.2 298.0 0.6 17 0.7 139.5 498.5 374.7 0.9 14 265.8 32.9 404.3 295.0 0.9 14 265.2 30.2 403.6 327.0
007034,1.0 14 119.8 14.8 235.1 174.7 1.0 6 1.6 76.5 496.8 380.9
007037,1.0 18 80.9 117.7 343.2 252.3
007041,0.6 7 118.9 117.4 279.7 281.9 0.6 7 105.9 112.8 300.4 334.7 0.9 7 109.2 105.8 374.0 390.2 0.9 7 110.4 109.1 374.4 500.6
007043,0.9 14 89.5 97.0 262.5 271.9 0.6 14 0.9 85.3 70.0 264.7 0.8 14 2.5 96.9 262.2 268.3 0.7 14 0.8 86.3 46.2 268.8 0.9 14 1.6 99.0 185.4 270.6 0.6 7 419.9 236.2 486.9 332.3 1.0 14 228.9 49.2 464.3 332.8
007044,0.9 12 133.9 170.0 209.4 356.7 1.0 14 58.9 138.2 126.9 293.3 1.0 14 195.9 117.2 304.5 449.0
007047,1.0 2 23.4 108.6 271.5 445.6
007051,0.9 14 154.7 208.8 264.3 364.0 0.6 1 219.5 260.3 289.7 330.4 0.9 2 94.5 288.7 121.9 353.2 0.7 1 211.5 244.1 374.2 502.2 0.8 1 212.1 329.4 374.0 502.0 0.9 14 177.2 210.9 264.0 365.4
007053,1.0 14 351.6 107.2 487.1 331.4 0.9 14 270.2 119.6 405.8 331.4 1.0 14 208.0 35.5 315.4 137.7 1.0 14 153.5 115.2 267.4 331.7 0.5 14 248.9 108.7 322.1 272.3 1.0 14 63.7 1.1 231.8 135.5 1.0 14 20.0 89.7 164.0 332.2 0.9 17 0.5 60.6 498.4 332.4 0.9 14 253.7 108.9 380.3 273.4 0.9 14 352.6 107.7 485.5 295.8 1.0 14 259.7 119.3 459.8 331.6
007055,0.7 12 54.8 49.5 444.8 340.5
007057,1.0 8 110.0 213.6 168.9 298.3 0.9 8 299.3 290.7 359.8 500.2 0.9 8 110.4 215.6 159.5 300.3 0.6 8 127.4 183.2 170.6 286.0 0.8 10 72.6 223.7 125.0 297.2 1.0 8 63.5 212.0 108.9 299.0 0.9 8 148.9 210.4 179.1 298.0 1.0 17 220.3 231.2 335.3 332.5
007060,0.8 14 179.8 210.4 218.5 290.8 0.8 14 226.2 209.0 256.3 298.2 0.9 14 177.3 122.3 265.1 295.4 0.8 14 205.1 123.3 265.2 299.5 0.7 14 354.4 46.9 376.0 73.2
007061,0.0 0 0.0 0.0 10.0 10.0
007063,0.8 2 86.9 111.0 338.7 375.4 0.9 7 187.9 14.5 499.3 334.9
007066,1.0 3 256.2 203.2 398.5 271.5
007067,0.6 10 89.8 319.8 240.2 444.5 1.0 8 77.8 269.9 137.6 342.2 1.0 17 171.1 284.5 332.3 393.1
007069,0.8 9 372.6 183.3 432.2 231.3 0.9 9 159.7 151.5 211.4 193.5 0.6 9 351.9 130.2 388.0 156.2 0.9 9 91.4 122.7 182.0 188.6
007076,0.9 16 156.2 114.2 315.9 217.4
007081,0.5 14 30.6 84.6 185.0 254.6 1.0 14 28.2 83.9 212.7 345.7 0.6 11 148.7 85.6 277.1 311.6 1.0 11 173.0 86.2 277.7 310.5 0.9 11 256.7 104.2 499.2 373.8
007082,1.0 6 240.8 190.6 273.2 216.8 1.0 6 148.6 189.5 177.0 207.6 0.5 6 196.4 182.2 215.7 201.1 0.8 6 215.3 182.0 240.8 203.8 0.8 6 1.5 283.8 496.9 375.1 0.7 6 29.2 183.4 60.6 195.5
007083,0.8 14 124.1 119.1 250.9 339.0 0.8 14 44.6 121.6 182.1 401.2 1.0 14 44.2 120.4 249.8 407.4
007085,0.6 18 399.3 127.5 500.0 179.9 0.8 18 323.1 132.4 419.7 173.2 0.7 18 117.4 144.8 198.7 177.1 0.7 18 117.5 125.6 419.1 188.4
007087,0.9 2 117.0 158.6 269.7 276.3 0.9 2 117.3 159.1 270.2 232.4 0.5 1 329.3 0.9 450.6 73.2
007091,0.9 3 150.0 241.7 202.9 262.8
007094,1.0 17 0.8 193.5 374.8 345.8
007096,1.0 0 46.4 83.3 493.4 226.3 0.9 0 222.3 84.7 494.0 225.9
007098,0.9 7 173.4 159.9 392.5 456.4 0.5 7 281.8 251.7 500.0 470.9 1.0 7 20.2 65.6 203.1 352.0 0.9 7 176.1 160.9 498.8 470.9
007099,1.0 11 171.3 69.1 384.9 256.2
007102,1.0 2 89.0 1.8 410.8 374.0
007103,0.7 1 204.0 409.9 335.3 500.8 0.9 14 189.1 272.2 241.5 370.3 0.6 14 79.6 3.3 203.4 332.3 1.0 14 155.3 273.3 240.0 378.7
007106,0.7 7 161.4 32.6 270.7 188.9 0.6 7 61.4 166.7 125.9 279.9 0.8 4 389.3 96.5 439.4 264.8
007107,0.6 18 183.0 194.0 343.3 262.2 0.6 18 185.1 208.0 304.0 260.0
007110,0.8 15 193.2 84.3 217.3 123.8 1.0 8 356.7 215.7 486.4 375.3 0.5 10 36.4 232.7 365.8 376.6 0.8 19 0.9 207.9 29.3 295.8 0.5 8 61.0 213.6 147.2 343.3 0.8 4 97.0 297.0 168.9 371.2 0.9 10 35.5 221.2 372.2 375.9 0.9 8 62.1 211.2 141.1 297.6 0.6 10 34.8 233.5 368.2 376.9
007111,0.0 0 0.0 0.0 10.0 10.0
007112,1.0 14 120.7 100.0 154.9 179.9 1.0 14 177.8 106.7 208.1 174.1 0.8 14 274.9 153.7 299.2 176.6 1.0 14 15.7 112.5 43.2 183.7 1.0 14 69.1 110.7 105.5 208.8 1.0 14 40.1 111.0 70.5 184.5 1.0 14 210.1 111.0 232.2 153.5 1.0 6 85.3 139.4 424.8 244.5 1.0 14 287.4 103.6 326.1 143.0 0.9 6 338.4 120.9 396.9 148.5
007115,1.0 1 0.6 58.7 332.3 502.1
007116,1.0 17 27.6 37.8 470.6 304.0
007118,0.8 6 345.2 105.9 438.0 151.2 0.6 6 345.9 99.5 438.8 150.1 0.5 6 347.5 98.9 439.3 150.4 0.6 9 62.0 103.6 242.9 334.5 0.8 14 176.3 77.4 203.0 107.4 0.7 14 367.8 79.7 391.3 148.5
007119,1.0 14 40.3 -0.4 373.7 490.7
007120,0.9 14 420.8 172.7 496.4 334.2 0.9 14 402.0 195.7 429.7 319.8 0.6 14 394.8 192.3 412.7 220.6 1.0 14 402.4 196.5 429.9 271.9 0.8 14 344.1 194.4 388.5 269.7 0.8 14 420.2 172.9 494.0 284.2 1.0 14 67.6 198.3 193.0 334.8 0.9 14 344.2 194.1 403.3 333.6 1.0 14 428.8 220.4 498.7 335.4 1.0 14 251.2 200.9 318.1 334.0 1.0 14 287.9 235.5 369.2 334.6
007124,1.0 1 2.0 213.4 171.6 500.4 0.8 14 17.9 34.7 173.3 393.7 0.9 14 17.1 35.0 171.7 450.8
007126,0.9 14 188.6 181.8 289.1 332.2 0.9 6 1.3 77.6 139.0 176.2 0.8 14 420.9 86.5 448.3 123.6 0.9 14 190.0 181.9 283.3 290.0 1.0 14 84.2 203.7 206.7 333.7 0.7 14 1.3 256.6 89.8 333.4 0.9 14 208.4 217.0 301.6 333.1 1.0 14 299.7 38.5 426.6 332.0
007127,0.9 14 113.4 198.5 133.8 239.3 1.0 14 0.8 203.9 41.5 299.1 0.8 5 159.1 156.3 448.0 252.9
007131,1.0 1 22.4 3.1 314.8 499.6
007134,0.6 14 404.1 108.1 429.5 154.3 1.0 14 438.6 103.3 479.7 220.2 1.0 14 230.4 20.4 326.4 218.0 0.9 12 36.7 79.9 411.9 366.2 0.9 12 398.1 149.9 478.7 298.3 0.8 14 245.4 22.1 326.6 119.9 0.9 12 194.1 80.9 411.8 231.4
007135,1.0 0 205.2 117.3 308.0 153.3
007136,0.7 14 5.4 218.1 74.6 354.4 0.5 14 5.9 214.3 84.1 404.1 1.0 14 159.4 88.5 220.3 242.4 1.0 14 6.6 200.4 105.1 353.3 1.0 14 308.6 146.6 487.2 302.2 0.7 14 357.5 146.8 487.5 304.0 0.7 14 306.0 146.5 490.1 302.8
007137,0.8 14 0.9 151.1 102.3 324.8 0.7 14 114.0 2.1 190.9 112.6 0.6 14 1.2 149.1 105.0 318.0 1.0 14 19.3 1.0 116.8 152.7 0.8 1 390.0 112.7 467.9 180.0 1.0 1 256.5 116.8 422.9 230.5 0.6 14 98.7 2.2 189.7 328.2 0.9 1 388.9 112.5 499.6 198.0 0.8 14 18.7 1.4 133.0 322.1 1.0 14 156.3 150.4 259.8 330.4 0.9 14 100.7 2.6 190.9 315.2 0.8 14 26.8 151.9 103.0 324.8 0.8 1 1.0 192.1 96.1 319.7 1.0 14 309.9 99.1 410.2 266.5
007142,0.9 18 39.9 90.8 213.6 325.1 0.9 18 238.8 72.6 441.5 319.4
007143,1.0 6 22.0 118.2 432.9 240.2
007145,0.9 7 122.2 76.0 498.0 333.9 0.5 7 157.7 77.2 326.2 235.5 0.7 7 206.8 8.1 304.6 103.8 0.8 7 247.8 2.1 441.7 176.1 0.8 7 0.9 77.1 497.9 334.3 0.9 7 213.0 2.7 454.6 187.1 0.9 7 145.6 76.7 498.2 333.6 0.7 7 246.0 1.7 408.7 95.5
007151,1.0 14 180.7 50.7 322.8 374.9
007155,0.7 0 41.9 139.4 396.6 284.8 1.0 0 40.5 137.7 438.8 286.4
007156,0.8 5 449.8 121.0 500.0 232.8 0.8 5 302.6 129.8 463.2 227.2 0.7 5 233.8 146.3 294.6 212.6 0.9 5 295.4 122.1 499.6 231.5
007157,0.6 14 225.5 184.7 265.3 237.5 0.8 14 264.8 166.0 296.3 235.3 1.0 14 261.7 164.3 298.2 291.5 0.5 0 47.3 161.6 465.3 292.7 1.0 0 43.5 121.7 482.9 295.7 0.7 0 1.6 160.0 105.7 216.4 1.0 14 225.0 184.3 267.1 291.8
007158,0.6 9 44.9 90.9 373.6 501.6 0.5 9 138.6 91.8 373.5 419.3 0.6 9 140.0 91.3 375.3 501.2
007160,0.7 1 1.4 129.4 286.1 501.6 1.0 1 0.4 125.1 329.4 503.1
007161,1.0 14 8.7 55.4 331.6 500.0 0.7 7 78.5 279.8 331.8 495.7
007164,0.5 0 0.6 198.3 271.4 302.9 1.0 0 3.5 65.8 487.1 300.4 0.9 6 278.7 240.3 327.2 264.6
007169,0.5 0 147.4 112.3 263.0 211.6 0.7 0 57.7 110.4 278.4 217.0 0.7 0 54.6 112.8 235.5 194.4 0.5 0 56.5 111.7 265.1 218.7
007170,0.6 14 133.5 110.9 330.8 332.1 0.8 17 240.6 155.8 497.7 333.9 0.6 8 257.9 157.5 498.4 334.2 0.9 14 186.5 113.7 332.5 298.0 1.0 14 0.9 154.0 119.7 334.2 1.0 14 122.6 100.7 397.3 334.2
007171,0.7 13 162.5 97.2 317.5 332.2
007173,0.9 6 343.3 274.8 499.4 375.1 0.6 18 67.4 36.5 403.7 374.0 1.0 14 392.1 177.9 416.7 252.3
007175,1.0 14 117.2 2.3 497.7 332.8
007176,1.0 14 75.4 124.2 177.2 245.4 0.7 6 26.8 203.5 194.7 376.6 1.0 6 174.9 196.7 478.2 424.1
007178,0.8 19 414.8 205.5 457.4 299.5 1.0 14 71.0 103.2 357.6 375.6 0.8 8 298.9 220.4 389.7 375.6
007179,0.5 6 172.3 135.1 222.0 165.1 1.0 14 388.5 102.5 500.1 333.3 1.0 14 0.9 54.7 183.0 333.2 1.0 14 158.3 78.0 390.3 333.3
007181,1.0 8 304.0 137.8 402.9 274.6 0.7 16 101.2 176.0 266.4 289.3 1.0 14 241.0 84.3 360.8 299.5
007183,1.0 11 3.1 93.4 500.9 298.8 0.6 11 244.9 94.1 498.8 299.5
007186,0.9 1 215.4 123.8 261.2 157.2 1.0 14 389.4 146.4 453.6 300.5 1.0 14 125.1 95.2 171.2 271.0 1.0 14 24.6 90.4 86.4 324.0 0.8 1 165.8 156.3 241.4 247.3 1.0 14 232.1 136.4 270.3 250.2 0.8 1 222.5 126.7 264.8 158.6
007188,1.0 2 233.2 139.9 371.1 227.9
007190,0.6 11 62.9 47.7 426.1 332.2 0.7 11 61.7 46.6 425.5 331.9 0.7 11 0.0 45.2 422.5 332.6
007192,0.9 17 340.2 109.2 499.3 318.9 0.6 17 1.7 113.8 302.7 375.4 0.6 11 0.8 130.1 132.5 281.2
007195,0.9 14 366.6 26.2 499.7 332.4 0.5 18 255.7 108.6 406.1 177.8 0.8 18 92.8 106.3 256.6 173.4 0.9 14 334.8 25.3 499.9 332.2
007196,0.9 19 168.1 56.3 338.4 228.9 0.5 19 340.8 52.8 500.6 226.2 0.9 19 0.4 53.0 171.0 237.2 0.9 19 340.8 53.4 501.1 229.8
007198,0.5 11 55.4 279.0 117.4 330.7 0.6 16 274.2 102.9 325.7 148.4 0.8 16 462.6 133.7 499.8 230.8 0.6 16 108.0 94.9 262.1 300.1 0.6 16 96.1 34.9 236.3 131.4 0.8 16 1.2 75.8 131.5 253.4 0.5 16 259.4 122.9 396.9 299.3
007199,0.8 7 85.6 42.2 243.6 376.0 1.0 7 84.5 36.2 466.7 376.4
007201,0.8 2 168.6 95.0 282.8 253.4 0.6 1 0.6 215.2 244.8 333.2
007202,0.6 8 256.4 129.7 298.0 175.4 1.0 8 75.8 126.5 115.7 180.8 0.8 15 29.6 118.6 56.2 165.4 1.0 8 116.7 127.0 152.5 180.0 0.9 8 47.7 126.6 81.9 178.2 0.9 8 310.1 135.4 348.8 180.1 1.0 8 152.1 129.8 191.0 180.8 1.0 8 258.4 131.9 311.1 180.1
007203,0.7 8 0.7 195.7 138.8 368.7 1.0 19 156.8 48.1 251.5 176.3 0.6 8 397.5 89.7 500.1 328.2 0.8 8 404.3 187.1 499.2 327.6 0.7 8 36.0 118.7 158.5 219.6 0.6 8 394.5 88.3 499.3 224.0 0.6 19 60.3 1.1 163.9 183.0 0.6 8 0.8 195.7 136.8 368.8 1.0 14 306.9 133.4 429.2 295.1
007206,1.0 14 288.9 201.5 308.2 259.5 0.8 18 108.7 164.1 248.0 309.6
007207,0.6 8 0.6 184.6 25.2 244.8 1.0 14 1.5 239.3 237.9 375.2 0.6 14 197.7 105.8 253.5 159.0 0.8 8 200.3 152.1 251.8 209.3 1.0 14 119.1 133.6 244.5 264.0 0.9 14 201.7 104.8 252.6 154.1 1.0 14 0.9 243.5 77.2 374.8 0.9 8 430.2 126.9 498.8 219.0 1.0 14 426.2 214.4 499.0 376.0 0.9 14 98.3 134.3 205.9 312.5 0.5 8 426.6 126.2 462.5 207.4 0.8 14 118.3 133.0 247.1 373.4 0.9 8 266.7 126.9 301.8 212.0 1.0 14 193.9 105.7 258.3 211.3 0.9 14 135.0 103.1 171.7 135.9 1.0 14 25.7 169.6 241.7 374.5 0.7 14 112.6 103.9 171.3 185.7 0.5 8 449.8 135.9 499.7 220.5 0.9 10 163.0 197.7 434.8 347.5 0.5 14 29.1 171.0 202.7 368.4 1.0 14 217.9 52.2 256.9 100.2 0.9 14 292.5 130.0 368.6 225.6 0.9 10 157.2 187.9 443.2 375.3 0.6 14 111.2 128.7 139.7 186.6 1.0 14 276.4 157.0 439.4 373.1 0.8 14 312.4 129.3 366.4 163.3
007209,1.0 11 66.8 30.3 269.7 385.9
007218,0.9 17 28.0 60.4 427.3 377.6
007220,0.9 8 363.2 211.9 499.0 356.2 1.0 14 176.8 155.1 249.3 252.3 1.0 10 127.1 234.8 371.4 370.9 0.7 8 391.5 212.0 498.5 356.4 1.0 14 238.4 154.2 294.9 253.4
007221,0.9 7 30.3 32.2 430.1 375.3
007225,1.0 4 381.8 180.0 422.4 312.8 1.0 4 116.3 149.5 151.8 253.4 1.0 4 94.3 179.7 134.0 301.5
007226,0.7 18 17.0 16.3 472.5 248.4 0.5 18 25.1 75.9 469.3 246.8 0.8 18 21.1 80.8 471.9 246.6
007228,0.6 8 145.6 110.0 212.0 216.9 1.0 8 237.5 107.9 312.7 214.2 1.0 14 20.0 60.1 184.3 272.3 1.0 8 295.2 113.6 360.6 216.2
007229,0.9 12 0.7 22.0 279.2 219.9
007231,0.8 9 107.2 87.9 384.5 249.6
007232,1.0 14 25.4 185.1 80.1 343.9 1.0 1 13.1 259.9 79.3 377.2
007233,0.9 3 28.8 0.2 497.2 274.7
007235,1.0 1 138.4 117.7 370.0 277.2 1.0 14 182.1 26.4 326.1 246.4
007237,1.0 14 368.2 166.4 499.8 376.4 1.0 4 118.0 239.9 133.1 283.4 0.7 10 1.0 232.5 257.4 375.1 1.0 14 100.0 98.1 209.6 263.9 1.0 14 334.4 66.2 426.4 245.7 1.0 14 177.2 70.9 284.5 287.0 1.0 14 223.8 123.6 408.7 375.6
007238,1.0 7 65.2 211.0 210.0 402.8
007239,0.0 0 0.0 0.0 10.0 10.0
007240,0.9 8 180.2 47.1 286.7 126.3 0.7 8 0.8 68.7 113.3 188.1 1.0 10 0.6 93.3 498.5 375.6
007242,1.0 6 0.7 180.4 46.0 267.9 1.0 5 57.8 2.2 498.7 374.1 1.0 6 1.2 160.4 65.5 218.9
007246,0.6 6 241.7 77.9 500.5 194.1 1.0 6 0.5 86.4 498.4 376.6 0.9 6 237.2 77.4 500.9 248.9
007248,0.7 14 0.9 367.2 373.7 500.3
007251,1.0 14 1.0 12.0 373.3 500.0
007252,0.8 12 324.1 107.4 498.3 330.8 0.8 12 198.9 121.5 356.1 275.7 1.0 14 28.0 26.6 206.3 332.3 0.9 12 199.4 112.2 360.6 318.5 0.9 12 201.9 104.4 498.9 331.5
007253,1.0 14 100.4 107.6 240.9 285.0 1.0 12 119.4 113.4 209.4 432.1
007254,0.8 11 57.1 42.9 374.9 431.2
007255,0.6 8 34.7 226.2 177.2 376.2 0.6 8 277.3 83.4 427.1 305.0 0.8 8 145.9 99.9 199.9 266.0 0.8 8 184.2 97.8 271.6 260.2 0.9 8 278.4 82.4 427.1 354.6 0.7 8 148.9 97.1 268.8 266.2 0.6 8 200.9 238.0 380.0 375.9
007257,0.9 0 180.7 149.1 224.0 172.4
007262,1.0 0 78.0 129.1 277.0 196.6 0.8 0 81.3 146.6 272.4 197.0
007264,1.0 17 0.6 156.0 256.3 328.7 0.6 8 227.5 282.1 456.5 375.7 0.9 17 228.4 207.2 498.9 376.0
007265,0.8 16 84.1 13.2 355.0 307.9
007267,0.8 6 368.6 157.2 400.7 178.7 1.0 14 166.0 138.6 203.0 256.9 0.7 14 316.3 157.8 331.5 187.9 1.0 0 92.0 82.8 481.4 184.0
007268,1.0 14 138.5 46.6 272.1 499.6 0.9 8 194.7 255.0 326.2 473.1
007269,0.6 2 252.4 172.1 404.5 242.1 0.9 2 227.1 91.0 288.4 146.5 1.0 2 129.7 74.8 288.5 153.7 0.9 2 255.1 138.1 409.4 216.5 0.8 2 214.6 139.7 408.6 226.8 0.9 2 197.0 173.4 403.9 252.4
007272,0.0 0 0.0 0.0 10.0 10.0
007273,1.0 6 74.1 118.1 486.0 268.9
007277,0.7 14 6.0 108.0 259.6 343.0 0.5 14 3.9 116.0 166.6 302.7 1.0 14 3.8 108.6 305.9 492.5 0.6 13 0.6 162.7 374.2 486.5
007278,1.0 6 38.8 247.2 85.1 276.5
007281,0.6 6 266.5 146.0 349.8 291.2 1.0 6 413.0 166.1 499.5 347.5 1.0 6 12.0 70.7 301.2 376.1 1.0 14 328.3 107.7 429.5 374.9
007282,1.0 6 0.8 136.0 171.4 295.9 1.0 6 195.9 138.7 327.7 295.0 1.0 6 358.6 159.2 483.0 288.8
007286,0.9 0 161.1 58.6 357.1 272.6
007287,0.9 17 22.1 46.0 342.2 266.3 0.7 8 28.3 47.4 329.9 268.1
007288,0.7 14 75.0 0.7 112.5 40.2 0.5 14 8.6 0.6 39.4 43.2 0.8 6 0.7 13.3 493.2 238.3
007290,1.0 0 128.3 154.4 320.1 219.4 0.9 0 395.9 178.6 478.0 215.2 0.5 0 247.3 188.4 317.9 218.7
007291,0.9 7 134.8 17.3 472.6 375.7
007293,1.0 14 173.6 18.2 257.2 121.9 0.9 12 56.4 80.3 361.3 321.4 0.8 12 53.2 79.8 258.3 301.3 0.9 12 52.0 79.5 410.8 320.0 0.6 14 220.7 190.2 316.9 319.9 0.6 12 224.2 94.4 412.3 307.1
007301,0.7 19 254.5 42.7 344.6 136.2 0.7 8 262.6 237.8 497.9 361.2 0.8 14 101.2 302.8 313.1 375.3 1.0 14 70.3 33.1 208.9 374.5 0.9 17 185.6 171.2 400.7 312.8 1.0 14 280.9 200.5 466.3 374.9
007303,1.0 14 87.7 137.5 210.6 342.1 1.0 12 103.3 180.1 230.2 431.8
007304,0.6 13 106.6 169.9 332.1 500.2
007306,1.0 14 363.0 98.2 498.1 342.0 1.0 14 143.8 112.8 254.5 248.4 1.0 14 0.9 113.0 150.2 360.3 1.0 10 110.5 220.6 497.1 375.6 1.0 14 306.7 91.6 392.1 237.3
007307,1.0 13 161.1 96.3 439.8 293.0 1.0 14 259.2 59.4 381.7 264.9
007309,1.0 1 14.5 22.3 330.3 470.3
007310,1.0 12 91.8 123.8 234.5 413.1 1.0 14 108.1 103.5 223.6 302.7 0.8 12 179.9 124.2 237.8 374.9 0.5 12 134.1 124.2 234.0 379.1
007312,0.7 11 71.9 75.8 350.4 298.1 0.6 11 258.1 2.4 500.8 373.8
007313,1.0 14 15.9 76.6 95.9 327.6 0.7 13 16.9 53.8 374.0 501.7 0.9 14 15.7 77.4 95.9 416.5 0.8 13 40.0 53.5 374.5 488.3 0.8 1 14.1 359.9 358.4 500.5
007315,0.8 8 6.4 229.8 72.9 480.8 0.6 8 5.9 228.9 82.8 395.2 1.0 8 162.4 251.5 214.4 338.7 0.9 19 227.7 133.7 309.4 213.9
007316,1.0 14 0.5 46.3 375.4 499.9
007317,1.0 14 153.0 12.3 321.9 168.7 0.8 7 137.8 196.0 276.3 284.7 0.8 14 152.6 13.0 319.6 238.8 0.9 7 64.2 214.4 185.6 329.9 0.5 7 196.9 72.1 456.3 197.0
007319,1.0 14 13.4 0.3 81.7 112.1 0.9 8 74.9 0.2 137.3 104.3 0.5 8 36.3 0.5 134.9 115.1 0.9 8 31.8 1.2 109.0 121.5 0.6 10 0.1 110.2 374.2 498.9 0.9 15 128.7 66.0 284.2 440.5
007320,1.0 1 158.2 344.2 239.3 494.6 1.0 14 151.1 236.2 238.4 434.4
007321,1.0 19 61.3 4.9 250.6 229.6 1.0 14 163.3 37.6 215.9 155.9 1.0 7 230.4 178.5 320.7 327.8
007324,0.8 14 369.4 102.3 499.8 376.0 0.7 1 97.9 232.1 496.2 375.8 0.9 14 174.0 112.8 339.3 301.1 0.8 14 175.7 115.5 261.7 302.4 0.6 14 251.6 118.6 374.2 285.8 0.9 1 201.0 273.0 496.0 375.5 0.9 14 275.0 102.5 413.3 373.4 1.0 1 95.4 236.9 499.0 375.5 0.8 14 249.6 101.7 376.0 297.8 0.9 14 276.6 102.9 498.6 374.9
007326,1.0 2 162.2 79.9 369.4 192.0
007328,0.9 14 29.6 66.2 215.2 433.3 0.9 14 28.8 65.5 183.2 433.0 0.6 14 112.4 7.0 249.0 356.6 0.6 14 117.2 7.7 248.7 425.8
007331,0.6 7 183.9 24.0 400.4 189.7 0.9 7 1.3 2.2 189.6 374.9 1.0 7 156.4 21.3 484.9 374.8
007332,0.7 11 167.4 300.0 229.0 374.8 0.9 19 0.7 119.3 51.0 197.0 1.0 14 167.0 152.2 238.2 322.9 0.9 15 67.0 114.0 154.4 187.6 1.0 14 20.2 201.2 206.8 375.3 0.6 10 216.4 197.7 498.5 352.6 1.0 14 275.9 145.7 381.4 256.2 1.0 14 236.8 1.8 499.0 374.4
007333,1.0 14 1.0 5.1 209.5 330.1 1.0 19 198.7 115.1 372.5 312.2
007335,0.6 8 270.4 151.4 313.5 238.3 1.0 8 128.1 148.9 208.0 238.5 1.0 15 73.6 170.4 131.2 237.5 0.5 10 185.5 148.4 298.5 231.4 1.0 8 240.1 149.7 313.0 241.0 0.6 8 238.0 147.0 297.8 231.9
007337,0.9 6 210.0 263.5 243.2 294.7 0.9 8 320.6 335.6 393.6 437.0 0.9 8 124.2 204.9 171.7 362.0 1.0 6 344.1 270.0 413.8 297.5 0.6 6 180.0 265.2 206.5 286.6 1.0 6 237.5 265.0 290.6 310.5
007338,0.8 4 125.7 64.0 178.5 109.8 0.6 13 44.5 75.9 497.4 337.8 0.8 14 270.5 43.3 488.2 249.2 1.0 14 269.8 42.5 487.1 337.6
007339,0.8 14 172.6 113.1 200.6 151.3 1.0 6 78.3 92.4 378.7 312.7 1.0 6 249.2 34.5 404.0 154.7
007340,0.0 0 0.0 0.0 10.0 10.0
007341,0.6 0 63.3 80.0 445.4 219.1 1.0 0 62.7 72.1 449.5 239.6
007342,1.0 14 155.4 178.2 192.9 270.2
007345,1.0 1 81.6 156.2 141.4 269.1 1.0 14 75.0 81.9 140.1 252.9
007347,0.9 14 128.7 211.8 205.8 394.5 1.0 14 300.5 349.8 346.2 499.4 0.7 14 209.8 305.1 240.6 370.6 0.8 6 0.6 328.7 86.9 496.9
007348,1.0 19 46.3 107.6 110.0 177.2 0.7 8 16.8 269.9 274.1 375.5 0.9 8 304.7 115.6 445.9 282.7
007349,0.5 14 27.9 245.4 41.9 282.3 1.0 14 83.7 244.2 100.9 288.0 0.9 18 97.6 57.0 499.2 376.9 0.9 14 62.6 247.1 78.4 287.1
007352,0.5 14 399.1 196.2 417.1 226.1 0.9 14 288.5 173.9 349.8 249.5 0.9 0 1.2 39.7 499.0 297.7
007353,1.0 17 102.6 206.4 461.3 375.2
007354,0.9 19 83.0 20.9 167.4 99.3 0.6 14 18.9 56.1 317.5 240.9 0.8 14 16.4 55.7 264.5 241.0
007355,0.9 14 353.4 204.6 372.0 256.5 0.5 14 319.2 200.2 334.8 254.5 0.8 14 45.4 2.6 259.9 286.0 0.7 13 37.3 185.6 350.9 500.2 1.0 14 0.9 199.4 40.3 307.8 0.5 14 40.5 2.7 264.8 498.4 0.6 14 37.0 3.4 345.4 498.8 0.9 13 5.7 182.7 370.5 502.2 0.6 13 40.7 187.2 349.7 467.9
007357,1.0 3 219.4 143.6 292.6 170.4 0.8 3 115.9 138.0 162.8 181.6 0.7 3 264.9 156.2 362.1 181.2
007358,0.9 14 459.4 88.5 483.3 120.1 1.0 6 6.6 112.3 73.4 157.3 1.0 14 68.7 94.6 110.5 226.9 1.0 6 4.1 6.9 468.6 344.4 0.6 6 93.8 64.8 468.1 341.9
007360,1.0 7 203.3 93.1 473.1 277.7
007362,0.9 6 365.5 89.9 499.7 252.5 1.0 6 347.8 45.6 499.6 105.3 1.0 6 -1.0 76.7 445.9 349.0
007364,1.0 15 85.7 90.1 180.1 198.4 0.5 8 250.2 226.0 363.2 356.5 0.8 19 115.8 195.5 167.0 249.2 1.0 17 78.2 161.2 363.0 351.0 0.9 17 223.0 216.6 498.0 375.3
007366,1.0 8 156.9 295.8 232.9 466.0 0.8 8 0.7 395.7 90.9 499.9 0.7 8 244.4 283.1 310.1 458.4 0.8 10 266.3 280.3 373.6 462.7
007367,1.0 5 132.7 182.7 272.7 241.5
007368,0.8 13 0.2 172.9 309.2 396.8 1.0 6 316.2 81.4 387.1 166.9 0.8 13 1.1 162.2 222.1 397.4 1.0 14 52.0 71.6 144.4 194.9 1.0 6 171.5 87.5 264.5 146.8 1.0 6 269.8 89.8 340.2 142.2 0.9 13 76.8 268.2 386.6 500.7
007371,1.0 1 22.3 212.1 275.3 332.8 1.0 14 94.1 128.2 241.2 331.4
007377,0.9 3 151.5 188.2 457.9 292.2
007378,1.0 14 174.8 85.9 358.0 375.0
007379,1.0 14 173.7 83.5 457.1 375.0
007380,0.9 16 265.5 220.0 296.3 248.1
007382,0.9 14 232.2 164.9 255.6 184.2 0.8 18 166.2 90.8 322.1 305.3 0.7 14 278.4 163.9 299.0 183.8 0.9 14 187.0 156.7 210.1 185.7 0.9 18 165.6 65.0 322.4 304.4
007384,0.7 19 388.7 0.5 498.0 61.7 1.0 11 127.7 82.8 352.8 381.5 0.8 8 345.3 48.7 500.2 251.8 0.8 8 302.2 48.8 381.8 154.7
007386,1.0 6 0.3 49.3 498.6 319.5
007387,1.0 18 20.7 18.2 481.1 241.4
007391,0.9 8 94.6 165.4 152.1 209.7 0.7 15 0.9 141.7 54.5 318.2 1.0 10 47.6 196.1 355.2 333.1 0.7 8 273.8 180.7 310.0 232.7
007392,1.0 14 89.0 84.1 252.1 331.9 1.0 12 115.9 154.7 244.4 455.7
007393,0.8 8 367.1 192.0 439.6 332.9 0.8 8 340.6 191.4 439.8 332.9 0.9 8 135.0 178.6 207.3 333.2 0.7 8 182.1 173.1 213.3 228.6 0.9 4 232.9 270.6 253.4 319.9 1.0 14 1.0 81.3 70.9 327.9 1.0 10 106.2 223.1 444.7 333.6
007395,1.0 14 0.8 132.7 183.0 376.5 1.0 14 147.0 84.7 323.8 375.0 1.0 14 317.6 106.3 494.9 375.6
007397,0.9 2 19.7 371.0 41.3 402.9 0.9 2 228.1 176.9 249.9 200.3 0.9 2 97.6 189.3 120.8 225.2 1.0 2 135.6 439.7 171.5 486.5
007399,1.0 6 43.5 90.8 479.1 330.6
007400,0.8 3 59.3 349.2 212.5 412.9
007401,1.0 8 236.0 158.1 293.0 240.0 1.0 19 259.9 89.9 300.2 123.5 0.7 8 131.0 82.8 157.3 111.9 0.9 17 48.9 100.1 185.2 217.9 1.0 8 192.9 90.8 242.2 147.7 1.0 8 155.1 156.6 223.5 239.9
007402,0.7 16 116.2 15.0 403.9 369.0
007403,0.9 0 20.3 126.3 153.3 289.6
007404,0.6 4 206.8 98.8 225.5 136.2 0.9 4 22.9 252.2 211.2 374.8 1.0 4 339.8 254.1 404.2 374.8 0.6 4 397.4 247.7 443.9 361.5 0.8 17 106.7 38.7 498.4 210.2 0.7 4 348.7 172.8 478.2 367.4 0.9 4 442.4 244.2 498.8 341.3 0.7 8 0.7 102.4 88.1 238.9 0.9 4 433.3 0.9 456.8 41.3 1.0 14 120.5 74.8 433.8 311.9 0.6 17 109.8 38.2 499.2 173.5
007405,1.0 5 154.6 123.3 374.8 229.3 0.5 5 311.6 124.5 380.2 227.7 0.5 5 151.8 145.7 227.9 203.7
007406,0.9 15 43.9 342.4 91.2 374.8 0.7 15 126.2 223.0 164.1 277.8 1.0 8 387.1 282.4 428.7 349.7 0.8 8 426.4 282.4 463.3 350.0 0.5 8 446.8 33.6 488.8 81.9 1.0 8 135.1 292.7 193.5 373.3 0.7 10 66.8 299.3 147.7 350.3 1.0 15 87.2 311.7 130.0 357.7 0.9 8 428.9 282.8 489.9 350.9 1.0 8 189.6 291.1 245.3 370.1
007407,0.0 0 0.0 0.0 10.0 10.0
007409,1.0 7 65.1 76.5 379.3 331.8 0.9 7 61.9 80.1 454.7 332.7 0.9 7 316.3 133.5 453.4 326.0
007412,0.9 12 1.5 5.9 480.4 334.0 0.6 12 1.5 46.3 373.4 335.5 0.6 12 67.2 7.8 479.8 333.9
007415,0.8 14 97.9 248.9 108.4 270.5 1.0 14 142.1 248.6 157.0 281.9 0.5 14 82.5 248.5 92.9 270.1 0.6 14 81.9 248.8 92.5 270.3
007418,0.9 11 -0.3 95.6 273.3 501.1 0.7 11 -0.1 97.0 331.3 502.5
007420,0.8 14 159.5 89.6 391.3 333.2 0.7 14 225.4 90.0 387.7 333.6 0.9 4 47.9 1.3 98.5 332.6 0.9 14 216.7 90.2 485.5 333.9
007423,1.0 14 441.8 88.7 499.4 286.1 1.0 14 147.9 130.7 177.6 209.8 1.0 6 27.4 136.1 148.4 187.4 1.0 6 221.5 148.5 335.2 227.2
007426,1.0 2 118.8 85.7 460.1 318.0
007428,0.7 14 109.7 44.1 152.0 88.8 0.9 14 35.7 33.2 107.5 157.8 0.9 14 140.2 80.5 173.1 120.1 1.0 14 72.7 73.2 147.2 219.4 0.8 14 41.3 49.3 98.4 158.9 1.0 14 113.7 43.6 152.7 82.0 1.0 11 126.4 113.7 206.5 223.6 0.6 11 158.0 72.6 182.1 93.4
007429,1.0 6 14.9 229.0 311.8 475.2
007430,1.0 18 50.2 18.2 430.9 301.5
007434,0.0 0 0.0 0.0 10.0 10.0
007440,0.8 16 170.4 90.6 324.2 242.9 0.5 16 348.6 106.5 499.6 264.3 0.9 16 349.8 104.7 500.0 233.4
007441,0.9 7 119.9 42.9 366.7 356.4 0.6 7 124.4 42.8 358.9 318.7 0.7 7 1.4 43.0 358.5 356.4 0.7 7 0.2 43.2 415.2 356.9 0.9 7 125.2 42.5 366.8 349.7 0.5 7 129.0 46.0 498.3 356.9
007442,0.5 14 85.4 0.6 152.2 116.1 0.8 4 333.9 248.5 378.3 362.0 0.8 8 421.0 54.8 497.3 207.9 0.9 8 45.0 47.1 116.8 186.1 0.6 8 0.7 100.1 78.9 284.3 0.7 8 355.3 36.4 399.2 94.6 0.7 10 2.6 23.4 494.1 374.9 0.6 14 83.0 -0.3 181.9 117.3 1.0 10 1.6 74.6 496.0 376.8
007444,1.0 14 1.0 85.6 215.2 500.3 0.8 16 161.5 266.5 271.8 427.4
007447,0.6 6 114.6 146.8 191.7 176.2 1.0 1 281.7 207.5 335.6 270.1 1.0 14 56.4 144.6 76.9 162.4 1.0 14 483.3 159.6 499.9 242.4 1.0 14 136.2 161.9 194.5 252.2 1.0 1 125.9 200.6 206.2 268.7 1.0 14 282.9 176.0 332.0 258.1 0.9 14 71.7 148.4 95.2 176.1 1.0 14 212.5 179.6 269.8 278.7 1.0 1 209.6 215.4 280.8 291.7
007450,0.6 18 -0.2 195.9 133.6 240.5
007452,1.0 6 84.2 179.8 220.1 239.6 0.6 9 110.0 191.6 175.2 257.6 0.9 9 18.3 192.9 154.2 327.1 0.9 9 108.0 192.5 186.1 286.9 0.9 9 221.0 181.9 325.1 240.7 0.9 9 194.9 202.9 302.5 432.6
007453,0.8 8 1.1 276.7 170.8 351.4 0.8 7 0.8 94.7 216.0 220.4 1.0 8 253.0 228.3 429.5 351.7
007455,0.9 3 164.8 170.5 323.5 230.9 0.9 3 166.4 191.3 323.8 231.8
007456,1.0 4 155.7 91.7 240.2 289.0 0.7 4 82.0 61.9 186.5 261.2 0.9 4 94.0 65.3 146.1 166.6 0.8 4 121.5 58.3 169.1 166.7 0.9 4 223.3 57.3 282.2 174.8 0.6 10 1.5 23.4 496.4 376.5 0.9 4 0.5 153.4 116.0 309.2 1.0 4 126.6 57.7 164.6 122.6 1.0 4 327.0 40.6 432.2 278.0 0.9 4 276.4 28.0 328.2 123.1
007459,1.0 6 5.0 42.6 487.6 374.1
007462,0.9 16 164.8 33.9 213.7 129.2 0.7 2 7.1 150.5 48.7 200.5 0.8 16 170.8 107.9 284.1 325.2
007463,0.9 7 227.6 3.6 375.5 501.1
007464,1.0 3 193.2 269.8 320.9 338.9 0.7 3 386.6 272.7 494.0 311.9 0.8 3 166.0 116.2 254.5 250.9 0.7 3 0.7 243.6 26.1 287.6 0.9 3 166.7 222.8 255.8 251.5
007469,0.9 14 1.3 28.3 497.5 495.6
007471,0.9 8 0.5 336.7 139.1 500.1 0.6 14 240.0 227.0 373.2 498.4 1.0 14 140.8 187.0 189.2 243.4 0.7 8 0.7 386.1 135.2 499.6 1.0 8 146.1 282.8 226.8 498.6 1.0 14 84.0 177.3 154.9 327.9 1.0 14 139.5 187.3 189.5 272.6 0.8 14 84.3 176.7 143.3 245.1 1.0 14 1.1 197.4 162.8 490.7 0.8 14 38.1 171.3 107.9 268.0 0.5 14 38.8 172.2 129.3 318.6 1.0 14 217.6 121.2 287.7 395.6 0.8 14 229.6 222.5 363.4 407.3 0.9 14 206.5 223.5 373.8 499.4
007472,1.0 8 307.2 220.5 433.2 337.7
007473,0.6 15 48.0 135.6 357.3 424.8
007476,0.5 8 0.8 261.7 61.3 374.6 1.0 8 61.2 286.3 155.3 374.8 1.0 14 30.4 194.4 122.8 365.9 1.0 2 286.6 20.9 377.1 117.3
007478,1.0 6 1.5 2.6 431.9 373.9 1.0 6 348.0 5.4 499.8 168.0
007485,0.9 11 113.7 118.4 417.6 279.6 0.7 17 0.6 88.5 498.3 333.5
007487,0.9 7 26.3 2.2 497.3 375.0 0.9 7 214.2 1.7 499.7 326.5
007488,0.7 18 57.9 1.8 497.9 373.9
007492,0.9 8 416.2 80.2 499.6 229.6 0.7 19 85.6 38.4 197.2 101.2 0.6 17 97.6 210.1 445.7 376.1 0.9 19 283.0 118.5 368.2 194.9
007494,1.0 4 8.6 164.2 86.8 360.9 0.9 10 1.0 142.3 498.1 376.2
007495,0.8 5 149.4 49.8 404.1 337.9
007496,1.0 14 45.0 91.6 306.2 374.4 0.7 14 2.1 91.0 300.8 375.5 0.9 14 238.5 3.1 499.5 374.2 1.0 14 271.6 3.2 499.4 374.8
007499,1.0 15 60.0 1.2 408.2 372.8
007500,0.9 14 38.5 25.5 211.6 374.9 1.0 4 34.8 243.0 105.8 399.8 1.0 14 39.1 25.4 264.9 374.2 0.9 4 220.5 166.7 265.9 402.1
007501,0.6 13 289.4 108.9 499.8 374.1 1.0 14 433.9 65.0 469.3 146.1 0.7 6 237.5 61.5 447.0 154.2 0.9 13 59.8 234.2 335.1 375.6
007502,0.0 0 0.0 0.0 10.0 10.0
007504,0.0 0 0.0 0.0 10.0 10.0
007505,0.6 2 201.5 154.4 293.3 284.2 0.9 2 198.5 153.6 293.3 310.2
007507,1.0 6 0.8 189.1 54.4 234.9 1.0 6 57.2 190.1 158.9 239.9 0.6 6 48.8 186.1 121.8 233.5 1.0 6 159.2 188.1 204.7 226.3 0.8 5 276.4 171.9 311.0 215.1
007508,0.8 14 1.1 25.5 146.9 463.7 0.9 8 277.2 378.9 355.6 500.4 1.0 14 38.4 24.4 170.6 476.3 1.0 14 136.8 103.1 272.9 499.2 0.6 8 236.0 211.1 271.1 321.5
007509,0.9 14 167.9 173.5 233.4 366.2 0.9 6 30.4 71.5 162.5 150.4 1.0 12 33.0 94.7 246.9 377.8
007510,1.0 6 412.3 274.5 499.3 361.4 0.9 5 50.3 42.9 436.4 362.2 0.7 6 192.6 194.6 426.5 364.7
007512,1.0 2 74.5 155.3 236.0 232.2 1.0 2 295.9 126.4 378.5 302.9 0.6 2 42.2 99.4 372.6 220.8 0.7 2 202.6 9.7 497.4 178.3 0.7 15 43.3 10.6 498.9 326.5
007514,0.7 14 1.1 0.8 225.9 245.1 0.6 10 1.2 2.4 498.3 375.0 0.9 14 1.7 2.4 227.4 374.9
007515,0.9 11 77.7 46.7 196.8 233.2 0.8 11 319.4 37.0 395.5 219.0
007516,0.9 9 181.7 156.4 316.5 257.8 0.6 9 187.7 155.1 283.6 242.8 0.7 9 302.5 160.5 409.8 291.4 0.5 8 143.4 84.9 226.0 226.5 0.9 9 305.0 160.7 499.5 356.2
007518,0.8 6 0.8 227.1 44.8 266.7 1.0 6 117.2 229.1 223.3 284.6 1.0 6 45.7 230.4 157.6 282.6 1.0 6 263.0 223.5 315.5 250.0 1.0 6 3.9 219.2 115.2 276.0 1.0 6 310.3 229.4 354.1 258.0 1.0 6 454.5 226.9 492.5 301.3 1.0 6 196.0 231.2 303.7 291.8
007520,1.0 14 245.8 136.5 271.3 191.5 0.9 18 7.0 1.6 502.0 373.9 0.8 18 7.0 1.4 405.9 373.5
007522,0.9 6 86.1 100.0 255.2 160.8 0.5 14 70.9 48.1 370.3 374.8 1.0 14 200.6 48.6 371.1 246.5
007529,0.9 14 123.8 64.7 270.4 189.3 0.9 14 122.9 64.7 269.9 274.6 1.0 1 38.2 254.8 342.9 494.5 0.7 1 38.5 175.5 97.9 226.3
007531,0.9 8 266.0 185.2 436.6 375.2 1.0 14 237.4 42.7 293.3 136.7 0.8 8 22.6 186.3 399.7 376.4 1.0 14 118.6 92.1 157.2 179.5 0.8 8 0.9 148.3 61.8 225.2 0.8 8 415.1 190.3 498.9 374.7 1.0 14 382.3 19.4 490.8 199.4
007532,0.6 14 464.8 58.9 499.7 126.7 0.9 4 302.2 115.8 336.4 214.5 0.7 14 460.6 60.8 499.9 203.2 0.6 14 446.0 61.6 492.6 131.2 0.9 14 209.5 75.8 297.5 159.0 1.0 14 1.5 7.0 332.3 375.0 1.0 14 240.1 21.7 283.1 83.0 1.0 14 312.6 27.0 500.4 375.2
007534,0.6 16 1.0 30.9 297.0 374.4 0.8 16 205.4 154.0 428.1 375.1
007539,1.0 2 -0.5 66.0 468.3 292.2
007541,1.0 1 158.0 118.6 438.3 347.0 0.9 1 163.2 178.4 439.0 347.7
007542,0.7 7 66.7 122.1 498.7 372.0 0.8 7 1.3 122.3 498.1 377.0
007545,0.9 2 231.1 236.2 311.0 295.6
007548,0.7 6 328.0 224.8 439.7 272.9 0.7 0 38.1 116.2 152.2 169.8 0.7 0 56.8 113.5 240.2 172.4 0.6 0 1.7 2.3 498.8 374.2 0.7 0 1.2 116.7 151.2 171.5 0.8 0 59.8 115.5 153.3 158.3
007549,1.0 15 345.7 2.0 498.5 231.6 0.7 7 97.2 153.7 374.8 376.5 1.0 15 136.3 2.3 347.5 223.9
007550,0.6 1 200.2 3.6 340.2 120.3 0.9 13 1.6 3.7 302.9 499.1 0.6 13 0.5 111.1 298.6 502.6
007552,0.5 16 289.3 249.8 315.5 271.4 0.9 14 247.1 196.6 268.7 235.2
007553,0.9 14 309.3 6.7 364.0 62.1 0.9 14 212.4 1.2 318.6 84.3 0.8 13 131.9 40.4 369.0 325.5 1.0 14 42.3 21.2 75.1 225.9 0.7 14 382.7 0.7 474.5 114.3 0.8 14 233.0 1.0 317.2 74.1 0.5 13 384.8 56.1 499.7 233.7 0.7 14 335.7 0.8 474.5 165.5 1.0 13 124.4 41.1 423.6 332.1 0.8 14 313.8 1.2 474.1 214.2 0.9 14 376.8 0.8 473.9 215.1 0.8 14 308.9 5.9 402.1 172.4
007554,1.0 14 225.5 168.9 289.0 287.1 0.7 9 417.2 178.2 469.8 214.6 1.0 14 298.8 167.7 357.4 302.8
007556,0.5 6 1.4 70.2 313.5 313.8 1.0 6 1.1 68.7 498.7 311.3 0.6 6 307.5 83.8 500.1 236.4
007557,0.9 2 167.7 81.6 209.3 154.7 0.5 2 249.2 131.3 310.6 181.0 0.9 1 0.2 273.1 119.4 499.8
007560,0.9 11 311.3 161.7 483.9 359.2
007561,1.0 8 21.6 155.4 199.8 357.4 0.5 8 45.5 83.2 136.8 205.3 0.9 17 203.2 74.7 500.0 263.4 0.6 4 75.8 51.1 96.7 83.1 0.8 17 204.1 75.2 500.5 311.2
007562,0.8 6 -1.0 -0.5 158.4 186.9 0.9 6 19.4 28.5 473.4 366.6
007564,1.0 8 297.1 210.6 357.6 311.6 1.0 8 26.6 189.4 105.6 319.2 0.8 10 202.2 190.1 398.4 301.9 0.8 8 216.8 208.9 264.6 296.2 0.9 19 316.5 154.7 374.7 203.1
007567,0.9 14 190.8 115.2 288.5 273.0 0.6 8 323.9 157.2 396.4 294.9 1.0 8 285.4 158.0 395.7 298.9 0.7 8 416.0 85.0 498.9 259.7 1.0 8 126.2 122.5 192.7 262.1 1.0 14 95.8 105.4 187.7 279.9 0.8 17 1.0 138.1 117.0 227.6 0.5 17 186.1 144.7 424.5 281.5 0.9 14 159.0 104.0 181.6 128.9 0.8 8 415.9 165.2 498.9 347.5 0.7 14 23.8 134.9 111.0 187.9 1.0 14 251.4 93.3 379.9 302.7 0.8 17 185.6 144.6 339.4 282.0
007569,0.7 6 206.9 286.5 386.7 332.8
007573,0.8 14 16.0 217.4 31.9 263.9 1.0 14 25.1 209.3 44.1 264.7 1.0 14 411.8 207.9 460.9 343.5 0.7 5 75.5 169.1 134.1 257.4 0.8 14 459.3 73.2 479.4 105.7 0.9 5 129.4 140.1 358.3 341.9
007574,0.9 7 39.2 40.7 486.2 321.5
007577,1.0 14 15.0 54.9 140.8 188.3 1.0 14 432.7 62.9 485.7 120.2 0.9 14 51.6 31.6 237.2 212.2 0.5 14 16.4 30.8 237.2 202.9 0.6 14 1.2 83.0 34.4 152.7 0.9 14 165.4 44.9 384.9 228.0 1.0 14 329.6 34.3 500.4 276.3
007580,0.9 14 66.3 276.4 83.6 312.8 0.7 0 -0.8 27.3 447.6 304.7 0.8 0 0.2 28.7 447.3 222.6 0.9 6 368.7 274.8 409.8 293.9
007581,0.5 18 94.0 71.8 315.3 282.0 0.7 18 44.1 67.0 315.8 281.9 0.9 18 0.7 4.6 499.2 332.0 0.9 18 46.5 68.1 498.7 332.3 0.7 18 138.4 89.3 315.8 281.9
007582,1.0 14 59.2 46.6 332.1 453.6
007583,0.9 14 383.5 36.6 487.0 93.5 0.6 8 255.1 87.3 500.4 271.9 0.9 14 420.5 37.7 484.8 90.8 0.9 19 348.6 1.3 499.8 160.6 0.7 8 257.7 143.8 500.5 271.8 0.8 19 360.2 84.8 500.1 155.8 0.8 11 278.0 150.6 499.6 375.5
007584,0.6 7 167.5 127.2 499.5 286.6 0.7 14 1.0 2.9 497.7 375.1 1.0 14 1.1 2.4 206.9 374.7
007587,0.9 11 67.9 30.6 297.4 219.3 0.6 7 31.6 115.9 460.0 400.9 0.6 7 181.8 112.9 452.2 356.0 0.8 7 177.7 115.2 391.2 362.8
007588,0.9 11 158.6 48.1 217.0 159.8
007589,1.0 14 346.2 180.8 378.1 265.6 1.0 14 205.9 145.6 228.9 164.7 0.9 14 234.4 126.3 263.7 163.3 1.0 6 122.6 161.8 302.3 289.1 1.0 14 261.2 138.7 281.8 164.2
007591,0.5 6 17.8 91.4 301.6 414.3
007593,0.6 14 88.4 94.7 105.9 135.7 0.5 13 183.4 149.7 401.1 419.7 0.7 14 2.1 94.1 18.3 142.0 1.0 14 16.7 98.8 39.8 140.6 1.0 14 80.6 31.5 327.3 375.0 0.5 14 87.5 31.9 285.8 274.2 0.6 14 55.2 94.6 76.2 137.1 0.8 14 94.7 94.8 115.1 135.9 1.0 13 70.0 143.1 396.2 443.6 0.7 14 114.0 95.7 133.5 136.2 0.6 14 6.5 94.5 22.2 139.9 0.9 14 56.8 95.9 79.9 137.0 0.5 14 25.2 98.3 44.3 139.2
007595,1.0 14 115.2 28.8 369.1 333.3
007596,0.8 16 321.8 91.7 430.1 182.1 0.9 16 60.3 77.5 201.5 175.8 0.9 16 221.9 80.3 292.6 180.4 0.9 16 191.4 69.7 241.7 168.5
007597,0.8 13 1.1 220.4 83.5 323.6 0.5 8 296.1 146.9 380.1 246.7 0.5 8 326.9 147.1 379.7 243.9 0.9 8 260.7 176.6 295.2 234.2
007598,0.8 3 147.1 27.2 284.4 75.9 0.8 14 429.9 59.0 498.9 202.1 0.6 14 72.2 120.4 159.2 248.2 0.8 14 425.9 60.3 499.1 289.4 1.0 14 0.6 120.6 158.5 256.8 0.7 14 426.7 59.7 499.3 217.7 1.0 14 342.6 83.8 463.1 309.6
007599,0.9 9 17.7 137.4 222.7 285.0 0.9 9 224.7 144.9 387.3 287.3
007602,0.9 9 128.5 2.2 347.5 162.4 0.8 9 326.5 0.5 466.2 139.4 0.8 9 49.2 112.4 334.6 353.7 0.9 9 278.4 142.4 499.1 376.1
007604,1.0 2 168.7 96.2 468.9 238.7
007607,1.0 1 51.1 296.3 355.6 488.7
007608,1.0 2 245.3 135.3 288.2 244.6
007609,1.0 14 117.3 169.6 227.7 287.2 0.9 12 57.2 223.1 229.3 429.9 0.8 14 118.2 171.4 224.7 423.7 0.7 11 54.1 296.0 87.7 349.3 0.6 14 119.0 169.9 298.6 409.6
007610,0.6 6 342.7 192.3 375.0 230.0 1.0 14 165.1 200.8 187.1 262.8 0.7 14 146.7 203.6 158.0 224.6
007613,1.0 6 19.8 81.8 468.9 340.5
007616,0.5 8 401.1 144.4 498.9 355.4 1.0 14 181.3 31.1 261.1 247.6 1.0 12 70.5 97.6 411.9 352.3 0.6 6 -0.1 212.6 135.5 251.0
007617,1.0 6 0.5 84.0 136.8 243.9 1.0 6 70.8 83.2 436.1 273.1
007620,1.0 12 91.0 169.3 255.5 468.1 1.0 14 119.5 97.3 242.8 304.0
007623,1.0 14 125.1 18.6 204.9 140.9 1.0 12 100.5 67.5 229.2 217.4
007625,1.0 11 261.8 134.3 315.0 247.6 1.0 11 207.1 176.4 262.8 268.0 1.0 14 119.7 80.1 227.7 323.0 1.0 14 278.0 86.3 374.1 374.1
007627,0.7 1 32.1 168.0 157.7 377.0 0.6 1 29.5 127.1 155.2 376.5 1.0 14 24.9 44.0 152.4 304.1
007628,1.0 8 14.0 302.6 72.5 375.2 1.0 14 69.5 2.5 497.9 374.8
007630,0.9 2 143.3 60.3 363.2 375.6
007632,0.9 0 2.7 131.1 365.2 311.5 1.0 0 3.0 131.5 490.9 311.5
007634,0.6 1 317.3 255.1 498.1 376.4 1.0 14 472.3 84.8 500.0 279.4 0.9 6 73.2 138.6 125.7 163.2 1.0 14 27.2 117.0 45.6 177.1 1.0 14 155.5 66.3 241.0 333.2 1.0 14 4.8 116.7 30.7 179.6 1.0 6 118.0 138.2 163.6 169.6 0.9 7 99.3 226.2 186.6 291.8 0.6 6 452.3 147.3 477.0 173.6 1.0 14 87.3 53.0 499.2 375.0 1.0 14 230.5 55.3 316.0 324.7
007635,0.8 3 314.0 115.2 498.5 214.6 0.9 3 312.8 8.2 499.8 218.9
007636,0.9 12 102.0 121.0 216.8 470.3 0.7 12 162.6 120.7 219.7 468.2 0.9 14 103.9 102.9 226.5 308.2 0.9 14 95.4 103.4 249.6 311.2 0.7 12 105.0 204.9 167.7 409.1
007638,0.9 7 164.8 68.6 320.6 238.2
007641,1.0 2 114.2 218.9 171.6 279.5 1.0 2 131.8 59.0 193.1 123.6 1.0 2 99.4 119.8 154.7 169.1 0.9 2 94.9 269.5 143.8 319.2 0.9 2 259.2 193.6 312.7 228.5
007643,0.5 13 91.5 22.0 246.0 157.5 0.6 14 63.7 117.1 106.6 147.9
007644,0.7 15 238.7 155.5 262.4 190.9 0.9 15 82.9 172.6 133.7 249.2 0.9 15 6.0 50.5 57.1 89.4 1.0 8 297.3 99.3 376.6 216.3 0.7 15 80.5 143.8 206.1 247.6 0.8 8 201.0 98.8 248.7 183.4 0.5 8 95.4 39.2 181.0 195.2 0.9 15 350.1 134.6 410.7 202.0 0.9 15 1.0 80.6 55.6 278.3 0.7 15 40.9 223.5 82.8 283.4 0.7 8 230.6 105.1 306.3 212.4 0.9 8 210.0 98.4 297.7 208.0 0.9 15 8.0 51.1 39.0 86.2 0.6 8 263.5 107.4 331.1 215.4 0.8 15 271.6 157.9 295.8 205.9 1.0 15 265.0 49.6 357.9 109.3
007645,0.6 13 257.9 1.4 337.4 50.5 0.8 14 356.3 8.9 380.0 55.7 0.6 13 225.8 47.3 453.9 268.9 0.8 14 459.2 25.4 499.0 82.1 0.9 13 399.8 76.5 499.9 223.7 0.8 14 375.7 1.2 408.3 74.9 0.9 14 470.0 26.5 499.3 79.0 1.0 13 2.6 31.2 453.4 337.4 0.7 14 367.0 5.9 453.0 226.8 1.0 14 397.1 8.9 453.5 98.4 0.9 14 356.0 8.1 380.7 66.7
007646,1.0 14 288.2 113.4 405.4 278.2 1.0 1 236.9 167.8 409.6 315.7
007648,0.6 4 254.2 224.7 267.2 260.7 0.7 4 225.5 219.3 238.9 255.4 0.5 4 241.7 225.9 255.6 262.5 1.0 8 322.0 265.6 487.1 375.2 0.8 14 116.9 177.1 291.5 374.3 1.0 14 276.8 164.4 338.9 232.2 0.9 14 36.5 171.8 292.7 374.4 0.5 14 86.6 179.2 124.3 268.6 0.9 14 33.8 172.6 188.7 374.7 1.0 10 149.6 223.6 345.6 374.1 1.0 14 315.8 182.8 442.2 375.0
007651,1.0 14 76.6 106.3 262.7 277.8
007652,1.0 14 17.4 51.1 495.4 305.3 0.7 10 1.2 147.9 497.7 334.6
007658,1.0 1 286.6 172.0 464.7 375.3 1.0 1 161.2 197.6 319.7 375.5 1.0 14 143.8 43.5 280.7 350.1 0.6 1 161.3 186.6 464.9 376.2 1.0 14 293.4 77.5 432.0 275.9
007659,0.0 0 0.0 0.0 10.0 10.0
007660,0.5 14 214.9 188.3 233.1 219.5 0.9 14 100.8 186.9 115.2 215.9 0.9 14 340.2 179.6 359.5 211.5 0.6 3 86.9 64.1 145.2 102.5 0.7 3 8.2 63.7 143.0 126.9 0.9 3 63.1 150.6 463.5 253.1 1.0 14 73.5 184.7 91.7 221.0 0.7 14 173.8 180.2 191.1 213.8 0.8 3 65.1 188.9 463.9 252.9
007661,0.8 7 -0.9 108.2 413.3 376.5 0.9 7 -0.6 3.3 417.1 374.3
007665,1.0 6 425.2 134.3 500.0 216.5 1.0 6 154.5 144.2 383.0 221.1 0.7 1 13.7 133.3 52.1 196.0
007669,1.0 14 68.0 30.9 418.7 376.0
007674,1.0 5 15.8 78.6 492.0 273.5
007676,0.7 6 147.6 232.4 199.4 260.1 0.8 14 0.8 246.2 21.0 271.8 0.6 0 71.6 45.0 498.4 333.3 0.7 0 81.5 150.3 497.1 332.0 0.9 6 22.1 239.7 71.7 265.0 0.7 14 73.7 234.0 86.8 262.7
007681,1.0 2 45.3 114.6 391.0 299.6
007684,0.5 10 329.5 226.7 496.5 375.5 0.7 3 280.1 144.2 345.3 186.1 0.7 8 31.7 245.0 90.5 292.5 0.9 14 203.7 141.9 229.3 201.0 0.6 8 98.8 172.7 147.6 248.8
007686,0.5 3 146.5 197.8 190.4 282.1
007689,0.8 7 180.4 23.0 497.2 270.8 0.7 7 14.9 26.6 177.9 234.9 0.8 7 12.6 25.1 179.7 272.1 0.9 14 211.5 1.3 498.6 271.1
007690,1.0 14 1.0 119.2 26.1 212.8 1.0 14 29.4 115.6 55.8 214.0 1.0 5 69.8 17.3 415.8 256.9 0.7 5 416.9 64.3 490.6 143.0
007693,1.0 6 150.3 114.8 455.5 365.5
007695,0.8 14 51.5 1.2 323.8 251.6 1.0 11 159.7 97.0 372.2 272.6
007698,0.9 2 187.0 139.9 326.9 211.5
007700,0.6 4 182.3 42.1 203.9 127.6 0.9 4 161.3 39.7 197.0 198.6 0.7 4 73.7 292.5 149.4 484.0 1.0 4 200.8 12.6 271.7 212.9 0.9 14 37.8 327.3 91.4 405.6 0.6 14 292.3 71.4 337.8 173.1 0.8 10 12.5 195.6 336.3 498.9 0.6 4 250.1 291.7 309.8 461.8
007701,1.0 6 169.8 185.8 289.0 253.6 1.0 14 158.2 183.6 176.8 236.6 1.0 6 94.5 189.4 137.7 238.9 1.0 6 2.7 187.1 113.5 255.7 1.0 6 256.1 182.0 441.0 274.8
007703,0.8 11 105.4 58.2 241.4 184.8
007706,0.7 14 166.4 66.5 316.7 331.1 0.7 14 77.1 67.6 317.4 330.6 0.8 14 97.0 67.9 313.3 325.2 0.6 14 68.1 1.2 353.5 330.8 0.9 14 265.5 1.0 359.6 294.6 0.7 14 230.1 64.1 347.5 325.0
007707,0.5 8 420.5 97.8 499.8 315.5 0.9 2 128.0 181.4 192.8 284.9 0.7 8 457.0 106.5 500.0 312.0 0.9 2 26.0 153.3 115.1 293.3 0.5 16 181.8 206.1 285.2 339.5 0.5 2 26.1 153.6 141.3 292.6
007708,1.0 8 357.8 191.2 397.1 256.8 0.8 8 139.6 282.9 306.1 376.3 1.0 8 193.6 209.7 231.2 295.1 0.6 10 359.9 190.9 408.6 257.0
007710,0.6 13 0.9 231.7 60.5 321.7 0.5 1 421.5 262.2 499.4 375.5 0.7 8 335.8 178.3 449.4 374.3
007711,0.7 0 86.8 174.7 452.9 319.3
007714,1.0 14 470.0 149.6 490.8 207.7 1.0 14 0.7 179.0 35.1 253.9 1.0 6 166.0 129.9 330.3 269.1
007716,0.7 2 5.6 124.2 89.0 151.8 0.7 2 76.9 133.1 202.7 195.2
007717,0.0 0 0.0 0.0 10.0 10.0
007719,1.0 14 51.0 255.3 110.6 397.7 0.9 14 0.4 208.2 55.9 312.3 0.5 14 0.7 206.1 67.9 410.9 1.0 14 153.1 151.3 183.1 237.8
007722,0.9 8 323.0 221.6 350.8 310.7 1.0 8 280.0 225.9 323.6 327.2 0.9 8 148.3 245.4 204.2 282.4 1.0 10 184.2 203.5 270.5 272.2 0.6 8 0.6 264.5 43.1 303.0 0.7 8 151.0 303.3 233.3 376.1 1.0 10 1.2 267.5 254.6 376.6 0.5 8 285.3 222.8 333.8 308.1 1.0 8 243.7 228.0 287.6 301.1 0.6 8 221.7 286.0 270.1 375.9
007725,1.0 1 140.8 215.5 344.9 347.5 1.0 14 186.9 147.2 314.8 347.5
007726,0.9 8 44.1 344.4 87.6 424.8 0.6 8 259.5 347.1 302.1 426.4 0.7 14 333.5 291.7 345.0 374.4 0.9 14 8.7 273.4 21.2 308.5 0.6 18 13.0 15.9 321.7 469.8 0.5 18 22.2 18.8 319.6 452.9
007728,1.0 14 86.6 74.3 254.7 334.4 1.0 14 231.8 78.6 377.1 333.6
007730,0.7 2 12.3 85.5 208.8 350.7 0.7 2 13.6 229.8 205.5 353.1 0.7 2 129.5 86.9 208.5 250.8
007733,0.9 7 63.4 207.3 448.8 382.5 0.5 7 168.5 -0.9 478.6 134.9 0.8 7 223.0 210.1 450.2 382.8 0.7 7 170.3 -0.3 476.2 85.2
007734,0.7 6 28.0 116.7 277.4 282.8 0.7 6 26.5 91.2 279.1 283.4 0.6 6 275.6 120.5 373.3 205.8 1.0 6 275.6 128.6 363.2 211.0
007737,0.6 18 85.6 221.5 372.4 432.8
007738,0.6 1 1.4 3.2 373.0 499.5
007739,0.9 8 1.2 178.1 68.7 392.8 1.0 4 166.6 213.9 222.9 369.8 0.8 8 56.6 172.7 170.8 391.3 0.8 8 5.5 170.7 110.3 397.6 0.9 8 17.2 108.5 72.4 176.8 0.8 10 1.3 174.3 102.3 390.6 1.0 14 83.9 70.9 374.9 465.4 0.9 8 85.6 171.8 170.7 282.3
007741,0.5 2 208.0 65.5 236.2 94.7 0.8 2 218.2 173.3 317.2 231.5 0.9 2 18.4 251.0 67.7 288.7 1.0 2 312.0 196.6 415.9 257.3 0.7 2 218.9 173.4 256.6 225.9 0.9 2 85.5 126.9 118.7 150.3 0.9 2 240.4 66.1 292.9 109.6 0.9 2 149.7 145.7 192.5 197.5 0.9 2 67.5 108.3 98.4 125.7 0.9 2 130.9 226.2 179.6 254.0 0.8 2 247.8 175.1 310.3 224.8 0.9 2 352.0 148.5 394.1 183.4
007744,1.0 14 163.9 110.1 218.6 172.8 0.9 4 212.8 172.8 243.8 298.6 1.0 4 376.8 165.6 438.0 315.1 0.7 4 309.3 136.1 345.8 302.8 1.0 4 140.5 169.6 180.8 301.9 1.0 4 439.4 161.5 492.0 311.2 0.6 4 213.8 173.1 240.3 239.7 0.7 4 392.8 131.6 438.3 226.5 0.9 4 172.8 173.1 219.9 311.5 1.0 4 340.5 154.7 375.0 295.8 1.0 4 2.3 168.8 36.7 329.1 1.0 4 91.8 169.8 140.7 309.4 0.9 4 96.2 143.5 132.0 231.6 1.0 4 32.1 169.7 80.3 306.6 1.0 4 175.8 144.8 221.0 313.4 1.0 4 239.6 141.1 285.2 312.6 1.0 4 304.3 157.6 353.9 314.2 1.0 4 273.9 152.2 308.7 299.6
007747,0.5 8 330.3 234.7 480.2 364.2 0.8 19 379.2 158.9 433.5 202.8 0.7 8 12.8 201.4 189.4 313.9 0.9 17 9.8 194.7 201.3 313.5 0.6 15 74.5 305.9 138.8 374.7 0.9 8 13.5 204.8 125.7 315.2 0.7 8 188.8 259.4 371.8 375.8 0.7 1 378.8 1.0 416.9 50.9
007750,1.0 14 116.7 86.5 255.2 304.2 0.9 12 97.2 111.9 294.7 482.9 0.9 12 189.4 111.3 296.3 337.0
007752,1.0 14 187.9 106.2 306.2 239.2 0.8 10 1.2 214.3 390.1 376.0 1.0 8 353.6 170.8 407.7 248.1
007755,1.0 14 88.6 38.8 373.9 500.4
007756,0.5 14 98.1 241.5 240.2 374.8 1.0 8 335.6 272.9 439.7 375.4 0.8 15 249.3 213.3 287.4 262.3 0.5 8 108.4 203.4 172.8 237.9 0.8 19 53.5 73.2 117.2 139.4 1.0 14 71.8 239.3 237.8 375.1
007757,0.9 6 478.5 19.6 499.8 76.4 1.0 6 2.7 11.2 216.3 92.4 1.0 6 14.2 43.6 486.8 251.9 1.0 6 390.5 26.6 481.2 63.2 0.9 6 335.5 22.3 367.4 44.0
007759,0.9 14 429.8 14.9 485.0 210.8 0.9 14 468.8 2.0 499.7 315.5 0.6 14 105.1 0.5 263.4 210.7 1.0 14 336.3 0.6 445.5 213.6 1.0 14 74.3 0.7 264.9 314.9 0.9 14 341.1 2.3 445.2 318.0 1.0 14 228.9 68.9 360.5 291.0
007761,1.0 14 20.0 1.0 63.8 80.9 1.0 6 11.3 15.5 498.8 304.8
007764,0.0 0 0.0 0.0 10.0 10.0
007766,1.0 14 187.6 35.1 302.2 192.8 0.5 12 298.7 98.5 410.6 192.5 1.0 12 62.2 106.4 375.5 282.7 0.6 12 58.9 99.0 409.4 282.1
007769,1.0 14 63.9 38.9 225.0 474.1 1.0 14 185.1 113.5 261.8 410.1
007770,0.8 14 228.5 -0.2 500.3 231.9 1.0 14 9.7 1.9 371.7 331.1 1.0 14 226.7 1.2 499.8 329.3 1.0 11 294.9 109.5 498.3 331.4
007771,0.5 18 162.3 132.3 289.1 168.5 0.5 18 77.2 128.1 297.1 170.4 0.7 18 1.1 125.8 480.7 356.0
007774,0.8 12 1.3 41.7 378.3 375.5
007778,1.0 4 216.3 155.0 415.9 287.5 1.0 14 0.5 79.5 246.4 333.4 0.9 14 0.4 79.3 430.8 333.5
007780,0.9 14 324.3 70.8 471.5 245.1 0.5 14 266.7 113.5 350.8 253.2 1.0 14 17.1 40.3 256.5 375.0 0.8 14 0.5 41.9 117.5 375.8 0.7 14 265.5 71.1 472.4 254.7 0.7 14 240.4 113.5 456.2 376.0
007782,0.0 0 0.0 0.0 10.0 10.0
007783,1.0 14 212.4 0.8 287.3 80.6 0.9 13 2.8 2.1 483.4 373.8 0.6 13 2.2 2.5 308.9 372.7 0.5 13 64.0 1.0 143.2 77.0 0.6 14 45.5 0.8 81.9 50.7 0.9 13 2.9 16.9 478.6 374.2 1.0 14 297.9 0.2 354.2 100.6
007784,0.7 18 0.2 12.4 498.5 224.8 0.9 18 12.2 11.9 472.0 221.0
007785,0.9 8 389.4 217.9 471.1 366.4 0.5 8 80.1 217.5 181.0 369.6 0.9 8 77.3 207.5 239.8 369.8 1.0 14 86.7 147.5 255.8 359.6 0.9 17 240.4 214.7 479.0 373.6 0.8 8 77.2 208.6 184.7 368.6 0.6 17 242.8 214.0 478.7 350.7 0.5 17 242.4 214.2 398.4 357.6 0.8 8 255.8 309.6 403.9 375.4
007787,1.0 11 47.6 59.0 421.7 275.0
007788,0.0 0 0.0 0.0 10.0 10.0
007789,1.0 14 126.8 124.6 166.6 222.2 0.9 14 180.8 130.1 215.3 219.6 0.6 9 274.0 162.8 298.2 210.1 0.6 14 255.2 155.6 277.1 209.3 0.5 14 256.4 140.5 279.5 209.3 0.7 9 228.4 165.7 253.9 216.4 0.9 14 256.3 139.4 279.1 168.0
007792,0.9 14 125.6 133.4 139.3 165.2 0.9 13 122.2 140.3 139.2 167.6 1.0 14 76.5 150.8 124.4 240.9 1.0 13 72.4 175.8 124.4 266.4
007794,0.5 11 138.7 168.8 294.4 382.2 0.9 11 57.7 184.7 205.7 368.5 1.0 11 58.3 166.3 293.2 380.1
007796,0.9 13 134.4 120.3 498.1 334.6 0.8 6 161.9 190.0 497.9 334.5
007797,1.0 6 70.8 129.3 353.1 332.4 1.0 14 367.7 88.9 462.6 372.8
007800,1.0 6 239.2 180.1 408.5 231.7
007801,0.9 14 186.7 142.5 285.7 374.5 1.0 14 252.1 103.7 301.4 159.8 0.8 14 188.0 143.1 283.3 273.2 1.0 8 79.4 217.2 239.0 376.1 0.8 14 269.6 154.8 323.1 256.8 1.0 10 148.4 242.1 447.0 375.8 0.9 14 270.5 155.7 358.3 257.6 0.9 14 268.1 155.8 356.4 374.3
007802,0.6 7 0.9 10.6 391.8 371.3 0.8 7 0.5 9.8 498.5 374.5
007804,0.9 18 0.9 8.7 498.0 333.3 0.6 18 1.5 10.0 415.4 334.5
007805,0.9 11 129.3 1.5 353.3 374.2
007806,0.6 0 45.7 210.6 374.3 368.2 0.9 0 43.1 212.3 490.0 368.9 0.7 0 225.2 237.1 494.8 370.0
007807,0.9 6 29.1 33.8 454.5 339.2
007808,0.5 8 23.0 86.8 110.2 208.1 1.0 14 196.7 138.2 307.5 374.6 0.9 17 297.3 158.0 498.5 230.1 0.8 17 375.6 158.9 499.7 218.0
007811,0.7 7 349.4 138.7 460.3 375.1 0.9 7 205.9 94.8 247.1 145.7 0.5 14 179.5 36.3 357.2 234.8 0.8 14 51.0 36.7 350.1 368.8 0.9 14 50.2 35.9 455.0 372.5 1.0 7 186.2 205.7 390.4 375.4
007816,0.8 8 77.2 213.8 127.1 332.1 0.9 14 199.2 167.3 236.0 209.6 0.7 19 372.2 110.9 438.4 223.0 0.9 14 149.0 167.7 201.7 222.5 0.5 19 106.6 194.7 160.8 252.2 0.6 14 196.7 168.4 239.6 225.8 0.8 8 270.4 293.1 345.7 332.1 0.8 14 243.4 166.9 301.7 194.0 1.0 8 334.4 109.7 437.7 285.2
007817,1.0 14 2.0 23.1 383.3 478.8 1.0 14 230.5 98.4 474.2 451.5
007818,1.0 6 39.4 135.3 73.9 167.0 1.0 6 87.1 134.2 136.0 167.0 1.0 6 1.0 140.8 39.0 166.0 0.9 6 0.7 179.7 55.5 252.4 1.0 6 143.8 133.3 183.7 164.4 0.9 6 183.1 136.6 221.3 165.4
007822,1.0 14 227.9 112.8 269.5 159.9 1.0 14 180.0 112.9 239.0 231.9 0.8 14 228.7 112.7 269.9 203.0 1.0 14 238.5 131.4 307.6 252.6
007823,0.9 7 47.8 70.5 287.0 369.6 0.9 7 46.8 70.2 360.3 369.9 0.5 7 107.5 72.8 286.6 368.8
007825,1.0 0 25.6 125.5 477.9 252.5
007827,0.9 14 321.8 222.7 499.4 281.3 0.9 14 75.8 198.5 235.7 281.1 0.5 11 1.3 1.5 334.0 280.4
007828,1.0 11 99.5 49.1 290.7 270.9 0.9 8 236.2 -0.5 386.1 208.8
007829,1.0 7 81.4 74.9 330.0 351.0
007830,0.6 14 200.1 32.8 424.0 376.3 1.0 14 202.1 32.2 497.3 375.7
007832,0.9 17 77.4 138.5 364.0 242.0 1.0 8 83.4 163.5 238.6 361.8 0.7 4 113.9 107.5 126.2 140.6
007835,0.9 8 346.5 231.5 499.4 332.6 0.7 6 422.4 22.5 448.8 36.2 1.0 19 134.6 89.4 258.3 197.0 0.8 13 379.7 139.5 499.5 243.5 0.7 8 194.4 236.9 337.9 332.3 0.9 6 384.7 23.6 413.4 39.5
007837,1.0 0 52.0 95.9 490.9 278.6
007839,0.9 6 257.6 0.3 500.9 141.2 0.7 6 55.4 46.4 441.6 318.4
007842,0.9 19 39.5 55.2 398.3 369.8 0.8 19 -0.0 15.2 497.9 377.1
007844,1.0 6 7.3 39.2 397.4 317.1
007846,1.0 14 3.4 3.4 252.2 332.2 0.8 14 2.3 2.7 467.8 331.9 0.7 14 220.0 30.3 471.4 333.3 0.9 14 214.4 2.1 471.3 332.8
007848,1.0 13 200.5 59.0 429.0 338.7
007849,0.5 19 139.8 77.4 165.4 109.1 1.0 14 383.2 163.6 429.1 280.6 0.8 14 440.5 112.1 468.5 184.6 0.7 14 421.7 112.5 465.8 199.4 0.6 19 194.5 81.1 218.9 105.0 0.7 14 420.9 134.0 457.0 200.1 0.9 14 419.3 112.6 466.1 237.3 0.9 14 419.6 133.9 460.0 243.8 1.0 14 385.3 88.8 425.2 168.4 0.8 8 141.0 242.3 240.1 281.3 0.5 8 102.2 233.3 142.8 281.1 0.5 8 44.3 123.7 86.9 179.9
007850,1.0 3 105.7 20.5 474.5 256.6 0.5 3 107.3 168.9 470.4 257.2
007851,0.8 8 425.2 186.8 460.1 254.9 0.8 9 109.8 95.5 331.3 268.3
007852,0.8 18 15.8 171.8 497.5 361.9
007858,0.8 14 301.3 120.5 318.9 155.8 1.0 14 405.9 93.7 458.1 214.0 1.0 14 340.2 97.3 382.0 200.5 1.0 14 315.1 118.3 333.0 168.2 0.7 8 258.9 161.8 396.6 352.0
007860,1.0 1 89.0 186.1 321.1 345.9 1.0 14 140.0 94.9 272.7 298.2
007861,1.0 14 58.8 77.4 77.2 130.2 0.8 18 119.7 25.5 368.5 182.6 1.0 14 45.9 80.2 63.6 131.0
007862,0.6 14 132.5 47.0 260.9 156.1 0.6 17 318.0 118.6 498.6 374.5 0.9 4 426.3 49.8 439.6 87.2 0.8 4 476.8 44.2 496.7 85.2 0.7 14 258.1 98.8 423.8 376.2 0.7 14 121.9 98.8 261.7 349.8 1.0 14 186.4 97.6 290.0 374.4 0.6 14 122.1 97.9 287.1 361.5 1.0 14 38.4 52.7 299.7 316.6 0.9 4 423.6 50.3 437.7 87.7 1.0 14 105.6 46.6 156.3 157.4 1.0 4 458.4 50.2 473.6 89.0 0.9 17 106.9 117.5 497.4 373.0 0.7 14 313.9 101.0 423.1 271.3 0.7 8 54.1 94.9 118.6 217.4 0.7 14 138.7 46.8 212.6 142.8 1.0 14 230.4 83.3 355.9 374.7 0.8 14 246.0 98.8 421.9 376.0 0.6 4 390.6 56.1 401.5 83.2
007866,0.5 13 26.9 0.5 332.5 431.4 0.6 13 26.0 47.0 332.7 436.9 0.9 13 24.7 52.1 274.7 447.3 0.7 13 25.9 46.2 332.1 463.6
007867,1.0 7 1.1 49.3 497.7 284.2
007870,0.9 14 8.0 232.2 21.1 263.7 1.0 0 94.0 159.9 301.3 243.1 0.9 14 215.7 236.8 228.2 265.4 0.7 0 91.3 161.9 223.6 236.9 0.7 14 79.9 222.5 94.8 264.8 0.8 0 89.0 160.1 422.7 261.1 0.8 0 4.9 159.2 421.7 260.8 0.7 0 1.6 189.9 94.0 243.5
007871,1.0 14 90.9 99.1 327.1 375.2 0.9 4 24.6 333.1 76.9 374.9 1.0 14 22.5 75.1 203.7 376.0 0.9 14 1.2 165.4 72.2 300.5 1.0 14 250.1 60.4 497.3 374.4
007874,1.0 14 123.2 92.2 179.5 215.5 0.6 14 124.2 92.6 177.0 176.4 1.0 12 161.2 19.3 319.2 324.5 0.7 12 68.8 20.8 318.8 320.4 0.7 1 67.3 134.7 307.1 314.4
007875,0.5 11 43.3 27.1 336.5 470.9 0.8 11 0.4 5.8 412.3 458.0 0.6 11 0.2 29.4 299.5 466.6 0.9 11 0.4 13.2 334.6 468.9
007879,0.0 0 0.0 0.0 10.0 10.0
007880,1.0 7 34.2 56.3 439.8 265.7
007881,0.9 18 13.4 32.3 472.2 279.5
007882,0.7 14 42.0 67.1 63.1 108.8 1.0 6 424.7 83.5 499.9 175.1 0.8 14 211.5 51.3 225.4 81.8 1.0 14 73.4 55.4 93.4 97.3 0.8 14 401.7 59.9 417.2 94.5 1.0 14 160.0 53.2 180.1 94.9 0.8 14 234.3 54.8 251.3 96.1 1.0 6 51.5 90.4 458.5 263.4 1.0 14 42.4 55.3 67.4 109.6
007887,0.8 14 1.5 0.9 199.4 246.8 0.9 14 310.8 0.3 499.3 128.8 1.0 14 1.6 3.0 273.5 324.6 0.7 14 309.8 0.5 419.4 123.5
007888,0.5 7 0.9 165.1 84.7 248.0 0.5 14 71.1 72.1 224.4 246.3 1.0 14 78.7 69.7 207.7 238.3 1.0 14 260.0 59.8 426.2 235.6
007891,0.9 14 59.9 19.0 313.2 370.5 1.0 14 143.1 19.4 314.8 357.3
007892,1.0 14 178.1 95.2 298.3 479.8
007893,0.7 2 374.4 281.7 456.2 342.4 1.0 2 376.4 282.2 429.5 341.4
007894,0.9 16 273.8 133.2 333.5 188.3 0.9 16 133.0 182.7 302.8 319.8 0.9 16 19.2 143.7 102.9 233.9 0.9 16 338.3 136.6 420.2 191.7 0.9 16 284.9 199.9 473.3 346.8
007895,1.0 14 1.4 55.7 284.3 374.6 0.6 11 335.8 32.5 500.2 375.1
007896,1.0 8 42.3 199.6 169.1 333.2 1.0 14 202.9 62.1 244.5 147.3 1.0 14 317.9 96.4 479.3 332.6 1.0 8 344.2 192.4 483.4 332.9 1.0 14 281.8 71.9 364.8 156.3 1.0 14 88.1 84.3 200.0 194.0 0.9 8 14.4 114.7 61.4 198.8 0.5 14 113.1 83.8 201.0 226.6 1.0 14 132.8 82.3 191.4 162.6 1.0 14 228.5 70.6 283.5 153.9 1.0 14 46.9 111.3 223.7 332.9 1.0 10 137.9 139.8 380.6 260.4 1.0 14 308.3 84.2 426.0 331.5 0.7 14 288.6 74.8 365.5 298.5 0.6 14 340.0 86.1 423.6 273.2 1.0 8 222.4 210.8 314.2 333.0
007903,0.6 14 362.2 106.2 499.5 251.6 1.0 14 0.4 71.7 182.0 375.2 0.5 14 0.3 71.6 145.5 375.6 1.0 17 98.8 143.6 497.8 374.7 1.0 14 357.1 104.9 458.8 253.5
007904,1.0 14 324.4 117.8 349.1 179.9 0.9 14 161.0 125.3 174.4 158.6 0.8 8 402.0 187.7 463.9 338.4 1.0 14 414.5 110.1 445.8 172.2 0.8 14 54.5 137.3 67.4 165.4 1.0 14 92.5 127.0 139.8 249.7 0.8 14 131.4 128.5 145.1 159.8 0.8 14 145.9 128.1 158.0 159.6 0.5 6 265.4 233.4 470.5 374.3 1.0 14 346.1 115.8 373.8 176.9
007906,0.8 6 206.8 16.5 261.1 58.8 1.0 6 393.4 25.7 444.4 57.6 1.0 6 318.0 23.0 406.8 60.0 0.7 6 259.9 10.6 294.1 48.8 0.9 6 470.2 43.0 499.7 109.1 1.0 6 2.8 9.1 230.5 153.9 1.0 6 418.2 29.6 491.1 71.3 1.0 6 283.9 15.0 348.3 50.9 1.0 6 65.1 65.6 479.8 282.8
007907,0.5 9 36.7 68.4 263.4 190.8
007912,1.0 14 410.2 184.8 453.3 289.1 1.0 5 89.6 77.5 497.9 292.3
007913,0.7 8 58.4 244.1 150.5 375.4 1.0 14 18.0 93.4 126.3 375.8 0.7 8 319.5 159.5 453.5 320.5 0.7 10 196.2 247.8 498.9 376.4 1.0 14 220.3 91.9 341.6 268.7
007917,0.7 14 297.9 86.3 500.1 374.7 0.8 14 194.2 57.2 359.6 308.7 1.0 14 20.5 112.6 228.3 376.0 0.7 4 315.3 246.2 352.5 355.1 0.9 14 191.3 57.5 361.1 375.1 0.5 14 139.2 92.8 498.0 375.4 1.0 14 296.0 87.3 499.8 374.7
007918,1.0 1 1.0 277.7 72.4 360.2 0.8 1 412.8 229.1 443.7 271.5
007922,0.8 2 225.6 204.8 248.3 251.8 0.9 2 217.2 245.9 283.5 312.0
007927,0.7 14 485.8 111.0 500.0 163.9 1.0 14 453.9 114.5 496.4 179.6 0.7 6 -0.5 65.8 162.3 236.0 0.8 14 483.1 111.7 500.0 179.5 1.0 6 141.1 73.2 480.4 321.0
007929,0.6 14 149.8 139.9 232.3 348.7 1.0 14 182.7 178.6 280.1 462.5 1.0 14 323.9 151.3 473.3 467.2 1.0 14 82.1 176.0 173.3 417.7 1.0 14 140.6 140.5 230.3 409.7 1.0 14 321.2 151.8 419.7 416.7 1.0 14 252.7 140.7 348.9 448.4 0.8 14 253.6 139.8 474.3 464.5
007930,0.0 0 0.0 0.0 10.0 10.0
007934,0.8 2 0.8 152.3 317.8 465.0 0.7 2 25.4 152.2 317.8 438.3 0.7 2 32.1 152.7 317.2 363.9
007936,0.7 2 28.9 67.1 295.1 251.4 0.8 2 22.5 61.1 473.9 447.8 0.8 2 164.6 276.9 344.5 450.3 0.6 2 236.4 59.9 476.4 447.2
007937,0.6 4 371.6 234.1 385.6 273.5 1.0 8 29.3 227.1 185.2 375.7 0.9 15 284.8 43.6 403.3 250.6
007938,0.8 7 103.9 59.6 356.9 177.2 0.9 7 23.1 129.5 367.8 286.2 0.9 7 19.8 128.3 304.5 274.1 1.0 7 294.5 79.9 441.6 222.4
007941,0.9 11 0.3 2.1 383.3 496.2
007942,1.0 14 350.1 151.1 427.2 323.5 1.0 14 328.5 64.0 401.4 174.6 0.8 12 98.2 29.1 248.1 256.1 1.0 12 53.9 29.1 245.5 255.6 1.0 14 308.6 148.2 417.7 325.7
007944,1.0 5 17.4 30.0 498.2 195.4
007945,1.0 18 93.6 113.4 425.0 276.5
007948,1.0 6 79.3 120.2 486.4 257.7
007949,0.8 5 180.5 175.9 289.9 303.8 1.0 6 389.0 187.0 485.3 278.4 0.8 5 1.1 160.1 195.1 355.2 0.6 5 277.9 176.9 396.5 295.3
007951,1.0 14 469.0 150.9 494.8 209.4 1.0 5 1.3 1.4 480.1 263.7
007952,0.8 3 220.4 87.5 329.4 303.9 0.9 3 219.5 271.6 329.1 304.1
007955,0.7 14 1.4 2.1 459.3 374.7 0.7 14 0.7 3.7 401.9 373.9 0.6 14 0.5 32.5 87.9 375.1 0.8 14 77.8 4.7 404.8 365.4 0.6 14 87.9 116.6 395.7 368.5
007957,0.6 14 71.5 142.3 133.0 262.2 1.0 14 83.3 91.8 233.2 332.0 0.6 14 67.5 142.5 133.6 330.9 1.0 14 1.1 134.8 133.1 331.1 0.9 14 95.5 35.8 388.9 331.9 0.9 14 189.5 35.5 391.2 332.2
007960,1.0 6 78.0 144.7 465.1 273.4
007961,0.8 6 396.4 170.8 499.2 262.7 0.8 6 397.8 175.3 499.1 257.2 0.8 6 52.2 162.1 131.1 216.0 1.0 14 159.9 127.5 240.2 332.7 0.8 6 319.3 161.5 437.9 197.9 0.8 6 225.3 201.3 497.6 332.5
007962,0.9 7 76.1 168.7 195.4 296.7 0.8 7 76.6 168.0 202.7 376.2 0.9 17 1.1 23.6 497.3 375.0 1.0 14 181.1 176.2 296.5 374.1
007965,1.0 14 355.9 121.9 390.6 154.7 1.0 14 22.7 85.7 276.1 501.0 0.8 14 23.4 89.2 355.4 500.9 0.5 1 256.0 95.3 294.2 143.6 0.6 14 213.5 129.2 352.2 374.5 0.9 14 184.3 127.6 355.0 500.7
007966,1.0 14 116.1 91.3 247.9 350.4 1.0 14 226.4 103.8 344.5 349.7
007967,1.0 6 192.8 50.5 324.7 118.7 1.0 14 63.4 17.8 122.6 203.2 0.9 6 226.7 48.4 325.2 115.6 1.0 6 401.5 67.8 474.1 114.2
007969,0.7 14 209.8 141.9 223.7 166.6 1.0 14 343.6 146.6 363.3 202.9 1.0 11 112.6 310.4 163.1 399.6 1.0 14 303.9 152.5 320.5 193.1 1.0 14 135.1 118.0 211.9 374.8 1.0 14 47.9 182.2 116.9 421.1 0.9 11 211.1 326.0 257.7 424.1 1.0 14 215.1 122.0 315.8 383.9
007972,0.7 12 2.4 66.3 269.2 282.7 0.9 14 106.7 58.1 230.6 151.4 0.8 12 2.5 55.9 276.5 280.6 0.9 12 261.2 54.3 474.2 263.8 0.9 14 304.6 37.6 402.9 144.9
007973,1.0 0 38.1 114.8 388.0 205.8
007975,0.9 14 381.0 201.2 458.8 285.3
007977,0.6 14 77.8 73.7 418.3 374.9 1.0 14 78.2 17.9 498.4 372.0
007978,0.6 6 1.5 178.0 404.2 332.5 1.0 13 255.1 143.6 317.8 228.4 1.0 14 249.3 104.9 330.0 204.8
007981,0.7 14 2.5 92.9 377.1 333.3 1.0 14 1.6 93.5 455.5 332.8 0.5 14 100.0 91.7 458.5 332.8
007982,0.7 19 214.3 98.7 262.3 152.2 0.7 19 45.7 88.2 110.0 147.0 0.9 8 254.1 149.3 333.6 217.4 0.9 8 85.9 142.5 164.6 190.9 0.8 8 81.4 155.6 260.4 233.8
007983,1.0 14 34.9 89.6 135.4 294.3 0.7 13 -0.2 90.4 286.5 440.1 0.7 13 0.1 123.7 287.6 441.5 0.9 14 217.4 108.2 242.2 175.9
007985,0.6 0 0.7 2.6 498.6 299.4 1.0 14 225.4 104.2 304.0 329.5
007986,0.7 14 45.4 63.2 279.2 500.7 1.0 14 103.6 62.8 284.5 500.1 0.5 14 244.7 296.2 282.4 362.0
007988,1.0 14 119.1 321.7 163.1 374.6 0.5 7 -0.1 117.5 130.3 375.8 1.0 14 259.6 26.0 499.7 374.7
007989,0.9 8 254.7 151.6 332.9 502.9 0.9 10 0.5 241.1 306.4 498.1
007990,0.0 0 0.0 0.0 10.0 10.0
007992,0.6 14 17.6 29.5 34.4 58.9 0.8 14 40.7 29.0 55.9 66.4 1.0 6 219.3 126.5 344.6 216.8
007993,1.0 0 2.7 94.2 483.1 250.1
007994,0.8 14 88.1 144.2 174.1 270.2 0.7 14 216.1 148.2 259.7 266.8 1.0 14 450.9 139.2 498.3 270.3 1.0 14 396.2 149.6 442.2 266.0 0.8 14 197.6 130.2 231.1 211.0 1.0 14 344.4 146.1 405.8 291.3 1.0 14 86.9 144.8 121.7 269.6 0.6 14 457.9 166.4 495.5 270.1
007995,1.0 0 22.4 113.2 440.9 217.3
008000,0.9 2 148.7 103.6 170.3 151.2 0.5 9 106.4 142.5 231.1 299.2 0.5 9 250.0 202.4 389.9 303.0
008003,0.7 14 171.9 5.9 371.0 195.9 0.9 13 11.4 77.0 487.5 291.6 0.9 13 13.2 6.2 486.3 287.1 0.9 13 12.1 31.4 487.5 289.5 0.7 14 167.0 10.9 376.2 262.4
008006,1.0 6 26.6 270.5 142.1 344.9
008007,0.6 4 449.2 1.0 499.6 133.3 1.0 1 135.0 3.1 460.2 310.2
008010,0.9 12 214.2 79.3 350.7 214.7 0.9 14 250.6 65.4 345.1 192.7 0.6 15 0.9 50.2 47.6 259.3 0.6 15 325.3 83.8 433.0 315.0 0.7 14 249.2 65.3 360.6 191.4
008011,0.9 7 67.6 20.8 251.8 251.0 0.8 7 56.1 20.6 247.9 250.5 0.9 7 24.1 19.2 257.5 251.1 0.6 7 22.5 18.0 483.2 304.8
008013,0.9 8 54.1 177.6 195.1 373.4 0.6 14 182.4 81.4 281.9 373.3 0.9 14 138.7 81.8 282.2 375.4 0.9 14 165.5 81.5 283.0 373.8
008014,0.9 14 233.1 14.5 375.0 245.8 0.7 10 0.5 211.7 374.1 501.5 0.9 14 181.4 1.7 283.0 174.0 0.7 14 182.7 14.7 375.5 253.7 0.7 14 225.8 14.8 375.3 500.0
008015,0.6 2 198.1 94.3 500.4 376.6 1.0 2 201.5 94.7 308.4 272.4
008016,0.5 0 4.1 144.8 119.0 179.1 0.9 0 117.5 81.6 451.5 209.9 0.9 0 3.6 82.3 453.2 210.8 0.8 0 10.4 143.4 133.6 186.4 0.6 0 180.5 81.5 452.5 208.5
008018,0.9 14 151.4 103.0 323.2 335.7 0.5 14 2.7 103.5 316.6 337.7 0.6 14 151.8 103.5 323.1 291.7 0.7 14 1.0 105.7 498.2 338.0 0.8 17 1.0 117.4 408.4 337.7 0.8 14 151.3 103.2 497.6 335.4 0.6 14 190.9 104.5 498.3 338.0
008020,1.0 6 10.8 203.1 132.0 291.0
008021,0.6 13 63.3 8.8 337.5 498.6 0.9 13 64.5 22.1 263.9 500.7
008022,1.0 14 159.9 92.4 281.0 332.8 1.0 14 1.2 24.0 272.9 332.8 0.6 14 1.3 23.5 211.1 332.7 1.0 14 289.2 8.3 500.0 332.3
008025,0.6 11 71.0 67.7 270.4 248.4
008027,0.9 12 29.5 260.7 138.2 497.9 1.0 14 1.6 118.2 170.9 411.7
008028,0.5 2 290.7 180.2 362.7 241.7 1.0 2 84.3 118.6 242.4 241.9
008030,1.0 6 92.3 75.0 379.1 234.9
008034,0.5 13 442.2 27.7 492.6 69.4 0.9 13 50.9 59.5 231.9 210.8 1.0 14 102.3 39.9 223.9 204.1 0.7 13 222.8 119.9 358.7 234.0 1.0 13 225.5 72.1 413.8 234.2 1.0 14 254.6 42.1 413.7 228.5
008035,1.0 14 133.8 356.2 160.4 380.6 1.0 14 13.5 361.9 42.4 442.7 1.0 6 307.1 367.1 374.8 473.9 0.5 14 122.0 356.0 137.6 380.2 1.0 14 217.1 381.9 240.0 425.8 0.8 14 97.4 336.4 111.3 368.5 1.0 14 54.4 362.7 71.0 389.5 0.8 14 31.3 356.8 48.8 397.6 1.0 14 55.6 205.4 77.9 259.2 0.6 14 81.2 337.8 92.9 369.8 0.5 14 130.3 357.8 164.9 473.8 0.9 5 108.7 306.9 317.7 366.5
008038,1.0 14 193.1 140.6 266.3 375.0 1.0 19 10.7 59.9 157.6 334.1 1.0 14 131.4 122.5 211.5 376.0 1.0 14 255.7 136.1 311.2 374.6 1.0 14 297.7 124.6 384.6 374.5
008039,1.0 15 320.4 223.0 341.3 257.8 1.0 15 121.5 179.0 171.6 267.5 0.7 8 172.3 225.9 205.8 267.9 0.7 10 144.6 162.1 246.2 259.8 0.8 8 243.5 229.0 294.9 262.6 0.9 15 232.5 199.1 278.1 256.7 1.0 14 44.2 189.4 81.5 297.4 0.7 8 283.5 223.8 314.3 259.9
008041,1.0 14 0.8 124.5 282.2 498.1 0.7 14 1.9 124.6 371.3 498.9
008045,0.8 14 251.1 15.6 344.3 98.2 0.5 14 73.0 0.5 132.8 54.9 1.0 10 18.6 46.1 465.6 379.9 0.5 14 336.1 1.6 499.7 157.7
008046,0.7 1 0.5 255.3 19.3 316.0 1.0 14 232.1 157.8 329.6 361.6 1.0 14 207.7 202.0 246.6 257.7 1.0 1 77.1 232.1 161.9 305.8 1.0 14 0.6 219.2 22.3 275.0 1.0 14 99.5 189.1 149.9 295.8 1.0 14 0.5 219.1 22.8 305.4 0.6 14 257.1 159.0 328.1 350.0 1.0 1 174.1 216.2 329.3 356.1 0.8 1 196.6 225.3 230.3 264.3
008047,0.7 6 121.7 0.3 176.2 99.8 0.7 6 251.7 23.6 375.6 372.2 0.9 3 58.8 150.6 191.6 229.3 0.5 19 90.1 256.2 284.2 475.4 0.9 6 25.6 55.9 64.5 83.9 0.8 6 94.3 0.4 134.5 67.2 1.0 6 145.3 0.2 324.6 179.0 0.8 6 252.9 26.6 375.1 296.1
008050,0.6 8 0.3 296.5 236.7 375.2 0.9 19 195.4 147.2 364.8 236.6 0.7 19 0.6 187.8 52.5 257.5 0.6 8 1.7 309.7 233.4 374.6 0.7 19 192.5 148.3 279.2 230.6 0.9 19 105.6 136.4 172.4 205.5 0.6 4 297.1 161.3 328.6 220.4 0.7 14 293.7 183.4 339.1 222.2
008052,1.0 14 201.1 40.8 241.8 151.4 0.7 14 6.4 0.8 175.9 144.0 0.5 14 56.6 1.2 173.6 143.5
008054,0.6 8 55.5 1.6 152.7 159.0 1.0 11 5.4 89.2 481.1 295.8
008055,0.9 0 271.3 119.5 290.6 132.9 0.9 0 246.9 121.4 267.0 135.7 0.7 0 317.8 143.2 337.5 157.2 0.8 0 259.7 136.4 278.1 152.7 0.9 0 297.7 112.9 317.7 126.9 0.8 0 306.8 129.1 326.1 142.4 0.8 0 293.3 149.3 312.0 164.2 0.8 0 318.6 71.9 339.0 85.6 0.8 0 308.2 91.4 328.8 105.7
008056,0.5 0 161.4 156.6 497.4 329.3 0.9 0 161.6 -1.1 498.4 347.7
008058,1.0 14 364.2 291.2 497.7 375.4 1.0 14 0.6 53.4 123.8 374.8 1.0 14 158.7 70.3 275.8 375.3 1.0 14 357.7 71.3 476.4 356.2
008059,1.0 14 119.9 15.3 184.4 135.1 1.0 12 114.6 48.4 202.3 202.9
008065,0.0 0 0.0 0.0 10.0 10.0
008066,0.6 2 144.6 157.4 184.0 252.7 0.8 3 0.3 166.2 331.9 332.3 0.7 2 266.1 37.7 373.5 207.8
008070,0.7 14 98.0 140.9 117.8 172.7 0.8 14 10.5 134.5 58.8 317.6 1.0 14 0.8 32.4 341.4 499.3 0.5 14 9.8 133.4 76.6 319.7 0.5 14 63.5 129.4 92.0 163.0 0.6 14 15.6 136.5 41.9 164.3
008071,0.9 15 0.6 0.4 170.7 490.1 0.8 11 90.5 310.5 282.7 451.9
008073,0.9 8 303.4 275.0 439.1 375.3 0.6 8 163.6 205.3 256.7 375.0 0.6 19 156.4 113.8 275.7 222.7 0.8 8 162.1 206.5 295.4 375.2 0.9 8 48.8 228.8 141.7 375.6 1.0 14 96.6 56.1 159.4 308.7 1.0 10 192.6 212.4 477.0 375.6 0.5 10 198.8 218.8 472.8 331.5
008074,1.0 14 62.1 184.7 105.0 331.4 1.0 14 23.5 191.9 68.2 332.5 1.0 14 108.1 128.1 270.8 397.4 1.0 1 63.5 253.2 311.5 456.0
008077,1.0 14 327.3 97.4 499.6 374.7 1.0 14 272.8 160.0 411.4 344.8 0.5 17 0.6 122.0 400.8 375.9 1.0 14 0.8 112.5 133.5 371.7 0.9 17 0.7 115.5 498.9 375.6 0.8 14 239.6 159.5 410.8 374.2
008078,0.7 11 245.4 261.9 368.6 350.2
008080,0.7 16 72.5 194.5 291.6 361.6 0.7 16 1.0 67.3 346.0 225.2 0.8 16 183.8 194.2 292.7 372.2 0.8 16 278.1 208.0 375.9 313.0
008081,1.0 14 297.9 8.3 320.1 49.3 0.6 14 305.7 9.8 327.3 48.7 1.0 14 56.5 1.4 114.4 130.5 0.7 14 389.9 15.1 415.9 75.5 1.0 14 440.2 40.5 477.3 172.4 0.8 14 281.0 5.1 299.0 49.2 0.6 14 370.6 14.9 392.9 75.1 1.0 14 430.5 7.0 467.8 61.7 0.5 14 383.4 29.1 419.5 135.7 0.7 14 384.7 23.8 416.5 95.7 1.0 14 115.0 1.0 167.5 119.8 0.6 14 425.2 6.4 444.8 42.5 0.6 9 63.9 126.4 297.4 285.5 1.0 14 400.9 31.6 437.9 175.2 1.0 14 324.2 16.0 358.4 70.0 0.6 14 387.7 15.6 412.2 70.2 0.9 14 336.2 15.2 362.5 76.7
008088,0.9 6 0.7 224.6 30.2 260.8 1.0 5 52.8 2.7 498.7 373.9 0.7 14 348.1 207.2 383.4 260.0
008089,0.7 7 341.6 90.5 497.3 315.0 0.8 4 402.4 0.6 453.2 28.2 1.0 7 339.4 91.1 443.6 262.3
008090,0.5 9 432.3 153.6 480.1 197.9 0.7 16 360.1 131.2 388.7 152.1 0.6 16 10.7 122.9 44.3 147.5 0.9 9 123.8 172.6 353.9 343.6
008092,0.9 18 411.6 113.9 499.7 245.9 0.5 18 208.6 120.6 388.6 225.1
008094,0.0 0 0.0 0.0 10.0 10.0
008097,1.0 2 165.6 62.3 349.8 266.7 1.0 2 165.8 63.0 350.0 318.6 0.6 2 324.5 111.1 424.7 215.6
008099,0.9 3 46.1 115.5 88.5 243.8 1.0 3 141.8 10.5 217.0 275.2 1.0 14 154.5 226.6 185.8 265.3
008102,0.9 11 87.1 140.7 218.6 287.7 1.0 14 226.1 113.8 334.6 288.1
008104,0.8 6 1.0 188.3 92.6 226.8 1.0 14 409.2 190.7 449.3 312.1 1.0 14 231.9 199.0 264.2 283.6 1.0 14 446.4 191.0 474.7 260.6 0.7 14 428.7 186.5 447.0 212.9 0.7 0 2.2 79.6 456.8 282.5 1.0 14 354.1 193.1 376.6 303.0 1.0 14 464.4 193.5 495.4 273.1 1.0 14 367.4 188.2 400.6 311.7 0.9 14 339.4 193.1 361.3 262.9
008109,0.5 12 70.7 131.4 163.8 311.9 1.0 12 70.2 129.9 264.8 311.9 0.9 12 249.9 130.6 450.5 271.8
008110,1.0 8 296.2 118.6 374.5 253.7 0.6 17 44.3 123.0 295.8 376.2 1.0 14 62.9 144.7 237.9 457.8 0.6 8 46.0 125.5 258.7 377.5
008111,1.0 14 78.1 190.1 174.6 478.5 0.9 9 16.2 40.1 178.8 297.2 1.0 14 232.8 89.9 340.6 458.1
008113,0.9 8 287.0 132.3 366.8 289.4 1.0 8 204.1 146.7 289.7 306.4 0.8 10 154.5 135.8 315.9 203.9 0.9 8 115.0 135.4 209.4 286.1 0.8 8 117.5 190.6 212.6 291.7 0.9 10 154.9 139.2 317.3 300.6 1.0 8 284.7 131.3 366.7 272.3
008114,1.0 6 381.7 170.9 466.0 216.6 0.7 19 350.0 41.3 498.7 256.8 1.0 17 88.1 189.7 413.4 358.1
008118,1.0 2 105.9 164.4 281.9 260.7 1.0 2 279.0 176.6 486.9 285.8
008119,0.7 8 155.5 171.9 281.4 237.3 0.7 8 173.9 397.2 257.9 477.1
008120,1.0 14 0.9 186.9 79.3 437.1 0.8 14 64.0 66.4 324.1 434.0 0.7 14 200.1 65.2 325.7 436.0 1.0 14 228.6 207.7 368.6 434.5 0.7 14 204.9 67.5 376.4 435.1
008123,0.7 2 320.9 107.0 380.6 151.4 0.5 2 249.6 188.8 377.3 273.9 0.9 2 197.7 130.6 305.9 179.6
008124,1.0 14 314.5 38.9 364.6 212.2 1.0 12 219.9 78.8 498.4 296.7
008126,0.6 14 193.3 163.7 215.1 183.7 0.8 14 290.7 26.1 406.6 185.1 1.0 14 142.4 158.7 186.4 198.4 0.9 6 88.6 167.7 441.9 330.1 0.7 6 88.4 162.7 498.8 333.0 0.8 14 289.5 25.7 500.0 316.1
008128,1.0 14 94.9 39.7 222.4 255.7 1.0 1 84.9 89.3 345.2 298.4
008129,1.0 6 88.9 127.9 332.7 318.6
008131,1.0 14 79.4 81.6 249.2 375.9 0.9 8 303.3 261.6 451.7 375.4 1.0 14 293.1 42.6 500.2 370.8
008133,0.9 6 98.3 137.2 413.3 345.6 1.0 6 187.9 160.9 414.4 344.7
008134,1.0 4 170.9 1.8 217.8 145.8 0.9 4 219.0 198.3 265.9 320.2 1.0 4 374.2 194.8 419.3 317.5 0.9 4 379.5 17.1 428.6 92.2 1.0 4 319.8 195.6 366.6 317.0 1.0 4 423.4 19.0 474.4 147.8 1.0 4 118.3 195.9 162.2 317.9 1.0 4 419.8 194.0 470.4 320.2 0.6 4 321.8 14.9 372.4 86.3 1.0 4 276.5 16.5 321.9 146.1 0.9 4 166.8 204.1 213.0 317.4 1.0 4 16.0 6.2 72.4 147.3 1.0 4 17.6 194.1 70.4 324.4 0.6 4 177.1 1.3 221.0 87.9 1.0 4 219.6 6.1 266.9 146.0 1.0 4 124.0 9.6 169.0 137.4 1.0 4 71.3 6.4 124.6 143.1 1.0 4 67.6 191.7 116.7 317.8 1.0 4 266.8 184.0 313.2 308.2 1.0 4 378.3 17.6 429.3 149.7 1.0 4 322.5 15.7 372.6 144.3
008135,1.0 6 471.1 22.6 499.8 68.4 1.0 6 3.5 2.2 474.4 373.9
008136,1.0 6 21.6 112.0 464.9 337.0
008143,1.0 6 218.9 181.9 348.9 255.0 0.6 5 329.5 154.8 475.7 237.4
008145,0.9 3 212.2 279.7 400.8 355.6 0.6 3 1.9 192.9 340.6 314.4 0.7 3 0.4 217.0 150.9 325.0 0.9 3 0.2 198.8 404.2 355.7 0.6 3 215.6 282.4 403.1 355.5
008146,1.0 14 148.4 381.8 172.6 469.6
008147,0.9 12 51.4 50.9 181.3 164.1 1.0 14 108.7 32.5 184.6 124.8 0.8 12 50.3 50.3 234.5 202.7 1.0 12 50.2 50.1 236.6 163.9
008148,1.0 2 129.2 34.2 378.9 375.2
008149,0.9 11 6.9 23.4 396.7 374.3
008152,0.9 6 0.9 91.8 71.4 199.3 1.0 14 426.3 89.0 452.9 158.7 1.0 14 9.3 87.9 50.0 212.7 1.0 6 75.2 83.5 455.4 327.3 1.0 14 214.7 44.6 341.0 373.6
008153,0.9 10 0.9 269.8 373.8 501.6 0.9 8 8.5 275.4 53.9 329.3
008154,0.9 18 0.9 120.5 498.8 263.4
008155,0.6 19 0.7 48.8 60.0 214.9 0.9 15 334.0 187.1 370.1 224.6 1.0 17 1.1 221.1 219.1 461.4 0.5 10 208.7 293.3 315.7 429.9
008156,0.9 15 62.5 140.9 192.9 315.4 1.0 8 1.0 4.4 66.8 104.4 0.7 15 231.6 133.2 265.0 214.1 0.6 15 229.7 99.8 264.9 215.4 0.5 10 92.4 168.3 265.0 402.2
008157,0.6 14 351.5 87.2 375.4 124.7 1.0 14 411.1 108.4 490.1 326.4 0.9 14 357.2 66.3 447.9 220.5 0.6 9 3.0 7.6 267.0 263.7 0.9 14 358.5 67.5 447.2 319.5 1.0 14 263.8 88.9 409.2 330.8 0.6 14 261.7 86.8 483.9 327.0
008158,1.0 6 0.1 83.8 196.8 375.5
008161,0.7 6 0.7 169.2 67.9 268.9 1.0 6 63.2 250.9 234.3 366.6 0.9 6 321.1 275.6 362.9 303.7 1.0 6 142.6 115.5 360.9 188.5 0.9 6 0.7 193.0 53.5 270.2 0.7 6 31.2 171.4 375.2 423.0 1.0 6 254.1 265.3 322.1 317.0
008162,0.6 17 132.6 104.1 350.6 195.8 0.6 4 62.5 96.5 104.7 167.4
008165,0.8 6 427.1 83.7 498.6 110.2 0.9 6 -0.1 72.4 353.1 293.6 0.8 6 316.2 86.5 499.7 189.1 0.6 6 323.3 86.7 500.3 255.9
008167,0.6 2 300.6 153.8 332.9 173.7 1.0 15 117.6 207.7 172.6 268.1
008170,0.8 14 231.4 64.5 256.2 100.4 0.6 14 296.9 102.3 392.0 247.0 0.7 14 299.8 102.2 392.1 161.6 1.0 14 7.0 2.2 221.3 374.9 0.6 14 109.8 71.4 152.1 110.5 0.9 14 303.0 100.9 390.3 331.0 0.9 14 169.8 68.4 195.5 95.1 0.6 14 241.7 1.1 378.6 334.6
008172,0.8 14 62.9 13.3 279.4 488.7 1.0 14 63.5 12.1 477.2 488.1 0.7 11 197.6 131.1 446.0 427.7 0.8 11 194.5 128.8 476.7 447.8
008176,1.0 11 107.9 137.4 293.8 320.5
008178,0.6 7 306.7 127.5 384.1 234.8 0.6 11 347.9 59.5 447.1 127.8 0.8 14 73.3 32.3 439.0 276.0 0.7 8 80.8 27.4 459.2 375.6
008179,0.8 8 43.0 156.8 134.2 228.0 1.0 19 87.4 2.5 379.0 226.4
008181,0.0 0 0.0 0.0 10.0 10.0
008182,1.0 7 68.0 125.1 452.1 248.9
008183,1.0 14 55.8 21.2 144.4 274.5 0.6 12 6.3 52.2 272.7 286.3 0.9 12 13.5 65.7 234.9 283.8 0.6 12 12.3 51.3 271.3 283.4
008184,1.0 8 106.0 368.9 210.7 500.2 1.0 10 98.7 333.9 251.0 490.4 0.7 8 178.3 171.4 246.8 470.7
008185,0.8 8 22.6 24.1 326.5 306.4 0.6 8 8.4 25.0 312.2 476.8
008187,0.9 16 51.7 161.4 195.6 319.7 0.6 16 174.7 88.4 311.3 283.9 0.8 16 210.2 89.0 305.3 174.3 0.9 16 1.0 93.0 179.8 288.4 0.6 16 178.8 40.1 469.8 283.7 0.9 16 280.1 42.1 468.3 257.6 0.7 16 209.8 88.3 308.8 282.0
008192,0.7 16 389.1 145.9 499.6 337.2 0.5 16 419.5 169.1 498.9 340.5 1.0 14 169.5 57.4 279.6 273.6 0.9 16 230.3 176.5 374.2 322.6
008193,0.0 0 0.0 0.0 10.0 10.0
008194,1.0 18 28.6 141.0 422.8 325.7 0.5 14 442.5 287.4 462.1 319.2
008195,0.8 14 39.5 0.9 279.5 286.8 0.8 13 286.6 14.1 374.0 54.5 0.9 14 11.6 1.8 288.3 375.5 1.0 6 1.1 21.2 55.0 72.1 0.7 14 4.5 2.1 391.6 375.9 0.9 13 1.0 78.0 498.8 377.6
008196,1.0 14 158.9 105.9 297.3 253.3 0.7 8 148.2 116.5 206.6 208.6 0.7 14 0.9 89.0 88.1 275.9 0.9 17 201.8 103.2 466.3 227.1
008198,0.6 10 2.0 1.8 496.5 332.3 0.9 10 0.5 27.1 497.0 333.2
008201,0.9 11 69.6 73.6 181.7 189.3 0.9 11 1.1 180.4 190.9 374.5 0.9 11 222.2 236.8 499.2 375.8 0.9 11 268.6 47.7 498.2 282.7
008205,1.0 14 141.0 23.7 178.7 131.8 1.0 12 87.0 68.5 226.4 182.1
008206,0.6 15 1.2 33.7 185.8 329.3 0.9 15 127.3 33.3 298.2 352.2 0.7 15 134.4 35.9 266.5 238.1
008207,1.0 14 162.7 39.4 237.2 194.9 1.0 14 226.6 265.0 285.5 346.3 1.0 14 300.3 307.4 363.9 396.3 1.0 14 341.3 242.5 478.6 398.2 0.9 14 9.5 92.2 137.7 230.8 0.9 14 300.6 36.8 398.3 288.1 0.6 14 275.4 270.1 367.2 394.6 0.7 14 164.8 38.2 237.5 150.5 0.7 14 145.9 269.7 228.3 391.3 1.0 14 375.0 17.1 493.2 195.7 1.0 14 145.0 267.7 311.0 404.1 1.0 14 210.7 43.6 355.5 197.7 1.0 14 103.9 51.3 172.2 193.6 1.0 14 3.8 242.8 163.5 402.0 0.7 14 4.6 91.0 137.7 397.9 0.9 14 275.2 269.1 365.5 359.6 0.7 14 356.4 17.6 498.0 369.5 1.0 14 273.8 270.6 334.3 359.6 0.5 14 224.7 263.7 313.2 394.0 1.0 14 300.9 36.3 399.1 195.5
008210,1.0 10 1.7 245.1 288.5 375.3 0.9 8 264.8 244.3 329.2 324.2 0.9 8 173.3 226.2 217.1 263.5 0.9 8 230.1 316.0 318.0 375.6
008212,0.7 5 159.6 205.4 232.7 245.5
008214,1.0 2 101.2 127.1 334.0 301.2 0.9 2 102.0 126.0 499.7 401.0
008215,1.0 14 79.9 133.7 180.9 404.3
008217,0.7 3 45.8 152.1 143.2 218.4 1.0 14 290.3 185.2 306.7 211.5 0.6 3 157.9 203.8 333.9 321.3 0.8 3 376.9 125.0 444.2 187.2 0.9 3 162.4 252.3 336.1 323.2
008219,0.9 3 1.6 0.6 110.4 61.1 0.5 14 151.0 115.8 202.2 162.2
008221,0.8 1 1.4 2.2 498.1 374.7 0.5 11 82.0 17.5 193.9 52.3 1.0 1 0.9 59.4 497.9 375.8
008227,1.0 13 337.8 138.4 460.8 332.8
008228,0.9 12 26.5 21.9 318.8 296.3
008230,0.9 13 1.1 171.6 69.4 259.8 0.8 14 100.3 140.5 120.4 183.4 0.9 14 39.5 160.0 61.7 187.9 0.8 13 31.0 129.7 216.7 321.3 1.0 14 20.0 128.9 41.5 181.8 1.0 14 98.8 140.9 119.6 184.4 0.9 13 30.1 126.8 432.7 319.5 1.0 14 59.0 141.0 82.6 197.5 1.0 14 118.3 125.0 143.8 168.5 1.0 13 181.5 131.5 433.4 306.5
008231,0.9 6 451.1 76.1 499.5 118.6 0.9 6 1.0 76.6 47.0 115.3 0.9 14 336.0 53.6 365.0 90.9 0.6 14 192.6 80.8 210.2 99.4 0.8 14 273.2 65.7 291.4 89.6 0.9 14 255.1 58.5 273.3 89.4 0.9 14 446.8 59.7 462.4 91.2 1.0 6 5.1 30.6 501.0 375.9 0.7 14 160.4 91.3 178.0 116.1 0.8 14 294.0 69.8 314.3 89.0
008233,0.6 14 123.0 51.2 298.7 211.1 0.8 15 398.8 -0.0 482.2 129.5 0.6 8 0.9 214.5 67.7 310.2 0.7 8 0.8 174.2 133.7 305.5 1.0 14 166.8 49.9 495.9 368.9 0.6 14 134.4 210.6 263.2 294.0 0.7 14 182.8 50.7 496.2 353.0 0.8 14 138.5 211.5 354.7 336.6 0.5 14 181.9 50.8 493.8 350.7
008234,1.0 14 189.4 121.1 251.8 208.1 0.9 18 10.7 83.2 191.3 246.6 0.7 14 96.7 104.1 118.6 137.9
008237,0.7 14 226.0 180.9 255.9 245.7 1.0 14 327.2 166.7 347.1 223.7
008238,0.5 4 340.2 232.2 377.0 292.1 0.9 15 42.7 131.0 137.4 203.0 1.0 11 60.9 170.2 298.1 333.5 0.5 14 59.7 81.4 311.2 332.5 1.0 14 51.4 79.1 386.6 332.5
008239,1.0 14 41.8 56.4 231.8 338.3 0.7 10 2.2 230.6 496.3 376.7 1.0 14 216.8 43.4 388.3 264.6
008240,1.0 7 104.2 45.3 284.7 306.6 1.0 7 277.5 116.9 497.1 328.0
008242,0.9 13 1.9 6.9 419.8 375.0 0.6 1 1.6 240.5 349.6 376.0
008243,0.6 2 0.3 13.1 291.9 499.2
008245,0.6 8 1.1 225.4 102.9 374.9 1.0 14 308.9 152.7 368.1 258.4 0.9 8 406.0 203.7 468.8 301.9 0.9 14 310.8 153.2 366.6 241.6 1.0 14 97.9 155.1 179.8 224.8 1.0 14 203.8 149.3 262.0 237.7 0.6 8 39.2 232.4 217.4 375.0 1.0 14 23.6 170.6 86.4 300.2 1.0 10 60.5 210.7 497.4 375.6 0.6 14 62.9 223.3 93.3 261.3 1.0 14 259.7 159.7 322.2 249.8 1.0 14 356.0 161.2 432.0 291.3
008246,1.0 6 420.6 100.2 492.5 134.3 0.9 5 0.8 48.7 176.0 215.2 1.0 5 165.1 57.5 310.1 183.4 1.0 5 299.9 65.1 428.2 150.6
008247,0.8 18 5.7 13.2 486.5 332.5 0.7 18 8.4 20.6 479.0 309.8 0.6 18 112.0 37.3 477.9 288.5 0.9 18 111.9 13.9 479.8 306.6
008249,1.0 14 334.7 28.5 431.2 148.9 0.7 3 23.3 99.1 463.7 212.4 0.8 14 334.3 29.3 431.2 208.4 0.6 14 235.9 59.8 368.3 208.7
008255,0.8 1 42.8 226.0 219.0 390.7 1.0 14 45.6 115.0 191.1 351.2 1.0 1 40.3 229.8 383.8 475.1
008256,0.5 14 279.0 56.2 309.7 100.8 1.0 14 172.3 51.4 270.6 230.4 0.7 12 41.6 71.8 359.7 301.2 0.6 12 36.5 74.2 349.9 421.9 1.0 12 41.1 73.6 355.6 368.8 0.8 12 101.9 73.2 358.9 301.6
008257,0.6 8 264.1 0.9 352.0 99.2 1.0 10 36.2 50.9 398.3 299.2 0.6 14 272.2 0.1 335.1 64.4 0.7 8 262.8 9.4 332.9 92.0
008259,0.9 6 98.6 22.6 282.0 144.8 1.0 6 1.0 36.6 119.3 136.0 1.0 14 130.9 48.3 254.4 204.5 1.0 6 264.3 17.7 499.9 180.7 0.7 14 218.8 141.0 262.9 195.4 0.9 12 226.8 117.1 453.9 358.5
008264,0.9 5 57.9 85.1 479.6 343.5
008265,1.0 14 3.9 39.5 219.5 375.0 0.5 14 11.4 25.2 492.3 374.5 1.0 14 163.7 22.3 498.4 374.7
008266,1.0 18 6.0 92.3 421.8 308.7
008267,0.6 8 278.9 56.4 442.4 317.9 0.9 7 91.1 159.0 158.0 228.8 0.9 8 20.5 16.8 191.7 186.5 0.8 7 42.3 157.7 159.7 230.8 1.0 7 183.3 155.7 345.6 369.8
008270,0.9 6 79.9 9.2 477.0 257.4 0.8 6 23.1 10.8 483.9 425.4 0.9 6 24.5 190.4 485.1 428.8
008271,0.9 1 0.7 216.0 68.0 298.1 1.0 14 280.2 168.2 320.7 290.9 1.0 14 182.4 215.2 196.1 256.7 1.0 14 71.2 201.0 90.6 267.1 0.8 1 0.7 223.5 90.7 297.1 0.5 6 0.8 211.8 68.9 294.6 0.9 14 159.8 215.0 172.0 255.2 1.0 14 113.4 221.8 129.7 260.8 1.0 14 153.9 214.9 166.9 256.0 1.0 14 167.7 214.5 179.9 255.3
008273,1.0 13 29.0 221.2 368.9 499.5 0.8 13 30.1 292.4 368.7 498.8
008274,1.0 19 132.7 95.2 247.9 204.8 1.0 19 237.1 19.0 472.4 233.5
008276,0.6 14 1.2 0.9 100.9 279.5 0.9 6 365.0 186.8 451.0 228.7 0.5 14 0.9 1.7 110.3 374.4 1.0 14 101.7 63.4 495.2 375.9 0.9 14 202.1 63.5 495.0 375.1
008277,0.9 8 -0.2 183.0 138.9 301.3 1.0 19 234.7 62.2 314.9 156.1 1.0 19 171.2 52.6 236.6 140.8 1.0 14 0.0 40.5 247.0 296.6 0.7 10 150.0 193.4 449.6 301.4
008278,0.9 3 301.8 213.6 331.9 282.4 0.7 3 1.1 183.2 39.0 242.6 1.0 3 92.9 88.1 233.0 293.6
008283,1.0 6 82.2 96.3 418.2 256.8
008286,0.9 18 66.9 119.2 269.2 285.3 0.9 17 223.2 295.3 456.4 421.4
008287,1.0 4 274.5 203.6 349.0 375.5 0.8 8 396.9 17.2 499.7 180.7 0.7 10 1.4 263.1 262.0 375.3 1.0 14 76.4 88.4 277.1 295.1 1.0 14 168.6 53.7 498.1 374.4
008288,0.7 19 275.4 74.1 327.4 149.2 1.0 14 16.7 66.4 293.6 375.5 0.5 14 17.3 67.0 200.5 376.0 0.8 10 171.9 144.1 499.5 375.7 1.0 19 310.6 79.6 396.5 165.5
008289,0.0 0 0.0 0.0 10.0 10.0
008290,0.9 6 133.4 20.2 317.4 93.2 1.0 6 407.0 45.8 499.6 101.4 1.0 6 305.4 56.6 381.7 104.2 1.0 6 98.4 22.0 373.1 245.2
008291,0.7 19 283.1 162.6 366.8 293.1 0.6 8 54.7 298.4 102.6 375.0 0.5 19 144.0 153.4 217.6 288.4
008298,0.5 9 336.6 119.5 499.7 278.0 0.5 11 1.7 79.7 229.9 232.5
008303,0.5 14 188.4 147.3 230.3 240.7 1.0 14 206.1 44.6 313.9 237.9 0.8 12 56.3 84.9 401.9 334.9 0.5 12 57.0 82.9 401.9 394.1 0.9 12 127.7 84.5 402.4 250.9
008304,0.0 0 0.0 0.0 10.0 10.0
008305,0.9 2 144.6 91.8 446.9 365.4
008308,0.7 18 185.5 69.4 373.7 221.2 0.7 18 183.7 69.4 374.3 222.9
008309,0.5 1 174.0 70.1 499.7 211.5 0.7 14 50.8 64.6 222.1 267.4 0.6 14 66.0 65.5 355.3 374.9 0.9 14 2.0 65.2 350.8 375.0 0.9 14 68.6 103.0 394.1 374.6 0.7 14 188.7 101.8 396.3 375.3
008314,1.0 14 233.5 56.1 304.7 224.4 1.0 12 166.7 103.6 449.1 307.1
008321,0.7 1 1.1 280.7 221.8 501.5 0.5 13 1.5 31.3 93.0 204.2 0.8 14 1.3 26.0 224.6 499.5 0.9 14 1.7 25.9 324.0 497.3 0.6 1 2.0 266.9 322.2 501.4
008324,0.7 13 9.2 221.5 66.3 321.6 1.0 6 23.7 185.7 159.1 272.9 0.6 13 277.4 199.0 345.7 261.4 1.0 13 214.1 206.3 315.7 282.2
008325,0.8 14 178.3 77.7 434.9 375.7 1.0 14 20.9 65.6 199.7 376.0 0.9 14 182.9 94.9 497.6 375.5 0.5 17 0.9 129.5 499.0 374.4 0.8 14 180.1 76.1 263.6 320.3 1.0 14 247.0 96.5 499.1 375.5
008328,1.0 11 138.8 165.2 245.9 425.1
008330,1.0 4 0.8 278.8 56.9 470.0 0.9 1 126.2 49.1 293.1 293.3
008331,1.0 18 84.5 70.4 360.5 311.1 0.9 18 360.3 151.7 457.5 292.8
008333,0.7 16 114.2 114.9 276.4 283.6 0.8 16 183.1 2.1 363.0 194.2
008334,0.6 16 156.2 83.3 287.0 186.7
008337,1.0 5 1.2 33.2 496.0 368.4
008339,0.9 8 4.5 260.0 103.6 319.4 0.9 18 75.0 149.9 185.9 237.1 0.9 8 74.6 244.7 149.0 307.7 0.8 18 74.1 147.7 355.3 234.4
008340,0.9 11 0.6 2.2 459.4 374.8
008343,1.0 11 13.6 117.2 332.4 499.9
008344,0.9 16 64.2 105.4 112.5 152.7 0.8 16 9.1 103.0 41.5 139.3 0.9 16 196.1 126.1 232.5 162.4 0.6 16 154.6 119.9 194.7 145.8 0.9 16 263.3 144.0 289.6 177.5 0.9 16 338.7 204.0 414.9 266.7
008347,0.6 8 0.4 265.2 154.8 333.4 0.8 10 108.9 223.4 278.7 333.5 0.6 8 119.2 182.4 204.6 231.6 1.0 17 0.2 169.3 201.4 291.7 1.0 19 384.7 184.8 437.9 228.6
008348,1.0 2 138.1 41.4 322.9 218.4
008350,1.0 14 124.0 138.2 166.5 313.8 0.7 14 141.2 143.5 177.0 314.3 1.0 14 176.0 130.3 230.4 376.0
008352,0.0 0 0.0 0.0 10.0 10.0
008353,0.9 6 1.8 77.5 80.4 119.1 1.0 6 148.8 114.9 338.7 185.1
008354,0.6 14 187.9 44.3 246.6 163.5 0.7 14 188.2 45.9 250.8 216.4 0.9 14 186.2 44.7 248.7 181.0 1.0 12 78.0 86.4 356.3 265.4
008356,0.7 11 138.1 11.0 434.1 269.7 0.8 11 139.9 9.9 499.0 280.3
008357,1.0 6 420.9 156.8 459.1 177.0 0.6 6 0.8 124.6 66.4 175.9 1.0 5 61.5 72.9 422.4 219.1 0.9 6 35.2 156.2 67.1 179.7
008358,0.5 9 154.1 33.0 346.7 269.4
008361,1.0 7 216.4 1.5 498.7 269.4
008362,1.0 14 190.6 0.5 311.6 122.4 0.5 1 294.0 253.6 405.7 334.1 0.6 14 36.2 37.0 273.0 329.0 0.6 14 32.0 36.1 346.4 327.8 1.0 1 372.0 2.3 499.3 139.8 0.6 13 296.3 1.0 392.3 65.8
008363,0.9 6 187.1 85.4 276.2 113.7 0.7 8 465.3 103.6 499.8 143.5 0.7 6 135.1 86.0 273.2 165.4 1.0 14 18.2 36.1 195.1 375.6 0.5 6 0.8 61.6 41.1 116.6 0.9 6 128.6 92.1 499.6 375.3 0.7 6 3.1 89.5 498.6 375.5 0.8 6 150.8 90.8 500.9 294.9
008366,1.0 5 47.7 12.1 455.1 350.5
008367,0.8 6 36.5 48.6 64.2 71.4 0.9 1 405.9 113.6 443.6 176.1 0.9 1 344.0 119.1 413.5 177.7 0.8 8 427.5 135.9 476.1 188.9 0.9 14 480.6 131.8 500.0 188.4 0.8 6 44.1 37.9 152.6 117.0 1.0 14 120.5 25.8 217.4 285.5 0.9 8 80.5 168.1 152.7 273.9 0.7 1 198.5 202.8 352.3 270.9 0.7 1 201.2 206.1 401.1 314.6 1.0 1 227.3 289.3 395.8 375.3
008369,1.0 14 322.3 197.4 365.7 234.8 0.7 3 323.5 226.6 369.8 260.0
008371,1.0 2 2.4 42.3 419.3 278.3
008373,0.9 3 290.2 137.1 351.3 165.7 0.9 3 144.3 117.5 224.9 171.8
008375,1.0 6 277.5 447.9 362.2 487.8
008377,0.6 4 229.2 128.6 337.7 236.2 0.7 14 0.4 0.9 134.3 331.2 1.0 14 158.3 2.1 497.9 374.1
008378,1.0 6 79.5 92.4 478.3 269.5
008379,0.8 4 252.0 1.4 338.0 283.5 1.0 4 325.3 2.0 457.7 313.1
008380,1.0 15 433.2 56.8 499.5 249.7 0.9 17 4.9 115.8 468.5 264.2 0.7 8 201.9 173.4 377.1 265.2 0.8 17 211.2 116.4 469.7 248.1
008382,1.0 4 168.1 41.1 191.2 105.5 0.8 4 193.9 48.8 218.0 102.1 0.9 8 231.4 99.9 306.9 162.2 0.9 8 1.1 153.6 65.0 256.3 0.6 15 40.4 7.7 129.6 118.5 0.9 10 1.0 137.1 498.3 438.6 1.0 8 138.3 118.2 229.8 206.1 0.9 4 217.3 171.9 288.2 259.2 0.5 8 301.4 95.4 344.0 145.0
008383,0.9 14 139.0 62.5 172.6 111.9 0.6 6 2.8 98.1 493.8 223.7 0.8 14 219.2 133.9 243.8 156.4 1.0 14 90.3 135.3 124.9 165.5 0.6 6 335.9 181.6 499.6 316.0 0.9 14 353.3 96.2 393.7 155.7 1.0 14 431.9 87.1 466.3 163.5 0.9 14 425.3 66.9 454.4 110.5 0.9 14 285.3 80.2 313.6 112.9 1.0 14 0.8 134.3 27.4 197.9 1.0 14 53.0 135.0 92.6 173.5 0.7 14 34.6 129.7 55.2 174.5 1.0 14 95.6 59.8 132.9 149.9 0.8 14 41.1 104.4 68.0 146.7 0.8 14 1.0 73.8 17.4 139.4 0.9 6 1.0 102.1 497.6 333.3 0.9 14 360.3 96.9 401.2 157.1 0.9 14 138.1 102.5 159.6 146.1 0.9 6 0.9 168.9 497.3 331.3 1.0 14 401.8 94.7 438.1 161.2 1.0 14 39.4 104.0 67.6 175.3 1.0 14 350.4 65.8 390.2 111.0 0.7 14 350.2 65.2 391.0 125.5
008389,0.6 15 428.9 0.9 492.2 89.0 0.9 15 8.5 1.6 474.4 374.4
008392,0.9 4 84.7 8.6 126.6 116.1 0.9 14 101.0 95.7 350.5 314.1 0.8 4 158.0 2.2 182.4 106.8 0.5 14 176.2 95.2 345.2 315.3
008393,0.9 2 141.0 27.2 296.7 108.3 0.6 2 40.5 93.6 233.1 320.5 1.0 2 202.8 81.4 500.4 374.9
008394,0.9 8 34.8 51.6 330.3 406.4
008395,0.6 17 33.0 57.1 489.7 296.7 0.7 17 214.2 59.9 493.2 268.1
008396,1.0 14 192.9 88.9 316.8 331.7 0.9 14 386.9 1.5 499.3 146.7 0.5 14 347.7 0.4 499.7 143.2 0.9 17 0.5 1.4 499.4 292.7 0.9 14 281.3 100.6 499.2 221.5 0.8 14 344.5 0.5 500.3 194.4
008399,1.0 14 185.6 109.5 320.6 297.5 1.0 12 81.8 137.1 431.9 478.5
008400,1.0 14 413.9 56.8 499.6 375.2 1.0 4 166.2 238.8 183.5 286.6 1.0 14 53.0 117.6 192.2 375.4 1.0 14 179.9 2.2 455.1 375.2 0.6 14 175.7 2.3 497.6 374.9
008401,0.9 14 224.7 30.8 261.5 225.3 1.0 1 222.2 93.0 410.5 247.2
008402,1.0 14 404.4 155.2 499.2 333.4 1.0 14 363.4 163.7 429.0 332.7 1.0 14 163.1 134.9 259.9 332.9 0.6 14 331.1 165.5 378.2 251.7 0.6 1 88.0 228.2 272.5 334.1 1.0 14 238.6 147.5 290.8 332.3 1.0 14 55.0 147.6 184.3 332.9 1.0 14 328.7 165.2 378.4 332.4 1.0 14 282.6 173.1 362.0 332.5 1.0 14 306.8 155.1 337.6 190.4
008404,1.0 19 180.6 73.2 330.3 201.3
008405,1.0 8 0.6 208.7 238.7 375.9 1.0 19 181.2 52.4 283.1 155.9 1.0 19 312.4 48.2 439.5 158.4 1.0 19 77.1 50.8 189.2 167.0 1.0 4 155.1 120.3 175.8 173.4 0.6 8 184.5 165.3 315.7 318.5 0.7 8 238.6 165.1 318.5 317.3
008406,0.9 5 137.0 262.5 319.6 335.3
008407,0.7 8 381.3 251.0 487.2 375.1 0.8 8 325.2 257.6 481.5 375.9 1.0 19 346.3 154.0 398.4 217.5 1.0 8 345.4 209.1 435.5 322.1 1.0 19 87.9 175.5 197.1 274.7 0.7 8 420.8 199.7 489.0 301.5 0.9 8 316.9 308.1 398.4 375.3 1.0 14 145.5 129.4 349.4 374.7
008408,1.0 6 1.1 73.2 90.3 227.7 1.0 6 81.9 67.9 493.3 362.7
008411,1.0 14 2.7 2.1 309.7 374.8 0.7 4 314.5 1.6 500.3 374.4
008412,0.8 18 128.9 128.5 357.9 209.9 0.8 18 327.7 96.9 501.1 206.8 0.9 18 1.2 117.3 358.3 209.6 0.7 18 1.3 97.9 499.7 208.9
008414,0.5 6 40.8 131.1 92.5 194.8 1.0 6 78.7 76.4 472.2 335.5
008417,0.8 8 82.7 319.8 217.5 401.9
008418,0.7 16 364.7 166.7 498.8 337.8 0.6 16 425.6 39.1 456.0 62.2 1.0 14 4.1 4.5 334.8 373.4 0.5 9 323.5 74.1 444.6 264.7
008419,0.5 11 107.8 179.6 216.7 300.1
008420,0.8 11 0.6 1.4 405.8 317.3
008421,1.0 6 100.3 62.0 397.1 231.5
008428,1.0 19 169.9 7.9 324.8 160.3
008431,0.5 8 0.7 201.7 81.3 298.8 0.9 8 354.5 206.1 426.8 297.1 1.0 8 248.8 178.6 342.8 297.7 1.0 10 258.6 166.2 410.6 297.0
008432,1.0 6 52.2 239.7 313.1 437.1
008435,1.0 18 133.6 112.3 289.7 229.1
008436,0.9 14 228.7 14.2 284.2 98.8 0.9 14 147.3 13.8 224.0 175.4 0.9 8 343.0 176.1 402.4 287.8 0.9 8 1.0 207.1 87.1 375.1 0.9 14 46.4 37.4 151.9 290.5 0.9 14 439.3 47.7 497.6 182.6 0.7 14 425.7 48.7 498.9 237.1 0.9 14 46.9 37.7 149.8 230.9 0.6 14 379.8 38.0 441.0 188.1 0.9 14 359.2 36.3 431.4 131.6 0.9 8 0.9 206.0 96.4 337.6 1.0 14 119.5 35.5 353.1 375.4 0.6 14 357.1 38.1 431.7 257.4 0.5 10 266.9 85.2 408.4 215.1 0.8 14 358.7 36.8 437.2 195.1 0.5 4 298.1 77.7 311.1 114.3
008439,1.0 14 61.0 74.8 373.8 500.9 1.0 7 169.6 308.9 259.1 498.8
008440,0.8 0 37.6 45.8 498.6 274.6
008441,0.7 11 59.5 18.2 224.2 264.7 0.7 11 136.0 14.5 467.7 316.0
008446,0.8 14 92.4 45.2 232.3 332.1 0.8 8 4.6 378.1 77.5 500.3 0.9 14 91.9 45.2 275.8 340.9 0.6 8 30.9 379.3 77.3 490.6 1.0 14 119.3 206.9 286.3 459.8 0.8 8 293.2 373.4 370.6 500.5
008447,0.5 6 112.6 17.2 149.7 43.7 0.9 6 33.4 15.2 71.1 49.2 0.9 6 216.7 0.5 375.1 53.6 0.9 6 103.9 16.5 132.3 44.8 1.0 6 24.4 33.2 498.6 344.5
008448,0.9 5 375.6 252.8 452.4 327.8 0.5 5 334.0 250.6 452.3 329.6
008451,0.8 19 164.8 278.2 237.0 347.8 0.6 14 125.2 268.3 142.0 308.3 0.9 19 55.1 242.4 161.2 347.7 1.0 14 249.1 49.3 419.9 375.2 0.8 14 100.6 265.9 118.7 309.4
008455,0.5 13 125.1 273.9 267.1 422.5 0.7 13 127.0 238.1 268.2 421.7 1.0 14 82.9 221.5 119.9 361.4 1.0 14 105.2 221.5 156.1 411.8 0.7 13 73.9 234.1 265.7 421.8 0.9 13 73.8 261.8 266.4 421.6
008457,1.0 15 39.4 408.2 87.5 482.2 0.8 15 54.3 64.1 114.6 282.1 0.5 15 82.2 300.6 126.6 367.8 0.9 4 41.2 99.7 61.6 167.1 0.9 8 131.2 395.4 186.1 489.6 1.0 15 38.9 176.7 78.0 277.6 0.5 15 56.1 64.3 109.8 168.6 0.5 15 41.9 175.1 108.5 277.1 1.0 15 37.3 293.7 84.8 372.5 0.9 15 133.8 297.9 181.0 374.6 0.9 15 139.4 225.2 182.6 278.9
008458,0.9 4 105.6 327.0 125.0 374.9 1.0 4 17.9 338.4 42.8 374.9 0.9 8 376.4 119.2 477.3 373.8 1.0 14 103.1 67.5 234.2 375.8 1.0 14 233.5 63.9 391.8 375.4
008459,0.5 0 153.7 170.3 287.3 208.7 0.6 0 437.5 145.4 499.4 193.8 0.7 0 31.6 160.9 282.8 250.7 0.7 0 359.2 150.5 477.1 189.9 0.9 0 95.4 172.8 271.6 249.7 0.8 0 361.7 145.6 496.4 192.9 0.8 0 220.0 237.1 498.7 334.5
008460,1.0 14 144.1 19.1 433.3 333.0
008463,1.0 14 121.8 131.6 231.6 374.6 0.9 14 31.3 133.8 233.6 375.6 1.0 14 29.1 148.7 148.7 375.5 0.9 14 332.2 134.7 500.0 375.6
008464,1.0 6 186.5 284.7 213.5 305.1 1.0 6 143.4 279.4 175.8 304.5 0.8 5 144.2 269.8 185.3 303.7 0.6 6 1.0 284.7 33.3 306.4 1.0 6 74.4 283.2 103.5 302.4 1.0 6 36.0 285.7 68.4 303.2 1.0 6 348.7 289.6 382.7 318.8 1.0 6 307.1 290.0 354.8 326.3
008469,0.5 14 1.9 83.5 432.8 374.0 0.9 14 1.6 83.0 241.1 368.0 0.6 14 3.0 81.4 496.5 374.7 1.0 14 217.9 2.1 500.2 374.5
008471,0.7 19 86.5 227.1 151.4 293.5 0.9 8 4.5 162.9 96.6 375.9 0.9 8 12.5 101.7 70.5 154.4 1.0 19 318.7 153.8 401.7 256.9
008473,0.9 18 0.4 2.8 498.3 349.6 0.7 18 1.8 3.6 318.4 347.7
008474,0.6 8 0.9 103.3 132.1 499.9 1.0 14 97.6 25.9 315.0 376.2 0.9 14 96.8 26.0 315.0 498.8 0.8 13 319.2 91.1 375.1 231.8
008476,0.9 12 144.1 352.4 230.9 451.2 0.9 12 39.8 343.4 172.8 452.2
008479,0.9 6 387.9 167.7 422.4 211.4 1.0 6 448.0 165.4 499.8 225.8 1.0 6 135.4 105.6 398.5 270.6 0.6 5 0.5 118.0 99.5 211.7 0.9 6 408.2 164.3 457.9 210.7
008480,0.8 14 136.0 138.2 179.7 228.9 1.0 14 23.1 253.4 44.2 324.3 0.8 14 37.0 222.9 48.5 260.9 1.0 14 214.0 232.9 234.2 301.4 0.9 14 320.3 219.5 333.9 428.0 1.0 14 255.1 228.5 281.5 303.1 1.0 14 46.3 218.9 69.5 305.1 1.0 14 235.4 232.4 255.2 301.6 1.0 14 165.3 226.4 192.8 329.9 1.0 14 0.5 218.9 20.2 329.7 1.0 14 134.3 137.7 181.5 336.4 1.0 14 82.1 186.3 158.6 500.0 0.5 14 320.9 220.5 334.0 328.1 0.9 14 36.1 223.3 49.1 267.9
008481,0.7 13 318.4 14.2 406.5 46.5 0.6 13 318.8 14.5 405.4 46.0
008486,0.5 10 108.9 271.1 271.9 400.0 0.8 17 0.5 296.4 138.7 500.5 1.0 8 171.7 241.2 296.9 438.4 0.6 19 208.3 231.4 270.8 285.4
008487,0.7 15 432.7 143.6 477.2 186.8 0.6 15 435.1 199.3 472.7 239.5 1.0 14 11.6 2.0 486.3 374.6
008488,1.0 6 0.3 160.1 127.8 255.5 0.9 5 219.0 94.8 352.0 218.8 0.9 5 219.3 95.0 419.6 219.9 1.0 6 303.7 186.8 405.0 246.8
008489,1.0 11 83.8 123.6 248.8 376.0 0.8 11 88.0 29.8 214.8 138.6
008490,0.6 4 128.3 180.2 143.6 217.8 0.8 8 10.2 241.8 116.8 431.7 0.5 10 70.2 224.3 311.6 307.5 1.0 8 10.4 247.6 168.7 456.2 0.9 10 71.4 229.7 319.9 434.3 0.5 10 72.5 210.3 318.3 315.6 1.0 8 176.4 243.6 329.8 452.2
008491,1.0 14 128.4 138.5 172.5 276.6 0.9 11 256.1 184.7 329.9 238.2
008493,1.0 8 141.4 16.1 207.2 80.5 0.7 8 302.3 20.5 350.7 98.4 1.0 8 59.6 12.1 122.3 92.3 0.8 8 0.9 23.8 73.6 88.7 0.9 11 225.4 30.7 274.4 76.2 0.8 11 113.1 31.3 340.8 181.2 1.0 8 372.7 8.5 442.9 99.6 1.0 8 272.1 14.1 343.7 96.1
008496,0.6 7 180.4 145.0 228.6 188.5 0.8 8 0.1 282.4 109.8 475.8 1.0 14 171.2 109.1 277.6 453.9 0.5 4 174.3 219.6 204.7 339.2 0.9 17 122.9 254.0 329.3 392.1 0.6 7 176.5 145.9 245.1 234.8
008497,0.0 0 0.0 0.0 10.0 10.0
008500,0.7 18 26.1 42.6 357.8 192.2 0.9 18 8.7 43.5 422.4 195.0
008501,0.9 14 104.2 288.8 116.0 317.5 1.0 14 220.6 302.8 237.0 339.1 1.0 14 194.5 299.6 208.2 335.3 0.9 14 171.8 298.2 184.7 331.3 1.0 14 154.3 295.9 166.5 328.7 0.9 14 83.6 284.3 94.2 313.7 1.0 14 134.9 290.7 147.0 321.6
008504,1.0 6 185.0 0.6 234.6 23.8 1.0 6 340.5 124.1 442.4 195.1 1.0 6 293.4 71.9 371.5 126.8 1.0 6 435.6 59.8 499.4 112.9 1.0 6 103.7 65.4 179.2 114.9 0.8 6 428.0 43.6 495.8 91.0 0.7 6 44.2 3.8 81.9 45.1 1.0 6 324.1 60.4 393.6 114.7 1.0 6 230.5 35.9 304.1 95.8 0.8 6 66.1 0.6 116.2 31.6 0.7 6 393.3 0.5 440.2 28.1 0.6 14 126.6 0.6 151.3 29.3 1.0 6 145.6 154.6 305.1 237.3 0.9 6 155.0 87.6 242.3 139.1 0.9 6 307.3 11.8 357.4 44.5
008505,1.0 4 114.2 253.0 150.5 333.2 0.9 4 153.4 240.9 213.7 328.3 1.0 14 71.7 121.5 209.8 271.6 0.8 8 41.5 208.8 87.0 275.3 1.0 14 205.7 116.7 317.8 302.9 0.8 10 -0.6 256.6 461.7 375.5 1.0 14 301.6 102.1 479.1 375.3
008507,1.0 1 1.5 2.1 498.1 374.8
008508,0.5 2 43.4 42.1 347.4 501.6 1.0 2 44.3 44.1 337.4 405.1
008510,1.0 17 47.2 110.1 497.6 374.1 1.0 14 283.3 130.2 497.9 239.9
008511,1.0 1 7.2 17.9 493.8 326.6
008515,1.0 1 45.5 146.7 236.2 260.5 0.7 1 220.8 140.4 447.2 257.7
008516,1.0 7 150.5 45.6 498.5 375.2
008520,1.0 4 253.8 114.0 275.7 156.8 0.5 4 299.6 0.7 315.4 28.3 1.0 14 372.6 54.0 500.2 315.7 0.9 4 347.9 249.1 382.1 312.4 1.0 14 204.2 11.7 300.5 149.8 0.9 4 95.8 288.9 132.3 353.1 1.0 14 0.1 55.8 202.3 346.5 1.0 10 1.6 120.7 497.7 376.1 1.0 4 288.8 222.0 324.1 335.3
008525,0.9 7 262.5 252.9 363.2 457.4 0.6 7 90.9 147.8 187.8 240.3 1.0 19 2.3 42.7 265.7 370.8
008527,0.6 9 193.1 157.4 335.8 357.6 0.7 9 82.7 111.9 240.8 221.2 0.6 16 1.0 137.6 54.8 295.2 0.7 9 330.0 102.7 476.9 143.7 0.6 16 251.7 123.4 309.1 168.4 0.7 9 141.8 153.7 342.7 374.7 0.8 9 327.1 124.3 499.1 276.9
008528,0.6 11 0.3 283.0 151.5 375.3 1.0 14 192.9 99.1 262.7 185.1 0.8 14 410.0 42.8 499.5 264.8 0.7 8 224.4 111.1 279.4 163.8 0.9 14 437.6 43.4 499.6 267.3 0.9 14 396.9 77.3 468.6 225.6 0.9 14 239.4 90.8 318.2 182.8 0.8 14 68.2 74.8 256.6 288.5 1.0 14 307.8 62.2 403.5 213.5 0.9 14 194.3 98.7 304.7 185.1 0.9 14 60.1 75.6 257.2 375.5 0.9 14 58.4 81.6 149.3 306.9 1.0 10 132.1 176.4 497.9 375.5 0.9 14 241.0 86.6 398.7 217.3 0.9 14 396.6 76.7 468.3 253.1
008531,0.6 14 287.2 127.7 312.2 158.7 1.0 14 230.6 131.1 261.5 156.8 0.5 5 162.1 71.9 336.5 285.1 0.9 14 185.1 137.5 207.5 158.4
008532,0.0 0 0.0 0.0 10.0 10.0
008537,1.0 14 382.9 217.8 422.0 304.2 0.7 14 402.2 184.7 442.3 294.0 0.9 14 472.1 194.9 499.6 279.4 0.9 14 404.5 187.5 453.4 302.5 1.0 0 1.4 11.9 499.9 309.1 0.9 14 49.1 206.4 84.2 321.6 1.0 14 351.5 186.6 392.8 310.8
008538,1.0 14 12.5 6.8 388.9 493.8
008539,0.9 4 421.3 18.4 499.3 187.7 0.8 4 313.5 45.2 396.6 189.8 0.6 7 46.9 27.9 311.3 323.7 1.0 7 39.8 26.2 498.7 335.7 0.8 4 318.6 44.7 384.0 113.7
008540,0.7 1 25.3 71.4 185.2 225.4 0.5 1 0.5 64.7 172.9 286.3 0.9 14 1.0 -0.1 100.1 210.9 0.9 1 258.6 133.2 418.1 334.4 0.5 6 194.7 0.6 247.8 19.2 0.6 14 184.0 39.3 280.9 158.6 0.7 14 310.3 49.4 386.0 201.7 0.5 14 0.1 0.9 92.6 274.9 0.9 6 89.9 0.4 206.5 33.3 0.6 14 252.1 -0.2 430.7 211.6 0.8 1 1.5 260.6 243.5 332.8 0.9 1 1.6 55.2 186.0 273.5 0.9 14 187.9 39.7 272.7 127.3 0.6 1 0.5 2.4 192.5 281.8 0.7 14 1.2 0.2 84.0 114.8 0.7 1 176.9 42.1 415.6 333.0 0.9 14 301.4 49.2 385.6 258.8 0.9 14 39.8 65.2 134.6 207.7 0.8 14 252.4 -0.2 431.1 298.5 0.7 14 252.6 0.4 435.7 85.4
008543,0.8 8 -0.1 216.2 136.4 376.6 0.9 8 209.2 195.1 294.1 274.3 0.7 17 207.3 156.4 349.9 273.5 0.8 17 0.2 215.4 134.3 375.6 0.9 8 359.8 192.4 472.4 299.9
008544,0.7 7 183.3 -0.1 333.2 66.8 0.8 7 9.0 43.1 487.6 289.1 0.6 7 29.7 44.0 470.9 262.0
008545,0.9 3 275.5 239.7 347.2 342.8 1.0 3 102.7 4.8 279.6 379.5
008546,0.8 5 0.9 2.3 498.2 373.8 0.9 5 1.6 0.9 304.2 367.9
008547,1.0 15 158.2 192.6 235.3 300.2 1.0 15 325.2 176.3 431.8 299.8 0.6 15 252.6 176.1 337.3 295.8 0.9 8 0.9 243.9 117.3 337.6 0.6 15 156.3 44.3 245.0 297.4 0.8 15 0.3 1.3 184.4 337.4 0.8 15 242.9 63.4 359.3 293.6 0.7 8 401.6 213.4 449.3 338.1 0.6 15 175.2 42.7 363.2 294.1
008548,1.0 14 380.6 17.9 401.2 88.7 0.9 6 434.8 31.7 499.6 98.4 0.5 6 464.9 29.8 499.9 119.9 0.9 14 25.2 12.6 40.6 68.9 1.0 14 386.1 14.4 405.6 87.5 0.9 6 227.2 24.5 380.1 111.5 1.0 6 50.7 36.5 475.0 329.6 0.9 14 376.5 23.1 396.0 88.5 1.0 14 404.4 7.2 437.2 116.7
008551,1.0 1 187.8 173.6 467.1 379.5 0.9 1 1.3 128.8 108.8 278.7 0.6 14 283.1 127.8 444.5 286.1
008552,0.6 6 0.9 66.5 332.3 408.4
008554,0.9 0 202.4 111.6 402.0 195.8 0.9 0 203.4 112.2 447.5 195.2
008555,1.0 4 274.9 386.1 296.3 453.5 0.9 14 162.9 249.4 228.6 450.0
008560,0.8 14 257.8 129.4 279.4 162.3 1.0 14 391.3 239.1 489.4 335.1 0.9 6 424.9 190.3 499.6 259.9 0.6 14 167.2 164.9 182.6 215.0 0.9 5 180.5 74.3 326.2 253.6 1.0 6 394.0 181.7 452.1 239.6
008561,1.0 19 1.1 89.8 142.9 225.1 1.0 19 140.5 59.5 322.9 227.7 1.0 19 324.2 56.3 500.8 242.6
008563,0.9 19 343.7 93.2 432.1 181.1
008565,0.6 2 63.2 130.4 172.2 359.4 1.0 2 63.6 131.8 176.0 459.3
008566,0.6 15 178.0 71.7 215.5 122.3 1.0 1 1.2 1.7 168.9 128.8 1.0 14 71.7 59.7 359.8 375.1
008567,1.0 14 126.7 7.0 295.0 499.2
008569,0.6 14 163.9 37.2 281.8 166.0 0.7 14 57.6 221.6 228.0 374.5 1.0 14 81.5 21.3 189.8 285.9 1.0 14 1.1 220.6 229.5 375.5 0.6 14 266.5 18.7 407.3 221.9 0.9 14 154.1 37.9 314.3 314.6 0.8 14 154.0 37.0 279.5 244.1 0.6 17 74.1 151.2 498.5 341.7 0.7 14 250.4 19.4 410.9 318.9 0.6 14 257.8 17.9 448.6 343.0 0.6 14 267.6 18.3 401.4 175.5
008570,0.0 0 0.0 0.0 10.0 10.0
008571,1.0 4 51.3 0.5 148.8 181.3 0.7 4 145.8 -0.5 216.2 171.8
008574,0.8 8 82.4 232.1 152.5 294.6 0.9 14 120.8 173.8 218.5 343.0 0.6 8 0.6 191.7 31.4 274.9 0.9 14 59.6 280.8 133.0 434.0 0.6 14 119.6 173.4 218.4 463.4 0.5 12 110.1 288.5 305.0 500.0
008575,1.0 7 3.7 4.0 330.1 498.2
008577,0.8 6 162.1 1.2 255.1 82.4 0.8 14 47.6 32.5 270.0 374.9 1.0 14 343.0 2.2 500.0 374.7 0.8 6 306.2 1.9 375.0 74.9
008578,0.6 6 130.8 139.8 308.1 202.2 1.0 14 238.3 139.2 264.5 203.5 0.6 3 128.0 145.4 446.3 253.5
008579,0.9 14 193.6 163.5 208.6 197.4 1.0 14 202.5 181.4 246.7 325.0 1.0 13 296.2 209.8 476.4 318.7 0.5 13 114.1 216.5 210.5 305.2 0.8 14 83.4 163.2 104.8 215.4 1.0 14 55.5 163.1 73.7 217.3 1.0 14 158.3 160.2 174.4 195.5 1.0 13 52.7 185.3 212.3 303.8 1.0 14 73.5 164.1 91.9 214.1 0.8 14 87.8 163.4 109.1 198.9 1.0 14 244.2 181.2 296.7 337.0
008580,1.0 18 204.9 142.1 419.0 289.4
008583,1.0 4 361.1 173.9 386.4 242.1 1.0 4 404.5 165.5 429.2 240.4 1.0 14 1.4 2.4 378.0 375.2 0.9 4 328.0 147.8 350.6 206.4 1.0 4 334.5 150.9 361.0 231.7 0.9 4 273.0 243.9 351.0 321.7
008589,1.0 2 178.1 119.3 287.4 193.8 0.6 2 181.4 91.3 359.0 191.3 1.0 2 270.1 92.7 357.9 139.2
008590,0.6 3 249.8 218.4 296.1 237.0 0.6 3 421.2 229.8 485.6 278.0 0.8 3 313.7 215.1 362.1 265.0 1.0 3 326.9 266.0 424.2 325.7 0.6 3 313.9 234.8 360.8 265.3 0.6 3 329.1 214.1 373.3 249.9
008591,0.5 4 118.8 146.5 153.6 201.9 0.9 4 234.5 21.8 254.2 111.1 1.0 4 255.5 0.2 292.1 96.0 1.0 4 100.6 9.6 129.9 58.3 0.9 10 0.4 11.7 331.9 499.0 1.0 4 6.7 171.5 94.4 404.5 1.0 4 104.3 40.3 133.0 119.2 0.5 15 121.5 264.5 305.2 397.6 1.0 4 220.4 21.1 248.8 115.8
008593,0.7 14 290.2 109.6 317.7 150.1 0.7 14 305.9 104.4 324.4 134.0 0.9 12 221.3 120.9 311.8 256.1 0.8 14 347.3 113.2 369.1 136.3 0.8 12 316.2 132.8 426.6 248.9 0.8 14 462.3 108.0 480.0 198.5 0.6 14 279.9 105.6 329.2 204.2 0.7 12 287.8 132.2 351.5 251.9 0.8 12 430.2 150.9 477.9 244.3 0.8 12 346.9 133.8 425.6 247.1 1.0 14 80.3 84.9 118.7 207.5 0.9 12 133.8 147.1 224.1 264.0 1.0 14 210.9 93.4 254.6 199.2 0.5 12 0.9 110.1 29.7 174.9 0.8 14 274.9 110.8 318.4 210.0 1.0 14 127.6 102.7 153.0 137.7 0.9 12 40.9 126.3 172.7 264.9 0.5 12 237.5 122.3 313.8 253.8 0.5 14 344.3 113.5 375.2 195.8 0.5 14 301.2 108.5 324.2 149.8 0.7 12 226.2 141.7 303.8 255.5 1.0 6 319.2 102.2 378.4 126.4 0.8 14 306.4 104.7 327.5 147.9
008594,0.7 11 138.5 0.9 496.2 306.4
008597,0.8 13 237.1 119.2 494.9 305.5 0.7 13 140.9 161.1 265.7 308.7 0.9 13 147.9 112.8 497.3 308.2 1.0 14 266.0 103.2 400.0 303.7 0.8 13 234.4 112.6 497.2 304.3
008598,0.8 16 159.0 125.2 257.5 291.0 0.8 16 117.8 142.9 182.9 283.9 0.5 16 294.0 132.5 362.9 181.1 0.9 16 321.8 156.4 477.7 320.5
008599,0.6 15 57.1 2.0 94.4 134.5 1.0 11 59.8 23.9 220.7 478.4 1.0 15 63.8 88.6 104.3 137.0
008600,0.6 8 2.5 1.9 495.0 334.9 0.8 8 259.1 2.7 494.0 333.8
008603,0.7 8 0.6 89.6 54.2 160.4 0.8 11 23.5 230.0 130.5 331.1 0.8 11 23.4 160.1 331.0 399.3 1.0 14 170.2 15.0 331.4 248.8
008605,0.6 12 123.1 124.3 156.0 192.9 1.0 14 235.9 83.6 273.7 144.5 0.7 9 146.4 128.4 189.8 225.1 1.0 14 123.9 84.9 161.0 148.8 0.8 9 49.6 132.1 128.9 171.0 0.6 9 210.4 133.4 291.9 230.6
008609,1.0 6 31.1 69.6 484.3 306.1
008611,0.6 17 25.0 120.0 144.8 171.1 0.6 8 109.2 154.6 227.9 232.6 0.5 8 135.8 126.4 167.3 162.3 1.0 19 355.1 62.0 457.7 141.2
008613,0.9 11 23.4 74.8 494.0 258.8
008614,0.5 8 362.0 146.9 478.7 271.8 0.8 17 121.0 174.8 355.2 240.2 0.9 17 117.4 176.7 321.7 231.5 0.9 8 51.5 197.5 136.9 312.3 0.9 10 1.0 216.9 137.8 321.4 0.6 17 103.8 175.6 354.5 316.4 1.0 8 137.1 199.8 325.6 318.7
008616,0.9 14 1.1 53.4 132.1 304.4 0.7 14 336.5 56.0 411.4 271.7 0.7 14 123.2 82.2 215.7 248.3 1.0 14 443.5 71.8 499.7 189.3 0.7 14 182.6 83.3 215.2 141.8 1.0 14 124.3 81.8 217.4 211.4 0.6 14 152.5 86.3 181.3 125.5 0.7 14 43.7 56.8 183.8 332.7 0.8 14 40.3 56.7 133.5 291.2 1.0 14 194.7 31.1 445.9 333.2 1.0 14 334.6 54.6 442.1 332.3 0.7 14 48.8 57.5 132.9 261.4 0.7 14 197.3 32.2 370.8 277.6
008619,1.0 14 465.0 21.3 500.0 202.3 1.0 14 286.1 9.8 342.9 86.7 0.9 14 0.8 89.8 62.1 323.0 1.0 13 51.9 34.1 447.7 329.6
008622,0.9 6 100.1 67.0 157.6 113.7 1.0 6 114.5 141.4 277.9 243.0
008623,1.0 13 58.8 195.0 283.7 343.5 1.0 14 135.7 164.2 223.3 348.1 0.9 14 276.4 199.8 287.8 227.1 0.7 13 172.0 199.1 280.3 332.1 1.0 6 228.9 202.2 275.4 230.6
008625,1.0 14 360.8 195.0 385.7 249.0 0.9 0 41.4 58.1 497.7 241.7 1.0 14 428.9 199.8 458.3 244.7
008626,0.6 8 23.4 285.3 167.9 333.0 0.7 4 202.9 122.0 219.9 160.0 0.8 8 1.0 221.8 105.5 332.9 0.6 8 401.4 153.5 440.3 215.9 0.7 15 437.8 125.5 499.2 305.0 0.5 8 50.1 286.1 170.3 332.8 0.9 8 370.1 160.3 429.6 235.6 0.6 10 276.0 234.4 445.7 333.0
008627,1.0 4 228.8 172.4 272.8 321.5 1.0 8 335.7 197.3 493.7 376.4 0.7 8 8.2 82.6 64.0 208.9 0.6 10 104.7 276.3 354.4 374.7 0.7 8 108.3 216.4 330.3 376.0
008629,0.8 11 0.5 2.8 332.3 498.6
008630,0.0 0 0.0 0.0 10.0 10.0
008631,1.0 2 316.1 153.5 379.9 212.0
008632,1.0 6 155.0 121.0 428.2 239.4
008634,0.9 14 250.0 232.1 276.6 270.8 1.0 14 413.5 125.7 469.7 276.5 0.7 14 199.6 208.1 219.9 256.7 1.0 14 282.2 232.2 310.4 278.1 0.8 14 309.7 230.1 331.5 272.7 0.6 14 299.5 232.3 318.7 272.3
008637,0.8 11 113.4 108.1 390.5 233.8
008640,1.0 2 34.7 32.9 192.9 235.3
008641,1.0 14 67.6 1.9 420.1 374.6 0.7 11 207.9 105.0 423.7 375.8
008642,1.0 14 2.6 199.5 23.0 256.4 0.8 6 23.5 126.2 466.5 294.0
008643,0.9 6 1.1 159.3 194.4 229.9 0.7 3 164.5 121.0 477.9 229.2
008646,0.8 17 1.9 112.3 226.9 373.5 0.8 8 200.3 55.0 289.0 251.7 0.9 8 0.6 114.1 224.1 376.2 0.9 8 310.9 70.5 494.0 273.5
008648,1.0 13 18.1 238.3 88.5 332.7 1.0 14 22.9 185.1 105.4 306.3
008649,0.6 11 0.8 73.4 327.1 375.3 0.9 11 178.6 2.4 497.5 374.8
008650,0.7 17 7.2 29.8 359.6 375.8 0.8 17 227.3 23.6 500.4 168.0 1.0 8 319.7 179.6 498.8 375.4
008651,1.0 11 56.1 38.5 271.0 336.1
008652,0.8 14 91.4 238.5 132.9 316.8 0.7 14 10.9 195.0 60.3 319.3 0.9 14 90.6 238.5 133.1 332.2 0.6 14 165.6 57.0 317.3 499.9 0.7 14 169.0 52.1 364.5 499.6
008656,0.9 11 0.9 97.2 285.4 332.9
008657,1.0 6 1.1 104.2 498.4 362.1
008658,0.7 6 155.7 78.9 346.8 369.3
008659,1.0 19 122.2 39.3 410.2 208.9
008660,0.7 19 356.0 26.2 465.8 129.8 0.5 19 261.9 32.7 465.4 196.6 0.9 19 269.3 127.6 357.7 190.4 0.6 19 346.8 127.0 446.7 189.9 1.0 19 92.3 139.3 255.7 254.7 0.5 19 266.9 59.6 373.6 190.1
008661,0.7 15 283.8 164.4 324.6 235.3 0.6 15 163.3 169.5 201.1 234.8 0.6 15 0.7 159.8 46.7 228.5 0.7 18 2.7 88.4 326.2 237.3 0.6 18 2.6 75.9 427.6 234.9
008662,0.9 2 185.8 58.7 265.2 297.3 0.6 2 187.6 57.4 265.8 231.8 0.7 2 247.2 15.1 359.7 147.1
008664,1.0 14 68.9 73.7 308.6 497.5
008666,1.0 14 1.2 45.3 322.8 500.4 0.7 1 227.0 5.3 375.7 385.2
008668,0.7 6 -0.5 85.6 198.7 322.9 0.5 6 0.9 29.3 483.9 328.8
008669,1.0 14 335.9 165.4 373.4 249.6 1.0 14 445.4 148.8 484.9 261.1 1.0 14 168.0 163.3 205.6 251.3 0.8 0 90.0 94.3 440.0 251.9 0.6 14 247.2 183.6 272.5 237.7
008671,1.0 8 253.2 147.0 310.1 214.5 0.8 8 378.7 162.5 480.2 259.8 0.8 8 383.2 190.8 475.0 260.8 1.0 8 92.7 192.9 178.1 303.4
008672,0.6 18 37.0 158.8 308.2 188.7 0.6 18 21.0 158.3 309.4 190.6 0.6 18 36.1 158.7 307.8 190.4 0.6 18 166.7 157.7 306.0 188.2 0.9 18 82.9 157.8 304.6 189.0
008673,0.6 1 23.5 113.0 105.6 239.4 1.0 8 75.0 219.2 188.4 466.8
008674,1.0 11 80.0 72.2 497.6 374.2
008675,0.7 11 84.0 293.1 152.4 359.7 1.0 19 105.1 1.4 433.3 299.3 0.9 1 18.2 256.9 497.6 377.2
008677,1.0 18 2.0 33.2 478.3 279.9
008678,1.0 8 25.6 239.1 74.0 326.5 0.9 19 0.9 101.9 90.3 156.7 0.8 17 0.0 305.1 213.6 501.2 1.0 14 91.7 161.5 232.0 438.7
008679,0.8 18 0.7 139.1 44.6 202.3 0.9 18 54.5 142.3 156.8 242.7 0.5 18 0.6 132.8 160.5 284.5
008681,1.0 14 43.0 156.4 242.8 331.6 1.0 14 267.7 53.6 466.7 332.0
008682,0.8 14 45.4 52.2 92.8 147.9 0.8 14 79.2 41.8 142.2 143.8 1.0 14 79.9 42.0 142.2 120.0 1.0 14 45.8 51.6 92.7 204.1 1.0 6 66.6 92.7 487.8 267.2
008684,0.9 6 221.1 102.2 431.3 190.9 0.9 6 286.7 105.8 430.2 188.7 1.0 6 15.3 103.0 335.5 265.2 0.7 6 278.2 105.5 429.8 190.2
008685,0.9 16 62.1 63.7 373.1 325.0
008686,0.9 19 137.4 56.1 228.3 132.0 1.0 4 236.9 161.9 291.5 318.5 0.5 8 312.4 69.7 477.0 150.9 1.0 14 352.0 0.9 499.4 142.2 0.6 6 148.5 80.6 209.8 121.1 0.6 4 264.7 140.8 294.7 203.4 0.8 10 1.4 122.8 498.2 376.9 0.6 4 331.0 221.0 361.4 280.6 0.9 14 347.4 1.2 451.5 119.1
008689,1.0 14 191.6 1.4 229.2 117.5 0.8 6 13.1 0.9 144.4 44.8 0.9 13 1.5 42.4 96.3 123.8 0.7 14 283.4 14.8 353.2 158.8 1.0 13 411.5 26.4 499.0 98.6 1.0 14 129.9 32.0 181.6 114.4 0.7 14 356.9 0.5 390.6 104.8 0.8 14 393.2 1.0 421.6 102.1 1.0 13 87.5 134.8 299.7 268.4 0.5 14 196.1 70.7 286.1 168.1 0.9 14 360.1 0.7 410.0 108.4 1.0 14 194.9 19.8 366.7 254.5 0.8 13 86.1 87.1 368.4 268.5 0.8 14 65.5 37.2 98.1 101.8 0.8 14 389.9 1.0 422.7 104.5 0.8 14 277.6 15.8 366.6 252.4
008693,1.0 6 36.7 84.7 498.2 333.6
008694,0.9 14 31.9 221.9 62.1 292.8 1.0 6 383.8 178.6 498.4 240.9 1.0 14 197.6 127.8 233.4 174.8 0.5 6 53.9 143.7 405.0 300.2 0.9 13 180.4 150.6 243.9 196.0
008696,0.5 18 14.2 89.5 242.6 207.1 1.0 18 11.0 77.8 498.3 296.9
008697,0.9 10 0.5 146.5 374.4 500.7 0.8 4 210.5 103.7 315.1 499.1 1.0 4 208.1 13.5 315.0 497.8
008700,0.8 17 3.8 81.7 474.5 243.7 0.6 14 1.9 68.8 252.7 326.4 0.6 14 58.3 66.9 249.0 230.3 0.8 14 2.3 68.4 264.7 375.1 0.6 14 4.8 65.0 492.8 375.8 0.7 14 144.1 67.0 214.9 130.0 0.6 14 256.9 62.9 496.2 370.6 0.9 11 217.5 104.7 499.2 374.9 0.8 14 266.1 62.4 354.4 137.0
008703,0.6 7 189.7 79.6 329.4 238.1 0.9 7 10.2 10.0 91.6 334.8 0.8 7 192.6 80.0 377.7 356.8 1.0 7 190.6 79.3 484.9 367.6
008704,0.9 3 235.3 142.0 295.3 181.7
008705,1.0 11 126.6 80.0 303.4 267.5
008707,0.8 19 154.9 111.4 311.3 241.8 0.6 19 320.6 91.9 495.1 234.2 0.5 19 315.6 68.9 500.8 237.8
008708,1.0 14 120.0 177.1 256.1 375.6 0.5 6 292.1 204.7 309.9 218.5 1.0 14 257.4 167.5 397.8 375.8
008711,0.5 13 4.0 9.6 482.8 320.6 0.9 6 20.1 117.6 436.4 312.6
008712,1.0 18 116.1 110.6 428.8 257.8
008714,1.0 0 14.8 65.9 477.8 292.8
008715,1.0 6 77.2 127.5 306.9 253.5 0.8 14 436.2 261.4 498.1 333.4
008719,0.9 14 455.8 71.1 499.9 247.7 0.6 4 314.9 -0.7 468.6 227.8 1.0 14 94.0 0.8 436.2 272.4 0.8 4 318.3 0.8 467.2 332.3 0.9 4 314.0 -0.6 466.0 261.9
008721,1.0 14 1.1 58.5 218.1 303.8 1.0 14 185.5 68.2 488.4 374.3 0.8 17 148.5 71.3 497.6 309.8 0.5 14 299.1 69.0 490.7 375.1
008724,1.0 6 265.2 85.8 462.8 216.5
008726,1.0 6 0.2 78.8 284.4 491.3 0.7 14 191.9 114.2 223.8 179.8 1.0 14 255.9 3.3 486.8 499.8
008729,0.8 4 329.3 156.5 383.7 309.3 0.5 14 50.0 -0.7 231.0 346.1 0.7 19 216.2 209.1 325.8 318.7 0.9 14 217.3 133.3 267.3 189.1 0.8 14 216.8 36.6 499.6 374.6
008734,0.9 6 230.2 10.3 280.0 68.6 0.8 6 80.2 28.9 286.6 181.0 0.7 13 360.1 8.1 499.6 156.8 1.0 14 60.3 23.4 77.4 69.2 0.8 14 433.6 0.5 472.9 46.6 0.9 13 83.0 31.1 500.9 333.3 0.8 13 93.8 95.8 501.0 337.4 0.7 13 97.3 153.6 499.2 371.2 0.6 13 358.9 40.3 499.7 163.6 0.6 13 98.3 155.6 476.1 336.9
008735,0.9 1 0.5 278.1 46.7 319.3 0.8 1 314.4 266.5 387.5 311.1 0.8 15 154.9 232.7 184.7 266.0 0.8 1 314.6 267.6 383.4 312.0 0.9 8 347.7 195.6 438.4 284.1
008736,0.8 1 2.8 162.2 49.3 209.1 0.9 5 347.2 88.0 500.9 294.5
008737,0.9 7 74.5 2.1 360.5 332.7 1.0 7 76.9 2.2 497.1 333.0
008740,0.5 7 20.0 -0.2 344.5 268.1 0.5 7 279.4 1.5 498.4 255.3 0.6 7 22.3 1.7 496.0 332.3 0.7 7 287.4 1.2 498.4 274.3 1.0 7 155.9 185.2 301.7 332.8 0.7 7 278.8 2.0 499.2 332.7
008743,0.9 18 184.0 172.9 259.4 268.2
008745,1.0 14 57.7 150.9 123.4 276.2 0.9 14 237.6 148.5 303.4 254.1 0.7 1 24.4 206.3 125.1 323.6 0.8 14 236.4 147.8 304.3 361.1 1.0 13 205.4 237.2 312.1 375.2
008746,0.8 2 206.8 81.9 271.1 145.8 0.9 2 49.9 63.4 112.9 239.6 0.9 2 133.3 218.5 291.9 307.9 1.0 2 145.5 70.5 197.4 224.5 0.9 2 56.2 62.4 110.2 148.0 0.9 2 145.5 69.8 198.3 150.7 0.5 2 422.0 302.9 480.1 374.9 0.8 2 227.9 86.5 384.0 236.1 0.6 2 131.0 214.9 295.3 364.9 0.7 2 230.6 84.9 384.7 200.9
008751,1.0 14 217.2 201.0 264.7 252.4 1.0 14 379.9 77.8 458.3 313.5 0.6 14 48.7 149.6 82.3 226.5 0.7 14 27.5 153.0 49.3 184.2 0.8 8 0.5 325.8 101.5 375.0 1.0 14 236.3 141.6 263.6 181.6 1.0 14 142.8 270.6 271.4 374.3 0.9 14 0.9 166.6 59.5 249.4 0.8 14 117.1 148.6 140.0 170.3 0.9 8 99.7 334.9 245.7 375.1 0.9 14 81.6 149.5 107.4 179.4 1.0 14 51.1 149.5 75.6 181.1 0.7 14 0.9 166.7 36.6 215.1 0.7 10 0.1 220.6 380.9 343.8 1.0 8 270.1 328.6 398.5 375.0 0.7 14 346.6 113.3 413.4 296.5 0.7 14 20.9 153.4 42.4 191.9 0.6 14 274.0 263.9 363.3 348.4 0.8 8 259.5 165.5 297.7 209.6 0.8 15 260.6 207.7 303.3 277.9 0.6 19 317.8 131.5 369.2 178.3
008754,1.0 8 1.1 214.9 76.3 307.1 0.6 15 264.1 151.6 349.7 322.5 1.0 8 108.6 186.3 161.9 268.0 0.5 8 126.0 185.2 162.4 265.2 0.6 8 49.6 192.7 108.3 277.2 0.8 10 169.9 176.9 210.6 236.8 0.7 15 95.8 163.2 141.9 209.1 0.9 10 27.7 188.8 104.4 272.0 0.9 10 17.1 187.9 105.6 298.5 0.9 8 144.9 184.5 176.5 261.5 0.6 15 222.8 156.8 299.3 318.5
008758,1.0 14 348.5 50.1 456.9 320.6 0.5 9 49.8 82.7 102.5 109.0 0.9 9 176.9 107.8 241.9 175.1 0.9 9 24.2 139.9 130.7 220.8 0.9 9 112.9 157.3 287.4 292.9 0.6 9 199.0 61.7 252.3 85.2
008761,0.5 4 197.0 11.6 226.3 97.2
008762,0.7 11 220.5 340.2 296.9 406.2 0.8 17 236.0 276.6 332.6 384.4 0.8 15 34.9 187.0 82.2 301.3 0.8 14 87.0 119.4 177.1 500.9 1.0 14 87.7 115.4 236.2 498.5
008763,0.8 9 43.7 103.3 354.1 458.3
008765,1.0 14 388.3 117.1 485.3 351.0 0.8 1 351.2 228.8 445.3 335.0 1.0 14 1.0 24.1 44.0 84.8 0.7 1 146.8 191.2 237.1 301.5 1.0 14 175.3 109.7 243.0 283.8 1.0 1 113.1 184.7 237.2 299.3 1.0 14 204.1 125.3 292.5 314.5 1.0 14 309.5 154.7 400.1 299.3 0.9 14 150.6 126.6 179.5 190.2 0.5 1 166.0 200.6 321.3 300.6 1.0 1 264.7 227.0 447.9 342.6
008767,0.5 7 174.3 97.2 430.5 320.2 0.9 7 176.3 97.0 475.0 322.6 0.7 7 198.3 97.1 430.5 320.0 0.7 7 178.9 96.9 431.5 320.6
008774,1.0 14 100.8 95.4 244.2 376.1 0.9 14 237.6 164.1 325.3 358.1 1.0 14 311.9 91.4 428.7 374.5
008777,1.0 6 51.3 89.2 434.7 277.6
008778,1.0 14 1.2 1.6 177.0 152.2 1.0 4 365.3 0.1 428.9 138.9 0.5 10 1.4 2.0 480.5 374.4 0.9 14 0.6 128.0 99.5 376.4
008779,0.9 8 8.2 241.6 196.4 376.1 0.9 19 344.3 152.3 474.3 369.8 0.9 8 15.3 179.0 190.0 375.5 0.5 19 347.0 153.5 475.6 320.2
008780,1.0 14 435.5 214.7 497.8 333.4 0.7 14 24.0 90.0 175.4 258.2 1.0 14 154.9 96.3 262.9 280.6 1.0 14 1.3 89.5 197.6 333.1 0.9 14 149.2 95.2 403.0 333.5 0.7 14 150.1 161.7 401.8 332.7
008781,0.5 11 204.0 37.6 387.5 269.2 0.8 11 3.8 37.4 221.1 333.4 0.8 11 206.2 36.1 387.2 332.7
008782,0.9 5 136.8 124.6 386.8 271.1 0.6 5 136.8 142.0 218.1 255.6 0.9 5 223.6 125.6 383.6 271.9
008785,0.9 6 105.5 61.3 194.9 134.4 1.0 14 73.0 51.3 114.8 163.4 0.9 6 2.3 45.4 430.5 375.0
008786,0.6 14 198.8 160.0 221.9 182.6 0.6 14 200.3 151.1 217.6 172.6 1.0 14 228.6 133.6 273.1 200.1 0.8 14 54.1 161.7 79.8 209.7 1.0 14 119.4 152.6 146.2 183.0 0.5 12 64.2 162.8 104.6 243.6 0.9 14 63.4 149.6 81.9 174.3 0.6 9 116.1 168.2 155.0 236.8 0.7 12 55.2 161.6 109.5 244.0 0.5 9 177.6 177.6 367.6 265.7 1.0 14 421.3 115.7 458.2 195.5
008787,1.0 7 181.9 45.6 492.2 340.1
008788,1.0 6 380.0 276.5 499.5 446.2 0.9 5 43.4 171.2 351.5 365.5 0.8 5 42.7 170.4 408.4 371.8 1.0 6 7.4 278.6 74.2 313.9 1.0 6 220.2 254.5 412.1 373.3
008789,0.9 18 252.8 54.3 387.5 280.7 0.7 18 251.5 53.4 379.0 284.3 0.7 18 175.9 55.1 393.9 290.2
008791,1.0 0 8.9 113.2 489.4 226.4
008792,0.8 11 0.0 15.1 372.6 375.0 0.8 11 248.0 40.8 392.3 248.2
008795,0.6 16 95.7 66.6 312.0 275.7 0.8 16 97.2 103.6 311.3 273.5 0.8 14 284.7 2.1 439.9 300.2
008797,0.9 14 147.3 15.7 171.2 38.4 0.6 14 146.6 15.8 174.9 92.6 1.0 14 50.1 11.6 110.3 89.3 1.0 14 0.8 69.5 42.3 119.2 1.0 14 95.9 23.4 137.7 64.2 0.9 14 2.4 33.6 29.0 76.4 1.0 6 1.8 20.3 496.4 375.0 0.7 14 124.2 20.0 150.7 49.7 1.0 14 36.2 30.1 60.6 93.7
008798,0.8 5 211.5 172.9 260.6 269.2 0.6 5 211.4 178.1 259.2 268.8 0.8 5 255.7 76.7 490.0 370.1
008800,0.6 6 34.0 12.7 149.7 132.6 1.0 6 35.9 8.9 408.8 314.2
008802,1.0 14 118.2 14.8 196.8 112.9 1.0 12 89.6 50.3 226.4 211.9
008803,1.0 8 349.2 300.1 432.9 375.4 0.6 17 2.9 193.5 177.2 307.8 1.0 17 178.6 190.1 434.1 359.3
008804,1.0 14 117.7 11.2 184.6 132.2 1.0 12 92.6 55.7 208.6 206.3
008807,0.7 14 158.9 37.6 196.6 128.4 1.0 14 160.4 38.1 196.7 94.7 1.0 14 255.6 77.4 321.5 205.9
008808,1.0 14 35.1 19.7 124.5 200.4 1.0 14 111.9 27.1 195.9 199.7 1.0 14 183.6 44.1 263.2 200.0
008812,1.0 14 22.5 201.0 345.5 374.5
008816,0.9 14 43.4 55.8 457.5 374.4 0.9 14 123.2 55.8 459.9 375.2
008818,0.9 14 1.0 40.5 234.4 375.5 0.8 14 0.1 39.2 179.6 375.4 1.0 14 236.6 51.8 499.0 374.4
008820,0.9 3 78.8 58.1 283.6 235.3 0.9 14 152.2 175.3 276.5 396.2
008821,0.8 15 193.5 196.0 232.0 261.5 0.9 8 80.2 210.6 185.9 255.9 0.7 17 43.0 251.3 498.8 376.0 1.0 15 228.9 201.2 311.5 265.2
008824,1.0 6 378.0 271.0 499.4 378.3 1.0 6 457.4 140.9 499.9 170.2 1.0 13 92.4 224.7 247.2 330.9 1.0 6 128.3 146.0 213.8 210.8 1.0 6 376.4 119.6 443.4 156.2 1.0 14 129.9 194.1 203.3 307.8 1.0 6 313.5 147.6 423.7 211.2 1.0 6 212.2 146.1 325.0 211.0 0.9 6 329.6 124.3 380.2 150.9
008825,0.9 0 144.7 130.2 398.4 216.3
008827,0.9 11 14.1 139.1 173.9 249.6 0.5 11 98.9 176.8 174.3 253.3 1.0 11 211.8 167.9 399.3 272.7
008828,1.0 6 89.3 182.8 139.8 229.0 1.0 6 120.2 106.0 149.4 133.9 1.0 6 110.6 124.4 141.5 153.9 0.6 14 181.2 86.8 192.0 106.2 1.0 6 143.0 92.0 166.9 117.5 1.0 6 88.5 227.1 155.9 291.7 1.0 6 94.0 148.7 135.6 184.4 1.0 13 183.4 361.5 230.3 442.2 1.0 14 189.7 334.2 233.6 384.3
008829,1.0 14 163.5 46.9 217.2 102.8 1.0 14 76.3 28.9 123.1 114.2 0.9 14 431.6 51.4 451.0 73.9 0.7 14 381.3 60.2 404.3 131.9 1.0 14 450.3 16.4 499.7 221.5 0.7 14 383.0 59.3 403.7 88.3 0.7 14 431.2 50.2 458.0 99.4 1.0 14 354.0 62.1 386.9 98.8 1.0 14 128.9 72.7 161.6 105.7 1.0 6 32.5 63.1 401.8 250.4 1.0 14 389.2 60.0 418.8 136.4 0.6 14 383.7 60.2 403.5 80.5
008830,1.0 7 74.1 122.9 256.9 255.5 0.7 8 251.5 -0.2 423.8 281.8
008832,1.0 2 218.1 161.8 286.9 240.7
008834,0.7 4 386.8 44.5 403.7 81.9 0.6 8 441.8 76.8 499.7 162.3 1.0 17 1.5 84.1 477.4 285.5
008839,0.9 14 17.5 15.9 70.0 233.8 0.9 14 67.3 151.6 152.6 295.1 0.9 1 6.7 146.5 187.5 333.9 1.0 14 99.9 49.6 230.6 247.9 0.6 14 0.5 9.2 58.2 332.9 0.8 14 333.8 53.8 427.0 220.1 0.7 1 35.6 206.1 186.9 333.3 0.6 14 12.7 151.6 184.2 332.9 0.9 1 9.0 198.6 187.0 333.5 0.7 14 332.4 55.2 432.9 273.2 1.0 1 294.8 144.2 455.8 324.8 0.9 1 1.5 121.2 66.0 184.3 1.0 14 332.1 55.2 462.0 312.0
008842,1.0 2 205.0 108.2 265.4 161.7
008844,1.0 14 1.1 76.2 296.2 500.7 1.0 8 102.4 170.6 341.1 500.9
008845,1.0 14 63.1 21.1 303.6 338.1 0.7 13 52.3 104.2 455.7 366.1 1.0 13 105.0 115.3 456.3 366.6
008846,1.0 7 190.2 97.6 442.9 257.1
008850,0.7 15 171.0 25.4 293.4 179.8 1.0 15 169.7 23.5 313.3 222.4 1.0 15 285.2 2.9 402.3 142.1 0.9 15 74.7 152.1 246.9 325.1
008851,1.0 19 108.4 73.1 249.8 237.1 0.7 4 108.0 310.5 157.9 374.9 0.7 19 366.6 43.4 500.1 228.4
008852,1.0 13 28.6 1.9 487.2 295.0
008853,0.8 9 107.4 195.3 325.8 326.8
008855,0.7 18 49.2 49.2 302.2 361.8
008857,0.7 14 28.7 87.3 142.5 190.6 0.9 14 92.4 29.5 322.5 374.8 0.6 14 93.7 30.7 320.7 320.7 0.7 14 25.5 78.9 184.6 375.4 0.9 14 90.2 39.8 497.9 375.6 0.8 14 165.0 43.9 499.2 375.7
008860,0.9 11 1.4 1.5 294.5 289.2 0.7 11 227.2 88.4 499.1 275.8
008861,0.9 0 353.9 223.4 389.1 263.0
008863,0.9 9 307.0 213.1 355.8 263.6 0.8 9 102.3 231.5 155.7 291.4 0.8 9 433.5 214.2 477.4 266.9 0.8 9 198.4 240.7 246.6 297.4 0.6 9 121.5 208.1 154.8 237.5 0.6 9 224.2 198.1 249.4 242.0 0.9 9 64.2 235.5 126.8 298.5 0.9 9 251.7 211.3 289.6 261.7 0.9 9 344.2 211.3 392.5 263.5
008864,1.0 14 143.7 76.0 206.0 194.5 0.7 8 1.2 191.9 99.9 326.2 1.0 14 108.8 147.5 185.9 297.4 0.7 17 341.2 154.0 498.8 317.4 0.7 14 109.8 146.7 212.6 238.7 0.9 14 52.2 148.2 113.5 222.7 1.0 14 44.8 170.9 156.2 312.7 0.8 17 1.5 184.8 284.3 327.8 1.0 14 232.2 67.6 345.6 291.7 1.0 14 329.4 107.4 465.3 327.5
008866,0.6 6 406.9 249.5 499.0 365.9
008868,0.8 3 234.1 125.9 377.8 221.9 0.5 13 313.2 189.7 393.2 324.1 0.8 3 20.2 166.2 190.4 255.4 0.7 3 232.7 126.8 429.4 223.7 0.9 3 232.5 125.5 376.7 226.9 1.0 14 367.8 128.7 443.4 312.7 1.0 13 313.1 189.7 415.7 325.7
008869,1.0 14 134.7 255.7 158.4 324.9 0.5 3 157.0 1.9 320.1 294.2 0.5 3 0.6 90.8 64.1 374.8 0.6 3 308.7 2.6 482.3 295.4 0.8 3 214.3 226.1 318.4 299.8 0.9 3 22.2 140.3 80.2 280.2 0.9 3 159.4 1.5 480.5 298.5 0.6 3 23.6 243.2 75.8 281.1
008870,0.9 2 243.1 133.0 390.8 245.3 0.9 2 134.4 147.5 291.2 276.6 0.6 1 35.4 235.4 494.8 334.2
008875,1.0 11 50.5 76.9 239.6 284.8 1.0 7 213.4 260.0 374.4 500.7
008877,0.0 0 0.0 0.0 10.0 10.0
008881,1.0 0 279.1 102.7 341.0 216.3
008882,1.0 14 87.0 74.2 238.8 306.7 1.0 12 92.0 121.4 233.6 430.5
008887,0.8 19 60.3 188.0 130.9 251.4 0.6 19 58.8 64.3 157.8 111.6 0.7 19 58.9 66.4 159.5 130.4 0.8 8 0.6 167.5 92.6 376.4 1.0 19 177.9 135.1 295.8 243.9 1.0 19 355.5 33.9 446.8 136.6
008889,0.8 11 261.8 92.8 344.5 172.7 1.0 11 90.4 112.3 282.6 336.2 0.8 17 35.3 26.7 403.2 375.2 0.6 8 37.8 25.8 403.4 374.9
008893,0.9 18 22.8 125.9 300.0 293.0 0.7 18 20.0 92.7 300.4 292.3
008894,1.0 14 0.9 3.4 498.8 500.4 1.0 4 222.7 100.7 389.6 501.1
008895,0.9 6 236.1 170.8 262.9 198.1 1.0 1 116.6 289.0 223.7 373.5 1.0 5 0.0 128.2 177.2 301.9 1.0 14 43.7 194.9 101.1 337.0 1.0 6 270.3 162.8 323.1 204.4 1.0 6 289.7 191.2 424.8 251.1
008896,1.0 6 185.9 119.3 384.6 197.0
008897,0.8 19 433.7 0.4 496.2 38.7 1.0 14 181.6 77.0 382.1 335.2
008898,0.5 11 101.1 43.1 301.5 219.8 0.9 11 -0.3 43.1 301.8 375.8
008899,0.5 12 261.4 49.4 407.1 216.5 1.0 14 220.1 18.0 332.6 203.5 1.0 12 73.2 46.3 406.7 344.4
008901,1.0 14 215.4 128.4 265.0 237.4 0.6 13 230.7 169.0 400.7 374.6 0.9 13 57.9 235.2 275.2 374.6 0.9 14 134.2 138.6 254.7 307.4 0.8 14 135.4 137.6 265.0 375.4 0.8 14 255.5 126.1 393.4 374.2 0.6 14 256.4 125.1 339.1 330.3 0.6 14 212.2 127.6 269.6 373.2 0.9 14 267.6 163.1 391.5 374.5 0.7 14 258.5 123.7 338.9 195.1
008902,1.0 4 126.8 274.1 152.0 317.5 1.0 14 96.3 59.1 383.0 375.7
008903,1.0 6 10.6 153.3 56.1 175.4 1.0 6 243.1 146.5 359.3 227.8
008904,0.7 15 61.8 116.2 331.5 492.3 0.7 15 65.2 118.1 331.7 424.2
008906,1.0 7 181.9 164.9 262.9 232.0
008907,0.8 14 1.1 0.2 111.4 197.6 0.7 14 242.8 0.6 470.6 100.7 1.0 11 23.5 35.8 476.9 359.1 0.9 14 237.2 1.5 478.8 357.7
008908,0.8 0 0.9 3.1 498.3 257.1
008910,0.8 6 109.0 115.0 132.7 133.7 0.8 6 29.0 176.3 86.7 218.9 0.9 6 113.4 182.4 158.6 214.7 0.7 6 115.0 158.7 149.6 185.0 0.9 6 201.0 205.3 248.7 242.1 1.0 6 196.1 176.9 233.6 207.3 1.0 6 247.2 156.3 283.9 183.9 0.6 6 191.1 87.4 210.9 102.8 0.9 6 227.2 98.2 250.1 114.6 0.8 6 173.5 71.6 201.3 94.5 0.9 6 202.9 93.4 223.6 109.1 0.9 6 109.5 215.7 153.3 241.9 0.9 6 94.1 131.4 117.9 150.3 0.8 6 29.8 176.5 69.8 217.9 0.9 6 108.9 143.7 133.6 164.4 1.0 6 172.0 146.0 206.2 181.1
008912,0.7 16 252.3 167.7 288.1 200.4 0.9 16 286.5 181.4 320.3 240.7 0.7 16 251.8 167.1 284.8 192.6 0.8 16 252.3 169.9 290.6 235.9 0.9 16 22.3 161.3 275.8 331.9 0.9 16 343.8 185.8 411.2 237.3
008915,1.0 6 283.6 290.8 332.9 381.0 1.0 14 18.9 284.8 48.9 361.9 0.9 5 34.7 103.6 282.5 393.0
008916,1.0 14 96.1 45.4 207.2 332.9 1.0 14 201.4 74.0 296.8 257.5 1.0 14 291.7 92.6 396.6 332.9
008918,1.0 14 166.8 154.6 305.5 374.9 0.5 14 42.7 14.2 222.0 375.7 1.0 14 1.7 13.5 227.3 376.4 0.8 17 0.0 93.9 498.9 376.0 0.9 14 170.2 154.6 357.8 374.5 1.0 14 245.3 2.2 465.3 374.9
008922,0.7 4 384.9 157.4 397.0 188.4 0.9 14 322.4 147.3 374.9 194.8 0.8 14 257.9 148.0 373.7 206.1 0.8 14 256.6 155.3 319.3 205.0 1.0 8 0.5 210.3 92.4 376.2 0.9 17 224.6 224.7 442.1 374.1 0.8 8 222.7 226.4 440.5 375.6
008924,0.7 7 2.5 71.3 299.7 352.5 0.9 7 1.2 68.6 455.0 353.2 0.9 7 0.3 68.2 498.8 356.1 0.5 7 152.7 70.1 498.3 354.3
008925,1.0 4 193.9 39.1 261.8 316.7 1.0 4 394.0 39.8 462.2 319.0 0.7 4 441.9 56.3 487.5 267.9 0.7 4 153.6 64.5 186.1 150.2 0.7 4 355.0 65.0 391.1 145.2 0.8 4 406.4 38.5 453.7 121.5 0.8 4 0.6 36.4 46.3 305.7 1.0 4 77.2 39.3 161.7 312.0 1.0 4 365.0 57.2 412.9 273.4 0.9 4 26.7 50.0 85.5 206.6 0.7 4 124.6 50.9 157.6 123.3 0.8 4 393.5 53.3 486.8 321.2 1.0 4 151.1 61.9 189.6 245.6 1.0 4 288.5 39.0 355.5 316.6 0.8 4 399.2 39.2 453.8 277.2 0.9 4 31.2 50.7 75.0 131.0
008928,1.0 14 202.5 95.6 271.6 364.5 1.0 14 405.0 89.8 481.6 374.7 0.5 14 314.1 91.2 380.4 375.0 0.6 14 464.3 113.9 488.7 155.0 1.0 14 95.4 91.2 162.0 309.9 1.0 14 140.3 94.0 214.9 375.8 0.9 14 95.1 89.4 162.0 376.5 1.0 14 11.5 106.4 115.9 376.3 0.5 14 479.7 98.4 500.0 210.1 1.0 14 361.3 78.0 422.3 374.3 1.0 14 256.7 82.5 331.4 370.4 1.0 14 312.3 90.6 379.6 373.9
008934,1.0 2 26.2 75.9 216.7 345.9
008935,0.6 7 105.6 13.8 427.9 322.7 1.0 7 103.3 12.8 481.3 324.4
008937,0.9 2 200.4 81.0 302.9 225.9 0.6 15 5.5 1.6 494.1 334.0 0.9 15 0.9 1.5 264.1 333.8 0.9 2 204.4 80.7 302.6 302.8
008938,0.6 8 75.9 50.6 210.4 377.3
008941,0.8 8 417.8 230.1 498.9 334.0 1.0 8 5.2 94.3 175.7 263.4 1.0 14 162.5 73.1 333.9 324.8 1.0 14 302.8 135.2 444.9 366.5
008945,1.0 14 155.6 27.2 319.6 222.9 0.9 10 1.6 171.8 496.4 334.4 0.6 8 262.9 45.1 328.5 133.7
008946,0.8 8 315.4 232.0 424.5 319.5 0.9 19 1.1 168.9 130.4 281.7 1.0 14 241.1 145.9 356.5 304.5
008947,0.9 15 267.2 143.8 343.9 257.7 0.6 17 59.6 215.9 199.5 361.2 0.8 8 60.2 217.1 197.4 361.4 1.0 10 168.1 244.8 497.5 375.9
008949,0.9 19 233.5 1.5 495.6 214.4 0.9 6 0.2 236.1 101.4 359.6 0.5 19 248.4 0.2 483.2 170.2 0.6 19 240.5 84.2 496.8 205.0
008950,1.0 0 115.4 54.8 290.5 189.3
008952,0.7 14 267.0 109.1 353.2 221.8 1.0 13 267.9 119.4 360.5 238.7
008954,0.5 19 185.4 13.7 321.0 125.7 0.9 19 89.1 27.4 198.9 127.3 0.6 8 1.5 37.4 133.1 206.7 0.8 8 411.2 66.6 499.3 259.1 0.8 8 16.6 260.5 203.7 375.1 0.9 8 -0.5 108.4 199.1 377.1 0.8 8 23.7 117.8 171.6 272.3 1.0 19 188.4 11.9 433.6 182.2
008956,0.7 2 114.6 27.5 370.3 332.4 0.7 2 181.1 27.6 364.7 280.9 0.8 2 30.2 1.7 238.3 332.6 0.6 2 49.4 26.7 365.9 334.3 0.7 2 177.4 25.9 367.6 245.5
008957,0.8 8 0.8 173.1 42.7 265.0 1.0 14 182.5 63.4 242.3 132.6 1.0 14 222.8 80.2 377.4 375.0 0.8 14 342.9 244.9 439.3 374.8 0.5 14 346.1 246.4 486.1 375.3 0.9 4 475.9 313.2 499.7 374.2 0.6 14 182.4 64.0 243.3 187.5 0.9 8 28.7 164.6 101.0 265.9 1.0 14 107.9 102.4 247.5 376.2 1.0 14 299.4 51.1 405.4 310.0 1.0 14 299.9 49.9 401.9 179.7
008959,0.5 2 198.5 73.7 271.7 153.0 0.8 2 268.9 213.8 377.8 276.8 0.9 2 271.4 148.0 373.9 273.7 0.8 2 106.3 168.2 297.1 374.6 0.6 2 105.5 147.0 374.5 375.7
008963,1.0 14 160.9 61.7 328.0 375.0 0.9 8 96.6 241.6 202.6 356.2 0.7 8 82.3 188.1 135.9 237.0 0.6 8 3.3 242.2 116.8 348.8 1.0 14 282.6 64.9 500.8 375.2
008964,0.5 11 103.9 129.6 259.8 333.6 0.8 11 22.5 76.9 138.0 162.2 0.9 14 0.8 98.7 170.5 332.8 0.7 11 100.2 101.6 499.7 334.3 0.5 11 221.9 103.8 497.6 266.9
008972,0.6 7 120.2 78.0 296.6 270.4 1.0 7 91.1 79.7 341.5 476.9 0.8 7 90.6 77.9 478.1 477.6
008974,1.0 14 6.3 139.1 210.6 375.2 1.0 14 187.5 7.2 411.0 374.8
008977,1.0 11 67.3 39.4 403.8 314.3
008981,1.0 2 126.6 97.1 345.8 368.4
008984,0.9 2 243.1 453.0 295.8 500.0 1.0 2 151.5 218.0 196.7 295.9
008986,0.6 0 85.6 221.9 182.6 290.3 1.0 0 80.4 124.2 401.8 288.7
008990,0.5 11 30.8 102.1 116.4 282.8 0.6 14 0.5 1.2 115.0 276.8 0.8 14 13.9 23.4 280.7 449.9 0.8 14 122.1 24.8 281.3 442.2
008991,0.6 8 342.9 245.8 481.9 374.8 0.8 8 107.4 97.4 282.9 280.3 1.0 8 112.5 185.1 283.7 365.2 0.7 8 128.4 277.7 273.8 368.4 0.7 8 105.1 99.0 212.8 220.8 0.6 4 68.0 104.3 90.7 146.8 1.0 8 313.5 247.7 479.1 375.2 1.0 19 300.1 84.4 358.6 153.0
008992,0.5 16 17.4 127.1 223.2 374.1 0.6 16 18.1 125.5 336.6 375.1
008993,1.0 14 167.6 128.7 281.8 373.8 1.0 14 247.1 83.3 373.0 375.4
008994,1.0 13 1.5 189.7 133.2 351.9 0.7 13 144.9 152.2 385.3 354.3 1.0 13 152.9 180.3 383.9 355.2
008996,1.0 6 335.4 137.4 374.6 202.5 0.9 7 50.1 182.2 290.3 461.0
008998,0.9 3 411.4 228.2 453.8 289.4 0.9 3 117.3 243.1 159.6 290.3 0.9 3 5.4 242.8 32.6 271.1 0.7 3 297.0 243.2 312.5 266.9 1.0 3 61.3 222.2 94.9 275.9 0.9 3 238.1 246.1 270.6 282.1
009001,1.0 14 170.8 361.5 183.9 396.3 1.0 3 97.0 70.9 190.4 418.6 0.6 3 97.6 367.2 192.1 423.3
009003,0.6 4 11.0 137.9 62.2 228.8 1.0 14 0.7 61.1 331.4 498.6 0.8 14 0.5 121.1 331.6 499.8
009008,1.0 6 291.8 36.8 325.5 57.5 1.0 13 24.2 63.5 452.1 295.4
009009,1.0 8 257.0 322.2 366.8 501.0 0.9 8 3.3 45.6 194.3 501.8
009010,0.8 8 293.7 134.3 422.0 288.6 0.6 8 84.0 72.2 162.7 220.4 1.0 8 108.4 71.0 165.2 223.6 0.7 8 292.8 80.2 338.5 239.7 0.9 19 1.3 -0.0 70.9 72.5 1.0 8 292.1 135.6 403.8 283.7
009011,1.0 14 338.8 2.2 445.0 350.4
009012,1.0 4 294.5 83.0 364.4 215.4 1.0 4 325.0 25.2 367.6 173.2 0.8 14 241.6 0.4 349.9 168.3 0.6 4 155.8 1.6 249.9 222.8 1.0 4 113.1 1.7 279.8 498.6 0.8 14 105.0 0.8 372.8 163.4 0.7 4 158.2 1.5 279.4 268.1 0.9 4 299.7 22.9 367.3 212.0 0.6 14 240.6 0.9 363.1 132.4 0.7 14 242.5 0.5 345.1 137.2
009013,0.5 8 416.4 227.3 498.3 326.7 0.7 8 44.4 135.0 123.8 330.0 0.6 8 76.7 136.0 122.0 236.3 0.9 17 69.4 229.0 414.4 375.1
009014,0.7 11 265.4 195.1 341.3 309.5 1.0 14 85.6 34.2 102.1 78.4 1.0 14 115.6 36.4 131.8 82.0 0.8 11 252.4 195.7 340.7 308.8
009017,0.8 14 11.4 92.5 102.7 233.8 0.9 14 104.3 76.1 202.5 249.6 0.8 14 104.3 77.3 174.8 234.7 0.5 14 106.5 43.6 309.5 268.1 0.7 14 115.5 76.3 170.7 176.4 0.9 14 1.3 92.5 103.7 279.0 0.9 14 161.1 48.1 307.9 283.4 1.0 14 188.7 24.9 459.2 374.1
009021,0.9 5 21.5 50.3 284.8 438.0
009023,0.9 14 241.0 34.1 263.5 52.2 0.7 14 213.1 37.2 231.2 58.2 0.5 6 0.9 25.1 109.7 193.1 1.0 14 420.7 35.6 458.1 137.2 0.5 14 383.9 37.1 400.5 62.2 1.0 6 389.2 51.5 479.1 126.4 0.8 14 127.8 20.6 174.2 104.5 0.6 14 180.7 20.4 202.9 42.8 0.9 14 98.0 26.7 121.2 98.4 0.9 14 16.4 14.4 58.8 144.7 0.8 14 151.8 18.8 176.5 59.0 0.9 14 177.8 23.3 206.9 68.5 1.0 14 15.0 16.2 67.3 177.8 1.0 6 46.1 50.0 407.0 324.4 0.7 6 1.3 29.1 112.2 117.9 0.5 14 157.4 19.3 181.2 62.0 0.7 14 16.6 16.0 56.5 89.9 1.0 14 286.1 33.7 305.8 52.8
009025,0.5 11 52.3 27.3 356.5 332.4 1.0 11 51.6 26.7 384.3 332.4
009026,0.9 3 35.3 303.0 170.5 359.9 0.9 3 1.0 223.9 54.7 268.3 0.8 3 54.2 224.7 145.3 272.6 0.6 3 212.5 240.7 291.4 273.9 0.8 3 212.8 226.2 303.8 272.0
009028,0.8 1 100.3 96.7 371.8 322.6 0.8 1 167.5 98.9 373.9 322.6 1.0 14 160.2 32.7 317.0 241.6 0.8 1 165.2 96.8 317.8 274.6 0.9 1 8.5 96.0 369.0 375.5 0.5 1 5.5 178.4 371.0 376.2 0.6 1 170.0 99.2 371.0 320.1 0.6 1 163.8 97.2 369.9 324.3
009030,0.7 6 374.1 292.1 499.3 375.0 0.6 3 147.0 324.2 320.2 374.6 0.9 0 2.8 84.6 421.5 288.8
009031,0.8 8 442.5 99.2 499.8 163.3 0.6 16 410.4 73.7 431.9 88.4 0.9 16 130.8 98.3 150.4 116.5 0.9 16 227.5 146.5 259.2 189.0
009033,1.0 6 123.6 333.5 241.8 391.4 1.0 6 210.5 330.6 303.2 374.5 0.8 6 26.0 333.3 164.8 400.6 1.0 6 322.0 326.8 374.8 361.8 1.0 6 0.8 337.1 142.7 410.5 1.0 6 0.5 340.2 70.0 417.6 1.0 6 272.0 322.5 350.9 365.5 0.8 6 199.6 329.2 261.0 374.2
009038,1.0 5 124.4 70.9 363.7 251.5
009040,1.0 4 364.2 9.9 477.5 250.5 0.8 14 261.8 140.5 321.5 300.4 0.9 14 184.6 146.0 260.0 349.6 1.0 14 184.0 145.8 279.5 351.2
009041,0.6 14 232.7 47.5 267.0 98.8 1.0 13 145.2 97.7 373.9 277.6
009043,0.7 14 2.9 110.8 312.2 329.6 0.5 14 161.6 106.6 331.0 247.9 0.6 14 3.5 109.3 306.0 303.4 0.6 14 3.1 109.2 302.2 302.7 1.0 14 2.8 109.3 463.1 329.8
009044,0.9 14 27.4 51.8 88.9 166.8 0.9 14 400.3 40.0 436.3 73.0 0.8 14 475.4 58.6 499.9 106.5 0.8 14 461.3 59.0 500.0 158.4 1.0 14 73.7 65.4 109.2 121.0 0.7 14 341.1 79.6 361.2 106.2 0.6 14 0.8 63.3 29.9 168.4 0.9 14 0.8 63.9 32.5 223.0 0.6 14 429.4 55.4 448.2 72.6 0.9 14 0.8 64.0 29.8 120.7 1.0 14 24.6 52.4 91.7 252.4 0.8 14 106.4 72.1 124.8 99.4 1.0 13 44.3 44.5 498.0 299.0 0.8 14 183.6 1.1 266.3 82.9
009046,0.7 14 354.1 183.7 421.0 307.1 0.9 14 153.5 1.1 336.8 265.5 1.0 12 63.3 152.0 419.2 501.0 0.9 14 151.0 2.7 355.5 423.1
009047,0.6 1 -0.2 166.4 209.7 333.3 1.0 14 179.2 0.5 244.2 130.9 0.8 14 85.5 23.3 107.7 59.5 0.6 13 170.2 54.5 387.9 177.4 0.8 14 409.9 10.4 447.6 166.8 1.0 14 427.6 0.4 491.8 168.0 0.9 14 101.2 0.9 165.0 176.1 0.7 14 333.2 0.3 398.7 87.1 1.0 14 408.2 10.2 446.6 103.2 1.0 14 272.2 0.5 327.1 64.8 0.7 13 152.4 55.4 376.5 184.2 1.0 14 102.1 1.0 164.3 117.8 0.9 13 27.8 49.7 387.1 236.7 0.6 13 1.7 53.1 457.0 332.8 0.8 13 304.1 62.4 389.1 175.2 0.8 13 286.1 48.2 389.1 174.2 0.9 14 270.1 0.7 327.6 151.2 0.9 14 335.5 0.4 401.1 81.7 1.0 14 334.0 1.0 401.8 191.3
009050,0.9 14 474.4 13.2 489.1 44.4 1.0 14 450.6 13.1 465.5 46.6 0.9 14 174.9 12.7 192.9 68.2 0.8 13 38.3 89.3 457.0 320.6 0.9 13 1.3 42.6 115.0 177.9 1.0 13 34.1 42.9 459.2 320.0 0.8 14 164.9 9.6 181.7 68.1 0.8 13 255.7 46.9 368.3 125.3
009052,1.0 14 336.3 131.7 374.6 163.1 1.0 6 210.7 108.4 465.9 284.7
009054,1.0 2 94.5 298.0 184.3 383.6
009055,0.0 0 0.0 0.0 10.0 10.0
009056,1.0 8 335.1 228.1 427.6 330.6 1.0 8 317.0 207.9 378.3 274.2 1.0 8 94.3 226.2 182.3 325.3 0.9 8 146.3 208.6 206.9 312.5
009057,0.7 7 112.7 84.0 429.7 328.2 0.5 7 169.0 86.2 273.6 241.3 0.7 7 135.9 84.4 430.8 333.6 0.6 7 110.1 84.3 270.9 263.7 0.9 7 170.8 84.7 429.0 314.7
009061,1.0 11 154.9 109.4 415.7 333.2
009062,0.5 6 88.4 132.5 218.5 216.5 0.8 5 257.2 132.8 395.5 239.2
009065,1.0 13 13.1 106.3 469.7 315.5
009067,1.0 14 173.8 81.8 302.7 250.8 1.0 12 100.5 105.1 435.6 360.9 0.8 12 97.2 106.0 438.9 449.4
009069,0.9 14 252.5 0.4 312.0 53.5 0.5 14 183.8 0.5 250.0 61.1 0.5 14 10.0 38.7 55.6 137.2 0.8 14 0.6 0.4 57.2 180.3 0.9 14 366.2 0.6 443.0 90.0 0.5 13 1.9 4.3 497.1 374.2 0.9 14 1.0 -0.0 73.0 124.0 1.0 13 1.3 34.8 498.0 336.1
009070,0.8 17 88.9 162.8 361.0 359.2 0.6 19 0.9 85.2 44.7 227.7 0.9 17 85.7 161.3 428.2 358.9 0.9 4 355.6 79.4 379.9 177.4
009071,0.7 6 -0.4 -0.1 153.3 123.1 1.0 6 63.8 84.8 468.5 286.3
009074,0.7 14 191.3 92.4 269.8 187.0 1.0 12 173.2 148.5 256.8 323.0 0.7 14 177.3 92.4 273.0 256.0 0.8 14 180.0 92.6 271.8 271.7
009075,0.9 4 87.3 316.7 171.6 374.5 0.8 14 333.6 96.8 499.1 374.6 0.6 8 427.6 125.9 482.3 176.7 1.0 14 270.3 64.7 346.3 234.7 1.0 14 137.1 32.6 277.2 217.6 0.5 14 130.7 32.3 279.1 259.5 1.0 4 99.2 240.9 140.0 328.1 1.0 14 0.7 108.7 128.6 325.6 1.0 14 131.0 147.3 277.6 301.2 1.0 4 332.6 223.8 374.5 350.6 0.6 10 0.8 273.4 425.8 375.5 0.7 14 272.3 65.8 349.4 282.8 0.9 14 331.9 96.8 491.1 334.6 1.0 14 274.8 155.5 450.1 328.5 0.9 14 277.8 96.5 489.8 333.5
009076,1.0 0 2.1 144.2 497.4 375.3
009077,1.0 14 394.6 98.0 463.6 240.5 0.7 6 172.4 140.8 205.3 168.4 1.0 14 152.4 116.5 179.0 197.8 1.0 14 88.8 123.9 138.8 209.1 1.0 14 316.5 105.7 414.4 258.3 1.0 14 29.2 140.0 70.0 184.3 1.0 14 281.1 101.9 336.3 262.4
009081,1.0 6 78.5 60.1 463.2 321.3
009082,0.9 9 180.1 138.4 283.5 269.4 0.9 9 1.6 94.9 218.6 342.9
009083,0.9 0 1.1 163.2 492.4 306.0 0.7 0 203.9 176.3 494.2 301.0 0.5 0 103.4 168.6 495.4 300.6
009084,1.0 14 368.8 47.2 387.3 114.4 0.8 11 1.2 220.3 81.1 374.2 1.0 14 435.4 63.7 463.6 134.5 0.9 11 123.6 73.9 235.1 251.5 0.9 14 384.2 28.9 411.9 124.3 1.0 13 38.8 78.2 485.7 376.0 0.6 13 303.9 80.4 436.3 184.9 0.9 14 385.3 28.0 412.5 85.7
009088,0.7 16 -0.2 155.2 224.2 374.8 0.6 11 216.5 2.7 458.7 373.4
009090,0.7 15 152.4 178.4 224.1 227.2 1.0 7 230.4 76.8 348.2 194.7
009092,0.8 14 208.5 162.0 222.2 207.9 0.9 6 400.9 170.3 432.3 226.2 1.0 5 220.7 110.3 360.1 230.1 0.9 5 358.3 149.6 402.3 212.0 1.0 14 191.9 167.6 207.8 209.0
009093,0.6 16 172.1 73.0 432.1 253.2
009095,1.0 8 35.5 422.6 180.8 500.2 0.9 10 1.9 319.8 237.9 500.7 0.8 8 142.6 293.3 201.5 359.2
009096,0.9 6 22.0 32.8 98.1 68.7 0.9 6 7.6 44.3 336.7 172.9 0.9 6 165.1 88.9 340.0 175.9
009097,1.0 19 0.6 68.7 116.0 233.1 0.8 4 255.6 0.9 330.7 102.9 0.8 4 182.8 1.9 372.4 203.1 0.7 4 179.0 3.2 318.2 199.9
009101,1.0 14 234.0 89.5 272.0 130.2 0.9 12 160.3 101.2 362.4 318.5 0.9 14 363.0 81.5 476.7 311.7 0.9 12 345.1 139.6 462.2 318.4 0.6 12 268.2 103.0 367.9 232.7 1.0 14 379.6 82.9 461.9 215.1 0.6 14 232.4 90.2 309.3 222.0 1.0 14 79.4 17.6 184.5 317.6 0.6 14 81.5 15.7 185.6 221.1 1.0 14 82.8 16.4 147.7 141.2 0.7 12 24.3 79.5 185.8 319.4 0.9 12 2.1 79.4 188.7 317.6 0.6 12 49.8 103.0 362.9 318.2 0.5 12 372.8 139.9 461.9 318.8 0.6 12 389.3 140.1 474.4 318.1 0.6 14 374.8 82.7 468.1 257.3
009102,0.9 14 2.0 154.2 254.9 374.6 0.9 14 2.6 155.6 170.4 371.3 1.0 2 306.4 156.8 357.9 208.6
009103,0.9 11 141.6 133.8 353.7 294.6 0.6 11 351.8 217.1 472.8 279.9 0.7 11 98.8 -0.0 499.8 265.2 0.7 11 206.9 0.2 499.6 257.5
009104,0.7 2 25.4 68.4 215.7 131.8 0.9 2 149.0 180.7 221.6 255.5 0.6 2 32.9 69.5 190.3 127.5 1.0 2 223.7 151.2 300.5 247.4
009107,0.9 7 0.9 89.8 254.8 375.4 0.9 7 -1.0 46.5 409.3 375.0
009109,0.8 19 0.9 1.5 61.7 173.4 0.9 1 291.8 238.0 361.2 318.5 0.7 1 303.2 237.4 359.1 317.7 0.6 8 370.2 281.8 499.6 345.3
009110,0.6 14 149.5 64.0 293.7 163.3 1.0 14 146.7 63.7 292.2 257.4
009111,1.0 6 457.7 175.9 494.6 197.1 0.8 5 0.7 107.4 133.1 241.5 1.0 5 149.6 65.4 435.3 271.6
009115,1.0 14 124.3 57.3 265.7 366.9 0.8 13 238.5 134.1 343.0 285.0
009118,0.9 14 149.5 157.0 262.2 220.7 0.8 8 385.8 230.6 459.8 367.8 1.0 17 140.9 157.6 384.3 322.0
009119,1.0 14 458.2 143.2 488.7 223.0 0.6 14 437.0 159.4 456.8 220.5 1.0 14 390.8 161.1 415.1 203.8 0.9 14 465.8 142.0 491.8 180.1 1.0 6 157.0 172.2 452.5 302.8 0.9 6 288.3 127.5 387.2 185.8
009120,1.0 3 270.4 123.4 348.4 160.6
009122,1.0 14 81.6 295.5 95.9 329.4 0.9 14 102.1 293.3 116.6 329.6 0.9 5 12.2 266.9 180.7 321.3 1.0 6 126.2 292.5 201.1 332.1 0.7 6 223.8 282.3 283.9 310.0 1.0 6 223.4 303.6 290.3 336.3 1.0 5 287.2 266.2 499.4 358.9
009124,0.7 18 125.5 51.3 409.2 287.0 0.6 18 127.1 32.2 497.8 303.6 1.0 14 217.3 188.0 285.9 321.6
009125,0.7 3 266.4 81.9 294.5 145.8 0.7 3 214.0 93.3 240.9 167.1 0.6 3 107.6 104.3 129.5 159.1 0.6 14 474.1 168.0 489.9 208.4 0.7 3 393.7 34.5 441.6 182.4 0.7 3 266.1 81.2 294.1 154.0 0.8 14 41.0 164.7 53.1 196.9 0.6 3 152.0 99.9 176.2 155.5 1.0 14 59.2 166.6 257.4 374.8 1.0 14 151.4 178.9 392.2 373.2 1.0 6 119.7 180.9 264.7 237.1 0.7 14 467.7 172.6 483.0 207.2 0.9 3 319.5 62.1 356.5 147.5
009127,0.9 14 373.5 203.0 499.3 375.4 0.9 14 336.4 205.9 478.8 374.9 1.0 14 335.1 203.7 406.0 297.7 1.0 14 61.0 171.7 169.8 375.2 0.7 14 417.3 200.3 499.0 375.3 0.9 14 415.4 202.9 498.8 317.5 0.9 14 0.9 149.7 102.7 375.2 1.0 14 145.6 22.5 384.6 374.4
009130,0.8 12 117.2 162.0 312.7 422.3 0.6 12 260.0 159.1 346.7 337.2 0.8 12 258.2 147.9 349.0 274.3 0.6 12 255.4 151.3 347.6 339.1 1.0 14 139.5 75.9 285.1 302.9 0.9 12 37.6 155.4 317.1 424.6 0.6 12 33.2 151.1 347.0 463.4
009132,0.6 7 81.6 48.6 420.2 250.2 1.0 7 82.2 48.9 423.6 304.4
009134,0.5 18 27.9 98.7 308.4 270.1 0.9 18 31.7 78.1 406.0 286.1 0.7 18 291.0 79.7 397.7 284.0
009135,1.0 1 73.7 96.0 435.8 323.0
009137,1.0 3 211.8 146.8 262.3 169.4 0.7 3 1.2 114.6 63.3 134.7 0.9 3 93.0 138.5 155.3 165.3 0.9 3 48.6 154.1 115.3 172.5 0.7 3 48.1 140.3 155.0 171.1 0.9 3 375.2 126.8 412.2 147.2 0.6 3 252.6 138.5 288.4 155.8 0.9 3 278.4 125.1 319.6 146.1
009139,0.8 14 259.7 0.8 311.0 45.4 1.0 14 203.9 0.7 254.0 64.5 1.0 14 399.6 2.3 499.9 374.2 0.7 14 15.1 0.6 39.9 36.5 1.0 14 387.5 1.9 437.2 63.9 1.0 14 159.6 5.5 201.2 82.4 0.6 14 260.0 0.5 315.6 81.7 0.7 14 0.9 1.3 43.7 110.7 1.0 14 0.7 1.3 46.9 201.1 0.8 13 108.7 225.3 233.6 374.5 1.0 14 93.7 0.9 165.3 93.2 1.0 14 92.0 0.7 165.7 198.0 1.0 14 66.3 1.2 101.7 96.9 0.6 13 106.4 46.6 417.7 375.1 0.6 13 105.2 216.0 380.1 374.5
009140,0.8 2 250.5 80.7 420.0 282.2 0.6 7 83.7 121.3 230.2 284.0 0.7 7 16.1 121.6 229.7 316.0 0.6 2 200.4 76.9 426.1 290.6 0.6 2 248.1 79.3 494.3 325.8
009142,1.0 11 28.9 13.4 294.0 440.4
009143,0.8 11 105.2 86.4 249.4 223.4 0.9 14 203.6 324.3 373.0 500.1 0.7 14 0.3 83.0 201.3 383.4
009145,0.9 13 12.4 159.2 110.5 295.0 1.0 14 57.0 68.4 97.9 129.8 0.6 13 186.3 50.7 371.6 267.4 0.6 13 110.2 51.2 384.0 275.5 0.5 13 99.5 142.5 282.4 362.3 0.7 13 20.7 96.9 151.4 293.9 0.7 13 74.4 51.1 381.8 364.2 0.7 13 21.6 78.6 380.6 366.5 0.5 13 135.3 150.4 384.6 363.5
009146,1.0 2 154.3 80.2 366.1 360.1
009149,0.7 14 392.7 139.6 421.4 168.1 1.0 6 191.1 93.1 496.1 330.5
009152,1.0 13 100.9 194.9 196.8 324.9 1.0 14 95.8 137.4 152.1 321.2
009154,1.0 10 22.7 107.9 459.7 319.8 0.8 8 365.2 86.1 458.9 205.7
009156,1.0 6 198.8 70.6 257.9 90.2 0.9 6 21.4 82.9 63.3 97.4 1.0 6 100.8 76.1 148.2 95.7 1.0 6 36.8 83.4 301.2 191.6 1.0 6 300.8 77.0 384.4 105.1 1.0 6 408.2 72.2 475.2 96.5 1.0 6 165.0 149.0 493.3 375.8 0.7 6 57.4 81.2 87.8 97.7
009158,0.9 2 91.5 57.0 298.9 374.7
009164,1.0 14 58.6 141.6 197.1 373.8 0.7 4 249.5 315.1 283.5 400.3 1.0 14 1.0 214.3 148.8 500.2 0.9 10 100.6 308.5 373.3 500.8 0.9 4 330.7 428.2 374.4 500.1 1.0 14 175.6 226.3 294.3 350.6 1.0 4 187.0 305.9 211.5 399.6
009165,1.0 19 93.6 43.2 220.6 193.4 1.0 19 208.9 54.6 358.5 178.2 0.8 14 440.1 0.3 495.5 61.0 0.8 19 295.2 162.8 360.7 232.4
009167,1.0 0 36.0 101.8 437.0 209.8
009169,0.8 16 239.6 110.8 265.4 134.4 0.9 16 80.7 165.1 119.5 197.0 0.9 16 216.4 110.1 237.8 131.7 0.9 16 394.3 134.9 438.0 195.0 0.6 16 385.3 129.6 407.4 152.0 0.9 16 342.1 135.3 371.5 179.4 0.9 16 103.5 137.7 152.1 179.8 0.9 16 364.7 140.5 394.2 192.2 1.0 16 143.6 143.7 203.9 191.9 0.9 16 295.9 135.5 335.5 185.9
009170,0.7 16 153.5 158.0 204.3 248.3 0.6 9 110.2 134.7 140.0 186.5 0.6 16 249.2 156.8 333.1 268.9
009171,1.0 4 260.2 180.8 275.4 224.1 1.0 14 365.9 91.1 499.7 302.7 0.6 4 301.8 198.6 333.3 276.1 0.8 14 414.4 126.1 459.5 245.1 0.7 14 107.8 130.7 151.3 208.7 1.0 14 240.6 118.8 309.5 198.0 1.0 14 169.7 132.5 226.1 210.7 1.0 14 1.0 129.5 42.3 265.7 1.0 14 300.0 124.5 367.6 212.6 1.0 14 108.2 130.8 150.7 205.1 0.5 14 428.3 125.8 458.7 192.3 1.0 10 0.8 192.7 498.1 376.2 0.7 4 303.1 197.5 330.1 249.4 1.0 14 34.4 122.1 101.0 241.7
009172,0.9 15 183.6 154.1 252.1 264.2 0.8 15 40.8 164.3 189.3 261.3 0.6 15 1.0 164.7 40.5 287.1 0.8 15 398.3 169.3 499.3 377.0 0.7 15 362.6 235.5 426.9 333.9 1.0 15 305.4 227.7 366.7 319.3 0.8 15 0.9 175.8 40.1 285.7 0.9 15 193.2 187.5 243.6 264.2 0.8 15 41.2 140.6 187.3 264.7 0.8 15 38.6 130.0 183.1 265.4 0.5 15 0.8 198.6 38.1 286.2 1.0 15 249.1 87.5 407.2 237.8 1.0 15 238.9 200.4 298.7 281.8
009176,0.5 7 57.2 119.4 295.5 337.2 0.7 14 165.5 50.5 453.1 360.0
009182,0.9 6 428.1 0.8 463.5 18.2 1.0 6 17.2 24.3 497.5 362.5 0.7 6 436.0 12.7 499.3 101.5 0.9 6 372.7 0.8 440.5 16.2
009183,0.9 7 60.1 1.8 388.5 374.3 1.0 7 58.9 2.1 498.7 374.9
009188,0.9 5 29.5 55.6 493.0 288.6
009190,0.8 11 68.7 62.3 474.8 369.1 0.9 11 110.4 62.7 497.3 457.6 0.5 11 74.7 63.0 497.1 458.0
009198,1.0 1 19.7 21.8 486.8 401.4
009199,1.0 11 26.0 143.4 380.7 499.3
009201,1.0 14 179.5 177.7 302.5 332.5 1.0 6 96.7 164.4 376.5 330.9
009203,1.0 18 15.5 121.5 429.6 286.0
009204,0.7 11 57.9 132.2 143.4 231.6 0.8 11 132.1 211.8 313.8 375.5 0.6 11 167.7 61.4 323.4 274.6 0.8 11 332.4 258.7 500.1 375.8
009206,1.0 6 130.0 132.4 450.6 255.4
009207,0.7 11 92.9 129.0 374.6 501.6
009210,1.0 6 208.0 222.6 335.1 293.2
009211,0.8 0 148.7 138.8 303.6 213.1
009216,0.6 19 80.0 98.7 367.9 332.5 1.0 7 180.4 -0.6 401.9 118.8 0.6 19 90.6 129.2 364.9 333.8
009217,1.0 19 61.7 3.3 325.1 196.6
009219,0.7 14 32.0 158.8 130.3 375.0 0.6 14 119.1 92.2 226.1 186.1 0.6 14 10.6 43.9 125.4 154.7 0.8 14 310.2 58.7 424.8 367.7 0.8 14 322.9 62.7 385.2 301.7 0.5 14 408.5 46.1 499.8 375.2 0.6 14 39.4 43.5 207.4 325.7 0.8 14 122.3 143.2 210.0 326.6 0.9 14 117.2 92.5 221.8 305.0 0.6 14 323.0 174.3 372.7 361.4 0.6 14 2.9 43.0 200.2 375.1 0.7 14 49.4 56.8 124.9 153.0 0.8 14 122.3 177.4 177.9 323.5 0.9 14 8.2 85.9 135.6 375.7 1.0 14 216.6 74.8 303.9 283.9 0.9 14 354.5 59.4 432.9 217.6 0.9 14 312.7 176.2 408.7 365.4 0.9 14 310.1 49.0 499.4 368.3 0.8 14 327.3 62.7 385.2 183.6
009220,0.7 18 1.1 1.9 498.0 344.1
009222,1.0 8 39.1 170.2 313.5 375.2 1.0 17 65.8 100.8 350.8 249.1
009223,0.7 14 241.5 73.1 269.6 145.4 0.5 9 152.5 199.9 228.0 311.4 0.8 9 58.7 199.6 227.9 312.5 1.0 14 296.0 70.6 331.6 185.6
009225,0.9 8 81.3 244.7 188.8 375.6 0.6 8 198.3 206.8 349.0 352.9 1.0 8 301.7 257.7 410.7 351.5 0.9 8 180.1 261.8 289.1 371.9 0.8 8 447.5 231.3 486.3 288.2 0.9 8 199.5 205.6 349.6 306.6
009226,1.0 19 136.0 1.2 355.0 189.4 0.6 4 58.1 191.2 126.9 257.7
009228,1.0 14 181.6 24.7 361.1 353.3
009229,0.9 14 425.8 48.9 498.5 250.8 1.0 14 0.9 80.1 68.6 254.4 0.9 14 426.9 47.9 498.7 159.6 0.8 13 23.4 137.9 134.6 240.7 0.7 14 425.8 48.8 498.8 213.4 0.9 13 320.3 116.2 498.5 256.1
009231,0.9 12 2.9 138.3 205.2 338.0 0.6 14 273.8 65.8 336.3 138.9 0.8 14 125.2 55.0 215.1 118.5 0.7 12 2.1 133.9 145.9 335.5 0.9 14 32.7 56.4 164.3 172.6 0.9 14 320.7 57.7 383.1 134.0 0.6 12 224.3 80.0 453.6 300.6 0.6 12 63.6 104.1 269.0 316.3 0.9 14 167.1 54.6 215.3 118.6 0.9 12 121.9 105.0 290.5 308.1 0.9 14 34.2 55.0 163.2 160.3 0.6 14 104.2 64.5 184.1 136.8 0.8 14 122.3 63.9 183.3 115.1 0.9 14 278.2 59.1 379.7 175.7 0.9 12 168.2 78.6 465.0 314.9 1.0 12 222.0 77.6 468.1 307.9 0.9 14 275.6 58.8 381.2 148.1
009232,1.0 2 197.1 69.9 417.9 325.2
009233,0.8 11 161.0 76.1 325.3 300.5
009234,0.7 7 0.9 107.4 215.6 375.7 1.0 7 1.4 107.0 331.4 375.1
009235,0.8 0 0.3 2.3 499.3 459.5 0.6 11 85.3 353.8 133.6 488.8
009237,1.0 14 119.5 238.0 192.7 418.5 1.0 1 224.6 203.3 276.6 310.8 1.0 1 121.0 308.3 186.8 457.6 1.0 14 171.5 146.6 232.9 256.9 1.0 14 223.8 64.1 297.5 161.7 0.9 14 116.3 178.2 198.7 417.0 0.8 14 170.6 146.8 231.9 307.2 1.0 14 228.8 132.6 290.1 265.9
009240,0.5 14 353.7 178.2 499.4 375.4 0.7 14 428.3 128.9 498.9 219.9 0.7 14 389.9 127.2 452.7 195.3 0.6 14 389.4 127.6 496.2 218.2 0.9 3 230.6 96.4 322.5 176.9 0.7 14 465.3 125.8 499.7 161.7 1.0 14 261.3 180.4 496.7 375.7 0.7 14 331.1 128.5 495.5 244.9 0.9 14 389.7 127.2 497.0 222.0 0.9 14 321.7 178.4 498.6 375.5 0.8 14 388.3 127.6 452.4 193.1
009241,0.8 6 50.0 144.0 88.5 158.0 1.0 6 134.3 140.2 243.6 176.3
009243,1.0 6 99.7 95.8 413.6 327.9 0.8 14 305.2 129.2 335.9 162.3
009248,0.7 11 0.0 292.9 200.7 374.7 0.6 14 72.1 33.3 324.3 374.6 0.6 14 0.8 19.1 103.3 217.6 0.9 14 1.6 32.2 317.4 375.1 0.9 14 0.0 29.5 405.9 375.8
009253,0.7 8 3.1 42.9 102.4 166.4 1.0 14 40.8 23.2 282.3 390.4 1.0 14 253.1 39.6 479.3 391.0
009256,1.0 7 119.9 85.2 306.7 292.6 0.9 7 119.4 83.8 486.7 331.1
009257,1.0 4 125.5 0.9 213.0 207.1 0.9 4 290.6 90.4 326.1 198.4
009258,0.6 14 55.1 2.5 229.6 430.9 0.9 14 53.5 0.7 320.2 444.4 0.5 14 186.7 3.0 319.4 434.6 1.0 1 61.6 170.0 333.2 502.2 0.8 14 179.4 -0.7 320.2 487.7
009260,0.6 8 397.8 257.6 422.4 331.2 0.7 18 33.5 142.1 413.9 230.7 0.8 18 39.6 145.0 232.0 225.5 0.7 18 0.7 148.3 419.8 285.4
009261,0.0 0 0.0 0.0 10.0 10.0
009262,1.0 0 9.1 95.4 492.3 242.9
009263,0.6 8 79.3 163.5 133.6 306.9 0.8 14 5.2 95.8 121.6 241.5 0.6 4 425.9 87.8 499.4 251.9 0.7 4 429.4 88.7 499.6 325.7 0.5 4 421.8 42.8 499.9 325.6 0.9 14 2.9 95.2 117.7 337.1 0.9 8 243.6 239.8 385.0 374.7
009264,0.7 9 139.5 90.9 497.8 370.6
009265,0.0 0 0.0 0.0 10.0 10.0
009266,0.6 8 11.2 297.1 145.0 375.3 0.6 2 88.2 7.1 325.0 305.1 0.5 2 86.6 9.0 313.2 375.2 0.8 2 84.2 2.6 432.8 374.9 0.5 2 260.4 56.3 434.6 244.6 0.6 8 13.5 296.9 420.6 376.1
009267,1.0 6 197.1 246.2 292.7 283.3 0.8 6 323.3 239.0 462.8 289.3 0.6 6 478.6 261.4 499.9 296.1 0.8 6 324.5 239.4 400.5 275.3 1.0 6 23.7 234.8 75.6 255.1
009274,1.0 14 1.5 54.7 331.6 374.7 0.8 19 239.0 185.7 354.7 312.8
009275,1.0 17 47.7 248.0 261.3 358.5
009276,0.7 11 205.4 188.4 333.2 500.9 0.9 11 25.4 273.2 274.3 490.7 0.6 11 -0.1 188.6 152.2 336.4
009277,1.0 13 55.0 140.4 262.4 322.0 1.0 14 135.0 104.4 253.2 317.4
009280,0.6 14 159.6 1.5 327.5 266.9 0.9 1 2.0 1.7 495.3 332.3 0.8 1 188.2 255.8 408.2 333.3
009284,0.9 14 201.0 198.2 225.9 249.5 0.9 14 450.0 244.4 475.7 273.3 0.7 14 337.7 186.2 376.6 229.6 1.0 14 445.6 216.7 484.8 261.4 1.0 14 136.9 183.6 171.6 282.0 1.0 14 0.8 277.6 48.8 374.7 0.8 14 377.2 203.5 401.7 226.1 1.0 14 0.8 171.1 46.6 316.5 0.5 14 122.2 274.1 151.0 299.7 1.0 14 96.4 185.8 130.4 283.9 1.0 6 45.1 262.4 499.9 374.4 1.0 14 69.6 185.7 95.9 285.8 0.8 14 163.0 173.2 185.0 203.5 0.5 14 444.3 219.7 483.1 272.9 1.0 14 160.7 189.9 211.8 273.7 0.9 14 479.6 211.0 499.8 281.0 1.0 14 412.6 205.7 444.6 244.3
009292,1.0 14 245.7 455.0 275.1 493.7 0.6 0 0.4 2.2 326.6 381.1 0.9 14 304.8 467.8 326.7 494.6 0.8 14 96.3 412.2 121.7 487.4 0.9 0 12.5 48.0 285.6 380.4 0.5 0 10.2 1.4 325.1 372.2
009293,0.6 4 87.3 24.0 152.0 208.7 0.6 13 1.9 2.7 265.4 447.9
009294,0.7 14 68.1 194.0 234.2 423.9 1.0 14 69.0 192.6 285.8 499.3
009297,0.9 14 199.5 68.8 270.7 161.8 0.9 4 426.9 196.5 452.0 249.0 1.0 4 402.2 166.8 429.2 244.1 1.0 4 327.9 153.2 355.7 234.4 0.9 14 422.9 75.1 499.9 198.4 0.9 4 440.7 125.0 471.5 190.7 1.0 4 373.5 139.8 392.3 198.8 0.9 14 196.9 67.9 300.8 205.8 1.0 14 108.4 67.5 300.0 332.6 1.0 14 1.1 105.4 165.8 375.8 1.0 10 157.4 159.3 498.7 377.0 1.0 14 395.0 72.8 496.1 192.4
009298,0.0 0 0.0 0.0 10.0 10.0
009300,1.0 2 68.4 154.7 175.0 366.8 0.9 2 174.6 82.3 282.4 274.2 0.8 2 173.4 83.1 283.6 300.7
009301,0.5 2 56.4 141.5 177.8 322.6 0.6 9 172.5 86.6 500.2 375.2
009302,1.0 6 41.5 130.3 460.3 308.0 0.6 13 1.0 124.8 92.3 192.3
009304,1.0 5 160.9 120.0 289.0 264.1 1.0 5 277.5 34.6 500.6 374.6
009305,1.0 1 1.6 39.1 404.4 315.2
009310,0.6 7 110.0 191.0 259.3 314.3 1.0 19 90.7 61.5 209.6 161.9 0.6 17 109.6 114.0 496.4 376.0 1.0 7 178.3 127.2 258.2 231.3 0.5 7 250.4 114.1 498.1 305.9
009311,0.9 14 0.9 31.8 66.4 262.6 1.0 8 413.0 165.4 489.1 275.3 1.0 14 0.7 32.0 66.1 332.5 0.7 8 406.3 285.0 498.3 374.9 0.9 8 306.6 165.2 352.4 270.5 1.0 8 330.2 167.5 411.8 285.0 0.8 10 303.2 154.7 452.4 277.4
009313,0.9 8 216.6 245.4 312.8 449.2 0.9 8 3.7 281.1 185.0 500.8 0.9 19 16.7 144.3 95.7 194.0 0.6 19 122.0 72.2 215.8 147.2 0.9 10 1.7 351.8 189.2 500.0
009314,0.8 14 217.1 251.9 326.6 400.7 1.0 14 59.7 232.7 95.4 352.9 0.6 14 209.7 252.8 327.0 396.1 1.0 14 205.0 211.6 245.4 275.4 1.0 14 88.7 202.2 342.9 500.9 1.0 6 177.7 191.7 308.0 330.4 0.9 14 216.5 253.5 339.9 441.9 0.7 14 216.1 254.9 369.7 498.9
009317,0.9 8 183.1 42.1 255.8 160.2 1.0 14 130.0 80.3 223.7 265.9 1.0 13 133.5 159.2 293.8 307.9
009319,0.9 19 81.0 54.9 457.6 403.0
009320,0.5 16 289.9 216.0 395.4 373.5 0.7 16 439.5 258.0 476.2 285.9 0.7 16 200.5 311.7 265.6 349.3 0.6 16 290.0 215.2 427.4 282.7 1.0 14 2.0 106.1 289.0 374.3 0.8 16 289.5 217.7 448.7 374.7 0.7 16 429.5 327.3 499.2 375.4 0.8 16 204.4 283.2 271.7 343.0 0.6 16 202.6 325.2 363.3 375.4 0.6 16 290.6 218.5 497.3 375.5
009321,1.0 6 30.4 58.3 479.5 285.2
009322,1.0 6 117.9 214.3 150.5 252.5 1.0 6 139.6 212.5 176.3 245.5 1.0 6 0.7 224.5 48.6 277.4 1.0 6 72.6 211.1 129.1 257.2 0.7 6 200.5 184.0 231.1 219.3 1.0 6 29.8 219.5 88.8 264.9 0.9 13 306.5 263.0 345.2 326.8 1.0 6 153.5 195.4 203.4 238.4 1.0 14 305.5 209.0 354.1 307.7
009328,0.7 14 260.7 1.5 424.7 318.5 0.9 14 27.9 84.1 189.2 319.9 0.6 14 140.3 62.5 288.5 245.0 0.6 14 173.5 62.1 287.6 215.0 0.5 14 177.7 1.4 421.5 317.9
009329,0.9 0 1.9 1.6 477.1 326.6
009332,0.7 0 3.6 61.8 297.8 184.5 0.8 13 0.8 240.5 78.5 346.1 1.0 14 158.9 287.0 233.4 395.2 0.9 13 194.9 239.2 333.1 358.3
009335,0.6 6 381.7 261.6 499.1 374.9 1.0 6 96.7 145.7 279.0 208.0
009338,1.0 13 90.4 101.7 420.3 328.9
009340,0.6 18 121.7 157.3 432.7 265.5 0.7 18 129.8 161.9 306.2 227.5 0.9 18 303.3 193.2 432.5 267.4
009341,1.0 6 22.7 82.5 483.4 305.2
009344,0.8 14 329.6 2.8 489.0 332.8 1.0 14 277.4 2.9 486.6 332.9
009345,1.0 14 186.9 72.5 265.2 308.8 1.0 14 12.3 108.9 220.9 375.7 1.0 17 250.4 114.0 499.0 208.0 1.0 14 292.1 85.9 460.3 374.7
009346,1.0 7 59.1 121.3 222.3 304.4 1.0 7 247.1 105.9 433.3 315.4
009352,1.0 7 248.8 130.9 380.5 254.6
009353,0.8 8 389.0 49.9 467.2 237.7 0.6 8 278.5 115.4 338.6 179.8 1.0 17 2.1 155.4 316.9 332.8 0.7 19 366.8 4.4 428.9 42.7 0.8 8 277.6 117.1 341.2 207.8
009355,1.0 1 7.1 27.7 454.3 318.0
009356,0.8 0 461.4 200.2 496.2 218.6 0.6 0 444.9 181.1 469.5 198.8 0.9 0 427.2 141.4 454.2 163.5 0.9 0 411.2 256.2 439.6 276.0 0.9 0 433.9 199.6 465.0 220.8
009357,1.0 19 190.5 183.9 302.1 290.4 1.0 19 369.9 151.9 499.8 301.4
009360,1.0 6 186.3 117.2 452.5 315.2
009361,0.6 14 385.4 34.3 420.6 71.3 1.0 13 113.2 141.3 341.3 256.2 0.6 14 155.6 104.6 273.2 252.3 1.0 14 153.7 103.8 319.2 252.6 0.8 14 340.5 14.8 393.8 169.9 1.0 14 379.6 41.1 423.1 168.1 1.0 14 338.5 14.7 388.8 88.6
009363,1.0 14 1.2 85.7 302.4 498.9 0.7 17 0.2 141.4 373.9 500.4
009364,0.8 14 170.7 31.2 230.0 96.6 0.8 14 302.8 3.3 499.8 374.0 0.8 14 0.8 0.7 151.3 248.0 0.9 14 206.6 38.2 239.9 88.8 0.9 14 284.6 32.7 311.0 74.9 1.0 14 232.3 33.1 301.3 131.3 0.9 14 13.2 94.7 322.1 374.8 0.5 14 0.6 2.1 152.9 374.1 0.8 14 145.8 37.0 178.4 77.3 0.9 14 270.1 3.6 499.3 373.8
009366,0.6 4 12.9 -0.4 154.7 327.9 0.5 4 32.2 1.3 125.1 158.7 1.0 4 17.6 0.4 156.6 487.4 1.0 4 142.1 31.0 334.8 470.1
009367,0.9 8 64.0 240.5 112.9 291.8 0.7 8 345.5 205.4 484.7 302.9 0.6 19 440.0 105.4 499.6 211.7 1.0 15 344.1 157.5 385.6 224.7 0.9 17 148.3 202.9 318.7 281.1
009369,0.9 14 130.8 9.8 222.5 92.4 0.8 12 89.8 25.6 247.6 136.3 1.0 12 90.4 24.4 254.9 198.1 0.6 14 131.3 9.1 205.1 56.3
009370,1.0 1 50.8 193.6 239.4 368.3 1.0 14 89.2 111.7 211.5 341.6
009372,0.7 18 103.6 144.7 291.0 242.3 0.8 14 240.0 141.6 273.5 250.1 0.9 18 104.2 124.9 401.8 262.2 0.8 18 284.6 127.8 402.4 263.3 0.8 18 104.1 146.8 261.4 224.4
009376,1.0 14 239.9 73.7 273.2 174.8 0.8 14 146.2 153.6 166.8 177.0 0.5 1 416.5 132.5 458.4 193.8 0.5 1 419.9 131.5 493.9 197.0 1.0 14 455.6 88.5 494.1 148.8 1.0 14 276.8 75.4 302.9 128.8 0.9 14 464.6 158.6 492.8 222.2 0.9 14 445.0 144.8 486.5 223.8 0.5 14 300.3 73.5 345.6 123.1 1.0 14 0.8 139.7 50.3 200.9 0.9 14 174.1 151.3 203.9 174.9 1.0 14 251.7 107.1 298.3 176.9 0.7 6 -0.7 102.6 361.2 340.1 0.8 14 480.8 85.3 499.9 131.5 1.0 6 0.7 166.5 363.1 339.4 1.0 14 337.5 95.5 374.4 237.8 1.0 14 298.8 104.3 346.9 190.3 1.0 6 395.6 112.2 446.5 145.9 1.0 14 300.1 73.4 347.9 123.0
009379,0.5 15 461.6 175.2 499.7 257.6 0.5 8 90.2 228.2 129.4 325.1 0.6 8 96.1 229.0 144.5 322.6 0.5 8 15.8 214.4 87.7 248.7 0.7 19 401.4 219.3 435.8 250.8
009380,0.6 14 204.2 45.5 284.6 186.7 1.0 14 212.8 41.0 296.8 188.5 1.0 12 90.2 73.6 398.4 251.6 0.6 12 78.6 75.5 398.7 354.9 0.7 12 258.5 76.2 400.4 248.1
009381,1.0 6 0.1 0.3 248.4 105.4 1.0 6 32.6 1.7 497.3 339.2
009383,0.9 7 0.6 -0.0 440.0 369.2 0.9 7 0.7 0.8 498.6 371.0
009384,1.0 6 167.8 295.8 264.3 374.9 1.0 6 277.6 311.4 324.1 351.3 0.6 6 59.9 299.2 100.7 338.6 1.0 6 0.9 295.5 59.7 375.1 1.0 6 144.8 307.1 179.6 337.3 1.0 6 65.2 302.7 146.4 360.7 0.6 5 312.9 295.0 348.7 337.5 0.9 6 33.6 302.4 64.7 328.5
009385,1.0 10 1.9 24.3 496.2 374.9 0.7 7 37.1 203.5 146.4 308.1
009387,0.8 6 389.8 249.6 443.6 266.5 0.8 6 176.4 255.6 210.4 274.1 0.9 6 206.2 241.1 333.4 274.8
009390,0.6 2 127.5 53.8 362.9 305.0 0.8 2 117.6 35.5 412.3 280.5 0.9 2 119.6 38.4 402.9 314.2
009391,1.0 14 85.9 145.5 208.5 399.2
009395,1.0 2 86.2 160.9 197.1 218.3
009396,0.9 6 31.3 453.9 50.2 473.5 0.9 14 138.3 441.1 157.8 500.1 1.0 6 42.6 457.5 86.4 480.9 1.0 6 146.6 418.2 264.7 498.8
009397,0.9 19 0.9 165.5 88.5 233.7 1.0 8 101.7 188.1 187.5 290.9 0.8 8 0.9 165.2 93.3 280.8
009399,1.0 18 142.5 66.0 419.0 286.1 0.5 8 47.0 164.3 119.3 293.5
009400,0.9 12 346.3 133.2 428.2 266.8
009402,0.6 14 411.7 89.2 439.3 115.8 0.9 6 43.1 108.6 161.8 172.3 1.0 14 167.2 82.7 315.0 316.5
009403,1.0 7 124.3 26.4 296.1 102.6
009404,0.5 8 84.3 276.0 140.3 328.1 1.0 19 9.9 45.9 255.8 274.8 1.0 19 258.0 50.6 485.4 291.2
009415,0.9 14 466.4 150.7 499.7 260.8 1.0 14 83.5 108.5 268.2 321.9 1.0 14 138.4 1.9 498.9 320.1
009416,0.6 7 44.7 164.5 221.7 285.2 0.6 7 162.0 1.6 495.0 168.9 0.6 7 129.2 166.5 222.7 287.4 0.6 7 165.0 -0.1 382.4 119.8 0.8 7 113.3 68.1 208.8 195.9 0.7 7 209.0 82.3 262.6 255.1 0.9 7 212.4 55.2 312.4 264.8 0.8 7 244.2 96.9 423.2 276.8 0.8 7 246.1 96.6 313.6 267.0 0.8 7 234.3 0.3 381.9 114.1
009423,0.6 14 255.2 260.1 273.2 286.0 1.0 14 287.0 260.5 307.3 299.5 0.6 14 231.2 261.4 250.1 296.2 0.7 14 257.2 262.4 282.8 299.4 0.9 3 196.8 2.9 345.4 314.9 0.9 3 406.6 207.9 460.5 233.0 0.9 3 197.7 273.4 347.9 314.8
009425,0.9 14 88.4 43.2 218.2 268.7 0.9 14 86.9 43.2 220.6 376.2 1.0 14 209.5 22.5 346.7 374.3
009426,1.0 6 180.1 197.3 383.5 300.4
009427,0.8 13 3.3 5.9 492.9 331.8 0.9 13 31.7 8.2 491.0 322.5 0.7 13 82.4 7.4 493.9 323.3
009428,0.9 14 1.6 36.4 322.3 499.3 0.6 14 59.9 36.8 325.1 484.5 0.6 14 60.9 37.8 323.9 500.8
009430,0.9 14 196.7 41.5 224.0 61.7 0.7 14 418.4 60.1 440.4 87.4 0.9 14 160.7 37.5 189.0 66.2 0.8 14 441.9 45.2 468.0 104.4 0.9 14 471.4 22.4 499.8 138.9 0.6 14 443.5 43.3 487.3 137.8 1.0 14 105.1 28.9 144.8 77.8 0.7 14 361.0 36.4 379.8 55.1 0.9 14 444.4 43.6 476.5 104.8 1.0 14 21.5 35.0 67.7 84.6 1.0 14 369.7 30.4 403.9 61.8 1.0 14 132.0 32.1 168.9 77.5 1.0 14 54.1 21.6 105.6 81.8 0.9 14 1.0 16.8 24.5 82.7 1.0 6 0.2 55.0 498.5 351.5 0.8 14 159.8 35.6 188.4 67.2 0.8 6 150.7 52.3 499.0 224.7 0.8 14 321.7 38.9 343.1 55.8
009431,1.0 4 0.5 107.3 114.4 501.0 0.9 7 69.0 6.6 374.7 490.5
009435,0.9 8 1.1 220.2 80.3 330.9 0.7 8 376.0 140.9 498.7 290.6 0.8 8 306.7 144.9 385.8 256.5 0.5 17 374.8 140.8 498.6 291.5 0.6 8 195.9 144.8 250.0 258.7 1.0 17 0.3 140.9 250.7 277.3
009436,0.6 14 137.6 179.5 167.6 220.1 0.9 14 138.5 180.9 160.2 205.6 0.9 18 162.0 23.8 324.0 284.6 0.8 18 169.0 24.4 322.0 256.8 1.0 14 372.6 149.0 439.4 285.0
009441,0.7 14 2.9 2.3 231.5 374.8 1.0 14 2.5 2.2 388.3 375.0
009442,0.9 11 48.8 22.4 392.0 283.8
009444,0.5 8 5.3 298.2 62.6 375.3 0.9 8 392.5 257.4 487.2 374.4 1.0 8 134.9 274.1 216.7 375.0 1.0 8 295.8 274.1 403.5 374.9
009447,1.0 1 37.2 21.6 373.4 264.2
009449,0.5 7 128.2 129.9 461.3 327.0
009450,0.6 9 0.8 143.5 94.4 241.8 0.7 9 122.5 126.0 177.1 168.8 0.6 9 191.0 161.0 219.7 232.1 0.8 9 31.6 154.1 158.0 331.5 0.5 9 304.5 216.7 374.5 330.8 0.9 9 121.4 126.6 191.8 230.7 0.8 9 170.9 119.0 281.5 172.0 0.7 9 247.1 169.9 374.6 332.3
009451,0.9 16 122.5 48.0 190.9 97.3 0.7 16 81.1 50.6 114.5 69.8 0.6 16 304.4 47.5 342.1 70.2 0.9 16 139.4 101.7 348.4 326.9 0.8 16 1.0 82.8 27.7 169.4 0.6 16 76.8 50.9 105.8 69.2 0.8 16 1.2 45.1 43.6 68.2 0.6 16 94.9 52.3 125.2 74.3 0.9 16 0.9 63.1 45.3 131.7 0.9 16 409.1 65.5 469.0 91.9 0.9 16 190.6 161.5 411.0 374.5
009452,0.8 8 255.2 162.5 282.0 217.6 0.9 14 414.0 102.8 499.0 331.3 0.8 14 0.9 27.6 98.4 170.2 0.9 14 1.8 123.9 176.9 289.5 0.5 15 137.1 184.5 183.6 223.5 1.0 14 273.4 78.7 359.2 211.9 0.8 14 38.4 260.6 240.6 332.1 0.9 14 1.1 29.1 68.3 169.6 0.8 8 254.7 162.1 318.6 309.5 0.6 14 1.0 122.6 238.4 332.1 0.5 14 475.1 83.1 499.6 135.6 0.9 14 1.1 121.9 126.1 321.5 0.6 14 1.1 122.7 130.9 284.1 0.8 14 268.8 78.5 359.0 313.3 1.0 14 418.5 102.3 498.9 254.7 0.8 17 252.8 211.2 425.4 331.8
009453,0.9 1 145.2 79.9 500.2 331.6
009462,0.8 19 1.5 -0.2 91.5 133.7 0.8 8 44.3 308.8 86.1 492.4 1.0 15 105.3 282.0 260.6 467.9
009467,1.0 2 86.2 39.8 176.0 148.7 1.0 2 28.5 43.8 94.3 140.3 0.9 2 92.4 203.3 296.9 341.8
009471,0.7 17 2.9 2.3 496.5 373.8 0.6 17 291.7 8.3 499.6 247.6
009473,0.6 14 1.3 316.9 121.3 374.7 1.0 14 26.0 97.7 232.7 375.9 1.0 14 178.4 91.6 342.4 375.8 0.6 14 0.7 320.9 28.9 374.3 1.0 14 336.4 104.5 490.2 375.8
009474,0.0 0 0.0 0.0 10.0 10.0
009475,0.7 14 61.3 102.2 131.1 153.9 1.0 14 178.9 98.9 248.7 146.4 1.0 6 0.7 64.1 498.2 333.6
009478,0.8 4 0.8 0.9 78.2 261.2 1.0 14 98.9 17.3 310.7 336.0
009482,0.8 14 226.6 105.8 261.5 150.0 0.9 14 1.2 153.7 137.2 374.3 0.6 14 1.2 12.8 195.4 228.4 0.7 8 423.4 115.7 458.2 203.0 0.7 14 435.3 100.2 486.2 143.4 0.9 14 130.0 119.0 223.2 258.8 0.5 14 250.1 94.8 270.6 121.7 0.8 14 450.6 105.8 499.8 217.9 0.6 14 215.4 115.7 239.0 159.1 0.8 14 14.3 14.5 199.0 292.7 0.7 14 308.4 104.2 333.1 133.7 1.0 14 13.2 15.6 246.6 291.0 0.8 14 169.9 121.8 206.3 169.3 0.9 14 185.8 104.8 230.7 175.6 0.7 14 225.2 97.7 268.5 154.2 0.7 14 17.8 14.7 243.4 192.6 0.8 14 441.8 51.4 474.9 77.8 1.0 14 409.2 47.1 447.6 77.6 0.6 15 1.2 1.3 59.5 94.3 1.0 14 0.8 153.4 139.2 317.7 1.0 10 56.3 136.3 345.2 376.4 0.8 14 316.6 108.4 399.9 257.8 0.9 14 186.9 110.6 267.7 214.9 1.0 14 304.6 107.8 366.7 193.6 0.5 4 275.7 157.3 289.1 203.4 1.0 14 313.6 122.4 499.5 375.5
009483,0.9 7 205.6 212.5 333.1 484.2 1.0 7 5.9 14.4 233.0 275.0 0.7 7 1.6 12.7 225.6 466.3 0.9 7 7.7 13.0 332.3 485.0
009485,0.5 11 63.9 69.8 207.2 220.6 0.8 11 161.8 10.0 448.6 292.1 0.9 11 163.5 12.1 452.1 373.3
009486,0.9 8 197.1 228.4 260.9 441.3 0.9 8 254.0 266.5 352.6 444.8 0.6 8 216.2 219.0 252.0 286.7 0.9 17 -0.1 215.0 202.1 337.2 1.0 10 206.7 254.3 373.8 481.8 0.7 8 112.7 198.2 157.0 232.7 0.7 19 208.3 81.0 318.8 197.6 0.7 8 251.1 267.8 354.6 500.1
009487,0.8 17 398.1 210.9 498.6 351.8 0.9 8 71.6 220.4 188.2 374.6 1.0 14 43.3 54.1 309.9 375.3 0.6 8 4.1 229.9 87.8 326.8
009489,1.0 7 169.3 108.9 296.9 239.0 0.6 7 171.1 134.0 296.4 238.2
009492,1.0 6 100.4 66.4 483.8 245.4
009493,0.8 13 16.4 124.1 317.5 331.6 0.7 13 37.2 185.4 317.4 332.1 0.8 14 17.4 122.1 196.1 292.8
009495,1.0 13 154.7 114.4 350.2 342.3 0.8 13 0.9 148.3 48.6 311.8 1.0 13 29.4 113.2 202.9 334.0 1.0 13 334.3 119.8 499.1 345.9
009498,1.0 5 97.5 69.1 356.7 297.3
009501,0.9 18 190.9 118.9 272.6 227.8
009503,0.5 8 58.2 191.0 320.4 376.3 1.0 17 52.6 188.8 323.9 375.5
009505,1.0 14 168.1 53.2 294.8 270.1 1.0 12 100.2 107.7 335.0 416.5
009506,0.7 18 0.6 1.8 498.8 332.3 0.7 18 0.7 2.2 498.0 331.7
009509,1.0 1 232.4 40.0 467.3 134.7 0.8 14 155.7 47.3 261.9 374.3 1.0 1 278.1 57.6 466.8 175.3 0.6 1 230.5 44.0 467.1 176.5
009510,0.9 5 86.5 142.9 377.8 283.9
009511,0.8 14 299.8 177.9 361.4 235.9 0.9 8 93.1 117.1 315.3 375.0 0.6 8 97.2 119.8 210.4 313.5 0.8 8 128.8 297.4 334.0 375.5 0.6 10 94.9 113.8 497.5 375.2
009513,0.5 4 89.6 369.2 231.7 476.3 1.0 11 123.7 176.6 293.5 471.8
009514,0.9 14 221.2 115.3 255.1 170.1 1.0 15 1.3 38.0 88.6 252.6 0.8 10 238.7 155.2 346.2 235.8 1.0 14 309.0 120.7 381.2 224.6 1.0 8 284.8 163.9 397.0 313.8 0.7 11 439.9 223.7 498.9 356.5 1.0 8 368.7 155.9 457.4 296.3 1.0 15 238.7 73.0 322.3 164.3 1.0 8 152.1 160.8 266.6 321.1 1.0 14 190.0 115.6 264.3 294.0 1.0 14 165.6 116.7 202.0 164.6 0.8 14 202.0 114.3 257.7 176.7 0.9 15 90.8 74.6 125.3 116.0 1.0 14 103.5 114.1 164.1 289.4 1.0 8 90.4 149.1 156.8 293.2 0.8 10 237.1 156.5 352.8 297.4 0.5 14 278.8 315.6 384.9 375.0 0.8 10 238.4 157.3 347.0 295.8 1.0 14 369.6 117.0 410.8 171.6
009521,1.0 8 399.7 248.3 499.1 375.8 0.8 19 468.1 188.6 500.0 266.8 1.0 8 11.1 241.4 153.9 376.1
009522,0.9 7 31.3 32.9 152.7 150.2 0.8 7 28.7 33.0 327.4 248.9 0.9 7 27.7 33.6 397.1 348.1 0.7 7 127.1 67.1 382.7 216.9 0.9 7 128.9 68.3 398.0 346.3
009525,1.0 14 150.6 68.8 258.6 289.4 0.8 8 4.1 118.9 64.2 250.3 1.0 12 76.7 114.4 315.0 413.1
009529,1.0 14 413.5 169.1 499.0 293.8 1.0 14 314.5 170.0 441.2 351.0 0.5 14 212.8 196.4 312.3 374.7 0.5 14 211.8 193.2 376.3 375.1 1.0 14 182.6 88.4 275.0 307.6 0.6 14 266.2 202.9 416.8 374.5 0.7 15 394.4 93.1 457.0 178.1 0.6 14 181.7 86.1 276.2 374.6 1.0 14 37.7 126.5 101.3 310.6 1.0 14 209.3 191.2 415.2 374.9 0.9 14 274.5 187.7 418.9 374.1 0.8 14 236.8 189.9 416.4 375.1 1.0 14 316.0 169.8 480.2 350.9
009530,0.9 5 187.5 240.4 275.2 275.9 0.9 6 276.6 249.4 311.7 267.5 1.0 6 121.2 266.1 171.7 287.4 1.0 6 41.9 268.5 107.1 296.1
009534,0.5 1 1.4 248.8 68.4 296.2 1.0 14 78.2 202.1 133.1 297.2 1.0 1 66.0 235.0 152.0 303.0 1.0 14 337.3 202.3 414.8 307.6 0.9 1 314.8 253.4 430.6 331.6
009535,1.0 14 219.4 51.7 324.3 280.8 1.0 12 179.8 90.5 418.8 332.7
009536,1.0 14 0.8 85.6 31.5 180.2 1.0 6 57.2 63.3 499.7 356.6
009538,0.0 0 0.0 0.0 10.0 10.0
009539,1.0 14 196.8 193.3 236.6 277.8 1.0 14 85.1 204.4 105.4 259.2 1.0 14 368.5 177.8 421.1 306.9 1.0 14 320.9 183.8 368.6 301.2 1.0 14 131.7 202.7 155.2 268.6 1.0 14 435.7 167.4 499.2 320.4 0.7 14 102.9 204.9 122.3 260.5 1.0 14 262.3 171.7 343.9 324.6
009544,0.8 4 408.6 95.5 467.8 194.2 1.0 4 408.2 65.2 467.3 192.8 0.6 7 49.5 185.4 215.0 341.5 1.0 4 300.3 56.7 354.1 145.6 1.0 7 6.7 0.8 307.6 245.3 1.0 4 334.9 1.0 359.6 57.6
009547,0.8 4 0.7 219.6 44.2 384.8 1.0 4 245.4 303.6 326.5 500.3 0.6 4 0.8 297.6 18.7 403.2 1.0 4 113.4 204.6 170.0 430.0 1.0 4 0.6 194.4 45.3 384.0 1.0 14 46.1 8.2 350.1 316.1 0.7 4 89.0 132.9 105.8 175.5
009548,0.6 14 312.3 226.7 325.0 261.6 0.7 14 332.7 229.5 343.9 263.2 0.5 18 0.2 138.9 156.1 389.0 0.9 18 125.0 150.8 308.7 380.1
009552,0.5 7 82.4 33.8 224.4 224.4 1.0 7 67.9 33.4 296.3 491.3
009553,0.9 0 359.7 193.5 428.6 221.5 0.7 0 355.6 170.1 427.2 202.4 0.9 0 134.3 168.7 203.7 197.8 0.9 0 352.3 113.4 427.8 147.1 0.9 0 235.8 124.7 306.8 156.5 0.8 0 354.1 142.9 426.4 174.1 0.5 0 353.6 82.7 427.3 136.9 0.9 0 241.3 153.7 312.3 184.7 0.9 0 250.0 183.0 319.8 210.8 0.9 0 351.3 81.8 425.7 119.2
009554,1.0 14 17.1 124.0 300.9 361.6 0.8 19 138.8 135.7 183.1 223.0
009555,0.7 5 0.8 69.6 139.5 125.2 0.8 5 386.6 94.6 492.3 128.4
009556,0.9 14 47.9 71.8 275.5 373.8 0.6 14 50.5 74.1 273.3 269.5 0.9 11 1.1 147.7 175.7 374.6 0.6 14 1.3 72.9 271.9 375.5 0.8 1 25.1 67.7 162.3 193.7 0.6 14 85.8 2.0 497.9 374.7 1.0 14 198.0 2.0 499.8 374.7
009559,0.8 1 342.7 157.7 465.6 251.7 0.7 1 283.9 157.6 468.8 251.5 0.5 1 280.5 157.8 367.0 248.7 0.9 1 347.9 157.4 465.9 251.1 1.0 14 307.3 84.6 381.0 187.2 0.8 14 253.0 92.8 298.8 219.2 0.9 14 307.8 86.5 379.6 244.7 1.0 14 251.1 93.9 299.6 245.8 1.0 1 187.5 154.8 346.6 249.8
009561,0.5 19 204.0 59.1 281.4 160.8 1.0 19 83.5 83.6 195.9 189.7 0.5 19 0.8 10.7 54.8 69.3 1.0 14 123.6 73.9 365.7 363.0 1.0 4 361.6 329.6 379.1 373.5
009563,0.6 14 235.2 141.7 270.8 181.8 0.9 13 1.0 188.3 247.8 500.8 0.5 13 0.4 170.9 257.8 502.1 1.0 14 187.8 136.1 281.5 412.1 0.7 14 187.7 135.6 255.8 396.9 1.0 14 230.9 138.3 284.4 409.4
009564,0.7 6 157.7 167.4 201.2 216.5 0.8 6 68.1 168.3 202.3 217.3 1.0 6 207.7 173.0 288.2 213.1 0.7 14 143.3 144.6 192.7 282.5 0.8 6 0.9 172.6 75.5 225.0 0.6 6 204.0 173.2 287.6 213.6 0.9 14 145.4 144.0 189.4 209.3 1.0 14 122.8 178.2 192.1 287.9 1.0 1 111.2 215.4 214.1 316.0 1.0 6 67.8 171.0 150.8 217.3 0.7 6 272.6 165.0 405.0 259.6
009569,0.7 1 201.8 136.4 284.2 233.1 0.7 16 112.2 170.2 225.6 298.6 0.7 16 228.6 208.5 392.5 345.1
009570,1.0 4 71.6 93.7 111.4 215.3 0.9 4 9.1 125.0 43.1 203.9 0.9 4 35.4 89.3 62.8 184.6 0.9 10 -1.1 1.6 376.3 332.6 0.6 4 51.2 89.6 82.9 190.0 0.9 4 55.0 90.2 85.1 153.7 0.6 4 34.3 90.5 56.9 137.3
009572,1.0 11 202.5 77.8 337.9 259.9
009574,1.0 14 137.4 82.5 273.8 371.6 0.6 14 36.0 79.8 158.0 371.2 1.0 14 0.7 79.2 159.1 374.7 1.0 14 264.4 63.1 397.8 374.4 1.0 14 378.6 63.5 498.5 357.1
009575,0.8 7 93.6 83.3 391.6 270.4 1.0 7 82.6 1.7 498.3 286.4
009578,0.6 16 86.2 69.6 242.4 180.0 0.5 7 93.3 197.1 203.4 333.1
009581,1.0 15 7.7 21.2 164.5 258.3 0.8 15 180.7 119.6 323.0 265.8 0.6 15 335.3 124.3 499.4 275.5
009582,0.9 4 411.7 204.7 493.2 352.8 0.7 4 362.5 159.9 429.8 295.6 0.7 10 0.7 84.7 498.9 375.9 0.8 7 167.2 134.9 249.5 261.5
009583,0.7 14 388.3 0.6 499.7 161.6 0.9 11 287.4 17.2 400.8 96.5 1.0 14 1.0 2.0 320.7 332.4 0.9 8 199.0 85.8 376.0 196.3 1.0 14 248.5 0.2 500.1 251.4
009589,1.0 6 47.4 23.6 134.1 61.8 0.6 7 0.3 119.9 374.4 375.8 0.9 7 225.6 117.4 375.6 311.6
009590,0.9 6 4.4 140.4 92.7 210.6 1.0 14 89.8 134.0 117.3 168.6 0.9 14 118.2 138.8 139.1 166.8 0.8 14 1.0 136.1 17.8 206.8 0.7 6 8.9 140.8 90.3 209.8 1.0 14 44.6 136.4 74.9 188.4 1.0 6 12.0 81.9 491.6 301.2 0.5 14 5.0 135.0 20.2 167.4 0.8 14 228.5 132.1 255.2 158.0
009592,0.6 14 292.5 122.8 359.5 270.3 1.0 11 99.3 99.0 240.7 270.4
009593,1.0 6 170.2 174.6 393.8 272.1 1.0 14 392.0 152.2 428.2 267.0
009594,0.8 8 48.0 314.8 155.3 357.4 0.6 19 222.8 287.8 335.7 375.3
009595,0.8 8 42.9 162.0 248.6 285.8 0.6 8 188.1 53.2 326.1 200.2 0.9 8 189.2 53.2 288.9 198.9 0.7 14 82.2 29.7 110.2 102.5 0.8 8 126.0 52.6 169.7 149.7 0.7 8 159.1 54.0 249.0 211.6
009599,0.7 13 97.1 44.7 400.4 300.8 1.0 14 0.7 2.0 154.5 300.0 0.9 14 0.7 1.9 131.2 299.8 0.5 13 127.2 156.8 399.8 301.5
009601,0.9 14 243.3 165.0 261.1 232.1 0.9 14 376.2 173.6 395.4 255.1 0.9 14 374.8 63.1 396.0 121.0 0.8 14 375.6 150.5 396.1 254.9 1.0 14 440.8 160.9 473.3 264.6 1.0 14 390.2 148.9 422.4 262.5 1.0 14 336.4 71.4 366.6 121.5 0.6 14 367.1 153.5 384.9 210.6 0.7 14 202.5 171.8 218.3 203.8 0.7 14 262.2 165.4 279.9 234.4 1.0 14 243.0 164.5 261.2 232.3 1.0 6 116.6 181.0 223.8 252.6 0.7 14 391.6 58.9 417.2 87.7 0.9 14 0.4 125.9 125.2 339.5 1.0 14 364.5 153.0 384.7 251.2 1.0 14 217.9 170.6 244.4 230.9 1.0 14 471.4 160.1 499.7 269.6 0.9 14 257.7 165.6 275.1 233.5 1.0 14 274.4 162.2 299.6 237.6 1.0 14 311.5 151.2 361.1 246.5 0.9 14 304.8 168.9 324.3 233.4 1.0 14 299.6 172.1 323.2 242.9
009602,0.9 15 0.4 -0.0 180.4 200.1 0.7 15 176.7 36.1 333.8 167.9 1.0 15 329.6 101.7 463.3 250.1
009604,1.0 11 52.8 13.5 374.1 499.5
009606,1.0 8 264.0 370.2 374.4 500.8 0.7 10 0.9 258.7 145.2 341.8 1.0 8 80.2 328.4 227.8 500.3 0.7 8 242.1 301.7 297.0 342.1 1.0 15 87.8 225.0 138.7 276.5 0.8 4 48.7 378.3 76.5 475.8 0.7 15 175.9 305.3 233.2 351.6 1.0 10 89.4 325.5 361.6 498.4 0.9 4 232.2 438.8 265.7 500.0
009607,1.0 2 126.3 125.3 368.7 251.0 0.9 2 176.9 211.7 462.3 357.6
009608,1.0 2 159.6 70.3 273.0 220.9
009610,1.0 14 12.3 28.1 276.3 493.3
009612,0.6 11 16.6 212.9 270.4 491.8 0.8 14 15.2 107.0 343.8 452.1 0.6 14 15.2 105.6 276.8 501.3 1.0 14 15.5 106.8 344.2 500.3
009616,0.6 2 194.6 95.1 341.3 280.9
009622,0.7 4 443.8 262.5 464.2 298.8 1.0 14 82.1 57.4 284.3 333.5 0.6 14 250.9 108.4 425.0 333.4 1.0 14 249.7 107.7 473.9 333.3
009624,1.0 11 204.5 60.1 273.2 211.5
009625,1.0 18 46.1 93.3 278.8 439.4
009626,0.9 4 346.4 318.4 375.1 375.2 1.0 14 249.9 176.0 417.9 278.6 0.8 14 27.1 143.4 279.4 267.4 0.8 4 138.5 343.2 165.3 375.0 0.7 14 28.0 144.6 417.8 273.5 0.7 17 4.3 126.3 484.5 370.0 0.6 14 251.1 174.3 482.6 289.2
009628,0.5 14 1.0 123.5 114.6 374.2 0.7 14 2.6 124.8 219.0 366.4 1.0 14 0.7 123.8 112.5 327.2 0.7 14 127.5 113.7 370.4 373.4 1.0 14 217.7 114.8 371.7 373.9
009630,0.5 4 11.4 157.1 26.6 213.6 0.8 15 390.6 83.6 419.6 145.0 0.9 15 295.8 98.4 332.6 140.6 0.9 4 48.0 147.9 68.5 213.4 0.9 4 441.7 198.7 466.7 263.2 1.0 15 374.9 95.0 420.7 147.2 0.9 15 333.7 102.4 364.6 143.4
009631,0.5 8 356.2 226.6 390.7 332.8 1.0 8 406.1 164.9 476.4 249.0 1.0 8 32.6 176.5 103.4 265.0 0.7 10 120.8 149.5 316.4 306.6
009632,0.8 8 310.3 197.0 423.4 333.5 0.8 19 202.6 14.0 297.5 144.2 0.7 19 356.5 196.5 422.7 254.7
009633,0.9 4 0.9 206.6 16.6 254.2 0.8 14 363.5 89.1 499.7 273.5 0.6 14 418.4 87.5 499.2 179.4 1.0 14 107.1 165.6 166.0 253.1 0.6 4 0.7 207.8 13.7 255.3 1.0 4 104.9 203.5 121.1 253.8 0.9 14 18.6 183.1 44.5 249.9 0.5 4 104.9 203.1 119.9 253.7 1.0 4 77.5 207.8 91.6 254.3 1.0 14 30.4 171.1 92.3 248.5 1.0 14 155.7 36.3 393.5 276.4 0.7 14 20.4 184.4 42.7 235.7 1.0 14 299.9 88.0 404.1 182.5
009635,0.9 17 7.9 382.3 252.1 493.6
009639,0.6 13 3.1 18.4 263.3 262.9 0.7 13 4.8 17.2 303.9 325.7
009640,1.0 7 153.6 113.5 364.7 231.9 0.5 7 245.8 110.9 365.2 219.6 0.7 7 155.3 118.4 277.7 232.8
009642,0.6 2 162.3 177.5 214.1 236.3
009643,0.5 10 0.5 337.1 100.6 500.5 1.0 6 341.3 213.6 367.5 235.9 0.9 5 214.5 191.9 301.2 247.9
009645,1.0 4 193.3 186.9 274.7 326.4 0.7 2 300.8 222.7 400.4 329.1 0.9 4 223.2 2.0 286.2 231.6 0.9 4 105.8 182.9 183.4 324.3 1.0 4 129.1 11.7 206.8 189.3 1.0 4 223.1 1.9 284.5 277.7 0.6 2 24.6 62.1 101.6 143.1 1.0 4 32.3 130.7 119.5 296.9 1.0 4 303.8 7.4 364.9 230.9
009646,0.7 8 0.8 10.3 498.5 375.3 1.0 7 59.6 83.3 311.9 372.9 0.6 7 218.7 248.1 326.2 374.2
009648,0.6 14 157.8 43.8 202.5 98.3 0.5 14 90.1 185.6 196.5 416.8 0.8 14 265.8 2.8 374.9 499.9 0.5 14 145.9 43.0 207.7 118.9 0.8 14 42.0 177.5 102.1 455.0 0.7 14 41.1 175.3 102.3 456.6 0.6 14 271.3 1.6 374.9 237.1 0.7 14 115.0 2.5 374.2 499.3
009651,0.6 11 389.7 204.1 498.4 375.6 0.7 14 1.3 21.3 384.8 288.1 0.9 14 1.3 21.2 386.4 374.0 0.5 14 144.8 21.0 393.0 374.5
009652,1.0 6 1.6 1.8 316.4 305.9
009653,0.9 14 125.1 84.3 314.7 374.0 0.7 14 303.7 20.0 500.3 373.5 0.9 4 201.9 293.4 290.0 365.5 0.9 14 128.0 85.1 314.1 315.7 1.0 14 1.1 37.7 160.1 375.5 0.8 14 296.0 21.2 499.6 371.9 0.9 14 233.7 19.8 499.7 373.3
009657,0.9 13 47.0 113.3 323.4 351.6 0.6 14 199.5 64.9 299.1 162.0
009660,0.5 17 83.5 176.2 370.6 315.6 0.7 11 205.1 222.8 336.4 370.7 0.5 14 87.2 202.8 204.1 384.9 1.0 14 177.3 152.8 335.6 323.7
009661,0.9 12 1.3 142.8 62.1 258.8 1.0 14 41.9 91.7 72.6 215.6 1.0 14 208.7 38.0 305.0 175.7 0.9 12 58.5 58.8 401.0 297.7 0.8 12 57.3 58.8 401.8 354.6
009662,0.9 8 1.1 269.0 103.4 375.3 0.5 8 115.1 260.7 216.1 314.5 1.0 8 352.7 198.6 456.3 284.1 0.5 8 1.1 269.1 72.6 375.0 0.6 1 401.3 252.6 498.8 341.2 0.8 8 161.4 221.3 234.2 302.9 0.9 10 69.9 279.2 499.1 374.9 1.0 8 223.9 209.3 344.6 296.4
009663,0.7 10 118.4 170.5 263.7 233.8 0.6 8 0.9 162.6 107.3 299.0 0.8 8 214.8 241.4 498.2 376.1 0.5 17 247.3 156.3 495.7 256.9 0.5 8 239.5 115.3 497.9 263.5
009665,0.6 12 193.8 148.8 339.5 252.2 0.5 12 78.7 168.7 121.0 256.4 0.7 12 339.2 113.1 499.1 276.9 1.0 14 119.1 145.1 157.0 258.1 0.6 12 79.6 168.5 115.7 254.6
009669,1.0 7 -0.1 1.6 480.0 332.4 0.5 7 164.2 0.5 471.2 320.4
009672,0.9 7 412.9 72.8 499.3 212.0 1.0 7 150.1 110.6 446.9 375.5
009673,0.9 13 5.5 61.7 216.4 203.6 0.9 14 67.3 12.1 183.8 126.9
009674,1.0 14 101.4 129.9 152.8 293.1 0.6 14 228.3 131.0 262.1 169.0 1.0 14 0.9 138.5 74.6 377.5 1.0 13 70.6 123.3 331.1 451.9 0.9 14 223.8 126.9 313.7 402.7
009675,1.0 6 83.6 61.0 499.1 286.1
009677,0.9 8 0.9 0.6 120.6 156.3 0.8 13 85.8 54.7 248.8 308.4 0.9 13 347.3 1.0 461.7 72.7 0.6 13 83.6 28.8 419.4 314.4 0.6 13 305.2 23.3 459.9 83.2 0.9 13 85.8 92.4 391.5 313.4 0.7 13 258.1 25.7 458.3 316.2
009680,0.6 14 313.8 80.8 388.4 170.5 1.0 6 0.8 112.8 82.1 268.2 1.0 6 37.3 96.1 417.0 339.3
009682,0.6 18 79.0 91.5 226.3 132.8 1.0 18 1.1 107.5 402.0 274.0 0.9 18 337.3 113.7 500.6 189.4
009683,0.9 6 69.9 170.6 90.5 191.1 0.9 5 85.9 109.0 431.8 273.8
009688,0.9 6 100.9 2.8 329.3 142.7 0.8 6 36.9 109.0 395.7 375.4 0.6 6 382.9 101.2 492.9 214.8
009689,1.0 19 234.0 47.9 329.7 138.7 0.9 8 257.6 288.6 424.9 375.2 0.8 8 271.5 163.1 443.4 375.9
009690,1.0 8 346.0 191.6 408.0 298.9 0.9 8 370.9 176.6 437.5 300.1 1.0 10 254.7 208.4 396.4 325.8 1.0 8 244.8 226.8 320.6 333.3
009694,1.0 6 177.0 304.4 273.9 346.0 1.0 14 57.6 300.4 78.0 334.7 0.6 2 91.0 96.3 115.9 135.9 1.0 6 331.9 300.1 418.3 348.7 1.0 6 265.0 306.9 344.9 349.5
009696,0.9 2 7.6 200.7 71.6 250.4 0.7 2 229.9 1.6 479.7 278.2
009697,0.6 8 236.5 97.2 351.7 224.6 0.8 14 3.1 3.1 312.7 373.7 1.0 14 1.6 2.6 496.3 374.3
009701,0.6 3 396.1 150.3 418.1 195.8 1.0 6 84.4 134.2 312.8 223.8
009704,1.0 14 77.5 190.1 104.0 268.0 1.0 14 391.4 200.4 435.2 285.6 1.0 14 365.5 180.3 383.4 245.5 1.0 14 160.9 191.4 191.9 289.4 1.0 14 120.3 197.3 149.1 287.0 0.8 5 184.5 125.4 268.4 242.2 1.0 5 43.8 127.3 267.6 244.3 1.0 14 384.5 189.3 402.8 253.2 1.0 14 443.5 183.5 464.6 252.1 1.0 14 483.2 189.6 499.8 256.5 1.0 14 415.9 171.8 439.3 227.7 0.9 6 304.7 185.0 352.7 212.7 1.0 14 228.2 193.4 256.7 264.5
009705,0.9 13 436.4 19.1 499.8 139.3 0.8 6 444.3 0.7 499.7 32.7 1.0 6 244.0 0.4 391.1 44.2 1.0 13 54.5 72.1 455.8 256.0 0.9 13 177.4 33.1 459.7 197.3
009708,0.9 8 294.3 211.5 455.5 374.8 0.8 8 239.2 200.7 465.0 375.4 0.7 17 2.7 128.5 215.7 324.2 1.0 14 31.1 100.3 186.7 239.6 0.7 8 2.4 128.9 216.1 324.8 0.5 8 1.9 144.8 204.7 325.9 1.0 14 176.8 107.5 435.0 375.9
009714,0.6 14 25.5 407.6 38.7 441.0 1.0 14 0.5 405.9 16.0 448.3 0.7 14 12.4 407.1 22.8 445.7
009715,0.6 8 19.8 163.8 303.6 374.0 0.9 14 199.3 127.8 376.6 374.3 0.9 10 398.9 225.1 498.4 374.5 0.8 14 292.5 123.8 413.2 236.9 0.6 14 261.4 124.5 292.4 159.7 0.9 14 30.6 98.5 201.0 375.3 0.6 14 293.9 124.7 458.5 251.0 0.8 14 197.7 127.7 316.1 252.2 0.8 14 33.7 99.5 290.1 375.1 0.5 8 64.9 217.4 304.9 374.2 0.9 14 292.8 125.8 458.9 268.3 1.0 14 195.8 127.5 428.6 374.6 0.9 14 293.1 126.6 454.8 374.5
009716,1.0 2 81.1 118.6 301.7 294.3
009720,0.9 7 296.1 2.6 500.0 375.1 0.9 7 2.5 32.0 310.0 372.0 0.9 7 159.7 29.4 313.0 266.6 0.9 7 159.4 6.2 497.6 374.2 0.9 7 158.1 29.8 340.9 374.7
009722,0.8 12 110.9 185.7 183.6 365.5 0.5 12 93.3 169.7 140.7 362.2 1.0 6 176.6 277.5 329.5 378.9 0.5 14 167.6 243.7 196.9 343.3
009723,1.0 6 0.9 28.8 104.7 118.5 0.9 6 442.0 37.6 499.8 92.1 1.0 6 374.9 26.4 477.2 84.6 1.0 6 87.1 22.8 175.3 49.7 0.7 6 58.7 19.1 116.6 43.9 1.0 6 0.2 69.3 498.2 367.3
009725,0.7 5 171.1 29.3 496.1 369.2 1.0 1 2.9 222.6 129.4 351.6
009727,0.0 0 0.0 0.0 10.0 10.0
009728,1.0 14 348.1 244.4 390.1 283.3 0.9 14 442.0 269.8 461.2 286.3 1.0 3 213.4 43.4 250.6 183.2
009730,0.6 1 235.6 117.6 330.5 301.6 1.0 14 196.0 65.0 307.9 223.7 1.0 1 141.1 76.6 424.7 377.0 0.7 1 234.9 75.6 427.9 302.4
009731,1.0 2 74.6 72.1 335.3 272.5
009736,1.0 14 35.4 2.7 331.6 497.7
009739,0.8 14 53.2 159.4 237.7 320.2 0.9 14 62.8 159.8 238.2 500.7 0.5 14 163.0 69.2 353.1 388.1 0.6 14 67.8 72.7 348.2 501.1 1.0 14 149.4 68.2 351.7 500.9
009740,1.0 6 175.2 153.7 300.3 236.4
009741,1.0 8 0.8 221.9 44.7 326.7 0.6 15 101.3 214.5 130.0 267.5 1.0 8 115.3 235.2 198.3 362.4 1.0 14 137.0 183.7 204.6 288.3 1.0 14 186.8 201.7 217.3 246.5 1.0 14 188.3 73.1 424.8 373.7 0.8 15 38.0 214.8 68.1 271.1
009742,0.7 8 1.1 5.7 143.1 135.2 0.8 14 345.3 0.2 388.2 69.2 0.9 10 0.0 72.9 497.9 434.3
009744,0.8 14 0.7 0.0 115.9 200.3 0.8 11 351.1 103.4 421.3 220.3 1.0 11 49.6 66.3 152.7 237.1 0.7 11 399.9 91.3 456.0 131.2 0.6 14 0.9 0.2 55.8 201.6 0.8 14 255.1 0.6 338.6 209.5 1.0 11 352.7 91.0 454.3 221.9 0.6 14 263.7 0.9 344.3 207.6
009750,0.8 8 424.1 133.5 491.6 374.1 1.0 15 11.1 174.4 46.9 331.3 1.0 15 128.2 160.5 183.6 357.4 1.0 14 37.3 221.1 95.7 375.6 0.9 15 335.5 153.3 398.3 377.2 1.0 15 206.4 308.0 272.3 372.1
009751,1.0 18 92.4 33.0 398.7 332.5
009752,0.7 1 122.0 159.4 383.0 374.8
009753,0.9 7 107.6 173.1 231.1 251.4 0.9 7 161.7 152.7 231.9 209.9
009757,1.0 6 6.8 70.3 489.7 251.4
009759,0.7 2 2.3 0.4 428.9 320.2 0.8 2 2.4 89.4 428.3 316.6 0.9 2 268.8 91.1 433.2 313.9
009760,0.9 9 87.4 107.1 496.9 373.5
009765,1.0 7 107.7 57.8 328.8 344.8
009766,0.7 14 242.4 79.8 439.2 279.6 0.9 14 87.1 70.5 392.5 439.2 0.9 14 88.2 70.3 498.7 438.5 0.7 14 245.4 80.8 499.7 342.6 0.9 14 243.7 79.0 473.5 280.8 0.6 14 243.5 81.1 500.3 428.5
009768,0.6 9 196.3 167.0 236.0 232.6 0.6 9 121.4 161.9 200.5 238.6 0.7 9 49.5 171.8 102.7 235.6 1.0 14 350.0 97.0 410.4 207.9 0.9 12 342.1 132.7 424.2 254.9
009769,1.0 17 38.7 163.7 464.9 345.0
009770,1.0 6 68.8 273.6 399.9 372.9
009771,0.7 14 74.7 94.4 91.6 129.5 0.7 9 89.8 173.3 432.6 322.5 0.9 9 155.7 204.6 445.4 376.2
009775,1.0 2 36.4 62.4 175.9 429.4 0.7 16 71.2 252.3 128.9 429.7
009777,0.9 6 190.8 176.4 274.7 233.1 0.7 6 447.5 190.3 499.8 238.7 1.0 6 0.9 193.6 74.6 260.3 1.0 6 336.2 189.8 439.7 231.0
009779,1.0 6 365.0 183.8 492.2 307.1 1.0 14 257.6 134.8 302.3 236.0 1.0 6 94.6 191.3 316.2 330.3 1.0 14 305.4 138.9 352.4 279.4 1.0 14 349.1 142.1 396.0 293.9
009782,0.7 4 236.2 185.7 251.1 224.7 0.9 8 1.3 239.1 74.1 375.1 1.0 4 330.0 250.5 354.1 328.9 1.0 14 111.4 140.6 179.9 216.4 1.0 14 459.3 158.4 499.6 281.7 1.0 4 416.6 234.2 436.5 302.1 0.7 14 96.2 95.2 167.5 199.3 1.0 14 97.8 95.8 165.6 177.1 1.0 14 1.4 146.4 238.0 374.9 1.0 10 98.2 208.5 498.1 374.8 0.6 15 113.9 14.7 184.6 60.9 0.8 10 175.6 215.9 497.7 375.0 1.0 14 212.2 138.2 299.1 223.9 0.5 8 273.0 163.9 308.8 221.1 1.0 14 319.2 149.2 408.1 240.9 1.0 14 358.1 95.3 399.0 155.7
009783,0.5 10 0.4 217.6 244.4 332.7 0.6 8 69.5 155.8 179.5 226.2 0.6 8 240.8 212.4 499.3 332.7 0.7 8 418.7 61.2 499.2 224.2 0.7 14 186.8 116.9 304.9 246.1 0.6 8 85.8 55.6 178.2 168.0 0.6 13 187.4 165.5 294.9 280.2 0.9 14 185.4 117.3 311.6 276.6
009784,0.5 9 1.4 218.6 241.4 372.6 0.7 18 1.1 93.9 438.6 371.6
009786,0.6 7 88.4 76.2 180.7 197.7 0.5 7 158.8 78.5 285.5 199.4 0.6 7 111.1 75.4 284.3 203.6 0.9 11 273.2 0.7 496.9 280.3
009787,0.9 15 0.1 36.0 140.4 334.7 0.5 11 211.6 9.5 447.8 260.3 0.7 11 210.2 7.3 455.6 263.4
009788,0.7 14 172.0 1.3 300.8 134.8 1.0 8 450.2 117.1 496.0 215.0 1.0 1 59.7 61.1 488.8 338.7
009791,0.6 14 412.8 216.8 431.5 278.2 0.6 8 52.4 234.4 233.3 375.3 0.8 8 0.8 239.2 134.1 375.8
009793,0.9 3 32.5 0.7 441.0 352.7
009795,1.0 19 94.6 161.1 189.4 226.7
009798,0.9 8 278.9 235.0 436.9 375.6 0.8 14 325.5 124.8 462.2 374.6 0.8 14 468.4 93.2 499.8 158.9 0.5 14 466.5 93.3 500.1 224.2 0.9 8 426.0 123.8 492.1 224.3 1.0 14 68.6 137.8 163.0 290.8 0.5 14 117.5 130.9 188.6 281.3 0.9 4 168.3 203.5 189.6 276.8 1.0 14 118.7 131.6 189.0 250.1 0.6 14 443.8 76.2 458.7 106.7 1.0 14 11.0 152.7 118.7 352.1 1.0 10 51.1 184.8 334.9 367.6 0.8 4 170.6 202.3 188.6 246.2 0.6 8 371.7 212.7 459.5 374.2 1.0 14 281.9 122.1 385.2 304.1 1.0 14 282.4 124.4 462.6 374.2
009799,0.6 11 0.1 22.7 497.3 332.0 1.0 11 64.9 21.3 499.3 331.8
009802,0.6 11 43.9 259.3 179.3 374.5 0.9 11 62.7 112.7 263.2 374.1 0.8 11 74.4 113.5 266.2 275.4 1.0 14 108.6 24.5 426.5 368.5
009803,1.0 14 183.7 82.9 241.7 207.3 1.0 12 129.2 125.0 305.2 243.2
009804,0.8 6 111.3 136.4 388.1 300.6 0.7 14 398.5 135.8 416.6 168.4 0.9 14 358.0 130.6 379.7 161.0 0.9 14 456.3 130.0 492.4 174.5 0.9 14 452.8 130.6 492.7 223.9 0.8 14 197.0 134.8 213.7 155.2 0.6 14 368.7 130.7 386.2 161.6 1.0 6 15.8 135.8 388.8 306.6 1.0 14 377.4 131.5 399.4 162.6 0.6 14 155.3 136.1 175.8 168.5
009806,0.7 14 204.1 181.3 224.3 204.0 0.6 6 452.6 201.5 473.0 214.1 0.9 6 103.0 189.2 129.3 231.8 1.0 14 7.6 195.0 35.1 269.0 1.0 14 278.7 178.5 305.6 205.0 1.0 5 184.4 44.6 404.1 306.7 0.6 6 398.6 203.7 413.3 236.7 1.0 6 32.7 203.3 104.2 236.8
009811,0.5 3 410.9 104.4 499.8 191.6 0.9 3 1.9 43.9 380.6 195.1
009812,1.0 14 3.3 200.5 180.4 498.6 1.0 10 99.8 341.8 328.8 490.8
009814,0.8 7 141.8 67.2 342.5 302.1
009815,1.0 8 27.3 217.1 159.7 356.8 0.8 8 240.3 257.0 459.4 356.4 0.6 8 25.7 215.2 133.0 356.6 0.8 8 240.9 199.7 385.4 356.8 1.0 8 130.3 236.3 252.7 356.3 0.8 15 128.6 205.6 274.5 354.9 0.5 8 25.1 184.7 157.2 356.5 1.0 10 16.3 213.2 429.3 356.7 1.0 8 347.8 259.5 469.6 356.3
009817,1.0 2 145.6 139.4 447.7 375.3
009818,0.9 16 315.5 227.1 348.1 252.8 0.9 16 17.5 203.1 41.6 221.6 0.9 16 67.1 206.9 88.1 226.7 0.9 16 245.0 184.4 271.4 203.6
009820,0.8 7 2.4 0.9 328.8 323.1 0.8 7 0.4 1.0 499.0 344.1 0.6 7 249.2 1.8 499.3 345.7
009821,1.0 6 13.3 119.2 446.3 258.1
009824,0.9 0 113.7 129.7 392.1 218.3
009826,0.6 16 195.8 122.7 327.1 340.4
009827,1.0 6 467.1 161.1 499.8 213.2 1.0 18 39.3 95.4 199.7 223.2 0.7 18 275.9 142.0 394.1 177.9 0.6 18 277.1 149.1 337.9 176.8
009829,1.0 6 250.8 282.2 309.2 324.6 0.9 6 396.1 278.1 424.3 296.0 1.0 6 313.0 278.4 366.6 320.1 0.8 6 438.8 265.5 499.3 343.3 0.9 5 0.7 229.4 223.4 375.5 1.0 6 212.1 285.6 245.8 333.9
009835,0.9 0 121.9 131.7 399.7 281.9
009837,0.8 8 231.7 127.7 362.4 374.0 0.8 19 372.7 0.8 498.9 79.7 0.6 19 142.9 0.5 276.7 126.8 0.8 19 140.7 -0.2 371.8 124.8
009838,0.6 0 8.4 153.1 227.4 244.6 0.9 0 152.9 96.7 310.2 243.3 0.5 0 9.1 94.9 305.2 242.7 1.0 0 6.9 94.4 488.9 243.3 0.8 0 152.3 96.0 487.0 243.2
009840,0.9 14 188.8 118.8 243.2 187.9 0.9 14 274.0 159.9 316.3 215.5 0.8 4 0.8 206.6 24.8 356.1 0.6 8 146.6 167.0 184.2 235.8 1.0 14 134.7 131.1 184.5 235.3 0.9 14 186.3 119.1 245.4 232.7 0.8 14 135.0 133.0 182.3 191.5 1.0 19 99.0 60.3 418.1 276.2 0.7 8 66.6 170.6 121.9 290.8 0.7 8 213.4 163.2 254.2 236.6
009843,0.7 14 7.1 29.4 96.3 115.7 0.7 14 17.9 160.8 31.2 195.9 1.0 14 37.7 160.6 52.9 200.1
009844,0.9 14 196.3 54.2 229.5 99.5 1.0 14 104.5 265.4 166.6 374.5 0.8 14 274.6 99.7 296.9 167.8
009846,0.6 8 84.9 122.0 126.7 186.4 1.0 17 96.0 128.7 478.4 345.7 1.0 8 36.5 118.5 93.2 199.5 0.5 17 180.3 127.8 465.0 296.8
009847,1.0 14 9.9 243.3 53.9 333.0 1.0 14 52.8 244.4 104.9 332.9 1.0 14 21.8 242.0 58.5 300.9 0.6 14 4.2 279.0 40.2 333.2 1.0 6 198.6 121.8 299.5 193.1 0.6 14 431.3 76.2 443.3 97.0
009849,1.0 6 80.7 180.7 257.4 244.7
009850,0.7 13 264.8 233.0 305.9 313.5 1.0 14 262.9 215.6 305.2 303.6 0.6 7 23.4 131.7 102.0 228.0 1.0 13 77.4 191.1 251.5 422.1 0.8 13 77.6 130.6 255.1 424.6 1.0 14 189.9 148.6 275.9 386.7
009853,0.9 8 115.4 134.6 175.3 287.8 1.0 14 131.3 1.1 432.3 335.7 1.0 8 1.3 115.5 134.1 301.4
009854,1.0 8 62.6 191.4 163.3 310.8 1.0 14 276.7 102.6 311.1 138.3 0.9 14 123.1 107.4 146.1 133.8 1.0 8 5.1 193.2 83.5 305.2 0.8 14 404.8 98.3 429.2 128.0 1.0 8 342.5 138.4 402.4 231.6 0.8 14 298.3 104.5 351.7 210.9 1.0 8 284.7 138.6 345.9 220.9 1.0 14 201.2 106.2 226.9 130.1 0.9 14 397.0 103.7 468.8 221.4 1.0 14 107.1 121.9 149.6 162.5 0.6 14 411.5 101.5 461.5 140.2 0.9 15 443.1 45.2 497.7 136.4 1.0 14 178.3 123.9 259.4 234.1 1.0 14 4.3 137.2 75.3 238.4 1.0 14 367.8 98.5 400.4 128.5 0.5 14 233.1 108.8 283.5 197.6 1.0 14 232.6 108.7 279.1 166.7 0.9 14 141.4 106.7 164.9 136.7 1.0 10 56.1 129.3 222.9 279.0 0.6 14 452.8 103.4 485.8 139.8 0.8 14 129.2 125.9 233.2 285.7 1.0 14 55.1 129.7 101.1 176.8 1.0 14 165.3 105.6 190.2 130.6 1.0 14 26.1 124.6 61.7 167.3 1.0 8 399.7 134.4 480.3 229.5 0.9 14 297.5 104.5 348.3 178.2 0.6 14 291.0 105.8 349.0 212.3 0.9 14 400.1 102.8 466.5 178.8 0.8 8 264.2 133.6 298.7 210.5 1.0 8 186.3 163.7 273.1 295.2 0.6 10 307.5 123.2 448.8 202.7 1.0 14 330.6 100.4 356.1 127.6
009856,1.0 6 379.9 242.1 497.8 329.7 1.0 6 115.5 244.8 194.5 298.5 1.0 6 0.7 250.3 82.3 326.1
009857,0.9 13 1.0 38.0 333.8 498.7 1.0 14 1.7 67.9 167.2 453.0 0.7 14 0.7 64.2 333.3 499.2 0.9 13 1.3 46.9 333.7 487.0
009861,0.8 16 195.0 101.9 264.7 140.9 0.9 16 354.2 174.2 497.2 345.9 0.9 16 309.5 107.9 386.2 226.2 0.6 16 130.4 167.8 216.0 319.0 0.7 16 133.4 117.0 278.3 245.7 0.8 16 191.6 103.5 283.8 246.5 0.9 16 69.9 165.7 217.3 373.2 0.7 16 134.4 119.4 364.1 369.0
009864,0.7 8 380.3 171.7 464.1 258.8 0.9 18 164.2 140.2 288.4 241.6 0.9 18 278.1 130.8 359.5 221.5
009866,1.0 1 48.3 106.3 427.7 345.4
009871,0.7 14 267.6 0.4 325.2 43.6 1.0 4 398.0 19.5 414.1 71.1 0.5 4 394.3 21.4 410.6 75.1 0.6 14 175.1 36.9 467.4 375.7 1.0 14 46.2 82.4 198.0 376.0 1.0 14 175.5 36.1 490.3 375.8 0.6 4 319.2 0.4 349.8 40.4 1.0 4 376.9 22.6 399.4 68.5
009873,1.0 6 165.8 125.7 460.8 257.9
009875,0.9 7 0.7 276.6 134.5 433.9 0.5 8 301.0 95.8 345.7 235.0 0.7 7 50.4 285.6 132.3 377.8 0.9 7 222.3 180.9 374.8 384.0
009876,1.0 0 92.1 59.4 418.1 214.6
009883,1.0 6 34.5 105.4 488.8 253.5
009885,1.0 14 175.3 194.3 208.5 231.0 1.0 14 83.4 195.7 110.0 226.4 1.0 14 44.3 200.0 75.4 227.3 0.8 14 122.8 161.3 170.8 227.2 0.6 1 1.5 1.9 236.6 372.6 1.0 14 179.0 155.3 340.2 374.8 0.7 14 61.7 200.5 84.6 225.2
009888,0.5 19 228.3 8.6 306.4 60.4 0.8 19 301.7 9.1 393.5 58.4 1.0 19 203.6 114.2 313.5 256.8
009889,0.5 12 140.2 154.4 364.1 267.6
009890,1.0 14 85.2 40.1 219.2 299.1 1.0 13 41.3 88.3 355.3 287.7
009891,0.9 4 26.7 -0.1 120.1 164.8 0.7 7 148.3 140.7 267.2 262.5
009892,1.0 14 49.5 2.0 492.8 332.6
009893,0.6 2 199.9 131.8 255.3 324.4 0.5 2 211.2 130.6 250.1 209.1 0.9 2 211.7 130.2 250.7 183.0 0.9 2 124.9 133.0 165.0 200.4 0.6 2 201.9 133.9 254.7 250.1
009895,0.7 14 294.6 66.1 310.0 91.7 0.8 6 183.5 106.4 275.3 136.0 1.0 14 24.5 39.7 44.7 101.6 1.0 6 1.0 108.2 73.4 180.0 1.0 6 57.8 128.0 327.4 298.5 1.0 6 305.7 115.0 426.1 195.6
009899,1.0 11 142.3 3.9 463.9 373.8
009901,0.9 8 82.6 199.2 122.0 255.0 0.7 10 184.9 189.4 256.7 254.9 1.0 14 103.1 78.2 198.4 338.7 1.0 8 21.6 173.6 75.2 234.8 0.8 8 444.0 225.1 499.5 295.9 1.0 14 264.1 45.5 426.9 370.7
009903,0.6 12 261.4 80.2 398.4 320.1 0.9 6 50.6 80.3 80.5 100.4 1.0 14 220.8 50.5 290.0 220.1 1.0 6 1.0 78.2 37.1 101.9 1.0 12 89.8 78.3 412.5 319.8 0.8 14 340.0 108.7 391.7 303.0 0.9 14 351.6 128.1 401.0 302.8
009906,0.6 19 26.4 85.6 121.5 159.0 0.6 19 124.0 87.6 218.7 163.8 0.8 19 220.2 90.6 308.8 157.1 1.0 19 332.9 60.5 450.9 161.7
009907,1.0 11 0.4 116.1 308.3 461.3 0.8 11 95.0 115.2 310.2 314.5
009909,0.9 9 301.6 171.9 375.6 235.1 0.5 9 39.8 52.5 272.3 328.2 0.8 9 42.7 43.7 366.0 329.7 0.5 9 212.5 44.8 370.2 223.1
009910,0.9 14 106.1 219.2 195.8 361.3 0.8 10 0.1 394.2 223.3 501.5 1.0 14 180.5 72.1 320.6 499.7
009912,0.8 9 97.8 63.5 364.6 353.9
009914,0.9 8 300.0 251.9 368.3 336.0 0.8 8 158.3 249.9 237.1 316.5 0.6 19 213.6 128.0 310.4 194.0 0.6 17 0.7 268.9 406.6 375.4 0.7 19 279.3 222.1 351.2 261.3
009915,0.5 14 202.2 197.0 283.6 270.5 0.9 14 57.8 197.5 297.6 399.6 0.9 14 28.2 90.0 179.5 399.9 0.9 14 1.9 90.2 181.3 400.2 1.0 14 49.2 106.4 309.8 400.5 0.6 14 307.1 112.6 443.7 330.9 0.5 14 143.4 196.6 297.5 399.5 1.0 14 308.1 112.4 489.6 400.5
009916,0.9 8 213.5 85.7 248.2 145.3 0.9 15 253.4 119.0 316.8 177.4 0.8 8 209.4 87.3 260.3 221.0 1.0 17 18.6 98.4 258.7 250.2 0.7 17 281.6 110.2 439.5 255.5 0.9 8 282.2 110.9 437.8 254.0
009919,0.9 0 69.9 134.7 475.6 247.7 0.8 0 28.1 132.5 478.3 248.9
009921,0.7 18 177.1 153.9 240.1 193.8 0.6 18 224.4 160.5 298.6 192.5
009922,0.6 11 177.0 77.8 442.0 322.4
009924,0.8 14 157.5 80.5 180.5 118.0 0.6 13 77.6 47.6 295.3 258.6 1.0 13 76.8 51.5 374.6 501.0
009925,0.7 15 248.0 41.1 368.9 246.2 0.6 15 125.0 5.4 362.0 245.7 0.9 15 245.6 42.3 365.7 246.8 0.9 15 4.7 3.2 491.6 332.3
009927,1.0 6 69.0 155.2 446.7 266.8
009928,1.0 8 0.8 265.4 65.2 380.3 1.0 8 68.5 267.7 144.8 364.6 0.9 15 102.5 69.7 338.8 485.8
009929,0.0 0 0.0 0.0 10.0 10.0
009930,0.9 8 82.9 235.4 175.7 375.2 1.0 14 94.3 7.6 383.2 374.6
009931,1.0 14 139.4 158.7 171.9 250.5 0.5 9 93.8 160.6 138.4 248.4
009933,0.6 9 47.0 7.8 498.5 399.4
009934,1.0 2 214.5 101.2 286.4 243.8
009936,0.5 18 141.4 72.5 423.8 261.8 0.7 5 250.1 76.0 421.5 260.9
009937,0.7 9 41.1 90.6 498.6 280.0
009941,0.7 14 207.7 50.8 223.0 97.5 1.0 14 230.7 65.9 319.9 240.6 0.9 14 273.7 45.1 319.7 155.4 0.8 14 273.4 44.8 319.7 189.6 1.0 14 102.3 41.2 173.4 240.0 1.0 14 52.7 60.1 116.9 240.7 1.0 14 0.2 42.0 74.2 239.7 1.0 14 166.6 61.7 239.8 239.8
009943,1.0 6 206.0 113.4 326.5 206.1
009948,0.5 14 1.0 2.3 120.1 382.6 1.0 14 1.2 3.2 270.8 500.0 1.0 1 0.6 277.5 306.9 500.5
009951,0.9 14 307.1 190.3 339.6 227.9 1.0 14 426.5 186.9 468.2 224.1 1.0 14 379.1 190.9 418.8 227.8 0.6 18 281.9 128.5 487.2 333.8 1.0 14 352.2 196.6 375.7 229.4
009952,0.6 11 78.3 55.0 330.3 446.5
009953,1.0 1 25.2 76.9 490.9 353.8
009956,1.0 7 119.1 19.8 400.6 305.9
009957,0.7 12 61.3 138.0 287.4 352.8 0.9 14 0.7 152.8 26.8 204.7 1.0 14 107.6 91.9 225.5 300.1 1.0 12 59.9 136.5 286.1 435.8
009960,0.5 13 28.1 156.3 266.1 317.3 0.8 13 30.3 131.4 319.5 319.8 0.9 14 104.5 48.7 308.7 257.0 0.9 13 27.3 152.5 266.6 315.3 0.7 14 159.3 47.5 302.2 149.7 0.7 14 164.9 47.5 306.8 255.6 0.7 13 118.6 129.1 320.5 317.1
009962,1.0 14 154.4 73.3 267.2 319.6 1.0 14 2.7 2.7 254.0 374.8 0.6 14 250.7 68.0 475.0 298.0 0.8 8 205.4 190.5 406.2 375.2 1.0 14 249.8 66.7 476.3 375.1
009963,0.0 0 0.0 0.0 10.0 10.0
