image_id,PredictionString
000001,0.7 11 34.0 232.4 124.2 353.4 1.0 14 2.4 8.2 228.1 477.4
000002,0.6 18 91.5 197.4 136.8 298.4
000003,0.7 8 208.6 104.2 267.2 137.7
000004,1.0 6 85.5 218.5 121.8 238.3 1.0 6 109.9 215.7 149.0 239.6 1.0 6 13.5 208.4 70.0 246.0 1.0 6 291.1 219.8 398.0 260.9 1.0 6 138.7 218.6 197.0 244.2 1.0 6 188.0 221.0 267.6 253.2 0.9 6 67.8 219.8 92.5 236.2
000006,0.9 19 42.5 46.9 110.5 118.2 1.0 8 110.4 126.7 217.1 249.3 0.6 8 139.6 162.4 218.5 249.7 0.9 10 132.5 153.8 318.8 248.1 0.9 8 212.0 126.0 297.9 250.7
000008,0.9 8 175.3 12.6 306.8 169.8 0.7 10 5.2 82.3 140.3 190.8 0.7 10 109.1 124.8 406.5 247.4 0.7 8 131.5 12.3 306.2 249.8 0.8 8 126.3 133.9 272.3 251.0
000010,0.9 12 60.6 181.4 168.3 386.2 1.0 14 86.7 73.6 166.8 257.9
000011,0.6 7 157.0 91.6 325.6 202.5
000013,0.5 9 266.1 120.1 396.7 189.6
000014,0.9 6 73.5 126.0 302.3 172.1 1.0 6 423.4 134.0 500.3 165.5 0.6 6 74.3 128.7 214.4 171.3 0.7 14 352.9 1.9 401.2 122.4 1.0 6 183.4 143.7 499.8 237.3 0.8 14 358.6 4.9 399.4 57.8 0.6 14 354.9 1.5 400.9 102.0
000015,1.0 14 237.9 57.4 283.7 163.5 1.0 1 67.6 98.1 310.8 268.9
000018,0.0 0 0.0 0.0 10.0 10.0
000022,1.0 14 186.0 35.6 256.1 171.8 0.9 12 78.1 75.2 364.5 213.9 0.8 12 227.2 75.8 365.0 211.8
000025,0.6 12 269.1 92.2 436.7 282.0 0.6 12 59.8 87.6 331.0 283.1 0.6 12 1.1 59.4 55.5 191.9 0.6 12 56.8 83.4 195.6 282.7 1.0 14 190.1 2.1 298.2 156.7 1.0 14 119.4 5.7 195.4 107.5 0.8 14 133.8 1.7 300.2 283.9 0.5 14 284.9 16.0 306.0 77.7 0.6 12 134.5 137.6 333.4 283.5 0.7 14 300.4 1.2 340.8 74.8 1.0 14 263.0 1.4 437.6 282.7 0.9 14 293.7 5.8 327.9 89.2
000027,1.0 14 115.0 75.9 229.2 266.1
000028,0.0 0 0.0 0.0 10.0 10.0
000029,0.0 0 0.0 0.0 10.0 10.0
000031,0.9 18 47.5 59.6 428.6 168.8
000037,0.6 11 55.9 61.5 413.0 224.3
000038,1.0 1 144.5 118.2 246.4 165.6 0.5 13 1.0 156.6 35.4 207.7 0.8 6 315.7 97.6 357.8 126.4 1.0 14 169.2 74.7 229.5 154.1
000040,0.0 0 0.0 0.0 10.0 10.0
000043,0.7 14 10.4 141.9 185.6 500.3 0.8 14 9.6 143.3 217.7 499.8 0.9 14 6.0 3.0 191.7 498.8 0.9 14 6.1 3.1 216.5 498.2
000045,0.9 4 307.0 152.0 332.1 191.4 0.5 19 4.8 86.7 169.0 183.8 1.0 19 4.1 87.6 183.2 190.6 1.0 19 250.6 40.4 419.3 182.8
000049,0.7 7 168.5 86.8 331.8 152.3
000053,0.9 2 181.7 131.1 239.5 195.0 0.9 7 31.9 7.6 388.4 206.6 0.8 8 29.1 70.7 385.3 280.8 0.7 2 211.5 174.1 289.7 223.8
000054,0.9 5 23.5 43.9 415.4 215.5
000055,1.0 14 221.6 81.0 274.5 137.2 0.5 11 4.4 168.1 55.3 205.4 1.0 14 118.5 116.3 182.7 150.2 0.6 14 445.3 202.5 461.9 244.3 1.0 14 461.3 200.9 489.0 245.4 1.0 14 435.7 204.7 454.8 244.2 0.6 14 396.4 89.9 447.1 185.2 0.5 14 384.1 202.8 399.6 219.4 0.6 14 362.2 237.8 380.3 251.0 1.0 14 401.5 199.5 437.6 235.0 0.8 14 4.9 129.0 22.3 160.8 0.8 13 202.1 104.9 276.2 167.0 0.7 14 488.1 192.6 500.0 245.2 0.5 14 448.9 201.4 465.9 244.2
000056,0.9 12 166.5 44.4 377.6 253.2 0.5 12 165.6 42.7 463.0 252.6
000057,0.9 2 117.9 38.6 218.1 103.4 0.6 2 178.1 87.3 338.0 284.5
000058,0.7 14 179.1 60.0 252.3 152.5 1.0 14 179.0 59.6 254.1 226.4 0.8 13 20.6 84.3 321.0 282.5 1.0 14 248.4 40.2 299.9 239.7 1.0 14 294.2 1.7 387.5 278.4
000059,1.0 14 77.5 275.2 102.6 357.4 0.9 19 60.5 163.6 94.9 205.2 0.9 14 223.2 253.9 251.5 399.0 0.8 14 95.2 269.6 135.3 496.4 0.5 19 126.6 135.7 174.5 208.2 0.7 14 134.7 156.1 170.2 189.3 0.6 14 77.1 275.4 109.6 491.7 1.0 14 74.6 208.4 219.4 499.6 1.0 14 51.5 279.2 75.8 354.0 0.9 14 98.9 268.7 134.8 362.0
000062,0.5 9 53.1 141.3 268.2 242.7
000067,1.0 0 41.7 41.7 450.6 127.1
000068,0.5 2 28.6 35.0 155.9 251.1
000069,1.0 14 243.1 101.0 312.8 251.3 0.8 3 14.0 41.6 340.5 121.6 0.6 3 3.5 108.5 56.7 130.3 0.8 3 13.2 51.6 340.6 121.5
000070,0.5 8 39.3 162.6 139.1 248.8 0.9 15 286.4 106.6 306.2 132.3 0.9 15 254.7 104.9 287.7 133.7 0.7 19 131.7 146.8 175.3 201.2 0.5 8 74.3 165.1 135.6 248.4 0.9 8 75.4 161.3 174.8 248.4
000071,1.0 6 48.5 67.9 354.5 183.3 0.8 6 196.5 46.0 270.3 68.0
000074,0.7 6 46.3 44.9 141.9 132.0 0.6 6 47.1 39.5 319.1 189.8 0.9 6 113.4 40.4 319.9 190.3 0.9 6 286.3 42.8 379.7 131.0
000075,0.0 0 0.0 0.0 10.0 10.0
000076,0.9 14 192.5 94.7 232.0 133.6 1.0 14 295.9 85.8 359.6 173.9 1.0 14 362.2 138.2 383.0 171.4 1.0 14 1.0 105.5 22.1 193.2 0.9 14 96.7 88.4 140.4 119.5 1.0 14 50.6 48.2 212.5 252.1 1.0 14 64.0 103.2 95.0 157.8 1.0 14 36.6 106.6 68.0 190.8 1.0 14 204.3 50.2 359.9 251.0 0.7 14 194.0 93.3 238.0 247.3 1.0 14 378.0 102.6 403.3 231.3
000079,0.6 11 2.5 33.3 361.2 238.7 0.6 11 152.9 32.2 467.4 237.4
000080,0.9 3 60.7 158.6 97.9 180.8 0.8 3 1.3 124.9 38.1 203.7 0.9 3 158.8 135.5 186.3 189.9 0.9 3 350.2 145.9 377.2 204.2 0.8 3 160.1 167.1 185.5 188.7 0.9 3 213.9 136.5 240.9 188.2
000082,0.7 6 0.9 0.5 200.9 64.9 0.7 6 2.7 0.8 199.6 64.4 1.0 6 24.9 65.8 486.4 197.1
000084,0.7 8 1.2 181.4 120.6 249.1 0.9 8 253.9 112.6 304.5 187.2 1.0 8 204.7 124.1 259.1 203.1 1.0 8 128.3 117.3 173.0 190.4 0.9 10 142.8 118.3 284.0 190.2 1.0 8 302.3 103.3 345.2 157.9 0.9 19 155.1 46.5 220.6 100.5 0.9 8 253.5 113.0 302.1 187.2
000085,0.7 14 338.6 5.2 499.3 141.3 0.9 14 2.9 45.2 342.5 220.6 0.8 14 1.7 44.3 257.1 220.4 0.6 14 189.4 6.0 475.2 221.3 0.9 14 189.4 6.0 499.2 221.1
000086,0.8 14 271.1 82.6 293.5 101.3 0.5 14 312.4 92.4 352.5 113.9
000087,0.0 0 0.0 0.0 10.0 10.0
000088,0.6 12 147.2 3.3 424.0 249.0 0.7 12 147.7 19.3 441.5 249.9
000090,0.9 14 164.1 23.3 276.7 121.5 0.9 14 77.8 24.6 276.6 181.0 0.6 8 174.7 44.3 291.5 166.8
000092,0.0 0 0.0 0.0 10.0 10.0
000094,0.6 13 1.1 1.6 451.3 222.1 0.8 13 22.7 19.8 453.6 223.4 0.5 13 161.7 20.7 453.8 222.3
000096,0.6 12 0.4 230.2 98.8 500.6 1.0 14 1.2 141.6 109.3 499.8 1.0 14 84.5 100.0 196.6 500.0
000097,1.0 14 165.8 93.8 205.3 152.2 0.8 10 132.4 139.9 250.4 208.2 0.8 19 56.0 54.6 146.8 103.9 0.7 8 1.7 146.4 127.9 246.8 0.5 17 44.5 115.1 171.1 187.7 0.8 8 130.6 115.4 188.3 201.3 0.7 14 165.1 95.3 219.1 155.4 0.7 17 1.3 143.2 125.0 247.4 0.6 8 191.9 115.2 234.7 149.4 0.7 8 191.6 117.9 249.8 194.1
000098,0.8 7 55.8 51.3 262.6 106.4 0.7 6 40.0 7.9 288.0 163.1
000100,0.6 18 1.0 28.8 432.1 143.4
000103,1.0 6 81.1 146.8 115.0 165.8 0.7 6 140.9 142.7 156.6 153.4 1.0 6 1.0 158.0 43.9 185.4 0.7 6 45.9 147.5 76.5 159.8 0.9 6 23.1 154.2 63.1 176.9
000105,0.9 14 157.4 85.7 237.7 165.6 0.6 14 172.2 52.6 297.7 174.2 0.6 3 19.4 1.1 316.8 226.6 0.7 3 24.4 127.6 317.6 227.5 1.0 14 195.3 52.3 299.1 176.6
000106,0.6 4 160.2 37.0 211.9 99.0 0.9 2 157.6 70.6 385.8 253.2 0.9 2 182.3 69.5 383.0 195.8
000108,0.6 11 274.8 99.5 408.8 177.6
000111,0.6 13 117.7 144.9 158.1 167.6 0.6 14 129.6 138.2 150.6 157.5 0.9 14 378.1 200.7 443.0 281.8 0.9 14 102.6 137.9 123.8 166.6 0.7 13 191.9 144.3 227.0 165.8 0.8 14 128.5 137.7 152.2 163.5 0.6 13 292.8 136.6 320.7 158.6 1.0 14 249.7 132.6 273.3 158.8 0.7 13 146.7 141.7 187.1 166.9 0.9 14 157.7 133.8 185.1 162.9 1.0 14 198.4 132.4 224.0 159.9 0.7 13 83.9 147.6 121.2 169.8
000114,0.6 4 84.5 0.2 168.2 243.1 0.6 11 149.1 45.9 330.0 246.1 0.6 11 148.1 47.0 322.9 220.8 0.8 11 150.9 44.5 384.4 282.1
000115,0.5 2 82.0 229.9 163.8 405.3 0.9 2 2.0 225.8 164.9 409.9
000116,1.0 15 128.2 97.8 182.6 201.4 0.9 15 1.8 96.1 73.2 273.2 0.6 8 0.6 189.1 27.0 306.3 0.5 8 0.7 224.9 30.3 308.2 0.6 17 30.8 196.1 207.6 360.7 0.5 17 29.3 197.3 210.4 365.9 0.9 8 155.0 198.9 213.2 364.5
000119,0.9 7 92.7 69.6 274.6 262.8 0.9 19 367.0 90.9 426.8 210.4
000124,1.0 14 1.6 3.3 81.5 95.8 0.6 14 185.4 15.9 234.8 59.8 1.0 14 183.1 15.0 256.2 105.5 0.9 14 1.3 3.0 81.9 158.8 0.9 19 4.6 88.7 113.6 173.7 0.9 15 58.2 1.3 182.4 104.9 1.0 14 59.9 12.7 395.3 249.6 0.8 4 137.3 55.8 152.6 96.3 0.5 8 156.6 61.0 243.6 156.9
000126,0.9 10 110.4 84.5 254.9 102.4 0.8 8 230.9 76.4 264.3 95.5 0.8 8 313.7 77.9 364.4 102.0 0.7 8 113.4 84.2 177.5 102.8 0.8 8 262.4 78.3 293.0 101.6 1.0 14 45.9 65.2 83.4 100.4 0.6 8 270.1 76.0 297.6 100.0
000127,0.6 2 193.0 140.5 267.7 211.7 0.8 2 248.2 127.4 330.6 193.0 0.9 2 139.1 148.1 190.0 250.0 1.0 14 55.6 12.4 299.3 249.7 0.6 2 194.9 127.3 330.2 214.7
000128,0.6 18 163.8 111.4 372.1 156.4 1.0 14 322.2 136.5 343.6 188.0 1.0 14 80.8 137.6 98.6 167.0 0.7 14 3.2 135.4 17.3 178.4 1.0 14 26.7 139.0 42.0 177.7 0.9 14 291.7 152.2 309.5 190.5 0.5 18 162.3 110.9 371.8 148.1 0.7 14 76.4 89.3 104.5 118.4 1.0 14 44.6 145.0 59.2 177.1 0.9 14 65.8 133.7 79.6 170.3
000135,1.0 6 163.6 131.7 266.4 171.9
000136,0.0 0 0.0 0.0 10.0 10.0
000137,1.0 14 74.0 354.2 83.8 391.0 1.0 6 56.8 432.7 97.7 482.3 0.5 12 90.2 292.2 198.3 478.3
000139,1.0 1 103.4 89.6 217.6 184.2 1.0 14 136.6 35.5 233.9 145.7 0.5 11 1.5 111.9 91.5 224.0 0.5 1 102.0 88.8 215.1 170.8
000144,0.8 4 240.4 159.4 257.9 199.7 0.9 14 360.3 4.5 498.6 239.5 0.8 14 8.4 68.8 106.9 139.2 0.8 14 406.6 4.5 498.8 239.0 1.0 4 246.5 107.7 268.3 161.5 1.0 14 149.7 47.1 279.7 164.3 1.0 14 319.8 0.6 438.6 195.3 0.6 14 361.5 1.3 428.8 121.9 0.9 14 1.8 68.8 138.5 241.4 0.9 10 129.5 132.4 476.0 241.4 1.0 4 223.9 135.1 250.4 202.8 0.8 4 245.6 165.0 261.7 199.2 0.6 14 348.5 2.0 484.7 198.6 0.7 4 266.8 135.9 287.1 169.6 0.6 14 336.7 1.3 431.3 139.5
000145,0.7 5 52.1 64.4 363.1 212.5
000148,0.9 2 121.1 78.6 427.6 230.7
000149,0.7 2 195.3 44.1 274.2 154.9 0.9 15 105.8 3.0 309.2 259.7
000151,0.7 14 1.5 43.2 136.3 408.6 1.0 14 1.0 45.6 248.2 406.8 0.5 4 137.1 295.0 237.4 482.9
000152,1.0 6 419.5 67.2 500.0 109.5 1.0 6 47.2 69.5 129.7 110.8 1.0 6 362.2 69.1 421.8 101.7 1.0 6 116.4 56.6 406.9 208.5 1.0 6 312.5 69.2 410.1 100.1
000155,0.6 12 77.1 120.2 113.2 206.9
000157,0.5 11 294.5 120.1 372.5 162.3 0.6 11 132.3 73.8 321.8 159.9
000160,0.7 19 379.6 76.7 445.3 173.8 0.9 19 280.8 63.0 345.7 106.8 0.5 7 194.9 186.4 275.7 230.2 0.7 17 -0.0 159.2 296.2 249.8 0.6 17 -0.1 157.1 298.7 253.1
000166,0.9 14 219.5 119.2 252.3 149.8 1.0 14 285.8 113.3 315.2 190.5 1.0 14 62.9 75.3 144.4 156.7 1.0 14 1.0 112.9 21.8 177.0 0.5 14 176.3 112.7 206.2 157.3 0.6 14 221.4 119.4 264.0 173.0 0.8 12 47.1 104.7 200.7 220.3 1.0 14 24.0 116.2 44.0 151.7
000167,0.6 11 2.6 6.9 444.9 248.7
000168,1.0 14 50.8 99.6 147.9 329.7 0.6 14 82.3 98.5 147.8 306.0 1.0 12 69.2 118.1 138.6 461.8
000172,0.8 6 28.5 31.3 399.6 212.7
000175,0.0 0 0.0 0.0 10.0 10.0
000176,0.5 9 1.2 136.6 102.7 284.0
000178,0.9 4 219.1 55.1 246.2 106.7 0.9 4 250.5 38.7 280.0 101.9 0.7 4 118.2 46.5 144.3 79.9 0.6 4 98.7 49.2 127.7 108.4 0.7 4 328.2 40.7 350.0 79.3 0.9 4 188.6 54.1 211.6 105.5 0.6 4 184.9 54.5 213.1 113.6 0.9 4 109.7 47.6 154.3 160.2 0.9 14 2.0 0.6 88.7 142.7 0.6 4 149.4 67.3 177.9 120.8 0.5 14 296.4 0.9 352.1 72.2 1.0 4 147.3 42.4 178.8 119.0 0.5 4 101.1 48.1 142.8 117.1 0.5 10 6.6 21.0 443.7 248.9 0.7 10 5.2 85.7 444.1 212.3 0.9 4 305.4 54.1 355.7 150.4 0.9 4 184.8 53.8 210.1 113.5 1.0 4 178.5 63.5 218.6 164.1 0.9 14 192.8 0.9 306.7 76.2 0.6 10 6.8 103.5 446.7 246.7 1.0 4 212.8 75.9 256.0 170.9 0.7 4 252.9 41.6 305.2 161.4 0.9 4 263.7 42.8 295.4 110.9 0.7 4 97.2 48.1 132.2 113.1 0.6 14 292.9 1.0 346.8 73.8 0.9 4 293.6 37.4 320.8 87.4
000179,0.8 3 1.1 362.9 50.2 422.4 0.8 3 180.9 373.8 213.9 412.0 0.7 3 132.4 372.1 181.1 438.6 0.7 3 48.5 10.0 114.4 433.7 0.6 3 48.7 33.3 112.8 431.6 0.9 3 56.8 6.8 179.6 436.7
000181,0.5 4 227.6 124.6 242.7 150.5 1.0 14 203.9 105.9 238.0 145.0 0.8 14 15.5 88.9 156.8 201.6 0.8 14 99.7 101.7 239.6 247.2 0.9 14 98.7 102.0 176.0 192.4 0.8 14 168.8 107.7 201.3 142.0 1.0 14 17.2 86.9 231.8 249.0 0.7 14 252.3 144.3 328.7 226.0 0.6 10 230.0 168.9 399.6 250.7
000182,1.0 14 98.2 34.5 256.6 248.6
000183,0.5 11 54.5 1.6 397.0 228.5
000185,1.0 14 139.8 177.5 202.5 282.4 0.8 8 222.7 198.9 269.6 308.5 1.0 8 174.8 213.3 207.9 288.4
000186,0.7 2 70.6 137.6 227.9 240.7 0.8 2 47.3 32.6 211.3 179.3 0.9 2 49.5 32.8 226.2 241.2
000188,0.5 6 1.7 82.2 153.5 117.3 0.6 6 401.0 86.9 500.4 122.8 1.0 6 72.8 84.9 142.0 115.4 0.7 6 1.2 81.8 134.8 115.7 1.0 14 29.6 65.5 70.1 125.5
000191,0.6 14 139.0 240.9 146.9 272.5 1.0 14 82.0 240.1 94.3 290.5 1.0 14 100.6 242.3 115.8 292.3 0.9 14 180.8 234.2 190.6 276.0 1.0 14 19.0 183.8 90.0 498.8 1.0 14 134.0 229.9 188.4 435.8 0.9 14 186.5 221.6 204.7 431.9 1.0 14 121.5 242.8 134.0 294.7
000195,0.8 6 23.0 20.7 421.2 280.2
000196,0.7 8 1.1 155.8 60.9 274.4 0.5 17 322.8 184.7 440.4 282.6 0.8 8 317.7 136.2 356.2 207.4 1.0 8 66.9 120.6 155.2 223.6 1.0 8 239.0 111.4 307.5 197.6 0.9 8 343.6 139.3 433.2 206.8
000197,1.0 6 31.8 61.0 408.4 190.9
000199,0.7 2 172.9 47.0 382.3 202.9
000201,0.7 13 298.0 112.1 365.1 237.5 0.9 14 391.5 32.8 408.0 69.9 0.5 13 302.3 47.7 373.1 100.2 0.5 13 292.6 111.0 364.1 193.1 0.5 14 439.4 32.1 455.7 67.2 0.9 14 276.7 31.9 295.2 47.5 0.8 13 245.9 108.4 314.9 195.0 0.7 14 425.8 33.5 440.9 69.2 0.7 14 447.6 30.3 470.1 67.7 1.0 14 171.7 50.7 214.0 84.0 0.8 14 408.0 33.3 422.5 70.4 0.6 14 416.6 33.5 433.3 69.8 0.8 14 305.7 21.1 356.6 91.0 0.6 14 254.8 30.5 273.4 49.8 0.9 14 363.9 28.5 392.2 51.4 0.8 14 449.5 30.2 469.7 50.4 0.6 14 436.6 33.1 450.5 54.6 0.6 14 433.9 33.3 446.7 49.1 0.5 14 257.8 31.2 276.2 57.7 0.9 14 306.5 22.4 352.8 64.1 0.8 13 245.6 106.9 362.0 195.2 1.0 14 258.5 56.5 366.4 183.5 0.8 13 292.3 110.2 363.5 189.6 0.8 14 365.7 25.3 390.3 49.2 0.5 14 362.6 24.2 383.7 51.3
000202,1.0 4 368.7 82.5 441.5 280.3 0.6 14 4.2 2.3 263.3 226.4 0.9 14 14.0 2.2 265.2 283.4 1.0 14 186.2 62.7 377.2 281.2
000204,1.0 19 186.1 46.2 284.4 127.2
000205,0.9 14 69.7 156.1 154.0 349.6 0.6 11 55.6 276.3 167.8 468.1 0.6 14 61.4 154.6 179.2 500.6 0.7 14 58.5 156.3 201.6 499.4
000206,1.0 14 200.2 378.0 210.7 410.9 0.6 14 167.2 376.5 177.4 410.5 1.0 14 61.4 357.7 122.7 500.1
000212,1.0 14 322.1 44.4 363.1 103.6 1.0 14 240.0 76.0 280.4 140.1 0.8 14 415.8 92.2 496.1 247.8 0.8 14 416.1 148.9 483.8 249.1 0.5 14 436.3 188.1 499.9 250.1 0.6 14 436.3 83.3 466.9 138.0 0.8 14 441.7 51.1 499.8 123.4 0.6 14 182.3 76.2 196.8 97.3 0.6 14 325.6 45.7 381.6 127.4 1.0 14 143.5 104.4 206.3 151.2 0.9 14 258.1 104.5 313.0 146.3 0.9 14 1.8 59.2 189.2 249.8 0.7 14 102.0 80.2 150.8 155.4 0.9 14 352.3 47.4 381.1 77.1 1.0 14 1.0 81.2 30.8 125.0 0.9 14 1.6 58.8 196.8 252.0 0.7 14 469.2 91.6 500.0 168.9 0.7 14 437.2 82.8 462.6 111.9 0.9 10 117.1 139.1 439.3 246.0 0.7 14 183.7 75.5 198.3 97.3 0.6 14 461.9 187.6 499.9 246.1 0.8 14 265.4 73.6 341.5 149.7 0.9 14 278.8 73.2 341.6 146.1 0.8 14 349.2 46.8 383.1 91.1 0.7 14 323.9 43.6 384.1 109.6
000213,0.6 11 64.8 69.3 207.9 262.8 0.7 11 63.9 70.4 207.8 300.1
000216,0.9 0 205.5 128.7 252.2 168.9
000217,0.6 19 117.5 33.1 154.9 69.6 0.9 8 321.6 169.8 387.7 249.6 0.9 8 139.0 155.6 246.0 250.1 0.8 8 257.8 121.8 298.1 155.7 1.0 10 135.4 141.8 403.3 249.2 0.7 11 196.0 134.3 241.9 157.5
000223,0.9 14 373.7 196.9 389.5 225.3
000226,0.6 8 1.1 154.6 53.5 231.7 0.5 8 1.4 167.4 104.9 281.6 0.6 8 354.2 184.9 389.1 281.9 0.9 8 394.9 159.9 442.1 231.2 0.8 8 45.2 168.8 109.8 283.6 1.0 14 201.7 120.9 250.1 188.7 0.7 8 144.7 147.9 167.7 180.4 0.8 10 99.6 178.5 332.2 277.5 0.5 8 205.4 188.3 380.4 281.4 1.0 14 283.8 125.4 358.8 208.1
000227,0.9 19 77.6 31.0 166.7 112.8 0.8 7 207.1 92.2 328.9 249.3 0.5 7 208.4 90.4 466.2 264.6 0.6 7 217.2 145.1 331.0 249.0
000230,1.0 14 193.7 68.8 317.8 355.6 0.9 13 143.5 176.9 352.7 358.6
000231,1.0 14 298.0 122.4 326.3 226.3 0.8 5 84.9 109.1 240.1 205.5 0.9 6 117.8 142.8 238.6 206.1
000234,0.9 15 99.7 108.6 128.9 150.7 0.8 15 8.5 213.3 64.3 291.1 0.6 8 278.6 101.5 397.0 323.2 0.7 15 138.6 178.5 171.5 241.4 1.0 15 14.0 146.2 68.1 205.5 1.0 15 61.3 231.9 118.0 310.9 0.8 15 103.8 117.6 142.1 160.8 0.6 8 271.9 94.3 417.2 323.1 0.7 8 179.0 207.1 251.9 327.6 0.5 10 175.9 208.4 249.8 376.9 0.9 8 276.1 98.7 418.4 373.4
000237,1.0 14 205.3 35.4 303.3 201.8 1.0 12 48.7 44.6 346.7 330.5
000238,0.7 14 140.9 172.3 172.7 236.5 1.0 14 389.6 252.0 433.9 374.7
000239,1.0 14 1.9 135.3 29.6 204.7 0.9 14 1.1 135.9 26.8 240.0 1.0 14 34.7 164.2 89.2 233.5 0.9 5 64.4 35.8 466.5 221.2
000240,0.8 6 155.4 152.9 183.7 176.7 1.0 14 141.8 151.7 158.8 190.7 0.7 6 361.6 130.2 435.9 181.6 0.6 6 27.8 152.1 48.3 170.0 0.8 6 201.0 170.7 260.3 208.0 1.0 6 53.5 155.9 126.3 219.1 0.9 6 205.3 167.5 390.8 233.5 0.8 6 333.0 129.6 435.1 182.8 1.0 6 234.1 172.5 391.2 235.1 1.0 14 309.6 151.3 331.2 188.2
000243,1.0 0 180.9 125.7 272.7 194.4
000247,0.8 14 93.5 141.1 158.3 400.9 1.0 14 93.0 141.6 166.5 400.6 0.5 14 85.3 48.0 183.2 364.8 1.0 8 1.8 141.7 88.6 320.5 0.8 14 102.2 140.9 165.8 369.7 0.8 10 2.3 331.7 252.0 500.1 1.0 14 181.8 206.0 249.9 340.0
000248,0.8 12 105.1 68.0 317.1 207.0 1.0 14 219.9 117.4 287.2 203.1 0.7 6 266.1 143.8 408.9 219.2
000252,1.0 14 237.7 84.1 266.6 108.7 1.0 6 193.8 124.1 300.5 182.5 0.7 5 149.8 40.6 284.0 167.9 0.8 14 177.8 69.8 213.7 108.0
000253,0.8 18 105.8 75.5 347.6 176.8 1.0 14 409.7 118.9 438.6 167.8
000254,1.0 6 158.9 188.8 227.6 222.1 1.0 6 2.8 162.5 189.4 251.3 1.0 6 196.5 179.7 471.2 252.1
000255,0.7 7 1.8 1.3 422.8 252.6
000258,1.0 14 357.6 21.3 499.8 251.8 0.6 12 201.5 93.3 398.5 253.8
000260,0.9 0 136.0 32.2 397.7 173.5 0.5 0 137.6 109.7 321.9 174.3 0.8 0 354.4 120.7 445.5 159.5
000261,0.9 1 3.5 41.1 347.8 219.3
000264,0.5 14 123.3 46.4 213.8 216.8 0.7 14 1.4 37.5 89.4 271.3 0.9 14 81.1 49.1 182.7 251.1 0.7 14 12.2 48.0 187.3 476.6 0.6 14 122.0 46.7 174.1 130.0
000265,0.8 14 173.2 154.6 230.5 219.8 0.9 14 123.4 156.5 199.3 220.5 0.9 14 156.0 155.7 203.6 220.2 1.0 14 251.9 16.3 343.5 93.6 0.7 13 156.1 114.4 282.7 213.6 0.7 14 104.3 118.7 169.9 177.1 0.9 14 105.3 118.5 194.0 219.9 0.8 14 1.4 47.4 60.8 144.3 1.0 14 3.8 121.2 124.7 218.5 0.8 14 160.9 154.6 230.7 219.8
000267,0.6 12 58.4 135.6 196.6 501.1 0.8 12 54.7 85.1 211.9 502.1
000271,0.9 6 417.3 120.1 481.6 157.4 1.0 14 42.2 118.9 61.3 152.5 1.0 14 393.6 145.8 410.1 162.0 1.0 14 337.0 125.6 359.0 153.5
000272,1.0 14 18.2 69.0 171.9 499.5 0.9 14 19.2 68.7 197.9 499.1
000273,0.0 0 0.0 0.0 10.0 10.0
000274,0.8 2 80.3 66.0 349.3 212.7
000277,0.7 17 8.1 99.9 425.2 316.6 0.6 17 41.1 102.1 422.0 316.0 0.9 17 4.1 98.1 447.5 373.0 0.6 17 19.6 100.8 422.2 319.6 0.7 17 27.4 100.7 426.1 320.9 0.8 17 16.3 98.3 432.8 366.7
000279,0.9 14 197.0 194.6 267.1 373.6 0.8 14 264.2 189.8 331.3 314.2 1.0 14 68.3 185.4 178.9 357.9 0.9 14 198.2 195.0 266.9 315.8 0.5 14 262.3 190.4 332.1 361.4
000280,0.7 4 316.8 38.4 335.9 82.1 0.8 8 7.5 162.3 113.1 333.7 0.8 4 427.0 120.0 446.1 177.8 0.7 4 423.3 120.4 445.9 218.8 0.9 4 400.8 145.9 422.4 214.1 0.7 4 416.2 56.8 432.0 99.5 0.7 4 388.6 124.3 405.0 166.0 0.9 8 233.6 122.4 303.2 218.8 1.0 14 137.6 69.8 256.7 331.8 0.8 8 107.3 194.9 168.4 374.2 0.9 10 208.2 142.1 448.2 375.6 0.8 10 212.3 191.7 449.2 374.9 0.7 8 239.6 97.3 362.5 250.1
000281,0.6 18 60.5 72.0 432.0 259.9 0.7 18 51.3 70.6 499.7 270.1
000283,0.6 1 63.0 149.9 142.1 312.8 1.0 1 247.2 255.5 318.9 458.0 0.6 1 82.6 154.6 141.8 306.9 0.8 1 58.5 148.0 144.6 359.8 1.0 14 61.3 13.7 135.0 307.9 1.0 14 236.9 107.5 330.0 427.4
000284,1.0 6 202.2 77.6 437.6 260.5 1.0 6 420.0 66.7 492.8 120.0
000286,0.9 14 64.3 211.8 199.3 375.2 1.0 14 171.3 11.8 446.6 375.3 0.8 14 248.2 12.3 448.1 375.2
000287,0.9 14 3.7 1.5 271.6 373.6 0.7 14 364.5 59.9 443.5 281.6
000290,0.9 12 57.2 100.2 223.2 500.9
000291,1.0 19 162.6 104.6 296.3 199.7 0.6 7 22.8 9.1 138.9 55.6 0.7 19 318.4 111.7 413.8 240.3 0.7 14 241.5 65.3 291.3 88.2
000292,0.7 12 3.4 88.2 442.7 251.3
000293,0.7 14 260.5 29.4 302.8 75.3 0.6 6 140.4 61.2 259.6 97.9 1.0 14 124.0 23.2 161.5 89.0 1.0 14 400.7 30.6 443.0 107.2 0.7 6 1.4 74.4 401.3 209.1 1.0 14 13.8 12.5 59.0 122.7 0.8 6 101.2 17.9 216.4 73.6 0.5 6 1.4 1.1 444.1 251.6 0.9 6 60.7 39.0 112.6 67.5 0.9 6 1.9 76.6 444.0 230.0 1.0 14 149.9 27.5 177.4 79.7
000295,0.7 2 65.9 101.2 212.0 222.5 0.9 3 364.9 132.0 405.9 164.6
000297,1.0 14 169.9 117.6 251.9 262.2 0.7 12 73.2 83.5 176.7 261.4
000299,0.6 8 108.7 69.0 153.9 116.0 0.8 14 77.3 28.1 96.3 54.4 0.9 14 54.7 27.7 72.0 46.7 0.6 8 158.0 167.6 304.4 247.3 0.5 14 77.8 28.7 96.5 59.6 0.6 8 108.7 68.9 155.2 153.6 0.8 14 1.2 36.8 22.2 59.4 1.0 14 141.6 77.6 259.3 230.1 0.8 10 3.0 144.2 298.8 244.9 0.8 8 280.5 135.1 395.4 210.2 0.9 8 198.9 177.8 304.6 247.1
000300,0.9 6 23.2 169.5 226.7 393.1
000301,1.0 6 2.4 292.9 249.1 490.9 1.0 6 1.8 318.8 67.8 366.0
000309,0.9 2 87.5 125.3 282.6 221.5
000310,1.0 14 80.7 107.4 120.4 166.9 1.0 14 147.0 76.1 250.5 283.5 1.0 14 48.8 119.0 81.7 178.5 0.8 14 106.4 107.3 127.7 144.7 1.0 14 230.9 90.3 311.1 283.7
000313,1.0 6 320.6 152.1 372.1 184.1 1.0 6 64.5 146.0 123.0 175.8 1.0 6 8.4 144.9 72.0 175.5 1.0 6 122.4 147.4 175.9 176.2 1.0 6 185.2 149.2 231.9 179.1 1.0 6 250.3 149.9 297.0 180.7 1.0 6 376.6 153.5 438.1 184.2
000314,0.9 8 254.5 98.1 293.6 149.2 1.0 8 212.2 134.1 301.7 239.3 0.9 17 362.1 127.0 500.0 249.5 0.7 14 341.7 124.2 370.3 149.0 0.8 10 209.6 103.1 304.0 148.8 0.9 10 206.7 101.6 262.6 139.7 1.0 8 180.7 97.8 216.4 151.8 0.8 8 255.6 103.4 295.7 155.9 0.6 10 244.4 176.4 448.0 248.7 0.7 8 265.4 96.7 312.2 155.9 0.9 8 282.2 97.4 315.1 154.9
000315,0.9 14 44.2 175.3 232.7 499.9 1.0 14 0.7 112.6 74.3 500.1 0.5 14 115.9 100.7 249.8 430.6 0.7 14 116.0 99.3 251.0 499.6 0.8 14 186.0 99.0 253.3 499.2
000316,1.0 0 299.0 135.0 357.0 157.5
000319,1.0 14 159.8 36.5 223.8 163.7 0.8 12 38.1 62.0 305.0 218.7
000324,0.9 11 26.7 77.7 316.6 192.0
000326,0.9 2 165.3 73.9 260.5 177.7
000327,0.9 4 269.9 20.6 295.3 92.0 0.5 4 412.5 25.5 448.2 140.1 0.6 11 84.0 111.8 184.9 193.5 0.7 4 64.6 142.5 97.5 188.7 0.8 10 1.6 64.0 443.7 280.9 0.8 10 1.3 72.7 443.6 280.8 0.8 8 182.7 24.1 252.3 69.3
000330,1.0 14 171.2 32.8 276.4 153.5 0.9 12 73.7 36.4 348.9 250.7
000333,0.9 18 185.1 54.3 367.5 203.1
000335,0.6 14 3.0 79.4 246.4 499.6
000339,1.0 14 184.5 135.4 287.2 276.4 1.0 14 325.1 133.2 444.9 280.7 1.0 14 1.7 81.7 190.1 282.6 0.8 14 1.9 81.9 162.0 281.9 1.0 14 302.0 65.2 418.5 235.9
000341,0.9 6 191.8 109.0 306.9 166.0 1.0 6 378.5 150.2 496.6 224.5 1.0 14 423.1 117.2 437.0 143.6 1.0 6 49.2 112.2 176.2 161.9 1.0 6 0.9 152.8 102.2 254.8 0.7 5 309.7 83.7 391.7 152.4 1.0 14 407.0 114.4 424.6 144.0
000342,0.5 14 103.8 87.2 288.3 210.1 0.8 14 102.9 87.6 236.0 209.0 0.5 14 84.5 87.2 291.9 214.0 0.6 14 103.8 4.0 339.1 202.2
000345,0.6 9 230.6 83.7 444.8 173.1
000346,0.8 4 43.3 117.7 127.8 201.2 1.0 4 113.2 69.7 201.0 229.1 0.9 14 166.8 51.7 439.9 249.6 0.8 14 199.6 52.6 441.8 249.4
000348,0.8 13 274.7 138.4 378.9 193.9 1.0 14 311.5 85.1 330.9 117.7 0.9 13 100.7 96.1 253.9 203.3 1.0 14 201.5 69.1 286.8 210.9 0.9 13 102.4 94.2 376.2 202.7 1.0 14 268.1 73.0 330.0 205.9
000350,0.9 3 102.2 95.3 248.4 125.4
000351,0.5 6 258.0 47.3 331.9 95.8 0.5 6 62.1 52.6 163.9 97.6 0.5 6 2.5 50.3 78.6 97.1
000353,0.6 13 33.8 23.0 86.1 52.0 0.5 13 313.1 72.3 375.8 133.0 0.8 13 63.5 71.6 178.7 186.9 0.7 13 94.5 25.6 153.8 59.3 0.9 13 62.6 69.0 387.3 233.3 0.7 14 145.9 125.5 238.1 183.8
000356,1.0 12 82.2 165.3 159.9 479.8 1.0 14 59.6 113.8 168.6 328.5
000357,0.8 7 37.4 0.9 471.0 262.4
000358,1.0 14 22.8 21.3 89.8 211.2 1.0 6 81.4 74.2 322.8 213.3
000360,0.0 0 0.0 0.0 10.0 10.0
000361,0.9 6 194.8 138.2 253.4 170.6 0.9 6 416.5 85.8 444.5 106.3
000362,0.8 11 168.4 20.4 286.4 195.3
000364,0.9 13 281.3 43.4 437.1 118.5 0.8 13 345.7 51.9 439.3 119.8 1.0 14 316.2 1.6 406.9 84.2 0.7 13 49.3 37.3 219.2 198.1 0.8 13 171.0 102.1 406.1 232.7
000365,0.0 0 0.0 0.0 10.0 10.0
000366,0.9 19 63.7 47.1 193.2 191.9 0.8 19 31.9 62.9 58.3 112.9 0.8 8 170.7 191.7 249.7 421.2 0.6 8 7.7 180.5 36.0 256.3 0.9 8 168.1 252.9 229.0 418.6 0.6 8 5.6 178.8 37.6 400.1 0.9 10 58.9 168.0 177.0 463.7 0.9 8 7.7 178.1 71.5 401.8
000368,1.0 14 35.6 20.7 180.6 479.2
000369,0.8 14 137.9 57.1 254.2 185.4 0.7 14 1.9 60.1 149.3 189.3 0.6 14 208.7 90.8 354.3 162.4 1.0 4 158.9 172.0 192.3 245.0 0.9 14 92.4 56.9 254.7 185.3 0.9 14 1.4 58.4 100.8 247.8 1.0 14 1.5 58.0 144.1 247.9 0.7 10 17.6 171.9 424.1 249.0 0.9 14 276.3 58.9 440.9 240.4 0.9 14 210.6 59.7 441.5 249.8
000371,0.7 3 248.7 52.3 344.6 158.9 0.9 3 317.0 50.4 409.5 162.8 0.6 3 319.1 131.4 408.2 161.5 0.9 3 249.0 50.3 406.8 163.3 0.7 3 250.6 118.1 405.9 161.3 0.5 3 315.1 51.4 357.7 161.7
000375,1.0 14 217.3 134.6 243.1 177.9 0.7 14 219.8 109.4 238.3 127.0 0.7 3 2.6 2.7 431.1 222.8 0.5 3 101.7 124.6 433.9 219.9
000376,0.6 16 228.4 98.4 266.6 117.5
000377,1.0 14 165.5 59.1 233.8 152.8 1.0 14 185.5 101.6 279.0 177.3 0.9 14 101.2 79.5 119.9 105.0 1.0 14 26.4 54.4 110.3 164.2 0.9 8 339.1 156.8 440.6 249.2 0.5 14 112.3 105.8 188.1 220.7 1.0 14 254.6 65.7 311.6 164.3 1.0 14 345.9 51.4 437.2 169.7 1.0 14 112.9 105.9 187.4 171.6 1.0 14 104.6 50.1 173.4 147.0 1.0 10 1.8 160.9 335.1 242.1 0.8 14 340.1 52.8 436.2 218.0 1.0 14 304.0 59.7 361.0 187.8
000378,1.0 14 33.7 2.2 106.4 214.4 0.7 14 33.9 2.2 115.0 305.4 1.0 12 31.1 58.4 141.7 313.6
000383,0.0 0 0.0 0.0 10.0 10.0
000384,0.9 8 44.4 81.0 173.0 177.2 0.9 17 175.7 16.8 456.6 193.4 0.5 17 173.3 14.2 500.7 218.3
000385,0.9 19 179.4 60.1 241.1 107.2 0.6 8 183.0 128.1 254.4 211.8 0.9 19 84.7 28.8 166.7 107.8 0.7 15 72.0 71.6 123.6 116.6 0.8 8 1.9 106.1 145.7 248.6 0.9 10 147.8 124.5 312.7 247.7 0.9 8 148.0 127.6 254.7 249.5 0.8 19 177.5 11.7 239.5 65.3 0.9 8 192.0 128.1 256.9 248.8 0.9 19 252.8 32.9 312.7 98.7 0.9 8 334.0 111.3 444.3 250.9
000386,0.5 9 126.6 109.0 179.2 154.3 1.0 14 61.8 86.8 158.5 251.3 0.6 9 259.2 102.7 383.7 176.7
000388,1.0 14 1.2 120.1 117.4 499.4 1.0 14 111.5 4.5 220.9 498.3
000389,0.7 12 4.3 204.6 128.2 382.9 0.5 12 7.6 204.7 127.4 383.2
000390,1.0 6 4.3 41.6 402.4 269.8
000392,0.6 14 116.6 35.6 290.2 147.2 0.6 14 481.8 113.2 500.0 134.7 1.0 14 79.9 74.9 107.4 102.7 0.9 14 13.9 78.5 32.4 99.8 0.5 14 387.8 105.8 416.2 150.1 0.9 14 390.5 105.6 413.0 123.2 1.0 14 191.1 35.7 287.3 141.5 0.7 12 97.4 67.8 360.9 207.4 0.9 12 183.0 84.8 359.0 206.0
000393,1.0 14 241.0 39.0 305.8 143.9 0.9 12 166.6 70.2 425.3 199.3
000397,0.8 8 183.1 168.9 208.2 241.5 0.6 15 195.2 152.2 214.7 180.4 0.9 15 3.6 112.5 36.7 219.8 0.7 15 0.8 184.5 23.8 226.5 0.7 8 179.1 168.1 222.7 259.2 0.6 8 179.6 167.5 221.8 253.8 0.9 15 26.7 175.4 45.7 219.3 0.9 15 1.0 116.2 30.9 222.6 1.0 19 98.0 183.7 138.2 235.8
000398,0.6 6 62.2 116.9 295.0 277.1
000399,1.0 1 23.0 6.6 478.2 196.1
000401,0.9 7 2.3 70.5 180.3 174.2 0.8 7 147.4 100.6 429.1 253.5
000402,1.0 6 13.7 120.1 393.2 215.9
000405,1.0 14 24.2 33.1 191.8 494.9 0.5 12 11.1 284.5 208.3 487.8
000409,0.8 14 1.8 10.9 219.8 499.0 0.7 14 30.5 12.7 220.0 498.9
000410,0.7 12 100.5 228.8 169.4 320.3 0.8 12 88.4 226.5 169.8 320.9 1.0 14 11.1 183.3 37.6 343.8 1.0 14 179.1 226.0 204.0 318.5
000412,0.6 12 57.0 101.5 391.7 332.2
000413,0.8 14 360.9 307.6 430.7 375.2 0.6 12 145.1 233.9 287.9 375.2 1.0 14 123.2 153.2 211.3 296.1 0.7 14 122.4 151.6 215.8 363.9 1.0 14 25.0 285.6 115.6 375.3 0.7 12 148.9 7.9 440.4 374.9
000414,1.0 14 115.9 87.8 184.9 184.9 0.9 19 50.3 53.7 223.1 233.3 0.6 10 0.9 125.9 402.5 374.4 0.6 19 79.4 58.0 226.6 225.0
000415,1.0 6 12.8 108.2 431.1 280.7
000418,0.9 0 22.8 37.8 442.7 373.8
000421,0.8 19 58.0 49.3 167.4 223.1 1.0 19 2.5 46.5 166.8 225.9
000422,0.8 14 206.9 0.5 262.7 93.1 0.6 14 1.5 1.5 75.7 323.2
000423,0.6 14 396.0 90.9 427.8 169.7 0.7 14 425.8 42.9 449.6 234.0 0.8 8 219.9 166.0 250.9 215.5 0.6 14 424.5 44.1 448.4 177.2 1.0 14 44.0 78.3 108.5 267.5 1.0 14 326.9 91.6 424.7 309.0
000425,1.0 6 2.0 3.8 498.3 332.1
000426,0.9 2 145.9 178.5 239.1 259.8
000429,0.7 14 1.1 251.4 27.7 287.6 0.8 8 0.9 279.5 120.5 375.2 0.6 8 373.0 103.4 445.3 373.7 0.7 14 1.2 249.4 44.5 368.7 0.6 17 82.3 202.1 295.1 354.5 0.9 15 26.3 251.5 76.1 303.9 0.8 8 368.7 239.1 440.8 373.9 0.6 8 336.3 103.2 443.6 374.3
000432,0.5 16 286.4 201.4 328.7 237.0 0.5 16 198.5 200.2 240.0 235.8
000434,1.0 14 159.6 44.4 238.6 213.2 1.0 14 48.0 127.9 91.8 366.4 1.0 12 75.6 75.6 345.7 380.9
000436,0.9 2 35.3 118.6 303.1 249.3
000437,1.0 14 85.0 142.2 123.3 217.9 1.0 14 288.3 95.1 334.9 228.4
000440,1.0 6 39.3 79.9 456.5 302.5
000441,0.6 18 143.6 70.9 281.2 163.1
000442,0.9 7 17.1 1.1 404.4 251.7
000444,0.8 0 56.7 213.0 123.5 290.5 0.8 3 1.5 -0.3 202.2 328.6
000445,0.9 12 132.5 43.5 311.8 172.4 0.5 14 93.4 28.8 133.9 73.8 1.0 14 40.6 30.1 133.7 118.2 0.5 14 310.2 46.1 419.1 126.1 1.0 14 334.8 44.7 419.4 112.5 1.0 14 187.7 30.6 267.3 122.6 0.9 14 125.2 27.0 186.0 94.5 0.6 14 54.2 29.1 134.3 100.5 0.8 12 1.8 50.3 168.0 175.7 0.9 14 139.2 27.2 187.6 75.5 0.5 14 41.5 33.8 114.1 117.2 0.8 12 262.6 55.9 473.7 172.0
000447,0.9 14 163.4 28.2 237.9 122.4 0.9 14 165.0 27.0 327.1 122.0 0.9 4 199.4 99.5 246.1 212.1
000449,0.9 14 179.3 77.3 243.3 140.1 1.0 14 104.1 60.1 159.6 141.4 0.6 14 176.2 77.3 244.8 140.4 1.0 14 339.8 39.0 388.5 128.1 1.0 14 237.8 95.4 277.0 134.8 0.8 3 2.5 0.6 403.0 250.3
000451,0.6 11 0.8 7.2 419.4 220.8
000452,0.8 8 382.9 89.1 413.2 250.0 0.5 7 169.8 90.9 235.6 147.1 0.6 7 101.3 88.1 236.4 150.1 0.9 8 30.6 76.5 235.3 233.5
000453,1.0 14 260.0 92.9 294.9 119.3 1.0 6 10.3 81.2 484.9 197.7
000455,1.0 14 211.5 22.0 308.1 139.8 0.9 12 127.0 48.2 497.4 206.9
000456,0.8 14 113.5 77.6 160.5 109.8 0.7 5 80.2 36.2 376.8 203.6
000457,0.8 14 1.3 97.0 195.4 499.9 1.0 14 1.8 97.3 219.0 500.2
000458,0.9 14 13.6 0.5 112.1 155.0 0.7 14 1.2 0.2 110.5 150.7 0.6 14 178.9 22.0 346.2 223.9
000465,1.0 6 0.1 87.1 441.0 212.2 0.5 14 33.8 101.4 49.9 118.0
000466,0.9 2 212.6 64.3 306.0 170.1
000467,0.8 13 289.1 97.7 391.8 138.9 0.8 13 368.6 80.4 500.0 117.2 0.7 14 399.5 46.6 454.3 94.6 1.0 14 183.5 52.5 284.2 135.8 0.8 13 364.3 80.7 472.6 118.6 1.0 14 89.8 52.2 178.8 153.5 0.9 13 90.0 109.8 175.5 174.7 0.8 13 194.1 77.5 268.5 147.0 1.0 14 293.6 53.7 365.6 126.6 0.9 13 218.0 100.9 269.0 152.6 1.0 14 387.2 47.1 457.0 105.3 0.8 13 292.0 97.9 349.1 138.1
000471,0.5 6 32.2 50.8 412.7 249.2 0.9 6 31.6 52.0 412.4 281.6
000472,0.9 2 3.1 36.4 387.4 280.0
000473,0.9 0 373.7 89.8 405.9 110.8
000475,0.8 16 292.2 66.2 323.1 98.5 0.7 16 324.5 61.1 355.3 98.3 0.6 16 65.4 225.8 113.0 281.4 0.7 16 1.2 76.8 25.3 122.9 0.7 16 6.7 221.0 108.8 282.2 0.6 16 189.6 114.6 303.4 189.4
000478,0.7 11 244.3 71.0 452.8 183.5
000479,1.0 14 19.4 2.2 249.8 498.8 0.6 14 99.8 2.1 248.3 499.1
000481,0.0 0 0.0 0.0 10.0 10.0
000485,0.7 14 286.3 67.8 441.0 184.5 0.6 14 118.0 115.9 183.0 174.2 0.6 14 12.6 84.1 298.2 250.9 1.0 14 14.2 84.5 474.1 250.8
000487,0.6 8 228.2 151.9 263.7 231.9 0.7 8 161.8 164.5 225.4 331.6 0.9 19 315.5 63.0 370.0 247.8 0.9 15 141.5 178.7 171.9 227.1 0.9 8 22.0 251.2 165.0 376.4 1.0 8 223.3 150.6 270.4 331.8 0.9 8 301.1 249.3 433.0 376.4
000488,1.0 6 33.1 103.5 426.3 330.2
000490,0.7 11 1.7 247.3 78.1 317.9 0.8 14 282.7 115.8 499.0 331.9 0.9 14 296.0 188.3 349.5 297.8 0.9 14 109.2 78.7 188.7 313.0 0.7 14 167.6 71.5 250.2 268.1 1.0 14 101.9 79.0 184.7 237.0 0.5 8 83.5 170.7 124.3 300.1 1.0 14 117.7 72.2 258.5 333.2 0.9 14 253.1 188.2 345.1 306.8 0.7 14 206.8 116.5 499.6 332.2
000493,1.0 14 335.7 21.9 457.0 339.8 1.0 14 131.0 80.5 218.5 340.8 1.0 14 27.9 63.5 151.4 340.5 1.0 14 205.1 70.8 300.5 316.8 1.0 14 282.5 35.1 392.2 340.1
000495,0.0 0 0.0 0.0 10.0 10.0
000497,0.9 13 3.5 225.4 157.2 479.1 0.7 14 197.5 229.6 245.3 456.2 1.0 14 293.6 218.2 310.7 300.3 1.0 14 223.1 179.5 260.2 332.0 1.0 14 117.3 168.9 200.4 464.9 0.6 13 1.7 188.4 282.7 475.5 0.8 13 2.3 229.1 281.9 477.6 1.0 14 266.6 235.5 283.3 307.2 0.8 13 148.1 235.4 282.3 454.8
000502,0.9 14 131.8 232.0 176.5 351.3 1.0 14 1.3 1.6 444.5 374.1 0.6 12 224.5 228.0 289.4 350.9
000504,1.0 14 29.3 34.4 65.6 176.9 1.0 14 1.2 42.1 29.4 166.5 0.5 12 276.8 105.0 405.8 409.3
000505,0.7 6 248.4 66.9 407.4 156.4 0.8 6 197.9 42.1 408.5 155.7 0.7 6 162.3 67.7 404.4 218.7 0.8 6 158.4 116.9 387.4 217.9
000506,0.7 14 1.1 129.2 61.1 422.9 0.7 14 2.1 2.3 218.4 498.7 1.0 14 39.7 2.4 249.2 498.8
000507,0.9 14 232.1 120.2 266.7 165.6 1.0 14 165.3 38.5 236.1 162.9 0.9 14 69.5 77.5 107.6 144.9 0.8 14 245.9 147.7 388.6 231.7 0.9 14 1.0 163.3 18.1 218.2 1.0 14 63.9 119.8 108.4 193.8 0.9 14 260.6 68.7 305.6 206.9 0.8 6 2.1 135.4 247.4 284.2 1.0 14 18.4 127.1 66.5 205.2 0.9 14 166.0 40.0 240.3 208.4 1.0 14 105.2 117.3 145.4 171.3 0.9 14 233.4 120.4 270.2 211.8 0.9 14 67.4 76.9 108.6 189.6 1.0 14 2.1 100.8 38.8 148.7 0.9 6 1.6 113.8 443.3 285.0 1.0 14 145.8 126.2 176.4 161.1 0.8 14 1.8 98.0 40.7 185.1 0.9 14 246.6 148.5 347.8 215.5 0.7 14 338.8 135.8 441.0 214.4 1.0 14 263.0 68.4 305.4 162.8
000510,0.9 8 198.2 176.7 246.3 261.3 0.8 8 240.6 180.7 314.2 251.7 1.0 8 135.2 203.4 220.2 281.8 0.8 8 121.4 177.1 161.0 249.8 1.0 8 38.8 184.9 141.6 280.8 1.0 10 96.3 194.0 289.1 279.9 1.0 8 232.8 194.6 337.5 281.8
000511,0.7 18 106.3 108.9 280.9 170.0
000512,0.8 5 17.9 61.9 366.2 270.0
000517,0.9 11 23.0 175.4 139.8 284.1 0.9 11 165.4 85.8 307.5 204.2 1.0 14 162.5 24.4 317.0 283.2
000521,0.9 0 255.5 93.1 325.6 189.6
000527,0.6 1 263.3 155.7 283.3 184.5 0.9 1 171.7 190.3 250.5 260.0 1.0 14 46.5 81.8 65.6 144.8 1.0 1 299.1 190.1 358.7 256.9 0.9 1 284.8 168.7 350.8 223.9 0.8 1 170.2 191.4 253.9 282.3 1.0 14 102.2 119.4 119.5 149.8 0.6 1 167.1 194.9 215.4 275.6 0.9 14 356.1 138.0 370.6 177.7 1.0 14 264.7 132.0 284.3 181.0 0.9 1 114.0 192.8 251.1 292.1 1.0 14 167.7 134.6 187.0 179.3 1.0 14 125.3 156.6 175.1 268.7 1.0 1 112.1 200.7 207.9 293.9 1.0 14 185.2 147.5 233.3 254.5 0.9 14 314.5 145.6 343.6 235.7 0.6 14 291.9 129.6 326.0 226.2 0.6 1 282.3 167.8 320.6 217.8 0.9 1 174.8 193.2 252.1 279.8 0.8 14 87.8 125.1 103.4 153.8 0.8 14 292.8 130.9 314.9 177.2
000529,0.0 0 0.0 0.0 10.0 10.0
000532,0.8 13 239.6 174.3 390.5 321.7 0.7 14 242.3 54.3 285.6 104.0 0.6 14 300.7 80.3 351.5 177.2 0.9 14 240.7 53.8 360.4 200.3 0.9 14 168.0 89.2 332.8 304.0 0.5 14 238.5 54.2 364.5 293.4
000533,0.8 2 344.6 30.8 395.9 55.1 0.9 2 99.3 30.4 153.2 51.9
000534,1.0 14 2.9 13.4 276.8 499.7
000536,0.8 14 380.5 201.6 398.6 287.0 0.9 14 380.5 201.2 402.1 365.7 0.9 5 9.9 81.0 382.1 330.0
000538,0.6 18 118.4 48.1 353.4 285.7 0.6 18 117.3 48.1 337.1 280.5 0.8 14 381.0 180.8 394.5 209.8 1.0 14 3.9 132.3 46.3 259.6 0.5 14 70.9 123.2 101.3 197.0 1.0 14 65.0 122.2 101.2 266.4
000539,1.0 14 19.9 98.1 193.8 363.3
000542,0.8 7 1.1 0.9 441.1 271.2
000546,0.8 11 1.7 103.6 257.0 283.7 0.8 14 254.1 41.8 429.2 223.6 0.9 14 253.3 40.8 429.6 275.5
000547,0.8 14 20.7 309.1 51.6 427.2 0.6 14 172.7 48.7 188.2 88.9 0.6 10 118.6 245.9 177.3 317.0 0.8 14 81.5 10.1 112.5 92.3 0.8 14 79.0 7.4 95.9 64.9 0.5 8 171.5 363.7 211.0 499.5 0.9 14 20.6 307.5 52.3 500.4 0.5 8 130.9 382.6 183.8 499.5 0.9 14 47.8 37.5 73.3 110.9 0.6 14 200.8 38.9 216.0 97.1 0.8 14 1.3 167.9 22.6 220.9 0.9 14 0.8 380.1 33.1 493.7 0.6 8 2.0 385.7 48.4 500.7 0.7 14 133.7 215.4 157.6 260.0 1.0 14 59.9 151.6 80.4 244.8 0.5 8 107.7 299.3 146.3 376.7 0.7 8 142.1 294.2 199.5 499.5 0.9 14 86.5 33.5 115.4 93.3 0.8 8 98.6 389.7 141.1 500.0 1.0 14 102.7 157.5 123.1 255.6 0.8 14 25.5 307.2 50.8 386.8 0.8 14 23.1 309.7 50.3 382.8 0.9 14 171.9 229.8 195.2 289.3 1.0 14 133.9 215.1 158.2 261.7 0.8 14 201.1 41.9 216.5 92.4 0.7 8 102.2 311.1 148.4 493.8 0.8 8 137.9 374.4 209.0 500.0 0.7 14 1.8 167.0 44.3 242.4 0.7 14 131.2 214.6 158.6 278.1 0.7 14 169.3 3.5 185.3 68.3 0.7 8 165.9 377.9 208.9 499.6 0.9 10 114.0 355.7 198.7 499.6 0.7 8 155.3 291.3 190.9 367.7 0.6 14 170.8 228.4 197.3 333.6 0.9 15 181.6 99.3 214.2 197.4
000548,1.0 6 12.8 131.2 403.1 242.6
000551,0.5 11 2.0 7.5 441.9 284.6 0.7 11 2.1 107.2 442.4 284.4
000553,0.8 13 43.2 58.5 173.8 166.9 0.9 13 43.6 46.7 378.3 264.4
000556,0.9 18 81.8 76.7 357.5 230.1
000557,0.6 2 280.0 161.6 444.1 280.7 0.8 2 44.9 101.0 149.3 163.3 0.5 2 2.3 100.9 149.0 282.1 0.7 2 45.0 102.1 441.1 277.8
000558,0.9 3 172.1 72.0 232.1 134.0 0.9 3 115.5 87.3 162.6 133.4 0.8 3 170.0 72.2 205.4 133.5 0.6 3 259.3 22.9 307.8 105.3
000560,1.0 0 31.3 321.7 124.2 395.2
000561,0.5 2 88.7 271.2 179.7 363.6 0.8 2 21.2 21.8 107.9 342.4 0.7 2 87.0 165.1 184.7 358.7 0.7 2 21.4 20.7 106.0 381.1 0.8 2 21.3 119.8 91.2 365.7 0.8 2 87.7 164.8 186.6 480.2
000562,0.8 14 305.9 148.5 317.8 171.9 0.5 1 155.1 147.9 211.1 233.5 1.0 14 156.7 98.4 216.2 218.6
000566,1.0 14 21.5 21.7 280.6 250.1
000567,0.7 1 147.2 182.4 229.4 281.0 1.0 14 117.9 45.9 250.4 262.9
000568,0.6 2 82.4 38.6 342.8 198.6
000569,0.0 0 0.0 0.0 10.0 10.0
000570,0.7 14 219.3 27.4 344.3 183.0 0.9 13 123.7 66.6 412.5 206.5 1.0 14 224.3 26.3 378.7 171.6
000571,0.6 6 1.2 2.0 329.3 286.7
000572,0.5 6 328.8 22.9 383.8 40.4 0.8 1 1.5 83.1 230.2 208.4
000573,0.9 4 169.4 160.1 196.7 200.9 0.7 4 328.7 135.6 373.1 190.0 0.8 4 299.9 156.6 327.2 203.1 0.5 4 209.4 138.5 248.2 201.1 0.9 14 321.2 5.1 355.9 66.4 0.6 4 240.7 142.8 284.0 202.9 0.6 10 1.2 128.6 443.5 231.9 0.7 4 203.7 138.0 246.9 202.6 0.5 14 315.8 4.7 357.8 65.4
000574,0.0 0 0.0 0.0 10.0 10.0
000575,0.6 15 7.5 2.5 61.3 114.4 0.6 15 6.8 1.7 59.7 184.3 0.8 15 7.8 3.3 58.2 100.4 0.9 15 139.2 22.7 188.7 157.6 0.6 15 8.2 2.5 60.6 158.1 0.7 15 0.8 1.7 61.1 195.3
000576,0.9 3 235.6 65.4 410.1 190.4
000578,0.7 14 2.1 0.4 190.7 414.1 0.8 14 1.5 -0.8 244.6 415.0
000580,1.0 6 232.7 106.7 337.0 164.9
000584,0.7 1 46.9 56.0 316.9 231.0 0.9 1 42.1 54.7 315.7 277.5
000585,0.5 6 1.1 2.7 105.0 65.3 1.0 14 447.8 0.4 473.7 43.2 0.7 6 0.8 1.1 101.0 91.4 1.0 6 1.0 10.0 476.2 247.7
000586,1.0 6 112.3 343.0 190.2 443.8 0.9 6 106.2 335.0 129.7 395.4 1.0 14 67.9 333.0 91.5 454.5
000587,0.7 4 314.3 193.4 363.4 280.3 0.9 14 170.2 117.7 274.6 203.8 0.9 14 210.6 115.1 276.2 203.7 0.5 14 1.3 118.0 221.9 282.2 1.0 14 1.7 113.3 179.1 283.1 0.7 14 154.8 120.9 371.1 282.9 0.9 10 160.5 186.9 433.4 284.0 1.0 14 244.2 87.3 380.8 199.3
000593,0.6 6 1.0 73.7 35.3 206.3 1.0 6 65.4 54.5 323.5 191.9 1.0 6 24.1 88.4 70.6 114.8 1.0 6 237.0 45.6 427.9 171.8
000594,0.6 13 2.9 90.5 428.4 240.6 1.0 14 203.9 52.9 485.0 240.7
000595,0.8 8 129.8 131.8 296.1 283.7 0.7 8 129.2 133.4 200.1 270.2 0.5 8 175.6 159.1 303.6 283.7 0.5 8 133.8 110.8 198.1 220.4 0.7 10 36.4 110.7 194.5 192.8 0.9 10 152.0 130.8 417.3 279.7 0.9 8 129.9 134.1 198.5 261.0 0.6 17 31.3 162.5 427.1 283.5 0.7 8 137.5 157.7 303.5 283.9
000596,0.7 16 64.6 195.4 98.9 214.8 0.6 16 104.8 197.3 122.1 213.5
000600,0.0 0 0.0 0.0 10.0 10.0
000602,1.0 14 274.1 75.7 492.6 224.3
000603,0.8 19 216.3 2.4 306.0 98.0 0.8 19 112.2 2.2 203.6 99.2 0.6 8 313.1 130.0 367.5 232.6 0.7 15 121.7 187.5 221.7 240.5 0.9 8 369.9 102.0 438.7 223.6 0.6 17 105.6 102.3 327.2 164.1 0.8 8 10.2 100.4 62.4 213.0 0.8 17 102.6 106.0 355.0 233.2 0.9 17 42.0 103.7 369.4 237.6
000604,0.8 12 40.7 225.1 186.5 446.3 1.0 14 69.4 165.1 145.6 402.1 0.8 12 13.1 225.9 186.6 451.3 0.6 12 13.8 222.3 187.4 484.2
000606,1.0 4 374.5 137.7 404.7 203.0 1.0 14 134.3 67.0 247.4 166.6 0.6 14 132.2 66.1 247.2 208.9 1.0 14 157.1 46.3 183.1 80.7 1.0 14 24.1 67.1 189.9 254.9 0.9 10 146.5 150.5 441.6 254.0 1.0 14 308.7 46.8 441.9 188.2
000607,1.0 14 239.6 67.2 256.4 85.0 1.0 14 181.3 78.2 271.8 194.5 1.0 14 103.5 41.3 138.1 82.7 1.0 14 76.4 46.7 100.2 79.0 0.8 6 1.4 103.9 69.6 207.5 1.0 6 237.4 99.4 451.3 208.4
000611,1.0 4 114.5 45.6 182.7 200.6 0.5 11 204.5 -0.0 499.8 218.4
000614,0.9 1 109.1 90.8 367.9 307.8
000615,0.7 8 208.8 158.7 268.4 328.7 0.8 14 11.7 23.6 123.5 210.6 0.8 14 259.0 38.6 379.9 191.2 0.6 12 1.9 165.0 172.9 303.7 1.0 14 11.3 23.2 125.5 300.3 0.6 14 262.5 37.1 381.9 286.3 0.8 12 212.2 133.2 399.6 372.7 1.0 14 259.4 38.6 377.5 374.9
000616,1.0 14 214.0 146.3 273.7 411.4 0.7 12 18.6 105.7 191.0 409.4
000617,0.7 14 53.4 1.2 118.2 136.5 0.9 14 45.3 1.2 115.3 136.5 0.6 14 44.4 0.9 106.8 134.0 0.9 14 0.9 1.5 68.2 297.0 0.7 14 285.3 1.0 401.7 200.3 0.6 14 1.3 1.3 66.5 143.2 0.9 10 3.4 80.5 403.0 375.3 0.9 4 348.8 257.8 400.8 357.2 1.0 14 287.1 1.1 403.6 267.3
000618,0.9 0 136.6 33.9 481.7 290.0
000621,1.0 14 212.0 159.9 265.8 309.7 0.5 8 362.8 146.5 403.1 216.6 1.0 14 116.7 49.8 195.8 352.7 1.0 14 258.3 160.6 321.1 336.3 0.8 8 359.8 147.2 404.1 354.5
000623,0.9 14 84.8 71.3 95.0 90.5 0.6 14 270.1 71.2 280.1 83.7 0.7 14 256.5 67.3 268.0 86.4 1.0 14 139.5 25.2 174.0 115.6 0.9 12 100.6 48.6 202.4 198.7 0.6 14 257.2 67.3 269.6 95.5
000624,1.0 14 304.0 74.5 321.8 106.5 0.9 14 1.4 171.9 68.4 280.4 1.0 14 1.3 55.5 62.7 158.3 0.8 6 213.2 153.1 454.4 329.8 1.0 14 348.7 67.5 380.1 137.7 1.0 14 418.8 60.7 452.2 177.0 0.9 14 287.4 66.5 306.1 94.6 0.6 14 1.0 66.8 27.3 110.6 0.7 6 59.5 63.4 199.5 153.7 0.5 14 341.9 80.0 356.9 107.4 0.6 6 55.9 52.6 321.6 281.5 0.7 14 1.3 55.4 61.5 218.1 0.7 14 1.0 56.3 77.8 265.2 0.7 6 115.4 61.4 319.4 136.1 0.9 6 54.6 49.9 453.1 320.6 0.6 6 55.4 55.9 451.0 273.3 0.9 6 218.5 183.1 452.1 331.4 0.8 14 1.2 55.2 82.7 262.7 0.8 14 1.1 173.8 83.2 333.2 0.7 14 350.0 66.9 379.5 137.4 1.0 14 385.5 72.4 413.3 143.5 0.7 6 197.0 97.2 454.7 329.1 0.9 14 328.0 81.6 349.6 115.8 0.7 14 352.7 61.9 367.8 84.6 0.6 6 197.2 66.3 455.3 330.9 0.9 14 347.8 62.5 368.0 112.8
000627,0.6 9 44.8 70.3 257.1 210.1
000629,0.8 18 38.0 44.9 390.8 90.4
000630,0.9 14 201.9 123.6 256.6 203.7 0.9 13 152.9 109.9 387.9 249.2 0.6 13 149.2 117.4 253.1 217.0 0.8 14 224.4 105.3 330.4 201.6 1.0 14 227.5 105.1 330.2 224.2
000631,0.8 3 58.3 40.9 207.0 222.8 0.9 3 162.1 10.7 333.7 225.7
000634,1.0 14 168.2 103.0 183.2 125.1 1.0 14 117.8 129.5 153.4 194.8 1.0 6 186.8 105.4 330.9 151.3
000636,0.8 5 74.8 65.6 284.6 183.9 1.0 14 44.2 103.2 58.4 127.5 1.0 14 410.1 109.0 434.7 128.6
000638,0.5 11 1.0 41.1 219.1 292.4 0.6 11 1.5 1.4 217.2 290.3 0.6 14 2.1 1.1 227.1 441.2
000639,0.6 11 1.1 217.7 158.5 499.8
000640,0.5 14 229.4 87.0 302.2 159.3 0.5 1 2.2 1.4 476.9 374.2 0.7 1 2.5 35.7 480.9 374.3 0.6 2 417.7 117.1 484.9 166.2 0.5 1 119.3 37.7 481.0 374.8
000641,1.0 14 142.1 125.0 280.8 300.4 0.7 12 131.8 30.7 302.2 277.8 0.6 12 35.8 270.1 401.9 375.1
000642,0.9 14 0.2 9.3 441.6 374.6 1.0 14 69.5 9.8 444.8 374.9
000643,0.8 14 135.8 158.3 245.7 375.6 1.0 14 129.6 107.6 249.0 376.1 0.5 14 219.2 153.6 342.5 375.6 1.0 14 249.2 155.2 342.6 374.8
000644,0.8 14 267.1 128.8 320.9 209.3 0.8 19 187.3 50.3 501.2 375.4 1.0 14 218.2 113.8 275.9 208.1 0.9 19 188.3 73.3 348.5 219.0
000646,0.9 6 399.4 44.0 500.0 232.9 1.0 6 0.8 37.8 77.6 227.1 1.0 6 58.3 35.5 446.8 358.8 1.0 6 268.0 26.0 406.3 91.3
000649,1.0 6 18.2 194.6 252.9 341.5 1.0 14 340.6 167.3 369.3 206.1
000650,0.7 15 7.9 1.3 306.6 252.1 0.6 2 89.7 189.3 134.3 288.3 0.8 8 1.3 168.9 57.2 284.6 0.9 15 2.7 24.7 144.4 256.0 0.5 15 107.1 196.5 306.9 373.3 0.7 15 3.3 1.5 497.2 374.2 0.7 15 5.0 8.2 291.3 374.0 0.6 15 1.9 1.5 414.2 374.4 0.7 15 289.9 260.9 421.1 374.3 0.7 15 100.1 200.5 410.9 373.6
000651,0.0 0 0.0 0.0 10.0 10.0
000652,0.6 14 296.3 62.2 399.1 375.3 0.6 14 200.8 14.6 319.9 374.0 0.8 14 72.0 64.4 168.8 205.8 0.9 14 49.7 64.5 219.2 292.9 0.9 8 45.4 194.9 218.3 374.6 1.0 14 25.3 62.8 217.0 358.1 1.0 14 127.3 15.9 317.6 374.4
000655,1.0 14 163.1 82.2 291.0 300.5 0.9 13 85.5 114.7 343.6 314.1
000658,0.8 8 1.8 231.6 50.9 337.0 0.8 8 148.7 301.9 224.6 375.3 0.8 8 23.2 238.3 56.0 339.3
000659,0.9 19 82.9 31.1 265.3 242.0
000662,0.8 14 194.5 62.3 393.7 146.0 0.5 14 192.5 62.2 425.2 146.9
000664,0.9 14 39.3 2.0 265.1 374.3 1.0 14 39.1 1.7 399.6 374.5
000665,0.9 0 91.8 173.7 261.0 262.3
000666,0.7 5 29.6 65.8 449.5 215.3 0.7 14 440.2 150.8 459.5 238.9 0.5 14 182.7 109.0 229.7 199.9 0.9 12 43.9 112.7 271.5 316.4 1.0 14 27.2 151.9 82.7 333.0 1.0 14 286.7 177.0 345.3 321.1 0.9 5 273.2 65.2 450.8 213.9
000668,1.0 0 15.5 100.2 477.7 255.2
000669,1.0 6 325.8 214.6 402.4 325.7 1.0 6 238.9 199.6 328.2 244.7
000670,1.0 14 1.4 57.5 160.8 374.1 1.0 14 154.9 43.5 401.0 374.5
000673,0.6 7 82.5 -0.7 443.1 322.9 0.5 7 73.9 90.9 442.6 322.9
000674,0.0 0 0.0 0.0 10.0 10.0
000678,0.6 18 138.9 148.5 243.7 219.8 0.6 18 2.7 148.7 242.3 218.4
000679,1.0 6 103.6 118.6 458.7 278.9
000681,0.9 2 115.3 97.6 215.9 166.5
000683,0.9 14 309.4 33.5 500.0 234.5 0.7 14 78.0 34.7 353.3 249.9 0.6 14 1.0 17.6 100.4 250.8 0.8 14 3.7 17.0 151.2 247.7 1.0 14 136.4 35.4 333.4 251.2 0.8 14 311.1 85.2 499.8 237.5 0.6 14 2.4 16.6 96.4 245.2 0.6 14 266.6 34.7 499.7 250.2
000687,1.0 14 58.9 11.7 97.3 88.7 0.9 6 182.2 29.9 220.0 48.0 1.0 14 145.5 16.5 175.1 54.4 1.0 14 181.1 24.4 288.3 102.4 1.0 14 98.0 10.2 139.2 55.9 0.6 14 64.5 13.0 93.5 66.7 0.7 6 362.0 23.4 487.7 58.7 0.7 14 123.3 20.5 146.0 51.7 1.0 6 302.9 40.5 494.3 135.3 1.0 6 194.0 53.7 474.9 230.6 0.8 6 32.1 30.4 64.0 50.0 0.9 6 275.3 26.8 326.5 54.9
000691,0.0 0 0.0 0.0 10.0 10.0
000692,0.5 14 182.2 24.0 354.3 136.8 0.7 14 2.8 21.3 467.0 250.6 0.7 11 236.1 142.4 497.3 254.5
000693,1.0 14 193.9 114.9 235.6 211.1 0.9 6 120.8 132.0 156.1 184.1 0.8 14 232.9 110.1 253.8 158.0 0.9 14 249.2 103.7 286.9 158.0 1.0 14 11.2 108.0 45.2 217.3 1.0 6 147.4 134.1 209.9 179.7 1.0 14 94.6 118.2 131.7 221.6 1.0 14 230.9 109.0 257.7 203.4 1.0 14 58.1 111.5 97.1 219.4 0.9 6 90.3 130.5 159.0 184.4 0.5 14 234.1 143.6 265.4 206.5 1.0 14 243.8 103.4 287.2 203.2 1.0 6 260.2 130.7 444.1 217.5 1.0 14 285.5 102.3 322.4 140.8
000696,1.0 14 101.3 184.3 119.2 213.1 0.9 0 4.2 63.0 425.1 165.3 1.0 14 171.4 212.5 196.6 239.3 0.7 0 110.0 62.8 425.9 165.0 0.6 3 187.5 213.1 304.0 248.5 0.6 3 171.6 168.4 250.8 201.4 0.7 0 3.7 61.7 427.7 220.6 0.6 0 142.5 63.1 427.3 161.4 0.8 3 278.1 165.8 309.9 186.5 0.9 3 158.4 212.4 306.7 250.5
000697,0.5 1 104.6 212.8 153.1 355.7 0.7 1 104.3 214.3 152.2 355.6 1.0 14 93.0 137.4 150.1 307.1
000698,0.6 15 140.0 255.5 195.1 357.4 0.7 15 101.0 300.0 139.6 365.9 1.0 15 39.3 353.1 86.7 439.3 0.7 15 100.7 189.8 166.2 365.8 0.9 14 43.9 210.5 65.6 247.8 0.9 15 134.6 202.5 197.7 358.9
000701,0.7 7 157.5 84.3 264.6 144.4 0.6 14 196.5 25.3 498.0 199.4
000703,0.0 0 0.0 0.0 10.0 10.0
000704,0.7 14 330.3 10.7 407.6 91.7 0.6 14 247.5 6.8 329.7 171.4 0.8 12 87.8 59.5 317.4 228.9 1.0 14 327.7 9.9 408.0 139.2 0.8 12 14.4 52.0 177.1 227.9 0.7 12 85.6 61.1 323.3 228.5 1.0 14 250.8 8.1 330.6 85.2
000706,1.0 14 118.9 109.1 167.1 138.1 0.9 14 157.2 162.9 187.3 188.5 1.0 14 11.6 71.9 71.9 102.9 0.9 14 240.0 125.1 274.3 153.9 0.9 14 137.0 163.2 187.4 188.1 1.0 14 52.3 189.6 105.9 218.8 0.9 14 216.7 124.1 274.8 154.9
000708,0.9 2 278.3 127.1 384.1 239.7
000715,1.0 14 174.4 38.2 218.1 99.6 1.0 6 27.5 65.5 410.3 238.3
000716,0.0 0 0.0 0.0 10.0 10.0
000718,0.8 1 0.7 -0.4 182.6 155.8 0.8 11 124.6 14.7 307.2 283.0
000719,0.9 14 23.3 107.8 51.9 182.5 1.0 14 377.5 115.4 421.7 197.4 0.8 14 355.3 114.1 410.9 189.5 1.0 14 440.6 128.3 482.9 216.6 1.0 14 420.1 120.4 456.0 204.6 0.6 5 27.2 66.2 195.7 199.4 0.8 6 55.7 120.2 199.9 197.9 0.8 14 365.0 114.3 407.0 191.5 0.6 14 370.9 114.1 408.3 194.5 1.0 14 239.0 114.9 268.8 177.6 0.8 14 243.7 114.6 268.6 178.0 1.0 14 310.7 99.4 343.8 163.2 1.0 14 366.9 78.3 390.7 130.5
000721,0.8 14 190.5 108.7 213.4 129.4 1.0 6 81.9 105.3 372.4 203.9
000722,0.6 11 158.8 16.1 433.2 196.6 0.5 11 164.0 65.8 432.9 201.5
000723,1.0 14 344.3 154.9 398.4 264.1 1.0 14 65.6 142.3 83.3 182.4 0.5 14 1.1 148.3 40.7 215.8 1.0 14 1.0 148.5 35.4 284.8 0.9 5 86.3 94.7 392.7 192.6 1.0 14 276.8 145.8 316.7 246.9
000724,0.5 6 1.0 52.0 430.7 273.5 0.9 6 58.1 52.0 430.7 251.6
000725,0.6 9 70.7 122.8 113.0 161.4 0.5 9 173.7 120.5 209.4 161.5 0.6 9 345.1 113.3 379.1 155.0 0.6 9 250.0 125.3 277.5 159.8
000727,0.6 6 176.8 367.6 192.1 390.6 1.0 6 1.1 378.9 57.8 435.1 0.7 14 230.2 359.1 243.0 419.0 1.0 14 207.3 359.2 222.3 431.0 0.8 5 57.1 320.7 176.8 437.7 0.7 5 56.8 320.7 177.2 464.0 0.8 6 23.2 364.2 60.8 427.4
000732,0.7 18 28.9 239.4 203.9 454.9
000734,0.6 12 344.7 119.1 416.2 187.6 1.0 14 247.9 57.0 308.6 171.6
000735,1.0 14 146.5 75.9 198.0 174.6 0.5 18 34.3 15.7 497.9 189.2 1.0 14 358.8 115.8 391.8 159.9
000736,0.6 11 204.7 149.4 254.7 222.3 1.0 6 1.1 36.3 450.6 222.9
000737,0.6 8 364.2 80.2 454.1 214.5 0.6 12 227.9 81.8 366.8 176.0
000741,0.8 7 73.9 53.5 331.3 253.2 0.8 7 19.0 51.0 332.1 252.7
000743,0.0 0 0.0 0.0 10.0 10.0
000744,0.8 14 157.2 70.4 218.6 157.6 0.8 14 106.7 76.6 148.9 149.1 1.0 14 65.1 82.4 152.3 190.0 1.0 14 101.3 77.8 161.3 181.2 0.9 14 211.7 68.8 275.6 148.6 0.6 14 277.0 107.9 340.9 196.8 1.0 14 1.5 108.2 100.0 251.2 0.9 14 165.8 69.2 215.9 125.3 1.0 14 277.5 81.3 329.3 157.7 1.0 14 135.8 75.2 211.0 156.5 1.0 14 4.3 110.4 142.8 247.9 0.6 10 76.2 140.4 276.3 244.0 0.8 10 11.5 141.7 273.3 247.9 0.9 14 267.9 107.6 341.4 228.5 1.0 14 212.2 68.8 274.5 123.5 0.8 14 272.1 82.1 328.0 184.3 1.0 14 275.3 80.5 320.3 114.8 1.0 14 283.7 111.1 401.7 250.6 0.8 14 272.0 80.7 316.7 124.7
000745,0.7 10 0.7 36.8 499.2 288.4
000747,0.9 6 42.7 14.7 396.8 304.8
000749,0.5 8 159.6 59.1 241.9 120.1 0.7 8 46.2 123.9 181.9 297.5 0.8 8 46.1 121.6 247.6 374.4 0.6 10 50.1 114.4 368.7 374.0 0.9 10 3.8 114.6 370.4 373.8 0.9 8 248.5 62.4 366.5 373.8
000751,0.6 11 67.5 43.3 376.3 308.8
000757,0.8 14 402.5 32.9 425.0 82.5 0.9 6 372.2 0.4 431.7 49.3 1.0 6 49.3 44.2 429.6 332.4
000758,0.9 19 41.5 13.1 325.2 323.0
000759,0.5 11 100.3 106.8 398.9 374.9
000762,0.9 4 19.7 151.5 102.9 374.4 0.7 14 295.3 58.5 402.9 373.7 0.8 14 35.5 20.9 99.0 183.5 0.7 14 94.9 124.8 196.6 318.6 0.9 14 207.1 149.5 225.7 182.3 0.8 14 110.1 125.2 172.2 209.3 0.9 14 1.8 18.8 100.7 281.3 0.6 14 167.1 141.0 206.7 207.0 1.0 14 177.2 146.3 211.8 195.4 0.7 14 91.2 125.3 167.7 371.1 0.7 14 1.9 18.9 97.9 254.2 1.0 14 1.8 17.0 105.3 373.2 0.6 10 82.4 194.2 401.9 375.6 0.6 14 157.2 140.2 178.7 180.6 0.8 14 304.6 58.4 401.3 262.4 0.8 14 84.9 126.1 111.0 181.4 0.9 14 298.3 59.6 400.7 292.5 1.0 14 282.4 143.2 313.9 198.3
000765,1.0 14 2.1 2.4 404.0 374.4
000766,0.6 14 179.4 1.5 484.9 332.2
000769,0.8 14 2.2 33.1 476.5 331.8
000773,0.6 2 162.0 36.4 387.6 374.8
000775,0.7 14 57.4 197.6 73.2 223.3 0.9 13 53.7 264.2 322.8 463.4
000778,1.0 6 96.3 113.9 455.4 239.8
000779,0.0 0 0.0 0.0 10.0 10.0
000781,0.7 14 2.7 1.5 197.8 398.4
000783,1.0 14 145.1 42.9 231.5 199.5 0.9 12 81.9 72.1 319.5 313.9
000784,0.9 14 238.8 43.7 263.2 101.5 0.8 14 241.7 44.1 264.6 74.4 0.9 14 158.7 35.2 207.5 104.6 1.0 14 191.7 62.3 263.8 274.2 1.0 14 134.5 27.3 164.4 69.8 0.9 14 98.4 18.3 140.5 81.8 0.9 14 311.4 74.1 380.9 260.0 1.0 14 289.0 67.4 340.0 267.4 1.0 14 130.8 80.2 195.0 280.7 0.9 14 209.7 34.8 243.1 72.1 0.7 14 334.3 75.9 367.4 129.3 0.5 14 331.5 74.8 374.4 188.3 0.6 14 297.2 35.4 351.2 123.7 0.5 14 254.1 59.1 295.0 152.3 1.0 14 62.9 77.3 151.5 284.0 0.9 14 116.6 49.8 148.2 82.4 0.8 14 293.3 70.5 378.2 261.5 0.9 14 157.1 68.0 206.2 277.4 1.0 14 248.4 59.0 312.7 268.8 0.9 14 255.8 56.1 295.3 133.8 1.0 14 298.1 36.8 346.9 96.9
000785,0.7 11 2.2 32.3 444.2 244.3
000788,0.9 6 2.1 17.8 21.9 30.8 0.9 6 37.8 15.8 51.5 31.8
000789,0.5 16 207.9 132.9 287.8 186.8 0.6 16 139.1 124.1 205.8 171.1 0.7 16 240.0 84.3 277.1 109.0 0.7 16 307.1 86.7 339.5 109.0 0.6 16 55.8 111.1 132.8 184.8 0.6 16 211.3 72.5 240.1 83.3 0.6 16 250.1 119.7 317.7 174.2
000790,0.7 4 436.5 58.3 475.3 131.1 0.5 4 418.4 55.4 476.3 241.1 1.0 19 134.7 75.1 194.6 122.0 0.5 8 0.9 161.8 84.8 251.7
000792,0.8 3 61.2 424.9 91.4 453.5 0.5 3 160.0 426.2 186.2 465.3 0.7 3 107.9 2.0 163.5 466.2
000795,0.0 0 0.0 0.0 10.0 10.0
000798,0.8 14 79.6 81.9 233.6 193.7 0.6 14 56.1 82.0 234.5 221.9
000801,1.0 6 51.5 94.4 213.6 147.2
000803,0.8 7 100.3 54.5 225.0 171.3 0.6 7 10.5 53.2 448.9 221.2
000807,1.0 14 23.1 28.2 117.5 497.9
000809,1.0 6 1.1 82.8 122.7 137.8 1.0 6 24.9 83.0 383.9 183.0 1.0 6 237.9 78.0 398.6 137.5
000811,0.8 3 117.2 90.4 267.8 183.7
000813,1.0 19 39.6 43.9 234.3 290.6
000817,0.9 0 250.0 81.6 291.1 93.0
000819,0.9 1 14.7 158.6 201.7 390.6 1.0 14 44.1 12.7 193.2 328.8
000821,0.8 2 92.9 30.4 347.2 136.5 0.8 2 93.6 29.9 348.6 188.4
000824,0.5 18 2.4 70.0 403.8 216.0
000825,0.7 14 191.0 23.5 355.0 153.0 1.0 1 25.5 12.8 411.5 193.5
000833,0.8 5 9.9 9.2 340.1 258.8
000835,0.7 18 187.8 78.7 271.0 153.8 0.5 18 273.8 73.0 367.8 159.5
000836,0.5 14 62.5 97.7 130.4 296.1 0.6 14 43.8 99.5 129.0 293.8 1.0 12 58.5 160.8 130.3 409.5 0.7 14 55.8 98.4 132.8 343.0 0.8 14 44.1 98.6 132.9 345.1
000837,1.0 3 263.4 38.8 369.9 97.1 0.9 3 265.3 80.0 369.7 95.6
000838,0.6 2 145.1 56.9 268.7 226.1 0.7 2 146.5 57.2 292.3 266.3
000839,1.0 14 173.2 67.4 220.4 133.2 1.0 14 258.7 70.5 346.4 148.1 1.0 14 221.2 64.8 281.0 136.8 0.8 10 93.7 119.8 270.7 211.0 0.9 14 133.4 72.5 184.9 158.4 0.5 8 82.6 114.8 140.4 166.7 0.7 14 208.3 65.7 282.7 173.1 1.0 14 129.2 71.7 177.8 132.0 1.0 14 213.9 117.2 333.9 234.5 0.7 10 88.5 117.5 379.3 232.2 0.8 8 79.0 85.2 144.9 165.4 0.6 17 302.7 81.7 392.1 193.1 0.7 14 232.5 66.7 282.6 144.6
000840,0.6 15 189.6 109.3 209.0 128.5 0.6 14 134.6 89.1 277.7 180.3 0.6 17 1.3 120.1 233.1 247.4
000841,0.5 17 -0.1 110.6 257.7 174.8 0.9 17 3.7 106.1 394.4 248.7
000844,1.0 6 62.3 48.9 355.9 193.5
000846,0.9 0 140.8 99.8 171.5 121.1 0.9 0 128.5 163.9 160.1 181.8 0.9 0 109.6 142.2 139.7 160.4 0.9 0 157.2 121.0 187.1 139.8 0.9 0 107.6 94.7 138.4 114.8 0.7 0 94.4 117.5 122.6 137.2 0.9 0 141.0 141.7 172.6 160.9 0.9 0 123.4 66.6 154.7 88.0 0.9 0 195.4 122.6 223.6 140.4
000852,0.5 2 28.9 8.8 248.1 101.0 0.5 2 254.2 4.5 459.7 72.1
000853,0.9 11 30.5 143.7 199.4 499.3
000856,1.0 14 62.6 45.1 275.9 250.8 0.6 14 152.1 45.1 273.3 211.5 0.6 8 1.9 96.9 138.7 247.3 0.6 10 2.9 97.7 441.2 250.8 0.6 10 -0.1 130.3 442.6 250.5 0.8 8 339.6 109.1 446.9 178.2
000858,1.0 14 145.5 130.7 170.9 188.5 1.0 14 408.9 140.5 423.5 164.7 0.7 14 118.6 135.7 134.2 167.2 0.8 6 480.3 148.6 500.2 172.6 1.0 14 120.4 135.5 136.9 166.8 1.0 14 68.9 128.5 107.4 193.7 1.0 14 104.8 135.6 118.5 165.6 0.9 5 293.2 97.6 407.8 168.5
000861,0.0 0 0.0 0.0 10.0 10.0
000864,0.8 14 278.8 89.2 302.9 106.2 0.9 14 348.5 89.0 372.3 105.1 0.7 5 5.3 55.6 485.8 162.0
000866,1.0 14 176.1 70.6 239.9 192.0 0.6 14 182.1 97.9 193.0 117.2 0.9 12 123.7 108.0 332.1 253.5 0.7 5 262.1 25.0 429.1 168.4
000869,1.0 14 96.9 190.5 110.4 237.6
000870,0.7 4 15.6 0.6 48.1 68.8 0.5 14 3.8 100.7 368.8 250.8 0.8 14 69.6 47.6 275.2 221.2 0.9 14 2.1 113.3 198.3 252.4 0.8 14 2.3 112.8 251.5 251.9 0.6 14 176.7 97.6 372.5 250.6 0.9 14 227.6 98.2 372.2 203.3
000873,0.9 13 60.6 39.7 223.1 498.6
000875,0.7 16 239.5 168.2 263.9 202.0 0.7 16 271.7 153.9 287.9 189.4
000877,0.9 7 145.9 107.2 266.1 285.5
000881,1.0 6 241.8 156.2 420.2 257.1
000883,0.9 14 146.3 50.9 207.6 145.1 0.9 14 101.1 114.8 148.3 170.9 1.0 14 205.4 118.2 234.2 149.8 0.9 6 70.7 93.0 297.9 277.6 0.9 14 148.3 50.9 202.5 99.0
000884,0.6 2 174.8 98.3 344.8 260.7
000886,0.8 8 9.7 98.4 323.6 356.3 1.0 14 415.1 123.3 443.8 188.3 1.0 14 47.1 4.6 399.8 355.1 0.9 14 390.1 120.4 431.1 186.7
000890,0.8 14 1.4 186.5 112.7 324.1 0.7 14 421.2 0.7 447.7 67.0 0.7 14 117.7 108.7 148.9 164.4 0.6 14 422.7 145.6 492.0 296.0 0.5 14 214.4 211.0 309.6 307.9
000891,0.7 4 133.7 240.8 164.1 333.2 1.0 14 49.4 11.0 258.7 333.1 0.8 1 45.6 198.3 244.2 332.3
000893,0.9 4 51.5 218.7 62.9 257.9 0.9 4 35.2 156.0 47.2 206.6 0.9 4 57.9 148.3 71.9 206.1 0.7 4 46.8 157.0 58.9 206.4 0.6 4 48.5 156.4 59.9 205.1 0.9 19 4.1 5.4 211.8 498.6 0.8 4 39.2 219.5 50.2 259.1
000894,0.7 6 1.8 76.0 23.6 91.6 0.7 13 57.3 81.4 179.0 365.6
000897,0.9 11 65.5 82.2 244.4 213.7 0.9 11 214.5 54.1 332.3 223.3
000901,1.0 14 305.0 149.8 375.1 210.6 0.5 0 1.1 3.7 499.6 218.8
000905,0.0 0 0.0 0.0 10.0 10.0
000907,0.8 14 193.1 99.8 245.6 149.4 0.9 14 128.8 109.4 181.2 147.0 0.8 14 176.0 95.5 242.6 147.4 1.0 14 223.3 94.9 343.5 174.2
000909,0.9 14 57.4 156.7 169.3 443.3 1.0 14 86.1 159.1 167.1 445.2
000910,1.0 14 166.0 155.7 248.7 327.2 0.6 14 104.4 53.2 170.5 332.6 1.0 14 13.6 61.1 134.2 332.8 0.7 14 161.7 158.1 219.4 328.5
000913,0.5 11 81.1 1.5 269.9 174.7 0.5 11 1.1 1.8 268.4 178.0
000914,0.7 3 2.4 2.7 247.7 498.1 0.7 3 2.4 101.5 244.4 494.5
000916,1.0 14 107.0 84.0 141.0 185.9 1.0 14 1.9 86.7 21.6 121.7 0.6 5 94.1 27.9 442.1 248.9 1.0 14 56.3 88.8 73.3 113.3
000922,0.5 18 112.7 81.1 214.1 168.0 0.8 14 100.0 131.4 122.6 164.0 1.0 14 211.1 41.7 307.2 261.5
000924,0.9 14 0.9 146.6 13.2 201.9 0.6 6 137.8 102.3 236.7 202.7 0.6 6 19.6 107.0 143.9 201.5 0.8 6 17.5 139.7 124.0 201.3 0.6 14 141.0 141.0 156.6 158.1 0.8 6 135.7 142.7 235.0 202.2 0.6 6 250.7 100.1 354.7 205.2
000925,0.0 0 0.0 0.0 10.0 10.0
000927,0.7 14 3.0 0.6 309.3 248.8 0.7 14 102.4 94.7 316.2 248.7 0.7 14 101.5 94.5 497.1 248.7 0.6 14 1.8 1.6 122.6 250.1 0.5 14 2.7 1.5 496.3 249.8 0.8 14 81.8 1.1 317.1 249.5 0.5 14 80.1 0.2 496.8 249.1 0.9 14 260.6 115.1 385.4 243.8 0.8 14 275.1 110.8 498.8 249.6
000928,0.0 0 0.0 0.0 10.0 10.0
000930,1.0 1 124.3 128.2 308.0 213.9 1.0 14 158.3 52.7 293.3 190.3
000932,0.9 14 184.9 91.1 224.5 116.0 1.0 6 36.5 80.8 496.0 227.0
000933,0.0 0 0.0 0.0 10.0 10.0
000938,0.7 10 1.5 198.1 139.0 282.0 0.7 14 5.2 138.6 96.8 196.8 0.8 8 96.0 146.0 205.2 239.0 0.9 14 30.8 139.6 96.7 194.0 0.9 8 93.5 147.4 204.6 282.1 0.6 17 92.3 144.2 205.6 238.8 0.5 15 117.0 76.4 185.1 160.9 0.5 14 191.1 127.4 249.3 181.4 0.5 14 17.0 140.0 98.8 206.9 0.5 17 94.2 145.6 204.6 238.1 1.0 8 269.0 135.7 387.6 241.1 0.8 14 291.6 150.2 309.5 180.0
000939,0.8 4 76.7 327.9 139.9 481.6 0.5 14 55.6 60.8 226.5 475.1 0.7 4 77.5 376.2 133.7 480.0 1.0 14 1.0 59.5 227.3 499.6
000940,0.9 14 1.3 53.6 91.2 150.2 0.6 14 125.3 64.7 205.3 269.9 0.7 14 114.7 64.3 200.2 212.1 0.5 14 1.0 51.3 72.7 280.7 0.9 14 117.0 64.6 199.4 205.2 0.7 14 181.7 64.3 317.9 216.2 0.9 14 117.4 64.3 196.1 139.2 0.6 14 30.8 93.2 89.4 147.3 0.8 14 1.1 53.9 49.2 141.8 0.9 14 0.9 135.3 128.8 281.9 1.0 14 156.9 62.6 390.5 280.4 0.6 14 1.1 92.5 52.3 139.7
000941,0.7 17 11.2 143.1 258.9 289.9 0.9 17 10.5 138.6 414.9 298.1
000942,0.7 18 59.7 60.0 499.9 214.8 0.7 18 68.4 104.3 499.6 208.2 1.0 14 219.1 143.7 263.9 194.6 1.0 14 331.0 90.2 355.1 110.2
000944,0.7 8 104.8 242.8 236.9 376.4 0.5 14 201.6 96.9 334.4 375.2
000945,1.0 6 46.2 78.0 380.1 234.2
000952,1.0 14 18.3 92.1 220.9 332.1 1.0 14 196.9 100.7 413.9 331.4
000953,0.9 19 222.2 19.6 304.3 108.1 0.9 15 191.6 101.3 239.5 135.7 1.0 8 18.8 186.8 110.6 348.5 0.9 19 184.2 192.2 330.9 347.6
000955,1.0 14 146.4 61.9 383.1 331.4
000956,1.0 14 155.6 60.5 443.2 374.4
000957,0.0 0 0.0 0.0 10.0 10.0
000959,0.6 14 124.8 9.9 242.8 190.9 0.7 14 336.8 80.1 499.5 331.3 0.9 14 100.0 104.3 222.1 332.2 0.9 14 199.5 16.6 356.1 193.7 1.0 14 101.2 104.5 278.9 332.9 0.7 14 133.3 9.5 199.8 114.6 0.9 14 70.8 8.8 195.9 156.2 0.9 14 2.0 103.3 133.6 332.4 1.0 14 208.8 105.1 362.3 329.1 1.0 14 333.5 79.6 499.5 305.7
000960,0.9 2 65.7 219.4 169.1 277.2 0.9 2 167.6 206.3 294.2 281.7 0.9 2 14.7 32.3 112.6 71.2 0.9 2 294.6 232.4 397.6 291.4 0.8 2 78.3 82.8 166.7 225.8 0.8 2 8.7 120.6 84.3 208.4 0.5 2 287.9 128.6 377.9 168.5 0.9 2 76.8 82.3 167.1 188.7 0.6 2 82.8 82.0 164.4 153.6 0.6 2 102.2 81.5 164.4 147.1 0.8 2 242.3 6.8 335.6 137.0 0.6 2 79.8 132.6 153.0 189.6 1.0 2 253.3 73.6 374.9 166.1
000961,0.9 6 192.9 130.6 207.6 158.4 0.6 6 184.6 128.1 199.6 148.8 0.5 19 119.5 247.0 152.2 294.7 0.8 19 85.3 358.3 142.1 469.9 1.0 6 207.2 122.4 245.5 174.2 1.0 6 229.2 131.6 252.3 200.9
000963,0.5 11 0.8 1.5 498.3 252.0
000968,1.0 0 18.2 46.6 473.9 174.7
000969,0.6 14 219.4 1.3 445.1 282.2
000970,0.6 18 127.9 102.9 312.1 240.5 0.5 18 308.2 93.1 369.2 152.2
000974,0.8 14 240.8 62.6 269.2 88.8 0.8 8 357.8 182.5 500.0 251.0 1.0 19 23.6 92.5 147.8 175.0 0.9 8 4.1 184.4 135.9 251.7 0.9 8 234.5 159.1 338.8 231.0
000975,0.7 11 84.2 64.9 338.0 345.4
000976,0.5 4 148.4 -0.2 233.6 254.0 1.0 4 151.1 55.5 233.0 257.5
000978,0.9 14 57.1 118.0 128.6 229.6 0.6 12 1.0 112.7 49.0 232.5 1.0 14 76.3 1.3 217.3 249.7 1.0 14 160.9 0.8 338.2 245.3
000979,0.7 13 81.9 230.9 127.9 350.9 1.0 14 57.5 151.9 121.0 316.9 1.0 14 0.9 153.1 43.2 359.7 0.8 14 67.3 151.7 120.4 314.5 0.9 14 84.4 231.5 123.2 346.9
000981,0.7 14 34.2 16.1 182.4 499.5 1.0 14 34.8 17.2 214.5 499.8
000983,0.9 2 67.2 272.6 154.1 355.7 0.6 2 24.0 91.3 47.5 129.0 0.5 2 52.2 58.2 142.5 138.9
000984,1.0 14 41.5 311.2 78.3 498.2 0.9 6 151.7 295.6 212.1 349.6 1.0 6 0.7 328.4 23.9 365.4 0.9 14 43.0 320.6 51.0 356.1 0.6 5 143.9 239.9 197.7 341.4 1.0 14 27.9 322.7 37.7 359.2 1.0 6 125.1 321.6 151.5 351.8 0.5 14 34.5 322.1 41.8 358.0
000985,0.7 14 1.1 90.5 39.6 195.2 0.7 13 194.2 117.5 309.1 238.9 0.6 6 254.2 40.7 454.2 237.1
000986,1.0 14 327.2 43.9 356.9 90.9 1.0 14 181.5 41.5 271.1 146.7 0.8 12 143.3 76.3 296.6 176.5 0.6 14 19.5 95.2 43.4 117.9 0.7 14 370.8 58.6 386.7 71.2 0.6 12 269.0 117.3 390.6 197.3
000988,0.9 14 67.6 38.2 351.5 248.7 0.8 14 67.6 36.3 432.5 250.0
000990,0.8 14 391.9 85.4 435.3 116.5 1.0 14 2.9 20.3 225.5 224.4 0.8 14 213.9 20.9 394.0 222.4 0.7 14 217.0 19.7 448.5 222.2
000992,0.6 16 118.2 135.5 190.6 197.9 0.8 16 313.0 131.2 385.6 186.8 0.8 16 380.4 131.4 435.0 178.7
000994,1.0 19 34.9 80.3 135.8 181.6 0.5 10 93.5 141.6 230.4 214.7 0.8 19 34.3 80.8 133.0 153.6 0.9 8 191.2 124.2 409.7 250.3 0.7 8 271.8 97.7 365.8 157.4
000995,0.5 3 200.4 115.4 242.4 174.1 0.5 3 4.3 50.4 239.7 184.7 0.5 3 377.0 127.2 437.7 220.3 0.6 3 373.8 79.9 438.1 181.4 0.5 3 0.6 128.0 241.6 206.2 0.9 14 12.6 80.0 62.5 130.2 0.8 3 2.7 71.5 244.9 209.8 0.5 3 1.0 136.9 243.7 205.5 0.6 3 2.8 38.3 241.9 208.3 0.6 3 260.3 232.1 382.0 251.8 0.8 3 359.4 79.6 438.1 220.2 0.6 3 352.6 84.9 401.5 170.9
000998,0.5 7 2.6 68.7 165.3 497.3 0.9 7 13.1 68.1 216.5 498.4
001000,0.7 11 1.2 3.5 499.2 218.2
001003,1.0 6 116.2 68.5 343.6 187.2
001005,1.0 6 31.7 111.5 221.4 195.0
001006,0.5 16 265.4 214.7 333.2 246.1 0.6 16 163.9 107.1 274.3 192.5 0.8 14 1.6 185.7 64.5 282.8
001007,1.0 4 372.4 0.1 443.8 189.6 1.0 19 118.7 84.5 337.5 244.3
001013,0.7 16 88.1 173.3 112.4 206.9 0.7 12 220.4 7.5 499.9 251.3
001016,0.8 18 205.8 100.0 495.6 191.9
001019,0.5 7 0.8 0.6 249.2 400.7 0.5 7 23.4 0.3 250.1 403.8
001020,1.0 14 51.0 53.6 190.2 497.3 0.6 4 141.2 301.8 249.0 500.6
001021,0.6 14 2.3 38.8 159.8 198.4 0.8 14 178.1 24.5 361.2 178.8 1.0 14 1.8 37.7 159.4 282.7 0.9 14 159.0 23.8 367.5 284.3
001022,1.0 6 7.1 93.4 490.8 194.6
001023,0.8 8 85.0 160.6 142.2 204.9 0.9 8 343.3 191.0 383.8 266.7 0.7 10 11.2 133.4 251.1 199.2 0.7 14 150.5 169.2 221.0 206.9 0.8 10 2.1 195.7 311.5 266.3 0.9 14 206.7 180.4 288.8 229.3
001025,0.0 0 0.0 0.0 10.0 10.0
001026,1.0 14 54.2 1.1 125.8 246.7 1.0 14 92.4 86.1 200.0 412.6 0.9 14 120.9 1.2 175.2 96.6 0.6 12 44.6 229.2 203.4 410.3
001029,1.0 19 198.6 27.7 362.9 154.2
001030,0.5 14 427.4 115.6 445.3 142.4
001031,0.9 13 61.1 175.8 191.4 435.8 0.8 14 28.8 45.0 139.8 205.3 1.0 14 30.6 43.9 139.0 305.3
001032,0.8 7 80.2 0.8 408.9 250.7
001033,0.5 14 88.1 97.1 144.9 397.0 1.0 14 88.8 94.8 186.1 394.9 0.6 1 120.2 234.0 194.1 473.7 0.7 1 100.2 235.1 198.3 479.1
001034,1.0 6 156.5 150.5 362.0 230.5
001035,0.7 11 1.5 184.7 108.4 270.9 0.8 8 0.9 152.5 105.1 270.0 0.5 14 0.8 1.1 81.7 185.2 1.0 14 167.1 37.3 249.2 244.5 0.6 14 1.0 1.5 75.5 185.7 1.0 14 239.3 44.9 340.1 246.0
001037,0.5 14 53.1 13.2 149.0 98.5 0.6 9 101.4 91.0 178.4 137.2 0.7 14 52.9 14.0 146.5 131.2 0.9 14 52.7 13.3 149.1 84.3 0.5 9 14.1 70.7 120.2 135.0 0.6 9 164.7 69.9 323.3 143.7 0.6 9 322.9 58.9 465.6 128.3
001038,1.0 14 117.2 63.5 331.8 294.9
001039,0.7 19 304.3 109.9 355.2 174.5 0.6 8 138.7 161.6 198.7 265.8 1.0 19 176.7 109.6 216.7 152.1 0.9 8 141.5 162.3 238.2 268.4 1.0 19 237.7 108.1 286.0 155.5 1.0 19 136.6 108.6 171.5 145.7
001040,0.7 14 200.5 79.9 332.1 237.2 1.0 14 112.5 87.3 209.8 238.6 0.9 14 200.3 80.0 368.6 237.4 1.0 14 215.4 163.0 317.7 236.9 1.0 14 318.7 142.6 441.0 238.7
001044,0.0 0 0.0 0.0 10.0 10.0
001046,0.7 0 1.6 73.2 205.1 125.3 0.9 0 151.2 73.4 425.9 148.6
001047,0.6 14 171.8 38.1 257.1 149.1 0.8 4 73.2 9.6 85.6 40.5 0.9 4 50.6 8.8 61.4 41.3 0.5 4 234.7 29.4 255.2 62.7 0.8 4 30.0 123.4 48.1 161.8 0.9 14 153.9 38.5 270.7 207.9 0.7 4 73.7 10.2 86.0 40.6 0.9 14 273.4 2.5 380.2 167.3 0.9 14 111.5 33.1 172.5 156.9 0.9 14 169.2 37.9 264.8 159.9 1.0 14 60.6 32.5 170.3 161.4 0.7 10 16.2 147.5 251.1 244.0 0.9 14 246.2 1.5 379.9 224.4
001048,0.7 7 1.8 10.8 282.8 249.9 0.6 7 151.8 58.3 397.6 250.5
001049,0.7 3 105.8 36.4 251.9 80.3
001051,0.8 2 181.7 54.6 267.5 249.7 0.8 2 187.4 53.8 261.6 201.3 0.5 2 137.8 44.2 195.2 151.6 0.8 2 140.0 48.1 193.9 122.5
001054,0.6 11 0.5 82.3 200.5 435.4 0.7 11 64.4 83.3 199.8 437.8
001055,0.6 14 124.3 67.8 338.3 220.6 0.6 14 1.2 30.7 16.9 56.9 0.9 14 120.4 67.6 427.9 223.2
001058,1.0 6 6.7 66.8 357.7 161.5 0.9 6 105.9 68.9 358.1 161.2
001059,0.9 3 115.9 260.7 240.2 289.3
001063,1.0 14 191.8 61.8 314.3 317.0 0.9 6 376.8 200.8 480.3 317.7
001065,0.9 14 1.1 61.4 439.6 374.0 0.8 14 174.2 72.0 443.7 373.5
001067,0.7 4 215.9 100.5 241.7 146.3 0.8 14 156.0 37.5 339.1 301.8 0.8 4 140.7 163.8 164.5 198.2 0.8 17 1.9 41.9 418.6 278.0 0.8 14 80.3 45.1 165.2 234.9 0.7 14 209.7 18.0 294.4 169.3 0.5 14 160.6 169.9 252.7 330.4 0.9 14 152.2 40.2 247.9 316.2 0.6 14 154.9 38.8 242.5 185.4 0.9 14 82.0 45.3 198.0 373.7 0.9 14 82.3 45.2 171.1 373.5 0.5 10 118.1 147.0 444.5 376.6 0.9 10 118.2 231.5 445.7 376.1 0.9 14 213.5 17.1 344.5 281.2
001070,0.8 15 223.8 17.9 309.2 117.9 1.0 15 145.4 8.6 205.6 120.5 1.0 15 81.5 15.0 143.6 94.3 0.6 15 189.4 334.9 248.6 400.8 1.0 15 76.4 82.1 154.2 221.4 0.7 15 138.5 210.9 231.0 326.7 0.8 15 85.6 323.1 192.7 400.2 1.0 15 302.8 50.0 381.4 169.9 0.9 15 148.4 126.9 230.8 217.2 1.0 15 61.7 197.1 140.0 336.1 0.9 15 234.4 137.1 290.4 214.5 0.8 15 301.1 207.5 364.9 281.2 0.6 15 335.6 254.6 397.0 358.1 0.9 15 221.9 3.1 302.0 115.1 0.9 15 234.6 219.8 298.4 330.7
001075,0.7 11 200.4 144.5 357.9 229.9
001076,0.5 3 33.5 86.6 190.0 135.5 0.6 12 92.3 111.0 290.9 375.5
001080,0.9 0 34.0 47.9 316.4 371.2 0.6 0 36.2 51.8 317.1 268.1
001081,0.8 8 85.1 124.4 237.7 281.8 0.6 19 356.2 114.1 413.0 160.7 0.6 4 136.0 99.4 159.8 127.7 0.7 10 226.7 152.5 442.5 282.1
001085,0.6 14 219.3 1.2 246.9 53.8 0.9 14 153.8 1.4 173.8 43.8 0.8 14 371.2 2.5 385.1 36.7 0.9 14 426.1 0.9 445.5 68.1 0.8 14 177.0 6.8 195.6 33.3 0.7 14 92.0 1.2 124.9 89.2 0.9 14 355.5 3.8 372.9 35.9 0.7 6 177.7 7.9 373.9 62.7 1.0 14 377.6 1.0 402.4 43.5 1.0 14 114.7 1.2 153.5 58.5 1.0 14 91.2 1.1 121.6 48.8 1.0 14 5.9 1.0 77.2 153.7 1.0 6 74.8 12.0 393.1 227.3 0.5 14 218.5 1.0 241.6 16.1 1.0 14 393.6 1.0 427.8 82.8
001086,1.0 14 1.6 25.3 216.1 284.5 1.0 4 267.1 171.9 328.4 280.9 1.0 14 262.7 36.4 446.1 265.7
001087,0.7 8 81.1 69.7 159.6 220.3
001088,0.0 0 0.0 0.0 10.0 10.0
001089,0.6 1 14.0 62.7 402.1 235.8 0.9 1 12.6 64.2 402.4 271.7
001090,0.6 6 107.9 119.5 440.0 215.7 0.5 6 338.1 151.4 445.0 208.6 1.0 6 19.9 119.3 441.9 214.8
001094,0.0 0 0.0 0.0 10.0 10.0
001095,0.9 14 176.2 91.4 241.6 188.1 0.9 14 176.7 90.8 258.5 192.4 0.7 11 202.1 123.6 299.1 190.1 0.5 14 198.4 94.3 280.2 191.0 1.0 14 272.3 99.4 361.0 260.5
001096,0.9 14 173.3 31.4 260.6 120.8 0.9 1 147.6 108.1 359.4 245.3 0.7 14 172.7 33.2 263.9 192.1 1.0 14 222.5 47.7 326.6 171.4 0.7 14 221.6 47.1 324.9 197.4
001098,0.5 7 1.6 19.5 246.8 499.0 0.9 7 39.6 23.8 273.2 499.6
001099,1.0 14 86.0 182.0 106.8 225.3 1.0 14 68.7 194.6 86.4 227.4 1.0 14 398.1 179.7 419.4 237.5 0.5 0 108.6 70.9 487.8 232.7 0.9 14 422.1 181.5 443.8 239.6 0.7 0 6.7 68.8 489.5 257.9 0.8 6 1.5 137.5 144.2 256.6 0.7 0 106.7 68.8 489.7 256.8 1.0 14 422.4 181.9 444.8 240.0
001100,0.6 9 158.3 113.3 266.7 222.2
001103,0.0 0 0.0 0.0 10.0 10.0
001105,0.9 4 117.5 130.7 138.6 180.1 1.0 14 431.3 29.1 486.4 283.6 0.7 15 1.7 80.0 97.0 193.1 1.0 4 79.4 139.3 108.8 191.3 0.7 15 1.0 80.1 22.2 121.6 0.9 14 198.8 64.7 411.3 283.0 0.5 10 2.1 160.6 331.9 280.6 0.6 4 115.5 131.6 138.5 187.8 1.0 14 194.1 64.5 323.6 242.4
001108,1.0 14 207.9 122.0 301.1 281.8 0.9 14 86.8 107.8 197.8 283.3 0.5 14 1.8 1.7 125.8 282.6 0.9 14 86.7 90.3 233.5 282.2 0.6 14 212.1 48.7 485.9 282.7 0.9 14 259.8 60.3 418.5 279.6 0.9 14 261.4 61.2 487.1 282.1
001111,1.0 6 101.3 183.7 162.2 218.7 0.9 6 173.1 191.6 203.6 204.6 1.0 6 367.5 181.7 408.9 203.9 1.0 6 84.5 187.3 114.4 211.6
001114,0.8 12 200.4 86.1 383.2 233.0
001115,0.6 18 401.7 83.2 478.0 188.4 0.7 18 1.0 88.1 80.2 175.3 0.8 18 99.5 87.4 405.3 184.7
001116,1.0 14 24.4 18.7 450.7 270.8
001117,0.6 19 158.6 26.2 238.4 117.5 0.8 17 2.1 152.2 416.4 283.3 0.9 17 26.8 151.3 411.6 283.3
001118,0.8 14 178.2 0.6 233.6 69.6 0.9 14 432.4 0.6 480.5 45.3 1.0 14 12.3 5.9 221.6 246.8 0.7 14 206.3 66.4 409.0 245.6 0.6 14 208.8 66.2 480.3 245.3
001120,0.6 9 407.3 156.3 468.2 194.2 0.5 9 118.9 119.4 166.7 143.6 0.6 9 218.4 139.9 277.8 174.7 0.7 9 282.5 144.7 352.2 180.8
001122,0.7 7 49.8 26.6 220.4 496.4 0.6 7 1.3 11.4 220.6 498.1
001123,0.5 2 246.5 24.4 334.5 66.6 0.5 11 197.4 24.4 440.3 300.2
001126,1.0 0 164.1 69.1 344.7 276.5
001128,0.6 8 1.2 -0.1 80.7 119.7 0.7 11 1.3 69.4 290.5 300.6 0.8 11 1.7 67.7 344.7 300.4
001131,0.6 11 78.4 25.8 352.4 265.6 0.7 11 79.0 26.8 416.6 267.7
001132,0.6 11 18.4 91.5 378.5 284.2
001133,1.0 14 162.1 188.9 228.3 374.6 0.9 14 165.8 187.3 235.2 323.9 0.6 14 39.7 205.2 170.6 374.9 1.0 14 98.8 201.2 165.5 374.9 1.0 14 28.8 203.9 130.8 356.2 0.9 14 228.5 160.0 361.7 374.0 0.7 17 4.1 210.8 286.9 373.7 0.9 14 230.4 159.9 319.3 374.9
001134,0.9 13 163.4 185.5 280.3 276.7 0.9 14 164.5 197.6 206.8 270.6 0.8 13 58.3 174.6 130.4 300.2 0.8 6 310.4 125.6 459.0 361.1 0.7 14 344.3 147.1 365.1 187.6
001135,1.0 6 148.3 82.7 392.1 257.7
001138,0.9 19 227.5 89.8 260.9 113.1 0.8 8 133.0 118.7 200.0 219.7 0.9 8 135.9 152.3 194.7 220.2 0.7 8 131.9 118.1 198.1 167.7 0.6 8 53.7 123.8 192.7 220.0 0.9 19 130.8 92.8 169.7 119.6 0.7 19 1.0 97.7 22.7 135.3 0.9 8 242.3 111.8 308.6 175.7
001139,0.5 8 215.1 132.9 299.0 226.8 0.5 8 1.0 94.4 49.8 193.4 0.5 8 345.0 130.5 441.7 186.0 0.8 8 1.2 94.1 111.1 203.4 0.7 8 1.1 93.5 101.0 207.5 0.7 8 114.1 57.7 167.3 182.0 0.9 8 47.0 108.3 136.0 203.8 0.5 8 38.7 81.0 125.5 169.4 0.9 10 120.7 92.4 317.4 227.7 0.5 8 2.3 92.3 131.5 206.4 0.6 8 1.0 94.4 49.4 189.6 0.6 8 155.6 157.7 300.7 226.6 0.6 19 306.0 8.3 370.3 70.9
001141,0.6 14 191.2 70.6 213.2 123.8 1.0 14 152.8 74.6 175.3 122.1 0.9 14 159.4 99.6 183.5 165.4 1.0 14 49.4 114.4 88.8 186.9 1.0 14 191.6 70.3 214.2 124.7 1.0 14 13.4 114.3 50.2 188.2 0.6 3 318.0 45.4 368.3 64.8 1.0 14 129.7 70.4 154.2 125.5
001146,0.6 12 21.2 31.1 63.2 228.8
001150,0.9 14 2.3 0.8 186.9 114.9 0.9 14 215.8 1.2 348.3 128.6 0.6 11 3.3 61.6 346.8 227.7 0.8 14 41.6 1.5 184.0 113.8 0.5 14 214.5 0.6 350.4 176.3 0.6 11 165.7 57.9 445.0 226.9
001153,1.0 0 119.4 118.1 321.1 161.9 0.8 0 226.0 118.7 320.5 160.7
001155,0.5 2 317.2 124.4 415.3 225.5 0.6 3 24.4 95.7 289.8 182.4 0.8 3 21.9 84.3 287.9 194.8 0.5 2 139.0 79.2 186.0 109.6
001157,0.8 14 462.1 0.3 499.4 52.6 0.5 13 10.5 9.9 449.7 174.9 0.6 14 422.2 0.8 465.5 48.1 0.8 13 13.7 45.8 436.6 171.3 0.5 13 174.6 47.4 440.0 169.8 0.5 13 179.9 9.6 451.3 173.3
001159,0.9 14 158.0 26.1 200.1 85.7 1.0 14 215.2 163.6 280.6 226.6 0.8 14 163.0 27.5 196.8 70.4 0.7 8 124.6 37.6 177.6 98.4
001162,0.6 17 176.2 80.9 438.2 230.3 0.6 17 176.9 80.9 435.2 227.5 0.8 17 177.1 79.7 432.7 154.4 0.8 17 175.5 80.5 434.9 225.9 0.9 15 147.0 9.2 223.0 77.2 0.6 17 176.2 81.8 440.7 249.5 0.6 17 177.7 80.8 437.0 225.2 0.7 19 272.9 1.7 441.9 60.1
001163,0.5 8 169.7 102.1 209.9 128.2 0.8 19 31.5 20.1 93.8 87.7 0.8 8 310.7 138.4 442.6 249.9 0.5 8 163.2 71.6 200.6 115.5 0.9 8 1.4 95.2 49.7 193.0 0.9 17 47.4 123.7 284.3 247.7 0.6 8 43.1 86.3 105.4 141.4 0.9 8 101.7 82.7 157.2 131.1 0.6 19 186.1 21.5 232.0 73.9
001165,1.0 14 188.9 249.8 209.5 353.8 1.0 14 168.0 242.8 188.8 354.2 0.8 19 4.8 1.2 208.4 494.8
001167,0.5 4 36.0 105.2 134.3 229.8 0.5 11 165.9 197.3 235.7 236.5 0.9 4 1.1 61.3 51.9 239.6 0.9 14 3.2 1.2 190.0 231.8 0.9 14 2.2 0.8 144.2 231.6 0.6 14 2.6 2.4 442.8 236.5 0.7 4 146.7 107.0 197.1 232.9 0.7 14 185.7 17.5 444.7 236.5 0.9 14 185.4 16.4 452.5 237.7
001169,0.9 14 108.6 30.5 324.3 119.5 0.9 14 105.3 80.6 332.6 195.7 0.9 14 107.9 83.8 378.9 218.1 0.9 14 139.2 39.2 199.7 82.8 0.9 14 106.8 82.5 241.3 195.9 0.8 10 4.6 180.1 462.2 220.7 0.8 14 231.6 83.7 377.1 190.5
001173,0.9 14 3.3 35.6 369.3 222.4 0.5 14 2.5 36.4 499.0 221.1
001177,1.0 14 92.1 85.3 238.2 182.6 1.0 4 11.1 75.1 78.3 249.2 1.0 14 196.7 78.4 414.2 244.8
001178,0.6 18 4.0 83.9 314.1 120.2
001179,0.9 8 158.0 97.1 307.3 250.6 0.6 8 390.2 113.7 443.3 188.4 0.5 8 233.3 99.5 307.5 222.3 0.5 8 247.1 106.5 312.4 223.6 0.8 8 295.9 112.1 439.5 235.0
001180,0.5 14 24.2 115.3 223.2 500.9
001181,0.8 2 115.5 68.4 265.5 186.1 0.9 2 121.8 67.5 266.2 155.9
001183,0.9 12 70.4 108.1 170.2 186.4 1.0 14 197.3 58.9 251.3 166.9 0.9 12 121.4 82.2 316.7 234.9
001188,0.7 3 303.9 42.8 335.2 56.8 0.9 3 155.1 126.6 218.2 172.1 0.8 3 334.0 65.4 367.2 80.2 0.8 3 404.7 84.9 444.6 111.2 0.7 3 416.8 50.6 443.4 79.8 0.7 3 145.7 33.2 217.3 173.4 0.6 3 358.8 40.3 394.1 54.6 0.8 3 113.8 66.5 149.4 90.4 0.7 3 253.3 63.7 279.0 81.7 0.7 3 415.9 1.7 443.3 80.0 0.6 3 419.0 52.7 443.6 77.2 0.9 3 46.9 71.7 120.2 105.8 0.7 3 290.3 64.2 320.4 79.7
001189,1.0 8 94.2 241.2 172.0 414.5 1.0 8 29.6 223.4 87.3 370.0 1.0 10 69.7 238.7 184.5 408.0 1.0 8 172.2 227.5 229.3 372.1
001190,0.0 0 0.0 0.0 10.0 10.0
001193,0.0 0 0.0 0.0 10.0 10.0
001195,0.8 11 126.7 37.1 288.4 218.0
001196,0.6 12 0.7 118.0 188.8 500.2
001197,0.9 17 34.9 17.3 492.2 216.6
001198,1.0 14 319.5 78.4 336.9 103.2 0.7 14 336.2 71.3 363.7 127.8 1.0 14 418.0 81.9 441.4 149.3 0.6 6 9.7 27.2 366.2 225.7 0.8 14 378.1 86.6 395.2 123.4 0.7 6 1.6 2.3 351.8 254.7 0.7 6 1.6 26.4 365.9 253.4 1.0 14 336.3 71.2 361.8 109.1
001202,0.6 11 2.1 110.2 215.3 173.9
001208,0.7 2 3.8 49.8 109.9 170.3
001210,1.0 14 198.6 148.0 224.2 208.4 0.9 14 0.9 139.3 13.8 193.1 0.8 15 74.2 97.5 124.6 206.4 1.0 14 248.7 179.3 272.1 216.1 1.0 14 2.4 137.8 41.5 208.8 1.0 14 173.3 137.7 195.6 186.2 1.0 14 247.8 131.7 266.0 177.2
001213,0.6 2 136.6 105.3 213.8 463.6 0.9 1 159.6 379.7 240.9 464.6
001216,0.8 7 100.8 99.8 178.4 172.6 0.8 7 274.1 47.2 335.1 119.7
001217,0.8 11 32.6 104.9 197.8 246.7 0.7 11 180.6 116.7 443.9 284.7
001218,0.9 5 18.0 56.0 417.3 210.7
001219,0.9 14 418.0 107.4 479.0 231.6 0.7 14 403.0 115.7 423.9 180.0 0.9 14 476.3 117.2 500.0 167.3 0.6 14 189.5 207.6 201.6 231.6 0.8 14 476.2 116.8 500.0 214.6 0.7 14 187.3 207.7 200.4 231.5 0.8 14 401.6 114.9 421.8 151.9 0.9 14 179.4 183.1 195.4 215.6 0.7 14 214.0 205.3 227.6 230.9 0.9 14 418.4 107.2 477.4 185.4
001220,0.9 11 3.3 97.7 340.3 278.4 0.6 14 88.9 3.2 341.8 197.2 0.5 14 44.6 1.7 379.3 284.9
001222,0.5 14 91.2 120.6 106.9 138.3 1.0 14 1.5 141.3 48.1 211.6 0.9 6 94.3 115.8 216.9 190.2 1.0 6 99.5 138.4 422.1 251.2 1.0 14 25.5 143.3 59.3 206.2
001223,1.0 0 14.8 88.7 487.0 193.3
001227,0.8 14 153.0 247.8 172.2 285.8 1.0 14 120.2 253.2 152.0 319.4 0.9 14 184.9 251.6 207.3 289.3 1.0 14 64.4 251.5 93.3 310.2 1.0 14 31.0 247.4 57.2 307.9 0.6 14 91.6 249.2 126.5 308.0 0.7 14 91.7 248.1 123.5 292.3 0.7 3 0.9 0.5 250.5 358.5
001228,1.0 14 234.2 20.7 278.7 146.6 0.5 14 370.2 2.0 446.1 144.4 0.9 14 1.3 28.8 35.1 161.3 1.0 14 63.1 15.0 114.7 145.4 0.6 14 157.2 23.9 174.3 41.4 0.9 14 307.7 1.2 433.9 139.2 1.0 14 125.1 16.6 171.7 142.9 0.7 14 235.8 22.9 277.9 148.3 0.9 14 182.8 15.7 252.4 146.5 0.7 14 1.2 28.2 33.4 115.5 1.0 14 19.1 20.7 90.2 161.4 0.6 14 32.9 20.7 89.4 155.5 1.0 14 160.0 20.2 238.7 146.1 0.9 14 269.1 12.2 319.4 146.2 0.8 14 304.0 1.3 443.0 145.3 0.9 14 269.3 12.3 318.1 133.5
001232,0.0 0 0.0 0.0 10.0 10.0
001235,0.9 2 120.5 71.5 183.6 167.4 0.9 2 279.3 94.0 358.7 194.9
001238,1.0 14 115.3 120.4 172.3 262.6 0.9 1 124.1 197.0 164.1 293.7
001242,0.8 14 2.1 6.0 306.2 206.9 0.8 14 401.1 37.8 500.0 188.1
001243,0.5 11 6.6 236.1 86.0 499.7 1.0 14 59.2 13.9 184.6 486.7
001244,0.5 4 203.4 73.8 218.0 108.0 0.6 14 67.0 77.7 90.8 95.4 0.9 8 253.6 142.9 339.6 231.4 0.7 14 134.7 70.8 212.0 170.4 0.7 4 192.7 73.6 206.5 107.0 0.9 14 61.2 76.1 91.2 102.0 0.6 4 380.6 9.5 438.8 76.0 0.7 14 225.3 1.4 321.0 168.2 0.8 14 132.2 71.7 217.1 231.1 0.9 8 2.6 94.7 59.2 165.4 0.7 14 227.0 0.5 414.0 168.0 1.0 14 16.1 75.1 212.8 223.6 0.7 4 406.5 11.8 438.4 66.9 0.7 4 195.4 73.6 210.5 107.7 0.8 14 228.4 -0.1 408.0 232.1 0.7 14 239.5 51.8 331.5 232.7 0.8 14 317.2 33.1 444.0 231.8
001245,1.0 14 53.5 115.0 69.8 141.8 0.6 12 1.1 92.7 35.0 164.7 1.0 14 170.9 107.1 196.7 145.2 0.9 12 165.5 78.2 315.8 189.7 0.7 12 207.8 77.8 315.6 190.2
001246,0.0 0 0.0 0.0 10.0 10.0
001249,0.5 2 134.5 6.8 189.5 129.0
001251,0.8 14 157.8 67.3 187.6 97.1 0.8 14 337.7 115.6 378.3 182.8 0.5 14 481.8 125.8 500.0 193.2 0.9 14 1.3 48.0 73.7 229.6 1.0 14 117.6 69.4 158.2 96.5 1.0 14 8.5 7.2 206.7 251.5 0.5 14 1.1 49.2 27.5 100.6 0.6 14 1.6 6.9 146.6 250.0 0.9 14 113.5 10.1 347.2 253.2 0.7 14 22.6 52.6 90.5 175.0 0.6 14 131.7 70.0 157.4 95.2 0.6 12 178.8 9.3 348.0 175.3
001252,1.0 6 47.9 66.1 336.3 261.7
001253,0.8 8 134.1 229.3 161.5 329.0 0.8 14 0.8 125.5 13.2 177.6 0.9 14 0.9 147.7 71.0 368.0 0.7 14 177.2 81.2 252.7 409.5 0.8 10 6.5 361.2 244.1 501.6 0.7 14 176.3 81.9 252.0 435.2 0.9 14 162.0 80.5 253.2 498.6
001255,0.5 2 208.0 88.2 338.4 211.3 0.7 2 209.9 45.8 337.1 211.2
001256,0.8 14 199.5 127.0 231.8 161.9 1.0 14 341.5 144.6 384.0 263.7
001257,0.8 11 99.9 31.3 308.2 320.3
001261,0.9 14 76.6 126.5 303.7 374.7 1.0 14 3.2 21.2 287.2 373.8 0.8 14 2.5 19.7 220.6 373.7 0.6 14 169.0 126.1 304.2 292.4 0.7 14 164.6 125.6 413.4 374.3 0.9 14 268.5 97.1 494.6 374.8
001262,0.9 2 42.0 35.4 333.6 398.7
001264,0.5 14 381.3 20.4 424.2 118.4 0.9 13 67.5 21.3 444.7 349.2
001267,0.7 14 120.6 209.0 145.7 257.8 0.8 14 198.7 209.4 224.6 243.8 1.0 6 125.6 204.7 180.0 239.8 1.0 14 97.0 206.9 131.0 258.7 0.8 14 233.8 195.8 266.7 248.5 0.6 6 62.2 202.2 181.6 250.9 0.8 5 173.6 151.4 413.6 269.7 0.5 6 427.0 234.1 495.1 297.5 0.9 14 198.9 210.5 227.3 268.7 0.5 12 233.6 205.2 275.5 268.0 0.8 14 233.6 193.7 270.4 266.0 1.0 6 317.0 199.7 500.0 297.6
001271,0.9 14 167.8 1.3 215.7 63.1 0.5 9 399.9 76.6 430.0 123.5 0.5 9 444.1 1.2 499.5 132.2 1.0 14 28.0 1.4 106.3 138.3 0.9 14 0.9 2.2 32.2 186.8 0.9 14 20.8 67.6 45.8 134.9 1.0 14 307.6 1.4 404.4 123.8 0.6 9 293.4 58.3 344.0 132.1
001275,0.7 2 247.0 84.2 272.6 113.5 0.8 2 174.5 79.0 194.9 111.8 0.8 2 109.8 74.6 132.1 101.6 0.6 2 31.4 88.6 52.5 119.4 0.8 2 325.3 203.9 401.0 276.4 0.7 2 291.9 149.5 340.8 208.2 0.8 2 203.3 78.0 236.1 105.1 0.8 2 95.7 97.4 117.0 135.6 0.7 2 398.0 111.7 421.9 150.7 0.7 2 15.7 123.9 40.0 166.3 0.8 2 146.1 132.4 177.6 170.8 0.7 2 136.6 81.3 155.2 115.4 0.8 2 92.1 171.2 131.0 230.6 0.9 2 166.4 125.0 245.7 283.6 0.8 2 347.6 126.3 402.7 192.3 0.9 2 62.8 116.1 102.2 178.5 0.7 2 225.7 146.0 290.3 223.7 0.8 2 301.0 98.9 351.3 164.9
001276,0.9 8 393.9 171.0 475.4 307.8 0.9 8 318.0 154.9 403.0 270.4 0.9 8 463.7 156.4 500.0 281.9 0.7 8 7.6 173.1 237.7 374.7 0.6 8 138.1 162.4 225.9 333.0 0.8 8 315.2 155.2 405.8 286.4 0.7 10 348.5 185.2 475.3 291.0
001278,0.7 9 319.0 101.4 442.4 262.8
001280,1.0 6 73.4 59.9 476.8 226.6
001282,1.0 14 33.1 47.1 238.3 214.9 0.8 14 32.0 47.7 236.3 251.7 0.7 11 106.4 104.2 221.2 209.0 0.9 14 237.6 27.2 401.3 253.5
001283,0.6 6 210.1 114.0 278.2 147.1 0.7 6 250.6 114.4 334.0 149.8 1.0 6 208.5 112.6 333.9 150.3
001285,0.9 14 272.3 88.8 324.9 130.6 0.9 14 202.9 88.2 326.5 201.1 0.9 13 79.4 97.2 247.5 197.2 0.6 14 362.5 119.9 455.4 157.7 0.9 13 207.7 101.1 455.6 219.6
001291,1.0 6 8.5 8.4 442.0 277.6
001295,0.9 4 51.2 60.9 209.3 499.5
001296,1.0 14 167.1 35.2 301.7 223.3 0.9 13 59.7 72.0 360.0 251.7
001297,0.6 14 76.4 73.5 238.2 429.7 0.7 19 80.5 190.7 213.5 295.9 0.7 14 0.8 145.2 98.0 346.9 0.9 14 1.9 74.0 243.5 434.0 0.7 14 76.7 72.8 246.3 432.0
001300,0.9 12 54.2 102.3 169.7 422.5
001301,0.8 14 352.7 -0.2 444.4 244.9 0.8 13 22.9 42.1 320.6 245.2 1.0 14 307.4 8.6 388.6 244.8 0.8 14 109.0 0.5 283.2 78.9
001302,0.9 8 1.5 146.6 180.4 244.5 0.8 8 147.3 60.2 213.7 107.8 0.5 8 1.6 148.7 109.8 244.8 0.6 8 164.5 148.8 226.6 244.0 0.9 8 233.8 58.5 302.0 104.9 0.7 15 1.4 0.6 59.1 133.1 1.0 10 4.3 95.0 432.0 243.2 0.9 8 169.1 147.9 312.9 243.3
001303,0.9 14 2.6 2.0 366.2 244.6 0.6 14 288.6 0.5 443.7 245.3
001305,0.5 0 116.7 97.3 376.9 161.3 1.0 0 50.3 70.5 379.7 162.9
001306,0.8 11 171.6 87.9 281.7 133.9
001307,0.6 12 379.3 60.5 474.5 217.2 0.8 14 57.9 45.2 73.6 68.5 0.9 14 459.0 47.0 499.2 118.6 0.9 14 240.8 53.2 268.5 89.0 0.6 14 411.1 36.2 453.6 73.1 0.9 14 282.6 38.6 334.6 98.9 1.0 14 376.6 52.3 406.7 86.5 0.9 14 190.9 34.6 245.6 165.9 0.8 14 203.3 48.7 269.0 162.2 0.7 14 458.0 47.4 497.2 83.4 0.5 14 74.5 41.7 108.1 73.8 0.9 14 1.1 51.8 17.6 105.3 0.9 14 167.5 43.2 189.0 61.7 0.8 14 277.1 49.7 301.3 95.9 0.6 12 283.5 53.1 356.7 167.8 1.0 14 342.5 57.6 367.7 93.3
001308,0.7 6 243.1 2.1 355.5 80.7 0.8 6 121.1 37.9 225.2 79.6 1.0 6 100.3 52.3 430.7 278.0 1.0 6 353.1 35.4 421.1 78.3 0.9 2 145.5 101.9 228.6 140.3 0.9 14 302.9 7.9 353.4 65.1
001313,0.0 0 0.0 0.0 10.0 10.0
001317,0.8 12 10.7 11.0 117.8 256.5
001318,0.8 5 32.2 149.9 145.5 204.1 0.9 5 185.6 133.2 328.3 186.6
001319,0.6 8 318.1 120.5 442.8 275.4 0.5 8 251.0 119.7 446.1 276.4 0.7 8 356.6 120.9 445.5 273.3 0.9 8 60.1 147.9 224.9 275.5 1.0 14 101.2 71.7 234.9 249.2 0.7 8 59.3 149.4 128.3 270.6 0.8 8 200.9 96.1 384.7 275.9
001320,1.0 14 237.8 39.8 299.9 154.9 0.9 12 170.0 66.8 407.5 217.1
001321,0.6 6 229.4 107.9 390.6 202.2 0.7 6 4.0 74.7 388.4 203.3 0.8 6 2.1 74.0 449.3 206.2 0.7 6 169.9 74.0 389.2 201.1 0.9 6 376.5 94.8 451.0 209.0
001322,0.7 11 1.4 7.2 444.4 278.6
001328,0.0 0 0.0 0.0 10.0 10.0
001329,0.7 14 53.7 154.9 74.3 192.8 0.8 14 13.9 140.0 32.1 187.3 0.5 14 12.1 138.6 31.2 186.7
001331,0.9 6 397.6 126.3 441.9 226.8 0.7 6 68.9 150.2 364.8 304.5 0.9 6 66.6 33.2 361.5 306.7
001335,0.8 14 443.9 158.4 458.3 200.3 1.0 6 0.9 184.1 94.3 267.8 0.8 5 150.0 86.9 436.4 287.7 0.6 14 457.1 158.7 475.8 198.0
001336,1.0 14 115.6 29.6 274.2 251.2 1.0 1 66.1 145.5 311.5 269.0
001338,0.9 14 154.8 87.4 193.5 185.7 0.6 8 159.8 116.3 196.1 189.9 0.9 19 223.2 57.4 300.9 129.8 0.6 14 155.8 86.8 188.7 134.1 0.5 8 1.2 204.9 241.4 375.4 0.5 17 200.6 110.8 446.6 372.8 0.8 8 211.9 113.9 446.4 373.4
001339,0.0 0 0.0 0.0 10.0 10.0
001340,0.5 14 135.2 106.0 304.6 374.7 0.6 14 82.3 108.5 299.8 374.3 0.8 14 82.6 136.6 223.6 374.3 0.9 14 81.7 107.0 340.9 373.9 0.6 14 198.3 105.7 331.9 373.3
001342,0.7 3 178.9 75.1 215.6 100.6 0.9 3 200.8 131.2 268.7 156.3 0.6 14 355.9 169.6 483.8 319.2 0.7 14 336.7 169.4 454.4 303.5 0.8 3 210.8 16.8 268.3 159.1 0.6 3 348.1 70.0 380.4 81.8 0.9 14 316.0 169.7 486.7 322.3
001344,0.7 11 51.3 56.5 333.4 374.1
001347,1.0 4 220.1 258.7 246.9 338.9 0.7 14 2.8 64.1 395.8 374.4 1.0 14 103.4 61.9 400.8 374.6 0.6 14 241.0 64.7 394.9 341.1 0.7 14 184.0 61.1 395.1 343.5
001349,0.7 8 47.3 94.1 244.6 374.5 0.6 4 79.2 321.6 107.2 375.1 0.6 8 242.4 98.2 444.3 374.8
001351,0.8 14 357.4 83.8 447.4 373.6 0.6 8 159.4 280.0 241.6 375.2 1.0 14 112.8 173.8 221.3 374.4 1.0 14 34.0 139.2 132.2 350.3 0.5 14 353.0 84.1 446.6 260.6 0.9 14 286.0 84.3 447.1 373.9
001353,0.5 14 92.9 2.9 299.4 329.5 0.9 14 1.7 27.5 103.3 331.9 0.9 14 94.4 1.4 369.6 330.6 0.9 11 119.1 104.7 370.1 333.0
001354,1.0 14 159.8 30.3 236.6 210.1 0.9 4 84.0 201.2 111.7 278.3 0.8 8 329.8 170.5 379.0 257.5 1.0 4 298.2 266.8 333.2 361.5 0.7 14 2.1 43.6 137.4 359.8 1.0 14 99.8 44.8 165.6 215.7 1.0 14 1.9 44.2 139.8 260.9 1.0 10 0.4 210.3 426.1 361.0 1.0 14 172.1 65.1 333.9 264.9
001355,0.7 3 1.1 174.9 37.7 216.5 0.9 3 64.2 1.1 443.3 373.8
001356,0.9 14 458.3 38.2 497.4 98.8 1.0 6 0.9 41.2 104.4 146.0 1.0 6 27.0 60.3 497.7 219.6
001357,0.8 13 33.2 125.8 309.0 267.1 1.0 14 107.6 18.5 199.6 174.0 0.8 14 107.9 18.3 200.2 170.3 0.8 14 106.0 18.4 200.0 240.8 0.9 13 207.3 79.9 388.1 259.2
001358,0.7 14 179.7 112.7 281.9 211.4 0.6 14 48.2 0.9 98.1 40.2 0.5 14 128.9 38.5 211.3 194.7 0.9 14 1.0 74.1 23.1 139.7 1.0 6 343.6 1.8 417.3 29.5 0.8 14 1.0 34.0 23.9 137.8 0.5 14 1.2 33.8 23.2 63.1 1.0 14 52.7 65.9 144.7 219.0 1.0 14 115.1 35.3 145.4 68.3 0.6 6 47.5 57.7 157.7 92.2 1.0 14 186.1 113.5 279.8 191.6
001359,0.6 18 205.4 37.3 373.9 203.5 0.6 18 201.0 74.7 374.0 200.4
001363,1.0 14 226.6 75.8 272.6 133.1 1.0 14 349.4 76.5 385.7 121.7 1.0 14 274.4 78.5 330.0 139.9 0.7 19 1.4 23.2 163.5 246.9 0.8 19 160.8 25.5 453.7 268.3
001366,0.9 14 269.2 127.2 333.7 248.5 1.0 14 192.2 111.5 231.1 204.7 1.0 14 235.1 111.4 263.1 208.3 1.0 14 56.6 131.1 111.5 245.4 0.7 12 241.7 118.9 336.2 248.5
001367,0.7 8 0.9 196.1 145.7 283.1 1.0 19 103.8 47.3 233.1 156.8 1.0 19 242.6 43.5 391.3 176.7
001368,0.6 10 23.8 298.0 251.7 502.1 1.0 14 66.0 31.6 194.0 316.8 0.8 10 26.1 354.7 249.1 501.9
001369,0.8 6 10.2 101.7 220.5 432.2 0.7 6 16.7 50.5 221.1 191.2 0.9 6 17.8 48.7 188.8 153.7 0.8 6 11.6 50.8 219.9 431.4
001370,0.8 1 31.0 219.1 128.7 496.9 0.8 14 16.5 44.9 131.0 286.4 0.7 14 83.1 75.6 149.4 297.5 0.9 14 18.7 44.4 146.4 405.7 1.0 14 132.4 53.0 219.0 392.4
001372,0.7 14 121.9 69.4 199.2 472.8 0.5 14 121.4 71.8 152.2 135.0 0.9 14 120.9 71.1 198.1 304.0 0.9 12 127.2 90.2 221.9 484.1 0.8 14 177.8 102.0 192.5 134.8
001373,1.0 0 14.8 42.5 491.8 140.8
001374,0.7 10 24.5 149.8 127.7 221.3 0.7 8 0.9 147.9 29.7 245.6 0.5 8 221.7 181.5 299.6 239.2 0.9 17 286.0 136.1 443.8 251.2
001376,1.0 14 178.7 122.4 272.4 248.9 0.8 6 10.4 153.7 35.5 166.0 1.0 6 340.4 160.1 379.3 182.4 0.6 14 231.8 127.3 276.7 249.1
001377,0.9 8 246.3 109.7 287.2 171.4
001379,1.0 6 29.0 22.4 421.3 223.0
001380,0.7 15 398.2 201.9 489.3 317.7 0.6 2 101.7 183.6 179.7 304.7 0.9 2 100.8 182.2 150.6 299.7 0.7 2 144.7 234.8 181.3 303.2
001381,0.9 7 108.4 60.5 476.9 331.7
001382,1.0 14 48.8 241.2 70.8 313.1 1.0 6 94.7 227.6 275.9 326.8 0.6 6 345.4 227.6 436.1 277.5 1.0 14 1.1 236.0 22.7 311.9 1.0 14 77.6 232.1 100.0 295.6 0.9 6 265.3 247.6 315.7 285.1 0.9 6 295.4 227.3 436.8 277.5 0.9 6 18.0 234.0 71.4 283.4 1.0 6 404.0 255.4 480.1 331.5 1.0 6 284.1 260.1 410.8 329.2
001389,0.8 7 188.2 161.5 393.0 339.3
001391,0.8 10 225.7 277.2 423.8 375.2 0.8 17 35.2 192.9 295.6 373.4 0.7 11 212.4 178.4 293.1 256.9 0.6 17 32.5 172.8 296.1 374.3 0.8 15 303.9 10.7 363.6 130.2
001392,0.8 19 325.0 35.1 421.5 180.2
001394,0.9 3 39.7 97.1 104.9 131.6 1.0 6 130.5 33.4 486.1 289.7
001396,1.0 14 193.8 200.4 221.2 286.1 0.5 12 247.8 243.9 291.4 307.4 1.0 14 240.5 196.4 268.0 297.7
001398,0.8 12 15.7 8.2 218.6 175.0
001399,0.9 2 149.5 188.6 221.0 285.8 0.7 2 101.6 203.5 150.5 252.2 0.9 2 102.2 202.4 149.8 301.7
001401,0.9 7 95.4 125.9 355.0 279.1 0.6 7 94.7 124.7 412.4 373.1
001403,1.0 14 210.2 118.6 246.2 244.0 0.6 1 215.0 166.6 258.6 239.3 0.8 1 119.4 172.1 155.2 227.0 0.9 1 45.2 173.8 105.7 227.1 0.9 1 346.3 193.2 445.7 265.5 1.0 14 346.8 129.7 389.0 268.8 0.9 14 295.8 133.8 323.5 231.0 1.0 14 304.3 134.6 351.1 273.8 1.0 14 92.7 130.9 123.8 229.6 0.8 1 155.5 173.3 195.0 234.1 1.0 14 170.7 125.2 218.8 278.7 0.6 1 251.3 174.0 306.6 247.4 0.5 1 48.8 170.1 158.3 227.4 1.0 14 61.6 140.2 92.9 229.7 0.9 1 384.5 192.7 446.9 264.7 0.6 1 245.9 174.2 300.0 240.6 0.8 14 290.6 132.8 317.0 237.6 0.6 14 296.3 133.8 321.4 192.5
001407,0.5 8 32.8 290.5 145.1 375.2 0.9 8 351.6 277.3 415.9 374.8 0.6 8 86.8 289.7 145.5 374.2 0.7 4 188.3 224.9 199.7 262.0 0.9 8 52.8 290.5 145.5 374.9 0.9 8 9.0 223.1 47.8 308.8 0.7 8 26.8 285.5 92.5 374.8 0.8 10 48.2 216.4 381.4 374.5 0.8 8 27.0 245.1 89.2 374.3
001410,0.8 3 28.5 0.8 92.2 96.9 0.8 3 437.4 25.6 483.8 60.1 0.5 3 208.9 5.2 246.7 33.1 0.7 3 157.9 4.6 186.7 75.1 0.7 3 32.9 70.4 94.7 94.5 0.9 3 369.0 45.0 427.1 77.5 0.7 3 303.8 62.6 358.4 91.5 0.9 3 189.7 44.8 347.2 256.9 0.5 14 360.3 0.6 399.7 25.4
001411,0.9 14 8.4 89.2 139.4 210.3 0.7 14 165.4 138.9 232.3 190.6 0.5 14 10.9 89.2 151.4 208.5 0.6 14 62.5 89.1 157.0 173.8 0.9 14 5.1 88.5 160.5 257.1 1.0 14 146.1 16.4 461.9 332.2 0.8 14 164.3 140.2 234.7 224.3 0.7 10 126.1 210.5 264.7 333.8
001412,1.0 14 204.0 82.8 275.1 287.4 0.5 12 164.9 106.2 243.1 285.4 0.9 12 166.3 104.7 366.4 287.1
001415,0.7 2 353.6 171.5 412.3 201.1
001416,0.5 16 2.5 47.8 176.3 134.4 0.5 16 2.3 48.4 176.9 168.2
001417,0.6 14 265.2 19.3 287.6 45.0 1.0 14 142.2 27.5 236.8 139.7 0.9 12 83.8 50.2 294.3 248.6
001419,0.6 14 94.2 31.6 218.9 351.9 0.9 4 10.5 261.0 67.7 474.0 0.6 4 51.9 377.8 74.5 437.7 1.0 14 32.9 29.9 130.2 257.8 0.6 14 57.4 25.4 217.1 407.1 0.9 14 110.3 16.8 219.1 408.3 0.5 14 182.9 0.9 218.1 89.2 0.6 14 179.7 0.7 218.2 136.5
001422,1.0 6 73.3 65.0 451.0 182.5
001423,1.0 14 186.1 66.6 285.6 221.7 0.9 14 121.5 40.3 187.5 221.4 0.8 14 121.9 40.2 215.9 220.8 0.6 14 272.2 42.4 371.5 219.2 0.7 14 313.7 43.5 372.6 126.1
001424,0.7 5 208.6 307.2 236.6 349.8 1.0 14 138.1 323.6 148.6 359.5 0.9 14 0.7 284.6 11.1 380.4 0.9 14 115.9 319.1 124.5 359.4 1.0 14 93.5 298.7 112.9 368.2 1.0 14 124.6 318.3 134.9 362.2 0.9 5 173.9 280.1 211.3 355.9
001425,1.0 2 172.5 116.9 313.5 203.6
001428,0.9 6 224.7 116.3 303.7 163.4 0.7 11 137.4 141.8 390.3 265.2 1.0 6 224.1 114.2 350.2 163.2
001429,0.9 4 281.5 96.7 308.6 142.0 0.9 4 413.1 65.3 445.6 141.2 0.9 14 2.7 41.7 358.5 279.7 0.9 14 0.0 40.8 448.5 282.6 1.0 4 376.5 70.6 418.5 170.3
001431,0.6 14 23.5 1.7 160.0 134.5 1.0 14 264.9 1.2 376.0 126.9 0.9 4 14.4 93.5 74.9 216.5 0.6 14 264.8 1.0 433.1 123.5 0.5 14 3.2 1.6 157.1 127.3 0.9 10 1.5 119.4 444.6 276.0
001433,0.6 0 5.9 9.1 435.9 197.4 1.0 0 14.3 68.7 426.4 199.8
001435,0.8 6 200.3 132.1 302.9 163.4 1.0 6 6.1 192.0 216.5 260.1 1.0 6 125.8 156.4 288.7 201.0 0.7 14 118.7 111.9 133.9 129.0 0.8 14 57.4 120.1 75.6 134.4 0.9 14 382.5 112.4 396.9 131.8 0.7 6 412.1 135.0 435.1 157.1 0.8 14 190.4 112.0 203.6 131.9 1.0 14 113.0 123.6 140.5 168.1 1.0 6 7.8 129.5 89.8 157.6 0.9 6 134.0 133.7 223.8 167.9 0.9 6 135.3 130.8 301.7 171.3 0.9 6 95.1 127.2 143.4 152.4 0.9 14 404.5 113.5 416.2 129.0 0.8 14 163.2 123.9 179.6 137.4 0.8 14 195.1 112.2 207.3 131.7 1.0 6 357.3 128.1 427.8 157.9 1.0 6 219.5 175.2 408.2 235.0 0.7 6 207.8 139.7 305.6 169.0 1.0 6 276.0 132.0 330.6 155.7
001437,0.7 15 24.9 44.1 95.9 210.1 0.8 15 67.3 95.6 158.4 183.1 0.6 15 1.3 45.7 46.7 205.5 0.9 15 77.1 41.1 161.1 185.4 0.6 14 141.5 32.2 307.2 103.4 0.8 15 1.3 50.1 47.7 147.9 0.8 15 15.9 43.7 97.4 210.0 1.0 14 141.5 32.2 397.9 245.0 0.9 15 28.5 109.8 96.7 209.9 0.5 15 125.8 91.0 161.4 182.1
001438,1.0 14 98.3 6.6 232.3 259.3 0.9 4 101.3 173.1 143.4 250.2 0.8 4 51.4 127.2 103.5 227.4 0.9 14 0.9 1.2 34.5 129.1 0.8 14 3.8 6.2 238.3 498.2 0.6 10 2.7 158.4 242.0 477.6 0.9 4 17.3 133.8 61.2 226.8 0.6 14 97.1 3.1 237.9 319.0
001440,0.9 2 46.4 55.5 377.7 212.7
001446,0.9 13 72.5 214.4 164.9 389.7 0.7 13 83.1 240.1 153.0 388.3 1.0 14 65.3 187.0 126.9 292.6
001447,1.0 14 126.9 23.8 263.0 193.6 0.9 13 119.4 82.1 336.5 216.1
001448,1.0 14 93.7 220.0 129.4 358.3 0.7 14 112.5 282.8 143.4 362.7 0.8 14 0.6 224.8 9.7 374.1 1.0 14 4.9 203.0 96.9 447.6 0.8 12 83.5 54.3 230.3 423.9
001449,0.7 18 1.9 68.4 160.0 157.5
001452,0.9 14 59.6 106.5 76.3 154.4 0.8 14 58.0 123.1 127.4 313.2 0.8 12 54.0 229.6 136.4 448.9 0.8 15 167.9 178.7 185.7 216.7 0.8 15 153.1 147.1 178.6 211.4 1.0 14 58.8 124.3 153.1 314.2 0.6 14 55.3 105.8 77.2 198.8
001454,0.6 12 194.9 113.3 244.6 206.0
001456,0.0 0 0.0 0.0 10.0 10.0
001458,0.9 17 101.3 79.6 355.1 201.3
001459,1.0 14 199.3 90.7 301.0 283.2 1.0 14 93.2 136.1 117.4 159.2 0.9 19 0.9 82.9 41.8 155.4 0.9 14 99.6 126.6 122.2 157.8 0.8 19 85.8 119.7 129.0 158.4 1.0 14 106.3 88.7 209.6 283.4
001461,1.0 17 115.1 133.7 330.2 281.5 0.9 8 7.8 157.0 62.8 274.1 0.9 19 155.0 5.5 238.0 85.9
001462,0.0 0 0.0 0.0 10.0 10.0
001469,0.7 15 111.3 315.4 166.0 429.8 1.0 14 64.3 102.8 117.7 266.3 0.7 14 64.5 101.4 116.9 462.9 1.0 15 177.1 266.0 227.1 385.8 1.0 15 162.4 332.2 195.7 392.7
001471,0.7 12 98.7 127.6 187.2 395.6
001473,1.0 14 36.5 100.7 128.2 499.4 1.0 14 108.1 84.2 199.4 499.6 0.9 14 25.4 225.9 39.6 251.3
001474,1.0 14 368.6 8.7 427.5 65.2 0.6 3 107.1 44.2 466.0 75.6
001476,0.9 6 264.0 73.9 307.7 93.1 0.7 13 105.3 82.9 165.4 109.7 1.0 14 415.0 81.3 436.5 121.4 1.0 14 29.3 72.3 45.9 106.6 1.0 14 181.3 40.8 268.0 133.4 0.7 13 56.4 86.2 98.6 109.8 0.6 13 274.7 84.0 311.2 109.4 0.9 14 64.9 74.1 82.3 101.7 1.0 14 182.9 41.7 285.0 186.2 1.0 14 64.4 74.0 83.1 102.7 0.9 6 294.0 74.8 364.4 101.9 0.9 13 203.1 104.4 290.9 205.0 0.6 14 56.7 74.9 70.5 103.2 0.9 6 298.4 75.5 356.7 99.3
001477,0.5 16 14.2 2.5 61.4 81.2 0.5 9 37.3 173.1 200.1 346.0
001478,0.9 4 40.2 218.9 121.6 315.4 0.9 15 243.2 120.8 422.4 310.9
001482,1.0 14 179.1 159.0 260.3 374.4 0.9 14 131.8 141.9 202.5 374.8 1.0 14 1.1 195.5 40.4 375.4 0.9 14 128.9 140.7 202.5 291.0 1.0 14 64.4 170.6 145.1 374.5 1.0 14 247.4 141.5 335.5 374.1
001487,0.9 3 199.8 116.0 245.2 150.1
001489,0.8 8 204.7 43.8 294.9 105.0 0.9 4 130.1 178.9 162.0 264.1 0.6 15 2.3 145.4 120.4 269.5 0.6 8 1.5 79.2 121.0 141.6 0.6 11 278.3 146.0 344.1 187.9 0.8 4 156.2 176.1 181.1 252.2 1.0 10 46.5 79.9 496.5 332.9 0.8 4 180.5 159.0 206.5 245.2 0.8 4 328.2 59.2 346.5 109.3
001491,1.0 6 442.7 106.6 500.1 261.7 1.0 6 1.4 96.0 197.3 230.9 1.0 6 97.8 99.0 430.6 265.3
001495,1.0 14 96.2 75.0 374.9 374.5 0.9 14 95.7 74.5 439.8 375.3
001496,1.0 1 76.9 176.8 199.3 306.3 1.0 14 171.0 1.5 286.0 146.1 1.0 14 382.4 36.3 493.9 211.0 1.0 1 363.5 106.7 496.5 234.4 0.6 14 421.8 37.5 491.4 210.0 0.8 1 161.2 48.2 265.5 152.2 0.6 1 226.0 96.1 295.8 165.3 1.0 14 92.6 105.6 209.8 291.5 1.0 14 233.3 52.8 353.1 240.8 1.0 1 218.2 133.1 346.2 263.9
001500,1.0 19 180.0 37.3 301.3 133.8 1.0 19 48.8 96.1 147.7 207.0
001502,1.0 14 125.2 41.7 262.3 226.4 0.7 14 147.0 40.6 259.3 215.3 0.9 13 89.4 129.1 307.8 281.7
001503,0.8 14 356.6 155.6 388.2 217.5 0.8 14 291.3 116.5 339.0 166.6
001505,0.7 0 286.9 75.8 442.9 141.8
001506,1.0 14 38.5 88.2 114.9 244.4 1.0 14 170.6 51.2 249.0 269.5 0.9 14 330.0 79.2 424.2 250.2
001507,0.6 11 71.4 1.3 335.4 205.9
001508,0.8 14 199.6 242.1 212.3 263.8 0.5 14 126.0 213.2 140.1 241.9 0.9 14 145.5 205.7 157.4 243.5 0.6 14 116.5 212.7 127.7 233.2 0.7 12 77.1 259.9 251.0 499.4 0.6 14 80.5 207.4 90.2 231.3
001511,0.8 14 349.1 53.1 364.1 67.4 0.6 14 408.5 55.4 420.2 74.1 1.0 14 385.7 54.2 405.7 76.1 1.0 14 480.0 51.7 499.9 126.5 0.5 14 392.0 54.4 406.7 74.8 0.7 14 402.9 55.2 414.8 75.4 1.0 6 30.6 33.3 485.7 208.6 1.0 14 415.7 53.0 437.5 78.8
001513,1.0 19 45.5 155.7 153.9 230.7 0.5 8 153.1 153.5 187.2 216.6 0.5 19 184.5 152.0 250.8 202.5 0.8 19 43.1 154.8 154.5 248.0 0.9 8 278.2 151.7 415.1 249.7 1.0 19 309.6 79.0 408.0 135.1
001516,0.9 14 334.7 26.9 353.9 62.5 1.0 14 261.3 8.1 305.9 88.8 0.6 14 374.3 17.9 414.5 67.2 0.9 14 342.7 29.2 370.0 65.4 0.8 13 231.3 72.5 401.6 215.2 0.9 14 395.9 21.2 442.5 141.6 0.5 13 379.5 50.4 448.4 111.8 0.9 14 345.8 29.3 371.1 64.0 1.0 14 296.3 15.7 330.1 83.6 0.7 13 31.6 51.1 398.3 213.3 1.0 14 1.6 11.7 58.6 133.5 0.6 14 358.6 10.5 388.3 116.4 0.5 13 30.6 50.8 255.8 193.8 0.5 13 37.8 23.0 398.0 214.8 0.5 13 381.3 62.0 446.0 146.0 1.0 14 361.7 15.3 424.6 137.8 0.9 14 366.6 14.0 388.4 55.7 0.8 14 338.1 28.2 361.3 65.1
001518,0.7 8 124.9 128.6 325.4 209.1 0.8 8 66.9 104.2 165.0 166.2 0.5 17 122.4 127.7 326.8 208.6 0.7 17 123.3 127.9 326.8 209.1 0.5 17 124.2 128.2 439.8 249.4 0.9 19 279.4 32.4 356.1 126.9
001519,0.6 8 99.0 280.5 179.3 494.6 0.8 10 54.7 329.7 183.8 499.6 0.6 8 119.2 303.6 183.8 490.1 0.9 8 22.8 246.1 88.6 395.2
001520,0.8 7 3.7 73.9 402.7 251.2
001525,1.0 6 158.3 101.1 321.0 149.5
001527,0.8 3 89.0 87.2 151.5 108.3 0.8 3 199.3 91.5 249.4 111.1 0.9 3 285.3 90.8 386.1 112.7
001530,0.7 7 9.5 34.4 444.9 227.4
001533,0.6 12 292.1 183.5 417.8 374.1 0.6 14 1.2 244.4 23.5 365.7 0.5 14 247.9 150.7 298.3 313.7 1.0 14 86.6 130.9 162.7 293.9 1.0 14 245.0 61.6 305.6 312.9 0.7 12 214.0 184.1 416.7 375.0
001534,0.8 8 128.9 197.8 197.8 361.4 0.7 8 1.6 265.0 67.6 346.3 0.9 8 68.8 267.1 144.4 349.4 0.9 8 150.7 195.6 198.4 278.1 0.9 14 96.4 176.1 143.1 239.2 0.9 8 128.3 196.1 196.5 286.1 0.9 10 -0.1 306.4 266.5 375.4 1.0 8 208.3 274.3 288.8 375.3
001535,1.0 6 230.0 144.4 404.6 229.7
001538,0.9 14 21.5 237.9 37.2 262.5 1.0 14 330.3 224.1 346.6 281.6 1.0 14 397.2 221.1 413.4 309.5 1.0 14 232.2 216.6 251.6 268.2 1.0 14 374.9 221.8 402.8 321.4 0.8 14 104.2 183.0 132.4 253.1 1.0 14 310.8 222.3 327.7 287.7 1.0 14 350.4 216.3 373.7 318.2 0.8 14 299.0 225.4 311.5 274.8
001540,0.5 8 0.4 212.5 129.5 373.9 0.5 8 210.0 283.1 261.8 373.6 0.9 10 108.3 280.4 255.6 374.0 0.6 14 13.1 144.1 34.5 203.3 0.6 8 259.4 258.5 326.8 372.8 0.5 17 0.4 213.5 130.2 373.4 1.0 15 187.5 226.2 222.7 287.5 0.8 19 187.9 35.1 250.0 122.3 0.6 15 326.6 1.7 419.5 372.9
001542,0.8 7 5.7 99.5 404.1 310.8
001546,0.8 19 97.0 193.9 323.1 324.3
001547,1.0 0 51.3 103.6 427.3 212.5
001549,0.9 14 0.6 109.5 16.8 157.1 0.6 12 35.5 83.1 189.4 343.7
001550,0.7 6 420.4 75.9 500.4 113.3 0.6 6 3.9 42.1 353.5 197.3 0.9 6 10.8 42.4 498.4 256.6 0.6 6 172.0 123.5 499.9 254.5
001551,0.6 8 170.9 114.9 462.1 281.1 1.0 19 172.5 31.5 353.2 133.3
001552,1.0 6 0.7 54.3 130.8 181.0 1.0 6 6.4 20.7 477.0 281.4 0.7 6 5.8 60.2 476.6 282.3
001558,0.8 14 3.1 43.7 282.5 248.9 0.7 14 275.6 10.6 499.6 249.8
001560,1.0 6 65.3 73.4 444.7 263.8 0.7 6 17.8 63.9 43.5 86.3
001562,0.8 11 180.2 34.8 320.6 262.5
001564,1.0 14 408.2 117.2 500.1 261.0 1.0 14 1.4 52.5 106.5 281.4 0.8 19 136.0 38.2 196.8 109.1 1.0 14 32.0 135.2 216.0 282.5 0.9 10 139.8 214.9 500.2 282.5 1.0 14 270.7 55.0 398.8 230.5
001566,1.0 14 1.5 49.8 246.6 446.2
001567,0.7 4 17.4 327.8 33.9 395.9 0.7 13 41.6 115.7 215.9 445.7
001568,0.9 0 2.1 25.9 269.0 266.1
001569,0.8 4 135.3 313.8 157.7 399.3 0.9 4 2.0 244.6 28.7 354.5 0.9 4 43.4 266.7 76.6 364.3 0.6 6 42.7 64.3 105.2 134.8 1.0 14 62.8 37.2 196.8 307.2 0.7 4 157.9 316.0 179.9 397.6 0.6 4 178.9 189.3 249.9 444.4 1.0 6 176.9 113.5 229.2 152.8
001570,0.7 14 66.4 10.0 439.2 208.8
001572,0.6 14 197.3 66.1 236.2 114.7 0.9 14 187.3 63.6 212.2 111.1 0.8 14 211.2 64.8 227.7 77.5 0.6 6 2.2 78.7 184.4 138.3 0.7 14 369.4 66.3 383.9 76.6 0.8 14 383.5 65.8 399.6 77.1 0.9 14 190.0 61.3 208.2 77.5 1.0 6 10.0 73.2 379.0 231.0 0.9 6 1.4 79.8 128.5 140.2 0.9 6 352.0 76.7 443.3 125.3 0.9 14 238.0 49.3 262.5 73.3
001573,0.6 7 147.5 65.6 279.7 183.6
001574,0.7 12 23.2 152.8 144.5 500.9 0.5 14 17.3 115.5 142.0 381.2 0.5 12 21.8 116.8 145.6 500.8
001575,0.8 14 227.9 156.7 244.3 181.7 1.0 14 25.1 151.1 45.4 194.9 0.7 14 405.4 125.5 430.4 236.2 0.9 14 210.6 154.2 226.0 179.9 1.0 14 406.9 149.9 431.7 236.6 1.0 14 0.9 155.1 15.1 197.8 1.0 14 50.8 147.8 68.8 192.4 1.0 14 370.8 147.8 405.3 234.8 1.0 14 284.9 143.3 305.4 187.8
001578,0.9 18 25.9 72.8 435.0 191.1
001581,1.0 14 117.0 108.9 170.4 211.5 1.0 14 131.6 165.0 213.6 407.6 0.6 14 167.5 122.9 217.5 397.2 0.9 14 84.5 160.5 156.0 477.1 1.0 14 1.4 14.7 94.8 498.9 0.9 14 85.3 159.8 213.9 470.7 1.0 14 167.4 123.7 214.6 284.9 0.8 14 132.2 163.7 187.3 400.9
001583,0.9 14 364.8 114.8 408.6 145.8 1.0 14 60.9 15.9 196.4 248.8 0.6 14 61.5 17.8 163.9 248.5 1.0 14 267.6 27.1 343.3 189.2
001584,0.8 12 160.3 0.8 428.2 250.9
001585,0.6 8 7.0 121.1 133.5 241.2 1.0 14 146.6 73.6 241.2 240.8 0.6 8 43.7 121.2 125.1 222.6 0.8 8 225.5 117.6 315.6 228.2
001587,0.9 1 176.8 167.2 215.0 209.1 0.9 1 178.0 168.6 236.4 215.6
001589,0.0 0 0.0 0.0 10.0 10.0
001591,0.7 0 2.9 46.8 393.2 158.6
001592,0.8 7 2.1 12.6 237.3 146.0 0.8 7 226.1 14.5 494.4 142.7
001596,0.8 14 2.4 0.8 226.0 467.2
001599,0.5 8 204.1 123.9 262.3 163.4 0.8 8 133.0 105.0 198.4 169.9 0.6 8 375.3 147.8 401.1 199.9 0.8 8 198.5 103.3 260.1 162.0 0.6 14 135.5 104.6 185.6 147.7 0.8 14 276.0 185.4 401.4 264.7
001600,0.6 8 347.7 169.8 400.3 265.9 0.9 8 136.1 207.9 213.9 263.9 0.8 8 213.9 215.5 330.4 263.7 0.8 8 46.3 198.4 132.9 263.3 0.5 8 358.9 167.7 400.1 239.7 0.9 17 205.3 206.1 376.2 264.7 0.5 14 240.4 4.6 285.1 36.8 0.9 14 279.9 150.3 312.4 217.9
001601,0.8 11 2.3 55.6 343.3 265.8
001602,0.7 4 39.8 1.2 142.2 490.5 0.8 4 66.3 -1.3 141.6 209.8 0.9 4 7.8 0.8 148.2 493.5 1.0 4 149.2 0.9 210.2 366.6 0.7 4 150.2 82.5 190.1 363.0
001605,1.0 6 164.3 163.1 188.4 180.1 0.9 6 207.8 162.3 223.7 174.7 0.9 6 251.2 163.6 274.4 178.0 0.9 6 218.1 164.6 235.2 176.3
001606,0.7 12 223.2 114.8 327.1 253.1 1.0 14 198.6 3.5 327.7 165.0 0.9 14 312.0 25.0 406.0 206.9 0.9 14 198.5 3.3 327.2 226.0 1.0 14 1.4 0.6 120.9 251.1 1.0 14 309.7 26.6 406.2 234.1
001609,0.8 4 100.5 59.0 125.7 121.1 0.9 10 1.8 101.1 248.8 436.0 0.8 8 125.8 63.4 173.7 110.5
001613,0.9 1 57.0 42.1 392.3 221.9
001615,1.0 14 290.9 91.8 341.0 173.2 0.7 14 292.7 90.7 336.1 129.9
001616,0.0 0 0.0 0.0 10.0 10.0
001619,0.6 14 91.9 1.0 183.6 82.9 0.5 13 107.4 69.1 228.6 157.6 0.9 14 3.0 0.8 217.3 125.3 0.7 14 81.1 0.9 203.5 126.4 0.9 14 12.2 1.1 183.7 101.8 0.6 14 3.0 5.4 103.7 119.4 0.6 14 11.8 34.0 98.7 118.4 1.0 6 182.0 0.8 498.8 98.8 0.7 13 106.8 71.3 235.3 158.8
001620,0.6 1 5.3 232.1 139.7 452.5 0.9 1 4.1 232.7 119.8 419.2 0.6 1 65.8 234.0 181.9 452.3 1.0 14 35.0 196.1 104.7 421.9 0.6 1 7.6 267.6 140.5 453.0 1.0 14 81.4 129.3 172.7 414.9 0.9 1 6.4 228.4 215.5 449.8 0.9 1 7.5 261.3 215.5 448.8 0.8 1 68.1 257.4 213.6 450.6
001621,0.6 14 14.6 173.5 75.1 233.7 0.9 0 0.9 24.6 441.8 229.7 0.5 0 2.2 76.4 437.9 228.6 0.7 14 16.4 170.4 94.9 232.2
001623,0.9 6 0.7 191.4 33.9 254.7 0.9 6 14.2 128.9 200.8 425.5 0.6 6 14.5 126.2 200.6 450.8
001624,1.0 14 191.3 64.7 262.0 180.2 0.6 12 152.2 89.5 224.2 137.8 0.8 12 155.4 85.1 365.8 178.2
001625,1.0 14 216.5 80.9 247.1 130.0 1.0 14 255.3 81.5 303.5 130.3
001626,0.7 14 108.6 61.4 139.7 94.9 0.9 6 71.8 7.8 267.1 185.5
001629,0.9 14 17.2 53.2 258.3 249.4 0.8 14 17.1 44.1 399.6 250.0 1.0 14 180.3 43.5 399.7 250.5
001631,0.6 2 1.0 302.8 46.6 394.8 1.0 4 45.6 7.1 134.3 440.6 0.6 2 68.6 217.2 89.7 248.9
001634,0.8 3 298.6 99.1 380.8 196.0 0.5 3 4.5 27.6 396.8 237.5 0.6 3 15.6 27.8 128.0 179.3 0.6 3 13.6 83.5 340.0 239.6 0.7 3 266.8 98.3 382.6 196.1 0.7 3 269.6 100.9 367.1 196.0
001635,0.7 14 424.6 86.5 443.8 108.7 0.6 14 121.1 91.9 141.0 114.9 0.7 14 102.8 92.6 117.9 115.4
001637,0.8 2 124.6 49.6 195.2 78.7
001639,0.6 11 76.4 75.9 483.0 252.7
001641,0.0 0 0.0 0.0 10.0 10.0
001644,1.0 14 220.7 89.0 315.6 249.9 0.9 5 19.3 8.1 492.6 239.3 1.0 14 366.8 68.8 406.9 143.3 0.8 14 266.1 90.9 324.2 248.0 1.0 14 353.9 70.3 374.8 146.9 0.6 14 355.9 69.9 374.9 131.8
001645,0.0 0 0.0 0.0 10.0 10.0
001646,0.9 3 112.6 62.4 227.7 233.9 0.8 14 314.1 220.2 334.6 239.2 0.9 3 262.6 93.6 351.2 234.1
001648,0.7 15 393.8 145.4 432.3 216.6 0.9 15 57.8 189.7 159.4 271.7 0.9 15 1.1 78.7 30.6 154.5 0.6 15 350.4 191.1 380.0 231.7 0.5 15 317.0 168.7 368.6 232.3
001652,0.9 4 25.3 268.2 91.7 500.2 0.8 14 19.1 133.1 141.9 389.3 1.0 4 136.7 292.1 186.7 500.4 1.0 14 19.9 134.8 183.7 428.2 0.7 4 29.4 267.4 83.0 438.8 0.8 6 121.4 184.7 142.5 217.3 0.7 4 184.4 325.8 232.9 501.1
001655,0.7 11 61.3 0.9 443.9 266.8
001656,1.0 14 3.9 0.2 96.3 196.4
001657,0.9 14 2.4 27.9 297.7 268.6 0.5 14 3.3 29.2 361.6 266.1 0.7 8 285.5 48.8 386.9 198.0 0.9 11 259.1 181.3 362.7 256.2
001658,0.9 6 234.2 13.5 308.8 52.4 0.9 6 183.7 15.4 251.9 51.3 0.8 13 274.6 22.5 351.3 67.7 0.6 6 187.9 12.4 348.6 53.7 1.0 6 103.7 40.6 185.0 99.4 1.0 6 117.6 49.4 401.6 240.5 0.9 6 185.3 13.0 308.9 53.3 1.0 6 337.9 30.0 444.1 122.7
001659,0.9 6 33.3 108.9 202.3 382.0
001660,1.0 0 186.0 82.2 480.8 135.7
001663,0.6 11 2.1 37.1 443.3 265.5 0.7 11 52.6 37.1 442.0 265.5
001664,0.8 14 61.2 0.7 136.1 113.6 0.7 12 70.7 0.9 307.8 238.5
001665,0.6 15 338.8 178.4 443.1 250.9 0.6 2 201.2 194.9 248.0 223.9 0.5 2 266.2 213.9 335.0 249.8 0.7 2 242.8 209.2 289.0 241.3 0.6 15 344.0 178.9 443.4 235.6 0.9 15 328.0 138.4 363.7 177.3
001666,0.8 15 42.9 172.4 132.6 214.2 0.9 15 337.9 110.1 385.9 154.7 0.5 15 200.3 66.2 273.6 131.2 0.6 15 338.2 109.2 387.6 162.3 0.7 10 1.3 147.0 364.5 248.9
001667,0.5 14 248.8 75.9 301.0 159.4 0.9 14 250.0 75.3 300.2 120.6
001668,0.5 12 1.6 87.7 136.4 170.0 1.0 14 280.9 104.4 316.6 185.5 1.0 14 122.2 88.3 171.6 204.4 1.0 14 239.1 101.4 274.3 187.6 1.0 14 201.4 86.2 244.7 190.5 1.0 14 167.0 141.6 211.1 199.7 1.0 14 290.2 63.7 377.2 248.8
001670,0.6 8 8.9 0.8 54.9 71.0
001671,0.6 16 138.1 363.2 200.4 474.6 0.6 16 103.4 127.7 149.8 166.5 0.8 2 137.8 150.8 172.8 215.4 0.6 16 88.4 384.9 158.7 474.7 0.8 2 109.9 167.0 140.1 219.5
001672,0.6 18 26.6 100.0 378.2 163.7 0.5 18 210.7 99.9 379.8 164.6
001674,0.7 8 315.5 198.7 351.2 248.4 0.8 8 39.2 191.0 99.6 251.0 0.6 8 395.0 153.6 430.7 251.3 0.9 8 116.0 210.0 216.8 249.0 0.9 15 167.7 142.5 193.8 175.1 0.9 15 188.9 135.9 241.2 175.8 0.9 10 85.0 209.1 315.3 250.1 0.9 8 40.8 191.0 126.4 251.4 0.9 8 393.4 195.2 432.5 251.4 0.9 8 192.9 191.2 265.7 245.5
001679,0.9 13 4.0 219.7 238.4 474.8
001681,0.7 2 223.0 122.9 304.3 191.7 0.9 2 221.7 122.8 323.7 193.2 0.6 2 223.4 196.9 361.1 255.2
001687,0.7 2 104.6 123.3 171.9 235.6 0.6 2 105.1 122.6 173.4 269.8
001692,1.0 14 119.0 16.9 164.3 99.7 0.9 12 89.6 39.9 209.7 158.7
001694,0.6 11 99.9 15.9 325.1 219.6 0.7 11 99.0 13.7 443.6 249.4
001695,0.9 19 62.6 61.9 383.4 282.4
001696,1.0 19 242.5 101.0 285.7 140.3 0.6 8 392.6 106.7 439.3 186.9 0.6 8 293.2 104.4 441.0 193.4 1.0 14 113.6 125.5 190.6 249.2 1.0 14 313.6 5.7 402.3 248.7 0.7 14 287.3 92.3 323.0 143.0
001697,0.6 9 272.0 167.8 350.6 212.1
001698,0.7 3 32.7 15.9 378.9 237.0 0.7 3 34.0 16.2 306.2 237.1
001700,1.0 6 242.1 140.1 322.0 190.7
001701,0.6 4 32.7 0.5 139.9 124.1
001702,0.0 0 0.0 0.0 10.0 10.0
001703,0.8 14 249.4 19.6 385.9 128.7 0.6 12 1.2 78.9 46.3 196.6 0.5 14 247.6 18.2 376.3 249.5 0.6 14 205.7 19.7 374.5 227.4 0.9 12 11.5 27.8 472.1 302.4 0.6 14 309.6 19.8 390.4 85.5
001704,0.8 19 97.5 1.4 327.5 323.7
001705,0.7 14 1.0 219.7 22.9 324.1 0.7 14 376.0 230.8 396.4 375.5 0.5 14 147.5 127.6 164.0 148.0
001706,0.6 8 323.0 144.5 392.5 361.3 0.5 8 348.9 144.6 417.7 363.1 0.9 4 146.5 101.3 166.9 181.5 1.0 14 75.7 52.5 167.6 348.4 0.6 10 130.5 144.0 257.2 361.1 1.0 14 229.7 53.7 320.8 358.0
001709,0.6 14 87.8 78.5 193.8 331.0 0.7 14 1.3 44.0 95.5 233.5 1.0 14 357.1 130.1 408.8 249.0
001710,0.8 14 57.3 73.8 137.4 171.2 0.6 4 40.0 260.5 75.4 300.2 1.0 14 52.4 72.5 140.4 354.7 1.0 14 409.2 96.4 431.9 161.0 1.0 14 280.9 44.8 410.4 353.5
001712,0.9 8 1.3 272.9 101.0 374.5 0.6 15 34.6 218.5 69.5 277.0 0.9 15 0.5 216.7 50.9 279.2 1.0 14 88.9 41.0 228.7 375.2 0.8 14 90.7 40.7 315.1 374.8 0.9 15 3.8 226.1 66.9 278.5 1.0 14 200.8 67.3 315.9 375.0
001715,0.9 8 386.0 254.3 414.3 321.1 0.9 15 278.5 225.0 309.6 280.8 1.0 15 166.9 206.6 197.4 270.2 1.0 15 276.4 198.5 311.9 281.7 0.8 19 285.0 18.5 423.1 271.6
001716,0.7 9 122.2 146.9 170.5 201.9 0.6 9 257.4 173.8 319.6 232.6 0.6 16 453.0 188.9 497.1 217.0 0.7 9 110.8 107.4 170.8 161.7 0.7 9 164.8 163.4 208.5 225.6 0.6 9 211.6 174.2 255.7 237.6 0.6 16 383.3 163.4 410.7 194.4
001719,0.6 2 214.1 64.6 398.1 240.3 0.7 2 214.2 64.4 430.1 240.0 0.7 2 288.5 63.4 430.6 211.6
001720,0.8 4 144.2 218.7 165.3 283.3 1.0 14 106.2 134.3 176.5 240.7 0.8 14 5.0 140.3 110.9 372.4 0.8 4 144.7 212.3 163.7 269.3 0.8 14 263.6 140.1 330.6 235.4 1.0 4 91.8 216.3 115.1 297.6 1.0 14 192.0 136.9 270.4 217.4 1.0 14 5.3 141.1 152.8 373.5 1.0 10 11.2 211.1 299.2 373.1 0.8 14 264.4 145.1 366.8 332.8 0.6 4 145.8 210.6 170.2 301.0 0.7 14 258.3 138.9 324.8 332.4 0.8 14 193.6 136.0 275.0 372.5 1.0 14 234.8 148.3 421.7 372.7 0.6 14 261.1 137.9 317.0 222.4
001722,1.0 14 181.2 182.8 270.7 374.9 0.7 4 180.1 334.2 198.4 375.0 0.6 4 268.6 343.8 289.5 375.3 1.0 14 1.1 286.9 48.1 375.9 1.0 14 263.3 167.5 434.2 374.9
001728,1.0 14 130.2 82.6 259.5 275.1 1.0 14 2.3 87.7 151.3 277.2 1.0 14 244.9 77.7 442.6 282.6
001731,0.6 11 226.7 63.3 313.5 92.7 0.9 14 78.2 5.8 198.8 81.9 0.8 11 57.1 131.8 401.0 233.9
001735,0.6 4 378.4 0.5 444.6 282.2 0.5 4 382.3 0.3 445.2 282.4 0.6 4 376.8 73.1 446.9 282.0 0.5 8 85.7 59.5 199.2 240.4 0.9 14 150.4 38.6 327.6 283.8 0.7 19 306.6 129.3 446.2 281.7
001736,1.0 6 114.1 169.8 208.1 224.0 0.8 5 168.7 138.8 465.6 218.1
001737,0.8 13 6.9 20.9 423.4 237.9
001740,0.6 4 202.0 14.3 274.3 130.9 0.7 4 277.2 79.8 444.9 282.1
001742,0.7 6 50.5 250.3 127.3 312.8 0.5 8 90.7 258.0 172.8 468.6 0.9 19 35.8 174.1 99.7 258.1
001743,1.0 14 210.8 30.4 343.4 170.6 0.8 11 159.5 157.4 465.4 252.7
001744,0.9 13 158.7 16.1 350.2 63.1
001745,0.9 2 94.8 103.0 125.5 137.8 0.9 2 402.5 64.8 436.2 109.6 0.9 2 52.1 106.5 83.5 145.8 0.8 2 344.0 94.7 369.4 117.0 0.8 2 209.7 54.8 262.5 103.0 0.9 2 171.7 87.9 199.0 117.7 0.9 2 210.3 56.2 258.5 96.1 0.9 2 265.1 65.1 309.7 113.7
001748,1.0 1 75.2 61.6 193.7 121.9 0.9 1 117.0 119.0 176.8 187.1 1.0 14 115.3 18.6 187.4 137.1 0.8 11 210.7 161.0 379.6 236.7
001751,0.7 11 144.0 40.2 452.7 250.1
001753,0.6 18 1.3 161.6 304.2 276.4
001757,1.0 14 96.3 203.0 172.8 416.6 1.0 14 6.4 103.9 58.2 193.6 0.7 14 91.1 196.9 173.3 486.5 0.6 8 6.2 231.8 34.3 304.7 1.0 14 83.8 123.7 169.4 337.0 0.6 14 80.0 119.1 132.0 333.7 1.0 14 65.8 116.2 108.0 260.5 0.8 10 0.5 197.3 189.9 501.3 1.0 14 123.4 293.4 227.7 499.5
001760,0.8 14 7.7 287.0 70.5 501.0 1.0 14 161.6 259.8 226.2 426.0 1.0 14 94.4 274.6 139.3 347.0 0.9 14 151.4 128.6 203.2 269.3 1.0 14 101.0 335.0 191.7 501.3 0.9 14 1.1 158.9 59.7 356.2 1.0 14 105.0 120.5 164.1 341.8 0.9 14 1.1 157.9 61.4 373.2 0.9 14 150.5 127.8 204.2 344.9 0.6 14 2.2 156.6 69.7 500.5 0.7 14 155.0 258.2 227.3 498.7
001762,0.6 7 89.0 56.2 299.1 212.4 0.8 8 2.2 1.0 399.7 282.2 0.5 8 1.4 85.4 399.4 282.7
001763,0.7 11 2.1 19.3 297.3 304.5 0.7 11 3.0 19.5 300.1 367.5
001764,0.5 9 117.8 101.1 191.9 147.1 0.5 16 0.9 109.4 13.6 144.1 0.6 9 193.4 104.7 247.6 147.8 0.6 9 247.7 102.7 307.3 145.3
001767,0.0 0 0.0 0.0 10.0 10.0
001769,0.7 14 172.8 26.9 247.9 205.2 0.7 14 17.4 346.7 39.1 375.1 0.9 14 1.0 336.6 16.6 374.9 0.5 12 62.6 98.9 214.8 375.9 1.0 14 154.5 27.4 249.6 221.0 0.6 14 248.4 38.5 379.1 247.6 0.9 12 63.8 98.3 199.1 375.8 0.9 14 240.2 38.8 379.2 374.1 0.9 12 234.5 114.3 416.6 375.3
001770,0.9 6 84.8 330.6 111.2 352.3 0.8 6 47.6 335.8 79.5 358.9 0.5 3 282.9 221.9 416.8 372.8 0.8 3 282.3 276.5 443.8 373.5
001773,0.0 0 0.0 0.0 10.0 10.0
001774,0.6 7 13.5 57.2 311.0 205.6 0.8 7 133.9 57.0 491.0 295.9
001776,1.0 14 70.2 185.2 168.1 333.1 1.0 14 1.3 89.2 86.9 187.2 0.6 14 51.0 91.7 93.9 164.0 0.9 14 173.8 13.0 489.5 332.1 0.5 14 230.2 197.8 269.9 302.6 1.0 14 294.5 13.4 491.5 332.2
001779,0.6 14 194.2 66.7 209.8 85.2 1.0 14 161.7 59.5 183.3 84.9 1.0 14 113.5 16.5 133.9 68.6 0.7 14 181.6 64.4 197.3 84.1 0.9 14 28.1 77.2 47.5 121.2 1.0 17 35.0 112.6 315.3 248.6 0.7 14 289.2 49.0 309.0 69.4
001781,0.9 4 254.2 106.5 279.7 157.2 1.0 14 213.5 1.6 415.3 221.0
001783,1.0 0 71.8 126.1 210.5 172.7 0.7 0 359.1 135.7 401.4 173.9
001786,0.8 4 181.3 -0.0 352.7 240.4
001788,0.8 18 89.9 28.4 373.3 208.5
001790,0.5 7 52.3 -1.1 201.0 333.0 0.6 7 51.9 -0.1 200.5 465.1
001791,0.0 0 0.0 0.0 10.0 10.0
001792,0.5 14 268.9 17.2 311.4 57.4 0.9 14 296.9 13.1 335.0 42.8 0.7 14 396.3 20.2 420.7 36.4 0.7 14 323.3 15.5 380.3 102.2 0.9 14 404.3 12.5 489.6 103.8 0.8 14 391.4 17.6 436.5 66.0 0.9 14 266.9 16.3 315.7 108.6 1.0 14 176.5 18.7 234.1 110.8 0.9 14 227.0 20.2 277.8 110.7 1.0 14 129.4 26.2 182.0 104.7 0.6 14 83.4 24.5 138.3 66.9 0.9 14 412.7 10.9 442.1 35.7 1.0 14 10.8 14.6 97.1 118.5 1.0 14 316.0 16.5 383.0 111.5 1.0 14 77.6 24.2 139.0 114.9 1.0 14 273.1 17.8 332.4 112.6 0.7 14 377.3 16.8 435.9 112.1 0.9 14 351.6 13.9 378.7 31.7
001794,1.0 14 117.4 98.6 139.2 128.6 1.0 12 39.4 66.1 93.7 317.7 1.0 14 22.6 23.7 97.4 205.6
001796,0.9 13 60.6 61.7 406.2 178.5 0.6 13 37.4 58.9 439.6 181.0 0.5 14 188.3 73.7 221.1 107.0
001798,0.6 14 249.5 29.8 300.9 73.1 0.5 14 351.2 1.8 498.6 196.9 0.5 13 349.8 2.8 434.2 56.5
001802,0.8 14 125.3 23.3 194.0 121.9 1.0 14 126.1 24.7 192.8 221.5 1.0 14 199.2 33.1 291.2 209.5
001803,0.5 18 125.2 118.1 501.2 163.5 0.5 18 224.8 134.1 359.7 168.1
001804,1.0 6 63.4 25.8 368.1 212.3
001805,1.0 14 333.9 5.7 498.9 220.2 1.0 14 2.3 26.0 155.3 147.1 0.7 14 1.9 26.5 149.1 220.8 0.9 10 4.8 88.1 387.9 217.7 0.6 14 331.5 4.8 498.7 159.8 0.8 8 264.7 62.2 384.1 103.7
001808,1.0 14 421.6 52.7 499.5 219.4 0.6 12 372.4 143.9 453.5 221.7 0.9 14 451.8 53.5 499.8 220.8 0.7 5 363.0 1.5 499.0 88.0 0.7 12 234.2 59.0 324.2 220.6 0.8 5 0.5 0.7 297.1 103.5 1.0 14 1.2 50.2 48.8 206.6 1.0 14 234.8 38.2 323.1 218.0 1.0 14 369.4 42.0 442.2 149.5 0.5 14 421.3 53.6 470.0 172.1
001811,0.6 19 262.0 100.7 298.6 126.9 0.8 17 108.6 124.7 316.3 191.4 0.8 17 105.9 125.0 317.4 247.4 0.9 19 327.2 145.5 444.0 252.0
001812,1.0 14 162.5 83.6 218.8 187.8 0.8 14 162.4 83.4 220.6 206.9 0.9 15 185.3 163.1 243.2 234.5
001813,0.6 7 109.0 100.6 398.1 165.9 1.0 19 406.3 119.7 446.0 184.5
001814,0.6 8 222.3 37.8 434.6 127.5 0.5 8 223.8 1.4 365.5 128.3
001815,0.0 0 0.0 0.0 10.0 10.0
001817,0.9 8 35.4 145.6 123.0 286.9 0.9 8 0.9 155.0 44.2 288.5 0.9 10 1.4 256.6 214.9 495.3
001819,0.8 14 92.8 49.5 152.4 247.8 0.9 14 84.5 49.5 170.0 258.9 0.7 14 86.1 48.4 150.4 251.6 0.9 12 78.4 75.6 175.3 382.3
001820,1.0 6 98.5 48.0 437.5 214.5
001822,0.8 3 367.8 137.4 423.8 154.9 0.6 3 133.8 141.7 171.4 159.0 0.7 3 153.3 124.6 405.8 158.6 0.6 3 368.7 131.8 436.3 155.0
001823,0.7 14 70.1 74.9 149.3 269.3 0.9 14 70.7 75.7 167.5 272.8 1.0 12 80.6 124.4 156.6 354.5
001824,0.9 19 156.1 42.8 305.1 138.0 0.8 19 153.8 41.0 309.1 184.9
001826,0.7 19 320.2 120.3 363.0 145.1 0.7 8 398.0 70.3 499.4 189.6 0.9 8 172.8 125.0 343.2 227.0 0.5 8 385.0 97.8 428.9 178.8 0.6 8 170.8 123.6 284.8 226.6 0.6 10 41.6 183.5 365.8 231.6 0.9 8 387.0 97.1 479.8 192.1
001829,1.0 4 36.7 312.9 81.1 414.5 0.9 4 110.7 354.8 143.1 401.4
001831,0.8 12 315.6 60.0 500.1 220.9 0.5 14 346.2 54.7 421.3 140.1 0.5 14 40.9 96.0 89.4 163.5 0.9 14 311.1 44.4 419.4 142.1 0.7 12 3.3 99.0 202.3 234.7 1.0 14 184.8 62.1 258.8 227.6 0.8 14 87.3 67.7 196.4 132.2 1.0 14 80.8 68.7 210.1 232.1 0.6 14 117.2 67.1 192.0 129.2 1.0 14 246.7 62.0 358.1 234.0 0.7 14 342.0 46.6 481.8 214.0 0.7 14 305.3 46.4 367.1 139.0
001835,0.6 2 199.9 31.6 384.1 96.3
001838,1.0 6 38.9 25.0 474.5 205.9
001839,0.7 14 17.8 54.5 118.6 243.6 0.6 14 346.5 0.9 417.7 199.3 1.0 14 295.5 40.2 342.8 98.3 0.6 14 154.9 40.9 177.8 94.9 1.0 14 103.0 1.8 159.4 115.1 0.9 14 235.5 20.4 296.6 85.4 0.6 14 1.2 0.0 92.0 145.0 1.0 14 333.2 0.9 389.6 98.1 1.0 14 173.1 1.5 209.9 93.0 0.9 14 83.4 1.4 110.3 92.6 1.0 14 1.8 -0.2 115.2 244.3 1.0 14 150.5 1.7 181.1 97.2 0.5 14 77.2 13.9 101.5 93.0
001844,0.9 5 127.5 75.5 268.3 138.7 0.7 6 207.1 108.1 267.8 139.9
001846,1.0 6 44.7 97.2 319.7 221.2
001848,1.0 0 51.8 58.8 415.7 133.3
001850,0.5 0 99.0 81.9 462.9 178.9 1.0 14 212.2 147.6 237.9 195.0 0.7 14 219.1 124.6 241.7 151.1 0.7 14 216.6 123.5 243.6 191.9 0.9 0 98.5 80.9 464.1 182.1 0.5 14 216.7 124.1 241.6 157.2 0.6 14 216.8 147.7 240.2 194.6 1.0 14 239.1 140.3 263.9 196.2 0.6 0 233.9 80.9 467.9 175.3
001851,0.6 12 1.0 75.6 236.8 448.0
001852,0.6 9 61.0 74.9 191.2 203.1
001856,0.5 14 61.2 192.4 71.6 220.9 1.0 14 68.1 186.1 106.0 280.4 0.8 12 58.3 266.7 167.2 499.7 0.8 14 58.3 192.2 72.4 268.3 0.7 14 58.5 190.6 73.1 260.1 0.7 14 58.7 192.3 71.0 233.9
001857,0.8 14 262.8 1.1 297.3 90.0 1.0 14 150.7 0.7 207.4 77.4 0.9 6 290.9 175.0 445.6 280.7 0.9 14 425.1 0.5 448.1 95.9 0.9 14 205.4 1.1 275.6 86.9 0.5 14 82.0 1.1 128.9 47.3 0.9 14 80.9 0.9 128.6 36.4 1.0 6 1.5 3.5 444.1 282.4 1.0 14 291.3 1.0 368.9 91.4 1.0 14 355.4 1.4 423.9 95.3
001859,0.0 0 0.0 0.0 10.0 10.0
001863,1.0 6 174.5 58.0 419.2 220.3
001865,0.5 12 1.3 32.7 226.7 498.8
001866,0.9 14 21.1 -0.0 143.6 183.5 0.8 11 99.6 62.2 372.2 209.8
001867,0.8 19 131.7 98.8 187.6 146.1 0.7 19 136.9 98.8 176.5 138.0
001868,0.7 8 39.2 167.4 122.9 237.9 0.6 8 280.0 178.4 442.8 281.7 0.6 11 250.3 144.1 431.6 210.2 0.7 8 6.1 167.1 123.2 272.3 0.6 11 252.4 149.1 322.6 178.7 0.5 8 0.8 152.8 120.1 276.3 0.9 17 228.3 143.2 441.0 279.3 0.7 8 181.8 195.7 322.1 280.4 0.9 19 304.4 71.5 392.1 137.1
001869,0.0 0 0.0 0.0 10.0 10.0
001871,0.5 14 33.7 4.2 48.2 34.5 0.9 14 88.2 83.4 121.4 187.1 0.5 15 6.2 210.0 37.4 262.8 0.9 19 62.0 40.0 229.4 243.3 0.7 4 146.0 87.5 182.4 194.3 0.5 19 63.1 32.5 232.3 390.9 0.8 11 101.7 283.6 250.3 500.3
001873,1.0 6 205.2 65.7 438.7 177.9
001874,0.8 7 9.0 79.2 159.9 497.3
001876,0.5 18 257.1 67.7 441.3 198.2
001879,1.0 19 93.1 89.2 156.4 230.3 0.8 8 23.8 277.0 183.7 447.2
001880,0.6 15 2.0 157.3 166.4 284.9 0.9 15 186.9 103.8 384.0 281.6 0.5 15 257.8 134.1 379.3 256.9 0.6 15 90.8 159.9 165.3 281.3 0.8 15 67.8 159.3 169.1 282.1 0.6 15 193.2 10.2 403.1 280.8 0.7 15 193.0 9.2 383.0 281.4
001883,1.0 14 431.9 128.2 486.5 171.0 0.6 6 2.2 51.6 163.0 155.8 0.9 14 0.9 84.7 23.5 158.5 1.0 14 22.0 15.7 95.9 161.7 1.0 6 91.2 35.2 437.3 215.9
001884,0.6 3 338.3 182.4 409.3 222.6 0.6 5 281.1 162.0 367.1 186.2 0.9 0 119.7 80.9 368.8 188.8 0.8 0 117.2 79.2 367.1 159.2
001885,0.8 0 380.1 38.6 499.5 146.3 0.9 0 1.4 36.8 500.0 144.4 0.9 0 75.3 39.5 408.0 136.4
001886,1.0 14 92.1 32.5 190.5 284.1
001889,0.8 14 216.2 77.5 270.6 158.4 1.0 14 290.6 143.4 354.2 214.2 0.7 13 362.6 105.4 431.3 198.8 0.8 14 47.3 83.8 84.0 166.1 0.8 13 63.7 125.1 127.7 216.5 1.0 14 124.7 60.3 179.3 183.1 0.6 14 54.5 98.0 129.1 185.0 0.5 14 42.3 81.9 78.9 112.1 0.5 14 218.7 108.9 274.2 201.9 1.0 14 323.1 71.0 371.1 163.6 1.0 14 352.8 65.5 435.6 189.9 0.8 13 225.7 128.5 310.2 249.7
001890,0.9 7 72.9 40.8 476.8 228.9
001891,1.0 14 407.5 0.8 467.1 149.2 1.0 14 0.9 2.0 35.0 151.6 1.0 6 72.4 20.6 429.2 282.4
001893,0.8 14 166.2 200.7 184.5 296.5 0.8 14 136.5 282.0 146.8 312.5 1.0 14 76.3 280.2 89.7 335.3 1.0 14 254.7 270.1 280.4 386.1 1.0 14 90.8 278.8 111.8 359.0 0.7 14 108.2 278.1 120.2 344.0 1.0 14 235.6 280.0 250.8 325.3 0.8 14 165.3 199.5 185.9 338.8 0.5 5 121.0 178.5 201.2 352.3 1.0 14 9.8 262.6 60.1 442.3 1.0 14 53.9 277.4 68.6 341.6 0.6 14 120.8 278.1 130.8 312.0 1.0 14 107.8 277.8 121.1 340.3 0.9 14 198.0 279.6 217.5 316.1
001895,0.9 3 43.1 154.0 108.0 198.2 0.9 3 276.1 151.5 359.9 176.2 0.8 3 232.7 163.9 271.3 176.0 0.6 3 73.1 154.9 109.7 191.3 0.8 3 43.7 182.2 88.6 200.4 0.6 3 182.8 188.2 200.5 230.4 0.8 3 238.3 149.0 360.6 177.8 0.9 3 359.5 155.6 455.0 184.9
001897,0.9 5 24.5 53.3 485.6 177.8 1.0 6 1.0 103.7 28.9 129.8
001900,0.6 12 52.7 60.4 150.5 383.5 0.8 12 65.6 64.7 225.5 500.3 0.5 12 116.6 50.4 225.0 500.4
001905,0.7 8 7.3 134.8 50.6 207.4 0.9 15 2.3 29.8 165.6 207.8 0.6 8 317.3 166.9 406.1 228.0 0.8 15 29.8 123.0 148.0 208.6 0.6 8 75.3 192.5 191.5 256.5 0.9 19 355.4 59.2 434.6 120.7 0.7 15 173.3 98.7 234.9 192.7 0.7 15 128.5 97.9 167.4 139.5 0.6 8 183.6 126.3 232.4 192.9 0.6 17 42.9 193.3 437.7 257.9 0.9 19 239.8 137.2 311.1 185.6 0.6 15 27.5 121.6 103.7 208.2
001908,1.0 6 147.8 36.5 340.3 181.9
001909,0.6 7 45.0 0.1 401.3 250.5 0.7 7 45.6 1.3 445.1 251.9
001910,0.0 0 0.0 0.0 10.0 10.0
001912,0.9 0 7.3 31.2 307.5 172.7 1.0 0 8.4 33.7 428.4 173.7
001913,0.7 6 431.6 98.6 453.4 143.0 0.9 6 1.0 99.8 73.6 173.5 1.0 6 125.7 70.6 394.5 164.5
001914,0.6 12 76.3 197.0 204.7 473.7 0.5 14 0.8 53.5 75.4 257.3 0.8 14 52.6 25.8 168.3 377.1 1.0 14 53.9 29.8 165.7 469.4 0.9 14 1.1 51.7 94.0 498.4 0.8 14 54.1 28.5 201.1 465.2 0.9 12 119.0 213.1 207.3 475.5
001916,0.9 13 297.5 87.9 381.9 148.4 1.0 14 399.0 43.2 467.0 116.1 0.9 14 428.9 29.3 450.2 50.1 0.6 5 261.9 1.0 495.5 64.8 0.9 13 384.2 82.8 462.5 146.4 0.6 13 298.9 85.2 381.9 146.6 1.0 14 445.9 30.4 474.9 85.5 0.5 14 426.0 29.9 452.5 75.4 1.0 14 160.0 54.8 208.7 154.0 0.5 14 149.5 29.8 183.2 148.6 0.9 14 153.2 30.2 178.7 61.0 0.9 13 102.6 81.7 191.3 154.6 0.5 14 131.9 30.2 182.2 81.0 1.0 14 314.2 50.1 384.1 114.9 0.8 13 255.6 78.0 316.1 140.3 1.0 14 268.0 53.3 321.4 120.6 0.8 13 257.0 77.4 381.0 147.9 0.6 5 259.9 0.9 496.4 63.1
001917,0.6 9 348.3 134.9 404.2 162.8 0.6 9 160.3 127.4 223.1 154.0 0.7 9 286.3 132.0 348.5 162.4
001919,1.0 6 200.9 62.4 350.2 156.6
001921,1.0 14 10.5 247.6 27.9 296.3 0.5 14 100.4 117.0 214.9 424.8 0.8 14 70.7 250.3 84.9 296.8 1.0 14 66.8 249.5 82.8 297.0 0.9 14 36.3 283.0 75.9 332.4 0.8 14 19.3 247.2 32.4 296.2 0.6 14 6.7 244.7 19.8 277.0 0.9 14 52.7 247.7 65.1 285.6 1.0 14 99.4 116.3 216.5 497.3 1.0 14 34.9 244.9 49.2 298.6 0.5 14 76.2 250.3 88.5 296.7 0.8 14 6.4 245.6 20.7 290.1 1.0 14 81.1 252.1 96.7 300.4 0.6 12 108.3 280.2 251.6 501.3 0.6 14 21.2 246.0 33.5 294.8
001923,0.8 14 306.3 71.1 319.8 90.6 1.0 14 423.1 86.3 462.4 171.4 0.7 14 432.2 67.3 444.3 88.8 0.8 14 446.2 70.5 461.0 115.3 1.0 14 459.7 67.1 486.0 117.1 0.8 14 433.6 67.3 445.9 96.4 0.8 14 398.2 69.3 413.8 108.4 1.0 6 246.9 78.0 289.7 102.6 0.8 14 444.1 69.6 456.1 92.1 1.0 6 1.5 99.8 410.8 239.4 1.0 14 394.6 70.7 412.5 108.3 0.6 14 468.7 78.3 490.1 116.3 1.0 14 415.6 66.5 438.2 126.6 0.6 14 329.3 71.2 340.7 93.3 0.9 14 337.8 71.1 351.0 94.2
001924,0.8 6 387.6 75.3 440.9 193.3 0.8 6 81.0 83.5 391.2 201.3 0.8 6 175.4 95.4 392.5 202.3
001925,0.7 4 42.4 188.3 136.6 249.3 0.7 4 337.5 174.7 421.8 250.2 0.7 4 78.9 156.7 161.4 225.7 0.5 4 137.4 193.4 221.0 250.1 1.0 4 174.2 -0.1 280.0 187.3 0.7 4 0.9 65.3 63.4 157.7 1.0 4 77.5 -0.1 177.8 175.6 0.5 4 0.9 0.1 69.0 161.0 0.7 4 2.2 151.2 77.4 201.1 1.0 4 273.0 -0.4 381.6 215.1 0.9 4 254.5 168.4 333.7 249.5 0.9 4 366.3 -0.6 477.0 203.3
001926,0.0 0 0.0 0.0 10.0 10.0
001929,0.7 0 181.0 108.5 318.5 146.8
001935,0.8 14 290.5 131.1 305.9 154.4 1.0 6 306.7 134.9 372.7 159.9 0.5 18 40.6 92.0 417.3 167.3
001939,0.6 12 123.8 1.2 425.0 185.0
001942,0.8 6 359.9 0.9 467.5 61.5 0.9 14 158.8 8.1 179.3 27.6 0.9 6 84.3 44.0 436.8 229.7 0.9 14 329.2 0.5 362.5 53.1
001943,0.6 14 2.4 7.3 466.8 252.9
001946,0.9 14 86.7 48.5 410.3 282.7
001947,0.6 14 1.5 4.2 274.0 252.7 0.7 14 2.5 67.3 284.7 282.4 0.6 14 2.9 4.7 282.2 283.1 0.7 14 2.3 6.5 416.4 284.4
001949,0.9 8 175.7 305.2 240.0 500.4 0.6 8 131.6 312.8 204.1 498.7 0.6 8 31.5 254.5 142.0 498.6 1.0 10 27.3 269.0 223.3 498.2 0.5 10 24.5 268.7 222.5 490.0 0.9 8 31.0 258.2 96.4 469.1 0.8 4 184.6 271.3 193.6 312.3 1.0 8 91.1 320.7 202.4 500.7
001951,0.9 6 8.8 34.7 485.4 294.7
001953,1.0 14 460.1 180.5 481.4 213.4 0.5 14 0.9 115.5 20.4 156.9 0.9 14 337.7 168.6 355.2 208.7 1.0 14 345.2 158.1 390.8 214.1
001955,0.6 9 248.4 181.6 298.4 235.3
001956,1.0 6 173.4 114.0 477.1 278.1
001957,0.7 12 147.4 12.8 351.1 389.0
001959,1.0 2 163.4 62.8 449.5 296.3
001961,0.6 8 294.2 233.3 430.9 374.9 1.0 8 3.6 190.2 141.9 375.2 1.0 19 43.4 122.9 134.2 197.9
001965,0.8 6 1.1 36.6 160.2 217.6 0.8 6 4.0 13.5 378.7 405.6 0.6 6 2.0 40.2 206.3 382.2 0.7 6 66.3 13.1 378.0 404.0 0.6 6 6.6 67.1 377.2 405.4 0.5 6 1.7 38.9 152.0 306.6 0.6 6 156.2 13.0 377.8 406.9
001966,0.6 11 1.1 14.2 100.5 193.7 0.7 11 319.5 32.8 443.5 250.4
001967,0.7 2 129.7 51.9 219.8 175.2
001968,0.0 0 0.0 0.0 10.0 10.0
001969,0.7 14 205.0 68.7 222.5 90.5 0.9 14 152.0 87.0 258.2 222.6 0.5 15 0.9 130.6 17.0 161.4 0.8 14 88.3 76.8 131.2 186.6 1.0 14 18.6 67.2 50.7 155.4 1.0 14 92.7 76.3 148.4 182.5 1.0 14 35.0 74.5 112.6 191.8 0.6 14 90.8 78.3 132.9 171.2
001973,0.8 11 70.0 18.1 267.1 172.6
001974,1.0 14 88.4 119.9 114.9 172.9 1.0 14 225.2 112.0 256.0 164.4 0.9 14 114.6 119.6 136.6 145.3 0.6 3 45.5 100.8 338.2 161.3 0.7 14 125.6 117.6 146.1 141.3 1.0 14 350.9 110.0 401.2 157.9
001975,0.7 14 136.5 31.0 161.5 52.3 0.8 14 34.5 55.3 126.3 204.4 0.8 14 81.9 60.1 124.4 117.1 1.0 14 226.1 54.2 320.7 122.0 1.0 14 133.9 57.2 196.9 106.6 1.0 14 1.8 54.6 139.8 251.1 0.9 10 93.1 98.8 436.0 247.2 1.0 14 261.8 61.0 385.6 152.7 1.0 14 352.5 67.6 438.8 185.2
001979,0.0 0 0.0 0.0 10.0 10.0
001983,0.7 5 50.5 82.0 312.1 150.0
001984,0.0 0 0.0 0.0 10.0 10.0
001986,0.8 14 1.2 1.7 498.4 223.1
001987,0.0 0 0.0 0.0 10.0 10.0
001988,0.9 14 67.1 61.5 179.8 404.4 0.8 14 4.5 59.9 183.8 491.7 0.9 14 38.7 62.0 182.0 422.5 0.6 13 11.3 146.2 223.8 493.2
001990,0.8 8 161.3 83.8 255.7 170.6 1.0 8 172.0 102.3 316.7 250.3 0.6 8 1.2 86.8 105.8 209.3 0.6 10 59.7 104.2 236.6 208.1 0.7 8 158.2 84.6 254.0 209.1 0.8 8 1.2 87.1 106.1 248.0 1.0 8 381.0 51.9 446.2 128.0 0.7 8 330.6 45.1 392.7 115.1
001991,1.0 6 1.4 65.0 324.4 206.6 1.0 6 299.7 50.3 444.9 133.2
001992,0.9 11 24.2 102.3 230.2 224.4 1.0 14 2.1 4.4 189.1 252.7 0.7 10 176.6 144.1 443.3 249.7 0.8 11 249.5 153.7 371.0 212.6
001993,0.8 14 121.2 332.1 205.1 500.2 0.9 14 65.0 289.8 150.5 418.1 0.7 14 30.7 396.8 142.2 500.4 0.9 14 114.5 332.2 209.8 500.7
001994,1.0 0 195.3 98.3 381.7 171.8
001996,1.0 0 20.4 46.8 470.7 173.1
001997,1.0 2 84.8 109.2 155.8 311.2
001998,0.9 13 43.8 101.3 253.3 205.4 1.0 14 221.0 43.7 317.8 196.3
002003,0.6 7 1.7 0.2 396.6 265.7
002005,0.6 9 316.3 92.7 436.7 152.0
002007,0.9 0 131.3 78.8 227.0 154.5
002008,1.0 1 61.3 231.7 118.9 317.3 0.9 14 67.8 206.7 96.4 278.2 1.0 14 60.0 139.9 110.8 272.5
002009,1.0 14 228.6 162.6 247.8 236.2 0.6 14 231.8 161.7 249.9 259.0
002010,0.0 0 0.0 0.0 10.0 10.0
002013,0.9 8 203.9 121.7 277.7 276.1 0.9 8 1.2 97.6 151.2 332.4
002014,1.0 0 123.1 147.6 171.3 200.9
002016,1.0 14 29.3 236.8 71.0 335.0
002017,0.8 12 129.3 111.5 349.3 268.9
002018,0.8 11 198.0 11.5 299.5 72.0 0.7 17 1.7 15.4 293.7 84.7 0.7 17 291.9 15.0 499.1 82.6
002026,0.6 4 293.9 83.2 314.1 109.2 0.9 14 132.9 93.8 345.4 209.7 0.9 4 365.0 194.5 391.0 244.2 0.6 10 263.1 153.0 450.0 249.6 1.0 14 128.8 92.8 231.8 178.0 0.7 17 2.8 104.2 345.3 249.4 0.8 17 2.1 101.6 276.5 249.3 0.7 14 193.9 129.4 347.0 217.9 0.7 15 330.0 95.7 360.0 130.6
002028,0.7 2 327.1 161.6 350.3 178.4 0.9 2 227.0 141.3 294.2 166.8
002029,0.5 3 1.2 55.9 177.3 443.0
002031,1.0 14 154.3 36.2 250.1 127.6 0.9 12 68.2 40.8 371.3 225.4
002032,0.0 0 0.0 0.0 10.0 10.0
002033,0.5 16 445.2 85.3 499.9 224.1 0.7 16 225.5 36.7 289.1 92.0 0.7 16 1.9 127.7 170.7 226.1 0.6 16 247.1 64.3 398.0 202.3
002035,0.5 15 249.9 35.2 326.2 110.0 0.9 15 19.3 0.9 79.9 85.8 0.9 15 23.5 1.4 79.7 85.9 0.8 8 286.6 56.2 358.0 152.8 0.7 15 72.4 31.4 120.4 105.6 0.6 15 243.2 32.9 345.0 124.2 0.6 10 83.9 88.8 292.0 215.2 0.8 15 83.6 72.2 117.0 107.5 0.7 15 124.6 25.8 166.0 71.1 0.7 15 67.3 25.9 173.2 109.3 0.9 15 76.5 56.8 118.4 107.0 0.6 15 29.4 35.5 66.6 85.9 0.6 8 78.7 22.8 289.1 213.0 0.9 17 164.2 112.2 449.9 250.2 0.8 15 46.7 50.6 78.8 88.8 0.9 15 252.8 34.2 346.0 113.3
002038,0.8 7 80.5 383.2 153.1 421.4
002040,1.0 14 288.8 6.0 314.0 36.3 0.9 14 47.8 12.3 65.9 60.5 0.6 6 333.6 22.2 384.1 63.1 1.0 14 421.0 0.8 458.4 72.7 0.9 6 331.6 22.8 428.1 68.0 1.0 14 373.2 7.4 404.5 69.7 1.0 14 154.0 10.6 182.7 38.3 1.0 6 71.3 26.9 394.4 222.3 1.0 14 58.1 12.9 90.7 82.3 0.6 14 42.7 12.9 61.7 70.1 0.9 14 165.2 35.4 216.8 74.4 0.6 6 331.2 21.8 445.0 70.7 0.9 14 347.5 8.7 365.3 26.4
002041,1.0 14 189.3 89.9 257.8 180.6 1.0 6 42.2 109.6 206.9 200.0
002044,0.9 2 182.3 93.7 289.6 167.2
002046,0.6 14 253.3 113.4 302.2 216.6 0.6 12 1.4 49.6 177.1 369.7 0.7 12 186.8 100.0 303.5 313.3
002048,0.5 7 184.8 77.5 274.1 164.4 0.7 7 187.9 72.3 367.6 164.7 0.9 7 94.0 94.8 180.3 159.8
002050,0.7 12 123.7 245.3 154.3 389.6 0.7 12 1.0 183.5 124.8 440.1 0.7 12 1.0 183.3 97.2 441.9 1.0 14 128.0 126.7 188.9 425.1
002052,1.0 0 43.4 10.2 483.0 153.9
002053,0.7 5 37.3 75.5 149.3 150.3
002057,0.0 0 0.0 0.0 10.0 10.0
002059,0.9 7 4.0 63.8 376.2 282.7
002060,1.0 14 182.1 112.5 267.0 248.8 0.6 1 214.1 215.4 251.9 280.5 0.6 12 357.8 128.0 408.6 228.0
002062,0.9 14 207.7 141.1 239.4 187.4 1.0 19 83.1 63.5 279.2 246.3 0.7 19 291.3 21.8 442.7 93.3 0.9 19 291.0 23.3 408.1 93.0
002065,1.0 14 73.9 31.6 345.3 189.9 0.8 19 5.5 3.0 437.0 280.4
002066,0.8 11 169.7 326.2 237.6 449.0
002071,1.0 14 204.7 56.1 250.5 148.3 1.0 14 76.1 85.5 135.6 150.9 0.8 12 79.4 99.4 126.7 178.2 0.9 12 150.1 92.5 315.3 208.8 0.8 12 279.9 104.0 376.9 189.7 1.0 14 279.2 76.0 317.1 149.7
002072,1.0 14 169.8 20.5 266.3 179.3 0.9 12 42.0 62.8 312.1 279.2
002073,0.6 4 230.8 56.6 498.0 250.5
002074,0.8 8 246.6 83.1 290.8 183.1 0.9 14 87.4 76.2 160.2 166.9 1.0 14 203.2 67.4 253.7 202.8 1.0 19 73.4 65.1 170.6 139.2 0.8 14 86.2 76.3 159.3 124.0 0.6 10 133.7 193.9 445.5 279.3
002075,0.0 0 0.0 0.0 10.0 10.0
002076,0.9 2 157.6 26.0 204.4 94.4 0.7 2 114.3 25.8 146.9 79.2 0.6 11 9.4 70.4 295.9 190.0
002077,0.7 4 189.9 320.5 218.3 365.8 0.5 14 135.7 254.8 243.3 343.6 0.8 14 1.4 64.8 227.5 499.3 0.9 14 2.1 53.8 242.7 500.2
002078,0.7 1 1.9 46.3 282.6 237.9 0.9 1 2.1 43.5 411.6 248.0
002079,1.0 14 177.5 26.1 294.7 282.4 1.0 14 277.9 58.4 382.8 281.7
002080,0.5 13 76.4 100.1 446.1 230.0 0.6 13 1.4 118.9 96.1 225.9
002081,0.7 8 1.0 128.8 90.1 204.8 1.0 19 219.7 104.1 337.5 179.3
002084,0.8 7 2.4 1.0 257.8 290.5 0.5 14 212.2 1.7 398.4 290.3
002085,0.9 3 137.7 166.8 192.5 214.0
002087,0.8 14 104.4 102.6 135.4 156.5 0.9 14 354.4 205.7 401.5 290.6 0.9 14 80.3 98.9 127.3 269.9 1.0 14 1.0 115.7 26.1 272.2 1.0 14 88.8 97.2 180.3 290.8 1.0 14 36.4 100.4 95.9 264.0 1.0 14 156.3 75.8 269.8 290.5
002089,0.9 0 144.6 108.1 280.9 142.7
002092,0.0 0 0.0 0.0 10.0 10.0
002093,1.0 19 132.4 8.4 291.8 189.6 1.0 4 295.4 32.5 329.5 133.3
002097,0.9 14 64.4 0.1 499.1 203.6
002100,0.9 8 87.5 177.0 122.1 218.1 0.9 8 142.9 175.6 175.6 213.9 1.0 8 194.2 174.7 223.5 214.7
002103,0.9 2 58.2 84.0 281.9 213.3
002105,1.0 14 204.7 72.4 301.4 186.4 0.9 13 142.9 85.9 338.5 200.8
002106,0.0 0 0.0 0.0 10.0 10.0
002107,0.6 2 206.5 151.0 244.0 188.1 0.6 0 345.5 180.6 372.9 191.8
002110,0.8 0 33.4 95.0 301.7 163.8 0.8 0 33.4 91.6 302.5 180.9 0.9 14 136.9 171.0 159.8 219.4 0.9 0 29.1 39.0 465.3 173.4 0.8 0 31.0 91.7 463.0 180.1
002111,0.9 14 325.7 116.7 343.0 145.8 1.0 14 283.6 102.0 322.8 193.7 1.0 14 261.2 108.8 291.3 185.1 1.0 14 185.7 83.9 234.2 216.8
002113,0.8 7 20.7 7.6 220.7 473.9
002115,0.6 9 195.2 104.9 285.9 255.5 0.6 16 346.7 73.9 374.3 111.5
002118,0.7 6 0.7 113.7 410.6 231.7 0.9 6 -0.4 111.6 444.7 229.3 0.6 6 -1.5 87.2 447.5 332.8 0.9 6 18.0 87.8 103.1 127.6 1.0 6 -1.0 109.8 449.2 333.4 0.7 6 81.3 106.2 462.1 230.1 1.0 6 -0.5 148.0 450.2 334.1 0.6 6 1.5 105.2 458.5 232.5
002119,0.9 14 148.1 62.4 218.4 332.8 0.5 12 322.0 133.7 402.1 323.1 1.0 14 1.1 115.6 29.0 271.5 0.9 14 139.8 63.2 218.8 335.0 0.8 14 137.5 64.2 188.1 238.5 0.9 14 80.5 44.0 141.1 349.7 0.9 14 78.3 47.4 127.8 130.5 1.0 14 25.8 2.6 135.4 373.6
002121,0.7 14 15.0 22.8 210.3 345.4 0.9 14 14.2 25.4 172.6 347.2 0.8 14 363.5 0.5 428.8 258.3
002122,0.5 2 239.2 97.9 262.9 173.7
002123,1.0 15 77.8 252.9 121.0 299.7 0.8 15 33.5 146.1 69.0 227.7 0.5 19 144.6 110.5 195.0 212.4 0.8 15 52.1 252.8 122.4 304.8 0.9 15 36.3 144.7 79.6 309.7 0.8 15 267.6 143.8 302.3 172.1
002127,0.7 17 1.0 3.1 428.6 373.3 0.5 4 281.5 58.8 370.2 146.2
002128,0.8 1 38.1 16.4 395.4 341.7
002130,0.5 13 56.4 61.2 316.6 200.1
002131,0.0 0 0.0 0.0 10.0 10.0
002133,0.5 11 165.0 87.7 283.5 161.8
002137,0.6 9 146.8 236.8 208.7 362.5 1.0 14 40.3 103.6 93.0 274.1 0.5 9 206.9 241.1 252.5 325.4 0.8 14 56.5 102.5 92.4 222.7 0.5 9 57.8 213.0 135.5 354.6
002138,0.7 11 1.5 19.2 298.3 210.3 0.5 11 2.2 16.7 443.9 210.1
002141,1.0 6 157.8 126.1 210.6 172.2 0.6 11 22.3 233.5 181.3 438.4 0.9 14 88.9 56.3 161.1 262.9 1.0 6 0.8 142.1 32.1 184.3 1.0 6 50.0 133.7 97.6 181.6 0.7 14 17.0 54.6 163.1 421.4 0.9 14 19.5 54.9 182.7 434.2 1.0 14 40.4 140.4 61.8 185.1 0.7 6 68.5 134.4 98.8 181.3 0.9 6 196.6 136.1 222.9 175.3
002143,1.0 6 93.5 26.8 452.6 182.8
002144,0.8 2 34.3 199.8 70.0 236.8 0.7 2 346.8 167.1 385.2 207.0 0.8 14 2.4 143.0 274.3 249.4 0.9 2 68.4 78.6 278.0 162.7 0.8 14 327.5 0.8 386.5 96.9
002147,0.7 7 45.4 17.1 499.6 328.7
002148,0.0 0 0.0 0.0 10.0 10.0
002149,1.0 6 76.4 170.3 371.6 279.5
002150,0.6 18 1.9 63.5 337.9 317.3
002154,0.7 14 41.9 62.2 91.4 125.3 0.9 14 38.6 68.8 56.6 98.9 1.0 6 339.1 110.6 428.0 171.7 1.0 6 445.5 94.0 482.1 128.4 1.0 6 2.4 94.5 204.5 188.3 0.7 6 1.0 94.3 34.5 126.5 0.8 6 145.7 88.6 209.5 113.9 0.9 6 403.9 96.9 456.6 141.8 0.7 6 114.9 99.1 191.2 145.0 0.7 6 323.5 95.7 453.5 146.4 1.0 14 45.8 62.3 88.7 97.5 1.0 6 43.8 98.9 359.8 293.1 0.7 6 324.6 99.5 426.8 169.5 0.8 6 1.5 96.5 137.2 183.4 0.9 14 147.3 71.4 166.2 92.1 0.8 6 114.8 95.6 209.3 146.3 0.7 6 167.0 98.6 356.0 164.3 0.8 14 331.1 82.7 356.3 113.5
002157,1.0 0 46.3 87.8 492.7 216.6
002159,0.8 14 92.9 87.5 369.6 375.0 0.6 14 107.0 0.7 231.7 301.2 1.0 14 21.4 1.9 236.8 374.2 0.8 14 22.6 59.0 379.6 374.3 0.9 8 7.3 73.3 78.9 208.8 0.8 14 94.0 58.6 377.4 374.7
002160,0.7 11 94.1 105.7 204.9 242.3
002161,1.0 8 133.0 230.5 184.9 310.0 0.9 15 1.1 180.7 48.9 346.1 0.7 19 73.8 84.4 216.0 315.9 1.0 8 179.7 223.4 219.6 301.1
002162,0.9 7 86.9 80.3 386.4 299.0
002164,0.8 14 86.3 38.5 269.9 346.2 0.8 14 94.1 32.6 444.6 346.2 1.0 14 221.3 32.9 447.9 345.9 0.9 14 257.0 33.6 449.1 346.0
002167,0.8 8 272.3 169.4 362.7 332.1 0.6 8 259.5 136.8 402.7 333.2 0.9 8 300.3 136.8 404.9 332.1 0.6 8 358.8 137.5 408.8 322.7 0.8 8 98.0 133.3 172.4 215.4 0.9 8 252.2 167.6 360.7 332.2 0.8 8 248.4 134.8 357.6 227.7 0.7 8 252.0 137.0 359.0 332.8
002168,0.5 14 229.0 180.5 253.4 250.1 1.0 14 391.5 176.3 438.7 308.0 0.9 14 289.4 179.9 314.3 282.8 0.6 1 93.0 236.5 137.6 324.2 1.0 14 146.3 183.6 170.7 252.2 1.0 14 195.1 174.3 236.9 301.2 0.9 13 263.0 226.2 309.3 301.9 0.6 14 227.7 180.5 253.0 285.1 1.0 14 100.4 171.5 144.2 311.1 1.0 14 323.9 177.9 355.5 292.2 0.8 1 384.3 248.6 438.8 309.3 0.5 14 232.6 181.1 254.5 235.7 1.0 14 262.2 178.9 295.7 287.7
002173,0.6 9 122.1 2.4 497.0 331.3
002175,0.5 3 164.8 131.4 234.0 223.9 0.6 3 0.9 218.1 17.4 252.9 0.7 3 348.8 112.9 441.4 208.8 0.9 3 162.3 132.0 232.8 223.9 0.8 3 8.4 130.3 73.8 245.2 0.9 3 7.6 206.7 72.8 244.7 0.7 3 162.1 186.5 231.0 223.3
002177,1.0 6 1.6 177.1 149.7 320.4 1.0 14 112.4 145.1 144.2 195.7 0.5 6 1.4 114.3 96.3 187.8 0.9 14 391.2 194.8 409.5 224.6 0.8 6 102.9 112.9 344.9 242.1 0.9 6 210.5 182.7 295.3 256.5 1.0 6 243.2 182.4 498.6 298.5
002185,0.9 14 273.0 19.5 296.1 46.7 0.7 6 298.2 21.7 348.7 71.5 0.6 14 135.0 17.5 252.8 154.5 0.7 14 339.1 19.1 498.9 322.9 0.5 14 409.4 21.7 499.3 229.6 0.8 14 410.3 21.5 497.3 121.5 0.6 14 124.9 37.3 295.8 227.8 0.5 13 41.2 133.2 316.0 255.4 1.0 14 122.5 34.7 296.4 241.8 0.7 13 171.6 177.1 468.0 330.9 0.6 14 194.8 19.0 252.0 74.7 0.8 14 339.3 19.0 498.0 182.0 0.8 13 169.6 93.7 500.3 330.9 0.9 6 302.0 17.1 416.8 72.2 0.6 6 300.2 20.2 374.0 71.5
002188,1.0 4 252.1 3.1 283.2 123.3 0.6 4 363.4 58.5 444.2 165.6 0.9 4 328.7 1.7 365.2 92.9 0.9 4 250.3 1.8 282.1 142.0 0.8 14 1.3 0.7 45.2 70.6 0.8 10 -0.8 18.1 452.6 375.1 0.9 4 331.7 1.0 368.7 93.8 0.6 4 299.9 19.0 329.4 89.1
002189,0.7 14 13.6 68.9 128.0 174.8 0.8 14 49.2 68.3 129.4 173.9 0.6 14 170.6 78.3 326.6 261.0 0.9 14 92.2 69.3 128.2 120.2 1.0 14 73.9 54.3 334.7 318.1 0.9 10 62.4 231.2 443.4 375.8 0.6 10 60.5 252.0 445.8 375.7
002195,1.0 14 1.3 99.9 114.1 374.4 0.9 14 144.1 71.7 411.2 370.7 0.6 4 395.6 293.6 443.4 375.1 0.9 14 196.6 70.9 413.9 366.9
002198,0.9 0 109.6 103.9 385.1 180.1
002200,0.6 11 21.3 22.8 362.4 344.3
002203,0.9 11 5.5 133.6 195.3 336.1 0.5 14 2.2 0.9 397.4 336.9 0.9 14 11.1 41.7 398.4 336.8
002204,1.0 14 126.1 8.3 199.6 104.9 0.9 12 74.8 45.8 227.2 182.3
002205,0.7 7 55.1 0.0 441.6 239.9
002206,0.7 18 50.4 90.2 363.8 166.2
002207,0.6 11 168.8 76.2 281.5 150.9 0.7 11 33.3 76.6 283.7 328.8 0.6 14 2.9 23.7 297.0 352.3 1.0 14 1.5 19.1 132.8 323.1
002210,1.0 6 1.7 86.8 313.2 249.8 0.6 6 249.8 165.0 435.7 250.9
002211,0.9 14 125.8 273.8 149.0 329.3 0.5 12 187.0 285.9 246.7 443.4 1.0 14 90.8 296.9 119.4 395.1 1.0 14 2.3 309.7 31.7 392.2 0.6 14 112.8 302.8 159.5 422.0 0.8 14 108.7 270.5 132.3 393.2 0.9 14 123.8 284.5 162.4 424.9 0.9 14 7.0 268.5 42.1 384.7 0.7 14 85.3 45.7 119.9 115.1 1.0 14 89.8 301.3 117.6 396.6 1.0 14 38.9 286.6 75.2 385.6 1.0 14 126.2 298.2 207.2 440.0 1.0 14 110.0 266.7 130.6 328.1 0.8 14 124.1 275.2 151.6 396.1 0.7 14 156.0 298.7 207.1 442.6 0.7 14 167.1 292.1 216.9 442.5 0.9 14 186.2 280.8 245.5 444.0
002216,0.8 6 63.6 79.3 382.1 215.3
002217,0.6 0 42.9 50.4 488.6 151.0 0.6 0 64.9 71.0 437.7 139.1 0.8 0 43.7 48.0 262.7 90.4 0.8 0 43.5 48.6 297.6 126.6 0.8 0 120.7 125.0 472.1 194.1
002222,0.8 11 13.0 27.2 207.0 337.4
002223,0.9 6 177.5 219.2 196.5 250.7 1.0 14 195.5 213.1 213.1 314.7 0.5 14 218.8 213.4 230.6 311.1 1.0 6 126.9 220.8 151.7 277.5 1.0 14 164.9 221.3 184.0 343.3 0.8 5 1.1 3.4 128.4 468.5 1.0 14 216.9 213.5 230.6 311.4 1.0 14 159.4 220.8 178.6 348.5 0.9 14 171.3 263.9 191.9 340.3
002225,0.5 3 282.3 123.2 349.4 189.9 0.7 3 155.8 18.6 345.7 188.7 0.7 3 65.6 180.0 234.1 262.6 0.6 3 276.3 46.4 351.1 192.4 0.8 3 193.6 200.7 234.7 232.9 0.9 3 64.0 181.4 193.7 262.1
002227,0.9 19 385.0 46.1 458.0 104.2 0.7 1 32.6 15.0 315.8 233.4 0.7 1 32.7 13.1 408.6 247.6
002229,0.6 5 31.8 73.0 391.5 231.8 0.8 5 30.4 74.6 390.5 233.6 1.0 14 350.0 140.9 387.2 210.7
002230,0.5 8 72.5 160.9 127.0 283.0 0.8 19 16.4 124.4 88.3 204.1 0.7 10 105.3 163.8 263.5 251.0 1.0 14 47.1 186.3 122.0 278.0 0.8 8 221.8 166.6 271.9 280.6 0.8 17 263.0 169.5 403.8 259.7
002231,0.6 4 202.6 0.3 285.7 140.3 0.7 4 100.8 -0.2 240.8 201.6
002232,1.0 6 392.8 174.9 492.5 211.3 0.9 6 362.3 164.8 393.8 182.1 0.7 6 390.1 167.7 412.7 181.4
002235,0.7 4 415.7 82.3 434.1 114.7 0.8 14 97.7 76.3 273.4 249.8 0.7 14 70.4 74.5 166.9 173.6 0.7 14 93.1 74.7 286.4 250.4 0.8 14 133.2 81.3 276.8 246.5 0.7 4 412.5 81.0 433.6 115.3 0.7 14 221.1 102.0 279.2 219.3 0.9 14 2.3 68.1 280.8 251.2 0.9 14 1.7 73.1 158.9 252.7 0.5 14 2.0 72.3 160.3 179.5 1.0 14 253.5 86.6 382.0 242.4
002236,0.0 0 0.0 0.0 10.0 10.0
002239,0.6 1 321.2 118.0 379.2 201.1 0.7 12 108.8 93.5 166.9 178.3 1.0 14 10.7 50.6 44.7 92.2 1.0 14 266.6 87.6 311.9 165.0 1.0 14 106.5 39.2 173.4 164.1 0.8 1 276.4 122.9 309.0 174.2 1.0 14 313.0 52.5 384.4 186.8
002240,0.9 4 180.4 217.0 209.4 290.1
002242,1.0 14 311.6 84.6 334.9 129.4 1.0 6 1.8 87.9 251.1 223.4 1.0 14 185.8 80.9 243.1 217.9 0.9 5 156.3 47.2 349.4 117.3 1.0 14 219.2 78.4 269.3 202.2 1.0 6 376.4 89.0 454.6 130.4
002243,0.6 7 42.6 33.2 373.0 250.5
002245,0.9 6 433.9 126.0 474.6 143.2 1.0 6 52.5 130.8 119.0 168.4 1.0 6 1.3 136.3 60.4 169.2 0.8 6 96.0 129.9 128.2 166.4 0.9 5 134.3 25.3 429.9 176.1 1.0 14 120.0 123.3 139.7 170.5 0.5 6 432.4 125.6 472.7 142.7
002246,1.0 14 35.5 209.7 50.5 273.6 1.0 14 10.9 211.8 23.2 250.0 0.9 14 0.6 216.9 8.7 277.1
002250,0.9 14 153.9 137.8 184.4 222.5 1.0 14 141.3 163.4 183.7 229.1 1.0 14 43.7 96.1 206.2 446.5
002252,0.9 19 270.0 74.2 392.2 178.6
002254,0.9 14 83.0 151.7 138.7 269.7 1.0 14 96.9 152.3 137.1 269.4 0.7 12 99.1 258.8 222.7 491.9
002258,0.9 19 173.3 50.0 320.8 151.6
002262,0.8 14 1.8 -0.0 219.7 220.0 0.7 14 1.6 -0.1 200.9 219.8
002264,0.8 8 99.6 195.2 138.5 279.2 0.7 8 225.2 222.0 244.2 272.7 1.0 8 140.2 191.9 184.1 315.5 0.6 17 13.7 259.7 156.2 442.1
002269,0.6 12 44.1 57.0 148.8 199.7 1.0 14 0.8 113.7 127.3 491.5 0.5 12 124.0 323.8 219.6 482.7
002271,1.0 6 127.8 63.6 366.0 132.9
002274,0.8 3 48.1 302.1 176.0 354.1 0.9 3 9.0 245.4 37.7 327.0 0.9 3 46.1 63.6 178.0 353.2
002275,0.8 7 0.5 1.8 279.8 420.3 0.5 7 1.3 1.8 383.8 420.7
002282,1.0 4 185.3 69.8 204.2 123.2 0.9 19 134.6 200.1 222.1 303.8 1.0 4 20.5 211.5 54.4 331.9 0.6 19 13.7 194.5 110.5 329.3 0.9 19 305.2 165.4 362.0 251.9
002283,1.0 14 242.8 52.5 322.3 212.3 0.9 12 202.0 89.5 368.6 346.7 0.8 14 281.1 52.5 321.5 213.5
002286,0.5 11 18.4 27.4 207.4 194.3 0.5 11 220.6 116.6 500.4 322.8
002289,0.7 5 208.6 140.7 321.2 195.7
002292,1.0 1 73.2 224.2 270.4 371.2
002294,0.9 14 251.0 1.2 273.8 32.2 1.0 14 22.8 1.5 67.7 106.3 0.6 14 404.4 -0.2 434.0 151.0 0.9 14 279.1 1.3 311.2 60.2 1.0 14 1.1 1.2 29.0 110.1 0.8 14 67.4 0.9 105.2 41.1 1.0 6 1.0 4.6 429.8 373.7 1.0 14 331.5 1.2 372.3 115.3 1.0 14 369.2 0.7 413.2 127.6 0.9 14 303.7 1.0 334.9 98.0
002295,0.6 14 78.7 1.4 492.5 332.0
002296,1.0 14 426.6 160.1 457.7 257.3
002297,0.8 15 235.9 88.0 269.6 133.4 0.9 8 329.6 154.4 444.7 374.8 0.9 8 164.5 115.9 202.3 224.8 0.9 17 253.8 83.1 433.8 194.4
002298,0.6 14 5.5 149.0 253.3 331.9
002299,0.0 0 0.0 0.0 10.0 10.0
002301,0.7 8 1.1 217.1 60.6 374.5 0.7 8 4.4 256.7 138.2 375.1 0.8 8 1.7 214.8 135.9 374.8 0.9 14 334.8 90.9 442.1 373.4 0.9 14 21.7 86.1 60.3 155.8 0.6 8 346.8 230.3 442.8 374.5 0.6 14 371.1 94.5 445.7 275.1 1.0 14 1.8 89.2 98.2 282.4 1.0 14 324.3 64.2 382.8 183.4 1.0 14 226.4 68.0 282.7 156.5 0.6 10 137.3 137.6 438.4 375.9 1.0 14 144.7 60.8 205.0 146.6 1.0 14 55.7 101.1 205.8 374.5 1.0 14 114.6 69.9 145.6 107.4 0.7 14 1.6 86.3 58.1 188.8 0.9 14 3.5 98.6 174.9 374.1 0.9 10 138.3 140.7 385.7 375.5 0.9 8 365.6 231.4 442.8 374.0 1.0 14 341.5 120.7 396.6 204.7 1.0 14 292.6 65.0 336.1 168.8
002303,0.5 11 107.5 35.1 375.4 329.7
002304,0.7 7 15.3 47.5 444.6 331.6
002309,1.0 2 62.8 38.7 401.3 320.1
002312,0.7 4 440.3 -0.4 499.6 74.7 0.8 7 1.8 10.7 499.6 158.6 0.9 6 1.0 8.7 499.8 250.0
002313,0.0 0 0.0 0.0 10.0 10.0
002314,0.0 0 0.0 0.0 10.0 10.0
002316,0.9 2 79.9 34.6 258.3 307.4 0.8 2 79.5 36.3 340.7 359.3
002317,0.9 6 341.0 65.9 500.0 175.0 0.9 14 152.2 105.6 213.1 245.3 1.0 14 164.8 126.1 227.9 248.6 1.0 14 1.1 80.7 21.2 188.3 1.0 14 26.9 81.4 77.5 182.7 0.7 5 127.0 -0.3 499.2 186.2 1.0 14 223.6 111.8 277.1 247.1 0.7 6 271.2 64.1 499.3 191.0
002319,0.6 6 24.5 81.4 281.6 368.0
002322,0.9 8 5.4 332.2 92.4 443.8 0.5 8 5.7 332.4 76.3 444.4 0.9 8 209.7 296.6 263.4 444.5 0.9 8 107.1 291.0 180.4 444.3 0.7 8 6.0 291.0 85.2 443.7 1.0 10 4.1 303.0 211.4 443.3
002325,0.8 1 197.0 164.7 268.8 228.2 0.7 13 348.4 162.2 452.8 250.4 1.0 14 137.8 108.6 216.7 248.8 0.6 14 137.2 109.7 214.8 209.0 0.9 14 47.7 109.9 208.9 250.9 0.7 13 246.7 160.4 452.9 250.4 1.0 14 272.0 93.9 366.6 250.6
002326,0.0 0 0.0 0.0 10.0 10.0
002327,0.6 11 1.6 82.6 189.6 498.1 0.7 11 1.6 83.2 221.5 499.1
002331,1.0 6 219.0 38.4 288.5 66.3 0.7 14 176.4 6.6 249.9 130.7 0.9 12 137.2 57.8 298.8 223.2 0.6 14 307.4 38.1 473.7 222.4 0.8 6 5.5 31.8 66.7 59.8 0.8 6 327.3 38.5 364.2 61.4 0.7 12 136.8 57.5 270.9 221.5 1.0 14 114.9 8.4 307.7 179.6 0.9 6 0.9 33.0 54.8 70.8 0.7 14 176.4 7.0 300.9 165.5 1.0 6 69.2 30.6 134.7 65.8 0.7 6 164.2 38.8 192.6 55.9 1.0 14 228.5 37.9 477.6 222.6 0.9 6 290.6 36.5 366.3 64.5
002336,0.8 2 1.7 115.8 148.0 251.1 0.8 2 2.6 100.4 402.1 251.0
002338,0.6 16 156.9 76.3 225.3 127.9 0.7 16 412.6 57.1 442.4 73.6 0.7 16 382.0 57.1 403.3 72.2 0.7 16 183.6 65.7 229.2 127.9 0.7 16 216.5 76.1 318.8 137.7
002339,0.9 15 160.2 2.0 302.1 170.8 0.9 15 204.7 101.9 301.0 173.8
002341,0.7 14 71.5 110.5 129.1 166.4 0.8 14 23.0 1.0 130.1 167.7 1.0 14 21.7 1.8 102.4 168.1 1.0 14 140.9 5.0 220.0 166.4 0.8 11 114.9 109.7 200.8 167.4
002344,1.0 14 1.6 15.8 221.3 499.6
002346,1.0 6 98.2 48.4 398.7 176.8
002349,1.0 6 160.1 103.4 305.6 155.7
002351,0.6 18 102.3 78.0 339.9 174.3 0.8 18 1.6 76.7 500.0 174.1
002353,1.0 8 199.7 145.7 250.5 209.2 0.8 10 204.0 149.6 295.0 206.1 0.9 15 65.6 104.7 157.0 188.6 1.0 8 35.1 156.4 182.2 238.7 0.6 10 289.3 151.3 461.2 233.7 0.9 10 205.7 148.2 298.2 207.2 0.9 8 258.1 140.1 303.4 206.8
002356,1.0 19 224.6 92.2 288.6 136.5 0.7 19 370.8 92.2 500.9 192.1 0.9 19 2.2 31.1 151.2 125.2 0.5 8 0.3 17.1 207.1 227.1 0.8 19 326.8 91.7 500.9 200.2 0.7 19 290.4 88.9 326.1 131.4
002357,0.9 0 52.6 104.4 435.7 200.1 0.7 0 53.1 54.5 441.1 199.3
002358,0.5 6 336.8 127.7 378.2 139.9 1.0 6 242.9 130.4 289.9 144.1
002360,0.8 12 85.6 155.3 195.3 383.5 1.0 14 123.9 95.5 183.4 290.0 0.9 12 56.8 156.7 195.9 385.9
002363,1.0 14 94.1 120.7 131.2 232.2 1.0 14 165.8 118.6 202.1 217.4 1.0 14 13.4 124.6 51.8 231.4 1.0 14 206.1 117.9 244.2 215.7
002365,0.9 14 2.4 26.8 205.7 472.0 0.9 14 36.6 26.7 204.1 475.3 0.5 2 198.6 16.0 218.7 37.3
002370,0.7 5 183.2 80.6 315.5 170.8 0.9 6 347.3 124.6 384.9 140.0
002379,0.6 14 272.9 0.9 322.2 50.2 1.0 14 374.5 0.7 445.9 249.8 0.6 14 360.9 0.8 420.8 74.3 0.5 13 260.6 21.1 386.3 172.6 0.6 13 2.8 2.3 239.3 121.0 0.7 14 378.5 0.5 439.9 84.1 0.9 14 86.5 0.8 178.4 54.5 0.7 13 53.1 2.9 383.4 234.7
002380,0.9 2 118.5 80.1 276.9 221.2
002381,0.9 15 135.3 343.4 185.3 417.6 0.7 15 190.5 281.8 252.3 442.7 0.6 15 44.7 250.0 142.8 444.0 0.6 15 138.9 248.0 242.1 418.6 0.5 15 161.6 3.3 233.0 128.5
002383,1.0 6 339.0 117.7 380.3 138.6 0.9 6 382.1 116.4 405.8 132.9 0.9 6 0.7 139.8 28.1 167.1 0.7 5 217.1 26.7 334.3 172.6
002386,0.8 14 278.7 61.3 304.1 89.9 0.8 14 340.9 125.3 365.5 163.6 0.5 14 129.3 131.7 155.7 151.5 0.6 18 56.3 58.3 464.9 154.6 0.7 18 62.1 60.1 463.5 150.9 0.5 18 56.2 58.4 462.7 160.1 0.6 14 74.1 138.3 102.7 170.9
002388,0.0 0 0.0 0.0 10.0 10.0
002389,0.6 8 71.7 115.6 149.6 233.9 0.5 8 302.3 110.0 406.2 233.2 0.9 8 260.2 125.6 337.8 235.5 0.7 8 75.7 116.6 208.2 235.0 0.8 8 182.5 104.2 229.7 148.3 0.7 4 55.5 88.1 66.9 107.3 0.6 10 33.6 114.0 440.8 232.4 0.8 4 86.0 84.4 97.3 103.5 1.0 10 38.5 117.1 376.4 232.9 0.9 8 63.7 115.9 139.6 234.2 0.6 4 111.5 82.8 122.0 100.9 0.7 8 142.6 103.6 229.7 234.8 0.8 8 228.9 123.7 335.5 236.0 0.9 8 344.2 109.3 406.9 232.7
002390,0.9 3 164.9 138.8 360.5 166.3 0.6 3 105.2 154.8 161.5 168.5 0.9 3 163.1 33.4 362.0 166.6
002394,0.9 14 188.1 22.8 204.2 73.5 0.9 14 49.6 27.7 73.4 58.3 0.8 14 44.4 27.4 78.8 65.6 1.0 14 20.6 28.6 36.0 94.2 0.6 8 172.4 239.5 252.2 406.8 0.9 14 203.3 49.3 218.2 77.0 0.5 14 57.9 27.1 77.5 59.1 1.0 19 98.7 178.7 186.7 293.6 0.7 14 42.4 24.6 75.7 141.5 1.0 14 1.8 27.1 19.5 94.6 0.6 15 150.4 166.1 172.6 191.7
002395,0.5 3 69.3 11.4 430.5 180.8 0.5 3 73.1 83.2 431.9 179.4 0.6 3 67.6 1.4 441.3 230.4
002396,0.0 0 0.0 0.0 10.0 10.0
002397,0.7 1 97.2 262.2 124.1 370.9 1.0 14 93.5 187.2 133.1 319.3
002398,1.0 14 54.7 84.6 144.5 299.9 1.0 12 52.3 109.5 168.4 434.1
002399,0.8 14 3.3 29.4 200.1 199.5 0.7 14 232.3 40.5 372.9 154.3 0.7 14 64.5 30.7 213.2 180.5 0.7 14 4.6 29.8 312.7 263.8 0.5 12 4.8 28.8 370.4 261.7 0.5 4 75.6 144.4 95.8 194.0 1.0 14 339.9 41.7 391.8 186.1 0.8 14 304.8 41.1 377.0 154.4
002400,0.0 0 0.0 0.0 10.0 10.0
002402,1.0 14 246.0 10.5 273.3 37.7 0.5 14 164.3 18.5 192.1 45.3 0.7 14 168.0 19.9 193.3 44.8 1.0 14 330.5 0.9 353.1 32.2 1.0 6 404.0 0.7 499.7 48.7 1.0 14 115.9 9.4 148.1 49.3 1.0 6 56.9 38.5 463.1 157.9 1.0 14 294.6 1.6 320.0 34.6
002406,1.0 6 176.5 116.6 359.1 166.9
002408,0.7 14 70.1 33.7 440.3 233.1 0.6 14 176.9 33.0 438.1 233.0
002409,1.0 14 153.8 25.1 227.6 159.0 0.9 12 66.9 46.5 310.0 271.7
002412,0.9 2 150.0 126.8 242.8 186.2 1.0 4 61.0 0.0 134.5 263.7
002414,0.6 2 202.1 106.8 245.5 145.2 0.6 10 44.5 183.4 266.2 257.7 0.8 8 43.8 143.2 78.1 211.3 0.9 17 270.0 153.5 399.5 237.1 0.8 17 270.9 155.2 399.9 261.7
002416,1.0 6 147.2 111.6 422.3 246.5
002418,0.7 18 119.3 115.7 246.6 155.0
002421,1.0 14 244.9 19.8 322.1 184.2 0.9 12 135.7 65.6 425.6 227.1
002422,0.6 15 67.7 12.3 183.4 396.5 0.5 15 24.2 12.9 184.5 392.8 0.7 15 23.9 10.8 186.8 394.3 0.9 15 23.5 11.0 185.5 484.0
002424,1.0 6 400.9 162.9 489.3 215.1 0.5 6 431.6 166.9 489.4 214.2 0.8 5 165.4 102.5 344.8 198.5
002426,0.7 8 2.3 100.8 229.1 281.5 1.0 14 80.3 25.7 206.6 181.2 0.7 14 128.6 1.9 212.5 42.9 0.5 14 84.0 25.2 225.2 164.8 0.7 17 2.0 23.4 416.4 284.4 0.8 15 400.1 8.2 431.3 34.5 0.7 17 1.6 102.4 416.1 285.0
002428,0.7 14 315.6 0.9 431.9 282.9 0.9 14 305.0 1.1 430.8 136.6 1.0 14 86.3 57.6 238.5 283.8 0.7 11 325.5 86.0 431.9 177.8 0.6 14 199.6 1.3 430.4 283.8
002429,0.8 4 306.4 98.9 337.9 190.0 1.0 14 2.1 25.2 249.5 258.7 0.9 14 248.9 41.3 408.3 213.7 1.0 14 246.3 41.2 411.4 268.3
002430,0.5 7 2.4 21.0 332.9 283.3
002431,0.9 2 160.0 112.5 283.2 175.8
002432,0.9 2 92.0 187.4 171.8 276.0 0.7 2 201.7 266.7 317.5 400.7
002434,0.8 14 112.6 47.9 383.7 250.8 0.9 14 108.6 15.7 499.6 251.7
002438,0.7 14 41.0 288.7 152.0 500.0 0.8 14 1.6 288.0 143.0 500.8 0.8 14 1.6 1.8 247.8 499.0 0.8 14 45.6 2.2 249.3 499.2
002440,0.8 7 36.3 49.6 198.6 499.1 0.6 7 37.0 49.6 248.0 499.5
002446,1.0 14 89.9 104.5 126.0 180.1 1.0 6 168.3 113.2 254.7 178.3 1.0 14 255.5 106.2 287.7 177.9 1.0 6 12.5 116.3 114.6 178.9 1.0 6 289.3 116.8 390.1 175.2 1.0 14 380.1 100.3 414.9 181.2
002447,0.8 11 13.3 55.2 441.3 281.9
002449,0.8 8 1.6 202.4 182.4 252.1 0.7 3 355.4 114.2 399.7 128.1 0.9 3 218.5 140.1 267.6 157.3 0.8 17 202.9 177.4 399.7 250.1 0.9 8 199.3 196.3 341.8 249.0 0.6 17 245.1 179.6 400.2 249.8
002451,0.6 15 55.4 173.5 130.7 250.4 0.9 2 146.9 169.9 245.3 249.5 0.8 2 143.7 194.2 251.8 250.8
002453,0.7 11 9.2 8.5 250.0 96.3 0.7 11 273.1 25.4 491.1 91.6
002455,0.8 14 156.1 89.1 220.5 161.3 0.8 8 172.5 138.2 269.6 258.7 0.5 14 59.8 88.8 169.8 201.2 0.9 14 63.3 87.3 171.7 182.5 0.8 14 152.3 90.2 225.1 203.0 1.0 14 216.3 73.1 313.2 202.7 0.8 17 4.3 133.3 369.2 259.4 0.7 14 82.4 87.1 171.4 179.8 0.8 10 4.9 155.5 361.8 258.6 0.7 14 217.0 72.4 316.6 159.9 0.8 14 217.6 72.8 319.9 202.8 0.8 10 6.3 173.6 361.5 256.2
002457,0.0 0 0.0 0.0 10.0 10.0
002463,0.8 14 93.0 110.1 134.9 264.9 1.0 8 158.5 208.9 203.3 433.3 0.7 14 93.0 110.7 138.3 417.9 0.8 14 1.4 23.6 80.0 462.1 0.9 14 93.1 110.5 137.0 321.3 0.6 8 15.0 213.1 133.3 413.6 1.0 14 1.5 23.1 115.7 461.2 1.0 14 105.3 147.6 182.8 458.1
002464,0.6 12 262.8 75.8 319.6 148.3
002467,1.0 0 30.3 94.3 351.0 172.6
002469,0.5 8 387.8 204.2 444.9 260.5 0.8 19 0.9 98.1 110.9 262.3 0.7 14 183.0 77.1 391.7 261.1 1.0 14 186.9 78.1 323.7 260.1
002473,1.0 1 4.8 8.7 436.6 223.9
002474,0.6 3 115.6 251.2 141.3 276.5 0.9 3 120.8 100.0 165.2 268.1 0.6 3 44.1 231.4 122.6 286.8 0.8 3 130.2 239.1 167.3 264.0 0.8 3 112.6 99.5 141.6 276.7 0.9 3 43.0 86.4 123.1 286.3
002475,0.9 14 226.8 88.6 242.9 112.9 1.0 14 168.2 96.6 203.9 197.8 0.9 1 136.1 148.0 171.5 201.0 0.9 1 278.0 161.8 323.2 218.2 0.9 1 74.2 142.4 127.4 194.0 0.8 6 383.9 159.7 439.4 238.5 1.0 14 71.0 96.7 119.1 181.8 0.9 14 349.3 99.8 365.0 127.9 1.0 14 276.0 118.5 325.4 211.8 1.0 14 139.3 103.9 188.8 195.2 1.0 14 109.1 94.0 142.6 190.3 1.0 14 235.6 99.9 268.3 207.6 1.0 14 165.9 98.1 203.0 200.0 1.0 14 208.2 105.1 254.5 204.1 0.9 1 140.7 147.5 192.1 203.4 1.0 14 304.5 102.5 352.3 216.5 0.9 1 207.0 152.6 247.5 210.5
002482,0.7 15 46.5 331.0 95.3 453.0 0.6 15 17.3 161.7 100.6 426.5 0.8 15 40.5 216.9 100.0 429.2 0.6 8 85.9 406.4 107.8 463.5 0.6 15 53.9 331.9 94.1 420.3 0.9 15 44.4 329.7 90.0 428.3 0.6 8 139.0 379.2 177.8 465.3
002484,1.0 6 105.6 175.7 130.7 189.9 1.0 6 276.6 175.4 350.8 201.0 1.0 6 128.5 175.8 163.8 191.4 1.0 6 189.5 174.6 259.0 199.5 1.0 6 77.1 175.6 111.2 190.3
002485,0.6 11 3.3 24.3 210.0 260.3 0.8 11 265.3 114.3 446.4 261.5
002486,0.5 16 314.2 102.3 398.3 136.1 0.6 2 202.7 77.0 229.8 107.2 0.6 16 398.9 94.1 471.4 123.2 0.6 2 155.3 61.7 173.9 85.2 0.7 16 154.6 83.8 214.2 112.6 0.6 16 235.6 82.4 306.9 113.0 0.6 16 111.4 123.6 214.0 151.8 0.7 2 314.3 98.0 400.9 159.6
002487,0.6 13 94.4 2.9 361.5 245.8
002488,0.6 14 68.9 64.7 174.4 381.3 0.8 14 68.7 65.7 168.3 318.3 0.6 14 14.1 199.8 77.1 322.6 0.7 13 67.3 97.5 225.1 436.3
002489,0.6 17 164.9 35.0 500.4 178.4
002495,0.8 13 62.1 90.1 379.8 236.2
002498,1.0 14 2.5 54.4 157.8 246.9 1.0 14 206.7 58.4 363.8 246.9 0.9 2 310.7 48.3 346.4 94.6
002499,0.9 4 200.8 106.4 227.3 153.2 0.9 14 225.7 0.7 452.7 174.2 0.7 14 225.6 1.1 449.5 81.4 0.9 10 10.0 81.4 448.9 217.0 0.6 14 229.4 0.4 454.8 220.0
002503,0.9 14 163.8 101.0 179.9 154.1 0.6 14 13.8 239.8 95.2 438.5 1.0 14 108.8 53.1 179.3 450.9 1.0 14 16.4 245.7 74.9 339.9 0.7 14 162.8 98.8 180.9 190.8
002506,0.7 10 7.5 241.4 104.0 465.9 0.5 8 88.0 90.6 174.3 465.3 0.8 8 45.8 91.4 119.0 409.0 0.6 8 28.8 92.4 113.4 463.6 0.9 8 125.4 91.5 176.1 377.4
002507,0.7 13 44.2 64.0 431.4 219.2
002509,0.0 0 0.0 0.0 10.0 10.0
002510,0.8 10 155.5 71.0 250.8 109.9 0.9 8 149.7 63.1 207.3 115.4 0.7 8 1.9 82.5 159.3 216.3 0.9 17 160.2 81.6 434.1 212.9 0.5 15 179.1 37.9 212.5 74.7 0.5 15 204.4 110.2 323.4 215.5 0.5 17 163.5 82.5 422.6 144.8
002511,1.0 14 114.0 59.3 176.3 217.1 0.9 12 59.7 86.2 236.0 346.2
002515,0.9 14 299.1 43.1 325.6 63.6 0.9 14 194.3 43.9 238.4 88.8 0.8 17 310.5 117.5 436.0 186.1 0.6 17 370.0 115.7 434.7 185.2 0.8 14 1.0 78.4 20.1 111.1 1.0 14 28.4 70.1 59.3 126.4 1.0 14 54.5 72.2 72.4 106.7 0.5 14 51.1 71.9 67.3 100.9 0.5 14 316.6 37.0 339.4 61.5 0.5 14 299.9 42.8 330.6 84.4
002516,0.8 14 40.6 0.8 82.1 66.0 1.0 14 220.4 21.7 254.3 67.2 1.0 14 167.0 102.3 270.4 242.0 0.6 14 172.0 102.9 265.4 207.4 1.0 14 23.0 53.6 233.9 248.2 0.8 14 119.5 102.8 147.8 129.8 0.5 14 22.6 54.6 278.0 246.6 0.8 19 198.0 5.2 270.1 92.5 1.0 14 258.3 89.4 361.2 242.2 1.0 14 278.0 144.0 394.6 247.0
002517,1.0 6 61.4 47.4 346.1 217.3
002521,0.6 13 199.8 99.6 269.8 153.0
002522,0.7 6 260.4 6.6 496.9 113.3 0.7 6 3.3 7.8 494.0 217.0 0.6 6 126.2 8.7 495.8 211.3 0.8 6 126.6 49.3 494.3 210.5
002526,1.0 6 79.3 83.8 339.4 173.9
002527,0.9 15 4.2 35.6 242.9 498.0 0.6 15 61.1 35.0 240.8 499.1 0.8 15 20.3 46.5 244.3 498.0
002528,1.0 14 233.6 34.5 395.6 233.0
002530,0.9 5 1.3 129.7 110.0 214.3 0.9 5 100.1 78.3 350.2 218.7
002531,0.9 14 288.6 35.9 310.6 65.8 0.6 14 263.7 36.3 302.9 66.7 0.9 14 322.7 36.3 342.5 65.4 0.6 6 343.3 35.5 440.9 71.2 0.9 6 338.2 35.0 441.9 124.9 0.9 6 1.4 94.2 115.6 200.6 1.0 6 15.4 67.6 433.5 264.7 1.0 14 310.1 37.9 332.7 67.1 1.0 14 315.3 36.1 338.6 66.5
002532,1.0 6 71.4 130.0 116.2 151.5 1.0 6 111.8 132.9 156.7 153.2 0.6 18 188.8 96.6 360.5 170.4
002535,0.7 11 126.0 32.2 365.0 175.2
002536,0.9 14 278.4 3.0 317.7 67.2 0.8 14 234.4 9.6 263.2 69.0 0.6 14 5.0 31.7 67.2 85.7 0.9 4 244.6 81.6 264.0 119.1 0.7 14 4.3 31.7 59.7 80.8 0.7 10 1.3 93.5 498.5 222.4 0.7 10 21.1 92.4 491.5 171.2 0.8 14 324.3 3.4 350.1 39.2 0.9 14 313.1 2.2 355.1 105.1
002538,0.5 14 135.5 16.8 271.2 167.6 0.6 14 200.6 28.6 271.4 97.0 0.9 4 193.4 149.7 223.7 216.2 0.9 14 199.7 28.1 272.3 115.5 0.8 14 112.5 1.6 266.7 180.5 0.6 8 76.7 190.2 138.8 228.9 0.9 14 197.3 28.5 270.2 170.5 0.7 14 103.6 0.9 213.0 117.0 0.9 14 114.6 1.1 264.5 228.6 0.7 10 87.6 170.6 496.6 228.5
002541,0.9 11 33.2 43.2 472.9 194.2
002543,1.0 6 138.1 168.8 252.6 220.3 0.9 6 0.9 181.7 55.5 222.7 0.8 6 1.7 170.0 156.1 220.4 0.9 6 243.3 168.5 304.1 210.1 1.0 6 1.5 168.2 252.0 221.9 0.5 6 257.8 168.9 377.6 217.1 0.9 6 260.0 165.4 462.2 215.3 0.9 6 244.6 168.3 302.3 193.4 0.7 6 261.1 157.8 500.3 217.9
002548,1.0 6 29.2 44.1 222.8 153.9 1.0 6 221.8 75.8 318.5 138.4 1.0 6 336.1 78.6 443.8 144.7
002550,0.6 14 21.8 45.4 221.1 499.4
002551,1.0 14 101.7 0.9 195.4 106.4 1.0 14 96.0 34.9 293.5 200.0 0.8 14 1.7 7.7 106.5 182.9 0.8 14 456.5 47.5 499.7 145.3 0.6 14 456.6 47.3 499.9 220.0 0.6 14 1.0 91.3 79.3 178.7 0.6 14 98.7 -0.6 195.9 170.4 0.8 14 465.3 3.5 499.5 54.9 1.0 14 1.4 6.0 88.6 108.6 1.0 14 254.9 45.7 476.5 222.0
002552,0.6 11 68.0 212.0 114.5 307.8
002553,0.7 12 2.0 17.0 400.6 286.9
002556,0.8 4 60.5 43.5 235.6 219.8
002557,0.5 15 248.8 43.4 296.2 85.5 0.8 15 141.0 34.5 237.0 131.1 0.8 15 181.8 137.9 296.2 250.7 0.9 15 204.9 141.7 258.8 196.3 0.9 15 38.1 0.8 90.4 48.3 0.9 15 365.3 53.7 412.5 128.3 0.7 15 82.0 127.1 152.5 191.9 0.8 15 301.4 46.9 352.5 97.9 1.0 15 31.1 104.8 99.2 185.6 0.7 15 104.3 0.9 231.4 59.6 0.7 15 121.0 125.5 196.0 174.9 0.8 15 211.2 113.4 302.1 197.8 0.9 15 50.9 49.8 142.3 101.1 0.8 10 26.4 115.7 373.6 258.8 0.9 15 299.4 114.7 367.4 201.0 0.9 15 102.0 2.0 232.9 105.7 0.7 15 81.3 142.7 121.5 190.0 0.7 10 33.2 151.7 372.1 262.3 0.8 15 252.1 113.8 298.7 184.0 0.9 15 246.6 33.3 366.3 103.4
002560,0.9 4 92.8 78.4 173.7 483.9 0.8 4 1.5 301.3 87.1 480.4 0.7 4 3.2 9.6 109.7 316.1 0.5 4 93.2 80.7 169.4 425.3
002562,1.0 14 159.2 51.2 236.8 218.0 1.0 14 108.4 32.8 168.2 196.8 0.7 14 107.7 32.5 168.5 211.1 0.9 6 29.5 56.1 445.3 235.0 0.9 6 221.9 60.8 447.5 235.4
002568,0.6 14 265.6 0.9 300.4 52.7 0.9 14 201.3 1.0 238.6 59.2 0.7 14 471.8 8.5 499.9 155.5 0.9 14 245.2 1.0 293.5 53.9 0.7 14 100.0 11.9 141.3 74.6 0.6 14 113.7 13.1 146.9 73.4 0.8 13 84.0 40.3 394.9 250.8 0.7 13 83.5 30.7 453.3 251.1 0.9 14 157.6 0.9 198.0 66.9
002570,0.5 11 0.3 117.5 203.9 500.4 0.9 14 26.0 2.1 248.6 498.9
002573,1.0 14 287.2 88.8 309.0 118.9 0.8 14 237.1 93.3 260.4 133.5 0.8 12 167.8 112.0 234.7 205.6 0.7 12 100.3 115.6 166.4 202.4 0.6 12 51.0 127.1 120.2 186.6 0.5 12 330.1 114.2 444.8 195.3 1.0 14 79.3 98.5 122.1 146.2 0.6 14 79.8 94.5 99.1 134.4 0.8 12 102.9 110.9 235.0 206.4 0.9 14 238.6 92.5 259.1 119.2 0.6 12 331.8 114.3 445.3 196.1 1.0 14 142.8 88.7 181.8 169.7 0.6 12 227.2 103.8 277.7 134.2 0.5 12 53.0 117.2 162.6 199.6 0.6 14 77.8 95.4 102.5 146.0 0.5 12 279.3 118.8 346.2 177.4 1.0 14 373.1 87.1 414.7 167.3 0.6 12 282.2 112.1 447.5 196.1 0.5 12 272.8 99.6 324.9 130.3 1.0 14 324.2 90.3 355.9 133.8
002574,0.8 11 103.0 51.4 304.9 222.0
002575,0.8 8 13.7 206.9 65.3 266.0 0.6 4 378.6 172.8 399.8 223.0 0.9 4 381.6 230.3 401.3 278.6 1.0 4 364.9 206.9 383.6 265.2 0.8 14 216.9 107.6 284.1 209.4 1.0 14 153.6 99.4 229.8 263.8 1.0 4 275.5 234.0 317.0 285.6 1.0 14 214.1 105.7 285.3 274.8 0.9 14 245.7 92.1 364.6 274.0 0.9 10 72.8 200.2 442.4 280.7 0.9 8 17.8 179.7 69.5 264.4 1.0 14 249.3 91.7 366.9 250.7 0.8 14 213.5 105.5 285.2 275.8
002576,0.8 12 140.9 83.5 391.5 240.7
002577,1.0 6 30.8 43.7 417.8 233.3
002580,0.5 3 127.8 15.7 164.8 108.2 0.7 0 58.4 163.6 323.8 248.4
002581,0.6 8 367.0 135.8 445.5 282.3 0.8 8 393.5 135.6 445.3 235.9
002582,0.9 14 17.9 286.7 27.7 316.6 1.0 14 234.4 270.0 250.1 371.2 1.0 14 218.8 294.1 233.2 363.8 1.0 14 211.4 271.8 226.8 350.4 1.0 14 86.6 337.1 112.7 443.3 1.0 14 27.8 323.6 55.6 454.8 0.6 5 52.7 63.4 250.3 406.5 0.7 14 229.8 272.1 244.3 367.8 0.8 14 28.3 283.4 37.5 313.7
002583,1.0 6 56.0 197.1 347.7 283.3 0.8 6 70.3 61.9 403.0 188.3
002587,0.7 14 123.0 10.0 148.2 65.5 0.6 9 71.1 55.8 215.6 175.2 0.5 9 310.0 24.0 443.9 113.5 0.5 9 1.2 31.8 100.4 192.8
002588,0.9 14 12.3 63.2 217.6 251.4 0.9 14 184.5 29.7 434.1 251.6
002591,0.8 14 158.9 0.6 233.2 132.7 0.6 14 210.5 10.3 280.3 141.3 0.9 14 152.7 10.1 283.3 213.3 0.8 14 167.0 0.7 233.4 64.7 0.6 14 19.4 32.9 416.3 243.6 0.8 14 198.4 9.0 282.1 212.8 0.9 14 211.1 34.4 417.4 243.6
002592,0.8 14 34.5 11.1 209.1 98.6 0.7 14 33.8 10.9 206.1 142.3 0.6 14 33.6 11.4 148.1 96.8 0.6 14 95.9 30.4 229.0 216.2 0.6 14 280.1 2.4 404.8 179.7 0.5 14 158.0 60.4 223.2 139.9 0.7 14 34.6 11.4 215.4 170.1 0.7 13 32.6 79.6 421.0 222.5 0.7 14 244.5 2.3 416.5 190.6
002596,0.8 12 33.7 211.6 197.4 434.4 1.0 14 131.0 124.3 158.7 258.6 1.0 14 90.9 151.6 133.3 333.3 0.5 12 32.9 152.7 202.4 435.1 0.9 12 75.2 152.8 202.9 424.3 0.5 14 101.3 152.6 140.8 331.7 0.8 12 33.8 213.4 204.1 433.5
002597,0.8 11 84.5 115.3 354.0 241.3 0.7 11 84.6 39.8 339.1 158.4
002601,1.0 19 1.4 52.0 113.2 184.5 0.5 19 101.9 9.0 162.8 50.7 0.5 11 166.3 100.4 444.9 250.6 0.8 19 309.2 -0.2 443.7 81.7
002602,1.0 14 138.4 16.0 270.1 177.1 0.7 6 69.9 0.5 357.8 41.6 0.5 12 145.4 95.4 318.0 197.7
002604,1.0 14 17.6 65.2 166.8 328.4 0.9 14 6.1 64.5 167.5 373.1 1.0 14 191.3 101.6 354.4 303.4 0.9 10 6.7 284.1 345.5 375.7
002607,0.0 0 0.0 0.0 10.0 10.0
002608,1.0 19 235.8 180.9 371.2 331.1
002610,0.9 8 67.6 312.2 202.4 374.8 0.7 2 171.9 171.5 222.4 257.7 0.9 8 189.8 307.6 306.6 373.3
002612,0.5 14 290.1 36.8 315.6 71.1 0.9 14 197.7 118.7 243.7 279.9
002614,0.5 14 256.9 149.6 314.0 315.1 0.9 14 64.0 179.3 156.2 332.2 1.0 14 336.1 152.0 472.1 332.2 1.0 14 332.9 147.3 402.5 285.0 0.9 14 298.6 150.2 349.3 250.3 0.9 14 297.9 150.3 347.9 291.7 1.0 14 138.2 170.4 203.1 332.2 0.8 14 260.4 150.3 305.8 224.2 0.6 14 2.0 181.2 119.8 332.5 0.7 14 358.1 91.6 427.2 163.9 0.9 14 139.3 168.6 202.9 267.6 0.8 14 105.7 180.4 155.8 332.7 1.0 14 255.8 149.0 309.9 246.7 1.0 14 81.0 165.2 120.7 224.6 1.0 14 2.5 178.4 183.8 333.2 0.9 10 151.4 218.3 446.0 333.3 0.8 14 390.4 152.7 474.3 331.7 0.6 10 155.9 248.0 434.5 333.2 0.8 14 256.2 149.2 311.1 259.2 0.9 14 356.3 91.5 482.7 241.2 0.9 4 294.8 216.0 313.0 283.6
002616,0.8 7 16.7 19.0 377.7 244.1
002617,0.5 8 24.1 268.0 148.6 375.2 0.6 8 17.1 133.8 124.1 270.0 0.6 8 272.6 140.4 324.4 289.1 0.9 8 42.9 135.3 132.2 269.0 0.8 8 13.1 129.3 132.1 373.7 0.7 8 230.6 81.9 321.1 287.4
002619,0.6 4 39.3 177.5 102.2 246.3 0.7 4 35.8 154.5 93.6 216.1
002620,0.8 4 14.3 181.2 44.8 386.4 0.7 11 29.7 220.0 215.4 419.3 1.0 14 105.1 24.7 222.2 499.2
002622,1.0 6 262.7 196.4 307.2 218.6 0.7 14 465.1 125.0 483.6 146.2 1.0 6 150.6 205.5 192.8 221.2 1.0 6 13.0 206.3 73.7 223.1 1.0 6 221.4 199.0 263.3 219.7 1.0 6 186.9 200.7 226.1 220.7 0.6 6 81.6 208.7 114.7 221.4
002623,0.6 9 355.4 166.4 447.1 236.4
002624,0.9 14 85.3 94.9 209.2 249.3 0.8 14 92.7 95.0 284.0 249.7 1.0 14 226.0 99.4 321.9 173.1 0.9 14 94.9 94.8 259.1 251.2 0.6 14 366.5 140.5 440.4 180.6 0.9 10 205.6 160.6 442.0 249.3
002626,0.8 14 144.8 254.3 160.2 321.0 0.8 14 0.7 305.2 10.8 377.2 1.0 14 61.2 241.6 89.8 337.9 0.6 14 162.3 257.2 184.9 317.7 1.0 14 116.0 239.4 150.5 349.8 1.0 14 0.8 251.4 18.7 374.0 0.9 14 162.3 257.3 185.3 335.4 1.0 14 19.1 251.7 45.0 375.8 0.9 14 91.2 264.9 104.1 301.2 0.7 14 47.4 271.9 70.6 338.7 1.0 14 173.3 252.0 209.1 371.4 0.5 1 174.1 326.0 216.5 394.3 1.0 14 192.9 221.5 254.8 445.4
002628,0.9 3 54.5 111.6 109.0 181.4 0.6 3 151.4 55.5 218.6 187.9 0.9 3 155.5 48.8 302.9 204.6 0.7 3 55.5 166.5 107.0 177.9 0.6 3 152.2 163.5 223.7 185.8 0.8 3 219.1 35.3 304.1 204.7
002629,0.9 2 186.2 121.3 326.3 202.2 0.6 2 276.6 114.4 330.7 133.1
002630,0.9 2 74.8 27.1 263.9 223.3 0.6 2 318.3 48.1 416.6 224.3 0.9 2 319.6 48.4 484.1 225.3
002631,0.7 14 65.0 82.4 170.6 259.8 0.5 13 49.4 176.3 201.9 424.7 0.9 14 65.2 84.8 189.4 312.4 0.5 13 51.6 218.7 132.3 420.2 1.0 14 13.4 132.8 120.1 424.9 0.7 13 71.9 171.9 226.2 427.9
002638,0.5 19 77.2 47.5 118.2 70.7 0.8 19 198.2 48.8 250.0 99.2 0.7 19 137.9 48.5 189.2 102.4 0.9 8 76.0 82.3 159.6 250.6 0.9 19 121.4 48.5 191.9 104.3 1.0 8 194.1 116.8 307.3 249.9
002639,0.9 14 281.7 107.0 296.6 126.5 0.9 14 41.1 95.7 67.9 121.3 0.7 14 352.0 107.8 371.7 138.3 1.0 14 162.6 102.5 220.6 201.1 1.0 14 213.6 97.3 275.2 201.0 0.6 10 -1.2 188.1 446.2 247.6 1.0 14 305.6 104.5 360.6 190.4 0.9 14 218.5 149.9 261.9 210.6
002640,0.9 1 52.0 1.5 448.4 170.5 0.6 1 205.3 -0.1 451.4 169.8
002642,0.0 0 0.0 0.0 10.0 10.0
002644,0.5 11 134.2 283.4 172.2 323.9 0.9 8 134.3 177.5 180.5 314.0 0.6 8 92.8 200.1 128.3 309.0 0.7 8 101.9 176.6 178.1 312.6 0.8 10 101.2 245.6 175.6 318.8
002650,1.0 8 288.3 65.3 354.1 138.6 0.9 8 200.0 47.5 276.8 136.2 0.7 11 34.8 88.9 129.1 129.9 0.8 10 222.7 132.1 445.8 251.3
002651,1.0 14 225.0 42.7 444.4 282.7
002652,0.8 14 172.8 1.0 277.4 135.6 1.0 14 173.4 0.7 279.1 237.2 0.6 12 136.8 84.0 352.0 252.0
002654,0.8 17 6.4 181.3 398.4 284.3
002655,1.0 14 129.0 38.6 212.0 166.8 0.8 12 68.3 61.8 324.0 215.6 0.8 14 87.5 146.8 128.5 293.7 0.9 12 68.8 61.2 324.7 288.7
002656,0.8 14 122.8 214.2 138.1 249.7 0.6 15 146.2 71.5 196.3 148.0 0.7 14 1.7 161.9 35.6 229.9 1.0 14 62.2 90.7 136.2 489.4 1.0 14 175.1 98.8 245.6 451.5
002660,0.6 14 110.7 90.8 269.5 277.7 1.0 14 109.0 92.7 243.2 195.9 0.5 7 217.1 -0.6 444.2 187.7 1.0 14 205.4 122.5 442.6 282.8
002661,0.9 0 2.6 100.2 481.8 174.1
002663,0.0 0 0.0 0.0 10.0 10.0
002665,0.9 6 299.1 111.5 340.4 134.9 0.8 6 166.1 123.8 246.7 153.7 0.5 5 170.0 105.6 289.7 149.9 0.6 0 244.0 76.4 483.6 138.5 1.0 14 287.7 112.8 304.2 138.7
002671,0.9 14 110.5 35.6 225.4 246.8 1.0 14 2.4 34.3 224.2 250.4 1.0 14 211.2 86.3 444.3 249.5
002672,0.7 2 3.4 108.6 316.1 285.2 0.6 2 1.7 42.0 313.5 286.6
002673,0.7 14 158.4 40.0 308.1 181.0 0.7 14 197.7 41.3 279.9 140.9 0.7 14 150.7 41.4 308.6 241.8 0.6 14 189.8 40.4 304.1 173.4 0.8 14 140.0 53.1 212.7 180.5
002674,0.8 8 107.6 180.9 145.0 217.3 0.7 8 332.3 214.6 389.6 249.7 0.8 8 5.2 193.5 87.9 249.3 0.7 14 342.7 162.9 365.7 192.6 0.5 8 300.6 206.5 358.3 247.6 1.0 14 413.1 151.1 441.9 200.1 0.7 8 150.5 192.3 199.5 247.8 0.9 14 240.7 168.4 257.7 192.2 0.7 14 416.3 155.5 445.2 236.0 0.9 8 150.8 206.1 235.2 249.5 0.5 10 158.5 188.6 287.4 220.5 0.9 10 1.6 196.1 96.7 240.3 0.9 8 38.6 192.3 90.7 249.3 0.7 10 199.2 192.0 285.4 221.2 1.0 14 75.9 163.6 97.3 184.6 0.8 8 1.2 203.6 52.6 250.6 0.7 8 405.1 212.6 442.9 249.7 0.6 8 157.7 183.8 196.7 219.0 0.8 10 227.4 213.9 344.2 250.3 0.6 8 273.1 188.4 299.1 218.0 1.0 14 313.3 165.8 340.4 206.6
002676,0.7 9 286.1 167.9 338.2 204.2 0.6 9 203.2 167.3 245.7 204.3 0.5 9 346.9 163.5 385.3 198.1 0.7 9 236.0 167.0 284.9 203.8
002679,0.8 5 89.1 18.5 375.0 249.6
002681,1.0 6 6.7 180.3 216.8 451.3
002685,0.6 2 145.4 68.6 184.6 106.6 0.9 2 115.5 54.8 143.1 98.2 0.8 2 19.1 92.4 110.1 168.7 0.7 2 152.3 63.4 180.4 97.5 0.9 2 77.2 163.8 247.2 357.8 0.9 2 147.1 72.9 204.2 167.3 0.6 2 1.9 99.0 106.1 256.3 0.6 2 145.5 70.9 184.8 111.9 0.9 2 153.4 104.0 207.1 168.5 0.9 2 211.1 104.9 262.1 199.5 0.8 2 334.4 175.6 402.0 288.9 0.9 2 286.4 66.1 335.9 156.6
002686,0.8 14 206.0 130.8 259.6 221.5 0.8 13 101.8 176.1 265.9 343.5 1.0 14 139.2 157.1 230.4 344.5 0.7 13 101.5 209.0 184.1 337.3 0.8 13 101.2 186.5 287.9 345.9 0.9 14 202.6 128.8 261.8 328.8 0.9 13 180.9 209.7 289.9 345.5
002687,0.6 14 24.6 170.1 165.1 355.4 0.9 14 2.1 77.4 305.2 354.5 0.8 14 35.9 79.4 325.1 352.9 0.7 14 228.4 84.7 328.2 184.6
002688,0.0 0 0.0 0.0 10.0 10.0
002692,0.9 14 137.1 185.6 172.1 364.8 0.8 14 137.5 184.8 172.8 325.3 0.8 14 165.6 178.0 225.2 365.9 0.9 12 151.9 162.7 220.7 380.9
002694,0.7 7 227.1 154.1 367.8 263.5 0.8 7 2.8 45.1 199.0 271.2 0.5 14 66.9 1.1 388.7 355.5
002698,0.9 1 41.3 1.4 473.5 273.7
002700,1.0 14 204.0 56.3 322.8 356.1 0.9 12 213.7 141.4 328.7 355.7
002701,1.0 6 136.9 199.3 307.6 240.9 0.8 14 74.2 196.3 92.5 236.4 1.0 6 338.4 192.9 499.9 236.7 1.0 14 336.0 190.5 355.3 218.6 1.0 14 109.4 195.4 134.8 230.4 0.7 14 128.2 194.7 145.2 227.4 0.9 14 30.7 204.9 48.5 229.3 1.0 14 6.1 202.7 27.6 243.9 0.8 14 69.5 198.2 85.1 235.9 0.7 14 125.2 195.6 143.1 228.3 0.9 14 64.9 198.6 78.0 223.2 0.9 14 282.2 193.8 296.7 211.1
002703,0.9 0 100.1 133.9 163.6 175.0 0.9 6 159.0 152.1 228.5 176.0
002705,0.9 14 390.3 26.2 444.6 172.6 1.0 4 288.8 215.1 325.7 283.0 0.8 14 360.2 25.3 444.4 163.5 1.0 14 39.9 40.8 196.3 281.6 1.0 14 166.2 74.5 385.3 262.9 0.6 8 343.9 65.8 440.8 242.1 0.8 8 1.3 144.9 48.6 262.5 0.6 10 82.9 238.5 424.9 283.3 0.8 14 367.7 26.9 443.2 201.1
002707,1.0 0 99.6 74.4 494.6 179.6
002708,0.6 14 15.3 93.5 378.8 251.8 0.5 8 282.0 113.0 374.7 223.4
002711,0.6 14 228.7 30.1 310.8 96.4 0.7 14 317.6 214.5 346.8 247.1 0.8 14 396.6 67.9 440.0 210.0 0.7 4 1.5 187.8 58.0 281.0 0.7 14 369.9 44.6 426.0 139.8 0.7 14 317.9 38.2 415.7 139.1 0.8 14 220.2 168.2 272.6 218.6 0.6 14 53.4 85.1 82.0 127.5 0.7 14 164.8 71.4 191.4 107.0 0.9 14 340.1 39.5 424.1 234.9 1.0 14 317.6 39.8 384.3 138.0
002712,1.0 14 67.1 74.8 167.4 331.9 0.6 14 64.9 77.3 173.8 498.1 0.9 4 30.9 184.9 45.2 239.5 0.9 4 161.5 212.2 193.7 377.0
002716,0.8 6 0.0 130.3 204.0 223.6
002719,0.9 14 142.8 109.0 184.5 165.6 0.9 14 128.2 98.8 150.7 126.9 0.7 0 44.6 100.9 439.0 332.8
002720,0.0 0 0.0 0.0 10.0 10.0
002724,0.8 8 172.4 165.4 212.5 225.9 0.9 8 280.1 197.0 389.8 355.8 0.6 8 280.1 201.0 444.2 360.9 0.6 8 295.9 170.3 365.2 302.1 0.8 8 362.8 197.2 445.6 323.1 0.7 8 77.7 175.1 136.7 239.9 1.0 8 1.2 213.4 139.8 356.9 1.0 10 44.9 199.3 345.7 360.2 0.5 10 44.0 200.2 346.1 361.6 0.9 8 60.0 174.3 137.2 317.9 0.5 8 362.9 197.6 445.5 356.0 0.9 8 161.9 213.8 318.7 358.1
002725,0.6 7 2.3 -0.2 457.4 351.0
002726,0.6 14 193.3 162.5 266.1 355.2 0.5 14 189.0 214.3 268.8 355.7 1.0 14 139.8 191.4 197.8 356.6 1.0 14 289.7 129.4 372.4 356.6 1.0 14 361.4 134.1 442.1 347.9 0.8 14 196.3 213.6 268.0 354.9
002728,0.8 14 329.3 0.5 499.5 324.9 0.9 14 61.5 45.8 131.6 159.2 0.9 14 2.6 2.2 226.0 317.7
002729,1.0 14 446.8 31.5 499.7 307.7 0.5 13 231.6 97.8 464.9 319.2 0.6 14 380.3 45.5 450.2 136.2 0.9 6 33.2 87.0 251.8 224.5 0.6 13 240.5 147.3 464.7 319.1 0.8 6 37.2 86.0 197.7 222.8 1.0 14 382.3 45.7 450.4 172.7 0.5 13 165.1 98.6 469.0 320.2
002731,0.8 14 425.5 174.1 445.7 228.2 1.0 14 235.1 3.1 275.7 174.9 1.0 14 274.4 150.4 330.6 258.3 0.7 1 249.2 206.1 341.2 283.4
002733,1.0 6 40.6 39.0 428.9 205.6
002736,0.8 7 6.1 56.3 225.3 496.9
002739,0.7 13 282.2 32.3 314.7 59.4 1.0 14 126.2 127.4 186.2 239.2 0.9 14 288.1 18.9 311.7 54.9
002740,0.6 7 35.2 92.3 231.8 216.8
002742,1.0 14 99.0 36.0 178.5 216.6
002743,0.8 8 340.2 208.4 399.4 281.4 0.8 4 358.8 65.2 397.8 160.2 0.8 4 190.8 72.6 235.9 171.7 0.5 15 1.9 65.4 82.4 175.6 0.7 8 15.3 207.5 83.2 281.9 0.7 15 230.4 1.5 392.0 178.6 0.5 14 326.1 80.4 372.0 162.3
002746,0.5 6 58.0 46.1 353.7 85.7
002748,0.9 14 25.4 129.5 36.2 146.9 1.0 6 47.1 112.4 148.4 210.2 0.9 6 138.9 32.2 378.9 282.0
002750,1.0 14 185.2 61.2 278.6 250.4 1.0 14 18.7 83.2 39.4 107.9 1.0 14 124.6 54.3 193.0 250.6 1.0 14 264.5 58.4 348.5 250.6
002752,0.6 11 186.0 120.1 283.7 154.4 0.8 8 34.0 141.1 182.2 250.5 0.7 6 203.2 92.2 302.3 125.5 0.9 8 323.2 130.1 377.2 247.6 0.9 6 199.4 92.3 262.3 126.0 0.8 8 123.8 140.5 182.6 230.3 0.5 17 189.7 122.4 295.4 177.8 0.7 6 156.5 90.7 180.2 125.9 0.7 8 177.5 128.2 250.8 207.9 0.9 8 200.1 134.3 302.5 210.6
002753,0.8 15 244.7 145.0 277.3 166.9 0.7 8 89.3 174.2 206.9 243.4 0.9 8 88.1 145.9 207.6 242.2 0.7 2 22.3 103.2 105.3 138.1 0.9 10 216.4 153.6 296.7 232.2 0.9 8 327.9 134.0 423.6 236.9
002754,1.0 0 47.1 30.7 453.6 143.4
002756,1.0 14 101.6 167.0 122.2 229.3 0.8 14 126.5 171.0 136.2 200.1 0.9 14 52.4 169.5 63.7 198.9 0.8 14 112.2 170.2 124.6 227.5
002758,0.9 6 175.3 116.7 231.2 151.8 0.9 6 332.0 133.5 444.8 248.2 0.9 6 32.0 108.8 150.7 169.6 1.0 6 243.5 113.1 294.9 155.3 0.9 6 31.4 122.1 151.9 169.7 0.7 6 243.0 113.5 294.5 157.9 0.5 6 346.3 128.8 445.6 172.7 0.8 6 233.0 132.4 443.1 250.2 1.0 6 294.3 114.5 343.0 149.5
002761,1.0 14 165.1 53.4 374.6 221.9
002764,0.6 14 118.7 324.6 135.2 346.8 0.8 3 84.4 111.4 145.9 355.0 0.9 3 28.3 108.6 138.6 356.1 0.9 14 110.0 309.4 124.3 341.5
002768,0.5 11 262.8 197.8 330.1 288.5 1.0 14 310.3 69.1 398.3 299.6
002769,0.8 0 10.1 45.7 488.2 280.8 0.8 0 11.8 128.0 488.7 273.6
002770,0.6 9 67.0 196.8 145.7 261.7
002771,0.6 18 94.4 34.7 264.0 244.2 0.5 18 65.9 28.6 273.0 245.9 0.6 18 30.9 28.3 266.6 245.4
002773,0.9 4 127.1 73.4 145.3 136.1 0.8 4 115.2 136.4 132.6 191.3 1.0 4 10.5 231.3 36.7 316.9 0.6 4 396.3 204.0 416.0 269.4 0.7 4 396.1 208.4 419.5 332.2 0.9 4 102.3 134.3 121.4 202.8 0.7 4 136.4 77.6 151.6 139.3 0.7 4 80.5 224.3 107.9 375.8 0.8 4 43.9 322.8 69.3 375.2 0.9 4 87.7 222.7 106.8 294.8 0.9 4 161.8 88.0 182.3 141.9 1.0 14 101.5 147.7 218.5 373.6 0.6 4 394.5 199.3 408.9 246.0 0.8 4 68.8 320.5 89.4 375.3 0.9 4 105.3 134.6 124.5 202.0 1.0 4 76.8 222.9 99.4 297.5 0.9 4 66.7 48.2 87.4 119.5 0.9 4 5.0 15.5 29.1 107.4 0.9 4 34.8 123.6 61.8 205.7 0.7 4 418.5 213.2 440.6 278.9 0.9 4 111.7 135.5 130.5 198.6 0.9 4 55.3 128.4 76.4 203.9 0.5 14 195.5 87.8 281.5 363.9 1.0 14 200.0 85.0 399.2 373.5
002777,1.0 8 184.9 221.8 247.7 324.9 0.6 8 303.8 246.1 368.7 374.6 0.5 8 403.0 241.4 443.5 374.7 0.6 8 134.1 218.8 183.6 312.3 0.9 8 244.1 193.5 282.9 270.2 0.9 10 186.9 189.0 292.2 274.9 0.9 10 15.9 218.2 187.9 374.2 0.8 14 65.1 208.3 94.9 236.1 0.6 10 269.6 292.7 440.2 374.6 0.6 8 272.7 243.0 423.6 375.3
002780,1.0 14 1.4 90.7 106.1 304.6 0.7 12 255.5 94.3 474.1 272.4
002781,1.0 14 199.9 77.7 268.2 174.0 0.9 14 207.6 145.3 281.0 359.5 0.7 14 280.0 171.9 338.6 359.3 0.8 14 345.2 93.6 407.9 358.9 1.0 14 311.3 134.2 389.9 358.3 1.0 14 250.2 171.5 336.7 359.8 1.0 14 139.6 112.1 213.8 360.5 0.8 14 344.8 93.6 409.4 359.1 1.0 14 77.2 125.7 150.1 359.6 0.7 14 199.5 79.0 268.9 236.8 1.0 14 129.8 90.2 166.6 162.0 1.0 14 14.8 111.5 78.5 359.6 0.5 14 127.2 90.6 168.6 223.5 0.9 14 304.9 129.1 347.0 358.9 0.5 14 355.2 150.2 408.3 359.2 0.8 14 269.8 89.7 323.5 225.3 0.9 14 211.5 144.9 279.4 295.3 0.8 14 342.7 94.8 403.9 304.9 1.0 14 203.3 226.3 310.3 360.7 0.9 14 270.8 88.9 322.4 183.2
002787,0.8 7 133.5 147.9 361.2 283.7 0.8 7 78.4 43.6 215.1 204.2 0.6 8 10.5 6.9 406.7 279.1
002788,0.7 8 5.2 119.5 59.9 203.2 1.0 14 232.2 49.9 255.7 86.2 0.9 14 342.0 53.5 472.6 249.7 1.0 8 124.2 145.9 199.6 235.0 0.7 8 3.1 104.4 53.8 189.3 0.9 10 54.2 106.0 231.3 170.2 0.9 8 31.2 139.0 131.1 229.2 0.5 10 2.8 86.5 124.2 118.6 0.5 8 23.8 132.7 129.7 225.5 1.0 14 237.9 51.8 322.5 250.4 0.6 14 237.3 53.0 321.2 152.4 0.9 14 265.4 53.0 471.8 250.9
002789,0.6 9 54.9 102.1 171.2 160.1 1.0 14 383.1 96.5 421.9 160.4
002790,1.0 14 19.6 238.4 31.6 281.5 0.9 6 41.4 253.2 71.5 310.1 0.7 12 60.1 80.9 168.8 501.1 0.7 14 174.2 173.3 236.6 311.1 0.6 14 37.7 239.6 49.8 280.5 0.7 14 177.0 172.2 237.6 237.9
002792,0.9 19 26.3 22.7 212.1 140.6 1.0 14 2.4 34.0 188.1 281.5 1.0 14 162.5 55.6 313.4 282.3 0.8 10 200.6 169.6 410.9 279.8 0.8 14 309.3 47.6 398.3 213.5 0.7 14 307.0 105.0 399.6 277.5 1.0 14 311.5 46.3 396.3 146.7
002793,0.9 6 269.4 167.6 418.0 215.8 0.9 6 108.4 185.9 241.1 224.5 0.9 6 102.8 187.1 241.1 269.5 1.0 6 3.8 191.4 117.0 225.9 0.7 13 275.9 75.3 395.9 132.7 0.8 6 243.2 162.8 417.3 266.6
002797,1.0 14 321.4 127.3 355.4 187.3
002799,0.6 15 136.4 24.8 269.5 159.8 0.7 19 322.7 1.1 378.7 46.0 0.8 10 69.8 100.1 418.7 282.7 0.7 10 2.0 90.6 417.6 302.9
002802,0.0 0 0.0 0.0 10.0 10.0
002805,0.5 11 39.7 6.2 241.9 254.0
002806,0.9 13 204.8 73.7 464.0 191.6 1.0 14 254.5 44.8 417.6 173.8
002808,1.0 6 0.7 132.6 70.1 214.3 0.9 6 180.2 100.7 244.8 247.1 0.6 6 178.8 104.8 246.7 169.7
002809,0.6 8 22.2 197.5 64.2 254.0 0.9 8 0.9 225.2 78.3 336.7 0.6 8 0.7 329.1 182.8 453.3 0.9 19 222.7 222.8 279.7 294.0 0.9 8 105.8 277.4 194.1 439.9 0.9 19 220.0 218.6 251.0 289.2
002811,0.7 2 99.1 73.4 238.1 494.7
002813,0.9 15 41.9 93.7 145.4 174.2 1.0 14 201.5 85.3 287.7 173.0 0.8 10 1.2 135.1 233.8 224.1 0.9 8 196.5 118.2 345.9 229.0
002814,0.9 6 31.6 203.8 239.9 376.1
002818,0.7 9 349.6 207.8 388.7 260.8 0.5 9 110.1 212.4 137.6 259.4 0.5 9 134.3 222.0 162.9 273.8 0.6 9 1.9 208.6 48.0 261.7 0.6 9 69.0 216.8 107.6 270.5 0.5 9 208.4 207.2 274.2 268.6 0.7 9 271.1 209.9 340.1 284.4
002819,0.7 12 365.2 136.2 420.5 284.8 1.0 14 178.0 35.4 274.0 209.0 0.9 12 64.5 64.2 355.9 364.9
002821,1.0 14 201.6 124.7 223.3 192.5 1.0 14 167.7 144.4 209.1 307.7 1.0 14 218.6 157.3 289.4 344.3 1.0 14 233.1 158.8 283.7 335.8
002822,1.0 0 175.7 103.4 209.6 124.3
002823,0.9 14 125.4 248.8 204.8 367.0 0.5 13 80.7 293.2 201.9 375.0 1.0 14 202.0 151.7 290.1 350.6
002824,0.7 14 1.7 12.6 380.9 430.5 0.8 14 0.8 92.5 162.5 430.0 0.9 14 8.7 12.2 382.2 430.1
002825,0.8 2 1.4 80.5 90.7 209.9 0.8 2 2.6 130.9 374.1 331.8
002828,0.5 12 190.9 47.9 338.7 260.4
002829,1.0 6 36.1 42.1 401.5 237.4
002830,0.6 13 173.6 2.8 232.7 51.9 0.9 13 350.9 1.3 439.3 68.1 0.7 14 165.4 43.0 283.6 154.6 0.8 13 1.6 16.9 58.7 63.1 0.9 14 106.7 46.0 284.8 212.5 0.9 13 6.8 88.7 286.2 221.8 0.6 13 173.5 1.7 262.9 52.5 0.9 14 164.6 40.7 283.5 212.7
002831,0.7 11 45.2 130.3 173.9 434.1 0.5 11 2.6 62.2 169.2 430.4
002832,0.9 14 151.8 91.8 167.9 135.1 0.6 14 92.0 96.6 108.6 152.1 0.9 14 116.5 93.0 136.4 144.8 0.8 14 142.3 91.8 158.4 137.8 0.7 14 21.8 82.2 47.9 174.5 1.0 14 2.2 80.6 39.3 176.1 0.8 14 117.3 88.7 134.0 144.5 1.0 14 119.6 88.6 138.7 143.6 1.0 14 70.2 114.9 94.1 164.8 0.7 14 59.6 58.9 88.6 163.0 1.0 14 40.0 56.8 86.0 196.3 0.9 14 58.2 59.5 89.6 168.6 1.0 14 132.6 91.1 150.9 141.5 1.0 14 91.5 96.9 107.6 129.8 0.8 5 167.9 53.5 312.6 156.5 0.6 5 305.2 41.5 500.1 168.7
002837,0.6 12 137.7 90.2 276.1 231.2
002839,0.5 14 209.2 0.8 307.7 98.2 0.6 14 30.7 1.1 403.3 248.6 0.9 13 38.2 5.0 448.0 250.9 0.5 14 207.9 0.8 306.3 66.9 0.8 14 209.0 0.9 403.6 228.7 0.8 4 256.6 50.5 305.0 97.1
002840,1.0 6 8.3 85.1 377.5 214.1
002843,0.8 0 218.5 77.4 280.7 98.2 0.8 6 22.5 75.1 398.8 282.3
002846,0.5 8 103.0 164.9 128.0 248.6 0.9 8 38.4 157.3 74.3 248.8 0.5 8 0.8 177.1 44.0 364.7 1.0 14 85.9 10.7 193.9 499.2 0.6 8 13.3 180.8 47.4 363.2
002849,0.8 11 60.0 38.9 310.6 177.9
002850,0.8 8 82.2 150.4 267.0 247.8 1.0 19 172.6 53.8 274.5 131.3 1.0 19 288.6 56.7 376.6 146.4
002851,0.6 0 100.0 47.5 418.4 169.8
002852,0.6 11 147.1 38.0 259.7 102.6 0.7 14 391.6 23.3 444.1 103.3
002853,0.0 0 0.0 0.0 10.0 10.0
002856,0.9 14 72.6 1.0 174.9 67.9 0.8 14 68.8 0.7 156.6 73.0 0.8 14 35.7 0.7 90.6 68.5 0.7 4 324.3 114.8 371.1 154.3 0.7 14 426.2 1.0 499.0 111.1 0.6 14 432.8 0.5 499.6 201.3 0.8 14 423.9 0.9 498.9 109.1 0.5 14 2.4 1.6 102.2 109.6 0.9 14 1.7 1.1 79.7 159.7 0.8 14 170.9 0.9 220.9 33.1 1.0 14 337.7 0.8 423.6 58.3 0.8 14 426.5 0.6 499.0 63.3 0.9 10 18.9 21.4 472.8 222.1 0.9 14 264.5 0.8 329.1 29.9 0.8 4 292.8 57.1 327.9 100.5
002857,0.6 14 2.3 38.0 248.8 444.6 0.9 14 22.2 36.1 203.4 442.1 0.9 4 1.4 151.8 80.0 415.3 0.9 14 22.5 36.4 249.2 445.7
002860,1.0 1 134.3 96.2 341.7 187.2 1.0 14 157.2 15.5 279.4 162.6 0.8 11 324.0 126.6 464.5 223.5
002861,0.0 0 0.0 0.0 10.0 10.0
002862,0.7 8 43.7 156.8 74.2 222.6 0.9 8 52.2 154.6 124.9 222.7 0.9 8 181.9 146.7 233.4 204.1 0.9 8 104.1 137.1 166.2 192.3 0.8 8 45.2 153.9 124.6 222.9 0.9 8 220.5 146.6 274.0 207.3 0.5 8 181.4 163.6 226.5 212.4 0.7 3 159.6 36.9 198.3 65.3 0.6 8 86.8 136.1 130.5 168.0 1.0 10 101.0 135.4 262.6 213.8 0.6 8 183.5 151.7 271.7 210.4 0.8 3 243.9 1.0 302.5 40.2
002863,0.9 14 156.7 26.4 184.2 49.4 0.5 14 136.5 37.4 150.7 56.3 0.9 14 120.2 37.6 135.1 67.4 0.9 14 122.1 37.6 137.8 66.6 0.9 14 113.8 36.8 128.5 67.4 0.9 14 114.1 1.2 323.5 250.4 1.0 14 85.1 34.8 105.4 68.5 0.6 14 131.2 38.0 145.0 60.6 0.9 14 111.0 37.6 124.1 68.1 1.0 14 323.5 42.9 445.4 248.8
002865,0.7 6 79.3 87.9 360.6 251.8 0.5 14 331.7 155.3 345.7 173.0 0.8 14 427.8 151.5 444.1 177.2 0.9 6 31.2 1.4 355.1 251.1 1.0 6 357.7 143.4 443.8 171.6
002871,0.5 18 1.4 65.8 246.0 191.2 1.0 6 1.2 156.3 62.7 189.1
002872,0.6 14 0.9 75.3 211.1 250.4 1.0 14 164.0 77.2 443.6 249.8 0.9 14 262.6 76.7 446.8 248.7
002874,0.8 14 199.7 26.3 310.2 152.1 0.9 14 291.4 40.5 385.3 145.5 0.7 14 50.8 27.6 312.2 248.4 0.7 14 55.9 33.7 427.7 249.5 0.7 14 152.9 31.8 406.4 249.8
002876,0.5 11 169.6 12.3 500.7 245.3
002877,0.8 14 178.7 106.6 205.3 150.8 1.0 14 68.4 108.6 103.8 235.6 1.0 14 3.2 21.0 239.8 445.7 0.5 12 2.6 175.8 239.4 447.0
002878,1.0 14 2.5 9.0 256.7 252.7 1.0 14 102.9 84.8 400.3 251.0 1.0 14 288.8 17.1 499.2 249.2
002882,0.7 16 383.2 183.6 419.2 199.8 0.7 16 174.8 173.2 194.6 188.5
002883,0.5 14 197.2 88.4 249.8 217.9 0.8 12 2.8 123.6 248.4 499.8 0.7 14 196.7 92.7 250.7 445.4 0.7 14 98.3 91.0 249.2 499.3
002885,0.7 14 55.5 41.6 112.0 119.3 0.9 14 387.3 0.1 499.5 193.3 1.0 14 90.6 42.1 169.8 159.7 0.6 11 171.5 86.3 496.8 195.2 0.8 14 386.0 0.9 499.7 171.7
002887,0.7 19 145.3 82.6 233.0 134.5 0.9 17 135.6 161.6 340.4 243.5 0.6 14 59.9 39.3 85.8 76.0 0.6 8 390.7 147.6 500.2 248.9
002888,1.0 14 83.9 4.9 169.5 219.8 0.6 14 344.8 0.9 438.0 109.9 0.8 14 136.9 25.8 181.0 214.8 0.5 14 34.0 72.0 167.8 238.0 0.6 14 168.1 141.8 251.9 208.5 0.5 14 19.5 70.5 74.4 134.5 1.0 14 32.3 70.6 133.4 247.2 0.6 14 299.7 93.6 399.7 223.7 0.9 14 34.0 70.1 126.9 213.0 0.9 14 140.7 27.6 180.5 151.7 0.9 14 259.6 92.8 397.1 224.5 0.8 14 213.0 93.0 399.4 228.6 0.5 14 344.2 1.6 401.9 109.3
002890,0.9 14 6.3 132.2 24.6 169.9 0.5 5 60.7 58.6 399.6 222.4
002892,0.0 0 0.0 0.0 10.0 10.0
002894,0.9 0 1.4 78.3 499.5 239.0
002895,0.7 1 46.1 180.4 84.4 216.3 1.0 14 341.6 146.2 392.8 253.9
002897,1.0 14 57.7 173.0 74.4 209.4 0.9 14 376.4 181.4 393.6 211.1 1.0 14 328.0 178.9 343.7 209.9 1.0 14 121.5 173.4 138.5 208.3 1.0 14 209.2 175.5 226.3 207.7 0.8 14 278.2 180.9 290.3 208.1 0.5 14 123.5 172.9 138.3 207.9 1.0 14 88.7 172.4 107.1 209.4 0.6 18 1.6 141.1 444.4 204.8 0.6 14 342.2 180.9 354.6 209.4 1.0 14 447.2 181.4 464.1 215.8 1.0 14 147.2 174.1 163.7 208.1 1.0 14 264.0 178.3 280.7 208.8
002898,0.8 14 129.3 208.1 156.9 247.8 0.5 14 0.9 205.7 29.2 241.6
002900,1.0 6 108.2 94.7 381.0 186.3
002902,1.0 19 110.1 85.2 197.5 218.4 1.0 19 0.6 202.9 65.7 311.5
002903,0.5 11 9.8 7.3 421.8 227.2
002904,1.0 4 238.8 130.6 283.9 227.3 1.0 14 195.3 52.2 329.3 177.0 1.0 14 3.0 35.2 208.0 184.6 0.6 10 2.4 138.3 449.9 232.1 1.0 4 318.9 133.0 365.3 229.3 1.0 14 301.3 88.6 442.3 193.7
002905,1.0 14 1.6 17.4 185.2 406.4 1.0 19 149.1 227.8 216.1 316.0
002907,0.6 19 106.1 93.2 200.6 222.7 0.6 11 1.4 130.3 103.5 232.9
002908,1.0 0 199.6 65.2 313.2 144.0
002909,1.0 12 71.9 145.4 135.5 406.0 1.0 14 59.9 86.5 151.1 308.0
002911,0.7 4 266.9 103.4 294.5 158.2 0.5 14 465.1 185.0 490.3 202.9 0.8 14 120.1 60.2 354.4 205.5 0.6 14 187.8 39.3 276.2 120.8 1.0 14 120.2 59.9 389.2 205.3 0.8 14 447.3 184.4 468.9 203.4
002918,0.9 14 378.5 113.0 500.1 203.5 0.6 14 37.6 30.1 266.0 203.4 1.0 14 40.5 29.5 323.5 202.4 0.9 14 377.6 132.0 438.2 201.8 0.9 14 264.9 80.9 327.6 202.7
002920,0.9 14 381.2 109.7 393.5 128.9 0.7 14 365.2 147.9 384.3 174.4 0.7 1 317.5 141.0 393.3 176.5 1.0 1 69.6 125.8 176.2 173.3 0.6 1 383.4 138.8 486.5 177.4 0.5 14 358.2 147.6 380.8 174.7 0.9 1 425.9 140.0 485.8 176.3 0.6 14 333.6 155.0 352.5 175.4 0.9 1 231.1 132.7 308.5 175.2
002921,1.0 12 61.0 151.7 139.0 426.3 1.0 14 55.2 95.3 137.4 302.2
002922,0.9 2 165.7 325.9 190.4 383.1
002923,0.0 0 0.0 0.0 10.0 10.0
002925,0.7 15 355.2 122.0 407.5 232.8 1.0 14 136.9 95.5 205.0 239.1 1.0 14 197.9 94.9 242.9 240.3 1.0 14 52.7 76.5 142.1 246.8 1.0 15 8.9 110.9 77.0 233.3 1.0 14 295.3 72.4 363.4 246.0 1.0 14 228.7 96.6 311.5 243.9
002926,0.8 8 375.3 -0.1 451.6 219.7 0.7 2 180.3 83.0 251.3 128.7 0.7 2 102.2 81.3 254.8 154.4 0.7 2 91.2 63.7 130.0 90.1
002927,1.0 6 12.0 21.6 364.5 224.1 0.9 6 336.8 57.0 401.0 167.9
002928,0.0 0 0.0 0.0 10.0 10.0
002929,0.0 0 0.0 0.0 10.0 10.0
002930,0.9 8 320.8 97.7 407.5 204.4 0.7 8 182.3 109.7 245.5 204.2 0.9 8 113.1 86.3 201.7 193.0 0.7 8 250.3 69.8 328.9 142.2 0.6 8 136.8 85.5 202.2 153.6 0.8 10 118.0 112.4 414.2 201.5 1.0 8 182.7 110.2 246.1 190.4 0.6 8 253.7 69.5 329.7 119.9 0.9 8 243.2 110.7 329.0 203.8 0.7 8 245.6 71.1 329.6 195.6 0.7 14 329.7 70.3 352.2 92.5
002936,0.5 11 120.5 10.9 482.1 217.3
002945,0.9 4 287.5 196.5 321.2 250.2 1.0 14 18.7 36.2 181.8 206.8 0.6 10 2.0 172.7 425.9 249.4 0.5 10 23.3 184.8 427.7 249.7 1.0 14 220.1 39.8 426.7 242.8
002948,0.5 3 317.1 96.0 428.4 128.9 0.6 3 1.7 2.1 264.6 191.2 0.7 14 250.3 128.2 280.7 147.8
002949,1.0 0 1.3 25.6 307.9 131.5 0.6 6 129.6 126.6 159.2 141.5
002950,1.0 4 73.5 6.1 145.4 499.3 0.9 14 54.4 2.4 212.4 499.3
002951,0.9 14 299.4 20.2 324.6 63.9 0.8 4 381.2 130.5 404.7 187.3 1.0 14 138.7 95.7 168.6 140.8 1.0 14 104.5 98.3 150.3 138.1 0.9 19 191.1 80.7 288.6 169.6 1.0 19 83.3 82.3 187.7 167.3 0.9 19 311.5 132.0 364.8 175.3 0.6 11 281.6 167.7 324.5 188.7
002955,0.7 6 0.8 109.9 29.4 154.4
002959,0.6 11 77.5 264.6 197.7 356.6
002961,0.9 6 22.4 1.4 496.9 204.7
002964,0.7 14 151.3 60.5 179.7 164.0 0.7 11 88.3 314.9 123.1 427.2 0.7 14 5.8 48.9 62.5 203.0 0.9 14 1.3 77.1 25.7 188.6 0.9 14 175.9 36.4 213.9 154.3 0.9 14 139.0 61.7 183.2 192.0 1.0 14 21.4 23.7 139.5 401.2 0.7 11 85.1 313.6 123.5 425.8 0.5 14 52.8 48.0 79.6 126.1
002968,0.9 2 162.6 88.9 301.7 184.4
002970,0.8 7 13.0 46.9 395.7 250.7
002971,1.0 14 316.2 132.3 392.7 251.6 1.0 14 110.9 138.2 144.2 200.5 0.7 6 232.0 73.0 447.6 189.5 1.0 14 66.1 175.7 93.2 201.2 0.7 14 322.2 133.9 352.6 181.1
002972,0.8 14 29.0 242.8 239.6 442.6 0.8 14 9.7 1.6 222.9 442.9 0.9 14 9.4 1.3 245.4 443.9 0.8 4 100.3 286.7 159.4 344.3
002973,0.0 0 0.0 0.0 10.0 10.0
002974,1.0 14 180.9 138.9 205.0 200.8 1.0 14 91.6 136.9 112.6 191.6 0.6 8 49.0 217.0 86.4 290.0 0.9 14 27.3 144.0 39.9 162.1 0.9 14 56.5 142.4 94.7 228.8 1.0 14 205.0 106.6 232.0 195.6 0.7 8 18.4 218.0 57.4 290.4 1.0 14 58.7 142.5 91.0 203.3 0.7 14 79.9 110.4 224.7 414.5 1.0 14 79.5 108.9 225.1 395.2 0.7 14 79.1 109.8 227.1 416.9
002979,0.5 18 112.4 84.8 173.0 137.7
002980,0.0 0 0.0 0.0 10.0 10.0
002981,1.0 14 178.7 93.5 232.3 190.2 1.0 14 53.0 79.9 130.5 231.1 1.0 14 184.2 42.1 324.0 192.7
002982,0.9 4 172.1 256.4 212.3 470.3 0.9 14 9.4 21.2 180.9 467.0 0.8 14 9.4 18.4 218.5 466.9
002983,0.0 0 0.0 0.0 10.0 10.0
002985,0.0 0 0.0 0.0 10.0 10.0
002991,0.0 0 0.0 0.0 10.0 10.0
002993,0.8 14 167.6 0.8 206.8 24.0 0.6 6 15.5 1.0 60.6 16.8 1.0 6 209.1 152.0 339.6 211.1
002996,0.8 2 49.4 229.2 107.6 264.7 0.7 2 263.9 44.1 299.4 82.4 0.9 2 68.5 137.8 107.5 178.2 0.6 2 264.7 38.6 349.2 85.2 0.9 2 178.0 104.0 219.5 149.3 0.9 2 84.4 32.8 137.9 77.6 0.9 2 330.3 150.0 395.5 198.8 0.8 2 20.8 194.4 94.7 221.9 0.9 2 149.2 168.8 183.4 222.4 0.8 2 197.2 215.5 275.6 243.9 0.8 2 287.2 5.6 350.5 89.7 0.8 2 292.2 51.5 351.8 88.9
002997,0.9 4 219.6 83.5 251.8 154.4 0.6 4 0.9 130.8 54.0 255.1 1.0 19 238.1 2.1 445.1 174.0 0.9 19 240.8 3.6 443.3 155.1
002998,0.9 14 240.3 91.3 253.9 113.5 0.6 18 257.5 64.1 496.1 126.4
002999,0.8 14 138.7 41.8 187.1 81.4 0.8 13 124.8 59.8 269.1 131.9 0.8 14 73.3 43.7 167.0 103.2 0.7 13 123.1 81.2 269.4 133.9 0.9 14 70.6 41.9 185.7 105.8 0.8 14 182.7 56.3 266.4 122.6 0.5 6 98.6 29.6 190.4 59.9 0.9 13 38.5 71.2 165.3 116.4 0.6 14 187.8 55.6 265.2 107.4 0.9 13 285.0 90.6 459.4 159.5 1.0 14 341.8 49.7 449.7 137.8
003001,0.6 0 41.6 72.3 139.6 207.6 0.7 4 109.7 2.3 186.3 474.0
003006,1.0 6 193.2 140.9 301.0 182.0 1.0 6 334.5 124.7 443.1 194.1 0.9 14 419.7 130.3 438.6 151.8 1.0 6 161.4 141.3 207.1 170.6 1.0 6 120.0 141.8 164.7 164.6 0.8 5 233.0 80.1 381.6 156.4 0.7 5 34.5 92.1 110.0 174.4 1.0 6 260.6 140.9 327.8 169.3
003010,0.9 4 236.1 23.3 287.3 140.7 0.8 4 259.7 0.5 323.4 120.2 1.0 4 44.0 22.2 102.6 150.6 0.8 4 401.4 17.7 442.1 135.1 0.9 4 176.4 114.0 212.9 163.4 0.8 4 329.3 52.5 369.5 132.6 0.7 4 234.5 5.8 304.5 153.2 1.0 4 355.5 23.2 404.1 141.2 0.8 4 194.5 18.7 283.3 235.2 1.0 4 89.8 20.8 135.6 143.6 0.9 4 398.0 19.3 440.9 99.6 0.8 10 1.3 102.2 445.4 280.7 0.5 4 234.6 10.9 291.0 106.0 0.5 4 193.9 105.9 277.5 236.3 0.5 4 268.0 42.2 329.8 158.4 0.5 4 269.9 0.9 326.4 100.9 0.8 4 268.2 3.8 332.3 151.1
003012,0.6 14 376.0 174.6 437.0 282.0 1.0 14 114.4 89.5 254.6 281.5 0.8 14 45.1 91.0 257.1 281.0 1.0 14 262.5 138.2 390.0 280.2
003014,0.9 15 182.0 84.2 209.1 107.3 0.9 15 338.1 81.1 364.4 101.2 0.7 15 57.5 96.0 81.2 114.3 0.8 5 105.3 18.6 418.0 240.2 0.6 15 269.6 110.3 288.2 128.3
003016,0.9 14 355.0 100.0 406.7 136.9 0.8 5 60.2 61.7 476.2 235.4 0.9 14 223.1 175.3 266.0 227.1
003018,0.8 14 76.7 50.7 195.1 391.0 0.7 14 1.9 50.6 198.2 498.8 0.7 14 2.3 52.4 247.2 499.8
003019,0.0 0 0.0 0.0 10.0 10.0
003020,1.0 14 230.8 104.7 297.5 260.8 0.6 15 2.8 200.0 65.3 253.3 1.0 14 149.9 86.9 243.5 281.8 1.0 14 65.8 89.6 148.4 283.0 1.0 14 287.5 96.0 357.3 256.7
003022,1.0 14 242.5 38.0 297.8 151.8 0.9 12 153.1 58.1 459.1 218.4
003025,0.9 14 210.8 58.6 310.5 121.0 0.7 14 209.8 60.3 312.3 224.7 0.5 9 9.4 82.6 274.7 228.1
003026,1.0 14 57.8 102.4 185.6 251.5 1.0 14 165.2 57.7 332.3 250.1
003029,1.0 14 30.2 46.4 52.2 77.4 0.7 19 14.0 29.5 108.8 88.0 0.5 14 61.9 48.5 80.5 73.1 1.0 14 158.2 69.5 408.2 194.3 0.9 17 2.3 83.6 442.9 249.9 0.6 14 66.0 48.0 84.8 73.5
003030,0.0 0 0.0 0.0 10.0 10.0
003033,1.0 6 15.7 225.5 238.8 412.6
003035,1.0 14 41.1 172.6 231.9 420.7 0.9 14 67.2 172.1 229.6 387.3
003036,0.9 14 1.7 22.7 200.3 336.3 0.9 14 19.3 23.1 199.1 333.7 0.7 12 1.5 47.1 199.1 393.5
003037,0.5 13 349.4 95.3 499.6 195.3 0.7 0 123.2 69.7 499.0 222.3
003040,0.6 11 144.8 96.4 328.6 167.2 0.5 17 3.6 2.2 439.5 250.7
003041,1.0 14 22.3 153.1 45.6 214.0 0.8 12 158.8 180.1 208.6 303.6 0.7 14 19.9 152.3 45.2 305.9 1.0 14 98.9 125.7 155.8 284.8 0.9 12 35.6 184.6 198.0 400.4 0.8 12 1.3 190.5 56.8 309.1 0.8 14 169.1 153.4 197.2 303.3 1.0 14 171.0 153.0 195.8 235.4
003043,1.0 6 271.4 195.3 315.3 215.9 0.8 6 214.2 196.0 237.4 216.1
003046,1.0 6 3.0 43.4 460.2 218.2
003048,0.7 8 157.5 73.4 419.3 205.3
003049,0.7 14 217.1 128.5 258.1 168.3 0.6 8 247.3 194.4 316.8 247.9 0.9 8 155.7 169.1 247.2 247.6 0.8 8 233.4 159.1 309.0 243.6 0.9 8 131.0 169.7 245.6 249.3 0.9 14 216.9 127.1 283.4 169.5 0.9 14 119.7 114.1 219.9 249.4 0.6 8 1.0 132.3 34.2 179.3 0.7 8 49.8 150.7 145.8 235.9 0.6 8 23.4 131.0 55.3 190.0 0.6 14 1.1 109.3 17.4 131.0 0.6 10 39.4 153.0 149.3 228.7 0.9 8 230.9 160.0 307.6 234.9 0.6 10 163.9 127.8 441.7 248.8
003050,0.8 2 401.5 171.6 469.4 224.5 0.5 16 438.9 62.3 464.2 74.4 0.6 16 290.4 57.6 314.1 70.7 0.7 16 128.2 103.9 242.8 155.0
003052,1.0 6 116.1 38.2 256.1 75.6 0.5 6 3.6 37.3 190.5 109.0 0.9 14 468.6 30.6 499.7 137.2 1.0 6 51.1 37.8 194.4 108.2 0.8 6 4.1 36.7 196.1 111.3 1.0 14 1.5 26.5 119.0 221.9 1.0 14 160.7 61.3 254.4 217.8 1.0 14 252.8 30.8 315.7 130.7 1.0 14 231.0 131.6 278.4 219.3
003055,1.0 6 168.9 120.7 345.8 176.4
003059,0.6 18 196.4 129.6 248.3 204.4
003060,0.8 2 203.7 33.3 256.2 76.3 0.9 2 243.9 76.6 275.4 121.0
003062,0.5 15 139.3 8.6 337.5 374.0 0.6 15 2.8 1.3 402.4 374.4 0.8 15 0.8 -0.8 181.3 153.3 0.9 15 137.4 1.4 400.8 374.6
003067,0.9 4 176.2 64.7 236.8 272.3 0.9 4 101.6 65.8 165.4 277.2 1.0 14 108.3 200.0 154.8 262.2 0.9 4 53.5 64.8 108.5 267.6 0.7 4 305.4 61.9 368.7 271.4 1.0 4 246.1 61.6 309.6 276.2
003068,0.6 12 62.0 91.5 333.4 323.7
003069,0.0 0 0.0 0.0 10.0 10.0
003070,1.0 6 71.1 165.9 177.1 222.5 1.0 6 91.1 179.1 300.1 366.6 0.9 6 1.0 164.4 36.5 225.7 0.9 6 92.5 179.0 374.2 366.8 1.0 6 342.3 174.2 399.9 242.1 1.0 14 283.3 156.3 366.3 373.7
003071,0.6 4 47.5 309.8 128.4 491.8 1.0 4 118.8 9.0 194.9 468.3
003073,0.5 14 133.6 113.9 151.3 129.0 0.8 3 1.1 0.0 198.9 155.9 0.5 14 45.7 43.4 79.6 117.8 0.8 3 1.9 109.9 198.5 158.0
003075,0.7 14 53.8 3.3 118.4 166.9 1.0 14 47.1 4.2 119.9 263.5 1.0 14 95.8 34.4 222.9 423.8 0.6 13 3.2 111.6 261.4 411.0
003076,0.5 4 40.1 274.6 60.3 327.5 0.6 4 163.8 43.1 185.9 133.6 0.9 4 118.3 40.0 140.5 145.3 0.9 4 142.5 269.9 161.4 322.3 1.0 4 78.0 37.2 100.1 139.1 0.8 4 182.4 267.8 202.4 321.9 1.0 4 56.8 39.5 81.2 138.7 0.9 4 206.2 42.3 229.2 134.6 0.9 4 183.4 185.3 203.7 245.2 0.5 4 63.2 273.7 82.0 324.3 0.9 4 80.8 182.5 101.0 241.9 0.9 4 122.9 275.4 140.4 322.5 0.8 4 161.8 43.7 185.7 148.4 0.9 4 39.9 189.2 58.0 247.5 0.9 4 161.9 269.4 180.8 322.3 0.9 4 100.5 186.0 120.2 246.3 0.8 4 83.2 271.7 100.5 323.8 0.9 4 162.4 187.9 181.1 244.3 1.0 4 142.6 186.9 160.8 245.1 0.9 4 94.4 38.1 116.9 144.4 0.8 4 103.6 275.8 121.7 321.7 0.8 4 32.2 42.4 59.7 145.6 0.9 4 119.9 185.6 140.3 246.6 1.0 4 141.6 41.2 163.7 146.7 0.6 4 61.4 201.3 78.4 245.3 1.0 4 184.3 41.4 208.6 138.1
003079,0.6 11 135.5 152.7 220.9 207.5 0.7 4 67.3 115.2 129.4 167.4 1.0 14 272.6 68.1 420.5 165.5
003080,0.8 7 139.4 47.7 319.9 215.5 0.9 7 4.6 47.9 318.1 217.0
003081,1.0 14 3.0 35.3 279.1 246.5
003084,1.0 14 219.3 71.2 257.3 135.5 1.0 14 62.3 102.1 88.0 142.6 1.0 14 360.4 108.3 388.1 146.3 1.0 14 456.6 112.2 488.1 147.6 1.0 14 91.2 100.3 116.9 141.0 0.6 14 33.8 104.0 87.5 148.8 1.0 14 139.8 100.6 173.7 145.0 0.7 12 186.9 96.7 334.6 164.5 0.6 12 185.7 99.3 249.9 162.8 1.0 14 410.7 108.9 436.2 147.3 0.6 5 278.2 59.4 431.1 111.9
003087,0.5 16 342.0 88.7 386.4 108.9
003091,1.0 14 14.6 163.8 176.3 500.6 0.6 14 17.6 163.2 222.8 499.1
003095,0.5 12 81.0 45.4 247.4 448.1
003096,0.0 0 0.0 0.0 10.0 10.0
003097,0.5 18 21.6 33.7 430.9 161.2 0.8 18 25.4 33.6 247.4 164.7 0.7 18 245.6 34.9 432.0 158.4
003099,0.7 4 385.4 18.6 425.0 60.4 0.7 8 1.6 0.7 292.3 250.6
003101,0.5 6 289.2 48.5 369.4 156.1 0.7 5 191.3 40.1 258.5 141.1 0.5 5 0.2 0.2 251.6 198.7 0.9 6 257.3 112.2 288.3 128.6 0.5 5 282.5 -0.1 499.4 189.2
003104,0.8 14 50.7 44.3 140.8 243.2 0.7 2 292.5 124.0 379.2 170.9 0.5 2 206.1 123.1 379.6 219.0
003109,1.0 6 206.5 156.4 357.0 253.4
003111,0.6 3 362.0 176.0 442.0 239.5 0.9 3 139.0 49.7 260.7 243.7 0.7 3 253.2 15.9 377.2 262.0 0.9 3 254.4 17.0 380.6 260.5
003113,0.9 19 65.3 99.9 229.1 276.1 0.8 14 421.8 1.2 498.9 150.8 0.6 13 282.6 32.7 401.1 132.9 0.8 19 64.5 99.3 236.7 272.1 0.8 19 64.1 99.2 256.2 319.0 0.7 14 434.7 1.1 498.7 129.5
003114,0.0 0 0.0 0.0 10.0 10.0
003115,0.6 8 182.0 132.3 221.2 183.7 0.8 14 422.1 204.2 436.9 252.6 0.7 10 89.5 221.0 216.1 347.9 0.9 8 137.5 131.9 179.1 223.0 0.8 8 175.9 132.2 222.5 218.6 1.0 14 36.6 50.6 104.0 248.2 0.7 17 182.3 147.5 420.1 348.0 0.9 8 402.9 258.4 442.4 374.8 0.8 17 185.0 149.3 409.2 340.1 0.7 17 184.1 175.2 368.8 331.2 1.0 14 261.2 99.8 410.8 373.2
003119,0.0 0 0.0 0.0 10.0 10.0
003123,0.7 14 13.0 197.5 52.1 318.0 0.9 14 202.5 97.4 264.8 207.6 1.0 14 173.4 100.3 207.8 172.0 1.0 14 193.5 156.7 238.2 247.5 0.8 14 333.4 106.3 411.2 373.4 0.7 14 76.2 84.5 134.0 272.9 1.0 14 284.9 162.8 335.0 263.6 1.0 14 150.0 160.3 194.1 253.8 0.8 14 204.9 98.4 262.3 182.8 1.0 14 306.2 106.4 343.9 200.9 0.7 19 378.6 2.0 443.1 154.2 1.0 14 265.0 109.9 310.6 199.1 0.8 14 26.5 106.5 86.2 224.3 0.9 14 17.1 104.5 89.2 318.9 0.6 14 306.9 106.1 347.1 267.0 1.0 14 90.2 163.5 149.1 273.4 1.0 14 240.8 165.2 287.2 251.2 1.0 14 137.7 106.3 175.1 192.6 1.0 14 85.9 80.9 136.9 165.5 0.5 14 18.4 103.4 85.4 288.5 0.7 14 134.4 105.8 175.1 224.3 1.0 10 65.8 234.8 405.2 374.6 0.9 14 76.3 121.8 126.8 273.3 0.6 14 35.7 104.5 86.2 247.4 0.8 8 373.2 232.4 436.2 373.4 0.8 14 241.0 164.5 288.4 312.3 1.0 14 331.4 105.7 408.3 271.5 0.5 14 76.8 123.1 123.2 207.4
003125,0.0 0 0.0 0.0 10.0 10.0
003128,0.0 0 0.0 0.0 10.0 10.0
003130,1.0 1 21.2 217.7 179.1 432.9 1.0 1 23.0 214.1 221.0 432.5
003131,1.0 3 310.5 164.1 372.8 247.1
003132,0.6 14 203.4 13.1 284.9 226.0 0.7 14 126.0 12.9 283.2 268.9 1.0 14 1.9 59.9 141.2 277.4 0.9 14 125.5 11.5 357.9 264.3 0.7 14 205.9 11.0 356.0 249.7
003136,0.6 19 164.4 38.2 315.2 177.8 0.6 6 1.4 1.0 400.1 251.8 0.6 6 288.9 2.2 399.6 250.0
003139,0.8 14 40.7 1.0 74.1 77.3 0.9 14 41.1 0.8 70.1 52.1 0.9 14 358.9 19.1 395.8 61.7 1.0 14 198.3 5.6 252.1 59.6 0.6 14 4.3 54.3 284.5 283.9 0.9 14 118.7 1.2 147.6 41.0 0.9 14 349.0 18.7 395.4 96.1 0.8 14 196.3 4.2 252.0 82.4 1.0 14 94.4 5.3 147.7 66.0 1.0 14 5.8 56.0 201.4 285.5 0.8 14 111.4 49.8 399.3 284.0 0.9 14 149.5 49.0 400.1 282.9
003141,0.7 8 1.0 161.6 70.8 281.9 0.5 8 2.2 163.2 239.8 281.9 0.8 14 175.9 47.1 225.0 158.0 0.6 8 316.4 164.9 401.6 281.7 0.8 8 311.6 140.0 392.1 279.3 1.0 14 135.6 98.5 186.6 181.1 1.0 14 211.5 111.8 270.0 191.1 0.6 14 101.0 97.2 190.3 262.7 0.6 14 27.0 1.4 95.2 109.8 0.5 8 1.2 132.9 123.1 281.1 1.0 10 84.5 161.2 314.1 280.7 0.7 8 55.3 131.5 119.2 255.2 0.7 8 56.9 132.8 119.8 209.7 0.9 8 264.4 122.0 314.2 173.8
003143,1.0 6 32.7 49.4 483.9 184.0
003144,0.8 0 59.2 51.1 450.4 160.4 1.0 0 51.2 51.3 451.7 219.8
003148,0.0 0 0.0 0.0 10.0 10.0
003151,1.0 1 31.6 198.8 112.7 353.8 1.0 14 55.0 101.3 148.4 317.5 0.9 1 190.2 105.6 218.1 182.7
003152,0.0 0 0.0 0.0 10.0 10.0
003153,0.9 14 80.4 64.1 111.3 93.9 0.5 12 356.5 127.6 444.7 246.4 0.6 14 45.2 66.2 117.0 138.7 1.0 14 68.5 79.2 162.8 155.5 1.0 14 136.5 85.8 240.4 160.7 0.6 10 1.3 139.6 444.1 245.9 0.5 14 109.1 80.1 160.5 132.6 0.6 14 1.1 54.7 34.5 136.0 0.9 14 271.2 147.8 377.7 242.9 0.9 14 345.0 0.8 383.4 28.4 1.0 14 277.6 128.8 442.5 243.0
003156,0.0 0 0.0 0.0 10.0 10.0
003158,0.6 19 247.8 75.3 292.2 113.0 1.0 19 157.2 90.3 221.7 134.2 0.9 8 90.9 122.0 204.1 218.9 0.7 19 157.0 90.3 219.1 120.6
003160,0.9 0 26.9 85.1 445.7 232.2 1.0 14 340.4 135.0 442.6 245.6
003166,0.0 0 0.0 0.0 10.0 10.0
003167,1.0 14 109.5 33.1 158.8 195.6 1.0 14 57.5 25.0 100.5 234.9 1.0 14 106.7 33.3 158.0 223.9 0.8 14 65.3 3.5 421.8 299.5 1.0 14 68.6 5.6 357.4 299.9
003168,0.8 6 257.6 23.8 458.5 172.7
003171,0.6 11 1.3 33.9 220.7 498.5
003172,0.6 12 278.6 113.7 477.6 266.9 0.9 14 306.7 18.2 365.5 166.9 0.7 14 131.4 76.4 236.8 207.1 0.5 14 3.7 104.5 185.8 269.7 0.8 14 306.6 17.8 407.9 144.7 0.9 14 136.7 76.6 208.2 206.6 0.7 14 50.4 106.5 203.9 268.0 0.8 14 236.0 50.5 325.2 196.7 0.6 14 3.1 104.8 182.1 270.2 0.8 14 305.1 17.9 362.4 133.3
003173,1.0 14 111.1 18.6 175.0 95.0 0.6 12 111.4 36.3 226.3 103.7 0.5 12 157.0 37.1 228.7 104.7 0.7 12 24.4 36.7 227.0 173.9 0.8 12 23.0 36.1 226.7 131.3
003174,0.6 11 1.5 45.6 239.6 258.8 0.7 11 235.0 28.2 490.7 142.7
003179,1.0 14 171.3 115.4 201.6 161.7 1.0 14 7.4 149.3 28.3 183.4 0.9 14 169.0 114.8 203.2 173.4 1.0 14 130.9 105.6 167.6 155.5 1.0 6 21.0 158.6 262.7 245.1 0.8 12 199.3 107.4 407.7 244.0
003180,0.0 0 0.0 0.0 10.0 10.0
003182,0.9 14 39.1 11.6 163.7 278.7 0.8 12 88.1 87.3 298.0 336.1 0.9 14 39.0 12.9 162.9 336.2 0.7 12 86.8 87.7 321.6 336.6 1.0 14 280.2 33.1 330.4 234.1
003187,1.0 14 183.2 12.3 264.3 140.3 0.7 12 35.0 40.5 354.1 196.7
003190,0.6 16 1.4 40.6 75.8 249.6
003191,1.0 14 2.1 1.3 347.4 221.8 0.7 12 92.6 67.8 344.2 222.8
003192,0.0 0 0.0 0.0 10.0 10.0
003193,0.9 14 65.6 71.0 86.9 98.6 0.9 14 107.2 72.5 128.7 96.6 0.8 12 146.4 54.3 380.7 171.3 0.9 14 66.8 70.6 92.2 129.7
003196,0.7 14 71.3 52.8 175.0 470.0 0.9 14 1.9 52.2 174.3 478.2 0.8 14 2.5 52.9 208.9 478.5
003197,0.7 14 1.5 88.0 123.1 237.5 0.7 14 85.0 87.1 259.0 373.5 0.6 14 3.1 85.1 328.6 374.9 0.6 14 1.9 86.2 264.2 374.4 0.8 14 1.2 87.1 135.9 374.5 0.9 14 85.7 85.4 329.2 373.5 0.7 14 156.9 120.6 329.9 374.6
003198,0.8 7 123.1 22.8 494.9 103.4
003201,0.5 9 378.7 28.4 478.6 257.8 0.7 9 2.9 52.9 159.1 258.1 0.6 9 132.3 21.6 394.8 302.5
003203,0.8 18 1.9 93.3 445.6 234.1
003206,0.8 10 160.0 168.7 251.5 282.3 1.0 14 114.7 93.0 173.8 271.9 0.7 14 110.3 95.7 163.1 208.4 0.8 8 135.8 196.3 166.7 275.4 0.8 8 201.1 207.6 235.6 300.5
003208,0.8 14 366.5 171.1 389.0 239.2 0.8 14 421.4 180.9 450.6 254.5 0.9 14 415.8 180.6 448.8 332.3 1.0 19 144.4 7.6 303.0 144.1
003209,0.6 0 44.2 143.2 147.4 205.9 0.6 0 171.0 142.9 304.6 219.7 0.6 0 46.8 141.2 417.2 222.1 0.9 0 174.1 112.3 381.8 220.1 0.5 0 173.7 142.8 382.9 219.5
003212,0.8 17 25.4 115.3 377.0 272.8 0.7 17 27.2 115.4 400.5 373.1 0.6 8 19.3 148.3 152.7 374.3 0.9 8 333.5 119.2 401.5 307.7 0.6 10 33.8 181.1 376.1 374.9
003215,0.0 0 0.0 0.0 10.0 10.0
003217,1.0 14 250.1 51.9 274.9 75.0 0.9 6 120.0 85.0 318.3 165.0 0.9 14 193.4 61.0 215.2 82.5 0.9 6 60.3 92.3 150.3 131.6 0.9 14 40.6 80.6 52.3 97.7 0.7 14 7.7 76.1 18.2 98.0 1.0 14 141.2 57.4 175.4 95.3 0.8 14 59.2 75.8 73.4 99.7 0.8 6 120.1 55.7 423.2 182.9 0.9 6 207.8 56.0 424.3 182.9
003220,1.0 14 134.9 106.0 150.1 133.4 1.0 6 296.1 165.1 328.6 184.0 0.8 14 195.7 113.9 207.8 135.5 0.9 6 66.9 160.9 119.3 191.6 1.0 6 362.1 159.8 394.8 180.5 0.8 14 90.2 152.3 199.6 249.0 1.0 6 1.1 154.5 57.1 198.4 0.6 6 142.8 167.6 184.6 188.9 1.0 6 142.0 155.7 211.1 187.5 1.0 6 218.1 162.8 265.1 187.1 1.0 14 89.1 152.4 172.1 250.0 1.0 14 336.1 155.8 356.9 190.3 1.0 6 46.6 161.3 105.1 195.2 1.0 6 262.0 164.2 303.9 184.8
003221,0.9 8 396.9 116.0 475.0 234.3 0.8 19 21.7 120.9 70.8 162.8 0.6 15 278.8 178.3 334.7 207.2 0.8 15 199.6 151.9 223.4 168.9 0.7 17 140.6 159.9 363.4 229.0 0.9 10 190.1 187.7 471.7 234.6 0.8 19 383.6 83.6 448.4 161.9
003222,0.8 12 48.8 48.6 376.2 178.2 1.0 14 208.2 15.7 379.8 144.0
003224,0.8 11 322.0 126.0 443.5 227.9 1.0 14 2.7 29.5 334.2 250.4
003225,0.9 14 192.3 145.2 300.1 222.5 1.0 14 224.9 117.3 273.7 165.4 1.0 14 319.9 141.5 410.4 236.5 1.0 14 382.9 116.8 422.3 180.7 0.8 14 322.2 141.9 363.4 176.5
003226,0.8 14 56.0 45.0 73.5 111.6 0.7 12 46.7 36.6 184.1 485.7 0.8 14 49.1 45.1 73.7 180.8
003227,0.7 7 27.3 7.2 460.2 252.3
003230,1.0 0 151.4 89.1 362.7 162.9
003232,1.0 14 138.6 13.5 199.8 88.0 0.9 12 19.3 32.5 253.5 141.8 0.6 14 94.8 36.8 108.6 57.1
003234,1.0 14 216.2 79.8 271.1 250.5 0.6 14 390.7 77.9 462.9 149.1 1.0 14 153.5 88.3 217.2 250.9 1.0 14 109.2 97.4 164.2 253.2 1.0 14 74.9 72.8 130.3 251.9 0.9 14 152.7 82.6 174.8 111.1 1.0 14 257.4 84.8 337.1 250.4 0.5 5 322.4 98.2 468.6 225.2 0.6 12 279.8 165.3 464.8 250.3 0.6 5 318.6 45.0 474.1 244.5 0.8 14 315.9 90.3 357.8 155.7
003235,0.9 12 88.7 114.7 168.4 460.2 0.9 14 68.1 62.8 189.8 310.9 0.9 12 90.3 113.9 170.1 459.3
003237,0.8 14 81.8 52.8 176.7 283.5 0.6 14 86.6 52.5 151.9 264.5 0.8 14 90.3 53.3 150.1 211.4 0.9 12 76.0 153.2 176.9 460.0
003238,0.5 7 6.3 68.1 337.3 281.3
003241,0.0 0 0.0 0.0 10.0 10.0
003245,0.5 8 298.5 107.1 356.3 201.6 0.5 8 34.0 126.1 94.3 195.3 1.0 14 80.4 52.6 137.8 199.9 1.0 14 213.4 59.8 271.3 212.4 1.0 14 353.6 64.4 407.7 207.9
003246,0.7 11 10.1 70.1 396.2 251.6 0.8 4 355.3 102.7 402.8 174.9
003248,1.0 8 107.3 234.1 195.3 384.7 1.0 19 113.3 143.4 196.7 271.2
003249,0.7 14 345.9 0.5 402.6 111.5 1.0 4 140.2 0.0 232.0 247.7 1.0 4 12.5 -1.0 134.9 251.6 0.9 4 259.9 0.7 370.7 252.2 0.7 4 256.5 1.1 397.6 252.1
003251,0.5 8 1.1 113.2 43.4 232.0 1.0 8 88.0 114.9 172.4 220.8 0.9 10 98.0 105.8 317.7 233.6 1.0 8 224.8 148.8 354.7 251.6
003252,0.5 14 182.9 17.8 282.5 179.4 0.9 14 129.9 17.0 307.0 250.7 0.6 14 33.1 36.8 153.9 154.8 0.5 14 255.5 31.8 384.9 202.3 0.9 14 113.1 36.7 202.1 249.8 0.5 14 81.8 36.3 155.0 238.0 0.7 14 129.2 38.2 201.6 184.6 0.9 14 61.3 95.2 145.4 249.2 0.5 14 38.1 37.2 154.0 151.3 0.9 14 1.3 94.5 140.1 249.4 0.7 14 29.6 37.0 153.6 234.7 0.6 14 185.4 30.9 386.8 207.9 0.7 14 135.8 28.3 388.0 251.2 0.5 14 258.5 32.5 351.8 134.4
003257,1.0 6 23.6 3.4 479.7 119.4
003263,0.8 12 0.6 342.9 92.6 500.7 0.9 14 0.6 263.2 91.8 499.7 0.6 14 1.1 261.6 61.3 422.5
003264,0.8 11 34.7 101.1 298.7 220.5 0.7 11 35.3 78.4 484.2 219.6
003265,1.0 6 145.5 196.3 290.9 299.3
003266,0.7 11 51.6 98.6 219.8 501.2 0.9 11 48.3 94.7 264.1 501.0
003267,0.6 2 216.9 54.7 500.0 267.9
003268,1.0 0 1.3 94.4 498.3 214.1
003275,1.0 1 95.0 173.0 219.6 229.7 0.5 3 146.5 1.0 220.6 34.2 0.5 3 351.0 0.8 427.8 27.8
003276,1.0 14 417.3 50.8 447.3 193.0 1.0 14 19.7 94.8 53.3 127.4 1.0 14 370.4 53.8 393.4 110.7 0.6 14 116.0 63.4 144.7 129.7 0.9 14 370.4 54.1 393.2 110.9 0.9 14 280.3 57.7 319.5 131.7 1.0 14 115.4 63.8 140.6 95.3 0.8 6 19.2 92.8 426.9 270.6 1.0 14 88.5 65.4 108.9 97.2 0.9 6 18.6 29.4 424.6 283.3 1.0 14 65.9 73.8 88.2 103.8 1.0 14 140.4 62.3 164.3 94.2 0.7 14 69.4 76.6 89.6 103.8 1.0 14 386.2 42.4 427.1 156.5 0.9 14 286.4 57.3 320.8 131.9 0.9 6 25.2 93.3 425.8 282.0 1.0 14 65.9 75.2 88.0 104.6 0.9 6 329.3 51.1 375.8 95.9
003277,0.5 17 190.0 138.2 381.8 299.1 0.5 17 3.5 87.9 377.8 299.9 0.7 8 191.0 138.5 381.1 299.2
003278,0.9 4 20.6 211.3 79.7 282.3 0.7 14 20.7 20.8 314.1 230.7 0.6 14 320.7 1.9 499.2 209.5 1.0 14 22.0 19.9 276.3 213.6 0.8 14 320.0 1.4 499.2 252.7 0.9 14 244.9 1.2 499.9 279.7
003281,0.9 15 135.0 275.6 176.0 422.2 0.9 15 14.5 117.9 91.0 213.0 0.8 15 16.3 112.7 54.8 207.6 0.9 15 178.1 215.4 241.7 363.9 0.9 15 190.9 288.4 228.6 366.7 0.6 15 131.7 283.2 169.7 424.0 0.7 15 16.2 149.8 66.2 208.0 0.6 15 88.8 91.2 143.9 213.2 0.5 15 133.5 218.6 196.4 395.5 0.8 15 52.8 116.0 91.0 215.5 0.9 15 0.9 103.0 20.2 210.6 0.8 15 15.9 153.9 90.2 211.1 0.6 15 95.9 147.6 145.9 222.6 0.7 15 15.6 146.8 60.0 209.3 1.0 15 135.9 279.4 167.2 360.4 0.9 15 54.6 162.6 88.8 213.5 0.6 15 140.7 274.0 181.3 380.6 0.7 15 232.4 221.9 275.6 303.5
003283,0.0 0 0.0 0.0 10.0 10.0
003286,0.8 18 156.1 42.7 457.4 230.1
003287,0.8 7 1.5 8.0 311.6 197.6
003288,0.5 9 112.1 188.3 222.0 232.7
003289,1.0 14 47.7 168.4 67.4 194.4 1.0 6 382.3 155.1 456.8 189.8 1.0 14 134.5 163.7 153.5 203.3 0.9 6 455.1 155.1 500.1 181.9 0.8 14 409.8 122.9 441.6 156.8 0.8 5 139.2 145.5 214.8 181.3 0.5 14 430.0 96.2 443.2 122.8 1.0 6 25.9 163.3 100.5 184.3 0.9 5 240.9 140.2 400.4 181.1 1.0 14 326.1 157.0 344.8 183.2
003291,0.8 19 55.6 63.9 191.1 229.0 0.7 19 221.4 66.3 279.7 197.0 0.9 19 47.3 66.2 201.0 335.7 0.7 19 56.8 66.9 191.2 211.1 0.9 19 212.2 61.6 279.6 244.9
003295,0.7 14 122.7 88.6 227.6 162.6 0.7 12 124.0 152.2 265.4 216.6 0.8 14 121.4 89.9 229.8 198.0 0.9 14 258.8 46.5 341.5 196.4 0.8 14 122.7 89.5 281.8 216.2 0.5 12 258.0 56.5 340.5 200.2
003297,0.9 15 68.0 100.2 199.9 246.6 0.8 8 0.7 175.2 67.1 442.0 0.9 10 32.1 194.4 258.1 437.1 0.8 8 1.0 154.1 71.5 268.6 0.7 8 147.6 193.6 257.6 441.0
003298,0.6 14 25.8 13.7 219.0 416.4 0.8 14 12.5 13.3 221.7 453.6 0.9 14 11.3 11.3 249.9 477.6
003302,0.9 5 122.1 164.6 231.2 280.4 1.0 14 47.2 225.9 60.8 255.2 0.9 14 23.3 229.4 34.8 254.8 0.8 6 235.5 217.9 260.6 240.2 0.6 14 271.7 214.8 282.2 246.4 0.6 5 120.4 139.5 230.8 282.0
003304,0.5 12 74.6 115.8 183.5 434.3 1.0 14 58.4 60.4 185.4 407.6 0.9 12 85.0 200.5 185.1 434.7
003305,0.7 13 111.7 180.8 167.6 290.3 1.0 14 114.0 134.6 165.2 251.8 0.9 14 125.5 121.0 138.9 143.3 0.5 12 78.1 315.9 278.9 438.8
003306,1.0 6 40.9 75.6 395.2 191.6
003309,0.7 14 226.6 85.9 344.4 180.9 0.8 14 2.7 89.0 170.2 155.0 1.0 4 395.6 155.6 439.4 241.9 0.8 14 226.3 86.3 423.7 200.1 0.6 17 3.9 115.6 383.3 243.8 0.8 14 148.4 89.2 346.6 208.3 0.9 14 224.0 86.6 346.4 191.2 0.6 14 10.5 91.1 352.8 210.4 0.6 14 149.3 86.7 498.6 225.7 0.6 17 1.1 113.7 500.4 245.6 0.5 14 224.6 86.1 498.2 218.1
003310,0.0 0 0.0 0.0 10.0 10.0
003312,1.0 1 20.1 3.2 442.6 218.1
003314,1.0 19 147.5 40.2 234.1 116.6 0.6 19 350.7 29.0 401.8 103.0 1.0 14 24.5 32.5 203.8 251.5 0.9 14 192.0 40.5 334.6 251.2
003315,0.8 2 182.8 61.6 253.7 171.6 0.8 2 285.4 111.9 424.6 238.0 0.5 2 121.2 117.0 321.8 239.9 0.6 2 191.3 119.4 270.6 179.2 0.5 2 121.4 62.1 256.0 237.9 0.7 2 21.9 15.2 239.9 149.2 0.8 2 22.5 14.4 236.1 235.9 0.7 2 284.5 112.3 423.6 215.2
003317,0.0 0 0.0 0.0 10.0 10.0
003318,0.6 16 162.5 71.8 307.2 164.6
003319,0.5 8 156.2 0.9 448.6 201.3 0.7 11 2.1 40.2 215.8 201.4
003321,0.7 6 396.9 100.3 415.9 113.2 1.0 6 300.3 104.5 357.0 119.6 1.0 6 435.9 93.4 494.5 120.1 1.0 6 90.8 111.2 128.4 123.1 0.6 6 1.1 114.4 25.8 123.4 0.9 6 245.2 105.7 279.7 119.3 0.8 6 179.3 109.9 207.7 121.2
003322,0.6 8 207.9 137.4 251.8 183.9 0.6 8 465.9 152.8 500.2 239.8 0.6 8 445.8 166.9 500.0 241.5 0.6 8 51.5 206.7 199.4 251.3 0.9 8 149.0 129.7 193.0 192.3 0.7 10 201.3 139.2 269.4 189.0 0.9 8 245.3 126.0 289.6 183.5
003323,0.8 8 357.5 90.6 499.8 245.8 1.0 14 129.7 82.5 269.8 250.3 0.9 14 270.3 0.9 403.4 180.3 0.9 8 50.3 153.6 180.1 249.7 0.8 14 85.7 82.5 272.3 249.8 0.8 8 48.9 74.3 155.5 169.9 0.6 14 132.4 82.5 269.9 250.1 0.8 10 86.1 74.9 448.1 246.1 0.9 14 271.7 0.9 406.7 227.5
003324,0.5 14 129.4 70.6 306.1 248.6 1.0 14 149.4 81.1 306.4 248.1 1.0 14 228.2 37.9 479.3 250.9
003326,0.0 0 0.0 0.0 10.0 10.0
003328,1.0 14 11.0 0.9 148.5 257.8 1.0 6 186.4 104.8 408.4 224.2
003329,1.0 14 8.6 12.5 214.0 495.1
003332,0.7 11 2.6 23.8 399.1 307.2
003333,0.9 13 46.3 231.7 112.5 370.1 0.9 13 115.9 239.1 241.6 444.9
003334,0.8 6 375.1 63.8 483.7 122.8
003340,0.8 13 55.4 240.5 180.0 443.1 1.0 14 68.9 193.2 145.1 344.2 0.6 13 115.5 239.1 180.1 440.6 0.8 14 67.4 191.7 149.5 382.4 0.7 14 68.7 192.8 149.3 436.9
003341,1.0 14 169.2 61.8 247.3 206.1 1.0 14 338.2 22.0 416.2 180.4 1.0 14 236.1 62.7 305.8 197.3 1.0 14 108.9 57.8 187.4 208.8 1.0 14 26.8 8.8 131.8 219.9 0.9 14 271.0 88.4 345.8 200.5 1.0 14 269.3 88.1 372.8 219.8 0.9 14 270.6 25.7 353.5 116.4
003342,0.8 13 332.5 130.4 402.5 160.6
003345,1.0 8 200.4 146.7 261.3 233.1 1.0 8 270.2 147.4 333.8 230.8 0.9 8 140.6 146.5 196.2 231.5 1.0 8 24.9 129.9 79.3 218.1 1.0 8 327.1 132.6 391.0 219.8 1.0 8 73.9 145.5 133.4 231.8
003346,1.0 14 45.3 80.6 125.3 200.1
003347,0.6 3 391.9 222.1 444.0 250.3 0.8 0 88.0 57.7 145.3 74.0 0.7 3 199.8 229.8 268.4 251.5
003348,1.0 6 1.1 175.4 78.2 207.2 1.0 6 104.5 175.4 146.7 199.8 1.0 6 148.0 152.1 384.2 235.1 1.0 6 63.9 176.2 116.2 201.6
003352,0.6 11 2.0 108.4 126.8 363.7 1.0 14 66.6 34.7 222.8 359.3
003353,1.0 6 90.2 73.4 272.8 145.5
003357,0.5 6 141.7 33.4 245.9 78.4 0.9 6 1.4 25.8 171.7 116.4 0.9 6 170.2 33.3 239.6 59.9 0.7 6 16.4 28.2 165.2 89.8 1.0 6 22.9 49.9 420.6 167.9 0.9 6 386.2 28.0 443.8 103.8 0.7 6 234.4 24.4 402.2 55.9
003358,0.0 0 0.0 0.0 10.0 10.0
003361,0.0 0 0.0 0.0 10.0 10.0
003364,0.5 14 178.2 64.2 229.4 95.7 1.0 6 95.2 59.2 394.5 184.0
003366,0.6 2 62.2 119.8 96.6 149.2 0.7 16 345.3 126.2 372.2 150.9 0.7 16 266.5 123.8 297.8 147.7
003368,0.7 14 11.3 11.6 243.6 201.8 0.5 14 208.4 1.0 499.3 199.0
003371,0.5 7 2.7 56.0 247.3 301.7 0.7 7 1.5 56.5 441.8 373.0
003372,0.8 0 212.0 139.4 276.5 180.1
003375,1.0 6 81.1 105.4 346.9 295.1
003378,0.8 14 126.5 105.4 231.3 374.5 0.9 14 75.7 105.7 231.2 374.0 0.6 14 30.2 106.8 233.2 373.0 1.0 14 27.0 111.4 140.8 319.3 1.0 14 205.7 129.9 390.4 374.4 0.8 14 283.0 90.1 396.7 373.7
003381,1.0 0 8.6 110.3 440.7 243.6
003383,1.0 14 88.4 9.0 165.2 330.9 1.0 14 13.2 10.7 102.7 325.0 1.0 14 158.3 2.2 251.8 330.5 0.7 12 155.1 19.5 252.3 330.8
003384,0.5 11 190.5 79.4 444.1 278.2 0.7 11 188.1 80.0 447.0 368.2
003385,1.0 6 155.5 77.8 229.7 138.1 1.0 6 350.4 85.0 448.5 136.6 0.9 6 0.6 85.6 190.0 331.6 1.0 14 145.7 69.8 345.8 330.9 1.0 6 291.1 134.4 500.0 331.5
003387,1.0 6 61.2 83.7 391.4 187.6
003388,1.0 14 180.1 8.0 226.0 92.0 1.0 14 208.1 80.8 274.3 252.8 0.6 1 54.8 97.8 167.7 134.3 0.8 1 47.0 118.7 119.8 231.9 0.9 14 363.3 24.9 392.6 88.4 0.9 14 424.0 30.9 452.6 89.1 1.0 1 392.7 57.5 451.5 98.0 1.0 14 106.7 43.4 152.4 117.7 0.6 14 415.2 21.4 452.1 89.1 0.6 14 39.1 26.3 106.9 165.5 0.7 1 113.7 92.7 168.1 128.3 0.9 1 58.6 119.5 121.5 187.0 0.9 1 50.9 110.5 166.7 186.6 0.6 1 46.4 115.0 112.4 159.1 0.9 14 187.8 9.2 229.7 126.1 1.0 14 41.6 25.1 125.4 180.8 0.7 1 420.0 171.6 452.6 251.9 0.9 1 179.9 82.2 222.1 158.2 0.8 12 203.8 17.4 407.5 253.2 0.5 12 209.8 0.6 409.8 250.9
003389,1.0 19 59.5 122.2 194.6 246.3 0.5 4 343.9 184.2 374.2 234.3 0.5 19 179.6 1.6 340.3 76.8
003393,0.8 13 37.8 81.8 227.0 494.7
003394,0.6 9 266.0 58.7 398.4 134.0
003399,1.0 14 461.8 83.2 495.2 182.6 0.9 5 34.9 46.9 242.8 152.0 0.8 14 358.0 105.6 391.8 149.9 1.0 14 112.7 68.6 166.1 198.6 0.5 12 216.6 90.3 456.7 206.1 1.0 14 332.4 84.6 357.8 120.7
003400,1.0 1 2.7 7.1 401.2 271.9
003402,0.9 2 105.7 122.8 162.9 180.7 0.9 2 206.5 139.3 275.5 176.5
003405,1.0 6 44.4 89.6 246.7 186.1 0.6 14 314.6 -0.5 444.7 281.1
003409,0.6 3 275.9 52.8 442.5 176.4
003411,0.5 11 2.1 10.3 445.3 284.2
003414,0.5 14 22.1 92.1 43.7 123.3 0.9 6 68.6 103.6 150.5 130.1 0.7 14 79.5 81.4 99.7 103.0 1.0 14 61.6 92.4 87.0 119.5 0.9 6 71.8 97.5 242.6 134.2 0.9 14 1.6 91.0 18.8 123.0 0.8 14 1.0 98.0 13.3 150.1 0.9 14 367.7 100.8 398.0 119.2 1.0 14 25.1 91.9 51.6 123.6 1.0 6 110.1 96.9 313.8 139.0 0.8 14 79.3 89.1 99.5 109.1 0.8 14 108.5 91.8 128.1 107.1 1.0 6 74.4 99.8 464.1 235.9 0.6 6 310.3 101.5 412.2 131.6 0.6 14 115.3 91.1 133.3 105.7 0.8 6 108.5 98.5 239.8 137.0 0.7 14 83.8 90.8 104.2 109.6
003418,0.7 11 60.4 369.1 116.9 436.9 0.6 12 103.1 263.9 131.9 378.7 1.0 14 175.5 247.6 233.5 370.6
003423,1.0 14 182.3 90.5 305.5 280.3 0.8 4 416.7 174.8 449.5 259.2 1.0 14 2.4 57.6 230.5 281.7 0.5 14 251.4 69.2 440.8 276.1 1.0 14 299.4 69.8 442.7 238.8
003426,1.0 14 97.1 10.7 367.7 250.8
003427,0.9 14 1.8 1.2 266.4 284.1
003428,0.7 14 6.6 27.6 43.3 55.0 0.5 18 190.6 46.6 328.1 179.5
003431,0.7 4 0.9 228.8 18.6 299.0 0.6 4 0.7 228.1 18.9 344.8 1.0 4 38.6 199.5 87.3 421.7 1.0 14 8.4 15.4 246.0 446.0
003432,0.7 2 148.9 122.0 179.7 189.9
003434,0.9 14 250.1 122.9 292.3 189.6 1.0 14 307.6 93.5 334.9 127.1 0.5 12 359.0 124.2 443.1 252.1 0.6 12 307.1 159.4 441.0 253.1 1.0 14 291.8 121.4 361.2 220.8 0.7 14 276.4 121.5 365.0 225.7 1.0 14 130.2 66.4 209.1 199.9 0.6 14 157.7 185.3 181.6 223.1 0.8 14 131.1 65.3 211.2 242.8 1.0 14 187.6 86.1 303.1 249.5 1.0 14 357.1 98.9 441.0 201.5 0.7 12 307.3 157.6 365.6 252.4
003437,0.8 17 171.0 128.3 444.2 252.3
003438,0.9 8 228.9 124.9 314.6 232.0 0.5 8 316.9 141.4 373.0 235.0 0.7 8 233.5 160.6 312.0 231.6
003440,0.6 11 52.3 87.0 221.7 500.8
003442,0.9 4 432.8 73.9 472.7 123.4 0.7 17 51.5 55.6 500.5 166.4 0.6 17 50.5 53.2 499.5 170.6 0.8 17 0.9 53.9 499.5 220.2 0.8 15 418.5 145.0 499.9 222.8 0.7 14 136.5 77.4 212.0 135.2
003445,1.0 0 10.2 84.6 492.8 170.9
003446,0.8 4 216.4 112.3 267.7 261.3 0.8 14 134.5 16.9 186.1 92.5 1.0 4 158.2 133.6 203.4 237.3 0.6 14 131.9 16.3 210.9 100.7 0.9 14 147.1 74.4 200.8 125.8 0.5 14 145.2 65.1 207.3 165.3 0.7 10 2.4 135.5 453.9 282.4 0.7 4 230.2 160.9 268.6 254.7
003447,0.8 11 138.4 116.6 372.8 219.5 0.6 17 2.7 41.6 457.4 284.0
003448,0.9 15 233.8 143.5 265.0 182.3 1.0 8 167.1 96.4 260.3 221.4 0.5 15 233.4 147.0 264.5 183.9 0.7 8 299.1 107.9 442.0 271.0 0.7 15 65.9 60.3 128.3 127.0 0.9 8 297.8 126.7 439.6 269.0 0.6 15 259.6 148.7 313.5 194.7 0.7 15 264.5 187.2 311.4 234.8 0.9 15 162.8 138.4 189.3 171.0 0.9 15 116.0 66.4 187.2 123.1 0.5 8 35.6 145.6 115.8 224.4 0.5 8 182.5 97.5 261.5 213.7 0.7 15 66.4 63.4 185.7 130.7 0.8 10 74.1 116.3 187.3 245.1 1.0 15 67.5 65.9 165.3 131.1 0.9 8 7.6 101.2 124.2 236.7 0.6 15 104.9 97.2 158.8 125.6 0.5 10 72.1 116.4 186.2 224.6 0.6 15 224.3 225.8 305.6 270.2 0.8 15 151.6 138.0 174.0 168.6 0.7 15 210.5 45.1 262.7 132.1 0.7 8 298.6 -0.3 457.1 270.7 1.0 15 264.7 127.4 318.8 174.6
003454,0.6 14 183.0 0.7 257.8 110.8 0.6 8 249.1 243.2 355.5 280.1 0.6 14 407.8 7.5 457.2 169.7 0.7 8 175.2 248.6 249.6 281.3 0.9 14 411.0 11.5 457.2 63.6 0.8 14 179.0 45.2 275.2 251.6 1.0 14 180.9 43.6 357.8 251.9 0.6 14 181.4 43.9 355.9 268.8
003456,1.0 6 5.1 2.3 493.5 251.4
003457,0.0 0 0.0 0.0 10.0 10.0
003459,0.9 14 159.6 76.0 192.4 120.0 0.9 14 125.5 75.8 157.8 115.8 1.0 14 347.5 86.6 454.0 249.6 1.0 14 64.9 79.7 118.5 147.3 0.6 14 79.7 79.9 112.4 115.8 0.9 8 331.3 164.6 458.2 282.3 0.5 14 371.8 119.6 395.7 146.4 0.9 14 160.4 76.7 191.3 115.0 0.9 14 120.8 75.1 162.0 134.7 0.7 14 78.1 79.9 116.0 148.3 1.0 14 2.3 115.4 144.3 285.3 0.9 10 98.4 146.1 453.8 279.2 0.5 14 288.9 102.3 361.0 245.9 0.9 4 172.3 117.4 187.8 157.2 1.0 14 285.8 102.3 359.4 188.7 0.8 14 352.0 86.1 452.7 223.3 1.0 4 277.7 152.1 299.0 211.7 0.6 14 79.9 79.8 114.3 134.1
003460,0.5 6 33.3 146.1 129.7 194.9 0.9 6 1.5 141.1 126.6 194.5 1.0 6 97.6 98.7 446.0 217.1
003463,0.0 0 0.0 0.0 10.0 10.0
003467,0.5 2 1.6 60.6 312.7 249.8
003471,0.5 16 309.1 34.7 362.8 62.1 0.5 16 310.3 33.5 467.9 101.2 0.5 9 0.5 71.8 224.6 252.6 0.5 9 77.8 117.7 232.4 251.4 0.5 9 242.6 54.8 500.8 250.8
003472,0.5 17 207.2 208.8 443.8 282.6
003473,0.6 14 117.3 103.6 217.1 220.2
003474,0.8 14 422.5 98.0 440.3 155.5 0.5 18 30.3 80.9 452.9 276.3
003475,1.0 14 271.2 121.1 312.2 214.3 0.7 14 220.4 123.9 250.1 176.3 0.9 14 1.1 179.3 52.5 242.5 0.9 14 146.7 136.9 174.1 180.1 1.0 14 222.2 122.1 266.0 176.6 0.9 6 82.3 41.4 471.7 225.2 0.5 6 13.7 140.0 117.9 197.1 0.8 14 182.8 133.4 223.6 176.8
003476,1.0 6 349.8 347.2 445.8 374.9 0.8 14 365.0 153.4 398.8 278.8 0.7 14 400.0 209.1 419.5 238.7 1.0 6 2.0 337.4 230.7 374.6
003478,0.6 2 419.8 11.8 473.6 70.7
003479,0.9 14 422.6 1.4 499.6 331.4
003480,0.9 7 1.3 15.0 439.9 374.5
003481,0.8 3 318.0 223.4 370.6 280.0 0.5 6 214.5 289.0 260.5 326.9 0.9 6 252.0 267.9 288.9 295.9 0.9 3 379.4 181.1 422.1 227.1 0.6 6 275.9 242.9 306.9 273.1
003482,0.5 14 136.4 25.5 325.7 338.2 0.8 14 1.3 49.8 64.8 221.7 0.6 14 211.1 -0.7 317.9 311.2 0.9 14 133.0 0.7 230.7 194.8 1.0 14 173.4 25.9 324.1 346.1 0.7 13 148.1 125.6 376.5 372.7
003483,1.0 14 0.9 177.1 17.8 237.5 1.0 14 205.8 101.7 368.6 332.4 1.0 14 29.0 179.7 78.4 231.1 0.9 14 444.5 177.5 466.8 196.4
003485,0.6 14 126.8 90.5 386.6 361.9 0.9 14 122.5 98.5 229.8 340.2 0.8 14 53.9 98.9 229.7 366.9 0.5 14 57.5 94.9 383.3 372.9 0.6 10 3.0 298.1 427.6 375.4 1.0 14 196.4 89.0 383.1 328.5
003486,1.0 14 113.8 82.2 128.3 134.2 0.8 14 76.4 88.6 88.0 115.6 0.9 14 21.7 87.8 33.2 111.4 0.7 14 126.7 92.0 137.1 133.5 0.9 14 115.2 84.4 129.2 133.7 1.0 6 25.3 104.6 127.6 181.5 0.6 14 213.4 90.1 222.7 108.3 1.0 14 135.6 80.6 151.9 128.9 1.0 14 0.6 77.9 26.7 178.0 0.9 14 101.2 92.0 113.4 130.7 0.6 14 94.4 92.7 102.9 120.1 0.9 14 193.6 86.3 207.9 109.4 0.7 14 134.3 81.0 157.0 190.2 0.8 14 84.0 89.4 95.6 121.8 0.7 14 71.9 87.5 85.9 116.6 0.9 14 83.0 90.3 94.4 118.6 0.8 6 4.9 109.9 223.2 479.2 0.9 6 4.8 109.8 222.6 457.9 0.9 14 102.0 92.5 113.6 130.2 0.6 14 19.6 87.2 32.7 116.8 0.8 14 114.4 85.7 128.4 138.5 0.9 14 173.7 85.9 188.9 111.6 0.6 14 23.2 89.6 35.3 115.7
003488,1.0 15 143.6 101.1 201.3 139.9 0.8 15 0.9 182.6 16.9 220.6 0.9 15 98.8 132.3 137.5 162.4 0.6 4 28.8 155.4 50.6 189.8 0.9 15 226.4 86.7 265.5 114.2 0.9 15 45.2 155.3 88.5 190.9 0.8 15 281.7 56.7 325.8 88.2
003490,0.7 14 185.6 29.5 292.0 117.1 0.5 11 78.5 64.9 228.1 222.6 0.7 11 233.0 156.7 355.3 223.6
003494,1.0 14 53.0 138.4 111.5 249.3
003495,0.7 13 118.1 210.9 143.7 257.9
003498,0.8 0 176.8 116.4 230.1 150.1 0.6 0 2.9 110.3 438.3 249.2 0.6 0 55.0 116.9 443.1 247.9
003501,0.7 11 170.3 78.3 245.8 103.3 0.7 12 41.1 148.2 112.9 220.9 0.5 6 96.1 59.0 354.9 193.9 0.6 14 79.5 56.0 134.5 157.6 1.0 14 47.7 55.3 134.4 219.9 0.8 6 96.5 5.3 356.1 198.4 1.0 14 236.2 47.5 308.2 228.2
003502,0.6 8 209.1 83.1 300.3 179.2 0.9 10 61.7 101.8 350.4 185.4 1.0 8 298.6 105.7 398.0 229.4 1.0 8 76.9 121.3 198.7 250.1 1.0 8 9.2 91.6 92.8 209.6 0.8 10 63.3 102.2 349.0 246.7 0.7 8 130.2 83.8 219.9 170.9 1.0 8 201.0 126.3 310.6 251.1
003503,1.0 6 39.1 185.8 107.6 247.2 1.0 14 0.9 205.1 27.6 334.6 1.0 6 452.5 190.3 500.0 234.6 1.0 14 17.5 183.1 54.3 283.6 0.8 5 103.2 84.8 354.8 262.5
003504,0.8 7 1.3 35.6 440.7 374.0 0.5 7 1.0 90.9 441.7 373.9
003505,0.9 13 157.9 163.5 286.7 337.0 1.0 14 168.3 82.8 276.4 302.8
003507,0.8 8 116.5 178.8 195.9 376.1 0.5 8 1.9 202.4 78.7 347.7 0.7 8 221.4 239.5 413.9 377.9 1.0 19 282.0 154.7 376.9 259.5 0.8 19 396.6 102.1 441.1 244.1 0.9 8 153.6 176.1 200.5 376.3 0.7 14 182.3 143.9 200.4 179.4 0.9 19 116.3 177.0 192.9 254.0 0.8 8 337.3 235.3 416.6 376.9 0.8 10 165.6 243.2 401.2 377.4 0.8 14 211.6 138.9 230.9 163.2
003512,1.0 14 249.4 113.6 278.3 143.8 1.0 6 162.6 99.0 393.9 208.4
003513,0.0 0 0.0 0.0 10.0 10.0
003514,0.5 11 169.3 20.2 444.5 373.9
003515,0.8 14 303.6 65.4 321.9 86.4 0.6 14 42.9 85.3 80.9 189.7 0.6 14 423.9 83.1 442.7 157.1 0.6 14 69.4 85.8 101.5 138.1 0.9 14 413.4 86.5 431.1 116.0 0.9 14 1.2 84.6 39.0 186.4 0.9 14 1.1 82.0 40.7 232.9 0.9 14 72.6 86.9 105.1 135.0 0.9 14 270.6 87.8 302.8 131.6 0.7 14 48.5 83.9 76.5 132.8 0.7 14 1.1 81.4 18.3 126.2 0.6 14 69.8 85.2 92.6 130.6 0.6 13 54.4 77.0 376.0 342.4 0.8 14 43.9 85.4 83.1 189.8 0.9 14 86.4 88.1 107.1 132.9
003517,0.5 5 1.0 68.6 37.9 140.1 0.9 14 91.2 0.4 206.2 152.8 0.5 12 95.1 1.2 317.7 250.2 0.8 5 324.3 97.5 400.4 158.9 0.7 6 28.8 93.3 95.6 144.2 1.0 14 268.4 49.8 327.4 228.6
003520,0.7 8 150.8 81.0 173.6 176.9 0.6 14 75.4 30.3 144.5 198.4 0.9 14 171.7 341.9 202.8 419.8 0.9 14 29.9 253.2 42.0 319.2 0.8 14 99.8 319.7 127.0 374.8 0.9 14 106.3 199.5 122.7 263.6 0.9 14 85.2 292.5 101.3 346.6 1.0 14 74.2 32.4 145.4 260.3 0.9 14 74.8 209.0 100.9 260.5 0.8 14 55.1 275.2 75.1 325.4 0.8 14 58.2 272.3 97.7 330.3 0.6 14 126.5 233.3 136.7 277.5 0.9 14 72.7 289.8 101.1 346.8 0.9 14 2.9 32.5 200.2 477.4 0.7 10 2.2 207.3 202.2 474.8 0.9 14 39.2 232.6 51.5 271.4 0.9 14 125.7 232.7 137.0 277.5 0.9 14 48.5 195.3 58.3 225.3
003523,1.0 6 140.3 92.9 290.7 177.4
003526,0.8 8 263.7 86.4 299.2 152.1 0.8 8 343.1 123.2 391.7 184.4 0.9 17 1.5 109.8 232.2 251.8 0.6 10 265.2 108.5 356.0 153.9 1.0 8 298.5 108.4 334.7 156.4
003527,0.8 14 59.9 169.4 69.2 200.6 1.0 14 53.9 231.9 82.9 323.8 0.7 14 32.3 222.0 47.7 250.4 0.9 14 68.3 178.0 79.7 205.1 1.0 14 24.4 235.6 57.1 360.2 1.0 6 95.2 234.2 120.1 255.8 1.0 6 128.0 247.8 230.2 369.8 0.6 14 33.3 221.9 48.2 262.8
003531,1.0 12 29.2 96.8 90.3 299.1 0.6 14 31.6 60.8 90.3 224.1 0.5 14 28.3 60.7 86.7 191.4 0.9 14 22.7 61.8 90.9 224.8
003532,0.8 17 291.9 150.3 447.4 222.5 0.9 19 194.1 103.5 248.8 153.5
003533,0.6 16 76.9 57.1 118.5 74.5
003534,0.9 14 168.5 1.4 292.9 123.0 0.9 14 373.0 54.0 500.1 249.9 1.0 14 1.3 -0.4 116.4 141.8 0.8 14 254.9 6.4 371.0 171.0 0.8 14 168.3 1.8 304.4 139.8 0.6 1 13.8 84.4 137.7 204.5 0.6 14 169.4 1.3 320.6 188.2 0.8 1 2.2 55.7 136.2 204.8 0.9 14 270.1 14.9 430.9 191.0 0.9 14 293.8 17.9 499.1 249.3
003535,0.0 0 0.0 0.0 10.0 10.0
003538,0.9 13 55.9 92.5 343.1 248.7 0.9 14 174.8 16.8 277.7 247.1 0.9 14 175.0 14.0 316.1 246.7
003540,0.7 2 237.9 82.1 285.5 116.2 0.6 7 75.6 0.1 269.2 70.6
003541,0.9 14 119.3 19.2 219.3 499.1 1.0 14 27.9 73.4 146.5 499.4 0.6 14 1.2 72.7 134.6 499.7 0.6 14 78.2 19.4 217.9 499.2
003542,0.6 1 92.1 173.6 149.6 233.7 0.7 1 36.3 174.0 143.5 235.7 0.9 1 193.5 169.2 272.1 214.5 0.7 1 112.7 165.2 198.2 238.9 1.0 14 380.3 134.7 407.4 169.8 1.0 14 101.1 133.3 137.6 189.6 1.0 14 136.8 136.5 188.2 203.6 1.0 14 54.8 139.8 111.9 225.5 0.8 1 135.5 166.6 196.6 216.3 1.0 14 204.1 143.2 253.1 201.7
003543,0.6 3 90.2 22.4 141.3 53.4 0.9 14 94.0 45.0 131.3 157.6 0.9 14 97.4 45.6 127.4 94.6 0.6 3 1.2 12.6 140.1 281.1 0.7 14 48.5 41.7 106.5 116.2 1.0 14 5.3 40.1 35.1 102.5 0.5 3 1.1 11.0 141.2 280.1 1.0 14 47.8 40.4 107.5 197.7 0.6 3 187.1 50.2 266.8 86.8 0.9 3 188.2 51.8 327.7 145.2 0.6 3 323.1 107.5 361.0 134.8
003544,0.8 15 2.3 11.5 149.4 239.1 0.6 14 0.9 141.9 30.7 181.5 0.9 19 174.4 132.4 264.3 194.5 0.7 10 1.9 197.8 263.9 282.7 0.5 8 203.7 55.7 237.6 99.4 0.9 17 324.6 138.0 443.8 282.6
003545,1.0 6 117.4 5.7 389.8 237.3
003547,0.7 18 49.5 51.0 346.9 288.0 0.9 14 404.0 246.8 430.3 283.8
003552,1.0 6 54.9 124.5 444.0 282.8
003553,1.0 6 1.3 190.6 99.3 261.1 1.0 6 25.9 126.0 444.1 334.7
003557,1.0 14 214.1 93.5 250.8 151.9 0.6 14 208.6 92.3 261.8 202.9 0.9 12 180.2 130.8 274.5 235.8
003558,0.0 0 0.0 0.0 10.0 10.0
003559,1.0 6 24.8 202.6 324.1 327.3
003560,0.5 7 193.7 230.3 444.5 374.7 0.8 7 3.1 61.0 246.6 372.6 0.5 7 182.8 82.1 441.0 373.3
003561,0.9 10 2.1 155.9 224.1 500.8 0.6 4 160.5 362.9 221.9 501.2
003562,1.0 14 59.3 32.6 210.1 250.3
003563,0.9 14 157.0 84.1 176.4 108.6
003568,0.5 18 82.6 68.7 278.8 251.4 0.8 18 1.7 65.2 279.7 249.1
003569,0.7 17 61.3 81.3 241.2 239.5 0.9 6 242.5 139.4 262.2 167.9
003570,1.0 6 66.7 94.3 429.0 242.5
003571,0.0 0 0.0 0.0 10.0 10.0
003572,0.8 15 97.0 163.0 200.2 337.0 0.9 15 5.5 207.2 95.4 342.0 0.9 15 2.0 29.0 149.8 338.1 0.7 15 2.6 27.8 198.9 346.4
003573,1.0 14 350.1 59.6 402.8 248.8 1.0 14 332.1 114.1 362.4 154.4 1.0 14 129.1 87.1 217.4 250.2 0.6 14 52.8 75.9 216.8 250.9 1.0 14 47.4 64.0 147.5 250.3 0.6 14 327.4 110.6 365.9 226.4 1.0 14 253.4 79.0 337.4 250.6
003574,1.0 0 9.2 27.5 439.6 158.8
003578,0.9 13 48.7 213.6 215.9 367.3 0.8 6 78.6 103.8 148.2 178.1 1.0 6 1.6 155.6 128.8 261.1 0.6 6 0.8 147.5 19.2 176.6 0.8 6 61.8 143.7 126.0 184.6 0.6 6 137.0 140.1 228.9 292.1 0.5 14 113.0 176.8 184.8 292.9 0.8 6 1.1 147.0 52.1 182.4
003579,1.0 12 59.1 113.5 124.2 459.9 1.0 14 40.9 96.1 131.2 334.0
003581,1.0 14 219.9 1.1 258.1 45.3 1.0 14 2.7 14.3 190.0 252.4 1.0 14 238.8 12.5 397.7 249.3
003582,0.9 14 74.4 15.3 101.5 35.7 0.8 14 56.9 12.5 100.0 36.0 0.6 17 323.5 52.7 403.3 100.1 0.5 15 150.8 18.9 173.8 56.0 0.9 8 322.9 52.4 402.4 97.8 0.7 15 73.1 86.3 104.9 101.5 0.9 14 159.8 36.2 186.9 56.3 0.6 17 247.0 60.4 307.0 91.9
003583,1.0 14 159.5 2.9 257.5 206.3 0.9 12 57.1 67.9 351.9 212.1 1.0 14 418.7 120.4 437.4 193.3
003584,1.0 14 87.0 7.8 144.4 82.1 0.6 12 88.4 35.9 177.1 113.0 0.6 12 52.6 36.0 178.5 156.9 0.7 12 52.8 35.8 176.4 116.2
003590,0.6 4 205.5 147.6 217.7 174.4 0.9 14 328.9 94.4 400.7 247.9 1.0 14 35.0 3.9 95.5 167.0 0.6 4 177.8 135.1 189.7 168.9 0.7 8 0.9 147.8 31.6 228.5 0.9 4 155.3 129.8 170.0 177.8 0.8 8 87.5 86.8 151.7 153.1 1.0 14 5.4 151.6 185.6 251.5 0.8 10 119.2 141.2 267.2 221.5 0.9 19 193.6 87.2 257.9 133.5 0.7 14 268.0 94.6 399.1 226.9 0.7 14 258.4 94.9 398.6 250.9
003591,0.9 15 344.2 14.6 417.2 58.5
003592,1.0 14 11.3 110.8 68.9 439.3 1.0 14 171.2 166.2 181.5 207.4
003595,0.5 12 102.5 145.6 184.5 237.4 0.6 9 298.8 137.1 362.4 230.1 1.0 14 59.5 67.4 127.9 168.9 0.5 14 205.6 41.0 254.8 95.8 1.0 14 265.8 44.8 330.6 135.2 1.0 14 4.5 50.5 62.1 216.9 0.8 14 309.1 38.6 358.9 128.1 1.0 14 158.2 45.6 215.7 139.4 0.9 14 321.9 41.2 351.1 83.6 1.0 14 205.5 42.0 258.2 137.7
003598,0.8 2 176.3 101.3 228.3 142.6 0.6 2 43.2 100.5 112.0 245.3 0.7 2 64.9 4.6 223.4 108.1 0.8 2 2.7 99.8 112.7 248.5
003600,0.9 14 159.9 18.8 278.9 246.8 0.9 14 160.6 18.2 317.2 246.6
003601,0.7 18 35.2 66.4 313.2 213.1 0.7 14 23.0 107.6 39.0 132.5 0.8 18 76.0 71.7 312.9 207.5 0.9 14 44.5 109.3 58.3 131.6
003602,0.9 4 319.9 129.3 361.0 221.1 1.0 14 52.4 30.9 254.9 223.8 0.6 14 1.2 35.9 159.1 218.5 1.0 14 244.0 21.9 450.0 223.0
003607,0.5 6 0.8 53.0 126.3 499.7 0.8 6 1.3 8.3 246.7 499.3 0.6 6 0.5 90.9 248.5 500.7
003610,1.0 14 1.3 47.1 249.9 499.8
003612,0.8 12 91.5 150.4 230.4 250.6 1.0 14 81.5 60.8 229.8 250.3 1.0 14 216.2 74.6 342.0 251.0 1.0 14 218.2 72.7 497.9 249.8
003613,0.6 14 42.1 133.5 119.4 271.2 1.0 14 1.4 130.6 117.8 270.0
003615,0.7 11 78.7 55.0 363.8 232.5
003616,1.0 14 171.9 49.7 222.0 172.4 0.8 8 1.9 86.7 123.8 282.7 0.9 8 231.8 87.0 442.9 282.0
003617,0.9 14 122.9 1.5 231.5 134.0 0.7 10 106.2 141.8 308.2 279.4 0.7 14 13.5 20.5 58.5 67.3 0.8 8 358.6 103.1 443.0 280.3 0.8 14 96.8 18.0 125.7 56.3 1.0 8 15.3 132.3 127.2 280.2 1.0 14 58.9 57.7 217.4 282.9 0.9 8 175.2 219.3 344.4 280.4 0.5 14 235.0 57.2 425.1 268.2 1.0 14 208.7 58.0 430.2 281.7 0.7 14 219.6 58.4 430.8 282.1
003619,0.9 14 162.1 32.6 202.6 116.6 1.0 14 256.8 28.4 316.6 168.5 0.6 14 169.0 30.8 189.3 49.7 0.9 14 161.7 31.0 280.1 159.3 0.7 19 2.8 0.3 423.7 298.7 1.0 14 146.3 33.7 174.5 125.3 0.7 2 119.7 182.6 183.6 229.8 1.0 14 157.4 85.2 275.6 263.0
003624,0.5 14 183.2 10.0 231.6 157.5 0.8 8 114.5 163.2 160.6 250.0 0.9 8 14.0 144.8 60.3 244.8 0.7 8 359.6 159.6 394.9 214.9 0.6 8 401.7 144.0 442.5 212.6 0.8 10 129.3 158.0 264.1 246.4 0.9 8 119.1 171.7 230.2 250.6 0.7 8 323.4 141.7 357.6 194.0 0.8 10 90.2 181.4 281.6 248.5 0.6 10 133.9 155.3 276.0 197.3 0.5 10 130.8 154.8 230.8 194.2 0.9 8 117.5 172.2 170.9 250.3 0.5 8 329.4 151.2 362.3 208.4 0.9 8 99.4 144.1 132.0 185.7 0.8 8 234.7 170.5 298.1 248.0 0.6 8 283.6 139.3 311.7 188.4 0.9 8 289.5 145.8 333.0 215.3
003626,0.6 15 9.6 60.0 155.3 472.2 0.6 15 9.9 120.3 122.3 468.1 0.7 15 70.4 233.5 167.3 476.5
003630,1.0 6 203.7 92.5 335.7 136.2
003631,0.5 14 206.6 25.5 260.8 85.0 0.6 14 273.0 1.9 310.9 58.1 1.0 14 85.1 39.6 106.7 66.9 1.0 14 383.5 22.2 488.5 227.8 0.9 6 19.5 50.9 138.4 101.7 0.6 14 365.6 29.7 395.6 51.7 0.7 14 181.9 78.1 239.7 138.7 0.5 6 19.2 57.8 222.0 124.8 0.9 14 354.0 28.0 399.1 103.1 0.5 14 205.5 25.3 263.0 131.9 0.9 6 1.0 49.2 48.9 92.2 1.0 6 2.8 59.6 398.1 226.7 1.0 14 127.9 38.8 152.7 63.7 1.0 14 209.2 26.4 257.5 63.2 0.6 14 281.3 40.0 322.0 135.5
003633,0.8 14 291.8 90.3 312.5 105.5 0.5 9 102.6 121.0 167.0 155.9 0.6 9 46.8 91.9 158.7 155.6 0.5 9 1.3 89.4 64.4 146.0 0.6 9 46.7 91.7 144.5 146.8 0.6 14 458.2 120.1 483.0 145.7 0.5 9 186.1 95.2 336.2 155.5 0.6 9 315.6 102.1 483.8 163.6 0.7 14 289.3 91.3 318.8 146.6
003637,0.0 0 0.0 0.0 10.0 10.0
003641,0.8 4 225.0 334.1 253.7 444.4 1.0 14 105.9 65.0 161.8 253.5 0.9 17 1.4 244.0 227.2 445.6
003643,0.6 4 150.9 222.3 195.3 430.1 0.8 8 217.4 255.8 253.2 398.8 0.8 15 208.1 279.9 232.2 356.8 0.8 14 84.3 63.7 219.7 372.8 0.5 15 45.1 209.7 60.8 240.9 0.9 14 43.1 64.0 216.0 434.0 0.7 10 2.6 257.8 250.4 439.0 0.9 4 154.3 296.5 191.0 430.8 0.8 15 202.9 179.2 228.6 233.2
003647,0.8 7 64.2 56.8 231.2 314.4 0.8 7 198.6 44.4 369.5 373.6
003649,1.0 14 372.7 139.0 500.5 332.7 0.8 4 240.5 187.3 251.3 217.6 0.5 14 374.2 140.5 464.4 331.9 1.0 14 129.2 159.2 193.8 243.9 1.0 14 225.9 149.9 295.1 209.0 0.6 14 223.9 150.0 298.1 267.3 0.5 14 1.2 112.7 114.1 333.3 0.9 14 155.0 149.6 202.2 218.1 0.9 14 222.3 149.6 296.5 234.7 1.0 14 46.2 147.4 140.7 328.6 1.0 10 50.5 203.3 412.5 333.0 1.0 14 309.5 143.1 389.5 265.3 0.7 14 388.5 224.9 451.4 332.0 0.8 4 275.8 198.8 293.5 249.5 0.7 4 274.3 199.5 295.8 276.9 0.7 14 305.4 143.8 394.1 331.3 0.9 14 299.3 154.6 343.7 207.0
003650,0.9 8 249.4 1.3 378.2 123.1 1.0 14 176.5 65.3 335.1 236.3 0.8 8 410.1 230.1 447.1 324.0
003652,0.6 3 295.4 4.0 445.3 283.1 0.5 3 298.3 167.4 443.2 277.3 0.8 3 299.3 206.1 445.0 281.6 0.6 2 215.2 288.0 245.1 323.3 0.7 3 221.7 285.4 445.5 373.8
003653,0.7 12 56.0 62.0 440.7 311.0
003659,1.0 14 149.9 126.9 197.9 238.8
003661,1.0 6 111.3 301.9 331.4 434.7
003665,0.8 14 202.9 218.1 242.5 347.2 0.9 14 1.8 31.6 140.3 373.8 0.9 4 391.6 121.3 406.8 156.6 1.0 14 115.8 133.9 241.9 359.7 0.5 14 2.4 33.1 206.1 374.4 0.6 14 203.3 120.9 445.5 373.4 0.9 14 263.4 105.1 373.9 277.3 0.8 14 262.2 104.8 377.7 315.5 0.8 14 263.8 105.4 448.1 373.7
003666,1.0 6 19.6 56.2 415.1 283.9
003668,0.6 15 170.0 121.0 226.9 190.8 1.0 10 34.1 154.7 383.9 333.1 0.7 8 311.2 147.8 372.6 281.7
003670,1.0 14 127.3 70.7 268.1 266.9 0.9 13 44.4 95.3 329.1 281.8
003672,0.7 11 2.0 165.6 348.7 375.3 0.5 11 100.9 167.1 339.5 306.0
003676,0.7 19 359.7 242.4 442.8 373.9 0.7 15 107.5 144.5 130.3 183.5 1.0 8 39.5 175.1 134.1 294.7 1.0 15 125.8 114.7 174.8 257.5 0.9 15 105.5 143.7 132.1 186.2 0.6 15 62.2 140.1 110.9 181.4 0.6 15 1.0 154.4 15.9 200.6
003677,0.9 6 1.4 54.7 183.5 167.1 0.7 6 30.6 146.4 341.5 430.5 1.0 14 136.6 29.1 225.3 227.7 0.9 14 133.2 28.9 224.0 263.7 0.9 6 2.2 56.8 335.4 430.8 1.0 14 204.8 143.7 310.9 376.0
003680,0.8 14 114.3 3.3 138.5 51.1 1.0 14 306.2 286.6 346.1 375.2 0.9 14 70.8 0.4 98.1 138.5 0.7 14 311.6 286.3 408.8 375.4 1.0 14 119.8 20.5 171.4 138.9 0.7 14 158.9 1.2 181.5 47.9 1.0 14 1.0 228.9 43.8 375.8 0.9 14 195.0 307.7 255.1 375.2 1.0 14 86.3 1.3 124.0 141.6 1.0 14 265.8 8.7 313.3 127.8 0.8 14 274.7 286.3 343.0 375.0 0.6 14 122.7 16.2 156.9 135.7 1.0 14 343.4 4.1 392.5 123.2 0.9 14 1.1 7.8 27.0 143.4 0.7 14 109.7 2.7 137.3 130.3 0.9 12 48.3 132.4 354.1 339.7 0.7 14 135.9 17.4 156.5 52.9 0.5 14 410.8 295.4 441.7 332.6 1.0 14 260.9 177.0 317.5 321.4 0.8 14 71.8 1.2 94.5 138.1 1.0 14 312.6 2.4 348.2 134.8
003682,0.9 2 32.8 152.0 167.9 244.7 0.7 2 343.7 137.3 414.9 203.3
003683,0.9 6 57.2 50.3 399.5 286.7
003686,0.9 8 0.8 13.2 96.8 300.8 1.0 19 88.7 30.2 380.9 295.3
003687,1.0 14 327.1 195.6 342.0 225.8 0.6 5 176.3 176.3 320.3 247.5
003689,0.6 18 157.4 131.6 255.6 189.8
003692,1.0 6 280.4 123.5 332.2 152.9 1.0 6 127.3 128.7 179.0 152.6 1.0 6 459.0 126.2 500.0 151.0 0.9 6 415.0 125.3 470.5 152.6 1.0 6 54.4 125.6 107.6 153.5 0.7 14 1.1 135.7 14.0 151.8 0.9 6 32.6 136.6 61.9 152.2 1.0 6 328.3 137.5 368.1 153.6 1.0 6 176.7 134.3 230.4 152.0 1.0 6 216.3 135.6 265.3 154.2
003693,0.5 9 84.3 155.7 163.7 326.0
003697,0.7 4 197.6 71.8 256.2 168.5 0.7 4 250.0 99.1 346.0 300.2 0.6 4 326.7 190.6 401.5 300.1 0.9 4 171.6 141.1 265.5 300.4 0.7 4 198.1 72.6 258.9 225.7 0.6 14 24.3 52.2 212.2 299.8 0.7 4 247.9 98.9 346.5 264.5
003701,0.6 14 221.3 91.1 239.2 121.1 1.0 14 182.2 79.5 219.3 133.6 1.0 14 383.1 202.8 405.0 302.7 0.6 6 131.2 111.5 268.3 165.4 0.6 14 160.0 80.6 188.8 124.2 0.5 6 176.8 115.9 266.3 162.1 0.8 6 130.1 111.4 267.3 163.8 1.0 14 129.1 76.1 176.5 125.1 1.0 6 38.7 211.6 124.2 266.2 0.5 14 169.1 100.7 194.8 127.1 0.7 6 132.7 154.9 268.7 289.1 1.0 14 224.8 91.8 263.7 125.9
003702,0.9 14 330.1 28.2 359.9 60.5 0.8 17 2.0 75.9 436.4 204.8 0.9 17 2.4 76.3 437.1 281.8 0.9 14 328.0 26.4 373.3 80.9
003707,0.5 14 87.2 42.3 431.1 282.9 0.6 14 219.4 12.3 425.4 100.5 0.9 14 212.9 17.2 320.7 115.5 0.8 14 1.8 42.6 431.2 283.1 0.7 4 199.0 45.0 238.2 79.8
003710,0.9 14 249.1 36.7 274.0 57.2 0.6 5 0.5 19.1 420.0 209.4
003712,0.6 11 105.6 71.9 319.2 223.8
003715,0.5 6 0.8 99.8 57.5 209.4 0.5 5 40.7 47.1 418.8 266.8
003716,0.8 15 106.6 126.3 119.3 161.8 0.7 8 80.6 7.4 135.3 496.1 0.6 19 215.7 290.6 247.1 436.4 0.8 8 186.7 289.1 250.1 500.3
003718,0.8 6 2.4 1.0 496.4 251.1 0.8 6 2.7 63.4 493.6 249.0
003719,0.8 4 14.7 12.2 220.1 277.9
003720,0.6 12 28.3 141.7 258.0 320.6 0.8 12 136.9 120.4 302.8 321.4 0.6 12 317.8 126.5 485.1 304.3 0.9 14 137.8 74.5 215.7 207.1 0.9 12 31.8 119.5 296.3 320.7 0.7 14 150.7 74.8 218.6 239.6 0.7 14 254.1 118.1 349.3 271.7 0.6 14 318.7 93.9 426.4 284.8 0.6 14 253.5 95.7 427.5 285.8 0.8 14 340.9 93.6 426.4 244.3 0.9 12 232.8 125.0 485.6 306.9 0.9 14 311.1 117.3 352.9 169.6
003723,0.8 14 391.3 173.1 424.6 233.7 1.0 14 439.4 179.4 464.1 241.7 0.8 14 437.5 178.9 463.7 269.3 0.7 19 372.1 22.7 487.7 121.2
003724,0.9 7 82.4 121.3 308.6 273.3
003725,1.0 4 186.2 86.4 217.0 190.6 0.6 8 253.0 264.3 367.5 374.6 1.0 14 11.3 0.9 148.8 200.6 0.5 8 350.9 224.4 407.0 374.6 0.6 14 1.1 127.1 64.8 261.7 1.0 14 102.9 5.1 185.9 165.2 0.8 14 12.5 0.2 185.0 206.0 0.8 14 9.3 -0.3 146.7 248.9 1.0 10 1.0 160.1 443.8 375.3 1.0 14 278.2 27.8 377.0 166.5
003726,0.7 1 1.9 58.7 445.5 366.3 1.0 1 2.6 60.6 444.6 305.6
003728,0.8 17 3.4 29.7 442.3 372.1
003730,0.6 13 298.1 138.9 381.1 250.1 0.9 13 291.0 89.8 402.4 250.6 0.7 13 279.4 93.2 379.9 250.4 0.5 13 162.0 91.4 280.2 315.0 0.7 13 162.3 90.5 279.8 315.8 1.0 14 182.0 35.1 283.0 227.3 0.7 13 330.3 92.2 399.5 170.9 0.9 14 332.9 71.9 393.3 180.6 0.6 14 180.9 33.2 237.2 232.7 0.5 14 184.6 34.0 237.5 206.5 0.6 14 233.2 40.6 293.4 112.0 0.7 14 289.4 63.0 389.4 208.4 0.7 14 289.9 64.6 391.6 230.2
003731,0.9 14 2.5 41.6 261.8 331.6 1.0 14 254.9 1.6 498.5 331.9
003733,1.0 6 434.0 99.9 499.9 155.3 0.8 6 219.7 77.0 319.1 158.1 1.0 6 55.0 75.7 206.2 176.9 0.8 6 280.5 74.2 443.4 171.7 1.0 6 219.3 73.1 443.4 173.0
003734,0.5 14 222.8 139.4 240.3 175.8 0.9 14 120.3 79.5 190.8 224.3 0.8 12 205.0 160.7 277.5 224.2 0.5 14 214.9 139.8 249.5 214.2 0.7 14 121.4 81.7 197.2 246.1 0.9 14 120.1 79.6 181.6 212.5 0.9 12 58.5 181.5 207.0 365.4 0.5 12 204.5 156.8 278.5 223.9 0.6 12 119.3 125.5 206.2 248.3 0.8 14 223.4 141.0 249.1 194.3
003736,0.8 14 211.6 169.9 264.7 225.3 0.9 4 135.5 118.9 200.1 181.9 0.7 14 139.4 38.8 333.7 216.9 0.5 12 90.5 137.8 391.9 252.2 0.6 14 139.1 37.8 335.1 229.0 0.9 14 136.9 37.4 389.5 249.7
003737,0.8 14 38.1 20.3 97.1 143.8 0.9 14 198.8 1.0 273.6 111.6 1.0 14 41.9 21.0 96.8 105.1 1.0 14 1.2 20.6 250.1 448.5
003738,0.9 19 113.4 36.8 244.5 148.5 0.9 8 356.0 25.2 449.3 127.4
003739,0.8 14 226.7 16.1 499.5 251.2 0.6 11 1.8 41.0 262.4 252.1 0.8 14 1.9 15.2 497.8 251.9
003741,0.6 16 16.8 356.9 107.0 448.2
003742,0.9 14 0.6 19.0 127.1 186.7 0.9 14 1.1 19.7 128.8 275.9 0.9 14 1.3 17.9 177.4 284.4
003744,0.6 19 405.9 -0.2 499.4 207.1 0.6 17 -0.6 112.3 449.0 216.0 1.0 17 0.5 112.4 451.5 312.7
003745,1.0 14 53.2 32.8 186.5 413.5 0.7 14 52.8 35.0 295.5 410.7 0.7 14 248.0 69.2 338.4 198.8
003746,0.5 1 43.5 159.8 216.5 258.9 0.6 1 41.6 158.7 158.3 255.0 0.8 1 288.3 174.1 425.1 305.8 0.9 14 393.2 74.3 499.7 296.3 0.7 14 393.0 75.1 420.4 140.5 0.9 1 288.4 156.2 498.7 305.4 0.9 14 430.1 44.2 499.6 303.9 0.9 14 76.1 99.6 140.3 188.6 0.6 14 409.4 75.8 483.3 152.5 1.0 1 43.2 158.4 255.2 258.2 1.0 14 113.8 77.4 193.6 234.3 0.5 1 39.8 164.2 133.0 258.2 0.8 14 348.2 74.0 486.0 269.6 0.7 14 70.3 101.2 142.5 232.7 0.8 14 351.9 103.4 374.7 152.3
003747,0.7 19 153.1 332.0 217.8 448.4 0.6 14 244.2 441.4 285.0 500.1 0.7 14 33.7 9.1 205.6 306.0 0.8 14 111.7 458.2 148.5 499.3 0.9 14 36.5 7.6 208.3 499.3 1.0 14 156.8 380.2 179.5 416.4 0.6 19 152.9 331.6 216.8 447.5 1.0 14 186.4 379.8 209.7 418.0
003755,0.6 17 76.3 119.1 343.8 188.7 0.7 15 33.9 115.0 77.6 159.0 0.9 14 429.2 76.5 468.7 119.3 0.9 8 339.9 196.2 499.8 315.4 0.5 14 463.3 93.9 499.9 201.0 0.8 8 367.6 112.6 499.1 223.3 0.9 8 124.9 216.0 301.0 313.2 0.9 17 76.1 120.9 354.2 241.9 0.8 8 367.4 31.6 498.9 214.0 0.5 10 79.7 121.6 350.1 293.4 0.6 10 370.1 114.7 494.7 213.3
003756,0.7 15 128.3 231.7 193.4 370.1 0.6 15 23.3 277.5 186.7 462.9 0.9 15 27.2 275.9 187.2 372.8 0.9 15 6.6 142.8 55.0 218.7
003757,0.9 8 389.7 112.8 470.0 230.0 1.0 19 44.3 78.7 189.2 185.5 0.5 10 1.6 176.6 500.0 300.7 0.5 8 392.3 111.8 486.3 308.3
003761,0.8 8 394.7 158.8 500.2 312.1 0.9 15 310.0 126.9 369.1 179.3 1.0 8 71.7 145.6 199.7 312.2 1.0 10 139.9 138.8 367.1 310.3 0.9 8 206.6 178.6 329.9 311.8
003762,0.8 14 26.3 173.8 43.6 194.8
003764,1.0 14 99.5 8.8 190.6 86.5 0.9 12 95.3 25.6 198.9 134.7
003765,0.9 14 30.4 232.7 73.5 356.7 0.7 14 24.9 176.0 80.6 256.4 0.9 14 154.8 59.4 196.6 213.3 0.8 14 26.0 182.0 79.6 254.6 0.9 14 157.1 133.7 203.6 214.5 1.0 14 28.9 213.5 74.2 354.9 1.0 14 149.3 152.0 199.3 417.3 0.8 14 157.7 131.8 174.5 166.7 0.9 14 155.4 58.9 189.5 164.3
003766,0.9 4 383.3 160.7 420.0 231.4 1.0 1 3.3 19.1 367.3 238.2
003768,0.9 1 30.3 55.5 238.1 158.3 0.6 1 29.0 65.3 228.9 161.1 0.6 1 106.9 101.9 227.2 257.1 0.6 1 107.3 139.2 224.4 256.5 0.7 14 70.8 49.3 137.7 205.4 1.0 14 132.9 8.4 226.1 241.3 0.8 1 32.2 65.6 224.4 258.0 0.8 1 26.6 67.3 163.7 160.1 0.7 1 27.5 67.5 173.2 160.9
003769,0.8 14 133.4 87.6 142.9 111.4 0.7 14 145.5 83.9 155.2 103.8 0.7 6 1.2 101.7 81.5 190.0 0.5 14 131.7 88.7 141.0 112.4 1.0 14 39.4 84.2 60.2 174.2 0.8 14 106.5 124.5 119.2 143.2 0.9 6 1.2 101.8 44.5 187.5 0.7 6 64.8 98.8 189.3 181.9 1.0 6 9.7 136.6 196.1 353.6 1.0 14 188.1 87.1 205.2 233.9 0.7 14 110.2 86.2 118.9 102.4 0.5 6 3.4 102.6 44.0 139.8 0.7 14 167.7 84.3 174.9 101.0
003770,0.8 8 259.5 30.3 371.4 83.1 0.6 10 1.4 60.8 396.3 251.3 0.8 10 4.4 70.6 397.7 246.8
003771,0.8 14 149.9 84.1 255.8 190.4 0.9 14 383.6 96.1 424.2 245.8 0.9 14 22.8 45.3 167.0 175.1 0.5 4 368.2 173.8 389.8 229.1 0.8 4 334.9 163.1 376.3 242.4 0.9 4 117.2 146.2 184.1 246.9 0.9 14 152.1 84.5 294.6 214.2 0.8 14 20.7 45.8 168.6 225.6 0.8 14 142.4 85.3 300.1 249.5 1.0 14 251.4 106.5 335.5 209.2
003775,0.7 8 381.9 1.4 447.9 81.1
003776,1.0 19 145.9 53.7 249.0 162.8 0.6 19 200.0 203.3 274.8 291.5
003777,0.7 3 268.3 161.0 342.0 246.6 0.6 18 77.7 139.3 335.1 253.0 0.6 18 75.9 113.6 496.2 251.7
003778,0.8 15 32.5 93.7 164.2 264.3 0.9 7 20.3 67.1 262.5 383.4 1.0 15 253.2 4.5 331.6 294.1
003782,0.0 0 0.0 0.0 10.0 10.0
003785,0.0 0 0.0 0.0 10.0 10.0
003787,0.9 2 79.8 181.5 116.2 223.8 0.7 15 82.1 0.2 212.7 153.2 0.6 15 306.1 48.4 417.1 280.8 0.9 2 171.5 184.9 203.5 222.2 0.8 15 305.3 1.9 498.6 278.1
003789,1.0 14 148.7 230.1 228.4 333.5
003794,0.8 14 139.3 0.7 205.3 83.2 0.7 11 283.0 66.4 444.7 268.6
003795,0.8 12 319.2 117.5 406.2 273.4 0.9 14 200.0 3.2 294.9 162.5 0.9 14 304.5 19.5 407.4 160.3 0.5 12 51.7 142.0 212.6 293.8 0.9 14 199.3 2.9 295.2 247.0 1.0 14 50.1 19.5 214.5 293.4 0.8 12 199.3 127.6 290.6 279.5 1.0 14 306.0 20.9 408.8 226.3
003799,0.0 0 0.0 0.0 10.0 10.0
003800,0.5 10 3.0 105.9 244.5 483.7 0.5 11 150.2 360.2 247.2 471.0
003801,0.7 19 97.1 35.5 290.1 165.5 0.7 19 94.8 32.9 308.3 215.4 0.9 19 323.6 14.9 454.7 200.8
003802,1.0 19 204.3 160.2 304.7 226.6 0.9 4 214.2 18.1 238.9 82.8
003804,0.0 0 0.0 0.0 10.0 10.0
003805,0.7 11 177.2 92.0 496.7 187.8
003810,0.5 13 251.7 202.1 328.4 291.8 0.9 14 250.9 101.8 330.2 254.5 0.7 13 93.4 173.9 264.3 372.5 0.9 14 299.0 101.2 332.8 199.3 0.8 13 96.4 178.3 213.1 362.0 1.0 6 0.9 145.5 77.6 253.5 0.7 13 211.5 131.1 370.1 294.3 0.7 14 301.2 101.3 329.8 150.0
003812,0.9 7 175.8 85.7 330.9 283.7
003813,0.8 7 68.0 10.4 298.0 331.9 0.8 7 67.9 9.4 359.3 332.5
003815,1.0 14 232.0 1.4 273.6 93.3 0.6 6 384.1 58.4 500.0 98.8 1.0 6 188.0 110.0 429.3 208.8 0.8 14 314.7 129.5 337.9 149.3 1.0 14 286.9 121.2 312.0 148.2
003816,0.6 9 272.0 96.0 420.9 234.9
003819,0.6 8 334.7 0.0 441.0 213.2 0.7 11 64.4 207.4 288.9 360.8 1.0 14 2.0 0.1 200.6 234.1 0.8 11 133.1 51.7 340.2 268.4
003822,0.7 2 35.3 42.2 267.8 499.0
003823,1.0 0 81.6 109.8 456.4 230.6
003825,0.9 4 171.2 80.1 219.2 130.1 0.7 14 94.5 2.2 196.5 182.7 1.0 14 37.3 2.1 198.4 177.7 0.5 4 55.1 148.4 90.6 183.0 0.9 14 209.6 50.2 442.0 240.8 0.7 14 212.3 49.9 440.8 281.9
003829,1.0 14 435.5 141.2 456.4 194.4 0.6 14 378.6 97.8 399.5 176.9 0.6 14 380.2 96.1 395.8 122.2 1.0 14 471.7 138.3 490.6 162.2 0.6 14 459.6 138.3 472.7 161.5 1.0 14 388.9 118.5 415.6 178.5
003831,0.9 14 43.8 14.2 156.4 185.2 0.8 11 321.0 239.1 403.7 282.7 0.6 14 141.4 129.3 215.7 238.8 0.9 14 44.1 15.6 155.9 242.2 1.0 14 160.4 63.3 273.2 214.9 0.5 12 192.8 179.9 283.0 249.8 0.6 14 296.7 177.2 368.2 280.0
003832,0.7 12 82.1 38.3 329.9 188.4
003833,0.8 14 228.3 43.6 249.6 67.5 0.9 6 119.9 14.7 259.4 56.6 0.9 13 94.5 46.8 177.6 102.3 0.5 14 44.7 23.0 100.4 104.9 0.9 14 471.2 11.5 499.7 43.3 0.6 6 141.0 16.1 255.5 55.8 0.6 14 460.1 10.9 499.5 80.2 0.8 14 384.3 14.9 406.1 85.7 1.0 14 249.1 12.6 287.1 68.3 0.8 13 93.3 83.6 352.1 209.8 0.6 6 112.9 13.0 249.5 56.6 0.5 13 461.8 34.6 499.8 82.0 1.0 14 154.9 41.1 353.0 204.2 1.0 14 377.0 14.8 406.7 90.6 0.8 13 47.2 58.5 101.5 109.4 0.9 13 430.9 36.5 499.7 84.8 1.0 14 199.3 42.8 230.6 95.1 0.7 6 114.8 9.3 454.5 60.1 1.0 14 402.5 10.0 433.7 88.9 0.9 6 273.8 6.7 456.4 62.2 0.9 6 271.0 9.9 392.3 60.8
003836,0.6 3 406.6 180.9 446.8 214.0
003839,1.0 14 212.0 165.2 263.5 238.1 1.0 14 264.3 153.9 329.2 228.2 1.0 14 115.6 159.3 195.7 218.2 1.0 14 247.8 157.9 272.1 196.2 0.5 14 249.8 158.0 274.5 225.2
003840,0.0 0 0.0 0.0 10.0 10.0
003841,0.0 0 0.0 0.0 10.0 10.0
003842,1.0 4 19.3 12.7 87.9 495.5
003843,0.7 2 116.2 117.0 221.4 178.6 0.8 6 111.2 33.9 451.3 201.6
003850,0.9 2 90.0 87.8 270.1 221.4
003851,1.0 1 97.4 249.9 225.5 394.4 0.9 1 75.2 292.0 111.8 356.0 0.9 1 4.0 301.2 39.1 371.8 1.0 14 80.7 254.5 115.1 336.0 1.0 14 5.5 256.8 39.3 364.9 1.0 14 108.1 164.6 193.2 367.2
003852,0.7 12 61.1 2.2 399.9 225.5
003853,0.9 14 36.8 47.6 73.0 73.8 0.5 8 348.3 60.5 397.1 87.6 0.7 8 297.3 84.9 366.6 121.1 0.9 14 258.2 24.7 335.7 87.0 0.8 10 151.2 62.1 365.8 122.1 0.8 14 257.5 25.9 333.6 62.7 0.5 14 344.2 68.0 476.5 121.6
003854,0.9 11 39.3 100.9 200.3 450.6
003858,1.0 14 259.4 125.5 292.0 199.6 0.9 14 314.3 77.8 368.2 203.5 0.9 14 178.0 121.4 219.2 245.3 0.9 14 260.3 124.2 294.0 235.5 1.0 14 197.0 117.7 264.7 248.0 1.0 14 177.4 121.6 217.3 207.5 1.0 14 58.3 93.5 131.0 249.1 0.8 14 311.5 78.4 373.3 247.7 1.0 14 285.6 116.1 327.2 211.0
003862,0.9 8 98.5 123.8 214.5 220.8 0.9 8 206.6 94.0 311.1 179.8 0.7 19 297.5 3.3 398.1 105.5 0.5 8 99.4 95.9 307.8 212.7
003864,0.6 5 1.7 0.2 392.8 250.7 0.6 11 115.7 177.5 355.3 250.1
003867,0.7 4 198.6 116.9 213.5 156.3 0.7 13 123.5 137.2 234.4 251.5 0.7 14 130.8 49.0 191.1 166.1 1.0 14 128.7 48.8 205.2 234.1 1.0 14 196.8 41.3 289.6 245.5
003870,0.8 11 103.9 124.8 264.9 250.3 0.8 11 174.9 119.7 398.5 251.4
003873,0.0 0 0.0 0.0 10.0 10.0
003875,1.0 14 95.0 93.0 126.9 191.2 0.6 14 17.8 90.1 156.4 313.8 0.9 14 157.6 60.5 197.2 202.5 0.8 14 17.8 89.6 158.5 336.4 0.8 14 10.2 89.1 158.1 499.8 1.0 14 59.3 405.1 95.5 500.2 0.9 14 161.8 60.7 197.3 199.0
003878,0.7 13 56.2 30.4 399.9 250.2
003880,0.8 14 1.0 -0.1 124.8 279.6 0.9 7 180.6 26.3 395.6 299.8
003881,0.5 8 47.6 86.3 175.7 299.9 0.7 8 119.3 29.9 182.0 95.4 0.7 11 170.1 62.0 270.0 196.8 0.9 8 32.7 24.5 96.9 110.6 0.7 8 200.5 23.4 260.0 81.5 0.8 14 115.8 31.4 150.9 92.1
003882,0.6 15 142.1 89.3 268.8 188.4 0.8 15 373.5 136.9 486.4 292.2 0.6 15 5.5 103.4 206.4 270.2 0.8 15 374.6 145.5 483.6 291.5 0.5 15 54.8 105.5 207.7 269.0 0.7 15 7.2 111.2 149.8 258.2 0.6 15 230.3 198.0 330.0 317.9 0.5 15 3.0 97.6 138.7 276.8 0.6 15 113.6 140.7 207.2 246.5 0.9 15 137.8 97.5 211.0 177.5 0.8 15 306.7 119.1 399.3 221.4 0.7 15 3.4 106.7 208.4 284.8 0.7 15 179.8 119.9 267.2 189.3 0.6 15 2.9 104.0 209.3 325.1 0.7 15 7.9 91.3 116.9 261.7 0.6 15 382.0 153.6 487.0 292.0 0.5 15 154.6 119.6 264.0 293.6 0.5 15 306.4 211.2 415.6 331.7 0.9 15 232.5 117.7 400.6 319.1 0.9 15 226.6 128.2 329.9 315.8
003883,0.7 14 171.3 143.1 195.7 174.7 0.6 18 106.3 57.9 375.5 291.4
003884,0.8 14 297.6 102.1 443.9 374.4 0.9 14 180.6 85.8 295.2 252.8 1.0 14 2.0 58.0 142.2 368.3 0.8 14 67.8 85.9 374.9 373.8 0.5 12 186.5 1.1 277.2 102.0 1.0 14 217.5 102.7 444.0 374.8
003888,0.0 0 0.0 0.0 10.0 10.0
003892,0.5 3 1.0 1.5 295.3 127.2 0.5 3 0.4 0.6 293.7 125.6 0.8 3 1.0 12.5 295.2 125.6 0.5 3 1.6 1.0 296.5 125.7
003893,0.8 6 27.0 117.4 299.7 275.1
003894,0.9 8 113.9 21.9 193.6 75.4 0.9 10 0.3 67.6 444.0 254.9 0.8 8 234.6 18.6 310.2 71.1
003896,0.8 2 307.8 228.3 351.3 276.3 0.6 2 38.3 242.7 87.8 276.7 0.7 2 338.0 239.5 381.1 275.2 0.8 14 116.9 63.8 142.8 93.1 0.5 2 227.5 223.7 269.5 254.7 1.0 14 87.8 60.6 124.0 140.8 0.8 2 149.0 237.6 186.9 276.7 1.0 14 6.2 56.5 43.9 141.6 1.0 14 149.5 65.4 253.7 275.1 0.8 14 113.9 63.0 144.2 156.1 0.5 2 212.9 222.6 241.9 262.1 0.8 2 220.6 224.7 268.6 271.9 0.7 2 259.3 244.9 302.5 275.3
003897,0.9 14 417.2 40.5 443.5 97.7 1.0 14 134.5 99.9 340.9 254.6 0.7 14 184.4 99.8 341.2 254.0 0.7 14 342.4 42.7 443.4 254.2 1.0 14 341.4 93.6 444.9 253.8
003900,0.6 0 9.7 50.5 498.1 183.3
003901,0.8 7 5.3 82.1 224.1 498.5 0.6 7 31.9 162.7 225.3 498.7
003902,0.8 4 112.9 290.1 135.6 353.4 0.6 15 68.6 1.9 190.9 291.7 1.0 10 3.3 212.3 240.4 448.7 0.6 8 2.2 163.5 37.5 282.9
003903,0.9 14 393.1 0.2 499.6 224.4 0.8 14 133.8 40.9 417.0 226.8
003904,1.0 6 382.6 103.6 480.2 198.8
003906,0.8 7 141.8 0.9 352.5 223.2 0.5 7 140.4 0.7 403.7 223.0 0.9 4 395.5 96.2 441.9 221.2
003908,0.5 18 131.5 62.7 177.1 104.5 0.6 12 186.2 104.3 268.6 223.2
003909,1.0 19 181.7 68.4 228.5 99.5 0.8 19 346.6 88.1 412.2 129.5 0.7 8 356.3 120.8 440.0 221.2 0.5 19 238.8 82.3 293.9 133.8 1.0 19 301.9 87.3 409.8 129.9 0.9 8 234.1 83.3 279.3 181.4 0.6 10 25.5 121.3 217.1 212.9 0.7 10 222.9 121.5 450.6 218.9
003910,0.8 14 170.4 81.0 211.0 148.6 0.9 3 27.7 123.5 293.1 160.5 1.0 14 172.9 83.1 223.0 148.4
003914,0.6 16 436.8 62.2 499.7 91.6 0.7 16 268.0 65.7 327.1 99.1 0.6 16 334.6 73.6 414.2 113.8 0.5 9 276.0 88.2 399.5 144.1
003916,1.0 14 110.1 291.8 138.4 346.2 0.8 14 68.9 315.2 87.1 339.6 0.9 6 29.6 65.3 165.4 250.3 0.8 2 132.8 430.4 181.6 482.5
003917,0.5 6 195.8 0.3 411.0 130.6 0.9 6 101.9 -0.6 411.1 174.7
003920,0.6 11 2.1 108.0 378.7 249.4
003922,1.0 14 192.0 27.7 293.7 141.4 0.7 12 59.7 32.9 353.3 266.4 0.9 12 60.4 33.0 352.4 195.5
003925,0.0 0 0.0 0.0 10.0 10.0
003927,0.9 14 147.7 0.4 468.0 250.4
003928,0.9 4 79.7 15.1 167.5 484.2 0.7 14 64.4 16.3 250.1 497.9 0.8 10 0.9 234.3 251.8 500.6
003929,0.5 14 171.1 69.4 237.5 239.5 0.7 12 311.0 183.5 378.7 282.1 0.6 3 23.7 66.4 48.8 83.0 1.0 14 173.6 69.3 238.1 281.2 1.0 14 120.5 85.8 203.3 283.4 1.0 14 229.1 65.6 328.0 283.3 0.7 12 233.5 189.6 292.6 282.1
003930,0.8 15 373.2 152.6 410.9 181.9 0.7 12 142.6 30.7 431.8 252.6
003931,0.0 0 0.0 0.0 10.0 10.0
003933,0.6 11 220.6 78.4 445.1 198.3
003934,1.0 15 130.0 207.9 213.7 304.9 1.0 19 1.0 94.0 72.1 202.0 0.6 19 223.6 190.6 314.6 303.8
003938,1.0 14 184.5 97.8 364.0 304.4
003940,0.5 14 365.3 77.6 384.1 90.5 1.0 6 74.4 66.2 398.6 158.0 1.0 6 388.3 85.6 481.6 144.1
003942,0.7 2 128.4 101.3 229.1 190.0 0.9 4 13.5 120.7 36.6 192.1
003943,0.9 14 351.3 186.0 424.5 304.0 0.5 14 1.0 234.2 21.6 305.6 1.0 14 87.7 178.2 155.7 272.9 0.5 8 1.3 181.0 60.5 260.5 0.9 4 305.3 256.1 317.3 299.5 0.6 14 86.2 169.7 155.2 286.5 0.9 14 239.3 203.8 274.0 241.3 1.0 14 32.7 223.4 136.3 307.4 1.0 14 143.7 181.1 254.8 306.1 0.9 4 319.2 256.7 333.9 301.5 0.9 14 319.9 199.2 379.4 304.7 0.6 4 168.9 215.3 193.5 248.4 0.6 15 196.6 111.6 255.6 144.0 1.0 14 271.2 211.0 320.1 285.6 0.7 4 305.2 249.7 318.1 297.3
003944,0.6 4 112.9 158.5 146.4 264.0 0.5 17 2.4 120.9 273.3 250.4 0.9 4 115.1 159.1 144.4 244.2 0.8 17 2.0 119.1 426.8 300.7 1.0 4 56.7 187.1 82.3 253.9 0.6 14 256.0 20.5 426.8 274.8 1.0 14 253.4 21.0 427.6 304.9
003950,0.8 8 21.1 154.1 132.2 261.0 0.8 8 97.6 157.9 148.4 229.0 0.9 14 329.7 69.4 370.7 137.3
003951,1.0 14 83.2 61.9 163.6 277.9 0.9 12 49.8 126.2 190.3 432.9
003952,0.7 3 193.6 242.2 212.0 268.9 0.6 3 100.7 244.6 130.3 263.9 0.8 3 101.5 48.5 131.3 262.3 0.9 14 106.3 217.5 129.4 252.4
003955,1.0 14 84.3 115.5 129.8 213.5 0.8 12 114.2 137.1 242.2 251.5 1.0 14 183.1 107.3 246.1 179.3 1.0 14 38.4 107.5 85.6 237.1 0.7 12 244.4 116.7 410.3 243.9
003958,0.8 15 65.0 1.0 113.2 26.3
003959,0.5 14 184.0 60.1 259.3 169.1 1.0 14 180.9 61.1 255.4 247.5 0.9 14 339.4 5.9 444.0 249.6 0.7 14 339.7 69.8 443.7 248.6 0.5 14 257.7 70.2 376.9 200.0 0.5 14 355.3 3.0 447.7 112.9 1.0 14 49.5 25.3 239.4 249.2 1.0 14 1.2 42.3 70.5 250.6 1.0 14 239.9 71.1 383.3 248.2
003962,0.9 6 30.9 1.1 339.7 167.3 1.0 6 0.4 0.8 339.5 246.1 0.7 6 45.4 2.1 338.9 99.9
003964,0.6 11 9.8 64.8 207.9 347.4 0.6 11 5.1 62.5 216.0 418.3
003967,0.9 6 235.9 77.0 267.3 86.1 0.9 6 171.3 103.3 193.6 117.0 0.9 6 39.2 98.3 65.8 112.6 1.0 6 362.9 136.2 397.2 156.5 0.8 6 165.5 87.4 186.1 106.0 0.9 6 90.3 79.5 114.4 88.6 1.0 6 173.9 118.3 208.1 139.1 1.0 6 263.8 85.6 302.6 95.4
003968,0.8 4 110.3 244.0 161.3 324.3 0.9 14 27.5 5.5 318.0 323.9 0.8 14 90.6 6.4 318.3 325.7 0.9 1 31.0 234.6 341.3 329.7
003972,0.6 14 74.2 76.2 343.2 250.6 0.5 14 328.8 85.0 444.9 248.8 0.8 14 79.5 76.4 259.1 245.7 0.9 14 1.4 38.1 106.7 251.9 0.7 14 64.8 77.4 261.8 250.6 0.8 14 2.0 39.2 196.3 251.7 0.9 14 251.7 10.0 426.3 210.8 0.8 14 251.8 16.0 400.5 210.7 0.7 14 202.8 9.2 441.5 249.7
003975,0.0 0 0.0 0.0 10.0 10.0
003976,1.0 14 67.0 112.0 184.6 410.4 1.0 1 53.3 258.6 190.1 476.8
003977,0.5 11 9.6 1.3 318.3 345.2
003978,1.0 14 157.0 20.4 230.7 145.0 0.9 12 29.5 59.6 303.5 290.6
003980,0.8 11 5.2 20.9 281.0 250.5
003981,0.9 14 1.7 41.6 230.6 249.5 0.8 19 192.1 104.7 375.7 246.1
003982,0.5 9 246.6 130.8 290.9 151.0 0.6 9 346.3 132.8 388.4 154.5
003985,0.5 2 254.0 106.9 291.0 126.4 0.5 2 187.0 102.1 317.5 251.7 0.6 2 236.5 102.2 320.9 249.9
003989,0.9 14 172.9 54.5 234.3 134.7 0.6 14 99.6 48.1 143.0 91.2 0.9 13 336.6 101.9 444.6 180.8 0.8 14 23.0 38.6 63.7 116.3 0.9 13 62.9 78.1 158.4 129.8 1.0 14 98.9 48.3 147.5 128.8 1.0 14 173.3 54.8 285.3 184.6 0.9 13 157.1 83.9 278.4 182.6 0.9 14 210.5 48.1 299.5 183.6 1.0 14 353.0 70.8 443.4 173.9 0.9 14 257.8 48.9 308.2 122.1
003995,0.6 14 3.6 40.7 440.5 282.8
003999,0.0 0 0.0 0.0 10.0 10.0
004000,1.0 14 44.2 19.0 131.5 472.9 1.0 14 124.5 39.9 220.8 450.2
004001,0.9 14 216.7 130.1 229.7 154.3 0.8 14 102.5 135.7 116.8 162.5 0.5 14 121.7 135.0 132.4 154.8 0.9 14 103.4 135.8 118.2 161.8 0.7 1 410.0 136.0 444.9 178.0 0.8 14 353.2 123.4 367.6 153.5 0.7 14 231.7 129.3 245.4 155.4 0.6 14 114.3 135.8 125.5 159.8 0.9 1 379.3 141.6 406.0 177.7 1.0 14 378.4 121.7 402.9 167.4 0.9 14 78.5 136.1 96.6 163.2 0.7 3 239.5 19.2 357.6 155.8
004002,0.0 0 0.0 0.0 10.0 10.0
004004,0.7 10 7.9 378.2 119.6 500.6 0.9 8 120.9 315.7 232.4 501.2 0.6 11 128.8 420.9 207.2 494.9
004006,0.8 14 252.3 57.4 270.1 73.7 0.8 14 305.4 40.9 323.9 65.1 0.8 14 82.2 75.2 103.2 97.3 0.9 14 107.1 70.1 129.5 96.8 0.5 14 149.7 67.8 170.9 90.7 1.0 14 27.9 73.1 47.2 98.4 1.0 14 1.0 65.6 18.7 99.6 0.8 14 108.8 70.3 130.0 97.1 0.9 14 45.6 73.3 62.7 98.2 1.0 14 167.9 38.3 226.6 129.1 0.8 12 70.9 69.4 290.2 190.9 1.0 14 371.7 58.5 392.0 88.6 0.9 14 50.5 72.8 67.9 97.0 0.5 14 148.6 65.8 169.7 90.3 0.6 14 30.9 72.3 46.9 94.9 0.9 14 63.9 71.1 83.3 96.0 0.9 14 305.0 40.2 327.2 85.2
004007,0.8 6 238.1 81.8 292.2 126.3
004018,0.6 2 2.2 73.6 276.1 222.3 0.8 2 2.7 72.4 346.6 222.2
004021,0.5 11 149.8 0.6 444.1 244.4
004022,0.6 16 20.6 127.0 58.4 147.5 0.7 16 182.9 108.6 213.2 139.1 0.6 16 71.7 103.4 99.4 121.2 0.6 16 407.2 100.2 445.8 124.5
004024,0.9 0 2.3 3.8 463.9 237.9
004026,0.9 6 35.3 87.8 102.2 117.4 0.6 6 303.3 102.1 348.2 145.0 1.0 6 131.3 106.9 279.4 205.0
004027,0.6 15 15.3 317.2 94.7 453.2 0.6 15 14.2 347.4 71.5 440.8 0.9 15 9.2 211.3 89.1 347.4 0.9 15 66.0 231.5 151.1 449.7 0.7 15 79.2 253.4 144.0 450.8 0.7 15 82.6 267.8 134.2 450.5 0.9 15 48.4 39.2 156.2 446.2 0.5 15 74.8 138.7 155.4 448.1 1.0 15 61.2 364.8 92.3 457.1 0.9 15 149.8 21.5 220.2 399.4 0.7 15 117.2 308.0 159.7 417.8 0.8 15 137.9 21.2 220.2 461.8
004029,0.5 7 439.3 21.7 487.4 62.0 0.9 17 6.7 31.9 496.9 97.6
004030,1.0 14 162.0 138.9 230.0 281.9 0.6 5 105.0 48.8 363.5 222.1 1.0 6 267.4 149.8 401.0 245.6
004032,0.8 11 116.3 100.8 259.1 200.8 0.6 11 117.0 72.4 258.1 198.8 0.7 4 84.8 37.9 110.4 94.2
004036,0.0 0 0.0 0.0 10.0 10.0
004038,1.0 15 190.6 76.3 236.6 137.3 0.8 15 229.4 8.0 270.6 94.9
004040,0.5 16 10.6 312.9 64.5 405.1
004041,0.6 14 91.1 75.4 335.6 283.1 0.7 14 91.4 75.0 335.3 282.5 0.9 14 89.9 75.8 234.1 282.5 1.0 14 212.8 108.2 338.4 282.5
004042,0.0 0 0.0 0.0 10.0 10.0
004043,0.9 6 142.9 101.0 330.6 245.8 1.0 14 299.5 149.4 383.5 273.7
004044,0.7 11 86.0 81.1 360.7 353.1 0.6 11 86.8 130.6 365.4 350.2
004045,0.8 8 0.9 84.8 21.9 225.4 1.0 17 27.8 60.0 419.2 347.7 0.9 15 306.8 14.7 394.2 133.4
004048,0.5 11 2.9 0.4 311.0 353.2
004049,1.0 14 1.9 0.4 223.1 434.4 0.5 14 144.3 3.3 309.8 472.3
004050,1.0 6 23.5 30.1 421.0 337.8
004053,0.9 8 153.6 184.1 185.1 266.8 0.9 19 404.7 67.4 498.8 258.3 1.0 8 111.6 189.0 165.0 273.1 1.0 10 77.7 191.0 136.7 267.2 1.0 8 70.7 190.7 106.4 265.0 0.9 19 247.3 172.6 353.7 256.9 0.7 19 242.4 172.4 354.7 306.6
004054,1.0 14 182.7 199.4 239.9 352.9 1.0 14 98.7 65.8 155.1 290.8 1.0 14 138.3 77.5 221.7 285.6 0.9 14 228.0 201.9 293.9 352.4 0.9 14 96.9 65.6 154.1 202.9 1.0 14 133.0 234.7 184.0 353.0 1.0 14 28.2 58.1 144.2 353.2 1.0 14 213.8 90.8 289.2 267.7 1.0 14 272.4 55.0 369.5 351.3
004055,0.9 4 204.3 342.9 240.8 445.6 1.0 4 136.8 309.6 175.8 447.0 0.5 4 100.3 88.5 143.4 172.4 0.9 4 96.7 90.1 149.0 277.6 0.8 10 0.5 219.6 251.1 442.4
004056,0.8 4 139.7 139.7 187.1 204.8
004059,0.5 14 290.2 86.8 314.0 107.9 0.9 14 156.8 132.6 188.8 178.1 0.7 2 190.9 105.9 221.1 137.3 0.9 2 231.4 147.7 279.9 175.4 0.8 14 265.5 33.0 301.5 60.1
004061,0.0 0 0.0 0.0 10.0 10.0
004062,0.5 11 1.4 51.8 283.8 193.5
004063,0.6 11 105.1 197.3 140.4 288.9 0.6 14 91.6 15.2 221.1 257.6 0.8 14 1.7 126.1 196.7 422.4 0.8 14 1.9 124.6 196.7 478.5 0.5 14 1.7 122.5 223.1 499.5 0.7 15 145.9 34.9 219.4 201.8
004064,1.0 19 59.1 1.2 209.3 139.6 0.7 14 150.9 57.4 443.3 251.0
004065,1.0 14 399.7 125.6 420.5 164.2 1.0 14 301.9 109.9 325.4 133.3 0.9 14 4.3 127.9 24.6 162.0 1.0 6 24.6 58.0 371.3 201.4 0.9 6 28.7 106.0 375.4 196.9 0.9 14 207.6 101.3 316.3 190.6
004068,0.7 4 194.7 174.6 257.7 353.5 1.0 4 247.2 173.4 280.0 332.0 0.7 14 210.5 19.5 345.5 196.3 0.8 8 69.5 19.4 156.3 152.6 0.8 14 1.2 145.4 219.4 375.5 0.6 4 101.2 150.6 206.1 336.0 0.7 14 4.3 18.2 346.4 373.6 0.9 10 104.6 200.1 400.9 374.9 0.8 4 208.5 170.0 251.5 351.5 0.9 14 209.4 18.4 346.3 257.1 0.8 14 191.7 16.9 346.2 366.3
004070,0.9 13 67.5 146.7 213.8 286.3 0.7 14 234.0 111.7 319.2 212.0 1.0 14 165.8 145.3 245.1 209.0 0.8 13 225.5 153.1 400.0 309.6 0.9 14 310.7 117.3 393.1 260.5 0.9 13 226.0 129.8 402.3 309.8
004071,0.9 6 24.9 30.1 389.9 301.7 0.9 6 23.8 28.9 390.9 374.2
004072,1.0 14 112.5 95.4 207.4 375.3 1.0 4 186.1 200.7 209.9 263.6 0.7 16 250.8 198.9 308.6 241.5
004074,1.0 14 2.6 14.6 195.6 374.5 1.0 14 165.4 7.5 365.5 374.2
004078,0.7 0 2.4 135.7 165.0 254.2 0.7 0 3.4 118.7 396.3 262.7 0.6 0 246.6 138.5 394.6 260.0
004079,0.6 12 190.6 29.5 306.2 291.5
004080,1.0 6 100.4 103.4 393.3 235.9
004081,0.0 0 0.0 0.0 10.0 10.0
004083,0.6 2 22.3 43.2 400.4 283.5 0.9 2 266.2 64.7 403.4 284.1
004084,1.0 14 109.0 16.2 150.3 98.8 0.7 12 56.2 25.9 158.1 104.3 0.7 12 58.1 26.3 153.0 164.1 0.7 12 56.0 25.6 249.9 160.6 0.7 12 158.1 71.4 251.2 159.4
004086,0.8 11 156.5 111.7 400.0 282.2
004088,1.0 6 76.8 327.3 175.6 409.0
004090,1.0 14 202.5 128.9 251.6 250.6 1.0 14 146.9 123.4 199.0 249.5 1.0 14 266.0 124.6 319.2 247.8
004094,1.0 14 54.2 117.5 86.6 150.9 0.9 5 21.2 25.5 366.5 226.5
004096,0.8 17 0.7 0.9 499.8 178.8
004097,0.7 6 125.3 63.3 316.7 188.4 1.0 6 355.9 96.8 445.7 134.7
004098,0.9 8 275.4 111.1 352.1 217.3 0.8 8 422.2 114.9 458.1 217.5 0.7 8 388.1 124.8 449.7 218.5 0.5 19 164.3 132.0 206.0 171.6 1.0 14 195.4 76.3 241.3 190.2 0.5 19 73.0 7.5 149.5 91.3 0.8 8 282.4 159.8 351.0 220.6 0.6 10 219.0 126.8 441.1 212.0 1.0 8 236.1 133.6 287.7 209.9 0.5 8 270.8 112.8 324.8 202.3 0.7 10 265.7 126.9 443.8 216.4
004099,0.6 5 40.3 173.5 221.2 411.3 1.0 14 117.9 237.0 221.8 499.5
004101,0.7 13 1.3 35.3 71.6 241.2 0.9 14 72.8 149.1 162.3 300.2 0.5 13 1.3 17.3 71.9 248.4 0.7 14 118.1 149.0 165.5 298.7 0.6 11 131.2 189.7 253.0 409.7
004103,0.8 12 168.2 154.0 203.8 200.8 1.0 14 96.5 125.6 121.6 157.4 1.0 14 168.2 132.6 196.9 178.1 0.9 14 89.5 127.5 105.0 155.2
004104,0.8 5 16.6 209.1 108.8 297.4
004107,1.0 6 84.4 173.8 361.2 235.6
004109,0.6 14 1.4 0.5 75.7 196.7 0.5 14 129.7 1.0 181.9 116.0 1.0 14 100.5 0.6 178.4 162.3 0.6 14 1.5 0.1 75.4 188.6 0.8 14 1.2 1.0 80.8 252.2 1.0 14 120.3 41.5 302.0 238.8 0.8 10 92.2 159.2 437.9 248.5
004112,0.0 0 0.0 0.0 10.0 10.0
004114,0.9 7 2.7 146.9 343.0 372.6
004115,1.0 6 132.5 191.2 304.6 309.0
004116,0.6 12 91.3 55.5 432.9 330.9
004118,0.7 14 366.7 104.3 498.9 332.6 0.9 4 330.6 227.0 370.1 327.6 1.0 4 225.7 251.4 257.8 334.1 0.8 14 415.2 125.1 499.7 333.1 0.8 14 371.5 103.3 461.8 312.4 1.0 14 433.6 107.2 476.5 158.9 1.0 14 184.8 64.5 279.7 200.7 1.0 14 56.6 101.1 220.5 333.7 0.7 10 143.6 180.8 431.2 334.8 0.8 14 293.6 101.8 410.0 289.1 1.0 14 294.4 102.3 415.0 244.7 0.9 10 202.4 216.3 425.4 334.3 0.6 14 376.5 104.4 459.0 260.9 0.8 14 293.5 102.8 458.3 312.3
004119,0.9 8 447.6 198.3 490.5 333.4 0.7 8 119.9 187.5 207.0 310.4 0.7 8 0.9 195.0 43.6 323.8 0.5 8 131.7 186.5 196.0 248.1 0.8 17 119.6 185.7 347.4 309.8 0.7 17 211.9 189.8 351.3 311.5
004123,0.5 3 257.9 228.9 316.1 272.1 0.9 3 117.3 0.6 315.6 276.4 0.8 3 175.3 221.8 316.6 275.3
004124,0.9 15 3.3 51.5 200.8 374.4 0.7 15 144.0 34.4 441.9 374.2 0.5 15 2.4 69.3 438.9 374.3 0.5 15 218.8 29.3 442.5 373.5
004125,0.8 4 239.9 99.7 291.9 148.9 1.0 14 38.9 1.3 219.3 203.6 0.9 14 169.6 44.0 436.7 228.3 0.8 14 240.8 42.2 437.7 227.9
004126,1.0 12 61.5 125.8 129.9 432.7 1.0 14 56.8 74.3 141.3 313.0
004127,0.6 4 337.0 105.3 500.3 205.2
004128,1.0 14 184.7 31.7 252.6 112.9 0.9 14 71.2 12.1 120.4 59.9 1.0 14 31.2 18.2 85.1 92.1 0.8 14 31.7 18.5 76.9 81.4 0.9 14 95.3 37.5 220.5 228.8 0.9 14 50.8 47.4 168.8 159.8 0.8 14 91.3 5.3 135.0 52.3 0.7 14 133.2 39.4 190.9 125.7 0.7 14 54.2 47.7 168.7 219.8 0.5 14 168.7 30.8 254.9 132.5 1.0 14 72.4 10.1 134.8 71.8 1.0 14 55.5 38.8 221.4 229.2 0.9 14 128.3 1.0 176.3 50.7 0.8 14 211.4 67.0 300.5 206.3 1.0 14 227.5 68.5 428.6 228.5
004130,0.0 0 0.0 0.0 10.0 10.0
004132,0.6 14 315.5 25.7 381.4 71.1 0.8 14 320.0 21.5 416.3 125.6 1.0 14 222.7 26.3 319.7 190.1 1.0 14 44.8 8.4 223.6 197.4 0.9 14 1.8 7.1 215.8 200.2 0.9 14 316.9 21.5 451.5 202.0 0.6 14 315.2 23.8 392.6 126.9
004134,0.6 4 195.3 0.9 226.4 52.9 1.0 4 197.9 0.8 229.4 53.6 0.9 4 168.9 1.0 198.2 60.8 0.5 4 112.6 130.1 147.3 181.0 0.6 4 115.3 1.2 144.1 41.0 1.0 4 83.8 0.8 123.0 69.3 0.7 4 242.1 146.0 337.4 245.3 1.0 4 173.2 1.0 202.8 60.1 0.6 4 172.0 1.0 197.9 58.9 0.6 4 149.9 1.3 177.2 31.7 0.7 4 120.0 1.1 157.8 64.5 1.0 4 117.3 1.3 148.4 65.3 0.6 4 276.7 146.8 333.9 244.2 1.0 4 147.3 1.1 176.4 64.5
004139,0.6 17 46.7 40.0 405.9 228.8
004144,0.7 14 6.0 339.9 19.5 374.9 1.0 14 23.7 345.8 38.0 404.5 0.6 5 1.5 296.3 42.4 394.8 1.0 14 136.2 355.0 160.7 429.9
004147,0.7 0 58.7 117.1 308.9 174.6
004151,0.0 0 0.0 0.0 10.0 10.0
004153,1.0 0 9.6 27.0 494.4 149.5 0.7 0 251.0 61.0 497.9 151.2
004154,0.9 14 254.9 141.5 273.6 188.1 0.9 14 384.5 140.9 396.9 176.2 1.0 14 396.6 142.7 411.3 191.0 0.9 14 325.0 140.5 339.6 185.9 1.0 6 153.1 148.8 195.9 172.4 1.0 14 433.6 145.0 448.1 195.4 0.6 6 225.0 142.5 245.6 162.0 1.0 14 409.0 146.2 430.3 199.1 0.5 14 335.5 142.6 346.3 173.6 0.9 14 396.7 142.8 410.4 188.3 0.8 6 0.9 139.9 101.4 199.3 0.8 14 383.8 141.1 396.2 183.8 0.5 14 293.8 141.6 310.1 209.5 0.9 14 256.6 141.8 274.9 184.7 0.8 14 120.2 142.1 133.8 164.9 0.6 14 337.3 141.8 350.2 186.6 1.0 14 352.4 141.7 376.2 190.7 1.0 14 288.9 141.0 307.3 186.2 1.0 14 318.5 140.7 334.8 189.4
004155,0.7 15 78.3 27.2 176.4 172.2 0.9 15 3.0 7.4 175.5 426.7
004156,0.0 0 0.0 0.0 10.0 10.0
004157,0.0 0 0.0 0.0 10.0 10.0
004159,0.7 12 19.2 58.3 180.0 241.9
004160,0.9 3 128.0 53.5 314.4 128.5 1.0 3 132.4 57.7 315.3 129.0 0.6 3 385.7 52.2 445.3 123.8 0.9 14 163.9 83.0 183.4 101.6 0.9 3 386.4 67.9 445.9 126.3
004161,0.9 7 27.5 0.3 248.2 445.1
004162,0.6 12 44.4 230.3 196.9 430.6
004165,0.5 7 113.7 40.6 403.3 220.5
004166,0.6 8 303.4 135.8 354.1 169.9 0.7 8 272.9 136.7 370.9 220.7 1.0 8 121.6 112.7 206.7 220.1 1.0 19 243.7 84.9 303.1 126.1 0.8 10 138.3 130.9 273.5 207.8 0.8 8 1.0 133.9 100.4 221.0 0.7 8 266.6 184.9 376.8 222.4 0.5 10 231.8 150.0 499.8 221.2 0.7 10 230.7 121.1 499.8 220.8
004167,1.0 14 208.6 131.9 243.2 230.2 1.0 14 283.7 98.9 348.8 250.5 1.0 14 72.2 86.5 119.5 142.0 1.0 14 190.9 126.4 217.0 232.9 0.5 14 254.7 146.7 286.6 211.3 0.8 5 2.7 24.7 438.0 248.7 1.0 14 254.9 146.3 292.9 250.5 0.7 14 70.7 85.9 113.1 124.5
004172,0.9 6 0.5 280.7 13.4 325.9 1.0 6 147.3 292.1 176.1 324.5
004173,0.8 14 1.5 122.4 206.7 237.5 1.0 14 209.8 83.7 408.5 237.1
004175,1.0 14 2.9 7.9 425.6 250.8
004176,0.8 2 0.3 103.8 174.1 445.4 0.7 2 0.2 102.6 173.7 500.0
004177,1.0 14 148.5 19.0 227.7 146.9 0.9 12 68.8 74.3 326.3 231.4
004179,0.8 14 134.8 48.5 203.0 104.4 0.9 14 71.4 51.5 161.9 178.6 0.9 14 132.3 47.6 211.8 169.8 1.0 14 74.4 52.4 180.9 251.1 0.6 11 73.4 161.1 166.3 244.2 0.7 11 150.8 99.1 221.5 198.5 1.0 14 195.3 22.2 316.9 163.4 0.8 8 331.9 1.1 423.9 240.2
004180,0.8 8 166.3 11.0 240.1 77.1 0.6 19 360.2 29.6 421.5 80.9 0.6 8 168.3 4.9 255.9 76.9
004181,0.0 0 0.0 0.0 10.0 10.0
004182,0.6 5 201.1 86.4 268.2 135.9
004183,1.0 14 169.5 56.3 194.0 134.0 0.7 6 189.4 37.0 388.5 120.1 1.0 6 1.1 50.6 56.4 83.7 0.7 6 55.4 37.9 387.1 250.7 0.9 6 53.7 36.9 444.8 252.6 0.7 14 37.5 44.0 54.6 67.6 0.8 14 167.4 55.8 194.6 195.4
004184,1.0 14 429.5 207.4 447.1 249.1 1.0 14 395.6 198.9 413.6 231.4
004187,0.8 6 192.0 207.3 313.0 243.2 0.7 6 289.4 220.3 441.7 250.6 0.7 6 288.8 221.3 385.6 249.2 0.9 6 192.5 209.2 266.9 241.4
004188,0.7 6 101.0 80.2 131.1 109.0 0.9 6 58.2 81.2 93.0 112.1
004197,0.7 10 0.5 165.5 300.4 220.6 1.0 14 244.3 11.7 485.6 222.5
004198,1.0 14 95.5 112.0 177.0 461.8 0.9 14 0.8 153.6 23.4 228.5 0.5 14 200.7 212.0 217.6 260.3 0.6 14 0.7 153.6 21.9 276.2 0.6 14 7.4 115.4 175.9 460.6 0.9 14 124.2 117.6 184.6 370.5
004199,1.0 0 10.9 48.7 493.4 138.8
004202,0.9 11 50.5 105.6 223.1 232.8 0.8 11 244.1 81.4 442.7 241.4
004206,0.9 2 46.0 41.2 340.0 249.7
004207,0.9 14 380.9 139.7 499.9 248.1 0.6 14 2.1 0.3 112.9 122.0 1.0 14 142.6 7.3 264.8 248.9
004208,1.0 14 160.0 94.2 197.5 202.8 0.7 12 165.4 134.7 193.9 196.8
004210,0.6 14 1.4 -0.6 307.5 168.2 0.6 14 1.4 14.2 196.4 184.3 0.6 14 3.1 1.0 308.5 247.5 0.7 14 1.3 13.6 194.0 160.5 0.8 14 2.9 14.4 249.6 249.5 1.0 14 2.2 9.1 498.3 248.2 0.5 14 1.3 7.5 414.9 245.4 0.6 14 147.0 8.5 499.1 249.6
004211,0.7 12 97.5 18.3 272.2 363.4
004213,1.0 14 1.3 0.6 132.3 248.8 1.0 14 167.6 46.3 345.3 248.9 0.9 13 306.8 126.0 499.4 251.1
004214,1.0 14 208.7 44.5 313.8 142.4 0.6 13 186.6 87.4 350.2 151.1 0.9 13 185.7 69.8 355.9 152.9
004216,1.0 6 307.8 128.4 385.4 169.4
004217,1.0 6 3.1 49.1 444.5 194.0
004218,0.8 2 118.0 125.2 154.6 157.6 0.6 2 165.0 116.3 192.0 146.6 0.5 2 5.2 122.4 62.1 163.9 0.8 2 110.1 117.2 141.6 146.3 0.7 2 76.4 123.0 108.1 146.4 0.6 16 260.0 152.5 331.8 221.4
004219,0.7 14 134.5 39.0 221.3 102.6 1.0 14 363.2 42.4 447.6 135.4 0.8 14 1.8 44.3 150.2 130.6 0.7 14 369.7 42.3 425.0 74.2 0.9 14 1.1 41.4 75.6 126.5 1.0 14 133.8 39.4 228.5 127.9 0.7 14 1.2 41.1 76.2 160.6 0.9 14 40.4 45.8 151.0 131.3 0.8 14 1.4 42.2 130.0 160.5 1.0 14 276.3 43.5 378.7 135.2 0.8 11 133.2 94.5 225.6 125.4 0.9 14 203.1 45.8 316.2 132.1
004222,0.6 8 330.8 138.2 418.9 213.4 0.7 10 339.2 138.2 452.3 210.8 0.7 8 318.3 121.8 357.7 192.3 0.8 15 126.6 136.2 163.0 167.5 0.6 11 147.9 159.5 258.6 189.1 0.5 8 353.0 106.3 447.8 191.2 1.0 15 73.1 110.0 134.6 167.9 0.8 17 220.5 103.7 322.5 137.8 0.7 8 323.3 129.2 358.5 191.6 0.9 19 154.7 90.4 191.2 135.1 0.9 10 217.2 124.7 307.9 188.0 0.5 17 318.6 106.1 447.3 191.0 1.0 8 284.8 118.8 328.5 190.2
004225,0.6 3 97.4 258.6 167.3 298.5 0.6 3 108.9 259.8 167.4 298.7
004226,0.8 11 167.7 34.5 266.0 235.6
004227,0.6 8 300.6 121.1 397.5 227.9 0.5 8 43.2 121.6 207.7 206.6 0.5 8 349.3 103.6 403.2 182.2 0.7 8 224.6 95.7 339.1 221.0 0.8 8 42.9 178.4 271.3 250.4 0.5 8 202.2 97.7 333.6 232.8 0.9 8 42.0 122.5 209.5 248.9 0.6 8 201.2 135.8 322.0 245.9 0.7 8 204.1 129.4 394.5 246.5
004233,0.5 12 99.1 94.7 331.2 233.6 0.5 16 283.1 74.9 303.3 96.8
004234,0.0 0 0.0 0.0 10.0 10.0
004235,0.6 18 53.4 39.7 353.0 223.8
004236,0.9 4 246.0 40.6 277.7 111.2 0.8 4 82.5 96.0 205.0 223.5 0.9 4 249.3 14.7 275.4 49.0 0.6 4 189.7 10.6 224.8 96.0 1.0 4 205.3 79.4 284.8 222.6 0.6 4 222.0 78.4 266.9 129.2 0.7 4 82.5 97.1 150.5 223.0 0.8 4 138.6 74.0 203.2 222.4 0.6 4 217.3 14.1 248.0 60.4 0.9 4 194.2 37.5 225.6 99.7 0.8 4 245.2 16.3 275.7 109.5 0.7 4 145.2 73.5 188.5 133.3 0.9 4 178.8 15.3 208.6 70.8 0.9 4 149.7 22.3 186.6 77.6 0.8 4 95.2 97.2 139.4 147.6 0.9 4 179.9 73.7 226.0 155.0 1.0 4 293.9 79.3 379.0 222.4 0.8 4 275.2 81.8 324.8 161.4 0.6 4 280.5 29.3 354.7 126.3
004238,0.9 14 208.0 74.3 313.6 238.0 0.6 14 297.7 80.1 364.5 237.2 0.8 14 208.6 73.9 313.8 186.8 1.0 14 3.7 67.9 104.2 238.8 0.8 14 291.9 12.2 448.9 236.4
004240,1.0 6 183.5 395.5 222.5 444.3 1.0 6 49.9 373.1 183.8 462.8
004243,0.9 14 234.6 92.3 272.3 143.9 0.8 13 74.2 112.3 179.2 189.5 0.8 13 1.6 125.3 91.1 205.6 1.0 14 38.7 81.0 79.1 146.3 0.6 14 386.2 77.1 405.9 105.3 0.8 13 363.0 94.2 411.7 135.0 0.7 14 240.3 90.0 270.8 112.9 0.8 13 402.2 85.0 446.3 120.4 0.7 13 369.8 84.5 446.2 128.7 0.7 13 141.8 111.0 230.4 192.6 0.7 14 385.0 77.1 407.0 120.4 1.0 14 405.9 74.3 424.7 104.3 1.0 14 259.4 96.5 305.7 134.9 1.0 14 368.1 78.2 401.8 117.3 0.6 13 312.9 91.3 383.5 151.5 0.6 13 169.0 111.4 240.5 179.0 0.6 13 210.8 103.7 283.6 168.9 0.9 13 261.2 89.5 379.9 159.3 0.9 14 362.4 79.6 381.7 107.2 0.9 14 337.2 86.5 360.7 108.6
004245,0.8 6 1.1 82.9 209.3 224.3 1.0 14 181.8 80.4 224.3 157.3 1.0 14 182.8 79.7 252.9 156.9 1.0 6 83.8 110.2 442.9 251.3
004248,0.6 14 180.1 95.9 243.8 209.0 1.0 14 239.1 90.4 264.8 112.0 0.8 14 196.7 176.4 267.6 221.7 0.6 14 179.6 160.5 270.8 222.1 1.0 14 185.7 97.8 240.1 146.4 0.6 14 250.8 92.8 291.7 148.4
004249,0.6 14 305.0 79.7 319.5 99.7 0.9 6 268.0 83.1 306.9 99.1 1.0 14 185.4 75.4 206.5 115.8 1.0 14 232.5 117.0 271.6 145.1 1.0 6 156.1 123.5 383.0 188.3
004250,0.8 14 79.8 85.9 117.4 195.3 0.9 8 0.9 208.2 47.0 409.7 0.5 8 153.6 146.7 220.0 451.7 0.7 8 37.5 148.0 103.2 285.6 0.8 14 66.9 84.8 118.1 198.2 0.6 8 3.7 208.1 94.1 410.9 0.6 10 22.4 226.7 214.4 480.0 0.8 8 37.7 146.8 83.7 286.4 0.7 10 18.4 318.9 213.1 480.6 0.6 8 148.2 95.1 220.4 411.4
004251,0.9 2 172.5 52.5 275.7 199.9
004252,0.9 4 313.4 182.1 346.1 247.9 0.9 7 125.6 174.9 258.0 285.9 0.9 15 167.8 77.3 249.3 145.0 0.9 19 163.9 23.2 232.2 82.6 0.7 19 211.5 186.0 286.2 273.4
004254,0.7 14 228.4 90.8 259.0 121.2 1.0 6 1.0 86.5 93.4 155.1 1.0 6 66.0 84.8 366.8 216.1
004260,0.8 19 95.5 0.5 259.3 105.0 1.0 14 83.6 0.4 498.1 198.5 0.5 19 97.7 85.7 282.8 197.0
004261,0.0 0 0.0 0.0 10.0 10.0
004262,0.9 8 90.2 262.6 142.7 355.8 0.6 8 103.5 262.2 140.8 351.1 0.6 8 158.2 263.3 213.7 415.6 0.5 8 120.5 262.2 144.6 351.5 0.7 8 155.6 259.9 182.8 361.2
004266,0.7 12 52.6 45.0 404.7 215.6 0.8 14 391.4 42.0 447.7 115.3
004267,0.0 0 0.0 0.0 10.0 10.0
004268,0.9 14 183.5 98.2 203.5 123.3 0.9 14 166.7 168.2 194.2 198.5 0.9 4 131.6 88.3 170.9 186.9 0.9 14 165.7 66.2 184.8 91.3 0.9 10 -0.5 180.8 443.8 247.2 0.8 14 169.2 101.0 190.2 125.3 0.9 14 179.5 61.4 201.1 90.4 0.6 17 194.3 65.3 446.9 216.4
004276,0.7 14 137.3 75.5 203.4 191.2 0.7 15 20.5 54.5 40.7 94.7 1.0 14 55.4 94.4 90.5 211.8 1.0 14 83.7 136.8 165.1 337.8 0.6 15 6.1 56.1 31.3 92.9 0.7 14 178.8 70.2 251.2 319.2 0.8 14 177.7 72.0 251.3 289.0 1.0 14 119.8 72.8 248.8 443.8
004277,0.0 0 0.0 0.0 10.0 10.0
004278,1.0 0 14.9 83.0 481.9 222.2
004282,0.9 2 41.3 34.2 299.7 233.6
004285,0.5 14 407.5 92.1 434.9 116.5 1.0 14 2.9 39.6 276.9 222.1 1.0 14 243.9 49.1 491.6 219.0
004288,1.0 14 17.3 0.9 245.9 317.6 0.9 14 245.1 1.3 440.8 315.7
004289,0.8 14 321.7 115.9 441.0 312.9 0.8 14 96.3 97.0 139.9 201.9 1.0 14 132.4 66.9 253.6 228.1 0.9 14 1.9 108.2 128.2 314.2 0.6 14 89.2 115.7 440.4 312.4 0.6 14 189.1 116.1 440.8 312.7 0.5 11 243.0 53.9 357.2 175.9
004290,1.0 6 1.1 171.0 52.2 249.4 1.0 6 299.0 163.3 370.8 225.0
004294,1.0 14 264.2 61.2 326.7 198.5 0.9 12 143.0 99.6 433.2 250.6
004297,0.8 11 94.2 126.4 278.4 314.5 0.5 14 165.8 2.5 266.3 203.8 0.5 14 1.6 1.5 440.7 315.5 0.7 14 3.2 1.8 269.7 312.6 0.7 14 171.5 1.6 438.2 265.8 0.6 14 176.2 1.4 439.0 310.4
004299,0.7 3 410.8 11.6 437.9 30.1 0.9 3 136.5 5.0 218.9 37.8 1.0 14 242.4 100.2 262.2 159.3
004301,0.7 12 53.6 85.8 201.6 462.4 1.0 14 90.2 40.6 162.9 281.5 0.8 14 113.0 41.5 161.9 258.3 0.8 12 55.4 84.8 200.2 372.0
004302,0.9 5 2.4 103.4 230.8 221.3 0.9 5 305.3 101.5 500.2 220.7 0.7 5 306.7 58.0 500.4 221.0
004305,0.9 14 6.6 278.3 25.3 313.4 1.0 6 340.8 276.2 395.3 309.7 0.8 6 443.8 277.8 468.6 296.2 0.9 5 81.3 177.9 280.2 342.9 1.0 14 290.1 242.5 341.6 357.4 0.8 13 293.3 279.8 340.2 365.0
004306,0.0 0 0.0 0.0 10.0 10.0
004308,0.7 19 1.0 62.0 109.2 335.5 0.7 11 41.1 128.1 276.5 399.5 1.0 19 160.3 58.8 460.5 383.5
004309,0.8 14 470.6 125.7 499.9 248.4 1.0 14 190.3 78.0 298.9 293.4 0.8 12 97.6 164.2 417.2 375.2
004311,0.9 15 215.0 120.4 267.9 199.2 0.9 4 262.5 400.1 286.0 496.5 0.9 4 164.5 149.1 180.9 207.4 1.0 14 56.1 41.1 163.4 489.4 0.6 10 1.9 191.6 351.6 498.6 0.6 10 126.6 396.0 372.1 497.7
004313,1.0 6 11.5 176.0 354.4 423.0
004314,1.0 0 13.7 66.7 489.9 260.2
004316,0.5 7 27.8 113.8 277.7 375.0
004317,0.7 11 260.1 167.7 353.0 199.3 1.0 14 85.0 88.6 154.3 199.0
004319,0.8 8 109.9 64.1 199.0 145.2 0.8 10 2.6 102.1 416.8 250.2 0.5 15 160.1 1.4 288.0 114.1
004320,0.9 14 238.2 102.3 275.0 158.7 0.6 6 14.9 118.0 37.1 146.0 0.7 3 124.5 110.3 280.1 181.3 0.8 14 150.6 136.9 191.2 162.9 0.7 14 85.0 112.2 107.4 131.9
004324,1.0 14 326.0 79.1 351.0 141.2 0.5 18 0.7 47.2 324.2 216.2 0.7 18 85.5 49.9 322.7 170.6
004328,1.0 14 50.8 81.5 141.7 174.9 0.5 3 241.9 45.1 296.5 157.6
004330,0.9 14 1.1 21.3 27.4 76.0 1.0 1 283.2 90.1 469.7 180.1 1.0 14 323.4 36.4 449.8 161.5
004332,0.0 0 0.0 0.0 10.0 10.0
004334,0.8 14 2.7 58.9 203.5 445.2 0.6 14 43.9 57.9 203.6 446.1 0.9 19 175.3 72.4 233.4 181.4
004335,1.0 6 112.1 53.0 365.0 189.5
004336,1.0 14 60.1 29.9 226.4 251.2 1.0 14 217.6 30.6 439.7 250.9
004337,0.7 6 357.6 101.9 497.6 158.9 1.0 6 353.9 117.7 497.9 160.8 1.0 6 257.4 113.6 381.2 151.2 0.7 6 152.7 116.7 214.6 140.1 1.0 6 205.8 113.9 285.3 144.8 1.0 6 17.1 110.9 71.1 128.7 1.0 6 89.5 110.7 163.0 134.7 1.0 6 46.0 110.9 106.3 130.8 1.0 6 152.6 117.4 223.9 141.1
004340,0.7 2 58.3 70.4 202.8 199.5 0.7 2 59.1 69.7 311.9 229.0 0.5 2 55.8 56.1 317.7 250.1
004342,0.5 19 1.0 60.1 55.2 170.9 0.6 12 180.7 118.2 442.2 251.7
004343,0.6 11 85.6 23.4 498.8 190.2
004344,1.0 14 68.1 137.7 132.5 336.4
004348,1.0 4 350.7 28.2 399.9 117.2 0.6 4 380.4 0.5 420.0 40.0 0.8 4 120.2 155.1 179.7 239.8 0.9 4 388.7 32.8 439.2 129.5
004350,0.8 2 16.6 92.0 440.4 236.4 0.6 2 177.0 91.3 441.7 227.4
004353,0.6 7 7.0 7.4 492.3 268.5
004355,0.9 4 65.0 252.1 94.6 303.7 0.9 4 41.8 233.5 72.7 302.2 1.0 14 214.9 41.5 313.6 227.3 1.0 14 116.7 30.3 228.9 211.0 1.0 14 2.0 44.9 154.2 233.0 1.0 4 162.2 146.1 200.1 262.4 0.6 10 64.7 198.8 445.1 301.2 1.0 4 209.0 156.5 248.6 282.1 1.0 14 281.2 43.1 442.9 294.4
004357,1.0 14 248.3 159.5 286.6 286.0 0.9 14 430.6 191.2 448.1 245.1 1.0 14 321.1 168.8 381.5 268.5
004358,0.0 0 0.0 0.0 10.0 10.0
004362,0.8 2 126.9 191.7 227.4 496.2 0.9 2 137.3 193.5 226.6 458.3
004363,0.6 14 57.6 92.4 219.5 228.0 0.8 14 97.5 92.3 218.7 263.0 0.9 14 61.9 91.3 218.9 261.4 0.8 15 38.8 101.7 99.1 147.4 0.8 14 269.8 99.7 453.4 217.7 0.6 14 336.5 99.7 451.2 202.6 0.5 12 128.2 141.1 499.0 266.8 0.6 14 233.2 99.4 453.8 265.5 0.9 14 320.7 118.0 364.2 183.7
004366,0.8 14 155.9 80.5 245.6 193.2 1.0 14 207.5 154.9 300.0 258.6 0.9 14 155.8 81.0 245.9 247.0 0.6 17 273.7 94.1 443.6 203.6 0.7 14 152.6 80.7 217.6 201.2
004373,0.7 2 93.0 132.1 212.5 221.2 0.9 2 89.6 118.5 284.5 222.0 0.8 2 2.4 189.1 114.3 259.4 0.9 2 297.7 120.4 440.7 206.6
004374,0.9 3 160.9 130.3 242.1 167.3
004375,0.6 16 99.2 123.8 154.7 164.7 0.6 16 309.1 105.3 354.8 149.6
004377,0.9 0 178.2 133.5 194.4 149.3 0.9 0 166.5 215.8 181.5 232.4 0.8 0 174.5 172.7 192.3 190.5 0.9 0 175.0 166.7 192.7 189.4 0.8 0 172.4 195.3 188.3 211.3
004378,0.6 6 11.3 259.4 170.5 399.6 0.9 6 153.5 93.7 251.4 219.4 0.8 14 66.1 87.3 181.7 318.0 1.0 14 0.9 99.3 41.6 348.7 1.0 14 67.0 85.5 181.4 500.1 0.6 6 33.3 145.9 100.6 180.6 0.9 14 1.2 101.3 104.4 499.6
004381,0.7 14 228.6 15.7 345.3 126.8 0.7 14 228.1 15.5 349.6 162.7 0.9 14 187.8 15.3 351.2 210.3 0.7 12 7.7 43.9 435.8 236.8 0.6 12 6.2 43.1 436.3 236.4 0.8 12 252.3 45.8 440.4 235.9 0.7 14 295.2 16.8 352.9 100.7
004382,0.7 3 54.7 136.4 105.6 146.7 0.9 3 133.9 110.0 400.9 159.7
004383,0.6 2 93.5 74.0 350.6 250.5
004385,0.0 0 0.0 0.0 10.0 10.0
004388,0.8 18 86.8 65.2 394.7 165.1
004393,0.6 5 112.0 205.6 204.6 345.4
004394,0.9 2 258.9 59.4 380.6 161.3
004395,1.0 14 143.8 32.6 295.5 180.3 1.0 1 112.5 99.4 338.5 201.7
004398,1.0 0 14.2 64.6 417.9 154.9
004399,0.6 9 218.2 95.5 328.6 153.6
004400,0.0 0 0.0 0.0 10.0 10.0
004401,0.7 19 60.9 81.2 118.1 120.0 0.6 11 174.0 45.3 279.1 125.6
004402,0.7 5 133.4 11.6 480.7 194.2
004403,0.0 0 0.0 0.0 10.0 10.0
004406,0.9 2 105.0 49.3 359.2 146.5
004407,0.0 0 0.0 0.0 10.0 10.0
004408,0.5 14 242.9 19.2 312.3 83.4 0.9 14 102.0 11.3 156.4 67.0 1.0 14 374.4 42.3 482.3 222.9 0.6 14 48.4 10.2 141.3 136.7 0.9 14 12.5 11.4 58.3 64.1 0.9 14 262.4 44.0 375.8 221.5 0.7 14 52.7 9.5 204.2 138.8 0.7 14 189.5 16.3 309.2 125.4 0.5 14 1.8 7.6 126.2 145.3 0.6 14 102.0 17.7 311.6 220.9 0.8 14 104.1 10.6 200.4 111.2 0.7 14 188.6 16.0 311.1 165.3 0.8 14 104.0 10.6 199.1 86.4 1.0 14 102.8 44.4 370.5 222.7
004410,0.8 14 107.5 119.5 137.6 140.0 0.7 14 189.5 13.8 237.2 87.1 1.0 14 193.3 12.6 284.2 127.9 0.6 12 2.3 106.2 244.6 249.0 0.9 14 51.2 74.8 94.9 108.7 1.0 14 125.2 34.2 217.6 139.0 0.9 14 62.5 75.9 93.2 106.3 0.8 12 181.4 118.1 305.0 249.2 0.7 14 216.4 11.5 282.8 124.6
004412,0.8 14 235.9 105.2 280.2 162.8 1.0 14 204.8 62.8 391.9 247.0 0.6 13 69.1 87.2 405.4 251.0
004413,0.0 0 0.0 0.0 10.0 10.0
004414,0.9 14 158.5 130.8 173.1 154.7 0.6 14 175.9 130.4 192.5 153.3
004415,0.8 2 33.0 88.7 405.2 144.2 0.7 2 276.4 87.9 405.2 136.1 0.6 2 403.0 118.6 440.7 136.1
004416,0.8 2 69.8 83.9 295.5 206.4 0.5 2 76.2 81.7 244.5 206.4 0.7 2 3.4 82.3 298.7 248.4
004417,1.0 14 200.9 84.2 214.1 145.8 1.0 1 84.7 237.7 127.8 323.8 1.0 14 126.6 106.5 155.4 160.2 1.0 14 19.0 125.0 32.0 173.8 1.0 1 118.2 129.3 159.9 171.1 1.0 14 83.5 210.7 126.8 285.5
004418,1.0 19 25.7 150.9 115.8 248.6 0.9 14 106.4 238.3 194.3 422.7
004419,0.6 11 171.9 77.0 401.7 196.6 0.8 11 20.5 120.2 304.1 249.3 0.7 11 168.1 119.5 435.6 250.3 0.7 11 167.4 119.3 395.3 249.2
004420,0.9 14 2.0 23.8 257.8 203.8 0.9 14 1.6 23.1 257.9 245.9 0.9 14 2.2 95.5 399.2 247.1 0.7 4 24.0 137.7 103.6 198.4 0.6 14 244.1 93.4 433.0 212.2 0.9 14 244.6 93.8 435.5 247.5
004422,0.7 4 126.9 170.1 154.1 220.1 0.9 4 102.2 172.5 135.1 233.7 1.0 4 202.8 56.7 255.6 151.6 0.8 4 337.7 146.7 361.0 185.5
004425,0.7 2 48.2 24.8 191.4 378.8 0.8 2 48.2 23.5 191.8 367.7
004426,0.9 6 20.1 18.4 84.3 50.0 0.6 6 41.8 5.4 496.1 212.5 1.0 6 74.8 2.8 143.2 46.9 1.0 6 41.5 8.4 425.2 211.5
004427,0.6 11 86.2 21.0 254.8 231.6
004428,0.0 0 0.0 0.0 10.0 10.0
004431,0.0 0 0.0 0.0 10.0 10.0
004435,0.9 14 414.2 178.8 500.2 221.5 1.0 14 11.5 130.9 185.2 222.5 1.0 14 158.7 27.1 323.9 222.1 1.0 14 302.8 98.0 378.2 220.5
004440,0.6 14 1.5 1.0 441.2 249.6 1.0 14 73.9 1.4 395.6 249.5
004442,1.0 6 349.6 245.6 435.5 307.1 0.9 6 197.6 252.1 216.8 267.3
004443,0.8 14 287.8 107.9 308.3 130.7 0.9 2 221.1 137.7 265.9 213.0 0.5 8 156.7 141.8 192.2 206.3 0.8 3 276.7 48.5 400.7 166.9 0.9 2 335.8 137.5 395.1 201.6
004444,0.9 7 50.3 18.3 404.3 328.4
004445,0.6 9 65.9 91.3 157.4 153.1 0.6 9 35.5 127.9 131.1 254.2 0.7 9 210.2 71.7 405.2 224.0 0.6 9 196.9 135.7 244.2 236.7
004447,0.9 1 383.2 179.6 441.3 239.2 1.0 14 60.2 131.6 87.3 217.1 0.8 1 159.4 267.2 226.1 308.4 0.5 2 120.2 323.5 178.5 374.8 1.0 14 280.2 125.9 318.2 315.7 1.0 14 49.4 135.7 72.0 215.2
004448,0.8 13 84.9 47.8 228.6 289.9 0.8 13 207.1 59.2 354.7 254.5 0.8 13 334.5 60.8 447.2 237.1
004449,1.0 8 39.6 179.0 178.3 369.4 1.0 14 167.3 151.1 265.9 361.8 0.8 8 70.2 112.6 106.2 187.4 0.7 14 43.7 1.0 76.3 92.8 1.0 14 43.7 1.2 76.1 95.1 0.8 14 141.4 2.1 168.4 30.1 0.9 14 1.1 34.6 31.1 195.6 0.7 14 74.4 43.1 127.7 151.8 0.5 14 67.6 43.4 126.7 124.8 1.0 14 83.3 122.3 185.4 352.1 0.6 14 82.2 121.3 186.5 363.9 1.0 14 255.5 80.4 436.5 375.0
004451,1.0 15 2.6 252.7 177.1 374.5 0.9 15 138.5 219.7 206.4 342.8 1.0 15 31.5 164.4 154.0 262.1 0.8 8 306.2 1.3 358.1 107.2 0.7 8 343.0 1.1 418.2 109.6 0.6 8 362.9 1.5 444.8 131.6 0.6 8 343.8 1.2 418.7 100.8
004453,1.0 14 43.0 48.0 92.2 164.9 1.0 6 64.4 55.0 409.8 243.0
004454,1.0 14 155.0 95.1 231.7 380.1
004456,1.0 14 160.7 49.0 198.9 86.4 0.8 6 60.4 63.2 457.0 225.0
004458,1.0 6 49.1 126.6 372.2 200.3
004460,0.0 0 0.0 0.0 10.0 10.0
004461,0.6 2 17.1 29.1 392.5 239.2 0.8 2 15.8 27.4 481.9 247.8
004462,0.5 2 205.4 63.7 280.7 104.5 0.8 2 35.7 9.9 98.0 46.5 0.7 2 446.1 55.0 485.1 87.0 0.7 2 198.3 34.6 277.5 117.9 0.5 2 114.5 3.5 157.6 43.6 0.6 2 177.8 45.6 212.7 95.1 0.9 2 203.2 63.8 284.0 119.2 0.9 2 348.0 111.3 429.9 181.2 0.8 2 168.9 40.3 200.2 64.6 0.9 2 280.6 222.9 361.2 281.7
004465,1.0 14 88.9 54.7 290.1 270.7 0.6 14 2.3 52.7 288.3 266.7 0.8 14 95.4 92.8 419.9 279.4 1.0 14 215.8 91.6 420.3 278.1
004467,0.6 7 93.7 128.8 233.9 232.3 0.8 7 176.9 31.6 391.4 234.4
004469,0.5 4 167.6 244.7 189.7 282.3 0.8 14 48.3 55.7 90.9 89.6 0.6 8 323.4 59.0 379.0 95.9 0.6 10 166.7 93.2 265.3 130.6 1.0 14 74.2 79.3 138.0 175.8 0.6 8 132.6 114.7 187.0 151.9 0.8 4 139.6 241.9 163.6 281.4 0.6 14 17.2 61.9 39.5 85.6 1.0 14 1.8 77.8 107.5 284.7 0.9 10 89.8 145.6 299.0 277.2 0.9 14 276.7 89.6 366.8 234.5 0.9 14 72.5 79.8 134.4 224.5 1.0 14 234.2 74.3 340.8 190.0 0.7 10 89.6 142.5 303.6 281.8 1.0 14 294.7 8.8 318.7 59.3 1.0 14 213.2 87.7 440.4 282.6
004472,0.5 11 3.9 2.4 345.4 283.5
004473,0.9 6 211.8 99.1 425.1 158.9
004475,0.6 14 214.7 307.8 237.9 404.7 1.0 14 214.9 307.0 239.5 433.0 0.7 14 238.2 308.2 252.4 431.3 0.8 14 237.8 308.7 250.5 385.7 0.5 14 170.3 303.9 238.7 500.4
004476,0.9 14 137.7 0.9 173.4 34.0 0.5 14 182.4 85.8 307.0 279.9 0.8 4 299.3 56.2 363.4 218.0 0.9 4 291.4 8.5 364.4 130.0 1.0 14 1.9 77.7 192.8 256.0 0.9 14 176.4 85.4 385.9 281.9 1.0 4 20.7 168.1 50.0 254.0 1.0 14 293.3 50.6 444.1 281.7
004477,0.0 0 0.0 0.0 10.0 10.0
004478,0.7 14 110.4 17.6 129.4 39.3 1.0 14 28.9 26.4 51.0 56.9 0.8 14 1.0 34.9 13.0 60.2 0.5 6 143.1 28.5 214.5 58.9 1.0 6 120.9 24.4 216.5 60.1 0.7 13 32.5 37.5 377.7 254.3 0.9 6 2.0 18.5 127.2 87.4 0.7 14 30.3 26.5 51.2 57.3
004480,0.6 14 33.3 11.3 172.7 478.7 0.9 14 138.6 12.7 201.5 227.9 0.5 14 42.2 10.6 164.1 244.6 1.0 14 2.1 10.1 220.4 496.2
004482,0.8 14 85.1 51.3 190.2 210.4 1.0 14 5.6 51.1 191.0 249.0 1.0 14 182.3 39.1 328.7 197.6 0.5 10 -0.2 164.2 444.1 249.8 0.7 10 104.8 168.3 440.9 247.0
004483,0.8 18 0.1 88.8 192.8 227.3 0.7 18 1.6 84.9 391.6 222.8 0.7 18 194.5 84.2 390.0 183.9
004485,1.0 14 369.9 16.4 440.8 211.0 1.0 14 140.7 60.2 210.8 217.8 1.0 14 78.6 60.0 157.0 220.4 1.0 14 192.2 44.0 261.4 211.6 1.0 14 14.3 84.9 128.0 247.0 1.0 14 300.9 20.8 383.7 211.3 1.0 14 245.4 46.1 312.7 212.3
004486,0.9 15 122.9 97.9 146.0 136.5 0.9 15 103.8 100.7 140.7 137.9 0.9 8 27.5 46.6 91.7 176.8 0.7 15 117.5 96.8 147.0 137.6 0.9 8 13.0 111.7 105.4 266.0 0.8 15 102.6 96.2 150.0 199.2 1.0 15 62.6 74.9 91.7 120.1 1.0 15 145.7 100.5 185.7 193.8 0.9 15 105.1 130.7 149.2 198.0
004489,0.0 0 0.0 0.0 10.0 10.0
004491,0.9 14 191.6 88.3 284.9 164.2 0.8 14 152.1 88.9 287.4 195.7 0.7 14 265.8 95.8 350.0 174.3
004492,0.8 6 162.3 0.8 351.4 100.1 0.6 6 2.0 1.7 444.2 251.9 0.6 14 13.3 23.2 441.2 249.6
004497,0.7 6 52.8 90.9 289.9 251.1 1.0 14 237.9 156.2 290.3 260.1
004501,0.5 11 139.6 143.7 306.8 277.3
004503,0.8 2 193.8 78.6 304.4 196.2 0.5 2 123.1 56.5 307.3 247.5 0.8 2 125.2 75.4 310.3 244.6 0.7 2 197.0 78.8 312.1 248.0
004504,0.6 4 324.5 69.0 384.2 160.5 0.6 4 324.1 70.4 381.1 231.3 1.0 4 239.6 50.9 280.3 130.3 0.7 7 2.6 53.6 307.5 247.8 0.7 4 320.3 14.9 395.4 154.1
004505,0.6 18 17.9 35.8 267.5 175.9 1.0 14 225.5 119.9 250.3 174.6 0.6 18 8.2 20.2 270.6 198.3
004506,0.5 8 53.9 172.7 173.1 460.7 0.6 14 52.7 85.6 174.9 437.8 0.7 8 58.1 189.6 224.2 461.6
004511,0.6 7 11.9 1.3 230.5 175.7
004513,0.6 0 190.1 124.9 210.4 136.4
004515,1.0 14 6.9 0.9 218.1 474.7
004516,0.9 14 181.6 58.9 232.8 121.5 0.9 14 368.3 132.2 451.0 240.8 1.0 14 284.9 131.8 342.9 243.0 0.7 14 187.0 58.8 231.6 98.5 0.9 14 173.2 62.2 220.2 134.4 0.6 8 45.4 74.2 88.4 131.6 0.7 14 10.0 141.0 126.7 243.3 1.0 14 207.2 89.9 289.0 241.7 0.9 14 292.7 62.8 400.7 241.4 0.6 14 291.8 63.2 433.2 240.2
004521,1.0 6 137.2 143.0 158.4 154.8 0.9 6 157.3 143.0 173.6 153.1 1.0 6 215.3 142.6 246.4 156.8
004522,0.8 12 187.4 138.5 318.9 232.5
004523,0.9 14 213.9 80.9 277.6 273.9 0.7 14 366.6 106.6 403.1 274.0 1.0 14 9.9 96.6 55.3 169.7 0.8 14 211.3 83.1 278.6 223.5 0.6 14 121.1 67.9 189.1 177.3 0.7 14 97.6 64.5 191.9 271.7 0.6 14 289.8 83.0 353.7 275.9 0.9 14 197.6 100.1 221.6 137.5 0.8 1 24.8 132.8 72.5 173.2 1.0 14 287.9 83.6 348.6 192.2 0.8 12 292.1 105.0 370.6 275.1
004525,0.7 4 104.8 207.3 153.3 243.5 0.6 8 330.6 0.5 450.2 119.2 0.7 10 42.5 -0.3 443.3 245.8 0.8 4 383.7 187.9 446.7 243.6
004529,0.8 2 10.6 2.3 114.7 125.1 0.9 2 239.4 26.5 485.4 115.3
004531,0.8 7 1.7 0.4 335.0 290.0
004533,1.0 0 195.2 186.4 309.1 233.5
004534,0.6 1 315.8 194.7 359.0 232.5 1.0 14 175.4 183.1 201.0 241.5 0.7 6 404.0 234.4 441.2 274.5 0.7 14 404.8 183.7 422.6 217.4 1.0 14 326.4 170.5 347.5 226.9
004536,0.7 14 266.9 115.9 321.0 183.4 0.6 14 277.6 115.5 319.4 172.9 0.7 14 265.7 116.5 329.6 234.3 0.9 14 105.4 156.4 378.0 280.3 0.7 13 328.8 292.0 445.6 375.0
004538,1.0 14 187.2 34.8 271.1 227.2 1.0 12 35.6 73.9 353.3 367.2
004541,0.7 14 0.9 62.9 29.2 128.6 0.6 6 7.4 56.8 185.6 311.3 0.7 5 210.5 59.0 446.9 302.7
004543,0.8 6 226.8 38.9 453.0 226.1 0.9 6 467.1 65.0 500.0 99.5 0.6 6 19.3 46.8 326.9 277.7 1.0 6 16.3 46.5 328.4 310.7 0.9 6 224.0 38.1 499.6 230.2
004545,1.0 14 243.8 12.7 310.4 233.9 0.6 12 129.6 205.9 177.8 346.9 1.0 6 4.5 104.7 117.2 194.4 0.9 12 193.3 74.0 374.8 373.1 1.0 14 380.4 122.1 400.1 178.5
004546,0.9 4 45.8 149.3 137.0 374.6 0.6 4 46.0 0.9 92.5 103.4 0.9 4 402.8 0.8 444.5 80.5 0.8 10 -0.0 35.7 447.7 375.2 0.8 4 83.0 20.9 157.3 96.6 0.5 4 417.4 0.8 444.3 77.0 1.0 4 140.9 200.4 195.8 375.7
004547,1.0 14 230.2 98.3 310.5 344.3 1.0 1 216.0 226.0 299.4 372.5
004550,0.6 2 135.5 1.5 402.0 374.1 0.9 2 140.7 128.4 215.3 225.2
004554,0.9 6 73.7 21.9 432.7 257.0 0.6 6 73.3 22.3 432.7 328.9
004556,1.0 0 2.9 43.8 448.0 274.6
004557,0.9 14 21.0 1.4 400.4 374.3
004559,0.5 8 275.8 201.9 303.6 254.7 0.8 6 114.2 171.9 147.8 209.8 0.9 8 384.7 195.9 413.6 272.5 0.9 8 249.1 225.3 300.9 326.6 0.9 8 416.5 200.2 447.7 275.6 0.8 14 337.0 227.8 351.9 262.3 0.8 8 248.6 237.0 289.8 327.1 0.5 14 338.4 228.1 352.8 261.3 0.9 8 391.6 199.8 447.6 326.1 0.7 6 185.5 165.0 234.1 191.3 0.9 10 285.3 241.7 461.4 326.8 0.5 8 273.6 203.8 305.6 297.2
004560,1.0 6 1.1 59.4 86.1 108.2 0.5 13 370.9 108.6 500.2 232.9 1.0 6 102.2 69.0 174.3 108.0 1.0 6 13.0 93.4 485.0 232.2 1.0 6 203.2 68.5 459.0 144.8
004561,1.0 14 148.4 153.1 246.9 374.5 0.6 12 25.8 278.4 352.6 375.7 0.5 12 187.1 278.7 354.5 375.9
004564,1.0 14 51.5 86.4 110.4 360.9 0.8 12 56.8 131.2 135.6 460.7 0.9 14 53.1 87.9 161.1 358.0 0.9 12 55.3 129.0 144.4 459.7
004567,0.7 4 248.7 173.0 267.9 211.0 0.6 17 85.6 95.9 319.3 249.9 0.5 17 80.8 96.2 322.8 250.5
004568,1.0 14 1.0 14.4 117.2 201.6 0.9 13 92.2 1.9 448.9 207.9
004569,0.5 14 1.7 1.1 190.7 441.4
004572,0.9 0 191.1 158.9 221.2 196.1
004573,1.0 14 269.1 70.4 293.1 91.9 1.0 14 196.4 78.4 222.7 98.0 0.9 3 196.7 82.7 289.9 100.2
004575,0.8 17 200.7 139.0 362.3 227.9
004577,0.6 7 67.5 48.8 342.8 183.1 0.6 7 203.8 55.9 399.5 196.4
004578,0.9 5 153.5 124.2 274.2 272.5 0.7 14 29.2 45.3 87.5 184.5 1.0 6 383.5 183.2 448.1 226.0
004580,1.0 6 104.9 244.0 146.9 328.0 1.0 6 202.7 265.2 230.6 319.3 1.0 14 107.8 241.0 204.2 499.5 0.5 14 270.5 247.5 300.1 345.2 1.0 14 204.4 233.2 300.7 498.8
004582,0.0 0 0.0 0.0 10.0 10.0
004583,0.9 2 238.2 193.8 275.7 282.3
004586,1.0 6 6.7 202.9 396.7 361.2
004589,1.0 14 174.7 44.2 247.7 181.1 0.9 12 51.1 31.7 313.2 333.7
004590,0.7 14 101.1 0.7 142.4 47.7 1.0 14 46.8 0.4 126.5 127.0 1.0 14 275.7 62.5 352.9 201.2 1.0 14 345.3 94.3 400.0 201.8 0.5 14 202.0 23.3 315.2 119.4 1.0 14 0.8 28.1 74.4 198.5 0.9 14 44.2 0.7 122.9 188.8 0.6 14 0.8 27.7 115.6 198.7 0.9 10 67.4 90.6 283.1 200.7 0.5 14 206.4 62.0 358.6 151.7 0.9 14 200.1 23.1 360.6 132.1 1.0 14 192.1 62.1 352.3 201.8
004593,0.0 0 0.0 0.0 10.0 10.0
004594,0.6 17 275.4 166.2 444.2 285.9 0.6 5 94.9 64.5 279.6 197.6 0.8 8 5.7 55.7 278.6 282.3
004596,0.9 7 2.8 202.3 242.4 357.4
004598,1.0 14 173.3 51.3 276.1 251.8 1.0 14 340.8 31.0 499.6 251.2 1.0 14 258.4 51.5 362.4 250.9 0.5 14 438.5 52.1 499.7 125.0 1.0 14 126.5 40.4 234.4 251.2 0.6 14 1.1 57.2 57.3 144.1 0.7 14 1.0 56.3 59.5 252.0 1.0 14 10.6 36.6 174.1 252.5
004599,0.8 4 181.2 78.8 240.1 358.0 1.0 4 85.9 22.2 158.3 458.6 0.6 14 1.2 1.1 98.1 340.2
004602,1.0 6 57.4 102.0 481.6 204.7
004603,0.7 18 150.9 105.9 349.1 169.8 0.6 18 41.7 111.6 149.7 165.3 0.6 18 47.9 105.3 355.1 168.1
004608,0.7 12 115.8 37.4 337.0 234.6
004610,0.6 9 52.9 103.9 296.1 251.9
004613,0.8 3 218.4 116.9 241.4 146.9 0.6 12 255.6 -0.7 441.4 282.8
004614,0.9 2 126.5 107.3 269.6 221.6 0.7 2 127.7 107.9 267.6 178.8 0.6 2 207.5 46.8 441.7 178.2 0.7 2 210.5 210.1 444.6 281.8
004615,0.6 12 89.0 161.7 137.7 429.5 0.9 6 212.8 391.1 249.9 453.3
004616,0.5 14 223.5 1.5 290.6 46.0 0.6 13 3.8 7.8 437.0 280.0 0.6 13 229.2 103.1 442.8 267.0
004617,0.8 16 317.4 156.4 365.9 188.0 0.7 16 135.8 137.9 230.0 189.8 0.8 16 323.8 96.6 406.9 137.4
004619,0.9 14 175.6 63.8 498.9 250.0 0.7 11 198.7 169.7 314.5 250.5 1.0 14 254.6 63.6 500.0 248.5
004620,0.0 0 0.0 0.0 10.0 10.0
004621,0.5 4 184.0 199.5 210.0 278.7 0.9 11 104.2 72.5 437.4 284.6
004624,0.6 5 240.6 114.2 361.0 260.5 0.5 5 224.3 111.8 360.3 263.8
004629,0.9 14 17.8 151.6 33.7 189.9 0.9 12 197.5 109.5 284.5 253.1 0.6 12 346.0 126.5 407.1 249.4 0.7 12 338.4 124.2 407.9 251.7 0.5 12 337.6 124.2 408.4 249.8 0.9 14 440.2 147.6 459.7 166.5 0.8 14 190.7 63.4 237.5 151.8 0.8 14 1.0 157.8 16.9 195.4 1.0 14 90.9 54.0 143.1 199.2 0.6 12 113.2 100.6 202.5 257.5 0.9 14 5.1 132.6 23.3 166.2 0.5 14 37.3 152.4 54.6 182.6 0.6 14 254.9 112.7 295.8 201.6 1.0 14 189.8 63.8 239.5 202.9 0.9 14 91.7 53.4 141.9 178.8 0.9 12 53.7 99.2 202.8 258.1 0.6 14 4.9 132.8 22.8 156.3 1.0 14 315.6 112.6 356.8 260.1 0.9 14 35.2 152.4 55.0 183.7 1.0 14 284.3 112.0 322.6 256.3 0.8 12 287.9 122.0 408.0 258.8 1.0 14 305.0 74.8 360.3 148.0
004633,0.0 0 0.0 0.0 10.0 10.0
004635,0.7 16 145.9 187.4 191.3 230.7
004637,1.0 1 12.4 170.8 85.1 287.1 1.0 14 14.1 78.3 84.2 252.5 1.0 14 213.4 109.3 280.2 252.9 1.0 1 203.8 177.2 291.9 286.4
004638,0.8 18 71.6 4.1 460.3 92.0
004639,0.9 14 171.0 4.7 286.2 498.0
004640,0.7 4 202.0 126.4 217.4 170.4 0.8 8 1.9 248.6 126.7 357.3 0.7 4 205.1 126.4 219.4 163.8 1.0 4 115.2 92.4 130.2 153.9 1.0 14 68.1 54.7 117.3 133.8 0.6 8 2.0 250.1 115.8 356.8 0.5 8 330.4 225.2 384.0 355.6 0.9 14 59.6 55.8 119.3 153.4 0.5 8 1.4 238.4 86.3 354.0 0.7 4 252.1 143.4 269.5 179.1 1.0 14 211.7 55.5 272.7 175.4 0.9 14 179.8 59.0 231.2 172.1 1.0 14 2.0 73.1 106.7 277.2 1.0 14 257.7 58.1 342.1 195.9 1.0 4 193.5 128.3 212.2 201.3 0.6 10 54.6 115.7 403.1 360.3 0.7 14 13.6 77.8 201.9 354.0 1.0 14 1.1 57.5 27.2 136.1 0.9 14 3.7 75.6 140.0 353.4 0.9 10 66.1 136.2 323.6 358.9 0.5 14 243.0 58.2 341.8 304.8 1.0 4 150.1 103.4 165.5 162.4 0.9 8 335.0 228.1 402.4 354.4 0.9 4 169.8 122.4 189.3 197.6 1.0 14 179.1 59.1 227.8 141.6 0.8 4 194.6 138.3 212.2 201.8 1.0 14 199.8 57.7 402.4 358.5
004641,1.0 14 162.9 2.3 308.3 212.0 0.9 13 71.7 46.8 431.3 242.0
004642,0.9 14 96.5 25.5 352.0 208.8
004645,1.0 0 8.3 79.4 495.2 165.4
004646,0.0 0 0.0 0.0 10.0 10.0
004650,0.6 13 274.2 126.5 429.0 213.4 0.5 14 185.0 133.9 240.3 225.3 1.0 14 128.9 65.2 244.2 225.5 0.7 13 42.1 68.5 193.3 196.0 0.6 13 39.4 68.5 424.6 215.1 0.5 13 171.9 85.8 428.1 215.7
004657,0.6 18 87.9 89.4 347.0 208.5 0.7 18 87.5 81.5 499.6 209.6
004658,0.9 7 88.7 143.6 128.5 262.3
004659,0.6 8 147.8 143.0 198.6 186.2 0.8 8 1.1 141.9 68.7 241.2 0.6 8 90.7 144.8 165.0 246.8 0.7 17 93.4 137.2 379.6 248.8 0.5 17 93.3 139.6 379.7 249.5 0.9 17 191.2 136.3 382.5 246.2
004661,0.0 0 0.0 0.0 10.0 10.0
004663,0.7 18 160.8 125.9 350.6 191.2
004664,0.7 19 10.2 347.1 100.0 484.0
004665,0.9 3 174.7 161.7 229.9 184.7 1.0 14 180.0 145.9 202.6 171.5 0.9 3 85.6 95.4 245.3 144.8
004666,1.0 14 213.5 139.7 245.3 196.0 0.9 14 235.0 141.4 255.6 194.3 0.9 6 271.9 145.1 357.6 203.0 1.0 14 419.9 130.7 440.2 183.3 1.0 14 184.3 146.6 210.0 220.1 1.0 14 146.9 143.5 178.4 224.0 0.8 5 21.7 89.5 297.5 205.5 0.7 14 187.3 143.3 215.4 205.9 0.9 14 241.5 141.3 259.6 194.3 1.0 14 391.5 130.2 419.5 188.7 1.0 6 272.8 121.6 390.1 204.4 1.0 14 260.5 134.0 286.2 199.5
004667,0.7 14 296.5 8.6 355.1 98.4 0.6 14 299.0 6.8 383.0 164.9 1.0 14 293.1 9.1 356.4 145.0 0.9 14 309.0 5.8 416.2 160.8 1.0 6 2.2 69.4 224.4 220.8 0.9 6 205.4 53.2 416.4 242.7 0.8 14 263.2 92.5 416.6 301.3 0.9 14 261.5 7.4 416.6 300.6
004668,0.5 8 255.7 100.6 442.3 281.4 1.0 14 45.9 70.4 180.8 234.2 0.9 14 32.1 70.3 185.4 273.1 1.0 14 317.4 94.7 439.3 245.6
004669,0.7 16 145.9 138.8 216.1 177.9 0.8 16 234.0 142.1 316.1 177.8
004670,0.8 2 311.8 167.5 394.2 205.0
004677,1.0 8 73.7 202.7 151.8 439.3 0.7 10 85.6 207.9 245.5 448.4 0.9 17 143.3 205.6 247.5 350.7
004678,0.6 11 1.4 79.1 458.3 253.6
004680,1.0 0 95.2 116.3 299.5 190.4
004681,0.8 18 182.6 92.9 491.5 188.7
004684,0.9 6 131.9 59.7 450.6 251.2 0.9 6 134.4 80.0 448.1 223.1
004688,0.7 6 1.5 86.1 398.4 251.9 0.9 6 1.8 52.1 401.0 251.3
004690,0.6 19 74.3 38.3 265.3 129.6 0.9 14 295.5 230.7 316.9 277.9 0.8 19 67.1 36.2 158.0 122.2 1.0 14 120.9 38.9 235.4 333.3 0.9 14 120.2 38.9 241.2 333.1 0.9 14 325.2 228.4 359.8 287.5
004695,0.8 19 73.1 90.2 112.6 138.8 0.6 17 145.6 108.3 395.5 282.9 0.5 17 108.6 164.8 396.3 282.3
004696,0.7 12 84.5 86.5 176.4 184.9
004697,0.7 14 29.2 0.7 59.0 42.6 0.8 14 79.7 0.7 118.0 37.0 1.0 14 1.4 1.2 42.6 87.3 1.0 6 65.3 3.1 342.2 220.0 0.9 14 359.3 0.5 400.6 118.8 0.9 14 307.4 0.7 369.2 107.7
004698,0.6 14 483.1 97.3 500.0 127.0 0.7 14 472.0 97.0 500.1 164.0 0.8 14 410.4 93.8 444.5 156.5 0.8 14 383.8 95.8 400.1 107.9 0.7 12 160.8 15.4 318.1 187.7 1.0 14 320.0 96.5 366.0 148.1 0.9 14 410.2 93.1 442.1 128.9
004700,0.7 7 70.2 241.1 151.7 373.1 0.7 7 55.8 240.8 152.1 372.4 0.8 7 81.7 241.3 153.1 360.4
004703,1.0 1 133.3 161.8 244.9 313.5 1.0 14 125.9 59.6 212.3 307.9
004704,0.6 14 27.5 147.2 206.4 371.9
004709,0.9 14 362.8 243.2 402.8 281.2 1.0 14 2.5 52.1 326.6 282.1
004711,0.8 18 189.0 83.2 395.0 181.1
004712,0.6 14 301.3 76.9 333.4 116.8 0.9 8 188.0 102.0 225.8 193.0 0.9 14 299.5 76.4 332.8 159.4 0.9 14 86.2 81.6 343.0 286.5 0.9 8 154.3 103.3 194.9 167.9 0.7 8 299.2 108.7 328.7 174.0 0.6 14 301.1 76.3 333.6 125.1
004713,1.0 14 56.8 0.8 441.1 281.6
004716,1.0 19 29.0 102.9 197.1 204.3 0.6 14 133.6 123.8 164.9 161.0 0.6 14 59.3 2.6 495.4 249.2 0.5 14 213.5 2.1 403.1 247.3 0.9 14 224.9 1.7 495.7 249.7
004717,0.6 14 99.0 36.8 164.2 146.7 0.9 19 109.5 288.8 181.4 383.7 0.6 14 99.1 4.1 166.5 147.2 1.0 4 154.1 177.9 165.3 232.1 0.9 4 91.6 185.4 102.3 230.9 0.9 4 162.8 174.7 173.5 228.6
004720,0.9 4 134.8 115.9 148.1 141.4
004721,1.0 14 204.2 95.5 301.2 242.0 0.9 14 214.3 95.2 291.1 207.8 1.0 14 110.6 90.5 232.8 235.8 1.0 14 285.1 90.7 372.8 247.4 1.0 4 152.4 182.2 186.3 249.0 0.7 14 206.9 90.2 386.4 244.9
004724,0.5 5 75.0 68.2 434.1 190.1
004725,0.8 14 296.8 1.2 327.0 31.0 0.9 14 176.8 1.1 250.7 78.7 0.7 14 63.5 0.8 98.3 37.3 0.9 14 373.2 0.9 407.9 79.6 1.0 14 329.8 1.1 377.4 106.8 0.6 13 3.2 35.4 216.5 175.6 0.9 14 175.3 1.2 251.9 113.4 0.8 14 99.9 0.9 153.7 43.6 0.9 14 17.6 0.9 55.2 44.7 0.7 14 113.2 17.7 150.9 49.9 1.0 14 153.0 53.9 339.0 240.4 0.7 14 229.2 1.2 276.0 54.6 0.9 14 317.7 1.0 352.6 97.1
004726,0.7 14 2.9 15.0 371.7 251.0 0.6 14 2.7 17.0 442.6 251.2 0.9 14 2.7 16.0 281.2 250.6 0.6 14 226.7 38.6 445.4 251.5 1.0 14 248.4 33.9 444.4 250.1
004728,0.6 14 363.8 143.9 392.5 165.8 0.9 14 448.2 130.9 469.8 153.0 0.8 3 226.0 131.9 339.6 155.2 0.7 3 115.5 137.5 174.5 152.6 0.8 3 18.3 137.5 114.9 154.5
004729,0.6 13 8.3 85.8 176.0 204.4 0.9 14 71.3 37.9 169.1 127.5 0.6 13 6.9 49.2 263.5 220.0
004730,0.0 0 0.0 0.0 10.0 10.0
004731,0.9 6 317.9 30.4 384.8 67.3 0.9 14 152.6 12.6 180.8 79.2 1.0 14 109.6 115.4 222.7 290.9 1.0 14 88.3 3.7 122.9 82.8 0.6 5 201.2 40.9 377.7 262.6
004733,0.9 4 163.6 130.1 205.7 309.4
004734,1.0 6 53.8 30.2 404.0 148.7
004736,0.0 0 0.0 0.0 10.0 10.0
004738,0.7 14 150.0 196.4 209.2 270.9 0.6 14 136.4 194.2 208.6 323.7 0.9 13 120.4 236.7 216.9 360.1
004739,0.6 14 127.8 159.5 168.6 232.9 1.0 14 51.7 129.9 165.4 420.8 0.9 4 141.6 222.7 163.0 280.1 0.6 4 133.2 222.7 163.9 330.8 0.7 14 0.8 166.7 67.3 351.9 0.8 14 123.8 159.1 170.4 310.9 0.9 14 1.8 127.8 166.9 419.3 0.6 14 1.1 161.9 120.6 420.1 1.0 14 138.3 139.7 251.2 417.7
004740,1.0 14 154.4 74.2 224.3 134.6 0.7 11 294.4 99.4 358.7 153.0 0.9 14 124.5 124.6 195.9 177.3 0.8 14 190.0 134.3 214.6 157.2 0.9 14 262.5 87.9 323.9 154.4 0.9 14 81.2 159.4 243.6 239.6 0.9 14 142.0 74.3 225.5 170.8 0.8 14 111.2 100.3 157.7 180.3 1.0 14 2.0 70.2 171.0 237.5 0.7 10 91.9 154.7 439.3 233.4 0.8 14 262.9 89.0 342.9 186.8 0.8 14 336.0 61.1 443.8 182.9 1.0 14 333.6 60.5 444.0 234.4
004741,0.0 0 0.0 0.0 10.0 10.0
004744,0.6 14 279.6 30.8 479.8 154.7 0.9 4 288.0 107.7 363.7 152.2 1.0 14 2.2 13.5 245.1 210.7 1.0 14 278.0 30.0 480.8 188.2
004745,0.5 13 399.7 72.3 430.4 98.7 1.0 14 440.6 53.7 479.8 123.9 1.0 14 72.9 29.1 121.4 69.6 0.9 14 380.7 57.4 399.6 81.2 1.0 14 398.8 54.4 428.7 87.3 1.0 6 38.1 31.8 427.2 194.9 0.9 14 400.1 54.7 429.9 100.8
004749,1.0 14 108.4 15.2 166.8 90.3 0.9 12 76.4 28.7 194.7 148.4
004751,0.8 18 23.2 67.0 454.1 130.3
004752,0.8 0 94.5 40.3 158.3 80.2
004755,0.9 14 268.4 104.0 294.2 124.6 0.7 6 139.5 102.8 260.6 145.0 0.8 6 288.9 103.7 392.9 150.3 1.0 6 138.9 104.9 391.6 150.9 0.7 14 414.1 48.5 427.0 68.1 0.5 6 140.4 104.7 390.9 150.4
004756,1.0 14 222.0 50.3 317.4 146.3 0.6 12 203.1 68.1 374.9 186.0 0.9 12 201.2 67.1 322.7 148.9
004757,0.9 2 50.3 28.9 100.7 61.7 0.9 2 241.4 67.6 378.4 206.2
004758,0.0 0 0.0 0.0 10.0 10.0
004759,0.6 7 10.9 1.7 445.6 211.5
004762,0.9 14 109.9 79.9 139.7 101.2 0.7 14 367.7 62.8 384.8 76.6 0.7 6 456.9 84.8 488.8 99.1 0.6 6 66.0 37.3 461.4 153.6
004763,0.8 6 1.7 0.7 175.6 30.4 0.9 4 101.2 39.8 184.6 180.8 0.5 4 108.4 39.0 173.7 115.6 0.9 1 262.7 15.8 434.4 216.8
004764,0.8 6 319.2 152.8 350.8 165.1 1.0 6 6.6 155.4 45.0 179.2 0.9 6 258.5 152.6 284.9 164.7 1.0 6 67.8 146.9 183.0 202.9
004765,0.5 14 18.1 6.9 151.0 295.9 0.5 12 17.8 8.9 190.9 499.3 0.9 14 19.5 6.8 147.8 497.9 1.0 14 20.2 8.5 190.3 499.0 0.7 12 19.7 172.0 193.6 497.3 0.9 14 132.2 49.5 199.3 229.5
004766,0.8 14 323.6 103.0 398.0 164.9 0.9 14 406.4 137.3 454.1 234.4 0.8 14 205.2 7.1 346.2 164.5 0.5 14 2.4 25.6 159.8 236.7 0.7 14 204.3 6.0 344.2 182.7 0.5 14 3.2 27.3 193.4 235.6 0.8 14 198.5 3.4 369.4 236.9 0.9 14 322.4 104.3 398.9 226.1 0.7 14 247.6 109.7 336.2 236.5 0.7 14 250.0 104.2 394.6 235.9 0.6 14 325.0 103.6 386.0 160.1
004767,0.8 11 2.8 48.5 378.2 236.5
004769,0.8 14 361.3 146.0 399.8 199.3 0.6 14 322.7 145.7 368.6 200.4 1.0 14 321.5 145.7 375.8 231.1 0.6 14 151.5 21.0 269.5 214.7 1.0 14 67.7 32.3 155.8 226.3 0.5 13 195.8 110.5 454.8 234.7
004771,0.5 12 8.4 260.2 123.1 419.1 0.9 14 185.1 122.9 247.1 280.0 0.9 14 73.5 62.1 206.3 337.7 1.0 14 0.9 96.1 51.3 416.6 0.9 14 74.5 61.6 201.2 416.8 0.5 14 73.7 60.6 248.5 416.3 1.0 14 29.1 104.5 79.3 275.8 0.9 14 160.9 123.2 253.0 415.8 0.9 14 153.8 274.8 254.0 414.6
004772,0.0 0 0.0 0.0 10.0 10.0
004774,0.0 0 0.0 0.0 10.0 10.0
004775,0.0 0 0.0 0.0 10.0 10.0
004778,0.8 15 1.3 0.4 163.5 239.3
004780,1.0 6 105.0 381.6 173.3 451.2 0.9 15 25.0 385.0 49.2 432.3 0.6 6 105.6 384.0 134.6 448.6 0.6 6 14.3 386.2 54.6 425.8 0.9 15 71.2 388.5 95.9 447.8 0.5 6 12.3 382.0 78.5 424.0 0.7 6 134.7 404.6 175.4 464.3
004781,0.6 19 445.0 102.1 499.9 164.1 0.9 19 350.0 95.8 450.8 150.6 0.9 19 348.2 47.8 449.8 153.1 0.9 8 1.1 137.7 77.8 242.8 0.9 19 71.1 92.4 130.1 127.1 1.0 8 218.2 152.9 320.5 250.6
004784,0.7 0 193.4 92.7 248.9 184.4
004787,0.7 11 99.3 17.7 380.5 227.3
004791,1.0 14 106.4 36.4 236.3 225.3 1.0 14 24.9 0.3 109.8 148.0 0.6 14 252.8 1.8 332.5 88.8 1.0 14 197.5 5.7 265.3 166.4 0.7 14 93.7 0.5 159.2 152.3 1.0 14 251.3 0.8 351.5 182.1 0.7 14 186.4 31.4 353.2 226.3
004795,1.0 14 185.8 83.6 235.7 193.0 0.7 12 141.0 139.4 286.7 237.8
004798,0.6 12 56.0 22.1 430.8 223.5
004800,0.7 14 153.6 9.5 285.8 103.0 0.8 13 38.5 21.1 287.5 108.8 0.7 6 230.0 0.7 498.8 52.2 0.9 6 322.6 4.6 499.4 54.3 0.6 6 230.9 0.3 377.3 48.4
004802,0.9 5 8.9 63.7 344.9 139.4
004803,0.8 14 195.5 24.8 275.3 98.7 0.8 14 133.5 25.5 281.1 142.3 0.9 12 109.4 59.8 261.0 205.7
004804,0.6 12 21.2 106.2 136.4 262.1 0.5 6 117.9 18.4 161.6 114.8 0.7 14 91.5 67.4 134.3 180.3 0.9 14 92.4 68.7 129.5 117.6 0.9 14 54.4 48.8 81.4 113.8 0.5 12 19.8 109.1 90.3 262.1 0.8 12 80.3 106.2 156.4 212.7 0.6 6 112.2 19.2 159.2 69.0
004806,0.9 14 197.7 135.8 215.9 150.1 1.0 6 42.4 130.6 283.9 199.0 0.6 14 160.6 136.6 181.2 151.7 0.6 14 215.2 136.2 233.9 148.4
004807,1.0 14 114.9 87.7 207.8 215.9 0.7 12 98.2 12.7 311.6 206.5
004809,0.6 7 69.9 1.6 319.2 221.8
004810,1.0 6 173.4 148.5 250.6 191.3 1.0 14 358.2 143.9 382.9 189.0 1.0 14 412.5 145.0 444.9 199.0 1.0 14 391.7 141.5 417.2 191.7 1.0 6 29.1 157.4 176.9 227.6 0.7 6 240.3 145.5 282.8 174.1 0.9 14 109.4 134.4 126.8 157.0 0.5 6 108.1 160.0 177.8 219.1 0.9 14 117.1 135.0 135.6 156.5 0.9 14 446.3 158.0 478.9 192.0 0.9 6 258.9 133.6 312.1 163.9
004811,1.0 14 117.5 8.0 213.6 405.7 1.0 1 66.5 173.8 281.1 345.5 0.8 4 262.6 139.2 284.7 229.2
004813,0.9 8 149.2 93.9 221.3 182.2 1.0 8 69.7 128.2 148.4 201.2 1.0 8 224.6 122.2 330.8 199.2 0.9 17 292.7 116.6 499.4 250.8
004817,0.0 0 0.0 0.0 10.0 10.0
004819,0.8 4 118.9 161.5 130.2 190.2 0.6 14 56.5 125.7 139.3 248.6 0.9 4 128.4 181.2 141.7 220.9 1.0 14 68.9 122.5 138.2 211.4 1.0 14 182.4 109.7 232.0 226.3 0.9 14 28.0 159.7 118.6 295.3 1.0 14 122.3 110.8 174.4 194.1 1.0 14 220.9 120.8 273.8 254.1 1.0 14 1.4 199.9 114.8 443.1 0.9 10 81.2 185.6 282.2 438.1 0.9 14 27.1 159.8 119.6 353.8 0.8 4 128.1 179.9 141.7 220.4 1.0 4 137.4 251.5 153.7 316.0 1.0 14 238.6 165.0 285.7 331.2 0.9 4 184.0 272.2 201.1 336.4
004820,0.8 8 1.2 313.9 118.6 455.7 0.6 10 60.3 260.0 211.5 448.6 0.5 7 126.0 299.7 217.2 456.6
004821,1.0 6 37.6 369.5 189.2 451.5
004822,0.7 13 237.4 96.6 416.0 239.0 0.7 14 163.1 16.1 328.5 208.9 0.6 14 263.7 43.2 332.7 105.5 0.9 14 157.3 16.8 229.8 162.1 0.9 14 158.4 17.2 241.5 205.8 0.5 14 160.7 18.2 331.8 214.8 0.8 14 239.2 64.1 336.6 211.8 0.9 13 163.1 92.2 412.1 241.5
004824,0.9 0 132.2 4.6 307.9 80.2 1.0 0 41.7 64.4 212.3 138.2
004827,0.6 16 48.8 234.3 116.8 361.5 0.7 16 63.6 281.8 174.1 445.4 0.7 16 4.0 253.4 50.8 320.2 0.8 16 115.0 259.0 154.8 324.7 0.6 16 51.7 235.6 171.7 444.6 0.8 16 202.3 251.1 225.8 335.0 0.5 16 206.5 206.2 223.2 244.4
004829,0.0 0 0.0 0.0 10.0 10.0
004833,0.8 13 3.1 3.0 313.9 252.9
004835,0.8 14 378.2 1.5 498.9 222.0 0.9 14 104.5 181.4 138.4 221.0 1.0 14 13.7 1.8 272.9 223.0 1.0 14 290.1 1.4 498.5 222.6
004838,0.6 17 0.7 70.7 428.2 224.3 0.8 17 1.9 72.6 428.0 216.3
004843,0.0 0 0.0 0.0 10.0 10.0
004844,1.0 6 1.4 389.1 108.3 490.1 1.0 6 119.1 388.8 157.9 434.6 1.0 14 85.1 186.7 127.0 270.3 0.6 6 23.4 389.8 103.2 435.4 1.0 6 93.0 380.5 125.1 419.3
004845,0.6 7 2.2 1.6 343.5 201.8
004847,0.5 14 220.0 14.4 374.5 150.0
004851,0.0 0 0.0 0.0 10.0 10.0
004853,0.5 18 47.1 49.3 449.2 123.4 0.5 5 314.8 48.5 447.1 123.5
004854,0.5 16 72.0 117.7 235.1 176.0 0.8 16 245.4 135.9 315.0 158.2
004855,0.9 14 223.1 1.4 263.7 75.6 0.6 14 183.5 64.9 238.0 133.5 0.8 14 162.7 64.2 262.7 182.6 1.0 14 303.8 58.4 443.4 225.7 0.7 14 101.3 54.5 199.8 156.1 0.7 10 128.2 176.7 302.8 225.0 0.6 14 156.6 65.0 267.6 176.8 0.8 14 149.8 0.9 209.8 73.4 0.7 14 155.4 63.6 241.3 160.3 0.7 14 184.2 63.6 278.2 164.1 0.6 14 132.0 54.6 196.7 156.4 1.0 14 67.9 55.6 199.1 224.4 1.0 14 214.9 60.0 344.3 207.3 0.8 14 263.3 58.3 444.3 226.0
004858,0.0 0 0.0 0.0 10.0 10.0
004860,0.6 13 69.5 198.5 181.2 281.9 0.8 14 68.8 172.6 104.6 254.2 1.0 6 10.2 52.7 247.5 354.5
004861,0.5 12 75.4 39.8 265.0 409.4
004862,0.8 8 100.6 226.2 129.6 368.1 0.9 8 0.9 317.2 35.6 444.9 0.9 8 112.4 227.9 152.7 369.3 0.9 15 154.1 318.3 173.1 365.0 1.0 15 151.6 256.1 175.4 317.2 0.7 10 10.7 162.9 229.8 379.1 1.0 8 176.3 228.0 211.7 373.1
004864,0.8 14 140.2 1.1 160.7 57.6 0.6 14 116.2 1.5 146.2 120.0 0.8 13 26.9 178.3 214.1 499.9 1.0 14 20.0 28.2 40.1 110.0 0.9 14 52.6 22.8 163.6 220.6 0.6 14 52.8 21.8 158.4 262.5 0.8 14 55.8 110.7 113.4 386.0 0.8 14 127.2 51.5 150.4 134.4 1.0 14 53.0 21.5 164.6 386.6 0.9 14 0.8 23.5 14.1 75.2 1.0 14 50.1 29.3 69.0 118.3 0.7 14 116.4 17.4 134.9 115.6 0.9 14 5.6 28.0 20.3 98.5 1.0 14 35.2 34.5 48.6 107.6 1.0 14 184.6 26.1 222.5 286.5
004865,0.7 12 16.6 33.8 416.6 194.3
004870,1.0 6 28.9 26.2 132.4 79.2 1.0 6 360.7 13.1 443.6 81.5 1.0 14 141.4 19.2 233.8 214.9 0.7 13 95.6 53.5 354.9 249.2 0.5 14 202.3 53.2 330.1 242.3
004871,0.8 14 178.8 109.1 211.5 144.3 0.8 18 56.6 57.8 433.0 236.8
004874,0.8 14 168.2 61.5 234.8 113.3 0.7 14 169.4 61.4 283.6 164.7 0.8 12 53.6 65.7 284.6 167.0
004875,0.7 2 0.6 111.1 260.9 283.2 0.9 2 248.7 143.7 316.1 247.8 0.6 2 212.8 139.8 315.7 281.6
004877,0.9 2 89.2 77.5 336.0 191.5 0.6 2 206.2 100.9 339.7 221.3
004880,0.9 4 398.3 159.0 418.4 213.4 0.9 4 385.7 162.1 400.2 203.2 0.7 4 223.7 139.9 265.6 192.5 0.8 10 29.5 168.5 486.6 250.6 0.6 10 217.0 176.3 490.2 250.3
004881,0.8 15 294.7 104.2 326.2 138.1 0.7 15 238.0 89.2 272.0 159.2 0.8 15 237.8 123.8 269.6 159.7 0.7 8 361.5 90.0 449.7 170.3 0.6 10 29.8 141.9 306.7 275.6 0.7 8 1.2 121.6 90.6 218.9 0.6 8 256.4 114.2 359.5 231.3 0.7 8 161.8 109.0 240.2 148.6 0.8 8 21.0 112.1 96.1 199.4 0.8 14 251.5 84.2 363.4 228.8 0.5 8 48.2 113.1 96.8 194.7
004883,0.0 0 0.0 0.0 10.0 10.0
004884,1.0 19 52.6 76.3 164.3 199.1 1.0 14 185.9 50.0 407.0 286.5 0.7 14 189.9 49.9 432.7 286.0 0.6 14 263.3 115.0 404.4 286.5
004887,0.0 0 0.0 0.0 10.0 10.0
004888,0.0 0 0.0 0.0 10.0 10.0
004889,0.8 14 211.3 1.4 300.0 84.1 0.5 14 244.6 1.2 494.1 196.9 1.0 14 5.6 1.5 155.2 118.0 0.8 14 4.1 1.2 151.5 195.8 0.7 14 208.0 1.4 494.2 196.9
004891,1.0 6 134.3 67.2 417.6 150.9
004892,0.9 8 249.3 107.2 331.9 174.3 0.9 8 115.8 125.6 166.2 185.6 0.9 8 168.2 120.1 220.6 173.3 0.7 8 286.8 106.4 331.5 170.5 0.9 8 312.7 100.5 376.2 170.8 0.5 10 1.9 109.1 389.8 278.4 0.7 10 1.0 104.3 334.7 218.0 0.8 10 1.0 141.0 390.4 223.3 0.9 8 243.9 110.8 297.0 176.4
004893,0.7 4 184.9 42.7 204.2 106.6 0.5 4 233.1 121.8 251.7 183.8 0.9 15 159.0 102.2 203.9 154.6 0.9 14 51.9 196.7 155.1 402.7 0.6 15 110.6 91.4 145.2 152.8 1.0 14 76.6 194.7 154.1 403.2 0.7 14 142.1 209.9 199.1 400.0 0.9 15 146.9 2.5 184.3 50.7 0.8 14 148.2 202.6 244.3 330.3
004894,0.6 2 86.0 88.9 380.5 201.8 1.0 14 88.2 5.1 383.6 201.5 0.6 14 221.4 4.5 384.8 200.6
004899,1.0 14 54.2 66.5 242.4 200.5
004900,1.0 14 23.9 345.9 49.1 498.3 0.7 14 35.2 342.2 48.4 497.2 0.6 14 46.2 362.2 52.6 388.8 0.7 14 52.2 373.5 63.7 443.7
004901,0.0 0 0.0 0.0 10.0 10.0
004904,0.7 1 320.2 100.9 444.3 155.6 1.0 14 243.2 13.1 289.9 81.7 0.7 13 64.8 122.5 215.0 200.4 0.5 14 240.5 13.3 289.1 110.0 1.0 14 76.6 88.2 159.8 180.6 1.0 14 349.8 65.0 415.2 142.6 0.7 14 342.1 62.8 377.4 115.0
004906,0.9 0 115.1 58.2 227.4 189.5
004908,0.5 2 15.5 345.4 35.2 379.7 0.8 14 47.6 43.9 214.7 429.2 0.9 14 47.8 43.9 167.1 428.4 0.9 14 47.7 44.8 224.5 498.8
004909,0.0 0 0.0 0.0 10.0 10.0
004914,0.7 3 63.1 4.4 244.6 263.9 0.8 3 64.0 6.8 288.9 265.1 0.5 3 60.2 90.0 299.3 266.3 0.6 3 157.8 43.0 231.6 133.9
004915,0.0 0 0.0 0.0 10.0 10.0
004917,0.7 14 159.8 65.3 237.2 224.8 1.0 14 130.9 66.2 237.4 225.5 0.9 13 83.4 100.5 300.3 248.4
004918,0.8 14 172.4 1.8 498.9 205.2
004919,0.6 4 267.2 0.5 331.1 47.1 0.9 4 160.0 142.2 221.4 257.9 0.9 4 238.1 20.1 360.5 201.7
004920,0.0 0 0.0 0.0 10.0 10.0
004921,0.0 0 0.0 0.0 10.0 10.0
004922,0.9 14 2.2 28.1 463.9 250.5 1.0 14 120.5 29.7 464.8 250.3
004923,0.5 14 37.2 49.1 194.2 188.3 0.6 14 4.8 89.2 314.8 284.3 0.6 14 43.1 48.6 205.3 191.5 0.8 14 3.1 49.5 283.8 282.6 0.9 14 69.8 89.4 291.5 283.6 0.9 4 34.4 139.8 56.4 178.7 0.5 14 116.5 89.3 286.6 231.5
004924,0.7 6 268.0 174.7 415.8 280.9 0.9 6 270.3 72.9 416.0 281.1
004925,0.6 11 119.5 201.2 231.1 502.5 0.8 14 49.2 1.6 136.3 230.5 0.9 14 1.3 2.2 131.1 498.5
004927,1.0 14 335.6 40.1 365.4 106.7 0.9 14 400.6 56.8 418.7 109.1 1.0 14 285.6 43.0 307.2 83.3 1.0 14 25.6 52.9 41.1 84.3 0.9 6 46.3 20.6 357.3 230.2 1.0 14 359.3 42.9 389.1 106.2 0.9 14 78.1 53.5 93.6 86.1 0.7 14 35.4 55.2 47.9 82.9 1.0 14 301.4 43.3 324.8 88.7 1.0 14 52.7 49.9 67.7 82.3 0.9 14 75.9 53.7 91.2 84.6 0.5 14 399.9 57.2 416.0 80.5 1.0 6 45.2 18.4 414.4 276.6 0.6 14 49.0 52.2 62.0 83.0 0.7 14 93.6 50.0 113.0 88.4 0.6 14 329.2 43.4 349.8 95.5 0.8 14 50.1 51.9 63.7 83.2 0.9 14 332.1 41.8 356.4 101.4
004930,0.9 1 42.5 184.3 252.9 249.4 0.9 14 48.6 13.1 265.3 249.5 0.9 14 48.0 11.5 351.1 250.8 0.7 1 43.0 183.8 329.5 249.2 0.7 14 155.5 60.0 351.5 250.9
004932,1.0 14 112.6 14.1 178.6 106.1 0.9 12 55.2 39.0 233.9 163.2
004933,1.0 6 132.4 121.6 202.1 149.8
004934,0.6 14 3.7 1.8 305.0 250.9 0.9 14 1.9 1.5 497.8 252.8
004937,0.6 14 187.9 34.2 220.8 74.0 0.9 14 161.0 62.3 201.3 126.4 0.8 14 109.2 81.1 158.6 175.4 0.9 14 1.1 109.0 19.7 177.1 1.0 14 92.7 75.2 126.8 170.1 1.0 14 27.7 95.9 59.3 174.2 0.6 14 112.2 99.5 157.5 162.9 1.0 14 216.5 75.2 265.4 163.8 0.6 14 93.0 76.0 123.1 137.9 0.9 14 102.1 75.6 131.0 153.2 0.6 3 88.0 0.2 361.0 247.2 1.0 14 153.1 61.5 201.8 176.1
004940,0.6 2 40.2 81.5 67.7 99.6 1.0 6 21.4 103.2 489.6 237.1
004941,0.6 12 85.3 1.0 181.0 105.1 1.0 14 2.2 55.7 80.8 477.0
004942,0.8 14 258.0 107.3 305.8 143.4 0.8 14 253.9 107.2 308.2 155.7 0.9 13 242.1 100.1 427.7 257.5
004944,1.0 14 106.4 152.7 181.0 247.5 0.7 14 86.4 152.9 179.7 250.2 0.9 14 181.2 97.9 230.7 190.3 0.7 5 2.1 34.3 172.6 254.3
004945,0.7 11 156.9 28.1 342.6 126.6 0.6 11 64.3 73.4 424.4 239.9
004947,0.6 14 132.2 61.1 370.8 224.3 0.6 14 312.9 78.9 475.9 222.8 0.8 14 129.7 62.2 266.1 222.3 0.6 14 183.3 62.6 250.1 142.4 1.0 14 2.4 25.8 259.6 224.2 0.7 14 2.2 25.1 181.7 225.1 0.5 14 305.1 76.3 473.8 223.8 0.6 4 466.8 161.8 500.0 222.4 0.8 14 312.2 79.2 499.4 223.0
004949,0.0 0 0.0 0.0 10.0 10.0
004952,0.6 5 100.0 228.3 122.2 278.8
004957,0.5 12 127.4 4.1 285.9 247.5
004959,1.0 14 202.4 81.5 287.0 224.4 0.9 14 100.8 68.9 120.3 103.2 1.0 14 26.7 81.8 54.8 110.7 0.9 14 102.0 68.2 121.2 102.5 1.0 6 111.0 58.4 196.8 89.5 1.0 14 95.5 68.6 113.1 102.2 0.5 14 45.3 73.5 68.8 105.9 1.0 14 71.7 78.8 93.8 106.9 1.0 14 283.4 83.5 439.9 223.6 0.9 14 47.7 73.9 67.1 89.5 0.7 6 300.0 64.0 451.6 106.7
004964,0.7 15 254.4 99.8 300.6 124.0 0.6 8 436.8 133.4 500.0 201.7 0.7 8 355.8 143.7 429.8 189.5 1.0 14 428.8 46.3 485.0 135.4 0.5 17 433.6 132.0 499.5 199.8 1.0 17 112.2 121.1 350.0 190.6 0.9 19 260.6 55.0 339.6 94.3 0.8 14 421.2 43.8 484.0 193.1
004965,0.8 6 9.4 392.2 32.3 428.1 0.5 6 115.9 417.8 175.1 492.7 1.0 6 28.6 391.6 84.6 464.2 1.0 6 96.7 419.8 175.7 499.9
004969,0.0 0 0.0 0.0 10.0 10.0
004970,0.6 12 7.5 11.3 274.6 242.0 0.6 12 4.5 10.7 400.7 242.7
004971,0.9 14 73.4 117.3 183.0 224.9 0.9 14 184.8 81.6 314.6 174.7 0.9 14 1.8 103.7 181.9 224.6 0.8 14 178.2 81.8 385.6 225.9 0.7 14 186.0 84.9 337.5 225.7
004975,0.0 0 0.0 0.0 10.0 10.0
004978,0.9 14 238.6 44.8 307.6 119.6 1.0 14 154.2 31.9 239.8 143.1 1.0 14 169.3 95.7 265.8 225.3 0.7 14 233.0 44.3 305.6 152.7 0.8 14 223.0 44.4 304.6 184.8 1.0 14 44.8 83.1 167.4 226.7 0.7 14 251.0 62.1 401.5 190.6 0.9 14 247.7 62.3 378.4 224.8 0.8 14 250.1 62.7 403.6 224.6
004979,0.0 0 0.0 0.0 10.0 10.0
004980,0.6 9 381.0 123.7 466.0 152.6 0.5 9 91.9 119.6 131.9 137.9 0.5 16 311.8 115.1 337.6 128.2 0.5 9 22.9 119.3 75.2 141.9
004981,1.0 6 7.7 41.1 378.3 203.5
004988,1.0 0 3.4 8.1 482.5 205.5
004989,0.6 14 404.4 156.9 427.3 191.0 0.9 5 54.6 127.5 386.6 203.3
004993,0.6 12 69.4 69.0 399.7 188.4
004996,1.0 6 44.9 67.8 426.9 230.2
005000,0.8 4 189.9 170.1 216.0 202.4 0.6 4 161.2 170.4 190.7 200.9 1.0 1 54.2 110.7 318.7 250.7
005002,0.9 14 126.4 68.6 155.0 118.4 1.0 4 100.2 74.7 177.3 499.0
005005,1.0 14 276.6 130.8 302.4 153.3 1.0 6 57.0 124.9 404.4 209.4
005008,1.0 0 70.9 81.7 389.2 180.0
005009,0.6 14 372.8 1.1 444.2 266.9 0.6 14 375.2 0.1 442.7 279.7 1.0 4 241.5 -1.2 301.5 148.1 0.9 4 165.4 135.6 224.1 221.7 0.6 4 270.3 121.6 324.8 225.3 1.0 4 34.0 6.1 144.2 253.7 0.6 10 16.3 217.3 413.9 280.4 1.0 14 371.1 1.2 444.6 192.9 0.6 4 275.8 121.8 322.9 190.1
005010,0.7 11 51.6 110.6 303.7 225.8 0.6 11 48.4 111.4 351.3 284.0
005011,1.0 14 23.2 156.6 41.7 184.2 1.0 14 80.3 153.5 116.1 193.9
005012,0.5 4 200.3 42.8 214.5 86.6 0.7 11 84.2 358.4 134.4 499.8 0.5 11 80.8 357.6 135.6 499.8 0.8 4 214.3 157.8 230.7 223.9 0.7 4 43.8 123.5 59.9 184.9 0.6 11 0.6 276.9 97.9 499.9 1.0 14 126.9 3.1 221.0 495.6
005013,0.6 18 65.9 61.3 462.9 217.6
005015,0.9 2 41.8 116.3 276.4 195.1
005017,1.0 14 165.1 167.5 184.4 195.4 1.0 14 81.6 152.9 94.1 179.8 0.9 14 127.0 168.9 145.5 193.4 0.8 14 153.0 165.6 169.4 191.8 0.9 14 183.0 157.4 193.5 179.6 1.0 14 103.0 168.1 121.7 194.0 0.5 14 134.2 158.8 146.3 187.0 0.9 14 148.3 166.2 168.1 192.0
005019,1.0 14 4.8 122.7 147.2 340.3 1.0 14 133.3 2.1 427.6 340.7
005021,1.0 6 38.2 108.6 423.3 253.4
005022,0.9 3 209.6 104.6 274.1 139.5
005025,0.6 14 234.9 106.8 280.9 170.6 0.7 8 19.1 136.4 143.8 364.4 0.6 14 186.6 48.7 239.5 144.1 0.5 14 183.6 58.3 345.0 373.0 0.9 14 12.4 45.7 168.6 213.4 0.6 14 199.5 37.7 220.6 62.5 0.8 14 11.7 46.1 191.4 220.0 0.7 15 393.4 1.7 444.1 126.4 0.7 14 237.2 95.4 366.9 185.2 0.9 14 83.7 164.3 252.8 374.1 0.5 14 175.7 52.5 250.9 233.0 0.8 14 335.2 72.2 419.7 185.1 0.7 14 177.4 50.6 243.4 169.0 0.8 14 15.2 46.2 248.2 373.2 0.8 14 13.2 45.0 176.7 360.3 1.0 14 334.3 71.6 442.2 224.2 0.6 14 190.8 37.0 226.0 99.2 0.8 14 178.0 55.4 244.6 172.5 1.0 14 240.1 108.8 346.4 233.1 0.8 10 242.9 217.1 445.4 374.9
005030,0.9 6 0.9 86.6 34.7 190.2 1.0 6 26.0 58.7 421.5 293.9
005031,1.0 1 327.6 173.4 427.5 277.0 1.0 1 52.8 144.6 200.1 290.1 1.0 14 34.2 38.0 178.2 254.6 0.6 14 33.7 37.8 200.3 279.9 1.0 14 308.2 99.2 407.9 271.8
005034,0.8 0 301.6 130.6 406.6 231.2
005035,0.9 14 242.3 1.2 266.5 36.8 0.9 14 459.9 0.8 499.1 77.9 0.9 6 430.2 9.5 498.7 70.4 0.9 6 0.8 39.2 56.7 102.3 0.8 14 262.0 2.2 294.3 86.2 0.9 14 235.8 1.8 264.9 101.9 0.7 6 89.2 1.1 155.8 58.4 1.0 6 32.5 34.7 486.5 289.8 1.0 14 392.2 0.6 425.8 103.7 1.0 14 159.1 1.1 182.2 37.3 0.9 14 264.9 1.7 290.8 46.2 1.0 14 275.8 1.1 304.3 48.7
005038,0.5 14 0.3 158.7 201.7 374.9 0.9 7 95.0 139.5 328.1 291.3
005040,0.5 14 60.0 47.1 302.1 336.7 1.0 14 53.0 46.4 290.1 374.5 0.7 14 53.2 46.0 350.7 374.6 0.9 14 195.6 50.6 336.2 358.7 0.8 14 198.4 50.8 394.9 374.7
005041,0.8 6 259.2 160.0 315.2 203.2 0.9 14 309.5 158.9 347.1 222.8 1.0 14 156.4 151.5 219.2 373.9 0.9 14 156.4 151.8 219.2 315.5 0.6 13 24.9 262.5 213.8 374.5 1.0 14 257.9 160.0 298.9 258.7 1.0 14 56.7 128.2 190.8 374.6 0.6 14 306.3 158.2 349.6 289.1 0.7 13 258.3 208.0 292.9 273.4 1.0 6 355.5 165.6 396.1 226.1
005043,0.9 0 309.1 169.8 425.6 193.9
005044,0.8 8 258.5 111.4 282.5 192.2 0.5 8 95.0 106.9 162.4 257.3 0.7 8 377.1 116.0 415.9 226.1 0.8 8 118.8 105.3 236.5 330.0 0.8 8 5.0 106.9 31.6 182.5 0.6 10 49.1 246.7 224.3 330.5 0.9 8 50.1 104.7 236.5 330.4 0.9 8 23.4 106.0 102.5 329.8 0.9 8 267.0 109.5 396.5 329.9 0.6 10 266.2 137.7 445.9 326.9
005046,0.5 14 59.0 159.9 107.5 244.5 0.6 14 263.9 253.0 292.5 285.6 0.7 14 104.0 192.0 129.0 242.6 1.0 14 55.6 158.7 113.5 282.6 0.9 5 21.1 95.9 400.9 318.9
005048,0.9 1 114.1 69.4 289.1 343.5 0.9 1 113.7 5.7 285.1 341.3
005049,0.8 14 310.9 251.9 402.9 375.6 0.7 14 1.1 50.6 68.5 261.2 1.0 14 166.3 55.1 274.5 198.6 0.9 14 1.0 50.2 69.0 320.8 0.9 8 142.8 192.6 222.2 374.5 1.0 14 2.7 143.3 200.2 375.2 1.0 10 141.5 177.0 391.5 374.7 1.0 14 311.2 83.3 402.5 252.1 0.7 14 310.1 83.7 399.6 374.4
005050,0.9 11 143.7 84.4 340.4 257.7 0.6 17 2.7 1.7 442.7 282.7 0.8 17 2.8 24.1 439.8 283.3
005051,0.7 11 1.3 0.0 401.8 310.1
005053,0.6 12 158.9 93.8 217.8 152.2 0.5 12 21.9 108.7 86.4 152.7 0.5 12 262.3 92.9 332.3 152.5
005059,0.9 19 81.5 64.8 206.6 162.5 0.7 11 204.7 206.3 299.2 257.9
005060,0.6 14 149.2 152.4 334.8 279.4 1.0 14 48.6 30.4 162.2 132.6 1.0 14 326.0 107.0 441.9 280.1 0.9 14 284.5 117.2 358.8 280.2 1.0 14 268.6 119.9 314.7 190.9 0.8 14 290.7 116.7 360.8 211.5 1.0 14 114.0 88.7 181.3 245.8 1.0 14 159.7 113.2 266.0 254.4 0.5 14 48.5 31.5 161.0 231.3 0.7 14 45.7 30.9 160.3 176.4 1.0 14 42.6 90.3 141.4 249.9 1.0 14 208.2 151.4 338.2 281.0 0.8 10 1.2 222.0 435.6 283.4 0.6 14 126.6 88.9 180.8 196.4 0.7 8 11.0 124.4 53.2 188.9 0.8 14 157.7 114.1 245.0 250.7 0.8 10 34.9 228.6 438.7 282.5
005066,0.5 5 401.2 80.5 445.2 239.1 0.9 5 86.9 43.3 353.9 265.9
005069,1.0 14 94.5 224.1 162.6 398.6
005070,0.5 13 291.0 119.7 374.7 216.5 0.5 6 32.1 100.7 373.7 229.9
005074,0.7 6 325.2 124.1 423.5 149.5 0.6 6 420.1 111.4 489.9 153.3 0.8 6 103.0 135.6 146.4 153.2 0.8 6 23.1 128.2 68.3 149.5 0.6 3 36.2 0.8 388.3 195.4 0.8 6 22.1 126.6 104.8 150.7 0.5 6 94.4 128.6 141.1 142.6
005075,0.0 0 0.0 0.0 10.0 10.0
005076,0.7 0 11.6 70.3 493.7 175.7 0.7 0 15.4 0.7 494.9 178.4
005080,0.6 12 75.7 28.2 419.4 203.3
005082,0.7 8 264.6 125.2 331.5 212.9 0.9 17 1.3 114.6 99.9 191.4 0.5 11 148.8 122.9 185.6 177.6 0.9 8 195.6 131.7 269.5 213.7 0.9 17 269.2 117.9 425.6 230.9
005083,1.0 6 13.7 55.8 431.3 189.2
005087,0.9 14 201.7 0.8 235.0 37.5 1.0 14 172.5 0.9 202.6 36.6 0.9 6 98.1 0.7 175.9 29.9 1.0 14 182.5 20.6 339.8 157.6 0.9 13 193.2 78.2 360.8 195.8 0.5 6 246.2 0.7 406.9 34.2
005088,1.0 14 23.9 95.0 92.8 173.3 0.6 14 286.4 106.5 359.0 195.9 0.7 14 254.3 105.8 359.0 233.3 0.9 15 116.2 131.7 181.5 205.4 1.0 14 248.6 85.2 314.7 213.2 1.0 14 138.4 100.9 216.5 191.3 0.6 14 152.9 102.3 251.5 195.0 1.0 14 83.2 101.8 132.1 136.5 0.9 15 47.8 127.1 123.2 201.2 0.9 14 245.7 95.3 319.9 224.0 1.0 14 287.4 88.0 442.7 249.6
005089,0.9 7 41.0 40.6 246.2 154.0
005091,0.9 6 50.8 45.9 199.4 99.0 0.9 6 360.9 68.1 436.8 112.5 1.0 6 279.7 62.6 439.1 112.3 0.6 6 212.6 94.7 367.3 166.3 0.7 6 214.0 92.7 428.5 169.5 0.8 6 241.3 63.5 442.3 112.9
005092,0.7 15 373.1 42.4 426.4 103.3 0.9 15 242.0 1.3 382.8 110.3 0.9 15 366.4 2.1 445.6 105.9 0.6 11 100.3 60.6 388.6 222.2 0.7 11 100.9 60.0 496.4 222.4 0.5 11 98.0 63.9 384.7 150.8 0.7 2 286.9 102.8 498.0 222.2
005095,1.0 14 383.8 167.4 404.3 198.1 0.9 14 60.3 173.9 75.9 193.9 0.6 18 328.9 133.0 500.2 197.9
005096,1.0 4 5.1 -0.1 106.2 186.9
005098,0.5 1 4.4 213.4 130.4 450.2 0.9 14 194.4 140.9 207.8 161.5 0.9 14 217.8 139.0 232.2 158.1 0.7 1 5.0 198.7 246.7 449.1 0.7 3 1.2 71.8 45.7 106.1 0.6 3 28.7 93.7 248.4 194.8 0.7 3 48.9 46.0 157.2 97.3 0.9 14 52.9 221.9 111.8 441.1 0.9 1 4.5 198.8 246.8 451.3
005099,0.9 6 1.3 210.8 211.1 471.2 0.8 6 0.8 51.0 211.8 473.1
005100,0.6 14 266.3 54.0 362.9 156.9 0.5 11 124.5 129.5 277.4 179.3 0.7 14 45.7 56.8 151.7 170.9 0.9 14 49.0 57.7 200.1 252.6 0.9 14 43.3 57.1 155.8 251.6 1.0 14 155.3 54.5 416.4 252.6
005103,0.8 8 96.2 235.5 177.3 461.2 1.0 14 81.8 44.5 189.1 461.9 1.0 14 209.3 116.9 251.9 361.8
005105,1.0 6 0.7 86.9 90.7 161.0 0.7 14 389.8 94.7 403.5 113.7 1.0 14 371.2 97.0 389.2 113.6 0.7 14 397.4 101.1 432.0 174.7 1.0 14 76.6 83.0 107.2 138.1 1.0 6 7.8 96.1 435.0 267.4 1.0 14 397.9 100.5 424.1 126.3 0.9 14 346.5 84.6 362.3 101.9 0.8 14 59.3 78.7 85.0 111.0
005106,0.9 0 159.2 150.2 256.5 181.6 0.8 0 312.5 165.5 369.9 180.9
005109,0.6 7 87.6 27.0 467.0 263.7 0.7 7 2.5 0.4 402.3 262.5 0.7 7 1.9 0.8 468.6 263.4
005112,0.6 3 338.3 107.6 381.0 118.9 0.9 3 270.8 131.0 354.7 152.4 0.8 14 172.1 189.1 188.3 210.1 0.9 3 90.7 123.7 149.3 144.7 0.7 3 266.9 115.8 318.9 150.3 0.9 3 130.1 197.0 226.9 222.0 0.8 14 154.1 190.0 177.8 209.4 0.7 3 267.9 127.1 378.3 152.4 0.9 3 29.2 119.9 73.9 139.0 0.8 3 267.3 114.7 377.8 154.2 0.8 3 266.3 116.2 355.9 152.9
005113,0.9 2 135.3 124.4 201.5 201.2 0.9 2 219.4 100.3 319.8 169.4
005115,0.7 1 1.1 10.6 172.3 283.9 0.8 7 104.4 35.2 336.1 282.6
005117,0.6 11 2.5 260.6 177.2 498.1 0.6 14 3.4 2.3 227.9 499.0 0.9 14 3.1 1.9 247.1 498.9
005118,0.6 14 2.7 2.2 399.2 251.6 0.6 11 1.5 75.9 412.6 249.6
005119,1.0 14 194.9 12.9 334.0 247.4 0.6 1 105.8 101.0 383.3 250.4
005120,0.8 14 57.6 0.7 133.8 190.4 0.6 11 0.7 412.8 116.4 500.1 1.0 14 26.6 65.8 122.2 340.0 0.7 14 25.6 66.5 123.1 410.3 0.9 13 8.8 144.6 209.5 436.5
005123,0.8 18 3.5 57.6 494.9 126.6
005125,0.8 14 0.9 127.9 14.9 173.2 0.9 6 56.8 33.7 396.0 222.5 1.0 14 363.1 83.3 396.9 123.4 0.7 14 326.6 79.2 341.5 91.2
005126,1.0 6 68.7 86.1 244.4 147.0
005127,0.6 11 160.8 54.3 258.9 201.7
005132,0.8 12 79.7 52.8 328.5 194.6 1.0 14 316.3 49.5 368.8 180.3
005133,0.9 14 223.8 91.0 341.5 255.7 0.9 14 238.1 89.7 337.3 254.4 0.9 13 176.1 112.8 351.0 267.6
005137,0.6 16 288.2 18.8 307.9 31.0
005139,0.7 12 134.1 120.6 325.0 269.5 1.0 14 329.5 108.5 378.6 250.5
005140,0.6 10 130.8 109.3 452.5 333.7 1.0 14 321.4 0.9 405.6 134.5 1.0 14 1.4 1.4 103.5 331.9 0.9 10 131.0 127.1 448.8 334.0
005141,1.0 14 189.3 182.8 207.9 238.0 1.0 14 206.9 182.3 226.0 237.6
005142,0.9 6 20.7 67.4 411.2 319.6 0.7 6 134.6 159.1 411.5 318.6
005147,0.8 16 167.8 129.6 244.4 211.3 0.7 16 83.3 131.6 150.0 195.4 0.8 16 1.3 132.2 40.9 187.6 0.7 16 97.4 257.2 139.9 375.0 0.6 16 162.4 124.7 209.8 170.4 0.8 16 299.1 73.3 342.8 111.2 0.7 16 392.3 118.3 405.8 167.8
005148,0.9 14 172.8 89.6 350.7 374.4 0.7 14 319.5 145.8 400.9 373.0 0.9 14 273.1 146.6 318.5 247.9 1.0 14 3.0 108.2 201.3 375.2 0.7 14 2.8 88.9 133.5 374.2 0.7 14 15.1 90.7 348.6 374.6 0.7 14 6.2 90.2 131.8 321.5 0.7 14 318.2 114.9 401.9 374.0
005149,0.7 11 175.0 88.6 499.3 222.4
005151,0.7 14 339.5 58.9 444.3 221.7 0.9 14 1.4 61.8 111.4 166.7 0.9 4 128.9 146.7 169.6 204.4 1.0 14 133.1 60.1 239.2 190.5 0.9 14 1.6 62.4 116.2 201.1 0.9 10 0.4 158.6 442.3 248.7 0.8 4 133.3 0.9 212.1 82.6 1.0 14 284.4 58.3 444.6 221.7
005152,0.6 11 101.5 9.7 324.3 251.0 0.9 14 3.7 18.4 316.8 250.5
005154,0.8 18 130.9 82.6 354.7 169.3 0.6 18 8.0 66.7 138.8 128.7 0.5 18 8.7 64.2 354.4 167.8
005155,0.5 7 29.7 53.3 375.8 252.2 0.8 7 2.1 0.8 377.7 251.2
005157,0.6 6 10.7 109.7 55.9 136.2 1.0 6 90.1 135.4 257.3 181.3
005158,0.9 6 16.6 63.8 411.2 204.7
005162,0.6 3 0.5 276.2 87.2 499.0 0.9 14 84.6 170.6 154.4 238.8
005163,0.9 14 206.9 225.0 271.5 272.2 0.9 14 100.2 242.2 115.1 281.2 1.0 14 247.8 109.4 293.5 181.5 0.5 11 98.3 293.3 138.4 332.8 0.7 6 0.9 -0.0 69.4 90.6 0.6 14 90.7 236.0 103.0 281.0 0.8 13 259.8 141.3 296.9 213.7
005164,0.7 16 70.0 54.0 149.2 108.2 0.7 16 240.2 157.9 338.3 255.5 0.8 16 145.2 87.0 196.9 128.5
005165,0.5 11 197.3 4.2 294.1 66.7 0.5 11 60.2 70.4 419.7 332.7
005166,0.7 13 1.2 94.6 54.2 169.7 0.7 13 1.6 59.8 98.8 168.1 1.0 6 46.2 65.8 394.8 281.0 0.7 14 260.3 85.1 286.6 121.1
005167,0.0 0 0.0 0.0 10.0 10.0
005170,1.0 14 230.3 157.9 256.2 276.4 0.9 14 293.5 210.2 329.5 301.3 1.0 14 168.7 148.5 216.7 306.2 1.0 14 107.5 160.3 141.7 306.9 1.0 14 60.6 164.5 93.5 306.7 1.0 14 250.0 148.3 288.7 303.8
005172,0.5 13 121.7 55.4 488.2 332.9
005174,0.8 4 247.9 117.9 266.7 167.0 0.6 4 264.8 108.5 280.5 143.5 0.9 15 74.9 1.9 202.2 162.3 0.7 8 360.5 184.4 443.0 373.7 0.9 8 37.6 99.3 101.2 203.5 0.8 8 313.2 85.3 385.0 148.5 0.9 10 1.8 124.1 425.9 374.5 0.8 10 1.9 122.5 425.8 339.5 0.9 8 312.8 183.7 440.6 374.9 0.8 4 260.7 114.6 282.1 173.1
005178,0.9 19 104.5 39.3 358.6 231.6 0.9 19 36.7 15.5 414.5 248.2
005180,0.7 8 1.0 275.9 42.4 368.9 0.7 14 124.3 217.4 143.0 252.3 0.7 15 61.9 251.6 92.7 357.3 0.8 8 1.2 284.4 43.1 368.0 0.8 15 81.9 264.2 113.0 360.0 0.7 15 57.2 225.6 94.9 356.2 0.9 14 0.9 261.3 36.9 354.3 0.6 15 60.9 222.6 95.6 284.8 0.7 15 49.5 226.5 82.3 287.3 0.9 15 60.6 225.4 94.0 292.1 0.6 8 115.1 340.9 249.8 443.0 0.8 8 1.0 318.4 45.5 446.4 0.9 15 87.1 263.1 116.3 359.2 0.5 10 131.5 303.9 232.4 394.9 0.8 8 116.4 308.1 251.6 444.6 1.0 15 26.6 228.8 58.2 288.0
005182,1.0 14 202.6 16.3 261.0 133.0 0.9 12 161.5 54.8 376.2 176.9
005184,0.9 14 226.6 118.1 275.4 189.5 1.0 14 424.3 103.4 447.0 194.8 0.7 14 162.7 143.5 290.7 249.4 1.0 14 261.0 81.9 314.0 157.0 0.8 15 309.0 116.0 372.9 173.6 0.8 8 158.4 196.5 250.4 250.8 1.0 14 168.1 116.6 294.3 248.9 0.7 8 280.8 152.6 347.0 220.8 0.7 10 235.6 164.9 346.9 220.5 1.0 14 231.3 116.3 299.1 231.6 0.9 8 278.0 152.3 316.3 223.8
005187,0.9 19 34.5 99.6 194.4 291.2 1.0 14 16.7 117.3 159.7 499.2 0.8 14 17.1 116.0 220.9 499.6
005188,0.7 4 160.3 136.4 181.8 170.2 0.8 13 7.5 2.5 449.2 239.5 0.5 6 280.7 113.4 454.7 236.2
005192,0.7 6 372.7 29.4 482.0 95.0 1.0 6 261.5 28.4 482.4 96.8 0.9 14 56.4 28.6 77.7 69.2 0.9 6 1.1 23.3 116.5 157.2 1.0 6 47.1 73.5 457.0 206.9 0.8 6 1.1 71.3 119.7 155.7
005193,0.5 8 56.3 32.3 239.7 130.6 0.9 11 118.3 93.7 441.2 246.3
005194,0.7 11 1.4 16.5 210.1 499.2 0.7 11 3.8 18.1 292.6 499.4
005196,0.5 14 112.5 35.8 241.8 334.8 0.8 14 112.7 23.5 238.7 284.6 0.8 14 32.2 23.9 242.9 333.7 1.0 14 218.7 38.3 447.4 338.1
005197,0.6 14 230.4 61.0 284.7 169.4 0.7 13 7.8 118.4 311.0 276.1 0.9 14 197.1 61.9 285.1 178.4 1.0 14 101.4 89.0 225.3 220.8 0.8 13 7.9 103.6 347.3 274.9
005198,0.7 12 248.9 65.3 347.1 213.0
005200,0.7 7 100.3 15.1 411.9 121.0 0.7 11 272.4 225.0 324.3 320.9
005201,0.7 7 4.7 40.2 419.6 296.8 0.5 7 176.8 38.4 420.4 295.9
005204,1.0 6 128.6 122.2 325.8 194.2 1.0 6 380.1 129.2 447.4 193.9
005205,0.9 14 257.7 166.0 321.2 312.6 1.0 14 98.0 64.1 150.1 215.8 1.0 14 239.4 47.2 310.7 231.9 1.0 14 170.7 173.5 251.4 316.5 0.7 14 137.5 59.4 198.8 173.5 1.0 14 139.1 59.3 198.8 222.1 1.0 14 84.6 171.3 170.8 322.1 1.0 14 185.7 90.1 242.3 211.0 1.0 14 42.9 72.8 108.5 293.9 1.0 14 307.1 88.1 376.0 316.5 0.7 14 185.2 90.0 242.8 313.0 0.6 14 239.5 46.7 312.0 317.9 1.0 14 246.1 166.0 317.3 321.4 1.0 14 333.4 40.7 409.0 307.1
005206,0.8 12 184.7 154.6 226.8 227.0 1.0 14 182.9 111.2 228.5 228.0
005207,0.8 2 35.1 109.7 255.9 415.7
005211,0.6 14 138.2 27.0 228.5 106.7 0.6 14 102.8 27.3 147.5 84.6 0.7 14 137.3 26.4 184.7 85.9 0.8 1 33.6 4.9 461.1 244.9 0.6 14 137.1 27.3 195.6 111.9
005213,0.0 0 0.0 0.0 10.0 10.0
005216,1.0 4 180.3 38.8 274.8 274.0
005218,0.6 14 151.8 154.2 188.4 191.5 0.7 17 119.3 52.7 359.6 221.1 1.0 14 92.8 72.3 226.0 276.2 0.6 14 95.2 71.2 357.3 261.7
005221,0.5 17 13.8 74.1 424.7 287.7 0.7 17 13.1 76.0 430.8 241.9 0.7 17 6.7 75.8 428.0 289.5
005225,0.7 11 1.6 127.1 305.0 276.1 0.7 11 156.0 161.1 314.9 276.2 0.9 14 3.1 1.6 396.2 277.6 0.5 11 152.9 57.0 392.8 275.4 0.6 11 153.5 154.0 397.9 279.8
005226,0.6 8 1.2 160.6 57.1 227.4 0.8 14 152.3 69.2 220.5 150.6 0.7 14 32.1 59.5 126.3 195.7 0.9 4 289.1 128.8 316.8 205.3 0.8 14 30.5 58.0 119.2 167.6 1.0 14 146.8 69.6 221.7 193.4 0.6 14 135.3 69.7 221.1 240.0 1.0 14 69.7 15.9 131.9 146.6 0.7 19 316.1 25.1 370.2 76.7 1.0 14 32.5 58.8 128.4 232.4 1.0 14 211.4 95.2 361.7 233.6 0.9 10 106.5 187.3 400.3 248.3 0.6 14 266.3 97.2 360.3 233.6 0.8 14 212.2 96.0 361.1 209.5 1.0 4 268.6 139.3 290.6 204.7 1.0 14 266.9 87.2 300.3 118.3
005227,0.8 14 9.3 6.0 311.0 222.3 1.0 14 73.2 10.7 308.6 195.3
005228,0.6 7 37.4 41.9 317.5 100.2 0.9 7 296.0 45.7 499.4 108.1
005232,1.0 14 258.2 61.5 369.5 183.8 0.7 1 212.2 96.8 420.7 197.8
005233,1.0 14 139.1 67.8 176.4 107.6 0.7 14 106.5 67.4 136.7 109.0 0.9 14 253.5 92.9 325.9 163.3 0.9 4 164.7 100.3 181.3 137.8 0.9 14 88.4 67.2 139.4 144.1 0.8 14 209.7 75.3 240.6 137.8 0.6 14 50.1 105.7 107.9 171.3 1.0 4 227.6 139.1 246.4 189.8 0.5 14 209.2 73.3 245.5 154.7 0.6 10 2.4 129.1 302.6 248.0 0.9 14 92.1 66.6 137.7 130.0 0.6 14 9.9 90.4 98.4 179.3 1.0 14 2.0 95.6 103.0 250.8 0.8 10 2.5 135.9 299.2 246.2 0.7 8 206.7 207.8 369.6 248.8 0.8 14 270.7 80.9 400.0 213.9 0.8 14 326.9 80.0 402.2 250.1 1.0 14 271.0 81.1 400.1 250.4
005234,0.9 14 312.6 122.4 333.5 157.3
005235,0.8 2 24.5 158.6 47.8 213.7 0.7 19 70.5 181.4 170.9 364.7
005237,0.9 4 263.2 106.1 285.9 145.4 0.5 4 309.3 118.3 336.4 157.0 1.0 14 158.8 2.5 302.1 132.5 0.6 4 224.1 114.7 248.7 148.9 0.8 4 145.3 89.9 172.2 141.9 0.8 10 26.7 90.4 468.8 204.2 0.9 10 65.5 127.4 453.6 203.5
005238,1.0 0 15.5 91.8 485.0 177.9
005240,0.8 14 197.6 131.7 216.6 169.4 0.6 14 196.0 132.5 217.8 204.2 0.9 14 140.6 113.1 167.3 140.3 0.7 14 145.5 113.3 168.8 152.6
005241,0.0 0 0.0 0.0 10.0 10.0
005243,0.9 0 145.4 41.3 497.2 157.8 0.9 0 145.5 51.2 446.4 157.6
005247,0.8 2 113.9 93.0 372.3 237.0 0.9 2 79.7 92.9 370.9 282.3
005249,0.6 13 0.8 110.0 168.8 437.0
005250,0.6 2 187.8 107.1 273.4 267.5
005251,0.6 14 433.9 74.2 486.5 143.0 1.0 14 156.2 91.4 247.0 250.2 0.6 14 445.2 0.4 480.4 62.1 1.0 14 263.4 89.9 359.4 245.5
005252,0.9 14 51.3 26.7 190.1 290.3 0.9 14 51.7 25.7 190.9 335.6 0.6 10 2.0 210.3 222.0 502.7
005255,0.9 19 0.8 85.2 112.2 162.8 1.0 14 67.0 106.1 104.9 149.4 0.7 15 216.7 82.5 297.2 169.6 1.0 14 21.7 100.9 74.0 152.2 0.9 10 173.0 168.6 353.0 221.8 0.9 14 21.8 100.6 74.8 196.8 0.5 14 64.9 105.8 109.9 189.8
005256,0.0 0 0.0 0.0 10.0 10.0
005261,1.0 14 184.7 38.4 301.7 169.3 1.0 14 157.0 126.0 314.4 250.3 0.8 14 79.7 108.9 166.0 245.0 1.0 14 76.2 109.7 165.9 210.5 0.6 14 77.2 108.6 165.6 245.0 0.6 14 185.5 37.4 302.2 174.9 1.0 14 1.7 93.3 123.1 251.0 1.0 14 290.8 120.7 441.7 248.6
005265,0.6 5 42.6 44.0 439.8 196.8
005266,0.8 8 155.9 106.2 202.5 147.0 0.8 8 329.4 99.2 441.7 250.0 0.7 8 303.9 110.7 385.2 219.0 0.7 8 301.7 49.8 405.4 219.3 0.8 8 44.4 131.4 232.2 241.2 0.5 8 304.5 47.8 408.2 220.4
005271,0.9 5 103.1 52.2 369.5 197.9 0.9 14 47.1 136.6 62.5 160.7
005272,0.5 3 369.8 118.1 463.8 134.9 0.6 3 97.7 135.8 224.2 154.9 1.0 14 115.5 118.1 165.4 141.0 0.9 3 72.4 0.1 226.3 153.8 0.9 3 343.7 11.8 462.6 131.9
005275,1.0 6 34.5 129.1 420.3 327.9
005276,0.9 1 4.3 201.8 60.2 341.9 0.6 14 413.5 275.8 425.8 311.2 1.0 14 106.9 113.0 165.7 316.3 0.7 1 58.1 230.6 124.1 316.0 1.0 14 73.8 130.3 128.9 328.1 0.8 1 60.4 221.3 173.7 320.9 1.0 14 2.5 107.1 75.0 325.5 1.0 14 143.6 105.0 253.0 375.0 1.0 1 158.6 216.7 290.0 375.2
005277,0.6 11 183.0 110.4 271.8 234.7
005279,0.6 4 15.9 31.2 205.1 298.6
005280,0.8 18 184.1 113.2 415.2 209.1
005282,0.9 2 11.2 52.6 321.5 294.2 0.9 2 13.0 45.6 370.1 299.5
005284,0.9 15 122.9 51.7 290.0 372.6 0.8 15 127.1 209.0 300.0 372.9 0.8 15 91.7 50.7 287.2 372.3 0.7 15 126.3 269.8 300.6 373.1 0.5 15 28.1 68.0 198.2 361.3 0.6 15 22.1 51.0 246.0 360.5 1.0 15 17.3 72.7 145.1 360.1 0.8 15 249.8 2.6 404.8 354.4 0.9 15 253.0 2.1 439.3 355.8
005286,0.6 14 88.2 61.1 372.5 262.5 0.7 14 87.2 61.9 375.1 306.9 0.6 14 3.1 63.6 383.8 373.9 0.5 14 2.5 62.9 321.0 373.5 0.8 14 92.9 62.5 380.6 374.4
005287,1.0 14 265.7 91.9 311.2 156.4 0.5 14 300.9 93.4 315.1 129.6 0.9 6 118.5 121.6 338.9 250.8 0.9 14 48.4 153.9 69.3 191.8 0.9 14 335.0 125.8 358.5 178.2 0.5 14 334.2 125.5 359.8 192.6 1.0 14 125.2 122.0 150.5 167.3 1.0 6 115.2 145.4 342.0 302.7 0.9 14 12.7 123.7 38.4 185.0 0.5 6 177.1 119.8 316.5 154.8 0.8 14 70.2 120.9 100.5 205.1 0.9 14 72.3 120.1 99.2 174.5
005289,0.9 2 91.2 149.7 162.6 308.8 0.9 2 320.9 142.1 387.1 336.4
005291,1.0 14 301.2 49.8 330.3 125.2 0.8 14 349.4 49.1 377.5 131.0 0.5 14 21.2 13.1 387.4 374.4 0.6 14 369.4 43.0 401.9 126.4
005294,0.0 0 0.0 0.0 10.0 10.0
005295,0.9 8 240.1 199.7 299.2 325.6 0.9 8 154.9 202.2 230.3 354.9 1.0 14 15.5 166.0 126.1 374.2 0.7 8 205.4 201.8 297.7 355.1
005296,0.6 13 169.7 37.6 261.2 122.8 1.0 14 260.1 218.3 287.0 281.8
005299,1.0 14 215.3 0.8 265.4 75.7 0.6 14 142.6 0.6 184.9 38.5 0.5 12 122.7 38.4 389.6 318.1
005300,0.0 0 0.0 0.0 10.0 10.0
005301,1.0 1 33.5 219.5 144.0 455.8 1.0 14 34.3 46.0 142.6 417.3 0.8 14 141.2 92.9 204.7 351.7 0.9 14 141.7 94.2 205.0 351.9 0.9 1 151.2 223.8 207.0 425.2
005302,0.7 8 121.1 128.3 152.4 157.4 0.9 8 169.4 126.3 201.2 158.5 0.7 8 119.5 128.9 147.9 157.7 0.7 10 45.4 125.6 313.2 167.8 0.9 8 84.3 124.7 117.1 155.5
005308,0.6 11 150.6 74.1 339.2 205.6 0.7 11 1.9 55.4 171.9 206.8
005309,0.9 7 2.6 5.7 465.8 219.1
005313,0.6 8 343.8 115.3 418.8 248.6 0.5 8 51.6 75.2 117.8 153.1 0.6 4 122.6 92.7 138.5 124.7 1.0 19 244.9 49.9 315.4 106.1 0.8 19 319.9 54.6 411.3 120.4 0.8 8 1.1 81.6 79.2 230.0
005316,0.5 13 102.3 92.1 291.5 199.7 1.0 14 48.9 60.7 96.4 167.9 0.8 13 94.2 97.2 234.1 200.1 1.0 14 80.1 61.8 104.8 148.2 0.5 6 86.3 136.2 416.2 249.0
005317,0.8 7 15.9 24.1 412.9 250.8
005321,0.7 11 97.2 58.9 336.6 221.7 0.7 11 1.7 59.3 334.3 214.8 0.5 11 123.7 102.0 433.1 222.4
005322,0.9 14 2.2 3.5 188.1 497.8
005323,0.6 4 158.5 48.1 178.0 75.9 0.5 14 149.7 0.6 238.7 60.7 0.7 4 151.6 41.5 175.2 68.6 0.6 4 140.5 153.6 162.8 200.4 0.5 14 1.7 1.2 142.2 219.7 1.0 4 129.2 67.8 164.0 153.8 0.7 4 158.3 48.6 223.0 197.7 0.9 4 156.1 56.5 195.7 174.8 0.5 14 2.0 1.5 195.7 212.7 0.9 4 130.3 151.6 159.7 203.5 1.0 14 1.6 1.1 140.2 151.0 0.8 14 155.7 18.9 445.5 224.7 0.9 4 139.7 51.3 163.9 86.7 0.9 14 102.6 0.6 238.9 64.4
005324,0.6 9 68.2 104.7 199.0 183.7
005329,0.5 3 102.6 138.5 123.2 196.5 0.8 3 92.9 136.7 121.3 201.5 0.9 3 115.3 106.0 171.3 213.3 0.8 14 7.3 150.9 27.8 177.8
005330,0.7 18 1.8 98.2 234.4 146.9
005332,0.9 1 224.7 90.9 258.7 114.8 1.0 14 336.9 75.5 367.8 111.0
005333,1.0 6 1.3 117.6 102.8 230.6 0.5 7 1.7 37.3 297.2 261.8
005334,0.9 12 13.6 113.9 207.4 456.5
005335,0.7 9 172.4 207.7 221.1 276.7 0.6 9 247.1 209.4 382.9 321.4
005339,0.6 9 1.7 27.8 125.7 321.2
005341,0.7 11 254.4 100.8 495.3 315.1
005342,0.7 14 232.7 25.6 382.3 143.8 0.9 12 137.7 148.6 257.4 300.7 0.7 12 48.7 147.7 170.8 289.6 1.0 14 232.7 25.9 409.6 211.6 0.8 12 228.7 108.8 452.7 311.5 0.8 12 230.1 108.9 496.9 311.4
005347,0.5 14 345.2 154.2 385.9 248.5 0.9 14 61.7 73.6 163.1 241.7 0.9 14 311.0 137.0 351.5 214.5 0.9 14 346.7 155.5 381.6 207.0 0.8 12 56.4 124.3 174.7 311.9 0.9 14 61.3 73.3 173.3 313.0 0.8 14 346.0 155.2 385.4 313.2 0.8 14 276.2 137.6 353.1 312.8 0.6 12 275.6 193.0 446.7 312.3
005353,0.9 17 3.6 100.9 466.9 310.8 0.6 17 129.6 98.6 469.4 303.6 0.8 17 244.0 97.6 473.2 298.7
005354,0.7 14 189.9 117.3 222.7 159.5 0.5 13 88.8 134.9 188.0 358.7 0.8 14 227.2 112.7 270.1 211.5 0.8 13 2.1 134.5 186.3 374.6 1.0 14 1.0 88.9 28.5 201.6 1.0 14 305.5 114.3 364.8 265.7 0.9 13 210.5 135.6 270.4 228.6
005356,0.0 0 0.0 0.0 10.0 10.0
005357,1.0 14 297.9 89.5 342.6 176.9 0.8 6 1.1 139.9 410.8 251.7 0.9 6 2.7 100.1 410.2 251.5 0.7 6 1.2 139.9 410.9 252.0 0.9 14 314.7 143.3 344.3 177.5
005359,0.7 14 95.1 135.0 120.5 168.2 0.6 18 40.6 59.7 250.8 366.0
005361,0.8 11 1.2 63.3 342.0 325.8
005362,0.5 10 0.8 299.0 119.7 462.6 0.8 8 63.0 218.7 91.2 303.3 0.9 8 205.2 222.5 235.1 280.2 0.5 10 104.7 222.4 167.5 279.2 1.0 8 135.5 221.9 168.1 285.4 0.7 8 64.2 218.2 91.6 266.1 0.9 8 102.2 220.8 135.0 280.7
005364,0.6 11 69.4 16.4 250.5 499.8
005366,0.8 14 27.6 0.3 172.5 229.1 0.5 14 295.6 65.4 490.4 250.4 0.7 14 67.1 40.8 283.8 177.4 0.6 14 277.5 1.2 498.4 126.1 0.9 14 27.2 1.6 173.2 136.6 0.8 14 64.6 40.2 287.7 237.6 0.6 14 62.9 38.0 488.4 246.4 0.6 14 223.4 46.9 496.1 229.4 0.5 14 214.8 0.9 499.0 224.5 0.6 14 183.1 38.8 321.9 251.2 0.5 14 185.5 38.6 410.8 252.4 0.9 14 277.2 0.6 497.8 223.8
005372,0.9 6 9.9 94.3 340.1 227.3
005375,1.0 14 224.3 108.6 351.4 247.5 0.5 17 391.0 133.6 500.0 195.0
005376,0.6 0 172.9 134.0 374.9 168.2 0.7 2 263.1 142.9 288.9 159.9
005377,1.0 14 2.0 15.3 151.8 181.4 0.9 10 1.4 144.4 391.6 243.2 0.7 4 46.4 159.2 87.5 214.3 0.7 4 223.0 198.5 265.0 246.5 0.8 14 288.1 0.9 359.5 46.9 1.0 14 242.8 29.5 442.9 248.5 0.6 14 262.6 1.1 357.7 100.9
005381,0.7 6 11.6 290.8 211.9 500.5
005382,0.9 3 182.1 86.6 207.6 134.2 0.7 3 271.4 140.5 377.2 166.3 0.7 3 271.7 143.3 351.8 164.9
005386,0.9 14 90.0 13.7 341.3 247.7 0.5 12 91.9 23.7 441.2 249.1
005390,0.7 18 113.8 145.5 340.2 213.7 0.6 18 111.3 143.4 420.2 212.1
005392,1.0 14 217.8 98.2 287.5 218.9 1.0 14 273.0 97.5 341.4 219.1 0.6 12 191.5 56.5 223.0 109.6 0.6 14 184.7 44.8 205.6 77.2 0.5 12 255.6 159.6 335.2 217.2
005394,0.7 11 52.5 137.7 248.1 442.4 0.5 11 52.4 66.4 248.2 441.0
005399,0.5 14 3.6 53.4 284.3 250.7 0.5 14 129.8 97.9 284.6 250.6 0.8 14 186.8 50.6 428.2 250.9 0.7 14 187.6 49.4 498.9 250.2
005400,0.7 11 100.1 61.6 368.2 285.1
005401,0.9 14 369.4 0.4 437.1 79.1 1.0 6 50.5 59.6 386.6 241.5
005402,0.0 0 0.0 0.0 10.0 10.0
005403,0.8 2 114.2 91.4 249.4 150.1
005409,0.8 12 10.0 18.4 311.1 251.2 0.8 14 261.5 59.5 383.9 250.0 1.0 14 264.4 58.7 456.0 251.8
005411,1.0 19 14.3 50.6 86.1 139.7 1.0 14 44.8 5.7 215.0 499.0 0.8 14 43.6 3.9 238.5 498.7 0.8 8 192.6 171.8 234.2 359.5
005412,1.0 14 229.9 124.6 253.1 176.9 0.9 8 88.5 185.9 169.8 282.8 0.7 14 298.4 117.1 323.5 156.2 1.0 14 202.5 122.1 230.2 179.8 1.0 14 209.6 175.1 256.0 255.7 0.8 8 290.2 197.3 338.7 265.3 1.0 14 57.8 125.5 104.6 193.9 0.9 14 373.5 124.7 394.9 166.5 0.7 14 414.3 105.6 441.9 198.3 0.9 14 123.1 138.2 171.1 271.4 0.9 8 207.4 193.5 253.0 260.6 0.9 14 396.7 171.8 423.0 223.6 0.9 14 97.0 144.7 140.4 238.6 1.0 14 380.6 122.0 406.8 164.9 1.0 14 122.5 137.3 171.7 242.1 0.6 14 369.9 125.6 390.8 173.5 1.0 14 1.3 143.8 43.9 208.1 0.7 14 229.9 124.3 251.8 176.6 0.9 14 413.9 105.3 441.4 149.4 0.6 14 81.1 127.1 109.3 189.8 1.0 14 95.8 145.2 131.6 188.6 1.0 14 329.1 115.8 377.3 239.9 1.0 14 278.5 163.1 321.6 250.9 0.8 14 283.2 154.6 302.1 188.7 0.5 8 239.3 208.6 297.8 279.0
005415,1.0 14 183.1 55.3 233.9 156.5 1.0 14 55.0 42.1 119.6 179.6 1.0 14 314.2 45.8 357.3 151.9 0.5 11 296.7 154.7 374.9 192.3
005422,0.8 18 51.3 63.9 330.2 163.3
005425,0.5 12 170.4 245.7 222.7 395.0 0.6 12 0.8 205.6 163.2 438.9 1.0 14 61.7 90.7 118.7 423.0 1.0 14 106.9 50.4 169.8 435.1 0.6 12 1.9 209.3 222.9 435.5 0.8 12 105.5 243.5 222.0 440.3
005426,0.0 0 0.0 0.0 10.0 10.0
005427,0.5 3 74.8 48.5 344.3 164.4 0.7 3 76.8 88.3 349.7 164.3 0.5 3 74.8 30.0 355.5 229.9 0.5 3 72.4 24.4 341.0 165.6
005428,0.9 4 17.0 12.2 139.3 323.4 0.8 4 79.5 6.4 227.8 448.5 0.9 4 138.1 3.0 215.7 176.5
005432,1.0 6 21.7 9.7 423.8 241.9
005435,0.7 13 84.0 202.1 249.7 379.8 0.7 13 50.5 194.9 249.3 372.6
005437,1.0 6 4.8 75.5 439.9 225.5
005442,0.9 14 113.5 0.6 237.8 96.2 1.0 14 339.8 0.2 444.4 246.4 0.8 4 377.2 77.5 438.2 245.7 0.7 4 378.7 77.9 415.2 146.6 0.7 14 30.4 0.6 241.6 221.6 0.9 14 16.8 84.0 258.8 249.1 0.6 14 20.0 71.5 395.2 250.2 0.9 14 186.0 68.4 395.6 249.5 0.8 14 236.7 0.6 387.3 87.3
005443,1.0 6 8.1 260.0 212.2 481.3
005444,0.8 7 98.9 59.6 349.6 249.2
005446,0.6 11 47.1 0.0 155.2 216.7
005447,0.9 6 301.0 82.1 325.9 98.0 1.0 6 224.1 77.6 260.9 97.8 0.8 14 313.2 107.9 372.4 199.6 1.0 14 155.5 78.5 231.3 213.2 0.9 6 340.2 85.0 410.0 122.4 1.0 14 250.2 83.2 332.5 202.1 0.9 6 317.3 81.3 351.0 102.6
005449,1.0 14 3.3 19.2 342.1 207.7
005452,0.0 0 0.0 0.0 10.0 10.0
005456,0.9 14 106.1 8.0 173.5 88.5 0.6 12 246.8 61.2 303.9 135.2 0.7 14 106.6 7.7 193.5 99.1 0.9 12 102.7 17.3 199.5 141.6
005458,1.0 0 145.4 89.1 325.2 129.1 0.9 0 17.5 88.1 433.0 228.3
005459,0.7 14 53.3 294.3 90.7 385.0 0.6 8 1.7 326.2 38.3 500.6 1.0 14 77.0 208.0 133.0 499.2 0.7 14 73.9 291.9 92.6 348.1 0.9 14 53.4 293.2 93.5 496.6 1.0 14 7.4 209.1 91.0 498.5 1.0 14 110.1 209.9 202.9 499.2 0.9 14 86.6 208.9 127.9 351.0 0.6 14 116.4 209.1 196.7 500.4
005460,0.7 7 29.0 72.5 359.9 246.9 0.7 7 30.0 1.3 389.1 246.9
005462,0.5 7 1.4 28.2 200.7 477.5 0.9 7 1.8 28.2 200.0 428.5
005463,0.9 18 57.1 27.6 399.2 172.0
005464,1.0 14 95.1 51.3 110.9 94.7 1.0 14 112.5 46.5 129.3 94.9 0.9 8 0.8 46.2 43.3 174.6 0.9 10 1.9 146.0 215.9 494.9
005466,0.6 14 273.8 86.6 292.2 120.2 0.9 14 181.0 89.3 201.0 119.2 0.5 14 143.3 91.7 160.2 109.4 1.0 14 146.7 153.4 168.8 198.2 0.6 14 201.1 109.8 218.4 126.3 0.8 14 329.9 92.7 350.9 130.2 0.8 14 245.4 86.1 265.0 124.9 1.0 14 123.3 169.9 144.7 199.8 0.6 14 335.7 134.8 366.5 191.3 0.9 14 107.1 165.3 127.6 199.0 0.8 14 293.9 102.9 310.3 125.7
005468,1.0 6 1.1 72.1 109.1 152.3 0.7 6 329.0 74.4 367.0 101.1 0.8 6 277.6 79.9 365.4 172.8 0.9 14 201.9 6.7 280.6 178.6 0.5 14 87.7 11.7 276.7 336.9 0.8 13 7.4 72.4 339.0 343.2 0.9 14 203.4 5.0 281.2 334.1
005472,0.7 2 110.9 128.5 317.0 225.2
005473,1.0 14 119.2 118.6 159.8 156.6
005474,0.8 7 82.6 57.3 306.4 217.4 0.6 7 81.8 57.4 360.5 218.9
005476,0.5 11 66.5 168.0 249.1 468.4 0.6 11 66.9 172.6 248.7 501.7 0.6 11 140.1 353.3 252.7 501.1
005477,0.7 14 1.1 41.0 47.9 156.7 0.7 14 54.6 36.5 129.8 147.1 0.8 14 1.5 29.2 60.0 158.7 1.0 14 1.1 38.4 58.8 281.8 0.7 14 106.9 39.4 163.1 196.5 0.9 14 53.2 34.2 134.1 283.6 0.8 14 263.7 76.8 337.6 156.8 1.0 14 36.6 33.9 135.0 283.4 0.7 14 108.5 40.4 148.1 107.3 1.0 14 177.3 37.1 324.9 281.5 0.7 14 114.3 41.0 147.3 83.1
005479,0.9 13 106.6 57.6 334.5 222.0 0.8 14 128.1 14.6 319.2 179.9 1.0 14 128.6 13.4 323.3 214.3
005480,0.6 1 108.2 139.3 271.1 305.2 0.9 1 107.8 103.2 290.0 305.2
005482,0.6 11 2.7 23.1 278.8 101.6 1.0 14 265.9 0.2 500.0 99.4
005484,0.8 6 112.1 44.3 260.2 202.6 1.0 6 323.1 137.2 360.9 160.4
005488,1.0 14 31.5 34.5 244.3 251.9 1.0 14 246.5 90.3 450.9 250.4
005490,0.9 14 40.4 33.9 239.4 249.3 0.8 14 2.1 32.6 240.4 246.1 0.8 14 8.2 35.2 448.9 249.9
005491,1.0 4 222.3 120.1 283.8 282.6 0.9 14 144.1 28.1 164.5 55.0 1.0 14 146.4 63.3 318.0 272.6
005492,0.8 14 169.0 20.2 293.9 232.5
005493,1.0 6 36.7 41.8 434.8 193.4
005494,1.0 15 29.3 171.2 91.7 342.4 1.0 14 70.3 6.4 164.3 472.5
005495,0.9 2 85.1 64.6 214.2 371.6 0.9 2 86.6 65.3 214.5 435.1
005498,0.6 8 85.3 184.5 233.0 306.7 0.8 17 77.9 170.5 310.1 307.2 0.5 17 76.1 172.9 341.2 315.2 0.9 8 198.1 166.1 348.0 329.3 0.9 8 362.9 163.3 432.6 303.3 0.8 10 199.2 223.8 348.4 345.7
005500,1.0 14 11.7 86.4 249.4 347.7 1.0 14 227.6 86.4 435.3 360.4
005501,0.5 6 21.2 59.1 389.5 312.9
005502,0.8 2 157.7 120.6 273.3 309.8 0.9 2 157.6 120.5 214.0 286.4 0.9 2 189.6 124.9 273.9 309.9
005503,1.0 1 71.3 50.5 415.9 315.8
005504,0.7 18 179.9 169.0 354.8 263.9 0.5 18 1.8 154.7 194.0 225.5 0.6 18 3.6 148.5 373.4 271.1
005505,0.7 12 53.4 55.7 500.4 310.7
005506,1.0 14 292.4 1.2 373.6 93.5 0.9 13 85.2 5.4 169.8 54.5 0.6 14 257.9 1.5 369.6 172.8
005512,0.7 14 420.1 1.2 498.6 74.5 0.6 11 211.5 4.9 495.3 111.8
005513,0.6 14 155.9 0.3 260.8 51.7 0.9 12 75.6 30.2 301.6 143.2
005516,1.0 1 28.3 22.5 386.8 228.2
005520,1.0 6 90.2 1.8 119.4 21.6 1.0 6 14.3 8.2 38.3 26.0 1.0 6 184.8 1.2 209.0 19.8 1.0 6 119.8 1.2 149.2 20.2 1.0 6 60.6 3.3 90.0 23.1 0.9 6 36.9 5.6 63.2 23.9 0.7 6 0.9 8.7 15.8 25.9 1.0 6 -0.2 30.7 198.8 480.7 1.0 6 147.9 1.2 176.8 20.0
005523,0.6 14 263.8 0.9 292.5 29.5 0.9 14 171.4 17.8 207.5 57.1 0.6 14 383.1 2.8 405.8 55.2 0.9 14 360.0 13.6 389.2 85.2 1.0 14 404.7 14.3 441.2 106.8 0.9 14 170.9 16.5 210.3 93.0 1.0 14 361.7 13.7 391.0 81.6 0.8 14 405.0 15.7 433.7 84.5 0.6 14 147.2 14.5 203.5 112.1 1.0 14 149.5 17.3 178.0 62.9 0.9 14 385.4 3.5 404.9 25.3 0.9 14 129.8 25.0 146.7 50.4 1.0 6 0.7 -0.1 441.3 231.1 0.9 14 108.1 21.2 129.9 44.3
005525,0.8 2 323.1 83.3 368.7 127.5 0.8 2 235.1 80.2 274.4 146.8 0.6 2 148.4 23.7 193.4 82.9 0.7 15 238.1 11.6 442.1 225.1 0.5 2 195.0 56.9 234.5 88.7 0.7 15 153.1 1.4 440.4 226.4
005528,0.0 0 0.0 0.0 10.0 10.0
005529,0.8 12 221.0 91.5 321.4 127.5
005532,0.9 2 213.0 98.1 257.3 125.4 0.8 2 213.7 78.9 260.0 124.2 0.7 2 278.5 98.2 349.3 150.1 0.6 2 147.6 153.3 249.7 187.4 0.6 2 214.8 77.2 300.3 131.2 0.9 2 165.3 96.1 208.5 141.5 0.5 2 223.0 66.8 243.6 78.6 0.6 2 226.4 134.3 377.2 230.9
005533,0.9 14 80.5 191.1 117.7 351.7 0.5 14 0.7 263.2 14.2 411.7 1.0 14 176.2 196.0 201.4 287.1 0.5 14 0.7 216.8 16.2 306.4 1.0 14 108.3 175.6 145.9 343.8 0.5 12 165.4 275.9 207.4 402.1 0.9 14 0.7 216.1 14.6 271.1 0.9 14 20.2 214.5 58.5 449.3 0.6 14 183.6 204.7 221.8 426.4 1.0 14 20.9 214.2 61.1 391.8
005534,0.9 6 445.4 68.7 500.2 128.5 0.9 13 95.8 48.1 421.5 214.3
005537,1.0 0 48.6 91.9 386.0 192.6
005538,0.0 0 0.0 0.0 10.0 10.0
005540,0.6 1 261.9 88.2 476.2 183.2 1.0 14 116.3 33.6 169.8 83.2 1.0 1 27.8 92.4 248.6 189.4 0.8 1 26.6 78.9 475.6 186.9 0.8 1 236.7 79.9 476.4 182.9
005543,0.7 2 268.3 63.6 298.5 98.0 0.8 14 392.1 144.4 412.6 165.3 0.5 19 366.7 129.1 413.2 170.1 0.8 19 1.4 110.7 138.2 251.1 0.7 11 185.2 83.1 280.7 240.9 1.0 14 373.4 141.4 410.5 167.5
005545,0.5 8 22.9 236.8 61.1 498.2 0.8 8 19.4 244.4 56.5 416.3 0.8 8 159.7 261.3 202.1 393.7 0.9 10 70.8 201.8 178.2 292.6 0.9 8 26.7 236.5 62.6 394.2 0.8 10 71.6 203.7 173.1 384.4 0.8 8 16.2 263.1 46.0 499.3 0.8 8 154.8 262.6 176.8 390.5 0.7 10 111.4 286.0 169.3 391.7
005546,0.8 14 61.6 317.2 74.0 359.2 1.0 14 32.2 319.9 43.4 368.7 0.5 6 177.2 323.6 226.2 500.2 0.8 6 162.4 319.1 223.9 437.2 0.9 14 64.9 273.2 79.2 319.3 0.7 14 91.3 190.7 144.4 293.4 1.0 14 51.9 319.0 64.2 368.5 0.9 14 42.1 316.1 51.1 360.9 1.0 14 95.1 191.3 143.1 287.5 1.0 14 69.6 240.0 165.9 499.2 1.0 6 160.1 317.5 225.3 435.5
005548,0.5 14 14.0 72.7 145.2 366.7 0.5 14 29.9 72.4 158.1 500.4 0.7 14 1.8 70.6 148.5 498.2 0.7 14 21.2 154.7 223.4 498.8 0.6 14 120.2 182.0 179.5 499.2 1.0 14 169.3 151.1 225.1 499.6
005551,0.9 19 156.8 25.3 227.2 94.7 0.9 19 53.8 19.3 146.3 85.4 0.9 19 34.9 112.3 180.1 194.7 0.6 11 241.9 110.9 360.2 147.4 0.7 8 1.2 179.9 79.6 252.6 0.5 11 244.9 111.0 356.4 146.1 0.9 19 289.4 30.9 343.2 93.8
005553,0.9 13 35.4 86.4 229.1 349.3 1.0 14 77.6 29.9 216.4 267.4
005555,0.8 8 120.4 29.4 275.6 250.4 0.7 8 292.6 2.4 440.5 94.2 0.8 8 121.1 74.2 424.1 252.0 0.8 8 289.8 28.7 443.5 127.2
005556,0.9 12 121.9 66.0 379.2 222.3 0.8 15 1.4 102.8 83.5 182.8 1.0 14 118.5 28.2 259.9 222.3 1.0 14 230.0 46.0 380.7 220.8 0.5 6 424.8 136.0 484.6 153.4
005557,0.7 11 16.4 138.6 171.3 425.5 0.6 11 36.7 139.0 171.8 426.7
005558,0.9 14 86.6 0.8 139.1 46.5 0.7 14 75.2 0.8 142.0 112.1 0.9 14 2.3 0.3 101.7 123.0 1.0 6 94.8 2.2 470.2 214.6 1.0 14 399.0 1.8 474.6 94.9 0.6 14 374.4 0.7 407.4 49.3 0.5 14 308.8 0.8 383.9 56.1
005560,0.9 13 123.9 99.5 361.8 232.7 1.0 14 164.0 36.8 261.1 198.1
005561,0.9 14 127.5 137.2 187.5 425.1 0.9 1 90.5 206.7 174.4 308.6 0.8 14 127.3 137.9 184.1 365.8 0.8 1 91.6 215.6 223.7 393.8 0.8 1 90.7 234.6 222.8 445.9
005562,0.0 0 0.0 0.0 10.0 10.0
005564,0.5 12 69.4 35.3 139.2 381.2 0.7 12 15.1 33.6 142.4 382.1
005565,0.8 19 56.7 165.4 133.3 324.8 0.7 19 51.8 14.3 216.8 351.1
005567,0.6 15 63.1 0.9 443.9 243.8 0.6 15 144.9 73.2 309.6 242.5 0.8 15 1.2 0.1 76.4 88.7 0.5 2 90.0 44.9 170.7 117.1 0.7 15 128.0 1.7 440.4 243.2
005569,0.0 0 0.0 0.0 10.0 10.0
005570,1.0 14 255.5 41.6 290.1 75.9 0.7 14 149.1 23.7 178.3 71.4 0.8 14 314.9 24.5 447.2 222.5 0.9 14 1.1 36.9 58.7 121.8 0.7 14 0.8 37.0 88.8 134.6 0.9 14 149.5 23.6 175.4 58.4 0.6 14 78.2 44.2 161.3 82.7 1.0 14 4.3 15.3 309.0 226.7 0.9 14 120.3 44.7 155.2 77.0 0.8 4 274.9 100.5 315.8 178.1 0.9 4 255.6 99.2 317.0 220.9 1.0 14 40.6 42.9 91.7 86.4 1.0 14 251.9 25.2 447.3 225.0 1.0 14 286.4 47.3 325.7 77.6
005571,0.9 13 27.3 44.1 448.1 185.7
005572,0.6 12 98.4 41.5 360.8 260.3
005575,1.0 0 8.5 63.8 439.0 162.2
005578,0.5 9 104.6 77.2 202.5 158.2
005580,0.7 7 71.8 26.3 334.3 223.8
005581,0.0 0 0.0 0.0 10.0 10.0
005587,0.7 8 82.6 89.9 214.6 227.0 1.0 19 218.5 66.8 295.8 124.6 0.8 4 124.1 125.5 140.6 157.9 0.7 8 200.7 79.3 310.6 227.8 0.7 10 95.2 109.9 402.4 222.9 0.6 10 201.3 108.1 401.5 222.9
005589,0.9 19 320.2 30.6 376.1 75.2 0.9 8 324.2 69.4 424.4 175.5 0.6 11 170.8 177.0 216.3 198.0 0.9 8 75.1 71.3 298.4 197.6
005594,1.0 14 3.2 32.4 237.1 462.9
005595,1.0 14 99.7 12.2 270.6 312.0 0.7 13 7.5 36.9 362.9 309.7
005596,1.0 14 107.2 73.6 147.0 166.6 0.5 14 78.5 178.8 117.6 247.6 1.0 14 39.7 76.5 82.8 202.6 0.7 14 45.1 80.6 56.6 108.2 0.8 12 60.5 172.7 171.3 485.0 0.8 14 103.6 158.1 128.4 253.8 0.6 14 57.4 174.4 157.8 394.1 1.0 14 125.1 144.3 166.2 271.1 0.8 14 60.0 175.6 158.2 401.9 0.5 12 61.4 170.5 171.2 444.6 0.6 14 1.2 73.7 65.8 242.6 1.0 14 1.0 70.4 66.1 481.8 0.9 14 108.9 160.1 128.3 216.3
005597,0.9 8 1.2 170.4 105.5 283.7 0.9 8 283.0 116.4 335.9 227.9 0.5 8 261.6 114.2 315.2 228.8 1.0 8 158.5 152.6 238.7 282.3 0.5 8 300.1 117.5 336.5 205.6 0.9 10 36.8 139.9 249.1 281.9 0.6 8 4.8 135.5 102.1 264.4 0.9 8 223.6 144.3 284.0 274.1 0.7 8 11.4 136.5 81.7 185.1
005598,0.8 5 44.9 26.7 334.7 187.5
005602,0.0 0 0.0 0.0 10.0 10.0
005604,0.9 3 186.6 417.3 227.3 452.2 0.7 3 4.7 1.4 173.4 463.7
005607,0.6 2 242.4 133.9 339.9 245.9
005610,1.0 14 95.4 60.3 173.6 226.1 0.9 12 38.9 109.6 204.3 348.7
005612,0.9 14 56.4 98.4 70.1 117.9 0.8 14 0.8 32.3 65.1 343.5 0.6 14 57.8 98.5 70.1 117.2 0.6 14 1.0 30.5 89.2 359.5 1.0 14 0.7 29.7 65.2 271.7 1.0 14 60.6 4.6 162.0 244.7 0.8 10 1.0 225.3 165.9 361.4 0.6 14 60.6 4.7 162.4 283.0 0.6 14 140.5 55.9 162.5 109.2
005616,0.0 0 0.0 0.0 10.0 10.0
005617,0.5 9 230.2 147.5 276.5 197.4 1.0 14 55.2 51.3 128.9 198.2
005619,0.5 2 145.6 7.7 228.3 52.8 0.9 14 144.4 8.2 274.4 195.2
005621,0.5 11 99.8 91.8 299.4 235.4
005622,0.5 14 184.2 89.1 287.3 184.0 1.0 14 343.5 74.1 373.2 106.5 0.9 14 270.4 104.2 331.7 206.6 1.0 14 380.9 83.0 403.5 106.0 0.7 14 225.5 86.4 285.8 172.5 0.5 14 55.4 104.3 97.0 210.5 1.0 14 1.6 106.2 70.0 256.9 1.0 14 134.4 78.3 189.6 154.1 1.0 14 186.1 97.5 243.5 173.4 0.9 14 56.0 102.4 121.3 276.3 0.9 10 91.5 156.1 382.4 276.9 0.6 14 279.9 112.8 401.5 229.9 0.9 14 56.7 104.0 118.4 227.0 0.9 4 181.1 160.7 199.4 208.9 0.7 10 109.1 171.3 383.9 275.3 0.9 14 219.5 86.5 292.0 200.2 0.9 14 57.3 104.5 96.6 161.9 1.0 14 270.8 114.2 404.1 277.8 0.8 14 278.7 86.1 319.5 124.3
005623,0.7 8 278.6 0.7 372.1 117.1 0.9 8 12.1 18.4 255.1 393.5 0.5 10 9.7 12.7 348.5 392.1
005626,0.9 14 7.0 209.8 63.3 304.1 1.0 14 99.6 210.5 155.6 307.6 0.5 13 53.1 223.7 100.7 310.4 0.6 18 40.1 50.9 420.3 264.9 0.8 18 39.6 33.4 430.9 303.4 0.8 14 63.5 213.8 106.5 306.3 0.8 14 118.4 176.5 137.5 207.5
005627,0.8 6 282.4 67.7 328.3 86.4 1.0 6 97.9 84.9 315.1 180.4 0.9 6 49.5 59.6 104.0 91.4 0.9 6 451.1 64.8 499.9 109.6 1.0 6 8.0 79.4 179.6 161.2 1.0 6 1.2 85.0 68.8 148.5 0.8 6 379.4 70.4 438.3 89.4 1.0 6 259.3 87.6 487.9 199.7 0.9 6 294.9 71.2 355.6 100.1
005628,0.9 14 1.4 26.6 70.2 212.2 0.7 14 1.5 35.1 68.2 154.0 0.7 10 1.1 47.3 407.7 376.6 0.8 14 268.5 0.9 321.6 61.9
005632,0.5 13 31.8 64.5 235.3 278.4 0.7 13 1.9 63.3 235.2 278.6
005633,0.5 14 348.0 279.0 358.0 302.3 0.6 14 366.9 282.0 377.3 309.0 0.5 0 23.3 69.2 324.7 210.0 0.5 0 114.8 61.4 164.9 90.1 0.9 0 21.4 44.8 432.3 214.9 0.7 14 380.4 279.8 393.1 308.9
005634,0.6 2 246.4 61.1 281.8 123.9 1.0 14 264.7 52.7 393.3 305.8
005635,1.0 4 144.9 55.9 246.5 368.8 0.5 4 89.2 81.2 164.3 263.6 0.8 4 87.4 80.5 165.2 222.3 0.8 4 304.6 56.8 346.8 137.4 0.8 4 132.1 77.3 190.1 270.8 0.7 4 82.1 80.2 167.3 374.9 0.9 4 228.4 53.9 290.6 301.3
005638,1.0 14 80.3 89.8 357.4 332.3 1.0 6 290.4 176.8 500.1 332.8
005642,0.0 0 0.0 0.0 10.0 10.0
005643,0.5 12 24.9 153.4 107.5 317.8
005646,0.9 7 171.9 162.7 294.9 237.2 0.7 7 1.2 162.5 147.4 253.6 0.6 7 317.8 179.2 443.3 242.7 0.9 19 277.0 -0.7 444.0 130.3 0.8 17 1.2 213.7 445.8 373.8
005649,1.0 6 79.3 127.8 381.9 307.5
005650,1.0 14 1.1 156.6 71.8 375.0 1.0 14 79.7 65.8 339.4 374.8 0.6 14 420.3 248.7 435.1 286.0
005651,0.0 0 0.0 0.0 10.0 10.0
005656,0.9 14 172.3 91.7 216.3 175.2 0.6 14 101.2 110.1 132.5 172.0 0.7 14 35.8 76.8 83.1 201.5 0.6 14 291.0 87.8 395.1 245.5 0.6 14 173.7 92.0 217.0 229.8 1.0 14 97.9 110.2 135.4 263.5 1.0 14 209.5 73.6 288.3 215.7 0.9 14 117.6 215.3 390.2 334.4 0.8 14 172.5 92.1 217.0 223.1 0.9 14 116.8 216.2 274.1 334.8 0.6 14 99.4 109.4 138.1 202.1 1.0 14 32.6 75.8 91.6 263.1 0.7 14 113.4 111.7 145.5 184.7 0.7 14 140.8 117.9 163.5 172.8 0.5 14 292.9 89.7 434.4 254.9 1.0 14 291.3 88.9 433.2 298.2
005659,0.6 18 200.0 28.4 499.8 155.0 0.6 18 201.8 28.8 499.8 155.8
005661,1.0 8 11.9 153.9 135.1 226.0 0.6 8 240.9 119.0 281.9 223.5 1.0 8 148.7 151.1 239.0 224.6 0.5 14 402.9 119.6 435.3 202.6 0.7 10 4.2 122.3 269.4 214.1 0.6 8 363.2 123.6 409.4 187.7 0.9 14 364.0 104.7 416.7 169.0 0.7 10 8.0 120.7 239.6 218.2 0.8 8 360.2 112.8 413.0 185.7 0.8 8 223.7 120.9 282.3 225.7
005663,1.0 6 40.3 107.7 79.3 120.5 0.7 6 264.5 182.1 362.7 202.0
005665,0.6 8 238.7 20.3 284.8 72.8 0.8 8 282.9 20.9 326.5 55.7 0.7 8 376.1 64.4 486.3 163.6 0.9 8 377.1 94.7 483.2 167.0 0.8 8 323.0 32.9 391.5 88.4 0.9 8 70.6 90.6 172.0 162.7 0.5 8 228.5 17.6 262.4 57.3 0.9 8 200.1 33.2 249.3 78.0 0.7 8 39.6 55.4 164.3 145.4 0.7 8 326.8 15.6 415.6 86.7 0.8 8 89.1 38.5 155.4 87.3 0.6 8 237.3 18.6 283.5 55.7 0.8 8 280.6 22.3 323.7 58.6 1.0 8 231.5 113.8 328.4 184.9 0.9 8 37.8 58.5 109.9 117.6 0.7 8 325.0 16.4 375.4 81.8
005666,1.0 14 21.4 412.9 49.0 500.4 1.0 14 113.1 400.9 140.1 500.3 1.0 14 142.4 423.6 157.2 500.5 0.6 12 113.1 419.2 139.3 499.8 1.0 14 50.8 409.8 80.7 500.2 0.9 14 0.6 395.0 21.0 500.7
005667,0.0 0 0.0 0.0 10.0 10.0
005670,0.6 14 1.0 127.0 16.7 174.6 0.8 14 11.1 120.0 57.4 168.2 0.5 6 59.2 46.6 407.6 181.8
005671,0.7 11 2.5 22.9 434.2 227.7 0.5 11 138.0 20.8 438.9 224.8
005673,0.5 4 306.7 95.2 357.2 212.7 0.7 4 394.0 83.2 449.7 214.7
005675,0.6 14 2.2 2.1 209.5 498.7 0.8 14 2.0 1.6 238.5 498.4 0.7 11 2.4 114.8 237.5 398.1 0.5 11 94.7 114.2 238.1 224.9
005677,1.0 14 89.0 193.6 126.6 254.6 0.9 12 102.1 44.9 335.1 256.5 1.0 14 179.8 54.9 289.2 256.9
005678,0.0 0 0.0 0.0 10.0 10.0
005681,0.6 2 23.8 51.7 391.2 274.5 0.6 2 27.0 60.2 209.3 248.2 0.9 2 111.7 120.3 214.3 245.4 0.6 2 110.6 120.5 364.0 248.8
005683,0.9 15 132.8 1.1 234.2 94.8 0.7 1 48.6 1.8 447.1 225.9
005684,0.0 0 0.0 0.0 10.0 10.0
005688,0.5 7 49.4 51.0 387.0 241.5 0.7 7 4.6 51.0 340.2 240.9
005689,0.0 0 0.0 0.0 10.0 10.0
005690,0.6 18 7.1 71.7 431.4 122.9
005691,0.8 12 1.1 26.4 101.8 495.7 1.0 14 5.6 3.0 101.7 498.9
005692,0.0 0 0.0 0.0 10.0 10.0
005694,1.0 6 17.7 47.5 365.9 210.9
005698,0.9 14 36.6 1.1 93.0 62.2 0.8 14 80.7 8.2 176.0 142.7 0.9 14 392.7 0.7 419.2 41.0 0.9 14 364.2 0.7 398.3 57.6 0.5 14 100.8 8.9 175.0 144.3 0.5 14 141.8 51.1 287.0 173.3 1.0 14 87.3 8.2 175.7 129.9 0.6 14 80.1 7.7 175.5 172.6 0.9 14 1.6 1.4 53.7 96.4 1.0 14 2.0 50.2 120.6 179.4 0.7 14 142.1 52.3 419.5 212.3 0.8 14 265.6 0.9 299.3 27.2 0.9 14 229.6 61.7 419.4 208.3 0.6 14 330.8 0.9 361.7 26.8 0.7 14 328.4 0.8 359.0 26.5
005703,0.9 15 1.2 140.8 43.3 260.5 0.8 11 83.6 114.0 155.8 220.9 0.5 11 83.5 69.5 210.2 220.2 0.5 11 47.8 210.8 171.6 400.8 1.0 14 46.9 8.5 211.6 403.2 0.9 15 21.4 147.6 68.5 259.0 0.6 11 86.3 114.8 216.5 270.3
005706,1.0 6 37.9 120.1 393.5 202.0
005707,0.8 14 412.1 137.2 425.2 153.9 0.8 14 432.8 135.7 445.1 162.4 0.7 14 429.8 135.5 446.8 183.4 0.6 1 426.5 148.7 450.0 186.9 0.8 13 353.1 133.8 412.6 164.5
005708,0.9 14 385.6 60.4 446.6 161.9 0.9 14 1.4 15.5 119.8 227.0 0.9 13 349.7 61.6 449.7 176.2 1.0 14 319.2 27.2 367.2 203.6 1.0 14 191.3 25.7 269.2 191.1 0.9 14 2.2 46.1 119.1 234.1 1.0 14 250.7 19.2 325.3 238.0 0.9 14 320.9 26.8 366.9 144.0
005709,1.0 14 154.1 38.4 284.9 171.2 0.9 1 79.7 87.9 308.6 192.3
005711,0.0 0 0.0 0.0 10.0 10.0
005712,0.7 11 2.4 13.0 369.7 220.4 0.9 14 255.6 0.2 499.6 221.1
005717,0.5 14 239.4 20.6 292.1 64.6 0.9 14 311.3 117.2 442.5 250.4 0.9 14 274.5 104.2 336.4 167.0 0.7 14 256.3 105.3 343.7 248.8 1.0 14 169.5 178.8 265.1 251.5 0.8 6 1.0 54.9 61.7 100.7 1.0 14 123.7 60.6 235.8 152.0 0.8 6 47.3 28.0 86.8 47.7 1.0 14 1.9 61.4 156.3 249.9 0.8 10 103.6 132.4 335.0 234.4 0.8 6 145.1 31.2 207.8 52.3 0.7 6 286.0 33.1 338.3 70.1 0.8 14 259.6 117.4 442.5 250.4 0.6 6 283.7 32.9 338.2 70.4
005720,0.6 14 48.3 356.5 83.9 450.0 1.0 14 38.5 358.3 65.7 439.3 0.8 14 37.0 356.8 67.1 464.1 0.9 3 60.8 2.5 199.9 443.8
005721,0.8 14 89.7 95.0 202.0 241.9 1.0 14 226.2 91.3 338.6 188.1 0.8 14 90.1 95.3 339.0 248.3 0.9 14 89.6 96.4 427.2 250.3 0.9 17 4.9 98.1 435.7 246.8 0.9 4 179.4 150.8 204.3 200.1 0.9 4 290.3 172.2 310.5 212.6 0.6 14 218.0 91.2 425.8 247.7 0.7 4 391.5 0.8 415.3 25.9
005722,1.0 14 181.1 79.4 267.2 248.8 0.9 12 43.9 95.6 346.8 248.9
005724,0.7 14 53.3 75.8 181.2 349.9 0.6 13 41.9 76.1 202.4 499.4
005725,0.8 14 26.7 22.2 60.7 98.4 0.5 14 72.9 17.9 113.1 87.6 1.0 14 22.4 85.6 103.5 287.0 0.7 14 1.9 65.7 190.4 445.3 1.0 14 2.4 65.4 225.3 445.0
005726,0.8 14 46.3 1.2 108.8 45.7 0.5 10 1.5 24.5 250.3 443.7
005727,0.8 17 136.7 112.9 385.1 224.4 0.6 17 34.2 113.7 388.1 246.9 0.7 10 34.0 151.2 249.5 248.6 0.9 17 112.9 113.6 384.6 247.4 0.8 8 116.6 105.7 258.2 248.8
005733,1.0 14 257.2 23.4 331.2 145.2 0.8 12 180.5 59.2 426.6 178.8
005734,0.9 8 170.0 160.5 299.0 249.6 0.6 8 55.9 153.4 111.6 202.6 0.7 10 286.8 191.2 386.6 247.6 0.7 8 364.1 143.7 439.4 248.4 0.8 8 193.7 134.9 294.4 247.9 0.7 10 3.3 143.8 95.4 209.1 0.8 8 68.8 122.4 119.6 197.6 0.7 8 298.9 142.0 394.5 248.0
005737,0.7 14 424.5 47.4 446.9 117.8 0.9 14 425.4 47.0 447.3 95.4
005739,1.0 14 262.9 91.3 299.2 140.1 0.6 5 166.3 55.5 402.1 258.3 0.5 6 385.3 115.3 445.4 162.1 0.6 5 168.4 54.7 402.4 257.9
005744,0.8 12 130.7 214.5 203.0 492.3
005745,0.7 14 63.1 11.0 215.2 212.9 0.7 14 0.9 20.1 72.9 319.5 0.7 14 1.0 20.3 65.9 318.2 0.5 14 47.5 12.7 240.8 343.3 0.8 14 2.0 23.0 243.0 441.0 0.8 14 1.1 20.7 76.5 435.8 0.7 14 42.6 13.2 243.3 451.4 0.7 12 41.0 209.0 242.8 456.6
005746,1.0 6 10.0 143.6 141.5 210.3 1.0 14 0.9 132.2 20.4 224.6 1.0 14 178.9 88.7 295.9 258.9 0.9 5 233.5 50.6 440.6 173.0
005748,1.0 14 298.5 1.1 404.1 136.4 1.0 14 128.1 51.0 367.1 277.2
005750,0.8 13 250.6 134.3 285.3 182.4 1.0 14 251.8 96.8 292.9 173.4
005751,0.8 18 221.2 87.6 321.8 158.8
005753,0.8 4 216.3 165.3 262.7 194.4 0.9 14 34.8 42.2 203.0 218.0 0.9 14 35.1 42.6 203.6 278.8 0.7 14 2.0 43.0 201.9 280.5 0.9 4 287.1 139.1 313.0 186.7
005754,0.6 17 3.0 198.9 161.0 373.1 0.9 8 167.7 189.4 251.8 347.9 1.0 14 361.7 194.9 401.0 281.0 1.0 14 411.5 171.8 445.1 286.7 0.9 19 265.9 146.7 321.8 199.2 0.8 10 151.8 252.8 228.4 360.2 0.7 8 179.9 189.1 252.6 320.0 0.8 8 2.2 200.9 161.4 375.1 0.6 15 172.8 239.9 188.7 266.9 0.6 10 226.8 287.1 380.0 375.1
005758,0.9 14 132.8 0.8 220.5 99.2 0.9 14 213.2 1.4 425.7 134.7 0.6 14 333.6 1.2 429.7 136.8 0.9 14 10.7 281.1 234.5 375.2 0.9 10 0.1 75.1 445.2 374.6 0.6 4 270.3 165.9 343.1 282.4
005759,1.0 14 169.4 160.3 189.5 210.1 0.8 13 49.3 185.8 102.0 231.5 0.9 13 309.9 180.7 407.8 245.2 0.9 14 116.2 159.7 138.2 218.7 0.9 13 118.4 176.7 181.2 232.7 0.9 14 142.6 155.2 164.3 208.8 0.8 14 116.6 159.9 137.0 204.9 0.9 14 223.1 182.9 262.9 232.3 0.9 14 350.5 181.9 398.1 234.3 0.9 13 197.3 181.1 268.7 238.3
005763,0.9 14 124.6 146.7 150.1 175.8 1.0 6 66.0 130.0 302.5 265.2 0.6 14 98.1 143.1 150.5 179.5 1.0 14 183.7 146.6 209.1 170.5
005766,0.7 14 252.6 85.9 274.0 109.9 0.5 8 333.6 171.3 399.3 256.4 0.9 8 14.2 139.4 90.1 262.4 0.9 8 336.2 152.4 404.2 259.1 0.5 10 83.6 151.9 170.1 227.2 0.8 8 156.6 144.0 191.2 222.3 1.0 14 167.5 92.3 220.1 209.1 0.7 10 18.3 144.4 136.9 253.4 1.0 14 114.4 99.1 411.0 375.0 0.7 8 329.9 160.8 400.0 254.8 0.7 14 339.6 96.2 412.1 244.8 0.8 8 398.5 152.4 445.7 261.1 1.0 14 309.5 86.9 368.5 219.8 0.9 14 343.4 96.1 411.0 211.7
005767,0.7 4 313.5 45.9 323.4 75.1 0.5 8 75.5 225.8 171.5 374.7 1.0 17 86.1 154.2 304.7 348.4
005770,1.0 6 104.3 102.6 485.1 253.0
005771,0.8 3 174.0 99.4 193.0 127.2 0.8 3 47.7 99.6 63.8 124.4 0.9 3 309.1 99.1 356.1 155.9 0.8 3 206.6 101.2 224.8 128.7 0.9 3 75.3 99.3 112.4 155.3 0.8 3 236.0 101.7 262.4 134.3 0.6 3 130.0 100.3 161.3 126.9 0.6 3 69.9 180.2 101.6 194.8 0.6 3 123.5 99.2 154.9 127.4 0.5 3 3.8 97.5 21.5 122.8 0.6 3 95.0 100.2 116.5 134.1 0.8 3 384.6 97.6 408.3 125.8 0.9 3 208.6 202.3 258.4 240.8
005772,0.0 0 0.0 0.0 10.0 10.0
005774,1.0 14 92.7 16.3 207.8 313.6 0.8 13 13.2 108.2 305.3 363.2 0.7 13 14.6 109.8 123.1 287.9 0.6 13 141.5 191.0 305.7 363.7
005775,1.0 6 52.7 67.4 300.0 214.3
005776,0.8 14 279.0 48.4 373.3 221.1
005777,0.8 14 326.4 21.5 468.4 250.3 0.9 14 1.9 26.5 163.9 250.5 0.8 14 1.7 50.6 160.3 250.7 0.8 14 186.9 1.2 465.0 250.3 0.9 14 184.8 -0.1 384.4 245.3
005778,0.9 14 165.4 108.3 323.0 282.3 0.5 17 3.0 86.2 411.2 216.2 0.8 14 283.8 80.2 388.3 221.9 0.7 14 1.9 84.2 125.9 218.7 0.9 17 2.8 87.7 440.6 281.1 1.0 14 85.8 83.8 225.1 283.4 0.9 14 2.4 85.0 120.4 283.2 0.5 14 1.8 87.2 123.9 232.6 0.7 14 193.8 108.8 319.5 281.4 0.9 14 198.4 85.1 441.7 282.4
005785,0.8 11 104.7 85.4 344.0 200.1
005787,0.7 13 2.9 210.8 215.3 457.8 0.9 13 3.4 162.3 215.6 459.1
005792,1.0 14 9.6 22.0 287.4 332.2 0.7 14 195.9 79.2 412.1 332.1 1.0 14 210.5 79.9 436.3 332.6
005793,0.0 0 0.0 0.0 10.0 10.0
005795,0.0 0 0.0 0.0 10.0 10.0
005797,0.5 14 314.1 126.5 394.9 337.3 0.9 14 18.2 1.8 67.7 115.1 0.9 14 1.4 0.8 62.4 111.0 1.0 14 75.9 2.6 131.3 135.4 1.0 14 256.4 128.7 395.7 342.3
005798,0.9 14 170.3 1.5 244.3 65.6 0.9 14 45.0 0.8 122.8 48.2 0.8 13 354.5 38.3 471.6 114.8 0.9 13 165.7 32.0 261.4 107.3 0.9 14 169.8 1.2 245.4 91.5 0.6 13 257.9 37.9 362.7 110.7 0.7 14 368.0 1.9 459.2 79.5 0.8 13 38.1 40.5 134.2 97.0 0.5 14 176.3 0.8 240.1 47.1 0.8 13 259.0 27.5 365.2 109.7 0.6 14 364.3 1.1 466.1 105.9 0.5 13 259.2 32.4 363.4 110.2
005800,0.0 0 0.0 0.0 10.0 10.0
005801,0.7 12 169.1 94.1 386.6 371.9
005802,0.9 2 53.4 51.7 264.4 307.3 0.9 2 235.2 352.8 269.8 409.2
005804,0.7 15 118.6 89.9 161.1 166.7 0.6 14 85.6 72.2 99.6 122.3 0.7 15 340.8 2.1 442.2 350.4 0.7 8 6.2 264.8 131.0 350.3 0.5 15 33.2 123.1 54.1 176.6 0.9 15 55.1 126.3 74.7 173.2 1.0 15 1.7 88.4 51.7 181.9 0.9 17 192.3 122.5 435.5 346.5 0.8 14 81.1 144.4 99.6 169.0
005807,0.6 8 391.4 181.0 437.6 268.7 0.9 8 1.3 103.0 91.0 331.3 0.6 8 209.0 220.3 244.1 276.8 0.9 19 283.1 203.1 367.5 276.7
005808,0.6 19 315.1 178.6 411.7 321.8 0.8 14 22.0 111.6 261.8 373.7 1.0 14 23.7 112.8 188.2 373.8 1.0 14 207.4 96.0 355.8 368.1 0.6 17 1.3 163.0 414.1 374.3 0.9 19 311.3 176.8 407.3 269.5 0.8 14 207.9 96.2 356.4 359.3 0.9 19 307.9 127.6 355.7 176.1
005809,0.9 6 379.5 202.2 412.5 247.9 1.0 14 96.5 181.2 129.9 311.7 0.9 14 17.5 197.1 31.1 269.9 1.0 14 1.2 194.9 25.5 275.4 0.9 5 103.6 94.8 361.3 264.5 1.0 6 45.8 206.6 89.7 240.7
005810,0.8 11 76.6 14.1 414.7 274.1
005816,0.9 14 191.2 74.6 242.6 214.8 0.9 13 75.9 136.0 290.4 346.2 0.9 14 134.9 75.1 244.8 300.7 0.8 14 192.4 74.2 244.1 297.5
005820,0.7 7 10.9 20.9 500.3 308.2
005822,1.0 14 102.2 197.5 259.8 500.3 0.7 12 50.1 34.2 303.5 498.6
005823,0.6 14 86.3 300.5 202.2 442.7 1.0 19 63.5 145.8 163.2 246.5 1.0 14 1.2 2.5 102.4 440.1 0.8 14 163.8 94.5 247.7 442.9 0.7 14 162.4 94.0 247.2 445.8 0.9 14 71.4 300.0 248.5 441.2
005827,0.8 8 13.4 68.0 204.9 232.4
005832,0.0 0 0.0 0.0 10.0 10.0
005833,0.9 2 232.2 107.4 276.6 139.6 0.7 2 207.8 180.0 263.4 201.4 0.9 2 321.6 105.9 379.1 134.6
005834,1.0 19 61.8 222.4 171.8 383.4
005835,1.0 14 341.5 26.6 466.3 218.0 1.0 14 83.3 31.4 165.6 164.2 1.0 14 253.6 26.0 352.7 147.1 0.7 14 83.6 31.2 163.0 221.8 0.7 14 353.8 26.7 467.3 177.1
005837,0.6 12 24.3 31.6 243.0 213.8
005842,1.0 14 206.7 109.2 238.7 174.7 0.5 6 160.0 117.7 263.3 169.5 1.0 14 413.0 106.2 433.3 128.2 0.9 6 11.0 118.8 49.2 141.8 1.0 6 36.3 116.7 187.6 165.5 1.0 14 69.4 112.5 84.2 134.1 1.0 6 242.3 90.9 445.4 181.4
005844,0.7 8 225.9 53.8 283.9 124.3 0.5 8 268.3 45.9 350.2 179.6 0.6 8 209.1 52.5 280.8 179.2 0.8 8 68.4 31.2 238.2 234.7 0.9 8 65.7 31.1 161.9 234.0 0.8 10 138.1 65.9 378.7 236.0 1.0 8 234.8 43.7 347.8 220.9
005846,0.6 12 111.6 117.2 229.6 248.8
005847,0.6 14 231.3 54.4 274.9 129.4 0.9 14 224.6 55.1 272.9 121.5 0.6 14 220.3 54.1 274.6 142.9 0.6 5 270.5 69.4 464.1 167.8
005848,0.9 14 85.5 48.2 198.3 324.9 0.9 14 58.7 46.9 212.2 326.6 1.0 1 37.9 170.3 216.4 406.2
005849,0.9 14 295.4 74.4 315.4 97.4 1.0 14 243.9 67.3 276.1 104.9 1.0 14 282.8 167.5 338.9 242.4 1.0 14 210.4 158.5 248.3 236.4 0.9 14 236.8 144.1 265.4 192.1 1.0 14 319.9 74.9 342.3 98.3 0.9 14 283.4 76.6 308.9 101.5 0.8 14 1.3 41.1 62.6 88.5 0.9 14 235.5 144.3 266.8 234.8 1.0 14 252.8 152.1 293.3 241.5 0.7 14 301.2 74.4 318.7 96.5
005855,0.6 18 30.7 44.2 256.5 129.6
005857,0.8 15 56.3 119.5 106.4 272.4 0.5 8 227.9 312.2 249.9 444.9 0.7 8 0.7 240.6 33.4 447.0 0.9 15 58.5 125.6 107.7 268.4 0.8 15 144.0 125.8 169.5 257.1 0.6 15 106.8 161.3 132.5 265.5 1.0 15 120.6 127.8 168.9 261.4 0.5 15 62.0 118.4 111.8 267.4 0.7 15 62.0 119.0 101.6 262.6 0.8 15 56.8 190.8 105.7 269.3 0.5 15 144.0 184.4 167.3 256.9
005858,0.9 8 414.0 12.6 469.7 50.3 0.9 8 287.2 12.4 326.7 50.3 0.9 8 370.3 12.7 412.4 49.4 0.9 8 158.2 14.6 203.0 48.1 0.9 8 215.4 13.8 255.7 52.7 0.9 8 334.2 12.5 374.7 48.9
005862,0.9 6 0.2 116.1 254.0 238.8 1.0 6 153.6 57.6 450.9 192.2
005865,0.9 14 10.6 194.3 22.6 219.8 1.0 14 186.8 151.6 248.5 278.0 1.0 14 392.7 189.8 408.0 218.4 1.0 14 324.9 149.8 375.5 254.6 1.0 14 422.2 176.9 442.1 223.4 1.0 14 142.9 184.5 168.1 229.7 0.9 14 381.3 188.8 393.9 218.4 0.9 14 22.0 195.0 34.8 219.4 1.0 14 37.3 196.1 51.7 219.8
005866,0.6 15 284.4 160.5 316.9 185.6 0.9 15 324.7 168.9 347.3 192.0 0.9 15 419.1 183.4 445.2 220.0 0.5 15 372.5 162.2 444.3 216.7 0.5 2 127.9 45.0 209.2 111.8 0.8 2 131.4 57.0 206.1 108.7 0.5 15 217.5 59.7 355.8 185.8 0.9 15 336.8 111.7 444.5 197.7 0.8 15 308.1 168.2 327.0 187.4 0.7 15 307.1 115.7 352.5 169.6
005869,0.6 6 455.0 184.1 500.0 206.4 1.0 6 52.1 184.1 110.6 216.1
005870,1.0 14 14.4 126.4 31.6 160.8 1.0 14 303.7 99.7 360.4 182.8 0.7 5 26.7 86.3 439.7 189.2
005871,0.7 4 98.0 32.3 109.6 87.7 0.8 10 2.0 103.6 249.2 501.4
005872,0.8 7 3.0 55.9 369.5 283.3
005876,0.6 9 108.2 191.1 259.2 314.3
005880,0.7 14 228.7 135.1 242.3 152.0 0.5 3 193.0 38.1 352.1 136.9 0.8 14 337.2 129.1 350.1 154.5 0.7 14 217.4 136.6 230.5 153.0 0.5 3 194.1 39.9 355.8 100.0 0.9 14 289.2 126.4 304.9 143.5
005882,0.6 14 14.8 0.9 35.5 56.9 0.6 12 87.9 271.2 151.7 465.2 1.0 14 83.3 149.0 151.4 344.2 0.7 12 108.0 334.2 153.6 495.2 1.0 14 146.2 341.0 201.2 500.1 0.9 14 204.7 1.2 224.7 38.8
005883,0.9 2 38.9 85.6 104.1 205.7 0.9 2 163.8 33.4 209.3 128.3 0.6 2 74.0 123.8 220.4 345.9
005886,0.6 9 69.6 194.2 163.1 273.4
005887,0.7 14 95.2 2.5 351.3 249.9 0.9 14 2.7 2.0 350.9 248.2 0.8 14 310.5 44.7 453.2 250.1
005890,0.9 14 104.2 11.1 164.0 107.5 1.0 12 84.0 61.5 183.5 160.3 0.6 14 103.4 10.7 180.0 159.9 0.6 14 104.4 10.5 182.1 159.5
005891,0.0 0 0.0 0.0 10.0 10.0
005892,0.7 2 148.3 50.9 233.6 77.3
005896,1.0 14 9.6 98.0 181.5 499.5
005898,0.6 8 309.7 84.7 376.0 136.2 0.9 8 219.6 77.9 255.2 114.6 0.6 14 186.7 112.0 285.9 154.4 0.6 8 162.8 87.5 202.7 137.2 0.8 14 186.9 105.0 338.4 155.6 1.0 19 60.7 85.1 125.3 127.9 0.8 8 163.2 87.9 200.6 135.9 0.9 17 165.4 109.4 348.8 191.0 1.0 14 245.4 103.8 346.4 156.3 1.0 8 371.5 82.7 426.8 142.9
005900,1.0 14 217.7 131.7 239.4 184.6 0.8 14 215.4 128.8 232.7 178.6 1.0 14 69.7 129.8 109.6 220.6 1.0 14 152.9 132.6 174.7 172.4 1.0 14 26.6 130.3 78.0 237.1 1.0 14 17.7 131.0 37.0 173.4 1.0 14 212.0 130.4 232.1 181.0 1.0 14 227.8 135.1 246.5 186.8 0.9 14 253.4 131.5 271.7 174.0
005902,0.9 14 174.5 45.1 215.5 86.0 0.5 14 125.6 29.6 154.4 50.8 0.6 14 59.8 0.9 91.3 19.7 0.9 14 168.7 37.8 189.1 78.7 0.7 14 395.0 139.1 446.0 212.4 1.0 19 40.0 94.0 134.6 160.0 1.0 19 301.6 86.0 433.8 166.6 0.7 14 142.9 37.2 181.0 82.5 1.0 19 191.5 97.0 305.8 173.6 0.7 19 300.0 87.0 435.3 188.6 0.7 19 288.6 34.5 362.4 79.4
005904,1.0 6 46.5 84.5 443.4 171.4
005907,0.8 6 253.4 36.9 281.0 49.7 0.6 14 115.6 28.2 176.5 92.1 0.9 14 12.6 30.9 99.4 131.6 0.9 14 48.6 31.3 82.7 73.5 0.7 14 62.9 31.5 234.6 176.3 0.7 14 62.5 30.2 126.2 124.6 0.5 14 14.5 30.6 94.4 131.8 0.6 14 62.7 28.3 178.7 144.5 0.7 14 69.3 26.4 125.8 94.5 1.0 14 98.1 30.6 236.5 265.6 0.7 14 45.8 32.3 84.6 85.7 0.5 14 75.9 40.4 125.7 97.0 0.6 14 57.7 41.6 88.8 85.1 1.0 14 197.8 2.4 423.2 264.0
005913,0.5 11 2.5 33.6 286.9 208.3 0.6 11 208.9 35.2 494.7 136.8
005915,0.0 0 0.0 0.0 10.0 10.0
005916,0.7 16 1.3 103.9 47.0 150.8 0.7 16 37.3 106.0 133.1 174.8 0.7 16 295.2 111.6 431.5 183.5
005921,0.6 14 67.0 28.5 121.2 93.6 0.6 8 405.9 132.3 478.1 233.7 1.0 14 105.2 58.5 181.5 235.5 0.6 14 64.7 28.7 122.7 192.2 0.7 14 385.9 40.5 434.3 126.9 0.8 14 191.4 37.7 310.2 183.5 1.0 14 187.3 37.7 315.0 234.9 1.0 14 105.0 59.3 172.6 199.7 0.6 14 476.5 73.7 496.9 91.8 1.0 14 6.5 60.2 103.9 236.0 0.7 14 66.8 28.5 125.4 191.4 0.8 8 429.6 130.5 499.5 233.9 0.8 8 200.2 157.8 285.8 235.3 1.0 14 424.9 69.8 481.1 138.0 1.0 14 282.4 27.7 423.0 235.7
005922,0.9 15 4.3 173.2 66.5 231.9 1.0 15 72.0 160.8 177.8 240.3 0.9 15 4.4 145.9 70.0 231.5 0.6 15 100.7 185.8 175.3 239.6 0.6 14 452.5 161.1 473.9 203.1 0.9 15 213.7 169.0 327.0 235.2 1.0 14 377.9 19.1 471.4 247.3
005924,1.0 6 1.0 94.6 39.6 150.0 1.0 6 60.1 44.5 423.7 202.3 0.5 6 271.5 52.1 431.9 175.1 0.7 14 38.4 103.7 53.2 125.5
005925,1.0 1 336.8 187.8 424.2 223.6 1.0 14 219.3 163.3 270.7 217.4 1.0 1 204.3 183.0 284.1 221.7 1.0 14 346.9 160.4 408.6 217.4
005926,0.8 4 4.7 258.4 19.3 337.8 1.0 14 22.8 24.2 218.4 498.5 0.5 12 20.7 164.3 228.7 496.0
005927,1.0 0 17.0 36.5 474.1 160.5
005929,1.0 6 22.6 86.0 460.5 220.3
005931,1.0 14 193.2 259.7 218.6 360.0 0.8 14 362.8 300.8 391.7 375.4 0.9 13 244.3 241.1 314.9 308.5 1.0 14 156.9 270.5 183.3 366.1 1.0 14 103.5 221.5 129.2 320.9 1.0 14 258.2 209.2 304.3 288.5 0.9 14 362.1 300.8 391.3 375.3 1.0 14 321.6 305.7 350.3 375.5
005932,1.0 6 279.1 296.7 349.2 331.6 0.9 6 404.4 308.4 452.3 332.8
005933,0.7 18 186.4 137.5 451.5 233.5
005934,0.7 17 62.4 19.2 386.2 367.3 0.7 17 60.3 95.4 389.6 367.7
005935,0.6 14 324.2 240.2 345.9 278.7 0.9 19 95.0 231.7 147.2 287.0 0.8 8 1.2 313.1 121.5 374.9 1.0 19 216.8 110.2 288.8 215.9 1.0 8 170.5 264.4 266.4 375.4 0.9 19 47.1 187.7 82.3 222.7 0.7 10 171.3 270.1 340.0 375.6
005936,0.8 7 64.2 68.0 415.6 252.4
005937,1.0 14 173.9 94.2 409.9 368.2 0.6 14 180.7 93.8 380.0 314.4 0.8 14 242.9 93.5 408.3 369.0 0.9 15 292.3 26.2 330.5 106.8
005939,0.6 11 155.3 141.1 255.8 284.8 0.6 11 95.1 94.3 202.3 184.7 0.6 11 97.0 98.7 202.0 174.1
005941,0.9 8 266.3 200.2 312.0 339.5 0.9 8 161.9 217.9 222.8 374.8 0.6 8 384.4 196.4 424.2 328.2 0.8 8 88.4 218.3 222.9 375.3 1.0 10 30.8 221.3 282.7 373.9 1.0 8 214.3 223.2 280.1 365.1 0.6 8 222.1 201.1 309.0 354.3
005942,0.8 14 1.8 85.4 161.9 332.5 0.5 2 149.2 169.8 195.8 231.7 1.0 14 306.2 60.7 500.4 331.9
005943,0.8 15 279.9 3.7 374.2 192.0 0.7 8 86.4 139.8 336.3 375.2 0.5 17 0.6 137.0 440.2 374.0 0.6 17 90.2 138.9 440.2 375.5
005944,1.0 14 133.5 23.7 175.1 136.0 1.0 12 88.1 42.1 267.7 208.3
005945,0.8 14 120.1 88.9 234.3 375.4 0.9 14 371.2 176.3 441.9 373.8 0.9 14 89.0 88.8 237.3 375.5 1.0 14 203.9 27.8 374.0 374.3
005946,1.0 14 256.7 117.3 280.2 166.4 0.7 4 262.4 233.6 337.5 374.6 1.0 14 226.7 116.7 244.4 165.7 0.9 14 1.3 218.7 199.7 374.1 1.0 19 89.0 1.5 441.9 320.8 0.8 4 214.2 264.5 270.4 374.7 0.7 14 257.1 115.2 279.6 164.9
005949,0.6 7 205.8 29.5 483.3 332.4
005950,0.8 3 198.4 137.2 393.9 218.5 0.6 3 79.6 105.8 252.1 215.2 0.7 3 79.1 89.0 251.1 215.0 0.7 3 12.3 144.9 72.4 201.2 0.5 3 191.7 58.9 393.9 219.1 0.7 3 197.3 116.4 394.0 219.7
005953,0.0 0 0.0 0.0 10.0 10.0
005955,0.8 11 13.3 1.6 329.4 156.7 0.8 14 183.9 0.2 499.0 168.7 0.8 11 162.3 56.9 499.3 253.2
005957,0.6 7 89.1 33.4 440.0 272.9
005958,1.0 14 41.7 54.2 235.8 250.2 1.0 14 195.3 0.4 498.9 251.1
005959,1.0 6 90.2 13.2 447.5 193.3
005962,0.9 7 3.2 57.3 304.1 252.9
005965,1.0 0 25.1 98.0 189.3 246.9
005966,1.0 14 78.0 83.6 247.0 282.3 1.0 14 233.5 64.9 442.7 282.3
005967,1.0 14 98.4 19.9 148.3 99.8 0.8 14 96.0 16.3 181.6 104.7 0.7 12 78.1 15.1 182.1 136.7
005969,1.0 14 38.0 45.1 281.5 281.2
005972,0.5 4 176.3 47.9 206.9 175.9 1.0 14 62.5 40.4 183.1 447.5 0.6 8 66.1 138.3 187.6 442.5 0.8 14 61.2 40.6 218.0 445.6 0.8 4 165.6 27.5 223.8 421.2
005973,1.0 12 80.8 128.8 182.5 431.4 1.0 14 117.6 167.9 163.9 431.6
005974,1.0 6 112.7 115.7 264.7 201.0
005976,0.8 8 358.6 116.1 449.9 240.7 0.8 8 263.4 127.4 339.7 249.4 0.8 8 379.5 127.6 453.0 238.6 0.5 2 81.3 128.5 131.4 182.1 0.9 8 76.7 161.1 168.5 250.5 0.9 15 200.6 110.4 264.8 171.9 0.9 10 147.8 172.7 335.3 250.3 0.9 8 362.5 132.7 451.9 250.0 0.7 8 399.6 134.8 453.1 240.6 0.8 8 255.5 128.0 339.4 249.2 0.6 8 264.1 128.3 335.1 203.0
005977,0.9 7 3.1 30.7 385.1 283.6
005978,0.0 0 0.0 0.0 10.0 10.0
005982,0.7 14 178.8 86.8 250.8 499.8 0.7 14 81.8 81.7 194.9 500.9 0.8 14 96.1 83.9 198.4 500.7 0.9 14 0.9 76.9 75.7 499.5 0.6 14 32.8 80.7 124.1 499.5 0.6 14 58.4 81.2 107.9 254.8 0.6 14 2.7 84.9 96.1 500.5 1.0 14 95.4 83.8 230.0 500.4 0.7 14 96.6 83.4 198.3 336.8 0.5 14 130.3 85.2 247.6 498.3
005986,0.7 5 64.3 116.4 239.1 221.0
005987,0.5 13 107.2 69.0 398.4 195.8
005993,0.7 14 95.7 31.5 363.0 281.8 0.6 14 35.2 31.9 434.7 283.1 0.9 14 97.5 33.3 418.2 282.8
005994,0.8 8 1.1 202.9 55.7 248.6 1.0 19 415.1 95.1 499.7 200.0 0.9 14 142.3 183.1 192.3 222.1 1.0 14 134.6 70.3 347.2 250.5 0.7 14 138.3 184.4 194.0 239.5
005997,0.9 19 119.5 130.9 170.6 186.1 0.7 11 147.7 99.9 238.1 249.6 0.6 11 1.5 99.5 237.6 279.8
005999,1.0 14 25.6 145.5 43.4 177.1 0.7 18 79.2 41.5 496.4 246.3 0.8 18 89.6 41.9 497.6 222.8
006002,0.6 12 112.5 134.5 267.0 247.5 1.0 14 367.0 52.0 425.3 266.9
006003,0.9 4 91.8 -0.3 194.2 196.0 0.7 4 208.7 1.7 252.0 237.5 0.9 4 33.4 57.4 116.8 465.3 0.6 4 143.4 74.3 221.1 305.5 0.8 4 30.8 61.5 115.0 497.6 1.0 4 141.1 74.4 220.7 364.6
006006,1.0 6 62.5 42.5 365.8 267.9
006007,0.6 11 175.3 61.3 321.6 187.5
006008,0.5 13 17.3 1.4 443.7 282.3 0.8 13 45.2 58.7 444.3 282.6 0.6 13 13.2 56.2 444.5 282.8
006010,0.9 14 66.7 109.1 111.5 201.5 0.8 8 354.0 152.5 443.6 267.1 0.7 8 305.9 117.2 381.1 196.2 0.8 8 311.3 126.7 379.8 212.2 0.9 8 105.9 147.6 175.0 228.0 0.7 14 0.9 167.4 25.6 219.8 0.5 14 164.1 129.3 204.2 208.7 0.5 8 381.4 132.3 442.7 259.8 0.9 14 282.8 127.0 315.7 191.8 1.0 14 353.9 121.2 388.3 199.9 0.9 8 215.7 143.5 257.7 214.6 1.0 14 68.4 110.3 109.5 178.2 0.7 14 1.3 169.6 75.8 269.2 0.9 8 70.3 143.4 121.2 212.2 0.7 8 393.0 166.7 443.5 263.9 1.0 8 188.5 142.9 258.9 218.0
006013,0.9 14 159.2 247.1 208.5 280.8 0.5 6 263.9 220.8 441.0 280.3
006014,0.6 14 154.9 371.8 172.6 412.9 1.0 14 131.2 377.2 152.3 447.5 0.7 14 156.1 371.9 177.8 418.2 0.9 3 116.8 19.1 213.6 450.9 0.7 14 156.1 372.7 184.3 433.6
006015,0.8 1 202.2 192.8 239.6 236.9 0.6 12 242.8 46.8 376.3 241.1 1.0 14 241.1 194.2 265.7 236.5
006016,0.6 14 195.3 54.5 210.8 70.0 1.0 14 139.2 20.0 197.7 72.9 1.0 14 89.8 1.4 142.8 46.7 1.0 14 1.3 0.6 45.6 66.9 1.0 6 15.7 38.6 482.7 230.2
006017,1.0 6 0.5 30.0 100.5 178.1 0.9 6 124.1 43.4 165.3 60.1 1.0 6 26.9 57.9 410.5 273.5
006019,0.8 6 2.2 53.1 438.3 292.5
006021,0.0 0 0.0 0.0 10.0 10.0
006022,0.0 0 0.0 0.0 10.0 10.0
006024,0.5 6 73.4 233.0 117.2 260.0 1.0 6 40.4 229.7 118.0 260.4 1.0 0 54.3 69.1 445.1 183.8
006031,0.9 17 15.6 85.2 419.5 240.4 0.6 8 19.1 86.9 280.8 288.1 0.9 17 10.7 83.9 433.8 292.2 0.6 19 296.8 13.5 339.3 62.8 0.9 17 11.1 82.8 420.8 290.8
006032,0.8 1 364.1 198.8 451.5 244.9 0.9 1 290.9 198.2 391.6 246.5 0.9 1 170.9 191.1 255.9 246.3 1.0 14 139.4 157.6 172.4 245.3 0.6 1 169.3 198.0 213.3 245.8 0.5 14 363.5 193.1 395.9 243.2 0.7 14 228.9 185.1 257.1 229.1 1.0 14 195.0 162.6 232.6 235.4 1.0 1 122.2 199.2 209.2 244.8 0.9 14 419.1 193.1 451.7 242.1 0.9 14 172.8 194.1 206.5 239.8 0.6 1 415.9 200.9 452.7 243.8 1.0 14 318.6 162.4 377.2 242.2 0.8 1 217.3 193.4 258.7 237.4 1.0 14 377.0 160.4 417.0 243.3 0.7 1 186.5 190.7 257.6 245.0
006034,1.0 6 5.8 17.8 285.1 64.4
006036,0.5 14 283.4 139.7 451.0 221.2 0.9 14 356.7 109.8 409.1 164.3 1.0 14 93.6 1.1 239.0 221.5 0.8 14 90.3 1.2 450.1 221.5 0.6 14 285.1 110.2 406.8 195.5
006037,0.8 11 98.6 8.4 310.7 82.6
006039,0.8 12 180.1 24.5 367.3 88.6
006040,0.8 14 7.7 60.7 110.6 200.7 0.5 19 281.7 23.1 399.8 132.1 1.0 14 304.5 41.5 343.9 93.8 1.0 14 343.4 38.2 386.1 96.4 1.0 14 48.8 56.5 228.7 251.4 0.7 14 71.1 62.3 107.2 116.6 1.0 14 188.5 108.2 400.7 251.4
006044,0.0 0 0.0 0.0 10.0 10.0
006047,0.9 6 122.1 101.7 154.8 137.0 1.0 6 124.6 98.7 203.1 133.6 1.0 6 194.9 96.5 251.9 128.0 1.0 6 248.9 92.9 302.6 123.8
006048,0.5 12 56.6 258.7 153.9 348.2 0.8 3 1.4 1.2 194.1 377.8
006049,0.9 4 152.2 263.2 218.0 442.4
006050,0.7 14 374.8 1.4 443.5 249.1 0.8 14 78.1 82.5 169.1 210.8 0.9 14 82.3 75.3 316.2 247.6 1.0 14 139.3 75.5 318.3 247.3
006051,0.8 0 304.4 151.5 363.3 162.6 0.9 0 161.6 106.3 218.8 122.4 0.9 0 246.8 127.3 305.8 142.2 0.9 0 161.6 105.9 218.3 122.3 0.7 0 431.3 172.8 490.0 189.0 0.9 0 314.5 134.5 380.6 155.2 0.8 0 378.4 152.4 441.6 167.6 0.8 0 317.5 133.7 381.6 150.1
006052,0.7 11 115.3 33.5 439.3 249.6
006053,0.5 11 1.6 107.9 194.8 499.5
006054,0.9 2 146.5 55.9 253.6 164.4 0.8 2 441.5 195.1 488.5 221.6 0.9 2 83.6 179.8 172.1 222.2 0.7 2 70.6 175.1 169.6 222.5 0.9 2 235.4 76.0 296.6 183.8
006056,0.7 8 241.3 17.6 317.5 80.7 0.5 8 1.8 1.0 105.0 120.0 1.0 4 286.5 56.6 316.8 126.0 0.8 8 167.4 5.5 221.0 77.9 0.8 8 50.8 158.4 320.1 222.2 1.0 4 179.7 58.5 208.3 118.5 0.7 8 1.3 0.3 81.0 119.2 0.9 10 38.1 73.2 497.3 223.5
006057,1.0 8 151.9 147.8 239.7 248.8 0.8 8 88.0 124.9 133.6 214.5 0.9 8 223.5 126.8 274.5 208.7 1.0 10 89.9 138.7 236.8 242.0 1.0 8 10.7 137.9 102.0 247.3 0.8 8 214.5 126.3 276.0 244.3
006059,0.8 14 82.2 216.5 116.8 368.1 0.7 13 1.4 206.2 117.1 398.0 1.0 14 129.0 135.6 188.4 382.8
006060,0.6 14 182.9 59.0 218.1 85.9 0.5 14 99.9 58.4 224.8 133.1
006063,0.6 11 2.8 56.5 273.8 214.2
006064,0.9 7 17.1 0.1 445.8 244.6
006068,1.0 19 4.1 148.0 73.5 270.4 0.9 19 69.3 126.8 145.3 310.6 0.9 8 130.6 312.1 224.8 462.2 1.0 15 86.2 18.3 125.3 121.9 0.9 15 139.7 210.6 165.0 294.3 0.8 10 69.9 294.5 219.3 481.2 0.8 15 86.8 17.9 124.7 147.6
006072,0.7 4 131.8 66.5 197.2 220.5 0.8 4 156.8 66.2 224.6 246.9 0.5 4 217.7 87.9 270.5 228.6 1.0 4 209.8 8.9 270.4 234.0
006075,0.7 19 225.8 133.3 290.0 177.1 0.6 19 224.6 136.7 260.5 170.4 0.5 8 314.4 13.1 443.5 248.5 1.0 19 309.7 120.6 366.5 165.4
006076,1.0 14 10.6 103.2 170.1 443.3
006077,0.8 18 134.5 66.8 297.6 130.9
006080,0.9 7 2.0 8.1 329.9 302.6
006081,0.9 8 59.0 293.4 92.1 390.2 1.0 8 128.8 199.3 166.5 301.0 0.9 8 60.4 164.6 93.9 285.2 0.7 8 61.2 222.7 92.6 287.4 0.6 8 117.7 178.7 146.6 270.6 0.9 19 64.9 83.8 106.0 145.1 1.0 10 64.1 193.9 162.4 299.7 0.6 19 123.2 93.6 149.0 152.5
006082,0.6 5 -0.6 2.9 335.4 227.8 1.0 6 347.6 102.2 386.5 119.2
006083,0.8 14 152.2 49.5 180.3 79.5 0.9 13 73.1 43.3 329.1 216.3 0.9 15 342.8 1.1 410.2 124.9
006085,0.6 9 145.4 30.5 249.5 87.3 0.5 9 153.3 66.4 239.0 113.8 0.6 9 275.2 23.4 419.3 106.5
006086,0.8 4 73.4 43.5 117.4 162.0 0.9 4 79.1 40.3 116.4 154.8 0.8 10 2.9 152.8 351.2 283.3 0.9 8 212.2 74.6 338.3 249.1
006087,0.7 14 2.5 1.5 226.8 225.3
006090,0.7 11 1.5 66.4 265.9 499.9
006092,0.7 14 132.3 0.5 236.2 251.6 0.6 4 122.1 282.4 170.1 433.7 0.9 4 121.7 282.8 178.8 471.6 1.0 14 131.5 0.7 236.8 298.0 0.8 14 223.0 32.5 269.7 297.3 1.0 14 36.7 1.2 127.6 267.4 0.9 14 226.3 30.9 271.2 368.3 0.7 10 1.6 254.2 241.8 499.8 0.7 14 222.2 32.9 268.9 499.2
006093,0.8 14 377.5 91.2 455.1 150.8 0.7 14 1.1 1.4 72.6 272.8 0.6 14 359.3 92.4 457.1 177.0 0.8 4 177.9 141.8 275.7 217.8 0.8 14 95.4 73.8 452.0 285.3 0.8 14 185.9 72.8 454.3 283.9 0.6 14 353.0 90.2 475.4 231.7 0.9 14 235.7 72.9 454.2 284.1
006094,0.9 5 272.2 101.2 432.4 250.3 0.7 14 350.1 119.5 374.1 154.6
006099,0.5 11 0.9 1.9 497.7 268.2
006101,1.0 14 165.8 59.8 278.2 298.7 1.0 14 60.6 53.8 183.0 299.7 1.0 14 262.5 26.0 408.9 297.1
006102,0.6 2 147.2 109.9 303.8 210.8 0.9 2 147.9 110.5 301.8 166.9
006106,0.6 12 93.8 86.7 255.2 269.0 0.6 12 1.7 91.8 256.2 281.6
006109,1.0 6 35.8 201.6 115.2 238.0
006110,0.9 3 338.3 166.1 383.5 192.8 0.7 3 330.8 112.2 359.8 119.0
006112,0.5 11 95.7 40.9 293.5 278.5 0.6 11 1.6 0.9 290.0 277.9
006113,0.5 1 368.3 180.6 406.7 229.9 1.0 14 350.7 139.3 397.1 226.6 0.9 6 428.4 157.8 482.5 225.5 1.0 6 155.5 127.3 210.0 183.6 0.5 5 1.9 112.3 128.3 222.7 0.8 6 199.7 112.0 314.1 222.2 0.9 14 425.3 158.7 466.8 224.0 0.6 5 349.4 108.3 483.6 222.2
006114,0.9 7 117.1 236.2 244.6 499.7
006115,1.0 14 1.4 216.9 77.9 289.9 0.5 17 60.0 165.7 380.5 256.1 0.8 17 2.9 169.2 383.8 286.2 0.5 17 118.0 186.2 383.2 270.8
006116,0.9 8 417.0 143.9 462.0 239.3 1.0 19 173.5 73.3 330.7 170.1
006118,0.9 14 157.1 5.3 360.6 250.8 0.9 14 160.6 5.1 443.2 251.8 0.7 1 144.8 139.0 399.0 251.4 0.8 14 253.5 20.0 445.9 250.8
006119,0.8 14 100.2 105.1 198.9 170.5 0.8 14 285.1 52.2 449.1 167.8 0.8 13 94.4 110.5 201.5 208.1 0.8 14 100.8 104.5 189.3 153.4 0.9 14 104.4 105.6 196.8 206.3 0.6 13 112.2 131.1 193.0 207.5 0.9 13 241.7 83.1 443.1 252.2
006121,0.9 6 35.9 117.3 161.4 170.6 1.0 6 90.2 112.4 254.4 178.6 1.0 6 37.2 111.6 256.0 174.4 0.6 6 179.8 105.3 399.5 193.4 0.9 6 184.5 103.9 439.3 195.2
006122,1.0 14 449.2 71.2 491.2 142.3 1.0 14 88.1 83.9 167.1 172.5 0.8 12 149.8 26.5 357.7 249.1
006126,0.9 8 329.1 130.5 437.0 218.6 0.9 17 89.1 120.2 302.3 203.8 0.6 8 3.0 36.4 163.7 250.1 0.7 17 331.4 115.8 438.2 205.5
006127,0.5 13 14.2 144.1 94.5 388.1
006132,0.0 0 0.0 0.0 10.0 10.0
006137,0.9 14 211.4 83.8 240.8 105.3 1.0 6 96.2 102.9 351.3 177.6 0.8 14 261.3 102.9 277.4 120.0
006138,0.7 18 2.6 65.2 210.9 165.0
006142,0.9 14 25.5 38.8 55.9 68.9 0.6 10 4.0 82.9 188.2 170.3 0.7 14 195.1 1.4 244.7 91.9 0.7 14 131.2 13.4 160.0 37.1 0.6 14 99.0 13.1 157.5 69.8 0.5 14 127.1 14.4 160.2 61.1 0.7 14 191.7 1.0 215.8 29.3 0.9 14 260.8 1.2 445.3 248.9
006143,1.0 14 53.0 261.7 113.2 364.5 0.9 12 72.3 187.0 168.1 375.0
006144,0.8 19 20.1 8.1 261.1 297.6 1.0 14 121.8 82.5 141.7 116.0 0.8 11 189.5 262.4 282.9 400.5
006145,0.8 8 186.5 80.5 248.6 161.3 0.6 14 363.5 42.3 500.2 216.3 1.0 14 6.3 5.5 82.9 109.6 0.6 14 11.3 4.2 79.0 94.8 0.8 8 82.7 74.9 165.8 197.2 0.7 8 152.8 79.8 188.0 125.0 0.8 8 121.2 74.9 168.7 126.8 1.0 14 205.5 2.8 290.4 124.2 1.0 14 107.2 17.7 171.1 135.8 1.0 14 41.0 57.8 147.7 193.5 1.0 14 309.7 33.1 442.7 158.7 1.0 14 274.7 43.4 499.0 221.1
006147,0.7 14 150.9 71.4 177.4 140.6 0.6 14 124.4 70.8 154.3 137.7
006149,0.0 0 0.0 0.0 10.0 10.0
006152,0.7 14 2.2 36.8 240.4 251.2 0.6 14 216.2 39.9 286.9 124.2 1.0 14 215.4 38.7 334.9 250.2 0.9 14 298.1 53.7 365.4 144.8 0.6 14 219.0 38.3 321.2 185.7 1.0 14 91.4 17.1 241.9 251.4 0.5 4 56.7 11.0 88.0 55.8 1.0 14 1.6 35.2 127.9 252.1 0.6 14 88.8 19.6 326.4 251.0 0.9 14 298.7 54.3 350.2 123.3 1.0 14 308.3 31.8 442.6 249.5
006154,0.7 18 0.8 38.8 231.5 327.5 0.8 18 1.7 40.1 232.9 297.1
006155,1.0 6 148.6 112.7 200.1 130.4 1.0 6 88.9 109.2 145.4 125.8 1.0 6 17.3 108.9 73.8 123.4 1.0 6 212.7 113.7 280.4 134.9 1.0 6 305.8 114.0 378.4 139.5 0.7 6 62.2 108.8 111.3 123.3 1.0 6 257.3 114.7 328.5 137.1 1.0 6 349.6 116.1 442.0 144.6
006157,0.6 2 95.4 111.6 188.7 353.6 0.8 14 9.6 146.4 139.7 441.5 0.5 12 1.1 125.7 137.4 442.6 0.8 14 12.9 116.1 180.2 439.0
006160,1.0 3 148.2 111.9 202.6 179.6
006164,0.6 3 55.2 345.5 216.0 396.3 0.6 3 159.7 359.6 218.9 389.2 0.9 3 56.1 353.0 167.8 397.8
006165,1.0 14 56.6 102.4 164.2 364.7 0.8 12 10.1 241.1 157.1 436.0
006167,0.5 11 149.6 143.3 256.1 223.7 0.8 11 116.0 143.1 258.6 223.9 0.9 14 148.4 0.7 218.4 64.0 1.0 14 144.2 10.4 316.6 216.9 0.6 14 210.7 9.5 318.3 216.0
006168,0.9 14 215.6 11.1 499.2 223.7 0.5 11 58.7 34.1 296.6 168.5 0.7 14 62.9 14.4 499.3 224.2
006169,0.7 14 86.6 85.3 107.5 109.8 0.6 14 72.9 84.8 90.5 101.2 1.0 14 277.1 120.7 355.5 221.9 1.0 14 168.3 134.6 229.6 220.6 1.0 14 92.6 135.1 167.2 218.6 0.8 14 48.2 134.8 165.8 213.7 0.9 14 279.8 85.1 382.6 195.8 1.0 14 228.9 131.7 301.1 221.0 0.7 14 71.8 84.4 91.3 105.7 0.6 14 281.0 85.3 371.4 152.3
006173,0.7 9 211.2 231.8 287.9 308.8 0.7 9 92.9 228.3 202.1 312.0 0.6 9 299.6 224.2 355.5 296.9
006178,0.8 14 462.5 235.0 499.6 294.1 0.9 14 460.8 234.6 499.6 326.2 1.0 14 120.0 115.8 161.6 234.1 1.0 14 1.5 172.8 48.1 333.6 1.0 14 164.4 117.0 201.2 239.1 1.0 14 198.0 118.5 244.5 246.2 0.7 6 76.7 227.3 473.6 332.0 1.0 14 291.7 124.0 340.2 256.5 1.0 14 47.9 212.2 95.7 306.7 1.0 14 249.4 133.4 292.1 253.1
006182,0.0 0 0.0 0.0 10.0 10.0
006186,0.9 14 75.2 0.6 497.9 315.6
006191,0.0 0 0.0 0.0 10.0 10.0
006192,0.9 14 193.9 17.9 334.0 270.4 1.0 14 191.1 18.5 333.4 314.2 0.5 12 156.1 160.3 335.3 333.0
006193,1.0 14 45.8 54.0 86.8 203.6 0.9 13 299.1 114.6 435.7 244.6 0.6 13 375.1 114.8 438.0 211.0 0.9 14 291.5 121.5 350.3 180.8 0.8 13 1.6 184.1 207.0 353.2 0.6 13 158.3 129.1 322.3 297.5 0.6 13 302.0 120.0 397.6 242.0 0.8 13 166.4 129.6 323.9 295.6
006194,0.0 0 0.0 0.0 10.0 10.0
006195,1.0 14 162.1 293.6 211.3 403.6 0.8 14 34.2 244.2 78.9 329.7 0.6 4 21.8 293.8 32.0 337.7 0.7 14 6.3 241.6 80.6 401.4 1.0 14 79.3 69.0 182.8 405.6 0.6 14 209.5 270.6 252.5 366.7 0.9 14 29.4 243.4 77.0 338.3 0.9 4 38.6 287.7 52.1 338.8 1.0 14 203.7 268.9 253.9 400.6
006197,0.6 5 89.3 11.9 382.1 226.4
006199,0.6 1 140.9 101.5 382.5 213.5 1.0 14 210.6 34.7 387.0 208.5
006200,0.7 14 414.6 110.6 446.9 192.8 0.6 13 98.3 166.9 192.3 226.6 0.6 14 101.5 49.6 413.7 228.8 1.0 14 375.5 108.8 445.0 191.9 1.0 14 187.6 55.2 415.4 227.8
006204,0.7 3 84.1 210.8 97.5 241.3 0.5 18 77.4 146.9 151.0 192.4 0.6 18 78.6 145.2 211.8 252.3
006205,0.8 3 75.7 155.7 93.0 176.2 0.9 3 7.5 153.0 28.9 176.2 0.8 3 356.5 150.8 379.7 176.7 1.0 3 234.2 122.9 293.1 183.2
006207,1.0 14 175.8 18.7 276.0 109.2 0.9 12 36.0 23.7 374.6 198.1
006211,0.6 16 102.2 240.6 133.8 279.1
006213,1.0 14 168.3 201.5 186.2 272.7 1.0 14 189.8 203.1 207.4 263.1 0.7 13 171.4 245.8 212.7 332.4 1.0 6 28.1 190.5 162.3 313.8 1.0 14 210.3 198.5 229.6 331.8 0.6 14 188.3 200.6 209.3 320.9 0.9 13 105.6 245.9 214.2 352.8 0.7 14 207.3 195.7 218.5 257.0
006217,0.6 9 98.6 277.9 161.3 411.5 0.7 9 70.4 225.6 164.6 414.0
006226,1.0 14 114.4 132.3 146.6 177.0 1.0 14 85.4 114.3 120.8 175.1 1.0 14 63.5 107.3 85.1 153.8 1.0 14 41.0 103.9 66.6 182.5 0.9 14 118.6 127.0 133.5 160.0 1.0 14 64.5 144.1 90.6 188.2 0.7 14 165.5 154.7 181.7 186.5 1.0 14 19.7 173.0 46.7 253.1 1.0 14 1.2 166.0 42.0 309.2 0.8 14 85.6 114.3 118.8 164.0 0.5 15 148.5 3.8 226.2 141.6 0.6 14 110.6 132.5 148.2 258.8 0.8 14 0.9 122.5 31.4 309.9 1.0 14 109.3 162.7 207.5 402.2 0.7 10 2.9 206.6 151.7 357.1 1.0 14 181.1 136.1 228.7 331.3 1.0 14 40.4 151.9 70.8 210.2 0.6 10 2.4 215.2 196.5 397.5 1.0 14 163.3 154.8 182.2 186.8 0.7 14 180.4 136.9 230.0 398.3 0.9 14 145.5 127.7 164.8 162.7
006227,0.0 0 0.0 0.0 10.0 10.0
006228,0.6 6 284.6 61.9 398.1 128.7 0.8 6 0.8 26.2 399.7 230.1 0.9 6 1.7 25.9 398.0 226.0
006231,0.6 12 1.5 2.0 126.9 396.8
006232,0.6 0 80.7 90.0 439.4 168.6 0.8 0 85.5 93.3 280.6 169.9 0.8 0 83.8 91.5 417.3 169.2
006237,0.5 12 31.6 80.2 61.0 180.0 0.5 14 56.8 29.0 154.6 357.0 0.6 14 1.9 27.5 153.4 497.4 1.0 14 53.9 29.6 157.1 499.2 0.6 12 52.9 261.4 158.9 499.1
006239,0.5 14 69.2 59.4 142.6 436.2 0.5 14 55.3 59.1 139.1 348.8 0.8 14 55.2 59.3 138.8 216.1 0.6 14 1.3 61.8 138.1 449.7 0.9 14 1.4 183.3 92.8 453.3 0.5 14 161.7 156.3 223.4 268.0 0.9 14 109.6 153.7 224.0 500.4 0.8 14 162.9 155.8 224.4 431.6
006242,1.0 6 34.0 102.5 124.2 141.4 0.9 14 342.2 109.0 370.8 133.7 1.0 6 142.0 102.6 210.0 140.7 1.0 6 254.7 101.8 319.8 138.1 1.0 6 351.1 103.1 414.9 136.0
006244,0.5 0 228.9 72.3 311.8 123.1
006245,0.8 11 0.5 19.8 295.8 250.2
006246,0.0 0 0.0 0.0 10.0 10.0
006248,0.9 14 177.5 26.2 226.7 129.1 0.6 14 342.7 7.0 498.8 224.7 0.6 14 351.0 6.6 498.9 223.3 1.0 14 223.9 41.6 274.7 150.5 0.6 4 1.0 168.9 26.2 224.5 0.9 14 177.1 25.9 227.1 176.4 1.0 14 40.5 29.0 211.8 212.5 0.9 14 99.4 8.5 497.9 225.5
006253,0.8 11 2.2 24.2 215.9 225.1 0.5 11 319.6 73.5 454.2 173.7
006255,1.0 14 1.5 1.6 445.5 250.4
006256,0.5 6 263.1 57.5 493.0 190.1 0.9 6 266.4 56.7 494.2 164.8 0.9 6 71.4 66.9 399.9 208.7 0.6 6 69.3 63.7 487.3 206.1
006257,1.0 14 282.8 113.1 314.5 173.8 0.6 17 23.5 112.5 420.6 241.8 0.9 17 22.3 111.9 426.5 291.9 1.0 14 223.7 141.0 285.7 207.7
006263,1.0 0 10.6 63.9 489.0 183.6
006265,0.7 11 165.0 84.9 391.0 230.6 0.6 11 165.2 86.3 341.7 211.7
006266,0.5 16 136.6 109.9 206.0 197.4 1.0 14 211.6 24.5 296.7 184.1 1.0 14 1.3 23.0 52.2 218.7
006268,0.7 2 52.8 126.6 161.0 355.9 0.8 2 62.4 127.2 160.6 273.2 0.9 2 1.2 125.9 161.5 445.7
006271,0.8 10 1.9 26.5 444.4 292.6
006273,0.9 14 137.5 30.8 291.4 251.6 0.9 14 17.6 32.2 291.2 258.6 0.9 11 256.3 30.6 339.3 171.8 0.8 14 276.2 116.7 499.9 260.3
006274,0.9 14 304.8 46.9 321.7 75.5 0.8 14 306.6 44.1 321.0 61.1 0.9 8 336.3 55.6 375.4 127.9 0.9 14 175.1 35.7 209.8 91.6 0.8 14 111.2 9.5 379.1 200.7 0.7 14 186.2 36.1 207.6 63.4 1.0 14 315.8 47.3 343.9 87.3 0.9 8 368.9 55.5 416.2 103.9
006278,0.6 18 49.4 27.0 384.8 318.8
006280,0.7 4 56.8 77.4 133.4 155.3 0.7 7 263.3 93.3 395.3 233.4
006283,0.9 6 17.1 121.7 46.5 187.7 0.6 6 17.7 6.8 398.2 353.2 0.9 6 16.7 5.5 396.3 333.9 0.8 6 224.4 7.6 398.8 333.0
006287,0.7 17 0.6 201.4 186.7 363.7 1.0 14 183.6 143.8 327.2 372.9 0.6 17 3.5 200.8 365.2 362.0 0.6 14 254.1 143.9 330.5 350.9
006288,0.7 14 105.9 41.1 344.9 374.1 0.8 14 94.0 167.9 322.0 374.4 0.7 14 84.9 41.5 337.7 339.3 0.9 14 88.0 170.0 205.0 346.5 0.7 14 81.5 42.3 290.8 338.1 0.8 14 103.5 41.4 397.1 375.2 0.6 14 98.9 165.4 399.7 374.7
006292,1.0 14 112.5 24.0 181.9 251.5 0.6 14 224.3 122.1 289.2 237.7 0.9 14 144.2 118.3 244.4 308.1 0.7 14 141.7 117.2 283.8 310.1 0.7 14 323.9 118.8 389.0 316.4 0.5 13 70.4 200.3 332.3 332.8 0.8 14 222.2 117.5 289.2 315.1 1.0 14 324.0 117.7 415.2 315.7
006293,0.8 8 90.3 196.3 175.6 280.1 1.0 19 148.4 75.5 216.0 168.2
006294,0.9 0 9.2 115.8 242.6 175.3 1.0 0 9.3 53.6 440.2 177.0
006297,0.8 8 30.2 86.8 109.8 162.4 0.9 8 28.4 86.3 108.2 203.0 0.9 17 191.3 92.3 360.2 206.4
006298,0.0 0 0.0 0.0 10.0 10.0
006302,0.8 3 289.5 128.4 314.5 193.2 0.6 3 119.4 79.6 186.3 199.1 0.7 3 332.7 67.6 402.3 196.1
006303,0.9 14 56.9 87.8 93.7 206.3 0.6 11 286.9 210.2 407.1 279.8 0.7 12 280.7 0.6 406.3 252.9
006307,0.5 8 284.2 9.8 497.8 87.9 0.9 19 130.4 28.5 173.4 49.3 0.5 14 205.1 10.6 235.0 27.4
006308,1.0 19 19.5 4.2 221.0 292.0 0.7 7 143.7 371.9 216.5 500.3
006310,0.7 14 43.5 2.5 447.3 246.8 1.0 14 210.1 1.6 448.9 245.9
006311,0.0 0 0.0 0.0 10.0 10.0
006312,0.7 1 272.1 99.3 396.8 236.9 0.9 1 271.4 141.2 340.8 236.7 1.0 14 236.4 77.0 340.6 190.1 0.5 1 265.0 100.3 390.0 237.6
006313,0.6 14 214.6 146.2 267.9 236.6 0.6 14 1.5 13.2 92.7 232.6 0.8 14 13.4 15.1 70.2 142.5 1.0 14 216.8 145.2 268.5 254.6 0.8 14 121.7 95.7 148.6 163.0 1.0 14 70.3 84.0 174.5 374.3 0.8 14 5.8 14.6 73.2 144.8 0.9 4 39.4 194.4 72.1 252.6 1.0 14 233.8 164.7 319.8 295.1 0.8 14 206.7 268.5 330.5 375.2
006315,0.0 0 0.0 0.0 10.0 10.0
006316,0.6 9 7.3 36.7 199.4 301.1 0.6 9 174.6 25.4 457.4 290.6
006317,0.5 5 0.2 0.1 206.3 227.8 1.0 14 197.5 73.0 316.8 368.4 1.0 1 191.4 209.9 386.0 374.6
006322,0.7 14 295.2 47.1 450.2 333.1 0.8 14 1.2 1.6 449.0 333.3
006324,1.0 6 76.6 222.1 150.9 259.8 0.9 6 199.0 177.0 330.1 304.3
006326,1.0 6 295.2 45.8 446.0 126.2 1.0 6 17.9 47.3 347.7 214.8
006327,1.0 14 207.1 222.1 222.2 309.2 1.0 14 199.9 223.2 213.5 299.7 0.9 6 0.5 239.2 18.7 270.3 1.0 14 182.2 228.8 194.7 295.0 0.9 5 33.4 60.1 145.5 348.5 0.5 6 0.7 233.3 33.0 258.8 1.0 14 176.7 228.5 188.8 295.1
006328,0.9 11 147.8 63.9 287.6 191.6
006331,1.0 6 97.2 59.7 401.5 187.0
006332,1.0 14 258.7 120.9 280.6 143.4 0.8 3 98.5 139.3 355.1 178.5 0.7 14 121.7 118.1 160.6 175.2 0.9 14 285.7 120.0 305.1 144.9 1.0 14 130.3 115.4 155.2 145.4 1.0 14 297.6 117.9 315.9 144.1 0.6 3 99.6 0.1 352.2 174.0 0.9 14 184.6 120.5 204.8 144.6 0.7 14 273.5 121.2 292.0 144.0 0.7 14 279.1 120.8 298.1 144.5 0.9 14 283.7 120.3 303.3 144.5
006333,1.0 6 435.8 63.2 499.3 99.4 0.6 6 206.3 1.6 453.2 101.6 0.6 14 27.8 43.3 44.2 65.4 0.5 6 323.9 49.3 441.1 99.9 1.0 6 62.5 33.9 448.8 197.4 0.9 14 45.2 43.8 62.9 66.3 0.6 6 319.8 45.9 500.1 109.2
006334,0.8 14 292.2 156.7 312.9 202.9 1.0 14 387.4 131.8 410.8 186.6 0.9 14 24.5 132.6 39.1 159.0 1.0 6 228.7 129.1 283.6 157.4 0.7 5 60.7 111.9 177.3 163.7 0.9 14 366.0 134.2 387.4 171.2 1.0 6 265.4 131.7 296.4 156.1
006336,0.8 7 1.4 1.3 247.1 389.2
006340,0.9 14 202.7 45.4 223.7 74.5 0.9 14 184.5 43.9 206.5 71.6 1.0 6 7.7 71.5 414.7 298.2
006342,0.9 2 47.1 51.7 198.3 174.4
006343,0.0 0 0.0 0.0 10.0 10.0
006345,0.7 19 96.8 28.9 429.4 162.7 1.0 19 97.4 0.9 430.0 164.1 0.8 19 96.4 1.7 433.5 216.4
006347,0.5 0 45.2 81.3 426.5 188.9 0.8 0 0.1 20.2 450.8 189.8 0.6 0 1.1 21.3 302.0 189.5 0.8 0 40.6 22.9 440.5 189.2
006354,0.5 11 146.6 71.3 353.6 234.3
006356,0.6 18 122.0 92.2 213.8 198.9 0.8 18 1.3 108.9 131.0 185.9 0.8 18 117.6 43.6 474.9 223.4
006358,0.6 6 361.2 161.1 399.5 185.8 1.0 6 287.9 160.5 359.2 190.3 0.9 6 166.8 167.5 204.8 185.2 1.0 6 387.7 165.4 417.9 188.2 1.0 6 82.8 167.4 123.7 184.8 1.0 6 32.6 170.7 68.6 186.8 1.0 6 123.7 164.3 175.6 185.1 1.0 6 222.6 165.9 287.8 187.4 0.9 6 57.4 165.6 89.3 183.8
006359,1.0 4 190.0 29.0 216.3 86.6 0.5 4 188.6 30.3 216.8 116.7 1.0 4 217.9 29.3 243.4 85.6 0.7 17 167.0 26.8 498.8 184.3
006360,0.5 4 332.5 216.4 390.2 281.5 0.5 14 282.5 50.3 402.4 220.4 0.5 4 213.0 172.7 252.5 276.6 1.0 14 1.4 83.7 119.9 284.9 1.0 4 178.7 182.4 207.2 274.9 1.0 14 261.5 50.0 406.8 276.6
006361,1.0 14 185.9 63.6 215.2 109.7 1.0 14 336.7 56.1 386.8 157.4 0.8 12 173.6 86.4 231.2 158.3 0.8 12 274.3 96.2 400.6 203.3
006364,0.8 14 335.7 128.1 375.3 161.2 0.7 12 35.6 106.5 242.8 257.5 0.9 12 35.2 105.1 433.6 258.8 0.6 14 197.1 141.6 211.8 156.2 0.7 14 242.2 15.9 323.0 147.9 1.0 14 222.8 15.1 343.6 259.4
006365,0.6 1 304.3 144.1 426.0 230.9 0.9 12 64.3 45.2 366.4 221.8 1.0 14 358.7 77.2 438.3 209.7
006368,1.0 14 199.6 11.0 306.6 146.2 0.9 12 55.7 35.6 375.7 237.9 0.7 12 128.0 37.7 375.0 236.0
006370,1.0 14 208.5 160.9 218.5 191.0 0.9 14 139.8 160.8 148.1 185.9 1.0 14 21.4 152.6 29.8 181.2 1.0 14 157.8 159.8 166.8 187.4 1.0 14 76.5 150.3 87.1 179.6 1.0 14 97.3 118.5 138.4 423.6 0.9 14 34.7 158.3 43.5 182.9
006372,0.7 18 143.4 34.1 394.8 228.7
006373,1.0 14 28.4 285.7 40.5 398.9 0.6 8 98.5 282.5 130.6 465.7 1.0 14 9.7 281.9 32.5 470.2 0.7 8 140.1 372.6 225.4 499.9 0.7 17 140.6 369.7 228.0 499.9
006376,0.6 14 241.1 50.7 264.1 83.0 1.0 14 167.1 43.7 215.7 82.5 0.6 14 243.6 51.6 262.4 72.0 0.6 6 113.0 12.5 357.5 205.1 0.7 6 25.6 12.3 361.9 266.6 0.5 6 29.5 59.7 360.9 267.7 0.7 14 273.2 59.1 300.2 93.2
006378,0.5 12 125.7 132.2 176.0 197.9 1.0 14 118.6 67.9 146.0 126.6 0.6 14 137.4 84.1 151.2 124.4 0.5 12 224.2 130.8 295.2 212.7
006379,0.7 2 129.6 88.0 234.4 201.7 0.7 2 55.4 88.4 231.7 204.7
006380,0.9 4 204.9 86.3 222.0 136.4 0.9 14 265.9 40.2 291.5 88.5 1.0 14 177.6 35.6 208.2 79.5 0.9 14 142.8 42.5 178.1 86.7 0.9 14 98.4 46.2 131.8 93.9 0.8 4 198.3 122.0 212.8 151.6 1.0 14 98.4 70.6 169.5 162.3 0.8 14 280.1 59.5 324.1 115.3 0.7 14 218.7 31.4 251.3 109.3 0.9 14 56.5 78.2 118.1 161.7 0.8 14 285.1 69.8 346.6 157.1 0.9 14 0.8 114.3 128.9 282.3 0.9 14 277.8 59.9 340.5 141.4 0.6 10 2.2 73.9 399.1 278.9 0.9 14 140.4 43.1 195.5 99.7 0.7 14 97.3 69.0 170.8 267.2 0.8 14 91.5 45.7 132.6 142.9 1.0 14 22.8 77.3 132.1 282.4 0.5 10 1.6 98.1 315.1 279.0 0.8 14 259.4 68.3 343.6 189.8 0.9 14 90.1 79.6 144.0 233.4 1.0 14 219.0 29.6 252.0 77.4 0.5 14 256.9 74.2 399.1 194.7 0.9 14 272.5 37.7 307.8 97.9 1.0 14 251.3 84.7 403.1 282.0 1.0 14 269.4 41.9 307.4 100.2
006383,0.9 6 72.0 9.5 480.2 72.8 0.7 6 41.4 8.3 483.7 85.8
006384,0.5 14 26.2 61.4 190.5 246.5 0.6 11 61.0 204.9 229.9 315.8 0.6 14 37.7 60.8 180.2 222.0 0.9 14 26.2 59.9 259.1 294.5 0.6 19 244.2 2.3 357.2 112.7
006386,0.6 6 0.9 162.6 22.8 196.1 1.0 6 71.4 124.3 136.7 146.8 1.0 6 129.9 126.0 182.8 156.0 1.0 6 2.0 128.0 125.0 180.7 0.5 6 211.1 122.6 415.5 245.9 0.9 6 216.3 133.7 241.5 152.9
006388,0.0 0 0.0 0.0 10.0 10.0
006389,0.9 19 164.9 29.4 251.2 90.7 0.8 8 89.6 70.5 306.9 222.0
006390,0.5 14 288.8 52.3 445.7 249.4 0.6 4 33.5 169.9 159.0 250.6 1.0 14 78.5 6.1 444.6 250.0 0.9 4 1.3 168.1 42.9 252.5 0.7 4 168.0 185.1 228.8 247.8
006393,0.7 19 180.5 89.0 233.5 129.6 0.9 8 378.6 75.1 457.3 148.4 1.0 8 229.5 147.1 322.9 222.8
006394,0.9 7 34.7 52.8 213.7 455.5
006397,1.0 6 19.8 30.3 423.7 115.0
006399,0.6 14 208.2 0.5 311.8 92.3 0.7 14 1.8 0.9 177.1 179.9 0.9 14 1.7 0.8 180.0 220.7 0.7 11 209.5 35.7 462.7 222.6
006401,0.6 12 151.8 128.5 198.9 170.6 0.6 12 43.1 137.2 71.3 171.9 1.0 14 44.0 119.5 75.7 156.8 0.9 14 152.5 117.8 169.7 137.3 0.6 14 150.3 117.9 171.4 165.3 0.9 14 121.2 116.0 146.2 165.1 0.7 12 76.2 133.0 111.6 168.6 0.9 14 124.6 116.7 145.5 143.1 0.7 12 127.7 128.2 198.6 170.3 0.8 12 273.3 122.5 402.5 184.2 1.0 14 314.5 107.7 352.3 152.3
006402,0.0 0 0.0 0.0 10.0 10.0
006403,0.7 14 3.0 2.2 252.5 283.9
006405,0.8 6 0.8 288.4 85.0 500.8 0.5 6 60.8 220.0 167.9 474.9 0.9 6 11.5 216.2 167.6 473.4 0.7 6 0.7 276.8 81.6 500.7 1.0 6 129.9 303.7 250.3 499.0
006406,0.9 0 76.0 133.4 155.7 170.6 0.9 0 165.5 101.1 228.3 124.6 0.9 0 81.5 114.3 149.5 137.9 0.9 0 273.1 86.4 340.0 111.5
006407,1.0 14 1.1 159.1 44.4 263.7 1.0 14 230.0 104.2 260.8 164.1 0.8 14 112.7 132.1 131.8 175.5
006408,0.9 3 144.5 113.8 171.6 185.4 0.7 12 378.8 181.5 444.9 284.2
006410,0.0 0 0.0 0.0 10.0 10.0
006412,1.0 1 13.1 34.6 435.1 260.4
006413,1.0 14 16.7 23.4 70.0 356.7 0.7 13 18.3 167.2 139.8 491.3
006414,0.0 0 0.0 0.0 10.0 10.0
006415,1.0 6 16.2 88.5 430.8 174.1
006416,0.5 14 444.8 94.1 470.2 137.8 1.0 14 376.7 120.5 413.6 186.2
006420,0.0 0 0.0 0.0 10.0 10.0
006422,0.9 8 355.6 155.8 442.5 227.2 0.9 8 27.4 164.4 185.0 225.7 0.6 10 231.5 178.9 333.4 224.5
006423,1.0 6 200.7 72.0 246.6 90.5 0.9 14 263.0 76.6 317.1 99.5 0.5 14 287.9 80.5 316.0 99.0
006426,1.0 14 81.4 99.1 149.9 390.3 0.8 4 85.3 89.3 100.8 123.3 1.0 14 1.7 101.8 127.8 401.7 1.0 14 151.5 135.3 248.9 399.3
006431,0.9 13 132.9 86.2 359.5 198.7 1.0 14 221.6 40.1 342.5 182.6
006432,0.9 14 375.6 100.1 440.8 248.4 1.0 4 152.2 170.4 178.8 232.6 0.8 14 65.2 57.7 184.3 251.8 1.0 14 108.8 65.0 244.1 251.4 1.0 4 292.5 150.7 321.3 223.1 0.9 14 88.1 59.3 189.1 250.3 0.9 14 288.9 31.3 404.6 248.4 1.0 14 233.4 81.1 364.3 249.7 0.7 14 381.3 100.5 441.3 178.1 0.9 14 289.1 30.2 438.4 249.4
006435,0.6 0 72.0 41.8 388.3 201.9
006439,0.5 8 59.9 211.6 206.1 438.4 0.8 7 49.5 20.7 249.9 348.3
006441,0.6 15 361.4 146.9 384.3 167.5 0.7 2 91.2 189.2 206.6 213.5 1.0 6 1.2 119.8 60.9 176.1
006446,0.9 4 279.3 195.3 310.6 249.6 0.8 14 1.2 7.4 105.2 250.6 1.0 14 192.6 1.1 444.2 249.6 0.5 10 12.0 193.3 436.4 248.5 0.6 19 160.6 0.5 261.7 46.6 0.5 14 181.3 35.5 310.4 249.7
006451,0.9 7 2.8 45.6 268.0 174.5
006452,1.0 19 70.4 224.7 117.3 290.8 0.9 14 107.9 119.0 168.0 461.2 0.7 10 0.6 343.2 97.1 500.1 1.0 14 108.5 115.7 224.5 499.6 0.9 4 22.0 288.1 38.5 378.7
006453,0.7 14 134.4 95.3 159.9 145.0 1.0 14 152.1 117.7 218.5 374.9 1.0 14 57.3 74.4 159.8 374.8 0.9 14 294.3 80.6 393.7 373.9 1.0 14 198.6 66.2 288.6 374.9 0.8 14 284.0 80.7 396.0 374.4
006454,1.0 6 24.4 137.1 421.6 293.8
006457,0.8 11 61.4 23.3 376.3 394.1
006460,1.0 14 333.0 299.9 392.0 375.0 0.8 14 1.7 20.9 301.8 373.8 0.9 14 2.0 20.5 233.3 373.5 0.6 14 0.9 19.8 443.4 373.8
006461,1.0 8 130.5 193.6 216.7 326.0 0.5 8 31.3 195.6 106.1 331.0 0.8 15 130.9 96.8 179.4 212.2 0.7 8 158.3 194.0 214.9 323.0 0.9 15 112.8 185.4 142.9 225.3 1.0 8 55.3 191.7 117.5 321.9 0.9 10 69.0 214.2 166.3 323.4 0.8 15 376.7 207.7 421.3 269.9
006464,0.7 12 109.1 74.8 258.2 376.3 0.9 14 118.3 73.5 252.2 374.4 1.0 14 221.1 2.0 442.4 374.9
006467,0.9 1 16.1 38.6 424.6 344.5 0.9 14 279.3 40.7 371.6 269.1
006469,1.0 6 124.4 166.9 187.9 203.9 1.0 14 184.5 152.6 226.9 285.1 0.6 13 111.9 192.9 186.4 283.1 0.7 13 66.9 213.5 123.0 278.7 0.9 14 120.6 182.5 176.9 282.7 0.9 13 157.1 208.7 234.9 284.2 1.0 14 87.4 160.1 121.6 234.7 0.5 13 149.3 205.8 190.6 283.8 0.8 14 163.1 200.1 202.7 283.7 1.0 6 3.9 163.6 68.6 227.6 0.8 13 67.6 210.3 137.4 280.0 0.8 13 113.2 208.4 170.1 283.6 0.7 14 76.8 159.7 121.3 276.7 0.7 14 214.8 206.8 245.2 278.6 1.0 14 234.9 206.0 307.8 307.6
006471,0.8 14 258.2 29.2 275.3 61.2 1.0 14 55.1 28.6 80.9 57.8 0.7 14 299.1 36.6 314.1 58.7 1.0 14 300.5 191.6 330.6 234.1 0.8 14 241.7 29.7 256.3 58.5 0.6 14 190.3 40.7 204.4 58.4 0.9 14 166.7 161.3 203.3 215.9 0.7 14 164.7 161.1 203.2 221.2 0.9 14 275.5 193.7 300.7 217.1 0.8 14 263.2 87.8 283.2 113.5 0.7 14 278.8 11.2 295.8 53.8
006477,0.9 8 3.9 324.5 47.6 400.4 1.0 14 120.7 218.6 176.3 454.1 0.6 14 4.8 268.0 47.7 329.5 1.0 14 79.6 209.4 131.8 468.3 0.8 14 4.6 268.2 48.8 396.1 1.0 8 204.1 267.3 256.6 429.6
006478,0.6 9 15.1 133.1 73.9 162.7 0.6 9 292.6 138.9 347.9 177.8 0.6 9 356.7 142.9 416.8 177.4
006479,0.0 0 0.0 0.0 10.0 10.0
006481,0.8 14 331.6 6.9 360.6 67.2 0.8 14 335.4 5.6 359.4 44.8 0.9 14 385.9 18.8 413.3 73.4 0.9 14 403.7 64.7 436.8 123.4 0.6 14 411.6 0.6 440.7 118.0 1.0 14 406.4 1.4 437.5 75.6 1.0 14 382.7 17.2 413.4 101.4 1.0 6 84.2 17.5 441.6 243.2 0.5 14 395.2 1.6 435.7 117.7 1.0 14 352.7 13.7 382.7 66.9
006485,0.8 5 204.4 99.5 285.4 173.9
006487,1.0 14 116.4 6.2 351.3 252.2
006489,0.9 14 99.3 65.2 349.0 252.0 1.0 14 332.2 51.3 499.8 251.7
006490,1.0 14 85.7 163.7 102.0 246.0 0.7 2 48.0 309.4 64.7 330.1 0.9 3 102.7 5.2 161.0 64.1
006491,0.6 16 296.1 12.6 359.5 48.1
006493,1.0 6 87.4 97.1 452.4 218.2
006494,0.7 7 0.8 96.1 179.0 496.5
006496,0.7 15 13.2 262.2 37.5 311.5 0.6 14 131.0 35.1 179.3 252.5
006498,0.7 7 1.7 45.0 163.1 498.5
006500,0.9 4 203.3 67.8 231.1 134.0 0.9 4 224.1 1.3 259.4 91.9 0.9 4 158.2 1.9 190.5 79.4 0.7 4 194.0 121.8 227.3 189.3 0.8 4 100.9 110.1 134.4 168.1 0.9 4 107.8 5.6 137.4 82.5 0.9 4 76.1 2.6 104.1 84.7 0.9 4 55.6 70.2 83.8 134.9 0.5 4 73.5 2.7 99.6 55.5 0.6 4 137.0 115.3 172.8 214.4 0.9 4 190.5 1.7 223.0 87.7 0.5 4 1.1 112.5 19.1 187.1 0.9 4 168.7 153.7 203.9 223.3 1.0 4 171.6 68.0 204.3 143.8 0.9 4 98.7 67.6 130.6 139.1 0.8 4 140.4 115.4 173.3 175.0 0.6 4 298.2 67.7 330.6 120.0 0.8 4 259.5 166.8 300.7 247.8 0.7 4 13.2 107.4 43.9 190.2 0.5 4 129.6 69.6 156.2 136.2 0.9 4 130.3 2.1 161.8 82.0 0.9 4 125.3 66.7 155.9 138.6 0.7 4 100.7 110.0 135.1 208.4 0.7 4 36.4 109.7 64.7 150.1 0.7 4 224.9 68.6 263.8 151.7 0.9 4 97.1 4.9 129.8 91.5 0.8 4 77.3 70.9 103.2 117.3 0.9 4 132.9 147.3 168.1 217.3 0.9 4 26.2 8.9 59.3 89.2 0.8 4 98.8 68.9 129.2 135.5 0.5 10 1.3 83.4 448.7 252.0 0.9 4 62.2 112.7 103.6 203.3 0.9 4 147.4 69.6 175.0 124.8 0.5 4 164.4 73.6 193.6 136.0 0.8 4 191.3 1.7 223.9 81.0 0.9 4 193.4 120.4 227.5 190.4 0.9 4 229.2 65.4 262.2 150.0 0.6 4 259.8 127.6 294.7 201.8 0.9 4 207.7 160.4 250.8 239.0 0.9 4 304.2 0.7 341.8 95.7 0.8 4 260.6 67.1 294.2 130.7
006502,1.0 6 47.3 86.1 359.6 221.9
006504,0.0 0 0.0 0.0 10.0 10.0
006505,0.9 14 132.9 5.2 321.1 169.9 0.7 14 2.8 18.1 189.9 156.8 0.9 14 2.7 4.8 321.7 160.7 0.6 14 61.8 19.8 141.2 79.3 1.0 14 260.4 6.3 496.9 169.8
006508,0.5 2 99.3 125.3 231.2 184.8 0.6 2 97.7 125.7 231.8 219.4 0.5 14 30.7 83.5 78.9 129.6 0.6 14 99.9 145.8 151.6 220.6 1.0 14 36.9 7.1 154.9 222.4 0.6 2 96.5 122.9 234.7 184.3 1.0 14 175.7 1.5 433.3 222.6
006510,1.0 6 63.3 77.0 351.6 195.5
006511,0.0 0 0.0 0.0 10.0 10.0
006513,0.5 18 90.7 299.0 168.5 377.5
006514,0.7 14 118.8 204.8 161.1 422.5 1.0 14 60.7 203.8 160.6 429.8 0.7 12 76.2 295.0 152.3 444.2
006516,0.8 4 275.6 32.7 292.5 62.0 0.5 17 285.3 144.0 404.0 251.8 1.0 8 35.8 151.0 167.2 250.5 0.9 8 282.9 145.0 402.9 249.9
006517,0.5 14 301.5 150.8 337.1 214.1 0.6 14 1.6 171.7 53.2 248.5 0.9 14 2.0 171.1 102.5 251.8 1.0 14 221.4 99.4 313.2 226.5 0.7 14 2.0 163.4 106.0 252.0 0.9 14 220.0 183.9 289.4 250.1 1.0 14 283.5 153.0 453.6 250.8
006518,0.6 13 1.6 18.7 439.1 275.4
006521,0.9 12 192.9 147.1 258.7 265.6 1.0 14 182.7 96.4 266.3 205.5
006522,0.8 12 32.7 61.4 441.4 283.4
006525,1.0 6 0.9 310.4 113.0 431.1
006526,0.6 7 59.3 88.4 500.4 252.6
006527,1.0 14 246.8 2.7 266.9 32.8 0.6 14 244.1 3.2 493.0 237.7 1.0 6 1.6 9.6 96.0 40.4 0.9 14 146.1 2.8 162.7 32.5 1.0 14 139.3 3.6 157.7 32.8 0.9 6 328.5 14.9 414.5 49.1 1.0 6 328.5 13.1 456.8 52.7 0.8 14 128.2 4.9 146.1 32.2 1.0 14 96.0 1.0 117.4 32.9 0.9 14 92.6 0.9 112.7 30.8 0.9 14 112.3 2.8 126.6 31.8 0.6 12 73.4 28.7 489.7 247.2 0.9 14 125.7 4.4 142.6 32.5
006528,0.0 0 0.0 0.0 10.0 10.0
006531,0.5 13 188.7 171.3 211.9 199.6 0.8 14 165.1 153.3 210.6 186.6 0.9 14 188.6 154.9 211.2 190.6 0.6 14 33.7 180.9 48.5 200.5
006533,0.9 0 198.6 111.8 355.0 139.9
006535,0.9 2 42.7 25.8 119.4 317.2 0.9 2 133.2 187.4 224.8 445.0 0.9 2 136.0 185.8 198.8 371.8
006537,0.7 11 100.5 97.7 411.5 216.7 0.6 11 149.6 9.2 498.8 211.2
006539,0.8 14 2.3 27.7 150.5 99.3 0.7 14 3.0 2.7 157.1 99.9 0.7 4 192.6 161.8 217.8 184.1 0.5 14 2.3 74.6 439.5 250.5 0.9 14 1.7 30.1 210.2 251.5 0.8 4 108.7 31.8 163.0 99.0 0.9 14 114.6 73.9 399.3 249.5 0.8 14 2.8 72.7 397.8 249.0 0.8 4 294.1 152.7 319.2 184.2 0.7 14 234.6 74.8 401.6 192.8 0.7 14 232.1 74.7 399.7 183.1 0.9 4 233.3 117.7 277.7 179.9 0.5 14 119.0 74.1 439.3 250.1
006540,1.0 14 97.0 140.3 142.0 328.7 1.0 12 52.2 187.9 178.0 388.5
006541,0.8 8 1.1 161.1 49.1 212.6 0.9 8 130.4 175.0 180.6 212.4 0.7 8 14.9 146.1 56.8 207.0 0.7 10 1.3 152.3 49.5 208.5 0.5 8 111.9 149.1 179.9 209.4 0.7 8 173.6 159.3 230.8 212.6 0.7 10 93.0 151.5 224.7 210.8 0.9 8 130.8 149.7 181.7 211.4 0.8 8 77.8 161.2 118.5 208.7 0.6 8 195.7 160.1 232.9 209.8
006544,1.0 14 283.5 77.6 335.0 166.4 0.6 14 239.7 72.5 283.1 125.5 1.0 14 236.7 69.3 286.5 160.4 0.8 1 56.8 195.7 322.4 335.9 0.7 14 226.0 69.9 285.8 304.9 1.0 14 78.9 45.0 247.3 334.5
006545,0.8 7 77.8 6.3 362.7 176.8
006546,0.5 4 222.9 99.1 244.1 132.1 0.6 8 243.4 73.1 275.1 109.5 0.9 14 115.7 54.5 144.9 93.7 0.9 8 1.2 170.9 50.9 250.0 0.8 14 314.3 80.8 398.4 248.0 1.0 14 69.6 28.5 108.1 94.5 0.9 8 357.1 169.6 402.9 250.6 1.0 14 272.2 57.5 342.0 153.5 0.9 14 111.8 56.3 149.9 114.2 1.0 14 78.0 61.9 147.9 139.4 1.0 14 2.1 75.8 131.4 210.2 0.9 10 31.4 109.5 378.7 249.4 0.8 4 162.2 104.4 177.7 140.3 0.9 4 169.2 129.7 190.8 188.3 1.0 14 176.8 32.8 223.8 95.5 0.9 14 232.6 57.0 337.4 154.6 0.6 10 30.3 150.0 381.3 246.7 1.0 14 310.6 79.5 401.0 215.7 0.9 4 241.5 121.3 264.7 166.2 1.0 14 253.2 56.4 301.8 121.2
006552,0.9 14 82.6 115.9 125.4 169.4 0.6 14 144.7 111.4 197.9 168.0
006554,0.0 0 0.0 0.0 10.0 10.0
006555,0.6 12 1.6 15.7 403.7 241.1
006557,0.0 0 0.0 0.0 10.0 10.0
006558,0.5 11 0.5 63.6 279.7 225.2
006559,1.0 14 30.2 97.9 166.8 477.7
006561,0.7 14 178.1 4.9 375.5 141.2 0.9 13 53.0 52.2 446.7 206.8 0.9 14 177.9 5.3 374.3 168.4
006563,0.9 14 120.0 218.8 154.0 326.9 0.6 14 117.8 218.5 156.9 401.9
006566,0.7 12 26.4 37.0 139.3 229.7
006567,0.9 6 156.0 107.8 246.0 136.8 0.8 13 235.8 121.7 384.4 203.6 0.8 13 28.1 123.0 90.1 163.0 1.0 14 79.0 99.7 112.8 187.2 1.0 14 290.6 123.1 341.0 188.0 0.9 14 111.4 127.0 155.1 194.6 0.8 13 150.4 123.5 244.8 192.7 0.6 13 147.8 126.1 212.3 185.8 1.0 14 246.4 96.4 283.9 143.5 1.0 14 50.7 108.7 82.0 148.3 0.9 14 14.2 117.3 40.7 150.4 0.9 14 83.9 127.6 117.8 186.4 1.0 14 111.2 98.0 155.3 194.3 0.6 13 57.7 128.7 97.4 164.9 0.7 13 184.5 123.4 294.5 199.6
006568,0.8 11 1.5 72.1 243.3 444.1
006571,0.6 11 24.7 64.0 329.0 163.8 0.7 11 186.0 112.9 459.9 252.1
006573,0.5 9 46.1 1.8 374.5 252.3
006574,1.0 14 364.9 113.3 453.6 249.5 0.8 19 68.2 74.7 132.5 122.2 1.0 14 1.7 99.8 112.5 247.9 1.0 14 90.5 39.1 328.6 250.4
006577,0.9 14 307.8 102.1 334.6 150.3 0.6 0 4.1 72.3 423.1 278.3 0.6 0 3.8 72.3 299.7 271.5
006579,0.6 9 8.3 38.4 93.7 132.2 0.6 9 51.8 41.1 94.2 127.0 0.6 9 97.1 46.4 131.2 120.6 0.5 16 112.5 255.5 142.6 320.0
006580,0.9 14 145.0 124.0 181.1 209.9 0.6 12 97.4 166.5 158.1 218.3 0.6 12 1.5 159.0 68.7 281.4 1.0 14 367.0 146.3 411.5 217.8 0.7 14 65.4 130.6 80.8 161.1 1.0 14 221.0 132.1 235.7 162.4 0.5 12 156.8 181.9 187.2 238.5 1.0 14 144.9 123.6 182.7 237.1 1.0 14 84.2 135.1 100.5 170.3 0.5 12 101.7 172.5 156.3 218.8 0.9 14 1.0 126.0 13.4 168.0 1.0 14 10.0 115.8 82.3 282.5 1.0 14 174.7 122.0 237.0 260.0 0.5 12 176.1 159.1 236.6 247.1 1.0 14 268.8 131.7 304.6 220.7 1.0 14 306.7 133.4 321.9 165.3
006581,0.9 13 57.3 332.8 116.4 469.0 0.9 6 69.9 212.6 85.3 232.8 1.0 6 50.4 211.2 67.3 232.1 0.9 6 86.7 208.4 98.4 235.7 0.9 13 118.7 313.5 192.3 482.7
006582,0.0 0 0.0 0.0 10.0 10.0
006586,1.0 14 207.6 50.1 292.3 219.7 0.9 12 59.8 118.3 417.9 251.2
006589,0.7 12 187.7 99.5 299.9 168.2
006590,0.9 6 2.1 2.7 487.3 227.7
006591,0.9 14 220.3 100.7 239.3 128.2 0.6 14 184.0 100.1 204.8 153.8 0.9 14 184.2 99.6 208.3 141.6 0.7 14 207.7 101.5 227.3 138.5 0.6 12 219.7 124.1 348.1 220.1 1.0 14 191.3 100.9 223.2 141.4
006592,0.8 14 259.3 119.3 276.1 139.4 0.6 0 58.9 23.6 441.0 159.6 0.7 0 -0.3 10.1 442.6 164.2 0.6 0 1.7 94.0 150.8 152.5 0.6 0 83.4 15.8 442.0 163.3 1.0 14 191.0 125.1 211.3 164.7
006594,0.7 1 0.7 192.1 54.8 333.8 0.9 1 174.0 215.3 220.3 316.1 0.5 14 57.1 169.2 90.1 260.7 0.9 14 0.6 167.6 21.0 330.7 1.0 14 59.3 134.9 159.9 385.6 0.6 14 193.4 172.2 220.5 284.9 0.7 1 0.9 203.5 56.0 276.9 1.0 1 49.7 132.1 170.5 295.3 0.9 14 175.1 171.2 220.5 338.4
006596,0.9 7 11.8 72.2 445.2 248.4
006598,0.6 11 1.7 105.1 191.3 241.6 0.9 14 80.9 0.7 443.6 248.2 0.5 11 76.2 105.2 442.5 250.6
006600,0.0 0 0.0 0.0 10.0 10.0
006601,0.9 5 116.0 67.9 319.6 193.1
006604,0.6 3 107.2 135.9 135.5 144.9 0.9 3 23.3 85.6 92.7 147.0 0.7 3 141.8 122.6 182.8 141.4 0.9 3 205.7 118.1 238.3 145.1 0.6 3 41.5 86.1 86.1 146.0 0.9 3 336.4 98.5 373.5 147.0 0.6 3 171.9 131.7 210.7 143.7 0.9 3 250.4 130.2 290.7 144.0 0.8 3 376.6 114.8 420.9 146.5
006607,0.6 4 298.7 -0.6 445.7 137.8 0.5 4 164.0 0.5 216.2 88.6
006608,0.6 14 272.8 1.1 325.0 78.4 1.0 14 229.2 0.9 277.2 127.0 0.5 1 330.7 19.4 431.9 95.3 1.0 14 271.8 1.0 323.8 119.6 0.8 1 323.2 46.8 403.1 96.2 1.0 14 327.4 0.6 398.4 103.9 0.7 14 233.0 1.5 312.5 147.4 1.0 1 25.0 38.9 387.1 205.1 1.0 14 351.7 -0.1 449.3 245.3
006613,0.9 13 316.6 110.8 438.2 181.1
006614,0.9 14 114.6 276.2 216.6 500.6
006615,1.0 14 3.4 12.4 311.4 245.7
006616,0.6 4 34.9 205.5 179.2 451.3 0.5 4 80.1 268.3 140.4 355.3 0.7 4 41.0 279.5 143.9 450.9 1.0 14 29.6 71.5 246.3 453.0 0.7 14 57.8 71.5 247.8 452.1
006620,0.8 14 150.7 -0.3 216.2 291.7
006623,0.9 14 22.7 113.4 118.3 264.5 0.9 14 2.6 112.0 120.0 437.3 0.9 12 96.9 112.6 181.0 424.2
006624,1.0 14 210.2 155.0 265.3 247.7 0.9 14 99.8 96.0 169.5 184.2 0.8 14 333.4 83.9 383.1 201.8 0.8 14 100.1 95.2 168.2 238.0 0.9 14 1.6 2.4 94.1 251.6 0.9 14 101.7 96.2 160.6 150.7 0.7 10 80.8 146.6 428.2 245.4 1.0 14 332.7 84.4 387.8 247.8 1.0 14 267.6 97.7 353.1 250.0 0.8 14 332.5 82.9 379.6 159.3
006629,1.0 14 20.8 86.7 63.3 140.0 1.0 14 119.9 95.5 201.6 222.8
006630,0.9 8 362.1 145.5 443.1 250.7 0.9 19 226.1 30.7 366.7 141.5 0.5 10 21.0 139.7 373.5 220.0 0.9 14 382.8 0.6 409.1 40.3
006633,1.0 14 203.3 49.9 399.7 250.5 0.7 19 142.8 0.1 441.4 90.9
006634,1.0 6 131.8 145.1 398.2 222.2
006639,0.8 2 74.2 51.3 288.4 158.9
006640,0.7 2 19.1 21.2 123.9 463.2 0.5 2 117.4 44.2 201.8 498.4
006641,0.9 7 1.9 0.7 357.3 250.6
006642,0.9 2 131.3 109.2 274.0 173.4
006644,1.0 14 194.7 53.5 275.4 250.2 0.8 19 1.5 -0.0 92.6 76.7 0.8 14 117.5 29.3 149.7 70.3 1.0 14 119.6 64.1 210.7 250.8 0.9 19 11.2 138.2 110.3 227.1 1.0 14 249.4 50.4 335.0 250.3
006646,0.6 12 57.6 352.7 110.5 446.9 0.9 14 107.9 259.7 161.0 439.9 0.9 14 138.5 262.0 196.2 396.6 0.9 15 78.9 229.9 108.1 327.3 0.9 14 34.0 239.3 85.2 441.7 1.0 14 37.1 241.5 85.1 361.0 0.7 12 124.8 351.9 207.3 443.2 0.6 15 188.0 218.2 224.0 266.9
006649,0.0 0 0.0 0.0 10.0 10.0
006650,0.0 0 0.0 0.0 10.0 10.0
006651,0.7 0 1.5 64.4 429.1 207.3 0.8 0 1.9 87.9 429.0 206.0 0.9 6 44.3 94.2 77.6 107.5
006653,0.9 14 0.9 154.2 16.4 197.9 1.0 6 26.7 69.2 435.8 238.1
006655,0.6 11 0.9 159.7 213.7 494.4 0.7 11 32.1 163.3 213.4 388.7
006656,0.7 14 1.8 1.1 419.9 252.6 0.5 14 2.1 1.1 336.9 253.9 0.7 14 2.2 1.3 264.9 253.2 0.8 14 256.1 37.8 418.9 250.7 0.6 14 254.4 0.9 419.2 250.6
006659,0.9 3 146.7 64.6 191.0 205.2 1.0 14 180.3 125.5 247.4 251.3 1.0 14 213.8 139.1 332.3 251.8 0.6 12 215.2 162.4 327.4 252.0 1.0 14 336.1 95.7 419.9 251.8
006662,0.7 8 333.4 135.1 415.6 250.3 1.0 14 221.6 62.3 301.4 189.1 0.9 8 30.0 169.2 178.8 252.3 1.0 14 35.1 86.2 161.0 251.7 0.9 10 146.1 170.4 416.9 250.3 1.0 4 259.4 128.9 291.5 208.9
006663,0.7 14 1.7 107.5 166.5 209.7 1.0 14 349.7 39.4 500.1 181.1 0.6 14 57.1 9.2 107.7 53.0 1.0 14 56.2 10.8 166.0 117.0 0.6 14 210.8 10.6 292.3 112.0 0.5 14 7.4 40.8 91.8 164.5 0.9 14 331.3 11.1 450.4 98.6 1.0 14 92.8 7.3 167.3 108.1 1.0 14 9.2 41.1 189.5 210.1 0.9 14 398.7 15.4 447.7 43.4 0.9 10 141.1 64.1 497.3 206.4 0.6 14 11.0 41.3 188.0 178.1 1.0 14 224.5 8.8 289.5 65.9 1.0 14 330.9 7.0 403.9 79.1
006665,0.0 0 0.0 0.0 10.0 10.0
006669,1.0 14 14.0 86.9 47.6 137.5 0.5 18 19.8 52.3 463.5 220.0
006672,1.0 14 101.1 9.8 169.0 82.7 0.9 12 78.5 24.9 182.9 146.2
006675,0.8 7 30.9 81.6 387.1 167.1
006676,0.9 8 42.0 152.8 152.3 277.7 1.0 19 207.1 146.8 269.8 214.6 0.6 8 199.2 147.2 275.0 314.3 0.7 8 36.4 153.1 150.6 373.8 0.7 17 288.6 163.8 444.6 345.4 0.5 17 41.8 151.6 153.4 278.2 0.6 8 290.5 163.7 444.4 357.2
006680,0.0 0 0.0 0.0 10.0 10.0
006683,0.7 2 348.6 123.0 444.4 371.7 0.5 2 349.0 198.2 447.3 372.9 0.6 2 20.7 17.8 304.5 372.0 0.8 2 22.0 18.1 304.9 363.1 0.5 2 21.1 17.4 398.5 371.4
006685,1.0 6 44.0 139.7 417.7 321.7
006686,0.8 14 130.6 144.3 319.2 363.7 0.9 14 128.6 158.1 205.7 286.1 0.9 17 2.4 148.1 426.9 372.1 1.0 14 15.4 159.3 206.8 342.8 0.9 14 133.0 145.1 382.9 366.7 0.9 17 4.1 149.6 424.6 373.2
006688,0.5 2 161.3 42.3 211.8 91.5 0.9 7 62.9 50.9 441.3 296.0 0.5 19 89.1 222.0 427.3 373.7
006691,0.8 15 50.7 81.8 227.0 328.0 0.8 15 42.6 8.5 218.6 327.7 0.9 15 52.1 84.8 223.5 327.6 0.9 15 45.0 59.2 216.9 327.4 0.5 15 29.7 3.2 213.2 328.6 1.0 15 254.2 102.0 398.8 305.9 0.8 15 256.3 97.5 441.3 311.1
006692,0.9 14 2.0 1.7 284.7 331.9
006693,0.9 14 247.5 53.6 264.6 74.0 0.6 14 309.6 52.4 324.9 83.1 0.9 14 228.1 55.4 253.5 77.4 0.7 14 36.8 59.1 61.9 86.9 0.8 14 368.8 45.8 387.6 61.0 0.9 14 484.7 34.5 499.9 56.5 0.9 6 312.4 54.1 397.8 85.2 0.6 14 220.6 52.6 235.6 67.1 0.7 14 459.5 42.4 475.1 54.8 0.7 14 205.9 55.7 221.5 66.8 1.0 14 88.0 54.0 116.5 86.7 0.9 14 358.3 45.5 383.7 66.9 0.8 14 434.2 39.3 454.0 56.2 0.9 14 434.5 38.8 454.5 55.8 1.0 14 33.5 59.0 63.2 107.8 1.0 14 1.1 61.4 31.3 113.8 0.8 14 173.6 55.4 189.5 66.0 0.5 14 95.1 53.9 120.1 82.3 0.6 14 94.0 54.5 118.9 85.0 1.0 6 65.4 63.6 289.3 145.8 0.9 6 25.8 70.0 100.6 112.1 1.0 14 271.2 50.4 301.9 100.6 0.8 14 302.8 52.0 321.4 96.7 1.0 6 300.7 50.8 500.2 124.2 0.8 14 349.9 47.2 373.5 78.5
006700,0.5 15 236.5 118.4 340.1 209.5 0.9 14 177.7 122.1 233.3 171.2 0.6 15 147.8 113.2 344.6 214.2 0.7 15 145.4 2.4 349.8 221.0 0.7 15 163.8 111.6 347.7 231.3
006701,0.9 1 0.5 203.7 91.3 480.1 0.7 13 1.9 150.6 250.3 477.8 0.6 1 0.7 202.3 88.2 346.4
006705,0.6 19 43.7 21.4 181.8 128.9 0.8 17 345.6 104.5 486.5 188.5 0.8 8 93.7 115.6 272.5 239.6 0.7 19 211.1 44.7 263.2 114.2 1.0 14 191.6 131.3 286.2 189.2
006710,1.0 14 207.2 55.6 278.8 249.5 0.6 14 14.1 12.6 93.1 109.9 0.9 14 469.6 89.7 500.0 151.4 0.5 14 413.7 67.8 464.0 144.2 1.0 14 107.4 36.2 225.5 250.9 0.7 14 214.0 52.4 414.7 250.6 1.0 14 410.0 68.7 464.4 171.2 0.7 14 14.6 11.4 106.8 109.9 1.0 14 258.5 43.3 416.3 249.4
006711,0.5 6 382.3 56.9 500.0 239.3 0.5 6 210.1 52.7 500.0 248.4
006712,0.9 15 34.2 43.3 213.0 441.4
006713,0.8 14 155.4 257.5 203.0 498.5 0.6 12 69.3 142.8 176.6 463.6 0.9 6 216.8 269.4 249.2 293.0 1.0 14 8.4 254.3 98.9 499.5 1.0 14 89.9 211.8 196.5 499.0 0.8 14 29.9 272.7 42.4 306.3
006715,0.0 0 0.0 0.0 10.0 10.0
006716,0.9 2 128.4 84.6 276.6 174.7 0.9 2 50.3 113.1 128.7 213.3 0.9 2 205.8 107.4 361.9 196.2
006717,1.0 6 115.6 139.8 184.3 169.8 0.9 6 273.1 114.9 322.3 142.3
006720,0.7 1 18.7 90.5 184.9 220.5 0.8 1 51.2 89.7 181.2 169.4 0.8 1 19.6 95.0 178.1 257.6
006721,0.6 4 265.4 104.4 311.9 153.8 0.5 8 193.8 8.8 276.0 95.4 0.6 8 330.9 38.9 403.8 137.5 0.9 10 2.2 55.9 402.6 272.7 0.5 8 182.9 7.4 224.2 79.1 0.7 8 212.5 19.3 276.1 99.7
006723,0.9 5 43.0 37.5 456.1 138.7
006724,1.0 6 96.5 98.8 407.9 209.0 0.8 6 255.1 43.6 384.8 98.7
006728,0.6 12 112.3 81.5 204.1 241.6 0.8 12 116.4 -0.5 395.6 276.4
006729,1.0 14 58.3 22.3 234.2 332.3
006732,0.6 4 327.9 1.7 410.9 164.5 0.7 4 397.0 18.8 444.0 222.5 1.0 14 1.3 2.7 440.1 373.5 0.8 4 335.6 2.0 411.4 144.4
006733,0.7 6 309.9 107.1 443.6 223.5 0.6 6 0.2 41.4 438.1 370.0 0.6 4 4.1 52.4 215.2 331.7 0.9 6 1.5 38.7 312.9 326.0 0.6 6 1.8 41.9 441.1 314.4 1.0 6 256.4 88.8 443.9 223.4 0.5 6 2.3 43.8 314.0 368.5
006737,1.0 14 219.4 34.4 385.1 277.7 1.0 1 251.6 176.9 355.7 314.0
006741,1.0 6 62.6 151.1 331.8 316.1
006742,1.0 19 5.2 141.7 153.5 315.8
006743,0.7 8 0.9 194.8 26.3 340.6 0.6 15 57.9 6.6 160.6 133.8 0.9 19 79.1 166.3 160.2 293.1 0.6 4 74.0 97.4 88.9 143.1 0.5 7 213.9 273.3 289.4 307.7
006744,1.0 14 133.0 123.1 333.3 374.9 0.6 14 78.5 0.1 391.0 313.7 0.7 14 0.8 1.6 440.1 374.5 0.8 14 76.1 1.9 443.9 374.8 0.6 14 135.8 122.2 438.1 374.9
006745,0.5 17 97.1 109.3 447.2 213.0 0.5 17 154.1 118.4 444.6 213.6 0.6 17 154.6 109.9 446.6 213.5
006746,0.8 14 289.2 57.1 327.2 103.1 1.0 14 228.6 62.5 271.2 141.3 0.9 14 107.7 24.4 243.3 216.3 0.9 14 229.1 73.7 265.1 144.9 0.9 14 261.9 61.8 288.5 124.1
006749,1.0 6 24.4 64.6 337.7 201.2
006750,0.9 15 170.8 29.6 198.9 52.9 0.5 4 31.7 83.9 82.2 167.3 0.8 8 258.3 74.8 315.7 171.1
006752,0.9 0 169.4 92.1 225.0 142.8
006754,1.0 6 21.3 29.6 390.7 190.9
006756,0.8 12 52.6 169.6 122.2 314.3
006757,1.0 14 217.2 21.2 250.9 57.5 0.5 14 30.5 31.1 42.7 54.1 0.6 6 183.4 21.6 228.4 42.9 1.0 6 1.0 41.1 45.1 110.0 0.7 14 80.4 33.0 90.8 54.0 0.7 6 289.4 0.7 400.3 70.8 0.8 6 93.0 22.0 163.4 47.8 0.9 14 1.1 23.7 14.6 45.1 1.0 6 50.5 41.2 317.8 203.9 1.0 14 43.1 30.5 64.4 76.2 0.6 14 182.0 27.1 194.2 38.7 0.6 14 31.8 32.0 46.6 71.5 0.8 6 283.1 1.6 403.4 157.9
006758,0.9 0 134.4 83.0 204.3 121.3
006763,0.8 18 9.7 103.7 334.4 252.7
006764,0.6 17 21.9 99.0 445.3 372.9 0.5 17 22.1 194.5 444.6 373.8 0.9 17 24.3 165.0 440.4 369.5
006767,1.0 14 221.1 129.9 288.1 321.5
006770,0.5 9 396.4 151.5 446.1 234.5 0.6 9 165.2 153.6 229.2 187.7 0.6 9 67.9 154.3 165.2 216.2 0.5 12 197.8 155.5 348.3 300.7
006771,0.7 4 252.7 184.9 275.1 249.7 1.0 14 357.5 105.2 500.1 332.4 0.8 4 315.7 174.1 335.2 222.9 1.0 14 118.1 63.1 215.3 216.0 0.8 14 422.6 0.7 499.1 153.4 0.8 19 272.3 48.3 335.6 117.8 0.8 14 1.7 76.3 133.4 332.6 1.0 14 215.6 63.3 294.5 199.9 0.5 14 117.9 66.2 227.9 332.0 0.9 14 2.2 77.7 213.3 333.0 1.0 10 113.0 173.4 395.7 333.0 0.9 14 350.4 65.9 411.9 235.1 0.7 4 250.1 217.1 269.6 257.4 0.9 14 350.8 65.1 409.9 188.3
006774,0.8 7 10.5 120.0 379.0 288.4
006775,0.7 1 55.5 168.0 212.1 332.6 1.0 1 100.5 169.6 215.9 332.4 0.6 1 98.9 169.1 189.4 333.1 1.0 14 94.9 10.3 240.0 290.7
006776,0.8 2 123.1 130.0 180.2 170.6 0.6 14 148.5 1.1 181.9 41.0 0.5 2 122.4 91.3 151.6 130.4 0.7 2 70.0 95.1 113.7 126.9 0.8 14 182.6 1.0 214.8 31.8
006778,0.6 11 164.8 18.7 330.2 249.4
006779,1.0 14 216.1 14.5 355.2 104.5 0.6 14 179.8 15.8 355.4 127.0 0.8 12 1.6 27.4 450.0 201.4
006780,1.0 14 38.4 19.5 190.4 455.6
006785,1.0 6 10.5 56.6 413.8 207.1
006787,0.9 14 93.3 19.0 168.2 229.6 0.8 14 87.1 148.1 207.6 435.1 0.9 14 21.5 85.0 103.8 285.4 0.6 14 20.7 85.6 100.0 329.3 1.0 14 21.1 87.1 132.3 440.1 0.7 14 20.4 88.1 108.1 437.1 0.8 14 86.8 19.0 205.7 431.7 0.8 14 95.0 19.4 204.8 302.0 0.6 14 108.6 149.5 204.9 301.2 0.9 14 164.3 1.4 193.2 111.9
006788,0.7 14 149.7 91.0 209.7 198.0 0.6 12 156.3 103.0 213.4 203.3 0.5 14 116.3 82.9 162.5 128.8 0.9 14 117.0 82.7 166.1 198.9 1.0 14 72.5 71.9 147.5 249.3
006790,1.0 6 259.8 124.8 467.8 204.0
006791,0.6 11 60.0 16.3 462.5 250.2
006792,0.8 14 51.7 0.8 83.1 84.7 1.0 14 88.8 168.8 169.9 439.5 0.6 10 79.3 49.3 151.4 156.9 0.8 8 143.0 36.1 217.1 177.0 0.9 14 0.8 3.7 31.5 144.0
006793,1.0 14 108.1 7.4 188.6 114.2 0.9 12 111.5 20.8 178.3 154.9
006795,0.0 0 0.0 0.0 10.0 10.0
006796,0.7 13 169.4 33.0 272.8 77.7 0.8 13 415.7 20.7 489.0 75.7 0.7 13 390.6 19.6 487.2 76.4 0.5 13 354.5 31.4 404.2 74.9 0.7 13 391.2 23.2 446.9 75.1 0.7 13 2.1 23.1 90.3 78.9 0.7 13 360.6 32.3 404.4 75.6 0.8 13 121.0 24.1 174.2 80.0 0.5 13 78.6 27.5 136.2 78.7 0.7 13 1.5 22.6 54.4 77.0 0.6 13 438.3 24.6 487.6 74.9 1.0 14 146.6 30.9 343.9 218.6 0.8 14 236.8 31.4 343.9 214.8 0.8 13 134.3 80.4 347.7 229.6 0.7 13 34.3 23.6 117.7 78.9 0.7 13 327.7 33.4 372.4 76.3
006798,0.6 14 81.9 49.8 141.9 298.1 0.6 4 200.5 407.1 221.6 466.3 0.9 19 156.6 222.2 197.1 294.6 0.6 14 1.9 27.3 139.6 495.7 0.8 14 2.0 44.1 247.8 500.3
006801,0.0 0 0.0 0.0 10.0 10.0
006804,1.0 14 156.7 140.9 192.6 286.0 1.0 14 105.4 261.1 175.6 459.2 1.0 14 121.3 182.8 165.9 296.3 0.5 12 171.4 265.3 251.7 498.4 0.6 12 177.1 187.3 250.3 496.8
006807,0.0 0 0.0 0.0 10.0 10.0
006809,0.8 14 106.6 71.8 273.1 250.1 1.0 14 105.3 71.4 271.9 282.7 0.7 12 193.1 30.6 345.8 283.7 0.7 12 198.1 175.6 345.3 284.6
006811,1.0 14 94.7 10.8 162.9 109.7 0.9 12 91.8 39.3 163.1 163.3
006812,0.6 2 35.3 52.6 312.1 279.7 0.7 2 149.4 133.7 244.6 279.9
006815,0.6 9 119.9 65.1 233.6 163.5 0.5 9 50.2 64.8 232.6 164.8 0.7 9 50.2 67.0 172.8 164.3 0.6 9 218.3 90.3 430.7 178.1
006816,0.5 10 114.7 232.2 201.2 297.9 1.0 8 22.6 222.4 180.1 495.2
006817,0.9 8 152.3 83.3 195.4 148.0 0.6 8 58.9 106.5 141.4 164.5 0.6 8 173.6 144.1 275.1 249.1 0.8 10 169.1 133.9 429.5 251.0
006818,0.9 7 200.7 109.4 445.8 250.3
006820,0.6 7 1.4 1.4 425.4 374.0 0.6 7 2.7 27.8 179.3 372.7 0.6 7 200.8 152.6 318.3 373.2
006823,1.0 14 149.3 50.8 295.2 326.6 0.9 13 42.1 155.5 368.3 368.4
006826,0.7 10 75.3 146.2 236.2 240.3 1.0 8 194.8 153.6 242.7 251.4 0.8 8 95.7 147.9 150.9 264.5 0.7 8 193.0 155.7 238.7 249.7 0.6 10 94.1 144.7 235.9 199.2 0.8 8 136.2 143.8 182.0 247.5 0.8 10 112.8 146.9 234.4 236.6 0.9 8 95.1 146.6 151.4 323.2 0.6 8 231.7 143.9 309.0 247.1 0.7 10 3.5 143.4 240.6 374.3 0.7 17 247.1 195.2 427.6 372.5 0.7 17 257.3 136.6 426.8 250.4 0.8 8 247.1 197.7 427.6 375.2
006830,0.6 14 127.1 109.6 162.1 172.0 0.5 14 152.6 91.2 242.5 373.7 0.6 14 85.0 121.8 202.8 300.1 0.6 8 358.5 225.7 413.3 374.2 0.8 14 86.6 133.4 135.0 224.7 1.0 14 88.1 121.4 236.3 375.1 0.7 14 1.3 95.0 75.6 210.1 0.6 14 82.1 120.7 195.4 373.8 0.5 14 162.5 92.7 240.4 298.6 0.6 14 2.6 120.1 229.2 374.9 0.9 14 1.3 93.9 96.0 374.3 0.7 14 202.7 129.5 318.7 373.5 1.0 14 203.8 129.2 387.9 374.0
006831,1.0 1 12.7 60.9 407.4 343.6
006832,0.0 0 0.0 0.0 10.0 10.0
006834,0.7 2 2.7 27.0 216.1 360.5 0.9 2 167.7 31.9 365.5 362.0
006837,0.6 2 27.2 194.6 64.6 240.1
006843,0.7 15 224.1 92.2 257.6 171.9 1.0 14 208.6 102.3 235.4 182.1 0.5 15 149.2 135.9 168.6 174.7 0.8 15 49.0 112.4 71.4 139.9 0.8 15 174.6 136.6 202.4 177.7 0.8 15 118.5 105.4 143.7 136.6 0.7 15 352.0 103.0 386.8 142.6 0.9 15 245.2 138.7 276.1 178.1
006846,0.6 12 68.2 89.8 219.1 472.6
006851,0.7 2 50.5 127.9 65.1 148.7 0.6 2 62.4 105.4 72.7 123.0
006853,1.0 6 13.0 42.5 436.1 245.8
006854,0.8 14 1.0 7.1 51.3 85.2 0.9 14 176.2 12.6 187.7 37.5 0.9 14 1.1 6.3 51.6 118.3 1.0 6 0.1 15.8 251.3 428.8 0.9 6 210.2 16.7 250.0 82.9
006856,0.5 14 33.2 117.6 166.1 418.3 1.0 14 30.9 116.2 168.5 468.6 0.8 14 158.2 112.3 248.1 429.8 0.7 14 147.8 113.0 249.3 498.6
006857,1.0 14 444.1 91.4 499.8 250.5 0.9 14 43.8 110.1 65.0 134.0 0.8 12 73.1 100.0 170.0 250.7 1.0 14 143.8 79.2 262.6 251.7 0.6 14 44.2 108.7 66.2 169.3 0.5 5 281.7 52.1 456.5 249.6
006861,0.6 15 218.2 112.6 266.0 173.3 1.0 14 369.6 0.7 499.4 252.2 0.8 15 173.4 108.8 265.9 205.3 0.6 15 184.9 145.5 255.1 205.0 1.0 15 261.0 138.7 317.1 182.9 0.9 15 308.1 93.1 353.2 121.7
006863,1.0 14 196.2 75.2 256.6 111.6 0.6 12 373.8 84.9 500.2 184.7 1.0 14 411.9 79.0 469.2 127.4 0.8 12 136.3 91.6 289.3 178.8 0.8 12 246.3 84.4 403.1 190.5 1.0 14 301.0 79.2 358.0 131.2
006870,0.6 7 1.8 8.5 442.7 212.1
006871,0.8 7 182.0 35.6 499.2 222.1
006872,0.6 14 79.5 54.8 337.2 248.2
006873,1.0 14 159.3 36.0 241.9 131.1 0.8 12 51.4 63.0 310.7 182.9
006875,1.0 14 81.0 66.8 182.9 267.7 0.9 12 94.8 66.1 172.2 393.3
006877,0.0 0 0.0 0.0 10.0 10.0
006879,0.9 14 20.0 60.8 55.7 209.6 1.0 14 25.6 86.1 139.1 443.2 0.9 14 0.8 128.7 13.6 192.5 1.0 14 113.2 78.9 211.2 447.0 1.0 14 19.4 56.8 56.5 307.2 0.6 14 6.0 127.6 18.3 186.5
006881,0.0 0 0.0 0.0 10.0 10.0
006882,0.8 14 50.3 180.0 164.4 351.3 0.5 6 123.6 97.7 427.2 313.5 0.9 14 375.7 96.1 395.8 120.1 0.5 6 110.6 96.5 426.6 295.1 1.0 14 53.8 125.7 165.0 351.0 0.8 14 9.9 125.7 164.6 350.5 0.7 14 56.3 126.4 127.7 218.5 0.8 6 124.3 98.9 428.0 312.2 0.9 14 226.5 190.2 357.4 374.8 1.0 14 340.3 99.3 366.7 133.4
006885,0.6 1 244.7 175.6 294.1 212.4 0.7 1 134.5 178.7 171.4 208.3 1.0 14 115.1 157.6 131.6 182.2 0.9 14 6.5 170.7 22.8 196.6 1.0 14 145.7 168.3 164.8 201.3 0.5 13 111.0 165.4 130.9 185.0 1.0 14 249.9 151.3 282.5 205.4
006888,0.8 0 1.4 13.1 499.9 240.7 0.9 0 2.9 16.8 499.1 238.9 0.7 0 5.2 107.2 500.5 238.0
006889,0.6 3 352.1 166.6 500.1 208.5 0.5 3 353.7 182.4 479.6 209.3 0.9 3 353.6 176.3 488.2 209.3
006890,0.8 2 142.8 180.9 166.8 236.0 0.8 6 160.5 41.6 369.9 304.7
006891,0.8 14 0.9 138.2 23.2 286.2 1.0 14 1.6 108.1 194.4 375.4 0.6 14 169.9 1.7 391.1 374.5 0.7 14 198.7 0.1 386.0 203.2 0.9 14 173.1 172.3 349.3 375.9 0.5 14 199.4 0.2 400.0 291.5
006894,0.5 7 354.9 54.4 443.2 337.2 0.9 14 1.6 0.1 195.6 244.9 0.7 7 214.4 53.2 443.2 337.0
006895,0.6 8 11.6 129.5 169.6 278.3 0.6 8 10.5 122.7 166.0 280.6 0.6 17 11.7 120.1 443.0 284.6 0.7 17 159.0 158.7 445.4 283.1 0.8 17 154.0 157.1 441.7 283.4
006897,0.5 14 106.7 74.6 214.6 206.2 1.0 14 105.2 75.8 207.1 210.2 0.9 12 52.4 91.8 257.4 322.5
006898,0.9 14 143.5 276.6 204.9 492.3 0.8 14 143.8 277.4 202.1 378.5 1.0 14 1.8 360.9 41.7 493.7
006901,1.0 14 85.1 41.8 146.3 206.6 1.0 14 174.4 56.8 264.5 212.8
006902,0.8 15 307.5 0.7 394.7 82.4 0.7 11 134.2 75.2 348.5 220.2 0.5 15 308.1 12.6 399.0 82.4
006904,0.0 0 0.0 0.0 10.0 10.0
006905,0.8 14 130.5 72.9 193.0 199.8 0.6 14 1.3 13.7 182.0 281.1 0.5 14 0.8 12.5 143.3 282.2 0.5 14 1.1 1.2 445.1 284.0 0.7 14 113.4 0.6 443.9 283.0
006906,1.0 14 240.7 32.2 277.5 78.6 1.0 14 318.0 111.7 363.5 161.3 1.0 14 71.4 35.1 122.4 175.1 1.0 14 1.4 42.9 64.0 193.9 1.0 14 110.1 122.2 242.7 283.1 0.8 14 106.8 68.8 311.2 283.2 1.0 14 154.9 45.1 185.3 89.6 0.7 14 200.1 69.1 314.6 282.1 1.0 14 375.1 91.1 422.5 152.9 1.0 14 292.1 174.2 398.5 281.9
006907,1.0 6 28.3 324.8 225.7 419.3
006913,0.8 6 39.3 97.5 125.2 166.3 0.6 6 262.1 91.7 432.6 173.4
006915,0.6 14 159.7 9.4 173.1 32.4 0.9 14 304.5 -0.3 428.7 203.4 0.5 11 235.6 170.6 400.4 284.4
006920,0.7 14 191.1 64.4 275.5 131.9 0.9 14 336.8 100.4 469.1 190.7 0.8 14 36.0 86.9 92.3 147.7 0.9 13 325.7 96.5 485.1 195.7 0.6 14 57.7 94.1 190.7 187.0 0.9 13 64.7 96.4 281.9 205.3 0.6 13 1.1 75.7 40.8 144.1 0.6 14 193.4 65.1 254.0 109.1 0.8 14 190.6 65.5 277.9 147.0 0.7 14 279.8 83.7 392.5 170.0 0.6 14 324.4 84.9 393.1 137.6 0.6 14 282.6 83.6 391.9 149.9
006921,0.5 13 257.4 146.3 341.7 236.9 0.9 14 65.1 105.1 162.2 229.4 0.8 13 258.6 139.5 343.8 234.8 1.0 14 208.9 93.1 255.5 176.5 0.9 13 131.1 128.8 219.3 239.9 1.0 14 153.2 99.5 222.7 218.2 0.5 13 214.9 148.4 266.6 215.5 0.5 14 150.3 100.8 213.7 144.2 0.7 14 192.7 94.4 253.7 207.7 0.6 14 97.7 105.6 157.1 142.8 0.8 14 64.4 141.4 157.4 229.0 0.8 14 214.7 92.7 254.6 144.7 1.0 14 266.6 86.5 330.3 245.9 0.8 13 214.0 122.3 275.8 212.4
006923,1.0 8 133.3 112.1 178.4 201.9 0.8 10 8.3 134.1 165.4 205.6 1.0 8 229.9 101.0 320.8 218.1 0.6 10 165.2 154.9 427.9 279.4
006925,0.9 6 179.9 125.1 205.6 142.8 0.6 6 306.4 125.3 437.3 277.4 0.6 6 310.2 162.6 428.7 275.6 0.9 6 146.5 128.6 180.5 147.3 0.9 14 205.1 122.2 219.6 145.0 1.0 6 6.6 129.3 90.1 168.2 0.6 6 239.9 123.5 432.2 277.8
006926,0.8 14 37.5 52.2 172.7 270.5 1.0 14 36.5 52.0 249.9 329.4 0.9 14 33.1 53.2 177.2 326.2 0.7 14 201.6 55.8 317.6 332.1 1.0 14 202.4 58.2 330.7 332.6
006927,0.6 13 82.3 70.1 156.3 158.2 1.0 14 2.5 1.1 348.9 283.9 0.9 2 248.0 88.7 426.2 281.6
006928,0.6 11 178.0 16.0 394.6 322.2
006929,0.8 2 83.2 69.3 255.4 238.7
006936,0.5 14 424.0 151.3 444.6 175.2 0.6 14 232.4 41.0 320.0 203.1 1.0 14 231.7 41.0 324.3 243.9 0.9 12 128.0 135.6 389.6 253.7
006937,0.8 8 15.6 219.3 128.1 457.5 0.5 17 15.2 219.2 131.4 425.5 0.6 8 15.5 272.6 126.7 425.6
006938,0.6 14 3.1 117.3 286.9 281.6 0.7 14 102.6 88.1 220.4 282.2 0.6 14 274.3 101.0 355.5 242.2 1.0 14 104.4 87.5 292.0 282.1 1.0 14 1.6 117.3 115.2 283.8 0.6 14 104.4 88.0 425.4 280.1 0.9 14 356.5 92.9 443.5 245.2 0.9 14 355.5 93.2 445.4 271.4
006941,0.9 14 119.3 89.9 146.2 112.8 0.9 14 366.9 103.8 445.1 279.7 0.9 14 292.9 106.4 367.8 179.1 0.9 14 379.7 103.9 443.3 218.8 0.9 14 396.1 56.9 443.2 158.6 1.0 14 152.4 108.3 240.9 180.1 1.0 14 1.9 119.2 128.8 282.5 1.0 14 83.0 107.9 180.4 240.6 0.6 14 403.0 55.2 441.6 98.5 0.5 14 399.3 65.3 426.7 96.2 0.9 10 71.0 156.0 338.8 278.4 0.8 14 291.1 106.2 379.2 218.3 0.8 14 289.1 106.9 373.8 194.0 1.0 14 289.8 126.7 445.3 280.5 0.9 14 287.1 106.4 355.5 155.4
006942,1.0 1 47.6 11.8 459.0 242.7
006946,1.0 0 5.0 2.2 484.9 206.2
006951,1.0 14 186.7 54.6 319.8 182.0 0.9 13 124.9 71.8 399.1 196.9
006954,0.7 14 40.5 54.2 205.6 209.6 1.0 14 131.9 105.0 289.5 250.7 0.8 14 40.7 53.8 215.9 249.9 0.7 14 40.8 56.6 194.6 250.1 0.7 14 119.2 53.5 345.2 251.6 0.6 14 152.8 2.5 258.5 78.6
006955,1.0 6 1.0 91.1 465.3 222.2 1.0 6 376.4 84.0 436.7 99.0 1.0 6 322.3 80.2 373.6 94.9
006957,0.6 14 124.5 115.8 263.0 220.2 0.5 14 211.3 115.9 266.2 218.0 1.0 14 115.6 153.7 258.3 250.8 1.0 14 242.9 133.0 322.3 247.4 1.0 14 304.4 92.2 444.0 249.1
006960,0.6 7 24.9 102.5 277.6 238.9 0.7 7 23.5 37.5 279.4 238.8 0.8 7 169.4 34.1 367.8 205.9
006961,0.5 11 48.9 177.6 221.0 501.8 0.6 11 2.4 2.0 218.8 499.0
006964,0.5 14 125.6 25.9 190.2 141.0 0.7 14 224.0 48.5 317.5 186.5 0.9 14 91.1 147.7 259.9 250.5 1.0 14 178.7 65.4 262.9 219.6 0.8 14 130.0 26.8 190.5 104.3 0.8 14 124.2 26.5 190.1 161.3 0.6 14 93.4 147.7 220.8 250.0 1.0 14 33.1 22.1 154.6 249.7 0.5 14 125.5 25.6 191.3 158.5 0.8 14 231.7 48.3 306.2 133.8 1.0 14 247.2 159.9 353.8 249.8 1.0 14 301.9 70.1 435.4 249.9
006967,0.9 2 92.1 143.8 148.1 278.9
006969,0.7 11 93.6 30.9 350.8 233.5
006970,1.0 6 153.4 259.1 229.4 351.8 0.7 6 57.4 265.0 177.9 337.6 0.9 6 57.0 262.9 224.3 349.3
006973,0.6 9 278.7 31.8 450.9 162.4
006974,1.0 6 398.3 112.2 480.2 145.5
006975,0.9 1 68.4 132.5 191.0 223.8 1.0 14 78.2 34.8 217.4 202.5
006977,0.9 3 58.0 36.3 141.0 360.1 0.8 3 44.8 321.2 82.7 369.3 0.7 3 54.7 36.7 142.3 366.1
006978,0.6 18 143.6 128.0 230.5 180.5 0.6 18 1.1 129.4 227.5 183.5
006979,0.9 7 44.3 26.2 275.7 397.9
006980,0.0 0 0.0 0.0 10.0 10.0
006982,0.8 12 221.7 88.0 280.8 150.1 0.6 12 335.5 70.6 359.9 104.1 1.0 14 227.1 68.5 274.8 138.4 1.0 14 335.5 61.8 358.7 98.4
006984,0.9 19 225.6 39.7 252.0 60.2 0.6 8 232.7 94.2 351.9 199.4 0.9 8 230.1 122.6 315.4 200.2 0.6 8 315.9 70.5 355.0 133.7 0.5 19 177.8 47.7 207.1 78.4 0.8 8 322.7 93.1 354.9 144.9 1.0 19 41.3 70.6 110.5 111.2 0.9 8 271.6 64.0 300.9 99.2 0.9 19 325.0 41.1 352.9 63.0 0.8 19 111.3 61.1 161.6 92.4 1.0 8 201.0 75.4 265.4 149.1 0.7 10 26.8 73.0 259.6 199.7 0.8 19 131.4 63.3 163.8 91.7 0.8 8 142.8 162.0 249.7 200.5 0.8 19 276.2 41.3 303.1 59.7
006985,0.5 7 264.9 111.0 327.3 143.5 0.7 7 199.6 95.1 257.3 137.7
006986,0.8 14 133.2 28.0 181.4 109.2 1.0 14 47.9 33.0 125.9 445.2 1.0 14 126.2 29.4 188.1 483.1 0.9 14 124.5 92.9 189.4 485.5
006991,0.7 11 193.8 70.2 462.8 200.1 0.8 11 200.9 69.9 495.9 224.9
006992,0.8 5 123.6 99.6 226.9 176.6 0.8 5 15.0 107.4 132.1 177.3 0.9 5 219.6 92.9 446.3 177.8
006993,0.5 1 32.7 26.3 217.2 149.8 0.9 1 33.7 20.9 354.6 234.8 0.6 1 170.1 52.2 356.9 233.2
006996,1.0 6 30.2 48.4 406.7 168.5
006997,0.7 3 71.1 132.1 410.6 182.6 0.6 3 3.7 0.3 411.4 182.5 0.9 3 68.6 0.6 411.9 182.2
006998,0.0 0 0.0 0.0 10.0 10.0
006999,0.9 7 3.1 22.1 316.2 251.1
007000,1.0 14 83.8 10.2 316.9 249.5 0.6 14 82.4 10.9 387.5 250.2
007001,1.0 6 179.6 90.4 371.9 226.6
007005,0.5 1 26.3 219.1 148.7 440.9 0.6 14 96.0 150.5 208.8 369.1 0.7 13 27.0 204.6 207.4 442.7 0.9 14 129.5 149.7 209.1 306.9 0.6 14 126.9 149.3 209.3 367.5
007010,0.6 1 52.0 2.1 331.9 374.3
007012,0.7 8 289.6 151.8 417.8 305.8 0.5 8 289.7 35.5 435.0 306.8 0.5 8 289.8 36.4 436.6 307.4 0.6 8 291.5 151.6 498.4 326.5
007013,0.0 0 0.0 0.0 10.0 10.0
007014,1.0 6 18.6 65.2 380.2 352.5
007015,1.0 6 93.8 93.9 375.0 229.8
007017,0.5 7 111.1 173.7 167.9 298.1 0.5 7 112.7 173.3 169.7 362.5 1.0 14 16.8 85.9 186.3 374.5 1.0 14 168.4 66.7 292.3 374.5 1.0 14 279.7 106.0 409.7 374.5
007019,0.8 14 372.3 102.7 471.1 264.6 0.8 14 141.1 58.3 307.5 335.1 0.9 14 141.5 58.4 308.4 333.3 0.6 14 144.5 52.6 381.3 333.3 1.0 14 247.4 48.8 380.7 333.5 0.9 14 375.2 102.6 455.6 223.2
007024,0.6 12 95.2 117.1 183.7 224.7
007026,0.8 0 1.1 8.5 442.8 250.8 0.8 0 2.6 110.5 440.0 250.7
007027,0.6 7 212.7 74.6 470.8 164.4
007028,0.6 14 59.7 0.7 99.6 67.5 0.5 4 266.3 28.0 311.4 93.1 1.0 14 92.4 48.0 197.6 235.0 0.6 14 158.9 0.7 205.9 79.6 1.0 14 237.0 21.5 341.6 204.5
007030,1.0 1 32.4 151.7 176.0 224.4
007032,0.5 11 4.5 143.0 89.2 217.7 0.5 14 43.8 151.2 242.9 224.9 0.5 14 360.8 24.0 397.3 82.0 0.8 17 3.2 104.6 399.8 281.7 0.7 14 42.6 147.2 123.0 224.4 1.0 14 210.3 27.8 322.2 245.1
007034,0.7 14 88.1 8.0 174.1 126.3 0.9 14 89.8 7.7 168.4 113.4 1.0 6 2.9 51.8 372.1 284.9
007037,0.8 18 79.4 88.8 317.2 191.3
007041,0.9 7 2.9 98.8 225.6 497.9
007043,0.7 14 2.1 72.0 261.1 249.8 0.9 14 1.8 71.3 265.4 205.5 1.0 14 229.6 38.6 468.9 251.4
007044,0.9 12 93.3 174.8 143.2 363.4 1.0 14 41.0 136.3 84.2 291.6 1.0 14 130.6 117.7 205.0 449.0
007047,0.9 2 13.3 111.5 184.5 452.5
007051,1.0 14 103.3 208.9 174.0 367.4 0.5 15 132.9 3.4 247.7 334.2 0.7 2 63.0 286.5 85.2 351.8 0.5 15 1.1 0.9 113.6 283.0
007053,1.0 14 207.8 25.5 297.8 103.9 1.0 14 352.9 80.9 494.1 249.8 0.9 14 276.8 92.3 380.3 246.0 1.0 14 155.3 85.1 261.6 249.2 1.0 14 72.2 1.2 233.6 99.7 1.0 14 25.9 68.7 166.8 249.6 0.7 14 1.1 72.8 182.1 248.4 0.8 14 251.0 81.0 339.1 247.2 0.9 14 256.6 89.2 401.6 248.5 0.7 14 252.5 81.8 330.6 203.6
007055,0.6 12 44.4 37.7 386.4 256.3
007057,0.8 8 197.6 198.0 243.1 498.8 1.0 8 71.4 209.5 117.6 299.8 0.7 8 109.5 268.2 190.8 367.6 0.6 8 76.9 183.0 115.5 298.1 0.9 8 41.7 211.1 74.6 298.6 0.9 8 196.9 52.7 250.4 498.7
007060,0.6 14 296.9 42.7 313.5 55.3 1.0 14 193.3 92.7 238.2 225.0 0.7 14 299.3 86.1 332.7 165.6 0.9 14 361.8 36.7 378.3 52.0 0.5 14 402.8 35.8 418.6 51.6 0.9 14 406.9 31.9 424.4 50.5 0.9 14 247.4 48.0 276.3 95.0 0.9 14 156.0 89.8 234.6 221.3 1.0 14 301.1 84.8 331.5 113.1 0.9 14 315.6 33.3 333.4 53.6
007061,0.7 6 2.6 55.5 161.9 250.3 0.6 6 70.2 36.8 445.1 247.5 0.9 6 4.1 36.0 444.0 248.8
007063,0.0 0 0.0 0.0 10.0 10.0
007066,0.9 3 244.9 136.5 377.0 181.3
007067,0.6 8 54.2 265.9 117.4 436.9 0.8 8 103.3 294.7 162.6 438.3 0.8 8 51.5 266.3 92.9 373.7 0.5 10 59.3 316.8 126.6 441.5 0.5 8 53.2 265.9 91.7 321.2 0.8 8 113.5 294.0 162.2 401.3 0.5 10 119.8 294.0 221.9 392.0
007069,0.6 9 92.6 82.1 183.4 123.7 0.6 9 159.1 101.8 208.6 127.8
007076,0.5 16 153.6 75.7 309.8 142.9
007081,0.5 11 154.6 53.4 250.0 209.6 1.0 14 28.1 53.8 252.3 248.7
007082,0.9 6 130.5 127.5 157.6 138.8 0.9 6 184.6 122.4 207.4 136.0 0.9 6 207.7 129.5 240.6 144.2
007083,0.8 14 29.6 119.3 167.1 400.8 1.0 14 29.2 119.6 167.5 455.2
007085,0.0 0 0.0 0.0 10.0 10.0
007087,0.8 2 131.4 105.4 268.4 157.0 0.6 2 130.7 106.0 271.9 220.6 0.9 2 123.6 105.3 269.2 186.8
007091,0.8 3 133.2 162.1 177.5 175.0
007094,0.9 17 1.2 172.9 248.9 284.4 0.5 17 1.0 172.3 247.2 394.1 1.0 17 1.9 170.7 248.5 357.5
007096,1.0 0 49.6 53.4 497.0 149.7 0.8 0 224.1 53.2 496.3 150.8
007098,0.5 11 3.2 42.0 221.7 235.8
007099,0.8 11 151.8 44.4 339.4 169.0
007102,0.6 2 83.7 0.9 354.6 249.3 0.6 2 75.8 133.4 365.3 251.4
007103,1.0 14 104.5 269.4 162.8 379.1 0.6 14 103.7 268.6 164.5 497.4 0.7 14 123.3 264.7 162.1 371.8
007106,0.9 4 392.4 63.3 441.0 175.7
007107,0.6 18 174.3 133.1 319.4 173.2
007110,0.8 8 324.8 80.4 443.3 247.3 0.8 8 322.2 131.7 438.3 246.1 0.7 8 309.6 131.9 397.7 208.3 0.7 19 1.2 137.6 28.8 199.3 0.7 8 383.2 130.7 439.2 247.4 0.9 15 170.8 55.9 194.0 82.0 0.8 4 74.3 180.0 153.6 247.9 0.7 4 95.2 207.0 154.5 248.2 0.5 15 17.1 79.4 132.0 191.9 0.9 10 41.1 163.3 328.1 246.6
007111,0.8 6 144.6 92.8 421.5 149.0
007112,0.5 14 347.9 76.2 373.9 95.8 1.0 14 184.1 75.7 206.6 108.6 1.0 14 106.8 68.0 140.1 122.1 0.9 6 300.2 80.3 351.6 97.9 1.0 14 248.7 67.5 288.0 96.7 1.0 14 35.2 74.8 65.1 124.2 0.9 14 243.6 102.5 265.6 118.6 1.0 14 15.6 75.7 44.5 124.1 1.0 14 155.0 71.1 183.7 116.0 0.6 14 137.5 69.3 163.5 112.1 1.0 6 76.3 91.9 377.0 162.2 1.0 14 61.0 74.5 96.4 138.4 0.8 14 247.7 68.2 287.9 108.5
007115,0.0 0 0.0 0.0 10.0 10.0
007116,0.9 17 27.4 24.9 472.3 199.8
007118,0.5 6 294.9 66.8 396.1 99.0 0.5 6 365.3 70.4 398.5 97.2 0.6 14 219.8 58.7 296.9 110.6 0.9 14 216.8 57.7 298.3 140.0 0.8 12 53.5 67.5 258.6 223.3 0.7 14 156.8 50.3 179.4 71.7 0.7 12 53.8 64.6 299.3 222.8 0.6 12 189.7 55.2 300.0 183.0
007119,0.7 14 1.5 0.3 248.3 438.2 1.0 14 28.4 0.3 248.6 441.7
007120,1.0 14 250.6 133.8 317.6 221.5 0.8 14 373.8 166.4 415.2 221.8 0.7 14 391.4 125.6 410.1 154.0 1.0 14 399.1 129.7 430.0 180.3 0.8 14 381.8 128.6 423.4 219.6 0.7 14 344.1 129.7 388.4 178.5 0.9 14 344.5 129.2 391.4 221.7 0.9 14 416.5 114.7 495.3 188.5 0.9 14 414.9 113.6 497.1 220.6 0.8 14 384.2 128.2 406.4 176.3 0.5 14 417.3 113.9 474.2 179.0 0.9 14 67.8 132.5 191.8 222.8 0.7 14 474.2 127.2 495.9 153.7 0.9 14 427.1 147.6 499.7 223.0 0.5 14 346.1 128.8 392.5 221.6 0.8 14 288.1 158.2 370.0 222.9
007124,1.0 14 2.0 34.0 114.7 497.2
007126,0.6 11 89.2 146.0 198.8 221.0 0.7 14 137.9 139.6 205.3 221.7 1.0 14 423.0 56.8 451.1 86.2 0.8 14 192.5 120.6 274.6 219.9 0.9 14 80.8 137.0 203.3 221.6 0.8 14 79.7 136.9 169.3 220.6 1.0 14 194.7 120.5 297.6 221.7 1.0 14 303.8 24.3 427.0 220.6
007127,1.0 14 113.9 133.1 133.6 157.7 1.0 14 4.1 134.8 43.6 197.3 0.5 5 163.7 107.1 449.0 162.5 0.9 14 159.2 134.9 175.2 163.2
007131,0.0 0 0.0 0.0 10.0 10.0
007134,0.9 14 178.3 18.9 280.4 214.5 0.7 12 307.2 129.1 419.5 298.0 0.6 14 203.0 18.3 280.5 216.8 0.9 12 35.5 75.7 354.3 370.7 0.7 12 347.8 144.9 417.8 295.6 1.0 14 377.0 100.2 413.3 218.7
007135,0.9 0 207.6 118.0 307.1 152.1
007136,1.0 14 134.1 84.8 179.7 239.7 1.0 14 4.3 198.9 96.0 404.5 0.6 14 300.8 146.0 404.4 329.1 1.0 14 251.2 145.8 404.4 306.8 0.5 12 141.7 245.0 414.6 405.7
007137,0.6 1 265.6 146.3 424.0 231.7 0.5 14 1.8 150.0 107.5 330.0 0.9 1 262.5 118.7 422.4 230.3 0.7 14 91.7 2.0 192.4 327.5 1.0 14 129.1 149.6 261.8 330.7 0.5 14 92.7 1.4 194.2 193.2 0.6 14 94.1 153.8 141.8 327.5 0.6 1 263.3 126.9 347.2 205.5 1.0 14 308.8 100.0 408.9 264.6
007142,0.7 18 43.8 94.2 210.4 301.9 0.6 18 44.3 93.3 211.9 321.3 0.6 18 247.5 73.2 435.2 316.2
007143,0.9 6 21.8 116.4 381.9 236.3
007145,0.6 7 147.1 71.5 498.8 333.3
007151,0.7 4 168.8 228.5 193.9 270.2 0.6 14 155.8 105.3 200.3 255.1 0.7 8 1.4 113.9 167.9 374.4 1.0 14 163.7 50.8 285.2 374.3
007155,1.0 0 37.2 90.5 331.1 187.7
007156,0.6 5 214.5 75.4 443.6 151.0 0.8 5 260.6 77.4 443.1 152.6
007157,0.7 0 1.4 107.0 91.0 144.9 1.0 14 233.4 109.8 266.2 191.8 1.0 0 42.9 78.6 428.1 195.8 1.0 14 200.5 121.7 235.7 189.0
007158,0.6 12 25.6 80.1 246.9 443.2
007160,0.0 0 0.0 0.0 10.0 10.0
007161,1.0 14 2.8 53.4 221.9 499.2
007164,0.8 6 282.2 158.8 327.3 174.8 0.7 0 2.5 74.5 268.1 199.2 1.0 0 1.6 39.5 498.0 201.1 0.8 0 1.4 41.2 457.8 203.1
007169,0.7 0 56.3 62.1 440.2 169.7
007170,0.7 14 229.1 111.1 328.7 213.4 1.0 14 1.6 150.7 120.7 332.9 1.0 14 123.6 101.8 395.4 332.2 0.6 14 187.0 107.5 330.7 297.2
007171,0.7 13 165.7 93.7 314.1 315.8 0.9 13 335.6 102.1 499.7 329.2 0.6 13 338.2 104.9 499.7 325.0 0.8 13 378.8 150.6 500.1 322.8
007173,0.8 14 284.2 76.9 307.5 108.4 1.0 14 183.3 92.8 204.8 161.7 0.6 6 305.7 267.5 440.2 374.3 1.0 14 339.8 176.1 372.6 254.5
007175,1.0 14 92.5 1.7 499.9 331.6
007176,0.7 6 15.9 206.8 124.2 370.6 1.0 14 52.2 125.0 117.3 247.1 1.0 6 113.2 197.1 319.2 425.5 0.7 6 17.2 196.0 318.0 426.8
007178,1.0 14 67.5 101.7 332.3 373.8
007179,1.0 14 385.8 99.3 500.4 331.8 0.8 6 172.0 134.0 220.8 163.2 1.0 14 2.0 53.4 184.7 332.0 1.0 14 162.2 77.6 387.5 331.8
007181,0.9 8 307.7 133.5 403.3 271.7 0.8 6 129.5 53.1 150.5 76.3 1.0 14 241.0 82.6 360.7 297.2
007183,0.7 11 46.7 101.6 436.8 304.1 0.5 17 3.8 93.5 442.5 373.6
007186,1.0 14 205.9 137.5 239.0 248.8 0.6 14 417.1 131.7 443.0 165.9 0.7 13 145.8 170.4 212.6 246.1 0.6 1 193.1 126.8 219.9 156.0 0.9 13 146.0 155.6 212.2 245.8 1.0 14 111.5 92.6 153.0 272.2 1.0 14 23.5 87.1 77.9 323.7 1.0 14 341.4 145.5 401.4 298.5
007188,0.9 2 207.6 140.7 325.8 231.1 0.5 2 206.6 140.3 326.3 277.0
007190,0.0 0 0.0 0.0 10.0 10.0
007192,0.0 0 0.0 0.0 10.0 10.0
007195,0.7 12 346.5 66.8 500.0 330.9 0.9 14 334.0 24.6 466.4 280.6
007196,0.9 19 5.3 55.6 148.8 212.7 1.0 19 152.9 57.2 296.0 225.0 0.8 19 1.6 54.7 149.5 238.7 1.0 19 301.9 54.5 441.9 233.7
007198,0.7 9 98.2 33.0 234.3 127.8 0.6 16 27.3 192.5 77.9 284.4 0.5 16 464.5 133.4 499.9 230.0 0.7 9 109.9 92.1 278.5 299.9 0.6 9 1.4 75.2 130.8 246.6 0.7 9 261.8 123.0 395.9 298.5
007199,0.7 7 76.1 25.0 408.1 285.9 0.6 7 37.5 28.0 442.0 283.7 0.9 7 78.2 25.1 438.8 285.9
007201,0.6 14 1.0 118.0 52.6 216.2 0.8 2 83.3 69.8 287.9 252.6 0.5 2 164.2 69.1 288.8 251.8
007202,0.9 8 75.0 94.6 115.2 134.6 0.8 8 34.4 93.7 76.2 130.6 0.8 8 118.5 95.4 153.2 133.2 0.9 8 151.8 95.4 192.7 137.6 0.7 8 257.0 97.3 344.8 141.1
007203,0.9 19 142.3 38.8 220.1 126.5 0.6 10 71.2 163.7 438.4 278.5 1.0 14 276.4 99.9 382.0 223.5
007206,0.7 5 73.6 166.6 160.5 268.4 1.0 14 191.0 201.3 205.2 259.3
007207,0.8 8 234.1 93.3 262.0 156.6 0.9 14 1.5 175.7 211.7 280.4 0.7 14 169.9 74.8 226.6 266.0 0.7 14 118.2 75.8 151.2 106.0 0.7 14 140.0 19.5 164.7 60.3 1.0 14 378.7 158.3 444.4 281.4 1.0 14 98.3 94.2 124.3 139.0 0.7 8 384.6 94.0 413.0 154.3 0.6 14 257.5 159.9 444.6 280.6 0.8 14 258.0 96.1 331.8 194.5 0.7 8 405.0 102.6 445.4 162.7 0.6 14 134.1 97.7 220.7 263.5 0.6 14 191.4 36.1 228.3 123.6 0.8 14 1.1 182.9 53.4 282.5 0.6 14 285.7 96.3 322.6 124.2 0.9 14 170.1 74.4 224.6 158.6 1.0 14 90.6 99.8 215.3 279.6 0.8 14 102.2 76.8 155.2 137.0 1.0 14 27.3 128.1 174.0 281.7 0.9 14 121.1 76.1 152.3 105.3 0.8 10 150.5 154.9 346.6 244.8 0.6 14 88.3 102.0 182.1 240.2 1.0 14 192.3 38.3 225.5 77.9 0.8 14 250.6 98.0 332.2 271.9 0.8 8 388.3 94.9 444.2 163.2 1.0 14 247.5 116.4 390.9 280.8 0.9 10 152.3 157.9 345.6 277.7
007209,0.5 11 43.6 28.9 179.1 386.2
007218,0.9 17 20.3 47.9 372.8 282.5
007220,0.8 10 105.5 183.4 298.5 277.0 1.0 14 141.8 115.7 200.7 191.9 1.0 14 192.7 115.7 236.8 195.7 0.9 14 238.5 147.2 284.3 204.4
007221,0.7 11 27.0 24.1 352.0 279.5
007225,0.9 4 297.7 132.5 340.2 240.2 0.7 4 86.1 112.4 121.0 230.3 0.9 4 95.6 113.6 120.6 190.9 1.0 4 77.3 132.4 110.4 230.2 0.7 4 297.5 129.3 341.3 239.8
007226,0.5 1 190.0 120.3 284.4 169.5 0.8 18 123.9 58.2 464.8 173.7
007228,0.6 14 380.8 51.2 403.4 89.6 0.7 10 116.8 94.1 242.2 153.3 0.9 8 189.6 80.9 249.8 161.3 0.9 8 116.9 81.0 172.4 169.3 1.0 14 14.8 42.6 145.8 282.2 0.6 10 80.1 146.7 401.3 261.6 0.9 8 237.4 84.1 289.9 165.9 0.5 8 256.8 38.2 299.8 160.6
007229,0.7 12 24.9 15.7 227.1 164.5
007231,0.0 0 0.0 0.0 10.0 10.0
007232,0.9 1 1.1 272.4 43.5 385.5 1.0 14 16.1 184.1 49.0 346.6 0.9 1 12.9 263.2 46.4 372.1
007233,0.5 3 23.0 1.2 386.5 204.6 0.9 3 26.6 1.1 414.9 207.3 0.7 3 22.0 103.4 416.1 206.6
007235,0.6 14 429.3 13.8 465.0 53.9 0.5 13 126.8 87.8 347.3 211.3 0.7 14 163.2 20.1 251.6 173.8 0.8 14 391.9 9.1 428.1 46.6 0.8 14 163.1 19.8 233.8 173.4 0.9 14 165.8 20.3 304.4 188.1 0.7 13 127.4 85.4 347.2 211.7 0.9 14 200.5 38.2 308.7 187.7
007237,1.0 14 184.2 92.9 302.3 282.5 0.6 14 308.0 126.1 417.6 281.4 0.5 14 213.2 92.2 349.4 282.3 1.0 14 157.3 52.4 234.5 214.6 1.0 4 99.9 181.0 113.8 214.7 0.6 14 158.9 50.6 232.8 215.1 1.0 14 81.4 74.1 178.7 204.0 0.9 10 1.6 179.7 214.5 281.6 0.6 14 282.1 50.4 355.4 279.0 1.0 14 279.6 49.2 354.0 187.1
007238,0.9 7 39.2 209.7 131.4 404.9
007239,0.0 0 0.0 0.0 10.0 10.0
007240,0.7 8 229.5 183.2 412.8 282.6 0.9 8 149.3 31.3 239.8 99.1 0.9 10 1.5 70.2 419.7 277.3
007242,1.0 6 1.2 117.8 57.6 165.3 1.0 6 1.0 133.0 38.1 202.6 0.8 5 47.0 1.9 413.3 282.3
007246,0.6 13 289.6 123.9 414.5 274.0 0.8 6 1.2 68.7 309.8 281.2 0.9 6 0.4 65.7 412.4 283.7
007248,0.6 2 148.0 123.0 225.8 292.3
007251,1.0 14 1.7 9.0 247.9 441.3
007252,1.0 14 31.4 17.2 205.4 221.8 0.5 12 199.8 69.8 370.1 215.4 0.8 12 199.7 71.3 499.7 220.4
007253,0.6 14 66.3 104.4 157.6 278.4 0.9 14 67.0 106.3 159.1 336.2 0.9 12 77.3 114.0 142.3 425.2
007254,0.8 11 38.1 35.8 244.2 384.8
007255,0.5 8 165.7 60.3 337.7 246.7 0.6 8 159.4 63.2 242.7 167.6 0.8 8 172.7 55.5 378.8 248.7 0.7 8 159.6 61.8 240.9 235.1 0.8 8 248.9 54.6 380.1 233.6
007257,0.9 0 122.4 131.8 150.6 150.7
007262,0.8 8 404.1 149.0 450.4 222.1 0.6 8 403.4 147.9 463.5 221.8 0.8 0 91.4 94.8 273.1 130.2 0.9 0 95.3 85.1 275.2 131.0
007264,0.9 17 1.4 114.6 206.0 248.1 0.6 17 186.7 151.1 400.7 278.5
007265,0.0 0 0.0 0.0 10.0 10.0
007267,0.8 14 327.7 103.7 353.7 132.7 1.0 14 167.1 99.5 204.1 183.9 1.0 0 95.1 60.3 480.0 132.5 0.8 6 370.9 111.3 402.0 126.6 0.7 14 318.1 111.4 335.2 134.3
007268,1.0 14 82.0 44.8 163.0 495.2 0.7 14 2.1 45.1 165.5 498.5
007269,0.8 2 117.0 53.1 259.8 119.5 0.6 2 194.3 126.5 363.7 208.4 0.5 2 231.0 100.1 368.3 167.0 0.9 2 185.5 99.6 367.7 180.6
007272,0.6 2 127.2 83.2 224.6 166.2 0.8 2 127.3 81.8 224.9 210.0
007273,1.0 6 66.7 89.1 439.4 197.0
007277,0.6 14 87.8 108.5 158.2 286.3 1.0 14 1.4 106.2 190.6 490.6 0.9 14 65.9 109.0 189.6 496.0
007278,0.7 18 17.1 154.4 263.5 246.4 1.0 6 35.8 247.7 76.5 276.4
007281,0.8 6 14.7 154.4 242.8 374.6 0.9 6 332.6 163.5 400.7 343.6 1.0 6 11.2 73.5 239.6 374.4 1.0 14 260.5 105.3 341.6 373.9
007282,1.0 6 2.0 133.8 154.4 292.1 1.0 6 182.2 139.3 297.2 291.4 1.0 6 325.3 158.1 438.4 284.9
007286,0.8 0 144.6 55.7 321.7 272.0
007287,0.7 17 21.6 46.7 274.2 272.9 0.6 10 123.8 157.7 376.1 373.6
007288,0.7 14 71.1 0.6 110.5 32.7 1.0 6 3.4 16.5 498.2 193.9 0.7 6 194.3 17.8 496.0 193.0
007290,1.0 0 106.2 151.9 254.9 220.9 0.9 0 317.2 176.8 381.8 217.5
007291,0.0 0 0.0 0.0 10.0 10.0
007293,1.0 14 173.0 11.3 255.1 81.1 0.9 12 55.8 51.9 314.2 211.5 0.7 12 54.1 52.9 243.6 203.5 0.9 14 223.4 123.1 318.0 213.6 0.8 12 216.3 66.9 416.7 204.2
007301,0.9 14 245.4 131.0 399.8 250.8 1.0 14 40.7 20.6 187.7 250.0 0.7 14 94.3 130.9 425.4 250.8 0.8 19 218.5 29.6 292.8 92.1 0.7 14 237.2 131.1 427.9 250.2
007303,1.0 14 56.7 137.0 123.1 334.1 0.9 12 67.2 186.1 150.8 435.7
007304,0.7 6 73.9 170.7 215.3 499.7
007306,0.7 8 157.0 -0.1 264.1 153.5 0.8 14 315.9 66.7 431.0 249.5 1.0 14 261.2 59.8 338.1 159.4 1.0 14 120.6 73.3 219.6 162.2 0.6 14 102.7 74.1 222.0 239.0 1.0 14 1.8 74.5 139.1 251.1 1.0 10 103.2 150.7 430.0 247.6 0.7 14 261.7 61.2 338.9 174.2 1.0 14 318.1 64.8 429.3 220.8 0.6 4 292.9 113.8 314.3 153.9
007307,0.9 13 136.3 65.3 375.1 198.3 1.0 14 222.6 39.0 326.8 176.3
007309,0.6 13 6.9 92.2 161.2 418.1 0.8 1 5.5 17.7 213.1 417.6
007310,0.8 14 68.0 98.2 142.4 279.9 1.0 12 57.4 118.0 153.1 412.8 0.9 14 67.1 98.5 159.5 315.0
007312,0.7 11 72.8 49.5 267.0 192.2
007313,0.9 14 10.7 66.6 74.4 280.6 1.0 14 11.2 66.0 80.5 372.3 0.8 12 16.0 168.1 281.4 447.7
007315,0.7 8 190.9 304.0 252.6 499.9 0.5 19 170.7 250.8 240.3 331.4 1.0 19 172.1 135.8 232.7 210.2 0.7 8 122.8 236.3 159.2 329.8 0.6 8 5.1 222.7 63.4 490.8 0.9 8 121.8 245.6 160.2 331.5
007316,0.0 0 0.0 0.0 10.0 10.0
007317,0.7 11 139.8 129.5 277.6 216.4 0.8 14 168.0 3.1 317.8 106.2 0.7 11 66.8 129.6 277.9 220.6 0.9 14 143.3 5.6 319.6 188.1 0.6 11 66.3 139.7 185.1 219.6
007319,0.6 14 210.0 105.3 234.3 142.6 0.9 14 12.5 1.1 62.1 101.0 0.9 14 226.6 221.5 284.6 444.1 0.8 14 228.1 119.6 254.0 157.7 0.6 14 204.1 222.1 281.2 443.4 0.6 14 209.2 109.0 253.9 160.7
007320,1.0 14 109.9 235.7 168.9 438.9 0.7 14 109.4 235.7 179.5 443.7 1.0 1 120.8 349.5 180.1 491.8
007321,0.9 19 65.3 19.2 241.3 155.5 1.0 14 162.0 23.1 221.9 102.5 0.5 14 163.7 24.4 200.1 100.5 0.8 11 231.8 121.0 318.6 218.4
007324,0.9 14 137.0 73.2 277.9 208.2 0.6 14 136.6 76.3 215.8 202.0 0.7 14 137.7 74.7 279.6 248.4 0.8 12 76.3 64.7 401.3 253.6 0.9 14 216.9 65.3 330.2 250.9 1.0 14 223.4 67.7 400.3 250.6
007326,0.9 2 129.9 53.5 293.6 133.2 0.8 2 130.3 54.1 292.3 240.1
007328,0.8 14 16.7 60.7 150.6 431.5 0.9 14 18.3 4.1 149.5 430.6
007331,0.8 7 1.0 0.5 383.0 250.6 0.8 7 63.3 12.6 384.5 251.2
007332,1.0 14 132.5 100.9 188.1 211.0 1.0 14 226.7 93.7 304.1 170.9 0.9 14 135.1 101.0 190.3 226.3 0.8 15 56.7 81.0 127.4 126.6 0.7 11 134.8 203.1 180.4 249.0 1.0 14 21.7 134.8 166.5 250.2
007333,1.0 14 1.2 1.7 155.1 222.2 1.0 19 142.8 78.9 270.4 220.6
007335,0.6 8 171.2 106.6 208.9 152.1 1.0 8 239.8 95.6 317.0 159.0 0.9 8 130.2 97.4 207.4 155.6 1.0 15 75.2 110.3 134.0 155.8 0.6 15 70.4 90.3 108.0 112.6 0.8 15 1.1 56.5 32.3 77.8 0.5 8 129.2 96.8 207.5 154.1 0.6 8 201.4 107.4 243.1 156.7 0.8 10 186.3 96.8 310.6 153.9
007337,0.8 6 207.2 179.8 246.7 198.5 0.6 6 123.1 175.3 146.4 197.1 0.6 6 137.4 176.2 173.7 206.9 0.9 8 190.7 223.2 235.4 289.6
007338,0.6 13 246.6 54.3 500.1 231.2 1.0 14 274.3 29.2 486.7 230.3
007339,1.0 6 229.7 20.8 378.5 102.4 1.0 14 158.1 75.6 185.8 101.8 1.0 14 250.0 88.1 293.5 115.2 1.0 6 73.0 63.2 351.2 211.2
007340,0.0 0 0.0 0.0 10.0 10.0
007341,0.9 0 57.9 52.4 409.8 161.3
007342,1.0 14 140.5 120.6 173.6 185.7
007345,1.0 14 50.8 70.3 97.8 228.5
007347,0.8 14 142.7 277.0 163.3 343.2 1.0 14 202.5 317.5 234.9 452.1 0.7 12 86.7 157.9 141.7 361.2
007348,0.9 19 41.7 72.0 98.8 117.7 0.8 8 17.2 185.3 246.8 255.8 0.6 8 252.3 65.0 302.6 175.1 0.9 8 272.9 76.0 402.8 195.4
007349,0.8 14 25.9 183.3 40.6 212.8 1.0 14 75.6 181.8 92.1 217.1 0.6 18 66.6 0.8 443.3 280.5 1.0 14 55.3 185.5 72.6 216.2
007352,0.6 0 46.0 39.1 499.5 217.0 0.9 14 214.8 93.5 236.8 119.1 0.8 14 397.3 147.4 419.5 170.1 0.8 0 48.1 73.8 499.5 224.1 0.6 14 308.9 127.1 333.7 161.5
007353,0.5 19 91.5 25.1 161.2 95.6 0.6 8 92.4 160.7 263.8 280.3 1.0 17 95.7 154.8 412.7 281.6
007354,0.7 14 13.0 40.3 234.0 181.3
007355,1.0 14 212.0 202.0 224.0 258.0 0.6 14 2.3 2.8 176.4 395.8 0.9 14 2.5 3.5 174.2 279.6 1.0 14 1.2 200.7 27.5 308.9 0.9 14 4.3 3.8 184.7 497.8 0.5 14 28.5 175.7 71.6 287.5 1.0 14 235.1 204.2 249.9 258.7
007357,0.7 3 270.3 114.2 358.4 135.5 0.7 3 171.2 106.7 190.7 126.9 0.9 3 221.9 108.0 292.8 129.4 0.6 3 112.7 105.3 139.7 138.7
007358,0.9 14 409.3 65.4 428.0 91.3 1.0 6 5.8 83.1 67.5 118.2 1.0 14 61.5 66.5 99.4 176.3 0.5 6 3.2 7.7 415.5 261.3 0.9 6 80.3 17.1 411.2 258.3 0.8 6 9.3 8.2 279.0 56.0
007360,0.9 7 183.1 63.4 407.9 208.8 0.8 7 178.7 62.9 426.2 211.5
007362,0.6 6 209.2 0.7 277.1 52.8 0.8 6 330.8 33.4 442.8 77.1 0.6 6 268.6 34.0 444.9 96.6 0.6 6 317.2 61.7 444.5 137.0 1.0 6 301.2 33.6 442.9 87.0 0.9 6 1.3 66.7 388.4 276.9 0.7 6 303.2 34.5 408.0 84.5
007364,0.8 19 103.8 147.3 150.2 185.5 0.9 15 82.0 65.8 163.6 149.0 0.5 17 72.9 120.0 440.9 278.8 0.5 17 69.1 138.6 437.7 279.6 0.6 17 195.9 161.5 442.2 284.3
007366,0.9 8 0.9 394.7 62.7 500.3 0.5 8 17.0 397.8 61.6 500.0 0.5 10 175.2 284.8 252.9 463.7 0.9 8 103.7 295.5 156.0 468.9 0.5 8 141.7 294.1 177.0 474.3
007367,0.8 5 120.3 137.3 241.3 177.3 0.9 3 333.3 136.6 362.8 170.3
007368,1.0 14 34.1 68.8 98.6 209.6 1.0 6 179.0 85.2 226.1 139.3 0.6 13 1.5 156.0 150.3 391.1 1.0 6 114.3 85.6 174.6 142.8 0.9 13 53.1 191.9 260.7 487.1 1.0 6 207.4 78.3 260.0 161.8 0.5 14 31.7 69.0 99.7 275.2
007371,0.9 12 98.0 133.8 277.3 251.4 0.5 14 145.7 94.6 242.9 245.2 1.0 14 70.1 96.0 241.2 247.2
007377,0.5 3 135.5 143.8 408.4 210.7
007378,1.0 14 155.2 64.7 318.2 282.2
007379,0.9 14 151.7 54.8 402.0 249.8 0.7 14 2.3 54.6 400.4 250.8
007380,0.7 16 235.3 144.6 263.1 168.4
007382,0.9 14 232.1 108.9 251.2 122.5 1.0 14 184.6 102.4 207.5 123.3 0.6 5 170.0 64.3 317.3 200.7 0.9 14 278.7 108.5 297.3 122.0
007384,0.7 11 100.3 53.0 281.5 259.0 0.8 8 249.7 29.1 401.6 167.0
007386,1.0 6 1.5 35.5 499.5 210.3
007387,0.6 18 119.9 9.3 479.0 156.3
007391,0.7 8 37.8 136.4 194.4 221.2 0.6 8 336.3 140.3 497.2 223.0 0.9 15 1.3 90.9 55.9 215.4 0.9 8 93.1 107.9 156.2 138.6 0.6 8 261.2 120.1 317.9 216.2 0.8 19 406.4 2.5 497.6 82.6 0.9 10 59.5 133.1 352.5 218.5 0.6 8 423.5 145.8 499.4 221.0 0.8 8 265.8 119.5 356.6 217.9
007392,1.0 12 79.1 154.7 162.5 452.2 1.0 14 60.2 84.0 171.4 339.8
007393,0.8 8 134.4 115.9 211.9 218.0 0.9 14 1.2 49.6 89.7 220.4 1.0 10 111.7 147.5 442.7 216.5 0.6 8 143.0 113.3 216.9 156.9 0.9 4 232.9 179.7 251.1 208.7 0.9 8 367.9 124.2 441.0 218.3
007395,0.7 12 154.7 88.1 270.4 186.2 1.0 14 1.8 86.5 155.6 247.3 1.0 14 126.3 54.9 285.1 248.8 1.0 14 274.7 69.3 437.1 247.3
007397,0.7 2 14.2 370.9 29.5 404.3 0.7 2 187.4 310.3 200.2 336.0 0.8 2 66.3 189.2 82.0 226.6 0.9 2 92.2 438.1 114.6 485.0 0.8 2 151.5 175.6 166.5 200.6
007399,1.0 6 40.3 59.6 422.8 217.2
007400,0.9 2 100.8 329.1 137.3 376.3
007401,0.9 19 233.7 58.4 267.9 81.1 0.7 8 207.9 101.5 259.0 159.3 0.8 8 42.7 61.7 170.8 151.7 0.6 8 115.2 53.5 136.1 71.9 1.0 8 171.0 58.5 216.5 97.1
007402,0.0 0 0.0 0.0 10.0 10.0
007403,0.7 0 19.6 111.5 129.7 193.3 0.7 0 19.6 80.2 128.5 194.0
007404,0.7 4 19.8 167.4 190.2 252.2 0.6 4 349.9 115.1 445.1 248.1 0.8 14 101.5 51.6 375.7 200.7 0.9 4 296.5 164.7 360.2 249.9 0.7 4 382.2 0.9 409.4 26.7 0.6 4 18.7 65.8 188.0 249.4 1.0 14 98.5 50.6 381.3 243.6 0.5 4 351.0 156.7 400.1 249.5 0.8 4 181.3 65.3 199.5 90.1 0.8 4 404.6 162.2 445.1 244.1
007405,0.9 5 160.3 83.1 374.9 149.6 0.6 6 454.3 108.5 500.0 214.9 0.7 14 48.8 109.9 65.4 133.2
007406,0.5 14 175.5 191.7 219.3 246.1 0.9 15 78.6 206.5 118.8 240.4 0.9 15 43.5 229.0 84.4 253.2 0.9 14 381.1 188.0 410.9 235.3 0.8 8 347.8 187.5 378.6 235.5 0.8 14 402.2 185.6 441.0 236.4 0.5 15 109.4 144.1 150.2 182.6 0.6 14 119.7 180.6 155.0 245.9 0.8 15 68.8 201.9 126.6 240.6 0.6 15 313.7 152.3 371.3 193.0
007407,0.0 0 0.0 0.0 10.0 10.0
007409,0.8 7 61.7 48.0 401.2 223.4
007412,0.6 14 121.0 9.8 252.4 101.9 0.9 14 209.2 23.5 250.7 66.5 0.8 12 3.5 4.1 475.2 224.5
007415,0.8 14 87.4 165.6 97.6 180.8 0.6 14 125.8 166.0 138.9 187.4 0.5 18 34.8 102.3 425.2 187.8 1.0 14 125.2 167.0 139.4 188.1
007418,0.5 11 1.0 94.9 181.4 499.4
007420,1.0 4 40.4 -1.3 99.9 221.3 0.5 14 96.7 11.1 388.3 222.1 0.9 14 163.9 59.3 388.7 221.1
007423,1.0 6 185.4 97.5 277.0 150.2 1.0 6 23.6 89.1 128.2 125.3 1.0 14 122.3 86.8 152.7 139.9 0.8 14 371.5 56.0 415.2 218.3 1.0 14 370.5 55.3 415.0 190.7
007426,0.9 2 118.3 53.5 456.3 217.1
007428,1.0 14 97.5 28.5 134.7 55.9 0.8 14 111.9 67.8 192.6 150.2 0.6 14 65.1 46.2 131.3 145.9 0.9 14 33.0 20.7 97.1 101.7 0.6 12 123.2 69.6 192.0 148.3 0.6 12 143.5 0.5 234.2 146.9
007429,1.0 6 10.7 225.3 208.9 476.0
007430,1.0 14 408.1 134.0 433.8 176.6 0.7 14 271.6 8.1 357.9 160.7
007434,0.6 11 101.5 -0.5 401.6 253.9
007440,0.5 11 0.3 57.4 286.2 182.3
007441,0.6 7 3.1 28.9 357.9 270.4
007442,0.8 4 226.6 30.3 263.3 109.1 0.5 8 125.4 23.0 165.7 69.7 0.9 14 83.6 0.8 167.0 84.1 0.7 4 306.9 183.0 353.5 271.9 0.6 14 365.7 1.0 464.7 139.4 0.7 8 0.9 75.1 79.9 229.5 0.8 14 123.2 0.7 178.3 81.0 0.6 14 104.7 0.7 168.5 83.6 0.6 14 1.3 49.8 25.4 90.4 0.9 10 1.9 48.9 467.1 282.2 0.7 8 44.6 33.4 111.1 137.0
007444,1.0 14 0.8 78.0 149.5 499.1
007447,0.8 6 123.2 108.9 177.3 132.1 0.8 14 94.7 101.5 109.8 124.8 0.9 1 265.1 157.9 311.7 202.4 1.0 14 450.8 120.0 473.9 182.6 0.6 6 4.4 123.7 58.6 142.5 1.0 14 127.5 120.5 184.6 188.1 0.9 1 117.8 151.4 194.4 202.0 0.9 14 67.3 108.3 92.1 135.8 0.7 14 53.9 107.2 73.5 124.7 1.0 14 266.9 130.3 313.3 194.3 1.0 14 201.5 134.4 254.6 208.8 0.9 1 194.8 163.9 259.2 220.4 0.7 14 54.0 106.9 74.2 124.9
007450,0.6 4 337.1 128.1 383.9 186.1
007452,0.5 9 153.9 183.9 222.5 239.4 1.0 6 59.8 179.0 154.6 241.1 0.6 12 136.5 205.6 210.3 429.7
007453,0.6 11 2.1 71.4 216.0 165.8 0.7 14 155.2 80.3 494.5 166.3 0.9 8 257.1 170.9 430.1 264.7
007455,0.9 3 155.9 127.8 301.9 174.1
007456,1.0 4 226.9 39.3 283.3 123.9 0.9 4 168.3 63.7 248.2 281.3 0.8 4 1.6 114.5 118.4 234.8 0.6 4 280.7 31.2 389.4 151.9 0.9 4 85.3 37.8 189.7 196.9 0.8 4 329.0 30.4 402.9 139.4 0.6 10 3.3 24.9 493.9 283.2 0.9 4 126.3 38.9 165.2 91.8 0.7 4 161.0 65.9 235.8 211.1 0.6 4 330.9 31.4 432.9 214.8 1.0 4 278.6 18.3 326.2 91.5
007459,1.0 6 8.3 31.0 491.4 281.2
007462,0.7 16 163.3 24.7 213.7 97.2 0.8 2 8.9 114.8 49.9 152.0
007463,0.5 7 115.5 1.6 283.1 498.9
007464,0.9 3 168.3 86.0 255.7 190.7 0.7 3 0.8 183.3 25.4 217.3 0.9 3 169.0 168.9 256.2 190.4 0.5 3 193.9 199.7 496.0 261.4 0.9 3 196.0 205.6 326.3 253.4
007469,0.0 0 0.0 0.0 10.0 10.0
007471,0.9 14 104.5 186.7 142.9 271.5 0.9 8 0.7 339.3 117.8 500.6 0.6 14 54.7 139.3 64.7 161.9 1.0 14 65.3 176.9 117.4 324.8 0.9 14 103.2 185.6 143.7 325.2 1.0 14 162.9 115.6 216.6 384.3 0.7 14 64.0 177.3 106.8 260.6 1.0 14 1.4 171.2 126.0 498.5 0.5 14 158.6 113.0 219.9 493.3 0.8 14 156.3 220.0 282.4 499.8 0.8 8 110.9 285.4 170.0 499.8
007472,0.9 8 305.7 167.3 435.0 252.5
007473,0.8 2 201.9 176.1 243.9 327.7 0.6 2 91.2 341.5 180.5 417.4
007476,0.5 2 212.5 16.1 380.2 140.5 1.0 14 28.6 166.8 106.7 323.8
007478,0.8 6 -1.2 -0.4 441.2 324.1 0.9 6 0.7 0.3 381.3 322.5 0.9 6 305.1 4.2 440.3 143.0
007485,0.6 11 185.6 105.7 417.9 243.7
007487,0.9 7 2.6 0.9 445.3 327.8
007488,0.0 0 0.0 0.0 10.0 10.0
007492,0.6 8 219.4 113.2 250.3 173.3 0.8 19 72.7 1.0 174.9 87.5 0.9 17 2.5 138.9 432.4 326.6 0.9 8 370.4 67.6 445.7 200.6 1.0 19 252.1 101.4 326.7 168.7
007494,0.6 4 203.1 146.3 237.9 190.2 0.9 4 4.6 138.9 77.4 317.0 0.8 10 0.2 124.0 442.5 332.9
007495,0.9 5 131.5 40.4 355.0 224.2
007496,0.9 14 42.4 63.6 274.8 251.5 0.7 14 143.7 64.2 282.2 250.7 1.0 14 239.7 1.9 441.5 249.3
007499,0.7 2 116.2 171.0 231.6 235.9 0.9 15 59.9 2.8 360.7 232.7 0.5 15 70.7 3.5 359.5 218.5
007500,1.0 4 23.9 246.4 71.0 398.1 0.9 14 28.4 24.2 174.0 374.6 0.9 4 143.7 175.9 179.1 399.6
007501,0.7 14 414.1 38.1 446.0 100.2 1.0 14 383.1 33.3 418.3 96.8 0.6 6 5.4 1.4 263.4 164.9 0.8 6 1.9 2.3 269.0 212.3 0.7 14 11.0 33.7 40.7 76.1 0.6 6 246.8 96.6 447.5 249.3
007502,0.8 0 171.9 56.1 240.9 132.3 0.7 0 173.5 56.3 324.6 148.0
007504,0.6 4 88.5 7.7 359.5 248.3
007505,0.5 2 81.1 100.3 255.5 209.9 0.9 2 174.8 101.1 258.4 196.3
007507,1.0 6 51.8 126.5 131.3 160.4 1.0 6 1.1 125.6 43.9 158.2 1.0 6 126.6 124.6 166.6 150.9 0.7 6 219.8 115.5 251.2 143.6 0.6 6 40.4 124.2 84.1 157.9
007508,0.5 14 0.7 21.5 90.7 343.0 1.0 14 1.3 27.6 93.3 439.1 1.0 14 80.9 96.6 165.0 468.2
007509,1.0 14 101.8 179.4 142.4 365.7 0.9 12 18.9 90.5 147.3 371.9
007510,1.0 6 325.0 183.0 401.7 240.4 0.9 5 38.7 29.6 340.7 243.2
007512,0.9 2 57.6 103.2 185.9 154.0 0.8 15 34.4 1.8 396.7 236.8 0.8 2 246.6 121.3 301.8 202.7
007514,0.6 14 1.7 1.7 346.8 248.5 0.6 4 319.9 70.1 400.5 194.7 0.5 14 1.3 0.7 246.4 249.6 0.8 14 1.4 1.2 182.3 248.4 0.6 14 1.9 1.5 402.7 249.3
007515,0.0 0 0.0 0.0 10.0 10.0
007516,0.5 9 151.0 99.3 240.2 162.7 0.5 9 28.9 86.9 67.1 122.9 0.5 9 204.4 118.0 260.5 176.3 0.5 9 251.5 107.8 413.4 224.4
007518,1.0 6 197.4 158.1 306.5 203.1 1.0 6 311.9 156.6 357.2 177.6 1.0 6 456.1 155.3 494.3 206.8 1.0 6 46.4 156.8 159.7 195.2 0.8 6 1.1 152.5 50.1 187.0 1.0 6 4.1 150.5 117.6 191.6 1.0 6 117.6 156.6 221.9 196.3 1.0 6 266.1 152.7 317.6 172.9
007520,1.0 14 250.6 92.6 278.0 129.0 0.5 14 103.1 88.5 119.2 113.2
007522,0.7 6 90.8 68.5 253.0 111.5 0.9 14 197.6 32.5 339.8 171.7 0.5 6 1.3 47.3 499.1 173.4 0.8 14 198.4 33.4 394.4 171.0
007529,0.9 14 95.6 66.1 205.4 382.1 0.9 14 94.9 67.5 202.8 270.3 1.0 1 27.8 252.5 258.0 491.3 0.6 1 28.4 170.1 74.5 226.8
007531,0.7 8 272.0 132.8 442.3 260.1 0.6 14 396.6 13.7 498.0 256.6 0.9 14 433.6 12.2 494.1 136.3 0.7 14 424.7 12.9 496.0 255.7 0.7 14 149.7 91.8 173.4 115.6 0.9 14 384.3 11.7 491.8 138.6 0.8 10 30.2 138.1 411.2 256.8 0.7 8 1.0 101.1 64.8 154.0 1.0 14 119.7 62.0 159.5 124.4 0.6 10 26.5 83.7 435.8 257.2 0.8 8 410.7 127.2 500.0 256.5 1.0 14 240.0 28.1 291.7 93.3
007532,0.8 14 223.6 12.7 285.9 88.9 0.9 14 67.6 0.9 110.5 23.7 0.7 4 302.7 89.8 337.8 157.3 0.8 14 468.4 37.1 499.7 81.7 0.6 12 215.1 49.2 303.4 105.2 0.9 14 3.0 1.8 341.2 258.9 0.7 14 1.3 27.4 22.8 99.6 0.6 14 4.2 2.9 392.3 258.2 1.0 14 243.7 14.0 284.3 67.0 0.9 14 317.3 15.4 499.1 257.7
007534,0.0 0 0.0 0.0 10.0 10.0
007539,0.8 2 1.6 46.0 466.5 203.3
007541,1.0 1 149.6 88.4 413.8 260.8 0.9 1 154.5 129.6 415.7 260.4
007542,0.9 7 2.0 1.9 447.2 282.1
007545,0.0 0 0.0 0.0 10.0 10.0
007548,0.9 6 295.5 169.3 393.7 204.9 0.9 0 52.0 85.6 143.7 126.8
007549,0.6 15 159.7 41.5 307.1 204.3 0.9 15 136.2 1.7 309.5 168.3 1.0 15 315.1 1.5 444.2 171.0
007550,0.7 13 60.7 51.6 117.5 112.4
007552,0.7 16 261.9 187.4 283.2 202.9 0.9 14 220.9 147.0 239.4 175.9
007553,0.8 14 204.2 1.0 312.3 65.3 0.8 13 437.3 34.3 499.6 174.7 0.9 14 43.7 15.1 75.3 172.1 0.9 14 311.0 1.1 464.3 164.3 0.9 13 133.4 39.1 421.7 247.6 0.9 14 310.1 0.6 498.9 165.2
007554,1.0 14 227.0 126.8 286.6 215.3 0.6 9 422.2 133.6 466.9 159.7 0.6 9 20.4 142.6 69.4 176.0 0.8 14 298.8 123.8 358.0 226.4
007556,0.5 14 128.0 66.6 149.1 90.2 0.9 6 1.6 52.1 443.3 234.9
007557,0.8 2 108.8 79.9 139.9 178.2 0.9 14 179.4 425.9 203.8 497.2 0.9 14 224.9 452.6 250.1 499.9
007560,0.5 11 279.6 120.2 427.3 268.7
007561,0.7 8 21.3 119.6 179.5 273.2 0.7 8 19.5 119.9 154.8 276.2 0.7 17 182.2 94.8 441.6 238.9 0.7 8 41.7 47.4 224.2 242.7 0.6 8 111.0 59.4 226.9 241.9 0.5 17 188.6 51.1 445.0 185.2
007562,0.9 6 17.4 24.5 415.5 276.5
007564,0.5 8 23.0 142.0 109.1 238.3 1.0 8 261.1 157.3 316.8 233.6 0.7 8 121.6 160.0 161.6 237.7 0.8 8 117.0 124.8 162.1 237.3 1.0 19 283.1 117.0 331.1 150.3 0.8 8 24.0 142.5 126.4 238.7 0.9 8 24.1 141.7 123.9 238.3 0.6 10 177.1 144.6 353.0 229.1 0.9 19 156.4 66.1 204.6 105.8 0.7 10 185.2 145.7 352.5 229.3
007567,0.8 14 140.6 77.2 160.9 100.1 0.7 8 295.5 115.5 354.0 219.7 0.5 8 384.7 126.2 421.2 196.2 1.0 14 88.5 76.3 162.8 210.8 0.8 14 193.5 85.3 257.6 222.9 0.9 8 295.2 115.8 352.0 222.5 0.9 8 123.6 90.5 172.1 195.2 1.0 14 198.0 85.0 257.5 157.3 1.0 14 229.1 67.8 349.9 226.1
007569,0.7 2 260.7 31.1 312.1 64.7 0.8 2 175.0 55.7 253.0 134.7 0.6 2 134.3 103.4 173.0 131.4
007573,0.6 5 62.9 116.5 114.2 169.7 1.0 14 328.4 135.9 371.1 226.4 0.5 14 204.3 121.0 219.4 140.7 1.0 14 19.3 139.2 37.8 176.4 0.7 5 106.7 95.5 271.1 220.1 0.6 6 256.0 129.8 298.7 178.4 0.6 5 68.9 96.5 266.0 171.7 0.8 14 368.6 49.4 384.6 74.4 0.5 14 203.5 121.6 219.5 142.3 0.5 6 221.7 166.3 281.9 227.3
007574,0.0 0 0.0 0.0 10.0 10.0
007577,0.8 14 330.8 21.5 499.6 171.7 1.0 14 18.3 31.8 147.6 125.3 0.9 14 430.9 37.4 486.1 75.1 1.0 14 123.0 20.7 237.5 139.1 0.6 14 233.8 20.6 433.8 142.6 0.7 14 14.9 23.3 234.8 137.9 0.9 14 1.1 42.9 33.7 96.1 0.7 10 2.1 111.7 462.0 177.9 0.8 14 223.1 28.2 385.8 144.5 1.0 14 218.4 28.0 320.7 145.4 0.9 14 228.0 19.7 501.2 172.4
007580,0.9 6 298.0 184.7 326.7 196.5 0.6 0 1.4 18.5 358.6 199.9 0.6 0 1.7 18.3 360.1 201.7 0.9 14 53.4 183.9 68.4 211.2
007581,0.8 18 84.1 47.6 282.7 187.8 0.6 18 279.9 80.7 453.0 222.5
007582,1.0 14 37.0 44.8 198.7 452.7
007583,0.9 14 309.8 24.1 348.8 61.5 1.0 14 353.1 22.6 394.9 59.9 0.9 14 165.5 1.1 192.9 24.6 0.8 11 226.6 97.8 400.1 251.2 0.9 19 280.0 0.7 400.5 104.9 0.8 14 309.0 20.8 390.7 66.9
007584,1.0 14 1.6 0.8 178.1 251.2
007587,0.0 0 0.0 0.0 10.0 10.0
007588,0.5 12 142.9 34.0 194.9 106.8
007589,1.0 14 277.7 119.6 305.4 177.1 0.7 14 191.0 88.2 210.6 109.2 0.9 14 206.6 92.6 224.5 110.7 0.9 6 99.5 109.4 241.3 192.2 0.9 14 166.7 96.3 184.3 110.5 0.6 14 189.3 84.8 208.9 108.4
007591,0.7 5 5.9 89.9 184.4 438.3
007593,0.7 14 1.2 66.4 15.3 103.1 0.8 13 84.1 132.0 239.1 338.6 0.9 14 5.5 71.5 25.7 105.1 1.0 14 42.3 22.0 172.5 197.7 0.5 14 43.6 24.4 172.2 157.5 0.8 14 45.6 23.7 173.1 281.6 0.8 14 32.2 66.9 53.5 104.7
007595,0.8 2 156.1 193.7 187.2 220.1 1.0 14 104.8 20.2 329.9 221.3 0.5 14 296.0 5.2 458.5 223.0
007596,0.5 16 221.9 37.7 291.7 84.4 0.5 16 189.0 31.9 241.4 78.7
007597,0.9 14 377.4 97.0 499.0 162.1 0.7 13 295.7 95.4 387.2 167.7 0.6 8 261.3 116.5 292.7 155.3
007598,0.5 14 13.0 0.7 62.8 64.7 1.0 14 65.2 79.8 146.0 167.1 0.7 14 378.8 31.9 446.2 115.4 0.6 14 159.0 86.9 307.8 141.9 1.0 14 302.6 52.5 408.8 207.9 0.9 14 380.6 32.8 445.7 166.0
007599,0.5 12 22.5 89.2 226.0 191.7
007602,0.6 9 292.1 2.0 412.6 94.3 0.6 9 115.3 2.2 299.9 106.3 0.5 9 52.8 73.4 296.1 235.4 0.6 9 245.8 92.6 443.3 251.7
007604,0.9 2 139.7 65.7 385.0 160.7
007607,1.0 1 33.8 261.5 234.4 437.1
007608,0.8 2 218.0 88.0 267.0 164.9
007609,0.9 14 80.1 171.8 148.4 283.5 0.8 12 34.1 226.6 192.2 439.1 0.8 14 81.2 171.7 150.1 421.2 0.6 12 33.0 225.5 148.8 443.0
007610,1.0 14 110.8 175.1 126.5 235.9 0.6 14 99.2 178.0 107.7 201.9
007613,1.0 6 16.4 53.9 410.8 226.7
007616,1.0 14 160.7 18.8 235.6 161.8 0.7 12 64.8 61.6 416.2 233.4 0.9 12 66.9 63.4 374.6 233.2
007617,1.0 6 1.2 57.3 136.0 159.3 1.0 6 71.8 56.5 433.3 181.9
007620,1.0 12 60.7 169.7 172.0 468.3 1.0 14 81.2 97.8 164.8 320.9 0.7 14 199.1 260.6 215.2 348.2
007623,1.0 14 123.2 11.5 186.8 85.8 0.9 12 101.0 45.3 224.8 144.0 0.7 12 101.5 44.6 298.9 144.6
007625,0.8 11 226.2 87.9 281.2 163.5 1.0 14 107.0 50.6 203.3 214.0 1.0 14 245.2 55.8 334.8 247.8 0.8 11 185.9 118.0 233.4 180.3
007627,1.0 14 25.4 29.2 135.7 201.9
007628,0.8 14 69.9 1.0 499.3 247.5 0.9 14 219.1 1.4 499.6 245.6
007630,0.7 2 107.7 37.9 278.0 261.6
007632,1.0 0 3.2 85.9 291.4 209.2 1.0 0 3.6 85.8 465.4 209.9
007634,1.0 14 162.4 41.4 238.8 219.8 1.0 14 466.8 54.8 499.9 186.1 0.9 6 67.3 90.3 136.1 107.8 0.7 6 453.7 97.4 478.8 113.3 0.5 11 99.1 146.9 229.9 227.9 1.0 14 27.3 78.5 49.3 117.0 1.0 14 5.5 77.0 34.9 118.5 0.9 6 114.8 90.3 163.0 111.3 0.7 11 100.8 147.5 192.4 198.2 0.9 14 87.8 34.8 498.9 249.2 1.0 14 228.5 34.5 311.2 214.1 0.6 6 60.5 91.8 96.0 106.8 0.8 14 285.7 35.6 499.5 247.8
007635,0.6 3 316.8 2.4 498.6 144.7 0.6 3 321.4 2.7 496.4 143.9 0.8 3 322.4 77.6 499.1 144.6
007636,0.6 12 78.1 124.2 166.6 434.8 1.0 14 74.5 103.1 179.7 308.7 0.9 12 75.5 121.4 174.1 469.3
007638,0.7 11 166.1 43.0 321.6 156.8 0.5 15 1.6 1.0 321.3 210.5 1.0 15 3.8 0.4 496.8 211.5
007641,0.8 2 71.3 270.5 107.3 317.2 0.8 2 74.8 57.7 143.0 170.2 0.9 2 85.8 221.0 128.7 277.4 0.7 2 73.7 108.7 143.7 168.6 0.6 2 74.5 116.5 116.0 165.9 0.7 2 75.2 116.6 115.5 165.4 0.8 2 97.5 59.1 142.1 125.7 0.8 2 197.5 194.4 235.8 223.3
007643,0.0 0 0.0 0.0 10.0 10.0
007644,0.8 15 237.1 112.2 262.4 146.6 0.7 15 247.6 52.1 305.4 77.8 0.5 8 175.3 68.3 222.1 138.3 0.5 14 1.2 145.1 76.4 252.6 0.8 15 332.1 162.8 424.5 255.1 0.6 15 25.3 33.5 118.6 186.5 0.6 15 331.6 178.2 384.3 248.9 0.7 15 243.8 154.1 382.0 254.9 0.9 15 208.4 111.5 232.8 140.5 0.9 15 66.7 42.9 120.4 182.6 0.7 15 310.0 95.5 365.0 141.3 0.7 15 1.4 128.8 60.3 199.7 0.9 15 1.5 82.8 48.9 199.7 0.9 15 76.6 122.0 123.9 180.2 0.7 15 308.4 95.0 414.2 154.6 0.7 15 90.4 101.5 186.6 177.2 0.6 15 69.9 66.7 117.2 181.6 0.9 15 7.4 32.4 47.3 64.0 0.7 15 250.7 101.9 419.3 256.1 0.8 15 38.3 153.1 77.8 201.9 0.6 15 1.2 115.8 43.2 191.9 0.8 15 232.2 31.6 313.0 78.5 1.0 15 231.2 32.5 315.3 79.2
007645,0.9 14 314.9 3.6 338.1 42.7 0.5 14 357.9 1.3 397.9 68.3 0.7 13 327.4 52.7 447.9 194.6 0.7 13 240.9 16.4 405.6 197.9 0.9 14 412.4 7.4 446.6 127.3 0.8 13 343.5 56.3 449.3 159.7 0.8 14 1.1 1.1 23.4 101.4 0.8 14 346.5 1.1 396.0 68.0 0.9 14 1.2 0.9 22.7 36.5 0.7 14 412.9 7.9 444.8 66.3 0.6 13 316.3 51.5 405.1 195.8 0.8 14 347.5 5.2 444.7 152.6 0.8 14 328.3 1.1 362.9 53.8
007646,0.9 1 238.2 132.6 405.2 224.8 1.0 14 271.7 78.5 402.5 204.4 0.8 1 237.8 131.1 388.1 224.9
007648,0.9 10 146.0 170.1 305.7 264.6 0.9 8 293.1 176.5 439.7 268.8 0.6 14 280.9 180.3 325.9 264.7 0.6 4 213.3 159.8 226.2 185.8 1.0 14 247.0 115.1 297.6 168.3 0.6 4 201.2 152.7 215.1 181.2 0.9 14 240.8 116.8 298.0 234.9 1.0 14 34.6 123.3 256.7 268.7 0.8 14 32.6 123.2 177.6 266.6 0.8 14 279.7 126.4 334.3 264.2 1.0 14 282.5 129.4 395.5 260.8 0.5 14 284.2 127.6 333.1 192.4
007651,1.0 14 50.8 105.8 175.4 264.2 0.7 14 2.6 104.8 237.3 499.5 0.6 17 1.3 247.8 239.9 499.8
007652,1.0 14 17.2 35.7 493.1 217.7 0.6 10 1.4 102.6 498.9 233.1
007658,1.0 14 128.4 29.9 249.7 250.4 1.0 14 261.4 55.6 384.5 208.9
007659,0.7 12 73.1 195.8 128.9 372.1
007660,0.9 14 214.5 125.9 231.9 147.4 0.6 3 381.0 141.8 465.5 166.6 0.9 14 101.9 123.5 117.1 144.3 1.0 14 341.2 119.2 359.4 140.5 0.8 14 388.2 123.1 411.2 143.4 0.6 3 62.2 95.9 312.4 164.6 0.7 14 174.1 120.6 190.6 141.9 0.5 3 64.8 0.9 461.0 165.4 0.8 3 64.6 96.5 462.9 167.6 0.5 3 64.8 119.3 463.5 166.0 1.0 14 74.5 122.9 92.8 147.3 0.7 14 174.6 120.6 191.0 141.7
007661,0.9 7 3.4 67.4 367.9 251.8
007665,1.0 6 155.6 97.7 381.8 146.8 1.0 6 426.6 87.6 500.4 142.4 0.7 6 253.1 100.1 381.6 145.5 0.5 1 19.0 90.9 53.2 131.3
007669,1.0 14 59.5 19.0 376.2 249.9
007674,0.8 5 17.7 57.1 436.1 181.1
007676,1.0 14 73.5 155.3 90.4 178.0 0.9 14 1.0 165.2 22.1 184.1 1.0 14 66.1 155.4 84.8 177.4 1.0 0 77.1 32.8 498.2 220.9 0.5 14 68.1 155.4 83.2 177.7 0.9 6 20.9 158.3 71.8 176.8
007681,0.8 2 27.4 80.3 344.3 208.7 0.9 2 19.3 79.9 346.2 242.4
007684,0.6 14 188.6 91.4 206.7 110.6 0.6 14 32.9 83.3 76.0 158.1 1.0 14 160.9 94.9 182.7 135.7 0.9 14 37.5 86.0 74.1 119.4 1.0 14 5.0 58.1 48.1 102.1 0.6 14 116.3 114.4 138.9 160.4
007686,0.5 3 88.1 242.9 112.5 282.6
007689,0.0 0 0.0 0.0 10.0 10.0
007690,1.0 14 0.9 78.9 22.1 143.1 0.5 5 328.6 40.5 395.5 94.8 0.8 5 57.4 10.3 326.7 166.3 1.0 14 23.4 73.5 46.7 142.9
007693,0.5 6 110.5 84.8 170.7 156.2 1.0 6 121.0 76.1 352.6 243.5
007695,0.5 14 48.1 1.2 307.0 179.4 0.8 14 50.3 1.0 265.7 172.6
007698,0.6 2 169.6 93.7 293.8 142.6
007700,0.6 4 105.4 270.1 142.6 455.2 0.8 14 173.5 68.6 205.8 192.1 0.8 4 44.7 271.5 92.7 462.3 0.6 14 17.4 309.6 47.3 361.3 0.8 4 117.8 11.2 164.8 298.3 0.6 4 94.4 37.4 121.2 199.0 0.8 14 175.1 69.1 205.0 157.1 0.5 14 172.6 68.5 202.9 168.4
007701,1.0 6 150.6 184.9 257.0 252.5 1.0 6 83.2 188.7 122.4 236.6 1.0 14 139.8 182.2 159.0 238.1 1.0 6 3.3 184.3 103.4 255.9 0.6 6 182.0 186.3 255.9 251.6 1.0 6 231.4 183.5 391.5 275.3
007703,0.6 9 159.5 61.1 236.9 185.2
007706,0.9 14 70.5 1.0 310.7 328.0 0.7 14 81.0 1.8 416.4 327.9 0.5 14 212.1 127.2 416.3 326.2 0.5 14 234.1 128.1 416.2 303.4
007707,0.9 8 395.8 94.5 465.3 312.6 0.7 16 169.2 206.6 267.8 336.2 0.6 16 119.2 178.2 181.3 286.7
007708,0.9 8 124.8 285.3 273.4 375.7 0.5 8 207.2 282.7 279.0 375.1 0.6 10 2.1 202.3 159.1 314.2 0.9 8 319.7 195.0 350.1 254.8 1.0 8 171.4 208.8 208.3 293.4
007710,0.6 13 1.4 224.8 54.1 321.9 0.8 13 367.2 258.6 444.3 374.7 0.7 13 61.3 257.8 106.6 329.7
007711,0.9 0 73.6 175.7 380.4 318.2
007714,1.0 14 417.0 149.1 434.7 210.9 1.0 14 1.0 178.9 29.3 255.3 1.0 6 148.7 132.1 295.1 269.3
007716,0.0 0 0.0 0.0 10.0 10.0
007717,0.8 19 128.2 66.3 419.1 180.1
007719,0.7 12 0.6 213.1 32.4 411.1 1.0 14 22.6 252.0 54.8 400.4 1.0 14 74.8 150.5 88.9 236.7
007722,0.7 8 217.9 137.5 252.3 173.0 0.5 10 189.8 131.6 235.0 164.2 0.9 8 220.2 139.2 258.5 206.7 0.8 8 286.3 133.0 314.3 187.8 0.7 8 193.4 136.7 228.7 169.9 0.7 10 197.5 133.5 288.4 185.3 0.9 8 139.0 170.7 245.7 227.5 0.7 8 0.9 156.1 39.9 181.6 0.7 10 160.7 125.8 239.4 161.0 0.8 10 2.2 159.9 235.2 221.6 0.6 10 2.9 160.9 240.2 224.0 0.8 8 135.4 147.8 184.6 168.2 0.8 8 288.7 133.2 314.1 186.6 0.6 8 249.6 132.7 288.1 184.8 0.9 8 244.5 134.7 286.8 195.7
007725,1.0 14 168.8 89.4 279.3 206.6 1.0 1 123.5 138.5 309.4 210.6 0.6 14 203.2 89.4 282.2 207.9
007726,0.6 14 5.6 236.0 15.1 268.9 0.9 14 201.4 293.2 220.6 339.4 0.7 14 221.8 252.6 233.7 325.1
007728,0.6 14 236.1 45.7 306.2 120.9 0.6 14 89.3 43.2 378.7 201.1 1.0 14 88.8 43.2 253.5 200.3 1.0 14 353.4 157.0 385.0 192.6 0.9 14 220.2 46.3 375.1 200.4 0.9 14 217.2 91.8 373.3 200.0
007730,0.6 12 47.6 82.2 140.2 332.4 0.8 12 10.0 82.1 139.7 332.1
007733,0.8 7 2.8 154.3 443.9 290.4
007734,1.0 6 32.8 85.9 276.4 212.6 1.0 6 272.9 93.1 376.9 158.4
007737,0.0 0 0.0 0.0 10.0 10.0
007738,0.9 15 250.8 1.0 284.4 62.5 0.5 15 200.2 0.6 280.6 60.5 0.6 15 175.0 0.5 251.7 171.4 0.8 8 0.5 174.3 178.5 499.5
007739,0.9 14 62.0 70.6 227.2 417.7 0.9 14 2.6 70.3 282.0 498.6 0.8 14 61.2 69.7 280.7 450.9 1.0 4 125.6 214.4 168.5 370.4
007741,0.8 2 21.6 191.2 68.8 216.9 0.7 2 71.2 80.9 102.7 93.3 0.8 2 89.1 95.5 121.0 111.7 0.8 2 241.9 52.4 290.6 82.1 0.8 2 354.1 113.0 393.9 133.5 0.8 2 153.1 117.6 191.5 146.9 0.8 2 135.9 171.9 178.3 190.4 0.9 2 220.7 130.4 320.7 172.6 0.9 2 314.7 149.3 416.9 198.9
007744,1.0 14 163.4 81.8 216.9 130.4 1.0 4 213.6 119.7 246.0 227.1 1.0 4 377.1 105.2 441.1 237.3 1.0 4 307.5 107.5 360.7 236.5 1.0 4 140.1 125.3 183.6 228.4 0.9 4 440.7 120.2 493.5 236.4 0.9 4 343.5 114.9 379.2 222.2 0.9 4 1.2 125.0 39.1 253.2 1.0 4 89.1 107.3 142.6 235.8 0.9 14 125.5 104.9 166.9 160.8 0.6 14 404.8 53.7 445.5 118.5 0.9 4 34.7 127.0 81.8 233.4 1.0 4 174.9 109.9 223.1 235.9 0.6 10 1.0 189.4 499.8 276.8 1.0 4 242.3 105.4 290.3 236.5 1.0 4 276.6 110.9 309.1 222.7
007747,0.7 19 272.6 76.8 319.9 134.4 0.8 14 55.4 150.0 202.3 216.9 0.9 17 21.2 146.3 193.8 233.8 0.7 14 56.9 150.4 194.6 197.6 0.7 17 188.8 173.3 494.3 282.0 0.8 8 189.2 194.0 375.8 281.2
007750,1.0 14 77.2 78.8 180.7 309.5 0.6 14 80.6 79.0 168.9 267.8 1.0 12 61.7 102.6 197.4 446.4
007752,0.6 8 261.1 115.3 301.0 169.2 0.9 8 316.7 127.0 359.3 183.7 1.0 14 166.3 78.6 268.5 180.8 0.8 15 8.5 14.6 48.9 49.9 0.9 10 2.2 158.8 348.1 280.8
007755,1.0 14 58.0 37.5 250.7 499.2 0.6 14 115.9 325.1 138.9 398.6 0.8 14 142.5 308.0 175.0 407.5
007756,0.9 19 48.4 54.3 103.4 102.1 1.0 8 308.4 201.4 391.4 281.9 1.0 14 64.5 180.6 209.5 282.9 0.9 8 202.6 202.3 275.5 271.3 0.9 15 221.7 159.9 257.8 198.0
007757,0.5 6 62.4 8.1 208.0 64.7 1.0 6 2.8 8.9 208.1 71.3 1.0 6 398.1 19.6 480.7 49.5 1.0 6 19.0 33.2 483.6 190.6 0.9 6 337.3 14.8 368.6 31.7
007759,0.8 14 455.6 0.5 499.6 238.3 0.5 14 430.7 -0.5 499.6 161.6 0.9 14 160.5 38.2 259.9 238.7 0.6 14 34.1 84.6 82.0 160.0 0.8 14 222.9 38.1 265.3 158.0 0.9 14 72.4 1.6 265.1 236.1 1.0 14 228.9 49.8 364.1 219.8 1.0 14 344.5 0.4 444.0 236.7
007761,1.0 14 17.0 1.2 55.2 64.3 0.7 13 98.8 127.3 158.3 214.3 1.0 6 2.1 11.1 442.8 227.0 0.7 6 352.0 28.8 446.2 117.1
007764,0.7 12 80.6 50.2 417.1 294.3
007766,1.0 14 160.6 24.9 257.0 140.9 0.6 12 14.2 73.0 348.2 272.4 0.9 12 52.4 73.0 349.4 213.1
007769,1.0 14 121.6 111.0 173.7 411.2 0.9 14 41.2 37.3 147.2 474.3 1.0 14 42.5 36.8 130.2 473.4
007770,0.6 11 298.3 63.1 499.4 250.7 0.7 11 299.2 82.4 498.4 250.8 1.0 14 10.8 1.8 363.0 246.2 0.8 14 233.9 0.4 499.9 251.2 0.5 14 230.3 0.0 392.8 250.5 0.7 14 236.2 0.3 499.6 251.0
007771,0.6 9 2.7 51.6 81.2 106.7
007774,0.7 2 410.9 98.5 443.0 138.6 0.6 12 3.1 29.9 336.2 281.9
007778,0.6 11 1.6 62.7 245.3 253.0
007780,0.7 12 259.3 156.8 444.1 281.4 0.6 14 240.8 56.6 419.5 185.5 0.6 14 3.3 27.5 224.9 206.2 0.7 14 304.1 55.0 417.9 183.8 0.9 14 236.2 85.4 319.4 192.4 1.0 14 2.9 28.2 224.7 284.7 0.9 14 216.9 54.8 415.2 282.4 0.5 14 238.1 54.8 417.4 189.9
007782,0.0 0 0.0 0.0 10.0 10.0
007783,1.0 14 235.2 0.9 282.0 78.4 0.9 14 166.0 0.6 232.3 62.5 0.7 14 370.2 1.1 405.1 124.7 0.9 13 2.4 1.3 394.7 283.9
007784,0.5 18 8.0 5.5 498.2 125.2 0.5 18 22.8 10.7 482.1 125.0
007785,0.7 8 200.3 181.1 325.5 283.2 0.7 8 62.3 156.4 199.2 280.7 1.0 14 71.5 110.1 207.9 272.7 0.6 17 199.9 160.9 378.9 284.0 0.9 8 308.4 160.0 380.0 281.8 0.9 8 61.8 157.2 144.9 280.3 0.7 19 234.7 47.2 303.8 129.3 0.5 8 197.7 169.6 323.2 283.5
007787,0.5 11 41.5 49.4 336.8 202.7
007788,0.5 3 2.9 4.3 400.2 279.2 0.6 0 3.7 30.0 398.8 277.8
007789,0.5 14 241.7 103.0 259.6 124.7 0.9 14 118.6 91.6 153.4 165.5 0.6 14 240.2 105.1 260.7 154.7
007792,1.0 14 45.1 150.2 76.8 241.3 0.8 14 75.6 134.7 85.3 166.7 0.8 13 48.1 182.8 77.5 267.5 0.6 14 109.6 138.9 119.8 163.0 0.9 14 75.0 134.3 84.7 166.8
007794,0.6 12 34.0 170.1 174.7 375.1
007796,0.7 6 164.3 190.1 498.1 333.9
007797,1.0 6 63.3 127.1 315.8 330.1 1.0 14 328.3 87.9 411.6 370.5
007800,1.0 6 241.9 179.9 406.4 231.5
007801,1.0 14 228.9 102.5 268.7 161.3 0.5 17 68.3 210.7 216.6 374.4 0.9 14 169.6 140.9 266.9 373.0 1.0 14 168.7 141.5 255.3 268.6 0.9 8 72.4 213.3 215.0 375.6 1.0 10 136.7 248.3 402.0 375.0 1.0 14 243.5 153.1 322.2 259.3
007802,0.8 7 1.6 8.7 444.6 374.0
007804,0.0 0 0.0 0.0 10.0 10.0
007805,0.7 12 108.5 2.0 310.5 374.0
007806,0.7 0 39.1 209.1 332.9 369.0 0.9 0 37.7 208.9 429.1 369.1 0.5 0 203.9 238.4 427.4 370.3
007807,0.6 6 27.5 116.0 403.4 307.1 0.9 6 25.1 31.4 401.8 306.7
007808,0.9 19 287.2 73.9 356.4 153.0 0.9 14 168.9 142.2 187.8 210.8 1.0 14 173.7 132.5 274.5 356.8
007811,0.9 14 47.4 30.6 407.7 357.3
007816,1.0 14 160.8 158.2 202.2 214.2 0.8 19 374.7 103.1 440.8 221.3 0.8 14 243.7 158.4 312.4 186.9 1.0 14 198.5 159.9 239.8 215.8 0.5 17 230.4 177.9 334.1 232.7
007817,0.9 14 45.4 99.4 260.2 481.2 0.5 14 149.9 95.9 315.7 339.4 0.9 14 2.1 22.6 257.1 480.5 0.7 14 47.0 95.5 314.2 480.5 0.6 14 149.6 95.3 315.5 456.1
007818,1.0 6 1.2 176.0 52.7 238.5 1.0 6 77.7 129.8 120.6 157.8 1.0 6 1.3 134.5 36.8 156.8 1.0 6 126.4 127.4 160.1 154.9 0.9 6 161.1 132.2 196.6 156.9 0.9 6 36.6 128.7 67.1 156.9
007822,0.9 14 204.3 105.5 236.5 173.6 0.9 14 203.9 105.4 236.9 197.8 1.0 14 159.0 103.8 212.3 219.4 1.0 14 216.4 121.7 269.8 240.4
007823,0.6 11 46.6 69.9 319.3 352.2
007825,1.0 0 27.1 83.0 433.2 168.0
007827,0.5 14 322.1 136.6 500.4 176.9 0.8 7 29.4 1.1 335.3 177.0
007828,0.8 8 214.5 -0.9 349.8 136.2 0.6 8 214.1 25.1 353.9 140.7
007829,0.9 7 50.6 76.2 195.3 362.5
007830,0.7 12 160.2 104.2 318.0 250.3 0.9 14 159.8 20.5 350.2 250.0 0.9 14 157.3 18.8 398.3 250.8 0.8 12 159.1 100.2 398.4 251.1 0.5 12 249.0 100.5 397.0 248.7
007832,1.0 8 69.3 109.0 190.2 243.1
007835,0.6 6 350.1 14.8 372.1 24.9 0.8 8 313.6 154.5 452.1 222.6 1.0 19 123.9 60.8 232.1 133.0 0.7 8 344.7 93.8 432.5 160.5 0.8 8 189.0 134.5 306.4 220.9 0.8 8 343.1 93.8 452.5 162.5
007837,1.0 0 36.3 60.6 360.2 186.2
007839,0.7 13 42.2 46.4 398.0 320.6 0.6 13 36.9 60.2 399.0 331.5 0.8 6 231.2 0.3 452.0 137.5 0.5 13 93.0 88.5 400.5 318.3
007842,1.0 19 38.0 65.0 315.5 369.8 0.8 19 3.1 14.3 397.5 374.3
007844,1.0 6 2.7 34.2 358.4 317.6
007846,0.0 0 0.0 0.0 10.0 10.0
007848,0.9 13 171.6 60.9 364.0 339.9
007849,0.6 12 379.3 167.7 427.4 263.1 0.6 8 187.0 230.9 240.4 266.5 0.6 12 381.8 161.5 485.3 264.5 0.6 12 408.8 167.0 488.0 265.7 0.7 14 439.7 104.4 470.6 173.6 0.7 8 103.1 219.9 136.0 264.6 1.0 14 428.4 103.9 469.9 229.1 0.9 14 419.9 124.5 465.8 231.4 1.0 14 373.1 82.2 428.4 161.0 0.5 8 144.3 223.4 239.0 265.7 0.7 14 386.7 151.2 427.9 221.1
007850,0.8 3 101.7 28.2 431.4 257.7 0.8 3 96.8 119.4 434.7 258.5
007851,0.7 9 303.1 129.3 365.1 228.3
007852,0.8 18 53.7 125.2 356.1 232.3
007858,1.0 14 264.3 78.6 283.1 112.6 0.8 14 253.5 80.8 270.9 105.0 0.5 14 252.1 80.6 269.1 106.9 0.8 14 136.8 51.6 168.9 112.5 1.0 14 290.6 65.3 324.5 132.7 0.5 8 161.3 0.2 229.0 188.4 1.0 14 341.7 60.3 389.1 142.2 0.8 17 221.1 107.8 340.8 234.6
007860,1.0 14 76.6 97.5 168.9 301.4 1.0 1 52.6 186.3 196.8 348.1
007861,1.0 14 60.4 40.1 80.2 65.0 1.0 6 123.8 18.7 368.1 92.9 1.0 14 47.6 40.6 66.6 66.0
007862,0.5 14 134.8 32.8 236.7 145.5 0.9 14 183.4 53.8 282.3 250.6 0.6 14 30.5 28.6 129.6 197.4 0.8 4 370.6 33.2 382.3 60.4 0.8 14 186.9 48.5 238.4 151.4 0.9 14 37.8 35.1 231.8 207.9 0.7 4 380.1 28.6 398.5 62.4 1.0 14 149.4 64.3 230.8 250.0 0.7 14 210.7 55.0 281.9 158.7 0.5 14 110.3 28.6 208.8 106.6 0.9 14 93.9 64.0 229.0 239.7 1.0 14 84.9 29.1 127.5 104.0 0.7 14 119.5 28.6 175.4 102.8 0.6 12 92.9 77.5 400.9 248.9 1.0 14 133.0 29.8 170.9 88.2 0.8 14 272.1 67.7 341.2 178.7 0.8 14 228.9 66.3 339.7 250.0 0.7 14 277.4 67.3 338.2 144.9 0.8 4 341.0 33.7 353.2 58.8
007866,0.6 13 13.4 3.6 202.7 454.7
007867,0.7 11 3.5 24.2 397.6 193.2
007870,0.9 0 74.0 107.0 242.7 166.8 0.9 14 6.3 155.0 19.3 175.8 0.8 0 1.4 125.2 93.5 171.4 0.9 0 71.8 105.9 336.6 169.7 0.7 14 62.5 147.5 77.9 177.8 0.7 14 84.6 149.2 99.3 177.4 0.8 0 1.8 107.7 335.1 173.2 0.7 14 169.6 157.7 182.8 177.1
007871,0.8 14 110.9 83.4 280.9 310.9 0.8 14 3.3 62.2 185.5 311.0 0.8 14 83.0 84.7 280.9 311.2 0.6 14 185.1 83.4 278.1 311.5 1.0 14 72.2 62.6 181.0 311.9 1.0 14 221.5 51.0 434.9 310.9
007874,0.8 12 161.0 14.6 309.6 265.5 1.0 14 105.6 75.6 174.8 179.8 0.6 14 199.8 1.5 339.3 137.5 0.7 12 90.1 16.0 310.3 265.7
007875,0.8 11 2.0 33.9 217.6 474.5
007879,0.0 0 0.0 0.0 10.0 10.0
007880,0.9 7 33.5 48.3 386.1 220.0
007881,0.6 6 18.3 91.7 356.1 230.9
007882,0.6 14 308.3 45.1 321.9 68.8 0.9 14 226.5 45.7 244.0 77.6 0.9 6 425.3 67.3 498.7 144.1 0.7 14 204.2 43.3 219.2 66.5 0.9 14 202.9 42.7 218.5 67.0 1.0 14 70.7 43.2 91.1 80.4 0.5 14 372.2 44.4 388.2 71.4 0.6 6 431.8 67.4 497.0 93.0 1.0 14 41.5 47.5 69.2 88.0 0.9 14 395.2 49.6 410.5 75.3 1.0 14 154.9 45.5 176.6 78.1 0.7 14 226.7 46.6 243.8 76.7 0.9 14 96.5 44.0 122.9 83.9 0.6 14 433.9 43.9 445.7 65.6 1.0 6 50.2 75.8 447.0 218.4
007887,0.5 14 292.7 1.7 361.6 147.6 0.6 14 1.9 1.7 498.6 275.4 0.9 14 2.4 0.2 376.7 273.0 0.6 14 2.9 0.3 274.6 273.6 0.6 14 303.0 0.9 429.9 147.8 0.8 14 310.1 1.1 431.7 96.2
007888,0.7 14 80.1 54.1 193.7 158.0 0.7 14 82.6 52.7 204.2 156.9 1.0 14 261.8 40.2 429.7 154.0
007891,0.5 11 94.2 19.8 194.5 175.7
007892,1.0 14 119.9 84.4 199.1 426.0
007893,0.6 2 320.5 182.2 430.8 246.7
007894,0.6 9 300.8 89.7 371.9 127.5 0.7 9 118.7 121.9 266.4 211.3 0.6 9 241.6 87.2 297.2 123.0 0.6 9 17.4 93.5 98.3 155.0 0.6 9 253.4 130.7 419.8 232.8
007895,0.0 0 0.0 0.0 10.0 10.0
007896,1.0 14 230.1 46.9 281.7 101.8 1.0 14 201.6 39.9 241.9 99.9 0.6 14 356.0 55.9 423.9 118.0 0.9 8 346.7 127.4 487.0 221.4 0.7 8 0.9 131.1 37.3 214.0 0.6 14 90.1 56.5 202.5 150.7 0.8 8 14.7 73.7 61.1 134.7 0.7 14 130.7 53.4 233.6 174.9 0.9 14 354.1 56.3 423.8 146.8 0.8 14 127.1 53.1 202.2 156.0 0.8 14 226.0 45.7 282.7 164.4 1.0 14 128.9 52.6 198.0 129.7 1.0 14 53.0 75.5 224.8 222.4 0.6 8 46.4 131.2 222.2 221.6 1.0 14 52.5 73.6 177.2 222.4 0.9 10 146.4 95.6 378.5 218.8 0.7 10 150.4 94.1 378.5 161.4 1.0 14 282.9 49.9 364.1 200.6 0.9 8 225.0 141.1 317.0 221.3 1.0 14 314.7 63.0 479.2 221.5 0.8 14 280.1 48.6 359.4 104.4
007903,0.7 14 390.4 73.9 442.3 163.1 1.0 14 318.3 68.7 405.4 166.9 1.0 14 2.0 43.2 162.9 251.8 0.9 17 92.9 96.4 441.4 249.9 0.8 14 320.2 70.4 441.2 166.8
007904,1.0 14 257.0 116.8 277.1 177.4 0.6 14 91.8 118.6 111.4 161.6 1.0 14 277.5 114.8 299.2 175.5 1.0 14 46.1 136.2 60.2 164.6 0.9 14 115.7 126.2 126.8 157.4 1.0 14 332.2 108.9 355.0 173.1 0.9 14 126.9 123.5 138.8 156.2 1.0 14 75.1 123.0 113.9 250.6 0.8 14 108.9 127.3 120.5 158.6 0.5 14 210.7 238.5 243.8 295.9 0.8 14 104.7 126.8 117.2 159.6 0.5 6 219.0 184.5 382.2 370.3 0.6 14 311.8 103.7 328.0 185.7
007906,1.0 6 217.0 14.5 271.1 51.8 0.8 6 372.1 43.5 395.7 108.1 1.0 6 2.5 9.3 185.4 152.1 1.0 6 251.6 22.3 312.3 57.9 1.0 6 203.9 11.6 235.0 50.8 1.0 6 333.0 25.9 388.1 68.9 1.0 6 52.1 69.4 379.9 281.6 1.0 6 310.1 25.6 350.4 56.6
007907,0.0 0 0.0 0.0 10.0 10.0
007912,0.6 14 33.4 0.6 49.9 38.8 0.6 6 402.7 169.9 442.6 247.6 1.0 14 368.2 181.0 403.2 286.1 0.9 5 80.2 75.1 446.7 289.1
007913,0.8 19 253.3 81.9 327.5 165.9 0.6 8 171.1 263.0 263.6 375.2 1.0 14 13.4 91.8 107.9 374.1 1.0 14 183.0 89.0 280.1 274.6 0.5 10 83.3 224.6 404.1 376.5 0.9 14 278.3 93.3 332.5 253.0 0.9 10 162.3 250.1 404.2 375.8 0.6 14 279.3 92.5 331.3 186.1
007917,0.8 14 128.1 57.7 295.2 375.0 0.8 14 109.3 58.0 292.4 375.1 0.5 14 154.9 57.2 291.0 306.1 1.0 14 16.8 108.0 186.2 375.2 0.5 14 158.3 94.0 304.0 374.6 0.6 14 165.3 89.8 399.7 374.4 1.0 14 240.3 84.3 401.8 374.5
007918,0.9 1 1.5 279.7 58.5 360.6
007922,0.9 14 213.7 59.2 246.3 177.9 0.9 2 176.7 204.3 202.0 253.9 0.8 2 175.6 247.5 228.6 312.5
007927,0.9 14 433.0 78.2 447.4 127.8 0.8 14 406.9 79.3 438.0 155.1 0.6 6 0.8 43.9 146.0 166.9 0.9 6 1.9 42.2 149.8 243.4 0.7 14 432.6 78.2 445.9 110.1 1.0 6 128.0 48.4 426.5 230.4 1.0 14 406.1 79.6 436.9 127.5
007929,1.0 14 122.4 123.3 190.3 328.8 0.6 14 94.5 101.7 154.1 290.8 1.0 14 171.2 98.1 242.1 320.0 0.5 14 127.8 125.9 188.6 256.8 0.5 14 103.2 99.9 160.7 256.1 1.0 14 56.2 121.2 119.1 298.6 1.0 14 213.3 106.1 286.4 296.3
007930,0.0 0 0.0 0.0 10.0 10.0
007934,0.8 2 1.1 149.5 212.0 463.9 0.6 2 1.2 151.8 235.1 487.9
007936,0.9 2 113.6 41.0 333.7 322.4
007937,0.7 15 251.2 26.6 363.9 182.8
007938,0.7 7 24.7 56.2 442.8 200.1
007941,0.0 0 0.0 0.0 10.0 10.0
007942,1.0 14 281.3 150.5 341.9 323.2 1.0 14 260.2 63.7 322.3 177.9 0.6 12 79.6 101.5 198.5 254.4 0.5 12 77.5 28.0 195.6 254.6 1.0 14 245.7 148.5 291.0 319.9 0.6 14 245.1 146.8 337.9 323.2
007944,0.8 5 25.7 27.7 498.3 137.8
007945,0.7 14 385.2 222.7 395.8 254.4 0.9 18 75.4 112.7 340.4 278.6
007948,1.0 6 70.9 120.1 438.1 258.1
007949,0.9 6 292.2 186.2 364.8 277.1 0.6 14 19.3 191.3 56.0 241.3 0.5 6 134.8 175.4 221.0 304.0 0.5 5 1.9 159.7 147.9 354.6 0.6 6 212.0 176.7 302.1 294.5
007951,1.0 14 422.9 149.8 444.4 210.8 0.8 14 111.1 124.2 172.4 244.3 0.8 5 1.7 4.7 430.2 263.2
007952,0.9 3 175.4 82.9 265.2 305.1 0.5 3 180.1 275.1 264.8 306.1
007955,0.5 4 1.4 18.9 76.7 372.8 0.6 14 1.4 1.5 398.2 374.1 0.7 14 3.4 0.7 319.6 370.5 0.9 14 2.5 6.1 367.2 370.5
007957,0.8 14 131.4 67.7 212.9 160.4 0.8 14 97.8 67.9 235.1 248.7 0.6 14 190.2 25.5 309.2 204.4 0.7 14 98.6 64.1 306.0 249.8 1.0 14 1.7 101.3 135.5 249.8 0.8 14 97.3 24.3 389.7 251.3 0.6 14 190.8 24.0 391.9 249.8
007960,1.0 6 77.9 110.6 464.7 206.7
007961,1.0 14 161.3 96.3 238.8 252.8 0.9 6 400.7 128.0 499.7 198.4 0.9 6 222.4 147.0 499.1 251.2 0.7 6 321.9 115.0 441.1 145.9
007962,1.0 14 168.3 133.9 267.1 282.2 0.6 14 271.2 163.6 441.3 283.0
007965,0.6 14 237.0 103.5 257.2 136.0 0.7 8 216.3 160.2 301.4 423.4 1.0 14 232.6 103.7 259.6 164.4 0.7 14 16.4 78.7 234.6 425.8 1.0 14 14.7 73.8 169.7 427.2 1.0 14 113.8 98.2 235.7 424.3
007966,1.0 14 94.7 66.6 211.9 262.4 1.0 14 192.2 75.3 294.7 262.2
007967,0.8 6 160.3 92.6 234.1 161.7 1.0 6 171.7 35.8 287.8 90.1 0.9 6 170.6 36.9 251.2 90.0 0.9 6 238.2 40.1 288.5 88.0 1.0 14 58.9 13.8 109.5 148.2 1.0 6 355.8 48.7 422.6 85.0
007969,0.7 14 62.8 131.4 84.9 195.3 0.8 14 137.5 138.9 148.0 172.0 1.0 14 90.2 116.6 140.7 375.2 0.7 12 73.6 304.8 109.8 401.3 1.0 14 31.4 179.4 79.9 421.2 1.0 14 143.5 120.1 207.0 387.1 1.0 14 228.2 145.7 242.3 201.8 1.0 14 201.3 151.0 213.7 193.5 0.6 12 141.9 324.5 173.1 423.6
007972,0.5 12 2.9 77.6 255.3 209.5 0.7 14 270.2 25.5 392.8 184.9 1.0 14 103.7 42.2 198.0 112.1 0.7 12 3.7 45.0 276.5 210.1 0.8 14 104.7 44.5 157.6 111.4 0.7 14 157.8 42.4 191.2 73.8 0.8 12 241.7 36.3 457.9 197.9 1.0 14 299.0 24.2 394.5 109.0
007973,1.0 0 34.6 86.8 358.8 151.0
007975,1.0 14 304.8 152.5 365.7 213.9
007977,0.6 14 60.8 12.0 398.2 282.0
007978,0.9 13 230.3 108.7 287.3 170.8 1.0 14 228.0 79.1 298.0 154.5
007981,0.9 14 100.0 70.3 412.7 250.6 0.9 14 376.2 90.1 451.0 250.1 0.9 14 1.9 71.1 410.6 251.8
007982,0.6 2 366.7 136.6 475.0 198.8
007983,0.7 14 110.7 105.1 145.1 179.9 0.7 14 68.0 112.4 148.6 378.3 0.9 14 14.5 91.5 80.9 289.4 0.6 14 77.1 108.9 127.9 230.5 1.0 14 106.1 104.1 145.7 222.9 0.7 14 76.4 108.7 123.7 240.2 0.8 14 23.3 91.7 81.3 210.3 0.7 1 82.4 258.8 172.1 439.2
007985,1.0 14 191.4 68.1 251.2 220.1
007986,0.7 12 24.7 116.5 173.7 440.4 0.5 12 23.6 56.0 235.4 440.8 1.0 14 64.4 54.2 180.2 447.5 0.5 14 58.0 52.8 206.1 446.3
007988,0.7 14 89.9 12.9 418.1 249.8 1.0 14 219.9 18.2 419.6 249.6
007989,0.5 8 45.2 125.0 71.8 331.2 0.9 8 130.3 151.9 168.2 271.5 0.6 8 0.7 156.3 22.8 305.6 0.7 8 24.0 115.5 70.9 357.0 0.6 10 0.3 258.1 180.2 501.3 0.6 8 130.8 154.2 177.5 272.5 0.7 8 158.1 147.1 216.2 498.8
007990,0.0 0 0.0 0.0 10.0 10.0
007992,0.5 14 20.4 19.6 34.5 37.9 0.9 14 329.4 122.3 365.1 158.5 0.9 6 209.6 83.1 324.4 138.6 0.7 14 41.0 19.6 54.4 44.4
007993,1.0 0 5.0 62.7 456.9 168.8
007994,0.9 14 182.7 78.8 225.3 174.4 0.7 12 163.7 77.0 269.9 174.7 0.8 14 187.4 73.1 271.5 172.9 1.0 14 74.4 95.1 104.0 178.2 1.0 14 336.5 97.4 371.2 178.1 1.0 14 286.1 96.2 343.4 195.7 1.0 14 379.3 90.9 417.7 179.3
007995,1.0 0 24.1 70.9 421.6 135.3
008000,0.8 2 117.4 61.7 141.1 92.7
008003,0.5 14 145.2 1.7 378.9 148.7 0.5 14 83.9 5.9 378.9 162.0 0.5 14 144.5 2.8 298.9 157.2 0.8 13 15.7 48.2 488.0 174.0 0.5 14 158.0 2.2 394.5 159.5
008006,1.0 6 21.9 164.0 114.9 212.6
008007,1.0 1 111.2 1.9 363.7 189.0
008010,0.8 14 203.8 40.2 257.1 115.5 0.8 14 204.3 39.8 259.0 115.5 0.7 12 173.0 49.1 282.2 122.4 0.7 14 4.5 28.3 21.8 59.8 0.8 12 173.8 47.4 312.2 182.3 0.5 14 196.9 40.5 229.6 114.6 0.6 14 224.3 0.8 256.2 31.0 0.7 15 260.8 55.2 347.3 195.0 0.8 14 243.2 76.1 273.3 116.7
008011,0.9 7 28.8 11.2 231.5 153.1
008013,1.0 14 84.4 78.3 167.1 371.3 0.8 14 84.5 81.7 185.8 500.1
008014,0.9 14 3.0 11.4 248.9 499.0 0.5 14 120.7 3.1 189.4 175.7 0.7 11 33.7 159.1 80.4 227.6 0.9 14 137.6 11.4 251.2 499.6
008015,0.5 2 176.4 68.9 274.0 281.0 1.0 2 181.1 68.5 273.5 206.2 0.8 2 181.7 68.6 437.6 283.2
008016,0.5 0 182.5 111.0 452.5 156.3 0.6 0 110.4 58.4 446.6 160.5 0.9 14 243.4 116.4 290.4 151.6 0.9 0 172.2 58.4 450.9 157.2
008018,0.8 14 150.3 79.2 322.4 221.8 0.6 14 3.7 79.4 496.0 255.1
008020,1.0 6 13.7 150.8 120.2 218.3
008021,0.7 13 46.7 13.2 178.0 499.7
008022,0.6 4 221.9 49.7 253.9 135.9 1.0 14 172.3 70.1 281.3 249.5 1.0 14 1.7 16.6 277.3 250.3 0.7 14 1.7 14.0 208.3 253.1 1.0 14 290.4 5.0 499.1 250.5
008025,0.0 0 0.0 0.0 10.0 10.0
008027,0.8 12 1.6 260.7 113.4 499.7 0.8 14 1.4 116.3 115.3 379.4 0.8 14 23.8 116.5 115.1 332.0 0.9 14 1.0 115.2 116.9 459.9
008028,0.7 2 81.0 79.4 212.8 160.9 0.7 16 260.2 121.5 320.9 160.1
008030,0.9 6 80.8 52.3 338.1 154.5
008034,0.8 13 52.8 65.5 228.5 140.3 1.0 14 87.0 23.3 224.1 134.5 0.8 13 224.2 41.0 414.2 158.4 1.0 14 243.2 25.3 411.1 152.2
008035,1.0 6 204.0 329.5 254.2 420.2 0.9 14 144.5 344.1 161.6 382.7 1.0 14 89.0 315.8 106.9 340.4 1.0 14 11.6 322.6 29.1 385.6 0.9 14 36.6 322.4 48.2 349.8 1.0 14 37.4 183.3 54.7 229.7 0.9 14 65.9 298.6 76.3 327.4 0.6 14 54.2 301.1 62.9 328.9
008038,1.0 14 229.3 88.7 275.7 248.9 0.7 19 16.3 36.9 144.4 225.3 0.8 14 385.4 96.6 417.4 124.1 1.0 14 175.2 91.5 234.8 249.5 1.0 14 119.7 79.8 187.5 250.9 1.0 14 260.6 81.7 340.2 249.6
008039,0.8 15 288.1 148.2 304.9 172.3 0.9 15 106.4 119.5 155.7 176.9 0.6 15 200.4 131.2 251.4 170.1 1.0 14 41.3 126.0 75.1 197.8
008041,0.5 14 2.4 23.2 245.2 441.9 0.9 14 1.2 112.2 192.2 442.6 0.7 14 1.0 111.9 188.4 443.9 0.9 14 1.8 112.5 243.5 442.6
008045,0.6 14 355.7 1.2 399.3 73.6 0.5 14 196.0 7.9 273.3 63.0 0.8 14 352.3 1.0 398.5 108.8 0.5 14 318.4 1.4 396.6 106.8 0.6 8 16.2 1.4 370.4 250.1 0.6 8 18.4 18.9 367.7 249.3
008046,1.0 14 125.6 200.9 146.3 251.4 0.8 1 0.6 256.2 11.9 316.7 0.9 1 117.5 222.8 141.6 264.1 1.0 14 60.6 188.3 90.8 296.9 1.0 14 0.6 218.7 13.9 297.5 1.0 1 44.7 235.3 97.2 303.9 1.0 14 135.9 155.1 199.7 360.2 1.0 1 104.9 244.8 197.8 357.8
008047,0.9 6 87.9 0.9 192.8 162.1 0.9 6 35.9 1.2 191.5 203.9 0.8 6 52.6 4.0 224.6 415.9 0.8 6 151.5 22.7 224.2 229.5
008050,0.6 4 242.9 102.2 266.6 157.2 0.9 14 289.5 41.4 316.7 70.1 0.9 19 158.2 93.3 288.7 154.1 0.6 8 132.7 98.0 211.7 228.7 0.6 4 240.6 102.2 263.2 137.5 0.8 14 169.7 115.0 205.9 140.9 0.5 19 98.1 33.2 262.4 102.0 1.0 14 234.2 118.0 275.0 146.8 0.5 10 1.7 139.9 404.0 240.3
008052,1.0 14 200.1 14.8 241.2 59.5
008054,0.8 11 7.7 58.4 381.5 198.6
008055,0.8 0 243.2 73.1 259.4 83.5 0.8 0 252.6 58.6 268.7 68.5 0.9 0 220.8 78.3 236.9 87.4 0.7 0 260.9 94.4 276.6 103.2 0.8 0 213.2 90.4 229.8 100.1 0.6 0 242.2 71.4 258.4 81.4 0.8 0 239.1 99.6 255.1 107.9 0.7 0 245.7 67.1 261.8 77.9 0.8 0 249.8 86.2 265.5 94.8 0.8 0 202.4 79.0 219.8 88.9 0.8 0 239.8 99.0 255.4 107.6 0.8 0 249.9 84.1 265.9 93.1 0.8 0 261.0 48.0 278.1 59.3
008056,0.0 0 0.0 0.0 10.0 10.0
008058,0.6 14 307.1 192.5 427.7 252.5 1.0 14 137.9 45.3 234.2 250.7 1.0 14 1.6 33.1 108.5 251.4 1.0 14 305.2 45.9 403.4 238.8
008059,1.0 14 121.1 9.3 179.5 88.1 0.8 14 263.5 52.3 275.6 66.7 0.5 14 295.0 76.5 311.0 114.9 0.9 14 275.7 82.8 286.6 99.3 0.7 14 12.3 44.3 23.9 66.5 0.7 14 275.9 62.5 285.8 73.2 0.9 12 113.3 31.1 200.9 132.9 0.5 14 274.0 62.4 287.9 100.9 0.8 14 239.2 60.6 251.5 79.8
008065,0.0 0 0.0 0.0 10.0 10.0
008066,0.7 2 139.3 106.9 179.4 167.8 0.8 2 256.6 35.7 357.5 140.8 0.6 2 257.7 33.3 357.1 86.4
008070,0.7 14 41.6 113.8 57.9 142.6 0.6 14 9.5 112.3 35.2 147.1 0.6 14 37.2 112.8 68.3 284.9 0.6 2 195.7 122.2 240.2 189.5 0.9 14 6.1 113.6 40.0 278.1 0.7 12 20.1 132.7 66.1 286.9 0.6 14 4.3 113.9 37.4 221.3 1.0 14 1.4 28.5 217.9 444.6 0.5 14 61.8 123.4 74.1 148.5
008071,0.6 15 1.1 0.5 107.7 261.4 0.8 11 55.4 310.5 189.2 454.5
008073,0.5 8 134.2 137.9 176.2 240.8 0.9 8 265.5 181.3 369.0 249.4 0.9 8 137.9 136.8 210.3 244.7 1.0 14 78.8 35.5 137.0 226.7 0.8 10 167.6 147.4 397.8 246.6 0.6 10 170.0 146.6 398.5 236.0 0.8 8 44.7 155.1 121.0 240.1 0.7 8 137.9 136.3 225.3 245.1
008074,1.0 14 11.5 189.9 42.9 332.2 1.0 14 66.1 126.1 174.6 395.9 0.7 14 38.2 196.1 67.6 330.9 0.9 14 38.3 183.7 68.2 331.3 1.0 1 39.8 256.2 197.8 457.0
008077,1.0 14 287.4 94.5 443.5 374.3 0.6 17 72.2 86.9 439.4 249.2 0.9 14 227.4 154.9 367.3 349.3 0.6 14 1.5 110.6 86.1 212.9 0.9 14 1.1 110.3 122.3 366.7 0.7 14 2.3 96.4 437.4 373.8 0.9 14 1.6 110.6 120.2 287.8 0.9 14 98.5 153.3 365.6 374.3 0.6 14 164.7 96.1 440.9 374.6
008078,0.0 0 0.0 0.0 10.0 10.0
008080,0.0 0 0.0 0.0 10.0 10.0
008081,0.8 14 265.1 7.4 286.6 52.3 0.8 14 318.0 13.8 337.6 75.4 1.0 14 52.0 1.6 100.6 127.6 0.6 14 383.5 6.7 412.9 95.0 0.8 14 245.1 4.2 262.4 48.1 1.0 14 390.1 39.9 423.2 171.8 1.0 14 289.0 13.8 316.0 72.9 0.8 14 232.6 1.3 251.6 40.0 1.0 14 99.8 1.6 146.7 118.1 0.8 14 382.7 7.0 411.6 55.2 0.7 14 423.6 46.4 445.1 161.4 0.7 14 421.1 45.9 442.5 101.3 1.0 14 353.7 27.7 390.9 174.1 0.9 14 263.2 7.1 284.1 48.6 0.5 14 338.4 14.6 366.8 138.7 0.9 14 339.7 14.9 364.9 76.1
008088,1.0 6 0.9 227.4 26.0 261.6 0.9 14 304.3 209.4 342.5 261.1 0.8 5 46.1 2.4 439.5 373.9 0.8 14 19.5 190.7 38.9 236.5
008089,0.0 0 0.0 0.0 10.0 10.0
008090,0.6 16 385.9 153.7 424.8 197.0 0.6 16 409.5 89.8 432.8 107.0 0.8 16 321.3 130.5 343.6 152.5 0.6 9 108.1 174.2 315.1 343.8 0.6 16 12.6 121.9 40.6 146.9
008092,0.7 18 387.6 112.1 467.2 246.9 0.5 18 195.9 118.0 357.5 226.8
008094,0.7 4 194.2 195.3 257.5 245.3 0.8 14 240.6 53.7 415.7 246.6 0.9 14 1.4 50.6 207.7 248.9 0.9 14 1.9 40.9 416.9 248.7
008097,0.0 0 0.0 0.0 10.0 10.0
008099,0.9 3 29.9 112.5 57.2 243.5 0.6 14 93.4 220.3 126.1 274.1 0.9 3 88.2 10.0 131.8 277.3 0.8 14 96.0 222.2 116.8 262.9
008102,0.8 12 108.7 94.3 220.4 191.5 1.0 14 228.2 74.4 332.9 191.6
008104,0.7 14 243.8 133.9 273.3 176.4 1.0 14 388.7 129.2 413.4 181.8 1.0 14 191.7 133.0 221.4 189.5 0.6 6 1.6 123.9 156.2 151.8 0.7 14 359.2 125.3 375.4 170.9 0.9 14 279.8 127.9 302.1 186.4 0.6 0 3.0 54.2 382.0 190.1 1.0 14 339.4 126.4 371.3 207.2 0.9 14 267.0 132.2 296.8 183.7 1.0 14 301.4 124.2 334.0 206.0 1.0 14 371.2 125.9 393.0 172.5 0.9 14 279.3 128.2 300.2 173.1 0.9 14 298.6 124.7 326.4 204.4
008109,0.8 12 61.6 87.5 216.5 208.4 0.8 12 213.6 86.6 372.8 179.3
008110,0.6 14 164.0 20.5 180.9 60.7 0.7 10 54.5 113.2 182.3 237.9 1.0 14 37.0 127.1 150.6 426.2 0.7 14 2.1 126.7 149.8 444.9 1.0 8 183.0 100.9 231.2 227.5
008111,1.0 14 49.3 179.6 113.7 457.7 0.5 12 10.5 34.9 129.1 279.9 0.5 12 11.8 42.1 125.8 458.5 1.0 14 145.9 85.9 213.9 439.4
008113,0.6 8 208.0 109.1 290.2 224.8 1.0 8 281.3 98.5 370.4 226.7 1.0 8 116.9 101.1 212.8 214.2 0.7 8 188.6 94.4 251.9 211.2 0.6 15 441.6 20.3 479.9 51.4 0.9 10 159.2 104.3 315.8 226.4 1.0 8 208.1 109.8 288.5 225.7
008114,0.9 19 206.9 45.8 276.8 145.9 0.6 17 2.8 155.8 368.6 274.4 0.9 6 341.5 128.5 415.8 161.9
008118,0.7 2 260.9 134.2 454.5 212.4 0.9 2 100.3 123.7 261.8 194.1 0.9 2 262.1 133.4 454.6 242.7
008119,0.0 0 0.0 0.0 10.0 10.0
008120,0.8 14 134.7 61.8 211.9 433.1 0.7 14 44.0 63.8 202.8 431.5 0.9 14 2.5 64.7 203.5 431.0 0.8 14 1.3 141.3 112.5 433.3 1.0 14 154.2 183.4 250.3 432.7
008123,0.5 9 218.6 142.8 335.9 216.0 0.8 2 177.0 99.3 267.2 132.5 0.6 9 188.0 141.3 335.2 227.1
008124,1.0 14 314.3 28.8 361.8 155.9 0.8 12 221.9 58.9 495.2 220.8
008126,0.7 12 371.5 113.7 499.6 239.5 1.0 14 144.9 117.7 185.7 148.7 0.9 6 93.2 146.2 441.1 249.6 0.7 6 87.5 91.5 498.9 250.0 0.6 14 174.3 122.6 189.6 142.8 1.0 14 288.7 17.7 406.2 142.9
008128,1.0 14 98.5 38.9 215.9 259.2 0.9 1 86.3 105.7 348.7 299.9
008129,1.0 6 91.2 126.9 328.8 317.7
008131,1.0 14 72.3 79.5 222.7 375.3 0.5 14 263.1 41.0 444.8 290.7 0.9 8 272.7 268.1 400.9 375.4 1.0 14 262.7 41.0 443.6 374.3
008133,0.9 6 91.3 135.6 365.5 343.5 1.0 6 157.7 135.9 367.6 342.3 0.9 6 165.0 162.6 368.7 342.8
008134,0.9 4 169.9 1.3 217.1 145.9 1.0 4 218.2 192.2 269.4 319.6 0.8 4 378.3 14.6 430.1 92.9 1.0 4 366.8 192.5 419.0 316.9 1.0 4 324.0 12.8 381.2 147.8 1.0 4 318.4 192.7 366.3 315.6 0.9 4 425.0 14.6 477.2 147.3 1.0 4 120.1 189.1 164.7 318.1 0.9 4 167.8 190.8 217.7 317.4 0.8 4 17.7 0.4 79.4 151.3 0.9 4 18.3 184.7 74.9 323.9 1.0 4 221.3 2.3 271.3 147.6 0.9 4 122.6 5.0 174.6 140.5 0.9 4 72.4 1.0 125.9 145.6 0.9 4 70.7 185.0 119.4 317.2 0.9 4 420.0 191.0 469.6 320.3 1.0 4 269.6 177.8 315.3 309.1 0.9 4 378.2 14.2 431.3 147.9 1.0 4 278.6 15.6 323.2 146.0
008135,0.9 6 418.0 22.1 446.1 67.1 1.0 6 2.7 2.1 421.2 373.8
008136,0.9 6 19.0 114.7 396.7 326.4 0.8 6 15.6 115.5 442.0 373.2
008143,0.8 6 215.6 177.6 340.0 251.6 0.7 6 207.6 131.8 340.0 251.2
008145,0.6 3 4.3 112.3 354.5 270.9 0.7 3 3.1 151.2 359.9 270.4
008146,1.0 14 98.3 383.6 117.1 469.0
008147,1.0 14 109.8 24.8 181.1 94.7 0.9 12 51.3 39.4 237.4 116.0
008148,0.6 2 114.2 22.4 328.4 284.1
008149,0.5 11 84.9 17.9 367.4 259.0 0.7 11 2.7 16.8 355.0 283.2
008152,0.8 6 1.1 71.6 66.9 148.3 1.0 14 10.6 65.2 47.0 160.8 0.5 6 34.2 72.9 65.7 144.7 1.0 14 177.7 32.6 302.6 283.2 0.9 6 68.3 62.3 401.7 242.9 1.0 14 376.3 66.1 403.9 120.4
008153,0.7 2 204.8 293.9 248.4 391.3 0.5 2 70.8 243.5 94.7 293.6 0.7 2 86.1 330.4 116.2 426.3 0.9 10 0.7 265.2 242.1 502.9
008154,0.9 18 1.6 88.0 460.5 191.5
008155,0.5 8 1.7 264.9 144.8 413.6 0.7 8 172.0 238.1 213.7 376.0 0.8 8 3.0 264.3 145.0 411.9 0.8 15 220.3 163.1 245.1 199.4 0.5 8 0.5 193.2 145.6 412.1 0.9 17 1.3 191.0 145.5 410.3 0.6 8 140.5 242.5 193.7 361.2 0.8 8 139.5 239.2 210.6 372.8 0.8 10 138.3 256.6 212.2 371.5
008156,0.5 8 2.4 2.4 45.1 101.6 0.9 15 41.4 148.6 125.5 316.0 0.8 15 60.9 226.8 116.4 314.1 0.5 15 42.3 106.7 126.9 315.1 0.5 15 41.2 108.3 128.7 397.3
008157,0.5 14 318.9 58.6 372.2 141.1 0.5 14 328.3 57.2 372.0 88.2 1.0 14 417.1 70.6 489.5 210.7 0.7 14 372.3 44.2 433.7 142.5 1.0 14 326.1 55.2 415.0 186.1 0.8 14 364.3 44.8 443.1 150.8 0.7 12 261.0 84.6 479.5 216.5 0.7 14 364.3 44.0 447.1 187.3 0.5 12 261.9 84.3 480.1 216.4
008158,0.9 6 0.8 56.6 173.1 249.1
008161,1.0 6 40.1 223.1 156.3 324.1 0.8 14 144.7 258.0 156.9 299.8 0.9 6 208.5 246.0 235.5 269.8 0.9 6 93.8 103.4 237.0 166.2 0.9 6 0.7 172.9 32.5 239.9 0.5 6 17.7 103.5 249.0 443.5 0.7 6 19.2 160.3 250.6 366.0 1.0 6 168.6 236.8 215.2 278.3
008162,0.5 17 113.2 73.4 298.8 182.4 0.8 15 252.5 120.2 315.9 155.8 0.7 17 0.8 112.5 312.6 248.2 0.8 10 189.9 125.6 391.9 247.4
008165,0.6 6 449.0 54.4 489.6 69.6 0.6 6 421.3 53.8 491.5 74.5
008167,0.9 15 105.2 134.5 153.5 177.0 0.8 15 107.0 95.4 155.1 178.3
008170,0.5 12 1.9 74.7 179.7 374.5 0.8 14 185.5 62.7 214.3 140.1 0.8 14 184.6 63.5 202.2 98.0 0.9 14 134.5 66.1 154.0 98.0 0.8 14 3.1 1.7 179.0 373.6 0.7 14 305.0 1.0 363.3 68.4
008172,0.7 11 121.5 133.1 287.6 488.8 1.0 14 42.0 13.5 293.8 487.3 0.5 11 121.8 131.1 270.2 354.7
008176,0.5 9 61.6 139.7 241.1 319.1
008178,0.5 8 360.3 52.6 402.5 373.3 0.7 17 2.8 28.4 369.8 374.5 0.6 17 62.6 28.9 368.3 374.3 0.7 11 242.0 125.2 309.6 249.5 0.6 11 274.5 56.8 361.3 121.4
008179,1.0 19 71.6 3.9 319.9 225.2 0.6 8 37.6 154.5 151.5 343.1 0.6 8 3.2 13.7 128.1 344.3 0.7 19 71.3 3.3 318.7 344.2 0.9 8 271.7 139.1 366.3 356.6
008181,0.6 11 91.3 7.1 241.6 248.6 0.5 11 1.6 2.3 259.6 286.4
008182,0.7 4 126.5 89.4 146.2 139.6 0.8 4 23.3 6.3 60.8 134.7 0.9 4 115.5 86.9 139.3 139.3 0.9 7 18.7 125.4 454.1 249.0 0.5 7 106.6 125.7 451.4 249.1
008183,1.0 14 26.2 20.8 82.8 279.7 0.7 12 7.6 48.1 180.9 283.9
008184,0.8 8 114.7 147.9 169.5 421.5 0.9 8 69.6 324.9 144.9 444.8 0.9 10 65.2 293.7 168.4 443.5 0.7 8 114.7 148.5 177.6 422.9
008185,0.6 8 1.5 25.0 213.3 477.6
008187,0.6 9 68.5 105.2 194.1 214.1 0.5 9 343.7 32.2 465.5 170.7
008192,0.5 9 203.7 116.3 324.6 214.7 0.5 9 354.4 24.8 413.6 103.5 1.0 14 144.6 37.0 242.3 179.1 0.6 9 342.2 94.6 439.3 225.4
008193,0.9 2 176.4 70.4 353.6 149.4
008194,0.7 14 372.5 191.0 389.0 212.6 0.6 18 38.1 90.6 350.6 217.6
008195,0.5 14 161.8 43.4 273.0 174.3 0.8 6 1.4 14.8 48.7 46.7 0.6 14 31.8 1.1 233.3 198.7 0.8 14 104.3 1.1 233.8 175.6 0.6 14 30.7 1.3 232.9 181.6 0.7 14 3.5 1.9 257.1 252.2
008196,1.0 14 139.9 68.6 257.2 166.9 0.8 10 1.4 151.1 440.2 249.9 0.9 15 348.6 87.2 440.6 156.1
008198,0.5 8 6.9 0.3 159.6 167.9 0.6 10 2.7 8.7 496.2 254.8
008201,0.6 14 1.9 1.4 158.1 114.4 0.6 11 1.2 124.1 232.9 285.8 0.8 14 1.3 0.5 102.1 116.5 0.6 11 190.0 178.6 443.2 284.4
008205,1.0 14 140.9 17.0 180.2 98.3 0.9 12 91.7 51.0 227.1 136.8
008206,0.7 15 116.3 27.0 237.1 265.8
008207,0.7 14 231.9 24.6 306.5 145.7 0.5 14 162.9 31.6 273.2 177.9 0.9 14 118.5 200.1 173.8 271.1 1.0 14 2.0 66.1 118.3 258.2 0.7 14 298.5 11.2 386.9 154.3 1.0 14 269.2 181.0 367.9 297.3 0.8 14 171.8 26.4 306.5 214.9 1.0 14 113.9 196.7 242.7 297.0 0.9 14 155.1 30.5 308.0 213.3 1.0 14 232.8 230.2 283.0 296.4 0.8 14 1.6 64.4 103.5 262.6 0.6 14 128.2 27.1 185.5 111.7 0.9 14 280.4 10.5 386.2 213.9 0.9 14 212.7 200.8 258.6 265.9 1.0 14 124.7 28.3 184.2 143.2 1.0 14 84.4 36.3 138.0 144.7 1.0 14 5.0 180.1 127.8 299.3 0.8 14 173.6 196.0 226.3 259.6 0.9 14 212.3 199.6 258.6 269.4 0.9 14 285.8 10.8 386.4 313.2
008210,0.6 8 239.5 183.2 293.8 242.8 0.8 8 227.5 182.5 295.8 281.6 0.9 10 2.5 185.3 256.2 282.4 0.9 8 154.7 168.4 193.0 199.5 0.7 8 204.2 240.2 283.4 282.1
008212,0.7 6 109.3 243.9 131.6 265.5 0.8 5 105.1 206.0 154.5 250.8 0.7 6 154.9 240.9 176.6 262.1
008214,0.8 2 86.9 92.8 264.9 302.5 0.8 2 87.7 91.5 412.1 304.0
008215,1.0 14 69.8 132.6 151.4 404.3 0.5 12 140.6 129.2 411.8 403.3
008217,0.5 3 335.6 83.3 443.2 186.6 1.0 14 259.1 183.2 274.7 211.4 0.7 3 51.7 62.6 295.9 321.6 0.8 3 334.9 126.1 392.3 185.2
008219,0.8 3 1.3 0.4 92.7 61.0 0.9 14 84.8 95.6 135.9 155.6 0.9 14 134.4 115.1 180.6 161.8
008221,0.6 1 43.7 1.9 436.8 374.6 0.9 1 1.4 60.0 438.2 374.1
008227,0.9 13 333.7 138.0 456.6 331.7
008228,0.7 12 19.0 27.3 241.0 295.9
008230,1.0 14 108.4 123.1 128.9 170.0 1.0 14 89.3 138.7 110.3 185.8 0.8 13 1.2 171.7 59.5 263.2 0.6 13 29.6 125.2 381.0 322.4 0.7 14 105.7 122.8 128.8 177.2 0.8 14 30.7 158.3 53.5 191.1 0.9 14 15.6 123.8 41.1 180.6 0.6 13 28.1 87.5 383.6 322.4 1.0 14 51.1 139.6 74.9 199.5 0.9 13 168.7 130.0 383.8 310.5
008231,0.6 14 241.7 66.5 254.7 89.0 0.8 14 282.4 61.4 295.1 86.1 0.8 14 242.6 67.9 256.6 89.5 1.0 14 297.3 53.2 326.6 90.4 1.0 6 404.4 77.1 443.0 119.6 0.9 14 396.4 58.2 411.2 90.1 0.9 6 1.0 76.7 44.4 115.7 0.8 14 169.9 79.2 186.4 100.0 0.7 14 201.4 59.3 214.3 81.9 0.9 14 260.2 68.2 276.7 89.5 1.0 14 224.7 58.5 241.8 89.9 0.9 6 4.7 30.4 179.6 263.6 1.0 6 8.2 29.6 425.0 373.9
008233,0.7 14 347.4 28.8 377.6 75.1 0.7 8 1.8 141.3 59.1 202.4 0.6 14 106.2 32.1 443.3 244.1 0.7 14 124.6 143.0 171.9 188.9 1.0 14 129.4 31.6 443.6 236.9 0.5 14 128.5 136.2 283.1 197.1 0.9 14 320.7 27.9 376.5 71.3
008234,0.9 14 171.0 78.4 222.3 137.2 0.5 18 11.6 53.9 162.4 161.4 0.9 14 82.9 67.2 108.9 92.7 0.8 14 169.5 77.8 222.1 166.3 0.6 3 227.7 76.1 317.8 159.5
008237,0.8 14 221.3 110.2 238.3 130.3 0.5 6 0.8 21.4 244.4 194.8 1.0 14 198.3 116.3 227.5 161.6 1.0 14 290.1 108.3 309.3 146.5
008238,0.7 4 340.2 154.0 379.1 193.6 0.5 11 41.7 112.7 301.4 219.3 0.6 11 5.2 111.3 301.3 219.5 0.8 14 62.6 54.5 298.9 220.1 1.0 14 61.5 53.0 385.9 220.5
008239,0.9 14 98.7 35.8 210.7 220.5 0.7 14 101.7 35.6 210.7 189.6 0.8 14 46.0 35.4 208.0 190.1 0.9 14 41.0 36.9 207.7 222.8 0.9 10 0.3 158.1 443.9 245.0 1.0 14 196.3 26.5 343.1 175.6
008240,0.6 11 92.9 27.5 250.6 204.7 0.8 11 246.1 75.5 442.4 221.7
008242,0.6 6 1.7 75.6 306.4 246.3
008243,0.0 0 0.0 0.0 10.0 10.0
008245,0.5 8 29.3 187.0 193.5 288.9 0.5 8 6.8 182.0 115.0 286.8 1.0 14 20.4 130.2 72.1 233.4 1.0 14 164.1 116.0 209.9 185.4 0.9 14 19.2 129.9 71.3 280.3 0.6 8 36.2 187.7 129.8 280.1 1.0 14 208.5 121.0 255.5 198.6 1.0 14 79.6 118.0 144.8 171.3 0.8 10 60.6 169.9 402.0 285.6 0.7 10 59.7 169.2 401.5 285.4 1.0 14 287.8 123.0 343.7 225.5 0.5 14 38.0 131.2 131.3 275.8 0.8 14 244.2 116.4 299.6 223.1 1.0 14 248.6 117.1 292.8 202.0
008246,1.0 6 416.9 65.5 494.7 88.4 0.9 5 167.5 37.9 317.1 120.3 0.8 5 4.6 33.0 174.8 140.2 0.8 5 300.8 41.3 429.3 100.0 0.5 6 231.6 78.4 322.3 114.5
008247,0.8 18 106.8 24.4 442.2 239.5
008249,0.6 14 10.1 41.3 36.0 55.8 0.9 14 333.7 20.6 430.3 107.9 0.5 0 23.0 42.1 465.5 158.2 0.9 14 331.7 20.7 431.0 147.1
008255,0.8 1 23.8 230.1 133.1 425.8 1.0 14 27.1 113.9 116.4 356.0 0.7 1 23.5 230.6 137.4 427.1
008256,1.0 14 119.0 38.8 185.4 173.5 0.9 12 28.6 51.9 245.3 301.7
008257,0.6 8 245.3 0.9 296.6 86.7 0.5 4 114.7 90.2 148.4 157.7 0.9 4 164.1 111.4 194.6 174.3 0.6 11 109.0 32.9 166.7 98.7 0.8 10 23.7 40.2 323.2 228.8 0.8 10 29.9 65.3 323.1 227.7 0.8 8 212.7 4.3 271.9 76.0
008259,0.8 14 174.0 106.2 208.9 166.7 1.0 6 1.5 27.9 96.7 103.9 0.9 14 158.8 91.6 199.4 142.6 0.9 14 104.9 36.1 195.9 155.8 0.8 14 103.6 36.1 203.3 203.9 1.0 6 75.5 15.2 219.7 111.1 0.9 14 105.4 35.1 203.1 163.3 1.0 6 213.9 14.4 405.5 135.7 0.9 12 186.7 101.6 360.0 275.0
008264,0.7 14 435.4 126.4 447.1 150.6
008265,0.7 14 3.6 22.9 264.9 250.9 0.8 14 2.3 14.6 445.0 250.2 0.8 14 3.4 22.3 190.2 251.1 0.8 14 39.5 18.0 440.9 251.5 0.7 14 297.6 0.4 445.6 248.2 0.7 14 143.6 13.7 444.8 250.5
008266,0.6 14 372.6 104.1 397.1 127.5 0.9 18 7.2 59.3 425.2 207.8
008267,0.6 11 169.6 104.0 309.9 247.3
008270,0.7 6 91.4 4.8 372.4 153.2 0.8 6 19.2 6.9 374.5 283.9 0.5 6 19.5 79.1 377.8 282.2
008271,0.6 15 140.1 136.2 171.0 183.1 0.5 14 114.2 213.7 123.2 257.3 0.9 1 9.4 227.6 61.7 296.7 0.5 14 70.4 220.9 87.0 264.8 1.0 14 108.6 213.4 118.3 256.0 0.5 14 78.0 220.4 89.2 261.2 0.8 14 102.3 214.4 111.5 258.0 1.0 14 74.9 222.0 87.7 260.1 1.0 14 187.0 168.4 216.5 290.8 1.0 14 44.0 198.5 63.5 265.8 1.0 14 103.6 213.8 113.5 256.0 1.0 14 121.6 213.3 132.6 259.1
008273,0.9 13 18.2 195.8 247.0 444.0
008274,1.0 19 117.6 62.1 218.6 136.7 0.6 8 390.0 171.1 446.8 249.1 1.0 19 220.3 17.5 421.4 157.5
008276,0.9 14 92.4 41.8 435.8 251.4 0.6 14 178.6 40.5 437.9 250.7 0.7 6 322.7 121.6 404.7 151.0
008277,0.5 4 227.7 0.8 282.8 91.5 0.9 19 171.7 34.2 232.4 90.3 1.0 14 2.2 23.9 246.3 201.3 0.9 19 235.5 41.6 314.1 101.6
008278,0.7 2 83.6 254.2 103.7 284.8 0.9 3 61.3 83.4 154.1 294.0 0.9 3 202.0 216.8 222.6 283.4
008283,1.0 6 79.9 66.2 418.8 173.6
008286,0.6 3 184.0 -0.5 341.4 203.1
008287,0.8 14 279.2 36.7 445.3 250.7 1.0 4 247.0 135.7 311.6 249.8 1.0 14 75.6 57.4 258.0 235.2 0.9 14 197.9 36.2 443.4 250.9
008288,1.0 19 273.6 51.1 349.0 112.6 0.9 14 14.8 44.9 261.1 250.8 0.9 14 12.1 43.3 178.6 250.8 0.6 10 158.7 102.7 440.1 245.7
008289,0.0 0 0.0 0.0 10.0 10.0
008290,0.5 6 273.2 27.9 322.5 47.2 0.9 6 117.6 16.8 275.7 68.6 0.9 6 279.7 46.3 335.7 76.5 1.0 6 89.1 17.8 328.4 182.4 1.0 6 360.5 31.9 445.4 75.6
008291,0.8 19 136.6 125.9 188.7 181.5
008298,0.6 9 334.8 80.9 499.8 231.8 0.5 9 1.9 58.6 226.0 174.2 0.5 9 80.5 66.0 353.1 196.2
008303,0.6 12 96.1 72.4 327.4 188.5 1.0 14 177.9 32.5 256.9 178.1 0.9 12 44.3 66.9 327.3 292.5
008304,0.0 0 0.0 0.0 10.0 10.0
008305,0.9 2 118.7 69.2 373.1 280.1
008308,0.6 3 248.3 50.3 371.9 169.2
008309,1.0 14 2.9 49.1 347.1 282.6
008314,1.0 14 236.1 36.4 303.6 147.9 0.9 12 169.8 68.2 448.3 204.3
008321,0.7 14 1.3 23.7 216.9 434.6 0.8 14 1.8 23.7 159.6 499.3 0.8 14 1.5 24.0 151.6 498.2 1.0 14 2.1 25.8 217.0 499.2
008324,0.9 13 190.4 138.4 282.1 188.6 0.6 14 13.2 148.2 57.4 210.3 1.0 6 20.9 122.2 143.3 182.9
008325,0.6 14 161.3 49.8 378.3 250.1 0.5 12 37.4 56.0 242.2 247.2 0.5 14 27.6 42.9 222.7 250.8 1.0 14 27.1 41.5 177.3 251.7 0.9 14 162.9 60.2 444.0 252.1 0.8 14 220.7 63.4 383.2 244.1
008328,0.7 11 95.1 147.3 166.4 377.0
008330,0.6 4 1.0 307.7 37.5 417.9 0.5 4 171.3 322.7 204.6 432.3 1.0 4 114.7 349.5 143.7 442.1 1.0 4 145.6 336.6 172.2 441.5
008331,0.7 18 76.4 55.8 319.4 207.2 0.6 18 326.4 103.6 407.6 196.2
008333,0.0 0 0.0 0.0 10.0 10.0
008334,0.0 0 0.0 0.0 10.0 10.0
008337,0.8 5 2.0 23.6 401.3 247.6 0.7 5 226.3 32.7 402.5 245.9
008339,0.6 18 58.3 100.2 148.0 157.2 0.7 18 60.5 100.1 282.3 156.5
008340,0.8 14 185.6 170.6 315.6 251.0
008343,0.6 11 8.1 115.7 202.4 499.8
008344,0.8 16 240.4 95.4 266.2 118.3 0.8 16 176.2 83.3 217.5 111.4 0.6 16 60.0 68.3 107.6 103.7 0.7 16 1.2 65.6 41.1 95.9 0.8 16 177.0 83.0 217.3 111.6 0.8 16 313.0 135.9 379.4 178.1
008347,0.6 15 164.1 38.9 244.4 160.8 0.9 8 405.4 103.8 451.7 219.6 0.9 8 104.5 122.7 188.4 217.1 0.7 10 103.6 149.7 253.3 221.0 0.6 8 249.3 119.8 307.8 198.2 0.9 17 0.9 110.5 180.6 197.2 0.5 19 3.4 34.6 62.4 91.4 0.7 17 0.9 111.1 178.5 219.8
008348,0.9 2 126.0 26.4 288.8 148.1
008350,1.0 14 75.0 136.6 101.2 306.1 0.9 14 91.7 125.8 138.1 312.4 0.6 14 74.3 137.6 97.6 230.3 0.5 12 75.5 2.0 225.4 499.0 0.8 14 103.1 132.3 138.1 374.3
008352,0.7 0 60.0 23.0 440.9 253.7
008353,0.9 6 14.3 54.9 65.9 87.5 1.0 6 120.8 85.1 269.6 137.2
008354,1.0 14 167.2 32.5 224.7 118.2 0.9 12 80.3 63.8 317.7 200.5 0.8 12 188.1 62.9 318.0 199.3
008356,0.8 11 109.2 5.9 396.5 281.2
008357,1.0 6 424.1 113.2 459.2 127.7 0.8 5 63.3 52.1 423.0 157.6 1.0 6 36.5 114.1 65.6 129.7
008358,0.6 9 141.7 24.4 315.7 202.7
008361,0.5 11 177.2 51.2 396.6 201.9
008362,0.8 14 185.7 0.6 307.1 89.5 0.6 14 33.0 26.4 339.6 247.4 0.9 4 135.7 64.5 257.8 247.0
008363,0.7 6 159.7 63.3 240.6 86.9 0.5 6 243.2 68.7 347.7 92.2 0.6 6 142.6 63.4 243.8 112.9 1.0 14 40.8 26.4 173.2 283.5 0.7 6 113.9 83.0 444.2 282.4
008366,0.7 5 43.1 11.4 402.7 266.1
008367,0.8 6 41.3 29.0 134.0 86.4 0.7 6 33.3 34.8 56.1 52.6 0.7 13 361.9 84.9 397.7 131.2 1.0 14 423.5 99.6 446.6 139.9 0.8 13 305.1 90.6 361.5 133.6 0.6 8 72.4 122.9 137.6 203.9 1.0 14 108.5 18.2 191.0 213.2 0.7 13 222.1 198.8 352.7 284.3 0.6 6 128.4 30.0 156.0 49.8 0.5 13 187.6 150.5 318.5 237.7 0.7 13 192.1 151.5 352.0 285.3 0.9 14 268.3 179.0 400.6 249.0
008369,1.0 14 321.4 147.8 363.0 178.9 0.8 3 330.6 172.5 366.1 196.9
008371,0.5 2 234.4 29.8 269.4 59.3 0.7 2 189.2 42.2 237.2 66.8 0.8 2 4.9 28.1 369.0 212.0
008373,0.8 3 143.5 88.6 222.3 128.4 0.9 3 181.5 89.8 221.7 126.4 0.7 3 140.7 92.5 177.7 122.0 0.6 3 140.5 94.2 167.2 122.1 0.9 3 294.1 101.5 347.1 125.3 0.7 3 292.7 103.2 310.6 124.8
008375,1.0 6 183.3 449.2 241.2 489.2
008377,0.9 14 1.4 1.9 118.6 366.3 0.8 14 142.2 1.8 441.6 373.8 0.5 14 221.2 1.7 443.4 374.6
008378,1.0 6 77.9 95.1 471.5 269.4
008379,1.0 4 283.5 1.4 440.8 374.4
008380,0.5 17 52.8 116.8 377.9 266.8 0.8 15 437.1 55.5 499.7 250.2 0.7 17 1.7 118.2 240.7 269.9 0.9 17 6.8 113.7 483.9 267.8
008382,0.8 8 227.9 98.6 266.0 202.1 0.8 8 176.5 100.8 234.7 175.2 0.8 4 164.9 169.7 211.9 262.6 0.9 4 124.8 30.5 142.1 104.0 0.7 15 32.1 16.5 96.1 114.5 0.9 8 105.0 118.9 174.8 210.9 0.9 14 333.1 88.4 373.6 144.1 0.9 8 1.4 154.5 48.0 260.7 0.9 4 127.0 30.8 144.1 102.1 0.8 8 175.4 102.0 236.3 246.6 1.0 10 1.4 147.8 380.4 437.5
008383,0.9 14 309.3 64.3 340.0 119.7 1.0 14 119.7 59.3 149.7 143.7 0.7 14 236.3 136.5 256.9 170.5 1.0 14 83.9 133.2 107.9 164.5 1.0 6 297.1 179.3 439.7 313.2 1.0 14 250.8 78.7 274.6 112.0 1.0 14 86.9 57.9 117.9 150.1 0.7 14 193.6 131.3 218.1 167.0 1.0 14 36.8 102.7 62.2 173.2 1.0 14 1.0 133.4 24.6 206.8 0.7 14 121.9 59.0 147.9 110.2 0.6 14 281.8 132.2 307.4 217.9 0.9 14 370.5 64.9 396.6 111.4 0.9 14 1.1 73.2 16.3 140.1 1.0 6 -0.2 98.9 435.7 334.8 1.0 14 353.8 94.0 382.8 160.5 1.0 14 48.8 134.1 80.7 174.8 0.9 14 120.8 100.0 140.2 144.5 0.6 14 15.9 103.2 39.5 173.5 0.6 6 0.6 171.5 441.7 332.7 0.5 14 228.4 136.7 255.7 220.2 1.0 14 379.2 86.4 409.6 162.5 0.7 14 290.8 131.0 307.4 159.5 1.0 14 313.9 94.3 347.1 158.1
008389,0.7 15 392.4 1.1 440.8 90.6
008392,0.6 4 172.4 0.1 218.5 114.4 0.9 14 96.7 94.3 306.6 308.2 0.9 14 152.9 94.8 302.4 311.1
008393,0.8 2 182.7 81.4 443.0 371.9
008394,0.8 8 22.8 47.8 233.2 402.2 0.9 8 29.2 45.9 231.0 397.4
008395,0.8 8 29.1 28.7 242.5 290.8
008396,0.9 14 176.7 86.6 282.1 325.4 0.6 11 5.6 78.3 174.6 180.7 0.6 17 2.8 7.0 303.8 245.0 0.7 11 128.3 310.5 219.5 373.5 0.5 14 251.5 0.5 439.8 220.5 0.5 14 176.3 12.9 341.6 324.5 0.9 14 339.4 0.7 441.5 205.7
008399,1.0 14 123.2 108.9 211.9 300.0 1.0 12 52.7 135.4 289.2 478.3
008400,0.9 14 368.4 54.3 447.5 364.9 1.0 14 47.3 114.7 174.3 370.3 0.9 14 160.9 1.6 443.9 373.8 0.6 4 396.8 232.6 445.6 367.6 0.9 4 147.1 231.8 169.3 282.4 0.9 14 163.6 97.0 409.0 369.3 0.6 14 167.9 95.8 443.0 371.7
008401,0.6 14 199.6 30.2 235.5 218.5 0.9 14 203.3 30.9 233.1 164.4
008402,1.0 14 240.7 142.1 292.2 325.1 1.0 14 405.8 151.9 500.3 329.0 1.0 14 364.5 159.2 429.8 325.3 1.0 14 288.9 166.6 349.9 324.6 0.8 14 101.9 143.8 187.7 329.6 1.0 14 164.1 130.2 255.7 327.3 1.0 14 57.8 143.4 179.9 328.9 1.0 14 322.9 161.3 381.2 326.1 0.9 14 284.5 168.5 329.2 324.5 0.9 14 310.5 150.0 336.6 186.1
008404,1.0 19 165.1 73.9 294.3 215.0
008405,0.8 8 1.0 194.2 221.7 375.2 1.0 19 160.6 52.0 251.4 151.5 0.7 17 3.3 198.9 225.3 373.2 1.0 19 68.2 48.4 167.6 164.8 1.0 4 138.5 120.3 157.1 169.6 1.0 19 282.4 48.8 388.3 161.9 0.9 8 223.5 161.7 289.2 316.5
008406,0.9 14 390.6 291.3 409.1 321.4 0.6 5 121.2 253.7 284.8 336.2
008407,0.7 8 349.1 204.8 431.6 373.9 0.6 8 294.7 208.6 429.2 374.8 1.0 8 286.6 208.3 389.2 374.2 0.9 19 80.9 176.4 172.6 275.6 0.5 19 63.9 174.1 175.1 278.0 1.0 14 133.9 129.5 314.8 374.3 0.5 8 344.9 207.9 392.1 318.3 0.9 8 390.6 195.6 440.8 374.1 0.9 19 308.9 152.8 355.4 218.8
008408,0.8 6 0.8 68.6 437.6 374.6 1.0 6 72.3 66.2 439.3 360.9
008411,0.7 4 49.5 148.2 111.5 353.0 1.0 14 3.0 1.9 275.9 374.2 0.9 4 277.3 1.2 446.2 374.1
008412,0.8 18 130.2 129.0 356.7 209.0 0.7 18 0.8 127.7 357.1 208.4 0.6 18 313.8 95.1 499.9 205.3
008414,0.8 4 392.1 90.1 417.3 163.2 1.0 6 73.2 76.9 423.4 334.6 0.9 4 371.5 112.6 392.0 165.5
008417,0.9 8 55.9 321.2 140.7 401.7
008418,0.5 16 238.4 32.4 270.3 55.2 0.6 16 375.3 28.6 400.9 47.2 1.0 14 3.6 2.2 289.3 283.0 0.6 9 283.6 58.0 390.7 197.2 0.5 16 334.6 32.9 357.6 56.0
008419,0.0 0 0.0 0.0 10.0 10.0
008420,0.8 11 3.0 46.6 369.4 268.2
008421,0.9 6 99.1 52.6 397.0 172.4
008428,0.9 19 150.5 10.5 277.6 110.5 0.6 8 20.7 2.3 437.8 280.8
008431,0.6 8 354.5 150.0 422.3 215.6 0.6 8 221.6 76.6 260.8 159.4 0.5 8 249.6 134.8 314.3 213.1 1.0 8 251.1 134.6 341.0 222.6 0.9 10 254.0 127.8 406.7 220.3
008432,1.0 6 33.5 248.6 205.2 436.4
008435,0.8 18 140.6 93.4 286.1 170.2
008436,0.6 8 1.2 153.2 84.6 279.3 0.9 14 41.7 26.8 135.1 216.8 0.5 14 42.0 25.2 134.8 202.0 0.8 14 133.9 9.8 188.8 131.2 0.7 8 3.1 153.6 87.6 251.2 0.5 14 41.4 25.5 135.0 279.9 0.5 14 44.2 26.8 134.3 155.0 0.7 14 42.5 24.7 134.8 278.1 1.0 14 105.8 10.1 312.1 284.0 0.6 4 264.7 58.8 276.3 88.0
008439,1.0 14 38.7 75.0 247.7 499.6
008440,0.6 15 209.9 0.8 257.6 46.6 0.8 0 24.8 37.3 443.8 281.4 0.7 15 172.9 19.8 203.5 52.9
008441,0.6 12 64.6 12.5 221.0 198.2
008446,0.7 14 90.5 42.7 178.7 240.7 0.5 14 60.7 41.2 183.4 460.5 0.9 14 61.2 40.0 186.2 456.4 0.5 14 57.5 39.2 184.4 338.4 0.8 14 61.5 41.9 178.5 247.1 1.0 14 71.6 210.2 190.8 474.3
008447,0.7 6 32.9 10.8 62.9 37.5 1.0 6 21.4 29.7 443.0 262.5 0.7 6 94.8 14.6 129.2 36.5 1.0 6 235.9 0.8 332.2 39.8
008448,0.9 5 341.7 191.7 401.3 246.8 0.8 5 299.5 193.5 401.4 246.5 0.8 15 140.7 224.1 162.5 243.4 0.8 8 201.9 200.8 227.4 265.9
008451,1.0 19 48.9 145.1 149.8 205.0 1.0 14 222.3 27.5 374.2 224.8 0.7 19 143.1 167.6 205.9 207.8 0.6 14 88.4 159.5 106.1 183.9
008455,1.0 14 68.2 220.2 104.1 412.5 0.7 14 55.0 219.8 102.7 413.4 1.0 14 54.5 218.9 81.1 362.2 0.6 13 52.2 230.4 177.3 420.6 0.7 13 86.4 231.5 178.7 420.5
008457,0.8 15 17.7 407.0 40.4 486.7 0.9 15 29.0 63.5 65.9 166.5 0.9 15 18.7 171.0 55.4 279.5 0.7 15 38.2 295.7 61.7 367.7 0.5 15 53.3 225.9 63.9 278.4 1.0 15 18.6 191.1 40.2 279.6 0.9 15 27.1 52.2 80.6 275.4 0.8 15 42.9 226.6 62.4 280.3 0.9 15 66.3 221.2 83.1 278.0 0.5 8 63.4 397.5 91.7 499.9 0.9 15 18.4 290.6 41.0 371.2 1.0 15 65.0 295.7 87.3 369.2 0.6 15 47.4 58.3 84.1 163.9 1.0 15 69.5 227.5 88.7 278.9
008458,0.8 4 91.0 195.4 111.8 225.1 0.8 8 339.8 108.0 402.3 224.9 0.8 4 19.9 203.2 38.5 228.1 1.0 14 92.7 39.7 208.5 225.3 1.0 14 209.5 38.9 348.0 225.5
008459,0.6 0 318.9 86.2 439.4 113.4 0.8 0 7.2 100.6 444.6 196.5 0.6 0 113.6 102.8 238.2 147.2 0.6 0 1.7 89.1 443.4 229.0 0.7 0 15.6 99.2 247.8 156.4 0.7 0 7.1 135.6 447.1 227.6 0.9 0 52.2 103.3 249.8 187.8 0.7 0 317.4 87.6 437.5 113.0
008460,0.6 14 142.3 8.9 312.0 199.2 1.0 14 144.0 8.5 430.9 199.7
008463,0.9 14 112.2 79.6 203.5 225.2 1.0 14 30.6 84.7 203.3 225.7 0.9 14 27.6 85.1 129.2 223.7
008464,0.5 5 146.6 160.6 185.6 179.9 1.0 6 309.1 172.1 358.1 193.5 1.0 6 144.6 167.5 173.5 181.3 0.9 6 75.5 169.3 101.5 181.2 0.9 6 349.2 172.1 385.1 190.6 1.0 6 186.6 169.7 213.1 182.2 1.0 6 37.1 171.5 70.3 182.8 0.6 14 255.9 166.1 269.3 182.7
008469,0.8 14 144.3 0.7 442.0 252.4
008471,1.0 19 77.2 149.1 136.2 197.2 0.9 19 80.9 42.7 136.5 102.0 1.0 19 280.9 102.5 356.7 173.5
008473,0.0 0 0.0 0.0 10.0 10.0
008474,1.0 14 64.1 23.0 210.4 319.4 0.8 14 65.7 22.0 210.1 438.7
008476,0.7 12 29.4 234.6 151.6 310.9 0.5 12 151.1 205.9 180.5 307.5
008479,0.8 6 0.8 78.9 91.3 144.5 1.0 6 399.2 109.2 444.8 151.2 0.8 6 361.5 110.5 397.4 140.3 0.7 6 41.7 79.4 92.3 141.9 1.0 6 121.6 73.6 352.3 181.1 0.6 6 344.4 112.5 366.0 140.0
008480,0.7 12 55.0 185.1 111.4 497.9 1.0 14 141.7 233.3 157.3 301.0 1.0 14 14.6 238.0 33.0 325.0 0.9 14 211.9 217.9 226.4 428.4 1.0 14 169.6 228.9 187.4 302.6 0.5 14 58.0 136.6 119.8 500.2 1.0 14 0.7 217.1 13.2 330.8 1.0 14 155.2 233.4 170.0 300.5 1.0 14 54.6 183.0 117.1 498.0 1.0 14 30.4 216.7 48.2 304.7 1.0 14 107.6 225.1 129.7 328.6 0.6 14 211.7 220.8 224.4 335.8
008481,0.9 0 15.0 44.2 497.4 221.7 0.6 0 16.0 43.0 496.8 221.9 0.7 6 322.3 7.4 406.8 27.2
008486,0.9 19 137.8 226.9 179.4 279.9 0.6 19 102.9 226.7 178.0 287.7 0.9 19 102.2 227.1 143.9 287.0 0.7 8 45.0 294.0 98.8 492.7 0.7 19 0.6 99.0 35.2 174.7 0.9 8 112.0 237.1 198.9 432.5 0.7 19 121.5 117.0 155.6 192.6
008487,1.0 14 13.1 1.7 431.8 278.4
008488,1.0 6 302.9 137.9 404.2 181.7 0.6 5 219.2 68.3 357.6 164.6 1.0 6 1.2 118.0 129.5 191.2 0.6 5 223.0 68.5 418.7 164.3
008489,0.7 11 78.4 92.0 233.4 276.5
008490,1.0 8 9.4 244.3 118.2 457.3 0.6 8 184.8 237.4 236.8 426.9 0.7 4 84.1 176.1 94.7 215.7 1.0 10 51.0 222.3 211.4 442.1 1.0 8 117.8 236.5 223.7 449.1
008491,1.0 14 127.5 100.3 173.2 204.5
008493,0.9 8 138.7 9.7 208.3 63.9 0.9 8 58.9 6.3 126.6 67.7 0.8 11 124.0 22.6 340.9 132.9 0.9 8 373.9 3.5 441.3 71.2 0.9 8 275.9 9.6 344.4 71.3
008496,0.6 8 83.6 243.1 174.7 448.0 0.9 14 115.2 105.8 182.8 448.3 0.6 8 165.0 251.5 222.2 390.1 0.6 14 115.2 106.4 184.5 247.2 0.9 14 84.2 106.3 183.7 448.0 0.6 8 84.3 244.9 222.1 446.2 0.5 8 0.9 280.8 78.4 479.6
008497,0.0 0 0.0 0.0 10.0 10.0
008500,0.8 18 27.2 24.7 395.6 112.9 0.7 18 7.3 23.7 427.4 113.1
008501,0.6 14 115.8 299.5 124.4 335.0 0.9 14 81.3 289.7 89.6 320.7 0.9 14 49.9 283.4 57.7 313.6 1.0 14 92.2 292.8 100.5 326.5 0.9 14 62.7 287.3 71.0 317.8 0.7 14 61.4 287.4 69.6 317.2 0.9 14 102.7 296.6 111.8 330.8 0.9 14 117.2 299.7 126.6 336.1 1.0 14 131.6 303.6 143.3 340.7
008504,1.0 6 204.8 21.3 282.1 65.1 0.9 6 275.5 7.3 319.1 27.2 0.5 14 113.3 1.0 139.3 17.8 0.9 6 44.0 0.9 105.2 21.5 0.9 6 386.9 27.5 438.1 60.2 1.0 6 391.2 34.9 451.2 74.6 0.9 6 137.4 57.9 218.7 94.1 1.0 6 94.4 41.6 165.5 77.5 1.0 6 295.1 40.9 352.5 75.8 1.0 6 133.5 102.4 275.7 159.3 0.8 6 43.5 3.0 76.4 27.1 1.0 6 263.6 46.6 335.4 84.1 0.6 6 94.6 39.4 204.1 79.9 1.0 6 305.3 80.5 399.7 132.4 0.9 6 163.9 0.9 210.3 15.0
008505,1.0 14 163.1 76.2 257.2 220.0 1.0 14 55.9 80.2 167.4 187.3 0.6 10 1.5 176.1 380.5 254.8 0.6 14 259.4 121.5 379.5 251.0 0.6 14 246.1 70.1 361.4 217.7 0.6 10 1.3 184.4 346.3 252.5 0.9 14 244.0 69.6 317.0 218.3 0.8 14 251.2 73.3 379.6 250.3 0.9 14 244.0 68.2 313.2 191.5
008507,0.6 1 71.3 1.5 362.3 250.0
008508,0.0 0 0.0 0.0 10.0 10.0
008510,1.0 17 15.7 84.1 398.4 249.6 0.9 14 230.0 84.8 400.3 159.8 0.9 14 323.3 85.2 399.4 158.8
008511,1.0 1 8.4 15.2 437.6 254.5
008515,1.0 1 49.9 115.1 234.5 205.0
008516,0.5 11 140.0 32.8 443.4 294.4
008520,0.8 4 312.9 194.1 341.6 245.6 0.8 14 329.2 42.9 444.5 296.6 1.0 4 256.4 167.8 289.8 257.7 1.0 4 223.6 84.6 246.9 135.0 0.9 14 120.9 46.1 186.0 156.3 0.7 4 318.4 94.9 335.4 129.3 1.0 14 181.1 7.1 286.8 116.3 0.9 14 184.3 7.3 293.3 177.8 0.6 4 146.2 242.6 180.3 292.4 1.0 14 1.8 39.9 182.2 287.9 0.9 10 2.4 109.4 442.1 293.1 1.0 14 330.6 41.8 445.7 235.1 0.8 4 285.2 79.7 308.5 126.0
008525,0.6 19 5.0 68.6 173.2 373.0
008527,0.7 9 76.6 87.1 213.9 170.6 0.5 12 121.8 118.6 300.9 293.1 0.6 9 1.0 109.3 44.9 232.3 0.7 9 284.5 89.0 445.4 220.5
008528,1.0 14 167.0 74.8 225.3 148.9 0.7 14 370.3 29.6 444.8 292.4 0.6 14 50.2 57.5 172.3 217.1 0.6 14 356.1 54.5 414.8 137.3 0.7 14 394.7 31.1 445.3 291.8 0.6 14 216.2 66.7 354.6 170.6 0.6 14 19.5 57.9 170.2 240.3 0.8 14 1.8 58.4 172.3 292.5 0.8 14 166.6 75.0 216.0 133.3 0.6 14 265.2 52.0 415.7 186.3 0.5 14 153.0 74.4 228.5 173.7 0.6 14 16.4 57.8 257.4 292.1 0.7 14 8.7 58.3 256.5 290.5 0.8 14 2.1 56.7 208.3 292.4 0.9 10 146.2 163.9 439.6 288.2 0.9 14 213.9 70.8 276.6 144.9 1.0 14 255.8 49.0 356.5 172.2 0.8 4 242.5 172.4 281.5 265.3 0.9 14 354.9 54.8 417.7 205.9 0.7 14 280.5 51.3 434.5 254.0
008531,0.8 14 289.5 99.1 310.8 121.6 0.9 14 189.5 107.9 207.5 124.5 1.0 14 234.0 104.3 258.0 123.4 0.8 5 165.2 60.9 334.5 221.8
008532,0.0 0 0.0 0.0 10.0 10.0
008537,1.0 14 359.9 142.2 401.0 227.6 0.9 14 338.4 160.4 377.0 230.0 0.9 14 416.4 153.0 443.5 209.7 1.0 14 303.5 140.1 349.2 233.9 0.9 0 0.6 9.1 445.0 232.4 0.6 0 2.3 63.6 237.2 234.1 0.7 0 1.0 60.3 445.2 231.5 0.9 14 43.8 157.4 75.7 242.7
008538,0.0 0 0.0 0.0 10.0 10.0
008539,0.6 4 279.3 33.4 351.1 142.8 0.9 7 29.3 16.9 442.4 253.1 0.9 4 372.6 11.8 441.5 140.2
008540,0.8 14 184.0 27.2 274.0 102.4 0.6 14 27.3 0.8 122.6 156.4 0.6 1 258.6 110.3 414.9 250.5 0.8 14 288.5 39.4 386.9 176.0 0.5 1 254.1 110.1 413.0 219.6 0.6 1 335.9 110.2 415.9 209.3 0.5 14 3.0 0.2 123.0 158.2 0.9 14 294.0 38.6 388.9 224.6
008543,0.7 17 1.1 162.0 125.9 285.8
008544,0.5 11 162.8 0.5 293.6 53.4 0.7 11 265.4 13.1 413.4 61.8
008545,0.9 3 189.3 245.0 231.8 344.2 0.9 3 67.0 5.7 180.9 379.7
008546,0.0 0 0.0 0.0 10.0 10.0
008547,0.9 15 9.2 -0.4 167.8 166.5 0.9 15 141.5 28.2 223.0 200.0 0.8 15 142.6 126.1 210.9 199.6 1.0 15 223.8 42.5 334.3 199.2 0.7 15 285.7 0.1 397.5 200.5
008548,0.6 6 218.5 14.9 333.9 50.6 0.5 14 79.4 33.9 116.5 65.7 0.9 14 341.9 10.0 359.3 57.0 1.0 6 386.7 14.9 443.6 62.7 0.9 6 198.9 1.3 333.0 72.8 1.0 14 24.0 9.5 38.6 44.9 0.7 14 47.4 4.1 62.3 44.7 1.0 6 47.0 22.4 415.2 222.9 1.0 14 357.5 5.5 387.4 74.8 0.8 14 326.4 13.7 344.2 56.7 1.0 14 333.4 12.5 352.5 57.3 0.6 14 337.6 9.7 355.5 56.1
008551,0.7 2 158.6 83.2 371.1 229.6 0.7 2 1.0 36.1 101.3 119.8 0.6 2 1.5 36.2 102.0 101.9 0.6 2 242.9 81.4 373.8 204.1
008552,0.7 0 0.8 242.7 167.0 403.2 0.7 0 2.2 240.3 221.2 497.4 0.7 0 2.1 238.1 221.6 403.6
008554,0.9 0 206.2 74.3 400.5 132.3 0.9 0 207.6 73.6 438.4 132.4
008555,0.5 12 74.1 201.1 171.8 383.1 0.5 12 108.3 197.8 171.2 381.8 0.9 4 183.9 329.9 198.1 376.9
008560,0.8 14 257.7 86.0 281.9 107.4 0.9 5 183.4 64.0 328.1 169.3 1.0 14 388.4 158.2 489.9 223.3 0.9 6 426.9 126.7 500.1 183.9 0.9 14 162.8 108.9 181.4 142.7 0.5 14 126.5 99.7 144.6 145.2 1.0 6 392.0 120.2 448.8 159.3
008561,0.9 19 23.2 98.6 143.8 145.4 1.0 19 143.6 39.2 319.5 147.1 0.9 19 20.9 57.9 144.4 148.6 1.0 19 327.1 36.4 500.1 158.3
008563,0.0 0 0.0 0.0 10.0 10.0
008565,0.5 2 49.0 120.4 148.8 466.8 0.6 2 48.9 122.3 152.8 466.4 0.9 2 53.9 120.8 135.6 430.2 0.5 2 48.5 121.1 267.7 466.2
008566,0.9 15 176.4 48.3 212.6 81.1 0.6 1 2.4 1.4 170.7 87.7 0.5 2 71.8 89.2 220.4 199.1 1.0 14 106.1 40.7 357.7 251.2
008567,1.0 14 94.3 6.7 221.1 498.5
008569,0.5 14 52.5 12.4 192.7 188.9 0.7 14 264.0 11.4 399.0 125.6 0.9 14 90.5 12.8 194.0 188.8 0.5 14 52.0 13.4 190.7 250.2 0.6 14 260.5 10.8 498.6 223.3 0.6 14 152.0 12.3 497.5 221.1
008570,0.9 2 80.3 211.2 124.6 253.2 0.8 2 127.9 194.0 179.2 238.2 0.7 2 78.5 185.6 180.0 253.8 0.9 2 58.4 209.6 82.1 253.6
008571,0.0 0 0.0 0.0 10.0 10.0
008574,0.7 12 33.1 280.0 138.6 487.3 0.7 14 77.7 173.8 146.9 485.8 1.0 14 80.2 173.2 145.5 338.3 0.8 12 33.2 278.7 205.9 494.9
008575,0.8 7 3.8 3.0 222.4 498.6
008577,0.8 6 144.3 0.9 224.7 51.7 0.7 14 301.8 1.3 443.3 249.4 0.7 6 273.6 2.6 332.3 45.9
008578,1.0 14 240.7 93.5 268.9 134.7 0.6 14 219.7 99.1 245.7 134.2 0.5 3 126.5 113.3 444.6 167.3 0.8 3 128.0 94.0 446.1 168.7 0.5 3 127.1 113.7 446.4 166.5
008579,0.8 14 288.8 136.1 331.1 205.0 1.0 14 170.4 107.6 186.8 130.9 1.0 14 78.5 107.5 99.9 140.6 1.0 14 48.2 106.8 68.2 144.5 1.0 14 175.3 119.2 217.8 216.9 0.9 13 48.6 123.7 186.6 204.1 1.0 14 139.1 105.6 155.6 130.9 0.6 14 291.9 136.6 417.7 205.3 1.0 14 216.0 118.0 264.7 225.6 0.7 14 357.2 152.5 418.4 187.2 0.9 13 261.9 144.9 420.5 214.2 1.0 14 64.9 107.5 85.7 143.1
008580,0.6 18 67.5 98.6 419.9 191.3 0.6 5 209.4 99.9 419.9 191.8
008583,0.9 4 294.8 96.5 318.5 151.0 1.0 4 322.5 111.7 344.9 161.9 0.7 14 1.9 1.9 429.9 250.8 1.0 14 2.1 1.4 319.0 250.4 1.0 4 361.5 109.5 383.4 160.3
008589,0.8 2 177.1 74.8 294.7 129.1 0.9 2 178.0 60.2 357.8 129.4 0.7 2 266.2 60.1 359.2 91.8
008590,0.8 3 281.6 134.2 317.9 157.1 0.8 3 225.8 128.3 262.3 143.2 0.6 3 379.2 99.9 439.1 167.0 0.9 3 283.0 128.7 319.8 158.5 0.8 3 377.9 141.2 411.7 167.5 0.7 3 281.3 141.3 316.8 158.5 0.8 3 171.2 118.3 195.3 143.3 0.9 3 295.1 126.1 376.6 195.8 0.8 3 377.4 137.6 434.1 166.1 0.9 3 294.7 161.4 375.4 196.0
008591,0.9 4 147.0 17.1 167.3 104.9 1.0 4 68.5 16.9 89.3 112.5 0.9 4 125.0 12.4 146.0 107.2 0.6 4 102.2 10.9 118.0 52.2 0.7 10 1.8 18.2 225.2 446.2 0.7 4 87.0 24.7 127.9 183.9 0.9 4 2.9 150.3 65.5 414.3 0.6 4 122.4 12.1 149.1 118.8 0.9 4 168.1 0.7 193.9 88.7
008593,0.8 14 302.1 61.8 326.2 90.0 1.0 14 212.5 54.9 257.6 117.3 0.8 12 215.4 68.2 316.1 153.6 1.0 14 81.7 49.2 122.5 120.3 0.6 12 305.4 77.6 428.6 149.1 0.9 14 462.4 61.6 479.9 116.6 0.7 12 271.0 75.1 369.0 151.4 0.5 12 431.9 89.3 480.1 146.3 0.9 14 345.3 66.0 373.8 113.2 0.7 14 127.5 60.3 154.5 81.6 0.8 14 130.3 61.3 162.7 107.2 0.7 12 41.4 72.8 176.4 158.1 1.0 14 128.4 60.2 154.4 84.4 0.9 14 279.0 62.2 325.4 121.9 0.7 6 320.1 60.4 379.3 75.5
008594,0.0 0 0.0 0.0 10.0 10.0
008597,0.6 13 125.4 116.1 231.5 186.2 0.9 13 127.6 69.4 435.6 187.3 1.0 14 216.0 61.4 353.7 181.6
008598,0.5 9 116.4 73.3 256.4 171.8 0.7 9 315.9 92.1 494.5 193.6
008599,0.5 15 0.5 144.9 18.2 222.4 0.9 15 39.8 83.5 61.5 134.7 0.7 15 30.5 2.0 55.5 130.4 0.6 14 0.6 74.6 34.6 224.4
008600,0.9 15 113.0 0.8 215.3 72.0 0.6 15 144.8 6.4 212.2 52.9 0.7 15 117.0 0.8 213.6 47.9 0.7 4 164.3 63.9 302.5 111.4 0.5 17 0.9 1.4 498.6 205.4 0.6 15 113.8 0.6 214.0 71.3 0.5 8 2.3 1.5 497.4 203.8
008603,1.0 14 103.4 10.6 200.1 249.6
008605,0.8 12 193.9 86.1 278.6 153.6 0.8 12 125.8 83.6 180.3 151.3 1.0 14 220.6 56.3 254.8 95.0 1.0 14 116.1 55.8 149.3 97.8 0.8 14 112.8 54.8 150.0 122.1 0.6 12 48.3 86.5 123.0 113.8
008609,1.0 6 24.8 52.5 384.5 205.0
008611,0.8 19 357.6 29.7 485.3 123.4 0.9 19 362.3 30.1 461.9 73.3
008613,0.8 11 12.9 51.5 447.9 175.7
008614,0.5 8 125.3 134.1 295.3 212.5 0.7 17 106.6 118.3 288.7 211.5 0.6 17 113.1 115.9 321.1 190.3 0.6 17 110.4 117.1 274.2 151.5 0.6 8 325.0 95.6 414.5 180.0 0.5 8 45.9 129.2 132.3 212.6 0.5 8 224.3 132.0 299.0 213.7 0.6 8 324.5 96.6 416.2 196.3 0.7 8 231.9 121.4 324.3 213.5
008616,0.6 14 177.6 18.8 343.3 221.7 0.9 14 393.0 45.8 453.9 207.7 0.9 14 309.8 37.3 376.2 198.5 0.7 14 108.5 52.6 199.9 143.8 1.0 14 397.8 46.2 454.5 128.3 0.5 14 114.6 52.3 363.6 220.9 0.8 14 111.4 52.1 197.5 128.1 0.9 14 2.1 33.6 124.3 221.3 0.9 14 179.1 18.6 393.7 221.7 0.5 14 311.9 36.6 387.5 218.2 0.8 14 291.2 33.7 391.7 221.3 0.9 14 310.9 36.7 368.4 107.4
008619,1.0 14 254.6 6.4 305.3 68.1 0.6 14 269.4 6.5 305.2 55.5 1.0 14 419.6 12.6 455.8 132.1 1.0 14 1.1 59.6 55.9 213.7 0.5 13 48.8 32.2 283.7 219.4 0.6 14 61.8 39.0 89.1 72.8 0.8 13 45.7 19.0 399.3 220.0 0.8 14 255.6 5.5 304.1 79.1
008622,1.0 6 92.4 93.3 220.2 160.6 0.9 6 79.5 42.9 123.9 72.8
008623,0.8 13 138.6 130.1 222.9 222.2 0.9 13 55.4 128.8 225.7 230.5 0.9 14 121.2 108.3 176.6 231.6 0.9 6 188.2 134.4 220.9 154.7 1.0 14 90.4 107.0 177.9 233.1 1.0 14 46.1 144.0 85.4 203.1 0.5 14 156.6 129.1 174.5 154.8 0.8 14 221.0 131.7 231.7 150.8
008625,1.0 14 363.1 121.7 387.1 154.4 1.0 14 432.8 123.6 455.5 151.3 0.7 6 0.9 129.4 74.0 168.4 0.7 0 98.4 34.0 499.3 148.8 0.8 0 255.7 35.5 499.5 141.0
008626,0.7 15 401.6 81.4 452.1 220.4 0.9 8 339.4 105.5 389.9 156.0 0.7 15 403.0 81.9 452.4 204.8 0.9 15 400.0 81.8 455.3 160.1 0.8 8 24.9 150.8 97.0 221.2 0.6 4 178.3 79.3 197.3 106.9 0.5 8 337.0 108.0 376.5 154.3 0.6 10 264.6 148.8 441.7 222.5
008627,0.9 4 188.8 131.6 220.6 213.3 1.0 4 184.8 113.7 219.7 213.5
008629,0.0 0 0.0 0.0 10.0 10.0
008630,0.5 5 88.0 52.3 388.5 223.8
008631,0.7 2 254.2 103.0 304.5 141.4
008632,1.0 6 146.6 122.8 400.3 239.2
008634,0.6 14 114.7 278.9 165.1 328.4 0.7 14 391.0 159.8 416.5 360.0 0.5 12 106.2 151.3 315.7 372.8 0.9 14 163.0 207.6 182.9 254.6 0.9 14 143.7 282.0 166.7 326.9 1.0 14 344.9 121.0 386.3 277.0 1.0 14 208.2 231.3 230.3 270.1 1.0 14 235.7 232.5 258.5 278.7 1.0 14 255.8 230.8 276.8 272.7
008637,0.0 0 0.0 0.0 10.0 10.0
008640,1.0 14 408.2 222.5 443.9 266.9 0.5 12 36.6 45.4 188.3 231.8
008641,0.6 11 177.7 100.6 306.7 265.2 1.0 14 58.1 1.9 346.3 374.3 0.8 11 173.4 101.3 346.7 375.0
008642,1.0 14 2.1 199.0 20.7 256.9 0.5 6 18.2 128.0 380.4 292.0
008643,0.6 3 2.1 157.2 162.9 229.2 0.5 3 147.2 121.1 298.8 227.4 0.7 3 2.2 61.1 160.0 230.1
008646,0.9 8 163.3 63.3 240.6 291.1 0.8 8 1.7 111.3 185.2 374.6 0.8 8 254.5 69.2 407.8 277.4 0.7 11 159.4 316.8 248.5 375.2
008648,0.6 13 24.6 161.4 98.2 229.1 0.5 13 28.0 167.0 91.9 228.0 1.0 14 18.4 126.2 106.8 228.7
008649,0.6 11 2.3 1.8 445.6 262.3 0.6 11 163.5 0.4 444.3 261.0
008650,0.8 8 284.3 124.4 442.5 259.8 0.6 8 281.9 124.4 427.0 257.8 0.9 17 2.0 13.8 440.4 260.8
008651,0.6 11 56.8 25.6 254.3 231.6
008652,0.0 0 0.0 0.0 10.0 10.0
008656,0.8 11 1.4 65.5 282.9 232.5
008657,0.9 6 0.7 88.7 442.1 262.4
008658,1.0 6 16.4 95.5 231.9 368.6
008659,0.7 19 120.5 22.8 438.0 201.4 1.0 19 130.3 25.6 403.5 133.6
008660,0.9 19 237.0 42.1 326.6 128.4 0.6 19 238.3 34.5 326.2 92.2 0.7 19 309.1 19.3 411.5 128.0 0.9 19 309.3 66.5 401.1 127.0 1.0 19 81.8 92.0 227.0 173.7 1.0 19 238.3 17.2 412.7 133.3
008661,0.6 18 -0.6 66.8 320.3 154.2
008662,0.7 2 144.4 37.9 243.9 202.5 0.5 2 102.2 43.4 178.2 162.4 0.5 2 220.2 2.4 445.0 252.2
008664,0.9 14 44.6 70.2 203.3 500.0
008666,1.0 14 1.1 43.0 210.0 443.8
008668,0.9 6 1.9 57.3 195.9 215.7 0.5 6 3.1 20.1 482.6 218.7 0.5 6 250.2 18.9 479.7 217.1
008669,0.6 14 116.6 124.5 145.9 156.5 0.6 0 94.5 69.2 498.9 171.0 1.0 14 336.5 109.4 375.2 166.1 1.0 14 152.0 106.5 206.6 168.5 1.0 14 448.5 100.0 485.0 173.0 0.9 14 213.1 130.0 234.5 158.6 0.6 6 316.1 109.8 349.4 120.6 0.5 0 1.9 69.4 499.7 169.5 0.9 0 100.7 71.2 447.5 171.6 0.7 0 78.2 71.5 498.2 171.2 0.8 14 248.8 130.1 273.0 157.7
008671,0.7 8 83.6 142.6 160.1 283.3 0.6 8 325.6 143.4 405.2 197.0 0.5 8 358.5 113.5 420.0 191.6 0.7 8 339.4 113.2 419.7 194.0 0.6 14 414.8 113.0 438.3 182.5 0.6 14 377.1 110.6 433.2 189.0 0.6 8 41.8 30.4 155.3 209.3 0.5 16 0.9 88.1 85.8 180.3 0.5 8 276.5 115.3 403.2 194.8 0.9 8 84.3 143.5 159.2 226.9 0.6 8 268.7 106.1 318.9 161.9 0.6 10 222.2 98.9 323.6 157.4 0.9 8 221.3 109.7 268.8 160.2
008672,0.6 18 40.9 120.2 298.8 141.9
008673,0.7 1 37.3 147.2 64.0 236.7 1.0 8 47.0 218.0 126.3 467.1
008674,0.8 11 69.0 56.7 436.2 284.2
008675,0.6 11 74.8 219.3 137.0 269.7 0.9 19 156.8 35.1 303.9 190.9 0.5 8 3.3 215.1 136.2 280.3 0.7 19 94.4 2.0 374.8 239.2 0.8 19 160.3 26.0 374.3 219.5
008677,0.0 0 0.0 0.0 10.0 10.0
008678,0.5 15 201.9 281.1 245.9 343.4 0.6 8 17.8 228.1 47.8 328.4 1.0 14 60.9 159.4 152.9 443.8 0.7 14 2.0 161.8 141.8 499.0 0.5 10 116.9 348.2 245.2 500.5 0.5 8 30.8 229.9 51.5 305.5
008679,0.5 18 1.4 102.0 145.2 214.6 0.8 8 185.4 241.4 226.2 281.5
008681,1.0 14 40.9 155.0 219.9 331.8 0.7 14 240.2 53.7 381.6 225.1 1.0 14 242.0 53.9 426.3 331.7
008682,1.0 14 79.1 40.8 143.6 124.8 0.9 14 46.6 48.9 96.8 152.9 0.6 14 48.8 46.4 142.1 208.3 0.9 14 47.9 49.2 96.0 205.9 1.0 6 65.3 93.6 489.9 262.0
008684,1.0 6 8.0 102.0 389.4 266.5
008685,0.0 0 0.0 0.0 10.0 10.0
008686,1.0 4 194.8 145.1 236.2 320.1 0.5 4 171.4 307.2 226.5 375.0 0.8 4 268.8 221.3 291.7 279.8 0.8 19 115.3 55.4 185.2 123.0 0.6 19 380.9 15.1 405.0 83.7 0.7 4 143.6 281.7 189.8 375.1 0.6 6 121.1 79.8 170.7 121.8 0.9 10 1.8 121.2 405.8 375.1 1.0 14 277.6 1.7 400.7 151.6
008689,0.8 6 218.2 0.7 331.0 46.6 1.0 14 172.8 1.3 214.4 112.5 0.9 6 51.1 0.9 158.6 45.6 0.6 6 4.3 1.0 130.2 48.6 0.7 14 381.1 6.0 405.6 41.3 1.0 14 323.1 1.3 355.3 107.8 0.9 13 374.7 21.1 454.1 97.3 1.0 14 117.9 30.3 167.1 112.1 0.6 13 157.8 54.1 198.2 112.7 0.9 13 67.8 69.9 334.3 269.0 0.8 13 1.8 41.8 86.8 123.9 0.7 14 377.3 5.9 403.7 94.5 0.9 14 146.9 33.0 180.2 109.8 0.8 14 199.0 31.4 251.9 109.2 1.0 14 136.2 14.7 331.9 257.1 1.0 14 349.6 1.3 382.0 104.9 0.7 14 54.6 34.5 88.4 94.1
008693,1.0 6 32.8 83.3 452.1 332.4
008694,0.7 14 30.5 218.0 60.4 291.6 1.0 6 346.9 175.4 453.8 240.1 1.0 14 175.1 127.6 210.3 174.7 0.9 13 163.4 147.5 220.8 196.7
008696,0.7 18 13.0 53.8 243.9 141.5 0.7 18 13.3 59.7 498.0 219.7
008697,1.0 4 124.7 77.6 186.9 496.6
008700,0.6 14 2.3 49.0 173.8 235.1 0.9 14 210.4 45.1 280.2 99.8 0.6 14 12.2 44.4 273.6 281.8 0.5 14 11.5 51.6 235.3 284.7 0.8 14 114.8 49.2 172.8 95.2 0.7 14 14.0 47.5 401.3 285.3 0.5 11 3.0 60.9 396.9 282.2 0.5 14 130.9 52.1 172.0 95.6 0.7 11 178.0 64.6 399.4 282.1
008703,0.5 7 146.7 58.8 356.6 271.6
008704,0.8 14 186.8 105.2 202.8 137.2 0.6 3 190.5 111.8 233.6 137.2 0.5 3 190.4 116.1 230.7 137.2
008705,0.6 11 102.1 59.9 239.8 202.7
008707,0.9 19 121.3 87.3 243.4 182.5 0.8 19 7.4 97.2 110.7 187.7 1.0 19 255.9 65.2 397.4 179.4
008708,0.7 6 233.0 153.5 249.4 164.5 0.5 12 56.4 126.5 128.9 214.8 1.0 14 98.1 134.1 204.7 282.2 1.0 14 206.8 124.5 320.2 282.0
008711,0.6 6 176.1 9.5 498.6 163.8 0.7 6 18.3 69.5 487.3 309.3
008712,0.7 18 120.8 115.4 331.1 230.8 0.9 18 118.9 116.5 429.9 254.8 0.6 18 279.1 131.3 427.1 253.1
008714,1.0 0 15.8 65.9 477.8 289.4
008715,0.9 14 437.4 261.1 499.2 332.1
008719,0.8 4 24.8 262.2 90.0 338.1 0.8 14 400.7 69.3 443.5 244.1 0.8 14 107.4 0.8 293.8 256.0 0.6 14 5.1 1.6 294.6 333.9 0.9 14 105.8 0.5 296.5 313.7 0.7 10 -1.4 238.3 442.3 375.3 0.8 4 281.9 1.7 414.7 291.1 0.6 4 283.2 0.7 438.8 296.1
008721,0.6 14 136.9 69.4 310.0 361.2 0.6 14 19.9 57.8 196.3 211.1 1.0 14 1.4 57.9 195.6 296.2 1.0 14 169.0 68.6 444.3 374.1
008724,1.0 6 267.0 84.8 464.9 212.7
008726,0.7 11 186.2 427.9 263.6 500.3 0.6 12 165.7 310.7 211.4 444.6 0.8 14 158.7 2.2 273.2 447.6 0.7 5 0.0 78.2 185.5 490.8 0.8 14 124.2 109.7 149.3 177.1 1.0 14 171.4 3.2 319.0 499.6
008729,0.6 14 172.0 209.8 195.1 311.2 0.7 14 371.4 1.4 428.3 164.0 1.0 14 186.8 125.9 230.7 194.0
008734,1.0 14 51.1 22.3 67.1 67.8 0.7 6 6.9 1.5 245.4 181.3 0.7 6 199.8 11.9 240.7 65.8 0.8 14 70.8 37.5 116.5 169.6 0.7 6 67.8 0.8 246.0 173.4 0.6 6 70.2 45.6 244.7 180.2 0.7 6 10.5 27.6 247.9 187.4 0.8 6 74.9 28.9 241.2 117.1 0.7 14 371.5 0.8 408.2 48.9 0.6 6 14.1 53.0 248.5 182.1 0.8 13 85.3 95.3 433.6 337.9 0.8 6 311.3 40.9 433.1 150.5 0.7 6 162.2 9.0 240.4 68.4 0.5 13 89.4 152.6 435.1 372.4
008735,0.9 15 154.7 229.2 186.9 266.2 0.9 19 348.4 193.5 439.5 287.0 0.9 19 341.8 64.3 424.0 163.4
008736,0.8 1 190.5 165.4 340.2 244.3 0.8 1 67.9 165.8 154.3 218.8 0.9 1 5.5 162.1 48.8 209.2 0.6 5 342.4 87.1 494.9 294.0
008737,0.5 7 79.1 1.9 323.8 331.9 0.6 7 74.6 1.5 486.9 332.4
008740,0.6 7 25.1 1.4 486.8 332.1
008743,0.6 18 180.5 171.6 248.5 265.3
008745,1.0 14 49.9 148.6 108.0 278.4 0.6 14 203.2 144.5 264.4 260.2 1.0 14 201.4 144.8 265.0 374.1 0.6 12 178.7 238.6 271.3 374.9
008746,0.9 2 48.2 40.7 113.3 167.6 0.9 2 217.5 54.6 371.0 168.5 0.9 2 142.0 44.8 195.9 151.5 0.8 2 49.7 40.3 111.3 138.1
008751,0.9 14 211.7 131.4 256.2 170.9 1.0 14 230.0 93.3 255.2 121.3 0.8 14 80.1 96.3 106.1 126.1 0.9 14 50.7 98.9 79.9 153.3 0.9 14 52.4 97.6 76.8 129.4 0.8 14 352.9 71.7 394.5 128.5 0.9 14 0.9 154.9 29.2 203.6 0.5 8 1.6 219.7 97.4 248.4 0.6 15 440.2 64.5 488.2 206.0 0.5 14 80.0 97.0 152.1 183.4 0.9 14 143.7 181.5 256.7 244.3 0.7 14 1.3 105.5 59.0 167.7 0.9 14 84.1 94.9 245.1 170.3 0.7 14 134.5 89.2 161.6 109.7 0.8 8 103.2 223.3 229.5 251.0 0.8 14 134.3 95.7 210.6 177.6 0.9 14 185.0 108.5 250.1 162.9 0.7 14 81.8 94.1 142.7 146.0 1.0 14 72.4 96.7 107.2 149.0 0.5 14 378.7 51.6 444.2 119.5 1.0 14 1.3 108.4 53.4 155.7 0.8 10 2.3 174.8 495.6 244.8 0.8 8 268.7 222.2 387.0 248.8 0.9 14 111.1 94.9 138.7 117.7 0.9 14 20.1 99.7 48.8 130.4 1.0 14 355.9 51.3 446.1 208.1
008754,0.6 8 0.8 145.8 47.0 205.4 0.9 8 102.6 124.8 141.8 176.0 0.9 8 1.4 144.0 70.3 206.2 0.7 8 108.4 121.4 161.5 175.4 0.7 8 167.5 116.7 201.8 159.0 0.5 15 219.2 109.5 286.1 209.9 0.6 8 107.2 123.6 154.0 174.9 0.7 15 228.7 132.5 266.3 209.2 0.7 8 172.2 117.0 203.0 159.0 0.6 8 41.1 112.8 101.6 165.1 0.8 10 2.4 121.4 113.8 199.8 0.8 8 103.4 127.1 142.3 175.2 0.5 8 23.1 111.7 55.3 160.2 0.9 8 132.6 122.4 166.4 178.0 0.7 8 28.3 110.8 87.9 163.5
008758,0.6 12 120.4 111.9 287.2 194.9 1.0 14 344.4 32.9 454.2 211.4
008761,0.9 4 189.3 10.7 219.2 67.6 0.5 4 366.2 152.7 487.7 250.9 0.8 4 221.6 86.6 305.2 165.6 0.7 14 44.3 8.1 488.2 248.5
008762,0.7 15 19.1 185.9 62.3 306.8 1.0 14 63.3 117.3 173.5 499.5 0.6 11 167.0 348.6 212.8 407.1
008763,0.0 0 0.0 0.0 10.0 10.0
008765,0.7 14 200.2 82.1 246.1 185.6 0.7 14 170.9 72.3 218.5 150.2 0.9 1 109.4 123.6 191.0 184.1 1.0 14 375.3 76.0 462.4 232.1 0.9 1 112.0 124.0 223.1 191.2 0.9 1 156.2 135.7 233.7 202.1 0.8 14 141.1 80.9 181.5 154.5 1.0 14 1.7 16.8 43.2 58.8 1.0 14 170.3 71.5 222.0 184.0 0.5 1 109.6 125.0 174.7 183.0 1.0 14 143.5 81.6 179.5 131.7 1.0 14 201.1 81.2 282.7 209.2 1.0 14 312.2 102.7 391.1 203.2 0.6 14 170.6 71.9 216.4 143.2 0.7 13 347.9 161.7 434.8 226.0 0.8 13 256.8 149.3 435.8 227.5 0.9 14 294.0 99.1 331.1 161.7
008767,0.8 7 159.0 94.9 384.4 316.5 0.5 7 190.4 95.1 382.2 314.8
008774,1.0 14 207.6 153.1 292.2 374.7 1.0 14 86.6 93.6 218.6 375.7 1.0 14 277.5 91.0 379.4 374.0
008777,1.0 6 51.5 90.8 435.7 276.7
008778,0.6 4 235.2 9.8 263.4 88.7 0.7 14 2.2 1.0 163.7 153.9 0.6 4 276.8 0.7 326.4 89.9 0.7 4 120.2 21.7 264.1 119.9 1.0 4 326.8 0.0 380.4 137.9 0.9 14 1.6 1.5 163.7 373.8 0.8 10 50.2 90.1 437.7 374.5
008779,0.7 8 39.7 149.2 173.0 372.2 0.5 8 70.6 179.0 165.5 374.7 0.8 8 8.4 178.9 164.7 375.1 0.5 12 195.8 112.6 339.7 371.0 0.9 8 17.8 148.7 161.8 373.9
008780,0.8 14 145.6 96.3 264.5 282.6 0.9 14 2.3 90.5 263.4 332.6 0.9 14 439.6 214.8 497.2 333.2 0.5 14 138.7 109.3 264.4 282.1 0.6 14 155.3 112.2 407.4 332.8
008781,0.6 11 155.0 30.8 390.8 332.8 0.6 11 3.5 36.1 219.1 331.6
008782,0.9 5 117.4 127.3 341.5 271.1
008785,0.5 6 3.0 61.9 171.8 123.3 0.6 13 2.7 163.3 89.2 295.5 0.7 6 2.5 62.1 169.1 172.7 1.0 14 62.5 49.9 100.7 163.3 0.5 6 33.4 61.8 168.9 154.7 0.8 6 2.1 42.4 375.4 374.3 0.9 6 32.5 60.9 170.1 165.6 0.8 6 44.2 42.6 377.2 372.4 0.7 6 159.9 46.7 321.7 124.6
008786,0.8 14 198.0 147.9 215.0 174.1 0.7 14 196.2 159.4 216.3 187.0 0.6 12 375.5 120.2 498.5 225.8 0.9 14 55.4 147.8 84.5 210.9 0.9 14 117.3 151.4 140.1 179.7 1.0 14 225.0 132.1 269.7 207.9 1.0 14 416.6 116.2 447.6 192.2
008787,0.8 7 177.2 43.7 461.4 343.2
008788,1.0 6 144.6 254.6 278.6 375.3 0.8 6 4.1 276.6 45.0 315.6 0.8 5 26.9 172.2 268.3 369.5 1.0 6 258.2 278.9 344.3 441.1
008789,0.9 14 346.7 228.0 395.8 275.5 0.5 12 263.5 53.2 354.5 286.7
008791,1.0 0 12.1 112.1 480.3 227.5
008792,0.7 11 2.4 10.9 208.2 374.0
008795,0.0 0 0.0 0.0 10.0 10.0
008797,0.8 14 127.6 15.0 148.4 53.7 0.8 6 4.7 65.1 350.0 248.0 1.0 14 46.7 9.7 93.5 93.4 0.8 14 129.7 14.4 149.2 40.5 0.6 14 131.6 12.8 157.8 91.9 0.6 14 55.4 11.7 94.6 92.2 0.9 14 2.2 34.1 38.6 119.7 0.5 6 7.1 66.8 352.4 223.4 1.0 14 1.0 65.5 35.1 126.5 0.9 14 89.3 22.8 121.8 67.7 0.8 14 88.7 23.2 119.0 67.7 0.7 6 2.4 29.4 346.7 373.5 0.9 14 49.8 9.5 94.4 92.8 0.7 14 2.7 34.1 25.9 82.0 0.9 14 86.0 22.6 115.7 69.5 0.9 6 1.1 25.7 439.3 373.5 0.6 6 1.6 59.9 379.3 374.2 0.6 14 107.8 20.3 131.0 55.2 1.0 14 33.0 29.0 56.0 95.3
008798,0.7 14 266.1 75.7 392.8 140.1 0.8 5 185.2 173.5 233.4 267.5 0.9 5 227.6 145.9 430.9 366.4
008800,0.5 6 32.1 8.9 356.0 272.3 0.9 6 31.8 9.4 357.4 314.4
008802,1.0 14 121.0 13.4 189.9 110.1 1.0 12 91.6 48.3 227.1 211.8
008803,0.7 8 312.0 299.0 386.5 374.8 0.5 10 101.2 248.1 227.4 373.1 0.8 17 4.9 188.3 155.5 308.0 1.0 17 159.6 187.9 381.8 364.2
008804,1.0 14 110.0 10.7 173.1 130.8 1.0 12 88.3 56.4 198.1 208.4
008807,0.9 14 143.1 39.1 172.0 98.6 0.9 14 141.0 38.4 173.3 142.0 1.0 14 226.5 70.9 283.6 205.7
008808,1.0 14 37.2 19.6 124.0 199.6 1.0 14 115.7 26.4 191.1 199.5 1.0 14 183.2 44.3 263.1 199.5
008812,1.0 14 8.2 151.2 298.3 282.3 0.6 12 302.1 17.9 441.4 283.1
008816,1.0 14 142.1 40.1 407.7 282.5
008818,0.7 14 2.3 31.2 196.2 283.6
008820,1.0 14 103.6 176.2 185.2 394.2
008821,0.9 15 201.9 150.1 276.8 197.7 0.7 8 31.9 155.7 170.4 281.5 0.6 17 38.2 186.2 443.4 284.0 0.9 17 33.2 156.2 442.3 284.0 0.7 15 172.3 146.9 203.8 193.3 0.7 17 141.8 189.9 441.6 284.1
008824,0.9 6 288.5 93.0 334.5 113.5 1.0 6 335.4 203.5 442.7 283.9 1.0 6 402.6 103.0 441.4 127.0 1.0 14 134.5 150.7 190.5 231.3 0.9 13 83.2 172.8 219.2 250.1 0.9 6 335.7 88.1 396.9 117.2 1.0 6 186.3 109.1 287.4 160.2 1.0 6 113.1 108.7 187.9 159.7 0.9 14 112.8 144.2 188.7 232.3 1.0 14 110.0 144.7 171.0 233.5 1.0 6 276.9 110.5 376.0 160.0
008825,0.8 0 145.1 97.2 398.6 161.0
008827,0.8 11 85.6 128.8 154.2 189.8 0.5 11 12.5 104.0 153.6 188.0 0.9 11 186.7 124.1 355.2 203.3
008828,0.8 6 91.3 92.3 109.0 119.9 0.5 13 125.6 363.5 156.6 439.0 0.9 6 70.9 122.3 95.1 155.5 0.9 6 58.7 177.4 93.7 229.5 1.0 6 59.3 224.6 104.6 291.3 0.8 6 69.1 121.3 96.3 157.6 0.7 6 61.1 148.2 90.5 185.0 0.8 6 91.1 92.6 109.3 120.4 1.0 14 125.2 336.1 156.7 421.7
008829,0.9 14 356.1 40.5 387.5 67.4 1.0 14 162.3 29.1 215.4 67.8 1.0 14 76.4 19.2 123.6 80.0 0.7 14 452.3 18.3 499.5 146.7 0.9 14 426.0 29.8 466.3 140.2 0.9 14 381.9 38.8 405.3 85.5 0.7 14 427.4 30.9 462.6 71.8 0.7 14 427.1 30.9 465.0 89.3 1.0 14 132.9 48.5 159.5 70.5 1.0 14 388.2 38.6 423.8 89.4 0.6 14 460.0 16.0 489.2 47.8 1.0 6 37.3 40.6 401.6 169.5 0.5 14 384.7 39.6 402.3 57.1 0.5 14 378.9 40.0 399.6 70.8
008830,0.8 7 69.0 80.5 229.5 166.6 0.7 8 48.9 1.3 440.0 248.6
008832,0.9 2 188.0 106.9 256.2 150.1
008834,0.5 17 2.4 63.4 423.4 181.2 0.9 17 2.0 63.1 442.2 253.2 0.8 17 2.5 63.3 425.3 251.4
008839,0.7 14 16.0 14.9 72.5 158.9 0.8 14 73.7 101.4 150.8 196.2 1.0 14 103.5 31.3 226.1 164.9 0.6 14 1.2 7.9 68.2 222.5 0.7 14 108.6 102.2 154.1 175.0 0.5 14 106.7 101.6 149.9 167.3 0.5 14 72.8 100.0 156.9 216.7 0.9 14 13.1 98.3 178.5 220.6 0.6 14 1.1 5.0 24.5 99.0 0.9 14 331.5 37.2 422.7 177.3 1.0 1 298.2 93.8 456.6 218.5 0.8 1 1.8 80.7 72.8 121.0 1.0 14 330.8 36.4 433.4 205.0
008842,0.9 2 179.9 70.9 233.4 108.2
008844,0.9 8 67.8 152.1 229.6 443.0 1.0 14 1.4 62.0 195.6 443.9 1.0 14 1.9 9.9 201.6 442.6
008845,1.0 14 50.3 13.2 261.0 226.7 0.8 14 50.1 12.5 168.2 224.5 0.7 13 32.3 63.0 365.5 245.0 0.7 6 152.9 17.3 399.6 165.8 0.7 13 120.3 78.8 368.8 245.9
008846,0.9 7 191.4 65.9 444.0 172.8
008850,0.9 15 283.1 3.2 389.6 94.0 0.9 15 182.0 15.6 283.8 95.7 0.7 15 288.7 2.7 392.0 48.1
008851,1.0 19 99.1 45.7 220.8 159.5 0.5 10 5.6 111.3 440.1 246.9 0.5 8 268.9 80.8 443.6 250.3
008852,0.6 14 1.3 0.7 39.1 77.1 0.8 13 4.9 3.1 433.8 202.3 0.7 13 2.3 50.3 432.2 195.9
008853,0.7 12 78.9 134.1 219.3 221.1
008855,0.5 5 31.7 48.4 201.2 355.2
008857,0.6 14 3.2 13.7 443.1 250.0 0.9 14 86.2 22.0 443.0 251.2
008860,0.0 0 0.0 0.0 10.0 10.0
008861,0.9 0 357.0 221.6 389.3 261.5
008863,0.6 9 67.0 236.5 128.1 298.1 0.6 9 348.7 212.2 393.2 263.5 0.6 9 311.6 213.1 356.6 262.3 0.5 9 439.7 214.3 479.2 266.6 0.5 9 71.7 232.8 155.1 297.6 0.6 9 253.8 211.1 291.2 260.6 0.6 9 200.3 241.2 247.8 296.1
008864,0.6 8 1.1 191.1 163.4 333.0 1.0 14 142.0 74.4 206.8 191.8 0.6 17 341.5 151.3 499.6 318.9 0.9 14 93.7 145.2 187.7 322.3 0.5 14 53.4 145.3 116.0 244.5 0.9 14 38.2 150.6 77.0 242.6 0.8 14 139.9 74.9 209.7 235.9 0.9 14 109.4 146.4 178.7 240.1 0.8 14 49.0 148.0 181.8 303.6 0.9 14 44.2 146.0 180.7 331.8 0.7 14 60.6 145.7 111.8 225.9 0.8 14 43.9 146.4 164.2 331.9 1.0 14 237.1 65.4 348.3 293.3 0.8 14 233.7 64.4 348.0 292.9 0.8 8 180.8 191.7 290.4 333.2 1.0 14 330.7 107.2 463.8 322.8
008866,0.8 6 358.9 249.6 437.1 363.6 0.9 14 339.2 241.5 362.9 278.8
008868,0.5 3 214.8 127.9 441.3 223.4 0.9 3 212.8 126.5 330.1 223.0 1.0 14 326.5 127.9 391.6 310.9 0.9 13 279.4 188.3 383.6 326.9 0.9 13 280.0 188.9 358.1 324.3
008869,0.8 3 2.2 136.1 72.8 280.8 0.6 3 122.5 1.5 428.2 301.5 0.5 3 196.4 230.5 429.4 300.2 1.0 14 114.8 254.9 142.3 375.2 0.5 3 344.5 233.7 430.5 297.2 0.9 3 152.9 3.1 279.0 297.8 0.8 14 118.0 253.9 141.9 326.4 0.7 3 30.9 137.8 74.6 279.5 0.8 3 193.5 229.6 286.1 298.5 0.9 3 285.0 3.2 429.9 300.8
008870,0.6 2 246.1 132.1 389.2 244.8 0.9 2 135.2 143.1 295.6 332.0 0.6 2 135.7 140.8 294.4 275.0 0.8 2 135.8 134.1 387.4 332.3
008875,0.8 11 34.8 63.8 158.8 242.1 0.7 11 140.7 226.5 251.4 434.6
008877,0.6 12 42.9 159.4 172.1 462.7
008881,0.9 0 277.6 69.4 342.6 140.8
008882,0.9 12 60.2 110.2 156.2 429.9 1.0 14 58.5 73.0 158.7 315.5 0.6 12 80.6 110.5 155.7 386.2 0.8 12 86.2 110.8 156.9 428.4
008887,0.7 8 1.4 107.6 93.2 243.2 0.9 8 127.8 143.6 255.1 243.2 1.0 19 316.6 20.3 396.9 81.5 1.0 19 161.3 88.4 260.7 158.9 0.6 19 54.9 119.9 120.2 160.6
008889,0.8 11 81.4 59.1 304.1 213.7
008893,0.7 18 25.3 86.0 296.5 184.9 0.7 14 232.1 77.4 301.7 149.1 0.8 18 25.5 76.5 297.5 188.8
008894,1.0 14 1.8 1.3 334.7 325.0 0.9 4 157.7 58.2 262.3 324.9
008895,1.0 14 41.5 192.8 88.9 335.9 1.0 6 208.8 168.9 234.3 197.6 1.0 6 243.2 160.8 288.2 205.2 0.9 1 106.2 291.0 199.9 373.3 0.9 5 0.9 126.9 177.0 302.5 1.0 6 262.8 188.5 379.6 250.3
008896,1.0 6 188.6 121.5 382.9 196.3
008897,1.0 14 182.8 77.5 349.6 335.5 0.5 19 432.7 0.4 495.9 38.9 0.8 14 46.9 78.4 347.3 335.2 0.6 14 3.1 17.9 296.0 333.9
008898,0.6 11 2.1 42.1 265.6 374.6
008899,1.0 14 199.0 16.8 295.2 209.5 1.0 12 63.9 43.1 359.2 342.8
008901,0.9 13 50.1 233.7 238.9 374.9 0.5 14 189.7 128.5 235.6 237.8 0.8 14 225.6 124.3 303.0 239.3 1.0 14 115.1 133.6 234.6 374.5 0.6 14 217.3 123.8 323.2 374.6
008902,0.9 4 110.6 273.7 134.7 321.7 1.0 14 86.2 58.0 340.5 374.9
008903,1.0 6 203.4 146.4 301.1 227.7 0.9 6 4.8 152.3 47.5 175.2
008904,0.7 2 92.7 250.3 181.0 380.1 0.8 2 88.6 185.6 181.2 366.1
008906,0.5 12 3.8 133.1 441.7 249.5
008907,0.8 14 222.6 0.7 417.7 77.4 0.5 14 1.4 0.2 103.2 129.5 0.7 12 24.8 32.8 435.6 240.1
008908,0.7 0 0.5 -0.3 262.4 154.8 0.8 6 201.3 60.2 434.9 171.2
008910,0.8 6 146.7 51.9 163.0 65.4 0.8 6 84.4 75.7 105.2 89.3 1.0 6 159.6 136.6 197.8 160.6 1.0 6 23.3 116.5 68.3 145.6 1.0 6 156.2 117.7 183.7 138.9 0.9 6 89.6 119.5 125.5 145.2 0.9 6 135.6 47.2 159.4 64.2 0.6 6 87.1 119.9 129.7 160.2 0.9 6 180.5 63.9 198.3 75.9 1.0 6 87.0 140.7 121.0 160.3 0.9 6 85.2 95.4 106.7 111.1 1.0 6 136.7 96.4 163.0 121.5 0.9 6 73.6 87.0 93.8 101.6 0.9 6 89.8 104.6 118.9 125.7 1.0 6 198.0 103.4 225.4 123.0 0.9 6 160.0 60.7 177.1 71.5
008912,0.7 16 209.2 113.4 242.8 152.5 0.8 16 234.1 122.0 269.1 159.9 0.6 9 23.3 107.4 228.0 221.2 0.7 16 288.6 124.4 340.4 157.3
008915,1.0 14 11.3 283.7 32.1 362.0 1.0 6 189.9 292.5 224.2 380.0 0.8 5 21.1 103.4 187.6 393.5
008916,1.0 14 201.1 48.0 296.7 170.6 1.0 14 95.8 27.7 207.3 221.0 1.0 14 290.7 61.9 396.4 221.4
008918,1.0 14 149.7 101.4 265.9 249.3 1.0 14 2.2 7.4 196.4 251.5 1.0 14 223.3 1.3 410.1 250.0
008922,0.6 14 144.4 4.1 242.4 106.0 0.6 8 1.2 194.1 81.4 250.9 0.9 14 229.8 103.1 283.3 139.8 0.5 14 187.8 2.0 244.4 103.8 0.9 17 206.7 146.8 439.8 249.5 1.0 14 286.3 96.6 329.6 135.2
008924,0.5 7 2.8 43.0 331.9 236.5 0.8 7 6.4 46.4 443.1 239.3
008925,0.7 4 153.7 39.9 186.4 97.8 0.8 4 194.9 23.5 259.9 209.7 0.6 4 78.4 33.5 107.2 78.8 0.6 4 394.6 27.0 492.6 211.9 0.9 4 30.7 30.9 74.7 83.5 0.8 4 408.0 25.1 452.2 83.9 0.6 4 91.0 23.5 143.8 84.8 0.7 4 78.2 23.5 178.6 207.1 0.8 4 1.2 22.9 31.0 88.0 1.0 4 357.3 35.4 414.2 184.9 1.0 4 151.8 38.9 191.6 162.0 1.0 4 289.3 22.8 355.8 210.2 0.8 4 354.7 40.3 390.3 93.6
008928,1.0 14 226.1 52.8 288.1 247.4 1.0 14 369.3 59.5 429.1 249.2 0.5 14 413.6 73.4 434.1 103.6 0.6 14 415.9 86.2 437.7 130.2 0.8 14 414.1 74.4 439.2 140.0 1.0 14 179.2 61.6 236.8 243.6 0.9 14 12.3 70.6 103.2 252.1 1.0 14 122.6 61.0 189.2 251.5 0.8 14 13.6 68.0 148.0 249.7 1.0 14 324.6 53.6 384.4 249.5 1.0 14 77.3 57.6 147.4 250.5 1.0 14 275.7 59.4 340.8 249.0 0.7 14 280.4 52.4 378.8 249.6
008934,0.9 2 18.8 76.6 143.9 342.4
008935,0.9 7 103.9 5.9 472.7 217.8
008937,0.8 15 366.4 -0.5 499.8 220.0 0.9 15 2.5 0.4 271.3 223.0 0.9 2 204.4 51.7 303.6 154.1
008938,0.6 8 50.0 2.6 245.3 498.0 0.6 8 49.0 49.2 246.5 495.3
008941,0.6 8 372.7 172.9 447.9 250.2 0.9 8 6.3 69.5 158.8 196.4 0.9 4 410.9 40.0 443.1 109.1 1.0 14 140.2 53.5 299.7 244.2 0.7 10 0.1 176.6 445.9 281.2 0.6 19 281.9 19.6 326.6 69.2 0.5 10 1.1 186.7 449.4 282.0 1.0 14 284.8 106.0 395.7 278.3
008945,0.6 14 480.2 151.1 500.0 172.8 1.0 14 156.2 19.3 318.8 168.8 0.8 10 1.6 142.8 479.5 249.2
008946,0.6 8 313.7 176.7 422.2 243.4 0.9 19 48.9 130.4 130.0 208.0 0.5 19 93.0 128.0 136.1 208.3 0.9 19 1.7 129.5 129.1 210.7 1.0 14 237.8 108.8 353.2 227.8 0.9 19 57.8 130.8 116.5 206.7
008947,0.6 14 329.8 203.7 389.0 237.5 0.9 15 237.9 106.5 303.9 193.9 0.6 10 154.4 203.6 441.8 280.3
008949,0.5 19 217.7 0.0 440.9 204.1 0.7 19 232.5 0.2 422.5 104.0 0.6 6 0.6 134.5 96.8 270.8 0.6 19 216.2 0.4 441.8 208.3 0.9 19 218.6 0.2 437.7 143.6
008950,1.0 0 115.6 40.6 290.7 141.9
008952,0.5 14 241.3 82.6 274.6 121.8 0.8 13 256.7 88.7 320.5 179.5 0.6 13 419.8 53.6 445.4 91.1 0.8 14 358.6 0.7 404.7 30.3 0.7 14 240.3 83.3 275.0 154.7 1.0 14 253.5 89.0 318.2 167.0
008954,0.5 19 1.4 32.0 90.7 127.8 0.6 19 3.6 31.5 85.8 121.1 0.9 8 292.2 63.2 447.1 363.1 0.5 8 291.0 62.3 418.7 357.0 0.6 19 78.7 24.8 174.0 118.9 0.9 8 0.9 105.6 184.3 364.9
008956,0.5 2 46.9 1.5 235.5 318.0 0.8 2 101.5 26.4 367.1 318.6
008957,0.9 14 164.8 58.5 210.6 121.9 1.0 14 195.1 75.2 305.1 360.7 0.9 14 74.4 45.9 163.8 265.0 0.8 14 263.3 45.6 353.7 166.6 0.6 8 1.8 114.6 82.8 252.7 0.5 14 161.7 56.3 214.5 178.3 0.6 14 197.5 75.3 285.8 194.9 1.0 14 97.1 96.1 224.1 364.9 0.7 14 30.4 45.5 137.6 359.7 0.5 14 203.0 75.2 418.0 360.8 0.8 8 24.8 114.9 91.3 253.7 0.9 14 195.0 75.2 286.1 237.9 0.9 14 265.5 45.9 356.8 304.5 0.7 14 264.7 45.2 371.8 359.8 0.6 14 201.9 78.6 388.2 362.0 0.9 14 329.8 21.7 352.2 60.2 0.7 14 270.1 45.3 435.5 360.5
008959,0.8 2 241.1 145.2 334.6 263.8 0.6 2 176.6 66.4 272.0 185.1
008963,1.0 14 123.1 58.4 298.2 365.1 0.5 14 379.1 105.3 445.8 363.4 0.6 8 89.8 226.7 172.6 344.1 1.0 14 249.1 60.2 445.9 365.1
008964,0.0 0 0.0 0.0 10.0 10.0
008972,0.7 7 60.5 76.3 227.6 499.6
008974,0.5 11 3.6 136.1 190.3 361.6
008977,0.7 11 71.3 23.0 403.9 189.7
008981,0.9 2 110.7 60.7 302.6 224.8
008984,0.9 2 99.6 197.4 131.7 266.2 0.8 2 63.0 316.5 120.4 412.2 0.9 2 163.7 408.3 194.6 451.9
008986,0.6 0 72.2 88.0 414.8 197.8 1.0 0 70.8 74.8 358.4 179.0
008990,0.7 11 80.1 26.5 152.2 188.7 0.9 14 2.1 32.8 175.4 498.2 0.6 14 23.0 50.4 175.3 488.8
008991,0.9 19 266.2 50.5 316.1 91.5 0.5 8 177.3 52.1 243.0 82.6 0.9 8 96.3 57.3 250.5 221.3 0.6 4 55.7 57.9 82.1 88.9 0.9 8 280.4 148.4 428.9 228.3 0.5 10 213.1 79.8 430.5 224.9
008992,0.0 0 0.0 0.0 10.0 10.0
008993,1.0 14 125.2 76.0 250.7 223.2 1.0 14 220.2 49.3 332.0 225.0
008994,0.9 13 2.5 100.7 136.8 234.5 0.8 13 153.6 101.2 382.3 240.3
008996,0.8 6 248.8 121.1 280.7 178.0
008998,0.7 3 299.3 159.3 314.2 177.3 0.9 3 117.0 161.4 150.5 191.9 0.9 3 61.3 139.4 95.6 185.1 0.9 3 8.2 161.5 34.0 181.3 0.8 3 240.3 162.0 269.4 188.2 0.9 3 414.1 150.3 452.3 193.4
009001,0.8 3 73.2 368.6 142.9 423.7 0.9 3 73.8 66.6 145.3 418.1 0.7 3 74.3 67.2 143.5 418.4 1.0 14 129.8 360.2 141.4 398.4
009003,0.9 14 2.0 57.4 248.4 498.8
009008,0.6 13 27.5 41.7 350.9 190.7 0.9 13 29.0 40.9 447.0 195.4 0.9 6 290.3 23.9 324.8 38.7
009009,0.9 8 193.9 271.0 276.5 416.1
009010,0.7 8 305.8 141.6 476.2 246.8 0.9 8 289.1 91.0 378.7 188.5 0.8 8 281.5 51.5 335.1 160.5 0.5 8 351.7 85.9 423.1 194.9 0.8 8 109.5 43.8 168.1 143.2 0.9 8 84.6 43.8 166.7 146.2 0.6 19 1.4 0.2 68.6 49.7 0.8 10 56.6 133.1 494.0 244.6
009011,0.6 14 324.3 5.0 472.7 264.1 0.6 14 328.5 2.4 414.8 174.6 0.9 14 323.0 18.9 424.5 262.5
009012,0.9 14 153.3 1.4 247.9 169.9 1.0 4 75.4 2.6 184.7 499.3 1.0 4 194.5 22.7 242.7 215.7
009013,0.9 14 394.8 72.7 427.6 109.2 0.6 8 361.6 179.3 437.0 281.8 0.9 19 385.6 61.3 439.2 115.9 0.6 17 65.3 178.9 369.1 282.8
009014,1.0 14 86.1 25.5 103.2 59.2 1.0 14 115.2 27.1 131.8 61.5 0.8 12 256.9 150.0 345.5 245.8
009017,0.8 14 101.3 55.1 153.1 115.0 0.7 14 90.9 55.0 154.5 183.4 0.8 14 98.1 37.7 270.6 198.4 0.9 14 97.0 55.5 189.9 190.4 0.7 14 183.5 66.3 271.8 181.7 0.7 14 96.1 55.0 154.7 156.6 0.7 14 94.1 18.9 405.0 282.7 0.8 14 161.6 17.7 407.4 233.6 0.7 14 140.6 18.4 407.5 281.7
009021,0.8 5 15.9 48.8 171.8 440.1 0.6 14 234.3 290.4 247.0 332.2
009023,0.8 14 237.9 24.4 258.2 38.8 1.0 14 175.1 15.4 202.9 55.9 0.7 14 65.9 20.7 87.2 46.4 0.6 14 389.1 26.7 409.6 49.7 0.9 14 363.1 25.4 396.9 83.2 1.0 14 420.0 24.3 458.4 99.7 0.7 14 213.2 26.5 229.8 43.2 0.9 6 387.3 35.7 478.8 95.9 0.9 14 102.4 18.4 125.7 80.4 0.8 14 373.3 25.7 397.0 50.7 0.9 14 1.6 10.3 63.1 134.1 1.0 14 127.3 17.4 170.4 80.2 0.9 14 97.5 18.2 120.7 64.4 0.7 14 3.6 11.1 59.8 81.6 1.0 14 20.7 11.2 71.4 133.7 1.0 14 123.1 19.1 154.3 80.5 1.0 6 46.0 39.5 404.7 248.9 0.9 14 151.0 14.1 175.0 58.2 0.8 6 390.1 27.3 477.5 96.5 1.0 14 284.9 24.8 302.1 39.4
009025,0.6 11 56.1 22.1 356.6 251.5 0.5 11 3.7 21.6 346.4 250.4
009026,0.9 4 375.0 215.6 408.1 280.7
009028,0.8 14 142.2 22.9 277.5 180.4 0.6 14 143.2 22.1 276.8 178.4 1.0 14 146.3 22.4 278.6 209.1 0.8 1 148.9 79.7 281.5 209.0 0.6 1 152.5 80.3 330.6 243.4
009030,0.5 0 91.6 58.6 374.2 203.7 0.7 6 338.3 223.3 444.3 280.1 0.7 0 90.4 59.0 373.3 276.3
009031,0.5 16 130.9 71.9 151.2 87.0 0.7 16 228.0 111.3 259.9 141.8 0.5 16 412.8 54.1 435.6 66.0
009033,0.9 6 131.3 331.0 174.2 376.7 0.9 6 74.7 337.2 127.0 395.6 1.0 6 178.9 324.6 240.8 366.4 1.0 6 77.9 334.3 161.6 392.2 0.7 6 124.2 330.2 164.8 386.0 0.8 6 231.4 333.6 253.3 363.2 0.8 6 1.0 343.0 47.1 419.3 0.9 6 5.9 331.5 124.1 402.6 0.5 6 129.3 329.3 173.6 377.1 1.0 6 1.1 334.4 91.9 420.6 0.7 6 132.7 331.9 201.7 376.7 1.0 6 147.9 335.6 202.9 375.5
009038,0.8 5 125.9 56.4 362.6 186.4
009040,1.0 14 160.6 108.4 247.9 266.9 0.9 14 68.5 115.7 164.6 273.8 0.9 14 229.2 99.4 283.1 225.0 0.9 4 320.3 9.7 424.4 180.4
009041,0.7 14 232.4 39.4 270.3 80.5 0.6 14 228.7 38.3 262.1 83.3 0.5 14 162.5 34.3 292.7 179.4 0.6 14 160.8 52.9 234.6 122.8 1.0 14 161.2 54.1 235.9 179.0 0.6 14 163.2 53.6 367.4 192.0 0.9 13 137.3 78.4 372.2 211.8
009043,0.7 14 2.2 67.0 320.1 194.9 0.7 14 180.9 66.8 308.3 198.5
009044,0.7 14 336.7 48.0 358.0 66.5 0.6 14 97.1 41.9 116.4 59.8 0.8 14 32.6 29.2 102.8 100.1 0.6 14 369.6 21.0 443.2 83.5 0.9 14 450.5 32.2 499.7 97.3 0.7 14 433.4 33.0 499.6 150.6 0.7 14 1.8 29.2 89.5 157.6 0.6 14 287.6 19.9 439.8 95.9 0.9 14 71.7 37.4 111.1 77.0 1.0 14 1.1 38.0 31.5 100.5 0.7 14 103.1 42.2 121.8 58.8 1.0 14 30.2 29.1 101.7 150.2 0.7 14 113.5 42.4 132.6 57.4 0.9 14 180.6 0.8 263.2 53.0 0.7 14 314.7 20.6 437.7 77.3
009046,1.0 14 78.7 2.4 236.7 333.4 1.0 12 36.6 104.4 281.0 352.1 0.5 14 217.4 126.8 279.9 241.0 0.8 14 221.2 127.5 278.1 205.9
009047,0.9 14 236.0 3.0 263.7 36.1 1.0 14 173.9 1.0 241.2 80.4 0.7 14 117.6 66.5 159.1 107.0 0.8 14 85.0 11.2 108.2 35.9 0.5 14 364.2 1.1 401.5 79.3 0.6 13 296.9 25.4 385.1 105.5 1.0 14 443.3 0.5 495.5 101.5 1.0 14 405.0 4.3 442.4 66.8 0.9 14 268.9 0.7 326.1 101.1 0.7 14 40.6 43.3 75.9 82.8 1.0 14 329.7 0.4 398.8 116.8 1.0 14 115.1 1.2 164.3 110.6 1.0 14 109.7 1.3 159.8 73.6 0.9 14 93.0 6.9 126.2 77.7 0.8 14 438.3 45.7 455.0 60.1 0.7 13 313.2 29.7 386.5 104.6 0.6 14 152.9 2.1 183.1 68.6 0.8 14 371.6 1.2 406.6 115.8 0.5 14 332.7 0.8 392.1 53.2 0.6 14 269.4 1.0 322.8 44.1
009050,0.9 14 388.8 3.4 404.9 33.7 0.9 14 450.7 6.7 465.3 26.7 0.9 14 172.5 7.0 190.2 39.7 0.6 14 344.8 13.2 362.4 31.6 0.7 14 431.1 7.5 442.4 25.9 0.5 13 40.5 53.0 305.3 156.9 0.7 13 1.7 20.7 118.1 106.1 0.8 13 37.7 36.2 349.2 156.2 0.7 14 148.3 1.1 166.7 37.5 0.7 14 149.4 1.1 167.2 37.8 0.9 14 471.3 7.3 485.1 27.2 0.6 13 36.5 26.4 451.2 193.3 0.9 14 162.3 6.1 178.5 39.6 0.8 13 281.6 79.8 454.3 194.2
009052,0.5 14 191.2 100.7 222.4 147.4 1.0 6 189.7 65.1 412.0 171.7 1.0 14 294.5 75.8 325.3 97.1
009054,0.7 2 50.5 299.2 93.7 382.4
009055,0.7 8 187.2 12.0 499.2 200.4
009056,1.0 8 336.8 228.8 431.4 329.6 0.5 8 319.5 208.8 380.3 274.5 0.9 8 318.0 207.7 381.6 312.9 1.0 8 94.4 224.9 183.9 326.1 1.0 8 148.6 207.1 209.1 318.4
009057,0.7 7 83.3 80.6 438.1 332.7 0.5 7 168.1 81.6 437.7 333.2 0.6 7 165.8 80.3 498.3 332.6
009061,0.6 11 156.1 132.8 414.5 332.3
009062,0.7 2 48.6 228.0 75.6 265.0 0.7 2 342.8 209.4 370.8 248.0 0.6 2 300.0 208.4 328.2 251.5 0.5 2 127.6 179.5 172.4 259.0 0.8 2 148.3 213.1 172.9 261.1 0.7 2 127.2 180.3 168.5 220.4 0.8 2 95.0 215.3 120.7 260.3 0.7 2 251.6 213.8 277.2 255.5
009065,0.7 13 12.9 105.9 244.9 312.0 0.9 13 12.4 104.4 413.9 315.9
009067,1.0 14 137.6 81.1 217.3 252.3 1.0 12 68.1 94.4 311.2 449.6
009069,0.5 14 387.7 0.8 444.2 64.8 0.9 14 1.1 0.9 57.4 182.3 0.7 14 158.9 0.8 222.6 63.6 1.0 14 331.2 0.9 392.2 92.4 0.9 14 1.1 1.2 52.9 142.6 0.8 13 1.2 7.4 443.3 373.0 0.8 13 1.2 41.8 441.8 351.5 0.9 14 222.7 0.8 276.1 54.0 0.5 14 37.6 14.7 67.6 113.3 0.8 14 300.4 1.3 339.4 99.2
009070,0.7 14 1.1 38.0 33.7 108.0 0.7 2 289.3 240.7 328.5 297.0 0.6 14 1.0 36.9 35.1 199.5 0.9 14 1.1 36.9 34.2 87.6 0.9 17 74.8 159.2 382.9 370.2 0.5 19 117.9 34.2 245.4 155.6
009071,0.9 6 0.5 -0.2 153.4 150.3 1.0 6 61.6 82.7 466.0 284.9
009074,1.0 12 162.6 146.5 246.0 321.5 1.0 14 154.7 90.7 241.9 267.9
009075,0.7 4 79.1 312.1 152.2 374.7 0.5 14 279.6 151.1 365.3 333.6 1.0 14 246.2 62.8 308.9 235.3 1.0 14 123.1 32.3 246.3 221.2 0.7 14 121.6 32.0 247.0 255.6 1.0 4 89.1 235.4 123.8 329.6 0.6 14 105.1 32.1 248.3 248.7 1.0 14 115.1 145.4 249.4 323.4 0.5 14 98.7 48.6 165.1 247.9 1.0 14 1.5 107.6 119.1 327.6 1.0 4 297.6 216.0 335.6 349.4 0.7 14 292.1 96.6 438.3 337.4 0.7 14 244.8 96.8 437.1 323.8 0.7 10 2.0 277.1 379.1 375.9 0.5 14 242.5 150.0 321.4 311.9 1.0 14 247.7 152.3 375.5 325.4 0.8 14 306.7 52.5 356.7 108.0 0.9 14 251.3 95.2 441.2 373.6
009076,0.9 0 0.9 145.3 440.6 374.0
009077,0.5 6 217.8 133.8 266.9 170.3 1.0 14 397.2 95.2 462.4 237.2 0.8 14 338.9 121.2 416.0 257.2 1.0 14 153.3 116.4 180.0 197.3 0.8 14 1.0 150.8 14.7 200.6 0.8 6 451.0 135.9 500.0 216.9 1.0 14 89.5 123.0 140.0 209.5 1.0 14 329.2 106.8 383.9 258.8 1.0 14 31.0 136.7 70.5 187.0 0.7 6 171.7 134.2 204.8 183.2 1.0 14 281.9 101.1 337.0 260.5
009081,1.0 6 69.4 61.9 410.3 320.7
009082,0.0 0 0.0 0.0 10.0 10.0
009083,0.8 0 24.0 158.3 474.1 299.9 0.9 0 18.5 158.6 474.2 322.1
009084,1.0 14 293.0 33.6 311.2 95.6 0.9 14 342.7 13.3 376.7 101.4 0.9 14 94.1 52.7 185.8 190.0 0.9 13 54.0 109.1 380.7 282.0 1.0 14 305.0 18.9 332.0 96.1
009088,0.6 7 2.1 2.5 384.1 282.2
009090,0.7 7 183.2 54.8 278.0 140.5 0.5 7 181.5 55.4 279.8 193.3 0.9 15 135.8 131.9 188.5 191.0 0.7 15 230.6 132.1 293.7 194.1
009092,1.0 14 191.5 109.1 209.6 137.7 0.7 14 209.1 105.2 224.4 135.9 0.9 6 404.1 109.9 432.3 149.1 0.8 14 111.1 125.4 130.2 145.6 0.9 5 219.6 73.2 362.8 151.5 0.8 5 223.0 73.1 402.2 147.1
009093,0.0 0 0.0 0.0 10.0 10.0
009095,0.5 19 81.8 135.8 123.7 212.2 0.8 8 89.6 289.4 139.8 499.3 0.8 10 1.4 312.8 142.7 500.5 0.7 19 191.4 127.3 222.0 205.8 0.6 8 21.8 411.1 143.6 499.4 0.9 8 27.2 291.2 139.2 500.4
009096,0.6 6 19.8 24.2 97.6 52.0 1.0 6 9.8 32.7 336.1 137.9
009097,0.6 4 107.4 80.8 122.9 121.8 0.9 4 101.0 0.7 221.4 223.7
009101,0.8 14 235.7 89.1 270.9 127.1 0.6 14 173.4 89.0 272.5 175.5 0.8 12 159.7 102.6 348.1 318.6 1.0 14 70.9 15.7 155.9 207.0 0.8 12 370.9 140.5 468.1 317.1 0.6 14 77.5 16.5 189.0 316.6 0.8 14 78.9 15.8 150.5 139.9 0.5 14 54.2 16.8 187.1 316.5 0.9 12 2.0 77.5 194.5 317.5 0.6 12 47.2 102.7 353.5 317.7 0.9 14 271.0 100.9 333.1 308.4 1.0 14 342.5 81.0 472.2 316.5
009102,0.6 14 65.1 151.8 225.3 374.9 0.9 14 1.5 151.6 225.0 374.0 0.9 14 1.6 152.4 188.5 373.4 0.8 2 272.5 155.3 319.1 209.8
009103,0.8 11 139.3 132.4 353.4 294.9 0.6 11 352.4 216.6 467.9 279.0
009104,0.8 2 197.2 148.2 270.9 300.2 0.7 2 132.9 182.4 193.5 280.4 0.9 2 198.3 148.4 266.9 259.8
009107,0.8 7 2.6 42.6 363.7 374.0
009109,0.7 8 195.7 226.4 286.4 301.3 1.0 14 397.1 10.1 436.0 48.5 0.8 14 255.9 7.9 324.8 111.4 0.7 19 1.0 4.1 61.9 175.9 0.6 8 1.0 271.7 46.5 345.5 0.5 10 83.1 262.5 482.5 344.6 0.7 13 249.2 26.9 333.2 114.2 0.8 13 275.3 29.4 332.5 116.3
009110,0.9 12 133.1 136.0 301.2 285.7 0.9 14 130.0 62.5 259.7 266.8 0.8 14 130.2 61.2 298.9 281.1
009111,1.0 6 455.5 174.5 492.0 197.7 0.8 5 146.7 64.7 457.8 268.7 0.8 6 153.1 221.7 294.4 270.4 0.7 14 273.8 116.4 304.7 195.8
009115,0.8 13 199.9 151.6 276.8 287.6 0.9 8 92.7 6.1 139.8 102.4 1.0 14 100.6 56.4 212.5 366.9
009118,0.7 10 47.2 243.3 217.4 375.1 0.9 8 311.3 226.9 366.1 374.7 0.6 8 207.4 189.0 304.5 361.2 0.9 19 358.7 101.7 401.7 169.8 0.6 14 129.5 155.6 211.4 221.0 0.9 17 114.3 160.2 310.0 320.2 0.5 8 132.0 184.3 309.5 373.4
009119,1.0 14 313.5 162.1 333.6 207.4 0.7 14 365.2 142.1 393.0 270.8 0.8 6 247.0 125.0 311.6 194.7 1.0 6 127.1 173.8 361.0 301.3 0.5 6 50.6 171.6 403.6 369.8 1.0 14 365.2 142.9 392.5 226.2
009120,0.9 3 274.6 99.4 351.1 126.8 0.5 14 303.6 99.3 322.9 114.4
009122,0.7 6 172.7 285.9 215.0 331.3 0.7 14 84.3 290.4 98.9 332.8 1.0 6 101.0 294.5 159.9 331.7 1.0 14 65.8 294.9 78.8 331.7 0.5 6 177.4 284.6 210.0 313.7 1.0 14 79.5 291.2 93.7 332.4 0.6 5 8.7 268.2 148.7 323.5 0.6 5 9.9 269.5 117.5 322.6 0.7 5 233.6 268.0 399.0 356.6 1.0 6 181.3 304.9 232.5 336.7 0.8 5 236.3 195.0 397.7 356.3
009124,0.9 14 287.0 215.7 311.3 266.4 1.0 14 202.0 186.7 259.4 319.2 0.5 14 260.5 216.8 285.1 275.3
009125,1.0 14 377.2 165.1 394.2 208.8 0.9 14 32.8 164.3 44.6 199.1 0.9 14 350.8 142.7 367.5 192.2 1.0 6 96.4 177.4 209.1 233.2 0.5 14 47.0 162.5 205.0 373.9 1.0 14 44.3 163.4 163.2 374.8 0.9 14 127.3 178.4 313.4 374.0 0.9 14 179.8 232.3 236.9 374.8
009127,0.5 14 75.5 169.4 132.5 309.6 0.9 14 332.2 204.2 401.6 374.0 0.6 14 314.0 213.4 342.5 299.3 0.9 14 116.2 21.2 295.5 373.8 0.9 14 1.3 133.2 87.6 374.0 1.0 14 48.1 169.1 135.9 375.0 0.8 14 239.2 188.5 274.4 265.2 0.7 14 50.2 21.5 300.7 373.8 0.8 14 116.7 21.5 387.2 373.8 1.0 14 269.9 204.2 324.9 300.0 0.5 14 158.1 204.0 387.6 374.3 0.6 14 302.2 203.1 400.3 375.6
009130,1.0 14 93.8 57.9 183.9 236.8 0.9 12 9.0 116.1 228.3 363.8
009132,0.0 0 0.0 0.0 10.0 10.0
009134,0.5 12 258.2 56.2 346.8 207.6
009135,1.0 1 66.2 75.1 377.0 232.1
009137,0.6 3 236.5 100.9 265.9 118.6 0.7 3 47.2 97.6 150.7 121.1 0.8 3 97.5 96.3 153.1 117.5 0.9 3 209.6 103.5 258.5 122.2 0.8 3 47.1 106.5 110.8 122.3 0.6 3 204.3 99.5 225.2 106.4 0.9 3 369.2 88.6 403.9 104.4 0.8 3 249.3 98.1 285.3 112.1 0.8 3 275.4 89.2 312.8 103.4
009139,1.0 14 373.1 0.0 437.3 267.4 1.0 14 58.3 0.9 90.2 71.5 0.9 14 338.7 1.1 382.4 54.0 0.9 14 175.7 1.0 222.1 46.8 1.0 14 81.1 0.8 148.2 137.5 1.0 14 1.0 1.3 41.8 144.7 0.6 14 159.3 1.4 182.8 54.1 0.9 14 282.4 1.0 378.1 113.1 0.8 14 134.7 1.6 179.2 143.8 0.9 14 87.8 45.0 148.5 138.1 0.7 14 82.6 1.4 145.4 69.6 0.7 13 97.1 52.1 364.9 270.1 1.0 14 139.1 2.9 177.3 64.4 0.8 14 222.5 1.2 263.2 39.4
009140,0.0 0 0.0 0.0 10.0 10.0
009142,0.0 0 0.0 0.0 10.0 10.0
009143,0.8 19 47.2 1.6 206.4 169.2 0.7 14 2.2 78.5 246.6 499.3
009145,0.5 13 12.1 75.9 168.5 222.1 0.5 14 41.5 48.3 109.8 184.1 0.9 14 48.7 49.2 84.9 95.8 0.9 14 45.3 48.3 92.4 117.4 0.6 14 26.7 61.8 160.5 212.6 0.8 14 130.4 52.5 310.1 244.3 0.9 13 133.2 117.9 339.0 275.6 0.6 13 126.9 33.8 336.0 276.5
009146,0.9 2 135.4 58.7 321.0 272.0
009149,0.9 6 191.8 68.9 496.9 245.2
009152,1.0 14 132.4 148.0 184.2 242.4 1.0 14 97.3 101.7 149.6 241.4 0.5 14 101.2 150.3 145.3 240.9 0.5 14 130.5 148.2 180.6 203.2 0.9 13 133.0 177.7 198.1 243.7
009154,0.7 8 2.4 147.8 160.4 241.3 0.7 8 111.7 55.4 178.6 95.0 0.6 8 380.0 64.9 479.6 235.7 0.5 8 1.2 71.7 44.3 148.6 0.6 8 16.3 78.8 75.2 141.9 0.7 8 2.2 78.1 157.1 238.8 1.0 10 32.0 89.9 463.4 238.9 0.5 8 17.2 80.8 88.7 192.8 0.8 8 363.8 64.5 459.4 156.9
009156,0.9 6 174.9 51.3 232.0 70.1 0.9 14 182.6 65.5 211.8 88.0 0.8 6 397.1 92.1 436.5 115.1 0.9 6 20.6 61.0 57.3 73.4 1.0 6 366.1 52.5 420.7 71.0 1.0 6 266.8 57.9 338.0 79.1 1.0 6 35.0 64.6 267.6 144.2 1.0 6 87.0 55.0 131.2 70.6 1.0 6 151.0 108.9 437.9 280.8 0.8 6 48.9 60.6 74.6 72.8
009158,0.0 0 0.0 0.0 10.0 10.0
009164,0.7 4 224.2 430.2 249.3 500.1 0.9 14 1.2 214.0 84.7 499.4 0.5 14 36.7 138.3 131.8 498.4 1.0 14 36.8 139.4 131.3 402.9 0.9 14 1.3 215.8 102.7 499.3 0.9 14 123.2 225.6 198.9 368.4 1.0 4 124.5 306.5 141.7 399.9 0.5 10 73.4 390.3 231.4 500.7
009165,0.7 19 213.9 128.8 266.5 176.4 0.5 8 306.5 57.4 408.6 183.2 1.0 19 217.2 44.4 313.8 130.8 1.0 19 81.2 32.5 192.2 141.7 0.5 19 217.8 123.4 318.3 179.0 0.7 8 305.9 1.5 439.8 181.6 0.8 19 264.6 125.1 318.9 172.2
009167,1.0 0 37.3 75.3 438.3 157.6 0.6 0 200.1 75.8 439.1 153.1
009169,0.6 16 210.6 82.0 234.2 99.2 0.6 16 72.9 124.5 107.5 147.9 0.8 16 321.8 103.5 351.5 142.5 0.7 16 128.1 109.5 180.0 143.7 0.5 16 192.9 81.4 217.2 97.9 0.7 16 91.7 103.8 138.2 138.9 0.7 16 24.9 106.9 48.5 137.6 0.6 16 190.2 81.0 210.3 97.8 0.8 16 261.9 103.0 297.0 140.6 0.8 16 351.2 102.5 387.1 146.2 0.8 16 302.4 100.5 332.4 133.9
009170,0.6 9 98.7 155.8 136.6 251.9 0.6 9 70.0 131.5 96.7 184.8 0.7 9 165.2 156.6 239.1 291.2
009171,0.9 14 214.3 91.0 259.3 152.8 0.9 14 28.6 91.3 99.0 186.1 0.7 14 318.0 70.2 445.6 280.3 0.8 4 230.9 132.0 245.1 167.1 0.9 14 379.7 95.0 407.0 152.2 0.7 14 1.5 90.5 76.8 234.5 1.0 14 158.6 100.0 199.9 149.4 0.6 14 153.1 100.1 200.6 199.9 1.0 14 216.2 89.7 272.3 167.4 0.5 14 146.5 100.3 202.4 165.1 1.0 14 97.8 98.2 135.3 150.9 0.9 14 1.3 92.1 42.1 201.8 0.8 10 -0.3 159.1 444.0 280.5 0.5 14 218.1 89.5 269.3 143.6 0.7 10 221.2 161.6 440.8 279.9 0.9 14 321.7 69.4 444.2 233.6 1.0 14 268.8 94.0 321.9 156.7
009172,0.6 15 228.8 115.5 272.4 173.9 1.0 15 214.9 149.9 265.5 213.8 0.5 15 122.6 103.5 159.0 136.2 0.7 15 363.7 1.3 445.5 279.9 0.9 15 29.3 1.7 160.3 201.7 0.9 15 324.8 168.7 381.4 252.4 0.7 15 270.1 94.5 361.6 180.5 0.9 15 367.8 124.0 445.3 281.2 0.9 15 1.3 129.2 36.2 219.5 1.0 15 171.2 139.8 212.7 201.2 0.9 15 166.5 109.1 230.9 199.6 0.6 15 37.6 138.8 84.0 199.9 0.7 15 37.1 96.3 164.8 203.1 0.6 15 324.2 134.6 379.8 253.6 0.9 15 40.2 119.1 166.0 204.4 0.8 15 367.6 177.0 443.8 282.5 1.0 15 271.4 167.4 327.7 241.4 0.5 15 330.4 122.4 440.7 254.7 0.5 15 271.0 132.3 312.3 175.5 0.8 15 262.5 84.3 364.3 177.2
009176,0.7 11 46.3 88.2 259.8 255.4 0.6 14 152.3 35.8 435.7 271.2
009182,0.6 6 333.6 0.9 386.0 13.8 0.8 6 371.3 0.9 411.4 17.2 0.9 6 14.0 20.6 444.9 345.8
009183,0.9 7 53.2 2.0 443.5 374.7
009188,0.9 6 372.0 148.5 430.9 235.0
009190,0.0 0 0.0 0.0 10.0 10.0
009198,1.0 1 18.9 24.4 399.6 397.4
009199,0.7 11 16.7 142.2 252.1 498.3
009201,0.8 6 97.1 163.9 382.4 327.8 1.0 14 183.0 176.5 307.1 333.2
009203,0.8 18 17.7 121.9 416.0 283.1
009204,0.9 19 16.8 56.2 165.0 219.0 0.5 11 53.7 97.4 133.6 171.1 0.9 11 114.7 43.9 289.0 283.9 0.7 11 293.2 117.6 445.1 283.8
009206,1.0 6 115.5 106.8 440.1 191.8
009207,0.6 11 61.8 128.6 249.6 500.8
009210,1.0 6 188.6 166.2 296.6 221.3
009211,0.7 0 151.8 104.0 300.1 159.1
009216,0.8 4 145.4 159.5 191.2 248.1 0.7 7 179.4 -0.2 400.6 85.8
009217,0.7 8 359.8 124.1 489.4 237.1 0.7 8 397.5 124.5 489.3 218.6 1.0 14 93.9 42.1 118.9 79.1 0.9 19 64.6 6.7 323.3 154.9 0.8 14 119.2 62.0 138.0 78.3 0.7 19 2.7 0.0 326.8 174.0 0.9 14 123.7 38.1 145.6 66.2
009219,0.5 14 291.5 43.1 383.0 162.3 0.6 14 135.3 65.7 194.5 222.0 1.0 14 108.0 67.4 190.2 246.2 1.0 14 192.2 52.4 268.4 213.2 1.0 14 9.1 29.6 133.6 283.0 0.5 14 140.7 66.2 195.6 143.7 0.9 14 277.1 43.5 382.0 256.2 0.8 12 198.4 111.4 256.9 212.9 0.5 14 277.4 43.2 380.6 275.9 0.8 12 288.3 76.8 444.1 278.5 0.7 14 285.0 46.5 342.3 226.4 0.7 14 278.4 35.9 441.4 276.3 0.6 14 290.7 47.0 343.8 144.0
009220,0.8 14 66.1 226.1 85.7 245.5
009222,0.7 8 38.1 165.6 288.8 373.2 0.6 14 66.1 91.6 315.9 252.6 0.9 17 57.7 101.4 460.4 373.3
009223,1.0 14 222.0 72.0 247.7 148.4 0.6 12 53.1 201.3 209.0 314.0 1.0 14 270.3 69.6 305.8 179.5
009225,0.9 8 280.8 264.2 377.7 350.1 0.9 8 171.7 261.3 278.0 364.7 0.5 6 43.7 108.8 106.2 151.2 0.8 8 77.7 243.9 177.1 374.6 0.8 8 418.9 232.7 446.6 288.8
009226,1.0 19 127.2 2.3 323.8 191.3 0.7 8 43.8 245.7 261.9 374.6
009228,0.0 0 0.0 0.0 10.0 10.0
009229,0.8 14 387.7 52.9 461.6 229.7 0.6 14 1.2 76.6 66.3 199.7 1.0 14 1.4 76.6 66.6 255.2 1.0 14 388.5 47.0 458.2 164.2 0.8 14 1.0 77.0 89.4 253.2 0.9 13 296.9 115.5 459.8 257.9 0.5 13 295.4 122.4 407.8 252.9
009231,0.6 14 117.9 54.0 207.1 138.0 1.0 14 8.3 55.9 149.2 200.1 0.5 14 46.7 53.6 149.9 190.8 1.0 14 269.1 58.0 366.8 169.6 0.9 12 35.6 94.9 256.9 338.0 0.5 14 4.1 54.6 140.0 257.1 0.6 14 121.7 53.9 205.7 110.6 0.9 14 117.7 54.8 206.5 124.7 0.7 14 48.8 53.7 146.7 167.7 0.7 12 167.1 75.3 446.7 316.4 0.9 12 229.2 75.1 445.8 314.1
009232,0.9 2 199.6 44.3 417.3 207.0
009233,0.0 0 0.0 0.0 10.0 10.0
009234,0.8 7 3.0 67.7 332.3 251.0
009235,0.0 0 0.0 0.0 10.0 10.0
009237,0.8 14 126.4 145.0 176.2 254.2 1.0 1 168.6 206.2 208.5 310.2 0.9 14 164.9 62.8 224.2 254.1 0.7 1 88.9 313.3 142.5 500.1 0.8 14 84.5 238.9 147.6 417.6 0.6 1 145.5 211.5 193.6 310.2 0.9 14 127.2 145.6 175.0 305.8 1.0 14 85.6 175.3 151.8 414.5 0.9 1 89.5 311.0 142.0 461.2 1.0 14 166.1 134.7 219.3 263.1 0.9 14 164.9 62.7 225.2 163.8
009240,0.9 3 233.9 64.5 323.9 116.2 0.7 14 319.6 83.4 453.1 223.6 0.9 14 389.8 83.0 453.8 126.7 0.6 14 435.1 81.4 498.9 143.6 0.7 14 389.9 82.5 497.0 146.2 0.5 14 465.9 80.8 499.9 106.1 0.6 14 314.2 83.0 495.2 228.1 0.7 14 311.1 87.7 404.5 250.3 0.6 14 390.5 82.3 497.3 202.6 0.8 12 269.0 116.3 499.3 251.7
009241,0.9 6 51.9 95.7 89.3 105.6 1.0 6 135.0 93.9 241.2 118.7
009243,1.0 6 99.0 64.3 412.7 218.4 0.6 14 305.7 85.4 336.6 109.4
009248,0.6 14 1.8 11.2 113.7 183.9 0.5 14 1.5 16.8 438.8 252.5 0.8 14 2.6 20.2 364.7 251.0 0.9 14 68.6 20.5 362.9 251.5 0.6 4 25.9 86.4 85.0 145.1
009253,0.6 14 110.4 15.1 237.5 262.3 1.0 14 35.1 15.3 236.5 261.6 1.0 14 220.2 29.9 414.9 259.5
009256,0.8 7 109.8 51.4 442.4 248.3
009257,1.0 4 254.7 58.0 288.6 133.9 1.0 4 112.0 -0.2 188.6 137.9
009258,0.6 14 39.2 0.6 212.6 424.6 0.7 14 47.0 2.4 154.1 475.6 0.9 14 40.8 0.4 213.1 492.0 0.9 1 48.0 169.1 221.2 499.1 0.6 14 118.6 3.1 213.5 498.2
009260,0.7 18 0.8 99.2 200.0 191.1 0.6 18 32.3 98.5 200.9 184.1 0.7 18 28.1 96.7 369.1 194.6 0.5 18 35.8 98.3 199.5 152.9
009261,0.0 0 0.0 0.0 10.0 10.0
009262,1.0 0 10.9 62.4 490.9 161.9
009263,0.9 8 220.0 114.9 329.9 251.0 0.9 8 77.0 107.6 119.3 203.9 0.7 4 351.0 0.9 434.2 251.4 0.7 4 372.2 1.5 435.9 226.6 0.5 2 306.4 64.8 388.8 151.0
009264,0.5 12 116.1 60.2 431.8 250.0
009265,0.0 0 0.0 0.0 10.0 10.0
009266,0.7 2 78.4 16.2 376.8 251.3
009267,0.7 6 276.5 160.0 332.2 181.1 1.0 6 170.6 163.9 252.4 189.6
009274,0.5 11 307.2 120.3 391.6 190.4
009275,0.9 17 31.2 214.6 166.7 321.4
009276,0.6 8 53.2 25.1 112.5 183.6 0.8 14 48.1 154.5 67.8 191.9
009277,0.9 13 54.1 117.0 228.8 212.1 1.0 14 117.2 65.6 229.2 208.8
009280,0.7 12 130.1 71.9 328.9 219.8 0.9 14 159.0 1.0 329.9 167.9
009284,0.7 14 113.5 115.1 135.1 179.0 0.9 14 399.4 157.1 421.0 179.8 0.7 14 387.6 135.2 427.0 239.8 1.0 14 424.2 137.0 444.1 183.7 1.0 14 1.0 184.8 40.3 248.1 1.0 14 175.5 128.8 201.3 164.1 1.0 14 88.9 118.0 119.6 187.3 0.7 14 31.2 117.5 56.4 190.1 1.0 14 1.2 110.4 43.8 200.8 0.6 14 145.9 111.5 165.8 134.6 1.0 14 368.3 132.9 392.7 158.3 1.0 14 142.0 119.8 189.2 181.4 0.7 14 111.3 181.9 135.5 198.6 0.7 12 177.8 90.5 298.1 181.3 1.0 14 121.4 119.4 152.4 185.0 0.9 6 57.6 172.5 447.9 247.4 0.6 14 143.5 114.3 174.9 176.0 0.6 14 223.6 86.8 252.6 122.4 1.0 14 394.8 138.1 425.4 174.1 0.9 14 291.3 121.6 322.6 151.1 1.0 14 62.0 121.5 89.5 189.9 0.9 14 331.9 131.7 354.3 149.9
009292,1.0 14 202.9 466.8 216.5 500.1 0.7 6 8.0 184.2 129.3 389.6 0.6 12 65.6 366.9 103.8 488.3 1.0 14 164.4 457.2 181.1 500.2
009293,0.0 0 0.0 0.0 10.0 10.0
009294,0.6 14 48.3 191.9 157.3 496.9 0.6 14 46.8 190.1 157.1 427.9 1.0 14 46.7 189.6 192.7 497.3
009297,0.9 14 218.4 68.6 272.8 128.9 0.7 14 353.3 45.8 441.3 188.0 0.7 4 379.8 124.8 401.9 166.9 0.7 14 248.2 93.7 270.4 114.6 1.0 4 332.1 90.3 350.2 131.6 0.9 4 391.8 78.5 420.5 126.0 0.8 14 176.2 45.5 241.5 119.0 1.0 14 94.6 42.5 254.3 234.6 1.0 14 1.8 67.2 144.3 249.6 0.9 10 149.8 119.2 444.5 243.2 1.0 4 355.1 106.6 383.6 171.7 0.8 14 245.5 3.1 285.8 33.7 1.0 4 288.4 94.7 319.7 160.4 1.0 14 351.3 45.1 445.5 136.4
009298,0.7 5 80.9 10.3 312.1 247.2 0.6 5 0.7 10.9 313.2 246.0
009300,0.6 2 45.1 153.3 116.0 397.7 0.7 2 44.7 154.7 116.9 366.3 0.9 2 45.0 154.1 115.6 345.4 0.7 2 44.7 155.1 116.6 366.4 0.7 2 115.8 82.0 187.6 278.0 0.9 2 114.7 80.5 200.6 372.9
009301,0.7 14 289.6 195.4 329.7 282.4
009302,0.6 13 1.5 89.9 84.1 144.3 1.0 6 38.7 99.8 407.0 231.6
009304,0.8 5 145.6 88.0 262.7 198.5 0.8 14 329.8 162.0 362.7 197.0 0.9 5 252.7 25.2 443.9 285.1
009305,0.6 1 25.4 34.5 398.9 238.8 1.0 1 80.4 52.9 402.7 239.6
009310,0.7 19 86.3 46.6 182.5 111.9 0.6 11 155.2 96.7 232.5 182.9
009311,0.8 8 366.3 167.5 444.8 282.6 0.8 19 213.6 36.6 268.1 94.3 0.9 8 290.2 120.2 364.6 213.4 1.0 14 1.2 23.5 61.8 252.1 0.9 8 273.0 122.5 311.0 203.3 0.8 10 271.9 119.7 400.9 208.4 1.0 8 366.6 123.1 437.2 208.3 0.9 8 301.5 121.1 366.1 214.1
009313,0.9 8 0.7 354.2 124.9 500.3 0.9 19 81.4 71.7 145.1 150.0 0.9 15 0.9 358.5 30.4 430.2 0.8 8 1.3 274.0 123.3 500.2 0.8 19 9.7 142.9 65.3 195.8 0.8 8 146.7 239.7 214.8 444.8
009314,0.8 14 136.6 251.6 204.5 400.7 0.5 6 112.7 192.1 194.6 330.3 1.0 14 30.9 205.3 216.4 499.4 1.0 14 35.2 230.0 61.2 353.1 0.8 14 132.0 209.8 147.1 236.7 0.9 14 135.6 250.5 212.9 465.2
009317,0.7 13 167.0 125.8 246.3 232.3 1.0 14 109.5 60.0 192.6 205.8 0.6 13 174.2 167.0 248.3 232.2 0.8 13 74.4 121.5 247.3 250.8 0.6 13 72.8 145.1 125.8 205.7
009319,0.9 19 56.5 39.7 290.0 295.9 0.6 19 56.8 38.0 290.0 372.3
009320,0.6 16 366.1 246.5 423.3 282.8 1.0 14 2.4 78.7 242.5 283.3
009321,1.0 6 32.6 53.5 479.7 215.8
009322,0.7 14 369.3 139.9 381.9 158.6 0.7 14 404.9 138.7 426.3 168.9 1.0 6 69.9 157.2 126.1 193.6 1.0 6 129.6 159.5 168.5 185.3 1.0 6 1.1 168.1 46.9 209.2 1.0 6 145.9 145.4 195.8 179.6 0.8 6 258.0 150.7 278.3 161.7 0.8 6 191.5 137.8 220.2 165.4 0.9 6 110.9 161.4 146.1 188.8 0.9 13 293.0 194.8 331.6 243.2 1.0 6 31.2 164.0 87.8 199.2 1.0 14 289.6 154.6 336.7 233.2
009328,0.6 14 119.0 42.9 190.7 134.7 0.5 14 216.5 0.7 354.3 242.2 0.5 14 221.9 18.4 356.5 240.6 0.6 14 6.9 51.1 178.6 137.3 0.5 14 4.8 39.6 288.3 238.5 0.8 14 174.5 43.5 240.5 154.8 0.9 14 4.2 49.5 179.5 241.1 0.6 14 9.8 58.0 165.2 241.6 0.5 14 123.6 50.1 238.0 138.3 0.6 14 231.8 22.9 288.9 141.9
009329,0.8 0 15.6 4.6 446.6 246.5
009332,0.8 0 2.1 65.0 199.5 182.2 1.0 14 115.9 287.6 154.5 395.4 0.7 0 1.6 61.5 192.5 181.2 0.5 0 128.7 239.9 223.5 355.0
009335,1.0 6 88.7 97.6 248.7 138.6 0.7 6 346.0 176.5 444.2 250.7
009338,0.9 13 81.7 67.3 372.3 219.3
009340,0.6 18 118.5 109.6 284.3 154.0 0.5 18 291.0 130.8 406.0 177.1
009341,1.0 6 24.8 67.8 429.7 203.3
009344,0.5 14 206.4 65.2 264.3 146.8 0.6 14 197.3 65.0 257.1 116.3 0.8 14 301.6 1.9 498.1 221.8 0.8 14 214.5 66.0 250.3 95.5 0.5 14 302.3 1.2 496.6 215.0 0.9 14 252.3 1.8 498.3 222.8
009345,1.0 14 167.4 45.9 233.8 205.0 1.0 14 14.0 72.4 196.7 250.4 0.7 10 149.4 136.6 444.6 247.5 1.0 14 271.0 59.1 410.2 249.7
009346,0.6 11 55.4 78.6 194.7 204.6 0.7 11 223.1 69.5 387.7 213.3
009352,0.9 11 219.8 98.4 340.4 195.9
009353,0.6 14 243.2 87.4 288.6 143.5 0.5 8 276.1 100.6 335.9 156.4 0.6 8 276.3 99.6 340.7 207.5 0.7 14 270.7 87.0 289.9 117.1 0.5 8 227.8 107.3 266.0 141.0 0.9 17 3.8 119.2 316.2 250.2 0.5 17 3.4 113.6 459.8 253.0
009355,0.9 19 340.2 55.9 405.2 102.7 1.0 1 18.3 40.0 400.4 239.7
009356,0.6 0 396.1 133.3 417.4 146.0 0.6 0 385.6 147.8 413.6 164.7 0.8 0 374.9 180.4 396.8 194.9 0.7 0 419.6 148.3 441.9 161.6 0.8 0 392.8 136.2 417.2 150.6 0.9 0 377.0 105.8 399.8 121.5 0.8 0 364.9 193.3 387.2 206.7 0.5 0 394.0 133.5 416.9 147.3 0.8 0 388.3 160.2 409.7 175.3 0.7 0 364.5 193.5 387.2 207.1 0.7 0 386.8 118.7 408.3 131.9
009357,1.0 19 172.1 139.2 264.6 215.7 1.0 19 329.6 117.7 443.4 223.5 0.8 19 327.1 118.5 443.9 261.8
009360,1.0 6 166.2 90.0 400.5 236.4
009361,0.9 13 115.1 105.6 341.6 195.9 1.0 14 162.6 77.5 275.5 189.8 0.9 14 151.7 83.2 187.4 122.8 0.8 14 159.5 77.1 325.4 191.8 1.0 14 375.0 23.4 427.4 127.3 1.0 14 336.5 10.7 387.4 66.9
009363,0.8 14 44.7 83.3 204.1 490.4 1.0 14 1.6 83.1 203.5 499.9 0.6 17 3.3 143.3 251.3 498.2
009364,0.8 14 3.8 54.6 262.0 250.9 0.7 14 3.6 29.9 430.5 251.5 1.0 14 252.6 1.3 431.1 251.2
009366,0.8 4 90.4 30.8 194.0 468.8 1.0 4 14.2 1.7 102.2 494.2
009367,0.7 17 145.5 135.1 271.3 158.9 0.9 17 361.1 136.7 479.5 205.3 0.5 8 97.1 151.2 180.7 196.5 0.9 19 428.1 68.4 485.3 140.4 0.7 17 143.4 135.4 286.8 186.5 0.5 10 98.2 146.6 302.3 192.4 0.9 8 65.5 159.3 108.8 196.8 1.0 15 330.8 105.2 374.4 150.3
009369,0.9 14 131.1 5.3 226.5 60.9 0.9 12 93.0 16.7 288.3 133.0
009370,1.0 1 47.6 129.3 206.2 246.0 1.0 14 78.5 73.7 178.4 227.9
009372,0.8 18 104.7 85.6 393.3 178.2
009376,0.9 14 258.9 49.2 294.6 82.2 0.8 6 1.1 70.7 137.3 134.1 1.0 14 383.7 93.3 421.1 150.0 0.9 14 411.9 56.2 431.4 144.5 0.9 14 238.4 51.0 260.6 92.7 0.6 14 1.0 90.8 27.8 134.4 1.0 6 337.9 73.2 393.9 98.0 1.0 14 394.1 57.5 421.7 100.4 0.9 14 256.0 48.5 292.8 119.6 0.7 14 1.7 90.8 51.5 131.3 0.8 14 1.0 91.9 43.0 136.1 0.9 14 151.8 100.0 175.4 117.7 1.0 14 205.6 49.9 234.0 116.4 1.0 14 258.8 69.5 297.1 127.9 0.7 6 -0.3 73.4 308.0 231.3 0.9 14 412.0 55.7 429.4 102.8 1.0 6 1.0 115.8 310.1 231.3 0.6 14 18.3 88.3 42.2 125.6 1.0 14 213.3 71.5 254.2 119.0 0.9 14 126.4 102.4 145.1 120.9 1.0 14 291.1 63.1 322.5 159.8 0.9 14 260.5 68.4 298.8 161.0 0.7 14 394.8 57.2 423.5 145.6 0.8 14 60.6 86.5 90.9 129.7
009379,0.6 19 367.0 170.7 430.8 244.5 0.6 19 347.7 146.7 377.0 168.2 0.8 15 396.6 116.8 429.9 164.0 0.9 19 262.8 168.3 429.1 245.1
009380,1.0 14 161.0 26.4 227.9 129.8 0.9 12 64.1 48.7 309.3 245.6 0.6 12 204.9 48.7 309.4 171.4
009381,1.0 6 1.0 0.2 198.4 69.8 1.0 6 25.5 3.0 398.5 237.0
009383,0.0 0 0.0 0.0 10.0 10.0
009384,0.8 6 253.3 202.6 281.9 232.8 1.0 6 132.7 205.5 211.2 257.2 1.0 6 1.1 203.9 46.2 258.6 0.9 6 113.1 209.4 147.2 232.1 1.0 6 55.1 206.9 119.3 247.8 0.7 6 45.7 202.9 76.0 231.2 1.0 6 222.4 213.1 261.0 240.3
009385,0.5 11 15.1 140.0 118.6 218.3 0.5 11 24.2 138.5 118.4 213.6
009387,0.8 6 390.8 165.2 447.8 179.0 0.7 14 296.1 113.0 351.8 160.7 0.7 6 177.2 168.2 209.8 181.7 0.7 6 211.2 159.5 335.6 183.2 0.6 14 378.2 90.1 444.9 177.8 0.9 6 209.6 158.7 353.8 183.4
009390,0.5 2 28.8 20.5 393.3 229.1
009391,0.9 14 50.7 145.4 123.5 384.7 0.7 14 49.0 144.2 123.8 460.4 0.6 4 132.5 218.2 146.8 271.6
009395,0.9 2 89.1 96.3 195.5 133.0
009396,0.8 6 17.0 453.5 29.5 471.2 0.8 3 70.7 112.3 95.3 239.1 1.0 6 28.5 456.4 50.5 480.1 1.0 6 82.7 419.6 156.4 500.3
009397,0.8 8 353.7 105.8 442.7 221.8 0.8 8 4.1 96.9 86.6 173.0 0.6 19 2.5 96.6 83.2 149.9 0.6 8 366.9 108.8 444.4 222.7 0.9 8 92.6 112.6 167.8 171.6 0.8 8 1.6 96.8 87.4 223.6 0.6 8 293.2 106.9 443.6 220.3
009399,0.8 18 143.6 38.2 413.7 170.3
009400,0.6 12 350.3 79.8 432.6 158.6
009402,0.8 6 9.3 65.2 200.9 110.0 1.0 14 167.3 47.0 313.9 196.9 0.7 6 13.1 66.9 165.4 108.2
009403,0.6 7 117.8 14.4 275.6 62.2
009404,0.6 19 109.2 43.9 221.9 144.7 0.9 19 15.4 28.7 224.1 160.8 0.5 19 111.0 46.8 211.4 134.9 0.8 19 227.3 41.4 440.3 226.6
009415,0.9 14 472.6 112.0 500.0 198.1 0.9 14 34.4 78.5 277.6 242.1 0.7 14 145.2 0.6 498.7 240.4
009416,0.0 0 0.0 0.0 10.0 10.0
009423,0.9 14 223.4 204.1 246.4 225.3 0.7 14 220.5 194.4 234.0 221.6 0.8 14 197.6 194.9 216.4 221.4 0.7 3 350.6 157.4 389.2 174.6 0.8 14 197.7 195.3 216.7 221.2 1.0 14 247.5 195.0 266.0 225.0 0.7 3 113.3 29.0 208.6 192.6 0.9 3 173.8 3.5 287.3 234.5 0.7 3 177.2 207.0 295.9 237.1
009425,0.7 14 72.3 34.5 191.0 205.6 0.9 14 72.9 36.8 191.0 281.5 1.0 14 180.7 14.6 295.5 282.4 0.5 14 182.2 13.6 351.4 282.5
009426,1.0 6 153.9 148.1 321.9 224.8
009427,0.7 13 2.1 7.1 471.4 250.1
009428,0.5 14 31.2 98.8 207.4 501.6 0.6 14 2.1 31.9 238.5 498.3 0.8 14 1.5 40.4 205.6 500.1 1.0 14 37.4 33.4 208.1 498.5
009430,0.9 14 275.5 28.4 291.1 42.7 0.8 14 296.3 25.5 309.6 41.5 0.7 6 135.2 36.0 283.4 65.7 0.9 14 48.8 16.0 91.5 66.0 0.7 14 371.8 30.2 389.6 61.6 1.0 14 406.7 17.2 430.2 95.3 0.8 14 170.5 29.1 189.8 48.1 1.0 14 89.8 21.0 122.2 62.4 0.8 14 361.8 42.9 378.8 61.4 0.7 6 130.8 38.6 402.5 106.1 0.8 6 3.1 56.4 283.3 265.7 1.0 14 23.1 25.1 54.9 66.6 0.9 14 360.8 43.4 380.5 73.2 0.8 14 115.2 24.1 142.6 61.4 1.0 14 115.8 23.3 144.0 60.7 0.9 6 2.6 56.0 216.5 191.7 0.5 6 162.1 39.7 393.5 112.7 0.8 6 131.3 40.0 282.5 106.5 0.6 14 408.8 18.8 428.7 70.7 0.5 14 86.6 21.5 113.1 61.9 0.9 14 1.2 13.0 18.4 64.0 0.9 14 112.5 23.1 139.5 61.5 0.9 6 1.6 38.3 412.9 264.0 0.8 14 137.0 27.3 157.8 53.6 0.8 6 181.7 41.6 429.5 185.8 1.0 14 380.8 29.9 406.6 83.5 0.7 14 307.1 27.6 321.2 42.5 1.0 14 52.0 16.3 89.8 67.2 0.8 6 340.4 27.1 387.0 47.6 0.5 6 144.3 38.1 428.9 261.2 1.0 14 319.1 21.4 341.8 45.1
009431,0.8 4 41.2 42.8 156.5 499.7 1.0 4 0.9 103.1 72.9 500.7 0.6 7 40.0 23.9 223.6 499.5
009435,0.6 8 264.7 109.1 298.5 185.1 0.8 8 1.2 160.4 226.4 248.4 0.8 17 1.2 106.1 222.2 195.8 0.6 17 0.2 107.5 220.8 195.7 0.6 17 0.4 104.0 227.2 247.0
009436,1.0 14 118.7 133.7 145.6 180.8 1.0 14 322.0 112.2 378.2 213.9
009441,0.7 14 70.7 0.1 310.3 283.1 0.8 14 3.5 1.4 400.1 282.5 0.9 14 3.7 0.6 311.7 282.5
009442,0.6 11 49.2 18.1 354.8 210.3
009444,0.9 10 206.7 216.5 317.3 278.2 0.9 8 320.1 188.8 395.3 280.2 0.9 8 110.0 205.8 179.3 281.3 0.8 8 1.0 212.0 46.2 281.6 0.8 8 237.9 204.6 320.5 280.8 0.7 10 206.8 196.6 391.1 279.2
009447,1.0 1 41.1 17.0 371.4 186.4
009449,0.6 7 103.0 99.0 370.7 246.9
009450,0.6 9 108.8 118.7 183.4 177.2 0.7 9 80.9 127.3 128.4 231.7 0.7 9 0.9 142.4 63.1 239.2 0.6 9 80.6 126.7 131.0 230.6 0.7 9 105.8 118.2 185.8 227.7 0.7 9 22.1 157.2 108.3 333.6 0.7 9 167.1 169.7 249.1 331.7
009451,0.6 16 265.6 32.0 303.2 53.1 0.6 16 1.2 43.4 45.8 100.7 0.7 16 1.3 57.2 38.6 128.2 0.7 16 108.3 34.5 171.7 73.3 0.7 16 67.6 35.6 108.5 58.1 0.6 16 1.7 33.4 43.2 54.9 0.6 16 417.5 36.8 442.3 53.4 0.7 16 364.8 47.6 416.7 68.7
009452,0.6 8 252.5 120.6 288.2 224.7 0.6 14 419.9 73.3 497.7 244.9 0.9 14 1.4 18.4 99.8 118.4 0.5 8 257.3 122.2 284.4 163.0 1.0 14 273.4 58.0 356.9 158.8 0.9 14 2.6 91.1 233.7 248.1 0.9 14 473.8 60.1 499.9 107.0 0.9 14 1.6 90.1 161.8 241.1 0.6 15 137.8 137.0 183.2 167.6 0.6 12 419.0 104.6 500.0 249.4 0.9 14 270.3 58.9 359.2 234.5 1.0 14 422.7 74.5 483.4 192.8
009453,0.7 11 2.0 111.8 316.0 284.1
009462,0.7 8 29.1 348.6 60.1 492.5 0.6 19 80.6 176.0 164.7 280.4 0.5 19 81.7 176.6 164.1 279.8 1.0 15 66.4 277.7 178.6 480.3
009467,0.7 2 29.3 28.4 153.4 112.2 0.9 2 22.6 30.3 88.2 103.1 0.9 2 78.6 27.0 156.6 111.9
009471,0.5 17 2.5 1.3 444.8 254.9
009473,1.0 14 13.7 72.3 204.7 283.6 1.0 14 160.7 67.7 304.9 284.6 1.0 14 294.9 73.7 443.0 282.5
009474,0.8 19 99.0 1.2 248.1 189.0 0.7 19 0.1 207.5 166.4 432.5
009475,0.9 14 60.5 67.2 132.2 101.2 1.0 14 176.4 64.7 236.5 99.1 1.0 6 2.3 40.6 498.5 221.2
009478,0.6 14 2.0 12.5 272.0 224.3 1.0 14 93.6 14.6 273.6 224.8 0.8 4 247.0 40.7 332.0 214.5
009482,0.5 14 260.3 74.4 294.3 107.6 1.0 14 192.6 65.7 233.1 112.6 0.9 14 152.3 82.3 177.9 111.3 0.9 14 11.6 10.6 182.6 133.9 0.7 14 44.1 0.7 105.3 60.8 0.8 14 396.2 67.5 436.6 144.2 0.7 14 209.1 64.1 236.1 116.1 1.0 14 101.3 79.0 202.6 194.1 0.9 14 387.9 65.4 429.6 99.8 0.7 14 261.9 68.4 298.7 127.1 0.9 14 1.5 102.4 121.5 252.2 0.9 14 162.4 67.9 206.2 144.9 1.0 14 205.1 69.8 242.9 140.6 0.8 14 163.6 69.5 203.1 115.4 0.6 14 2.6 9.6 213.8 189.1 0.9 14 394.9 32.9 420.4 53.7 0.9 14 1.4 103.0 194.2 249.3 0.9 10 86.5 134.7 295.3 247.6 1.0 14 273.0 66.3 356.2 195.4 0.6 14 166.7 71.6 202.1 118.1 0.7 14 216.3 63.1 235.7 92.0 0.7 14 379.8 64.9 432.2 139.7 1.0 14 363.7 30.2 396.5 54.5 1.0 14 277.5 81.8 443.6 250.3 0.9 14 272.1 67.0 318.8 123.7
009483,0.6 7 6.2 15.3 151.6 284.8 0.7 7 7.7 17.2 151.9 279.4 0.7 7 8.4 16.7 219.6 495.5
009485,0.0 0 0.0 0.0 10.0 10.0
009486,0.6 8 167.2 232.8 251.2 445.9 0.9 8 125.0 194.2 175.1 399.1 0.7 10 141.6 229.5 250.5 441.7 0.6 19 139.3 76.7 208.3 177.8 0.7 8 165.7 182.8 242.5 444.7
009487,0.6 8 61.9 150.4 173.0 242.7 1.0 14 40.2 36.1 272.2 251.8 0.7 10 15.1 194.5 370.7 249.5 0.7 8 353.0 140.9 443.3 250.1
009489,0.0 0 0.0 0.0 10.0 10.0
009492,1.0 6 104.8 60.2 485.7 209.7
009493,0.7 13 15.5 105.0 287.2 286.3
009495,0.9 13 22.0 120.4 184.3 291.4 0.7 14 34.9 101.2 65.9 156.7 0.9 13 295.9 117.0 446.1 307.7 0.5 14 276.5 101.6 340.2 223.4 0.9 13 159.4 116.2 317.6 296.3 0.8 14 33.5 100.5 67.7 210.5 0.6 14 277.9 102.5 330.8 162.2
009498,0.9 5 90.3 56.2 318.2 259.8
009501,0.6 5 191.6 111.9 270.5 195.1
009503,0.9 17 47.8 161.9 288.5 321.0
009505,1.0 14 111.8 52.0 191.7 266.1 1.0 12 66.3 106.8 226.2 416.0
009506,0.6 13 430.2 168.3 499.8 250.3
009509,0.9 1 209.0 31.3 315.6 83.7 0.6 1 302.6 39.4 414.2 100.5 0.6 14 147.8 29.8 191.6 72.0 0.9 14 252.9 36.1 303.4 128.4 1.0 14 148.7 32.3 232.6 283.2 0.8 14 308.4 44.8 369.9 128.3 0.9 1 248.6 36.1 413.1 132.5 0.7 1 244.8 32.5 413.2 97.7
009510,0.8 5 79.8 111.1 336.5 213.2
009511,0.9 8 89.9 88.2 299.2 280.8
009513,0.7 11 84.5 176.8 218.9 482.8 0.6 11 57.8 174.7 221.6 481.8
009514,0.8 14 190.0 85.2 226.4 125.9 0.8 10 176.6 125.6 308.2 221.3 0.9 8 82.4 112.3 137.6 215.9 0.9 8 331.5 114.3 411.9 217.2 0.7 8 331.2 114.1 412.1 221.5 0.8 8 254.7 120.2 355.4 234.8 0.9 14 91.8 84.1 150.3 215.7 1.0 8 137.9 119.2 238.4 239.0 1.0 14 169.0 83.5 237.4 220.7 0.6 8 331.7 106.6 380.1 215.9 0.9 15 1.6 22.7 85.0 199.8 0.9 14 331.7 85.5 365.0 127.0 0.6 8 84.6 113.0 147.5 220.0 0.7 14 188.8 85.5 243.0 216.7 1.0 14 147.5 85.7 179.1 121.1 1.0 14 93.8 84.4 151.2 217.4 0.8 15 76.9 55.1 112.8 86.4 0.6 15 334.1 32.3 367.6 104.7 0.6 10 17.6 118.0 311.8 231.1 0.7 14 155.7 90.5 179.8 120.0 0.9 15 212.0 52.2 285.6 128.2 1.0 14 276.0 88.0 335.6 168.9 1.0 8 252.7 121.2 349.5 234.0 0.5 14 322.7 86.0 354.2 140.5
009521,0.9 8 355.9 191.1 445.7 280.6 0.7 19 415.3 141.9 448.4 197.5 0.7 8 14.7 184.9 229.3 281.0 0.9 8 12.6 182.8 139.3 283.1
009522,0.0 0 0.0 0.0 10.0 10.0
009525,1.0 14 101.4 68.2 180.3 290.7 0.9 12 46.9 111.1 210.1 444.4 0.7 12 45.9 110.2 211.8 459.4
009529,0.8 14 328.8 91.4 351.8 120.9 0.8 14 365.2 140.3 441.5 312.6 0.7 14 408.0 111.2 440.3 165.1 0.5 12 187.1 160.2 270.1 315.9 0.7 14 88.3 98.1 124.9 212.8 1.0 14 180.7 158.8 270.7 316.9 0.9 14 37.1 105.8 79.2 205.8 1.0 14 158.1 73.0 244.6 257.6 0.5 14 161.5 72.6 243.8 316.3 1.0 14 35.9 104.9 88.1 263.9 0.6 14 181.8 158.2 368.6 314.9 0.7 14 229.1 105.9 252.5 152.7 1.0 14 278.1 143.5 388.1 303.4 0.9 14 367.8 140.8 441.5 243.3 0.6 14 268.7 143.1 381.5 314.2 0.8 14 222.2 157.9 368.6 314.2
009530,0.8 5 188.8 206.4 273.8 234.2 1.0 6 278.3 211.4 314.5 227.4 1.0 6 120.4 224.9 172.2 244.0 1.0 6 41.9 227.1 108.0 252.7
009534,0.9 1 321.7 217.2 427.9 280.6 0.9 1 67.4 199.9 150.2 255.5 1.0 14 79.2 169.1 130.2 251.9 1.0 14 328.0 171.0 408.7 262.9
009535,1.0 14 220.4 42.9 323.2 235.3 1.0 12 181.5 76.3 414.2 282.5
009536,0.9 14 72.7 70.7 97.5 100.2 1.0 14 1.1 71.7 26.1 152.5 1.0 6 50.6 54.2 443.4 299.8
009538,0.7 3 117.4 60.7 335.7 259.9 0.7 3 1.1 188.5 87.6 265.5
009539,1.0 14 234.0 143.6 303.1 273.3 0.7 12 114.4 171.4 146.0 228.6 1.0 14 384.4 140.8 444.0 269.9 1.0 14 115.1 166.2 143.4 226.7 1.0 14 327.9 148.4 370.4 260.4 0.7 12 76.2 171.7 110.4 220.6 0.7 12 393.5 174.7 437.7 269.9 1.0 14 176.0 160.6 210.6 234.1 0.6 14 382.8 140.9 436.0 228.4 1.0 14 288.3 156.0 326.6 255.2
009544,0.7 7 77.6 0.8 237.6 179.9 1.0 4 233.4 47.8 273.2 111.2 0.5 7 4.2 0.1 238.5 254.0 0.7 10 2.8 47.8 397.6 291.9 1.0 4 313.8 48.8 363.1 147.3 0.9 4 229.8 25.9 253.5 107.6 1.0 4 257.6 1.0 279.4 42.6
009547,1.0 4 67.3 203.0 102.9 431.0 1.0 4 0.8 192.8 25.6 403.2 1.0 14 28.7 8.1 209.7 317.4 0.5 10 2.0 299.0 227.5 501.0 0.9 4 146.9 310.9 198.6 501.6
009548,0.7 14 198.7 231.2 206.5 263.6 0.9 14 185.9 228.6 195.6 263.7
009552,0.5 7 40.4 29.6 180.2 490.9
009553,0.8 0 214.7 92.3 277.1 120.0 0.7 0 329.9 146.2 388.5 168.0 0.7 0 321.6 104.5 386.1 132.6 0.9 0 229.5 136.0 287.2 158.7 0.7 0 122.9 125.3 181.2 147.3 0.6 0 320.9 99.7 386.8 122.5 0.8 0 220.7 113.9 280.7 141.0 0.7 0 323.6 124.0 385.4 150.6 0.8 0 317.5 60.9 383.6 91.8 0.8 0 317.9 82.0 386.3 111.3
009554,1.0 14 14.0 91.1 243.9 277.4
009555,0.7 5 388.6 55.0 492.4 75.6
009556,0.8 14 72.2 0.9 309.7 283.6 0.7 14 72.4 0.4 401.4 283.9 0.6 14 165.1 69.8 399.9 284.2
009559,0.9 1 309.9 106.2 415.2 166.8 0.8 1 166.4 103.4 271.6 165.7 0.7 1 163.2 109.0 232.5 164.1 0.8 1 248.6 102.6 307.0 164.7 1.0 14 224.3 59.2 265.8 158.0 1.0 14 271.3 54.8 336.6 161.7 0.7 1 186.3 101.4 307.4 165.4 0.8 1 251.6 103.5 320.8 164.5 0.7 1 167.9 99.9 311.0 165.4
009561,0.6 4 331.7 37.1 366.7 87.2 0.8 12 156.1 98.9 313.6 249.4 1.0 19 75.5 53.5 174.7 124.1 1.0 14 109.9 49.6 326.5 245.9 0.7 4 369.2 61.0 433.6 195.7
009563,0.9 14 58.4 137.5 156.8 415.4 0.7 14 125.8 137.4 151.6 187.3 0.8 13 1.9 173.1 179.4 498.0 1.0 14 147.4 134.1 192.7 411.1
009564,1.0 1 116.4 150.6 212.3 211.9 0.7 6 1.0 115.7 46.0 148.6 1.0 6 202.3 115.1 282.6 143.4 1.0 6 67.6 111.1 200.0 144.6 1.0 14 121.6 94.4 192.2 190.7 0.6 6 68.1 112.7 149.4 141.5
009569,0.5 9 200.6 138.2 351.1 238.8
009570,0.9 4 72.0 57.9 112.5 149.3 0.9 4 4.8 76.6 46.2 139.3 0.6 4 53.8 57.8 85.4 100.4 0.9 4 41.0 56.7 85.2 140.3 0.6 14 109.7 2.1 386.7 222.3
009572,0.5 15 0.9 133.9 57.5 180.6 0.7 11 285.1 62.4 409.6 110.3
009574,0.6 12 313.3 138.2 443.0 250.5 0.6 14 69.5 50.9 141.2 248.1 1.0 14 123.5 54.1 241.3 248.7 0.6 14 339.1 41.9 435.1 155.4 1.0 14 2.2 50.2 141.0 247.9 1.0 14 233.5 40.2 351.0 246.1 1.0 14 335.9 40.9 440.2 245.8
009575,0.5 7 86.8 0.9 499.4 286.7
009578,0.7 2 93.2 199.2 203.3 333.0 0.6 2 404.1 142.7 497.1 329.2 0.7 2 87.7 65.1 241.3 182.6
009581,0.6 4 18.9 185.2 52.3 261.1 0.9 2 182.2 119.3 324.1 226.4 0.9 15 11.3 20.2 162.6 261.2 0.9 15 342.3 121.8 495.6 275.1
009582,0.9 4 365.7 200.0 439.1 349.7 0.9 4 325.3 158.3 379.9 292.9 0.5 4 347.0 2.0 437.2 175.1 0.7 8 1.0 69.7 139.6 327.6 0.6 10 -0.1 79.7 445.4 374.4
009583,0.8 11 296.5 16.3 401.7 100.5 1.0 14 2.3 1.8 321.4 332.1 1.0 14 251.5 -0.3 499.4 250.0
009589,1.0 6 40.8 25.3 113.8 61.0 0.6 7 1.6 120.0 341.3 375.0
009590,1.0 6 3.1 140.0 79.8 211.4 1.0 14 81.1 134.1 104.3 169.2 0.9 14 0.8 135.0 15.1 206.8 0.9 14 1.0 135.0 15.9 291.6 0.9 14 107.1 137.1 124.5 165.5 0.5 14 74.7 62.1 98.6 105.5 0.9 14 201.8 131.0 226.0 158.8 1.0 6 13.5 82.8 437.4 302.7 1.0 14 40.4 135.1 67.7 192.6 0.5 14 2.6 133.7 17.9 170.7
009592,0.9 14 113.2 61.1 132.5 95.4 0.5 8 185.0 84.5 240.3 268.8 0.7 8 206.3 127.0 239.2 270.0 0.7 11 88.2 88.1 217.6 270.1
009593,1.0 6 152.6 129.4 347.2 204.0 1.0 14 346.5 113.5 382.0 200.5
009594,0.9 19 199.4 214.7 293.1 280.4
009595,0.0 0 0.0 0.0 10.0 10.0
009599,0.8 14 1.4 0.8 123.1 226.7 1.0 14 1.7 1.0 144.0 227.7 0.8 6 113.9 31.4 355.2 227.6
009601,0.9 14 249.7 125.2 265.4 174.2 0.9 14 329.9 53.0 358.7 90.4 0.9 14 241.4 124.8 258.9 174.5 1.0 14 366.2 125.6 391.6 194.0 0.7 14 357.2 114.3 377.3 187.0 1.0 14 316.2 114.1 356.5 185.6 1.0 14 436.5 121.4 465.4 201.0 1.0 6 115.1 137.2 218.9 189.6 1.0 14 458.9 118.9 492.6 203.4 1.0 14 236.3 123.2 256.9 174.4 0.9 14 357.9 113.9 379.4 151.9 0.7 14 366.9 113.3 387.4 188.1 0.7 14 290.4 126.7 318.7 183.3 0.7 14 197.5 130.2 215.5 156.6 1.0 14 263.6 122.1 293.3 177.3 0.8 14 383.3 44.9 406.9 70.0 1.0 14 1.5 94.3 126.5 254.8 0.9 14 358.2 114.3 381.8 188.8 0.6 14 359.0 113.3 381.7 188.6 0.6 14 183.8 130.0 200.5 149.6 1.0 14 206.9 127.1 239.4 172.6 1.0 14 383.0 111.1 414.5 197.8 1.0 14 291.9 125.9 321.9 183.6 0.9 14 354.7 46.2 386.9 90.9 0.7 14 356.8 47.3 382.0 89.7
009602,0.9 15 2.1 1.2 164.1 147.8 0.9 15 295.5 76.1 414.8 190.5 0.5 15 62.8 7.9 166.7 149.5
009604,0.7 11 33.3 10.6 245.1 499.2
009606,0.9 8 173.5 370.8 253.8 500.6 0.9 8 66.9 302.1 201.3 500.4 0.7 8 58.5 322.7 156.1 500.1 1.0 15 59.2 225.1 93.0 275.9 0.8 8 53.7 325.4 156.0 500.0 1.0 10 27.1 316.4 246.6 500.5 0.9 15 117.3 300.4 158.9 353.2
009607,0.9 2 112.2 85.2 325.5 167.9 0.9 2 112.1 84.6 408.9 240.2 0.8 2 157.7 141.2 409.3 240.2
009608,0.8 2 156.5 46.9 271.4 147.9
009610,0.9 14 6.7 23.2 182.4 441.7
009612,0.5 14 9.4 97.2 182.1 450.4 1.0 14 10.3 95.1 230.3 449.1
009616,0.6 2 50.5 62.4 342.7 223.4 0.7 2 217.1 62.5 337.6 192.0
009622,0.6 13 63.3 79.4 120.8 106.0 1.0 14 82.0 36.4 277.3 223.8 0.6 14 400.5 166.5 425.3 202.9 1.0 14 252.0 71.4 479.1 223.7
009624,0.0 0 0.0 0.0 10.0 10.0
009625,0.5 18 29.5 119.4 187.1 444.2
009626,0.8 14 120.5 94.2 246.7 181.9 0.7 14 32.2 113.8 371.2 251.3 0.7 14 223.1 118.4 366.9 186.6 0.8 4 123.9 229.3 146.9 253.9 0.6 17 3.6 83.7 435.9 241.8 0.5 14 224.8 116.4 434.1 246.0 0.8 14 222.1 116.2 373.1 251.7
009628,0.7 14 1.6 83.8 189.6 220.1 0.5 14 87.9 79.3 343.2 251.8 0.8 14 1.7 81.4 112.7 252.2 0.5 14 85.2 91.7 219.9 248.9 0.9 14 2.3 83.5 187.0 251.4 0.6 14 99.8 78.4 343.3 252.8 1.0 14 206.1 77.4 344.1 251.2
009630,0.9 15 295.2 64.7 333.8 96.6 0.8 4 393.3 131.6 416.5 177.9 0.9 15 330.5 61.4 372.7 99.6 0.9 4 43.0 98.6 64.0 144.6 0.6 15 354.7 56.5 377.7 97.1 0.9 15 260.0 63.5 294.9 94.5 0.7 11 299.7 105.1 362.0 210.4
009631,0.6 19 267.7 70.4 318.5 116.2 0.8 8 355.4 150.1 395.5 221.5 0.8 8 402.7 110.8 475.7 168.4 0.8 8 123.1 106.1 215.2 206.7 0.5 8 422.4 111.6 478.6 165.2 0.5 8 428.4 109.4 499.6 212.5 0.8 8 407.2 110.4 481.5 209.6 0.7 8 192.2 156.4 220.6 204.9 0.7 8 408.5 102.8 472.5 166.8 0.6 10 11.0 105.1 295.4 205.3 0.6 14 1.5 118.1 96.5 179.4 0.8 10 126.8 106.0 325.6 204.0 0.9 8 34.9 118.5 102.5 177.7
009632,1.0 14 76.5 126.2 101.9 150.5 0.9 19 357.4 131.4 423.7 174.0 0.9 8 8.8 0.3 188.7 225.3 0.5 8 315.6 130.4 422.1 223.9 0.9 19 204.6 10.1 295.4 93.8
009633,0.9 14 83.7 111.5 146.5 169.2 0.8 14 372.9 57.3 445.2 118.1 1.0 14 140.0 24.1 346.4 185.1 1.0 14 100.1 111.2 150.8 169.6 1.0 14 15.8 114.1 83.4 168.8 0.9 14 304.9 58.9 441.2 184.0 1.0 14 268.7 59.5 356.5 121.3
009635,0.6 8 166.6 374.7 226.5 500.4
009639,0.5 13 121.9 51.5 299.4 220.5 0.7 13 11.8 66.0 156.7 173.4
009640,0.7 7 161.1 84.0 332.1 169.3 0.5 7 161.4 83.9 457.7 282.3
009642,0.0 0 0.0 0.0 10.0 10.0
009643,0.5 14 60.1 275.0 94.6 331.3 0.9 14 58.4 274.2 102.2 374.8 0.5 14 58.3 273.4 82.7 333.9 0.9 5 146.9 192.9 205.5 248.0
009645,0.9 4 181.7 140.2 250.3 244.4 0.8 4 97.1 138.2 167.8 241.9 1.0 4 206.4 0.4 263.1 172.0 0.5 2 302.1 105.2 376.6 137.3 0.7 4 205.4 1.5 263.7 229.4 0.8 4 116.5 2.2 188.8 147.3 0.9 4 27.4 47.9 106.6 223.6 0.7 4 265.6 2.5 337.1 230.3 0.7 4 285.6 2.2 334.1 100.3 0.7 4 276.9 1.8 336.6 175.2
009646,0.7 8 2.4 4.3 456.2 282.4 0.9 7 56.6 62.7 286.1 281.0
009648,0.9 14 103.2 40.1 147.4 129.5 1.0 14 105.0 211.5 140.2 426.1 0.5 14 63.2 196.6 110.5 320.9 0.9 14 28.2 177.3 69.4 455.1 0.6 14 97.9 324.3 125.1 414.8 0.7 14 65.4 226.0 135.1 418.3 0.6 14 77.2 228.4 110.5 314.3 0.5 14 75.1 52.8 105.5 130.6 0.5 14 40.9 49.6 76.0 120.9 0.9 14 65.5 235.0 116.2 423.7 1.0 14 10.3 24.1 51.2 108.2 0.8 14 84.9 2.1 259.4 499.1
009651,0.8 12 138.2 184.3 377.7 284.4
009652,0.9 6 0.4 0.5 313.9 198.6 0.9 6 0.1 -0.2 315.3 255.3
009653,1.0 14 113.2 63.4 295.6 280.6 0.5 14 7.9 28.9 285.1 281.9 0.9 14 2.2 25.5 148.6 283.9 1.0 14 264.5 13.6 443.3 282.0
009657,0.6 14 169.9 49.3 286.1 182.1 0.9 14 196.6 49.0 285.9 148.4 0.7 14 195.3 49.1 282.1 126.2
009660,0.8 14 115.0 155.7 221.8 387.5 0.8 4 72.7 171.5 138.4 383.2 0.9 14 115.7 155.9 220.3 338.5 0.7 14 8.9 160.1 172.9 499.5 0.6 14 54.3 156.7 221.2 498.7 0.5 11 139.2 228.3 225.6 374.4
009661,1.0 14 185.3 27.0 271.4 123.4 1.0 14 37.5 68.8 66.9 154.3 0.5 14 272.1 45.6 346.5 168.1 0.7 12 51.5 43.9 354.8 214.6 0.7 12 1.3 106.3 66.4 195.1 0.8 12 52.5 43.2 355.8 265.5
009662,0.8 8 1.0 203.2 55.0 281.8 0.5 8 106.2 196.5 173.2 237.3 0.6 8 1.2 200.8 94.3 280.4 0.7 8 315.8 152.1 350.7 213.2 0.6 10 152.1 152.3 302.7 220.6 0.9 10 64.9 207.4 443.1 282.2 0.9 8 317.1 148.5 410.9 250.6 0.6 8 22.5 203.7 96.8 273.7 0.8 8 185.7 165.2 220.0 228.0 0.9 8 208.5 154.4 308.6 222.4 0.8 8 269.4 154.6 310.0 218.4
009663,0.8 8 211.6 60.9 296.3 195.6 0.6 8 1.2 136.7 92.3 224.1 0.7 15 147.5 83.3 195.4 140.7 0.7 19 359.3 3.6 435.3 72.7 0.9 17 192.5 176.5 443.8 283.6
009665,1.0 14 119.9 107.7 155.9 194.4 0.8 12 79.5 125.5 124.1 192.4 0.6 12 195.6 111.6 339.5 192.2
009669,0.8 7 2.4 1.8 496.0 253.2
009672,0.0 0 0.0 0.0 10.0 10.0
009673,0.5 6 2.1 9.8 91.4 53.7 0.8 14 37.8 5.1 134.8 107.7 0.8 13 3.6 40.6 176.8 137.4 0.5 14 59.3 5.5 130.0 77.5 0.7 14 29.2 4.9 151.3 126.9 0.8 6 123.2 7.5 402.5 51.4
009674,1.0 14 61.5 127.6 99.4 292.6 0.8 13 49.3 162.8 180.8 447.3 1.0 14 1.0 135.0 45.9 377.0 0.6 13 36.9 160.5 203.0 448.1 1.0 14 133.9 123.5 192.1 404.0
009675,1.0 6 82.3 11.7 500.3 191.1
009677,0.9 13 80.8 73.8 359.6 211.1 0.6 13 253.4 1.1 422.8 59.7
009680,0.7 14 264.7 54.9 298.8 84.0 0.7 14 272.7 58.3 314.0 112.9 0.9 14 248.5 54.0 305.2 120.6 0.9 6 1.2 72.2 72.2 177.0 1.0 6 29.2 66.0 339.5 224.9
009682,0.8 18 3.1 78.6 366.7 182.7 0.5 18 311.7 75.2 454.9 124.8
009683,0.9 6 56.4 113.8 73.6 128.0 0.7 6 1.0 112.8 19.2 126.5 0.8 5 71.7 81.9 351.0 180.2
009688,0.9 6 93.4 6.1 290.3 139.5 0.9 6 34.0 110.1 353.4 374.1 0.9 6 344.7 102.9 437.5 212.1
009689,0.8 8 103.3 46.7 209.3 364.2 1.0 19 208.3 46.1 290.3 140.6 0.5 8 -0.0 52.4 208.5 374.4 0.8 8 45.8 154.9 208.6 373.7 0.9 8 233.5 158.9 395.2 374.8
009690,0.5 19 187.8 89.5 257.8 231.2 1.0 8 240.4 191.6 325.2 333.1 0.5 8 356.2 191.7 409.8 295.4 0.8 8 338.5 191.5 410.6 331.8 0.7 8 382.2 175.7 440.7 315.9 0.9 19 295.9 92.6 373.6 199.4 0.9 19 1.2 153.8 54.2 255.3 0.9 8 343.3 192.6 408.5 295.3 0.9 10 258.8 208.2 398.7 331.3 0.9 8 248.3 224.2 322.7 333.4
009694,1.0 14 51.2 295.5 68.3 334.9 1.0 6 292.8 301.4 372.5 350.3 1.0 6 155.9 307.2 243.8 347.3 1.0 6 238.2 308.6 307.7 350.5 0.7 5 251.7 220.8 441.3 344.2
009696,0.0 0 0.0 0.0 10.0 10.0
009697,0.8 14 3.0 2.4 439.9 373.7
009701,0.6 3 360.8 139.7 378.1 170.4 0.9 3 396.0 150.8 419.6 198.6 1.0 6 85.9 132.4 312.3 222.3
009704,1.0 14 389.4 197.8 433.1 283.6 0.9 14 394.1 196.9 428.7 282.5 1.0 14 364.5 178.9 383.2 243.3 1.0 14 444.2 182.0 463.6 250.8 1.0 14 160.3 189.8 193.0 288.5 1.0 14 119.6 195.0 150.8 286.3 0.6 5 265.2 173.9 350.3 218.4 0.8 5 169.2 128.2 268.0 243.8 0.9 5 47.8 126.7 268.8 243.9 1.0 14 383.9 186.7 403.3 247.8 1.0 14 80.6 189.1 105.3 268.6 1.0 14 479.4 188.0 499.5 256.9 1.0 14 225.4 193.2 256.2 264.1 1.0 14 415.4 168.8 437.9 233.5 0.6 6 308.3 186.3 351.5 213.0
009705,0.8 6 242.1 0.8 382.7 25.5 0.6 6 437.8 0.9 499.4 20.6 0.9 13 55.8 39.9 454.9 148.7 0.6 13 204.7 2.8 461.5 119.8
009708,0.8 8 295.3 123.2 468.0 225.8 0.9 14 33.6 58.3 205.0 145.9 0.9 14 103.9 58.4 208.2 137.9 0.6 8 2.6 87.3 206.1 196.6 0.6 14 16.5 59.5 208.3 183.4 1.0 14 181.4 64.7 440.0 227.1
009714,0.8 14 0.6 404.9 14.3 450.3
009715,0.6 14 284.5 77.0 309.6 101.7 0.8 4 271.1 117.4 285.3 137.6 0.7 10 401.4 144.3 500.1 223.8 0.7 14 294.0 73.7 405.8 157.6 0.8 14 262.7 75.6 291.6 101.8 0.9 14 201.3 74.7 304.3 145.5 0.7 14 39.2 59.6 290.2 227.4 0.7 14 36.0 56.4 196.4 164.2 1.0 14 36.0 58.3 193.9 225.4 0.9 14 174.1 74.0 374.6 226.8 1.0 14 296.1 73.3 422.6 226.2
009716,0.9 2 83.8 71.3 302.6 196.8 0.5 2 79.5 72.0 371.7 208.5
009720,0.5 11 158.0 11.9 376.5 224.6
009722,0.8 14 123.4 212.6 155.6 320.4 0.6 14 75.8 217.3 151.7 327.3 0.9 12 70.9 162.6 143.1 328.5
009723,0.6 6 98.7 13.4 171.5 31.3 0.8 6 381.4 74.0 499.4 183.8 1.0 6 1.4 19.9 105.9 72.3 0.8 6 441.9 21.3 499.1 54.3 1.0 6 375.4 12.9 498.9 53.4 0.9 6 59.1 11.3 173.2 32.8 0.6 6 1.5 44.1 385.6 217.4 0.9 6 3.0 48.5 497.0 216.3 0.5 6 375.5 14.8 439.5 48.1
009725,1.0 1 7.9 151.9 114.9 235.6 0.7 5 156.0 16.1 439.4 246.8
009727,0.8 3 126.1 139.0 183.4 172.1 0.6 3 196.2 184.5 233.4 204.9 0.7 3 127.1 141.3 183.3 183.5 0.6 3 122.6 136.2 151.4 157.4 0.7 3 111.3 133.7 135.8 148.0 0.7 3 163.5 212.2 184.8 238.0 0.8 3 176.6 181.8 232.9 205.1 0.8 3 169.6 212.6 207.8 238.0
009728,1.0 14 348.7 163.8 388.4 189.3 0.9 14 442.8 179.4 461.5 191.8 0.8 3 216.0 29.3 249.2 120.9 0.9 3 214.6 29.2 249.7 120.9
009730,1.0 14 236.1 77.9 281.9 191.8 0.8 14 181.9 42.4 278.0 192.4 0.7 14 175.6 43.1 226.1 180.5 0.9 12 193.4 87.2 288.1 201.8
009731,0.7 2 73.3 46.5 338.0 177.9 0.8 2 75.7 47.9 338.7 222.6
009736,0.8 14 24.2 13.5 222.0 498.0
009739,0.7 14 45.4 141.0 226.0 444.3 1.0 14 44.3 139.4 160.1 445.0 1.0 14 96.1 60.5 232.2 445.8
009740,1.0 6 154.2 103.0 264.6 157.5
009741,0.9 8 1.1 221.4 39.0 321.6 1.0 14 123.4 181.1 183.9 299.7 1.0 14 168.6 198.9 193.3 243.1 1.0 8 101.6 236.4 170.2 360.8 0.8 15 92.2 212.2 117.7 258.0 1.0 14 167.5 71.7 377.3 373.1 0.8 15 30.8 210.7 65.2 272.9 0.8 8 369.9 314.4 418.6 373.8 0.7 14 164.5 199.2 194.5 297.2
009742,0.8 4 187.5 31.4 212.0 103.5 0.6 10 1.1 90.4 385.1 433.5 0.7 14 194.9 1.3 244.9 77.7 0.5 4 69.2 85.0 100.2 163.8 0.9 14 239.5 0.9 297.2 87.0
009744,0.5 11 52.0 65.5 153.8 236.8 0.5 11 351.7 90.0 456.0 222.7
009750,1.0 15 183.5 308.7 241.1 371.2 0.6 15 8.6 178.9 46.1 333.2 0.9 15 161.1 206.2 232.4 367.5 1.0 15 111.9 152.3 164.6 356.1 0.6 15 1.2 3.4 69.0 332.5 1.0 14 35.0 219.2 94.2 375.4 0.9 15 299.7 157.5 354.7 374.2
009751,0.8 18 98.0 33.8 352.6 335.4
009752,0.0 0 0.0 0.0 10.0 10.0
009753,0.0 0 0.0 0.0 10.0 10.0
009757,1.0 6 8.3 70.5 433.1 252.9 0.8 6 277.5 142.5 433.6 252.1
009759,0.0 0 0.0 0.0 10.0 10.0
009760,0.7 12 77.5 108.3 429.3 373.2
009765,0.9 7 95.0 56.4 284.2 342.1
009766,0.6 14 180.5 78.2 357.6 404.7 0.8 14 67.4 36.1 367.2 438.7 0.9 14 181.5 78.4 346.2 294.6 0.7 14 2.7 28.1 365.5 437.3 0.7 14 3.1 23.7 273.5 437.2 0.6 15 289.7 28.6 335.9 126.8
009768,0.7 12 120.9 160.8 204.6 238.1 1.0 14 351.3 95.6 409.3 207.6 0.5 12 50.6 170.4 103.7 236.0 0.7 14 102.8 150.0 118.0 165.1 0.5 12 200.6 167.9 251.8 230.8 0.7 12 348.0 134.4 425.4 254.4
009769,0.0 0 0.0 0.0 10.0 10.0
009770,1.0 6 57.5 272.9 323.4 372.4
009771,0.9 14 64.3 92.8 80.1 127.4
009775,0.9 2 19.6 62.1 105.9 429.5
009777,0.6 6 172.1 105.8 238.3 137.0 1.0 6 170.8 105.3 259.9 140.3 1.0 6 6.6 115.9 70.0 156.3 1.0 6 301.0 112.4 390.0 139.1
009779,1.0 14 227.1 80.1 266.7 141.7 1.0 14 271.2 81.7 312.4 169.3 1.0 6 86.7 113.1 283.4 197.4 0.5 14 279.1 93.2 313.3 169.4 1.0 14 311.1 84.7 353.1 176.4 1.0 6 342.5 111.5 439.4 185.9
009782,0.6 8 253.7 98.2 275.1 131.2 0.6 14 95.1 54.7 144.7 97.8 0.8 8 1.7 136.3 116.3 226.7 0.9 14 406.2 118.0 441.2 210.2 1.0 4 293.3 153.8 314.6 197.6 0.9 14 408.2 119.9 440.8 173.1 0.5 8 1.1 128.9 57.2 225.4 0.9 14 96.3 82.6 163.0 151.1 0.9 4 370.5 135.9 390.2 183.7 0.5 15 104.2 4.8 169.8 42.7 0.6 8 1.2 138.0 127.1 226.5 1.0 14 196.1 81.4 263.9 134.7 1.0 14 88.3 55.8 152.6 128.5 1.0 14 3.6 86.5 214.0 227.0 0.6 14 435.3 94.7 447.8 123.6 1.0 10 164.4 130.2 464.7 224.6 1.0 14 279.9 87.0 362.1 156.7 0.6 4 282.0 146.4 296.8 171.6 1.0 14 319.6 56.8 352.6 95.1
009783,0.9 14 186.9 70.7 304.1 163.8 0.8 14 186.9 70.7 303.4 153.1
009784,0.5 18 1.1 54.2 427.6 225.6
009786,0.8 11 80.6 45.2 252.3 123.0 0.7 11 82.3 45.6 437.9 225.2
009787,0.8 15 1.3 9.8 138.8 199.2
009788,0.7 14 148.6 0.2 294.9 325.3 0.9 1 51.5 59.5 432.5 338.7 0.9 8 402.9 116.8 441.7 215.6
009791,0.9 14 366.8 215.8 384.3 280.7
009793,0.0 0 0.0 0.0 10.0 10.0
009795,1.0 19 84.4 159.0 168.7 224.9
009798,0.6 8 247.5 117.6 437.3 374.3 0.5 4 208.4 169.8 220.6 207.4 1.0 14 105.5 130.2 168.2 289.6 1.0 14 10.0 151.5 101.9 350.3 0.9 4 149.3 200.2 169.2 282.1 0.6 14 392.4 74.9 409.1 108.5 1.0 10 51.9 208.2 292.3 374.7 0.5 14 291.7 126.2 407.6 328.7 1.0 14 63.6 137.7 146.6 301.0 1.0 14 250.8 121.0 340.9 311.6 0.7 14 382.4 89.0 445.4 224.0 1.0 14 249.1 125.4 408.9 374.1
009799,0.6 11 65.5 20.8 500.2 331.9
009802,0.7 11 45.4 111.9 230.1 375.0 0.5 11 44.6 217.9 165.1 374.6 0.7 11 2.1 110.9 230.1 375.3 0.9 14 93.9 25.4 410.6 373.7 0.7 14 152.4 24.3 377.6 371.1 0.6 14 164.5 24.1 412.6 374.0
009803,1.0 14 186.4 81.1 242.1 206.4 0.9 12 131.5 125.0 303.9 239.5
009804,0.8 6 113.0 93.8 387.0 202.0 0.7 14 113.0 90.8 147.0 143.5 0.6 14 131.2 89.5 146.9 101.4 0.7 14 400.6 89.0 416.7 110.0 0.9 14 398.4 90.4 416.5 120.2 0.7 14 487.2 84.7 500.0 115.7 0.6 14 362.6 87.4 382.7 109.3 0.8 6 235.8 97.9 388.3 201.5 1.0 14 454.0 86.1 492.2 149.2 0.9 14 197.0 89.9 214.9 105.3 0.8 14 375.9 87.9 393.1 108.8 0.9 14 396.3 89.7 414.3 114.2 1.0 14 154.5 90.9 175.7 117.1 0.6 14 124.4 90.5 144.0 113.1 0.5 14 453.1 85.0 468.5 108.8 0.8 6 21.0 93.9 385.0 209.8 0.5 6 20.7 94.4 498.1 216.3 0.7 14 375.0 88.2 393.4 110.1 0.8 14 73.2 89.3 104.3 156.2 0.7 6 6.0 130.1 498.4 220.9 0.8 14 336.5 90.2 352.5 109.1 1.0 14 357.3 86.6 381.2 108.9
009806,0.9 14 488.9 131.9 500.0 155.3 0.6 6 456.2 135.3 474.2 144.4 0.9 6 399.9 136.4 417.0 157.2 1.0 14 8.5 130.0 38.5 180.4 1.0 6 100.5 124.3 128.5 154.9 1.0 14 280.1 119.0 306.0 137.7 1.0 14 203.0 121.6 227.5 139.3 0.8 5 186.0 29.0 404.9 205.4 1.0 6 35.6 137.0 104.3 158.5
009811,0.5 3 392.0 114.8 416.8 131.6 0.8 3 386.8 70.8 448.2 128.9 0.8 3 312.0 68.8 444.9 129.8 0.5 0 2.2 27.0 325.6 129.8
009812,0.6 11 129.8 255.0 187.9 316.3 0.7 14 1.3 205.1 119.5 499.9 0.7 10 69.2 371.0 221.5 500.7
009814,0.6 11 128.1 46.0 304.8 201.8 0.8 14 331.1 0.2 444.4 249.3
009815,0.8 8 21.6 143.7 143.4 238.6 0.8 8 311.9 156.9 422.4 238.3 0.7 8 124.4 154.3 229.3 237.9 0.9 15 114.1 101.1 242.9 236.0 0.9 8 23.1 121.1 142.3 237.5 0.9 10 82.3 142.0 378.6 233.4 0.7 8 22.9 122.4 108.6 237.2 0.8 8 214.2 129.0 342.6 238.0 0.7 10 208.2 155.4 377.3 236.1
009817,0.9 2 128.6 93.4 398.6 250.2
009818,0.5 16 59.9 137.7 79.7 152.1 0.5 16 18.1 135.1 40.1 148.0 0.6 16 217.6 122.1 242.1 135.1 0.7 16 281.6 151.6 309.8 169.1
009820,0.0 0 0.0 0.0 10.0 10.0
009821,1.0 6 13.5 117.8 397.7 258.7
009824,1.0 0 117.3 129.3 389.7 217.7 0.9 14 238.4 156.5 283.2 216.6
009826,0.0 0 0.0 0.0 10.0 10.0
009827,0.7 14 384.9 180.7 403.0 215.1 1.0 6 464.8 160.9 499.1 213.6 0.9 18 46.1 92.8 195.4 222.9
009829,1.0 6 225.2 283.0 275.6 323.8 1.0 6 190.9 287.5 218.9 334.3 1.0 6 353.1 278.3 376.4 297.1 1.0 6 278.4 278.1 325.4 319.6 0.7 5 1.0 231.8 196.6 376.0 0.9 6 391.7 268.2 440.4 343.9
009835,1.0 0 111.2 129.7 354.6 286.2
009837,0.6 8 2.8 131.1 317.8 375.3 0.9 19 333.8 0.7 444.2 77.9
009838,0.8 0 156.3 63.8 301.5 165.0 0.9 0 8.5 63.3 488.4 162.9 0.7 0 162.5 64.5 488.8 164.5
009840,1.0 14 160.8 77.4 217.8 154.1 0.5 8 191.2 108.5 223.8 156.9 0.5 14 104.3 99.3 125.2 124.6 1.0 14 119.7 87.0 163.2 155.2 0.5 19 93.6 39.5 369.9 207.9 1.0 19 89.6 39.2 370.0 189.3 1.0 14 243.2 106.2 278.8 153.9 0.8 14 101.9 100.5 130.4 156.9
009843,0.9 14 26.7 142.2 37.5 181.6
009844,0.6 14 83.3 175.0 157.3 248.8 0.8 14 242.0 69.4 262.6 108.3 0.9 14 173.4 34.1 201.9 69.5 1.0 14 98.7 175.0 155.7 250.5 0.7 14 162.3 149.3 203.1 185.8 0.6 14 236.0 69.2 264.2 143.9 0.5 5 259.4 24.6 444.1 211.0
009846,0.9 8 30.3 77.0 77.7 131.2 0.8 8 155.8 84.9 225.1 160.4 0.5 8 85.6 74.6 124.8 112.5 0.9 17 84.9 88.9 436.8 232.5 0.6 17 177.6 90.1 440.4 233.4
009847,0.5 14 432.1 48.8 444.0 62.8 1.0 14 53.9 161.0 106.2 222.7 1.0 14 8.9 158.3 56.4 223.5 1.0 6 201.3 80.6 299.0 127.1
009849,1.0 6 74.1 120.9 226.1 163.3
009850,1.0 14 124.5 141.4 183.7 390.3 0.6 14 207.6 238.3 218.9 287.4 0.9 13 54.1 190.6 166.0 426.3 0.7 13 174.8 235.8 203.1 329.2 1.0 14 174.9 211.8 201.1 322.7
009853,0.9 14 317.9 27.7 355.0 61.5 0.8 8 2.0 72.1 108.2 202.7 0.6 8 94.9 78.2 154.9 196.7 0.5 8 1.2 73.6 53.8 164.2 1.0 14 99.8 1.5 364.0 246.9 0.6 8 1.4 71.6 63.9 195.1
009854,0.9 14 235.2 72.8 273.2 116.8 0.8 14 270.6 67.9 308.2 100.4 0.5 14 188.6 81.0 262.7 193.7 0.9 14 121.5 70.2 145.4 95.2 1.0 8 345.3 90.3 405.5 155.1 0.9 8 5.9 131.5 80.5 203.4 1.0 14 58.7 85.7 102.0 123.5 0.9 14 405.1 64.4 429.2 88.0 0.6 10 66.3 99.6 217.9 130.3 0.7 14 327.1 71.1 361.1 137.5 0.9 14 204.2 70.1 225.3 89.7 0.6 14 447.9 68.5 489.9 150.4 1.0 14 107.6 81.4 151.3 110.5 0.9 14 403.9 66.8 465.6 118.7 0.8 14 267.5 68.8 306.7 127.3 0.6 10 66.4 108.0 268.9 189.3 0.5 8 217.8 108.4 273.8 190.5 1.0 14 7.8 83.8 73.0 156.6 1.0 14 361.9 64.2 403.6 91.1 0.5 8 267.7 89.6 297.4 137.0 1.0 14 187.1 81.8 259.2 157.2 0.9 14 139.8 70.5 162.7 95.7 0.9 10 64.8 104.4 218.3 187.7 0.7 15 443.2 28.8 498.4 85.2 0.9 8 65.1 128.8 165.2 205.2 0.6 14 454.7 68.1 478.1 91.4 0.6 10 67.7 107.2 270.1 186.5 0.9 14 166.9 70.2 189.9 89.1 0.6 14 40.4 86.2 59.3 115.1 1.0 8 405.8 87.4 488.0 155.0 1.0 14 182.0 90.1 235.9 156.1 0.7 14 102.5 82.2 129.7 114.9 1.0 14 298.2 68.0 346.6 139.8 0.9 14 393.2 67.3 465.0 143.3 0.9 14 300.2 68.1 341.3 120.0 0.9 8 285.6 91.1 342.4 148.5 1.0 8 188.7 107.8 276.8 197.1 0.9 14 331.7 65.6 356.6 89.6 0.6 14 331.4 65.2 357.4 94.8
009856,1.0 6 361.8 161.8 473.0 220.5 1.0 6 110.3 162.6 182.2 200.4 1.0 6 1.2 168.4 79.5 218.1
009857,0.5 14 112.7 39.5 151.8 93.7 0.8 14 1.8 65.9 111.5 374.0 0.8 14 2.9 63.1 149.5 201.8 0.6 14 2.1 65.8 148.4 449.0 0.7 14 2.6 63.9 84.1 201.9 0.7 12 79.7 180.3 216.1 499.7
009861,0.6 9 260.7 71.1 318.4 146.3 0.6 9 50.9 116.1 186.1 253.0 0.6 9 298.8 114.5 419.8 232.5
009864,0.7 18 76.2 93.9 243.8 163.1 0.7 6 1.9 97.5 96.7 253.0
009866,1.0 14 260.4 79.6 324.3 187.4 1.0 1 45.0 72.6 357.9 231.5
009871,0.6 4 319.7 14.2 337.4 40.5 0.6 14 150.7 22.3 385.2 252.3 0.5 14 150.6 22.7 387.9 252.0 0.7 4 347.2 28.9 362.0 52.8 1.0 14 41.9 54.1 169.7 253.1 1.0 14 149.0 21.5 420.2 252.2 0.7 4 323.4 24.1 336.7 54.2 0.9 4 335.1 11.3 348.9 46.9 0.9 4 323.1 14.8 340.5 52.9
009873,1.0 6 167.3 94.6 462.3 194.2
009875,0.6 11 1.0 279.8 91.9 441.2 0.9 11 147.8 179.2 253.3 388.1
009876,0.9 0 90.4 44.1 416.8 161.7
009883,1.0 6 32.9 80.8 435.1 193.3
009885,0.6 14 155.3 118.0 252.6 281.4 0.6 14 153.8 179.0 192.4 213.3 1.0 14 155.6 145.1 183.5 173.1 1.0 14 42.2 147.8 72.1 174.6 1.0 14 110.4 119.9 147.4 169.7 0.5 14 154.0 143.7 187.3 189.9 1.0 14 160.6 117.4 299.3 282.8 1.0 14 68.9 143.0 99.7 171.2
009888,0.7 8 27.5 202.6 60.2 281.7 0.5 8 249.1 235.2 356.9 279.6 0.9 8 33.6 175.4 110.5 280.3 1.0 19 180.7 83.4 278.9 195.5 0.6 19 266.7 6.2 347.3 45.7 0.6 10 69.8 175.3 443.7 282.1
009889,0.6 12 129.1 118.4 322.8 199.2
009890,0.7 14 81.1 28.0 235.7 225.6 0.9 14 80.4 29.0 207.9 149.5 0.8 14 82.5 28.3 212.3 226.5 0.9 13 37.8 63.5 336.6 228.6
009891,0.0 0 0.0 0.0 10.0 10.0
009892,0.9 14 51.6 1.4 492.9 332.2
009893,0.8 2 126.8 133.2 164.5 201.4
009895,0.9 14 288.3 64.5 305.7 90.7 0.9 14 263.3 66.7 278.0 91.3 0.7 14 376.6 106.0 412.9 161.6 0.6 6 83.8 105.9 269.3 182.4 0.9 6 174.8 106.4 270.7 172.9 1.0 14 25.5 36.9 45.3 101.1 1.0 6 1.4 108.3 74.2 181.1 1.0 6 54.4 128.2 320.7 299.8 0.5 14 317.8 63.4 337.5 102.7 1.0 6 299.0 113.2 420.0 196.3
009899,0.6 11 128.0 2.8 431.5 373.6
009901,0.6 8 18.3 173.7 52.5 232.7 1.0 14 90.6 76.1 174.1 337.8 1.0 14 228.1 44.8 371.1 367.6 0.8 8 393.4 239.6 434.3 295.5
009903,1.0 14 334.9 116.4 397.3 303.9 0.9 6 51.9 80.8 81.2 99.2 1.0 6 1.1 78.6 37.6 101.5 1.0 14 211.5 48.4 285.8 222.4 0.9 12 99.6 80.1 398.8 317.0
009906,0.8 19 112.1 87.9 192.4 162.3 0.9 19 192.1 90.7 269.6 160.4 0.8 19 27.1 86.8 105.8 158.3 0.9 19 289.0 58.5 391.8 163.3
009907,0.6 14 2.3 99.0 279.2 429.1
009909,0.5 9 303.1 111.3 375.5 148.6
009910,0.5 14 138.2 53.7 240.1 387.6 0.5 14 137.5 64.4 239.7 499.4
009912,0.5 9 99.9 39.5 359.8 226.4
009914,0.8 19 275.1 141.7 314.5 166.6 0.8 8 305.0 160.2 369.8 216.4 0.9 19 216.8 83.7 309.5 125.9 0.9 17 1.8 169.0 406.7 243.9 0.9 19 279.8 141.3 351.7 167.7
009915,0.7 14 125.1 67.6 286.8 257.9 0.5 14 141.0 69.1 285.0 214.0 0.9 14 160.4 67.2 284.6 176.4 0.7 14 45.9 53.3 179.5 257.8 1.0 14 2.8 52.8 168.2 257.6 0.8 14 59.4 67.4 297.1 257.0 0.9 14 288.9 69.8 418.3 208.6 0.8 14 287.4 71.3 420.1 255.0
009916,0.8 15 252.0 73.4 317.5 111.7 0.9 8 208.1 53.3 258.2 145.5 0.8 17 2.4 60.9 252.9 162.4 0.8 8 280.8 71.3 441.7 168.9
009919,1.0 0 70.8 85.6 475.0 156.9 0.7 0 301.2 108.7 478.7 156.5
009921,0.8 0 143.1 109.7 239.0 139.7
009922,0.0 0 0.0 0.0 10.0 10.0
009924,0.5 13 45.6 30.9 181.6 244.3 0.6 13 45.1 35.9 186.3 433.3 0.7 13 53.0 28.4 233.4 473.8
009925,0.9 15 114.6 3.3 400.7 175.6 0.9 15 6.6 2.6 429.1 240.8 0.8 15 114.5 3.6 422.6 227.6
009927,1.0 6 63.2 109.3 415.3 189.2
009928,0.8 8 0.8 252.2 39.4 363.4 0.9 8 42.1 252.8 91.6 342.9 0.8 10 1.1 213.5 58.4 357.8 0.8 15 68.6 50.2 205.3 466.4
009929,0.5 2 11.3 356.6 89.3 495.9 0.8 2 18.5 2.6 104.8 93.9 0.6 2 17.3 2.8 106.0 135.6 0.6 2 10.8 400.9 90.1 499.2 0.7 2 83.6 110.8 117.6 156.0 0.5 2 16.9 342.9 66.1 420.1 0.5 2 89.8 393.6 223.8 500.3
009930,0.8 8 67.3 167.2 142.6 268.5 1.0 14 79.3 4.0 318.1 269.4 0.7 10 232.1 200.2 411.0 267.4
009931,0.7 12 93.7 108.4 139.8 170.4 1.0 14 140.5 107.1 169.0 172.1
009933,0.0 0 0.0 0.0 10.0 10.0
009934,0.9 2 215.8 66.5 284.2 171.2
009936,0.7 14 188.4 144.0 219.6 170.2 0.7 14 176.6 131.9 208.0 162.5 0.8 5 254.7 51.9 418.1 181.8
009937,0.0 0 0.0 0.0 10.0 10.0
009941,1.0 14 184.7 35.5 199.6 66.6 0.8 14 63.6 41.8 103.2 104.9 1.0 14 87.6 28.3 153.5 165.8 0.9 14 47.4 42.8 106.3 166.3 1.0 14 0.8 27.4 66.1 166.4 1.0 14 147.2 41.1 213.3 165.5 1.0 14 239.5 29.6 284.4 130.6 0.8 14 197.8 35.5 211.0 66.0 0.9 14 214.3 33.3 231.1 48.5 1.0 14 203.9 44.4 284.3 165.2 0.9 14 201.2 35.1 216.3 66.3
009943,0.9 6 207.3 75.6 328.5 140.5
009948,0.7 14 2.5 6.2 174.5 497.9 0.7 14 2.8 1.7 206.9 498.8 0.9 14 1.5 8.3 181.3 390.7 0.7 14 1.3 1.6 149.9 389.9 0.6 14 128.0 25.0 207.5 334.6 0.5 1 39.7 279.2 198.9 499.6
009951,1.0 14 428.5 136.4 467.2 164.9 1.0 14 378.8 139.5 414.9 167.8 1.0 14 307.7 139.2 336.7 166.5 1.0 14 350.8 143.0 377.3 168.0 0.5 5 287.4 98.8 498.7 243.8
009952,0.6 11 1.4 53.7 217.2 496.1 0.6 11 1.4 53.8 247.2 497.7
009953,1.0 1 27.8 56.2 432.0 257.9
009956,0.0 0 0.0 0.0 10.0 10.0
009957,1.0 14 71.9 90.9 149.7 301.0 0.8 12 36.8 135.5 192.3 427.7 0.9 12 37.7 134.5 190.9 404.7
009960,0.8 13 29.3 77.3 320.3 238.5 0.5 14 145.7 49.1 236.2 195.3 0.7 14 147.7 48.1 237.6 167.6 1.0 14 151.6 36.4 304.9 192.9 0.8 14 188.4 34.9 304.8 182.9 0.5 13 143.9 103.4 325.5 237.5
009962,1.0 14 137.5 50.7 236.0 240.9 1.0 14 2.8 1.1 224.0 276.9 1.0 14 222.6 47.8 419.0 222.1 0.7 14 207.4 46.7 420.2 277.6
009963,0.5 12 1.2 170.4 117.5 498.4 0.7 12 0.9 89.5 118.5 498.8 0.8 14 156.7 430.7 201.8 495.5
