image_id,PredictionString
000001,1.0 11 54.4 242.3 190.6 355.5 1.0 14 2.2 11.7 351.5 500.1
000002,0.9 18 141.0 198.5 214.1 298.8
000003,0.0 0 0.0 0.0 10.0 10.0
000004,1.0 6 178.2 328.1 251.1 364.4 1.0 6 366.1 327.3 500.7 390.3 1.0 6 109.1 327.1 147.3 354.7 1.0 6 143.9 325.3 187.4 358.2 1.0 6 16.5 313.1 85.8 363.7 1.0 6 86.7 329.2 113.3 351.0 1.0 6 236.0 330.1 334.0 374.9
000006,0.9 19 48.4 74.0 129.9 178.1 1.0 8 251.6 195.7 335.8 375.1 0.6 15 187.9 190.2 280.2 239.0 1.0 8 129.6 191.9 252.1 375.2 1.0 10 143.1 219.3 367.9 374.2 1.0 8 250.8 207.5 367.2 375.6
000008,0.9 10 6.9 126.7 164.9 291.6 0.9 8 149.6 22.2 355.3 373.9 0.9 8 201.7 22.8 357.7 253.7 0.5 8 123.6 196.3 312.4 374.5
000010,1.0 14 137.5 78.3 260.2 284.2 1.0 12 95.1 94.7 261.8 422.5
000011,0.6 2 123.9 53.4 247.2 261.5 0.6 2 124.5 53.0 232.1 149.1 0.9 7 154.8 141.9 329.2 301.8
000013,0.6 16 298.2 159.6 447.3 252.7
000014,1.0 6 418.0 179.1 500.4 220.2 0.8 14 357.4 7.7 399.9 68.4 0.5 6 73.2 163.8 300.3 230.7 1.0 6 185.4 193.5 499.3 316.9
000015,1.0 1 76.1 132.0 350.1 355.2 0.5 14 274.1 75.4 322.7 215.5
000018,0.7 9 36.7 32.3 359.7 275.0
000022,1.0 14 187.5 47.8 259.4 227.7 1.0 12 77.7 101.8 368.6 281.0
000025,0.8 14 277.8 1.7 333.3 81.5 0.9 14 57.0 58.1 134.9 199.9 0.6 14 342.9 1.3 382.4 83.5 0.5 14 202.3 1.1 239.9 113.7 0.6 14 202.6 1.1 240.2 140.9 0.5 14 322.5 25.1 347.6 87.2 1.0 14 131.2 13.2 218.3 134.3 0.9 14 326.9 25.8 359.5 114.7 0.5 11 120.7 115.3 221.8 197.6 0.9 14 342.1 1.5 382.9 107.4 0.6 11 64.9 115.5 231.5 374.8 0.8 14 201.2 1.7 237.9 109.6 0.8 14 219.2 1.0 340.2 213.7 0.8 14 218.9 1.9 341.1 374.4 1.0 14 320.7 2.6 496.3 374.9 0.9 14 280.3 1.7 335.7 91.3
000027,1.0 14 171.6 97.2 346.9 350.3 0.9 12 250.1 217.2 484.8 500.2
000028,0.9 7 1.4 36.2 375.0 500.4 0.7 7 77.2 34.3 352.8 500.4 0.9 7 75.5 34.2 374.2 500.4
000029,0.8 11 52.3 61.5 285.9 287.7
000031,1.0 18 45.2 87.1 429.0 258.0
000037,1.0 11 64.6 94.0 465.5 337.4
000038,0.7 13 0.9 230.5 43.3 313.9 1.0 14 192.0 116.6 251.8 236.0 1.0 1 162.7 171.5 278.8 244.8
000040,0.6 2 228.6 77.1 385.8 241.4 0.9 2 1.8 55.9 383.2 266.4
000043,0.6 4 222.9 65.8 277.6 147.9 0.8 14 13.3 3.2 298.2 498.4 1.0 14 9.4 141.4 247.7 499.9 0.7 14 100.2 3.8 328.9 498.7
000045,0.9 4 346.5 229.5 374.9 291.1 0.9 19 3.1 131.0 197.2 305.2 0.6 19 2.6 130.5 222.9 312.8 1.0 19 288.3 56.2 476.4 255.8
000049,1.0 7 181.7 129.5 353.2 231.0
000053,1.0 7 33.5 7.4 449.3 275.3
000054,1.0 5 26.7 57.9 468.9 285.5
000055,0.5 14 267.8 316.9 286.6 333.0 1.0 14 116.4 155.5 185.1 199.9 1.0 14 461.7 270.7 489.9 322.6 0.9 14 434.9 275.8 452.9 327.7 0.8 14 222.2 107.8 275.9 158.0 0.9 14 221.2 107.9 276.5 204.0 0.7 14 10.1 198.0 449.5 333.5 0.8 14 362.7 317.8 382.6 332.9 0.8 14 400.3 268.3 436.1 314.6
000056,0.9 12 163.3 59.0 378.8 334.0
000057,1.0 2 131.6 53.6 382.6 374.9
000058,0.8 14 198.7 80.6 303.7 329.9 0.6 14 197.4 80.6 287.8 220.7 0.6 15 48.7 1.1 280.6 173.7 1.0 13 35.5 132.9 366.2 374.7 1.0 14 280.5 55.9 340.4 321.0 1.0 14 331.4 3.0 435.0 374.0
000059,1.0 14 334.4 239.4 375.3 400.3 0.9 19 187.7 130.6 264.7 208.0 1.0 14 116.7 274.9 150.7 358.1 1.0 14 77.7 277.1 109.2 352.6 0.8 14 54.6 308.6 81.6 351.1 0.9 14 144.3 254.9 203.9 364.2 0.9 19 92.1 161.6 140.5 202.9 1.0 14 110.4 207.6 329.1 500.0 0.6 8 155.4 389.9 336.9 499.8
000062,0.8 16 54.6 188.2 271.8 316.7
000067,1.0 0 39.6 66.9 451.1 208.8
000068,1.0 2 35.3 52.3 200.6 374.7 0.7 2 29.7 44.8 264.6 375.6
000069,0.8 3 3.6 114.0 69.3 194.2 1.0 3 17.0 67.2 425.5 185.9 1.0 14 306.4 153.0 389.2 374.6
000070,0.8 8 92.3 245.5 167.5 375.2 0.6 19 322.1 196.1 389.8 333.9 1.0 15 320.8 155.9 362.7 198.9 1.0 15 358.2 160.6 381.1 198.3
000071,0.7 6 245.0 73.5 340.6 99.7 1.0 6 61.2 96.9 446.2 275.2
000074,1.0 6 140.7 59.8 405.6 292.6 1.0 6 357.6 63.3 476.7 198.5
000075,0.7 7 100.4 82.8 220.2 347.4
000076,1.0 14 474.6 157.3 500.1 344.6 1.0 14 79.1 158.5 118.8 238.5 0.8 14 440.4 172.8 459.5 213.8 1.0 14 0.8 160.1 27.1 284.6 1.0 14 243.0 141.4 296.6 198.6 1.0 14 64.3 74.3 267.0 375.1 1.0 14 45.1 160.6 81.6 283.9 1.0 14 366.9 129.8 450.1 256.3 1.0 14 454.1 210.8 477.7 258.1 0.8 14 243.0 142.6 296.9 374.1 1.0 14 255.0 76.2 449.6 374.7
000079,1.0 11 2.2 52.8 389.6 355.7
000080,0.6 3 1.2 270.1 40.7 302.8 0.6 3 394.6 216.3 429.0 306.3 0.9 3 66.5 231.4 110.1 272.0 0.9 3 1.1 190.5 42.5 302.4 0.8 3 181.8 201.7 210.3 286.6 0.9 3 242.9 203.0 272.2 283.8
000082,0.9 6 1.4 1.6 155.0 97.3 0.8 6 1.6 1.3 198.4 94.6 1.0 6 22.0 98.1 490.1 294.3
000084,0.8 8 1.3 279.0 138.6 375.2 1.0 8 144.4 180.3 197.9 279.2 0.7 10 151.0 180.1 331.3 279.6 1.0 8 287.9 172.7 346.4 277.9 1.0 8 340.2 157.4 389.2 236.6 1.0 8 229.3 192.2 296.5 300.8
000085,0.8 8 7.2 100.2 223.4 329.5 1.0 14 1.5 69.3 253.3 329.3 0.9 14 183.5 9.6 498.8 329.2 1.0 14 339.9 12.6 500.5 214.8
000086,0.7 14 270.6 124.4 296.2 150.2
000087,0.9 18 132.5 165.7 248.1 199.0 0.7 18 132.5 165.7 300.4 200.3
000088,0.8 18 161.2 7.0 494.7 373.0
000090,1.0 14 86.2 38.6 315.9 256.7 0.9 8 190.0 68.6 325.3 251.0 0.5 14 144.2 217.1 427.8 332.3
000092,0.9 7 92.2 70.6 376.7 328.0 1.0 7 252.8 69.3 378.9 232.7 0.8 7 91.8 99.6 317.6 331.0 0.6 7 248.0 23.9 434.2 241.0
000094,0.7 13 4.2 2.3 496.7 332.1 1.0 13 2.5 31.2 499.0 332.2
000096,0.8 14 205.8 103.5 330.2 499.3 1.0 14 1.3 144.3 183.1 500.7 1.0 14 142.1 102.3 329.8 499.8
000097,0.7 8 0.8 216.7 155.9 375.3 0.5 14 211.3 141.5 252.7 214.6 0.6 14 209.2 175.6 268.1 231.0 0.9 14 209.3 140.8 263.5 232.9 0.6 19 73.0 86.5 181.4 152.0 0.9 17 56.7 175.0 216.3 284.6 0.6 17 0.6 214.8 155.5 374.8 0.8 10 172.5 217.1 314.6 318.7
000098,1.0 7 67.0 76.4 318.4 161.9
000100,0.7 18 1.7 46.9 331.1 220.6 0.9 18 1.5 47.8 432.5 218.4
000103,1.0 6 100.7 223.0 141.8 249.3 0.6 6 161.1 218.3 177.0 228.4 1.0 6 0.9 238.2 48.9 278.1 0.8 6 59.6 220.9 94.8 237.3 1.0 6 34.8 233.6 75.4 263.7 0.7 6 28.2 224.8 58.9 240.5
000105,1.0 14 160.3 107.0 240.5 215.4 0.9 3 17.9 0.7 321.5 310.4 0.8 14 197.2 69.0 301.2 176.6 0.8 14 192.4 69.6 300.8 222.3
000106,1.0 2 177.5 94.1 370.4 245.6
000108,0.8 11 309.1 131.4 466.1 235.3 0.9 11 2.1 103.1 302.1 263.7 0.7 17 1.8 53.1 499.1 376.2 0.9 11 1.3 103.4 202.7 265.6 0.8 11 311.3 130.2 499.2 236.5
000111,0.7 13 92.4 193.7 134.1 224.7 0.8 14 424.2 271.3 499.2 374.7 0.8 14 225.6 178.7 252.2 212.6 0.8 14 119.5 183.6 140.0 221.3 0.7 13 174.0 179.7 213.4 220.7 0.8 14 281.9 178.6 303.9 212.5 0.6 13 218.4 189.2 256.0 219.7 0.9 1 265.1 187.9 311.4 218.4
000114,1.0 7 166.3 62.8 362.0 315.7
000115,1.0 2 1.3 219.9 189.6 437.6 1.0 2 147.9 225.0 247.0 347.3
000116,1.0 15 194.7 95.9 279.3 199.6 0.7 15 1.1 119.8 43.2 306.0 1.0 15 3.3 100.8 108.2 273.3 0.5 15 0.9 121.8 23.1 304.0 0.8 17 50.5 191.2 319.5 362.4 0.9 8 0.8 186.0 43.7 301.7
000119,1.0 7 104.6 94.5 313.2 346.4
000124,1.0 14 1.4 6.9 100.4 139.3 0.6 19 207.3 88.0 308.1 192.2 0.8 4 173.3 86.1 191.2 136.6 1.0 14 233.1 26.4 320.8 129.9 1.0 15 71.7 1.2 226.4 156.8 1.0 19 6.2 134.8 137.7 256.5 1.0 14 72.0 14.4 486.3 374.9 0.7 19 252.4 87.7 309.8 163.5 0.9 19 196.8 87.9 279.6 182.7
000126,0.6 8 235.6 164.2 264.5 196.5 0.7 8 95.3 165.5 129.6 187.5 0.8 8 355.5 163.6 382.7 215.0 0.6 14 44.0 137.2 80.7 181.4 0.9 8 315.2 164.5 357.9 214.7 0.9 14 10.7 137.4 38.2 178.2 0.7 14 10.4 135.0 40.3 213.4 0.9 8 113.2 175.7 186.2 214.8 1.0 14 44.5 136.9 82.6 205.2 1.0 10 76.8 177.1 262.1 214.8 0.6 14 31.6 142.1 49.8 174.5 0.9 8 233.2 164.2 265.3 214.3 0.8 8 273.4 159.6 296.3 204.5 0.9 8 263.1 166.8 292.5 214.9
000127,0.8 2 320.1 192.8 408.1 286.4 1.0 2 171.0 223.0 230.3 375.1 1.0 14 65.9 18.9 371.6 374.9 0.5 2 334.7 155.6 431.1 280.9
000128,0.8 14 94.2 204.1 110.5 250.3 1.0 14 391.6 207.4 418.0 288.0 0.9 14 33.0 207.6 49.7 264.5 0.9 14 53.8 215.8 70.2 265.8
000135,1.0 6 204.4 197.3 331.6 259.4
000136,0.9 7 330.7 204.7 402.4 270.5
000137,1.0 6 97.5 430.9 166.3 482.7 1.0 14 123.9 356.9 136.2 391.0
000139,0.8 14 1.2 175.6 96.4 333.5 1.0 14 150.0 54.4 264.1 212.7 1.0 1 116.2 133.6 246.3 257.9
000144,1.0 4 244.3 150.9 266.9 214.5 1.0 14 368.5 8.5 499.3 332.1 0.5 4 243.8 230.4 260.2 274.1 0.7 14 310.6 116.8 380.9 268.0 0.9 4 223.9 207.2 247.5 278.2 1.0 14 166.0 65.9 281.8 197.1 0.9 14 326.4 1.8 443.5 274.2 1.0 14 1.0 98.7 112.3 333.1 1.0 10 121.6 186.6 455.5 332.9 0.5 8 394.0 231.2 466.6 332.2 1.0 4 222.5 189.9 250.3 276.4 0.7 4 265.4 189.3 288.0 236.4 0.8 14 346.0 1.8 431.8 159.1
000145,1.0 18 53.3 87.7 381.1 291.1
000148,1.0 2 131.4 110.5 461.3 311.9
000149,1.0 15 114.1 2.0 351.4 360.5
000151,1.0 14 1.3 47.1 196.7 431.0 0.5 14 197.6 3.4 375.6 338.1
000152,0.9 6 419.2 94.6 500.6 151.5 1.0 6 48.8 98.4 127.5 151.7 1.0 6 115.7 76.7 407.5 290.1 1.0 6 310.9 96.0 419.5 140.2
000155,0.9 14 241.9 261.8 297.0 414.0 0.5 1 123.1 181.8 167.5 216.4 0.8 14 228.6 253.3 256.7 356.3 0.5 14 244.8 261.9 278.6 355.6 0.9 14 240.2 258.4 292.2 360.0
000157,0.7 17 53.0 36.7 399.7 215.0 0.6 7 135.7 155.9 364.5 223.0 0.5 17 33.4 36.0 398.8 265.8 0.9 17 36.9 104.1 399.5 265.5 0.7 7 131.4 105.0 365.3 222.1
000160,0.7 19 422.1 116.2 499.5 264.8 0.9 19 315.7 94.7 394.0 160.9 0.9 17 3.2 239.0 334.0 375.8
000166,1.0 14 70.5 115.6 160.8 239.2 1.0 14 0.9 171.8 23.7 266.1 0.9 12 49.0 160.1 229.1 332.4 1.0 14 327.3 171.0 353.9 287.3 1.0 14 26.3 176.8 45.8 228.9 1.0 14 247.4 181.2 289.2 224.4 0.6 14 38.0 176.8 52.3 225.8
000167,1.0 11 2.3 9.1 499.0 373.1
000168,0.9 14 74.1 100.7 222.3 307.5 0.9 14 123.8 100.6 222.6 307.9 1.0 12 105.5 119.8 204.6 464.1
000172,1.0 6 28.8 52.3 455.2 321.0 0.7 6 200.4 53.9 455.2 242.0
000175,0.8 16 14.5 30.4 433.0 272.0
000176,0.8 16 289.4 216.4 319.3 277.8 0.7 16 41.7 135.5 160.8 277.0 0.6 16 1.6 136.0 159.7 280.9 0.6 16 176.0 153.0 290.5 287.2
000178,0.5 4 331.7 58.9 364.4 225.9 0.5 4 286.1 68.3 333.4 244.5 1.0 4 205.4 84.5 243.2 241.9 0.8 4 213.1 82.3 239.9 162.9 1.0 4 356.9 72.3 400.6 218.4 0.8 14 377.0 1.2 495.1 229.1 0.9 4 332.7 58.0 360.6 126.4 0.7 14 270.1 0.8 492.6 222.4 1.0 4 168.5 65.7 200.6 175.4 0.8 4 272.6 61.5 304.0 248.9 0.6 4 111.7 77.6 135.6 133.1 1.0 14 1.2 -0.0 99.5 218.7 0.8 4 134.4 74.6 162.3 113.6 0.5 10 12.0 77.4 501.4 318.7 0.9 4 299.2 69.9 334.3 173.8 0.7 4 329.7 59.5 361.3 232.6 0.6 4 171.2 65.9 221.0 240.5 0.6 10 12.7 150.5 500.6 319.6 1.0 4 239.6 83.8 287.3 254.4 0.9 4 284.1 59.4 312.3 153.4 0.8 4 283.3 65.5 313.2 174.3 0.8 4 109.3 77.2 135.9 168.2
000179,0.9 3 225.7 414.0 302.2 490.6 0.9 3 1.5 410.6 83.6 468.7 0.9 3 84.9 2.2 301.9 490.3 0.8 3 279.3 410.8 367.3 460.3
000181,0.6 8 193.5 213.3 303.1 361.9 0.8 14 119.1 154.1 238.5 374.3 0.9 15 131.0 56.0 164.7 157.4 0.7 14 119.2 154.6 221.1 292.3 1.0 14 255.5 159.9 309.0 222.1 0.7 14 20.1 129.0 234.6 374.2 0.8 15 0.8 3.9 27.1 150.3 0.8 14 18.5 128.8 191.0 374.0 0.9 14 120.6 154.9 301.1 373.0 0.6 14 327.3 195.9 392.9 332.6 0.5 10 283.3 251.3 499.6 374.9
000182,0.8 17 1.4 0.2 499.3 356.0 1.0 14 119.3 51.2 324.2 374.3
000183,1.0 11 69.0 1.2 497.8 343.8
000185,1.0 8 281.4 290.0 346.7 387.2 1.0 14 237.6 239.8 342.1 381.6
000186,1.0 2 56.8 49.8 285.9 361.4
000188,0.9 6 60.5 143.1 141.3 195.4 1.0 6 405.2 162.4 500.0 213.7 0.9 6 0.6 140.9 144.6 195.5 0.6 6 60.9 141.8 144.6 195.4 1.0 14 28.5 106.0 70.6 211.1 0.9 5 89.0 87.3 500.1 204.6 0.5 6 64.4 141.6 166.0 194.2
000191,1.0 14 168.2 242.9 190.1 294.0 1.0 14 206.3 245.8 221.2 296.4 0.9 14 299.6 248.3 312.7 280.2 1.0 14 308.8 224.3 333.2 429.8 0.5 14 235.8 244.6 247.0 272.7 1.0 14 31.5 182.2 147.7 498.9 1.0 14 139.0 241.4 156.5 293.3 1.0 14 224.3 231.0 312.2 436.7
000195,0.8 5 3.6 13.2 480.7 374.2
000196,1.0 8 1.3 204.3 71.8 356.4 0.8 17 235.8 154.0 344.5 222.3 0.6 15 358.9 90.9 403.5 126.7 1.0 8 73.9 163.1 175.1 296.4 1.0 8 269.9 149.8 350.4 258.0 0.8 8 364.6 187.5 486.3 276.5
000197,1.0 6 36.0 53.0 467.4 257.9
000199,1.0 2 171.4 63.8 385.7 270.2
000201,0.7 14 433.1 44.2 451.0 92.0 1.0 14 181.0 70.1 231.2 117.7 0.6 14 410.3 42.1 424.7 66.4 0.8 14 321.1 30.6 371.8 107.8 0.5 14 273.5 75.9 386.0 161.9 0.9 14 386.4 39.5 407.8 65.0 0.5 14 455.3 44.9 470.4 65.3 1.0 14 272.8 77.9 386.2 243.4 0.9 14 407.9 43.9 424.9 93.5 0.5 13 325.4 68.7 389.0 129.0 1.0 13 253.2 137.8 381.0 315.6
000202,1.0 4 415.6 111.3 500.0 374.7 1.0 14 3.1 2.7 224.7 374.3 1.0 14 207.9 81.8 428.8 374.5
000204,1.0 19 208.2 64.6 326.8 169.4
000205,0.9 11 83.2 279.0 304.2 469.2 1.0 14 106.2 153.5 236.3 347.4 0.9 14 101.6 151.6 304.3 485.9 0.8 11 83.1 276.1 230.5 413.9
000206,1.0 14 301.8 381.7 315.0 411.2 1.0 14 94.5 356.1 186.5 499.8
000212,1.0 14 419.2 122.9 499.5 332.4 0.9 14 354.3 65.1 385.5 101.9 0.9 14 449.0 250.2 499.9 332.0 1.0 14 142.9 139.3 209.6 200.0 0.6 14 248.4 100.9 287.0 143.2 0.6 14 435.5 113.0 467.6 205.2 0.5 14 100.8 90.4 169.1 305.0 0.7 14 439.7 68.9 500.4 154.6 0.8 10 110.6 183.1 410.0 330.7 1.0 14 242.9 101.4 287.0 185.8 1.0 14 1.2 79.5 197.8 332.9 0.6 14 436.7 71.5 500.5 203.6 0.7 14 0.9 109.7 28.5 167.3 0.8 14 466.1 124.1 500.2 219.8 0.7 10 111.3 182.7 464.2 330.9 0.7 14 321.4 64.6 457.2 223.5 0.5 14 419.5 199.6 489.7 332.8 1.0 14 254.0 137.7 309.2 191.7 1.0 14 268.1 96.3 345.4 196.9 0.6 14 357.0 111.1 459.2 223.7 1.0 14 321.5 59.2 365.7 128.9
000213,0.7 7 112.3 69.2 313.7 268.3 0.9 7 109.9 71.9 313.8 307.2 0.7 7 111.6 70.3 372.4 300.4
000216,1.0 0 234.3 170.2 283.8 223.7
000217,0.6 8 300.7 235.7 381.9 332.8 0.8 8 258.0 164.6 300.9 206.8 0.9 8 134.7 205.4 243.7 333.5 0.8 4 138.9 138.5 157.5 175.7 1.0 10 131.0 190.5 410.1 332.9
000223,1.0 14 374.8 263.3 390.2 300.6 1.0 18 155.8 77.5 340.6 290.0
000226,0.6 8 98.1 218.3 129.5 257.0 1.0 8 268.0 249.3 431.4 375.1 0.6 8 408.1 191.3 453.4 284.1 0.9 8 439.9 215.2 499.6 304.3 0.6 8 405.8 189.9 462.2 292.8 1.0 14 231.2 162.5 283.4 221.7 0.7 10 102.4 227.0 376.9 374.5 0.9 8 1.0 208.4 53.9 303.6 0.9 8 73.4 265.3 232.3 375.0 0.9 8 48.9 227.1 110.9 295.5 0.9 8 48.8 229.9 110.7 374.1 1.0 10 106.7 224.9 375.4 314.2 1.0 14 316.6 167.7 409.3 282.6 0.7 8 163.3 195.5 188.3 229.9 0.8 8 293.1 248.6 427.0 374.6
000227,0.9 7 222.6 121.9 350.2 331.0 1.0 19 23.7 40.2 178.3 157.2 0.7 19 72.3 40.7 177.8 154.4 1.0 7 219.9 122.7 476.5 353.6
000230,1.0 14 244.0 70.6 357.7 355.1 0.6 1 163.8 179.3 394.9 356.6
000231,1.0 5 92.6 110.7 274.6 205.2 1.0 14 336.5 123.3 367.5 226.2
000234,0.9 15 13.0 208.3 70.4 290.7 0.9 15 6.1 80.1 89.0 206.1 0.6 15 10.0 80.7 84.5 203.1 0.7 8 315.9 107.2 439.3 326.0 0.5 15 1.8 85.1 81.6 285.7 0.6 15 115.4 93.8 162.1 159.4 1.0 15 64.5 233.3 132.8 311.5 0.7 15 2.1 54.8 84.0 212.3 0.8 8 316.4 106.1 468.6 316.4 0.7 15 117.5 100.5 161.7 162.0 0.7 15 10.2 133.8 75.6 203.9 0.7 8 319.6 91.5 473.0 299.2 0.5 15 80.4 74.1 135.8 245.3 0.9 8 314.3 105.7 471.4 374.3
000237,1.0 14 230.7 36.7 335.8 202.4 1.0 12 57.5 47.0 388.7 329.2
000238,1.0 14 439.8 253.2 492.3 374.6 0.7 18 0.9 1.9 276.9 374.5 0.8 18 -0.7 2.0 361.6 374.4
000239,1.0 14 3.0 135.8 31.2 204.1 1.0 14 35.2 167.0 84.9 234.6 1.0 5 63.8 32.9 466.4 220.7
000240,0.9 6 176.2 152.1 207.4 175.9 1.0 6 407.4 134.4 490.2 181.5 0.8 6 371.6 152.0 423.9 180.0 1.0 14 349.3 153.0 374.4 185.6 1.0 14 161.1 151.8 178.2 191.2 0.7 6 30.9 151.4 53.7 170.0 1.0 6 58.8 155.3 138.3 218.8 1.0 6 259.4 175.3 440.5 233.8
000243,1.0 0 179.6 125.0 272.6 193.5
000247,0.6 8 2.4 363.4 193.9 500.1 1.0 14 132.8 141.7 248.8 400.3 0.7 15 214.6 1.0 306.8 333.7 0.7 14 285.3 70.0 375.3 343.0 1.0 8 5.6 144.1 132.0 321.4 1.0 14 116.2 51.4 275.5 397.5
000248,0.6 2 217.9 43.3 245.9 68.0 0.9 12 106.2 89.8 316.2 275.2 0.6 2 210.9 63.7 237.3 87.1 1.0 14 224.7 156.6 290.8 268.4 0.9 6 262.2 190.6 409.0 291.3
000252,0.9 14 240.3 111.2 268.8 140.1 1.0 14 238.6 110.8 268.9 141.5 1.0 5 144.3 53.9 288.8 220.7 0.6 14 189.7 93.2 218.2 140.9 1.0 6 192.9 167.1 299.1 241.4
000253,1.0 18 103.6 96.7 348.8 236.5 0.6 14 415.1 157.9 439.0 224.8
000254,1.0 6 1.0 210.3 192.9 333.1 1.0 6 158.5 253.9 227.9 290.1 1.0 6 196.9 242.9 472.6 332.6
000255,0.8 7 0.3 2.1 422.2 332.8
000258,1.0 14 355.4 27.8 500.0 332.4 0.7 11 191.5 122.3 404.2 333.3
000260,0.8 0 401.8 159.9 500.2 211.3 0.5 0 59.9 135.3 363.0 232.4 1.0 0 57.3 49.8 456.0 233.0
000261,0.9 1 3.5 61.3 403.2 325.9
000264,0.5 13 11.3 133.9 140.9 418.5 1.0 14 7.6 80.5 113.8 196.1 0.8 14 136.0 48.1 309.7 247.0 0.8 14 75.8 134.5 140.1 263.8 0.8 13 4.8 123.5 143.0 472.1 0.8 6 232.3 237.0 269.0 280.7 0.8 14 102.6 133.5 138.0 209.6 0.9 14 130.7 47.4 310.2 475.9 0.9 14 121.9 49.9 295.2 475.1
000265,0.7 14 159.3 233.6 210.5 332.6 0.9 14 1.1 72.6 65.5 330.5 0.9 13 160.2 175.6 283.9 319.4 1.0 14 112.3 177.8 202.1 332.6 1.0 14 6.4 183.5 130.2 332.6 0.9 14 164.4 234.0 239.5 332.4 1.0 14 263.0 27.8 355.5 137.9
000267,0.9 12 85.2 83.9 331.9 499.1
000271,0.9 14 395.8 219.8 411.3 241.0 1.0 6 416.4 180.3 483.2 236.0 1.0 14 41.3 174.7 59.5 230.2 1.0 14 339.3 188.3 361.4 232.3
000272,0.9 14 31.7 74.2 231.7 500.4 1.0 14 32.7 69.9 309.4 498.5
000273,0.9 9 238.1 146.4 304.9 183.3
000274,1.0 2 49.1 96.4 407.4 307.8
000277,0.9 17 28.6 96.3 472.7 321.3 1.0 14 273.6 81.1 471.2 224.8
000279,1.0 14 221.2 197.9 298.1 319.8 0.9 14 297.4 188.8 374.3 358.3 1.0 14 77.5 185.0 207.1 349.8 0.9 14 299.9 188.9 374.3 319.6 0.7 14 220.1 196.5 298.9 374.0
000280,0.8 15 50.7 21.0 87.2 65.1 0.9 4 480.2 122.4 500.2 176.2 0.8 8 122.1 130.9 274.3 373.8 1.0 4 451.3 153.1 476.2 216.0 0.9 4 439.0 128.3 455.6 163.9 1.0 14 154.6 79.3 289.0 329.5 0.7 8 119.5 163.2 256.5 373.8 0.9 8 6.0 169.5 126.4 334.0 0.6 14 153.5 79.7 342.9 372.6 0.9 10 230.7 135.3 500.0 373.6 0.8 8 259.0 124.5 341.2 213.4
000281,0.7 18 3.1 1.8 484.1 315.8 0.9 18 2.3 16.9 484.3 262.7
000283,1.0 1 334.2 255.6 438.6 458.0 1.0 1 82.4 135.6 193.1 356.1 1.0 14 84.2 17.7 190.3 304.6 0.7 1 103.1 139.5 192.4 312.1 1.0 14 332.2 109.1 452.4 428.1
000284,0.8 6 469.7 64.3 500.2 94.8 1.0 6 201.3 75.5 440.2 259.0 1.0 6 419.8 67.8 495.9 118.7
000286,1.0 14 73.1 212.0 225.5 374.7 1.0 14 188.8 9.9 499.1 374.6 0.6 14 254.2 10.1 500.4 374.8
000287,0.5 1 290.7 80.8 460.9 183.0 1.0 14 3.3 1.8 307.5 374.2 0.9 14 418.6 65.7 489.5 137.6
000290,0.8 12 88.3 100.4 332.6 500.9
000291,0.7 14 287.9 100.5 329.4 133.7 0.8 19 61.5 180.0 164.7 305.5 0.9 14 267.0 111.8 302.0 134.3 0.5 14 26.3 13.0 158.7 81.1 0.7 19 1.8 176.3 163.8 309.6 1.0 19 176.6 154.9 335.5 305.6
000292,0.9 7 87.7 1.9 448.2 374.6 0.6 7 84.9 2.0 498.5 374.4
000293,0.9 14 450.7 49.5 499.0 127.9 1.0 14 143.7 38.4 178.4 133.1 0.7 14 446.3 48.6 498.9 185.7 1.0 14 171.1 42.0 201.2 113.9 0.9 6 69.9 60.6 128.0 98.8 1.0 14 14.3 20.5 68.1 183.9 0.7 6 1.6 1.1 455.4 366.4 0.8 6 1.2 74.6 455.3 363.9
000295,1.0 3 364.8 199.2 404.8 245.9 0.6 3 421.5 160.1 440.8 174.6
000297,0.7 12 105.3 125.8 251.4 399.6 1.0 14 244.8 177.5 355.3 394.4
000299,0.6 17 0.7 127.5 149.7 254.5 0.8 19 318.0 200.8 415.5 313.4 0.6 17 0.4 127.1 166.2 298.4 1.0 14 159.7 119.9 288.2 333.4 1.0 8 221.5 266.4 344.3 374.4 0.7 14 308.5 196.2 450.8 304.7
000300,0.0 0 0.0 0.0 10.0 10.0
000301,0.8 6 7.7 295.2 307.5 486.9 1.0 6 17.8 318.5 101.7 360.6 1.0 6 0.7 336.4 28.8 365.1 1.0 6 10.2 297.4 375.9 486.8
000309,1.0 2 103.3 158.9 318.5 294.3
000310,0.9 14 117.8 145.8 141.3 188.7 1.0 14 90.9 145.9 128.7 222.3 1.0 14 55.5 165.5 89.8 238.8 1.0 14 167.0 103.7 280.8 374.9 1.0 14 264.0 122.9 351.7 375.0
000313,1.0 6 209.9 198.7 261.1 236.9 1.0 6 428.4 204.6 494.6 245.1 1.0 6 138.6 196.4 200.4 234.7 1.0 6 73.5 193.9 139.5 233.7 1.0 6 8.2 192.7 84.8 232.8 1.0 6 362.8 203.4 420.4 244.6 1.0 6 281.4 199.8 335.1 239.7
000314,1.0 8 179.8 127.6 211.0 202.7 0.9 17 363.6 172.1 495.8 332.2 1.0 8 285.3 129.8 314.9 203.5 0.6 8 187.8 129.2 214.9 202.4 0.9 10 202.7 134.7 265.0 188.2 0.6 8 198.3 124.9 228.3 188.0 0.9 8 255.5 139.1 292.4 203.1 1.0 8 208.6 180.2 297.1 314.2 0.9 10 236.0 235.9 448.8 332.8 0.8 8 263.7 127.7 295.1 201.1
000315,0.9 14 70.3 163.4 310.3 499.7 1.0 14 285.5 100.2 375.2 499.7 1.0 14 0.8 113.4 116.2 499.8 0.9 14 70.4 164.9 352.0 498.9 0.7 14 171.5 85.6 375.8 499.0
000316,1.0 0 335.7 181.6 405.5 211.0
000319,1.0 14 156.3 50.8 226.6 220.2 1.0 12 36.0 82.5 310.6 290.6 0.6 9 317.2 187.2 371.3 250.4
000324,0.7 11 27.4 101.4 359.4 248.9
000326,0.9 19 310.3 218.0 414.8 373.9
000327,0.9 8 203.0 32.1 283.2 93.1 0.6 19 39.4 74.6 204.6 173.2 1.0 10 2.1 86.2 499.5 374.0 0.6 8 396.7 59.7 456.9 130.7 1.0 4 304.9 29.1 331.5 123.6
000330,0.5 12 82.3 50.3 371.8 332.3 1.0 14 176.6 44.8 306.4 206.7 1.0 12 33.2 50.2 382.1 348.5 0.6 12 82.7 49.2 385.3 332.9 0.8 12 82.7 49.7 369.6 335.1
000333,0.9 18 1.4 44.8 367.1 270.6 0.7 18 180.1 90.1 360.6 268.6 0.6 18 180.5 66.4 364.3 269.3
000335,0.0 0 0.0 0.0 10.0 10.0
000339,0.8 14 368.4 302.9 456.6 374.9 0.8 14 369.1 177.8 500.3 375.9 0.9 14 419.4 175.9 499.9 375.3 1.0 14 6.9 108.7 188.7 373.9 1.0 14 208.6 180.2 323.3 373.9 1.0 14 340.3 89.4 470.9 366.3
000341,1.0 6 0.9 204.9 104.1 337.1 1.0 6 383.7 202.7 499.6 297.1 0.8 14 427.4 156.9 440.7 191.4 0.8 14 426.8 155.9 440.0 190.9 1.0 6 48.0 149.2 178.3 214.6 1.0 6 190.4 139.7 309.6 221.9 0.9 5 312.3 113.0 397.4 201.2 1.0 14 412.3 153.4 428.8 191.1
000342,0.7 14 115.7 133.7 256.8 318.4 1.0 14 114.5 131.7 323.4 321.1 0.7 19 1.1 91.2 394.5 342.5 0.9 19 74.5 98.8 387.6 338.1
000345,0.9 9 261.0 125.5 497.8 258.2
000346,0.9 4 130.0 108.4 233.1 374.5 0.9 14 195.5 78.0 495.2 374.9 1.0 14 226.6 79.5 495.5 374.5
000348,0.7 15 201.5 126.5 218.7 149.5 0.7 13 267.5 193.4 383.4 291.1 0.9 13 100.3 146.8 254.7 304.0 0.9 14 314.2 128.0 333.1 177.6 0.6 15 184.9 127.9 203.7 151.2 1.0 14 213.7 106.0 292.3 316.4 0.9 13 102.6 144.0 377.9 303.8 1.0 14 275.7 110.6 333.0 265.8 1.0 14 274.8 110.0 332.8 311.6
000350,0.9 3 99.4 147.5 250.5 187.8 0.9 3 102.0 146.5 183.0 186.8
000351,0.6 6 5.2 27.0 328.9 152.6
000353,0.8 13 109.1 49.3 156.0 87.3 1.0 13 72.6 100.5 439.0 350.1 0.6 13 69.5 26.3 439.5 351.3
000356,0.5 12 123.0 164.1 209.2 480.1 1.0 14 88.3 114.0 252.6 325.2 1.0 12 123.7 165.0 231.8 480.1
000357,0.9 7 59.7 1.9 499.7 356.6
000358,1.0 14 24.2 31.1 109.2 287.0 1.0 6 95.0 94.7 388.5 289.9
000360,0.6 16 208.4 5.1 423.3 64.4 0.5 16 160.0 38.1 499.5 375.0 0.6 16 272.2 57.2 499.2 373.5
000361,1.0 6 219.0 189.1 285.6 231.5 1.0 6 468.5 120.4 500.1 145.5
000362,1.0 11 165.6 28.5 288.7 265.6
000364,1.0 13 320.2 62.5 489.8 161.7 0.7 13 392.2 71.1 490.4 160.8 1.0 14 360.1 2.5 457.2 125.9 1.0 13 54.3 55.5 456.2 312.4 0.5 13 204.2 132.2 456.7 308.5
000365,1.0 7 125.3 132.8 284.7 378.2
000366,0.9 8 10.9 186.7 57.1 408.3 0.8 8 259.6 196.9 367.4 429.8 1.0 8 256.8 257.6 343.1 428.7 0.7 19 90.6 50.2 296.4 203.7 1.0 8 14.8 187.8 104.1 413.8 0.8 19 48.2 67.1 90.0 117.5 0.9 10 83.2 166.8 265.4 474.2 0.7 19 166.6 55.2 298.7 194.4
000368,1.0 14 48.6 21.7 274.6 484.6
000369,1.0 14 322.2 88.2 499.1 367.4 0.7 4 311.6 252.5 356.6 374.9 0.5 14 131.9 85.8 398.6 277.3 0.8 14 106.5 84.5 368.6 281.5 0.9 14 2.4 91.6 175.7 374.5 1.0 14 1.1 90.5 125.5 374.7 1.0 10 30.3 232.3 460.1 375.0 0.8 4 312.7 253.2 342.8 323.0 1.0 4 178.6 259.9 212.2 366.4 0.5 10 45.0 271.8 455.5 374.5 0.8 14 235.6 88.4 498.8 373.5
000371,0.6 3 245.2 179.1 406.1 245.1 0.9 3 313.5 77.3 409.9 243.8 0.7 3 245.3 76.3 407.8 243.5 0.9 3 245.3 77.0 405.0 243.5 0.7 3 314.2 77.7 365.6 244.3
000375,0.8 14 248.5 166.4 269.1 191.5 0.8 3 8.5 15.8 487.9 326.0
000376,0.7 16 228.5 148.3 267.1 178.1
000377,0.7 14 114.3 122.2 133.7 161.1 0.8 14 386.4 81.0 490.8 323.2 1.0 14 29.1 85.6 119.9 241.2 1.0 14 125.6 161.6 219.5 252.6 0.9 14 388.1 80.7 492.0 263.6 1.0 14 187.4 94.0 269.0 235.3 1.0 14 117.8 77.6 198.6 226.4 1.0 14 343.3 92.0 406.2 288.7 1.0 10 1.9 234.5 386.7 374.8 0.9 8 381.1 235.1 499.6 375.0 0.9 14 288.6 101.0 355.1 283.6 1.0 14 209.5 154.2 313.5 255.2 0.9 14 289.5 101.4 353.2 239.9
000378,0.8 14 81.1 1.9 159.2 212.7 0.8 14 47.9 3.5 159.9 213.7 1.0 12 47.7 56.9 211.7 319.2
000383,0.9 2 0.7 14.2 143.6 373.9 1.0 2 67.0 39.0 398.6 374.8
000384,0.9 8 40.1 121.2 176.2 266.5 1.0 17 172.2 26.1 454.5 292.5
000385,0.7 19 93.7 45.5 187.1 156.3 0.8 8 174.0 199.0 282.2 375.5 0.9 8 374.3 170.6 498.8 374.0 0.7 17 373.9 170.7 498.0 372.4 0.8 8 228.6 197.4 350.4 375.0 0.6 17 375.5 170.3 497.0 372.3 0.9 8 214.5 196.6 288.1 374.9 0.9 15 81.8 94.7 135.2 181.4 0.8 15 81.9 109.3 134.7 175.7 0.7 10 167.6 188.6 351.6 374.7 0.9 8 205.9 196.4 284.1 319.9 0.8 19 286.1 50.1 354.4 149.1
000386,0.9 9 144.3 166.0 203.4 235.9 1.0 14 65.8 130.3 176.1 374.1 0.7 9 289.0 157.5 431.8 267.5
000388,0.8 4 213.6 417.4 279.8 500.0 1.0 14 0.9 122.1 178.4 500.8 1.0 14 166.5 5.9 331.8 498.9
000389,1.0 15 76.5 180.3 123.4 258.8 0.8 15 37.0 234.2 192.2 420.5 0.9 15 9.3 231.9 192.8 423.6
000390,1.0 6 5.7 56.6 492.2 406.1
000392,0.6 12 270.3 129.8 363.7 227.0 0.8 14 80.3 112.6 107.3 157.3 0.7 14 197.8 54.7 286.5 184.8 0.9 14 194.5 54.5 286.8 214.2 1.0 12 98.4 96.2 359.7 311.8 1.0 14 80.3 112.6 106.5 152.4 0.9 14 390.7 161.6 412.8 185.6 0.8 12 194.1 127.0 359.7 310.1
000393,1.0 14 240.7 58.3 305.5 219.1 1.0 12 166.6 105.9 422.0 298.2
000397,0.6 8 1.8 385.1 101.1 499.9 0.7 19 147.6 207.7 209.9 267.5 1.0 15 1.1 126.3 42.1 255.0 1.0 15 37.3 191.4 65.1 243.5 0.6 15 1.2 155.3 36.1 253.2 0.8 15 294.3 170.3 318.4 201.5 0.6 19 147.1 207.2 210.3 299.0 0.8 10 2.2 299.3 172.3 499.3
000398,0.0 0 0.0 0.0 10.0 10.0
000399,0.9 1 22.0 13.2 479.5 294.3
000401,1.0 7 1.7 97.5 193.7 254.4 1.0 7 215.9 156.9 483.2 374.3
000402,1.0 6 0.3 160.2 125.1 221.9 1.0 6 10.4 180.8 391.5 322.4
000405,0.7 14 14.8 35.2 274.5 499.3 1.0 14 17.0 35.3 307.3 499.0
000409,0.8 14 46.8 11.3 331.0 496.1
000410,1.0 14 243.9 259.1 277.4 336.0 1.0 14 269.4 225.7 307.4 319.8 1.0 14 18.2 185.5 57.2 340.9 0.9 12 132.4 227.2 254.6 321.5
000412,0.6 9 55.4 98.9 394.6 332.1
000413,1.0 14 29.6 306.4 69.1 374.8 0.6 14 197.0 317.0 239.7 375.1 0.7 14 134.9 305.3 205.4 375.1 0.9 14 139.0 151.6 264.9 356.5 0.5 14 140.8 151.0 250.5 370.9 0.8 14 121.6 306.2 207.6 375.3 1.0 14 62.8 286.8 129.6 374.6 0.9 14 228.1 6.5 462.0 374.3 0.7 14 229.3 7.9 405.6 374.5 1.0 14 227.7 2.6 492.3 374.0
000414,1.0 19 60.4 57.8 255.6 234.4 0.9 14 131.0 91.8 212.9 186.5
000415,1.0 6 14.1 105.1 486.4 278.1
000418,0.6 14 36.9 243.6 50.3 276.1 0.9 14 35.7 242.6 49.2 276.7 0.9 0 35.6 37.4 461.9 372.1
000421,0.7 10 1.3 194.2 295.6 375.0 1.0 19 1.9 48.1 192.0 221.6 1.0 14 294.2 18.4 499.4 373.1
000422,0.7 14 292.1 0.9 353.1 89.8 1.0 11 13.0 15.0 286.5 376.5 1.0 14 5.9 0.8 98.6 324.4 0.5 14 268.0 2.9 499.4 445.8 0.8 14 180.8 73.1 499.1 445.3 0.8 14 273.2 77.8 500.1 445.5
000423,0.8 14 371.0 93.9 500.5 309.2 0.9 14 479.2 47.1 500.4 231.6 1.0 14 49.1 80.6 122.6 265.2 0.8 8 249.3 167.3 285.9 214.6 1.0 14 293.5 92.8 499.9 329.5
000425,1.0 6 3.9 2.3 496.8 332.3
000426,1.0 2 164.8 180.9 269.1 259.1
000429,0.8 14 0.9 251.2 31.9 284.0 0.7 19 1.2 47.4 96.0 195.5 0.8 8 374.0 218.2 492.5 374.1 0.7 15 459.2 205.3 500.5 261.5 0.6 10 30.6 273.6 139.9 362.7 0.9 17 91.9 201.6 330.4 333.1 1.0 15 34.3 252.1 78.6 302.0
000432,0.8 16 220.5 201.7 274.1 238.3 0.7 16 320.6 201.3 374.5 238.6
000434,1.0 14 189.6 45.7 288.1 213.9 0.5 14 56.1 125.0 107.0 363.5 1.0 12 90.1 74.6 413.1 345.5 0.9 12 91.1 77.3 414.5 380.0
000436,0.9 2 30.6 55.2 76.4 100.4 1.0 2 37.3 116.6 343.3 253.7
000437,1.0 14 95.3 141.3 135.7 217.0 1.0 14 325.3 95.8 378.4 229.1
000440,1.0 6 43.3 81.4 458.9 301.4
000441,1.0 18 153.0 102.3 312.4 244.2
000442,1.0 7 30.7 2.1 498.0 374.8
000444,0.0 0 0.0 0.0 10.0 10.0
000445,1.0 12 133.1 68.9 317.1 257.0 1.0 14 40.8 45.8 134.6 153.3 0.9 14 331.2 71.3 400.6 168.1 0.5 14 389.1 68.9 419.9 109.8 1.0 14 185.1 47.8 268.5 157.0 1.0 14 125.8 42.5 186.8 109.4 1.0 12 1.7 71.6 173.2 271.7 1.0 14 333.2 69.1 422.5 162.0 1.0 12 262.2 84.5 475.5 257.4
000447,0.7 14 36.2 44.0 277.5 182.1 0.7 14 184.9 41.0 278.0 184.2 0.7 14 38.3 42.6 370.8 185.8 1.0 14 186.6 40.9 371.3 184.3 1.0 4 227.0 155.1 280.3 318.5
000449,1.0 14 219.7 115.3 307.5 206.2 1.0 14 417.6 59.1 480.9 192.2 1.0 14 293.7 141.8 344.1 199.4 1.0 14 130.4 93.3 199.3 209.9
000451,0.7 16 2.9 12.9 460.9 331.1
000452,0.5 19 400.8 138.5 497.3 260.7 0.6 17 45.4 101.4 296.7 340.9 0.8 7 212.8 136.4 293.9 218.3 0.5 8 45.6 101.6 297.7 340.7 0.7 17 16.6 100.7 296.3 344.4 0.9 19 400.9 136.1 483.2 255.6
000453,1.0 14 261.0 140.5 297.0 179.5 1.0 6 8.0 120.7 486.6 294.1
000455,1.0 14 214.5 33.1 301.7 212.3 1.0 12 132.5 76.5 497.4 306.7
000456,1.0 14 124.8 116.7 179.3 160.9 0.9 5 90.1 39.6 428.4 302.8
000457,1.0 14 1.3 98.5 295.1 498.4 0.6 14 65.5 99.4 297.8 498.9
000458,1.0 14 41.2 1.7 127.7 232.4 0.5 14 0.9 0.5 81.1 233.8 0.8 14 1.0 0.2 124.1 231.8 1.0 14 197.3 38.2 396.5 339.0
000465,0.9 14 7.2 155.1 26.4 177.5 0.9 14 68.7 142.2 89.1 166.7 0.6 14 25.8 151.4 40.7 175.0 1.0 6 2.9 132.6 499.3 316.1 1.0 14 40.1 151.7 57.5 174.6 0.6 14 26.6 151.5 41.8 174.8
000466,1.0 2 241.0 98.0 346.4 249.4
000467,1.0 13 88.5 143.5 176.1 262.2 0.9 14 392.6 72.7 454.0 169.3 1.0 13 366.8 120.6 473.4 175.7 1.0 13 293.2 141.0 357.2 204.6 0.6 14 413.8 73.3 453.2 167.4 0.9 13 206.0 152.7 258.5 229.7 0.6 14 414.8 73.4 451.8 141.2 1.0 14 86.4 79.3 178.8 236.4 1.0 14 184.0 80.5 282.7 211.5 1.0 14 294.2 82.1 365.5 191.4 0.8 14 396.2 74.0 453.0 165.4
000471,0.8 6 36.3 70.2 463.7 327.9
000472,1.0 2 2.0 48.8 440.1 373.7
000473,0.9 0 423.5 119.1 461.6 148.0
000475,0.9 16 332.1 88.1 364.4 131.3 0.8 16 0.8 101.7 25.8 160.9 0.9 16 211.8 152.0 345.0 254.9 0.8 16 369.8 80.5 401.1 130.8
000478,0.9 11 242.5 92.7 451.5 244.0
000479,0.9 14 27.0 2.7 371.3 499.5 0.9 14 153.5 3.0 372.8 499.0
000481,0.5 0 2.1 12.8 501.1 293.3
000485,0.6 13 92.6 151.6 181.6 243.8 0.8 13 262.8 90.4 441.2 256.9 1.0 14 16.7 110.1 294.4 333.2 1.0 14 15.7 111.5 470.2 332.6 0.8 13 92.6 87.9 441.3 333.6 0.6 14 275.1 90.4 475.6 332.3
000487,0.9 8 341.9 249.4 479.5 376.4 0.9 8 255.3 150.6 301.0 228.3 1.0 19 356.6 67.4 417.5 243.0 0.9 15 156.5 180.9 191.0 227.7 1.0 8 28.7 252.0 187.5 375.6 0.8 8 254.0 152.5 302.9 328.6
000488,1.0 6 39.6 101.2 480.1 323.2
000490,0.8 14 311.0 117.3 499.3 332.5 0.6 14 307.3 189.9 390.4 297.7 0.7 14 266.3 188.6 352.7 311.3 0.8 14 104.3 79.6 187.9 313.4 0.9 14 101.3 79.6 184.5 277.3 1.0 14 126.8 72.4 254.1 321.4 0.5 10 1.0 175.8 123.7 300.1 0.9 14 101.0 79.0 185.0 248.4 0.5 14 295.8 188.7 346.4 297.2 0.7 10 1.1 172.9 126.2 298.5 0.7 14 120.2 188.2 380.7 332.4 0.9 14 247.8 189.2 342.5 279.1 1.0 14 118.1 117.5 497.7 332.5
000493,0.5 15 136.5 17.3 300.2 157.0 1.0 14 207.5 72.9 309.1 317.3 1.0 14 349.9 22.8 471.3 340.0 1.0 14 128.5 82.9 225.2 340.9 0.7 15 138.3 51.3 215.5 143.4 1.0 14 25.8 64.5 156.8 340.7 1.0 14 293.2 37.2 400.9 339.8
000495,0.7 2 102.0 14.0 458.6 256.3 0.9 2 100.9 14.0 475.6 319.8 0.7 2 186.5 13.7 455.5 254.5
000497,0.9 13 7.3 239.4 236.2 473.5 0.5 14 287.1 122.6 311.2 206.7 1.0 14 404.1 236.6 425.2 304.8 0.9 14 441.5 219.5 463.9 300.0 1.0 14 442.4 217.8 474.7 300.5 1.0 14 178.7 170.4 299.2 464.5 1.0 14 343.1 179.7 400.7 331.4 1.0 13 242.9 245.4 422.4 446.5 0.5 14 344.2 179.1 392.6 250.6
000502,1.0 14 2.0 2.1 457.6 374.1
000504,1.0 14 35.4 36.2 77.0 174.0 1.0 14 0.9 42.7 31.0 165.2 0.6 14 25.9 40.5 48.6 170.5 0.7 9 341.0 99.5 500.8 410.0
000505,1.0 6 158.2 157.8 382.1 291.7 1.0 6 194.7 55.4 405.4 209.6
000506,0.6 14 280.7 221.3 374.9 501.8 0.6 11 92.9 324.6 223.0 475.9 0.9 11 84.9 291.4 224.3 473.5 0.6 14 0.9 132.1 96.8 434.3 1.0 14 65.2 2.5 325.9 499.0
000507,0.5 14 383.0 181.8 423.5 261.7 1.0 14 287.0 199.1 394.6 283.7 1.0 14 117.0 154.0 164.0 222.7 0.6 14 1.4 139.4 25.8 239.0 0.8 14 0.8 216.2 22.1 285.6 0.8 14 382.8 182.4 418.7 246.8 0.9 14 188.0 52.2 272.3 216.2 1.0 14 14.0 130.1 46.2 203.6 0.7 14 187.9 50.8 273.8 235.2 1.0 14 299.6 90.7 345.6 218.4 1.0 14 74.7 160.0 124.1 256.7 1.0 14 262.5 158.2 306.1 222.7 1.0 14 74.8 104.2 122.6 192.1 1.0 14 18.1 169.9 74.5 272.3 0.9 6 3.0 154.7 499.7 375.6 0.9 14 2.1 137.7 30.1 199.4 1.0 14 161.3 169.2 198.4 215.7
000510,0.8 8 44.7 243.3 83.4 369.0 0.9 15 181.6 225.9 238.8 272.8 0.7 8 272.1 241.8 353.6 329.5 0.5 8 136.2 237.0 179.8 333.3 0.8 8 138.8 237.4 179.9 330.1 1.0 8 149.6 269.4 250.0 374.6 1.0 8 46.4 245.8 159.5 375.1 0.9 10 108.5 260.1 326.8 374.4 0.9 10 107.2 260.3 436.8 374.6 1.0 8 224.2 237.2 276.8 368.7 1.0 8 259.1 257.8 379.7 374.6
000511,0.9 18 99.0 140.9 284.2 226.2
000512,1.0 5 9.7 79.6 413.6 356.2
000517,0.9 11 189.3 113.4 347.6 271.6 0.9 11 23.5 239.5 153.4 375.6 1.0 14 185.0 36.4 358.3 374.5
000521,0.0 0 0.0 0.0 10.0 10.0
000527,0.9 14 209.3 141.8 234.0 182.8 0.6 1 211.4 201.9 265.1 277.4 1.0 14 385.9 159.8 427.9 248.7 1.0 14 57.5 83.6 80.3 147.6 0.7 1 353.4 179.5 406.7 224.2 1.0 1 367.6 190.1 447.7 261.7 0.5 1 277.3 206.6 319.9 263.6 0.7 14 445.2 145.7 459.5 181.6 0.9 1 243.0 201.9 320.1 264.0 0.6 14 364.0 137.1 382.5 181.7 1.0 1 140.5 206.2 259.2 296.6 0.9 14 127.2 123.3 147.9 149.4 1.0 14 155.3 162.6 220.1 275.7 0.5 1 141.1 210.7 212.0 298.2 0.9 14 363.5 137.5 387.1 209.9 1.0 1 221.8 201.9 318.8 267.2 1.0 14 231.8 153.4 290.5 254.1 0.7 14 333.6 146.9 349.2 186.1 0.6 1 331.4 162.3 347.5 189.6 0.8 14 342.0 136.7 357.4 184.4
000529,0.6 3 283.9 1.5 499.7 247.7
000532,0.5 13 271.5 112.4 428.5 287.7 1.0 14 186.8 92.3 353.1 314.0 0.9 13 194.4 114.1 427.9 332.0 0.7 14 262.3 57.4 393.1 226.2
000533,0.7 11 343.9 64.9 394.9 110.6 0.9 17 1.5 6.3 498.4 148.7
000534,0.8 14 2.4 16.5 350.6 500.3 0.9 14 1.3 14.5 462.6 499.1
000536,1.0 14 474.2 210.2 497.8 289.8 1.0 5 7.0 87.6 484.9 331.1
000538,1.0 14 72.1 127.6 113.7 275.8 0.6 14 381.4 183.3 398.1 216.8 1.0 14 4.5 136.5 49.2 268.5 0.7 14 79.6 128.1 114.6 202.5
000539,1.0 14 22.5 102.2 243.1 375.1 0.9 12 145.2 222.6 499.1 375.3
000542,1.0 7 1.1 1.5 499.0 361.2
000546,0.6 7 0.8 138.7 293.3 375.3 1.0 14 282.4 53.3 482.1 373.4
000547,0.7 8 7.4 373.3 70.0 499.8 0.9 8 165.8 258.2 221.1 370.7 0.9 8 213.1 386.5 307.3 498.4 0.6 8 260.5 388.4 308.1 484.7 1.0 14 90.2 153.3 119.9 247.7 0.5 8 162.7 367.2 215.3 491.4 0.9 8 6.5 401.0 71.4 499.4 1.0 14 146.3 161.2 184.1 249.8 0.9 14 4.8 171.8 35.5 240.2 0.8 14 261.0 231.8 294.2 292.6 0.9 8 152.6 394.9 214.8 497.0 0.8 14 28.1 360.9 58.3 435.2 1.0 14 37.3 312.4 73.0 419.5 0.9 14 28.7 360.0 55.5 415.8 0.8 10 168.2 250.2 272.7 373.0 0.7 8 236.3 293.9 285.7 359.8 0.6 14 258.8 231.6 294.5 355.0 1.0 14 1.0 394.0 45.5 486.8 0.6 8 317.5 309.1 359.9 375.6 0.6 10 173.2 249.2 268.8 319.7 0.6 10 170.6 251.2 268.7 349.2 1.0 15 272.4 93.2 321.8 203.0 1.0 10 171.8 362.8 289.6 495.3 1.0 14 201.5 218.5 240.2 258.8
000548,1.0 6 11.8 177.2 455.7 319.1
000551,0.6 14 2.7 11.6 310.5 377.4 0.8 14 2.8 12.5 497.7 377.6
000553,1.0 13 45.8 60.5 426.7 353.7
000556,1.0 18 79.6 98.3 355.5 300.7
000557,1.0 2 50.1 135.9 164.8 214.0
000558,1.0 3 169.0 113.2 231.6 208.2 0.9 3 115.5 138.8 160.8 206.1
000560,1.0 0 57.7 322.4 201.8 390.5
000561,1.0 2 35.0 25.3 175.6 346.1 1.0 2 146.6 163.6 313.0 424.5 0.6 2 145.3 257.8 303.6 448.1
000562,0.7 14 382.5 199.1 395.7 229.3 1.0 14 194.0 132.4 270.4 293.3 1.0 1 190.8 197.3 260.8 311.3
000566,0.8 14 20.7 29.6 274.3 332.6 1.0 14 20.9 29.3 316.5 333.1 0.9 17 6.9 174.2 481.1 331.4
000567,1.0 14 145.1 61.3 317.8 374.9 1.0 1 188.0 235.6 299.3 375.1
000568,0.6 2 91.1 175.2 223.8 249.8 0.9 2 91.6 50.8 379.4 262.4 0.8 2 196.4 51.8 381.5 261.0 0.9 2 192.5 168.8 297.1 262.1
000569,1.0 2 40.4 38.2 413.6 352.3
000570,0.9 13 141.6 104.6 469.5 325.4 1.0 14 270.3 42.6 403.6 276.4
000571,1.0 19 174.2 193.9 274.6 297.3 0.8 19 2.1 1.7 481.8 493.1 0.6 19 170.6 191.5 275.9 352.7
000572,1.0 1 2.6 135.7 233.7 330.9
000573,0.7 14 369.3 11.2 404.6 104.1 0.9 15 3.4 1.3 388.5 329.8 0.8 8 7.7 64.1 136.6 215.6
000574,0.8 16 163.2 211.1 355.2 349.0
000575,0.9 15 6.6 3.0 90.7 183.1 0.5 17 19.4 91.4 306.3 290.9 0.7 15 12.1 4.4 271.6 389.5 1.0 15 209.6 22.4 292.5 156.5 0.7 15 10.5 5.5 92.7 168.5 0.8 15 11.4 3.5 180.8 406.5 0.8 17 20.4 90.5 275.0 409.9 0.7 15 209.3 21.3 307.9 162.8
000576,1.0 3 260.8 109.7 467.7 304.9
000578,0.6 14 1.0 1.9 114.3 421.9 0.7 19 275.7 151.3 375.3 283.2 0.6 19 273.1 151.8 375.1 294.0 0.5 19 271.6 151.4 375.1 293.1 0.8 14 2.6 2.9 308.0 499.6 0.9 14 1.4 3.6 357.3 498.7 0.9 14 168.6 5.7 360.5 489.0 0.5 14 169.6 8.1 280.3 410.1
000580,1.0 6 271.0 141.4 395.0 219.7
000584,0.9 1 47.8 74.1 369.8 375.8 0.8 17 356.8 214.2 499.4 375.1 1.0 1 48.9 72.3 373.2 325.0
000585,1.0 14 461.6 1.2 489.5 55.4 0.7 6 1.0 3.3 173.1 80.5 1.0 6 2.0 8.8 490.1 321.2
000586,1.0 6 167.4 339.2 200.7 396.4 1.0 14 108.5 334.6 141.8 453.1 1.0 6 175.8 343.0 294.5 442.9
000587,0.9 14 179.9 160.7 323.9 373.5 1.0 4 364.1 254.5 427.7 374.4 1.0 14 2.2 153.8 213.0 375.2 1.0 10 178.3 251.9 494.9 375.1 0.9 14 198.4 166.0 266.5 272.6 1.0 14 284.1 116.2 443.6 262.2 1.0 14 249.0 156.1 324.4 266.6 0.5 10 179.9 257.0 435.1 374.7
000593,1.0 6 77.5 71.7 381.0 260.3 1.0 6 29.4 117.8 81.4 153.5 1.0 6 266.5 61.8 500.0 227.5
000594,0.9 14 157.9 64.5 483.7 319.9 0.8 1 5.3 120.2 431.5 321.8 0.6 14 226.0 68.3 485.0 319.7 0.6 1 5.0 168.5 431.4 321.5 0.9 14 193.1 63.7 384.2 320.1
000595,0.7 8 142.4 178.6 184.4 300.7 0.7 8 281.2 225.7 495.4 375.8 0.8 8 280.4 172.8 436.9 374.7 0.8 8 299.0 151.3 350.9 228.7 1.0 8 145.5 181.2 227.3 347.3 0.7 8 145.9 180.7 276.5 375.2 0.6 10 38.0 144.1 212.0 260.3 1.0 10 175.5 169.8 483.1 373.6 1.0 8 194.4 209.7 283.3 373.9 0.6 8 370.3 166.7 436.1 222.1 0.9 8 196.7 210.1 338.4 374.7
000596,0.7 16 118.7 293.2 138.7 314.3 0.8 16 74.0 291.1 110.6 316.3
000600,0.8 14 70.3 179.2 296.7 331.3
000602,0.8 13 27.1 88.8 350.0 323.1 0.8 14 279.2 110.5 441.1 332.7 1.0 14 277.5 110.5 498.6 332.6
000603,0.8 15 142.6 280.4 247.1 350.0 1.0 8 416.3 149.6 494.2 329.9 1.0 17 48.3 153.8 416.5 344.2 0.9 8 12.3 144.5 68.9 306.5 0.8 17 113.3 152.0 415.8 345.7
000604,1.0 14 99.5 163.0 220.8 388.5 1.0 12 19.0 226.0 281.9 442.0
000606,1.0 14 176.6 68.4 207.5 118.2 1.0 4 420.5 205.5 455.1 295.9 1.0 14 148.4 101.2 278.1 241.2 1.0 14 23.0 101.5 209.4 375.0 1.0 10 160.2 221.0 498.1 374.7 1.0 14 349.4 69.5 499.5 281.1 0.7 19 274.4 133.3 330.0 194.0
000607,1.0 14 177.1 116.0 271.7 284.2 1.0 14 75.8 70.8 97.9 118.7 1.0 14 240.4 99.2 258.8 125.7 0.9 6 0.6 152.8 66.2 301.8 1.0 14 103.4 60.3 138.0 120.9 0.7 6 238.2 146.2 451.8 303.3 1.0 6 237.9 146.7 451.6 302.9
000611,1.0 4 118.7 70.8 183.1 294.4 0.9 11 205.4 2.2 499.5 294.5
000614,0.9 1 135.0 94.2 458.1 307.0
000615,0.8 8 135.0 129.6 282.6 285.1 0.5 14 267.3 40.0 351.0 222.1 0.9 19 2.7 277.9 275.8 375.1 1.0 14 13.7 24.5 157.5 297.3 0.7 14 267.8 37.1 480.1 292.1 0.6 14 320.9 36.9 476.9 277.6 0.9 8 260.0 157.3 337.7 332.4 1.0 14 325.1 36.3 474.1 375.5
000616,0.9 11 14.6 101.9 331.0 408.3 1.0 14 359.0 146.6 455.5 415.4
000617,0.7 14 361.1 1.3 500.6 273.0 0.7 14 0.6 1.7 88.5 360.5 0.9 10 3.7 77.0 498.5 375.6 1.0 14 355.1 1.0 500.7 246.0
000618,0.8 0 1.4 35.4 144.6 196.0 0.9 0 160.8 35.0 480.6 250.6
000621,0.9 8 336.0 164.7 453.5 374.2 0.9 8 414.2 151.1 499.5 363.2 1.0 14 144.7 50.3 247.1 354.5 1.0 14 270.5 162.7 339.8 309.4
000623,1.0 12 111.9 49.2 222.4 199.6 1.0 14 155.1 24.6 195.1 118.6
000624,0.9 14 0.9 172.6 93.3 332.7 0.9 14 1.2 171.8 73.6 281.2 0.9 14 1.1 56.5 85.8 236.3 0.5 14 445.8 76.5 463.8 143.3 1.0 14 464.3 62.6 500.4 169.8 1.0 14 431.3 74.2 458.5 144.5 1.0 14 319.9 66.0 341.4 93.1 0.9 14 338.7 75.0 357.7 106.0 0.7 14 456.7 78.4 476.2 145.8 1.0 6 54.4 49.3 500.2 325.1 1.0 14 388.6 67.7 421.1 134.6 0.6 14 1.1 56.5 94.5 266.2 0.6 14 4.6 67.0 28.0 108.8 0.8 6 211.4 65.0 496.7 324.7 0.9 14 389.4 61.7 408.3 84.7 0.7 14 386.6 61.8 407.7 109.6
000627,0.8 9 53.1 101.9 318.8 312.5
000629,1.0 18 29.3 85.5 393.5 181.2
000630,1.0 13 187.8 162.7 483.2 375.1 0.6 14 286.9 159.3 411.9 350.9 1.0 14 289.2 159.0 409.5 304.7
000631,0.8 3 67.4 347.5 143.8 374.6 0.5 3 218.5 312.3 253.6 333.6 0.6 3 273.5 305.6 411.7 340.1 0.9 3 74.3 68.9 257.6 333.3 1.0 3 200.5 18.4 423.2 336.3
000634,1.0 14 212.7 155.9 228.1 185.5 1.0 14 149.9 196.1 185.0 288.8 1.0 6 234.6 156.1 412.9 229.1
000636,0.9 18 80.9 94.5 436.6 290.7 1.0 14 49.4 152.6 63.8 190.9
000638,1.0 7 0.6 12.8 358.6 322.8 0.6 14 54.2 222.6 321.1 496.7
000639,0.7 14 1.8 97.7 331.6 498.4
000640,1.0 1 2.1 1.7 481.5 374.3 0.7 1 2.0 37.3 484.2 374.9
000641,1.0 14 140.4 127.8 285.0 297.1 0.9 14 333.2 29.7 471.1 200.9
000642,1.0 14 66.3 11.9 447.4 375.0 0.7 4 256.5 279.5 368.6 374.7
000643,0.6 13 452.5 202.4 500.2 326.6 1.0 14 146.2 109.8 251.6 375.4 1.0 14 247.9 156.3 342.3 374.9
000644,0.9 14 267.5 123.7 329.5 208.5 1.0 14 215.0 112.8 282.3 208.9 0.7 19 184.5 48.6 500.0 377.0 1.0 19 182.1 54.3 353.7 228.0 0.6 14 215.0 111.7 324.9 209.8
000646,1.0 6 404.3 45.5 500.6 236.8 1.0 6 0.7 40.4 77.6 230.7 1.0 6 59.1 33.7 448.5 366.7 1.0 6 268.5 27.9 404.2 91.5
000649,1.0 6 215.6 207.2 250.4 248.3 1.0 6 18.0 203.3 249.6 339.6 1.0 14 339.1 168.4 369.6 205.9
000650,0.6 15 1.6 29.2 146.3 252.1 0.7 8 1.0 172.6 59.6 278.2 0.8 15 1.3 29.2 104.6 242.4 0.5 15 0.9 4.6 64.2 238.9 0.9 15 28.3 31.7 143.0 251.9 0.6 15 1.0 8.7 60.6 240.0 0.9 15 2.9 14.3 288.1 254.4 0.9 15 1.0 3.6 62.5 239.9 0.5 15 29.6 1.3 306.2 373.5 0.7 15 3.8 2.1 497.9 375.1 0.8 15 2.7 6.2 293.6 374.2 0.6 15 1.1 27.1 80.7 271.7 0.5 15 7.8 1.5 419.7 374.6 0.5 15 0.8 3.5 61.8 281.6
000651,0.7 7 91.0 2.7 498.6 374.3
000652,0.7 14 1.0 26.9 111.6 332.3 0.7 14 93.3 65.2 260.5 295.1 0.9 14 37.4 65.0 230.0 357.9 1.0 8 61.5 131.5 273.2 373.9 1.0 14 123.2 18.4 398.2 374.2
000655,1.0 14 207.6 82.3 366.5 299.0 1.0 13 106.5 116.2 430.0 311.4
000658,0.5 8 1.0 232.2 35.6 324.7 0.7 8 1.5 235.4 48.7 335.2 0.9 8 185.2 310.7 282.9 375.2 0.6 8 2.6 236.9 63.3 340.1 0.6 8 2.0 234.8 65.6 342.1 0.6 17 191.1 247.1 436.9 375.8 0.9 17 226.2 245.8 436.6 361.0
000659,1.0 19 101.6 34.2 335.1 240.8
000662,0.6 14 22.8 83.7 435.5 179.7 0.8 14 231.2 94.8 435.9 177.6 0.8 14 1.5 2.3 447.4 244.2
000664,1.0 14 49.6 1.8 326.1 374.7
000665,0.9 0 138.2 174.7 379.5 263.0
000666,1.0 14 481.9 150.9 500.4 238.4 1.0 14 32.2 152.9 92.3 332.6 1.0 12 64.5 114.0 306.8 315.2 0.8 5 38.4 66.2 500.0 213.9 1.0 14 291.3 176.5 382.5 322.5
000668,1.0 0 13.0 102.7 457.2 258.1
000669,1.0 6 409.3 208.0 500.1 330.1 0.5 6 276.6 207.3 313.9 229.8 1.0 6 299.1 199.4 408.9 244.9
000670,1.0 14 0.6 60.5 200.8 374.7 1.0 14 192.4 45.1 499.8 375.4
000673,0.6 7 1.8 91.3 241.9 332.5 0.9 7 2.2 1.6 489.5 332.0
000674,0.0 0 0.0 0.0 10.0 10.0
000678,1.0 18 21.4 147.3 275.0 219.4
000679,1.0 6 103.2 115.7 460.1 279.1
000681,1.0 2 131.5 129.8 244.9 223.1
000683,0.9 14 1.0 25.9 94.4 305.3 0.8 14 6.2 0.8 190.9 327.7 1.0 14 132.9 46.2 330.2 332.3 1.0 14 307.5 45.3 499.8 322.0
000687,0.5 6 20.8 43.6 38.7 64.8 1.0 6 307.0 52.9 491.9 178.2 1.0 14 61.8 16.3 98.0 116.4 0.7 6 187.8 40.9 223.4 62.5 0.7 6 371.8 35.3 494.3 78.4 0.9 6 33.3 41.0 67.8 65.7 1.0 14 153.8 20.3 178.8 72.3 1.0 14 98.7 13.7 143.6 67.2 0.8 6 21.5 57.4 483.2 306.2 1.0 14 188.2 36.4 292.0 129.3 0.8 6 176.4 70.2 482.1 307.8 0.9 6 279.8 33.9 331.9 72.7
000691,0.0 0 0.0 0.0 10.0 10.0
000692,0.6 11 243.3 195.5 461.8 332.6 0.7 14 1.5 0.6 232.8 212.0 0.5 14 1.7 1.4 163.3 210.6 0.8 11 242.0 192.5 472.0 333.2 0.7 14 178.5 32.7 362.5 192.2 0.9 14 2.2 1.7 267.0 333.1 0.8 14 2.2 2.3 471.9 332.8 0.9 11 111.8 177.7 470.2 333.4
000693,0.8 14 264.5 145.8 288.6 217.0 1.0 14 221.0 154.1 265.1 280.7 0.5 6 0.8 167.9 134.3 246.9 0.8 14 282.2 139.4 327.0 209.8 1.0 14 280.7 140.1 325.9 273.4 1.0 6 138.2 176.7 178.8 244.8 1.0 14 14.0 143.8 47.7 287.5 1.0 14 323.3 137.8 367.5 185.9 1.0 14 261.8 146.1 290.0 273.2 1.0 14 104.9 158.8 147.5 294.9 1.0 14 61.6 147.0 109.8 290.9 1.0 6 165.3 180.8 244.6 240.0 0.9 6 40.5 168.9 175.9 247.2 1.0 6 295.4 175.6 499.4 288.3
000696,1.0 14 173.7 286.4 195.0 317.6 1.0 14 104.0 247.3 120.7 282.7 0.9 0 11.8 86.2 430.0 215.9 0.8 0 100.9 86.5 430.1 214.5 0.6 3 155.5 285.4 307.3 332.7
000697,1.0 14 140.6 137.1 226.6 310.2 1.0 1 159.9 213.1 223.7 354.0
000698,0.8 15 143.1 2.2 228.1 366.4 1.0 15 59.2 352.5 131.4 437.2 1.0 14 65.9 210.5 98.7 248.7 0.6 15 143.7 0.6 297.1 366.2 0.9 15 151.3 183.8 249.3 365.8 1.0 15 205.1 204.8 296.9 356.4
000701,0.7 2 128.6 95.5 265.9 290.4
000703,0.6 18 2.7 151.0 288.2 442.7 0.9 18 1.9 196.2 288.4 442.8
000704,1.0 14 272.1 13.3 356.3 125.8 0.5 14 350.5 18.5 439.0 156.3 1.0 12 12.1 78.9 123.4 339.0 1.0 12 92.7 87.4 340.0 341.1 1.0 14 350.9 18.9 438.6 217.4
000706,0.6 0 49.5 288.6 111.6 327.7 0.8 0 11.3 107.4 73.9 152.6 0.9 0 141.6 247.3 196.3 281.3 0.9 0 122.0 164.0 176.5 206.2 0.9 0 224.7 189.1 287.4 231.1
000708,0.6 2 199.5 1.6 330.3 120.5 0.9 4 1.0 7.7 56.0 232.9 0.9 2 363.6 190.4 490.5 343.6
000715,1.0 14 196.5 56.5 246.9 149.7 1.0 6 27.8 96.9 463.6 354.6
000716,0.6 11 98.4 57.6 315.5 443.6
000718,1.0 1 0.6 1.4 206.2 206.4 0.9 11 143.1 21.5 356.2 374.0
000719,1.0 14 243.9 155.3 268.6 240.5 0.6 14 411.3 158.5 435.1 268.7 0.8 14 380.7 154.8 415.3 262.6 1.0 14 435.4 172.1 482.1 290.1 1.0 14 423.1 162.2 456.6 273.1 0.8 15 407.2 86.9 453.7 137.6 1.0 14 370.4 106.3 388.6 172.4 0.6 15 259.0 131.6 279.7 168.2 0.9 5 20.7 76.5 196.3 264.2 1.0 14 372.9 154.3 402.1 259.6 1.0 14 314.4 135.5 341.1 214.6 0.7 15 297.9 126.9 322.5 158.5 1.0 14 381.6 156.8 423.5 263.0
000721,0.5 14 223.8 149.2 245.6 169.4 1.0 6 94.1 135.7 433.2 273.4
000722,1.0 11 186.9 27.1 498.8 262.1
000723,1.0 14 397.9 207.4 464.5 352.6 1.0 14 319.7 196.8 363.8 329.3 1.0 14 74.7 186.8 95.1 243.6 1.0 14 0.8 198.8 34.0 374.0 1.0 5 96.1 126.7 456.4 268.2
000724,0.9 14 1.3 125.3 423.2 374.7 0.9 6 66.3 70.8 500.7 333.9
000725,0.9 9 177.9 159.7 213.9 217.1 0.9 9 70.0 164.5 117.0 215.8 0.9 9 256.5 168.6 285.0 214.2 0.9 9 353.6 150.6 389.5 207.6
000727,0.9 6 112.4 136.9 161.9 164.9 0.8 5 91.8 322.4 269.9 452.4 1.0 14 320.8 362.8 339.8 425.1 0.8 6 275.9 369.4 298.0 388.7 0.8 5 90.8 318.7 269.8 426.3 1.0 6 1.2 377.7 91.8 433.6 1.0 14 336.7 358.4 358.4 438.1
000732,0.9 18 1.5 243.2 334.0 453.5 0.8 18 52.3 241.4 334.9 454.1
000734,0.6 11 379.7 181.7 456.8 280.7 1.0 14 278.1 87.0 341.2 255.2
000735,1.0 14 356.7 174.2 391.9 242.3 1.0 14 146.0 117.4 198.4 259.0 0.6 18 55.5 24.1 502.0 286.0 1.0 18 67.5 45.9 500.7 277.3
000736,1.0 6 2.1 46.9 499.1 332.4
000737,0.7 15 437.7 165.1 499.4 282.4 0.6 14 107.9 231.1 132.5 278.1
000741,0.8 7 22.8 86.1 266.3 299.1 0.8 7 266.1 39.9 422.3 230.3 0.8 7 112.8 86.9 267.7 269.8 0.8 7 21.6 86.5 266.0 347.7 0.9 7 254.2 39.4 421.8 315.7 0.6 7 86.3 89.1 415.7 374.8 0.9 7 250.6 38.0 419.2 375.0
000743,1.0 18 148.7 23.8 463.9 340.7 0.6 6 52.8 304.0 87.5 321.8
000744,1.0 14 366.4 170.5 498.2 374.6 1.0 14 345.0 121.2 376.2 166.7 1.0 14 340.6 162.9 430.6 336.5 1.0 14 128.3 117.5 201.7 235.2 0.6 14 383.8 161.3 429.4 226.2 1.0 14 270.7 104.5 345.2 178.7 1.0 14 173.5 114.8 254.9 213.4 0.6 14 348.7 125.7 412.3 256.5 1.0 14 1.8 164.6 122.6 374.4 0.9 14 350.9 123.7 408.0 188.9 0.6 14 174.1 117.1 231.8 213.1 1.0 14 208.9 107.3 266.6 193.3 1.0 14 78.2 122.6 179.8 281.7 1.0 10 30.7 189.6 349.7 375.8 1.0 14 297.3 331.5 384.7 374.8 0.6 14 342.7 125.0 413.5 310.4 0.5 14 174.0 116.0 222.9 210.5 1.0 14 351.8 125.1 411.1 233.4
000745,0.6 4 5.7 72.8 52.9 149.5 0.9 10 1.3 43.9 480.7 293.8 0.5 15 282.0 0.8 398.2 55.4
000747,0.9 6 46.1 13.4 441.5 313.2
000749,0.9 8 321.9 63.5 459.7 373.6 0.5 8 197.7 60.0 301.7 121.4 0.8 8 197.1 61.9 307.3 255.5 1.0 8 63.3 107.4 231.8 310.9 0.6 10 73.4 111.0 467.9 374.9 0.8 10 190.3 113.1 468.7 375.1
000751,1.0 11 75.0 43.9 419.7 308.8
000757,0.8 14 444.0 33.3 468.8 81.8 1.0 6 52.6 28.2 481.1 332.4 0.5 6 244.7 1.0 291.3 16.3
000758,1.0 14 150.8 85.7 233.9 281.9 1.0 19 7.2 0.8 415.3 354.3 0.7 14 171.6 69.4 385.0 300.9 1.0 14 207.3 69.6 379.0 297.7
000759,0.9 11 125.9 109.9 490.7 353.2 0.8 11 123.9 109.0 497.0 374.9
000762,0.8 14 222.8 148.0 267.0 181.6 0.6 14 263.6 151.7 285.8 178.1 1.0 4 28.2 152.5 129.2 374.4 1.0 14 381.2 60.9 500.0 266.4 0.9 14 1.2 17.5 125.2 281.8 0.9 14 159.5 127.5 230.8 210.0 0.6 4 350.3 169.2 363.8 207.6 0.7 14 0.9 20.1 123.5 327.5 1.0 14 348.9 141.6 394.2 196.8 0.6 14 157.9 128.8 216.8 209.3 0.9 14 218.7 149.9 269.5 201.8 0.9 14 1.9 20.3 175.3 371.5 0.8 10 109.3 180.7 498.5 374.2 0.9 14 197.5 139.2 224.4 182.3 0.8 14 95.5 128.3 137.2 211.5 0.6 10 196.9 191.5 498.0 374.3 0.8 14 265.3 153.9 288.5 189.7 0.5 14 97.4 129.5 134.2 188.5
000765,0.6 14 0.9 3.4 260.6 358.1 0.9 14 2.0 2.3 297.8 374.5 1.0 14 0.6 2.3 451.6 374.6
000766,0.5 14 117.9 49.9 275.1 237.6 0.6 14 0.7 1.3 181.8 332.0 0.7 14 60.5 2.3 271.6 237.0 0.6 14 0.6 1.8 71.7 331.8 0.7 14 0.7 1.6 88.7 331.8 0.6 14 98.5 1.5 477.9 332.3
000769,0.6 14 432.1 10.3 497.4 167.9 0.7 14 399.9 11.8 498.8 298.7 0.8 14 2.9 2.0 478.2 331.6 1.0 14 179.2 2.2 479.4 332.0
000773,0.6 2 1.2 1.8 434.9 374.6 1.0 2 2.3 30.4 433.7 374.6 0.6 2 343.0 34.6 437.8 115.5
000775,1.0 13 81.6 261.7 443.4 463.4
000778,1.0 6 96.0 112.3 456.5 238.1
000779,0.8 16 188.5 83.6 304.8 270.6
000781,0.7 14 2.8 2.5 498.4 399.6 0.9 14 3.6 2.3 237.0 399.8 1.0 14 109.9 77.7 498.8 400.1
000783,1.0 14 200.4 57.5 326.5 261.4 1.0 12 111.8 91.9 437.3 413.1
000784,1.0 14 238.3 48.2 278.4 99.3 0.9 14 276.4 56.5 304.5 91.5 1.0 14 181.0 91.6 238.3 368.9 0.9 14 113.3 24.8 160.0 105.2 1.0 14 374.5 100.2 425.2 343.5 1.0 14 287.8 79.5 348.8 361.9 1.0 14 149.2 110.0 211.4 373.9 1.0 14 129.0 64.7 165.9 105.1 0.9 14 307.7 60.4 336.6 92.1 0.7 14 237.5 46.8 277.0 137.1 0.9 15 1.4 89.3 73.3 312.7 0.9 14 154.7 36.1 186.5 91.4 1.0 14 340.1 48.5 391.3 135.1 1.0 14 185.3 48.1 239.5 144.0 0.6 14 155.2 36.4 188.1 109.4 1.0 14 65.4 104.0 173.0 375.3 1.0 14 225.3 85.1 300.7 363.5 1.0 14 328.1 88.4 380.1 355.8 0.9 14 239.9 46.4 277.4 84.3 0.7 14 339.1 49.0 391.0 346.2 0.9 14 272.9 58.2 301.1 132.2
000785,0.9 7 1.3 47.2 291.8 316.7
000788,1.0 6 4.0 17.9 31.8 30.2 0.5 15 68.9 1.1 238.1 255.7 1.0 6 58.8 14.4 76.2 29.8 0.7 15 0.6 51.3 70.1 298.9 0.9 15 70.3 69.0 237.8 237.0 0.5 15 88.6 19.4 238.5 285.3
000789,0.9 16 280.1 159.2 360.8 231.3 0.9 16 158.3 165.2 234.1 228.6 0.8 16 272.1 113.9 307.8 147.1 0.9 16 61.7 147.4 150.1 245.3 0.9 16 233.9 178.2 327.7 250.3 0.8 16 229.7 104.3 250.9 114.7 0.8 16 250.9 97.0 275.3 110.8 0.9 16 347.7 116.5 384.2 145.7 0.8 16 293.3 112.3 314.1 139.9
000790,0.6 8 1.2 215.4 88.9 334.0 0.6 10 123.4 232.0 321.4 333.3 0.9 19 134.3 100.5 197.0 164.3 0.8 17 1.0 215.7 88.5 333.8
000792,0.7 3 166.2 403.8 216.8 463.6 0.9 3 242.4 427.1 284.9 461.9 0.9 3 95.2 424.3 142.0 451.7 0.9 3 177.4 1.6 281.1 460.0
000795,0.0 0 0.0 0.0 10.0 10.0
000798,1.0 14 61.9 121.8 262.4 332.1 1.0 17 2.0 105.5 500.5 331.7
000801,1.0 6 57.7 139.7 244.0 218.3
000803,1.0 7 110.7 85.9 251.3 257.1
000807,1.0 14 37.7 28.9 188.5 498.6 0.6 14 136.6 465.0 147.3 492.3
000809,0.6 14 217.1 143.7 240.0 177.2 1.0 6 0.9 119.7 131.3 201.3 1.0 6 30.8 124.5 483.5 272.5 1.0 6 297.3 118.4 500.1 209.3
000811,0.9 3 147.5 133.0 336.6 272.0
000813,1.0 19 65.7 48.3 398.0 370.7 0.9 19 65.8 41.5 409.8 500.1
000817,0.9 0 230.7 129.9 293.2 148.2 0.9 0 245.7 131.1 291.3 147.9
000819,0.7 14 71.7 14.3 322.5 332.0 0.8 14 43.4 13.1 322.0 384.4 1.0 1 28.6 157.4 332.9 387.7 0.6 14 75.2 13.6 322.0 337.4
000821,0.5 2 104.5 47.6 385.6 182.2 0.6 2 104.6 47.3 386.1 279.0
000824,0.9 14 74.6 110.7 181.4 265.8 0.6 18 3.7 105.4 488.3 326.2 0.9 18 60.4 103.7 488.3 323.1
000825,0.7 1 32.6 43.4 455.9 290.3 1.0 1 30.4 21.6 460.8 290.0 0.8 14 217.0 27.7 395.0 242.2
000833,0.8 18 10.7 8.3 448.5 391.1
000835,1.0 18 206.4 117.2 301.9 231.6 0.9 18 303.9 107.0 412.4 243.3 0.8 18 206.1 108.9 411.7 244.0
000836,1.0 14 70.8 98.8 222.3 299.6 1.0 12 95.5 157.1 214.7 415.4
000837,1.0 3 257.9 64.1 369.1 155.7
000838,1.0 2 195.7 87.6 359.8 341.1
000839,0.8 14 216.8 103.6 279.8 173.2 0.9 17 97.6 115.8 485.9 287.5 0.9 10 135.4 173.6 337.3 304.9 1.0 14 162.7 109.2 236.9 213.7 0.8 8 97.3 126.9 184.5 246.0 1.0 14 216.2 103.6 280.2 196.4 0.7 14 304.8 106.1 430.6 251.0 0.9 14 264.3 99.2 354.1 256.4 1.0 14 317.8 106.7 430.9 222.8 0.7 14 280.5 98.2 349.8 192.1 1.0 14 264.9 180.0 417.8 350.3 0.9 14 279.1 95.5 350.9 195.6
000840,0.9 15 241.3 166.2 263.0 190.8 0.6 17 1.0 180.3 288.2 323.0 0.6 19 431.8 24.0 499.6 147.1 0.9 15 335.5 74.0 393.7 136.1 0.9 17 1.1 179.1 285.1 342.2 0.5 14 169.7 219.6 280.3 256.9 0.5 15 335.8 72.9 373.7 135.4
000841,1.0 17 4.0 153.5 487.2 351.8
000844,1.0 6 66.6 67.7 394.7 289.3
000846,1.0 0 191.6 215.5 227.9 239.2 1.0 0 173.7 246.8 213.7 272.4 1.0 0 147.0 144.2 183.4 172.0 1.0 0 125.0 179.5 161.0 206.4 1.0 0 190.5 151.5 226.2 181.3 1.0 0 147.3 215.4 185.6 240.8 1.0 0 261.3 187.4 297.3 213.9 1.0 0 168.2 102.8 205.8 131.1 1.0 0 211.3 185.3 248.0 209.8
000852,0.7 2 248.6 90.0 393.0 146.8 0.9 2 249.4 12.3 392.9 114.4 1.0 2 23.1 21.4 247.1 203.2 0.5 2 327.5 109.8 393.5 147.0 0.7 2 247.6 68.2 477.8 147.4 0.8 2 249.9 12.1 462.1 114.9
000853,0.9 11 64.1 142.7 330.4 499.7
000856,0.9 8 383.5 162.4 500.1 259.6 0.7 8 6.4 145.8 154.7 290.9 0.6 8 1.9 144.9 154.1 375.2 1.0 14 74.3 65.4 313.9 374.5
000858,1.0 14 147.7 195.9 170.9 280.8 0.9 14 121.6 203.8 136.7 248.3 0.9 6 477.3 222.3 500.1 257.4 0.9 14 410.3 213.6 422.1 243.3 0.7 14 62.0 198.0 78.1 254.4 1.0 14 70.0 193.9 105.4 289.2 0.8 14 107.4 204.6 120.6 248.8 1.0 5 291.7 146.5 408.1 248.7
000861,0.7 14 22.8 121.1 90.2 210.9 0.9 14 1.4 2.3 266.0 238.9 0.7 14 146.1 5.1 318.5 238.3
000864,0.6 14 347.6 131.8 373.9 155.8 0.9 5 4.7 78.2 486.9 241.2
000866,1.0 14 193.3 105.9 274.1 296.7 1.0 12 136.9 160.3 371.0 374.4
000869,1.0 14 145.8 190.1 167.8 239.9
000870,0.9 14 62.3 72.0 311.8 326.9 1.0 14 2.6 171.1 222.6 375.0 0.9 10 169.0 275.9 500.1 375.4 0.9 14 198.3 145.4 416.1 374.2 1.0 14 254.3 148.1 418.2 318.0
000873,1.0 13 89.8 38.5 334.6 489.4
000875,0.6 18 0.6 134.2 79.6 242.1 0.6 16 315.9 153.8 331.0 190.2 0.7 16 279.0 168.4 303.8 201.6
000877,1.0 7 164.6 107.0 306.5 283.0
000881,1.0 6 247.0 156.5 430.2 256.6
000883,1.0 14 164.4 52.4 212.1 94.0 0.6 6 71.8 92.1 307.6 276.3 0.7 14 209.3 118.6 239.7 146.6 0.8 14 128.8 117.4 152.5 143.4 0.5 14 103.6 116.7 155.2 169.6
000884,0.8 16 1.1 108.5 283.1 333.8
000886,0.8 8 1.5 102.4 158.7 357.0 0.7 14 401.6 95.0 482.5 290.3 0.8 14 409.3 122.6 486.2 292.1 0.8 14 449.1 124.4 484.9 185.9 1.0 14 49.1 4.7 437.6 355.1
000890,0.9 15 329.4 193.4 398.2 308.8
000891,0.9 1 58.4 194.3 226.7 333.1 1.0 14 46.5 10.4 265.0 333.3
000893,0.8 4 88.7 150.3 109.0 204.9 0.8 4 75.9 221.7 91.1 256.9 0.7 19 76.9 352.6 276.4 409.0 1.0 4 76.7 220.8 93.2 256.5 1.0 4 71.5 157.1 87.8 205.1 0.8 4 93.9 219.5 109.7 254.7 1.0 4 55.1 157.0 71.4 205.8 0.6 4 83.8 221.6 97.3 255.1 0.7 19 3.0 2.3 307.7 496.7 1.0 4 58.9 221.2 75.4 256.6 0.7 4 95.1 218.5 111.2 254.0 0.9 4 111.2 218.7 127.6 253.8 0.6 19 68.6 354.7 277.0 486.8
000894,1.0 6 4.8 90.1 34.4 106.0 0.8 13 85.8 88.5 269.7 409.3
000897,0.9 11 241.7 89.2 363.5 332.3 0.9 11 72.4 124.0 272.2 318.4 0.8 11 70.7 132.6 206.9 321.6 0.8 11 241.9 87.1 376.2 332.2
000901,0.7 14 295.6 227.0 373.9 328.3 1.0 14 23.7 19.9 226.5 331.2
000905,0.0 0 0.0 0.0 10.0 10.0
000907,1.0 14 126.0 165.0 182.6 224.0 1.0 14 193.5 144.7 246.2 224.4 0.8 14 235.4 143.2 344.1 263.4 0.9 14 220.6 142.0 304.8 259.2 0.9 14 292.4 144.0 343.0 229.7 0.7 14 224.6 142.8 305.3 230.4
000909,1.0 14 132.1 175.4 252.5 499.0
000910,1.0 14 22.8 98.1 198.2 501.4 1.0 14 171.7 78.6 257.9 500.2 1.0 14 174.0 74.1 373.5 500.5 1.0 14 243.5 236.7 375.3 495.6
000913,0.6 14 1.0 217.1 65.3 338.8 0.8 14 1.2 216.6 184.7 377.2 0.6 14 1.1 217.3 138.5 374.6 0.8 11 0.5 1.3 306.1 237.2 0.6 14 0.9 218.4 74.7 376.5 0.9 14 2.2 151.4 190.9 362.6 0.5 14 1.4 2.3 405.9 376.6 0.9 14 140.5 201.9 417.9 376.0
000914,0.7 3 61.4 269.6 266.9 390.6 0.6 3 0.2 2.7 369.4 496.2 0.7 3 63.9 315.8 265.5 390.7
000916,1.0 14 118.3 109.3 158.0 245.3 1.0 14 2.4 116.5 22.2 161.2 1.0 5 99.5 38.5 499.5 329.1 1.0 14 63.2 118.0 80.8 147.6
000922,0.6 14 112.1 173.9 135.7 219.8 0.7 18 17.4 114.0 88.3 161.5 0.9 18 130.3 109.7 243.3 223.4 1.0 14 243.3 56.8 347.4 345.6
000924,0.9 14 0.9 195.6 14.9 264.3 0.7 6 480.3 210.9 500.2 243.6 0.5 14 158.8 189.4 176.4 208.4 0.8 5 153.9 133.3 266.4 268.3 0.7 5 0.6 149.0 42.4 262.3 0.9 5 18.0 135.7 163.4 268.7 0.9 5 283.5 131.6 398.1 270.9
000925,0.6 16 34.8 101.3 215.0 341.0 0.6 16 309.1 102.7 457.2 336.0
000927,0.6 14 288.3 156.6 361.9 279.5 0.8 14 272.7 157.7 365.2 294.4 1.0 14 80.6 1.7 320.8 331.3 0.8 14 1.0 1.7 120.2 330.6 0.5 14 83.4 1.4 473.8 331.5 0.7 14 264.5 158.5 365.4 322.0 1.0 14 282.7 157.5 474.0 331.3
000928,0.5 14 273.4 1.4 498.8 262.6
000930,1.0 14 173.6 70.6 335.1 253.7 0.9 1 138.5 152.9 345.3 280.9
000932,1.0 6 34.7 107.9 492.8 302.0
000933,0.0 0 0.0 0.0 10.0 10.0
000938,0.9 10 1.6 264.8 160.1 374.8 0.9 15 133.5 102.9 206.7 204.5 0.7 8 109.2 305.7 167.2 374.7 0.8 8 22.9 304.4 164.1 374.7 0.8 17 216.2 170.0 283.3 241.2 0.7 8 96.5 194.7 232.4 315.1 1.0 8 215.8 171.8 281.2 240.8 1.0 8 312.4 185.7 432.3 319.9
000939,0.9 4 173.3 396.9 262.8 500.1 1.0 4 113.1 368.1 201.6 482.5 1.0 14 1.6 56.3 350.7 499.2
000940,0.5 14 0.3 194.2 147.2 375.7 0.8 14 131.4 87.5 222.4 183.6 0.8 14 0.9 72.4 101.0 209.2 0.6 14 88.7 88.4 229.5 351.9 0.6 8 148.7 175.2 248.7 350.0 0.8 14 131.5 89.0 230.6 303.1 0.6 14 129.4 88.0 225.2 253.3 0.8 14 1.0 72.2 51.6 185.5 0.9 14 1.0 73.2 142.9 373.9 1.0 14 190.4 85.9 443.0 374.4 0.8 14 132.5 87.0 228.8 352.1 0.5 8 165.7 182.9 391.5 345.3
000941,0.6 17 298.7 188.3 487.9 396.0 0.9 17 11.5 185.3 491.3 395.1
000942,0.7 14 330.7 119.8 356.1 145.3 0.8 18 61.3 128.2 479.9 267.8 1.0 14 220.8 189.0 263.9 257.4
000944,0.9 8 117.2 245.6 271.4 375.9 1.0 14 226.3 96.9 372.5 374.2 0.6 0 365.7 66.1 500.2 172.2
000945,1.0 6 54.1 77.3 428.1 233.3
000952,1.0 14 17.7 92.3 250.5 332.3 1.0 14 191.9 99.6 413.6 332.2
000953,0.8 19 204.6 192.5 363.9 349.9 0.7 15 398.6 229.0 499.3 374.9 1.0 15 221.5 101.0 270.6 134.7 1.0 8 22.6 189.0 124.2 345.4
000955,1.0 14 145.5 63.4 382.0 331.2
000956,0.6 14 177.0 55.6 431.0 267.0 0.9 14 174.8 57.4 499.5 374.4 0.6 14 225.2 58.8 501.7 374.8
000957,0.6 16 94.1 11.8 362.0 364.0
000959,0.8 14 2.2 10.5 199.1 332.9 1.0 14 200.4 20.0 368.4 191.3 1.0 14 100.4 106.8 283.9 332.7 0.8 14 64.4 10.2 199.5 163.2 1.0 14 1.2 98.2 144.4 333.0 1.0 14 227.7 107.0 378.6 314.5 0.7 14 333.1 84.0 499.4 285.4 1.0 14 331.7 82.3 499.4 331.8
000960,1.0 2 194.2 276.3 354.8 376.7 0.9 2 15.5 40.7 138.4 92.1 1.0 2 356.7 308.5 478.1 389.2 1.0 2 77.5 295.4 210.2 369.7 0.6 2 11.6 162.8 100.4 284.1 0.9 2 303.2 102.1 451.7 232.0 1.0 2 295.3 10.6 403.3 129.5
000961,0.7 6 315.9 124.3 375.2 192.6 0.8 19 128.4 354.6 214.8 468.3 0.9 6 345.3 128.9 375.4 196.5 0.7 6 296.3 130.1 312.9 157.0 0.9 19 180.3 247.2 228.1 298.7 0.9 17 3.1 256.8 180.0 499.7 1.0 6 316.7 121.8 370.2 172.2 0.5 19 127.3 355.9 223.2 469.9
000963,0.8 11 1.9 2.0 498.1 332.6
000968,1.0 0 18.3 62.3 472.0 232.1
000969,1.0 14 2.1 2.4 329.2 374.8 1.0 14 254.6 2.6 499.7 373.8
000970,0.7 18 1.5 63.8 500.2 376.8 0.7 18 0.5 61.4 353.7 374.3 0.7 18 2.0 59.8 424.4 345.6 0.9 18 345.6 126.1 416.9 209.0
000974,1.0 8 3.2 248.9 140.4 334.0 1.0 19 19.6 122.7 149.5 228.6 0.7 8 235.9 212.8 323.2 307.2
000975,0.9 11 112.0 59.9 484.6 460.1
000976,0.8 4 192.1 91.1 311.1 387.6
000978,0.7 12 1.1 170.9 60.1 346.3 1.0 14 66.6 2.0 256.4 374.4 0.9 14 191.3 2.2 395.3 374.3 0.9 14 189.0 1.9 486.2 374.6
000979,0.8 14 0.9 138.4 72.3 398.8 0.8 13 98.7 259.0 197.0 397.2 1.0 14 95.6 167.1 188.9 360.7 0.5 13 114.7 258.9 196.7 398.2 1.0 14 0.8 156.9 70.9 401.7 0.8 14 142.0 259.7 188.7 390.1
000981,0.8 14 55.7 18.6 258.8 499.6 1.0 14 55.8 18.3 332.4 499.8
000983,0.7 15 107.0 309.4 289.1 488.1
000984,1.0 6 235.0 299.2 321.2 348.1 1.0 6 195.7 322.8 234.8 351.1 0.8 14 68.5 321.7 78.8 354.1 1.0 14 67.2 311.5 124.7 498.1 1.0 6 0.7 325.6 38.1 362.2 0.6 14 67.0 321.0 77.1 354.6 1.0 4 66.5 4.3 205.1 474.5 1.0 14 44.4 322.9 58.2 358.4
000985,0.9 6 2.3 2.3 500.4 355.9 0.6 6 2.8 47.2 500.5 356.7
000986,0.8 14 327.2 69.7 356.4 100.3 0.6 9 352.8 146.3 422.9 221.9 1.0 12 140.5 116.5 295.1 263.2 1.0 14 170.3 63.6 278.0 224.1 0.7 9 51.9 128.0 199.0 213.2 0.5 9 263.4 177.1 389.5 292.4 0.8 14 328.0 69.2 357.6 134.8
000988,1.0 14 74.4 54.2 408.2 374.5
000990,0.6 14 439.6 103.6 499.1 333.0 1.0 14 399.1 131.5 447.9 180.7 0.6 14 380.6 119.5 413.6 167.5 0.9 14 1.1 117.0 54.6 184.8 0.8 14 2.7 33.1 271.6 333.9 1.0 14 2.4 32.5 231.6 333.9 0.9 14 1.5 115.9 105.2 234.7 0.5 14 398.5 123.1 443.2 179.3 1.0 14 218.4 28.9 459.2 334.2
000992,0.9 16 434.9 197.2 498.9 267.9 0.9 16 136.8 205.5 219.8 297.5 0.9 16 359.8 198.0 439.1 281.3
000994,1.0 19 41.1 124.1 154.5 225.5 0.5 17 213.8 147.6 468.2 374.6
000995,0.5 3 1.2 146.3 288.5 311.9 0.8 3 410.7 118.2 499.7 329.6 0.8 3 1.8 103.4 285.6 311.1 0.8 3 2.2 65.9 285.6 310.8 0.5 3 432.7 251.7 499.5 331.7
000998,0.9 7 0.2 70.2 246.9 500.9 0.9 7 1.0 70.4 333.1 500.6
001000,1.0 11 3.1 4.8 494.2 323.7
001003,1.0 6 115.3 101.2 355.2 278.8
001005,1.0 6 37.8 148.2 272.5 257.9
001006,0.9 2 180.7 141.9 311.1 248.7 1.0 14 1.3 247.2 71.8 374.4
001007,1.0 19 131.0 112.5 379.0 295.8 0.6 19 131.4 109.7 378.1 332.4
001013,0.6 16 86.7 228.9 113.5 274.4 0.5 16 22.1 217.6 66.5 301.4 0.9 12 220.3 13.1 500.2 331.7
001016,1.0 18 201.9 131.4 487.4 252.0
001019,1.0 7 1.3 2.9 374.6 403.2
001020,1.0 14 75.8 52.4 289.0 499.8
001021,0.5 17 131.7 31.1 477.3 375.9 0.7 4 77.8 220.6 119.2 285.4 0.9 14 0.6 50.5 183.4 280.0 0.9 14 1.3 51.3 185.6 372.0 1.0 14 196.1 33.5 409.7 375.1
001022,1.0 6 6.1 139.9 490.5 292.5
001023,0.9 8 110.8 248.8 183.4 301.8 0.6 10 13.3 191.4 344.9 305.8 1.0 10 2.8 292.6 413.7 399.5 0.9 8 442.4 273.3 498.7 399.3
001025,0.5 19 27.6 38.6 104.0 155.1 0.5 14 1.7 66.7 373.7 498.9
001026,1.0 11 69.5 233.7 228.7 407.8 1.0 14 92.3 1.8 203.9 246.0 1.0 14 157.6 86.2 327.6 410.7 0.5 14 158.8 86.2 279.5 409.9 1.0 11 204.8 54.9 332.8 183.8 0.9 14 199.7 1.6 288.1 98.8
001029,0.7 8 38.6 43.0 199.2 187.5 1.0 19 241.6 45.2 453.9 232.5
001030,0.8 14 223.5 204.3 259.8 247.7 0.9 14 451.7 173.3 468.5 214.5 0.7 18 40.2 79.3 500.3 260.3 0.5 18 37.5 77.0 269.2 261.3
001031,1.0 14 45.2 48.6 228.3 208.1 0.9 13 43.6 118.2 310.6 451.0 0.7 13 83.0 174.1 309.4 452.2 0.9 13 76.1 172.3 309.9 450.8
001032,0.7 7 96.8 2.0 498.6 374.9
001033,1.0 14 146.3 94.9 309.8 395.4 1.0 1 164.1 236.1 317.4 473.5
001034,1.0 6 198.6 211.8 453.4 323.4
001035,0.6 14 0.6 264.1 131.8 374.8 0.9 8 303.5 157.6 393.8 300.5 0.8 14 0.8 1.8 90.7 235.5 0.7 8 1.6 210.0 126.8 374.2 1.0 10 1.4 140.1 237.2 360.9 0.6 14 0.5 1.9 130.0 373.8 1.0 14 211.1 55.4 328.8 335.2 1.0 14 310.0 62.6 423.9 342.4
001037,0.6 16 14.1 117.1 115.2 219.8 1.0 14 51.9 22.9 150.2 139.3
001038,1.0 14 160.3 87.3 457.1 410.4
001039,1.0 19 296.3 150.4 357.7 216.5 0.7 8 176.5 227.5 246.9 327.0 0.8 19 380.9 157.9 446.1 230.8 1.0 8 172.9 228.0 294.5 375.3 0.7 19 173.1 152.9 215.4 202.1 0.9 19 223.5 153.8 273.5 213.1 0.5 19 375.1 155.6 449.6 241.8
001040,1.0 14 377.1 197.9 484.0 332.8 1.0 14 125.7 124.8 232.3 332.6 0.9 14 214.1 111.6 365.7 332.5 0.9 14 213.6 112.2 413.0 332.0 1.0 14 231.0 228.5 353.2 332.7
001044,0.8 9 27.1 38.4 334.4 144.5
001046,1.0 0 3.6 115.6 430.2 240.0
001047,1.0 4 94.0 16.7 107.5 57.5 1.0 4 41.5 213.9 64.4 248.6 0.9 4 66.8 16.4 79.1 58.0 0.9 10 3.4 223.8 313.6 375.9 1.0 14 73.6 50.0 214.6 241.7 0.7 4 94.1 17.5 107.2 57.5 1.0 14 217.8 59.8 338.5 247.7 1.0 14 293.2 2.7 476.4 335.6
001048,0.6 7 0.9 18.2 340.4 372.3 1.0 7 174.2 87.6 373.9 244.5
001049,0.7 2 103.1 73.4 254.7 160.9
001051,1.0 2 239.9 84.6 321.7 299.5
001054,0.9 11 100.2 70.9 332.1 436.9
001055,0.6 8 326.6 130.6 499.4 334.2 1.0 14 139.4 103.7 433.7 334.4
001058,1.0 6 9.3 101.5 448.4 241.5
001059,0.9 3 285.3 272.7 374.7 289.4 0.9 3 127.5 246.3 263.9 291.4
001063,0.6 6 387.6 255.1 479.7 317.4 1.0 14 191.0 59.4 313.5 317.3 0.8 12 68.7 176.1 472.7 317.8
001065,0.7 14 2.5 2.3 243.1 373.8 0.8 14 1.8 2.3 331.4 374.1 0.8 14 1.8 60.2 329.6 374.5 1.0 14 193.4 69.5 499.6 365.2
001067,1.0 14 174.1 41.2 282.3 324.7 1.0 14 88.7 44.7 219.8 374.2 0.5 14 1.2 46.3 179.8 373.3 0.6 17 0.2 100.0 186.5 311.2 1.0 14 246.2 19.1 388.4 280.5 0.8 10 132.5 236.5 499.1 375.1 0.5 4 246.2 114.7 273.5 173.1
001070,0.9 15 270.3 3.8 325.6 115.3 1.0 15 168.9 11.6 255.6 119.3 1.0 15 170.7 217.6 283.1 325.7 0.6 15 349.3 267.2 414.4 385.9 0.9 15 362.6 49.3 457.1 169.0 1.0 15 360.8 216.3 454.8 285.4 1.0 15 284.2 134.1 355.3 210.3 1.0 15 282.5 223.5 364.0 332.7 0.5 15 232.3 49.6 270.6 118.8 1.0 15 94.8 78.2 184.8 219.9 0.9 15 358.1 51.3 459.1 224.5 1.0 15 270.4 4.4 370.3 214.4 1.0 15 179.0 128.7 280.9 215.0 0.9 15 117.8 332.0 232.7 400.8 0.7 15 78.8 161.1 171.7 336.0 1.0 15 97.6 9.6 174.2 94.2 0.9 15 88.0 81.6 184.2 331.9 0.6 15 401.1 263.5 480.9 356.1 0.9 15 269.7 2.8 460.9 225.3 0.9 15 232.3 337.2 302.6 401.0 0.9 15 270.7 3.4 377.0 114.6 0.9 15 271.9 3.4 382.2 115.7
001075,0.9 3 314.7 75.9 391.5 121.7 0.8 11 223.4 145.7 407.7 232.3
001076,0.6 14 104.7 112.6 255.8 375.0 0.7 3 418.8 82.1 490.7 118.7 0.9 3 29.3 84.9 215.9 137.8 1.0 14 102.7 111.5 327.2 375.1
001080,1.0 6 136.6 214.2 192.3 259.4 0.9 0 38.7 48.3 362.7 233.6
001081,0.6 19 400.7 153.1 495.4 275.1 0.8 19 397.2 152.4 460.8 219.9 0.9 8 142.7 177.0 273.5 374.8 0.5 10 246.6 190.4 500.0 374.3
001085,0.6 14 178.3 2.9 196.2 51.7 0.5 14 215.7 11.9 232.3 39.1 0.5 6 91.1 57.2 156.4 116.3 0.5 14 476.6 2.0 499.1 83.7 0.8 14 320.0 1.0 350.2 19.0 1.0 14 440.9 1.6 482.3 110.1 0.8 14 201.9 11.2 221.0 44.8 0.9 14 424.7 1.7 449.4 104.6 0.9 14 414.4 5.0 429.1 55.2 0.7 14 251.2 2.9 274.3 19.7 1.0 14 397.3 4.0 417.4 46.8 1.0 14 131.3 1.4 174.2 75.4 1.0 14 105.5 1.4 136.2 63.8 1.0 14 1.7 0.8 89.2 203.6 1.0 6 81.3 15.1 443.8 309.9 0.7 14 96.2 1.1 133.5 140.2 0.7 14 177.1 2.1 196.5 53.1 1.0 14 424.3 1.3 448.3 60.0
001086,1.0 4 303.4 228.1 367.1 374.5 1.0 14 1.1 38.2 245.0 362.1 1.0 14 298.4 48.5 500.2 365.6
001087,0.0 0 0.0 0.0 10.0 10.0
001088,0.0 0 0.0 0.0 10.0 10.0
001089,1.0 1 10.5 84.6 456.7 357.1
001090,0.6 6 19.9 151.6 346.8 285.6 1.0 6 18.3 153.0 473.7 284.7
001094,0.9 18 37.8 167.5 193.4 207.8 0.8 18 39.6 163.0 344.9 209.7 0.9 18 203.3 167.4 344.0 208.2
001095,1.0 14 176.7 120.6 240.1 259.7 1.0 14 201.7 170.1 282.7 258.7 1.0 14 276.0 132.8 361.1 346.7
001096,1.0 1 151.3 145.5 368.3 323.7 1.0 14 178.2 42.7 336.3 234.2 0.6 14 226.1 46.2 336.5 231.3
001098,0.7 7 47.8 23.1 332.4 499.4 0.9 7 40.8 20.7 374.9 499.9
001099,1.0 14 70.4 258.7 87.6 302.5 1.0 14 412.0 240.6 434.0 317.9 1.0 14 89.2 244.7 108.9 299.9 0.5 0 109.0 94.4 402.1 327.9 1.0 14 434.1 242.1 463.8 320.3 0.8 0 108.2 95.0 498.2 307.3
001100,0.9 9 148.1 147.4 271.8 290.6 0.8 9 151.4 149.9 498.3 291.9
001103,0.7 11 135.4 116.6 330.6 372.6
001105,1.0 14 441.7 39.3 499.8 375.7 1.0 4 83.4 184.7 113.2 253.1 1.0 4 123.1 172.9 146.3 245.5 0.9 15 1.6 109.0 96.9 263.2 1.0 14 200.9 84.5 425.4 374.3 0.8 10 1.7 216.9 379.3 376.6 0.7 4 123.1 173.1 142.8 241.9
001108,1.0 14 218.3 162.2 318.8 374.2 1.0 14 90.4 119.9 240.2 375.6 0.7 14 273.0 64.0 430.2 375.0 1.0 14 270.9 61.4 499.8 374.3
001111,1.0 6 106.5 246.9 169.5 291.0 1.0 6 184.6 257.7 207.5 272.5 1.0 6 88.5 250.7 117.9 281.1 1.0 6 384.5 243.8 427.6 272.3
001114,0.9 12 204.6 112.7 397.2 303.0
001115,0.5 18 417.8 107.9 500.1 260.5 0.9 18 1.1 112.1 87.0 231.9 1.0 18 99.1 109.4 422.4 246.8
001116,1.0 14 35.2 28.8 497.9 357.2
001117,0.8 19 182.5 36.6 280.5 155.6 1.0 17 3.7 202.6 471.7 375.0
001118,1.0 14 438.6 1.2 485.7 58.4 0.9 14 182.1 1.1 238.2 93.1 0.9 14 98.8 2.8 225.4 324.8 1.0 14 12.2 5.7 227.8 325.9 0.8 14 13.2 35.1 222.2 326.1 0.5 14 421.0 233.4 493.4 325.1 0.9 14 207.2 89.7 408.7 326.2 1.0 14 205.9 88.2 490.4 325.7
001120,0.9 9 218.8 185.5 279.8 232.8 0.9 9 406.5 207.8 468.6 258.0 0.7 9 8.0 123.7 45.9 150.6 0.9 9 118.1 159.0 166.0 194.4 0.9 9 282.1 191.7 352.8 241.6
001122,0.9 2 75.3 19.0 345.8 499.2
001123,0.9 11 194.3 25.2 440.0 299.3
001126,1.0 0 160.0 69.4 343.5 276.4
001128,0.6 8 1.3 0.5 91.5 117.6 1.0 7 1.4 83.6 300.1 299.4 0.5 7 241.3 71.6 388.0 163.7
001131,1.0 11 79.0 27.4 418.0 267.5
001132,0.9 7 17.8 90.8 381.8 280.3
001133,1.0 14 181.4 190.1 270.2 374.1 0.7 14 182.7 190.7 269.8 322.2 1.0 14 70.0 201.6 189.7 374.4 0.9 14 2.5 205.8 147.1 365.0 1.0 17 3.0 210.0 416.5 374.0 1.0 14 259.8 161.4 404.7 374.9
001134,1.0 13 176.3 187.9 304.6 276.9 0.7 14 373.5 147.4 397.3 190.0 1.0 13 62.8 176.2 141.2 298.1
001135,1.0 6 146.1 78.2 393.5 258.3
001138,0.6 10 3.0 230.1 205.4 375.2 1.0 19 147.2 154.4 190.9 203.3 0.6 8 148.4 200.2 222.6 360.0 1.0 19 257.9 149.1 294.2 189.9 1.0 19 0.9 163.7 26.3 226.1 0.7 8 63.0 211.4 108.5 252.7 0.9 8 149.9 197.5 222.8 269.6 1.0 19 379.9 147.3 418.8 196.0 1.0 8 269.9 188.1 344.2 287.7 1.0 8 150.9 254.7 218.8 370.5
001139,0.9 8 1.3 156.7 63.7 317.2 0.5 8 87.7 130.7 159.0 267.7 1.0 8 1.3 159.8 153.7 349.6 0.9 10 0.5 137.4 143.0 344.9 0.8 8 38.7 174.1 151.9 343.8 0.8 15 5.0 98.6 48.0 149.3 0.9 10 128.5 156.1 354.6 374.6
001141,1.0 14 148.9 118.0 175.5 211.9 1.0 14 11.9 191.8 54.5 310.1 1.0 14 54.7 191.5 97.6 308.6 1.0 14 214.9 116.3 242.5 207.5 1.0 14 173.6 125.5 197.3 201.2 0.9 3 355.9 76.4 416.2 111.8 1.0 3 257.7 196.2 411.0 367.6
001146,0.0 0 0.0 0.0 10.0 10.0
001150,1.0 14 1.1 0.7 201.1 184.8 0.6 11 1.7 96.3 393.2 376.5 0.7 14 243.1 2.1 391.4 217.3 0.5 14 1.5 1.9 203.0 374.0 0.9 14 68.7 1.5 391.5 374.0 0.9 11 178.9 96.3 401.7 374.9
001153,1.0 0 126.8 198.4 360.5 269.1
001155,0.7 3 365.9 261.8 499.6 373.6 0.8 3 18.6 1.5 321.0 336.5 0.9 3 19.7 132.9 327.5 338.6 1.0 14 349.7 208.3 468.9 371.4
001157,1.0 14 462.2 1.5 499.6 86.2 1.0 14 427.7 1.5 464.5 79.8 1.0 13 10.3 58.1 440.4 286.0 0.8 14 438.6 245.5 490.0 332.5
001159,0.9 14 242.9 245.5 313.4 343.9 0.5 14 178.0 40.4 228.1 123.1 0.5 14 149.3 41.3 232.4 185.9 1.0 17 26.1 231.7 474.0 371.5 1.0 14 242.4 284.9 313.1 344.7
001162,1.0 15 167.7 15.0 249.4 118.5 0.6 15 393.7 45.8 426.1 86.6 0.6 15 1.1 8.7 75.7 111.6 1.0 17 193.5 121.6 491.7 333.3
001163,0.7 8 2.0 141.4 68.6 287.3 0.8 8 117.1 126.5 174.6 194.0 0.7 17 49.8 182.2 319.1 372.0 0.9 17 352.2 182.4 499.2 358.4
001165,0.9 1 115.1 309.2 191.1 346.8 1.0 14 277.3 248.9 313.4 357.7 1.0 14 252.4 239.6 284.2 356.1
001167,1.0 4 1.0 93.7 56.1 355.9 0.7 4 141.6 323.2 154.8 356.7 1.0 14 1.8 5.3 162.9 347.0 0.8 4 160.1 164.7 208.5 356.5 1.0 14 203.8 21.2 477.6 356.0
001169,0.6 10 266.8 269.6 453.5 332.9 1.0 14 103.7 45.9 330.0 184.5 1.0 14 107.7 123.2 257.6 321.8 0.8 14 141.7 60.7 196.7 125.8 1.0 14 233.4 124.6 381.8 286.8
001173,0.7 14 0.9 55.7 140.5 332.6 1.0 14 1.2 54.9 365.6 332.6 0.8 7 340.0 46.9 496.7 287.4
001177,1.0 14 101.6 130.1 269.3 267.5 1.0 4 15.5 116.8 87.0 371.7 1.0 14 203.1 117.2 461.8 348.2
001178,0.8 18 1.2 126.5 338.7 177.5 0.9 18 2.2 128.3 322.3 175.6
001179,0.5 19 110.0 111.0 172.2 166.4 0.8 8 1.4 189.7 143.5 376.0 0.6 19 327.9 173.5 493.5 347.7 0.8 8 271.1 147.8 345.1 294.5 1.0 10 15.6 162.7 274.9 374.7 0.7 19 65.0 1.0 187.2 68.3 1.0 8 176.3 150.8 341.8 374.5
001180,0.8 14 235.8 154.6 332.9 498.9 0.9 14 39.2 115.9 182.5 499.8 1.0 14 40.3 114.1 332.5 500.1 0.9 19 208.1 146.0 301.6 188.0
001181,1.0 2 120.3 103.2 265.4 235.2
001183,0.9 12 80.4 161.5 191.3 280.6 1.0 12 135.5 122.3 351.9 355.1 0.8 12 80.0 161.6 164.1 280.8 1.0 14 230.8 89.3 284.9 252.7
001188,0.6 3 1.3 46.1 84.1 86.1 0.8 3 404.4 65.4 444.6 82.3 0.9 3 376.8 99.0 415.1 120.0 0.9 3 328.5 95.1 361.4 119.9 0.9 3 472.1 88.7 500.1 117.1 0.6 3 446.7 3.9 500.1 174.0 1.0 3 54.0 110.3 133.2 158.9 0.9 3 287.7 94.4 316.1 122.5 0.8 3 467.7 2.8 500.0 107.5 0.9 3 452.3 132.9 500.0 173.9 0.9 3 131.5 101.4 167.7 134.5 0.9 3 178.2 193.3 246.7 257.5 0.8 3 343.6 63.3 380.5 84.0
001189,1.0 8 260.5 259.2 343.6 421.6 1.0 8 46.6 253.5 131.1 416.1 0.7 8 84.0 246.1 114.8 286.8 1.0 10 104.3 270.3 278.6 459.3 1.0 8 142.7 275.6 248.1 462.0
001190,0.6 11 86.6 161.0 416.7 375.0
001193,0.7 1 1.5 3.0 371.5 499.9 0.8 1 1.5 35.8 374.7 500.5
001195,1.0 11 138.2 52.7 326.8 320.9
001196,1.0 2 91.3 117.0 286.0 406.5
001197,1.0 17 32.4 27.9 489.6 317.5
001198,1.0 14 476.9 80.5 500.4 228.3 0.6 6 77.3 38.7 386.8 369.6 0.9 6 0.4 38.5 413.1 370.9 1.0 14 376.4 103.7 405.6 158.1 0.9 14 360.1 114.2 380.5 147.8
001202,1.0 11 1.2 157.3 248.4 252.5 0.9 11 224.4 35.5 390.9 233.4
001208,0.5 2 69.0 246.3 219.1 340.3 0.5 14 4.2 3.8 329.0 273.6
001210,1.0 14 225.3 216.9 251.8 304.1 1.0 14 280.5 192.8 298.3 268.1 0.9 14 0.7 209.0 15.5 281.7 0.8 15 88.4 145.0 135.3 300.2 0.5 15 53.3 240.4 101.2 304.2 1.0 14 2.7 202.3 44.9 302.9 1.0 14 197.6 201.9 221.9 274.1 1.0 14 279.5 264.3 303.7 314.5
001213,0.8 1 235.0 384.9 362.4 467.8
001216,1.0 7 116.2 131.0 198.2 231.4 0.9 7 314.8 63.3 382.4 160.3
001217,0.8 11 274.7 257.8 481.2 374.6 0.8 11 32.4 146.3 222.3 330.3 0.9 17 9.7 2.0 493.0 373.7 0.7 11 34.3 86.5 497.8 338.0 0.8 11 198.4 92.0 499.5 326.7 0.6 11 201.8 158.2 499.7 375.3
001218,1.0 5 21.1 73.8 470.7 280.7
001219,0.9 14 420.8 144.9 482.0 306.3 0.9 14 401.9 154.8 424.5 205.7 1.0 14 472.5 157.2 500.2 224.4 0.8 14 418.7 144.1 480.8 245.2 0.8 14 402.6 155.1 423.4 187.6 0.7 14 402.4 155.8 425.4 241.1 0.9 14 422.4 144.2 481.3 219.5
001220,1.0 11 2.8 124.7 378.5 374.6 0.9 14 47.0 2.7 326.5 373.9 0.9 14 7.4 2.7 426.5 373.8 0.9 17 2.5 56.5 425.7 374.9
001222,0.6 6 105.2 150.9 245.6 199.1 1.0 14 6.3 187.6 45.9 282.3 0.7 6 98.8 145.0 246.8 253.3 0.8 14 1.0 187.7 46.5 355.2 1.0 6 113.7 183.2 475.4 325.1
001223,1.0 0 14.5 119.5 487.7 254.1
001227,1.0 14 105.4 306.6 136.8 376.9 1.0 14 280.5 303.0 311.6 348.1 0.6 14 142.1 306.2 177.5 351.1 0.6 3 1.3 0.9 375.5 424.2 0.9 14 48.0 297.9 84.4 378.0 0.5 14 140.9 305.8 166.4 368.1 1.0 14 185.2 320.8 229.7 389.7
001228,1.0 14 304.7 23.7 360.2 240.0 1.0 14 139.3 29.6 195.4 234.7 1.0 14 67.7 28.9 131.0 232.8 0.9 14 415.3 11.2 495.1 221.5 1.0 14 180.5 43.7 286.7 239.4 1.0 14 0.9 48.7 38.2 259.5 1.0 14 262.4 36.7 316.5 241.2 1.0 14 212.9 28.6 277.3 240.1 1.0 14 18.1 39.4 106.9 254.2 0.8 14 179.0 39.5 200.0 64.6 0.5 16 211.7 213.7 307.5 345.6 1.0 14 344.0 1.1 480.1 241.1
001232,0.9 11 128.1 31.4 380.8 317.6
001235,1.0 2 137.8 119.0 208.2 266.5 1.0 2 317.2 153.9 407.0 313.0
001238,1.0 14 174.1 145.2 258.6 315.0 1.0 1 188.5 233.3 249.0 356.5
001242,1.0 14 2.9 9.9 307.7 333.1
001243,0.5 14 64.1 1.1 89.3 33.6 0.5 14 15.3 237.5 91.4 499.9 1.0 14 88.4 16.8 275.8 488.0
001244,0.8 14 124.4 115.2 243.5 289.0 0.6 4 210.6 118.9 222.4 165.2 1.0 8 2.0 155.3 63.4 267.9 1.0 14 357.0 60.7 500.4 374.6 0.8 4 457.8 22.1 492.5 110.8 1.0 14 19.9 114.4 237.5 358.2 0.6 4 462.8 20.6 492.0 88.3 0.6 4 79.6 97.4 90.1 121.4 0.5 14 18.1 120.2 162.1 359.3 0.9 8 287.2 227.9 386.8 374.0 1.0 14 257.3 1.8 462.8 374.4
001245,0.7 13 181.6 154.4 282.0 246.2 0.5 14 60.4 153.5 75.8 186.5 0.6 12 1.0 123.7 36.1 218.8 1.0 14 192.3 141.2 224.1 194.5 0.8 12 186.7 100.5 353.3 250.2 0.9 12 233.8 99.6 354.6 250.8
001246,0.9 6 94.8 178.8 427.6 255.4 0.6 14 317.3 203.1 471.1 375.6
001249,0.9 7 36.1 314.1 342.8 471.9
001251,0.6 14 337.6 154.6 373.1 244.6 0.7 14 0.6 65.1 71.1 306.0 1.0 14 129.4 93.9 159.9 127.2 0.6 14 1.1 12.6 162.3 333.0 0.9 14 155.8 90.9 188.1 126.8 0.8 14 0.8 66.0 28.1 148.0 1.0 14 0.9 12.4 104.2 332.4 1.0 14 111.2 9.0 348.1 332.6 0.9 15 378.7 96.0 423.9 223.8
001252,1.0 6 58.3 86.7 432.0 347.6
001253,0.7 14 0.7 99.0 107.4 360.4 0.9 10 59.3 365.6 375.8 500.2 1.0 14 251.4 80.6 375.3 498.7
001255,0.8 15 303.0 2.1 499.8 373.0 1.0 15 1.3 8.7 221.4 374.7 0.6 15 228.4 1.7 497.9 374.0
001256,1.0 14 226.7 168.2 262.6 217.2 0.5 1 404.4 180.2 500.0 324.4 1.0 14 387.6 192.7 433.2 352.6
001257,0.0 0 0.0 0.0 10.0 10.0
001261,0.7 14 338.8 101.6 491.0 374.9 1.0 14 76.2 128.6 321.6 375.2 1.0 14 2.4 22.1 223.6 374.6 1.0 14 264.0 99.8 489.0 374.8
001262,1.0 2 43.0 36.1 363.1 395.7
001264,1.0 13 67.9 23.8 446.4 348.6
001267,0.7 14 117.3 207.8 143.3 258.9 1.0 6 126.4 206.2 181.8 240.9 0.9 14 199.7 212.0 228.6 268.3 1.0 14 103.3 208.1 124.2 257.5 0.9 14 232.1 197.3 272.6 266.3 1.0 6 317.9 200.9 500.7 295.4
001271,1.0 14 169.0 1.6 218.8 66.2 0.9 14 17.9 66.8 46.7 133.3 1.0 14 24.8 1.2 107.9 142.0 0.6 16 442.5 1.6 500.0 134.4 1.0 14 0.9 3.7 32.9 184.4 0.6 16 46.6 22.5 499.2 373.9 1.0 14 306.2 1.6 407.2 123.3 0.9 16 294.5 56.1 347.2 132.7
001275,0.9 2 90.4 169.9 129.0 230.3 0.8 2 305.2 95.7 327.8 121.7 0.9 2 111.4 75.9 133.1 102.1 0.8 2 32.0 90.7 51.3 119.0 0.9 2 317.3 121.2 348.2 162.9 0.9 2 292.9 156.6 339.6 207.6 0.9 2 145.6 132.1 175.5 171.5 0.9 2 176.0 80.2 195.8 111.1 0.9 2 366.7 143.8 401.9 192.9 0.9 2 96.7 97.6 117.3 136.4 0.9 2 399.3 113.0 421.7 149.7 0.9 2 248.3 83.7 274.1 117.8 0.8 2 346.3 121.7 389.2 155.0 0.8 2 292.2 160.2 331.5 207.9 0.9 2 16.5 125.5 39.2 164.6 0.9 2 69.2 138.2 101.2 178.4 0.6 2 62.1 113.5 85.0 146.4 0.8 2 264.2 136.4 299.2 163.9 0.8 2 139.2 81.9 156.3 116.0 0.5 2 9.3 89.9 29.6 117.1 1.0 2 165.0 124.1 245.8 282.6 0.9 2 204.0 78.0 237.3 103.9 0.9 2 223.8 144.0 285.1 211.9 0.6 2 350.4 130.6 405.6 192.9 0.9 2 324.8 208.6 401.8 277.3 0.7 2 330.8 95.3 356.0 119.8
001276,0.8 8 5.0 214.7 188.8 375.3 0.8 8 134.4 174.8 235.2 335.0 0.5 8 14.9 162.8 199.1 374.5 0.6 15 222.9 140.8 252.0 183.3 0.8 8 463.3 162.5 500.3 281.7 0.8 8 399.6 173.0 475.5 296.4 0.9 8 2.5 166.7 234.4 375.2 0.7 8 343.9 164.2 402.8 265.8 0.9 8 104.0 164.2 232.3 333.4 0.9 8 314.7 159.4 402.1 269.2 0.9 15 38.8 150.4 84.0 216.1
001278,0.7 14 10.7 89.6 35.8 124.6 0.5 18 1.9 2.1 499.2 354.7
001280,1.0 6 73.1 80.1 478.1 299.9
001282,1.0 14 29.3 62.7 235.1 333.3 1.0 14 239.2 38.1 396.2 334.3
001283,1.0 6 233.5 148.7 377.9 199.5
001285,0.8 14 285.8 117.9 324.6 167.8 1.0 13 79.7 127.1 247.7 258.1 1.0 13 206.7 132.7 456.6 290.8
001291,0.9 6 7.9 11.5 495.3 363.3
001295,1.0 4 73.5 1.9 312.9 498.9
001296,1.0 13 69.0 95.4 406.8 331.8 1.0 14 184.6 45.6 338.7 295.1
001297,0.8 19 121.3 217.3 326.2 343.2 0.7 14 1.5 86.1 337.2 498.0 0.8 17 2.7 134.1 360.9 498.9 0.6 14 115.1 85.1 325.3 499.5 0.9 14 116.7 84.7 341.9 499.6
001300,1.0 12 82.5 102.6 252.8 424.2
001301,1.0 14 387.9 2.7 499.7 374.3 0.8 14 384.2 5.2 443.0 373.7 0.8 14 102.2 1.9 321.7 126.2 0.7 13 21.4 75.2 330.0 374.8 1.0 13 19.9 38.0 357.9 375.2 0.9 14 309.4 19.1 417.2 373.0 0.8 14 346.9 12.7 441.6 373.8 0.6 14 302.8 15.0 440.2 373.7
001302,1.0 8 1.8 216.8 157.7 375.1 0.8 15 1.1 1.1 81.1 213.5 1.0 8 165.2 92.9 239.1 158.4 0.7 8 36.1 219.5 200.3 374.7 1.0 10 5.2 149.1 488.2 375.6 0.9 8 263.4 89.1 340.4 155.5 0.9 8 187.4 225.7 353.2 375.0
001303,0.8 14 0.3 2.5 366.2 374.4 0.6 14 0.4 2.6 417.8 374.8
001305,1.0 0 49.8 110.4 381.6 245.1
001306,1.0 11 172.7 134.6 286.6 208.0
001307,0.6 14 246.8 89.3 268.0 136.3 0.9 14 180.6 55.8 243.6 130.6 0.9 1 243.3 119.4 284.7 162.0 1.0 14 384.5 62.7 474.6 333.2 0.7 14 59.0 72.9 73.2 105.8 0.8 1 271.1 137.7 377.3 268.8 0.8 14 220.2 60.0 245.5 129.2 0.7 1 184.9 144.0 268.0 269.1 0.9 14 342.3 93.9 362.8 140.5 0.9 14 378.6 82.9 408.9 134.4 1.0 14 279.8 78.6 302.3 154.3 0.9 14 179.3 55.5 265.3 257.7 0.9 1 270.5 177.6 346.1 268.3 0.8 14 0.9 82.3 16.9 158.9 0.9 14 354.1 80.6 372.4 137.6 0.8 1 209.4 271.5 306.3 334.4 0.9 1 15.2 112.3 55.7 176.9 0.5 1 261.5 120.6 290.6 161.9 1.0 14 22.1 7.3 272.4 333.8 0.8 14 460.0 78.2 499.4 123.3 0.7 14 20.8 6.4 212.4 333.7 0.8 14 170.3 66.7 193.9 96.1 0.8 14 290.9 65.1 354.2 195.1 0.9 14 288.2 64.8 356.3 242.7 0.5 14 376.9 82.9 409.5 176.4
001308,0.6 6 435.0 49.0 471.5 78.2 1.0 6 110.4 68.7 484.2 375.3 1.0 6 396.9 53.9 475.1 106.5
001313,0.0 0 0.0 0.0 10.0 10.0
001317,0.9 12 16.4 12.0 178.3 256.9
001318,1.0 5 30.0 202.1 161.1 277.7 1.0 5 207.8 180.9 367.2 255.3
001319,0.7 8 406.7 167.1 498.7 374.6 1.0 8 69.6 206.9 252.3 374.9 1.0 14 113.2 99.4 263.7 343.1 0.8 19 222.7 130.5 436.1 374.3
001320,1.0 14 233.9 55.7 304.8 214.3 1.0 12 170.1 91.9 404.3 293.7
001321,0.7 6 372.5 132.4 451.1 285.5 0.6 6 229.2 112.0 389.7 230.7 0.8 6 1.0 123.5 197.4 228.6 0.9 6 1.8 97.8 388.4 272.9 0.9 6 1.7 97.4 451.4 285.9
001322,1.0 11 1.9 13.8 499.1 374.3
001328,1.0 11 125.0 110.3 315.4 312.6
001329,0.9 1 287.2 241.2 402.3 334.0 1.0 14 61.4 154.9 83.6 191.9
001331,0.8 6 395.9 129.7 467.6 197.4 0.9 6 447.0 126.7 500.2 227.3 0.7 6 78.6 148.7 407.9 304.5 0.9 6 75.6 32.1 406.1 307.1
001335,0.6 14 444.7 161.6 458.1 199.6 1.0 6 0.7 184.6 94.6 268.0 0.7 5 149.3 58.8 436.9 287.1
001336,1.0 14 122.1 30.7 298.0 249.0 1.0 1 71.0 148.1 331.4 265.9
001338,1.0 19 249.7 59.1 340.4 129.8
001339,0.5 14 1.9 2.2 498.3 356.6 0.8 14 1.6 1.4 142.1 342.8 0.9 11 51.9 5.9 455.1 322.4 0.6 11 111.0 16.0 453.6 301.6
001340,0.9 11 328.7 272.8 499.6 375.0 0.8 11 233.9 222.7 395.6 375.6 1.0 14 91.3 137.3 255.4 374.3 0.9 8 208.8 45.3 408.7 260.6 1.0 14 223.6 106.8 339.4 373.4 0.9 14 225.7 105.5 396.8 374.5
001342,0.8 3 180.7 77.7 217.4 99.0 1.0 3 197.3 126.5 269.9 155.4 1.0 14 345.4 171.2 487.3 322.4
001344,0.7 16 59.4 56.4 376.9 374.0
001347,0.9 14 114.3 65.9 350.7 374.2 0.9 14 111.6 63.3 453.0 374.4 0.9 14 201.7 59.5 488.7 359.9 1.0 4 247.5 262.4 275.6 324.2 0.8 14 202.8 59.9 449.4 357.3 0.6 14 267.5 62.7 489.3 359.8
001349,0.9 4 89.3 322.7 134.6 374.7
001351,0.9 14 399.0 84.9 500.3 374.4 0.5 8 180.7 285.5 269.2 375.2 0.7 8 205.5 160.5 267.7 268.0 1.0 14 47.4 138.9 149.0 348.9 1.0 14 127.0 175.6 250.9 372.6 0.8 14 331.2 84.3 500.6 374.4
001353,1.0 11 118.4 106.5 342.2 332.6 1.0 14 0.9 27.6 100.1 332.3 1.0 14 90.9 1.7 368.7 331.8
001354,1.0 14 178.5 30.6 264.9 220.5 0.9 4 96.8 201.0 122.9 279.5 1.0 4 338.6 264.5 376.8 360.7 1.0 14 110.9 45.2 189.6 220.0 1.0 14 1.9 46.4 161.4 257.1 0.9 10 4.2 207.8 478.0 361.1 1.0 14 194.2 65.6 370.9 261.6 0.9 8 365.0 170.8 428.5 265.6
001355,0.9 3 0.9 171.9 43.8 214.0 1.0 3 71.8 1.2 498.4 372.8
001356,0.6 14 457.0 53.3 494.5 136.8 1.0 6 0.8 54.6 99.0 197.9 1.0 6 25.2 74.2 499.3 297.5
001357,0.6 13 281.2 110.8 444.6 343.1 0.7 13 36.6 157.3 341.9 349.8 1.0 14 118.0 26.7 228.9 226.6 0.6 15 1.4 1.1 63.3 84.3 1.0 13 37.7 106.6 443.2 349.0
001358,0.9 14 135.6 151.3 282.2 280.3 1.0 6 343.6 3.7 414.2 39.3 1.0 14 0.8 44.5 23.5 184.1 1.0 14 114.7 49.3 143.2 88.3 1.0 14 50.2 89.6 158.6 289.8 0.6 14 131.0 48.3 389.2 278.1 0.5 14 183.1 151.0 282.2 278.3
001359,0.8 18 195.2 94.5 378.2 270.0 1.0 18 188.0 48.5 376.5 268.0
001363,0.8 14 362.4 103.5 437.6 338.8 0.7 19 176.8 33.5 491.9 316.9 1.0 14 232.8 101.3 295.0 183.3 0.6 19 2.1 24.3 496.6 363.7 1.0 19 1.3 34.0 179.0 315.3 1.0 14 302.5 106.3 360.1 185.8 1.0 14 361.5 103.4 435.2 196.9
001366,0.6 14 67.1 161.6 108.1 322.9 0.9 14 315.8 170.9 367.7 331.3 0.8 14 296.1 166.1 326.5 293.8 0.6 14 289.6 172.7 336.0 329.9 1.0 14 216.3 151.6 261.3 275.3 0.7 14 72.6 160.3 104.7 210.2 0.9 11 97.5 262.7 137.3 329.0 1.0 14 61.7 178.4 124.8 325.6 1.0 14 266.2 150.7 294.6 282.7 0.8 11 286.4 271.1 321.8 330.6
001367,1.0 8 71.6 266.9 285.7 375.0 0.9 19 115.1 67.2 266.7 231.8 1.0 19 273.1 60.1 441.0 223.8 0.6 8 163.2 269.1 283.9 375.4
001368,1.0 14 99.3 30.8 294.9 311.4 0.7 10 2.4 299.4 375.0 499.6 0.6 10 40.8 376.5 378.9 500.3
001369,1.0 6 20.1 46.5 333.5 429.9
001370,0.8 14 261.5 71.7 333.3 431.0 0.9 1 200.7 194.5 314.0 458.4 0.9 1 199.9 198.2 291.9 462.0 0.7 14 25.8 45.2 194.1 494.2 0.9 14 24.9 47.9 142.9 295.1 0.6 14 129.5 74.4 225.4 371.6 1.0 1 49.9 215.9 188.0 499.0 0.6 14 26.2 48.0 222.8 416.0 0.6 14 24.6 46.4 169.6 433.5 0.6 1 50.8 203.2 299.2 502.3 0.6 14 200.8 55.8 281.3 447.1 1.0 14 200.7 55.7 333.2 428.2
001372,0.9 14 296.7 76.8 333.5 241.4 0.9 14 268.2 99.7 293.7 144.6 1.0 14 183.8 69.0 300.0 480.5
001373,1.0 0 10.2 66.8 493.7 210.7
001374,0.9 19 230.7 218.6 284.7 254.7 1.0 17 318.4 206.9 500.2 374.8
001376,1.0 6 11.1 230.4 38.3 247.8 1.0 14 199.3 186.3 308.7 374.7 1.0 6 382.5 243.0 426.6 273.2
001377,0.8 3 269.7 161.1 314.8 256.3
001379,0.9 6 32.0 30.5 478.9 336.6
001380,0.6 15 396.4 182.6 491.5 319.3 0.9 2 102.1 182.3 149.9 300.1 0.9 15 150.6 235.5 197.9 288.4
001381,0.8 7 111.4 21.6 380.9 328.5 0.9 7 113.1 15.3 497.6 331.8
001382,1.0 14 51.6 241.0 75.7 311.6 1.0 6 420.3 255.6 500.0 330.5 0.9 6 433.0 231.4 475.2 273.4 0.8 6 17.2 237.2 75.1 284.9 1.0 14 1.1 238.4 26.5 313.7 1.0 14 78.8 233.3 103.8 297.1 0.9 6 279.0 248.3 329.8 286.7 0.8 14 51.6 240.3 75.3 311.6 1.0 6 97.2 227.4 286.7 327.0 1.0 6 309.2 230.0 448.4 278.6 1.0 6 295.8 260.4 426.8 329.4
001389,0.9 7 219.9 161.6 460.5 341.6
001391,0.9 15 357.0 9.9 442.4 132.6 0.9 17 31.5 174.0 349.3 374.4 0.5 15 359.0 11.2 418.1 90.4
001392,0.8 19 382.6 21.2 499.9 181.6 0.5 7 45.0 67.8 296.9 275.7 1.0 7 43.7 67.9 491.0 336.6
001394,1.0 3 42.8 98.0 110.8 130.9 0.9 6 136.8 35.7 500.9 288.3
001396,1.0 14 229.6 202.9 258.4 280.8 1.0 14 284.6 198.9 315.5 299.5
001398,1.0 12 19.5 5.6 248.3 175.0
001399,1.0 2 180.3 192.3 241.3 278.1 0.6 2 121.5 206.4 181.3 254.3 0.8 2 123.4 206.5 181.3 249.3 1.0 2 121.9 205.8 182.2 299.3 0.8 2 179.2 192.8 269.9 284.7
001401,1.0 7 113.2 124.3 431.6 277.5
001403,0.8 1 225.7 166.2 278.9 241.8 0.7 1 129.6 176.7 167.3 228.2 1.0 1 50.1 174.1 116.2 227.0 1.0 14 373.1 130.3 420.0 269.5 1.0 1 368.0 191.5 480.7 266.7 1.0 14 318.2 133.2 349.3 259.2 1.0 14 97.9 130.9 134.7 228.9 1.0 14 227.5 116.7 268.5 242.8 1.0 1 132.1 175.0 210.0 234.9 1.0 14 66.2 139.9 99.0 228.7 1.0 14 185.0 125.8 236.4 278.5 0.9 1 398.3 192.9 478.3 265.9 0.6 1 238.1 170.2 279.7 241.3 1.0 14 330.0 135.9 378.7 274.8 0.9 1 257.5 171.1 328.0 247.4
001407,0.9 8 427.1 277.7 499.9 374.8 0.7 8 36.6 244.5 101.0 328.8 1.0 8 65.8 314.3 179.2 374.6 1.0 8 11.0 225.9 57.4 311.0 0.9 8 35.6 289.0 116.8 374.4 0.9 8 34.6 244.5 104.6 374.5 0.7 8 108.9 291.0 177.1 374.4 0.5 8 38.3 241.9 100.5 295.9 0.6 4 228.0 226.6 240.8 254.1
001410,0.8 3 287.1 6.8 327.8 22.1 0.6 3 211.0 1.4 250.3 32.0 1.0 3 27.8 1.6 96.1 97.5 0.7 3 301.0 63.4 358.1 89.8 0.5 3 300.2 73.5 356.7 91.9 0.9 3 431.3 34.0 498.9 59.8 0.5 3 210.4 20.0 247.0 32.0 0.8 3 160.0 2.9 190.9 76.9 0.9 3 188.7 49.2 344.8 255.2 0.8 3 31.2 70.1 97.1 94.2 0.9 3 367.3 45.2 428.9 78.2 0.7 3 301.2 74.0 358.0 92.2
001411,1.0 14 3.0 87.5 150.7 256.4 0.7 14 88.6 18.4 499.6 332.4 1.0 14 163.7 17.5 498.3 332.2
001412,1.0 14 213.4 82.6 299.4 286.4 1.0 12 177.9 103.7 395.0 287.2
001415,0.8 2 359.9 256.8 417.1 301.0
001416,0.7 16 1.0 108.8 118.1 298.1 0.8 16 302.2 71.3 499.1 321.0 0.5 16 74.2 143.1 320.3 311.5 0.9 16 2.8 73.3 180.9 185.5 0.5 16 0.6 144.6 319.5 328.1 0.7 16 1.1 109.7 119.1 250.2
001417,0.8 14 344.3 29.6 372.9 81.4 1.0 14 185.6 45.1 301.0 200.9 1.0 12 107.4 77.2 369.5 370.0 0.5 14 310.3 24.4 351.2 93.9
001419,0.8 14 289.6 3.2 332.8 140.8 1.0 14 47.4 30.3 182.1 257.9 0.8 4 45.7 263.7 107.0 447.4 0.7 4 20.3 265.6 111.2 469.8 1.0 14 134.5 18.7 333.1 408.4
001422,1.0 6 75.0 92.7 457.7 270.4
001423,0.5 14 126.7 63.3 283.6 332.9 1.0 14 124.5 62.8 225.2 332.0 0.8 14 126.0 62.0 380.6 332.5 0.8 14 274.5 61.7 380.8 328.1 0.8 14 192.8 99.5 324.5 332.9 0.6 14 315.9 62.5 381.4 196.5
001424,1.0 14 189.8 360.0 204.7 409.0 1.0 14 146.0 338.3 170.6 415.5 0.6 5 318.3 346.7 349.9 393.4 0.8 14 0.7 315.0 18.6 427.6 0.8 14 212.9 370.4 225.3 406.1 0.9 5 265.9 317.6 318.5 400.8
001425,1.0 2 207.7 178.8 383.2 304.0
001428,0.9 7 153.1 193.1 391.8 350.1 1.0 6 253.0 147.0 396.6 221.5
001429,1.0 4 451.6 73.5 491.6 184.5 0.7 4 420.3 95.6 462.7 188.9 0.8 14 0.9 57.4 391.5 372.4 0.6 4 452.4 71.2 488.1 145.9 1.0 14 1.6 56.7 499.2 372.0 1.0 4 421.3 95.0 470.5 228.1
001431,1.0 4 14.1 126.9 92.3 285.5 0.8 10 9.9 113.2 494.4 360.9 1.0 14 303.9 1.8 421.0 164.2
001433,0.5 3 14.6 117.7 117.8 213.6 0.6 0 19.0 113.6 405.2 260.6 0.8 0 10.5 15.0 484.4 261.8 0.9 0 17.9 83.2 480.7 246.0
001435,1.0 6 3.8 252.6 248.2 344.2 1.0 6 137.7 208.2 327.6 267.4 0.6 14 134.1 152.1 149.0 172.6 1.0 6 400.2 170.2 483.4 210.4 1.0 14 132.7 170.1 154.5 226.0 0.5 14 208.6 149.2 221.1 175.3 0.9 6 457.3 178.2 490.0 211.0 0.7 14 186.4 166.7 203.0 181.9 0.5 14 437.4 148.7 451.0 173.7 0.9 14 440.2 147.8 455.8 172.9 0.7 14 426.8 152.3 441.0 176.6 1.0 6 226.7 179.6 341.9 225.9 1.0 6 16.2 171.4 101.8 208.2 0.9 14 454.9 152.7 468.9 171.9 1.0 6 310.8 174.3 373.1 205.8 1.0 6 151.0 179.8 250.9 222.2 0.7 6 106.1 169.8 148.2 200.5 0.6 6 154.8 178.0 339.0 224.5 1.0 6 244.2 233.4 456.7 311.2 0.7 14 63.1 160.5 82.8 177.3
001437,0.5 15 1.2 58.4 167.6 276.8 0.8 15 72.1 58.5 162.5 244.2 0.7 15 1.0 56.7 55.2 269.4 0.7 14 211.6 45.8 311.9 125.1 1.0 15 1.3 58.2 157.0 275.9 1.0 14 140.9 41.4 405.8 323.0
001438,0.9 4 155.9 173.5 218.7 256.4 0.8 14 1.1 1.5 51.8 107.7 0.8 10 7.3 113.0 365.3 469.1 0.9 4 23.8 130.9 87.0 228.5 1.0 14 147.4 7.9 356.9 260.2
001440,1.0 2 48.9 72.7 394.6 302.0 0.8 2 281.3 73.0 397.3 295.4
001446,0.8 14 106.3 185.0 213.3 295.0 0.9 14 105.1 185.2 238.2 343.8 1.0 13 116.2 213.2 281.1 384.5
001447,1.0 14 162.5 37.6 323.0 291.1 1.0 13 141.2 121.5 412.1 318.8
001448,1.0 14 151.6 244.4 210.5 399.0 1.0 14 0.6 239.1 20.4 417.8 1.0 14 7.7 230.6 157.1 499.2 0.6 12 150.3 64.2 352.4 411.4
001449,0.8 18 187.0 83.4 281.8 231.0 0.8 18 194.1 83.5 281.0 216.4 0.9 18 2.4 84.9 164.7 228.3 0.8 18 323.7 78.5 442.4 219.0 0.9 18 319.1 78.6 445.6 250.6
001452,0.9 12 88.2 258.9 217.6 499.5 1.0 14 95.8 137.0 225.1 348.5 0.8 15 279.3 199.1 303.9 240.4
001454,0.9 14 236.8 167.2 301.8 308.1
001456,1.0 4 118.6 77.2 184.1 330.9 0.9 4 44.4 65.6 110.3 331.5 0.9 4 46.3 64.4 107.7 221.0 0.6 14 263.4 2.0 419.9 331.6 1.0 14 261.4 2.0 498.7 331.5
001458,1.0 17 108.5 122.1 390.5 300.3
001459,0.9 14 115.6 184.3 140.3 210.2 1.0 19 1.0 112.8 55.3 204.8 0.7 19 111.1 159.8 159.6 215.2 1.0 14 133.7 120.3 258.9 375.7 0.6 14 131.3 169.4 150.3 200.9 0.7 15 247.8 1.1 479.3 374.2 1.0 14 248.4 125.0 374.2 374.6
001461,0.7 19 194.3 5.0 301.0 103.6 1.0 17 137.9 177.0 412.2 373.6
001462,0.0 0 0.0 0.0 10.0 10.0
001469,1.0 15 292.6 268.9 375.0 386.1 1.0 15 271.7 330.8 329.6 394.3 0.8 14 110.1 100.8 198.7 276.9 1.0 14 111.2 100.6 193.8 463.2 0.9 15 191.3 309.5 270.0 431.4
001471,0.9 15 111.5 196.4 135.7 227.5 0.8 9 166.4 125.9 307.3 395.6 0.9 15 20.9 195.4 48.6 234.3
001473,1.0 14 44.5 226.0 66.6 249.0 1.0 14 67.8 101.6 213.5 500.2 1.0 14 183.7 86.5 333.1 500.1
001474,0.6 3 105.8 38.7 464.3 139.2 1.0 14 374.1 17.4 428.9 117.2 0.9 3 106.1 82.6 463.6 135.8
001476,0.8 13 115.0 111.9 178.8 144.1 1.0 14 458.5 110.1 485.0 162.5 0.9 14 74.3 97.8 91.0 137.0 0.8 14 201.8 54.7 298.1 175.3 1.0 14 31.1 95.7 48.2 140.6 0.8 6 330.8 101.5 408.1 131.5 0.9 13 80.5 113.9 116.6 143.4 1.0 14 200.3 54.5 307.9 242.8 0.6 13 312.4 116.3 346.5 144.1 0.9 14 68.4 98.0 84.2 138.6 1.0 13 198.1 140.5 319.1 271.0 0.9 14 64.4 99.0 79.9 138.5 0.8 6 293.4 100.1 340.2 122.0
001477,0.6 16 110.4 189.9 212.1 314.9 0.8 16 16.3 2.1 71.8 80.3 0.9 16 110.8 173.3 226.1 312.0 0.9 16 44.2 202.1 200.2 345.0 0.9 16 180.9 79.0 453.5 280.3 0.9 16 111.4 172.3 225.6 258.9 0.9 16 365.1 87.9 456.8 206.7
001478,1.0 15 240.3 120.7 425.1 306.6
001482,1.0 14 146.6 144.1 233.3 375.3 1.0 14 0.9 194.3 47.5 374.7 1.0 14 74.6 172.4 163.1 374.6 1.0 14 204.1 159.4 309.3 374.9 1.0 14 278.4 141.0 381.9 374.6
001487,0.5 3 229.2 129.2 274.6 150.1 1.0 3 229.3 114.6 277.2 148.5
001489,0.9 4 179.2 161.6 207.5 245.0 1.0 4 128.3 180.6 163.2 263.7 0.8 8 1.4 81.3 121.4 139.1 0.7 14 300.0 242.7 471.9 332.7 0.8 4 151.2 177.6 178.5 251.5 0.9 4 327.5 59.4 345.9 107.4 0.9 8 200.9 45.2 297.5 101.9 0.9 10 102.7 87.7 498.0 332.1 0.9 10 3.1 86.2 497.8 332.5
001491,1.0 6 443.3 107.8 500.2 260.6 1.0 6 0.9 95.0 200.2 228.9 1.0 6 100.0 97.1 433.7 264.8
001495,1.0 14 103.4 76.6 424.3 374.7 0.8 1 2.5 175.0 499.4 375.4
001496,1.0 1 76.1 177.5 203.3 303.7 0.8 14 171.8 1.2 286.7 136.2 1.0 14 386.3 38.4 493.7 216.1 1.0 1 361.1 109.6 497.1 234.8 0.7 14 170.2 1.4 290.1 156.8 0.9 1 159.6 51.1 234.3 147.8 1.0 14 88.4 106.6 209.4 293.6 1.0 14 230.0 52.9 354.4 234.1 1.0 1 214.4 129.7 346.1 262.2
001500,0.8 7 347.5 250.7 499.8 369.6 1.0 19 205.9 51.6 349.5 176.9 1.0 19 56.5 131.2 161.9 278.9
001502,1.0 14 150.5 62.1 324.2 294.4 1.0 13 113.8 172.3 378.1 373.5
001503,1.0 14 292.7 156.0 338.4 218.1
001505,1.0 0 326.9 164.6 357.3 191.8 0.8 0 329.8 104.1 499.3 189.4
001506,1.0 14 373.4 102.4 477.2 334.2 0.7 1 258.5 106.9 353.7 293.5 1.0 14 42.8 117.7 127.6 323.5 1.0 14 188.3 68.2 283.8 357.6
001507,0.9 11 52.0 0.9 340.2 278.8
001508,0.7 12 118.8 266.8 316.4 499.6 0.9 12 116.5 243.5 374.9 498.4
001511,0.6 14 406.6 71.6 419.3 99.8 0.8 14 387.4 72.1 402.3 99.9 1.0 14 481.0 73.6 500.3 170.9 0.6 14 395.4 72.0 409.1 99.8 0.6 14 402.1 72.3 415.2 99.6 0.6 14 348.6 71.3 364.6 90.3 1.0 6 15.2 42.1 489.1 274.6 0.9 14 387.8 73.5 405.1 100.8 1.0 14 415.5 73.1 434.9 105.6
001513,0.7 8 317.3 229.5 465.4 375.0 0.8 19 345.3 119.2 459.2 205.9 0.6 19 212.4 225.1 286.1 300.5 1.0 19 50.9 226.2 172.3 341.8 0.7 19 50.0 227.9 173.1 373.6 0.9 17 316.9 228.9 466.0 375.1
001516,1.0 14 419.9 30.5 483.0 222.1 1.0 14 412.8 18.3 439.7 71.2 1.0 14 343.0 27.1 376.2 111.6 1.0 14 1.0 18.7 62.2 206.1 1.0 14 299.8 12.2 349.1 128.3 1.0 13 32.2 36.9 449.2 316.0 1.0 14 386.8 47.6 417.3 95.9 0.9 14 410.7 19.5 441.5 181.1 0.8 14 375.7 39.1 394.5 99.2 0.9 14 378.7 40.4 399.0 95.8
001518,0.8 19 308.7 48.3 409.9 195.6 0.6 17 74.8 165.4 222.7 249.0 0.8 17 37.1 152.9 185.3 238.2 1.0 17 139.0 191.7 367.0 311.2 0.9 17 77.5 167.6 243.6 248.8 0.7 19 203.8 50.5 407.0 195.6
001519,0.9 8 33.8 247.9 130.5 342.7 0.5 8 31.9 248.8 130.7 394.0 0.8 10 74.8 327.1 277.5 499.1 0.9 17 185.4 282.3 327.5 480.6
001520,0.8 7 3.7 115.9 452.0 290.7 1.0 7 1.4 114.6 453.5 374.7
001525,1.0 6 155.2 150.6 321.0 224.6
001527,1.0 3 99.1 132.2 170.5 161.4 1.0 3 228.6 137.0 282.3 164.8 1.0 3 321.5 137.0 436.0 167.9
001530,0.5 2 12.4 53.0 499.9 333.9
001533,1.0 14 347.8 184.7 499.9 375.0 0.6 1 1.8 142.2 80.8 291.9 0.6 1 245.9 183.8 353.5 330.4 1.0 14 103.1 132.2 196.1 291.2 1.0 14 293.0 63.2 365.2 310.1 0.9 14 254.7 187.2 497.9 374.1
001534,1.0 8 155.6 200.8 230.7 283.5 0.9 8 253.5 274.6 340.8 337.4 1.0 8 84.4 266.0 170.3 322.9 0.9 8 1.4 267.7 72.5 312.7 0.9 10 1.6 302.8 327.6 375.5 0.8 8 242.9 276.6 341.5 375.0
001535,0.8 6 282.3 144.8 402.2 224.6 1.0 6 228.1 143.2 404.0 230.7
001538,1.0 14 278.1 220.0 298.6 268.6 1.0 14 373.6 224.6 393.0 289.0 1.0 14 444.6 223.7 484.3 324.6 1.0 14 417.3 217.0 449.7 321.0 0.6 14 26.2 238.9 42.1 259.1 1.0 14 470.4 223.2 494.6 311.9 1.0 14 393.8 225.8 414.3 281.8 0.5 15 97.1 192.5 126.4 256.3
001540,0.7 15 195.1 228.0 269.0 310.3 0.5 10 125.4 277.6 307.8 373.2 0.7 8 0.6 215.5 157.0 372.6 0.7 19 199.3 178.8 299.0 251.1 0.9 17 1.1 214.2 157.1 367.9 0.7 15 225.5 228.6 265.2 292.0
001542,1.0 7 9.1 98.7 432.5 305.5
001546,0.8 19 110.1 186.3 381.6 325.1
001547,0.6 0 60.0 134.3 261.3 211.3 1.0 0 58.5 103.2 461.8 210.7 0.6 0 222.5 104.2 464.4 207.7
001549,1.0 19 29.6 63.4 114.8 132.0 0.7 14 105.0 93.9 255.0 355.0 0.6 11 86.0 83.6 233.3 334.4 0.6 11 86.4 82.5 253.3 335.8
001550,0.8 6 420.2 104.2 500.5 162.5 0.9 6 6.5 58.6 503.0 341.4
001551,1.0 19 169.9 43.5 354.6 175.5 0.9 17 0.5 99.6 148.6 300.3 0.5 8 271.8 154.3 424.4 240.0 0.6 7 199.3 58.3 346.0 148.1
001552,0.5 6 0.8 70.0 130.7 203.9 0.9 6 0.6 69.8 131.4 237.8 1.0 6 2.9 26.6 472.8 373.8 0.8 6 2.6 75.4 474.1 374.3
001558,1.0 14 14.5 55.2 282.6 331.5 1.0 14 279.5 15.9 499.6 326.8
001560,1.0 6 64.6 97.2 449.5 346.3
001562,1.0 11 177.0 48.7 321.9 351.4
001564,1.0 14 407.7 157.4 500.3 335.6 0.9 14 0.9 74.4 104.6 374.7 1.0 14 57.2 179.7 218.6 368.9 0.7 14 1.9 76.5 211.3 375.6 0.8 10 94.5 289.3 500.7 375.0 1.0 14 268.9 73.4 398.4 304.5
001566,0.8 14 2.4 58.5 291.4 500.2 1.0 14 1.8 57.7 374.3 499.7
001567,0.6 18 36.9 116.8 331.6 424.0 0.5 18 1.2 116.2 333.6 429.6
001568,0.9 0 1.5 41.0 400.6 401.1 0.7 0 89.5 40.4 400.4 362.2 0.6 0 88.7 40.0 398.9 400.2
001569,0.9 4 239.4 355.7 271.9 460.1 1.0 4 4.9 273.3 47.8 398.5 1.0 6 271.6 130.8 347.2 166.8 0.9 4 58.5 296.4 115.5 409.4 1.0 14 92.5 39.9 297.6 350.8 0.8 4 239.4 352.6 272.1 428.4 0.9 4 205.5 352.5 237.3 462.4 0.7 4 286.3 215.2 374.7 407.4
001570,1.0 14 65.2 16.9 392.7 309.3
001572,0.8 14 213.2 94.5 236.9 114.9 0.9 14 429.0 101.5 449.3 119.8 0.8 14 413.5 103.7 430.1 117.2 0.9 14 209.0 95.4 241.0 172.7 1.0 6 1.5 118.5 145.9 213.2 1.0 6 10.8 107.4 431.3 341.5 0.8 14 241.1 99.5 261.1 114.1
001573,1.0 7 173.6 100.8 329.6 271.5
001574,0.6 14 24.2 117.4 217.7 500.5 0.7 12 24.0 118.3 325.9 501.0
001575,1.0 14 29.8 234.0 50.8 288.6 1.0 14 433.6 225.3 473.5 351.3 1.0 14 332.6 229.8 351.4 281.5 1.0 14 467.1 228.2 499.6 352.5 0.8 14 246.1 235.6 261.0 271.8 1.0 14 0.8 231.6 17.2 289.6 1.0 14 59.6 234.0 79.0 285.9
001578,1.0 18 28.4 98.4 442.4 288.7
001581,0.7 14 183.6 109.6 232.2 210.3 0.9 14 132.2 162.8 251.5 475.5 0.8 14 260.4 124.1 332.7 358.7 0.8 14 136.3 162.6 164.5 221.7 0.9 1 286.6 102.9 333.3 195.3 1.0 14 185.2 108.5 263.3 211.1 1.0 14 1.2 17.4 140.1 500.9 0.8 14 131.0 163.7 330.9 475.2 1.0 14 259.9 125.3 332.9 312.5 0.7 14 209.3 166.7 281.2 384.7 1.0 14 209.7 167.6 332.4 413.5
001583,1.0 14 419.2 175.3 469.7 212.1 1.0 14 69.8 36.0 194.7 369.2 1.0 14 314.3 45.2 396.9 282.4
001584,0.9 12 181.0 1.8 498.3 373.6
001585,0.9 8 3.2 200.7 170.0 366.2 0.6 8 65.5 181.8 168.0 339.4 0.8 8 312.9 225.7 425.8 343.1 0.5 8 1.7 215.2 95.7 364.8 0.6 8 344.2 224.8 425.4 339.8 1.0 14 197.4 113.1 327.3 357.8 1.0 8 303.6 176.7 422.1 341.6 0.8 8 4.8 198.8 99.7 327.6
001587,0.6 1 202.8 251.2 255.0 316.0
001589,0.7 9 39.0 1.5 267.9 322.3 0.9 9 330.0 103.6 441.2 312.2
001591,0.7 3 3.8 38.5 486.3 220.5
001592,1.0 7 2.0 22.8 236.8 247.5 1.0 7 223.1 23.9 489.2 240.4
001596,1.0 14 1.6 3.3 374.5 499.6
001599,0.9 8 165.6 151.6 246.0 234.2 0.6 8 465.5 213.6 499.5 285.9 0.6 17 245.0 147.7 328.5 233.4 1.0 8 244.7 148.4 326.9 231.7
001600,1.0 8 169.4 297.7 270.9 375.1 0.9 8 266.6 294.0 411.1 374.9 0.7 14 348.9 213.6 388.3 309.8 0.5 8 260.1 294.1 464.1 375.2 0.8 17 258.0 292.2 468.6 374.8
001601,0.9 11 2.3 67.4 433.2 375.1 0.9 11 2.2 3.0 433.4 374.1
001602,1.0 4 293.3 2.8 351.2 338.2 0.9 4 115.6 0.7 232.8 166.7 0.9 4 256.6 80.5 310.7 355.6 1.0 4 257.2 2.9 351.0 362.6
001605,0.8 6 261.2 232.2 280.6 249.0 1.0 6 205.9 232.6 234.5 254.8 0.9 6 313.5 231.8 339.5 254.1 0.9 6 276.5 234.6 294.6 250.7
001606,1.0 14 358.6 39.6 464.1 330.4 0.8 1 369.9 177.4 449.8 380.8 0.9 14 1.3 1.7 140.9 315.7 1.0 1 369.2 179.3 438.8 380.3 0.6 1 280.0 182.9 411.0 380.1 0.8 14 357.6 39.9 464.7 379.2 1.0 1 1.3 168.3 161.4 381.3 0.9 14 1.2 2.0 142.3 379.8 1.0 14 228.8 5.4 375.9 337.3 1.0 1 236.6 182.4 363.6 380.6 0.7 1 237.4 181.0 454.0 381.0
001609,0.9 4 156.2 70.3 192.7 136.2 1.0 10 1.6 113.5 374.9 498.8 0.8 8 186.7 68.1 264.0 123.6
001613,0.6 13 65.4 50.8 443.9 332.8
001615,0.9 14 296.7 138.1 340.4 187.3 1.0 14 294.8 138.6 341.4 262.7 0.8 2 174.2 40.7 345.4 280.4 0.5 14 298.8 137.1 338.3 172.1
001616,0.0 0 0.0 0.0 10.0 10.0
001619,0.9 13 1.0 43.3 236.9 235.4 1.0 14 11.1 -0.2 207.5 217.7 0.8 14 14.0 0.3 189.3 168.3 0.9 14 3.4 8.0 105.4 181.3 1.0 6 183.5 2.0 499.7 154.6
001620,0.9 1 172.2 264.6 321.4 434.1 0.8 1 130.6 235.7 321.8 435.1 0.9 1 9.7 232.8 210.5 448.5 1.0 14 51.3 195.7 162.1 420.8 0.8 1 12.0 285.1 209.0 448.1 0.9 1 9.4 234.4 324.6 440.2 1.0 14 122.6 131.3 259.4 410.3
001621,0.8 0 1.4 43.8 392.7 345.1 0.9 0 2.0 44.4 500.7 344.6
001623,0.9 6 0.8 191.2 57.4 252.5 0.6 6 15.0 192.4 54.2 215.1 1.0 6 26.3 127.6 332.8 418.7
001624,1.0 14 207.1 96.6 291.5 272.7 1.0 12 169.5 125.5 416.5 264.6
001625,0.8 16 140.0 189.0 229.5 259.2 1.0 14 215.5 126.3 248.3 204.5 1.0 14 255.6 128.4 303.3 204.9
001626,0.9 6 452.2 160.2 494.8 192.7 0.6 5 77.1 7.6 388.6 275.8
001629,0.7 14 129.8 83.4 312.4 374.8 0.8 8 1.3 189.5 139.5 375.2 1.0 14 231.7 64.9 499.7 374.7
001631,0.7 15 209.9 92.7 347.3 420.3 0.9 4 348.4 225.7 375.1 407.3 0.6 15 83.9 403.7 219.7 496.5 1.0 4 78.9 8.4 203.2 494.9 0.9 15 199.2 1.8 374.9 437.6
001634,0.7 3 1.2 44.0 151.0 339.2 0.7 3 3.4 44.7 333.9 356.3 0.7 3 345.8 266.1 411.2 288.3 0.8 3 353.4 149.6 460.8 292.0
001635,0.8 14 114.2 137.9 128.4 172.8
001637,1.0 2 144.8 64.8 227.4 105.3
001639,1.0 11 74.5 96.8 277.9 334.2 0.8 11 73.7 45.9 499.5 334.0 0.5 11 212.7 44.8 499.6 333.4
001641,0.0 0 0.0 0.0 10.0 10.0
001644,0.8 14 225.6 118.6 333.0 332.4 1.0 14 386.0 94.3 419.9 187.1 0.6 14 367.7 94.8 391.5 197.5 0.6 5 20.2 38.7 388.4 299.5 0.7 5 21.1 15.6 499.7 319.3 0.9 14 387.9 93.6 419.8 161.8 0.9 14 257.1 119.7 334.1 332.9 0.6 14 371.4 94.8 389.9 120.5
001645,0.9 16 160.4 102.4 315.6 234.4
001646,1.0 3 131.3 85.2 278.2 311.6 1.0 3 307.5 124.0 408.4 308.8
001648,0.5 15 383.1 216.9 452.5 309.6 1.0 15 68.6 254.6 194.1 374.0 1.0 15 1.1 107.4 35.3 207.6 0.5 15 447.5 201.6 499.9 284.3 0.8 15 405.0 33.1 499.2 295.4
001652,0.9 4 286.8 323.2 358.7 490.2 0.8 4 44.1 271.7 138.4 500.0 1.0 14 27.8 136.4 214.5 426.4 0.9 14 29.8 136.1 286.7 426.1 0.8 4 47.2 270.6 107.4 427.8 1.0 4 213.9 291.1 287.8 499.9 0.8 6 199.4 188.4 221.9 217.0
001655,1.0 11 69.3 3.1 496.4 373.8
001656,1.0 14 3.4 1.0 109.2 276.2 0.6 12 161.2 108.9 349.6 251.8
001657,1.0 14 2.4 42.4 330.1 374.1
001658,1.0 6 382.1 40.1 500.4 177.2 0.8 13 321.2 36.5 399.3 92.8 1.0 6 117.1 58.6 211.2 141.1 1.0 6 211.3 19.9 397.8 73.6 1.0 6 130.5 69.1 454.1 338.6
001659,0.0 0 0.0 0.0 10.0 10.0
001660,1.0 0 179.9 117.5 482.7 189.2
001663,1.0 7 40.1 52.4 497.6 363.3
001664,1.0 14 58.3 1.3 323.8 332.3
001665,0.7 9 163.5 154.9 207.4 203.9 0.8 18 148.2 141.6 275.2 197.5 1.0 15 368.9 206.2 410.0 270.4
001666,1.0 15 47.4 259.8 152.0 319.4 0.8 8 76.6 147.6 118.3 274.4 0.9 8 118.6 168.7 151.1 212.8 0.7 10 2.5 233.3 415.9 375.1 0.9 15 246.5 184.0 327.8 237.5 1.0 15 381.5 167.8 433.4 238.6
001667,1.0 14 247.8 114.6 300.0 197.6 0.5 3 348.6 81.5 500.4 103.7
001668,1.0 14 231.8 129.5 281.2 284.4 1.0 14 320.2 156.2 356.9 278.0 1.0 14 187.4 212.1 242.2 302.7 0.9 14 274.5 148.6 306.1 280.7 1.0 14 139.1 135.8 193.0 309.3 1.0 14 334.9 96.3 425.5 374.5
001670,0.6 10 1.3 146.3 375.1 498.4
001671,0.6 7 216.7 365.7 301.3 473.0 0.6 2 214.0 149.3 259.3 198.2 0.9 2 165.5 166.6 212.4 219.3 1.0 2 212.8 151.5 239.3 195.5
001672,1.0 18 28.7 146.6 428.1 249.5
001674,0.7 8 312.8 302.2 390.9 375.2 0.8 8 44.9 290.4 111.8 374.4 0.5 15 281.0 223.5 301.4 265.2 0.8 8 223.1 302.7 390.3 375.7 0.9 8 129.5 316.0 249.3 375.1 1.0 8 45.5 290.3 144.4 374.5 0.8 15 163.1 207.1 186.8 263.0 1.0 15 188.3 217.9 218.1 263.8 0.9 10 110.7 318.8 363.1 375.1 1.0 15 210.2 205.0 272.5 265.6 0.7 8 213.4 287.2 294.3 324.1
001679,1.0 13 5.7 240.2 390.6 498.8 0.6 13 198.1 243.0 391.5 453.6
001681,0.7 2 277.7 162.5 382.0 253.8 1.0 2 277.0 162.9 422.1 254.2
001687,0.6 2 120.2 287.8 302.6 499.5 0.9 2 117.8 284.8 360.3 499.9 0.9 2 181.8 118.9 293.7 250.1
001692,1.0 14 138.9 22.2 197.8 133.8 1.0 12 101.1 50.5 239.9 215.4
001694,1.0 7 106.9 22.1 469.1 288.1
001695,1.0 19 46.1 51.5 473.4 375.2
001696,0.9 19 429.4 141.8 482.5 200.9 1.0 19 266.1 136.3 319.4 190.8 1.0 14 122.6 167.0 206.6 330.7 1.0 14 324.5 8.5 445.3 330.2
001697,0.9 9 272.2 221.8 350.0 286.9
001698,0.5 3 40.9 121.4 363.7 239.1 0.8 3 38.6 18.3 363.4 240.1 0.9 3 40.7 18.7 451.6 239.9
001700,1.0 6 251.7 141.0 336.4 190.3
001701,0.8 19 117.9 61.0 306.6 220.8
001702,0.7 11 0.5 71.7 390.6 374.4
001703,0.9 14 242.8 25.4 341.4 127.6 0.8 14 317.8 19.9 478.3 117.8 1.0 12 1.9 27.0 480.1 303.1 0.8 14 317.4 20.7 386.2 81.5
001704,1.0 19 113.4 1.0 395.3 325.8
001705,0.8 14 171.9 126.2 195.3 149.9 0.7 14 443.4 234.9 468.2 295.0 0.6 0 3.6 47.5 501.1 374.0 0.8 14 440.0 233.6 467.7 375.4
001706,0.7 8 370.9 188.3 494.6 366.3 0.8 8 418.5 148.6 456.7 197.4 0.9 4 174.0 98.3 194.7 180.6 1.0 14 89.5 54.2 195.3 350.8 1.0 14 273.3 56.1 375.6 363.2
001709,0.7 14 365.8 131.9 423.3 332.6 0.8 14 369.8 132.2 422.4 291.5 0.9 14 2.3 1.6 193.3 332.1 0.7 13 0.9 1.5 375.7 331.7 1.0 14 367.1 131.1 421.2 247.8
001710,1.0 14 471.4 96.7 497.3 160.6 1.0 14 64.0 71.9 161.7 355.7 1.0 14 333.0 45.2 473.0 350.3
001712,0.6 15 322.8 2.8 484.2 358.8 1.0 15 1.1 217.3 57.2 279.2 0.6 8 2.0 271.0 113.7 371.4 1.0 14 100.6 40.9 263.7 375.0 0.9 15 4.0 220.1 79.7 278.2 1.0 14 230.3 69.0 362.4 374.3
001715,1.0 15 318.2 203.1 361.0 282.3 1.0 15 188.1 201.2 227.7 270.3 0.6 15 405.6 188.1 426.6 223.8 0.7 8 443.9 255.2 476.9 322.4 0.5 15 374.5 164.0 416.5 224.0
001716,0.9 9 211.1 173.9 258.0 239.3 0.9 9 124.7 148.0 172.9 208.6 0.6 9 450.9 188.5 496.2 216.2 0.7 9 271.2 147.3 304.0 183.2 0.7 9 113.6 108.6 171.3 167.5 0.7 9 114.3 108.8 173.6 202.8 0.9 9 166.4 162.7 209.5 223.5 0.7 9 384.7 163.3 411.5 196.9 0.9 9 253.6 174.3 319.3 234.6
001719,0.8 2 230.0 63.5 455.0 210.9 1.0 2 229.9 64.7 454.8 237.6 1.0 2 305.9 65.0 456.8 208.8
001720,0.5 14 6.3 141.8 145.9 296.6 0.7 14 327.9 149.8 485.7 372.7 1.0 14 220.3 137.0 308.6 214.3 1.0 14 123.3 134.7 205.0 245.4 0.9 14 300.9 139.8 371.0 233.1 1.0 4 105.1 214.7 130.6 296.2 1.0 14 5.9 141.2 171.8 373.3 1.0 10 10.4 205.0 348.9 374.2 0.9 14 302.8 141.7 381.9 330.4 0.9 4 166.9 208.2 187.6 266.2 0.5 14 220.7 138.5 310.8 373.4 1.0 14 268.2 148.8 485.5 373.1
001722,1.0 14 1.1 286.4 56.1 374.8 0.7 15 128.1 327.5 213.6 375.2 0.6 4 311.9 348.0 335.7 375.1 0.9 4 210.2 335.1 231.1 375.0 1.0 14 209.4 184.1 313.8 374.8 1.0 14 303.3 169.6 499.2 375.5
001728,1.0 14 1.9 117.5 170.0 360.7 1.0 14 142.7 109.3 294.7 373.4 0.7 17 2.3 126.3 500.9 375.0 0.7 17 127.5 124.3 499.2 373.9 1.0 14 272.8 102.9 499.2 375.1
001731,0.9 7 227.4 82.2 310.9 121.9 1.0 14 75.4 10.5 201.4 111.5 1.0 11 55.0 177.1 401.5 312.1 0.7 4 349.8 36.4 382.7 124.1
001735,0.9 19 349.2 173.0 499.6 376.9 0.9 8 93.2 80.8 226.3 321.7 0.9 8 92.1 80.7 225.7 374.1 1.0 14 168.8 51.7 369.1 374.8 0.7 19 346.9 172.3 440.3 375.8
001736,1.0 5 112.2 183.9 467.0 299.5
001737,0.9 13 7.0 23.1 481.2 316.9
001740,0.0 0 0.0 0.0 10.0 10.0
001742,0.7 8 237.8 254.2 287.9 468.7 0.6 8 247.2 254.7 341.9 469.0 0.6 8 188.3 254.6 283.2 466.3 1.0 19 57.4 174.6 146.8 257.1 0.5 10 140.4 240.3 298.4 465.7 1.0 8 135.7 254.6 261.8 470.7
001743,0.5 11 96.8 212.6 471.7 333.1 1.0 14 208.1 40.4 344.7 225.8 0.7 14 333.7 66.0 373.9 136.3
001744,1.0 13 157.0 29.9 352.6 145.1
001745,0.6 2 383.2 126.2 403.8 151.9 1.0 2 104.0 135.9 132.1 180.4 0.9 2 447.9 86.2 482.5 143.6 1.0 2 233.6 72.0 290.0 129.4 1.0 2 301.0 84.2 356.8 156.3 1.0 2 58.6 141.1 89.5 189.4 0.9 2 191.9 116.6 217.1 155.4
001748,1.0 1 95.6 89.7 224.6 246.7 1.0 14 140.6 26.0 235.9 221.3 0.8 1 93.0 85.8 235.5 163.1 0.8 1 129.6 145.0 224.8 247.9
001751,0.9 11 154.2 56.0 498.5 330.5
001753,0.9 18 0.9 226.6 376.9 365.2
001757,0.9 14 111.0 116.8 179.4 258.0 1.0 14 229.7 295.3 373.4 499.4 1.0 14 13.2 97.4 94.5 187.2 0.9 14 173.0 191.8 285.0 423.8 0.8 14 145.4 122.5 255.7 335.9 0.9 14 110.2 116.9 180.6 286.1 0.9 10 1.5 194.5 225.6 501.6 0.5 10 2.0 190.4 244.5 501.8 0.9 14 144.5 123.6 285.8 381.3
001760,1.0 14 156.1 274.4 236.3 343.7 0.6 14 271.8 259.2 373.6 452.2 0.9 14 1.2 157.9 105.8 369.3 0.9 14 274.0 259.9 373.7 494.9 1.0 14 273.5 260.2 373.7 420.1 0.9 14 255.8 130.9 340.5 271.1 1.0 14 168.4 122.6 272.2 337.0 0.8 14 1.4 159.2 105.3 312.4 1.0 14 17.4 286.2 119.4 499.8 1.0 14 166.9 336.0 316.7 499.4 1.0 14 256.0 130.7 340.8 342.7 0.9 14 195.8 123.9 269.8 335.2
001762,0.9 7 138.7 73.0 373.5 275.3
001763,0.9 7 2.0 22.1 250.3 368.1 0.9 7 279.6 112.5 459.9 374.0 0.7 7 223.2 110.9 452.1 297.0 0.8 7 279.6 111.2 497.8 373.5
001764,0.7 16 465.5 102.0 500.2 150.5 0.5 16 106.6 96.8 145.5 132.3 0.6 9 131.6 101.2 217.7 148.8 0.7 16 0.8 108.6 15.1 142.0 0.6 9 278.6 102.8 347.2 145.3
001767,0.7 11 105.7 52.9 411.8 375.6 1.0 11 104.0 52.8 499.2 374.3
001769,0.9 14 168.0 28.9 289.9 209.6 0.6 14 20.6 344.0 43.9 374.9 0.6 12 312.8 121.1 471.7 374.4 0.7 14 1.0 336.6 18.3 374.3 0.8 14 53.6 30.5 291.0 355.2 0.8 14 286.7 38.8 428.8 249.8 0.9 12 68.5 99.3 231.6 375.2 0.9 14 282.3 38.5 429.9 374.8 0.9 12 244.5 117.2 366.1 374.7 0.8 12 249.1 120.6 473.5 375.3
001770,1.0 6 98.7 332.5 127.5 351.7 1.0 6 58.8 341.0 91.7 360.1 0.8 3 315.5 276.1 499.4 373.5
001773,0.6 3 108.4 207.4 188.3 267.0
001774,0.9 7 14.5 65.1 499.4 289.9 0.6 7 135.8 84.3 498.2 288.8
001776,1.0 14 1.1 90.2 98.0 182.1 0.6 14 478.7 133.5 499.0 152.0 0.9 6 1.9 100.0 349.8 290.4 1.0 14 68.0 186.3 171.3 332.3 0.9 14 174.0 13.2 493.1 332.3 0.9 14 235.7 13.7 494.6 331.8
001779,0.8 14 205.7 88.1 234.2 122.7 0.7 14 141.9 26.7 168.5 102.8 1.0 17 37.3 169.2 393.5 372.6
001781,0.9 1 369.2 2.6 500.5 311.5 1.0 14 239.3 1.9 458.2 332.9 0.7 14 285.2 2.0 456.7 332.9
001783,0.7 0 87.8 190.5 319.4 260.4 1.0 0 89.5 190.2 249.7 260.9 0.6 0 89.1 187.9 500.4 262.6 0.9 0 371.8 195.1 500.1 260.6
001786,0.8 15 173.7 120.5 447.0 373.3
001788,1.0 18 103.5 43.5 470.3 312.3
001790,0.9 7 89.6 1.9 331.9 339.9 0.8 7 89.7 1.5 331.7 469.6
001791,1.0 14 2.0 4.3 375.7 499.2
001792,1.0 14 228.5 39.1 280.3 211.4 1.0 14 379.6 37.6 429.4 211.2 1.0 14 416.8 26.7 485.3 214.0 0.9 14 347.8 27.5 379.7 60.2 0.6 14 407.8 20.2 442.7 93.1 1.0 14 298.6 24.6 337.7 73.0 1.0 14 176.9 35.7 237.1 209.4 0.5 14 79.7 49.9 148.4 221.2 1.0 14 127.5 50.7 181.9 199.8 0.6 14 412.3 18.7 439.9 52.8 1.0 14 4.6 30.2 96.3 225.6 0.5 14 409.5 20.2 442.6 70.8 0.9 14 80.3 49.9 148.4 184.4 1.0 14 273.1 33.8 326.8 211.8 0.5 14 376.4 38.9 432.5 149.1 1.0 14 321.9 37.1 382.9 210.8 0.9 14 347.8 25.8 380.4 55.9
001794,1.0 12 49.9 67.9 141.1 319.7 0.8 14 33.2 24.9 141.2 243.2 0.7 14 52.2 23.8 139.1 243.5 1.0 14 176.2 99.0 211.6 130.0
001796,0.9 13 40.9 90.5 456.9 267.2
001798,0.7 14 425.7 3.5 498.6 188.9 0.8 13 0.3 1.4 211.9 172.7 0.9 13 25.1 62.8 430.4 302.3
001802,1.0 14 125.6 37.4 194.3 332.8 1.0 14 197.4 50.4 293.8 312.3 0.5 18 278.1 139.9 497.5 252.0
001803,0.5 18 222.9 199.9 361.1 258.0 0.8 18 127.4 169.7 362.1 256.0
001804,1.0 6 73.9 38.2 418.4 320.3
001805,1.0 14 340.8 13.0 499.7 330.4 1.0 14 34.1 43.7 156.3 219.7 1.0 10 1.9 130.7 391.9 332.2 0.9 8 265.0 93.0 388.2 155.5
001808,1.0 14 418.9 86.1 499.8 332.0 0.5 5 -0.2 0.8 302.7 164.6 1.0 14 0.8 77.8 53.1 307.1 1.0 14 253.6 61.9 346.3 316.4 1.0 14 367.7 66.0 437.7 220.8
001811,0.5 15 193.3 167.3 220.9 194.3 0.8 19 368.1 215.0 500.0 288.6 0.8 19 367.3 217.4 499.8 374.1 0.5 17 118.7 188.0 353.8 293.2 0.6 19 293.7 150.0 341.6 196.5
001812,0.6 15 465.4 271.1 496.7 339.6 0.6 15 434.1 265.7 472.1 306.4 1.0 14 242.1 125.2 321.7 291.8 0.8 4 409.2 256.5 423.4 299.4 1.0 15 270.6 244.0 363.2 356.7
001813,0.9 19 453.8 179.0 500.1 279.8 0.7 17 119.4 149.1 460.2 373.6
001814,0.7 19 24.1 1.3 144.2 102.2 0.6 13 248.7 2.0 486.2 194.1
001815,0.6 18 88.4 143.9 315.1 288.5
001817,0.6 19 0.7 156.6 66.6 231.8 0.5 19 52.7 121.1 181.4 228.7 0.8 19 0.5 156.4 65.6 282.9 0.6 19 49.9 113.2 183.5 283.0 0.8 19 52.9 144.0 182.6 267.5 0.6 18 1.1 0.5 333.3 272.3 0.6 10 111.3 265.3 323.8 413.6
001819,1.0 14 135.7 57.6 230.5 292.8 1.0 12 122.9 88.4 266.2 439.7
001820,1.0 6 96.8 67.7 439.3 324.4
001822,0.9 3 134.1 230.9 164.3 257.7 0.9 3 362.1 221.9 423.4 249.3 0.9 3 155.9 199.6 420.4 259.8 0.7 3 163.1 200.8 373.1 259.3
001823,1.0 14 91.6 75.1 224.4 266.7 0.8 14 91.5 76.2 190.4 267.3 1.0 12 106.3 119.9 206.6 351.6
001824,0.7 11 215.8 169.9 498.3 375.6
001826,0.9 8 390.5 155.5 483.9 306.1 0.9 19 446.8 116.6 499.9 170.2 0.6 8 170.1 201.6 340.8 337.3 1.0 17 168.8 198.6 342.7 336.6 0.8 19 320.1 197.5 367.7 230.7
001829,1.0 4 49.4 376.0 111.3 499.2 0.6 15 3.9 -0.6 169.0 213.4 0.8 15 147.8 10.4 363.0 440.3 0.8 4 143.4 424.9 197.3 485.7
001831,0.7 14 340.7 93.0 500.2 354.6 0.9 14 305.9 71.7 397.0 232.5 1.0 14 176.4 102.3 264.8 374.7 1.0 14 80.4 108.7 224.6 374.8 0.9 17 2.8 130.0 417.1 337.4 0.9 14 305.1 72.3 498.7 356.5 1.0 14 245.8 105.6 332.9 374.5
001835,0.9 7 9.1 57.7 300.8 375.0
001838,1.0 6 37.9 41.5 474.5 327.7
001839,1.0 14 179.6 2.9 213.9 140.7 1.0 14 413.6 3.0 500.2 300.0 0.7 1 288.6 53.0 358.6 145.4 0.6 14 202.6 11.2 226.4 135.7 1.0 14 397.2 2.0 465.2 145.1 1.0 14 209.0 1.1 252.6 138.5 1.0 14 122.9 1.8 188.3 170.0 0.9 14 107.0 1.4 132.8 136.8 1.0 14 1.7 1.2 143.0 365.5 1.0 14 353.8 65.7 410.1 146.8 0.7 14 285.0 36.1 361.8 146.9 0.8 1 289.1 89.7 349.8 146.0 0.6 14 286.0 34.8 361.0 111.3
001844,1.0 5 134.8 111.3 285.3 207.1
001846,1.0 6 46.2 144.0 337.4 332.3 0.5 6 44.8 135.2 336.9 332.3
001848,1.0 0 48.7 86.1 418.4 197.0
001850,1.0 14 228.9 222.4 253.2 296.0 0.9 14 231.7 187.7 263.4 234.4 1.0 0 103.8 120.1 497.5 265.5 1.0 14 253.5 210.7 278.5 294.6
001851,0.6 6 47.0 68.3 82.7 94.0 0.9 11 1.9 84.3 275.0 499.6 0.9 11 0.9 82.7 316.3 499.5
001852,0.9 16 73.5 102.6 234.2 304.7 0.7 16 182.7 54.5 497.8 355.3
001856,0.9 14 151.0 189.7 172.0 218.5 0.7 10 192.5 257.0 256.8 401.5 0.8 14 114.0 193.7 160.6 316.8 0.7 14 95.0 192.4 116.0 258.1 1.0 14 114.9 192.0 159.5 282.4 0.9 14 97.1 193.8 113.0 217.1
001857,1.0 14 398.5 2.6 478.6 126.8 0.9 14 477.2 1.5 500.2 127.9 1.0 14 173.1 1.2 234.9 103.4 0.8 14 132.1 34.3 174.4 69.8 0.9 6 2.2 9.0 499.1 375.6 1.0 14 89.6 1.2 145.2 47.1 1.0 14 329.8 1.2 417.6 121.1 1.0 14 231.1 1.4 322.2 117.4
001859,1.0 1 8.3 2.3 500.2 374.3
001863,0.9 6 168.4 75.9 416.7 293.8
001865,0.0 0 0.0 0.0 10.0 10.0
001866,0.7 14 299.5 1.2 393.4 73.5 1.0 14 21.0 0.6 144.4 242.0 0.6 11 98.6 81.1 373.9 278.4 0.6 14 298.6 1.5 365.6 71.7
001867,0.6 10 85.2 206.7 275.1 254.9 0.5 15 86.6 190.5 101.7 207.5 0.7 15 345.0 200.4 360.1 222.4
001868,0.9 15 0.9 104.1 26.7 216.0 0.8 8 0.4 214.8 136.4 372.0 0.9 15 248.0 186.5 282.6 232.4 0.9 17 0.8 204.4 134.8 372.1 1.0 17 248.0 191.3 497.6 350.1
001869,1.0 15 138.4 2.5 442.1 338.1 0.8 15 261.6 3.8 446.4 333.1
001871,0.6 14 50.3 4.9 71.0 34.3 1.0 14 222.2 89.5 274.7 192.8 0.9 15 6.8 208.3 58.4 268.7 1.0 19 88.0 36.2 342.2 269.4 1.0 14 135.1 79.4 177.9 187.1 0.9 14 144.6 285.9 375.3 499.8
001873,1.0 6 202.4 86.2 437.0 233.4
001874,0.7 7 20.3 78.0 236.2 378.4 0.7 14 1.9 18.0 361.6 498.6 0.9 7 18.7 75.8 241.5 499.4
001876,1.0 18 283.5 93.1 499.5 266.1
001879,0.8 19 140.7 90.4 231.1 230.0 0.7 8 40.7 276.7 278.4 445.3
001880,0.7 15 100.8 219.0 180.6 376.4 0.9 15 219.7 9.0 428.7 349.2 0.7 15 219.3 100.7 423.2 372.3 0.8 15 218.8 5.6 438.9 373.6 0.6 15 216.2 4.0 466.6 373.1
001883,1.0 14 432.0 168.6 486.2 226.6 1.0 14 20.3 22.7 94.8 215.8 1.0 6 88.8 47.6 439.2 286.8
001884,0.9 5 310.9 216.2 418.5 247.1 0.8 5 193.4 216.0 311.7 251.6 0.9 0 128.2 107.0 417.2 211.3 0.8 0 126.9 107.3 489.0 215.4
001885,0.6 0 3.1 57.4 409.4 188.1 1.0 0 1.9 56.2 499.6 188.2 0.7 0 77.5 56.6 498.3 189.2 0.6 0 161.0 54.9 497.9 188.3
001886,1.0 14 91.7 42.3 190.7 375.3
001889,0.9 13 214.3 104.0 315.0 331.6 1.0 14 359.3 89.4 440.4 249.2 0.9 13 320.8 123.0 436.2 266.4 0.6 14 297.5 126.3 354.8 286.1 1.0 13 47.3 128.3 131.0 289.7 1.0 14 124.1 81.5 181.1 243.4 0.5 13 58.6 134.8 128.6 288.5 0.9 13 319.9 123.8 401.0 267.6 0.7 13 357.2 125.4 434.4 263.1 1.0 14 325.8 96.2 372.6 214.6
001890,0.7 14 1.0 1.5 98.5 373.7 1.0 7 73.7 57.9 474.0 298.6
001891,1.0 14 410.3 1.4 467.8 201.1 1.0 14 0.7 2.7 35.3 200.9 1.0 6 71.3 26.7 430.4 374.7
001893,1.0 14 103.9 281.3 120.0 334.9 0.6 14 279.9 279.6 293.2 306.4 1.0 14 334.7 269.7 373.9 389.5 1.0 14 316.3 279.8 335.4 329.4 1.0 14 224.3 202.2 248.5 301.3 1.0 14 120.0 279.1 149.3 358.7 0.5 14 108.5 282.3 122.7 333.9 0.6 14 185.7 284.1 197.1 311.5 1.0 14 13.7 264.4 79.5 440.6 1.0 14 266.2 279.7 288.6 312.2 1.0 14 72.6 277.0 92.7 341.9 1.0 14 144.7 278.5 161.5 339.8
001895,1.0 3 356.8 208.1 454.1 244.3 1.0 3 45.5 203.2 110.9 257.6 0.6 3 386.8 206.8 453.2 242.0 0.8 3 271.0 202.3 348.8 233.0 0.7 3 43.3 241.6 87.9 263.1 0.7 3 232.8 201.7 347.9 234.7 0.5 3 273.0 203.8 335.9 232.2
001897,1.0 6 0.8 137.4 28.7 172.7 1.0 5 25.1 72.5 487.4 236.6
001900,1.0 12 87.9 52.4 374.5 500.8 0.6 12 116.2 52.2 375.2 500.8 0.7 12 188.0 52.2 374.7 500.4
001905,0.8 15 1.9 42.2 152.9 285.9 0.9 8 49.0 260.0 221.1 342.8 0.9 15 195.9 132.7 267.1 256.0 0.8 15 146.5 126.3 184.0 187.0 1.0 19 269.8 180.9 353.6 246.7
001908,1.0 6 138.2 45.7 341.5 241.0
001909,0.7 7 235.6 2.6 435.7 284.6 0.9 7 48.0 0.8 437.6 327.9 0.8 7 204.6 0.3 437.9 324.6
001910,1.0 2 134.6 1.8 435.6 333.2
001912,0.6 0 10.7 45.0 348.6 228.8 1.0 0 8.3 45.5 489.1 227.6
001913,0.5 6 478.8 131.9 500.3 190.2 1.0 6 0.8 112.7 81.4 230.0 1.0 6 140.4 88.3 443.8 218.0
001914,0.8 8 1.5 309.1 90.5 481.6 0.6 14 89.6 28.4 287.5 385.3 0.7 14 88.0 30.9 237.6 384.3 1.0 14 1.0 55.7 157.3 499.8 0.9 14 89.3 29.4 287.0 463.3 0.8 11 205.5 215.2 347.1 478.2
001916,0.9 13 101.1 86.9 200.0 207.1 0.9 13 295.7 113.4 381.6 194.8 1.0 14 397.9 58.6 466.5 180.7 0.9 14 425.0 40.8 448.8 64.9 1.0 13 386.3 96.9 462.3 193.5 1.0 14 443.5 42.6 473.3 112.6 0.5 14 443.3 43.4 472.4 170.3 1.0 14 162.2 72.3 211.0 205.2 0.6 13 108.5 114.4 205.1 206.8 1.0 14 152.5 41.3 179.9 79.9 0.6 14 437.3 40.5 454.8 62.9 1.0 14 319.4 69.1 383.9 177.6 0.9 5 258.2 1.0 498.8 96.4 0.9 13 256.9 98.8 310.5 183.8 1.0 14 269.7 71.2 328.3 168.3 1.0 13 258.1 97.4 380.7 195.8
001917,0.7 9 194.2 169.9 268.7 206.4 0.9 9 346.8 176.6 410.3 217.6
001919,0.9 6 199.6 81.4 353.8 209.6
001921,0.9 14 0.7 279.8 143.4 500.2 0.8 14 122.9 251.2 142.9 302.9 0.5 14 0.7 282.6 38.9 438.3 1.0 14 169.5 280.8 371.8 499.5 0.8 14 201.6 281.0 373.0 498.8 0.8 14 351.6 288.6 375.2 498.3 1.0 14 53.1 244.8 72.3 297.2 1.0 14 15.4 245.5 38.1 292.0 0.7 14 0.6 283.3 37.0 427.5 1.0 14 100.5 248.1 120.1 299.3 0.9 14 123.8 251.6 144.0 302.6 1.0 14 39.4 284.3 134.1 449.7 0.8 14 77.7 245.3 96.0 284.0 0.9 14 151.0 115.4 325.8 496.2 0.7 14 13.0 244.6 32.4 285.6 0.9 14 151.0 115.0 326.1 379.8 0.8 14 32.2 246.0 49.2 295.6
001923,1.0 14 426.0 115.8 465.9 226.1 1.0 14 462.8 89.8 491.6 158.4 0.8 14 437.3 91.9 449.9 117.9 0.7 14 401.1 92.6 417.5 141.4 1.0 6 249.5 103.9 293.0 134.7 1.0 6 0.3 129.6 416.1 317.5 0.9 14 400.6 99.4 416.6 141.0 1.0 14 418.2 90.1 441.3 168.6
001924,0.9 6 415.9 98.8 500.0 256.1 1.0 6 90.4 104.5 439.5 269.1
001925,0.7 4 25.1 254.0 135.2 332.9 0.6 4 142.2 1.4 189.9 226.8 0.6 4 158.5 219.0 244.7 332.6 0.6 4 323.0 276.8 399.6 333.0 0.9 4 338.1 236.4 421.8 332.2 0.8 4 81.4 210.0 160.7 331.8 0.7 4 1.1 241.5 52.4 331.7 0.8 4 358.3 1.4 475.2 272.1 0.7 4 124.7 255.9 221.1 333.4 0.8 4 43.0 253.5 135.5 332.7 1.0 4 173.5 2.4 286.5 251.8 1.0 4 76.8 1.0 179.0 230.6 0.5 4 0.5 -0.3 63.8 213.0 0.6 4 1.4 203.1 85.9 332.6 0.8 4 1.5 203.0 80.6 305.0 0.9 4 415.0 241.5 496.5 332.5 0.7 4 170.2 218.6 245.8 332.6 1.0 4 268.4 2.7 371.5 287.9 0.9 4 245.8 225.2 333.3 332.6
001926,1.0 2 124.6 81.1 238.9 301.9 0.9 15 0.7 0.7 257.1 299.3 0.6 2 290.7 119.9 426.3 334.6 1.0 2 264.3 118.2 426.0 335.2
001929,0.8 0 205.2 142.7 367.0 196.5
001935,1.0 6 369.5 180.5 446.4 213.5 0.9 14 348.9 175.2 366.0 209.1 0.8 18 52.0 116.7 367.4 217.5 0.9 18 49.6 117.8 501.9 219.4
001939,0.0 0 0.0 0.0 10.0 10.0
001942,0.8 8 0.9 123.4 44.7 173.4 0.9 14 169.1 11.3 195.0 33.1 0.8 6 85.4 20.3 464.7 308.7 1.0 14 347.0 1.1 386.7 73.3
001943,1.0 14 2.8 10.5 493.3 332.2 0.8 14 143.0 9.0 492.7 332.5
001946,0.8 14 166.2 65.4 389.3 374.7 1.0 14 165.7 63.8 492.6 374.7
001947,0.6 14 204.2 19.9 317.3 250.6 0.9 14 296.4 129.8 497.9 373.7 1.0 14 104.7 90.3 245.3 373.4 0.6 14 307.8 2.8 493.9 278.4 0.9 14 199.0 11.1 326.5 306.8 0.5 14 3.4 89.6 234.3 375.2 1.0 14 1.4 82.3 147.6 374.5 0.6 14 105.9 90.5 319.2 369.6 0.5 14 203.8 9.4 494.3 368.6 0.9 14 198.4 11.8 363.7 369.9 0.8 14 303.2 3.0 498.2 371.9
001949,0.5 8 210.7 319.2 321.5 500.4 1.0 8 286.7 306.6 373.7 499.5 0.9 4 297.8 271.6 311.7 313.6 1.0 8 55.6 266.2 152.8 492.7 1.0 10 35.6 281.2 352.0 499.7 1.0 8 144.1 319.5 318.9 499.9
001951,1.0 6 9.5 28.8 486.9 306.0
001953,0.9 14 470.7 175.1 498.9 212.3 0.8 14 370.7 157.7 400.6 212.0 1.0 14 353.3 158.0 406.2 214.1 0.9 14 348.0 169.0 369.3 208.7
001955,0.6 14 78.5 200.4 99.1 255.6
001956,1.0 6 175.0 113.1 488.3 278.8
001957,0.8 1 204.2 10.4 444.0 402.1 0.8 1 199.7 7.8 493.5 420.5
001959,1.0 2 165.7 63.3 462.5 294.0
001961,0.9 8 2.1 195.5 165.1 347.4 1.0 19 48.7 122.9 157.8 197.6 0.8 8 342.8 231.4 466.2 305.9 0.5 8 345.7 233.5 484.1 374.4
001965,0.8 6 2.3 15.3 481.8 407.9
001966,0.0 0 0.0 0.0 10.0 10.0
001967,1.0 2 127.3 80.0 221.5 227.9 0.9 2 127.3 80.4 221.3 265.3
001968,0.7 14 21.5 97.9 177.8 368.4 0.7 14 23.4 99.5 175.8 320.5
001969,0.5 14 207.7 105.4 226.4 135.7 0.9 14 142.0 131.9 259.4 332.5 1.0 15 0.8 197.4 19.7 241.8 1.0 14 90.9 117.7 140.8 277.2 1.0 14 17.4 100.9 49.7 235.6 0.9 14 17.8 100.1 51.6 275.7 1.0 14 46.0 111.8 113.9 288.4 0.9 14 188.3 134.0 259.2 332.5
001973,0.6 14 221.5 41.0 399.0 298.3 0.7 14 1.6 27.5 398.6 299.6 0.6 14 2.2 28.2 298.9 299.5 0.6 14 174.9 38.1 399.2 297.3
001974,1.0 14 400.6 166.4 455.3 237.8 0.8 9 295.9 177.6 384.9 244.6 0.6 3 52.0 178.2 276.4 249.8 1.0 14 100.3 177.7 129.6 256.7 0.7 14 131.8 173.6 161.5 214.5 0.7 3 45.7 136.2 388.1 250.6 1.0 14 254.8 168.5 286.1 246.1
001975,0.9 14 1.9 154.6 199.3 375.0 1.0 14 380.0 105.6 491.0 273.2 0.9 14 21.7 87.1 150.7 320.0 0.8 14 439.1 289.6 499.9 375.0 0.6 14 1.9 155.4 109.9 374.0 0.9 14 96.7 85.7 140.6 173.9 1.0 14 254.3 82.2 362.2 194.7 0.5 14 22.5 86.8 121.8 315.3 1.0 14 158.8 87.0 227.8 158.5 1.0 14 1.3 154.4 166.6 374.5 1.0 10 93.5 150.4 492.5 375.0 1.0 14 299.9 91.8 440.6 236.7 0.5 14 306.6 96.0 479.7 263.1
001979,0.6 14 233.9 325.4 277.8 424.4 0.9 14 190.1 320.4 230.6 426.6
001983,0.9 5 58.6 122.4 352.3 224.5
001984,0.5 11 355.7 107.6 499.7 373.5 0.7 11 16.2 1.5 293.5 374.2
001986,1.0 14 0.8 2.2 418.9 332.6
001987,0.7 9 184.3 119.1 294.2 295.4
001988,0.5 14 72.7 63.6 272.3 387.5 0.5 13 10.3 146.9 333.0 494.1 0.8 14 118.2 63.7 273.1 378.8 0.5 14 91.2 65.5 273.4 400.6
001990,0.7 8 1.7 229.7 119.4 375.0 1.0 8 422.5 81.3 500.1 194.9 0.8 8 181.7 122.9 287.0 253.4 0.8 8 141.9 122.3 285.7 311.9 0.9 10 65.5 153.4 271.9 351.6 0.9 8 1.4 129.0 120.6 351.1 0.7 8 379.0 79.0 494.0 185.0 1.0 8 188.9 153.6 357.1 374.4 0.9 8 369.1 69.1 438.4 175.5
001991,1.0 6 2.1 95.5 369.1 306.6 1.0 6 333.5 78.5 500.1 200.7
001992,0.9 11 278.3 235.0 421.2 319.4 0.9 11 24.2 156.3 258.4 336.3 1.0 14 1.3 9.4 213.9 375.7
001993,0.8 14 220.5 330.6 341.9 497.1 1.0 14 58.0 288.0 238.1 498.7 0.5 17 2.3 301.6 354.9 499.3 0.8 19 132.6 43.8 262.7 197.3 1.0 14 197.0 330.1 342.8 499.4
001994,1.0 0 212.0 140.3 423.5 240.6
001996,0.6 0 18.4 66.0 413.5 239.3 0.8 6 420.1 196.3 487.1 232.4 1.0 0 11.3 65.1 472.2 237.6 0.7 6 328.9 202.7 365.1 216.5
001997,1.0 2 135.6 144.5 255.2 403.3
001998,1.0 13 51.9 135.2 313.2 287.7 1.0 14 276.8 62.8 396.6 274.1
002003,0.9 7 1.8 2.3 498.9 374.0 0.7 7 156.5 2.6 497.6 301.0
002005,0.8 9 92.1 96.0 256.0 315.4 0.8 9 352.3 130.6 483.5 213.7
002007,0.5 2 165.2 112.3 290.1 216.8
002008,1.0 1 74.6 203.5 149.6 314.9 1.0 14 76.7 140.6 144.8 274.0
002009,0.9 14 285.8 164.6 307.9 235.7 1.0 18 94.4 80.6 498.5 319.1
002010,0.6 11 194.2 114.4 498.9 327.2 0.9 14 3.4 19.7 267.2 331.9 0.9 14 2.0 9.6 173.6 332.6 0.6 14 3.8 18.9 496.2 332.0 0.6 14 141.8 18.8 498.2 269.1 0.5 11 148.7 113.4 498.2 329.2
002013,0.7 14 409.4 129.9 487.5 273.3 1.0 19 0.9 99.1 164.9 331.4 1.0 17 245.1 127.3 499.0 332.5 0.5 17 249.9 129.6 499.3 281.9
002014,1.0 0 134.5 148.5 189.8 200.6
002016,1.0 14 38.3 238.1 91.1 333.1
002017,0.7 12 147.9 109.7 414.5 241.9
002018,0.6 14 2.8 31.1 276.2 138.4 0.6 14 2.2 32.0 231.9 117.1 0.8 17 2.1 31.8 300.3 157.8 0.5 15 204.2 9.5 225.0 28.6 0.7 14 76.1 31.4 237.2 112.9 0.9 15 94.6 2.2 137.3 34.4 0.8 15 8.9 6.2 55.9 47.5 0.6 14 295.1 32.7 499.4 157.1
002026,0.6 4 325.1 126.8 347.4 165.0 0.6 17 88.6 131.5 370.6 327.2 0.6 4 418.4 228.6 439.3 260.1 0.9 15 363.2 141.9 398.8 196.9 0.8 17 2.4 157.2 302.8 375.7 1.0 14 140.2 139.7 387.1 319.4 1.0 4 403.4 293.2 429.6 362.9 0.5 10 286.1 235.8 498.3 375.2
002028,0.9 2 362.2 244.1 387.9 270.3 0.9 2 250.4 213.3 326.4 260.3
002029,0.9 3 2.1 51.7 263.6 438.8
002031,1.0 14 167.3 52.6 280.3 189.2 0.5 14 63.5 83.1 108.7 347.9 1.0 12 82.1 62.2 415.1 320.0
002032,0.7 18 0.8 1.3 315.1 345.8
002033,0.8 16 441.7 137.3 499.6 334.9 0.9 16 227.9 49.3 290.3 139.0 1.0 16 2.4 192.6 174.0 320.9 0.9 16 249.2 95.3 395.6 302.4
002035,0.9 15 140.9 42.2 191.8 107.4 1.0 15 88.5 94.4 126.2 158.5 1.0 15 16.4 1.0 102.0 131.2 0.8 15 166.3 42.9 200.0 110.8 0.7 15 322.8 56.7 384.9 169.1 1.0 15 273.6 55.1 387.4 171.9 0.6 15 98.7 41.3 188.7 154.0 0.6 15 18.5 2.4 87.0 131.0 0.9 15 94.5 47.3 137.0 156.1 1.0 8 309.9 89.8 393.5 226.5 0.5 15 101.4 77.3 184.1 153.9 1.0 17 179.8 140.6 498.4 375.7
002038,0.9 7 118.2 409.4 239.6 450.8 0.9 19 29.7 22.9 317.8 444.8
002040,1.0 14 175.0 18.7 200.8 47.8 0.6 6 367.4 24.8 499.1 107.7 1.0 14 457.4 1.5 499.5 109.7 0.9 14 379.9 15.1 400.4 42.8 1.0 14 317.2 10.3 344.0 57.1 1.0 14 64.4 21.9 100.7 122.3 1.0 6 80.5 36.3 432.3 320.3 0.9 6 365.3 28.4 466.6 105.2 0.7 14 264.7 56.6 321.8 107.3 1.0 14 410.0 10.8 440.1 104.5
002041,1.0 14 188.3 135.3 258.4 270.5 1.0 6 40.6 163.2 208.8 298.2
002044,1.0 2 205.3 140.3 328.1 250.4
002046,0.9 12 3.2 71.3 271.4 435.3 0.9 12 280.2 138.4 454.1 424.9
002048,0.9 7 103.9 141.9 193.7 238.0 0.8 7 103.4 105.0 393.0 246.3 0.9 7 210.7 109.8 393.6 246.5
002050,0.5 12 1.3 181.8 231.5 429.8 0.8 12 2.2 183.2 150.7 433.4 0.7 12 2.1 183.7 138.0 433.6 1.0 14 192.1 126.5 281.8 426.6
002052,1.0 0 41.6 21.5 484.2 230.8
002053,1.0 18 36.7 109.6 152.9 230.0 0.6 18 35.6 62.1 150.1 230.3
002057,0.9 0 2.6 52.8 500.0 263.1 0.7 0 0.9 113.8 449.2 256.3
002059,1.0 7 28.1 86.4 426.2 374.0
002060,1.0 14 203.1 153.1 301.2 333.7 1.0 1 218.6 228.1 300.9 375.1
002062,0.9 19 424.9 33.9 499.5 117.2 0.7 14 231.5 187.1 272.9 250.8 1.0 19 89.8 85.9 320.4 324.8
002065,0.7 14 79.9 39.7 322.8 256.3 0.9 14 77.7 38.4 389.8 255.4
002066,0.0 0 0.0 0.0 10.0 10.0
002071,1.0 14 72.5 114.1 135.4 201.7 1.0 12 151.4 127.0 311.1 277.4 1.0 14 205.9 76.1 251.4 209.4 1.0 12 81.6 134.7 130.1 235.9 0.9 12 300.7 138.1 373.3 250.9 1.0 14 279.3 102.4 315.7 209.2 0.6 14 292.2 102.4 311.7 120.9
002072,1.0 14 208.7 30.6 326.1 242.3 1.0 12 54.7 86.2 382.2 370.2 1.0 12 207.2 85.6 382.4 253.7
002073,1.0 19 222.2 1.4 497.3 332.1
002074,1.0 14 232.9 91.3 287.2 267.8 0.6 15 99.0 44.2 162.9 82.2 0.8 14 103.3 101.9 180.8 169.5 1.0 19 84.2 90.4 193.3 184.2 0.7 14 102.1 101.2 181.4 268.5 0.9 15 292.0 145.2 440.4 293.9 0.6 8 280.2 111.7 328.3 240.9
002075,0.6 2 211.0 74.2 388.1 231.1 0.5 2 184.2 74.7 498.0 350.7 0.5 2 193.3 75.1 403.9 344.6
002076,1.0 11 7.2 82.9 300.5 249.3
002077,0.6 14 2.5 64.9 253.3 500.2 1.0 14 2.1 59.0 363.9 499.8
002078,0.7 1 2.8 62.4 463.1 342.5
002079,0.6 1 0.2 220.4 168.1 376.0 1.0 14 203.8 36.6 333.4 374.2 1.0 14 316.6 77.8 432.8 374.4
002080,0.9 18 1.6 51.4 500.1 300.5
002081,0.5 14 60.9 161.1 99.9 228.5 0.5 15 32.7 83.5 93.5 227.2 0.8 15 35.4 85.5 69.6 222.8 0.9 19 213.6 143.3 332.8 247.5
002084,1.0 7 1.5 2.3 318.8 374.4
002085,1.0 3 170.4 217.2 239.0 274.8
002087,0.9 14 401.9 254.7 500.0 374.6 1.0 14 104.7 129.1 168.4 374.4 1.0 14 107.5 127.6 229.4 375.4 1.0 14 0.9 151.3 34.3 351.4 1.0 14 46.0 132.0 123.1 340.5 1.0 14 191.6 96.6 338.0 375.1
002089,1.0 0 160.4 138.4 313.4 182.7
002092,0.8 9 21.4 340.0 85.2 425.3 0.9 9 111.0 328.0 219.7 423.7 0.7 9 131.3 330.1 219.1 421.1
002093,1.0 19 141.2 3.5 330.9 240.1
002097,0.9 14 68.4 1.4 497.4 280.4 0.8 14 177.7 1.7 497.3 280.4
002100,1.0 8 104.6 236.4 144.5 287.9 1.0 8 169.4 235.2 207.4 283.8 1.0 8 232.9 234.9 265.9 284.4
002103,0.9 2 100.3 1.4 139.4 35.7 0.9 2 54.8 112.6 302.4 260.1
002105,1.0 13 172.6 113.0 404.9 264.6 1.0 14 248.1 96.6 358.3 248.2
002106,0.6 7 1.4 2.9 373.7 499.5
002107,0.0 0 0.0 0.0 10.0 10.0
002110,0.9 14 137.0 228.3 155.2 293.4 0.9 14 152.8 221.0 173.4 286.0 0.6 0 28.9 53.9 387.2 219.7 1.0 0 27.9 53.8 465.6 220.6
002111,1.0 14 315.6 143.7 351.4 247.8 0.9 14 389.7 155.5 410.2 192.8 0.5 12 98.2 219.2 211.6 291.7 1.0 14 222.7 114.2 283.8 286.2 1.0 14 340.3 136.4 384.5 259.2
002113,1.0 7 31.8 10.8 348.1 499.5
002115,0.6 16 195.2 105.0 285.6 255.4 0.7 16 345.4 75.3 373.2 110.3
002118,1.0 6 22.1 87.8 104.9 117.7 1.0 6 2.2 148.7 462.5 333.4 0.9 6 2.0 107.3 472.1 233.0 0.8 6 220.8 109.8 482.8 212.8 0.6 6 2.2 111.6 460.5 319.4 0.8 6 88.3 103.4 479.8 231.1 0.9 6 223.7 109.9 483.3 214.7
002119,1.0 14 85.5 40.0 164.2 363.4 1.0 14 0.9 117.3 32.7 272.5 0.7 14 28.3 3.2 163.7 373.6 1.0 14 29.8 3.3 148.9 374.1 1.0 4 122.9 107.4 142.9 141.3 1.0 14 162.3 64.6 256.2 334.8
002121,1.0 14 16.2 23.3 207.1 346.2 0.6 2 140.5 92.7 244.3 244.3
002122,0.0 0 0.0 0.0 10.0 10.0
002123,1.0 15 77.2 253.5 125.3 300.0 0.8 15 272.4 141.5 306.9 179.5 1.0 15 36.1 145.6 78.1 308.3
002127,0.7 4 162.2 95.4 241.0 217.3 0.9 4 95.1 149.4 213.6 345.3 0.9 17 3.3 2.1 465.3 374.0 0.5 8 3.3 6.4 465.4 374.1 0.8 17 3.0 28.0 464.4 374.5
002128,0.9 1 43.7 7.3 455.5 287.3
002130,0.7 1 64.3 95.9 358.4 300.1
002131,1.0 11 142.9 2.0 340.5 221.2
002133,0.8 11 186.1 128.7 319.6 242.2
002137,0.8 16 311.6 271.2 375.1 364.3 0.8 16 87.6 242.0 203.0 398.4 1.0 14 82.8 117.9 138.6 253.0 0.8 16 209.2 248.4 298.7 318.1 0.8 16 221.9 266.6 307.6 407.5
002138,1.0 11 2.4 30.0 336.2 315.3
002141,1.0 6 297.1 135.5 333.2 172.0 0.9 6 114.0 135.2 145.5 179.2 0.8 8 258.0 168.6 297.1 216.9 1.0 14 55.3 139.1 91.0 184.5 0.7 14 138.4 57.2 242.8 272.4 1.0 14 138.6 56.9 243.9 416.5 1.0 6 1.0 142.4 48.0 182.9 1.0 6 237.2 126.9 319.2 167.9 1.0 6 75.6 134.1 141.7 181.7 0.9 11 32.7 240.5 272.2 437.8
002143,1.0 6 91.5 32.3 456.4 272.3
002144,0.9 2 42.0 301.8 78.3 352.9 1.0 2 386.8 251.6 437.1 317.3 1.0 14 4.6 203.5 312.7 373.9 1.0 2 75.3 113.3 317.3 240.5 0.8 2 152.6 30.1 173.2 56.7 0.9 14 376.7 2.0 434.0 144.8
002147,0.9 7 56.9 16.2 499.8 327.1
002148,0.7 14 427.3 213.2 484.8 316.5 0.9 18 20.2 94.0 497.4 311.2 0.7 18 46.8 92.9 482.7 310.1
002149,1.0 6 91.4 170.2 452.4 279.6
002150,0.9 18 1.5 64.1 377.6 331.7
002154,1.0 6 447.0 94.4 483.7 127.1 0.9 6 1.3 94.4 193.4 207.5 1.0 6 395.2 96.5 458.7 140.1 0.9 6 242.0 86.5 321.5 109.7 0.9 6 147.3 87.6 212.3 106.7 1.0 14 49.6 64.2 83.4 96.0 1.0 6 42.2 96.0 362.2 293.0 0.8 14 147.1 73.6 167.1 91.8 0.9 14 36.3 70.6 53.3 100.9 1.0 6 327.6 98.1 431.4 170.1
002157,1.0 0 9.4 88.1 494.1 215.9
002159,0.9 8 415.4 64.6 500.1 272.1 1.0 14 24.2 1.9 268.5 374.6 0.9 8 8.9 72.3 92.9 207.4 0.9 14 120.2 81.8 354.2 375.0 0.6 14 234.9 57.4 430.1 374.8
002160,0.5 11 2.4 105.5 236.7 247.5 0.6 11 236.7 128.1 370.4 276.4
002161,0.7 8 194.0 229.2 233.0 303.3 1.0 8 206.0 226.3 245.6 298.7 1.0 8 152.7 235.0 210.9 309.3 0.6 19 101.0 88.0 245.6 247.0 1.0 15 1.0 176.1 50.0 345.6
002162,0.9 7 96.9 55.6 438.3 294.2
002164,0.6 19 228.1 17.8 283.0 59.8 0.5 14 279.3 34.8 467.9 346.0 1.0 14 101.5 34.7 465.4 346.7 1.0 14 234.7 33.7 468.3 346.2
002167,0.9 8 293.6 138.7 404.2 332.7 0.9 8 260.1 159.1 364.4 332.8 0.8 8 356.8 140.5 403.3 325.0 0.9 7 69.4 160.0 177.5 332.7 0.9 10 161.0 156.5 326.9 332.7
002168,0.8 1 149.6 223.5 186.9 282.9 0.9 1 382.8 233.5 431.2 297.0 0.7 1 376.4 230.7 430.0 296.7 1.0 14 327.8 180.9 356.5 287.0 0.9 1 222.7 231.2 279.2 308.4 0.9 1 107.1 239.5 158.0 322.3 1.0 14 455.0 177.6 498.1 306.8 0.9 1 182.9 220.7 215.0 255.5 0.6 14 329.9 182.6 355.9 280.8 1.0 14 170.9 185.3 193.2 253.4 1.0 14 112.4 173.5 163.9 308.5 1.0 14 222.5 175.8 280.9 302.2 0.9 1 298.3 231.3 353.0 304.1 1.0 1 433.2 229.1 499.4 307.4 1.0 14 300.8 181.3 336.0 292.8 1.0 14 366.8 179.9 401.5 291.8
002173,0.5 16 44.4 1.7 498.9 331.7
002175,0.8 3 280.8 165.7 401.3 213.1 0.8 3 0.8 217.1 22.4 250.3 0.9 3 7.2 212.4 82.4 239.6 0.8 3 3.2 206.1 82.1 240.9 0.9 3 182.6 192.0 261.4 224.4
002177,0.9 5 1.3 115.9 96.8 198.1 0.7 14 390.5 193.8 409.1 226.6 0.9 5 100.3 111.9 348.1 241.4 1.0 6 0.9 184.1 148.2 314.6 0.8 6 209.9 182.0 345.2 259.2 1.0 6 242.1 180.8 498.2 298.2
002185,0.9 14 274.2 20.8 297.8 43.6 0.8 14 131.3 43.2 307.5 243.8 0.8 13 291.1 62.9 452.2 135.4 0.5 13 44.3 73.2 301.6 258.9 0.5 13 42.3 80.8 317.9 258.9 0.9 14 128.1 42.0 281.2 238.1 0.9 13 2.3 64.2 62.9 108.7 0.7 14 337.4 28.8 426.4 168.5 0.6 13 64.1 34.5 131.8 100.9 0.9 13 40.0 140.0 250.9 258.6 0.8 13 166.6 192.5 470.4 330.5 0.7 13 63.7 49.8 131.2 100.7 0.7 14 234.2 43.9 305.4 245.7 0.5 14 338.0 27.4 481.7 206.8 0.9 13 166.1 106.0 497.9 331.6 0.5 13 294.8 67.8 354.3 134.2 0.9 6 302.2 20.0 394.9 72.0
002188,1.0 4 286.1 4.1 320.4 126.8 1.0 4 366.8 2.0 415.2 93.1 1.0 10 2.0 11.1 498.3 374.8
002189,0.8 14 19.6 45.3 138.2 172.9 0.5 14 372.7 75.0 409.1 136.8 0.8 14 51.2 69.8 144.8 171.7 0.7 14 286.4 82.6 366.7 222.2 0.6 14 237.6 85.1 349.5 222.0 1.0 14 81.9 53.4 313.8 319.0 0.7 14 104.9 70.4 146.4 118.5 0.9 14 81.3 52.6 376.6 317.4 0.9 10 73.9 229.5 499.1 374.4 0.8 14 291.0 82.4 400.7 264.9 0.8 10 72.6 246.0 499.4 373.9 0.8 14 281.9 85.3 369.0 266.1
002195,1.0 14 158.9 185.6 282.4 373.5 0.6 17 108.0 169.7 498.3 359.7 1.0 14 1.1 100.6 128.3 371.2 1.0 14 224.1 70.6 465.7 364.2
002198,1.0 0 120.0 102.9 430.4 177.8
002200,0.9 11 27.5 24.6 413.4 344.6
002203,1.0 11 15.8 129.5 219.5 335.6 0.8 14 14.9 63.5 385.1 338.5 0.9 14 145.8 40.8 415.2 337.8
002204,0.9 14 134.4 9.9 213.2 103.5 0.8 14 133.3 23.6 170.3 103.6 1.0 12 79.7 45.8 242.9 185.1 0.9 14 166.6 9.6 213.6 77.8
002205,0.9 7 52.0 1.2 499.6 355.5
002206,1.0 18 50.3 134.4 367.3 252.5
002207,0.7 11 3.1 114.3 435.9 500.7 0.6 11 5.3 240.2 307.9 499.8 1.0 14 2.6 32.8 352.7 499.4 0.8 14 2.3 31.5 453.8 498.5 0.7 11 78.5 113.7 435.0 442.6 0.9 14 252.9 113.7 457.6 499.6
002210,1.0 6 0.8 110.6 367.9 375.3
002211,1.0 14 168.0 303.5 197.4 368.7 0.9 14 57.8 323.0 87.2 431.9 1.0 14 288.8 315.1 374.6 499.8 0.7 14 233.7 334.4 314.2 498.8 0.9 14 193.8 309.9 227.1 370.0 1.0 14 192.6 347.4 244.0 474.4 0.9 14 295.9 316.9 374.9 499.9 1.0 14 137.5 336.6 182.7 445.9 1.0 14 2.6 346.0 49.4 437.0 0.6 14 27.8 301.3 62.0 401.0 0.5 14 168.2 303.7 197.2 446.1 1.0 14 65.0 327.0 117.7 432.3 0.7 14 30.6 302.3 63.2 433.9 0.7 14 170.9 308.4 201.3 443.7 0.6 14 188.7 311.5 230.4 453.7 0.9 14 192.8 312.2 228.5 438.0 1.0 14 196.7 332.7 313.2 493.0
002216,0.8 5 62.6 106.1 398.7 320.0
002217,0.7 0 228.3 193.3 484.2 263.8 0.6 0 78.4 153.9 314.6 204.7 0.9 0 126.8 234.5 370.0 288.4 0.5 0 350.1 159.2 499.1 206.5 0.7 0 43.3 74.7 422.6 176.1 0.6 0 122.8 215.9 483.4 286.9 1.0 0 46.1 74.8 303.0 142.0 0.7 0 44.1 74.9 420.1 162.1 0.5 0 46.9 75.3 498.7 207.7 0.9 0 72.7 108.0 499.4 209.3 0.6 0 353.0 114.2 499.1 209.6 0.9 0 122.3 190.1 484.5 285.4
002222,0.0 0 0.0 0.0 10.0 10.0
002223,1.0 14 323.9 214.4 353.3 314.5 1.0 14 281.4 222.9 316.9 329.0 1.0 14 358.3 217.8 375.4 311.6 0.8 6 168.9 212.5 225.8 278.0 0.9 6 214.7 224.1 248.1 255.1 0.7 5 0.7 0.2 212.8 431.8 1.0 6 297.6 221.5 323.8 247.8 0.7 5 1.2 2.0 214.6 487.7 0.6 14 348.8 219.0 368.6 312.5 1.0 14 267.5 222.8 286.6 350.3
002225,0.6 3 80.3 244.2 244.4 349.3 0.5 3 81.1 247.0 301.3 349.3 0.7 3 80.7 242.9 468.0 350.8 0.6 3 237.9 270.5 292.7 314.1 0.6 3 284.8 309.5 470.1 353.8 0.6 3 187.8 22.2 431.0 254.1
002227,1.0 19 419.2 63.9 499.9 138.2 0.9 1 32.0 16.7 450.6 326.1
002229,1.0 14 389.4 190.8 426.6 280.4 1.0 5 35.1 97.6 428.9 304.4
002230,0.9 19 17.9 164.0 109.6 272.4 1.0 14 50.9 248.9 149.6 357.1 0.9 17 123.3 217.8 331.2 337.6
002231,1.0 4 117.1 0.8 252.1 192.4 0.8 4 254.3 1.4 357.1 170.8
002232,1.0 6 392.7 234.7 494.7 280.2 1.0 6 364.8 222.0 393.8 239.6 1.0 6 388.2 224.4 412.1 240.9
002235,0.7 14 241.3 136.2 302.8 292.8 0.5 4 454.7 111.6 467.3 150.5 0.5 4 442.2 170.8 456.1 207.9 0.7 14 285.3 115.0 385.3 318.1 0.7 4 459.2 110.8 474.0 152.2 1.0 14 111.1 92.1 307.5 333.1 1.0 14 1.3 98.0 177.6 332.9 0.7 4 474.5 111.2 492.2 154.2 0.8 4 467.9 111.2 484.3 153.9 1.0 14 283.7 115.4 416.8 313.4 0.9 14 240.2 135.5 339.0 329.0 1.0 4 452.0 110.8 472.5 153.4
002236,1.0 18 31.9 32.4 387.0 294.8
002239,1.0 1 356.5 180.0 415.8 296.8 1.0 1 298.4 182.7 338.7 253.1 1.0 14 11.4 77.2 47.8 138.5 1.0 14 116.9 60.5 191.1 246.6 1.0 1 120.5 142.2 185.8 270.9 0.9 14 36.4 90.1 62.2 141.4 1.0 14 294.3 133.2 344.0 247.9 1.0 14 348.9 80.8 421.0 280.0
002240,0.9 4 295.5 242.2 343.9 330.2 0.6 19 69.5 80.5 294.4 299.6 0.9 19 69.1 111.7 168.2 302.8 0.8 19 134.8 83.1 294.5 299.5
002242,0.9 14 203.4 122.3 271.1 328.8 1.0 6 415.6 134.1 500.1 194.4 0.6 14 205.8 122.6 269.3 199.9 0.9 6 1.0 132.9 278.7 334.0 1.0 14 346.6 124.5 370.7 192.4 1.0 5 170.1 74.5 388.8 186.4 1.0 14 238.8 116.5 306.2 305.3
002243,0.5 7 56.4 47.5 464.1 374.0
002245,1.0 6 432.3 189.3 474.9 215.1 1.0 6 51.8 197.0 110.0 251.9 1.0 6 1.2 205.1 59.3 251.8 1.0 5 133.5 39.9 430.6 266.2 0.7 14 116.4 183.3 139.5 258.0
002246,0.5 0 1.4 87.2 333.9 314.9 1.0 14 61.0 208.8 81.2 274.0 1.0 14 14.6 209.4 32.2 246.0 0.8 0 1.3 75.6 333.8 466.2
002250,0.5 14 295.5 166.4 375.1 428.1 1.0 14 295.6 164.0 375.1 358.8 0.6 14 298.9 166.1 375.1 498.2 0.8 14 256.6 156.9 301.9 255.9 0.8 4 26.8 429.1 42.8 482.1 0.8 14 230.6 186.0 292.9 252.1 1.0 14 76.1 104.2 336.4 499.6 0.8 14 236.9 187.2 303.5 261.9 0.8 14 251.4 159.1 302.7 254.9 0.8 14 229.3 186.7 328.5 438.2 1.0 14 256.5 155.2 294.8 199.6
002252,0.6 14 26.9 6.2 344.3 417.0 0.6 14 26.7 3.4 340.7 389.5 0.9 14 24.9 5.5 203.3 404.0 1.0 19 339.6 116.5 498.9 284.4
002254,0.5 14 123.3 149.5 212.3 271.9 0.8 17 1.9 248.9 150.1 498.6 1.0 14 148.8 151.7 211.8 270.5 0.9 11 148.7 265.7 333.9 500.1
002258,0.9 19 192.2 75.9 362.7 230.8
002262,0.7 14 1.9 1.7 217.7 332.5 0.9 14 1.6 1.6 191.7 332.3 0.9 14 95.4 36.4 470.8 334.0 1.0 14 192.3 35.0 474.5 333.4
002264,1.0 8 212.6 222.8 276.3 360.9 0.8 8 153.2 226.4 207.6 320.3 0.6 17 22.9 294.7 235.9 498.8
002269,1.0 14 1.5 118.3 190.6 486.1 0.6 9 67.0 61.2 223.0 198.6
002271,1.0 6 126.8 93.9 367.9 203.8
002274,0.7 3 265.3 325.5 375.3 374.7 0.9 3 18.6 277.8 57.7 369.4 0.9 3 67.6 75.8 268.9 400.0 0.6 3 70.7 348.6 265.5 400.5
002275,1.0 7 0.4 2.4 364.7 420.9
002282,0.9 4 213.5 71.6 235.0 120.4 0.9 19 17.2 193.0 127.2 329.4 1.0 19 149.5 201.9 258.3 302.3
002283,0.7 14 328.0 51.8 380.4 248.4 0.9 12 238.1 93.0 435.4 346.0 0.9 14 282.8 51.2 380.9 256.3
002286,1.0 11 14.8 27.8 330.9 322.7 1.0 11 224.3 115.5 497.7 321.6
002289,0.5 18 215.0 141.8 338.9 196.3
002292,0.9 1 84.3 225.7 308.9 374.8
002294,1.0 14 27.1 2.0 78.9 102.5 1.0 14 430.1 1.4 481.0 129.0 0.6 14 351.9 1.1 388.1 48.9 0.6 14 401.0 0.6 439.1 112.8 0.7 14 292.7 1.4 317.4 32.1 1.0 14 1.0 2.6 36.5 113.3 1.0 14 349.4 1.1 387.5 105.2 1.0 6 2.1 5.2 496.8 373.6 1.0 14 385.2 10.2 424.9 112.8 0.9 14 295.2 1.9 319.7 30.4
002295,0.8 14 82.5 1.8 419.5 332.5 1.0 14 83.3 1.9 498.3 332.6
002296,1.0 14 425.9 161.6 457.6 257.4
002297,0.9 15 266.2 91.2 302.3 129.2 1.0 17 293.3 84.0 499.9 198.1
002298,1.0 14 6.1 151.9 377.6 332.8 0.8 14 249.2 87.8 499.2 306.0
002299,0.7 2 0.5 2.6 442.7 374.2
002301,0.9 8 6.5 250.7 154.7 375.1 0.9 14 162.9 62.5 232.3 142.2 0.5 8 1.7 214.5 152.5 374.6 0.9 14 382.6 94.1 498.6 373.3 0.8 14 410.0 95.3 499.8 276.9 0.6 8 1.1 218.3 46.9 373.3 0.6 14 402.6 97.5 498.6 346.2 1.0 14 391.1 123.5 445.4 202.5 1.0 14 367.8 65.4 437.9 183.1 1.0 14 253.3 68.9 320.0 150.8 1.0 14 20.0 87.1 66.6 158.4 0.9 14 162.8 62.8 232.6 165.5 1.0 14 65.4 103.5 229.3 375.0 1.0 14 124.9 70.0 165.0 106.5 1.0 14 1.6 92.6 110.9 290.6 1.0 10 146.7 135.7 428.4 375.2 0.9 8 392.7 232.1 499.3 375.3 0.9 14 366.6 66.0 441.7 207.9 1.0 14 329.9 66.1 380.7 169.9
002303,0.9 7 105.2 37.2 500.2 332.2 0.9 7 104.5 36.9 377.8 327.1
002304,1.0 7 17.1 49.4 499.2 333.7
002309,1.0 2 60.6 39.4 401.6 322.0
002312,0.7 4 434.7 0.7 499.9 116.3 1.0 7 8.9 14.8 498.9 240.2
002313,0.6 9 0.8 60.7 454.0 426.4
002314,0.7 9 1.4 2.4 333.1 271.7 0.8 14 149.4 264.8 295.4 498.4 0.6 14 177.1 265.6 296.0 494.3 0.6 14 55.6 150.4 239.5 500.2 0.8 14 58.2 268.1 294.4 499.2
002316,1.0 2 109.2 48.3 379.2 416.3
002317,1.0 14 158.5 193.2 228.4 374.3 1.0 5 120.5 2.4 499.1 284.5 1.0 14 0.9 125.3 22.2 277.1 1.0 14 26.8 122.5 79.5 272.5 0.9 14 158.3 160.5 212.0 370.9 1.0 14 221.1 172.0 277.9 373.2 0.8 5 270.4 98.4 500.9 284.4
002319,0.9 6 32.9 92.0 375.3 411.2
002322,1.0 8 8.6 374.1 125.4 499.7 0.6 8 11.0 325.7 118.7 500.5 1.0 10 5.3 349.5 293.5 500.2 1.0 8 288.1 335.0 345.5 498.7 1.0 8 138.3 330.5 242.2 500.9
002325,1.0 1 11.2 264.7 249.2 377.0 0.8 1 344.5 249.4 457.7 376.7 0.9 14 140.3 162.1 220.3 335.5 0.9 14 50.1 164.7 216.2 376.4 0.5 1 252.2 301.0 388.7 377.5 1.0 14 278.0 135.7 368.9 376.2 1.0 1 187.7 246.7 271.2 338.9 1.0 1 254.0 227.1 456.8 377.0
002326,0.5 9 179.8 136.2 223.1 185.9 0.7 9 285.2 104.0 319.1 134.8 0.6 9 239.6 170.6 277.9 248.1 0.8 9 296.7 128.0 345.0 176.1 0.8 9 376.8 116.3 413.7 155.1 1.0 14 364.3 176.8 401.3 274.0
002327,0.6 14 1.2 77.1 330.9 499.4 0.8 11 2.1 79.8 287.2 498.6 0.8 11 58.2 80.6 268.7 390.6
002331,0.6 14 302.6 56.1 477.8 333.0 1.0 6 12.3 48.8 65.9 88.2 0.6 6 331.9 56.2 365.4 84.0 0.9 6 70.3 48.4 131.0 99.0 1.0 6 218.7 55.8 288.8 97.7 1.0 12 134.9 85.7 297.7 333.3 1.0 14 115.3 12.9 247.9 268.4 1.0 6 0.7 51.4 49.9 106.6 0.9 6 293.8 54.6 368.4 95.7 0.9 6 165.6 57.7 194.7 88.8 1.0 14 222.8 54.4 479.3 332.9
002336,1.0 2 1.3 179.1 170.7 374.7 1.0 2 4.6 95.1 457.0 293.6
002338,0.8 16 461.4 89.5 490.0 113.4 0.8 16 148.0 89.8 165.5 111.4 0.8 16 220.5 95.2 256.1 120.9 0.9 16 177.4 115.0 255.9 193.6 0.7 16 208.5 108.9 245.7 129.9 0.8 16 432.8 87.7 453.1 108.2 0.9 16 246.1 113.7 360.9 204.7
002339,0.9 6 81.5 1.0 175.9 50.8 1.0 15 178.9 2.1 337.0 258.6 0.7 15 230.7 124.0 341.4 257.0
002341,1.0 14 27.4 3.8 164.6 249.7 0.8 11 47.7 90.5 130.1 151.9 0.9 11 25.3 90.6 130.7 213.6 1.0 14 26.9 3.5 129.4 249.7 1.0 11 142.9 166.9 250.9 249.7 1.0 14 174.4 9.9 277.3 249.4
002344,1.0 14 1.3 10.6 332.6 500.1
002346,1.0 6 96.2 66.2 397.7 279.4
002349,1.0 6 161.2 163.0 302.6 244.1
002351,0.6 18 1.7 120.0 419.2 288.8 0.7 18 2.5 124.0 332.2 277.1 0.8 18 2.5 127.4 500.9 282.6
002353,0.5 14 370.9 117.9 500.2 375.2 0.8 15 304.3 223.2 336.8 252.0 0.7 15 66.2 165.6 156.0 274.7 1.0 8 34.0 245.9 186.3 374.9 0.7 10 203.7 233.0 298.0 327.5 1.0 8 198.4 228.0 255.4 328.4
002356,1.0 19 1.7 51.4 161.1 200.6 0.9 19 222.0 147.5 294.1 214.6 0.8 19 322.2 147.9 499.7 317.3 0.9 19 370.7 148.0 500.8 279.9
002357,0.5 0 48.7 164.2 435.1 307.5 0.5 0 42.8 162.1 326.9 312.6 0.7 0 40.5 68.3 434.9 309.5 0.7 0 36.7 164.0 435.5 310.5
002358,1.0 6 241.8 206.5 289.1 227.2
002360,1.0 12 77.3 152.4 261.7 383.8 1.0 14 159.9 95.3 244.1 289.0 0.7 12 117.5 155.3 264.0 381.2
002363,1.0 14 189.7 178.7 228.6 324.4 1.0 14 105.1 181.8 150.5 343.4 1.0 14 15.4 190.0 59.2 344.0 1.0 14 234.6 179.6 276.7 323.6
002365,0.5 14 1.8 26.6 312.8 481.5 1.0 14 51.0 27.4 313.2 480.4
002370,1.0 6 393.7 189.1 433.8 208.4 0.9 18 1.2 91.0 362.9 295.7 0.5 18 203.6 118.9 357.7 253.9
002379,1.0 14 108.2 1.1 202.9 86.5 0.8 14 411.9 3.2 499.8 373.2 0.6 13 295.5 43.0 432.2 252.5 1.0 14 414.0 2.4 499.8 373.9 0.7 14 425.9 2.2 466.8 125.0 0.6 13 67.7 12.7 323.7 349.3 0.5 13 1.4 9.3 324.0 350.0 0.8 13 1.2 2.4 108.9 177.8 1.0 13 64.3 8.9 432.2 349.3 0.6 14 318.9 1.0 370.4 74.8
002380,1.0 2 118.5 118.8 278.1 329.7
002381,0.6 2 66.0 1.3 375.7 338.7 0.9 15 206.0 383.4 282.5 462.2
002383,0.9 6 0.7 211.6 29.2 251.6 1.0 5 95.8 36.8 336.4 262.8 1.0 6 339.8 177.0 379.0 207.2 1.0 6 381.3 175.6 405.7 198.7
002386,0.9 18 53.8 90.4 457.0 253.2 0.6 18 88.6 90.1 458.3 210.6
002388,1.0 7 138.9 1.5 492.7 326.0
002389,1.0 8 344.5 177.1 453.8 373.9 1.0 8 253.7 207.7 372.2 374.7 0.8 4 96.8 140.2 108.0 165.5 1.0 8 82.8 188.6 219.3 374.5 1.0 10 33.6 184.0 390.7 373.9 0.5 4 125.5 136.4 135.8 161.3
002390,0.7 3 106.0 245.6 160.1 268.3 0.9 3 158.9 29.0 366.1 269.4 0.8 3 162.4 221.1 362.3 269.1
002394,0.5 1 264.1 370.3 348.3 474.2 0.7 1 219.9 370.9 348.6 474.7 0.8 14 310.0 60.8 328.6 89.8 0.9 14 3.9 33.4 27.6 118.9 0.8 14 286.7 28.6 308.9 87.6 0.7 15 167.3 194.3 203.3 234.9 0.9 14 73.8 34.8 111.5 69.8 1.0 14 30.9 34.5 53.1 107.0 1.0 19 151.9 210.6 277.7 353.6
002395,0.5 8 129.7 303.3 160.9 343.1 0.7 3 78.4 1.9 485.5 282.6
002396,0.6 11 77.5 88.1 464.0 374.1 0.5 11 2.4 78.3 461.6 373.5 0.8 11 142.3 87.1 459.4 345.8
002397,0.9 1 147.0 274.8 181.9 391.9 1.0 14 139.7 200.6 201.5 341.1 0.9 1 146.6 259.4 198.0 394.1
002398,1.0 12 79.1 104.8 252.1 432.4 1.0 14 122.2 82.8 214.4 287.0
002399,1.0 4 100.3 208.6 119.6 281.2 0.5 17 5.9 45.3 469.0 355.2 0.5 14 267.2 59.9 473.9 370.5 0.6 14 434.7 62.9 493.9 267.9 0.7 14 18.9 46.0 276.0 312.6 0.6 14 10.5 45.6 276.2 374.7 0.7 14 12.7 47.1 429.0 374.4 0.9 17 7.3 41.6 481.1 372.8 0.5 14 388.4 61.4 476.3 247.3
002400,0.6 2 6.3 24.7 287.0 264.6 0.9 2 1.2 27.0 303.9 498.7
002402,0.9 13 95.8 38.8 140.4 74.3 1.0 14 117.1 13.4 149.0 71.2 1.0 6 405.0 1.9 499.7 73.7 0.6 14 152.4 14.8 178.0 68.7 1.0 14 246.7 16.1 274.9 57.8 1.0 6 57.8 53.8 467.4 237.8 1.0 14 333.9 1.6 353.9 50.9 0.9 14 298.6 7.4 320.0 54.8
002406,1.0 6 221.9 166.0 449.8 241.2
002408,0.5 12 67.1 142.0 238.3 331.9 0.7 14 3.0 45.8 483.3 331.0
002409,1.0 14 206.1 36.5 310.7 218.8 1.0 12 88.0 68.7 429.5 385.1
002412,0.9 2 272.5 183.6 306.2 224.7 1.0 2 187.4 198.0 249.8 261.8
002414,0.7 10 180.3 256.9 342.7 373.8 0.7 8 50.5 321.8 257.1 360.9 0.9 17 337.6 224.6 499.5 339.8
002416,0.6 14 0.8 149.1 42.1 301.5 1.0 6 167.9 145.3 489.3 324.0
002418,1.0 18 0.8 153.0 263.5 208.8
002421,1.0 12 138.1 87.1 425.5 302.6 1.0 14 250.6 26.9 327.2 247.2
002422,1.0 15 36.1 7.9 289.5 498.0
002424,0.8 6 405.7 221.6 487.3 283.7 0.7 6 430.2 221.2 491.3 284.3 0.9 18 161.6 132.0 344.4 264.3 0.6 6 410.0 222.2 488.0 284.7
002426,0.9 8 2.1 259.7 270.4 375.1 0.7 19 345.0 92.1 496.7 211.0 0.8 14 92.2 35.8 263.4 236.0 0.6 14 92.4 35.8 265.4 235.4 0.9 15 460.5 14.5 497.9 50.4 1.0 14 93.3 33.8 488.0 284.9 0.7 17 3.8 32.1 487.3 374.7
002428,0.9 14 366.9 117.8 500.4 373.7 0.6 15 0.8 0.3 73.0 239.9 0.9 11 380.6 114.7 499.9 235.6 0.9 14 368.0 2.2 499.6 172.4 1.0 14 96.6 75.1 277.1 374.1
002429,0.6 4 222.6 159.4 282.8 299.3 1.0 14 2.1 36.3 284.0 356.5 1.0 4 334.8 134.5 374.3 256.8 0.7 4 247.3 161.0 290.4 328.9 0.6 14 225.8 55.1 456.7 356.2 1.0 14 274.3 55.7 458.9 356.1
002430,1.0 7 62.3 35.7 357.0 375.6
002431,1.0 2 180.2 147.6 317.9 235.2
002432,0.7 2 131.1 1.5 249.7 64.4 1.0 2 142.2 233.0 261.0 343.5
002434,0.6 14 374.3 2.1 499.8 331.9 0.9 14 121.6 27.9 344.0 332.6 0.8 14 119.3 24.8 388.5 333.2 0.6 14 143.5 22.2 498.0 333.0
002438,1.0 14 2.7 287.4 261.4 500.8 0.5 14 61.0 288.6 261.5 499.4 1.0 14 118.0 3.0 374.9 499.4
002440,1.0 7 57.9 52.8 294.3 500.7
002446,1.0 14 428.8 132.6 469.8 240.4 1.0 14 101.1 137.9 140.9 238.7 1.0 6 13.3 154.8 117.9 233.9 1.0 6 188.3 148.9 288.9 235.0 1.0 14 289.5 140.9 324.1 235.2 1.0 6 327.1 155.9 434.6 230.8
002447,1.0 11 112.4 59.0 498.2 263.3
002449,0.8 3 442.2 174.2 496.6 190.5 1.0 3 273.6 211.1 337.7 233.1 0.7 10 2.7 253.5 226.8 374.9
002451,0.5 15 0.8 155.2 47.1 377.3 0.5 15 102.2 260.6 159.8 374.2 0.9 15 25.6 257.0 164.7 374.8 1.0 15 178.6 254.3 317.6 375.1
002453,0.5 7 137.6 22.5 251.5 197.8 0.5 7 270.3 37.1 343.2 168.4 1.0 7 10.0 21.0 251.1 206.8 1.0 7 270.0 37.2 488.0 193.3
002455,0.9 14 290.1 109.8 420.6 234.4 1.0 14 199.2 135.6 289.2 274.1 1.0 14 79.3 132.7 222.6 267.7 0.9 14 289.4 110.0 420.0 285.7 0.7 10 9.5 256.6 477.2 392.8 0.8 19 228.7 208.6 342.9 304.6
002457,0.7 18 163.0 121.1 500.3 272.5
002463,1.0 8 259.7 212.8 331.5 436.0 0.7 14 157.4 113.2 231.1 265.8 0.8 14 155.8 113.9 231.1 411.2 1.0 14 2.5 26.0 197.8 459.4 0.9 8 1.0 244.0 46.7 408.8 1.0 14 176.2 148.1 301.6 456.6
002464,0.7 9 306.2 111.9 354.4 198.8 0.6 9 290.7 112.7 355.5 221.6
002467,1.0 0 2.5 213.6 164.4 259.3 1.0 0 33.5 141.9 459.3 260.2
002469,0.9 19 0.6 146.6 121.3 375.3 1.0 19 0.7 132.8 118.7 374.6 1.0 14 204.2 112.0 417.9 375.6
002473,1.0 1 4.7 10.2 491.3 326.6
002474,0.7 3 199.9 239.1 253.6 263.4 1.0 3 65.5 90.2 189.7 282.1 0.9 3 177.1 102.1 254.3 266.8 0.6 3 133.6 230.6 214.4 272.1 0.6 3 174.6 103.3 213.4 275.6
002475,1.0 14 229.8 159.8 282.1 295.9 1.0 1 308.7 233.3 364.5 312.0 1.0 14 154.0 154.9 210.5 282.6 1.0 14 119.2 135.5 158.8 276.5 0.9 1 153.3 207.4 216.1 291.0 1.0 1 233.8 219.2 277.4 300.5 1.0 1 82.7 199.4 143.2 278.1 1.0 14 189.6 137.4 231.0 290.4 0.9 1 152.0 208.5 190.3 290.9 1.0 14 75.9 140.4 132.6 266.8 1.0 14 308.9 171.8 365.4 303.7 1.0 14 263.6 141.8 305.0 298.8 1.0 14 342.1 147.2 401.2 310.0 0.8 14 257.9 127.4 275.6 160.7
002482,1.0 15 69.4 355.0 146.9 446.4
002484,1.0 6 203.1 255.0 272.0 286.9 1.0 6 115.4 253.5 141.0 272.1 1.0 6 140.9 254.4 176.0 274.4 0.6 6 96.2 252.7 119.0 269.1 1.0 6 85.9 253.9 117.2 272.2 0.7 6 248.7 258.4 280.9 284.7 1.0 6 297.8 253.1 375.5 289.9
002485,1.0 11 2.9 35.2 236.3 373.2 0.8 11 301.9 170.0 499.5 374.2
002486,0.6 2 314.2 143.5 398.8 192.4 0.5 3 237.5 98.1 307.2 149.2 0.5 2 20.0 120.6 51.9 172.1
002487,0.7 18 2.2 2.1 499.1 374.4 0.9 18 10.1 19.5 443.5 370.7
002488,0.6 13 9.9 109.6 306.9 501.4 0.5 14 35.8 74.5 288.4 389.7 0.5 14 36.1 76.0 287.9 441.0 1.0 13 10.4 104.2 374.6 500.9 0.6 14 111.9 76.3 281.5 441.3
002489,0.8 15 0.0 182.4 145.0 289.2 0.6 17 1.2 6.8 500.0 229.2 0.9 17 1.3 3.0 498.6 283.9
002495,0.8 13 1.7 25.9 455.6 357.4 0.7 13 247.9 26.3 459.8 357.8
002498,0.8 2 386.9 72.1 434.8 165.4 1.0 14 7.6 87.4 199.7 374.5 1.0 14 257.7 89.8 454.9 374.4
002499,0.6 15 210.1 76.4 322.8 161.3 0.8 15 54.1 216.9 200.9 303.5 0.5 14 251.7 1.6 499.8 332.3 0.7 14 1.3 0.9 75.3 200.2 0.8 15 194.1 74.6 373.5 163.6 0.7 10 6.8 64.1 497.9 333.6 1.0 14 252.9 1.0 499.3 256.5
002503,0.7 14 34.1 243.2 119.4 337.4 0.8 14 0.9 293.3 42.6 499.1 0.9 14 35.1 248.1 96.9 336.1 0.9 19 5.1 209.6 129.7 358.5 0.5 15 161.1 1.9 327.2 72.3 1.0 14 273.0 101.6 300.0 151.4 1.0 14 182.4 54.5 301.5 448.9
002506,0.6 8 0.8 1.3 91.8 228.5 0.6 8 14.6 245.6 177.4 474.1 0.7 8 50.9 95.6 198.6 414.0 0.9 8 13.6 94.2 184.9 475.7 0.9 8 156.0 88.9 296.5 383.0
002507,0.6 13 460.8 1.6 500.1 80.2 0.9 13 1.6 1.5 480.0 331.8
002509,1.0 14 1.4 2.9 326.2 499.5
002510,0.9 15 48.6 61.3 73.3 90.2 0.9 15 225.0 168.9 362.6 332.5 0.8 10 189.8 104.1 275.2 160.6 0.6 15 143.5 3.6 172.2 126.1 0.8 8 0.6 126.5 177.6 264.9 1.0 8 166.2 100.2 226.1 173.0 0.8 15 202.1 58.7 237.2 115.6 0.8 10 89.8 219.1 355.5 334.0 1.0 17 171.9 121.1 481.8 325.1
002511,1.0 14 186.6 81.5 298.2 293.6 1.0 12 93.6 114.9 386.8 467.2
002515,0.9 19 345.2 197.0 425.7 282.0 0.7 14 31.3 108.3 53.8 189.7 1.0 14 218.3 68.1 262.2 147.7 1.0 14 33.9 107.6 66.1 190.3 0.8 14 60.6 109.7 77.0 153.0 0.9 14 334.3 65.6 369.6 91.9
002516,1.0 14 349.8 223.1 482.4 374.9 0.7 14 275.8 32.2 306.5 100.8 0.9 14 151.0 156.2 185.4 192.0 0.8 14 324.4 138.3 447.7 298.0 0.8 14 221.3 159.7 329.6 300.6 1.0 14 29.3 82.8 308.5 374.6 0.9 14 320.9 137.7 451.3 371.7 0.9 14 221.9 159.2 360.3 373.5 0.8 14 324.7 137.9 494.2 371.4
002517,1.0 6 80.7 70.8 432.6 329.9
002521,1.0 18 16.5 56.3 481.7 252.7
002522,0.0 0 0.0 0.0 10.0 10.0
002526,1.0 6 88.9 108.7 381.4 231.1
002527,0.9 15 3.2 31.3 365.0 497.8 0.7 15 1.2 125.6 116.6 499.4 0.9 15 99.6 34.5 362.9 499.4
002528,1.0 14 262.7 45.1 448.5 308.9
002530,0.6 5 0.2 160.4 122.3 281.2 1.0 5 111.4 102.5 393.2 290.9
002531,0.7 14 333.6 45.1 354.3 80.4 0.7 14 301.6 45.8 337.7 86.4 0.9 6 409.1 51.8 500.3 161.5 1.0 14 347.7 50.7 373.1 88.9 0.9 14 366.8 47.3 387.2 84.5 0.6 6 0.9 124.3 124.3 266.4 0.7 14 322.0 45.5 347.2 86.4 1.0 6 11.7 85.4 490.2 334.3 0.7 14 334.8 46.3 357.1 85.8
002532,1.0 6 112.6 175.8 158.0 204.0 0.5 18 184.2 115.5 501.0 227.6 1.0 6 71.5 171.2 115.7 202.5 0.5 18 187.7 127.1 354.9 228.1
002535,1.0 11 2.3 45.6 500.7 263.6
002536,0.5 8 83.0 246.1 202.9 332.6 0.8 4 245.5 124.0 264.4 179.8 0.6 10 2.6 129.5 499.4 333.4 0.8 10 2.0 131.6 499.3 242.5
002538,0.9 8 81.5 285.8 152.5 345.0 0.7 4 290.1 283.0 313.6 331.9 0.7 14 201.2 45.6 286.6 256.8 0.7 14 106.5 1.7 281.9 305.9 0.5 14 1.3 76.1 126.5 344.9 0.7 8 221.3 252.9 310.9 296.7 0.6 14 148.0 45.2 285.9 257.7 1.0 14 107.4 1.3 219.5 306.0 0.7 14 143.7 45.9 283.1 318.8 1.0 10 100.1 263.3 500.5 345.1 0.9 4 203.1 225.2 231.7 327.1
002541,1.0 11 35.0 60.1 478.2 285.4
002543,1.0 6 2.3 255.9 254.9 332.7 0.8 6 155.2 252.9 239.0 285.4 1.0 6 241.7 255.1 303.3 309.3 1.0 6 260.2 238.7 496.0 332.4
002548,1.0 6 379.1 120.9 500.2 219.8 0.5 6 28.2 68.6 247.9 230.3 1.0 6 253.1 115.2 359.2 205.1
002550,0.7 1 1.2 326.5 78.4 463.9 1.0 14 33.0 48.0 332.7 500.1 0.5 14 159.6 49.4 333.2 499.4
002551,0.5 15 315.9 20.5 361.6 52.2 1.0 14 93.4 54.1 300.0 298.3 1.0 14 1.2 8.5 86.4 160.6 0.9 14 454.8 74.6 499.8 220.2 1.0 14 102.7 1.4 198.3 158.6 0.7 14 462.1 8.7 499.2 79.5 1.0 14 255.2 70.4 480.5 332.4
002552,0.6 15 0.9 259.1 49.3 375.2 0.9 7 102.9 242.9 172.2 347.4 0.8 15 0.6 260.2 38.1 359.3 0.5 15 1.0 258.0 44.7 421.1
002553,0.6 12 1.7 26.2 455.9 376.6
002556,0.6 6 1.9 -0.1 499.0 315.0
002557,0.6 15 73.0 200.6 170.4 320.7 1.0 15 90.1 192.5 153.1 255.9 1.0 15 41.2 1.4 109.9 69.0 0.6 15 329.5 45.4 409.2 116.8 0.5 15 339.7 160.9 414.7 334.0 1.0 15 334.8 174.9 408.6 266.9 1.0 15 286.0 152.5 344.4 251.4 0.9 15 411.0 47.7 464.6 168.5 1.0 15 413.1 71.9 463.5 170.5 1.0 15 61.3 73.2 158.1 150.7 0.6 15 410.9 44.7 459.7 168.5 0.8 15 19.2 78.3 96.2 244.6 1.0 15 113.2 2.4 268.3 176.5 0.5 15 163.8 75.2 270.7 179.0 0.5 15 70.3 181.5 171.4 321.3 1.0 15 31.4 143.0 99.0 246.8 0.9 15 289.5 158.6 343.7 232.3 1.0 15 151.5 176.6 226.5 256.5 0.5 15 117.5 2.1 261.5 119.2 1.0 15 279.3 47.2 410.3 139.7 1.0 15 230.5 189.7 300.0 263.5 0.5 15 202.6 191.5 324.7 335.4
002560,0.7 4 4.2 1.1 164.3 386.1 0.6 4 6.0 1.3 166.0 335.5 0.9 4 146.2 81.6 261.0 461.9
002562,1.0 14 180.6 66.5 270.6 287.0 0.5 14 35.0 44.3 198.5 277.3 1.0 14 118.3 43.1 192.5 280.5 0.5 14 35.2 45.7 144.5 274.1 1.0 6 37.3 74.2 499.0 310.9 0.8 6 244.9 77.0 499.5 310.5
002568,0.9 14 254.6 1.3 291.5 72.1 0.9 14 161.7 1.6 198.2 88.3 0.9 14 202.9 1.4 239.0 71.9 0.8 13 1.0 1.6 169.0 145.3 0.9 13 82.4 32.6 394.2 331.5 0.5 13 1.2 6.3 128.6 144.8 0.7 14 383.8 1.1 446.4 168.3 0.6 13 80.7 1.5 395.2 330.2
002570,0.6 14 140.9 3.4 373.6 409.7 1.0 14 36.3 3.3 373.5 498.9
002573,0.8 12 194.2 149.5 269.7 273.3 0.8 12 313.6 156.7 433.8 257.2 0.5 12 366.4 160.0 435.7 258.9 0.7 12 309.8 135.0 367.2 176.0 0.6 12 316.0 149.4 380.3 235.8 1.0 14 426.3 117.9 470.9 225.2 0.9 14 273.6 125.4 291.1 166.4 0.9 14 99.0 132.3 131.9 200.4 1.0 12 116.9 147.9 269.3 274.6 0.9 14 89.9 127.9 111.1 194.6 1.0 14 164.4 117.9 203.9 228.0 1.0 14 371.7 121.4 397.2 178.2 0.9 12 58.9 162.8 128.2 247.6 0.8 12 363.1 151.2 498.8 260.7 0.9 12 255.5 138.5 312.9 177.8 0.6 14 328.4 119.5 342.2 144.3 0.9 12 313.9 151.3 497.8 260.0 0.9 14 326.3 119.5 342.0 155.6
002574,0.8 15 153.3 18.6 268.7 93.6 1.0 11 100.6 70.2 307.1 294.5 0.8 15 153.2 18.6 269.6 143.1 1.0 15 385.0 59.5 450.4 145.4
002575,1.0 4 416.1 278.2 436.9 353.1 0.9 15 363.2 316.4 431.2 379.8 1.0 4 319.8 311.4 361.2 379.9 0.8 4 437.0 254.2 459.5 344.6 0.5 4 437.6 254.4 459.1 308.8 1.0 14 181.6 136.9 266.9 351.8 0.8 15 250.4 252.3 306.4 302.1 1.0 8 15.2 245.2 77.1 352.9 0.6 4 439.7 252.2 458.0 292.2 1.0 4 436.4 307.8 461.2 374.1 0.9 14 288.5 123.5 419.5 366.1 1.0 14 249.6 145.3 326.1 366.1 1.0 14 289.4 124.6 419.5 335.1
002576,0.8 9 157.1 107.0 443.1 318.0
002577,1.0 6 35.4 57.8 477.4 308.1
002580,0.5 6 1.2 217.5 322.7 331.9
002581,0.5 17 443.8 183.3 500.0 313.4 0.6 15 237.1 24.1 373.6 275.5
002582,1.0 14 333.2 296.1 352.0 367.0 1.0 14 346.7 271.5 369.5 367.9 0.9 14 68.8 286.5 84.2 314.3 1.0 14 131.6 338.3 169.8 441.9 1.0 14 26.3 286.7 38.7 316.4 1.0 14 43.4 322.5 88.8 452.7 1.0 18 74.7 62.5 367.3 408.8 1.0 14 362.5 273.2 375.3 369.7 1.0 14 322.0 273.9 343.3 352.3 0.7 14 40.7 284.6 51.8 314.3
002583,1.0 6 63.7 261.8 392.5 374.4 0.6 6 65.4 262.1 288.6 374.3 0.8 0 1.6 13.9 500.2 250.5
002587,0.7 14 386.2 2.7 499.5 146.5 0.5 9 95.8 81.2 325.5 268.2 0.6 9 345.0 21.1 499.9 162.3 0.7 9 343.3 41.3 500.3 173.2
002588,1.0 14 1.5 95.3 247.3 375.4 1.0 14 210.3 48.3 472.9 374.9
002591,1.0 14 194.4 1.4 279.1 99.2 0.7 14 9.4 52.2 168.1 352.2 0.8 14 176.2 91.9 258.9 211.7 0.6 14 11.9 53.5 168.3 325.4 0.8 14 25.7 91.5 252.0 366.1 0.9 14 12.7 51.4 161.5 358.6 0.7 14 12.0 50.6 135.3 319.8 1.0 14 233.0 16.0 331.2 321.9 0.8 14 224.2 50.4 484.7 367.3 0.9 14 256.8 50.7 483.4 363.5
002592,0.8 14 32.9 20.7 214.5 260.0 0.8 14 33.3 21.1 213.3 157.0 0.6 14 31.3 19.4 222.1 332.3 1.0 13 29.0 63.8 419.9 333.6 0.6 14 249.0 2.3 397.9 279.7
002596,1.0 14 196.3 123.8 238.4 258.2 1.0 14 137.3 152.5 203.2 334.4 0.8 12 49.2 212.6 157.3 433.6 1.0 12 110.2 149.0 302.2 421.8
002597,0.9 11 62.4 20.5 387.1 245.8 0.8 7 89.1 174.8 428.1 374.8
002601,0.7 19 114.1 15.2 183.3 72.4 1.0 19 1.3 79.2 125.3 274.5 0.9 17 188.7 152.0 498.7 376.0 0.8 19 394.8 95.8 474.9 152.1
002602,0.8 6 84.4 0.6 487.1 56.2 1.0 14 169.1 35.5 343.9 278.6
002604,0.9 10 1.9 285.1 397.8 375.3 1.0 14 19.2 61.9 200.9 325.7 0.8 19 394.1 237.9 499.6 375.5 1.0 14 224.2 102.6 415.1 303.2
002607,0.6 6 125.1 109.2 350.4 197.1
002608,1.0 19 270.7 179.7 435.4 330.4
002610,0.6 8 79.2 316.1 136.1 363.4 0.9 8 22.0 318.5 95.8 375.0 1.0 8 78.6 326.3 244.0 375.0 1.0 6 1.2 238.1 118.4 333.9 0.9 8 224.7 310.7 363.5 371.7
002612,0.7 14 1.1 2.3 99.3 314.4 0.8 13 0.7 1.9 283.6 374.1 0.9 14 1.1 2.0 165.2 373.7 0.7 14 228.3 117.3 288.5 287.5 0.7 14 279.1 35.0 431.1 375.3
002614,0.7 14 2.9 179.1 190.4 332.9 0.7 14 348.1 153.1 492.1 331.8 0.6 14 370.1 92.2 442.0 200.0 0.8 14 350.0 151.5 476.6 332.1 1.0 14 345.5 149.3 424.1 288.1 1.0 14 309.6 149.8 363.9 243.8 0.6 4 307.9 216.3 326.4 280.6 0.6 14 143.6 171.5 207.5 331.9 0.8 14 373.8 93.3 499.1 250.7 1.0 14 272.3 150.3 323.1 226.3 0.9 14 144.2 169.5 207.3 256.3 0.9 14 373.4 92.8 440.0 181.7 0.5 14 270.8 150.6 324.2 252.0 0.8 14 144.6 170.5 186.3 232.0 0.9 14 68.8 181.9 191.0 332.1 1.0 14 86.2 167.1 128.0 223.1 1.0 14 1.8 180.3 132.1 333.0 1.0 10 134.0 212.0 458.9 332.0 0.5 14 66.9 168.8 141.2 294.3 1.0 14 406.4 154.7 492.6 329.8 1.0 4 308.1 215.4 324.7 258.6
002616,1.0 7 16.0 19.1 382.1 250.9
002617,0.9 8 26.3 250.9 177.5 375.1 0.6 8 29.1 263.6 177.0 374.7 1.0 19 366.4 189.6 421.2 247.2 1.0 8 48.6 137.1 120.9 221.9 0.6 8 11.8 127.9 91.4 231.9
002619,0.5 0 22.7 13.0 347.2 484.2
002620,0.9 7 43.6 231.2 220.4 419.5 0.8 7 46.6 221.4 325.3 421.2 0.8 4 22.8 229.4 61.2 358.6 1.0 14 157.5 24.3 332.9 498.9
002622,0.9 6 10.3 311.1 76.7 332.9 1.0 6 262.0 296.1 306.5 330.4 1.0 6 151.2 310.9 190.1 332.1 1.0 6 188.4 305.8 224.5 332.1 1.0 6 225.2 302.0 262.3 330.9
002623,0.5 9 400.4 251.3 499.1 354.3
002624,0.7 14 110.0 139.6 239.8 373.9 1.0 14 108.9 138.6 292.3 375.0 1.0 14 254.5 151.7 360.8 258.6 0.6 14 414.7 212.7 494.6 266.7 1.0 10 221.6 238.2 498.9 373.9
002626,0.9 1 269.8 373.7 324.8 440.0 1.0 14 287.2 249.7 374.7 500.1 0.7 1 282.0 373.1 333.3 445.2 0.7 1 266.3 373.3 332.4 442.7 0.8 1 281.5 376.5 333.4 498.8 1.0 14 247.0 292.1 278.8 392.5 1.0 14 94.7 274.1 134.9 378.6 0.9 14 0.8 289.1 17.9 420.4 0.7 14 249.4 291.8 278.9 337.5 1.0 14 0.8 284.3 30.1 417.5 1.0 14 0.7 287.3 27.1 420.5 0.8 14 76.2 277.4 108.8 382.6 1.0 14 27.3 283.8 65.5 420.1 1.0 14 180.0 273.1 225.9 391.3 0.5 14 139.9 302.8 155.2 340.6 0.8 1 286.2 376.6 375.1 499.8 0.9 1 289.5 388.4 375.0 499.8 1.0 14 265.7 285.0 313.2 425.8 0.5 14 220.8 293.6 240.6 374.1 0.7 1 189.0 334.4 219.7 404.6
002628,0.9 3 232.0 269.7 345.7 303.5 1.0 3 60.4 169.9 122.3 264.7 0.8 3 62.7 250.6 119.1 264.5 0.7 3 172.7 57.4 345.0 302.8 0.9 3 232.2 56.3 345.1 302.8
002629,0.8 2 185.5 179.2 328.1 314.1 0.9 2 253.8 171.5 335.6 202.1
002630,0.8 2 73.0 41.4 263.7 300.2 0.9 2 72.3 40.9 263.5 334.1 0.7 2 316.9 74.3 462.3 333.6 1.0 2 318.9 73.1 488.6 333.9
002631,0.6 13 161.1 217.3 311.5 427.1 0.8 14 92.6 81.1 280.3 314.5 1.0 14 16.8 133.7 182.4 426.5 0.7 13 93.0 142.4 331.5 426.1 0.6 13 68.1 208.6 311.7 424.3 0.9 13 128.4 143.7 332.0 426.6
002638,0.8 19 163.3 82.8 215.9 151.1 0.9 19 128.9 79.2 213.4 153.9 1.0 19 89.9 75.5 132.5 102.9 1.0 8 209.8 175.5 335.6 374.8 0.9 19 224.2 76.7 287.1 132.2
002639,0.7 14 42.9 147.3 73.6 181.4 1.0 14 185.8 156.3 245.4 302.3 1.0 14 239.1 148.1 309.3 303.2 1.0 14 346.2 158.1 403.1 285.1
002640,0.9 1 57.7 2.4 450.0 256.2
002642,1.0 7 61.1 132.3 209.8 407.7
002644,0.5 8 202.7 199.1 263.3 359.5 0.8 15 161.0 300.5 201.2 357.7 1.0 15 1.5 205.6 126.6 338.8 0.7 10 153.2 278.6 260.1 360.0
002650,0.8 6 321.5 33.2 352.7 51.8 1.0 8 223.5 74.0 312.3 204.9 1.0 17 1.2 129.7 156.6 358.9 1.0 8 323.0 100.2 396.3 207.7 0.6 10 247.1 205.2 497.4 376.5
002651,1.0 14 257.6 52.1 500.4 374.7
002652,1.0 14 194.9 1.3 316.6 316.5 0.8 11 149.5 109.2 395.4 335.8
002654,0.9 8 9.7 242.8 146.3 375.7 0.9 17 137.0 244.7 400.2 375.0
002655,1.0 14 165.5 49.0 265.3 194.1 0.8 14 164.2 49.3 268.3 235.5 1.0 12 82.9 81.1 413.2 292.4 0.9 12 82.8 83.8 415.6 371.3
002656,0.6 4 183.9 196.7 200.4 251.2 0.8 15 0.6 151.3 57.9 274.7 0.7 19 187.8 158.1 284.5 347.9 0.8 15 104.4 75.5 134.0 135.4 1.0 14 94.6 90.0 206.3 488.6 0.8 19 188.9 206.5 284.6 352.3 1.0 14 265.9 100.6 367.5 453.9 0.9 15 226.3 72.2 292.7 148.4
002660,0.9 14 123.6 120.2 271.6 255.0 0.6 15 236.6 1.1 499.6 252.1 0.7 15 235.2 1.3 498.9 302.4 1.0 14 231.3 161.4 498.9 374.6
002661,1.0 0 2.0 130.9 483.2 230.7
002663,0.0 0 0.0 0.0 10.0 10.0
002665,0.6 5 167.2 187.7 226.1 230.7 0.7 14 288.4 168.9 301.4 207.3 0.9 0 245.6 113.5 485.1 208.1
002671,1.0 14 1.6 55.4 248.3 374.7 0.9 14 226.4 128.1 498.3 373.6 1.0 14 257.6 127.6 499.7 374.8
002672,1.0 2 60.3 68.6 411.3 411.5 0.8 2 14.1 160.6 412.8 428.8
002673,0.5 14 220.5 64.2 336.7 231.9 0.8 14 176.2 85.5 243.7 263.4 0.6 14 59.9 130.0 168.5 301.3 0.5 14 217.7 63.8 346.4 259.3 0.7 19 369.7 79.1 483.3 209.4 0.5 14 214.5 65.3 350.3 321.3 0.7 14 2.5 119.9 175.1 359.2 0.9 14 125.2 63.8 497.3 374.6 0.6 14 203.2 62.7 498.9 367.4 0.7 14 211.6 62.6 473.9 364.9 0.7 14 210.4 63.0 499.6 373.8
002674,0.7 14 270.9 256.0 288.7 299.7 1.0 8 41.9 288.7 103.4 374.6 0.5 10 220.8 293.4 301.3 329.8 0.9 8 339.7 308.2 407.0 375.0 0.9 8 452.8 316.4 500.1 375.0 0.5 8 308.3 285.8 337.8 329.0 1.0 14 465.5 226.7 493.7 302.0 0.9 14 467.3 227.4 498.5 302.6 1.0 8 169.4 304.1 269.7 375.4 0.7 14 88.3 246.5 105.5 276.9 0.5 14 475.6 227.3 500.1 297.1 1.0 14 357.5 249.1 383.7 312.3 0.9 8 2.3 302.3 59.3 375.1 0.9 14 469.2 255.0 499.9 343.0 0.8 8 372.2 322.1 435.1 374.8 0.8 10 216.9 289.5 331.6 330.2 0.9 10 253.9 322.8 391.3 375.1
002676,0.7 9 381.8 270.4 417.4 298.4 0.7 9 204.4 250.6 254.2 308.5 0.7 9 245.4 248.7 286.5 304.7 0.9 9 346.8 245.0 386.7 297.0 0.8 9 285.7 250.1 337.9 306.0
002679,0.6 5 97.3 30.2 425.7 375.6
002681,0.9 6 10.5 139.9 325.0 450.8
002685,0.9 2 419.7 190.1 498.5 304.9 1.0 2 266.9 111.6 327.5 209.5 0.6 2 82.8 170.6 201.5 275.2 1.0 2 24.5 97.0 134.6 169.4 0.9 2 116.3 171.8 259.2 374.7 1.0 2 181.1 75.9 261.8 174.1 1.0 2 145.0 60.2 176.9 101.5 0.9 2 80.4 169.1 159.6 275.6 0.7 2 26.1 94.6 84.1 152.1 0.7 2 10.6 146.3 126.1 261.2 0.7 2 85.0 171.1 307.9 374.8 0.8 2 213.2 273.9 311.6 375.0 1.0 2 353.1 70.1 417.8 161.1
002686,1.0 14 168.5 168.7 275.3 365.6 1.0 13 126.1 207.3 358.3 363.2 1.0 14 256.2 137.5 326.5 230.9
002687,0.9 14 2.3 179.1 163.2 374.9 0.8 14 3.7 80.2 312.9 375.0 0.9 14 12.4 80.8 406.4 374.2 0.5 14 38.3 180.0 139.1 273.2 0.5 14 42.5 179.1 134.9 271.7
002688,1.0 18 3.9 98.0 467.4 322.3
002692,1.0 14 230.0 187.4 294.1 359.7 1.0 12 280.8 162.2 369.8 378.7
002694,0.9 14 85.7 182.4 288.2 373.8 0.6 14 3.1 2.0 459.0 374.4 0.9 7 1.2 49.3 242.8 284.2 0.6 7 282.7 83.2 458.0 276.7
002698,0.9 1 41.3 1.3 478.9 289.9
002700,0.8 5 0.5 59.6 132.4 107.6 1.0 14 259.5 62.1 406.6 374.8
002701,1.0 14 29.1 271.6 47.0 305.4 1.0 14 109.9 263.1 128.8 306.8 0.7 14 203.2 260.3 222.2 275.9 1.0 14 5.4 270.9 27.5 323.6 0.6 14 129.1 262.4 145.4 303.9 1.0 6 135.7 269.3 306.6 319.0 0.9 14 338.5 255.5 353.8 289.0 0.8 14 283.4 261.0 296.2 283.4 0.5 14 60.1 265.5 71.5 296.6 1.0 6 339.8 260.0 501.5 317.0
002703,1.0 6 179.4 202.6 247.5 235.2 1.0 0 99.1 176.9 181.6 233.0 1.0 14 109.8 260.1 225.8 374.9 0.6 6 211.8 206.7 249.6 233.4 1.0 14 341.2 274.2 435.4 374.5
002705,0.9 8 1.4 195.3 55.7 351.8 0.6 14 412.9 38.8 499.3 270.8 0.7 15 8.2 17.5 86.2 143.9 0.5 8 387.2 90.0 497.1 241.3 1.0 4 326.8 285.0 367.5 374.6 1.0 14 413.0 39.5 499.6 207.1 0.6 8 387.8 89.7 496.6 237.7 1.0 14 41.7 53.6 225.4 374.0 1.0 14 198.3 97.4 432.1 348.6 0.5 8 389.1 89.2 496.3 325.5 0.8 10 85.4 309.2 479.9 375.1
002707,1.0 0 95.1 100.0 492.0 239.0
002708,0.9 11 73.3 124.2 300.5 333.2 0.7 11 72.9 124.9 250.0 323.4 0.9 15 255.4 80.1 362.6 178.3 0.5 11 13.5 124.3 297.5 333.5 0.5 15 255.4 79.3 362.8 284.9
002711,0.5 14 75.3 284.0 140.0 374.3 0.9 4 1.4 248.9 67.9 375.1 0.6 14 88.4 284.3 136.7 348.4 1.0 14 358.9 50.8 478.6 181.1 0.9 14 360.8 50.6 478.7 318.0
002712,0.9 14 101.7 75.8 255.4 326.7 0.8 14 103.3 76.7 253.6 466.8 0.6 10 11.1 323.6 372.8 499.4 1.0 4 245.5 212.4 292.5 371.6 0.9 4 48.3 187.7 62.9 229.8
002716,0.8 6 418.8 294.6 499.6 370.3
002719,0.6 0 48.1 98.2 485.9 346.6
002720,0.5 14 1.2 34.9 202.0 347.0
002724,0.7 8 320.2 209.9 442.0 374.8 0.9 8 2.0 220.2 141.2 375.6 0.9 8 334.8 208.4 440.6 317.2 0.6 8 404.8 209.3 499.2 332.5 0.8 8 86.8 185.9 155.7 250.4 0.6 8 82.9 184.3 155.5 330.9 0.7 8 192.0 174.3 237.3 232.2 0.9 10 41.7 212.2 381.0 375.1 0.6 8 72.2 185.2 149.2 325.6 1.0 8 181.1 227.1 349.9 375.0
002725,0.9 7 92.8 2.2 498.1 362.8
002726,0.8 14 206.6 168.5 296.9 370.6 1.0 14 409.4 142.0 498.9 372.8 1.0 14 157.1 202.2 219.8 374.3 0.7 14 203.9 178.6 252.5 369.8 0.7 14 222.6 224.9 301.1 374.1 0.8 14 236.5 168.8 299.2 364.4 1.0 14 242.9 299.2 299.5 374.7 1.0 14 330.3 134.8 421.6 374.0
002728,1.0 14 332.7 2.1 500.2 333.5 1.0 14 1.9 2.1 226.6 333.5 0.8 18 259.0 170.9 380.2 237.6
002729,1.0 14 445.3 34.6 499.7 324.2 0.8 14 394.9 49.6 453.0 137.1 0.5 13 29.5 33.1 467.7 332.4 0.9 14 392.4 49.5 452.3 288.7 0.8 14 394.6 50.1 452.1 178.3
002731,1.0 14 309.9 158.3 369.5 271.9 0.7 1 277.6 193.6 385.9 296.5
002733,1.0 6 44.7 49.9 478.2 271.2
002736,0.9 7 12.0 62.6 374.0 499.3
002739,1.0 13 156.3 218.9 230.4 325.5 0.9 14 365.0 25.2 387.9 69.2 1.0 14 157.0 169.5 233.1 317.9 1.0 13 355.8 41.0 396.5 77.0
002740,0.9 7 45.2 124.5 295.6 290.9
002742,1.0 14 120.5 46.6 225.8 285.8
002743,0.7 8 1.7 280.0 83.0 374.7 0.7 15 3.2 91.9 97.6 230.1 0.6 15 347.0 37.2 418.9 220.8 0.7 15 124.0 145.3 185.6 225.4 0.7 15 180.7 57.3 247.9 223.3 0.8 4 447.9 89.3 491.3 210.7 0.7 15 188.1 103.0 242.5 221.9 0.5 15 153.6 14.2 302.5 226.0 0.9 15 133.3 11.6 302.2 225.1 0.6 15 364.0 149.0 412.9 218.7 1.0 15 120.2 100.6 191.7 227.3 0.5 15 96.6 103.2 134.9 222.2 0.5 14 1.1 78.7 51.6 140.9 0.7 15 140.0 0.9 498.1 323.2 0.7 8 420.9 277.7 499.3 374.6 0.8 15 189.9 152.2 239.9 220.2 0.7 15 290.5 97.9 361.5 224.5
002746,0.0 0 0.0 0.0 10.0 10.0
002748,0.9 14 30.3 171.4 41.7 194.4 0.6 6 57.8 150.5 175.7 277.1 0.8 5 170.2 37.8 474.0 373.7
002750,0.8 15 429.1 131.1 478.7 180.8 1.0 14 140.5 85.0 219.9 375.0 1.0 14 213.0 92.9 315.1 374.4 1.0 14 305.4 87.9 392.6 373.9
002752,0.5 6 231.0 137.0 335.7 185.8 0.8 6 177.6 137.2 201.3 188.6 0.9 17 202.1 187.4 338.2 268.2 0.6 15 141.6 221.6 169.9 266.5 0.6 6 231.4 138.8 343.0 188.8
002753,1.0 15 275.3 215.7 312.0 250.0 1.0 8 100.7 217.8 237.0 357.4 0.9 10 243.5 234.2 335.6 348.0 0.9 8 369.4 206.7 474.1 347.4
002754,1.0 0 47.5 47.4 453.5 216.6
002756,1.0 14 161.4 184.6 186.2 257.8 0.6 14 189.9 190.4 202.8 222.9 0.6 18 0.5 2.2 294.7 498.9 0.9 14 79.2 194.6 91.6 223.4
002758,1.0 6 372.6 194.1 498.5 374.8 0.5 5 200.3 174.3 258.4 226.4
002761,1.0 14 161.3 80.2 376.2 331.8
002764,0.6 14 164.5 310.7 185.1 340.7 0.9 3 45.1 110.0 219.7 352.8
002768,0.9 11 262.2 198.5 333.2 288.4 1.0 14 310.7 69.6 398.1 299.7
002769,0.8 0 10.4 130.8 282.3 275.0 1.0 0 8.0 42.6 494.7 275.7
002770,0.7 9 74.9 197.8 164.6 260.5
002771,1.0 18 12.3 1.6 270.5 244.6
002773,0.9 4 146.8 78.3 163.3 133.9 0.9 4 129.9 136.8 149.7 190.5 0.8 4 96.4 225.2 115.4 292.8 0.7 4 152.3 80.1 167.2 134.4 0.8 4 105.6 223.3 121.4 287.6 0.9 4 50.9 323.2 72.4 374.8 1.0 4 471.2 213.1 494.2 275.0 0.9 4 129.4 137.1 148.9 191.2 0.9 4 449.1 210.9 469.4 262.2 1.0 4 101.2 223.9 119.6 291.7 0.7 4 443.8 200.6 458.1 246.1 1.0 4 41.0 124.4 65.1 203.0 1.0 4 14.2 229.3 42.4 315.9 0.8 4 115.3 138.1 133.2 200.7 0.9 4 69.5 321.4 90.3 374.7 1.0 4 113.6 138.7 133.8 201.3 1.0 4 87.4 225.7 109.2 293.7 0.9 4 184.9 90.6 205.6 141.1 0.9 4 79.0 50.4 99.3 117.3 1.0 14 114.8 147.3 251.0 374.5 0.5 4 97.9 225.5 114.4 292.5 1.0 4 8.8 17.0 32.3 106.2 0.5 4 469.1 211.3 488.7 258.7 0.6 4 52.7 324.1 73.3 374.9 1.0 4 63.6 129.0 87.1 204.2 1.0 14 223.0 85.8 451.6 374.1
002777,0.6 15 117.8 150.4 149.0 233.4 1.0 8 271.5 196.1 317.1 272.7 0.7 10 95.5 222.4 211.4 309.9 1.0 8 146.4 218.4 210.5 313.1 0.9 15 225.6 158.4 247.3 192.4 0.5 15 310.5 277.9 348.6 328.4 0.5 15 321.9 115.0 470.0 238.9 0.6 8 240.8 194.5 284.4 272.9 0.8 15 157.6 180.6 193.1 231.8 0.9 10 89.8 224.8 214.6 368.5 0.5 10 206.2 192.8 285.5 320.9 0.9 17 308.6 239.0 482.0 374.4 1.0 8 205.6 218.0 279.8 326.1 0.7 17 317.3 238.5 478.9 374.1
002780,1.0 14 1.1 90.8 107.6 303.5 0.9 12 251.8 92.9 474.1 274.2
002781,1.0 14 345.3 129.7 442.6 358.7 1.0 14 281.7 172.6 379.3 359.4 1.0 14 301.1 90.3 365.6 282.9 1.0 14 384.3 94.5 460.6 359.2 1.0 14 224.0 78.6 309.4 180.9 1.0 14 159.3 113.4 241.6 359.9 0.8 14 299.6 89.1 369.1 358.8 0.9 14 305.0 89.8 365.2 202.6 0.7 14 238.2 146.9 316.5 246.0 0.5 14 223.3 79.8 307.0 297.0 1.0 14 145.6 90.7 188.7 162.9 1.0 14 87.5 127.9 167.5 359.7 1.0 14 7.7 112.6 90.9 359.5 1.0 14 236.1 147.6 316.2 302.5 0.6 14 239.9 147.1 317.0 242.7 1.0 14 229.9 229.7 349.5 359.9
002787,1.0 7 95.4 61.5 255.9 293.0 0.5 8 8.4 7.2 457.3 373.0 0.6 7 93.4 60.3 422.8 374.9 0.7 7 152.8 193.3 421.8 374.1
002788,0.9 8 4.0 148.2 46.9 245.6 0.9 8 7.8 161.4 96.4 289.9 0.9 14 361.8 71.9 500.3 333.3 0.7 10 5.1 115.9 126.9 163.3 0.6 14 268.5 71.1 340.4 159.5 0.5 10 55.2 141.9 248.9 231.6 0.7 8 4.9 160.4 44.5 246.8 1.0 8 129.9 194.7 213.1 308.8 0.7 8 4.9 137.1 47.5 210.8 0.8 8 36.4 183.8 126.0 301.1 1.0 8 36.0 185.5 141.2 304.2 0.7 10 5.1 115.7 127.8 155.7 0.9 10 55.4 140.0 385.7 332.8 0.6 10 54.5 140.6 387.9 299.8 1.0 14 255.6 71.5 343.9 331.1 0.9 14 313.0 71.2 499.3 333.4 0.9 14 247.5 68.4 276.0 109.9
002789,0.9 9 53.6 137.0 172.2 213.3 1.0 14 391.1 129.2 420.4 215.4
002790,1.0 14 31.8 237.3 47.3 277.8 0.5 14 86.1 235.8 98.2 256.8 0.5 14 87.7 236.0 100.0 256.9 0.9 6 66.0 252.9 114.6 310.6 0.9 12 98.0 82.6 273.1 499.5 0.6 14 47.2 237.0 60.7 275.6 0.7 14 45.5 237.2 59.3 277.0
002792,0.8 8 215.5 263.0 315.9 374.9 1.0 19 26.1 27.3 264.5 189.6 1.0 14 1.9 45.5 221.9 374.5 1.0 14 193.3 74.7 374.5 374.5 0.8 14 371.7 64.0 473.8 292.1 1.0 14 373.4 64.3 476.3 358.1 1.0 15 294.3 35.7 380.3 135.1
002793,0.9 6 134.6 248.4 290.5 296.0 0.8 6 2.3 254.3 145.2 297.6 0.8 6 1.5 253.1 144.7 300.6 0.9 13 331.1 100.7 473.4 174.1 0.7 6 299.5 224.6 500.0 300.2
002797,0.9 13 382.5 191.4 416.9 259.9 1.0 14 389.3 169.6 423.5 248.0
002799,0.8 8 1.2 52.9 68.5 177.6 0.5 10 77.2 130.7 443.7 362.5 0.9 15 160.8 39.8 332.2 233.1 0.6 10 1.7 40.8 500.1 376.6 0.9 19 385.7 7.2 453.0 61.6 0.9 10 5.6 128.8 498.5 375.6
002802,0.5 16 205.8 272.4 374.1 501.0 0.6 16 48.9 78.5 375.3 315.2 0.6 16 107.3 269.2 375.0 499.7
002805,0.9 11 40.7 15.4 224.4 376.6 0.8 11 39.7 12.1 445.8 384.1 0.9 11 168.4 184.9 436.2 388.1
002806,1.0 13 207.3 109.6 466.2 283.7 1.0 14 268.0 67.4 418.2 260.5
002808,1.0 6 245.5 102.1 331.4 244.5 0.8 6 34.7 133.0 98.1 187.8 1.0 6 0.8 132.1 76.7 215.9
002809,1.0 19 294.9 244.0 375.1 332.1 0.7 8 0.7 250.2 103.0 378.2 0.8 8 32.4 222.4 71.3 265.0 0.9 17 0.3 248.5 99.1 376.8
002811,0.6 2 25.2 156.6 139.6 372.3 0.7 2 24.2 74.9 317.9 449.4 0.8 2 130.1 76.5 315.6 450.4
002813,0.7 10 2.8 206.0 238.8 339.4 1.0 14 196.9 130.5 289.2 257.0 1.0 15 37.6 135.0 141.4 265.3 0.7 8 196.5 218.8 369.9 345.7 0.6 8 197.3 166.1 350.1 338.0 1.0 8 195.5 211.6 399.2 372.4
002814,1.0 6 46.1 202.3 321.1 375.4
002818,0.7 9 231.2 211.4 283.8 268.2 0.6 9 332.7 214.6 383.3 284.9 0.5 9 302.3 213.6 382.3 287.2 0.7 9 450.5 209.9 497.9 255.9 0.9 9 393.0 208.9 438.1 259.2 0.5 9 124.0 213.5 154.1 259.4 0.9 9 149.7 223.2 183.7 274.5 0.7 9 259.9 221.0 307.9 278.0 0.9 9 1.3 210.5 51.6 260.7 0.7 9 125.1 212.9 156.5 258.5 0.9 9 78.5 217.7 123.3 269.5 0.6 9 232.7 209.8 294.4 268.4 0.7 9 314.2 208.0 384.8 284.3
002819,0.9 12 419.2 137.7 479.9 285.5 1.0 14 198.6 36.6 314.3 207.9 1.0 12 79.2 66.6 410.2 278.5
002821,1.0 14 228.2 125.9 248.8 192.9 0.6 3 302.8 201.2 429.9 307.3 1.0 14 190.7 146.0 239.4 302.1 1.0 14 260.9 160.6 326.9 323.1 0.9 3 225.8 181.6 429.7 307.3
002822,1.0 0 189.3 102.7 226.5 123.9
002823,0.9 13 88.7 171.2 432.1 375.7 1.0 14 212.7 150.4 326.2 349.0 0.6 13 181.7 171.6 434.3 374.4
002824,0.6 14 1.9 4.2 219.4 429.1 1.0 14 2.5 15.0 498.5 430.1
002825,0.6 2 1.3 80.7 93.5 209.6 1.0 2 8.5 129.6 376.2 332.3
002828,0.7 12 127.2 47.2 373.1 258.1 0.6 12 127.7 47.1 378.1 260.3
002829,0.9 6 38.0 50.6 447.9 312.9
002830,0.9 13 196.4 3.8 280.4 67.8 0.6 13 9.2 116.9 271.6 294.4 0.9 14 252.0 49.9 312.0 281.7 0.9 13 191.4 2.3 254.7 68.0 1.0 13 9.2 115.3 319.1 294.1 0.8 13 1.5 23.0 62.6 83.7 0.5 14 182.1 54.2 268.0 163.4 0.9 14 182.6 49.2 310.7 282.7 1.0 13 391.9 2.5 487.6 92.6
002831,0.8 11 34.7 62.3 281.2 431.0 1.0 11 2.0 2.9 281.0 431.7
002832,0.6 14 91.3 128.4 108.8 202.4 1.0 14 119.7 117.4 140.4 194.6 0.8 14 21.1 108.5 47.3 229.6 1.0 14 1.8 109.4 38.7 232.5 0.9 14 71.0 156.1 91.3 221.7 1.0 14 48.2 75.6 92.7 255.1 1.0 14 134.5 119.9 153.0 187.0 1.0 14 91.6 129.1 107.7 172.1 0.9 14 152.2 122.0 168.5 179.9 0.6 18 162.7 71.7 313.1 212.2 0.6 5 306.9 47.4 501.2 233.7
002837,0.5 16 175.7 118.9 344.1 307.2
002839,0.8 13 48.3 72.2 439.9 333.4 0.8 13 42.3 5.6 498.3 332.4 0.6 13 39.8 7.4 441.8 332.6
002840,1.0 6 7.3 107.4 417.7 282.8
002843,0.7 0 272.5 102.6 354.2 132.4 0.8 6 26.1 101.8 279.8 374.7 0.5 6 215.4 307.8 500.1 374.4
002846,0.6 19 60.0 270.0 123.3 360.9 0.8 19 0.4 175.9 38.9 436.3 0.5 8 56.8 158.1 108.0 243.4 0.8 8 56.0 156.2 110.0 252.0 0.7 19 18.4 182.1 65.8 361.6 0.5 19 0.9 177.2 64.2 395.1 1.0 14 132.4 13.7 288.9 499.5 0.5 8 84.8 142.5 129.1 251.5
002849,1.0 11 59.2 60.2 316.0 266.5
002850,0.8 8 120.0 225.9 298.4 375.1 1.0 19 192.6 82.0 312.6 193.5 0.7 8 90.3 227.1 297.4 376.2 1.0 19 324.1 90.0 424.6 218.5
002851,1.0 0 94.6 72.8 419.4 243.5
002852,1.0 11 59.1 59.7 298.8 157.2 0.7 11 21.4 149.6 385.9 350.0 0.9 11 18.9 146.1 460.2 354.9 0.7 11 17.8 198.7 387.6 359.6
002853,0.5 11 72.8 0.9 319.5 283.4 0.7 11 75.3 0.5 432.1 287.3 0.7 11 75.6 0.5 497.2 318.9 0.6 14 260.3 1.9 497.7 332.2
002856,0.6 14 36.1 1.4 81.4 93.3 0.5 14 426.9 1.9 500.4 165.5 0.5 14 427.7 2.6 500.1 300.5 0.6 14 425.0 1.8 499.5 93.2 1.0 14 270.2 1.1 426.0 86.1 1.0 14 73.0 1.4 149.1 104.0 1.0 10 24.2 33.9 476.0 333.8 0.8 14 184.0 1.0 299.2 48.6
002857,0.8 14 1.9 43.7 300.2 499.2 1.0 4 42.4 171.6 115.5 393.1 0.9 14 1.6 45.0 374.7 499.4
002860,1.0 1 134.9 143.1 339.8 280.8 1.0 14 152.5 21.9 284.3 249.3 0.9 11 321.3 192.8 465.3 332.2
002861,0.0 0 0.0 0.0 10.0 10.0
002862,0.5 19 216.6 170.8 270.9 195.7 1.0 8 211.4 222.1 274.9 315.0 0.7 8 49.2 228.8 126.7 333.7 1.0 10 96.6 201.1 268.0 320.3 0.5 8 183.9 224.1 275.8 317.9
002863,0.9 14 362.5 61.0 499.8 374.5 0.8 14 155.1 58.9 171.6 83.8 1.0 14 126.5 56.4 142.8 100.5 0.9 14 137.7 56.5 152.9 99.4 0.6 14 140.4 56.7 155.0 98.8 0.9 14 176.8 41.0 210.7 73.9 1.0 14 125.1 1.7 366.7 374.1 1.0 14 96.9 54.3 118.5 101.2 0.9 14 366.4 5.2 499.4 373.4
002865,0.9 6 402.5 213.5 499.8 256.3 0.6 5 39.3 1.1 403.7 374.0 0.8 6 208.7 227.8 407.7 374.3
002871,1.0 6 1.1 231.7 75.8 283.9 0.8 18 3.1 103.6 301.3 288.2
002872,0.6 14 334.5 117.2 500.0 375.0 0.9 14 2.0 113.0 240.6 375.6 0.9 14 1.6 112.3 180.8 375.5 1.0 14 278.7 116.4 499.6 375.4
002874,1.0 14 60.0 42.0 352.1 374.9 0.7 14 67.9 51.3 485.6 374.6 0.9 17 1.6 79.4 500.0 374.8 0.9 14 223.8 52.7 488.9 373.8
002876,0.9 11 16.5 24.0 397.5 352.4
002877,0.7 14 291.3 101.6 375.5 500.0 0.7 14 287.0 101.6 375.0 335.5 0.8 14 306.9 103.4 375.0 421.8 0.6 14 272.2 83.7 325.4 221.2 0.9 14 267.1 71.9 326.0 221.5 1.0 14 91.3 122.1 136.9 265.5 1.0 14 2.3 25.1 317.6 498.2 1.0 14 239.3 119.2 272.2 176.1
002878,1.0 14 133.6 125.1 400.0 374.9 0.9 14 96.1 21.3 288.0 373.9 0.9 14 2.4 18.1 254.3 374.7 1.0 14 1.4 14.3 165.0 374.8 0.9 14 235.6 127.0 399.8 375.0 1.0 14 291.9 24.7 499.5 374.6
002882,0.8 16 388.0 278.7 421.1 300.3 0.6 16 374.3 278.5 391.8 295.3 0.7 16 174.2 262.6 193.4 283.9
002883,0.8 14 1.9 2.7 125.0 130.4 0.8 14 1.3 2.6 125.8 498.9 0.9 14 95.2 133.6 319.4 500.4 0.9 14 94.7 118.6 331.4 500.4
002885,0.9 14 387.9 1.3 499.1 292.3 0.7 17 194.5 60.8 442.1 250.4 1.0 14 92.7 63.7 170.3 241.7 0.6 14 164.6 159.5 203.1 204.0 0.9 17 197.6 60.3 498.0 254.3 1.0 14 387.1 1.6 500.1 267.1
002887,0.6 17 391.3 288.4 498.8 374.8 1.0 17 137.3 241.6 339.5 374.0
002888,0.5 14 1.0 235.1 109.9 375.9 0.8 8 289.5 232.2 409.6 374.2 0.8 14 85.7 10.6 169.3 333.6 0.9 14 85.3 10.2 173.4 331.1 0.8 14 347.1 3.2 401.8 159.5 0.8 10 65.5 300.3 307.6 375.1 0.9 14 144.0 43.1 183.3 230.9 1.0 14 20.7 106.8 129.2 374.5 0.9 14 212.2 141.0 392.0 333.0 1.0 4 10.0 102.2 25.5 144.7 0.9 14 255.7 142.8 392.8 332.0
002890,0.8 14 322.8 116.8 350.0 145.4 1.0 14 6.1 176.8 24.8 230.6 1.0 18 22.9 73.1 434.9 293.0
002892,1.0 2 197.6 187.0 245.8 233.8
002894,0.8 0 2.4 98.6 501.2 329.2 0.6 0 2.2 135.3 500.6 308.5
002895,1.0 14 387.7 199.4 442.3 339.1 0.6 14 421.6 197.4 448.4 302.1
002897,1.0 14 121.3 232.0 139.7 278.0 1.0 14 56.5 230.7 72.9 277.4 0.9 14 378.1 243.3 394.4 279.3 0.9 14 330.6 241.1 345.0 280.2 1.0 14 147.6 233.3 165.0 278.4 1.0 14 210.9 236.8 227.5 278.0 0.5 14 148.8 233.1 166.2 277.9 0.5 14 280.0 244.1 292.0 277.9 0.6 18 1.3 184.5 449.7 276.6 1.0 14 89.6 230.2 107.6 278.2 1.0 14 447.7 244.5 464.7 285.8 1.0 14 266.8 240.7 282.7 279.1
002898,0.7 18 2.0 76.6 501.2 326.7 1.0 18 41.9 72.0 500.2 325.3
002900,1.0 6 104.7 125.3 383.4 246.1
002902,0.5 19 12.7 54.4 126.0 182.3 1.0 19 0.5 204.5 97.9 308.3 1.0 19 166.6 87.4 300.2 214.8
002903,0.6 2 17.3 25.9 273.0 374.6 0.6 2 188.1 17.1 395.0 371.7
002904,1.0 4 363.0 224.0 416.7 374.2 0.7 4 467.6 311.0 500.2 374.3 1.0 14 0.9 59.9 235.9 302.8 0.6 10 75.6 276.0 501.0 374.6 1.0 4 272.4 215.0 319.6 371.7 1.0 14 221.8 88.9 366.2 290.3 1.0 14 345.4 144.8 499.3 313.7 0.8 14 345.4 142.9 499.3 372.6
002905,0.7 14 2.3 19.3 226.2 500.1 1.0 14 1.1 20.5 279.0 499.8 1.0 19 215.7 282.7 329.1 387.2
002907,0.8 19 118.9 158.4 224.7 360.5 0.8 17 1.1 214.4 116.2 374.7
002908,1.0 0 200.8 105.7 311.5 229.1
002909,0.6 14 89.4 86.5 182.0 297.1 0.9 14 90.0 84.9 228.4 313.9 1.0 12 101.9 145.8 206.9 406.5
002911,0.9 14 188.1 64.7 276.4 209.6 0.7 14 163.0 101.6 367.5 333.0 0.7 14 119.7 101.5 295.6 333.2 0.5 14 73.1 233.3 128.7 332.1 1.0 14 1.6 226.0 124.6 333.0 1.0 14 118.1 101.4 390.9 332.9 0.9 14 448.8 302.7 469.5 333.1 0.8 14 189.2 63.3 392.9 332.5
002918,1.0 14 387.9 184.6 499.8 330.9 0.9 14 387.4 216.7 436.5 330.5 0.9 14 426.7 184.8 499.7 330.9 0.9 14 40.6 53.0 273.0 323.0 1.0 14 41.7 50.1 329.3 330.2
002920,0.7 1 314.7 227.1 396.7 281.2 0.5 1 54.5 203.1 178.6 275.4 1.0 1 69.2 204.1 179.5 276.4 0.6 18 1.3 123.9 242.1 243.5 0.5 1 422.7 227.2 486.0 280.9 0.9 14 381.5 178.6 392.5 206.5 0.8 1 232.2 210.9 359.2 280.9
002921,1.0 14 90.7 94.9 227.1 293.6 1.0 12 93.4 154.2 230.9 446.0
002922,1.0 2 278.6 368.2 314.4 435.3
002923,0.0 0 0.0 0.0 10.0 10.0
002925,1.0 15 7.7 170.5 92.7 349.5 1.0 14 354.4 110.7 448.5 370.1 0.9 15 441.4 192.1 500.0 342.9 0.8 15 154.7 13.6 366.2 204.9 1.0 14 169.5 148.7 255.2 356.7 0.5 15 157.7 9.3 364.0 357.1 1.0 14 63.9 116.8 175.8 371.0 1.0 14 249.9 148.4 302.4 357.0 1.0 14 276.0 148.7 387.7 363.0
002926,0.7 7 230.6 51.3 346.4 139.1 0.5 7 117.2 121.3 281.8 210.9 0.9 7 115.3 120.5 283.0 232.2
002927,1.0 6 422.1 85.2 500.3 254.6 0.6 14 38.5 118.7 59.0 196.6 0.8 14 73.1 161.1 94.8 192.1 1.0 6 15.4 30.3 464.7 335.1
002928,0.0 0 0.0 0.0 10.0 10.0
002929,0.9 18 174.4 147.9 373.8 405.7 0.8 18 210.5 150.1 374.0 404.2
002930,1.0 8 177.4 166.2 246.2 305.8 0.6 8 248.1 106.3 333.5 222.5 1.0 8 106.1 128.5 202.2 304.6 0.5 8 249.7 107.8 387.8 283.1 0.7 8 243.8 169.0 330.3 306.1 0.9 8 244.3 108.2 331.8 307.0 0.9 8 248.1 107.2 394.4 309.8
002936,0.8 7 1.7 21.1 395.9 318.1 0.6 7 2.2 18.9 449.3 327.2
002945,1.0 4 338.0 295.3 379.4 374.8 1.0 14 16.8 55.3 216.1 311.6 0.6 10 72.2 281.4 494.3 375.0 1.0 14 258.9 60.6 499.9 359.7
002948,0.6 3 60.3 183.3 286.4 241.7 0.6 3 57.8 189.2 152.6 228.3 0.7 3 62.5 200.0 280.1 243.4 0.7 3 3.3 2.8 291.1 244.4 0.8 3 2.0 2.0 283.6 289.8 0.6 3 324.8 134.0 455.8 193.3 0.8 3 152.2 186.9 287.6 236.5 0.6 3 364.8 133.3 457.0 190.6
002949,0.7 6 150.4 189.8 181.3 212.8 1.0 0 1.1 40.3 365.4 200.3
002950,0.8 4 118.0 5.9 220.0 438.8 0.5 4 1.1 336.5 87.3 477.5 1.0 14 86.9 2.7 332.2 498.3 1.0 4 114.4 6.6 228.4 498.7
002951,1.0 14 121.6 151.1 173.1 209.1 0.9 14 157.4 142.7 197.2 211.7 1.0 4 447.3 193.7 474.2 278.4 1.0 19 97.8 124.3 223.5 242.8 0.8 14 149.9 144.8 182.3 208.5 0.7 14 152.5 144.1 184.6 209.2 0.6 19 361.9 200.6 428.3 263.2 0.9 19 225.4 121.6 348.0 246.4
002955,0.9 6 0.8 163.1 31.4 235.5 0.6 18 126.9 1.0 500.3 266.7
002959,0.8 7 121.5 296.0 297.4 398.5
002961,0.6 6 423.1 111.2 499.8 149.4 0.8 6 15.4 4.7 496.0 310.3
002964,0.9 14 250.5 48.9 317.6 218.0 0.9 14 233.8 60.5 271.7 175.3 0.9 14 271.4 49.6 315.9 170.2 0.6 14 274.8 44.7 315.7 117.4 1.0 14 6.6 61.7 54.2 189.9 0.6 14 250.8 59.3 279.6 158.1 0.7 14 0.5 76.0 26.1 195.7 0.8 14 68.7 49.8 122.6 252.0 0.7 14 81.6 46.5 110.2 134.6 1.0 14 30.1 27.3 211.7 406.0 0.9 14 8.5 62.5 69.2 244.5 0.9 11 130.7 318.3 185.7 427.4 0.7 14 235.4 59.2 271.2 122.4
002968,1.0 2 181.9 133.5 343.3 277.4
002970,1.0 7 1.8 72.2 443.2 374.0
002971,0.5 13 91.2 99.8 499.3 285.3 1.0 14 352.3 187.9 442.0 374.4 1.0 14 123.7 207.7 154.8 301.1 1.0 14 74.6 262.4 104.0 301.3 0.8 15 46.8 63.8 181.0 291.5
002972,0.8 14 51.5 271.8 341.0 497.3 0.5 14 54.2 270.9 284.9 497.9 0.7 14 15.0 3.6 338.5 498.0 0.6 4 152.3 316.4 233.3 385.7 1.0 14 18.3 3.2 373.4 499.1
002973,0.6 14 44.9 61.6 243.8 413.0 0.9 14 44.8 61.7 305.9 414.2
002974,0.8 8 31.3 247.3 91.6 327.7 0.8 14 351.8 125.9 375.4 221.9 1.0 14 340.1 127.9 373.4 220.8 0.9 8 83.5 225.9 139.6 328.8 0.7 14 141.6 174.4 159.3 200.7 0.5 14 0.9 164.7 14.9 182.2 0.5 10 93.8 199.2 168.3 244.4 1.0 14 155.7 158.7 182.5 219.3 0.8 14 46.6 242.0 269.8 399.2 1.0 14 96.7 164.9 140.0 223.5 0.9 14 43.2 167.8 62.1 183.3 0.9 10 0.9 212.6 92.9 328.5 0.9 14 129.1 239.6 260.3 402.8 1.0 14 294.9 158.2 335.2 228.5 1.0 14 178.8 122.1 365.0 425.2 0.7 14 170.3 155.4 202.0 249.5
002979,0.9 18 114.0 126.8 173.2 206.7
002980,0.5 2 42.3 106.8 479.4 500.3 0.9 2 47.9 2.9 480.6 499.8
002981,0.8 14 225.6 143.6 283.0 279.7 1.0 14 63.2 122.2 165.3 347.1 1.0 14 222.4 64.5 395.4 288.5
002982,0.6 14 14.8 21.7 231.5 499.6 1.0 14 12.3 20.0 295.0 499.5 1.0 4 278.3 276.8 352.9 500.2
002983,0.6 3 1.6 109.7 430.6 211.3
002985,0.7 18 193.9 14.2 475.5 263.1
002991,0.7 9 25.0 88.2 308.3 500.5 0.6 9 77.3 90.8 308.8 501.0
002993,0.8 6 15.3 2.4 63.6 24.4 0.9 14 171.5 1.2 209.0 36.4 1.0 6 208.0 222.0 336.8 303.4
002996,0.8 2 22.0 280.7 81.1 321.8 1.0 2 62.4 331.5 134.3 381.2 0.9 2 326.0 60.0 366.8 122.8 1.0 2 183.7 242.4 224.9 325.6 0.8 2 20.8 281.3 102.2 322.9 1.0 2 401.8 215.2 479.9 294.6 0.8 2 323.2 56.3 428.8 138.0 1.0 2 82.8 197.4 132.7 260.3 0.9 2 351.9 8.2 432.4 135.3 1.0 2 217.0 148.1 267.7 216.9 1.0 2 100.5 46.0 168.1 111.8 0.9 2 21.7 280.4 112.7 324.4 0.9 2 238.9 314.4 337.7 352.2
002997,0.8 19 266.5 8.5 500.1 240.3 0.9 19 264.8 8.9 499.5 257.8
002998,0.9 14 242.1 133.8 254.5 165.2 1.0 18 251.8 84.0 499.3 180.3
002999,0.6 13 40.0 105.4 134.0 162.9 0.6 14 163.6 63.1 189.3 103.1 0.8 14 83.8 66.0 165.3 134.7 0.9 13 119.3 86.5 272.2 192.8 0.7 13 120.2 119.0 272.9 190.8 1.0 13 38.9 102.3 163.6 165.2 0.6 14 81.8 66.3 165.6 159.2 0.9 14 194.8 81.4 267.1 174.3 1.0 13 288.1 134.1 462.8 228.7 1.0 14 344.7 73.3 450.5 201.2
003001,0.5 18 67.8 1.1 341.3 494.8
003006,1.0 6 376.4 181.3 500.3 282.0 1.0 6 293.1 205.8 370.0 245.8 1.0 6 138.3 206.8 181.2 238.4 0.7 5 258.4 99.7 499.6 226.4 1.0 5 18.9 135.7 124.5 251.3 0.5 6 165.4 201.7 193.1 220.7 0.9 6 184.2 208.2 231.0 247.8 0.7 14 472.7 193.8 496.3 219.7 1.0 5 259.9 121.1 433.2 223.9 1.0 6 217.4 206.1 337.6 263.5
003010,0.6 4 201.3 154.0 242.1 220.4 1.0 4 50.3 33.2 122.8 200.0 1.0 4 406.0 33.0 459.1 188.2 1.0 4 102.5 35.1 152.8 190.3 0.5 15 121.4 323.2 265.1 375.1 0.6 10 20.8 137.0 498.6 374.6 1.0 4 306.4 2.3 371.0 209.0
003012,0.7 8 298.7 299.7 449.0 374.4 1.0 14 117.6 122.9 294.3 375.6 1.0 14 299.8 184.8 417.5 372.7
003014,0.9 15 210.4 113.9 235.5 138.4 0.8 15 139.8 121.3 169.0 148.3 0.7 15 63.9 128.9 91.0 151.5 0.9 18 4.5 10.2 478.6 327.5 1.0 15 386.0 108.1 417.4 135.4 0.9 15 293.5 107.4 326.7 135.9
003016,1.0 5 66.8 82.0 478.0 309.7 1.0 14 372.9 135.5 409.5 178.6
003018,0.5 17 0.7 101.1 174.7 350.6 0.7 14 112.5 53.7 299.2 384.8 0.8 14 1.5 52.8 297.2 498.9 0.9 14 1.6 53.3 374.8 500.0 0.6 14 115.6 52.5 374.6 500.1
003019,0.7 7 19.1 68.3 482.5 363.3 0.5 7 15.4 0.4 497.0 366.1 0.9 7 16.6 56.6 491.1 365.1
003020,0.7 15 4.9 272.9 70.5 334.3 0.9 15 416.8 271.8 451.1 322.3 0.9 15 405.4 207.6 446.1 247.2 1.0 14 170.7 116.9 281.1 374.6 1.0 14 72.1 119.8 174.7 375.2 0.7 15 251.4 1.7 495.0 343.3 0.6 10 193.2 317.9 497.0 374.7 1.0 14 263.9 143.7 337.1 345.0 1.0 14 327.5 130.5 402.5 341.5
003022,0.9 14 243.2 49.9 301.8 174.6 1.0 12 155.0 80.4 459.9 291.9 0.9 14 243.0 50.8 301.3 209.6
003025,0.9 16 329.8 211.8 499.0 374.3 0.8 16 5.6 124.4 211.6 255.8 0.9 16 30.3 159.7 275.8 341.4 0.5 16 170.6 142.5 207.3 169.9 0.9 16 5.7 123.6 276.6 341.9 1.0 14 208.8 89.1 314.1 180.2 0.9 16 217.1 173.4 403.7 374.4
003026,1.0 14 57.6 153.8 187.1 374.4 1.0 14 161.9 86.2 333.7 374.6
003029,0.9 14 32.0 71.2 50.9 111.4 1.0 14 149.3 99.2 406.5 289.7 1.0 17 2.1 110.0 441.1 374.6
003030,0.8 9 124.3 75.3 499.3 344.1 0.8 9 124.9 76.3 499.7 230.1
003033,1.0 6 21.7 229.0 317.5 416.5
003035,0.9 14 56.2 187.6 307.3 479.2 0.9 14 111.9 188.4 307.2 459.4
003036,0.8 14 4.4 37.0 214.7 337.3 0.9 14 4.0 27.0 264.4 338.5
003037,0.7 0 116.2 20.7 497.3 297.9 0.8 0 122.2 108.6 497.2 329.9 0.7 0 119.1 21.6 497.9 324.4
003040,0.8 7 165.2 127.0 367.5 251.5 0.5 8 3.0 3.5 343.9 373.6
003041,0.9 12 1.5 189.1 64.0 309.9 0.9 12 237.4 180.5 312.3 304.1 0.8 12 140.8 178.1 311.8 305.7 1.0 14 30.8 152.1 66.8 231.9 1.0 14 261.6 151.8 297.0 247.4 0.6 14 241.6 178.9 259.8 223.7 0.7 12 1.5 188.3 84.4 307.5 0.9 12 1.7 189.0 83.4 308.8 1.0 12 56.9 181.2 296.2 397.6 1.0 14 151.2 127.1 236.7 287.8
003043,0.8 6 345.0 295.4 377.8 321.2
003046,1.0 6 3.1 60.7 486.9 328.8
003048,0.8 19 1.0 199.1 75.0 373.2 0.8 8 178.4 111.8 299.8 241.0 0.9 17 174.3 111.1 471.0 309.2
003049,0.8 8 1.0 200.3 41.2 268.0 1.0 8 53.7 226.8 152.2 355.3 0.9 8 170.8 316.7 246.6 375.0 0.9 8 257.2 241.1 342.0 374.3 1.0 14 248.4 193.3 309.5 254.4 0.9 14 56.5 175.3 112.4 228.8 0.9 14 114.4 166.1 171.1 239.4 0.9 10 46.9 228.4 163.7 349.8 0.6 8 26.3 199.7 64.2 282.7 1.0 14 138.6 171.2 249.1 374.4 0.6 14 248.7 192.9 340.9 346.4 0.5 14 250.3 194.6 306.0 345.8 1.0 8 169.4 257.1 278.3 374.5
003050,0.8 16 193.1 76.9 214.6 88.8 0.9 2 429.0 262.3 499.1 339.2 0.8 16 462.1 99.6 493.6 116.2 0.9 16 143.4 149.9 222.7 189.5 1.0 16 134.1 164.7 258.9 232.4 0.9 16 310.8 88.5 334.5 105.5
003052,1.0 6 114.3 59.0 255.8 110.6 0.6 6 1.2 57.7 260.1 168.8 0.9 6 54.9 59.5 252.4 167.1 0.8 6 53.7 59.9 234.0 165.7 1.0 14 0.6 47.0 119.2 331.8 1.0 14 159.5 100.7 252.5 331.3 1.0 14 254.6 48.3 316.7 195.1 1.0 14 231.4 200.2 277.7 332.3 0.9 14 232.1 100.9 254.4 126.3
003055,1.0 6 166.1 129.3 347.7 186.4
003059,0.9 18 215.5 129.2 278.6 207.5
003060,1.0 15 59.7 33.1 432.3 319.1
003062,0.9 15 0.9 -0.5 221.8 160.9 0.8 15 1.2 1.4 222.1 374.3 1.0 15 171.3 1.8 489.5 374.6 0.5 15 69.4 0.5 218.4 150.3 0.7 15 173.6 4.7 398.1 373.5 0.7 15 219.6 2.0 494.6 374.3
003067,0.8 4 46.8 62.6 136.5 267.8 1.0 14 133.5 201.0 185.5 260.8 0.8 4 63.8 64.9 134.1 268.5 1.0 4 126.0 52.9 205.3 274.4 1.0 4 301.4 59.8 380.9 273.9 1.0 4 217.1 66.6 293.0 271.5 0.9 4 373.6 60.1 454.1 275.1
003068,0.9 9 79.4 88.7 421.2 323.1
003069,0.5 16 99.1 15.1 405.3 317.3
003070,1.0 6 426.2 175.3 498.8 241.7 1.0 6 89.7 167.5 218.6 225.2 0.7 6 0.8 164.4 44.6 223.3 1.0 6 114.7 182.3 371.1 348.5 1.0 14 355.8 156.3 458.5 374.2
003071,1.0 4 178.0 10.6 292.0 466.5
003073,0.6 3 1.7 178.1 229.3 235.4 0.8 14 152.7 173.8 169.0 193.8 1.0 3 1.4 1.3 229.3 237.1
003075,0.8 13 268.8 123.2 390.2 498.3 0.8 14 39.6 8.6 180.8 335.7 0.5 4 101.3 233.8 130.3 400.1 0.9 14 72.0 9.1 179.5 332.4 0.6 1 1.5 131.6 170.2 483.1 1.0 14 146.1 44.3 333.5 500.8 0.8 13 2.5 120.2 389.7 500.1
003076,0.9 4 183.2 47.2 215.2 161.1 1.0 4 149.6 47.9 181.1 157.0 1.0 4 244.6 303.8 274.2 369.6 0.6 4 57.9 218.5 90.1 371.5 1.0 4 186.0 315.6 211.7 368.9 0.8 4 53.8 47.4 86.6 105.8 0.5 4 279.3 51.9 302.5 151.2 1.0 4 312.5 50.0 344.2 153.9 0.8 4 153.8 309.6 183.0 368.0 1.0 4 276.7 215.4 307.0 284.5 1.0 4 250.7 50.3 281.4 158.2 0.6 4 285.8 51.5 313.0 155.2 0.6 4 290.5 52.0 314.6 153.7 1.0 4 218.3 49.7 248.1 159.5 1.0 4 215.0 304.3 242.3 368.5 0.7 4 120.0 42.9 149.2 95.8 1.0 4 121.3 211.6 152.0 262.7 0.8 4 92.2 307.9 121.4 372.3 1.0 4 180.9 215.5 214.4 289.8 1.0 4 118.0 45.6 148.6 155.2 0.9 4 86.1 47.7 118.7 150.6 0.7 4 281.9 47.2 311.5 103.2 0.8 4 123.7 310.6 151.9 370.3 1.0 4 247.6 217.2 274.9 284.4 1.0 4 61.0 218.9 86.8 283.8 0.6 4 52.2 48.6 86.6 152.8 1.0 4 272.5 303.2 304.6 370.7 1.0 4 152.4 215.6 181.0 283.3 1.0 4 281.1 50.4 312.3 159.9 0.5 4 214.8 215.9 244.4 283.3 1.0 4 214.6 216.2 244.6 286.8
003079,0.6 4 73.4 174.7 136.8 253.3 0.9 4 79.2 174.8 118.3 249.5 1.0 14 311.0 105.0 478.0 251.7
003080,1.0 7 3.2 75.0 361.5 324.8 0.7 7 155.8 76.9 362.6 324.1
003081,0.5 14 0.5 19.7 74.6 373.0 1.0 14 3.1 62.0 313.6 375.3 0.7 1 3.4 186.9 369.8 375.6 0.6 1 100.7 188.2 363.4 375.6
003084,1.0 14 454.4 172.8 486.4 224.5 1.0 14 411.8 164.5 437.4 224.3 1.0 14 92.9 152.3 115.9 218.3 1.0 14 64.7 155.0 84.9 210.4 1.0 14 215.4 109.4 259.1 208.5 1.0 12 182.3 149.4 334.7 250.3 1.0 14 360.9 165.4 388.1 222.4 0.7 14 66.5 154.9 86.2 211.3 1.0 14 137.4 153.6 178.6 220.7
003087,0.9 16 371.7 136.8 401.9 162.6 0.6 16 190.4 81.1 380.2 352.9 0.9 16 398.5 134.7 437.6 166.1
003091,0.9 14 214.6 3.4 332.6 499.8 1.0 14 26.0 167.5 236.5 498.8 0.7 14 180.2 4.5 331.7 498.6 0.8 14 202.1 3.7 332.9 499.6 0.6 14 157.8 3.8 333.0 499.4
003095,0.0 0 0.0 0.0 10.0 10.0
003096,0.6 9 8.2 20.9 299.4 223.6
003097,0.5 18 23.9 49.3 224.0 248.1 0.9 18 25.9 50.0 432.7 249.2
003099,0.8 15 318.9 43.2 361.2 110.3 0.9 8 2.7 2.3 329.9 373.9
003101,1.0 6 258.1 169.9 288.0 191.3 0.9 5 190.2 59.0 260.1 211.0 0.8 5 -0.1 1.7 200.0 304.9 0.7 5 0.0 1.8 122.6 305.7
003104,1.0 14 57.6 70.4 163.8 367.3
003109,1.0 6 206.3 156.9 357.1 253.1
003111,0.9 3 351.1 243.0 403.8 260.5 0.8 3 402.1 176.4 499.3 239.1 0.9 3 162.6 15.7 441.1 249.0 0.9 3 284.9 15.6 443.0 258.7
003113,0.6 8 23.9 65.4 67.4 115.5 1.0 19 65.4 100.5 230.7 238.3 0.8 15 275.0 13.3 493.9 214.2 0.9 19 64.3 100.3 230.9 277.7 0.9 15 279.0 21.2 405.4 184.9
003114,0.7 11 150.8 27.6 358.1 223.4
003115,0.9 8 155.3 133.6 205.3 220.7 0.7 8 196.4 134.3 251.3 187.1 0.8 10 79.6 213.7 247.5 348.4 1.0 14 35.5 52.9 119.2 244.5 1.0 17 200.2 149.2 461.3 339.7 0.6 8 446.1 258.5 499.5 374.9 0.9 8 193.9 134.3 251.2 220.8 0.9 17 203.2 150.6 457.5 336.1 1.0 14 290.5 99.9 460.6 373.0
003119,0.9 7 2.0 4.4 490.4 398.6
003123,1.0 14 195.4 99.0 232.5 179.0 1.0 14 216.0 158.6 271.2 248.0 1.0 14 370.1 107.0 462.2 273.6 0.5 14 37.0 103.5 99.2 314.7 0.8 14 343.4 107.0 384.3 184.7 0.6 14 316.7 164.4 380.8 293.4 0.6 8 427.9 235.8 492.9 371.6 1.0 14 166.9 161.0 220.1 245.0 0.7 14 195.9 98.0 233.4 196.9 1.0 14 226.3 97.0 295.4 214.2 0.9 14 33.1 103.9 97.4 230.6 0.6 14 343.5 107.9 384.7 258.9 1.0 14 342.2 107.5 384.0 217.0 1.0 14 154.9 106.7 197.0 198.9 1.0 14 102.4 163.6 165.1 269.8 1.0 14 99.5 81.7 155.3 171.9 1.0 10 69.7 235.6 452.9 373.7 1.0 14 315.5 164.8 379.7 266.8 1.0 14 87.6 123.0 141.6 271.5 0.6 14 26.6 102.6 96.9 272.3 0.7 8 406.9 233.4 487.0 368.7 1.0 14 294.2 111.4 352.5 200.8 1.0 14 269.1 167.0 327.6 250.4 0.6 14 90.4 123.1 142.4 202.6
003125,0.9 11 197.9 26.3 499.6 367.7 0.9 11 198.7 29.0 457.4 362.5
003128,1.0 6 175.7 132.5 290.5 199.7
003130,1.0 1 37.4 213.8 302.9 429.3
003131,1.0 3 343.7 217.1 412.0 328.8
003132,0.5 4 275.5 120.7 419.0 325.6 0.5 14 0.8 91.7 82.1 367.4 1.0 14 1.5 81.4 174.3 367.1 1.0 14 153.2 17.0 437.0 366.6 0.8 14 247.7 18.2 436.8 329.6
003136,0.6 19 26.6 1.0 286.1 166.5 0.6 14 1.3 1.0 498.4 341.7 1.0 19 206.5 52.4 395.3 233.7
003139,0.8 14 61.8 1.4 88.9 51.5 1.0 8 0.7 47.1 69.2 260.3 0.5 8 377.4 51.7 499.7 177.2 0.8 8 119.9 54.9 182.0 99.7 1.0 14 447.7 27.5 495.9 79.0 1.0 14 245.5 11.1 316.7 74.6 0.8 14 118.4 8.5 181.7 100.2 1.0 14 154.7 1.5 185.6 47.0 0.6 8 52.2 57.8 139.6 181.4 1.0 14 119.1 8.5 181.7 77.1 1.0 14 21.9 75.5 249.7 374.9 0.8 8 185.7 49.6 261.5 200.7 1.0 14 193.1 64.5 499.7 375.0
003141,1.0 8 1.5 215.7 96.4 375.0 0.7 8 354.8 194.8 456.7 374.2 0.6 8 392.0 193.3 456.2 364.9 0.8 8 46.6 309.6 303.7 374.7 1.0 10 99.8 211.7 396.2 361.8 1.0 8 328.6 163.2 394.9 231.6 0.9 8 71.3 178.8 141.8 283.4 0.9 8 420.4 217.9 498.8 374.9 0.6 4 248.8 226.6 264.3 259.1
003143,1.0 6 31.9 67.2 484.9 251.8
003144,1.0 0 62.8 76.4 453.8 228.0 0.7 0 64.4 76.1 452.4 332.7
003148,0.7 2 339.6 64.4 469.8 229.6 0.9 2 377.6 100.4 448.2 228.4 0.9 2 38.8 109.6 166.1 248.5 0.9 2 112.6 209.7 242.3 363.0 0.5 2 349.9 65.8 466.5 191.9 1.0 2 282.3 121.1 332.5 220.3 0.7 2 40.6 108.5 166.4 218.7 0.9 2 343.7 66.0 462.4 229.7 0.9 2 236.1 213.5 414.7 375.0 0.8 2 236.3 216.3 391.6 374.4
003151,1.0 1 286.9 100.5 327.1 180.6 1.0 1 47.8 199.3 164.4 353.5 1.0 14 83.1 102.7 225.9 315.2
003152,0.8 16 1.5 65.2 291.6 332.9 0.8 16 270.8 56.4 500.0 332.0
003153,0.9 14 87.2 101.5 129.4 142.7 1.0 14 363.8 198.0 499.5 375.6 0.5 14 360.8 234.2 434.8 364.5 0.7 14 407.7 197.1 499.9 375.5 0.5 14 361.7 199.4 498.4 367.6 1.0 14 150.3 134.1 274.5 240.2 0.7 14 51.7 111.0 178.3 212.2 1.0 14 74.9 122.4 181.3 236.4 0.5 14 51.3 103.4 131.3 210.5 0.9 14 397.8 1.0 431.7 43.2 0.9 10 3.0 225.5 381.0 375.8 0.8 14 302.7 200.3 491.1 365.1 1.0 14 303.0 230.4 435.1 365.4
003156,0.0 0 0.0 0.0 10.0 10.0
003158,0.9 8 93.7 230.2 209.3 334.5 0.9 19 155.7 139.4 222.8 202.9 0.5 19 0.8 97.4 136.1 320.3
003160,1.0 14 385.3 207.9 498.9 374.8 0.7 14 418.8 208.2 499.6 374.8 1.0 0 3.5 127.8 499.9 346.8
003166,0.6 11 1.6 75.6 499.8 375.8
003167,1.0 14 65.5 34.2 117.8 292.2 0.6 14 0.7 126.7 96.5 375.6 1.0 14 125.3 42.1 188.4 250.4 1.0 14 76.6 3.0 417.2 373.6
003168,0.9 6 268.4 31.0 473.8 212.5
003171,0.9 11 1.5 30.6 345.3 498.7
003172,1.0 14 319.1 22.5 499.5 325.1 0.6 14 248.4 66.9 468.4 331.4 0.5 14 247.0 59.1 363.0 262.4 0.9 14 146.0 95.2 290.0 332.7 1.0 14 41.1 125.7 193.4 333.4 0.5 14 149.9 62.4 496.1 333.2 0.9 14 247.0 23.8 497.4 326.7
003173,0.6 14 128.1 23.1 196.9 77.0 0.7 12 0.8 87.7 39.2 120.1 1.0 14 120.6 24.1 198.8 123.6 1.0 12 118.7 44.4 243.3 139.9 0.8 12 120.1 39.9 242.3 130.7
003174,0.6 19 37.4 1.1 93.7 63.6 0.5 11 1.8 34.1 483.9 253.9 0.9 11 1.7 34.9 483.4 318.8
003179,0.5 12 236.0 142.3 396.7 295.4 1.0 14 201.8 143.6 238.1 191.7 0.9 14 9.9 188.3 33.6 228.9 1.0 14 160.9 133.7 196.8 190.7 1.0 6 20.6 200.5 311.3 298.9 0.5 14 185.3 146.5 202.6 186.7 0.7 12 233.1 138.7 476.4 297.2 0.8 12 232.7 138.6 476.9 300.1
003180,1.0 11 136.5 57.5 449.8 363.2
003182,1.0 12 131.0 127.5 439.9 501.7 1.0 14 394.5 44.8 495.5 498.9 0.6 14 429.8 45.3 495.4 353.9 0.7 14 64.3 18.2 225.1 421.1 0.9 14 2.9 18.7 246.4 496.7 0.9 12 131.9 126.8 474.9 500.8
003187,1.0 14 184.1 20.3 267.8 213.5 1.0 12 34.3 62.3 361.6 293.4
003190,0.7 16 0.3 46.7 111.1 242.3 0.8 16 100.3 28.9 268.6 177.4 0.9 16 1.7 46.8 105.3 258.9 0.9 16 126.7 91.7 281.6 450.3
003191,0.9 14 1.7 1.9 346.5 333.0 0.9 14 81.5 1.6 349.3 332.8
003192,1.0 15 22.0 1.1 496.1 331.0
003193,0.6 14 64.7 105.5 87.5 153.2 0.7 14 106.6 114.3 126.0 145.0 0.8 14 226.2 71.5 292.5 222.0 1.0 14 65.2 105.7 92.0 195.9 1.0 12 145.7 82.1 377.4 245.3 0.9 14 223.4 71.9 310.3 219.8
003196,0.6 14 66.7 54.5 264.3 457.0 0.9 14 27.9 52.7 265.2 470.6 0.8 14 108.2 54.3 267.0 466.7
003197,0.9 14 108.8 85.4 414.5 374.1 0.6 14 2.3 86.6 411.6 374.3 0.7 17 3.4 119.4 395.7 373.8 0.9 4 32.0 208.9 115.8 314.9 0.8 14 110.8 85.6 414.1 373.6
003198,1.0 14 1.9 41.8 279.2 284.6 0.7 14 3.1 39.8 478.4 284.2 0.9 7 121.7 25.9 496.0 105.8 0.9 14 122.4 25.1 480.1 285.5
003201,0.6 9 402.0 32.3 500.1 261.7 0.5 9 1.6 32.0 173.2 259.6 0.7 9 1.9 52.7 167.6 259.6 0.8 9 138.5 23.5 413.2 301.6
003203,1.0 18 0.8 95.7 428.9 233.3
003206,0.8 14 310.8 324.5 501.3 374.8 0.6 19 0.6 137.3 95.2 262.7 1.0 14 151.4 93.9 212.7 268.1 0.5 19 0.4 135.6 95.2 268.3 0.9 19 0.7 134.3 100.3 269.0 0.8 10 203.2 167.6 316.9 299.9
003208,0.9 19 156.0 2.9 343.8 137.2 1.0 17 36.3 155.8 465.4 331.8
003209,0.6 0 4.3 140.4 206.5 205.5 1.0 0 7.9 108.6 429.0 219.3 0.8 0 188.4 108.8 427.1 218.7
003212,1.0 17 29.2 112.9 479.5 301.9
003215,0.5 16 109.6 237.1 168.3 287.5
003217,1.0 6 138.2 98.6 378.2 274.5 0.6 6 342.6 89.2 492.7 250.3 0.9 14 46.3 121.1 57.8 145.5 0.8 14 168.3 88.9 195.8 141.8 0.6 6 71.4 130.9 167.8 188.1 0.7 14 68.1 111.4 83.6 146.0 0.8 6 341.0 88.4 490.4 232.2 1.0 14 287.9 77.7 322.6 110.8
003220,0.8 6 91.6 243.0 136.5 288.1 1.0 14 380.4 238.2 398.7 284.1 1.0 6 298.2 249.5 343.6 278.4 0.8 6 414.7 240.8 441.6 269.1 0.7 14 219.6 170.9 233.0 197.3 0.5 6 164.0 249.4 202.9 283.4 1.0 6 0.9 232.8 62.6 295.2 1.0 14 154.5 159.3 171.0 201.5 1.0 14 102.3 230.1 192.7 375.0 0.8 6 336.4 249.7 371.3 276.4 1.0 6 53.1 242.6 114.6 291.7 1.0 6 165.0 236.1 238.3 282.2 1.0 6 246.9 246.7 301.8 280.9
003221,0.9 15 300.3 267.7 355.4 314.5 0.9 15 212.3 227.5 234.3 252.9 0.9 8 97.0 265.9 165.6 342.9 1.0 17 150.0 242.0 381.0 348.2 0.8 10 195.1 281.7 448.4 350.9 0.8 15 258.1 226.5 280.3 252.5
003222,0.5 15 216.7 221.6 271.5 268.3 0.9 12 52.6 95.7 242.0 263.7 0.9 14 210.3 35.5 340.3 218.4 1.0 12 50.9 87.1 302.7 263.9 0.9 12 52.8 69.4 377.0 264.6 0.9 14 211.1 27.0 382.8 219.9 0.7 12 52.9 68.9 377.6 265.3
003224,0.9 11 367.3 193.2 499.4 339.5 1.0 14 1.6 45.9 373.3 373.8 0.6 17 2.4 134.1 499.5 370.4 0.9 17 186.2 131.8 499.0 331.5
003225,0.7 14 362.2 215.3 408.6 264.2 1.0 14 430.7 174.3 477.0 276.5 1.0 14 239.4 176.5 312.5 250.6 1.0 14 216.2 220.0 341.5 329.6 1.0 14 362.4 215.4 465.0 357.3
003226,0.8 14 68.6 38.1 277.3 489.4 0.9 14 85.0 46.8 110.2 123.7 0.9 14 68.9 37.9 297.4 488.4
003227,1.0 7 53.8 12.5 497.9 375.4
003230,1.0 0 164.5 131.3 391.8 240.0
003232,0.6 12 28.9 48.6 255.3 179.9 1.0 14 140.6 21.4 200.5 130.5 1.0 12 27.4 48.5 255.5 213.6
003234,1.0 14 162.5 124.2 191.6 170.9 1.0 14 233.0 120.1 293.4 373.8 1.0 14 164.7 133.6 236.4 373.4 1.0 14 117.5 147.8 174.0 373.7 1.0 14 118.1 147.6 173.6 373.3 1.0 14 79.0 110.8 142.2 373.1 1.0 14 282.8 127.3 366.6 373.2
003235,0.5 14 98.3 66.3 224.2 294.8 1.0 14 98.0 65.7 267.6 290.1 1.0 12 126.8 118.3 237.4 480.7
003237,0.8 14 130.6 53.3 223.2 243.2 1.0 12 110.0 152.6 251.6 456.8 0.8 14 131.3 52.1 256.7 262.5
003238,1.0 7 63.3 77.2 407.4 402.6
003241,0.7 16 138.6 116.2 426.1 324.8
003245,1.0 14 393.5 98.2 450.2 309.1 0.5 19 338.7 162.4 393.8 219.1 1.0 14 88.9 81.1 152.0 301.5 1.0 14 238.3 90.9 301.3 315.5
003246,0.6 11 16.2 102.6 443.9 375.7 0.9 11 19.2 101.8 498.1 373.6
003248,1.0 19 188.8 136.4 331.3 304.2
003249,0.9 14 439.4 1.2 500.2 166.2 1.0 4 11.8 1.7 167.4 374.5 1.0 4 171.9 1.3 291.7 373.0 0.9 14 58.1 80.1 91.8 121.3 1.0 4 318.8 1.7 461.3 374.1
003251,1.0 8 108.7 174.7 220.1 330.0 0.7 8 295.8 159.4 353.9 274.5 1.0 10 117.6 159.0 400.1 339.1 1.0 8 279.1 228.1 438.5 374.0
003252,0.9 14 328.4 51.9 487.2 373.4 0.7 14 31.7 58.5 188.2 225.6 1.0 14 0.8 59.5 189.1 374.6 1.0 14 73.6 142.1 170.9 373.4 0.7 14 1.7 142.0 172.8 374.4 1.0 14 171.6 29.1 398.2 375.2 1.0 17 3.1 44.4 481.1 374.8 1.0 14 145.6 57.2 247.0 374.8 0.7 14 330.7 51.9 486.6 306.6 0.5 14 173.3 32.6 484.5 375.3
003257,1.0 6 21.1 6.6 479.7 225.4
003263,1.0 14 1.6 266.3 155.6 499.3
003264,0.9 11 48.6 60.6 421.6 275.4 0.8 11 390.8 248.1 499.6 334.4 0.8 11 43.5 57.1 486.9 273.8
003265,1.0 6 161.6 252.7 323.6 374.4
003266,0.6 11 72.2 96.2 336.8 500.9 0.8 11 72.3 95.4 289.3 295.9 0.7 11 71.9 94.5 399.3 500.8
003267,0.5 2 1.8 69.2 499.6 331.8
003268,1.0 0 2.3 119.8 499.6 265.7
003275,1.0 1 94.3 217.5 213.7 285.6
003276,0.9 14 96.6 81.2 124.9 119.7 1.0 14 19.9 118.6 59.4 153.1 1.0 14 436.6 54.6 486.8 217.5 0.8 15 32.7 75.4 63.6 121.3 1.0 14 328.1 68.9 363.3 170.3 0.9 14 437.7 53.6 486.9 175.9 1.0 14 468.7 63.5 500.5 241.4 1.0 14 159.2 78.1 186.4 116.0 0.9 14 95.0 82.9 123.8 120.4 1.0 14 128.0 78.6 161.8 118.5 0.7 14 311.1 79.3 346.4 167.9 0.5 14 469.8 65.9 500.4 216.8 0.6 6 17.8 36.8 483.9 351.1 1.0 14 73.5 92.5 103.1 126.5 1.0 14 418.3 67.6 444.8 139.9
003277,0.5 17 215.0 172.2 428.9 365.3 0.6 15 301.5 0.9 455.7 226.3 1.0 17 3.2 107.2 343.5 374.8
003278,1.0 4 22.4 280.5 78.6 374.4 0.8 14 21.3 28.2 327.2 283.2 0.8 14 21.5 29.8 275.5 366.8 1.0 14 326.0 7.5 500.0 336.8
003281,0.6 15 124.3 61.5 203.6 224.0 0.8 15 179.8 284.5 224.8 413.9 0.9 15 181.8 285.6 220.4 364.4 1.0 15 20.8 114.3 82.8 209.9 0.8 15 257.9 291.7 301.4 364.9 0.5 15 256.1 288.0 303.4 367.3 0.6 15 235.4 237.9 280.0 389.2 0.9 15 314.2 223.9 364.5 308.9 0.9 15 220.7 337.8 242.2 395.4 1.0 15 0.8 105.4 25.0 206.5 1.0 15 76.4 163.5 114.8 215.2 0.6 15 119.6 94.1 151.5 216.2 1.0 15 182.5 279.5 226.3 363.7 0.7 15 21.4 115.7 116.9 215.0 0.9 15 71.2 116.6 117.7 213.4 0.8 15 259.4 325.7 275.8 374.4 0.9 15 21.3 145.9 81.8 209.0 0.9 15 183.7 273.5 239.2 399.0 0.7 15 214.2 287.6 243.0 392.6 0.7 15 177.0 347.2 226.1 425.1 1.0 15 243.9 217.5 318.7 367.4
003283,0.7 7 240.9 37.0 409.8 276.6
003286,1.0 18 63.1 57.3 452.5 307.9
003287,0.9 7 1.8 10.4 327.9 255.4 0.8 7 38.4 13.3 327.6 248.5
003288,0.8 9 111.6 247.1 227.2 310.8 0.9 6 195.3 323.5 502.1 374.8
003289,1.0 14 45.2 220.2 66.4 257.0 1.0 6 383.8 208.0 456.3 252.0 1.0 14 134.8 215.7 153.7 268.8 0.9 6 459.9 208.0 500.1 241.5 0.9 5 138.6 194.7 216.1 243.8 0.7 14 326.1 208.4 342.9 243.6 1.0 6 24.4 216.0 102.5 242.8 1.0 5 238.7 187.3 399.0 243.0
003291,1.0 19 73.1 65.0 259.5 230.3 1.0 19 62.8 67.4 269.8 325.1 1.0 19 282.0 55.2 375.3 235.5
003295,0.6 14 300.3 292.0 493.7 371.6 0.7 14 122.0 137.8 239.2 334.5 0.7 1 118.7 219.9 277.9 330.7 0.6 1 80.8 215.4 236.7 331.3 1.0 14 122.4 137.6 286.9 333.8 0.9 1 115.7 215.0 232.9 332.2 1.0 14 259.0 70.5 342.4 303.4
003297,0.7 10 33.3 223.4 200.6 500.3 1.0 15 101.0 114.0 271.8 277.6 0.8 8 1.0 203.3 55.3 310.2 0.6 10 5.5 216.9 341.0 501.1 0.5 8 1.1 177.1 92.3 298.6 0.9 8 301.8 183.6 349.5 354.9
003298,0.6 14 17.7 19.0 284.4 483.9 1.0 14 18.4 17.7 329.1 484.3
003302,0.9 14 32.7 264.3 44.5 289.6 1.0 14 64.6 258.4 79.3 290.6 1.0 5 165.4 164.4 307.8 324.1 0.9 6 318.7 250.1 345.7 275.4
003304,0.7 12 96.9 203.1 250.4 437.1 1.0 14 78.9 62.2 254.8 409.6 1.0 12 110.3 200.1 251.7 438.2
003305,0.7 14 169.9 138.0 186.4 160.2 0.9 13 141.9 177.9 224.2 334.8 0.6 14 158.8 151.0 218.2 228.2 1.0 14 153.7 150.7 220.5 253.4 0.6 14 170.5 138.1 186.0 156.3 0.8 14 233.8 142.6 252.2 199.5 0.5 14 168.6 136.6 187.7 173.8 0.8 14 98.4 344.2 371.7 499.8
003306,1.0 6 41.4 106.7 395.5 291.1
003309,0.6 17 3.0 170.7 371.0 374.6 1.0 14 1.5 137.9 169.9 234.0 1.0 4 394.8 239.0 439.0 365.6 0.8 14 220.8 131.6 407.5 303.5 0.9 14 222.3 131.8 498.3 355.7
003310,0.8 11 9.4 15.3 333.2 474.0
003312,0.7 1 11.1 3.0 490.0 322.9
003314,0.7 8 13.2 317.9 190.6 375.0 0.9 19 1.1 69.0 104.9 190.3 0.8 8 276.9 285.4 484.8 374.6 1.0 19 185.6 60.5 292.2 175.8 1.0 14 33.5 51.1 256.1 374.2 0.9 14 239.8 64.3 417.7 375.1 0.8 14 239.5 62.2 475.9 375.0
003315,0.7 2 145.2 94.0 379.0 357.7 0.9 2 343.4 171.4 499.1 349.3 0.8 2 197.7 94.4 306.6 280.6 0.7 2 20.1 22.7 302.7 356.6 0.8 2 204.9 94.8 306.3 277.9 0.8 2 21.1 21.7 235.0 353.6 0.6 2 241.7 95.5 324.3 213.4 0.8 2 296.1 174.0 498.5 345.7
003317,0.8 19 0.7 65.7 74.4 214.6 0.9 17 2.2 71.3 499.6 371.1
003318,0.9 16 199.7 105.5 384.2 243.6
003319,0.6 7 82.5 60.0 242.6 286.2 0.9 7 1.9 60.9 241.6 303.4
003321,1.0 6 435.6 150.2 487.8 191.5 0.8 6 1.0 181.5 27.3 194.9 0.6 6 180.9 177.6 202.4 191.7 1.0 6 89.6 177.0 127.6 194.5 0.8 6 246.8 168.3 281.6 189.7 1.0 6 301.2 164.4 357.4 191.3
003322,0.8 10 51.4 314.2 201.3 375.0 0.9 8 146.0 192.9 194.9 287.5 0.8 10 197.4 208.2 271.7 282.1
003323,1.0 8 53.5 232.3 181.3 374.6 0.7 8 348.7 228.5 452.6 368.6 0.7 15 416.6 79.9 459.1 137.5 0.6 10 78.2 115.5 346.0 254.4 0.6 8 347.2 127.2 462.6 357.5 0.9 8 51.9 112.8 155.9 252.0 0.8 15 415.0 80.7 485.0 148.3 0.9 14 265.5 3.0 404.7 266.1 1.0 14 127.6 122.2 262.7 374.9 1.0 10 77.9 119.0 345.4 374.6 0.9 14 266.3 2.5 402.8 344.8
003324,1.0 14 148.9 122.9 304.6 374.3 1.0 14 238.7 56.7 477.0 374.3
003326,0.8 14 1.1 1.9 77.6 186.7 0.8 14 1.5 2.1 77.9 142.2 1.0 11 3.0 25.0 460.4 497.7
003328,0.6 14 1.8 2.2 200.1 399.4 1.0 14 3.7 1.6 159.5 396.2 1.0 6 197.1 156.4 434.7 333.9
003329,0.9 14 13.0 14.6 227.3 497.8 1.0 14 11.6 14.2 286.2 496.9
003332,0.9 11 3.2 19.0 320.0 463.5 0.5 11 1.2 18.7 483.2 462.5 0.6 11 218.6 65.7 499.5 243.8
003333,1.0 13 63.5 261.3 143.0 412.9 1.0 13 155.5 271.0 322.5 499.5
003334,0.7 6 373.4 92.5 479.9 182.3 0.6 6 3.4 56.2 483.5 284.2 0.7 6 16.2 55.7 384.8 283.8
003340,0.9 13 177.3 242.8 273.2 438.3 1.0 14 102.8 191.0 229.7 354.9 1.0 13 81.3 241.0 270.0 436.1
003341,1.0 14 380.2 36.4 475.9 277.2 0.8 14 306.6 39.9 407.2 296.1 0.8 14 308.5 38.8 438.9 279.4 0.7 14 118.9 86.1 192.0 195.7 1.0 14 120.8 85.9 215.1 315.2 1.0 14 28.2 13.3 152.5 330.2 1.0 14 189.8 93.4 282.3 309.6 0.7 14 306.5 38.9 456.4 299.7 1.0 14 265.2 94.5 349.9 297.0 1.0 14 313.7 135.0 424.9 330.7 0.8 14 308.4 40.1 403.3 181.6
003342,0.9 18 31.3 98.6 270.5 260.0 1.0 13 340.7 196.6 415.7 241.9
003345,0.8 8 157.0 223.9 224.2 347.9 1.0 8 371.1 201.8 436.7 327.7 1.0 8 82.9 219.7 151.5 346.7 1.0 8 28.6 195.4 90.1 327.3 1.0 8 298.1 224.1 373.3 346.6 1.0 8 223.6 223.5 293.9 348.9
003346,0.6 1 50.0 191.1 134.6 330.1 1.0 14 46.8 121.1 142.3 300.7
003347,0.9 0 99.0 91.0 163.9 111.8
003348,1.0 6 118.7 264.0 159.8 298.1 1.0 6 72.5 264.0 128.3 300.5 1.0 6 1.2 262.2 92.4 307.2 1.0 6 167.6 229.7 430.6 352.5
003352,0.9 11 4.0 137.3 189.2 448.3 1.0 14 100.3 46.4 335.8 448.8
003353,1.0 6 89.1 122.7 272.8 240.7
003357,0.8 6 176.2 55.8 277.9 99.0 1.0 6 434.8 48.1 500.6 173.2 0.9 6 -0.1 39.6 209.3 201.4 1.0 6 26.7 81.8 477.5 275.5 0.9 6 262.7 42.8 478.3 174.8 0.8 6 264.9 42.3 453.9 97.5
003358,0.7 5 0.6 7.0 261.6 468.2 0.7 5 1.1 8.1 261.6 403.1
003361,0.6 16 211.8 249.9 269.4 289.6
003364,1.0 6 103.6 96.8 446.2 304.0
003366,0.9 16 185.7 204.5 224.1 245.4 0.9 16 388.9 213.0 419.9 251.3 0.9 16 68.5 200.7 107.1 247.6 0.9 16 300.9 208.4 332.4 245.0
003368,0.6 14 446.8 145.6 496.5 238.7 0.8 14 0.9 95.1 43.6 332.6 1.0 14 9.1 19.4 245.5 332.3 0.8 14 210.9 2.2 428.4 332.3 1.0 14 210.9 2.0 498.3 332.3
003371,1.0 7 1.6 57.0 281.0 305.9 1.0 7 269.6 80.8 499.4 373.5
003372,1.0 0 210.0 138.9 276.6 179.8
003375,1.0 6 90.6 104.2 388.8 292.6
003378,1.0 14 326.5 90.2 447.2 373.8 1.0 14 99.7 106.8 272.2 368.6 1.0 14 27.6 113.0 160.8 319.7 1.0 14 233.0 130.0 428.5 375.2
003381,1.0 0 8.7 111.0 495.8 241.9
003383,1.0 14 16.8 12.1 141.5 325.5 1.0 14 124.4 10.7 227.3 330.6 1.0 14 216.6 2.8 349.0 330.6
003384,0.0 0 0.0 0.0 10.0 10.0
003385,1.0 6 155.1 78.6 230.0 133.2 1.0 6 0.4 84.7 192.6 331.8 1.0 14 143.8 69.0 347.8 330.9 1.0 6 349.3 86.2 448.9 135.3 1.0 6 285.7 136.4 500.1 332.4
003387,1.0 6 68.8 107.5 435.2 248.8
003388,1.0 1 47.3 156.0 128.3 306.5 1.0 14 202.9 11.8 253.2 124.5 0.9 1 387.4 85.5 415.0 134.5 0.9 14 460.5 30.1 500.0 113.5 1.0 1 432.2 77.0 499.5 129.6 0.8 14 105.1 47.9 169.2 161.8 0.8 1 118.5 121.8 188.5 171.5 0.5 14 115.1 56.8 171.2 156.5 0.7 1 61.6 153.0 134.8 247.4 0.7 14 202.6 10.5 254.9 155.6 1.0 14 40.5 32.3 136.1 237.9 1.0 14 233.3 27.2 415.2 334.1 0.7 1 224.3 236.4 412.7 333.5 0.8 1 222.7 192.9 497.9 334.2 1.0 1 197.9 105.8 249.4 209.9 1.0 14 384.8 19.2 435.5 115.5 0.9 1 222.4 189.9 416.9 333.8
003389,1.0 19 86.7 156.6 246.1 328.4 0.6 19 230.6 0.8 440.7 106.1
003393,1.0 13 65.7 82.0 375.2 496.0
003394,0.8 16 329.1 78.7 499.2 179.0 0.6 9 43.6 27.5 370.3 374.5
003399,0.5 14 278.4 111.3 306.3 130.8 0.9 14 364.7 153.6 465.4 285.1 0.8 14 360.8 147.7 395.0 224.2 1.0 14 333.6 118.9 358.1 171.1 1.0 14 111.5 98.1 170.4 274.4 1.0 14 461.6 118.9 492.7 260.2 1.0 5 34.4 66.6 243.5 214.1 0.6 6 32.9 146.4 128.3 213.7 0.9 14 216.7 112.7 360.1 276.3
003400,1.0 1 1.7 9.6 499.0 362.3
003402,1.0 2 133.0 162.8 202.8 238.4 1.0 2 260.0 184.5 349.0 251.5
003405,1.0 6 48.1 119.0 280.8 244.6
003409,0.0 0 0.0 0.0 10.0 10.0
003411,0.7 11 1.1 17.2 408.6 374.5
003414,1.0 6 93.8 125.1 318.0 182.6 0.8 14 29.7 121.5 47.3 161.6 0.8 14 3.6 120.2 20.6 162.0 0.7 14 81.6 119.1 98.6 148.7 0.9 14 29.4 121.6 47.9 161.7 0.9 14 20.2 121.2 37.0 161.7 0.5 14 113.0 120.7 130.0 138.4 0.9 6 70.4 133.0 147.0 171.3 1.0 6 73.5 125.8 466.9 312.6 0.8 14 61.8 120.4 81.2 160.3 0.8 6 322.3 132.5 408.5 173.2
003418,0.9 11 157.6 260.9 200.7 379.1 0.9 17 0.5 196.9 87.0 290.3 0.9 11 90.6 360.7 179.7 437.9 0.6 11 1.9 357.8 178.4 444.2 1.0 14 262.8 249.8 349.5 374.4
003423,1.0 14 202.3 120.9 341.4 373.2 1.0 14 2.5 77.0 263.5 373.8 0.8 14 340.3 94.0 490.1 344.5 1.0 14 343.1 93.7 483.5 318.5
003426,1.0 14 72.0 13.2 371.6 333.5
003427,0.7 11 231.9 172.8 499.8 374.8 0.9 14 1.3 2.1 295.8 374.7
003428,1.0 18 131.9 68.7 334.6 264.4 0.8 18 186.6 70.0 333.2 263.6
003431,1.0 4 61.1 230.0 131.2 468.3 1.0 4 3.2 252.0 29.4 330.0 1.0 14 13.4 14.3 370.8 499.0
003432,1.0 2 169.2 181.7 198.4 285.5 1.0 2 271.9 128.2 309.5 215.5
003434,1.0 14 406.2 151.3 499.2 375.0 0.7 14 294.5 184.0 340.2 300.8 1.0 6 21.8 171.2 56.5 194.1 1.0 14 346.7 140.5 379.6 192.5 1.0 14 155.5 102.5 243.2 374.9 1.0 14 219.4 129.9 346.3 373.7 0.5 14 297.3 186.1 336.6 282.8 1.0 14 319.2 182.4 409.9 374.2
003437,1.0 17 247.8 129.4 499.1 291.7
003438,0.6 8 68.5 235.5 196.0 365.2 0.6 19 1.2 74.9 73.6 150.4 0.9 8 255.4 188.8 354.1 344.9 0.8 8 258.7 237.6 349.1 349.7 0.6 8 0.7 211.3 196.2 375.0 0.7 19 0.7 -0.1 76.1 156.5
003440,1.0 11 80.4 88.1 332.4 499.3
003442,1.0 15 118.5 1.8 159.4 73.7 0.9 17 53.9 82.1 498.8 253.8 0.9 17 1.7 81.6 499.6 333.1 0.6 15 420.2 218.4 499.7 334.3 0.6 14 133.6 116.6 214.4 202.5 0.5 19 205.2 34.2 284.4 81.4
003445,0.7 0 14.6 113.7 243.5 221.6 1.0 0 12.9 114.6 492.0 225.8 0.7 0 178.9 148.7 489.6 225.6
003446,0.9 4 237.8 159.7 289.5 343.4 1.0 4 173.0 183.4 224.9 315.8 0.5 15 159.2 15.6 319.8 341.1
003447,1.0 17 1.6 55.4 499.8 374.4 0.5 11 151.8 151.8 404.8 285.9
003448,0.5 15 0.7 194.2 29.3 240.1 0.7 8 37.6 195.8 129.1 301.7 0.8 15 229.3 57.9 287.3 145.7 1.0 15 292.1 171.0 346.1 232.4 0.9 15 288.2 206.1 340.6 311.4 0.6 15 0.9 137.1 32.2 237.3 0.7 15 0.7 232.4 22.1 264.7 0.9 15 183.5 177.7 213.0 230.4 1.0 15 164.8 181.1 192.2 227.1 0.6 15 229.4 61.1 289.3 235.0 0.8 15 25.3 199.2 50.2 248.0 1.0 15 73.4 85.6 203.1 171.0 0.9 10 76.3 143.1 201.0 325.6 0.6 15 1.1 119.0 29.9 226.8 1.0 8 10.9 137.5 131.4 303.6 1.0 8 187.2 128.2 280.7 291.2 0.6 15 230.1 60.3 287.7 201.9 0.9 15 257.4 192.2 294.3 242.9 0.8 15 242.7 278.9 307.0 344.2 0.9 8 330.0 138.2 479.4 345.0
003454,0.6 8 270.2 324.2 387.4 375.2 1.0 14 447.4 17.5 499.3 91.4 0.7 14 0.7 3.6 32.0 112.1 0.8 8 191.7 332.2 275.4 375.2 1.0 14 197.0 59.3 386.0 338.5
003456,1.0 6 1.2 5.4 499.1 339.4
003457,0.6 18 1.4 106.5 278.0 479.6 0.9 18 1.1 110.2 375.0 477.5
003459,0.5 14 177.4 102.3 213.0 170.0 1.0 14 378.3 114.9 492.5 330.5 1.0 14 68.8 108.9 125.4 199.3 1.0 4 301.9 203.9 323.8 281.5 0.6 14 185.3 102.2 210.4 141.0 1.0 4 188.5 157.0 204.8 206.9 1.0 14 141.8 102.7 180.1 164.9 1.0 14 1.4 128.5 136.7 375.5 1.0 10 107.4 180.8 396.9 374.4 0.9 10 105.8 177.4 483.3 372.6 1.0 14 316.4 138.0 391.4 247.8 0.9 8 356.9 209.3 498.9 375.1
003460,1.0 6 107.6 127.6 500.5 286.6
003463,0.6 14 1.3 7.2 92.2 165.4
003467,0.9 2 1.2 79.8 452.1 332.7
003471,0.5 16 214.2 53.7 273.5 108.4 0.5 16 8.2 70.0 150.2 152.0 0.8 16 33.5 93.5 227.4 196.7 0.8 16 11.8 92.8 152.8 153.9 0.7 16 306.7 45.0 360.9 84.0 0.9 16 99.0 152.9 230.5 331.0 0.9 16 145.8 51.7 232.4 142.5 0.7 16 309.6 74.3 467.5 135.1 0.7 16 308.2 45.2 466.8 133.2 0.6 16 219.0 54.8 277.4 125.9 0.6 16 0.8 93.9 224.2 333.6 0.6 16 11.6 67.5 130.5 101.3 0.8 16 1.0 93.8 155.0 332.2 0.7 16 306.7 67.1 466.3 136.5 0.6 16 244.3 73.6 500.1 332.6
003472,0.8 11 369.9 163.8 493.8 287.5
003473,0.5 2 167.1 69.2 295.6 266.4 1.0 14 114.0 125.6 218.4 291.8
003474,0.9 18 34.2 111.3 487.5 281.8
003475,1.0 14 270.0 159.6 309.3 285.9 1.0 14 1.2 237.3 55.1 331.5 1.0 14 221.6 164.4 254.3 235.4 0.9 5 83.0 52.3 468.3 245.5
003476,1.0 6 389.6 350.3 502.2 374.9 0.5 6 3.2 338.1 154.9 374.7 1.0 6 2.5 338.3 264.1 374.7
003478,0.5 2 422.0 13.8 474.1 69.7
003479,0.6 14 421.8 2.3 499.4 332.2 0.8 16 82.5 25.1 405.6 332.4 0.9 14 366.6 2.2 499.3 332.5
003480,1.0 7 0.2 14.7 494.1 374.6
003481,1.0 6 241.7 292.0 294.0 328.0 0.9 6 310.5 246.0 342.4 272.9 0.8 3 429.9 206.4 477.7 224.5 0.8 6 286.9 193.1 320.3 207.5 0.6 14 215.1 288.5 229.7 318.2 0.5 3 134.5 341.1 249.7 374.7 1.0 6 282.6 268.3 322.0 295.6 0.5 3 361.9 224.9 416.3 279.1
003482,0.5 14 0.8 59.6 92.1 225.2 0.6 14 147.7 1.0 364.3 318.4 0.7 14 203.8 28.7 326.9 341.5 0.7 14 189.7 28.1 331.1 326.7 0.9 14 149.3 26.4 379.0 341.5 1.0 13 166.1 111.1 385.8 375.0 0.8 14 199.1 28.0 376.9 342.7 0.6 13 169.8 155.4 382.8 375.4
003483,0.9 14 442.1 177.6 468.0 197.0 1.0 14 0.8 177.6 20.5 234.6 0.6 14 464.8 183.6 487.0 204.1 1.0 14 211.0 103.0 366.2 332.8 0.9 6 4.5 174.2 497.2 333.0 1.0 14 28.5 179.5 81.9 229.4
003485,0.7 14 78.0 98.5 260.5 345.1 1.0 14 140.8 100.1 260.9 343.6 1.0 14 72.2 104.6 191.4 347.3 1.0 14 237.8 91.0 431.3 327.6
003486,0.6 14 32.9 88.7 48.8 107.8 1.0 14 207.9 80.0 231.8 126.0 0.9 14 292.3 86.6 312.9 109.3 0.7 14 227.3 83.8 245.4 112.6 1.0 14 175.7 81.4 194.5 131.5 1.0 6 35.7 101.5 196.8 188.6 1.0 14 0.7 80.0 41.1 178.0 0.6 14 127.4 90.4 141.3 112.3 0.9 14 174.7 86.1 191.5 132.3 0.5 14 110.9 87.5 129.7 108.6 0.6 14 110.2 87.5 128.9 108.6 1.0 6 7.0 107.1 333.5 479.6 0.7 14 130.3 91.1 144.0 114.1 0.9 14 154.2 90.4 170.8 123.7 1.0 14 263.9 86.4 285.4 110.5 0.7 14 193.9 90.9 206.7 130.6 0.6 14 195.8 90.1 208.0 130.2 0.8 14 30.5 87.6 51.3 120.8 0.6 14 221.2 81.9 239.4 111.3
003488,1.0 15 146.0 150.9 208.1 207.8 1.0 15 99.5 197.3 138.4 246.7 0.6 15 0.9 268.6 18.7 329.9 0.9 4 31.4 236.1 47.4 283.2 0.9 15 284.1 76.9 335.1 135.5 1.0 15 44.0 233.8 88.5 283.9 1.0 15 227.5 126.3 267.7 170.4
003490,0.6 14 163.7 45.6 320.0 190.9 1.0 14 179.0 48.0 302.6 174.2 0.9 7 72.9 98.6 228.1 333.9 0.9 7 232.2 238.0 356.3 333.2
003494,1.0 14 423.3 204.7 499.9 375.2 1.0 14 60.5 209.9 120.6 374.5 1.0 0 1.9 16.6 500.3 248.8
003495,0.9 13 176.5 238.4 215.6 290.9
003498,0.0 0 0.0 0.0 10.0 10.0
003501,0.9 6 107.5 5.0 397.1 294.5 1.0 14 51.6 84.2 152.0 333.4 0.6 6 106.7 6.3 397.1 335.8 1.0 14 261.4 75.7 340.3 341.2
003502,0.6 8 150.0 123.0 241.2 155.9 1.0 8 343.5 159.6 446.3 339.1 0.7 8 236.2 125.2 338.9 269.6 1.0 8 86.7 182.5 224.3 374.5 0.9 10 59.7 147.0 398.8 328.7 0.7 8 145.9 124.8 244.3 279.9 1.0 8 9.8 136.4 116.4 319.8 1.0 10 62.0 149.5 397.2 373.9 1.0 8 219.4 190.9 346.1 375.0 0.6 8 242.5 125.0 335.4 159.9
003503,1.0 6 454.9 185.9 500.2 235.4 0.8 14 0.9 203.3 29.8 333.1 0.6 6 41.0 187.5 109.6 247.4 0.9 6 1.7 185.7 111.0 248.9 1.0 14 15.5 182.1 57.5 283.0 1.0 5 100.9 83.4 354.6 261.7
003504,1.0 7 1.9 35.3 498.5 374.0
003505,1.0 13 177.3 161.3 325.4 335.7 1.0 14 198.3 82.3 310.5 301.3
003507,0.7 8 1.4 299.6 97.8 376.8 0.6 8 1.7 333.0 96.1 376.8 1.0 19 440.3 101.5 500.0 242.5 1.0 19 130.1 175.5 217.9 254.3 1.0 19 317.9 154.7 429.5 254.0 0.5 14 241.2 140.4 260.8 160.2
003512,1.0 14 246.9 114.1 278.3 143.7 1.0 6 157.8 97.1 394.3 208.7
003513,0.7 18 169.0 180.2 302.7 261.7 0.8 18 168.9 207.4 236.8 260.6
003514,0.7 2 360.3 2.2 499.5 374.0 0.9 2 179.7 24.5 385.1 373.9 0.8 2 179.4 23.8 386.5 374.7
003515,0.9 14 57.0 85.7 85.6 147.8 0.9 14 335.4 63.6 369.4 110.0 0.7 6 380.0 59.4 494.9 234.4 0.6 14 75.6 87.0 100.2 128.1 0.9 14 1.1 83.4 45.3 185.0 0.9 14 0.9 82.8 46.7 205.0 0.9 14 81.1 87.8 109.3 128.0 0.8 14 58.4 85.7 84.5 129.3 0.7 14 0.9 83.2 60.8 235.1 0.8 14 464.6 88.4 487.6 113.5 1.0 6 63.9 58.1 416.4 339.0 0.7 14 57.3 86.1 88.5 184.8 0.9 14 99.0 89.5 121.7 132.0 0.7 6 348.6 57.9 493.9 235.4 0.9 14 311.0 100.9 335.8 131.3 0.8 14 336.6 63.8 367.6 105.4
003517,0.9 5 408.7 149.4 500.3 240.9 0.7 14 482.7 54.0 500.2 237.9 0.8 5 365.4 125.5 419.2 232.5 0.7 5 0.6 103.3 44.2 208.6 0.7 6 36.6 141.7 122.2 219.1 1.0 14 100.6 1.4 346.9 374.2 1.0 14 332.5 76.4 411.6 343.8 0.7 5 326.0 120.8 411.8 233.8
003520,0.8 14 52.1 260.3 68.0 314.8 0.6 14 93.8 273.6 153.8 330.5 0.6 17 3.8 56.8 143.3 227.8 0.6 14 165.5 322.2 209.6 387.3 1.0 14 97.1 160.5 145.2 211.7 0.9 8 7.3 58.0 144.7 187.5 0.9 14 93.8 273.6 130.2 329.0 0.8 14 82.0 198.1 94.9 226.6 1.0 10 1.9 201.5 334.5 468.0 0.6 14 68.2 235.4 83.9 274.1 0.6 14 273.1 340.4 334.7 448.2 1.0 14 131.1 32.0 243.0 222.1 0.7 8 256.6 55.2 335.1 180.4
003523,0.9 14 172.3 189.0 214.8 241.0 1.0 6 166.4 138.1 352.1 266.7
003526,0.6 19 426.5 189.7 472.4 231.7 0.8 8 332.0 160.1 384.5 230.0 1.0 17 2.0 168.3 295.9 375.0 1.0 8 369.0 162.9 420.3 236.0 0.9 10 331.4 162.2 452.6 233.1
003527,0.6 14 99.4 192.1 113.8 225.1 1.0 14 90.3 265.6 135.8 363.6 0.9 6 275.5 257.3 299.1 281.7 0.8 14 114.0 200.0 132.2 228.2 1.0 14 39.6 267.9 97.2 404.5 0.8 14 54.2 251.2 83.6 290.3 1.0 6 164.9 266.8 199.3 289.2 0.7 14 53.7 251.2 81.2 277.9 1.0 6 214.2 279.8 375.5 417.5
003531,0.6 12 38.3 95.4 125.4 295.0 1.0 14 45.8 61.1 151.0 223.8 1.0 12 37.8 92.5 149.2 296.7
003532,1.0 19 213.4 152.9 283.5 230.3 0.6 10 180.3 226.6 317.4 289.9
003533,0.5 16 92.8 127.1 120.4 167.4 0.9 16 79.7 127.0 118.4 166.7
003534,0.8 1 150.6 114.6 431.8 333.3 1.0 14 0.8 0.6 113.9 189.9 0.9 1 278.8 186.9 497.1 333.2 0.9 1 279.5 187.3 427.1 332.5 0.8 14 168.6 0.9 372.4 254.8 1.0 1 1.5 71.6 132.3 269.2 0.8 1 148.8 115.1 498.7 334.0 0.6 14 261.1 9.9 374.5 259.9 1.0 14 303.9 22.1 499.3 332.3
003535,0.8 2 19.2 34.2 268.1 220.4 1.0 2 18.1 34.9 268.2 266.1
003538,0.8 13 62.7 120.1 252.8 326.3 0.9 13 65.2 119.1 390.1 325.8 0.9 14 192.6 22.7 318.9 330.7 0.6 14 193.7 22.3 351.5 332.4 0.5 13 117.0 119.9 256.3 301.9 0.5 13 99.5 119.3 390.5 297.4
003540,0.8 7 4.6 0.1 304.7 210.3 0.6 10 1.9 1.9 499.0 374.5 0.8 7 6.3 38.1 253.5 216.3
003541,0.9 14 38.7 74.6 223.1 499.9 0.9 14 38.8 74.1 199.3 500.3 1.0 14 177.6 21.1 333.3 499.9
003542,0.5 1 41.7 237.1 160.3 322.1 0.7 1 102.0 230.5 168.9 302.1 1.0 1 221.3 224.3 306.8 283.7 1.0 14 429.9 177.8 457.0 227.6 0.7 1 179.0 229.4 229.1 286.6 1.0 1 161.1 218.3 227.5 287.3 0.7 1 40.7 242.1 156.8 321.8 0.6 14 224.8 163.7 260.1 221.5 1.0 14 152.6 180.2 211.9 277.5 0.8 14 112.9 180.3 157.0 278.5 0.8 1 61.2 235.9 156.1 315.9 0.9 1 100.9 230.8 165.4 321.6 1.0 14 63.2 196.6 112.5 301.6 0.9 14 112.3 181.9 152.8 245.1 1.0 14 230.6 189.4 288.9 269.9
003543,0.9 3 366.0 142.5 406.7 180.8 1.0 14 8.2 55.0 38.1 141.3 1.0 14 112.2 61.8 141.9 120.1 0.7 3 0.8 19.1 158.5 372.6 1.0 14 36.5 22.0 120.1 264.3 0.6 14 91.7 57.0 114.2 113.3 0.9 3 213.2 60.8 371.0 192.2 0.9 3 213.8 87.4 370.2 191.8
003544,1.0 17 366.5 183.3 497.8 374.2 0.8 15 309.3 222.8 339.9 292.6 0.7 19 194.0 177.4 303.4 257.0 0.6 3 164.4 274.0 215.8 321.7
003545,0.9 6 116.0 1.1 392.5 240.6 0.8 6 116.3 2.2 393.9 318.6
003547,1.0 18 1.4 51.4 348.9 285.4
003552,1.0 6 62.3 121.5 500.3 282.4
003553,0.9 6 0.7 187.1 114.0 257.3 1.0 6 27.3 122.7 498.4 331.5
003557,1.0 14 208.4 93.4 250.7 200.7 1.0 12 176.0 132.0 273.9 235.1
003558,0.7 19 0.5 13.6 270.9 374.9
003559,1.0 6 29.1 203.2 367.3 326.6
003560,0.9 7 99.8 62.3 285.7 353.6 0.8 7 279.8 231.3 426.5 374.0 0.9 7 100.8 62.8 285.7 319.1
003561,1.0 10 18.3 123.6 316.1 501.0
003562,0.7 6 223.3 175.0 251.5 187.2 1.0 14 68.3 50.5 239.9 374.9
003563,0.6 13 153.2 125.8 176.1 165.2 0.6 13 229.3 132.6 267.2 186.1
003568,1.0 18 1.4 91.9 400.6 381.4
003569,1.0 6 367.3 163.1 392.3 200.3 0.6 8 38.1 98.7 62.6 143.6 0.8 18 93.7 93.0 362.9 289.1
003570,1.0 6 77.8 137.3 485.4 361.5
003571,0.7 2 14.6 1.8 185.2 118.0 0.6 2 169.1 1.2 291.4 93.0 0.7 2 265.8 218.4 487.7 332.1
003572,0.9 15 10.8 233.0 143.5 378.5 1.0 15 1.9 35.5 227.7 243.1 1.0 15 148.2 185.2 299.4 390.9
003573,0.6 8 2.5 194.2 68.5 359.6 1.0 14 435.7 93.0 499.8 374.7 1.0 14 415.1 177.5 457.5 338.0 1.0 14 59.7 98.3 181.2 374.4 1.0 14 162.2 132.4 274.4 373.9 1.0 14 416.3 176.2 450.1 231.3 1.0 14 320.6 122.1 419.4 374.9
003574,1.0 0 7.9 46.2 485.0 237.5
003578,0.7 6 244.9 156.5 375.6 327.0 0.7 13 78.9 274.4 266.5 410.2 0.9 6 103.2 161.7 219.7 201.9 0.7 6 287.0 160.4 375.7 326.4 0.8 6 138.3 115.9 247.7 198.9 1.0 6 0.3 177.2 215.3 293.9 0.9 6 32.8 169.5 85.7 185.1 0.8 6 0.8 172.4 28.2 195.7 1.0 13 76.5 192.9 359.5 404.3 0.8 6 204.3 152.0 376.1 328.5
003579,1.0 12 91.8 114.8 194.5 456.7 0.9 14 61.3 98.1 221.4 324.5 1.0 14 144.9 98.5 218.5 326.8
003581,0.9 14 275.6 1.8 321.3 66.4 1.0 14 1.9 25.9 232.6 375.0 1.0 14 296.6 27.6 500.1 375.3
003582,0.7 15 72.7 181.5 104.1 215.9 0.5 17 325.7 112.0 398.3 200.4 0.9 15 428.0 111.1 457.1 166.7 0.5 15 414.9 111.3 459.5 216.0 0.5 19 247.8 131.2 307.9 190.9 1.0 8 321.7 112.3 397.6 202.4
003583,1.0 14 463.6 186.0 480.1 291.4 0.6 12 63.8 106.7 124.6 317.6 1.0 14 173.7 5.5 286.6 316.8 0.5 12 2.3 108.6 125.7 317.1 1.0 12 64.4 102.5 388.2 317.1
003584,1.0 14 107.7 12.5 178.8 123.8 1.0 12 66.9 56.1 222.6 174.6
003590,1.0 14 418.2 143.3 499.6 333.5 1.0 14 42.0 6.5 120.3 265.1 0.5 14 217.9 223.1 498.6 373.3 0.5 8 114.5 134.5 186.0 239.4 0.6 8 381.0 136.0 435.3 239.5 1.0 19 242.8 130.1 325.5 193.9 0.9 8 0.8 223.0 33.2 342.1 1.0 14 1.6 223.5 227.5 375.0 0.9 10 118.0 198.3 334.5 322.2 1.0 4 194.3 198.5 209.9 261.9 1.0 14 215.7 223.1 449.8 367.7 0.8 14 214.0 223.3 498.9 372.2
003591,1.0 15 345.7 37.0 418.6 154.0
003592,0.6 11 236.1 276.8 294.3 407.1 1.0 14 286.8 168.2 302.2 207.9 0.9 11 134.2 263.3 246.8 314.5 1.0 14 20.1 111.0 117.0 443.0 0.9 11 119.6 289.0 258.0 394.2
003595,0.6 16 382.4 212.6 449.0 339.7 0.5 16 447.6 198.7 499.7 335.6 1.0 14 68.1 101.3 164.2 248.3 0.9 14 406.2 59.6 443.5 198.4 1.0 14 258.2 63.0 352.2 205.1 1.0 14 198.1 70.8 278.7 209.1 1.0 14 368.4 118.7 425.3 215.4 1.0 14 6.8 77.8 86.3 323.0 1.0 14 333.6 68.1 445.0 196.3 0.9 14 250.1 124.5 293.2 203.9 0.8 14 404.7 57.8 433.0 134.0 0.8 14 300.5 118.7 351.1 200.6 0.6 9 244.2 194.5 387.0 339.8 0.6 14 336.4 68.0 414.3 195.9
003598,0.9 2 78.9 9.3 283.0 143.1 1.0 2 88.5 108.1 287.9 264.2 0.7 2 310.0 67.1 489.4 367.1 0.7 2 167.7 300.4 280.7 368.1 0.8 2 179.9 45.0 280.8 137.4 0.8 2 59.9 151.6 140.8 359.5 0.9 2 79.1 7.6 196.5 138.9 0.9 2 8.4 150.6 140.5 371.2 0.7 2 85.5 111.1 349.7 329.2 0.7 2 220.8 152.5 288.2 216.5
003600,1.0 14 200.1 30.5 364.9 367.3
003601,0.6 14 26.4 159.5 42.5 196.7 0.5 18 41.3 92.8 349.3 311.0 1.0 18 43.7 92.7 492.4 309.6 0.7 14 52.0 162.9 66.1 195.8
003602,0.8 4 358.2 194.1 396.9 333.6 1.0 14 158.9 46.3 296.6 332.0 1.0 14 0.9 45.2 175.8 331.9 1.0 14 268.1 32.2 499.8 332.9
003607,0.9 6 1.8 10.8 374.7 500.8
003610,1.0 14 1.3 44.9 374.5 500.0
003612,1.0 14 80.4 82.0 234.2 333.6 1.0 14 213.8 98.0 345.3 333.0
003613,1.0 14 1.1 174.2 123.7 357.6
003615,0.8 7 138.0 72.2 409.8 318.1
003616,0.6 8 33.6 215.7 140.0 374.6 0.6 8 1.3 122.7 132.5 231.4 1.0 14 193.4 66.8 251.8 227.6
003617,1.0 8 17.7 183.4 143.7 374.5 0.6 14 142.7 1.4 262.7 174.8 1.0 10 111.4 173.8 349.9 373.9 1.0 14 62.4 77.1 225.6 374.3 1.0 8 193.5 292.7 386.3 375.3 0.8 14 257.0 76.5 390.3 373.8 1.0 14 266.6 76.1 488.1 373.1
003619,1.0 2 139.3 244.0 224.4 305.7 1.0 14 193.2 40.9 335.8 213.9 1.0 14 177.5 44.8 206.0 166.6 0.9 2 235.7 76.0 325.3 145.6 1.0 14 185.7 115.5 333.6 347.5 1.0 14 313.2 41.8 376.9 226.6
003624,0.6 15 258.9 179.2 311.6 219.4 0.5 15 167.0 163.7 220.2 222.9 0.7 8 20.0 224.2 69.6 365.2 0.8 8 323.0 211.0 351.5 284.4 0.6 8 318.9 207.3 346.0 254.9 0.6 15 254.7 180.4 309.4 246.2 0.9 10 143.4 261.1 321.8 373.9 0.8 10 144.7 229.8 317.7 297.0 0.7 8 361.9 211.4 391.0 283.2 0.9 8 263.3 253.8 333.2 374.4 1.0 8 114.1 215.7 155.0 276.5 1.0 8 133.7 255.3 250.6 375.3 0.7 8 282.6 214.9 311.7 255.2
003626,0.7 15 0.9 1.1 313.9 490.5 0.8 15 4.9 4.3 260.5 475.9 0.8 15 15.6 60.2 258.9 472.6 0.7 15 15.9 122.2 257.1 473.9 0.6 15 94.8 61.1 259.3 472.0
003630,1.0 6 202.1 138.9 335.4 205.4
003631,1.0 14 397.7 36.5 497.8 340.9 0.5 14 398.9 141.5 436.9 286.0 0.9 14 374.2 44.5 404.8 70.2 0.9 14 184.4 113.9 249.8 222.9 1.0 6 20.4 75.2 144.8 143.2 1.0 14 214.1 38.6 266.1 89.8 0.8 14 358.1 43.8 433.4 156.0 0.6 14 370.5 44.2 429.8 130.5 1.0 14 84.0 58.9 110.1 95.1 1.0 6 1.6 70.3 423.3 341.2 1.0 14 131.0 57.8 157.8 91.1 0.6 14 300.4 54.5 331.9 86.6
003633,0.9 9 188.3 143.1 331.5 235.5 0.9 9 2.6 136.1 171.8 236.9 0.9 9 316.8 152.7 482.7 245.8 1.0 14 292.4 135.7 315.8 159.5
003637,0.8 18 67.4 143.5 470.6 253.2
003641,0.9 17 2.1 270.7 341.6 498.4 0.5 4 325.6 367.6 374.8 500.0 1.0 14 163.4 75.8 248.9 309.2
003643,0.8 15 312.4 350.9 350.7 405.5 0.8 15 1.2 112.7 57.5 267.7 0.9 15 69.5 237.3 90.9 272.5 0.6 14 68.4 73.0 326.8 477.8 0.9 8 326.0 288.7 375.0 450.3 0.7 15 311.2 201.4 342.5 270.3 0.9 14 130.8 70.7 329.7 474.0
003647,1.0 7 70.2 58.4 252.7 316.3 1.0 7 224.9 44.1 416.1 374.9
003649,1.0 14 370.7 141.2 477.4 332.5 0.6 14 313.4 148.9 340.4 186.2 1.0 14 296.7 149.8 348.1 229.7 0.9 4 273.7 198.6 294.2 278.4 0.8 4 239.0 189.2 250.3 216.7 1.0 14 128.4 157.7 183.5 241.5 1.0 14 221.9 148.2 295.6 204.3 1.0 14 1.4 116.8 113.2 333.2 1.0 14 156.4 149.4 200.7 211.2 1.0 14 44.2 147.3 140.4 321.4 1.0 10 45.1 192.2 413.7 332.8 1.0 14 303.6 142.6 388.9 258.7 0.5 14 390.3 218.3 467.6 332.1 0.7 14 298.8 149.0 342.6 208.3
003650,0.8 8 456.7 232.7 496.7 317.4 1.0 14 192.9 63.9 375.0 232.8
003652,0.6 3 337.6 206.7 494.8 267.2 0.8 3 298.6 282.5 500.1 330.5 0.7 3 171.4 313.3 498.7 374.0 0.7 3 245.6 298.1 452.3 351.9 0.7 3 248.7 276.5 498.4 361.5 0.9 3 337.7 205.0 498.8 284.9
003653,0.8 12 58.9 62.8 499.2 302.0
003659,1.0 14 168.7 125.7 228.6 234.6 0.9 2 232.7 155.0 284.9 202.4
003661,1.0 6 159.3 305.9 472.2 436.3
003665,0.5 14 302.3 106.4 425.9 287.0 1.0 14 128.0 135.9 275.4 363.6 0.8 4 441.9 123.2 457.3 156.0 0.7 14 126.9 134.8 329.0 373.9 1.0 14 1.5 33.9 159.5 373.3 0.7 17 212.4 138.0 499.2 374.1 0.5 15 382.9 98.1 412.9 146.7 1.0 14 294.9 108.3 499.9 375.1
003666,1.0 6 25.8 53.7 471.5 281.6
003668,0.8 15 170.5 121.3 229.0 189.8 1.0 10 31.2 161.1 381.5 333.1
003670,1.0 14 144.6 70.3 297.9 265.0 1.0 13 52.9 95.5 372.9 279.3
003672,1.0 11 115.2 163.5 404.5 302.1
003676,1.0 15 119.0 142.4 146.2 185.3 1.0 15 142.3 114.6 195.0 257.3 0.8 19 399.2 242.6 499.3 375.2 1.0 8 45.3 177.9 153.1 292.8 0.8 15 0.8 154.0 18.0 198.6
003677,1.0 14 182.5 27.4 304.0 228.5 0.9 6 1.7 58.1 245.2 164.6 1.0 13 42.5 102.2 454.8 430.8 1.0 14 275.4 143.1 414.3 293.0 0.8 14 273.2 143.8 414.4 409.6
003680,0.8 14 172.6 14.0 197.8 54.2 1.0 14 82.0 1.0 111.0 141.1 1.0 14 350.3 286.9 431.1 374.8 1.0 14 97.4 1.8 138.9 142.8 1.0 14 304.0 7.2 357.5 127.2 1.0 14 134.0 21.3 194.1 139.8 1.0 14 0.9 226.4 49.9 374.4 0.9 14 128.6 7.3 158.8 131.7 1.0 14 353.6 1.8 394.6 138.5 0.8 14 195.8 350.6 244.4 375.0 0.9 14 0.9 9.0 30.0 146.2 0.9 12 57.0 130.5 404.5 339.9 0.9 14 128.4 4.8 158.1 49.6 1.0 14 292.9 124.5 361.9 325.1 1.0 14 391.6 7.4 440.3 121.4 1.0 14 238.5 307.7 321.8 375.0
003682,1.0 2 31.5 152.8 171.5 244.5 1.0 2 347.3 138.8 415.0 204.2
003683,1.0 6 75.0 1.1 499.2 353.7
003686,1.0 19 112.3 36.6 476.8 363.8
003687,0.9 18 192.4 220.4 351.9 309.8 1.0 14 363.0 246.7 377.3 280.2
003689,0.5 18 178.1 153.1 344.4 235.2 0.8 18 155.3 139.1 216.2 167.7 0.7 18 169.5 165.4 285.4 236.2
003692,0.9 6 176.8 201.9 230.6 227.3 1.0 6 331.6 205.2 369.6 228.7 1.0 6 127.3 194.4 181.1 225.6 0.7 14 1.6 203.0 13.5 222.3 1.0 6 461.1 190.0 499.8 223.5 0.9 6 413.1 192.1 470.7 225.4 0.6 6 1.4 206.8 39.1 222.1 0.9 6 35.4 204.8 59.8 224.5 1.0 6 55.8 188.9 108.1 224.9 1.0 6 285.4 188.4 331.2 225.5 0.9 6 216.9 203.1 267.1 229.5
003693,0.6 14 123.2 42.5 207.6 260.1 0.6 11 137.8 154.1 270.3 333.1 0.6 9 16.7 106.0 219.6 317.2 0.6 9 17.8 102.8 220.2 255.9
003697,0.6 4 253.4 88.3 319.0 178.2 0.9 4 404.2 234.6 499.8 375.1 0.5 4 61.9 103.3 222.5 374.4 0.7 4 214.3 86.7 322.4 374.1 0.8 4 448.3 235.0 499.6 340.9 0.6 4 405.9 308.4 500.1 375.0 0.9 4 309.2 120.3 436.2 336.9
003701,0.6 14 273.5 138.3 295.0 156.4 1.0 14 476.1 255.1 500.1 374.1 0.7 14 215.7 129.5 241.7 159.8 1.0 14 228.6 101.7 274.6 160.5 1.0 14 165.5 96.3 219.8 157.0 1.0 6 47.7 268.5 155.2 332.4 1.0 14 295.8 118.3 331.9 158.1 0.7 14 275.9 116.6 298.3 152.2
003702,1.0 17 1.5 101.1 500.5 286.7
003707,0.5 14 3.5 58.3 308.6 374.8 0.7 14 244.0 18.3 482.8 159.5 0.9 4 338.8 14.2 427.2 169.4 0.6 14 1.7 59.1 211.3 374.3 0.7 14 239.6 20.7 368.7 156.5 1.0 14 5.3 56.5 492.6 374.3 0.7 14 241.0 16.2 483.3 204.1 0.9 14 139.3 55.7 492.2 374.6
003710,0.7 14 246.2 47.2 275.6 76.8 0.9 18 0.8 23.6 425.3 282.9
003712,0.6 12 123.0 109.1 367.7 295.4
003715,0.9 5 47.7 63.2 480.2 353.5
003716,0.9 19 323.7 288.7 375.0 440.5 0.9 15 164.0 125.4 183.1 159.1
003718,0.7 6 2.1 2.1 499.4 332.5
003719,0.9 6 6.6 16.5 498.3 374.5
003720,0.8 14 293.3 120.0 352.6 181.0 1.0 12 15.9 123.2 299.6 322.0 1.0 14 136.5 75.4 217.2 205.5 0.7 12 379.3 128.4 486.9 304.3 1.0 14 346.0 92.7 425.1 210.4 1.0 12 228.2 126.9 486.9 306.7 0.8 14 312.3 119.0 353.5 160.4
003723,1.0 14 437.2 179.7 464.7 239.0 0.7 14 436.5 179.7 464.2 257.9 1.0 14 392.6 171.0 426.1 231.8
003724,1.0 7 92.9 119.6 347.2 271.1
003725,1.0 14 13.8 0.8 168.6 205.7 1.0 14 114.7 6.7 212.3 163.8 1.0 14 316.0 30.3 424.4 167.4 1.0 4 211.9 87.6 246.3 176.3 0.9 10 3.3 165.9 471.3 375.3
003726,1.0 1 2.2 62.9 500.9 305.9
003728,1.0 11 135.0 134.0 287.8 285.9 0.5 11 6.8 133.6 289.0 284.7 0.6 17 1.6 27.3 499.2 374.5 0.6 17 10.3 24.9 489.9 362.3
003730,1.0 13 280.2 79.5 378.9 250.4 0.6 13 166.8 75.6 277.3 315.7 0.6 14 155.1 34.4 243.4 225.2 0.6 13 157.9 75.1 277.2 315.8 0.7 14 190.8 35.2 246.4 222.7 0.6 14 154.1 35.0 272.1 314.5 0.6 14 328.6 68.5 391.7 231.5
003731,1.0 14 0.9 44.5 237.6 332.5 1.0 14 247.7 2.2 499.2 332.8
003733,1.0 6 432.9 148.7 500.3 232.4 0.9 6 50.6 112.9 210.4 259.5 1.0 6 217.9 107.6 440.2 259.6
003734,0.9 12 280.8 183.7 378.2 267.3 1.0 14 169.9 93.2 254.9 257.4 0.9 14 304.5 165.2 329.6 228.0 1.0 12 83.5 148.5 282.4 424.9
003736,0.9 8 85.8 59.0 330.8 374.6 1.0 14 133.8 56.4 337.5 374.0 0.9 4 142.0 181.2 206.5 276.8
003737,1.0 11 2.7 178.3 230.5 498.6 1.0 14 275.9 2.3 370.3 125.5 0.9 14 54.9 24.9 132.2 115.1 1.0 14 20.0 23.8 338.5 497.2
003738,0.8 19 320.1 108.7 367.8 147.2 0.6 19 408.4 222.1 498.6 373.3 0.6 19 113.6 56.0 248.0 209.1 1.0 8 360.5 43.5 456.4 189.6
003739,1.0 11 2.4 59.1 271.4 373.6 0.6 14 2.6 23.1 498.0 373.8 0.9 14 237.1 22.2 499.3 373.4 0.7 14 112.4 22.1 498.6 374.0
003741,0.6 15 14.6 29.3 95.8 244.2 0.6 2 21.3 357.6 144.3 444.7
003742,1.0 14 0.6 23.0 174.9 211.7 0.7 14 0.8 23.7 174.8 306.4 0.7 4 210.9 215.7 240.1 273.7
003744,1.0 17 2.3 132.4 450.3 371.9
003745,1.0 14 73.5 43.7 255.5 461.8
003746,0.6 14 413.8 89.0 487.8 351.5 0.8 1 288.3 168.9 435.6 363.6 0.6 14 431.9 53.5 500.0 288.7 1.0 14 430.6 52.4 499.8 363.4 1.0 14 83.0 120.2 139.8 243.7 1.0 1 39.1 164.8 255.1 308.8 1.0 14 115.3 91.8 197.6 281.2 0.7 1 37.2 165.3 138.2 306.7 0.9 14 370.7 90.6 484.5 262.3 0.9 1 288.8 170.2 499.5 363.5 0.9 14 295.8 87.8 485.6 363.4
003747,1.0 14 206.9 382.7 237.5 416.0 0.9 14 326.5 466.4 365.1 499.8 0.8 19 299.2 427.7 388.9 499.5 1.0 14 248.4 382.8 281.8 416.6 0.6 14 158.8 462.0 196.3 497.3 0.8 2 124.0 145.7 189.3 245.5 1.0 14 42.8 9.1 277.4 314.3 0.8 19 203.9 337.6 290.3 445.6
003755,0.9 15 36.2 131.8 75.1 196.7 1.0 8 339.0 234.9 498.5 375.0 0.9 14 427.5 95.2 464.2 142.3 0.9 8 123.2 265.6 295.0 374.8 1.0 17 74.6 142.5 354.2 301.2
003756,1.0 15 35.4 277.9 257.2 373.9 0.7 15 39.5 13.9 282.2 366.8 0.7 15 166.3 235.6 257.2 370.4 0.9 15 33.0 9.8 397.3 368.2
003757,1.0 19 39.7 93.3 195.9 233.9
003761,0.5 19 385.8 187.0 470.7 371.6 0.5 15 265.1 148.9 319.5 188.5 1.0 15 311.1 150.4 369.4 215.7 1.0 8 71.5 179.3 200.2 373.6 1.0 10 138.5 163.9 368.6 372.8 1.0 8 203.1 214.4 324.4 373.6
003762,0.9 14 30.6 260.9 49.1 292.7 0.6 12 190.3 183.2 308.8 268.0
003764,0.9 12 96.3 40.7 200.9 203.0 1.0 14 102.7 14.0 191.7 128.9 1.0 12 66.7 39.8 202.0 203.4
003765,0.9 14 250.7 157.7 272.8 198.3 1.0 14 46.7 279.6 112.9 429.0 0.7 14 253.2 257.9 335.1 473.9 0.9 14 253.0 186.8 318.8 264.5 1.0 14 249.8 71.2 308.0 211.2 0.6 14 249.6 69.5 310.2 267.4 0.7 14 39.9 207.7 123.8 425.8 0.9 14 41.7 223.8 122.4 423.5 0.9 14 250.0 72.2 311.2 257.0 0.9 14 248.2 201.5 315.6 444.8 1.0 14 242.4 245.9 340.3 497.5 0.9 14 241.0 322.4 339.7 498.7
003766,1.0 1 3.0 30.1 436.4 353.3 0.7 4 448.2 235.2 491.5 348.0
003768,1.0 14 129.5 13.4 294.6 363.8 1.0 1 38.4 74.4 281.1 380.7
003769,0.9 6 8.9 103.0 67.0 137.3 0.7 14 266.3 85.2 275.6 101.2 0.9 14 305.1 86.0 319.2 138.2 0.6 14 291.4 86.8 319.5 236.7 0.5 6 286.6 130.2 319.0 204.9 1.0 14 63.1 85.1 91.4 171.4 0.6 14 232.9 87.5 247.8 106.2 0.8 14 232.4 89.2 254.6 112.4 0.9 6 107.9 99.4 232.1 134.9 1.0 6 14.4 134.6 307.4 351.5 0.9 6 86.7 105.0 138.9 135.2 0.9 14 168.5 124.3 189.7 141.2 0.7 14 212.6 88.3 225.6 112.1
003770,0.7 8 308.7 44.6 440.0 125.5 1.0 10 4.8 101.5 474.6 372.7
003771,1.0 14 180.9 128.9 302.9 328.8 0.5 4 424.2 254.3 457.5 350.3 0.9 4 391.4 248.3 451.8 362.8 0.6 14 296.5 162.8 394.2 304.5 0.7 14 461.5 140.0 500.1 250.4 0.8 4 139.8 224.5 216.5 375.1 0.9 14 449.9 141.0 499.9 369.9 0.6 14 295.9 163.1 393.4 287.6 1.0 14 25.3 72.8 203.4 268.7 0.9 14 169.6 127.5 365.4 373.0 0.9 4 439.6 256.5 471.4 343.4 1.0 14 288.3 162.7 393.7 316.4 0.9 4 326.0 235.7 357.2 327.1
003775,0.6 8 376.1 1.7 448.6 79.5
003776,1.0 19 164.7 59.8 283.2 162.1 0.8 4 162.8 176.9 174.7 212.4
003777,1.0 18 107.0 138.5 344.3 247.4
003778,0.8 15 119.4 54.4 245.9 169.1 1.0 15 376.5 3.4 500.8 292.4 0.6 15 391.4 132.0 433.4 270.6 0.5 15 196.7 151.2 246.7 207.3 1.0 7 40.3 68.5 443.1 466.0
003782,0.8 7 31.6 14.1 448.6 293.9 1.0 7 138.8 36.9 447.5 294.4
003785,0.5 11 139.1 34.5 376.3 333.6 0.6 11 138.7 32.5 498.2 333.1
003787,0.8 15 1.3 2.4 94.8 268.7 0.8 15 151.2 237.9 203.2 276.5 0.7 10 42.2 207.5 201.3 298.7 0.6 15 23.6 208.5 90.5 275.0 0.9 2 164.5 184.7 202.1 220.9 0.8 2 79.6 182.5 115.4 222.4 0.9 15 303.1 47.7 420.1 280.9 1.0 15 202.1 183.2 301.7 283.6 0.6 15 296.8 1.8 499.3 279.9
003789,1.0 14 146.6 231.2 231.8 332.9
003794,0.7 14 278.4 1.4 464.3 257.6 1.0 14 159.7 1.2 233.1 120.9 1.0 11 330.1 83.2 499.5 373.4
003795,1.0 14 381.0 33.9 500.0 321.7 0.9 1 390.4 179.3 463.4 379.6 0.9 1 259.6 178.6 358.6 387.7 1.0 1 60.5 202.1 269.1 410.4 1.0 14 56.9 27.3 272.7 409.9 1.0 1 390.0 179.6 499.6 382.9 1.0 14 244.1 3.8 366.8 340.3
003799,1.0 19 258.3 250.5 344.9 379.4 0.9 19 147.6 1.0 355.1 237.8
003800,0.6 15 18.3 1.7 128.4 184.4 0.6 15 18.9 190.1 119.6 265.1 0.8 10 2.8 113.1 363.5 499.0
003801,0.7 19 94.3 47.2 297.7 249.6 1.0 19 91.7 45.3 298.0 229.6 1.0 19 318.3 28.7 457.3 267.6
003802,0.6 19 99.1 236.6 174.2 294.5 1.0 19 227.7 222.8 342.8 317.9
003804,0.0 0 0.0 0.0 10.0 10.0
003805,0.7 11 134.5 130.1 428.6 262.3 0.7 11 266.9 144.7 427.7 269.9 0.8 17 1.8 1.9 496.4 334.4 0.9 11 136.6 131.4 275.5 220.0 0.8 11 138.5 130.6 496.0 269.3 0.9 11 263.6 141.2 496.8 269.6
003810,1.0 14 340.4 102.4 373.4 146.7 0.9 13 101.2 133.2 239.7 358.6 0.6 13 103.1 160.5 240.1 359.1 1.0 6 0.7 135.5 88.6 252.6 0.7 14 328.6 101.5 373.9 221.5 1.0 13 235.0 128.2 367.3 290.3
003812,0.6 14 118.7 57.5 453.3 375.5 1.0 7 199.7 89.1 374.6 281.5
003813,0.8 7 42.2 11.0 291.1 332.9 0.9 7 45.0 10.4 487.0 332.4
003815,0.8 14 236.9 2.0 274.3 94.7 1.0 6 186.2 104.3 428.1 207.3 0.8 14 316.8 130.8 338.2 149.0 1.0 14 287.6 122.0 313.8 147.4
003816,0.8 7 1.0 31.2 160.5 221.8 0.9 7 270.0 74.1 419.1 233.8
003819,0.9 8 383.2 1.4 500.1 212.0 0.9 11 74.5 210.0 320.9 358.0 1.0 14 1.7 0.0 224.2 238.7 0.9 11 145.8 53.5 386.8 269.6
003822,1.0 2 41.0 45.4 406.0 500.4
003823,1.0 0 79.4 108.2 459.8 227.9
003825,0.7 8 287.5 223.1 499.2 376.2 1.0 4 191.2 111.6 248.3 177.8 0.5 4 66.8 199.4 102.2 241.8 1.0 14 40.0 1.2 222.9 230.2 0.9 14 230.1 66.7 453.5 326.0 0.8 14 230.3 65.2 498.7 373.5
003829,1.0 14 436.2 189.2 458.7 257.2 0.9 14 470.4 184.3 490.8 217.3 0.6 18 1.4 13.3 242.1 333.7 0.8 18 0.6 26.3 435.1 333.2 1.0 14 391.6 157.9 417.7 240.0 0.9 14 392.2 157.9 416.6 204.7
003831,0.7 14 47.4 19.7 178.4 259.1 1.0 14 180.5 87.7 312.4 310.8 1.0 14 48.2 20.3 222.3 314.5 0.6 14 331.6 238.1 455.6 375.0
003832,1.0 12 82.6 52.4 331.5 250.0
003833,0.8 14 230.3 56.5 251.4 79.6 0.6 13 427.4 62.8 469.7 107.7 0.7 13 455.3 59.0 500.1 110.5 0.5 14 464.5 18.6 499.4 71.4 0.9 13 93.6 62.5 177.4 133.1 0.5 13 89.3 86.7 296.8 276.1 0.6 14 389.3 23.1 406.1 45.8 1.0 14 248.5 17.8 279.3 88.3 0.5 14 394.9 21.4 424.3 116.3 0.8 13 60.5 82.3 100.6 138.2 0.9 14 465.6 18.1 498.5 54.5 1.0 14 162.9 58.4 353.0 268.8 1.0 13 93.1 74.3 355.5 278.0 1.0 14 379.6 23.8 409.4 117.5 0.5 14 50.5 72.0 76.5 135.6 1.0 13 426.4 56.5 499.6 110.5 1.0 14 199.3 57.7 231.6 123.6 1.0 14 403.5 17.0 445.1 117.2
003836,0.6 3 165.0 264.3 228.8 284.9 0.7 3 454.2 236.7 499.8 284.3
003839,1.0 14 215.4 222.2 261.0 320.8 0.5 14 268.7 206.4 329.4 272.8 0.7 14 125.5 214.5 192.4 284.7 0.9 13 112.4 211.5 198.7 299.0 1.0 14 248.1 211.9 271.5 262.0 1.0 14 265.7 205.5 328.4 305.0
003840,0.5 9 0.7 57.6 121.5 352.5 0.6 9 1.0 56.5 124.0 479.5 0.6 9 181.0 63.7 374.9 472.4
003841,0.6 16 1.8 10.0 363.7 419.6
003842,1.0 4 46.3 12.0 198.2 495.5
003843,0.9 6 124.2 60.8 500.6 334.5
003850,1.0 2 137.3 148.0 401.1 369.9
003851,1.0 1 3.4 379.4 62.1 470.5 0.9 1 133.8 371.9 183.9 450.6 1.0 14 135.4 325.6 186.3 424.7 1.0 14 4.0 328.2 63.2 456.0 1.0 14 182.9 209.6 323.9 463.8 1.0 1 165.4 321.4 376.6 498.2
003852,1.0 14 0.3 51.2 101.8 374.4 0.8 12 81.7 2.6 498.4 374.3
003853,1.0 14 349.0 140.5 492.5 244.7 1.0 14 35.8 98.4 72.2 158.3 1.0 8 295.9 176.5 365.0 244.6 0.9 14 1.0 121.9 44.5 194.9 0.9 14 62.4 129.3 138.3 243.6 1.0 14 0.9 158.0 109.2 244.7 0.9 10 146.8 127.0 373.6 244.5 0.9 14 256.4 53.8 338.3 180.3 0.7 8 343.5 124.1 393.0 181.1 0.6 14 255.2 52.9 339.2 138.4
003854,0.0 0 0.0 0.0 10.0 10.0
003858,0.6 14 226.0 183.9 276.6 374.9 1.0 14 389.0 118.4 462.8 373.2 0.9 14 358.2 173.4 412.9 372.9 1.0 14 328.7 185.4 364.4 351.1 1.0 14 223.3 182.9 275.9 314.1 1.0 14 356.5 172.9 407.6 320.5 1.0 14 72.0 142.1 163.1 373.2 1.0 14 243.7 177.2 333.5 372.9 0.6 14 327.7 186.5 363.1 297.3
003862,0.6 8 123.3 188.2 269.5 326.6 0.8 8 126.2 143.0 383.8 327.8
003864,0.9 6 1.9 2.8 499.5 374.5
003867,1.0 14 163.5 75.5 244.6 355.0 1.0 14 242.0 62.7 369.5 368.2 0.8 4 250.4 175.5 268.5 235.0 1.0 1 151.9 232.0 294.6 374.6
003870,0.7 7 127.6 190.0 298.6 374.9 0.6 7 213.9 187.9 303.6 342.6 0.7 15 179.7 1.4 458.2 374.1
003873,0.8 18 74.2 71.8 311.8 200.1 0.9 18 1.0 73.9 337.7 199.8 0.8 18 74.7 71.5 326.5 199.7
003875,0.9 14 97.8 400.6 160.7 499.6 0.6 14 30.5 89.0 165.7 310.6 0.9 14 73.1 399.8 160.6 500.1 1.0 14 31.4 88.3 266.1 334.8 1.0 14 268.6 59.3 328.3 201.0 1.0 14 161.0 92.1 212.1 196.8
003878,0.6 6 74.3 1.9 499.1 374.1
003880,1.0 7 201.3 27.9 445.5 295.7
003881,0.9 8 123.8 32.4 179.6 94.6 1.0 8 31.3 26.0 94.4 109.5 0.9 8 204.1 25.6 259.4 80.1 0.7 8 117.7 32.6 155.5 95.7
003882,0.5 15 173.8 89.5 273.8 186.4 0.9 15 150.1 89.2 271.3 185.4 0.7 15 160.4 95.7 326.8 298.9 0.7 15 111.7 133.5 207.1 275.1 1.0 15 372.6 134.1 486.9 291.4 0.9 15 7.0 97.1 174.2 249.1 0.6 15 10.7 99.1 134.6 249.8 0.7 15 304.9 214.8 418.6 332.6 0.8 15 304.4 145.8 420.3 332.0 0.7 15 233.1 125.6 413.0 327.1 0.6 15 103.0 95.6 272.2 283.4 0.6 15 183.9 89.7 270.5 184.4 0.6 15 8.8 98.4 97.2 249.3 0.6 15 161.1 186.8 256.7 296.3 0.9 15 6.7 98.8 209.6 260.0 0.7 15 8.9 109.9 105.3 245.1 0.8 15 228.6 208.1 328.9 316.4 0.6 15 9.2 98.0 101.8 246.5 0.6 15 112.6 119.1 209.2 275.7 0.6 15 62.9 87.5 276.8 278.4 0.7 15 59.7 100.5 211.8 271.6 0.5 15 7.6 126.2 104.0 247.1 0.9 15 226.0 115.5 330.2 308.9 0.5 15 116.4 88.6 274.2 287.8 0.8 15 58.1 96.0 212.2 264.2 0.5 15 8.9 88.4 274.0 274.9 0.6 15 56.1 101.6 164.4 248.2 0.6 15 9.9 95.9 127.7 247.9 0.6 15 122.7 95.2 213.8 263.7 0.5 15 140.8 113.6 209.6 174.0 0.6 15 8.8 120.8 92.2 241.2 0.7 15 114.2 108.6 269.4 285.0 0.5 15 59.4 105.9 212.1 268.4 0.8 15 230.6 113.5 405.9 319.7 0.5 15 231.7 118.3 331.7 208.1 0.5 15 233.7 106.8 402.7 245.8
003883,1.0 18 105.3 57.4 381.4 289.3
003884,0.9 8 371.8 43.5 499.2 187.2 0.8 14 73.7 86.8 328.6 375.1 0.6 8 143.3 10.9 230.1 215.0 1.0 14 0.9 60.4 155.9 358.3 0.8 14 201.0 87.4 429.2 305.3 1.0 14 243.1 103.8 499.1 374.9
003888,0.6 11 115.8 73.1 477.4 375.0 0.5 11 117.5 73.1 473.8 276.6 0.6 7 120.2 178.6 402.9 375.1
003892,1.0 3 1.2 1.5 338.4 131.6
003893,0.9 6 29.7 118.3 345.8 279.1
003894,0.8 8 124.1 38.8 216.0 109.6 0.6 8 73.9 327.7 282.5 375.0 1.0 10 2.9 105.8 498.9 375.1
003896,0.7 2 15.3 341.9 39.1 377.7 1.0 2 60.6 356.6 121.9 410.7 0.8 2 284.4 331.7 314.0 370.5 0.7 2 412.0 338.4 452.9 375.6 1.0 2 403.8 347.3 464.5 408.5 1.0 2 198.3 354.1 251.1 412.2 0.9 2 445.8 353.7 499.3 408.6 1.0 14 114.7 93.2 162.1 214.1 0.5 2 413.8 337.3 452.3 369.7 0.5 2 413.1 337.5 449.2 369.9 0.8 2 293.6 361.7 316.2 404.5 1.0 14 6.3 86.3 61.0 214.4 0.5 13 35.8 228.5 221.9 402.9 1.0 14 204.5 99.9 334.8 404.1 1.0 2 340.9 352.1 406.7 408.8 0.8 2 302.0 277.4 340.9 317.7 0.9 2 303.2 336.9 345.7 373.9 0.6 2 32.4 271.4 55.1 303.3 0.8 2 366.0 34.7 435.4 115.7
003897,1.0 14 388.1 62.7 500.1 375.5 1.0 14 1.0 120.8 89.5 376.3 1.0 14 152.6 147.0 389.2 376.1
003900,0.7 19 39.1 211.1 124.7 260.3 0.6 6 120.4 73.8 457.1 274.4
003901,0.0 0 0.0 0.0 10.0 10.0
003902,0.6 8 310.9 202.6 373.9 369.0 0.9 15 98.3 -0.3 294.0 337.9 1.0 10 1.8 244.6 374.5 500.2 0.9 8 5.5 185.5 52.1 313.9 0.6 4 171.9 324.5 204.4 393.7 0.6 8 300.3 202.1 355.5 324.2 0.5 10 78.9 248.3 364.7 500.2
003903,1.0 14 403.5 2.1 500.0 331.4 0.8 14 82.9 1.9 256.3 331.4 0.9 14 3.1 1.8 249.6 331.4 1.0 14 131.1 62.4 339.9 331.4 1.0 14 272.2 2.0 424.4 331.6
003904,1.0 6 383.9 157.1 480.2 293.7
003906,1.0 4 419.4 138.2 478.4 333.7 1.0 7 148.4 1.4 382.4 332.5
003908,0.9 18 149.9 92.7 192.0 157.2 0.7 3 203.4 157.8 289.9 336.0
003909,1.0 19 198.4 103.2 249.2 145.3 0.6 19 15.8 127.0 78.3 216.7 1.0 19 329.4 133.3 447.3 198.7
003910,0.9 14 240.2 135.5 276.0 212.0 1.0 3 33.3 186.9 367.3 242.5 1.0 14 158.9 119.6 252.6 219.3 0.8 14 212.6 121.1 251.2 217.5 0.9 14 238.8 134.6 274.6 212.6
003914,0.8 16 197.1 148.2 287.1 221.5 0.9 16 418.3 131.2 499.7 209.2 0.9 16 433.0 96.7 499.5 138.7 0.5 16 156.9 154.1 236.7 232.3 0.7 16 157.4 157.6 236.9 232.5 0.9 16 268.9 98.5 327.2 148.0 0.8 16 156.7 152.0 197.6 179.0 0.9 16 98.0 168.8 238.0 251.6 0.9 16 335.4 111.0 412.7 169.9 0.8 16 155.6 150.3 286.8 222.5 0.9 16 275.1 129.0 399.3 217.7
003916,0.7 6 48.9 63.8 278.4 247.1
003917,1.0 6 125.7 1.5 498.9 261.4
003920,0.8 11 1.1 81.1 421.4 265.4 0.5 19 226.9 0.7 413.1 96.2
003922,1.0 14 218.0 40.6 332.8 186.2 1.0 12 67.0 44.0 396.9 255.1
003925,0.9 7 0.7 37.9 264.3 242.0
003927,0.6 14 144.1 1.6 351.6 332.4 0.6 14 142.3 1.6 347.3 332.4 0.9 14 144.7 1.8 459.6 332.8 1.0 14 230.1 2.1 456.8 333.0
003928,1.0 4 121.1 15.6 249.0 451.9 0.7 13 78.9 9.5 306.5 451.0
003929,1.0 14 190.9 93.4 271.5 374.8 1.0 14 136.3 115.9 230.1 375.0 1.0 14 258.5 88.5 366.4 373.5 0.9 1 254.0 258.8 342.7 374.7
003930,0.9 18 0.7 1.2 438.9 331.8
003931,0.7 0 1.9 2.4 499.8 374.6 0.6 0 94.0 70.0 500.0 280.0 0.7 0 2.1 70.1 500.4 279.9
003933,0.9 11 152.8 10.3 443.0 260.2 0.6 11 151.9 9.6 498.7 332.7
003934,0.5 19 261.1 233.0 370.1 323.0 1.0 15 143.6 259.4 261.6 374.8 1.0 19 1.1 116.6 84.5 249.4
003938,1.0 14 212.3 117.9 427.7 374.9
003940,0.9 6 401.4 114.5 499.1 175.9 1.0 6 77.3 82.5 413.0 192.0
003942,0.7 15 353.4 257.1 416.9 360.2 0.8 15 190.0 121.8 240.7 175.6 1.0 14 151.2 124.0 269.2 233.4 1.0 4 15.9 147.3 43.3 238.5
003943,0.8 15 227.7 136.6 298.9 175.6 0.8 15 45.8 123.2 142.9 162.7 1.0 4 376.6 315.1 393.5 375.1 0.8 4 378.2 313.3 391.8 350.9 0.9 14 445.4 338.1 500.1 375.2 0.7 4 358.6 265.5 379.4 343.5 0.8 14 428.5 222.2 479.0 310.0 0.9 14 104.7 223.9 186.6 333.5 1.0 14 413.0 245.2 499.4 374.7 0.7 4 372.2 255.2 388.3 296.0 0.6 4 387.2 245.2 411.4 325.8 0.9 4 374.5 258.5 396.4 329.5 0.9 4 356.9 315.7 370.5 363.2 1.0 14 278.8 253.1 322.8 306.1 0.9 14 98.3 202.1 187.1 338.1 0.7 14 432.0 221.0 482.6 276.6 1.0 14 42.5 278.1 159.0 374.6 1.0 14 170.3 221.5 299.5 374.4 1.0 14 317.5 263.4 379.3 341.9 0.9 14 392.6 249.1 439.3 373.8 0.9 4 357.1 311.3 371.3 358.2
003944,0.5 14 302.0 177.5 389.6 374.5 0.9 4 134.9 195.6 171.6 296.7 0.8 17 2.5 152.5 500.0 374.1 0.8 14 294.5 31.0 498.9 375.1 1.0 4 69.5 235.5 97.4 307.6 0.5 14 209.5 30.5 500.1 321.8 1.0 14 213.3 28.6 496.9 374.6
003950,0.6 10 104.5 257.3 417.3 319.6
003951,1.0 14 127.6 62.3 258.0 275.6 1.0 12 62.7 118.7 298.8 430.0
003952,0.5 3 175.8 50.8 197.8 246.9 0.5 3 153.1 243.4 196.3 261.5 0.9 3 289.3 241.0 320.9 268.5 0.8 3 153.5 247.2 181.0 261.6 0.8 3 160.0 48.3 198.6 256.9 0.7 14 162.5 227.0 179.4 255.6 0.6 3 155.1 47.5 202.7 259.9
003955,1.0 14 97.4 173.5 146.9 320.3 1.0 14 40.4 162.1 100.4 354.5 1.0 14 206.7 162.2 278.4 280.4
003958,0.0 0 0.0 0.0 10.0 10.0
003959,1.0 14 203.9 92.8 294.2 374.5 1.0 14 384.2 122.1 499.2 375.2 0.6 14 389.2 9.6 500.1 374.3 0.9 14 404.1 8.2 500.5 216.4 1.0 14 0.5 66.0 80.6 374.8 0.6 14 206.4 93.5 295.6 276.1 1.0 14 55.5 37.4 274.7 374.4 0.8 14 286.7 108.1 407.8 303.4 0.8 14 273.4 107.6 416.7 375.8 1.0 14 273.5 113.5 498.2 374.7
003962,0.9 6 29.2 2.8 385.9 263.6 0.9 6 0.5 2.3 385.4 372.9
003964,0.9 11 8.8 33.7 331.6 448.8
003967,1.0 6 363.6 204.4 397.8 233.5 1.0 6 264.7 130.7 301.9 143.6 1.0 6 175.6 176.2 210.1 207.6 0.9 6 238.8 118.3 267.0 129.4 1.0 6 172.8 155.1 194.0 172.8 0.9 6 90.8 121.7 113.4 134.4 0.5 18 231.6 153.1 333.5 280.0 1.0 6 39.8 146.8 64.8 168.8
003968,0.7 1 50.0 359.2 403.2 488.6 0.9 1 48.7 359.7 242.3 488.4 0.7 14 43.1 13.0 292.5 489.1 1.0 14 40.4 11.5 464.8 488.2 0.7 1 50.3 363.5 501.3 489.1 0.8 14 218.0 81.7 466.9 489.4
003972,0.9 14 124.9 114.1 386.9 374.8 0.8 14 368.6 19.3 500.1 373.6 0.8 14 83.8 118.0 234.5 375.0 0.8 14 124.0 113.1 294.5 373.7 0.9 14 1.9 61.7 226.7 374.5 0.9 14 0.8 59.8 160.3 374.5 0.9 14 282.1 14.9 479.4 317.9 0.8 14 225.4 309.5 386.3 375.1 0.9 14 281.4 14.5 499.6 373.4
003975,0.0 0 0.0 0.0 10.0 10.0
003976,1.0 14 102.8 110.1 275.3 390.9 1.0 1 81.4 262.8 284.8 479.5
003977,1.0 11 21.4 3.9 482.8 499.3
003978,1.0 14 195.4 32.8 318.6 221.9 1.0 12 60.8 93.6 416.2 297.5 0.7 12 62.1 97.3 416.3 437.8
003980,1.0 11 8.3 32.8 318.8 375.0
003981,0.9 14 66.6 64.0 261.9 363.1 1.0 14 1.0 63.9 259.9 374.7 1.0 19 217.5 154.9 432.1 371.4 1.0 14 250.8 194.1 323.6 296.2
003982,0.8 9 128.7 202.1 161.6 233.1 0.8 9 348.7 201.2 390.6 233.5 0.9 9 245.4 197.7 294.7 229.9
003985,0.5 2 255.8 138.5 307.2 228.0 1.0 2 254.1 136.5 307.4 253.9
003989,1.0 13 337.7 135.1 445.4 238.1 1.0 14 269.5 64.9 309.5 169.6 1.0 13 154.6 111.7 273.9 238.6 1.0 14 65.2 65.2 141.7 171.0 1.0 14 174.3 74.1 239.9 194.6 0.9 13 61.6 103.5 158.6 172.1 0.6 14 220.2 94.6 285.9 180.1 0.9 14 217.5 95.3 286.6 242.5 1.0 14 351.6 94.2 444.2 236.0
003995,0.7 14 307.4 108.3 466.1 271.7 0.5 14 2.0 2.2 498.4 374.1 0.9 14 1.2 51.2 395.5 374.8 0.5 14 251.3 55.3 499.4 266.9 0.6 14 251.3 106.8 498.8 361.1 0.9 14 301.7 109.5 499.5 373.5
003999,0.5 13 3.6 15.6 496.0 374.9 0.6 1 2.6 139.2 499.1 377.5 0.7 1 3.2 154.9 497.2 376.5
004000,1.0 14 69.7 23.2 200.3 488.5 1.0 14 186.4 41.9 334.2 464.0
004001,0.6 14 116.5 179.3 131.1 214.4 1.0 14 429.4 164.0 457.4 227.6 1.0 6 462.4 168.4 500.5 232.9 0.6 14 77.9 180.3 96.7 202.0 0.8 14 246.3 173.2 259.9 203.3 0.9 14 91.1 180.6 110.4 218.2 0.6 14 141.0 177.2 153.1 198.5 0.7 3 270.7 30.4 403.0 216.6
004002,0.8 11 87.6 90.5 308.7 286.6 0.9 11 8.4 90.9 307.6 284.7
004004,0.6 10 17.9 377.9 187.2 499.8 1.0 17 2.0 299.1 227.4 496.7 0.6 11 193.5 421.4 309.5 500.3
004006,1.0 14 25.9 108.8 43.7 147.1 0.7 14 254.8 84.7 273.5 108.1 0.9 14 82.6 109.4 101.9 143.5 1.0 14 46.7 107.9 64.7 146.1 0.9 12 280.6 78.8 355.1 144.5 1.0 14 106.8 102.9 127.3 144.0 0.7 14 149.8 105.9 166.8 141.0 0.9 14 409.1 98.0 432.0 132.8 1.0 14 169.3 58.0 225.1 199.5 1.0 14 372.6 86.8 390.4 133.4 1.0 14 0.9 98.5 18.6 148.2 1.0 12 70.9 102.1 296.2 285.4 0.9 14 61.2 106.1 78.6 142.8 0.8 14 65.0 106.0 82.8 142.6 0.6 14 254.5 85.2 277.8 129.4 1.0 14 307.1 58.8 328.7 135.8
004007,0.9 18 236.5 121.9 295.8 197.8
004018,0.8 2 4.4 164.6 272.9 332.6 0.6 2 0.9 111.3 275.4 333.8 0.5 2 0.5 110.1 353.5 333.9 0.9 2 175.6 109.6 358.4 280.2
004021,0.7 11 168.6 1.1 497.8 367.4
004022,0.5 9 458.1 149.5 500.3 187.1 0.7 9 80.2 155.1 110.5 183.6 0.9 9 46.0 215.3 128.0 267.1 0.9 9 205.6 163.3 241.1 211.3
004024,0.8 19 1.1 250.4 89.8 356.9 0.7 19 303.2 9.0 500.8 238.7 0.8 19 313.6 11.9 414.7 220.9
004026,1.0 6 38.7 132.6 112.7 176.3 1.0 6 145.7 133.2 315.4 306.1
004027,0.6 15 96.3 369.4 143.5 455.9 0.7 15 10.4 214.2 124.0 361.8 1.0 15 84.9 367.0 143.8 455.5 0.6 15 24.5 355.5 101.4 439.3 0.8 15 5.7 212.1 124.9 428.8 1.0 15 72.4 40.6 249.4 445.4 0.6 15 203.5 315.1 241.0 415.7
004029,0.8 7 438.2 48.4 484.7 126.9 0.9 7 12.3 48.9 59.6 116.4 1.0 17 7.2 66.9 494.5 193.7
004030,1.0 14 201.3 183.9 286.1 374.8 1.0 5 128.6 67.4 456.0 291.1 1.0 6 334.4 203.1 500.1 326.0
004032,0.7 15 148.0 94.9 325.3 256.3
004036,0.9 2 43.6 123.9 307.9 222.8 0.8 2 75.2 70.9 213.8 148.7 0.8 2 43.4 71.7 309.6 224.8
004038,1.0 15 199.9 144.8 262.1 220.8 0.6 15 287.3 102.0 331.9 160.2 0.9 15 286.8 13.8 341.6 155.3 1.0 15 142.8 192.0 220.8 283.0 1.0 15 242.1 100.5 296.4 183.3
004040,0.6 19 204.2 178.9 334.1 307.0 0.6 16 19.9 316.7 104.6 403.6
004041,1.0 14 112.9 103.0 301.1 375.9 1.0 14 263.4 146.5 422.4 374.9
004042,0.8 14 355.2 2.2 497.5 331.4 0.5 14 51.8 21.8 242.3 330.6 0.9 14 2.9 14.4 241.1 333.1 0.5 14 45.8 1.7 375.5 332.3 0.5 14 271.1 1.6 380.0 331.8
004043,1.0 6 156.5 103.7 377.8 264.5 1.0 14 335.4 158.8 432.1 294.7
004044,0.9 15 0.2 1.5 205.9 373.7 0.9 7 96.4 62.2 401.9 371.0
004045,0.7 8 0.8 92.6 30.9 238.4 1.0 17 26.4 66.1 474.5 369.9 1.0 15 349.0 11.6 442.8 143.1
004048,0.6 7 1.2 2.0 349.7 374.7
004049,0.7 14 308.8 4.0 468.4 499.1 0.5 14 1.7 2.5 333.0 499.1 1.0 14 0.8 2.3 335.2 443.0 1.0 14 207.0 3.9 468.2 498.3
004050,1.0 6 25.9 26.9 474.8 362.8
004053,0.7 8 143.7 198.5 177.2 277.5 1.0 8 113.4 203.1 165.5 292.2 1.0 8 76.8 202.0 111.2 281.5 0.9 8 70.4 202.0 95.5 270.6 1.0 10 77.5 202.1 141.2 291.8 0.5 8 84.8 190.2 114.7 209.2 0.6 17 1.1 266.0 89.3 332.1 0.7 8 73.3 202.9 104.6 279.7 0.9 19 241.6 184.6 353.4 272.5
004054,0.9 15 123.8 208.1 169.0 265.8 1.0 14 265.5 213.1 332.1 374.6 0.5 14 317.0 59.7 416.1 375.7 1.0 14 148.8 251.5 209.2 374.6 1.0 14 164.5 83.6 255.1 268.9 0.9 14 111.7 72.4 175.9 309.2 0.8 14 110.7 71.4 172.7 213.0 1.0 14 34.5 64.4 172.5 375.5 0.7 15 287.9 202.9 336.1 257.0 1.0 14 241.9 99.5 327.0 287.7 0.9 14 242.3 99.7 327.5 374.8 1.0 14 311.8 59.4 414.7 373.9 1.0 14 204.3 213.4 272.5 374.7
004055,1.0 4 207.8 345.0 264.8 499.9 0.9 15 1.6 299.7 164.5 432.6 0.6 10 2.5 273.6 374.5 499.2 1.0 4 304.7 382.2 362.8 499.4 0.6 10 3.3 290.4 373.7 500.0
004056,0.9 4 157.0 211.2 202.9 307.9
004059,0.6 2 196.8 133.2 230.7 174.2 1.0 2 220.2 159.8 250.9 206.0 0.7 2 260.3 221.9 305.0 259.0 1.0 2 193.1 133.0 231.1 198.6 0.7 14 302.7 48.6 341.1 101.1 0.6 2 289.9 77.3 306.1 105.6
004061,0.6 0 1.7 1.2 319.5 239.7
004062,0.9 11 0.8 80.0 285.3 285.6
004063,0.6 14 1.3 1.3 156.0 412.9 0.6 14 1.4 0.5 221.3 409.2 0.9 15 221.1 38.2 325.9 197.9 0.9 14 34.7 122.9 293.2 411.3 1.0 14 138.0 14.3 332.5 420.7
004064,0.5 14 316.7 88.1 499.3 373.1 1.0 19 59.6 1.1 241.0 218.9 1.0 14 171.8 86.4 497.8 375.2
004065,1.0 14 450.5 187.3 474.7 245.9 1.0 14 5.0 192.6 25.7 241.7 1.0 14 339.9 165.9 367.2 201.0 1.0 5 26.7 88.9 423.9 296.7 0.9 14 241.3 149.9 351.6 286.2
004068,1.0 4 307.1 179.2 350.6 332.4 0.6 4 334.2 155.8 357.2 214.5 0.8 14 260.2 17.2 431.3 234.3 0.9 4 273.4 173.6 305.7 232.9 0.6 14 2.9 18.2 430.2 372.9 0.5 14 259.0 18.4 432.1 256.7 0.9 10 128.1 231.4 465.3 375.3 0.5 14 207.6 16.7 432.7 367.7 0.8 14 254.9 18.7 431.5 371.2
004070,0.6 13 250.7 127.9 411.6 308.7 0.6 13 176.7 137.2 256.1 264.0 0.9 13 74.6 138.8 237.5 281.9 0.5 14 181.9 145.8 239.8 259.5 0.6 14 370.2 119.3 436.2 177.3 0.9 13 75.7 145.6 233.5 282.1 0.7 13 76.1 152.2 184.3 282.3 0.5 14 361.0 118.6 440.6 263.7 0.9 13 250.9 111.4 450.9 306.1
004071,0.8 6 0.8 115.3 37.0 226.9 1.0 6 32.5 25.4 492.4 307.2
004072,1.0 14 139.3 95.0 270.0 375.1 1.0 4 235.4 208.2 258.3 259.5 0.8 16 310.5 200.1 388.5 243.8
004074,0.7 14 1.9 1.7 149.9 132.3 1.0 14 2.0 18.0 250.5 375.4 0.7 14 1.2 2.1 151.6 374.5 1.0 14 209.9 10.0 462.7 374.7
004078,0.8 0 1.9 141.9 199.5 258.3 1.0 0 1.9 91.5 500.5 261.7
004079,0.6 11 213.0 30.6 343.0 293.5
004080,1.0 6 101.0 102.2 391.4 233.7
004081,0.7 9 180.3 94.4 333.1 207.2
004083,1.0 2 26.8 58.1 466.9 374.5 1.0 2 333.0 84.4 500.4 374.0
004084,1.0 14 123.9 21.5 178.5 131.7 0.5 12 64.5 34.5 181.6 142.8 1.0 12 64.8 33.2 286.4 210.7
004086,0.6 11 47.4 9.9 272.2 138.8 0.9 11 190.0 148.2 498.6 366.2
004088,1.0 6 133.0 327.8 289.1 407.9
004090,1.0 14 226.1 174.0 281.9 333.0 1.0 14 163.1 164.9 223.5 332.8 1.0 14 292.2 167.0 354.4 332.3
004094,1.0 14 66.9 156.2 107.4 200.2 0.8 6 15.5 180.8 35.2 203.8 1.0 5 27.9 32.3 463.1 302.1
004096,0.5 17 2.0 1.2 498.0 267.8 0.9 8 2.1 3.0 246.6 262.1 0.6 17 238.8 6.4 491.5 266.6 0.7 8 236.9 5.5 487.6 266.1
004097,1.0 6 400.5 147.6 499.9 203.8
004098,0.6 10 224.5 196.8 286.6 309.8 1.0 8 274.1 171.4 350.0 332.1 0.9 8 415.8 176.4 453.5 316.3 0.7 19 167.3 204.7 205.0 245.6 1.0 14 198.6 115.8 239.5 284.3 0.6 8 281.6 240.9 351.6 332.4 0.8 8 241.1 194.3 286.6 303.9 0.7 10 272.8 192.9 444.3 331.9
004099,0.8 5 60.3 175.8 333.1 411.3 1.0 14 175.3 238.3 332.1 498.6
004101,0.6 14 4.0 174.9 237.6 335.7 0.9 1 1.2 110.2 109.4 263.7 0.6 1 1.0 22.6 111.3 286.3 0.8 17 1.3 195.1 375.3 473.0 0.8 14 118.7 171.4 238.6 338.8 0.7 14 183.2 176.6 238.8 339.8
004103,0.7 14 113.7 189.4 134.5 236.9 0.7 14 115.4 189.2 132.4 209.5 1.0 14 99.9 193.1 116.3 236.2 1.0 14 189.8 199.8 225.7 270.0 0.9 12 189.7 233.6 227.4 302.4
004104,1.0 6 0.7 325.9 33.2 409.7 0.7 5 22.9 228.4 164.1 332.9
004107,1.0 6 96.1 264.3 407.5 354.2
004109,0.9 8 135.7 72.7 351.3 349.3 0.9 8 132.0 73.4 354.9 250.3 0.5 10 99.0 312.6 344.6 376.0 1.0 14 105.2 1.1 201.2 248.5 1.0 14 1.0 0.8 82.6 294.2 1.0 14 132.5 62.6 330.5 352.2
004112,1.0 11 3.3 133.0 227.6 373.6 0.7 14 72.9 22.8 498.1 373.3 0.9 14 214.6 21.6 499.4 373.4
004114,0.6 19 419.6 83.7 499.9 264.1 0.7 7 2.5 144.8 383.4 369.5 0.9 7 6.9 144.1 382.9 309.2
004115,1.0 6 147.1 192.8 343.4 305.9
004116,1.0 15 2.4 2.0 98.6 283.3 0.7 7 161.1 57.2 424.6 328.0 0.5 7 161.3 57.7 365.2 322.8
004118,0.9 4 328.8 217.8 371.7 324.7 1.0 14 436.3 110.0 482.0 158.1 1.0 4 228.5 255.8 256.4 333.6 0.7 14 404.4 127.4 499.9 333.5 1.0 14 183.3 64.2 282.8 200.3 1.0 14 57.0 102.1 218.1 334.2 0.9 10 194.6 180.5 433.6 334.4 1.0 14 373.6 127.6 499.6 333.5 1.0 14 294.2 101.8 415.6 226.7 0.6 10 198.5 212.5 431.7 333.7 0.9 14 359.1 103.5 458.1 305.9 0.6 19 313.6 1.0 390.7 24.9 0.7 14 352.9 102.2 458.5 315.1
004119,0.9 8 446.2 201.3 485.9 333.5 0.5 17 0.7 195.7 43.9 318.1 1.0 17 120.3 188.6 346.5 312.8
004123,0.7 14 304.3 213.1 319.4 237.6 1.0 3 131.2 1.2 363.1 273.7 0.9 3 186.4 190.3 241.3 211.5 0.6 3 200.3 223.8 296.6 275.1 0.6 3 196.6 223.8 357.4 273.8
004124,1.0 15 1.7 50.0 236.7 374.8 1.0 15 243.2 25.3 496.3 374.0
004125,1.0 14 40.7 0.4 246.8 334.1 0.8 14 183.3 73.5 492.6 374.7 0.9 14 262.9 75.0 493.4 374.0
004126,1.0 12 92.5 124.6 189.9 431.9 1.0 14 84.7 73.3 218.4 307.0
004127,1.0 14 283.1 2.3 499.7 332.9
004128,0.7 14 83.7 13.8 150.2 72.1 0.7 8 154.7 193.8 254.5 374.5 1.0 14 35.5 34.0 90.3 151.6 0.6 14 57.4 82.3 184.8 267.4 1.0 14 108.5 63.2 274.2 375.0 0.5 19 0.7 98.7 42.5 165.7 0.7 14 108.1 12.0 151.8 72.4 0.9 8 265.5 47.3 312.0 111.6 1.0 4 46.9 144.5 63.1 193.1 0.9 14 211.1 53.1 289.2 186.2 0.9 14 81.0 16.8 154.4 122.2 1.0 14 56.2 81.7 187.6 362.6 0.7 14 81.8 31.3 147.6 96.2 0.9 14 148.5 1.5 196.7 78.6 0.9 14 218.0 54.3 334.4 330.5 1.0 14 258.5 113.7 481.8 375.0
004130,0.9 2 66.4 74.9 426.5 334.0
004132,0.9 14 172.9 46.4 320.2 315.7 1.0 14 42.0 13.8 217.9 325.7 0.8 17 1.8 78.1 499.7 332.5 1.0 14 302.9 35.7 446.5 332.6
004134,1.0 4 216.9 2.3 244.0 95.1 0.5 4 247.3 1.2 278.3 57.2 0.7 4 144.2 1.5 169.0 55.1 1.0 4 105.5 2.6 145.3 107.9 1.0 4 326.3 243.9 413.9 399.2 0.7 4 218.0 1.5 243.2 47.0 1.0 4 183.5 2.5 210.9 101.6 1.0 4 144.3 2.7 174.3 101.5 0.5 4 113.2 1.5 144.9 61.0 0.8 4 146.4 1.5 173.8 55.8 1.0 4 244.7 2.0 277.2 89.0
004139,0.6 8 424.2 18.7 499.7 231.1 0.5 17 47.6 64.3 460.8 374.3 1.0 17 42.8 66.0 461.7 374.1 0.7 19 361.3 21.6 423.3 79.4
004144,1.0 14 36.1 378.9 56.1 441.1 0.6 5 8.1 319.8 63.9 394.4 0.9 14 15.0 373.2 28.4 407.9 1.0 14 203.9 389.6 243.9 473.1
004147,0.0 0 0.0 0.0 10.0 10.0
004151,0.8 15 260.0 104.7 371.8 216.3 0.7 15 254.7 2.4 373.3 215.3 0.7 14 116.7 363.5 224.6 499.5 0.7 13 2.3 10.9 319.4 498.5 0.9 13 4.1 62.2 320.1 498.0 0.7 13 2.4 73.7 319.3 498.3 0.8 13 115.5 87.1 320.4 426.9 0.8 13 114.5 61.5 320.2 461.3
004153,0.6 0 12.0 42.2 385.5 224.7 1.0 0 10.4 44.1 497.1 222.9
004154,0.7 14 364.8 213.6 380.4 261.5 1.0 14 328.2 214.5 346.5 276.4 0.8 14 448.9 216.9 467.0 274.0 1.0 6 172.5 224.5 223.7 256.8 1.0 14 461.2 221.1 488.7 288.5 0.5 14 442.6 215.6 457.4 274.5 0.7 14 365.7 213.5 380.6 247.8 0.6 14 433.9 214.0 447.6 261.4 1.0 6 0.6 211.6 115.9 293.4 0.6 14 365.2 214.7 381.9 283.2 0.9 14 487.0 218.7 500.1 285.4 0.6 14 451.3 216.8 468.7 283.2 0.9 14 289.3 214.6 308.3 273.9 1.0 14 394.8 214.5 428.2 283.7
004155,1.0 15 120.3 7.1 267.1 175.3
004156,0.0 0 0.0 0.0 10.0 10.0
004157,1.0 14 333.6 55.5 499.6 331.1 0.5 14 3.0 59.6 373.3 332.6 0.6 14 85.5 56.2 227.2 330.8 0.5 14 2.2 57.8 499.1 332.7 0.7 14 84.7 54.4 499.7 332.1
004159,1.0 15 4.6 70.2 215.1 358.5
004160,0.9 3 429.4 85.2 500.3 197.9 1.0 3 150.6 82.0 359.1 197.2
004161,0.9 7 45.2 2.8 374.2 499.7
004162,0.5 4 267.4 417.9 294.4 492.0 0.7 4 292.7 394.7 314.5 490.1 0.8 19 38.2 35.4 309.7 495.2
004165,0.0 0 0.0 0.0 10.0 10.0
004166,0.6 8 130.6 168.0 213.0 321.6 1.0 19 243.2 127.7 303.8 183.6 0.9 17 136.2 163.4 272.0 277.4 0.7 17 0.9 200.5 98.6 332.0 1.0 8 265.5 277.0 375.5 332.1 0.9 10 226.8 222.4 499.6 332.1
004167,1.0 14 243.6 200.6 275.6 342.4 0.8 14 74.9 131.7 130.7 219.2 0.8 14 76.7 131.9 129.4 180.5 1.0 5 1.9 38.9 499.2 375.7 1.0 14 322.6 146.9 391.0 374.1 1.0 14 289.0 220.1 329.6 375.3
004172,0.9 6 0.5 279.4 20.1 323.6 1.0 6 222.9 289.6 267.1 322.3
004173,1.0 14 233.9 122.9 461.2 356.4
004175,1.0 14 3.9 12.9 497.5 374.9
004176,1.0 2 0.8 101.4 272.6 499.3
004177,0.7 14 424.8 107.1 480.0 395.1 1.0 14 190.6 29.7 298.7 224.4 1.0 12 88.9 106.0 423.7 362.2
004179,0.8 14 157.3 73.8 252.3 372.4 0.5 19 398.9 3.6 499.3 351.6 0.7 14 156.1 74.2 252.5 248.6 0.8 17 1.4 53.2 166.6 115.0 1.0 14 86.7 81.7 207.4 375.5 0.5 10 0.5 100.7 118.5 291.5 0.7 14 158.8 74.6 252.2 272.0 1.0 14 235.4 35.4 383.1 243.8 0.8 11 170.7 147.7 264.3 296.2
004180,0.6 8 199.6 16.0 273.6 118.9 0.6 19 425.8 48.9 499.9 132.4 1.0 17 25.4 113.4 490.6 374.5
004181,0.0 0 0.0 0.0 10.0 10.0
004182,1.0 18 212.1 129.4 282.7 204.6
004183,0.7 14 74.9 80.8 220.6 360.2 0.9 14 191.2 83.1 219.8 211.8 1.0 6 1.2 75.5 61.6 124.3 0.6 14 42.8 69.1 58.3 94.8 1.0 6 60.1 53.2 450.6 374.0
004184,1.0 14 482.8 312.7 500.2 374.2 1.0 14 445.9 300.8 466.3 346.2
004187,1.0 6 217.7 311.9 302.8 364.0 1.0 6 328.9 328.9 489.5 374.7
004188,0.9 6 69.4 126.3 103.6 169.8 0.8 6 114.9 124.9 145.9 164.8 0.9 7 210.4 2.2 499.3 375.1 0.6 14 12.9 192.0 26.6 218.8 0.7 6 113.8 124.6 145.8 164.0
004197,0.9 4 62.6 252.2 93.1 297.8 0.7 10 3.1 247.3 305.5 334.0 1.0 14 243.8 19.3 487.5 332.9
004198,0.8 14 301.6 211.3 331.2 262.8 1.0 14 0.6 152.3 34.4 222.5 0.8 14 0.6 152.4 35.1 342.9 0.7 13 1.9 128.3 222.9 500.2 0.9 13 2.1 130.6 292.4 500.5 0.8 14 175.6 118.7 273.4 370.4 1.0 14 146.8 113.7 268.1 463.7 0.9 14 204.8 120.8 271.7 368.8 0.7 14 177.0 118.6 272.7 463.2
004199,1.0 0 8.9 73.4 496.3 209.6
004202,1.0 11 57.1 159.3 255.8 350.2 1.0 11 271.4 120.9 498.9 362.1
004206,1.0 2 52.5 59.2 378.0 375.4
004207,0.9 14 382.0 173.1 500.1 374.7 0.6 19 0.8 0.3 143.2 169.6 1.0 14 147.0 11.6 267.3 374.6
004208,0.9 1 219.3 136.3 260.0 219.0 1.0 14 217.9 95.4 265.1 200.0
004210,0.5 14 0.8 24.0 117.4 148.1 0.7 14 0.8 23.1 192.3 282.2 0.7 13 208.1 59.2 295.8 114.9 0.7 14 1.5 11.0 251.1 374.6 1.0 14 4.4 16.2 490.6 372.5 0.6 14 323.7 18.1 489.3 117.5
004211,1.0 15 79.8 386.3 214.3 500.3
004213,0.9 13 303.9 197.7 497.6 374.9 1.0 14 1.1 2.1 132.9 374.5 1.0 14 157.3 67.1 345.8 374.2 0.6 13 118.9 194.6 497.4 374.8
004214,1.0 14 215.5 66.8 300.4 209.1 1.0 13 182.0 97.8 360.7 230.5
004216,1.0 6 308.6 191.3 384.4 252.9
004217,1.0 6 3.1 63.5 494.9 287.6
004218,0.6 2 322.5 196.4 339.1 218.5 0.6 2 138.4 174.5 187.7 233.3 0.9 2 101.5 182.1 135.6 217.8 0.9 2 148.2 190.1 195.8 235.9 0.9 2 137.6 173.8 176.3 215.5 0.8 2 80.5 207.3 106.1 228.2 0.9 2 6.5 185.1 74.4 244.7 0.9 2 205.1 168.2 239.8 220.4
004219,0.7 14 10.0 71.4 129.2 254.2 1.0 14 364.2 68.5 448.1 215.8 0.7 14 1.2 66.8 80.0 253.4 1.0 14 130.9 63.0 226.8 204.0 1.0 14 1.1 65.5 71.2 198.7 1.0 14 36.1 71.2 145.2 214.6 0.7 14 149.5 71.2 312.8 254.2 1.0 14 303.9 70.2 378.4 214.5 1.0 14 200.1 72.0 313.0 211.8 0.5 14 253.3 69.7 378.7 254.8
004222,0.6 17 356.0 162.6 499.0 312.3 1.0 15 143.2 204.7 180.2 252.5 0.7 17 356.5 161.0 494.9 234.7 1.0 15 84.9 165.1 144.0 251.2 0.9 19 167.3 133.0 214.1 202.2 0.9 17 254.9 158.7 361.6 217.1 0.7 17 356.4 160.3 496.4 277.5 0.8 17 356.9 161.8 498.4 285.0
004225,0.6 3 196.8 258.6 284.1 298.5 0.7 3 2.6 1.5 184.4 274.1 0.9 3 1.6 0.9 285.5 296.5
004226,0.7 14 344.0 1.8 485.3 168.3 0.7 7 160.1 53.2 332.3 352.4
004227,0.8 8 373.5 191.9 490.9 336.6 0.6 8 407.4 163.4 499.0 281.2 0.9 8 52.0 266.3 334.1 374.7 0.9 8 54.0 178.5 262.0 374.1 0.8 8 283.8 143.2 421.7 330.3 0.8 8 251.6 145.8 421.0 348.9 0.8 10 253.6 202.8 492.5 374.6 0.5 8 285.1 143.4 422.4 243.8
004233,0.8 9 72.5 111.1 106.0 150.8 0.9 9 119.9 141.5 414.3 348.7 0.6 9 355.1 110.5 379.6 146.7
004234,0.6 9 416.7 63.9 500.3 164.0 0.7 9 1.0 29.1 57.5 197.4 0.5 9 146.5 56.6 338.7 215.2
004235,1.0 18 33.6 56.9 436.2 335.6
004236,1.0 4 80.4 148.9 162.6 332.6 0.8 4 251.9 25.0 276.9 73.4 0.7 4 182.9 30.8 210.5 138.6 0.9 4 211.3 121.1 283.3 333.3 0.6 4 140.1 24.2 164.6 89.7 0.7 4 369.9 25.0 396.7 85.1 1.0 4 292.4 124.7 374.9 332.1 0.8 4 140.6 112.3 205.0 264.4 0.9 4 196.9 61.1 226.3 145.0 0.5 4 328.7 45.1 354.6 83.5 0.9 4 246.8 26.6 278.3 153.3 0.8 4 141.4 113.8 205.2 333.1 0.7 4 142.1 112.9 190.0 224.8 0.6 4 183.9 28.0 209.9 71.4 1.0 14 1.2 0.9 111.0 261.6 1.0 4 152.3 40.8 184.2 110.4 0.7 4 95.9 148.9 138.4 223.8 0.9 4 181.6 31.1 209.1 106.3 0.8 4 217.6 121.1 271.1 232.4 0.7 4 246.7 56.2 279.4 160.1 0.6 4 105.6 27.6 141.0 107.1 0.7 14 273.3 2.4 499.9 331.8
004238,0.6 19 127.1 310.3 192.1 356.7 1.0 14 5.1 103.7 114.9 357.4 1.0 14 223.7 110.7 339.2 356.5 1.0 14 313.2 20.1 481.0 355.8
004240,1.0 6 279.3 397.5 333.6 445.2 1.0 6 70.3 375.4 274.3 462.4
004243,0.5 13 369.3 145.6 432.8 217.5 1.0 13 425.6 135.1 465.8 194.4 1.0 14 45.3 120.9 90.8 225.9 0.7 14 410.1 116.9 429.0 152.8 0.9 13 370.4 132.4 462.7 195.8 0.8 13 311.5 138.1 408.4 235.3 1.0 14 454.6 111.5 478.0 171.0 0.8 13 457.0 126.1 499.8 180.5 1.0 14 430.6 117.3 459.7 187.3 0.6 14 402.8 123.6 424.8 163.5 0.8 14 435.3 115.4 456.7 146.6 0.9 14 408.8 117.1 429.4 172.9 0.9 13 83.9 166.5 214.5 287.7 0.7 14 457.2 111.0 477.3 143.8 0.9 13 1.7 178.2 104.4 307.2 0.6 14 452.7 112.0 472.9 151.2 0.5 13 371.5 135.1 434.9 205.9 1.0 13 192.6 165.9 265.5 260.0 1.0 13 450.8 127.0 499.8 179.9 0.9 13 234.1 144.7 328.0 241.5 0.8 14 431.8 116.6 456.4 179.7 1.0 13 298.2 134.2 421.6 237.3
004245,1.0 14 205.7 118.2 275.9 234.6 0.9 6 1.2 125.4 294.0 335.2 1.0 6 93.9 160.0 499.0 374.7
004248,1.0 14 186.2 153.6 241.4 217.5 1.0 14 175.9 242.3 270.0 333.0 1.0 14 236.0 138.1 262.1 168.6 0.7 0 3.4 2.0 496.3 331.9 0.6 14 210.6 136.9 236.6 162.5
004249,0.7 6 297.0 112.1 318.1 129.1 0.5 6 324.2 115.3 345.8 129.5 0.8 6 314.9 111.1 344.0 129.2 1.0 14 209.8 103.9 228.9 155.2 1.0 6 173.5 161.2 420.7 251.3 0.9 14 259.7 157.9 300.7 191.1
004250,0.6 8 116.1 104.6 163.9 170.0 0.7 8 64.7 153.3 116.4 278.8 1.0 8 63.7 147.4 130.9 279.4 0.8 8 105.2 126.1 150.7 197.8 1.0 8 4.0 206.6 74.8 408.0 0.6 8 102.5 129.3 128.8 192.7 0.6 10 31.5 329.1 360.9 480.1 0.5 17 56.3 101.7 359.4 400.4
004251,1.0 2 188.4 71.1 309.4 275.8
004252,0.7 4 390.0 245.9 434.0 330.7 0.9 15 209.3 104.4 307.7 193.0 1.0 7 155.0 229.3 317.5 375.0 1.0 19 203.2 31.8 292.3 107.7
004254,1.0 6 0.7 113.5 115.1 205.4 1.0 6 83.5 109.5 462.4 285.5
004260,0.9 19 86.7 79.3 261.0 145.6 1.0 14 88.2 1.4 497.0 280.5
004261,0.9 18 211.0 136.6 297.7 191.7 0.7 18 310.7 24.0 499.8 237.3
004262,1.0 8 156.8 261.3 237.0 358.5 0.5 4 0.9 3.2 166.9 467.1
004266,0.9 14 439.4 58.2 500.3 173.0 0.9 12 56.0 65.6 458.5 320.5
004267,0.7 11 153.1 45.4 361.0 259.4
004268,0.7 14 207.5 144.5 230.9 186.6 0.7 8 320.9 1.2 499.2 289.8 0.5 19 216.5 179.8 419.0 328.8 1.0 4 146.0 130.3 190.4 285.6 0.7 14 191.7 151.1 214.3 189.0 0.6 19 214.9 123.1 421.6 328.0
004276,0.9 15 27.7 62.3 59.5 103.6 0.6 17 3.5 97.2 300.3 257.4 1.0 14 86.8 102.3 138.0 236.8 0.6 17 117.3 88.3 304.1 227.6 0.8 15 8.5 68.5 37.4 104.9 1.0 14 132.6 155.7 249.5 379.2 0.8 14 270.2 84.7 375.3 350.1 1.0 14 178.7 85.3 375.1 499.0
004277,0.8 11 199.7 312.2 312.5 477.3
004278,1.0 0 16.0 133.1 495.0 290.9
004282,0.9 2 60.6 50.6 452.3 347.8 0.6 2 62.8 252.7 369.1 351.1
004285,1.0 14 440.7 136.0 494.7 189.6 0.5 14 437.3 136.6 494.9 247.8 0.6 14 435.5 139.5 463.1 180.5 0.8 14 407.2 137.9 435.3 177.6 1.0 14 1.1 59.2 272.4 332.7 1.0 14 241.8 75.2 489.1 330.9
004288,0.9 11 199.4 138.2 390.0 373.6 1.0 14 19.3 1.8 276.2 374.4 0.8 14 23.3 1.9 209.7 374.4 0.8 11 202.0 140.4 484.8 374.1 1.0 14 271.0 2.5 498.3 374.5
004289,0.7 14 111.4 81.3 282.3 314.6 0.8 14 365.5 139.5 495.2 374.4 0.7 14 106.2 118.3 155.0 248.1 0.9 14 146.8 79.6 283.9 271.4 0.9 14 1.5 130.4 211.9 375.1 1.0 14 1.3 130.1 135.9 374.7 1.0 14 212.8 64.8 420.9 374.4 0.8 14 216.3 63.7 494.1 373.9
004290,1.0 6 1.0 213.0 58.5 297.6 1.0 6 338.1 197.6 419.0 268.4
004294,1.0 12 142.0 118.8 432.5 300.7 1.0 14 262.9 74.3 327.7 238.1
004297,0.5 7 106.5 155.3 308.1 375.8 1.0 14 207.2 1.6 496.1 316.8
004299,0.9 3 154.8 6.7 250.2 42.3 1.0 14 273.7 120.4 294.5 178.8
004301,0.5 12 91.1 88.4 304.4 409.9 1.0 14 136.3 45.1 247.9 283.7 1.0 12 87.6 84.6 316.5 450.0
004302,0.9 5 1.9 120.6 500.6 263.8 0.9 5 304.4 122.7 501.0 262.1
004305,1.0 6 343.9 275.4 398.6 308.7 0.6 6 444.5 278.2 469.9 294.9 0.8 14 297.0 246.2 340.4 288.8 1.0 5 78.1 177.4 282.6 338.8 1.0 14 297.4 246.3 345.2 356.2 0.9 13 297.5 277.6 340.0 366.6
004306,0.8 11 280.0 150.4 497.9 351.4 0.7 11 278.9 149.8 457.1 352.0 0.9 11 183.1 32.9 458.5 359.2
004308,0.8 19 1.0 55.8 115.9 334.5 0.9 7 45.6 131.1 291.9 400.9 0.6 19 0.5 52.9 116.5 401.7 1.0 19 171.0 57.0 496.9 356.0
004309,0.9 14 470.2 83.2 500.2 253.5 0.7 14 203.1 77.0 302.7 247.7 0.9 14 199.3 77.0 304.2 296.0 1.0 12 102.3 162.5 420.2 374.7
004311,0.8 10 193.4 196.8 454.6 379.5 0.9 15 285.6 119.3 360.2 197.4 0.9 4 221.6 150.2 240.3 204.9 1.0 14 72.4 45.0 217.6 490.6
004313,1.0 6 16.2 175.7 477.3 421.7
004314,1.0 0 14.3 65.9 489.0 259.2
004316,0.6 7 9.6 196.8 191.7 375.1 0.7 7 191.8 140.4 286.0 294.3 0.8 15 113.6 14.1 156.7 90.3 0.9 7 41.7 113.3 282.3 295.2
004317,1.0 14 89.0 133.6 165.0 296.9 0.9 14 149.4 205.2 180.0 296.3 1.0 14 1.0 153.6 53.8 305.9 0.5 14 3.0 134.3 165.5 299.7 0.5 14 16.7 205.6 181.6 298.6 1.0 14 164.0 188.0 251.6 303.0 0.6 14 282.6 257.8 413.6 295.8
004319,0.7 15 193.8 2.1 351.1 179.1 0.9 8 131.5 100.8 242.1 216.0 0.7 10 3.0 154.5 498.2 359.9 0.6 8 291.6 192.2 475.8 374.4
004320,1.0 6 17.9 177.0 45.6 216.3 0.8 6 148.6 165.4 323.3 262.5
004324,0.9 18 1.5 66.1 410.1 320.0 1.0 14 351.0 119.0 371.4 179.9
004328,1.0 14 46.6 121.4 143.0 260.2
004330,1.0 1 300.4 134.7 498.9 263.0 1.0 14 351.8 54.9 481.1 216.9
004332,0.0 0 0.0 0.0 10.0 10.0
004334,1.0 14 8.7 70.5 184.6 499.9 0.8 14 12.6 64.3 326.1 499.3 0.9 14 102.0 62.8 327.4 500.0
004335,1.0 6 111.2 76.5 369.8 282.8
004336,1.0 14 66.3 42.9 259.2 374.8 1.0 14 249.1 44.2 494.7 374.8
004337,0.9 6 89.6 170.7 133.3 200.4 0.9 6 360.0 173.0 500.1 241.3 0.9 6 358.5 184.2 499.7 241.7 1.0 6 256.4 172.9 388.6 228.7 0.9 6 105.2 167.4 187.1 204.0 0.9 6 90.2 166.3 147.5 199.9 1.0 6 16.5 165.5 67.2 193.3 0.9 6 205.8 170.6 288.1 217.7 0.7 6 161.6 169.3 286.8 213.6 1.0 6 54.9 166.5 103.6 196.8 1.0 6 158.6 175.5 222.9 211.6
004340,0.7 2 69.4 75.2 352.1 358.4 0.8 2 73.9 70.8 229.9 213.2 0.6 15 2.9 1.7 498.1 375.0 0.8 2 111.1 102.2 228.6 212.9
004342,0.7 14 324.7 89.2 500.0 375.1 0.8 14 300.5 91.4 482.1 374.7 0.8 14 369.6 89.1 500.0 374.5 1.0 19 47.9 126.6 143.5 253.6 0.5 14 371.8 89.0 499.4 223.2 0.7 14 271.5 109.9 349.7 235.9 1.0 19 0.8 85.2 59.8 247.4 0.9 14 208.3 109.2 479.5 375.0 0.6 19 186.5 168.6 225.9 236.7 1.0 14 198.6 108.8 348.9 374.5 0.7 14 217.2 88.1 495.4 374.2
004343,0.6 11 82.0 36.1 499.2 316.0
004344,1.0 1 103.3 217.4 202.9 403.9 1.0 14 103.2 138.2 199.8 329.9
004348,0.8 4 448.1 1.3 500.6 193.7 0.9 4 447.5 57.6 500.3 192.6 0.6 7 88.2 92.8 381.9 272.6 1.0 4 407.2 46.7 461.3 171.2
004350,0.9 2 195.3 114.7 349.8 285.4 0.7 2 36.8 113.1 499.5 373.5 0.8 2 196.6 114.1 499.9 289.8 0.7 2 196.7 115.3 362.4 306.3 0.6 2 196.0 115.0 499.7 374.2
004353,0.9 7 16.0 13.3 497.1 332.2
004355,0.9 4 74.5 310.3 111.9 374.6 0.9 4 47.2 295.3 86.5 374.7 1.0 14 127.4 39.1 261.5 259.2 1.0 14 1.2 58.3 172.7 306.0 1.0 4 183.1 182.8 227.1 326.1 1.0 14 239.6 54.9 357.9 282.6 0.6 10 6.4 243.8 496.6 374.6 1.0 4 233.5 194.1 279.5 347.5 1.0 14 311.8 53.4 499.8 361.5
004357,0.9 14 484.9 225.9 500.2 301.8 1.0 14 282.8 200.8 339.9 351.1 0.9 11 424.8 275.6 497.9 328.3 0.9 11 274.6 287.5 361.1 347.9 1.0 14 364.6 210.6 429.9 332.5
004358,0.7 3 30.4 87.2 264.6 254.0
004362,0.5 15 6.3 69.3 224.8 500.5 1.0 2 220.1 192.4 348.2 419.7
004363,1.0 15 32.6 111.2 102.0 189.0 0.9 14 321.1 144.6 362.9 227.2 0.9 14 83.4 115.3 223.5 278.7 0.9 14 83.0 115.3 222.8 320.5 0.8 17 93.0 163.0 498.3 318.7 0.8 14 322.8 122.5 450.8 280.5 1.0 14 258.1 122.7 451.5 331.0
004366,0.6 8 57.8 119.4 207.1 308.5 1.0 14 181.7 100.8 279.9 300.0 0.8 8 56.0 190.3 210.4 313.7 0.5 8 54.8 132.0 210.8 334.0 0.6 19 73.3 67.3 151.6 166.4 0.6 19 144.9 117.2 208.8 199.2 1.0 14 230.9 195.8 335.9 320.1 0.8 17 318.6 118.3 499.5 250.5 0.9 15 289.8 157.9 324.4 236.2
004373,0.6 2 101.3 153.2 287.3 234.6 0.9 2 107.9 215.2 230.6 296.2 0.9 2 101.1 154.3 322.7 294.8 1.0 2 2.3 254.2 124.6 344.0 0.9 2 337.8 158.5 496.8 277.5
004374,1.0 3 180.8 174.6 274.5 222.3
004375,0.9 16 112.4 163.5 172.1 220.5 0.6 16 349.3 137.3 400.7 200.0
004377,1.0 0 195.3 246.9 213.9 270.0 0.9 0 199.7 210.4 217.4 228.5 1.0 0 201.0 176.6 220.4 198.5 1.0 0 187.3 289.8 206.2 309.8 0.9 0 200.1 212.2 218.0 236.6
004378,0.9 14 0.8 102.9 57.3 345.1 0.9 6 231.0 91.3 375.8 217.4 0.6 14 2.1 96.8 168.2 500.1 1.0 14 0.7 104.2 58.7 499.0 1.0 14 5.3 88.4 273.4 499.5 0.8 14 100.7 89.1 274.3 499.2 0.6 6 231.9 92.2 377.0 421.6
004381,0.9 12 275.2 57.0 451.7 311.9 0.7 14 238.6 24.1 363.8 142.5 0.9 12 9.7 90.1 370.0 314.5 0.9 14 187.3 23.5 369.2 279.8 0.9 12 9.3 49.2 370.3 314.2 0.7 12 8.3 56.3 451.3 315.6 0.6 14 236.9 22.8 368.5 307.8 0.8 12 249.4 56.9 451.8 313.2 0.7 14 300.9 24.1 361.7 102.2
004382,1.0 3 129.7 148.0 401.0 214.9 0.7 3 57.9 179.7 105.0 193.4
004383,0.6 2 159.5 64.2 308.7 307.9 0.7 2 69.9 61.4 347.3 331.1 0.6 2 115.6 61.8 348.1 329.4
004385,0.7 8 1.1 18.2 443.3 362.6
004388,1.0 18 100.0 97.4 441.3 251.2
004393,0.7 14 98.7 293.4 116.0 342.1 1.0 18 167.1 201.9 306.2 345.7
004394,1.0 2 260.0 87.4 380.8 238.3
004395,1.0 14 180.0 51.1 335.1 272.0 0.9 1 127.3 139.3 379.7 297.5
004398,1.0 0 16.3 96.8 473.0 226.1
004399,0.8 9 165.9 117.4 225.7 220.2 0.9 9 239.0 146.0 366.5 247.0
004400,0.9 2 106.0 1.4 373.4 374.6
004401,0.9 7 175.2 69.0 279.3 186.0
004402,0.9 5 141.6 17.5 500.8 293.3
004403,1.0 2 159.5 27.9 304.3 332.4
004406,0.8 2 121.1 73.7 421.5 220.4 1.0 2 121.2 73.8 500.1 219.2
004407,0.0 0 0.0 0.0 10.0 10.0
004408,0.6 14 104.0 19.8 146.8 86.5 1.0 14 385.0 68.0 500.0 333.4 0.5 14 1.2 15.5 129.3 235.6 0.6 14 291.4 67.2 499.9 334.4 0.9 14 274.1 70.8 400.3 333.5 1.0 14 56.4 16.7 212.1 333.4 0.5 14 10.9 19.1 94.2 169.3 0.9 14 59.5 18.5 211.5 280.3 0.8 13 2.7 9.3 202.0 333.4 0.9 14 192.8 29.3 331.4 237.6 0.9 14 12.2 19.7 63.0 87.6 0.7 13 2.1 5.5 134.4 332.7 0.7 14 100.4 70.1 407.1 334.2 0.8 14 279.8 70.9 426.7 333.9
004410,0.8 14 123.8 179.0 161.4 210.7 0.8 14 221.6 18.7 336.4 195.7 1.0 14 148.9 53.8 258.8 219.5 0.6 14 61.8 116.5 108.2 161.5 0.7 14 148.5 54.3 259.4 266.9 0.9 14 220.1 19.5 339.2 372.9
004412,1.0 14 83.3 134.2 323.0 374.7 0.8 13 83.7 97.1 477.8 375.9 0.6 13 84.8 252.9 476.0 374.2 0.6 13 175.6 197.1 475.2 374.7 1.0 14 237.2 93.7 462.3 374.0
004413,0.6 2 56.5 5.8 276.2 332.7 0.9 2 59.5 6.2 465.9 332.2 1.0 2 214.3 92.5 466.2 332.0
004414,1.0 14 158.1 196.4 172.8 235.8 0.9 18 108.1 111.6 386.5 235.3
004415,0.9 2 31.8 128.0 433.7 215.2 0.6 2 302.5 129.3 433.9 206.5
004416,0.7 2 85.3 81.3 353.4 306.9 0.5 2 256.9 130.7 353.4 203.9 0.8 2 88.5 124.7 294.7 310.1 0.6 1 46.5 78.0 382.4 313.3 0.9 1 4.0 76.0 385.2 354.3
004417,1.0 14 309.2 84.5 328.4 142.4 0.9 14 127.3 209.5 196.6 288.7 1.0 1 184.0 130.0 244.3 174.1 1.0 14 28.5 126.1 48.6 171.2 1.0 14 194.6 109.7 237.8 161.8 1.0 1 133.1 228.4 197.7 325.9
004418,1.0 19 40.1 151.1 178.7 245.5 1.0 14 165.6 239.3 299.5 427.1 0.8 14 164.2 239.7 251.3 426.5
004419,0.9 11 192.8 118.5 298.8 199.8 0.9 11 193.8 118.3 455.8 295.8 1.0 11 191.2 183.9 449.7 374.7
004420,0.6 14 312.9 140.6 498.7 374.1 0.8 14 281.5 139.5 498.2 374.2 0.7 14 281.1 139.5 458.9 373.3 1.0 14 2.4 35.9 299.7 319.9 0.6 14 277.5 140.3 454.9 322.2 1.0 4 29.7 212.8 117.3 302.3
004422,1.0 4 382.7 230.6 406.8 279.7 0.9 4 231.5 81.3 285.2 230.1
004425,1.0 2 74.9 29.8 291.4 419.5
004426,0.9 6 18.0 24.7 98.2 72.3 0.7 6 21.2 11.2 146.9 72.6 0.9 6 76.0 10.4 149.2 71.8 1.0 6 38.8 16.6 425.0 316.5
004427,0.9 7 97.0 32.1 267.2 359.7
004428,1.0 14 0.4 1.1 257.2 239.8
004431,0.8 18 51.3 266.7 243.9 412.0
004435,1.0 14 414.6 270.6 500.2 332.9 0.8 4 405.2 309.2 425.5 333.0 1.0 14 9.9 196.0 190.5 333.1 1.0 14 153.6 42.4 325.3 332.0 1.0 14 304.1 149.8 377.4 332.4
004440,0.7 14 83.1 1.9 317.4 374.6 1.0 14 80.2 1.9 465.3 374.4
004442,1.0 6 390.3 243.8 489.5 306.1
004443,0.9 14 288.1 109.3 307.6 131.4 1.0 2 219.5 137.2 265.2 213.3 0.6 3 35.3 77.7 107.2 124.2 0.7 14 313.8 101.5 331.1 130.4 1.0 2 338.3 138.0 388.6 200.9 0.7 14 312.7 101.5 330.2 130.4
004444,1.0 7 48.9 17.3 402.5 323.4
004445,0.5 16 447.3 147.9 500.3 285.6 0.6 16 78.0 90.6 172.5 153.1 0.7 16 41.8 129.1 148.2 252.0 0.6 9 233.8 71.0 455.5 224.1 0.6 16 221.3 140.3 271.7 235.6
004447,0.7 1 180.9 257.5 341.0 340.4 1.0 1 429.3 180.9 494.5 239.1 1.0 14 67.9 132.6 97.6 218.2 0.5 1 181.0 266.4 299.8 315.5 0.9 14 73.6 132.8 97.9 217.9 0.6 1 300.9 257.3 347.1 336.2 1.0 14 319.5 126.6 359.4 316.1 1.0 14 56.7 137.4 80.9 215.6
004448,0.8 13 459.5 67.8 500.7 217.3 1.0 13 93.1 49.9 272.5 286.7 0.8 13 239.1 57.3 492.1 249.3
004449,1.0 8 45.5 181.1 200.5 369.7 0.9 8 78.1 113.5 117.0 183.0 0.9 8 43.9 179.5 102.2 296.8 0.6 10 238.6 173.0 376.2 359.6 1.0 14 92.6 123.4 209.0 345.7 1.0 14 190.7 152.0 294.6 366.2 1.0 14 286.4 80.0 488.1 374.0
004451,1.0 15 2.1 252.2 193.8 374.7 1.0 15 157.4 224.9 219.0 344.9 0.9 8 347.3 1.4 410.4 108.0 1.0 15 34.8 164.0 172.9 260.5 0.8 8 373.3 2.0 469.4 122.2 0.6 8 354.1 1.8 414.0 103.4
004453,1.0 14 44.5 68.5 85.5 222.4 1.0 6 66.9 72.7 417.1 333.7
004454,1.0 14 215.1 95.8 313.3 376.2
004456,1.0 14 162.2 65.2 207.3 111.8
004458,1.0 6 54.5 164.6 428.4 269.8
004460,1.0 2 1.9 2.1 435.8 373.8
004461,0.9 2 15.0 165.9 390.3 329.3 0.9 2 13.1 40.6 390.9 328.6 1.0 2 275.8 37.3 483.2 260.5
004462,1.0 2 205.7 84.7 290.0 157.7 0.9 2 454.9 77.0 492.9 116.1 0.6 2 192.9 63.0 221.9 128.5 1.0 2 354.0 147.5 437.5 240.9 0.9 2 173.5 54.2 203.3 86.9 0.9 2 284.9 296.9 367.7 374.7
004465,0.6 14 84.4 98.6 270.1 359.5 0.6 14 84.0 70.6 300.6 357.9 0.6 14 217.9 122.8 363.6 314.7 0.5 14 1.8 98.4 243.4 353.0 0.6 14 86.8 120.8 427.4 373.8 0.9 17 4.2 104.1 477.3 371.7 0.9 14 218.8 121.5 427.2 364.0 0.6 11 214.9 233.0 352.0 341.4 0.5 14 152.7 120.8 425.1 374.3 0.9 14 274.8 121.8 426.0 368.6
004467,0.6 19 0.7 6.9 142.3 187.6 1.0 7 174.9 45.7 392.4 309.3
004469,0.9 14 78.2 106.0 153.3 235.5 0.8 8 362.7 77.1 428.9 126.6 0.8 10 155.3 112.7 294.3 196.3 0.8 14 78.4 104.4 150.6 300.4 0.9 14 49.5 76.3 102.3 119.2 1.0 14 0.9 102.8 125.4 374.6 0.9 10 41.5 194.8 340.6 375.7 0.8 14 294.9 101.8 407.5 303.3 1.0 14 261.5 100.4 385.6 250.2 0.6 10 39.9 264.5 335.8 375.7 0.6 14 244.3 114.1 411.1 375.6 0.9 14 335.5 12.1 360.9 80.5 1.0 14 240.3 114.0 497.9 374.8
004472,0.8 11 2.2 2.3 385.1 374.5 0.9 11 1.4 2.6 499.7 374.3
004473,0.9 6 210.7 129.2 401.2 207.4 0.9 6 211.7 129.8 426.9 208.9
004475,0.7 14 261.5 309.5 374.9 500.0 0.9 14 262.2 363.9 375.3 499.9 0.5 14 350.5 310.7 375.2 431.9 1.0 14 318.7 307.0 359.2 413.2 0.8 14 358.4 308.1 375.2 357.9 0.9 13 67.4 112.0 338.5 493.0
004476,1.0 4 23.0 220.9 58.3 334.1 1.0 14 335.1 67.3 500.1 374.4 1.0 4 364.8 80.6 403.2 173.2 1.0 4 339.6 12.4 412.7 175.2 1.0 14 1.4 103.6 216.1 336.3 0.9 4 56.6 44.7 93.6 109.0 1.0 14 218.8 112.1 381.6 374.4 0.8 4 327.8 72.2 357.3 169.1
004477,0.5 3 1.2 198.6 81.7 239.5 0.5 3 1.4 192.5 131.3 242.1
004478,1.0 14 35.3 33.9 57.2 73.4 1.0 6 135.0 33.2 246.4 77.5 1.0 6 2.0 27.2 142.9 114.1 0.8 13 32.7 46.3 428.9 339.1
004480,0.5 14 224.8 19.9 258.0 72.6 0.7 14 94.8 10.5 333.7 307.5 0.8 14 1.4 13.2 259.8 486.8 0.8 14 1.7 20.0 181.9 481.9 0.8 14 1.4 11.8 333.1 490.3 0.6 14 94.0 10.1 333.9 313.3 0.6 14 100.0 11.1 332.7 498.2 1.0 14 213.6 11.0 309.9 230.8
004482,1.0 14 6.1 78.1 218.1 374.7 0.9 14 6.1 80.8 126.2 351.5 0.6 10 4.2 249.8 498.4 375.4 1.0 14 203.3 59.4 374.1 294.4
004483,0.9 18 0.1 118.5 218.7 333.2 0.7 18 0.2 114.7 444.4 332.5 1.0 18 209.1 124.2 442.4 280.2
004485,1.0 14 217.1 66.5 306.5 330.2 1.0 14 415.5 27.0 498.3 316.0 1.0 14 156.6 89.0 246.8 328.4 1.0 14 85.8 88.3 176.6 335.8 1.0 14 12.1 126.9 146.0 372.4 1.0 14 283.4 71.8 355.9 318.6 1.0 14 340.4 34.8 433.1 314.0
004486,1.0 15 94.2 93.3 140.5 150.4 1.0 15 220.9 123.9 277.4 243.3 0.9 15 157.4 166.4 230.9 246.3 0.6 8 41.6 64.3 135.3 223.7 1.0 15 150.9 121.1 234.0 245.5
004489,1.0 7 88.2 1.9 328.7 291.7
004491,0.6 8 450.0 259.5 499.6 330.7 1.0 14 182.8 131.0 332.4 281.3 0.9 17 154.8 143.8 399.6 362.8
004492,0.6 14 17.5 38.5 350.2 365.9 0.9 6 124.5 0.6 394.3 159.5
004497,1.0 14 287.3 211.3 332.2 342.5 0.8 14 49.9 252.1 70.9 312.7 0.8 0 1.8 49.8 501.0 333.9 0.8 0 56.0 48.9 500.3 336.6
004501,0.9 11 355.6 125.4 498.6 373.8 0.9 11 34.5 220.6 224.6 340.2 0.9 11 171.6 191.7 380.6 359.1 0.6 11 172.6 127.5 490.8 371.5
004503,0.7 2 142.5 102.4 340.2 305.0 0.5 2 338.9 270.8 414.3 333.8 0.6 2 134.8 73.5 338.8 253.3 0.9 2 137.8 74.2 340.2 305.4 0.9 2 217.8 105.2 339.8 301.9
004504,0.6 4 267.5 69.8 318.4 173.1 1.0 7 1.3 70.8 216.8 328.2
004505,0.9 18 0.8 17.3 320.0 300.4 0.7 18 0.3 16.5 393.8 300.9 0.8 14 256.1 160.8 279.0 233.3
004506,0.9 14 94.2 83.8 287.8 455.4
004511,0.9 7 15.6 1.2 308.7 236.1 0.8 14 112.5 2.1 498.4 240.9 0.9 14 218.4 2.4 498.8 245.6
004513,0.8 0 238.0 167.7 263.8 182.0
004515,0.6 7 93.2 109.1 353.7 340.1 1.0 14 14.7 1.0 362.2 479.7
004516,0.8 14 200.5 81.0 263.1 148.5 0.9 14 195.1 81.4 263.0 188.4 1.0 14 234.9 126.8 328.2 331.9 1.0 14 329.0 87.6 433.4 331.6 1.0 14 317.2 181.5 379.7 332.2 0.9 14 328.1 87.2 485.9 332.1
004521,1.0 6 154.1 195.9 175.5 212.0 0.8 6 176.0 196.0 192.7 208.5 1.0 6 244.4 196.3 274.7 213.7
004522,0.9 12 234.8 189.3 400.1 322.3
004523,0.7 14 458.7 150.5 500.0 298.1 0.9 14 459.2 150.9 500.0 375.2 0.9 14 0.9 134.8 31.6 373.3 1.0 1 13.1 183.6 94.9 236.8 1.0 14 138.5 94.4 241.8 369.8 0.8 14 11.8 134.0 67.2 191.4 1.0 14 10.0 134.5 62.4 227.3 1.0 14 269.4 116.7 347.2 374.7 1.0 14 361.4 117.6 460.1 374.6
004525,0.6 4 117.9 283.3 171.1 333.9 0.6 8 409.9 1.6 499.7 161.9 0.8 10 47.1 0.9 485.8 333.2 0.7 4 419.9 257.6 498.4 333.9
004529,0.8 2 10.9 5.8 110.6 213.6 0.9 2 234.4 49.3 476.6 196.3
004531,0.7 7 1.5 2.3 436.5 395.0
004533,1.0 0 192.7 188.6 309.8 235.2
004534,0.7 8 407.1 268.5 499.3 374.0 0.9 1 354.1 197.5 405.1 230.5 1.0 14 197.8 184.5 225.8 240.6 0.6 14 454.1 187.0 471.8 218.2 1.0 14 366.6 172.5 388.2 226.8
004536,0.9 13 376.5 286.1 500.7 374.4 0.6 14 239.2 116.8 423.1 204.7 0.7 14 118.5 162.0 390.8 275.4 0.9 14 120.3 157.7 424.8 275.6 0.9 14 315.7 117.0 362.6 168.4
004538,1.0 14 215.8 36.2 313.7 225.8 1.0 12 42.8 75.8 403.0 367.4
004541,0.8 5 227.5 60.4 501.1 304.0
004543,1.0 6 467.5 65.6 500.2 99.0 1.0 6 16.8 44.6 328.8 304.2 1.0 6 224.0 38.0 499.5 231.0
004545,0.6 12 143.5 205.5 199.5 343.8 0.7 14 211.8 13.7 353.5 237.8 1.0 6 3.5 105.8 131.8 196.4 1.0 12 213.7 75.2 422.9 374.1 1.0 14 274.0 14.0 374.3 239.2 1.0 14 430.2 125.1 449.1 178.9
004546,1.0 4 155.5 203.3 220.1 375.6 1.0 4 51.8 152.8 153.2 374.8
004547,1.0 14 291.6 99.3 384.7 344.7 1.0 1 269.3 229.9 373.9 374.4
004550,1.0 2 182.0 130.4 262.1 220.6
004554,0.6 18 78.1 21.5 476.9 268.7
004556,1.0 0 3.7 42.9 497.1 269.4
004557,0.8 14 30.6 1.7 346.4 374.2 0.9 14 35.0 1.9 497.7 374.3
004559,0.7 8 300.3 202.5 328.7 258.5 0.9 14 366.9 229.7 384.1 270.4 0.7 8 450.1 201.7 485.0 262.5 0.9 6 124.9 171.9 162.5 208.7 1.0 8 269.3 227.7 307.9 326.9 0.7 8 450.9 201.8 491.7 273.0 0.9 8 418.7 204.8 451.1 274.0 0.5 6 404.4 167.1 436.7 187.1 0.5 8 416.6 221.1 483.4 326.2 0.7 8 442.5 207.0 482.4 274.2 0.9 10 313.1 245.7 499.8 327.1
004560,0.7 14 155.1 118.0 189.3 150.1 1.0 6 102.9 74.3 177.8 113.2 1.0 6 1.2 62.4 87.5 113.6 1.0 6 13.8 98.9 486.1 245.4 1.0 6 202.7 73.0 457.7 154.7
004561,0.7 12 255.6 275.5 448.4 375.4 1.0 14 186.2 150.9 312.9 374.2 0.9 12 35.9 277.9 445.5 375.2
004564,1.0 14 84.6 89.9 183.3 356.6 1.0 12 91.0 127.6 226.5 455.7
004567,0.8 10 293.7 283.7 442.2 375.1 0.9 10 1.0 282.0 184.7 375.6 0.9 4 311.8 264.9 328.9 314.4
004568,1.0 14 0.9 22.5 126.6 300.2 0.9 13 90.9 1.3 498.5 310.0
004569,0.5 14 2.2 2.2 235.5 499.1 0.9 11 1.1 2.7 272.7 499.3 1.0 14 1.3 1.1 314.6 496.3 0.6 14 114.1 0.6 314.6 494.3
004572,1.0 0 237.7 243.2 275.4 295.7
004573,1.0 14 201.6 135.8 226.2 170.3 1.0 14 270.4 120.3 291.2 154.8 0.9 3 188.8 142.4 293.7 170.2
004575,1.0 17 252.0 204.2 448.2 340.0
004577,1.0 7 78.7 69.8 300.9 231.3 0.8 7 80.3 70.6 426.2 272.3 1.0 7 256.3 84.3 428.8 273.4
004578,1.0 6 426.0 184.6 500.3 225.6 0.8 15 61.6 222.2 88.2 268.0 0.7 15 63.0 220.7 95.2 267.1 0.7 18 171.2 116.2 303.7 274.0
004580,0.9 14 362.1 249.4 493.9 499.4 1.0 6 181.3 249.9 241.6 329.3 1.0 6 342.1 268.4 387.5 321.5 0.9 6 151.4 259.4 178.2 316.3 1.0 5 0.3 103.6 152.7 440.1 1.0 14 179.9 240.1 336.4 499.3 1.0 14 343.8 238.6 458.6 499.1
004582,0.6 16 72.5 89.9 174.9 341.0 0.7 16 158.3 23.1 475.9 359.4 0.6 16 163.5 31.5 426.8 300.8 0.7 16 161.1 46.9 475.6 359.3
004583,0.6 2 303.0 195.2 339.9 238.6 0.9 2 299.5 194.0 349.1 283.6
004586,1.0 6 8.5 204.3 492.9 363.0
004589,1.0 14 217.4 43.4 315.0 181.6 1.0 12 63.7 33.1 395.5 340.9
004590,0.7 14 196.2 13.0 221.9 62.9 0.9 14 45.5 0.6 128.2 137.3 1.0 14 275.6 70.9 361.4 221.0 1.0 14 346.1 103.7 399.8 221.7 0.9 14 45.4 1.3 127.1 167.8 0.7 14 203.4 22.7 315.1 151.6 0.9 14 0.4 29.1 73.3 217.6 0.5 14 44.3 1.7 125.1 208.3 0.8 14 0.3 29.3 82.6 218.2 0.9 14 201.7 22.0 361.7 168.2 0.6 14 202.4 23.9 303.8 169.0
004593,0.7 14 104.1 2.7 241.1 356.4 0.6 14 1.0 27.2 185.9 374.0
004594,0.8 6 130.8 1.1 260.1 43.0 0.6 5 102.8 83.6 319.1 264.2
004596,0.7 7 3.8 200.5 355.7 378.9 0.7 6 1.6 3.5 381.8 499.8
004598,1.0 14 173.6 66.1 280.7 332.4 1.0 14 350.7 39.4 499.2 332.5 0.6 14 438.9 73.7 499.7 169.3 0.6 14 427.4 73.1 499.9 332.7 0.7 14 3.0 78.8 54.7 176.7 1.0 14 125.3 56.1 236.9 332.9 0.8 14 0.7 77.6 57.1 333.0 1.0 14 7.5 49.8 165.1 332.3 1.0 14 235.2 69.7 361.3 332.6 0.9 14 48.3 72.6 81.5 104.0 0.8 14 269.1 38.6 495.8 332.6
004599,0.8 14 187.8 1.1 317.2 184.6 1.0 14 1.6 1.0 147.7 279.8 1.0 4 128.3 23.1 236.3 456.6 0.8 14 187.2 1.8 357.2 184.5 1.0 4 296.3 82.9 346.8 258.3
004602,1.0 6 57.7 133.9 481.0 271.0
004603,1.0 18 1.9 139.5 359.2 225.1
004608,0.8 9 116.4 49.2 338.6 311.3
004610,0.6 16 49.4 138.0 303.0 334.6 0.9 16 128.0 56.2 261.9 111.9 0.9 16 51.4 138.1 246.8 333.0 0.8 16 216.6 5.7 378.8 105.3
004613,0.9 2 2.5 168.2 301.4 368.9 0.7 2 313.2 338.0 413.5 375.1
004614,1.0 2 144.6 142.0 305.1 294.5
004615,0.6 6 0.6 335.9 27.3 402.0 1.0 6 323.2 390.3 375.4 453.3
004616,0.9 13 254.9 139.7 495.0 352.1 0.9 13 2.7 21.1 244.0 374.7 0.5 13 5.5 4.8 495.7 374.2
004617,0.9 16 140.8 183.0 240.4 254.6 0.9 16 335.9 127.5 422.7 184.1 0.9 16 328.2 206.7 381.8 253.1
004619,0.9 14 179.2 83.4 497.5 333.0 0.9 14 196.1 226.1 313.9 333.2 1.0 14 253.5 83.2 499.3 332.4
004620,0.9 11 145.9 65.1 499.1 233.6
004621,1.0 11 111.5 95.2 494.2 373.1
004624,1.0 18 248.1 112.2 399.8 278.0
004629,0.7 14 208.3 67.2 257.8 153.2 1.0 12 209.8 113.4 304.0 265.7 0.9 14 18.8 160.1 35.6 204.5 0.9 12 334.8 130.9 438.3 267.2 0.9 12 320.7 130.3 439.2 268.6 0.6 14 469.4 156.9 493.2 173.8 1.0 14 96.5 58.6 153.0 213.5 0.9 14 4.3 139.1 24.7 192.8 1.0 14 333.5 79.3 388.9 145.1 0.8 14 40.0 159.9 57.0 188.4 0.5 14 39.1 161.6 53.9 180.5 1.0 14 206.8 68.3 269.5 215.9 1.0 12 56.9 104.2 216.8 271.8 0.7 14 4.5 139.2 23.9 175.6 1.0 14 337.7 120.9 384.8 273.7 0.8 12 371.0 131.5 437.0 265.3 1.0 14 306.4 119.4 342.8 267.7
004633,0.0 0 0.0 0.0 10.0 10.0
004635,0.7 9 227.8 129.7 390.1 229.0
004637,1.0 1 15.9 180.0 109.5 303.5 1.0 14 17.4 77.7 112.1 271.1 1.0 14 275.3 116.4 362.8 262.9 1.0 1 259.4 188.0 375.7 303.6
004638,1.0 18 74.4 9.4 476.3 153.2
004639,1.0 14 284.7 9.4 476.1 499.3
004640,1.0 8 1.6 258.7 159.6 374.9 0.6 4 211.5 130.7 231.9 194.8 0.6 10 81.5 118.8 395.6 298.4 0.6 8 277.9 238.3 499.3 374.7 0.7 4 255.3 137.2 276.7 209.1 1.0 4 189.0 111.5 206.9 170.5 0.7 14 80.4 58.0 149.4 160.7 0.8 4 256.8 136.1 275.2 174.6 1.0 14 224.2 64.6 281.4 145.4 0.9 4 240.2 145.3 263.4 214.3 0.8 14 0.9 66.3 134.1 317.7 0.6 14 270.0 62.8 426.1 203.2 0.8 4 241.9 134.6 262.1 189.0 1.0 4 213.3 129.2 233.9 181.0 1.0 14 81.6 56.8 149.5 128.0 1.0 14 1.0 61.6 33.2 141.5 0.8 14 1.6 81.5 146.9 374.4 1.0 4 143.2 106.1 161.6 158.6 1.0 10 75.2 123.6 398.2 374.8 1.0 14 25.1 83.3 143.4 317.2 0.9 8 403.6 237.5 499.9 375.2 1.0 14 327.0 63.8 425.5 202.0 0.9 4 248.9 135.2 269.2 185.6 1.0 4 240.1 135.7 263.4 213.4 1.0 14 248.9 61.3 499.3 374.5 1.0 14 259.1 60.4 345.7 163.8
004641,1.0 13 80.8 73.6 474.3 359.5 1.0 14 191.1 2.3 353.2 305.1
004642,0.6 16 247.9 155.2 454.7 324.4 0.7 16 54.3 194.3 220.2 338.4 1.0 14 104.6 38.7 402.5 310.9
004645,1.0 0 4.7 120.5 497.1 248.4
004646,0.7 16 164.6 186.5 225.6 276.2
004650,0.5 14 207.5 96.8 276.6 335.1 0.9 6 418.6 101.2 500.1 232.1 1.0 14 145.1 93.5 276.7 336.6 1.0 13 45.0 71.0 228.5 312.1 0.7 13 45.9 67.1 484.7 319.3 0.9 13 260.5 125.5 482.2 316.0
004657,0.7 6 167.8 25.2 206.3 37.3 0.9 18 90.8 0.8 499.7 311.6
004658,1.0 7 133.0 160.3 190.4 292.3
004659,0.9 8 1.4 213.7 75.8 369.8 1.0 17 106.1 205.4 429.0 368.2 0.6 8 103.7 213.8 225.7 366.4 0.8 15 160.5 268.9 303.9 374.9
004661,0.5 14 257.1 85.7 498.6 373.4 0.9 14 8.1 67.8 301.9 374.2 0.7 14 13.2 82.5 494.1 374.5 1.0 14 262.4 85.2 497.1 293.8 0.5 14 131.2 84.1 497.1 374.8
004663,0.9 18 179.3 162.8 398.0 258.8
004664,0.9 15 145.8 59.9 245.3 468.5 0.9 19 15.4 353.8 63.5 475.4 0.8 19 55.4 333.8 142.0 481.3 0.7 19 17.7 334.6 142.0 485.1
004665,1.0 3 93.3 112.8 280.4 190.6 1.0 14 204.1 193.1 227.8 230.3 0.9 3 198.0 214.5 262.0 243.5
004666,1.0 14 241.7 189.8 273.5 260.8 1.0 14 441.5 174.5 480.2 251.7 0.9 14 298.0 179.8 319.5 264.6 1.0 14 468.8 174.0 495.3 247.2 1.0 14 206.7 193.6 235.9 293.4 1.0 14 167.2 192.3 200.6 297.7 1.0 14 271.6 191.0 292.0 252.6 1.0 5 24.0 121.8 338.4 275.2 0.9 6 306.9 165.0 430.0 272.1
004667,1.0 6 0.4 89.8 272.6 289.5 1.0 14 355.8 19.0 428.6 214.0 0.7 6 243.9 74.3 418.6 317.3 1.0 6 241.2 72.3 494.7 316.8 1.0 14 313.9 14.9 499.6 399.3
004668,1.0 14 357.3 124.6 496.3 329.6 0.9 8 2.7 125.2 245.3 373.3 1.0 14 35.9 91.8 218.9 319.5 0.9 8 285.9 133.1 497.5 374.1
004669,0.9 16 145.2 183.5 218.4 235.3 0.7 16 232.5 187.8 316.5 237.5
004670,0.8 2 308.9 223.6 393.5 275.3
004677,0.8 8 118.1 205.2 235.0 427.6 1.0 8 111.8 206.8 233.7 451.6 0.8 17 216.7 208.5 375.3 355.5
004678,0.6 2 47.6 44.2 106.1 101.1
004680,0.6 0 107.7 171.9 222.4 225.2 1.0 0 105.7 153.2 350.5 251.3
004681,1.0 18 184.2 121.0 499.2 252.6
004684,0.9 18 0.8 -0.5 154.5 142.8 1.0 6 125.5 73.6 460.5 332.2 0.6 14 290.9 99.1 310.0 118.6
004688,1.0 6 1.6 39.2 469.8 332.4
004690,0.8 19 96.4 56.5 361.4 174.1 0.9 19 61.7 270.2 180.4 354.4 0.8 14 439.9 307.2 481.5 386.5 1.0 14 162.0 55.5 326.4 441.9 0.5 4 179.8 71.7 322.2 433.0 0.9 19 86.1 2.1 366.2 173.9
004695,0.8 19 94.3 122.3 142.6 184.9 0.8 17 321.6 217.1 499.6 350.0
004696,0.8 12 143.0 85.8 227.5 229.4 0.6 12 86.9 77.4 230.9 242.8 0.9 12 95.6 103.6 208.1 245.7 0.7 12 2.1 168.5 100.7 273.9 0.9 12 182.6 75.0 302.1 191.5
004697,0.6 14 391.5 1.9 496.8 155.3 0.9 14 450.4 1.9 499.9 158.0 0.9 14 1.1 1.0 53.6 123.0 0.5 14 389.9 1.7 462.5 119.6 1.0 6 80.7 2.7 427.0 286.5 1.0 14 387.9 1.6 463.2 150.4
004698,0.5 14 164.9 31.1 319.6 274.2 0.5 13 393.3 180.7 426.4 228.3 1.0 14 410.8 137.1 448.1 228.8 0.6 14 384.0 140.0 402.1 156.7 0.7 14 379.7 141.6 412.0 226.0 0.7 14 375.1 143.3 411.1 225.1 0.7 14 359.8 140.2 384.1 172.6 0.8 14 410.9 136.6 445.1 174.6 0.7 14 382.3 141.4 409.3 176.3 0.7 14 361.3 141.0 386.8 172.9 1.0 14 320.7 141.7 365.0 213.2 1.0 14 161.3 14.2 321.9 272.8 0.9 14 354.8 140.8 386.7 221.2 0.9 14 408.1 160.7 445.3 230.1 0.9 14 464.9 143.5 499.8 238.2 0.9 13 391.7 175.8 443.7 228.5 0.7 14 255.1 7.6 323.0 213.7 0.7 14 379.6 142.4 411.5 225.5
004700,1.0 7 109.3 241.5 250.9 374.8
004703,1.0 14 206.4 80.7 346.5 411.8 0.9 1 193.6 216.1 382.2 420.3
004704,0.6 7 60.7 46.2 268.7 201.0 0.7 7 64.3 44.5 267.4 107.7 0.7 14 47.4 141.4 343.0 364.6 0.5 14 2.8 145.0 223.6 400.7 0.9 14 2.2 142.7 342.8 397.1
004709,1.0 14 2.1 66.3 407.8 374.6 0.9 14 449.8 323.9 500.1 375.1 0.5 14 189.1 68.3 411.5 374.4
004711,1.0 18 210.1 110.9 442.3 242.8 0.6 1 413.9 237.4 459.3 335.7
004712,0.9 15 405.7 2.2 500.0 267.8 0.5 8 218.4 138.7 375.7 253.8 0.8 8 215.0 109.7 284.4 252.8 1.0 14 98.0 107.5 385.3 375.6 0.9 14 341.6 103.1 385.7 237.9 0.9 8 207.4 131.3 250.8 253.3
004713,1.0 14 64.9 2.1 493.4 374.3 0.6 14 193.1 2.3 496.0 374.3
004716,0.9 19 26.6 136.1 199.6 275.6 1.0 14 213.1 3.8 399.2 327.7 0.5 14 134.6 166.7 163.7 218.4 0.6 14 211.7 3.1 490.2 330.4
004717,0.6 8 2.2 367.9 175.2 500.1 1.0 4 246.9 172.3 261.3 226.9 0.8 4 242.4 176.5 254.6 228.1 0.7 4 248.4 174.2 261.2 226.1 0.8 4 139.5 184.8 155.1 230.3 1.0 19 165.2 288.0 273.4 381.6 1.0 4 233.9 179.2 247.9 229.6
004720,0.8 4 154.4 154.3 168.5 187.7 0.9 7 243.5 147.2 318.9 227.0
004721,1.0 14 203.8 127.6 298.5 323.7 1.0 4 155.9 245.7 186.0 333.9 1.0 14 109.0 122.8 237.3 312.5 0.7 14 212.8 119.3 362.0 325.9 0.8 14 213.9 118.1 387.9 327.8
004724,1.0 5 72.6 80.3 434.6 253.3
004725,0.6 14 75.2 1.2 110.4 53.1 0.5 14 384.6 67.1 500.1 374.7 0.6 13 209.1 144.0 471.6 374.7 0.8 14 416.9 67.5 499.9 374.8 0.9 14 358.0 -0.0 395.9 139.9 0.5 14 197.3 0.6 285.2 169.5 0.8 13 2.3 52.1 247.3 278.0 1.0 14 197.9 1.5 286.6 120.0 0.5 13 0.7 8.3 474.8 374.5 0.7 14 121.2 1.3 173.0 58.0 0.6 13 1.4 51.5 245.3 374.0 0.7 14 22.0 1.3 56.1 61.2 0.8 14 130.8 24.6 170.0 67.5 0.8 14 422.0 2.5 463.2 108.3 1.0 14 186.3 87.0 378.7 346.5 0.7 13 0.4 48.1 472.9 375.1 1.0 14 373.9 2.1 430.9 156.1 0.8 14 339.2 1.1 370.8 44.2 0.8 14 340.7 -0.2 382.3 142.2
004726,1.0 14 1.7 26.9 311.0 374.9 1.0 14 271.3 52.3 500.1 373.8
004728,1.0 14 448.0 199.3 471.7 225.3 0.7 3 228.6 172.2 341.2 228.4 0.9 3 225.9 195.6 342.1 227.0 0.5 3 12.2 179.1 91.5 229.2
004729,0.7 14 98.0 62.2 245.9 196.4 1.0 13 10.1 65.4 380.5 333.9
004730,0.5 2 169.3 2.1 498.6 374.3
004731,0.9 14 203.8 20.6 240.3 116.8 1.0 6 410.9 47.9 499.4 105.6 1.0 14 117.9 5.4 162.5 118.8 1.0 14 141.9 175.2 296.8 436.2 1.0 18 195.6 54.0 500.1 398.8
004733,0.0 0 0.0 0.0 10.0 10.0
004734,1.0 6 52.7 42.7 409.1 224.9
004736,0.7 7 94.3 41.5 299.5 500.3 0.6 7 93.2 42.8 257.1 474.0
004738,0.7 14 233.4 236.9 295.4 330.8 0.9 13 182.7 284.9 316.3 430.8 0.5 13 183.1 235.0 316.5 430.5
004739,0.9 14 247.5 168.6 374.3 498.4 1.0 14 61.5 153.5 228.2 499.4 1.0 4 211.8 250.8 242.8 332.3 0.8 14 1.8 155.5 195.4 499.8 0.6 14 1.2 202.2 137.3 500.1 0.6 14 62.5 153.4 255.9 498.6 0.7 14 188.7 191.6 258.0 401.3 0.5 14 187.9 191.5 259.1 498.8 0.6 14 248.5 168.2 374.4 429.5 0.9 14 193.3 189.6 328.6 498.7 1.0 14 212.3 167.1 373.7 498.9
004740,1.0 14 176.4 117.2 258.2 212.7 0.9 14 377.4 96.6 499.8 311.9 0.6 14 1.8 114.7 158.6 374.9 0.6 14 382.9 96.3 499.1 366.1 0.7 14 73.8 113.1 177.7 304.7 0.9 14 89.3 202.7 272.0 374.9 0.6 14 90.6 114.4 173.4 290.6 0.7 14 90.5 233.5 276.2 374.8 1.0 14 1.7 116.7 137.0 375.0 0.6 14 124.9 166.9 176.7 284.9 0.8 10 156.5 234.2 498.3 374.1 0.9 14 297.7 121.4 407.0 312.6 0.8 10 90.6 248.1 500.3 374.1 1.0 14 379.8 96.1 499.3 283.4 0.8 14 300.0 120.7 405.3 246.5
004741,0.9 9 137.2 116.1 211.5 197.5 0.9 9 211.4 91.5 369.4 183.9
004744,1.0 14 2.0 24.5 245.7 332.7 0.9 8 172.2 153.2 326.1 267.6 0.9 14 282.9 47.8 483.5 242.5 0.8 14 279.7 45.6 489.8 316.9
004745,1.0 14 439.7 87.9 477.6 198.1 0.8 14 378.9 92.2 397.6 128.5 1.0 14 71.6 46.8 119.0 109.7 0.5 14 381.6 92.5 396.9 113.4 1.0 6 37.8 36.6 429.3 309.4 1.0 14 396.6 88.4 429.3 148.0
004749,1.0 14 118.4 24.6 183.2 144.4 1.0 12 80.8 46.2 214.7 233.1
004751,1.0 18 12.3 112.4 460.2 220.4
004752,0.7 0 104.5 71.7 179.9 133.1
004755,0.6 14 467.2 82.0 482.2 115.0 1.0 6 155.7 170.9 443.4 252.8 1.0 14 303.7 176.4 330.1 208.0
004756,1.0 12 199.2 110.0 320.0 248.6 1.0 14 218.2 83.1 312.3 242.5
004757,1.0 2 58.9 49.5 129.9 103.4 1.0 2 291.9 114.2 449.7 339.3
004758,0.8 11 42.5 57.4 114.3 306.0 0.9 11 42.0 47.7 131.7 305.8 0.5 11 40.8 47.6 132.6 254.5
004759,1.0 7 15.3 3.0 497.9 359.8
004762,1.0 6 460.7 145.4 493.9 166.2 0.6 14 402.8 110.8 420.4 128.6 0.9 5 65.2 64.1 463.6 251.1
004763,1.0 6 1.9 0.9 192.0 48.0 0.7 14 70.6 66.8 209.1 375.6 1.0 1 281.3 31.0 476.6 343.0
004764,1.0 6 6.2 251.8 43.8 286.2 1.0 6 67.6 236.2 186.8 325.8 0.6 6 319.5 245.4 350.0 264.4 0.9 6 259.8 246.7 283.3 262.7
004765,0.9 14 25.1 8.1 204.5 499.5 0.9 14 24.6 6.5 281.5 498.4 0.9 1 74.6 235.4 229.0 499.9 0.9 14 189.6 50.1 289.6 499.7
004766,1.0 14 351.7 167.9 435.8 373.6 0.9 14 0.9 49.9 61.1 233.9 1.0 14 0.7 49.1 62.4 374.3 1.0 14 223.2 3.2 384.9 373.9 1.0 14 352.4 166.7 435.9 304.3
004767,1.0 11 2.2 82.6 417.1 374.1
004769,0.8 14 355.2 233.6 406.7 374.1 1.0 14 357.6 236.5 401.8 325.4 1.0 14 396.1 238.9 438.7 326.3 1.0 14 73.8 54.8 174.7 361.6 0.9 1 210.6 183.9 497.4 374.9
004771,0.9 14 21.3 355.4 145.6 499.3 0.8 14 18.9 358.2 89.8 499.0 0.7 14 274.6 149.0 374.8 499.7 1.0 14 39.0 132.4 118.6 323.3 0.8 14 110.9 77.9 309.7 414.1 0.6 14 43.9 129.7 118.2 209.1 1.0 14 0.6 121.7 80.5 500.3 1.0 14 109.8 77.4 309.7 499.3 1.0 14 274.1 146.7 364.4 334.5 1.0 14 225.7 328.2 366.4 499.8
004772,0.8 9 56.1 135.9 399.7 252.8
004774,0.6 9 41.9 102.0 209.7 291.3
004775,0.0 0 0.0 0.0 10.0 10.0
004778,0.6 15 0.6 1.2 161.7 314.1 0.8 15 2.6 94.1 194.8 315.5 0.8 15 1.1 0.5 185.4 316.5 0.5 14 159.0 57.9 497.8 207.8 0.7 14 150.0 1.5 497.5 329.0
004780,1.0 15 110.0 390.7 141.2 446.5 1.0 15 41.4 385.9 71.1 430.6 1.0 6 159.8 382.3 260.5 452.2
004781,0.7 19 53.7 68.1 94.7 102.1 0.6 19 372.5 69.0 440.8 132.5 0.7 19 51.9 122.6 129.0 172.2 0.7 19 394.2 73.0 443.3 132.6 1.0 8 1.5 186.3 85.1 323.1 0.9 19 88.5 124.4 131.8 171.4 0.9 19 351.1 127.7 450.4 202.8 0.6 8 210.0 203.0 322.0 310.7 0.9 19 349.9 69.0 452.6 206.0 1.0 8 206.2 202.5 321.3 332.6
004784,0.0 0 0.0 0.0 10.0 10.0
004787,0.9 11 126.7 20.5 434.0 320.3
004791,0.7 14 104.2 0.7 176.4 115.9 1.0 14 117.2 49.8 266.3 299.4 1.0 14 26.6 0.2 118.3 195.5 0.8 14 224.2 9.6 298.2 231.1 0.9 14 213.6 9.4 296.6 188.2 0.7 14 283.4 2.0 373.0 128.4 0.8 14 184.5 50.0 267.1 259.2 0.5 14 118.6 49.9 329.1 300.3 1.0 14 283.3 3.6 395.8 244.6 0.6 14 224.4 9.2 295.9 117.8
004795,1.0 14 230.6 123.3 302.0 292.9
004798,0.7 2 64.1 25.5 465.2 332.9
004800,1.0 14 159.9 18.7 267.6 198.8 1.0 13 39.0 42.7 289.5 200.1 0.8 6 233.9 1.3 499.8 102.6
004802,1.0 5 12.5 96.3 432.1 209.6
004803,0.7 14 185.8 38.0 310.9 206.5 1.0 12 122.1 85.3 295.2 304.9 0.9 14 138.5 37.8 314.5 213.0
004804,0.9 14 93.8 21.2 138.1 114.1 1.0 14 163.6 67.9 214.5 113.8 0.6 14 95.4 52.4 127.4 110.6 0.6 12 38.4 107.8 145.4 260.0 0.8 12 38.6 108.1 136.0 260.3 0.8 12 37.8 89.6 257.7 259.6 0.9 14 164.3 67.6 218.7 211.7 0.8 12 39.8 106.2 224.3 259.6
004806,0.8 14 239.3 204.0 260.2 219.1 1.0 14 176.4 201.8 209.7 228.3 0.6 14 203.8 204.7 221.2 222.9 0.9 14 218.9 202.8 239.8 223.0 1.0 6 45.6 198.0 316.2 295.4
004807,1.0 14 141.9 133.8 256.0 327.8 0.9 12 120.1 24.0 390.8 303.8
004809,1.0 7 72.1 2.0 321.6 334.6
004810,1.0 6 175.4 224.6 251.2 284.0 1.0 14 414.5 221.4 444.1 299.2 1.0 14 360.3 216.8 381.3 281.9 0.7 14 109.8 202.7 123.6 236.2 1.0 6 10.3 237.6 180.1 342.1 0.9 5 259.5 201.0 309.9 245.3 0.9 6 240.4 219.3 283.1 260.7 1.0 14 391.6 213.4 414.9 285.0
004811,0.9 1 88.1 197.1 373.2 386.1 1.0 14 162.4 11.7 285.1 455.7
004813,0.9 8 145.0 138.1 228.4 270.2 1.0 8 66.8 193.4 146.5 297.8 0.9 17 291.1 189.4 499.1 374.6 1.0 8 222.5 185.7 329.9 297.9
004817,0.8 18 -0.4 289.7 180.8 342.0
004819,0.9 4 172.3 205.2 187.0 248.4 0.8 14 296.8 137.4 374.9 359.6 1.0 14 319.3 188.4 374.9 361.5 0.9 14 39.8 178.9 156.4 333.1 1.0 14 298.4 140.0 364.5 286.2 1.0 14 164.2 126.9 235.9 215.4 0.9 14 91.9 129.8 183.8 238.3 1.0 14 245.3 126.4 312.1 258.8 0.8 14 86.8 132.5 183.3 233.5 0.8 14 36.9 179.1 154.4 478.3 1.0 14 1.4 223.7 149.6 500.2 1.0 10 111.4 208.6 373.8 499.4 0.9 4 245.9 304.9 268.2 379.9 0.9 14 36.9 178.7 157.2 398.1 0.8 4 158.7 184.3 172.5 213.6 1.0 4 182.5 274.1 203.5 356.5
004820,0.5 8 0.8 352.3 152.6 500.7 0.6 8 1.1 353.2 153.2 500.4 0.7 8 1.1 356.1 65.2 499.6 0.6 17 76.8 284.9 283.6 496.9
004821,1.0 6 49.0 371.9 247.1 451.7
004822,0.7 14 179.7 27.1 283.6 305.7 0.8 14 180.5 26.4 356.3 306.9 0.5 14 186.8 27.5 288.0 307.9 0.9 13 181.8 73.9 470.4 359.5 0.8 13 178.7 129.6 470.6 358.9 0.8 13 180.7 92.7 470.8 359.6
004824,1.0 0 133.0 6.2 310.6 122.5 0.9 0 40.3 93.7 216.9 205.1
004827,0.9 16 304.8 254.1 334.3 336.3 0.6 16 309.0 204.4 334.2 249.6 0.9 16 76.3 237.1 176.7 360.7 0.8 16 6.7 250.7 77.9 323.8 0.9 16 99.3 286.1 261.5 443.6 0.9 16 173.0 257.9 231.9 328.5
004829,0.7 2 22.9 22.8 269.0 499.7 0.9 2 22.3 22.8 344.5 498.7
004833,1.0 13 0.1 2.0 354.4 374.2
004835,0.9 1 1.4 192.2 277.1 333.2 0.7 1 286.0 173.3 412.4 332.4 0.8 1 1.0 194.8 145.7 333.7 1.0 14 2.7 1.9 273.6 332.3 1.0 1 287.6 174.4 439.5 332.5 1.0 14 296.9 2.2 499.5 332.4
004838,1.0 17 3.9 104.9 435.6 336.3
004843,0.0 0 0.0 0.0 10.0 10.0
004844,1.0 6 189.9 390.3 257.7 435.4 1.0 6 2.6 390.4 172.7 483.9 1.0 14 137.5 184.1 202.2 269.3 1.0 6 148.7 383.2 198.7 420.0
004845,1.0 7 0.7 1.8 343.4 332.6
004847,0.9 1 66.5 7.5 412.8 374.5 0.7 1 40.1 60.9 413.9 375.0 0.6 1 83.2 77.1 414.5 375.6
004851,0.8 14 133.3 45.7 499.3 369.6
004853,1.0 18 49.9 84.9 450.8 215.1 0.8 18 315.6 86.2 449.5 217.0
004854,0.9 16 79.0 196.1 271.3 298.3 0.9 16 274.3 228.2 355.7 266.9
004855,0.9 14 184.7 107.2 296.0 294.1 0.9 14 337.8 96.2 500.1 374.1 0.8 14 191.1 107.2 295.8 271.5 1.0 14 77.7 94.6 221.0 374.9 1.0 14 242.3 102.7 389.7 337.0 0.9 10 144.1 297.0 343.3 374.8 0.9 14 253.6 96.1 498.8 373.3
004858,1.0 15 1.5 0.2 384.9 368.8 0.9 15 399.7 0.9 500.5 162.3
004860,1.0 6 18.6 56.0 373.9 393.7
004861,1.0 2 115.4 51.1 318.3 493.7 0.6 2 116.0 51.5 186.1 227.6
004862,1.0 8 158.2 258.1 228.3 418.1 1.0 8 1.4 360.1 54.2 499.0 1.0 8 270.8 260.2 315.4 421.5 1.0 15 228.9 293.0 266.8 360.9 0.9 8 308.5 259.3 348.4 424.6 0.6 8 151.5 259.3 190.0 414.6 0.9 15 233.5 359.3 263.5 398.6
004864,1.0 14 283.3 31.9 333.3 284.8 1.0 14 30.6 30.6 57.9 107.9 1.0 14 77.3 25.9 255.4 400.2 1.0 14 78.2 29.5 101.6 118.0 1.0 14 0.8 27.7 19.8 78.5 0.9 14 54.9 36.2 72.5 99.3 0.9 13 42.8 110.5 322.6 500.8 0.8 14 12.0 28.9 28.7 74.6 0.7 13 42.4 169.4 320.8 499.6 0.6 14 197.3 51.6 225.9 132.8 0.6 14 217.3 1.4 237.1 57.4
004865,0.9 12 15.8 50.1 413.0 291.9
004870,1.0 6 408.3 21.7 500.2 119.8 1.0 6 31.6 37.9 149.0 116.4 1.0 14 159.7 31.4 261.7 322.1 1.0 13 106.6 114.6 402.7 375.1 1.0 14 244.1 77.5 344.5 358.7
004871,1.0 18 68.1 87.7 478.1 354.2
004874,0.7 14 197.9 94.8 265.8 152.3 0.9 14 196.8 95.7 264.3 246.3 1.0 12 59.6 100.3 326.2 264.5 0.8 12 158.9 100.5 326.7 257.7
004875,0.9 2 289.4 205.0 356.8 329.6 0.6 2 457.0 26.2 481.4 41.3 0.6 2 0.8 170.3 280.9 375.6 0.6 2 1.9 1.8 235.8 239.7
004877,0.8 2 100.7 101.5 378.9 292.7 0.8 2 310.2 136.9 383.1 175.9 0.9 2 98.5 101.2 380.0 251.2 0.6 2 314.1 137.9 497.1 212.1 0.8 2 99.6 101.8 313.9 272.0 0.9 14 246.5 115.8 499.1 373.8
004880,1.0 4 396.2 211.0 416.8 281.9 0.9 4 385.6 218.0 400.3 269.3
004881,1.0 15 331.7 142.6 370.4 194.9 0.9 10 3.1 184.3 328.2 374.5 0.7 8 183.3 145.2 267.1 199.1 1.0 15 267.4 166.5 309.4 212.0 0.8 15 268.9 113.7 311.2 208.7 0.8 10 1.7 184.4 417.8 375.2 1.0 15 379.6 166.5 428.3 213.2
004883,0.9 5 4.5 85.2 488.5 214.1
004884,1.0 19 60.8 103.6 191.3 257.4 1.0 14 211.1 66.6 464.3 378.5
004887,1.0 17 1.7 145.3 262.7 304.7 1.0 17 305.8 140.7 498.5 322.3
004888,1.0 7 92.7 188.1 204.3 385.4 1.0 7 204.0 186.1 350.3 395.3
004889,0.6 14 289.9 3.9 492.7 329.0 1.0 14 6.8 8.1 118.1 161.7 0.8 14 215.7 97.1 358.5 326.8 0.9 14 213.7 6.2 304.8 135.7 0.6 14 5.6 10.6 154.8 329.0 0.9 14 243.6 4.6 493.2 328.4 0.9 14 68.7 96.8 356.9 327.2
004891,1.0 6 132.3 105.7 415.2 249.4
004892,1.0 8 191.4 203.7 249.2 281.4 0.8 8 324.3 168.4 419.0 280.2 0.9 8 275.0 187.6 337.4 285.2 0.9 8 132.9 210.6 187.9 285.6 0.6 8 361.1 169.7 421.6 282.9 0.9 8 350.4 169.5 420.0 282.7 0.8 10 103.1 173.6 379.6 284.1 0.6 10 1.4 229.7 442.9 374.7
004893,1.0 15 242.0 127.9 295.7 189.1 0.9 4 355.4 162.1 375.1 232.1 1.0 14 131.3 243.8 233.8 498.6 0.7 10 219.0 265.3 375.3 499.3 1.0 15 227.8 6.0 285.4 66.0
004894,1.0 14 95.7 11.4 384.4 333.7 0.9 14 219.8 12.4 386.4 333.5
004899,1.0 14 55.1 117.0 246.4 332.6
004900,0.5 14 89.9 342.8 128.7 499.4 1.0 14 67.6 357.6 98.6 499.2 1.0 14 67.2 342.1 128.4 498.7
004901,0.0 0 0.0 0.0 10.0 10.0
004904,0.8 1 354.8 131.9 489.3 207.0 1.0 14 275.9 19.3 324.7 107.5 0.5 1 70.7 162.1 240.9 265.7 1.0 14 79.7 118.1 176.0 237.8 1.0 14 374.8 84.2 456.8 192.3 0.7 14 284.3 19.3 324.7 79.4
004906,0.9 0 130.1 78.4 255.9 249.8
004908,0.9 14 77.4 44.5 271.0 430.6 0.9 14 77.8 44.8 368.6 458.1 0.6 17 1.1 174.2 375.2 498.5
004909,0.0 0 0.0 0.0 10.0 10.0
004914,0.9 3 70.2 5.4 375.1 349.9
004915,0.9 2 25.0 236.7 209.9 431.9
004917,1.0 14 192.9 88.4 300.8 300.2 1.0 13 105.9 137.6 372.3 324.2
004918,0.9 14 168.2 7.1 496.3 282.2
004919,0.6 4 0.8 1.1 66.7 183.5 0.8 4 0.6 2.0 61.3 182.7 1.0 4 315.3 29.5 437.1 262.6
004920,0.5 14 23.4 21.9 191.2 311.4 0.8 14 260.6 89.9 405.9 311.0 0.9 14 8.9 21.4 270.8 311.3 0.9 14 223.6 44.9 406.2 309.1
004921,1.0 18 63.1 130.7 303.5 384.9
004922,0.7 14 126.3 40.3 445.0 333.4 0.7 14 125.5 42.5 292.9 331.9 0.5 14 202.5 0.7 389.8 223.1 0.9 14 0.8 41.8 285.0 332.3 0.9 14 124.0 39.8 496.7 333.3 0.9 14 198.1 1.6 496.1 332.4
004923,1.0 4 44.0 186.4 64.8 235.9 0.9 14 30.4 66.7 247.8 252.2 1.0 14 1.6 67.3 245.7 374.4 1.0 14 93.8 114.1 382.3 374.7
004924,0.9 5 1.7 2.6 499.6 373.6
004925,1.0 14 1.7 2.8 223.4 499.3 0.8 11 191.3 203.3 374.6 500.4
004927,0.9 14 348.1 54.2 365.8 106.0 1.0 14 366.2 57.9 391.4 114.8 0.8 14 445.8 58.2 466.5 138.5 0.6 14 479.5 78.8 500.2 147.4 1.0 14 434.3 67.5 459.3 142.7 0.8 14 447.7 57.4 466.4 108.0 1.0 14 30.7 71.4 47.4 112.9 0.9 14 93.9 70.6 109.8 111.3 0.6 14 46.6 73.1 62.1 112.7 0.9 14 66.3 67.3 81.7 107.5 0.5 14 81.5 69.3 95.1 107.3 1.0 6 55.8 24.4 436.3 303.0 0.9 14 51.5 74.3 68.1 112.2 1.0 14 407.9 56.8 435.9 143.5
004930,0.9 1 45.5 252.8 255.3 332.7 0.6 14 50.7 19.9 260.2 332.3 1.0 14 50.3 18.9 353.3 332.8 0.9 1 44.3 253.6 331.1 333.1
004932,0.8 12 75.7 49.8 240.4 212.4 1.0 14 115.5 18.8 181.3 142.5 0.9 12 24.7 49.2 239.5 218.1
004933,1.0 6 149.9 162.2 227.9 200.8
004934,0.6 14 3.4 1.9 302.3 332.4 1.0 14 2.7 2.1 496.4 332.4 0.7 7 260.2 11.5 498.0 332.2 0.9 7 197.6 23.9 492.7 332.8 0.8 7 398.4 12.8 499.3 173.7
004937,0.7 14 0.8 147.0 22.8 236.4 1.0 14 104.7 104.5 135.0 222.8 0.5 3 341.1 131.3 380.3 162.7 0.5 14 120.1 102.5 150.4 210.1 1.0 14 186.1 84.1 231.4 165.0 1.0 14 30.2 130.1 66.3 230.2 0.9 3 97.1 123.0 410.4 319.6 0.8 3 230.0 301.0 498.8 373.6 0.8 14 119.0 100.8 144.9 137.3 1.0 14 242.8 102.6 300.8 215.5 0.6 14 245.3 102.7 297.9 169.0
004940,1.0 6 22.2 134.6 491.0 313.9
004941,0.7 14 345.6 186.9 375.3 302.8 1.0 14 2.9 59.7 119.7 481.6 0.5 15 98.4 -1.1 361.8 426.2
004942,1.0 13 246.2 132.3 439.7 341.4
004944,1.0 14 111.8 228.2 207.4 374.8 0.6 14 206.8 145.4 260.3 288.6 0.6 5 0.7 33.2 192.9 375.4 0.6 18 0.3 6.0 189.4 373.8
004945,0.9 11 170.0 42.2 375.0 193.6 0.7 11 59.2 42.3 455.8 357.2
004947,1.0 14 174.4 93.0 323.7 333.1 0.9 14 221.7 45.0 316.0 218.1 1.0 14 1.5 43.0 271.7 332.5 0.9 14 1.7 41.6 188.4 332.4 0.8 14 300.1 106.1 471.8 332.0 1.0 14 300.9 104.6 499.5 332.9
004949,0.9 2 295.5 312.9 370.4 397.4 0.9 2 204.7 198.8 277.1 305.1 0.9 2 37.9 196.0 171.5 410.0 0.5 2 38.1 283.2 200.3 459.7 1.0 2 168.1 36.8 233.4 134.1 1.0 2 94.2 195.2 170.4 299.6 0.8 14 25.3 304.3 45.2 337.2 0.7 2 167.4 30.7 229.1 78.3 0.6 14 48.1 304.5 67.1 336.2 0.6 2 171.2 205.2 252.4 365.9 0.6 2 173.0 257.9 250.4 365.8
004952,0.8 18 152.5 233.1 182.3 277.9 1.0 1 125.6 295.1 329.1 499.1
004957,0.8 12 144.0 7.1 451.4 364.7
004959,1.0 14 45.9 110.4 65.5 132.4 1.0 14 102.4 98.7 121.0 152.6 1.0 6 111.7 88.7 196.8 129.4 1.0 14 26.2 120.8 53.4 162.9 0.6 6 292.9 96.9 499.8 224.1 1.0 14 71.2 116.8 94.1 154.6 1.0 14 94.9 100.0 111.0 152.1 1.0 14 202.4 122.3 289.6 332.2 0.6 6 268.2 97.2 500.3 331.7 1.0 14 301.7 127.2 433.3 332.4
004964,0.7 14 426.2 73.4 483.9 296.7 1.0 14 432.6 74.7 484.2 204.6 1.0 15 252.3 148.9 301.0 187.7 1.0 17 108.8 180.4 346.8 285.8 0.5 8 44.9 219.3 112.3 267.6 0.8 8 431.0 203.0 499.4 294.4
004965,0.9 6 50.4 388.8 150.2 470.2 1.0 6 154.6 418.3 281.5 499.7
004969,0.7 16 203.4 163.3 294.4 234.3
004970,0.9 12 19.9 16.3 334.4 400.0 0.6 11 212.7 183.1 481.0 399.6
004971,0.8 14 90.7 199.8 209.0 374.3 0.8 14 1.7 174.4 204.0 374.7 0.9 14 1.6 174.2 181.3 375.1 1.0 14 190.6 131.4 436.4 374.2 0.9 17 2.5 141.8 424.6 373.7
004975,1.0 7 15.9 140.0 373.8 434.9
004978,0.7 14 176.9 53.1 269.9 240.3 0.8 1 320.4 183.2 477.2 347.3 0.7 14 303.7 108.3 409.7 375.3 0.6 1 407.7 184.3 475.5 346.0 0.9 14 174.7 54.7 277.8 372.9 0.8 14 265.3 77.6 346.2 264.9 0.5 14 175.7 53.1 323.0 374.0 1.0 14 49.3 142.8 186.2 374.2 0.8 14 270.8 78.3 348.1 374.5 1.0 14 192.2 165.2 293.8 374.8 1.0 14 293.4 106.4 451.5 374.9 0.5 14 273.0 76.0 349.5 205.2
004979,0.9 11 174.8 114.5 302.1 275.8 0.9 11 232.2 115.9 302.4 275.0
004980,0.8 9 360.4 196.4 392.0 228.9 0.8 9 459.2 197.1 497.0 224.2 0.9 9 89.8 198.9 135.3 230.7 0.9 9 21.9 198.0 75.8 237.0 0.8 9 309.3 192.5 340.0 215.2 0.9 9 377.7 206.8 468.8 254.3
004981,1.0 6 7.8 57.5 431.2 301.8
004988,1.0 0 2.2 11.1 499.2 304.3
004989,0.6 6 27.4 252.0 45.5 265.2 0.9 5 60.3 187.7 435.0 302.6
004993,0.8 11 66.9 100.0 400.9 281.0
004996,1.0 6 47.9 91.6 484.2 341.7
005000,1.0 1 62.0 160.8 359.4 374.4 0.9 4 215.3 258.2 240.3 303.0
005002,0.6 14 2.2 91.3 153.3 395.5 0.6 14 1.3 1.4 196.2 324.9 0.8 14 1.5 2.4 195.3 430.9 0.9 14 1.5 2.6 149.3 429.7 1.0 4 151.3 64.6 265.3 497.3
005005,1.0 6 64.5 188.2 456.2 312.3 1.0 14 311.7 195.2 341.6 228.6
005008,1.0 0 68.1 109.5 390.8 219.3
005009,1.0 14 420.0 8.6 499.8 256.5 0.7 4 313.8 164.4 368.1 267.0 0.7 4 322.0 165.3 367.4 226.6 0.7 14 415.7 44.6 452.1 142.4 0.9 4 266.6 1.5 351.0 269.4 0.8 4 356.6 26.6 422.9 215.3 0.9 4 185.0 182.9 253.5 295.1 1.0 4 84.0 12.9 157.5 281.3 0.6 10 17.2 285.7 469.6 374.1 0.8 4 254.7 1.7 351.0 328.5
005010,0.6 17 1.3 22.2 412.6 380.1 0.9 7 55.0 141.0 353.2 300.3
005011,0.0 0 0.0 0.0 10.0 10.0
005012,0.5 11 71.4 282.4 150.0 478.4 0.7 4 330.2 160.8 347.9 221.4 0.8 11 0.5 282.3 149.5 501.0 0.5 11 1.1 337.2 124.0 499.9 0.8 11 126.6 356.8 203.1 500.7 1.0 14 189.2 3.9 330.5 495.6
005013,1.0 18 63.7 77.0 466.1 296.4
005015,1.0 2 37.0 152.7 318.3 254.7 0.6 2 6.6 175.5 96.8 194.5
005017,0.8 14 171.8 221.5 188.9 257.1 1.0 14 143.7 223.5 164.7 259.2 1.0 14 114.7 223.1 135.4 258.5 0.7 9 351.1 216.5 383.6 274.3 1.0 14 92.6 202.6 107.0 240.6 0.9 14 167.3 223.2 186.0 257.7 1.0 14 185.7 223.4 208.0 262.4 0.8 14 207.1 211.0 217.9 242.2
005019,1.0 14 3.4 124.0 151.5 340.3 1.0 14 133.7 1.9 430.3 340.5
005021,1.0 6 41.2 103.8 479.5 253.7
005022,1.0 3 210.4 104.8 273.3 140.1
005025,1.0 8 18.9 135.7 160.4 363.7 0.6 14 208.6 39.7 268.8 136.3 0.6 14 194.5 57.3 289.1 373.5 1.0 14 380.5 73.4 500.5 223.3 0.7 14 193.5 61.6 271.9 167.8 0.5 14 206.9 56.5 416.7 231.7 1.0 14 92.0 71.8 286.1 374.3 0.7 14 89.7 53.1 285.2 374.3 0.9 14 379.3 73.6 481.3 181.9 0.9 14 15.4 45.8 203.7 202.5 0.6 14 16.2 46.8 284.7 374.4 0.8 15 437.5 3.4 498.8 126.2 0.8 14 272.4 104.7 498.8 224.1 0.8 10 271.3 217.2 500.5 374.7 1.0 14 266.4 105.3 412.9 233.1
005030,0.9 6 0.8 86.1 38.3 185.8 1.0 6 26.5 55.8 477.4 290.4
005031,1.0 1 323.9 174.2 424.3 274.9 1.0 1 42.8 139.4 200.0 286.6 1.0 14 49.3 39.0 172.9 250.0 1.0 14 314.0 100.5 407.0 270.9
005034,0.7 0 339.3 130.9 456.8 227.1
005035,0.5 6 25.4 8.6 67.4 36.3 1.0 14 281.3 1.3 306.2 47.4 0.6 14 277.2 1.4 304.5 87.6 0.7 14 471.2 7.5 496.3 74.7 0.9 6 429.2 14.9 492.0 71.3 0.9 6 0.9 26.6 56.0 101.7 1.0 14 242.6 2.0 266.1 39.9 1.0 6 32.5 31.3 488.2 291.6 1.0 14 394.8 0.9 426.0 102.0 0.9 14 162.7 1.4 181.9 38.2 0.9 14 266.2 2.2 286.4 42.1 0.6 14 267.8 2.6 292.4 86.8
005038,0.7 14 0.0 160.3 249.0 376.1 1.0 7 113.6 134.2 411.3 290.1
005040,0.9 14 65.3 49.3 358.4 374.6 0.8 14 63.9 49.2 410.7 374.8 0.8 14 247.9 53.7 421.3 356.8 1.0 14 248.9 53.1 495.0 374.5
005041,0.9 13 36.3 199.4 265.3 374.7 0.8 14 195.1 153.7 276.2 309.0 0.7 6 365.6 154.7 500.2 375.8 0.7 13 325.0 177.7 414.2 276.0 0.9 6 440.9 167.1 498.5 222.9 0.9 13 323.2 195.2 374.7 275.4 0.8 14 197.1 154.4 276.1 304.4 1.0 14 74.3 129.9 241.0 374.8 1.0 14 321.6 161.4 374.9 260.3 1.0 14 375.4 159.0 437.2 220.8
005043,0.9 0 308.6 201.4 426.4 228.8
005044,0.6 8 284.3 112.9 311.5 194.3 0.7 8 409.6 116.6 456.3 220.9 0.6 8 358.5 115.0 422.2 214.9 0.9 8 2.1 109.7 36.8 182.3 1.0 8 1.9 106.6 111.8 330.3 1.0 8 58.9 104.8 259.0 331.2 1.0 8 291.2 110.1 433.5 330.1
005046,0.7 14 69.0 159.3 138.5 247.1 0.8 14 68.5 158.6 140.9 288.7 1.0 5 32.3 96.2 500.7 317.8
005048,1.0 1 140.7 6.0 362.3 340.0
005049,0.9 14 0.8 52.7 86.7 321.5 1.0 14 390.0 249.1 499.7 375.3 1.0 14 206.8 55.9 347.9 197.9 1.0 14 2.3 146.4 248.7 374.9 1.0 10 172.9 180.9 498.6 375.2 1.0 14 387.7 84.5 498.5 247.5
005050,0.9 17 1.9 1.9 498.7 373.9 0.9 11 162.1 40.0 449.6 341.7
005051,0.6 11 0.7 2.4 328.8 411.3 0.9 11 1.4 2.8 499.7 411.5 0.6 11 112.2 157.5 500.7 412.1
005053,0.9 12 159.2 123.8 221.3 202.9 0.7 12 22.9 142.5 76.7 200.3 0.8 12 261.5 122.1 333.0 204.7
005059,1.0 19 91.0 88.1 235.4 212.5
005060,1.0 14 175.2 153.1 272.9 328.9 1.0 14 367.5 141.7 497.6 374.3 0.6 14 45.9 43.3 179.4 320.0 1.0 14 318.3 156.8 404.2 374.2 1.0 14 302.9 158.9 360.1 255.8 1.0 14 127.8 118.8 208.5 326.4 0.6 14 346.7 157.0 402.6 263.5 0.6 14 201.3 151.4 322.3 331.2 1.0 14 49.8 43.5 181.6 179.7 1.0 14 46.5 122.2 156.9 329.2 0.7 14 170.9 174.8 382.7 371.3 0.9 10 2.4 301.2 278.2 375.3 0.8 14 177.3 151.8 318.9 338.8 0.8 14 332.4 156.0 403.6 288.1 0.9 14 227.8 200.3 380.9 374.3
005066,0.7 5 444.7 109.6 500.3 324.5 0.6 5 455.8 109.3 500.3 321.8 1.0 5 85.2 58.1 401.0 349.4
005069,0.9 18 0.4 41.0 335.1 245.2 0.8 18 0.7 1.3 336.8 243.9 1.0 14 148.7 222.9 244.1 393.7
005070,1.0 18 31.6 128.9 401.5 304.1
005074,0.7 6 384.6 208.5 431.2 234.6 0.9 6 423.3 204.1 470.9 232.6 1.0 6 20.9 192.2 70.9 224.0 0.5 6 105.3 201.7 140.3 228.0 0.8 6 88.9 190.3 137.5 210.4 0.7 3 35.4 150.7 388.6 294.2 0.5 6 71.0 191.5 108.6 225.0
005075,0.0 0 0.0 0.0 10.0 10.0
005076,0.7 0 10.5 92.3 272.6 265.0 0.8 0 3.5 2.2 500.8 270.3 0.6 0 12.7 96.4 240.4 263.5
005080,0.9 9 78.1 44.7 423.8 305.1
005082,0.9 17 134.4 172.0 275.8 248.3 0.9 17 0.4 173.3 108.6 284.9 1.0 17 305.7 183.1 479.5 340.2
005083,1.0 6 12.9 85.2 490.5 284.2
005087,0.8 14 462.8 1.0 499.7 38.1 0.6 13 420.8 1.4 472.5 32.4 0.9 14 175.3 1.4 202.6 54.9 0.9 14 203.0 1.2 234.3 57.1 0.7 6 98.0 1.1 181.5 46.8 1.0 14 181.0 35.3 338.9 230.5 1.0 13 181.8 123.0 359.4 290.2
005088,1.0 15 131.4 197.9 206.3 309.3 1.0 14 89.5 153.7 152.1 208.8 1.0 14 155.4 152.4 248.5 282.7 1.0 15 53.2 195.6 136.8 299.4 1.0 14 24.2 142.5 99.5 265.1 0.9 17 2.9 172.8 288.0 373.8 1.0 14 311.5 160.5 402.4 339.1 0.7 17 369.3 180.6 487.8 373.9 1.0 14 279.5 129.9 357.2 328.7 1.0 14 327.0 131.5 498.0 374.1
005089,1.0 7 40.9 61.5 254.6 227.7
005091,1.0 6 72.5 66.5 199.8 151.7 1.0 6 215.5 92.9 438.8 171.7 0.9 6 209.5 137.4 430.8 252.9
005092,0.8 15 429.5 10.5 499.3 120.9 0.5 15 233.1 75.8 298.8 148.9 1.0 11 101.0 90.3 315.5 216.7 0.9 15 374.8 60.1 445.2 153.9 1.0 15 250.5 2.2 389.7 161.1 1.0 15 362.3 2.1 448.6 154.0
005095,1.0 14 384.8 251.3 403.3 294.1 0.9 14 59.5 258.9 73.7 287.0 0.6 18 330.0 200.0 500.4 291.3
005096,1.0 4 4.5 1.1 152.9 276.6
005098,0.6 3 74.2 59.8 210.0 103.8 0.9 14 345.8 159.3 369.6 178.5 0.7 14 329.2 158.4 347.8 178.4 0.9 3 1.2 81.8 67.4 118.7 0.8 3 40.4 105.3 375.8 220.4 1.0 1 11.7 227.4 375.1 500.8 0.9 14 292.5 158.8 312.9 181.7
005099,1.0 6 2.0 208.9 322.3 473.8
005100,0.6 14 64.9 86.3 321.7 375.0 1.0 14 45.3 86.1 172.2 374.6 0.7 14 1.7 86.9 163.7 375.0 0.5 14 84.0 82.5 465.8 375.0 0.8 17 5.0 140.8 468.6 372.9 1.0 14 175.0 80.5 464.5 374.8
005103,1.0 14 313.4 113.1 375.3 362.0 1.0 14 123.2 41.9 285.5 461.5
005105,1.0 14 445.6 132.9 481.1 167.0 1.0 14 88.6 109.4 122.8 185.9 0.9 14 63.9 105.2 92.7 139.1 1.0 6 0.9 113.0 103.8 214.0 1.0 6 6.7 124.0 492.3 353.9 1.0 14 417.0 131.1 438.7 151.6 0.6 14 391.5 113.6 408.8 136.1
005106,0.9 0 178.9 198.2 288.3 242.4 1.0 0 354.3 219.0 419.8 238.6 0.9 0 176.8 213.9 217.2 241.5 0.9 0 303.6 229.3 329.9 243.8
005109,0.9 7 0.9 2.0 462.9 349.3
005112,0.6 3 382.2 146.4 429.4 159.7 0.6 3 373.3 170.3 430.4 190.2 0.5 3 299.2 176.4 430.3 204.1 0.8 3 300.4 154.4 393.5 203.5 0.6 3 300.0 180.1 394.1 204.8 0.9 3 101.8 169.1 168.7 191.8 0.9 3 145.2 260.7 254.6 295.0 1.0 3 32.0 163.0 83.7 185.0 0.9 3 298.2 153.4 420.5 203.7 0.7 3 372.4 160.9 429.8 191.2 0.6 3 227.3 328.6 401.4 374.5
005113,0.7 2 133.0 168.1 202.5 270.7 1.0 2 219.4 134.6 319.4 226.3
005115,0.7 1 -0.4 19.7 190.3 375.5 0.9 2 125.1 47.8 384.1 373.8
005117,1.0 14 2.3 3.0 373.7 499.4 0.5 11 24.6 253.0 271.3 406.2 0.6 11 144.4 254.1 267.8 407.7
005118,1.0 7 1.3 137.4 266.4 372.2 0.8 14 5.1 6.9 488.8 373.9 1.0 14 236.3 5.9 493.4 373.6
005119,0.8 1 126.9 152.9 459.7 375.2 1.0 14 224.7 18.0 402.6 372.8
005120,0.9 11 1.4 411.4 190.8 500.3 1.0 14 95.1 1.5 233.6 251.5 1.0 14 37.2 68.7 198.6 306.1 1.0 13 15.7 142.4 332.9 483.6
005123,1.0 18 1.8 89.4 498.5 190.6
005125,1.0 14 433.6 127.7 476.9 189.3 0.6 14 392.0 119.9 410.5 136.2 0.9 14 0.8 192.4 15.6 257.6 0.9 6 61.1 49.3 477.7 342.2
005126,1.0 6 71.0 130.0 262.5 226.7
005127,0.9 11 194.4 81.5 316.6 301.3
005132,1.0 12 84.6 80.6 352.1 290.2 1.0 14 336.8 73.4 394.7 268.9
005133,1.0 13 220.8 115.5 441.8 265.6 0.7 13 220.8 134.6 442.4 265.4 1.0 14 294.8 92.0 419.6 254.6
005137,0.8 16 160.7 33.4 205.1 63.6 0.7 16 290.7 37.2 309.0 60.6
005139,0.6 2 274.2 71.2 299.6 94.0 0.6 2 275.7 70.7 300.3 91.6 0.7 2 266.0 92.2 290.8 112.2 1.0 14 361.0 109.7 414.7 248.6
005140,1.0 14 355.0 1.2 449.8 131.4 1.0 14 0.6 1.7 115.6 332.1 1.0 10 140.8 124.1 497.1 333.9
005141,1.0 14 237.8 185.6 261.1 239.7 1.0 14 258.8 184.3 281.4 238.9 0.9 9 1.8 169.0 178.9 332.9
005142,1.0 6 23.2 64.3 453.1 320.3
005147,0.8 16 488.3 119.3 500.3 180.5 0.9 16 1.1 132.9 51.6 186.7 0.9 16 203.8 124.6 261.8 169.6 0.9 16 101.8 131.3 182.3 195.5 0.9 16 211.4 123.9 304.4 209.9 0.9 16 377.7 73.9 429.6 108.3
005148,0.7 14 398.2 150.4 499.1 375.5 0.7 14 14.7 90.9 141.2 280.2 1.0 14 343.8 160.1 399.3 243.9 0.6 14 398.7 148.9 457.8 254.6 0.6 14 384.9 147.7 456.4 287.0 1.0 14 2.7 108.9 250.8 375.9 0.8 14 3.1 91.4 149.6 374.5 0.8 14 129.3 117.9 166.2 193.4 0.5 14 5.7 94.7 431.9 374.1 1.0 14 223.0 89.5 436.1 374.6
005149,0.7 7 162.6 2.1 498.1 333.1 0.7 7 173.3 132.7 500.0 333.6
005151,0.9 14 383.5 88.7 500.0 335.7 0.8 17 112.7 170.0 499.2 336.4 1.0 14 140.8 90.9 269.9 283.7 0.9 14 1.2 95.7 135.9 297.8 0.7 10 2.8 235.0 499.9 375.0 1.0 14 319.1 86.6 500.4 334.6
005152,1.0 14 1.6 29.2 375.8 374.9 1.0 11 113.3 16.9 499.1 374.7
005154,1.0 18 5.2 95.8 360.4 254.7
005155,0.9 7 0.7 2.4 423.0 374.9
005157,1.0 6 98.6 201.7 289.6 273.2 0.7 6 9.7 162.1 63.6 205.8
005158,1.0 6 19.6 90.0 469.6 305.9
005162,0.9 3 1.5 274.8 135.0 494.2
005163,0.6 6 1.1 0.6 70.5 95.5 0.7 13 259.4 142.6 298.3 215.0 0.9 14 130.9 226.8 422.1 332.6 1.0 14 247.4 109.5 294.2 189.7 0.8 14 206.0 228.3 275.0 273.6
005164,0.9 16 166.0 86.5 224.4 128.7 0.9 16 79.2 55.0 170.6 111.6 0.9 16 270.3 158.3 381.8 256.7
005165,1.0 7 65.4 69.7 474.8 334.2
005166,0.6 13 1.2 71.1 61.4 168.0 0.9 13 1.3 64.3 97.0 168.7 1.0 6 45.5 60.4 394.4 281.5
005167,0.8 3 177.2 170.4 281.6 374.5
005170,1.0 14 213.4 152.1 278.4 306.6 1.0 14 135.8 162.1 179.5 306.3 0.6 14 383.6 209.0 422.6 267.2 0.8 14 377.2 209.6 424.5 308.7 1.0 14 67.4 163.7 119.2 307.6 1.0 14 321.0 149.2 369.9 304.9 1.0 14 296.3 161.2 327.2 275.5
005172,0.7 18 37.7 56.0 489.1 330.0
005174,0.8 8 40.6 101.4 117.4 203.7 0.9 8 350.9 186.8 498.0 375.0 0.6 8 404.6 187.2 497.8 375.0 0.9 8 356.0 86.8 432.6 145.6 0.6 15 130.7 111.4 195.6 163.5 0.8 15 88.9 15.9 230.2 162.3 1.0 10 1.9 123.3 480.1 374.3 0.6 10 1.9 120.9 480.2 371.9
005178,1.0 19 106.2 56.0 408.1 359.3
005180,1.0 15 124.2 299.8 178.6 406.0 0.6 15 66.9 321.5 110.9 403.2 0.9 8 1.3 320.2 66.7 416.4 1.0 15 90.7 251.8 133.9 401.5 1.0 15 38.4 258.8 85.9 321.5 0.5 15 1.2 226.3 49.1 316.9 0.7 8 21.8 323.6 66.9 413.8 0.7 15 66.3 261.2 93.0 320.1 0.6 8 237.8 381.2 375.1 500.5 0.9 8 169.7 367.4 374.5 500.3 0.5 15 27.3 256.3 60.1 312.7
005182,1.0 14 202.6 25.0 262.4 204.9 1.0 12 148.5 84.0 382.9 264.0
005184,1.0 14 256.7 177.0 339.0 352.5 0.6 8 318.2 228.5 393.0 331.9 0.8 14 292.0 121.7 357.4 274.3 1.0 14 476.3 152.2 500.3 292.5 0.6 8 179.3 307.1 328.3 375.3 1.0 14 186.3 177.0 323.2 374.5 0.7 8 180.6 301.3 296.4 375.3 0.8 8 312.5 227.3 362.5 334.5 1.0 14 292.3 121.9 355.7 231.7 0.9 15 349.6 171.1 418.3 269.7
005187,1.0 14 27.1 113.5 236.8 499.7 1.0 19 52.5 99.7 294.8 288.9
005188,1.0 13 5.7 11.9 496.6 358.6
005192,0.6 6 275.2 71.4 501.1 147.3 0.9 6 274.2 43.8 500.6 148.7 0.5 6 -0.3 16.0 265.9 234.2 0.7 14 59.2 42.3 78.4 100.2 0.9 6 0.5 39.1 120.4 234.2 1.0 6 49.0 106.7 483.0 309.1
005193,0.9 8 59.3 3.8 275.9 200.0 1.0 11 129.1 141.6 498.4 365.7
005194,0.8 11 1.4 20.9 319.7 499.8 0.9 11 53.6 18.7 438.8 498.8 0.5 11 52.6 20.3 322.0 499.9
005196,0.6 7 12.8 184.5 166.1 296.2 0.9 15 189.3 5.4 307.1 108.1 1.0 14 121.3 28.2 271.5 315.4 0.7 7 13.2 184.2 162.1 296.7 0.6 14 27.2 30.0 279.2 374.7 0.8 7 13.4 184.0 207.2 298.2 0.9 17 1.8 97.2 499.5 374.4 0.9 14 230.6 43.9 497.3 374.9 1.0 14 262.8 44.3 498.5 374.6
005197,0.9 14 207.0 68.5 287.0 190.4 1.0 13 8.8 135.9 306.3 305.1 1.0 14 110.0 98.5 231.3 246.7
005198,0.9 12 280.7 72.8 391.0 231.3
005200,1.0 7 103.1 16.3 441.3 136.8
005201,0.9 7 4.8 46.3 471.5 328.5 0.9 7 198.0 44.8 468.1 329.2
005204,1.0 6 427.2 143.7 500.7 218.3 1.0 6 143.3 133.6 366.9 215.0
005205,0.9 14 154.8 66.7 224.0 247.5 1.0 14 192.2 196.5 285.2 350.0 1.0 14 379.4 48.1 459.6 343.3 1.0 14 282.5 186.7 360.0 351.5 1.0 14 111.3 72.8 161.8 236.8 0.8 14 379.4 48.7 459.7 204.0 0.5 14 271.8 54.2 350.4 254.0 0.7 14 205.2 100.8 278.4 352.0 0.8 14 208.6 101.7 277.2 235.0 1.0 14 96.2 193.0 191.6 354.6 1.0 14 43.8 83.6 120.6 331.6 1.0 14 348.5 97.9 424.6 354.2 1.0 14 270.8 54.1 352.2 354.6
005206,1.0 14 208.3 145.3 256.0 295.4
005207,0.5 2 53.3 132.9 259.1 358.1 0.9 2 53.4 107.8 385.4 361.5 0.9 2 53.2 107.3 385.5 416.0 0.8 2 186.2 105.9 386.1 383.6
005211,1.0 1 40.8 20.9 465.5 311.1
005213,0.7 3 168.8 97.6 459.2 145.2 0.6 3 14.3 54.6 467.1 357.5
005216,1.0 4 199.9 48.5 310.1 350.2
005218,1.0 14 110.7 93.6 256.9 359.8 0.5 17 138.6 66.8 404.2 284.0 0.7 17 136.3 67.2 404.3 296.7
005221,1.0 17 13.0 93.4 488.2 373.7
005225,0.8 11 2.5 162.9 311.7 353.5 0.7 14 1.8 2.1 447.4 354.0 0.6 14 1.8 28.0 259.6 355.3 1.0 11 157.5 197.9 312.2 353.0 0.9 14 209.3 73.5 445.0 352.7
005226,0.5 14 194.4 104.3 277.1 289.1 0.6 14 342.6 132.0 377.0 171.1 1.0 4 357.4 193.8 399.1 304.0 0.9 4 357.5 195.8 400.9 362.5 0.9 14 192.9 105.5 278.5 238.7 1.0 14 84.9 27.5 168.9 226.9 1.0 14 38.1 91.9 166.0 348.4 0.6 14 37.6 93.0 158.2 230.2 0.6 14 2.5 92.5 173.7 373.6 1.0 10 114.4 207.2 497.5 375.1 0.9 14 262.1 141.4 450.1 316.6 0.6 10 125.7 283.7 498.5 375.0 1.0 4 336.2 212.8 362.0 305.4 0.7 10 127.0 287.3 344.3 374.2 1.0 14 261.4 140.7 451.8 354.0
005227,0.5 13 2.7 1.7 339.4 333.0 1.0 14 68.1 9.6 344.0 290.7
005228,1.0 7 33.4 81.9 195.8 199.7 1.0 7 299.1 96.1 499.8 218.7
005232,1.0 1 234.0 141.5 466.3 291.6 1.0 14 286.1 92.8 410.0 273.2
005233,1.0 14 173.5 105.7 222.5 163.6 1.0 14 352.5 120.7 498.4 373.4 0.9 8 255.2 307.5 460.2 375.1 1.0 4 283.9 208.3 305.1 282.3 0.5 8 0.9 169.2 118.5 374.9 0.6 14 404.1 122.0 498.3 373.0 0.9 4 206.5 159.0 223.7 209.8 0.9 14 354.3 121.6 498.4 335.2 1.0 14 114.3 103.1 174.0 196.0 0.9 14 12.8 132.3 149.1 238.4 0.6 14 12.0 133.1 105.0 228.6 1.0 14 1.6 157.5 126.2 374.3 1.0 10 93.1 188.0 379.6 374.5 0.9 10 100.1 189.1 376.1 333.0 1.0 14 320.7 142.9 408.0 240.2 0.6 14 320.0 142.7 408.0 304.0 0.5 14 265.7 113.0 303.6 212.8
005234,0.7 0 65.2 101.4 500.6 292.3
005235,0.9 19 114.7 176.7 285.6 364.0
005237,0.7 17 20.2 8.4 485.8 242.1 0.5 17 269.7 18.3 489.1 241.9 1.0 14 171.3 4.4 318.0 198.5 0.9 10 68.5 194.2 464.5 311.1
005238,1.0 0 13.8 122.3 244.6 225.5 1.0 0 12.8 122.3 487.4 235.1 0.9 0 170.8 138.8 484.0 235.7
005240,0.9 14 160.0 149.3 191.7 186.1 0.9 18 78.7 80.6 481.8 347.9
005241,0.5 16 104.3 62.3 379.3 355.2
005243,0.7 0 129.6 60.3 451.8 213.0
005247,1.0 2 128.0 122.7 418.4 305.9
005249,0.9 0 0.3 32.0 339.4 433.6 0.7 0 0.5 107.2 337.7 433.7
005250,0.9 15 0.7 0.4 40.7 126.8 0.9 15 195.7 22.3 497.9 364.8
005251,0.7 18 1.6 0.8 499.8 257.3 1.0 14 154.3 121.6 250.2 332.7 1.0 14 265.3 119.9 359.9 331.7
005252,0.9 14 2.0 130.3 140.9 461.5 1.0 14 74.3 26.3 290.7 321.5 0.9 10 99.2 203.3 332.8 498.2
005255,1.0 19 0.7 117.3 112.9 246.6 0.5 14 348.8 249.2 500.1 333.0 0.7 7 200.0 241.0 249.6 292.3 1.0 14 66.3 160.7 105.2 219.2 1.0 14 21.6 152.1 74.8 222.8 0.6 15 216.1 96.6 301.6 251.4 0.5 14 273.1 249.3 499.4 333.3 0.5 14 275.8 242.6 500.1 332.9 0.7 10 186.0 261.1 355.9 333.1
005256,1.0 18 26.7 12.8 468.0 331.2 0.5 18 30.9 63.7 465.4 332.6
005261,1.0 14 177.7 190.0 340.9 374.6 1.0 14 89.2 165.7 185.0 263.6 1.0 14 1.3 147.1 137.5 374.4 1.0 14 206.9 60.3 343.2 258.8 1.0 14 327.0 182.1 500.1 374.8
005265,0.5 6 16.9 64.4 499.9 294.0
005266,0.9 8 45.7 200.3 226.5 374.1 0.9 19 178.5 158.4 233.6 211.1
005271,1.0 5 69.0 74.2 374.0 293.1
005272,1.0 14 114.0 180.4 155.8 210.0 0.8 3 368.8 178.5 462.0 201.6 0.6 3 348.9 24.2 498.5 203.3 0.8 3 343.1 21.5 461.0 182.0 0.7 3 98.0 203.1 227.9 230.3 1.0 3 73.3 1.0 231.4 226.4 0.9 3 341.6 22.1 461.8 202.1 0.8 3 230.6 3.1 461.0 196.0 0.7 3 346.0 21.9 461.7 201.1
005275,1.0 6 38.2 129.9 475.9 325.3
005276,0.8 1 64.3 177.7 106.2 311.9 1.0 1 7.7 196.6 75.0 338.5 0.6 1 326.4 315.1 479.6 374.4 0.7 14 466.7 276.6 480.2 312.0 1.0 14 85.5 131.6 146.4 326.8 1.0 14 122.3 114.2 192.1 320.9 0.5 1 56.5 178.4 104.2 315.0 1.0 14 1.8 109.0 86.5 323.3 1.0 14 161.8 104.2 289.8 374.4 1.0 1 168.0 212.2 327.5 374.9
005277,0.9 11 203.3 107.7 306.3 234.1
005279,0.8 2 29.2 33.1 310.5 295.6
005280,1.0 18 183.3 113.3 409.7 208.7
005282,0.5 2 24.5 39.8 356.3 218.9 1.0 2 15.9 40.7 359.9 293.5 0.9 2 11.7 39.5 489.8 302.0
005284,0.8 15 132.5 50.7 321.4 373.5 0.7 15 143.9 269.6 336.0 373.5 0.6 15 23.0 75.1 169.3 362.2 0.9 15 18.4 70.0 163.8 361.5 0.8 15 14.2 73.4 166.2 361.6 0.7 15 25.0 108.6 167.1 363.4 0.9 15 277.3 2.3 455.5 354.1 0.9 15 142.8 193.2 336.6 374.1 0.9 15 276.9 2.2 496.9 355.5
005286,1.0 14 96.6 63.9 435.1 364.4
005287,0.7 14 53.8 151.6 77.2 189.5 0.5 14 396.5 123.1 427.1 197.1 1.0 14 139.1 121.8 164.5 166.9 0.5 14 78.5 118.8 106.8 179.4 1.0 14 295.5 92.5 347.1 155.6 1.0 6 128.6 119.4 381.7 328.8 0.8 14 372.0 126.0 395.9 191.7
005289,0.8 2 102.4 150.6 184.2 266.8 0.9 2 101.6 150.5 182.6 305.6 0.9 2 359.9 143.9 434.8 336.5
005291,0.9 14 435.0 50.2 468.1 131.7 0.6 1 405.6 202.2 496.5 310.2 0.7 14 462.9 44.5 499.0 127.9 1.0 14 30.0 13.0 485.4 374.0 0.5 14 422.5 49.6 487.6 195.0 0.6 14 376.2 47.3 415.6 134.8
005294,0.0 0 0.0 0.0 10.0 10.0
005295,0.5 8 197.6 246.4 278.5 356.0 1.0 8 296.6 200.7 372.3 324.2 0.7 10 96.7 196.0 235.1 354.9 1.0 14 19.3 167.5 159.9 374.6 1.0 8 193.4 205.0 282.6 355.3
005296,1.0 14 326.2 218.1 360.2 280.0 0.9 6 164.1 267.9 499.0 373.5
005299,1.0 14 242.7 1.1 296.1 72.4 0.9 12 2.5 44.3 290.8 316.8 0.7 12 1.6 1.8 291.7 317.1 1.0 14 1.4 1.2 61.9 78.3 0.8 14 163.3 1.1 209.1 46.0 0.8 12 223.7 18.7 460.5 317.3 0.9 12 222.2 18.6 471.6 317.2
005300,0.9 7 222.9 38.6 346.1 250.8
005301,1.0 1 245.4 225.4 330.9 420.8 1.0 1 55.5 220.3 226.9 454.4 0.5 14 242.3 95.6 331.4 283.7 1.0 14 53.8 48.9 232.3 418.4 1.0 14 239.6 96.4 331.2 356.9
005302,0.8 8 161.6 190.8 195.2 237.9 0.5 8 242.3 186.6 284.9 224.4 0.6 8 159.2 191.7 189.2 237.6 0.6 8 139.2 192.5 173.4 238.0 0.9 10 117.8 188.7 205.0 239.5 0.8 8 128.3 191.3 161.6 238.0 1.0 8 90.3 187.9 125.2 237.8 1.0 8 184.7 191.5 216.7 237.9
005308,0.8 14 31.3 86.5 172.4 252.2 0.9 11 249.8 133.2 338.7 304.4 1.0 14 146.7 125.1 249.7 305.0 0.9 14 167.7 37.9 337.2 308.6 1.0 14 30.6 86.8 169.6 299.5 0.9 14 331.1 155.1 469.0 308.5
005309,0.9 7 1.2 10.7 427.8 322.4 0.8 7 1.7 9.1 497.1 323.6 0.7 7 243.8 11.6 495.2 321.6
005313,0.9 4 148.2 135.5 166.5 185.5 0.8 19 385.9 85.1 495.4 180.0 1.0 19 297.9 77.5 382.9 160.2 1.0 8 0.9 124.2 96.7 333.7 0.9 19 98.9 120.9 139.0 160.9
005316,0.7 13 113.5 143.4 342.3 294.7 1.0 14 99.1 93.6 127.0 227.0 0.8 13 335.0 182.1 436.2 246.5 1.0 14 59.4 96.9 106.5 250.8 1.0 13 112.5 132.7 345.0 294.4 0.6 13 107.5 202.9 499.0 373.6
005317,0.8 7 19.9 43.2 499.4 374.9
005321,0.8 14 2.0 1.7 329.9 331.5 0.9 14 3.2 1.8 462.2 332.5
005322,0.8 14 5.8 0.7 141.2 213.1 1.0 14 1.7 6.9 271.5 497.3
005323,0.9 4 181.5 84.9 202.2 126.2 0.6 17 236.9 38.7 499.5 371.8 0.7 4 138.7 91.3 191.6 259.8 0.7 4 178.7 78.7 199.4 123.1 0.5 4 141.0 140.0 184.2 335.6 0.9 14 174.7 1.1 273.8 100.0 0.9 4 163.0 92.2 187.1 143.5 0.8 4 178.8 74.5 251.6 321.0 0.9 4 146.2 248.5 183.7 336.1 1.0 14 1.0 3.4 156.9 257.6 0.7 4 162.8 75.9 187.8 133.5 0.6 14 174.2 2.0 498.6 374.2 0.7 4 172.3 72.8 195.8 110.7 0.8 4 161.4 90.5 192.4 244.2 0.5 14 117.6 0.3 272.3 100.4 0.8 14 173.5 1.9 498.7 373.9 0.9 4 179.2 86.4 253.0 326.0 0.8 14 198.3 19.5 498.7 374.2
005324,0.9 16 76.9 177.0 231.3 305.3 0.9 16 346.0 194.5 464.8 362.5
005329,0.5 3 2.9 261.0 150.5 291.3 0.7 3 176.7 247.0 259.6 265.1 0.8 3 2.5 248.9 153.5 289.2 0.7 3 279.6 238.8 348.5 261.4 0.7 3 141.9 169.7 183.2 250.5 1.0 3 175.6 125.6 259.7 265.1 0.8 3 276.9 182.9 348.7 263.4
005330,1.0 18 2.6 140.3 375.9 242.1
005332,0.9 13 334.9 144.0 372.9 187.3 1.0 14 337.5 126.1 369.6 184.7 0.9 1 226.1 151.8 261.7 191.9
005333,1.0 14 142.4 210.4 189.6 334.0 1.0 6 0.6 197.0 150.7 383.0
005334,0.5 12 41.1 126.5 311.6 500.7 0.6 14 188.0 294.4 311.0 499.7 0.7 12 7.4 128.0 309.5 500.5
005335,0.9 9 207.8 208.8 271.0 279.2 0.8 9 45.8 205.8 80.1 257.8 0.9 9 292.3 209.0 460.5 321.9
005339,0.6 9 125.1 21.6 224.3 71.5 0.9 9 393.8 62.5 491.0 241.7 0.9 9 2.0 31.0 162.3 320.4 0.9 9 175.9 33.2 402.8 386.8 0.7 9 149.7 68.3 212.7 239.5 0.7 9 393.3 51.6 495.5 241.1
005341,0.9 14 337.1 104.5 499.2 314.7 0.5 14 334.8 103.6 437.8 314.9 0.8 14 257.9 104.6 422.4 316.0 0.9 14 257.7 104.0 497.6 315.3
005342,0.7 14 232.5 26.6 387.6 148.0 0.9 12 137.7 148.6 243.6 305.1 0.6 12 51.3 147.4 168.2 288.1 1.0 14 230.9 25.8 413.3 213.0 0.9 12 228.3 111.8 451.2 311.7 0.9 12 230.2 112.1 487.4 311.6
005347,0.8 14 350.4 155.3 383.5 194.0 0.7 14 347.3 154.5 384.6 210.2 1.0 14 319.9 136.9 355.2 206.5 1.0 14 52.8 73.9 178.5 312.7 0.7 14 1.6 74.3 178.5 313.4 0.9 14 347.3 155.1 391.6 249.9 1.0 13 280.4 182.2 449.5 312.1
005353,0.6 17 259.3 95.4 500.9 299.0 0.8 17 2.0 99.4 500.8 302.5
005354,1.0 14 368.3 114.6 439.6 264.8 0.5 13 100.7 135.0 224.5 332.0 1.0 14 0.9 90.5 35.7 197.3 0.6 13 1.5 144.9 225.3 375.4 0.8 13 2.7 98.5 228.4 374.7 1.0 13 227.3 114.7 327.4 229.7
005356,0.9 7 79.7 188.2 248.2 375.1 0.9 14 1.7 2.5 412.0 374.5 0.7 14 3.3 2.5 496.9 374.1 0.6 14 162.6 2.2 497.6 374.4
005357,1.0 6 1.7 207.4 414.1 374.6 0.7 6 1.5 141.3 410.6 375.1 1.0 14 300.2 133.9 345.1 267.6
005359,0.8 14 130.8 150.0 161.9 187.4 0.5 18 0.1 10.3 335.2 417.4 0.5 18 0.9 173.8 334.3 415.1
005361,1.0 11 1.6 96.6 456.8 492.0
005362,1.0 8 181.0 231.9 224.3 293.7 0.7 8 274.0 231.6 314.9 290.9 0.8 10 1.7 312.4 163.0 467.4 0.9 8 84.6 227.8 124.0 283.8 1.0 8 137.8 230.3 177.9 288.0 0.6 8 30.7 233.3 74.1 266.8
005364,1.0 2 93.3 21.3 298.7 484.0
005366,0.6 14 61.8 60.9 322.8 375.1 0.9 14 22.8 1.7 197.2 373.7 1.0 14 62.1 59.3 444.6 374.4 1.0 14 277.2 2.2 496.2 339.1
005372,0.9 6 12.1 135.3 367.4 337.7
005375,0.8 19 380.4 203.9 459.4 267.6 1.0 19 364.3 202.0 457.2 269.4 0.9 14 223.2 162.3 355.2 374.3 0.9 14 226.2 163.4 350.3 306.8
005376,0.0 0 0.0 0.0 10.0 10.0
005377,1.0 14 0.5 25.6 171.7 274.2 1.0 10 0.5 220.7 444.4 374.6 0.9 14 328.3 1.5 410.9 67.6 1.0 14 279.3 46.8 497.2 374.8
005381,0.5 5 23.9 295.4 252.5 500.2
005382,1.0 3 206.6 129.0 234.9 198.9
005386,1.0 14 99.4 1.7 387.6 374.2 0.5 14 170.7 1.7 390.1 374.4
005390,0.9 18 129.5 217.1 400.2 320.4
005392,1.0 14 218.6 151.8 286.4 333.2 1.0 14 279.1 152.0 340.7 332.9 1.0 0 37.2 52.3 498.1 209.6 1.0 14 189.4 67.1 223.7 165.2
005394,0.7 14 237.8 248.4 374.1 499.0 0.8 7 64.5 79.6 360.5 499.6
005399,1.0 14 98.3 130.2 283.6 332.5 0.6 14 252.9 65.8 419.9 332.9 1.0 14 251.8 65.4 499.6 332.2
005400,1.0 11 113.6 79.9 415.2 375.2 0.9 17 1.7 40.8 499.2 375.2
005401,0.9 14 372.1 1.6 435.0 106.4 1.0 6 55.8 73.4 387.8 316.7
005402,0.6 0 54.9 96.0 312.3 237.0 0.5 0 57.3 152.9 212.2 216.3 0.6 0 54.9 95.6 480.6 244.0
005403,1.0 2 127.4 120.0 287.3 195.8
005409,0.9 12 4.9 1.6 291.7 332.9 1.0 14 260.6 77.6 459.5 333.3
005411,0.7 8 288.9 170.5 343.4 360.0 1.0 19 21.8 54.1 137.2 146.2 1.0 14 68.9 4.8 324.8 498.5 0.5 14 164.9 4.7 326.2 499.0
005412,0.6 14 259.3 163.1 283.5 236.0 1.0 14 234.1 237.9 287.1 342.9 0.9 8 328.1 264.5 382.2 349.8 1.0 14 62.6 168.3 118.1 254.3 1.0 14 319.3 221.3 361.0 338.1 1.0 14 432.8 166.5 459.2 222.7 1.0 8 233.8 263.4 282.5 343.8 1.0 14 107.1 197.4 146.5 250.9 0.8 14 415.5 170.1 435.0 238.6 1.0 8 100.9 250.6 189.9 375.0 1.0 14 135.9 183.9 194.5 327.7 1.0 14 0.9 194.5 48.0 271.9 0.5 8 102.2 297.8 195.0 375.0 1.0 14 229.0 164.5 261.1 239.6 0.8 14 137.9 183.2 194.6 359.8 0.6 6 414.0 274.9 499.2 373.4 1.0 14 369.0 158.0 429.9 322.7 0.8 14 317.0 209.0 336.8 255.4 0.8 8 237.2 267.9 332.7 375.1
005415,0.7 11 331.0 232.7 424.5 289.6 1.0 14 205.2 85.6 266.8 239.3 1.0 14 57.0 66.8 134.5 270.7 0.5 11 413.4 229.1 467.5 292.4 1.0 14 358.6 68.3 403.3 228.7
005422,1.0 18 47.2 93.5 335.2 244.0
005425,1.0 14 92.9 92.3 181.5 420.2 1.0 14 162.5 51.6 259.6 437.3
005426,0.8 11 229.8 29.6 328.0 243.7
005427,0.8 3 84.2 131.3 313.9 248.1 0.7 3 80.5 47.8 312.6 247.6 0.5 3 290.9 33.7 393.9 242.1 0.6 3 86.3 117.8 135.1 201.7 0.9 3 78.6 35.3 394.9 246.6 0.6 3 266.1 34.2 397.5 237.8
005428,1.0 4 2.8 3.5 214.3 363.3
005432,1.0 6 23.5 9.2 479.4 361.9
005435,1.0 13 114.3 211.7 373.8 425.1
005437,0.9 15 30.3 62.4 64.9 123.8 1.0 14 4.1 88.5 25.8 121.7 1.0 6 1.6 114.4 497.9 335.1 0.6 14 147.6 141.2 178.0 191.4
005442,1.0 14 130.1 1.2 256.1 138.6 0.8 14 402.5 2.5 499.6 372.8 0.8 14 247.1 106.6 446.1 374.4 0.7 14 401.5 2.3 499.7 321.7 0.9 4 428.9 123.1 467.8 208.4 0.8 14 26.6 2.1 167.7 271.7 1.0 14 21.4 125.3 292.2 375.1 0.7 14 0.6 2.3 66.8 373.7 0.8 14 275.3 1.7 439.3 130.3 0.7 14 21.3 2.3 170.1 373.6 0.8 4 424.1 122.0 470.3 235.7 0.8 4 427.2 122.8 467.9 226.0 0.9 14 268.7 1.4 441.8 183.8 1.0 14 208.1 106.1 446.9 374.7 0.5 14 203.4 106.4 492.0 374.3
005443,1.0 6 12.5 260.0 318.1 482.4
005444,0.9 7 14.4 167.3 187.5 306.3 1.0 7 109.5 86.0 394.5 374.7
005446,0.6 11 288.7 191.5 333.0 430.6 0.6 14 273.2 1.9 332.6 93.9 1.0 11 95.0 0.3 248.3 219.7
005447,1.0 6 254.6 119.0 293.2 146.4 0.8 17 97.0 158.9 309.6 298.1 1.0 14 176.9 119.9 265.4 321.2 0.9 6 363.1 124.5 398.4 155.2 1.0 17 98.9 158.7 421.0 297.0 1.0 14 283.1 126.4 369.9 303.8 0.9 6 382.6 129.3 460.9 165.5 0.9 6 342.3 125.3 368.8 147.2
005449,0.9 14 2.5 31.2 236.8 313.7 1.0 14 2.6 30.2 341.5 313.6
005452,0.6 12 171.2 119.8 351.4 220.3
005456,0.7 12 258.9 90.2 319.3 200.8 0.7 14 260.0 95.8 273.2 131.8 1.0 14 112.1 11.5 181.0 130.0 1.0 12 82.6 27.7 211.6 213.0
005458,1.0 0 154.9 133.4 355.6 190.7 0.9 0 20.6 134.6 472.3 319.5
005459,0.9 14 122.4 207.7 203.4 498.8 1.0 14 82.1 292.8 147.3 499.4 0.8 14 128.7 206.0 203.3 346.1 1.0 14 9.5 209.5 138.2 499.0 1.0 14 176.1 207.7 322.8 498.0
005460,1.0 7 35.6 103.1 466.2 367.1 0.9 7 37.3 1.5 486.8 367.9
005462,1.0 7 3.8 29.3 323.0 492.4
005463,0.9 18 2.6 35.4 486.2 263.0
005464,1.0 14 179.3 46.5 204.3 93.1 0.9 8 0.7 48.3 62.3 167.7 1.0 14 154.2 52.6 175.3 92.9 0.8 8 273.9 79.5 333.5 216.2 1.0 10 1.7 139.9 332.4 498.3 0.8 19 144.0 37.1 221.6 119.1 0.6 15 235.1 209.4 309.3 259.2
005466,1.0 14 155.5 228.0 176.1 297.6 0.9 14 119.4 251.3 138.9 298.5 0.9 14 113.4 250.0 130.4 297.5 0.9 14 134.5 254.9 152.6 300.6
005468,1.0 6 1.3 98.4 147.9 204.6 0.6 6 453.8 102.5 499.9 135.4 1.0 13 16.1 86.0 473.5 457.1 1.0 14 285.7 14.3 386.6 438.8 1.0 6 380.8 107.8 499.8 229.7
005472,0.6 2 130.0 162.6 326.6 274.8 1.0 2 126.0 163.5 362.3 297.6
005473,1.0 14 122.9 158.2 165.9 213.8 0.6 3 198.6 75.9 374.8 218.5
005474,0.7 8 0.7 4.7 94.5 373.9 1.0 7 90.6 79.0 349.0 289.2
005476,0.5 11 99.3 206.6 319.9 499.8 1.0 11 99.6 169.7 371.3 499.1
005477,0.6 14 23.5 30.0 65.2 87.2 0.6 14 0.8 55.7 49.6 210.8 0.8 14 277.5 1.4 332.4 97.1 0.8 14 15.6 46.8 68.3 197.7 1.0 14 0.5 56.8 64.1 374.6 1.0 14 120.2 54.6 168.0 140.8 1.0 14 34.2 47.5 150.4 375.0 0.9 14 21.1 31.1 80.0 106.5 1.0 14 183.7 50.1 379.6 374.7 0.7 14 15.5 42.5 75.4 375.9
005479,1.0 13 105.6 77.5 333.6 291.0 1.0 14 122.9 19.6 324.9 283.6 0.7 14 181.8 19.9 327.7 284.3
005480,0.8 1 131.5 181.9 338.6 402.0 0.9 1 130.8 105.9 367.5 402.8 0.8 1 131.1 132.0 365.4 402.6
005482,1.0 14 371.5 1.1 499.5 181.0 1.0 7 2.3 42.2 306.7 180.2 0.6 7 2.2 42.4 268.1 180.4 1.0 14 265.1 0.8 444.8 177.3
005484,1.0 6 403.7 183.6 455.3 210.8 0.8 14 20.5 209.9 72.5 304.7
005488,1.0 14 35.0 44.5 271.8 332.0 1.0 14 273.8 118.9 499.8 332.7
005490,0.5 14 17.5 45.5 270.7 291.3 0.9 14 5.5 45.2 271.4 331.7 0.6 14 40.1 45.4 497.7 331.8
005491,1.0 4 277.7 176.9 354.6 374.7 1.0 14 185.3 84.9 394.7 330.1 0.6 4 365.1 191.2 396.1 317.4 0.8 14 183.0 40.0 205.0 72.9
005492,0.6 13 116.1 13.5 329.6 309.8 0.7 14 179.3 24.2 328.4 310.1 0.8 13 114.3 35.3 331.2 247.6
005493,1.0 6 40.3 48.2 484.9 254.0
005494,0.7 15 116.5 278.8 157.7 347.6 1.0 15 49.9 172.9 135.8 334.5 1.0 14 116.1 3.1 274.9 472.4
005495,1.0 2 134.9 67.3 333.8 429.5
005498,0.8 8 1.1 246.1 187.0 376.0 0.9 19 423.0 170.4 494.0 234.8 0.8 8 1.1 243.1 159.1 375.9 1.0 17 88.3 174.4 359.1 319.4
005500,0.7 4 7.2 254.4 94.9 373.3 1.0 14 6.9 91.3 285.0 370.6 1.0 14 266.3 91.0 500.2 373.3
005501,1.0 6 25.0 53.7 450.6 328.3
005502,1.0 2 182.5 126.2 243.9 299.5 0.8 2 184.1 126.0 237.1 216.5 0.7 2 220.5 129.2 262.1 215.2 1.0 2 244.8 134.1 314.6 325.2
005503,1.0 1 76.7 50.3 483.4 332.5
005504,1.0 18 2.6 158.4 404.0 282.1
005505,0.8 12 44.9 59.0 348.1 324.4 1.0 14 45.1 138.6 153.4 324.7 0.9 12 49.6 60.6 499.0 324.0
005506,0.6 13 99.8 91.3 333.3 271.0 1.0 13 92.4 16.9 167.6 79.4 0.6 14 311.2 3.1 373.6 94.8 0.8 13 99.6 67.0 347.1 271.4 0.9 14 293.8 3.4 373.1 137.7 0.5 13 99.3 151.7 330.1 269.9 0.9 13 101.4 65.4 361.2 272.0 0.8 14 282.3 48.0 364.5 254.3 0.5 14 230.7 4.8 368.0 257.7 0.9 14 227.7 59.0 353.4 261.3
005512,0.6 11 28.2 15.9 319.6 332.5 0.9 11 39.4 17.3 216.6 332.3 0.9 11 38.0 16.3 495.2 331.6 0.7 11 193.5 10.8 494.4 160.5 0.8 11 211.5 10.9 449.9 135.4
005513,1.0 12 71.3 46.6 301.2 211.6 1.0 14 154.0 0.9 301.8 200.9
005516,1.0 1 32.2 32.4 437.9 337.8
005520,1.0 6 93.6 4.2 135.3 22.3 1.0 6 23.6 8.8 56.1 25.2 1.0 6 57.0 5.3 95.3 23.0 1.0 6 281.9 1.2 318.5 19.3 1.0 6 228.2 1.2 271.0 20.0 1.0 6 140.5 1.5 179.6 20.4 0.9 6 1.2 9.2 24.6 26.2 1.0 6 0.6 26.3 298.1 442.1 1.0 6 183.3 1.2 226.3 19.9
005523,0.9 14 192.6 26.2 237.5 81.4 0.9 14 432.8 6.1 456.0 36.7 0.6 6 178.7 69.8 455.8 163.3 1.0 14 451.8 26.1 494.2 117.6 0.9 14 449.8 27.3 493.7 166.7 1.0 14 169.6 24.8 203.6 92.9 0.7 14 193.1 26.3 240.5 141.8 0.9 14 120.1 31.4 149.4 63.5 0.9 6 1.7 1.0 497.9 343.6 1.0 14 407.6 22.1 438.9 118.7
005525,0.6 15 171.7 7.7 316.4 329.4 1.0 15 49.4 25.3 231.8 340.5 1.0 15 176.5 11.2 490.8 336.5 0.6 15 163.3 24.6 246.9 328.0 0.7 15 355.7 15.1 486.3 334.5
005528,1.0 11 165.7 34.4 468.9 367.5
005529,0.6 12 251.2 138.8 367.4 197.5
005532,0.5 2 242.4 134.1 291.8 184.9 0.9 2 241.3 104.9 292.7 184.4 0.9 2 149.4 201.5 297.2 278.9 0.9 2 184.5 141.6 237.5 211.8 0.8 2 318.3 146.3 395.1 226.9 0.7 2 350.7 146.8 394.8 221.3
005533,0.6 14 0.8 258.6 44.8 315.0 0.7 14 0.9 260.5 44.3 409.8 0.9 14 279.8 197.2 331.2 303.7 0.7 14 0.8 261.0 35.7 422.3 1.0 14 33.5 215.9 75.3 302.0 0.9 14 0.8 217.3 23.4 277.0 0.9 14 31.5 217.7 79.9 391.1 0.9 14 122.3 191.4 180.0 352.5 1.0 14 162.8 177.4 217.5 343.0 1.0 14 267.2 195.6 305.8 291.5
005534,1.0 6 445.1 106.1 500.2 192.7 1.0 13 96.5 71.0 426.3 319.8
005537,0.9 0 51.1 135.3 387.7 285.5
005538,1.0 7 47.5 278.2 163.8 410.3 0.9 7 117.7 184.3 272.4 278.0
005540,0.8 1 239.2 119.3 476.1 271.6 0.8 1 25.7 149.4 245.7 283.3 0.5 14 114.6 52.7 173.1 130.6 0.9 1 25.2 118.4 476.3 280.9 0.9 1 168.0 116.9 475.7 270.7
005543,1.0 14 421.6 213.8 455.9 248.4 0.9 14 443.2 219.4 464.0 242.9 1.0 19 1.4 170.0 152.4 374.5 0.5 7 207.7 129.6 313.3 361.6
005545,0.6 10 103.4 204.9 261.4 294.6 0.8 8 28.2 235.4 89.9 401.4 1.0 19 49.4 177.2 85.3 242.5 0.5 8 47.9 247.6 90.8 398.4 0.9 10 103.7 207.4 263.6 394.4
005546,1.0 14 48.7 318.4 65.6 367.3 0.9 6 264.8 318.1 333.1 488.1 0.9 14 145.7 190.2 219.1 294.2 1.0 14 79.0 319.3 95.3 366.9 0.8 14 96.8 276.8 114.0 319.7 1.0 14 105.5 242.6 251.2 497.7 0.5 6 224.0 316.8 333.7 427.6 0.8 14 64.8 315.7 77.6 357.7 0.7 6 269.7 329.2 332.9 490.4 0.8 6 243.3 317.3 333.2 439.5 0.7 14 64.1 315.8 76.4 356.8
005548,1.0 14 255.5 151.8 333.2 499.7 0.6 14 273.2 153.7 333.3 321.8 0.8 14 32.0 71.1 221.6 499.2 0.6 14 249.4 177.3 283.5 222.4 0.8 14 2.5 71.2 217.4 499.4 1.0 14 31.5 73.1 280.2 499.3
005551,0.7 8 1.4 246.4 93.5 375.1 0.9 19 40.3 172.4 181.6 289.5 0.8 19 178.0 40.3 259.7 138.8 0.9 19 63.6 31.8 170.3 116.7 1.0 17 269.9 168.7 499.4 307.7
005553,1.0 14 113.8 39.8 317.6 371.7 1.0 13 56.4 102.2 353.5 428.8
005555,0.8 8 130.4 48.7 315.7 374.0 0.6 8 131.1 111.9 312.2 372.9 0.5 8 139.3 51.1 310.0 240.7 0.9 8 326.9 3.2 499.3 154.8 0.6 15 147.1 76.5 208.8 119.2 0.6 8 139.6 48.8 309.5 277.3 0.9 8 328.8 2.3 500.2 179.7
005556,0.9 8 1.5 273.4 111.2 332.8 1.0 14 116.0 43.9 258.3 332.6 0.7 15 0.5 23.0 95.1 332.3 1.0 14 231.8 70.0 383.2 332.3 1.0 6 425.0 204.9 481.2 231.5
005557,1.0 11 70.9 135.9 259.1 427.0
005558,0.8 14 450.7 40.7 500.0 267.3 0.6 14 305.2 1.7 383.9 84.0 0.9 14 93.9 1.4 140.2 61.9 1.0 14 1.4 0.9 102.5 187.7 1.0 6 88.5 7.2 470.1 322.7 1.0 14 397.0 3.7 473.8 138.0
005560,1.0 14 183.6 53.1 293.5 311.6 1.0 13 141.6 149.6 408.3 344.7
005561,1.0 14 189.1 153.9 273.1 420.4 0.8 14 188.2 152.9 270.5 469.7 1.0 1 136.2 220.6 337.8 441.8
005562,1.0 7 2.4 2.5 461.1 374.3
005564,0.8 12 27.1 35.0 217.0 380.8
005565,0.9 19 78.2 8.3 325.3 390.3 0.8 8 109.8 258.2 201.3 334.8
005567,0.7 15 1.0 0.5 98.4 140.2 0.9 15 1.0 0.9 88.7 138.3 0.6 15 53.3 0.8 235.9 236.1 0.9 15 153.1 0.1 497.0 367.6 0.5 15 158.5 107.2 303.8 364.2
005569,0.9 18 75.6 231.3 413.7 352.2
005570,0.7 14 163.6 42.0 198.2 133.1 0.9 4 294.4 169.1 355.1 373.3 0.9 14 91.5 79.7 155.1 138.8 0.6 14 360.9 78.7 381.7 107.7 1.0 14 289.3 69.4 327.2 124.0 1.0 14 0.8 64.7 59.4 202.0 1.0 14 320.2 78.6 365.5 126.0 1.0 14 135.9 78.3 173.5 132.7 1.0 14 3.1 29.8 306.4 375.2 0.5 4 309.7 166.7 356.6 297.7 1.0 14 47.4 75.4 100.0 145.1 0.8 14 169.7 41.5 196.5 101.1 0.7 14 348.0 40.9 500.4 374.5 0.9 14 283.3 40.8 500.4 375.1
005571,1.0 13 28.5 74.0 449.6 307.7
005572,0.9 12 126.6 76.9 459.3 435.0
005575,0.9 0 7.5 165.0 236.2 273.7 1.0 0 9.9 104.7 495.3 263.5 0.9 0 128.6 104.9 493.2 258.6
005578,0.7 16 116.1 133.0 228.1 265.3 0.5 16 191.7 180.4 230.5 249.0 0.7 16 184.5 127.9 233.0 247.2
005580,0.0 0 0.0 0.0 10.0 10.0
005581,0.5 19 30.6 1.9 247.7 497.3 1.0 7 101.9 174.5 139.0 226.1 0.9 7 183.8 155.1 233.4 223.4
005587,0.5 19 18.1 197.5 101.3 287.7 0.6 19 147.6 173.0 228.4 274.0 1.0 19 243.5 110.8 345.0 219.2
005589,0.9 8 131.3 141.6 303.8 280.8 0.9 8 391.1 71.0 459.2 200.0 1.0 8 319.7 100.1 421.7 251.9 0.8 19 320.0 46.1 379.6 107.7
005594,1.0 14 9.6 34.1 393.6 455.1
005595,0.9 13 11.4 52.6 248.4 367.2 1.0 14 134.7 16.3 371.8 412.3 1.0 13 12.4 47.8 498.0 413.9
005596,0.7 14 180.5 163.5 210.0 207.0 0.9 14 183.7 164.1 209.7 212.5 0.5 19 304.1 189.3 374.7 260.7 1.0 14 182.9 74.2 250.9 161.9 0.6 14 244.6 127.0 282.4 232.9 1.0 14 81.1 78.4 135.3 205.0 0.8 14 170.9 160.2 213.8 260.1 0.9 14 73.0 78.9 100.5 144.1 0.9 8 99.7 286.4 176.0 484.0 1.0 14 0.8 73.3 107.2 472.5 1.0 14 102.3 175.5 257.7 398.8 0.6 10 128.7 217.0 375.2 497.3 0.8 13 326.0 241.3 375.2 390.6 0.6 14 154.9 183.8 194.2 252.0 0.9 10 127.8 261.4 374.7 498.3 1.0 14 204.5 144.7 274.9 264.2
005597,0.9 8 2.9 226.0 132.3 375.1 0.6 8 205.3 152.1 277.9 201.9 0.6 8 330.2 160.8 415.5 324.0 0.9 8 105.4 169.0 222.2 356.4 1.0 8 344.6 157.8 418.8 308.1 0.9 8 330.0 151.6 394.0 308.8 1.0 8 280.5 191.8 351.6 367.4 0.6 8 105.3 165.7 220.3 231.3 0.9 8 2.6 187.1 132.7 375.1 1.0 10 43.8 177.4 345.0 375.1 1.0 8 197.7 202.9 296.4 374.8
005598,1.0 5 55.7 33.4 422.9 252.0
005602,0.0 0 0.0 0.0 10.0 10.0
005604,0.7 3 46.7 392.3 119.1 417.6 0.6 3 90.1 419.8 193.8 461.9 0.9 3 311.6 411.8 374.3 449.9 0.5 3 1.6 2.8 153.0 427.6 0.6 3 289.2 415.9 324.5 452.4 0.9 3 1.9 1.4 287.8 461.5
005607,1.0 7 174.2 117.3 348.7 267.6 0.6 19 54.4 0.7 321.9 52.1
005610,1.0 14 165.2 69.5 281.7 253.3 1.0 12 69.5 124.0 340.3 387.8
005612,0.9 14 0.6 32.3 108.5 281.5 0.7 14 94.8 97.9 120.1 116.5 0.6 14 235.1 59.8 270.3 208.8 0.5 14 41.2 30.0 176.4 282.5 0.6 14 135.7 7.1 269.3 243.3 0.5 14 0.6 33.6 112.8 314.0 0.7 14 0.6 33.9 109.7 343.4 0.8 14 235.1 57.8 270.0 110.1 0.6 14 47.9 7.6 269.5 286.0 0.7 14 113.3 7.3 269.5 259.7 0.9 14 120.0 6.8 269.0 284.4
005616,0.6 3 398.3 117.9 499.0 141.6 0.8 18 155.8 75.6 401.7 173.4
005617,1.0 14 66.1 69.9 161.5 266.3 0.8 9 208.0 140.9 345.5 267.6
005619,0.9 1 3.6 105.8 307.2 361.3
005621,0.0 0 0.0 0.0 10.0 10.0
005622,0.9 8 2.1 283.9 115.5 370.4 1.0 14 344.5 152.5 499.1 367.5 1.0 14 348.1 115.1 396.1 164.2 1.0 14 464.5 109.1 499.4 140.3 0.8 14 346.1 154.2 497.7 322.0 1.0 14 69.6 136.5 115.9 213.2 1.0 14 426.2 98.8 464.0 144.5 1.0 14 168.4 105.6 235.6 198.1 1.0 14 1.7 144.2 102.2 302.0 0.7 14 339.4 116.1 433.1 267.4 0.8 14 71.6 137.4 145.4 369.1 0.9 14 1.8 143.8 104.9 368.9 1.0 10 86.2 179.4 481.1 371.3 1.0 14 280.0 114.3 362.9 262.3 0.6 10 127.3 225.2 476.6 370.8 1.0 4 225.2 210.2 248.3 275.3 1.0 14 229.2 130.0 309.2 233.8 0.9 14 339.0 116.3 437.2 268.6
005623,0.8 8 85.1 121.7 341.4 387.1 0.9 10 12.6 8.1 469.6 396.4 0.9 8 382.1 2.4 499.2 115.8
005626,0.8 14 9.3 211.2 62.4 296.5 0.6 14 135.0 177.2 155.5 207.8 0.9 18 2.0 34.8 496.8 306.0
005627,0.9 6 301.1 78.3 360.7 106.6 0.9 6 450.1 71.5 500.1 118.3 0.9 6 53.4 86.0 182.4 172.9 0.9 6 289.4 76.1 357.5 106.4 1.0 6 94.6 88.8 313.3 193.8 1.0 6 1.1 89.1 71.1 158.4 1.0 6 8.7 84.9 180.6 170.3 0.8 6 379.5 78.4 439.6 99.1 0.7 8 148.3 183.4 254.5 263.6 1.0 6 258.9 93.1 488.4 212.6
005628,0.9 10 2.5 24.3 498.5 374.4 0.7 10 18.5 34.3 496.8 375.1
005632,0.7 13 1.6 63.5 295.7 278.5 0.5 1 2.1 62.6 278.3 278.4
005633,0.8 0 23.7 71.0 345.7 210.4 0.5 0 137.1 64.0 181.7 87.5 1.0 0 21.0 45.5 493.4 215.6
005634,0.8 14 275.0 63.2 356.8 305.2 1.0 14 287.5 51.7 435.3 307.0
005635,0.9 4 180.0 59.0 311.3 363.0 0.9 4 380.6 58.0 437.5 141.2 0.9 4 285.0 57.2 367.1 284.8 0.5 4 283.6 59.5 364.3 372.9 1.0 4 425.0 69.3 443.7 136.7 0.9 4 174.8 75.9 234.5 270.3 0.8 4 108.5 80.7 208.5 270.1 0.6 4 207.6 58.5 301.5 283.9 0.9 4 119.0 184.1 192.1 374.4 0.9 4 1.3 103.5 145.2 375.0 0.9 4 2.7 101.6 135.3 291.3 0.8 4 201.7 60.9 305.1 364.9 0.5 14 295.4 0.5 499.1 135.0
005638,1.0 14 74.7 89.6 358.5 332.7 1.0 6 290.5 177.8 499.4 333.3
005642,0.7 1 161.5 67.7 364.6 283.2
005643,1.0 18 9.2 91.3 472.1 307.1
005646,0.9 7 63.1 163.4 161.7 236.5 0.8 7 1.2 163.3 165.4 246.9 1.0 7 191.3 163.6 329.0 236.3 0.9 7 359.8 179.8 499.5 239.9
005649,1.0 6 91.2 126.1 431.2 305.3
005650,0.7 15 0.9 0.7 248.6 301.3 1.0 14 92.5 67.4 375.3 375.1 0.8 15 274.7 2.8 484.1 373.4
005651,0.5 14 20.7 1.7 497.4 366.2 0.6 11 234.3 82.5 385.6 275.7
005656,0.6 8 1.5 127.5 101.7 259.0 0.9 14 169.9 91.4 222.2 170.8 1.0 14 30.4 77.3 86.4 260.6 0.8 8 315.4 160.9 481.3 334.8 0.9 8 252.7 151.4 432.9 335.0 1.0 14 97.6 110.1 139.7 261.6 0.9 14 114.4 218.0 390.8 334.3 0.9 14 169.2 92.2 222.9 234.9 0.6 14 294.1 88.8 429.3 247.6 0.9 14 114.9 217.5 277.6 334.6 0.7 10 2.2 124.0 153.1 259.9 1.0 14 208.4 73.8 298.6 232.7 0.9 14 292.7 88.3 422.6 305.0 0.8 8 205.0 152.1 314.0 333.5 0.7 14 210.2 76.0 392.5 291.1 1.0 14 293.0 88.2 472.4 334.1
005659,0.5 18 224.5 62.0 500.8 225.3 0.9 18 73.7 164.4 209.6 214.0 0.8 18 1.1 141.7 83.9 229.9 0.9 18 194.7 60.6 499.8 254.1
005661,0.7 8 15.1 261.7 150.6 374.9 0.8 15 150.7 152.7 200.1 207.5 0.8 19 10.0 3.3 82.7 219.4 0.7 8 405.0 204.1 456.8 310.8 1.0 8 11.9 249.7 150.6 375.1 1.0 8 167.3 266.0 270.5 374.8
005663,0.5 6 419.2 194.3 452.5 208.0 1.0 6 42.6 180.4 79.4 198.4
005665,1.0 8 71.2 153.8 173.6 269.6 1.0 8 376.0 109.2 483.5 274.0 0.9 8 376.4 159.4 477.8 275.4 0.6 8 234.1 29.7 280.2 89.3 0.9 8 90.5 65.6 157.9 144.1 0.8 8 90.0 65.4 143.0 146.1 1.0 8 40.4 98.2 115.4 194.7 0.8 8 204.4 54.3 255.6 127.4 0.9 8 322.3 30.6 416.5 149.5 0.9 8 285.2 37.5 327.9 91.6 1.0 8 227.8 191.6 324.9 303.0
005666,0.9 14 39.8 429.4 78.2 499.6 1.0 14 194.9 401.2 237.4 499.8 1.0 14 241.8 413.7 265.1 500.5 0.8 14 238.9 421.1 254.5 469.3 0.6 6 229.5 419.7 253.3 442.7 1.0 14 85.5 407.8 136.6 500.1 1.0 14 0.7 398.2 36.4 500.1 1.0 14 39.2 413.7 85.9 499.9 0.5 14 22.4 416.5 33.0 443.3 0.6 3 10.1 172.4 117.0 285.9
005667,0.5 16 66.5 203.6 306.6 274.0 0.7 2 196.3 251.3 234.6 293.1
005670,0.9 14 0.8 211.8 17.5 286.3 1.0 14 13.7 202.2 64.1 279.9 0.8 5 69.5 34.1 463.0 299.1
005671,1.0 11 1.5 36.1 471.2 373.1
005673,0.9 15 20.4 201.3 120.1 298.0 0.7 15 363.9 198.7 460.6 294.5 0.9 15 247.2 97.8 342.4 194.0 0.8 15 130.6 200.5 227.7 297.8 0.6 15 355.4 103.0 459.0 200.8 0.8 15 132.8 102.6 231.7 198.9 0.7 15 19.7 91.0 123.6 205.5 0.8 15 21.1 92.5 124.0 298.5 0.7 15 343.1 102.5 459.3 319.0 0.7 15 131.7 101.6 230.5 297.6 0.8 15 254.2 208.3 344.7 303.1
005675,0.6 14 180.7 2.1 338.8 141.1 0.5 14 178.6 1.1 352.3 230.0 1.0 14 0.9 1.8 248.4 399.3 0.7 14 2.2 1.1 355.7 400.7 0.5 14 89.1 2.1 167.2 94.1 0.9 14 154.2 1.1 356.3 321.6
005677,1.0 14 103.5 273.1 138.4 356.4 1.0 12 108.9 65.5 359.3 355.8 1.0 14 195.5 78.9 312.8 355.6
005678,0.5 0 1.9 1.9 479.4 333.1 0.6 13 43.3 5.2 480.4 327.2
005681,0.6 2 188.3 169.8 448.8 302.8 0.7 2 132.8 169.8 257.0 345.2 0.8 2 19.8 48.0 219.0 343.2 0.9 2 22.4 46.3 470.7 344.5
005683,1.0 1 59.1 1.6 499.2 315.4
005684,0.9 8 1.2 280.2 85.9 399.2
005688,0.6 7 63.5 141.2 389.4 334.4 1.0 7 170.7 76.2 324.6 211.9 0.8 7 169.0 42.7 456.1 249.6
005689,1.0 18 2.6 20.5 496.0 374.4
005690,0.9 18 1.1 118.5 446.1 205.6
005691,0.8 14 0.4 53.8 37.4 339.3 0.6 14 0.3 54.1 32.1 243.7 0.6 14 8.2 2.8 177.2 499.3 0.5 14 0.3 53.2 47.0 451.6 1.0 14 6.6 2.7 215.9 499.1
005692,0.0 0 0.0 0.0 10.0 10.0
005694,1.0 6 23.5 81.3 436.0 350.4
005698,0.8 14 318.9 1.1 357.1 46.1 0.6 14 160.5 86.9 403.5 351.9 0.8 14 0.9 0.9 115.9 161.3 0.9 14 395.5 1.1 433.6 46.4 0.8 14 89.3 17.3 208.0 279.8 1.0 14 428.7 2.1 474.0 97.2 0.8 14 0.7 0.5 53.3 174.1 1.0 14 94.4 17.4 208.3 215.4 0.5 14 160.8 86.4 345.3 279.9 0.8 14 462.5 2.0 491.0 63.9 0.7 14 42.7 1.9 115.3 102.7 0.9 14 1.2 1.6 55.9 130.6 1.0 14 0.9 88.8 151.4 297.4 0.7 14 160.2 86.8 496.7 328.2 0.5 14 158.3 86.0 404.9 288.1 0.9 14 263.1 99.2 499.0 326.4
005703,0.6 15 1.1 175.8 69.6 321.3 0.9 11 138.7 143.5 254.6 275.7 1.0 15 1.1 161.3 112.3 319.4 1.0 14 73.9 12.8 338.8 499.7 0.8 14 138.2 12.4 338.3 499.9
005706,1.0 6 43.8 203.0 467.6 338.0
005707,1.0 13 401.4 201.9 469.2 246.2 0.5 14 464.9 207.7 479.8 230.3 0.9 13 482.2 220.5 500.3 281.9
005708,1.0 13 396.0 93.6 500.3 259.5 0.8 14 435.9 93.8 500.1 223.7 1.0 14 218.2 39.5 309.4 286.5 0.9 14 364.0 43.5 413.6 214.5 1.0 6 124.9 100.1 160.4 120.7 1.0 14 1.4 27.2 133.6 352.3 1.0 14 286.2 34.4 387.3 355.7 1.0 14 364.0 42.6 413.3 300.2
005709,0.6 14 162.2 58.4 289.9 188.9 1.0 14 159.6 58.9 289.3 255.4 0.6 1 79.7 133.6 309.0 284.0
005711,0.8 9 141.3 145.8 381.1 325.7 0.9 9 197.6 168.7 382.4 326.5
005712,1.0 11 1.0 21.7 367.4 308.5 1.0 14 314.4 2.0 499.4 332.0
005717,0.6 6 118.0 49.9 239.3 92.2 1.0 14 347.0 178.1 498.4 374.6 1.0 14 309.7 160.4 377.8 255.1 0.8 6 168.5 49.9 238.8 73.4 0.9 6 1.0 72.6 66.6 155.0 1.0 14 142.8 94.4 268.1 221.3 1.0 6 330.6 52.4 383.9 80.5 1.0 14 1.5 93.4 180.0 374.9 1.0 6 53.6 43.0 100.2 71.7 1.0 10 118.3 195.9 380.9 360.6 0.5 6 116.8 50.2 239.5 91.7 1.0 14 187.0 271.1 298.8 374.5
005720,0.9 3 34.0 417.9 146.6 462.1 0.7 14 58.3 354.6 125.9 447.6 0.9 14 58.0 357.5 98.9 436.7 0.9 3 31.8 -0.8 301.8 462.2
005721,1.0 4 202.8 227.4 227.3 302.7 0.8 14 90.9 143.3 220.6 362.2 0.8 14 253.7 135.7 380.3 286.3 0.9 14 104.7 142.9 394.1 373.9 1.0 4 327.3 259.6 348.5 322.3 0.8 14 104.0 142.8 231.2 362.9 0.8 17 7.1 147.4 488.5 373.9 0.8 14 226.3 134.8 389.0 373.1 0.9 14 255.3 138.6 496.6 353.9
005722,1.0 12 48.2 147.0 392.0 375.1 1.0 14 208.4 117.9 312.6 374.1
005724,0.9 13 56.5 196.3 285.4 490.6 0.9 14 71.6 74.2 271.9 365.4 0.6 13 55.2 3.4 307.7 497.8 0.8 14 71.7 74.3 272.8 486.6 0.8 13 56.8 196.8 307.4 499.5 0.7 13 56.6 202.4 285.3 497.9
005725,1.0 14 35.2 95.4 157.9 314.4 0.6 15 288.9 39.9 374.7 189.9 0.8 15 31.0 22.2 179.3 302.0 1.0 14 4.2 71.6 291.0 500.6
005726,0.9 10 1.2 25.1 374.6 499.8
005727,0.7 17 368.2 241.1 497.8 375.8 0.9 15 140.9 233.0 227.6 298.3 0.8 10 37.7 246.5 287.0 375.7 1.0 17 125.3 159.4 434.9 331.3
005733,1.0 12 179.8 89.9 425.0 264.2 1.0 14 257.8 35.9 331.7 214.9
005734,0.9 8 193.2 240.3 335.7 375.2 0.5 8 3.3 152.6 68.5 286.7 0.5 8 11.4 219.2 76.1 297.5 0.7 8 220.2 208.4 335.2 374.4 0.7 10 327.2 286.6 440.6 374.9 0.5 10 1.6 217.9 95.0 311.6
005737,1.0 14 480.9 73.1 500.1 139.6 0.8 15 101.1 172.3 186.6 289.8
005739,0.7 6 425.0 117.7 499.8 227.1 1.0 14 295.8 122.9 341.0 193.8 0.6 18 0.1 13.0 444.1 361.0 0.6 5 183.9 13.9 437.3 350.8
005744,0.5 11 204.4 220.4 304.5 500.5
005745,0.7 14 0.5 22.5 101.8 344.1 0.5 14 301.6 2.2 366.5 439.3 0.5 14 0.6 23.3 102.0 396.3 0.5 14 302.6 2.7 366.5 250.6 0.9 14 1.0 24.7 129.9 455.4 0.8 14 0.6 24.5 95.2 436.9 1.0 14 68.1 14.2 365.4 455.0
005746,1.0 14 0.8 177.4 24.8 303.9 1.0 6 12.7 192.2 182.2 281.2 1.0 14 198.7 118.9 337.2 349.0 1.0 5 258.9 73.4 498.9 238.7
005748,1.0 14 337.5 1.0 456.4 186.3 1.0 14 130.5 67.7 414.5 374.8
005750,1.0 14 286.2 132.5 331.6 231.7 0.9 13 281.5 173.1 326.8 250.4 0.8 13 282.7 175.0 323.4 249.7
005751,1.0 18 218.6 114.7 318.4 215.2
005753,0.9 19 378.7 76.6 441.3 224.7 0.9 4 328.1 187.3 357.7 257.3 0.9 19 424.6 65.6 499.7 249.9 0.6 14 35.0 59.4 234.3 377.5 0.6 19 434.7 66.8 500.1 295.8 1.0 14 37.4 59.3 235.6 304.2 0.6 10 200.7 246.4 498.6 377.6
005754,1.0 14 459.8 173.4 500.1 285.6 0.6 10 172.0 251.0 260.9 351.9 0.9 15 193.6 231.2 213.7 265.7 0.9 8 204.6 191.1 282.9 290.4 0.6 17 1.6 204.1 178.9 375.7 0.9 8 206.0 191.1 281.4 302.8 1.0 14 407.0 196.1 454.7 280.0 1.0 19 300.1 146.1 363.6 197.0
005758,0.7 14 149.2 1.2 245.0 95.2 0.8 14 386.6 0.7 478.4 136.7 0.8 14 247.5 0.7 479.8 134.6 0.8 14 15.8 282.3 266.6 374.9 0.9 10 1.5 71.7 498.2 375.6 0.8 14 153.7 0.8 478.0 131.3
005759,0.9 13 54.6 187.5 115.9 231.6 1.0 13 349.0 181.3 458.1 244.8 1.0 14 129.1 159.9 153.0 222.6 1.0 13 130.5 181.1 203.7 233.3 0.9 14 157.8 154.3 183.8 223.6 1.0 14 191.1 161.6 210.5 213.6 1.0 13 220.6 180.9 304.9 238.5
005763,0.9 14 124.4 146.9 152.3 175.1 1.0 6 64.8 129.3 300.0 262.6 1.0 14 180.9 147.1 210.4 170.6
005766,0.6 14 286.1 87.4 310.8 109.0 1.0 8 372.7 151.2 461.6 259.0 1.0 14 390.4 97.7 463.0 212.4 1.0 8 431.9 147.8 500.1 261.1 0.6 8 175.9 136.6 210.5 217.6 1.0 14 189.5 93.8 244.8 208.7 1.0 8 17.4 140.8 104.5 261.1 1.0 14 131.5 99.5 456.1 375.6 1.0 14 351.6 87.0 419.7 216.1
005767,0.9 8 53.7 108.1 195.9 373.9 1.0 17 95.2 151.3 340.0 348.6 0.7 4 353.9 47.0 364.6 75.4
005770,1.0 6 101.5 102.2 486.5 253.6
005771,0.8 3 221.4 101.7 243.3 129.3 0.8 3 52.0 101.7 68.9 125.0 0.7 3 192.1 100.8 213.0 128.0 0.8 3 412.6 98.7 436.3 127.0 0.9 3 82.7 100.8 122.5 154.2 0.5 3 335.5 101.1 356.6 129.6 0.8 3 74.3 179.1 109.5 192.7 0.6 3 251.6 102.8 278.4 131.7 0.5 3 104.8 101.0 127.3 128.6 0.5 3 444.8 105.0 463.0 127.3 1.0 3 333.7 99.6 383.1 154.6 0.7 3 138.1 99.8 169.5 127.1 0.9 3 232.3 196.9 278.7 222.7 0.6 3 255.6 104.0 279.2 131.6 0.5 3 220.8 197.2 279.9 242.7 0.6 3 334.1 101.4 352.8 129.0
005772,0.6 2 2.7 386.4 325.7 499.2 0.9 2 85.9 132.9 267.2 410.8
005774,0.7 13 428.6 2.5 499.2 106.7 1.0 14 134.9 25.9 306.2 415.3 0.8 13 24.9 136.3 201.7 379.2 1.0 13 26.7 140.7 449.9 486.2 0.7 13 154.2 263.3 453.7 483.3 0.7 13 341.6 2.1 418.7 78.4
005775,1.0 6 52.4 87.3 301.2 284.8
005776,0.7 11 31.5 61.6 423.2 313.6 0.7 11 29.9 62.3 422.8 375.4
005777,0.9 14 183.6 89.7 240.1 125.5 1.0 1 175.4 190.7 497.8 332.9 0.9 1 225.6 191.9 497.1 332.6 1.0 14 0.1 33.1 184.6 331.8 1.0 14 230.3 1.7 471.1 332.4 0.6 14 230.9 0.5 383.2 329.3 0.7 1 130.1 188.8 498.7 333.1
005778,0.7 17 1.7 98.0 500.4 300.0 1.0 14 99.4 110.3 258.1 374.8 0.6 17 234.4 118.3 499.2 295.2 1.0 14 1.6 122.0 139.1 374.6 0.9 17 1.9 101.6 500.2 373.7 1.0 14 297.4 108.2 496.9 374.2 0.7 14 1.6 120.6 138.7 328.0 1.0 14 219.8 145.8 368.1 374.1 0.6 14 215.8 145.9 493.5 373.0
005785,0.9 11 120.7 111.5 391.9 261.5 0.5 17 2.3 3.1 497.5 373.8 0.7 11 53.2 111.8 389.7 261.4
005787,1.0 13 2.5 165.9 319.6 453.9
005792,1.0 14 13.5 22.5 321.6 332.5 0.9 14 225.2 78.8 458.4 332.5 1.0 14 272.7 78.9 458.0 332.4
005793,0.0 0 0.0 0.0 10.0 10.0
005795,0.0 0 0.0 0.0 10.0 10.0
005797,0.8 14 364.0 129.0 492.4 343.2 0.9 14 1.5 1.6 79.7 118.1 1.0 14 87.3 2.1 166.3 135.9 0.9 14 1.5 1.6 70.2 116.5 0.8 14 1.2 1.8 64.7 114.8 1.0 14 318.5 130.3 493.6 343.2
005798,0.9 14 374.9 5.9 478.4 171.8 1.0 14 46.2 1.2 132.8 145.0 0.9 13 357.4 52.2 470.9 171.8 0.7 14 396.5 6.4 475.7 171.0 1.0 13 162.6 53.2 263.1 159.8 0.9 14 168.5 2.0 249.9 143.9 0.9 13 254.6 60.9 367.7 165.1 1.0 13 39.3 54.5 134.6 147.2 0.7 14 169.4 1.7 250.1 154.1 0.5 14 274.8 16.0 360.1 157.2 0.5 14 258.6 17.3 362.0 163.5 0.9 14 364.2 5.8 476.8 171.1
005800,0.9 14 117.0 149.7 139.7 176.0 1.0 14 23.8 2.0 464.2 374.6 0.6 14 197.9 2.5 465.0 374.6 1.0 14 72.6 145.3 96.2 172.7 0.5 14 97.3 148.7 116.7 173.4 0.7 14 196.1 2.2 464.8 374.9
005801,1.0 17 11.9 69.6 483.0 373.7
005802,0.6 2 338.4 358.7 384.7 410.1 1.0 2 82.2 52.8 379.2 303.5
005804,0.9 8 6.2 268.5 120.2 351.4 0.9 15 380.9 1.8 500.7 351.5 1.0 15 59.9 128.3 83.1 173.5 1.0 15 128.0 89.5 181.5 172.4 1.0 15 1.3 89.7 55.8 180.4 1.0 17 214.6 184.9 451.7 351.6
005807,0.8 8 414.3 194.5 466.6 273.1 1.0 19 305.4 203.3 391.2 279.1 0.7 10 414.1 178.7 475.7 273.2
005808,1.0 19 381.7 173.3 483.0 271.4 0.6 15 434.0 1.2 500.2 175.3 0.8 17 2.2 165.6 288.8 374.6 0.9 14 28.0 114.4 315.2 374.8 0.9 14 26.5 114.0 226.2 374.5 1.0 14 252.3 97.9 432.2 374.8
005809,1.0 6 457.8 203.3 500.2 249.6 1.0 14 118.5 185.9 156.8 314.5 1.0 14 1.3 197.6 32.0 274.9 1.0 6 54.8 207.8 109.7 242.1 0.6 14 24.7 201.0 39.2 260.6 1.0 5 122.7 95.3 437.5 266.8
005810,0.9 11 96.0 1.1 417.5 270.9
005816,0.7 14 204.7 75.2 352.0 326.3 1.0 13 108.1 114.3 413.8 344.9 1.0 14 265.1 75.2 353.0 319.2
005820,0.7 7 6.1 13.1 499.6 307.3
005822,1.0 12 80.3 24.8 490.9 499.7 1.0 14 210.4 196.6 425.8 499.8 0.6 14 160.3 194.6 426.1 500.7
005823,1.0 19 89.2 163.5 247.2 271.0 1.0 14 1.2 3.4 155.0 499.3 0.9 14 101.5 334.8 303.8 499.5 0.8 14 140.3 334.7 302.7 499.5 1.0 14 242.1 110.2 374.8 499.4
005827,0.8 19 351.8 71.4 448.3 159.5 1.0 8 14.1 96.9 232.4 346.2
005832,0.5 7 131.1 126.0 235.4 252.8 1.0 7 1.7 126.1 231.2 269.6 0.9 7 216.0 147.0 348.9 254.9
005833,0.7 2 313.0 157.6 380.4 223.3 0.7 2 304.2 156.7 421.2 250.7 0.9 2 321.8 158.6 380.6 197.1
005834,1.0 19 89.9 221.3 259.6 380.2
005835,1.0 14 344.7 42.3 465.7 315.7 0.6 14 81.0 50.0 166.7 302.0 1.0 14 251.5 41.0 355.5 221.0 1.0 14 81.3 49.1 167.5 254.1
005837,1.0 18 4.1 29.9 278.5 324.9
005842,1.0 14 231.4 164.4 269.2 259.4 1.0 14 465.5 161.1 492.0 190.6 1.0 14 77.1 170.2 92.4 198.9 0.9 6 12.2 176.5 56.6 211.4 1.0 6 38.5 176.6 213.5 244.9 1.0 6 270.4 138.6 501.3 271.4
005844,0.6 8 290.6 208.4 431.8 332.3 1.0 8 279.3 73.4 397.9 306.6 0.7 8 100.6 52.0 183.8 328.1 1.0 8 76.3 52.4 187.8 348.3 0.9 8 254.3 82.8 320.6 183.6 1.0 10 147.2 102.2 392.1 358.2 0.5 8 294.6 74.0 400.1 267.2 0.5 8 72.3 62.0 148.9 313.8 0.8 8 243.8 81.7 320.7 266.4
005846,0.5 2 172.8 134.0 273.3 311.7 0.7 2 126.6 132.2 274.5 357.7
005847,1.0 18 71.7 37.2 472.3 302.0
005848,0.9 14 136.0 48.0 300.2 327.4 0.9 14 189.0 68.5 301.3 322.7 0.8 14 84.2 49.0 298.6 330.0 1.0 1 60.9 168.4 332.3 406.5
005849,1.0 14 281.0 102.0 314.5 156.3 0.7 14 348.0 108.5 366.9 143.0 0.7 14 327.6 254.9 391.6 330.1 0.8 14 273.6 213.6 305.6 275.3 0.5 14 332.2 115.2 358.9 145.8 1.0 14 244.7 238.4 285.2 355.0 1.0 14 272.7 216.0 304.7 336.7 1.0 14 291.4 231.0 337.7 368.9 1.0 14 367.5 111.1 394.4 145.4 1.0 14 326.1 253.6 391.7 359.9 0.9 14 323.9 116.3 357.7 149.3
005855,0.8 18 290.3 120.9 462.4 179.6 0.8 18 36.4 83.5 279.5 196.8
005857,0.7 8 351.9 358.1 375.2 499.8 1.0 15 90.3 131.9 164.9 303.5 0.8 8 0.9 274.7 54.3 499.8 1.0 15 178.0 140.7 262.3 300.3
005858,0.9 8 343.7 19.4 380.9 73.9 0.9 8 424.8 20.4 474.4 71.4 0.9 8 159.6 24.0 205.6 68.2 0.9 8 296.3 19.5 332.7 73.1 0.9 8 384.2 19.8 419.2 73.4 0.9 8 220.3 20.0 260.7 81.3
005862,1.0 6 0.8 151.7 260.9 316.9 1.0 6 150.3 75.7 456.3 251.3
005865,0.9 14 429.3 254.4 442.3 288.6 1.0 14 161.6 246.3 189.8 308.4 1.0 14 472.2 234.9 499.4 297.9 0.9 14 23.7 260.1 36.1 290.0 0.8 14 43.6 261.5 56.2 291.1 0.7 14 25.0 260.7 37.0 290.2 1.0 14 208.7 204.1 279.6 373.5 0.9 14 43.6 261.5 56.8 291.3 1.0 14 443.3 256.9 458.7 290.9 1.0 14 370.0 201.4 423.6 339.4
005866,0.6 15 392.6 240.5 413.9 262.9 0.7 15 392.7 240.1 415.1 263.6 0.6 15 369.3 224.9 389.8 254.7 0.9 15 142.2 66.4 262.9 293.8 0.9 15 371.9 229.0 392.2 256.7 0.9 15 468.2 248.8 498.1 292.7 0.9 15 348.5 222.8 368.3 249.2
005869,0.9 6 449.9 243.4 500.0 275.5 0.8 6 0.9 252.6 28.3 290.4 1.0 6 53.7 245.9 110.4 287.8
005870,0.6 14 348.0 135.3 404.9 240.9 1.0 5 29.5 117.4 483.8 252.9 1.0 14 348.0 135.7 403.4 218.0 0.9 14 17.8 170.4 34.6 215.2
005871,0.7 15 166.6 58.9 276.6 205.0 0.9 10 1.6 75.2 375.0 503.3
005872,0.6 7 48.3 73.3 416.6 327.8 0.9 19 396.0 1.4 500.2 311.5 0.9 7 1.4 69.8 418.1 331.7
005876,0.8 9 157.8 242.1 390.7 419.7
005880,0.9 14 361.9 169.6 381.1 190.2 0.6 14 274.1 182.5 288.3 201.8 0.7 14 422.3 173.1 438.2 206.6 0.7 3 121.5 239.2 285.1 284.8 0.8 14 288.1 181.9 303.9 201.3 0.9 3 274.1 52.6 445.1 122.1
005882,0.9 12 136.1 238.7 256.1 499.9 1.0 14 249.6 339.3 335.3 499.4 0.7 14 26.9 1.3 60.7 56.8 0.7 14 345.3 1.3 374.7 38.3 0.9 14 63.8 333.2 178.6 427.4 0.8 14 139.2 146.6 254.4 458.6 0.9 14 189.8 399.8 298.9 500.3
005883,0.9 2 274.9 34.3 352.0 126.5 0.9 2 76.2 281.1 300.2 496.5 0.9 2 64.2 86.9 179.4 259.3 0.8 2 64.7 86.5 171.1 204.4 0.8 2 125.4 123.1 363.0 347.1 0.9 2 127.5 125.8 270.6 350.7
005886,0.8 16 85.8 258.1 203.6 364.6
005887,0.5 14 2.8 1.4 125.6 186.1 0.7 14 0.7 1.7 125.3 330.5 0.9 14 1.7 2.5 392.0 331.8 0.5 14 101.4 2.0 395.6 331.2 1.0 14 342.6 60.2 500.2 330.7
005890,1.0 14 114.1 16.1 178.1 145.2 0.9 14 0.6 115.5 35.5 189.2 0.6 14 111.8 16.3 178.4 211.6 1.0 12 84.6 77.6 204.3 211.2
005891,0.5 2 177.7 1.8 336.2 211.1
005892,0.0 0 0.0 0.0 10.0 10.0
005896,0.5 14 13.4 111.2 145.7 501.0 1.0 14 18.0 98.4 269.9 499.9
005898,1.0 8 249.4 116.9 285.7 165.7 1.0 8 415.8 125.9 477.7 214.3 1.0 19 67.5 128.0 139.8 190.6 0.8 8 368.1 115.3 411.4 204.4 0.7 8 342.3 124.3 411.8 206.6 0.8 17 197.2 121.3 398.8 289.3 1.0 8 185.6 132.1 230.7 200.7 0.9 14 206.8 155.7 389.7 238.3 0.5 17 186.7 159.7 394.1 288.9
005900,1.0 14 259.2 202.5 277.8 279.5 0.5 14 74.6 196.5 106.0 328.6 0.5 14 287.6 196.5 306.2 260.4 1.0 14 19.3 198.4 39.0 260.6 0.9 14 74.5 197.4 113.3 327.9 1.0 14 30.5 199.9 87.8 353.2 1.0 14 174.1 197.9 196.8 257.2 1.0 14 242.8 193.6 265.9 277.4
005902,0.9 19 45.3 141.2 147.1 255.8 1.0 19 214.6 144.1 346.6 255.7 1.0 19 340.2 129.2 485.5 250.7 0.7 19 327.2 52.8 413.1 118.2
005904,1.0 6 44.7 124.4 446.4 255.0
005907,0.9 14 109.3 42.5 148.0 85.8 0.6 14 92.5 69.1 146.6 171.4 0.7 14 296.0 3.0 498.8 394.6 0.5 15 453.9 92.3 500.4 204.9 0.9 14 72.1 65.6 153.5 257.8 0.7 4 208.4 219.8 259.6 303.4 0.7 14 109.6 70.2 148.0 135.1 0.7 14 102.2 43.1 148.6 136.9 0.6 14 15.6 66.7 143.5 190.1 0.7 14 63.4 48.7 94.6 91.8 1.0 14 13.3 48.0 102.7 191.9 1.0 14 115.9 49.6 281.3 394.7 0.6 14 15.1 61.7 110.0 189.5 0.6 14 72.4 65.5 107.7 129.9 0.6 8 215.3 143.4 325.6 395.3 0.8 14 61.8 48.6 95.4 138.1 1.0 14 225.4 3.3 497.4 393.9 0.9 6 304.0 57.1 335.9 73.0
005913,1.0 11 1.0 36.3 497.4 311.6
005915,0.9 16 203.6 72.8 328.1 214.0 0.9 16 271.3 137.2 356.0 214.4
005916,0.9 16 0.9 151.3 45.4 226.8 0.9 16 39.9 158.9 144.5 261.8 0.9 16 313.5 167.3 453.0 275.2
005921,1.0 14 188.9 51.1 307.4 347.1 0.7 14 68.9 48.0 124.1 102.3 0.6 8 415.1 199.3 481.9 351.6 1.0 14 424.3 107.5 481.2 206.3 0.8 14 98.6 88.0 191.6 354.1 0.7 14 172.0 73.8 204.8 115.3 0.6 14 134.8 81.2 204.3 291.8 0.5 1 53.0 259.9 270.8 353.6 0.7 1 54.0 279.7 271.5 353.8 0.6 14 97.8 47.8 196.1 290.5 1.0 14 98.9 89.3 176.6 298.1 0.8 14 63.1 45.0 123.3 198.7 1.0 14 7.8 90.7 103.8 353.3 0.6 14 73.3 92.3 114.1 199.6 0.8 14 427.4 106.6 478.8 161.2 1.0 14 386.0 70.3 432.7 197.9 1.0 14 282.1 42.4 420.4 353.2
005922,1.0 15 1.6 250.2 70.3 345.6 1.0 14 394.4 30.2 498.1 374.5 1.0 15 67.6 244.0 190.9 359.8 0.8 15 1.3 187.9 72.6 345.2 1.0 15 223.2 257.9 344.6 352.0
005924,1.0 6 0.9 140.1 41.8 223.9 0.9 6 67.5 63.3 427.7 299.7
005925,1.0 1 355.9 282.5 446.4 333.0 1.0 1 215.1 274.6 302.0 331.4 1.0 14 234.5 248.8 284.8 329.3 1.0 14 369.4 241.7 429.4 328.9
005926,1.0 4 10.1 258.5 28.3 313.9 0.7 15 259.3 205.4 319.7 269.9 0.8 14 30.5 24.6 251.3 498.2 1.0 14 29.8 24.0 313.3 496.7
005927,0.5 0 17.7 62.6 498.9 257.8 1.0 0 18.9 76.1 496.5 253.4
005929,1.0 6 21.1 126.3 487.4 328.9
005931,1.0 14 243.8 262.0 274.7 362.4 1.0 14 405.0 306.1 440.7 375.0 1.0 13 303.7 243.0 398.7 309.9 1.0 14 450.2 301.7 489.2 375.3 1.0 14 196.6 271.3 226.7 369.9 1.0 14 129.0 222.9 162.7 320.9 1.0 14 322.5 210.0 377.9 289.6
005932,1.0 6 448.8 311.5 500.9 333.0 1.0 6 312.3 299.0 391.4 332.1
005933,0.7 18 207.8 137.3 433.6 231.6 0.9 18 207.6 136.9 385.2 233.6
005934,1.0 17 77.0 21.0 481.8 371.4
005935,0.8 8 1.3 314.9 152.7 374.8 1.0 19 60.4 189.4 104.3 221.7 0.7 19 210.7 202.7 241.1 224.8 0.7 19 266.1 112.4 360.2 208.1 1.0 8 209.7 255.2 324.5 375.4 0.7 17 211.0 254.2 325.2 374.7
005936,0.9 7 61.1 67.7 411.5 257.3
005937,0.8 4 411.5 240.0 434.5 283.2 0.7 17 241.6 90.5 500.3 287.6 0.5 14 44.7 67.4 135.6 242.6 1.0 15 362.4 25.6 408.0 106.5 0.6 14 44.1 52.2 245.8 241.9 0.6 14 1.6 53.9 247.9 368.9 0.6 14 110.2 199.4 243.2 368.0 0.7 14 223.4 96.4 482.3 318.2 1.0 14 220.7 95.3 499.7 368.0
005939,0.6 17 102.8 34.3 497.6 375.1 1.0 7 191.9 141.5 323.3 282.0
005941,0.6 8 181.3 224.7 252.2 374.4 1.0 8 247.4 205.6 342.5 356.5 1.0 8 134.4 221.3 248.7 374.5 0.7 8 243.4 231.1 319.4 373.3 0.9 10 30.4 185.8 232.9 375.5 0.9 10 31.4 224.9 324.3 375.7 0.7 8 295.2 204.8 344.9 338.6 0.8 8 251.2 212.5 335.1 341.9
005942,0.6 4 179.1 302.7 200.5 333.0 0.5 4 1.3 286.8 37.9 332.5 0.8 4 34.0 268.7 65.2 333.1 1.0 14 8.7 88.8 158.6 324.6 1.0 14 307.9 64.2 500.0 331.6
005943,0.9 17 1.8 141.1 328.9 343.6 0.8 8 136.8 141.4 324.7 285.0 1.0 15 316.4 2.6 427.7 228.8 0.7 10 101.8 265.2 379.4 375.7 0.8 17 311.5 155.9 499.9 374.2
005944,1.0 14 132.4 23.0 176.7 137.1 1.0 12 87.1 43.7 271.8 211.2
005945,1.0 14 422.2 177.8 499.1 362.3 1.0 14 95.3 91.3 265.0 375.1 1.0 14 230.5 30.2 422.7 375.2
005946,0.7 14 256.1 113.5 277.0 167.6 0.9 4 296.9 233.2 374.1 373.6 0.8 14 287.1 112.1 315.3 167.1 0.8 4 154.6 226.1 219.9 345.5 1.0 14 1.8 220.2 223.8 373.8 0.8 4 243.2 263.0 299.3 357.1 1.0 19 101.8 1.7 498.3 320.5
005949,0.8 7 1.2 29.7 473.5 332.8 0.9 7 205.2 25.6 476.9 332.9
005950,0.9 3 8.7 137.8 78.8 198.2 0.8 3 89.9 129.7 248.1 209.9 0.8 3 88.9 98.5 267.3 212.3 1.0 3 218.5 133.9 444.7 217.9
005953,0.9 14 92.4 135.5 290.6 456.1 1.0 6 1.3 62.9 375.6 498.1
005955,0.9 11 16.6 2.4 496.8 332.3 0.6 14 180.8 1.4 498.2 244.5 1.0 14 178.7 1.7 497.2 332.3
005957,1.0 7 107.8 27.8 446.9 362.8
005958,1.0 14 36.6 71.9 237.7 332.9 1.0 14 203.1 2.1 499.2 332.6
005959,0.8 14 286.9 62.8 323.8 99.8 1.0 6 88.2 14.1 451.4 256.9
005962,1.0 7 1.6 76.5 305.8 334.2
005965,0.5 0 30.4 129.2 185.8 327.6
005966,1.0 14 83.4 113.1 280.0 375.9 1.0 14 264.0 87.4 500.3 374.8
005967,1.0 14 114.9 27.7 169.6 133.6 1.0 12 90.4 22.1 214.1 191.4
005969,0.9 19 251.8 38.1 406.6 184.1 1.0 14 40.7 58.3 355.6 374.5
005972,0.7 19 1.1 60.8 118.3 144.6 0.6 8 0.7 61.2 197.5 492.8 1.0 14 99.2 39.7 306.0 448.3
005973,1.0 12 132.3 128.2 300.5 430.7 1.0 14 190.8 169.2 274.8 433.6
005974,1.0 6 140.3 152.3 330.0 267.0
005976,0.8 8 381.1 156.9 495.3 317.3 1.0 8 291.5 173.5 370.0 332.2 0.7 8 379.1 156.2 469.2 313.7 0.9 15 219.1 148.5 300.9 285.9 1.0 8 85.4 209.0 179.2 332.6 0.7 10 161.4 236.7 368.9 332.6 0.9 8 290.6 172.5 369.9 266.6 0.5 8 428.8 183.2 499.1 317.1 0.7 15 226.7 223.3 309.9 284.7 0.8 10 163.6 242.4 368.8 332.4
005977,1.0 7 191.3 41.7 482.3 246.1 1.0 7 3.6 100.4 390.8 374.9 0.7 7 2.3 45.0 484.2 245.3 0.8 7 308.1 40.3 473.7 215.3 0.7 7 0.6 44.6 480.6 375.6 0.8 7 192.9 39.1 483.5 374.8
005978,0.6 18 -0.3 123.7 215.7 240.1
005982,0.9 14 13.3 167.5 150.0 500.2 0.8 14 94.8 81.2 151.8 179.4 1.0 14 271.5 89.8 375.3 499.0 0.9 14 270.6 89.1 348.9 478.1 1.0 14 236.6 101.5 286.2 157.6 0.6 14 196.9 102.4 296.9 499.6 1.0 14 91.5 80.8 171.4 452.2 0.8 14 0.5 57.2 77.2 499.9 1.0 14 1.1 71.6 143.4 499.8 1.0 14 137.5 74.0 298.8 500.0 0.9 14 270.9 90.1 359.9 304.4 0.5 14 204.0 104.1 243.2 148.2
005986,0.9 18 63.5 149.4 239.6 293.4 0.7 18 61.8 74.8 419.7 295.5 0.6 18 218.1 76.1 422.7 211.4
005987,0.7 0 103.2 88.1 400.7 256.6
005993,0.5 14 152.2 42.5 485.9 375.3 0.9 14 107.9 42.7 469.9 375.2 0.9 14 117.6 43.0 413.6 374.4
005994,0.9 8 1.5 267.2 58.6 332.8 0.7 19 410.0 125.7 499.0 265.8 1.0 14 137.3 90.8 345.1 332.3
005997,0.6 11 167.3 131.6 272.6 330.4 0.9 19 121.9 170.2 202.0 250.2
005999,1.0 14 27.4 193.9 42.9 234.5 0.8 18 79.6 56.5 376.4 286.1 0.7 18 66.6 56.8 486.7 286.0
006002,1.0 14 417.8 69.3 480.0 354.6 0.5 9 320.2 94.4 420.5 136.2
006003,1.0 4 53.0 61.4 173.5 464.1 1.0 4 216.2 77.9 337.2 364.1
006006,1.0 6 72.1 51.5 414.5 349.2
006007,0.9 11 171.2 77.0 323.9 250.4
006008,0.9 13 28.6 1.7 497.8 373.8
006010,0.9 8 1.5 255.1 87.3 357.4 1.0 8 202.3 189.2 291.4 290.0 1.0 8 118.4 193.6 199.8 303.5 0.6 14 403.4 163.7 436.6 267.1 1.0 8 73.4 177.3 136.5 284.6 0.6 8 320.8 172.0 353.7 258.0
006013,0.8 18 165.9 241.7 498.1 281.7 0.8 6 294.0 292.9 499.3 377.8
006014,1.0 14 234.6 372.1 260.5 421.4 1.0 14 199.0 377.5 225.1 422.5 0.9 3 180.4 17.6 321.8 448.5 0.9 3 183.0 387.8 280.8 452.1
006015,0.8 1 225.6 255.6 273.0 315.7 1.0 14 271.7 261.1 297.5 314.5
006016,1.0 14 138.8 26.5 200.9 93.9 1.0 14 90.4 2.0 143.7 54.9 0.9 14 1.2 1.6 43.7 82.5 0.9 6 6.8 39.5 488.7 298.6
006017,1.0 6 144.7 57.5 187.4 79.6 0.8 6 29.7 66.0 364.4 349.7 1.0 6 0.7 34.4 113.3 232.5 0.9 6 29.7 66.4 466.5 349.3 0.8 6 169.3 66.0 462.9 237.5
006019,1.0 6 2.1 67.2 497.5 373.5
006021,0.5 14 225.2 125.6 248.1 163.0 0.6 9 86.0 38.6 227.2 173.5
006022,0.6 15 1.2 0.8 156.8 270.2 0.5 15 42.0 1.8 154.5 326.9 0.9 15 1.7 2.4 225.6 349.8 0.8 15 1.5 1.4 151.1 348.6 0.7 15 51.8 1.4 156.2 273.0
006024,1.0 0 50.8 90.1 446.5 235.6
006031,0.7 17 19.3 108.1 472.1 318.7 1.0 17 19.8 107.0 471.4 374.8
006032,0.8 1 380.6 253.5 455.6 312.8 0.8 1 408.9 255.2 454.9 312.7 0.5 1 168.8 250.9 213.7 316.0 1.0 14 195.2 211.8 234.3 303.8 0.8 14 367.7 233.0 398.2 314.3 0.9 1 288.9 252.9 340.0 317.8 1.0 14 140.5 203.0 174.0 314.8 1.0 1 122.6 249.8 211.5 313.6 0.9 1 289.9 254.1 402.9 318.2 0.7 14 419.6 249.8 454.8 311.7 1.0 14 320.5 210.8 381.7 312.9 1.0 14 381.7 206.8 422.6 312.2
006034,1.0 6 5.7 34.1 286.8 128.8
006036,1.0 14 409.8 166.5 452.0 248.7 1.0 14 102.0 2.0 259.4 331.6 1.0 14 318.0 167.8 499.6 332.1
006037,1.0 11 99.5 21.7 314.2 180.7
006039,0.9 12 178.6 49.5 366.0 177.4
006040,1.0 14 128.5 88.6 289.0 374.6 1.0 14 427.2 59.7 481.1 140.1 0.6 14 3.9 91.4 137.8 375.3 0.9 14 7.8 89.4 137.6 374.2 1.0 19 352.4 41.9 498.5 157.0 1.0 14 240.1 164.4 498.7 375.1 1.0 14 380.5 62.8 433.5 134.1
006044,0.9 11 154.2 8.3 495.9 374.3 0.8 11 156.6 10.4 423.1 374.4
006047,1.0 6 216.6 145.4 281.9 189.4 0.8 6 135.1 156.7 167.0 202.2 1.0 6 275.0 138.2 337.0 182.0 0.8 6 195.9 147.3 229.9 191.3 1.0 6 155.1 147.7 227.6 191.3 0.6 6 68.8 168.7 91.7 207.4
006048,0.7 3 1.6 0.1 325.9 374.2 0.5 3 2.3 306.5 322.5 380.1
006049,0.8 15 1.1 0.6 169.6 334.2 0.8 15 216.9 233.1 329.7 492.4
006050,0.6 14 365.6 2.0 500.0 374.7 0.8 14 407.9 1.7 498.7 176.4 1.0 14 1.6 2.0 216.4 374.5 1.0 14 95.3 115.5 359.7 374.2
006051,0.8 0 382.2 228.9 443.3 253.3 0.9 0 301.8 225.8 366.1 243.6 1.0 0 159.4 161.2 218.7 185.0 1.0 0 245.8 192.0 307.4 213.6 0.7 0 431.9 260.0 491.7 285.0 0.9 0 318.9 201.1 381.2 228.8
006052,1.0 7 126.6 51.8 496.1 373.7
006053,1.0 2 3.4 108.2 287.5 498.5
006054,0.9 2 79.7 270.1 170.4 332.6 0.6 2 139.7 269.6 176.9 307.1 0.9 2 216.1 84.1 260.3 167.6 0.9 2 161.8 107.1 222.0 244.7 0.6 2 66.3 268.4 173.1 332.9 1.0 2 440.4 292.4 487.7 332.9 0.9 2 228.2 85.1 296.1 274.9 1.0 2 239.6 118.2 298.3 276.2
006056,1.0 4 289.8 88.8 317.8 185.9 0.8 14 448.5 1.2 500.3 157.2 0.9 8 234.0 31.8 315.1 118.4 1.0 10 8.8 90.8 497.2 331.7 1.0 4 178.6 86.8 208.3 179.1
006057,1.0 8 249.1 192.9 310.6 313.4 1.0 8 98.1 189.9 161.2 319.3 1.0 8 13.9 208.4 115.1 371.4 1.0 10 96.5 206.6 267.2 362.0 1.0 8 168.9 223.0 269.8 374.5
006059,0.9 13 2.1 252.3 252.2 450.8 1.0 14 195.6 153.0 287.4 431.5
006060,1.0 14 346.6 68.3 499.2 331.7 0.6 14 3.9 165.7 347.7 332.2 0.5 14 258.9 84.4 365.3 263.7 0.7 14 262.0 67.8 466.6 332.0 1.0 14 256.8 83.5 364.8 331.1 0.9 14 344.4 66.8 466.6 331.5
006063,0.8 7 55.5 100.5 195.5 313.1 0.9 7 12.1 86.8 314.1 316.2 0.9 7 53.7 87.4 321.8 309.7 0.9 7 172.3 88.9 320.2 306.4
006064,0.9 7 1.4 2.5 499.7 358.9
006068,0.9 15 130.1 15.4 186.0 124.4 0.6 8 198.3 316.8 330.8 461.7 0.9 15 207.4 206.8 252.5 327.1 1.0 19 1.9 148.0 108.5 267.2 0.7 8 85.8 312.3 331.1 497.3
006072,0.9 4 174.9 101.5 254.8 366.5 1.0 4 219.9 14.1 302.8 353.9
006075,0.7 19 255.8 206.9 302.0 255.8 1.0 19 346.5 181.5 420.7 246.9
006076,1.0 14 17.4 114.7 259.5 500.2
006077,1.0 18 131.3 110.3 301.6 220.7 0.7 18 140.3 142.3 304.2 220.6
006080,1.0 7 2.1 14.0 499.9 500.4
006081,1.0 8 206.4 203.5 262.5 300.4 0.8 8 203.4 180.8 238.2 276.1 0.7 8 205.7 182.9 261.6 291.9 0.9 8 95.5 297.7 147.2 387.1 0.8 19 201.7 92.7 240.0 152.2 1.0 10 94.1 186.7 258.1 299.0 1.0 8 98.6 171.0 151.2 285.6 0.9 19 104.9 86.7 169.4 146.6 0.8 8 210.4 182.3 261.1 282.4 0.5 19 200.8 92.0 240.6 153.0
006082,0.8 5 0.1 7.0 385.3 377.6 1.0 6 392.6 172.0 438.6 200.0
006083,0.9 15 391.3 74.6 461.8 210.3 1.0 13 86.7 70.8 373.0 358.3
006085,0.8 9 165.9 57.9 281.5 186.2 0.7 9 123.7 103.5 181.7 180.9 0.8 9 170.1 57.5 283.9 142.4 0.7 16 85.1 159.7 254.1 336.6 0.7 9 312.8 43.5 472.2 175.9
006086,0.6 15 37.9 70.5 131.6 169.5 1.0 4 110.1 75.0 170.2 264.2 0.8 10 5.3 252.7 487.3 475.7 0.8 8 315.4 129.5 479.6 410.0
006087,0.7 14 420.6 230.8 499.5 326.3 0.6 14 30.2 1.9 252.0 371.3 1.0 14 1.8 2.0 251.1 374.5
006090,0.9 7 1.0 293.4 166.6 399.1 1.0 7 152.6 66.7 373.4 500.8
006092,0.6 15 128.2 135.8 308.8 462.6 1.0 14 315.6 36.0 375.2 366.6 0.9 14 1.5 0.8 99.2 249.9 0.8 14 314.6 38.5 375.3 296.2 1.0 14 50.2 0.1 181.7 263.6 0.7 4 167.0 298.7 236.9 463.4 0.7 14 1.0 0.4 98.2 247.7 0.7 14 51.2 0.9 182.7 430.1 1.0 14 185.6 0.5 330.3 303.9
006093,0.9 8 58.2 166.9 140.3 258.5 0.7 14 1.0 0.4 73.5 204.7 0.6 14 399.8 122.4 484.8 196.5 0.8 14 0.9 0.6 76.6 370.8 0.8 14 116.6 92.1 483.0 378.6 0.9 14 241.2 92.1 410.6 378.8 0.9 14 372.2 122.0 487.2 297.1 0.9 14 238.5 90.4 486.0 378.4
006094,0.9 5 284.5 137.3 455.1 331.7 0.8 14 365.6 164.0 397.9 309.8 0.5 14 367.3 165.8 390.1 195.5
006099,1.0 11 1.3 2.4 497.2 356.5
006101,1.0 14 182.2 80.2 309.4 394.1 0.6 15 53.1 1.8 226.3 394.1 1.0 14 74.0 70.7 204.9 395.2 1.0 14 288.6 38.3 452.5 395.1
006102,0.9 2 155.3 147.0 315.4 212.2
006106,0.8 12 94.5 115.7 269.4 356.7 0.9 12 3.6 121.1 269.1 372.5 0.7 12 2.6 123.9 218.6 373.7 0.6 12 324.4 57.8 500.1 373.8
006109,1.0 6 41.4 269.3 134.2 314.0
006110,1.0 3 334.9 219.8 384.2 255.7 0.7 3 328.2 149.0 357.7 158.2
006112,0.9 11 109.7 35.1 333.1 371.9 0.8 11 107.6 2.5 338.0 369.9
006113,0.9 1 376.0 238.3 418.6 306.6 0.6 5 407.4 145.3 500.2 299.0 1.0 14 366.1 185.8 415.9 300.7 1.0 6 160.3 172.3 213.2 242.5 0.7 5 1.0 148.9 134.8 297.5 0.7 5 206.2 147.6 322.4 295.0
006114,0.7 19 174.8 1.4 299.6 133.2 1.0 7 205.6 237.3 374.3 499.2
006115,1.0 14 1.8 291.2 93.2 383.3 0.6 15 69.7 70.2 197.5 240.3 0.6 15 1.7 40.0 98.9 273.0 0.8 15 5.0 42.9 82.3 273.8 0.6 17 147.1 222.1 451.5 343.7 0.6 15 166.9 33.1 380.9 240.1 0.9 15 1.0 37.0 195.0 384.8 0.5 15 2.5 40.3 188.2 276.6 0.8 15 1.6 38.3 76.8 277.4 0.5 15 1.2 35.8 96.3 384.8 1.0 17 140.7 220.8 454.8 383.1
006116,1.0 19 169.6 95.8 343.6 222.1
006118,1.0 14 163.3 6.9 457.6 333.4 1.0 1 150.0 181.4 410.5 334.3 0.9 14 281.4 8.9 459.8 333.7
006119,1.0 13 91.8 139.9 204.0 277.8 1.0 13 191.7 68.6 448.3 333.0
006121,1.0 6 39.4 155.7 186.7 226.2 1.0 6 101.9 147.5 287.6 240.0 1.0 6 203.9 137.4 451.1 261.7
006122,1.0 14 444.1 98.0 488.8 190.8 1.0 14 102.3 109.7 170.6 227.1 1.0 12 147.1 37.8 363.8 332.3
006126,0.9 8 3.1 201.0 170.8 333.9 1.0 17 88.1 160.3 305.5 270.2 0.7 17 326.8 156.4 438.2 273.2
006127,0.6 15 335.9 178.1 375.1 300.4 0.7 18 28.1 116.5 306.7 399.5
006132,1.0 2 34.7 66.2 263.0 330.2 0.7 2 35.3 28.1 470.7 332.5 1.0 2 252.8 25.7 470.4 331.8
006137,0.8 14 238.9 111.9 267.9 138.1 0.8 14 295.2 137.2 311.6 159.0 1.0 6 107.1 133.6 396.8 235.7 0.6 14 222.6 150.0 244.8 167.5
006138,1.0 18 1.6 78.5 243.5 221.6
006142,0.7 8 48.2 134.2 141.6 273.4 0.5 14 24.5 61.0 64.4 124.0 1.0 14 26.5 59.0 66.1 101.2 1.0 10 3.6 130.2 196.8 267.6 0.9 4 1.6 95.8 25.9 141.0 1.0 14 222.6 2.3 255.7 135.2 0.6 14 147.7 23.3 174.5 56.0 1.0 14 249.1 21.0 277.7 130.0 1.0 8 5.7 133.5 140.7 281.2 0.5 8 6.7 135.0 186.8 271.0 0.9 10 71.3 259.0 325.0 375.0 0.9 14 198.9 2.9 256.4 157.0 0.7 14 225.0 1.7 252.3 45.7 1.0 14 300.1 2.9 499.6 374.4
006143,0.5 2 269.5 86.6 307.0 117.2 1.0 14 81.4 258.8 164.3 366.5 0.6 2 249.5 122.8 289.3 152.4 1.0 12 108.5 184.8 250.6 373.6
006144,0.5 7 288.5 323.2 420.5 501.6 0.9 19 26.0 9.5 389.3 358.0 1.0 14 183.4 105.4 219.2 141.5 1.0 7 80.9 110.5 265.8 500.8
006145,0.7 4 352.5 215.6 376.3 257.0 0.7 4 255.8 183.6 268.0 213.9 1.0 14 6.6 10.0 83.7 163.5 1.0 14 208.1 5.9 297.6 191.9 0.6 8 147.8 117.4 180.1 185.5 1.0 14 107.5 27.9 171.4 211.5 1.0 14 38.5 86.3 151.5 286.2 0.7 8 80.9 111.3 167.0 296.8 1.0 14 313.9 53.5 422.3 237.8 1.0 14 275.2 67.4 499.6 332.2
006147,1.0 14 174.0 106.6 200.3 210.0 0.7 13 126.9 202.0 494.2 373.1 1.0 14 143.8 102.9 171.7 207.5
006149,0.7 11 3.1 28.4 372.6 247.9 0.8 11 1.5 28.2 500.3 249.8
006152,0.8 14 389.1 14.8 499.9 374.0 0.7 14 329.7 78.8 385.8 179.7 0.6 14 337.0 79.7 395.4 373.5 0.8 14 420.9 16.1 499.7 373.5 1.0 14 104.8 24.0 270.4 374.5 1.0 14 0.7 54.5 139.7 374.1 0.7 14 334.0 80.3 389.8 314.7 1.0 14 244.6 58.6 372.4 374.3 0.9 14 311.6 34.4 359.8 83.9 1.0 14 350.0 54.8 499.6 374.1 0.7 14 310.1 34.8 361.0 136.0
006154,1.0 18 2.9 55.2 350.3 399.2
006155,0.5 6 214.9 175.0 245.6 195.2 1.0 6 398.7 176.0 498.9 215.3 1.0 6 345.8 172.6 427.6 209.9 1.0 6 290.7 171.3 369.6 205.7 0.9 6 111.5 166.6 158.9 188.2 1.0 6 17.9 163.8 64.7 181.6 1.0 6 169.6 168.5 225.1 195.0 0.5 6 140.8 172.9 173.8 188.9 0.8 6 69.1 166.9 104.8 184.5 1.0 6 242.3 170.2 317.4 202.3
006157,0.7 1 334.0 223.5 378.1 386.3 0.8 14 16.1 181.3 210.7 499.2 0.8 14 16.6 136.0 256.7 498.2 1.0 2 143.4 127.3 273.4 308.4
006160,1.0 3 170.6 167.1 233.0 268.1
006164,0.9 3 238.3 398.2 327.2 432.7 0.9 3 78.2 390.9 248.4 445.4 0.9 3 78.2 387.9 324.9 444.6
006165,1.0 14 106.2 100.9 248.5 371.9 0.9 1 17.9 189.0 236.1 436.2
006167,0.6 14 151.0 0.9 272.4 95.4 0.7 11 145.9 215.4 266.5 333.4 1.0 11 120.3 214.9 267.3 333.8 1.0 14 122.5 17.5 320.5 325.6
006168,0.6 14 2.0 49.5 423.4 334.1 0.9 14 1.5 48.8 499.0 334.3 0.9 14 259.3 22.9 500.0 334.0
006169,1.0 14 287.7 183.4 357.4 332.2 1.0 14 161.9 202.3 230.3 332.7 1.0 14 95.0 201.3 168.0 328.9 0.9 8 384.3 260.2 499.9 332.7 0.9 14 287.3 128.4 382.9 308.4 1.0 14 230.8 199.4 301.2 333.0 0.9 14 293.6 127.0 385.5 327.8 0.9 14 286.6 183.3 387.4 332.5
006173,0.8 9 353.6 261.1 401.2 301.3 0.7 9 153.6 230.4 203.8 306.6 0.8 9 95.1 230.0 203.3 311.5 0.7 9 94.8 232.4 160.3 312.6 0.9 9 213.0 233.9 286.8 309.6 0.7 9 409.4 263.4 459.4 297.8 0.9 9 300.8 224.7 353.6 297.4
006178,1.0 14 47.4 212.9 93.9 304.0 1.0 14 164.2 118.0 204.2 242.0 1.0 14 464.9 235.3 499.7 292.7 1.0 14 115.5 117.2 163.9 234.6 1.0 14 1.3 172.5 48.5 332.7 1.0 14 200.3 119.3 247.7 247.6 1.0 14 292.5 124.7 340.1 256.4 1.0 14 250.7 134.6 294.8 253.1
006182,0.5 16 68.1 78.0 245.2 141.8 0.6 16 169.6 94.4 465.5 235.7
006186,1.0 14 74.4 1.6 496.6 317.7
006191,1.0 18 22.0 84.4 296.3 280.5
006192,1.0 14 191.7 17.4 335.0 268.2 0.8 1 182.9 155.9 332.3 333.6 0.9 1 185.8 156.6 330.1 332.8
006193,1.0 13 180.1 131.4 366.2 294.1 0.6 13 333.0 116.4 488.8 224.6 1.0 14 48.9 55.5 100.3 203.3 0.9 13 332.3 120.6 451.9 243.4 0.9 13 413.2 116.4 490.7 208.4 0.9 13 2.5 183.4 231.5 350.1 0.9 13 325.3 117.9 489.3 239.4 0.7 14 327.5 121.4 390.7 179.2
006194,0.8 11 1.5 4.0 499.7 270.0
006195,1.0 14 316.3 335.1 374.9 473.5 0.9 10 1.7 380.1 179.3 466.1 1.0 4 71.3 363.4 85.4 412.9 0.9 4 34.7 364.6 47.1 414.4 1.0 14 45.7 302.0 116.7 399.3 1.0 14 117.8 83.7 272.8 499.4 1.0 4 57.6 364.7 71.6 414.3 1.0 14 242.7 364.6 315.4 499.4
006197,0.8 5 92.9 24.7 430.6 375.0
006199,1.0 14 229.6 58.8 431.2 341.0 0.9 1 159.1 165.8 421.2 347.9
006200,1.0 14 417.1 179.8 495.9 327.6 0.5 13 74.5 287.1 212.9 374.8 0.5 15 1.2 165.0 34.6 229.4 1.0 14 208.1 73.6 464.2 375.2
006204,0.6 18 117.8 177.4 185.7 232.7 0.6 18 181.5 179.2 227.1 234.4 0.9 18 117.6 175.5 225.9 234.0
006205,1.0 3 394.1 254.8 423.8 295.1 0.9 3 84.0 258.1 102.1 290.8 0.9 3 6.9 257.4 30.3 293.2 1.0 3 257.8 195.2 324.5 300.9
006207,1.0 14 174.5 34.4 280.0 183.1 1.0 12 35.0 43.5 379.0 322.5
006211,0.6 7 151.8 241.4 201.4 280.9
006213,1.0 14 351.4 250.3 375.2 412.6 0.9 6 46.3 240.1 354.0 436.8 0.7 13 249.3 309.6 353.4 415.2 1.0 14 284.6 250.0 312.6 329.5 1.0 14 316.8 251.6 347.5 330.2
006217,0.9 16 5.6 328.5 93.5 477.6 0.8 16 168.4 251.8 300.0 376.6 0.8 16 81.2 258.4 172.9 452.6 0.7 16 43.6 192.9 215.1 258.2 0.6 16 41.4 194.1 162.1 256.4 0.8 16 29.3 246.0 170.9 449.8 0.7 16 22.5 241.2 92.6 355.8 0.9 16 235.2 201.9 333.2 312.8 0.9 16 168.6 307.0 270.3 458.4
006226,0.9 14 201.4 161.3 224.0 194.8 1.0 14 305.0 175.1 375.2 389.0 1.0 14 272.9 195.3 306.2 239.3 0.5 10 51.3 211.2 246.1 418.8 0.6 14 305.2 175.6 375.3 345.6 0.8 14 87.8 186.0 149.7 262.1 0.8 14 305.3 175.6 375.2 414.9 1.0 14 68.4 188.6 116.4 257.8 1.0 14 142.3 145.2 205.2 204.6 1.0 14 1.0 155.3 59.4 380.7 1.0 14 106.9 134.7 138.2 189.1 1.0 14 242.5 161.7 278.0 201.9 1.0 14 107.5 182.8 147.9 229.6 0.9 15 153.6 187.2 198.5 247.4 0.8 10 5.6 226.6 228.6 439.0 1.0 14 67.0 131.3 110.8 227.1 0.9 14 0.8 157.1 57.0 335.2 0.7 14 0.9 157.6 62.3 498.2 0.9 14 110.6 201.5 342.4 499.1 0.8 10 7.5 224.3 329.3 462.4 0.9 8 88.1 453.3 314.6 499.7 1.0 14 32.1 217.4 77.6 302.4 1.0 14 194.0 172.4 247.0 223.5 1.0 14 194.3 172.2 247.1 224.0 1.0 14 186.2 203.2 343.0 499.0
006227,0.6 16 89.0 59.7 249.0 138.5
006228,0.9 6 0.9 43.2 459.4 353.0 0.8 6 2.5 96.9 460.0 348.6 0.9 6 362.1 101.5 500.0 221.3
006231,0.5 15 183.2 268.7 373.1 498.4
006232,0.6 0 99.5 152.1 449.0 277.1 0.6 0 95.4 151.9 482.3 275.9
006237,0.5 9 58.0 82.7 107.1 211.1 1.0 14 96.5 32.0 278.7 499.8
006239,1.0 14 247.6 157.3 334.0 497.8 0.9 14 249.7 158.5 333.8 422.6 0.5 14 81.6 61.0 212.4 396.4 0.8 14 3.0 186.9 141.2 452.3 0.9 14 4.1 177.4 123.3 453.7 0.5 14 91.8 186.9 140.5 310.1 1.0 14 104.1 60.0 268.0 499.1 0.8 14 90.4 184.8 140.5 354.1 0.5 14 249.0 156.6 334.1 276.4 0.6 14 164.9 158.4 333.9 498.9
006242,1.0 6 159.9 154.1 236.7 209.6 1.0 6 36.4 154.1 139.2 211.6 1.0 6 289.2 152.1 358.6 206.6 1.0 6 388.0 153.7 464.0 203.8
006244,0.9 2 233.6 105.7 318.6 181.3
006245,0.9 11 2.0 31.5 333.0 369.7 0.8 14 214.4 1.9 497.4 374.1
006246,0.7 6 6.4 2.5 498.9 358.4
006248,0.7 4 1.2 248.9 24.9 299.3 0.7 4 1.2 251.4 29.4 334.1 0.5 4 22.7 257.5 52.1 310.2 1.0 14 175.0 39.7 227.0 267.3 1.0 14 37.5 46.0 228.4 312.8 0.8 4 1.3 274.5 31.1 335.1 1.0 14 223.3 62.9 278.1 224.8 1.0 14 227.8 13.3 499.2 334.6
006253,0.9 11 0.7 36.2 211.9 333.0 0.9 7 320.4 109.6 452.4 255.4
006255,0.7 14 1.8 2.4 498.7 374.6 0.7 14 1.6 2.4 406.7 374.5 0.9 14 87.9 2.1 498.3 374.6
006256,1.0 6 69.3 80.5 404.6 276.6 0.9 6 266.6 73.0 495.7 225.8
006257,1.0 17 25.4 146.4 473.6 326.9 0.7 17 25.3 148.6 475.4 374.0 1.0 14 316.0 145.0 352.4 225.5 1.0 14 251.7 183.5 325.3 269.1
006263,1.0 0 11.6 80.5 487.9 232.8
006265,0.8 14 343.3 1.2 499.8 291.0 1.0 7 184.8 108.7 389.8 269.6
006266,0.9 11 370.8 176.7 462.8 266.5 0.6 16 116.0 140.4 233.0 254.7 1.0 14 0.9 30.9 60.3 279.6 1.0 14 238.5 34.5 336.3 241.3 0.7 16 252.0 138.1 314.5 305.2
006268,1.0 2 92.6 127.1 244.6 277.2 0.6 2 69.2 126.6 246.8 351.8
006271,0.8 8 27.1 1.6 181.6 82.3 1.0 10 2.3 34.5 498.3 375.5 0.5 15 303.6 212.6 459.7 325.7
006273,0.5 14 322.0 151.6 499.6 332.9 1.0 14 138.3 39.4 296.0 314.6 0.7 15 0.7 1.1 71.7 310.1 0.7 14 137.3 39.5 498.4 332.9 1.0 11 256.1 40.2 341.2 220.1
006274,0.9 14 303.7 56.2 321.0 91.9 1.0 8 329.9 69.3 376.2 155.0 1.0 8 363.1 71.1 417.9 125.0 0.7 15 373.5 18.6 422.4 120.9 0.7 8 347.7 70.8 379.4 124.8 0.9 8 167.8 62.7 206.3 112.2 0.7 15 123.7 0.9 203.6 106.6 0.6 8 0.8 65.8 106.2 227.2 1.0 14 122.6 12.8 380.1 243.8 0.6 8 337.4 69.4 375.6 130.1 1.0 14 314.2 59.4 341.9 103.7
006278,1.0 18 60.5 25.6 476.7 316.4
006280,1.0 7 289.9 93.5 436.0 232.9
006283,1.0 6 20.9 121.2 59.0 185.5 1.0 6 25.9 6.3 499.0 338.0
006287,0.9 8 268.1 206.9 453.7 367.6 0.6 8 227.2 204.1 451.3 374.1 0.8 8 2.1 199.0 233.8 361.7 1.0 14 228.6 144.5 408.0 374.5
006288,0.5 17 114.6 97.2 498.6 276.7 0.8 14 130.5 169.5 270.4 373.8 0.5 14 132.9 170.7 257.4 335.8 0.6 14 101.6 44.0 431.4 339.6 0.9 14 101.1 43.9 497.3 375.3 0.7 14 291.8 163.5 417.6 332.8 0.8 14 131.8 168.2 405.8 373.7
006292,0.9 14 157.6 120.5 277.2 307.1 0.6 14 389.6 118.8 457.2 310.3 1.0 14 119.2 26.6 209.4 249.0 0.7 14 156.3 116.6 320.6 307.9 0.5 14 355.3 128.2 421.8 316.7 0.9 14 255.2 116.0 322.0 238.3 1.0 1 78.5 197.3 362.6 333.0 1.0 14 355.1 118.3 455.7 317.4
006293,0.9 8 100.5 195.8 206.9 280.0 1.0 19 161.3 76.6 242.1 165.0
006294,0.9 0 12.6 153.8 272.4 232.1 1.0 0 11.0 71.2 489.3 232.7
006297,0.6 10 127.4 174.9 254.7 254.3 0.9 8 33.3 115.2 123.3 217.2 0.8 8 216.2 211.8 333.7 274.0 1.0 17 215.0 125.1 402.0 260.7
006298,0.7 19 0.9 25.6 407.0 380.1
006302,0.8 3 412.5 97.7 498.9 261.3 0.7 3 352.6 171.1 391.9 254.7 0.7 3 3.2 162.7 47.9 260.2 0.9 3 30.0 162.4 82.2 258.0 0.8 3 148.8 109.0 233.4 264.4
006303,1.0 7 101.2 139.5 308.9 370.5 1.0 14 69.5 119.4 112.4 278.1
006307,0.5 19 211.4 57.3 245.6 89.0 0.7 14 293.6 98.6 393.0 166.1 0.7 14 166.6 80.1 232.7 152.0 0.9 8 145.9 102.0 289.3 177.3 1.0 19 135.5 62.9 172.1 104.7 0.9 15 206.8 23.6 237.6 57.7 0.8 17 290.3 65.8 429.1 116.2
006308,1.0 19 33.1 2.4 373.2 289.0 0.8 11 244.5 375.1 359.2 499.6
006310,0.8 1 0.8 63.2 273.7 333.2 1.0 14 231.7 1.5 498.8 326.9
006311,0.7 15 162.8 179.6 189.4 224.9 0.8 15 103.0 177.8 134.0 220.6 0.6 15 128.3 117.4 203.0 216.7 0.7 15 131.2 61.9 270.7 229.5 0.6 15 32.1 154.1 76.9 199.9 0.8 15 128.0 63.5 218.5 222.2 0.6 15 103.5 177.6 132.3 214.1 0.8 15 70.7 181.5 104.5 214.2 0.9 15 70.2 182.1 105.5 229.0 1.0 15 185.4 180.5 217.6 230.3 0.6 15 127.5 115.4 216.7 229.9 0.9 15 33.5 154.1 78.1 206.8 0.8 15 125.1 176.6 183.9 216.0
006312,0.7 14 294.8 76.6 422.9 193.0 1.0 1 299.3 82.8 476.8 236.7 0.5 1 300.8 81.8 471.5 170.2
006313,0.8 14 318.8 268.4 417.9 374.4 0.8 15 11.8 15.0 111.6 224.6 0.5 14 314.5 269.5 384.9 374.3 0.6 8 421.0 211.6 471.8 276.8 1.0 14 272.9 146.0 335.4 257.6 0.8 19 1.3 121.0 90.0 227.7 0.8 14 269.7 268.3 381.2 374.4 1.0 17 266.8 145.8 472.2 266.1 1.0 14 86.5 85.9 213.5 374.9 0.7 4 57.8 192.8 90.0 251.8 1.0 14 275.1 164.7 396.2 346.5 0.6 14 277.7 269.5 418.9 374.7 0.6 14 216.1 268.9 416.0 374.7
006315,0.7 11 261.8 132.4 411.7 316.5 0.6 2 119.2 125.3 277.4 354.5 0.6 11 222.0 132.3 413.3 318.1
006316,0.6 9 10.4 37.9 217.5 303.6 0.8 9 181.2 25.0 497.9 274.8
006317,1.0 5 1.8 0.4 402.5 231.6 1.0 14 246.2 67.2 395.1 372.6 1.0 1 239.3 209.7 479.9 374.4
006322,0.9 14 3.1 0.8 240.5 311.8 1.0 14 130.7 2.0 498.4 333.5
006324,1.0 6 97.4 222.7 189.7 258.6 0.8 6 251.9 178.8 411.1 302.6
006326,1.0 6 18.7 72.8 391.8 319.9 1.0 6 332.3 73.0 500.7 188.4
006327,0.9 14 280.3 228.4 293.7 289.7 1.0 14 268.8 229.1 283.3 294.6 1.0 14 313.3 222.4 334.2 311.4 1.0 14 299.2 223.1 316.7 297.9 1.0 6 0.6 238.1 26.7 267.1 0.9 5 51.0 61.1 233.3 343.0 0.8 6 1.2 234.8 37.2 259.0
006328,1.0 11 166.8 95.5 325.8 281.1
006331,1.0 6 100.1 84.4 401.2 280.3 0.7 6 272.9 73.2 287.2 89.2
006332,0.8 3 107.2 154.6 401.4 265.8 0.8 14 316.0 178.9 337.6 213.7 1.0 14 148.7 171.4 174.2 214.3 0.5 3 0.8 1.6 402.0 266.2 0.9 3 95.5 2.4 402.8 265.0 0.9 14 316.9 178.0 340.2 214.3 1.0 14 336.8 175.4 355.9 214.0 0.9 14 300.2 179.2 320.6 210.5
006333,0.7 6 328.6 71.0 427.8 117.0 0.9 6 438.0 95.8 500.3 152.1 1.0 6 60.2 51.5 452.8 289.2 1.0 6 326.8 71.8 500.1 150.2
006334,0.9 14 28.2 198.8 44.8 235.8 1.0 6 318.1 196.5 350.4 233.0 1.0 5 74.3 169.4 222.1 244.9 1.0 14 465.5 196.9 495.9 279.5 1.0 14 440.2 203.4 464.6 256.3 1.0 6 279.9 196.4 322.8 234.4
006336,0.7 7 2.5 2.2 331.6 428.7 1.0 7 1.5 2.4 374.6 437.3
006340,1.0 6 3.6 84.4 459.5 349.5 0.6 6 1.9 86.8 500.8 374.6
006342,1.0 2 65.0 51.8 314.3 179.5
006343,0.5 3 286.9 124.6 406.4 205.2
006345,0.0 0 0.0 0.0 10.0 10.0
006347,0.5 0 39.5 101.8 323.3 229.9 0.7 0 2.6 26.3 484.1 230.5
006354,1.0 11 2.1 83.3 407.4 289.6 0.8 11 3.2 87.5 386.2 251.6
006356,0.7 18 2.4 65.1 501.0 273.3 0.7 18 124.3 75.3 500.2 273.7
006358,0.5 6 296.9 206.6 345.9 229.8 1.0 6 461.1 204.7 500.3 228.6 0.8 6 426.8 200.7 463.8 229.7 1.0 6 148.5 201.4 210.6 227.6 1.0 6 99.7 205.5 147.8 226.1 1.0 6 204.6 205.9 245.5 227.3 1.0 6 38.1 207.5 79.1 227.0 0.9 6 74.2 202.3 105.1 223.4 1.0 6 264.6 205.2 344.4 229.8 1.0 6 345.1 198.8 433.1 233.8
006359,1.0 4 191.2 43.2 214.8 125.2 0.9 15 82.1 137.8 184.9 226.0 1.0 4 217.6 43.8 242.1 124.3 0.9 17 161.0 39.3 498.2 270.9
006360,0.8 4 267.8 232.6 303.7 358.2 1.0 4 224.3 242.5 257.3 353.7 1.0 14 1.1 114.1 149.3 375.4 0.8 10 105.5 256.9 490.2 374.5 0.6 14 355.6 66.1 500.4 286.1 1.0 14 356.9 65.2 500.3 369.2
006361,0.9 14 207.8 85.8 237.5 155.9 0.9 12 197.4 117.7 254.1 207.8 1.0 14 372.1 76.6 424.5 210.9 0.9 12 298.8 132.8 442.5 267.4
006364,0.8 14 388.4 171.9 431.2 212.8 0.6 14 223.6 187.5 243.2 208.4 0.6 12 40.7 141.6 269.7 344.0 1.0 12 45.5 142.3 495.2 343.7 1.0 14 255.2 22.0 382.7 342.8
006365,0.8 12 73.9 62.4 401.2 294.5 0.5 14 391.5 103.4 485.3 252.4 0.9 1 333.3 157.9 473.6 305.6 0.9 14 410.1 103.5 482.9 219.4 0.5 12 72.7 61.9 244.0 297.7 0.8 12 69.9 61.6 474.1 302.9 0.9 12 73.1 61.2 431.6 296.4 0.5 14 371.2 102.7 485.7 226.2 0.8 1 222.9 132.8 473.8 306.2
006368,1.0 14 227.0 14.2 340.1 192.2 1.0 12 65.5 46.3 422.1 325.3 0.7 12 140.8 47.9 421.8 320.6
006370,1.0 14 128.7 151.2 142.5 178.9 1.0 14 35.0 153.8 47.0 181.0 1.0 14 237.1 161.1 248.4 185.6 1.0 14 348.7 162.6 363.0 190.9 0.6 14 346.4 162.9 357.1 189.0 0.9 14 58.4 158.9 69.5 180.9 0.6 14 61.6 160.2 71.9 181.2 0.7 14 355.0 162.2 366.8 190.0 1.0 14 165.7 118.5 233.1 424.5 1.0 14 266.3 159.8 278.5 188.0
006372,1.0 18 173.7 45.6 499.3 299.4
006373,0.9 14 48.3 288.3 64.8 397.9 1.0 14 18.3 280.8 53.9 469.0 0.8 17 241.6 365.6 375.8 499.2
006376,0.8 14 342.4 79.7 374.2 123.5 1.0 14 210.8 57.6 275.7 109.1 0.8 6 38.2 21.3 452.8 359.2 0.8 14 305.9 67.3 333.0 94.3
006378,0.9 9 158.7 178.3 220.5 262.9 1.0 14 147.4 89.8 184.4 174.2 0.8 9 282.1 175.5 370.6 281.1
006379,0.6 2 166.2 116.7 293.5 262.4 0.8 2 173.5 116.4 291.9 223.4 0.9 2 71.0 159.8 240.5 268.3 0.9 2 223.1 116.9 437.2 310.9 0.9 2 226.8 119.0 436.9 313.2
006380,0.9 14 277.8 40.9 320.0 92.1 0.5 4 248.3 167.4 267.9 202.7 0.6 14 1.2 150.5 132.9 374.7 0.5 14 68.1 102.0 163.4 246.7 0.9 14 347.5 46.7 391.5 131.3 0.6 14 359.6 95.0 499.1 196.1 1.0 14 222.6 55.8 258.6 103.7 0.6 14 358.6 92.5 441.0 198.5 0.7 14 350.5 93.1 439.0 251.9 0.9 14 277.9 41.1 318.5 120.2 1.0 14 121.9 93.0 209.9 220.0 0.6 14 344.1 76.1 408.1 181.6 0.8 14 1.0 153.6 144.1 375.0 0.9 14 184.4 58.4 224.6 109.9 1.0 14 345.9 59.6 391.1 133.6 1.0 14 179.2 60.5 240.5 125.1 0.9 14 67.4 101.7 162.9 316.2 1.0 4 256.7 115.0 277.7 182.7 0.5 14 121.0 92.0 211.9 310.4 1.0 14 122.9 64.0 162.5 124.5 0.6 14 356.3 47.2 384.8 82.5 0.9 14 1.6 100.8 163.0 375.2 1.0 10 80.8 106.5 419.2 376.1 0.8 14 68.1 101.0 163.3 308.3 0.9 14 235.5 43.7 263.4 99.0 1.0 14 346.7 82.9 436.0 192.0 0.6 14 341.0 53.0 361.7 98.3 1.0 14 311.4 115.2 498.1 371.8 0.6 14 337.3 51.4 363.6 128.0
006383,0.7 6 70.5 36.6 431.0 153.7 0.9 6 65.6 22.0 481.3 155.6
006384,1.0 19 347.8 2.5 497.9 150.6 1.0 14 38.9 82.2 279.4 418.4 0.9 14 38.1 81.0 363.2 418.4
006386,0.9 6 185.8 167.3 210.8 185.7 1.0 6 144.0 170.5 202.3 206.9 0.8 6 240.5 177.5 266.9 204.3 1.0 6 79.1 164.8 149.9 196.5 1.0 6 1.4 170.2 138.4 237.5 1.0 6 235.7 166.5 460.7 325.6
006388,1.0 5 17.1 196.3 442.9 339.9
006389,1.0 19 164.0 45.0 262.0 137.7
006390,0.7 14 88.1 12.0 349.2 374.5 1.0 4 1.1 250.6 56.0 374.5 0.9 4 45.3 244.7 176.4 374.7 1.0 14 88.3 10.8 498.5 374.6 0.5 4 188.3 281.2 257.8 374.8 0.9 14 214.0 11.2 499.8 374.8
006393,0.8 8 399.4 149.6 453.6 215.3 0.7 19 181.3 135.8 238.1 199.0 1.0 8 376.3 112.7 452.2 215.7 1.0 8 225.7 222.7 325.3 332.9
006394,1.0 7 25.3 56.0 323.0 454.4
006397,1.0 6 17.8 42.5 426.0 171.7
006399,0.8 14 0.9 1.6 182.3 273.8 0.9 14 197.2 1.7 472.8 301.3 0.6 14 199.8 1.6 315.6 267.7 0.7 14 6.4 1.2 180.4 275.0 0.7 11 202.2 2.8 472.9 331.5 0.9 11 206.0 57.0 451.3 332.1 0.9 11 263.2 5.0 473.7 309.5
006401,0.5 12 111.3 201.1 132.8 250.2 0.7 12 43.6 202.2 73.9 255.6 1.0 14 318.8 163.0 350.1 237.5 0.9 14 152.2 177.5 169.2 204.8 0.8 12 127.3 190.7 202.8 255.3 1.0 14 45.8 181.5 75.0 230.4 1.0 14 125.6 176.5 146.8 210.5 0.6 12 78.1 205.1 109.6 250.4 0.9 12 271.9 184.8 404.8 275.7
006402,0.0 0 0.0 0.0 10.0 10.0
006403,0.9 11 233.1 50.3 497.9 372.8 1.0 14 1.9 2.3 230.6 374.3 0.7 11 43.3 48.3 499.0 374.2 0.8 11 214.2 49.3 498.7 373.4
006405,0.7 6 21.7 212.4 253.3 413.7 0.8 6 0.4 277.5 126.6 501.2 0.7 6 22.0 209.2 251.9 473.2 1.0 6 197.6 303.2 375.5 498.9
006406,0.9 0 80.9 184.9 163.8 227.3 0.8 0 92.6 178.5 165.8 207.2 0.8 0 297.3 117.0 369.6 148.2 0.9 0 89.5 153.3 162.8 180.9 0.9 0 178.3 135.4 251.9 165.6
006407,1.0 14 258.3 137.4 292.4 218.6 1.0 14 1.1 211.7 53.9 351.1 0.6 18 46.8 86.8 381.9 345.8
006408,1.0 3 166.2 147.8 197.9 244.8
006410,0.7 18 290.8 154.7 446.4 272.2 0.6 18 291.8 155.2 446.5 257.5 0.9 18 60.7 146.9 243.6 255.1 0.8 18 289.2 158.9 451.0 359.1
006412,1.0 1 10.6 45.2 493.6 348.9
006413,0.6 1 42.3 276.4 176.6 493.7 0.7 1 30.0 193.3 176.9 496.1 1.0 14 26.6 25.5 112.6 354.8 1.0 14 92.7 113.8 224.4 309.2
006414,1.0 14 1.9 2.0 228.7 332.5 0.6 11 187.9 2.2 394.4 331.8 0.7 11 196.2 2.2 476.9 332.1
006415,1.0 6 14.8 148.1 486.7 290.4
006416,1.0 14 378.3 203.7 414.8 310.9
006420,0.0 0 0.0 0.0 10.0 10.0
006422,1.0 8 421.0 261.1 499.5 375.0 0.7 10 3.7 232.8 112.2 292.4 0.8 8 26.9 276.9 150.0 375.0 0.9 8 26.1 276.4 210.3 374.9 0.6 10 259.5 302.2 379.7 375.6
006423,0.6 14 330.3 136.7 356.8 167.6 0.9 6 279.6 128.7 310.4 156.0 1.0 6 227.5 121.2 280.2 151.3
006426,1.0 14 229.5 182.4 368.6 499.0 0.7 14 263.4 117.0 337.5 198.1 0.5 4 163.1 79.5 181.9 138.9 0.7 14 266.0 123.3 375.2 329.6 0.9 15 174.8 67.1 226.5 145.3 1.0 14 117.0 127.7 224.5 484.1 0.8 14 2.3 137.5 196.2 500.0 1.0 14 1.8 135.8 147.6 500.5 0.9 4 131.3 117.3 149.8 149.0 0.6 14 232.8 128.6 337.1 317.3 0.7 14 259.8 119.0 374.7 482.3 0.6 4 223.9 222.2 240.5 284.7 1.0 14 197.4 182.5 369.1 498.7
006431,1.0 13 134.0 125.3 360.3 294.2 1.0 14 234.2 61.5 347.5 269.9
006432,1.0 14 122.7 100.9 277.2 374.6 1.0 14 428.4 159.9 498.4 267.2 1.0 4 173.4 257.9 200.6 347.8 0.9 14 1.0 142.9 43.9 373.4 1.0 14 71.1 88.4 207.3 375.0 1.0 4 330.9 228.4 358.7 335.9 0.9 14 322.5 49.5 463.6 373.6 1.0 14 325.5 48.7 499.5 374.4 1.0 14 260.8 125.8 400.0 374.5
006435,0.5 0 65.9 66.7 243.7 240.2 0.6 0 69.0 66.0 390.9 298.0 0.6 13 105.4 131.4 390.4 296.5 0.6 6 111.2 186.4 391.5 292.4 0.7 19 251.6 150.5 315.9 188.9
006439,1.0 7 70.2 22.4 374.7 389.2
006441,0.7 15 -0.0 0.3 232.6 290.8 1.0 6 1.1 180.6 70.2 261.4
006446,1.0 14 0.7 74.8 115.1 374.8 1.0 14 206.3 2.1 498.4 374.5 0.8 14 282.9 2.4 497.6 374.8 0.8 19 191.0 1.1 305.4 61.2 0.7 10 72.8 310.7 247.0 375.1
006451,1.0 7 1.4 64.6 298.2 256.1
006452,0.5 17 267.5 276.4 332.8 412.4 0.5 19 1.6 270.5 91.3 336.8 1.0 19 108.7 223.3 176.2 288.4 0.9 10 1.1 332.8 138.6 500.5 1.0 4 33.4 289.0 54.4 379.2 0.9 4 34.7 288.8 53.6 341.5 1.0 14 163.1 118.9 253.4 462.5
006453,1.0 14 173.5 118.6 248.0 375.0 0.9 8 1.2 245.1 59.1 374.8 1.0 14 54.6 76.1 178.2 374.8 0.9 14 311.8 81.3 445.4 374.4 1.0 14 223.5 67.2 323.9 373.7 0.9 14 293.6 79.9 449.4 375.0
006454,1.0 6 27.2 135.5 475.0 290.9
006457,1.0 11 81.9 25.0 491.5 395.6
006460,1.0 14 376.0 301.0 445.0 374.6 0.9 14 2.0 18.9 274.8 375.0 0.6 14 2.0 20.6 246.5 375.0 0.8 14 2.3 14.6 314.7 375.0
006461,0.7 8 29.7 201.0 62.9 305.4 1.0 8 127.8 197.5 214.4 327.5 0.7 8 37.6 201.5 78.0 317.5 0.8 17 382.2 234.0 497.4 333.0 0.6 15 131.1 98.4 183.0 199.3 0.8 15 375.8 232.4 411.2 271.2 1.0 15 111.3 186.4 143.6 223.8 1.0 8 58.9 194.3 123.9 320.7 1.0 10 68.6 215.4 169.7 325.3 0.5 8 378.5 236.3 497.0 332.6 0.6 15 133.7 97.7 180.2 122.8 0.9 15 373.6 210.5 421.6 271.2
006464,0.9 14 120.0 74.2 314.5 375.1 0.7 14 62.0 74.3 298.0 376.0 0.5 14 64.6 179.0 168.7 374.5 1.0 14 249.2 2.6 499.4 374.9
006467,0.9 1 14.2 38.4 483.8 343.6
006469,0.9 13 77.5 210.3 144.1 279.5 0.9 6 145.0 167.8 213.6 207.8 1.0 14 254.6 208.4 283.3 278.2 1.0 14 96.2 161.2 134.5 234.7 0.8 13 125.6 205.6 199.3 284.2 1.0 14 95.7 161.1 135.8 272.9 0.6 13 76.3 196.9 209.1 282.6 1.0 6 1.7 164.1 79.3 227.1 1.0 14 207.7 154.8 259.0 283.3 0.9 13 176.1 206.1 273.8 285.5 1.0 14 278.1 206.3 343.6 305.3
006471,1.0 14 258.4 244.2 281.9 287.3 0.9 14 60.5 39.6 93.5 77.1 0.9 14 299.4 118.0 317.2 147.9 0.9 14 311.4 259.6 340.6 288.9 0.7 14 274.2 40.4 287.4 76.9 0.9 14 351.4 255.8 370.6 293.3 0.8 14 339.2 49.7 353.6 75.0 0.6 14 320.3 40.1 333.4 74.8 0.6 14 189.3 216.8 215.9 250.9 0.6 14 146.9 239.3 182.2 302.8 0.7 14 350.5 257.6 372.1 318.2 0.7 14 186.6 217.1 218.2 286.2 0.8 14 295.1 38.9 311.2 81.3
006477,0.8 8 6.5 325.0 70.8 400.7 1.0 8 307.0 267.4 375.1 428.8 1.0 14 121.8 208.9 200.6 467.5 0.9 8 6.4 270.7 72.8 399.7 1.0 14 183.3 217.3 263.0 448.5
006478,0.9 9 400.4 192.5 470.2 238.4 0.8 9 55.8 169.4 97.3 199.1 0.9 9 327.6 185.3 396.3 237.6
006479,0.9 11 20.8 43.4 357.1 286.7 0.5 11 20.0 43.6 355.5 333.3 0.9 11 21.7 43.9 488.6 321.6
006481,1.0 14 405.5 1.4 438.5 165.7 1.0 14 355.8 19.3 384.7 114.6 1.0 14 356.2 18.7 384.3 86.7 0.9 14 387.5 27.8 409.5 93.9 0.8 14 406.1 2.0 434.9 97.0 1.0 14 335.7 10.0 360.8 87.8 1.0 6 82.2 26.2 444.1 315.7 0.9 14 385.1 28.1 410.0 133.4
006485,1.0 18 203.4 124.6 288.9 228.4
006487,1.0 14 110.2 8.5 353.0 331.7 1.0 17 115.3 54.1 497.5 332.2 0.6 7 202.0 135.7 385.8 278.1
006489,0.6 14 119.7 120.1 161.3 230.1 1.0 14 98.6 86.1 347.0 332.2 1.0 14 321.8 69.1 499.6 332.5
006490,0.8 2 83.1 308.9 108.9 330.9 0.9 3 173.2 9.0 268.3 70.2 1.0 14 146.2 165.4 169.2 245.1
006491,0.8 16 171.6 26.4 225.1 116.5 0.9 16 297.6 29.7 361.9 110.5
006493,1.0 6 93.5 127.8 499.3 284.3
006494,0.7 7 147.9 100.5 302.4 483.9 0.9 7 0.2 96.8 297.6 493.6 0.6 7 62.8 96.5 300.4 484.7
006496,0.8 15 0.6 267.3 29.7 308.9 0.5 15 34.6 157.9 67.5 302.3 1.0 15 52.7 138.0 179.6 321.7 0.6 15 70.7 174.9 148.8 321.7 0.8 15 45.8 130.0 200.2 321.3 0.6 15 0.6 231.8 20.9 305.8 0.9 15 30.8 263.9 60.0 308.4 0.5 15 141.9 2.0 373.3 500.0
006498,0.7 7 65.4 44.6 271.2 502.0 0.9 7 0.3 45.8 272.0 501.4
006500,0.6 4 188.9 92.9 212.6 133.9 1.0 4 68.0 155.2 110.8 268.6 0.8 4 220.1 1.6 252.1 61.0 1.0 4 181.0 4.5 213.7 107.1 0.8 4 111.6 151.2 150.2 233.5 0.6 4 115.0 12.0 139.8 60.1 1.0 4 107.8 11.2 133.9 66.5 1.0 4 288.4 222.8 332.2 330.8 1.0 4 36.7 149.0 73.5 256.8 1.0 4 186.8 207.7 226.1 297.6 1.0 4 340.1 0.6 380.3 123.0 0.9 4 327.0 92.0 369.7 212.1 1.0 4 252.9 90.5 294.0 204.4 0.9 4 184.3 2.3 215.6 57.6 0.8 4 1.2 149.8 26.2 249.6 1.0 4 168.2 96.6 198.7 164.3 0.8 4 371.2 86.9 418.4 215.4 0.9 4 109.6 96.4 142.7 184.8 1.0 4 152.1 155.1 195.2 244.2 0.8 4 296.9 0.0 337.8 125.1 1.0 4 380.2 0.7 428.1 127.9 1.0 14 394.9 1.9 498.8 126.8 1.0 4 215.3 2.0 248.3 115.1 1.0 4 147.7 199.1 187.5 287.5 0.9 4 12.7 145.5 45.0 252.3 0.9 4 149.4 6.6 176.8 64.6 1.0 4 140.8 93.8 170.5 188.0 0.7 4 86.5 150.4 115.4 229.3 0.8 4 111.0 150.4 149.0 275.2 0.8 4 225.5 94.3 259.4 181.8 1.0 4 192.8 94.3 228.7 194.3 0.9 4 119.6 12.1 147.5 112.4 0.9 4 106.1 11.5 133.0 108.8 0.9 4 113.8 193.0 145.1 276.0 0.9 4 29.4 18.2 63.1 117.2 0.8 4 288.9 170.1 329.4 242.1 0.8 4 287.0 91.7 329.0 205.8 0.9 4 64.2 97.5 93.7 171.1 1.0 4 148.9 8.3 178.6 105.7 0.6 4 32.3 96.7 57.5 153.7 0.9 4 167.8 95.5 196.3 172.1 0.9 4 88.2 97.5 116.6 167.3 1.0 4 210.7 160.2 252.8 257.0 0.9 4 226.1 94.1 258.7 155.0 0.9 4 232.6 215.7 275.1 315.8 0.9 4 64.1 98.5 93.1 163.7 0.7 4 301.4 1.4 337.5 49.6 1.0 4 250.1 1.3 287.3 124.6
006502,1.0 6 58.2 106.9 453.0 296.2
006504,1.0 15 127.7 16.1 180.1 107.1 0.5 8 0.9 232.3 212.8 500.8
006505,1.0 14 135.4 10.3 324.6 275.4 0.9 14 1.9 30.1 190.3 259.9 0.8 17 11.9 42.1 493.5 277.8 1.0 14 261.8 10.9 497.0 275.9
006508,0.6 15 112.8 104.4 283.2 331.3 1.0 14 26.7 11.5 175.3 333.5 0.9 14 115.1 2.2 480.9 332.5 0.8 14 213.0 2.3 482.4 333.0
006510,1.0 6 80.4 111.8 440.7 292.9
006511,0.7 14 6.7 1.7 487.6 331.4 0.6 14 7.6 1.9 433.9 331.5
006513,0.9 18 152.3 302.7 281.6 375.2
006514,1.0 14 121.7 231.5 266.3 498.2
006516,0.5 8 241.2 275.3 339.4 375.0 0.9 8 351.8 220.6 499.5 374.8 0.6 17 354.2 221.7 498.7 374.5 0.9 15 426.2 23.5 464.9 93.2 1.0 8 45.5 225.2 210.7 375.1
006517,0.9 14 4.6 229.4 42.1 298.8 0.8 14 305.8 202.3 337.9 291.8 1.0 14 94.6 167.5 229.0 333.7 0.7 14 1.4 229.3 43.8 333.7 0.5 14 9.2 163.5 225.8 333.9 1.0 14 2.0 208.0 105.4 334.0 0.7 14 314.2 205.0 415.4 322.8 0.7 14 40.1 210.8 109.2 327.3 1.0 14 227.4 134.1 313.4 306.5 1.0 14 220.9 243.5 284.9 333.7 1.0 14 286.7 202.7 451.7 333.7 0.8 14 307.6 203.0 337.5 244.3
006518,0.6 13 2.8 21.9 496.9 367.0
006521,1.0 14 204.4 126.7 301.1 272.1 0.9 12 220.4 194.6 289.3 345.9
006522,0.8 12 44.1 84.1 498.1 374.6
006525,1.0 6 0.8 311.7 173.0 429.1
006526,0.6 14 1.8 2.0 498.9 332.4 0.9 14 65.0 1.8 498.6 332.3 0.7 14 184.8 2.0 498.8 332.6
006527,1.0 14 248.3 4.8 265.3 42.4 1.0 6 1.7 13.0 96.4 52.9 0.6 14 215.5 7.8 491.9 320.1 0.9 14 397.9 9.3 441.3 117.9 0.9 14 147.6 5.2 163.8 43.8 1.0 14 95.5 1.1 117.1 41.6 1.0 6 324.9 20.9 454.4 67.7 1.0 14 132.0 7.1 149.2 43.0 0.9 14 114.6 5.5 128.7 41.9 0.9 14 70.0 8.6 492.6 330.7 0.7 14 268.1 8.1 494.4 319.0
006528,0.0 0 0.0 0.0 10.0 10.0
006531,0.5 14 208.8 232.9 224.5 254.1 1.0 14 209.0 243.1 231.9 290.8 0.9 13 204.6 259.9 231.5 300.7 0.6 3 168.5 252.5 266.3 279.7
006533,1.0 0 196.1 170.0 354.6 211.2
006535,1.0 2 63.8 31.8 177.7 351.8 1.0 2 204.5 209.4 297.1 416.9
006537,0.8 11 98.0 1.8 497.1 322.7 0.8 11 150.2 12.4 497.1 321.7
006539,0.7 14 272.4 15.8 318.3 110.3 0.9 14 185.6 2.2 262.6 136.0 0.7 4 216.7 245.4 245.2 273.0 0.9 4 334.9 230.5 358.6 270.4 1.0 14 325.7 113.5 499.7 374.7 0.6 14 1.4 43.5 182.2 171.4 0.8 14 1.7 105.8 239.7 374.6 1.0 4 260.0 122.8 329.7 270.4 1.0 14 1.3 46.3 239.0 373.7 0.5 4 105.6 47.3 183.7 158.9 0.6 14 262.4 112.8 447.2 275.8 0.9 14 261.4 112.3 499.8 375.1
006540,1.0 12 78.6 182.7 267.2 389.0 1.0 14 148.0 140.1 215.9 329.0
006541,0.6 8 178.4 225.7 200.5 252.4 0.6 10 154.9 245.5 256.1 318.8 1.0 8 1.6 239.7 57.1 313.7 0.5 10 224.6 260.0 425.1 319.2 0.5 8 220.9 241.7 262.3 319.1 1.0 8 146.0 259.7 209.8 319.1 0.6 10 1.1 227.4 54.0 305.3 0.5 10 102.6 227.4 190.7 276.4 1.0 8 87.8 242.5 129.8 317.9 0.7 10 104.1 232.6 255.1 318.7 0.8 10 222.3 262.3 347.9 319.2
006544,1.0 14 434.6 114.6 500.3 240.7 0.7 14 25.2 164.1 54.3 185.5 0.9 14 0.9 78.6 27.0 181.2 1.0 14 111.7 71.5 374.3 499.5 1.0 1 87.8 296.2 484.7 500.5 1.0 14 360.5 100.5 434.8 241.4
006545,0.9 7 74.5 9.0 365.9 281.1 1.0 7 267.1 5.2 363.7 114.0
006546,1.0 14 92.5 45.3 131.1 136.9 0.9 8 1.6 252.3 75.3 374.2 1.0 14 381.9 122.4 499.2 322.0 0.9 8 440.3 252.5 499.6 374.2 0.9 4 303.3 185.7 330.8 244.6 0.9 14 94.8 98.9 169.9 214.9 1.0 14 220.9 50.3 284.0 142.0 0.7 14 136.9 83.3 181.0 185.9 0.6 14 310.6 83.3 380.5 164.2 0.8 14 139.6 83.2 179.3 174.2 1.0 14 1.4 114.8 154.8 315.0 1.0 10 24.5 144.9 482.0 374.8 1.0 14 290.7 82.7 425.0 232.3 0.9 14 144.5 80.5 177.8 125.9 0.8 14 293.8 84.1 381.4 226.5 0.6 10 26.4 229.8 478.7 374.7 0.8 14 345.9 83.9 425.7 229.9
006552,0.8 14 46.8 150.7 145.9 329.5 0.8 14 259.6 60.6 321.0 144.3 0.9 14 165.4 98.0 292.8 254.7 0.6 14 112.5 164.2 144.3 248.1 0.9 14 313.8 11.6 481.5 331.5 0.8 14 261.1 61.2 321.7 209.8 0.9 14 0.9 68.6 121.1 328.9 1.0 14 48.1 147.8 143.1 291.9 0.5 14 204.9 60.5 320.9 255.2 0.6 14 1.3 1.9 168.0 331.4 0.7 14 1.0 1.9 125.6 329.7 1.0 14 165.7 168.0 222.4 248.3 0.9 14 217.9 60.3 357.4 332.5 1.0 14 217.2 11.3 482.8 331.8
006554,0.9 18 135.4 114.0 411.7 299.2
006555,0.9 12 1.3 27.1 480.5 358.1
006557,0.5 16 174.7 154.7 263.8 321.1 0.6 16 251.8 149.4 374.1 325.0
006558,1.0 7 1.5 93.9 346.1 332.6
006559,1.0 14 52.9 96.6 276.5 477.5
006561,0.8 14 179.2 8.2 374.7 183.1 0.8 13 50.6 82.5 413.2 307.9 0.6 14 178.4 8.1 306.5 185.0 0.9 13 53.6 77.6 448.4 306.4 0.7 14 177.2 8.1 378.1 247.2
006563,0.8 14 176.9 220.4 222.1 321.4 0.9 14 175.4 220.8 223.9 363.2 0.6 14 164.2 220.9 223.1 369.1 0.5 14 173.1 226.0 227.6 463.9
006566,0.5 12 37.9 44.2 131.9 240.8 0.9 14 55.5 3.3 153.9 236.8 1.0 14 55.7 3.2 205.0 235.8 0.7 12 39.2 42.6 206.4 240.3
006567,0.8 13 163.8 176.7 272.9 283.6 0.8 13 251.6 185.9 408.9 304.8 1.0 13 24.9 181.2 97.7 241.9 0.7 13 323.2 185.9 418.1 290.1 0.5 13 187.2 194.8 261.7 285.4 0.9 13 249.1 184.8 419.9 305.2 0.8 13 162.2 183.7 255.2 283.8 0.7 13 159.9 184.4 221.2 276.5 0.9 14 54.2 154.4 90.6 230.7 1.0 14 286.2 144.8 310.6 218.3 1.0 6 187.3 163.6 272.7 196.9 1.0 14 121.9 146.7 170.6 288.7 0.8 13 115.5 197.0 165.5 287.1 1.0 14 87.6 148.0 124.5 277.9 0.7 13 244.7 189.8 333.6 302.7 0.5 13 195.8 181.5 275.0 286.1 0.6 14 317.9 185.8 372.6 280.0 0.6 13 210.4 184.6 416.7 305.7 1.0 14 271.5 143.5 290.7 193.6
006568,1.0 11 2.0 83.4 361.5 497.9
006571,0.6 11 31.1 81.7 406.0 332.7 0.6 17 4.0 2.2 491.5 374.1 0.9 11 158.6 0.7 453.4 207.9
006573,0.6 9 49.1 1.9 411.0 373.9
006574,1.0 14 398.5 172.6 498.5 375.1 0.6 14 102.9 58.0 319.7 375.0 1.0 19 67.6 106.1 143.1 188.5 1.0 14 1.5 154.1 117.6 375.1 0.9 14 96.8 56.7 359.1 375.4 0.9 14 213.8 123.2 358.4 374.4
006577,1.0 14 390.7 266.5 441.0 374.3 0.6 14 366.8 138.8 394.8 182.0 0.9 14 422.2 158.6 450.9 229.6 0.8 14 364.9 139.2 396.5 205.1 0.7 0 2.3 91.1 500.2 373.2 0.7 0 5.5 91.2 355.0 365.2 0.7 14 368.7 139.3 392.3 165.1
006579,0.6 14 12.4 49.1 33.6 75.2 0.6 9 95.3 40.5 147.1 126.9
006580,1.0 14 436.6 198.0 487.8 292.2 0.6 11 372.9 239.3 418.0 284.7 0.9 14 0.9 171.7 16.1 237.4 0.6 14 430.6 199.5 455.0 242.6 0.7 14 427.1 200.6 456.4 286.9 0.9 14 100.2 181.6 118.2 236.9 0.9 14 13.1 174.3 35.1 212.8 1.0 14 172.5 166.9 218.5 318.0 1.0 14 364.5 180.2 380.0 223.6 0.7 14 94.0 182.2 118.1 271.2 0.9 14 76.9 176.1 94.2 206.8 1.0 14 1.7 158.8 94.6 374.5 1.0 14 205.8 166.9 281.9 347.6 0.5 12 106.5 213.4 181.9 292.9 1.0 14 318.1 177.0 360.4 294.3 0.9 14 262.3 179.0 279.2 219.2
006581,1.0 6 80.5 209.5 104.2 230.4 1.0 6 109.8 212.0 129.6 231.7 0.9 6 136.9 207.5 153.5 234.6
006582,0.6 2 0.6 58.8 159.0 375.0 0.8 2 92.4 9.3 399.7 374.4 0.9 2 238.9 11.9 399.2 308.4
006586,1.0 12 67.9 158.1 440.4 332.2 1.0 14 219.2 67.5 304.0 294.8
006589,0.7 9 221.6 131.0 359.5 225.0
006590,0.9 6 2.5 2.5 487.7 304.3 0.8 6 79.5 3.6 487.5 300.5
006591,0.9 13 367.8 228.9 495.5 332.1 1.0 14 184.2 149.8 206.7 216.2 1.0 14 204.7 151.8 229.1 214.7 0.7 9 215.4 191.2 348.0 332.1
006592,0.6 14 292.4 180.7 313.3 241.7 1.0 14 216.2 186.3 238.6 247.7 0.7 0 3.0 131.9 377.9 240.3 0.9 0 2.3 22.2 500.5 243.1 0.7 14 292.9 180.8 310.3 210.6
006594,1.0 1 76.0 127.5 256.5 293.3 1.0 1 267.1 207.4 330.2 316.2 0.9 14 294.8 176.0 330.4 284.4 0.9 14 0.6 166.4 29.5 329.9 0.6 1 1.0 199.6 82.7 271.5 0.9 1 0.7 190.5 85.2 332.5 1.0 14 80.7 131.1 243.0 382.7 0.6 1 1.3 186.9 82.3 271.0
006596,0.7 7 92.7 121.9 209.3 222.9 1.0 7 15.7 130.9 497.7 372.5 1.0 7 212.4 93.5 498.4 233.4
006598,0.7 11 84.4 252.6 218.3 353.5 1.0 14 96.0 2.0 498.6 374.3
006600,0.8 18 111.8 87.5 228.6 187.8 0.5 18 3.2 61.8 480.0 189.5 1.0 18 213.0 60.9 467.2 193.2
006601,1.0 5 130.6 102.0 360.3 290.6
006604,0.8 3 197.2 198.5 238.0 217.6 0.9 3 123.4 206.3 153.7 216.4 0.9 3 279.0 197.1 330.8 217.3 0.5 3 427.2 204.1 473.3 218.8 0.8 3 423.1 181.2 469.7 220.1 0.8 3 421.6 181.3 444.7 218.6 0.9 3 238.8 181.6 271.5 219.6 0.8 3 162.4 186.3 203.1 215.1 0.7 3 240.3 181.3 271.4 220.1 0.8 3 121.5 184.2 151.8 218.0 1.0 3 22.6 131.5 106.7 219.6 1.0 3 377.3 147.2 420.2 220.8
006607,0.9 14 183.3 0.8 354.4 138.5 0.8 7 30.5 123.2 447.4 375.0
006608,1.0 14 392.7 3.3 500.2 373.6 0.9 1 339.4 35.4 448.7 146.5 0.9 14 306.8 1.9 356.7 170.1 0.5 1 22.2 60.6 435.3 375.1 0.8 14 257.6 1.4 350.8 223.1 0.9 14 257.0 2.1 327.5 192.2 1.0 1 22.3 60.4 434.0 316.7 1.0 14 370.8 1.7 446.8 161.0
006613,1.0 13 315.2 166.1 439.3 276.9
006614,0.6 18 112.6 295.4 221.3 352.3 1.0 14 176.8 274.6 317.8 498.7
006615,1.0 14 1.0 2.9 349.7 374.7
006616,0.8 14 179.1 74.1 363.9 498.8 0.7 4 187.3 225.0 268.0 353.7 0.9 4 85.1 298.4 208.8 499.1 0.6 14 238.3 73.8 364.2 499.7 0.7 14 48.0 75.0 363.1 499.6 0.7 14 86.3 74.8 363.3 500.0
006620,0.5 13 131.3 33.1 218.0 293.4 1.0 14 206.5 1.8 322.2 298.1
006623,1.0 14 35.1 114.0 181.2 268.9 0.5 14 35.4 115.3 182.9 434.1 0.6 12 135.4 110.2 272.6 427.6 0.7 12 131.2 113.2 272.7 422.9 1.0 12 147.5 110.1 270.8 428.3
006624,0.8 14 373.1 124.4 426.4 223.2 1.0 14 112.7 146.3 172.1 228.5 1.0 14 135.7 254.3 247.3 374.9 0.6 14 373.2 125.8 428.0 295.3 0.7 14 97.2 243.7 248.3 375.2 1.0 14 0.9 4.4 99.7 373.4 1.0 10 89.4 224.1 363.5 375.1 0.8 14 222.6 229.1 301.2 375.1 0.7 14 224.0 149.6 394.6 374.2 1.0 14 374.7 124.9 430.2 343.9 1.0 14 301.1 149.2 395.9 373.2
006629,0.9 18 83.8 1.5 500.1 291.9 1.0 14 117.7 135.7 207.9 332.4 1.0 14 17.8 130.7 62.9 210.5
006630,0.9 8 1.9 182.3 99.7 374.4 0.8 8 392.1 191.6 499.0 374.8 0.6 8 0.8 184.2 43.2 248.6 0.9 8 408.9 206.5 498.1 374.2 1.0 19 250.5 51.8 415.4 203.3
006633,0.5 8 280.6 220.6 443.4 366.5 1.0 19 54.6 135.3 128.4 258.3 1.0 14 224.4 72.0 449.3 374.2 0.6 8 349.2 177.2 493.1 375.4
006634,1.0 6 148.3 219.1 450.7 335.8
006639,1.0 2 85.5 77.6 347.7 232.7
006640,0.5 2 272.9 223.2 333.1 313.5 0.8 2 27.8 20.7 180.8 463.3 0.8 2 179.0 45.0 302.8 499.0
006641,1.0 7 1.0 2.0 396.5 374.7
006642,1.0 2 144.7 164.1 307.8 255.4
006644,1.0 14 221.1 83.1 310.3 374.9 0.9 19 12.9 210.1 118.3 336.9 0.9 19 1.2 1.0 100.1 115.2 0.9 15 370.9 182.4 395.0 222.5 1.0 14 133.6 97.5 242.5 375.8 1.0 14 283.6 78.2 375.2 374.3
006646,0.9 15 121.8 258.8 162.6 368.4 0.9 19 266.9 292.6 314.8 358.3 0.9 14 57.6 272.2 129.3 375.6 0.7 14 56.9 271.3 130.2 489.0 1.0 14 164.0 293.3 263.5 477.3 0.7 19 235.7 290.0 312.3 363.7
006649,0.8 9 285.6 220.2 369.7 315.6
006650,1.0 2 197.8 117.8 342.3 291.1 0.5 2 195.8 117.6 311.7 238.0 0.7 14 250.8 82.7 498.2 332.2
006651,0.8 0 4.6 136.6 448.3 302.5 0.9 0 3.6 93.2 487.2 301.0 0.9 0 2.2 94.3 446.2 302.3 0.9 6 55.4 141.6 88.1 160.3
006653,0.9 14 0.8 229.6 18.0 285.9 1.0 6 31.4 101.8 489.9 357.2
006655,1.0 11 48.3 159.7 322.1 389.0
006656,0.8 14 401.2 6.9 435.9 63.5 1.0 14 2.5 2.1 316.5 374.2 1.0 14 304.1 59.7 499.7 373.2
006659,1.0 14 217.2 188.8 296.0 374.5 1.0 14 402.7 142.3 499.9 375.0 1.0 3 177.2 99.3 232.9 306.5 1.0 14 253.8 208.5 399.9 375.0
006662,0.8 10 377.9 245.1 499.1 374.6 1.0 4 310.4 191.8 347.0 312.1 0.8 8 39.1 255.9 212.1 374.4 1.0 14 36.9 124.1 195.1 374.8 1.0 14 268.8 96.2 360.8 281.3 0.7 8 404.9 205.5 491.6 255.9 0.9 10 174.7 266.9 346.1 374.6
006663,1.0 14 1.5 160.0 194.1 313.4 1.0 14 352.7 62.2 500.6 270.6 0.6 14 401.7 23.6 448.4 64.6 1.0 14 55.1 17.8 164.2 171.7 1.0 14 227.5 14.7 294.8 98.0 0.8 14 9.1 63.2 93.0 247.8 0.9 14 332.1 22.3 450.3 131.1 0.9 14 83.9 10.8 184.1 143.7 0.7 14 2.4 64.1 198.8 312.3 1.0 10 90.6 90.9 479.9 312.0 0.5 10 80.9 91.2 478.6 311.9 0.8 14 8.1 64.1 162.7 248.3 1.0 14 333.3 14.2 402.9 114.4
006665,0.0 0 0.0 0.0 10.0 10.0
006669,1.0 14 14.9 128.4 42.4 204.4 1.0 18 24.3 65.3 498.7 324.8 1.0 14 30.7 130.7 52.3 202.8 0.5 14 34.7 130.6 51.7 202.4
006672,1.0 14 107.7 16.2 185.9 123.0 1.0 12 83.4 37.6 199.1 215.8
006675,0.9 7 35.5 115.7 462.3 247.6 0.8 7 106.2 115.4 461.3 246.6
006676,0.5 17 46.0 154.4 171.5 276.2 1.0 8 47.5 154.4 174.6 274.9 1.0 17 325.9 167.9 499.5 354.2
006680,1.0 18 28.1 15.5 427.1 354.1
006683,0.6 2 7.9 2.2 166.8 138.5 1.0 2 67.7 18.0 344.6 373.4
006685,1.0 6 50.1 139.7 472.4 320.9
006686,0.9 17 67.7 153.6 477.2 372.1 1.0 14 9.6 159.7 232.4 339.3 1.0 14 147.0 143.4 431.5 367.3 1.0 17 4.3 152.1 478.4 371.9
006688,1.0 7 77.0 54.2 497.3 291.9
006691,0.5 15 57.1 5.4 253.3 324.4 1.0 15 1.2 2.2 257.9 326.7 0.7 15 277.4 2.1 448.5 305.4 1.0 15 289.7 97.2 447.2 304.1
006692,1.0 14 1.3 2.1 288.2 332.6
006693,0.8 14 248.4 79.6 265.5 106.0 0.8 14 368.5 69.3 384.9 85.4 0.9 14 484.4 54.3 500.1 83.5 1.0 14 457.1 64.5 478.7 83.0 0.7 14 209.0 82.7 225.9 99.0 1.0 14 88.5 83.1 114.9 128.9 0.7 14 350.6 70.8 368.0 89.4 1.0 14 433.5 60.5 453.7 84.3 0.7 14 366.0 69.4 387.6 95.7 1.0 14 2.3 92.3 31.2 170.6 0.8 14 173.6 84.0 190.0 97.7 1.0 14 229.0 80.9 253.6 114.3 1.0 14 32.6 90.1 62.2 167.9 1.0 6 61.0 95.2 289.9 216.4 1.0 14 272.7 75.9 301.9 150.4 0.8 14 250.3 79.0 267.4 106.6 1.0 6 301.7 80.6 500.1 184.3
006700,0.7 15 153.9 176.0 344.6 350.1 1.0 15 146.0 1.4 351.9 349.9
006701,0.9 1 0.9 207.7 117.6 471.9 0.7 1 0.7 151.1 116.7 474.7 1.0 1 89.2 139.5 332.5 486.9 0.6 1 93.7 216.9 332.8 486.2
006705,0.6 19 344.9 159.6 486.1 287.3 0.8 17 127.7 147.3 259.8 232.5 0.7 8 90.9 172.9 275.5 360.5 1.0 14 188.5 199.7 285.4 281.3
006710,1.0 14 204.7 84.0 288.1 374.3 0.6 14 6.6 15.3 91.0 170.7 1.0 14 462.7 110.0 500.2 227.2 0.6 14 411.7 107.6 464.8 261.2 1.0 14 107.4 55.4 227.0 374.8 0.7 14 1.0 16.5 113.5 342.7 1.0 14 412.9 106.5 468.2 221.0 1.0 14 267.5 64.0 418.7 374.3
006711,0.6 18 2.8 83.3 500.7 376.1
006712,1.0 15 46.5 43.1 285.6 435.4
006713,0.8 0 1.4 154.3 333.4 282.0 0.8 14 203.5 268.7 269.7 499.1 0.5 14 157.4 129.4 265.9 430.0 0.9 6 291.0 272.5 328.5 292.2 0.6 14 135.3 126.4 230.3 369.6 0.6 4 56.4 384.3 78.4 435.8 0.7 14 122.8 126.6 231.0 495.6 1.0 14 14.1 257.8 130.4 499.2 0.8 14 11.6 260.1 89.9 499.2 1.0 14 122.9 213.3 265.9 498.7 0.6 0 1.7 147.5 333.3 279.3 0.5 14 142.4 125.9 268.9 499.0 0.7 14 135.7 214.8 225.9 499.9 0.6 14 157.3 125.7 230.3 281.8
006715,1.0 18 40.0 48.3 335.9 414.0
006716,1.0 2 141.5 115.6 350.1 239.2 1.0 2 62.8 156.3 160.2 291.3 1.0 2 257.0 147.3 451.1 272.0
006717,1.0 6 126.3 191.9 203.7 231.7 1.0 6 302.9 157.8 356.7 195.0
006720,0.6 1 64.5 124.7 228.4 233.7 0.9 1 20.6 125.2 224.0 353.4
006721,1.0 10 2.3 75.3 498.1 375.5 0.8 8 268.0 28.6 346.9 129.0 0.6 8 415.5 56.2 500.4 183.2
006723,1.0 5 38.7 56.1 456.0 203.7
006724,0.9 6 117.7 5.8 422.5 140.6 0.7 6 291.3 60.2 424.8 135.4 1.0 6 108.7 132.0 454.0 283.5
006728,0.7 12 134.7 1.3 440.2 374.4 0.8 14 100.8 1.0 182.8 62.1 0.9 12 136.7 1.7 497.7 374.6 0.7 12 131.8 112.0 442.8 375.3 0.7 14 221.4 1.8 498.9 374.4
006729,1.0 14 55.6 21.9 238.0 332.4
006732,0.8 14 0.9 255.1 134.4 374.4 0.9 4 437.8 2.0 500.4 222.7 0.9 4 383.7 4.1 459.3 158.6 0.9 14 23.0 3.2 316.0 373.6 1.0 14 21.0 2.6 488.3 373.6 0.6 4 383.0 2.5 500.0 223.4 0.6 14 277.3 2.8 499.8 374.2
006733,0.6 6 370.6 107.8 500.5 216.7 0.9 6 2.0 47.3 352.4 329.4 1.0 6 285.1 87.9 500.1 223.1 0.6 6 1.3 44.0 349.8 371.7
006737,1.0 14 217.7 34.3 384.5 274.7 1.0 1 248.3 146.1 358.5 312.7 1.0 1 249.8 177.3 357.1 311.7
006741,1.0 6 69.7 151.1 373.4 317.1
006742,1.0 19 2.2 141.0 195.0 309.8 0.9 14 182.5 23.5 497.9 398.7
006743,0.6 8 0.8 195.0 32.5 349.3 1.0 19 90.4 169.2 182.1 288.9
006744,0.9 14 147.8 121.0 373.3 375.0 1.0 14 82.4 2.2 495.1 374.8
006745,0.9 19 246.0 142.4 291.1 181.4 0.6 14 259.5 176.1 351.7 268.1 0.6 8 168.4 212.0 267.6 315.4
006746,1.0 14 117.7 40.8 257.3 333.6 1.0 14 257.4 100.4 302.3 222.6 0.7 14 323.7 90.2 370.7 161.5
006749,1.0 6 31.0 99.1 429.1 311.0
006750,1.0 15 172.1 16.8 204.2 85.8 0.9 15 172.3 47.7 198.2 85.4 0.6 10 19.5 65.7 386.3 281.2
006752,1.0 0 211.4 143.8 280.3 222.4
006754,1.0 6 28.2 41.9 492.1 297.8
006756,0.9 12 88.9 173.5 201.1 312.8 0.7 12 90.2 150.8 145.8 303.3 0.9 12 90.5 168.4 210.6 422.9
006757,0.7 6 356.1 1.6 501.0 241.9 0.5 6 337.9 88.6 500.1 244.1 0.6 14 103.3 54.9 116.0 83.8 1.0 14 270.6 33.0 316.4 87.9 0.9 14 1.0 37.5 18.4 69.8 1.0 6 0.9 67.9 52.6 176.2 1.0 6 61.9 53.1 401.9 314.2 1.0 14 54.7 48.6 77.3 115.3 0.6 14 270.9 33.7 316.7 127.2 0.6 6 308.7 0.9 501.6 243.2
006758,1.0 0 150.4 82.9 232.4 121.4 0.5 3 66.9 293.3 155.4 340.6 0.9 0 205.3 263.3 486.5 373.2
006763,1.0 18 7.3 102.0 347.3 248.4
006764,0.8 17 25.6 100.3 493.9 361.9 0.7 14 87.0 178.4 261.5 284.8 0.7 17 25.3 153.3 495.4 365.6 0.7 17 44.6 112.6 492.6 359.0
006767,0.5 11 184.1 237.8 257.5 326.0 1.0 14 248.3 129.4 326.6 323.0
006770,0.9 9 75.2 155.3 179.2 216.0 0.9 9 224.1 157.9 392.4 300.2
006771,1.0 14 356.6 107.8 499.1 332.7 1.0 14 113.7 66.1 216.4 215.6 0.8 14 420.1 1.8 496.1 154.3 1.0 10 112.4 189.3 393.9 332.3 0.9 14 1.7 78.7 139.0 332.4 1.0 14 353.2 67.6 412.7 180.7 1.0 14 212.5 64.7 295.1 196.8 0.9 14 1.9 78.2 186.9 332.9 0.9 10 111.5 172.5 495.6 332.7 0.7 14 354.1 68.1 412.6 226.1 0.7 4 250.7 218.1 269.5 257.3
006774,1.0 7 23.9 118.6 432.3 285.0 0.8 19 172.3 1.9 261.4 87.2
006775,1.0 1 97.2 169.7 218.0 332.8 0.8 1 53.2 169.4 216.3 333.0 1.0 14 94.5 11.0 243.8 289.2
006776,0.8 14 218.7 1.3 247.3 44.5 0.6 14 180.6 1.5 210.7 37.4 0.5 15 0.2 1.5 199.2 374.8 0.7 15 191.8 0.7 463.7 353.1
006778,0.9 7 198.0 27.0 312.2 283.7 0.6 7 197.1 27.7 388.0 374.5 0.8 7 300.7 114.7 398.5 315.3 0.8 7 202.0 27.0 388.1 296.1
006779,1.0 14 214.6 23.0 354.3 127.0 1.0 12 2.2 45.9 458.5 304.5
006780,1.0 14 59.2 20.6 303.1 456.6 0.9 17 1.1 53.2 335.3 366.6
006785,0.9 6 9.5 76.1 488.7 307.6 0.7 6 371.5 99.9 497.8 281.2 0.5 6 1.0 134.5 40.2 283.5 0.9 6 9.1 51.5 489.5 310.2 0.7 6 1.0 132.9 52.4 284.6
006787,0.7 14 1.3 287.7 152.1 499.1 0.8 14 1.4 289.9 153.9 496.8 0.6 14 76.7 259.6 198.7 441.7 1.0 14 146.8 22.7 267.8 176.1 0.6 14 0.8 182.7 76.6 303.1 0.9 14 31.9 86.1 155.9 276.4 0.8 14 0.8 286.9 186.2 486.8 0.8 14 33.1 85.6 152.2 242.2 0.6 14 41.0 287.7 149.8 466.6 0.6 14 0.8 181.5 108.3 304.5 0.6 14 146.3 21.4 319.5 303.7 1.0 14 170.6 150.7 320.6 305.1
006788,0.9 14 135.0 124.7 199.5 374.4 0.8 14 138.1 126.0 198.6 306.8 0.9 14 83.7 110.1 175.1 375.9 1.0 14 84.7 110.0 158.2 375.1
006790,1.0 6 271.4 189.6 486.5 306.3
006791,0.9 11 57.9 20.4 474.3 327.9
006792,0.9 8 287.3 56.5 375.7 292.7 0.7 14 0.8 1.5 47.6 135.5 0.8 8 216.2 37.6 326.1 177.7 0.9 10 118.6 50.6 228.9 167.9 1.0 14 127.1 170.1 252.3 439.3
006793,1.0 14 109.1 9.9 191.4 142.5 1.0 12 110.2 27.8 181.1 210.7
006795,0.9 8 1.2 241.7 159.4 334.7 0.7 8 321.1 186.6 466.7 334.7 0.6 15 83.6 127.0 180.4 258.0 0.8 8 309.6 186.1 445.8 320.6 0.7 10 196.5 295.3 427.6 334.9
006796,0.7 13 170.7 42.5 265.8 101.3 0.7 13 392.4 54.3 434.6 99.7 0.9 13 334.8 50.6 372.3 99.9 0.7 13 422.1 39.1 484.5 98.5 0.5 13 432.6 40.4 487.5 97.7 0.9 13 392.1 47.9 475.1 101.0 0.7 13 1.7 33.3 86.2 104.2 0.7 13 363.1 47.9 398.0 99.3 0.9 13 1.1 33.0 56.0 103.5 0.9 13 120.5 30.8 173.4 102.5 0.6 13 449.4 51.2 490.1 95.5 1.0 14 148.2 41.6 346.0 283.4 0.7 13 360.3 50.8 394.0 99.1 0.6 13 434.2 45.7 487.8 97.5 0.8 13 136.5 76.0 350.1 300.7 0.6 13 32.4 33.9 89.4 102.4
006798,0.8 4 304.3 405.8 334.2 464.1 1.0 19 231.5 221.5 298.8 293.5 0.8 10 6.5 284.7 241.9 468.5 0.9 14 136.7 58.0 209.3 302.8 0.5 14 135.8 54.4 174.9 210.7
006801,1.0 7 78.8 124.2 496.4 294.7
006804,0.8 14 202.2 165.7 236.3 204.1 0.8 14 187.2 164.7 235.6 229.8 1.0 14 237.7 139.6 293.2 280.7 1.0 14 184.9 187.4 251.2 299.7 1.0 14 158.3 261.2 263.7 459.0
006807,0.9 15 2.6 1.7 498.6 374.6
006809,0.9 14 132.6 95.4 341.3 373.2 0.9 14 131.6 95.7 281.7 374.9
006811,1.0 14 114.3 15.9 192.6 147.5 1.0 12 110.3 52.2 193.1 217.1
006812,0.5 2 301.9 74.0 390.0 170.6 0.7 2 289.1 72.9 390.0 197.5 0.6 2 57.3 1.7 224.0 314.6 1.0 2 141.2 65.8 390.5 204.4 0.6 2 196.5 276.9 393.9 374.6 1.0 2 205.3 177.7 307.0 280.5
006815,0.7 9 122.7 87.8 300.0 223.0
006816,0.6 17 37.3 223.4 283.0 492.7 0.9 8 38.3 222.0 292.3 494.4 0.5 17 36.4 225.7 288.0 491.5 0.6 10 192.4 228.2 339.1 296.9
006817,0.6 19 170.9 110.8 226.5 196.1 0.8 19 247.0 192.1 301.9 256.4 0.6 19 171.5 110.1 229.7 196.1
006818,0.6 7 221.0 147.3 455.8 244.3 1.0 7 217.4 145.5 484.2 328.9
006820,0.0 0 0.0 0.0 10.0 10.0
006823,0.6 13 90.0 158.4 233.3 367.0 1.0 14 181.9 50.8 347.9 325.2 1.0 13 55.7 155.5 431.3 373.8
006826,0.7 8 107.5 147.8 172.6 264.4 0.8 17 290.8 198.8 498.0 373.3 0.8 8 131.7 142.9 198.2 257.7 0.8 8 159.4 147.0 208.6 242.5 0.9 15 420.5 84.4 456.9 142.0 0.9 10 162.0 145.1 277.9 252.5 0.6 8 128.0 143.7 189.1 231.1 0.6 8 136.4 141.5 196.9 242.8 0.9 8 106.8 147.8 172.0 323.4 0.7 8 112.5 149.6 173.6 322.3 1.0 17 279.2 140.5 499.5 243.8 1.0 8 224.6 157.0 284.3 252.4 0.8 8 291.5 200.2 499.3 375.4
006830,0.6 14 123.4 92.5 287.2 374.0 0.5 4 178.2 185.0 200.1 282.0 0.8 10 0.9 182.9 107.6 367.9 0.9 14 1.2 95.5 86.4 203.9 0.7 14 231.8 127.3 384.9 371.3 0.9 14 218.6 93.9 288.2 298.0 1.0 14 70.6 119.7 235.7 373.9 0.8 14 1.3 95.0 111.5 371.2 0.8 8 411.8 222.6 482.3 374.6 1.0 14 217.8 91.8 291.0 368.8 0.9 14 234.3 128.6 447.2 374.1 1.0 14 251.1 128.7 447.4 374.4
006831,1.0 1 9.5 51.6 481.1 340.2
006832,0.6 16 91.4 42.4 408.5 330.7 0.6 16 89.5 41.4 499.4 332.8
006834,0.9 14 2.1 26.2 272.4 362.2 1.0 2 207.0 26.5 452.3 362.6
006837,0.0 0 0.0 0.0 10.0 10.0
006843,0.9 15 253.0 122.1 290.0 169.5 1.0 14 235.9 136.4 264.5 239.6 0.6 15 167.4 176.8 189.1 227.9 1.0 15 274.2 185.0 309.2 234.7 0.8 15 393.7 140.0 431.4 191.8 0.8 15 134.4 141.3 161.7 183.3 0.9 15 196.7 182.7 223.4 235.9 0.7 15 55.5 149.6 78.3 185.8
006846,0.8 11 106.2 91.0 329.0 471.8
006851,0.7 2 79.8 149.4 96.5 170.4 0.8 2 72.6 144.7 93.8 167.4 0.8 2 96.0 123.2 108.7 139.9
006853,1.0 6 11.1 39.6 490.3 328.4
006854,0.9 14 267.5 17.0 282.7 39.4 1.0 14 3.2 7.7 81.5 103.3 1.0 6 1.5 17.1 375.0 427.1 0.9 6 318.0 26.6 374.9 80.3
006856,0.9 14 222.3 113.0 373.1 498.1 0.7 14 151.9 118.3 278.7 427.9 1.0 14 48.8 119.3 222.6 438.5 1.0 14 49.2 117.1 276.4 430.7 0.6 14 235.7 114.5 372.7 431.4
006857,1.0 14 441.9 122.4 499.9 333.9 0.6 14 73.6 133.4 172.6 333.5 1.0 14 143.4 104.9 264.3 333.6 0.6 14 41.4 148.5 61.6 177.3
006861,0.8 1 0.4 212.6 156.5 336.0 0.9 15 171.3 147.0 265.5 273.8 1.0 14 357.3 2.5 499.8 334.5 0.8 15 308.6 126.7 354.6 161.1 0.6 1 4.2 235.0 324.3 334.9 0.7 1 3.6 218.5 381.8 335.1 1.0 15 263.4 183.9 321.2 244.5
006863,0.9 12 372.4 131.5 499.1 273.1 0.8 12 370.3 130.7 464.0 265.7 1.0 14 410.3 120.0 465.3 192.9 0.7 12 440.9 169.5 499.3 272.5 0.5 12 138.5 132.3 399.2 283.4 0.9 14 197.6 115.4 255.0 176.4 0.7 14 206.1 115.3 260.9 177.1 0.9 12 136.7 138.8 293.5 269.1 1.0 12 246.2 128.2 399.9 284.4 1.0 14 300.8 118.9 359.3 199.7
006870,0.5 9 1.5 15.9 500.5 375.3 0.7 9 1.8 14.2 500.4 317.1
006871,0.9 7 182.2 56.2 498.7 331.9
006872,0.6 14 88.8 69.5 377.5 373.5 0.5 14 420.4 69.4 497.3 279.2 0.7 14 420.9 70.3 499.5 279.0 0.9 14 88.3 69.6 375.7 308.4
006873,1.0 14 209.5 56.6 328.7 193.4 1.0 12 68.7 87.6 411.0 283.1
006875,1.0 14 122.3 80.1 276.4 292.8 1.0 12 140.9 78.0 251.9 458.1
006877,0.9 11 38.5 38.8 287.2 400.9 0.6 11 2.8 39.3 287.5 400.5 0.7 14 2.0 2.6 330.6 498.6 0.5 11 37.1 39.9 299.9 402.0
006879,0.9 14 32.3 69.0 86.2 233.3 1.0 14 0.7 148.3 17.3 214.2 1.0 14 40.4 99.6 210.4 500.3 1.0 14 31.2 70.5 86.1 347.4 0.5 14 8.8 146.4 24.1 211.7 0.9 14 13.1 147.7 28.8 213.8 1.0 14 171.6 90.6 320.4 500.4
006881,0.0 0 0.0 0.0 10.0 10.0
006882,0.6 14 415.7 94.8 435.2 124.9 0.5 14 268.4 210.7 379.2 374.4 1.0 14 383.5 100.2 405.0 127.2 0.8 14 423.2 95.3 444.0 114.3 1.0 14 63.9 123.1 186.4 346.5 0.7 14 8.9 122.2 181.8 347.3 0.9 6 127.5 93.4 481.2 313.6 0.5 6 127.3 94.7 482.6 373.5
006885,0.6 13 125.6 163.8 145.6 183.9 0.7 13 3.9 179.2 27.2 198.1 0.8 1 276.0 177.8 325.6 212.2 0.9 1 151.5 180.2 192.9 207.7 0.8 14 130.6 156.7 149.3 182.3 0.8 14 6.6 169.3 24.7 196.4 0.8 14 162.0 169.1 185.1 204.1 1.0 14 283.7 151.2 319.0 205.6
006888,0.6 0 4.9 115.3 170.0 192.8 1.0 0 2.5 16.4 500.2 237.7 0.7 0 2.3 116.4 501.1 236.8 0.9 0 132.6 14.2 499.3 116.9 0.6 0 135.7 17.7 499.7 236.0
006889,0.6 3 353.6 190.9 482.6 209.8 1.0 3 353.2 176.7 484.5 209.5
006890,1.0 6 13.2 41.0 498.9 306.8
006891,0.5 14 0.8 138.3 28.7 373.6 0.8 14 0.8 138.8 28.5 302.3 1.0 14 46.5 109.1 220.7 375.3 1.0 14 186.4 2.1 437.1 374.8 0.7 14 189.4 52.2 431.7 375.1
006894,1.0 14 0.5 0.9 216.2 244.2 0.6 14 1.9 2.2 215.9 374.6 1.0 7 180.9 51.8 498.5 339.0
006895,0.9 8 14.2 185.7 187.8 374.7 0.9 17 188.9 198.0 498.8 374.4
006897,1.0 14 163.3 100.2 329.3 266.6 1.0 12 83.4 120.2 380.9 415.0
006898,1.0 14 2.7 359.1 62.8 483.9 1.0 14 217.3 272.7 305.1 497.6
006901,1.0 14 121.6 56.2 219.9 276.1 0.6 13 122.5 141.2 225.1 271.7 1.0 14 269.6 76.7 399.3 283.7
006902,0.5 7 132.1 89.8 351.9 291.5 0.9 15 308.4 0.6 398.0 112.2
006904,0.5 8 58.1 240.2 159.1 331.0 0.8 14 187.4 1.8 497.6 331.5 1.0 14 288.9 102.3 499.5 332.1
006905,0.5 14 108.6 101.7 199.0 373.9 1.0 14 130.3 2.5 498.2 374.2 0.6 14 108.8 44.7 206.9 374.4
006906,1.0 14 184.0 61.7 209.4 115.5 1.0 14 334.3 234.5 450.0 374.9 1.0 14 429.4 124.1 476.6 201.0 0.6 14 117.3 70.0 270.4 375.4 0.7 17 198.7 73.7 273.5 119.5 1.0 14 78.7 48.5 138.1 236.8 1.0 14 127.0 163.3 275.9 374.3 1.0 14 1.0 57.4 72.5 254.0 0.9 14 114.5 89.5 348.9 374.1 1.0 14 360.0 150.2 408.6 213.8 0.9 14 211.9 91.3 348.9 374.6 0.8 14 179.8 164.8 276.7 374.1 1.0 14 273.3 43.1 317.9 103.0
006907,1.0 6 43.5 324.0 349.8 417.4
006913,1.0 5 42.7 120.3 443.6 231.4
006915,0.6 14 188.7 15.1 202.0 41.7 1.0 14 366.0 1.6 497.4 241.2 1.0 11 90.3 51.8 368.2 311.6 0.9 11 275.7 230.0 465.4 374.8 0.9 11 274.1 231.4 402.3 374.9
006920,0.7 13 1.1 108.6 50.6 186.2 1.0 13 330.3 134.8 486.6 256.8 0.6 14 51.4 122.3 156.0 263.3 1.0 13 76.1 132.9 281.6 268.5 1.0 14 191.7 86.2 248.6 196.3 0.7 13 227.2 109.6 298.0 199.1 0.6 13 83.3 134.6 216.2 268.1 1.0 14 34.6 114.7 92.2 233.3 0.8 14 284.3 107.4 391.9 222.1 0.7 14 318.9 108.8 466.9 253.7 0.8 14 284.5 108.5 339.6 203.7
006921,0.7 14 184.6 140.3 246.1 241.3 0.7 13 250.4 154.2 400.8 310.1 0.6 13 294.4 150.8 399.7 278.0 0.6 13 252.9 150.7 398.8 320.1 0.7 13 301.2 150.9 398.0 318.5 0.6 13 253.6 156.0 329.2 298.5 1.0 13 147.7 154.9 257.1 311.4 0.5 14 199.8 138.3 245.7 245.5 1.0 14 250.5 124.9 295.4 204.0 0.8 13 110.6 141.3 257.5 315.9 0.9 13 245.7 159.7 317.8 283.6 0.6 14 223.7 135.1 265.2 239.0 1.0 14 71.3 211.7 134.6 305.9 0.6 13 248.9 158.4 400.5 296.6 1.0 14 322.0 116.7 388.1 327.1
006923,1.0 8 156.8 150.5 208.3 268.8 1.0 8 274.7 138.4 373.9 285.2
006925,0.7 6 360.6 161.2 499.8 369.1 1.0 6 170.3 170.5 209.1 195.8 0.9 6 210.8 166.4 238.1 188.6 1.0 6 9.2 171.8 104.4 225.1 0.9 6 278.0 168.6 400.3 230.3
006926,0.9 14 48.1 70.3 317.0 426.8 0.9 14 46.9 70.5 345.9 439.0 1.0 14 285.7 76.9 451.0 440.7
006927,1.0 14 1.7 2.3 396.8 374.7 1.0 2 276.0 117.6 488.2 373.8
006928,0.9 11 203.4 21.3 475.4 383.5 0.6 11 200.8 2.5 497.3 383.6
006929,0.6 2 90.5 95.3 187.2 219.1 1.0 2 88.0 94.0 284.0 320.1
006936,1.0 12 124.5 178.8 392.9 333.5 1.0 14 237.2 55.6 340.5 315.5
006937,0.6 8 23.2 267.5 193.9 499.1 1.0 15 117.4 132.6 197.0 263.6 0.7 17 22.7 221.9 194.5 411.6 0.9 8 24.5 221.6 192.4 415.9
006938,1.0 14 402.6 123.5 500.0 364.1 0.7 14 434.4 124.9 499.8 363.6 0.8 14 403.4 187.1 498.9 362.3 1.0 14 114.0 118.4 329.3 375.1 1.0 14 1.7 152.7 129.7 374.5
006941,0.5 14 428.7 141.1 499.1 271.9 0.6 19 243.0 174.3 300.9 208.6 0.9 14 427.8 140.8 498.9 294.7 0.9 14 449.7 79.9 500.1 203.6 1.0 14 174.9 144.6 263.1 238.2 0.9 14 4.8 160.5 97.2 374.3 0.8 14 325.2 143.2 407.7 212.3 0.8 14 122.9 120.4 183.5 176.5 1.0 14 82.0 149.3 203.1 343.0 1.0 14 4.9 160.3 139.4 374.8 0.8 10 70.2 202.6 370.7 374.5 1.0 10 69.3 201.7 373.9 374.8 0.9 14 325.2 144.0 407.5 244.7 1.0 14 324.5 167.6 497.8 374.9
006942,1.0 1 46.9 15.4 460.4 324.1
006946,0.8 0 1.5 9.6 391.3 308.1 1.0 0 2.4 -1.3 484.8 304.3
006951,1.0 13 142.0 109.0 451.2 290.1 1.0 14 210.9 83.4 359.8 274.6
006954,0.9 14 208.4 6.5 293.9 107.9 0.7 14 30.6 81.8 239.7 327.2 0.8 14 212.8 8.5 318.7 159.5 0.5 14 21.2 8.6 320.7 326.9 0.9 14 4.8 82.2 240.7 375.1 1.0 14 155.6 158.5 323.4 374.6 1.0 14 243.3 82.6 395.1 375.4
006955,0.8 6 402.4 129.4 435.4 150.3 1.0 6 3.4 131.2 466.1 332.3 1.0 6 375.2 127.0 434.9 148.7 1.0 6 320.6 119.5 370.3 142.3
006957,1.0 14 345.8 135.1 499.7 374.5 1.0 14 279.6 203.8 362.1 363.0 1.0 14 132.9 230.1 289.0 375.4 1.0 14 139.0 176.4 301.2 356.0 0.7 14 132.0 225.6 355.3 374.5 0.8 14 272.8 203.0 361.7 375.2
006960,0.6 7 200.2 50.9 322.4 193.1 0.9 7 22.3 150.0 304.8 354.8 1.0 7 202.1 51.6 417.4 307.6 0.9 7 183.1 171.5 318.9 313.1
006961,1.0 11 1.3 3.2 332.9 499.7
006964,0.9 14 143.9 43.0 214.8 228.3 1.0 14 191.0 95.9 293.2 329.7 0.9 14 261.6 73.8 347.5 257.7 1.0 14 102.9 224.2 293.2 375.3 0.9 14 142.7 43.1 212.9 333.8 0.6 14 283.2 240.6 374.5 374.5 0.7 15 0.5 1.4 106.1 374.2 1.0 14 67.6 35.3 178.2 374.3 0.9 14 237.7 73.8 345.4 328.9 1.0 14 282.0 240.9 407.1 374.6 1.0 14 338.7 106.6 490.4 374.7
006967,1.0 2 155.9 157.3 247.8 307.4
006969,1.0 11 116.9 43.7 441.3 346.7
006970,1.0 6 290.3 289.8 375.2 394.1 0.7 6 134.3 296.1 371.8 394.3 0.6 6 2.1 294.5 373.5 396.4 0.6 6 95.6 295.5 299.1 385.6 0.9 6 97.4 294.5 372.3 394.3
006973,0.7 9 49.6 1.9 499.0 332.0
006974,1.0 6 397.2 182.7 479.8 232.5 0.8 14 25.6 120.0 64.8 216.5
006975,0.5 1 80.8 206.9 165.8 333.2 1.0 1 78.3 205.0 213.9 332.6 1.0 14 88.9 51.2 244.0 285.8
006977,0.6 3 305.0 126.5 330.0 204.2 0.9 3 74.3 319.2 142.1 366.9 0.8 3 73.7 41.6 240.1 359.4 0.8 3 114.9 42.1 238.7 345.4
006978,1.0 18 2.8 190.9 294.7 273.4
006979,1.0 7 66.9 31.9 414.8 500.3
006980,0.6 19 260.4 49.1 499.0 373.6
006982,1.0 12 219.9 131.4 281.4 224.0 1.0 14 228.4 102.6 270.6 196.5 0.7 14 338.7 93.4 361.4 150.5
006984,0.7 19 38.5 73.4 66.1 102.1 1.0 19 312.4 63.4 342.4 91.4 0.9 19 164.8 59.5 191.5 82.2 0.7 8 158.5 239.0 227.5 300.4 0.9 8 352.1 117.6 388.0 189.7 0.9 8 302.5 96.5 342.6 147.6 1.0 19 46.0 105.6 125.0 167.0 0.6 19 181.8 80.9 232.4 124.0 0.9 19 366.1 64.2 397.1 93.4 0.8 19 85.9 69.2 120.1 98.0 0.9 19 124.2 94.0 183.8 137.7 1.0 8 226.5 115.2 296.3 217.3 0.8 8 259.7 185.0 358.6 299.7 1.0 8 157.4 243.5 280.8 300.0 0.6 19 39.3 74.0 77.7 103.5 0.9 19 256.5 62.1 286.3 89.9
006985,0.8 7 195.5 143.1 328.4 215.0 1.0 7 220.7 143.8 329.7 215.2
006986,0.8 5 144.3 33.1 334.5 111.7 0.9 5 248.5 30.3 333.3 108.3 1.0 14 72.7 32.3 195.3 446.0 1.0 14 187.8 32.1 283.3 487.4
006991,0.9 11 198.7 106.7 471.5 301.0 0.9 11 200.7 106.5 494.6 309.9
006992,0.9 5 140.2 147.4 261.0 268.2 0.9 5 15.4 157.7 151.8 266.7 0.5 5 19.5 138.4 500.8 268.8 0.7 5 143.7 138.4 501.0 269.0 1.0 5 246.5 139.3 500.1 269.3
006993,0.7 1 37.7 32.5 424.5 346.0 0.9 1 200.3 79.7 426.0 336.9
006996,1.0 6 30.6 72.7 407.7 254.5
006997,0.9 3 81.9 213.6 477.5 276.8 0.9 3 79.8 0.8 479.9 274.2
006998,0.9 11 2.4 7.4 487.1 314.9
006999,1.0 7 1.7 36.1 372.0 374.4
007000,1.0 14 97.5 15.2 371.8 374.7 0.9 2 269.2 218.6 374.0 333.1
007001,1.0 6 212.3 135.6 444.1 343.1
007005,0.6 1 44.1 211.0 236.8 437.0 0.9 14 210.8 147.8 329.5 289.8 0.5 14 203.1 148.1 329.8 386.2 0.7 14 204.8 147.7 330.2 326.4 0.7 13 149.3 216.2 333.6 500.6 0.6 14 204.2 148.4 330.6 389.7
007010,1.0 1 60.7 19.9 377.7 375.6 0.5 1 61.3 89.0 372.4 377.0
007012,0.7 15 355.3 33.1 398.8 127.2 0.6 15 342.0 1.4 406.0 130.0 0.9 1 282.4 35.6 437.3 308.3 0.6 15 317.5 69.6 352.6 125.2 0.8 15 335.1 33.7 396.9 129.4
007013,0.7 1 224.4 71.4 439.0 332.8
007014,1.0 6 22.0 65.0 430.1 335.1
007015,1.0 6 104.7 92.9 425.0 231.1
007017,1.0 7 123.2 176.3 191.8 364.5 0.7 15 124.6 117.3 181.7 181.8 0.7 7 123.6 176.0 188.5 298.3 1.0 14 20.7 87.9 215.4 374.9 1.0 14 189.7 66.4 329.4 373.9 0.5 15 99.7 2.3 170.5 128.1 1.0 14 314.3 107.1 458.0 375.1
007019,0.6 14 386.4 103.4 488.8 264.6 0.5 14 146.6 60.7 308.9 300.1 0.8 14 145.3 60.6 303.8 334.7 1.0 14 256.0 50.4 391.6 333.5 1.0 14 390.8 102.7 487.2 220.8
007024,0.6 9 109.2 116.2 209.1 224.7
007026,0.7 0 236.1 147.4 315.1 180.9 0.6 0 110.7 126.2 318.0 182.7 0.9 0 1.8 154.7 441.3 333.3
007027,0.9 7 1.8 54.4 465.0 243.2
007028,0.9 14 199.2 1.2 258.9 127.6 1.0 14 114.6 67.3 247.8 311.2 1.0 14 294.0 27.5 427.5 267.4
007030,0.9 1 36.4 199.4 194.0 299.7
007032,0.9 14 55.8 200.8 298.0 298.0 0.7 8 362.1 159.2 499.6 331.1 0.6 14 57.1 170.3 299.9 297.6 0.5 14 451.8 31.0 499.8 107.6 0.9 17 2.5 139.2 500.0 373.4 0.8 14 250.0 24.7 404.8 301.4 0.9 14 247.3 23.7 403.6 328.3
007034,0.6 14 119.6 14.8 229.5 167.5 0.6 14 2.4 15.9 225.5 168.9 0.8 14 2.5 18.0 229.4 373.7 1.0 6 2.7 77.0 497.7 378.8
007037,0.9 18 84.0 117.1 342.3 250.5 0.6 18 27.2 115.7 343.9 252.5
007041,0.6 7 1.8 318.7 266.1 500.5 0.9 7 109.8 103.5 373.7 358.4 0.9 7 111.5 102.9 374.4 476.0
007043,0.9 14 90.1 94.7 265.9 271.6 0.7 14 1.2 84.8 69.9 267.0 0.5 14 0.7 109.2 34.9 226.7 0.6 14 2.6 95.5 263.7 332.6 0.6 14 1.0 85.7 69.1 232.4 0.7 14 2.1 95.1 265.4 270.0 0.9 14 1.4 97.0 185.0 273.6 1.0 14 229.1 50.3 462.0 332.4
007044,0.7 12 125.9 170.3 211.3 378.1 1.0 14 59.0 137.2 128.8 291.2 0.8 12 143.6 171.4 211.3 357.8 1.0 14 197.7 116.2 305.7 446.6
007047,1.0 2 22.0 106.7 274.2 450.2
007051,0.8 1 217.9 328.5 374.1 501.4 0.9 2 94.9 287.1 122.2 354.1 0.8 14 154.2 209.4 204.3 361.9 0.8 1 214.5 326.6 374.7 501.5 1.0 14 182.0 209.7 264.9 364.4 0.7 1 217.8 254.5 374.4 501.0
007053,1.0 14 352.9 107.7 484.8 331.1 0.9 14 268.8 120.0 402.8 330.8 1.0 14 207.1 35.3 297.2 136.9 1.0 14 151.4 115.3 267.8 331.3 0.8 14 248.1 107.4 324.7 275.2 1.0 14 64.9 1.3 232.2 135.2 1.0 14 19.8 91.0 167.1 331.5 0.9 17 1.8 58.2 499.6 332.1 0.9 14 250.0 107.5 376.7 331.4 0.8 14 258.2 115.8 462.1 331.0
007055,0.9 12 55.7 49.4 445.4 340.6
007057,0.5 15 103.0 179.2 172.9 235.0 1.0 8 112.5 212.0 172.4 300.1 1.0 8 68.3 211.6 109.0 295.7 0.8 15 123.5 180.1 171.2 227.0 0.8 10 74.4 224.9 126.0 298.2 0.9 8 148.3 208.9 179.6 299.8 1.0 17 220.3 232.9 334.4 332.9
007060,0.6 14 455.4 43.0 476.2 65.8 0.6 14 285.3 63.1 316.2 130.1 1.0 14 175.6 120.9 268.4 297.0 0.7 14 357.7 47.4 376.9 71.1
007061,0.5 18 1.8 43.6 497.3 373.6
007063,1.0 7 189.0 14.6 499.4 336.5
007066,1.0 3 257.6 204.1 398.7 270.6
007067,0.8 8 1.3 373.9 118.5 499.7 0.8 10 91.2 307.0 240.4 442.1 1.0 8 82.6 268.4 138.9 340.5 1.0 17 172.1 285.9 332.6 391.9
007069,0.9 9 160.0 151.0 212.7 192.4 0.9 9 375.7 183.8 432.4 231.1 0.6 9 44.4 132.0 71.6 162.7 0.5 9 354.4 129.2 389.4 156.3 0.9 9 93.5 122.5 184.3 187.8
007076,0.9 16 153.3 113.3 315.8 213.9
007081,1.0 11 152.3 83.3 278.7 312.3 0.8 14 29.7 84.0 285.3 374.0 1.0 14 28.5 83.6 223.2 368.4 0.7 14 256.4 104.6 499.0 373.7
007082,1.0 6 241.5 190.5 274.4 217.3 1.0 6 148.6 189.1 176.1 207.2 0.6 6 197.0 182.4 214.7 200.1 0.8 6 216.1 180.5 240.9 203.6 0.5 6 363.8 195.7 389.3 212.6 0.7 6 9.0 184.1 34.7 196.1 0.9 6 31.0 182.1 62.6 194.7 0.5 6 4.1 287.1 499.0 372.4
007083,1.0 14 43.3 119.6 251.4 407.3
007085,0.7 18 118.7 126.1 418.1 188.5 0.6 18 326.4 135.2 420.1 166.0 0.7 18 106.2 125.1 501.2 188.5 0.8 18 179.5 128.1 417.3 187.2
007087,1.0 2 116.8 157.3 271.3 278.0
007091,0.9 3 149.1 240.9 204.8 262.1
007094,1.0 17 1.5 194.7 375.7 364.2
007096,1.0 0 48.2 83.6 493.5 224.7
007098,0.9 7 12.8 64.7 231.8 351.1 0.8 7 174.4 160.1 391.7 458.8 1.0 7 174.1 159.9 498.6 469.9
007099,1.0 11 170.8 67.8 386.1 256.3
007102,1.0 2 88.3 1.5 411.2 374.0
007103,0.8 14 189.7 269.7 242.1 373.4 1.0 14 156.7 270.8 242.4 382.2
007106,0.5 15 161.3 31.0 269.7 285.4
007107,0.7 18 184.4 191.6 343.3 262.6 0.9 18 179.9 158.3 499.3 268.9 0.8 18 182.1 159.5 438.9 268.0
007110,0.9 15 192.7 83.2 218.2 121.8 0.9 15 18.8 77.9 161.8 282.0 1.0 10 38.5 248.3 365.0 375.7 0.9 19 1.0 209.3 30.0 295.5 0.8 8 63.2 210.6 145.6 296.3 0.9 8 355.7 203.6 488.8 374.6
007111,0.6 5 95.5 133.5 429.1 221.7 0.6 6 148.0 134.7 429.3 222.1
007112,1.0 14 121.7 99.7 155.5 178.6 1.0 14 41.9 110.5 73.3 182.1 1.0 14 177.5 106.1 208.5 172.4 0.9 14 274.2 153.6 299.4 176.6 1.0 14 16.0 110.7 44.8 183.9 1.0 14 210.3 110.3 232.2 152.2 1.0 14 69.8 109.7 106.8 208.2 1.0 6 85.7 136.8 425.8 244.0 1.0 14 287.7 103.0 326.8 143.0 1.0 6 343.9 121.4 396.5 147.4
007115,1.0 1 1.5 59.9 333.0 500.4
007116,1.0 17 29.7 34.8 470.8 303.7
007118,0.8 14 176.4 76.8 203.3 108.4 0.8 6 350.1 105.2 442.0 150.5 0.6 6 348.4 93.1 439.8 149.7 0.8 12 20.1 64.9 336.3 336.4 0.7 6 405.4 107.7 439.5 148.5 1.0 14 256.6 88.3 337.3 272.9
007119,1.0 14 43.1 0.0 373.8 490.1
007120,1.0 14 252.5 201.3 318.9 334.4 1.0 14 420.2 173.1 494.2 334.4 0.6 14 396.8 191.7 413.5 222.7 1.0 14 402.3 196.3 428.6 272.8 1.0 14 402.7 196.0 428.5 316.0 0.6 14 390.6 192.8 411.5 276.2 1.0 14 67.6 197.0 194.9 334.4 0.7 14 477.3 193.1 498.7 218.5 1.0 14 429.5 219.1 499.2 335.0 1.0 14 346.5 194.8 393.4 334.3 1.0 14 289.5 235.7 368.7 334.5
007124,0.7 1 66.6 209.5 166.2 500.7 1.0 1 2.5 212.9 166.5 499.8 1.0 14 13.6 35.4 175.6 450.8
007126,1.0 14 190.4 182.2 301.7 332.5 0.8 6 1.4 77.0 138.6 175.3 0.8 14 422.5 87.1 448.1 127.4 1.0 14 85.3 203.4 209.2 333.2 1.0 14 301.5 38.4 425.8 331.6
007127,1.0 14 113.9 198.1 133.2 239.0 1.0 14 1.0 203.6 42.1 296.8 0.9 18 160.3 151.6 447.1 252.7 0.7 14 157.8 196.5 172.4 242.9
007131,0.9 1 23.3 2.4 315.2 499.2
007134,0.9 12 395.6 149.5 479.3 297.5 0.7 14 336.0 124.0 379.4 232.2 1.0 14 436.7 102.4 479.6 221.1 1.0 14 236.6 21.2 328.1 215.3 1.0 12 40.6 77.1 412.9 368.8 0.8 14 401.0 107.1 432.5 230.2
007135,0.8 14 386.7 209.6 405.6 250.2 1.0 0 207.2 116.1 306.9 151.5
007136,1.0 14 137.4 87.3 221.7 249.6 0.8 14 162.9 87.8 219.9 239.2 1.0 14 2.6 198.9 109.8 352.5 1.0 14 304.7 145.2 492.6 318.3
007137,1.0 14 1.4 150.6 105.4 324.1 1.0 14 17.4 1.6 96.1 151.3 1.0 1 256.6 119.4 422.2 231.4 1.0 14 152.7 150.8 262.9 330.4 1.0 14 105.9 1.1 192.7 325.3 0.5 1 393.0 113.6 442.8 176.2 0.8 1 257.3 139.2 423.5 230.9 0.7 14 53.8 0.6 187.3 326.5 0.5 14 39.7 154.5 105.1 326.0 0.8 14 1.1 0.8 107.4 325.2 0.9 1 392.3 112.3 498.2 184.2 0.7 1 260.3 122.5 352.2 204.8 1.0 14 309.6 97.7 409.6 265.7
007142,0.9 18 42.6 92.3 215.3 323.8 1.0 18 242.7 73.9 440.4 318.2
007143,1.0 6 24.3 116.0 432.7 238.9
007145,0.7 7 122.8 75.2 498.3 333.5 0.6 7 263.1 3.1 434.6 174.5 0.9 7 157.1 73.8 327.9 229.2 0.6 7 2.8 75.9 498.9 333.6 0.9 7 214.3 3.4 455.3 189.3 0.9 7 142.7 75.1 498.5 333.3 0.7 7 211.2 2.9 499.1 332.5
007151,1.0 14 181.1 49.8 325.1 374.2
007155,1.0 0 42.1 139.7 399.2 285.3
007156,0.6 18 301.2 119.2 500.9 230.3
007157,0.7 0 1.6 156.2 104.9 208.2 1.0 14 263.5 163.5 299.2 291.9 1.0 0 43.5 121.3 483.5 293.9 0.7 0 1.8 164.9 106.3 204.9 1.0 14 226.2 183.0 267.4 293.2
007158,0.5 9 1.7 89.6 375.2 499.2 0.6 9 47.4 90.6 374.7 499.9
007160,1.0 1 2.4 128.9 288.5 499.6 0.8 1 1.4 126.9 330.2 501.3
007161,1.0 14 10.0 54.6 332.7 499.5
007164,0.9 6 279.9 241.4 327.6 264.5 0.7 0 1.6 63.7 500.2 298.6 1.0 0 1.4 65.4 454.8 298.5
007169,0.7 0 56.7 109.6 267.7 215.1 0.7 0 59.7 108.4 500.0 252.7
007170,0.9 14 130.4 112.0 331.6 332.8 0.7 15 63.1 7.3 188.6 277.1 1.0 14 1.4 154.6 121.7 333.7 0.9 14 124.5 99.3 398.0 333.8 0.9 17 235.2 156.4 497.2 333.5
007171,0.6 13 165.2 96.5 318.0 332.1 0.7 13 336.1 104.6 499.7 314.3 0.5 13 334.6 103.8 470.9 318.7 0.6 14 1.5 1.6 174.0 332.5
007173,1.0 14 394.6 177.7 418.3 256.1 0.7 14 342.4 169.1 361.4 183.7
007175,0.9 14 115.0 2.3 497.5 332.7
007176,1.0 14 76.3 123.8 176.8 251.1 0.9 6 27.3 192.6 484.7 421.5 1.0 6 174.4 195.2 484.3 423.2
007178,1.0 14 73.0 102.9 357.5 375.2 0.7 19 417.0 205.9 460.7 304.2
007179,1.0 14 390.2 103.4 500.4 332.8 0.8 6 172.4 135.2 224.7 164.7 0.5 4 109.4 298.1 138.7 332.8 1.0 14 1.0 54.8 183.7 332.7 1.0 14 156.3 77.4 390.2 332.7
007181,1.0 8 303.4 136.2 402.9 271.1 0.6 6 130.9 56.2 151.4 74.2 1.0 14 241.3 82.7 362.1 299.1
007183,1.0 11 2.7 91.8 500.2 301.8
007186,0.6 1 217.4 126.9 254.4 156.5 1.0 14 392.5 145.8 453.4 300.0 0.7 1 216.3 130.1 247.5 155.2 0.9 13 166.4 156.5 240.8 245.9 1.0 14 125.5 94.2 172.6 270.7 1.0 14 26.8 89.6 87.9 323.2 1.0 14 233.9 135.4 271.9 249.6 0.8 1 220.2 122.8 264.1 159.2
007188,1.0 2 230.8 138.2 369.9 226.7
007190,0.9 11 2.2 48.3 426.6 330.9
007192,0.6 17 97.3 110.5 304.4 338.1 0.5 17 2.7 112.2 303.3 375.9 0.7 17 2.2 107.6 499.1 375.7 0.8 17 342.2 109.5 499.5 312.7
007195,0.9 18 94.8 107.2 256.9 174.1 0.7 18 256.2 107.6 406.9 177.9 1.0 14 331.7 25.1 500.1 332.2
007196,0.8 19 1.4 55.1 169.4 239.1 0.8 19 342.5 54.6 500.9 216.5 0.9 19 169.6 57.1 337.8 227.7 0.9 19 2.0 54.2 335.8 240.1 0.9 19 341.0 55.8 501.1 227.4
007198,0.8 14 58.3 278.3 117.4 330.6 0.6 9 98.9 34.2 242.0 129.9 0.8 16 463.0 134.4 500.2 229.7 0.6 9 107.2 96.1 265.2 299.5 0.7 9 97.1 33.8 277.5 154.0 0.7 9 260.8 121.1 397.1 298.0
007199,1.0 7 86.2 34.5 465.7 375.7
007201,0.7 14 0.8 157.6 53.1 285.8 0.6 2 165.5 93.4 292.1 332.9 0.7 1 2.5 215.4 246.7 332.8 0.5 2 167.5 93.8 290.7 333.0
007202,0.9 8 313.6 134.9 349.8 178.6 0.6 8 169.3 129.3 198.4 179.1 0.9 15 30.6 117.9 57.0 165.3 0.9 8 118.7 126.9 152.3 178.8 0.6 8 49.4 126.0 80.1 174.6 0.8 8 263.0 128.8 302.7 165.0 0.5 8 310.7 134.3 340.4 174.2 0.7 8 153.7 128.9 190.8 180.1 0.8 8 77.2 126.0 110.5 178.9 0.9 8 258.5 131.7 313.2 177.6 0.8 8 290.6 133.0 318.8 175.8
007203,1.0 19 158.0 50.5 252.9 173.1 0.6 8 398.4 87.8 500.0 323.6 0.8 8 403.7 189.6 499.4 327.3 0.9 19 48.6 2.1 164.4 184.4 0.7 19 34.2 119.7 90.9 213.7 0.7 19 21.9 161.8 90.9 228.8 1.0 14 309.5 133.2 429.5 295.8
007206,1.0 14 290.2 200.0 308.7 258.2 1.0 18 109.6 163.0 249.8 311.9
007207,0.6 8 269.9 126.7 297.3 204.8 0.9 14 2.5 238.9 239.5 375.0 0.7 8 397.8 182.0 432.2 280.3 0.7 14 282.5 154.1 371.4 358.3 0.9 8 432.5 128.7 499.6 220.0 0.9 14 100.3 132.1 245.6 276.1 1.0 14 1.2 243.2 66.1 374.5 1.0 14 428.1 214.6 499.5 375.4 0.9 8 200.5 147.4 253.0 213.4 0.7 14 99.1 133.8 211.9 313.9 0.6 14 314.1 128.6 367.3 168.4 1.0 14 195.0 103.2 257.9 216.5 0.5 14 139.1 126.9 240.9 259.1 0.9 8 267.3 126.9 303.3 213.0 0.9 14 134.3 102.2 174.5 137.3 1.0 14 100.8 133.8 247.1 373.8 0.6 14 113.6 103.3 174.1 185.8 0.9 14 28.4 168.5 242.4 374.1 0.9 10 170.1 205.4 382.4 325.9 1.0 14 217.9 51.1 256.8 100.1 1.0 14 290.7 129.4 370.5 243.8 0.7 10 168.0 204.1 438.8 373.6 0.8 10 171.0 204.0 387.1 373.1 0.9 14 111.3 128.7 141.3 187.6 1.0 14 277.2 157.9 438.8 374.3
007209,1.0 11 67.4 30.4 271.1 384.1
007218,1.0 17 29.5 57.8 428.1 379.0
007220,0.6 19 49.5 235.4 126.6 313.5 0.8 8 366.6 217.0 499.4 352.9 0.9 10 127.6 241.6 372.5 371.9 1.0 14 177.3 154.7 252.8 252.9 0.7 19 60.9 238.2 127.5 312.3 1.0 14 240.2 154.1 295.7 257.4
007221,0.8 7 33.3 30.2 430.3 375.2
007225,0.9 4 384.3 179.7 422.8 315.3 1.0 4 117.4 148.9 152.5 253.1 1.0 4 94.7 177.5 135.4 314.3 1.0 4 373.4 170.7 423.7 317.5
007226,0.9 18 46.8 80.0 475.7 247.0
007228,0.9 10 141.1 121.2 308.3 224.6 0.9 8 143.0 109.1 214.4 222.1 0.9 8 237.0 107.7 314.3 214.2 1.0 14 21.8 58.9 185.1 284.2 0.6 14 21.9 59.5 186.9 358.3 0.9 8 292.6 112.6 363.4 219.1
007229,0.9 12 1.3 21.9 279.0 219.6
007231,0.6 9 107.2 87.6 384.7 249.4
007232,1.0 1 25.6 260.2 82.6 364.2 1.0 14 25.7 184.3 82.9 341.8
007233,0.9 3 26.8 1.0 497.4 271.0
007235,0.9 1 137.6 119.7 369.6 276.1 0.6 14 174.5 26.1 248.6 229.2 1.0 14 189.2 23.6 328.9 250.9 0.6 14 211.9 33.8 326.7 250.8
007237,1.0 4 118.4 240.5 134.5 284.7 1.0 14 370.5 166.8 500.3 375.5 1.0 14 335.4 66.9 427.6 247.1 1.0 14 192.8 70.0 286.4 290.9 1.0 14 99.7 96.7 212.4 263.3 1.0 10 1.6 235.6 260.3 375.4 1.0 14 226.3 124.4 409.4 375.0
007238,1.0 7 66.4 209.4 213.2 403.8
007239,0.0 0 0.0 0.0 10.0 10.0
007240,0.8 8 179.7 47.1 288.3 125.2 1.0 10 2.6 96.5 499.2 374.4
007242,1.0 6 0.8 179.8 47.4 267.8 0.9 5 59.7 1.8 500.2 374.2 0.9 6 1.3 159.3 65.1 223.1
007246,0.7 6 1.4 83.4 386.3 376.4 1.0 6 2.0 83.8 499.2 376.1 0.7 6 240.2 76.8 500.7 259.2 0.7 6 243.8 77.2 501.0 211.1 0.5 6 240.1 76.6 499.8 367.7
007248,0.6 2 222.7 138.2 342.1 329.0 0.6 2 163.8 180.7 225.2 327.0 0.8 2 48.5 135.3 227.7 498.6
007251,1.0 14 1.6 10.7 374.3 499.9
007252,0.6 12 279.6 103.9 497.3 330.6 1.0 14 27.0 25.8 208.7 331.9 0.9 12 198.5 114.4 355.4 317.0 1.0 12 203.7 102.8 497.9 329.9
007253,1.0 14 100.2 106.1 239.1 285.0 1.0 12 118.9 111.7 215.2 428.9
007254,0.0 0 0.0 0.0 10.0 10.0
007255,0.6 8 178.9 96.9 273.2 256.8 0.9 8 277.7 81.8 426.8 351.3 0.9 8 151.4 95.7 271.8 264.5 0.9 8 196.1 82.2 388.2 374.8 0.8 8 276.4 82.9 379.3 352.1 0.5 8 200.4 237.6 377.7 375.4
007257,1.0 0 182.0 148.4 225.5 171.4
007262,1.0 0 82.0 127.7 275.8 196.8
007264,1.0 17 1.1 155.7 257.8 329.0 1.0 17 229.1 206.7 498.2 374.3
007265,0.0 0 0.0 0.0 10.0 10.0
007267,0.9 6 376.3 157.7 401.3 177.5 1.0 14 166.1 138.5 205.4 255.9 0.5 14 317.8 158.0 331.7 187.2 1.0 0 91.9 82.6 480.7 184.9 0.5 14 318.3 158.1 331.6 185.4
007268,1.0 14 135.7 45.6 272.9 500.3 0.8 14 136.0 46.6 323.5 501.0
007269,0.9 2 225.2 90.6 290.4 147.3 0.6 2 213.9 143.9 336.7 214.0 1.0 2 130.7 74.0 245.8 152.2 0.9 2 212.3 138.0 409.1 234.0 0.8 2 310.3 137.3 409.2 212.1 0.6 2 199.4 137.9 408.0 249.5 0.9 2 194.7 171.7 404.3 251.1
007272,0.6 14 7.2 2.2 492.6 374.6 1.0 14 3.6 26.9 494.6 374.6
007273,1.0 6 75.0 118.7 486.4 268.0
007277,0.5 14 2.4 115.8 169.5 353.7 0.8 14 4.3 114.8 167.0 317.7 0.9 14 4.5 107.8 308.7 498.5 0.9 14 106.2 107.5 309.3 498.6
007278,1.0 6 40.7 249.8 85.3 275.5
007281,1.0 6 414.6 165.9 499.7 347.2 0.9 6 14.4 67.9 301.7 375.5 1.0 14 329.0 107.8 429.0 374.4
007282,1.0 6 1.2 135.6 173.2 290.9 1.0 6 196.3 137.8 327.3 290.3 1.0 6 359.6 159.0 483.9 286.5
007286,0.9 0 160.3 58.3 358.5 271.4
007287,0.5 8 28.8 47.2 308.0 268.5
007288,0.5 14 426.6 1.1 451.4 60.1 0.5 14 1.8 1.0 44.9 134.3 0.8 14 73.8 0.9 112.2 40.5 1.0 6 1.6 13.7 495.0 239.1
007290,0.6 0 430.2 181.5 478.2 215.0 1.0 0 127.3 153.7 319.8 218.1 0.9 0 397.1 179.7 477.7 215.5
007291,0.8 7 133.8 16.9 474.3 375.7
007293,1.0 14 171.7 18.8 256.7 121.5 1.0 12 53.1 79.5 408.4 318.4 1.0 14 217.7 190.3 317.9 321.2
007301,0.9 19 255.9 44.4 344.3 133.2 1.0 14 44.6 32.5 212.7 374.8 1.0 17 181.4 169.1 402.1 349.9 1.0 14 283.5 201.2 466.0 374.3
007303,1.0 14 87.9 137.3 194.1 336.4 1.0 12 103.4 184.2 231.1 431.5
007304,0.0 0 0.0 0.0 10.0 10.0
007306,1.0 14 365.8 99.4 498.3 343.1 1.0 14 121.3 112.2 255.8 250.2 1.0 14 1.4 114.1 152.5 373.9 1.0 10 111.7 222.3 497.9 374.6 1.0 14 307.1 91.3 390.2 238.4
007307,1.0 13 160.1 95.3 439.9 292.0 1.0 14 259.4 58.5 383.1 266.0
007309,0.8 13 9.2 100.8 248.4 469.3 0.9 1 14.6 24.0 331.9 468.7
007310,1.0 14 107.9 102.6 222.4 311.5 1.0 12 92.4 121.0 238.8 414.8
007312,0.8 11 71.2 74.6 352.4 303.9 0.6 11 258.8 2.2 499.7 373.7
007313,1.0 14 16.3 77.6 98.0 417.3 0.9 13 21.2 174.5 375.6 501.5
007315,0.9 8 164.3 252.4 209.8 339.3 0.7 17 257.4 306.1 327.7 444.7 0.9 19 228.1 134.8 310.2 211.3
007316,1.0 14 1.4 45.0 375.9 499.8
007317,0.9 14 150.9 12.0 320.8 166.4 0.5 2 67.9 204.3 270.6 327.4 0.7 2 68.2 213.2 187.3 328.9 0.7 14 150.3 12.2 320.2 271.3
007319,0.6 14 57.6 40.9 252.4 188.7 1.0 14 15.0 1.1 81.4 109.5 0.8 8 38.4 1.7 136.3 121.8 0.6 8 38.0 1.8 114.6 120.3 0.7 17 1.2 114.0 374.6 497.5 0.9 14 306.4 262.4 374.7 499.9 0.7 15 133.8 134.3 287.8 446.0 0.8 15 131.0 40.4 288.9 443.1
007320,1.0 14 151.2 236.1 239.9 435.2 1.0 1 158.7 346.2 238.8 491.7
007321,1.0 14 164.1 37.4 211.5 157.7 1.0 19 62.9 1.8 253.0 235.2
007324,0.9 14 369.5 101.8 500.1 375.3 0.9 1 204.8 271.2 500.2 375.3 0.9 14 265.8 100.8 413.7 374.8 0.9 14 173.8 108.9 347.7 301.7 0.6 14 174.9 114.1 262.9 304.0 0.8 14 250.2 101.2 373.9 298.8 0.9 1 99.7 238.8 500.9 375.2 0.9 14 279.4 101.5 499.2 374.6
007326,1.0 2 161.5 78.2 369.5 192.1
007328,1.0 14 28.9 65.9 185.2 432.5 0.7 14 107.8 7.1 249.6 357.1 0.9 14 111.3 7.5 249.4 429.8
007331,0.9 7 0.5 2.0 482.7 374.2
007332,0.9 14 277.3 144.9 382.5 257.8 0.7 11 167.4 301.9 229.1 374.8 1.0 15 66.1 116.4 155.9 186.5 0.9 19 1.0 119.3 52.6 196.0 1.0 14 167.0 152.0 240.8 325.0 1.0 14 23.7 201.5 208.2 374.9 0.7 14 278.3 144.8 382.9 337.4 0.6 10 217.5 228.1 413.6 344.5 1.0 14 236.8 1.9 498.8 374.6
007333,0.6 19 198.7 116.2 373.3 299.5 1.0 14 1.0 4.9 208.7 329.9 1.0 19 199.3 114.6 375.2 331.4
007335,0.8 8 243.0 152.7 314.7 240.7 0.9 8 128.8 153.1 204.9 239.8 0.9 15 1.2 86.6 29.5 116.2 1.0 15 74.0 167.0 132.8 235.6 0.5 15 77.3 138.0 104.4 172.9 0.6 10 190.4 152.1 313.5 239.0
007337,0.6 6 212.8 263.7 241.2 294.5 0.7 6 188.9 266.7 209.2 287.6 0.9 6 210.0 263.0 238.8 293.4 1.0 6 240.3 265.6 293.1 310.3 1.0 6 347.6 268.7 415.3 296.8
007338,0.7 4 124.5 62.6 177.7 109.0 0.6 13 4.0 3.1 494.7 336.1 1.0 14 271.5 42.3 487.4 337.5
007339,0.8 14 262.8 133.4 306.4 166.2 1.0 6 79.1 88.2 378.0 311.6 0.9 14 171.0 112.9 201.9 151.3 1.0 6 250.6 34.1 406.1 153.3 0.6 14 268.6 134.9 305.5 165.2
007340,0.9 2 54.3 27.0 340.1 499.2
007341,1.0 0 62.1 71.3 449.7 227.8 0.8 14 296.7 322.7 356.4 375.0
007342,1.0 14 154.5 177.6 194.1 271.5
007345,1.0 1 82.6 155.6 143.5 247.1 1.0 14 76.4 79.9 142.1 249.2
007347,0.8 14 132.3 163.9 209.8 396.6 1.0 14 302.1 350.3 347.4 498.9 0.5 6 272.8 374.0 314.4 430.2 0.6 14 339.9 339.1 374.9 498.9 0.5 14 213.4 305.0 242.1 376.2
007348,1.0 19 48.9 107.9 111.5 174.8 0.5 17 308.9 114.8 447.9 281.4 0.9 8 304.4 115.8 447.6 281.1
007349,0.6 14 28.7 245.8 43.1 281.8 0.6 18 97.1 54.4 499.4 375.4 1.0 14 84.7 244.0 101.9 288.9 0.9 18 96.4 1.9 500.2 373.6 0.9 14 63.4 246.5 80.2 287.2
007352,0.8 14 399.2 196.7 416.0 226.2 0.9 14 281.3 170.3 353.3 261.9 0.9 0 1.7 2.1 500.1 294.8 0.7 0 1.8 78.9 501.0 293.4
007353,0.8 8 102.8 214.0 289.5 375.2 1.0 17 103.7 207.0 462.2 374.5
007354,0.9 19 82.8 21.9 169.4 101.7 0.5 6 108.7 43.7 154.0 64.8 1.0 14 18.3 55.1 264.0 240.2
007355,0.5 14 43.7 2.1 257.3 285.0 0.9 14 354.2 204.0 372.7 257.1 0.8 14 320.8 201.5 336.0 255.8 0.7 14 39.2 1.3 272.4 407.2 1.0 14 2.2 198.1 42.9 307.3 0.6 14 2.7 3.0 263.1 498.5 0.7 14 6.1 2.6 347.9 498.2 0.7 13 3.8 163.4 350.8 498.0
007357,0.8 3 116.7 137.3 164.2 176.9 1.0 3 220.5 144.1 293.8 169.8 0.8 3 265.8 155.4 360.7 181.6
007358,0.9 14 458.5 89.1 482.5 125.1 1.0 6 6.6 110.8 74.7 156.6 1.0 14 69.1 93.7 111.8 228.2 1.0 6 3.7 5.1 469.7 343.9
007360,1.0 7 202.6 88.2 471.4 278.0
007362,0.5 6 359.8 82.8 500.1 252.3 1.0 6 337.4 45.5 499.8 104.9 1.0 6 0.6 72.1 443.9 338.9
007364,0.8 8 219.6 216.8 498.0 374.8 0.5 17 161.0 162.8 350.4 260.4 0.8 19 116.5 197.7 168.6 248.8 1.0 15 84.9 90.1 181.8 198.3 1.0 17 79.0 160.9 360.2 353.7 0.9 17 219.8 215.7 497.3 374.8
007366,0.5 19 163.9 295.1 234.3 368.8 0.9 8 1.8 393.2 94.3 499.1 0.5 8 161.5 297.8 231.5 464.7
007367,1.0 5 132.9 183.8 275.4 240.9
007368,1.0 6 316.2 81.2 387.5 165.8 0.9 14 51.1 73.5 145.9 243.5 1.0 6 173.0 87.7 265.0 145.9 1.0 6 272.4 89.9 340.5 140.8 0.8 13 2.3 159.6 224.0 394.7 1.0 14 52.1 73.1 146.1 197.8 0.5 13 2.4 171.4 387.1 501.7 0.6 13 78.0 193.4 387.3 501.4
007371,1.0 1 24.1 210.1 275.8 332.5 0.8 14 83.3 127.0 243.0 331.2 1.0 14 96.7 127.8 242.6 330.6
007377,0.9 3 150.8 188.1 457.7 285.8
007378,1.0 14 174.8 85.2 358.6 374.8
007379,1.0 14 173.4 81.8 455.3 374.4
007380,0.9 16 265.7 219.9 297.3 249.9
007382,0.9 14 281.3 164.3 301.1 183.3 1.0 14 186.9 156.1 211.4 185.0 1.0 14 232.6 164.7 256.0 184.1 1.0 18 165.8 67.0 321.9 306.4
007384,0.6 19 393.6 1.2 498.8 55.3 1.0 11 127.2 81.1 352.3 382.8
007386,0.6 6 1.7 263.2 101.1 329.3 1.0 6 1.4 48.0 500.0 318.7
007387,1.0 18 25.9 17.3 480.6 240.0
007391,0.9 8 94.8 164.8 155.9 210.2 0.7 15 303.8 95.2 381.1 158.3 0.9 15 1.1 141.2 56.1 319.7 1.0 10 56.6 200.6 356.7 332.8 0.6 8 277.4 182.1 311.9 231.1
007392,1.0 14 89.6 84.0 252.8 331.3 1.0 12 117.6 152.2 244.2 454.9
007393,1.0 8 135.3 179.1 210.9 332.8 1.0 8 368.3 192.1 439.5 332.1 0.9 4 233.2 272.3 253.0 319.0 1.0 14 1.2 82.1 71.2 331.8 1.0 10 107.4 223.4 446.0 332.6
007395,1.0 14 1.2 132.2 184.0 375.8 1.0 14 145.1 84.3 325.0 374.6 1.0 14 319.3 106.1 490.8 375.1
007397,0.9 2 20.4 370.8 41.7 402.7 0.9 2 97.8 188.6 121.2 224.7 0.9 2 230.3 176.4 251.0 199.7 0.9 2 137.3 439.6 173.6 486.1
007399,1.0 6 45.1 90.0 480.2 329.9
007400,0.9 3 59.6 348.2 215.3 412.7 1.0 14 152.0 331.5 206.3 382.2
007401,1.0 19 260.6 90.5 299.0 121.6 0.6 17 49.2 72.3 182.2 215.5 1.0 8 193.2 90.9 242.4 147.9
007402,0.7 16 116.2 18.7 405.5 370.2
007403,0.9 0 20.1 124.7 152.9 288.5
007404,0.9 4 24.6 249.9 213.7 374.2 0.8 14 103.4 36.8 233.1 153.1 0.5 4 399.0 174.6 464.2 371.6 0.9 4 422.6 244.5 499.5 373.7 0.8 4 348.0 125.0 401.7 294.5 1.0 4 341.0 247.4 405.5 374.4 0.9 14 101.0 137.4 224.3 265.6 0.6 4 430.9 185.8 499.4 339.9 0.6 17 103.2 38.9 500.1 211.0 1.0 14 123.7 74.6 431.2 365.9 0.7 14 125.9 75.7 431.3 314.8
007405,1.0 5 152.9 123.0 376.3 228.9
007406,0.6 15 128.6 221.9 167.0 286.8 0.9 8 389.3 283.5 425.9 349.0 1.0 15 46.2 341.4 94.8 374.6 0.8 8 429.3 283.5 466.8 350.0 1.0 15 83.8 305.3 142.7 357.4 0.9 8 189.3 291.7 246.1 369.8
007407,0.7 2 133.9 139.1 371.6 225.6
007409,0.6 7 315.2 134.0 452.6 314.7 1.0 7 64.9 76.8 455.3 331.7
007412,0.7 14 212.8 93.9 369.1 334.2 0.7 14 76.3 102.6 310.1 316.5 0.6 14 222.4 105.9 333.4 296.7 0.7 14 5.2 15.1 320.9 333.8 1.0 12 2.1 7.1 479.1 334.1 0.5 12 114.6 7.3 474.2 334.7 0.5 14 64.4 14.3 371.4 334.6 0.6 14 66.7 97.4 363.2 332.2
007415,0.9 14 98.6 248.7 109.4 270.8 0.8 8 269.0 244.9 331.9 284.4 1.0 14 141.9 248.5 157.4 281.5 0.9 14 81.9 248.6 92.7 270.1
007418,0.9 11 0.9 91.2 271.5 499.4
007420,0.8 14 159.9 89.4 391.7 332.8 0.7 14 157.5 96.3 267.4 332.1 0.8 14 229.1 90.2 388.6 333.6 0.9 14 225.8 90.9 482.7 333.1
007423,1.0 14 440.9 90.8 499.7 285.1 1.0 14 147.3 129.5 178.5 209.1 1.0 6 27.8 135.8 149.8 187.4 1.0 6 223.1 146.6 334.9 225.6
007426,0.7 2 117.8 82.5 457.1 315.5 1.0 2 116.4 64.6 459.2 322.3
007428,1.0 14 111.2 42.9 153.1 86.1 0.7 14 120.0 78.6 176.8 214.2 1.0 14 36.3 32.7 110.3 156.6 0.8 14 141.1 79.6 173.3 120.5 1.0 14 73.0 72.7 147.6 220.1 0.6 14 124.3 104.7 217.5 221.3 0.9 14 124.8 105.1 207.1 221.9 0.5 14 174.9 1.2 236.4 115.2
007429,1.0 6 16.9 227.8 312.7 476.7
007430,0.9 14 409.5 197.9 433.7 266.0 1.0 18 53.6 18.1 432.2 292.1
007434,0.6 9 117.3 2.3 478.4 379.5
007440,0.8 16 170.1 87.9 324.4 241.2 0.8 16 349.5 104.1 500.4 229.1
007441,1.0 7 126.7 40.7 367.6 326.2
007442,0.7 8 417.8 55.3 495.8 210.4 0.6 8 46.5 47.7 117.7 186.9 0.6 8 356.3 37.1 399.2 93.9 1.0 10 1.8 72.6 499.1 375.2 0.6 10 90.9 72.0 498.3 368.6
007444,1.0 14 0.9 81.3 215.8 500.0 0.8 16 163.0 267.8 272.8 427.5
007447,0.9 1 282.3 207.8 335.2 269.2 1.0 14 482.0 159.1 500.3 241.9 0.9 14 56.8 143.6 77.8 163.1 1.0 14 135.0 161.5 196.4 252.2 1.0 1 124.7 201.6 209.6 268.0 1.0 14 285.6 175.1 333.3 258.6 0.9 14 73.4 146.3 94.8 184.0 1.0 14 215.8 179.5 272.0 279.1 0.9 1 208.4 218.5 277.8 290.3
007450,0.6 14 335.7 124.7 415.2 314.2
007452,0.9 6 86.4 180.6 217.3 237.4 0.9 9 108.0 192.8 183.0 287.6 0.9 6 86.1 179.8 215.7 241.8 0.8 6 86.2 180.6 215.9 239.1 0.9 9 19.3 193.5 156.2 324.0 0.8 6 42.6 184.9 74.7 196.8 0.5 9 218.8 182.6 320.0 240.5 0.9 9 220.6 183.2 319.8 241.3 0.8 9 196.6 206.2 312.6 432.0
007453,0.9 8 2.1 276.6 172.0 350.9 0.7 7 1.7 93.7 217.3 219.4 0.7 14 169.8 108.1 476.3 218.8 0.9 14 310.0 109.8 483.4 215.4 1.0 8 253.0 228.5 430.7 351.3
007455,1.0 3 165.7 171.6 324.5 229.6
007456,1.0 4 154.5 90.5 242.8 290.2 0.9 4 323.5 42.4 433.6 373.9 0.7 4 276.5 37.3 392.8 209.6 1.0 4 94.2 63.1 151.9 164.7 0.9 4 120.3 56.1 170.3 165.9 1.0 4 221.3 55.8 284.6 169.2 0.6 4 82.9 59.1 189.3 261.1 0.9 4 1.1 151.8 118.2 308.0 1.0 4 124.1 55.7 168.1 122.3 0.9 4 326.1 41.8 432.7 284.0 1.0 4 276.8 28.3 329.8 127.3
007459,0.9 6 6.1 41.2 489.1 373.8
007462,0.9 16 165.0 33.7 213.4 127.9 0.6 16 1.1 2.9 20.3 27.6 0.8 2 8.3 149.4 48.5 200.0 0.8 16 171.2 106.7 284.7 324.8
007463,0.9 7 217.2 3.8 375.4 501.2
007464,1.0 3 193.4 268.4 322.6 336.8 0.6 3 386.1 273.1 498.5 344.4 0.6 3 386.7 271.9 492.1 308.5 0.9 3 165.4 115.1 254.6 250.0 0.5 3 0.8 242.5 26.3 284.4 0.7 3 167.7 224.3 254.9 251.0
007469,0.5 14 69.0 27.2 498.6 494.7 0.9 14 2.6 28.4 498.0 497.3 0.7 14 70.9 26.8 498.5 493.5
007471,0.8 14 208.7 225.0 361.6 497.8 0.6 14 142.2 187.4 190.5 245.7 0.7 8 1.4 353.0 136.7 498.9 0.9 8 162.5 285.1 228.8 498.6 0.7 8 84.7 337.0 168.9 499.1 1.0 14 84.0 177.1 155.5 328.6 0.9 8 1.5 334.1 134.8 498.9 0.6 8 0.8 248.0 153.6 500.5 1.0 14 140.7 186.1 191.5 279.9 1.0 14 1.5 190.8 166.0 491.1 0.5 8 1.2 338.2 93.0 498.0 1.0 14 218.5 120.1 289.9 395.8 0.7 8 135.1 285.7 225.5 498.9 0.9 14 206.8 225.2 373.7 498.8
007472,0.5 15 139.2 52.0 270.1 364.6 0.9 8 306.2 223.1 433.7 336.2 0.6 8 290.6 255.0 330.8 336.3
007473,0.6 15 80.7 127.6 360.6 451.8
007476,0.9 2 280.2 21.2 378.6 116.5 0.9 8 61.8 286.5 157.8 374.2 1.0 14 31.3 192.8 124.2 367.3
007478,1.0 6 350.2 7.4 500.0 165.1 1.0 6 2.3 2.6 432.2 373.6
007485,0.9 11 113.1 115.2 417.7 279.5 0.7 17 1.9 87.7 500.2 332.7
007487,0.9 7 32.6 2.3 498.5 374.7 0.7 7 212.8 2.9 499.0 323.4
007488,0.9 18 52.9 1.4 500.7 374.0
007492,0.9 19 283.4 119.2 368.5 194.8 0.9 8 415.8 80.3 500.0 228.4 0.8 19 85.0 9.4 199.8 99.4 0.6 17 3.7 161.9 481.7 374.9
007494,0.7 10 77.5 187.8 483.8 374.3 0.7 15 198.9 48.0 298.2 262.8 1.0 4 9.8 163.2 89.9 361.1 0.8 10 2.1 139.6 499.9 374.6
007495,0.7 5 150.4 55.9 402.7 335.0
007496,1.0 14 42.3 91.3 281.5 374.3 0.7 14 17.2 90.3 282.4 375.1 1.0 14 236.2 3.1 499.3 374.0 0.9 14 252.1 3.0 499.3 374.8
007499,1.0 15 63.1 1.4 409.8 372.9
007500,1.0 14 37.8 25.1 210.7 379.0 1.0 4 36.6 244.5 106.7 397.5 0.8 14 37.2 25.7 264.7 373.8 0.7 4 218.3 159.9 266.1 401.3
007501,1.0 14 434.3 54.6 469.7 144.7
007502,0.0 0 0.0 0.0 10.0 10.0
007504,0.0 0 0.0 0.0 10.0 10.0
007505,1.0 2 198.2 153.1 296.0 310.3
007507,0.8 6 53.2 186.8 127.0 232.2 1.0 6 161.8 188.3 205.5 224.8 1.0 6 1.0 188.0 56.4 234.9 1.0 6 68.5 191.3 160.1 238.0 0.5 6 51.2 185.4 125.0 227.5 0.8 5 278.7 171.7 312.2 215.1
007508,0.9 14 40.9 26.0 172.9 477.7 0.9 14 1.6 26.0 173.1 476.5 1.0 14 137.4 103.3 271.7 498.2
007509,1.0 14 169.1 167.7 235.2 360.5 1.0 12 33.5 92.8 247.8 371.0
007510,1.0 6 416.9 276.3 499.9 358.8 0.7 14 131.1 221.0 162.2 250.8 1.0 5 52.0 42.6 437.4 361.0
007512,0.6 2 76.0 152.8 213.3 230.3 1.0 2 300.1 124.5 379.8 303.8 1.0 2 76.0 153.4 245.9 229.7 0.7 2 206.6 9.1 497.5 308.7
007514,1.0 14 1.4 2.3 227.1 374.8
007515,0.9 11 79.7 46.7 197.4 231.8 0.6 11 322.0 37.7 396.3 217.7
007516,0.9 9 181.3 154.5 318.2 262.8 0.9 9 306.0 161.3 499.7 353.9
007518,1.0 6 453.8 227.2 490.9 300.1 1.0 6 116.3 229.8 224.0 283.9 1.0 6 45.5 230.9 147.3 283.0 1.0 6 263.9 222.9 315.9 249.5 1.0 6 3.8 219.1 117.0 274.9 1.0 6 194.8 232.8 304.0 291.7 1.0 6 313.0 230.2 353.3 257.5
007520,0.8 18 2.7 1.7 499.0 374.3 0.9 18 6.6 0.9 359.8 371.0 1.0 14 248.0 135.6 272.2 189.6
007522,0.8 6 92.0 98.6 256.2 157.5 0.6 6 0.3 99.0 252.8 244.2 0.5 6 2.2 77.3 499.9 245.5 0.7 14 341.1 68.3 447.3 239.4 1.0 14 201.7 51.3 367.0 244.9 0.7 14 346.9 68.4 444.5 173.3
007529,0.9 14 125.4 62.8 271.0 381.8 1.0 1 40.3 253.4 343.9 489.1 0.7 1 40.4 176.7 97.8 225.0
007531,0.9 8 265.8 237.2 436.1 374.6 0.8 8 1.3 151.2 110.7 375.5 0.9 14 380.2 20.6 488.9 373.7 1.0 14 119.7 91.5 155.4 181.8 1.0 14 238.5 42.3 293.1 135.5 0.6 10 21.2 182.7 395.1 374.6 0.5 10 5.5 119.7 428.9 374.2 1.0 14 382.4 19.9 490.4 201.5
007532,0.6 14 13.1 1.2 99.3 175.5 0.7 14 461.8 58.9 500.1 126.1 0.9 4 303.7 109.7 337.2 220.2 0.6 4 292.8 98.8 340.2 273.6 0.7 14 241.5 20.0 282.7 84.2 0.7 14 446.8 60.3 492.1 130.0 0.6 14 210.8 75.2 301.9 179.7 1.0 14 1.8 6.7 331.3 374.6 0.7 14 217.4 15.5 286.2 83.9 0.9 14 205.9 75.5 303.5 250.5 1.0 14 318.8 26.9 500.0 374.7
007534,0.7 16 202.2 155.0 426.5 374.9
007539,1.0 2 2.1 64.8 464.7 289.7
007541,1.0 1 159.7 117.7 435.7 344.3
007542,0.8 7 2.5 117.8 499.6 376.4 0.5 7 69.8 117.7 499.1 374.3
007545,0.5 2 254.3 237.5 312.0 295.3 0.8 2 233.7 236.8 312.7 296.5 0.7 2 228.5 237.3 315.6 375.3
007548,0.8 0 57.8 119.2 365.2 238.9 0.5 0 59.1 112.9 241.3 158.7 0.9 0 59.9 114.6 153.0 160.0
007549,1.0 15 134.9 2.6 347.7 226.0 1.0 15 342.0 3.0 496.5 232.7
007550,0.9 13 1.9 3.5 335.0 498.2
007552,1.0 14 248.8 195.8 268.8 235.8
007553,0.8 14 309.1 6.4 365.1 61.8 0.9 14 209.1 1.7 318.8 86.2 1.0 14 42.3 22.0 74.9 226.8 0.8 14 309.8 6.4 397.4 226.4 0.7 13 440.4 52.8 500.1 232.9 0.7 14 211.6 1.1 463.0 207.4 0.9 13 130.7 44.2 371.2 325.3 0.7 14 210.0 2.3 348.0 283.2 0.9 13 122.0 41.0 424.0 333.3 0.9 14 311.1 3.0 470.5 217.0 1.0 14 376.6 1.3 471.7 214.7 0.8 14 310.5 6.6 385.9 204.5 0.6 14 309.9 6.0 396.6 177.2
007554,0.6 9 19.1 190.6 64.0 234.0 0.9 9 418.0 177.9 470.0 214.9 0.6 9 148.1 174.3 189.8 204.2 0.8 14 22.0 182.0 65.4 232.9 1.0 14 225.2 169.3 289.6 288.1 0.6 9 157.9 178.2 190.4 204.8 1.0 14 298.2 167.2 358.2 302.3
007556,0.7 6 2.3 68.3 313.3 311.4 1.0 6 2.0 66.6 499.8 310.1
007557,1.0 2 168.1 79.1 209.4 175.0
007560,0.9 11 312.2 162.4 483.0 357.2
007561,0.6 17 9.7 22.7 219.7 181.7 1.0 17 203.4 74.2 499.4 314.3
007562,1.0 6 22.3 27.7 473.8 366.8
007564,1.0 8 296.4 212.6 357.4 312.8 0.7 19 175.4 90.0 230.4 135.8 0.8 8 130.4 167.4 182.7 317.5 1.0 8 29.1 189.1 105.7 318.3 1.0 19 317.3 155.1 374.8 201.9
007567,0.9 14 159.2 104.5 181.1 128.2 1.0 14 192.7 113.2 289.8 273.3 0.9 8 296.7 153.6 400.0 298.1 0.9 8 291.6 119.4 401.2 294.7 0.7 8 410.9 87.4 498.9 260.3 0.6 8 416.6 87.1 499.3 344.4 0.9 8 396.1 87.2 474.2 269.0 1.0 8 128.4 120.7 194.3 261.1 1.0 14 95.1 103.3 190.5 278.1 0.9 17 1.2 137.0 118.5 225.3 0.9 17 185.2 141.4 406.5 282.6 0.8 8 414.2 167.2 499.4 374.7 0.6 15 203.6 40.4 230.5 76.6 0.6 8 418.1 169.2 498.9 336.4 1.0 14 254.2 91.8 379.2 300.8 0.7 17 188.6 142.2 400.6 282.7
007569,0.8 2 295.6 45.8 343.9 93.2
007573,0.9 14 16.1 215.5 33.3 263.6 0.5 5 131.3 144.9 357.1 340.7 1.0 14 411.9 207.7 463.2 342.9 0.9 14 458.2 72.6 478.2 108.0 1.0 14 28.4 208.6 46.7 264.3
007574,0.0 0 0.0 0.0 10.0 10.0
007577,1.0 14 433.0 62.8 484.5 120.2 1.0 14 116.9 32.5 241.9 241.4 0.6 14 2.1 80.6 35.9 152.7 1.0 14 13.2 53.5 141.7 191.7 0.9 14 167.5 44.9 382.9 229.0 0.8 14 220.4 45.7 383.6 228.8 1.0 14 331.3 34.6 500.3 277.0
007580,0.7 0 2.0 31.1 448.7 220.6 1.0 14 66.7 276.9 84.4 313.3 0.8 6 374.0 276.4 407.6 292.8
007581,1.0 18 1.9 10.2 499.9 332.9
007582,1.0 14 60.2 47.0 332.3 453.7
007583,0.5 15 205.0 11.2 262.7 46.2 1.0 14 385.9 34.3 492.6 92.4 0.5 14 383.9 32.5 486.3 100.7 1.0 19 343.4 2.3 500.0 157.0 0.9 11 276.6 151.4 499.8 374.2
007584,1.0 14 1.9 2.3 232.3 374.6 0.7 14 103.6 24.8 499.6 375.1 0.5 14 165.8 27.4 499.7 284.0
007587,0.8 11 67.8 29.3 298.7 217.6 0.8 7 175.6 111.3 453.3 368.7
007588,0.9 11 159.3 48.5 216.8 158.4
007589,1.0 14 345.9 180.3 379.9 265.3 1.0 14 262.5 138.2 283.7 164.0 1.0 14 237.4 125.7 264.2 162.9 0.6 14 237.2 127.5 262.1 164.0 1.0 6 122.8 160.8 302.3 289.1 1.0 14 206.2 145.2 229.1 164.0
007591,0.7 6 309.8 243.5 333.3 291.4 0.9 5 20.1 90.4 307.4 409.8
007593,0.5 14 87.7 92.3 104.9 135.2 0.9 14 4.1 93.4 23.5 141.2 0.5 14 128.9 95.0 146.8 136.3 1.0 14 19.3 96.6 41.6 140.8 1.0 14 74.3 31.7 290.6 373.1 0.8 14 93.2 91.9 113.4 135.3 0.6 14 73.1 30.1 361.5 375.9 1.0 13 71.6 150.7 398.6 441.6 0.6 14 111.3 91.1 130.4 135.1 0.9 14 57.3 95.6 78.4 136.8
007595,1.0 14 114.1 28.0 369.9 332.9
007596,0.8 16 325.2 90.6 431.8 180.5 0.9 16 191.8 69.5 243.3 169.5 0.9 16 61.0 77.5 202.2 173.4 0.9 16 221.6 79.9 293.1 179.4
007597,0.6 8 260.1 179.6 291.2 234.7 0.8 13 1.5 218.9 86.9 322.9
007598,0.9 3 150.3 27.0 279.4 74.9 1.0 14 426.6 59.2 499.5 288.6 0.7 14 426.2 58.3 499.1 217.6 1.0 14 0.9 120.7 161.5 254.7 0.8 14 212.5 136.2 312.4 215.4 1.0 14 343.4 82.3 457.0 309.7
007599,0.9 9 18.0 137.1 226.4 285.7 0.9 9 226.7 145.2 385.6 287.2
007602,0.9 9 125.4 2.2 346.7 161.5 0.8 9 329.8 1.1 465.0 138.6 0.7 9 47.0 111.6 326.0 353.3 0.8 9 279.4 140.7 499.3 375.0
007604,0.9 2 169.9 93.6 469.8 240.0
007607,1.0 1 52.5 298.9 355.1 484.9
007608,1.0 2 248.5 133.6 291.6 246.2
007609,0.8 14 125.4 378.8 190.5 428.1 1.0 14 118.6 170.1 226.9 284.8 1.0 12 57.9 223.0 234.3 430.2 0.7 12 58.4 223.3 293.2 424.7
007610,1.0 14 167.4 200.1 188.2 264.9 0.5 6 342.7 191.3 375.3 228.5 0.7 14 148.2 203.4 158.4 223.9
007613,0.0 0 0.0 0.0 10.0 10.0
007616,1.0 14 179.5 31.2 263.7 246.4 1.0 12 72.7 97.7 412.1 351.7 0.7 6 0.5 211.2 136.7 250.1
007617,1.0 6 0.6 82.9 137.3 243.2 1.0 6 71.6 81.2 435.6 272.1
007620,1.0 12 92.9 169.6 256.3 467.7 0.9 12 90.6 171.2 317.4 476.6 1.0 14 121.0 96.8 244.6 305.3 0.6 14 254.7 259.6 318.1 359.4
007623,0.5 14 141.0 147.9 159.1 171.4 1.0 14 126.4 18.4 203.9 140.5 1.0 12 101.1 68.2 229.1 217.9
007625,1.0 11 261.4 132.9 313.9 249.8 1.0 11 207.8 176.7 262.5 268.1 1.0 14 117.9 78.9 231.4 321.3 1.0 14 276.7 85.3 374.2 374.2
007627,0.8 1 34.5 134.4 160.4 376.2 1.0 14 23.9 44.5 154.3 278.2 0.9 1 45.0 176.4 160.5 375.5
007628,0.8 8 21.3 302.7 75.0 374.8 1.0 14 70.1 2.4 498.2 374.4 0.7 14 214.7 2.8 498.8 374.9
007630,1.0 2 143.4 58.6 375.7 379.8
007632,0.6 6 0.9 267.3 33.2 297.4 1.0 0 3.4 129.1 365.7 310.5 0.9 0 4.2 132.3 492.3 310.5
007634,1.0 14 472.4 85.1 500.3 280.9 0.9 6 74.5 139.9 107.9 161.1 1.0 14 28.2 117.2 47.1 176.5 1.0 14 156.4 64.5 243.1 332.1 1.0 14 4.7 115.7 30.9 178.9 0.9 6 117.5 139.0 162.0 168.9 0.8 6 453.2 148.0 476.6 173.1 1.0 14 87.0 52.5 499.4 374.3 1.0 14 231.3 53.8 313.9 324.3 0.6 6 64.1 140.9 85.0 160.2
007635,0.8 3 319.4 120.4 498.6 214.5 0.9 3 315.4 7.9 500.3 217.9
007636,0.5 14 100.7 104.4 183.0 309.6 1.0 12 100.9 119.4 221.5 472.8 0.8 14 96.2 102.5 249.8 310.9 0.8 14 108.4 101.6 227.9 309.0
007638,0.6 2 142.1 19.7 175.8 65.8 0.7 15 2.2 1.2 216.1 316.4 0.9 7 164.9 67.2 321.9 237.0 0.9 15 316.0 1.0 499.6 302.0
007641,1.0 2 115.5 217.2 173.0 279.0 1.0 2 132.2 58.4 193.6 124.8 1.0 2 99.4 117.0 154.7 168.8 0.9 2 95.8 269.0 144.9 319.9 0.9 2 261.8 193.2 313.1 227.1
007643,0.9 15 1.3 52.6 62.3 338.4 0.6 14 105.0 19.2 242.9 155.9 0.7 14 62.4 113.6 109.2 148.4 1.0 15 17.0 1.6 322.1 456.8
007644,1.0 15 234.2 155.2 264.3 196.7 1.0 15 8.7 48.4 57.2 87.5 0.8 15 81.5 142.6 208.8 248.2 0.9 15 318.0 147.4 349.8 199.0 1.0 15 265.9 49.1 356.4 109.2 0.6 15 1.2 138.4 53.0 279.4 0.9 15 1.2 82.9 55.0 281.2 1.0 15 81.9 153.9 139.1 249.2 1.0 15 45.4 222.8 83.8 284.4 0.7 15 76.5 54.0 113.9 181.6 0.9 15 8.0 49.1 44.4 85.6 0.7 15 108.5 143.7 207.0 243.2 1.0 15 347.1 133.0 411.0 199.2 1.0 15 272.8 158.9 296.1 203.7
007645,0.6 14 374.3 2.3 402.6 74.7 0.9 14 460.1 25.4 499.2 85.0 0.8 14 411.4 25.5 500.2 188.4 0.7 14 376.7 1.5 406.9 71.0 0.6 14 418.8 1.7 446.7 82.9 0.8 13 266.3 1.9 339.7 51.0 0.6 14 1.1 1.4 25.6 45.8 1.0 13 4.2 39.1 453.5 335.4 1.0 13 407.2 69.4 500.3 223.7 0.9 14 398.5 4.6 453.9 102.5 0.9 14 357.7 7.8 381.4 62.0 1.0 14 355.2 3.3 452.6 235.8
007646,1.0 1 237.7 178.3 406.8 313.1 1.0 14 290.2 111.4 404.2 278.1
007648,1.0 8 325.2 266.0 486.9 374.7 0.7 14 120.5 177.9 289.4 374.7 1.0 14 278.9 165.1 340.2 234.0 0.8 14 39.4 172.4 290.6 374.2 1.0 14 35.2 173.2 170.4 374.7 1.0 10 154.4 227.1 347.8 374.4 0.7 14 278.3 167.1 343.1 373.9 1.0 14 315.8 183.6 442.5 374.5
007651,0.9 14 77.6 105.2 264.9 264.3 0.9 14 77.2 105.4 265.0 289.6
007652,1.0 14 16.3 50.6 494.1 305.4 0.8 10 2.5 147.4 498.9 333.8
007658,1.0 1 286.5 175.0 462.9 374.3 0.9 1 287.7 175.2 461.5 325.5 1.0 1 162.3 195.8 321.8 375.1 1.0 14 144.5 42.0 280.7 350.7 0.7 1 159.7 187.9 463.5 375.3 1.0 14 293.3 77.1 433.3 280.0
007659,0.0 0 0.0 0.0 10.0 10.0
007660,0.5 14 216.0 186.0 234.2 221.8 0.6 14 389.4 185.3 411.5 214.7 0.9 14 101.7 186.6 115.2 214.9 0.9 14 175.8 179.5 192.2 213.9 0.7 3 86.7 63.3 143.9 101.1 1.0 14 73.8 183.9 91.3 220.3 0.9 3 63.7 149.2 464.1 250.1 0.9 14 342.0 179.2 360.0 210.7
007661,0.9 7 0.4 104.7 415.9 375.9
007665,1.0 6 426.1 132.0 500.5 215.4 1.0 6 154.3 143.6 382.7 221.0
007669,1.0 14 67.3 30.1 418.5 375.2
007674,1.0 5 18.2 78.1 494.7 271.9
007676,0.9 14 0.9 245.5 23.2 271.8 0.7 6 146.5 232.3 194.3 260.3 0.8 14 1.0 244.3 28.9 326.0 0.6 14 75.9 233.7 88.7 263.8 0.9 0 76.2 50.6 499.6 328.6 0.9 6 25.2 239.6 70.9 262.6 0.6 14 72.2 233.2 85.5 265.5 0.6 14 63.1 232.7 75.0 264.7
007681,0.9 2 47.5 112.3 387.2 302.5 0.7 2 46.4 108.9 386.5 345.4 0.7 15 4.0 1.9 498.3 374.9 0.9 15 220.0 1.3 500.3 374.6
007684,0.7 14 205.9 141.0 230.9 201.7 0.6 15 0.6 88.1 93.5 376.9
007686,0.0 0 0.0 0.0 10.0 10.0
007689,0.6 2 13.9 24.8 181.4 271.3 1.0 14 183.8 1.3 497.0 271.1
007690,0.5 6 468.6 127.9 500.2 158.1 0.9 6 428.9 125.9 466.0 141.1 1.0 14 1.3 117.0 27.2 211.7 1.0 5 72.0 18.4 415.9 254.6 1.0 14 29.4 111.8 57.4 213.3
007693,1.0 6 151.6 112.4 454.1 360.9
007695,0.9 14 53.3 1.0 308.4 251.3 0.6 14 53.6 0.1 374.0 259.4 0.9 11 158.8 94.6 370.1 270.9
007698,0.7 2 186.8 140.3 327.0 211.5
007700,0.8 4 160.6 41.7 199.7 199.8 0.6 4 188.2 9.3 275.2 403.9 0.6 4 75.3 292.0 151.5 485.3 1.0 14 27.4 326.1 87.8 394.6 1.0 4 199.8 10.0 273.0 224.2
007701,1.0 14 158.0 182.4 177.6 237.7 1.0 6 94.6 188.8 139.4 236.4 1.0 6 170.5 186.0 290.0 253.5 1.0 6 2.0 185.8 117.0 254.8 0.6 6 202.2 187.0 290.2 253.7 1.0 6 256.8 181.7 441.1 274.6
007703,0.0 0 0.0 0.0 10.0 10.0
007706,0.7 14 166.3 65.9 318.6 329.6 0.6 14 337.9 127.1 469.6 293.9 0.6 14 265.8 0.1 352.1 217.5 1.0 14 94.5 67.4 316.0 329.4 0.9 14 265.8 1.2 359.0 294.8 0.9 14 239.2 62.5 349.8 327.6
007707,1.0 2 27.9 151.5 116.8 291.3 0.8 2 131.0 179.9 195.6 284.4 0.8 2 184.1 206.0 286.3 338.2
007708,1.0 8 139.5 283.3 307.1 375.5 0.6 10 2.3 197.8 184.4 312.4 0.9 8 357.5 190.5 391.1 255.9 0.7 8 194.5 210.7 232.1 294.6 0.7 10 360.4 193.5 407.7 256.0 0.5 17 141.2 282.0 309.7 375.6
007710,0.8 13 421.5 263.0 499.9 374.4
007711,0.9 0 88.1 173.4 452.0 316.9
007714,1.0 14 470.0 149.8 491.2 207.3 1.0 14 0.8 177.9 36.2 253.1 0.7 6 164.9 129.1 331.0 269.5
007716,0.8 12 204.3 120.8 494.3 333.2
007717,0.7 19 3.5 107.5 467.1 330.7
007719,0.6 14 0.6 205.9 56.5 310.7 0.7 14 0.4 204.1 69.9 408.4 1.0 14 48.8 254.4 111.2 397.2 1.0 14 153.3 150.9 183.0 237.4
007722,0.7 8 242.1 225.4 284.7 293.7 1.0 8 324.3 223.5 352.2 315.6 0.6 8 276.3 218.4 331.1 314.3 0.8 10 186.3 203.3 273.6 276.1 0.9 8 0.9 263.5 44.4 303.3 0.7 8 151.9 304.4 234.1 375.9 0.8 8 149.5 245.8 203.2 282.5 0.5 10 219.1 219.1 276.7 283.0 1.0 10 2.6 269.3 257.4 376.2 0.8 15 86.8 95.9 136.3 137.3 0.8 8 291.8 221.0 331.1 317.9 0.9 10 216.5 218.7 334.5 326.7 0.8 8 242.1 225.6 286.6 345.2 0.8 8 249.2 224.0 290.6 320.8 0.7 8 156.8 289.1 267.8 376.3
007725,1.0 1 140.2 217.8 343.1 347.2 1.0 14 186.3 145.0 316.5 346.6
007726,0.9 14 332.9 290.6 345.3 374.2 0.9 14 9.1 272.9 22.0 307.4 0.7 8 45.8 346.7 86.2 424.5 0.9 18 19.0 18.3 323.9 447.4
007728,1.0 14 86.3 74.3 256.1 334.0 1.0 14 218.2 79.0 376.8 333.3
007730,0.9 2 14.6 83.9 208.3 352.7
007733,0.6 7 228.0 210.5 451.8 381.9 0.9 7 92.8 0.1 476.3 99.8 0.8 7 1.8 208.4 452.8 382.0
007734,0.5 6 26.3 90.7 280.1 282.3 1.0 6 276.1 127.3 368.0 210.7
007737,0.9 18 84.4 222.4 375.2 424.1
007738,0.8 15 331.0 1.5 374.8 62.1 0.7 15 269.0 1.4 374.7 63.4
007739,1.0 4 167.4 213.9 224.9 371.5 0.9 8 63.0 174.0 176.2 390.4 0.9 8 1.2 177.2 69.7 390.4 0.5 10 3.0 172.7 178.1 395.6 0.7 10 1.7 173.5 100.7 393.4 1.0 14 86.1 69.1 374.9 474.9 0.8 8 74.1 171.4 177.8 290.4
007741,0.5 2 218.9 172.5 307.7 228.9 0.7 2 217.9 172.0 255.5 224.7 0.9 2 21.5 251.3 68.0 288.4 0.8 2 69.2 107.9 98.9 123.1 0.9 2 314.2 199.1 416.0 256.6 0.7 2 149.0 144.5 194.0 195.8 0.7 2 335.2 209.2 416.9 252.0 0.9 2 88.3 127.2 119.9 148.3 0.9 2 240.2 64.4 292.9 108.2 0.5 2 46.0 252.9 67.1 286.6 0.8 2 131.1 226.3 181.0 253.3 0.5 2 250.2 175.2 307.0 225.6 0.9 2 353.3 148.8 395.6 177.5
007744,0.8 4 8.5 165.9 40.8 301.8 1.0 14 163.4 109.5 219.1 177.0 0.8 4 213.5 171.8 243.9 300.3 0.9 4 378.6 160.6 439.2 313.3 1.0 4 307.0 135.5 355.8 312.9 1.0 4 141.4 165.9 182.9 301.9 1.0 4 440.1 159.1 490.8 309.6 0.8 4 92.9 142.9 133.6 251.5 0.7 14 161.1 109.0 219.1 213.8 1.0 4 342.6 153.5 375.6 296.1 1.0 4 4.4 167.8 40.7 333.7 0.5 14 126.4 108.7 218.4 222.8 0.9 4 91.8 142.7 143.2 309.1 0.6 4 41.2 167.9 81.5 303.6 0.7 4 10.0 168.3 38.7 250.6 1.0 4 33.0 168.0 84.7 307.5 0.6 14 125.3 138.6 168.4 225.1 1.0 4 175.8 141.1 223.3 312.7 1.0 4 239.5 129.2 286.4 313.2 0.9 4 380.0 131.4 442.0 311.8 1.0 4 276.2 150.7 309.8 300.7 0.9 4 43.5 168.8 74.4 236.0
007747,0.5 15 258.9 177.9 282.6 243.6 0.8 17 13.8 193.8 205.0 315.7 0.8 15 68.4 305.5 146.6 374.6 0.6 1 382.2 1.9 416.3 49.6 0.6 19 379.2 158.6 419.7 202.1
007750,1.0 14 122.9 85.4 254.7 292.8 1.0 12 97.4 108.5 297.0 480.5
007752,1.0 14 187.7 105.0 306.6 237.8 0.8 10 2.0 214.1 392.0 375.8 1.0 8 353.8 170.3 407.4 247.0
007755,1.0 14 88.9 37.2 374.0 500.2
007756,0.9 15 250.8 212.3 288.8 262.9 0.6 14 70.5 239.3 237.6 374.7 0.9 19 56.1 74.3 118.2 136.8 0.9 14 70.3 240.0 192.9 374.4 0.7 14 33.3 237.7 237.0 374.3 1.0 8 334.4 273.1 439.7 374.7
007757,0.9 6 477.6 19.6 500.1 75.5 1.0 6 2.6 12.0 215.8 92.4 0.9 6 337.0 22.8 367.6 44.0 1.0 6 17.3 43.3 485.6 251.2 1.0 6 392.6 27.1 481.3 62.7
007759,0.5 14 29.4 0.3 184.9 209.1 0.9 14 431.7 8.1 485.5 210.0 0.8 14 442.3 2.7 495.5 315.6 0.7 14 224.7 54.1 265.2 210.2 1.0 14 76.0 1.1 266.5 316.3 0.8 14 341.0 0.8 445.9 210.5 1.0 14 227.3 67.4 354.2 291.1 1.0 14 343.8 2.4 447.7 317.9
007761,1.0 14 20.8 1.5 64.6 79.2 1.0 6 11.4 15.5 499.3 304.3
007764,0.8 18 94.7 70.6 358.8 230.6 0.5 18 96.1 69.9 429.9 228.8
007766,0.8 12 64.0 101.4 379.1 281.9 1.0 14 187.6 35.0 295.6 189.7 0.9 12 62.3 99.0 402.8 361.3 0.7 12 10.7 98.9 406.9 361.9 0.5 12 66.1 99.3 408.9 282.5
007769,0.9 14 64.1 40.8 227.6 476.3 0.7 14 63.5 39.6 207.8 474.6 1.0 14 184.3 113.0 263.5 410.6
007770,1.0 14 8.8 2.1 369.5 331.9 0.8 14 6.8 2.1 230.5 331.7 1.0 11 292.9 109.1 497.8 330.9 1.0 14 218.8 1.6 499.0 331.9
007771,0.5 18 3.4 127.9 340.3 171.4 0.8 18 2.3 126.1 298.0 170.0 0.6 18 1.9 68.8 484.8 355.3 0.9 18 72.0 126.9 292.6 169.8
007774,0.9 12 1.8 41.5 381.6 375.5
007778,1.0 14 1.5 81.9 248.3 333.1 1.0 14 2.0 81.2 429.6 333.1
007780,0.8 14 325.1 71.1 471.3 242.7 0.8 14 267.2 111.5 352.5 253.5 1.0 14 2.3 40.4 255.4 374.6 0.6 14 318.1 71.9 472.8 374.1 0.8 14 239.8 111.9 402.0 375.2 0.9 14 254.2 70.4 472.8 373.9
007782,1.0 14 2.5 5.8 330.7 374.2
007783,0.9 14 43.2 1.7 144.9 125.4 0.6 13 4.5 52.5 313.0 372.8 0.5 14 136.9 1.4 209.9 56.4 1.0 14 209.2 1.4 288.2 81.3 1.0 13 4.1 2.4 487.2 373.2 0.5 13 2.4 47.4 480.3 374.1 1.0 14 298.3 1.0 355.3 100.4
007784,0.9 18 5.9 10.1 492.1 220.6
007785,1.0 8 386.5 217.8 470.9 374.0 0.6 8 78.5 207.7 182.5 369.3 1.0 8 76.6 208.5 218.7 370.2 1.0 14 88.7 147.3 257.4 359.6 0.9 17 240.8 215.4 480.8 373.6 0.8 8 256.7 313.3 404.3 375.0 0.5 8 78.9 209.1 185.3 369.2 0.8 8 242.3 216.7 401.3 375.2 0.6 19 291.1 63.0 382.2 172.8
007787,1.0 11 43.7 56.6 424.5 273.2
007788,0.6 0 2.4 2.1 499.0 374.1 0.7 0 1.5 23.1 500.0 353.6
007789,1.0 14 126.7 123.6 165.5 222.2 0.6 9 274.2 162.4 299.1 209.3 0.8 14 258.0 139.5 280.8 209.1 0.6 9 229.6 164.9 254.8 216.0 0.8 14 258.8 139.3 280.5 168.2
007792,0.5 13 184.8 140.9 199.2 162.3 0.9 13 122.6 140.9 138.4 166.0 0.9 14 125.2 133.2 139.0 163.2 1.0 14 77.2 149.8 125.8 239.4 1.0 13 72.8 177.1 124.8 265.7
007794,1.0 11 58.9 162.2 293.5 372.0
007796,0.9 13 133.9 119.9 497.1 332.9
007797,1.0 6 71.9 128.4 353.1 331.4 1.0 14 368.6 88.5 462.9 372.8
007800,1.0 6 240.0 179.4 407.5 231.8
007801,0.9 14 253.1 103.2 304.7 162.3 0.9 14 188.8 141.6 287.1 373.9 0.5 14 272.2 154.5 358.2 257.2 0.6 14 271.3 154.9 422.0 374.3 0.7 14 254.8 102.7 326.8 257.2 0.5 14 189.1 142.3 285.4 272.8 1.0 8 82.7 216.7 239.5 375.4 0.9 14 271.9 153.8 323.9 258.0 1.0 10 146.7 244.8 450.5 374.7 0.8 14 270.2 155.5 329.5 374.8
007802,0.0 0 0.0 0.0 10.0 10.0
007804,0.5 18 0.9 10.7 419.5 334.5 1.0 18 2.3 11.2 499.5 333.9
007805,0.7 11 127.7 1.3 352.0 373.9
007806,0.8 0 45.4 212.3 376.7 369.2 0.9 0 45.8 212.8 485.5 368.1 0.7 0 226.8 240.0 489.0 367.7
007807,1.0 6 30.3 31.3 455.7 318.6
007808,0.5 6 299.8 180.5 422.6 230.8 1.0 14 196.6 138.4 309.3 374.0 0.6 17 300.2 159.2 498.4 230.5 0.9 17 375.2 159.6 499.6 218.8
007811,0.8 7 206.2 93.2 247.7 143.9 0.7 14 51.9 36.3 348.3 374.4 0.8 14 52.7 35.9 458.4 374.5 0.7 7 182.6 140.6 397.0 376.6 0.9 7 188.1 209.1 391.1 374.9
007816,0.9 14 151.8 165.7 203.3 222.7 0.9 14 199.3 167.3 236.7 210.6 1.0 19 373.1 109.7 437.6 232.9 0.6 19 106.3 194.2 161.0 259.3 0.8 19 119.4 157.3 155.9 197.3 0.8 8 272.9 292.6 346.3 332.1 0.9 14 248.7 167.8 295.5 193.4
007817,1.0 14 2.9 22.0 375.6 480.9 1.0 14 231.4 97.5 474.1 452.8 0.8 14 227.3 98.7 391.1 461.1
007818,1.0 6 40.9 135.4 74.6 165.7 1.0 6 88.8 136.0 136.8 165.8 1.0 6 1.1 140.5 41.2 165.0 1.0 6 143.7 133.5 181.2 162.8 0.9 6 1.0 178.9 57.5 261.6 0.9 6 183.5 136.8 213.3 161.1 0.7 6 0.5 178.1 109.1 262.7
007822,1.0 14 229.7 111.9 269.4 160.7 1.0 14 180.3 110.9 240.0 231.1 1.0 14 241.3 128.6 308.8 253.2
007823,0.9 7 50.7 71.0 292.2 370.1 0.8 7 51.7 70.7 361.7 369.8
007825,1.0 0 27.1 125.3 477.6 250.7
007827,1.0 14 324.7 223.0 498.7 280.7 0.9 14 77.5 137.6 239.2 280.5 0.9 14 78.8 200.2 238.9 280.8 0.7 11 1.1 1.5 334.7 280.4
007828,0.9 11 100.7 47.3 290.7 270.9 0.9 8 236.1 -0.1 387.7 207.9
007829,0.5 7 82.0 91.7 240.4 334.5 0.9 7 81.3 74.2 330.3 355.3
007830,1.0 14 196.8 32.0 496.2 375.5
007832,0.9 17 76.4 143.3 362.5 253.3 1.0 8 83.5 163.3 241.6 362.6 0.7 10 217.4 206.9 414.7 338.2
007835,0.6 19 212.5 201.6 267.6 283.5 0.8 8 348.1 234.4 499.9 332.0 0.7 6 425.5 23.9 448.1 35.8 1.0 19 134.1 89.1 259.8 197.2 0.6 14 176.2 113.7 201.0 174.0 0.8 13 379.3 140.1 497.7 243.1 0.9 6 387.4 24.5 412.2 38.5
007837,1.0 0 52.3 94.2 486.5 275.8
007839,0.9 6 259.9 0.3 500.9 138.8 0.9 6 52.4 43.9 443.1 317.5
007842,1.0 19 43.1 61.6 398.3 374.9
007844,1.0 6 0.5 37.5 398.1 317.6
007846,1.0 14 3.0 3.0 253.1 332.0 0.5 14 223.8 29.7 469.2 333.3 1.0 14 219.6 2.0 468.5 332.7
007848,1.0 13 202.8 61.0 428.4 337.9
007849,0.7 8 104.8 235.1 139.5 281.0 0.5 19 248.7 86.8 276.7 109.0 0.6 19 138.5 77.7 161.1 108.8 1.0 14 383.7 163.3 430.6 280.4 0.6 14 440.1 112.4 468.4 188.8 1.0 14 421.1 112.6 465.6 242.2 0.7 19 194.8 81.9 216.9 105.1 1.0 14 421.8 133.7 457.0 252.4 0.7 19 139.4 77.9 167.0 110.7 0.5 14 437.8 112.8 467.7 236.7 0.6 8 48.4 107.5 86.5 179.6 0.5 8 417.2 178.2 477.6 280.9 1.0 14 383.0 88.8 426.6 169.6 0.8 19 258.5 155.6 309.6 193.0
007850,1.0 3 103.4 18.6 472.8 253.9
007851,0.7 9 105.0 92.7 410.1 270.5
007852,0.7 18 2.8 177.3 500.8 359.2
007858,1.0 14 404.4 95.2 457.9 211.9 1.0 14 340.6 96.7 383.2 199.7 0.9 14 315.9 116.9 333.8 168.1
007860,1.0 1 89.4 187.8 321.8 343.5 1.0 14 139.6 94.8 273.2 295.8
007861,1.0 14 59.4 76.9 78.5 128.8 1.0 14 46.8 79.1 64.9 130.0 0.9 18 121.0 27.2 369.8 179.1
007862,1.0 14 187.2 97.5 288.8 374.0 0.6 17 311.1 116.9 498.8 374.0 0.6 4 430.9 50.7 442.4 85.8 0.8 17 309.4 116.3 496.5 373.5 0.9 8 310.9 119.0 495.1 374.7 0.8 4 476.3 43.8 496.9 84.4 0.6 14 267.3 99.3 423.9 375.1 1.0 4 458.6 50.6 473.3 87.4 0.9 14 33.3 46.5 153.6 300.2 0.5 4 438.4 52.5 449.5 86.4 0.7 14 121.3 97.9 287.4 370.9 0.9 14 38.3 52.3 299.4 330.8 0.9 4 424.2 51.0 437.6 86.3 0.6 14 139.2 51.5 301.0 305.3 0.8 14 138.1 45.7 213.0 152.5 0.9 14 105.8 45.9 156.4 157.8 0.8 17 111.9 114.5 497.2 372.9 0.7 14 319.7 102.3 423.8 315.1 1.0 14 228.2 82.2 357.4 374.1 0.9 14 278.6 100.3 424.0 375.1
007866,0.0 0 0.0 0.0 10.0 10.0
007867,1.0 7 3.4 42.1 486.3 282.2
007870,0.9 14 7.8 231.4 20.8 261.9 0.7 0 1.7 188.0 90.9 236.1 1.0 0 94.1 159.1 300.6 239.6 0.9 14 215.8 236.4 227.9 265.0 0.8 14 80.3 222.8 94.3 264.2 0.9 0 90.5 158.9 421.7 241.6 0.7 0 5.5 158.6 419.8 256.6 0.6 0 240.7 161.2 422.5 239.8
007871,0.9 14 92.3 99.2 313.8 374.6 0.9 4 27.4 333.3 77.8 374.7 0.5 14 20.5 75.3 206.9 375.4 0.8 14 1.2 163.2 67.0 299.3 1.0 14 30.1 75.1 189.2 374.7 0.5 14 91.9 99.5 266.3 374.9 0.7 14 165.5 98.3 329.4 374.8 1.0 14 251.8 60.4 497.6 373.8
007874,1.0 14 111.5 90.3 180.9 216.8 1.0 12 162.5 18.7 320.0 324.1
007875,0.6 11 1.1 2.6 413.2 464.5 0.7 11 0.7 8.1 296.2 470.5 0.9 11 1.0 3.4 336.3 469.0
007879,0.5 2 107.9 145.9 140.3 222.6 0.7 9 123.0 10.2 499.0 248.0
007880,1.0 7 35.5 55.8 439.2 265.0
007881,0.9 18 21.6 31.6 485.7 278.2
007882,1.0 6 424.2 83.7 500.5 173.7 0.7 14 211.8 50.5 225.1 79.6 1.0 14 73.7 54.4 95.8 95.7 1.0 14 42.0 53.2 69.7 108.0 0.9 14 161.8 55.4 180.5 93.3 0.5 14 235.4 56.5 251.4 94.6 1.0 6 53.7 87.8 459.4 261.8
007887,0.5 4 163.7 3.2 208.4 128.8 0.7 14 313.5 0.9 499.8 128.7 0.8 14 1.3 1.8 321.9 325.5 0.9 14 1.4 1.7 271.5 325.6 0.8 4 168.3 2.5 205.4 122.4 0.5 14 310.9 0.2 426.4 177.0 0.8 14 312.1 1.1 424.7 116.2
007888,1.0 14 66.6 68.2 204.9 241.6 1.0 14 260.9 58.8 425.6 234.8
007891,0.8 14 60.2 20.0 315.6 368.5 1.0 14 142.5 20.7 316.6 357.1
007892,1.0 14 177.9 95.0 298.8 479.6
007893,1.0 2 377.8 283.6 428.3 342.0
007894,0.9 16 274.1 132.1 333.8 187.0 0.9 16 135.0 181.6 304.6 319.2 0.9 16 20.2 140.8 108.9 232.0 0.9 16 337.8 135.6 419.5 192.3 0.9 16 285.9 200.4 473.3 345.5
007895,1.0 14 1.6 56.1 285.9 374.3
007896,1.0 8 44.7 199.3 178.2 332.5 1.0 14 202.8 62.0 244.6 148.1 1.0 14 320.8 95.5 478.7 332.3 1.0 8 346.1 190.9 483.9 331.8 1.0 14 284.1 72.2 364.1 156.5 0.9 14 88.2 83.7 202.2 193.0 1.0 8 21.0 108.2 61.8 197.5 0.8 14 128.3 81.4 202.7 226.6 0.9 14 131.0 80.7 192.5 165.0 1.0 14 228.9 69.6 283.8 156.4 1.0 14 47.0 109.5 225.7 332.6 0.8 14 46.4 109.7 169.6 332.4 0.9 10 139.3 142.9 383.4 331.9 1.0 10 139.9 140.3 383.6 262.7 1.0 14 314.0 83.9 425.5 331.9 0.6 14 334.2 85.6 423.3 299.7 1.0 8 223.0 213.3 314.8 333.0
007903,0.6 14 408.5 112.1 500.1 250.0 1.0 14 0.7 69.5 184.1 374.7 1.0 17 101.5 142.6 497.9 373.7 1.0 14 359.4 105.4 458.7 252.3 0.6 14 362.8 104.5 498.5 252.7 0.8 14 362.8 107.7 499.8 374.1
007904,0.6 14 131.4 127.5 144.4 159.2 1.0 14 348.6 116.1 374.1 174.3 0.8 14 148.2 127.0 160.2 158.2 1.0 14 415.0 110.5 446.0 171.2 1.0 14 326.4 117.5 350.0 177.3 0.9 14 55.4 136.7 68.7 164.9 1.0 14 91.8 122.6 142.6 248.1 0.8 14 132.2 128.6 145.5 159.8 0.7 14 146.2 127.6 157.9 158.4 1.0 14 160.9 125.1 174.5 157.2
007906,0.7 6 214.4 13.9 263.0 58.0 0.9 6 396.0 27.1 443.1 56.1 1.0 6 319.2 23.2 404.3 58.8 0.8 6 262.1 11.8 294.4 47.9 1.0 6 466.3 43.2 496.0 106.7 1.0 6 2.3 7.5 232.5 151.6 1.0 6 287.7 16.5 344.8 50.0 1.0 6 66.2 63.9 480.8 282.3 1.0 6 420.2 30.3 489.0 69.3
007907,0.7 9 37.4 68.3 266.5 187.3
007912,1.0 14 410.6 185.9 453.5 289.0 1.0 5 90.5 76.4 498.0 289.3
007913,1.0 14 19.8 93.6 117.0 374.5 0.9 14 19.1 94.3 131.7 375.1 1.0 14 222.0 90.7 341.5 272.7 0.7 10 180.5 234.8 499.3 375.9
007917,0.6 14 137.9 57.3 360.1 374.8 0.8 15 83.0 2.0 147.2 69.1 0.7 14 193.8 57.6 359.2 309.7 1.0 14 21.9 113.0 229.1 375.5 0.9 4 317.5 245.5 353.9 352.4 0.9 14 188.9 57.4 360.0 374.7 1.0 14 293.7 89.4 499.5 374.2
007918,0.9 1 416.1 233.3 444.1 271.9 1.0 1 1.4 279.9 73.5 359.8
007922,0.9 2 220.8 245.8 284.5 312.5
007927,1.0 14 452.7 114.6 495.6 179.7 0.5 6 -1.1 67.4 161.2 231.1 1.0 14 483.0 111.6 500.3 178.8 1.0 6 141.0 72.6 481.1 319.2
007929,1.0 14 183.8 177.3 281.8 461.1 1.0 14 321.5 151.2 472.2 467.8 0.9 14 153.6 137.5 234.9 458.6 0.9 14 150.5 138.5 233.9 396.7 1.0 14 82.6 175.4 176.2 413.4 1.0 14 82.4 175.5 165.4 415.5 0.7 17 21.8 195.0 468.2 392.8 0.8 14 322.3 151.3 417.3 424.7 1.0 14 256.7 139.9 341.9 447.1
007930,0.5 9 212.8 272.9 397.8 353.8 0.7 9 211.3 271.0 452.1 354.2
007934,1.0 2 6.6 152.2 317.7 462.7
007936,1.0 2 23.4 58.7 473.9 452.5
007937,0.8 17 397.9 186.3 499.2 270.9 0.7 15 44.0 1.1 257.9 309.6 1.0 8 32.0 229.1 187.5 375.2 1.0 15 283.5 41.2 405.0 261.7
007938,0.9 7 22.3 134.9 290.9 277.0 0.6 7 283.4 77.4 449.6 219.8 0.8 7 23.3 78.4 439.2 276.2 1.0 7 176.3 77.8 443.9 219.9
007941,0.9 14 1.2 3.0 385.3 498.6
007942,1.0 14 350.6 151.0 428.2 322.8 1.0 12 99.3 28.2 248.4 254.1 0.9 12 58.9 29.5 247.8 254.2 1.0 14 330.6 64.6 402.0 177.4 1.0 14 312.0 148.2 421.3 325.2 1.0 14 309.8 149.1 362.2 322.3
007944,1.0 5 20.8 29.9 499.5 193.5
007945,1.0 18 91.8 113.0 426.7 279.8
007948,1.0 6 79.4 118.3 486.3 256.1
007949,1.0 5 178.6 176.3 290.6 303.8 0.9 5 0.7 160.1 193.6 354.3 1.0 5 278.4 177.7 398.2 295.7 0.6 6 390.5 186.8 485.5 277.8
007951,1.0 14 470.3 150.9 495.5 209.5 1.0 5 2.8 2.2 465.8 261.0
007952,0.9 3 221.8 85.0 331.6 302.6 0.9 3 222.0 274.8 328.5 303.6
007955,0.8 14 2.2 1.3 401.1 372.2
007957,1.0 14 73.1 91.6 234.6 331.5 0.7 14 67.3 140.1 136.8 303.9 1.0 14 1.5 139.0 134.9 330.0 0.9 14 75.6 35.1 388.1 331.7 0.8 14 192.7 34.2 390.0 331.9
007960,1.0 6 78.2 143.3 465.4 271.2
007961,0.6 6 398.1 171.1 500.0 260.3 0.7 14 384.3 231.3 461.7 331.8 1.0 14 160.5 127.2 242.5 332.2 0.5 6 322.4 162.2 434.3 197.6 0.7 13 223.1 199.1 498.5 331.9
007962,0.8 7 77.3 168.1 200.3 376.1 0.8 7 76.4 167.9 198.1 294.2 0.9 17 2.1 24.1 497.4 374.4 1.0 14 181.1 176.4 298.6 374.0
007965,0.7 14 23.3 86.6 270.1 500.3 1.0 14 357.4 121.3 391.0 153.0 1.0 14 19.4 85.6 215.8 500.3 0.6 14 23.4 90.6 355.2 500.3 0.6 1 257.5 93.5 294.7 145.5 1.0 14 176.5 116.5 354.8 500.4
007966,1.0 14 112.7 91.8 250.3 350.1 1.0 14 226.0 105.2 344.9 349.3
007967,1.0 6 193.4 48.9 324.7 116.9 1.0 14 63.8 17.3 124.0 200.4 0.6 6 226.8 48.0 325.1 114.5 1.0 6 401.4 67.8 474.2 112.9
007969,0.7 14 211.7 141.7 224.3 165.8 0.6 14 366.6 146.4 375.1 191.8 0.9 11 112.0 314.8 159.9 398.8 1.0 14 343.7 147.2 364.4 203.0 1.0 14 134.4 116.1 215.1 374.3 0.9 11 213.1 327.7 257.8 423.1 0.7 6 64.9 149.9 88.5 181.0 1.0 14 48.6 181.1 119.3 419.0 1.0 14 305.2 151.6 321.6 193.2 1.0 14 216.5 120.7 316.6 382.0 0.5 14 212.1 141.0 224.4 170.1
007972,1.0 14 106.3 59.6 215.7 148.8 1.0 14 306.7 37.9 403.7 142.4 1.0 12 3.0 59.2 285.7 278.1 0.6 14 280.3 38.1 406.7 241.7 0.9 12 260.7 48.9 473.3 261.2
007973,1.0 0 38.7 113.7 388.8 204.0
007975,1.0 14 382.6 202.2 459.0 285.8 0.9 12 1.6 14.0 364.8 360.0
007977,0.5 14 74.0 13.2 405.7 374.4 1.0 14 77.3 12.2 498.3 374.3 0.8 14 265.8 55.7 500.5 374.9
007978,1.0 14 250.7 104.3 331.0 205.2 1.0 13 254.1 141.7 317.3 227.3
007981,0.5 14 109.6 91.1 379.1 332.3 0.8 14 420.7 76.3 499.8 331.6 0.6 14 268.3 112.6 456.8 332.2 0.7 14 419.1 119.0 496.3 332.1 0.6 14 3.0 92.9 329.2 333.2 0.9 14 2.8 93.6 456.0 332.1 0.9 14 110.4 92.4 457.3 332.8
007982,0.7 19 216.6 98.1 264.7 149.4 0.5 19 50.0 89.5 113.2 145.5 0.6 19 198.7 98.3 261.1 160.1 0.7 19 54.2 92.4 109.2 145.9
007983,0.8 14 194.0 104.2 246.5 176.7 0.9 14 185.1 106.6 241.5 218.9 0.6 14 222.2 104.4 246.5 173.3 1.0 14 23.8 89.8 137.9 306.9 1.0 13 1.4 112.3 287.2 438.9
007985,0.7 0 1.8 2.1 499.6 296.3 1.0 14 226.9 103.4 306.8 330.4
007986,0.6 14 313.9 389.0 333.3 427.7 0.8 14 246.6 296.6 320.9 483.6 0.8 14 42.8 129.3 140.1 482.1 0.6 14 41.8 128.6 129.5 492.8 1.0 14 103.9 61.4 286.4 499.8 0.5 14 249.6 295.4 285.1 361.2
007988,1.0 14 120.9 322.1 162.8 374.6 1.0 14 261.8 24.7 499.7 374.5
007989,0.7 8 255.4 151.2 332.8 502.2
007990,0.5 3 378.6 126.0 471.6 229.8 0.5 18 1.7 73.7 376.1 273.4 0.7 3 378.1 124.9 471.8 228.2
007992,0.8 14 18.8 28.7 35.6 64.6 0.9 14 42.8 29.1 57.1 66.0 1.0 6 219.3 125.0 346.3 216.3
007993,1.0 0 4.0 92.9 482.8 248.5
007994,1.0 14 397.6 148.7 442.4 266.8 1.0 14 217.1 151.4 259.8 265.9 1.0 14 449.5 139.2 497.3 269.8 0.7 14 399.3 149.0 441.5 266.6 0.9 14 200.4 128.9 231.7 211.3 1.0 14 86.0 144.5 122.6 267.9 1.0 14 227.7 110.3 322.4 258.3 1.0 14 346.0 146.1 405.4 291.6
007995,1.0 0 22.6 112.5 440.7 217.2
008000,0.9 2 149.5 102.8 169.9 149.8 0.7 9 108.2 142.1 230.5 298.6 0.6 9 251.2 201.5 389.1 302.9
008003,0.6 14 60.2 8.2 381.2 266.2 0.7 14 159.5 6.8 304.6 207.2 1.0 13 13.9 79.8 489.7 290.1 0.7 14 160.4 6.2 385.6 260.8
008006,1.0 6 28.3 271.2 141.7 344.0 0.7 3 255.1 213.4 456.2 323.9
008007,1.0 1 136.5 3.9 458.0 308.0
008010,1.0 14 250.4 64.8 337.6 192.0 0.7 15 1.3 51.2 49.8 258.8 1.0 12 213.5 75.5 352.9 222.5 0.7 15 322.5 83.5 434.2 313.9
008011,1.0 7 26.5 20.2 258.7 251.1 0.8 7 29.5 18.9 498.1 322.5
008013,0.8 19 54.6 176.9 194.0 367.1 0.8 19 53.6 178.5 190.1 309.5 0.6 14 178.4 81.4 282.6 370.9 1.0 14 147.6 79.7 284.1 372.4
008014,0.9 14 183.1 2.1 286.0 172.3 0.8 14 235.5 14.9 375.1 246.0 1.0 14 215.1 15.3 374.9 499.4
008015,0.8 2 200.0 94.9 499.4 375.5 1.0 2 203.0 93.9 309.2 276.8 0.6 15 254.6 1.6 498.5 374.7
008016,1.0 0 149.4 79.8 451.1 208.4
008018,0.7 14 2.2 104.5 418.3 338.3 0.7 14 3.6 103.4 320.7 337.9 0.8 14 2.2 106.9 500.1 337.5 1.0 17 2.8 116.5 409.0 336.3 0.5 14 153.1 102.6 419.2 337.4 0.7 14 153.7 104.0 498.4 337.1
008020,1.0 6 11.4 202.5 134.7 290.6 0.7 3 257.7 160.5 480.6 275.2
008021,0.9 13 64.4 18.3 265.0 500.1
008022,0.9 4 186.2 249.0 232.9 299.9 1.0 14 155.0 92.1 281.9 332.6 0.9 14 2.0 23.4 258.7 332.5 0.9 14 1.6 23.1 210.9 332.3 1.0 14 290.7 9.3 499.8 332.3
008025,0.7 11 74.5 67.3 269.3 246.8
008027,0.8 12 30.1 257.6 162.0 497.4 0.9 12 32.2 259.5 139.2 498.4 1.0 14 1.1 116.3 172.5 412.2
008028,0.7 2 293.9 180.2 362.0 240.7 1.0 2 83.6 118.3 245.6 241.2 0.7 2 273.1 182.9 302.1 214.5
008030,1.0 6 91.9 73.5 379.7 233.8
008034,0.8 13 226.0 119.8 414.8 234.7 0.6 13 444.3 29.0 490.8 61.3 0.7 13 52.5 60.7 227.9 210.3 1.0 14 80.3 38.0 225.4 200.5 0.9 13 51.2 96.8 229.1 210.3 0.5 13 223.9 61.4 416.2 233.1 1.0 13 223.3 122.2 349.6 233.2 1.0 14 248.8 40.6 413.0 226.5
008035,0.8 14 130.8 358.7 166.8 474.7 1.0 6 308.8 369.5 375.4 473.7 0.7 5 106.7 303.4 376.4 363.9 0.7 14 121.9 356.0 137.4 380.9 0.8 14 33.3 357.0 50.2 395.4 1.0 14 218.2 384.4 240.9 426.4 1.0 14 14.9 363.1 42.5 445.6 0.7 14 97.6 336.7 111.4 368.4 1.0 14 56.1 204.1 79.5 257.1 1.0 14 55.8 363.5 71.9 390.7 0.9 14 133.5 356.0 161.7 381.7 0.6 14 80.8 338.5 92.8 370.2 1.0 5 106.7 304.0 316.8 364.1
008038,1.0 14 194.4 140.1 267.7 374.7 1.0 19 7.0 60.5 158.9 333.9 1.0 14 131.8 123.1 212.7 375.1 1.0 14 257.1 135.3 312.6 374.3 1.0 14 299.1 124.5 385.3 374.0
008039,1.0 15 321.4 223.4 341.7 259.7 1.0 15 121.5 177.8 173.0 268.8 0.9 15 240.3 198.6 280.7 260.2 1.0 14 46.1 188.3 84.1 296.4 0.7 8 294.1 224.9 318.7 260.9
008041,1.0 14 2.1 126.5 283.8 498.9
008045,0.5 8 336.5 29.9 454.3 138.2 0.5 14 430.7 2.1 500.4 159.5 0.6 14 74.0 1.0 134.5 55.1 0.9 10 23.0 64.5 462.0 377.4 0.6 8 336.9 19.9 461.4 157.0 0.5 14 334.3 2.5 500.1 157.2
008046,0.8 1 0.5 255.2 19.2 316.0 1.0 14 233.2 157.8 329.9 361.3 1.0 1 77.2 234.8 163.2 306.8 0.8 14 0.6 219.6 22.1 278.6 1.0 14 99.6 189.3 152.9 298.1 1.0 14 0.5 219.4 23.6 305.1 0.9 1 197.8 227.9 228.7 264.2 1.0 14 208.4 201.8 248.0 260.7 1.0 1 175.4 228.9 329.3 355.5 0.8 1 174.3 236.3 263.9 354.1
008047,0.6 6 122.6 1.1 189.4 98.8 0.9 6 28.0 56.6 64.9 82.3 0.8 6 96.0 1.0 136.4 66.0 0.9 3 60.1 152.2 192.2 228.7 1.0 6 147.0 1.1 321.9 177.9 0.8 19 92.8 259.1 286.7 477.3 0.9 6 255.3 25.6 375.4 291.4
008050,0.8 8 10.5 312.5 235.6 375.2 0.6 19 195.9 147.2 282.3 226.6 0.5 19 107.8 138.7 165.7 198.2 0.9 19 190.9 146.5 367.6 242.3 0.7 19 0.8 188.2 45.9 258.4 0.7 19 109.2 137.7 178.6 200.8 0.7 14 210.2 170.3 265.1 215.9 0.6 4 298.1 160.1 330.3 242.1 0.9 14 293.6 183.3 340.8 223.2
008052,1.0 14 200.9 39.8 243.4 151.4
008054,0.6 19 196.5 0.9 478.4 174.6 0.9 11 6.8 87.7 481.7 293.4
008055,0.9 0 319.1 143.7 337.5 157.9 0.9 0 320.5 143.9 338.2 158.1 1.0 0 273.3 118.6 290.9 130.9 0.9 0 299.4 110.4 318.0 124.5 1.0 0 248.9 120.5 266.7 133.2 1.0 0 261.1 135.0 278.3 150.8 1.0 0 299.8 112.1 318.7 125.6 1.0 0 308.2 128.3 326.2 140.6 1.0 0 294.6 148.3 312.0 162.4 0.9 0 320.7 71.2 340.1 84.3 0.9 0 311.2 90.4 329.4 103.2
008056,0.8 0 239.2 157.8 268.4 203.6 0.8 0 204.3 160.1 236.7 201.1
008058,1.0 14 366.4 291.5 498.6 374.8 1.0 14 0.8 53.8 125.0 374.1 1.0 14 157.8 70.3 278.2 374.8 1.0 14 360.0 71.4 476.3 354.9
008059,1.0 14 121.1 15.0 181.2 133.4 1.0 12 111.7 49.3 202.6 203.2
008065,0.5 18 126.5 265.6 366.1 319.2
008066,0.7 2 144.6 157.5 183.2 255.4 0.7 3 1.2 167.3 328.8 332.1 0.5 2 266.5 93.4 373.9 209.3 0.6 2 269.4 89.0 376.0 137.0
008070,0.6 15 312.7 84.6 375.3 448.3 0.6 14 96.4 142.3 119.3 205.1 0.9 14 31.5 134.2 103.4 325.7 0.5 14 37.7 132.0 62.9 159.7 0.8 14 65.1 130.8 92.5 162.4 1.0 14 1.5 32.2 342.2 498.9 1.0 14 12.1 133.1 59.9 315.6 0.7 14 93.7 141.8 118.8 265.5
008071,0.9 15 0.5 0.7 172.5 491.4 0.8 11 92.2 311.5 295.2 452.9
008073,1.0 8 302.3 275.3 440.8 374.6 0.9 19 155.7 114.0 276.4 215.4 1.0 8 160.4 208.5 256.5 374.7 0.6 19 159.2 107.5 198.3 125.2 0.7 8 52.9 231.6 142.3 374.9 1.0 14 97.7 56.4 162.0 349.9 0.9 10 197.3 220.9 475.6 375.3 0.7 10 195.0 221.5 351.8 374.9
008074,1.0 14 60.1 183.5 104.8 330.6 1.0 14 24.7 190.5 66.1 330.9 1.0 14 106.8 124.4 270.1 435.5 1.0 1 65.3 254.8 311.2 452.7
008077,1.0 14 329.8 97.8 499.6 374.2 1.0 14 275.4 161.2 410.8 345.2 0.6 14 383.3 99.2 499.7 369.6 1.0 14 1.2 112.2 135.4 373.5 0.9 17 1.8 92.2 500.3 375.0 0.6 14 243.3 159.8 409.9 374.0
008078,0.0 0 0.0 0.0 10.0 10.0
008080,0.8 16 75.4 194.1 291.3 372.9 0.5 16 182.3 194.6 290.6 373.8
008081,0.8 14 297.5 8.7 317.6 48.2 0.5 14 267.6 1.5 284.5 45.2 1.0 14 57.6 2.1 116.4 128.9 0.6 14 395.5 16.8 415.8 44.9 0.8 14 282.2 6.1 299.2 47.8 1.0 14 439.6 41.0 477.8 170.8 0.7 14 390.8 17.2 414.0 71.6 1.0 14 431.2 8.7 468.4 60.9 1.0 14 300.9 9.3 324.4 50.3 1.0 14 382.8 19.4 416.3 133.9 1.0 14 115.8 1.6 167.8 119.5 0.6 14 425.7 8.0 445.1 40.4 0.6 14 448.1 41.6 477.5 108.3 0.7 9 66.3 124.3 297.5 288.1 0.7 15 350.7 125.1 413.0 171.5 0.6 14 481.9 39.0 500.3 162.5 0.8 15 297.6 98.3 367.2 169.8 1.0 14 401.7 32.7 437.6 172.7 0.9 14 325.3 15.1 359.6 68.7 0.9 14 332.7 13.9 364.3 74.3
008088,1.0 6 0.8 224.1 30.6 258.9 1.0 5 54.3 2.2 499.3 373.9 0.7 14 350.3 207.9 383.7 260.7
008089,1.0 7 337.9 90.9 467.3 262.3
008090,0.6 9 432.3 153.4 480.1 197.1 0.6 16 359.8 130.4 389.4 152.2 0.6 16 12.6 122.8 45.7 146.6 0.9 9 125.1 173.3 353.5 342.0
008092,0.9 18 408.4 113.5 500.2 244.3 0.5 18 208.4 119.1 386.8 224.8 0.6 18 370.8 113.8 500.6 243.6 0.5 18 199.6 115.6 500.7 244.7
008094,1.0 14 1.2 79.6 248.2 374.1 1.0 14 292.5 66.0 500.2 373.7
008097,0.9 2 165.9 60.7 352.0 265.1 1.0 2 165.0 60.8 352.2 317.6
008099,1.0 3 47.6 115.6 89.4 240.6 1.0 14 156.0 225.2 186.5 264.4 1.0 3 143.2 10.2 218.1 274.5 0.7 3 140.8 256.6 215.7 278.2
008102,0.5 11 87.3 140.8 219.5 287.5 1.0 14 232.4 112.5 333.0 287.7
008104,1.0 6 1.4 186.9 94.8 225.7 1.0 14 410.2 190.2 449.4 311.7 0.7 14 394.8 187.7 414.7 311.8 1.0 14 349.9 192.1 374.2 302.5 1.0 14 446.0 190.9 473.7 260.6 1.0 14 233.2 198.7 265.6 284.0 0.7 14 429.5 187.0 447.3 213.5 0.9 0 3.1 80.0 456.7 278.0 0.8 14 354.4 192.1 377.0 303.4 1.0 14 463.4 191.8 495.4 273.8 1.0 14 371.0 187.3 401.9 311.4 0.9 14 339.9 193.2 360.2 262.5
008109,1.0 12 71.4 129.4 265.1 310.7 0.9 12 251.6 129.6 449.1 270.5
008110,1.0 8 298.3 117.6 365.5 255.0 0.7 8 50.2 125.8 234.8 402.4 0.5 8 48.3 124.3 254.0 430.5 1.0 14 63.5 142.4 240.0 460.2
008111,0.8 9 16.9 38.1 179.2 294.3 1.0 14 78.7 188.9 177.7 476.7 1.0 14 233.8 90.6 342.5 459.5
008113,1.0 8 284.5 132.1 368.0 290.3 0.7 15 437.4 30.1 480.8 69.8 0.7 8 191.7 124.6 253.0 216.6 1.0 8 114.1 134.6 213.1 284.3 1.0 10 155.0 139.0 320.7 300.7 1.0 8 204.8 144.8 292.3 300.4
008114,1.0 17 87.3 189.1 414.3 359.2 1.0 6 382.6 169.6 467.0 216.0 0.8 19 349.2 38.9 499.8 254.7
008118,1.0 2 105.7 163.5 283.1 258.7 1.0 2 281.6 176.4 486.5 288.5
008119,0.6 15 82.2 273.0 176.1 380.6 0.9 15 116.3 276.5 173.0 380.1 0.8 17 175.2 403.1 259.3 475.5
008120,0.6 14 6.1 141.4 165.9 342.7 0.8 14 2.9 67.9 325.6 431.9 0.5 14 2.1 74.0 166.7 437.1 0.6 14 5.4 68.9 372.4 433.9 1.0 14 212.3 67.8 375.7 433.6
008123,0.5 2 198.3 25.8 376.2 299.2
008124,1.0 12 220.5 79.1 497.3 295.3 1.0 14 317.0 38.6 366.1 210.8
008126,0.7 14 194.3 163.7 214.2 182.2 1.0 14 142.4 157.5 187.3 198.2 0.8 14 293.2 26.2 406.6 184.5 0.9 6 86.9 165.1 392.5 330.2 0.7 14 1.1 219.8 34.1 313.1 0.5 6 87.8 160.7 492.3 330.9 0.6 14 171.8 159.9 190.1 184.8 0.7 6 91.7 159.2 441.6 331.4 1.0 14 291.3 25.1 499.5 318.8
008128,1.0 14 95.2 39.7 224.0 253.8 0.9 1 85.9 88.5 347.0 296.9
008129,1.0 6 89.3 127.6 331.6 317.3
008131,1.0 14 78.2 80.6 251.3 375.6 0.9 8 303.3 264.1 450.6 374.6 1.0 14 293.3 41.9 500.1 374.5
008133,1.0 6 101.8 135.3 415.4 344.1 0.8 6 179.4 137.0 413.5 342.9
008134,1.0 4 173.0 2.2 220.5 143.0 1.0 4 220.1 197.4 267.2 319.1 1.0 4 119.0 195.1 163.7 316.8 1.0 4 380.0 17.7 432.4 92.3 0.6 4 377.8 196.8 414.5 261.8 1.0 4 375.9 196.4 419.7 317.3 1.0 4 321.7 196.2 368.4 316.1 1.0 4 424.2 20.1 475.3 146.6 1.0 4 420.3 195.3 471.1 319.6 1.0 4 277.9 16.8 324.3 144.7 0.9 4 165.6 196.7 215.4 315.1 1.0 4 19.0 191.4 73.6 324.4 1.0 4 221.4 4.4 270.6 146.4 0.8 4 124.8 8.0 169.8 140.7 1.0 4 73.2 6.1 124.2 145.2 0.8 4 16.3 3.3 75.6 155.6 0.6 4 326.4 197.8 367.8 265.7 1.0 4 70.3 189.6 119.2 316.9 1.0 4 268.2 183.3 314.9 307.9 1.0 4 379.0 19.5 431.8 148.2 1.0 4 324.2 16.7 374.1 148.5
008135,1.0 6 469.6 23.4 500.1 67.5 1.0 6 4.0 1.8 473.6 373.7
008136,0.9 6 25.1 111.5 451.5 332.3
008143,1.0 6 219.7 181.6 349.3 252.2 0.6 5 341.9 156.1 481.7 234.9
008145,0.6 3 2.4 169.8 157.1 321.9 0.6 3 229.1 287.1 404.5 348.3 0.9 3 2.2 154.6 401.4 353.9 0.5 3 1.2 234.1 153.7 325.1
008146,1.0 14 149.1 383.0 173.1 469.7
008147,1.0 14 109.1 31.8 187.5 123.5 1.0 12 50.6 50.2 236.1 166.0
008148,1.0 2 128.6 33.5 380.1 374.8
008149,0.8 11 1.5 23.4 398.3 374.4
008152,0.7 6 0.8 92.0 72.3 197.6 1.0 14 425.7 89.1 453.2 159.8 1.0 14 10.2 86.5 50.1 211.4 1.0 14 219.9 43.0 341.0 373.9 1.0 6 74.0 81.0 454.5 323.0 0.6 6 290.5 83.4 453.1 294.2
008153,0.7 8 9.6 274.8 56.4 329.2 0.9 10 2.6 270.5 374.9 499.9
008154,1.0 6 140.5 124.3 217.4 141.2 0.9 18 2.2 122.8 500.5 260.0
008155,0.9 15 334.0 187.5 372.0 225.5 1.0 17 1.9 221.8 220.5 460.1
008156,0.7 15 65.4 120.1 193.5 317.5 0.9 8 2.7 4.9 67.3 103.1 1.0 15 231.0 102.6 265.2 214.0 0.9 15 64.0 100.4 193.1 317.1 0.7 15 61.9 99.6 195.4 396.6
008157,1.0 14 404.9 108.1 490.8 326.5 0.6 14 359.3 66.9 446.1 217.0 1.0 14 263.2 90.3 406.0 330.1 1.0 14 358.0 67.1 445.8 319.3 0.7 14 356.6 66.5 446.3 271.6 0.8 14 352.9 86.9 377.2 129.8
008158,1.0 6 0.5 85.1 196.5 374.6
008161,0.9 6 0.8 169.8 67.0 269.1 0.9 6 324.8 277.2 353.5 300.9 1.0 6 142.9 115.8 361.2 186.8 1.0 6 61.2 250.7 236.4 366.9 0.9 6 0.9 189.7 57.4 269.7 0.7 6 32.3 170.0 375.6 417.7 1.0 6 256.1 265.6 323.3 315.5
008162,0.9 17 126.2 101.4 350.5 250.8 0.8 15 286.8 187.2 358.6 231.2 0.8 17 3.2 165.0 355.6 375.7
008165,0.9 6 453.6 84.3 497.8 106.1 0.8 6 424.5 83.6 498.8 109.3 0.6 18 0.1 70.6 355.2 289.9
008167,0.9 15 117.9 142.5 175.2 268.6 1.0 15 117.8 205.4 172.9 268.1 0.5 11 14.4 141.9 67.1 210.5
008170,0.9 14 226.4 62.4 259.6 132.2 0.7 14 309.7 97.6 390.4 247.1 1.0 14 5.3 2.0 224.6 374.8 0.9 14 14.5 1.9 185.9 374.6 0.9 14 302.5 100.2 389.3 332.3 1.0 14 169.4 67.7 193.0 95.6 0.7 14 242.6 61.9 286.0 140.8 0.9 19 242.0 1.8 379.0 115.6
008172,0.9 14 63.5 12.6 279.1 488.3 1.0 14 64.2 11.5 475.1 487.3 0.7 11 197.4 130.5 427.2 350.8 0.8 11 197.5 130.1 454.2 438.8
008176,1.0 11 107.3 134.8 295.2 318.7
008178,0.6 11 306.0 117.0 449.3 232.7 0.7 14 76.9 26.5 458.1 374.5 0.7 11 308.1 120.6 375.6 229.6
008179,1.0 19 85.9 2.4 383.0 224.0
008181,0.0 0 0.0 0.0 10.0 10.0
008182,0.9 7 62.7 123.1 450.6 247.9
008183,0.7 12 17.9 64.1 225.6 282.9 0.9 14 55.8 21.3 154.6 273.8 0.9 12 13.7 50.2 306.4 282.0
008184,0.9 8 108.6 370.8 220.3 500.0 1.0 10 99.1 333.4 253.6 492.3 0.7 8 176.5 169.8 250.7 474.3
008185,0.6 15 41.4 228.4 144.9 394.7
008187,0.7 16 210.7 86.4 306.5 174.8 0.9 16 0.8 92.4 177.8 323.3 0.7 16 191.4 39.9 464.9 283.5 0.8 16 272.1 42.3 467.1 270.2
008192,0.8 16 390.1 144.8 499.9 340.0 1.0 14 169.7 55.9 278.9 271.7 0.9 16 229.7 175.3 372.8 321.7
008193,0.9 2 176.6 107.3 355.9 215.7
008194,1.0 18 35.5 136.3 424.3 323.5 0.7 14 443.5 288.7 464.4 321.3
008195,0.6 13 180.0 78.5 448.9 375.2 0.9 6 1.2 22.4 55.9 70.9 1.0 14 8.5 1.6 296.1 375.2 0.5 14 2.8 1.7 344.5 375.5 0.9 13 2.5 78.8 450.6 376.1
008196,1.0 15 394.2 112.8 500.3 233.4 0.8 14 0.8 89.7 88.7 276.8 1.0 14 157.7 104.2 300.4 257.1 0.9 17 200.6 102.9 476.1 231.9
008198,0.9 10 2.2 31.0 493.1 332.5 0.8 15 160.5 118.5 237.9 170.4
008201,0.5 11 0.6 172.3 232.9 374.7 0.6 14 0.7 0.9 179.6 164.0 0.9 11 0.7 66.8 232.2 256.3 0.6 11 1.3 67.0 235.8 374.3 0.9 11 216.4 238.7 499.1 374.8 0.9 11 269.0 48.7 498.4 283.4
008205,1.0 14 142.8 23.2 179.9 131.3 1.0 12 87.7 67.6 227.9 181.5
008206,1.0 15 127.5 29.5 300.5 351.4
008207,1.0 14 163.8 38.9 237.4 195.0 1.0 14 227.3 264.7 285.7 345.3 1.0 14 301.6 307.4 362.4 395.6 0.9 14 345.4 243.6 486.9 397.7 0.5 14 9.7 91.1 143.2 282.5 1.0 14 342.5 244.1 463.6 396.3 0.6 14 276.9 271.8 365.5 393.8 0.8 14 144.9 269.4 230.8 395.5 0.7 14 301.9 38.9 399.1 319.8 1.0 14 379.5 18.2 489.8 197.0 0.7 14 211.0 44.5 360.3 205.6 1.0 14 145.2 265.3 310.9 401.8 0.7 14 9.7 91.3 118.8 246.6 0.7 14 6.5 90.7 119.1 400.0 1.0 14 13.7 242.5 163.8 399.4 1.0 14 209.1 43.5 360.1 278.8 1.0 14 104.2 51.1 172.2 192.8 0.5 14 6.3 91.4 157.1 401.5 0.8 14 357.5 17.9 497.7 376.6 1.0 14 275.6 271.5 333.0 360.0 1.0 14 302.6 37.1 400.5 195.6
008210,0.6 8 259.0 245.2 330.3 374.9 1.0 10 3.1 244.0 290.3 375.1 0.8 8 265.7 246.0 330.3 322.6 0.9 8 172.3 226.5 217.8 264.4 0.9 8 232.8 314.2 318.1 375.2
008212,0.8 6 168.7 248.0 195.6 264.7 0.7 15 62.5 109.5 119.6 202.2 0.9 6 238.4 243.2 265.2 261.6 0.9 5 159.5 203.3 234.7 247.2
008214,1.0 2 102.9 126.6 329.3 297.6
008215,0.7 14 173.7 127.5 345.3 403.5 0.8 14 245.2 127.7 346.0 259.3 1.0 14 80.4 132.6 182.6 403.9 1.0 14 249.6 303.3 338.3 401.4
008217,0.6 3 163.4 203.0 337.1 319.7 0.6 3 415.7 175.4 464.5 194.4 0.9 14 292.3 184.5 307.5 210.7 0.9 3 165.8 251.4 338.5 319.7
008219,0.9 3 2.2 1.2 109.4 60.4 0.5 14 94.9 96.9 152.5 156.0 0.8 14 151.1 114.3 202.0 161.1
008221,0.9 1 2.2 2.7 498.6 373.8
008227,1.0 13 335.6 137.9 459.4 332.1
008228,0.9 12 28.3 27.2 320.1 295.3
008230,0.9 14 118.5 124.4 144.5 169.8 1.0 14 99.4 139.3 120.6 184.3 0.9 13 1.3 171.8 69.5 258.2 0.8 13 188.7 131.2 433.1 304.3 0.8 13 32.9 128.9 217.0 317.8 0.8 14 40.5 158.6 61.3 187.8 0.9 14 20.4 124.9 43.0 183.5 0.9 13 34.7 125.6 430.4 317.7 1.0 14 59.7 138.4 84.8 198.4 0.7 14 254.7 89.5 282.3 136.1
008231,0.9 14 294.1 69.0 314.7 89.0 0.7 6 448.3 74.1 499.9 118.1 0.7 14 321.1 59.9 335.2 87.4 0.7 14 446.2 59.4 461.6 90.6 0.9 6 1.1 76.4 50.3 115.1 0.7 14 193.0 80.0 209.6 98.1 0.9 14 275.0 64.5 293.7 89.3 0.9 14 255.7 58.1 273.7 89.1 1.0 6 3.0 33.0 499.1 375.2 1.0 14 336.8 53.6 365.4 89.6 0.5 14 160.3 89.6 177.6 115.5
008233,0.9 14 381.6 44.5 420.8 121.2 0.9 15 399.2 0.4 484.1 128.1 0.5 14 181.7 51.8 311.2 324.2 0.8 14 102.1 50.9 496.8 373.6 0.8 14 180.9 49.9 494.9 367.9 0.8 14 141.8 211.2 357.9 334.2 0.6 14 182.5 51.7 409.3 344.7 0.6 14 297.3 40.7 499.6 374.5
008234,1.0 14 188.5 120.5 253.3 208.3 0.9 18 12.7 83.0 192.0 245.3 0.8 14 96.2 104.0 122.0 137.9
008237,0.7 6 1.8 189.2 159.9 299.8 1.0 14 329.4 166.1 346.9 223.7 0.9 14 224.7 181.1 257.6 246.1 0.5 6 6.8 182.5 72.6 204.6
008238,0.8 15 42.1 130.4 139.8 205.1 0.8 14 50.5 81.6 302.8 332.0 1.0 14 53.5 80.6 386.1 332.3 0.8 11 145.2 168.4 299.1 254.4 0.5 19 252.2 2.2 450.2 100.6
008239,1.0 14 41.0 55.2 239.0 340.3 1.0 14 214.9 42.4 390.6 265.3
008240,1.0 7 104.5 43.2 286.8 305.7 0.9 7 279.3 116.1 498.1 326.7
008242,0.9 13 1.8 8.3 415.1 374.9
008243,0.9 2 0.3 13.1 294.1 498.8 0.6 2 0.4 17.9 294.7 498.7
008245,1.0 14 358.1 161.9 433.6 292.5 1.0 14 97.9 153.3 181.1 226.1 1.0 14 26.7 167.9 86.3 299.6 1.0 14 312.7 152.9 368.3 246.4 1.0 14 208.0 149.0 264.1 238.1 0.7 8 44.1 235.9 220.2 374.4 0.9 14 26.9 169.2 91.1 367.8 0.6 8 406.1 203.9 467.8 304.1 1.0 10 72.4 215.1 493.6 374.7 0.9 14 312.6 152.8 388.8 311.2 1.0 14 257.3 159.9 321.7 251.7 0.6 14 313.1 162.5 430.2 327.0
008246,1.0 6 420.8 100.4 493.8 133.4 0.9 5 0.6 49.2 176.2 213.4 1.0 5 164.6 58.4 311.7 183.6 1.0 5 300.1 65.8 428.6 150.9 0.9 6 305.0 126.4 325.7 158.2
008247,0.9 18 3.7 13.6 484.5 324.9 0.6 18 119.8 33.2 479.9 298.8 0.7 18 118.6 13.3 482.5 310.1
008249,0.7 14 241.5 58.2 347.5 175.2 1.0 14 336.1 27.7 432.1 148.1 0.8 3 26.4 96.1 463.9 211.6 0.8 14 335.9 29.1 433.2 211.0
008255,1.0 1 41.7 226.0 216.0 453.5 1.0 14 45.7 113.8 193.9 352.2
008256,1.0 14 173.4 51.2 270.4 228.1 1.0 12 40.5 71.3 359.3 419.8 0.9 14 278.2 54.8 312.4 102.8
008257,1.0 10 35.2 54.6 398.9 298.3 0.6 8 271.0 1.3 365.3 103.8 0.7 8 261.3 7.5 334.3 90.5
008259,0.8 6 93.1 21.4 279.3 143.2 0.5 14 202.9 118.2 259.7 197.2 0.6 14 130.3 47.5 255.8 266.7 0.6 14 200.4 118.8 236.8 178.7 1.0 6 267.0 16.0 499.9 178.9 0.9 14 222.5 139.9 263.3 194.1 1.0 14 131.2 46.5 255.4 201.8 1.0 6 1.2 35.5 120.2 133.4 0.9 12 229.0 113.0 453.3 357.6
008264,0.7 14 485.2 191.8 498.9 224.9 1.0 5 59.4 82.9 478.3 340.0
008265,1.0 14 3.5 38.7 217.9 374.8 0.6 14 160.2 23.2 455.0 374.6 0.9 14 162.0 21.7 497.6 374.2
008266,1.0 18 6.4 94.2 422.1 306.3
008267,0.9 7 42.9 152.7 161.0 229.6 1.0 7 184.1 156.1 348.8 373.8
008270,1.0 6 28.1 8.3 486.8 423.8
008271,1.0 14 155.5 214.1 168.5 257.0 1.0 14 280.5 168.0 322.0 290.5 1.0 14 184.4 214.3 197.7 256.6 1.0 14 71.4 197.9 92.0 267.7 0.6 6 0.8 213.6 56.1 296.4 0.9 14 167.8 213.7 180.1 255.0 0.9 6 1.1 211.8 71.0 296.1 1.0 14 115.1 221.2 130.5 263.7 0.9 14 170.0 213.6 182.1 255.3 0.5 14 51.2 217.4 63.9 238.2 0.9 15 210.6 135.1 261.1 311.7
008273,1.0 13 32.5 221.5 372.6 498.2
008274,1.0 19 134.1 95.9 248.2 205.9 0.7 19 52.1 246.8 282.7 373.6 1.0 19 238.9 21.3 472.3 233.8
008276,0.9 14 1.0 1.7 114.2 374.1 0.9 14 102.0 62.4 491.0 374.8 1.0 6 366.5 186.8 451.2 227.5 0.9 14 198.3 62.7 492.8 374.6
008277,0.7 8 1.3 183.7 134.2 300.3 0.6 15 1.1 37.3 83.3 126.9 0.9 19 233.8 61.4 316.4 157.3 0.5 19 230.2 1.0 349.0 157.2 0.9 19 171.6 54.0 237.9 142.4 1.0 14 0.6 44.2 247.5 299.2 0.5 14 1.3 44.4 290.5 299.6
008278,0.9 3 302.1 212.9 332.3 283.0 1.0 3 94.6 87.6 235.2 292.5
008283,1.0 6 80.4 93.9 419.7 255.1
008286,0.8 18 68.2 119.6 269.7 283.6 0.9 17 220.9 295.5 454.8 422.2
008287,1.0 4 278.2 204.0 350.6 375.3 1.0 14 79.3 87.0 278.6 307.7 1.0 14 172.5 54.1 498.3 373.9
008288,1.0 19 310.7 81.1 397.1 166.0 1.0 14 17.5 67.6 293.5 375.2 0.7 10 171.7 149.0 500.0 375.4
008289,0.6 2 2.3 79.3 427.3 364.2
008290,0.5 6 135.7 20.2 315.8 92.8 1.0 6 407.7 44.8 500.1 100.5 1.0 6 313.4 59.7 382.1 103.6 1.0 6 99.6 19.2 374.0 244.5
008291,0.7 19 286.6 165.7 363.3 277.6 0.8 19 284.9 164.3 376.2 307.8 0.6 19 143.0 143.0 219.0 291.8 0.7 19 190.3 277.8 382.3 356.0
008298,0.5 9 2.0 79.8 230.4 231.0 0.6 9 84.0 80.8 357.4 262.5 0.6 9 335.6 111.4 500.1 266.3 0.7 9 335.1 112.1 499.8 307.1
008303,1.0 14 207.3 44.6 318.2 236.2 1.0 12 61.1 80.5 404.1 393.5
008304,0.5 9 2.3 154.6 369.3 484.2
008305,0.8 2 142.6 89.5 439.8 249.9 0.9 2 146.2 90.7 441.4 370.1
008308,0.7 18 183.0 153.6 376.2 219.3 0.7 18 178.2 68.5 375.5 219.9
008309,0.5 13 168.3 72.6 500.1 211.4 0.8 14 2.6 65.0 345.4 374.7 0.9 14 1.5 64.6 222.9 374.5 0.9 14 83.3 100.3 391.4 374.8 0.8 13 163.7 72.2 498.8 373.7 0.8 14 185.6 101.1 394.7 375.3
008314,1.0 14 235.5 55.0 304.0 222.6 1.0 12 167.9 103.8 447.8 306.0
008321,0.9 14 1.8 26.2 224.5 498.9 0.9 14 2.3 25.7 325.0 497.5
008324,0.6 13 14.8 221.4 100.1 352.9 1.0 13 214.3 202.0 317.4 281.9 0.5 13 14.1 220.4 65.6 320.5 1.0 6 24.8 185.4 159.5 272.3
008325,0.8 14 179.4 77.3 425.9 375.1 0.5 14 244.3 96.1 425.6 374.8 1.0 14 21.8 65.5 202.6 375.3 0.7 14 183.0 94.6 497.7 374.9 0.8 14 179.6 75.0 270.5 350.7 0.5 14 186.1 94.6 421.4 375.0 1.0 14 246.7 96.7 499.1 374.9
008328,0.6 15 324.3 146.8 366.8 190.6 0.6 2 71.3 176.6 108.1 216.7 0.5 15 315.9 107.5 365.9 192.1 1.0 11 140.3 163.5 247.5 424.2
008330,0.8 1 126.9 51.2 295.3 293.9 1.0 4 1.1 278.7 58.4 468.6
008331,0.8 18 364.1 152.8 456.5 290.8 0.8 18 85.8 83.6 359.5 312.0 0.7 18 86.2 81.4 462.1 311.4
008333,0.8 16 115.1 0.7 365.3 284.0
008334,0.0 0 0.0 0.0 10.0 10.0
008337,1.0 5 1.6 33.1 499.1 368.2
008339,1.0 18 76.1 150.1 187.9 237.2 0.8 18 74.8 145.6 360.0 237.4
008340,0.9 11 1.0 2.2 457.1 374.6 1.0 14 227.0 253.3 399.5 374.6
008343,0.9 14 69.9 16.7 306.1 210.5 1.0 11 14.1 116.0 332.9 495.0
008344,0.9 16 66.5 105.0 114.6 152.3 0.7 16 10.0 102.6 42.4 138.0 0.9 16 196.5 125.5 233.0 162.0 0.9 16 264.1 143.7 290.6 176.7 0.9 16 340.4 204.4 414.4 265.6
008347,0.7 10 110.4 224.0 280.7 333.2 1.0 17 0.9 170.2 206.5 299.3 1.0 19 387.5 186.4 437.8 228.8
008348,1.0 2 137.6 40.8 323.4 218.0
008350,1.0 14 123.8 138.7 168.9 312.0 1.0 14 175.6 129.2 233.2 373.0
008352,0.9 0 67.7 32.2 478.3 332.9
008353,0.9 6 10.3 76.0 82.8 118.0 1.0 6 149.1 113.5 338.4 185.1
008354,1.0 14 187.9 44.6 247.0 181.9 1.0 12 80.0 85.9 359.3 263.6
008356,0.9 11 136.4 9.4 435.0 274.4 0.7 11 137.5 8.7 497.1 280.3
008357,1.0 6 422.7 156.4 459.8 176.3 1.0 5 64.5 71.9 422.5 217.0 1.0 6 35.2 155.8 67.2 178.2
008358,0.0 0 0.0 0.0 10.0 10.0
008361,1.0 7 216.8 2.2 498.7 267.6
008362,0.9 14 190.5 1.5 312.1 121.3 1.0 14 33.2 34.3 347.0 329.5 0.9 1 370.9 3.2 499.6 140.8
008363,0.9 6 186.4 84.6 275.8 113.1 0.5 6 271.0 91.8 396.5 130.1 0.7 6 463.5 102.6 500.0 142.9 0.7 6 269.9 89.1 499.3 139.5 0.5 6 131.8 85.0 274.7 158.9 1.0 14 16.3 36.3 196.3 375.1 0.9 6 130.7 91.6 500.4 374.4 0.7 6 138.2 91.0 501.4 298.8 0.6 6 134.4 94.2 501.3 311.4
008366,1.0 5 49.2 11.6 453.6 352.1
008367,0.8 6 37.9 48.7 63.7 70.2 0.9 13 344.5 118.6 412.5 176.5 1.0 14 480.0 132.2 500.4 187.6 0.8 6 45.5 39.8 152.0 114.1 0.8 13 405.6 113.7 442.7 176.5 0.9 8 81.8 166.6 155.1 271.5 1.0 14 120.1 25.1 219.0 283.0 0.9 1 235.7 290.9 395.8 374.8
008369,0.5 3 248.4 191.5 318.1 212.9 1.0 3 326.3 228.3 368.3 259.9 1.0 14 324.4 197.3 366.8 236.2
008371,0.6 2 212.0 54.6 273.3 87.0 0.6 2 68.1 23.2 111.7 41.7 1.0 2 2.7 41.8 418.7 287.1
008373,0.6 3 20.4 143.1 60.4 167.6 0.6 3 292.2 138.1 351.3 166.8 0.9 3 144.8 117.0 224.4 171.7 0.7 3 290.0 137.6 309.1 165.9
008375,1.0 6 280.6 448.6 362.1 487.7
008377,0.9 14 0.9 1.4 133.9 329.6 1.0 14 155.5 2.1 497.7 374.4
008378,1.0 6 79.2 90.9 475.4 267.5
008379,1.0 4 322.1 2.7 457.7 314.6
008380,1.0 15 433.9 57.2 499.9 250.4 0.9 17 4.2 115.3 474.0 263.9 0.8 15 304.4 110.7 338.7 189.3
008382,0.9 15 33.4 8.1 133.7 118.1 0.8 8 230.0 99.1 308.7 167.1 0.9 8 137.4 118.2 231.5 207.8 0.9 8 1.2 153.8 64.4 257.7 0.9 15 52.1 10.6 127.8 116.6 0.5 15 10.2 11.2 105.9 123.5 0.9 10 3.2 155.1 498.6 437.3 1.0 4 169.1 42.5 190.6 103.9 0.8 8 298.8 97.9 351.8 201.1
008383,0.8 14 138.0 60.3 172.9 114.2 0.8 14 220.6 133.5 244.6 155.4 1.0 14 91.2 134.4 126.4 167.9 1.0 14 41.6 103.5 71.1 173.8 0.6 14 0.9 137.3 15.6 214.0 0.8 14 217.7 134.5 250.6 215.1 1.0 14 431.7 85.3 466.9 163.2 0.9 14 424.8 65.9 455.3 110.1 0.9 14 285.5 79.0 313.9 112.7 0.7 14 268.4 139.0 290.7 165.9 1.0 14 0.9 133.4 28.2 200.5 0.5 14 136.8 59.3 173.1 143.9 0.6 14 35.8 108.7 59.6 172.9 1.0 14 95.0 58.8 132.9 150.8 0.6 14 0.9 73.8 18.4 139.7 1.0 6 1.8 100.7 499.2 332.6 1.0 14 362.0 97.0 398.7 156.9 1.0 14 54.7 133.8 95.1 174.1 0.8 14 137.1 100.5 158.6 145.6 0.8 14 352.7 65.5 391.9 153.2 1.0 14 402.3 94.7 437.2 160.7 0.8 14 331.6 132.2 351.4 156.5 1.0 14 351.2 64.4 392.1 120.3
008389,0.8 15 448.6 1.7 499.5 96.1 1.0 15 431.2 1.9 493.7 87.7 0.9 15 51.5 1.4 357.8 339.6 0.9 15 3.4 1.5 478.2 374.3
008392,0.7 14 114.2 94.5 351.1 313.7 0.8 4 199.3 0.9 249.9 114.4 0.6 14 174.6 94.6 348.3 314.5
008393,0.6 2 140.1 26.9 298.4 107.9 0.6 2 11.1 0.8 299.3 324.6 0.6 2 41.2 74.3 228.8 323.4 1.0 2 203.8 81.7 500.7 373.9
008394,0.8 8 37.4 50.0 332.6 402.7
008395,0.9 17 214.6 59.2 491.3 268.2
008396,0.9 14 201.1 90.3 498.4 329.3 0.6 14 282.3 16.4 500.3 223.7 0.5 14 5.8 84.3 196.7 177.6 0.8 14 390.4 2.3 499.6 147.2 0.8 17 0.1 5.0 343.8 254.5 0.9 17 1.3 1.3 499.9 327.5 0.7 14 200.1 91.2 316.2 330.1 0.9 14 375.2 1.3 500.4 194.9 0.9 14 283.8 102.2 499.8 228.1
008399,1.0 14 189.2 107.6 323.0 296.1 1.0 12 78.6 135.8 432.4 478.5
008400,1.0 14 409.3 56.3 500.3 374.6 0.7 4 167.3 238.7 190.1 323.4 0.9 4 167.3 238.4 183.8 285.5 1.0 14 54.1 118.3 195.1 374.9 1.0 14 180.6 2.2 453.2 375.0 0.7 14 178.5 2.3 498.6 374.9
008401,0.7 14 229.3 31.2 262.0 168.6 0.9 14 226.8 31.3 263.1 226.9 0.9 1 222.4 92.3 407.7 247.0 0.9 1 264.6 96.0 407.2 246.7
008402,0.6 14 311.1 154.3 333.1 173.7 1.0 14 240.0 147.1 290.6 332.1 1.0 14 404.0 156.8 499.3 333.1 1.0 14 365.6 163.2 428.1 332.3 1.0 14 162.8 133.4 262.4 332.4 1.0 14 56.2 145.6 185.8 332.3 1.0 14 323.9 164.7 380.8 332.2 1.0 14 286.1 172.0 353.9 332.3 1.0 14 309.2 155.0 338.0 191.0
008404,1.0 19 181.4 73.4 331.4 206.5
008405,1.0 8 2.2 208.4 242.7 375.3 1.0 19 180.8 53.5 283.4 157.9 0.7 8 245.1 165.1 321.2 315.9 1.0 19 313.9 49.6 440.3 158.2 1.0 19 76.3 50.9 190.4 163.0 1.0 4 154.6 120.9 175.7 169.3 0.6 8 185.8 165.7 317.0 321.6
008406,0.9 5 136.9 262.5 321.5 334.8
008407,0.9 8 319.7 211.6 435.7 375.2 0.9 19 72.3 174.1 198.3 274.8 1.0 14 144.4 129.1 350.5 374.6 0.9 8 318.0 307.7 399.7 375.0 0.9 8 348.6 210.4 435.7 321.7 0.6 8 378.5 241.3 484.3 375.3 1.0 19 345.6 155.6 398.4 218.0
008408,1.0 6 0.8 74.0 87.5 225.0 1.0 6 80.3 65.5 492.7 361.0
008411,1.0 14 2.0 2.1 309.4 374.8
008412,0.9 18 328.6 92.3 501.2 206.2 1.0 18 2.0 126.5 360.0 206.9
008414,1.0 6 79.5 74.8 470.8 332.5
008417,0.5 17 84.5 321.4 217.8 401.9
008418,0.6 16 383.8 44.4 411.2 74.7 0.9 16 364.4 174.7 499.0 337.6 0.7 16 426.2 39.1 457.4 61.6 0.6 16 272.5 44.1 310.2 73.4 0.6 16 150.1 60.4 189.0 104.2 1.0 14 3.8 5.7 333.7 373.9 0.6 16 324.9 73.6 444.0 265.1
008419,0.5 11 108.4 181.0 220.5 300.2
008420,0.5 11 2.1 2.2 343.4 320.1 0.7 11 2.6 2.5 406.9 319.9
008421,1.0 6 98.4 64.5 397.4 230.1
008428,0.9 19 172.5 17.1 326.3 152.6 0.7 19 188.5 85.4 323.6 142.9
008431,0.8 8 358.6 203.6 426.3 294.5 1.0 8 249.6 179.7 344.0 297.4 1.0 10 254.5 169.5 416.6 292.7
008432,1.0 6 53.6 231.5 315.0 435.3
008435,0.9 18 134.2 111.9 292.7 227.7 0.9 1 53.9 168.1 221.3 335.3 0.6 18 75.0 112.3 291.8 230.0
008436,0.7 14 247.7 16.6 284.2 89.9 0.9 8 1.5 206.8 90.2 374.6 0.9 14 47.4 37.7 153.1 292.2 0.5 10 265.6 87.1 409.6 285.5 0.9 14 439.7 47.3 493.9 172.6 0.9 14 435.9 49.5 498.5 232.6 0.9 14 47.4 37.7 150.6 226.3 0.8 14 406.4 42.6 439.6 180.8 0.9 14 230.1 14.6 283.9 97.2 0.8 14 361.7 37.5 422.9 188.0 0.9 14 359.9 37.0 420.8 132.3 0.6 8 1.3 207.1 89.2 332.9 1.0 14 147.5 14.7 224.4 174.7 1.0 14 117.8 32.8 353.2 375.1 0.8 14 360.2 38.5 422.7 259.2 0.8 4 301.3 79.3 313.3 115.4 0.6 14 360.7 37.2 418.6 201.4
008439,1.0 14 60.5 74.2 374.3 499.9
008440,0.6 15 201.8 25.5 232.4 72.2 0.9 0 30.5 46.3 499.8 276.7
008441,0.6 12 132.4 13.4 468.2 314.8
008446,1.0 14 93.1 43.6 233.6 341.9 1.0 14 118.8 205.5 288.4 461.6 0.7 14 92.7 43.2 231.6 458.0
008447,0.8 6 269.5 1.2 375.1 47.9 0.9 6 107.5 17.7 131.4 43.2 1.0 6 24.6 34.7 499.6 343.9
008448,0.9 5 383.7 255.8 452.5 324.7 0.8 15 159.0 296.8 182.4 324.1 0.9 5 336.8 254.4 452.5 326.1
008451,0.9 19 164.7 280.3 237.8 347.0 0.5 14 125.9 268.5 142.6 308.5 0.6 14 103.0 266.8 120.3 310.6 0.5 14 101.2 266.9 118.4 310.9 0.9 19 55.5 244.2 161.3 346.8 1.0 14 248.9 48.7 419.4 374.7 0.7 6 409.9 182.5 499.5 261.2
008455,0.8 13 130.2 238.7 267.8 417.9 0.9 14 84.0 220.8 120.6 369.3 1.0 14 106.7 221.6 157.7 411.2 0.9 13 76.4 233.9 265.9 419.4
008457,0.8 15 89.7 229.3 128.8 279.5 1.0 15 39.2 409.4 88.1 481.6 0.7 15 54.8 64.8 118.5 279.4 0.9 15 81.6 301.0 127.2 370.6 1.0 15 38.0 176.5 78.4 276.8 0.5 15 56.3 65.5 103.6 169.3 0.7 15 40.5 174.3 109.9 276.1 1.0 15 37.2 294.4 85.5 372.5 0.9 15 42.5 63.9 110.7 278.6 1.0 15 134.4 298.5 181.3 375.1 1.0 15 139.6 225.5 182.8 279.3
008458,1.0 4 19.7 338.1 42.4 374.8 0.8 15 344.8 13.2 433.6 115.0 1.0 14 103.5 67.1 235.4 375.0 1.0 14 233.7 63.6 392.1 374.7
008459,0.7 6 10.3 273.4 40.8 296.0 0.6 0 360.7 150.6 434.1 186.3 0.8 0 438.6 145.8 491.9 190.0 0.6 0 91.1 172.3 282.2 248.1 0.9 0 361.9 148.2 490.0 190.1 0.9 0 113.3 176.8 268.2 247.8 0.5 0 220.1 239.0 499.9 335.2
008460,0.9 14 142.3 18.9 319.7 332.6 1.0 14 142.8 18.5 431.0 332.4
008463,1.0 14 121.7 131.1 231.7 374.7 0.8 14 31.3 130.6 231.2 374.7 1.0 14 30.5 146.0 150.5 374.5 1.0 14 332.7 133.8 499.9 374.6
008464,0.5 6 37.4 287.4 59.7 302.8 0.6 5 146.8 271.3 187.8 293.8 1.0 6 188.2 286.2 214.3 305.2 1.0 6 145.9 282.7 174.3 304.1 0.8 6 77.5 284.1 102.5 302.7 0.8 5 145.2 270.4 188.2 301.3 0.9 6 352.6 290.5 383.6 317.4 0.6 14 257.0 282.7 266.2 304.8 0.6 6 76.4 284.9 103.0 303.5 1.0 6 41.9 286.9 69.9 303.9 1.0 6 310.6 290.8 356.5 324.3
008469,1.0 14 1.5 82.6 233.3 368.7 1.0 14 218.6 2.1 499.9 374.4
008471,0.5 19 88.6 227.8 151.8 288.1 0.7 15 322.4 124.0 406.0 159.8 0.7 15 321.3 10.3 374.6 89.1 1.0 19 319.0 153.6 401.3 255.0
008473,0.9 18 1.5 3.5 386.0 341.3
008474,1.0 14 95.7 25.5 316.4 499.7 0.6 10 201.5 227.9 374.3 500.1
008476,0.9 12 146.9 354.9 233.4 449.6 0.9 12 41.3 344.5 174.5 450.1
008479,1.0 6 449.0 166.3 500.3 226.0 0.9 6 393.9 169.0 425.2 208.2 0.5 5 0.6 118.9 99.2 211.1 1.0 6 135.2 104.5 397.2 270.1 0.8 6 407.6 165.1 458.3 209.6
008480,1.0 14 24.5 250.6 46.0 322.2 1.0 14 257.1 229.3 282.4 302.8 1.0 14 215.9 233.3 235.1 301.5 0.9 14 320.7 221.6 334.1 427.1 1.0 14 47.6 218.2 70.7 304.0 0.5 14 136.9 137.9 181.8 226.5 1.0 14 134.1 137.9 183.4 367.3 0.7 14 240.0 232.6 257.0 300.7 1.0 14 0.6 218.0 21.2 327.8 0.9 14 35.4 223.2 50.7 308.7 1.0 14 83.7 187.2 159.7 499.4 1.0 14 236.8 234.0 255.1 301.5 1.0 14 167.4 226.7 194.2 327.8 0.8 14 37.1 221.9 51.0 281.9
008481,0.7 0 144.1 67.2 369.6 195.0 0.8 6 323.2 13.3 405.3 43.7 0.6 0 147.1 69.1 369.7 288.4
008486,0.8 19 162.8 231.4 218.5 279.8 0.6 19 159.7 231.0 217.0 278.5 0.6 17 0.6 298.6 137.3 501.1 1.0 8 172.8 241.1 298.5 437.9 0.9 19 210.5 232.1 272.6 282.3
008487,0.9 15 434.1 146.5 477.9 186.2 1.0 15 435.5 193.1 471.1 240.1 1.0 14 14.5 1.8 486.3 374.4
008488,0.8 5 219.8 94.6 356.5 220.5 1.0 6 0.7 159.1 130.7 256.1 1.0 5 221.2 94.2 420.6 221.9 1.0 6 304.3 186.2 405.1 246.7
008489,0.9 11 85.3 123.9 253.9 375.8 0.8 11 88.1 49.6 257.1 375.5
008490,1.0 8 11.1 244.3 109.4 431.0 0.6 8 190.6 246.4 325.4 410.1 0.8 8 12.6 248.2 170.2 446.5 1.0 10 73.0 232.7 321.5 439.0 1.0 8 177.0 245.2 330.6 451.2
008491,1.0 14 128.5 136.8 174.2 275.5 0.5 11 257.8 185.3 330.4 238.2
008493,1.0 8 59.6 12.0 123.9 89.4 1.0 8 140.2 15.3 208.0 81.2 0.8 11 224.3 29.9 272.6 76.2 0.9 11 113.9 32.0 341.5 181.0 1.0 8 374.0 9.9 441.7 94.9 1.0 8 271.3 14.1 341.7 93.6
008496,0.7 8 0.8 287.1 112.3 469.4 1.0 14 127.4 106.5 278.0 452.0 0.6 17 122.3 150.9 339.4 449.0 0.7 7 178.9 146.8 243.0 233.2
008497,0.0 0 0.0 0.0 10.0 10.0
008500,1.0 18 1.6 43.7 431.7 193.7
008501,1.0 14 154.9 296.7 166.9 328.9 0.9 14 104.5 288.8 116.1 316.3 1.0 14 222.5 303.7 238.1 340.1 1.0 14 196.0 300.9 208.9 336.4 1.0 14 135.9 291.0 148.1 320.9 1.0 14 173.7 299.6 186.0 331.9 0.7 14 197.2 301.4 208.6 337.6 0.9 14 84.1 284.3 94.8 312.9
008504,1.0 6 187.3 0.9 233.3 22.5 1.0 6 342.3 124.6 443.2 193.8 1.0 6 295.0 71.4 376.3 126.1 1.0 6 434.6 59.6 499.7 111.3 1.0 6 104.2 65.1 179.4 113.3 0.9 6 428.1 43.7 495.1 89.8 0.9 6 327.6 59.7 393.4 114.0 0.6 6 163.9 0.8 186.2 15.1 1.0 6 229.8 32.6 308.9 94.6 0.8 6 72.0 0.9 116.6 30.5 0.8 6 396.3 0.9 440.8 26.6 1.0 6 145.5 153.4 305.8 236.6 0.8 6 154.5 84.3 243.2 138.2 0.9 6 309.4 13.2 357.9 43.3
008505,0.7 4 114.6 253.1 150.6 333.4 1.0 14 69.9 121.0 213.3 276.8 0.8 8 43.9 208.0 89.5 276.9 0.7 10 0.9 270.1 451.4 375.0 1.0 14 205.6 116.7 317.1 303.6 1.0 14 305.3 103.0 476.9 374.5
008507,1.0 1 2.4 2.3 498.8 374.9
008508,0.9 2 42.5 42.3 337.9 404.9 0.9 2 42.4 42.4 349.2 501.0
008510,0.5 14 410.9 132.3 497.9 238.0 1.0 17 47.9 109.6 498.5 373.7 1.0 14 285.9 131.0 498.4 239.6 0.9 14 244.5 128.9 497.5 239.4
008511,1.0 1 7.8 19.6 493.2 325.5
008515,1.0 1 46.7 145.9 237.2 259.4
008516,1.0 7 152.5 41.7 499.0 375.5 0.5 7 155.0 44.9 499.3 280.6
008520,1.0 4 253.8 113.4 276.8 160.3 1.0 14 372.4 54.3 500.3 315.5 0.8 4 349.9 251.6 384.2 326.8 1.0 4 289.4 220.8 325.3 336.5 0.5 4 95.3 289.6 131.4 351.5 0.5 4 356.6 123.8 374.8 166.5 1.0 14 202.7 11.4 302.5 148.8 1.0 14 0.7 53.5 205.4 359.3 0.9 10 3.1 134.6 498.6 375.4
008525,0.8 7 263.5 254.7 364.2 480.2 1.0 19 4.1 70.4 267.0 368.6
008527,0.5 9 192.9 151.9 332.8 362.8 0.8 9 141.0 148.4 335.3 374.1 0.8 9 320.9 101.3 478.4 145.9 0.8 9 251.1 122.3 306.3 167.6 0.9 9 85.0 110.8 241.2 219.1 0.9 9 319.2 119.9 499.2 277.7
008528,0.7 14 1.7 284.9 154.9 374.8 0.6 14 268.1 89.0 327.5 182.6 1.0 14 191.6 97.9 255.3 185.9 0.7 14 33.0 77.4 150.5 298.6 1.0 14 431.7 43.7 499.7 272.6 0.7 14 31.7 75.9 198.1 301.3 1.0 14 236.2 89.6 319.6 183.2 0.8 14 130.7 74.6 254.5 280.9 1.0 14 306.0 61.6 403.5 226.2 0.8 14 50.8 75.3 251.6 374.6 0.5 14 7.6 78.7 165.7 375.1 1.0 10 159.9 175.7 498.2 374.8 0.5 14 241.0 63.8 400.6 221.5 0.7 10 173.0 225.0 496.4 373.5 1.0 14 395.2 77.4 468.4 254.3
008531,1.0 14 186.1 136.7 208.9 158.0 1.0 14 231.7 130.5 262.1 156.6 1.0 18 160.2 68.1 339.1 280.9
008532,0.0 0 0.0 0.0 10.0 10.0
008537,1.0 14 384.3 217.8 424.4 305.6 0.9 14 355.0 187.1 395.4 312.2 0.9 14 470.9 192.1 499.9 279.4 0.7 14 346.7 186.7 377.7 311.7 1.0 0 2.2 12.9 500.5 306.3 0.6 0 2.2 77.5 500.4 304.7 0.5 14 50.5 207.4 84.7 320.2 1.0 14 403.2 185.4 451.8 302.4
008538,0.5 14 16.2 8.1 221.8 495.6 0.6 4 239.8 368.3 283.5 470.1 1.0 14 14.5 5.3 389.6 496.0
008539,1.0 4 420.5 19.6 499.5 187.7 0.7 4 311.5 102.3 393.1 189.4 1.0 7 40.2 26.1 499.4 333.8 0.9 4 314.1 46.5 395.9 189.0
008540,0.6 6 202.3 0.9 247.0 16.4 1.0 14 1.1 0.6 115.4 207.5 0.8 1 252.9 99.2 418.1 332.8 0.5 1 247.2 81.0 417.4 333.1 0.9 14 183.3 38.6 272.0 150.5 0.6 6 114.1 0.8 212.3 28.5 0.7 14 254.6 -0.1 431.4 212.9 0.9 1 1.3 6.3 185.9 283.5 0.6 6 83.8 0.8 217.3 30.8 0.7 1 258.9 182.8 417.0 333.1 0.7 14 253.8 1.0 431.5 269.5 0.7 14 253.4 1.6 431.0 331.2
008543,0.9 8 0.9 215.5 137.6 375.7 0.6 17 362.9 192.3 471.0 279.0 0.6 8 208.8 194.8 304.3 272.7 0.9 17 1.1 215.0 134.8 374.8 0.9 8 359.5 193.0 471.7 303.2
008544,0.6 7 28.5 42.1 482.9 278.3 0.7 14 3.7 5.3 498.9 373.8
008545,1.0 3 279.5 239.8 347.7 343.2 1.0 3 102.4 3.3 280.3 376.8
008546,1.0 5 2.6 0.5 306.3 368.0
008547,0.6 8 1.3 248.1 128.8 337.4 0.6 15 185.6 48.4 274.5 297.9 0.9 15 155.7 42.9 239.6 300.6 0.8 8 1.7 248.6 115.4 337.2 0.5 15 228.0 56.3 353.3 293.8 0.7 15 174.3 46.2 270.1 298.3 0.8 15 269.5 66.7 369.0 293.6 0.9 15 1.0 1.5 186.4 337.2 0.9 15 247.6 63.5 363.6 294.1 0.6 15 168.6 43.6 368.8 294.6 0.8 15 160.9 186.9 237.0 302.6 0.9 15 328.1 175.4 431.4 299.3 0.7 15 180.3 51.0 277.8 294.5
008548,0.9 14 380.0 17.7 399.4 87.5 0.9 6 434.2 32.4 499.9 102.7 0.7 6 454.4 29.7 500.2 119.8 0.6 5 223.4 2.2 376.1 106.7 1.0 14 25.6 11.4 41.8 67.0 1.0 14 386.4 13.8 406.1 86.7 0.7 6 230.9 22.9 378.6 109.7 1.0 6 51.7 33.8 474.6 327.6 1.0 14 404.6 7.5 436.5 115.3 0.7 14 365.3 20.0 381.4 42.6
008551,0.5 1 1.3 130.0 109.6 279.8 0.8 14 1.1 57.5 121.0 276.6 0.7 14 1.2 56.1 120.0 279.0 0.8 14 288.7 126.2 445.6 296.6 0.6 1 186.3 172.5 468.0 378.2 0.7 14 194.2 125.2 456.8 370.5
008552,0.8 0 1.4 62.4 333.6 384.1 0.6 0 1.7 236.9 334.0 396.6
008554,0.9 0 203.9 110.9 403.2 194.9 0.8 0 204.5 111.5 449.0 194.1
008555,0.9 14 126.7 105.3 242.6 452.1 0.6 0 13.1 102.0 397.6 459.9 0.9 4 277.6 388.6 298.5 454.3
008560,0.8 14 259.2 129.6 281.8 163.1 1.0 14 392.4 237.3 490.2 334.6 0.8 6 425.3 189.4 499.9 306.7 0.8 6 427.3 190.4 499.8 293.9 0.7 18 181.7 72.7 328.3 253.3 1.0 6 395.8 180.9 451.4 239.7
008561,1.0 19 139.5 59.1 324.8 226.9 1.0 19 0.7 88.8 143.7 223.2 1.0 19 325.7 57.2 501.1 241.1
008563,1.0 15 237.3 198.3 280.7 298.9 0.6 19 346.1 92.3 423.2 154.9
008565,1.0 2 63.8 129.6 178.8 463.6 0.8 2 62.5 16.6 356.7 501.4
008566,0.9 15 179.1 71.3 214.7 122.4 1.0 1 1.4 2.4 164.9 127.1 1.0 14 71.1 59.2 359.4 374.6
008567,1.0 14 126.7 6.1 295.6 498.9
008569,0.6 14 156.5 37.2 279.9 225.9 0.6 14 62.7 220.8 230.0 374.1 1.0 14 66.9 22.0 190.0 289.5 1.0 14 2.3 220.4 229.9 375.1 0.8 14 154.9 37.9 315.9 313.3 0.9 14 154.3 37.8 279.8 311.7 0.9 14 262.4 19.8 401.8 318.2 0.8 14 259.2 18.2 449.5 349.3
008570,0.6 14 0.6 61.3 273.8 499.6
008571,0.0 0 0.0 0.0 10.0 10.0
008574,0.6 12 110.1 292.6 208.5 491.8 0.7 14 64.2 282.9 133.1 430.7 0.9 14 116.2 173.5 221.1 486.2 0.7 12 110.4 290.7 304.3 499.3
008575,1.0 7 20.2 4.5 331.9 498.7
008577,1.0 14 45.8 1.8 268.6 374.2 1.0 14 344.8 2.9 500.2 374.2 0.6 6 308.5 2.7 374.9 72.8
008578,0.9 14 238.7 139.4 266.1 203.1 0.7 3 128.5 139.8 445.5 249.6
008579,1.0 13 52.8 182.9 214.0 302.9 1.0 14 202.6 180.4 249.1 325.4 1.0 13 298.2 216.8 476.7 317.5 0.9 14 194.0 162.4 209.8 196.1 0.8 14 87.0 162.6 111.4 221.2 0.6 13 121.1 223.7 210.1 304.7 1.0 14 56.2 163.2 74.8 220.5 1.0 14 158.7 159.9 174.7 193.9 0.6 14 86.4 163.0 107.9 205.4 0.9 14 319.1 206.6 359.9 306.2 1.0 14 75.0 163.0 94.0 220.3 1.0 14 245.5 182.4 297.1 336.4
008580,0.9 18 67.3 142.6 417.5 288.1 0.8 18 202.8 145.0 418.0 289.9
008583,1.0 4 362.1 169.8 386.9 242.3 0.9 4 338.4 161.3 359.8 232.2 1.0 4 404.7 164.7 428.9 241.2 0.7 4 343.2 152.1 364.3 209.1 0.6 14 353.3 42.4 415.0 200.8 0.7 14 303.1 40.3 415.9 204.8 0.6 2 2.0 174.6 169.3 372.0 1.0 4 328.3 146.8 348.7 208.9 1.0 14 1.9 2.3 376.7 374.9 0.6 4 344.4 165.5 364.0 233.3 0.6 4 332.1 149.5 350.5 205.1 1.0 4 336.3 152.5 360.6 231.9
008589,1.0 2 178.0 119.8 290.0 194.7 0.8 2 181.7 90.1 358.9 190.2 1.0 2 271.6 91.4 358.8 138.8
008590,0.6 3 421.2 164.1 474.8 281.0 0.5 3 193.3 190.6 221.6 240.7 0.8 3 316.3 234.7 360.7 264.8 1.0 3 329.2 269.4 425.4 323.9
008591,0.6 4 194.4 16.5 219.0 55.4 0.7 4 100.5 9.7 129.8 64.2 0.9 4 237.4 22.2 255.8 110.6 1.0 4 256.2 1.8 292.6 105.2 0.9 4 101.3 11.0 131.4 69.0 0.9 10 1.2 5.7 332.4 497.7 1.0 4 9.5 170.6 97.6 404.8 1.0 4 104.9 38.2 134.5 126.3 0.8 15 120.9 264.7 305.1 396.6 1.0 4 220.9 22.6 248.8 116.5
008593,0.5 14 291.6 108.8 318.6 156.7 0.8 12 166.5 117.9 316.9 254.8 1.0 14 82.7 84.2 121.4 208.8 0.9 12 323.9 132.3 427.8 246.9 0.9 14 462.7 107.4 480.2 198.7 1.0 14 307.6 103.5 328.4 149.8 0.9 12 100.3 135.8 229.5 265.2 0.7 12 162.4 143.6 228.8 257.7 0.7 12 429.7 149.8 476.4 244.1 0.7 14 348.5 111.3 370.6 138.6 1.0 14 214.1 92.7 256.2 199.5 0.9 6 320.4 102.6 371.5 123.7 0.9 14 283.8 108.5 320.0 246.8 1.0 14 128.0 102.0 153.9 137.0 0.9 12 41.7 123.2 181.0 263.4 0.7 14 332.4 112.2 363.4 246.9 0.9 14 346.2 112.1 374.1 198.4 0.5 14 304.8 105.3 328.0 246.1 0.8 12 225.9 121.2 316.2 253.1 0.5 12 301.7 132.1 428.5 249.5
008594,0.6 11 42.8 0.3 498.2 312.9 0.9 11 133.4 0.6 496.7 307.1
008597,0.7 13 234.6 113.5 493.4 305.7 0.5 13 139.6 160.4 264.5 307.8 0.9 13 145.5 112.4 494.9 307.2 1.0 14 244.5 103.2 400.3 304.2
008598,0.7 16 159.2 125.6 258.9 290.1 0.7 16 322.8 154.0 471.9 320.6 0.7 16 118.0 143.2 182.0 282.5
008599,0.5 15 51.0 3.0 94.5 131.9 0.5 15 0.7 127.3 33.2 190.0 0.6 15 193.5 88.1 216.8 122.2 0.9 15 0.5 154.9 22.4 215.8 0.7 15 50.7 1.6 95.2 100.9 1.0 11 59.4 24.0 220.9 476.6 1.0 15 64.0 86.3 106.2 136.0
008600,1.0 15 119.6 1.2 212.8 123.6 0.6 8 266.1 1.5 492.7 334.2
008603,0.5 14 256.1 23.2 332.2 246.5 1.0 14 171.9 15.0 332.0 245.9
008605,0.5 12 122.8 123.7 157.4 195.4 0.5 14 122.1 84.5 162.3 184.5 1.0 14 236.9 82.6 274.5 143.7 0.5 9 147.7 127.2 192.9 224.1 1.0 14 123.8 83.9 162.3 144.2 0.6 12 211.5 130.2 296.7 229.7
008609,1.0 6 32.4 68.7 485.3 304.4
008611,1.0 19 356.4 61.7 458.0 141.4
008613,1.0 11 24.9 74.9 494.0 259.2
008614,0.5 8 120.2 179.1 324.8 315.6 0.6 17 126.7 198.0 327.2 317.2 0.9 17 119.7 176.5 351.8 240.7 0.6 8 240.0 199.3 330.6 317.0 0.8 8 53.3 196.5 141.8 310.5 0.9 10 1.7 215.5 140.3 320.9 0.9 17 56.3 175.3 355.3 318.6 0.9 8 128.6 200.4 327.1 321.6
008616,0.6 14 42.2 56.5 150.1 330.8 0.5 14 1.6 55.3 133.7 285.3 1.0 14 442.2 71.7 499.8 190.5 0.6 14 183.9 81.1 215.1 139.3 0.6 14 122.5 84.0 188.0 248.5 0.9 14 122.4 79.9 220.6 247.1 0.6 14 102.1 132.2 130.5 178.7 0.6 14 231.5 116.3 253.5 135.4 1.0 14 46.4 58.1 135.4 279.8 0.9 14 191.9 29.5 380.2 328.9 1.0 14 337.7 54.9 441.2 331.9 0.6 14 195.7 31.0 370.0 280.0
008619,1.0 14 463.8 21.8 500.4 203.1 1.0 14 288.2 9.9 343.4 98.4 1.0 14 1.0 89.3 62.0 322.2 1.0 13 53.0 32.5 445.6 329.4
008622,0.8 6 102.2 67.1 156.3 112.5 1.0 6 114.9 139.4 277.9 242.5
008623,1.0 14 136.6 163.8 223.7 347.5 0.7 13 67.3 243.3 163.2 342.3 0.7 13 96.5 202.2 125.7 231.1 0.9 13 66.8 196.9 280.7 342.5 0.9 14 277.3 198.8 289.0 225.6 1.0 6 228.7 202.0 275.3 230.3 0.9 13 174.5 199.4 280.9 330.4
008625,1.0 14 431.6 200.4 460.7 245.0 1.0 14 363.1 195.5 388.3 248.8 1.0 0 43.8 57.0 499.6 240.5
008626,0.5 15 441.0 123.4 500.2 333.7 0.5 15 440.9 124.1 499.7 264.5 0.5 8 25.5 284.2 170.9 332.8 0.9 15 438.6 123.0 499.7 305.7 0.7 8 45.3 260.9 170.7 332.5 0.8 8 371.8 162.1 429.6 237.4 0.8 8 12.8 220.6 106.7 329.5
008627,1.0 4 230.0 170.4 273.7 321.4 0.9 10 108.4 277.2 349.2 374.2 0.5 8 337.1 194.9 498.7 375.7
008629,1.0 14 1.4 3.2 332.2 498.6
008630,0.0 0 0.0 0.0 10.0 10.0
008631,0.9 2 318.8 152.9 381.1 210.1
008632,1.0 6 154.0 118.8 428.1 239.3
008634,0.8 14 255.5 232.2 278.7 270.4 1.0 14 415.2 126.4 469.6 276.6 0.7 14 304.9 232.2 323.9 273.2 0.8 14 474.1 152.1 500.0 366.8 0.6 14 189.0 207.9 209.5 254.7 0.8 14 200.6 208.1 220.1 257.4 1.0 14 284.2 232.4 312.0 279.7 0.9 14 313.3 230.6 335.5 274.2 0.9 14 252.0 232.9 276.4 271.1
008637,0.0 0 0.0 0.0 10.0 10.0
008640,1.0 2 35.3 31.6 191.3 234.3
008641,1.0 14 68.2 1.7 421.3 374.3 0.9 11 210.7 108.7 422.9 375.2
008642,1.0 14 2.2 198.0 23.3 256.2 0.8 5 25.5 124.8 466.1 292.2
008643,0.6 3 173.5 63.5 373.0 225.9 0.6 3 169.8 122.8 366.7 225.3 0.7 3 1.0 157.3 194.9 228.8 0.6 3 0.7 169.1 191.9 227.3 0.9 3 1.1 62.9 194.1 230.9 0.6 3 176.9 56.0 467.8 228.4 0.7 3 165.9 120.0 471.7 229.2
008646,0.8 17 2.3 111.6 228.4 373.8 0.9 8 2.1 114.5 226.3 375.1 0.8 11 195.5 315.6 306.3 375.2 0.8 8 312.6 70.1 493.9 272.0
008648,1.0 13 19.9 250.2 86.2 332.0 1.0 14 22.4 184.8 108.5 332.9
008649,0.7 11 1.7 2.6 499.6 374.7 1.0 11 179.6 2.5 497.5 374.6
008650,0.6 17 227.1 24.3 500.6 173.0 0.8 8 1.4 29.1 359.1 375.0 0.5 17 1.7 26.4 499.6 375.3
008651,1.0 11 59.2 38.4 271.2 336.4
008652,0.9 14 12.6 173.7 66.0 317.9 1.0 14 90.8 237.7 135.2 330.1 0.8 14 169.2 59.1 317.4 499.6 1.0 14 169.3 52.7 365.1 499.3
008656,0.9 11 1.6 97.1 285.3 332.8
008657,1.0 6 1.9 103.7 499.9 356.5
008658,0.7 6 27.6 76.8 345.3 366.8 0.8 6 153.5 84.8 346.5 367.2
008659,1.0 19 122.1 38.0 408.4 207.3
008660,0.7 19 356.2 30.1 464.8 128.0 0.8 19 270.0 121.1 446.3 190.1 1.0 19 91.7 138.4 258.6 255.7 0.7 19 56.5 247.6 295.6 351.8 0.9 19 349.0 125.9 445.7 189.5 0.6 19 269.3 128.0 352.5 188.3 0.8 19 263.1 25.1 466.7 198.5
008661,0.9 15 286.9 163.1 326.6 239.3 0.5 15 166.6 169.1 205.2 203.3 1.0 15 1.0 158.7 49.0 228.0 0.9 15 161.7 168.7 204.4 234.2
008662,1.0 2 185.1 61.0 258.1 298.3 0.5 15 67.1 2.5 288.0 299.4 0.7 15 221.7 1.2 495.2 374.4
008664,1.0 14 69.2 73.3 308.9 499.4
008666,0.6 14 220.4 2.7 374.9 346.2 1.0 14 1.5 44.5 323.4 499.8
008668,0.0 0 0.0 0.0 10.0 10.0
008669,1.0 14 446.6 148.3 485.9 261.1 1.0 14 337.1 165.1 373.1 249.5 1.0 14 167.4 161.9 207.3 251.1 0.6 0 101.4 93.4 358.3 248.8 0.6 14 249.0 186.1 273.7 236.9 0.7 0 94.0 92.3 436.0 252.0
008671,1.0 8 253.3 147.4 311.0 213.0 1.0 8 93.5 192.3 180.2 316.8 0.6 8 406.3 155.0 487.5 255.4
008672,0.7 18 34.5 157.7 311.3 190.1 0.6 18 0.9 163.1 38.5 185.7 0.8 18 37.3 158.2 311.7 188.8
008673,1.0 8 76.6 217.3 189.2 464.3
008674,1.0 14 32.9 1.0 120.4 66.4 1.0 11 79.0 68.8 498.6 373.7
008675,0.9 11 83.7 292.7 155.4 361.0 1.0 19 103.9 4.4 434.2 312.2
008677,1.0 18 3.8 32.5 480.5 276.7
008678,0.6 8 1.4 307.0 213.2 501.3 0.7 19 1.3 101.5 92.2 154.8 0.8 17 0.7 307.4 213.0 501.1 1.0 14 92.1 160.8 235.2 441.8
008679,0.6 18 0.8 140.4 46.4 203.0 0.9 18 0.7 137.9 164.2 283.2
008681,1.0 14 46.1 155.9 245.1 331.3 0.7 14 270.6 55.2 448.7 286.5 1.0 14 269.9 54.6 460.5 331.4
008682,0.9 14 81.7 41.6 143.1 137.5 0.8 14 81.5 41.7 140.8 117.3 1.0 14 47.2 50.3 93.5 210.1 1.0 6 69.1 91.1 487.8 265.1
008684,1.0 6 3.8 99.5 431.7 265.4
008685,0.9 16 62.3 62.3 374.5 323.7
008686,0.9 4 237.3 161.6 294.4 319.9 0.9 19 137.3 55.8 228.1 129.5 1.0 14 352.1 2.3 498.8 126.7 0.6 4 265.5 134.9 296.5 205.9 0.6 19 469.2 14.1 499.9 83.1 0.9 4 166.0 281.0 234.3 375.0 0.8 14 352.1 2.6 497.3 153.7 0.9 14 349.8 2.1 449.2 115.2
008689,1.0 14 191.7 1.8 229.0 116.9 0.6 13 182.4 51.4 217.6 110.7 0.6 13 413.3 35.6 466.4 94.4 0.7 14 395.1 1.4 423.3 99.7 1.0 13 412.3 25.5 499.5 96.8 1.0 14 129.7 31.0 182.0 112.9 0.8 13 85.4 89.1 301.2 267.9 1.0 14 360.5 1.6 411.2 106.5 0.8 13 85.2 131.7 300.0 266.4 1.0 14 148.9 17.2 370.0 255.3 0.8 13 85.5 83.9 371.2 268.3 0.9 13 3.9 37.5 98.5 120.7 0.7 14 396.1 1.9 427.3 102.1 0.7 13 85.2 83.3 370.9 267.1 0.8 14 277.1 15.2 370.1 253.1
008693,1.0 6 38.9 83.1 499.3 332.7
008694,0.9 14 31.7 217.8 63.2 290.9 1.0 6 385.7 179.5 499.0 241.4 1.0 14 197.5 127.0 235.0 176.3 0.9 13 180.9 150.2 244.5 195.7
008696,1.0 18 13.6 76.0 499.6 295.8
008697,1.0 4 208.5 15.6 316.2 497.9
008700,0.5 14 143.6 68.4 213.9 128.4 0.5 14 11.3 64.9 347.6 375.1 0.7 14 144.4 69.4 185.9 124.3 0.9 14 2.3 67.8 262.6 374.5 0.7 14 7.4 64.2 487.4 374.5 0.8 11 215.7 104.1 499.8 375.0 0.7 14 271.2 61.9 356.9 134.0
008703,0.8 7 193.9 80.7 328.9 235.1 1.0 7 190.8 77.7 485.1 366.1
008704,0.7 3 270.2 153.0 298.5 181.8 0.5 14 235.7 139.9 252.4 182.2 0.9 3 236.9 149.8 298.3 183.0
008705,0.9 11 125.8 79.2 301.7 266.9
008707,0.9 19 2.5 127.4 153.2 249.7 1.0 19 154.4 112.9 313.8 244.1 0.6 19 1.1 103.3 308.8 252.3 0.9 19 320.0 92.7 497.4 234.6 0.8 19 316.6 68.7 501.6 235.9
008708,0.9 6 293.9 204.8 311.0 219.0 1.0 14 118.6 177.6 257.1 375.5 1.0 14 258.4 167.8 399.0 375.5
008711,0.7 6 22.0 113.1 435.7 312.8 0.8 6 174.3 9.4 483.9 169.0 0.8 6 21.7 122.8 436.3 313.0
008712,1.0 18 116.9 115.3 429.2 256.1
008714,1.0 0 16.2 66.4 477.8 291.6
008715,1.0 14 437.7 261.3 498.8 333.2 0.9 6 78.6 125.6 308.7 252.0
008719,1.0 14 453.1 70.5 500.1 248.1 0.6 14 90.3 0.2 435.5 280.7 0.5 4 0.9 23.7 127.6 342.6 0.9 14 83.1 0.4 471.6 285.9 1.0 4 317.8 1.0 466.6 336.9
008721,1.0 14 1.4 57.6 220.6 305.9 1.0 14 175.0 67.1 487.7 373.6 0.6 17 5.2 73.6 498.6 374.4 0.8 14 300.0 68.8 489.6 374.3 0.8 14 167.8 70.7 349.9 370.6
008724,1.0 6 267.3 85.2 462.8 214.7
008726,0.7 14 195.5 113.0 224.8 177.4 0.6 5 0.1 76.8 292.3 492.2 1.0 14 276.5 3.3 484.6 500.2
008729,0.6 19 85.2 234.9 167.9 353.6 0.6 14 47.8 1.4 235.6 269.7 1.0 14 216.8 130.7 267.5 189.8 0.8 14 2.8 1.8 231.9 374.0 0.9 19 46.7 83.3 172.7 213.6 0.8 14 216.1 36.9 411.0 370.4 0.6 14 215.2 1.8 499.6 373.9 0.6 19 226.7 197.2 321.7 233.3 0.9 19 215.3 210.1 328.6 317.4 0.9 14 214.9 35.9 498.7 374.0
008734,0.7 6 231.6 9.3 281.7 67.6 0.6 6 425.8 43.3 500.1 149.5 0.8 6 82.1 26.5 287.0 181.1 0.5 13 16.4 3.9 498.6 373.7 1.0 14 61.2 23.0 79.2 69.0 0.8 14 434.0 1.2 474.5 46.2 0.8 13 77.5 4.1 499.5 330.9 0.9 13 96.6 150.0 496.5 375.6
008735,0.7 1 1.1 282.1 48.9 318.5 0.5 19 0.9 67.1 47.6 167.7 0.7 13 328.7 268.1 389.4 311.2 1.0 15 154.6 231.1 187.7 266.1 0.8 19 346.7 196.9 438.7 282.8 0.5 19 347.0 197.6 440.6 285.0 0.6 19 334.2 66.0 429.8 164.6
008736,0.9 5 351.0 89.4 501.5 290.5
008737,1.0 7 76.2 2.2 497.5 332.8
008740,0.5 14 5.2 1.4 303.5 332.3 0.8 7 283.7 2.0 498.6 259.6
008743,0.8 18 184.5 172.8 262.7 268.3 0.7 18 184.2 170.2 371.1 269.3
008745,1.0 14 57.9 149.3 125.3 277.7 0.8 1 16.5 145.3 47.0 177.3 1.0 14 235.5 147.1 307.3 374.1 1.0 13 204.4 236.0 313.6 375.5
008746,0.8 2 203.1 81.4 272.7 145.7 0.9 2 51.9 63.6 111.7 213.5 0.9 2 134.5 212.4 293.0 307.8 0.7 2 134.2 213.7 360.4 374.9 1.0 2 144.4 70.2 197.8 224.4 0.8 2 57.1 61.9 110.8 146.1 0.9 2 53.6 62.6 113.2 249.6 0.7 2 144.7 69.5 198.9 150.8 0.9 2 222.2 84.9 384.2 243.4
008751,1.0 14 236.5 140.9 265.4 182.3 0.8 14 117.5 147.7 138.6 166.9 1.0 14 380.3 76.7 459.2 313.1 0.9 14 51.2 146.6 82.6 228.9 0.9 14 53.3 148.0 77.5 183.7 1.0 15 262.2 207.4 305.9 278.8 0.9 14 96.5 155.0 157.0 274.4 0.6 14 168.0 138.2 220.4 201.3 0.6 14 1.0 164.3 39.4 237.8 0.7 14 0.9 228.2 23.8 297.2 0.8 8 1.5 326.9 102.8 374.8 0.8 14 173.5 136.4 224.3 245.5 0.5 14 237.2 140.9 265.5 201.0 1.0 14 143.9 270.9 270.9 374.1 0.9 14 346.9 111.0 414.5 299.9 0.9 14 1.2 163.6 62.4 252.6 0.9 8 103.8 333.0 252.3 375.0 0.8 15 69.3 216.2 118.8 296.9 1.0 14 219.4 199.8 267.2 255.2 0.8 14 198.5 163.4 255.5 246.7 0.8 14 81.7 147.0 109.1 179.2 0.6 14 80.7 147.9 107.4 179.8 0.7 14 1.1 162.3 38.7 213.7 0.7 10 1.2 234.9 374.8 341.4 1.0 8 273.2 329.8 400.3 375.0 0.5 14 346.7 111.5 414.1 300.7 0.7 14 115.4 146.3 141.5 171.8 0.7 14 22.0 150.7 46.2 194.4 0.8 14 143.9 151.3 210.5 281.2 0.7 14 81.0 156.6 108.8 226.0 0.5 14 351.1 83.9 458.7 310.7 1.0 14 274.7 265.4 364.7 349.3 0.5 19 318.4 127.4 369.5 178.5
008754,0.6 8 1.3 214.9 56.0 287.9 0.6 8 107.4 191.1 144.0 258.6 0.9 8 2.7 216.3 98.1 305.5 0.7 15 23.4 154.3 47.9 205.8 1.0 8 111.1 187.3 163.3 266.2 0.5 15 97.7 164.0 143.7 259.8 0.8 8 128.5 187.2 165.5 264.9 0.6 15 233.8 213.3 273.9 316.0 0.8 8 52.1 200.9 108.4 288.0 0.6 15 97.3 162.7 142.5 215.3 1.0 10 4.9 185.7 108.3 304.9 0.9 8 1.9 216.2 68.1 304.8 0.8 8 141.5 186.6 174.9 261.1 1.0 15 221.2 152.6 287.4 316.8 0.6 8 30.0 168.4 84.3 235.5
008758,0.7 9 50.1 82.4 104.1 108.8 0.8 9 115.6 165.8 287.6 291.3 0.9 9 178.5 107.2 242.1 173.5 0.9 9 26.6 140.7 131.9 218.4 0.6 9 197.5 60.7 251.6 84.8 1.0 14 345.4 50.0 457.7 319.3
008761,0.0 0 0.0 0.0 10.0 10.0
008762,0.6 11 226.5 342.9 295.1 406.9 0.5 17 0.1 286.0 81.9 376.5 0.8 17 237.8 277.0 333.0 384.2 1.0 15 35.4 185.7 85.3 297.6 1.0 14 88.1 115.1 238.8 498.6
008763,0.8 9 45.4 102.3 353.2 455.0
008765,1.0 14 385.4 116.3 484.6 350.7 0.8 1 353.2 231.2 446.4 334.6 1.0 14 1.0 23.7 44.6 82.7 1.0 1 161.6 194.3 238.4 298.9 0.7 14 149.5 123.3 184.2 240.0 0.8 1 111.7 190.5 238.4 297.4 1.0 14 177.3 107.8 235.3 283.5 0.9 1 263.9 227.7 344.7 341.5 0.7 1 113.9 186.6 235.9 297.1 1.0 1 113.3 186.0 199.3 275.3 0.9 14 150.7 124.9 180.1 196.1 1.0 14 203.0 123.7 293.1 314.3 1.0 14 309.8 154.6 399.6 299.4 0.9 1 265.7 221.0 446.7 338.7
008767,0.6 7 174.4 96.2 430.1 322.1 0.8 7 173.5 96.1 462.2 323.1 0.8 7 204.4 96.4 430.0 321.5
008774,1.0 14 99.6 97.0 246.7 375.5 1.0 14 235.4 166.2 326.9 373.7 1.0 14 313.0 92.9 428.7 374.2
008777,1.0 6 51.5 88.6 434.7 275.2
008778,0.6 14 0.9 128.4 101.0 375.2 0.9 14 1.5 2.0 179.0 149.3 1.0 4 367.2 1.4 431.2 142.4 0.6 14 0.3 2.0 177.2 374.3
008779,0.6 8 15.0 242.4 196.9 375.7 0.9 19 346.3 152.9 475.3 374.2 0.6 19 348.2 154.7 475.6 342.3 0.8 14 218.4 113.6 378.5 198.1 0.9 8 19.3 244.3 159.2 374.4 0.9 8 20.0 179.5 186.9 375.0 0.7 8 21.5 148.3 195.8 374.7 0.6 10 1.4 203.5 122.1 374.1 0.7 19 286.1 284.9 449.4 369.2 0.6 14 220.6 114.0 379.1 373.7
008780,1.0 14 436.7 214.4 498.2 332.9 0.6 14 25.3 89.3 176.8 257.9 0.9 14 155.3 96.0 264.8 279.8 1.0 14 1.4 89.7 198.4 332.3 1.0 14 151.3 94.7 402.6 333.3
008781,0.5 7 9.6 36.6 385.5 332.3 0.6 7 156.5 38.6 389.0 276.5 0.8 7 154.7 38.4 387.7 332.6
008782,0.9 5 134.2 124.8 384.6 269.8
008785,0.8 6 104.4 60.8 195.2 135.6 1.0 14 73.5 51.5 116.2 161.6 0.8 6 1.9 61.3 193.6 167.0 0.9 6 1.9 62.0 193.1 161.9 0.7 6 2.5 43.9 429.9 374.7
008786,0.7 14 200.4 149.2 218.7 173.6 0.6 12 384.0 120.0 499.6 224.2 0.9 14 54.9 148.8 85.7 211.9 0.6 9 115.2 168.6 155.9 235.5 0.9 14 118.9 151.7 146.5 182.0 0.6 14 64.9 149.0 83.4 173.0 0.7 12 54.7 160.4 113.0 240.9 0.6 12 181.2 178.7 362.5 254.1 1.0 14 227.6 132.4 275.7 200.7 1.0 14 421.6 115.2 460.9 199.2
008787,1.0 7 179.0 44.1 493.0 341.1
008788,1.0 6 382.4 277.5 500.0 444.0 0.8 5 43.9 171.2 369.0 371.5 0.9 5 44.1 170.9 409.7 371.7 1.0 6 10.0 280.2 74.5 311.7 0.9 6 221.5 255.5 410.3 372.8
008789,1.0 18 20.4 54.3 392.5 284.8 0.7 18 254.7 54.8 387.9 280.6
008791,1.0 0 11.2 112.4 488.5 224.4
008792,0.9 11 0.9 14.9 371.9 374.2
008795,0.6 16 2.1 118.2 310.7 286.3 0.9 14 285.7 2.4 439.5 301.7
008797,0.9 14 148.3 16.1 170.9 37.8 1.0 14 50.4 11.5 109.7 89.9 1.0 14 0.8 67.4 43.2 120.4 1.0 14 97.2 23.5 136.9 63.1 0.9 14 2.9 33.8 28.7 75.3 1.0 6 2.3 23.8 498.6 374.3 0.7 14 124.9 20.4 149.6 48.3 0.5 14 16.4 33.4 39.9 86.6 0.9 14 38.1 30.5 61.7 92.8
008798,0.7 18 206.9 76.2 489.6 369.2 0.6 18 256.8 76.8 491.3 367.8
008800,0.7 6 35.5 13.9 149.0 135.4 1.0 6 36.9 8.0 408.9 308.7
008802,1.0 14 118.7 14.4 193.7 110.5 1.0 12 79.7 35.4 224.9 211.6
008803,0.9 8 351.0 300.2 435.4 375.0 0.8 17 3.9 192.5 178.5 306.7 1.0 17 178.3 191.4 432.4 360.4
008804,1.0 14 118.4 11.1 184.0 130.3 1.0 12 93.6 59.5 204.4 212.8
008807,1.0 14 159.7 36.7 197.1 94.7 0.6 14 158.5 37.4 198.3 148.3 1.0 14 256.8 76.9 323.7 205.0
008808,1.0 14 35.0 20.1 125.8 200.0 1.0 14 111.9 26.7 191.4 199.5 1.0 14 183.2 43.8 263.3 199.6
008812,1.0 14 15.3 200.3 343.7 374.5 0.6 12 334.0 24.4 500.1 374.8
008816,0.8 14 46.1 55.0 455.3 373.9 0.8 14 126.8 55.0 458.5 374.5
008818,0.9 14 1.9 41.6 246.7 375.1 0.8 14 0.4 39.4 142.5 374.7 0.5 14 141.9 45.8 499.3 375.4 1.0 14 232.1 46.4 499.6 374.4
008820,0.8 3 80.4 58.0 283.0 232.3 1.0 14 150.7 175.4 278.6 395.8
008821,0.9 15 195.4 192.8 230.9 260.3 1.0 8 81.6 209.2 187.7 255.3 1.0 15 231.5 199.2 312.1 265.6
008824,1.0 6 379.2 271.2 499.8 377.3 1.0 6 455.3 140.8 500.3 169.8 1.0 13 92.9 224.9 247.7 330.0 1.0 6 128.8 145.3 214.4 211.0 1.0 14 130.8 192.8 204.7 307.0 1.0 6 213.1 145.7 325.3 209.2 1.0 6 376.0 120.1 438.3 157.5 1.0 6 314.4 147.0 423.9 209.9 0.8 6 332.1 125.0 377.5 149.3
008825,1.0 0 144.2 130.1 398.8 215.6 0.7 0 241.7 133.2 397.9 216.1
008827,0.9 11 15.4 138.7 176.7 249.5 0.9 11 211.7 167.9 399.5 271.4
008828,0.9 6 121.0 105.9 147.1 132.1 1.0 13 186.2 365.8 231.0 442.0 0.9 14 190.2 336.7 234.9 430.9 1.0 6 90.5 181.4 140.8 227.8 0.9 6 124.9 104.3 149.6 130.8 1.0 6 111.4 122.0 141.5 150.4 1.0 6 94.8 148.2 135.5 182.9 0.6 14 182.9 87.1 192.9 104.7 1.0 6 144.9 91.2 167.4 115.6 1.0 6 88.8 224.8 156.8 291.1 0.6 6 123.1 103.8 145.3 123.1 0.9 14 191.7 334.0 232.8 386.0
008829,1.0 14 161.6 45.5 216.2 101.8 1.0 14 76.6 28.5 124.1 114.9 0.7 14 398.4 58.2 427.6 150.5 0.5 14 391.8 58.8 426.5 193.0 0.8 14 381.2 60.1 403.7 128.7 0.6 14 428.4 49.7 453.5 104.4 1.0 14 449.2 16.8 500.0 222.7 0.8 14 426.2 50.6 459.1 199.4 1.0 14 123.0 71.2 161.5 105.6 0.8 14 383.3 58.7 403.9 86.2 0.8 14 428.4 50.0 450.7 72.6 1.0 14 354.7 61.4 386.2 97.7 1.0 6 35.0 61.4 401.8 249.1 1.0 14 390.2 59.3 420.9 136.1
008830,1.0 7 75.6 121.6 260.2 255.4
008832,1.0 2 217.4 161.7 287.5 225.4
008834,0.7 17 4.2 83.1 478.3 286.5 0.6 17 4.3 83.7 479.5 323.8 1.0 17 2.8 89.7 482.0 373.7
008839,1.0 1 4.4 136.6 187.7 333.7 0.5 14 14.3 13.6 68.8 238.7 0.9 14 69.7 150.9 157.5 297.7 1.0 14 98.2 46.7 231.8 247.9 0.9 14 0.7 9.8 68.0 332.6 0.6 14 335.1 53.4 427.7 222.4 0.5 14 46.0 152.3 177.9 332.2 0.6 14 1.3 11.9 186.2 333.6 0.6 14 334.0 55.0 430.9 274.6 1.0 1 295.8 144.6 454.4 321.3 1.0 1 1.5 121.4 67.6 183.6 1.0 14 333.7 55.0 450.3 312.9
008842,0.9 2 205.9 107.5 265.2 162.1
008844,1.0 14 2.2 72.8 296.7 499.8 1.0 8 102.9 168.0 339.9 499.3
008845,1.0 14 62.0 19.9 281.9 336.0 1.0 13 99.5 112.8 457.3 364.8 0.7 13 146.1 113.6 457.4 364.1
008846,1.0 7 189.7 97.9 443.2 256.6
008850,1.0 15 170.8 21.6 305.9 222.9 1.0 15 290.6 3.6 409.7 140.2 1.0 15 80.4 148.9 243.4 325.5
008851,0.6 19 39.4 161.3 121.5 278.8 1.0 19 108.3 71.4 250.1 236.8 0.7 19 343.8 42.1 500.1 230.3
008852,1.0 13 34.3 3.2 488.1 298.4
008853,0.6 9 109.8 194.7 330.3 325.8
008855,1.0 18 49.5 50.0 304.4 354.6
008857,0.5 14 25.3 74.7 144.0 206.1 1.0 14 91.5 34.6 322.9 374.8 0.6 14 26.3 73.0 203.7 375.6 0.8 14 24.1 80.0 180.9 375.2 0.8 14 90.9 37.6 498.7 375.4 0.6 14 267.5 43.9 500.0 374.5 0.9 14 169.3 42.4 499.1 375.3
008860,0.6 11 1.1 1.5 293.0 285.3 0.6 14 250.5 87.3 499.7 275.3
008861,0.9 0 357.5 224.1 390.3 263.2
008863,0.8 9 110.1 232.5 157.1 290.7 0.9 9 307.8 213.3 356.5 263.0 0.8 9 435.1 214.5 479.3 267.0 0.8 9 197.7 241.8 246.6 296.4 0.5 9 223.8 197.1 250.5 242.3 0.6 9 121.4 206.5 155.8 237.5 0.8 9 66.5 236.3 127.9 297.4 0.9 9 252.0 211.7 290.9 261.8 0.9 9 344.6 211.3 394.2 263.6
008864,1.0 14 142.6 75.7 208.0 196.2 0.7 8 1.8 191.5 105.0 325.0 1.0 14 108.2 147.5 188.3 297.4 0.5 17 341.4 154.3 498.6 316.0 0.6 14 39.1 169.1 72.8 244.5 0.7 14 144.0 75.7 214.1 243.3 0.6 14 54.4 146.7 174.8 330.0 0.8 14 55.1 147.2 169.8 321.8 0.7 14 56.4 147.7 112.5 223.2 0.7 14 47.6 172.7 165.3 327.6 1.0 14 230.4 66.4 347.7 292.4 1.0 14 331.0 107.4 465.2 325.4
008866,0.5 5 409.7 251.7 499.9 365.4
008868,1.0 14 364.1 128.3 444.7 315.3 0.5 3 35.0 223.0 390.5 293.8 0.5 3 21.5 166.0 189.1 254.5 0.7 3 235.7 126.7 427.4 223.5 1.0 3 235.7 125.7 381.0 223.8 1.0 13 314.3 191.2 408.9 324.6
008869,0.5 3 36.4 246.1 73.6 280.6 0.7 3 1.7 133.1 75.2 284.3 1.0 14 134.1 255.8 159.6 324.5 0.7 3 34.2 141.2 80.5 280.8 0.7 3 1.0 89.9 63.8 374.2 0.8 3 171.3 2.4 415.6 298.8 0.7 3 384.1 217.3 483.7 293.2 0.8 3 167.5 1.3 482.5 297.1
008870,0.9 2 134.3 147.1 293.1 332.0 0.9 2 242.5 132.6 390.3 244.4 0.8 2 134.6 145.7 294.4 279.0 0.9 2 242.5 134.1 387.5 332.6
008875,1.0 11 50.6 76.1 237.1 280.6 1.0 7 212.4 260.8 374.4 499.7
008877,0.6 4 242.6 285.8 257.7 332.7
008881,0.9 0 281.0 102.4 343.0 215.7
008882,1.0 14 87.7 72.7 239.0 306.3 1.0 12 90.6 118.7 230.9 429.6
008887,1.0 19 179.3 137.9 295.3 243.5 0.6 19 61.0 189.6 131.0 250.7 0.5 19 59.9 61.7 155.4 111.4 0.9 8 138.3 223.0 287.9 374.8 0.9 19 61.2 63.9 159.4 134.6 1.0 19 356.6 35.5 446.7 130.1 0.6 19 304.9 34.0 361.5 140.8
008889,0.9 11 91.3 90.6 343.3 335.0 0.7 8 41.0 28.0 403.2 374.9 0.6 17 39.1 28.0 401.1 369.2
008893,1.0 18 23.4 93.0 300.5 291.0
008894,0.6 14 2.6 3.0 287.1 500.0 1.0 14 2.1 3.4 499.2 500.4 1.0 4 222.4 99.9 392.9 501.0
008895,0.9 5 0.6 125.4 177.7 300.0 1.0 1 118.3 290.8 226.1 373.0 0.9 6 236.8 170.1 262.8 196.9 1.0 14 45.0 193.2 102.6 336.3 1.0 6 272.1 162.6 324.4 202.9 1.0 6 291.8 191.0 425.5 250.8
008896,1.0 6 186.5 118.1 385.4 196.2
008897,0.8 19 434.1 0.9 497.2 37.5 1.0 14 182.3 77.6 358.7 335.2
008898,0.6 11 1.4 1.9 305.9 374.2 1.0 11 0.5 42.8 302.9 375.1
008899,1.0 14 222.5 17.5 332.9 202.6 1.0 12 74.0 45.6 408.2 345.0
008901,0.9 14 325.7 139.2 343.9 181.3 1.0 13 59.0 232.5 277.2 374.7 0.9 14 133.0 137.0 253.3 302.6 1.0 14 214.4 128.7 266.3 244.7 0.9 14 258.9 124.2 336.6 343.9 1.0 14 257.9 124.3 393.3 374.3 0.6 14 261.1 124.1 336.0 237.8
008902,1.0 4 127.4 274.0 152.6 318.2 1.0 14 96.8 58.0 383.2 375.2
008903,1.0 6 16.8 152.8 57.9 174.6 1.0 6 243.4 146.4 358.8 229.4
008904,0.7 15 62.0 113.0 330.7 498.9 0.8 15 63.9 114.7 271.0 387.5
008906,1.0 7 181.2 164.8 264.6 229.9 0.8 17 2.8 196.2 500.3 375.7
008907,0.9 14 1.3 0.8 112.6 197.1 0.7 14 242.6 1.2 451.9 96.9 1.0 11 25.1 39.8 480.6 358.7 0.9 14 236.9 1.6 476.8 358.2
008908,0.9 0 1.9 2.9 499.7 253.4 0.6 0 1.1 1.6 292.5 229.5 0.9 6 224.0 90.3 417.5 257.8
008910,0.8 6 30.3 177.1 87.8 218.9 0.8 6 110.0 114.7 132.9 133.6 0.9 6 202.7 205.6 249.8 241.9 0.5 6 31.0 177.4 72.0 218.0 1.0 6 248.7 156.3 284.4 183.8 1.0 6 197.6 177.9 233.0 206.3 0.9 6 113.5 182.2 159.0 214.5 0.9 6 227.9 98.4 249.9 114.7 0.6 6 176.8 71.3 201.1 93.6 0.9 6 204.5 93.5 224.4 109.0 0.8 6 110.7 214.8 154.4 242.0 0.9 6 94.3 131.2 118.8 150.4 0.9 6 108.9 144.1 133.9 164.3 1.0 6 173.5 147.8 205.8 181.8 0.6 6 191.3 86.2 207.7 101.9
008912,0.7 16 252.1 166.6 286.8 196.0 0.9 16 285.5 180.0 320.9 239.8 0.8 16 252.5 168.3 291.0 228.9 0.8 16 25.0 161.5 276.9 332.2 0.9 16 345.0 185.8 410.5 237.0
008915,1.0 6 285.8 291.8 333.4 381.5 1.0 14 19.5 283.3 49.2 360.1 1.0 5 35.5 103.8 282.0 390.8
008916,1.0 14 203.3 74.8 298.0 259.2 1.0 14 95.2 45.0 208.8 332.5 0.8 14 202.5 75.5 306.3 332.6 1.0 14 293.6 92.7 397.1 332.5
008918,1.0 14 162.0 155.2 305.1 374.7 1.0 14 2.3 13.0 227.0 375.9 0.9 17 1.3 92.3 500.3 375.4 1.0 14 244.9 2.2 464.7 375.0
008922,1.0 8 1.3 207.0 94.4 375.1 0.7 17 362.1 163.5 499.3 368.1 0.6 8 224.1 225.8 440.4 374.6 0.6 4 386.2 157.7 397.6 189.1 0.9 14 324.6 146.9 376.7 195.1 0.9 14 257.4 146.7 374.1 210.1 0.5 17 220.6 163.3 497.9 374.2 0.7 8 226.6 225.2 441.9 374.7 0.5 17 221.6 223.5 496.6 374.9 0.9 17 224.1 223.8 443.3 374.9
008924,0.9 7 1.5 67.5 499.9 355.9
008925,1.0 4 193.0 39.4 263.3 315.2 1.0 4 391.7 40.4 485.9 319.1 0.6 4 0.7 35.9 38.4 283.7 0.7 4 0.8 37.1 46.1 303.1 0.9 4 394.0 40.8 462.1 317.4 0.6 4 77.6 36.9 164.9 270.7 0.7 4 28.2 49.9 83.7 153.7 0.9 4 76.9 38.0 159.8 311.1 0.7 4 74.3 38.1 190.4 310.8 1.0 4 364.9 56.2 413.4 272.0 1.0 4 26.4 48.9 91.0 272.2 1.0 4 149.4 61.6 190.7 245.2 1.0 4 290.4 39.2 357.5 316.4 0.7 4 30.0 50.3 81.6 149.3
008928,1.0 14 206.3 95.1 271.8 364.3 1.0 14 407.3 90.1 481.6 374.2 1.0 14 364.3 78.9 425.0 374.2 1.0 14 314.6 90.5 378.5 373.6 0.8 14 463.3 114.4 490.5 199.4 0.9 14 93.6 90.7 164.9 310.4 1.0 14 141.3 94.1 217.6 375.1 1.0 14 92.0 89.6 164.1 375.7 1.0 14 12.8 104.9 117.3 375.4 0.6 14 463.1 113.9 488.0 154.7 0.8 14 482.8 97.3 500.3 211.6 1.0 14 259.6 81.4 329.8 372.8
008934,1.0 2 26.0 75.2 218.5 343.0
008935,1.0 7 104.8 13.4 480.9 324.1
008937,0.8 2 202.7 79.6 304.3 222.4 1.0 15 1.4 1.4 265.9 333.3 1.0 2 204.3 80.4 304.6 304.5
008938,0.6 19 71.5 49.7 314.4 362.5
008941,0.9 8 419.0 228.8 499.4 333.8 1.0 8 4.9 93.6 178.7 267.1 1.0 14 163.5 71.9 334.2 324.4 1.0 14 299.9 138.5 445.6 369.4
008945,0.6 8 1.4 52.4 174.1 249.9 1.0 14 153.4 26.6 320.4 222.6 0.8 10 2.7 175.9 498.4 333.2 0.7 8 164.3 42.2 334.2 200.5
008946,0.9 19 1.5 171.7 132.0 282.4 1.0 14 241.9 145.4 356.6 305.3
008947,1.0 15 268.3 141.1 345.5 260.8 0.5 8 61.9 214.3 194.6 364.4 0.9 10 169.0 249.1 499.0 375.4
008949,0.5 6 0.5 239.5 102.0 356.7 0.6 19 231.3 1.1 494.0 202.3 0.7 19 240.0 93.6 489.0 180.0 0.9 6 0.7 178.0 106.0 356.8 0.7 19 233.7 1.4 487.0 192.9 0.6 19 242.9 96.1 485.4 177.5
008950,1.0 0 115.5 55.0 291.5 188.6
008952,1.0 14 270.4 109.9 357.1 221.5 1.0 13 269.7 118.3 360.8 238.8
008954,1.0 19 89.3 26.3 200.0 132.4 1.0 19 1.5 36.4 98.5 133.7 0.7 19 422.2 66.7 499.3 154.7 0.5 19 414.0 69.2 499.5 258.0 1.0 19 185.4 13.5 432.5 180.8 0.9 8 0.5 108.4 200.6 376.2
008956,0.9 2 56.7 26.6 366.8 333.4 0.9 2 118.6 27.7 369.4 331.4
008957,0.7 8 1.0 174.0 43.3 262.8 0.9 14 183.5 62.6 241.5 131.2 0.9 14 182.9 63.4 243.8 189.1 0.9 8 32.7 176.0 98.2 261.4 0.7 8 1.4 118.7 96.5 261.6 1.0 14 108.1 102.2 244.3 375.3 0.9 14 298.9 50.4 445.6 374.0 0.9 14 301.1 50.4 408.0 313.6 1.0 14 224.6 80.5 371.9 374.5 0.8 14 300.7 49.8 486.0 375.1 0.7 14 302.2 48.8 402.1 180.7
008959,0.9 2 271.4 215.0 379.3 277.7 0.7 2 273.1 147.3 364.8 268.1 0.7 2 105.7 69.8 371.9 374.5
008963,0.6 8 98.9 238.4 213.1 373.9 1.0 14 0.9 34.5 43.4 176.8 1.0 14 160.8 60.9 330.0 374.3 0.9 8 101.5 239.8 196.8 352.6 1.0 14 283.3 64.2 500.5 374.0
008964,1.0 14 1.1 97.6 171.1 332.5 0.5 11 100.3 100.4 499.9 333.6 0.5 11 225.2 102.2 499.0 332.6
008972,0.9 7 88.4 78.1 344.5 498.4
008974,1.0 14 3.8 140.0 210.9 375.0 1.0 14 179.7 6.9 410.4 374.6
008977,0.9 11 68.7 38.3 404.8 313.8
008981,1.0 2 123.8 96.7 350.5 368.7
008984,1.0 2 152.8 218.5 197.9 294.2 0.9 2 246.6 453.6 297.3 499.9
008986,1.0 0 78.9 122.6 401.4 288.8
008990,0.8 14 11.8 87.0 118.0 449.8 0.5 14 0.7 2.0 149.4 228.9 0.6 14 1.3 83.3 115.7 494.2 0.9 14 2.7 29.6 280.7 492.3 0.5 14 18.1 29.7 281.0 449.0
008991,0.7 19 199.2 89.3 277.5 138.2 1.0 8 114.6 190.2 282.1 366.3 0.6 8 105.6 96.3 281.3 276.0 0.8 8 107.1 95.0 281.2 363.9 0.6 4 70.2 103.3 92.7 148.2 1.0 8 311.4 247.4 479.8 374.5 1.0 19 301.7 84.5 359.7 153.1
008992,0.6 16 20.8 125.7 339.8 373.9
008993,0.9 14 175.8 127.7 290.3 375.2 1.0 14 154.4 128.8 281.6 375.2 1.0 14 249.5 83.3 374.7 375.0
008994,1.0 13 2.5 154.5 135.5 350.7 1.0 13 152.2 149.0 384.0 354.3
008996,1.0 6 336.3 137.5 375.0 199.2 0.6 7 51.1 181.0 286.4 460.5 0.6 14 192.1 97.1 345.9 231.8 0.5 14 72.9 100.4 328.0 500.1 0.9 14 190.6 99.4 337.6 499.8
008998,0.8 3 239.4 243.9 270.0 282.4 1.0 3 412.0 226.2 451.5 290.4 0.7 3 298.1 243.5 314.4 267.8 0.8 3 117.9 235.4 154.1 289.0 0.9 3 4.9 242.5 32.4 270.9 1.0 3 63.6 218.8 96.9 276.0
009001,1.0 3 99.3 70.6 191.1 416.5
009003,0.5 14 260.6 247.1 320.1 321.8 1.0 14 1.6 60.0 332.2 498.1
009008,1.0 6 295.2 37.3 326.3 56.8 1.0 13 27.3 62.6 450.0 293.8
009009,0.5 19 4.7 28.1 200.6 500.2 1.0 8 259.2 324.7 366.8 499.7
009010,0.9 8 296.9 134.4 385.0 273.5 1.0 8 107.2 70.5 168.1 224.0 0.5 19 423.8 79.7 453.7 118.3 0.9 19 1.4 0.8 70.0 71.7 0.5 19 34.1 211.7 99.1 277.5 0.6 19 382.6 216.8 479.2 311.2 1.0 8 293.5 77.5 364.8 274.5
009011,0.9 18 76.6 101.9 343.9 283.4 1.0 14 341.4 2.2 445.5 350.6
009012,0.8 14 107.0 2.0 373.2 163.1 0.8 14 241.5 2.1 373.7 168.0 1.0 4 113.0 1.5 280.9 498.6 1.0 4 297.4 25.8 367.2 213.0
009013,1.0 17 71.5 229.1 415.1 374.2
009014,1.0 14 86.2 34.3 102.6 77.4 1.0 14 116.5 36.8 131.7 80.7 0.9 11 252.2 196.4 342.7 314.6
009017,0.9 14 103.8 70.7 181.0 274.2 0.9 14 1.2 91.0 101.3 273.2 0.9 14 104.2 73.2 178.3 240.6 1.0 14 0.9 91.7 102.5 375.3 0.5 14 105.0 121.7 208.4 268.4 1.0 14 169.9 48.8 309.3 304.9 1.0 14 189.7 25.2 459.0 374.0
009021,0.9 5 25.0 50.9 283.7 435.0
009023,0.7 14 241.3 34.2 262.6 52.2 0.6 14 214.2 36.8 232.2 57.5 1.0 14 421.0 35.8 458.7 135.9 0.6 14 384.5 35.7 401.8 60.9 1.0 6 393.0 52.2 480.2 124.1 0.7 14 129.7 19.1 175.5 103.0 0.8 14 98.7 26.6 122.6 94.4 0.8 14 14.8 16.0 58.5 117.5 0.7 14 7.6 15.8 57.3 159.4 0.7 14 125.3 27.1 154.0 102.9 0.6 14 149.0 19.1 177.9 80.0 0.7 6 60.6 53.9 115.0 113.4 1.0 14 176.4 21.4 206.9 69.8 1.0 14 14.3 17.3 65.9 178.2 1.0 6 48.0 49.5 406.2 309.9 0.5 14 365.4 45.6 395.3 83.8 0.9 14 287.7 33.5 306.6 51.8
009025,0.9 11 53.4 26.4 347.5 332.0 0.9 11 51.9 26.5 384.6 332.0
009026,0.9 3 36.1 303.5 172.6 358.5
009028,1.0 1 174.4 99.6 373.1 322.0 1.0 14 158.6 31.3 317.8 252.5
009030,0.6 3 150.3 324.3 320.7 374.6 0.9 0 2.8 82.8 422.0 279.7
009031,0.9 16 130.9 96.8 151.9 116.1 0.9 16 228.4 146.6 259.7 189.5
009033,0.7 6 42.1 336.9 145.1 401.1 0.8 6 251.7 334.2 307.9 373.8 1.0 6 214.6 332.4 305.9 374.5 0.9 6 321.8 327.9 363.6 363.4 0.9 6 323.7 327.5 375.5 361.2 1.0 6 1.4 340.2 143.9 415.4 1.0 6 1.0 341.1 72.1 416.7 1.0 6 120.2 335.8 241.6 391.8 1.0 6 275.7 322.9 355.1 366.0 0.8 6 212.1 331.6 262.2 374.6
009038,1.0 5 124.2 71.3 364.9 249.4
009040,1.0 4 363.7 12.3 477.9 249.8 0.7 14 71.0 152.1 203.2 362.1 1.0 14 185.2 145.5 281.1 349.9
009041,1.0 14 164.1 71.2 241.2 242.7 1.0 13 153.6 96.3 374.7 276.9 0.8 14 233.0 46.7 268.5 103.4
009043,0.6 14 4.1 110.7 333.6 313.9 0.7 14 1.8 109.6 268.7 310.2 0.8 14 3.0 109.4 312.2 329.7 0.9 14 4.1 109.1 463.1 328.8 0.7 14 166.2 107.6 465.3 328.9
009044,0.9 14 29.9 51.9 89.7 166.0 0.5 13 321.8 69.0 499.3 255.6 0.8 14 474.5 58.0 500.2 106.1 0.8 14 463.9 58.4 500.3 160.1 0.7 14 447.2 59.1 500.3 251.6 1.0 14 74.7 64.0 110.3 123.5 0.9 14 0.7 61.8 34.7 252.9 1.0 14 332.4 37.6 442.3 151.1 0.9 14 0.9 62.9 29.8 124.9 1.0 14 24.7 52.0 92.7 260.0 0.7 14 104.0 70.7 121.9 98.9 0.5 13 42.3 34.5 494.2 293.9 0.9 13 4.1 39.7 496.2 296.9 0.6 14 115.5 71.5 133.5 97.7 0.6 14 184.8 1.7 267.4 87.3 0.6 14 376.0 39.7 441.2 160.4 0.8 14 342.1 78.6 361.0 106.9 0.6 14 68.2 70.8 84.8 90.4
009046,0.8 14 348.5 182.3 421.8 319.1 0.7 14 154.6 1.2 337.2 272.0 1.0 14 122.3 2.9 355.8 422.5 1.0 12 57.7 150.5 420.0 499.7
009047,0.7 14 238.7 10.3 264.0 57.4 0.7 14 85.7 23.4 109.0 59.9 0.7 13 302.3 58.0 384.8 172.5 0.7 13 231.7 55.6 385.0 174.3 0.9 14 411.2 10.2 446.6 165.0 1.0 14 428.0 1.3 491.7 166.7 1.0 14 105.4 1.6 166.8 176.6 0.9 14 336.1 1.1 395.1 84.5 1.0 14 408.9 10.5 445.6 107.9 1.0 14 272.3 1.3 325.4 64.5 1.0 14 180.3 0.9 245.8 127.4 0.8 14 109.1 1.6 165.8 117.9 0.9 13 1.1 53.4 380.7 331.5 0.6 13 3.3 51.4 461.7 331.7 0.8 13 305.1 58.3 385.0 172.7 1.0 14 330.9 1.6 402.5 191.2 0.6 14 161.7 2.4 188.9 114.7 0.6 14 86.8 22.6 115.1 102.5
009050,0.9 14 474.2 13.7 488.3 44.6 1.0 14 452.1 13.5 466.4 45.3 0.5 13 37.8 85.8 455.7 319.4 0.5 14 393.3 9.7 406.6 47.0 0.5 13 257.4 47.1 369.7 125.4 0.9 14 164.8 11.1 180.4 67.2 0.9 13 1.2 37.3 117.2 176.3 1.0 13 35.8 43.0 459.1 319.0
009052,1.0 14 336.6 129.5 376.2 162.3 1.0 6 212.5 105.1 465.4 282.8
009054,0.8 2 93.7 321.3 147.9 383.4 0.9 2 94.3 301.4 178.0 383.1
009055,0.0 0 0.0 0.0 10.0 10.0
009056,1.0 8 334.2 228.3 428.3 330.1 0.8 8 316.4 208.6 379.9 276.1 1.0 8 97.2 227.1 183.0 324.5 1.0 8 148.3 208.8 208.6 310.2 0.8 8 317.1 207.9 379.8 305.6
009057,0.8 7 167.0 84.1 276.9 199.2 0.9 7 164.8 82.3 426.5 322.9
009061,1.0 11 152.9 106.4 415.3 325.4
009062,0.7 15 338.1 209.0 369.9 254.6 0.8 15 166.1 214.4 194.5 261.0 0.6 5 87.4 131.5 398.2 238.4 0.8 15 282.7 215.1 312.2 258.8
009065,1.0 13 13.6 103.8 469.1 312.6
009067,1.0 14 173.3 81.1 310.0 249.1 1.0 12 97.2 101.7 436.6 449.4
009069,0.7 14 185.1 1.1 250.3 61.9 0.8 14 0.9 0.7 72.9 139.2 0.8 14 252.8 1.0 312.7 54.8 0.8 14 0.8 1.0 65.5 178.8 0.9 14 370.3 1.4 444.5 86.0 1.0 13 4.6 6.7 496.5 374.0
009070,0.6 17 88.1 163.2 369.4 362.2 0.7 19 133.3 39.3 276.5 153.5 0.9 19 0.9 85.0 45.3 229.8 0.8 14 0.9 38.5 38.6 89.5 0.9 17 87.3 161.9 427.5 361.9 0.6 14 396.3 111.8 435.7 178.3 0.8 4 357.7 80.0 380.5 178.0
009071,0.7 6 0.3 0.4 153.1 126.5 1.0 6 63.9 82.9 469.0 284.4
009074,0.8 14 194.5 92.4 269.8 193.0 1.0 12 171.9 146.9 256.5 320.5 1.0 14 193.6 92.3 270.9 272.7
009075,0.9 14 135.6 32.4 277.1 219.6 0.9 14 335.5 98.4 498.9 373.6 1.0 14 272.4 64.3 345.7 238.4 0.7 14 134.4 32.1 278.2 282.0 1.0 4 99.9 238.8 141.4 328.2 1.0 14 1.1 108.8 130.0 323.1 1.0 14 132.3 147.1 278.8 309.3 1.0 4 334.2 223.9 376.9 349.6 0.6 10 2.5 275.1 422.5 374.9 0.8 14 273.2 65.6 349.4 286.6 0.8 14 335.9 98.2 495.1 342.1 1.0 14 276.1 158.1 408.9 330.1 0.7 10 114.8 275.8 423.6 374.4 0.8 14 275.8 96.8 495.0 373.4
009076,0.9 0 2.9 143.7 500.4 375.5
009077,1.0 14 395.6 97.0 463.4 240.1 1.0 14 153.1 116.3 179.1 196.8 1.0 14 90.2 123.8 140.2 208.8 1.0 14 325.9 105.9 413.0 256.5 1.0 14 29.7 138.3 73.3 184.2 1.0 14 283.3 102.0 338.6 262.4
009081,0.5 6 78.9 59.0 462.1 319.8
009082,0.7 9 2.2 93.9 286.3 340.8
009083,1.0 0 1.9 162.3 495.4 305.0
009084,0.9 14 434.9 42.9 465.5 132.1 0.8 14 431.1 22.5 466.7 132.9 0.9 11 123.1 73.0 236.1 251.4 1.0 14 385.0 28.1 412.9 129.7 1.0 13 32.3 77.9 485.7 373.9 1.0 14 368.4 46.1 387.0 123.6
009088,0.5 14 124.4 2.6 459.7 374.4 0.9 14 2.7 2.7 457.2 374.3 0.8 14 189.6 2.7 459.5 374.3
009090,0.6 15 293.3 181.0 366.5 255.1 0.6 15 153.8 179.9 227.0 228.0 0.8 15 168.2 180.8 229.9 257.4 1.0 7 229.4 76.9 349.4 196.8
009092,1.0 14 192.2 167.9 209.3 210.0 0.9 6 402.8 170.5 433.4 225.9 0.9 5 220.8 109.8 358.2 229.2 0.8 14 208.9 162.1 223.4 209.2
009093,0.0 0 0.0 0.0 10.0 10.0
009095,0.6 8 151.0 294.6 202.6 359.5 1.0 8 36.2 420.5 184.8 499.9 0.9 10 2.8 318.5 239.7 501.3 0.8 8 134.2 283.5 202.5 355.4
009096,0.5 6 223.6 122.6 337.5 187.6 0.8 6 8.6 41.1 340.1 173.2
009097,1.0 19 1.0 66.6 116.1 228.3 0.7 4 179.2 1.6 373.5 202.0
009101,0.9 14 235.7 89.7 273.0 129.4 0.8 12 52.0 103.2 354.7 316.7 1.0 14 372.6 82.2 478.0 313.7 0.9 12 349.0 139.2 474.5 317.6 0.6 14 80.4 17.4 184.6 317.3 0.7 14 379.0 83.8 465.5 243.4 0.5 14 235.2 90.6 301.4 221.9 0.9 14 81.8 16.8 185.4 317.0 0.7 14 233.2 89.7 325.9 312.9 0.5 14 234.1 90.6 312.6 315.9 0.9 14 84.9 16.9 150.7 139.8 1.0 12 2.3 79.0 190.8 317.2 0.8 12 5.2 85.5 368.7 316.9 0.7 12 391.8 138.4 473.4 317.9 0.8 12 163.2 101.7 356.2 318.4
009102,1.0 14 2.2 153.9 255.2 374.2 0.6 14 2.4 155.7 172.9 373.7 1.0 2 308.4 155.9 359.7 209.6
009103,0.9 11 138.2 133.1 364.7 294.7 0.5 11 353.2 217.3 472.9 278.7 0.8 11 107.7 0.4 500.3 259.5
009104,0.8 2 149.3 182.3 218.0 253.2 0.6 15 2.8 1.5 467.8 374.5 1.0 2 226.0 151.9 301.6 240.5 0.7 2 225.4 152.4 303.2 295.1
009107,1.0 7 0.1 45.2 407.6 374.4
009109,0.9 19 0.9 2.9 62.8 173.2 0.9 1 305.0 238.9 356.8 319.2 0.6 8 356.8 240.6 479.1 344.5
009110,1.0 14 147.3 61.9 293.7 261.2
009111,1.0 6 457.0 176.4 494.0 197.1 1.0 5 150.5 64.6 444.2 270.1 0.8 6 149.6 221.5 297.9 269.6
009115,1.0 14 124.4 57.3 267.3 366.4 0.9 13 239.5 134.0 342.5 285.8
009118,0.7 14 140.5 156.5 263.9 224.3 0.5 8 387.8 232.1 459.1 370.3 0.5 10 59.9 243.2 277.8 375.2 1.0 17 144.6 154.7 386.0 321.4
009119,1.0 14 458.1 143.3 489.6 227.2 1.0 14 391.2 161.3 414.9 204.2 0.7 14 464.4 142.2 491.5 180.4 1.0 6 156.9 171.1 453.1 302.2 0.8 6 298.4 127.0 386.7 181.9
009120,0.7 14 303.2 123.7 322.3 140.9 1.0 3 272.9 122.3 349.5 154.5
009122,1.0 14 103.2 294.6 117.3 329.6 1.0 14 82.3 296.5 97.1 329.3 0.5 5 225.5 279.8 284.5 309.5 1.0 6 126.4 293.1 201.9 331.0 1.0 6 222.6 304.5 289.1 336.7 1.0 5 288.2 269.1 499.7 357.5
009124,0.9 18 125.5 52.2 402.6 285.1 1.0 14 218.0 187.9 288.6 320.5
009125,0.9 14 42.1 164.5 53.7 195.1 1.0 14 57.3 165.8 258.2 374.6 1.0 14 151.4 178.7 389.9 373.1 1.0 6 121.4 181.1 264.0 236.8 0.6 14 468.4 172.6 484.2 206.3
009127,0.9 14 376.1 203.9 499.9 374.9 0.9 14 339.0 206.9 476.8 374.2 1.0 14 337.0 205.2 406.7 298.0 0.9 14 418.2 202.0 499.6 374.6 0.9 14 417.3 203.7 499.5 318.7 0.5 14 392.9 214.6 424.1 301.6 1.0 14 62.3 170.1 172.5 374.5 1.0 14 1.3 136.1 105.4 374.8 1.0 14 143.9 22.6 382.4 374.1
009130,1.0 14 139.7 75.1 287.4 300.9 1.0 12 26.9 145.3 349.9 469.3
009132,0.9 7 76.4 47.9 422.5 249.7 0.9 7 76.1 48.3 422.1 306.2
009134,1.0 18 33.7 78.9 403.1 285.3 0.6 18 294.4 80.1 397.7 282.7
009135,1.0 1 75.7 100.4 431.2 320.1 0.6 2 153.1 92.6 216.5 119.4
009137,1.0 3 212.9 146.8 263.5 169.7 0.5 3 1.4 114.0 62.6 134.1 0.7 3 93.7 139.4 155.8 165.8 0.9 3 47.5 140.9 155.7 170.0 0.5 3 285.7 126.1 319.9 145.5 0.9 3 48.9 150.6 115.1 171.3 0.9 3 377.8 126.3 413.0 146.7 0.9 3 284.0 125.3 319.9 145.2
009139,0.7 14 263.3 1.3 295.8 44.6 1.0 14 401.5 2.5 500.0 374.1 1.0 14 68.7 1.9 103.5 96.0 0.6 14 16.8 1.1 39.8 38.4 0.9 14 388.3 1.9 438.2 64.7 0.6 14 424.1 26.8 487.0 81.4 0.6 13 106.6 57.3 365.4 373.9 1.0 14 0.7 2.3 49.1 200.6 0.9 14 319.2 2.4 434.7 95.0 0.8 14 160.4 5.2 200.6 78.3 1.0 14 197.2 1.3 254.6 75.7 0.5 14 96.4 1.3 167.9 90.8 1.0 14 92.6 1.3 168.1 199.0 0.6 13 107.1 49.8 411.2 374.8 0.8 14 161.5 4.5 202.0 88.8 0.6 13 107.0 56.5 374.9 373.9
009140,0.8 2 194.5 74.9 276.6 224.8 0.8 2 196.2 75.3 495.9 325.4 0.8 2 252.3 79.7 494.2 322.8
009142,1.0 11 30.0 12.6 295.5 439.4
009143,0.9 14 203.1 322.1 373.9 498.9 0.6 14 1.3 79.1 251.6 377.1 0.6 14 1.6 83.2 233.2 499.8 0.5 14 1.1 83.8 209.6 500.5 0.8 14 2.3 81.8 364.5 498.8 0.9 19 73.6 39.4 313.6 171.6
009145,0.6 13 15.3 111.5 115.1 293.5 0.9 14 57.3 66.9 98.9 133.1 0.8 13 15.5 95.8 145.7 294.5 0.9 13 26.6 46.2 384.1 362.5 0.5 14 261.8 2.2 338.8 264.8
009146,1.0 2 154.8 79.5 354.1 336.0
009149,0.7 6 190.3 93.0 497.2 329.3 0.9 14 394.3 141.8 421.7 170.2
009152,0.5 13 129.9 201.9 194.2 323.6 1.0 14 95.9 136.5 153.4 320.3 0.9 13 99.5 198.2 199.1 325.1
009154,1.0 10 26.1 111.7 462.8 319.2
009156,1.0 6 200.1 70.6 255.1 87.4 0.9 6 24.5 83.0 62.6 96.7 1.0 6 101.5 75.7 144.8 94.9 1.0 6 38.0 82.1 301.5 190.2 1.0 6 303.2 75.7 384.0 103.4 1.0 6 410.8 71.8 475.4 96.4 1.0 6 165.3 145.7 490.4 374.5 0.8 6 59.5 81.5 86.7 96.9
009158,0.7 2 1.1 169.3 210.5 375.1 1.0 2 92.5 56.7 301.5 375.0
009164,0.7 4 249.2 312.5 285.5 406.5 1.0 14 58.7 140.8 200.3 377.1 0.5 14 1.8 212.6 127.3 498.9 1.0 14 1.6 214.1 150.1 499.9 0.8 10 109.2 327.7 373.6 499.1 0.9 4 331.9 428.5 375.0 500.0 1.0 14 175.7 225.3 295.8 360.3 0.9 10 112.7 370.6 352.8 499.5 1.0 4 187.4 302.9 212.1 400.4
009165,0.8 14 435.5 0.9 497.7 142.3 1.0 19 93.7 45.5 221.7 193.0 1.0 19 211.2 55.1 359.8 177.4 0.7 14 438.2 1.1 495.2 59.9 0.8 19 237.2 162.6 361.0 239.9
009167,1.0 0 36.4 100.7 437.1 208.1
009169,0.8 16 243.8 110.4 264.4 133.1 0.9 16 215.8 109.4 237.9 131.9 0.5 16 127.2 139.8 160.5 183.1 0.9 16 396.0 134.9 437.5 194.4 0.8 16 386.1 130.7 405.3 153.2 0.9 16 364.5 140.1 394.3 191.3 0.9 16 342.1 134.6 368.9 177.8 0.9 16 104.5 136.2 153.3 184.3 0.9 16 144.9 144.5 205.3 192.6 0.9 16 82.3 164.1 120.9 196.6 0.6 16 102.2 137.2 132.9 182.8 0.6 16 159.1 138.1 183.4 153.6 0.9 16 296.2 135.3 336.5 186.1
009170,0.5 16 153.4 153.4 205.6 249.2 0.6 9 249.8 157.6 362.8 291.9
009171,1.0 14 366.0 89.5 499.4 305.5 0.9 4 301.5 197.8 335.4 284.6 0.9 14 410.3 125.4 459.3 247.8 1.0 14 108.0 130.5 152.0 205.2 0.6 14 366.7 180.4 409.5 228.5 1.0 14 241.3 118.8 310.7 201.2 1.0 14 163.1 131.6 227.0 211.7 1.0 14 1.1 122.9 43.3 265.5 1.0 14 300.2 124.6 369.7 214.9 1.0 4 260.4 180.5 276.1 226.9 1.0 14 35.2 120.3 103.5 242.1 0.7 14 428.6 125.1 459.8 190.3 0.9 10 3.2 196.9 499.1 374.7 0.7 4 304.4 196.7 330.1 247.4
009172,0.6 15 38.5 153.7 194.0 273.1 0.5 15 308.3 227.8 424.7 331.8 0.9 15 363.6 236.3 426.1 335.5 1.0 15 305.8 227.6 366.7 320.7 0.8 15 150.6 158.4 248.0 267.0 0.9 15 1.2 164.7 42.6 287.9 0.9 15 401.3 168.7 499.2 375.6 0.6 15 197.9 153.5 252.7 266.9 0.5 15 35.8 43.0 192.6 271.1 0.9 15 192.7 188.1 242.8 269.1 0.5 15 252.5 1.2 498.8 374.3 0.8 15 0.7 4.6 48.7 282.4 0.5 15 151.4 160.6 218.4 263.4 0.5 15 252.4 1.6 423.9 239.1 0.5 15 42.1 191.5 97.4 268.6 0.9 15 39.0 130.2 192.3 272.8 0.9 15 36.1 2.1 187.7 268.1 0.7 15 1.0 193.6 39.2 286.7 1.0 15 176.1 149.9 255.9 267.7 1.0 15 251.8 87.4 408.6 238.8 1.0 15 240.2 200.3 299.2 283.1 0.9 15 239.7 143.0 304.9 282.6
009176,1.0 14 164.9 48.7 453.7 364.4
009182,0.9 6 425.2 1.1 461.6 16.6 1.0 6 19.2 24.0 498.8 354.6 0.6 6 434.3 12.2 499.6 102.6 0.5 6 230.3 23.9 499.6 345.0 0.9 6 375.0 1.1 434.1 14.3
009183,1.0 7 60.3 2.1 498.8 374.5
009188,0.9 5 18.5 55.0 490.5 285.9
009190,1.0 11 108.5 61.9 495.5 454.7
009198,1.0 1 21.1 15.1 487.7 401.8
009199,1.0 11 28.4 143.3 383.4 498.8
009201,1.0 14 182.6 177.9 300.3 332.3 1.0 6 93.0 163.4 376.8 329.1
009203,1.0 18 14.6 122.1 436.8 288.6
009204,1.0 11 130.5 60.1 323.5 374.2
009206,1.0 6 129.4 126.0 450.7 249.9
009207,1.0 14 92.3 129.3 374.2 500.1
009210,1.0 6 210.9 223.5 334.8 293.1
009211,0.8 0 148.0 138.3 303.3 212.2
009216,0.8 19 86.6 109.0 368.4 333.1 0.9 7 182.7 -0.2 400.3 118.9 0.7 19 69.9 95.4 375.4 332.7
009217,0.5 19 397.5 167.6 488.8 291.5 1.0 19 61.6 9.2 325.7 200.6
009219,0.9 14 310.6 45.3 500.1 374.2 1.0 14 323.5 63.1 386.4 299.9 0.8 14 409.1 45.6 500.2 374.7 1.0 14 116.1 90.3 223.4 326.0 0.7 14 48.8 49.0 127.8 153.2 0.5 14 122.0 155.6 206.9 325.4 1.0 14 1.7 42.4 135.6 374.5 1.0 14 218.9 72.5 307.2 283.4 1.0 14 310.6 58.0 433.1 366.6
009220,0.5 18 109.9 12.7 340.8 344.5 0.9 14 64.2 226.4 85.2 245.0 0.8 18 2.2 1.9 498.0 344.5 0.6 18 112.6 1.6 498.2 343.4
009222,0.7 8 41.2 170.0 313.2 374.1 0.9 17 64.4 96.5 330.2 251.5 0.9 15 285.7 0.6 457.7 244.0 0.6 15 298.6 1.2 454.4 238.0 0.7 15 280.0 2.4 461.0 262.1
009223,0.8 14 241.5 73.4 269.8 160.3 0.7 9 60.2 199.4 229.4 311.7 1.0 14 299.0 70.7 332.6 183.2
009225,0.7 8 303.7 262.6 413.0 350.1 0.8 8 182.0 262.6 285.7 370.1 0.9 8 449.0 232.4 487.0 289.2 0.7 8 197.4 204.8 351.6 358.7
009226,1.0 19 134.2 1.9 354.4 188.7
009228,1.0 14 154.1 23.6 362.3 353.2
009229,1.0 14 423.9 48.5 499.1 243.2 0.9 14 425.6 47.7 499.1 158.5 0.9 13 32.4 138.2 111.1 234.9 1.0 14 1.1 77.8 79.6 251.6 1.0 13 320.7 115.0 498.7 255.3
009231,0.8 12 3.0 134.1 206.7 338.9 0.5 14 120.7 53.4 213.8 123.9 0.9 12 154.0 82.6 305.1 312.6 0.6 12 283.2 75.5 467.6 291.0 0.9 14 33.4 55.9 160.6 186.8 0.8 14 323.9 57.5 383.4 134.2 0.6 12 280.3 76.3 467.6 290.6 0.5 12 220.0 75.5 464.8 300.1 0.8 14 168.5 52.9 214.9 120.3 0.9 14 275.5 60.0 344.0 172.5 0.8 12 34.2 101.0 280.7 338.4 0.7 14 8.5 56.7 145.2 212.9 0.8 14 1.1 86.7 66.8 289.3 0.8 14 280.8 58.3 382.9 169.7 0.9 14 165.9 54.6 237.7 219.4 0.9 14 101.2 61.2 180.9 138.4 0.7 14 36.6 54.3 156.8 168.1 0.6 14 1.2 57.6 154.8 329.7 0.7 14 29.9 54.8 156.8 287.0 1.0 12 164.9 74.9 466.5 312.6 0.9 12 223.6 74.5 467.5 295.6
009232,0.9 2 203.4 66.9 417.7 322.0 0.6 2 282.1 110.8 418.7 258.3 0.9 2 212.9 111.2 417.8 311.7
009233,0.7 11 162.0 60.0 325.4 301.6
009234,0.7 7 31.5 104.8 211.3 256.7 0.7 7 1.6 107.6 221.4 375.2 0.9 7 2.2 107.1 331.7 375.0
009235,0.6 0 1.5 0.7 500.8 456.8
009237,0.9 14 114.2 237.9 195.9 416.8 1.0 1 224.4 203.6 277.4 310.5 1.0 1 119.0 307.8 189.0 455.9 0.8 14 170.9 147.0 234.5 298.9 1.0 14 223.5 64.0 299.4 161.4 1.0 14 116.4 174.3 201.3 414.6 0.9 14 169.7 145.4 235.2 313.6 1.0 14 226.6 133.0 291.0 277.2
009240,0.7 14 354.6 178.8 499.3 374.8 0.7 14 447.2 127.4 500.1 205.0 0.8 14 438.4 125.9 500.0 204.9 0.9 14 388.2 125.9 454.1 201.9 1.0 3 231.0 97.9 325.3 176.2 0.8 14 463.6 125.8 499.9 161.7 0.9 14 389.7 126.5 496.4 220.6 1.0 14 290.4 178.8 497.1 375.1 0.6 14 388.7 126.2 451.5 196.6
009241,1.0 6 136.0 140.4 243.4 176.4 0.8 6 52.0 144.6 88.9 157.0
009243,1.0 6 98.8 93.0 414.2 326.6
009248,0.8 11 1.8 291.6 195.9 374.3 0.8 14 74.8 33.0 328.4 374.6 0.7 14 0.8 19.2 106.3 262.6 0.9 14 1.5 32.9 319.4 374.8 0.8 14 1.1 27.4 411.6 375.1
009253,1.0 14 40.2 23.8 282.6 389.5 1.0 14 251.5 38.9 476.1 390.6
009256,1.0 7 122.5 84.6 308.5 291.7 0.9 7 119.2 83.8 488.8 331.8
009257,1.0 4 125.5 1.2 213.5 205.3 0.8 4 282.9 1.2 397.0 201.1 0.8 4 293.6 89.7 324.7 165.8
009258,0.8 14 56.4 2.0 320.9 440.2 0.8 14 55.5 -1.4 320.2 486.0 0.6 14 182.8 2.5 320.7 427.9 1.0 1 63.6 172.2 333.6 500.7
009260,0.7 18 33.5 145.1 373.9 282.3 0.9 18 1.3 146.5 419.5 284.9
009261,0.9 6 270.1 313.9 295.6 330.4
009262,1.0 0 10.3 93.7 489.3 240.1
009263,0.5 14 407.7 2.1 500.6 374.8 0.8 14 1.1 68.3 91.8 374.6 0.9 14 1.7 89.9 119.9 343.7
009264,0.6 9 0.5 48.9 247.6 368.1 0.6 9 136.4 88.8 498.0 372.4
009265,0.6 5 3.4 1.2 470.8 323.1
009266,0.7 2 86.6 84.5 300.7 375.1 0.5 2 82.0 13.9 297.5 375.3 0.9 2 84.0 3.5 432.5 373.9
009267,1.0 6 197.4 246.7 292.4 283.4 0.9 6 478.9 262.7 500.3 295.8 0.9 6 25.9 236.8 52.9 252.8 1.0 6 326.8 239.6 396.4 276.5 0.7 6 26.9 234.3 75.7 253.4
009274,1.0 19 238.9 185.1 355.1 311.2 1.0 14 2.2 53.8 330.8 374.4 0.8 14 355.3 179.1 456.3 288.4
009275,0.8 17 48.6 248.8 264.0 360.6 0.7 17 49.6 246.3 262.1 499.8
009276,0.6 14 74.4 156.0 101.9 193.9 0.5 17 -0.2 188.2 152.4 335.5 0.6 11 27.9 181.4 332.9 499.7 0.8 11 25.9 269.0 274.1 490.2
009277,1.0 13 54.8 140.6 258.6 319.2 1.0 14 133.3 103.7 253.5 318.6
009280,0.6 13 1.6 73.9 408.3 333.7 0.8 14 158.8 2.0 325.7 264.9 0.6 14 168.6 2.2 310.4 167.1
009284,1.0 14 198.5 137.4 341.7 276.7 0.9 14 200.3 197.6 227.5 250.2 0.7 14 436.0 217.0 486.4 366.6 0.6 14 450.0 241.3 475.4 273.2 0.8 14 338.6 184.1 375.6 229.8 1.0 14 443.8 214.6 485.0 264.0 1.0 14 1.1 277.5 50.4 374.3 0.8 14 376.6 203.1 403.0 227.5 1.0 14 1.0 169.7 47.6 319.0 0.8 14 163.1 172.5 184.7 202.8 0.5 14 121.7 274.9 151.4 301.8 1.0 14 97.0 183.5 133.0 284.7 1.0 14 139.2 181.5 174.0 283.3 0.6 6 45.9 257.7 500.9 373.4 1.0 14 71.3 183.8 98.3 285.5 1.0 14 160.1 187.8 210.7 274.1 0.9 14 478.2 209.3 500.1 282.2 0.6 14 111.7 176.3 138.6 283.7 0.9 14 449.1 239.6 476.7 273.7 0.7 14 197.0 138.6 448.3 277.3 1.0 6 54.8 267.5 502.6 373.9 1.0 14 413.4 205.3 444.3 246.0
009292,1.0 14 248.2 455.7 277.2 497.2 0.8 0 13.6 27.8 245.1 422.3 0.7 0 13.5 37.4 253.0 367.3 1.0 14 304.5 467.8 327.0 495.0
009293,0.8 13 2.0 2.3 266.4 447.4
009294,1.0 14 69.2 191.3 287.6 498.6
009297,0.9 14 198.0 69.7 270.9 165.8 1.0 14 398.8 74.5 500.5 211.9 0.9 4 427.7 197.3 452.5 249.5 1.0 4 401.6 165.6 428.5 242.0 0.7 4 402.5 165.8 431.1 274.1 1.0 4 328.0 150.5 357.5 237.0 0.5 14 431.0 75.4 500.1 194.2 0.9 4 427.3 197.3 452.5 246.8 0.9 14 423.9 75.0 500.4 223.2 0.7 14 106.3 66.6 301.1 329.2 1.0 4 374.5 139.4 393.4 201.6 0.6 14 108.4 66.4 302.8 309.2 0.9 14 198.1 68.9 301.6 202.9 1.0 14 108.7 66.4 301.7 354.8 1.0 14 1.2 105.1 160.4 375.2 0.8 4 443.2 123.6 492.7 225.1 1.0 10 164.7 170.8 498.0 374.8 0.6 14 397.2 73.0 484.6 190.3 0.9 4 328.0 153.1 356.4 236.6
009298,0.0 0 0.0 0.0 10.0 10.0
009300,1.0 2 69.0 154.6 175.2 366.2 1.0 2 176.5 83.5 284.7 278.5
009301,0.8 2 57.6 141.1 179.0 324.9 0.6 9 173.2 84.7 499.9 374.3
009302,0.6 13 1.1 124.1 94.6 191.8 1.0 6 43.8 128.8 460.0 305.6
009304,0.9 5 163.3 32.3 500.3 374.7 0.9 5 279.2 34.8 500.8 374.9
009305,1.0 1 22.5 39.0 404.1 314.8
009310,1.0 19 92.6 56.5 211.2 158.2 0.7 15 262.7 0.3 376.7 123.8 1.0 7 177.1 127.8 258.6 213.1 0.6 7 178.2 127.4 257.3 241.2 0.7 17 110.2 114.7 495.5 374.7
009311,1.0 8 415.1 165.7 490.7 275.5 1.0 14 0.9 31.5 66.8 336.1 1.0 8 333.5 168.1 408.4 284.8 0.9 10 303.7 158.1 452.6 277.9
009313,0.9 15 0.5 363.3 42.8 436.2 0.6 8 3.8 279.3 181.0 500.4 0.6 8 6.0 275.5 137.9 357.9 0.8 10 2.7 355.4 189.6 499.8 0.9 19 16.4 146.6 96.3 198.1 0.7 8 1.6 279.8 185.3 500.8 0.6 8 29.3 352.2 181.5 497.8 0.7 19 122.1 74.1 216.8 149.2
009314,0.9 14 218.4 252.5 327.2 398.5 1.0 14 207.2 210.9 247.8 277.8 1.0 14 60.3 230.9 97.0 348.8 1.0 14 90.4 202.9 341.5 499.7 1.0 6 178.9 191.7 308.0 330.4 0.9 14 218.5 254.1 341.5 453.6
009317,0.6 13 202.1 159.0 294.9 308.3 1.0 14 129.0 78.9 227.8 273.3 0.9 13 84.8 157.1 294.0 327.8 0.9 13 142.2 158.7 296.6 308.4
009319,1.0 19 79.7 52.0 459.7 388.5
009320,0.7 16 291.2 216.9 403.2 373.9 0.8 16 440.2 258.7 477.7 286.1 0.6 16 199.8 284.3 271.8 349.2 0.6 16 293.7 215.5 427.0 282.4 1.0 14 2.5 106.0 289.2 374.2 0.7 16 432.7 329.2 500.3 374.9 0.8 16 291.7 218.3 445.5 374.8
009321,1.0 6 31.1 56.4 479.0 284.6
009322,1.0 6 118.6 214.3 149.0 250.6 0.9 13 308.1 265.2 346.7 325.8 1.0 6 141.7 212.6 177.3 244.4 0.5 5 200.3 182.6 231.5 218.5 0.9 6 152.8 194.6 205.1 237.4 1.0 6 1.0 224.4 49.4 276.8 1.0 6 73.7 210.7 132.4 256.0 1.0 6 31.7 219.5 90.7 263.6 1.0 14 308.1 207.7 356.1 308.5
009328,0.8 14 2.3 55.3 213.2 181.1 1.0 14 260.2 1.8 424.7 318.6 0.8 14 6.0 55.6 216.7 318.6 0.6 14 1.4 56.9 170.0 183.3 0.9 14 5.4 56.6 209.8 318.8 1.0 14 143.0 63.4 289.1 254.7
009329,0.9 0 2.5 1.7 474.7 332.0 0.7 0 16.4 1.4 368.0 330.4
009332,0.5 0 4.7 59.3 300.7 192.1 0.7 0 4.4 60.0 298.1 177.4 1.0 14 158.9 285.6 235.7 396.3 0.8 13 196.6 240.4 333.6 357.3
009335,0.7 6 383.6 258.5 499.4 374.0 1.0 6 97.1 145.2 279.6 208.1
009338,1.0 13 88.9 100.5 419.1 327.0
009340,0.8 18 304.3 194.5 432.5 267.8 0.9 18 118.6 157.1 433.1 265.5
009341,1.0 6 25.7 81.2 482.9 303.9
009344,0.9 14 198.9 97.9 259.7 173.2 0.6 14 330.3 3.4 488.7 332.6 0.9 14 238.6 102.2 317.9 275.2 0.9 14 230.4 101.6 319.1 332.4 1.0 14 279.3 3.3 487.0 332.5
009345,1.0 14 187.4 70.7 266.2 314.4 1.0 14 10.1 108.2 221.1 374.9 0.9 17 1.8 110.7 499.7 373.7 0.6 17 234.7 113.5 497.8 368.2 1.0 14 293.2 85.6 461.5 374.1
009346,1.0 7 60.7 120.5 223.4 303.7 1.0 7 245.7 104.6 433.3 315.7
009352,0.9 7 249.4 130.6 379.2 254.1
009353,0.6 19 226.8 141.0 270.4 187.1 0.9 19 369.9 3.5 431.7 41.8 0.9 17 4.2 158.3 318.8 332.8 0.7 19 278.3 127.6 335.8 179.7
009355,1.0 1 13.0 28.7 453.1 315.1
009356,0.8 0 442.3 220.1 464.7 238.3 0.7 0 449.4 182.8 471.4 200.3 0.8 0 468.4 200.4 496.4 217.2 0.6 0 447.6 180.6 469.0 197.7 0.9 0 428.9 142.3 454.4 162.8 0.9 0 414.3 256.7 440.3 275.0 0.9 0 437.5 198.3 463.3 217.8
009357,1.0 19 192.3 185.8 301.6 289.2 1.0 19 372.0 154.8 499.9 299.1
009360,1.0 6 185.4 116.0 454.0 313.2
009361,1.0 13 113.0 141.5 341.2 256.0 1.0 14 155.5 103.6 271.3 251.3 0.9 14 339.5 14.6 393.5 177.5 1.0 14 378.3 36.6 424.0 172.2 0.9 14 339.5 14.3 389.4 86.8
009363,1.0 14 2.0 84.2 304.7 498.8 0.9 17 1.5 137.5 375.0 499.4
009364,1.0 14 206.0 36.6 238.0 90.6 0.8 14 172.3 28.5 225.2 93.0 0.8 14 303.9 3.1 499.6 374.4 0.5 14 9.4 23.8 317.7 364.9 0.6 14 1.4 2.3 195.5 343.2 0.9 14 285.3 32.0 309.8 67.3 0.8 14 14.0 74.3 313.4 374.3 0.8 14 1.0 1.7 150.0 372.5 0.9 14 146.2 36.9 177.0 76.2 0.5 14 14.0 79.3 422.5 375.3 1.0 14 232.4 33.1 302.2 132.7 0.9 14 268.0 3.5 499.1 374.0
009366,0.6 4 141.2 33.0 287.5 471.4 1.0 4 16.7 0.3 160.6 490.5 0.6 4 139.4 30.9 299.1 471.2 0.5 4 119.8 1.6 334.1 470.9
009367,0.9 8 66.5 241.8 112.5 290.3 0.9 17 339.4 206.8 494.9 299.5 0.8 19 438.7 105.7 499.8 210.4 1.0 15 344.9 156.7 388.8 225.9 1.0 17 148.8 202.1 318.4 279.2
009369,1.0 12 91.1 23.0 266.1 199.0 1.0 14 131.9 10.0 222.0 92.8
009370,1.0 1 53.0 198.7 240.8 363.4 1.0 14 88.0 110.7 213.7 341.5
009372,1.0 14 242.0 142.1 276.3 247.3 1.0 18 103.1 124.4 401.7 263.0
009376,1.0 14 278.1 74.6 304.6 130.8 1.0 14 240.7 72.6 274.5 173.6 1.0 14 252.1 106.2 297.1 177.1 0.9 14 446.9 143.8 490.9 222.2 0.8 13 419.6 129.0 464.1 195.4 0.7 13 418.9 128.9 460.7 194.6 1.0 14 456.1 88.5 491.0 149.2 1.0 14 170.0 150.8 206.2 178.5 0.8 14 461.0 155.7 493.5 220.8 0.5 6 437.2 111.9 462.2 140.7 1.0 14 0.8 136.0 48.7 200.3 0.9 14 478.9 84.5 500.0 130.9 1.0 6 1.0 100.8 360.1 341.6 1.0 14 338.6 94.7 374.3 237.4 0.7 14 146.5 152.1 167.3 177.2 1.0 14 299.9 102.7 346.9 189.0 1.0 6 395.5 112.4 450.0 145.3 1.0 14 300.5 72.8 348.4 123.2
009379,0.8 15 459.0 174.1 500.3 259.6 0.6 19 161.6 213.0 190.9 247.3 0.7 19 403.6 219.3 435.2 249.8
009380,1.0 14 202.8 39.6 298.3 188.6 1.0 12 94.6 72.6 402.3 357.6
009381,1.0 6 0.8 1.0 247.9 104.1 0.9 6 31.5 1.5 455.0 337.9 0.5 6 32.8 1.4 499.2 338.1
009383,0.6 7 1.8 2.1 439.4 374.5 0.8 7 1.6 2.2 499.7 374.4
009384,1.0 6 279.6 312.9 325.1 350.5 0.9 6 36.7 304.2 64.4 329.1 0.6 5 314.9 296.0 350.1 337.1 1.0 6 1.4 297.4 60.6 374.8 0.9 6 146.0 309.0 179.1 337.3 1.0 6 69.4 303.5 147.1 359.7 0.7 6 61.6 300.3 92.4 336.2 1.0 6 169.1 299.8 264.4 374.7
009385,1.0 10 2.9 23.3 497.5 374.1
009387,0.8 6 390.5 248.6 445.0 266.7 0.8 6 178.7 255.7 212.4 273.6 0.5 6 208.4 240.4 351.4 273.2
009390,1.0 2 114.2 32.2 410.0 288.2 0.6 2 115.2 23.1 430.1 333.5
009391,1.0 14 85.3 145.5 206.1 406.0
009395,1.0 2 85.9 160.1 198.1 220.8
009396,1.0 6 49.1 460.0 84.4 480.0 0.8 6 66.4 463.6 88.9 480.7 1.0 6 32.9 454.5 50.5 473.5 1.0 6 147.7 420.3 264.8 495.8
009397,0.9 19 0.9 165.0 90.8 236.3 1.0 8 102.4 188.4 191.3 287.0 0.7 17 409.6 180.6 498.9 362.7 0.6 8 384.7 214.8 498.9 372.7
009399,1.0 18 141.2 65.3 415.3 285.2
009400,0.8 12 349.3 134.8 428.1 266.2
009402,0.5 6 43.5 108.6 162.3 171.3 0.7 6 11.3 108.9 161.6 173.0 1.0 14 166.6 82.8 316.8 332.2 0.8 14 412.8 88.6 439.4 115.0
009403,0.7 7 126.3 28.4 293.2 101.8
009404,1.0 19 8.1 46.7 255.1 282.6 1.0 19 259.0 54.9 486.8 290.3
009415,0.6 14 80.6 108.8 281.8 321.2 1.0 14 466.3 150.9 500.1 263.0 1.0 14 79.5 108.3 264.1 321.5 0.9 14 26.2 109.9 105.5 320.6 1.0 14 135.1 1.8 498.4 320.4 0.8 14 469.1 162.5 500.0 264.3 0.7 14 191.6 174.4 284.7 271.2
009416,0.7 15 323.9 82.9 451.6 188.5
009423,0.8 14 256.5 261.8 277.2 300.2 1.0 14 287.8 260.7 307.7 300.4 0.6 14 229.7 261.6 248.5 298.8 1.0 3 131.2 5.1 346.0 313.8 0.9 3 411.3 208.6 459.0 231.2 0.9 3 199.2 275.6 347.4 314.4
009425,1.0 14 88.1 54.7 224.9 375.4 1.0 14 208.8 22.4 345.8 374.0
009426,1.0 6 179.2 197.0 382.7 300.4
009427,0.6 13 3.2 2.0 491.5 331.7 0.8 13 22.3 7.0 490.0 322.4
009428,0.9 14 1.9 34.4 324.0 499.3 0.8 14 62.1 34.1 325.6 497.5
009430,0.6 14 346.2 35.4 362.1 53.4 0.7 14 442.5 42.0 477.4 130.7 0.7 14 419.8 59.5 441.6 86.0 1.0 14 54.8 21.8 105.2 80.0 0.6 14 418.8 56.8 441.0 82.5 0.7 14 440.9 43.8 464.3 109.9 1.0 14 469.9 22.4 500.2 138.2 0.9 14 161.0 35.3 188.7 65.6 1.0 14 443.0 42.9 476.2 114.3 1.0 14 107.8 28.7 143.9 76.9 0.6 14 364.7 36.5 381.6 54.4 1.0 14 23.0 34.0 68.2 82.8 1.0 14 370.7 30.1 404.0 60.3 1.0 14 132.6 31.7 168.6 76.7 0.9 14 195.9 40.8 224.3 60.9 0.9 14 1.1 15.7 24.3 80.9 1.0 6 1.4 54.0 499.7 351.7 0.8 14 323.0 39.4 343.2 55.8
009431,0.6 4 74.8 38.3 257.3 497.9 1.0 4 1.5 107.5 121.0 499.3
009435,0.9 8 376.9 141.2 498.7 297.2 0.6 17 -0.2 141.4 252.2 282.9 0.9 17 0.6 141.4 252.8 324.2 0.8 17 379.7 142.9 499.1 294.4
009436,0.9 14 138.9 179.8 159.4 206.4 0.8 18 169.6 25.5 323.0 254.8 0.7 18 164.8 25.4 327.3 282.1 1.0 14 373.0 149.4 441.5 284.3
009441,1.0 14 2.1 2.2 389.7 374.8 0.6 13 4.5 273.7 499.6 374.5
009442,0.6 7 50.9 20.6 392.0 279.8
009444,0.9 8 395.0 254.7 489.0 374.0 1.0 8 134.8 276.0 218.7 374.8 0.7 8 303.1 278.8 400.7 374.7 1.0 10 254.4 295.4 401.4 375.2
009447,1.0 1 39.6 22.4 374.1 262.1
009449,0.6 11 128.6 129.3 460.3 326.7
009450,0.6 9 1.0 142.9 95.1 238.7 0.7 9 191.4 159.9 221.7 231.8 0.7 9 171.7 118.0 283.0 172.3 0.9 9 32.6 152.7 159.6 327.8 0.9 9 124.2 127.3 193.4 232.9 0.8 9 123.7 117.6 282.3 230.6 0.7 9 247.8 169.9 375.3 328.6
009451,0.8 16 122.1 46.8 190.5 96.5 0.6 16 1.0 61.3 48.0 133.1 0.8 16 140.3 101.2 349.2 328.2 0.9 16 0.9 67.5 45.1 169.0 0.6 16 1.1 44.9 44.9 68.2 0.8 16 137.4 100.8 406.6 375.5 0.9 16 410.0 63.9 468.5 89.8 0.9 16 190.3 160.0 408.6 374.6
009452,0.6 8 254.5 162.6 281.0 216.1 1.0 14 416.3 102.8 499.5 331.1 0.8 14 1.2 26.7 101.0 174.3 0.7 14 0.8 4.3 173.1 286.1 0.9 14 275.1 77.7 360.0 212.2 0.8 14 1.2 28.3 68.2 172.8 0.9 8 253.7 162.0 306.9 309.0 0.9 14 1.8 122.2 238.6 331.6 0.9 14 1.5 120.6 141.4 321.8 0.8 15 136.2 183.2 184.1 225.7 0.8 14 272.2 77.5 360.0 312.8 0.9 14 419.7 102.1 480.1 262.9 0.7 17 253.5 209.8 426.5 331.4
009453,0.8 2 1.9 148.0 354.3 374.4
009462,0.9 19 1.9 1.1 92.0 134.2 1.0 15 104.6 284.0 262.7 472.0
009467,1.0 2 1.9 43.5 93.5 140.0 1.0 2 86.9 39.2 175.7 147.0 0.9 2 92.8 203.3 298.6 342.9
009471,0.0 0 0.0 0.0 10.0 10.0
009473,1.0 14 26.8 99.2 178.7 375.8 1.0 14 182.7 89.5 343.3 375.1 1.0 14 337.4 105.8 489.3 375.1
009474,0.7 19 2.0 320.1 250.7 479.1 0.6 19 1.3 232.7 251.1 479.0
009475,0.8 14 61.6 101.2 130.6 157.0 1.0 14 174.8 94.2 248.6 147.5 1.0 6 1.9 63.6 499.7 333.5
009478,1.0 14 97.5 17.3 311.0 335.3
009482,0.7 14 249.5 93.3 270.3 130.7 1.0 14 409.5 45.6 448.2 77.3 0.8 14 428.7 99.2 487.0 148.8 0.9 14 130.2 116.7 225.0 264.9 0.7 14 221.2 94.4 257.1 156.0 0.9 14 453.1 106.3 500.2 221.7 0.7 14 424.6 100.7 487.7 209.0 0.9 14 224.8 102.8 265.0 154.8 0.8 14 187.3 103.4 233.3 175.1 0.7 14 221.1 101.4 272.7 214.0 1.0 14 1.3 16.0 245.9 292.9 0.7 15 1.4 1.5 60.8 95.9 1.0 14 1.5 152.6 142.3 374.1 0.8 14 167.3 119.2 199.5 166.7 0.5 14 454.3 102.6 485.3 149.3 0.9 14 441.7 51.1 475.2 78.0 1.0 10 57.9 138.4 339.3 375.9 0.9 14 317.2 104.8 399.4 301.6 0.9 14 186.4 103.4 269.0 215.6 1.0 14 307.0 103.8 367.3 200.3 1.0 14 311.4 123.2 499.2 374.7 0.7 14 307.6 101.1 336.0 143.2
009483,1.0 7 7.4 14.6 234.7 272.2 0.5 7 3.2 11.3 228.2 460.3 0.8 7 207.1 210.9 333.6 484.6
009485,0.8 11 2.8 6.7 449.2 373.9 0.5 11 157.3 8.8 451.3 374.0 0.5 11 144.4 150.2 452.8 375.7
009486,0.9 8 251.9 270.7 358.3 499.9 0.5 8 112.8 199.6 158.3 233.1 0.9 17 0.2 216.1 201.9 336.8 0.9 10 202.7 256.7 373.9 497.9 0.9 19 208.4 83.1 319.8 194.9 0.9 8 199.6 223.3 262.9 442.5 0.5 8 220.7 219.6 264.8 396.1
009487,0.8 17 399.3 211.6 499.0 354.6 0.9 8 74.0 218.9 190.5 374.4 1.0 14 40.1 52.3 312.4 374.4
009489,1.0 7 170.4 136.5 297.2 239.0
009492,1.0 6 100.6 64.5 484.7 243.5
009493,0.9 13 41.7 185.6 318.1 329.5 1.0 14 16.8 121.1 198.7 293.5 0.9 13 39.3 184.2 318.2 330.6
009495,0.9 13 152.8 114.5 349.8 341.1 0.7 13 1.1 155.6 50.2 311.2 0.9 13 335.3 121.5 499.1 344.5 0.9 13 26.6 115.3 202.0 332.8 0.5 13 2.0 117.8 197.1 332.5 0.6 13 278.8 120.3 499.5 347.8
009498,1.0 5 99.0 69.2 357.2 296.2
009501,1.0 18 187.1 119.2 274.9 227.6
009503,0.5 8 61.5 191.8 320.7 376.2 1.0 17 55.0 187.8 324.6 374.9
009505,1.0 14 169.9 52.7 289.1 266.1 1.0 12 101.5 107.1 337.3 413.5
009506,1.0 18 2.3 2.3 499.1 331.6
009509,0.8 14 157.9 46.1 261.5 373.8 1.0 1 231.3 43.3 464.2 176.2 0.6 1 235.5 42.2 464.2 134.2
009510,1.0 5 87.0 144.0 378.2 282.3
009511,0.9 14 230.6 65.2 359.7 324.5
009513,0.9 11 124.0 176.8 295.1 470.6
009514,0.9 14 221.7 115.2 256.9 172.3 1.0 8 93.1 149.2 157.6 289.8 1.0 8 371.6 154.6 458.7 293.5 0.5 14 373.7 117.8 404.0 163.3 0.9 10 235.3 158.0 350.0 243.3 0.8 14 285.3 224.0 498.5 374.7 0.9 14 443.5 225.8 499.6 359.2 1.0 15 239.7 71.8 322.5 169.6 1.0 8 152.1 159.1 267.2 319.4 1.0 14 193.5 114.2 260.4 292.2 1.0 15 1.3 36.1 94.0 272.6 1.0 14 166.3 116.4 202.7 164.9 1.0 14 104.6 113.4 162.7 288.8 0.9 15 91.7 73.3 126.4 115.0 0.6 15 374.7 41.4 417.0 144.4 0.9 10 229.6 157.8 375.6 301.1 1.0 14 310.0 120.8 381.1 226.5 0.7 14 180.3 120.4 204.7 161.3 1.0 14 372.4 116.9 409.9 180.5 1.0 8 284.8 164.5 397.5 312.4
009521,0.9 8 401.9 250.0 499.7 375.1 0.9 19 466.8 189.2 500.3 266.2 1.0 8 13.9 243.2 157.1 375.3
009522,0.0 0 0.0 0.0 10.0 10.0
009525,1.0 14 151.8 68.5 260.9 288.3 1.0 12 78.6 111.6 316.2 410.4 0.8 12 77.4 111.6 315.9 458.6
009529,1.0 14 413.4 169.8 499.2 290.2 0.6 15 464.3 91.4 500.4 200.6 1.0 14 315.3 170.8 433.0 351.5 0.9 14 209.9 192.1 415.0 374.4 1.0 14 181.8 88.8 276.7 309.6 0.9 15 390.7 93.7 456.9 188.6 0.5 15 278.6 106.7 386.0 339.7 0.8 14 181.2 87.3 277.1 374.3 1.0 14 40.2 125.9 103.8 309.5 0.8 14 207.7 191.3 414.3 374.8 0.9 14 261.3 189.9 415.3 374.6 0.9 14 316.8 171.0 486.1 337.5
009530,0.9 6 278.3 250.6 312.4 267.9 1.0 6 120.7 266.6 172.2 287.4 0.6 6 1.0 279.8 17.5 303.0 1.0 6 44.6 268.5 108.4 295.8 1.0 5 187.3 241.9 276.5 276.1
009534,0.8 1 316.6 256.4 431.1 329.1 1.0 14 77.8 201.0 134.8 297.2 1.0 1 68.0 239.5 152.7 301.6 1.0 14 338.6 202.5 413.4 309.0
009535,1.0 14 221.5 50.6 326.9 280.5 1.0 12 180.2 89.6 426.0 332.2
009536,0.8 15 24.0 72.9 69.2 125.4 0.8 14 83.0 85.3 108.8 115.9 1.0 14 0.8 85.6 29.9 179.1 1.0 6 58.0 61.9 500.4 354.6
009538,0.7 3 121.3 29.2 500.8 303.6
009539,1.0 14 196.9 193.0 237.9 277.6 0.9 14 85.1 201.4 105.9 258.2 1.0 14 369.0 177.2 420.9 306.8 1.0 14 321.8 182.9 368.6 301.6 0.9 14 133.0 199.6 157.7 268.0 1.0 14 435.2 167.2 499.7 320.0 0.9 14 103.0 201.0 125.5 259.5 1.0 14 264.7 171.3 343.9 324.3
009544,1.0 4 408.2 64.6 469.1 193.0 0.5 4 306.7 0.9 353.9 141.7 0.9 7 7.9 0.6 310.3 243.2 0.9 4 300.3 58.1 354.0 144.2 1.0 4 336.6 1.6 360.4 54.6
009547,0.7 4 0.9 299.8 19.6 404.7 1.0 4 113.6 202.6 173.1 428.8 1.0 4 0.9 191.0 46.9 387.1 1.0 14 45.3 8.7 350.9 318.3 1.0 4 248.1 305.3 329.0 499.3
009548,0.7 14 334.2 230.4 345.3 263.0 0.7 18 1.3 149.7 306.6 385.0 1.0 18 127.3 149.8 301.5 381.6 0.7 14 316.2 227.3 328.3 262.1
009552,0.6 14 41.2 145.1 212.0 484.3 1.0 7 69.1 32.8 297.5 491.8
009553,0.9 0 354.8 108.2 429.3 147.3 0.9 0 363.5 191.4 429.6 219.9 0.9 0 134.9 168.5 202.3 196.8 0.9 0 355.3 112.0 429.6 147.9 1.0 0 238.0 124.1 307.5 157.0 0.8 0 355.8 82.1 428.9 143.1 0.7 0 135.9 168.5 202.4 197.4 0.5 0 359.9 170.6 428.9 199.8 0.9 0 357.2 141.2 427.9 175.8 0.9 0 244.2 153.0 313.6 185.1 1.0 0 251.9 182.6 319.9 209.9 0.9 0 355.6 81.3 427.1 118.4
009554,0.5 19 376.7 1.5 499.7 67.8 0.9 14 14.0 125.1 297.5 369.0 0.7 14 9.5 124.6 188.5 369.8 0.8 19 137.6 135.9 183.3 223.5 0.8 17 241.6 199.1 495.4 365.6
009555,0.9 5 385.8 95.1 492.3 128.2
009556,0.9 14 58.1 75.4 275.9 374.2 0.5 14 97.9 106.0 270.3 373.9 0.7 14 0.9 148.2 174.6 375.1 0.7 14 1.4 78.3 271.9 375.2 0.7 14 83.8 1.9 497.7 374.4 1.0 14 197.8 2.1 498.7 374.7
009559,0.9 1 281.6 156.7 466.2 252.1 1.0 1 343.7 157.4 463.0 249.5 0.9 1 185.5 153.5 320.4 248.2 1.0 14 309.0 85.1 381.8 244.6 1.0 14 251.6 92.3 302.5 245.3 0.9 1 186.3 154.4 351.7 249.0
009561,1.0 4 363.1 329.9 381.5 375.0 0.5 15 372.3 53.7 415.6 136.0 1.0 19 84.3 82.7 197.1 187.7 0.7 19 1.0 10.9 56.7 67.0 1.0 14 123.5 72.6 367.6 373.3
009563,0.5 13 286.2 205.1 331.8 303.8 0.7 13 2.5 192.8 227.5 499.6 0.9 13 2.2 169.4 253.3 499.6 1.0 14 189.9 134.9 284.5 411.9 1.0 14 231.6 137.9 285.1 411.5
009564,0.7 6 67.1 169.8 154.7 216.5 1.0 1 114.4 220.7 214.7 314.5 0.7 6 68.8 166.8 208.7 217.7 1.0 6 207.1 172.6 288.5 213.6 1.0 14 142.4 142.8 200.1 284.4 1.0 14 130.3 147.1 195.1 286.0 0.9 6 272.3 164.8 404.3 259.2
009569,0.6 16 93.5 169.6 228.2 299.1 0.7 16 226.8 208.5 392.0 346.1
009570,0.7 4 12.4 124.4 45.1 203.8 1.0 4 74.5 91.8 112.6 216.8 0.7 4 35.4 89.2 63.3 185.3 0.9 4 12.0 89.6 46.0 203.7 0.6 4 39.4 88.6 71.1 192.9 0.6 19 1.3 45.6 152.2 257.1 0.9 4 48.2 89.3 83.3 205.4 0.7 4 33.6 88.8 57.2 134.3 0.9 4 57.0 89.4 86.1 151.9
009572,1.0 11 203.4 76.5 338.0 258.9 0.7 15 0.8 210.6 65.9 276.5
009574,1.0 14 379.5 62.4 498.7 374.1 1.0 14 137.9 81.5 275.3 372.0 1.0 14 1.1 78.0 161.7 373.9 1.0 14 264.1 62.0 399.2 374.4
009575,0.8 7 94.2 83.9 396.2 274.3 1.0 7 89.5 2.0 499.4 288.7
009578,0.0 0 0.0 0.0 10.0 10.0
009581,0.7 15 135.6 216.7 221.8 272.1 0.9 15 181.8 118.9 324.9 273.4 1.0 15 8.3 21.9 166.1 258.5 0.6 15 184.8 120.2 323.8 333.3 0.5 15 339.5 127.8 417.4 273.7
009582,0.7 2 252.6 332.5 295.3 375.1 0.9 2 96.7 252.9 241.4 339.3 0.6 17 -0.1 62.7 151.8 334.0 0.9 4 411.7 203.6 493.4 350.8
009583,0.7 14 294.2 16.6 401.0 96.4 1.0 14 1.1 2.0 321.2 332.5 0.7 8 271.6 24.2 381.6 195.7 1.0 14 248.8 1.1 499.4 251.3
009589,1.0 6 47.4 24.1 132.7 59.4 0.9 7 2.0 116.6 379.6 375.4 0.8 7 227.5 115.7 380.5 316.1
009590,0.7 6 8.0 139.8 66.2 209.2 0.8 14 227.8 132.2 255.2 158.0 1.0 14 90.2 133.6 118.1 167.4 0.8 14 1.4 136.5 19.3 204.5 0.9 6 9.2 141.0 94.7 210.0 1.0 14 45.5 135.3 76.5 187.5 1.0 6 13.3 81.4 492.3 299.9 1.0 14 118.6 138.3 140.4 165.4
009592,0.7 14 293.6 123.1 359.9 270.3 0.9 11 98.5 98.1 240.6 269.7
009593,1.0 6 170.6 172.9 393.3 271.3 1.0 14 393.1 152.4 428.5 266.3
009594,0.8 19 223.4 288.5 337.3 374.8
009595,0.9 8 187.7 54.5 258.7 199.6
009599,0.8 14 0.9 1.8 152.0 299.8 1.0 14 0.9 1.7 134.9 299.7 0.6 6 102.5 43.1 400.8 300.0
009601,0.9 14 248.3 165.0 266.1 232.8 0.6 14 380.1 167.1 398.7 258.1 0.8 14 379.4 61.7 399.0 119.1 0.9 14 378.1 151.2 398.4 256.2 1.0 14 441.1 160.4 474.7 266.2 0.6 14 244.0 163.2 262.2 232.4 1.0 14 392.8 149.6 424.0 263.1 0.6 14 389.0 59.4 410.6 114.6 0.9 14 339.3 70.8 367.2 119.4 0.9 14 304.0 167.4 325.3 241.2 0.8 14 204.1 171.4 221.0 208.2 0.5 14 366.5 61.9 396.4 121.5 0.8 14 263.1 164.7 280.4 234.9 0.9 14 245.5 164.1 263.9 233.3 1.0 6 116.4 180.4 226.6 251.2 1.0 14 1.1 129.8 128.6 338.5 0.7 14 393.7 58.6 413.9 87.9 1.0 14 366.6 153.2 386.0 252.2 1.0 14 222.4 169.4 245.2 231.1 1.0 14 470.4 159.1 500.1 270.7 0.8 14 259.8 165.0 276.9 234.0 1.0 14 276.5 161.7 301.3 238.7 1.0 14 313.8 151.6 361.7 247.0 0.9 14 306.8 168.2 325.9 234.0 1.0 14 302.6 169.0 325.7 243.3 0.6 14 363.9 67.5 384.5 119.8
009602,1.0 15 331.8 102.6 464.3 248.9 1.0 15 1.5 1.4 178.1 196.5 0.8 15 277.6 248.7 403.1 373.7 1.0 15 176.0 35.1 334.6 167.5 0.8 15 116.7 113.2 231.2 239.9 1.0 15 27.0 200.1 150.8 328.5 0.8 15 230.8 153.0 343.6 267.3
009604,1.0 11 51.0 12.5 374.4 496.5
009606,1.0 15 87.8 223.0 141.6 278.1 0.9 4 234.3 436.5 267.9 500.1 0.9 8 263.5 374.9 374.6 500.5 0.8 8 176.5 306.9 300.4 500.0 1.0 8 81.7 327.9 226.3 500.4 0.7 8 245.6 302.3 298.3 343.3 0.6 15 0.6 311.9 44.9 460.4 1.0 15 175.4 303.4 238.9 352.3 1.0 10 80.9 328.1 372.0 500.2
009607,1.0 2 124.9 124.3 368.3 250.6 0.9 2 176.9 210.6 459.2 356.6
009608,1.0 2 158.0 69.4 273.3 220.4
009610,1.0 14 14.1 28.3 278.3 493.9
009612,0.9 14 17.4 103.5 277.1 500.6 1.0 14 17.6 103.8 345.1 499.3
009616,1.0 2 199.3 93.7 342.0 282.2
009622,0.7 15 406.5 144.7 449.9 218.3 1.0 14 81.7 57.3 279.9 333.1 0.7 14 251.5 108.7 421.7 333.0 1.0 14 250.8 107.2 472.4 333.0
009624,1.0 11 204.9 58.6 274.1 210.0
009625,1.0 18 48.0 93.8 278.7 439.5
009626,1.0 4 349.7 320.0 377.6 375.1 0.7 14 250.5 175.4 417.7 286.7 0.8 14 34.2 143.2 281.0 268.1 0.8 4 140.1 342.3 166.4 375.0 0.7 14 37.1 143.1 417.2 278.2 0.9 14 249.6 174.6 427.0 280.2
009628,0.8 14 1.3 124.9 114.8 373.6 0.9 14 88.7 123.4 222.8 371.8 1.0 14 1.0 124.5 113.1 324.9 0.9 14 129.6 112.9 368.7 374.0 1.0 14 214.4 114.2 369.0 374.1
009630,1.0 15 334.5 100.7 366.4 142.7 0.7 4 443.0 198.3 468.1 262.7 0.8 15 390.3 83.7 422.5 144.6 1.0 15 293.6 96.3 333.5 139.5 0.5 4 49.6 159.0 70.7 214.3 0.9 4 48.8 146.8 70.5 212.9 1.0 15 371.2 91.5 422.9 146.2 0.6 8 342.0 158.6 406.0 308.6
009631,1.0 8 404.9 165.6 475.6 248.2 0.8 19 77.9 139.6 116.4 173.4 1.0 8 35.5 175.7 103.9 263.1 0.6 19 440.4 144.9 474.9 173.0
009632,0.9 19 202.2 16.0 299.1 142.3 0.8 14 77.2 188.2 102.2 223.3 0.9 19 358.0 196.8 424.0 257.9
009633,0.9 4 1.6 206.4 17.9 253.4 1.0 14 369.7 88.8 500.2 274.4 1.0 14 302.3 87.5 401.3 182.2 1.0 14 109.6 165.1 167.7 253.5 0.7 4 0.7 208.0 13.9 254.5 0.9 14 18.6 182.4 45.3 250.0 1.0 4 105.0 203.1 122.4 254.1 1.0 4 79.3 203.9 95.2 255.2 1.0 14 26.9 169.8 95.2 249.0 1.0 14 154.8 35.0 393.4 276.1
009635,1.0 17 9.7 378.6 253.3 492.9
009639,0.9 13 9.4 19.0 302.1 325.4
009640,1.0 7 152.3 111.9 367.6 230.1
009642,0.9 2 163.3 178.8 214.8 235.3
009643,0.8 6 190.6 212.7 210.3 226.3 0.6 19 1.4 337.3 102.4 500.4 0.6 6 321.2 207.1 334.7 219.7 0.9 14 80.2 272.6 141.4 368.7 1.0 6 342.5 213.8 368.3 236.2 0.9 5 215.6 193.0 301.5 249.5
009645,0.6 15 126.5 4.3 204.7 220.9 0.9 4 194.3 188.5 274.3 325.6 1.0 4 221.8 3.4 286.7 278.6 0.8 15 126.6 2.6 202.7 284.1 1.0 4 303.8 4.7 371.9 238.3 1.0 4 33.7 128.4 121.8 295.8 0.5 2 303.9 225.6 395.9 281.1
009646,1.0 7 59.8 81.7 312.1 374.6
009648,0.6 14 267.4 3.1 375.3 500.1 0.9 14 41.6 170.4 102.8 455.9 0.9 14 117.3 2.5 374.2 499.6
009651,0.5 14 3.4 19.6 296.0 374.3 1.0 14 1.7 19.4 394.3 373.8
009652,0.5 6 0.6 2.1 315.8 270.0 0.9 6 1.4 1.7 316.2 303.7
009653,1.0 14 129.0 84.9 315.4 373.8 1.0 14 1.3 37.0 167.8 374.8 0.9 14 293.8 20.0 499.7 373.2 0.8 4 205.2 294.9 294.9 366.6 0.9 14 235.0 19.3 499.8 373.0
009657,1.0 13 46.3 113.9 318.9 351.7 0.6 14 185.4 64.2 301.7 301.8 0.7 14 182.5 63.2 302.4 336.4
009660,0.5 11 207.4 223.1 333.2 371.4 0.7 14 68.9 202.1 213.7 398.1 0.6 14 70.8 155.3 232.0 393.3 0.6 14 15.0 204.7 198.2 414.8 0.8 14 17.2 154.6 333.4 411.8 0.9 17 83.3 175.6 372.0 496.6 1.0 14 177.9 152.4 335.1 324.8 0.7 14 177.3 153.1 333.2 376.1 0.6 14 176.4 154.7 254.4 330.2
009661,1.0 14 212.5 36.9 304.8 177.6 1.0 12 1.8 57.3 402.0 355.2 1.0 14 42.7 90.5 73.3 214.3 0.8 12 62.8 57.4 403.3 354.9
009662,0.8 8 1.8 269.4 102.4 374.7 0.6 8 356.4 200.1 460.9 337.9 0.7 8 116.4 262.2 212.4 314.2 1.0 10 72.4 276.4 500.2 374.3 0.9 8 353.8 198.6 456.9 285.6 0.6 8 26.4 272.4 106.5 353.1 0.9 8 1.6 268.3 74.9 374.5 0.7 8 162.4 231.8 232.8 304.7 1.0 8 222.9 209.7 346.7 295.9
009663,0.8 15 166.0 111.7 222.5 188.8 0.7 10 119.1 171.0 265.3 229.9 0.5 19 400.8 3.1 488.0 94.0 0.8 8 1.0 174.4 100.8 297.1 0.5 17 240.1 113.0 497.7 277.3
009665,0.7 12 195.2 146.1 327.4 247.7 0.8 12 340.7 117.1 498.8 275.4 0.8 12 78.4 168.8 129.1 253.8 1.0 14 119.2 143.9 158.4 257.3 0.8 12 81.4 167.9 119.7 254.0
009669,0.9 7 0.8 1.7 482.5 332.2 0.5 7 166.0 1.1 477.5 328.7
009672,0.9 7 411.6 73.9 499.9 210.0 1.0 7 149.7 109.2 448.1 375.0
009673,0.7 14 43.2 11.8 159.8 177.8 0.9 13 5.1 55.6 215.4 201.8 0.6 14 61.3 11.7 160.8 120.5
009674,0.8 14 229.8 132.0 263.6 168.0 0.7 13 77.2 120.9 291.2 448.6 1.0 14 101.7 125.7 154.1 292.4 1.0 14 1.0 137.7 75.4 374.8 0.8 13 74.7 118.8 306.4 448.2 0.6 13 69.6 117.7 332.0 449.6 1.0 14 226.6 127.3 312.4 401.0
009675,0.9 6 81.6 55.9 498.8 269.5 0.9 6 82.5 21.9 500.2 283.0
009677,0.8 13 86.5 53.4 252.6 306.6 0.6 13 351.0 1.8 461.9 70.9 0.9 13 84.3 26.5 417.7 315.6 0.7 13 311.4 1.8 462.0 74.2 0.7 13 86.3 82.5 393.1 313.0 0.5 13 266.5 22.9 453.3 317.4
009680,1.0 6 1.0 113.1 84.2 266.0 1.0 6 39.4 94.2 416.9 336.6 1.0 14 316.7 81.1 388.9 167.2
009682,1.0 18 2.2 109.8 401.4 272.4 0.8 18 339.7 114.7 501.4 190.0
009683,1.0 6 70.7 170.0 90.1 189.6 0.7 6 0.8 170.2 21.6 185.7 1.0 5 86.6 109.4 431.6 271.9
009688,0.7 6 383.8 100.9 493.0 213.0 1.0 6 100.5 4.6 330.7 140.6 1.0 6 37.7 106.6 394.4 374.3
009689,1.0 19 234.7 48.6 329.4 137.5 0.9 8 259.6 291.5 424.8 374.7 0.9 8 257.6 161.5 443.9 375.0
009690,1.0 8 346.3 195.2 410.1 296.9 0.7 8 369.6 178.7 439.6 295.0 0.9 10 255.6 207.9 397.9 330.9 0.7 10 259.1 207.1 395.6 315.9 0.9 8 238.2 193.3 321.0 332.9 1.0 8 245.9 231.0 320.5 333.1
009694,1.0 14 58.7 302.5 78.8 334.9 0.9 6 380.7 302.4 419.2 346.6 1.0 6 177.7 306.1 274.4 345.9 0.6 2 92.6 95.8 116.7 135.0 1.0 6 335.8 301.8 417.2 347.7 1.0 6 268.2 308.4 344.2 349.4
009696,0.8 2 230.8 2.3 496.0 286.3
009697,0.6 14 427.2 57.4 499.8 373.5 0.8 19 1.8 185.9 64.7 261.5 0.9 14 3.3 2.6 314.7 374.3 1.0 14 3.0 2.3 497.5 374.5 0.7 19 52.7 178.9 110.9 238.6
009701,0.9 3 396.0 149.7 418.5 197.3 1.0 6 84.7 133.3 312.9 222.9 0.7 3 361.0 138.5 376.6 170.8
009704,1.0 14 393.6 200.8 435.4 285.0 1.0 14 365.4 180.2 383.7 245.9 1.0 14 161.9 188.8 193.5 288.4 0.7 5 188.2 124.8 271.0 240.3 1.0 14 120.2 196.4 150.2 285.8 1.0 6 306.7 185.2 353.1 212.7 1.0 14 78.5 188.3 105.7 267.0 1.0 5 45.5 127.3 270.6 244.9 1.0 14 386.2 189.1 404.0 255.6 1.0 14 444.3 183.1 465.6 252.4 1.0 14 483.0 189.3 500.1 256.9 0.7 6 263.3 183.1 352.6 215.1 1.0 14 416.3 171.4 439.5 228.9 1.0 14 227.4 192.9 257.2 265.0
009705,0.8 13 439.6 21.4 500.1 138.0 0.5 14 416.8 0.9 441.6 39.9 0.5 13 343.2 9.2 424.2 95.4 0.9 6 245.8 0.8 389.5 42.1 0.8 6 442.8 1.2 499.8 31.1 1.0 13 53.9 28.0 459.4 252.2
009708,0.6 8 242.6 206.0 459.3 374.7 0.7 8 247.2 187.3 468.0 374.9 0.9 17 2.6 127.6 216.3 324.6 1.0 14 32.1 100.2 187.9 238.7 1.0 14 177.3 106.1 435.4 375.3 0.6 8 242.0 213.8 447.4 375.2 1.0 8 291.7 196.8 466.2 374.1
009714,0.7 14 26.3 407.4 39.2 442.3 1.0 14 0.6 407.1 16.3 449.9 0.7 14 10.9 406.2 22.4 447.2
009715,0.8 8 18.5 163.5 303.8 374.0 0.7 14 262.4 124.6 292.7 156.5 1.0 14 197.1 127.6 377.1 374.3 0.9 14 31.3 98.0 203.0 375.1 0.8 14 294.5 124.0 412.6 234.9 1.0 14 36.0 99.8 291.4 374.6 1.0 14 196.7 127.0 428.2 374.4 0.6 14 293.6 125.5 453.3 279.3 0.6 10 401.0 236.5 499.4 374.4 1.0 14 294.1 124.9 438.1 374.5
009716,0.7 2 80.0 116.8 300.8 289.9 1.0 2 78.5 117.3 303.1 330.1
009720,0.9 7 2.0 31.6 308.3 374.3 0.9 7 155.6 29.1 310.8 258.5 0.9 7 155.5 18.2 497.7 374.6 0.8 7 294.8 3.3 499.3 374.5
009722,0.8 6 183.3 280.0 330.0 376.7 0.5 6 197.9 282.1 330.0 376.5 0.7 12 94.8 158.4 186.7 361.7 0.8 14 167.0 243.1 199.7 345.5 0.8 12 100.1 178.7 185.9 364.6
009723,1.0 6 1.1 30.3 103.9 118.9 0.7 6 441.7 37.6 500.0 90.4 1.0 6 90.7 23.2 171.9 48.0 0.6 6 1.1 67.2 385.3 365.5 0.9 6 63.2 19.8 111.6 43.2 1.0 6 1.4 67.5 499.8 367.0 1.0 6 374.5 28.2 500.0 90.8
009725,1.0 1 5.1 225.9 130.4 350.2 0.8 18 172.3 29.3 499.1 363.9
009727,0.0 0 0.0 0.0 10.0 10.0
009728,0.9 14 443.9 270.3 462.0 286.7 1.0 3 214.5 43.3 250.9 180.3 1.0 14 350.8 245.6 391.5 283.5
009730,1.0 14 194.8 64.2 306.3 225.5 0.9 1 137.0 76.5 424.8 375.8 0.9 1 236.1 74.3 427.4 303.8
009731,1.0 2 76.9 71.3 337.3 278.4
009736,1.0 14 36.3 3.8 332.4 498.3
009739,0.9 14 66.4 160.2 239.7 500.0 0.5 14 66.1 161.2 212.3 501.3 1.0 14 147.5 67.9 351.4 500.0
009740,1.0 6 175.1 152.5 302.1 236.8
009741,1.0 8 1.0 219.3 46.1 324.6 0.9 15 101.9 213.4 130.9 272.9 1.0 8 115.6 235.4 200.1 361.6 1.0 14 137.7 182.1 205.8 290.1 1.0 14 187.8 200.4 220.1 251.1 1.0 14 188.9 72.1 422.6 373.0 0.7 15 42.7 211.1 71.7 273.6
009742,0.8 14 259.6 1.5 325.5 72.3 0.7 14 1.9 2.3 144.6 137.2 0.7 14 343.9 1.1 390.7 74.5 0.6 14 262.1 0.8 391.1 72.5 0.7 14 347.9 1.7 393.3 145.0 0.8 10 1.5 80.1 498.9 432.9
009744,0.9 14 1.0 0.6 118.3 198.5 0.8 14 259.9 0.8 345.2 208.7 0.9 11 50.9 65.7 155.6 238.1 1.0 11 350.9 89.7 454.9 220.4
009750,0.7 15 339.2 251.0 401.7 375.7 1.0 15 127.1 157.0 185.7 357.7 1.0 15 12.2 171.8 49.5 331.5 0.8 15 189.3 211.8 258.2 362.4 1.0 14 39.0 221.2 104.6 375.0 1.0 15 337.6 151.4 400.3 376.7 1.0 15 207.5 309.4 273.9 373.0
009751,1.0 18 93.6 31.8 398.0 330.2
009752,0.7 8 123.3 158.6 381.1 374.2
009753,0.8 7 117.5 173.4 232.8 259.2 0.7 7 163.6 151.2 226.5 204.7 0.8 7 161.9 151.5 237.8 212.3
009757,1.0 6 7.7 67.9 490.0 249.1
009759,0.9 2 1.9 0.6 431.5 325.1 0.8 2 4.5 84.4 431.2 320.6 0.9 2 267.8 85.1 434.0 322.0
009760,0.9 9 87.4 107.6 496.5 373.1
009765,1.0 7 110.7 56.1 329.1 345.8
009766,0.7 15 399.9 39.4 455.3 126.2 1.0 14 87.7 26.9 393.4 438.7 0.7 14 87.9 28.9 499.0 438.7 0.9 14 248.1 80.9 500.5 345.0 0.7 15 334.2 1.5 455.3 128.7 0.7 14 245.7 81.6 500.4 425.1
009768,0.6 9 196.2 166.8 236.2 232.2 0.7 9 224.8 169.6 252.7 232.7 0.7 9 122.6 162.2 202.3 238.3 0.6 6 83.1 155.6 127.2 172.6 0.6 9 50.9 170.8 105.3 234.6 1.0 14 352.7 95.6 410.3 214.1 0.9 12 345.2 133.1 423.4 253.5
009769,1.0 17 40.5 161.8 467.9 342.4
009770,1.0 6 69.7 274.7 399.4 372.2
009771,0.6 14 76.7 94.9 93.1 128.8 0.8 9 91.5 171.0 434.2 325.7 0.9 9 158.4 208.4 444.7 375.5
009775,1.0 2 36.1 61.7 176.3 429.3 0.8 2 35.1 59.2 203.0 431.3
009777,1.0 6 1.1 192.3 76.7 260.4 0.6 6 192.8 176.4 290.7 234.8 1.0 6 337.9 189.3 438.1 231.4
009779,1.0 6 383.7 184.0 489.8 306.4 1.0 14 258.2 134.2 303.4 235.6 1.0 6 95.4 188.9 316.6 328.6 1.0 14 306.6 138.0 353.4 281.0 1.0 14 350.6 141.9 397.1 295.1
009782,0.5 15 12.5 3.0 206.9 89.0 1.0 8 1.8 244.9 74.8 374.2 1.0 4 331.0 251.5 355.5 329.6 1.0 14 111.7 141.0 182.3 218.8 0.6 4 427.4 235.5 443.7 295.5 1.0 14 459.0 158.7 500.0 289.0 1.0 4 417.5 234.3 438.2 305.9 0.9 14 95.2 94.5 168.9 213.7 0.8 4 416.6 233.2 434.2 280.2 0.7 15 115.2 14.9 189.6 62.2 1.0 14 360.7 94.9 399.8 154.7 0.9 14 97.0 95.5 168.1 178.1 1.0 14 2.2 146.9 240.0 374.5 1.0 10 159.0 220.6 498.1 374.4 1.0 14 212.2 138.1 301.9 228.5 1.0 14 320.4 149.5 408.0 241.9
009783,0.9 14 184.4 116.3 307.4 309.3 0.6 14 186.0 115.7 307.6 276.1 0.6 14 2.5 56.5 244.7 330.8 0.6 8 70.3 141.5 188.3 222.8 0.9 14 184.2 115.5 497.1 325.4
009784,0.9 18 3.0 95.6 445.4 369.9
009786,0.9 7 87.1 73.8 290.0 211.6 0.6 15 0.9 24.7 105.4 266.9 0.9 11 274.3 1.7 493.4 273.6
009787,0.9 15 0.4 1.6 142.2 332.9
009788,1.0 1 61.6 60.5 488.0 336.4
009791,0.5 18 222.2 224.7 431.5 347.0
009793,0.5 3 36.5 1.1 439.8 353.3 0.9 3 33.9 70.9 442.8 352.9
009795,1.0 19 95.0 160.5 191.7 224.3
009798,0.9 8 288.3 235.1 439.1 374.6 0.9 14 325.9 126.0 459.0 374.1 0.7 8 426.4 121.4 491.8 224.5 0.6 14 425.1 92.9 500.1 226.1 1.0 14 68.7 137.6 164.2 296.1 1.0 14 117.5 130.2 193.2 279.5 0.9 4 167.5 202.1 190.5 281.3 0.7 14 443.9 76.6 458.8 108.5 1.0 14 11.4 153.8 118.3 351.0 1.0 10 55.3 206.7 328.5 367.5 0.8 8 369.7 227.4 457.1 373.4 1.0 14 282.6 121.6 384.4 310.1 0.7 14 280.5 122.2 383.1 374.6 1.0 14 279.5 125.1 458.5 374.2
009799,0.7 11 1.6 22.9 500.0 333.4 0.5 11 2.1 23.9 498.3 331.7 0.9 11 65.1 21.5 500.8 331.7
009802,0.7 11 48.6 267.4 181.2 374.0 0.9 11 49.7 112.0 262.8 375.1 1.0 14 173.2 23.6 427.1 369.5 0.8 11 74.7 112.1 267.0 281.2
009803,1.0 14 183.7 82.1 242.7 206.5 1.0 12 131.0 124.3 308.3 239.7
009804,0.7 14 399.7 134.8 417.0 173.1 0.8 14 398.5 134.9 419.3 202.2 0.6 14 453.8 130.9 474.1 219.0 1.0 14 453.3 130.0 493.3 225.0 0.7 14 198.1 134.7 214.7 154.5 0.5 14 424.9 131.7 450.7 202.6 0.6 14 131.5 134.9 148.1 151.0 1.0 6 16.2 135.4 388.4 326.3 0.9 14 379.8 131.4 400.7 162.4 0.8 14 155.2 136.4 176.7 172.1 0.9 14 359.6 131.6 380.0 160.9
009806,0.5 6 85.7 210.8 110.9 232.2 0.7 6 399.5 205.3 413.5 235.6 0.6 6 454.7 202.4 473.6 214.1 1.0 14 8.3 193.9 35.7 267.7 0.7 6 102.3 187.9 129.5 230.5 1.0 14 280.4 178.0 308.0 205.0 0.8 14 205.1 182.0 227.3 204.9 1.0 5 184.9 43.6 402.4 304.6 1.0 6 34.9 202.7 97.8 234.9
009811,0.8 3 1.5 39.5 368.4 194.0 0.6 3 297.4 103.1 500.2 192.2
009812,1.0 14 4.3 201.3 180.3 499.5 1.0 10 102.0 334.6 327.3 490.8
009814,0.9 7 142.2 65.9 342.8 302.7
009815,1.0 8 28.8 215.9 162.2 356.1 0.6 15 127.8 207.4 275.5 354.8 0.9 8 243.0 200.9 384.8 356.4 0.7 8 133.8 234.2 267.8 356.0 1.0 8 27.6 183.6 161.9 356.1 1.0 10 18.7 212.5 430.6 356.1 1.0 8 348.8 256.6 469.5 355.7 0.7 15 297.3 117.7 420.0 252.6 0.9 8 139.8 186.6 263.4 355.3
009817,1.0 2 145.1 137.5 449.2 375.1
009818,0.9 16 316.8 227.8 347.4 253.7 0.9 16 18.4 202.2 43.0 221.2 0.9 16 68.1 205.9 89.6 226.6 0.9 16 245.0 183.7 271.6 203.5
009820,0.6 7 1.4 2.3 500.0 345.6
009821,1.0 6 15.1 117.8 447.5 257.2
009824,0.9 0 112.5 129.4 390.8 216.7
009826,0.0 0 0.0 0.0 10.0 10.0
009827,1.0 6 466.4 161.9 500.3 212.9 1.0 18 40.9 94.7 201.6 219.8
009829,0.9 6 251.3 286.1 308.3 324.3 0.8 6 401.3 279.6 422.2 296.0 0.8 6 281.1 284.1 311.3 322.9 1.0 5 1.2 231.7 223.0 375.3 1.0 6 213.5 287.7 246.3 334.1 1.0 6 316.1 280.9 366.8 319.3
009835,1.0 0 122.4 130.6 398.2 278.5
009837,0.6 19 255.8 0.6 382.4 119.3 0.9 19 140.7 2.0 283.3 127.7 0.9 19 376.3 1.5 499.0 74.5 0.8 19 125.7 1.2 375.2 124.0
009838,0.9 0 10.5 94.7 306.1 242.6 0.5 0 154.1 95.4 305.4 241.2 1.0 0 8.1 94.1 490.1 241.6 0.8 0 155.6 94.8 490.6 241.8
009840,1.0 14 276.9 158.6 318.6 235.2 1.0 14 131.9 130.3 184.2 235.6 1.0 14 183.7 117.2 249.5 234.5 1.0 19 100.7 60.0 420.0 307.2 0.7 19 67.0 171.3 116.8 288.9 0.8 19 96.7 59.0 416.5 277.4
009843,0.9 14 19.0 160.2 31.8 194.5 0.7 14 4.9 27.5 292.3 497.3 0.8 14 81.7 167.2 94.2 198.9 0.9 14 5.2 26.7 368.0 497.2 1.0 14 39.2 159.7 54.9 200.2
009844,0.9 14 275.4 100.3 297.7 173.0 1.0 14 197.5 53.2 229.7 99.3 0.6 1 79.7 299.8 174.8 375.1 1.0 14 103.9 263.7 165.2 374.3 1.0 18 1.6 19.8 500.7 314.5 0.5 18 117.8 19.0 502.5 314.1
009846,1.0 17 95.1 126.5 485.6 355.3 0.9 8 39.7 119.5 95.9 197.9
009847,1.0 14 7.3 241.1 56.3 332.7 1.0 14 53.9 244.2 106.3 332.5 1.0 6 200.1 121.1 299.7 193.6 0.9 14 28.5 240.6 59.1 309.0 0.8 14 431.5 76.4 442.8 96.0
009849,1.0 6 80.8 180.5 257.8 244.2
009850,1.0 14 263.6 216.8 305.6 305.7 0.7 13 283.7 132.6 331.9 187.4 1.0 13 79.0 181.7 250.8 420.4 0.6 14 262.0 217.9 288.7 324.1 1.0 14 190.6 149.4 277.2 387.8
009853,0.9 14 131.6 2.0 337.2 372.4 1.0 8 1.6 112.1 129.5 304.7 0.9 14 87.2 1.9 430.5 372.5 0.7 14 374.4 41.4 421.2 87.1
009854,1.0 8 64.4 190.7 167.9 312.9 0.9 14 285.2 101.6 309.7 125.0 0.7 8 255.2 126.1 289.5 199.9 0.7 14 123.8 106.4 144.9 127.9 1.0 8 344.5 137.6 404.3 232.2 1.0 8 285.1 137.2 347.0 221.7 0.8 14 397.8 102.9 484.8 200.9 0.9 14 202.9 105.7 226.9 130.4 0.6 14 401.9 103.1 465.2 174.6 0.8 14 435.0 103.4 488.9 229.2 1.0 14 395.3 103.0 473.9 218.1 0.9 14 107.2 121.3 150.5 163.9 0.8 14 405.5 98.4 428.9 131.4 0.9 14 276.3 103.5 310.6 141.1 1.0 14 179.0 122.8 257.5 237.5 1.0 14 5.5 129.6 74.5 240.3 1.0 14 369.6 98.1 399.3 130.7 0.9 14 164.9 105.1 192.3 131.6 0.9 10 61.4 130.2 223.6 295.3 0.9 14 234.4 108.8 281.2 173.6 0.9 10 61.4 128.7 224.7 281.6 0.7 15 441.2 46.7 496.6 144.7 0.5 14 120.9 106.3 151.9 142.0 0.8 14 139.8 106.3 164.7 137.1 0.6 14 134.1 123.1 257.2 286.3 1.0 14 57.0 128.7 101.3 177.8 1.0 8 5.8 191.2 88.0 305.4 1.0 14 28.5 124.0 63.4 166.5 1.0 8 404.7 138.5 476.6 223.9 0.9 14 299.8 105.3 344.5 171.6 0.9 8 266.5 130.7 297.9 213.2 0.9 14 299.3 105.3 349.4 211.7 1.0 8 185.3 159.9 277.8 295.9 0.9 14 331.6 100.1 357.3 128.3
009856,1.0 6 382.8 243.4 498.5 328.6 0.8 6 116.1 247.1 193.0 298.6 0.7 6 118.8 247.3 193.1 299.5 1.0 6 1.1 251.5 82.1 324.5
009857,0.5 14 2.4 55.4 236.7 202.9 0.6 14 2.9 60.0 239.6 453.8 0.8 14 2.3 67.7 166.1 453.8 0.9 14 1.6 62.3 334.2 499.3 0.9 13 2.1 42.2 334.8 473.3
009861,0.5 16 132.7 105.4 285.6 370.6 0.9 16 355.2 174.8 497.4 352.4 0.8 16 192.8 103.6 287.5 244.7 0.7 16 130.0 105.1 363.0 374.1 0.9 16 311.2 106.9 382.6 227.0
009864,0.6 18 0.8 143.4 102.4 252.7 0.9 18 87.8 135.4 359.9 246.6 0.7 18 0.4 142.4 105.5 376.9 0.8 18 278.2 134.0 359.4 219.7
009866,1.0 1 50.2 107.7 426.2 342.7 0.9 14 311.8 121.2 387.9 198.4
009871,1.0 4 397.8 22.8 413.8 71.1 0.6 4 413.2 43.8 429.5 76.6 0.9 4 376.4 25.0 398.7 79.6 0.7 14 268.5 1.2 323.8 42.5 0.6 4 414.6 44.1 430.5 76.3 0.8 4 387.7 24.1 405.2 70.3 0.8 14 174.2 36.5 468.5 375.3 0.8 4 398.2 25.5 413.4 73.6 0.8 4 393.7 24.1 410.1 74.9 1.0 14 47.5 83.3 199.4 375.5 1.0 14 176.2 35.8 493.5 375.5 0.5 4 383.6 45.9 399.2 82.8 0.9 4 377.6 24.4 399.2 63.1
009873,1.0 6 165.7 124.3 461.5 256.9
009875,0.9 7 1.6 278.0 135.9 433.3 0.9 7 222.8 181.2 374.8 378.6
009876,1.0 0 90.2 59.1 418.8 212.5
009883,1.0 6 35.8 104.3 489.7 252.9
009885,0.6 14 49.0 196.6 79.5 226.6 1.0 14 46.5 197.1 78.0 226.3 0.9 14 122.9 160.3 167.3 226.5 1.0 14 174.6 192.1 209.4 230.1 1.0 14 179.3 154.4 339.5 374.8 1.0 14 82.5 191.5 111.6 225.2 0.9 14 58.5 197.0 81.8 221.4
009888,1.0 19 203.0 112.0 316.0 255.7 0.5 19 301.5 9.1 394.6 59.2 0.7 19 217.0 8.8 305.2 63.5 0.9 19 226.5 5.5 395.8 59.7
009889,0.9 12 142.1 154.7 363.3 266.4
009890,1.0 14 85.0 37.5 221.4 298.1 1.0 13 42.1 103.9 355.9 289.2
009891,0.8 4 26.7 1.5 122.2 281.2 0.6 15 1.2 0.7 115.9 327.3 0.8 19 172.0 211.8 451.4 332.0
009892,1.0 14 50.9 1.9 491.6 332.5
009893,1.0 2 126.1 133.2 165.4 201.7 0.9 2 212.2 130.4 249.5 184.2 0.8 2 211.1 130.0 249.6 201.9
009895,1.0 14 24.9 39.2 45.6 99.9 0.8 14 294.8 65.9 309.6 90.7 0.7 6 180.2 106.7 290.1 175.9 1.0 6 1.0 107.9 76.3 179.5 1.0 6 58.6 118.5 327.3 299.1 1.0 6 306.2 113.3 427.5 195.5
009899,0.9 11 145.1 3.6 464.8 373.4 0.9 11 144.2 3.0 496.8 373.8
009901,1.0 14 103.0 76.9 201.6 337.9 1.0 14 265.0 45.4 426.0 374.0
009903,0.9 14 343.0 104.9 403.5 303.5 0.9 6 59.6 81.3 82.1 97.6 1.0 14 222.6 48.8 291.1 218.7 1.0 6 1.0 78.9 37.2 99.8 1.0 12 92.0 78.0 411.4 319.3
009906,0.9 19 219.5 91.6 310.2 156.0 0.9 19 26.9 85.3 124.7 159.8 0.9 19 125.4 88.3 220.3 162.1 1.0 19 331.8 60.6 451.3 161.4
009907,0.8 14 2.9 117.1 262.8 464.0 0.6 14 1.9 115.0 312.9 494.0 0.8 11 94.8 114.9 311.4 310.5
009909,0.9 9 302.9 172.1 373.9 233.8 0.8 9 43.4 42.4 365.6 337.0
009910,1.0 14 82.4 217.9 192.5 391.5 0.6 1 40.8 165.0 226.4 499.4 0.7 10 1.9 392.3 226.7 500.5 1.0 14 180.7 73.5 320.6 498.9
009912,0.8 9 99.5 62.1 362.8 352.2
009914,0.8 19 277.4 221.2 315.5 258.1 0.5 19 278.6 221.9 354.2 264.4 0.6 17 2.0 271.7 406.5 375.2 0.7 19 309.2 222.9 357.3 261.5
009915,0.7 14 203.3 196.6 283.6 269.1 0.8 14 118.8 198.4 297.4 399.2 1.0 14 1.7 89.9 180.4 399.7 1.0 14 50.5 106.4 308.7 400.2 0.7 17 1.8 102.5 500.5 399.3 1.0 14 307.4 112.7 482.9 399.6
009916,0.5 8 212.8 85.8 247.8 143.9 0.8 15 427.5 152.3 495.3 260.9 0.7 15 455.6 92.4 490.0 129.2 1.0 15 251.9 117.3 317.7 179.9 0.9 8 211.6 86.8 261.0 220.3 0.9 17 20.3 97.5 257.1 247.3 0.8 17 281.2 109.2 439.0 255.4 0.5 17 283.2 110.2 439.4 255.1
009919,1.0 0 64.7 134.2 476.0 246.3
009921,0.7 18 180.8 153.6 241.6 193.0
009922,0.0 0 0.0 0.0 10.0 10.0
009924,0.7 14 123.6 73.2 147.4 106.7 0.8 14 157.3 78.4 182.3 117.3 1.0 13 76.2 39.5 374.5 500.2
009925,0.7 15 188.6 256.8 272.4 317.2 0.5 15 122.9 4.2 362.9 245.0 0.9 15 4.4 3.6 483.3 334.2 0.7 15 127.5 8.8 257.0 252.2 1.0 15 249.9 41.3 367.4 246.2
009927,1.0 6 68.8 153.1 447.8 265.2
009928,1.0 8 1.1 263.1 66.0 377.4 0.9 8 1.7 205.8 91.3 365.3 0.7 10 1.0 224.6 91.6 376.5 0.9 15 112.4 51.2 340.0 487.5 1.0 8 71.7 269.0 146.4 363.2
009929,0.7 15 50.5 1.7 306.1 336.9 0.8 15 27.7 341.2 140.8 500.1
009930,0.8 8 83.2 235.9 179.7 374.4 1.0 14 92.2 7.3 384.7 374.4 0.6 10 284.8 282.4 501.3 375.6
009931,1.0 14 140.2 157.6 173.8 249.8
009933,0.7 11 198.7 7.8 499.1 399.3
009934,1.0 2 215.2 100.4 287.1 244.8
009936,0.9 18 142.6 72.6 423.3 262.3
009937,0.9 14 44.0 90.0 492.5 279.0
009941,1.0 14 232.9 67.1 319.8 240.2 0.7 14 224.0 49.4 238.6 97.7 0.9 14 273.8 45.2 319.9 156.9 1.0 14 273.3 45.0 319.8 188.2 0.8 14 51.8 36.7 113.6 239.8 0.9 14 208.6 50.6 222.9 98.1 1.0 14 101.6 41.0 174.0 239.5 1.0 14 53.2 60.4 117.1 240.0 0.6 14 274.0 40.4 288.5 59.4 1.0 14 0.4 41.8 76.0 239.4 1.0 14 166.8 60.9 239.8 239.6 0.7 14 241.1 48.6 260.7 69.0
009943,1.0 6 206.9 112.6 328.6 205.2
009948,0.7 1 60.3 281.7 304.4 499.7 0.8 14 1.0 2.7 119.4 385.7 0.6 1 3.5 279.9 237.4 500.7 0.7 1 1.8 282.9 167.8 500.8 1.0 14 1.3 2.9 270.3 499.9 1.0 1 56.8 279.5 233.6 500.2 0.9 14 189.1 23.3 314.5 499.1
009951,1.0 14 428.9 186.7 468.8 224.3 1.0 14 381.0 190.1 419.1 227.9 0.6 18 282.1 123.8 497.4 334.0 0.7 14 380.3 190.2 417.5 227.8 1.0 14 309.3 190.6 342.3 228.5 1.0 14 353.9 196.4 377.7 229.0
009952,0.0 0 0.0 0.0 10.0 10.0
009953,1.0 1 27.7 78.4 488.6 350.8
009956,1.0 7 119.0 19.5 400.1 312.8
009957,0.5 14 0.7 153.2 26.5 209.7 1.0 14 107.2 91.6 227.5 304.7 0.5 14 0.7 153.5 26.5 275.1 1.0 12 58.0 135.5 288.5 433.0
009960,0.9 13 30.3 155.2 263.9 318.4 0.5 13 29.8 103.2 274.4 319.0 0.8 13 29.8 104.2 265.5 318.6 0.9 14 90.8 47.5 308.0 257.4 0.9 14 158.6 46.8 310.4 256.9
009962,1.0 14 151.6 72.3 268.4 319.1 1.0 14 2.3 2.6 249.8 374.8 0.6 19 212.6 263.1 409.0 374.3 0.6 8 206.0 191.6 407.5 374.4 1.0 14 248.7 66.0 476.0 374.4
009963,0.0 0 0.0 0.0 10.0 10.0
