image_id,PredictionString
1,0.47 14 0.07 0.04 0.54 0.930.70 14 0.00 0.02 0.55 1.000.51 14 0.00 0.02 0.67 1.00
2,0.0 1 0.0 0.0 10.0 10.0
3,0.0 1 0.0 0.0 10.0 10.0
4,0.33 6 0.36 0.55 0.47 0.610.56 6 0.16 0.54 0.23 0.580.88 6 0.58 0.55 0.79 0.640.71 6 0.21 0.53 0.29 0.590.37 6 0.31 0.55 0.40 0.600.81 6 0.16 0.54 0.23 0.580.36 6 0.21 0.54 0.29 0.590.56 6 0.22 0.53 0.30 0.590.35 6 0.36 0.55 0.49 0.610.82 6 0.02 0.52 0.14 0.600.51 6 0.02 0.52 0.14 0.600.80 6 0.27 0.54 0.38 0.600.72 6 0.13 0.54 0.18 0.580.83 6 0.37 0.55 0.54 0.620.30 6 0.13 0.54 0.18 0.58
5,0.35 19 0.08 0.13 0.23 0.330.46 8 0.43 0.50 0.58 0.67
6,0.63 14 0.04 0.19 0.21 0.390.57 14 0.04 0.18 0.28 0.380.66 14 0.00 0.20 0.11 0.530.46 14 0.09 0.17 0.20 0.310.54 14 0.00 0.19 0.14 0.560.59 14 0.05 0.19 0.15 0.51
7,0.62 14 0.24 0.14 0.46 0.430.31 14 0.24 0.13 0.47 0.54
8,0.0 1 0.0 0.0 10.0 10.0
9,0.0 1 0.0 0.0 10.0 10.0
10,0.46 6 0.14 0.39 0.28 0.510.49 6 0.88 0.42 1.00 0.490.83 6 0.86 0.40 1.00 0.490.36 6 0.14 0.38 0.59 0.520.43 6 0.87 0.41 1.00 0.500.36 6 0.14 0.38 0.60 0.520.68 6 0.35 0.44 1.00 0.700.77 14 0.71 0.03 0.79 0.15
11,0.49 1 0.13 0.27 0.64 0.710.47 14 0.48 0.14 0.55 0.43
12,0.0 1 0.0 0.0 10.0 10.0
13,0.93 14 0.37 0.10 0.50 0.51
14,0.68 14 0.50 0.00 0.59 0.190.52 14 0.36 0.00 0.50 0.280.79 14 0.26 0.01 0.65 0.740.45 14 0.03 0.11 0.19 0.420.66 14 0.11 0.03 0.40 0.750.35 14 0.38 0.01 0.54 0.330.40 14 0.63 0.17 0.88 0.750.44 14 0.38 0.00 0.61 0.420.46 14 0.02 0.17 0.11 0.330.41 14 0.01 0.16 0.11 0.490.33 14 0.30 0.00 0.38 0.120.37 14 0.22 0.02 0.40 0.420.51 14 0.11 0.09 0.40 0.750.59 14 0.37 0.00 0.61 0.620.74 14 0.24 0.01 0.39 0.300.65 14 0.10 0.11 0.18 0.320.38 14 0.01 0.10 0.20 0.500.43 14 0.29 0.00 0.39 0.290.31 14 0.50 0.00 0.58 0.170.73 14 0.32 0.00 0.63 0.740.52 14 0.56 0.04 0.61 0.200.44 14 0.11 0.11 0.18 0.220.92 14 0.57 0.00 0.87 0.750.88 14 0.59 0.00 0.68 0.23
15,0.95 14 0.24 0.15 0.47 0.53
16,0.33 14 0.15 0.10 0.59 1.000.51 14 0.05 0.11 0.61 1.000.58 14 0.00 0.01 0.58 1.000.62 14 0.00 0.01 0.16 1.000.32 14 0.55 0.00 0.67 0.21
17,0.0 1 0.0 0.0 10.0 10.0
18,0.0 1 0.0 0.0 10.0 10.0
19,0.0 1 0.0 0.0 10.0 10.0
20,0.39 1 0.28 0.34 0.49 0.450.35 1 0.27 0.34 0.49 0.450.97 14 0.34 0.20 0.46 0.400.63 1 0.28 0.33 0.50 0.450.51 6 0.63 0.30 0.70 0.34
21,0.32 14 0.16 0.13 0.84 1.000.38 14 0.32 0.15 0.78 0.650.68 14 0.01 0.11 0.79 1.00
22,0.79 14 0.01 0.29 0.56 1.000.72 14 0.00 0.28 0.42 1.000.60 14 0.01 0.01 0.58 1.000.40 14 0.01 0.29 0.65 1.000.55 14 0.43 0.45 0.65 1.000.64 14 0.43 0.46 0.65 1.00
23,0.0 1 0.0 0.0 10.0 10.0
24,0.0 1 0.0 0.0 10.0 10.0
25,0.34 14 0.05 0.02 0.80 0.74
26,0.0 1 0.0 0.0 10.0 10.0
27,0.48 14 0.87 0.61 0.91 0.740.79 14 0.80 0.60 0.88 0.720.32 14 0.11 0.35 0.37 0.550.71 14 0.23 0.34 0.36 0.460.42 14 0.01 0.35 0.37 0.760.37 14 0.09 0.35 0.37 0.700.64 14 0.01 0.51 0.12 0.760.87 14 0.92 0.60 0.98 0.74
28,0.73 14 0.33 0.13 0.74 0.75
29,0.36 14 0.31 0.10 0.68 0.73
30,0.48 14 0.48 0.11 0.60 0.420.88 14 0.35 0.16 0.51 0.410.35 14 0.37 0.17 0.51 0.490.74 14 0.35 0.16 0.55 0.590.58 14 0.59 0.00 0.77 0.430.77 14 0.47 0.11 0.61 0.610.63 14 0.36 0.12 0.60 0.590.89 14 0.61 0.11 0.76 0.700.75 14 0.59 0.00 0.76 0.710.43 14 0.36 0.16 0.61 0.610.52 14 0.59 0.00 0.71 0.41
31,0.49 14 0.58 0.50 0.67 0.700.60 14 0.58 0.50 0.67 0.820.85 14 0.21 0.55 0.29 0.730.53 14 0.00 0.69 0.03 0.970.60 14 0.22 0.55 0.30 0.720.40 14 0.21 0.55 0.28 0.660.95 14 0.14 0.55 0.20 0.720.31 19 0.32 0.26 0.47 0.440.92 14 0.20 0.42 0.59 1.000.32 14 0.58 0.50 0.67 0.81
32,0.0 1 0.0 0.0 10.0 10.0
33,0.0 1 0.0 0.0 10.0 10.0
34,0.0 1 0.0 0.0 10.0 10.0
35,0.97 14 0.48 0.27 0.62 0.670.44 14 0.65 0.34 0.72 0.410.40 6 0.04 0.14 0.68 0.34
36,0.31 15 0.51 0.28 0.57 0.350.66 15 0.56 0.28 0.62 0.360.74 15 0.51 0.27 0.59 0.360.59 15 0.50 0.28 0.58 0.360.32 15 0.55 0.28 0.61 0.36
37,0.44 6 0.38 0.13 0.52 0.180.81 6 0.44 0.13 0.55 0.180.52 6 0.39 0.13 0.45 0.170.85 6 0.10 0.17 0.71 0.500.37 6 0.47 0.13 0.55 0.17
38,0.56 6 0.10 0.11 0.75 0.51
39,0.65 14 0.18 0.17 0.40 0.690.81 14 0.00 0.17 0.40 1.000.51 14 0.00 0.17 0.55 1.00
40,0.33 14 0.39 0.26 0.49 0.670.34 14 0.58 0.24 0.72 0.460.31 14 0.41 0.22 0.72 0.660.34 14 0.15 0.18 0.44 0.670.91 14 0.39 0.25 0.47 0.350.89 14 0.74 0.27 0.80 0.610.63 14 0.70 0.30 0.73 0.400.83 14 0.75 0.28 0.80 0.470.73 14 0.74 0.28 0.79 0.460.95 14 0.00 0.28 0.04 0.500.55 14 0.40 0.14 0.67 0.660.94 14 0.10 0.14 0.44 0.670.54 14 0.12 0.28 0.20 0.440.38 14 0.19 0.27 0.23 0.330.78 14 0.72 0.37 0.75 0.450.96 14 0.07 0.29 0.13 0.500.85 14 0.12 0.28 0.19 0.470.68 14 0.58 0.24 0.72 0.650.91 14 0.41 0.14 0.72 0.650.86 14 0.74 0.28 0.80 0.610.59 14 0.58 0.24 0.71 0.420.39 14 0.56 0.24 0.72 0.660.92 14 0.58 0.24 0.72 0.45
41,0.0 1 0.0 0.0 10.0 10.0
42,0.0 1 0.0 0.0 10.0 10.0
43,0.65 6 0.01 0.00 0.40 0.190.85 6 0.04 0.20 0.98 0.60
44,0.47 8 0.25 0.32 0.39 0.520.36 8 0.39 0.38 0.50 0.540.55 8 0.50 0.38 0.59 0.52
45,0.60 14 0.02 0.12 0.29 0.550.61 14 0.02 0.12 0.41 0.580.34 14 0.01 0.12 0.51 0.670.39 14 0.68 0.00 1.00 0.660.61 14 0.30 0.35 0.44 0.670.77 14 0.68 0.00 0.88 0.380.31 14 0.03 0.13 0.40 0.530.62 14 0.00 0.12 0.40 1.000.52 14 0.31 0.39 0.51 0.660.62 14 0.68 0.00 1.00 0.420.33 14 0.73 0.00 0.89 0.17
46,0.0 1 0.0 0.0 10.0 10.0
47,0.0 1 0.0 0.0 10.0 10.0
48,0.0 1 0.0 0.0 10.0 10.0
49,0.51 14 0.33 0.08 0.58 0.390.90 14 0.33 0.08 0.58 0.500.38 14 0.31 0.08 0.59 0.64
50,0.0 1 0.0 0.0 10.0 10.0
51,0.40 6 0.06 0.18 0.90 0.630.34 6 0.02 0.08 0.91 0.470.50 14 0.71 0.41 0.89 0.650.32 14 0.60 0.22 0.86 0.660.37 6 0.01 0.17 0.91 0.650.33 6 0.02 0.16 0.71 0.460.54 6 0.01 0.08 0.90 0.650.49 6 0.00 0.07 0.90 0.650.65 14 0.69 0.22 0.89 0.66
52,0.88 14 0.26 0.29 0.60 1.000.95 14 0.00 0.29 0.33 1.000.50 14 0.38 0.29 0.60 1.00
53,0.95 14 0.33 0.25 0.42 0.40
54,0.0 1 0.0 0.0 10.0 10.0
55,0.0 1 0.0 0.0 10.0 10.0
56,0.57 6 0.00 0.43 0.07 0.490.84 6 0.16 0.39 0.23 0.440.89 6 0.00 0.42 0.07 0.490.85 6 0.05 0.42 0.11 0.470.75 6 0.09 0.39 0.15 0.43
57,0.42 14 0.43 0.18 0.59 0.390.34 14 0.44 0.16 0.60 0.490.81 14 0.42 0.16 0.60 0.460.58 14 0.31 0.16 0.60 0.500.35 14 0.31 0.25 0.49 0.500.67 14 0.43 0.16 0.59 0.490.72 14 0.32 0.16 0.60 0.500.39 14 0.44 0.17 0.60 0.40
58,0.54 14 0.16 0.21 0.70 0.760.48 14 0.74 0.44 1.00 0.740.30 14 0.44 0.12 1.00 0.750.39 14 0.01 0.22 0.73 0.750.44 14 0.58 0.11 1.00 0.75
59,0.0 1 0.0 0.0 10.0 10.0
60,0.80 14 0.20 0.37 0.24 0.44
61,0.47 14 0.51 0.55 0.77 0.750.64 14 0.30 0.17 0.76 0.750.36 14 0.33 0.54 0.77 0.75
62,0.0 1 0.0 0.0 10.0 10.0
63,0.66 15 0.34 0.19 0.50 0.41
64,0.0 1 0.0 0.0 10.0 10.0
65,0.53 14 0.38 0.04 0.51 0.280.90 14 0.37 0.04 0.51 0.240.73 14 0.11 0.06 0.78 0.670.93 14 0.00 0.01 0.17 0.250.43 14 0.53 0.03 0.75 0.410.31 14 0.37 0.04 0.48 0.160.30 14 0.51 0.03 0.77 0.530.43 15 0.12 0.01 0.29 0.280.63 14 0.11 0.04 0.78 1.000.41 4 0.28 0.14 0.31 0.260.37 14 0.44 0.06 0.78 0.660.41 14 0.54 0.03 0.75 0.36
66,0.73 14 0.03 0.30 0.16 0.480.86 14 0.09 0.31 0.16 0.45
67,0.32 14 0.46 0.32 0.57 0.460.79 14 0.10 0.03 0.46 0.670.46 14 0.14 0.40 0.60 1.000.59 14 0.11 0.03 0.59 0.670.44 14 0.36 0.36 0.59 0.670.31 14 0.10 0.02 0.51 1.000.34 14 0.01 0.02 0.67 1.000.41 14 0.33 0.40 0.59 0.66
68,0.46 14 0.16 0.39 0.18 0.450.38 14 0.16 0.37 0.19 0.450.53 14 0.25 0.38 0.29 0.450.79 14 0.06 0.38 0.08 0.480.85 14 0.09 0.40 0.11 0.480.75 14 0.64 0.38 0.68 0.51
69,0.84 6 0.32 0.35 0.54 0.460.57 6 0.33 0.35 0.49 0.46
70,0.0 1 0.0 0.0 10.0 10.0
71,0.78 14 0.22 0.72 0.25 0.790.87 6 0.17 0.86 0.29 0.960.32 6 0.16 0.86 0.29 0.96
72,0.69 14 0.30 0.11 0.47 0.370.92 14 0.27 0.11 0.47 0.470.63 14 0.00 0.23 0.18 0.670.50 1 0.20 0.27 0.43 0.53
73,0.76 4 0.49 0.32 0.53 0.470.80 4 0.45 0.43 0.50 0.600.85 14 0.73 0.02 1.00 0.720.90 14 0.05 0.20 0.21 0.390.35 14 0.74 0.02 0.97 0.390.30 8 0.78 0.48 0.94 0.720.45 4 0.44 0.40 0.49 0.580.36 14 0.00 0.21 0.23 0.640.38 14 0.73 0.02 1.00 0.570.34 14 0.00 0.29 0.21 0.550.96 14 0.34 0.14 0.56 0.450.35 14 0.00 0.25 0.27 0.730.57 4 0.46 0.34 0.52 0.590.92 14 0.00 0.29 0.23 0.730.59 14 0.66 0.02 0.99 0.710.52 14 0.00 0.21 0.24 0.730.41 4 0.44 0.44 0.49 0.610.42 14 0.65 0.00 0.84 0.580.65 14 0.72 0.02 1.00 0.600.51 4 0.63 0.43 0.71 0.580.50 14 0.72 0.00 0.85 0.330.71 14 0.65 -0.00 0.85 0.44
74,0.37 6 0.09 0.20 0.74 0.70
75,0.0 1 0.0 0.0 10.0 10.0
76,0.49 15 0.21 0.01 0.62 0.700.38 15 0.20 0.01 0.61 0.69
77,0.35 14 0.00 0.09 0.33 0.950.93 14 0.00 0.08 0.31 0.97
78,0.70 6 0.57 0.24 0.64 0.290.86 6 0.84 0.21 1.00 0.330.31 6 0.07 0.22 0.15 0.280.87 6 0.66 0.22 0.84 0.310.35 6 0.62 0.21 0.84 0.310.40 6 0.88 0.22 1.00 0.340.31 6 0.84 0.22 1.00 0.340.89 6 0.10 0.22 0.25 0.330.43 6 0.74 0.22 0.84 0.310.56 6 0.81 0.24 0.88 0.320.80 6 0.23 0.17 0.82 0.630.60 6 0.71 0.22 0.84 0.310.36 6 0.74 0.22 0.85 0.310.74 6 0.61 0.21 0.84 0.310.31 6 0.62 0.22 0.71 0.300.49 6 0.62 0.22 0.74 0.31
79,0.0 1 0.0 0.0 10.0 10.0
80,0.0 1 0.0 0.0 10.0 10.0
81,0.31 19 0.56 0.17 0.69 0.30
82,0.96 14 0.57 0.31 0.62 0.490.57 6 0.38 0.33 0.44 0.390.94 14 0.12 0.20 0.29 0.430.94 14 0.00 0.30 0.04 0.470.94 14 0.44 0.32 0.50 0.390.39 14 0.16 0.20 0.28 0.420.79 14 0.12 0.28 0.35 0.560.87 14 0.05 0.31 0.08 0.410.64 6 0.82 0.35 0.89 0.450.61 14 0.07 0.32 0.09 0.40
83,0.0 1 0.0 0.0 10.0 10.0
84,0.52 14 0.15 0.22 0.38 0.630.82 14 0.18 0.21 0.42 0.720.40 14 0.19 0.22 0.41 0.620.46 14 0.18 0.22 0.42 0.90
85,0.35 6 0.05 0.10 0.81 0.570.55 6 0.05 0.25 0.81 0.570.52 6 0.04 0.09 0.81 0.58
86,0.0 1 0.0 0.0 10.0 10.0
87,0.0 1 0.0 0.0 10.0 10.0
88,0.64 4 0.50 0.11 0.55 0.310.35 4 0.51 0.10 0.56 0.230.51 4 0.37 0.15 0.42 0.330.31 4 0.20 0.13 0.30 0.420.34 4 0.64 0.13 0.69 0.250.31 4 0.63 0.14 0.70 0.370.72 4 0.30 0.12 0.36 0.330.61 4 0.50 0.16 0.55 0.330.62 4 0.43 0.15 0.51 0.450.52 4 0.28 0.13 0.34 0.330.35 4 0.23 0.13 0.28 0.220.59 4 0.62 0.13 0.70 0.390.37 4 0.31 0.12 0.36 0.320.45 4 0.36 0.15 0.44 0.440.35 14 0.51 0.00 0.69 0.380.57 4 0.54 0.11 0.60 0.310.46 4 0.58 0.11 0.62 0.24
89,0.50 6 0.47 0.79 0.53 0.820.41 6 0.55 0.78 0.61 0.820.44 6 0.00 0.77 0.13 0.84
90,0.92 14 0.35 0.28 0.48 0.390.34 6 0.70 0.53 0.81 0.620.75 14 0.19 0.27 0.36 0.540.35 6 0.70 0.47 0.80 0.570.88 14 0.19 0.27 0.35 0.500.60 14 0.40 0.28 0.50 0.510.44 4 0.16 0.19 0.19 0.290.95 14 0.03 0.22 0.30 0.56
91,0.93 14 0.19 0.09 0.52 0.66
92,0.0 1 0.0 0.0 10.0 10.0
93,0.41 8 0.37 0.44 0.47 0.580.93 14 0.31 0.36 0.46 0.56
94,0.0 1 0.0 0.0 10.0 10.0
95,0.66 6 0.13 0.32 0.28 0.430.70 6 0.81 0.35 1.00 0.470.84 6 0.12 0.32 0.29 0.430.31 6 0.00 0.33 0.08 0.430.96 14 0.07 0.24 0.14 0.470.31 6 0.18 0.22 0.35 0.41
96,0.94 14 0.40 0.46 0.55 0.870.86 14 0.24 0.48 0.28 0.580.32 14 0.55 0.44 0.61 0.580.92 14 0.55 0.44 0.62 0.860.80 14 0.36 0.48 0.40 0.580.61 14 0.30 0.49 0.34 0.580.96 14 0.05 0.36 0.27 1.000.55 14 0.35 0.48 0.40 0.580.34 14 0.53 0.49 0.56 0.57
97,0.54 6 0.02 0.03 0.86 0.74
98,0.42 15 0.63 0.18 0.70 0.260.43 8 0.13 0.41 0.31 0.590.49 8 0.00 0.41 0.13 0.740.51 8 0.13 0.34 0.31 0.600.32 8 0.13 0.32 0.29 0.460.40 8 0.43 0.31 0.62 0.500.39 14 0.04 0.46 0.88 0.750.39 8 0.48 0.38 0.61 0.510.50 8 0.47 0.31 0.62 0.510.35 14 0.53 0.46 0.88 0.75
99,0.60 6 0.06 0.17 0.83 0.57
100,0.0 1 0.0 0.0 10.0 10.0
101,0.32 14 0.80 0.09 0.84 0.160.75 14 0.74 0.08 0.78 0.140.31 14 0.55 0.08 0.59 0.140.85 14 0.35 0.15 0.42 0.250.35 14 0.51 0.18 0.73 0.350.52 14 0.51 0.07 0.74 0.350.41 1 0.48 0.30 0.73 0.560.84 14 0.52 0.18 0.74 0.550.44 14 0.73 0.06 0.77 0.14
102,0.81 14 0.00 0.01 0.33 0.750.34 14 0.04 0.17 0.74 1.000.57 14 0.00 0.01 0.42 1.000.34 14 0.00 0.01 0.33 1.000.66 14 0.34 0.17 0.75 1.000.62 4 0.73 0.23 0.88 0.750.82 14 0.35 0.16 0.75 0.74
103,0.31 6 0.76 0.37 0.88 0.440.47 6 0.75 0.37 0.88 0.440.52 6 0.75 0.00 0.89 0.080.81 6 0.75 0.37 0.88 0.440.73 6 0.01 0.41 0.26 0.490.35 6 0.75 0.37 0.88 0.44
104,0.68 14 0.14 0.56 0.55 1.000.95 14 0.19 0.31 0.42 0.63
105,0.35 15 0.00 0.78 0.06 0.830.33 15 0.00 0.64 0.07 0.810.95 14 0.16 0.71 0.33 1.000.50 14 0.53 0.76 0.55 0.83
106,0.44 14 0.00 0.32 0.03 0.410.79 14 0.64 0.13 0.73 0.280.32 14 0.48 0.23 0.56 0.380.90 14 0.84 0.27 1.00 0.750.42 14 0.00 0.19 0.32 0.650.32 14 0.87 0.25 0.92 0.320.90 14 0.65 0.14 0.82 0.480.71 14 0.65 0.32 0.80 0.470.30 14 0.48 0.23 0.57 0.320.35 14 0.91 0.27 1.00 0.470.61 14 0.00 0.19 0.33 0.690.35 14 0.70 0.15 0.79 0.380.36 14 0.86 0.25 0.92 0.440.46 14 0.87 0.16 1.00 0.400.79 14 0.63 0.13 0.74 0.450.87 14 0.00 0.24 0.06 0.390.36 14 0.00 0.19 0.41 0.740.67 14 0.77 0.25 0.91 0.500.96 14 0.48 0.23 0.58 0.410.94 14 0.00 0.18 0.40 0.750.36 14 0.00 0.24 0.05 0.330.46 14 0.19 0.24 0.30 0.480.64 14 0.64 0.28 0.83 0.480.53 14 0.00 0.19 0.23 0.650.79 14 0.29 0.31 0.42 0.460.91 14 0.49 0.31 0.61 0.430.94 14 0.58 0.22 0.68 0.440.44 14 0.58 0.22 0.68 0.390.69 14 0.70 0.15 0.76 0.230.65 14 0.64 0.14 0.75 0.45
107,0.0 1 0.0 0.0 10.0 10.0
108,0.0 1 0.0 0.0 10.0 10.0
109,0.49 14 0.93 0.33 0.98 0.390.47 4 0.28 0.32 0.31 0.40
110,0.38 6 0.32 0.18 0.66 0.650.82 14 0.74 0.60 0.78 0.68
111,0.95 14 0.59 0.34 0.72 0.570.96 14 0.41 0.32 0.50 0.450.36 6 0.09 0.38 0.22 0.460.45 14 0.62 0.34 0.70 0.47
112,0.0 1 0.0 0.0 10.0 10.0
113,0.97 14 0.43 0.20 0.63 0.960.42 13 0.29 0.48 0.70 0.96
114,0.33 6 0.15 0.40 0.34 0.550.39 6 0.23 0.40 0.35 0.550.36 6 0.23 0.40 0.34 0.550.50 6 0.24 0.40 0.36 0.550.39 6 0.13 0.40 0.34 0.550.38 6 0.19 0.41 0.34 0.550.44 6 0.14 0.40 0.25 0.550.30 6 0.22 0.38 0.49 0.540.97 14 0.59 0.33 0.65 0.60
115,0.48 15 0.20 0.29 0.28 0.440.72 8 0.35 0.55 0.51 0.870.32 15 0.19 0.29 0.25 0.390.35 15 0.02 0.16 0.15 0.560.40 15 0.02 0.36 0.13 0.540.56 8 0.35 0.55 0.51 1.000.52 15 0.02 0.39 0.14 0.550.58 15 0.20 0.31 0.28 0.430.78 15 0.11 0.61 0.24 0.840.68 15 0.19 0.28 0.27 0.420.62 15 0.03 0.36 0.13 0.540.41 15 0.19 0.30 0.28 0.440.69 15 0.02 0.41 0.13 0.550.51 8 0.35 0.55 0.50 0.85
116,0.59 6 0.57 0.63 0.76 0.740.34 6 0.37 0.63 0.56 0.740.31 6 0.36 0.64 0.45 0.740.93 14 0.41 0.10 0.64 0.570.56 14 0.15 0.11 0.65 0.920.36 6 0.65 0.63 0.76 0.74
117,0.96 14 0.78 0.67 0.87 1.00
118,0.39 14 0.91 0.48 0.94 0.590.95 14 0.01 0.41 0.06 0.610.94 14 0.07 0.50 0.17 0.710.30 6 0.12 0.08 0.94 0.66
119,0.54 6 0.11 0.45 0.25 0.590.60 6 0.31 0.41 0.37 0.470.79 6 0.66 0.41 0.73 0.480.94 14 0.61 0.40 0.66 0.500.64 6 0.05 0.41 0.10 0.450.90 14 0.28 0.41 0.31 0.510.80 6 0.11 0.42 0.25 0.590.39 6 0.11 0.41 0.25 0.590.32 6 0.45 0.45 0.58 0.610.85 6 0.72 0.35 0.86 0.480.83 6 0.43 0.45 0.78 0.62
120,0.38 0 0.35 0.42 0.54 0.57
121,0.89 14 0.22 0.29 0.42 0.800.64 14 0.20 0.10 0.45 0.790.34 14 0.22 0.29 0.40 0.520.55 14 0.19 0.10 0.41 0.520.37 14 0.49 0.33 0.66 0.680.34 15 0.59 0.66 0.67 0.72
122,0.89 14 0.39 0.35 0.60 0.600.61 14 0.44 0.36 0.58 0.590.48 6 0.51 0.41 0.82 0.650.39 6 0.51 0.41 0.82 0.650.60 14 0.37 0.35 0.54 0.60
123,0.70 14 0.48 0.25 0.52 0.310.82 6 0.38 0.38 0.60 0.54
124,0.0 1 0.0 0.0 10.0 10.0
125,0.38 6 0.31 0.56 0.46 0.660.65 6 0.00 0.48 0.37 0.760.66 6 0.31 0.56 0.46 0.710.31 15 0.84 0.51 0.92 0.630.84 6 0.37 0.54 0.94 0.76
126,0.38 14 0.00 0.00 0.85 0.76
127,0.52 14 0.64 0.07 1.00 1.000.74 14 0.65 0.07 1.00 0.750.83 14 0.64 0.07 1.00 0.75
128,0.32 6 0.71 0.36 0.88 0.410.30 14 0.04 0.42 0.06 0.460.38 14 0.08 0.41 0.10 0.46
129,0.45 6 0.64 0.12 0.75 0.17
130,0.58 14 0.23 0.10 0.60 1.000.30 14 0.12 0.10 0.61 1.000.86 14 0.03 0.10 0.60 1.00
131,0.75 14 0.24 0.46 0.47 0.660.81 14 0.22 0.35 0.40 0.660.57 14 0.32 0.45 0.44 0.560.88 14 0.50 0.05 0.68 0.260.38 14 0.22 0.45 0.41 0.610.83 14 0.22 0.35 0.34 0.520.96 14 0.01 0.36 0.26 0.650.77 14 0.22 0.35 0.33 0.490.55 14 0.30 0.46 0.43 0.640.30 14 0.50 0.05 0.69 0.52
132,0.41 14 0.18 0.17 0.65 1.00
133,0.40 6 0.83 0.38 0.97 0.490.83 14 0.78 0.46 0.82 0.510.83 14 0.08 0.37 0.12 0.470.82 14 0.68 0.39 0.71 0.470.89 6 0.83 0.37 0.97 0.49
134,0.95 14 0.05 0.14 0.55 1.00
135,0.0 1 0.0 0.0 10.0 10.0
136,0.66 14 0.37 0.43 0.46 0.55
137,0.55 14 0.48 0.22 0.80 0.560.49 14 0.48 0.21 0.80 0.590.89 14 0.48 0.22 0.83 0.570.53 14 0.47 0.22 0.84 0.65
138,0.74 14 0.38 0.53 0.53 0.990.83 14 0.14 0.49 0.37 0.970.69 14 0.52 0.51 0.66 0.96
139,0.61 8 0.01 0.49 0.24 0.890.37 14 0.28 0.20 0.52 0.990.31 8 0.46 0.36 0.58 0.580.57 8 0.01 0.43 0.23 0.880.47 15 0.08 0.06 0.16 0.180.38 4 0.85 0.33 0.89 0.460.90 14 0.27 0.19 0.49 0.990.31 8 0.00 0.49 0.23 0.890.32 4 0.81 0.33 0.88 0.560.69 14 0.27 0.34 0.63 1.000.33 14 0.29 0.20 0.49 0.620.44 4 0.63 0.71 0.67 0.820.53 14 0.29 0.19 0.46 0.510.51 4 0.77 0.34 0.80 0.440.53 14 0.29 0.19 0.50 0.66
140,0.0 1 0.0 0.0 10.0 10.0
141,0.58 1 0.13 0.32 0.29 0.780.46 1 0.49 0.55 0.65 0.990.55 1 0.47 0.55 0.65 1.000.40 1 0.51 0.56 0.61 0.990.36 14 0.13 0.04 0.28 0.410.95 14 0.13 0.04 0.27 0.660.97 14 0.48 0.24 0.66 0.930.32 1 0.28 0.55 0.63 1.000.62 1 0.28 0.55 0.64 1.00
142,0.66 6 0.94 0.19 1.00 0.290.91 6 0.83 0.21 0.99 0.360.77 6 0.41 0.24 0.87 0.78
143,0.94 14 0.13 0.58 0.40 1.000.79 14 0.32 0.06 0.89 1.00
144,0.34 6 0.00 0.12 0.13 0.240.94 14 0.00 0.01 0.53 1.000.94 14 0.74 0.16 0.85 0.360.30 14 0.73 0.16 0.88 1.00
145,0.0 1 0.0 0.0 10.0 10.0
146,0.68 14 0.47 0.19 0.54 0.240.62 14 0.02 0.01 0.28 0.15
147,0.47 14 0.42 0.21 0.56 0.380.42 14 0.52 0.14 0.75 0.660.72 14 0.11 0.34 0.48 0.660.49 14 0.11 0.16 0.37 0.670.32 14 0.12 0.33 0.59 1.000.44 14 0.11 0.03 0.55 0.670.42 14 0.11 0.15 0.52 0.670.36 14 0.41 0.20 0.75 0.660.42 14 0.29 0.21 0.59 0.650.45 14 0.01 0.16 0.32 0.670.36 14 0.14 0.22 0.58 0.650.34 14 0.11 0.17 0.34 0.660.53 14 0.45 0.15 0.74 0.660.37 14 0.46 0.31 0.74 0.65
148,0.55 6 0.15 0.16 0.81 0.550.57 6 0.33 0.18 0.48 0.240.73 6 0.01 0.18 0.80 0.650.94 14 0.26 0.07 0.36 0.250.55 6 0.19 0.05 0.45 0.200.80 6 0.12 0.12 0.23 0.180.97 14 0.03 0.04 0.13 0.330.31 6 0.01 0.13 0.82 0.670.33 6 0.12 0.12 0.23 0.180.93 14 0.82 0.08 0.88 0.22
149,0.0 1 0.0 0.0 10.0 10.0
150,0.71 14 0.14 0.17 0.35 0.550.95 14 0.33 0.25 0.51 0.55
151,0.32 8 0.55 0.36 0.78 0.540.97 14 0.29 0.21 0.53 0.590.48 8 0.40 0.46 0.58 0.660.50 8 0.39 0.46 0.60 0.66
152,0.78 6 0.06 0.54 0.60 0.780.48 6 0.05 0.34 0.60 0.79
153,0.37 6 0.01 0.58 0.67 0.980.83 6 0.00 0.67 0.05 0.740.51 6 0.12 0.64 0.19 0.700.85 6 0.00 0.59 0.67 0.980.83 6 0.03 0.65 0.12 0.73
154,0.0 1 0.0 0.0 10.0 10.0
155,0.48 14 0.29 0.23 0.63 0.750.32 14 0.75 0.22 0.82 0.320.84 14 0.18 0.29 0.24 0.440.95 14 0.16 0.29 0.23 0.440.94 14 0.30 0.20 0.50 0.750.58 14 0.46 0.24 0.63 0.630.95 14 0.10 0.32 0.16 0.470.74 14 0.10 0.32 0.16 0.480.85 14 0.46 0.24 0.63 0.74
156,0.91 6 0.75 0.41 0.87 0.490.43 6 0.64 0.41 0.74 0.490.90 6 0.64 0.41 0.74 0.490.89 6 0.13 0.39 0.24 0.470.34 6 0.01 0.40 0.14 0.470.84 6 0.24 0.40 0.36 0.470.46 6 0.13 0.39 0.24 0.470.85 6 0.50 0.40 0.59 0.480.85 6 0.37 0.40 0.46 0.470.90 6 0.01 0.39 0.15 0.47
157,0.69 8 0.42 0.40 0.60 0.690.33 8 0.63 0.53 0.90 0.730.65 14 0.67 0.37 0.74 0.470.32 8 0.62 0.53 0.90 0.730.45 8 0.42 0.49 0.59 0.690.38 8 0.41 0.41 0.60 0.600.46 8 0.00 0.51 0.07 0.640.33 8 0.37 0.30 0.49 0.470.33 8 0.54 0.30 0.63 0.460.32 8 0.37 0.30 0.54 0.470.54 8 0.42 0.42 0.59 0.660.35 8 0.57 0.30 0.63 0.450.45 8 0.64 0.42 0.75 0.54
158,0.33 14 0.30 0.32 0.51 0.470.57 14 0.26 0.35 0.63 1.000.58 14 0.49 0.21 0.68 0.860.42 14 0.44 0.21 0.68 1.000.64 14 0.06 0.34 0.50 1.000.65 14 0.26 0.36 0.56 1.000.35 14 0.26 0.35 0.49 1.000.69 14 0.06 0.35 0.63 1.000.41 14 0.50 0.21 0.67 0.870.92 14 0.00 0.26 0.22 1.000.40 14 0.52 0.39 0.67 0.980.45 14 0.48 0.21 0.75 1.000.31 14 0.00 0.28 0.21 0.800.44 14 0.26 0.34 0.50 1.000.34 14 0.39 0.21 0.68 1.000.72 14 0.40 0.20 0.68 1.00
159,0.0 1 0.0 0.0 10.0 10.0
160,0.95 14 0.31 0.11 0.46 0.49
161,0.0 1 0.0 0.0 10.0 10.0
162,0.92 14 0.75 0.52 0.88 0.730.41 14 0.03 0.02 0.89 0.750.43 14 0.33 0.19 0.52 0.46
163,0.31 4 0.53 0.06 0.59 0.260.75 4 0.53 0.06 0.59 0.26
164,0.58 14 0.36 0.10 0.60 0.440.76 6 0.71 0.63 0.84 0.700.59 14 0.16 0.10 0.66 0.520.36 6 0.71 0.49 0.84 0.570.52 6 0.50 0.65 0.62 0.710.44 6 0.27 0.51 0.40 0.590.59 6 0.49 0.50 0.63 0.580.83 14 0.35 0.09 0.65 0.470.52 6 0.72 0.62 0.84 0.700.38 6 0.49 0.50 0.63 0.58
165,0.0 1 0.0 0.0 10.0 10.0
166,0.41 14 0.00 0.54 0.67 1.00
167,0.93 14 0.37 0.35 0.57 0.750.39 14 0.75 0.35 0.99 1.000.54 14 0.60 0.35 0.93 1.000.60 14 0.64 0.35 0.89 0.740.43 14 0.60 0.18 0.83 0.710.38 14 0.62 0.41 0.81 0.730.85 14 0.75 0.35 0.89 0.750.84 14 0.01 0.21 0.30 0.740.34 14 0.00 0.21 0.16 0.720.36 14 0.27 0.51 0.38 0.620.51 14 0.60 0.18 0.84 0.600.71 14 0.00 0.21 0.37 0.750.39 14 0.37 0.36 0.55 0.660.70 14 0.00 0.22 0.34 1.000.76 14 0.60 0.34 0.89 0.740.91 14 0.60 0.18 0.84 0.740.32 14 0.62 0.18 0.83 0.50
168,0.62 6 0.00 0.54 0.21 0.750.62 6 0.39 0.32 0.62 0.490.39 14 0.83 0.35 0.85 0.430.86 6 0.76 0.44 0.99 0.660.87 14 0.84 0.35 0.86 0.430.31 14 0.81 0.34 0.84 0.430.41 6 0.38 0.32 0.62 0.490.87 6 0.09 0.33 0.35 0.480.76 6 0.00 0.46 0.20 0.760.92 14 0.81 0.34 0.84 0.430.45 6 0.62 0.25 0.78 0.45
169,0.89 14 0.16 0.25 0.46 0.570.70 14 0.26 0.25 0.45 0.56
170,0.0 1 0.0 0.0 10.0 10.0
171,0.39 14 0.43 0.14 0.88 0.670.37 14 0.39 0.14 0.77 0.670.66 14 0.40 0.14 0.89 0.670.72 14 0.40 0.14 0.89 1.00
172,0.56 15 0.37 0.25 0.44 0.300.86 14 0.37 0.21 0.60 0.620.85 14 0.62 0.25 0.66 0.350.35 6 0.15 0.42 0.24 0.460.60 6 0.14 0.42 0.21 0.460.77 14 0.42 0.21 0.59 0.620.44 6 0.16 0.29 0.76 0.600.62 14 0.54 0.24 0.66 0.590.38 15 0.36 0.25 0.42 0.300.79 14 0.47 0.22 0.66 0.63
173,0.0 1 0.0 0.0 10.0 10.0
174,0.39 6 0.48 0.18 0.56 0.250.47 6 0.02 0.11 0.72 0.470.31 6 0.18 0.11 0.73 0.470.60 6 0.02 0.23 0.22 0.450.65 6 0.02 0.12 0.99 0.470.54 6 0.60 0.21 0.99 0.450.54 6 0.18 0.22 0.72 0.46
175,0.0 1 0.0 0.0 10.0 10.0
176,0.33 14 0.27 0.25 0.44 0.500.69 14 0.19 0.25 0.46 1.000.37 14 0.00 0.33 0.09 0.440.38 14 0.20 0.27 0.44 0.700.35 14 0.26 0.25 0.44 0.640.58 14 0.24 0.25 0.51 0.770.63 14 0.27 0.25 0.42 0.410.61 14 0.18 0.33 0.51 0.750.79 14 0.12 0.40 0.19 0.49
177,0.0 1 0.0 0.0 10.0 10.0
178,0.31 6 0.14 0.18 0.64 0.540.96 14 0.04 0.06 0.18 0.530.83 6 0.04 0.14 0.64 0.54
179,0.54 14 0.18 0.47 0.51 0.74
180,0.88 6 0.39 0.37 0.50 0.460.49 6 0.83 0.24 0.87 0.280.42 6 0.83 0.24 0.89 0.280.40 6 0.39 0.37 0.50 0.450.88 6 0.82 0.24 0.89 0.28
181,0.0 1 0.0 0.0 10.0 10.0
182,0.34 13 0.09 0.25 0.79 0.620.33 13 0.10 0.13 0.81 0.61
183,0.43 14 0.20 0.28 0.67 1.000.76 14 0.10 0.27 0.67 1.00
184,0.34 19 0.16 0.10 0.52 0.400.43 8 0.45 0.47 0.61 0.820.40 19 0.15 0.10 0.52 0.410.68 8 0.45 0.50 0.60 0.830.58 8 0.46 0.50 0.60 0.72
185,0.48 14 0.24 0.23 0.55 0.960.37 14 0.01 0.20 0.56 0.980.37 14 0.10 0.05 0.53 0.900.46 14 0.27 0.04 0.53 0.970.31 14 0.09 0.05 0.49 0.530.85 14 0.09 0.05 0.55 0.96
186,0.87 14 0.28 0.15 0.47 0.500.31 14 0.23 0.24 0.30 0.300.31 14 0.16 0.21 0.33 0.500.79 14 0.00 0.16 0.19 0.490.35 14 0.00 0.16 0.19 0.420.32 14 0.59 0.15 0.89 0.510.33 14 0.33 0.17 0.46 0.370.67 14 0.30 0.15 0.46 0.420.40 14 0.00 0.16 0.19 0.650.65 14 0.21 0.16 0.47 0.500.75 14 0.65 0.16 0.89 0.520.32 14 0.17 0.16 0.47 0.500.56 14 0.01 0.17 0.32 0.670.53 14 0.28 0.15 0.62 0.500.82 14 0.16 0.23 0.32 0.470.35 14 0.00 0.17 0.31 0.670.48 14 0.04 0.16 0.19 0.410.49 14 0.00 0.24 0.04 0.320.91 14 0.00 0.16 0.20 0.660.76 14 0.22 0.24 0.31 0.390.94 14 0.65 0.15 0.89 0.630.59 4 0.31 0.45 0.39 0.670.41 4 0.55 0.44 0.61 0.540.48 14 0.65 0.15 0.86 0.43
187,0.0 1 0.0 0.0 10.0 10.0
188,0.51 14 0.44 0.29 0.48 0.33
189,0.0 1 0.0 0.0 10.0 10.0
190,0.48 14 0.51 0.18 0.62 0.400.83 14 0.34 0.16 0.48 0.420.36 14 0.20 0.21 0.24 0.310.41 8 0.67 0.48 0.89 0.670.89 14 0.62 0.16 0.72 0.520.91 14 0.20 0.28 0.39 0.480.59 14 0.35 0.16 0.50 0.470.95 14 0.52 0.18 0.62 0.490.92 14 0.69 0.14 0.87 0.440.34 14 0.51 0.18 0.65 0.640.94 14 0.38 0.27 0.55 0.470.96 14 0.21 0.13 0.35 0.400.34 14 0.18 0.15 0.39 0.550.97 14 0.05 0.14 0.21 0.460.45 14 0.20 0.21 0.26 0.410.86 14 0.68 0.14 0.87 0.580.41 14 0.33 0.17 0.45 0.360.34 14 0.49 0.18 0.68 0.660.67 14 0.61 0.16 0.72 0.44
191,0.75 14 0.25 0.02 0.47 0.350.54 14 0.26 0.16 0.51 0.970.50 14 0.02 0.03 0.28 0.290.37 14 0.14 0.02 0.44 0.450.77 14 0.14 0.22 0.59 0.980.40 14 0.25 0.02 0.50 0.980.52 14 0.14 0.21 0.33 0.980.41 14 0.25 0.02 0.49 0.660.64 14 0.14 0.20 0.49 0.98
192,0.0 1 0.0 0.0 10.0 10.0
193,0.0 1 0.0 0.0 10.0 10.0
194,0.37 8 0.66 0.30 0.88 0.670.47 8 0.28 0.35 0.52 0.660.59 15 0.14 0.18 0.24 0.320.57 15 0.49 0.28 0.56 0.370.33 15 0.15 0.21 0.24 0.320.44 8 0.66 0.30 0.88 0.660.40 8 0.65 0.30 0.88 0.67
195,0.96 14 0.12 0.23 0.32 0.67
196,0.83 14 0.34 0.02 0.61 1.000.48 14 0.35 0.02 0.59 0.470.60 14 0.00 0.25 0.65 1.000.31 14 0.22 0.02 0.61 1.000.50 14 0.35 0.02 0.59 0.660.91 14 0.00 0.24 0.34 1.000.37 14 0.35 0.03 0.60 0.870.34 14 0.41 0.85 0.66 1.00
197,0.0 1 0.0 0.0 10.0 10.0
198,0.76 6 0.01 0.11 0.80 0.67
199,0.69 14 0.97 0.34 1.00 0.400.92 14 0.16 0.23 0.21 0.310.54 14 0.78 0.32 0.82 0.370.87 14 0.42 0.11 0.57 0.310.81 14 0.39 0.11 0.58 0.450.66 6 0.93 0.34 1.00 0.390.31 14 0.66 0.29 0.72 0.390.58 14 0.66 0.29 0.73 0.45
200,0.89 14 0.46 0.12 0.62 0.430.72 14 0.46 0.12 0.62 0.58
201,0.55 15 0.51 0.30 0.56 0.360.37 8 -0.00 0.54 0.31 0.900.31 8 0.47 0.51 0.66 0.660.37 14 0.60 0.38 0.68 0.650.64 14 0.00 0.37 0.06 0.450.31 19 0.26 0.38 0.37 0.490.45 19 0.25 0.38 0.37 0.490.37 8 0.00 0.55 0.30 0.810.42 8 0.00 0.54 0.31 0.900.70 15 0.06 0.34 0.12 0.430.42 8 0.00 0.54 0.31 0.900.59 14 0.60 0.37 0.67 0.550.36 8 0.47 0.51 0.62 0.660.34 15 0.56 0.49 0.62 0.53
202,0.0 1 0.0 0.0 10.0 10.0
203,0.0 1 0.0 0.0 10.0 10.0
204,0.0 1 0.0 0.0 10.0 10.0
205,0.32 6 0.85 0.33 0.94 0.390.86 6 0.02 0.32 0.78 0.65
206,0.94 14 0.02 0.08 0.59 0.99
207,0.46 14 0.00 0.21 0.66 1.000.42 14 0.00 0.02 0.67 1.00
208,0.68 14 0.53 0.46 0.58 0.630.97 14 0.03 0.36 0.12 0.690.79 14 0.49 0.46 0.61 0.65
209,0.0 1 0.0 0.0 10.0 10.0
210,0.72 14 0.04 0.78 0.25 1.000.43 14 0.32 0.83 0.43 0.960.30 14 0.13 0.77 0.24 0.930.42 14 0.71 0.82 0.88 1.000.88 14 0.04 0.80 0.15 1.000.42 14 0.82 0.84 0.89 1.000.76 14 0.32 0.83 0.44 1.000.76 14 0.21 0.80 0.31 1.000.36 14 0.15 0.78 0.43 1.000.54 14 0.25 0.02 0.64 1.000.45 14 0.43 0.65 0.71 1.000.33 14 0.20 0.82 0.43 1.000.87 14 0.26 0.40 0.41 0.810.91 14 0.10 0.77 0.24 1.000.54 14 0.11 0.77 0.31 1.000.31 14 0.26 0.41 0.36 0.630.55 14 0.53 0.16 0.87 1.000.48 14 0.05 0.77 0.23 1.000.36 14 0.27 0.40 0.36 0.550.78 14 0.25 0.40 0.42 0.940.36 14 0.12 0.76 0.23 0.880.31 14 0.41 0.11 0.66 1.000.38 14 0.41 0.14 0.87 1.000.31 14 0.46 0.64 0.72 1.000.73 14 0.52 0.18 0.63 0.43
211,0.96 14 0.23 0.24 0.37 0.49
212,0.83 6 0.03 0.28 0.86 0.75
213,0.60 14 0.06 0.65 0.09 0.75
214,0.31 19 0.01 0.13 0.33 0.620.53 6 0.50 0.58 0.56 0.640.35 14 0.34 0.04 0.88 1.000.88 14 0.52 0.04 0.88 1.00
215,0.48 14 0.26 0.00 0.72 1.000.53 14 0.01 0.00 0.53 0.850.80 14 0.07 0.00 0.72 1.00
216,0.90 14 0.64 0.26 0.84 0.850.33 8 0.43 0.44 0.50 0.570.64 14 0.85 0.12 0.89 0.470.34 8 0.55 0.42 0.62 0.590.98 14 0.09 0.22 0.22 0.710.31 14 0.64 0.26 0.86 0.830.67 14 0.85 0.12 0.89 0.620.74 14 0.51 0.25 0.88 0.900.88 14 0.64 0.26 0.87 0.85
217,0.49 6 0.02 0.01 1.00 1.00
218,0.39 14 0.23 0.26 0.40 0.700.33 14 -0.00 0.25 0.59 1.000.54 14 0.28 0.26 0.37 0.430.46 14 0.00 0.25 0.39 0.790.53 14 0.00 0.00 0.73 1.00
219,0.71 14 0.00 0.67 0.23 1.000.61 15 0.08 0.67 0.16 0.810.36 14 0.00 0.68 0.12 0.990.39 14 0.00 0.68 0.09 0.990.45 15 0.82 0.55 0.89 0.680.31 15 0.07 0.69 0.14 0.810.34 15 0.06 0.67 0.16 0.810.43 15 0.06 0.68 0.14 0.810.78 15 0.06 0.67 0.15 0.810.47 14 0.00 0.68 0.10 1.00
220,0.0 1 0.0 0.0 10.0 10.0
221,0.38 14 0.32 0.12 0.48 0.550.31 14 0.15 0.12 0.48 0.640.84 14 0.21 0.12 0.48 0.620.52 14 0.15 0.12 0.45 0.490.42 14 0.15 0.12 0.48 0.940.33 14 0.20 0.10 0.73 0.940.42 14 0.33 0.12 0.44 0.34
222,0.40 14 0.33 0.32 0.57 0.670.56 14 0.47 0.49 0.55 0.590.48 14 0.53 0.39 0.66 0.650.84 14 0.18 0.23 0.22 0.350.32 14 0.54 0.54 0.63 0.660.68 14 0.06 0.31 0.58 0.660.36 14 0.51 0.38 0.84 0.820.56 14 0.54 0.50 0.66 0.65
223,0.92 14 0.17 0.38 0.24 0.580.96 14 0.57 0.26 0.66 0.61
224,0.61 6 0.09 0.25 0.92 0.91
225,0.0 1 0.0 0.0 10.0 10.0
226,0.44 14 0.04 0.00 0.82 1.00
227,0.61 14 0.29 0.53 0.36 0.58
228,0.37 14 0.45 0.12 0.54 0.330.88 14 0.29 0.09 0.39 0.260.90 14 0.04 0.11 0.24 0.490.38 14 0.09 0.12 0.21 0.260.60 14 0.77 0.16 0.84 0.270.69 14 0.67 0.15 0.81 0.450.30 14 0.39 0.11 0.53 0.210.40 14 0.38 0.11 0.54 0.350.39 14 0.73 0.15 0.83 0.280.47 14 0.69 0.15 0.86 0.430.63 14 0.00 0.22 0.07 0.570.45 14 0.67 0.15 0.85 0.410.62 14 0.26 0.10 0.40 0.510.90 14 0.38 0.11 0.54 0.520.36 14 0.20 0.09 0.39 0.310.72 14 0.03 0.10 0.37 0.540.60 14 0.10 0.10 0.27 0.260.60 14 0.20 0.10 0.32 0.280.70 14 0.68 0.16 0.94 0.520.31 14 0.19 0.11 0.28 0.280.61 14 0.55 0.15 0.87 0.520.40 14 0.53 0.15 0.65 0.550.38 14 0.54 0.15 0.65 0.450.80 14 0.68 0.15 0.80 0.29
229,0.79 14 0.33 0.09 0.55 0.360.57 14 0.25 0.09 0.64 0.360.66 14 0.32 0.09 0.61 0.36
230,0.95 14 0.37 0.21 0.49 0.370.97 14 0.21 0.17 0.32 0.380.97 14 0.67 0.10 0.77 0.340.77 14 0.48 0.26 0.56 0.350.41 14 0.40 0.23 0.50 0.37
231,0.0 1 0.0 0.0 10.0 10.0
232,0.0 1 0.0 0.0 10.0 10.0
233,0.74 14 0.51 0.28 0.58 0.350.83 6 0.01 0.25 0.97 0.60
234,0.91 14 0.28 0.09 0.62 0.60
235,0.34 6 0.16 0.07 0.76 0.55
236,0.36 14 0.14 0.20 0.52 1.000.33 14 0.01 0.20 0.61 1.000.87 14 0.00 0.19 0.53 1.000.42 14 0.00 0.19 0.66 1.00
237,0.81 14 0.02 0.00 0.33 0.430.35 14 0.37 0.32 0.45 0.400.40 14 0.02 0.13 0.09 0.380.82 14 0.02 -0.00 0.20 0.420.54 14 0.03 0.12 0.17 0.420.34 14 0.02 0.13 0.10 0.420.45 14 0.37 0.08 0.68 0.59
238,0.79 6 0.00 0.22 0.88 0.57
239,0.0 1 0.0 0.0 10.0 10.0
240,0.64 14 0.37 0.16 0.58 0.430.34 6 0.97 0.25 1.00 0.320.52 14 0.58 0.17 0.71 0.280.54 14 0.79 0.15 0.93 0.370.39 1 0.58 0.27 0.71 0.410.30 14 0.80 0.15 0.90 0.290.91 14 0.18 0.16 0.36 0.500.94 14 0.58 0.16 0.73 0.380.93 14 0.80 0.15 0.93 0.30
241,0.31 6 0.06 0.14 0.81 0.75
242,0.0 1 0.0 0.0 10.0 10.0
243,0.0 1 0.0 0.0 10.0 10.0
244,0.30 14 0.00 0.21 0.04 0.33
245,0.35 14 0.56 0.20 0.90 0.500.43 14 0.57 0.27 0.77 0.520.45 14 0.73 0.20 0.90 0.430.31 14 0.58 0.20 0.90 0.510.44 14 0.48 0.20 0.91 0.530.73 14 0.50 0.28 0.77 0.520.57 14 0.73 0.20 0.90 0.510.48 14 0.57 0.28 0.77 0.500.40 14 0.62 0.29 0.77 0.51
246,0.82 14 0.05 0.00 0.68 1.00
247,0.0 1 0.0 0.0 10.0 10.0
248,0.39 14 0.72 0.39 0.79 0.460.39 14 0.02 0.25 0.77 0.750.37 14 0.23 0.34 0.36 0.510.39 14 0.02 0.19 0.56 1.000.77 14 0.02 0.25 0.95 1.00
249,0.51 8 0.04 0.67 0.33 1.000.45 8 0.60 0.65 0.86 1.000.76 15 0.27 0.47 0.35 0.610.31 8 0.04 0.66 0.34 1.000.39 15 0.27 0.47 0.35 0.580.34 8 0.60 0.65 0.86 1.00
250,0.84 6 0.06 0.28 0.85 0.86
251,0.75 14 0.30 0.22 0.52 1.000.53 14 0.01 0.75 0.16 0.940.53 14 0.59 0.56 0.71 0.780.81 14 0.59 0.56 0.76 0.900.87 14 0.21 0.24 0.38 0.880.36 14 0.35 0.22 0.51 0.810.44 14 0.20 0.23 0.51 0.940.75 14 0.21 0.24 0.38 0.800.67 14 0.30 0.22 0.51 0.830.32 14 0.20 0.24 0.38 0.680.65 14 0.61 0.36 0.93 0.900.55 14 0.75 0.35 0.91 0.720.46 14 0.59 0.56 0.68 0.900.72 14 0.23 0.36 1.00 1.00
252,0.71 14 0.27 0.23 0.61 1.000.55 14 0.58 0.31 0.78 1.000.70 14 0.68 0.07 0.91 1.000.74 14 0.61 0.29 0.91 1.000.42 14 0.58 0.12 0.78 0.440.81 14 0.58 0.12 0.79 1.000.33 14 0.68 0.08 0.78 0.360.35 14 0.68 0.07 0.91 0.730.32 14 0.56 0.12 0.74 0.450.90 14 0.27 0.25 0.44 1.000.38 14 0.68 0.07 0.91 0.710.55 14 0.69 0.08 0.90 0.430.56 14 0.43 0.22 0.61 0.750.82 14 0.05 0.20 0.30 1.000.84 14 0.00 0.20 0.30 1.000.70 14 0.59 0.09 0.91 1.000.78 14 0.41 0.22 0.60 0.960.36 14 0.41 0.12 0.78 1.000.47 14 0.68 0.07 0.91 0.740.43 14 0.56 0.12 0.70 0.440.52 14 0.57 0.12 0.71 0.38
253,0.0 1 0.0 0.0 10.0 10.0
254,0.78 14 0.44 0.37 0.51 0.490.90 14 0.58 0.44 0.62 0.590.86 6 0.52 0.59 0.67 0.670.38 6 0.01 0.39 0.57 0.940.33 6 0.00 0.33 0.06 0.440.90 14 0.53 0.48 0.56 0.610.67 14 0.44 0.36 0.53 0.670.95 14 0.23 0.34 0.40 0.93
255,0.39 14 0.24 0.00 0.74 0.960.63 14 0.00 0.00 0.68 0.970.48 14 0.00 0.00 0.76 0.990.31 14 0.24 0.01 0.65 0.95
256,0.79 14 0.05 0.09 0.13 0.430.90 14 0.00 0.10 0.06 0.40
257,0.36 6 0.39 0.14 0.81 0.470.76 6 0.32 0.36 0.76 0.66
258,0.61 14 0.00 0.54 0.19 1.000.42 14 0.58 0.72 0.67 1.000.66 14 0.00 0.54 0.17 1.000.34 14 0.57 0.71 0.67 0.990.68 14 0.48 0.50 0.67 1.000.47 14 0.00 0.27 0.15 0.750.32 14 0.09 0.00 0.58 0.680.32 14 0.00 0.56 0.17 0.780.31 14 0.00 0.43 0.32 1.000.37 14 0.00 0.55 0.17 0.780.50 14 0.09 0.00 0.43 0.600.61 14 0.00 0.01 0.57 1.000.39 14 0.00 0.27 0.20 1.000.67 14 0.09 0.01 0.58 1.000.67 14 0.47 0.50 0.67 1.00
259,0.91 14 0.46 0.31 0.54 0.430.85 14 0.02 0.26 0.08 0.370.34 14 0.70 0.37 0.88 0.560.64 14 0.21 0.32 0.29 0.510.86 14 0.00 0.44 0.04 0.570.37 14 0.73 0.41 0.88 0.550.78 14 0.12 0.20 0.22 0.520.76 14 0.68 0.35 0.74 0.480.32 14 0.69 0.35 0.89 0.540.97 14 0.53 0.18 0.61 0.430.39 14 0.01 0.26 0.10 0.510.95 14 0.33 0.10 0.48 0.440.59 14 0.68 0.34 0.75 0.520.95 14 0.21 0.31 0.29 0.450.97 14 0.11 0.31 0.21 0.520.89 14 0.14 0.20 0.21 0.370.96 14 0.03 0.34 0.12 0.550.47 6 0.00 0.29 0.89 0.760.64 14 0.03 0.34 0.13 0.510.83 14 0.01 0.27 0.06 0.350.84 14 0.29 0.33 0.35 0.430.96 14 0.50 0.39 0.70 0.56
260,0.47 8 0.39 0.46 0.50 0.680.47 8 0.20 0.47 0.33 0.650.69 8 0.46 0.52 0.67 0.760.66 8 0.27 0.53 0.44 0.760.44 15 0.32 0.45 0.43 0.540.36 14 0.25 0.34 0.57 0.740.33 8 0.46 0.53 0.59 0.750.42 8 0.21 0.47 0.33 0.650.65 8 0.08 0.50 0.29 0.760.38 8 0.50 0.47 0.63 0.640.45 14 0.37 0.34 0.57 0.470.54 8 0.07 0.49 0.29 0.760.30 8 0.24 0.46 0.33 0.560.43 8 0.07 0.49 0.20 0.750.54 8 0.28 0.46 0.49 0.750.32 8 0.43 0.49 0.66 0.750.59 8 0.46 0.50 0.68 0.760.57 14 0.50 0.37 0.57 0.46
261,0.0 1 0.0 0.0 10.0 10.0
262,0.0 1 0.0 0.0 10.0 10.0
263,0.78 14 0.34 0.06 0.56 0.410.86 14 0.32 0.22 0.63 0.760.47 14 0.32 0.24 0.63 1.000.35 14 0.33 0.05 0.62 0.590.31 14 0.32 0.06 0.64 0.770.63 14 0.00 0.23 0.63 1.000.34 14 0.32 0.32 0.62 0.760.36 14 0.31 0.22 0.64 0.81
264,0.0 1 0.0 0.0 10.0 10.0
265,0.87 14 0.53 0.37 0.56 0.470.86 14 0.34 0.37 0.37 0.480.85 14 0.38 0.40 0.46 0.650.49 1 0.58 0.49 0.72 0.670.93 14 0.09 0.22 0.13 0.380.32 1 0.58 0.43 0.72 0.680.55 14 0.59 0.41 0.69 0.640.31 1 0.23 0.48 0.50 0.770.90 14 0.20 0.32 0.24 0.400.69 1 0.23 0.45 0.51 0.790.61 14 0.70 0.37 0.73 0.470.73 1 0.56 0.44 0.72 0.680.65 1 0.22 0.50 0.52 0.790.69 14 0.39 0.40 0.47 0.650.95 14 0.25 0.42 0.35 0.710.33 14 0.23 0.33 0.26 0.400.68 14 0.60 0.36 0.68 0.630.43 14 0.34 0.37 0.37 0.430.77 14 0.18 0.34 0.21 0.410.63 14 0.57 0.34 0.69 0.630.44 1 0.56 0.32 0.72 0.680.63 14 0.58 0.35 0.61 0.470.44 1 0.22 0.41 0.71 0.780.70 14 0.60 0.36 0.63 0.46
266,0.0 1 0.0 0.0 10.0 10.0
267,0.34 14 0.48 0.49 0.66 0.88
268,0.85 14 0.69 0.20 0.78 0.350.32 14 0.19 0.15 0.31 0.370.39 14 0.19 0.20 0.30 0.350.37 14 -0.00 0.01 0.33 1.000.56 14 0.00 0.20 0.31 0.50
269,0.47 14 0.50 0.43 0.59 0.570.37 14 0.02 0.03 0.45 0.810.90 14 0.00 0.25 0.55 1.000.40 14 0.40 0.48 0.59 1.000.38 14 0.00 0.26 0.43 0.810.51 14 0.00 0.03 0.50 1.000.53 14 0.42 0.44 0.59 0.850.43 14 0.43 0.43 0.60 1.00
270,0.82 14 0.75 0.54 0.80 0.970.38 6 0.00 0.21 0.77 0.870.93 14 0.75 0.55 0.79 0.75
271,0.55 6 0.76 0.56 0.86 0.670.84 6 0.75 0.55 0.89 0.670.65 6 0.75 0.56 0.86 0.670.37 6 0.85 0.53 0.91 0.590.86 14 0.14 0.37 0.21 0.570.72 14 0.02 0.40 0.09 0.610.93 14 0.01 0.40 0.09 0.770.85 14 0.13 0.37 0.21 0.820.41 14 0.01 0.38 0.19 0.790.40 6 0.76 0.55 0.86 0.66
272,0.37 14 0.22 0.56 0.43 0.970.30 14 0.03 0.27 0.39 0.840.90 14 0.03 0.27 0.39 0.970.36 14 0.03 0.27 0.35 0.84
273,0.53 14 0.00 0.06 0.88 0.73
274,0.48 14 0.56 0.47 0.78 0.730.51 14 0.66 0.41 0.88 0.740.55 14 0.50 0.11 0.85 0.620.75 14 0.56 0.42 0.88 0.740.89 14 0.50 0.11 0.85 0.730.70 14 0.56 0.47 0.72 0.720.31 14 0.50 0.11 0.85 0.49
275,0.30 8 0.00 0.72 0.13 1.000.83 14 0.01 0.72 0.12 0.940.62 14 0.13 0.09 0.18 0.240.41 8 0.27 0.50 0.41 0.750.50 8 0.27 0.65 0.51 0.900.94 14 0.15 0.31 0.21 0.490.51 8 0.28 0.54 0.39 0.730.62 15 0.46 0.18 0.57 0.400.62 8 0.26 0.65 0.53 1.000.42 8 0.39 0.64 0.54 0.970.34 8 0.28 0.50 0.41 0.660.49 8 0.26 0.76 0.48 1.000.88 14 0.27 0.33 0.32 0.500.55 14 0.05 0.73 0.11 0.840.71 14 0.06 0.63 0.13 0.870.93 14 0.35 0.43 0.42 0.520.38 8 0.25 0.66 0.39 1.000.55 14 0.05 0.63 0.13 0.910.88 14 0.07 0.63 0.13 0.790.85 14 0.00 0.79 0.09 0.940.65 14 0.35 0.43 0.43 0.570.93 14 0.45 0.46 0.52 0.580.41 8 0.26 0.50 0.54 1.000.33 15 0.49 0.30 0.56 0.410.32 8 0.26 0.68 0.54 0.99
276,0.85 6 0.03 0.36 0.80 0.64
277,0.40 14 0.00 0.02 0.54 0.730.77 14 0.00 0.01 0.88 0.73
278,0.68 14 0.51 0.33 0.74 0.610.33 13 0.10 0.13 0.75 0.71
279,0.53 14 0.52 0.25 0.57 0.31
280,0.0 1 0.0 0.0 10.0 10.0
281,0.0 1 0.0 0.0 10.0 10.0
282,0.0 1 0.0 0.0 10.0 10.0
283,0.45 14 0.11 0.54 0.50 1.00
284,0.47 14 0.31 0.26 0.44 0.430.94 14 0.31 0.26 0.44 0.58
285,0.90 14 0.05 0.07 0.52 0.750.62 14 0.02 0.07 0.54 1.00
286,0.0 1 0.0 0.0 10.0 10.0
287,0.0 1 0.0 0.0 10.0 10.0
288,0.0 1 0.0 0.0 10.0 10.0
289,0.96 14 0.47 0.07 0.72 0.45
290,0.69 6 0.20 0.20 0.27 0.24
291,0.0 1 0.0 0.0 10.0 10.0
292,0.0 1 0.0 0.0 10.0 10.0
293,0.0 1 0.0 0.0 10.0 10.0
294,0.47 15 0.02 0.02 0.19 0.200.30 15 0.49 0.10 0.60 0.310.71 15 0.44 0.05 0.60 0.31
295,0.0 1 0.0 0.0 10.0 10.0
296,0.31 14 0.59 0.40 0.68 0.790.55 14 0.10 0.02 0.45 0.710.66 14 0.12 0.02 0.54 0.820.41 14 0.18 0.02 0.47 0.680.71 14 0.01 0.02 0.55 0.82
297,0.36 6 0.46 0.29 0.67 0.440.87 6 0.47 0.29 0.67 0.44
298,0.0 1 0.0 0.0 10.0 10.0
299,0.57 6 0.31 0.00 0.44 0.070.80 6 0.01 0.00 0.32 0.200.75 14 0.90 0.00 0.95 0.120.83 6 0.00 0.02 0.96 0.740.69 14 0.45 0.42 0.62 0.70
300,0.81 6 0.29 0.68 0.50 0.890.93 14 0.18 0.66 0.25 0.91
301,0.53 14 0.48 0.23 0.59 0.420.31 14 0.42 0.29 0.53 0.440.38 14 0.14 0.31 0.38 0.620.69 14 0.32 0.31 0.46 0.540.45 14 0.00 0.38 0.36 0.750.95 14 0.42 0.30 0.56 0.530.89 14 0.00 0.31 0.40 0.750.41 14 0.17 0.30 0.37 0.550.54 14 0.25 0.30 0.37 0.560.42 14 0.34 0.32 0.46 0.500.39 14 0.18 0.31 0.38 0.580.92 14 0.48 0.23 0.77 0.52
302,0.76 6 0.13 0.15 0.66 0.530.35 6 0.00 0.20 0.05 0.550.34 6 0.13 0.14 0.79 0.460.73 6 0.45 0.13 0.85 0.450.90 6 0.05 0.24 0.14 0.300.40 6 0.13 0.13 0.84 0.46
303,0.46 14 0.41 0.17 0.76 0.740.44 14 0.37 0.26 0.71 0.730.34 14 0.32 0.15 0.76 1.000.46 14 0.43 0.50 0.71 0.73
304,0.30 8 0.26 0.37 0.55 0.700.44 8 0.25 0.38 0.48 0.690.38 8 0.25 0.37 0.38 0.64
305,0.0 1 0.0 0.0 10.0 10.0
306,0.33 14 0.02 0.00 0.36 0.590.66 14 0.12 0.44 0.36 0.680.82 14 0.02 0.43 0.37 0.680.57 14 0.02 0.43 0.25 0.680.50 14 0.37 0.44 0.58 0.670.49 14 0.63 0.00 1.00 0.68
307,0.35 14 0.58 0.23 0.87 0.690.75 14 0.90 0.47 1.00 0.680.68 14 0.32 0.21 0.67 0.650.77 14 0.57 0.23 0.88 0.690.78 14 0.47 0.22 0.88 0.680.35 14 0.54 0.56 0.62 0.680.57 14 0.46 0.23 1.00 0.68
308,0.0 1 0.0 0.0 10.0 10.0
309,0.72 14 0.20 0.33 0.44 0.790.42 14 0.26 0.33 0.43 0.600.69 14 0.21 0.33 0.46 0.900.33 14 0.25 0.33 0.44 0.70
310,0.84 14 0.29 0.12 0.44 0.430.92 14 0.27 0.18 0.49 0.440.74 4 0.73 0.37 0.80 0.540.83 14 0.64 0.12 0.80 0.460.84 14 0.03 0.18 0.39 0.690.82 14 0.04 0.18 0.33 0.690.83 14 0.31 0.12 0.37 0.230.92 14 0.62 0.12 0.80 0.49
311,0.87 14 0.48 0.20 0.51 0.260.97 14 0.36 0.23 0.53 0.570.94 14 0.21 0.13 0.27 0.260.92 14 0.15 0.14 0.20 0.250.56 6 0.00 0.22 0.90 0.63
312,0.59 4 0.24 0.13 0.36 0.610.34 14 0.09 0.00 1.00 0.66
313,0.44 1 0.22 0.27 0.73 0.83
314,0.45 14 0.03 0.06 0.25 0.540.35 14 0.41 0.11 0.71 0.980.94 14 0.02 0.06 0.25 0.790.45 14 0.61 0.11 0.80 1.000.87 14 0.51 0.11 0.75 1.000.59 14 0.43 0.11 0.76 1.000.63 14 0.61 0.11 0.76 0.45
315,0.94 14 0.42 0.30 0.55 0.83
316,0.45 14 0.56 0.11 0.81 0.560.34 14 0.00 0.24 0.11 0.530.62 14 0.00 0.12 0.14 0.790.33 14 0.60 0.00 0.80 0.510.58 14 0.00 0.03 0.15 1.000.39 14 0.56 0.15 0.66 0.460.87 14 0.56 0.00 0.81 0.71
317,0.0 1 0.0 0.0 10.0 10.0
318,0.76 14 0.41 0.43 0.54 0.840.42 8 0.64 0.58 0.80 1.000.38 8 0.66 0.59 0.81 0.960.55 8 0.65 0.58 0.80 0.930.34 8 0.56 0.63 0.74 1.000.97 14 0.25 0.13 0.40 0.940.51 14 0.41 0.44 0.74 1.000.40 8 0.73 0.39 0.81 0.630.83 14 0.41 0.43 0.65 0.920.48 8 0.56 0.58 0.80 1.00
319,0.35 15 0.09 0.04 0.22 0.360.80 14 0.43 0.12 0.54 0.370.39 12 0.32 0.22 0.63 0.940.54 14 0.43 0.13 0.56 0.820.79 14 0.43 0.12 0.55 0.550.31 12 0.32 0.23 0.63 0.94
320,0.92 14 0.00 0.52 0.17 1.000.44 14 0.00 0.52 0.16 0.840.80 14 0.00 0.17 0.11 0.440.61 14 0.82 0.24 0.85 0.430.80 14 0.82 0.51 0.91 1.000.97 14 0.70 0.20 0.76 0.410.43 14 0.00 0.23 0.03 0.330.97 14 0.84 0.19 0.91 0.500.74 14 0.00 0.18 0.11 0.540.77 14 0.79 0.23 0.82 0.430.42 6 0.22 0.16 0.37 0.250.84 14 0.00 0.17 0.17 0.820.84 14 0.62 0.23 0.65 0.340.94 14 0.58 0.20 0.62 0.310.79 6 0.11 0.20 0.90 0.970.91 14 0.78 0.23 0.82 0.430.52 14 0.00 0.17 0.16 0.770.43 14 0.03 0.17 0.12 0.460.80 14 0.69 0.19 0.73 0.310.57 14 0.67 0.25 0.70 0.350.62 14 0.03 0.17 0.11 0.36
321,0.76 6 0.01 0.20 0.11 0.26
322,0.0 1 0.0 0.0 10.0 10.0
323,0.95 14 0.42 0.28 0.65 0.54
324,0.0 1 0.0 0.0 10.0 10.0
325,0.95 14 0.24 0.35 0.30 0.520.81 14 0.34 0.27 0.37 0.330.46 6 0.43 0.29 0.65 0.400.77 6 0.39 0.29 0.66 0.40
326,0.89 14 0.09 0.31 0.11 0.380.77 14 0.82 0.33 0.86 0.38
327,0.36 14 0.08 0.07 0.60 0.990.46 14 0.08 0.05 0.48 0.890.36 14 0.00 0.02 0.44 0.750.46 14 0.01 0.01 0.61 0.900.33 14 0.00 0.01 0.44 1.000.37 14 0.00 0.01 0.39 1.000.48 14 0.00 0.01 0.62 1.000.34 14 0.00 0.01 0.34 0.89
328,0.36 14 0.02 0.44 0.45 1.000.55 14 0.09 0.43 0.52 1.000.35 14 0.09 0.44 0.34 1.000.77 14 0.00 0.24 0.50 1.000.34 14 0.12 0.44 0.44 1.00
329,0.0 1 0.0 0.0 10.0 10.0
330,0.61 14 0.31 0.34 0.58 0.810.39 4 0.69 0.67 0.74 0.820.31 14 0.67 0.06 0.94 1.000.65 4 0.69 0.67 0.74 0.820.41 14 0.08 0.35 0.80 1.000.41 4 0.13 0.65 0.18 0.800.43 14 0.08 0.09 0.80 1.000.78 14 0.33 0.34 0.57 0.800.50 14 0.34 0.34 0.57 0.800.50 14 0.08 0.07 0.94 1.00
331,0.54 14 0.64 0.72 0.90 1.000.76 14 0.63 0.58 0.89 1.000.78 14 0.14 0.03 0.58 1.000.50 14 0.00 0.03 0.53 1.000.67 14 0.14 0.03 0.86 1.000.52 14 0.53 0.57 0.90 1.00
332,0.39 14 0.50 0.42 0.68 1.000.90 14 0.26 0.29 0.50 1.000.95 14 0.44 0.42 0.68 1.00
333,0.85 14 0.43 0.31 0.57 0.560.51 14 0.43 0.31 0.53 0.560.57 14 0.43 0.30 0.67 0.57
334,0.47 6 0.76 0.13 1.00 0.710.31 6 0.54 0.08 0.80 0.250.70 6 0.00 0.10 0.17 0.580.80 6 0.13 0.09 0.89 0.98
335,0.95 14 0.67 0.44 0.74 0.550.74 6 0.03 0.54 0.50 0.910.30 6 0.03 0.53 0.51 0.910.31 6 0.03 0.54 0.91 0.92
336,0.34 15 0.00 0.07 0.29 0.69
337,0.34 1 0.45 0.43 0.81 0.98
338,0.40 8 0.08 0.51 0.45 1.000.62 14 0.39 0.07 0.64 1.000.52 14 0.05 0.16 0.34 0.860.60 8 0.08 0.51 0.45 1.000.50 14 0.25 0.45 0.34 0.550.87 14 0.04 0.14 0.45 1.000.58 14 0.04 0.15 0.34 0.980.80 14 0.05 0.06 0.64 1.000.61 14 0.33 0.06 0.64 1.00
339,0.91 14 0.33 0.23 0.60 0.800.52 13 0.17 0.34 0.69 0.840.37 14 0.12 0.22 0.64 0.790.68 6 0.07 0.15 0.80 0.33
340,0.36 8 0.00 0.62 0.11 0.930.52 8 0.30 0.83 0.45 1.00
341,0.0 1 0.0 0.0 10.0 10.0
342,0.31 14 0.12 0.03 0.90 0.800.39 14 0.65 0.29 0.87 0.590.59 14 0.01 0.02 0.76 0.670.32 14 0.37 0.29 0.87 0.600.46 14 0.37 0.02 0.76 0.600.56 14 0.66 0.30 0.87 0.58
343,0.31 14 0.07 0.61 0.21 1.000.90 14 0.08 0.01 0.53 1.00
344,0.44 0 0.19 0.40 0.52 0.60
345,0.94 14 0.87 0.45 0.92 0.720.97 14 0.06 0.46 0.19 1.000.96 14 0.53 0.53 0.68 0.97
346,0.0 1 0.0 0.0 10.0 10.0
347,0.63 6 0.45 0.53 0.66 0.650.58 6 0.64 0.60 0.80 0.890.30 6 0.64 0.67 0.80 0.890.37 6 0.44 0.56 0.50 0.620.39 6 0.46 0.53 0.65 0.650.81 6 0.49 0.53 0.66 0.650.44 6 0.64 0.50 0.80 0.880.37 6 0.59 0.53 0.66 0.640.40 6 0.65 0.50 0.80 0.89
348,0.89 14 0.66 0.44 0.81 1.000.30 14 0.00 0.16 0.27 0.850.34 14 0.37 0.11 0.66 1.000.97 14 0.00 0.15 0.31 1.000.92 14 0.30 0.11 0.67 1.000.34 14 0.31 0.11 0.80 1.00
349,0.45 14 0.03 0.26 0.87 0.970.37 14 0.04 0.27 0.42 0.860.38 14 0.00 0.28 0.40 1.00
350,0.0 1 0.0 0.0 10.0 10.0
351,0.39 6 0.25 0.45 0.49 0.660.42 6 0.04 0.44 0.50 0.65
352,0.78 6 0.20 0.39 0.91 0.93
353,0.32 2 0.23 0.26 0.43 0.45
354,0.63 14 0.26 0.11 0.60 0.740.72 14 0.37 0.49 0.47 0.690.71 14 0.01 0.06 0.18 0.670.34 14 0.87 0.11 1.00 0.630.33 14 0.40 0.49 0.46 0.590.62 14 0.36 0.54 0.47 0.700.51 14 0.38 0.11 0.60 0.560.63 14 0.01 0.08 0.13 0.650.66 14 0.02 0.11 0.59 0.730.47 14 0.62 0.10 1.00 0.600.39 14 0.38 0.11 0.59 0.700.75 14 0.37 0.11 0.60 0.740.80 14 0.01 0.00 0.38 0.740.64 14 0.00 0.06 0.17 0.750.38 14 0.01 0.10 0.61 1.000.91 14 0.65 0.10 1.00 0.720.36 14 0.36 0.49 0.48 0.710.68 14 0.36 0.49 0.48 0.730.69 14 0.38 0.11 0.60 0.74
355,0.94 14 0.12 0.04 0.19 0.260.38 6 0.05 0.08 0.96 0.450.36 6 0.42 0.08 0.49 0.140.43 6 0.01 0.08 0.05 0.130.44 14 0.34 0.19 0.58 0.660.68 6 0.36 0.09 0.45 0.140.45 14 0.34 0.18 0.43 0.320.44 6 0.71 0.09 0.77 0.130.64 6 0.77 0.08 0.97 0.170.83 6 0.55 0.08 0.66 0.160.81 6 0.05 0.09 0.14 0.150.67 6 0.71 0.08 0.97 0.180.89 14 0.30 0.04 0.36 0.160.51 14 0.49 0.08 0.59 0.190.63 14 0.36 0.08 0.59 0.300.89 14 0.19 0.03 0.28 0.160.51 14 0.13 0.04 0.19 0.180.56 6 0.05 0.14 0.95 0.680.76 6 0.05 0.14 0.95 0.680.44 6 0.59 0.10 0.98 0.430.37 6 0.35 0.09 0.41 0.130.32 6 0.04 0.10 0.09 0.140.54 14 0.35 0.14 0.49 0.320.51 6 0.59 0.08 0.98 0.410.50 6 0.55 0.09 0.65 0.160.34 6 0.08 0.10 0.14 0.15
356,0.0 1 0.0 0.0 10.0 10.0
357,0.38 14 0.44 0.07 0.70 0.460.38 14 0.21 0.43 0.32 0.510.30 14 0.79 0.30 0.90 0.430.51 14 0.76 0.42 0.91 0.740.32 14 0.47 0.43 1.00 0.750.58 14 0.47 0.42 0.91 0.750.39 14 0.44 0.08 0.64 0.410.35 14 0.68 0.33 0.76 0.450.72 14 0.43 0.07 0.73 0.470.50 14 0.57 0.08 0.91 0.440.65 14 0.20 0.21 0.48 0.490.30 14 0.39 0.07 0.74 0.670.47 14 0.75 0.42 0.91 0.750.67 14 0.47 0.43 1.00 1.00
358,0.84 14 0.46 0.29 0.51 0.510.97 14 0.39 0.30 0.47 0.550.71 6 0.18 0.35 0.32 0.490.37 6 0.01 0.32 0.37 0.500.35 6 0.51 0.34 0.89 0.570.95 14 0.57 0.27 0.64 0.380.97 14 0.19 0.31 0.26 0.580.77 6 0.30 0.36 0.41 0.470.96 14 0.02 0.28 0.09 0.570.33 6 0.25 0.32 0.33 0.480.38 6 0.09 0.32 0.31 0.490.96 14 0.12 0.29 0.20 0.570.48 6 0.26 0.32 0.34 0.410.51 6 0.10 0.32 0.32 0.500.96 14 0.49 0.27 0.58 0.530.91 6 0.52 0.34 0.88 0.57
359,0.87 14 0.21 0.56 0.24 0.640.54 6 0.80 0.54 0.90 0.590.93 14 0.35 0.64 0.39 0.720.45 6 0.44 0.43 0.51 0.480.38 6 0.23 0.57 0.31 0.620.57 6 0.54 0.43 0.60 0.470.63 6 0.55 0.51 0.62 0.56
360,0.39 1 0.14 0.44 0.41 0.720.39 1 0.14 0.42 0.41 0.720.33 1 0.26 0.41 0.41 0.720.39 1 0.27 0.47 0.41 0.710.72 1 0.27 0.43 0.41 0.710.93 14 0.25 0.28 0.40 0.580.38 1 0.27 0.47 0.40 0.710.30 1 0.27 0.48 0.36 0.710.39 1 0.14 0.40 0.41 0.720.68 14 0.25 0.28 0.40 0.640.43 1 0.27 0.47 0.38 0.710.31 1 0.27 0.39 0.41 0.70
361,0.55 15 0.11 0.71 0.26 0.880.36 15 0.29 0.38 0.58 0.730.38 15 0.41 0.41 0.59 0.720.90 14 0.13 0.42 0.20 0.500.37 15 0.28 0.50 0.42 0.740.54 14 0.11 0.42 0.25 0.870.41 15 0.29 0.38 0.58 0.720.63 15 0.29 0.61 0.42 0.740.36 15 0.30 0.38 0.58 0.720.36 15 0.34 0.41 0.58 0.72
362,0.58 14 0.66 0.23 0.97 0.580.51 14 0.65 0.08 0.99 0.59
363,0.32 15 0.43 0.61 0.54 0.80
364,0.85 14 0.50 0.03 0.67 0.240.69 14 0.64 0.03 0.81 0.510.69 14 0.65 0.04 0.81 0.350.89 14 0.49 0.02 0.66 0.610.39 14 0.64 0.03 0.82 0.610.79 14 0.58 0.03 0.81 0.510.36 14 0.66 0.04 0.79 0.230.44 14 0.51 0.02 0.82 0.600.52 14 0.65 0.03 0.81 0.28
365,0.65 14 0.28 0.32 0.33 0.390.75 14 0.32 0.47 0.38 0.540.69 14 0.48 0.36 0.55 0.44
366,0.0 1 0.0 0.0 10.0 10.0
367,0.95 14 0.35 0.10 0.44 0.270.81 6 0.04 0.17 0.83 0.63
368,0.68 14 0.14 0.08 0.46 0.67
369,0.0 1 0.0 0.0 10.0 10.0
370,0.95 14 0.47 0.36 0.53 0.540.32 14 0.51 0.45 0.55 0.550.41 14 0.84 0.48 0.94 0.650.37 15 0.81 0.20 0.91 0.310.42 14 0.85 0.37 0.92 0.610.70 14 0.73 0.24 0.79 0.470.72 14 0.89 0.39 0.97 0.590.95 14 0.83 0.37 0.92 0.630.62 6 0.04 0.18 0.40 0.610.31 6 0.04 0.18 0.39 0.610.96 14 0.75 0.36 0.84 0.600.94 14 0.88 0.39 0.97 0.670.96 14 0.62 0.31 0.68 0.490.90 14 0.73 0.24 0.78 0.41
371,0.82 6 0.16 0.28 0.74 0.55
372,0.36 14 0.61 0.08 0.87 0.710.48 14 0.62 0.08 0.87 0.460.35 14 0.61 0.08 0.88 0.73
373,0.93 14 0.13 0.37 0.16 0.480.96 14 0.00 0.39 0.08 0.750.35 6 0.16 0.24 0.79 0.520.97 14 0.68 0.41 0.79 0.700.96 14 0.55 0.39 0.62 0.65
374,0.91 14 0.61 0.41 0.74 0.650.33 14 0.10 0.25 0.51 0.660.37 14 0.32 0.23 0.47 0.440.33 6 0.01 0.13 0.86 0.750.62 14 0.34 0.23 0.40 0.290.48 14 0.32 0.25 0.51 0.44
375,0.0 1 0.0 0.0 10.0 10.0
376,0.45 6 0.00 0.76 0.16 0.860.56 6 0.46 0.72 0.51 0.790.58 6 0.00 0.76 0.15 0.870.34 6 0.26 0.78 0.38 0.920.38 6 0.27 0.78 0.38 0.920.55 6 0.08 0.77 0.16 0.850.40 6 0.06 0.73 0.17 0.850.88 6 0.00 0.76 0.16 0.870.49 6 0.06 0.73 0.17 0.850.60 6 0.00 0.76 0.11 0.870.69 6 0.07 0.73 0.16 0.790.35 6 0.51 0.73 0.55 0.79
377,0.0 1 0.0 0.0 10.0 10.0
378,0.97 14 0.50 0.17 0.61 0.50
379,0.95 14 0.71 0.39 0.78 0.540.39 6 0.12 0.08 0.80 0.580.95 14 0.29 0.26 0.40 0.59
380,0.80 14 0.40 0.45 0.51 0.660.80 6 0.01 0.11 0.90 0.68
381,0.30 8 0.71 0.50 0.91 0.65
382,0.32 14 0.12 0.17 0.45 0.660.42 14 0.00 0.07 0.67 1.00
383,0.31 6 0.08 0.54 0.15 0.570.80 6 0.05 0.53 0.15 0.57
384,0.76 14 0.43 0.18 0.57 0.410.66 14 0.55 0.21 0.60 0.310.95 14 0.28 0.19 0.42 0.420.56 14 0.56 0.29 0.68 0.530.68 14 0.34 0.18 0.41 0.330.34 14 0.58 0.30 0.77 0.660.92 14 0.14 0.21 0.28 0.510.87 14 0.43 0.18 0.57 0.430.48 14 0.00 0.29 0.18 0.570.69 14 0.48 0.58 0.61 0.670.38 14 0.00 0.29 0.18 0.670.31 14 0.55 0.22 0.69 0.580.82 14 0.28 0.20 0.37 0.430.73 14 0.42 0.18 0.57 0.600.94 14 0.21 0.19 0.31 0.470.60 14 0.13 0.21 0.22 0.380.95 14 0.02 0.29 0.20 0.630.36 14 0.22 0.20 0.30 0.400.95 14 0.57 0.29 0.78 0.670.57 14 0.28 0.20 0.36 0.370.42 14 0.55 0.27 0.69 0.550.74 14 0.55 0.28 0.68 0.610.61 14 0.56 0.21 0.65 0.480.46 14 0.54 0.29 0.68 0.600.31 14 0.13 0.22 0.23 0.520.91 14 0.56 0.21 0.66 0.41
385,0.47 4 0.03 0.26 0.10 0.510.31 15 0.54 0.26 0.66 0.430.37 15 0.69 0.00 0.77 0.18
386,0.0 1 0.0 0.0 10.0 10.0
387,0.0 1 0.0 0.0 10.0 10.0
388,0.0 1 0.0 0.0 10.0 10.0
389,0.69 14 0.80 0.10 0.84 0.260.34 6 0.74 0.00 0.86 0.150.68 6 0.09 0.08 0.87 1.000.90 14 0.70 0.18 0.86 1.00
390,0.43 14 0.25 0.20 0.61 0.820.45 14 0.24 0.22 0.36 0.780.70 14 0.25 0.20 0.61 0.790.37 14 0.03 0.20 0.60 0.880.60 14 0.04 0.24 0.34 0.880.79 14 0.35 0.20 0.59 0.80
391,0.55 14 0.13 0.40 0.64 1.000.34 14 0.52 0.51 0.79 1.000.81 14 0.53 0.44 0.79 1.000.91 14 0.10 0.29 0.46 1.000.33 14 0.12 0.30 0.79 1.000.63 14 0.33 0.41 0.64 1.000.32 14 0.44 0.41 0.65 1.00
392,0.82 14 0.41 0.40 0.46 0.520.87 14 0.35 0.39 0.42 0.500.40 4 0.05 0.43 0.22 0.990.53 14 0.00 0.03 0.22 0.710.95 14 0.55 0.38 0.62 0.530.44 14 0.35 0.40 0.43 0.550.94 14 0.23 0.34 0.36 0.560.92 14 0.36 0.39 0.44 0.520.58 14 0.26 0.34 0.35 0.470.47 14 0.16 0.33 0.22 0.480.94 14 0.00 0.02 0.27 1.000.50 14 0.23 0.34 0.35 0.540.84 14 0.31 0.37 0.36 0.480.96 14 0.61 0.14 0.80 0.75
393,0.30 14 0.58 0.34 0.74 0.730.37 14 0.59 0.33 0.80 1.000.65 14 0.58 0.33 0.75 1.000.36 14 0.59 0.33 0.73 0.800.90 14 0.00 0.01 0.47 1.000.32 14 0.58 0.34 0.74 0.770.32 14 0.58 0.33 0.74 0.770.49 14 0.27 0.34 0.74 1.000.39 14 0.58 0.34 0.74 0.78
394,0.73 14 0.36 0.37 0.55 0.70
395,0.43 14 0.80 0.45 0.96 0.920.50 14 0.78 0.06 1.00 0.990.42 14 0.82 0.47 0.96 0.750.82 14 0.00 0.00 0.10 0.300.30 14 0.81 0.61 0.96 0.980.33 14 0.68 0.04 0.93 0.540.54 14 0.84 0.06 1.00 0.530.39 14 0.77 0.07 1.00 0.830.51 14 0.10 0.05 0.29 0.350.34 14 0.80 0.04 1.00 0.430.56 14 0.22 0.05 0.30 0.350.46 14 0.54 0.05 0.85 0.740.44 14 0.01 0.02 0.89 1.000.47 14 0.04 0.10 0.19 0.340.45 14 0.23 0.05 0.29 0.250.34 14 0.08 0.10 0.19 0.320.67 14 0.78 0.06 1.00 0.550.68 14 0.52 0.03 0.97 1.000.70 14 0.68 0.04 0.84 0.41
396,0.0 1 0.0 0.0 10.0 10.0
397,0.36 13 0.11 0.57 0.64 1.00
398,0.74 6 0.19 0.35 0.91 0.73
399,0.0 1 0.0 0.0 10.0 10.0
400,0.50 14 0.71 0.48 0.83 1.000.41 14 0.17 0.20 0.73 1.000.86 14 0.17 0.19 0.84 1.00
401,0.60 14 0.30 0.10 0.50 0.450.77 14 0.17 0.10 0.52 0.520.71 14 0.17 0.10 0.48 0.48
402,0.73 14 0.47 0.11 0.53 0.270.31 14 0.00 0.21 0.39 1.000.74 14 0.32 0.09 0.42 0.320.86 14 0.34 0.17 0.53 0.720.57 14 0.40 0.17 0.53 0.410.50 14 0.21 0.21 0.33 0.600.47 14 0.21 0.05 0.29 0.150.41 14 0.10 0.07 0.40 0.740.43 14 0.59 0.11 0.70 0.390.49 14 0.57 0.19 0.68 0.460.82 14 0.56 0.18 0.68 0.710.90 14 0.24 0.20 0.40 0.750.78 14 0.42 0.09 0.51 0.210.39 14 0.37 0.16 0.42 0.310.54 14 0.13 0.13 0.32 0.600.35 14 0.26 0.19 0.41 0.550.39 14 0.58 0.10 0.70 0.530.51 14 0.49 0.12 0.60 0.430.46 15 0.00 0.35 0.10 0.510.35 14 0.23 0.08 0.42 0.730.74 14 0.65 0.20 0.72 0.330.80 14 0.59 0.10 0.70 0.290.52 14 0.30 0.10 0.42 0.450.48 14 0.12 0.21 0.30 0.750.72 14 0.49 0.16 0.60 0.500.65 14 0.40 0.17 0.54 0.510.57 14 0.25 0.07 0.34 0.230.76 14 0.12 0.20 0.40 0.750.78 14 0.21 0.05 0.30 0.230.70 14 0.11 0.20 0.30 0.750.65 14 0.22 0.12 0.31 0.230.80 14 0.64 0.19 0.76 0.690.58 14 0.12 0.20 0.31 0.590.78 14 0.32 0.09 0.41 0.210.54 14 0.31 0.18 0.42 0.730.54 14 0.48 0.10 0.70 0.710.73 14 0.41 0.17 0.54 0.700.74 14 0.47 0.17 0.68 0.710.61 14 0.51 0.16 0.60 0.280.55 14 0.57 0.18 0.66 0.340.80 14 0.59 0.10 0.69 0.22
403,0.46 14 0.05 0.10 0.70 1.000.45 14 0.00 0.01 0.24 0.590.34 14 0.29 0.12 0.54 0.630.35 14 0.04 0.09 0.71 0.610.49 14 0.04 0.10 0.52 0.620.68 14 0.51 0.33 0.70 0.590.58 14 0.00 0.09 0.52 1.000.35 14 0.00 0.01 0.27 1.000.53 14 0.03 0.09 0.89 1.00
404,0.70 14 0.27 0.29 0.66 1.000.33 14 0.40 0.26 0.65 1.000.84 6 0.01 0.06 0.10 0.100.61 6 0.16 0.06 0.21 0.100.36 14 0.02 0.22 0.67 1.00
405,0.0 1 0.0 0.0 10.0 10.0
406,0.0 1 0.0 0.0 10.0 10.0
407,0.69 6 0.17 0.87 0.24 0.910.35 6 0.41 0.86 0.50 0.93
408,0.0 1 0.0 0.0 10.0 10.0
409,0.84 14 0.34 0.24 0.47 0.460.61 14 0.12 0.24 0.45 0.670.47 14 0.00 0.24 0.45 0.650.33 14 0.11 0.21 0.67 0.660.34 14 0.22 0.24 0.47 0.510.48 14 -0.00 0.23 0.44 1.000.40 14 0.00 0.21 0.70 1.00
410,0.35 6 0.10 0.28 0.42 0.440.86 6 0.10 0.28 0.43 0.44
411,0.0 1 0.0 0.0 10.0 10.0
412,0.97 14 0.06 0.05 0.34 1.00
413,0.75 6 0.00 0.22 0.22 0.370.44 6 0.18 0.23 0.24 0.260.84 6 0.04 0.22 0.78 0.490.71 6 0.47 0.21 0.80 0.37
414,0.0 1 0.0 0.0 10.0 10.0
415,0.0 1 0.0 0.0 10.0 10.0
416,0.33 15 0.78 0.52 1.00 0.64
417,0.57 1 0.05 0.34 0.61 0.790.31 14 0.13 0.04 0.44 0.580.76 14 0.13 0.04 0.59 0.590.69 14 0.14 0.03 0.42 0.42
418,0.60 14 0.62 0.11 0.77 0.330.65 14 0.61 0.10 0.76 0.63
419,0.88 14 0.12 0.20 0.29 0.580.33 6 0.09 0.23 0.68 0.60
420,0.76 14 0.43 0.07 0.71 0.53
421,0.67 14 0.20 0.14 0.31 0.320.30 6 0.02 0.01 0.68 0.65
422,0.0 1 0.0 0.0 10.0 10.0
423,0.88 14 0.16 0.21 0.40 0.850.39 14 0.13 0.21 0.40 0.710.31 14 0.18 0.22 0.40 0.73
424,0.46 6 0.52 0.29 0.73 0.35
425,0.0 1 0.0 0.0 10.0 10.0
426,0.38 4 0.43 0.20 0.49 0.360.40 14 0.50 0.17 0.57 0.310.95 14 0.35 0.18 0.44 0.370.92 14 0.52 0.19 0.68 0.390.37 14 0.26 0.19 0.37 0.430.33 14 0.44 0.17 0.57 0.310.95 14 0.26 0.19 0.36 0.390.32 14 0.45 0.18 0.58 0.430.91 14 0.44 0.18 0.58 0.390.78 14 0.46 0.19 0.69 0.400.58 14 0.41 0.31 0.68 0.610.94 14 0.42 0.32 0.67 0.610.38 14 0.50 0.19 0.58 0.35
427,0.31 15 0.53 0.13 0.60 0.260.50 14 0.16 0.36 0.46 0.660.41 15 0.37 0.29 0.42 0.350.53 15 0.53 0.13 0.62 0.25
428,0.47 14 0.43 0.32 0.49 0.420.47 14 0.43 0.34 0.48 0.420.74 14 0.18 0.31 0.25 0.420.48 14 0.43 0.30 0.60 0.420.73 14 0.42 0.32 0.48 0.420.79 14 0.30 0.33 0.35 0.410.87 14 0.52 0.31 0.60 0.42
429,0.66 6 0.13 0.14 0.71 0.59
430,0.0 1 0.0 0.0 10.0 10.0
431,0.0 1 0.0 0.0 10.0 10.0
432,0.72 14 0.00 0.00 0.24 1.00
433,0.72 14 0.24 0.12 0.55 0.670.85 14 0.30 0.11 0.55 0.560.71 14 0.01 0.12 0.55 0.66
434,0.44 6 0.59 0.42 0.81 0.510.70 14 0.23 0.41 0.26 0.510.35 14 0.14 0.39 0.21 0.520.31 6 0.59 0.41 0.79 0.500.86 14 0.21 0.41 0.24 0.500.97 14 0.13 0.38 0.21 0.580.34 14 0.11 0.45 0.14 0.520.69 14 0.81 0.43 0.84 0.490.48 14 0.12 0.40 0.17 0.520.83 6 0.95 0.46 1.00 0.520.89 14 0.29 0.40 0.34 0.560.35 6 0.58 0.29 0.81 0.510.64 6 0.59 0.29 0.81 0.51
435,0.38 14 0.06 0.33 0.24 0.670.34 14 0.39 0.02 0.75 0.660.39 14 0.40 0.03 0.74 0.660.45 14 0.39 0.02 0.68 0.660.39 14 0.06 0.01 0.62 0.650.45 14 0.00 0.01 0.63 1.000.42 14 0.05 0.01 0.87 1.000.54 14 0.40 0.01 0.77 1.000.46 14 0.40 0.01 0.94 1.00
436,0.35 6 0.01 0.16 0.98 0.500.71 6 0.01 0.16 0.97 0.49
437,0.81 14 0.36 0.20 0.49 0.520.87 14 0.35 0.19 0.49 0.62
438,0.91 14 0.29 0.38 0.33 0.48
439,0.77 14 0.54 0.20 0.61 0.280.32 14 0.35 0.13 0.55 0.530.44 14 0.01 0.14 0.55 0.660.94 14 0.00 0.30 0.39 0.670.64 14 0.45 0.26 0.70 0.550.56 14 0.33 0.13 0.55 0.590.87 14 0.30 0.13 0.55 0.600.44 14 0.37 0.26 0.67 0.660.85 14 0.38 0.26 0.73 0.64
440,0.0 1 0.0 0.0 10.0 10.0
441,0.77 6 0.00 0.37 0.13 0.64
442,0.0 1 0.0 0.0 10.0 10.0
443,0.81 6 0.48 0.46 0.84 0.78
444,0.90 14 0.30 0.15 0.41 0.300.42 6 0.14 0.27 0.60 0.83
445,0.0 1 0.0 0.0 10.0 10.0
446,0.92 14 0.75 0.35 0.87 0.830.74 14 0.82 0.35 0.88 0.520.64 14 0.09 0.02 0.37 0.860.51 14 0.08 0.01 0.38 1.000.64 14 0.00 0.01 0.31 1.000.38 14 0.74 0.27 0.85 0.830.76 14 0.42 0.35 0.63 0.800.45 14 0.27 0.35 0.79 1.00
447,0.40 15 0.66 0.58 0.74 0.840.44 14 0.10 0.34 0.29 0.900.32 15 0.66 0.58 0.83 0.850.87 14 0.00 0.34 0.25 1.00
448,0.54 14 0.21 0.03 0.52 1.000.42 14 0.18 0.03 0.52 1.000.88 14 0.08 0.03 0.51 1.000.36 8 0.09 0.71 0.41 1.00
449,0.0 1 0.0 0.0 10.0 10.0
450,0.80 6 0.00 0.15 0.07 0.180.33 6 0.00 0.15 0.07 0.180.48 6 0.09 0.15 0.14 0.18
451,0.53 14 0.13 0.23 0.48 0.570.41 14 0.00 0.55 0.07 0.670.38 6 0.11 0.00 0.86 0.17
452,0.0 1 0.0 0.0 10.0 10.0
453,0.0 1 0.0 0.0 10.0 10.0
454,0.88 14 0.33 0.29 0.49 0.450.78 14 0.25 0.32 0.38 0.460.42 14 0.24 0.31 0.49 0.460.75 14 0.28 0.32 0.38 0.410.34 14 0.27 0.30 0.51 0.480.94 14 0.43 0.29 0.68 0.49
455,0.94 14 0.23 0.32 0.44 0.890.90 14 0.10 0.79 0.19 0.89
456,0.76 14 0.25 0.31 0.50 0.640.56 14 0.32 0.31 0.46 0.510.61 14 0.18 0.09 0.50 0.650.56 14 0.23 0.09 0.36 0.660.63 14 0.33 0.32 0.49 0.610.78 14 0.33 0.31 0.49 0.630.59 14 0.03 0.02 0.35 0.670.93 14 0.03 0.12 0.26 0.670.42 14 0.23 0.10 0.36 0.460.75 14 0.33 0.31 0.50 0.64
457,0.35 14 0.24 0.46 0.74 1.000.48 14 0.00 0.43 0.17 0.750.41 14 0.00 0.01 0.58 1.000.75 14 0.00 0.30 0.24 0.750.38 14 0.00 0.43 0.13 0.75
458,0.0 1 0.0 0.0 10.0 10.0
459,0.97 14 0.21 0.22 0.28 0.490.91 14 0.00 0.23 0.04 0.320.43 6 0.17 0.04 0.89 0.660.91 14 0.11 0.23 0.15 0.30
460,0.98 14 0.43 0.10 0.61 0.680.54 6 0.03 0.23 0.16 0.32
461,0.44 14 0.81 0.45 0.84 0.490.45 14 0.65 0.38 0.69 0.420.83 14 0.00 0.40 0.03 0.520.33 6 0.26 0.40 0.47 0.540.79 6 0.84 0.43 0.89 0.490.42 6 0.03 0.29 0.29 0.540.44 6 0.03 0.32 0.27 0.540.42 6 0.03 0.27 0.48 0.540.49 6 0.49 0.27 0.70 0.540.42 6 0.82 0.42 0.89 0.49
462,0.0 1 0.0 0.0 10.0 10.0
463,0.37 14 0.45 0.25 0.64 0.490.33 14 0.20 0.26 0.65 0.740.61 14 0.40 0.29 0.64 0.670.79 14 0.59 0.35 0.71 0.630.41 14 0.43 0.25 0.60 0.600.32 14 0.15 0.01 0.49 0.750.40 14 0.39 0.25 0.71 0.650.73 14 0.19 0.00 0.64 0.750.48 14 0.43 0.34 0.72 0.670.40 14 0.38 0.25 0.68 0.720.44 14 0.00 0.00 0.54 1.000.65 14 0.56 0.35 1.00 0.740.50 14 0.39 0.32 0.69 0.730.46 14 0.39 0.32 0.73 0.740.77 14 0.54 0.34 0.72 0.73
464,0.67 14 0.00 0.00 0.89 0.75
465,0.48 1 0.24 0.33 0.62 0.560.95 14 0.30 0.14 0.59 0.46
466,0.61 14 0.37 0.27 0.42 0.330.83 6 0.06 0.25 0.99 0.69
467,0.0 1 0.0 0.0 10.0 10.0
468,0.33 8 0.00 0.50 0.28 0.770.38 14 0.58 0.40 0.62 0.480.51 14 0.00 0.38 0.20 0.680.42 8 0.53 0.50 0.58 0.600.30 14 0.71 0.07 0.84 0.72
469,0.92 14 0.00 0.11 0.63 1.00
470,0.46 14 0.37 0.18 0.59 0.520.47 14 0.28 0.18 0.64 0.580.74 14 0.29 0.18 0.65 0.750.37 14 0.00 0.26 0.26 0.750.67 14 0.00 0.15 0.19 0.450.82 14 0.00 0.15 0.10 0.360.34 14 0.25 0.18 0.64 0.750.43 14 0.43 0.45 0.77 0.700.47 14 0.00 0.15 0.15 0.740.84 14 0.25 0.17 0.40 0.500.84 14 0.36 0.18 0.62 0.590.76 14 0.25 0.17 0.40 0.370.36 14 0.00 0.19 0.18 0.400.62 14 0.00 0.15 0.27 0.750.34 8 0.64 0.44 0.83 0.640.43 14 0.00 0.16 0.23 0.750.40 14 0.28 0.18 0.65 0.740.36 14 0.32 0.41 0.78 0.71
471,0.0 1 0.0 0.0 10.0 10.0
472,0.36 6 0.12 0.32 0.55 0.560.88 14 0.44 0.44 0.52 0.580.32 6 0.27 0.33 0.53 0.560.89 14 0.66 0.27 0.70 0.32
473,0.30 8 0.21 0.64 0.45 1.000.92 14 0.41 0.26 0.65 1.00
474,0.84 6 0.10 0.24 0.85 0.70
475,0.59 14 0.52 0.32 0.83 1.000.77 14 0.92 0.55 0.99 0.730.96 14 0.02 0.28 0.48 1.000.82 14 0.41 0.31 0.83 1.00
476,0.31 15 0.70 0.67 0.89 1.000.79 15 0.39 0.26 0.48 0.360.37 8 0.04 0.50 0.22 0.930.73 8 0.04 0.50 0.23 0.930.31 15 0.39 0.27 0.48 0.36
477,0.93 14 0.29 0.19 0.67 1.000.37 14 0.30 0.19 0.77 1.00
478,0.48 14 0.32 0.14 0.61 0.550.38 14 0.53 0.14 0.76 0.580.53 14 0.32 0.12 0.75 0.550.68 14 0.30 0.11 0.76 1.00
479,0.0 1 0.0 0.0 10.0 10.0
480,0.51 14 0.25 0.03 0.41 0.450.41 14 0.20 0.32 0.67 1.000.48 14 0.70 0.77 1.00 1.000.52 14 0.66 0.26 1.00 0.950.61 14 0.76 0.77 1.00 1.000.42 14 0.59 0.26 0.91 0.690.47 14 0.58 0.26 0.91 1.000.70 14 0.20 0.32 0.46 1.000.32 14 0.67 0.26 1.00 0.930.74 14 0.40 0.05 0.71 0.470.73 14 0.19 0.32 0.59 1.000.51 14 0.68 0.26 0.88 0.660.57 14 0.45 0.31 0.69 0.680.47 14 0.40 0.05 0.71 0.750.82 14 0.16 0.03 0.41 0.460.93 14 0.00 0.31 0.27 1.000.58 14 0.68 0.25 1.00 0.890.32 14 0.10 0.31 0.28 0.650.65 14 0.44 0.31 0.68 0.910.46 14 0.41 0.26 0.71 1.000.38 14 0.61 0.26 1.00 0.810.33 14 0.46 0.32 0.67 0.680.64 14 0.58 0.26 1.00 1.00
481,0.37 14 0.34 0.51 0.59 0.68
482,0.54 6 0.50 0.26 0.56 0.320.34 6 0.55 0.26 0.66 0.400.33 6 0.50 0.25 0.55 0.300.42 6 0.49 0.26 0.53 0.300.50 6 0.53 0.26 0.62 0.360.35 6 0.50 0.26 0.56 0.320.76 6 0.60 0.28 0.67 0.400.51 6 0.53 0.25 0.67 0.400.78 6 0.54 0.25 0.66 0.370.53 6 0.55 0.26 0.62 0.36
483,0.48 14 0.43 0.57 0.54 0.740.58 14 0.43 0.54 0.76 0.750.59 14 0.00 0.00 0.53 1.000.48 14 0.00 0.00 0.77 1.000.53 14 0.43 0.54 1.00 1.00
484,0.35 0 0.10 0.15 0.95 0.52
485,0.36 14 0.00 0.00 0.88 0.76
486,0.0 1 0.0 0.0 10.0 10.0
487,0.52 14 0.49 0.19 0.54 0.260.34 19 0.05 0.28 0.32 0.570.32 19 0.01 0.28 0.35 0.67
488,0.0 1 0.0 0.0 10.0 10.0
489,0.0 1 0.0 0.0 10.0 10.0
490,0.74 14 0.11 0.00 0.41 0.630.34 14 0.00 0.30 0.09 0.450.55 14 0.13 0.00 0.70 0.660.56 14 0.00 0.29 0.10 0.620.51 14 0.19 0.00 0.41 0.660.82 14 0.35 0.00 0.69 0.580.47 14 0.18 0.00 0.40 0.500.30 14 0.12 0.00 0.70 1.000.45 14 0.00 0.29 0.11 0.620.34 14 0.61 0.47 0.84 0.660.35 14 0.11 0.30 0.27 0.60
491,0.54 1 0.16 0.45 0.34 0.710.97 14 0.15 0.30 0.32 0.650.67 14 0.00 0.25 0.13 0.360.39 14 0.07 0.24 0.13 0.360.97 14 0.00 0.31 0.12 0.730.37 14 0.01 0.25 0.08 0.330.42 14 0.06 0.24 0.13 0.35
492,0.42 14 0.43 0.55 0.50 0.630.50 14 0.11 0.04 0.52 1.000.33 14 0.11 0.53 0.58 1.000.89 14 0.10 0.04 0.65 1.00
493,0.45 14 0.13 0.12 0.39 0.34
494,0.38 6 0.40 0.64 0.46 0.700.36 14 0.13 0.65 0.16 0.720.38 6 0.00 0.66 0.07 0.730.80 6 0.37 0.64 0.45 0.700.58 14 0.12 0.52 0.39 1.000.39 6 0.44 0.62 0.53 0.700.88 6 0.00 0.66 0.07 0.730.93 14 0.13 0.62 0.24 0.990.87 14 0.09 0.65 0.12 0.720.38 6 0.38 0.64 0.45 0.700.67 14 0.11 0.65 0.13 0.720.65 6 0.44 0.62 0.53 0.700.40 6 0.43 0.58 0.63 0.69
495,0.0 1 0.0 0.0 10.0 10.0
496,0.50 14 0.29 0.25 0.41 0.530.49 14 0.74 0.18 0.77 0.240.36 14 0.10 0.25 0.40 0.450.93 14 0.43 0.13 0.53 0.310.73 14 0.34 0.14 0.54 0.530.90 14 0.65 0.14 0.70 0.23
497,0.48 14 0.15 0.10 0.71 1.000.39 14 0.01 0.10 0.64 1.00
498,0.32 14 0.33 0.07 0.71 1.000.37 14 0.36 0.31 0.54 0.630.55 14 0.00 0.22 0.21 0.470.36 14 0.01 0.23 0.12 0.340.32 14 0.53 0.15 0.94 0.650.42 14 0.90 0.21 0.98 0.530.55 14 0.36 0.09 0.56 0.620.32 14 0.79 0.21 0.98 0.660.72 14 0.01 0.06 0.43 0.660.69 14 0.78 0.24 0.87 0.340.41 14 0.79 0.21 0.98 0.390.41 14 0.87 0.21 0.98 0.450.55 14 0.38 0.05 0.70 0.600.74 14 0.00 0.23 0.12 0.480.55 14 0.77 0.24 0.93 0.550.54 14 0.77 0.24 0.93 0.530.53 14 0.16 0.06 0.45 0.660.32 14 0.08 0.36 0.26 0.660.33 14 0.00 0.23 0.16 0.490.51 14 0.16 0.06 0.44 0.520.47 14 0.00 0.05 0.47 1.000.56 14 0.01 0.22 0.21 0.400.35 14 0.00 0.22 0.13 0.430.38 14 0.00 0.20 0.25 0.670.62 14 0.91 0.21 0.97 0.300.36 14 0.03 0.04 0.70 1.000.37 14 0.67 0.23 0.94 0.660.74 14 0.00 0.22 0.21 0.620.53 14 0.01 0.23 0.12 0.360.37 14 0.12 0.25 0.21 0.350.32 14 0.37 0.06 0.94 0.660.58 14 0.36 0.05 0.71 0.660.62 14 0.78 0.22 0.98 0.660.38 14 0.00 0.23 0.21 0.43
499,0.0 1 0.0 0.0 10.0 10.0
500,0.41 19 0.05 0.22 0.27 0.49
501,0.0 1 0.0 0.0 10.0 10.0
502,0.35 14 0.00 0.15 0.48 1.00
503,0.46 14 0.01 0.01 1.00 1.000.52 14 0.63 0.01 1.00 0.65
504,0.59 6 0.22 0.20 0.69 0.56
505,0.83 6 0.06 0.28 0.45 0.49
506,0.48 14 0.00 0.49 0.12 0.740.59 14 0.00 0.49 0.12 1.000.32 14 0.00 0.50 0.12 0.740.84 14 0.00 0.49 0.22 1.000.46 14 0.00 0.49 0.21 0.75
507,0.64 14 0.66 0.21 0.72 0.270.31 19 0.24 0.23 0.66 0.63
508,0.0 1 0.0 0.0 10.0 10.0
509,0.0 1 0.0 0.0 10.0 10.0
510,0.70 14 0.00 0.00 0.67 1.00
511,0.93 14 0.13 0.10 0.51 1.000.34 14 0.13 0.10 0.66 1.000.41 8 0.36 0.59 0.66 1.00
512,0.46 14 0.00 0.25 0.33 1.000.36 14 0.38 0.38 0.52 0.560.40 14 0.00 0.11 0.32 0.650.57 14 0.35 0.07 0.72 0.480.30 14 0.00 0.11 0.32 0.590.49 14 0.23 0.07 0.72 0.750.48 14 0.32 0.06 0.72 0.750.47 14 0.02 0.10 0.31 0.490.91 14 0.00 0.11 0.33 0.750.34 14 0.01 0.08 0.72 1.000.33 14 0.24 0.38 0.56 0.750.71 14 0.33 0.06 0.72 0.75
513,0.82 6 0.02 0.31 0.98 0.65
514,0.31 14 0.30 0.44 0.59 0.570.41 8 0.68 0.48 0.77 0.670.52 14 0.07 0.44 0.76 0.660.36 14 0.41 0.44 0.58 0.57
515,0.0 1 0.0 0.0 10.0 10.0
516,0.81 14 0.27 0.18 0.61 0.820.35 14 0.17 0.01 0.61 0.810.31 14 0.17 0.00 0.55 0.500.73 14 0.16 0.18 0.61 0.81
517,0.0 1 0.0 0.0 10.0 10.0
518,0.70 14 0.41 0.40 0.51 0.510.47 14 0.43 0.43 0.50 0.510.33 14 0.86 0.36 0.89 0.440.47 14 0.41 0.43 0.50 0.510.51 14 0.28 0.44 0.36 0.540.50 6 0.69 0.38 0.83 0.45
519,0.87 14 0.08 0.09 0.40 0.400.49 14 0.06 0.10 0.40 0.60
520,0.0 1 0.0 0.0 10.0 10.0
521,0.61 1 0.28 0.48 0.53 0.950.93 14 0.24 0.19 0.52 0.790.41 14 0.24 0.20 0.53 1.00
522,0.82 6 0.31 0.40 0.72 0.62
523,0.69 14 0.00 0.51 0.16 1.000.42 14 0.33 0.11 0.48 0.390.44 14 0.00 0.51 0.15 0.720.97 14 0.34 0.10 0.52 0.640.78 14 0.00 0.02 0.06 0.450.33 14 0.01 0.51 0.16 0.720.97 14 0.47 0.12 0.67 0.66
524,0.41 14 0.10 0.06 0.30 0.450.68 14 0.10 0.05 0.30 0.510.74 14 0.12 0.05 0.30 0.320.91 14 0.04 0.10 0.26 0.530.68 14 0.64 0.23 0.72 0.48
525,0.74 14 0.23 0.16 0.67 0.730.41 14 0.24 0.16 0.54 0.720.38 14 0.00 0.16 0.68 1.000.59 14 0.23 0.16 0.69 1.00
526,0.63 6 0.62 0.59 0.72 0.69
527,0.31 14 0.42 0.24 0.63 0.530.33 14 0.40 0.48 0.56 0.710.41 14 0.23 0.27 0.43 0.740.88 14 0.23 0.26 0.42 0.720.37 14 0.40 0.24 0.66 0.630.30 14 0.24 0.24 0.66 0.720.35 14 0.69 0.42 0.86 0.680.39 14 0.23 0.27 0.42 0.640.39 14 0.42 0.45 0.60 0.710.89 14 0.38 0.24 0.66 0.720.42 14 0.23 0.27 0.41 0.590.40 14 0.22 0.27 0.41 0.630.95 14 0.66 0.43 0.87 0.720.86 14 0.38 0.45 0.64 0.72
528,0.47 14 0.10 0.11 0.37 0.560.36 14 0.05 0.13 0.13 0.260.34 14 0.09 0.11 0.86 0.560.35 14 0.11 0.11 0.37 0.510.32 14 0.02 0.11 0.35 0.570.32 14 0.72 0.40 0.89 0.560.33 14 0.76 0.02 1.00 0.57
529,0.0 1 0.0 0.0 10.0 10.0
530,0.33 14 0.29 0.09 0.54 0.540.47 4 0.15 0.02 0.18 0.110.95 14 0.12 0.09 0.36 0.450.69 14 0.58 0.00 0.76 0.370.51 14 0.20 0.09 0.37 0.430.91 14 0.35 0.09 0.53 0.410.35 14 0.54 0.00 0.80 0.650.86 14 0.55 0.00 0.77 0.60
531,0.0 1 0.0 0.0 10.0 10.0
532,0.0 1 0.0 0.0 10.0 10.0
533,0.0 1 0.0 0.0 10.0 10.0
534,0.0 1 0.0 0.0 10.0 10.0
535,0.78 14 0.25 0.20 0.67 0.650.62 14 0.03 0.41 0.08 0.510.41 14 0.03 0.39 0.18 0.560.66 14 0.26 0.22 0.51 0.66
536,0.82 6 0.02 0.20 0.78 0.48
537,0.0 1 0.0 0.0 10.0 10.0
538,0.55 14 0.78 0.55 1.00 1.000.60 14 0.45 0.19 0.62 0.610.51 14 0.29 0.00 0.40 0.130.69 14 0.85 0.56 1.00 0.980.91 14 0.40 0.20 0.66 1.000.57 14 0.52 0.55 0.99 1.00
539,0.48 14 0.33 0.09 0.60 0.810.50 14 0.44 0.09 0.68 0.930.48 14 0.00 0.01 0.63 1.000.31 14 0.00 0.17 0.20 0.780.41 14 0.37 0.10 0.63 0.930.85 14 0.00 0.01 0.42 1.000.62 14 0.00 0.18 0.30 1.000.39 14 0.00 0.02 0.88 1.000.34 14 0.00 0.17 0.23 0.780.47 14 0.30 0.09 0.64 1.000.46 14 0.30 0.09 0.78 0.930.45 14 0.30 0.10 0.89 1.000.36 14 0.30 0.07 0.89 1.00
540,0.42 14 0.16 0.12 0.51 0.980.45 14 0.15 0.12 0.35 0.670.44 14 0.42 0.06 0.64 0.760.36 14 0.31 0.08 0.65 0.840.86 14 0.16 0.12 0.42 1.000.72 14 0.00 0.13 0.35 1.000.38 14 0.19 0.07 0.68 0.990.91 14 0.31 0.11 0.51 0.870.84 14 0.42 0.06 0.68 0.760.31 14 0.42 0.06 0.59 0.45
541,0.52 15 0.12 0.56 0.28 0.860.34 15 0.44 0.08 0.57 0.310.75 15 0.28 0.02 0.41 0.310.38 15 0.15 0.01 0.29 0.270.61 15 0.12 0.52 0.29 0.860.32 15 0.15 0.01 0.30 0.390.58 15 0.15 0.19 0.32 0.550.53 15 0.44 0.01 0.64 0.310.42 15 0.29 0.31 0.47 0.560.45 15 0.45 0.54 0.60 0.850.33 15 0.28 0.01 0.41 0.310.53 15 0.60 0.12 0.77 0.420.40 15 0.29 0.33 0.46 0.550.48 15 0.11 0.18 0.32 0.860.75 15 0.46 0.34 0.59 0.530.41 15 0.16 0.01 0.30 0.290.72 15 0.16 0.02 0.29 0.240.31 8 0.58 0.36 0.74 0.570.40 15 0.29 0.11 0.41 0.310.78 15 0.29 0.33 0.46 0.540.40 15 0.43 0.01 0.63 0.310.63 15 0.45 0.54 0.60 0.800.39 15 0.46 0.29 0.59 0.550.53 15 0.60 0.12 0.74 0.42
542,0.82 14 0.10 0.43 0.19 0.750.42 14 0.00 0.42 0.20 0.75
543,0.33 14 0.18 0.30 0.46 1.000.92 14 0.18 0.31 0.58 1.000.35 15 0.63 0.03 0.69 0.220.40 15 0.63 0.12 0.69 0.22
544,0.51 6 0.08 0.30 0.65 0.72
545,0.0 1 0.0 0.0 10.0 10.0
546,0.48 14 0.49 0.00 0.54 0.030.44 6 0.15 0.02 0.79 0.620.82 14 0.70 0.01 0.74 0.110.56 14 0.85 0.00 0.89 0.190.69 14 0.36 0.02 0.40 0.090.66 14 0.73 0.01 0.76 0.110.87 14 0.74 0.00 0.80 0.160.70 14 0.31 0.00 0.36 0.130.72 14 0.23 0.00 0.33 0.160.77 14 0.19 0.00 0.24 0.140.90 14 0.02 0.01 0.16 0.400.67 6 0.14 0.02 0.78 0.630.58 14 0.74 0.00 0.79 0.210.58 14 0.34 0.01 0.38 0.090.93 14 0.78 0.00 0.85 0.220.48 14 0.56 0.00 0.61 0.04
547,0.35 4 0.53 0.50 0.62 0.730.49 14 0.64 0.10 0.88 0.650.34 14 0.53 0.10 0.87 0.630.46 14 0.53 0.10 0.88 0.640.70 4 0.54 0.44 0.64 0.720.87 14 0.00 0.08 0.43 1.000.77 14 0.00 0.07 0.42 0.720.92 14 0.53 0.10 0.88 0.710.62 4 0.53 0.44 0.64 0.740.52 4 0.56 0.48 0.64 0.680.34 14 0.53 0.10 0.89 1.00
548,0.38 6 0.00 0.21 0.64 1.00
549,0.33 14 0.17 0.09 0.48 0.760.31 14 0.17 0.10 0.48 0.740.56 14 0.00 0.02 0.47 0.760.39 14 0.67 0.34 0.89 0.760.68 14 0.19 0.29 0.48 0.76
550,0.0 1 0.0 0.0 10.0 10.0
551,0.73 6 0.04 0.33 0.87 0.610.53 6 0.04 0.22 0.87 0.61
552,0.54 6 0.57 0.39 0.68 0.470.48 6 0.41 0.38 0.57 0.470.51 6 0.40 0.38 0.58 0.480.44 6 0.40 0.37 0.68 0.49
553,0.86 14 0.38 0.35 0.57 0.530.77 14 0.54 0.28 0.71 0.520.94 14 0.35 0.25 0.47 0.510.32 14 0.35 0.26 0.69 0.530.81 14 0.54 0.28 0.72 0.720.69 14 0.35 0.25 0.56 0.530.75 14 0.39 0.28 0.72 0.720.41 14 0.55 0.28 0.69 0.450.56 14 0.53 0.28 0.72 0.71
554,0.92 14 0.34 0.08 0.65 0.46
555,0.91 14 0.00 0.05 0.27 1.000.82 14 0.00 0.05 0.66 1.000.33 14 0.00 0.06 0.27 0.82
556,0.96 14 0.84 0.48 0.90 0.640.94 14 0.17 0.49 0.21 0.600.67 14 0.65 0.51 0.70 0.600.87 14 0.14 0.52 0.17 0.600.45 6 0.00 0.35 0.29 0.660.86 14 0.79 0.48 0.83 0.61
557,0.36 14 0.29 0.29 0.55 0.750.40 14 0.29 0.29 0.54 0.56
558,0.0 1 0.0 0.0 10.0 10.0
559,0.36 14 0.38 0.18 0.60 0.520.83 14 0.86 0.07 0.98 0.760.37 15 0.00 0.21 0.22 0.530.47 4 0.24 0.35 0.29 0.490.60 4 0.16 0.37 0.22 0.500.62 14 0.38 0.18 0.65 0.540.41 4 0.24 0.35 0.28 0.490.51 14 0.38 0.18 0.68 0.730.65 14 0.38 0.17 0.65 0.580.39 15 0.00 0.22 0.21 0.530.32 4 0.17 0.37 0.22 0.490.52 4 0.24 0.35 0.28 0.470.82 14 0.39 0.17 0.82 0.75
560,0.33 14 0.63 0.18 0.81 0.490.82 14 0.19 0.27 0.40 0.750.90 14 0.41 0.30 0.61 0.750.72 14 0.52 0.18 0.81 0.740.66 14 0.41 0.17 0.81 0.750.38 14 0.63 0.18 0.80 0.41
561,0.76 6 0.35 0.58 0.40 0.610.44 6 0.73 0.54 0.81 0.610.86 6 0.19 0.55 0.33 0.650.84 6 0.74 0.55 0.81 0.610.78 6 0.16 0.56 0.23 0.63
562,0.0 1 0.0 0.0 10.0 10.0
563,0.0 1 0.0 0.0 10.0 10.0
564,0.47 14 0.04 0.07 0.62 0.750.44 14 0.31 0.06 0.62 0.750.75 14 0.03 0.06 0.64 1.000.49 14 0.05 0.06 0.90 1.00
565,0.32 19 0.32 0.07 0.48 0.34
566,0.62 14 0.35 0.00 0.47 0.210.37 14 0.15 0.26 0.45 0.740.44 14 0.12 0.43 0.27 0.750.30 14 0.00 0.06 0.41 1.000.33 14 0.02 0.06 0.27 0.700.59 14 0.85 0.52 0.96 0.650.67 14 0.06 0.25 0.44 0.750.34 14 0.26 0.26 0.46 0.560.43 14 0.82 0.52 0.96 0.730.39 14 0.06 0.24 0.46 1.000.73 14 0.87 0.00 0.95 0.130.44 14 0.07 0.43 0.28 0.750.63 14 0.02 0.02 0.43 0.760.60 14 0.20 0.00 0.35 0.450.54 14 0.02 0.01 0.43 1.000.41 14 0.06 0.05 0.27 0.460.59 14 0.01 0.03 0.28 1.000.31 14 0.18 0.17 0.27 0.460.80 14 0.02 0.06 0.27 0.760.32 14 0.25 0.01 0.35 0.240.70 14 0.24 0.26 0.45 0.720.56 14 0.40 0.24 0.80 0.750.50 14 0.49 0.22 0.81 0.51
567,0.0 1 0.0 0.0 10.0 10.0
568,0.0 1 0.0 0.0 10.0 10.0
569,0.0 1 0.0 0.0 10.0 10.0
570,0.0 1 0.0 0.0 10.0 10.0
571,0.0 1 0.0 0.0 10.0 10.0
572,0.0 1 0.0 0.0 10.0 10.0
573,0.62 14 0.00 0.14 1.00 1.00
574,0.45 14 0.00 0.53 0.42 1.000.95 14 0.32 0.51 0.48 1.000.30 8 0.79 0.67 0.90 1.000.34 14 0.52 0.43 0.73 0.860.44 14 0.50 0.43 0.75 1.000.35 14 0.20 0.54 0.35 1.000.36 14 0.52 0.43 0.63 0.870.93 14 0.10 0.54 0.34 1.000.67 14 0.47 0.43 0.64 1.000.74 14 0.45 0.43 0.76 1.00
575,0.40 15 0.37 0.48 0.43 0.580.43 13 0.32 0.51 0.57 0.770.56 6 0.62 0.35 0.92 1.000.32 15 0.26 0.59 0.32 0.660.30 13 0.12 0.49 0.26 0.83
576,0.67 6 0.30 0.24 0.78 0.78
577,0.31 19 0.45 0.25 0.52 0.320.32 8 0.09 0.34 0.38 0.540.31 8 0.09 0.34 0.39 0.580.52 8 0.27 0.41 0.38 0.580.42 8 0.27 0.42 0.38 0.550.43 19 0.26 0.25 0.34 0.330.44 8 0.27 0.32 0.41 0.560.47 8 0.47 0.30 0.61 0.46
578,0.32 8 0.11 0.33 0.27 0.520.32 8 0.00 0.25 0.25 0.570.56 15 0.01 0.16 0.09 0.240.33 8 0.00 0.25 0.23 0.56
579,0.32 14 0.26 0.19 0.30 0.340.97 14 0.09 0.30 0.17 0.500.96 14 0.02 0.30 0.10 0.500.37 15 0.23 0.03 0.34 0.110.94 14 0.27 0.19 0.32 0.340.37 14 0.09 0.30 0.17 0.600.91 14 0.38 0.19 0.43 0.330.44 14 0.02 0.31 0.14 0.590.63 14 0.30 0.19 0.35 0.34
580,0.68 14 0.00 0.10 0.51 1.000.55 14 0.00 0.19 0.16 0.470.83 14 0.00 0.10 0.42 1.000.35 14 0.00 0.12 0.19 1.000.38 14 0.17 0.10 0.51 0.85
581,0.73 14 0.43 0.00 0.68 0.360.50 14 0.12 0.16 0.68 1.000.35 14 0.12 0.01 0.41 0.600.82 14 0.08 0.00 0.37 0.260.36 14 0.10 0.00 0.70 1.00
582,0.0 1 0.0 0.0 10.0 10.0
583,0.82 14 0.63 0.33 0.82 0.58
584,0.81 14 0.92 0.00 1.00 0.160.63 14 0.85 0.00 0.93 0.140.57 6 0.03 0.16 0.88 0.55
585,0.39 14 0.41 0.50 0.54 0.610.85 14 0.29 0.06 0.41 0.330.48 14 0.32 0.06 0.41 0.220.92 14 0.42 0.43 0.56 0.61
586,0.0 1 0.0 0.0 10.0 10.0
587,0.31 8 0.62 0.32 0.88 0.64
588,0.38 14 0.55 0.50 0.62 0.580.74 14 0.55 0.50 0.62 0.710.74 14 0.50 0.48 0.57 0.710.78 14 0.50 0.49 0.63 0.71
589,0.52 14 0.00 0.01 0.19 0.480.54 14 0.55 0.06 0.88 0.570.73 14 0.01 0.01 0.30 0.660.51 14 0.00 0.01 0.19 0.620.50 14 0.66 0.08 0.88 0.570.42 14 0.00 0.01 0.15 0.670.35 14 0.60 0.02 0.87 0.560.31 14 0.37 0.12 0.70 0.660.57 14 0.01 0.01 0.19 0.300.41 14 0.64 0.06 0.88 0.580.72 14 0.38 0.06 0.88 0.660.69 14 0.61 0.02 0.81 0.34
590,0.49 14 0.42 0.09 0.65 0.360.36 14 0.23 0.09 0.54 0.360.38 14 0.21 0.25 0.75 0.650.56 14 0.54 0.29 0.75 0.570.88 14 0.21 0.24 0.47 0.640.38 14 0.20 0.18 0.49 0.670.69 14 0.21 0.09 0.69 0.650.38 14 0.42 0.24 0.76 0.660.72 14 0.43 0.25 0.64 0.610.41 14 0.21 0.09 0.72 0.660.80 14 0.27 0.12 0.40 0.270.34 14 0.27 0.12 0.41 0.400.70 14 0.43 0.25 0.75 0.590.48 14 0.42 0.25 0.75 0.650.48 14 0.46 0.25 0.63 0.53
591,0.78 14 0.13 0.36 0.27 0.480.68 14 0.00 0.11 0.28 0.660.53 14 0.68 0.10 0.87 0.540.58 14 0.03 0.11 0.28 0.490.40 14 0.67 0.09 0.98 0.540.39 14 0.00 0.13 0.14 0.530.39 14 0.00 0.13 0.12 0.670.79 14 0.67 0.09 0.83 0.440.34 14 0.07 0.37 0.28 0.630.78 14 0.04 0.11 0.28 0.670.43 14 0.01 0.11 0.28 0.460.52 14 0.49 0.09 1.00 0.660.66 14 0.68 0.09 0.99 0.620.54 14 0.70 0.09 0.83 0.190.36 14 0.47 0.10 1.00 0.650.36 14 0.67 0.09 0.83 0.36
592,0.46 14 0.56 0.20 0.69 0.390.52 14 0.54 0.21 0.82 0.650.47 15 0.18 0.44 0.31 0.550.95 14 0.18 0.23 0.48 0.480.60 14 0.18 0.23 0.48 0.590.57 4 0.03 0.20 0.16 0.670.69 14 0.59 0.21 0.82 0.660.89 14 0.35 0.21 0.82 0.660.57 14 0.50 0.21 0.66 0.470.40 14 0.57 0.21 0.73 0.45
593,0.0 1 0.0 0.0 10.0 10.0
594,0.0 1 0.0 0.0 10.0 10.0
595,0.50 14 0.08 0.23 0.23 0.470.88 14 0.08 0.23 0.35 1.000.50 14 0.08 0.23 0.26 1.000.72 14 0.08 0.30 0.67 1.00
596,0.0 1 0.0 0.0 10.0 10.0
597,0.96 14 0.40 0.15 0.53 0.44
598,0.43 6 0.80 0.24 0.89 0.310.34 6 0.80 0.24 0.89 0.310.80 6 0.80 0.24 0.89 0.300.81 6 0.66 0.19 0.73 0.220.43 6 0.66 0.19 0.73 0.230.30 6 0.84 0.17 0.89 0.220.60 6 0.10 0.20 0.24 0.280.40 6 0.84 0.17 0.89 0.210.49 6 0.60 0.12 0.67 0.150.51 6 0.83 0.18 0.88 0.220.85 6 0.23 0.19 0.30 0.240.85 6 0.10 0.20 0.24 0.280.75 6 0.57 0.18 0.64 0.220.64 6 0.51 0.18 0.56 0.220.70 6 0.10 0.21 0.24 0.290.39 6 0.80 0.24 0.89 0.310.35 6 0.80 0.25 0.89 0.300.39 6 0.57 0.18 0.64 0.220.79 6 0.83 0.18 0.89 0.220.30 6 0.59 0.13 0.66 0.160.75 6 0.71 0.12 0.79 0.15
599,0.56 8 0.46 0.47 0.61 0.740.45 8 0.25 0.54 0.43 0.820.39 8 0.24 0.49 0.44 0.770.36 8 0.22 0.47 0.49 0.820.38 8 0.45 0.54 0.59 0.750.30 8 0.07 0.45 0.24 0.740.33 8 0.46 0.45 0.60 0.640.64 8 0.07 0.45 0.24 0.740.33 8 0.24 0.46 0.47 0.740.73 8 0.45 0.45 0.61 0.76
600,0.0 1 0.0 0.0 10.0 10.0
601,0.86 6 0.00 0.16 0.21 0.310.35 6 0.35 0.35 0.67 0.540.32 6 0.00 0.16 0.20 0.310.34 6 0.00 0.34 0.68 0.920.36 6 0.00 0.16 0.21 0.330.31 6 0.00 0.17 0.20 0.31
602,0.0 1 0.0 0.0 10.0 10.0
603,0.0 1 0.0 0.0 10.0 10.0
604,0.0 1 0.0 0.0 10.0 10.0
605,0.87 14 0.63 0.20 0.67 0.270.53 6 0.75 0.23 0.85 0.330.74 14 0.83 0.23 0.88 0.410.50 14 0.84 0.22 0.88 0.330.77 14 0.66 0.19 0.72 0.300.59 14 0.83 0.23 0.87 0.340.57 6 0.01 0.08 0.74 0.680.44 6 0.75 0.23 0.89 0.420.42 14 0.65 0.19 0.73 0.450.83 14 0.83 0.16 0.88 0.330.47 14 0.66 0.19 0.72 0.31
606,0.0 1 0.0 0.0 10.0 10.0
607,0.81 14 0.00 0.13 0.24 0.650.33 14 0.00 0.14 0.36 1.000.57 14 0.01 0.13 0.22 0.450.75 14 0.00 0.14 0.24 1.000.33 14 0.34 0.36 0.68 1.000.36 14 0.35 0.32 0.77 1.00
608,0.94 14 0.40 0.40 0.45 0.550.75 14 0.00 0.39 0.03 0.510.94 14 0.35 0.37 0.39 0.500.57 15 0.10 0.44 0.18 0.560.90 14 0.49 0.35 0.53 0.470.97 14 0.00 0.37 0.08 0.550.37 15 0.09 0.44 0.18 0.560.39 14 0.36 0.39 0.43 0.550.83 14 0.50 0.48 0.54 0.57
609,0.60 14 0.45 0.21 0.57 0.940.31 14 0.46 0.21 0.58 0.550.34 1 0.41 0.81 0.54 0.930.32 14 0.46 0.21 0.57 0.540.34 14 0.46 0.22 0.57 0.500.63 14 0.46 0.21 0.57 0.340.32 14 0.46 0.22 0.57 0.510.45 1 0.41 0.75 0.64 0.930.41 14 0.46 0.21 0.58 0.49
610,0.0 1 0.0 0.0 10.0 10.0
611,0.30 14 0.06 0.18 0.89 0.760.62 14 0.06 0.50 0.34 0.750.34 14 0.04 0.01 0.89 0.750.47 14 0.04 0.01 0.89 1.00
612,0.0 1 0.0 0.0 10.0 10.0
613,0.84 14 0.79 0.34 0.84 0.420.88 14 0.95 0.35 1.00 0.500.66 14 0.95 0.35 1.00 0.600.90 14 0.84 0.32 0.95 0.450.43 14 0.84 0.32 0.96 0.55
614,0.80 14 0.27 0.01 0.54 0.330.43 14 0.09 0.25 0.76 0.730.59 14 0.42 0.26 0.55 0.510.33 14 0.17 0.01 0.60 0.710.38 14 0.17 0.01 0.57 0.550.39 14 0.42 0.24 0.71 0.510.47 14 0.08 0.24 0.76 1.000.40 14 0.23 0.26 0.58 0.70
615,0.42 6 0.25 0.31 0.43 0.410.93 14 0.02 0.38 0.07 0.540.41 6 0.19 0.37 0.85 0.75
616,0.31 0 0.03 0.26 0.98 0.58
617,0.34 14 0.33 0.49 0.40 0.560.53 14 0.19 0.50 0.25 0.620.71 14 0.33 0.49 0.40 0.580.62 14 0.18 0.50 0.25 0.600.37 14 0.24 0.50 0.29 0.590.90 14 0.48 0.50 0.55 0.580.45 14 0.21 0.50 0.26 0.590.85 14 0.08 0.49 0.15 0.600.83 14 0.33 0.51 0.41 0.59
618,0.39 14 0.47 0.06 0.56 0.250.66 14 0.73 0.02 0.84 0.120.93 14 0.13 0.04 0.23 0.390.70 14 0.73 0.01 0.88 0.230.94 14 0.55 0.04 0.64 0.390.80 14 0.00 0.08 0.08 0.340.46 14 0.31 0.05 0.53 0.410.47 14 0.73 0.01 0.85 0.330.63 14 0.00 0.08 0.09 0.430.33 14 0.71 0.01 0.86 0.240.93 14 0.26 0.04 0.36 0.390.85 14 0.47 0.06 0.56 0.400.93 14 0.33 0.05 0.53 0.400.44 14 0.25 0.04 0.35 0.280.47 14 0.12 0.04 0.23 0.260.71 14 0.00 0.08 0.07 0.220.96 14 0.03 0.06 0.19 0.420.91 14 0.62 0.00 0.86 0.400.40 14 0.73 0.01 0.88 0.390.43 14 0.55 0.03 0.64 0.26
619,0.0 1 0.0 0.0 10.0 10.0
620,0.0 1 0.0 0.0 10.0 10.0
621,0.96 14 0.31 0.24 0.46 0.510.49 1 0.32 0.38 0.42 0.59
622,0.33 14 0.43 0.01 0.62 0.520.32 14 0.52 0.01 0.89 0.610.34 14 0.40 0.32 0.85 0.610.44 14 0.35 0.03 0.61 0.610.60 14 0.06 0.02 0.51 0.610.35 14 0.40 0.01 0.85 0.600.38 14 0.17 0.01 0.65 0.610.35 14 0.35 0.01 0.63 0.610.35 14 0.13 0.02 0.50 0.610.55 14 0.00 0.01 0.58 1.000.37 14 0.16 0.02 0.50 0.610.30 14 0.36 0.39 0.80 0.610.38 14 0.37 0.01 0.88 0.610.35 14 0.48 0.01 0.78 0.600.32 14 0.42 0.40 0.80 0.610.43 14 0.38 0.00 0.99 1.00
623,0.94 14 0.19 0.03 0.60 0.97
624,0.39 4 0.39 0.20 0.43 0.290.71 14 0.45 0.00 0.80 0.450.65 14 0.45 0.04 0.70 0.600.96 14 0.02 0.19 0.43 0.580.72 14 0.45 -0.00 0.82 0.600.36 14 0.48 0.11 0.66 0.460.48 8 0.50 0.37 0.69 0.62
625,0.73 14 0.34 0.28 0.41 0.480.37 1 0.32 0.32 0.52 0.490.76 14 0.10 0.30 0.13 0.370.35 14 0.53 0.20 0.63 0.460.80 14 0.00 0.27 0.06 0.430.91 14 0.34 0.28 0.40 0.390.38 14 0.35 0.28 0.46 0.480.59 14 0.44 0.20 0.63 0.49
626,0.0 1 0.0 0.0 10.0 10.0
627,0.34 14 0.00 0.37 0.35 0.940.43 14 0.36 0.01 0.51 0.180.55 14 0.00 0.07 0.34 0.680.37 14 0.00 0.35 0.35 0.920.30 14 0.36 0.01 0.51 0.360.88 14 0.00 0.06 0.35 0.930.43 14 0.00 0.02 0.67 0.97
628,0.80 14 0.31 0.20 0.39 0.320.30 14 0.32 0.21 0.42 0.470.66 14 0.00 0.30 0.15 0.700.88 14 0.05 0.03 0.22 0.500.44 14 0.00 0.13 0.08 0.520.40 14 0.08 0.02 0.73 0.750.72 14 0.00 0.13 0.12 0.700.92 14 0.23 0.21 0.32 0.290.53 14 0.05 0.10 0.26 0.750.37 14 0.05 0.04 0.22 0.360.69 14 0.00 0.14 0.06 0.330.86 14 0.00 0.03 0.22 0.720.81 14 0.23 0.02 0.72 0.750.67 14 0.04 0.10 0.23 0.690.46 14 0.26 0.21 0.32 0.290.34 14 0.05 0.14 0.18 0.48
629,0.35 15 0.02 0.19 0.11 0.310.64 6 0.09 0.16 0.67 0.62
630,0.35 14 0.48 0.16 0.67 0.840.30 14 0.42 0.16 0.67 0.680.32 6 0.14 0.43 0.41 0.600.72 14 0.00 0.25 0.19 0.730.77 14 0.43 0.16 0.67 0.870.85 14 0.43 0.16 0.67 1.00
631,0.31 14 0.50 0.49 0.64 0.75
632,0.96 14 0.68 0.38 0.77 0.70
633,0.0 1 0.0 0.0 10.0 10.0
634,0.84 14 0.15 0.35 0.60 1.000.71 14 0.68 0.29 0.99 1.000.38 14 0.03 0.06 0.44 0.810.38 14 0.15 0.06 0.47 0.950.35 14 0.17 0.06 0.44 0.740.88 14 0.00 0.06 0.45 1.000.51 14 0.30 0.35 0.60 1.000.70 14 0.56 0.28 0.99 1.00
635,0.0 1 0.0 0.0 10.0 10.0
636,0.38 13 0.09 0.07 0.89 0.920.38 13 0.07 0.07 0.89 0.92
637,0.94 14 0.40 0.57 0.46 0.720.72 6 0.63 0.51 1.00 0.800.30 6 0.26 0.55 0.35 0.640.81 6 0.25 0.55 0.36 0.640.90 14 0.22 0.56 0.28 0.690.83 14 0.47 0.52 0.53 0.700.30 14 0.40 0.52 0.52 0.710.52 6 0.27 0.55 0.36 0.64
638,0.87 14 0.35 0.00 0.44 0.170.79 14 0.05 0.00 0.22 0.380.87 14 0.00 0.00 0.07 0.490.68 14 0.04 0.19 0.09 0.360.75 14 0.09 0.06 0.61 1.000.93 14 0.61 0.00 0.80 0.34
639,0.55 14 0.08 0.28 0.12 0.340.70 14 0.19 0.26 0.23 0.350.65 14 0.06 0.24 0.10 0.310.44 14 0.28 0.21 0.32 0.300.38 14 0.13 0.31 0.19 0.47
640,0.34 8 0.79 0.45 0.95 0.830.35 8 0.63 0.43 0.80 0.730.43 15 0.07 0.40 0.17 0.58
641,0.76 14 0.02 0.18 0.06 0.23
642,0.73 6 0.13 0.19 0.95 0.68
643,0.40 14 0.06 0.14 0.47 0.610.86 14 0.05 0.14 0.46 0.760.43 14 0.05 0.08 0.66 0.750.89 14 0.47 0.08 0.67 0.75
644,0.35 6 0.41 0.30 0.67 0.400.55 6 0.42 0.30 0.58 0.390.85 6 0.41 0.30 0.67 0.40
645,0.80 14 0.56 0.27 0.65 0.380.65 14 0.49 0.27 0.65 0.590.47 14 0.41 0.27 0.66 0.59
646,0.63 6 0.02 0.02 0.88 0.74
647,0.0 1 0.0 0.0 10.0 10.0
648,0.52 14 0.33 0.09 0.59 0.360.91 14 0.33 0.09 0.59 0.580.35 13 0.11 0.19 0.72 0.650.50 14 0.38 0.27 0.61 0.58
649,0.73 14 0.26 0.15 0.54 0.400.34 14 0.20 0.16 0.63 0.820.52 14 0.21 0.16 0.56 0.720.73 14 0.00 0.16 0.54 0.870.30 14 0.00 0.29 0.26 0.860.42 14 0.00 0.16 0.64 0.880.67 14 0.00 0.30 0.26 0.710.30 14 0.20 0.16 0.64 0.800.44 14 0.20 0.16 0.65 0.84
650,0.32 14 0.00 0.21 0.52 1.00
651,0.32 14 0.52 0.15 0.57 0.220.44 14 0.67 0.00 0.88 0.650.53 6 0.05 0.14 0.62 0.630.82 14 0.61 0.04 0.76 0.640.30 14 0.61 0.01 0.89 0.65
652,0.0 1 0.0 0.0 10.0 10.0
653,0.37 14 0.00 0.00 0.38 0.650.46 14 0.70 -0.00 0.86 0.380.85 14 0.00 0.01 0.38 1.00
654,0.0 1 0.0 0.0 10.0 10.0
655,0.0 1 0.0 0.0 10.0 10.0
656,0.64 14 0.55 0.16 0.60 0.260.84 14 0.40 0.11 0.50 0.260.75 14 0.77 0.15 1.00 0.650.50 14 0.03 0.02 0.33 0.460.80 14 0.67 0.18 0.73 0.280.78 14 0.92 0.15 1.00 0.260.61 14 0.12 0.07 0.42 0.650.33 14 0.40 0.11 0.50 0.470.35 14 0.03 0.02 0.34 0.460.84 14 0.75 0.16 0.81 0.240.78 14 0.56 0.13 0.69 0.320.49 14 0.03 0.03 0.54 0.650.80 14 0.00 0.16 0.03 0.310.44 14 0.32 0.13 0.40 0.390.77 14 0.56 0.13 0.70 0.350.88 14 0.39 0.11 0.54 0.510.91 14 0.03 0.02 0.42 0.650.78 14 0.33 0.13 0.38 0.200.41 14 0.56 0.13 0.73 0.490.40 14 0.11 0.14 0.15 0.220.89 14 0.76 0.14 0.93 0.650.88 14 0.69 0.16 0.74 0.28
657,0.39 6 0.20 0.14 0.85 0.740.88 6 0.70 0.11 0.82 0.210.45 14 0.00 0.00 0.08 0.140.53 6 0.20 0.12 0.85 0.740.41 6 0.69 0.12 0.82 0.210.88 6 0.70 0.11 0.83 0.21
658,0.0 1 0.0 0.0 10.0 10.0
659,0.0 1 0.0 0.0 10.0 10.0
660,0.41 6 0.36 0.37 0.59 0.500.83 14 0.22 0.34 0.28 0.430.67 6 0.05 0.40 0.30 0.550.45 6 0.05 0.39 0.29 0.550.44 6 0.05 0.40 0.21 0.55
661,0.78 14 0.19 0.19 0.48 0.710.79 14 0.20 0.19 0.47 0.670.36 14 0.16 0.20 0.72 0.730.32 14 0.13 0.19 0.49 0.63
662,0.85 14 0.46 0.12 0.61 0.470.82 14 0.46 0.12 0.61 0.63
663,0.32 6 0.46 0.34 0.78 0.50
664,0.34 14 0.00 0.02 0.42 0.74
665,0.40 14 0.22 0.30 0.50 0.640.53 6 -0.00 0.02 0.90 1.00
666,0.42 14 0.11 0.41 0.15 0.510.32 6 0.59 0.33 0.66 0.410.36 6 0.55 0.85 0.62 0.90
667,0.80 6 0.70 0.38 0.80 0.530.69 6 0.80 0.34 0.89 0.610.55 6 0.14 0.40 0.72 0.820.39 6 0.14 0.11 0.72 0.820.31 6 0.71 0.34 0.89 0.54
668,0.32 6 0.00 0.54 0.19 0.810.41 14 0.91 0.50 0.94 0.600.62 14 0.89 0.48 0.92 0.600.50 14 0.97 0.48 0.99 0.570.85 6 0.00 0.55 0.19 0.810.42 14 0.88 0.48 0.91 0.60
669,0.50 1 0.13 0.41 0.64 0.900.75 14 0.24 0.08 0.56 0.71
670,0.40 19 0.44 0.15 0.60 0.360.71 14 0.31 0.24 0.39 0.500.64 14 0.31 0.24 0.38 0.34
671,0.73 14 0.06 0.01 0.93 1.00
672,0.48 14 0.43 0.29 0.61 0.630.53 14 0.28 0.30 0.61 1.000.35 14 0.57 0.62 0.89 1.000.66 14 0.13 0.30 0.71 1.000.35 14 0.05 0.27 0.17 0.640.34 14 0.39 0.29 0.61 0.780.72 14 0.02 0.33 0.45 1.000.66 14 0.06 0.27 0.17 0.440.34 14 0.12 0.13 0.73 1.000.32 14 0.02 0.29 0.73 1.000.41 14 0.41 0.33 0.62 1.000.61 14 0.41 0.30 0.73 1.00
673,0.52 14 0.69 0.51 0.91 0.900.92 14 0.67 0.51 0.95 0.95
674,0.0 1 0.0 0.0 10.0 10.0
675,0.56 14 0.21 0.17 0.80 1.000.77 4 0.44 0.70 0.49 0.840.37 14 0.20 0.18 0.42 0.850.68 4 0.43 0.70 0.49 0.890.34 14 0.36 0.17 0.54 0.620.56 4 0.43 0.70 0.49 0.880.82 14 0.21 0.17 0.54 1.000.50 14 0.36 0.17 0.54 0.810.55 14 0.00 0.17 0.52 1.000.36 14 0.22 0.70 0.51 1.000.63 14 0.21 0.17 0.85 1.000.32 14 0.37 0.17 0.86 0.99
676,0.51 14 0.16 0.85 0.24 1.00
677,0.64 14 0.23 0.47 0.44 1.000.69 14 0.70 0.22 0.89 1.000.36 14 0.22 0.47 0.41 0.930.77 14 0.09 0.37 0.27 0.750.94 14 0.10 0.47 0.45 1.000.34 8 0.27 0.40 0.37 0.590.92 14 0.09 0.38 0.27 0.940.48 14 0.10 0.36 0.16 0.500.76 14 0.67 0.22 0.89 0.660.40 14 0.71 0.51 0.89 1.000.64 14 0.69 0.22 0.89 0.650.81 14 0.58 0.22 0.89 1.00
678,0.44 14 0.31 0.01 0.57 0.370.79 14 0.23 0.34 0.73 1.000.82 14 0.00 0.09 0.14 0.530.81 14 0.19 0.01 0.63 1.000.92 14 0.00 0.09 0.19 1.000.44 14 0.20 0.01 0.73 1.000.48 14 0.00 0.10 0.20 0.81
679,0.90 14 0.33 0.09 0.48 0.630.45 14 0.34 0.11 0.72 0.890.54 14 0.69 0.79 0.89 1.000.31 14 0.32 0.09 0.50 0.710.40 4 0.61 0.72 0.69 1.000.88 14 0.22 0.12 0.34 0.620.76 14 0.33 0.09 0.49 0.670.70 14 0.22 0.12 0.35 0.530.61 14 0.00 0.13 0.30 0.820.96 14 0.00 0.13 0.30 0.730.43 14 0.22 0.13 0.35 0.480.43 14 0.34 0.10 0.72 0.990.86 14 0.80 0.81 0.89 1.000.81 14 0.35 0.20 0.71 0.76
680,0.64 6 0.01 0.35 0.07 0.390.35 6 0.75 0.32 0.86 0.420.85 6 0.00 0.47 0.07 0.570.74 6 0.08 0.34 0.13 0.39
681,0.46 6 0.06 0.17 0.96 0.670.79 6 0.04 0.15 0.99 0.68
682,0.33 6 0.07 0.30 0.79 0.700.96 14 0.21 0.04 0.41 0.45
683,0.61 14 0.27 0.34 0.57 0.620.35 6 0.00 0.00 0.26 0.280.32 6 0.75 0.02 0.82 0.090.49 6 0.69 0.02 0.79 0.090.94 14 0.00 0.10 0.05 0.410.89 6 0.68 0.02 0.83 0.090.71 14 0.24 0.11 0.30 0.210.97 14 0.10 0.20 0.30 0.650.88 14 0.23 0.11 0.29 0.210.51 6 0.01 0.10 0.32 0.330.45 6 0.01 0.10 0.32 0.310.81 14 0.36 0.35 0.56 0.610.62 6 0.02 0.11 0.30 0.290.72 6 0.68 0.03 0.77 0.09
684,0.0 1 0.0 0.0 10.0 10.0
685,0.38 14 0.67 0.22 0.76 0.500.42 14 0.57 0.21 0.76 0.470.32 14 0.45 0.21 0.53 0.330.32 14 0.40 0.21 0.52 0.600.91 14 0.55 0.22 0.64 0.370.34 14 0.44 0.21 0.56 0.440.94 14 0.67 0.21 0.75 0.340.92 14 0.45 0.21 0.54 0.380.92 14 0.55 0.22 0.65 0.38
686,0.51 14 0.50 0.32 0.66 0.650.93 14 0.46 0.30 0.56 0.560.95 14 0.10 0.34 0.23 0.650.45 14 0.49 0.32 0.66 0.660.93 14 0.38 0.30 0.46 0.530.52 14 0.46 0.30 0.66 0.66
687,0.0 1 0.0 0.0 10.0 10.0
688,0.40 8 0.56 0.49 0.67 0.730.93 14 0.17 0.07 0.54 0.610.33 14 0.17 0.07 0.52 0.550.47 8 0.56 0.50 0.68 0.85
689,0.65 6 0.04 0.09 0.68 0.860.54 6 0.05 0.09 0.67 0.40
690,0.63 14 0.04 0.09 0.38 0.570.34 1 0.09 0.43 0.53 1.000.85 14 0.04 0.09 0.41 1.000.70 14 0.27 0.11 0.66 0.910.70 14 0.39 0.11 0.66 0.81
691,0.92 14 0.36 0.14 0.59 0.940.33 14 0.59 0.15 0.67 0.510.43 14 0.36 0.15 0.48 0.310.41 14 0.05 0.15 0.59 0.940.51 14 0.52 0.20 0.57 0.280.49 14 0.06 0.15 0.59 0.96
692,0.34 6 0.46 0.37 0.53 0.420.39 6 0.86 0.32 1.00 0.41
693,0.33 8 0.43 0.48 0.60 0.620.32 8 0.56 0.36 0.88 0.670.40 8 0.43 0.48 0.59 0.60
694,0.97 14 0.36 0.33 0.54 0.660.88 6 0.68 0.43 0.76 0.480.83 6 0.02 0.40 0.07 0.440.43 6 0.06 0.40 0.10 0.440.58 6 0.68 0.43 0.73 0.480.46 6 0.71 0.38 0.77 0.43
695,0.0 1 0.0 0.0 10.0 10.0
696,0.69 6 0.06 0.07 0.84 0.60
697,0.34 15 0.79 0.57 0.97 1.00
698,0.0 1 0.0 0.0 10.0 10.0
699,0.36 6 0.83 0.69 0.91 0.830.89 6 0.81 0.77 0.96 1.000.66 6 0.66 0.68 0.86 0.840.78 6 0.62 0.68 0.87 0.840.93 14 0.15 0.70 0.20 0.890.82 6 0.18 0.67 0.55 0.980.92 14 0.00 0.73 0.05 0.950.39 6 0.18 0.67 0.55 0.980.42 6 0.04 0.71 0.12 0.860.93 14 0.10 0.73 0.14 0.950.57 6 0.75 0.69 0.86 0.840.88 6 0.55 0.79 0.82 0.990.38 6 0.62 0.68 0.91 0.840.66 6 0.03 0.70 0.14 0.860.45 6 0.81 0.76 0.97 0.990.83 6 0.54 0.74 0.63 0.860.44 6 0.61 0.68 0.85 0.840.51 6 0.55 0.78 0.82 0.98
700,0.36 4 0.19 0.37 0.23 0.470.50 6 0.65 0.30 0.75 0.420.35 6 0.47 0.30 0.75 0.44
701,0.53 14 0.02 0.47 0.59 1.00
702,0.0 1 0.0 0.0 10.0 10.0
703,0.63 6 0.27 0.20 0.97 0.87
704,0.0 1 0.0 0.0 10.0 10.0
705,0.36 14 0.06 0.02 0.86 1.000.47 14 0.08 0.04 0.86 1.00
706,0.86 14 0.19 0.83 0.30 1.000.60 14 0.30 0.86 0.40 1.000.38 14 0.20 0.54 0.30 0.670.76 14 0.19 0.51 0.41 1.000.38 14 0.19 0.83 0.40 1.000.57 14 0.19 0.50 0.41 0.670.43 14 0.19 0.54 0.31 1.000.34 14 0.20 0.54 0.30 0.66
707,0.0 1 0.0 0.0 10.0 10.0
708,0.37 6 0.58 0.28 0.63 0.330.52 1 0.73 0.57 0.89 0.810.96 14 0.60 0.40 0.70 0.830.96 14 0.18 0.40 0.25 0.690.94 14 0.33 0.38 0.44 0.840.42 14 0.34 0.58 0.44 0.840.49 14 0.58 0.40 0.64 0.610.86 14 0.40 0.35 0.50 0.730.97 14 0.12 0.42 0.19 0.700.41 1 0.09 0.48 0.90 0.820.52 1 0.45 0.50 0.89 0.810.97 14 0.68 0.39 0.77 0.810.73 14 0.58 0.40 0.65 0.830.40 6 0.59 0.28 0.63 0.340.34 14 0.58 0.40 0.64 0.700.30 1 0.25 0.48 0.89 0.82
709,0.37 8 0.06 0.77 0.30 1.000.50 8 0.03 0.65 0.18 0.960.56 4 0.37 0.60 0.40 0.680.55 8 0.09 0.78 0.30 1.000.31 8 0.01 0.60 0.10 0.780.40 8 0.09 0.84 0.30 1.000.35 8 0.01 0.60 0.17 0.860.36 8 0.09 0.78 0.30 1.000.50 8 0.03 0.65 0.19 1.000.53 8 0.03 0.65 0.18 0.860.59 8 0.69 0.74 0.83 1.00
710,0.40 6 0.62 0.76 0.68 0.830.85 6 0.07 0.24 0.19 0.310.37 6 0.51 0.75 0.68 0.830.33 6 0.07 0.24 0.20 0.31
711,0.35 14 0.41 0.51 0.49 0.660.55 14 0.30 0.69 0.51 1.000.45 14 0.47 0.06 0.82 1.000.63 14 0.01 0.28 0.29 0.640.76 14 0.00 0.27 0.33 0.820.65 14 0.00 0.27 0.33 0.820.33 14 0.11 0.28 0.21 0.450.41 14 0.00 0.28 0.33 1.000.38 14 0.24 0.35 0.32 0.510.70 14 0.00 0.28 0.28 0.650.49 14 0.32 0.43 0.48 0.740.37 14 0.07 0.29 0.29 0.600.61 14 0.30 0.06 0.77 1.000.80 14 0.30 0.05 0.93 1.000.60 14 0.43 0.05 0.94 1.00
712,0.87 14 0.34 0.25 0.56 0.860.60 14 0.40 0.25 0.56 0.87
713,0.0 1 0.0 0.0 10.0 10.0
714,0.49 14 0.39 0.16 0.73 0.650.44 14 0.65 0.15 1.00 0.660.30 14 0.58 0.15 1.00 0.660.55 14 0.83 0.15 1.00 0.660.45 14 0.00 0.03 0.37 0.520.36 14 0.00 0.16 0.69 0.660.33 14 0.65 0.10 1.00 0.640.30 14 0.00 0.15 0.38 0.670.79 14 0.00 0.02 0.38 0.670.63 14 0.60 0.05 1.00 0.660.32 14 0.00 0.15 0.37 0.640.35 14 0.40 0.16 0.74 0.650.43 14 0.65 0.05 1.00 0.660.35 14 0.43 0.16 0.74 0.640.51 14 0.41 0.05 1.00 0.65
715,0.76 14 0.30 0.07 0.52 0.440.81 14 0.17 0.07 0.57 0.450.41 14 0.33 0.06 0.50 0.28
716,0.43 14 0.19 0.03 0.67 0.810.91 14 0.09 0.06 0.37 0.510.46 14 0.10 0.03 0.66 0.530.43 14 0.20 0.03 0.66 0.680.45 14 0.04 0.06 0.37 0.950.48 14 0.19 0.02 0.67 1.000.47 14 0.22 0.04 0.66 0.82
717,0.79 6 0.14 0.19 0.90 0.55
718,0.36 14 0.60 0.13 0.75 0.530.44 14 0.25 0.12 0.43 0.660.38 14 0.64 0.13 0.74 0.420.54 14 0.36 0.12 0.74 0.650.67 14 0.26 0.16 0.60 0.670.56 14 0.58 0.12 0.75 0.630.35 14 0.25 0.12 0.54 0.680.77 14 0.37 0.19 0.61 0.660.47 14 0.24 0.12 0.36 0.410.62 14 0.28 0.19 0.53 0.660.33 14 0.25 0.13 0.74 0.640.41 14 0.36 0.12 0.74 0.670.43 14 0.45 0.12 0.74 0.620.44 14 0.58 0.12 0.74 0.56
719,0.92 14 0.25 0.60 0.30 0.740.45 14 0.37 0.65 0.40 0.720.78 14 0.33 0.64 0.36 0.720.79 14 0.00 0.57 0.03 0.770.37 6 0.45 0.62 0.55 0.71
720,0.0 1 0.0 0.0 10.0 10.0
721,0.38 6 0.45 0.34 0.56 0.440.57 6 0.46 0.31 0.69 0.440.35 6 0.45 0.32 0.59 0.440.58 6 0.46 0.32 0.58 0.44
722,0.35 14 0.38 0.26 0.73 1.000.62 14 0.00 0.11 0.27 0.710.35 4 0.81 0.14 0.87 0.320.57 4 0.75 0.19 0.83 0.460.89 14 0.00 0.11 0.27 0.740.71 14 0.40 0.36 0.73 0.710.36 14 0.38 0.25 0.75 0.720.53 14 0.01 0.12 0.48 1.000.70 14 0.00 0.11 0.27 1.000.59 14 0.40 0.35 0.83 1.000.65 4 0.81 0.14 0.87 0.370.64 4 0.75 0.19 0.82 0.38
723,0.36 15 0.30 0.25 0.52 0.480.77 14 0.55 0.00 0.86 0.330.47 14 0.55 0.00 0.86 0.440.56 15 0.30 0.26 0.52 0.480.60 15 0.31 0.30 0.52 0.480.43 4 0.03 0.25 0.17 0.580.77 14 0.55 0.00 0.74 0.330.59 14 0.55 -0.00 0.86 0.46
724,0.0 1 0.0 0.0 10.0 10.0
725,0.62 6 0.00 0.40 0.05 0.450.37 6 0.41 0.39 0.60 0.460.40 6 0.71 0.34 0.85 0.410.85 6 0.42 0.47 0.81 0.620.89 14 0.24 0.34 0.27 0.450.70 14 0.38 0.30 0.41 0.350.68 14 0.32 0.33 0.36 0.370.76 6 0.81 0.36 0.86 0.420.78 14 0.76 0.29 0.79 0.350.86 14 0.80 0.30 0.82 0.350.91 6 0.01 0.51 0.44 0.700.90 14 0.77 0.29 0.80 0.350.63 6 0.20 0.34 0.28 0.400.49 6 0.40 0.35 0.63 0.440.51 6 0.25 0.35 0.65 0.460.81 14 0.11 0.32 0.15 0.360.70 14 0.24 0.31 0.27 0.360.91 6 0.71 0.34 0.85 0.420.90 6 0.03 0.35 0.19 0.420.49 14 0.30 0.33 0.33 0.380.72 6 0.26 0.36 0.45 0.450.67 6 0.24 0.43 0.61 0.540.33 6 0.24 0.42 0.82 0.630.68 6 0.24 0.44 0.81 0.630.83 6 0.56 0.35 0.66 0.41
726,0.47 14 0.44 0.10 0.61 0.290.49 15 0.04 0.13 0.32 0.590.44 14 0.28 0.10 0.79 0.330.33 15 0.00 0.15 0.08 0.420.59 14 0.29 0.10 0.80 0.720.44 15 0.00 0.13 0.08 0.610.31 15 0.14 0.13 0.32 0.550.30 15 0.04 0.13 0.32 0.630.71 14 0.28 0.10 0.62 0.290.33 15 0.02 0.13 0.30 0.620.32 15 0.17 0.29 0.31 0.420.38 15 0.03 0.14 0.20 0.63
727,0.63 14 0.03 0.27 0.61 1.000.48 14 0.00 0.04 0.07 0.470.82 14 0.26 0.02 0.62 0.520.56 14 0.00 0.02 0.63 1.00
728,0.0 1 0.0 0.0 10.0 10.0
729,0.38 14 0.18 0.37 0.39 0.60
730,0.38 13 0.23 0.22 0.68 0.580.94 14 0.26 0.07 0.53 0.52
731,0.96 14 0.25 0.43 0.35 0.710.79 14 0.00 0.43 0.03 0.750.96 14 0.01 0.40 0.26 0.89
732,0.33 6 0.02 0.22 0.32 0.51
733,0.38 15 0.43 0.33 0.50 0.430.51 15 0.45 0.36 0.50 0.430.65 15 0.41 0.29 0.47 0.420.37 14 0.22 0.25 0.34 0.490.49 15 0.41 0.29 0.51 0.420.94 14 0.15 0.24 0.42 0.89
734,0.0 1 0.0 0.0 10.0 10.0
735,0.44 14 0.48 0.21 0.65 0.470.39 14 0.51 0.23 0.93 0.660.38 14 0.48 0.20 0.66 0.640.33 14 0.84 0.30 0.93 0.450.51 14 0.48 0.00 0.71 0.660.31 14 0.49 0.22 0.93 0.660.43 14 0.48 0.21 0.66 0.660.38 14 0.51 0.25 0.93 0.660.48 14 0.49 0.00 0.93 0.660.32 14 0.48 0.00 0.80 1.000.51 14 0.83 0.30 0.92 0.470.47 14 0.48 0.01 0.95 1.00
736,0.52 14 0.61 0.25 0.72 0.370.35 14 0.00 0.24 0.72 1.000.34 14 0.22 0.24 0.72 0.580.47 14 0.50 0.25 0.71 0.37
737,0.60 14 0.22 0.24 0.60 0.750.90 14 0.19 0.35 0.23 0.410.94 14 0.21 0.24 0.42 0.750.34 14 0.20 0.34 0.24 0.420.90 14 0.40 0.23 0.60 0.75
738,0.0 1 0.0 0.0 10.0 10.0
739,0.59 14 0.20 0.28 0.47 0.560.57 14 0.51 0.30 0.61 0.450.59 14 0.00 0.28 0.47 1.000.66 14 0.53 0.31 0.61 0.41
740,0.48 15 0.43 0.65 0.52 0.770.69 15 0.51 0.61 0.60 0.760.71 15 0.42 0.66 0.51 0.790.34 15 0.42 0.62 0.51 0.740.86 14 0.18 0.20 0.32 0.540.71 15 0.35 0.63 0.44 0.780.38 15 0.48 0.53 0.59 0.760.68 15 0.44 0.53 0.54 0.770.83 14 0.18 0.20 0.32 0.920.42 15 0.35 0.63 0.45 0.790.69 15 0.35 0.61 0.48 0.780.46 15 0.43 0.66 0.51 0.780.71 15 0.47 0.52 0.60 0.770.58 15 0.52 0.65 0.59 0.77
741,0.52 15 0.02 0.39 0.08 0.47
742,0.95 14 0.30 0.17 0.53 1.000.36 14 0.10 0.18 0.52 1.000.95 14 0.10 0.21 0.34 1.000.34 14 0.00 0.22 0.33 1.000.88 14 0.07 0.45 0.11 0.50
743,0.92 14 0.74 0.05 0.86 0.30
744,0.74 6 0.52 0.24 0.61 0.290.39 6 0.52 0.24 0.60 0.310.53 14 0.14 0.23 0.16 0.320.93 14 0.83 0.25 0.87 0.370.85 6 0.61 0.23 0.72 0.310.42 6 0.61 0.23 0.72 0.310.90 14 0.13 0.22 0.16 0.320.92 14 0.06 0.22 0.09 0.320.47 14 0.37 0.12 0.54 0.430.64 14 0.38 0.13 0.49 0.380.65 6 0.52 0.24 0.62 0.310.76 14 0.38 0.13 0.53 0.380.33 6 0.69 0.26 0.75 0.320.37 14 0.36 0.12 0.54 0.510.72 14 0.12 0.23 0.14 0.320.41 6 0.54 0.23 0.72 0.310.55 6 0.60 0.24 0.66 0.310.38 6 0.60 0.24 0.69 0.30
745,0.86 14 0.03 0.01 0.12 0.22
746,0.30 15 0.48 0.37 0.85 0.93
747,0.90 14 0.27 0.42 0.53 1.000.78 14 0.14 0.39 0.41 1.000.76 14 0.26 0.39 0.42 1.000.33 14 0.25 0.39 0.42 0.780.51 14 0.25 0.38 0.42 0.790.92 14 0.13 0.45 0.29 1.000.95 14 0.00 0.52 0.09 1.000.35 14 0.24 0.41 0.67 1.000.39 14 0.36 0.43 0.54 1.000.90 14 0.48 0.38 0.68 1.000.51 14 0.36 0.39 0.67 1.00
748,0.0 1 0.0 0.0 10.0 10.0
749,0.55 4 0.37 0.48 0.42 0.720.34 8 0.00 0.40 0.25 0.950.56 14 0.01 0.00 0.16 0.260.52 4 0.26 0.54 0.33 0.790.30 14 0.05 0.10 0.16 0.260.32 8 0.00 0.39 0.25 0.770.72 4 0.65 0.19 0.69 0.33
750,0.58 6 0.89 0.33 1.00 0.790.82 6 0.00 0.29 0.40 0.700.77 6 0.19 0.30 0.86 0.80
751,0.30 14 0.19 0.21 0.74 1.000.70 14 0.19 0.22 0.51 1.000.34 14 0.19 0.43 0.63 1.000.66 14 0.19 0.21 0.63 1.000.60 14 0.50 0.53 0.76 1.000.30 14 0.52 0.52 0.74 1.000.74 14 0.50 0.46 0.77 1.00
752,0.37 1 0.16 0.52 0.37 0.920.44 14 0.34 0.00 0.57 0.470.85 14 0.77 0.12 0.99 0.650.57 1 0.72 0.32 0.99 0.710.74 14 0.52 0.17 0.70 0.630.34 1 0.15 0.52 0.49 0.920.58 14 0.30 0.03 0.57 0.870.54 1 0.42 0.41 0.69 0.790.48 1 0.16 0.44 0.70 0.920.96 14 0.19 0.33 0.41 0.860.50 1 0.16 0.52 0.36 0.920.45 14 0.36 0.00 0.58 0.180.57 1 0.35 0.37 0.70 0.800.89 14 0.46 0.17 0.70 0.650.81 14 0.78 0.12 0.99 0.530.61 1 0.16 0.38 0.70 0.92
753,0.0 1 0.0 0.0 10.0 10.0
754,0.71 14 0.27 0.10 0.51 0.380.81 14 0.26 0.11 0.52 0.59
755,0.36 14 0.35 0.21 0.41 0.340.95 14 0.58 0.35 0.67 0.49
756,0.0 1 0.0 0.0 10.0 10.0
757,0.94 14 0.34 0.13 0.50 0.710.65 14 0.00 0.20 0.10 0.370.94 14 0.08 0.24 0.23 0.670.41 14 0.00 0.19 0.24 0.720.96 14 0.65 0.21 0.83 0.67
758,0.0 1 0.0 0.0 10.0 10.0
759,0.0 1 0.0 0.0 10.0 10.0
760,0.79 14 0.77 0.16 0.80 0.230.90 14 0.96 0.17 1.00 0.380.36 14 0.69 0.16 0.72 0.200.87 6 0.03 0.10 0.98 0.620.87 14 0.83 0.17 0.87 0.24
761,0.0 1 0.0 0.0 10.0 10.0
762,0.44 14 0.66 0.07 0.70 0.160.95 14 0.53 0.02 0.62 0.240.57 14 0.68 0.06 0.75 0.330.65 14 0.83 0.07 0.88 0.290.51 14 0.78 0.07 0.87 0.380.92 14 0.60 0.05 0.67 0.210.46 6 0.05 0.14 0.81 0.580.33 14 0.75 0.05 0.84 0.290.83 14 0.74 0.05 0.84 0.170.96 14 0.00 0.03 0.11 0.350.32 14 0.83 0.07 0.88 0.180.37 6 0.04 0.08 0.82 0.570.34 6 0.01 0.08 0.86 0.590.96 14 0.72 0.04 0.84 0.340.82 14 0.68 0.07 0.73 0.170.84 14 0.72 0.04 0.79 0.17
763,0.0 1 0.0 0.0 10.0 10.0
764,0.0 1 0.0 0.0 10.0 10.0
765,0.0 1 0.0 0.0 10.0 10.0
766,0.84 6 0.32 0.30 0.64 0.45
767,0.62 6 0.18 0.24 0.30 0.29
768,0.0 1 0.0 0.0 10.0 10.0
769,0.75 14 0.00 0.62 0.05 0.990.97 14 0.18 0.35 0.32 0.790.34 14 0.59 0.50 0.84 0.890.35 8 0.42 0.64 0.53 0.900.97 14 0.48 0.17 0.62 0.830.88 14 0.44 0.50 0.84 1.00
770,0.70 8 0.42 0.72 0.58 1.000.61 8 0.14 0.71 0.29 0.870.54 8 0.30 0.52 0.40 0.730.44 8 0.26 0.53 0.40 0.760.65 8 0.42 0.72 0.57 0.920.41 8 0.42 0.73 0.58 1.000.73 8 0.41 0.73 0.58 1.00
771,0.31 6 0.53 0.54 0.97 0.870.86 6 0.54 0.54 0.96 0.88
772,0.35 14 0.75 0.59 0.82 0.910.95 14 0.75 0.59 0.81 0.860.94 14 0.70 0.58 0.75 0.860.34 14 0.79 0.59 0.83 0.750.93 14 0.79 0.59 0.83 0.840.54 14 0.22 0.50 0.28 0.670.36 14 0.28 0.59 0.31 0.670.44 14 0.04 0.64 0.07 0.700.84 14 0.46 0.59 0.50 0.720.65 14 0.61 0.60 0.65 0.770.91 14 0.64 0.59 0.68 0.76
773,0.38 8 -0.00 0.58 0.27 1.000.50 15 0.37 0.60 0.45 0.740.38 15 0.32 0.61 0.46 0.830.71 15 0.35 0.66 0.44 0.840.50 15 0.33 0.61 0.44 0.800.30 14 0.75 0.04 0.84 0.340.79 14 0.00 0.58 0.10 1.000.40 14 0.70 0.00 0.84 0.430.32 8 -0.00 0.58 0.26 1.000.75 14 0.00 0.78 0.09 1.000.75 15 0.34 0.60 0.45 0.780.50 14 0.74 0.04 0.84 0.430.74 14 0.61 0.01 0.84 1.00
774,0.59 14 0.53 0.33 0.80 0.740.70 14 0.01 0.31 0.81 0.95
775,0.0 1 0.0 0.0 10.0 10.0
776,0.36 0 0.10 0.31 0.86 0.62
777,0.39 14 0.12 0.23 0.70 1.000.34 14 0.00 0.24 0.51 1.000.84 14 0.00 0.23 0.70 1.00
778,0.67 6 0.02 0.12 0.99 0.70
779,0.0 1 0.0 0.0 10.0 10.0
780,0.57 6 0.00 0.14 0.25 0.430.80 6 0.00 0.08 0.97 0.75
781,0.45 14 0.03 0.11 0.57 0.650.60 14 0.66 0.02 1.00 1.000.66 14 0.01 0.12 0.42 0.670.53 14 0.14 0.11 0.47 0.660.61 14 0.00 0.11 0.51 1.000.40 14 0.00 0.13 0.29 0.660.85 14 0.68 0.03 1.00 0.630.37 14 0.66 0.03 1.00 1.00
782,0.49 6 0.00 0.13 0.04 0.240.83 6 0.13 0.20 0.89 0.710.37 6 0.04 0.18 0.09 0.23
783,0.0 1 0.0 0.0 10.0 10.0
784,0.42 15 0.42 0.56 0.51 0.670.64 14 0.82 0.32 1.00 0.660.52 14 0.81 0.41 1.00 0.730.36 14 0.11 0.36 0.40 0.650.56 14 0.82 0.31 1.00 0.520.35 14 0.00 0.16 0.22 0.620.94 14 0.06 0.36 0.46 0.750.65 14 0.00 0.15 0.22 1.000.77 14 0.00 0.16 0.22 0.750.38 15 0.39 0.55 0.51 0.670.97 14 0.54 0.15 0.79 0.600.36 14 0.54 0.15 0.79 0.720.92 14 0.81 0.31 1.00 0.65
785,0.54 14 0.27 0.10 0.44 0.330.69 14 0.12 0.11 0.46 0.900.41 14 0.01 0.10 0.66 1.000.47 14 0.12 0.11 0.46 0.890.47 14 0.01 0.11 0.46 1.000.66 14 0.13 0.10 0.65 1.00
786,0.52 4 0.06 0.67 0.10 0.79
787,0.0 1 0.0 0.0 10.0 10.0
788,0.32 6 0.50 0.23 0.58 0.300.39 14 0.16 0.07 0.54 0.800.50 4 0.01 0.49 0.08 0.710.53 6 0.44 0.23 0.52 0.310.50 6 0.46 0.23 0.62 0.310.86 14 0.16 0.07 0.54 0.620.33 4 0.11 0.51 0.21 0.740.60 14 0.16 0.08 0.54 0.800.62 6 0.00 0.25 0.16 0.320.45 14 0.16 0.08 0.55 0.890.51 6 0.48 0.23 0.60 0.310.84 6 0.50 0.23 0.61 0.30
789,0.55 14 0.72 0.38 0.91 0.540.58 14 0.85 0.24 1.00 0.560.43 14 0.81 0.24 1.00 0.660.69 14 0.55 0.03 0.78 0.520.69 14 0.13 0.04 0.81 0.650.39 14 0.55 0.03 0.81 0.660.32 14 0.01 0.04 0.76 1.000.65 14 0.12 0.03 0.80 1.000.54 14 0.75 0.39 0.88 0.540.78 14 0.73 0.39 1.00 0.620.61 14 0.73 0.24 1.00 0.57
790,0.60 14 0.42 0.17 0.46 0.200.42 14 0.42 0.17 0.46 0.210.81 6 0.00 0.21 0.25 0.380.85 6 0.02 0.20 0.76 0.620.58 14 0.76 0.18 0.79 0.210.39 6 0.00 0.21 0.26 0.390.82 14 0.37 0.16 0.42 0.20
791,0.0 1 0.0 0.0 10.0 10.0
792,0.94 14 0.01 0.24 0.42 1.00
793,0.61 6 0.12 0.36 0.79 0.570.45 14 0.75 0.41 0.86 0.630.96 14 0.74 0.40 0.81 0.630.95 14 0.81 0.41 0.86 0.630.90 14 0.00 0.42 0.03 0.520.91 14 0.11 0.42 0.14 0.510.90 14 0.57 0.40 0.60 0.500.93 14 0.05 0.42 0.09 0.520.78 14 0.42 0.42 0.45 0.48
794,0.0 1 0.0 0.0 10.0 10.0
795,0.87 14 0.36 0.22 0.50 0.410.80 14 0.26 0.33 0.63 0.860.89 14 0.50 0.25 0.64 0.560.83 14 0.26 0.33 0.48 0.890.58 14 0.36 0.23 0.49 0.550.45 14 0.21 0.32 0.30 0.600.32 14 0.49 0.26 0.63 0.540.34 14 0.24 0.33 0.33 0.540.75 14 0.50 0.26 0.62 0.550.37 14 0.35 0.23 0.54 0.590.97 14 0.00 0.03 0.27 1.000.42 14 0.26 0.33 0.32 0.420.33 14 0.48 0.25 0.65 0.770.66 14 0.36 0.22 0.45 0.360.35 14 0.26 0.33 0.49 0.660.75 14 0.49 0.25 0.65 0.590.76 14 0.41 0.33 0.61 0.800.50 14 0.41 0.25 0.65 0.800.83 14 0.50 0.25 0.61 0.52
796,0.52 14 0.53 0.08 0.64 0.310.91 14 0.72 0.31 0.77 0.370.93 14 0.53 0.07 0.68 0.490.95 14 0.12 0.05 0.36 0.640.92 14 0.56 0.22 0.68 0.490.51 14 0.64 0.14 0.71 0.27
797,0.0 1 0.0 0.0 10.0 10.0
798,0.97 14 0.29 0.16 0.49 0.54
799,0.59 1 0.34 0.44 0.42 0.56
800,0.0 1 0.0 0.0 10.0 10.0
801,0.0 1 0.0 0.0 10.0 10.0
802,0.39 14 0.00 0.05 0.47 0.590.73 14 0.00 0.04 0.47 1.00
803,0.78 14 0.00 -0.00 0.61 0.96
804,0.0 1 0.0 0.0 10.0 10.0
805,0.35 8 0.28 0.55 0.43 0.710.59 8 0.28 0.55 0.43 0.700.49 8 0.43 0.55 0.66 0.71
806,0.40 14 0.14 0.00 0.72 1.000.42 14 0.68 0.16 0.80 0.350.47 14 0.00 0.00 0.70 1.00
807,0.0 1 0.0 0.0 10.0 10.0
808,0.70 6 0.43 0.43 0.47 0.470.71 6 0.50 0.43 0.55 0.480.81 6 0.32 0.43 0.38 0.480.46 6 0.42 0.43 0.47 0.47
809,0.79 14 0.00 0.00 0.24 0.540.74 14 0.06 0.01 0.25 0.610.55 14 0.00 0.00 0.16 0.360.35 14 0.41 0.01 0.66 0.660.57 14 0.00 0.00 0.23 0.660.81 14 0.62 0.07 0.80 0.390.89 14 0.42 0.01 0.65 0.560.39 14 0.08 0.08 0.22 0.340.43 14 0.03 0.01 0.24 0.450.37 14 0.00 0.00 0.12 0.290.77 14 0.61 0.07 0.80 0.540.33 14 0.41 0.00 0.60 0.410.74 14 0.54 0.06 0.81 0.530.51 14 0.53 0.25 0.62 0.37
810,0.51 14 0.15 0.50 0.25 0.63
811,0.0 1 0.0 0.0 10.0 10.0
812,0.39 14 0.58 0.27 0.64 0.360.57 14 0.58 0.27 0.67 0.440.35 14 0.00 0.11 0.42 0.670.30 14 0.19 0.10 0.43 0.660.43 14 0.58 0.27 0.67 0.620.58 14 0.00 0.09 0.42 1.000.69 14 0.00 0.27 0.22 1.000.61 14 0.01 0.28 0.21 0.570.92 14 0.58 0.27 0.66 0.38
813,0.45 6 0.10 0.36 0.24 0.480.47 6 0.09 0.36 0.25 0.480.62 6 0.05 0.35 0.26 0.54
814,0.65 6 0.01 0.01 1.00 0.330.65 6 0.36 0.01 0.97 0.310.76 14 0.00 -0.00 0.43 0.470.30 6 0.36 0.01 1.00 0.31
815,0.43 14 0.09 0.39 0.31 0.660.55 1 0.02 0.46 0.65 0.890.68 14 0.24 0.26 0.52 0.820.83 14 0.24 0.26 0.52 0.670.93 14 0.09 0.39 0.32 0.850.36 1 0.02 0.56 0.64 0.90
816,0.59 6 0.67 0.48 0.88 0.570.53 6 0.66 0.47 0.88 0.570.62 6 0.54 0.47 0.88 0.580.40 6 0.55 0.49 0.67 0.560.35 6 0.65 0.46 0.88 0.57
817,0.74 6 0.04 0.25 0.61 0.910.88 6 0.00 0.38 0.10 0.51
818,0.34 14 0.39 0.20 0.53 0.430.94 14 0.39 0.19 0.52 0.54
819,0.95 14 0.43 0.28 0.49 0.450.96 14 0.51 0.28 0.61 0.45
820,0.0 1 0.0 0.0 10.0 10.0
821,0.32 14 0.48 0.12 0.72 0.650.44 14 0.45 0.13 0.57 0.520.32 14 0.46 0.12 0.72 0.650.57 14 0.46 0.12 0.71 0.640.55 14 0.37 0.12 0.76 0.650.50 14 0.33 0.12 0.81 1.000.51 14 0.36 0.12 0.80 0.660.36 14 0.36 0.12 0.80 0.660.33 14 0.36 0.12 0.80 0.660.39 14 0.35 0.12 0.93 1.00
822,0.0 1 0.0 0.0 10.0 10.0
823,0.37 6 0.54 0.48 0.66 0.530.80 6 0.56 0.49 0.66 0.53
824,0.63 14 0.85 0.26 0.88 0.310.43 14 0.20 0.28 0.23 0.350.37 14 0.55 0.27 0.58 0.33
825,0.30 2 0.39 0.21 0.60 0.33
826,0.44 14 0.15 0.23 0.55 0.76
827,0.0 1 0.0 0.0 10.0 10.0
828,0.97 14 0.43 0.27 0.65 0.740.96 14 0.74 0.21 0.81 0.430.42 14 0.43 0.27 0.60 0.72
829,0.0 1 0.0 0.0 10.0 10.0
830,0.34 6 0.22 0.56 0.47 0.640.39 6 0.52 0.57 0.69 0.63
831,0.38 15 0.79 0.47 0.86 0.570.56 15 0.66 0.42 0.78 0.620.48 15 0.16 0.51 0.32 0.740.43 15 0.78 0.45 0.86 0.580.40 15 0.00 0.22 0.07 0.400.54 15 0.69 0.51 0.76 0.620.54 15 0.67 0.48 0.75 0.62
832,0.52 6 0.32 0.37 0.38 0.430.68 4 0.36 0.57 0.49 1.000.52 4 0.08 0.52 0.21 0.860.83 14 0.05 0.27 0.49 1.000.36 14 0.05 0.27 0.37 1.000.33 4 0.09 0.53 0.18 0.82
833,0.0 1 0.0 0.0 10.0 10.0
834,0.94 14 0.01 -0.00 0.18 0.51
835,0.36 14 0.00 0.08 0.28 0.560.67 14 0.00 0.09 0.61 1.000.76 14 0.00 0.09 0.30 1.000.51 14 0.00 0.09 0.75 1.00
836,0.65 6 0.36 0.05 0.48 0.140.74 6 0.21 0.11 0.39 0.270.43 6 0.36 0.05 0.49 0.140.68 6 0.20 0.06 0.33 0.110.48 6 0.44 0.04 0.71 0.170.54 6 0.02 0.04 0.07 0.080.52 6 0.20 0.05 0.71 0.270.41 6 0.51 0.04 0.70 0.180.81 6 0.36 0.04 0.71 0.160.38 6 0.25 0.03 0.34 0.080.43 6 0.00 0.04 0.05 0.080.77 6 0.22 0.14 0.80 0.630.35 6 0.30 0.04 0.37 0.080.39 6 0.67 0.09 0.89 0.330.56 6 0.56 0.05 0.70 0.180.83 6 0.67 0.08 0.89 0.330.50 6 0.52 0.03 0.70 0.18
837,0.30 6 0.08 0.22 0.55 0.76
838,0.0 1 0.0 0.0 10.0 10.0
839,0.32 14 0.45 0.09 0.78 0.680.40 14 0.10 0.09 0.76 0.700.38 14 0.05 0.01 0.89 1.00
840,0.35 6 0.09 0.19 0.54 0.360.49 14 0.11 0.00 0.61 0.710.75 14 0.05 0.00 0.64 1.00
841,0.59 15 0.66 0.40 0.73 0.480.52 6 0.27 0.22 0.49 0.350.37 15 0.61 0.47 0.88 0.67
842,0.60 15 0.67 0.30 0.76 0.430.42 15 0.08 0.46 0.27 0.58
843,0.91 14 0.49 0.23 0.60 0.430.69 14 0.49 0.23 0.60 0.36
844,0.85 14 0.41 0.23 0.51 0.500.78 14 0.25 0.24 0.43 0.540.95 14 0.24 0.24 0.34 0.540.94 14 0.56 0.28 0.63 0.490.95 14 0.41 0.24 0.54 0.500.88 14 0.33 0.37 0.43 0.520.97 14 0.56 0.17 0.75 0.67
845,0.0 1 0.0 0.0 10.0 10.0
846,0.40 14 0.26 0.34 0.47 0.950.35 14 0.33 0.34 0.42 0.43
847,0.62 6 0.05 0.26 0.75 0.450.62 6 0.33 0.27 0.75 0.45
848,0.38 8 0.22 0.54 0.44 0.670.32 8 0.24 0.56 0.43 0.670.40 4 0.79 0.51 0.85 0.660.31 15 0.29 0.38 0.34 0.470.74 15 0.32 0.38 0.39 0.470.30 8 0.06 0.51 0.25 0.670.67 15 0.37 0.37 0.48 0.470.57 8 0.07 0.51 0.22 0.670.49 15 0.29 0.37 0.34 0.460.64 15 0.32 0.39 0.39 0.47
849,0.37 13 0.01 0.49 0.61 0.95
850,0.0 1 0.0 0.0 10.0 10.0
851,0.31 14 0.19 0.24 0.60 1.000.53 14 0.19 0.24 0.49 1.000.58 14 0.19 0.58 0.57 1.000.47 14 0.28 0.24 0.46 0.490.54 14 0.00 0.24 0.50 1.00
852,0.30 14 0.36 0.08 0.52 0.420.93 14 0.27 0.08 0.52 0.430.61 14 0.27 0.17 0.61 0.610.51 14 0.00 0.13 0.63 1.000.49 14 0.26 0.18 0.58 0.66
853,0.0 1 0.0 0.0 10.0 10.0
854,0.0 1 0.0 0.0 10.0 10.0
855,0.36 14 0.00 0.43 0.06 0.740.91 14 0.22 0.37 0.38 0.750.44 14 0.25 0.37 0.36 0.560.58 14 0.00 0.43 0.07 0.740.58 14 0.58 0.02 0.79 0.460.34 14 0.25 0.34 0.38 0.560.34 19 0.48 0.30 0.57 0.420.32 14 0.00 0.37 0.37 1.000.94 14 0.58 0.02 0.79 0.75
856,0.0 1 0.0 0.0 10.0 10.0
857,0.0 1 0.0 0.0 10.0 10.0
858,0.39 14 0.73 0.52 0.95 0.780.34 14 0.82 0.52 0.95 0.710.52 6 0.48 0.44 0.61 0.570.82 6 0.48 0.42 0.64 0.570.31 6 0.59 0.44 0.65 0.55
859,0.0 1 0.0 0.0 10.0 10.0
860,0.79 14 0.43 0.20 0.66 1.000.32 14 0.00 0.20 0.67 1.00
861,0.0 1 0.0 0.0 10.0 10.0
862,0.0 1 0.0 0.0 10.0 10.0
863,0.31 6 0.04 0.53 0.18 0.590.90 14 0.74 0.64 0.79 1.000.78 14 0.75 0.64 0.79 0.80
864,0.33 4 0.30 0.28 0.35 0.490.43 4 0.30 0.29 0.35 0.490.97 14 0.15 0.14 0.34 0.930.98 14 0.46 0.15 0.64 0.96
865,0.45 14 0.22 0.31 0.65 0.990.33 14 0.45 0.32 0.64 0.650.50 14 0.71 0.39 0.81 0.670.44 14 0.09 0.31 0.65 0.990.91 14 0.71 0.39 0.82 0.750.85 14 0.71 0.39 0.83 0.88
866,0.97 14 0.10 0.20 0.28 0.950.95 14 0.81 0.26 0.86 0.430.96 14 0.55 0.12 0.82 0.94
867,0.90 14 0.33 0.18 0.63 1.000.63 14 0.19 0.11 0.63 1.000.71 15 0.00 0.58 0.11 0.750.39 8 0.00 0.64 0.19 0.980.34 15 0.02 0.62 0.10 0.750.92 14 0.19 0.11 0.44 1.000.58 15 0.01 0.61 0.15 0.75
868,0.80 15 0.32 0.53 0.40 0.720.64 15 0.32 0.56 0.40 0.720.69 15 0.54 0.61 0.62 0.740.79 15 0.54 0.54 0.62 0.74
869,0.0 1 0.0 0.0 10.0 10.0
870,0.0 1 0.0 0.0 10.0 10.0
871,0.30 4 0.20 0.59 0.24 0.770.49 14 0.00 0.36 0.35 0.810.47 14 0.46 0.51 0.84 1.000.44 14 0.57 0.40 0.85 1.000.65 14 0.51 0.39 0.73 0.900.95 14 0.20 0.36 0.36 0.670.41 14 0.64 0.40 0.75 0.580.77 4 0.18 0.58 0.23 0.790.33 14 0.48 0.38 0.63 0.650.96 14 0.39 0.37 0.53 0.560.47 14 0.00 0.36 0.37 1.000.85 14 0.00 0.37 0.23 1.000.60 4 0.22 0.35 0.27 0.470.47 14 0.52 0.40 0.80 0.890.83 14 0.00 0.37 0.23 0.810.71 4 0.29 0.56 0.33 0.720.72 14 0.52 0.38 0.63 0.540.76 14 0.46 0.40 0.84 1.000.36 14 0.50 0.38 0.63 0.60
872,0.94 14 0.36 0.49 0.55 1.000.39 4 0.35 0.90 0.40 1.000.95 14 0.00 0.76 0.09 1.000.42 14 0.37 0.45 0.87 1.000.91 14 0.52 0.45 0.87 1.000.36 14 0.52 0.45 0.67 1.00
873,0.43 14 0.00 0.53 0.12 0.700.59 14 0.54 0.20 0.89 0.720.88 14 0.04 0.23 0.30 0.590.35 14 0.53 0.20 0.83 0.680.36 14 0.00 0.53 0.13 0.700.32 14 0.14 0.22 0.53 0.740.30 14 0.01 0.54 0.09 0.610.62 14 0.52 0.20 0.79 0.740.94 14 0.30 0.21 0.52 0.650.88 14 0.02 0.23 0.31 0.730.79 14 0.26 0.21 0.89 0.750.78 14 0.54 0.20 0.89 0.750.61 14 0.00 0.24 0.30 0.720.42 14 0.25 0.22 0.89 1.00
874,0.45 4 0.47 0.06 0.52 0.140.35 14 0.11 0.38 0.69 0.680.48 14 0.52 0.36 0.70 0.580.63 4 0.69 0.11 0.75 0.280.64 14 0.52 0.39 0.69 0.680.34 4 0.69 0.08 0.76 0.270.92 14 0.15 0.02 0.41 0.260.37 14 0.12 0.38 0.80 1.000.56 14 0.66 0.32 0.72 0.420.45 14 0.52 0.40 0.65 0.520.31 14 0.53 0.37 0.69 0.46
875,0.63 14 0.29 0.10 0.66 1.000.67 14 0.29 0.10 0.65 0.750.68 14 0.10 0.11 0.65 1.00
876,0.0 1 0.0 0.0 10.0 10.0
877,0.52 6 0.03 0.05 0.84 0.60
878,0.38 14 0.56 0.22 0.88 0.75
879,0.51 8 0.25 0.52 0.45 0.800.68 8 0.24 0.52 0.47 0.990.45 8 0.23 0.56 0.48 1.000.54 8 0.24 0.54 0.34 0.840.61 14 0.52 0.04 0.66 0.920.42 19 0.10 0.37 0.27 0.530.73 14 0.52 0.04 0.67 1.00
880,0.44 14 0.00 0.00 0.42 0.650.37 14 0.41 0.09 0.68 0.610.52 14 0.35 0.00 0.42 0.080.71 14 0.41 0.09 0.68 0.490.75 14 0.23 0.10 0.69 0.750.70 14 0.38 0.10 0.69 0.75
881,0.53 6 0.32 0.12 0.70 0.360.48 6 0.04 0.04 0.70 0.36
882,0.0 1 0.0 0.0 10.0 10.0
883,0.46 1 0.15 0.16 0.37 0.490.95 14 0.24 0.05 0.38 0.35
884,0.0 1 0.0 0.0 10.0 10.0
885,0.0 1 0.0 0.0 10.0 10.0
886,0.34 14 0.25 0.25 0.40 0.480.57 14 0.23 0.39 0.45 0.920.36 14 0.29 0.40 0.45 0.630.93 14 0.01 0.20 0.16 0.390.57 14 0.35 0.59 0.60 1.000.33 14 0.17 0.25 0.45 0.780.50 14 0.00 0.68 0.07 1.000.45 14 0.27 0.61 0.45 0.940.54 14 0.29 0.37 0.43 0.660.77 14 0.16 0.24 0.30 0.600.30 14 0.17 0.40 0.46 1.000.49 14 0.01 0.20 0.16 0.480.78 14 0.18 0.25 0.42 0.670.30 14 0.44 0.59 0.60 0.840.38 14 0.21 0.39 0.34 0.670.43 14 0.19 0.25 0.37 0.640.31 14 0.25 0.38 0.46 0.750.90 14 0.17 0.24 0.29 0.500.39 14 0.01 0.20 0.17 0.420.32 14 0.25 0.25 0.38 0.470.31 14 0.02 0.21 0.13 0.370.76 14 0.22 0.39 0.45 0.740.83 14 0.30 0.59 0.61 1.00
887,0.94 14 0.02 0.58 0.19 1.000.30 14 0.40 0.50 0.54 0.690.31 14 0.24 0.59 0.30 0.690.91 14 0.00 0.31 0.18 0.630.55 14 0.42 0.51 0.60 0.870.91 14 0.25 0.55 0.38 0.700.38 14 0.28 0.66 0.41 0.790.88 14 0.27 0.67 0.47 1.000.31 14 0.42 0.51 0.59 0.860.46 14 0.26 0.67 0.42 1.000.87 14 0.30 0.24 0.42 0.550.80 14 0.40 0.26 0.55 0.540.43 14 0.32 0.25 0.56 0.710.37 14 0.00 0.31 0.19 1.000.80 14 0.00 0.31 0.19 0.770.41 14 0.31 0.24 0.41 0.380.79 14 0.31 0.24 0.45 0.700.32 14 0.42 0.51 0.52 0.650.81 14 0.41 0.52 0.61 1.000.36 14 0.42 0.51 0.53 0.620.45 14 0.27 0.67 0.52 1.00
888,0.42 14 0.01 0.15 0.80 1.00
889,0.34 14 0.00 0.05 0.44 0.800.85 14 0.00 0.05 0.45 0.990.40 14 0.00 0.06 0.31 0.790.41 14 0.03 0.22 0.24 0.65
890,0.0 1 0.0 0.0 10.0 10.0
891,0.87 14 0.19 0.14 0.58 1.00
892,0.60 14 0.29 0.08 0.51 0.530.62 14 0.00 0.89 0.08 1.000.75 14 0.48 0.11 0.75 0.660.79 14 0.10 0.08 0.51 1.000.42 14 0.11 0.09 0.75 1.000.49 14 0.29 0.07 0.51 1.000.83 14 0.83 0.92 0.89 1.000.89 14 0.46 0.11 0.75 1.000.31 14 0.49 0.11 0.76 0.60
893,0.58 6 0.10 0.90 0.17 0.960.82 6 0.09 0.90 0.16 0.950.57 6 0.10 0.91 0.15 0.960.82 6 0.17 0.88 0.23 0.930.49 6 0.10 0.90 0.16 0.950.56 6 0.17 0.88 0.23 0.940.37 6 0.54 0.74 0.88 1.00
894,0.0 1 0.0 0.0 10.0 10.0
895,0.0 1 0.0 0.0 10.0 10.0
896,0.93 14 0.15 0.57 0.34 1.000.87 14 0.35 0.59 0.54 0.920.37 14 0.58 0.05 1.00 1.000.33 14 0.52 0.05 0.86 1.000.65 14 0.96 0.40 1.00 0.460.95 14 0.00 0.27 0.14 0.550.70 14 0.43 0.59 0.54 0.910.73 14 0.35 0.05 1.00 1.00
897,0.36 14 0.37 0.18 0.40 0.220.89 14 0.33 0.16 0.37 0.220.89 14 0.22 0.05 0.27 0.19
898,0.37 14 0.42 0.01 0.70 0.450.34 14 0.44 0.02 0.79 0.660.58 14 0.42 0.00 0.78 0.670.34 14 0.04 0.01 0.83 1.000.69 14 0.39 0.01 0.83 0.67
899,0.31 6 0.14 0.34 0.39 0.460.38 6 0.72 0.36 0.80 0.45
900,0.0 1 0.0 0.0 10.0 10.0
901,0.0 1 0.0 0.0 10.0 10.0
902,0.0 1 0.0 0.0 10.0 10.0
903,0.83 14 0.00 0.02 0.46 0.68
904,0.59 14 0.54 0.08 0.61 0.170.51 14 0.59 0.06 0.67 0.180.82 14 0.36 0.08 0.47 0.340.32 14 0.26 0.31 0.32 0.480.42 14 0.72 0.05 0.97 0.460.79 14 0.02 0.06 0.19 0.320.74 14 0.81 0.05 0.88 0.150.83 14 0.65 0.07 0.76 0.330.72 14 0.84 0.06 0.97 0.330.70 14 0.26 0.11 0.37 0.450.54 14 0.79 0.06 0.97 0.450.87 14 0.15 0.11 0.27 0.350.51 14 0.69 0.07 0.76 0.190.67 14 0.84 0.06 0.97 0.260.84 14 0.56 0.06 0.67 0.310.49 14 0.77 0.09 0.84 0.230.45 14 0.26 0.30 0.31 0.380.34 14 0.78 0.05 0.87 0.320.84 14 0.27 0.11 0.37 0.430.66 14 0.55 0.07 0.65 0.450.90 14 0.46 0.08 0.56 0.460.71 14 0.26 0.11 0.37 0.340.54 14 0.17 0.11 0.27 0.310.91 14 0.01 0.06 0.21 0.490.31 14 0.87 0.07 0.95 0.150.78 14 0.72 0.08 0.81 0.380.60 14 0.37 0.08 0.47 0.470.32 14 0.17 0.11 0.27 0.450.78 14 0.56 0.07 0.76 0.440.78 14 0.56 0.06 0.70 0.460.64 14 0.78 0.06 0.97 0.340.42 14 0.58 0.06 0.67 0.260.37 14 0.69 0.06 0.76 0.150.70 14 0.68 0.06 0.76 0.17
905,0.95 14 0.55 0.30 0.66 0.400.36 14 0.12 0.08 0.41 0.710.43 14 0.13 0.24 0.44 1.000.53 14 0.14 0.08 0.44 0.770.60 14 0.09 0.23 0.44 0.770.65 14 0.19 0.08 0.39 0.310.85 14 0.09 0.22 0.44 0.93
906,0.60 14 0.36 0.19 0.45 0.280.30 6 0.08 0.30 0.83 0.52
907,0.40 6 0.00 0.00 0.31 0.320.44 14 0.54 0.00 0.66 0.240.44 6 0.06 0.17 0.85 0.600.40 6 0.49 0.10 0.79 0.280.36 6 0.49 0.09 0.69 0.250.69 6 0.05 0.16 0.86 0.610.48 6 0.50 0.01 0.98 0.260.31 14 0.79 0.00 0.98 0.39
908,0.97 14 0.26 0.08 0.39 0.660.97 14 0.40 0.10 0.58 0.610.55 14 0.04 0.07 0.15 0.35
909,0.0 1 0.0 0.0 10.0 10.0
910,0.34 6 0.13 0.06 0.74 0.570.68 6 0.14 0.07 0.73 0.57
911,0.91 14 0.66 0.02 1.00 0.680.67 14 0.07 0.09 0.30 0.450.37 14 0.69 0.02 1.00 0.450.32 14 0.07 0.09 0.28 0.360.96 14 0.01 0.09 0.30 0.450.30 14 0.49 0.02 1.00 1.000.41 14 0.49 0.02 1.00 0.68
912,0.83 14 0.49 0.12 0.65 0.650.93 14 0.84 0.17 1.00 0.660.33 14 0.84 0.17 0.98 0.490.83 14 0.73 0.14 0.88 0.440.64 14 0.73 0.14 0.90 0.670.77 14 0.50 0.12 0.64 0.620.45 6 0.01 0.00 0.59 0.350.92 14 0.00 0.15 0.10 0.590.86 14 0.74 0.13 0.90 0.660.85 14 0.50 0.12 0.70 0.620.35 14 0.74 0.14 1.00 0.67
913,0.87 14 0.04 0.13 0.11 0.250.42 15 0.33 0.29 0.40 0.350.40 15 0.00 0.34 0.07 0.430.38 15 0.31 0.20 0.41 0.350.37 15 0.32 0.26 0.40 0.35
914,0.71 15 0.57 0.35 0.64 0.420.34 15 0.36 0.36 0.47 0.490.96 14 0.32 0.16 0.45 0.400.37 15 0.56 0.34 0.61 0.410.40 15 0.63 0.35 0.68 0.460.38 14 0.01 0.17 0.44 0.630.78 15 0.36 0.36 0.48 0.490.43 15 0.56 0.34 0.62 0.420.36 15 0.58 0.35 0.64 0.42
915,0.55 14 0.21 0.26 0.80 0.450.36 19 0.81 0.33 0.90 0.48
916,0.0 1 0.0 0.0 10.0 10.0
917,0.0 1 0.0 0.0 10.0 10.0
918,0.0 1 0.0 0.0 10.0 10.0
919,0.50 14 0.27 0.11 0.47 0.520.36 6 0.26 0.75 0.38 0.820.59 14 0.23 0.14 0.48 0.590.59 6 0.46 0.75 0.58 0.810.45 14 0.53 0.11 0.67 0.450.80 14 0.27 0.10 0.42 0.34
920,0.69 6 0.38 0.14 0.54 0.200.69 6 0.20 0.16 0.87 0.65
921,0.39 15 0.72 0.32 0.81 0.390.32 15 0.76 0.22 0.90 0.39
922,0.65 6 0.35 0.72 0.47 0.780.69 6 0.00 0.79 0.10 0.860.84 14 0.24 0.16 0.54 0.730.39 14 0.24 0.16 0.49 0.570.33 6 0.00 0.78 0.10 0.86
923,0.0 1 0.0 0.0 10.0 10.0
924,0.0 1 0.0 0.0 10.0 10.0
925,0.55 4 0.10 0.62 0.22 0.83
926,0.65 14 0.48 0.17 0.64 0.440.52 14 0.60 0.12 0.70 0.300.68 14 0.36 0.17 0.52 0.460.34 14 0.55 0.14 0.83 0.400.53 14 0.49 0.16 0.82 0.610.46 14 0.36 0.17 0.53 0.550.32 14 0.11 0.18 0.40 0.540.72 14 0.48 0.15 0.73 0.470.79 14 0.16 0.17 0.57 0.610.44 14 0.16 0.18 0.42 0.610.78 14 0.67 0.16 0.83 0.370.70 14 0.48 0.16 0.73 0.560.88 14 0.39 0.17 0.68 0.610.62 14 0.17 0.18 0.39 0.360.91 14 0.10 0.18 0.44 0.610.74 14 0.68 0.16 0.95 0.560.73 14 0.26 0.17 0.52 0.610.53 14 0.48 0.14 0.93 0.610.73 14 0.48 0.14 0.77 0.610.58 14 0.68 0.16 1.00 0.560.62 14 0.60 0.12 0.72 0.370.51 14 0.49 0.31 0.67 0.610.47 14 0.49 0.16 1.00 0.590.60 14 0.60 0.12 0.81 0.37
927,0.0 1 0.0 0.0 10.0 10.0
928,0.87 6 0.08 0.08 0.95 0.54
929,0.88 14 0.35 0.00 0.43 0.250.37 6 0.40 0.21 0.45 0.250.33 14 0.01 0.00 0.19 0.270.94 14 0.59 0.11 0.68 0.260.66 6 0.39 0.21 0.44 0.250.87 14 0.66 -0.00 0.77 0.260.81 14 0.31 0.00 0.38 0.260.38 6 0.48 0.06 0.61 0.260.84 14 0.20 -0.00 0.32 0.310.75 14 0.00 -0.00 0.25 0.65
930,0.35 6 0.26 0.22 0.54 0.43
931,0.61 6 0.08 0.28 0.64 0.670.32 6 0.08 0.16 0.64 0.67
932,0.0 1 0.0 0.0 10.0 10.0
933,0.92 14 0.43 0.44 0.48 0.580.56 6 0.20 0.31 0.64 0.540.36 14 0.43 0.38 0.49 0.490.42 6 0.46 0.31 0.63 0.530.91 14 0.43 0.38 0.49 0.580.91 14 0.47 0.42 0.52 0.58
934,0.78 14 0.00 0.15 0.53 0.900.33 6 0.08 0.13 0.14 0.19
935,0.0 1 0.0 0.0 10.0 10.0
936,0.93 14 0.21 0.38 0.31 0.540.30 14 0.17 0.39 0.23 0.560.51 14 0.17 0.39 0.22 0.480.50 14 0.17 0.39 0.22 0.46
937,0.71 14 0.41 0.00 0.58 0.240.89 14 0.31 0.00 0.43 0.210.70 14 0.85 -0.00 0.90 0.260.85 14 0.58 0.00 0.73 0.250.94 14 0.71 0.00 0.85 0.260.65 14 0.25 0.07 0.32 0.160.84 14 0.17 0.00 0.26 0.10
938,0.0 1 0.0 0.0 10.0 10.0
939,0.79 6 0.50 0.18 0.62 0.240.61 6 0.34 0.18 0.83 0.64
940,0.0 1 0.0 0.0 10.0 10.0
941,0.85 14 0.05 -0.00 0.28 0.53
942,0.35 15 0.13 0.15 0.39 0.580.34 6 0.32 0.56 0.55 0.65
943,0.47 15 0.49 0.38 0.56 0.460.63 15 0.44 0.36 0.52 0.460.61 15 0.44 0.38 0.51 0.460.34 15 0.00 0.21 0.05 0.450.32 8 0.40 0.40 0.47 0.51
944,0.34 15 0.22 0.05 0.69 0.66
945,0.56 14 0.00 0.64 0.21 1.000.69 15 0.01 0.42 0.11 0.540.51 14 0.00 0.64 0.21 1.000.33 14 0.25 0.63 0.66 1.000.32 15 0.01 0.42 0.11 0.550.39 14 0.00 0.58 0.67 1.000.54 14 0.24 0.58 0.67 1.00
946,0.53 6 0.41 0.20 0.88 0.53
947,0.0 1 0.0 0.0 10.0 10.0
948,0.0 1 0.0 0.0 10.0 10.0
949,0.31 8 0.06 0.55 0.48 0.890.39 19 0.25 0.18 0.43 0.47
950,0.54 14 0.58 0.67 0.65 0.750.61 14 0.58 0.67 0.65 0.75
951,0.35 6 0.18 0.11 0.88 0.650.90 14 0.85 0.38 0.96 0.530.96 14 0.04 0.05 0.19 0.480.64 6 0.18 0.11 0.87 0.650.47 14 0.78 0.38 0.97 0.62
952,0.63 6 0.17 0.45 0.29 0.510.79 6 0.71 0.54 0.81 0.600.33 6 0.68 0.53 0.81 0.590.37 6 0.67 0.52 0.81 0.590.71 6 0.00 0.39 0.07 0.430.45 6 0.72 0.39 0.81 0.430.50 6 0.07 0.38 0.15 0.420.42 6 0.85 0.56 0.89 0.600.63 6 0.33 0.44 0.54 0.510.40 6 0.09 0.38 0.15 0.420.31 6 0.55 0.39 0.74 0.490.59 6 0.56 0.43 0.73 0.49
953,0.0 1 0.0 0.0 10.0 10.0
954,0.96 14 0.19 0.08 0.39 0.75
955,0.33 13 0.42 0.22 0.69 0.660.35 14 0.45 0.31 0.55 0.530.86 14 0.64 0.19 0.74 0.470.98 14 0.25 0.16 0.36 0.480.44 14 0.70 0.18 0.87 0.520.90 14 0.61 0.19 0.73 0.550.97 14 0.72 0.18 0.87 0.490.78 14 0.65 0.19 0.74 0.41
956,0.0 1 0.0 0.0 10.0 10.0
957,0.84 14 0.00 0.01 0.07 0.400.40 6 0.15 0.05 0.85 0.740.96 14 0.82 0.00 0.94 0.39
958,0.46 14 0.44 0.41 0.49 0.510.87 14 0.21 0.56 0.24 0.680.96 14 0.66 0.54 0.74 0.780.89 14 0.62 0.56 0.67 0.650.93 14 0.23 0.56 0.30 0.720.65 14 0.36 0.56 0.38 0.630.50 14 0.24 0.56 0.30 0.700.30 8 0.48 0.61 0.59 0.810.46 14 0.27 0.55 0.31 0.670.80 14 0.14 0.56 0.19 0.660.88 14 0.52 0.56 0.58 0.630.96 14 0.02 0.53 0.16 0.890.89 14 0.14 0.56 0.19 0.690.37 14 0.32 0.56 0.35 0.630.88 14 0.28 0.56 0.32 0.680.33 14 0.52 0.55 0.58 0.650.31 14 0.55 0.56 0.59 0.65
959,0.35 6 0.00 0.64 0.17 0.740.43 6 0.73 0.44 0.89 0.49
960,0.31 6 0.05 0.15 0.98 0.480.49 6 0.00 0.28 0.06 0.340.44 6 0.05 0.15 0.98 0.480.87 6 0.00 0.28 0.06 0.34
961,0.0 1 0.0 0.0 10.0 10.0
962,0.40 15 0.02 0.31 0.30 0.620.40 19 0.72 0.20 0.87 0.360.36 19 0.47 0.40 0.62 0.530.38 15 0.19 0.30 0.34 0.550.51 15 0.02 0.34 0.21 0.620.65 15 0.02 0.33 0.21 0.620.31 15 0.34 0.30 0.43 0.40
963,0.35 6 0.29 0.11 0.69 0.60
964,0.0 1 0.0 0.0 10.0 10.0
965,0.0 1 0.0 0.0 10.0 10.0
966,0.0 1 0.0 0.0 10.0 10.0
967,0.74 6 0.24 0.21 0.83 0.490.31 6 0.25 0.21 0.80 0.490.68 6 0.00 0.25 0.15 0.520.32 6 0.02 0.21 0.85 0.490.34 6 0.24 0.21 0.86 0.49
968,0.43 14 0.32 0.43 0.56 0.950.35 14 0.00 0.69 0.13 1.000.54 14 0.00 0.09 0.20 0.510.57 14 0.18 0.42 0.46 0.960.52 14 0.14 0.06 0.39 0.850.33 14 0.26 0.43 0.43 0.940.32 14 0.18 0.42 0.56 0.950.63 14 0.00 0.10 0.20 0.750.49 14 0.14 0.06 0.41 0.800.54 14 0.00 0.10 0.19 0.840.49 14 0.11 0.46 0.26 0.980.70 14 0.13 0.06 0.39 0.470.62 14 0.14 0.05 0.41 0.980.68 14 0.00 0.09 0.23 0.990.33 14 0.35 0.58 0.56 0.96
969,0.94 14 0.33 0.17 0.42 0.460.78 14 0.79 0.14 0.94 0.390.76 14 0.85 0.09 0.90 0.150.42 1 0.77 0.23 0.92 0.440.88 14 0.64 0.16 0.77 0.320.88 14 0.63 0.16 0.76 0.380.91 14 0.89 0.09 0.95 0.240.56 14 0.89 0.09 0.95 0.250.53 14 0.85 0.09 0.90 0.200.64 14 0.87 0.09 0.93 0.240.54 14 0.83 0.09 0.90 0.250.35 6 0.52 0.00 0.99 0.210.85 14 0.30 0.09 0.36 0.200.75 14 0.56 0.16 0.65 0.290.39 14 0.53 0.16 0.65 0.350.36 14 0.33 0.17 0.43 0.290.87 14 0.54 0.16 0.65 0.380.92 14 0.79 0.14 0.94 0.290.44 1 0.51 0.22 0.76 0.44
970,0.0 1 0.0 0.0 10.0 10.0
971,0.69 6 0.40 0.19 0.70 0.47
972,0.81 14 0.26 0.24 0.58 0.980.52 14 0.00 0.56 0.07 0.870.61 14 0.62 0.56 0.98 1.000.65 14 0.62 0.57 0.68 0.980.36 14 0.11 0.56 0.24 0.740.33 14 0.04 0.49 0.07 0.600.90 14 0.03 0.49 0.07 0.600.68 14 0.00 0.56 0.07 0.810.88 14 0.19 0.49 0.23 0.600.72 14 0.07 0.57 0.24 0.790.67 14 0.05 0.49 0.08 0.600.76 14 0.26 0.24 0.58 0.720.85 14 -0.00 0.56 0.25 1.010.82 14 0.14 0.49 0.17 0.580.32 14 0.62 0.56 0.67 0.680.87 14 0.09 0.48 0.13 0.600.88 14 0.10 0.48 0.14 0.590.52 14 0.27 0.56 0.65 1.000.58 14 0.06 0.49 0.09 0.60
973,0.64 14 0.59 0.20 0.61 0.270.57 14 0.85 0.21 0.89 0.380.97 14 0.85 0.26 0.92 0.510.89 14 0.79 0.21 0.82 0.320.36 14 0.79 0.23 0.82 0.320.74 14 0.92 0.21 0.97 0.350.95 14 0.92 0.21 0.98 0.350.68 14 0.89 0.21 0.91 0.290.76 14 0.85 0.21 0.89 0.350.57 14 0.62 0.21 0.64 0.270.81 6 0.50 0.24 0.58 0.300.86 6 0.01 0.30 0.82 0.710.91 14 0.83 0.20 0.88 0.380.52 14 0.65 0.21 0.67 0.27
974,0.55 6 0.16 0.20 0.88 0.550.49 6 0.16 0.17 0.88 0.54
975,0.0 1 0.0 0.0 10.0 10.0
976,0.0 1 0.0 0.0 10.0 10.0
977,0.0 1 0.0 0.0 10.0 10.0
978,0.43 14 0.59 0.35 0.61 0.410.87 6 0.62 0.36 0.75 0.430.39 6 0.61 0.36 0.75 0.42
979,0.48 14 0.00 0.04 0.50 0.74
980,0.51 6 0.18 0.15 0.87 0.680.57 14 0.64 0.00 0.72 0.160.36 6 0.03 0.03 0.88 0.640.67 6 0.64 0.00 0.95 0.170.79 14 0.32 0.02 0.37 0.080.51 6 0.70 0.00 0.95 0.18
981,0.46 14 0.15 0.02 0.94 0.750.66 14 0.01 0.02 0.94 1.000.43 14 0.00 0.02 0.95 0.76
982,0.47 14 0.01 0.13 0.66 1.000.66 14 0.17 0.13 0.83 1.000.43 14 0.01 0.13 0.83 1.000.32 14 0.28 0.12 0.65 1.00
983,0.30 14 0.00 0.17 0.20 0.740.35 14 0.35 0.07 0.54 0.510.43 14 0.33 0.06 0.54 0.470.50 14 0.21 0.06 0.56 1.000.36 14 0.34 0.38 0.54 0.630.51 14 0.02 0.18 0.38 0.740.65 14 0.01 0.16 0.19 0.550.31 14 0.52 0.18 0.81 0.600.41 14 0.33 0.06 0.54 0.600.40 14 0.02 0.13 0.53 0.750.50 14 0.02 0.18 0.56 1.000.46 14 0.68 0.26 0.80 0.540.47 14 0.19 0.18 0.39 0.660.42 14 0.33 0.06 0.55 0.690.53 14 0.02 0.08 0.48 1.000.83 14 0.00 0.17 0.20 1.000.74 14 0.00 0.16 0.20 0.740.39 14 0.20 0.06 0.54 0.720.40 14 0.54 0.26 0.69 0.570.30 14 0.47 0.24 0.76 0.72
984,0.63 4 0.48 0.54 0.51 0.630.52 8 0.47 0.61 0.64 1.000.45 8 0.48 0.61 0.64 1.000.47 8 0.48 0.61 0.64 0.940.41 8 0.24 0.63 0.54 0.980.65 8 0.22 0.63 0.54 1.000.63 8 0.46 0.61 0.62 1.000.42 8 0.23 0.70 0.50 1.000.62 4 0.49 0.53 0.52 0.620.34 10 0.06 0.52 0.63 1.000.36 4 0.51 0.53 0.54 0.600.38 8 0.23 0.64 0.54 1.00
985,0.49 14 0.16 0.40 0.50 0.880.33 14 0.03 0.40 0.45 0.960.30 14 0.16 0.40 0.49 0.980.58 6 0.00 0.09 0.97 0.93
986,0.32 14 0.69 0.46 0.77 0.630.95 14 0.67 0.48 0.78 0.640.37 14 0.67 0.49 0.75 0.640.50 14 0.71 0.47 0.78 0.630.90 14 0.91 0.50 0.96 0.64
987,0.68 14 0.10 -0.00 0.19 0.79
988,0.48 6 0.35 0.35 0.95 0.84
989,0.0 1 0.0 0.0 10.0 10.0
990,0.0 1 0.0 0.0 10.0 10.0
991,0.50 19 0.09 0.32 0.26 0.53
992,0.53 6 0.01 0.04 0.75 1.000.37 6 0.01 0.17 0.76 0.990.42 6 0.01 0.17 0.75 1.00
993,0.38 6 0.34 0.10 0.54 0.210.66 6 0.51 0.13 0.66 0.200.55 6 0.20 0.12 0.55 0.240.33 6 0.52 0.14 0.65 0.20
994,0.0 1 0.0 0.0 10.0 10.0
995,0.38 14 0.05 0.17 0.29 0.530.42 14 0.03 0.17 0.53 0.660.44 14 0.05 0.17 0.28 0.53
996,0.91 14 0.29 0.27 0.52 0.670.97 14 0.18 0.24 0.27 0.540.94 14 0.03 0.20 0.11 0.460.73 14 0.03 0.20 0.12 0.550.35 14 0.18 0.24 0.28 0.440.97 14 0.06 0.23 0.19 0.580.31 14 0.09 0.23 0.18 0.42
997,0.39 14 0.21 0.17 0.52 0.670.35 14 0.00 0.08 0.41 0.590.58 14 0.40 0.09 0.67 0.390.31 14 0.22 0.09 0.68 0.640.38 14 0.22 0.19 0.51 0.550.42 14 0.00 0.08 0.51 0.670.52 14 0.41 0.09 0.67 0.650.31 14 0.30 0.09 0.67 0.540.70 14 0.17 0.06 0.46 0.540.39 14 0.00 0.07 0.53 1.000.39 14 0.00 0.09 0.36 0.690.33 14 0.42 0.35 0.67 0.620.33 14 0.44 0.09 0.67 0.45
998,0.56 6 0.09 0.30 0.51 0.450.51 14 0.22 0.31 0.29 0.420.96 14 0.18 0.32 0.22 0.460.95 14 0.45 0.30 0.50 0.430.93 14 0.71 0.29 0.79 0.42
999,0.65 14 0.00 0.28 0.16 0.660.61 14 0.45 0.15 0.60 0.330.59 14 0.00 0.28 0.21 0.660.42 14 0.00 0.16 0.27 0.530.82 14 0.61 0.16 0.81 0.470.42 14 0.07 0.16 0.28 0.590.91 14 0.45 0.14 0.65 0.370.31 14 0.00 0.16 0.20 0.420.96 14 0.28 0.16 0.40 0.300.50 14 0.00 0.28 0.16 0.670.65 14 0.68 0.19 0.86 0.410.50 14 0.00 0.28 0.16 0.640.62 14 0.44 0.15 0.67 0.480.61 14 0.14 0.15 0.26 0.330.88 14 0.00 0.28 0.30 0.660.94 14 0.68 0.19 0.86 0.480.89 14 0.00 0.15 0.29 0.660.74 14 0.51 0.16 0.85 0.480.52 14 0.49 0.15 0.81 0.500.34 14 0.61 0.17 0.86 0.520.72 14 0.60 0.17 0.75 0.40
1000,0.56 14 0.38 0.64 0.46 0.850.44 14 0.46 0.65 0.55 0.85
1001,0.37 6 0.10 0.22 0.63 0.41
1002,0.0 1 0.0 0.0 10.0 10.0
1003,0.45 14 0.16 0.10 0.47 0.650.31 14 0.00 0.28 0.39 0.660.51 14 0.00 0.27 0.44 1.000.35 14 0.19 0.09 0.47 0.550.80 14 0.00 0.27 0.29 1.000.45 14 0.01 0.08 0.76 1.000.60 14 0.00 0.27 0.27 0.660.31 14 0.31 0.21 0.76 1.00
1004,0.0 1 0.0 0.0 10.0 10.0
1005,0.40 1 0.03 0.30 0.66 0.980.69 14 0.14 0.13 0.55 0.770.87 14 0.03 0.13 0.55 0.98
1006,0.0 1 0.0 0.0 10.0 10.0
1007,0.83 6 0.00 0.17 0.65 0.550.38 6 0.59 0.14 0.89 0.360.91 6 0.59 0.14 0.89 0.36
1008,0.60 14 0.00 0.02 0.39 0.490.52 14 0.00 0.02 0.41 0.570.35 14 0.03 0.27 0.46 0.670.79 14 0.00 0.02 0.45 0.680.43 14 0.04 0.30 0.75 0.650.68 14 0.49 0.40 0.76 0.59
1009,0.71 14 0.06 0.80 0.39 1.000.30 19 0.23 0.07 0.45 0.430.33 14 0.37 0.65 0.52 0.800.30 14 0.31 0.81 0.54 1.000.80 14 0.18 0.58 0.41 0.830.53 14 0.31 0.79 0.54 1.000.31 14 0.31 0.60 0.42 0.790.42 14 0.29 0.79 0.41 1.000.60 14 0.07 0.77 0.54 1.000.37 14 0.45 0.74 0.60 1.000.34 14 0.00 0.58 0.52 1.000.76 14 0.00 0.60 0.21 1.000.44 14 0.37 0.65 0.57 1.000.85 14 0.37 0.65 0.59 1.000.39 14 0.46 0.74 0.58 0.98
1010,0.0 1 0.0 0.0 10.0 10.0
1011,0.81 6 0.84 0.47 0.97 0.550.38 0 0.03 0.16 0.94 0.570.42 6 0.66 0.48 0.73 0.51
1012,0.0 1 0.0 0.0 10.0 10.0
1013,0.97 14 0.43 0.11 0.63 0.51
1014,0.0 1 0.0 0.0 10.0 10.0
1015,0.0 1 0.0 0.0 10.0 10.0
1016,0.0 1 0.0 0.0 10.0 10.0
1017,0.69 1 0.12 0.51 0.25 0.840.35 1 0.12 0.62 0.25 0.840.68 14 0.12 0.37 0.23 0.610.35 1 0.13 0.60 0.25 0.840.68 14 0.14 0.54 0.21 0.730.92 14 0.12 0.38 0.22 0.730.40 1 0.13 0.60 0.25 0.84
1018,0.42 6 0.16 0.23 0.81 0.89
1019,0.42 14 0.00 0.07 0.67 1.000.88 14 0.00 0.05 0.50 1.00
1020,0.0 1 0.0 0.0 10.0 10.0
1021,0.0 1 0.0 0.0 10.0 10.0
1022,0.92 14 0.07 0.63 0.14 0.89
1023,0.0 1 0.0 0.0 10.0 10.0
1024,0.81 14 0.81 0.27 0.94 0.420.50 14 0.59 0.10 0.92 0.510.63 14 0.39 0.10 0.48 0.310.33 14 0.79 0.27 0.97 0.530.33 14 0.36 0.10 0.48 0.530.72 14 0.37 0.10 0.47 0.390.45 14 0.46 0.15 0.56 0.440.90 14 0.44 0.10 0.56 0.440.44 14 0.60 0.10 1.00 0.530.44 14 0.37 0.10 0.55 0.500.59 14 0.79 0.10 1.00 0.44
1025,0.39 4 0.58 0.22 0.63 0.290.83 14 0.26 0.25 0.71 0.580.33 4 0.75 0.39 0.79 0.460.89 14 0.26 0.25 0.47 0.480.33 14 0.36 0.29 0.70 0.590.71 4 0.72 0.51 0.77 0.650.71 14 0.39 0.40 0.70 0.580.63 15 0.65 0.25 0.72 0.35
1026,0.30 2 0.45 0.37 0.59 0.46
1027,0.0 1 0.0 0.0 10.0 10.0
1028,0.76 14 0.28 0.10 0.53 0.350.40 14 0.22 0.10 0.78 0.450.54 14 0.23 0.10 0.42 0.410.82 14 0.23 0.09 0.42 0.340.56 14 0.29 0.10 0.40 0.280.56 14 0.68 0.25 0.78 0.44
1029,0.0 1 0.0 0.0 10.0 10.0
1030,0.0 1 0.0 0.0 10.0 10.0
1031,0.49 15 0.57 0.10 0.68 0.310.68 15 0.15 0.19 0.23 0.290.62 15 0.57 0.10 0.70 0.310.46 15 0.22 0.06 0.33 0.290.32 15 0.10 0.16 0.16 0.260.38 15 0.15 0.19 0.24 0.290.45 14 0.34 0.33 0.90 0.660.33 8 0.58 0.26 0.71 0.410.54 15 0.09 0.16 0.16 0.250.46 14 0.33 0.26 0.90 0.670.52 15 0.58 0.13 0.70 0.31
1032,0.0 1 0.0 0.0 10.0 10.0
1033,0.88 14 0.57 0.02 0.63 0.110.55 6 0.66 0.06 0.77 0.180.94 14 0.12 0.03 0.18 0.230.93 14 0.83 0.00 0.91 0.200.50 6 0.15 0.07 0.80 0.660.35 6 0.77 0.07 0.85 0.200.93 14 0.75 0.02 0.80 0.200.81 6 0.14 0.07 0.79 0.650.61 14 0.32 0.03 0.37 0.080.32 6 0.66 0.06 0.86 0.200.41 6 0.66 0.06 0.76 0.170.30 6 0.66 0.08 0.76 0.170.69 14 0.69 0.03 0.73 0.08
1034,0.72 6 0.08 0.31 0.41 0.610.95 14 0.37 0.24 0.52 0.54
1035,0.0 1 0.0 0.0 10.0 10.0
1036,0.0 1 0.0 0.0 10.0 10.0
1037,0.0 1 0.0 0.0 10.0 10.0
1038,0.49 4 0.37 0.49 0.46 0.770.75 14 0.10 0.38 0.28 0.860.97 14 0.38 0.26 0.57 0.85
1039,0.66 6 0.08 0.22 0.60 0.440.32 6 0.09 0.04 0.97 0.47
1040,0.0 1 0.0 0.0 10.0 10.0
1041,0.0 1 0.0 0.0 10.0 10.0
1042,0.0 1 0.0 0.0 10.0 10.0
1043,0.96 14 0.36 0.30 0.53 0.66
1044,0.46 14 0.80 0.10 0.89 0.240.46 14 0.79 0.10 0.88 0.360.49 14 0.79 0.10 0.88 0.500.90 14 0.80 0.10 0.89 0.22
1045,0.77 14 0.53 0.28 0.69 0.490.53 14 0.14 0.09 0.33 0.520.69 14 0.15 0.07 0.58 0.510.76 14 0.26 0.07 0.57 0.51
1046,0.0 1 0.0 0.0 10.0 10.0
1047,0.80 14 0.41 0.17 0.51 0.470.83 14 0.17 0.26 0.24 0.440.86 14 0.30 0.16 0.51 0.570.88 14 0.55 0.23 0.63 0.530.73 14 0.40 0.17 0.51 0.590.66 14 0.17 0.25 0.24 0.360.39 14 0.32 0.31 0.71 0.610.36 14 0.15 0.26 0.25 0.520.42 14 0.17 0.26 0.25 0.480.88 14 0.55 0.23 0.63 0.46
1048,0.92 14 0.35 0.06 0.57 0.47
1049,0.0 1 0.0 0.0 10.0 10.0
1050,0.82 14 0.21 0.20 0.33 0.530.77 14 0.22 0.20 0.32 0.330.96 14 0.41 0.18 0.51 0.530.33 19 0.11 0.17 0.38 0.380.34 14 0.70 0.22 0.88 0.53
1051,0.0 1 0.0 0.0 10.0 10.0
1052,0.33 14 0.00 0.19 0.59 1.000.50 14 0.01 0.18 0.59 0.56
1053,0.86 14 0.00 0.12 0.46 1.000.89 14 0.00 0.11 0.64 1.00
1054,0.47 6 0.43 0.17 0.75 0.31
1055,0.40 14 0.37 0.07 0.58 0.560.31 14 0.56 0.16 0.76 0.660.46 1 0.00 0.42 0.31 0.750.93 14 0.37 0.07 0.58 0.730.94 14 0.56 0.15 0.76 0.750.62 14 0.36 0.15 0.76 0.75
1056,0.41 6 0.00 0.40 0.90 0.70
1057,0.36 19 0.44 0.37 0.67 0.640.85 14 0.10 0.41 0.20 0.590.30 19 0.44 0.37 0.65 0.630.57 14 0.10 0.41 0.21 0.680.37 19 0.43 0.36 0.66 0.66
1058,0.0 1 0.0 0.0 10.0 10.0
1059,0.0 1 0.0 0.0 10.0 10.0
1060,0.47 14 0.17 0.26 0.54 0.760.30 14 0.16 0.26 0.28 0.720.61 14 0.71 0.59 0.81 0.770.93 14 0.17 0.25 0.36 0.770.79 14 0.00 0.31 0.06 0.530.69 14 0.16 0.20 0.54 0.770.92 14 0.00 0.30 0.05 0.730.77 14 0.17 0.26 0.27 0.460.37 14 0.16 0.26 0.29 0.630.82 14 0.32 0.20 0.54 0.770.84 14 0.09 0.27 0.19 0.490.40 14 0.16 0.26 0.28 0.470.82 14 0.69 0.56 0.81 0.770.97 14 0.08 0.27 0.20 0.700.37 14 0.20 0.24 0.37 0.760.55 14 0.34 0.31 0.54 0.77
1061,0.0 1 0.0 0.0 10.0 10.0
1062,0.60 15 0.17 0.55 0.26 0.630.69 15 0.04 0.52 0.15 0.640.67 15 0.29 0.55 0.38 0.63
1063,0.0 1 0.0 0.0 10.0 10.0
1064,0.60 14 0.12 0.00 0.88 1.00
1065,0.41 8 0.28 0.47 0.36 0.570.34 8 0.28 0.48 0.36 0.570.37 8 0.28 0.47 0.36 0.560.51 8 0.17 0.46 0.25 0.580.38 8 0.28 0.47 0.36 0.570.58 8 0.38 0.46 0.45 0.570.34 15 0.55 0.39 0.63 0.46
1066,0.0 1 0.0 0.0 10.0 10.0
1067,0.30 6 0.28 0.23 0.67 0.520.93 14 0.42 0.19 0.60 0.390.42 14 0.40 0.19 0.61 0.49
1068,0.55 14 0.43 0.54 0.53 0.750.55 14 0.00 0.01 0.62 1.000.67 14 0.00 0.19 0.34 1.000.51 14 0.43 0.53 0.63 0.750.52 14 0.39 0.54 0.63 1.00
1069,0.85 14 0.41 0.41 0.49 0.52
1070,0.40 6 0.07 0.32 0.61 0.47
1071,0.82 14 0.52 0.28 0.59 0.490.74 14 0.65 0.31 0.68 0.380.97 14 0.37 0.22 0.47 0.570.70 14 0.53 0.28 0.59 0.520.97 14 0.55 0.27 0.64 0.51
1072,0.82 14 0.03 0.02 0.55 1.00
1073,0.0 1 0.0 0.0 10.0 10.0
1074,0.58 6 0.00 0.32 0.90 1.000.55 6 0.04 0.26 0.95 0.710.33 6 0.04 0.26 0.21 0.370.70 6 0.00 0.30 0.92 1.000.41 6 0.15 0.31 0.94 0.71
1075,0.67 14 0.00 0.31 0.06 0.760.85 14 0.00 0.15 0.26 1.000.96 14 0.28 0.17 0.45 0.880.38 14 0.15 0.17 0.28 0.640.58 14 0.00 0.31 0.06 0.760.62 14 0.00 0.31 0.06 1.000.38 4 0.21 0.29 0.25 0.390.48 14 0.00 0.31 0.06 0.500.59 14 0.15 0.18 0.26 0.380.90 14 0.00 0.01 0.28 1.000.60 14 0.20 0.18 0.26 0.36
1076,0.93 14 0.03 0.06 0.37 0.920.39 14 0.03 0.09 0.29 0.92
1077,0.94 14 0.01 0.51 0.12 0.920.41 14 0.76 0.16 0.86 0.77
1078,0.31 15 0.16 0.76 0.25 0.870.39 15 0.67 0.77 0.78 0.950.39 15 0.09 0.79 0.17 0.930.58 15 0.66 0.76 0.73 0.940.32 15 0.14 0.76 0.25 0.870.34 15 0.06 0.43 0.14 0.670.31 15 0.17 0.76 0.25 0.840.68 15 0.09 0.75 0.25 0.920.31 15 0.09 0.75 0.18 0.930.89 14 0.16 0.78 0.24 0.900.49 15 0.06 0.44 0.19 0.920.31 15 0.67 0.79 0.73 0.940.36 15 0.07 0.43 0.21 0.92
1079,0.0 1 0.0 0.0 10.0 10.0
1080,0.33 1 0.13 0.38 0.35 0.76
1081,0.42 1 0.11 0.35 0.30 0.54
1082,0.0 1 0.0 0.0 10.0 10.0
1083,0.0 1 0.0 0.0 10.0 10.0
1084,0.40 14 0.14 0.21 0.25 0.660.95 14 0.14 0.21 0.24 0.47
1085,0.0 1 0.0 0.0 10.0 10.0
1086,0.80 14 0.27 0.11 0.50 0.870.90 6 0.58 0.27 0.67 0.350.85 6 0.15 0.27 0.28 0.360.49 6 0.61 0.27 0.67 0.340.87 6 0.47 0.25 0.63 0.340.44 6 0.00 0.28 0.09 0.360.46 6 0.60 0.27 0.67 0.350.90 6 0.00 0.28 0.09 0.360.65 6 0.20 0.28 0.29 0.360.67 6 0.20 0.28 0.29 0.360.55 6 0.48 0.26 0.62 0.340.55 6 0.47 0.26 0.59 0.340.79 14 0.06 0.12 0.49 0.870.37 6 0.15 0.27 0.28 0.360.55 6 0.24 0.27 0.30 0.35
1087,0.61 6 0.19 0.07 0.91 0.55
1088,0.41 14 0.00 0.20 0.55 0.65
1089,0.58 14 0.11 0.05 0.64 1.000.32 14 0.11 0.05 1.00 1.00
1090,0.31 6 0.09 0.25 0.84 0.83
1091,0.85 6 0.14 0.45 0.74 0.70
1092,0.0 1 0.0 0.0 10.0 10.0
1093,0.38 6 0.68 0.33 0.85 0.510.68 14 0.08 0.22 0.11 0.300.47 6 0.84 0.30 0.90 0.430.40 6 0.65 0.28 0.89 0.510.85 6 0.66 0.30 0.86 0.510.81 6 0.88 0.28 0.97 0.380.32 6 0.03 0.27 0.42 0.550.33 6 0.89 0.28 0.97 0.390.56 6 0.76 0.29 0.90 0.430.88 14 0.10 0.21 0.15 0.290.83 6 0.06 0.29 0.73 0.880.67 6 0.65 0.29 0.89 0.490.30 14 0.00 0.50 0.11 1.000.76 14 0.29 0.22 0.33 0.280.56 6 0.38 0.26 0.86 0.510.49 14 0.09 0.22 0.13 0.300.93 14 0.67 0.24 0.71 0.34
1094,0.31 0 0.10 0.27 0.99 0.650.46 6 0.44 0.60 0.51 0.650.31 0 0.06 0.27 0.99 0.650.37 6 0.44 0.60 0.51 0.66
1095,0.45 14 0.36 0.16 0.75 1.000.87 14 0.02 0.01 0.49 1.000.48 14 0.03 0.01 0.76 1.000.49 14 0.04 0.16 0.77 1.000.70 14 0.21 0.16 0.76 1.00
1096,0.0 1 0.0 0.0 10.0 10.0
1097,0.44 15 0.00 0.71 0.06 0.930.31 8 0.27 0.60 0.42 0.830.55 8 0.27 0.60 0.43 0.830.37 19 0.18 0.23 0.44 0.720.33 15 0.00 0.60 0.06 0.930.65 8 0.27 0.61 0.38 0.830.59 8 0.34 0.59 0.44 0.81
1098,0.0 1 0.0 0.0 10.0 10.0
1099,0.41 14 0.44 0.12 0.90 1.000.34 14 0.54 0.13 0.78 0.770.35 14 0.45 0.13 0.86 1.000.48 14 0.45 0.11 0.80 0.770.35 14 0.43 0.30 0.55 0.770.55 14 0.45 0.11 0.70 0.780.57 14 0.25 0.11 0.82 1.000.54 14 0.48 0.12 0.89 1.000.43 14 0.43 0.31 0.56 0.770.63 14 0.44 0.32 0.55 0.770.66 14 0.45 0.12 0.77 1.00
1100,0.0 1 0.0 0.0 10.0 10.0
1101,0.49 1 0.15 0.50 0.33 0.860.49 14 0.41 0.47 0.49 0.630.91 14 0.39 0.47 0.49 0.790.43 1 0.40 0.50 0.51 0.790.37 1 0.19 0.52 0.39 0.760.37 1 0.66 0.59 0.85 0.830.93 14 0.81 0.47 0.88 0.820.37 1 0.76 0.62 0.88 0.830.56 1 0.40 0.60 0.50 0.830.66 1 0.66 0.58 0.87 0.830.34 1 0.76 0.63 0.88 0.830.46 1 0.38 0.56 0.50 0.820.46 1 0.15 0.56 0.30 0.860.52 1 0.30 0.55 0.39 0.690.62 1 0.52 0.56 0.62 0.810.37 1 0.14 0.55 0.37 0.860.93 14 0.29 0.50 0.34 0.680.92 14 0.20 0.46 0.29 0.790.78 14 0.41 0.47 0.49 0.760.41 1 0.20 0.55 0.33 0.840.30 1 0.64 0.56 0.71 0.780.95 14 0.64 0.48 0.71 0.790.34 1 0.15 0.52 0.34 0.860.57 14 0.39 0.58 0.48 0.780.43 1 0.75 0.63 0.88 0.820.32 1 0.41 0.52 0.51 0.800.95 14 0.53 0.48 0.60 0.750.42 14 0.57 0.48 0.62 0.660.43 1 0.39 0.50 0.62 0.820.34 14 0.57 0.48 0.62 0.62
1102,0.0 1 0.0 0.0 10.0 10.0
1103,0.69 6 0.84 0.49 0.89 0.550.49 6 0.02 0.56 0.09 0.650.85 6 0.00 0.60 0.05 0.670.79 6 0.05 0.57 0.15 0.640.48 6 0.02 0.55 0.14 0.64
1104,0.65 6 -0.00 0.54 0.30 0.950.31 6 0.21 0.34 0.70 0.740.91 14 0.23 0.45 0.29 0.590.56 6 0.00 0.33 0.30 0.940.31 6 0.41 0.55 0.53 0.780.84 6 0.46 0.53 1.00 0.90
1105,0.71 14 0.54 0.06 0.59 0.150.47 14 0.29 0.09 0.63 0.980.31 14 0.68 0.23 0.87 0.690.36 14 0.26 0.09 0.54 0.690.34 6 0.13 0.10 0.26 0.310.34 14 0.33 0.29 0.52 0.680.45 14 0.76 0.07 0.81 0.190.55 6 0.66 0.09 0.99 0.240.35 13 0.09 0.13 1.00 0.990.31 14 0.69 0.29 0.87 0.690.46 14 0.68 0.07 0.97 0.690.37 14 0.39 0.10 0.45 0.220.42 14 0.35 0.09 0.57 0.590.46 6 0.57 0.09 1.00 0.400.31 14 0.33 0.29 0.63 0.990.47 6 0.60 0.07 0.70 0.220.30 6 0.00 0.10 0.26 0.310.43 14 0.61 0.06 0.97 0.940.54 6 0.60 0.07 0.79 0.23
1106,0.31 15 0.74 0.07 0.83 0.200.54 4 0.65 0.00 0.73 0.26
1107,0.31 14 0.47 0.55 0.53 0.660.63 14 0.08 0.19 0.25 0.480.59 14 0.17 0.19 0.26 0.480.70 14 0.42 0.21 0.64 0.610.83 14 0.14 0.16 0.54 0.860.80 14 0.19 0.19 0.26 0.330.71 14 0.14 0.19 0.69 0.850.43 14 0.51 0.53 0.67 0.720.74 14 0.42 0.21 0.68 0.73
1108,0.37 14 0.42 0.20 0.72 0.990.96 14 0.00 0.27 0.23 1.000.80 14 0.29 0.20 0.82 0.990.42 14 0.39 0.20 0.67 0.990.72 14 0.39 0.19 0.81 1.00
1109,0.37 6 0.21 0.28 0.76 0.48
1110,0.30 6 0.00 0.00 0.52 0.180.35 14 0.05 0.06 0.73 0.920.31 14 0.50 0.45 0.73 0.93
1111,0.38 14 0.15 0.40 0.43 1.000.89 14 0.01 0.39 0.43 1.000.56 14 0.00 0.26 0.43 1.000.52 14 0.01 0.45 0.19 1.000.46 14 0.01 0.15 0.82 1.000.31 14 0.40 0.30 0.71 1.000.74 14 0.39 0.19 0.80 1.000.45 14 0.37 0.14 0.84 1.00
1112,0.34 14 0.48 0.04 0.63 0.440.87 14 0.39 0.04 0.63 0.470.58 14 0.25 0.18 0.70 0.670.35 14 0.26 0.49 0.48 0.680.73 14 0.33 0.50 0.46 0.680.45 14 0.44 0.04 0.63 0.460.31 14 0.25 0.06 0.71 0.670.49 14 0.39 0.04 0.66 0.580.52 14 0.24 0.13 0.72 1.00
1113,0.0 1 0.0 0.0 10.0 10.0
1114,0.0 1 0.0 0.0 10.0 10.0
1115,0.75 14 0.00 0.33 0.63 1.000.87 14 0.00 0.04 0.35 0.69
1116,0.65 6 0.00 0.22 0.65 0.66
1117,0.89 14 0.33 0.59 0.54 0.890.37 14 0.35 0.61 0.41 0.710.86 14 0.46 0.56 0.65 0.890.56 14 0.46 0.56 0.64 0.890.93 14 0.24 0.59 0.32 0.800.59 14 0.33 0.61 0.41 0.840.45 14 0.30 0.53 0.35 0.660.92 14 0.00 0.61 0.09 0.780.80 14 0.29 0.54 0.35 0.670.95 14 0.11 0.57 0.21 0.770.40 14 0.07 0.54 0.11 0.630.86 14 0.33 0.54 0.41 0.670.35 14 0.00 0.59 0.20 0.770.72 14 0.31 0.54 0.40 0.810.36 14 0.11 0.56 0.16 0.680.71 14 0.38 0.58 0.54 0.890.52 14 0.38 0.56 0.65 0.890.47 14 0.44 0.57 0.55 0.89
1118,0.39 6 0.13 0.21 0.96 0.630.75 14 0.08 0.37 0.15 0.54
1119,0.0 1 0.0 0.0 10.0 10.0
1120,0.57 14 0.04 0.02 0.63 0.68
1121,0.56 6 0.47 0.44 0.53 0.490.31 6 -0.00 0.59 0.18 0.960.93 14 0.43 0.45 0.48 0.690.32 14 0.43 0.45 0.48 0.580.44 6 0.26 0.44 0.34 0.530.69 6 0.34 0.45 0.41 0.510.76 6 0.47 0.44 0.53 0.500.93 14 0.57 0.43 0.61 0.620.30 14 0.42 0.44 0.46 0.570.95 14 0.52 0.43 0.57 0.63
1122,0.0 1 0.0 0.0 10.0 10.0
1123,0.37 1 0.06 0.19 0.40 0.70
1124,0.96 14 0.69 0.42 0.77 0.63
1125,0.42 19 0.04 0.32 0.19 0.550.92 14 0.09 0.49 0.24 0.710.55 14 0.08 0.49 0.23 0.70
1126,0.0 1 0.0 0.0 10.0 10.0
1127,0.46 6 0.79 0.58 0.99 0.690.91 6 0.79 0.58 0.99 0.690.75 6 0.74 0.54 0.79 0.600.51 6 0.72 0.54 0.79 0.64
1128,0.32 14 0.28 0.20 0.51 0.610.71 14 0.60 0.27 0.76 0.690.88 14 0.14 0.22 0.32 0.530.88 14 0.26 0.20 0.53 0.750.59 14 0.27 0.20 0.50 0.620.64 14 0.13 0.22 0.31 0.750.90 14 0.49 0.27 0.64 0.720.36 14 0.00 0.23 0.31 1.000.30 14 0.17 0.23 0.33 0.360.54 14 0.00 0.22 0.31 0.750.92 14 0.50 0.26 0.75 0.710.34 14 0.40 0.55 0.63 0.72
1129,0.40 6 0.04 0.09 0.70 0.61
1130,0.31 1 0.65 0.35 0.77 0.580.36 14 0.62 0.16 0.76 0.420.95 14 0.53 0.27 0.62 0.500.31 14 0.22 0.13 0.35 0.350.95 14 0.22 0.12 0.34 0.490.95 14 0.02 0.15 0.10 0.290.97 14 0.63 0.16 0.76 0.54
1131,0.30 4 0.48 0.44 0.56 0.58
1132,0.95 14 0.38 0.24 0.49 0.640.59 6 0.75 0.27 0.91 0.390.73 14 0.37 0.24 0.44 0.370.45 6 0.75 0.27 0.91 0.390.39 14 0.45 0.24 0.54 0.450.56 14 0.42 0.23 0.54 0.430.68 6 0.01 0.26 0.56 0.670.91 6 0.75 0.27 0.91 0.390.38 14 0.38 0.23 0.48 0.650.53 14 0.42 0.24 0.55 0.610.62 6 0.75 0.27 0.91 0.380.95 14 0.62 0.25 0.67 0.38
1133,0.0 1 0.0 0.0 10.0 10.0
1134,0.73 6 0.10 0.44 0.18 0.550.42 6 0.11 0.43 0.27 0.560.83 6 0.87 0.42 0.95 0.480.89 6 0.00 0.45 0.11 0.550.45 6 0.00 0.46 0.11 0.55
1135,0.63 14 0.03 0.42 0.06 0.500.67 6 0.06 0.43 0.12 0.48
1136,0.78 14 0.40 0.28 0.49 0.410.77 14 0.11 0.18 0.50 0.900.31 14 0.11 0.19 0.51 0.900.42 14 0.11 0.19 0.41 1.000.84 14 0.37 0.29 0.50 0.470.73 14 0.11 0.18 0.39 0.890.89 14 0.43 0.29 0.62 0.90
1137,0.33 14 0.05 0.00 0.32 0.550.56 14 0.05 0.01 0.49 0.550.31 14 0.04 0.00 0.33 0.64
1138,0.64 14 0.29 0.53 0.63 0.990.67 14 0.00 0.52 0.67 1.000.95 14 0.29 0.30 0.42 0.54
1139,0.33 19 0.34 0.12 0.64 0.43
1140,0.42 14 0.18 0.06 0.80 1.000.36 14 0.18 0.06 0.59 1.000.40 14 0.18 0.08 0.46 0.660.39 14 0.18 0.06 0.77 0.650.54 14 0.18 0.07 0.45 0.530.33 14 0.00 0.04 0.60 1.000.62 14 0.18 0.06 0.92 1.000.31 14 0.41 0.06 0.92 1.000.37 14 0.18 0.06 0.59 1.000.36 14 0.18 0.07 0.93 0.660.32 14 0.19 0.06 0.92 1.00
1141,0.31 8 0.02 0.53 0.42 0.890.38 8 0.02 0.53 0.42 0.890.35 8 0.37 0.51 0.49 0.64
1142,0.92 14 0.00 0.13 0.42 1.00
1143,0.80 6 0.25 0.19 0.73 0.410.44 6 0.26 0.19 0.73 0.41
1144,0.52 6 0.12 0.60 0.47 0.710.44 6 0.03 0.62 0.10 0.65
1145,0.0 1 0.0 0.0 10.0 10.0
1146,0.48 4 0.37 0.19 0.41 0.29
1147,0.32 12 0.40 0.24 0.70 0.920.73 14 0.52 0.14 0.73 0.670.49 14 0.48 0.13 0.65 0.640.85 14 0.48 0.13 0.65 0.620.35 14 0.52 0.13 0.65 0.59
1148,0.49 14 0.03 0.09 0.42 0.75
1149,0.0 1 0.0 0.0 10.0 10.0
1150,0.59 1 0.14 0.60 0.55 0.99
1151,0.70 14 0.50 0.00 0.56 0.090.32 6 -0.00 0.56 0.16 1.010.44 6 0.00 0.56 0.14 0.760.93 14 0.05 0.00 0.13 0.280.75 14 0.67 -0.00 0.75 0.320.37 14 0.57 0.00 0.66 0.160.42 14 0.00 0.00 0.06 0.300.70 6 0.01 0.02 0.86 0.990.41 14 0.60 0.00 0.67 0.14
1152,0.64 14 0.15 0.30 0.42 1.000.31 14 0.36 0.31 0.42 0.420.54 14 0.15 0.53 0.38 1.000.60 14 0.16 0.01 0.80 1.000.31 14 0.28 0.03 0.80 1.00
1153,0.46 6 0.47 0.61 0.55 0.720.96 14 0.85 0.48 0.91 0.780.42 6 0.62 0.63 0.68 0.70
1154,0.31 15 0.47 0.23 0.54 0.380.59 15 0.47 0.24 0.54 0.360.31 8 0.65 0.60 0.78 0.960.55 14 0.00 0.68 0.11 1.01
1155,0.40 14 0.10 0.52 0.39 0.870.36 14 0.02 0.45 0.41 0.870.30 14 0.01 0.45 0.21 0.830.33 14 0.02 0.46 0.21 0.860.35 14 0.02 0.46 0.17 0.790.45 14 0.00 0.46 0.51 1.000.77 14 0.00 0.45 0.20 1.000.62 14 0.02 0.45 0.19 0.82
1156,0.0 1 0.0 0.0 10.0 10.0
1157,0.45 8 0.00 0.57 0.29 1.000.88 14 0.72 0.26 0.88 0.730.32 14 0.68 0.27 0.89 0.730.79 14 0.65 0.18 0.78 0.550.86 14 0.78 0.26 0.89 0.480.37 8 0.00 0.67 0.28 1.000.60 14 0.77 0.26 0.89 0.540.40 14 0.58 0.03 0.68 0.450.51 14 0.06 0.28 0.50 1.000.88 14 0.04 0.23 0.12 0.430.76 14 0.71 0.34 0.79 0.500.92 14 0.65 0.18 0.77 0.490.95 14 0.29 0.17 0.42 0.400.50 14 0.11 0.28 0.35 1.000.96 14 0.45 0.19 0.57 0.420.90 14 0.10 0.28 0.43 1.000.64 14 0.00 0.24 0.20 1.000.81 14 0.22 0.19 0.30 0.300.94 14 0.70 0.33 0.79 0.550.93 14 0.00 0.24 0.20 0.770.42 14 0.29 0.17 0.40 0.380.40 14 0.72 0.27 0.89 0.990.86 14 0.65 0.18 0.78 0.540.49 14 0.72 0.26 0.89 0.550.95 14 0.59 0.17 0.67 0.46
1158,0.0 1 0.0 0.0 10.0 10.0
1159,0.57 14 0.03 0.14 0.88 0.89
1160,0.0 1 0.0 0.0 10.0 10.0
1161,0.0 1 0.0 0.0 10.0 10.0
1162,0.0 1 0.0 0.0 10.0 10.0
1163,0.76 14 0.13 0.53 0.67 1.000.35 14 0.33 0.54 0.66 1.00
1164,0.0 1 0.0 0.0 10.0 10.0
1165,0.38 14 0.30 0.31 0.57 0.660.92 14 0.30 0.29 0.44 0.660.40 14 0.31 0.35 0.46 0.660.35 14 0.30 0.33 0.48 0.660.95 14 0.00 0.22 0.04 0.490.97 14 0.06 0.22 0.14 0.480.95 14 0.44 0.30 0.56 0.65
1166,0.43 6 0.06 0.17 0.76 0.740.47 6 0.03 0.16 0.76 0.89
1167,0.64 8 0.01 0.65 0.25 0.890.41 8 0.00 0.66 0.21 0.890.39 8 0.58 0.59 0.69 0.890.37 8 0.54 0.59 0.68 0.900.40 8 0.60 0.59 0.69 0.740.76 8 0.57 0.59 0.69 0.890.44 8 0.20 0.57 0.43 0.880.53 8 0.28 0.66 0.48 0.890.61 8 0.27 0.63 0.56 0.890.33 8 0.60 0.59 0.69 0.740.67 8 0.01 0.58 0.30 0.890.32 8 0.18 0.63 0.30 0.890.58 8 0.00 0.58 0.22 0.890.32 8 0.57 0.59 0.68 0.880.55 8 0.60 0.59 0.69 0.760.42 8 0.29 0.57 0.42 0.770.32 14 0.33 0.66 0.47 0.770.37 14 0.45 0.67 0.61 0.880.68 14 0.33 0.66 0.61 0.88
1168,0.53 1 0.40 0.42 0.55 0.590.31 1 0.78 0.46 0.91 0.660.41 1 0.70 0.43 0.91 0.670.41 1 0.50 0.45 0.91 0.670.33 1 0.35 0.42 0.54 0.570.40 1 0.76 0.43 0.91 0.650.31 14 0.28 0.29 0.40 0.420.42 1 0.38 0.41 0.55 0.630.95 14 0.08 0.29 0.44 0.660.30 1 0.26 0.42 0.55 0.660.98 14 0.55 0.24 0.73 0.67
1169,0.91 14 0.64 0.32 0.71 0.49
1170,0.45 14 0.00 0.53 0.54 1.000.55 14 0.09 0.16 0.56 0.950.66 14 0.00 0.16 0.56 1.000.36 14 0.01 0.15 0.69 1.00
1171,0.86 6 0.43 0.11 0.58 0.200.85 14 0.35 0.02 0.50 0.290.79 14 0.23 0.18 0.61 0.660.84 6 0.03 0.09 0.14 0.170.48 14 0.23 0.17 0.49 0.670.88 6 0.14 0.10 0.26 0.200.79 6 0.66 0.11 0.73 0.210.37 6 0.44 0.11 0.58 0.200.43 14 0.22 0.19 0.60 0.660.50 6 0.00 0.10 0.11 0.230.90 6 0.00 0.10 0.12 0.230.39 6 0.13 0.10 0.26 0.200.70 14 0.60 0.10 0.96 0.670.67 6 0.32 0.11 0.40 0.180.33 6 0.42 0.11 0.58 0.200.45 14 0.59 0.11 0.96 0.670.39 6 0.59 0.11 0.73 0.220.77 14 0.43 0.11 0.97 0.670.82 6 0.59 0.11 0.73 0.22
1172,0.0 1 0.0 0.0 10.0 10.0
1173,0.0 1 0.0 0.0 10.0 10.0
1174,0.37 6 0.14 0.00 0.31 0.070.36 15 0.41 0.27 0.60 0.470.74 15 0.41 0.16 0.61 0.47
1175,0.45 14 0.21 0.45 0.34 0.670.38 14 0.07 0.02 0.33 0.680.39 14 0.33 0.44 0.44 0.670.60 14 0.06 0.02 0.34 0.680.61 14 0.21 0.45 0.34 0.650.34 14 0.45 0.02 0.72 0.670.30 14 0.22 0.44 0.33 0.540.40 14 0.46 0.02 0.73 0.660.86 14 0.06 0.23 0.34 0.670.51 14 0.06 0.02 0.33 0.530.44 14 0.21 0.44 0.34 0.670.40 14 0.00 0.02 0.34 0.680.50 14 0.06 0.31 0.25 0.680.37 14 0.21 0.43 0.44 0.670.61 14 0.44 0.02 0.75 0.670.75 14 0.38 0.44 0.56 0.67
1176,0.55 14 0.45 0.52 0.67 1.000.68 14 0.00 0.11 0.55 1.000.75 14 0.00 0.10 0.67 1.01
1177,0.75 6 0.19 0.12 0.80 0.48
1178,0.82 6 0.32 0.28 0.61 0.420.42 6 0.32 0.28 0.61 0.42
1179,0.37 14 0.64 0.30 0.74 0.480.40 14 0.65 0.36 0.72 0.490.38 14 0.66 0.28 0.80 0.480.54 14 0.64 0.26 0.81 0.490.34 14 0.67 0.35 0.74 0.430.61 14 0.69 0.35 0.81 0.48
1180,0.40 8 0.40 0.39 0.59 0.550.43 8 0.06 0.42 0.33 0.580.43 8 0.40 0.40 0.51 0.550.45 8 0.06 0.41 0.34 0.630.38 8 0.06 0.42 0.35 0.630.41 15 0.12 0.28 0.32 0.450.43 15 0.21 0.29 0.32 0.450.50 8 0.40 0.39 0.52 0.55
1181,0.0 1 0.0 0.0 10.0 10.0
1182,0.0 1 0.0 0.0 10.0 10.0
1183,0.66 6 0.67 0.34 0.77 0.370.82 6 0.49 0.34 0.58 0.380.35 6 0.48 0.34 0.58 0.380.30 6 0.67 0.34 0.72 0.37
1184,0.36 14 0.39 0.20 0.59 0.470.35 14 0.51 0.05 0.63 0.160.58 14 0.19 0.34 0.64 0.820.41 14 0.03 0.28 0.17 0.520.42 6 0.15 0.77 0.74 0.940.66 14 0.03 0.28 0.14 0.380.47 14 0.19 0.31 0.64 0.800.87 14 0.38 0.20 0.59 0.540.54 14 0.02 0.28 0.16 0.530.35 14 0.19 0.33 0.64 0.73
1185,0.89 14 0.41 0.33 0.49 0.560.69 14 0.39 0.33 0.48 0.570.96 14 0.19 0.33 0.26 0.610.97 14 0.03 0.34 0.10 0.610.96 14 0.33 0.32 0.41 0.57
1186,0.48 4 0.14 0.45 0.20 0.570.94 14 0.08 0.05 0.61 0.95
1187,0.36 6 0.68 0.32 0.75 0.370.75 6 0.68 0.34 0.76 0.370.48 6 0.36 0.36 0.62 0.460.34 6 0.36 0.37 0.51 0.460.32 6 0.69 0.31 0.84 0.370.48 6 0.69 0.34 0.76 0.370.43 6 0.61 0.31 0.69 0.38
1188,0.35 6 0.11 0.16 0.72 0.620.59 14 0.77 -0.00 0.89 0.660.50 6 0.01 0.01 0.49 0.340.44 14 0.19 0.00 0.37 0.150.53 14 0.72 -0.00 0.89 0.660.34 6 0.56 0.08 0.76 0.20
1189,0.0 1 0.0 0.0 10.0 10.0
1190,0.49 15 0.35 0.68 0.50 0.870.59 15 0.35 0.68 0.50 0.82
1191,0.31 6 0.67 0.36 0.75 0.410.51 6 0.75 0.35 0.81 0.400.88 6 0.00 0.43 0.06 0.500.35 6 0.19 0.08 0.67 0.540.86 6 0.75 0.35 0.81 0.400.85 6 0.68 0.36 0.75 0.41
1192,0.71 14 0.55 0.19 0.60 0.250.77 14 0.68 0.38 0.72 0.440.69 14 0.25 0.40 0.31 0.450.66 14 0.67 0.38 0.73 0.49
1193,0.36 14 0.23 0.00 0.85 0.54
1194,0.39 4 0.17 0.23 0.20 0.280.35 4 0.21 0.23 0.23 0.270.38 4 0.11 0.24 0.14 0.29
1195,0.0 1 0.0 0.0 10.0 10.0
1196,0.77 14 0.50 0.05 0.54 0.150.44 15 0.40 0.32 0.47 0.400.44 14 0.05 0.05 0.10 0.270.43 14 0.05 0.06 0.09 0.140.50 15 0.39 0.32 0.47 0.390.77 14 0.05 0.06 0.10 0.180.54 15 0.29 0.32 0.36 0.380.69 14 0.13 0.06 0.20 0.120.46 14 0.53 0.10 0.58 0.16
1197,0.40 6 0.00 0.48 0.06 0.57
1198,0.0 1 0.0 0.0 10.0 10.0
1199,0.63 14 0.28 0.38 0.40 0.740.88 14 0.28 0.38 0.40 0.63
1200,0.54 14 0.18 0.19 0.50 0.790.61 14 0.18 0.18 0.46 0.650.82 14 0.18 0.18 0.50 0.90
1201,0.51 14 0.21 0.21 0.67 0.690.44 14 0.13 0.21 0.39 0.600.55 14 0.00 0.09 0.41 0.680.39 14 0.46 0.15 0.78 0.690.60 14 0.13 0.08 0.41 0.620.67 14 0.01 0.09 0.41 0.590.33 14 0.00 0.08 0.39 0.680.45 14 0.44 0.17 0.71 0.680.44 14 0.13 0.09 0.43 0.480.48 14 0.00 0.09 0.40 0.650.66 14 0.01 0.11 0.33 0.680.41 14 0.30 0.09 0.43 0.270.35 14 0.12 0.20 0.32 0.530.46 14 0.20 0.18 0.76 0.700.45 14 0.53 0.17 0.71 0.520.33 14 0.54 0.11 0.78 0.50
1202,0.0 1 0.0 0.0 10.0 10.0
1203,0.31 14 0.61 0.01 0.66 0.110.72 14 0.32 0.04 0.36 0.160.50 6 0.74 0.11 0.91 0.180.44 6 0.86 0.02 1.00 0.170.41 6 0.82 0.03 1.00 0.180.38 6 0.82 0.02 1.00 0.170.31 14 0.58 0.03 0.63 0.120.35 6 0.00 0.04 0.11 0.160.48 6 0.76 0.07 0.93 0.180.87 14 0.49 0.04 0.55 0.140.91 14 0.24 0.03 0.30 0.180.88 6 0.11 0.12 0.93 0.550.32 14 0.31 0.04 0.35 0.160.68 6 0.78 0.02 1.00 0.170.46 14 0.61 0.01 0.65 0.120.86 14 0.66 0.01 0.71 0.12
1204,0.80 6 0.35 0.31 0.72 0.45
1205,0.0 1 0.0 0.0 10.0 10.0
1206,0.91 14 0.33 0.06 0.49 0.400.40 14 0.25 0.07 0.66 0.580.33 14 0.24 0.06 0.67 0.63
1207,0.0 1 0.0 0.0 10.0 10.0
1208,0.57 14 0.41 0.45 0.45 0.51
1209,0.75 14 0.00 0.31 0.07 0.590.57 6 0.29 0.29 0.84 0.650.58 6 0.29 0.29 0.84 0.65
1210,0.34 6 0.23 0.34 0.51 0.470.41 6 0.03 0.36 0.13 0.46
1211,0.30 14 0.50 0.07 0.64 0.340.60 14 0.50 0.07 0.68 0.580.78 14 0.50 0.07 0.68 0.660.72 14 0.33 0.07 0.82 0.69
1212,0.45 15 0.07 0.02 0.49 1.000.39 15 0.05 0.02 0.50 0.97
1213,0.32 6 0.86 0.51 0.97 0.660.83 6 0.81 0.50 0.98 0.660.80 6 0.86 0.50 0.98 0.660.54 6 0.27 0.50 0.36 0.570.50 6 0.81 0.50 0.98 0.660.32 6 0.89 0.53 0.98 0.66
1214,0.94 14 0.15 0.07 0.44 0.480.70 14 0.00 0.06 0.19 0.530.38 15 0.80 0.03 0.86 0.09
1215,0.52 14 0.37 0.33 0.48 0.570.41 14 0.17 0.14 0.47 0.750.54 14 0.17 0.15 0.38 0.740.39 14 0.17 0.14 0.48 0.740.48 14 0.64 -0.00 0.86 0.350.92 14 0.00 0.15 0.46 0.720.81 14 0.63 0.20 0.86 0.75
1216,0.47 14 0.51 0.12 0.81 0.600.74 14 0.50 0.11 0.81 0.600.38 14 0.34 0.11 0.81 0.750.83 14 0.00 0.08 0.51 0.750.52 14 0.00 0.08 0.51 1.000.59 14 0.47 0.12 0.82 0.750.77 14 0.49 0.11 0.82 0.750.32 14 0.35 0.12 0.82 1.00
1217,0.57 14 0.00 0.06 0.58 0.75
1218,0.0 1 0.0 0.0 10.0 10.0
1219,0.0 1 0.0 0.0 10.0 10.0
1220,0.45 14 0.23 0.13 0.67 0.800.44 14 0.77 0.44 1.00 0.730.51 14 0.72 0.43 1.00 0.740.39 14 0.57 0.42 0.78 0.740.41 14 0.23 0.14 0.63 1.000.42 14 0.79 0.36 1.00 0.730.43 14 0.23 0.05 0.74 0.740.53 14 0.00 0.05 0.76 1.000.63 14 0.19 0.05 0.75 1.000.53 14 0.23 0.14 0.63 0.750.51 14 0.57 0.43 0.72 0.740.50 14 0.57 0.44 0.73 0.740.35 14 0.56 0.06 1.00 1.000.34 14 0.58 0.06 0.85 0.74
1221,0.38 14 0.21 0.80 0.47 1.000.66 14 0.07 0.58 0.47 1.000.38 14 0.10 0.80 0.47 1.000.76 14 0.00 0.57 0.38 1.00
1222,0.0 1 0.0 0.0 10.0 10.0
1223,0.82 6 0.33 0.30 0.51 0.480.97 14 0.17 0.28 0.25 0.470.97 14 0.51 0.28 0.57 0.460.86 6 0.02 0.30 0.27 0.480.97 14 0.75 0.26 0.82 0.470.43 6 0.02 0.31 0.24 0.480.90 6 0.57 0.30 0.77 0.47
1224,0.52 14 0.01 0.13 0.52 0.750.40 14 0.02 0.13 0.53 1.000.48 14 0.03 0.13 0.88 0.760.37 14 0.03 0.13 0.88 1.00
1225,0.0 1 0.0 0.0 10.0 10.0
1226,0.35 15 0.10 0.46 0.26 0.670.31 15 0.30 0.46 0.50 0.660.48 15 0.00 0.28 0.26 0.670.44 15 0.00 0.46 0.26 0.67
1227,0.0 1 0.0 0.0 10.0 10.0
1228,0.41 14 0.43 0.19 0.59 0.410.89 14 0.31 0.23 0.44 0.470.78 14 0.01 0.22 0.34 0.480.93 14 0.12 0.22 0.34 0.460.89 14 0.43 0.19 0.64 0.450.88 14 0.44 0.19 0.68 0.51
1229,0.0 1 0.0 0.0 10.0 10.0
1230,0.56 14 0.30 0.22 0.44 0.540.93 14 0.31 0.29 0.55 0.910.35 8 0.00 0.48 0.07 0.830.52 8 0.50 0.41 0.60 0.610.67 8 0.49 0.41 0.60 0.850.52 14 0.26 0.22 0.44 0.900.52 14 0.06 0.05 0.31 0.910.30 14 0.30 0.23 0.52 0.630.48 8 0.45 0.56 0.58 0.870.64 14 0.29 0.22 0.44 0.620.50 8 0.50 0.42 0.60 0.680.61 14 0.31 0.29 0.52 0.590.92 14 0.00 0.05 0.34 0.910.44 8 0.50 0.55 0.59 0.830.37 14 0.31 0.24 0.50 0.870.46 8 0.38 0.41 0.59 0.870.31 8 0.50 0.42 0.59 0.78
1231,0.0 1 0.0 0.0 10.0 10.0
1232,0.0 1 0.0 0.0 10.0 10.0
1233,0.32 14 0.77 0.49 0.89 0.700.80 14 0.36 0.20 0.64 0.700.66 14 0.36 0.20 0.57 0.700.80 14 0.36 0.21 0.76 0.700.77 14 0.81 0.50 0.89 0.70
1234,0.0 1 0.0 0.0 10.0 10.0
1235,0.0 1 0.0 0.0 10.0 10.0
1236,0.53 14 0.44 0.25 0.49 0.440.50 1 0.14 0.36 0.41 0.530.87 14 0.33 0.26 0.41 0.530.76 14 0.41 0.31 0.50 0.540.52 1 0.41 0.39 0.52 0.560.45 1 0.14 0.36 0.28 0.530.68 1 0.14 0.36 0.25 0.520.73 14 0.59 0.28 0.68 0.460.94 14 0.28 0.29 0.37 0.520.60 14 0.45 0.24 0.48 0.320.66 1 0.41 0.40 0.49 0.560.54 14 0.21 0.26 0.28 0.520.57 1 0.27 0.39 0.38 0.540.63 14 0.45 0.27 0.54 0.450.75 14 0.29 0.28 0.40 0.530.74 1 0.55 0.41 0.65 0.580.91 14 0.28 0.28 0.38 0.520.67 1 0.14 0.36 0.25 0.520.58 1 0.15 0.35 0.29 0.530.87 14 0.46 0.28 0.54 0.540.92 14 0.42 0.29 0.53 0.540.94 14 0.21 0.25 0.28 0.510.42 14 0.14 0.26 0.24 0.400.38 15 0.70 0.06 0.77 0.200.40 1 0.18 0.38 0.39 0.540.93 14 0.14 0.26 0.24 0.470.58 14 0.21 0.25 0.28 0.430.39 1 0.55 0.42 0.65 0.580.94 14 0.60 0.28 0.71 0.570.82 14 0.14 0.27 0.24 0.500.35 1 0.14 0.36 0.27 0.520.39 1 0.41 0.39 0.65 0.570.95 14 0.55 0.33 0.64 0.550.30 15 0.71 0.10 0.77 0.19
1237,0.37 15 0.12 0.66 0.26 0.92
1238,0.86 6 0.37 0.49 0.52 0.560.51 6 0.21 0.49 0.26 0.530.89 6 0.55 0.49 0.70 0.560.79 6 0.26 0.50 0.33 0.540.58 6 0.26 0.50 0.33 0.540.66 6 0.21 0.49 0.26 0.530.86 6 0.15 0.49 0.22 0.54
1239,0.0 1 0.0 0.0 10.0 10.0
1240,0.31 14 0.05 0.26 0.10 0.35
1241,0.0 1 0.0 0.0 10.0 10.0
1242,0.80 14 0.18 0.13 0.46 0.87
1243,0.0 1 0.0 0.0 10.0 10.0
1244,0.36 6 0.00 0.31 0.70 0.66
1245,0.37 14 0.37 0.16 0.60 0.460.56 14 0.07 0.15 0.24 0.530.52 14 0.48 0.14 0.73 0.600.74 14 0.41 0.15 0.59 0.460.55 14 0.07 0.15 0.30 0.610.68 14 0.41 0.15 0.72 0.560.30 14 0.03 0.16 0.28 0.650.68 14 0.40 0.15 0.72 0.600.34 14 0.09 0.15 0.28 0.530.60 14 0.07 0.15 0.23 0.400.76 14 0.00 0.15 0.31 1.000.81 14 0.02 0.15 0.32 0.650.37 14 0.08 0.15 0.27 0.560.31 14 0.29 0.15 0.74 0.650.83 14 0.41 0.15 0.73 0.650.57 14 0.51 0.41 0.73 0.630.38 14 0.62 0.13 0.69 0.25
1246,0.33 14 0.52 0.00 0.91 0.580.61 14 0.00 0.00 0.12 0.440.30 14 0.51 0.00 0.90 0.500.49 6 0.17 0.20 0.27 0.270.41 14 0.51 0.00 0.90 0.640.43 6 0.09 0.19 0.17 0.250.50 14 0.47 0.00 0.91 0.65
1247,0.33 14 0.33 0.11 0.50 0.430.85 14 0.34 0.30 0.55 0.900.31 14 0.57 0.18 0.61 0.370.69 14 0.33 0.11 0.54 0.900.40 14 0.00 0.57 0.08 1.000.33 14 0.32 0.11 0.55 0.790.88 14 0.04 0.47 0.30 1.000.69 14 0.02 0.47 0.21 1.000.83 14 0.33 0.11 0.55 0.920.49 14 0.00 0.66 0.09 1.000.88 14 0.49 0.20 0.55 0.32
1248,0.39 8 0.01 0.48 0.32 0.96
1249,0.0 1 0.0 0.0 10.0 10.0
1250,0.53 14 0.00 0.18 0.61 1.000.30 14 0.02 0.18 0.53 0.93
1251,0.40 15 0.36 0.12 0.44 0.240.33 8 0.29 0.20 0.41 0.350.37 15 0.39 0.34 0.65 0.65
1252,0.39 14 0.27 0.13 0.42 0.440.93 14 0.14 0.12 0.42 0.47
1253,0.47 14 0.46 0.22 0.50 0.290.90 14 0.40 0.13 0.46 0.290.96 14 0.06 0.21 0.12 0.370.79 14 0.11 0.22 0.14 0.310.48 14 0.59 0.13 0.65 0.280.85 14 0.59 0.13 0.65 0.19
1254,0.44 14 0.34 0.42 0.54 0.640.35 14 0.39 0.43 0.53 0.570.37 14 0.63 0.39 0.77 0.640.95 14 0.55 0.39 0.77 0.650.32 14 0.29 0.33 0.45 0.650.42 14 0.44 0.06 0.52 0.190.51 14 0.35 0.27 0.53 0.500.31 14 0.29 0.44 0.54 0.640.71 14 0.51 0.24 0.75 0.590.37 14 0.65 0.39 0.79 0.640.32 14 0.29 0.29 0.44 0.540.69 14 0.52 0.24 0.70 0.640.84 14 0.35 0.27 0.54 0.650.95 14 0.03 0.13 0.30 0.660.85 14 0.24 0.27 0.30 0.340.85 14 0.30 0.27 0.54 0.640.37 14 0.24 0.27 0.30 0.440.35 14 0.51 0.24 0.79 0.650.80 14 0.52 0.24 0.77 0.650.64 14 0.51 0.24 0.70 0.50
1255,0.71 6 0.12 0.12 0.69 0.59
1256,0.89 14 0.29 0.46 0.38 0.540.51 6 0.04 0.13 0.73 0.55
1257,0.56 6 0.01 0.15 0.94 0.660.31 6 0.09 0.16 0.92 0.61
1258,0.84 6 0.15 0.22 0.68 0.47
1259,0.44 15 0.03 0.08 0.65 1.00
1260,0.69 14 0.48 0.08 0.69 0.600.90 14 0.48 0.09 0.79 0.60
1261,0.30 6 0.19 0.22 0.70 0.58
1262,0.40 6 0.09 0.20 0.22 0.320.80 14 0.59 0.09 0.64 0.170.83 6 0.02 0.18 0.88 0.710.31 6 0.00 0.14 0.21 0.430.87 14 0.62 0.09 0.68 0.18
1263,0.60 6 0.14 0.40 0.23 0.450.45 15 0.07 0.60 0.15 0.750.87 6 0.14 0.39 0.23 0.450.34 6 0.14 0.39 0.23 0.450.85 6 0.22 0.40 0.31 0.46
1264,0.51 14 0.04 0.08 0.63 0.530.43 14 0.01 0.06 0.63 1.000.46 14 0.01 0.02 0.88 1.00
1265,0.33 6 0.16 0.35 0.33 0.410.68 6 0.65 0.35 0.84 0.430.58 6 0.70 0.32 0.82 0.360.72 6 0.28 0.29 0.37 0.330.75 6 0.13 0.34 0.34 0.420.70 6 0.53 0.33 0.66 0.380.58 6 0.66 0.33 0.84 0.430.75 6 0.35 0.31 0.45 0.360.78 6 0.59 0.29 0.68 0.33
1266,0.40 14 0.26 0.00 0.55 0.480.73 14 0.23 0.35 0.43 0.640.56 4 0.39 0.43 0.45 0.630.57 14 0.20 0.07 0.39 0.630.38 14 0.38 0.08 0.55 0.490.86 14 0.21 0.01 0.55 0.600.30 8 0.15 0.54 0.40 0.670.61 14 0.25 0.05 0.55 0.520.30 14 0.20 0.02 0.44 0.380.64 14 0.20 0.07 0.33 0.350.31 4 0.38 0.43 0.45 0.630.61 4 0.55 0.54 0.60 0.640.69 4 0.55 0.53 0.60 0.63
1267,0.0 1 0.0 0.0 10.0 10.0
1268,0.70 6 0.00 0.54 0.12 0.670.43 6 0.50 0.48 0.93 0.650.48 6 0.06 0.51 0.50 0.670.45 6 0.00 0.51 0.13 0.560.70 6 0.00 0.51 0.30 0.680.77 6 0.49 0.50 0.61 0.620.77 6 0.00 0.51 0.50 0.670.61 6 0.28 0.50 0.50 0.660.35 6 0.49 0.50 0.61 0.63
1269,0.89 6 0.44 0.21 0.63 0.370.55 6 0.66 0.22 0.89 0.390.76 6 0.05 0.12 0.42 0.420.90 6 0.67 0.22 0.89 0.39
1270,0.90 14 0.05 0.10 0.67 1.00
1271,0.50 14 0.00 0.28 0.24 0.660.88 14 0.01 0.01 0.19 0.340.37 14 0.53 0.15 0.96 1.000.70 14 0.91 0.02 1.00 0.440.87 14 0.92 0.15 1.00 0.440.43 14 0.93 0.02 1.00 0.270.80 14 0.19 0.11 0.60 0.600.42 14 0.00 0.27 0.15 0.580.62 14 0.19 0.00 0.41 0.540.49 14 0.00 0.28 0.28 0.660.65 14 0.32 0.11 0.59 0.580.85 14 0.21 0.00 0.40 0.330.47 14 0.01 0.02 0.18 0.220.42 14 0.93 0.02 1.00 0.220.61 14 0.00 0.29 0.23 0.540.85 14 0.29 0.11 0.59 0.590.46 14 0.53 0.17 0.86 0.640.94 14 0.52 0.15 0.96 0.660.59 14 0.71 0.01 0.79 0.10
1272,0.0 1 0.0 0.0 10.0 10.0
1273,0.61 14 0.18 0.06 0.80 0.760.57 14 0.00 0.56 0.25 1.000.57 14 0.18 0.05 0.80 1.000.62 14 0.00 0.56 0.25 0.76
1274,0.0 1 0.0 0.0 10.0 10.0
1275,0.37 15 0.49 0.12 0.60 0.240.61 15 0.28 0.10 0.49 0.360.47 15 0.41 0.39 0.54 0.520.30 15 0.15 0.41 0.26 0.510.40 15 0.02 0.01 0.28 0.320.33 15 0.07 0.00 0.18 0.140.62 15 0.59 0.32 0.72 0.530.55 15 0.16 0.34 0.40 0.510.52 15 0.09 0.16 0.27 0.310.36 15 0.49 0.09 0.71 0.290.52 15 0.02 0.14 0.28 0.500.45 15 0.26 0.37 0.40 0.510.50 15 0.29 0.12 0.49 0.360.32 15 0.09 0.34 0.40 0.510.66 15 0.50 0.31 0.60 0.460.35 15 0.07 0.01 0.27 0.260.30 15 0.02 0.01 0.28 0.500.60 15 0.05 0.29 0.22 0.500.33 15 0.29 0.17 0.47 0.310.65 15 0.40 0.36 0.59 0.530.57 15 0.72 0.13 0.82 0.34
1276,0.0 1 0.0 0.0 10.0 10.0
1277,0.56 6 0.06 0.15 0.88 0.660.95 14 0.21 0.08 0.32 0.550.96 14 0.32 0.13 0.47 0.56
1278,0.50 14 0.94 0.06 1.00 0.460.40 6 0.00 0.14 0.26 0.430.48 6 0.15 0.14 0.80 0.75
1279,0.31 14 0.25 0.00 0.49 0.480.74 14 0.06 0.51 0.51 1.000.33 14 0.22 0.01 0.51 0.820.37 14 0.21 0.01 0.49 0.870.53 14 0.00 0.01 0.50 1.000.43 14 0.00 0.24 0.37 1.000.52 14 0.01 0.01 0.67 1.000.32 14 0.23 0.01 0.50 0.89
1280,0.51 14 0.57 0.24 0.61 0.310.94 14 0.65 0.24 0.71 0.450.81 14 0.21 0.25 0.34 0.540.52 14 0.48 0.25 0.51 0.340.71 14 0.15 0.26 0.23 0.460.36 14 0.65 0.24 0.70 0.350.93 14 0.27 0.24 0.36 0.460.65 14 0.16 0.26 0.23 0.380.92 14 0.10 0.26 0.23 0.500.44 14 0.67 0.24 0.84 0.500.38 14 0.27 0.25 0.35 0.350.64 14 0.57 0.24 0.70 0.460.36 14 0.56 0.25 0.66 0.460.96 14 0.75 0.24 0.83 0.460.33 14 0.57 0.24 0.61 0.34
1281,0.41 14 0.21 0.16 0.62 0.660.49 14 0.20 0.12 0.62 0.660.31 14 0.21 0.13 0.62 0.680.49 14 0.20 0.12 0.62 0.670.39 15 0.82 0.22 0.90 0.320.61 14 0.39 0.16 0.62 0.650.35 14 0.20 0.12 0.89 0.69
1282,0.41 14 0.43 0.28 0.57 0.540.51 15 0.43 0.48 0.53 0.620.39 8 0.02 0.51 0.14 0.700.70 4 0.75 0.59 0.79 0.750.75 4 0.71 0.54 0.76 0.680.68 15 0.63 0.63 0.74 0.750.37 14 0.44 0.25 0.73 0.640.97 14 0.32 0.27 0.47 0.710.57 4 0.56 0.61 0.62 0.750.59 14 0.44 0.28 0.58 0.720.55 8 0.02 0.46 0.15 0.700.55 4 0.71 0.54 0.76 0.700.31 8 0.03 0.46 0.15 0.690.70 14 0.44 0.25 0.72 0.660.80 4 0.55 0.60 0.62 0.750.93 14 0.45 0.25 0.72 0.720.52 4 0.58 0.61 0.63 0.75
1283,0.67 14 0.28 0.21 0.77 0.63
1284,0.83 6 0.06 0.12 0.84 0.62
1285,0.0 1 0.0 0.0 10.0 10.0
1286,0.0 1 0.0 0.0 10.0 10.0
1287,0.65 14 0.12 0.57 0.15 0.630.41 14 0.60 0.54 0.65 0.650.39 14 0.60 0.54 0.65 0.730.94 14 0.23 0.68 0.30 0.880.83 14 0.05 0.57 0.07 0.630.68 14 0.57 0.59 0.61 0.730.74 14 0.12 0.56 0.15 0.630.39 14 0.06 0.57 0.08 0.630.95 14 0.07 0.65 0.16 0.910.93 14 0.62 0.55 0.66 0.740.75 14 0.07 0.56 0.09 0.630.94 14 0.56 0.55 0.60 0.710.68 14 0.59 0.54 0.63 0.73
1288,0.71 6 0.82 0.51 0.89 0.590.82 6 0.11 0.52 0.69 0.76
1289,0.72 14 0.39 0.20 0.55 0.630.48 14 0.78 0.16 0.89 0.660.40 14 0.79 0.30 0.88 0.510.61 14 0.49 0.22 0.89 0.660.68 14 0.17 0.24 0.44 0.670.36 14 0.28 0.26 0.46 0.660.34 14 0.32 0.15 0.54 0.460.48 14 0.15 0.14 0.30 0.470.52 14 0.29 0.26 0.45 0.660.41 14 0.72 0.11 0.82 0.310.36 14 0.78 0.17 0.89 0.370.64 14 0.00 0.26 0.44 0.660.67 14 0.00 0.09 0.17 0.650.30 14 0.28 0.21 0.44 0.450.49 14 0.20 0.16 0.44 0.470.42 14 0.53 0.20 0.66 0.500.49 14 0.30 0.15 0.55 0.630.94 14 0.00 0.09 0.18 0.530.41 14 0.07 0.09 0.19 0.530.74 14 0.34 0.19 0.66 0.650.97 14 0.77 0.16 0.89 0.510.39 14 0.54 0.20 0.66 0.410.76 14 0.56 0.20 0.66 0.490.49 14 0.35 0.21 0.89 1.00
1290,0.35 14 0.01 0.26 0.17 0.470.56 14 0.01 0.17 0.43 0.670.30 14 0.40 0.08 0.68 0.360.38 14 0.39 0.14 0.68 0.670.84 14 0.00 0.17 0.44 1.000.45 14 0.01 0.09 0.82 1.000.80 14 0.00 0.25 0.16 0.560.31 14 0.01 0.26 0.17 0.540.50 14 0.36 0.17 0.69 1.000.37 14 0.02 0.27 0.17 0.51
1291,0.71 14 0.43 0.04 0.58 0.340.74 14 0.33 0.00 0.53 0.390.31 14 0.00 0.09 0.25 1.000.39 14 0.00 0.09 0.29 0.660.39 14 0.74 0.43 0.86 0.620.71 14 0.60 0.09 0.84 0.570.32 14 0.36 0.07 0.46 0.390.57 14 0.03 0.09 0.28 0.440.44 14 0.42 0.04 0.59 0.370.39 14 0.00 0.10 0.11 0.530.70 14 0.31 0.02 0.59 0.470.58 14 0.31 0.15 0.46 0.370.57 14 0.34 0.00 0.49 0.190.78 14 0.31 0.07 0.46 0.380.54 14 0.02 0.09 0.30 0.630.63 14 0.42 0.04 0.60 0.520.72 14 0.42 0.03 0.59 0.470.37 14 0.31 0.00 0.48 0.390.49 14 0.00 0.09 0.25 1.000.93 14 0.02 0.08 0.25 0.560.44 14 0.37 0.06 0.45 0.180.39 14 0.03 0.09 0.25 0.400.94 14 0.54 0.09 0.84 0.58
1292,0.0 1 0.0 0.0 10.0 10.0
1293,0.93 14 0.38 0.25 0.48 0.510.49 14 0.31 0.26 0.48 0.560.44 14 0.25 0.31 0.60 0.840.86 14 0.27 0.30 0.44 0.83
1294,0.0 1 0.0 0.0 10.0 10.0
1295,0.0 1 0.0 0.0 10.0 10.0
1296,0.76 14 0.26 0.05 0.56 0.460.66 6 0.14 0.00 0.76 0.090.33 6 0.25 0.00 0.74 0.080.36 6 0.25 0.00 0.44 0.080.33 14 0.34 0.05 0.41 0.13
1297,0.63 14 0.38 0.28 0.62 0.790.93 14 0.04 0.20 0.34 0.870.52 14 0.01 0.19 0.34 1.000.90 14 0.38 0.28 0.70 0.82
1298,0.37 6 0.27 0.35 0.61 0.620.37 6 0.61 0.45 0.70 0.61
1299,0.0 1 0.0 0.0 10.0 10.0
1300,0.56 6 0.06 0.66 0.19 0.750.66 6 0.00 0.64 0.20 0.910.31 6 0.06 0.65 0.19 0.75
1301,0.0 1 0.0 0.0 10.0 10.0
1302,0.47 14 0.16 0.55 0.30 0.870.36 14 0.69 0.72 0.80 0.920.73 14 0.00 0.55 0.25 1.000.38 14 0.70 0.27 0.82 0.730.63 14 0.77 0.46 0.86 0.880.73 14 0.67 0.45 0.95 1.000.53 14 0.67 0.45 0.94 0.970.74 14 0.68 0.44 0.78 0.740.74 14 0.65 0.44 0.81 0.920.51 14 0.83 0.36 0.96 0.990.80 14 0.76 0.36 0.96 0.980.54 14 0.13 0.50 0.28 0.870.47 14 0.70 0.28 0.82 0.630.36 14 0.52 0.45 0.68 0.730.47 14 0.27 0.62 0.39 0.880.51 14 0.71 0.28 0.88 0.890.34 4 0.63 0.70 0.68 0.850.46 14 0.26 0.57 0.35 0.840.83 14 0.71 0.28 0.81 0.500.90 14 0.27 0.51 0.36 0.730.90 14 0.13 0.53 0.31 1.000.95 14 0.52 0.44 0.61 0.690.70 14 0.17 0.50 0.25 0.640.90 14 0.00 0.55 0.37 1.000.31 14 0.84 0.36 0.96 0.650.70 14 0.69 0.44 0.85 0.870.33 14 0.29 0.51 0.35 0.630.76 14 0.78 0.46 0.95 0.990.81 14 0.27 0.61 0.40 1.000.39 14 0.14 0.50 0.27 0.820.87 4 0.58 0.63 0.62 0.840.94 14 0.59 0.45 0.68 0.750.68 4 0.60 0.63 0.64 0.840.62 14 0.68 0.28 0.96 0.990.35 14 0.70 0.28 0.82 0.66
1303,0.0 1 0.0 0.0 10.0 10.0
1304,0.41 8 0.03 0.67 0.30 1.000.31 19 0.63 0.50 0.73 0.640.34 6 0.33 0.78 0.47 0.88
1305,0.0 1 0.0 0.0 10.0 10.0
1306,0.36 14 0.03 0.28 0.13 0.720.63 14 0.32 0.78 0.61 1.000.45 14 0.33 0.05 0.67 0.590.82 14 0.08 0.44 0.63 1.000.71 14 0.07 0.05 0.67 1.000.84 14 0.32 0.04 0.68 1.00
1307,0.59 6 0.43 0.60 0.49 0.660.43 6 0.24 0.63 0.28 0.670.40 15 0.61 0.58 0.66 0.640.63 6 0.52 0.60 0.61 0.650.81 6 0.30 0.62 0.38 0.670.64 6 0.37 0.61 0.44 0.660.44 6 0.30 0.62 0.37 0.660.32 6 0.02 0.62 0.15 0.680.59 6 0.45 0.60 0.53 0.650.67 6 0.03 0.62 0.15 0.680.67 6 0.03 0.62 0.15 0.680.78 6 0.37 0.61 0.45 0.660.82 6 0.45 0.60 0.53 0.660.83 6 0.52 0.59 0.61 0.650.48 15 0.61 0.45 0.75 0.60
1308,0.46 14 0.01 0.00 0.80 0.67
1309,0.56 14 0.44 0.26 0.57 0.460.76 14 0.44 0.26 0.65 0.470.31 19 0.16 0.06 0.55 0.460.96 14 0.17 0.25 0.43 0.660.88 14 0.38 0.26 0.65 0.66
1310,0.41 14 0.44 0.51 0.49 0.590.82 14 0.43 0.51 0.52 0.730.36 1 0.42 0.55 0.50 0.700.47 1 0.49 0.64 0.67 0.900.39 1 0.42 0.57 0.59 0.790.48 14 0.33 0.49 0.41 0.650.95 14 0.16 0.49 0.24 0.680.36 14 0.44 0.50 0.55 0.630.47 14 0.00 0.51 0.06 0.700.95 14 0.31 0.48 0.40 0.720.69 1 0.46 0.63 0.59 0.810.92 14 0.00 0.51 0.05 0.740.78 14 0.24 0.54 0.28 0.610.35 1 0.16 0.53 0.23 0.680.39 14 0.17 0.49 0.24 0.680.48 14 0.43 0.50 0.55 0.660.80 14 0.43 0.50 0.55 0.750.96 14 0.05 0.50 0.12 0.760.67 1 0.44 0.60 0.59 0.790.95 14 0.45 0.45 0.67 0.890.35 1 0.47 0.63 0.58 0.79
1311,0.0 1 0.0 0.0 10.0 10.0
1312,0.0 1 0.0 0.0 10.0 10.0
1313,0.0 1 0.0 0.0 10.0 10.0
1314,0.58 14 0.03 0.28 0.38 0.850.46 14 0.18 0.18 0.41 0.850.53 14 0.18 0.18 0.56 0.860.33 14 0.19 0.17 0.53 0.540.43 14 0.18 0.17 0.40 0.490.31 14 0.18 0.17 0.38 0.480.41 14 0.03 0.18 0.40 0.850.82 14 0.03 0.28 0.21 0.640.37 1 0.18 0.44 0.67 0.87
1315,0.0 1 0.0 0.0 10.0 10.0
1316,0.53 14 0.42 0.27 0.55 0.450.51 14 0.33 0.27 0.55 0.530.95 14 0.61 0.28 0.72 0.490.34 14 0.61 0.27 0.72 0.560.51 14 0.69 0.29 0.74 0.350.94 14 0.33 0.28 0.44 0.530.38 8 0.17 0.43 0.28 0.640.92 14 0.42 0.26 0.55 0.520.46 14 0.84 0.31 0.90 0.43
1317,0.0 1 0.0 0.0 10.0 10.0
1318,0.36 14 0.11 0.52 0.49 0.90
1319,0.40 4 0.39 0.75 0.51 0.900.84 14 0.03 0.56 0.29 0.84
1320,0.49 6 0.56 0.06 0.68 0.18
1321,0.40 14 0.55 0.11 0.82 0.740.64 14 0.45 0.11 0.89 1.000.31 14 0.55 0.12 0.82 0.740.37 14 0.54 0.11 0.82 0.750.36 14 0.44 0.11 0.80 0.740.40 14 0.45 0.11 0.80 0.740.40 14 0.03 0.12 0.89 1.000.61 14 0.45 0.11 0.89 0.750.36 14 0.56 0.11 0.80 0.60
1322,0.78 14 0.34 0.00 0.56 0.360.79 14 0.33 0.00 0.56 0.62
1323,0.0 1 0.0 0.0 10.0 10.0
1324,0.30 8 0.27 0.44 0.42 0.720.69 14 0.13 0.10 0.44 0.460.91 14 0.13 0.10 0.45 0.71
1325,0.73 14 0.32 0.42 0.37 0.500.97 14 0.17 0.17 0.36 0.970.96 14 0.45 0.20 0.65 0.90
1326,0.85 6 0.05 0.60 0.22 0.730.80 6 0.01 0.54 0.12 0.660.36 14 0.44 0.32 0.70 0.700.95 14 0.21 0.25 0.48 0.520.54 14 0.21 0.25 0.37 0.520.51 6 0.01 0.55 0.11 0.630.66 14 0.41 0.32 0.88 0.750.74 14 0.40 0.32 0.71 0.750.34 14 0.41 0.32 0.89 1.00
1327,0.0 1 0.0 0.0 10.0 10.0
1328,0.0 1 0.0 0.0 10.0 10.0
1329,0.83 6 0.34 0.38 0.46 0.460.51 6 0.67 0.28 0.90 0.400.72 6 0.59 0.34 0.67 0.400.37 6 0.39 0.35 0.57 0.430.78 6 0.67 0.28 0.90 0.400.54 6 0.33 0.37 0.51 0.460.67 14 0.57 0.34 0.60 0.410.39 6 0.60 0.34 0.67 0.40
1330,0.36 14 0.45 0.23 0.89 0.640.31 14 0.46 0.23 0.85 0.590.89 14 0.00 0.10 0.45 0.670.46 14 0.22 0.16 0.42 0.660.66 14 0.22 0.10 0.43 0.670.62 14 0.47 0.23 0.73 0.640.47 14 0.38 0.23 0.75 0.650.34 14 0.00 0.10 0.47 1.000.54 14 0.01 0.23 0.89 1.000.36 14 0.68 0.36 0.89 0.660.58 14 0.40 0.23 0.89 0.650.32 14 0.39 0.23 0.82 0.630.61 14 0.47 0.23 0.89 0.650.52 14 0.41 0.23 0.89 1.00
1331,0.45 14 0.18 0.45 0.49 0.660.71 14 0.37 0.47 0.48 0.65
1332,0.37 14 0.41 0.12 0.58 0.400.31 14 0.29 0.12 0.89 0.670.61 14 0.29 0.14 0.44 0.470.66 14 0.32 0.11 0.62 0.490.39 14 0.15 0.12 0.89 0.670.35 14 0.28 0.12 0.61 0.660.52 14 0.27 0.12 0.89 0.670.37 14 0.26 0.12 0.89 0.67
1333,0.39 15 0.49 0.55 0.54 0.600.31 8 0.00 0.50 0.19 0.670.61 14 0.82 0.42 0.89 0.650.46 14 0.84 0.47 0.89 0.540.88 14 0.63 0.43 0.67 0.530.49 8 0.29 0.53 0.42 0.670.43 14 0.82 0.39 0.89 0.640.42 14 0.15 0.43 0.20 0.550.38 8 0.06 0.50 0.18 0.660.34 8 0.06 0.49 0.19 0.670.73 14 0.48 0.44 0.52 0.520.48 8 0.00 0.49 0.19 0.670.31 14 0.16 0.43 0.20 0.510.31 8 0.07 0.48 0.19 0.670.84 14 0.83 0.47 0.89 0.590.97 14 0.81 0.39 0.88 0.53
1334,0.0 1 0.0 0.0 10.0 10.0
1335,0.0 1 0.0 0.0 10.0 10.0
1336,0.79 6 0.02 0.34 0.65 0.91
1337,0.30 14 0.11 0.43 0.50 0.95
1338,0.41 14 0.26 0.37 0.53 0.900.86 14 0.26 0.42 0.46 0.910.87 14 0.40 0.35 0.52 0.580.45 13 0.20 0.50 0.58 0.910.41 14 0.40 0.35 0.52 0.710.46 14 0.39 0.34 0.53 0.88
1339,0.66 14 0.28 0.22 0.66 0.930.71 14 0.04 0.42 0.26 0.940.73 14 0.46 0.23 0.65 0.510.83 14 0.00 0.19 0.29 0.940.34 14 0.17 0.24 0.28 0.550.48 14 0.00 0.22 0.66 0.940.39 14 0.04 0.42 0.22 0.690.38 14 0.12 0.43 0.22 0.670.37 14 0.45 0.23 0.66 0.93
1340,0.0 1 0.0 0.0 10.0 10.0
1341,0.35 12 0.29 0.33 0.48 0.760.52 14 0.29 0.37 0.39 0.760.70 14 0.29 0.37 0.38 0.56
1342,0.32 14 0.07 0.06 0.75 0.940.48 14 0.00 0.05 0.47 0.950.79 14 0.00 0.13 0.21 0.950.39 14 0.00 0.08 0.74 1.000.49 14 0.16 0.46 0.48 0.950.58 14 0.51 0.44 0.73 0.70
1343,0.30 13 0.09 0.04 0.96 0.920.33 13 0.09 0.11 0.96 0.92
1344,0.54 6 0.00 0.14 0.20 0.290.55 14 0.01 0.16 0.65 1.000.90 14 0.41 0.15 0.65 0.94
1345,0.53 14 0.48 0.58 0.52 0.610.56 14 0.16 0.59 0.19 0.700.33 6 0.78 0.59 1.00 0.700.91 6 0.68 0.58 1.00 0.710.90 14 0.66 0.57 0.70 0.650.87 14 0.22 0.59 0.26 0.690.45 6 0.26 0.60 0.55 0.720.49 14 0.41 0.58 0.44 0.620.36 6 0.81 0.58 1.00 0.700.37 14 0.22 0.58 0.26 0.700.80 6 0.25 0.60 0.62 0.720.85 14 0.02 0.61 0.06 0.730.85 14 0.25 0.58 0.29 0.690.40 14 0.14 0.60 0.17 0.700.49 14 0.06 0.61 0.09 0.680.79 14 0.56 0.58 0.59 0.640.35 6 0.67 0.64 0.73 0.690.65 14 0.09 0.60 0.11 0.680.57 14 0.14 0.59 0.16 0.67
1346,0.45 6 0.32 0.41 0.39 0.460.49 6 0.21 0.39 0.33 0.460.51 6 0.32 0.40 0.44 0.470.76 6 0.31 0.41 0.41 0.470.64 6 0.37 0.43 0.44 0.470.50 6 0.52 0.42 0.58 0.45
1347,0.92 14 0.36 0.19 0.77 0.710.39 4 0.57 0.57 0.64 0.750.32 14 0.46 0.19 0.76 0.710.95 14 0.08 0.11 0.40 0.750.33 14 0.00 0.11 0.40 0.760.81 4 0.57 0.56 0.64 0.750.97 14 0.73 0.08 0.89 0.44
1348,0.57 6 0.32 0.34 0.46 0.430.38 6 0.43 0.45 0.56 0.53
1349,0.33 15 0.50 0.18 0.73 0.39
1350,0.58 14 0.45 0.20 0.52 0.270.33 14 0.56 0.10 0.62 0.200.79 14 0.16 0.56 0.25 0.670.54 14 0.21 0.44 0.32 0.710.45 14 0.84 0.20 0.89 0.300.83 14 0.15 0.56 0.25 0.740.76 14 0.64 0.11 0.84 0.620.96 14 0.64 0.11 0.84 0.36
1351,0.35 15 0.22 0.58 0.31 0.670.90 14 0.17 0.16 0.46 0.690.75 4 0.43 0.44 0.52 0.740.57 14 0.18 0.16 0.46 0.820.40 4 0.09 0.37 0.12 0.460.58 14 0.18 0.16 0.47 0.980.44 4 0.44 0.45 0.52 0.74
1352,0.0 1 0.0 0.0 10.0 10.0
1353,0.0 1 0.0 0.0 10.0 10.0
1354,0.96 14 0.00 0.10 0.41 1.00
1355,0.31 8 0.58 0.52 0.77 0.820.38 19 0.34 0.44 0.43 0.580.40 19 0.15 0.46 0.27 0.640.31 19 0.33 0.44 0.43 0.590.32 19 0.15 0.46 0.27 0.630.37 19 0.62 0.45 0.72 0.58
1356,0.0 1 0.0 0.0 10.0 10.0
1357,0.41 14 0.28 0.55 0.54 0.940.92 14 0.28 0.50 0.40 0.950.85 14 0.41 0.74 0.53 0.950.61 14 0.28 0.51 0.53 0.950.40 14 0.37 0.43 0.53 0.940.32 14 0.28 0.54 0.53 0.950.96 14 0.58 0.34 0.74 0.940.95 14 0.72 0.35 0.88 0.92
1358,0.46 14 0.12 0.14 0.27 0.470.78 14 0.00 0.04 0.45 0.980.52 14 0.00 0.01 0.23 1.000.88 14 0.66 -0.00 1.00 0.97
1359,0.96 14 0.84 0.11 1.00 0.910.61 14 0.77 0.14 0.90 0.370.61 6 0.07 0.25 0.86 0.940.67 14 0.78 0.14 0.91 0.350.54 6 0.03 0.10 0.88 0.940.72 14 0.77 0.14 0.90 0.44
1360,0.86 14 0.85 0.46 0.89 0.590.39 1 0.49 0.53 0.68 0.750.36 1 0.52 0.55 0.68 0.750.68 14 0.56 0.40 0.65 0.580.47 14 0.00 -0.00 0.12 0.370.96 14 0.54 0.40 0.65 0.640.73 1 0.48 0.48 0.68 0.75
1361,0.75 6 0.08 0.12 0.86 0.62
1362,0.62 14 0.37 0.16 0.46 0.420.32 14 0.01 0.11 0.61 1.00
1363,0.92 14 0.25 0.35 0.37 0.640.43 14 0.57 0.05 0.62 0.150.32 1 0.25 0.39 0.37 0.66
1364,0.0 1 0.0 0.0 10.0 10.0
1365,0.96 14 0.19 0.09 0.36 0.57
1366,0.51 15 0.29 0.18 0.47 0.460.59 15 0.29 0.31 0.39 0.450.42 15 0.16 0.19 0.31 0.470.47 14 0.00 0.07 0.10 0.320.41 15 0.19 0.30 0.31 0.460.54 15 0.17 0.20 0.31 0.460.35 14 0.00 0.01 0.22 1.000.49 15 0.19 0.30 0.30 0.450.42 15 0.29 0.31 0.38 0.450.40 15 0.58 0.31 0.66 0.44
1367,0.36 6 0.04 0.23 0.71 0.44
1368,0.48 6 0.08 0.08 0.76 0.74
1369,0.34 14 0.02 0.23 0.05 0.290.96 14 0.38 0.16 0.55 0.660.72 14 0.04 0.22 0.07 0.290.46 6 0.64 0.18 0.89 0.320.87 14 0.13 0.17 0.18 0.260.66 6 0.84 0.22 0.89 0.310.74 14 0.04 0.22 0.07 0.290.97 14 0.25 0.14 0.39 0.670.97 14 0.53 0.15 0.69 0.66
1370,0.31 6 0.31 0.25 0.37 0.34
1371,0.71 15 0.48 0.38 0.56 0.450.34 15 0.45 0.29 0.54 0.430.56 8 0.44 0.43 0.59 0.610.32 8 0.31 0.46 0.41 0.630.48 15 0.46 0.37 0.56 0.450.40 8 0.17 0.39 0.41 0.640.43 8 0.65 0.36 0.83 0.630.45 8 0.44 0.43 0.59 0.580.39 8 0.63 0.36 0.84 0.63
1372,0.48 6 0.08 0.10 0.90 0.44
1373,0.89 14 0.29 0.34 0.33 0.450.73 14 0.13 0.35 0.16 0.40
1374,0.51 6 0.58 0.31 0.67 0.390.75 6 0.06 0.30 0.30 0.450.34 6 0.31 0.31 0.46 0.420.32 6 0.69 0.35 0.88 0.470.65 6 0.32 0.32 0.45 0.420.31 6 0.05 0.31 0.30 0.460.52 6 0.49 0.31 0.59 0.410.36 6 0.46 0.30 0.59 0.410.41 6 0.04 0.30 0.27 0.450.68 6 0.31 0.33 0.44 0.420.43 6 0.58 0.31 0.66 0.38
1375,0.53 14 0.32 0.16 0.71 0.670.62 14 0.32 0.16 0.72 0.670.80 14 0.32 0.16 0.75 0.67
1376,0.76 14 0.32 0.62 0.37 0.69
1377,0.97 14 0.60 0.21 0.79 0.90
1378,0.0 1 0.0 0.0 10.0 10.0
1379,0.0 1 0.0 0.0 10.0 10.0
1380,0.38 6 0.29 0.02 0.43 0.13
1381,0.51 4 0.32 0.26 0.36 0.380.59 4 0.10 0.86 0.16 1.000.49 4 0.25 0.20 0.30 0.360.34 14 0.20 0.23 0.55 1.000.70 4 0.16 0.60 0.20 0.790.66 4 0.03 0.62 0.08 0.850.50 4 0.02 0.05 0.07 0.280.53 4 0.17 0.60 0.21 0.790.44 4 0.83 0.57 0.88 0.740.35 4 0.10 0.35 0.15 0.540.48 4 0.18 0.59 0.22 0.790.91 14 0.19 0.41 0.44 1.000.36 4 0.21 0.39 0.24 0.540.54 4 0.21 0.37 0.26 0.540.43 4 0.16 0.60 0.20 0.800.33 4 0.16 0.60 0.20 0.790.41 14 0.19 0.23 0.80 1.000.56 4 0.08 0.34 0.14 0.550.45 4 0.11 0.35 0.15 0.540.77 14 0.39 0.23 0.56 1.000.49 14 0.40 0.22 0.79 1.000.39 14 0.39 0.23 0.80 1.00
1382,0.32 8 0.17 0.71 0.34 1.000.74 8 0.36 0.51 0.51 0.860.31 8 0.37 0.52 0.50 0.740.50 14 0.74 0.65 0.86 1.000.87 14 0.77 0.65 0.85 0.820.59 8 0.54 0.65 0.88 1.000.35 14 0.65 0.64 0.86 0.830.58 8 0.23 0.58 0.37 0.840.60 8 0.36 0.61 0.50 0.870.58 15 0.39 0.42 0.44 0.520.36 14 0.75 0.64 0.87 0.860.67 8 0.26 0.58 0.37 0.840.66 8 0.22 0.58 0.38 0.980.53 15 0.28 0.48 0.37 0.640.42 8 0.48 0.50 0.57 0.720.37 15 0.57 0.34 0.83 0.850.45 14 0.82 0.65 0.89 0.940.42 8 0.26 0.57 0.37 0.840.53 15 0.57 0.34 0.82 0.600.40 14 0.53 0.64 0.85 0.81
1383,0.93 14 0.00 0.28 0.21 0.92
1384,0.59 14 0.42 0.22 0.57 0.660.89 14 0.42 0.22 0.56 0.500.62 14 0.43 0.39 0.59 1.000.76 14 0.43 0.39 0.57 0.730.44 14 0.62 0.60 0.71 1.000.31 14 0.70 0.26 0.85 1.000.45 14 0.42 0.65 0.65 1.000.61 14 0.63 0.37 0.85 1.000.44 14 0.62 0.37 0.71 0.650.80 14 0.52 0.47 0.70 1.000.34 14 0.31 0.63 0.55 1.000.35 14 0.70 0.27 0.84 0.860.90 14 0.70 0.26 0.85 1.000.35 14 0.17 0.25 0.36 1.000.43 14 0.27 0.50 0.40 1.000.39 14 0.69 0.26 0.84 0.810.62 14 0.29 0.52 0.45 1.000.34 14 0.69 0.27 0.84 0.840.41 14 0.69 0.27 0.84 0.830.55 14 0.30 0.81 0.44 1.000.42 14 0.27 0.26 0.38 1.000.32 14 0.17 0.51 0.30 0.970.96 14 0.17 0.35 0.31 1.000.63 14 0.42 0.39 0.58 0.750.61 14 0.42 0.22 0.57 0.840.63 14 0.27 0.25 0.35 0.450.97 14 0.01 0.30 0.18 1.000.30 14 0.26 0.25 0.36 0.600.77 14 0.63 0.37 0.81 1.000.94 14 0.30 0.30 0.45 1.000.56 14 0.52 0.25 0.70 1.000.66 14 0.42 0.63 0.53 1.000.69 14 0.70 0.27 0.85 1.000.68 14 0.42 0.47 0.70 1.000.47 14 0.55 0.25 0.66 0.730.51 14 0.52 0.47 0.66 0.760.81 14 0.42 0.63 0.68 1.000.89 14 0.56 0.25 0.66 0.52
1385,0.0 1 0.0 0.0 10.0 10.0
1386,0.74 14 0.47 0.15 0.51 0.270.46 14 0.69 0.53 0.95 0.750.63 14 0.59 0.53 0.95 0.740.53 14 0.58 0.16 0.84 0.750.73 14 0.46 0.15 0.66 0.490.36 14 0.66 0.16 0.94 0.730.74 14 0.67 0.16 0.87 0.470.71 14 0.45 0.15 0.63 0.750.62 14 0.42 0.15 0.57 0.490.87 14 0.58 0.16 0.95 0.760.34 14 0.67 0.53 0.96 1.000.61 14 0.43 0.15 0.73 0.750.47 14 0.48 0.15 0.64 0.34
1387,0.96 14 0.77 0.31 0.84 0.51
1388,0.36 6 0.10 0.51 0.19 0.620.83 14 0.05 0.48 0.08 0.560.76 6 0.11 0.51 0.19 0.620.61 14 0.16 0.17 0.45 1.000.85 14 0.17 0.16 0.59 1.000.49 14 0.08 0.48 0.11 0.56
1389,0.85 14 0.33 0.15 0.63 0.750.31 14 0.62 0.13 0.79 0.610.33 14 0.32 0.14 0.56 0.520.37 14 0.32 0.15 0.57 0.640.42 14 0.62 0.13 0.79 0.560.31 14 0.00 0.09 0.38 1.000.55 14 0.32 0.15 0.59 0.670.30 19 0.05 0.04 0.45 0.380.94 14 0.00 0.09 0.30 0.730.39 14 0.33 0.15 0.61 0.750.97 14 0.62 0.12 0.79 0.740.45 14 0.33 0.15 0.65 0.76
1390,0.42 6 0.54 0.45 0.83 0.580.83 6 0.00 0.51 0.24 0.600.78 6 0.28 0.50 0.49 0.59
1391,0.61 1 0.64 0.39 0.70 0.520.31 1 0.64 0.40 0.69 0.520.95 14 0.64 0.34 0.70 0.480.35 1 0.64 0.40 0.70 0.52
1392,0.37 15 0.27 0.08 0.55 0.420.30 15 0.28 0.08 0.45 0.360.48 15 0.28 0.08 0.56 0.46
1393,0.0 1 0.0 0.0 10.0 10.0
1394,0.68 14 0.08 0.02 0.48 0.640.58 14 0.11 0.02 0.47 0.550.43 14 0.05 0.01 0.51 1.00
1395,0.30 13 0.41 0.20 0.92 0.510.95 14 0.52 0.12 0.84 0.46
1396,0.42 6 0.00 0.26 0.21 0.430.32 14 0.20 0.13 0.59 0.990.75 6 0.01 0.27 0.21 0.43
1397,0.54 19 0.59 0.44 0.75 0.590.35 19 0.55 0.43 0.74 0.590.35 19 0.59 0.44 0.74 0.56
1398,0.0 1 0.0 0.0 10.0 10.0
1399,0.33 8 0.85 0.41 1.00 0.610.70 6 0.86 0.22 0.98 0.280.96 14 0.40 0.23 0.58 0.450.39 14 0.10 0.07 0.17 0.150.44 15 0.07 0.25 0.22 0.460.56 14 0.39 0.23 0.59 0.49
1400,0.72 6 0.10 0.41 0.72 0.760.41 6 0.09 0.41 0.71 0.76
1401,0.0 1 0.0 0.0 10.0 10.0
1402,0.43 14 0.37 0.10 0.55 0.360.93 14 0.36 0.10 0.57 0.50
1403,0.88 14 0.40 0.34 0.44 0.510.97 14 0.33 0.39 0.43 0.820.95 14 0.45 0.42 0.58 0.89
1404,0.0 1 0.0 0.0 10.0 10.0
1405,0.95 14 0.38 0.41 0.58 0.940.38 6 0.07 0.59 0.77 1.00
1406,0.59 14 0.00 0.03 0.55 1.000.91 14 0.00 0.03 0.78 1.00
1407,0.0 1 0.0 0.0 10.0 10.0
1408,0.0 1 0.0 0.0 10.0 10.0
1409,0.58 6 0.07 0.13 0.81 0.71
1410,0.46 6 0.81 0.46 0.91 0.510.30 13 0.02 0.32 0.57 0.670.33 6 0.70 0.00 0.88 0.22
1411,0.0 1 0.0 0.0 10.0 10.0
1412,0.85 14 0.23 0.32 0.26 0.480.82 14 0.29 0.31 0.33 0.450.37 14 0.09 0.20 0.18 0.550.95 14 0.00 0.28 0.08 0.580.33 14 0.24 0.30 0.27 0.480.92 14 0.24 0.30 0.28 0.480.85 14 0.14 0.33 0.19 0.560.44 14 0.07 0.20 0.19 0.510.95 14 0.05 0.19 0.18 0.630.78 14 0.27 0.30 0.30 0.470.83 14 0.18 0.33 0.21 0.44
1413,0.33 6 0.59 0.22 0.66 0.310.31 6 0.31 0.23 0.38 0.28
1414,0.46 6 0.15 0.18 0.44 0.380.53 6 0.43 0.15 0.62 0.28
1415,0.75 6 0.01 0.26 0.76 0.65
1416,0.44 6 0.02 0.21 0.79 0.76
1417,0.35 14 0.25 0.02 0.56 1.00
1418,0.0 1 0.0 0.0 10.0 10.0
1419,0.0 1 0.0 0.0 10.0 10.0
1420,0.0 1 0.0 0.0 10.0 10.0
1421,0.34 14 0.04 0.27 0.70 0.630.50 14 0.02 0.10 0.69 0.630.77 14 0.02 0.10 0.53 0.610.47 14 0.01 0.04 0.82 0.630.30 14 0.36 0.27 0.69 0.65
1422,0.35 14 0.15 0.01 0.68 0.560.39 14 0.67 0.17 1.00 1.000.48 14 0.53 0.46 0.85 1.000.33 14 0.12 0.06 0.43 0.670.40 14 0.49 0.01 0.72 0.590.61 14 0.04 0.00 0.65 1.000.42 14 0.71 0.48 0.84 0.660.31 14 0.10 0.04 0.38 1.000.74 14 0.52 0.16 1.00 1.00
1423,0.86 14 0.69 0.01 1.00 0.670.35 14 0.07 0.00 0.26 0.220.44 14 0.86 0.00 1.00 0.350.53 14 0.85 0.00 1.00 0.660.40 14 0.00 0.05 0.14 0.510.43 14 0.67 0.00 0.83 0.180.82 14 0.14 0.00 0.34 0.220.59 14 0.14 0.00 0.29 0.220.69 14 0.53 0.00 0.84 0.17
1424,0.50 4 0.07 0.37 0.20 0.710.63 14 0.00 0.09 0.45 0.900.84 14 0.06 0.08 0.67 0.90
1425,0.49 1 0.26 0.30 0.69 0.560.96 14 0.31 0.04 0.57 0.49
1426,0.0 1 0.0 0.0 10.0 10.0
1427,0.36 8 0.36 0.49 0.54 0.640.47 8 0.44 0.49 0.55 0.630.37 8 0.36 0.47 0.55 0.63
1428,0.75 14 0.23 0.00 0.64 0.660.31 14 0.64 0.12 0.88 0.660.65 14 0.30 0.07 0.37 0.140.38 14 0.25 0.10 0.29 0.190.52 14 0.29 0.08 0.36 0.180.87 14 0.23 0.09 0.26 0.190.43 14 0.02 0.01 0.65 1.000.89 14 0.17 0.10 0.21 0.190.63 14 0.26 0.10 0.30 0.160.90 14 0.64 0.00 0.88 0.66
1429,0.51 6 0.12 0.37 0.71 0.660.80 14 0.66 0.52 0.72 0.600.69 14 0.86 0.41 0.88 0.490.82 14 0.34 0.59 0.45 0.670.33 6 0.00 0.42 0.10 0.670.44 6 0.05 0.23 0.71 0.670.31 6 0.71 0.38 0.88 0.460.84 6 0.71 0.38 0.88 0.460.32 6 0.56 0.34 0.65 0.43
1430,0.89 6 0.00 0.39 0.13 0.46
1431,0.33 14 0.57 0.34 0.88 0.650.30 14 0.59 0.20 0.89 0.640.80 14 0.00 0.19 0.32 0.650.93 14 0.50 0.20 0.88 0.660.32 14 0.58 0.21 0.89 0.650.40 14 0.50 0.21 0.88 1.00
1432,0.83 14 0.35 0.07 0.63 0.400.36 14 0.17 0.12 0.88 0.660.35 14 0.30 0.09 0.77 0.510.43 14 0.00 0.18 0.20 0.670.31 14 0.29 0.10 0.83 0.660.70 14 0.00 0.18 0.21 1.000.33 14 0.15 0.11 0.87 1.000.42 14 0.00 0.17 0.21 0.660.38 14 0.32 0.09 0.77 0.400.56 14 0.29 0.10 0.87 0.670.51 14 0.30 0.17 0.87 0.660.43 14 0.29 0.12 0.87 1.000.76 14 0.59 0.10 0.76 0.39
1433,0.59 14 0.03 0.03 0.82 1.000.37 14 0.12 0.04 0.82 1.00
1434,0.69 14 0.20 0.05 0.62 0.890.68 14 0.63 0.19 0.76 0.340.39 14 0.17 0.21 0.28 0.480.51 14 0.00 0.05 0.64 1.010.86 14 0.70 0.19 0.77 0.300.74 14 0.19 0.22 0.27 0.470.54 14 0.00 0.17 0.37 0.900.66 14 0.00 0.05 0.56 0.900.73 14 0.19 0.22 0.27 0.350.52 14 0.00 0.04 0.73 0.920.33 14 0.56 0.19 0.76 0.770.32 14 0.18 0.22 0.28 0.390.30 14 0.56 0.19 0.76 0.61
1435,0.34 14 0.48 0.19 0.71 0.470.31 14 0.26 0.05 0.51 0.420.60 14 0.20 0.23 0.81 0.660.48 14 0.48 0.26 0.66 0.520.52 14 0.00 0.02 0.33 0.670.70 14 0.61 0.19 0.81 0.650.41 14 0.47 0.17 0.60 0.360.40 14 0.02 0.03 0.49 0.670.35 14 0.62 0.10 0.82 0.520.42 14 0.20 0.05 0.57 0.670.52 14 0.69 0.06 0.87 0.650.76 14 0.61 0.05 0.88 0.610.37 14 0.20 0.05 0.49 0.550.59 14 0.49 0.22 0.80 0.650.49 14 0.00 0.02 0.52 1.000.37 14 0.59 0.03 0.90 0.550.67 14 0.00 0.02 0.27 1.000.52 14 0.19 0.18 0.81 1.000.69 14 0.01 0.04 0.26 0.670.31 14 0.25 0.23 0.81 0.660.37 14 0.21 0.23 0.81 0.660.45 14 0.59 0.23 0.74 0.500.67 14 0.51 0.22 0.81 0.660.35 14 0.59 0.04 0.89 0.380.36 14 0.61 0.09 0.81 0.41
1436,0.0 1 0.0 0.0 10.0 10.0
1437,0.50 14 0.50 0.19 0.76 1.000.40 14 0.21 0.27 0.60 1.000.36 14 0.01 0.25 0.74 1.000.40 14 0.00 0.01 0.60 1.000.64 14 0.00 0.01 0.29 1.000.51 14 0.23 0.19 0.75 1.000.33 14 0.01 0.19 0.76 1.000.50 14 0.64 0.19 0.76 1.000.35 14 0.46 0.19 0.75 1.000.49 14 0.26 0.20 0.75 1.000.41 14 0.66 0.19 0.75 0.28
1438,0.47 14 0.36 0.14 0.52 0.360.31 14 0.03 0.13 0.18 0.340.33 14 0.00 0.13 0.35 0.520.77 14 0.00 0.25 0.06 0.400.59 14 0.00 0.23 0.06 0.530.95 14 0.18 0.11 0.36 0.440.57 14 0.35 0.13 0.53 0.360.64 14 0.19 0.11 0.35 0.330.39 14 0.00 0.30 0.16 0.450.80 14 0.00 0.30 0.16 0.530.85 14 0.06 0.30 0.15 0.370.89 14 0.77 -0.00 1.00 0.490.30 14 0.38 0.12 0.71 0.42
1439,0.50 15 0.68 0.41 0.75 0.49
1440,0.54 14 0.29 0.07 0.37 0.410.74 14 0.60 0.25 0.80 0.590.49 14 0.12 0.02 0.34 0.600.34 14 0.00 0.20 0.08 0.670.47 14 0.18 0.03 0.35 0.590.88 14 0.05 0.19 0.28 0.660.50 14 0.51 0.33 0.79 0.590.67 14 0.16 0.02 0.31 0.350.91 14 0.00 0.18 0.27 0.670.33 14 0.50 0.25 0.81 0.670.50 14 0.04 0.19 0.25 0.570.50 14 0.29 0.07 0.36 0.220.91 14 0.51 0.25 0.81 0.590.30 14 0.60 0.25 0.76 0.44
1441,0.46 14 0.02 0.37 0.05 0.47
1442,0.0 1 0.0 0.0 10.0 10.0
1443,0.0 1 0.0 0.0 10.0 10.0
1444,0.96 14 0.68 0.39 0.78 0.68
1445,0.35 14 0.54 0.54 0.57 0.620.48 6 0.67 0.55 0.76 0.630.92 14 0.24 0.52 0.28 0.620.90 14 0.42 0.53 0.45 0.620.92 14 0.89 0.55 0.93 0.650.72 14 0.75 0.54 0.78 0.620.92 14 0.18 0.52 0.21 0.630.65 14 0.75 0.54 0.78 0.630.93 14 0.12 0.52 0.15 0.620.91 14 0.29 0.52 0.33 0.620.89 14 0.53 0.53 0.56 0.620.87 14 0.65 0.54 0.69 0.63
1446,0.0 1 0.0 0.0 10.0 10.0
1447,0.41 6 0.21 0.29 0.76 0.560.75 6 0.21 0.29 0.76 0.55
1448,0.58 14 0.31 0.11 0.35 0.17
1449,0.52 14 0.33 0.02 0.69 0.610.48 14 0.02 0.03 0.68 1.000.44 14 0.03 0.03 0.69 0.610.40 14 0.03 0.03 0.83 1.00
1450,0.31 14 0.58 0.19 0.73 0.380.47 4 0.48 0.35 0.57 0.620.58 14 0.62 0.23 0.73 0.610.53 14 0.39 0.15 0.65 0.600.92 14 0.00 0.10 0.42 0.490.53 14 0.61 0.23 0.74 0.460.40 14 0.38 0.14 0.72 0.570.91 14 0.39 0.14 0.64 0.480.31 14 0.17 0.10 0.42 0.390.31 14 0.21 0.10 0.42 0.370.61 4 0.63 0.35 0.72 0.620.42 14 0.59 0.23 0.73 0.500.46 4 0.63 0.35 0.73 0.630.76 14 0.61 0.23 0.73 0.39
1451,0.39 14 0.06 0.03 0.37 0.430.91 14 0.00 0.03 0.50 0.830.56 14 0.00 0.04 0.35 0.83
1452,0.0 1 0.0 0.0 10.0 10.0
1453,0.0 1 0.0 0.0 10.0 10.0
1454,0.52 14 0.21 0.32 0.51 0.700.67 14 0.20 0.31 0.50 0.710.51 14 0.22 0.32 0.51 0.880.62 14 0.23 0.19 0.49 0.710.82 14 0.24 0.19 0.42 0.47
1455,0.71 14 0.23 0.17 0.73 0.620.31 14 0.91 0.55 0.97 0.610.33 14 0.27 0.12 0.78 0.610.80 14 0.23 0.16 0.68 0.620.43 14 0.23 0.18 0.56 0.620.49 14 0.24 0.14 0.58 0.620.93 14 0.00 0.40 0.24 0.620.40 14 0.01 0.14 0.72 1.000.31 14 0.00 0.40 0.24 1.000.53 14 0.23 0.13 0.73 1.000.71 14 0.93 0.56 0.98 0.610.48 14 0.23 0.14 0.78 0.61
1456,0.34 14 0.53 0.23 0.65 0.480.85 14 0.77 0.35 1.00 0.620.33 14 0.89 0.34 1.00 0.480.82 14 0.88 0.34 1.00 0.610.69 14 0.07 0.10 0.51 0.600.65 14 0.07 0.10 0.64 0.600.42 14 0.75 0.40 0.87 0.590.56 14 0.51 0.23 0.66 0.610.71 14 0.48 0.22 0.65 0.610.79 14 0.07 0.10 0.65 1.000.63 14 0.75 0.40 0.87 0.620.34 14 0.76 0.40 1.00 0.620.71 14 0.53 0.22 0.66 0.61
1457,0.39 1 0.09 0.44 0.39 0.610.40 1 0.10 0.45 0.31 0.610.33 1 0.24 0.47 0.36 0.620.45 1 0.10 0.44 0.38 0.610.63 14 0.76 0.39 0.78 0.460.31 1 0.62 0.55 0.71 0.630.40 1 0.09 0.47 0.22 0.610.72 1 0.11 0.45 0.36 0.620.46 1 0.46 0.50 0.56 0.62
1458,0.54 14 0.23 0.20 0.41 0.600.87 14 0.17 0.34 0.39 0.850.37 14 0.18 0.20 0.40 0.710.47 14 0.18 0.21 0.42 0.850.47 14 0.18 0.20 0.41 0.710.75 14 0.22 0.20 0.38 0.480.37 14 0.22 0.20 0.37 0.570.31 14 0.17 0.34 0.36 0.68
1459,0.0 1 0.0 0.0 10.0 10.0
1460,0.0 1 0.0 0.0 10.0 10.0
1461,0.31 14 0.39 0.26 0.49 0.480.86 14 0.57 0.20 0.73 0.660.97 14 0.27 0.26 0.43 0.640.42 14 0.40 0.26 0.49 0.480.80 14 0.40 0.26 0.49 0.630.65 15 0.01 0.29 0.16 0.630.36 15 0.71 0.33 0.81 0.620.30 14 0.59 0.20 0.72 0.610.98 14 0.11 0.21 0.29 0.670.43 15 0.70 0.51 0.76 0.610.84 14 0.50 0.20 0.73 0.660.96 14 0.44 0.27 0.63 0.650.41 14 0.59 0.20 0.72 0.44
1462,0.0 1 0.0 0.0 10.0 10.0
1463,0.58 14 0.12 0.29 0.15 0.340.59 14 0.06 0.21 0.10 0.340.72 6 0.02 0.06 0.80 0.59
1464,0.0 1 0.0 0.0 10.0 10.0
1465,0.0 1 0.0 0.0 10.0 10.0
1466,0.41 8 0.38 0.35 0.49 0.480.55 8 0.36 0.46 0.49 0.630.34 8 0.21 0.47 0.36 0.640.43 8 0.37 0.35 0.49 0.540.44 8 0.48 0.35 0.66 0.620.64 14 0.66 0.22 0.71 0.30
1467,0.31 14 0.00 0.04 0.72 1.00
1468,0.92 14 0.02 0.11 0.36 0.550.39 14 0.66 0.47 0.84 1.000.34 4 0.59 0.51 0.64 0.630.71 14 0.45 0.10 0.76 0.610.47 14 0.00 0.31 0.07 0.650.46 14 0.01 0.10 0.36 0.650.77 14 0.67 0.48 0.84 0.660.89 14 0.45 0.10 0.85 0.660.77 4 0.56 0.51 0.64 0.67
1469,0.0 1 0.0 0.0 10.0 10.0
1470,0.83 6 0.00 0.36 0.06 0.390.82 6 0.26 0.34 0.33 0.380.39 6 0.18 0.33 0.24 0.36
1471,0.38 14 0.00 0.71 0.23 1.000.40 14 0.16 0.15 0.64 1.000.31 14 0.00 0.70 0.17 0.960.46 14 0.16 0.15 0.46 1.000.35 14 0.00 0.15 0.63 1.000.79 14 0.00 0.70 0.23 0.970.76 14 0.00 0.02 0.46 1.000.40 14 0.00 0.66 0.23 1.000.61 14 0.00 0.02 0.63 1.000.35 4 0.21 0.01 0.45 1.00
1472,0.55 4 0.76 0.35 0.80 0.490.89 14 0.22 0.24 0.32 0.380.93 14 0.21 0.26 0.28 0.370.66 14 0.26 0.25 0.33 0.38
1473,0.53 6 0.00 0.28 0.09 0.47
1474,0.0 1 0.0 0.0 10.0 10.0
1475,0.31 6 0.03 0.15 0.76 0.630.72 6 0.04 0.15 0.76 0.620.62 6 0.04 0.01 1.00 0.62
1476,0.81 14 0.01 0.12 0.10 0.380.83 14 0.55 0.08 0.63 0.340.30 14 0.25 0.66 0.37 0.850.35 14 0.00 0.10 0.10 0.390.68 14 0.16 0.05 0.43 0.660.90 14 0.47 0.12 0.55 0.330.91 14 0.06 0.05 0.42 0.820.82 14 0.51 0.08 0.63 0.350.41 14 0.55 0.08 0.63 0.22
1477,0.30 2 0.37 0.24 0.61 0.50
1478,0.0 1 0.0 0.0 10.0 10.0
1479,0.97 14 0.62 0.34 0.78 0.670.95 14 0.22 0.37 0.27 0.530.83 14 0.00 0.45 0.02 0.540.93 14 0.13 0.47 0.18 0.54
1480,0.36 14 0.06 0.49 0.51 0.890.30 14 0.01 0.07 0.45 0.810.53 14 0.03 0.48 0.63 1.000.46 14 0.02 0.08 0.59 0.810.33 14 0.05 0.48 0.50 1.000.41 14 0.00 0.06 0.58 1.000.39 14 0.00 0.04 0.67 1.00
1481,0.41 14 0.09 0.26 0.56 0.790.66 14 0.08 0.25 0.46 0.800.30 14 0.08 0.25 0.49 0.840.41 14 0.08 0.25 0.45 0.830.36 14 0.08 0.12 0.46 0.840.41 14 0.09 0.26 0.42 0.71
1482,0.75 14 0.24 0.22 0.60 0.750.97 14 0.55 0.21 0.62 0.390.62 14 0.20 0.42 0.34 0.680.85 14 0.25 0.28 0.30 0.390.95 14 0.16 0.29 0.24 0.410.33 14 0.10 0.22 0.59 0.730.37 14 0.18 0.29 0.25 0.440.54 14 0.07 0.43 0.22 0.690.73 14 0.48 0.28 0.55 0.420.57 14 0.07 0.42 0.33 0.690.57 14 0.07 0.22 0.60 0.840.64 14 0.23 0.22 0.61 0.81
1483,0.34 6 0.00 0.45 0.79 0.65
1484,0.0 1 0.0 0.0 10.0 10.0
1485,0.46 14 0.36 0.12 0.48 0.510.86 14 0.36 0.11 0.61 0.510.33 14 0.11 0.21 0.26 0.62
1486,0.34 14 0.02 0.05 0.61 0.940.86 14 0.01 0.06 0.50 0.940.37 14 0.00 0.05 0.48 1.00
1487,0.0 1 0.0 0.0 10.0 10.0
1488,0.0 1 0.0 0.0 10.0 10.0
1489,0.0 1 0.0 0.0 10.0 10.0
1490,0.57 14 0.34 0.00 0.42 0.070.48 6 0.02 0.01 0.09 0.050.31 6 0.03 0.01 0.13 0.050.74 6 0.40 0.46 0.68 0.63
1491,0.0 1 0.0 0.0 10.0 10.0
1492,0.34 6 0.44 0.22 0.75 0.46
1493,0.39 14 0.48 0.28 0.51 0.340.55 6 0.52 0.18 0.70 0.380.47 6 0.51 0.19 0.68 0.380.44 6 0.52 0.19 0.99 0.370.58 6 0.52 0.19 0.99 0.37
1494,0.38 14 0.18 0.13 0.38 0.280.66 14 0.73 0.15 0.89 0.350.62 14 0.38 0.17 0.53 0.390.54 14 0.18 0.13 0.38 0.280.59 14 0.66 0.15 0.89 0.43
1495,0.0 1 0.0 0.0 10.0 10.0
1496,0.87 6 0.35 0.37 0.61 0.490.33 6 0.03 0.25 0.22 0.470.89 6 0.66 0.34 0.88 0.510.87 6 0.24 0.38 0.33 0.440.42 6 0.50 0.38 0.63 0.450.52 6 0.03 0.24 0.22 0.470.42 6 0.66 0.33 0.89 0.510.80 6 0.32 0.38 0.41 0.450.82 6 0.54 0.38 0.65 0.440.54 6 0.37 0.38 0.61 0.48
1497,0.62 4 0.09 0.05 0.21 0.420.62 4 0.71 0.07 0.80 0.380.67 4 0.19 0.07 0.27 0.41
1498,0.55 14 0.58 0.37 0.74 0.600.45 8 0.53 0.59 0.79 0.750.96 14 0.21 0.24 0.51 0.760.96 14 0.52 0.36 0.74 0.74
1499,0.32 15 0.67 0.21 0.74 0.280.65 6 0.85 0.48 0.89 0.530.52 15 0.67 0.20 0.74 0.27
1500,0.87 14 0.74 0.32 0.81 0.410.75 14 0.43 0.52 0.53 0.700.55 6 0.12 0.18 0.96 0.73
1501,0.91 14 0.00 0.11 0.54 1.00
1502,0.72 14 0.04 0.20 0.28 0.720.46 14 0.08 0.16 0.85 0.720.54 14 0.01 0.21 0.28 1.000.32 14 0.07 0.01 0.86 1.00
1503,0.64 14 0.46 0.28 0.59 0.500.43 14 0.58 0.26 0.66 0.420.31 14 0.46 0.42 0.60 0.580.32 15 0.73 0.51 0.87 0.640.67 14 0.71 0.41 0.78 0.480.87 14 0.31 0.23 0.50 0.730.50 14 0.71 0.40 0.79 0.520.61 14 0.31 0.23 0.48 0.630.66 14 0.46 0.28 0.60 0.650.89 14 0.45 0.28 0.60 0.690.97 14 0.13 0.23 0.30 0.750.60 15 0.73 0.53 0.80 0.640.88 14 0.70 0.40 0.79 0.650.95 14 0.58 0.25 0.71 0.680.41 14 0.45 0.41 0.60 0.710.45 14 0.46 0.26 0.72 0.680.39 14 0.58 0.26 0.70 0.510.43 14 0.58 0.26 0.72 0.49
1504,0.76 14 0.49 0.25 0.57 0.460.44 6 0.57 0.28 0.67 0.350.76 14 0.49 0.24 0.55 0.370.96 14 0.49 0.11 0.60 0.380.40 14 0.47 0.11 0.60 0.47
1505,0.92 14 0.42 0.16 0.63 0.33
1506,0.36 14 0.11 0.16 0.66 0.670.93 14 0.31 0.15 0.65 0.670.97 14 0.12 0.27 0.35 0.67
1507,0.39 14 0.45 0.17 0.71 0.500.45 14 0.51 0.18 0.84 0.480.73 14 0.33 0.17 0.73 0.490.71 14 0.34 0.17 0.87 0.490.35 14 0.06 0.12 0.11 0.21
1508,0.35 14 0.00 0.15 0.65 1.00
1509,0.82 6 0.04 0.45 0.70 0.82
1510,0.72 14 0.20 0.35 0.61 0.760.71 14 0.20 0.35 0.45 0.770.89 14 0.11 0.74 0.22 0.860.49 14 0.22 0.35 0.54 0.750.65 14 0.11 0.35 0.62 0.84
1511,0.40 14 0.40 0.30 0.74 1.000.31 14 0.36 0.03 0.74 0.870.77 14 0.00 0.02 0.75 1.000.33 14 0.40 0.03 0.74 0.850.55 14 0.39 0.31 0.74 0.990.59 14 0.37 0.03 0.74 0.99
1512,0.36 6 0.25 0.21 0.98 0.52
1513,0.35 14 0.31 0.00 0.71 0.380.44 14 0.41 0.00 0.70 0.36
1514,0.31 14 0.33 0.27 0.45 0.440.88 14 0.06 0.31 0.14 0.470.51 14 0.53 0.32 0.63 0.510.76 14 0.23 0.26 0.49 0.830.34 12 0.11 0.37 0.58 0.840.55 14 0.31 0.26 0.48 0.600.31 14 0.51 0.33 0.64 0.630.34 14 0.10 0.38 0.18 0.640.68 14 0.49 0.36 0.54 0.470.39 14 0.32 0.27 0.47 0.590.92 14 0.06 0.32 0.15 0.640.81 14 0.51 0.32 0.65 0.630.74 14 0.53 0.32 0.61 0.46
1515,0.37 6 0.74 0.49 0.83 0.550.42 6 0.42 0.49 0.48 0.540.32 6 0.75 0.49 0.82 0.550.50 6 0.74 0.47 0.83 0.540.69 6 0.54 0.49 0.61 0.530.63 6 0.57 0.49 0.63 0.53
1516,0.80 6 0.01 0.12 0.92 0.63
1517,0.0 1 0.0 0.0 10.0 10.0
1518,0.34 8 0.44 0.48 0.54 0.630.43 8 0.30 0.56 0.42 0.660.32 8 0.47 0.50 0.63 0.660.49 8 0.08 0.40 0.28 0.640.91 14 0.43 0.34 0.52 0.450.96 14 0.26 0.30 0.43 0.660.35 8 0.43 0.44 0.62 0.660.40 8 0.46 0.43 0.61 0.62
1519,0.0 1 0.0 0.0 10.0 10.0
1520,0.65 6 0.22 0.12 0.53 0.240.42 6 0.62 0.17 0.68 0.210.45 14 0.95 0.09 1.00 0.420.76 6 0.10 0.11 0.46 0.330.89 14 0.32 0.20 0.52 0.660.80 6 0.09 0.11 0.53 0.330.76 6 0.23 0.11 0.51 0.240.55 6 0.22 0.11 0.53 0.240.95 14 0.00 0.09 0.24 0.680.54 6 0.22 0.11 0.46 0.240.41 6 0.09 0.12 0.37 0.330.71 14 0.45 0.40 0.55 0.660.96 14 0.51 0.09 0.63 0.39
1521,0.79 6 0.34 0.43 0.69 0.63
1522,0.32 6 0.38 0.40 0.49 0.620.42 15 0.72 0.41 0.81 0.53
1523,0.0 1 0.0 0.0 10.0 10.0
1524,0.0 1 0.0 0.0 10.0 10.0
1525,0.93 14 0.22 0.53 0.31 0.72
1526,0.0 1 0.0 0.0 10.0 10.0
1527,0.65 14 0.00 0.12 0.31 1.00
1528,0.34 6 0.68 0.46 0.79 0.650.77 6 0.14 0.45 0.34 0.600.71 6 0.18 0.48 0.61 0.930.32 6 0.00 0.45 0.07 0.600.83 6 0.00 0.45 0.07 0.590.32 6 0.21 0.46 0.34 0.600.81 6 0.68 0.47 0.79 0.650.61 6 0.13 0.46 0.22 0.570.97 14 0.57 0.42 0.73 1.000.57 6 0.18 0.48 0.75 0.94
1529,0.0 1 0.0 0.0 10.0 10.0
1530,0.70 14 0.27 0.31 0.30 0.350.43 6 0.00 0.30 0.28 0.410.37 6 0.00 0.28 0.39 0.420.67 6 0.00 0.31 0.19 0.40
1531,0.38 14 0.31 0.07 0.51 0.350.41 14 0.25 0.08 0.67 0.840.70 14 0.12 0.01 0.31 0.410.54 4 0.57 0.41 0.67 0.840.43 14 0.06 0.01 0.31 0.560.32 14 0.27 0.07 0.63 0.570.47 14 0.26 0.07 0.60 0.770.55 14 0.27 0.08 0.57 0.590.68 14 0.27 0.07 0.60 0.600.68 14 0.12 0.01 0.31 0.340.34 14 0.27 0.08 0.57 0.600.57 14 0.26 0.07 0.67 0.840.39 1 0.42 0.27 0.67 0.85
1532,0.35 4 0.43 0.38 0.49 0.490.35 4 0.49 0.10 0.55 0.280.47 4 0.32 0.09 0.39 0.270.58 4 0.49 0.38 0.54 0.490.50 4 0.47 0.54 0.53 0.650.32 4 0.33 0.08 0.38 0.200.63 4 0.37 0.54 0.43 0.650.40 4 0.21 0.37 0.27 0.490.36 4 0.44 0.54 0.50 0.650.52 4 0.27 0.38 0.32 0.500.31 4 0.21 0.08 0.28 0.350.47 4 0.21 0.08 0.27 0.240.54 4 0.11 0.38 0.16 0.500.46 4 0.27 0.09 0.33 0.270.37 4 0.54 0.09 0.61 0.29
1533,0.59 14 0.64 0.19 0.84 0.430.94 14 0.55 0.19 0.84 0.430.30 14 0.67 0.19 0.86 0.43
1534,0.0 1 0.0 0.0 10.0 10.0
1535,0.44 14 0.37 0.09 0.55 0.360.45 14 0.17 0.10 0.56 0.360.33 14 0.37 0.10 0.60 0.570.70 14 0.18 0.11 0.57 0.530.31 14 0.18 0.11 0.57 0.640.58 14 0.37 0.11 0.56 0.56
1536,0.73 14 0.42 0.21 0.52 0.340.93 14 0.72 0.32 0.77 0.430.94 14 0.91 0.34 0.97 0.440.95 14 0.18 0.30 0.23 0.420.91 14 0.27 0.30 0.33 0.420.93 14 0.42 0.21 0.53 0.460.94 14 0.82 0.32 0.87 0.440.95 14 0.13 0.31 0.17 0.410.31 6 0.53 0.18 0.85 0.34
1537,0.0 1 0.0 0.0 10.0 10.0
1538,0.93 14 0.04 0.33 0.48 1.000.37 14 0.04 0.00 0.68 1.000.80 14 0.39 0.00 0.68 1.00
1539,0.0 1 0.0 0.0 10.0 10.0
1540,0.40 14 0.57 0.03 0.63 0.120.42 14 0.75 0.29 0.89 0.530.36 14 0.00 0.07 0.66 1.000.31 14 0.29 0.08 0.40 0.230.77 14 0.75 0.29 0.89 0.66
1541,0.0 1 0.0 0.0 10.0 10.0
1542,0.61 15 0.55 0.08 0.63 0.200.51 15 0.55 0.07 0.63 0.210.62 15 0.55 0.08 0.63 0.210.35 14 0.00 -0.02 0.55 0.92
1543,0.31 6 0.42 0.33 0.52 0.420.44 6 0.58 0.18 1.00 0.570.84 6 0.51 0.34 0.58 0.38
1544,0.90 14 0.11 0.12 0.29 0.66
1545,0.76 6 0.41 0.47 0.71 0.77
1546,0.0 1 0.0 0.0 10.0 10.0
1547,0.0 1 0.0 0.0 10.0 10.0
1548,0.0 1 0.0 0.0 10.0 10.0
1549,0.63 8 0.13 0.58 0.45 0.940.38 8 0.36 0.45 0.58 0.850.42 8 0.13 0.50 0.46 0.930.41 8 0.19 0.64 0.44 0.940.98 14 0.07 0.14 0.21 0.660.38 14 0.44 0.28 0.82 0.990.74 14 0.60 0.28 0.82 1.000.94 14 0.51 0.28 0.82 1.00
1550,0.0 1 0.0 0.0 10.0 10.0
1551,0.74 14 0.41 0.26 0.53 0.470.92 14 0.34 0.26 0.42 0.470.86 14 0.36 0.42 0.48 0.660.65 14 0.38 0.42 0.48 0.560.61 14 0.22 0.43 0.30 0.650.69 14 0.60 0.29 0.69 0.690.94 14 0.56 0.43 0.65 0.700.65 14 0.29 0.42 0.40 0.720.56 14 0.30 0.42 0.49 0.680.32 14 0.34 0.26 0.43 0.600.54 14 0.17 0.23 0.27 0.610.92 14 0.30 0.42 0.39 0.660.66 14 0.52 0.29 0.62 0.490.84 14 0.08 0.29 0.17 0.520.86 14 0.28 0.28 0.36 0.600.93 14 0.17 0.33 0.29 0.730.76 14 0.52 0.29 0.62 0.550.71 14 0.40 0.26 0.53 0.540.84 14 0.28 0.28 0.36 0.520.87 14 0.18 0.22 0.27 0.430.84 14 0.00 0.28 0.23 0.900.93 14 0.65 0.29 0.82 0.720.38 14 0.16 0.33 0.26 0.660.47 14 0.30 0.43 0.39 0.620.78 14 0.17 0.33 0.25 0.530.46 14 0.52 0.29 0.68 0.700.93 14 0.48 0.44 0.58 0.670.63 14 0.67 0.29 0.82 0.650.77 14 0.52 0.30 0.61 0.450.81 14 0.60 0.29 0.68 0.50
1552,0.64 14 0.01 0.08 0.88 1.00
1553,0.35 6 0.28 0.27 0.46 0.40
1554,0.36 1 0.06 0.45 0.38 0.810.43 1 0.05 0.46 0.48 0.870.64 1 0.05 0.44 0.49 0.870.54 1 0.06 0.44 0.59 0.86
1555,0.57 6 0.61 0.68 0.73 0.740.45 6 0.61 0.69 0.68 0.74
1556,0.31 14 0.24 0.04 0.58 1.000.33 14 0.42 0.40 0.57 0.670.89 14 0.24 0.04 0.58 0.740.97 14 0.00 0.16 0.27 0.760.46 14 0.01 0.04 0.57 1.00
1557,0.57 6 0.00 0.46 0.17 0.62
1558,0.92 14 0.41 0.02 0.51 0.160.77 14 0.23 0.13 0.60 0.740.33 14 0.10 0.01 0.15 0.140.64 14 0.72 0.05 0.79 0.160.34 14 0.18 0.15 0.40 0.710.47 14 0.01 0.13 0.59 1.000.48 14 0.02 0.13 0.59 0.740.71 14 0.25 0.00 0.30 0.110.94 14 0.72 0.05 0.79 0.250.83 14 0.01 0.15 0.38 0.740.88 14 0.19 0.01 0.30 0.170.38 14 0.19 0.01 0.30 0.220.57 14 0.23 0.13 0.83 1.000.31 14 0.44 0.02 0.51 0.150.52 14 0.23 0.13 0.80 0.750.40 14 0.24 0.13 0.98 1.00
1559,0.61 8 0.62 0.53 0.79 0.750.57 8 0.00 0.44 0.17 0.760.38 8 0.62 0.52 0.79 0.750.61 8 0.63 0.43 0.79 0.750.31 8 0.65 0.38 0.73 0.500.32 8 0.63 0.38 0.73 0.700.32 8 0.69 0.44 0.80 0.720.36 8 0.20 0.33 0.30 0.470.30 8 0.65 0.38 0.73 0.550.54 8 0.53 0.33 0.63 0.450.76 14 0.00 0.42 0.13 0.750.42 8 0.63 0.39 0.79 0.700.50 8 0.10 0.37 0.23 0.56
1560,0.70 6 0.07 0.17 0.97 0.63
1561,0.0 1 0.0 0.0 10.0 10.0
1562,0.0 1 0.0 0.0 10.0 10.0
1563,0.39 14 0.16 0.22 0.46 0.530.91 14 0.17 0.21 0.46 0.630.33 1 0.10 0.40 0.34 0.72
1564,0.0 1 0.0 0.0 10.0 10.0
1565,0.85 14 0.28 0.22 0.49 0.400.85 14 0.16 0.17 0.23 0.280.31 14 0.00 0.15 0.06 0.430.66 14 0.71 0.34 0.88 0.650.40 14 0.00 0.18 0.03 0.450.95 14 0.02 0.21 0.31 0.480.32 14 0.27 0.22 0.53 0.570.81 14 0.28 0.22 0.51 0.460.63 14 0.71 0.33 0.89 0.620.46 14 0.52 0.34 0.89 0.590.72 14 0.28 0.22 0.50 0.510.78 14 0.13 0.20 0.33 0.400.65 14 0.13 0.19 0.28 0.420.93 14 0.64 0.34 0.88 0.640.56 14 0.49 0.34 0.89 0.640.51 14 0.69 0.00 0.76 0.07
1566,0.0 1 0.0 0.0 10.0 10.0
1567,0.36 19 0.31 0.28 0.44 0.380.31 19 0.31 0.28 0.44 0.38
1568,0.32 14 0.67 0.36 0.87 0.660.64 6 0.05 0.24 0.88 0.610.71 14 0.67 0.36 0.89 0.67
1569,0.0 1 0.0 0.0 10.0 10.0
1570,0.34 14 0.13 0.01 0.71 1.000.51 14 0.11 0.07 0.20 0.630.58 14 0.13 0.01 0.72 1.000.51 14 0.14 0.02 0.51 0.790.74 14 0.21 0.09 0.32 0.580.32 14 0.22 0.09 0.32 0.470.35 14 0.11 0.01 0.52 1.000.50 14 0.12 0.08 0.21 0.370.90 14 0.00 0.34 0.13 0.800.79 14 0.13 0.01 0.84 1.000.43 14 0.00 0.07 0.19 0.800.35 14 0.22 0.09 0.32 0.300.37 14 0.13 0.02 0.84 0.79
1571,0.31 6 0.55 0.08 0.97 0.520.64 6 0.55 0.07 0.97 0.52
1572,0.41 14 0.01 0.02 0.11 0.290.38 14 0.00 0.03 0.12 0.660.90 14 0.00 0.06 0.55 1.000.31 14 0.00 0.03 0.18 0.830.42 14 0.35 0.28 0.55 1.00
1573,0.49 14 0.47 0.17 0.62 0.410.49 14 0.30 0.22 0.43 0.480.54 14 0.61 0.05 0.85 0.720.35 14 0.48 0.05 0.81 0.640.86 14 0.23 0.22 0.43 0.800.34 14 0.25 0.22 0.43 0.620.61 14 0.61 0.05 0.82 0.580.59 14 0.27 0.22 0.43 0.610.35 14 0.47 0.14 0.75 0.780.43 14 0.47 0.13 0.70 0.760.42 14 0.27 0.22 0.43 0.580.66 14 0.10 0.23 0.44 0.800.81 14 0.10 0.30 0.18 0.450.34 14 0.06 0.30 0.29 0.800.43 14 0.60 0.05 0.89 0.790.78 14 0.09 0.30 0.20 0.700.37 14 0.30 0.22 0.42 0.380.59 14 0.48 0.05 0.89 0.790.42 14 0.46 0.05 0.88 0.800.45 14 0.59 0.05 0.91 0.790.41 14 0.61 0.06 0.73 0.430.61 14 0.61 0.05 0.81 0.42
1574,0.38 14 0.49 0.17 0.70 0.460.91 14 0.35 0.09 0.56 0.470.51 14 0.36 0.00 0.71 0.480.46 14 0.50 0.17 0.71 0.470.68 14 0.35 0.10 0.69 0.470.84 14 0.51 0.33 0.63 0.470.32 14 0.36 0.17 0.71 0.470.61 14 0.58 0.17 0.71 0.450.54 14 0.64 0.18 0.70 0.35
1575,0.33 14 0.28 0.10 0.68 1.000.61 14 0.08 0.11 0.67 0.800.42 14 0.00 0.59 0.26 0.810.38 14 0.45 0.09 0.66 0.550.39 14 0.00 0.10 0.67 1.000.41 14 0.00 0.59 0.24 0.81
1576,0.88 14 0.35 0.31 0.41 0.420.92 14 0.02 0.41 0.06 0.500.95 14 0.26 0.29 0.34 0.420.82 6 0.04 0.43 0.53 0.650.59 14 0.27 0.29 0.34 0.42
1577,0.0 1 0.0 0.0 10.0 10.0
1578,0.69 14 0.07 0.02 0.32 0.430.55 14 0.07 0.03 0.33 0.550.82 14 0.56 0.06 0.67 0.470.83 14 0.07 0.03 0.33 0.680.36 14 0.07 0.03 0.30 0.380.59 14 0.07 0.03 0.33 0.680.50 14 0.55 0.06 0.68 0.630.36 14 0.56 0.06 0.68 0.39
1579,0.87 14 0.36 0.04 0.53 0.430.62 14 0.36 0.04 0.49 0.52
1580,0.0 1 0.0 0.0 10.0 10.0
1581,0.32 14 0.16 0.00 0.71 1.000.40 14 0.15 0.00 0.70 0.660.89 14 0.00 0.01 0.70 1.00
1582,0.0 1 0.0 0.0 10.0 10.0
1583,0.82 14 0.12 0.22 0.17 0.300.78 14 0.21 0.24 0.25 0.290.56 14 0.45 0.15 0.62 0.400.73 14 0.13 0.22 0.18 0.39
1584,0.34 14 0.00 0.41 0.42 1.000.34 14 0.00 0.41 0.21 1.000.57 14 0.45 0.44 0.65 0.980.54 14 0.11 0.12 0.44 0.990.58 14 0.01 0.12 0.57 1.000.83 14 0.57 0.45 0.65 0.530.76 14 0.24 0.12 0.56 0.970.87 14 0.00 0.13 0.44 1.000.32 14 0.11 0.56 0.34 1.000.34 14 0.09 0.12 0.64 0.970.37 14 0.28 0.44 0.65 0.97
1585,0.73 14 0.17 0.23 0.53 1.000.50 14 0.05 0.23 0.55 1.000.44 14 0.00 0.24 0.25 1.000.82 14 0.17 0.23 0.66 1.00
1586,0.35 14 0.00 0.15 0.23 1.000.91 14 0.01 0.14 0.24 0.500.42 14 0.00 0.15 0.24 0.710.33 14 0.00 0.09 0.99 1.00
1587,0.0 1 0.0 0.0 10.0 10.0
1588,0.70 6 0.00 0.33 0.06 0.39
1589,0.90 14 0.23 0.25 0.35 0.710.58 14 0.23 0.25 0.35 0.610.68 14 0.23 0.25 0.35 0.560.78 14 0.05 0.32 0.17 0.730.34 8 0.32 0.52 0.49 0.79
1590,0.33 19 0.28 0.01 0.62 0.44
1591,0.0 1 0.0 0.0 10.0 10.0
1592,0.0 1 0.0 0.0 10.0 10.0
1593,0.0 1 0.0 0.0 10.0 10.0
1594,0.87 14 0.49 0.13 0.55 0.200.68 6 0.16 0.15 0.83 0.460.67 6 0.11 0.16 0.66 0.480.36 6 0.11 0.14 0.84 0.470.40 6 0.56 0.15 0.84 0.410.57 6 0.22 0.20 0.65 0.470.51 6 0.14 0.15 0.84 0.46
1595,0.79 6 0.13 0.43 0.24 0.510.33 6 0.00 0.41 0.12 0.520.80 6 0.72 0.44 0.77 0.480.37 6 0.63 0.43 0.68 0.480.52 14 0.67 0.42 0.70 0.500.30 14 0.39 0.30 0.41 0.350.44 6 0.29 0.45 0.38 0.500.53 6 0.73 0.42 0.78 0.470.42 6 0.71 0.43 0.76 0.480.88 6 0.00 0.41 0.12 0.520.75 6 0.29 0.41 0.42 0.500.43 6 0.52 0.44 0.60 0.490.80 6 0.44 0.43 0.53 0.490.87 14 0.27 0.29 0.30 0.360.96 14 0.18 0.41 0.35 0.670.54 6 0.68 0.44 0.73 0.480.91 14 0.67 0.42 0.71 0.500.88 6 0.09 0.43 0.20 0.520.70 6 0.29 0.42 0.42 0.500.72 6 0.44 0.44 0.54 0.490.82 6 0.52 0.44 0.61 0.490.69 6 0.72 0.42 0.78 0.470.82 6 0.59 0.44 0.66 0.49
1596,0.47 14 0.92 0.35 0.95 0.490.58 15 0.39 0.42 0.45 0.480.36 19 0.76 0.24 0.88 0.460.71 15 0.56 0.51 0.67 0.60
1597,0.37 6 0.00 0.00 0.22 0.070.42 14 0.50 0.06 0.75 0.330.53 14 0.42 0.06 0.75 0.450.61 14 0.40 0.07 0.70 0.470.63 6 0.05 0.03 0.50 0.220.59 6 0.05 0.00 0.22 0.070.59 14 0.11 0.06 0.76 0.480.42 14 0.36 0.06 0.75 0.47
1598,0.45 14 0.63 0.34 0.86 1.000.83 14 0.65 0.34 0.84 0.600.74 14 0.00 0.08 0.32 0.650.64 14 0.00 0.08 0.47 1.000.35 14 0.00 0.08 0.31 0.500.68 14 0.00 0.08 0.34 1.000.37 14 0.37 0.34 0.85 1.000.60 14 0.64 0.34 0.76 0.60
1599,0.62 14 0.37 0.39 0.60 0.600.91 14 0.43 0.32 0.55 0.440.84 14 0.63 0.38 0.82 0.630.90 14 0.63 0.32 0.83 0.63
1600,0.93 14 0.13 0.08 0.59 0.98
1601,0.0 1 0.0 0.0 10.0 10.0
1602,0.0 1 0.0 0.0 10.0 10.0
1603,0.93 14 0.42 0.06 0.63 0.39
1604,0.95 14 0.21 0.26 0.33 0.670.97 14 0.15 0.19 0.27 0.670.94 14 0.43 0.21 0.55 0.660.56 14 0.15 0.22 0.34 0.670.62 14 0.30 0.22 0.36 0.310.96 14 0.31 0.23 0.44 0.670.91 14 0.45 0.22 0.66 0.67
1605,0.92 14 0.23 0.13 0.48 0.900.71 14 0.22 0.13 0.48 0.67
1606,0.37 12 0.23 0.32 0.53 0.920.35 14 0.26 0.10 0.47 0.440.90 14 0.24 0.11 0.52 0.91
1607,0.68 14 0.09 0.12 0.81 0.650.32 14 0.03 0.09 0.63 0.650.73 14 0.01 0.12 0.80 1.00
1608,0.0 1 0.0 0.0 10.0 10.0
1609,0.80 14 0.70 0.19 0.80 0.460.97 14 0.43 0.18 0.54 0.630.98 14 0.16 0.16 0.27 0.590.97 14 0.71 0.19 0.80 0.62
1610,0.40 14 0.01 0.18 0.71 0.660.37 14 0.01 0.19 0.71 1.000.38 14 0.01 0.18 0.71 0.66
1611,0.0 1 0.0 0.0 10.0 10.0
1612,0.53 4 0.27 0.02 0.47 0.650.34 14 0.70 0.00 0.80 0.260.59 4 0.03 0.00 0.27 0.670.82 14 0.09 0.14 0.15 0.22
1613,0.47 8 0.17 0.31 0.35 0.580.30 8 0.45 0.50 0.64 0.660.43 8 0.44 0.45 0.67 0.670.51 8 0.44 0.41 0.70 0.66
1614,0.50 14 0.38 0.05 0.59 0.500.40 14 0.00 0.24 0.41 1.000.56 14 0.27 0.06 0.53 0.490.50 14 0.11 0.24 0.28 0.550.61 14 0.05 0.11 0.31 0.420.35 14 0.51 0.08 0.78 0.650.35 14 0.08 0.10 0.44 0.670.70 14 0.06 0.11 0.31 0.660.61 14 0.43 0.08 0.64 0.500.65 14 0.25 0.06 0.56 0.670.42 14 0.46 0.08 0.77 0.510.83 14 0.25 0.10 0.41 0.670.36 14 0.11 0.25 0.27 0.540.74 14 0.11 0.24 0.29 0.670.34 14 0.32 0.07 0.61 0.660.80 14 0.34 0.05 0.59 0.500.36 14 0.06 0.11 0.42 0.680.66 14 0.07 0.11 0.30 0.400.38 14 0.00 0.22 0.05 0.420.46 14 0.00 0.12 0.28 1.000.32 14 0.26 0.05 0.78 1.000.64 14 0.00 0.25 0.28 0.670.37 14 0.30 0.07 0.78 0.670.46 14 0.27 0.07 0.78 0.670.41 14 0.52 0.09 0.64 0.410.52 14 0.54 0.09 0.74 0.47
1615,0.38 6 0.00 0.00 0.19 0.140.83 6 0.04 0.03 0.96 0.50
1616,0.32 14 0.07 0.53 0.18 0.680.90 14 0.00 0.53 0.28 1.00
1617,0.61 14 0.07 0.25 0.58 0.650.56 14 0.06 0.14 0.82 0.650.46 14 0.07 0.13 0.99 0.66
1618,0.42 6 0.29 0.52 0.58 0.81
1619,0.65 14 0.11 0.20 0.66 1.00
1620,0.0 1 0.0 0.0 10.0 10.0
1621,0.0 1 0.0 0.0 10.0 10.0
1622,0.31 1 0.19 0.53 0.30 0.690.58 1 0.18 0.52 0.44 0.690.41 1 0.19 0.53 0.45 0.69
1623,0.30 14 0.56 0.17 0.62 0.310.93 14 0.04 0.26 0.10 0.340.77 14 0.82 0.14 0.89 0.520.95 14 0.73 0.15 0.78 0.310.64 14 0.23 0.17 0.31 0.380.79 14 0.30 0.17 0.34 0.250.92 14 0.82 0.14 0.89 0.470.91 14 0.16 0.19 0.21 0.270.44 14 0.83 0.15 0.88 0.300.80 6 0.04 0.25 0.85 0.760.91 14 0.23 0.17 0.29 0.260.88 14 0.55 0.15 0.63 0.310.86 14 0.18 0.18 0.22 0.260.73 6 0.03 0.09 0.85 0.760.41 6 0.03 0.09 0.85 0.770.96 14 0.77 0.11 0.85 0.340.77 14 0.13 0.20 0.18 0.280.66 14 0.28 0.17 0.34 0.370.84 14 0.13 0.20 0.18 0.280.32 6 0.64 0.18 0.74 0.29
1624,0.0 1 0.0 0.0 10.0 10.0
1625,0.40 14 0.03 0.06 0.37 0.580.58 14 0.03 0.06 0.36 0.600.74 14 0.04 0.06 0.50 0.560.80 14 0.65 0.01 1.00 0.470.63 4 0.05 0.55 0.17 0.760.84 14 0.03 0.06 0.51 0.690.39 14 0.52 0.01 1.00 0.720.48 14 0.51 0.01 1.00 0.530.42 14 0.65 0.02 1.00 0.69
1626,0.35 15 0.35 0.56 0.47 0.820.32 15 0.39 0.65 0.46 0.740.38 15 0.14 0.21 0.26 0.430.57 15 0.51 0.60 0.60 0.720.67 15 0.35 0.69 0.46 0.820.42 15 0.36 0.59 0.44 0.710.33 15 0.00 0.21 0.06 0.420.35 15 0.43 0.68 0.49 0.780.51 15 0.00 0.22 0.06 0.420.36 15 0.24 0.20 0.38 0.490.33 15 0.42 0.66 0.49 0.780.71 15 0.35 0.56 0.46 0.720.55 15 0.21 0.20 0.29 0.430.68 15 0.03 0.23 0.17 0.420.31 15 0.24 0.36 0.35 0.470.60 15 0.35 0.60 0.44 0.720.65 15 0.42 0.68 0.48 0.780.44 15 0.50 0.66 0.55 0.74
1627,0.33 14 0.53 0.19 0.94 0.750.32 14 0.00 0.01 0.59 0.760.34 14 0.01 0.03 0.97 1.000.33 14 0.53 0.16 1.00 0.76
1628,0.38 6 0.12 0.12 0.91 0.63
1629,0.35 14 0.64 0.05 0.91 0.710.35 14 0.11 0.03 0.52 1.000.32 14 0.11 0.04 0.27 0.720.33 14 0.11 0.03 0.41 0.740.40 14 0.01 0.02 0.92 1.000.35 14 0.11 0.03 0.26 0.290.35 14 0.00 0.02 0.52 1.000.50 14 0.00 0.03 0.27 1.000.43 14 0.10 0.03 0.91 1.00
1630,0.73 14 0.92 0.31 0.98 0.38
1631,0.42 6 0.13 0.44 0.21 0.480.45 6 0.77 0.44 0.87 0.500.84 14 0.09 0.45 0.13 0.510.88 6 0.77 0.42 0.91 0.500.90 14 0.27 0.44 0.31 0.530.77 14 0.81 0.35 0.85 0.420.82 14 0.65 0.42 0.69 0.480.87 6 0.05 0.44 0.20 0.490.43 6 0.04 0.44 0.12 0.480.55 6 0.76 0.41 0.91 0.500.52 6 0.04 0.43 0.20 0.490.69 6 0.91 0.43 1.00 0.48
1632,0.43 14 0.12 0.25 0.37 0.740.36 14 0.20 0.25 0.35 0.340.44 14 0.11 0.25 0.37 1.00
1633,0.97 14 0.51 0.12 0.68 0.510.73 14 0.25 0.24 0.57 0.580.68 14 0.24 0.24 0.50 0.570.65 14 0.24 0.24 0.46 0.440.30 14 0.24 0.24 0.47 0.53
1634,0.59 15 0.20 0.21 0.54 0.500.37 15 0.21 0.21 0.50 0.51
1635,0.44 14 0.18 0.10 0.64 0.920.47 14 0.02 0.16 0.40 0.910.61 14 0.02 0.03 0.64 1.000.52 14 0.19 0.13 0.60 0.77
1636,0.39 14 0.13 0.45 0.16 0.500.77 6 0.62 0.44 0.69 0.480.32 14 0.06 0.46 0.09 0.510.40 14 0.06 0.46 0.09 0.51
1637,0.74 14 0.18 0.40 0.58 0.870.91 14 0.25 0.12 0.53 0.51
1638,0.85 14 0.31 0.26 0.45 0.450.86 14 0.31 0.26 0.45 0.470.42 14 0.33 0.24 0.39 0.310.61 14 0.31 0.27 0.45 0.50
1639,0.85 6 0.08 0.19 0.80 0.52
1640,0.73 14 0.44 0.23 0.68 0.450.39 14 0.30 0.23 0.71 0.540.58 14 0.00 0.23 0.32 0.450.64 4 0.78 0.40 0.87 0.640.70 14 0.00 0.23 0.33 0.640.34 4 0.80 0.41 0.86 0.570.46 14 0.31 0.23 1.00 0.630.64 4 0.78 0.40 0.87 0.630.53 14 0.44 0.36 0.70 0.520.84 14 0.44 0.23 0.71 0.520.47 14 0.00 0.23 0.33 0.590.61 14 0.43 0.24 1.00 0.62
1641,0.0 1 0.0 0.0 10.0 10.0
1642,0.0 1 0.0 0.0 10.0 10.0
1643,0.32 14 0.15 0.09 0.42 0.660.83 14 0.03 0.08 0.41 0.660.57 14 0.02 0.09 0.40 1.000.83 14 0.38 0.10 0.67 0.66
1644,0.0 1 0.0 0.0 10.0 10.0
1645,0.0 1 0.0 0.0 10.0 10.0
1646,0.0 1 0.0 0.0 10.0 10.0
1647,0.0 1 0.0 0.0 10.0 10.0
1648,0.72 6 0.00 0.40 0.05 0.440.38 6 0.49 0.38 0.55 0.420.78 6 0.18 0.40 0.26 0.440.49 6 0.71 0.40 0.78 0.440.41 6 0.88 0.36 0.98 0.430.83 6 0.87 0.34 0.99 0.430.34 6 0.69 0.36 0.74 0.410.55 6 0.62 0.37 0.71 0.420.46 6 0.87 0.34 0.99 0.430.53 6 0.60 0.37 0.68 0.420.57 6 0.79 0.36 0.83 0.400.50 6 0.36 0.38 0.44 0.430.70 6 0.49 0.38 0.56 0.420.88 6 0.61 0.37 0.71 0.42
1649,0.0 1 0.0 0.0 10.0 10.0
1650,0.90 14 0.16 0.22 0.54 0.660.62 14 0.54 -0.00 0.80 0.540.52 8 0.10 0.41 0.37 0.680.75 14 0.25 0.21 0.52 0.660.32 8 0.69 0.39 0.89 0.650.37 14 0.26 0.22 0.51 0.660.78 14 0.53 -0.00 0.81 0.660.40 14 0.61 0.52 0.71 0.650.61 14 0.55 0.00 0.80 0.47
1651,0.30 14 0.43 0.21 0.62 0.450.55 14 0.42 0.36 0.53 0.530.38 14 0.46 0.10 0.95 0.670.71 14 0.28 0.17 0.63 0.660.49 14 0.59 0.10 0.95 0.670.51 14 0.33 0.21 0.62 0.660.84 14 0.29 0.21 0.62 0.640.31 14 0.42 0.10 0.96 0.670.84 14 0.31 0.11 0.95 0.670.43 14 0.30 0.36 0.61 0.660.73 14 0.33 0.10 0.96 1.00
1652,0.62 14 0.00 0.00 0.13 0.260.41 14 0.02 0.00 0.13 0.150.69 14 0.01 0.03 0.68 1.00
1653,0.93 14 0.01 0.00 0.36 0.650.81 6 0.31 0.26 0.81 0.56
1654,0.38 14 0.19 0.04 0.65 0.990.52 14 0.19 0.04 0.52 0.990.49 14 0.03 0.04 0.43 0.990.91 14 0.03 0.04 0.65 0.99
1655,0.37 14 0.00 0.03 0.54 0.670.48 14 0.00 0.05 0.78 0.66
1656,0.0 1 0.0 0.0 10.0 10.0
1657,0.30 6 0.50 0.17 0.58 0.210.43 6 0.04 0.23 0.75 0.570.58 6 0.14 0.50 0.28 0.560.35 6 0.05 0.17 0.96 0.57
1658,0.38 13 0.16 0.48 0.55 0.880.82 14 0.19 0.39 0.46 0.73
1659,0.80 14 0.47 0.16 0.61 0.350.66 14 0.54 0.07 0.69 0.280.86 14 0.33 0.17 0.49 0.380.58 14 0.36 0.28 0.51 0.540.54 14 0.66 0.06 0.82 0.350.33 14 0.56 0.24 0.79 0.520.50 14 0.53 0.24 0.81 0.580.93 14 0.21 0.15 0.37 0.550.58 14 0.45 0.07 0.71 0.480.49 14 0.23 0.17 0.51 0.550.77 14 0.67 0.06 0.84 0.470.84 14 0.48 0.17 0.68 0.520.83 14 0.48 0.17 0.64 0.530.86 14 0.21 0.15 0.34 0.360.97 14 0.05 0.02 0.26 0.590.91 14 0.34 0.16 0.50 0.540.94 14 0.54 0.24 0.76 0.560.94 14 0.67 0.06 0.86 0.480.34 14 0.51 0.08 0.70 0.440.58 14 0.53 0.07 0.71 0.40
1660,0.50 6 0.66 0.40 0.78 0.470.43 6 0.05 0.20 0.51 0.510.86 6 0.66 0.40 0.80 0.47
1661,0.39 8 0.64 0.44 0.77 0.600.34 8 0.04 0.35 0.17 0.590.34 8 0.53 0.39 0.66 0.62
1662,0.51 1 0.09 0.33 0.24 0.590.96 14 0.09 0.22 0.25 0.53
1663,0.0 1 0.0 0.0 10.0 10.0
1664,0.79 6 0.00 0.48 0.06 0.550.83 6 0.29 0.41 0.76 0.630.83 6 0.13 0.47 0.23 0.530.58 6 0.00 0.47 0.14 0.550.82 6 0.21 0.47 0.28 0.530.60 6 0.06 0.47 0.16 0.540.89 6 0.00 0.47 0.15 0.540.54 6 0.21 0.47 0.29 0.52
1665,0.80 14 0.34 0.08 0.67 0.810.33 14 0.00 0.08 0.66 0.810.39 14 0.11 0.08 0.67 0.810.79 14 0.00 0.25 0.37 0.81
1666,0.80 6 0.18 0.22 0.55 0.440.30 6 0.18 0.15 0.55 0.45
1667,0.37 6 0.04 0.13 0.84 0.450.58 6 0.45 0.08 0.89 0.280.38 6 0.02 0.06 0.49 0.340.34 6 0.02 0.06 0.49 0.260.87 6 0.04 0.12 0.84 0.460.44 6 0.76 0.08 0.89 0.27
1668,0.0 1 0.0 0.0 10.0 10.0
1669,0.0 1 0.0 0.0 10.0 10.0
1670,0.50 6 0.17 0.15 0.79 0.500.83 6 0.16 0.15 0.78 0.50
1671,0.0 1 0.0 0.0 10.0 10.0
1672,0.41 14 0.42 0.03 0.66 0.600.55 14 0.05 0.06 0.49 0.600.45 14 0.05 0.05 0.48 0.600.75 14 0.90 0.27 1.00 0.390.59 14 0.42 0.00 0.78 0.600.34 14 0.00 0.28 0.09 0.590.65 14 0.15 0.06 0.49 0.600.73 14 0.00 0.04 0.50 1.000.38 14 0.42 0.01 1.00 0.600.50 14 0.42 0.00 0.79 1.000.70 14 0.89 0.27 1.00 0.450.57 14 0.43 0.00 1.00 1.00
1673,0.56 14 0.00 0.00 0.51 0.780.66 14 0.00 0.01 0.87 1.000.73 6 0.62 0.00 0.88 0.28
1674,0.0 1 0.0 0.0 10.0 10.0
1675,0.76 6 0.16 0.28 0.69 0.79
1676,0.42 14 0.03 0.30 0.29 1.000.36 14 0.57 0.25 0.79 0.790.31 14 0.05 0.29 0.43 0.860.63 14 0.15 0.28 0.47 1.000.40 14 0.29 0.28 0.43 0.570.91 14 0.05 0.30 0.28 0.850.36 14 0.04 0.28 0.43 1.000.62 14 0.04 0.22 0.28 1.000.84 14 0.58 0.24 0.79 1.000.43 14 0.26 0.29 0.45 1.000.37 14 0.40 0.34 0.57 1.000.69 14 0.41 0.34 0.78 1.000.78 14 0.41 0.34 0.77 1.00
1677,0.72 6 0.41 0.59 0.49 0.640.33 0 0.02 0.30 0.88 0.640.36 0 0.02 0.30 0.88 0.64
1678,0.48 14 0.25 0.02 0.69 1.000.89 14 0.25 0.03 0.46 1.000.73 14 0.05 0.03 0.45 1.000.93 14 0.03 0.04 0.28 0.780.53 14 0.04 0.01 0.70 1.000.49 14 0.42 0.02 0.69 0.790.86 14 0.42 0.02 0.70 1.00
1679,0.0 1 0.0 0.0 10.0 10.0
1680,0.53 6 0.69 0.27 0.89 0.420.81 6 0.31 0.24 0.47 0.450.51 15 0.08 0.19 0.13 0.270.48 6 0.00 0.25 0.37 1.000.95 14 0.30 0.22 0.69 1.000.91 6 0.70 0.26 0.90 0.420.40 6 0.68 0.26 0.90 0.420.49 6 0.57 0.39 1.00 1.00
1681,0.81 6 0.12 0.25 0.79 0.56
1682,0.75 14 0.36 0.03 0.46 0.260.56 14 0.07 0.07 0.29 0.440.32 1 0.70 0.18 0.88 0.290.32 1 0.11 0.27 0.34 0.420.80 14 0.36 0.03 0.46 0.360.41 14 0.21 0.10 0.31 0.360.90 14 0.08 0.07 0.30 0.520.34 14 0.08 0.07 0.26 0.530.88 14 0.40 0.01 0.82 0.740.53 6 0.29 0.13 0.37 0.17
1683,0.0 1 0.0 0.0 10.0 10.0
1684,0.0 1 0.0 0.0 10.0 10.0
1685,0.0 1 0.0 0.0 10.0 10.0
1686,0.51 14 0.55 0.28 0.61 0.340.37 14 0.46 0.28 0.65 0.480.78 14 0.70 0.40 0.92 0.710.94 14 0.66 0.29 0.72 0.480.47 14 0.44 0.35 0.93 0.710.51 14 0.92 0.29 0.99 0.530.96 14 0.23 0.24 0.33 0.680.87 14 0.92 0.29 0.99 0.710.66 14 0.92 0.29 0.99 0.420.44 6 0.06 0.16 0.50 0.540.61 14 0.73 0.37 0.81 0.510.40 14 0.54 0.28 0.70 0.480.31 14 0.42 0.28 0.72 0.650.33 14 0.71 0.38 0.89 0.610.60 14 0.71 0.37 0.90 0.640.35 14 0.87 0.35 0.99 0.710.35 14 0.42 0.29 0.70 0.620.63 14 0.42 0.31 0.72 0.680.59 14 0.65 0.29 0.71 0.41
1687,0.0 1 0.0 0.0 10.0 10.0
1688,0.33 2 0.41 0.36 0.55 0.47
1689,0.78 6 0.08 0.24 0.49 0.50
1690,0.37 6 0.61 0.35 0.77 0.460.49 6 0.30 0.31 0.37 0.360.33 6 0.71 0.36 0.79 0.460.32 6 0.22 0.31 0.30 0.370.43 6 0.53 0.37 0.64 0.460.36 6 0.61 0.38 0.70 0.46
1691,0.0 1 0.0 0.0 10.0 10.0
1692,0.69 6 0.19 0.29 0.65 0.410.60 14 0.16 0.27 0.20 0.330.37 6 0.63 0.26 0.80 0.360.85 6 0.14 0.31 0.30 0.390.48 14 0.00 0.32 0.02 0.470.84 14 0.13 0.27 0.17 0.350.82 14 0.05 0.28 0.08 0.360.86 14 0.00 0.27 0.04 0.370.42 14 0.21 0.27 0.25 0.320.43 14 0.07 0.28 0.10 0.360.81 6 0.14 0.30 0.93 0.710.92 14 0.06 0.27 0.10 0.360.76 6 0.20 0.29 0.49 0.400.66 14 0.13 0.27 0.17 0.35
1693,0.86 14 0.28 0.52 0.36 0.770.56 14 0.16 0.54 0.36 0.870.56 14 0.16 0.53 0.37 0.860.36 14 0.00 0.39 0.17 1.000.88 14 0.46 0.50 0.62 0.750.70 14 0.46 0.50 0.65 0.760.33 14 0.52 0.50 0.62 0.66
1694,0.36 14 0.42 0.24 0.60 0.540.76 14 0.34 0.24 0.61 0.740.82 14 0.61 0.20 0.86 0.640.30 14 0.40 0.24 0.60 0.560.81 14 0.00 0.15 0.37 0.750.78 14 0.36 0.24 0.60 0.640.31 14 0.15 0.15 0.35 0.690.83 14 0.00 0.15 0.47 0.750.53 14 0.00 0.15 0.46 1.000.92 14 0.57 0.19 0.87 0.64
1695,0.66 14 0.20 0.03 0.68 0.750.34 14 0.22 0.04 0.57 0.720.50 14 0.01 0.03 0.65 1.000.69 14 0.20 0.03 0.70 1.000.38 14 0.21 0.04 0.56 0.74
1696,0.35 14 0.27 0.09 0.68 1.000.43 14 0.00 0.00 0.13 0.090.33 14 0.29 0.11 0.48 0.400.30 14 0.04 0.08 0.69 1.000.37 14 0.28 0.10 0.57 0.520.52 14 0.00 0.04 0.43 1.000.42 14 0.10 0.08 0.88 1.000.53 14 0.28 0.09 0.46 0.50
1697,0.0 1 0.0 0.0 10.0 10.0
1698,0.38 4 0.11 0.48 0.23 0.840.43 14 0.15 0.74 0.38 0.900.37 4 0.00 0.46 0.05 0.590.44 14 0.03 0.03 0.51 0.780.63 4 0.10 0.41 0.24 0.840.79 14 0.02 0.03 0.65 0.890.40 14 0.10 0.03 0.53 0.89
1699,0.0 1 0.0 0.0 10.0 10.0
1700,0.32 14 0.28 0.19 0.48 0.580.76 6 0.04 0.29 0.10 0.340.39 14 0.75 0.26 0.84 0.380.56 14 0.71 0.30 0.88 0.660.34 14 0.61 0.30 0.88 0.660.73 14 0.60 0.33 0.72 0.560.94 14 0.59 0.33 0.73 0.660.34 14 0.71 0.27 0.89 0.550.67 14 0.28 0.31 0.44 0.650.78 14 0.71 0.27 0.88 0.660.30 14 0.59 0.32 0.72 0.460.51 14 0.78 0.26 0.87 0.410.30 6 0.03 0.30 0.10 0.340.86 14 0.28 0.18 0.46 0.660.80 14 0.27 0.18 0.44 0.540.94 14 0.39 0.23 0.61 0.650.81 14 0.28 0.18 0.43 0.420.76 14 0.61 0.27 0.88 0.660.35 14 0.27 0.32 0.50 0.650.40 14 0.58 0.30 0.73 0.620.64 14 0.58 0.33 0.73 0.630.90 14 0.71 0.27 0.88 0.480.75 14 0.61 0.26 0.69 0.480.35 6 0.04 0.30 0.10 0.340.32 14 0.60 0.28 0.88 0.660.83 14 0.61 0.25 0.67 0.36
1701,0.0 1 0.0 0.0 10.0 10.0
1702,0.0 1 0.0 0.0 10.0 10.0
1703,0.75 14 0.16 0.18 0.67 1.00
1704,0.38 15 0.23 0.00 0.32 0.140.37 15 0.83 0.43 0.99 0.670.33 14 0.72 0.25 0.87 0.360.40 14 0.79 0.26 0.86 0.350.58 15 0.23 0.00 0.32 0.15
1705,0.32 0 0.01 0.27 0.99 0.490.37 0 0.02 0.26 0.99 0.48
1706,0.60 4 0.32 0.37 0.41 0.630.33 4 0.32 0.37 0.41 0.590.49 4 0.43 0.33 0.53 0.65
1707,0.0 1 0.0 0.0 10.0 10.0
1708,0.33 15 0.00 0.45 0.05 0.540.67 15 0.48 0.41 0.55 0.510.51 15 0.17 0.11 0.35 0.360.32 15 0.00 0.42 0.07 0.530.43 14 0.79 0.35 0.90 0.660.51 15 0.46 0.58 0.59 0.750.77 15 0.33 0.37 0.40 0.480.43 15 0.11 0.09 0.36 0.390.65 15 0.31 0.38 0.37 0.470.43 15 0.55 0.57 0.63 0.660.46 15 0.30 0.38 0.36 0.470.48 15 0.24 0.19 0.39 0.360.47 15 0.23 0.25 0.35 0.360.62 15 0.55 0.38 0.67 0.500.61 15 0.18 0.12 0.40 0.360.41 15 0.13 0.10 0.28 0.380.37 15 0.23 0.28 0.33 0.360.60 15 0.23 0.27 0.34 0.360.49 15 0.32 0.37 0.43 0.480.31 15 0.15 0.32 0.24 0.380.52 14 0.46 0.49 0.65 0.650.50 15 0.57 0.39 0.66 0.490.49 15 0.55 0.42 0.65 0.65
1709,0.80 14 0.36 0.12 0.56 0.440.72 14 0.82 0.03 0.92 0.150.82 14 0.36 0.12 0.56 0.620.57 14 0.35 0.12 0.56 0.640.74 14 0.35 0.12 0.57 0.690.37 14 0.34 0.12 0.57 0.740.82 14 0.36 0.38 0.70 0.75
1710,0.58 6 0.00 0.48 0.05 0.560.46 6 0.00 0.01 1.00 0.74
1711,0.37 6 0.00 0.32 0.69 0.980.47 6 0.00 0.22 0.69 0.99
1712,0.49 4 0.34 0.32 0.38 0.430.73 14 0.70 0.23 0.89 0.650.81 14 0.14 0.21 0.25 0.410.53 14 0.04 0.22 0.24 0.410.37 14 0.70 0.23 0.89 0.530.92 14 0.26 0.20 0.32 0.310.79 4 0.55 0.41 0.59 0.550.72 14 0.00 0.27 0.39 0.750.66 14 0.15 0.21 0.23 0.380.90 14 0.00 0.30 0.26 0.750.36 14 0.01 0.26 0.27 0.570.75 14 0.16 0.21 0.23 0.370.96 14 0.58 0.27 0.72 0.490.75 14 0.57 0.27 0.73 0.660.90 14 0.70 0.23 0.89 0.630.51 4 0.56 0.41 0.60 0.550.52 14 0.17 0.21 0.23 0.330.88 14 0.60 0.23 0.89 0.65
1713,0.70 6 0.19 0.26 0.90 0.580.48 6 0.18 0.27 0.89 0.58
1714,0.0 1 0.0 0.0 10.0 10.0
1715,0.0 1 0.0 0.0 10.0 10.0
1716,0.64 14 0.17 0.34 0.47 0.750.62 14 0.16 0.34 0.48 1.000.57 14 0.00 0.16 0.47 1.000.83 14 0.00 0.16 0.32 0.750.35 14 0.40 0.14 0.99 0.750.44 14 0.39 0.13 0.71 0.750.38 14 0.47 0.15 0.70 0.720.58 14 0.40 0.14 0.99 1.00
1717,0.0 1 0.0 0.0 10.0 10.0
1718,0.44 15 0.25 0.27 0.32 0.33
1719,0.36 6 0.06 0.23 0.19 0.280.30 14 0.84 0.27 0.87 0.370.38 6 0.18 0.24 0.31 0.30
1720,0.36 14 0.43 0.37 0.52 0.540.46 14 0.50 0.39 0.63 0.690.60 14 0.00 0.53 0.10 0.720.72 6 0.08 0.13 0.94 0.680.55 14 0.42 0.37 0.62 0.690.43 14 0.53 0.38 0.62 0.61
1721,0.37 14 0.56 0.20 0.61 0.360.61 14 0.73 0.41 0.79 0.640.44 14 0.73 0.42 0.79 0.560.30 14 0.56 0.20 0.62 0.510.82 6 0.00 0.89 0.47 1.000.38 6 0.09 0.89 0.28 1.000.41 6 0.09 0.89 0.29 1.000.86 6 0.69 0.94 0.89 1.000.41 14 0.73 0.41 0.78 0.53
1722,0.0 1 0.0 0.0 10.0 10.0
1723,0.65 14 0.81 0.00 0.98 1.00
1724,0.0 1 0.0 0.0 10.0 10.0
1725,0.59 6 0.50 0.50 0.58 0.550.55 6 0.24 0.90 0.44 0.990.40 6 0.63 0.67 0.72 0.750.83 6 0.76 0.56 0.84 0.600.74 6 0.63 0.64 0.72 0.750.86 6 0.42 0.78 0.52 0.870.32 6 0.23 0.90 0.51 1.000.81 6 0.54 0.66 0.61 0.730.83 6 0.50 0.72 0.57 0.79
1726,0.47 14 0.26 0.08 0.68 0.910.45 4 0.42 0.55 0.47 0.710.51 14 0.35 0.07 0.63 0.910.93 14 0.00 0.13 0.14 0.580.80 14 0.26 0.01 0.67 0.910.32 14 0.37 0.06 0.65 0.910.38 14 0.37 0.29 0.67 0.910.38 1 0.31 0.54 0.67 1.00
1727,0.43 14 0.89 0.53 0.94 0.600.93 14 0.00 0.54 0.04 0.720.97 14 0.07 0.54 0.16 0.690.46 14 0.21 0.33 0.73 1.000.35 14 0.43 0.37 0.65 1.000.95 14 0.42 0.32 0.73 1.00
1728,0.43 14 0.41 0.26 0.56 0.520.41 14 0.22 0.26 0.77 0.880.40 15 0.64 0.75 0.78 0.950.32 14 0.27 0.25 0.57 0.870.34 14 0.12 0.41 0.33 0.920.33 14 0.29 0.25 0.56 0.870.76 14 0.12 0.27 0.46 0.920.86 14 0.19 0.35 0.23 0.440.33 14 0.21 0.25 0.77 1.000.72 14 0.28 0.27 0.47 0.870.73 14 0.39 0.25 0.76 0.880.34 15 0.65 0.75 0.78 0.88
1729,0.55 14 0.44 0.17 0.48 0.230.52 6 0.00 0.34 0.20 0.450.87 14 0.58 0.17 0.63 0.220.81 6 0.06 0.22 0.39 0.410.57 14 0.38 0.18 0.41 0.260.95 14 0.00 0.16 0.07 0.350.58 14 0.27 0.19 0.29 0.240.84 14 0.30 0.18 0.34 0.270.87 14 0.52 0.17 0.57 0.230.91 14 0.41 0.17 0.46 0.260.82 14 0.24 0.18 0.27 0.240.75 6 0.01 0.22 0.68 0.980.42 14 0.29 0.19 0.31 0.240.88 14 0.34 0.17 0.38 0.270.67 14 0.23 0.18 0.26 0.240.32 14 0.55 0.17 0.59 0.22
1730,0.54 15 0.45 0.25 0.54 0.350.77 15 0.29 0.30 0.42 0.410.36 15 0.09 0.46 0.17 0.560.45 15 0.00 0.57 0.04 0.660.62 15 0.56 0.16 0.65 0.280.75 15 0.20 0.39 0.28 0.490.44 15 0.56 0.16 0.65 0.290.31 15 0.20 0.40 0.28 0.490.77 15 0.08 0.45 0.19 0.570.43 15 0.45 0.26 0.54 0.350.64 15 0.45 0.26 0.54 0.350.37 15 0.07 0.46 0.18 0.570.77 15 0.29 0.30 0.42 0.420.51 15 0.56 0.16 0.65 0.29
1731,0.35 14 0.14 0.19 0.47 0.670.89 14 0.38 0.09 0.60 0.350.37 14 0.14 0.20 0.47 1.000.31 14 0.11 0.19 0.47 1.000.68 14 0.46 0.47 0.71 0.66
1732,0.70 14 0.71 0.36 0.89 0.680.94 14 0.11 0.37 0.21 0.670.71 14 0.74 0.36 0.88 0.67
1733,0.0 1 0.0 0.0 10.0 10.0
1734,0.0 1 0.0 0.0 10.0 10.0
1735,0.42 6 0.23 0.01 0.59 0.210.65 14 0.32 0.13 0.63 0.610.98 14 0.08 0.15 0.27 0.600.55 6 0.19 0.16 0.72 0.560.49 14 0.34 0.13 0.63 0.620.90 14 0.46 0.13 0.62 0.61
1736,0.31 8 0.15 0.34 0.40 0.650.32 8 0.61 0.27 0.78 0.610.30 8 0.17 0.35 0.40 0.650.36 8 0.01 0.25 0.18 0.56
1737,0.48 6 0.79 0.46 0.85 0.550.79 6 0.06 0.56 0.21 0.750.79 6 0.00 0.53 0.06 0.610.95 14 0.03 0.55 0.11 0.850.35 6 0.21 0.25 0.71 0.820.88 14 0.00 0.61 0.07 1.010.84 6 0.91 0.57 1.00 0.70
1738,0.71 14 0.00 0.10 0.55 1.00
1739,0.41 13 0.31 0.43 0.57 0.900.97 14 0.36 0.23 0.55 0.80
1740,0.80 14 0.42 0.37 0.46 0.430.32 8 0.00 0.79 0.17 1.000.85 14 0.14 0.60 0.18 0.710.35 19 0.57 0.41 0.75 0.66
1741,0.83 6 0.33 0.29 0.79 0.630.87 14 0.50 0.35 0.55 0.43
1742,0.39 6 0.30 0.58 0.40 0.680.40 6 0.29 0.59 0.36 0.680.45 6 0.30 0.57 0.41 0.68
1743,0.0 1 0.0 0.0 10.0 10.0
1744,0.41 14 0.54 0.25 0.60 0.350.78 14 0.82 0.23 0.86 0.310.30 6 0.67 0.29 0.87 0.640.43 6 0.68 0.29 0.87 0.640.71 14 0.85 0.22 0.88 0.400.47 14 0.83 0.23 0.87 0.430.88 14 0.13 0.23 0.18 0.370.38 6 0.10 0.17 0.75 0.920.48 14 0.78 0.23 0.84 0.320.93 14 0.00 0.22 0.08 0.500.87 14 0.17 0.24 0.21 0.370.87 14 0.12 0.22 0.21 0.850.40 14 0.06 0.24 0.10 0.470.92 14 0.59 0.18 0.65 0.340.71 14 0.00 0.22 0.10 0.590.74 6 0.00 0.17 0.74 0.950.61 14 0.10 0.23 0.17 0.560.57 14 0.11 0.22 0.16 0.380.41 14 0.11 0.22 0.16 0.41
1745,0.58 6 0.65 0.27 0.79 0.420.31 14 0.16 0.00 0.42 0.470.46 14 0.76 0.19 0.80 0.280.43 14 0.53 0.13 0.64 0.470.36 6 0.58 0.22 0.67 0.410.32 14 0.49 0.13 0.61 0.590.39 14 0.16 0.00 0.48 0.660.31 6 0.05 0.25 0.19 0.390.69 6 0.65 0.27 0.79 0.420.81 6 0.05 0.25 0.19 0.380.48 6 0.05 0.25 0.19 0.390.97 14 0.53 0.13 0.66 0.60
1746,0.37 14 0.29 0.64 0.39 0.850.71 14 0.47 0.06 0.60 0.330.92 14 0.23 0.06 0.44 0.450.31 14 0.15 0.06 0.44 0.560.53 14 0.18 0.31 0.26 0.41
1747,0.71 6 0.28 0.24 0.59 0.49
1748,0.0 1 0.0 0.0 10.0 10.0
1749,0.57 6 0.43 0.45 0.48 0.500.43 14 0.16 0.34 0.19 0.410.40 6 0.22 0.47 0.25 0.490.95 14 0.15 0.47 0.22 0.640.95 14 0.06 0.47 0.16 0.720.44 14 0.17 0.35 0.21 0.410.81 6 0.25 0.47 0.32 0.510.81 6 0.33 0.50 0.61 0.75
1750,0.66 14 0.11 0.20 0.43 0.770.84 14 0.10 0.20 0.43 0.92
1751,0.0 1 0.0 0.0 10.0 10.0
1752,0.0 1 0.0 0.0 10.0 10.0
1753,0.31 14 0.51 0.02 0.74 0.320.80 14 0.33 0.00 0.59 0.370.41 1 0.31 0.26 0.80 0.750.63 14 0.00 0.00 0.20 0.440.60 14 0.63 0.08 0.87 0.560.32 14 0.62 0.07 1.00 0.560.34 14 0.33 0.01 0.88 0.520.37 1 0.02 0.21 0.27 0.610.33 14 0.32 0.00 0.80 0.570.40 14 0.57 0.07 0.99 0.740.70 14 0.52 0.06 1.00 0.580.47 14 0.59 0.07 1.00 0.720.41 14 0.53 0.06 1.00 0.740.66 14 0.52 0.04 0.86 0.52
1754,0.0 1 0.0 0.0 10.0 10.0
1755,0.93 14 0.35 0.05 0.65 0.66
1756,0.64 14 0.00 0.08 0.47 0.700.69 14 0.00 0.07 0.46 1.000.30 14 0.00 0.07 0.46 0.74
1757,0.78 14 0.25 0.04 0.61 1.000.73 14 0.06 0.15 0.30 0.680.33 14 0.06 0.15 0.32 1.000.89 14 0.05 0.15 0.40 1.000.88 14 0.14 0.04 0.63 1.000.38 14 0.04 0.15 0.30 0.74
1758,0.54 1 0.07 0.42 0.35 0.650.38 1 0.31 0.44 0.43 0.570.32 1 0.06 0.42 0.55 0.650.83 14 0.20 0.38 0.27 0.540.38 1 0.17 0.42 0.43 0.600.51 14 0.32 0.37 0.38 0.490.53 14 0.16 0.37 0.26 0.510.47 1 0.30 0.43 0.41 0.580.63 1 0.06 0.41 0.54 0.650.60 1 0.40 0.43 0.54 0.570.93 14 0.27 0.37 0.36 0.540.51 1 0.07 0.44 0.31 0.650.78 14 0.11 0.37 0.27 0.610.53 1 0.14 0.43 0.32 0.650.91 14 0.11 0.40 0.20 0.600.61 14 0.20 0.38 0.27 0.490.68 1 0.32 0.41 0.55 0.580.95 14 0.40 0.38 0.50 0.520.40 1 0.16 0.42 0.55 0.60
1759,0.38 14 0.05 0.05 0.23 0.320.33 6 0.63 0.30 0.70 0.360.33 6 0.33 0.53 0.39 0.580.79 14 0.10 0.08 0.21 0.510.56 6 0.33 0.51 0.38 0.580.93 14 0.02 0.11 0.07 0.270.81 14 0.19 0.12 0.25 0.250.73 14 0.12 0.10 0.21 0.270.64 14 0.14 0.11 0.21 0.260.35 6 0.40 0.48 0.49 0.56
1760,0.55 6 0.22 0.53 0.31 0.590.31 8 0.64 0.37 0.89 0.760.50 6 0.23 0.53 0.37 0.610.46 15 0.23 0.46 0.34 0.590.33 6 0.28 0.55 0.38 0.650.32 14 0.02 0.37 0.06 0.440.56 15 0.54 0.44 0.60 0.580.37 19 0.34 0.34 0.53 0.56
1761,0.40 6 0.24 0.00 0.76 0.71
1762,0.0 1 0.0 0.0 10.0 10.0
1763,0.80 6 0.11 0.33 0.89 0.77
1764,0.54 6 0.00 0.46 0.05 0.550.81 6 0.00 0.52 0.20 0.700.84 6 0.05 0.33 0.89 0.900.35 6 0.00 0.47 0.04 0.550.44 6 0.03 0.46 0.08 0.53
1765,0.94 14 0.40 0.28 0.52 0.70
1766,0.67 14 0.60 0.72 0.72 0.880.90 14 0.59 0.72 0.73 1.000.41 14 0.39 0.72 0.78 1.00
1767,0.86 6 0.04 0.54 0.66 0.87
1768,0.86 14 0.00 0.19 0.51 1.00
1769,0.0 1 0.0 0.0 10.0 10.0
1770,0.89 14 0.12 0.09 0.43 0.680.64 14 0.11 0.09 0.44 1.00
1771,0.53 14 0.31 0.25 0.35 0.330.55 14 0.30 0.26 0.35 0.33
1772,0.0 1 0.0 0.0 10.0 10.0
1773,0.79 6 0.61 0.28 0.67 0.330.84 6 0.61 0.29 0.67 0.34
1774,0.80 6 0.12 0.25 0.86 0.65
1775,0.0 1 0.0 0.0 10.0 10.0
1776,0.52 14 -0.00 0.07 0.67 0.90
1777,0.56 14 0.72 0.16 0.81 0.310.83 14 0.66 0.31 0.73 0.610.44 14 0.52 0.22 0.66 0.430.86 14 0.23 0.23 0.44 0.670.85 14 0.70 0.16 0.80 0.580.70 14 0.09 0.20 0.44 0.660.93 14 0.09 0.17 0.29 0.670.37 14 0.67 0.16 0.80 0.660.71 14 0.24 0.23 0.44 0.670.37 14 0.51 0.21 0.73 0.660.95 14 0.52 0.21 0.68 0.670.86 14 0.70 0.16 0.80 0.660.76 14 0.65 0.31 0.71 0.400.85 14 0.66 0.31 0.72 0.40
1778,0.36 0 0.02 0.09 0.88 0.47
1779,0.38 6 0.43 0.26 0.54 0.300.52 6 0.00 0.31 0.05 0.350.34 1 0.13 0.46 0.58 0.740.33 6 0.00 0.30 0.06 0.340.31 6 0.18 0.21 0.40 0.370.63 6 0.00 0.21 0.40 0.520.65 6 0.03 0.30 0.14 0.34
1780,0.51 14 0.11 0.21 0.39 0.690.33 14 0.18 0.49 0.39 0.930.32 14 0.14 0.21 0.40 0.710.44 14 0.17 0.21 0.41 0.780.52 14 0.18 0.21 0.40 0.720.33 14 0.22 0.21 0.39 0.520.77 14 0.12 0.22 0.40 0.93
1781,0.40 14 0.44 0.00 0.52 0.120.51 14 0.47 0.32 0.79 0.670.73 14 0.47 0.04 0.75 0.480.46 14 0.00 0.03 0.26 0.670.91 14 0.00 0.03 0.39 0.680.42 14 0.00 0.03 0.32 0.680.35 14 0.62 0.40 0.79 0.670.68 14 0.47 0.04 0.80 0.670.65 14 0.47 0.26 0.80 0.670.35 14 0.48 0.04 0.75 0.43
1782,0.67 14 0.14 0.07 0.20 0.16
1783,0.73 14 0.33 0.01 0.53 0.410.91 14 0.34 0.01 0.56 0.660.96 14 0.87 0.37 0.91 0.61
1784,0.85 14 0.27 0.04 0.46 0.360.74 14 0.26 0.16 0.51 0.480.81 14 0.26 0.16 0.56 0.480.54 14 0.25 0.04 0.48 0.47
1785,0.30 14 0.33 0.52 0.50 0.640.33 4 0.41 0.39 0.44 0.480.40 14 0.07 0.01 0.19 0.270.92 14 0.06 0.01 0.19 0.590.73 14 0.54 0.32 0.69 0.590.68 14 0.54 0.40 0.69 0.600.40 14 0.00 0.41 0.49 1.000.54 14 0.56 0.26 0.80 0.590.71 4 0.31 0.34 0.35 0.480.45 14 0.00 0.40 0.36 0.660.79 14 0.00 0.40 0.37 1.000.33 14 0.06 0.01 0.20 0.410.45 14 0.00 0.40 0.29 0.660.95 14 0.66 0.25 0.80 0.600.36 19 0.39 0.23 0.52 0.350.59 14 0.46 0.32 0.69 0.60
1786,0.46 15 0.72 0.27 0.79 0.340.68 15 0.69 0.08 0.83 0.34
1787,0.64 14 0.10 0.60 0.23 0.930.79 14 0.53 0.35 0.56 0.430.96 14 0.03 0.23 0.22 0.91
1788,0.48 14 0.46 0.20 0.56 0.360.43 14 0.33 0.12 0.49 0.380.58 14 0.63 0.11 0.71 0.270.77 14 0.59 0.20 0.71 0.380.74 14 0.20 0.39 0.38 0.620.41 14 0.41 0.11 0.52 0.260.95 14 0.12 0.18 0.26 0.440.37 14 0.64 0.19 0.71 0.340.31 14 0.71 0.34 0.77 0.400.87 14 0.53 0.11 0.70 0.360.54 14 0.01 0.14 0.13 0.540.69 14 0.63 0.11 0.72 0.380.94 14 0.34 0.12 0.46 0.370.35 14 0.58 0.20 0.67 0.400.92 14 0.41 0.11 0.57 0.360.53 14 0.12 0.19 0.25 0.380.95 14 0.01 0.14 0.14 0.570.49 14 0.11 0.18 0.25 0.560.38 14 0.34 0.13 0.44 0.270.86 14 0.53 0.11 0.72 0.380.33 14 0.58 0.21 0.66 0.320.38 14 0.60 0.11 0.72 0.35
1789,0.0 1 0.0 0.0 10.0 10.0
1790,0.42 14 0.31 0.06 0.68 0.650.93 14 0.32 0.05 0.59 0.64
1791,0.0 1 0.0 0.0 10.0 10.0
1792,0.38 14 0.26 0.09 0.53 0.600.85 14 0.27 0.09 0.53 0.660.48 14 0.57 0.06 0.78 0.510.47 14 0.49 0.06 0.78 1.000.69 14 0.09 0.10 0.30 0.670.62 14 0.13 0.09 0.53 0.660.38 14 0.58 0.07 0.79 0.600.75 14 0.00 0.10 0.29 0.670.33 14 0.32 0.09 0.53 0.670.79 14 0.00 0.10 0.29 1.000.85 14 0.49 0.06 0.78 0.660.40 14 0.57 0.06 0.78 0.41
1793,0.48 6 0.00 0.12 0.32 1.000.65 6 0.01 0.03 0.67 1.00
1794,0.37 14 0.16 0.10 0.67 1.000.38 14 0.16 0.09 0.52 1.000.84 14 0.00 0.09 0.51 1.000.86 14 0.00 0.09 0.68 1.00
1795,0.83 14 0.16 0.19 0.44 0.760.53 14 0.16 0.19 0.45 1.000.55 14 0.01 0.19 0.44 1.000.44 14 0.17 0.20 0.68 1.000.95 14 0.43 0.22 0.68 0.76
1796,0.95 14 0.00 0.36 0.22 0.760.31 14 0.36 0.24 0.44 0.36
1797,0.0 1 0.0 0.0 10.0 10.0
1798,0.97 14 0.34 0.12 0.44 0.45
1799,0.52 14 0.48 0.15 0.69 0.500.45 14 0.20 0.05 0.25 0.140.75 14 0.01 0.06 0.12 0.290.66 14 0.51 0.35 0.87 0.700.57 14 0.49 0.15 0.74 0.450.43 14 0.00 0.06 0.12 0.510.46 14 0.00 0.06 0.08 0.740.34 8 0.02 0.35 0.26 0.750.41 14 0.48 0.15 0.74 0.740.95 14 0.11 0.14 0.41 0.750.86 14 0.49 0.15 0.87 0.710.40 14 0.48 0.15 0.87 0.750.34 14 0.49 0.15 0.75 0.62
1800,0.51 14 0.30 0.07 0.57 0.400.83 14 0.24 0.21 0.55 0.650.35 14 0.29 0.08 0.35 0.370.58 14 0.06 0.50 0.38 0.660.81 14 0.31 0.13 0.56 0.450.79 14 0.05 0.19 0.54 0.670.31 14 0.05 0.17 0.55 0.630.86 14 0.29 0.08 0.35 0.310.32 14 0.23 0.15 0.59 0.650.49 14 0.51 0.07 0.63 0.42
1801,0.81 14 0.00 0.30 0.04 0.37
1802,0.45 14 0.39 0.27 0.44 0.350.60 14 0.26 0.29 0.32 0.360.45 14 0.38 0.27 0.46 0.45
1803,0.87 6 0.41 0.28 0.67 0.41
1804,0.91 14 0.77 0.07 0.98 0.680.38 14 0.77 0.27 0.86 0.430.86 14 0.77 0.27 0.98 0.680.68 14 0.72 0.09 0.80 0.220.87 14 0.36 0.21 0.48 0.420.75 6 0.07 0.15 0.25 0.240.60 6 0.00 0.15 0.13 0.270.76 6 0.00 0.15 0.09 0.270.91 14 0.26 0.11 0.31 0.190.75 6 0.04 0.15 0.27 0.290.33 6 0.03 0.15 0.13 0.280.93 14 0.43 0.08 0.52 0.180.78 14 0.17 0.12 0.21 0.170.56 6 0.01 0.14 0.78 0.660.71 6 0.01 0.13 0.97 0.670.43 14 0.76 0.27 0.86 0.500.81 6 0.03 0.15 0.21 0.280.38 6 0.09 0.15 0.22 0.240.81 14 0.76 0.07 0.98 0.560.83 14 0.73 0.09 0.79 0.14
1805,0.89 14 0.53 0.27 0.62 0.450.39 14 0.57 0.28 0.63 0.440.72 14 0.57 0.27 0.62 0.33
1806,0.35 6 0.44 0.31 0.90 0.48
1807,0.95 14 0.28 0.13 0.44 0.54
1808,0.68 14 0.12 0.13 0.59 0.840.57 6 0.05 0.50 0.20 0.600.60 15 0.53 0.57 0.60 0.720.36 14 0.23 0.13 0.59 0.630.44 15 0.12 0.43 0.16 0.480.72 14 0.11 0.12 0.60 0.880.57 14 0.23 0.13 0.58 0.840.32 15 0.55 0.36 0.61 0.470.76 15 0.54 0.60 0.61 0.72
1809,0.0 1 0.0 0.0 10.0 10.0
1810,0.42 14 0.00 0.40 0.21 1.000.43 14 0.00 0.39 0.26 1.000.84 14 0.74 0.42 1.00 1.000.88 14 0.74 0.42 0.95 1.000.62 14 0.60 0.43 0.78 0.660.59 4 0.54 0.59 0.59 0.830.95 14 0.25 0.48 0.37 0.750.63 4 0.47 0.56 0.50 0.660.47 14 0.65 0.43 0.76 0.560.33 14 0.30 0.45 0.42 0.770.61 14 0.64 0.43 0.78 0.680.81 14 0.00 0.35 0.22 1.000.76 14 0.30 0.45 0.41 0.650.89 14 0.45 0.45 0.60 0.610.39 14 0.26 0.44 0.38 0.600.90 14 0.07 0.45 0.38 0.990.31 15 0.29 0.77 0.41 0.920.56 14 0.00 0.43 0.28 1.000.56 14 0.25 0.48 0.33 0.580.60 14 0.60 0.43 0.77 0.810.30 14 0.09 0.45 0.28 0.790.63 14 0.31 0.45 0.39 0.610.91 14 0.59 0.43 0.77 0.750.59 14 0.44 0.44 0.60 0.810.58 14 0.78 0.43 0.94 0.670.62 14 0.60 0.45 0.69 0.600.84 4 0.54 0.59 0.59 0.820.35 14 0.61 0.43 1.00 1.000.41 14 0.62 0.44 0.69 0.55
1811,0.49 14 0.33 0.19 0.67 0.610.88 14 0.38 0.18 0.66 0.610.65 14 0.35 0.19 0.70 0.920.50 14 0.38 0.19 0.68 0.92
1812,0.0 1 0.0 0.0 10.0 10.0
1813,0.45 14 0.10 0.17 0.88 0.760.34 14 0.58 0.16 0.88 0.73
1814,0.97 14 0.30 0.34 0.40 0.64
1815,0.83 6 0.22 0.65 0.66 0.93
1816,0.45 14 0.57 0.29 0.74 0.590.39 14 0.40 0.59 0.49 0.880.38 14 0.00 0.10 0.28 0.620.74 14 0.22 0.38 0.49 0.980.60 4 0.77 0.32 0.80 0.420.38 14 0.52 0.29 0.74 0.670.58 14 0.00 0.10 0.48 1.000.30 14 0.06 0.10 0.28 0.570.47 14 0.22 0.38 0.48 0.970.90 14 0.00 0.10 0.28 1.000.45 14 0.52 0.29 0.88 0.850.33 14 0.00 0.11 0.28 0.880.74 14 0.24 0.37 0.48 0.910.84 14 0.52 0.29 0.75 0.800.58 14 0.53 0.29 0.88 1.000.53 14 0.58 0.30 0.71 0.51
1817,0.73 6 0.04 0.15 0.83 0.76
1818,0.44 15 0.35 0.37 0.46 0.560.31 10 0.05 0.51 0.78 1.00
1819,0.92 14 0.25 0.19 0.54 0.720.39 13 0.10 0.26 0.66 0.75
1820,0.64 14 0.01 0.46 0.72 1.000.34 14 0.00 0.34 0.67 1.000.43 14 0.01 0.34 0.86 1.00
1821,0.58 8 0.07 0.47 0.28 0.790.55 15 0.25 0.51 0.33 0.690.33 8 0.07 0.47 0.25 0.710.34 15 0.25 0.57 0.32 0.690.47 15 0.25 0.57 0.32 0.690.32 8 0.07 0.47 0.27 0.790.32 15 0.00 0.42 0.03 0.530.38 15 0.20 0.44 0.26 0.510.75 15 0.20 0.39 0.27 0.510.65 8 0.07 0.47 0.27 0.790.33 15 0.19 0.40 0.26 0.500.36 15 0.21 0.39 0.27 0.510.73 15 0.24 0.31 0.35 0.690.52 8 0.35 0.49 0.46 0.75
1822,0.48 6 0.00 0.13 0.68 0.960.95 14 0.26 0.06 0.46 0.520.71 6 0.01 0.13 0.67 0.960.89 14 0.40 0.32 0.63 0.85
1823,0.84 14 0.61 0.76 0.88 1.000.93 14 0.00 0.60 0.10 1.000.37 14 0.14 0.00 0.21 0.400.48 14 0.14 0.00 0.20 0.190.86 14 0.69 0.02 0.77 0.330.62 14 0.61 0.77 0.75 1.000.89 14 0.41 0.82 0.52 0.960.74 14 0.30 0.03 0.36 0.170.93 14 0.16 -0.00 0.25 0.390.89 14 0.61 0.77 0.69 1.000.73 14 0.35 0.93 0.43 1.000.94 14 0.23 0.03 0.35 0.380.92 14 0.54 0.02 0.63 0.340.37 14 0.22 0.01 0.29 0.380.91 14 0.00 0.03 0.05 0.390.82 14 0.23 0.01 0.29 0.140.53 14 0.10 0.35 0.72 0.970.73 14 0.51 0.33 0.72 0.870.50 14 0.61 0.77 0.69 0.890.91 14 0.62 0.01 0.70 0.36
1824,0.38 14 0.68 0.41 0.81 0.65
1825,0.30 6 0.11 0.15 0.80 0.750.69 6 0.01 0.01 0.80 0.76
1826,0.0 1 0.0 0.0 10.0 10.0
1827,0.87 14 0.65 0.59 0.68 0.68
1828,0.53 6 0.00 0.42 0.07 0.510.30 6 0.32 0.41 0.47 0.560.30 6 0.57 0.34 0.63 0.380.74 6 0.59 0.34 0.65 0.38
1829,0.31 6 0.43 0.54 0.52 0.600.72 6 0.81 0.53 0.89 0.610.72 6 0.87 0.52 0.94 0.610.40 6 0.80 0.52 0.94 0.610.87 6 0.65 0.55 0.74 0.620.87 6 0.25 0.52 0.37 0.610.85 6 0.35 0.54 0.48 0.620.39 6 0.11 0.51 0.22 0.610.77 6 0.01 0.55 0.07 0.600.34 6 0.61 0.54 0.69 0.610.43 14 0.01 0.55 0.03 0.610.64 14 0.23 0.54 0.26 0.600.85 6 0.11 0.51 0.22 0.610.80 6 0.07 0.55 0.12 0.610.38 6 0.71 0.53 0.89 0.610.87 6 0.92 0.50 1.00 0.600.74 6 0.43 0.54 0.52 0.620.83 6 0.57 0.50 0.66 0.600.39 6 0.57 0.50 0.66 0.60
1830,0.0 1 0.0 0.0 10.0 10.0
1831,0.0 1 0.0 0.0 10.0 10.0
1832,0.40 6 0.07 0.56 0.25 0.720.89 14 0.36 0.22 0.44 0.330.94 14 0.76 0.54 0.81 0.820.78 14 0.46 0.26 0.53 0.390.36 14 0.38 0.22 0.44 0.300.84 14 0.45 0.25 0.52 0.330.89 6 0.07 0.57 0.25 0.720.71 14 0.36 0.22 0.44 0.400.88 14 0.26 0.21 0.35 0.340.35 6 0.25 0.29 0.54 0.44
1833,0.46 14 0.65 0.07 0.70 0.130.86 14 0.65 0.07 0.75 0.23
1834,0.40 14 0.43 0.03 0.64 0.260.40 14 0.63 0.07 0.85 0.330.75 14 0.00 0.09 0.45 0.690.33 14 0.41 0.03 0.64 0.390.41 14 0.63 0.00 0.87 0.340.31 14 0.39 0.03 0.84 0.740.44 14 0.00 0.02 0.52 1.000.56 14 0.00 0.08 0.40 1.000.32 14 0.01 0.01 0.85 1.000.70 14 0.63 0.00 0.87 0.740.31 14 0.00 0.10 0.36 0.71
1835,0.0 1 0.0 0.0 10.0 10.0
1836,0.67 14 0.21 0.19 0.64 0.59
1837,0.49 6 0.08 0.13 0.84 0.71
1838,0.56 15 0.27 0.63 0.32 0.690.60 15 0.27 0.45 0.32 0.510.59 15 0.28 0.25 0.32 0.33
1839,0.57 6 0.00 0.01 1.00 0.74
1840,0.53 6 0.01 0.01 0.85 0.75
1841,0.34 12 0.27 0.37 0.61 0.970.38 14 0.67 0.29 0.86 0.710.33 14 0.06 0.23 0.45 0.920.83 14 0.63 0.35 0.70 0.510.78 14 0.28 0.22 0.44 0.730.77 14 0.69 0.29 0.85 0.640.75 14 0.28 0.22 0.44 0.630.73 14 0.68 0.29 0.88 0.870.80 14 0.52 0.36 0.70 0.910.40 14 0.68 0.29 0.92 0.780.49 14 0.66 0.29 0.95 0.91
1842,0.48 14 0.87 0.53 0.92 0.670.47 6 0.80 0.61 0.98 0.830.56 14 0.87 0.53 0.94 0.820.88 14 0.78 0.51 0.84 0.680.81 14 0.78 0.51 0.84 0.700.91 14 0.87 0.54 0.92 0.75
1843,0.55 14 0.00 0.48 0.15 0.770.57 14 0.00 0.34 0.16 0.78
1844,0.71 4 0.38 0.23 0.44 0.460.78 14 0.02 0.00 0.30 0.530.40 4 0.38 0.24 0.45 0.540.78 14 0.20 0.02 0.38 0.460.65 15 0.66 0.43 0.80 0.600.71 4 0.38 0.24 0.45 0.510.48 14 0.20 0.02 0.39 0.420.67 14 0.01 0.00 0.37 0.550.64 14 0.00 0.00 0.31 0.680.98 14 0.56 0.08 0.74 0.46
1845,0.44 1 0.26 0.23 0.89 0.820.46 1 0.00 0.23 0.32 0.80
1846,0.59 14 0.03 0.37 0.52 1.000.35 14 0.03 0.36 0.41 0.85
1847,0.60 14 0.67 0.30 0.76 0.510.33 13 0.32 0.16 0.77 0.960.31 13 0.31 0.25 0.76 0.96
1848,0.36 14 0.80 0.35 0.92 0.540.65 14 0.69 0.10 0.94 1.000.48 14 0.53 0.14 0.91 1.000.78 14 0.14 0.19 0.47 1.000.39 14 0.52 0.19 0.70 0.860.87 14 0.00 0.11 0.49 1.000.44 14 0.52 0.00 0.94 0.920.69 14 0.53 0.10 0.91 1.000.32 14 0.52 0.01 0.94 1.000.30 14 0.52 0.23 0.86 0.890.75 14 0.52 0.00 0.99 1.00
1849,0.88 6 0.86 0.28 1.00 0.420.53 14 0.97 0.23 1.00 0.300.66 6 0.11 0.21 0.42 0.480.64 6 0.43 0.20 0.88 0.460.67 6 0.43 0.20 0.88 0.46
1850,0.89 14 0.32 0.17 0.52 0.470.39 14 0.43 0.33 0.59 0.520.45 14 0.31 0.17 0.47 0.450.57 14 0.16 0.17 0.51 0.760.86 14 0.57 0.30 0.63 0.40
1851,0.69 14 0.19 0.10 0.78 0.660.34 4 0.29 0.35 0.41 0.490.52 14 0.19 0.10 0.72 0.660.45 14 0.26 0.10 0.70 0.660.55 14 0.19 0.10 0.78 1.000.31 4 0.28 0.35 0.40 0.490.55 14 0.19 0.10 1.00 0.66
1852,0.43 14 0.00 0.34 0.43 1.000.50 14 0.17 0.04 0.67 0.880.37 14 0.01 0.33 0.45 0.900.44 14 0.00 0.05 0.47 0.890.57 14 0.15 0.05 0.30 0.360.72 14 0.53 0.00 0.71 0.210.47 14 0.00 0.33 0.66 1.000.35 14 0.16 0.05 0.49 0.890.47 14 0.17 0.04 0.49 0.410.47 14 0.00 0.35 0.31 0.890.90 14 0.13 0.05 0.26 0.220.36 14 0.00 0.03 0.50 1.000.49 14 0.11 0.05 0.27 0.250.61 14 0.00 0.35 0.28 1.000.49 14 0.00 0.03 0.67 1.000.36 14 0.19 0.04 0.48 0.890.31 14 0.58 0.00 0.71 0.20
1853,0.36 6 0.90 0.39 1.00 0.47
1854,0.33 14 0.46 0.04 0.77 0.500.30 14 0.00 0.12 0.26 0.680.67 14 0.00 0.10 0.50 0.680.39 14 0.46 0.05 0.84 0.520.37 14 0.46 0.04 0.87 0.650.75 14 0.00 0.11 0.53 1.000.63 14 0.00 0.19 0.23 1.000.75 14 0.00 0.21 0.23 0.680.66 14 0.46 0.04 0.92 0.520.32 14 0.46 0.04 0.91 1.000.48 14 0.47 0.03 1.00 1.00
1855,0.0 1 0.0 0.0 10.0 10.0
1856,0.36 14 0.12 0.06 0.56 1.000.38 14 0.00 0.07 0.54 0.820.31 14 0.00 0.10 0.36 0.640.32 14 0.12 0.43 0.62 1.000.34 14 0.25 0.06 0.55 0.570.85 14 0.26 0.06 0.54 0.570.51 14 0.00 0.07 0.54 1.000.49 14 0.00 0.07 0.53 0.560.34 14 0.00 0.06 0.73 1.00
1857,0.32 14 0.68 0.27 0.77 0.36
1858,0.58 14 0.11 0.08 0.35 0.500.89 14 0.12 0.07 0.40 0.870.68 14 0.00 0.06 0.34 0.86
1859,0.45 1 0.56 0.49 0.96 0.830.70 14 0.77 0.14 1.00 0.820.81 14 0.74 0.21 1.00 0.820.31 1 0.56 0.37 0.87 0.830.44 1 0.08 0.44 0.51 0.690.44 14 0.84 0.12 1.00 0.820.40 14 0.82 0.19 1.00 0.820.59 14 0.17 0.27 0.27 0.420.63 1 0.09 0.37 0.52 0.690.95 14 0.20 0.21 0.39 0.620.44 1 0.56 0.51 0.84 0.830.34 14 0.19 0.27 0.27 0.360.56 14 0.74 0.20 0.98 0.580.72 14 0.25 0.21 0.40 0.620.40 1 0.56 0.36 0.99 0.83
1860,0.89 14 0.44 0.76 0.50 0.840.75 14 0.06 0.00 0.50 0.630.39 14 0.38 0.76 0.42 0.840.40 14 0.44 0.76 0.50 0.860.48 14 0.06 0.01 0.50 1.000.31 14 0.43 0.77 0.51 0.90
1861,0.38 8 0.67 0.58 0.90 0.840.40 8 0.68 0.52 1.00 0.840.35 8 0.68 0.53 0.90 0.830.34 8 0.26 0.57 0.59 0.850.75 14 0.85 0.21 0.93 0.320.54 8 0.25 0.57 0.62 0.840.35 15 0.02 0.41 0.18 0.640.54 15 0.02 0.32 0.18 0.640.39 8 0.42 0.47 0.65 0.67
1862,0.38 15 0.05 0.47 0.46 0.76
1863,0.33 19 0.10 0.20 0.39 0.520.31 19 0.09 0.20 0.39 0.53
1864,0.34 8 0.30 0.39 0.64 0.830.30 8 0.78 0.42 1.00 0.840.76 15 0.61 0.33 0.73 0.480.39 8 0.15 0.39 0.62 0.840.41 8 0.38 0.51 0.62 0.830.63 14 0.45 0.33 0.63 0.400.50 8 0.15 0.40 0.40 0.840.41 8 0.31 0.40 0.62 0.830.51 8 0.41 0.48 0.62 0.830.51 15 0.60 0.34 0.68 0.48
1865,0.78 14 0.05 0.46 0.08 0.52
1866,0.36 14 0.36 0.05 0.60 0.490.93 14 0.31 0.05 0.63 0.490.79 14 0.00 0.08 0.63 1.00
1867,0.41 14 0.38 0.26 0.52 0.430.92 14 0.38 0.41 0.50 0.840.41 14 0.45 0.30 0.53 0.410.37 14 0.38 0.26 0.50 0.450.84 14 0.06 0.35 0.20 0.510.44 14 0.39 0.12 0.52 0.430.59 14 0.06 0.37 0.17 0.490.84 14 0.07 0.46 0.19 0.720.80 14 0.39 0.30 0.51 0.450.92 14 0.07 0.37 0.19 0.710.64 14 0.39 0.26 0.44 0.340.89 14 0.39 0.12 0.49 0.370.36 14 0.37 0.28 0.52 0.840.39 14 0.46 0.30 0.52 0.390.30 14 0.07 0.36 0.17 0.48
1868,0.31 1 0.01 0.06 0.74 0.630.49 4 0.76 0.41 0.83 0.62
1869,0.50 1 0.05 0.12 0.46 0.640.90 14 0.20 0.02 0.46 0.590.41 14 0.27 0.02 0.47 0.590.32 1 0.20 0.28 0.46 0.62
1870,0.77 14 0.45 0.18 0.49 0.240.32 14 0.42 0.18 0.45 0.250.53 6 0.17 0.22 0.28 0.300.33 6 0.00 0.22 0.15 0.390.62 14 0.41 0.18 0.44 0.240.96 14 0.12 0.18 0.18 0.330.67 14 0.33 0.25 0.38 0.290.74 6 0.03 0.28 0.61 0.740.83 6 0.01 0.22 0.13 0.300.39 6 0.00 0.23 0.03 0.360.87 14 0.60 0.18 0.64 0.300.35 6 0.22 0.21 0.40 0.300.55 6 0.03 0.20 0.61 0.740.81 14 0.60 0.18 0.65 0.490.65 14 0.35 0.18 0.37 0.220.60 6 0.57 0.29 0.64 0.43
1871,0.54 14 0.06 0.29 0.49 0.670.72 14 0.41 0.47 0.50 0.550.40 14 0.00 0.28 0.49 0.67
1872,0.42 14 0.50 0.28 0.64 0.500.44 14 0.56 0.28 0.66 0.400.82 14 0.31 0.19 0.52 0.530.55 14 0.28 0.38 0.63 0.650.34 14 0.36 0.44 0.62 0.620.76 14 0.04 0.11 0.33 0.470.42 14 0.79 0.21 0.85 0.420.73 14 0.76 0.46 0.83 0.650.35 14 0.76 0.22 0.85 0.660.86 14 0.03 0.10 0.33 0.660.42 14 0.79 0.23 0.85 0.530.50 14 0.79 0.22 0.86 0.480.93 14 0.51 0.27 0.66 0.550.62 14 0.24 0.19 0.52 0.590.68 14 0.75 0.45 0.81 0.540.75 14 0.00 0.43 0.05 0.670.38 14 0.78 0.21 0.85 0.560.48 14 0.45 0.39 0.63 0.590.77 14 0.30 0.18 0.52 0.600.53 14 0.68 0.45 0.83 0.640.73 14 0.30 0.19 0.52 0.590.44 14 0.29 0.41 0.63 0.640.41 14 0.28 0.28 0.63 0.650.52 14 0.76 0.22 0.85 0.660.45 14 0.54 0.28 0.66 0.530.43 14 0.57 0.28 0.66 0.54
1873,0.51 14 0.15 0.04 0.88 0.98
1874,0.0 1 0.0 0.0 10.0 10.0
1875,0.31 6 0.54 0.58 0.67 0.72
1876,0.49 15 0.51 0.39 0.57 0.530.63 15 0.56 0.33 0.66 0.580.44 15 0.56 0.40 0.66 0.580.48 15 0.50 0.37 0.58 0.540.44 14 0.03 0.01 0.18 0.710.38 14 0.04 0.13 0.61 0.940.34 15 0.51 0.29 0.66 0.58
1877,0.0 1 0.0 0.0 10.0 10.0
1878,0.0 1 0.0 0.0 10.0 10.0
1879,0.31 15 0.01 0.01 0.42 0.89
1880,0.95 14 0.30 0.69 0.46 1.00
1881,0.69 14 0.28 0.00 0.42 0.24
1882,0.73 14 0.39 0.01 0.54 0.330.37 14 0.09 0.06 0.44 0.510.33 14 0.62 0.05 0.78 0.510.68 14 0.10 0.06 0.43 0.690.34 1 0.10 0.29 0.58 0.700.81 14 0.09 0.05 0.44 0.580.40 14 0.39 0.02 0.58 0.370.89 14 0.63 0.05 0.80 0.420.84 14 0.40 0.02 0.58 0.540.47 14 0.12 0.05 0.44 0.450.40 14 0.12 0.06 0.38 0.440.50 14 0.62 0.05 0.81 0.650.80 14 0.62 0.05 0.81 0.530.54 14 0.63 0.05 0.78 0.36
1883,0.64 14 0.03 0.25 0.27 0.90
1884,0.55 14 0.20 0.02 0.32 0.15
1885,0.0 1 0.0 0.0 10.0 10.0
1886,0.59 4 0.43 0.07 0.48 0.24
1887,0.58 14 0.00 0.00 0.63 1.00
1888,0.0 1 0.0 0.0 10.0 10.0
1889,0.55 14 0.59 0.27 0.66 0.560.45 6 0.19 0.49 0.39 0.730.40 6 0.19 0.48 0.43 0.970.83 6 0.00 0.36 0.16 0.680.70 14 0.51 0.27 0.66 0.580.65 14 0.51 0.27 0.66 0.750.60 14 0.59 0.27 0.66 0.47
1890,0.43 14 0.20 0.16 0.79 1.000.52 14 0.20 0.16 0.71 1.000.81 14 0.07 0.15 0.79 1.00
1891,0.34 14 0.15 0.25 0.41 0.690.33 14 0.61 0.14 1.00 1.000.67 14 0.14 0.24 0.49 1.000.60 14 0.14 0.48 0.51 1.000.31 14 0.14 0.24 0.58 1.000.38 14 0.13 0.55 0.33 0.990.54 14 0.14 0.54 0.46 1.000.83 14 0.60 0.00 1.00 1.00
1892,0.76 14 0.58 0.37 0.67 0.640.90 14 0.47 0.00 0.55 0.280.82 14 0.58 0.37 0.63 0.440.84 6 0.38 0.32 0.86 0.620.31 6 0.38 0.32 0.87 0.63
1893,0.42 14 0.53 0.27 0.80 0.700.76 14 0.53 0.23 0.84 0.70
1894,0.46 14 0.12 0.14 0.58 0.970.85 14 0.00 -0.00 0.30 0.630.54 14 0.12 0.14 0.69 0.97
1895,0.0 1 0.0 0.0 10.0 10.0
1896,0.0 1 0.0 0.0 10.0 10.0
1897,0.73 14 0.51 0.13 0.82 0.630.93 14 0.08 0.00 0.40 0.470.68 14 0.40 0.12 0.88 0.640.87 14 0.41 0.13 0.83 0.63
1898,0.92 14 0.77 0.36 0.83 0.490.96 14 0.86 0.42 0.91 0.580.40 6 0.01 0.09 0.78 0.740.71 14 0.77 0.36 0.83 0.550.59 14 0.75 0.29 0.78 0.35
1899,0.39 14 0.58 0.46 0.73 0.740.61 14 0.08 0.04 0.31 0.500.90 14 0.28 0.16 0.56 0.650.36 14 0.31 0.17 0.55 0.630.92 14 0.00 0.04 0.29 0.700.51 14 0.00 0.12 0.54 1.000.30 14 0.59 0.46 0.80 0.75
1900,0.0 1 0.0 0.0 10.0 10.0
1901,0.51 14 0.49 0.04 0.56 0.160.43 14 0.87 0.04 1.00 0.260.90 14 0.76 0.05 0.82 0.270.58 14 0.51 0.04 0.70 0.600.81 14 0.94 0.04 1.00 0.140.63 14 0.94 0.04 1.00 0.250.66 6 0.00 0.09 0.10 0.320.62 6 0.00 0.09 0.10 0.320.30 14 0.10 0.18 0.14 0.330.31 14 0.49 0.04 0.64 0.350.86 14 0.49 0.04 0.56 0.260.93 14 0.77 0.04 0.84 0.270.34 6 0.29 0.07 0.40 0.160.93 14 0.40 0.13 0.46 0.270.48 14 0.11 0.09 0.15 0.310.43 14 0.43 0.04 0.70 0.600.78 14 0.80 0.03 0.86 0.270.32 14 0.35 0.13 0.70 0.61
1902,0.82 6 0.81 0.49 0.88 0.56
1903,0.94 14 0.42 0.47 0.53 0.690.77 14 0.24 0.47 0.39 0.650.34 14 0.49 0.46 0.55 0.660.35 14 0.42 0.47 0.54 0.650.96 14 0.53 0.45 0.66 0.68
1904,0.0 1 0.0 0.0 10.0 10.0
1905,0.0 1 0.0 0.0 10.0 10.0
1906,0.46 4 0.09 0.02 0.40 0.99
1907,0.0 1 0.0 0.0 10.0 10.0
1908,0.0 1 0.0 0.0 10.0 10.0
1909,0.57 14 0.28 0.34 0.50 0.590.76 14 0.30 0.54 0.45 0.730.32 1 0.19 0.56 0.28 0.730.59 1 0.01 0.59 0.11 0.750.32 14 0.21 0.51 0.46 0.740.66 1 0.21 0.50 0.59 0.790.93 14 0.21 0.51 0.29 0.650.46 1 0.20 0.49 0.60 0.800.44 14 0.02 0.51 0.10 0.610.85 14 0.28 0.34 0.51 0.730.76 14 0.01 0.51 0.09 0.700.31 14 0.22 0.50 0.29 0.600.34 1 0.20 0.56 0.37 0.790.96 14 0.01 0.51 0.12 0.710.39 14 0.23 0.51 0.30 0.620.71 14 0.29 0.54 0.45 0.730.59 1 0.23 0.50 0.59 0.80
1910,0.85 14 0.12 0.01 0.39 0.600.92 14 0.00 0.08 0.15 0.610.60 14 0.12 0.00 0.81 0.61
1911,0.47 14 0.69 0.29 1.00 0.490.92 14 0.07 0.20 0.15 0.320.56 14 0.14 0.26 0.27 0.480.86 14 0.08 0.20 0.28 0.490.96 14 0.51 0.11 0.67 0.290.34 8 0.60 0.35 0.73 0.490.75 14 0.00 0.24 0.08 0.380.52 14 0.00 0.25 0.27 0.490.78 14 0.00 0.25 0.19 0.480.88 14 0.69 0.28 0.97 0.490.35 14 0.00 0.24 0.20 0.55
1912,0.31 14 0.09 0.21 0.61 0.91
1913,0.51 14 0.51 0.33 0.59 0.500.96 14 0.37 0.33 0.55 0.650.55 14 0.62 0.21 0.73 0.490.61 14 0.56 0.31 0.66 0.590.73 14 0.54 0.32 0.66 0.580.47 14 0.63 0.21 0.74 0.660.63 14 0.63 0.21 0.74 0.580.89 14 0.35 0.32 0.44 0.550.80 14 0.52 0.33 0.60 0.630.98 14 0.11 0.24 0.26 0.670.92 14 0.57 0.20 0.74 0.670.91 14 0.56 0.31 0.66 0.560.59 14 0.57 0.23 0.72 0.56
1914,0.36 15 0.09 0.56 0.16 0.630.65 15 0.09 0.56 0.16 0.650.71 15 0.02 0.59 0.11 0.67
1915,0.0 1 0.0 0.0 10.0 10.0
1916,0.46 14 0.40 0.12 0.49 0.280.32 14 0.36 0.11 0.49 0.430.39 14 0.26 0.13 0.38 0.610.30 14 0.45 0.18 0.58 0.650.38 14 0.26 0.12 0.55 0.650.72 14 0.26 0.13 0.38 0.500.68 14 0.43 0.18 0.56 0.650.89 14 0.37 0.11 0.55 0.650.89 14 0.26 0.13 0.38 0.430.38 14 0.39 0.12 0.50 0.390.45 14 0.42 0.11 0.58 0.66
1917,0.0 1 0.0 0.0 10.0 10.0
1918,0.0 1 0.0 0.0 10.0 10.0
1919,0.92 14 0.17 0.80 0.29 1.000.90 14 0.29 0.19 0.39 0.390.89 14 0.05 0.18 0.31 0.570.66 14 0.05 0.18 0.48 0.650.38 14 0.05 0.18 0.48 1.000.68 14 0.05 0.18 0.30 1.000.45 14 0.04 0.18 0.31 0.640.97 14 0.48 0.11 0.59 0.41
1920,0.37 6 0.12 0.00 0.80 0.67
1921,0.0 1 0.0 0.0 10.0 10.0
1922,0.44 14 0.34 0.22 0.53 0.570.34 14 0.28 0.22 0.54 0.88
1923,0.31 15 0.33 0.50 0.55 0.740.38 15 0.10 0.45 0.30 0.750.38 15 0.01 0.30 0.31 0.730.34 15 0.60 0.37 0.80 0.610.35 15 0.94 0.36 1.00 0.680.35 15 0.01 0.30 0.28 0.730.30 15 0.22 0.47 0.40 0.690.35 15 0.01 0.29 0.31 0.750.43 15 0.61 0.37 0.95 0.880.31 15 0.01 0.34 0.30 0.74
1924,0.0 1 0.0 0.0 10.0 10.0
1925,0.43 14 0.33 0.24 0.61 0.990.50 14 0.58 0.29 0.89 0.980.50 14 0.49 0.29 0.89 0.990.92 14 0.35 0.24 0.60 0.680.98 14 0.00 0.16 0.28 1.000.38 14 0.73 0.29 0.89 0.710.61 14 0.59 0.28 0.88 0.750.69 14 0.44 0.29 0.89 1.000.33 14 0.43 0.27 0.89 1.00
1926,0.0 1 0.0 0.0 10.0 10.0
1927,0.0 1 0.0 0.0 10.0 10.0
1928,0.70 6 0.06 0.32 0.61 0.75
1929,0.32 15 0.38 0.24 0.53 0.37
1930,0.96 14 0.17 0.14 0.25 0.320.93 14 0.01 0.14 0.09 0.310.97 14 0.31 0.15 0.52 0.62
1931,0.34 14 0.68 0.25 0.84 0.660.84 14 0.27 0.27 0.65 0.680.34 14 0.68 0.11 0.89 0.680.61 14 0.00 0.23 0.15 0.680.72 14 0.83 0.11 0.89 0.270.43 14 0.00 0.23 0.16 1.000.80 14 0.28 0.27 0.67 1.00
1932,0.37 6 0.08 0.15 0.88 0.56
1933,0.63 14 0.00 0.17 0.67 1.00
1934,0.37 15 0.20 0.13 0.50 0.460.84 14 0.00 0.08 0.08 0.240.32 15 0.20 0.11 0.49 0.570.33 4 0.29 0.59 0.37 0.72
1935,0.89 14 0.79 -0.00 1.00 0.690.31 14 0.21 0.08 0.63 0.990.50 14 0.17 0.02 0.35 0.690.64 14 0.54 0.00 0.83 0.670.74 14 0.26 0.12 0.85 0.670.41 14 0.18 0.02 0.33 0.530.58 14 0.26 0.12 0.84 1.000.54 14 0.26 0.12 0.63 0.670.53 14 0.50 0.00 0.85 0.680.34 14 0.53 0.01 0.80 0.66
1936,0.55 6 0.78 0.33 1.00 0.630.41 14 0.24 0.00 0.58 0.48
1937,0.66 14 0.10 0.00 0.70 0.67
1938,0.31 6 0.28 0.21 0.36 0.32
1939,0.31 19 0.37 0.21 0.46 0.300.34 19 0.59 0.26 0.82 0.43
1940,0.90 14 0.26 0.21 0.44 0.390.82 14 0.36 0.23 0.45 0.38
1941,0.0 1 0.0 0.0 10.0 10.0
1942,0.36 14 0.18 0.54 0.43 0.690.44 6 0.09 0.13 0.51 0.500.59 14 0.32 0.59 0.42 0.68
1943,0.64 6 0.20 -0.00 0.82 0.45
1944,0.38 14 0.47 0.15 0.81 0.510.62 14 0.00 0.44 0.19 0.670.69 14 0.46 0.15 0.80 0.66
1945,0.63 14 0.40 0.09 0.62 0.360.48 6 0.64 0.66 0.72 0.700.42 6 0.64 0.50 0.72 0.550.80 14 0.41 0.08 0.72 0.450.32 6 0.51 0.63 0.60 0.69
1946,0.48 14 0.00 0.20 0.62 1.00
1947,0.53 14 0.29 0.06 0.65 1.000.63 14 0.68 0.50 0.81 0.750.31 14 0.29 0.08 0.61 0.700.55 14 0.29 0.07 0.66 0.740.34 14 0.68 0.51 0.81 0.730.71 14 0.68 0.50 0.93 0.750.32 14 0.30 0.08 0.95 0.75
1948,0.43 4 0.21 0.03 0.45 0.910.63 6 0.14 0.17 0.25 0.260.62 6 0.31 0.02 0.44 0.09
1949,0.44 14 0.47 0.17 0.63 0.600.57 14 0.33 0.18 0.49 0.570.32 4 0.68 0.49 0.75 0.750.36 14 0.34 0.19 0.49 0.690.81 14 0.47 0.18 0.65 0.660.64 14 0.24 0.19 0.52 0.760.42 14 0.33 0.19 0.55 0.750.96 14 0.25 0.22 0.41 0.760.48 4 0.61 0.48 0.74 0.750.84 14 0.45 0.18 0.65 0.750.67 4 0.49 0.50 0.58 0.750.34 14 0.46 0.17 0.65 0.76
1950,0.43 15 0.73 0.46 0.82 0.550.53 6 0.34 0.38 0.42 0.45
1951,0.0 1 0.0 0.0 10.0 10.0
1952,0.36 14 0.62 0.30 1.00 1.000.35 14 0.47 0.27 1.00 1.000.90 14 0.00 0.13 0.55 1.000.33 14 0.47 0.24 1.00 0.750.30 14 0.43 0.24 0.76 1.000.63 14 0.44 0.24 1.00 1.00
1953,0.77 15 0.25 0.55 0.40 0.820.52 15 0.36 0.70 0.44 0.820.36 15 0.27 0.65 0.39 0.810.40 19 0.00 0.25 0.20 0.59
1954,0.56 14 0.53 0.26 0.72 0.820.92 14 0.37 0.26 0.72 0.82
1955,0.84 6 0.14 0.20 0.81 0.470.33 6 0.84 0.29 0.93 0.340.76 6 0.77 0.29 0.95 0.440.66 6 0.76 0.28 0.95 0.430.53 6 0.00 0.20 0.96 0.820.30 6 0.77 0.30 0.89 0.430.32 6 0.76 0.25 0.96 0.440.51 6 0.84 0.27 0.96 0.350.42 6 0.76 0.30 0.89 0.43
1956,0.96 14 0.27 0.29 0.49 0.520.33 14 0.00 0.33 0.03 0.470.54 4 0.04 0.35 0.08 0.50
1957,0.68 15 0.39 0.28 0.51 0.380.95 14 0.29 0.49 0.51 0.820.54 15 0.08 0.26 0.26 0.350.94 14 0.72 0.54 0.85 0.820.89 14 0.19 0.48 0.32 0.740.73 14 0.16 0.44 0.32 0.740.42 14 0.74 0.48 0.82 0.640.49 14 0.71 0.48 0.82 0.670.73 4 0.60 0.67 0.63 0.810.46 14 0.23 0.49 0.31 0.600.76 14 0.69 0.48 0.83 0.650.47 14 0.22 0.48 0.32 0.720.58 14 0.10 0.48 0.31 0.770.46 14 0.55 0.56 0.64 0.690.86 14 0.47 0.53 0.55 0.660.34 14 0.17 0.44 0.28 0.610.73 14 0.69 0.48 0.84 0.820.63 14 0.10 0.59 0.22 0.750.31 15 0.39 0.28 0.51 0.380.82 14 0.53 0.55 0.65 0.780.58 14 0.72 0.48 0.83 0.680.50 4 0.63 0.67 0.66 0.81
1958,0.53 14 0.52 0.06 0.70 0.560.30 14 0.52 0.07 0.85 0.570.85 14 0.51 0.07 0.85 0.820.63 4 0.12 0.51 0.17 0.680.33 4 0.13 0.51 0.17 0.670.43 14 0.36 0.07 0.84 0.820.64 14 0.36 0.07 0.85 0.82
1959,0.36 8 0.29 0.49 0.41 0.71
1960,0.92 14 0.11 0.14 0.45 0.77
1961,0.0 1 0.0 0.0 10.0 10.0
1962,0.45 14 0.38 0.28 0.47 0.480.96 14 0.17 0.30 0.26 0.570.90 14 0.38 0.28 0.49 0.410.97 14 0.07 0.28 0.17 0.63
1963,0.0 1 0.0 0.0 10.0 10.0
1964,0.47 14 0.54 0.19 0.69 0.380.69 14 0.36 0.17 0.52 0.430.88 14 0.00 0.12 0.13 0.670.43 14 0.79 0.02 0.91 0.320.48 14 0.69 0.22 0.88 0.660.54 14 0.37 0.16 0.51 0.340.68 14 0.37 0.16 0.53 0.560.63 14 0.09 0.07 0.39 0.670.39 14 0.80 0.02 0.90 0.440.93 14 0.51 0.19 0.69 0.530.68 14 0.00 0.12 0.13 0.490.38 14 0.69 0.18 0.88 0.500.48 14 0.70 0.02 0.90 0.500.64 14 0.37 0.16 0.53 0.660.46 14 0.09 0.07 0.45 0.580.90 14 0.09 0.07 0.50 0.670.40 14 0.81 0.02 0.90 0.270.47 14 0.00 0.12 0.09 0.430.39 14 0.00 0.12 0.13 1.000.38 14 0.68 0.23 0.87 0.660.92 14 0.68 0.17 0.88 0.670.61 14 0.36 0.17 0.46 0.300.56 14 0.00 0.12 0.09 0.460.74 14 0.48 0.19 0.70 0.660.58 14 0.68 0.02 0.90 0.670.52 14 0.52 0.20 0.69 0.480.31 14 0.01 0.22 0.14 0.520.62 14 0.67 0.18 0.93 1.00
1965,0.32 6 0.09 0.00 0.68 0.290.35 6 0.05 0.00 0.69 0.460.36 6 0.05 0.00 0.69 0.30
1966,0.0 1 0.0 0.0 10.0 10.0
1967,0.64 6 0.47 0.24 0.54 0.260.87 6 0.72 0.41 0.79 0.470.41 6 0.34 0.36 0.42 0.410.73 6 0.18 0.24 0.23 0.270.56 6 0.88 0.26 0.94 0.310.37 6 0.07 0.30 0.13 0.340.46 6 0.52 0.44 0.66 0.560.46 6 0.31 0.20 0.40 0.240.73 6 0.33 0.30 0.39 0.340.80 6 0.52 0.26 0.60 0.290.41 6 0.72 0.41 0.79 0.470.84 6 0.08 0.30 0.13 0.340.47 6 0.33 0.27 0.38 0.310.83 6 0.35 0.35 0.42 0.410.36 6 0.52 0.26 0.60 0.29
1968,0.43 14 0.05 0.02 0.39 0.640.62 14 0.04 0.02 0.63 0.670.44 14 0.05 0.01 0.49 1.000.79 14 0.05 0.02 0.64 1.00
1969,0.79 14 0.00 0.10 0.20 0.670.80 14 0.16 0.20 0.42 0.670.31 14 0.23 0.21 0.43 0.660.49 14 0.14 0.21 0.45 1.000.34 14 0.21 0.20 0.52 0.660.53 14 0.22 0.20 0.42 0.530.38 14 0.22 0.19 0.44 0.640.65 14 0.00 0.11 0.40 1.000.77 14 0.00 0.10 0.22 1.000.43 14 0.22 0.19 0.42 0.370.66 14 0.22 0.20 0.45 0.660.87 14 0.50 0.02 0.84 0.650.31 14 0.39 0.02 0.84 0.670.43 14 0.40 0.02 0.88 1.00
1970,0.0 1 0.0 0.0 10.0 10.0
1971,0.66 1 0.16 0.54 0.58 0.950.87 14 0.22 0.23 0.55 0.750.45 14 0.22 0.23 0.55 0.79
1972,0.32 14 0.14 0.25 0.25 0.37
1973,0.92 14 0.29 0.04 0.49 0.340.69 14 0.08 0.07 0.64 0.44
1974,0.53 14 0.00 0.06 0.57 1.00
1975,0.72 14 0.06 0.11 0.47 0.620.81 14 0.00 0.12 0.50 1.00
1976,0.0 1 0.0 0.0 10.0 10.0
1977,0.0 1 0.0 0.0 10.0 10.0
1978,0.60 14 0.32 0.17 0.56 0.550.41 14 0.40 0.17 0.49 0.300.87 14 0.13 0.15 0.28 0.390.91 14 0.51 0.15 0.61 0.380.40 1 0.30 0.25 0.55 0.540.62 14 0.73 0.21 0.88 0.380.32 14 0.39 0.16 0.58 0.540.66 14 0.70 0.21 0.88 0.440.74 14 0.40 0.17 0.52 0.550.46 14 0.49 0.15 0.60 0.430.45 14 0.72 0.22 0.88 0.430.40 14 0.52 0.15 0.61 0.270.90 14 0.69 0.21 0.88 0.520.53 14 0.53 0.15 0.61 0.34
1979,0.37 14 0.00 0.12 0.40 0.710.34 14 0.52 0.22 0.88 0.670.50 14 0.05 0.25 0.52 0.710.50 14 0.04 0.25 0.55 1.000.45 14 0.03 0.13 0.53 0.710.36 14 0.52 0.22 0.88 0.740.36 14 0.52 0.22 0.83 0.720.67 14 0.00 0.13 0.52 1.000.51 14 0.51 0.22 0.88 0.750.30 14 0.14 0.24 0.53 0.710.31 14 0.53 0.22 0.77 0.530.31 14 0.53 0.22 0.82 0.47
1980,0.85 14 0.00 0.21 0.44 0.76
1981,0.94 14 0.32 0.09 0.57 0.890.96 14 0.11 0.03 0.33 0.93
1982,0.80 14 0.43 0.35 0.46 0.410.48 6 0.00 0.50 0.08 0.540.95 14 0.75 0.32 0.80 0.430.77 14 0.21 0.36 0.23 0.430.89 14 0.16 0.36 0.19 0.440.58 6 0.81 0.33 0.87 0.390.71 14 0.22 0.36 0.24 0.430.70 14 0.15 0.36 0.20 0.530.41 14 0.26 0.35 0.28 0.400.81 6 0.82 0.33 0.89 0.42
1983,0.0 1 0.0 0.0 10.0 10.0
1984,0.37 15 0.51 0.63 0.62 0.820.48 4 0.39 0.36 0.42 0.430.65 4 0.11 0.73 0.15 0.830.50 15 0.51 0.63 0.62 0.88
1985,0.84 14 0.50 0.17 0.54 0.250.45 14 0.17 0.23 0.20 0.290.92 14 0.06 0.22 0.09 0.300.41 6 0.00 0.13 0.18 0.310.79 14 0.81 0.19 0.85 0.270.37 14 0.67 0.19 0.71 0.280.31 14 0.96 0.19 1.00 0.270.41 14 0.30 0.21 0.34 0.290.77 14 0.30 0.21 0.34 0.290.93 14 0.26 0.11 0.46 0.540.92 14 0.00 0.20 0.04 0.300.90 14 0.21 0.21 0.25 0.290.91 14 0.12 0.21 0.16 0.290.77 14 0.33 0.12 0.46 0.400.37 14 0.14 0.19 0.17 0.290.77 14 0.18 0.19 0.22 0.290.81 14 0.74 0.18 0.77 0.270.91 14 0.09 0.22 0.13 0.300.88 14 0.14 0.20 0.17 0.290.88 14 0.61 0.12 0.65 0.280.75 14 0.61 0.12 0.65 0.27
1986,0.0 1 0.0 0.0 10.0 10.0
1987,0.64 14 0.00 0.22 0.68 1.000.34 14 0.00 0.01 0.70 1.00
1988,0.31 14 0.27 0.00 0.77 1.000.41 14 0.00 0.00 0.75 1.000.36 14 0.23 0.00 0.88 1.00
1989,0.0 1 0.0 0.0 10.0 10.0
1990,0.0 1 0.0 0.0 10.0 10.0
1991,0.60 6 0.25 0.25 0.56 0.550.79 6 0.08 0.24 0.21 0.310.34 6 0.26 0.24 0.56 0.550.31 6 0.08 0.24 0.21 0.320.48 6 0.00 0.44 0.15 0.67
1992,0.33 15 0.19 0.79 0.27 0.920.31 15 0.05 0.72 0.20 0.920.37 15 0.16 0.51 0.47 0.910.57 15 0.19 0.81 0.26 0.910.46 15 0.01 0.43 0.41 0.92
1993,0.0 1 0.0 0.0 10.0 10.0
1994,0.88 6 0.53 0.39 0.81 0.650.96 14 0.32 0.37 0.46 0.75
1995,0.0 1 0.0 0.0 10.0 10.0
1996,0.32 14 0.00 0.43 0.09 0.760.53 14 0.00 0.42 0.08 0.76
1997,0.51 15 0.39 0.22 0.49 0.380.80 15 0.38 0.21 0.48 0.380.72 15 0.22 0.38 0.35 0.530.49 15 0.45 0.04 0.55 0.330.78 15 0.31 0.29 0.43 0.450.66 15 0.38 0.21 0.49 0.420.40 15 0.32 0.25 0.43 0.450.43 15 0.31 0.30 0.43 0.450.34 15 0.45 0.19 0.54 0.32
1998,0.0 1 0.0 0.0 10.0 10.0
1999,0.74 14 0.18 0.19 0.44 0.760.44 14 0.18 0.19 0.68 0.750.46 14 0.42 0.35 0.63 0.750.44 14 0.18 0.18 0.45 1.000.39 14 0.00 0.18 0.41 1.000.36 14 0.18 0.22 0.68 1.000.86 14 0.42 0.28 0.67 0.75
2000,0.86 14 0.09 0.15 0.44 0.76
2001,0.58 6 0.28 0.27 0.66 0.660.36 14 0.59 0.40 0.75 0.640.94 14 0.58 0.40 0.75 0.73
2002,0.43 14 0.17 0.35 0.72 0.940.70 14 0.17 0.23 0.54 0.930.31 14 0.01 0.24 0.71 1.000.31 14 0.42 0.35 0.66 0.910.67 14 0.00 0.23 0.53 0.940.49 14 0.17 0.24 0.71 0.990.32 14 0.19 0.36 0.61 0.940.32 14 0.28 0.36 0.65 0.940.54 14 0.26 0.35 0.72 0.93
2003,0.0 1 0.0 0.0 10.0 10.0
2004,0.0 1 0.0 0.0 10.0 10.0
2005,0.73 14 0.00 0.01 0.41 0.850.49 14 0.00 0.01 0.67 0.880.54 14 0.00 0.01 0.44 1.000.61 14 -0.00 0.01 0.67 1.000.67 14 0.30 0.01 0.67 1.00
2006,0.81 6 0.05 0.09 0.84 0.89
2007,0.67 8 0.14 0.56 0.33 0.820.53 8 0.22 0.57 0.33 0.810.36 8 0.22 0.57 0.33 0.790.54 8 0.14 0.57 0.29 0.820.42 8 0.14 0.57 0.33 0.820.59 8 0.14 0.57 0.23 0.80
2008,0.81 14 0.29 0.21 0.46 0.680.93 14 0.36 0.53 0.50 0.940.35 14 0.05 0.16 0.25 0.680.65 14 0.45 0.51 0.60 0.940.69 14 0.26 0.62 0.37 0.940.76 14 0.43 0.25 0.58 0.580.94 14 0.27 0.62 0.37 0.940.55 14 0.21 0.20 0.46 0.880.66 14 0.54 0.15 0.73 0.700.43 14 0.18 0.20 0.46 0.790.31 14 0.42 0.25 0.58 0.730.62 14 0.18 0.18 0.32 0.620.96 14 0.06 0.16 0.28 0.940.43 14 0.18 0.18 0.32 0.470.94 14 0.54 0.15 0.73 0.940.48 14 0.43 0.15 0.73 0.940.83 14 0.43 0.24 0.60 0.940.37 14 0.54 0.15 0.73 0.820.46 14 0.43 0.25 0.58 0.510.40 14 0.51 0.51 0.59 0.65
2009,0.35 8 0.00 0.49 0.29 0.870.34 4 0.27 0.19 0.39 0.400.34 8 0.00 0.47 0.29 0.870.63 4 0.53 0.69 0.63 0.900.76 4 0.36 0.61 0.46 0.900.34 4 0.52 0.69 0.60 0.89
2010,0.46 6 0.03 0.36 0.90 0.66
2011,0.63 14 0.53 0.08 0.60 0.150.83 14 0.31 0.47 0.38 0.550.34 14 0.38 0.29 0.44 0.360.64 14 0.52 0.09 0.60 0.210.87 14 0.32 0.25 0.45 0.470.71 14 0.67 0.27 0.71 0.310.44 14 0.45 0.30 0.58 0.450.78 14 0.33 0.24 0.43 0.350.59 14 0.31 0.33 0.44 0.480.73 14 0.45 0.40 0.55 0.460.55 14 0.57 0.24 0.62 0.290.30 14 0.55 0.30 0.60 0.390.47 14 0.52 0.08 0.61 0.25
2012,0.0 1 0.0 0.0 10.0 10.0
2013,0.0 1 0.0 0.0 10.0 10.0
2014,0.80 14 0.27 0.03 0.47 0.430.34 14 0.31 0.35 0.61 0.830.48 14 0.43 0.07 0.65 0.310.31 14 0.02 0.25 0.60 0.830.47 14 0.27 0.03 0.48 0.690.55 14 0.27 0.03 0.47 0.580.90 14 0.02 0.25 0.43 0.830.40 14 0.02 0.25 0.30 0.830.31 14 0.28 0.03 0.60 0.820.30 14 0.32 0.30 0.66 0.83
2015,0.85 14 0.53 0.16 0.89 0.650.73 14 0.30 0.16 0.88 0.67
2016,0.65 14 0.42 0.27 0.52 0.370.89 14 0.26 0.34 0.36 0.500.33 14 0.37 0.29 0.42 0.390.77 14 0.01 0.34 0.05 0.430.41 6 0.04 0.15 0.74 0.530.95 14 0.80 0.34 0.83 0.430.77 14 0.60 0.30 0.64 0.36
2017,0.47 14 0.43 0.36 0.52 0.560.70 14 0.38 0.35 0.53 0.940.72 4 0.43 0.46 0.49 0.620.50 4 0.38 0.47 0.52 0.940.63 14 0.41 0.05 0.69 0.570.46 4 0.41 0.46 0.49 0.650.37 14 0.41 0.06 0.69 0.690.72 4 0.48 0.48 0.57 0.880.85 14 0.39 0.05 0.69 0.940.45 4 0.51 0.46 0.56 0.570.69 4 0.49 0.49 0.56 0.67
2018,0.48 6 0.08 0.38 0.21 0.470.47 13 0.14 0.42 0.45 0.850.50 14 0.14 0.44 0.45 0.830.67 6 0.00 0.37 0.22 0.470.64 14 0.32 0.44 0.46 0.830.34 13 0.45 0.35 0.82 0.93
2019,0.63 6 0.01 0.07 0.79 1.00
2020,0.31 4 0.37 0.56 0.42 0.700.96 14 0.23 0.26 0.43 1.000.69 4 0.37 0.55 0.42 0.69
2021,0.30 14 0.14 0.00 0.23 0.110.68 14 0.03 0.03 0.55 1.000.95 14 0.00 0.04 0.39 1.000.59 14 0.00 0.03 0.74 1.000.34 14 0.33 0.03 0.79 1.000.63 14 0.33 0.04 0.61 1.000.50 14 0.33 0.10 0.74 1.00
2022,0.0 1 0.0 0.0 10.0 10.0
2023,0.32 14 0.39 0.09 0.61 0.88
2024,0.76 6 0.20 0.35 0.78 0.80
2025,0.76 14 0.00 0.66 0.04 0.750.77 14 0.12 0.64 0.19 0.760.32 15 0.05 0.33 0.41 0.76
2026,0.31 14 0.03 0.13 0.74 0.750.67 14 0.52 0.18 0.81 0.76
2027,0.89 14 0.32 0.07 0.50 0.440.41 14 0.17 0.11 0.36 0.410.58 14 0.17 0.11 0.50 0.45
2028,0.0 1 0.0 0.0 10.0 10.0
2029,0.87 6 0.21 0.65 0.46 0.82
2030,0.95 14 0.40 0.39 0.50 0.750.96 14 0.30 0.37 0.40 0.750.97 14 0.52 0.37 0.63 0.75
2031,0.94 14 0.10 0.31 0.18 0.40
2032,0.0 1 0.0 0.0 10.0 10.0
2033,0.30 6 0.70 0.27 0.82 0.360.35 6 0.13 0.17 0.63 0.510.91 6 0.71 0.26 0.88 0.360.31 6 0.71 0.27 0.88 0.36
2034,0.42 8 0.46 0.39 0.57 0.620.84 14 0.40 0.23 0.48 0.560.45 8 0.57 0.46 0.69 0.65
2035,0.94 14 0.35 0.47 0.64 1.000.57 6 0.05 0.34 0.68 0.84
2036,0.40 14 0.18 0.31 0.43 0.600.89 14 0.32 0.31 0.43 0.60
2037,0.87 14 0.18 0.34 0.23 0.430.89 14 0.34 0.35 0.39 0.450.48 14 0.17 0.34 0.20 0.43
2038,0.70 6 0.00 0.65 0.03 0.740.62 6 0.03 0.40 0.29 0.59
2039,0.78 6 0.12 0.47 0.72 0.63
2040,0.36 14 0.75 0.31 1.00 1.000.90 14 0.00 -0.00 0.14 0.520.93 14 0.25 0.11 0.63 0.610.40 14 0.27 0.11 0.61 0.580.89 14 0.19 -0.00 0.36 0.43
2041,0.32 14 0.03 0.45 0.23 0.990.43 14 0.66 0.51 0.89 1.000.35 14 0.07 0.45 0.22 0.870.48 14 0.04 0.44 0.42 1.000.32 14 0.01 0.35 0.41 1.000.67 14 0.01 0.06 0.89 1.000.33 14 0.04 0.43 0.40 0.900.46 14 0.34 0.05 0.89 1.000.88 14 0.54 0.51 0.89 1.00
2042,0.34 14 0.01 0.39 0.47 0.900.70 14 0.00 0.39 0.69 1.00
2043,0.51 6 0.27 0.50 0.61 0.82
2044,0.69 14 0.19 0.17 0.86 1.000.35 14 0.33 0.17 0.85 1.00
2045,0.61 6 0.50 0.79 0.56 0.870.94 14 0.75 0.38 1.00 1.000.40 6 0.54 0.90 0.64 0.990.79 14 0.72 0.31 0.97 0.970.73 14 0.65 0.31 0.80 0.710.95 14 0.87 0.33 0.96 0.480.81 4 0.45 0.76 0.51 1.000.39 14 0.82 0.38 1.00 0.950.46 14 0.15 0.30 0.29 0.590.61 4 0.45 0.76 0.50 0.920.98 14 0.37 0.19 0.56 0.600.30 14 0.69 0.31 0.89 0.660.71 6 0.53 0.84 0.61 0.920.97 14 0.11 0.30 0.44 1.000.94 14 0.58 0.31 0.83 0.720.34 14 0.58 0.31 0.83 0.910.82 6 0.54 0.89 0.65 0.99
2046,0.0 1 0.0 0.0 10.0 10.0
2047,0.0 1 0.0 0.0 10.0 10.0
2048,0.60 15 0.01 0.13 0.41 1.00
2049,0.37 14 0.02 0.00 0.44 0.590.35 14 0.47 0.12 0.87 0.600.32 14 0.45 0.12 0.88 0.600.40 14 0.46 0.12 0.83 0.600.89 14 0.06 0.00 0.44 0.490.35 14 0.34 0.12 0.88 0.600.43 14 0.32 0.12 0.83 0.590.55 14 0.07 0.12 0.87 1.000.34 14 0.42 0.12 0.87 1.000.37 14 0.33 0.12 0.88 0.600.33 14 0.33 0.12 0.88 1.00
2050,0.75 14 0.20 0.16 0.46 0.900.62 14 0.19 0.16 0.46 0.730.39 14 0.23 0.16 0.44 0.47
2051,0.46 14 0.57 0.00 1.00 1.000.43 14 0.58 0.00 1.00 0.600.77 14 0.58 0.00 1.00 0.60
2052,0.79 14 0.37 0.08 0.52 0.330.32 14 0.26 0.00 0.37 0.330.37 14 0.11 0.10 0.61 0.600.56 14 0.15 0.02 0.26 0.140.94 14 0.06 0.05 0.17 0.250.34 14 0.06 0.05 0.16 0.160.40 14 0.70 0.18 0.85 0.480.59 14 0.55 0.18 0.85 0.560.73 14 0.10 0.11 0.46 0.600.44 14 0.28 0.11 0.40 0.320.40 14 0.09 0.13 0.34 0.390.35 14 0.68 0.19 0.85 0.490.34 14 0.36 0.09 0.60 0.500.46 14 0.67 0.19 0.85 0.520.61 14 0.26 0.00 0.36 0.140.76 14 0.55 0.18 0.85 0.500.53 14 0.26 0.11 0.43 0.360.33 4 0.08 0.23 0.12 0.290.76 14 0.40 0.09 0.60 0.590.45 14 0.30 0.09 0.60 0.590.75 14 0.15 0.02 0.27 0.210.94 14 0.10 0.12 0.34 0.590.67 14 0.14 0.04 0.26 0.190.78 14 0.55 0.18 0.85 0.600.34 14 0.09 0.13 0.25 0.390.75 14 0.45 0.18 0.85 0.600.38 14 0.06 0.04 0.17 0.27
2053,0.0 1 0.0 0.0 10.0 10.0
2054,0.46 14 0.43 0.08 0.63 0.450.36 14 0.71 0.06 0.85 0.300.82 14 0.62 0.07 0.87 0.600.87 14 0.09 0.02 0.44 0.600.94 14 0.44 0.08 0.67 0.590.31 14 0.08 0.03 0.43 0.520.73 14 0.00 0.03 0.43 0.600.78 14 0.61 0.06 0.91 0.610.34 14 0.70 0.05 1.00 0.60
2055,0.50 4 0.39 0.00 0.46 0.170.49 4 0.40 0.00 0.46 0.120.39 4 0.34 0.00 0.40 0.150.62 4 0.35 0.00 0.41 0.150.56 4 0.35 0.00 0.41 0.150.35 4 0.24 0.00 0.32 0.170.55 4 0.18 0.00 0.24 0.170.50 4 0.24 0.00 0.29 0.160.58 4 0.31 0.00 0.36 0.160.33 14 0.18 0.06 0.24 0.16
2056,0.0 1 0.0 0.0 10.0 10.0
2057,0.89 14 0.37 0.71 0.44 0.860.65 14 0.03 0.69 0.06 0.760.68 14 0.00 0.70 0.02 0.760.90 14 0.06 0.69 0.11 0.82
2058,0.34 6 0.31 0.33 0.46 0.450.48 6 0.12 0.30 0.62 0.450.46 6 0.34 0.31 0.62 0.440.79 6 0.29 0.31 0.62 0.450.32 6 0.28 0.31 0.63 0.45
2059,0.44 14 0.00 0.11 0.39 0.560.86 14 0.00 0.11 0.39 0.86
2060,0.53 6 0.76 0.31 0.86 0.34
2061,0.46 6 0.47 0.37 0.53 0.420.54 6 0.46 0.39 0.50 0.450.30 6 0.00 0.37 0.13 0.540.84 14 0.79 0.39 0.82 0.510.95 14 0.81 0.39 0.86 0.520.92 14 0.70 0.38 0.74 0.500.91 14 0.86 0.40 0.89 0.520.78 6 0.30 0.40 0.39 0.460.68 14 0.77 0.38 0.80 0.490.83 6 0.00 0.37 0.14 0.530.31 14 0.76 0.38 0.78 0.500.50 6 0.00 0.37 0.22 0.540.45 6 0.31 0.40 0.39 0.460.80 14 0.51 0.37 0.54 0.430.68 14 0.58 0.38 0.61 0.500.81 14 0.64 0.38 0.67 0.49
2062,0.54 14 0.26 0.00 0.52 0.300.64 14 0.24 0.00 0.54 0.450.34 14 0.26 0.10 0.41 0.380.32 14 0.25 0.01 0.46 0.40
2063,0.0 1 0.0 0.0 10.0 10.0
2064,0.78 14 0.41 0.36 0.58 0.650.51 14 0.66 0.12 0.84 0.540.43 14 0.37 0.37 0.60 1.000.33 14 0.30 0.12 0.85 0.630.51 14 0.12 0.36 0.59 1.000.49 14 0.01 0.08 0.58 1.000.57 14 0.02 0.09 0.84 1.000.33 14 0.01 0.11 0.40 1.000.71 14 0.39 0.36 0.58 0.650.37 14 0.41 0.36 0.59 0.650.68 14 0.66 0.12 0.85 0.51
2065,0.0 1 0.0 0.0 10.0 10.0
2066,0.82 14 0.33 0.22 0.37 0.28
2067,0.0 1 0.0 0.0 10.0 10.0
2068,0.0 1 0.0 0.0 10.0 10.0
2069,0.43 14 0.23 0.30 0.58 1.000.33 14 0.37 0.34 0.50 0.55
2070,0.48 19 0.48 0.26 0.60 0.370.38 8 0.52 0.55 0.74 0.670.41 8 0.42 0.43 0.55 0.55
2071,0.82 14 0.14 0.23 0.22 0.330.94 14 0.41 0.35 0.48 0.620.39 14 0.13 0.23 0.22 0.450.93 14 0.51 0.39 0.58 0.660.97 14 0.56 0.26 0.69 0.67
2072,0.86 6 0.44 0.58 0.53 0.650.74 6 0.00 0.57 0.04 0.650.49 6 0.07 0.58 0.12 0.64
2073,0.36 14 0.00 0.10 0.24 0.670.77 14 0.42 0.24 0.76 0.670.75 14 0.42 0.24 0.83 0.67
2074,0.49 14 0.72 0.50 0.84 0.660.45 14 0.71 0.47 0.84 0.670.31 14 0.60 0.39 0.84 0.650.62 14 0.61 0.40 0.85 0.660.32 14 0.71 0.45 0.85 0.670.32 14 0.01 0.03 0.55 0.660.53 14 0.49 0.40 0.75 0.660.71 14 0.00 0.02 0.58 1.000.67 14 0.01 0.03 0.83 1.000.43 14 0.60 0.39 0.85 0.670.60 14 0.44 0.39 0.84 0.66
2075,0.76 14 -0.00 0.21 0.52 1.01
2076,0.81 14 0.30 0.05 0.48 0.420.77 14 0.29 0.05 0.48 0.48
2077,0.79 14 0.27 0.13 0.42 0.300.34 14 0.27 0.27 0.45 0.660.50 14 0.27 0.13 0.43 0.470.38 14 0.14 0.13 0.33 0.490.95 14 0.39 0.06 0.64 0.440.54 14 0.14 0.13 0.44 0.660.34 14 0.26 0.13 0.44 0.520.36 14 0.14 0.13 0.31 0.480.95 14 0.14 0.13 0.34 0.670.43 14 0.28 0.27 0.45 0.53
2078,0.0 1 0.0 0.0 10.0 10.0
2079,0.0 1 0.0 0.0 10.0 10.0
2080,0.59 6 0.40 0.26 0.53 0.41
2081,0.81 14 0.12 0.14 0.40 0.610.31 6 0.22 0.09 0.76 0.450.45 6 0.00 0.14 0.12 0.220.48 6 0.00 0.14 0.08 0.220.50 14 0.33 0.15 0.39 0.410.72 14 0.07 0.11 0.11 0.170.92 6 0.00 0.14 0.12 0.220.68 6 0.11 0.10 0.77 0.670.41 6 0.02 0.14 0.12 0.21
2082,0.33 14 0.85 0.55 0.88 0.610.30 14 0.85 0.55 0.89 0.610.89 14 0.85 0.55 0.89 0.640.77 14 0.78 0.53 0.81 0.60
2083,0.0 1 0.0 0.0 10.0 10.0
2084,0.37 14 0.03 0.34 0.05 0.390.76 6 0.11 0.22 0.18 0.290.37 6 0.19 0.23 0.26 0.290.51 6 0.12 0.23 0.19 0.300.76 6 0.23 0.33 0.28 0.38
2085,0.39 8 0.35 0.47 0.60 0.660.39 14 0.48 0.04 0.83 0.610.87 14 0.48 0.04 0.97 0.660.44 8 0.36 0.47 0.59 0.640.54 14 0.48 0.04 0.84 0.660.41 14 0.47 0.04 0.97 0.81
2086,0.89 14 0.31 0.25 0.55 0.930.31 14 0.40 0.30 0.52 0.520.90 14 0.60 0.43 0.66 0.530.38 14 0.27 0.25 0.48 0.890.31 14 0.31 0.34 0.53 0.930.70 14 0.00 0.30 0.07 0.450.77 14 0.29 0.24 0.39 0.360.37 14 0.40 0.26 0.55 0.550.93 14 0.00 0.30 0.07 0.680.31 14 0.38 0.27 0.55 0.740.46 14 0.39 0.26 0.55 0.89
2087,0.31 0 0.04 0.16 1.00 0.42
2088,0.0 1 0.0 0.0 10.0 10.0
2089,0.0 1 0.0 0.0 10.0 10.0
2090,0.96 14 0.29 0.02 0.54 0.650.50 14 0.75 0.28 1.00 0.67
2091,0.0 1 0.0 0.0 10.0 10.0
2092,0.57 14 0.65 0.02 0.99 0.230.46 14 0.65 0.02 0.99 0.220.78 14 0.66 0.02 0.84 0.22
2093,0.0 1 0.0 0.0 10.0 10.0
2094,0.47 14 0.00 0.01 0.24 0.590.31 15 0.84 0.18 0.94 0.270.34 14 0.00 0.01 0.24 0.670.95 14 0.32 0.12 0.69 0.660.51 6 0.83 0.22 0.97 0.300.83 14 0.00 0.01 0.27 1.000.75 14 0.00 0.00 0.27 0.67
2095,0.36 13 0.36 0.18 0.72 0.420.36 6 0.62 0.12 0.93 0.180.95 14 0.42 0.12 0.64 0.37
2096,0.37 6 0.61 0.34 0.77 0.450.90 6 0.62 0.34 0.77 0.45
2097,0.79 6 0.02 0.14 0.89 0.59
2098,0.0 1 0.0 0.0 10.0 10.0
2099,0.50 14 0.47 0.17 0.65 0.430.38 14 0.00 0.18 0.27 0.690.40 14 0.00 0.17 0.11 0.320.58 14 0.82 0.16 0.98 0.300.42 14 0.60 0.16 1.00 1.000.43 14 0.64 0.17 0.83 0.520.89 14 0.08 0.18 0.29 0.510.41 14 0.72 0.17 0.84 0.390.43 14 0.81 0.16 1.00 0.420.47 14 0.45 0.15 0.68 0.540.89 14 0.00 0.17 0.15 0.480.87 14 0.29 0.13 0.50 0.490.34 14 0.00 0.18 0.27 0.650.42 14 0.67 0.17 1.00 0.490.31 14 0.02 0.17 0.28 0.640.69 14 0.47 0.18 0.68 0.620.41 14 0.29 0.16 0.67 0.500.52 14 0.12 0.17 0.28 0.410.63 14 0.00 0.17 0.27 1.000.52 14 0.15 0.18 0.32 0.380.72 14 0.60 0.16 1.00 0.520.58 14 0.00 0.17 0.28 0.570.44 14 0.32 0.14 0.47 0.330.68 14 0.29 0.23 0.50 0.490.64 14 0.14 0.18 0.27 0.400.84 14 0.60 0.17 0.84 0.520.80 14 0.81 0.15 1.00 0.530.32 14 0.60 0.15 1.00 1.000.52 14 0.70 0.17 0.84 0.39
2100,0.37 15 0.17 0.41 0.24 0.500.32 8 0.64 0.37 0.73 0.500.76 15 0.16 0.33 0.26 0.510.51 15 0.25 0.42 0.32 0.500.30 8 0.44 0.32 0.64 0.520.51 8 0.58 0.37 0.66 0.52
2101,0.0 1 0.0 0.0 10.0 10.0
2102,0.0 1 0.0 0.0 10.0 10.0
2103,0.0 1 0.0 0.0 10.0 10.0
2104,0.0 1 0.0 0.0 10.0 10.0
2105,0.0 1 0.0 0.0 10.0 10.0
2106,0.0 1 0.0 0.0 10.0 10.0
2107,0.52 4 0.49 0.05 0.55 0.180.48 4 0.41 0.25 0.56 0.680.50 4 0.44 0.25 0.53 0.460.55 4 0.59 0.25 0.75 0.670.34 4 0.28 0.23 0.40 0.640.45 4 0.50 0.05 0.55 0.200.32 4 0.30 0.04 0.41 0.310.52 4 0.17 0.30 0.30 0.680.40 4 0.44 0.24 0.55 0.460.41 14 0.00 0.00 0.40 0.630.51 4 0.34 0.04 0.41 0.220.42 4 0.29 0.23 0.40 0.520.30 4 0.43 0.25 0.56 0.50
2108,0.69 14 0.39 0.21 0.61 0.660.32 14 0.58 0.04 0.85 0.650.31 14 0.71 0.21 0.87 0.650.49 14 0.58 0.04 0.89 0.650.80 14 0.42 0.20 0.60 0.600.31 14 0.06 0.19 0.21 0.460.98 14 0.01 0.19 0.22 0.670.54 14 0.58 0.04 0.88 0.660.36 14 0.42 0.04 0.86 0.650.35 14 0.58 0.04 0.76 0.44
2109,0.37 6 0.55 0.78 0.67 0.900.87 6 0.14 0.75 0.54 0.930.85 6 0.55 0.79 0.67 0.89
2110,0.88 14 0.72 0.21 0.76 0.310.95 14 0.07 0.22 0.16 0.400.73 14 0.80 0.20 0.84 0.280.52 14 0.76 0.21 0.80 0.290.72 14 0.05 0.22 0.16 0.520.93 14 0.75 0.21 0.80 0.320.37 14 0.05 0.22 0.16 0.510.89 14 0.79 0.20 0.83 0.290.66 14 0.71 0.22 0.75 0.280.35 6 0.65 0.25 0.76 0.37
2111,0.34 14 0.36 0.21 0.46 0.420.94 14 0.36 0.21 0.49 0.42
2112,0.89 14 0.47 0.27 0.53 0.340.33 14 0.35 0.51 0.47 0.660.79 14 0.36 0.52 0.53 0.660.49 14 0.36 0.52 0.49 0.650.43 14 0.36 0.27 0.54 0.660.89 14 0.84 0.30 0.90 0.380.94 14 0.37 0.28 0.49 0.430.33 14 0.35 0.49 0.54 0.66
2113,0.65 6 0.53 0.25 0.59 0.290.95 14 0.38 0.24 0.42 0.350.85 14 0.48 0.35 0.54 0.410.83 6 0.32 0.39 0.76 0.560.63 6 0.53 0.25 0.62 0.30
2114,0.31 8 0.10 0.40 0.22 0.590.48 8 0.00 0.43 0.13 0.820.37 14 0.12 0.20 0.61 0.890.44 8 0.09 0.31 0.23 0.59
2115,0.84 14 0.35 0.16 0.55 0.58
2116,0.35 15 0.73 0.38 0.80 0.500.58 14 0.34 0.22 0.42 0.36
2117,0.91 6 0.00 0.23 0.19 0.410.83 6 0.12 0.22 0.73 0.58
2118,0.49 14 0.17 0.00 0.73 0.690.73 14 0.85 0.25 0.98 0.380.31 14 0.31 0.00 0.74 0.690.68 14 0.17 0.01 1.00 1.000.51 14 0.84 0.26 1.00 0.70
2119,0.0 1 0.0 0.0 10.0 10.0
2120,0.34 15 0.06 0.88 0.13 0.960.39 15 0.09 0.86 0.15 0.95
2121,0.0 1 0.0 0.0 10.0 10.0
2122,0.0 1 0.0 0.0 10.0 10.0
2123,0.84 14 0.33 0.15 0.41 0.250.69 14 0.35 0.26 0.40 0.340.69 14 0.33 0.45 0.39 0.520.34 14 0.29 0.15 0.42 0.520.33 14 -0.00 0.47 0.31 0.680.52 14 0.28 0.23 0.33 0.280.35 14 0.33 0.17 0.38 0.260.79 14 0.33 0.27 0.41 0.520.30 6 0.37 0.33 0.78 0.58
2124,0.58 14 0.55 0.07 0.60 0.220.43 14 0.00 0.15 0.15 0.400.85 14 0.50 0.16 0.67 0.550.31 14 0.38 0.16 0.68 0.900.92 14 0.25 0.27 0.45 0.670.95 14 0.12 0.18 0.24 0.440.31 14 0.20 0.27 0.45 0.800.49 14 0.36 0.15 0.55 0.470.53 14 0.16 0.19 0.24 0.430.41 14 0.09 0.19 0.23 0.350.47 14 0.15 0.19 0.24 0.370.69 14 0.32 0.16 0.67 0.900.53 14 0.25 0.28 0.45 0.530.60 6 0.05 0.32 0.14 0.370.76 14 0.39 0.15 0.67 0.56
2125,0.0 1 0.0 0.0 10.0 10.0
2126,0.0 1 0.0 0.0 10.0 10.0
2127,0.0 1 0.0 0.0 10.0 10.0
2128,0.39 14 0.00 0.13 0.28 0.650.72 14 0.91 0.27 1.00 0.500.61 14 0.82 0.27 0.87 0.360.33 14 0.47 0.16 0.73 0.630.59 14 0.16 0.12 0.53 0.660.33 14 0.47 0.18 0.80 0.650.40 14 0.47 0.15 0.92 0.650.92 14 0.00 0.12 0.53 0.660.88 14 0.48 0.15 0.98 0.660.70 14 0.48 0.15 0.92 0.660.42 14 0.85 0.27 1.00 0.59
2129,0.56 14 0.66 0.38 0.86 0.840.45 14 0.55 0.38 0.86 0.850.69 14 0.04 0.00 0.40 0.590.31 14 0.45 0.00 0.89 0.630.61 14 0.04 0.01 0.41 0.850.35 14 0.47 0.00 0.89 0.640.33 14 0.39 0.01 0.89 0.850.32 14 0.47 0.01 0.89 0.84
2130,0.66 14 0.26 0.19 0.52 0.850.60 14 0.18 0.19 0.51 0.850.90 14 0.19 0.27 0.28 0.520.84 14 0.26 0.18 0.51 0.650.44 14 0.27 0.18 0.51 0.590.60 14 0.48 0.20 0.75 0.530.32 14 0.27 0.18 0.51 0.610.93 14 0.00 0.29 0.26 0.850.34 14 0.18 0.19 0.74 0.840.87 14 0.63 0.31 0.87 0.860.45 14 0.00 0.30 0.25 0.810.72 14 0.26 0.18 0.51 0.630.59 14 0.26 0.20 0.75 0.840.40 14 0.49 0.20 0.74 0.49
2131,0.82 6 0.00 0.48 0.10 0.660.87 6 0.60 0.44 0.74 0.590.70 6 0.00 0.44 0.11 0.66
2132,0.86 14 0.52 0.19 0.66 0.580.74 14 0.52 0.19 0.65 0.71
2133,0.58 14 0.35 0.01 0.55 0.530.53 14 0.32 0.03 0.58 0.840.64 14 0.78 0.00 0.89 0.770.33 14 0.63 0.02 0.88 0.780.51 14 0.50 0.03 0.74 0.700.30 14 0.29 0.34 0.56 0.740.42 14 0.30 0.34 0.46 0.590.43 14 0.35 0.02 0.74 0.680.35 14 0.21 0.33 0.56 0.830.58 14 0.31 0.02 0.57 0.570.36 14 0.32 0.34 0.46 0.570.56 14 0.35 0.02 0.57 0.660.51 14 0.33 0.34 0.57 0.840.45 14 0.32 0.02 0.73 0.720.48 14 0.65 0.00 0.88 0.770.59 14 0.44 0.03 0.74 0.69
2134,0.46 6 0.29 0.02 0.44 0.090.93 14 0.48 0.27 0.52 0.41
2135,0.75 14 0.19 0.10 0.42 0.750.53 14 0.14 0.06 0.53 0.760.72 14 0.26 0.10 0.42 0.460.51 14 0.25 0.09 0.51 0.610.31 14 0.10 0.18 0.17 0.30
2136,0.50 6 0.61 0.52 0.78 0.660.31 6 0.61 0.51 0.78 0.66
2137,0.48 6 0.56 0.75 0.60 0.830.61 14 0.03 0.75 0.05 0.840.67 6 0.88 0.74 0.94 0.800.56 6 0.15 0.47 0.56 0.920.46 14 0.58 0.65 0.67 0.800.33 6 0.68 0.73 0.79 0.830.87 6 0.68 0.73 0.79 0.830.94 14 0.58 0.65 0.69 0.97
2138,0.0 1 0.0 0.0 10.0 10.0
2139,0.0 1 0.0 0.0 10.0 10.0
2140,0.78 14 0.29 0.21 0.60 1.000.84 14 0.66 0.24 1.00 1.000.72 14 0.44 0.21 0.60 0.630.36 14 0.29 0.21 0.60 0.640.46 14 0.39 0.21 0.60 0.91
2141,0.31 19 0.64 0.32 0.73 0.490.41 6 0.47 0.36 0.58 0.440.54 15 0.42 0.24 0.58 0.450.98 14 0.10 0.08 0.32 0.98
2142,0.86 6 0.02 0.35 0.71 0.86
2143,0.33 0 0.03 0.19 0.98 0.70
2144,0.39 14 0.06 0.30 0.58 1.00
2145,0.93 14 0.16 0.26 0.31 0.580.43 14 0.31 0.37 0.76 0.600.75 14 0.00 0.30 0.10 0.520.54 14 0.00 0.27 0.31 0.600.92 14 0.31 0.37 0.47 0.600.34 14 0.00 0.27 0.31 0.600.38 14 0.16 0.26 0.31 0.510.92 14 0.00 0.30 0.11 0.600.41 14 0.16 0.27 0.30 0.43
2146,0.31 15 0.35 0.33 0.47 0.41
2147,0.37 14 0.47 0.26 0.54 0.350.68 6 0.24 0.29 0.56 0.460.40 14 0.20 0.29 0.24 0.410.84 14 0.17 0.29 0.23 0.400.74 14 0.31 0.35 0.37 0.410.79 6 0.03 0.31 0.08 0.370.45 14 0.20 0.29 0.24 0.410.93 14 0.47 0.26 0.55 0.410.52 14 0.20 0.29 0.25 0.400.50 14 0.17 0.29 0.21 0.340.30 6 0.24 0.29 0.54 0.46
2148,0.94 14 0.65 0.24 0.69 0.38
2149,0.94 14 0.10 0.26 0.28 0.55
2150,0.31 14 0.64 0.11 0.84 0.480.53 1 0.56 0.26 0.94 0.530.61 14 0.63 0.11 0.83 0.430.97 14 0.64 0.11 0.89 0.43
2151,0.0 1 0.0 0.0 10.0 10.0
2152,0.67 14 0.26 0.42 0.55 0.900.43 14 0.00 0.57 0.20 0.890.63 14 0.04 0.12 0.44 0.900.38 14 0.00 0.19 0.12 0.880.42 14 0.06 0.57 0.20 0.880.68 14 0.00 0.15 0.37 0.900.63 14 0.00 0.12 0.39 1.000.63 14 0.00 0.16 0.22 0.960.57 14 0.01 0.18 0.26 0.89
2153,0.63 6 0.22 0.15 0.73 0.57
2154,0.33 14 0.55 0.08 0.86 0.430.70 14 0.02 0.03 0.46 0.590.51 14 0.54 0.08 0.74 0.410.72 14 0.11 0.05 0.46 0.680.33 14 0.47 0.08 0.74 0.670.30 14 0.10 0.03 0.43 0.360.57 14 0.44 0.07 0.86 0.670.34 14 0.56 0.08 0.73 0.320.31 14 0.55 0.08 0.79 0.660.39 14 0.44 0.06 0.87 1.00
2155,0.78 6 0.18 0.35 0.26 0.400.57 6 0.70 0.38 0.90 0.490.60 6 0.03 0.34 0.12 0.380.41 6 0.71 0.35 1.00 0.480.89 6 0.71 0.35 0.99 0.480.64 6 0.60 0.34 0.78 0.450.36 6 0.50 0.35 0.96 0.470.52 6 0.31 0.36 0.43 0.420.38 6 0.82 0.36 1.00 0.470.85 6 0.09 0.34 0.19 0.390.68 6 0.03 0.34 0.10 0.380.53 6 0.51 0.36 0.67 0.450.63 6 0.00 0.32 0.05 0.370.46 6 0.18 0.35 0.26 0.400.76 6 0.24 0.34 0.35 0.410.46 6 0.10 0.34 0.20 0.390.72 6 0.03 0.34 0.10 0.380.54 6 0.41 0.34 0.59 0.440.31 6 0.17 0.34 0.24 0.390.75 6 0.04 0.34 0.14 0.380.82 6 0.31 0.35 0.44 0.420.81 6 0.41 0.35 0.53 0.440.45 6 0.42 0.34 0.80 0.450.63 6 0.51 0.35 0.73 0.45
2156,0.0 1 0.0 0.0 10.0 10.0
2157,0.58 14 0.47 0.19 0.57 0.370.64 14 0.33 0.19 0.62 0.660.40 14 0.63 0.18 0.87 0.410.34 14 0.60 0.20 0.84 0.640.30 14 0.36 0.32 0.85 0.660.56 14 0.63 0.20 0.83 0.400.84 14 0.47 0.19 0.61 0.420.65 14 0.62 0.19 0.87 0.510.69 14 0.32 0.19 0.62 0.470.36 14 0.55 0.19 0.85 0.670.56 14 0.34 0.19 0.85 0.670.32 14 0.35 0.45 0.58 0.660.53 14 0.62 0.18 0.89 0.650.37 14 0.62 0.20 0.73 0.35
2158,0.0 1 0.0 0.0 10.0 10.0
2159,0.53 14 0.20 0.28 0.33 0.500.69 14 0.20 0.28 0.40 0.500.66 14 0.20 0.28 0.40 0.480.60 14 0.20 0.28 0.40 0.800.41 14 0.20 0.28 0.40 0.55
2160,0.59 4 0.70 0.08 0.79 0.310.43 4 0.77 0.11 0.87 0.350.36 4 0.78 0.00 0.87 0.35
2161,0.52 14 0.03 0.25 0.89 0.82
2162,0.0 1 0.0 0.0 10.0 10.0
2163,0.55 14 0.42 0.11 0.57 0.510.34 14 0.28 0.07 0.45 0.540.48 4 0.42 0.42 0.49 0.610.69 14 0.49 0.11 0.75 0.610.35 14 0.45 0.11 0.80 0.810.53 4 0.34 0.39 0.40 0.580.60 14 0.11 0.12 0.31 0.610.90 14 0.43 0.11 0.62 0.550.92 14 0.23 0.07 0.45 0.570.33 14 0.63 0.28 0.83 0.690.43 14 0.46 0.11 0.85 0.640.50 4 0.42 0.42 0.49 0.570.70 14 0.38 0.11 0.60 0.570.95 14 0.00 0.11 0.30 0.630.37 4 0.23 0.37 0.29 0.560.35 14 0.46 0.12 0.88 0.820.74 4 0.33 0.39 0.40 0.710.51 14 0.46 0.12 0.85 0.690.65 4 0.41 0.42 0.49 0.760.53 14 0.45 0.11 0.83 0.690.42 14 0.47 0.12 0.88 0.820.48 14 0.46 0.12 0.88 0.820.39 14 0.52 0.12 0.73 0.57
2164,0.96 14 0.49 0.43 0.57 0.760.33 14 0.66 0.45 0.74 0.710.96 14 0.64 0.45 0.76 0.710.83 14 0.85 0.50 0.89 0.640.35 14 0.85 0.50 0.89 0.580.34 14 0.85 0.47 0.89 0.68
2165,0.0 1 0.0 0.0 10.0 10.0
2166,0.0 1 0.0 0.0 10.0 10.0
2167,0.31 14 0.72 0.30 0.90 0.680.89 14 0.18 0.28 0.40 0.690.37 14 0.77 0.31 0.90 0.530.36 14 0.73 0.31 0.90 0.660.53 14 0.24 0.28 0.38 0.690.43 14 0.25 0.28 0.45 0.600.45 14 0.17 0.28 0.45 0.760.69 14 0.63 0.31 0.90 0.680.57 14 0.52 0.35 0.74 0.820.75 14 0.72 0.31 0.90 0.670.93 14 0.63 0.36 0.72 0.550.75 14 0.52 0.31 0.90 0.82
2168,0.83 14 0.34 0.43 0.59 0.700.95 14 0.32 0.21 0.53 0.670.64 14 0.40 0.43 0.58 0.69
2169,0.0 1 0.0 0.0 10.0 10.0
2170,0.0 1 0.0 0.0 10.0 10.0
2171,0.34 14 0.61 0.27 0.70 0.40
2172,0.0 1 0.0 0.0 10.0 10.0
2173,0.33 14 0.51 0.47 0.68 0.890.68 14 0.17 0.18 0.49 1.000.44 6 0.36 0.29 0.42 0.360.66 14 0.00 0.21 0.11 0.670.31 6 0.43 0.66 0.54 0.830.77 14 0.04 0.18 0.49 1.000.86 14 0.00 0.21 0.10 1.00
2174,0.79 14 0.36 0.05 0.72 0.650.54 14 0.01 0.26 0.45 0.69
2175,0.0 1 0.0 0.0 10.0 10.0
2176,0.0 1 0.0 0.0 10.0 10.0
2177,0.51 14 0.59 0.10 0.80 0.550.44 14 0.01 0.03 0.20 0.550.42 14 0.57 0.09 0.91 0.670.64 14 0.57 0.08 0.80 0.500.47 14 0.01 0.04 0.83 0.670.43 14 0.58 0.10 0.89 0.670.33 14 0.57 0.09 0.91 0.670.32 14 0.59 0.11 0.80 0.40
2178,0.0 1 0.0 0.0 10.0 10.0
2179,0.0 1 0.0 0.0 10.0 10.0
2180,0.0 1 0.0 0.0 10.0 10.0
2181,0.40 1 0.22 0.25 0.67 0.540.91 14 0.31 0.09 0.59 0.45
2182,0.54 6 0.56 0.34 0.66 0.380.73 6 0.78 0.34 0.83 0.370.69 6 0.32 0.34 0.50 0.41
2183,0.0 1 0.0 0.0 10.0 10.0
2184,0.0 1 0.0 0.0 10.0 10.0
2185,0.0 1 0.0 0.0 10.0 10.0
2186,0.0 1 0.0 0.0 10.0 10.0
2187,0.88 14 0.32 0.05 0.60 0.66
2188,0.62 14 0.21 0.13 0.58 0.390.42 14 0.21 0.14 0.60 1.000.47 14 0.21 0.13 0.84 1.00
2189,0.0 1 0.0 0.0 10.0 10.0
2190,0.76 14 0.49 0.06 0.61 0.260.37 14 0.55 0.07 0.63 0.170.37 14 0.33 0.05 0.43 0.300.68 14 0.18 0.14 0.70 0.660.33 14 0.21 0.04 0.32 0.160.52 14 0.01 0.04 0.26 0.430.63 14 0.59 0.13 0.75 0.470.81 14 0.54 0.13 0.75 0.660.75 14 0.08 0.05 0.41 0.660.51 14 0.74 0.14 0.97 0.670.67 14 0.10 0.05 0.31 0.580.43 14 0.77 0.14 0.96 0.340.63 14 0.48 0.06 0.63 0.330.74 14 0.03 0.04 0.13 0.180.31 14 0.74 0.14 0.96 0.490.33 14 0.24 0.15 0.33 0.390.52 14 0.22 0.04 0.41 0.430.31 14 0.04 0.16 0.32 0.660.40 14 0.52 0.13 0.70 0.550.54 14 0.36 0.06 0.63 0.470.61 14 0.22 0.04 0.37 0.230.34 14 0.05 0.04 0.26 0.290.43 14 0.00 0.04 0.27 0.660.53 14 0.21 0.15 0.28 0.250.30 14 0.18 0.13 0.73 0.990.73 14 0.55 0.13 0.97 0.670.49 14 0.20 0.15 0.27 0.260.40 14 0.19 0.14 0.74 0.660.61 14 0.74 0.14 0.96 0.530.78 14 0.56 0.14 0.97 1.00
2191,0.90 14 0.21 0.31 0.27 0.380.84 14 0.39 0.03 0.57 0.350.59 14 0.25 0.08 0.57 0.510.85 14 0.26 0.09 0.45 0.420.60 14 0.26 0.03 0.57 0.390.53 14 0.25 0.09 0.50 0.53
2192,0.30 14 0.47 0.27 0.57 0.390.32 14 0.44 0.19 0.78 0.620.41 14 0.41 0.23 0.58 0.640.32 14 0.45 0.17 0.70 0.580.62 14 0.23 0.22 0.56 0.670.53 14 0.41 0.21 0.74 0.660.43 14 0.41 0.22 0.75 0.660.35 6 0.19 0.15 0.33 0.230.36 14 0.42 0.18 0.79 1.000.72 14 0.41 0.20 0.79 0.64
2193,0.0 1 0.0 0.0 10.0 10.0
2194,0.84 14 0.32 0.40 0.35 0.480.42 6 0.37 0.22 0.77 0.48
2195,0.0 1 0.0 0.0 10.0 10.0
2196,0.0 1 0.0 0.0 10.0 10.0
2197,0.55 1 0.25 0.41 0.40 0.650.36 1 0.25 0.49 0.39 0.650.90 14 0.06 0.25 0.09 0.340.90 14 0.61 0.17 0.64 0.25
2198,0.90 14 0.32 0.48 0.50 0.85
2199,0.38 14 0.13 0.20 0.63 0.66
2200,0.48 14 0.49 0.26 0.87 1.000.48 14 0.51 0.26 0.84 0.630.47 14 0.00 0.07 0.53 0.670.72 14 0.01 0.07 0.52 0.640.37 14 0.00 0.08 0.23 0.630.33 14 0.11 0.07 0.53 0.660.32 14 0.68 0.27 0.86 0.550.56 14 0.54 0.26 0.86 0.550.45 14 0.17 0.07 0.53 0.520.63 14 0.47 0.29 0.75 0.650.47 14 0.17 0.07 0.52 0.510.54 14 0.00 0.07 0.54 1.000.31 14 0.08 0.08 0.39 0.540.50 14 0.48 0.25 0.85 0.660.62 14 0.48 0.26 0.80 0.650.34 14 0.53 0.27 0.73 0.540.32 14 0.49 0.44 0.73 0.650.45 14 0.56 0.26 0.83 0.54
2201,0.0 1 0.0 0.0 10.0 10.0
2202,0.0 1 0.0 0.0 10.0 10.0
2203,0.35 6 0.08 0.16 0.82 0.630.58 6 0.04 0.05 0.28 0.150.62 6 0.15 0.04 0.30 0.150.36 6 0.08 0.17 0.81 0.650.67 6 0.03 0.08 0.13 0.150.35 6 0.05 0.03 0.29 0.150.37 6 0.15 0.04 0.29 0.150.44 6 0.08 0.02 0.83 0.64
2204,0.38 14 0.00 0.18 0.07 0.500.83 14 0.17 0.05 0.48 0.640.60 14 0.18 0.06 0.77 0.660.46 14 0.00 0.18 0.15 0.670.33 14 0.27 0.34 0.76 0.66
2205,0.68 14 0.00 -0.00 0.47 0.67
2206,0.0 1 0.0 0.0 10.0 10.0
2207,0.79 14 0.02 0.40 0.37 0.670.37 14 0.02 0.24 0.38 0.680.91 14 0.31 0.09 0.68 0.670.79 14 0.01 0.24 0.38 1.000.94 14 0.61 0.30 0.75 0.660.31 14 0.62 0.30 0.75 0.51
2208,0.69 14 0.45 0.43 0.57 0.590.31 14 0.46 0.10 0.89 0.650.37 14 0.12 0.01 0.87 0.660.55 14 0.51 0.31 0.84 0.660.42 14 0.13 0.00 0.56 0.660.39 14 0.12 0.01 0.51 0.650.36 14 0.61 0.37 0.80 0.640.34 14 0.00 0.31 0.20 0.670.38 14 0.12 0.00 0.77 0.660.42 14 0.00 0.31 0.10 0.650.41 14 0.41 0.10 0.88 0.660.35 14 0.13 0.01 0.57 0.660.31 14 0.43 0.42 0.83 0.660.37 14 0.00 0.31 0.22 1.000.41 14 0.12 0.02 0.86 1.000.36 14 0.00 0.05 0.87 1.010.36 14 0.18 0.43 0.57 0.660.32 14 0.50 0.29 0.79 0.650.38 14 0.46 0.10 0.81 0.65
2209,0.86 6 0.70 0.65 0.86 0.820.65 6 0.59 0.61 0.71 0.700.41 6 0.69 0.64 0.86 0.82
2210,0.71 14 0.57 0.32 0.61 0.380.70 14 0.62 0.31 0.65 0.38
2211,0.41 14 0.51 0.63 0.78 1.000.46 14 0.10 0.21 0.79 1.000.60 14 0.00 0.21 0.32 1.00
2212,0.51 14 0.77 0.38 0.89 0.76
2213,0.54 1 0.31 0.66 0.62 0.900.43 1 0.75 0.46 0.87 0.630.96 14 0.12 0.36 0.17 0.580.38 14 0.14 0.36 0.18 0.570.32 1 0.76 0.46 0.87 0.630.91 14 0.10 0.37 0.15 0.580.98 14 0.55 0.34 0.63 0.82
2214,0.0 1 0.0 0.0 10.0 10.0
2215,0.93 14 0.33 0.41 0.53 0.970.63 14 0.16 0.41 0.53 0.980.56 14 0.00 0.09 0.06 0.510.93 14 0.16 0.34 0.37 0.970.96 14 0.51 0.22 0.86 1.00
2216,0.46 8 0.00 0.67 0.35 1.000.43 15 0.68 0.26 0.79 0.370.74 15 0.06 0.44 0.31 0.700.31 15 0.06 0.44 0.31 0.730.33 15 0.74 0.30 0.78 0.370.30 15 0.70 0.29 0.75 0.37
2217,0.44 6 0.13 0.26 0.83 0.740.54 6 0.13 0.15 0.83 0.75
2218,0.96 14 0.42 0.19 0.62 0.75
2219,0.94 14 0.32 0.13 0.41 0.230.47 6 0.13 0.16 0.92 0.59
2220,0.74 6 0.09 0.30 0.74 0.470.52 6 0.08 0.30 0.74 0.48
2221,0.0 1 0.0 0.0 10.0 10.0
2222,0.0 1 0.0 0.0 10.0 10.0
2223,0.54 14 0.40 0.17 0.57 0.310.31 14 0.22 0.12 0.43 0.290.45 14 0.39 0.17 0.57 0.350.33 14 0.69 0.30 0.86 0.63
2224,0.30 14 0.29 0.14 0.60 0.620.58 14 0.53 0.25 0.85 0.730.78 14 0.17 0.19 0.42 0.720.68 14 0.00 0.20 0.42 0.720.58 14 0.17 0.16 0.65 0.730.33 14 0.41 0.25 0.74 0.700.31 14 0.47 0.13 0.60 0.350.89 14 0.43 0.24 0.84 0.75
2225,0.0 1 0.0 0.0 10.0 10.0
2226,0.73 14 0.58 0.03 0.63 0.160.36 14 0.00 0.17 0.23 0.550.84 14 0.53 0.23 0.88 0.740.46 14 0.59 0.16 0.74 0.510.34 14 0.14 0.21 0.29 0.620.31 4 0.37 0.38 0.41 0.510.96 14 0.15 0.21 0.28 0.470.43 14 0.00 0.21 0.18 0.460.32 14 0.64 0.15 0.75 0.390.43 14 0.18 0.21 0.28 0.460.36 14 0.18 0.22 0.28 0.420.87 14 0.08 0.15 0.17 0.240.49 4 0.28 0.63 0.33 0.750.95 14 0.00 0.21 0.23 0.740.34 14 0.21 0.22 0.28 0.400.43 14 0.55 0.21 0.73 0.590.54 14 0.00 0.21 0.23 0.600.49 14 0.46 0.15 0.75 0.520.97 14 0.49 0.19 0.67 0.500.45 14 0.54 0.22 0.88 0.590.36 14 0.08 0.16 0.20 0.410.64 14 0.43 0.22 0.88 0.75
2227,0.35 14 0.66 0.00 0.88 0.590.48 14 0.00 0.00 0.31 1.000.38 14 0.00 0.00 0.17 1.00
2228,0.62 6 0.43 0.30 0.80 0.460.57 6 0.43 0.30 0.79 0.460.68 6 0.43 0.30 0.84 0.46
2229,0.65 14 0.62 0.62 0.66 0.730.69 14 0.62 0.62 0.67 0.860.32 14 0.45 0.61 0.63 0.820.37 14 0.55 0.61 0.64 0.840.46 14 0.44 0.77 0.66 1.00
2230,0.48 14 0.22 0.23 0.63 0.740.64 14 0.00 0.21 0.29 0.670.49 14 0.59 0.15 0.81 0.670.36 14 0.57 0.23 0.79 0.740.55 14 0.75 0.14 0.90 0.740.40 14 0.38 0.23 0.56 0.590.39 14 0.67 0.14 0.89 0.740.80 14 0.02 0.21 0.30 0.650.40 14 0.74 0.14 0.89 0.570.31 4 0.58 0.04 0.73 0.540.51 14 0.00 0.23 0.11 0.620.56 14 0.17 0.23 0.64 0.730.59 14 0.60 0.14 0.89 0.610.54 14 0.18 0.27 0.39 0.670.55 14 0.49 0.23 0.65 0.740.88 14 0.38 0.23 0.63 0.740.68 14 0.00 0.21 0.35 0.690.85 14 0.59 0.14 0.89 0.750.70 4 0.04 0.44 0.10 0.660.55 14 0.38 0.44 0.62 0.740.47 14 0.37 0.23 0.69 0.740.81 14 0.59 0.14 0.92 1.000.65 4 0.63 0.04 0.72 0.34
2231,0.38 6 0.00 0.41 0.23 0.500.45 6 0.11 0.40 0.43 0.500.41 14 0.15 0.37 0.29 0.500.34 6 0.27 0.41 0.43 0.48
2232,0.45 6 0.35 0.08 0.44 0.140.59 6 0.32 0.08 0.44 0.150.69 6 0.11 0.06 0.26 0.220.69 6 0.00 0.15 0.15 0.230.72 6 0.00 0.14 0.06 0.230.76 6 0.25 0.08 0.37 0.160.67 6 0.24 0.07 0.39 0.160.46 6 0.01 0.14 0.14 0.230.36 6 0.10 0.06 0.26 0.220.41 6 0.01 0.06 0.26 0.230.70 6 0.06 0.10 0.75 0.670.79 6 0.02 0.11 0.25 0.220.79 6 0.25 0.08 0.45 0.16
2233,0.43 14 0.41 0.02 0.60 0.460.30 14 0.00 0.54 0.28 1.000.40 14 0.11 0.03 0.53 0.630.47 14 0.13 0.02 0.66 0.620.42 14 0.14 0.03 0.50 0.530.88 14 0.00 0.03 0.67 1.000.34 14 0.00 0.49 0.27 1.00
2234,0.76 14 0.36 0.11 0.57 0.520.60 4 0.74 0.50 0.80 0.650.53 15 0.57 0.43 0.72 0.530.41 14 0.16 0.13 0.39 0.650.68 14 0.03 0.14 0.39 0.570.45 15 0.56 0.43 0.71 0.580.93 14 0.36 0.11 0.66 0.510.59 14 0.19 0.13 0.39 0.530.84 14 0.01 0.13 0.39 0.590.33 15 0.58 0.43 0.70 0.51
2235,0.31 6 0.35 0.23 0.78 0.46
2236,0.96 14 0.16 0.15 0.31 0.590.96 14 0.28 0.15 0.44 0.570.93 14 0.39 0.12 0.55 0.570.97 14 0.02 0.21 0.26 0.650.97 14 0.60 0.05 0.75 0.560.95 14 0.49 0.13 0.62 0.550.96 14 0.74 0.05 0.88 0.550.53 14 0.62 0.05 0.88 0.56
2237,0.34 15 0.34 0.27 0.50 0.410.43 15 0.34 0.38 0.50 0.550.39 15 0.20 0.18 0.30 0.330.76 15 0.49 0.28 0.62 0.540.32 15 0.34 0.28 0.46 0.400.77 15 0.21 0.21 0.31 0.340.31 15 0.47 0.27 0.62 0.550.80 15 0.34 0.26 0.52 0.560.52 15 0.20 0.06 0.32 0.350.33 15 0.19 0.06 0.31 0.350.38 15 0.21 0.22 0.30 0.340.37 15 0.24 0.22 0.31 0.340.34 15 0.34 0.29 0.51 0.560.49 15 0.47 0.27 0.62 0.55
2238,0.0 1 0.0 0.0 10.0 10.0
2239,0.84 14 0.28 0.28 0.57 0.640.33 15 0.10 0.56 0.18 0.670.43 4 0.73 0.45 0.80 0.550.85 14 0.42 0.24 0.58 0.440.59 14 0.38 0.25 0.57 0.450.30 14 0.03 0.26 0.58 0.640.53 15 0.09 0.55 0.18 0.660.59 14 0.28 0.25 0.73 0.65
2240,0.46 6 0.22 -0.00 0.70 0.30
2241,0.34 6 0.01 0.25 0.58 0.700.39 6 0.01 0.11 0.84 0.72
2242,0.59 14 0.55 0.26 0.80 0.760.52 14 0.63 0.26 0.80 0.76
2243,0.47 14 0.25 0.23 0.61 0.68
2244,0.52 4 0.65 0.59 0.70 0.69
2245,0.32 6 0.55 0.08 0.63 0.150.72 14 0.45 0.36 0.50 0.470.42 14 0.64 0.08 0.69 0.13
2246,0.82 14 0.14 0.17 0.47 0.930.45 14 0.14 0.17 0.59 0.92
2247,0.48 14 0.83 0.05 1.00 0.610.44 14 0.03 0.00 0.23 0.580.39 14 0.59 0.06 0.98 0.580.69 14 0.02 -0.00 0.39 0.580.45 14 0.00 0.01 0.42 1.000.38 14 0.05 0.01 1.00 1.000.46 14 0.83 0.06 1.00 0.60
2248,0.0 1 0.0 0.0 10.0 10.0
2249,0.39 14 0.01 0.00 0.47 0.930.88 14 0.02 0.00 0.59 0.93
2250,0.89 14 0.40 0.18 0.47 0.320.96 14 0.42 0.26 0.59 0.730.38 14 0.58 0.19 0.84 0.700.42 14 0.40 0.18 0.47 0.400.45 14 0.62 0.19 0.87 0.710.30 14 0.39 0.18 0.48 0.560.34 14 0.42 0.26 0.59 0.720.81 14 0.60 0.19 0.89 0.730.47 4 0.10 0.19 0.17 0.400.70 14 0.58 0.19 0.84 0.730.95 14 0.57 0.39 0.68 0.720.81 14 0.58 0.19 0.90 0.73
2251,0.35 6 0.04 0.46 0.08 0.510.79 6 0.27 0.43 0.32 0.470.49 6 0.31 0.43 0.35 0.460.81 6 0.43 0.43 0.50 0.47
2252,0.0 1 0.0 0.0 10.0 10.0
2253,0.97 14 0.43 0.22 0.56 0.720.89 14 0.58 0.22 0.70 0.410.83 14 0.58 0.34 0.73 0.730.91 14 0.23 0.20 0.39 0.720.90 14 0.02 0.27 0.08 0.440.79 14 0.00 0.26 0.05 0.730.45 14 0.42 0.22 0.56 0.620.59 14 0.23 0.18 0.39 0.720.93 14 0.58 0.22 0.73 0.720.84 14 0.72 0.28 0.80 0.58
2254,0.0 1 0.0 0.0 10.0 10.0
2255,0.0 1 0.0 0.0 10.0 10.0
2256,0.0 1 0.0 0.0 10.0 10.0
2257,0.0 1 0.0 0.0 10.0 10.0
2258,0.93 14 0.35 0.49 0.40 0.640.54 14 0.65 0.47 0.69 0.60
2259,0.38 14 0.53 0.41 0.75 0.520.89 14 0.54 0.31 0.64 0.470.35 14 0.65 0.41 0.74 0.520.90 14 0.53 0.31 0.64 0.520.80 14 0.22 0.41 0.74 0.74
2260,0.42 14 0.38 0.10 0.57 0.390.41 14 0.14 0.27 0.69 1.000.43 14 0.09 0.11 0.56 0.840.89 14 0.39 0.09 0.57 0.630.70 14 0.09 0.21 0.73 1.000.54 14 0.58 0.20 0.73 0.71
2261,0.72 14 0.00 0.18 0.05 0.350.40 6 0.01 0.16 0.38 0.840.35 6 0.02 0.16 0.88 0.84
2262,0.77 6 0.03 0.15 0.67 0.990.59 6 0.94 0.26 1.00 0.320.41 6 0.45 0.13 0.88 0.710.86 6 0.93 0.21 1.00 0.290.53 6 0.45 0.13 1.00 0.72
2263,0.94 14 0.48 0.03 0.62 0.620.30 14 0.26 0.54 0.36 0.930.86 6 0.01 0.28 0.24 0.530.88 14 0.76 0.33 0.79 0.480.36 6 0.00 0.28 0.24 0.53
2264,0.65 4 0.28 0.53 0.40 1.000.38 6 0.85 0.12 0.90 0.190.30 6 0.51 0.17 0.78 0.28
2265,0.44 1 0.41 0.62 0.59 0.970.87 14 0.44 0.27 0.62 0.990.89 14 0.46 0.27 0.61 0.920.63 1 0.41 0.59 0.60 1.00
2266,0.0 1 0.0 0.0 10.0 10.0
2267,0.37 6 0.15 0.06 0.87 1.00
2268,0.46 6 0.34 0.71 0.43 0.780.67 6 0.44 0.67 0.61 0.800.48 6 0.34 0.66 0.62 0.80
2269,0.31 14 0.19 0.22 0.57 1.000.35 14 0.33 0.33 0.56 0.580.83 14 0.03 0.26 0.56 1.000.63 14 0.04 0.24 0.39 1.000.32 14 0.32 0.21 0.56 0.900.37 14 0.03 0.01 0.81 1.000.55 14 0.31 0.32 0.56 1.00
2270,0.44 6 0.22 0.53 0.30 0.640.36 14 0.16 0.16 0.25 0.290.78 14 0.70 0.71 0.75 0.910.35 6 0.22 0.53 0.30 0.650.61 8 0.49 0.69 0.58 1.000.51 6 0.74 0.51 0.80 0.580.33 14 0.00 0.12 0.17 0.320.71 14 0.67 0.70 0.70 0.810.33 6 0.59 0.50 0.74 0.620.65 14 0.07 0.16 0.25 0.320.42 14 0.00 0.12 0.06 0.300.53 14 0.20 0.44 0.23 0.530.34 6 0.61 0.50 0.73 0.60
2271,0.85 6 0.20 0.26 0.33 0.390.34 6 0.20 0.26 0.34 0.390.85 6 0.00 0.22 0.18 0.380.85 6 0.03 0.26 0.97 0.830.40 6 0.00 0.23 0.18 0.390.55 6 0.39 0.25 0.92 0.52
2272,0.95 14 0.30 0.41 0.50 1.00
2273,0.87 14 0.15 0.18 0.36 0.730.35 12 0.15 0.25 0.48 0.91
2274,0.41 4 0.49 0.47 0.53 0.560.62 4 0.61 0.41 0.66 0.540.30 4 0.62 0.41 0.66 0.50
2275,0.71 14 0.00 0.05 0.24 0.630.92 14 0.69 0.27 0.79 0.400.42 14 0.68 0.27 0.79 0.510.79 14 0.00 0.04 0.25 1.00
2276,0.38 14 0.00 0.33 0.35 1.000.40 14 0.00 0.33 0.34 1.000.52 14 0.00 0.01 0.46 0.900.51 14 0.00 0.01 0.59 1.000.68 14 0.00 0.33 0.34 0.890.35 14 0.23 0.02 0.52 0.890.64 14 0.00 0.01 0.47 1.000.37 14 0.00 0.01 0.32 0.890.32 14 0.19 0.33 0.51 0.88
2277,0.0 1 0.0 0.0 10.0 10.0
2278,0.93 14 0.40 0.30 0.45 0.370.93 14 0.53 0.26 0.58 0.34
2279,0.0 1 0.0 0.0 10.0 10.0
2280,0.0 1 0.0 0.0 10.0 10.0
2281,0.45 15 0.05 0.65 0.19 0.820.67 14 0.07 0.14 0.17 0.560.89 6 0.77 0.55 0.90 0.670.52 6 0.75 0.55 0.85 0.660.44 14 0.07 0.14 0.17 0.580.71 6 0.82 0.56 0.90 0.67
2282,0.32 14 0.40 0.49 0.53 0.890.65 6 0.40 0.53 0.47 0.640.67 14 0.35 0.51 0.39 0.640.55 6 0.20 0.49 0.29 0.660.95 14 0.23 0.49 0.41 1.000.47 6 0.21 0.49 0.29 0.660.51 6 0.21 0.49 0.29 0.660.43 6 0.00 0.21 0.20 0.870.37 14 0.53 0.51 0.61 0.670.50 6 0.17 0.52 0.22 0.620.51 14 0.41 0.49 0.56 0.780.89 14 0.41 0.48 0.60 1.00
2283,0.58 14 0.02 0.00 0.49 0.960.56 14 0.12 0.01 0.78 1.000.35 14 0.12 0.25 0.78 1.00
2284,0.0 1 0.0 0.0 10.0 10.0
2285,0.89 6 0.01 0.54 0.79 0.97
2286,0.82 14 0.35 0.11 0.53 0.500.51 6 0.46 0.70 0.55 0.750.37 6 0.32 0.70 0.41 0.750.77 6 0.58 0.88 0.66 0.93
2287,0.63 14 0.86 0.42 1.00 1.000.85 14 0.87 0.42 1.00 0.900.77 14 0.11 0.00 0.33 0.640.73 14 0.50 0.02 0.73 0.640.40 14 0.00 0.07 0.15 0.600.69 14 0.00 0.06 0.14 0.670.43 14 0.12 0.00 0.33 0.510.76 14 0.12 0.01 0.33 0.860.32 14 0.11 0.01 0.28 0.510.55 14 0.00 0.05 0.17 1.000.94 14 0.70 0.28 0.90 0.900.69 14 0.00 0.06 0.17 0.880.46 14 0.50 0.02 0.85 0.770.42 14 0.48 0.02 0.74 0.890.35 14 0.51 0.28 0.90 0.90
2288,0.46 14 0.00 0.09 0.17 0.380.34 14 0.00 0.00 0.53 1.000.35 14 0.00 0.07 0.28 1.00
2289,0.38 6 0.04 0.01 0.88 0.200.53 6 0.17 0.18 0.57 0.530.42 6 0.05 0.00 0.25 0.15
2290,0.35 6 0.00 0.01 0.67 1.00
2291,0.42 14 0.42 0.16 0.55 0.450.88 14 0.35 0.15 0.55 0.750.35 14 0.01 0.16 0.23 0.670.30 14 0.55 0.10 1.00 1.000.57 14 0.87 0.16 1.00 0.460.82 14 0.19 0.14 0.47 0.750.47 14 0.87 0.16 1.00 0.740.60 14 0.87 0.17 1.00 0.500.69 14 0.88 0.17 1.00 0.340.39 14 0.53 0.15 0.72 0.530.75 14 0.00 0.17 0.11 0.420.71 14 0.71 0.10 0.89 0.750.85 14 0.00 0.17 0.16 0.750.31 14 0.25 0.26 0.39 0.500.59 14 0.71 0.10 0.88 0.500.67 14 0.26 0.13 0.45 0.520.36 14 0.00 0.17 0.17 0.710.69 14 0.53 0.15 0.72 0.590.51 14 0.35 0.15 0.55 0.600.59 14 0.19 0.11 0.33 0.490.84 14 0.02 0.12 0.33 0.750.37 14 0.96 0.10 1.00 0.180.58 14 0.09 0.16 0.17 0.240.66 14 0.01 0.15 0.25 0.750.41 14 0.21 0.12 0.32 0.360.70 14 0.70 0.10 0.89 0.740.62 14 0.01 0.16 0.18 0.740.54 14 0.31 0.13 0.45 0.360.66 14 0.26 0.14 0.54 0.750.40 14 0.87 0.17 1.00 0.740.75 14 0.53 0.09 0.88 0.750.36 14 0.33 0.16 0.72 0.750.84 14 0.52 0.15 0.73 0.750.71 14 0.54 0.16 0.69 0.390.53 14 0.53 0.10 1.00 0.75
2292,0.67 4 0.23 0.05 0.42 0.910.51 14 0.24 0.00 0.64 0.920.53 14 0.47 0.37 0.64 0.710.75 14 0.00 0.00 0.25 0.560.36 4 0.26 0.05 0.37 0.380.67 4 0.51 0.17 0.61 0.530.31 4 0.53 0.18 0.60 0.36
2293,0.83 6 0.11 0.31 0.96 0.61
2294,0.0 1 0.0 0.0 10.0 10.0
2295,0.0 1 0.0 0.0 10.0 10.0
2296,0.67 14 0.37 0.00 0.54 0.250.37 14 0.27 0.01 0.61 1.000.39 14 0.07 0.01 0.56 0.480.41 14 0.42 0.00 0.76 0.260.50 14 0.06 0.29 0.61 1.000.44 14 0.42 0.00 0.76 0.730.58 14 0.39 0.01 0.60 0.740.41 14 0.00 0.01 0.61 1.000.41 14 0.42 0.00 0.76 0.740.56 14 0.43 0.00 0.77 1.000.60 14 0.52 0.00 0.76 0.26
2297,0.0 1 0.0 0.0 10.0 10.0
2298,0.0 1 0.0 0.0 10.0 10.0
2299,0.31 15 0.14 0.74 0.19 0.810.36 6 0.00 0.66 0.05 0.820.89 6 0.57 0.79 0.67 0.90
2300,0.45 6 0.72 0.17 0.88 0.260.38 6 0.06 0.10 0.87 0.75
2301,0.0 1 0.0 0.0 10.0 10.0
2302,0.53 14 0.37 0.55 0.63 1.000.39 14 0.40 0.55 0.62 0.740.39 14 0.52 0.19 0.77 0.750.55 14 0.51 0.19 0.78 0.750.34 14 0.36 0.19 0.77 0.750.52 14 0.38 0.19 0.78 1.000.53 14 0.39 0.19 1.00 1.00
2303,0.34 14 0.24 0.15 0.51 0.440.68 14 0.29 0.15 0.52 0.450.71 14 0.29 0.15 1.00 0.52
2304,0.0 1 0.0 0.0 10.0 10.0
2305,0.0 1 0.0 0.0 10.0 10.0
2306,0.72 6 0.00 0.55 0.06 0.630.87 14 0.38 0.20 0.48 0.440.37 12 0.39 0.33 0.57 0.780.32 14 0.62 0.24 0.72 0.510.71 14 0.62 0.36 0.71 0.800.76 14 0.18 0.17 0.29 0.760.89 14 0.20 0.39 0.40 0.790.50 14 0.62 0.24 0.72 0.540.85 14 0.39 0.20 0.51 0.760.83 14 0.18 0.17 0.29 0.610.93 14 0.10 0.41 0.20 0.780.46 14 0.32 0.36 0.42 0.780.79 14 0.61 0.23 0.72 0.790.93 14 0.56 0.35 0.64 0.790.90 14 0.62 0.23 0.71 0.40
2307,0.0 1 0.0 0.0 10.0 10.0
2308,0.80 14 0.67 0.72 0.90 0.95
2309,0.73 1 0.03 0.43 0.18 0.750.67 14 0.45 0.46 0.52 0.610.31 1 0.40 0.47 0.58 0.740.68 14 0.03 0.21 0.17 0.530.32 14 0.02 0.21 0.13 0.590.97 14 0.43 0.28 0.56 0.610.97 14 0.02 0.19 0.17 0.620.76 1 0.40 0.44 0.58 0.74
2310,0.33 6 0.15 0.32 0.29 0.43
2311,0.88 14 0.36 0.02 0.61 1.000.34 14 0.35 0.02 0.54 0.660.68 14 0.36 0.02 0.61 0.810.41 14 0.35 0.02 0.55 0.77
2312,0.60 4 0.40 0.33 0.43 0.440.49 8 0.00 0.58 0.27 0.950.94 14 0.36 0.15 0.45 0.420.47 4 0.38 0.38 0.43 0.570.68 8 0.64 0.59 0.79 0.950.36 8 0.00 0.56 0.25 0.950.39 8 0.68 0.60 0.80 0.950.55 14 0.67 0.14 0.80 0.470.94 14 0.53 0.16 0.68 0.520.45 4 0.35 0.33 0.38 0.450.49 14 0.68 0.15 0.79 0.460.31 14 0.68 0.15 0.80 0.490.95 14 0.42 0.15 0.55 0.450.76 14 0.00 0.18 0.17 0.520.60 14 0.36 0.15 0.47 0.560.38 14 0.67 0.15 0.80 0.470.71 4 0.31 0.28 0.34 0.430.72 14 0.41 0.15 0.54 0.540.94 14 0.13 0.15 0.24 0.380.53 14 0.13 0.15 0.25 0.500.85 14 0.00 0.15 0.06 0.380.95 14 0.00 0.17 0.22 0.810.66 4 0.23 0.27 0.26 0.410.66 14 0.53 0.16 0.80 0.940.36 8 0.00 0.58 0.19 0.950.49 4 0.31 0.29 0.34 0.430.61 4 0.34 0.33 0.38 0.510.32 8 0.65 0.59 0.79 0.950.44 14 0.40 0.53 0.79 0.960.63 14 0.41 0.15 0.80 0.95
2313,0.37 6 0.15 0.13 0.85 0.570.39 6 0.65 0.56 0.89 0.670.87 14 0.33 0.01 0.63 0.53
2314,0.60 14 0.08 0.06 0.71 1.00
2315,0.31 0 0.01 0.25 0.99 0.510.43 0 0.02 0.25 0.99 0.50
2316,0.0 1 0.0 0.0 10.0 10.0
2317,0.97 14 0.26 0.17 0.49 0.590.60 6 0.07 0.15 0.86 0.570.62 6 0.73 0.18 0.89 0.41
2318,0.55 6 0.33 0.04 0.42 0.08
2319,0.46 14 0.24 0.28 0.39 0.710.38 14 0.23 0.28 0.35 0.700.36 14 0.24 0.28 0.38 0.710.83 14 0.24 0.28 0.34 0.530.30 14 0.23 0.29 0.37 0.700.35 14 0.23 0.29 0.35 0.580.41 14 0.24 0.28 0.41 0.71
2320,0.74 14 0.00 0.59 0.08 0.670.79 14 0.19 0.39 0.75 0.660.65 14 0.44 0.56 0.53 0.66
2321,0.31 14 0.19 0.14 0.54 0.500.38 14 0.22 0.31 0.79 0.740.32 14 0.66 0.28 0.87 0.560.72 14 0.56 0.29 0.82 0.560.33 14 0.38 0.30 0.85 0.740.33 14 0.01 0.15 0.60 0.730.59 14 0.17 0.14 0.57 0.740.47 14 0.67 0.27 0.88 0.560.38 14 0.17 0.14 0.54 0.650.31 14 0.45 0.32 0.74 0.590.33 14 0.17 0.14 0.58 0.730.30 14 0.00 0.15 0.56 1.000.36 14 0.01 0.54 0.18 0.730.35 14 0.23 0.32 0.75 0.740.34 14 0.22 0.29 0.85 0.740.45 14 0.56 0.33 0.75 0.56
2322,0.0 1 0.0 0.0 10.0 10.0
2323,0.62 8 0.49 0.67 0.68 1.000.39 8 0.49 0.67 0.68 1.00
2324,0.45 6 0.35 0.44 0.45 0.490.52 14 0.36 0.39 0.41 0.46
2325,0.78 14 0.48 0.38 0.51 0.500.38 6 0.57 0.34 0.77 0.500.75 6 0.53 0.40 0.73 0.540.96 14 0.29 0.39 0.36 0.590.95 14 0.82 0.35 0.87 0.490.38 14 0.37 0.46 0.41 0.580.92 14 0.52 0.37 0.56 0.520.95 14 0.43 0.38 0.49 0.510.47 6 0.04 0.25 0.60 0.560.96 14 0.77 0.35 0.83 0.500.94 14 0.37 0.39 0.42 0.570.66 6 0.51 0.33 0.77 0.540.82 14 0.47 0.39 0.51 0.520.32 6 0.57 0.33 0.77 0.49
2326,0.62 14 0.59 0.03 0.72 0.410.38 14 0.50 0.07 0.71 0.680.86 6 0.01 0.17 0.43 0.540.50 14 0.61 0.03 0.84 0.750.94 14 0.50 0.02 0.83 0.75
2327,0.42 14 0.00 0.18 0.40 0.740.92 14 0.12 0.18 0.37 0.600.75 14 0.63 0.24 0.85 0.500.53 14 0.06 0.18 0.38 0.700.92 14 0.63 0.24 0.87 0.65
2328,0.0 1 0.0 0.0 10.0 10.0
2329,0.0 1 0.0 0.0 10.0 10.0
2330,0.56 8 0.19 0.41 0.42 0.870.37 8 0.19 0.57 0.41 0.870.40 14 0.45 0.55 0.58 0.69
2331,0.0 1 0.0 0.0 10.0 10.0
2332,0.31 0 0.18 0.30 0.60 0.50
2333,0.0 1 0.0 0.0 10.0 10.0
2334,0.55 6 0.27 0.17 0.91 0.750.56 6 0.01 0.17 0.91 0.750.46 6 0.27 0.19 0.91 0.69
2335,0.50 6 0.01 0.11 0.79 0.66
2336,0.72 14 0.68 0.56 0.74 0.650.87 14 0.65 0.51 0.69 0.620.96 14 0.25 0.10 0.48 0.750.84 14 0.66 0.56 0.74 0.65
2337,0.30 19 0.15 0.24 0.23 0.37
2338,0.0 1 0.0 0.0 10.0 10.0
2339,0.47 14 0.61 -0.00 0.78 0.320.54 6 0.13 0.01 0.67 0.57
2340,0.82 14 0.72 0.34 0.82 0.540.72 14 0.75 0.34 0.82 0.440.84 14 0.82 0.33 0.88 0.430.37 14 0.03 0.25 0.10 0.440.92 14 0.65 0.35 0.73 0.530.86 14 0.34 0.01 0.65 0.660.64 14 0.00 0.01 0.66 1.000.54 14 0.75 0.34 0.89 0.560.61 14 0.65 0.34 0.89 0.550.92 14 0.82 0.34 0.89 0.570.66 14 0.65 0.34 0.72 0.440.56 14 0.65 0.42 0.72 0.530.33 14 0.04 0.25 0.09 0.31
2341,0.0 1 0.0 0.0 10.0 10.0
2342,0.34 1 0.26 0.38 0.49 0.670.61 1 0.26 0.34 0.49 0.670.96 14 0.25 0.13 0.44 0.640.31 1 0.26 0.36 0.50 0.67
2343,0.32 14 0.08 0.28 0.37 0.750.84 14 0.00 0.28 0.55 1.00
2344,0.60 14 0.10 0.14 0.66 0.750.38 14 0.29 0.14 0.65 0.730.50 14 0.09 0.13 0.66 1.000.93 14 0.71 0.65 0.80 0.750.42 14 0.29 0.14 0.65 0.74
2345,0.38 1 0.73 0.47 0.82 0.670.66 6 0.37 0.23 0.77 0.48
2346,0.69 14 0.18 0.22 0.68 0.750.80 14 0.00 0.22 0.68 1.00
2347,0.37 14 0.61 0.20 0.78 0.520.74 14 0.09 0.48 0.36 0.750.45 14 0.62 0.20 0.78 0.480.31 14 0.09 0.48 0.37 1.000.31 14 0.00 0.00 0.59 1.000.41 14 0.10 0.48 0.34 0.650.40 14 0.09 0.00 0.78 1.000.40 14 0.09 0.48 0.26 0.65
2348,0.76 14 0.42 0.02 0.76 0.650.44 14 0.41 0.17 0.78 0.720.39 14 0.41 0.02 0.80 0.74
2349,0.45 14 0.49 0.37 0.55 0.450.41 4 0.41 0.37 0.43 0.460.69 4 0.41 0.35 0.45 0.460.40 4 0.24 0.37 0.28 0.46
2350,0.36 4 0.27 0.31 0.30 0.39
2351,0.65 14 0.42 0.28 0.59 0.600.82 14 0.22 0.26 0.62 0.720.77 14 0.56 0.33 0.77 0.740.52 4 0.29 0.53 0.37 0.750.50 14 0.43 0.27 0.69 0.620.32 14 0.22 0.26 0.55 0.710.61 4 0.31 0.53 0.37 0.730.84 14 0.22 0.26 0.48 0.700.71 14 0.43 0.27 0.64 0.720.36 14 0.21 0.26 0.48 0.590.30 14 0.42 0.28 0.77 0.740.59 4 0.31 0.53 0.37 0.750.42 14 0.26 0.27 0.77 0.740.63 14 0.30 0.27 0.76 0.730.38 14 0.53 0.27 0.69 0.610.40 14 0.54 0.27 0.75 0.67
2352,0.34 6 0.14 0.21 0.87 0.570.31 6 0.14 0.21 0.87 0.570.38 6 0.14 0.19 0.87 0.57
2353,0.39 14 0.59 0.00 0.66 0.100.54 14 0.35 0.00 0.51 0.210.47 14 0.67 0.00 0.75 0.260.95 14 0.33 0.15 0.69 0.590.60 6 0.01 0.09 0.83 0.670.45 14 0.33 0.15 0.84 0.600.69 14 0.65 -0.00 0.74 0.27
2354,0.54 14 0.54 0.10 0.79 0.660.32 14 0.17 0.07 0.56 1.000.47 14 0.43 0.09 0.79 0.660.81 14 0.00 0.05 0.55 1.000.44 14 0.06 0.09 0.78 1.000.41 14 0.29 0.09 0.79 1.00
2355,0.83 14 0.89 0.40 0.93 0.450.35 14 0.89 0.40 0.94 0.49
2356,0.39 6 0.01 0.13 0.66 0.59
2357,0.0 1 0.0 0.0 10.0 10.0
2358,0.34 6 0.65 0.07 0.77 0.150.73 6 0.59 0.07 0.76 0.170.91 14 0.18 0.01 0.25 0.190.95 14 0.22 0.27 0.45 0.67
2359,0.35 4 0.49 0.27 0.60 0.580.42 4 0.48 0.26 0.61 0.62
2360,0.32 6 0.11 0.10 0.85 0.480.77 6 0.11 0.10 0.85 0.48
2361,0.0 1 0.0 0.0 10.0 10.0
2362,0.79 14 0.46 0.46 0.59 0.570.47 14 0.32 0.46 0.60 0.820.85 14 0.46 0.46 0.59 0.80
2363,0.37 14 0.42 0.28 0.58 0.490.55 14 -0.00 0.65 0.31 1.000.45 14 0.00 0.61 0.23 0.840.39 14 0.44 0.29 0.66 0.750.79 14 0.11 0.26 0.43 0.850.53 14 0.33 0.31 0.47 0.570.37 14 0.05 0.26 0.41 0.700.44 14 0.50 0.31 0.65 0.670.78 14 0.41 0.28 0.61 0.620.43 14 0.00 0.34 0.19 0.730.36 14 0.35 0.29 0.66 0.830.36 14 0.00 0.59 0.30 0.840.41 14 0.33 0.28 0.61 0.700.64 14 0.10 0.25 0.37 0.520.61 14 0.00 0.33 0.28 1.000.33 14 0.23 0.27 0.38 0.480.37 14 0.00 0.35 0.29 0.840.48 14 0.33 0.31 0.46 0.480.43 14 0.32 0.31 0.47 0.830.80 14 0.35 0.28 0.66 0.84
2364,0.38 14 0.53 0.21 0.66 0.350.91 14 0.31 0.20 0.46 0.350.42 14 0.18 0.34 0.41 0.590.77 14 0.17 0.34 0.41 0.630.32 14 0.00 0.20 0.30 0.520.34 14 0.25 0.34 0.42 0.610.92 14 0.53 0.20 0.68 0.410.59 14 0.00 0.21 0.06 0.370.82 14 0.31 0.20 0.46 0.420.49 14 0.00 0.21 0.05 0.350.96 14 0.00 0.19 0.29 0.630.51 14 0.23 0.29 0.31 0.430.88 14 0.27 0.34 0.40 0.470.64 14 0.53 0.16 0.89 0.500.91 14 0.52 0.20 0.71 0.510.96 14 0.67 0.16 0.88 0.47
2365,0.0 1 0.0 0.0 10.0 10.0
2366,0.65 14 0.00 0.04 0.34 0.500.81 14 0.57 0.13 0.96 0.460.75 14 0.58 0.07 0.96 0.450.53 14 0.00 0.05 0.44 0.640.69 14 0.00 0.04 0.47 1.000.70 14 0.56 0.11 0.97 0.560.49 14 0.42 0.12 0.97 0.580.42 14 0.60 0.09 0.92 0.38
2367,0.44 6 0.07 0.08 0.86 0.590.97 14 0.88 0.17 0.96 0.370.91 14 0.15 0.09 0.24 0.220.48 6 0.08 0.19 0.85 0.590.77 6 0.07 0.08 0.86 0.590.93 14 0.79 0.17 0.85 0.270.49 14 0.74 0.18 0.79 0.25
2368,0.66 14 0.26 0.08 0.54 0.410.50 14 0.25 0.14 0.61 0.470.36 8 0.21 0.46 0.32 0.630.84 14 0.24 0.13 0.61 0.500.34 14 0.23 0.07 0.56 0.580.33 14 0.01 0.14 0.61 0.98
2369,0.0 1 0.0 0.0 10.0 10.0
2370,0.0 1 0.0 0.0 10.0 10.0
2371,0.82 14 0.53 0.28 0.58 0.330.79 6 0.27 0.29 0.79 0.410.62 14 0.83 0.13 0.85 0.180.42 6 0.00 0.28 0.88 0.55
2372,0.32 14 0.40 0.15 0.57 0.410.82 14 0.40 0.15 0.64 0.450.61 14 0.40 0.15 0.64 0.45
2373,0.0 1 0.0 0.0 10.0 10.0
2374,0.43 14 0.16 0.15 0.56 1.000.74 14 0.15 0.15 0.46 1.00
2375,0.0 1 0.0 0.0 10.0 10.0
2376,0.36 6 0.13 0.12 0.93 0.460.71 6 0.91 0.26 0.98 0.300.31 6 0.13 0.12 0.93 0.460.64 6 0.13 0.12 0.92 0.46
2377,0.34 6 0.02 0.00 0.34 0.040.69 6 0.01 0.00 0.34 0.070.36 1 0.52 0.06 0.86 0.57
2378,0.64 6 0.51 0.44 0.57 0.490.32 6 0.12 0.43 0.36 0.610.84 6 0.13 0.43 0.37 0.610.87 6 0.01 0.45 0.08 0.520.64 6 0.01 0.42 0.37 0.630.31 6 0.63 0.44 0.70 0.490.46 6 0.63 0.44 0.71 0.52
2379,0.77 14 0.04 0.48 0.18 0.630.37 14 0.16 0.02 0.63 0.510.56 14 0.16 0.01 0.45 0.500.71 14 0.07 0.02 0.63 1.00
2380,0.36 14 0.43 0.03 0.68 0.400.39 14 0.33 0.01 0.69 0.450.64 14 0.00 0.05 0.10 0.420.79 14 0.64 0.27 0.78 0.470.43 14 0.40 0.01 0.70 0.580.50 14 0.00 0.05 0.10 0.570.70 14 0.32 0.01 0.75 0.620.40 14 0.00 0.04 0.10 0.630.38 14 0.33 0.01 0.61 0.620.56 14 0.34 0.01 0.70 0.620.78 14 0.42 0.24 0.79 0.630.46 14 0.63 0.28 0.74 0.450.62 14 0.64 0.27 0.78 0.61
2381,0.0 1 0.0 0.0 10.0 10.0
2382,0.56 14 0.64 0.39 0.77 0.600.82 14 0.72 0.40 0.79 0.500.98 14 0.14 0.09 0.32 0.600.64 14 0.64 0.39 0.72 0.520.93 14 0.64 0.39 0.72 0.58
2383,0.45 14 0.48 0.25 0.65 0.530.36 14 0.20 0.13 0.67 0.850.60 14 0.04 0.60 0.22 0.850.39 14 0.48 0.28 0.67 0.590.52 14 0.42 0.55 0.67 0.850.36 14 0.00 0.21 0.09 0.740.75 14 0.05 0.21 0.22 0.580.83 14 0.48 0.25 0.67 0.580.32 14 0.01 0.13 0.66 1.000.75 14 0.00 0.21 0.08 0.490.90 14 0.19 0.13 0.48 0.850.48 14 0.45 0.57 0.62 0.840.78 14 0.00 0.20 0.08 0.850.70 14 0.05 0.60 0.21 0.850.64 14 0.04 0.53 0.29 0.850.52 14 0.47 0.25 0.67 0.690.54 14 0.05 0.13 0.47 0.850.44 14 0.06 0.20 0.20 0.390.84 14 0.03 0.21 0.24 0.850.46 14 0.06 0.22 0.20 0.560.80 14 0.42 0.55 0.65 0.850.50 14 0.42 0.24 0.68 0.850.58 14 0.48 0.25 0.66 0.490.46 14 0.08 0.19 0.19 0.360.47 14 0.48 0.25 0.67 0.53
2384,0.81 14 0.08 0.23 0.64 1.00
2385,0.0 1 0.0 0.0 10.0 10.0
2386,0.0 1 0.0 0.0 10.0 10.0
2387,0.0 1 0.0 0.0 10.0 10.0
2388,0.48 6 0.27 0.76 0.46 0.910.51 15 0.19 0.77 0.26 0.890.65 6 0.28 0.76 0.46 0.900.32 15 0.27 0.73 0.32 0.810.38 15 0.20 0.77 0.27 0.880.30 15 0.08 0.78 0.13 0.860.69 15 0.19 0.78 0.26 0.890.42 15 0.18 0.53 0.23 0.600.70 15 0.07 0.77 0.14 0.86
2389,0.0 1 0.0 0.0 10.0 10.0
2390,0.0 1 0.0 0.0 10.0 10.0
2391,0.40 14 0.01 0.03 0.77 1.000.74 14 0.01 0.03 0.93 1.00
2392,0.60 14 0.48 0.03 0.63 0.360.38 14 0.33 0.46 0.59 0.660.33 14 0.04 -0.00 0.26 0.490.38 14 0.49 0.03 0.61 0.180.52 14 0.46 0.03 0.66 0.570.83 14 0.26 0.13 0.60 0.650.76 14 0.65 0.01 0.83 0.280.35 14 0.26 0.13 0.53 0.620.81 14 0.42 0.03 0.63 0.650.74 14 0.07 0.12 0.61 0.730.93 14 0.66 0.01 0.86 0.600.76 14 0.33 0.48 0.61 0.740.71 14 0.65 0.01 0.81 0.27
2393,0.96 14 0.38 0.22 0.50 0.53
2394,0.0 1 0.0 0.0 10.0 10.0
2395,0.47 14 0.38 0.04 0.57 0.250.51 6 0.08 0.01 1.00 0.450.35 14 0.38 0.04 0.52 0.220.85 14 0.31 0.04 0.59 0.420.32 14 0.31 0.04 0.56 0.260.66 6 0.47 0.00 1.00 0.23
2396,0.51 14 0.65 0.34 0.76 0.490.47 14 0.00 0.28 0.02 0.360.51 14 0.66 0.34 0.76 0.42
2397,0.37 14 0.29 0.10 0.38 0.230.93 14 0.40 0.08 0.56 0.290.87 14 0.23 0.17 0.53 0.600.41 14 0.00 0.17 0.54 1.00
2398,0.44 14 0.07 0.34 0.27 0.650.33 14 0.32 0.28 0.50 0.510.35 14 0.36 0.17 0.49 0.420.54 14 0.39 0.17 0.45 0.250.85 14 0.21 0.05 0.30 0.290.73 14 0.01 0.10 0.08 0.180.30 14 0.07 0.34 0.26 0.640.45 14 0.34 0.17 0.54 0.430.30 14 0.21 0.03 0.31 0.300.86 14 0.07 0.29 0.38 0.650.41 14 0.15 0.35 0.38 0.660.71 14 0.35 0.17 0.47 0.360.36 14 0.36 0.28 0.50 0.45
2399,0.84 6 0.08 0.39 0.57 0.600.87 14 0.32 0.40 0.39 0.450.67 14 0.42 0.40 0.47 0.44
2400,0.77 14 0.22 0.23 0.41 0.610.31 14 0.20 0.23 0.41 0.520.37 14 0.21 0.23 0.42 0.67
2401,0.0 1 0.0 0.0 10.0 10.0
2402,0.86 6 0.34 0.40 0.49 0.510.95 14 0.82 0.39 0.88 0.530.93 14 0.72 0.39 0.76 0.500.38 6 0.34 0.41 0.48 0.510.66 14 0.24 0.36 0.27 0.420.70 6 0.48 0.39 0.57 0.460.88 6 0.02 0.42 0.35 0.610.63 14 0.22 0.36 0.25 0.420.80 14 0.79 0.38 0.86 0.510.33 6 0.51 0.37 0.62 0.44
2403,0.48 1 0.17 0.35 0.74 0.710.79 14 0.33 0.02 0.57 0.800.77 14 0.28 0.02 0.57 0.81
2404,0.48 8 0.12 0.34 0.30 0.540.49 8 0.44 0.33 0.66 0.52
2405,0.0 1 0.0 0.0 10.0 10.0
2406,0.90 14 0.32 0.22 0.48 0.400.69 4 0.36 0.51 0.41 0.630.53 14 0.00 0.40 0.23 0.880.90 14 0.60 0.25 0.75 0.630.47 4 0.34 0.36 0.38 0.460.62 14 0.07 0.27 0.31 0.620.36 14 0.58 0.25 0.72 0.450.95 14 0.49 0.22 0.62 0.490.44 14 0.00 0.39 0.19 0.890.51 14 0.21 0.23 0.40 0.500.58 4 0.48 0.54 0.53 0.680.84 14 0.32 0.23 0.51 0.480.84 14 0.20 0.23 0.39 0.460.53 14 0.00 0.26 0.32 0.890.81 14 0.17 0.26 0.26 0.420.93 14 0.00 0.40 0.30 0.890.95 14 0.63 0.32 0.75 0.640.70 14 0.07 0.30 0.31 0.720.50 4 0.34 0.35 0.38 0.450.77 14 0.08 0.31 0.28 0.540.66 15 0.40 0.57 0.54 0.750.62 14 0.07 0.31 0.18 0.43
2407,0.37 8 0.55 0.65 0.76 0.92
2408,0.86 6 0.11 0.74 0.56 0.92
2409,0.42 14 0.31 0.04 0.66 0.570.32 14 0.31 0.05 0.65 0.570.43 13 0.32 0.17 0.83 0.65
2410,0.0 1 0.0 0.0 10.0 10.0
2411,0.32 14 0.02 0.00 0.66 0.620.34 14 0.01 0.01 0.66 0.88
2412,0.0 1 0.0 0.0 10.0 10.0
2413,0.36 6 0.01 0.01 0.63 0.67
2414,0.61 14 0.07 0.00 0.33 0.660.78 14 0.08 0.00 0.54 0.660.46 14 0.71 0.00 0.99 0.570.34 8 0.00 0.38 0.29 0.670.39 14 0.00 0.01 0.54 1.000.49 14 0.66 0.00 0.99 0.660.40 14 0.58 0.00 1.00 0.660.43 14 0.70 0.00 1.00 0.66
2415,0.0 1 0.0 0.0 10.0 10.0
2416,0.46 14 0.30 0.20 0.38 0.330.33 6 0.00 0.32 0.17 0.390.49 14 0.31 0.20 0.38 0.290.54 6 0.22 0.27 0.60 0.36
2417,0.89 6 0.00 0.78 0.38 0.960.34 6 0.33 0.76 0.45 0.850.33 6 0.41 0.78 0.54 0.870.84 14 0.30 0.37 0.44 0.540.43 6 0.07 0.80 0.13 0.840.78 14 0.31 0.37 0.45 0.540.83 6 0.33 0.76 0.45 0.840.86 6 0.41 0.77 0.56 0.87
2418,0.50 14 -0.00 0.00 0.68 0.590.69 14 0.00 0.01 0.68 1.00
2419,0.0 1 0.0 0.0 10.0 10.0
2420,0.0 1 0.0 0.0 10.0 10.0
2421,0.0 1 0.0 0.0 10.0 10.0
2422,0.0 1 0.0 0.0 10.0 10.0
2423,0.44 14 0.44 0.16 0.64 0.340.49 14 0.32 0.17 0.50 0.440.67 14 0.64 0.15 0.80 0.330.47 14 0.65 0.26 0.89 0.610.87 14 0.55 0.15 0.81 0.580.42 14 0.64 0.18 0.89 0.610.76 14 0.13 0.15 0.41 0.570.79 14 0.13 0.16 0.51 0.590.45 14 0.62 0.16 0.81 0.600.40 14 0.61 0.15 0.81 0.470.61 14 0.43 0.16 0.66 0.550.88 14 0.42 0.15 0.65 0.470.85 14 0.13 0.15 0.46 0.590.32 14 0.62 0.15 0.88 0.590.32 14 0.36 0.18 0.48 0.370.70 14 0.42 0.15 0.85 0.580.69 14 0.63 0.16 0.89 0.610.68 14 0.49 0.16 0.65 0.380.32 14 0.40 0.17 0.97 1.000.54 14 0.60 0.16 0.69 0.33
2424,0.0 1 0.0 0.0 10.0 10.0
2425,0.58 6 0.03 0.11 0.67 0.71
2426,0.0 1 0.0 0.0 10.0 10.0
2427,0.34 15 0.40 0.54 0.47 0.640.38 8 0.00 0.63 0.10 0.900.46 8 0.54 0.45 0.68 0.880.37 8 0.47 0.45 0.66 0.740.38 8 0.25 0.45 0.47 0.740.71 15 0.40 0.64 0.46 0.710.32 8 0.40 0.60 0.50 0.740.39 8 0.00 0.52 0.10 0.890.57 8 0.00 0.63 0.10 0.900.40 8 0.54 0.42 0.67 0.750.79 15 0.39 0.52 0.48 0.630.57 15 0.39 0.52 0.48 0.670.48 8 0.46 0.45 0.64 0.74
2428,0.92 14 0.06 0.06 0.12 0.220.36 14 0.16 0.05 0.50 0.730.31 14 0.42 0.00 0.47 0.160.51 6 0.11 0.36 0.64 0.990.38 14 0.04 0.06 0.10 0.230.36 14 0.15 0.05 0.50 0.690.51 14 0.00 0.05 0.06 0.270.31 14 0.58 0.06 0.67 0.300.30 14 0.16 0.05 0.49 0.480.78 14 0.16 0.05 0.21 0.240.55 14 0.08 0.05 0.50 0.830.76 14 0.11 0.05 0.14 0.200.82 14 0.00 0.05 0.06 0.160.76 14 0.08 0.22 0.30 0.740.82 14 0.15 0.06 0.20 0.240.97 14 0.56 0.06 0.66 0.57
2429,0.0 1 0.0 0.0 10.0 10.0
2430,0.31 6 0.19 0.14 0.70 0.670.31 6 0.05 0.07 0.26 0.220.38 14 0.25 0.05 0.46 0.650.88 6 0.06 0.07 0.27 0.210.87 14 0.25 0.05 0.46 0.510.87 6 0.72 0.04 0.89 0.220.54 6 0.06 0.08 0.27 0.220.36 6 0.72 0.05 0.89 0.23
2431,0.0 1 0.0 0.0 10.0 10.0
2432,0.47 14 0.33 0.17 0.48 0.360.65 14 0.34 0.17 0.54 0.440.60 14 0.11 0.17 0.56 0.42
2433,0.0 1 0.0 0.0 10.0 10.0
2434,0.0 1 0.0 0.0 10.0 10.0
2435,0.37 4 0.43 0.43 0.46 0.560.32 4 0.76 0.49 0.79 0.590.45 4 0.77 0.48 0.81 0.630.31 4 0.78 0.48 0.83 0.640.65 4 0.78 0.48 0.83 0.64
2436,0.59 15 0.48 0.25 0.55 0.400.75 15 0.67 0.33 0.75 0.420.71 15 0.47 0.32 0.55 0.430.46 15 0.58 0.22 0.66 0.400.56 15 0.67 0.33 0.75 0.420.68 15 0.58 0.29 0.66 0.400.60 15 0.47 0.24 0.56 0.430.40 15 0.48 0.30 0.54 0.380.76 15 0.47 0.33 0.56 0.430.74 15 0.58 0.28 0.66 0.40
2437,0.0 1 0.0 0.0 10.0 10.0
2438,0.38 14 0.36 0.13 0.82 1.000.36 14 0.37 0.13 0.72 0.750.46 14 0.35 0.13 0.86 1.000.49 14 0.36 0.13 0.87 0.750.84 14 0.37 0.13 0.83 0.75
2439,0.0 1 0.0 0.0 10.0 10.0
2440,0.0 1 0.0 0.0 10.0 10.0
2441,0.55 14 0.41 0.01 0.60 0.250.39 14 0.13 0.17 0.84 0.590.35 14 0.41 0.29 0.62 0.580.62 14 0.01 0.01 0.31 0.350.65 14 0.01 0.01 0.31 0.580.47 14 0.01 0.01 0.14 0.290.36 14 0.66 0.00 0.98 0.520.49 14 0.66 0.00 0.98 0.370.62 14 0.41 0.17 0.74 0.580.45 14 0.41 0.17 0.74 0.580.43 14 0.17 0.01 0.32 0.270.63 14 0.01 0.01 0.31 0.590.31 14 0.38 0.09 0.44 0.250.66 14 0.41 0.16 0.81 0.590.55 14 0.65 0.00 0.98 0.59
2442,0.82 6 0.26 0.20 0.83 0.460.33 6 0.26 0.19 0.83 0.460.31 6 0.26 0.20 0.83 0.46
2443,0.42 14 0.75 0.29 0.89 0.610.54 14 0.82 0.30 0.90 0.430.31 14 0.75 0.29 0.89 0.60
2444,0.72 15 0.40 0.01 0.51 0.110.53 14 0.45 0.43 0.52 0.500.61 15 0.43 0.22 0.52 0.310.39 15 0.40 0.01 0.47 0.100.41 15 0.42 0.12 0.55 0.300.95 14 0.23 0.38 0.42 0.810.33 15 0.31 0.20 0.39 0.290.48 14 0.41 0.42 0.53 0.81
2445,0.36 14 0.44 0.02 0.76 0.430.31 14 0.17 0.02 0.76 0.600.48 14 0.16 0.02 0.76 1.000.52 14 0.44 0.02 0.77 0.59
2446,0.94 14 0.11 0.19 0.32 0.600.42 14 0.10 0.19 0.49 0.60
2447,0.83 14 0.20 0.69 0.29 1.000.90 14 0.14 0.70 0.28 1.000.68 14 0.14 0.71 0.23 1.000.42 4 0.24 0.35 0.28 0.45
2448,0.0 1 0.0 0.0 10.0 10.0
2449,0.35 1 0.63 0.30 0.88 0.450.79 14 0.14 0.26 0.33 0.490.54 14 0.16 0.27 0.32 0.520.60 14 0.19 0.36 0.33 0.540.74 14 0.15 0.26 0.24 0.420.49 1 0.13 0.41 0.44 0.590.98 14 0.67 0.18 0.82 0.420.40 14 0.66 0.19 0.74 0.38
2450,0.0 1 0.0 0.0 10.0 10.0
2451,0.64 14 0.13 0.09 0.45 0.840.60 14 0.13 0.09 0.46 0.670.58 14 0.13 0.09 0.45 0.480.67 14 0.00 0.09 0.45 1.00
2452,0.35 14 0.07 -0.00 0.29 0.58
2453,0.0 1 0.0 0.0 10.0 10.0
2454,0.0 1 0.0 0.0 10.0 10.0
2455,0.40 13 0.17 0.28 0.60 0.660.84 14 0.22 0.18 0.48 0.570.33 14 0.32 0.18 0.48 0.58
2456,0.35 14 0.60 0.01 1.00 0.660.74 14 0.60 0.01 1.00 0.71
2457,0.36 4 0.54 0.26 0.68 0.52
2458,0.31 14 0.44 0.11 0.67 0.53
2459,0.0 1 0.0 0.0 10.0 10.0
2460,0.46 14 0.25 0.10 0.76 0.740.49 14 0.22 0.09 0.44 0.740.78 14 0.25 0.09 0.54 0.740.32 14 0.22 0.09 0.55 0.740.39 14 0.01 0.09 0.75 1.000.64 14 0.00 0.09 0.54 1.00
2461,0.48 14 0.18 0.24 0.63 0.750.50 14 0.03 0.13 0.59 0.720.72 14 0.04 0.13 0.39 0.500.53 14 0.04 0.13 0.57 0.600.32 14 0.19 0.13 0.45 0.520.37 14 0.00 0.13 0.51 0.750.64 14 0.24 0.23 0.59 0.610.57 14 0.08 0.13 0.44 0.440.38 14 0.00 0.16 0.64 1.000.54 4 0.08 0.37 0.12 0.470.38 14 0.23 0.26 0.59 0.61
2462,0.0 1 0.0 0.0 10.0 10.0
2463,0.92 14 0.00 0.01 0.35 1.00
2464,0.90 14 0.58 0.11 0.62 0.220.33 14 0.15 0.14 0.17 0.220.35 14 0.74 0.12 0.78 0.210.85 14 0.70 0.12 0.75 0.290.38 14 0.00 0.17 0.03 0.230.32 14 0.00 0.17 0.03 0.280.75 14 0.79 0.16 0.83 0.300.88 14 0.15 0.14 0.18 0.230.60 14 0.79 0.16 0.83 0.220.82 14 0.60 0.12 0.65 0.240.89 14 0.05 0.14 0.08 0.230.38 6 0.09 0.05 0.73 0.620.93 14 0.73 0.12 0.78 0.280.82 14 0.60 0.12 0.65 0.240.82 14 0.12 0.13 0.15 0.220.77 14 0.16 0.14 0.19 0.230.47 6 0.01 0.02 0.83 0.740.71 14 0.72 0.11 0.77 0.290.89 14 0.08 0.14 0.11 0.230.47 14 0.23 0.13 0.25 0.210.59 14 0.03 0.14 0.06 0.220.71 14 0.13 0.14 0.15 0.220.93 14 0.67 0.11 0.73 0.290.58 14 0.65 0.12 0.68 0.250.71 14 0.10 0.14 0.12 0.220.35 14 0.67 0.11 0.72 0.27
2465,0.59 14 0.09 0.06 0.70 0.700.44 14 0.08 0.05 0.66 1.000.30 14 0.09 0.06 0.55 0.610.40 14 0.09 0.08 0.71 1.00
2466,0.95 14 0.35 0.06 0.56 0.480.58 14 0.61 0.31 0.73 0.580.62 14 0.23 0.18 0.71 0.590.61 14 0.06 0.19 0.71 1.00
2467,0.47 14 0.01 0.52 0.03 0.600.86 6 0.26 0.32 0.40 0.40
2468,0.76 14 0.76 0.02 1.00 1.000.34 14 0.64 0.10 1.00 1.000.34 14 0.77 0.12 1.00 0.740.45 14 0.00 0.00 0.62 0.750.45 14 0.78 0.18 1.00 0.740.86 14 0.00 0.01 0.60 1.000.33 14 0.01 0.01 0.78 1.000.79 14 0.77 0.03 1.00 0.750.32 14 0.41 0.02 1.00 1.00
2469,0.31 6 0.00 0.44 0.14 0.540.93 14 0.32 0.17 0.41 0.340.67 6 0.00 0.44 0.14 0.540.92 14 0.18 0.20 0.25 0.400.82 14 0.00 0.30 0.04 0.440.80 14 0.15 0.20 0.30 0.610.67 14 0.43 0.21 0.53 0.430.85 14 0.43 0.21 0.52 0.340.97 14 0.05 0.26 0.12 0.450.70 14 0.19 0.20 0.25 0.340.70 14 0.32 0.17 0.41 0.46
2470,0.85 6 0.04 0.32 0.98 0.71
2471,0.68 14 0.09 0.83 0.21 0.950.61 14 0.10 0.83 0.21 0.950.97 14 0.01 0.11 0.19 0.88
2472,0.32 13 0.48 0.31 0.85 0.750.64 14 0.55 0.48 0.66 0.620.40 13 0.47 0.31 0.91 0.76
2473,0.96 14 0.20 0.41 0.37 0.660.31 8 0.32 0.51 0.43 0.65
2474,0.36 14 0.09 0.07 0.68 0.650.60 14 0.72 0.00 0.94 0.360.31 14 0.06 -0.00 0.68 0.380.35 14 0.06 0.00 0.68 0.66
2475,0.47 14 0.35 0.15 0.55 0.620.63 14 0.60 0.22 0.81 0.650.39 14 0.36 0.19 0.53 0.550.43 14 0.00 0.09 0.33 0.670.63 14 0.00 0.09 0.56 0.670.47 14 0.69 0.25 0.93 0.670.41 14 0.24 0.09 0.54 0.670.36 14 0.48 0.22 0.79 0.660.37 14 0.31 0.12 0.55 0.670.85 14 0.00 0.08 0.55 1.000.68 14 0.00 0.08 0.35 1.000.86 14 0.61 0.22 0.94 0.670.67 14 0.00 0.08 0.32 0.680.55 14 0.26 0.19 0.55 0.660.66 14 0.60 0.21 0.80 0.670.53 14 0.60 0.22 0.73 0.480.58 14 0.60 0.21 0.80 0.660.59 14 0.60 0.21 0.79 0.46
2476,0.39 14 0.00 0.36 0.45 0.91
2477,0.58 6 0.30 0.47 0.36 0.56
2478,0.0 1 0.0 0.0 10.0 10.0
2479,0.86 6 0.23 0.18 0.40 0.260.97 14 0.40 0.25 0.57 0.670.59 6 0.58 0.20 1.00 0.670.88 14 0.19 0.20 0.24 0.300.51 6 0.28 0.18 0.39 0.260.84 14 0.15 0.23 0.19 0.310.90 14 0.06 0.24 0.11 0.320.76 14 0.20 0.20 0.24 0.300.47 6 0.22 0.18 0.39 0.260.82 14 0.14 0.23 0.18 0.310.64 14 0.13 0.22 0.18 0.310.89 14 0.11 0.22 0.16 0.310.60 6 0.25 0.18 0.40 0.260.52 14 0.09 0.22 0.14 0.270.91 14 0.57 0.25 0.86 0.66
2480,0.72 15 0.50 0.29 0.61 0.370.94 14 0.84 0.13 0.96 0.41
2481,0.53 6 0.10 0.78 0.63 1.000.48 6 0.10 0.80 0.33 0.93
2482,0.0 1 0.0 0.0 10.0 10.0
2483,0.0 1 0.0 0.0 10.0 10.0
2484,0.38 14 0.38 0.22 0.65 0.460.86 14 0.15 0.32 0.37 0.600.42 14 0.33 0.22 0.76 0.510.36 14 0.18 0.32 0.36 0.600.74 14 0.00 0.29 0.33 0.600.54 14 0.34 0.21 0.76 0.600.39 14 0.33 0.21 0.77 0.600.35 14 0.16 0.32 0.33 0.540.44 14 0.00 0.28 0.32 0.650.90 14 0.00 0.28 0.21 0.600.44 14 0.16 0.32 0.32 0.450.38 14 0.35 0.32 0.65 0.610.77 14 0.34 0.29 0.76 0.600.32 14 0.44 0.34 0.76 0.60
2485,0.0 1 0.0 0.0 10.0 10.0
2486,0.75 14 0.48 0.12 0.61 0.330.81 14 0.31 0.09 0.48 0.400.91 14 0.33 0.26 0.52 0.600.67 14 0.47 0.12 0.62 0.430.40 14 0.30 0.09 0.54 0.600.66 14 0.31 0.09 0.50 0.600.83 14 0.45 0.12 0.61 0.590.40 14 0.32 0.12 0.62 0.590.42 14 0.31 0.09 0.50 0.520.96 14 0.09 0.22 0.32 0.610.36 14 0.31 0.10 0.47 0.310.95 14 0.55 0.17 0.80 0.600.30 14 0.41 0.16 0.80 0.600.39 14 0.54 0.18 0.71 0.60
2487,0.54 14 0.26 0.48 0.31 0.53
2488,0.0 1 0.0 0.0 10.0 10.0
2489,0.83 6 0.02 0.11 0.76 0.54
2490,0.30 6 0.26 0.32 0.86 0.570.39 6 0.11 0.31 0.86 0.580.44 6 0.14 0.32 0.86 0.58
2491,0.38 6 0.10 0.33 0.78 0.550.68 6 0.04 0.45 0.09 0.48
2492,0.0 1 0.0 0.0 10.0 10.0
2493,0.81 6 0.08 0.17 0.85 0.62
2494,0.30 1 0.12 0.40 0.63 0.670.56 1 0.12 0.30 0.64 0.670.44 1 0.11 0.29 0.63 0.670.38 1 0.35 0.40 0.63 0.670.35 1 0.34 0.28 0.63 0.670.33 1 0.12 0.40 0.63 0.67
2495,0.44 8 0.05 0.62 0.34 1.000.60 14 0.36 0.14 0.47 0.260.39 14 0.01 0.00 0.40 0.650.41 14 0.08 0.13 0.41 0.660.51 14 0.13 0.07 0.39 0.530.44 14 0.00 0.01 0.46 1.000.41 14 0.00 0.01 0.37 0.86
2496,0.94 14 0.54 0.34 0.60 0.400.80 6 0.11 0.33 0.80 0.55
2497,0.38 0 0.17 0.26 0.78 0.55
2498,0.32 14 0.08 0.55 0.20 0.690.36 4 0.33 0.35 0.45 0.580.53 14 0.73 0.09 0.79 0.210.62 4 0.47 0.01 0.61 0.410.54 14 0.12 0.55 0.20 0.640.35 14 0.11 0.56 0.19 0.660.47 4 0.45 0.01 0.61 0.650.53 4 0.15 0.03 0.28 0.500.81 14 0.11 0.56 0.19 0.670.72 14 0.34 0.54 0.42 0.640.96 14 0.74 0.01 0.88 0.490.36 4 0.57 0.32 0.65 0.480.48 14 0.72 0.09 0.80 0.45
2499,0.0 1 0.0 0.0 10.0 10.0
2500,0.0 1 0.0 0.0 10.0 10.0
2501,0.50 14 0.00 0.67 0.13 1.000.42 14 0.22 0.71 0.35 1.000.31 14 0.23 0.70 0.36 0.930.54 14 0.33 0.01 0.59 1.000.31 14 0.00 0.01 0.60 1.000.54 14 0.00 0.67 0.22 1.000.88 14 0.22 0.01 0.62 1.00
2502,0.0 1 0.0 0.0 10.0 10.0
2503,0.56 6 0.50 0.45 0.63 0.49
2504,0.72 14 0.36 0.42 0.38 0.480.89 14 0.32 0.45 0.37 0.520.90 14 0.25 0.45 0.29 0.520.50 14 0.32 0.43 0.34 0.490.81 14 0.26 0.43 0.29 0.510.91 14 0.20 0.45 0.25 0.520.89 14 0.16 0.41 0.19 0.480.55 14 0.27 0.43 0.29 0.470.85 14 0.30 0.44 0.33 0.51
2505,0.33 19 0.52 0.29 0.97 0.690.74 14 0.01 0.37 0.26 0.700.43 14 0.01 0.01 0.71 1.000.61 14 0.25 0.01 0.56 1.000.91 14 0.00 0.37 0.25 1.000.76 14 0.26 0.01 0.85 1.00
2506,0.85 6 0.07 0.28 0.84 0.69
2507,0.0 1 0.0 0.0 10.0 10.0
2508,0.52 14 0.47 0.28 0.59 0.430.64 14 0.37 0.10 0.49 0.400.57 14 0.35 0.16 0.69 1.000.30 6 0.77 0.55 0.89 0.650.88 14 0.67 0.20 0.84 0.500.37 14 0.35 0.35 0.51 1.000.70 14 0.37 0.15 0.49 0.390.62 14 0.10 0.12 0.37 0.590.32 14 0.04 0.35 0.51 1.000.80 14 0.35 0.14 0.51 1.000.71 14 0.67 0.20 0.84 0.480.38 14 0.00 0.12 0.43 1.000.43 14 0.46 0.28 0.71 0.490.85 14 0.00 0.11 0.38 1.000.76 14 0.64 0.20 0.86 0.610.32 14 0.38 0.10 0.46 0.310.65 14 0.46 0.28 0.68 0.620.74 14 0.46 0.28 0.74 0.600.43 14 0.66 0.23 0.77 0.48
2509,0.71 6 0.00 0.24 0.06 0.500.79 6 0.04 0.16 0.84 0.78
2510,0.40 1 0.64 0.52 0.85 0.840.59 1 0.64 0.52 0.85 0.840.45 14 0.11 0.12 0.35 0.790.60 14 0.11 0.12 0.40 0.850.95 14 0.66 0.30 0.80 0.69
2511,0.0 1 0.0 0.0 10.0 10.0
2512,0.49 14 0.51 0.01 0.56 0.120.79 14 0.33 0.01 0.37 0.110.80 6 0.04 0.03 0.15 0.170.76 14 0.94 0.02 1.00 0.230.32 6 0.86 0.07 0.97 0.220.72 14 0.53 0.01 0.58 0.130.85 14 0.49 0.01 0.54 0.110.89 6 0.00 0.10 0.12 0.320.86 6 0.06 0.11 0.98 0.910.95 14 0.78 0.00 0.85 0.310.72 6 0.86 0.07 0.96 0.220.57 14 0.56 0.01 0.61 0.140.51 14 0.56 0.01 0.61 0.14
2513,0.0 1 0.0 0.0 10.0 10.0
2514,0.36 14 0.33 0.14 0.69 1.000.37 14 0.10 0.14 0.69 0.900.46 14 0.57 0.62 0.79 1.000.73 14 0.10 0.12 0.46 0.880.50 14 0.10 0.12 0.69 1.000.56 14 0.38 0.14 0.69 1.000.36 14 0.10 0.12 0.57 1.000.36 14 0.11 0.14 0.78 1.000.71 14 0.38 0.14 0.79 1.00
2515,0.44 6 0.53 0.43 0.63 0.540.33 6 0.70 0.48 0.78 0.600.36 6 0.70 0.44 0.79 0.600.85 14 0.51 0.43 0.60 0.730.95 14 0.11 0.35 0.40 1.000.53 6 0.58 0.57 0.75 0.850.80 6 0.70 0.45 0.79 0.600.87 14 0.31 0.41 0.44 0.830.79 14 0.60 0.43 0.69 0.590.55 14 0.59 0.43 0.69 0.63
2516,0.0 1 0.0 0.0 10.0 10.0
2517,0.55 8 0.11 0.32 0.47 1.000.56 8 0.00 0.32 0.21 0.990.34 8 0.53 0.34 0.72 0.860.57 8 0.53 0.33 0.78 0.930.53 8 0.53 0.33 0.78 0.98
2518,0.63 14 0.11 0.43 0.21 0.660.68 14 0.21 0.52 0.26 0.650.84 14 0.53 0.67 0.58 0.760.83 14 0.11 0.43 0.22 0.790.32 14 0.10 0.43 0.21 0.68
2519,0.33 14 0.24 0.16 0.39 0.480.45 1 0.23 0.20 0.58 0.91
2520,0.43 14 0.71 0.67 0.80 1.000.82 14 0.00 0.15 0.16 0.450.47 14 0.62 0.66 0.98 1.000.97 14 0.34 0.14 0.56 0.560.40 14 0.61 0.23 0.79 0.600.96 14 0.00 0.38 0.39 1.000.44 14 0.72 0.68 0.94 1.000.38 14 0.71 0.68 0.81 1.000.97 14 0.62 0.22 0.79 0.680.83 14 0.62 0.67 0.80 1.00
2521,0.34 14 0.00 0.01 0.45 0.750.63 14 0.00 0.00 0.89 1.00
2522,0.0 1 0.0 0.0 10.0 10.0
2523,0.68 14 0.52 0.27 0.66 0.46
2524,0.39 19 0.14 0.17 0.42 0.46
2525,0.73 14 0.46 0.30 0.55 0.470.63 14 0.57 0.31 0.64 0.420.80 14 0.31 0.30 0.47 0.530.64 14 0.34 0.39 0.69 0.740.74 14 0.10 0.08 0.33 0.380.30 14 0.74 0.29 0.87 0.440.92 14 0.58 0.31 0.71 0.530.71 14 0.56 0.31 0.71 0.750.60 14 0.21 0.30 0.46 0.670.49 14 0.31 0.30 0.47 0.540.97 14 0.09 0.24 0.29 0.660.30 14 0.74 0.29 0.88 0.500.34 14 0.22 0.30 0.49 0.700.67 14 0.22 0.26 0.38 0.660.76 14 0.32 0.30 0.54 0.680.37 14 0.09 0.08 0.34 0.550.73 14 0.09 0.08 0.34 0.660.92 14 0.65 0.29 0.88 0.750.58 14 0.27 0.25 0.37 0.500.89 14 0.30 0.30 0.47 0.660.73 14 0.35 0.39 0.65 0.750.66 14 0.34 0.32 0.70 0.750.82 14 0.56 0.31 0.64 0.510.66 14 0.57 0.31 0.71 0.750.88 14 0.64 0.29 0.88 0.75
2526,0.0 1 0.0 0.0 10.0 10.0
2527,0.31 6 0.00 0.27 0.26 0.500.32 6 0.26 0.30 0.38 0.480.95 14 0.25 0.45 0.43 0.800.42 6 0.01 0.27 0.35 0.500.54 6 0.10 0.21 0.29 0.300.30 6 0.00 0.26 0.27 0.500.32 6 0.10 0.27 0.29 0.40
2528,0.0 1 0.0 0.0 10.0 10.0
2529,0.57 6 0.12 0.39 0.21 0.450.33 6 0.83 0.40 0.93 0.470.37 6 0.68 0.36 0.86 0.490.41 6 0.13 0.38 0.30 0.470.60 6 0.20 0.42 0.29 0.470.45 6 0.16 0.38 0.29 0.460.32 6 0.04 0.39 0.13 0.440.39 6 0.75 0.41 0.86 0.480.81 6 0.04 0.39 0.13 0.450.45 6 0.20 0.40 0.30 0.470.46 6 0.67 0.36 0.78 0.45
2530,0.0 1 0.0 0.0 10.0 10.0
2531,0.0 1 0.0 0.0 10.0 10.0
2532,0.53 14 0.15 0.09 0.83 0.600.83 14 0.49 0.12 0.84 0.58
2533,0.0 1 0.0 0.0 10.0 10.0
2534,0.85 6 0.03 0.15 0.86 0.52
2535,0.35 6 0.00 0.00 0.19 0.070.31 6 0.00 0.00 0.18 0.070.62 6 0.42 0.07 0.55 0.140.75 6 0.18 0.00 0.37 0.100.36 6 0.01 0.00 0.36 0.090.31 6 0.18 0.00 0.37 0.100.33 13 0.36 0.09 0.71 0.580.42 6 0.50 0.00 0.81 0.10
2536,0.52 14 0.30 0.27 0.51 0.510.38 15 0.14 0.37 0.24 0.530.74 14 0.59 0.28 0.71 0.470.87 14 0.57 0.28 0.72 0.660.68 15 0.23 0.35 0.37 0.550.64 14 0.29 0.27 0.40 0.410.93 14 0.16 0.27 0.27 0.370.57 15 0.23 0.42 0.35 0.550.95 14 0.04 0.25 0.16 0.460.37 15 0.22 0.39 0.32 0.540.87 14 0.29 0.27 0.44 0.500.77 15 0.10 0.34 0.24 0.540.73 14 0.49 0.23 0.63 0.570.33 15 0.23 0.39 0.35 0.550.84 14 0.01 0.25 0.16 0.510.47 14 0.03 0.27 0.51 0.650.82 14 0.59 0.21 0.88 0.660.88 14 0.29 0.27 0.45 0.500.90 14 0.50 0.28 0.72 0.640.33 14 0.58 0.21 0.88 0.500.65 14 0.54 0.23 0.63 0.420.74 14 0.58 0.21 0.87 0.66
2537,0.0 1 0.0 0.0 10.0 10.0
2538,0.47 6 0.50 0.19 0.87 0.350.38 6 0.10 0.14 0.42 0.320.85 6 0.43 0.19 0.87 0.350.64 6 0.17 0.14 0.41 0.310.34 6 0.42 0.30 0.75 0.500.81 6 0.13 0.14 0.41 0.310.33 6 0.43 0.19 0.86 0.500.59 6 0.42 0.30 0.85 0.510.75 6 0.50 0.19 0.88 0.35
2539,0.74 14 0.10 0.02 0.21 0.120.62 15 0.58 0.01 0.78 0.330.43 15 0.59 0.15 0.78 0.340.62 15 0.76 0.10 0.89 0.32
2540,0.46 6 0.65 0.41 0.94 0.560.63 14 0.76 0.50 0.80 0.590.30 6 0.65 0.47 0.79 0.560.39 6 0.65 0.47 0.77 0.56
2541,0.36 4 0.01 0.00 0.33 0.62
2542,0.32 1 0.01 0.45 0.33 0.900.72 14 0.51 0.28 0.55 0.320.73 14 0.58 0.28 0.62 0.310.43 6 0.40 0.06 0.47 0.100.64 1 0.02 0.42 0.65 0.900.48 6 0.06 0.20 0.67 0.430.48 6 0.36 0.07 0.43 0.110.52 14 0.16 0.45 0.25 0.650.76 14 0.59 0.28 0.64 0.310.49 6 0.35 0.11 0.43 0.140.30 6 0.42 0.06 0.48 0.100.31 1 0.01 0.47 0.65 0.900.34 6 0.50 0.22 0.67 0.31
2543,0.32 6 0.64 0.55 0.67 0.590.73 6 0.00 0.42 0.64 0.95
2544,0.59 14 0.50 0.14 0.72 0.450.46 14 0.13 0.14 0.82 0.660.51 14 0.08 0.15 0.30 0.540.47 14 0.30 0.14 0.86 0.650.66 14 0.10 0.15 0.30 0.660.87 14 0.08 0.15 0.30 0.570.70 14 0.49 0.14 0.78 0.620.66 14 0.00 0.26 0.09 0.450.35 14 0.12 0.16 0.57 0.650.47 14 0.00 0.26 0.11 0.670.33 14 0.32 0.14 0.82 0.650.34 14 0.16 0.14 0.81 0.660.73 14 0.08 0.15 0.30 0.430.43 14 0.08 0.15 0.30 0.530.76 14 0.00 0.15 0.29 0.670.37 14 0.13 0.14 0.86 1.000.33 14 0.08 0.16 0.30 0.510.64 14 0.15 0.14 0.88 0.660.36 14 0.49 0.15 0.73 0.470.30 14 0.48 0.29 0.83 0.65
2545,0.54 14 0.60 0.22 0.67 0.330.63 14 0.23 0.43 0.29 0.500.94 14 0.21 0.09 0.52 0.910.34 14 0.56 0.22 0.68 0.560.50 14 0.55 0.22 0.68 0.730.42 14 0.55 0.22 0.68 0.730.79 14 0.56 0.22 0.67 0.540.33 14 0.57 0.22 0.67 0.54
2546,0.67 14 0.15 0.22 0.21 0.370.94 14 0.79 0.27 0.84 0.340.89 14 0.73 0.26 0.78 0.310.64 14 0.69 0.22 0.73 0.270.44 14 0.12 0.21 0.17 0.270.90 6 0.00 0.23 0.19 0.430.89 6 0.02 0.26 0.87 0.720.35 14 0.12 0.21 0.19 0.31
2547,0.0 1 0.0 0.0 10.0 10.0
2548,0.0 1 0.0 0.0 10.0 10.0
2549,0.45 6 0.25 0.53 0.44 0.590.72 14 0.32 0.50 0.37 0.560.53 6 0.00 0.20 0.08 0.290.31 6 0.53 0.35 0.69 0.400.41 6 0.05 0.33 0.15 0.36
2550,0.0 1 0.0 0.0 10.0 10.0
2551,0.88 14 0.05 0.28 0.27 0.750.55 14 0.13 0.28 0.22 0.430.57 14 0.21 0.09 0.68 0.74
2552,0.49 14 0.25 0.51 0.46 1.000.92 14 0.00 0.51 0.47 1.000.48 14 0.00 0.00 0.53 1.000.64 14 0.00 0.00 0.67 1.00
2553,0.33 14 0.40 0.02 0.83 1.000.54 14 0.59 0.03 0.83 0.570.49 14 0.40 0.06 0.74 0.640.51 14 0.22 0.02 0.79 1.000.49 14 0.58 0.02 0.84 0.620.36 14 0.70 0.03 0.84 0.650.40 14 0.23 0.02 0.83 1.00
2554,0.48 1 0.21 0.27 0.75 0.670.95 14 0.39 0.03 0.67 0.66
2555,0.82 14 0.00 0.82 0.35 1.000.53 14 0.08 0.14 0.39 0.650.82 14 0.07 0.14 0.44 0.650.67 14 0.07 0.14 0.44 0.84
2556,0.32 6 0.74 0.34 0.83 0.40
2557,0.38 6 0.10 0.09 0.80 0.600.94 14 0.71 0.23 0.79 0.32
2558,0.82 6 0.13 0.26 0.50 0.44
2559,0.0 1 0.0 0.0 10.0 10.0
2560,0.49 14 0.62 0.15 0.73 0.430.97 14 0.63 0.15 0.74 0.53
2561,0.38 14 0.47 0.25 0.67 0.550.91 14 0.45 0.25 0.67 0.690.47 13 0.35 0.32 0.70 0.71
2562,0.0 1 0.0 0.0 10.0 10.0
2563,0.33 12 0.27 0.36 0.65 0.820.34 14 0.56 0.37 0.66 0.810.90 14 0.65 0.33 0.74 0.740.40 14 0.57 0.33 0.74 0.80
2564,0.94 14 0.00 0.01 0.20 1.000.88 14 0.64 0.00 0.89 1.000.44 14 0.64 -0.00 0.80 0.41
2565,0.95 14 0.38 0.49 0.42 0.640.66 14 0.42 0.48 0.45 0.63
2566,0.42 6 0.06 0.20 0.77 0.94
2567,0.47 15 0.21 0.65 0.28 0.78
2568,0.40 14 0.12 0.30 0.40 0.930.79 14 0.00 0.28 0.38 1.000.87 14 0.00 0.23 0.26 1.000.58 14 0.21 0.31 0.27 0.460.38 14 0.19 0.26 0.70 1.000.42 14 0.01 0.24 0.23 0.880.73 14 0.22 0.29 0.40 1.000.62 14 0.34 0.25 0.65 1.000.79 14 0.34 0.25 0.70 1.000.42 14 0.56 0.43 0.64 0.65
2569,0.0 1 0.0 0.0 10.0 10.0
2570,0.90 14 0.00 0.13 0.22 0.440.68 14 0.48 0.14 0.88 0.570.45 14 0.00 0.13 0.22 0.520.89 14 0.24 0.16 0.49 0.510.59 14 0.67 0.15 0.89 0.570.38 14 0.25 0.17 0.43 0.520.41 6 0.05 0.41 0.13 0.450.91 14 0.29 0.16 0.48 0.500.76 14 0.00 0.13 0.23 0.530.92 14 0.68 0.14 0.89 0.590.70 14 0.48 0.14 0.89 0.59
2571,0.52 14 0.19 0.03 0.64 1.000.43 14 0.00 0.04 0.28 0.490.37 14 0.17 0.17 0.48 0.670.64 14 0.00 0.04 0.31 0.680.36 14 0.19 0.04 0.62 0.660.31 14 0.00 0.03 0.47 0.680.40 14 0.19 0.04 0.62 0.650.46 14 0.00 0.03 0.61 1.000.76 14 0.00 0.03 0.29 1.000.49 14 0.20 0.03 0.89 1.000.38 14 0.50 0.19 0.66 0.67
2572,0.34 6 0.01 0.20 0.71 0.52
2573,0.0 1 0.0 0.0 10.0 10.0
2574,0.72 6 0.17 0.36 0.51 0.490.70 6 0.17 0.36 0.48 0.480.84 6 0.02 0.29 0.11 0.360.42 6 0.02 0.29 0.11 0.36
2575,0.75 6 0.03 0.16 0.81 0.56
2576,0.0 1 0.0 0.0 10.0 10.0
2577,0.61 14 0.28 0.68 0.56 1.000.37 6 0.00 0.00 0.14 0.260.83 14 0.50 0.33 0.59 0.550.78 14 0.20 0.88 0.28 1.000.56 14 0.41 0.68 0.54 0.82
2578,0.0 1 0.0 0.0 10.0 10.0
2579,0.0 1 0.0 0.0 10.0 10.0
2580,0.38 6 0.09 0.21 0.79 0.860.60 6 0.01 0.21 0.79 0.86
2581,0.0 1 0.0 0.0 10.0 10.0
2582,0.77 14 0.60 0.50 0.66 0.640.94 14 0.21 0.38 0.28 0.730.44 14 0.46 0.37 0.53 0.650.41 14 0.45 0.28 0.53 0.700.96 14 0.12 0.39 0.19 0.720.92 14 0.35 0.36 0.43 0.730.64 14 0.45 0.38 0.51 0.680.92 14 0.48 0.35 0.57 0.69
2583,0.58 6 0.04 0.20 0.98 1.00
2584,0.43 4 0.52 0.30 0.55 0.420.32 8 0.63 0.23 0.75 0.400.41 15 0.21 0.30 0.36 0.450.45 4 0.53 0.33 0.57 0.440.33 15 0.19 0.06 0.43 0.44
2585,0.0 1 0.0 0.0 10.0 10.0
2586,0.36 15 0.41 0.14 0.49 0.220.35 8 0.00 0.64 0.12 0.760.55 15 0.15 0.45 0.29 0.720.55 15 0.21 0.61 0.29 0.730.42 15 0.00 0.41 0.10 0.550.75 14 0.00 0.52 0.11 0.680.37 15 0.15 0.48 0.22 0.570.60 15 0.15 0.44 0.26 0.570.38 15 0.00 0.41 0.04 0.550.54 15 0.20 0.53 0.30 0.720.74 15 0.08 0.45 0.16 0.570.39 8 0.29 0.68 0.66 0.900.31 8 0.29 0.75 0.66 0.90
2587,0.95 14 0.40 0.05 0.53 0.390.42 14 0.57 0.25 0.74 0.430.56 14 0.40 0.04 0.53 0.470.40 14 0.56 0.25 0.74 0.49
2588,0.62 14 0.44 0.31 0.59 0.620.59 15 0.63 0.32 0.74 0.470.86 14 0.30 0.31 0.54 0.660.46 14 0.45 0.31 0.55 0.490.91 14 0.51 0.21 0.63 0.440.50 14 0.29 0.32 0.60 0.660.73 14 0.30 0.31 0.44 0.660.87 14 0.45 0.31 0.59 0.620.89 14 0.46 0.22 0.62 0.610.48 14 0.84 0.27 0.89 0.51
2589,0.52 14 0.15 0.23 0.41 0.830.33 14 0.04 0.23 0.59 1.000.34 14 0.21 0.23 0.41 0.510.76 14 0.04 0.23 0.42 1.00
2590,0.30 6 0.01 0.19 0.65 0.600.68 6 0.58 0.31 0.90 0.640.47 6 0.01 0.15 0.90 0.64
2591,0.34 6 0.50 0.08 0.97 0.290.75 14 0.11 0.08 0.15 0.200.34 6 0.00 0.07 0.21 0.450.62 6 0.10 0.04 0.91 0.590.66 6 0.50 0.08 0.96 0.280.80 6 0.09 0.21 0.91 0.60
2592,0.63 6 0.76 0.16 0.88 0.230.42 6 0.52 0.18 0.69 0.290.30 6 0.51 0.00 0.88 0.27
2593,0.0 1 0.0 0.0 10.0 10.0
2594,0.31 14 0.01 0.09 0.48 0.750.64 14 0.00 0.08 0.48 0.920.89 14 0.22 0.07 0.49 0.710.54 14 0.45 0.10 0.73 0.780.33 14 0.42 0.11 0.77 0.920.43 14 0.43 0.10 0.80 0.920.36 14 0.46 0.10 0.75 0.780.88 14 0.42 0.10 0.88 0.92
2595,0.66 6 0.02 0.30 0.69 0.830.38 14 0.08 0.27 0.45 0.790.93 14 0.45 0.19 0.59 0.510.51 14 0.08 0.27 0.47 0.78
2596,0.0 1 0.0 0.0 10.0 10.0
2597,0.37 14 0.18 0.05 0.87 0.910.61 14 0.20 0.05 0.42 0.350.38 14 0.43 0.05 0.85 0.910.35 14 0.08 0.05 0.51 0.990.60 14 0.08 0.05 0.94 0.910.33 14 0.19 0.05 0.65 0.910.66 14 0.43 0.05 0.94 0.910.32 14 0.54 0.62 0.64 0.92
2598,0.0 1 0.0 0.0 10.0 10.0
2599,0.83 6 0.25 0.32 0.66 0.520.42 6 0.75 0.35 0.90 0.520.90 6 0.75 0.35 0.90 0.52
2600,0.47 14 0.48 0.12 0.63 0.520.90 14 0.30 0.16 0.41 0.620.94 14 0.33 0.46 0.51 0.840.49 14 0.66 0.12 0.81 0.390.57 14 0.37 0.24 0.50 0.570.46 14 0.17 0.17 0.31 0.810.78 14 0.48 0.13 0.63 0.710.40 14 0.28 0.16 0.41 0.800.34 14 0.62 0.12 0.81 0.800.33 14 0.30 0.16 0.40 0.480.76 14 0.66 0.11 0.82 0.490.37 14 0.29 0.16 0.41 0.660.83 14 0.48 0.13 0.64 0.850.61 14 0.37 0.24 0.50 0.730.87 14 0.19 0.17 0.29 0.600.95 14 0.15 0.45 0.34 0.840.96 14 0.08 0.19 0.22 0.800.32 14 0.20 0.17 0.29 0.560.94 14 0.61 0.24 0.76 0.850.57 14 0.30 0.16 0.40 0.480.33 14 0.47 0.12 0.63 0.490.45 14 0.33 0.46 0.61 0.860.92 14 0.51 0.43 0.65 0.850.38 14 0.48 0.12 0.63 0.540.71 14 0.63 0.11 0.81 0.84
2601,0.97 14 0.36 0.30 0.46 0.60
2602,0.0 1 0.0 0.0 10.0 10.0
2603,0.0 1 0.0 0.0 10.0 10.0
2604,0.0 1 0.0 0.0 10.0 10.0
2605,0.0 1 0.0 0.0 10.0 10.0
2606,0.93 14 0.21 0.18 0.46 0.740.34 6 0.13 0.20 0.20 0.27
2607,0.60 14 0.17 0.23 0.35 0.420.59 14 0.00 0.23 0.35 0.780.70 14 0.00 0.15 0.11 0.770.30 14 0.00 0.14 0.11 0.62
2608,0.44 14 0.30 0.15 0.75 1.000.52 14 0.00 0.06 0.47 0.730.34 14 0.39 0.15 0.75 0.720.36 14 0.30 0.15 0.75 0.720.63 14 0.00 0.06 0.49 1.000.44 14 0.00 0.03 0.77 1.000.40 14 0.30 0.16 0.64 0.720.30 14 0.30 0.15 0.74 0.730.35 14 0.31 0.15 0.76 1.00
2609,0.86 14 0.54 0.23 0.60 0.320.87 14 0.31 0.18 0.45 0.410.66 4 0.53 0.38 0.58 0.550.54 14 0.14 0.05 0.27 0.230.84 14 0.05 0.06 0.27 0.470.61 14 0.59 0.26 0.72 0.510.91 14 0.30 0.18 0.45 0.520.76 4 0.57 0.35 0.63 0.560.60 14 0.13 0.05 0.27 0.370.96 14 0.06 0.16 0.27 0.610.36 14 0.05 0.17 0.26 0.470.86 14 0.42 0.25 0.72 0.610.82 14 0.42 0.25 0.73 0.640.38 4 0.58 0.34 0.63 0.470.67 4 0.57 0.34 0.64 0.640.31 14 0.06 0.16 0.24 0.41
2610,0.32 14 0.11 0.01 0.62 1.000.43 14 0.11 0.02 0.52 0.660.85 14 0.11 0.02 0.53 0.650.41 14 0.16 0.02 0.52 0.590.51 14 0.11 0.01 0.54 1.00
2611,0.46 14 0.59 0.21 0.68 0.390.62 14 0.59 0.21 0.69 0.340.71 14 0.59 0.21 0.79 0.420.70 14 0.07 0.18 0.41 0.480.70 14 0.59 0.21 0.74 0.420.39 14 0.08 0.00 0.41 0.440.80 14 0.59 0.21 1.00 0.470.39 14 0.59 0.21 0.69 0.42
2612,0.47 1 0.42 0.36 0.84 0.590.48 14 0.49 0.30 0.59 0.500.49 14 0.57 0.19 0.73 0.530.49 1 0.42 0.36 0.84 0.590.61 14 0.53 0.19 0.73 0.540.49 1 0.42 0.37 0.85 0.580.93 14 0.51 0.19 0.74 0.540.39 14 0.55 0.19 0.74 0.43
2613,0.87 14 0.29 0.19 0.35 0.280.79 4 0.45 0.37 0.50 0.510.83 14 0.50 0.27 0.75 0.600.35 14 0.18 0.19 0.33 0.520.72 14 0.21 0.18 0.29 0.380.60 14 0.01 0.23 0.20 0.470.32 14 0.65 0.22 0.79 0.480.89 14 0.28 0.18 0.35 0.270.44 14 0.11 0.52 0.17 0.600.76 14 0.51 0.25 0.65 0.450.95 14 0.00 0.23 0.21 0.660.78 14 0.22 0.19 0.28 0.290.78 14 0.60 0.21 0.79 0.590.54 14 0.00 0.24 0.21 0.590.73 14 0.49 0.25 0.77 0.590.43 14 0.47 0.38 0.60 0.570.88 14 0.49 0.27 0.65 0.580.91 14 0.64 0.21 0.79 0.580.31 14 0.52 0.33 0.66 0.55
2614,0.34 6 0.63 0.26 0.80 0.380.81 14 0.00 0.32 0.04 0.440.43 6 0.63 0.26 0.80 0.38
2615,0.0 1 0.0 0.0 10.0 10.0
2616,0.89 14 0.32 0.01 0.61 0.45
2617,0.0 1 0.0 0.0 10.0 10.0
2618,0.0 1 0.0 0.0 10.0 10.0
2619,0.0 1 0.0 0.0 10.0 10.0
2620,0.32 6 0.00 0.15 0.88 0.47
2621,0.0 1 0.0 0.0 10.0 10.0
2622,0.33 13 0.07 0.31 0.60 0.87
2623,0.0 1 0.0 0.0 10.0 10.0
2624,0.96 14 0.31 0.27 0.49 0.750.31 14 0.00 0.41 0.03 0.520.97 14 0.52 0.27 0.72 0.75
2625,0.31 14 0.03 0.05 0.58 0.740.70 14 0.10 0.05 0.58 0.610.84 14 0.05 0.05 0.58 0.95
2626,0.34 15 0.45 0.24 0.58 0.480.57 14 0.55 0.52 0.83 0.660.44 15 0.46 0.23 0.55 0.370.93 14 0.13 0.31 0.21 0.450.91 14 0.05 0.30 0.16 0.450.87 14 0.39 0.49 0.49 0.580.32 8 0.58 0.43 0.71 0.65
2627,0.41 6 0.05 0.06 0.92 0.67
2628,0.92 14 0.31 0.34 0.52 0.660.32 14 0.00 0.27 0.24 0.670.57 14 0.57 0.31 0.87 0.570.31 14 0.53 0.39 0.88 0.670.36 14 0.74 0.31 0.89 0.660.95 14 0.16 0.29 0.32 0.480.95 14 0.36 0.10 0.61 0.470.61 14 0.00 0.26 0.16 0.660.73 14 0.00 0.25 0.20 0.660.41 14 0.16 0.29 0.33 0.600.31 14 0.31 0.34 0.53 0.560.89 14 0.00 0.25 0.25 1.000.91 14 0.57 0.31 0.88 0.670.45 14 0.00 0.28 0.25 0.660.32 14 0.31 0.37 0.51 0.660.39 14 0.40 0.32 0.89 0.66
2629,0.0 1 0.0 0.0 10.0 10.0
2630,0.41 6 0.15 0.22 0.29 0.300.48 6 0.45 0.27 0.57 0.330.47 6 0.15 0.22 0.27 0.29
2631,0.0 1 0.0 0.0 10.0 10.0
2632,0.37 14 0.24 0.37 0.30 0.430.41 14 0.28 0.36 0.33 0.420.88 14 0.23 0.36 0.32 0.43
2633,0.74 6 0.07 0.35 0.84 0.870.46 6 0.00 0.35 0.84 1.00
2634,0.34 1 0.03 0.53 0.37 0.910.33 1 0.09 0.51 0.21 0.880.51 1 0.02 0.51 0.18 0.910.93 14 0.17 0.30 0.33 0.870.45 1 0.30 0.56 0.46 0.960.87 14 0.15 0.35 0.25 0.870.57 1 0.09 0.54 0.47 0.910.40 1 0.07 0.55 0.55 0.950.33 1 0.10 0.60 0.20 0.860.55 1 0.10 0.55 0.45 0.900.97 14 0.00 0.29 0.16 0.860.97 14 0.29 0.28 0.51 1.000.31 1 0.01 0.52 0.13 0.900.30 14 0.21 0.30 0.31 0.460.59 14 0.16 0.35 0.23 0.490.36 1 0.30 0.56 0.53 0.910.60 1 0.30 0.56 0.55 0.97
2635,0.0 1 0.0 0.0 10.0 10.0
2636,0.0 1 0.0 0.0 10.0 10.0
2637,0.0 1 0.0 0.0 10.0 10.0
2638,0.63 14 0.00 0.00 0.52 1.000.38 14 0.00 0.00 0.27 1.000.37 14 0.02 0.01 0.65 1.00
2639,0.37 15 0.06 0.64 0.27 0.980.44 15 0.22 0.13 0.59 1.000.47 15 0.57 0.61 0.76 0.950.34 15 0.04 0.12 0.45 0.990.42 15 0.22 0.60 0.58 1.000.62 15 0.06 0.64 0.27 0.980.39 15 0.03 0.21 0.25 0.980.40 15 0.03 0.21 0.25 0.990.36 15 0.50 0.01 0.83 0.970.30 15 0.50 0.01 0.80 0.96
2640,0.42 14 0.17 0.18 0.64 1.000.42 14 0.16 0.18 0.77 0.790.57 14 0.16 0.17 0.53 0.700.41 14 0.17 0.18 0.76 0.670.75 14 0.17 0.18 0.76 1.00
2641,0.48 6 0.23 0.36 0.69 1.000.82 14 0.24 0.36 0.32 0.900.92 14 0.25 0.36 0.30 0.510.90 14 0.53 0.28 0.62 0.470.49 14 0.11 0.35 0.19 0.620.49 14 0.29 0.37 0.32 0.470.81 14 0.52 0.28 0.68 0.99
2642,0.0 1 0.0 0.0 10.0 10.0
2643,0.68 14 0.70 0.12 0.80 0.350.95 14 0.04 0.04 0.78 1.00
2644,0.38 14 0.74 0.00 0.81 0.10
2645,0.53 8 0.47 0.63 0.57 0.870.95 14 0.02 0.45 0.25 1.000.74 8 0.47 0.55 0.59 0.850.57 8 0.46 0.53 0.59 0.870.49 8 0.47 0.54 0.59 0.73
2646,0.35 6 0.00 0.69 0.18 0.890.92 14 0.52 0.59 0.57 0.75
2647,0.77 14 0.45 0.00 0.56 0.240.70 14 0.63 0.60 0.88 1.000.63 14 0.78 0.59 0.88 1.000.42 14 0.64 0.15 0.84 0.600.41 14 0.55 0.26 0.85 1.000.50 14 0.82 0.27 0.90 0.490.60 14 0.62 0.63 0.71 1.000.41 14 0.29 0.00 0.40 0.210.55 14 0.12 0.01 0.42 1.000.53 14 0.17 0.49 0.39 1.000.35 14 0.64 0.13 0.86 1.000.35 14 0.31 0.00 0.40 0.150.48 14 0.78 0.26 0.89 1.000.82 14 0.53 0.09 0.83 1.000.85 14 0.53 0.17 0.86 1.000.42 14 0.62 0.08 0.73 0.430.50 14 0.44 0.11 0.86 1.000.43 14 0.62 0.06 0.74 0.45
2648,0.0 1 0.0 0.0 10.0 10.0
2649,0.31 1 0.12 0.44 0.37 0.910.31 1 0.45 0.52 0.62 0.850.35 1 0.32 0.52 0.59 0.870.42 1 0.41 0.41 0.62 0.850.38 1 0.13 0.51 0.59 0.910.31 14 0.42 0.18 0.63 0.540.62 1 0.12 0.43 0.62 0.910.52 1 0.46 0.52 0.61 0.850.30 14 0.38 0.18 0.62 0.560.87 14 0.09 0.10 0.43 0.850.47 1 0.12 0.44 0.41 0.910.35 14 0.07 0.10 0.42 0.830.45 14 0.42 0.20 0.62 0.540.59 1 0.38 0.42 0.62 0.850.45 1 0.12 0.31 0.62 0.910.42 1 0.13 0.44 0.61 0.91
2650,0.39 15 0.13 0.27 0.23 0.460.36 15 0.14 0.27 0.22 0.37
2651,0.47 14 0.05 0.19 0.34 0.570.48 14 0.04 0.06 0.69 0.660.56 14 0.03 0.18 0.33 0.670.30 14 0.25 0.07 0.68 0.650.40 14 0.66 0.33 0.93 0.66
2652,0.0 1 0.0 0.0 10.0 10.0
2653,0.0 1 0.0 0.0 10.0 10.0
2654,0.93 14 0.15 0.16 0.21 0.400.98 14 0.10 0.16 0.19 0.44
2655,0.0 1 0.0 0.0 10.0 10.0
2656,0.52 14 0.24 0.14 0.68 1.000.60 14 0.18 0.48 0.29 0.650.48 14 0.14 0.35 0.27 0.520.83 14 0.14 0.35 0.28 0.670.71 14 0.52 0.18 0.68 0.320.52 14 0.00 0.07 0.63 1.000.66 14 0.19 0.49 0.28 0.660.32 14 0.20 0.10 0.86 1.000.73 14 0.14 0.35 0.26 0.50
2657,0.38 14 0.10 0.01 0.62 1.000.41 14 0.01 0.00 0.30 0.450.52 14 0.10 0.01 0.59 1.000.89 14 0.58 0.86 0.66 0.990.56 14 0.00 0.00 0.30 0.940.89 14 0.00 0.01 0.63 1.00
2658,0.68 14 0.30 0.06 0.63 0.560.71 14 0.00 0.00 0.27 0.410.35 14 0.30 0.05 0.88 0.59
2659,0.0 1 0.0 0.0 10.0 10.0
2660,0.0 1 0.0 0.0 10.0 10.0
2661,0.39 6 0.36 0.31 0.45 0.390.49 6 0.27 0.34 0.37 0.390.49 6 0.26 0.30 0.47 0.400.38 6 0.42 0.29 0.59 0.390.37 6 0.36 0.28 0.58 0.400.68 6 0.03 0.39 0.10 0.430.57 6 0.43 0.31 0.58 0.390.31 6 0.35 0.25 0.74 0.39
2662,0.92 14 0.67 0.23 0.73 0.33
2663,0.39 14 0.22 0.30 0.27 0.390.79 6 0.00 0.27 0.23 0.54
2664,0.60 14 0.00 0.30 0.62 0.92
2665,0.0 1 0.0 0.0 10.0 10.0
2666,0.30 14 0.27 0.08 0.75 0.96
2667,0.31 14 0.52 0.33 0.99 1.00
2668,0.42 14 0.44 0.08 0.76 0.520.30 14 0.45 0.08 0.90 1.000.52 14 0.45 0.08 0.76 0.890.71 14 0.45 0.08 0.77 1.000.43 14 0.45 0.08 0.90 1.00
2669,0.62 14 0.69 0.50 0.75 0.630.51 14 0.56 0.47 0.75 1.000.89 14 0.63 0.43 0.70 0.590.86 14 0.63 0.43 0.70 0.660.96 14 0.11 0.24 0.36 1.000.94 14 0.69 0.50 0.75 0.660.37 14 0.63 0.43 0.71 0.67
2670,0.0 1 0.0 0.0 10.0 10.0
2671,0.36 13 0.37 0.31 0.55 0.620.93 14 0.00 0.24 0.06 0.540.98 14 0.61 0.31 0.72 0.71
2672,0.54 14 0.00 0.13 0.59 1.000.45 14 0.00 0.01 0.60 1.000.31 14 0.00 0.01 0.83 1.00
2673,0.32 6 0.00 0.37 0.82 0.680.98 14 0.60 0.23 0.68 0.470.37 6 0.00 0.27 0.81 0.68
2674,0.88 14 0.25 0.26 0.33 0.34
2675,0.0 1 0.0 0.0 10.0 10.0
2676,0.0 1 0.0 0.0 10.0 10.0
2677,0.35 14 0.21 0.04 0.65 1.00
2678,0.57 14 0.20 0.10 0.98 0.650.36 14 0.72 0.17 1.00 0.610.48 14 0.42 0.11 0.99 0.650.76 14 0.07 0.00 0.39 0.660.73 14 0.00 0.24 0.11 0.600.55 14 0.55 0.00 0.99 0.600.59 14 0.01 0.19 0.19 0.590.63 14 0.10 0.11 0.99 1.000.57 14 0.09 0.11 0.99 0.640.32 14 0.16 0.10 0.62 0.650.72 14 0.54 0.01 1.00 0.640.31 14 0.33 0.10 0.68 0.650.63 14 0.13 0.10 1.00 0.650.35 14 0.58 0.17 0.85 0.66
2679,0.47 6 0.02 0.23 0.66 0.570.38 6 0.03 0.30 0.13 0.40
2680,0.49 14 0.45 0.29 0.71 0.670.51 14 0.45 0.30 0.71 0.520.54 14 0.45 0.29 0.71 0.650.40 14 0.44 0.29 0.63 0.520.58 14 0.45 0.29 0.65 0.540.56 14 0.44 0.30 0.70 0.550.81 14 0.44 0.29 0.71 0.620.39 14 0.44 0.30 0.70 0.53
2681,0.33 6 0.00 0.28 0.09 0.330.65 6 0.01 0.28 0.09 0.32
2682,0.38 14 0.59 0.00 0.71 0.130.66 14 0.00 0.05 0.31 0.530.36 14 0.55 0.08 0.87 0.550.54 14 0.19 0.50 0.39 0.660.49 4 0.38 0.37 0.43 0.520.95 14 0.00 0.04 0.30 0.470.76 14 0.53 0.00 0.71 0.250.33 14 0.20 0.56 0.37 0.660.57 14 0.48 0.08 0.87 0.660.41 14 0.29 0.51 0.38 0.620.42 4 0.10 0.43 0.18 0.570.88 14 0.48 0.08 0.87 0.45
2683,0.0 1 0.0 0.0 10.0 10.0
2684,0.0 1 0.0 0.0 10.0 10.0
2685,0.79 14 0.18 0.00 0.68 0.650.34 14 0.18 0.00 0.69 1.00
2686,0.51 6 0.23 0.37 0.52 0.54
2687,0.76 14 0.39 0.18 0.44 0.330.93 14 0.43 0.30 0.58 0.660.53 14 0.56 0.30 0.67 0.500.91 14 0.55 0.30 0.69 0.660.58 14 0.43 0.30 0.57 0.540.68 14 0.44 0.30 0.69 0.67
2688,0.32 14 0.10 0.29 0.50 0.890.45 14 0.11 0.14 0.65 0.890.35 14 0.10 0.29 0.33 1.000.58 14 0.00 0.15 0.65 1.000.47 14 0.10 0.28 0.27 0.59
2689,0.36 14 0.27 0.30 0.57 0.760.37 14 0.39 0.15 0.80 0.750.48 14 0.27 0.34 0.44 0.750.35 14 0.45 0.15 0.83 0.740.38 14 0.52 0.19 0.85 0.740.77 14 0.28 0.29 0.55 0.750.63 14 0.38 0.31 0.56 0.750.42 14 0.35 0.15 0.85 0.750.64 14 0.52 0.16 0.85 0.74
2690,0.0 1 0.0 0.0 10.0 10.0
2691,0.33 6 0.34 0.17 0.47 0.220.90 14 0.74 -0.00 0.86 0.280.74 6 0.10 0.18 0.80 0.72
2692,0.37 6 0.13 0.28 0.67 0.520.43 6 0.30 0.29 0.62 0.51
2693,0.0 1 0.0 0.0 10.0 10.0
2694,0.32 14 0.28 0.55 0.42 0.730.32 14 0.04 0.06 0.45 0.750.33 14 0.59 0.22 0.91 0.750.71 14 0.52 0.18 0.77 0.580.57 14 0.02 0.02 0.58 0.750.38 14 0.61 0.38 0.91 0.750.39 14 0.51 0.19 0.77 0.720.66 14 0.02 0.01 0.59 1.000.87 14 0.52 0.18 0.92 0.750.58 14 0.52 0.19 0.92 1.000.39 14 0.60 0.19 0.78 0.57
2695,0.49 14 0.17 0.01 0.59 1.000.83 14 0.12 0.01 0.54 1.000.80 14 0.12 0.01 0.65 1.00
2696,0.61 14 0.19 0.38 0.28 0.660.92 14 0.65 0.31 0.74 0.590.40 8 0.54 0.48 0.70 0.700.95 14 0.26 0.37 0.35 0.620.65 8 0.40 0.51 0.51 0.710.30 8 0.16 0.48 0.35 0.760.90 14 0.75 0.32 0.80 0.430.61 8 0.56 0.51 0.68 0.700.95 14 0.00 0.38 0.08 0.540.51 14 0.27 0.37 0.35 0.540.76 14 0.56 0.43 0.64 0.550.94 14 0.41 0.32 0.47 0.480.38 14 0.19 0.38 0.28 0.640.53 8 0.18 0.57 0.35 0.760.87 14 0.19 0.38 0.27 0.510.94 14 0.65 0.31 0.76 0.630.97 14 0.11 0.33 0.21 0.520.68 14 0.42 0.47 0.50 0.600.94 14 0.56 0.44 0.65 0.62
2697,0.97 14 0.36 0.15 0.47 0.430.97 14 0.10 0.11 0.23 0.470.98 14 0.63 0.12 0.71 0.40
2698,0.0 1 0.0 0.0 10.0 10.0
2699,0.72 14 0.19 0.11 0.52 0.870.81 14 0.18 0.18 0.36 0.840.86 14 0.32 0.11 0.52 0.870.66 14 0.18 0.19 0.42 0.850.73 14 0.19 0.11 0.52 0.87
2700,0.77 6 0.00 0.24 0.10 0.29
2701,0.0 1 0.0 0.0 10.0 10.0
2702,0.0 1 0.0 0.0 10.0 10.0
2703,0.52 6 0.04 0.00 0.85 0.65
2704,0.31 6 0.20 0.42 0.67 0.76
2705,0.35 6 0.12 0.27 0.27 0.310.85 14 0.26 0.25 0.31 0.340.76 14 0.01 0.16 0.05 0.220.87 6 0.01 0.21 0.87 0.61
2706,0.40 14 0.58 0.00 0.72 0.160.44 14 0.04 0.44 0.36 0.660.42 14 0.01 0.03 0.23 0.320.47 14 0.69 0.21 0.84 0.540.39 14 0.39 0.19 0.79 0.670.74 14 0.03 0.22 0.51 0.660.69 14 0.06 0.15 0.33 0.550.78 14 0.49 0.00 0.77 0.220.71 14 0.02 0.23 0.53 1.000.41 14 0.00 0.01 0.26 0.660.32 14 0.24 0.25 0.47 0.590.55 14 0.63 0.00 0.88 0.340.53 14 0.03 0.17 0.37 0.670.43 14 0.46 0.18 0.73 0.600.61 14 0.22 0.00 0.47 0.350.31 14 0.03 0.19 0.83 1.000.71 14 0.72 0.21 0.86 0.670.70 14 0.00 0.16 0.34 0.670.68 14 0.23 0.23 0.52 0.660.76 14 0.36 0.18 0.79 0.670.55 14 0.65 -0.00 0.88 0.660.69 14 0.36 0.19 0.79 1.00
2707,0.70 6 0.02 0.53 0.64 0.97
2708,0.0 1 0.0 0.0 10.0 10.0
2709,0.0 1 0.0 0.0 10.0 10.0
2710,0.65 6 0.60 0.22 0.65 0.270.52 6 0.60 0.22 0.65 0.260.82 6 0.45 0.21 0.52 0.260.51 14 0.50 0.23 0.74 0.530.71 6 0.76 0.23 0.84 0.280.83 6 0.66 0.23 0.82 0.320.57 6 0.85 0.23 0.90 0.300.33 6 0.50 0.21 0.54 0.250.44 6 0.85 0.23 0.89 0.290.37 6 0.45 0.21 0.53 0.260.54 6 0.82 0.23 0.88 0.290.84 14 0.32 0.22 0.46 0.550.65 6 0.76 0.23 0.83 0.290.93 14 0.17 0.22 0.47 0.560.46 6 0.66 0.23 0.82 0.350.43 6 0.64 0.23 0.88 0.400.95 14 0.50 0.22 0.72 0.530.85 6 0.62 0.22 0.68 0.270.55 6 0.63 0.22 0.70 0.28
2711,0.50 14 0.00 0.06 0.47 0.660.52 14 0.12 0.07 0.73 0.660.88 14 0.00 0.35 0.19 0.660.60 14 0.00 0.06 0.73 1.00
2712,0.0 1 0.0 0.0 10.0 10.0
2713,0.87 14 0.34 0.05 0.55 0.460.88 14 0.33 0.08 0.62 0.620.34 14 0.77 0.26 0.94 0.650.54 14 0.78 0.27 0.92 0.440.50 14 0.75 0.24 0.93 0.460.67 14 0.32 0.08 0.62 0.560.33 14 0.75 0.24 0.94 0.650.72 14 0.79 0.26 0.94 0.46
2714,0.0 1 0.0 0.0 10.0 10.0
2715,0.60 14 0.07 0.58 0.28 1.000.33 14 0.23 0.42 0.61 1.000.48 14 0.15 0.42 0.40 1.000.33 14 0.01 0.42 0.26 0.690.74 14 0.24 0.42 0.39 0.700.94 14 0.01 0.42 0.27 1.000.77 14 0.28 0.42 0.61 1.000.74 14 0.23 0.42 0.39 1.000.37 14 0.33 0.43 0.56 1.000.84 14 0.33 0.42 0.61 1.00
2716,0.0 1 0.0 0.0 10.0 10.0
2717,0.80 14 0.00 0.06 0.61 0.98
2718,0.41 6 0.00 0.22 0.13 0.50
2719,0.80 14 0.34 0.10 0.39 0.190.88 14 0.29 0.11 0.34 0.200.71 15 0.44 0.42 0.59 0.52
2720,0.92 14 0.23 0.49 0.29 0.600.92 14 0.29 0.45 0.34 0.580.67 14 0.80 0.00 0.94 0.66
2721,0.36 6 0.02 0.41 0.29 0.750.41 14 0.41 0.02 0.55 0.260.91 6 0.00 0.16 0.22 0.330.76 6 0.56 0.19 0.73 0.370.37 6 0.55 0.29 0.69 0.480.63 6 0.02 0.23 0.69 0.750.42 14 0.24 0.03 0.57 0.720.60 6 0.65 0.16 0.73 0.230.54 6 0.38 0.17 0.73 0.380.85 14 0.41 0.02 0.56 0.720.33 6 0.00 0.16 0.22 0.330.39 6 0.15 0.19 0.31 0.350.41 6 0.02 0.07 0.69 0.740.39 6 0.56 0.29 0.70 0.380.48 6 0.64 0.17 0.73 0.23
2722,0.0 1 0.0 0.0 10.0 10.0
2723,0.92 14 0.24 0.34 0.32 0.46
2724,0.0 1 0.0 0.0 10.0 10.0
2725,0.0 1 0.0 0.0 10.0 10.0
2726,0.42 14 0.00 0.11 0.12 0.740.87 14 0.35 0.10 0.57 0.740.36 14 0.04 0.06 0.14 0.240.65 14 0.57 0.18 0.70 0.500.52 14 0.10 0.10 0.28 0.540.84 14 0.00 0.11 0.10 0.380.72 14 0.00 0.11 0.12 0.740.35 14 0.21 0.12 0.32 0.540.57 14 0.21 0.11 0.30 0.390.91 14 0.10 0.09 0.29 0.750.32 14 0.49 0.19 0.69 0.530.82 14 0.34 0.10 0.55 0.530.52 14 0.13 0.10 0.26 0.350.69 14 0.09 0.10 0.31 0.750.46 14 0.10 0.10 0.27 0.380.86 14 0.00 0.08 0.13 0.750.48 14 0.12 0.10 0.26 0.340.55 14 0.00 0.06 0.28 0.750.80 14 0.22 0.11 0.30 0.260.52 14 0.10 0.10 0.27 0.460.46 14 0.35 0.11 0.70 0.740.43 14 0.54 0.19 0.66 0.410.39 14 0.56 0.44 0.66 0.590.40 14 0.04 0.06 0.15 0.34
2727,0.0 1 0.0 0.0 10.0 10.0
2728,0.37 1 0.20 0.26 0.57 0.740.48 1 0.21 0.39 0.55 0.74
2729,0.76 14 0.53 0.00 0.75 0.410.41 14 0.53 0.00 1.00 0.440.75 14 0.53 0.00 0.94 0.440.64 14 0.57 0.00 1.00 0.440.50 14 0.53 0.01 1.00 1.00
2730,0.84 6 0.64 0.37 0.73 0.42
2731,0.82 14 0.08 0.10 0.43 0.740.59 14 0.08 0.10 0.47 1.000.52 14 0.05 0.10 0.42 1.000.41 14 0.48 0.27 0.90 0.740.69 14 0.49 0.27 0.75 0.740.89 14 0.49 0.27 0.91 1.000.37 14 0.57 0.27 0.75 0.72
2732,0.77 14 0.04 0.10 0.48 0.730.33 14 0.21 0.10 0.49 0.740.80 14 0.00 0.10 0.47 1.000.38 14 0.65 0.39 0.90 0.74
2733,0.33 4 0.45 0.43 0.55 0.740.46 14 0.30 0.18 0.61 0.630.53 14 0.29 0.07 0.34 0.150.94 14 0.29 0.17 0.62 0.720.53 4 0.44 0.33 0.56 0.740.59 4 0.44 0.45 0.56 0.75
2734,0.0 1 0.0 0.0 10.0 10.0
2735,0.38 6 0.07 0.11 0.87 0.580.66 6 0.07 0.11 0.87 0.58
2736,0.95 14 0.18 0.01 0.44 0.94
2737,0.0 1 0.0 0.0 10.0 10.0
2738,0.37 8 0.00 0.60 0.31 0.960.36 8 0.00 0.58 0.28 0.960.39 15 0.53 0.59 0.61 0.690.60 8 0.00 0.58 0.30 0.96
2739,0.51 14 0.44 0.24 0.66 0.920.93 14 0.03 0.24 0.50 0.940.48 14 0.05 0.23 0.87 0.940.37 14 0.29 0.23 0.49 0.890.58 14 0.45 0.18 0.88 0.950.45 14 0.45 0.23 0.88 0.95
2740,0.54 6 0.04 0.36 0.73 0.830.62 6 0.04 0.12 0.85 0.83
2741,0.0 1 0.0 0.0 10.0 10.0
2742,0.37 1 0.10 0.24 0.84 0.850.48 14 0.00 0.27 0.04 0.380.39 1 0.09 0.14 0.84 0.85
2743,0.51 6 0.34 0.50 0.72 0.790.39 6 0.76 0.55 0.99 0.890.61 6 0.69 0.64 0.76 0.800.33 6 0.35 0.49 0.72 0.79
2744,0.41 14 0.09 0.40 0.29 0.600.88 14 0.11 0.40 0.31 0.94
2745,0.0 1 0.0 0.0 10.0 10.0
2746,0.32 14 0.70 0.02 0.88 0.270.46 14 0.84 0.00 1.00 0.250.40 14 0.06 0.03 0.63 0.660.39 14 0.69 0.01 0.99 0.330.62 14 0.05 0.03 0.44 0.670.64 14 0.70 0.01 0.99 0.340.72 14 0.82 0.01 1.00 0.33
2747,0.57 14 0.43 0.43 0.54 0.660.38 14 0.25 0.15 0.60 1.000.54 14 0.25 0.15 0.95 0.650.40 14 0.25 0.00 0.95 1.00
2748,0.39 1 0.05 0.08 0.77 0.60
2749,0.47 6 0.41 0.01 0.48 0.040.52 6 0.32 0.01 0.39 0.040.42 6 0.36 0.01 0.45 0.040.63 6 0.35 0.01 0.44 0.040.33 6 0.17 0.01 0.26 0.050.81 6 0.44 0.01 0.54 0.040.82 6 0.04 0.02 0.12 0.060.80 6 0.55 0.00 0.63 0.040.38 6 0.27 0.01 0.35 0.050.39 6 0.44 0.01 0.53 0.040.80 6 0.36 0.01 0.46 0.050.83 6 0.19 0.01 0.28 0.050.31 6 0.00 0.04 0.59 0.890.81 6 0.11 0.02 0.19 0.050.55 6 0.00 0.02 0.05 0.060.42 6 0.19 0.01 0.27 0.050.52 6 0.00 0.03 0.58 0.870.82 6 0.28 0.01 0.37 0.050.42 6 0.46 0.01 0.54 0.040.31 6 0.10 0.02 0.17 0.050.61 6 0.55 0.00 0.63 0.04
2750,0.85 14 0.81 0.04 0.89 0.340.93 14 0.72 0.04 0.77 0.220.60 14 0.37 0.05 0.42 0.130.90 14 0.18 0.05 0.26 0.240.75 14 0.75 0.01 0.81 0.210.92 14 0.30 0.04 0.36 0.170.43 14 0.27 0.07 0.30 0.130.83 6 0.01 0.02 0.88 0.610.30 6 0.00 0.02 0.88 0.620.81 14 0.35 0.04 0.42 0.150.78 14 0.21 0.05 0.27 0.120.90 14 0.80 0.04 0.87 0.24
2751,0.0 1 0.0 0.0 10.0 10.0
2752,0.53 14 0.28 0.06 0.77 0.640.57 14 0.05 0.05 0.78 1.00
2753,0.0 1 0.0 0.0 10.0 10.0
2754,0.0 1 0.0 0.0 10.0 10.0
2755,0.49 14 0.00 0.53 0.05 0.590.55 14 0.00 0.52 0.10 0.710.35 14 0.52 0.40 0.65 0.590.53 14 0.50 0.40 0.66 0.820.85 14 0.25 0.38 0.38 0.690.33 14 0.00 0.46 0.06 0.870.33 14 0.00 0.44 0.09 0.690.69 14 0.07 0.43 0.16 0.560.84 14 0.00 0.44 0.04 0.550.40 14 0.25 0.36 0.44 0.690.58 14 0.00 0.44 0.09 0.860.72 14 0.25 0.38 0.33 0.500.69 14 0.04 0.43 0.18 0.730.88 14 0.53 0.39 0.60 0.560.77 14 0.32 0.36 0.44 0.690.64 14 0.05 0.43 0.16 0.720.87 14 0.06 0.43 0.16 0.640.79 14 0.31 0.36 0.44 0.690.41 14 0.00 0.52 0.08 0.60
2756,0.36 13 0.20 0.19 0.83 0.650.83 6 0.88 0.22 1.00 0.390.54 6 0.82 0.27 0.89 0.37
2757,0.64 6 0.10 0.27 0.76 0.56
2758,0.66 14 0.09 0.56 0.32 0.840.64 14 0.09 0.36 0.36 0.83
2759,0.48 14 0.73 0.30 0.81 0.440.74 14 0.23 0.10 0.35 0.270.87 14 0.73 0.30 0.84 0.50
2760,0.35 14 0.73 0.37 0.79 0.440.84 14 0.75 0.38 0.81 0.45
2761,0.37 8 0.53 0.65 0.61 0.80
2762,0.30 14 0.28 0.39 0.42 0.530.67 14 0.18 0.63 0.21 0.720.85 14 0.10 0.64 0.13 0.740.50 14 0.27 0.39 0.42 0.610.45 14 0.15 0.64 0.18 0.740.78 14 0.16 0.64 0.19 0.740.43 14 0.13 0.63 0.16 0.730.95 14 0.20 0.46 0.50 1.000.79 14 0.13 0.63 0.16 0.720.54 6 0.43 0.62 0.67 0.870.35 6 0.43 0.62 0.67 0.97
2763,0.77 14 0.49 0.35 0.57 0.450.59 14 0.05 0.23 0.44 1.000.59 14 0.06 0.28 0.55 1.000.47 14 0.05 0.43 0.11 0.530.82 14 0.00 0.14 0.44 1.000.45 14 0.06 0.14 0.67 1.000.96 14 0.49 0.31 0.68 1.00
2764,0.0 1 0.0 0.0 10.0 10.0
2765,0.92 14 0.16 0.07 0.54 0.61
2766,0.0 1 0.0 0.0 10.0 10.0
2767,0.36 14 0.47 0.13 0.65 0.500.70 14 0.47 0.13 0.75 0.590.91 14 0.24 0.09 0.51 0.670.81 6 0.84 0.40 0.97 0.460.31 14 0.47 0.13 0.76 0.660.81 14 0.47 0.13 0.76 0.660.74 6 0.85 0.41 0.97 0.46
2768,0.85 14 0.14 0.28 0.52 0.86
2769,0.68 6 0.19 0.30 0.92 0.660.52 14 0.79 0.00 1.00 0.530.31 14 0.90 0.04 1.00 0.540.61 14 0.79 0.00 0.94 0.290.48 14 0.01 -0.00 0.20 0.390.50 6 0.19 0.02 0.93 0.65
2770,0.48 14 0.32 0.09 0.52 0.460.35 13 0.25 0.29 0.73 0.620.91 14 0.33 0.09 0.52 0.55
2771,0.72 14 0.34 0.27 0.49 0.530.54 1 0.22 0.41 0.61 0.880.44 14 0.34 0.27 0.49 0.840.87 14 0.34 0.27 0.49 0.790.55 1 0.23 0.41 0.59 0.800.31 1 0.23 0.41 0.61 0.870.41 1 0.22 0.41 0.66 0.89
2772,0.0 1 0.0 0.0 10.0 10.0
2773,0.41 14 0.15 0.08 0.44 0.770.36 14 0.03 0.26 0.18 0.710.47 14 0.14 0.08 0.44 0.750.48 14 0.03 0.08 0.44 0.650.54 14 0.15 0.27 0.42 1.000.64 14 0.04 0.26 0.18 0.680.69 14 0.05 0.08 0.44 1.000.48 14 0.00 0.26 0.18 0.960.80 14 0.04 0.26 0.18 0.55
2774,0.0 1 0.0 0.0 10.0 10.0
2775,0.0 1 0.0 0.0 10.0 10.0
2776,0.0 1 0.0 0.0 10.0 10.0
2777,0.91 14 0.51 0.11 0.59 0.200.40 14 0.19 0.05 0.63 0.600.55 14 0.65 0.06 0.97 1.000.41 14 0.00 0.13 0.34 0.600.42 14 0.52 0.07 0.96 1.000.46 14 0.47 0.12 0.65 0.400.86 14 0.01 0.05 0.53 0.600.91 14 0.00 0.10 0.12 0.540.84 14 0.30 0.06 0.36 0.160.71 14 0.67 0.06 0.90 0.520.61 14 0.00 0.13 0.33 0.610.69 4 0.56 0.27 0.63 0.410.63 14 0.18 0.11 0.32 0.250.56 14 0.00 0.05 0.55 1.000.90 14 0.09 0.12 0.17 0.250.53 14 0.00 0.10 0.10 0.230.46 14 0.24 0.11 0.31 0.210.62 14 0.52 0.06 0.90 0.600.46 14 0.00 0.13 0.30 0.550.46 14 0.19 0.05 0.53 0.600.34 4 0.52 0.27 0.63 0.600.86 14 0.68 0.06 0.90 0.590.32 14 0.56 0.12 0.65 0.270.46 4 0.55 0.27 0.63 0.600.64 14 0.52 0.06 1.00 1.000.80 14 0.56 0.12 0.65 0.22
2778,0.35 6 0.06 0.30 0.41 0.550.79 6 0.08 0.21 0.21 0.290.46 6 0.21 0.00 0.37 0.030.71 6 0.06 0.14 0.91 0.550.36 6 0.08 0.21 0.21 0.29
2779,0.0 1 0.0 0.0 10.0 10.0
2780,0.0 1 0.0 0.0 10.0 10.0
2781,0.0 1 0.0 0.0 10.0 10.0
2782,0.0 1 0.0 0.0 10.0 10.0
2783,0.0 1 0.0 0.0 10.0 10.0
2784,0.31 8 0.27 0.47 0.42 0.60
2785,0.46 8 0.15 0.35 0.37 0.710.30 8 0.67 0.26 0.91 0.630.41 8 0.62 0.26 0.85 0.62
2786,0.51 14 0.01 0.09 0.59 1.000.35 14 0.01 0.08 0.57 0.810.31 14 0.01 0.08 0.43 0.920.75 14 0.00 0.07 0.56 1.000.31 14 0.00 0.07 0.41 1.000.54 14 0.00 0.07 0.59 1.00
2787,0.88 14 0.20 0.03 0.58 0.75
2788,0.86 14 0.28 0.15 0.40 0.330.76 14 0.31 0.30 0.43 0.620.47 14 0.37 0.27 0.44 0.440.31 19 0.48 0.38 0.59 0.520.94 14 0.11 0.16 0.22 0.420.31 14 0.28 0.32 0.36 0.560.66 14 0.40 0.20 0.46 0.390.70 14 0.15 0.33 0.43 0.830.59 14 0.28 0.15 0.42 0.560.51 14 0.27 0.32 0.34 0.440.51 14 0.28 0.15 0.41 0.480.56 14 0.15 0.32 0.33 0.920.30 14 0.33 0.24 0.46 0.530.70 14 0.15 0.34 0.39 0.830.51 14 0.11 0.16 0.21 0.320.95 14 0.00 0.14 0.19 0.930.85 14 0.32 0.29 0.42 0.520.40 14 0.11 0.16 0.16 0.27
2789,0.31 8 0.00 0.58 0.21 0.760.49 8 0.32 0.41 0.48 0.750.54 8 0.00 0.46 0.22 0.760.49 8 0.56 0.32 0.67 0.610.47 8 0.17 0.35 0.47 0.750.63 8 0.32 0.43 0.47 0.750.36 8 0.23 0.42 0.47 0.750.53 8 0.45 0.39 0.60 0.680.34 8 0.16 0.35 0.34 0.460.45 8 0.00 0.37 0.21 0.760.43 8 0.01 0.36 0.17 0.500.38 14 0.24 0.20 0.30 0.270.59 8 0.45 0.39 0.60 0.730.34 8 0.47 0.31 0.67 0.670.39 8 0.53 0.31 0.66 0.58
2790,0.33 6 0.09 0.07 0.67 0.50
2791,0.0 1 0.0 0.0 10.0 10.0
2792,0.75 6 0.50 0.84 0.60 0.91
2793,0.0 1 0.0 0.0 10.0 10.0
2794,0.95 14 0.10 0.13 0.46 0.64
2795,0.87 14 0.22 0.02 0.60 0.690.36 14 0.52 0.16 0.61 0.590.39 14 0.22 0.02 0.58 0.700.32 14 0.20 0.02 0.51 0.700.40 14 0.26 0.02 0.59 0.660.74 14 0.00 0.08 0.33 0.950.40 14 0.06 0.09 0.23 0.460.93 14 0.00 0.08 0.24 0.790.32 14 0.11 0.02 0.61 0.860.59 14 0.21 0.27 0.26 0.320.34 14 0.17 0.04 0.61 0.800.60 14 0.52 0.16 0.61 0.31
2796,0.63 6 0.64 0.30 0.79 0.410.80 6 0.65 0.30 0.79 0.410.32 6 0.31 0.34 0.47 0.430.37 6 0.50 0.34 0.68 0.430.40 6 0.45 0.24 0.66 0.430.32 6 0.42 0.22 0.66 0.440.61 6 0.71 0.32 0.79 0.410.44 15 0.35 0.16 0.45 0.270.52 6 0.41 0.33 0.67 0.440.70 6 0.64 0.30 0.73 0.420.57 15 0.64 0.18 0.70 0.28
2797,0.96 14 0.11 0.14 0.26 0.52
2798,0.64 14 0.60 0.00 0.80 0.22
2799,0.0 1 0.0 0.0 10.0 10.0
2800,0.73 14 0.44 0.22 0.56 0.420.32 14 0.54 0.24 0.62 0.330.64 14 0.34 0.25 0.48 0.470.73 14 0.00 0.27 0.18 0.580.58 14 0.69 0.19 0.79 0.290.82 14 0.56 0.32 0.81 0.740.89 14 0.56 0.31 0.67 0.520.77 14 0.36 0.26 0.47 0.420.37 14 0.57 0.22 0.81 0.750.69 14 0.11 0.28 0.21 0.660.89 14 0.69 0.20 0.74 0.280.78 14 0.75 0.21 0.81 0.290.31 14 0.67 0.20 0.81 0.460.93 14 0.45 0.22 0.57 0.530.75 14 0.00 0.28 0.16 0.570.72 14 0.65 0.32 0.81 0.580.89 14 0.00 0.28 0.14 0.610.50 14 0.27 0.21 0.35 0.340.33 14 0.54 0.21 0.81 0.580.41 14 0.27 0.21 0.37 0.530.94 14 0.37 0.24 0.55 0.480.95 14 0.27 0.21 0.36 0.420.87 14 0.11 0.28 0.19 0.440.84 14 0.00 0.27 0.19 0.730.80 14 0.56 0.31 0.81 0.620.76 14 0.00 0.28 0.18 0.650.69 4 0.36 0.44 0.40 0.590.60 14 0.53 0.22 0.68 0.550.77 14 0.55 0.30 0.68 0.560.77 14 0.68 0.20 0.81 0.570.80 14 0.54 0.23 0.64 0.530.77 14 0.55 0.23 0.64 0.35
2801,0.45 14 0.14 0.32 0.51 0.60
2802,0.0 1 0.0 0.0 10.0 10.0
2803,0.33 6 0.48 0.25 0.60 0.330.64 6 0.35 0.25 0.47 0.330.72 6 0.17 0.30 0.63 0.650.46 6 0.00 0.30 0.14 0.430.32 6 0.51 0.32 0.99 0.830.43 6 0.52 0.32 0.99 0.720.80 6 0.64 0.27 0.73 0.360.50 6 0.52 0.32 0.99 0.710.61 6 0.08 0.30 0.36 0.580.35 6 0.10 0.22 0.23 0.330.68 6 0.69 0.26 0.76 0.320.63 6 0.57 0.24 0.66 0.360.37 6 0.75 0.27 0.90 0.360.73 6 0.01 0.29 0.37 0.580.81 6 0.57 0.26 0.69 0.360.71 6 0.48 0.26 0.61 0.350.30 6 0.15 0.23 0.25 0.320.42 6 0.02 0.29 0.63 0.630.69 6 0.10 0.22 0.22 0.330.75 6 0.00 0.30 0.15 0.570.49 6 0.57 0.25 0.73 0.360.48 6 0.89 0.24 0.99 0.390.44 6 0.57 0.25 0.71 0.360.42 6 0.61 0.28 0.72 0.360.77 6 0.51 0.32 0.98 0.720.59 6 0.66 0.25 0.74 0.33
2804,0.63 14 0.18 0.38 0.55 1.000.73 14 0.00 0.06 0.14 0.430.56 14 0.00 0.00 0.56 1.000.42 14 0.62 0.00 0.80 0.59
2805,0.0 1 0.0 0.0 10.0 10.0
2806,0.50 6 0.00 0.73 0.03 0.780.47 6 0.18 0.79 0.23 0.84
2807,0.0 1 0.0 0.0 10.0 10.0
2808,0.33 4 0.30 0.23 0.49 0.970.63 14 0.29 0.02 0.81 1.00
2809,0.83 6 0.58 0.53 1.00 1.000.33 14 0.34 0.28 0.59 1.000.93 14 0.15 0.29 0.72 1.00
2810,0.0 1 0.0 0.0 10.0 10.0
2811,0.0 1 0.0 0.0 10.0 10.0
2812,0.62 14 0.33 0.43 0.60 0.630.60 14 0.33 0.43 0.43 0.620.91 14 0.63 0.48 0.89 1.00
2813,0.81 6 0.16 0.34 0.76 0.83
2814,0.57 14 0.00 0.42 0.13 1.000.93 14 0.15 0.19 0.67 1.00
2815,0.34 14 0.53 0.22 0.68 0.740.71 14 0.04 0.25 0.65 1.000.35 14 0.41 0.22 0.68 0.75
2816,0.69 14 0.00 0.66 0.37 1.000.96 14 0.35 0.27 0.44 0.520.94 14 0.58 0.27 0.71 0.670.67 14 0.20 0.33 0.28 0.710.56 14 0.26 0.66 0.60 1.000.33 14 0.24 0.66 0.37 0.850.64 14 0.42 0.21 0.57 0.610.39 14 0.23 0.66 0.80 1.000.62 4 0.52 0.76 0.62 1.000.51 14 0.58 0.27 0.88 0.680.32 14 0.41 0.21 0.58 0.690.96 14 0.41 0.21 0.57 0.590.65 14 0.07 0.23 0.16 0.400.71 14 0.24 0.66 0.38 1.000.97 14 0.06 0.22 0.17 0.790.83 14 0.20 0.33 0.25 0.410.57 14 0.57 0.27 0.87 0.900.74 14 0.29 0.35 0.33 0.490.41 14 0.57 0.27 0.87 0.700.64 14 0.32 0.62 0.79 1.000.34 14 0.59 0.26 0.70 0.45
2817,0.40 6 0.15 0.32 0.24 0.400.41 6 0.00 0.26 0.16 0.470.50 6 0.01 0.27 0.17 0.42
2818,0.57 14 0.79 0.28 0.86 0.540.60 14 0.74 0.28 0.83 0.420.33 8 0.01 0.47 0.27 0.610.80 14 0.73 0.28 0.83 0.490.58 15 0.27 0.25 0.36 0.330.38 8 0.29 0.43 0.45 0.590.40 4 0.48 0.49 0.54 0.60
2819,0.69 6 0.00 0.31 0.09 0.350.51 6 0.00 0.30 0.13 0.350.35 6 0.82 0.34 0.91 0.390.84 6 0.08 0.32 0.16 0.350.33 6 0.00 0.30 0.12 0.350.36 6 0.00 0.29 0.16 0.350.63 6 0.00 0.29 0.15 0.35
2820,0.48 8 0.47 0.34 0.65 0.550.30 8 0.75 0.33 0.96 0.490.32 8 0.13 0.28 0.34 0.480.36 8 0.14 0.28 0.28 0.47
2821,0.51 14 0.08 0.84 0.18 1.000.94 14 0.42 0.80 0.53 1.000.94 14 0.19 0.81 0.31 1.000.47 4 0.46 0.37 0.53 0.490.89 14 0.00 0.80 0.08 1.000.33 4 0.28 0.50 0.38 0.700.46 6 0.50 0.82 0.57 0.890.42 4 0.12 0.37 0.16 0.470.94 14 0.08 0.83 0.19 1.000.91 14 0.53 0.85 0.60 1.00
2822,0.49 14 0.49 0.26 0.53 0.30
2823,0.78 14 0.00 0.34 0.03 0.450.94 14 0.03 0.32 0.11 0.440.47 6 0.11 0.13 0.82 0.49
2824,0.0 1 0.0 0.0 10.0 10.0
2825,0.0 1 0.0 0.0 10.0 10.0
2826,0.70 14 0.34 0.00 0.56 0.310.33 14 0.01 0.01 0.67 0.790.43 14 0.34 0.00 0.66 0.420.47 14 0.30 0.00 0.67 0.480.58 14 0.00 0.01 0.42 1.000.85 14 0.00 0.01 0.33 0.800.53 14 0.01 0.01 0.67 1.00
2827,0.38 14 0.21 0.14 0.67 0.720.30 14 0.22 0.37 0.42 0.720.32 14 0.36 0.15 0.55 0.650.93 14 0.37 0.15 0.55 0.500.40 14 0.20 0.13 0.39 0.530.42 14 0.00 0.15 0.67 1.00
2828,0.51 6 0.08 0.03 0.83 0.61
2829,0.0 1 0.0 0.0 10.0 10.0
2830,0.0 1 0.0 0.0 10.0 10.0
2831,0.40 14 0.19 0.71 0.49 0.940.48 14 0.19 0.59 0.49 0.94
2832,0.39 14 0.12 0.14 0.80 0.720.32 14 0.12 0.27 0.77 0.720.62 14 0.34 0.17 0.54 0.450.31 14 0.11 0.26 0.79 1.000.81 14 0.34 0.06 0.67 0.450.30 14 0.01 0.02 0.79 1.000.50 14 0.00 0.02 0.90 1.000.37 14 0.61 0.12 0.92 0.72
2833,0.35 6 0.01 0.04 0.83 0.60
2834,0.43 6 0.11 0.23 0.87 0.390.30 6 0.00 0.22 0.88 0.40
2835,0.34 14 0.00 0.11 0.11 1.010.64 14 0.00 0.11 0.07 0.280.59 14 0.00 0.11 0.10 0.800.33 14 0.04 0.01 0.33 1.000.94 14 0.02 0.01 0.47 1.000.44 14 0.00 0.01 0.30 1.00
2836,0.61 14 0.18 0.09 0.83 0.460.54 14 0.18 0.09 0.48 0.43
2837,0.83 6 0.03 0.11 0.73 0.56
2838,0.62 14 0.46 0.14 0.58 0.320.33 14 0.21 0.03 0.36 0.340.78 14 0.00 0.00 0.20 0.270.35 14 0.00 0.00 0.18 0.170.34 14 0.76 0.02 0.81 0.150.52 14 0.56 0.19 0.83 0.450.68 14 0.78 0.02 0.83 0.120.62 14 0.45 0.15 0.73 0.410.33 14 0.00 0.00 0.21 0.420.65 14 0.72 0.02 0.79 0.160.62 14 0.44 0.16 0.71 0.540.88 14 0.44 0.14 0.59 0.400.95 14 0.16 0.03 0.37 0.350.39 14 0.08 0.00 0.20 0.170.64 14 0.00 0.00 0.09 0.190.94 14 0.00 0.14 0.24 0.470.31 14 0.53 0.18 0.85 0.520.89 14 0.45 0.17 0.84 0.510.75 14 0.45 0.17 0.85 0.540.40 14 0.55 0.18 0.70 0.400.35 14 0.66 0.00 0.72 0.08
2839,0.56 14 0.23 0.02 0.58 0.450.72 14 0.11 0.23 0.58 0.810.36 15 0.00 0.40 0.12 0.520.70 14 0.11 0.23 0.44 0.810.37 14 0.12 0.23 0.44 0.740.50 15 0.00 0.26 0.12 0.520.43 14 0.11 0.03 0.59 0.800.30 15 0.01 0.40 0.11 0.520.35 15 0.01 0.40 0.11 0.520.31 14 0.22 0.02 0.45 0.460.62 14 0.09 0.23 0.59 1.000.65 15 0.00 0.34 0.12 0.510.37 15 0.00 0.35 0.11 0.51
2840,0.83 6 0.07 0.32 0.80 0.55
2841,0.43 1 0.84 0.40 0.89 0.500.33 1 0.70 0.35 0.83 0.430.75 14 0.85 0.37 0.88 0.480.62 14 0.81 0.37 0.84 0.410.79 14 0.85 0.37 0.88 0.44
2842,0.33 14 0.00 0.04 0.24 0.520.43 14 0.62 0.07 0.73 0.580.54 14 0.07 0.05 0.24 0.360.96 14 0.39 0.07 0.54 0.510.85 14 0.49 0.06 0.67 0.620.65 6 0.22 0.18 0.29 0.220.95 14 0.00 0.04 0.23 0.630.84 14 0.50 0.06 0.73 0.620.74 14 0.48 0.06 0.72 0.620.43 14 0.76 0.17 0.87 0.450.65 14 0.63 0.08 0.73 0.40
2843,0.65 14 0.31 0.13 0.56 0.370.41 1 0.15 0.26 0.62 0.560.71 14 0.30 0.12 0.59 0.500.47 14 0.31 0.13 0.53 0.490.46 14 0.47 0.12 0.58 0.370.72 14 0.31 0.12 0.59 0.39
2844,0.0 1 0.0 0.0 10.0 10.0
2845,0.41 14 0.00 0.01 0.17 0.650.48 14 0.00 0.03 0.74 1.000.57 14 0.00 0.04 0.75 0.640.66 14 0.52 0.00 1.00 0.490.38 14 0.00 0.03 0.74 1.000.37 14 0.52 0.00 1.00 0.660.30 14 0.52 0.00 1.00 0.66
2846,0.56 6 0.57 0.09 0.66 0.170.94 14 0.33 0.47 0.53 0.670.49 14 0.19 0.44 0.30 0.660.61 14 0.62 0.41 0.88 0.660.38 14 0.60 0.31 0.76 0.490.63 14 0.51 0.31 0.88 0.660.33 6 0.00 0.10 0.08 0.280.73 14 0.04 0.17 0.25 0.480.88 6 0.00 0.14 0.12 0.280.95 14 0.25 0.17 0.48 0.400.39 14 0.64 0.32 0.76 0.490.51 14 0.12 0.45 0.28 0.660.55 6 0.00 0.18 0.09 0.280.93 14 0.55 0.28 0.67 0.450.79 6 0.09 0.07 0.19 0.140.92 14 0.00 0.17 0.25 0.670.44 6 0.20 0.08 0.29 0.160.35 14 0.62 0.41 0.75 0.660.67 14 0.61 0.31 0.88 0.660.34 14 0.00 0.17 0.24 0.600.59 6 0.29 0.09 0.44 0.170.33 6 0.00 0.09 0.08 0.180.57 14 0.52 0.31 0.77 0.660.52 14 0.55 0.28 0.65 0.400.37 14 0.52 0.31 0.75 0.650.33 6 0.55 0.09 0.68 0.22
2847,0.30 14 0.18 0.81 0.25 0.900.78 14 0.11 0.71 0.25 0.910.86 14 0.11 0.71 0.21 0.88
2848,0.35 4 0.57 0.46 0.61 0.550.86 14 0.19 0.26 0.41 0.650.32 14 0.46 0.24 0.60 0.390.36 4 0.37 0.40 0.41 0.530.38 14 0.19 0.26 0.41 0.610.72 4 0.36 0.40 0.41 0.540.83 14 0.44 0.24 0.68 0.500.71 14 0.19 0.25 0.66 0.660.91 14 0.44 0.24 0.68 0.660.43 14 0.22 0.26 0.42 0.480.58 4 0.37 0.40 0.41 0.500.31 14 0.19 0.26 0.36 0.620.77 4 0.57 0.45 0.62 0.56
2849,0.31 14 0.39 0.21 0.53 0.440.79 14 0.36 0.21 0.54 0.490.30 14 0.51 0.46 0.69 0.660.42 14 0.36 0.21 0.54 0.560.87 14 0.37 0.20 0.55 0.660.31 14 0.36 0.20 0.55 0.55
2850,0.0 1 0.0 0.0 10.0 10.0
2851,0.32 14 0.00 0.47 0.26 0.890.95 14 0.05 0.17 0.28 0.560.81 14 0.06 0.12 0.52 0.900.47 14 0.26 0.11 0.51 0.580.49 14 0.00 0.18 0.28 1.000.71 14 0.24 0.12 0.52 0.90
2852,0.49 14 0.28 0.06 0.49 0.210.46 14 0.25 0.06 0.32 0.160.74 14 0.50 0.06 0.60 0.18
2853,0.0 1 0.0 0.0 10.0 10.0
2854,0.94 14 0.51 0.07 0.66 0.43
2855,0.0 1 0.0 0.0 10.0 10.0
2856,0.49 14 0.84 0.13 0.89 0.330.89 14 0.84 0.13 0.89 0.25
2857,0.85 14 0.33 0.20 0.41 0.310.95 14 0.52 0.24 0.60 0.38
2858,0.46 6 0.48 0.13 0.52 0.160.39 15 0.00 0.05 0.08 0.150.43 6 0.52 0.15 0.66 0.21
2859,0.35 14 0.16 0.02 0.59 0.440.76 14 0.00 0.04 0.18 0.470.43 14 0.11 0.02 0.59 0.910.37 8 0.27 0.69 0.52 0.890.42 14 0.00 0.05 0.16 0.670.31 14 0.16 0.02 0.44 0.440.63 14 0.00 0.04 0.19 0.870.42 14 0.10 0.02 0.66 0.90
2860,0.95 14 0.36 0.23 0.59 0.680.31 6 0.05 0.37 0.27 0.550.32 6 0.02 0.25 0.44 0.560.94 14 0.00 0.36 0.04 0.590.86 6 0.03 0.37 0.28 0.56
2861,0.63 14 0.26 0.14 0.73 0.700.69 14 0.43 0.14 0.72 0.690.62 14 0.26 0.14 0.73 1.000.54 14 0.11 0.32 0.18 0.430.75 14 0.26 0.14 0.73 0.700.90 14 0.61 -0.00 0.79 0.35
2862,0.66 14 0.50 0.26 0.58 0.370.36 1 0.50 0.36 0.57 0.490.84 14 0.50 0.26 0.58 0.47
2863,0.0 1 0.0 0.0 10.0 10.0
2864,0.60 14 0.06 0.10 0.41 0.570.57 6 0.44 0.39 0.65 0.490.91 14 0.06 0.10 0.42 0.730.43 6 0.46 0.46 0.88 0.57
2865,0.51 8 0.00 0.58 0.32 1.000.53 8 0.31 0.51 0.51 0.940.64 14 0.00 0.55 0.19 0.780.50 14 0.70 0.46 0.89 0.790.96 14 0.72 0.52 0.80 0.750.41 8 0.30 0.51 0.51 0.980.37 8 0.30 0.67 0.46 0.940.95 14 0.81 0.46 0.89 0.770.48 15 0.34 0.64 0.38 0.720.54 19 0.53 0.39 0.64 0.530.46 14 0.00 0.55 0.32 1.000.52 14 0.09 0.57 0.19 0.780.30 8 0.32 0.50 0.50 0.770.31 14 0.73 0.46 0.90 0.760.75 14 0.69 0.47 0.89 1.00
2866,0.42 14 0.27 0.00 0.85 0.490.33 14 0.00 0.01 0.87 1.00
2867,0.75 14 0.23 0.43 0.27 0.530.91 14 0.34 0.43 0.37 0.560.42 14 0.29 0.42 0.32 0.530.33 1 0.61 0.48 0.81 0.65
2868,0.80 14 0.36 0.43 0.42 0.510.86 14 0.24 0.43 0.30 0.530.83 6 0.13 0.38 0.61 0.80
2869,0.48 14 0.34 0.24 0.45 0.490.32 14 0.45 0.58 0.81 1.000.94 14 0.63 0.24 0.73 0.580.54 14 0.69 0.27 0.82 0.540.96 14 0.34 0.24 0.44 0.560.90 14 0.24 0.25 0.73 1.000.96 14 0.68 0.26 0.81 0.580.38 8 0.03 0.37 0.20 0.710.30 14 0.34 0.24 0.65 1.000.76 14 0.62 0.24 0.73 0.48
2870,0.64 4 0.61 0.12 0.64 0.210.44 14 0.80 0.36 0.87 0.810.71 14 0.72 0.31 0.82 0.510.30 8 0.13 0.61 0.35 1.00
2871,0.78 6 0.22 0.31 0.97 0.77
2872,0.0 1 0.0 0.0 10.0 10.0
2873,0.0 1 0.0 0.0 10.0 10.0
2874,0.34 13 0.04 0.21 0.61 0.740.43 14 0.19 0.04 0.42 0.620.89 14 0.09 0.04 0.42 0.63
2875,0.53 6 0.10 0.20 0.60 0.64
2876,0.58 14 0.55 0.12 0.74 0.560.50 14 0.54 0.13 0.74 0.540.41 14 0.05 0.13 0.75 0.740.45 14 0.32 0.12 0.74 0.580.34 14 0.03 0.13 0.75 1.00
2877,0.31 1 0.35 0.41 1.00 0.760.56 14 0.00 0.10 0.29 0.750.34 14 0.27 0.17 0.59 0.750.35 14 0.01 0.11 0.53 0.750.71 14 0.00 0.18 0.20 0.750.63 14 0.52 0.00 0.94 0.740.75 14 0.51 0.00 0.94 0.740.33 1 0.35 0.42 0.94 0.760.47 14 0.62 0.00 0.94 0.740.50 14 0.36 0.00 0.95 0.74
2878,0.48 14 0.42 0.27 0.61 0.540.87 14 0.00 0.20 0.23 0.610.64 14 0.59 0.21 0.80 0.590.49 14 0.09 0.22 0.24 0.590.47 14 0.16 0.54 0.41 0.750.43 14 0.59 0.21 0.71 0.470.30 14 0.38 0.24 0.65 0.600.48 14 0.00 0.21 0.22 0.580.88 14 0.20 0.21 0.46 0.760.34 14 0.19 0.21 0.46 0.590.73 14 0.58 0.21 0.88 0.590.65 14 0.20 0.21 0.46 0.570.32 14 0.05 0.21 0.45 0.750.38 14 0.38 0.29 0.65 0.570.55 14 0.38 0.27 0.65 0.580.52 14 0.10 0.21 0.24 0.460.49 14 0.00 0.21 0.23 0.750.51 14 0.53 0.21 0.88 0.760.64 14 0.14 0.24 0.24 0.430.56 14 0.38 0.41 0.66 0.760.77 14 0.38 0.27 0.66 0.760.33 14 0.47 0.29 0.65 0.570.39 14 0.48 0.41 0.66 0.750.70 14 0.58 0.21 0.72 0.56
2879,0.0 1 0.0 0.0 10.0 10.0
2880,0.33 13 0.02 0.42 0.57 0.91
2881,0.37 14 0.45 0.25 0.62 0.520.35 14 0.50 0.26 0.68 0.710.50 14 0.47 0.26 0.68 1.000.47 14 0.13 0.09 0.52 1.000.93 14 0.01 0.07 0.52 1.000.34 14 0.01 0.07 0.47 1.000.87 14 0.39 0.25 0.68 1.000.41 14 0.49 0.26 0.68 0.82
2882,0.0 1 0.0 0.0 10.0 10.0
2883,0.0 1 0.0 0.0 10.0 10.0
2884,0.74 14 0.00 0.00 0.14 0.330.84 14 0.62 0.35 0.78 0.910.95 14 0.14 0.00 0.27 0.370.65 14 0.00 0.00 0.11 0.290.79 14 0.50 0.36 0.59 0.530.84 14 0.45 0.36 0.59 0.550.39 14 0.45 0.35 0.79 0.910.88 14 0.60 0.33 0.79 0.91
2885,0.92 14 0.78 0.21 0.94 0.570.35 14 0.79 0.22 0.90 0.410.33 14 0.56 0.06 0.70 0.390.88 14 0.34 0.02 0.54 0.520.95 14 0.09 0.01 0.27 0.490.48 14 0.60 0.25 0.69 0.370.54 14 0.58 0.24 0.72 0.520.79 14 0.73 0.02 0.94 0.58
2886,0.79 14 0.18 0.40 0.23 0.470.83 14 0.02 0.00 0.69 1.000.50 14 0.12 0.39 0.16 0.46
2887,0.0 1 0.0 0.0 10.0 10.0
2888,0.0 1 0.0 0.0 10.0 10.0
2889,0.41 4 0.55 0.14 0.58 0.250.38 8 0.00 0.76 0.26 1.000.52 6 0.28 0.55 0.33 0.600.54 6 0.16 0.56 0.20 0.610.51 15 0.78 0.80 0.89 1.000.78 6 0.19 0.55 0.27 0.610.36 8 0.01 0.75 0.22 1.000.56 15 0.29 0.38 0.34 0.480.51 6 0.20 0.55 0.27 0.600.70 15 0.00 0.27 0.11 0.500.32 6 0.18 0.55 0.26 0.600.36 14 0.22 0.36 0.26 0.480.84 6 0.10 0.55 0.18 0.620.58 6 0.06 0.52 0.11 0.580.63 15 0.11 0.37 0.15 0.490.65 14 0.00 0.60 0.27 0.990.35 6 0.10 0.55 0.17 0.620.50 4 0.63 0.05 0.66 0.190.62 14 0.60 0.13 0.65 0.21
2890,0.46 15 0.81 0.53 0.88 0.570.31 8 0.77 0.54 0.88 0.82
2891,0.93 14 0.04 0.30 0.38 1.000.55 14 0.09 0.30 0.21 0.540.39 14 0.27 0.26 0.72 1.000.35 14 0.08 0.30 0.21 0.570.91 14 0.42 0.26 0.71 1.000.38 19 0.61 0.34 0.71 0.48
2892,0.46 6 0.12 0.56 0.18 0.640.86 6 0.75 0.55 0.83 0.660.96 14 0.19 0.49 0.26 0.840.40 14 0.00 0.60 0.02 0.720.43 14 0.04 0.53 0.06 0.690.68 6 0.75 0.51 0.82 0.560.95 14 0.00 0.53 0.05 0.740.74 14 0.04 0.53 0.06 0.680.87 6 0.10 0.55 0.18 0.640.35 6 0.17 0.55 0.21 0.61
2893,0.30 14 0.15 0.03 0.73 0.730.54 14 0.12 0.00 0.84 1.00
2894,0.69 14 0.38 0.17 0.49 0.440.36 14 0.17 0.28 0.58 0.760.53 14 0.20 0.17 0.52 0.750.43 14 0.25 0.18 0.50 0.660.35 14 0.25 0.17 0.50 0.500.91 14 0.38 0.17 0.49 0.49
2895,0.57 14 0.08 0.40 0.60 1.000.43 14 0.46 0.52 0.54 0.660.31 14 0.08 0.40 0.56 1.000.63 14 0.46 0.42 0.58 0.66
2896,0.90 14 0.20 0.40 0.51 1.000.49 14 0.10 0.07 0.52 1.000.62 14 0.09 0.06 0.32 1.00
2897,0.71 14 0.21 0.19 0.66 0.900.34 14 0.41 0.19 0.66 0.740.31 14 0.18 0.59 0.49 0.880.65 14 0.24 0.60 0.53 0.900.41 14 0.42 0.18 0.65 0.570.87 14 0.00 0.01 0.27 0.890.36 14 0.14 0.19 0.66 1.000.44 14 0.22 0.61 0.65 0.890.78 14 0.41 0.18 0.66 0.89
2898,0.0 1 0.0 0.0 10.0 10.0
2899,0.0 1 0.0 0.0 10.0 10.0
2900,0.31 6 0.12 0.35 0.85 0.510.48 6 0.11 0.26 0.84 0.51
2901,0.0 1 0.0 0.0 10.0 10.0
2902,0.95 14 0.49 0.08 0.70 0.450.42 14 0.69 0.09 0.93 0.500.53 14 0.49 0.08 0.70 0.660.54 14 0.16 0.11 0.34 0.510.88 14 0.16 0.10 0.33 0.660.73 14 0.00 0.10 0.33 0.660.94 14 0.70 0.08 0.92 0.65
2903,0.47 6 0.03 0.13 0.70 0.64
2904,0.58 6 0.47 0.25 0.89 0.480.31 6 0.07 0.32 0.38 0.440.93 14 0.82 0.28 0.86 0.340.90 6 0.06 0.31 0.38 0.440.97 14 0.41 0.29 0.47 0.450.38 6 0.47 0.25 0.89 0.460.87 14 0.14 0.31 0.16 0.370.62 6 0.38 0.25 0.89 0.48
2905,0.0 1 0.0 0.0 10.0 10.0
2906,0.0 1 0.0 0.0 10.0 10.0
2907,0.40 6 0.14 0.09 1.00 0.61
2908,0.45 14 0.25 0.10 0.59 0.630.51 1 0.12 0.34 0.65 0.820.86 14 0.18 0.10 0.59 0.64
2909,0.46 14 0.47 0.39 0.55 0.500.89 14 0.63 0.20 0.68 0.260.78 14 0.58 0.44 0.67 0.620.96 14 0.43 0.41 0.50 0.630.89 14 0.50 0.17 0.56 0.280.41 14 0.60 0.45 0.67 0.540.84 14 0.50 0.40 0.59 0.590.81 14 0.50 0.40 0.60 0.650.64 14 0.60 0.20 0.63 0.26
2910,0.31 6 0.05 0.12 0.47 0.360.47 6 0.51 0.22 0.80 0.320.33 6 0.04 0.11 0.50 0.350.48 6 0.62 0.22 0.79 0.32
2911,0.43 15 0.32 0.27 0.45 0.530.34 15 0.16 0.24 0.28 0.530.34 15 0.16 0.24 0.28 0.52
2912,0.0 1 0.0 0.0 10.0 10.0
2913,0.78 6 0.01 0.29 0.52 0.710.74 6 0.01 0.18 0.90 0.710.61 6 0.30 0.17 0.90 0.58
2914,0.72 14 0.03 0.51 0.05 0.580.96 14 0.37 0.40 0.50 0.740.83 14 0.04 0.51 0.07 0.580.74 14 0.67 0.40 0.74 0.570.96 14 0.65 0.40 0.75 0.670.94 14 0.29 0.48 0.33 0.610.94 14 0.83 0.46 0.88 0.590.84 14 0.77 0.50 0.80 0.580.76 14 0.75 0.50 0.78 0.580.86 14 0.08 0.51 0.11 0.580.39 14 0.65 0.49 0.67 0.58
2915,0.53 15 0.55 0.41 0.65 0.490.39 15 0.54 0.42 0.62 0.490.69 15 0.67 0.45 0.74 0.530.50 15 0.67 0.47 0.74 0.530.33 15 0.82 0.48 0.89 0.580.32 15 0.25 0.13 0.46 0.500.57 15 0.82 0.49 0.89 0.580.33 15 0.66 0.43 0.77 0.530.36 15 0.26 0.14 0.43 0.420.31 15 0.26 0.13 0.42 0.310.67 15 0.60 0.42 0.66 0.500.38 15 0.82 0.51 0.88 0.580.38 15 0.25 0.13 0.49 0.500.44 15 0.62 0.36 0.69 0.480.50 15 0.64 0.45 0.70 0.52
2916,0.81 6 0.90 0.55 1.00 0.630.36 6 0.10 0.55 0.22 0.650.56 6 0.91 0.51 0.99 0.560.84 6 0.00 0.57 0.06 0.660.86 6 0.10 0.55 0.22 0.64
2917,0.45 6 0.05 0.23 0.89 0.510.88 14 0.03 0.34 0.06 0.430.97 14 0.61 0.27 0.71 0.46
2918,0.0 1 0.0 0.0 10.0 10.0
2919,0.79 14 0.01 0.16 0.74 1.00
2920,0.0 1 0.0 0.0 10.0 10.0
2921,0.83 14 0.45 0.36 0.47 0.410.69 14 0.66 0.34 0.69 0.410.86 14 0.57 0.33 0.61 0.380.54 14 0.65 0.45 0.69 0.530.46 14 0.44 0.36 0.49 0.51
2922,0.60 14 0.24 0.30 0.39 0.610.74 14 0.29 0.68 0.54 1.000.69 14 0.22 0.30 0.40 0.930.47 14 0.30 0.67 0.41 0.840.82 14 0.29 0.68 0.43 1.000.72 14 0.22 0.30 0.40 0.720.70 14 0.22 0.30 0.39 0.680.32 14 0.39 0.67 0.53 0.850.49 14 0.24 0.30 0.39 0.600.51 14 0.09 0.67 0.28 1.000.36 14 0.30 0.67 0.41 0.880.89 14 0.39 0.68 0.54 1.00
2923,0.55 14 0.00 0.18 0.60 1.00
2924,0.0 1 0.0 0.0 10.0 10.0
2925,0.83 14 0.00 0.02 0.56 0.740.42 14 0.00 0.01 0.54 1.000.66 14 0.00 0.02 0.70 1.000.84 14 0.62 0.13 0.90 0.750.82 14 0.61 0.13 0.93 1.00
2926,0.57 14 0.33 0.06 0.49 0.470.63 14 0.25 0.33 0.58 0.750.65 14 0.25 0.33 0.41 0.750.44 14 0.32 0.05 0.58 0.740.41 14 0.25 0.06 0.59 0.750.44 14 0.26 0.07 0.47 0.750.35 14 0.00 0.26 0.41 1.000.77 14 0.33 0.06 0.58 0.750.32 14 0.00 0.20 0.41 0.72
2927,0.0 1 0.0 0.0 10.0 10.0
2928,0.0 1 0.0 0.0 10.0 10.0
2929,0.30 14 0.02 0.20 0.50 0.850.95 14 0.02 0.20 0.52 1.000.80 14 0.49 0.59 0.68 1.00
2930,0.82 14 0.34 0.28 0.70 0.510.43 19 0.12 0.23 0.25 0.340.34 8 0.32 0.24 0.41 0.360.63 14 0.49 0.28 0.70 0.490.38 14 0.00 0.35 0.10 0.630.50 14 0.33 0.29 0.51 0.500.83 14 0.35 0.27 0.70 0.51
2931,0.43 15 0.53 0.42 0.79 0.550.93 14 0.13 0.35 0.21 0.580.84 14 0.03 0.35 0.07 0.470.93 14 0.30 0.35 0.35 0.450.54 14 0.12 0.35 0.21 0.590.95 14 0.43 0.35 0.48 0.490.96 14 0.05 0.35 0.16 0.630.37 14 0.11 0.35 0.16 0.46
2932,0.33 19 0.38 0.26 0.60 0.460.37 14 0.38 0.13 0.44 0.220.34 19 0.60 0.24 0.84 0.44
2933,0.35 6 0.08 0.27 0.89 0.510.76 6 0.09 0.26 0.89 0.52
2934,0.44 6 0.50 0.08 0.56 0.120.45 14 0.19 0.07 0.25 0.150.76 14 0.11 0.09 0.18 0.320.58 14 0.10 0.08 0.17 0.170.57 14 0.17 0.08 0.47 0.670.73 14 0.15 0.08 0.25 0.320.79 14 0.16 0.11 0.24 0.280.37 14 0.02 0.09 0.47 0.450.68 14 0.16 0.07 0.25 0.290.88 14 0.11 0.08 0.48 0.670.79 14 0.10 0.08 0.17 0.230.90 14 0.02 0.09 0.19 0.320.36 14 0.17 0.08 0.25 0.200.73 14 0.12 0.11 0.18 0.310.84 14 0.39 0.00 0.84 0.670.57 14 0.12 0.10 0.18 0.210.69 14 0.39 0.01 0.84 1.00
2935,0.55 14 0.01 0.12 0.98 0.660.68 14 0.00 0.34 0.18 0.600.72 14 0.00 0.11 0.99 1.00
2936,0.0 1 0.0 0.0 10.0 10.0
2937,0.0 1 0.0 0.0 10.0 10.0
2938,0.38 14 0.71 0.04 0.80 0.120.58 14 0.13 0.10 0.24 0.300.32 14 0.13 0.17 0.37 0.670.77 14 0.77 0.13 0.86 0.330.79 14 0.87 0.20 0.96 0.320.41 14 0.39 0.08 0.86 0.660.46 14 0.01 0.17 0.20 0.500.96 14 0.21 0.17 0.37 0.550.93 14 0.39 0.10 0.61 0.520.58 14 0.13 0.11 0.38 0.550.40 14 0.12 0.10 0.24 0.420.97 14 0.02 0.16 0.21 0.650.95 14 0.59 0.07 0.85 0.670.35 14 0.41 0.07 0.86 0.660.92 14 0.85 0.20 0.96 0.390.41 14 0.02 0.17 0.19 0.420.52 14 0.72 0.06 0.87 0.35
2939,0.77 15 0.19 0.44 0.35 0.660.52 15 0.00 0.45 0.15 0.620.46 15 0.19 0.51 0.35 0.650.34 15 0.19 0.23 0.37 0.660.71 15 0.00 0.46 0.14 0.620.41 15 0.00 0.46 0.14 0.620.96 14 0.75 0.05 0.94 0.67
2940,0.50 6 0.12 0.12 0.81 0.540.49 6 0.00 0.26 0.07 0.400.88 6 0.00 0.25 0.08 0.400.53 6 0.11 0.11 0.83 0.54
2941,0.65 1 0.66 0.47 0.82 0.590.61 1 0.28 0.46 0.56 0.590.31 1 0.27 0.51 0.49 0.600.57 14 0.44 0.43 0.50 0.570.87 14 0.44 0.43 0.54 0.570.43 1 0.27 0.52 0.49 0.600.89 14 0.69 0.43 0.80 0.580.59 1 0.39 0.47 0.56 0.59
2942,0.45 14 0.50 0.64 0.70 1.000.39 14 0.28 0.64 0.53 0.860.54 14 0.15 0.64 0.53 1.000.72 14 0.25 0.05 0.47 0.450.77 14 0.05 0.05 0.50 1.000.49 14 0.06 0.05 0.68 1.000.54 4 0.03 0.51 0.07 0.640.42 14 0.49 0.64 0.66 0.830.35 14 0.07 0.64 0.67 1.00
2943,0.44 6 0.04 0.11 0.95 0.46
2944,0.76 6 0.05 0.24 0.92 0.590.55 6 0.04 0.11 0.92 0.59
2945,0.96 14 0.71 0.81 0.78 1.000.88 14 0.38 0.70 0.44 0.960.94 14 0.20 0.59 0.26 0.860.95 14 0.31 0.71 0.37 1.000.65 14 0.52 0.56 0.61 0.710.59 1 0.47 0.62 0.63 0.830.96 14 0.63 0.82 0.70 1.00
2946,0.38 15 0.15 0.86 0.21 0.970.78 6 0.81 0.94 0.91 1.000.78 6 0.62 0.90 0.70 0.980.46 6 0.86 0.93 0.90 0.990.59 15 0.29 0.79 0.48 0.990.55 6 0.55 0.90 0.69 0.990.55 15 0.14 0.87 0.20 0.980.36 15 0.21 0.23 0.33 0.470.64 6 0.55 0.91 0.64 0.990.36 6 0.62 0.90 0.69 0.980.76 6 0.55 0.90 0.69 0.99
2947,0.32 6 0.37 0.43 0.50 0.690.43 6 0.87 0.62 0.91 0.66
2948,0.85 14 0.13 0.01 0.78 0.99
2949,0.47 8 0.34 0.67 0.55 1.000.55 19 0.43 0.30 0.57 0.560.53 19 0.43 0.29 0.57 0.560.33 19 0.09 0.50 0.17 0.600.32 8 0.34 0.67 0.54 1.00
2950,0.0 1 0.0 0.0 10.0 10.0
2951,0.35 15 0.58 0.06 0.66 0.290.41 14 0.54 0.26 0.81 1.000.64 14 0.48 0.26 0.81 1.000.38 14 0.07 0.16 0.41 0.740.69 15 0.58 0.06 0.66 0.290.53 14 0.06 0.17 0.71 1.000.74 14 0.07 0.16 0.47 1.000.30 14 0.53 0.26 0.78 0.860.37 14 0.34 0.27 0.78 0.850.33 14 0.34 0.27 0.77 0.850.63 14 0.34 0.27 0.80 1.00
2952,0.41 6 0.00 0.08 0.08 0.19
2953,0.33 8 0.04 0.58 0.47 1.000.59 8 0.33 0.59 0.46 0.990.32 15 0.34 0.44 0.38 0.530.38 8 0.33 0.59 0.46 0.830.77 8 0.19 0.59 0.46 1.000.50 8 0.51 0.65 0.60 0.910.34 8 0.04 0.56 0.46 1.000.47 8 0.53 0.52 0.62 0.660.41 8 0.06 0.59 0.45 0.870.32 15 0.74 0.55 0.79 0.640.66 8 0.44 0.53 0.62 0.910.66 8 0.51 0.53 0.63 0.890.60 8 0.44 0.68 0.58 0.93
2954,0.90 14 0.00 0.27 0.33 1.000.94 14 0.61 0.19 1.00 1.00
2955,0.39 8 0.54 0.41 0.89 1.000.32 15 0.56 0.46 0.68 0.610.35 15 0.57 0.46 0.66 0.53
2956,0.36 14 0.27 0.21 0.43 0.760.50 14 0.16 0.22 0.68 0.960.40 14 0.27 0.20 0.41 0.500.97 14 0.42 0.11 0.55 0.630.56 14 0.16 0.22 0.84 0.960.53 14 0.27 0.23 0.84 0.94
2957,0.45 14 0.24 0.09 0.61 1.000.31 14 0.74 0.51 0.88 1.000.40 14 0.74 0.55 0.89 1.000.96 14 0.74 0.47 0.89 1.000.85 14 0.18 0.26 0.47 0.990.44 14 0.15 0.26 0.49 1.000.31 14 0.31 0.09 0.61 0.980.67 14 0.22 0.09 0.74 1.000.49 14 0.30 0.25 0.46 0.970.82 14 0.40 0.09 0.68 1.00
2958,0.63 14 0.51 0.30 0.56 0.450.53 4 0.42 0.70 0.52 0.950.31 14 0.20 0.57 0.40 1.000.71 4 0.43 0.71 0.52 0.920.62 14 0.08 0.13 0.16 0.310.88 14 0.00 0.58 0.40 1.000.54 14 0.51 0.30 0.56 0.45
2959,0.0 1 0.0 0.0 10.0 10.0
2960,0.42 6 0.37 0.37 0.79 0.580.48 6 0.03 0.34 0.17 0.530.39 6 0.08 0.34 0.18 0.46
2961,0.44 14 0.18 0.27 0.52 0.890.82 14 0.18 0.27 0.52 1.000.46 14 0.23 0.27 0.52 0.580.57 14 0.08 0.00 0.16 0.14
2962,0.37 14 0.01 0.01 0.69 0.730.41 14 0.00 0.01 0.69 1.000.30 14 0.02 0.01 1.00 1.000.32 14 0.37 0.01 1.00 0.75
2963,0.0 1 0.0 0.0 10.0 10.0
2964,0.34 14 0.32 0.05 0.61 0.510.58 14 0.10 0.17 0.42 0.730.69 14 0.07 0.17 0.40 0.650.43 14 0.35 0.05 0.75 0.740.35 14 0.37 0.12 1.00 0.740.46 14 0.06 0.17 0.44 0.750.57 14 0.34 0.05 0.61 0.740.41 14 0.00 0.17 0.42 1.000.38 14 0.08 0.30 0.24 0.650.63 14 0.37 0.15 0.74 0.740.49 14 0.47 0.18 0.73 0.730.31 14 0.08 0.33 0.18 0.460.55 14 0.38 0.16 1.00 1.00
2965,0.49 6 0.19 0.04 0.89 0.58
2966,0.0 1 0.0 0.0 10.0 10.0
2967,0.0 1 0.0 0.0 10.0 10.0
2968,0.34 14 0.01 0.20 0.45 0.750.63 14 0.14 0.21 0.49 0.750.44 14 0.48 0.18 0.78 0.740.37 14 0.21 0.22 0.38 0.490.54 14 0.14 0.22 0.49 1.000.49 14 0.22 0.22 0.37 0.450.58 14 0.03 0.21 0.38 0.750.44 14 0.25 0.22 0.37 0.470.85 14 0.47 0.18 0.89 0.750.32 14 0.49 0.18 0.76 0.730.64 14 0.47 0.19 0.90 1.00
2969,0.61 14 0.31 0.09 0.47 0.450.71 14 0.26 0.08 0.58 0.530.81 14 0.25 0.08 0.58 0.530.67 14 0.26 0.09 0.46 0.530.56 14 0.32 0.09 0.46 0.35
2970,0.52 14 0.00 0.57 0.57 1.000.82 14 0.09 0.11 0.55 0.740.34 14 0.05 0.10 0.57 1.000.51 14 0.07 0.32 0.18 0.430.68 14 0.26 0.12 0.54 0.740.47 14 0.36 0.57 0.56 0.74
2971,0.38 14 0.50 0.04 0.60 0.430.95 14 0.15 0.09 0.49 0.90
2972,0.89 14 0.30 0.34 0.45 0.860.67 14 0.23 0.34 0.46 0.860.51 14 0.22 0.26 0.33 0.840.32 14 0.21 0.26 0.43 0.86
2973,0.66 6 0.22 0.31 0.53 0.540.71 6 0.22 0.31 0.53 0.54
2974,0.42 8 0.13 0.48 0.31 0.740.54 15 0.39 0.33 0.54 0.53
2975,0.52 14 0.01 0.01 0.78 1.00
2976,0.38 14 0.00 0.39 0.27 0.570.67 14 -0.00 0.39 0.28 1.01
2977,0.92 14 0.01 0.34 0.26 1.000.80 14 0.25 0.16 0.55 1.000.41 14 0.34 0.19 0.53 0.670.74 14 0.58 0.31 0.67 0.610.70 14 0.17 0.13 0.38 1.000.42 14 0.07 0.15 0.29 0.800.66 14 0.00 0.15 0.13 0.410.40 14 0.58 0.31 0.67 0.560.69 14 0.00 0.14 0.13 1.000.35 14 0.24 0.14 0.40 0.710.63 14 0.45 0.18 0.62 0.680.40 14 0.10 0.15 0.29 0.580.58 14 0.01 0.14 0.35 1.000.30 14 0.09 0.15 0.27 0.360.39 14 0.16 0.35 0.29 1.000.61 14 0.00 0.15 0.26 1.000.37 14 0.15 0.15 0.27 0.370.32 14 0.57 0.30 0.67 0.750.65 14 0.25 0.16 0.50 1.000.33 14 0.07 0.15 0.28 0.570.74 14 0.45 0.19 0.67 1.00
2978,0.36 6 0.12 0.34 0.48 0.66
2979,0.34 14 0.21 0.24 0.43 0.420.53 14 0.30 0.37 0.35 0.420.72 14 0.31 0.24 0.42 0.410.71 14 0.31 0.23 0.43 0.41
2980,0.55 14 0.19 0.09 0.71 0.750.62 14 0.48 0.51 0.53 0.620.33 14 0.19 0.09 0.78 0.750.41 14 0.21 0.08 0.63 0.740.36 14 0.36 0.09 0.70 0.750.37 14 0.27 0.09 0.71 0.750.34 14 0.20 0.08 0.88 1.000.55 14 0.20 0.10 0.87 0.75
2981,0.34 14 0.83 0.36 1.00 0.750.36 14 0.89 0.36 0.97 0.480.38 14 0.39 0.20 0.68 0.750.86 14 0.28 0.19 0.69 0.75
2982,0.33 19 0.22 0.35 0.34 0.51
2983,0.35 6 0.14 0.13 0.73 0.600.76 14 0.05 0.43 0.08 0.52
2984,0.52 14 0.57 0.20 0.64 0.260.46 14 0.84 0.20 0.89 0.350.98 14 0.72 0.14 0.84 0.70
2985,0.0 1 0.0 0.0 10.0 10.0
2986,0.46 6 0.13 0.12 0.73 0.700.36 6 0.13 0.28 0.68 0.710.54 6 0.32 0.12 0.72 0.300.32 6 0.00 0.00 0.06 0.08
2987,0.0 1 0.0 0.0 10.0 10.0
2988,0.0 1 0.0 0.0 10.0 10.0
2989,0.41 8 0.00 0.56 0.16 0.730.39 8 0.61 0.34 0.75 0.570.39 8 0.18 0.39 0.35 0.600.50 8 0.36 0.40 0.51 0.58
2990,0.80 14 0.31 0.64 0.43 0.74
2991,0.81 14 0.35 0.76 0.41 0.870.63 14 0.35 0.75 0.41 0.840.54 14 0.40 0.75 0.46 0.83
2992,0.30 1 0.39 0.54 0.45 0.630.93 14 0.47 0.52 0.53 0.620.55 1 0.39 0.54 0.47 0.63
2993,0.59 14 0.32 0.06 0.40 0.220.52 6 0.04 0.14 0.97 0.690.39 14 0.05 0.00 0.30 0.300.36 14 0.28 0.05 0.41 0.240.75 14 0.18 0.00 0.29 0.130.69 6 0.05 0.02 0.97 0.69
2994,0.33 6 0.01 0.07 0.82 0.730.67 6 0.00 0.06 0.21 0.480.79 6 0.07 0.14 0.82 0.730.65 6 0.25 0.12 0.34 0.170.31 6 0.66 0.28 0.75 0.33
2995,0.70 6 0.00 0.15 0.87 0.78
2996,0.68 14 0.22 0.13 0.68 0.56
2997,0.0 1 0.0 0.0 10.0 10.0
2998,0.41 6 0.02 0.69 0.11 0.780.77 6 0.07 0.69 0.23 0.780.58 6 0.13 0.70 0.24 0.780.46 6 0.02 0.68 0.23 0.780.31 0 0.10 0.21 0.88 0.530.42 6 0.02 0.69 0.18 0.78
2999,0.0 1 0.0 0.0 10.0 10.0
3000,0.36 1 0.23 0.57 0.43 0.740.70 14 0.65 0.48 0.75 0.720.96 14 0.28 0.46 0.35 0.730.51 1 0.23 0.56 0.48 0.730.70 1 0.24 0.55 0.51 0.740.55 14 0.75 0.48 0.83 0.640.58 1 0.57 0.58 0.67 0.740.62 14 0.62 0.48 0.72 0.720.96 14 0.38 0.49 0.47 0.700.70 1 0.24 0.58 0.42 0.740.38 14 0.65 0.48 0.83 0.730.43 1 0.43 0.54 0.52 0.710.95 14 0.62 0.48 0.75 0.730.95 14 0.74 0.48 0.83 0.730.68 1 0.56 0.55 0.89 0.74
3001,0.37 6 0.03 0.13 0.91 0.460.80 6 0.02 0.13 0.91 0.46
3002,0.80 14 0.61 0.33 0.82 0.510.33 14 0.36 0.23 0.48 0.450.40 14 0.18 0.00 0.46 0.520.37 14 0.00 0.50 0.04 0.570.83 14 0.18 0.00 0.47 0.660.87 14 0.74 0.33 0.82 0.500.42 14 0.55 0.33 0.90 0.590.82 14 0.56 0.33 0.83 0.57
3003,0.0 1 0.0 0.0 10.0 10.0
3004,0.0 1 0.0 0.0 10.0 10.0
3005,0.37 14 0.43 0.30 0.59 0.550.46 14 0.62 0.10 0.76 0.340.85 14 0.10 0.15 0.46 0.670.94 14 0.60 0.10 0.69 0.250.58 14 0.20 0.16 0.46 0.670.95 14 0.68 0.11 0.76 0.260.36 14 0.43 0.30 0.65 0.570.65 14 0.43 0.29 0.63 0.560.92 14 0.00 0.17 0.23 0.670.39 14 0.01 0.14 0.80 1.000.35 14 0.60 0.51 0.80 0.670.68 14 0.37 0.29 0.65 0.670.40 14 0.22 0.29 0.81 0.670.33 14 0.60 0.11 0.69 0.32
3006,0.0 1 0.0 0.0 10.0 10.0
3007,0.34 6 0.45 0.30 0.51 0.370.59 6 0.41 0.30 0.50 0.380.32 6 0.24 0.32 0.31 0.400.46 6 0.36 0.30 0.42 0.380.35 6 0.49 0.28 0.61 0.370.47 6 0.67 0.34 0.73 0.420.35 6 0.26 0.31 0.34 0.400.69 6 0.27 0.31 0.36 0.390.87 6 0.50 0.29 0.61 0.370.87 6 0.40 0.29 0.51 0.380.56 6 0.25 0.32 0.32 0.400.80 6 0.36 0.31 0.42 0.380.38 6 0.12 0.33 0.30 0.420.63 6 0.50 0.28 0.61 0.370.31 6 0.54 0.29 0.61 0.360.39 6 0.55 0.29 0.61 0.36
3008,0.0 1 0.0 0.0 10.0 10.0
3009,0.0 1 0.0 0.0 10.0 10.0
3010,0.78 14 0.01 -0.00 0.38 0.680.88 14 0.16 0.21 0.64 0.640.47 14 0.15 0.21 0.52 0.640.63 14 0.28 0.21 0.64 0.640.56 14 0.16 0.22 0.64 1.00
3011,0.0 1 0.0 0.0 10.0 10.0
3012,0.0 1 0.0 0.0 10.0 10.0
3013,0.0 1 0.0 0.0 10.0 10.0
3014,0.0 1 0.0 0.0 10.0 10.0
3015,0.39 4 0.57 0.19 0.62 0.330.35 4 0.37 0.22 0.42 0.360.63 4 0.36 0.19 0.42 0.360.73 4 0.57 0.18 0.62 0.380.42 14 0.52 0.36 0.74 0.480.31 4 0.57 0.19 0.63 0.37
3016,0.46 8 0.17 0.41 0.30 0.630.47 8 0.04 0.48 0.21 0.660.33 4 0.82 0.24 0.84 0.300.32 8 0.18 0.38 0.47 0.640.54 8 0.29 0.50 0.46 0.660.36 4 0.81 0.23 0.84 0.300.45 8 0.02 0.38 0.21 0.660.36 8 0.46 0.34 0.55 0.55
3017,0.59 1 0.18 0.46 0.45 0.810.35 1 0.14 0.45 0.46 0.800.97 14 0.34 0.27 0.50 0.760.31 1 0.16 0.49 0.46 0.80
3018,0.79 14 0.36 0.17 0.44 0.260.36 14 0.23 0.17 0.71 1.000.48 14 0.51 0.15 0.91 0.650.44 14 0.50 0.15 0.90 1.000.37 14 0.36 0.17 0.46 0.430.32 14 0.50 0.17 0.71 0.610.67 14 0.67 0.12 0.92 0.670.31 14 0.36 0.18 0.45 0.390.57 14 0.50 0.17 0.72 1.000.76 14 0.51 0.17 0.71 0.640.47 14 0.51 0.14 0.93 1.00
3019,0.39 14 0.01 0.16 0.55 0.56
3020,0.0 1 0.0 0.0 10.0 10.0
3021,0.46 15 0.28 0.13 0.35 0.270.66 15 0.42 0.48 0.50 0.590.38 8 0.46 0.62 0.68 0.770.70 15 0.42 0.42 0.51 0.600.71 14 0.17 0.41 0.66 0.990.38 19 0.01 0.30 0.22 0.560.30 8 0.39 0.62 0.68 0.880.40 8 0.21 0.62 0.67 0.98
3022,0.59 6 0.00 0.42 0.30 0.65
3023,0.40 19 0.61 0.32 0.73 0.440.30 19 0.62 0.32 0.73 0.44
3024,0.40 14 0.03 0.21 0.40 0.680.37 14 0.03 0.21 0.46 0.770.49 14 0.02 0.21 0.46 0.890.41 14 0.19 0.21 0.37 0.530.86 14 0.02 0.21 0.46 0.900.31 14 0.18 0.20 0.38 0.58
3025,0.32 6 0.50 0.28 0.58 0.350.31 6 0.25 0.20 0.48 0.380.59 6 0.25 0.20 0.60 0.400.61 6 0.50 0.29 0.60 0.38
3026,0.0 1 0.0 0.0 10.0 10.0
3027,0.0 1 0.0 0.0 10.0 10.0
3028,0.59 6 0.69 0.27 0.75 0.310.88 6 0.69 0.27 0.77 0.32
3029,0.57 6 0.06 0.11 0.66 0.22
3030,0.30 6 0.64 0.00 0.88 0.06
3031,0.0 1 0.0 0.0 10.0 10.0
3032,0.84 14 0.00 -0.00 0.47 0.60
3033,0.48 14 0.00 0.47 0.37 1.00
3034,0.72 14 0.19 0.72 0.30 0.870.52 14 0.60 0.07 0.72 0.730.59 4 0.32 0.61 0.45 0.930.40 14 0.34 0.23 0.53 0.520.90 14 0.08 -0.00 0.34 0.520.46 14 0.59 0.07 0.72 0.630.42 14 0.38 0.23 0.62 0.600.54 14 0.34 0.00 0.63 0.590.77 14 0.59 0.07 0.72 1.000.35 14 0.32 0.23 0.50 0.880.72 14 0.35 0.00 0.63 0.97
3035,0.84 14 0.76 0.24 0.91 0.390.47 14 0.35 0.22 0.54 0.620.51 14 0.36 0.19 0.92 0.750.87 14 0.44 0.19 0.92 0.750.92 14 0.76 0.24 0.92 0.600.30 14 0.66 0.20 0.79 0.560.36 14 0.46 0.19 0.79 0.740.57 14 0.44 0.19 0.95 1.00
3036,0.55 14 0.69 0.33 0.76 0.490.44 14 0.69 0.33 0.74 0.430.38 14 0.69 0.32 0.75 0.600.74 14 0.69 0.33 0.75 0.42
3037,0.35 14 0.53 0.26 0.76 0.620.59 14 0.55 0.20 0.82 0.590.48 14 0.51 0.02 0.85 0.600.44 14 0.00 0.00 0.75 1.000.59 14 0.01 0.01 1.00 1.000.55 14 0.53 0.19 1.00 0.740.56 14 0.54 0.22 0.88 0.650.40 14 0.54 0.21 0.79 0.45
3038,0.94 14 0.34 0.15 0.56 0.750.97 14 0.10 0.13 0.37 0.750.95 14 0.52 0.07 0.82 0.75
3039,0.0 1 0.0 0.0 10.0 10.0
3040,0.0 1 0.0 0.0 10.0 10.0
3041,0.89 6 0.07 0.54 0.23 0.630.53 6 0.07 0.54 0.23 0.63
3042,0.39 6 0.67 0.51 0.77 0.59
3043,0.35 14 0.19 0.03 0.60 1.000.47 14 0.01 0.00 0.60 1.00
3044,0.47 6 0.31 0.33 0.64 0.660.48 14 0.75 0.58 0.79 0.680.33 6 0.77 0.32 0.97 0.680.36 6 0.69 0.32 0.98 0.690.96 14 0.70 0.41 0.80 0.670.55 6 0.31 0.38 0.41 0.540.42 6 0.00 0.33 0.24 0.700.39 6 0.33 0.33 0.63 0.660.42 6 0.40 0.48 0.62 0.660.34 6 0.69 0.31 0.97 0.68
3045,0.82 14 0.30 0.49 0.66 1.00
3046,0.42 15 0.01 0.08 0.32 0.520.46 15 0.01 0.22 0.13 0.530.34 19 0.61 0.21 0.70 0.330.45 15 0.10 0.13 0.33 0.330.93 14 0.00 0.56 0.17 0.740.50 14 0.05 0.55 0.16 0.700.36 15 0.04 0.43 0.10 0.53
3047,0.0 1 0.0 0.0 10.0 10.0
3048,0.52 14 0.32 0.01 0.72 0.740.54 14 0.32 0.01 0.89 0.740.33 14 0.32 0.01 0.89 1.00
3049,0.43 14 0.71 0.34 0.85 0.760.56 14 0.57 0.34 0.85 0.76
3050,0.83 6 0.07 0.31 0.34 0.460.78 6 0.06 0.30 0.51 0.480.74 6 0.17 0.30 0.51 0.480.81 6 0.35 0.29 0.80 0.53
3051,0.80 14 0.60 0.19 0.69 0.300.81 14 0.21 0.25 0.36 0.650.93 14 0.21 0.25 0.33 0.450.54 14 0.91 0.22 0.95 0.290.37 14 0.56 0.09 0.69 0.310.35 14 0.56 0.10 0.69 0.490.49 14 0.35 0.08 0.68 0.580.33 14 0.07 0.09 0.72 1.000.78 14 0.35 0.08 0.71 0.730.94 14 0.90 0.22 0.96 0.42
3052,0.30 8 0.36 0.52 0.47 0.690.38 8 -0.00 0.46 0.34 0.76
3053,0.0 1 0.0 0.0 10.0 10.0
3054,0.31 14 0.00 0.18 0.20 1.000.31 14 0.07 0.16 0.53 0.750.79 14 0.00 0.17 0.21 0.760.48 14 0.00 0.17 0.20 0.50
3055,0.86 14 0.42 0.22 0.48 0.280.31 14 0.51 0.27 0.54 0.320.43 14 0.42 0.22 0.48 0.320.85 6 0.17 0.27 0.70 0.47
3056,0.0 1 0.0 0.0 10.0 10.0
3057,0.39 14 0.55 0.05 0.85 0.510.35 14 0.55 0.04 0.86 0.650.53 14 0.41 0.00 0.50 0.240.31 14 0.66 0.12 0.88 0.510.54 14 0.00 0.19 0.16 0.670.47 14 0.54 0.04 0.89 0.560.88 14 0.38 0.00 0.50 0.240.83 14 0.05 0.11 0.12 0.190.72 14 0.00 0.29 0.16 0.660.86 14 0.53 0.04 0.88 0.660.33 14 0.00 0.18 0.25 0.510.45 14 0.39 0.06 0.87 0.660.38 14 0.54 0.11 0.63 0.360.67 14 0.52 0.09 0.67 0.65
3058,0.37 14 0.16 0.51 0.50 0.720.83 14 0.16 0.52 0.32 0.730.37 14 0.15 0.38 0.50 0.73
3059,0.89 14 0.28 0.17 0.34 0.240.78 14 0.12 0.18 0.44 0.81
3060,0.95 14 0.01 0.02 0.18 0.330.68 14 0.74 0.13 1.00 0.610.47 14 0.01 0.01 0.18 0.430.96 14 0.42 0.01 0.59 0.370.95 14 0.22 0.06 0.35 0.410.96 14 0.08 0.18 0.30 0.560.46 14 0.07 0.18 0.23 0.530.97 14 0.63 0.10 0.84 0.470.91 14 0.56 0.13 1.00 0.66
3061,0.39 14 0.17 0.37 0.88 0.670.79 14 0.31 0.20 0.35 0.360.69 14 0.27 0.19 0.35 0.37
3062,0.55 14 0.36 0.06 0.70 0.370.79 14 0.36 0.06 0.71 0.480.37 14 0.00 0.37 0.10 0.50
3063,0.86 14 0.45 0.10 0.58 0.340.83 14 0.56 0.06 0.64 0.150.52 14 0.68 0.05 0.98 1.000.40 14 0.67 0.10 0.81 0.310.36 14 0.72 0.41 0.89 0.660.84 14 0.63 0.10 0.81 0.660.80 14 0.19 0.05 0.48 0.670.41 14 0.43 0.10 0.58 0.440.31 14 0.23 0.42 0.48 0.660.34 14 0.45 0.07 0.65 0.630.78 14 0.00 0.09 0.19 0.510.72 14 0.18 0.04 0.49 0.670.45 14 0.68 0.11 0.81 0.660.35 14 0.65 0.10 0.81 0.520.46 14 0.04 0.04 0.50 0.670.45 14 0.45 0.12 0.65 0.530.53 14 0.44 0.10 0.64 0.640.31 14 0.21 0.02 0.44 0.330.34 14 0.01 0.02 0.50 1.000.86 14 0.00 0.09 0.20 0.670.30 14 0.77 0.07 0.89 0.620.60 14 0.63 0.10 0.88 0.670.45 14 0.67 0.07 0.99 1.000.33 14 0.24 0.21 0.50 0.670.31 14 0.54 0.06 0.65 0.250.40 14 0.77 0.43 0.89 0.660.82 14 0.45 0.09 0.65 0.660.86 14 0.69 0.07 0.89 0.680.72 14 0.60 0.15 0.68 0.320.32 14 0.55 0.05 0.65 0.270.32 14 0.60 0.14 0.68 0.32
3064,0.0 1 0.0 0.0 10.0 10.0
3065,0.33 6 0.30 0.30 0.38 0.350.34 6 0.42 0.31 0.50 0.350.68 6 0.40 0.32 0.46 0.350.48 6 0.20 0.30 0.28 0.340.37 6 0.71 0.31 0.85 0.380.91 6 0.70 0.31 0.87 0.380.45 6 0.61 0.30 0.75 0.370.86 6 0.61 0.31 0.74 0.370.66 6 0.39 0.31 0.44 0.350.51 6 0.74 0.31 0.88 0.380.78 6 0.19 0.30 0.28 0.340.82 6 0.03 0.29 0.12 0.330.53 6 0.51 0.32 0.61 0.360.62 6 0.25 0.31 0.31 0.340.73 6 0.29 0.30 0.38 0.340.49 6 0.48 0.30 0.57 0.360.80 6 0.43 0.30 0.54 0.350.34 6 0.23 0.30 0.29 0.340.49 6 0.67 0.31 0.75 0.370.52 6 0.12 0.30 0.18 0.330.50 6 0.30 0.30 0.37 0.340.82 6 0.32 0.31 0.40 0.350.47 6 0.16 0.30 0.22 0.330.31 6 0.70 0.32 0.84 0.370.73 6 0.44 0.31 0.54 0.360.84 6 0.52 0.31 0.64 0.370.64 6 0.58 0.31 0.66 0.360.45 6 0.13 0.30 0.18 0.33
3066,0.33 14 0.17 0.24 0.45 0.880.72 14 0.01 0.27 0.46 0.890.71 14 0.01 0.08 0.45 0.890.52 14 0.01 0.58 0.18 0.89
3067,0.0 1 0.0 0.0 10.0 10.0
3068,0.61 6 0.17 0.69 0.46 0.79
3069,0.53 14 0.04 0.22 0.50 0.990.92 14 0.21 0.21 0.49 0.74
3070,0.53 14 0.24 0.33 0.36 0.660.38 14 0.27 0.02 0.64 0.530.87 14 0.26 0.02 0.64 0.640.30 14 0.24 0.33 0.50 0.660.34 14 0.25 0.33 0.51 0.68
3071,0.30 14 0.41 0.14 0.60 0.450.40 14 0.12 0.13 0.73 1.000.44 14 0.43 0.15 0.97 0.660.56 14 0.11 0.10 0.47 0.510.71 14 0.01 0.10 0.55 1.000.30 14 0.09 0.06 0.98 1.00
3072,0.33 14 0.45 0.39 0.56 0.530.36 14 0.33 0.39 0.47 0.600.96 14 0.33 0.40 0.47 0.660.32 14 0.09 0.27 0.34 0.640.92 14 0.56 0.36 0.72 0.660.96 14 0.19 0.40 0.33 0.650.59 14 0.56 0.26 0.77 0.660.88 14 0.44 0.39 0.56 0.660.66 14 0.34 0.40 0.56 0.670.38 14 0.09 0.39 0.33 0.620.74 14 0.51 0.26 0.77 0.670.67 14 0.48 0.37 0.76 0.660.35 14 0.57 0.25 0.76 0.490.63 14 0.57 0.26 0.75 0.50
3073,0.0 1 0.0 0.0 10.0 10.0
3074,0.88 14 0.91 0.70 1.00 0.990.54 14 0.92 0.70 1.00 0.860.96 14 0.23 0.35 0.33 0.710.95 14 0.00 0.52 0.09 1.000.95 14 0.10 0.64 0.20 0.920.95 14 0.50 0.40 0.58 0.770.94 14 0.39 0.36 0.49 0.750.96 14 0.33 0.36 0.41 0.730.97 14 0.58 0.38 0.67 0.770.44 6 0.15 0.67 0.94 1.00
3075,0.0 1 0.0 0.0 10.0 10.0
3076,0.54 14 0.14 0.18 0.70 0.960.40 14 0.85 0.00 1.00 0.360.33 14 0.00 0.18 0.70 1.000.58 14 0.01 0.01 1.00 1.000.74 14 0.66 0.00 1.00 0.760.31 14 0.14 0.18 1.00 0.95
3077,0.0 1 0.0 0.0 10.0 10.0
3078,0.94 14 0.39 0.05 0.66 0.910.31 1 0.38 0.46 0.67 0.98
3079,0.39 6 0.00 0.51 0.42 0.940.35 13 0.31 0.36 0.66 0.790.98 14 0.09 0.14 0.18 0.54
3080,0.43 14 0.01 0.01 0.57 0.700.30 14 0.01 0.01 0.89 0.72
3081,0.83 14 0.42 0.58 0.56 0.810.60 4 0.11 0.58 0.15 0.670.95 14 0.55 0.54 0.66 0.800.94 14 0.08 0.48 0.20 0.660.37 6 0.20 0.64 0.30 0.710.91 14 0.21 0.14 0.51 0.820.34 14 0.08 0.48 0.21 0.690.49 4 0.06 0.58 0.10 0.690.74 14 0.08 0.49 0.21 0.680.46 4 0.10 0.58 0.14 0.67
3082,0.0 1 0.0 0.0 10.0 10.0
3083,0.36 14 0.41 0.10 0.64 0.430.83 14 0.41 0.10 0.66 0.540.89 14 0.41 0.10 0.77 0.54
3084,0.48 14 0.36 0.17 0.60 0.590.60 14 0.37 0.13 0.83 1.000.62 14 0.75 0.29 0.88 0.470.79 14 0.36 0.14 0.66 0.600.48 14 0.34 0.11 0.82 1.000.59 14 0.35 0.12 0.83 0.600.42 14 0.36 0.15 0.67 1.000.50 14 0.36 0.15 0.71 0.610.96 14 0.75 0.29 0.88 0.55
3085,0.50 6 0.24 0.34 0.48 0.45
3086,0.0 1 0.0 0.0 10.0 10.0
3087,0.89 14 0.37 0.06 0.59 0.340.50 14 0.37 0.06 0.78 0.39
3088,0.0 1 0.0 0.0 10.0 10.0
3089,0.41 14 0.56 0.40 0.61 0.500.32 6 0.06 0.38 0.57 0.710.77 14 0.50 0.41 0.55 0.530.95 14 0.45 0.40 0.50 0.520.76 6 0.07 0.38 0.57 0.700.70 14 0.55 0.40 0.61 0.660.86 14 0.50 0.41 0.60 0.660.38 14 0.55 0.39 0.57 0.45
3090,0.30 14 0.20 0.37 0.55 0.830.34 14 0.18 0.41 0.47 0.830.72 14 0.17 0.40 0.49 0.840.35 14 0.20 0.40 0.40 0.820.35 14 0.04 0.36 0.38 0.870.79 14 0.41 0.36 0.55 0.680.42 14 0.03 0.38 0.50 0.870.89 14 0.00 0.35 0.20 0.870.77 14 0.41 0.36 0.59 0.69
3091,0.90 14 0.38 0.26 0.44 0.340.94 14 0.24 0.23 0.33 0.360.89 14 0.30 0.33 0.56 0.800.33 14 0.17 0.21 0.22 0.320.38 14 0.13 0.22 0.18 0.310.76 14 0.48 0.28 0.61 0.580.43 14 0.47 0.28 0.61 0.800.34 14 0.00 0.26 0.10 0.630.42 14 0.06 0.30 0.29 0.600.61 14 0.33 0.26 0.37 0.330.94 14 0.11 0.30 0.19 0.430.92 14 0.05 0.34 0.12 0.500.89 14 0.00 0.25 0.08 0.640.68 14 0.23 0.23 0.33 0.400.84 14 0.05 0.35 0.12 0.500.50 14 0.43 0.32 0.51 0.550.81 14 0.32 0.26 0.41 0.370.89 14 0.17 0.23 0.23 0.350.33 14 0.05 0.30 0.31 0.810.93 14 0.11 0.21 0.18 0.350.80 14 0.00 0.26 0.08 0.520.35 14 0.00 0.26 0.10 0.720.76 14 0.18 0.29 0.24 0.370.62 14 0.07 0.33 0.56 0.790.90 14 0.10 0.31 0.19 0.490.47 15 0.24 0.31 0.31 0.400.42 14 0.11 0.31 0.18 0.420.91 14 0.48 0.28 0.61 0.660.78 14 0.44 0.31 0.49 0.38
3092,0.0 1 0.0 0.0 10.0 10.0
3093,0.41 6 0.01 0.08 0.74 0.55
3094,0.0 1 0.0 0.0 10.0 10.0
3095,0.34 6 0.18 0.28 0.57 0.45
3096,0.32 14 0.21 0.07 0.53 0.570.31 14 0.04 0.16 0.22 0.400.70 14 0.11 0.16 0.21 0.360.32 14 0.22 0.07 0.54 0.650.66 14 0.19 0.48 0.57 1.000.39 14 0.20 0.07 0.56 0.680.37 14 0.21 0.07 0.54 0.650.33 14 0.07 0.08 0.57 1.000.50 14 0.00 0.16 0.22 1.000.80 14 0.20 0.07 0.57 1.000.47 14 0.03 0.16 0.23 0.57
3097,0.51 14 0.49 0.30 0.68 0.900.31 14 0.18 0.13 0.52 1.000.57 14 0.17 0.12 0.45 0.680.33 14 0.16 0.12 0.43 0.430.87 14 0.02 0.12 0.43 0.900.88 14 0.02 0.36 0.28 0.900.38 14 0.21 0.29 0.68 1.000.46 14 0.33 0.29 0.67 1.00
3098,0.36 6 0.69 0.28 0.82 0.370.86 6 0.06 0.27 0.25 0.380.75 6 0.29 0.27 0.42 0.380.41 6 0.69 0.28 0.82 0.360.57 6 0.51 0.28 0.64 0.370.31 6 0.07 0.28 0.24 0.380.85 6 0.69 0.28 0.82 0.360.52 6 0.07 0.28 0.25 0.380.48 6 0.28 0.28 0.42 0.380.78 6 0.52 0.27 0.64 0.370.64 6 0.69 0.28 0.82 0.36
3099,0.0 1 0.0 0.0 10.0 10.0
3100,0.0 1 0.0 0.0 10.0 10.0
3101,0.0 1 0.0 0.0 10.0 10.0
3102,0.87 14 0.35 0.07 0.44 0.310.80 14 0.72 0.02 1.00 0.660.50 14 0.07 0.10 0.31 0.350.33 14 0.17 0.08 0.45 0.630.58 14 0.36 0.08 0.46 0.520.96 14 0.44 0.12 0.56 0.450.48 14 0.17 0.09 0.45 0.560.42 14 0.38 0.10 0.56 0.520.95 14 0.08 0.09 0.45 0.620.61 14 0.63 0.04 1.00 0.660.55 14 0.36 0.30 0.45 0.53
3103,0.0 1 0.0 0.0 10.0 10.0
3104,0.64 14 0.17 0.00 0.90 0.670.87 14 0.00 0.32 0.17 0.67
3105,0.31 6 0.14 0.19 0.98 0.590.39 6 0.11 0.19 0.97 0.640.30 6 0.02 0.16 0.97 0.780.31 6 0.13 0.19 0.98 0.500.56 6 0.13 0.19 0.97 0.60
3106,0.93 14 0.55 0.30 0.62 0.460.69 14 0.44 0.31 0.62 0.540.92 14 0.44 0.37 0.58 0.540.55 14 0.46 0.30 0.62 0.55
3107,0.44 0 0.03 0.20 0.98 0.540.37 0 0.03 0.20 0.98 0.55
3108,0.0 1 0.0 0.0 10.0 10.0
3109,0.95 14 0.42 0.05 0.60 0.500.97 14 0.00 0.06 0.10 0.58
3110,0.31 14 0.00 0.01 0.41 1.000.60 14 0.00 0.01 0.67 1.00
3111,0.0 1 0.0 0.0 10.0 10.0
3112,0.70 14 0.28 0.31 0.59 0.780.31 14 0.35 0.49 0.59 0.780.31 14 0.66 0.51 1.00 1.000.75 14 0.71 0.51 1.00 0.770.62 14 0.92 0.34 1.00 0.570.44 14 0.28 0.48 0.59 0.780.95 14 0.53 0.09 0.67 0.490.74 14 0.28 0.10 0.58 0.690.86 14 0.29 0.09 0.56 0.500.74 14 0.02 0.10 0.57 0.760.64 14 0.28 0.10 0.58 0.770.72 14 0.53 0.09 0.68 0.510.63 14 0.67 0.35 1.00 0.78
3113,0.91 14 0.61 0.18 0.65 0.320.40 14 0.36 0.15 0.42 0.380.41 14 0.61 0.19 0.69 0.460.33 14 0.01 0.05 0.76 1.000.35 14 0.37 0.15 0.42 0.340.89 14 0.24 0.06 0.75 0.820.76 14 0.37 0.15 0.42 0.270.33 14 0.29 0.10 0.70 0.720.94 14 0.63 0.20 0.69 0.34
3114,0.31 6 0.00 0.08 0.76 0.97
3115,0.70 14 0.62 0.30 0.78 0.660.85 14 0.11 0.23 0.26 0.460.31 14 0.11 0.23 0.23 0.430.44 14 0.66 0.29 0.81 0.660.35 14 0.11 0.23 0.22 0.370.34 14 0.63 0.29 0.79 0.670.87 14 0.52 0.29 0.78 0.69
3116,0.81 6 0.04 0.03 0.80 0.900.84 6 0.03 0.33 0.09 0.50
3117,0.33 8 -0.00 0.54 0.38 1.000.91 14 0.37 0.39 0.66 1.000.73 14 0.00 0.53 0.11 0.820.48 14 0.00 0.52 0.10 1.000.31 14 0.37 0.39 0.67 0.93
3118,0.30 14 0.22 0.13 0.56 0.730.76 14 0.16 0.46 0.42 0.890.35 14 0.21 0.63 0.65 1.000.74 14 0.16 0.13 0.58 0.910.48 14 0.16 0.46 0.42 1.000.32 14 0.21 0.65 0.44 1.000.42 14 0.39 0.42 0.61 0.920.67 14 0.39 0.41 0.69 0.92
3119,0.75 14 0.30 0.39 0.55 0.900.95 14 0.22 0.07 0.37 0.740.55 1 0.14 0.58 0.66 1.000.64 14 0.45 0.42 0.58 0.710.31 14 0.22 0.08 0.38 0.530.66 14 0.28 0.37 0.50 0.870.32 14 0.31 0.42 0.58 0.910.97 14 0.64 0.36 0.82 0.95
3120,0.35 8 0.15 0.60 0.37 1.000.46 8 0.18 0.59 0.35 0.85
3121,0.0 1 0.0 0.0 10.0 10.0
3122,0.37 8 0.27 0.50 0.39 0.670.37 8 0.28 0.49 0.54 0.700.34 8 0.47 0.58 0.61 0.73
3123,0.0 1 0.0 0.0 10.0 10.0
3124,0.0 1 0.0 0.0 10.0 10.0
3125,0.0 1 0.0 0.0 10.0 10.0
3126,0.33 14 0.29 0.20 0.49 0.440.87 14 0.29 0.20 0.48 0.380.34 15 0.06 0.32 0.14 0.42
3127,0.0 1 0.0 0.0 10.0 10.0
3128,0.31 14 0.38 0.03 0.58 0.540.47 14 0.74 0.55 0.90 1.000.30 14 0.53 0.07 0.90 0.690.48 14 0.40 0.16 0.54 0.570.42 14 0.00 0.22 0.08 0.480.61 14 0.27 0.04 0.56 0.560.87 14 0.40 0.02 0.63 0.570.77 14 0.75 0.55 0.89 0.710.53 14 0.00 0.22 0.05 0.300.50 14 0.52 0.08 0.65 0.530.62 14 0.53 0.07 0.82 0.55
3129,0.37 15 0.37 0.44 0.53 0.820.54 15 0.40 0.67 0.49 0.860.34 15 0.08 0.58 0.24 0.890.42 15 0.23 0.65 0.33 0.850.49 15 0.30 0.66 0.37 0.800.75 15 0.26 0.65 0.36 0.820.65 15 0.10 0.67 0.24 0.860.35 15 0.39 0.44 0.61 0.860.46 15 0.32 0.25 0.61 0.870.59 15 0.08 0.57 0.19 0.780.68 15 0.28 0.65 0.36 0.820.39 15 0.10 0.57 0.19 0.770.66 15 0.41 0.68 0.52 0.860.36 15 0.08 0.57 0.18 0.74
3130,0.48 1 0.54 0.26 0.75 0.64
3131,0.78 14 0.43 0.39 0.54 0.620.41 14 0.58 0.71 0.79 1.000.32 14 0.43 0.39 0.67 0.710.78 14 0.43 0.39 0.55 0.710.97 14 0.12 0.22 0.36 1.000.59 14 0.43 0.39 0.55 0.970.90 14 0.43 0.44 0.64 1.000.81 14 0.42 0.71 0.61 1.00
3132,0.0 1 0.0 0.0 10.0 10.0
3133,0.38 14 0.01 0.11 0.41 0.96
3134,0.98 14 0.40 0.18 0.63 0.980.59 1 0.38 0.55 0.77 1.00
3135,0.51 14 0.60 0.15 0.89 1.000.52 14 0.07 0.17 0.48 1.000.38 14 0.07 0.01 0.46 1.000.62 14 0.07 0.01 0.71 1.000.36 14 0.28 0.19 0.51 1.000.61 14 0.31 0.01 0.71 1.000.47 14 0.22 0.14 0.88 1.00
3136,0.80 6 0.16 0.59 0.29 0.690.35 6 0.34 0.48 0.65 0.81
3137,0.74 6 0.04 0.13 0.70 0.570.58 6 0.04 0.13 0.70 0.570.51 6 0.58 0.13 0.90 0.340.80 6 0.59 0.13 0.89 0.34
3138,0.87 6 0.00 0.49 0.06 0.540.40 6 0.00 0.48 0.06 0.520.95 14 0.60 0.44 0.66 0.630.76 6 0.00 0.48 0.07 0.530.93 14 0.53 0.46 0.57 0.580.52 14 0.58 0.45 0.62 0.600.30 14 0.58 0.45 0.61 0.59
3139,0.0 1 0.0 0.0 10.0 10.0
3140,0.34 6 0.20 0.18 0.80 0.570.65 6 0.20 0.18 0.80 0.56
3141,0.89 14 0.53 0.32 0.57 0.380.93 14 0.58 0.31 0.62 0.380.53 14 0.26 0.31 0.31 0.460.92 14 0.26 0.31 0.31 0.39
3142,0.32 14 0.05 0.13 0.09 0.200.39 6 0.86 0.20 1.00 0.300.85 6 0.65 0.15 0.77 0.230.91 6 0.87 0.20 1.00 0.300.30 6 0.12 0.08 0.90 0.570.43 6 0.51 0.23 0.66 0.290.33 6 0.13 0.07 0.31 0.150.85 6 0.12 0.11 0.90 0.570.35 6 0.64 0.16 0.74 0.22
3143,0.38 6 0.46 0.33 0.54 0.390.78 14 0.73 0.34 0.76 0.430.88 14 0.72 0.34 0.76 0.470.33 6 0.12 0.28 0.36 0.410.52 6 0.45 0.32 0.49 0.370.51 6 0.12 0.28 0.35 0.410.69 6 0.51 0.32 0.58 0.390.47 6 0.45 0.32 0.54 0.390.85 6 0.47 0.33 0.54 0.390.40 6 0.47 0.32 0.59 0.390.96 14 0.77 0.33 0.81 0.460.44 6 0.52 0.32 0.59 0.380.66 6 0.53 0.33 0.59 0.39
3144,0.40 14 0.00 0.00 0.60 0.94
3145,0.79 14 0.40 0.12 0.45 0.200.43 14 0.36 0.12 0.41 0.200.32 14 0.33 0.12 0.38 0.200.82 6 0.01 0.19 0.83 0.80
3146,0.0 1 0.0 0.0 10.0 10.0
3147,0.0 1 0.0 0.0 10.0 10.0
3148,0.45 6 0.02 0.15 0.10 0.200.38 6 0.05 0.65 0.13 0.710.31 6 0.02 0.15 0.17 0.22
3149,0.49 6 0.50 0.35 0.87 0.560.40 6 0.88 0.29 0.95 0.340.47 6 0.04 0.28 0.61 0.570.31 6 0.74 0.29 0.81 0.350.65 6 0.60 0.28 0.76 0.370.31 6 0.76 0.30 0.87 0.350.40 6 0.75 0.29 0.91 0.360.42 6 0.60 0.29 0.75 0.370.83 6 0.75 0.29 0.90 0.360.39 6 0.52 0.33 0.86 0.530.47 6 0.75 0.29 0.93 0.360.46 6 0.63 0.29 0.75 0.37
3150,0.49 14 0.00 0.00 0.72 0.81
3151,0.0 1 0.0 0.0 10.0 10.0
3152,0.61 6 0.41 0.45 0.47 0.490.72 6 0.17 0.45 0.24 0.490.86 6 0.06 0.45 0.14 0.500.38 6 0.74 0.44 0.83 0.500.83 6 0.58 0.43 0.72 0.500.74 6 0.25 0.44 0.35 0.490.41 6 0.34 0.45 0.41 0.490.51 6 0.34 0.44 0.41 0.490.86 6 0.77 0.45 0.84 0.500.49 6 0.27 0.44 0.36 0.490.34 6 0.69 0.43 0.75 0.490.62 6 0.71 0.43 0.78 0.490.51 6 0.57 0.44 0.66 0.500.31 6 0.23 0.45 0.29 0.490.33 6 0.26 0.43 0.35 0.490.70 6 0.16 0.45 0.24 0.490.69 6 0.49 0.44 0.58 0.500.36 6 0.06 0.45 0.13 0.490.50 6 0.68 0.44 0.74 0.500.76 6 0.12 0.44 0.18 0.480.53 6 0.29 0.44 0.39 0.490.82 6 0.47 0.44 0.58 0.500.33 6 0.55 0.44 0.63 0.500.40 6 0.57 0.44 0.61 0.490.36 6 0.57 0.44 0.62 0.49
3153,0.77 4 0.39 0.11 0.44 0.330.76 4 0.44 0.11 0.49 0.320.35 4 0.43 0.11 0.48 0.32
3154,0.37 4 0.29 0.50 0.37 0.730.49 4 0.36 0.48 0.42 0.620.64 14 0.57 0.13 0.80 0.510.46 4 0.36 0.47 0.42 0.650.96 14 0.00 0.22 0.25 0.750.70 4 0.36 0.47 0.42 0.720.96 14 0.53 0.13 0.79 0.73
3155,0.80 14 0.38 0.20 0.43 0.320.66 14 0.66 0.17 0.76 0.460.38 14 0.37 0.19 0.44 0.460.92 14 0.66 0.17 0.77 0.580.72 14 0.66 0.17 0.76 0.35
3156,0.52 6 0.00 0.41 0.11 0.560.70 14 0.67 0.37 0.74 0.460.71 14 0.43 0.06 0.68 0.740.94 14 0.47 0.05 0.67 0.440.36 14 0.06 0.36 0.73 0.730.74 14 0.43 0.42 0.72 0.750.43 14 0.42 0.37 0.73 0.75
3157,0.47 1 0.59 0.35 0.85 0.680.76 14 0.72 0.23 0.87 0.430.49 14 0.66 0.23 0.87 0.630.88 14 0.50 0.22 0.86 0.630.65 14 0.72 0.23 0.87 0.490.40 1 0.59 0.38 0.85 0.68
3158,0.78 14 0.40 0.04 0.62 0.350.31 14 0.21 0.24 0.49 0.740.31 14 0.40 0.04 0.67 0.680.31 14 0.30 0.66 0.38 0.730.37 14 0.40 0.04 0.71 0.530.54 14 0.21 0.24 0.46 0.660.33 14 0.40 0.04 0.72 0.69
3159,0.77 14 0.37 0.32 0.39 0.370.89 14 0.20 0.30 0.23 0.360.44 14 0.34 0.33 0.36 0.370.88 14 0.06 0.30 0.08 0.370.85 14 0.55 0.32 0.57 0.380.79 14 0.42 0.32 0.44 0.370.96 14 0.26 0.24 0.37 0.850.66 14 0.09 0.32 0.11 0.360.63 14 0.09 0.32 0.11 0.36
3160,0.0 1 0.0 0.0 10.0 10.0
3161,0.95 14 0.02 0.57 0.09 0.94
3162,0.60 14 0.47 0.13 0.54 0.210.46 6 0.06 0.29 0.72 0.720.84 14 0.33 0.10 0.44 0.230.41 6 0.06 0.14 0.73 0.72
3163,0.93 14 0.23 0.18 0.29 0.34
3164,0.0 1 0.0 0.0 10.0 10.0
3165,0.90 14 0.36 0.09 0.42 0.220.82 14 0.20 0.12 0.27 0.260.32 14 0.19 0.12 0.38 0.360.76 14 0.10 0.17 0.22 0.470.37 14 0.64 0.23 0.80 0.670.90 14 0.53 0.22 0.80 0.750.66 14 0.59 0.18 0.70 0.430.40 14 0.50 0.39 0.80 0.750.38 14 0.15 0.18 0.38 0.710.39 4 0.41 0.24 0.45 0.360.41 4 0.40 0.32 0.43 0.410.54 14 0.63 0.23 0.80 0.750.63 14 0.10 0.16 0.36 0.620.66 14 0.61 0.20 0.68 0.360.44 14 0.66 0.23 0.80 0.390.78 14 0.54 0.09 0.64 0.360.82 14 0.20 0.18 0.38 0.510.55 14 0.63 0.21 0.80 0.400.47 14 0.00 0.30 0.14 0.740.52 14 0.55 0.18 0.81 0.480.87 14 0.20 0.18 0.37 0.480.36 14 0.07 0.42 0.27 0.740.36 15 0.38 0.34 0.46 0.490.58 14 0.27 0.12 0.40 0.330.35 14 0.17 0.13 0.34 0.480.95 14 0.00 0.30 0.26 0.750.70 14 0.21 0.18 0.35 0.400.75 14 0.11 0.16 0.27 0.640.74 14 0.29 0.11 0.38 0.280.46 15 0.32 0.51 0.41 0.590.79 14 0.45 0.08 0.51 0.240.34 14 0.10 0.18 0.27 0.580.50 14 0.49 0.19 0.80 0.600.53 14 0.63 0.22 0.80 0.530.91 14 0.54 0.10 0.63 0.290.59 14 0.49 0.20 0.81 0.760.80 14 0.54 0.14 0.66 0.36
3166,0.41 6 0.15 0.18 0.81 0.390.42 6 0.15 0.19 0.58 0.400.50 6 0.15 0.11 0.81 0.390.38 6 0.15 0.09 0.95 0.40
3167,0.36 14 0.55 0.39 0.62 0.630.45 14 0.13 0.14 0.40 0.750.55 14 0.44 0.38 0.55 0.640.89 14 0.44 0.38 0.53 0.520.43 14 0.11 0.14 0.39 0.450.79 14 0.02 0.14 0.40 0.750.71 14 0.02 0.14 0.37 0.71
3168,0.47 6 0.15 0.38 0.26 0.440.69 6 0.00 0.49 0.05 0.580.38 6 0.32 0.37 0.38 0.420.86 6 0.14 0.38 0.26 0.440.37 6 0.00 0.39 0.24 0.540.68 6 0.43 0.41 0.49 0.460.91 6 0.00 0.39 0.25 0.540.46 6 0.18 0.38 0.27 0.440.84 6 0.25 0.38 0.37 0.460.78 6 0.42 0.43 0.83 0.73
3169,0.32 6 0.04 0.34 0.78 0.61
3170,0.0 1 0.0 0.0 10.0 10.0
3171,0.61 14 0.33 0.02 0.65 0.360.34 14 0.14 0.02 0.67 1.000.53 4 0.00 0.44 0.08 0.670.40 14 0.32 0.02 0.70 0.380.47 14 0.02 0.38 0.61 1.000.52 14 0.14 0.02 0.66 0.660.60 14 0.56 0.12 0.89 0.660.31 14 0.27 0.02 0.68 0.670.38 14 0.00 0.36 0.42 1.000.39 14 0.02 0.36 0.32 0.670.42 14 0.33 0.04 0.48 0.330.37 14 0.28 0.46 0.60 0.67
3172,0.43 8 0.45 0.44 0.63 0.60
3173,0.0 1 0.0 0.0 10.0 10.0
3174,0.46 6 0.04 0.09 0.85 0.360.89 6 0.04 0.09 0.85 0.36
3175,0.41 14 0.40 0.00 0.63 0.270.41 14 0.43 0.11 0.65 0.560.63 14 0.00 0.00 0.31 0.520.48 14 0.49 0.11 0.96 1.000.58 14 0.50 0.11 0.96 0.600.60 14 0.49 0.11 0.96 1.000.55 14 0.00 0.00 0.33 0.550.38 14 0.28 0.45 0.37 0.540.46 14 0.41 0.00 0.69 0.520.37 14 0.50 0.11 0.97 0.600.38 14 0.00 0.14 0.15 0.670.67 14 0.26 0.43 0.37 0.540.42 14 0.48 0.11 0.77 0.530.52 14 0.41 0.00 0.64 0.650.53 14 0.00 0.00 0.34 0.670.31 14 0.00 0.01 0.32 1.000.31 14 0.01 0.11 0.95 1.000.64 14 0.49 0.11 0.97 0.620.47 14 0.00 0.20 0.15 0.460.33 14 0.40 0.00 0.54 0.190.35 14 0.41 0.00 0.96 0.650.41 14 0.43 0.11 0.97 0.640.54 14 0.49 0.11 0.72 0.530.54 14 0.41 0.01 0.96 1.00
3176,0.56 14 0.09 0.37 0.15 0.460.89 14 0.63 0.33 0.69 0.480.75 14 0.30 0.35 0.34 0.430.56 14 0.10 0.37 0.15 0.460.84 14 0.24 0.35 0.29 0.510.81 14 0.24 0.35 0.29 0.450.41 14 0.10 0.37 0.15 0.450.91 14 0.09 0.37 0.15 0.510.72 14 0.63 0.33 0.69 0.44
3177,0.0 1 0.0 0.0 10.0 10.0
3178,0.67 14 0.00 0.01 0.40 0.750.34 14 0.36 0.09 0.81 1.000.64 14 0.17 0.02 0.43 0.630.61 14 0.33 0.17 0.50 0.530.77 14 0.00 0.01 0.43 1.000.75 14 0.08 0.10 0.84 1.00
3179,0.57 6 0.00 0.43 0.67 1.000.75 6 0.34 0.61 0.67 1.00
3180,0.0 1 0.0 0.0 10.0 10.0
3181,0.47 14 0.40 0.34 0.46 0.430.86 14 0.44 0.28 0.51 0.440.82 14 0.41 0.28 0.47 0.420.96 14 0.00 0.41 0.09 0.700.35 6 0.04 0.18 0.68 0.69
3182,0.0 1 0.0 0.0 10.0 10.0
3183,0.0 1 0.0 0.0 10.0 10.0
3184,0.0 1 0.0 0.0 10.0 10.0
3185,0.77 14 0.05 0.06 0.29 0.690.34 14 0.05 0.06 0.49 0.680.36 14 0.04 0.06 0.33 0.990.69 14 0.05 0.06 0.50 0.980.72 14 0.05 0.06 0.31 0.98
3186,0.42 14 0.04 -0.00 0.41 0.60
3187,0.87 6 0.03 0.24 0.86 0.47
3188,0.97 14 0.75 0.36 0.82 0.56
3189,0.75 6 0.00 0.24 0.23 0.420.41 6 0.00 0.24 0.23 0.42
3190,0.0 1 0.0 0.0 10.0 10.0
3191,0.52 6 0.49 0.21 0.54 0.250.66 6 0.40 0.20 0.49 0.240.85 14 0.58 0.22 0.62 0.270.71 14 0.52 0.20 0.55 0.260.85 6 0.40 0.19 0.50 0.240.38 6 0.39 0.19 0.49 0.24
3192,0.61 14 0.19 0.32 0.27 0.400.69 14 0.39 0.29 0.65 0.800.37 14 0.40 0.19 0.61 0.530.94 14 0.22 0.20 0.41 0.790.31 14 0.39 0.21 0.64 0.650.41 14 0.35 0.19 0.63 0.750.97 14 0.00 0.20 0.26 0.820.41 4 0.23 0.18 0.27 0.260.34 14 0.26 0.27 0.42 0.790.53 14 0.34 0.19 0.66 0.810.85 14 0.39 0.28 0.65 0.80
3193,0.38 13 0.22 0.25 0.72 0.590.95 14 0.45 0.12 0.68 0.54
3194,0.51 14 0.45 0.22 0.61 0.480.47 14 0.57 0.08 0.71 0.310.46 14 0.19 0.23 0.73 0.660.50 14 0.03 0.15 0.36 0.670.51 14 0.59 0.22 0.81 0.660.58 14 0.59 0.37 0.87 0.660.42 14 0.75 0.27 0.89 0.660.64 14 0.73 0.27 0.88 0.670.92 14 0.13 0.15 0.36 0.670.72 4 0.30 0.45 0.36 0.610.34 14 0.77 0.29 0.87 0.430.63 14 0.56 0.07 0.78 0.660.88 14 0.18 0.16 0.48 0.670.36 14 0.72 0.27 0.88 0.640.42 4 0.31 0.45 0.36 0.560.43 14 0.55 0.08 0.88 0.660.81 14 0.46 0.22 0.68 0.670.65 14 0.61 0.32 0.88 0.660.39 14 0.54 0.07 0.87 0.670.72 14 0.48 0.39 0.70 0.670.82 14 0.46 0.26 0.72 0.670.87 14 0.76 0.27 0.89 0.470.54 14 0.56 0.08 0.75 0.620.80 4 0.58 0.40 0.64 0.590.61 14 0.56 0.08 0.75 0.39
3195,0.75 6 0.22 0.37 0.78 0.59
3196,0.0 1 0.0 0.0 10.0 10.0
3197,0.32 15 0.68 0.42 0.78 0.520.31 19 0.32 0.20 0.54 0.440.89 6 0.00 0.32 0.13 0.470.41 6 0.00 0.32 0.13 0.47
3198,0.44 14 0.36 0.29 0.86 0.670.33 14 0.36 0.31 0.57 0.670.49 14 0.00 0.11 0.21 1.000.55 14 0.62 0.52 0.86 0.670.33 14 0.59 0.01 0.88 0.670.77 14 0.00 0.11 0.12 0.590.77 14 0.00 0.46 0.20 0.670.82 14 0.00 0.11 0.21 0.670.36 14 0.53 0.00 0.89 0.670.72 14 0.36 0.00 0.88 0.67
3199,0.0 1 0.0 0.0 10.0 10.0
3200,0.93 14 0.32 0.24 0.50 0.920.57 4 0.07 0.58 0.12 0.76
3201,0.87 14 0.36 0.19 0.55 1.000.58 14 0.60 0.22 0.78 0.590.31 14 0.11 0.21 0.33 0.910.35 14 0.39 0.19 0.54 0.560.31 14 0.39 0.19 0.55 0.630.45 14 0.39 0.19 0.54 0.630.94 14 0.12 0.20 0.32 1.000.35 14 0.00 0.21 0.32 1.000.78 14 0.60 0.22 0.79 0.900.35 14 0.28 0.26 0.32 0.400.90 14 0.31 0.32 0.44 1.000.33 14 0.59 0.22 0.79 0.800.32 14 0.36 0.19 0.78 1.000.74 14 0.57 0.22 0.78 1.000.36 14 0.60 0.22 0.76 0.44
3202,0.85 6 0.05 0.36 0.84 0.79
3203,0.83 14 0.01 0.01 0.43 1.000.68 14 0.01 0.01 0.76 1.00
3204,0.31 14 0.15 0.26 0.43 0.990.36 14 0.14 0.15 0.45 1.000.52 14 0.15 0.25 0.45 1.000.91 14 0.00 0.06 0.47 1.000.93 14 0.66 0.82 0.78 1.00
3205,0.66 8 0.05 0.60 0.23 0.980.75 15 0.27 0.28 0.36 0.360.81 8 0.25 0.59 0.43 0.990.63 8 0.05 0.61 0.19 0.970.71 15 0.75 0.70 0.82 0.820.61 8 0.25 0.60 0.41 0.980.56 15 0.76 0.71 0.82 0.820.46 15 0.22 0.57 0.28 0.680.75 15 0.22 0.56 0.29 0.680.60 8 0.10 0.59 0.23 0.980.51 8 0.05 0.59 0.24 0.980.31 8 0.24 0.59 0.43 0.98
3206,0.31 14 0.12 0.48 0.32 1.000.87 14 0.22 0.20 0.50 1.000.48 14 0.12 0.22 0.36 1.000.72 14 0.11 0.20 0.50 1.000.35 14 0.21 0.48 0.35 1.000.71 14 0.42 0.00 0.74 1.000.58 14 0.41 0.00 0.87 1.00
3207,0.37 13 0.03 0.15 0.86 0.91
3208,0.97 14 0.37 0.41 0.46 0.770.36 6 0.00 0.61 0.14 0.670.84 14 0.17 0.43 0.24 0.600.35 1 0.13 0.51 0.51 0.760.65 6 0.25 0.45 0.38 0.570.54 14 0.18 0.43 0.25 0.750.89 14 0.18 0.43 0.25 0.700.83 6 0.00 0.43 0.14 0.610.33 6 0.00 0.43 0.14 0.620.80 14 0.44 0.55 0.50 0.770.91 14 0.48 0.55 0.61 0.83
3209,0.55 14 0.52 0.24 0.56 0.300.52 14 0.11 0.08 0.16 0.160.72 14 0.60 0.51 0.65 0.620.39 14 0.49 0.07 0.52 0.160.33 14 0.38 0.10 0.41 0.160.48 14 0.33 0.43 0.38 0.520.80 14 0.61 0.51 0.65 0.570.41 14 0.33 0.44 0.39 0.580.80 14 0.54 0.51 0.60 0.570.33 14 0.59 0.09 0.62 0.15
3210,0.91 14 0.22 0.43 0.47 0.930.35 8 0.01 0.64 0.14 0.810.72 14 0.21 0.42 0.35 0.930.31 14 0.22 0.42 0.34 0.650.63 8 0.54 0.52 0.68 0.85
3211,0.48 6 0.55 0.29 0.64 0.33
3212,0.51 14 0.03 0.09 0.64 0.740.33 14 0.03 0.09 0.64 0.990.57 14 0.03 0.09 0.87 0.76
3213,0.76 14 0.65 0.02 0.72 0.170.52 6 0.18 0.22 0.88 0.740.84 14 0.21 0.39 0.27 0.500.69 14 0.72 0.04 0.78 0.290.70 14 0.80 0.01 0.87 0.250.41 14 0.65 0.02 0.73 0.250.44 14 0.76 0.06 0.82 0.310.57 14 0.19 0.39 0.28 0.700.37 6 0.17 0.05 0.88 0.740.94 14 0.79 0.01 0.87 0.370.83 14 0.71 0.04 0.77 0.19
3214,0.48 6 0.41 0.30 0.57 0.520.44 6 0.76 0.32 0.88 0.380.35 6 0.20 0.33 0.26 0.37
3215,0.36 14 0.40 0.48 0.54 0.610.84 14 0.23 0.02 0.71 0.750.45 14 0.23 0.03 0.52 0.750.47 14 0.01 0.03 0.71 1.000.41 14 0.24 0.03 0.90 0.750.31 14 0.40 0.47 0.68 0.75
3216,0.36 14 0.52 0.16 1.00 1.000.34 14 0.64 0.20 0.80 0.740.76 14 0.20 0.19 0.67 0.740.41 14 0.67 0.15 1.00 0.750.40 14 0.21 0.20 0.50 0.740.37 14 0.34 0.19 0.68 0.750.70 14 0.20 0.20 0.69 1.000.73 14 0.67 0.15 1.00 0.750.48 14 0.20 0.19 0.57 0.730.83 14 0.67 0.15 1.00 1.00
3217,0.93 14 0.32 0.46 0.38 0.69
3218,0.0 1 0.0 0.0 10.0 10.0
3219,0.80 6 0.17 0.29 0.90 0.650.33 6 0.30 0.24 0.37 0.30
3220,0.0 1 0.0 0.0 10.0 10.0
3221,0.57 15 0.01 0.53 0.10 0.620.39 15 0.09 0.36 0.21 0.590.46 15 0.00 0.48 0.04 0.620.32 15 0.08 0.34 0.30 0.700.39 15 0.08 0.36 0.22 0.66
3222,0.57 14 -0.00 0.09 0.43 1.00
3223,0.61 4 0.40 0.02 0.46 0.260.54 4 0.53 0.00 0.60 0.170.55 4 0.33 0.03 0.39 0.230.47 4 0.36 0.37 0.43 0.650.46 4 0.39 0.34 0.45 0.550.58 4 0.20 0.34 0.27 0.620.42 4 0.22 0.03 0.27 0.170.31 4 0.69 0.00 0.77 0.150.42 4 0.58 0.21 0.66 0.500.63 4 0.52 0.38 0.60 0.730.52 4 0.40 0.03 0.45 0.200.38 4 0.00 0.34 0.05 0.560.67 4 0.34 0.46 0.41 0.680.66 4 0.35 0.21 0.41 0.440.47 4 0.19 0.22 0.25 0.420.51 4 0.28 0.35 0.35 0.540.71 4 0.45 0.01 0.52 0.270.62 4 0.27 0.44 0.34 0.660.34 4 0.12 0.22 0.18 0.420.48 4 0.52 0.49 0.60 0.740.33 4 0.02 0.33 0.10 0.570.47 4 0.26 0.21 0.31 0.420.60 4 0.28 0.02 0.33 0.160.38 4 0.68 0.00 0.77 0.300.60 4 0.26 0.21 0.32 0.480.47 4 0.13 0.37 0.20 0.610.55 4 0.46 0.21 0.53 0.500.55 4 0.39 0.21 0.46 0.560.45 4 0.27 0.02 0.33 0.260.61 4 0.20 0.03 0.25 0.290.38 4 0.22 0.21 0.26 0.330.35 4 0.58 0.22 0.66 0.650.34 4 0.33 0.03 0.38 0.180.48 4 0.31 0.21 0.37 0.540.51 4 0.39 0.00 0.45 0.160.44 4 0.16 0.22 0.21 0.410.55 4 0.39 0.36 0.47 0.690.46 4 0.52 0.21 0.59 0.410.36 4 0.52 0.21 0.60 0.500.65 4 0.42 0.47 0.49 0.710.48 4 0.12 0.22 0.17 0.390.58 4 0.61 0.00 0.68 0.160.57 4 0.53 0.01 0.61 0.26
3224,0.82 6 0.09 0.22 0.71 0.59
3225,0.32 8 0.00 0.40 0.35 0.900.45 14 0.00 0.41 0.34 0.90
3226,0.77 14 0.37 0.02 0.62 0.350.70 14 0.28 0.28 0.64 0.610.46 14 0.12 0.39 0.28 0.580.69 14 0.18 0.07 0.27 0.220.33 14 0.53 0.08 1.00 1.000.79 14 0.01 0.07 0.30 0.560.43 14 0.53 0.20 1.00 0.980.32 14 0.52 0.17 0.99 0.430.37 14 0.53 0.18 0.96 0.610.63 14 0.12 0.17 0.39 0.590.62 14 0.36 0.02 0.65 0.350.31 14 0.01 0.03 0.64 0.600.86 14 0.66 0.03 0.99 0.330.78 14 0.00 0.17 0.38 0.580.34 14 0.34 0.29 0.63 0.610.51 14 0.27 0.03 0.64 0.610.32 14 0.00 0.17 0.56 0.610.36 14 0.01 0.14 1.00 1.000.43 14 0.00 0.27 0.96 1.000.42 14 0.53 0.13 1.00 0.610.30 14 0.12 0.28 0.56 0.600.51 14 0.28 0.17 0.98 0.610.36 14 0.64 0.03 0.91 0.34
3227,0.40 14 0.19 0.47 0.30 0.670.52 14 0.04 0.02 0.21 0.580.56 14 0.19 0.45 0.35 0.660.90 14 0.05 0.02 0.31 0.680.52 14 0.37 0.00 0.77 0.510.43 14 0.04 0.02 0.18 0.550.39 14 0.05 0.02 0.31 0.460.31 14 0.04 0.03 0.21 0.380.72 14 0.21 0.01 0.87 1.000.64 14 0.20 0.47 0.35 0.660.33 14 0.24 0.00 0.86 0.66
3228,0.75 6 0.12 0.20 0.70 0.53
3229,0.0 1 0.0 0.0 10.0 10.0
3230,0.33 6 0.27 0.59 0.51 0.75
3231,0.92 14 0.15 0.41 0.43 0.88
3232,0.39 4 0.54 0.09 0.58 0.170.33 15 0.68 0.04 0.74 0.170.30 8 0.05 0.41 0.33 0.67
3233,0.89 14 0.57 0.45 0.84 0.740.40 14 0.16 0.36 0.45 0.750.60 14 0.02 0.36 0.33 0.750.41 14 0.25 0.56 0.45 0.750.80 14 0.45 0.30 0.62 0.660.33 14 0.00 0.36 0.46 1.000.83 14 0.02 0.50 0.09 0.660.37 14 0.00 0.51 0.21 0.750.83 14 0.00 0.36 0.43 0.750.31 14 0.55 0.44 0.65 0.750.90 14 0.41 0.30 0.62 0.730.55 14 0.00 0.36 0.45 1.000.33 14 0.00 0.48 0.21 0.750.71 14 0.57 0.45 0.85 0.750.58 14 0.00 0.49 0.21 0.750.86 14 0.43 0.54 0.56 0.750.47 14 0.61 0.44 0.67 0.540.45 14 0.56 0.44 0.65 0.750.40 14 0.03 0.50 0.08 0.600.45 14 0.57 0.45 0.85 0.73
3234,0.0 1 0.0 0.0 10.0 10.0
3235,0.48 14 0.39 0.25 0.51 0.450.61 14 0.40 0.26 0.52 0.460.90 14 0.39 0.25 0.52 0.54
3236,0.0 1 0.0 0.0 10.0 10.0
3237,0.89 6 0.00 0.62 0.30 0.86
3238,0.0 1 0.0 0.0 10.0 10.0
3239,0.66 14 0.49 0.01 0.53 0.100.31 14 0.01 0.11 0.54 1.000.50 14 0.17 0.10 0.54 0.740.85 6 0.01 0.03 0.19 0.120.70 6 0.66 0.06 0.84 0.150.70 14 0.29 0.01 0.33 0.100.56 6 0.76 0.05 0.84 0.150.72 6 0.00 0.03 0.14 0.120.56 6 0.66 0.05 0.90 0.160.69 14 0.14 0.12 0.26 0.550.87 14 0.19 0.00 0.25 0.100.37 14 0.14 0.11 0.50 1.000.42 6 0.10 0.03 0.19 0.110.81 14 0.00 0.12 0.25 0.720.65 14 0.22 0.01 0.25 0.100.36 14 0.16 0.10 0.95 1.000.58 6 0.04 0.03 0.19 0.120.67 14 0.27 0.01 0.31 0.100.62 6 0.00 0.03 0.11 0.110.30 14 0.16 0.11 0.55 0.740.48 6 0.13 0.05 0.20 0.110.66 6 0.65 0.08 0.74 0.140.41 6 0.07 0.03 0.17 0.120.35 6 0.70 0.05 0.87 0.150.82 6 0.67 0.06 0.83 0.15
3240,0.0 1 0.0 0.0 10.0 10.0
3241,0.50 14 0.37 0.42 0.41 0.480.38 14 0.37 0.43 0.42 0.520.30 14 0.30 0.42 0.42 0.510.66 14 0.37 0.43 0.42 0.530.71 14 0.34 0.43 0.42 0.54
3242,0.0 1 0.0 0.0 10.0 10.0
3243,0.0 1 0.0 0.0 10.0 10.0
3244,0.35 14 0.02 0.00 0.99 1.00
3245,0.42 14 0.54 0.22 0.91 1.000.63 14 0.00 0.07 0.30 0.670.77 14 0.76 0.06 0.82 0.220.36 14 0.55 0.23 0.89 1.000.78 14 0.55 0.20 0.79 0.520.51 14 0.49 0.21 0.80 1.000.64 14 0.01 0.18 0.43 0.670.43 14 0.00 0.06 0.41 0.670.52 14 0.18 0.19 0.44 0.670.55 14 0.00 0.05 0.30 0.670.47 14 0.19 0.19 0.43 0.490.68 14 0.20 0.18 0.43 0.470.67 14 0.00 0.26 0.32 0.670.36 14 0.49 0.30 0.62 0.480.73 14 0.44 0.27 0.64 0.490.63 14 0.16 0.08 0.33 0.300.47 14 0.00 0.05 0.46 1.000.38 14 0.09 0.07 0.33 0.300.49 14 0.00 0.04 0.31 1.000.49 14 0.60 0.21 0.78 0.540.49 14 0.51 0.20 0.88 0.660.71 14 0.53 0.20 0.81 0.520.34 14 0.54 0.21 0.88 0.670.46 14 0.52 0.29 0.61 0.480.53 14 0.48 0.21 0.91 1.000.49 14 0.63 0.06 0.75 0.22
3246,0.95 14 0.29 0.28 0.43 0.65
3247,0.42 8 0.17 0.52 0.28 0.660.61 8 0.30 0.55 0.42 0.67
3248,0.91 14 0.47 0.13 0.58 0.330.56 1 0.11 0.39 0.64 0.680.34 1 0.12 0.39 0.58 0.670.61 14 0.16 0.09 0.30 0.520.72 14 0.00 0.11 0.11 0.250.77 14 0.57 0.16 0.67 0.320.85 14 0.16 0.09 0.47 0.630.31 1 0.11 0.38 0.64 0.680.67 14 0.42 0.13 0.58 0.650.76 14 0.17 0.09 0.30 0.400.31 14 0.17 0.09 0.30 0.500.49 14 0.00 0.10 0.08 0.240.43 14 0.17 0.09 0.29 0.300.33 14 0.17 0.09 0.30 0.540.93 14 0.57 0.16 0.67 0.32
3249,0.0 1 0.0 0.0 10.0 10.0
3250,0.92 14 0.35 0.08 0.46 0.240.40 4 0.42 0.35 0.47 0.450.85 14 0.15 0.08 0.22 0.270.34 8 0.00 0.44 0.11 0.670.91 14 0.14 0.14 0.27 0.390.94 14 0.53 0.15 0.61 0.400.66 14 0.61 0.22 0.79 0.510.88 14 0.00 0.20 0.18 0.520.38 14 0.45 0.15 0.77 0.450.54 14 0.21 0.14 0.33 0.360.67 4 0.48 0.33 0.54 0.450.65 14 0.44 0.27 0.54 0.390.84 14 0.22 0.15 0.30 0.300.86 14 0.14 0.08 0.22 0.380.93 14 0.00 0.20 0.26 0.540.59 14 0.21 0.17 0.28 0.320.94 14 0.61 0.22 0.79 0.570.34 14 0.44 0.15 0.80 0.570.38 14 0.43 0.26 0.64 0.510.40 14 0.53 0.26 0.61 0.380.90 14 0.58 0.15 0.68 0.41
3251,0.69 14 0.36 0.14 0.58 0.430.48 14 0.46 0.13 0.58 0.410.31 14 0.25 0.21 0.54 1.000.34 14 0.37 0.38 0.53 0.510.59 14 0.15 0.32 0.26 0.510.50 14 0.00 0.15 0.22 0.510.34 14 0.47 0.21 0.80 0.660.40 14 0.14 0.29 0.39 0.560.55 14 0.32 0.21 0.48 0.440.92 14 0.10 0.29 0.26 0.510.44 14 0.00 0.13 0.15 0.390.39 14 0.36 0.20 0.59 0.630.63 14 0.30 0.20 0.54 0.500.72 14 0.10 0.21 0.22 0.360.33 14 0.00 0.14 0.20 0.390.67 14 0.29 0.21 0.49 0.500.33 14 0.15 0.31 0.25 0.480.70 14 0.38 0.02 0.80 0.660.43 14 0.09 0.21 0.25 0.52
3252,0.0 1 0.0 0.0 10.0 10.0
3253,0.0 1 0.0 0.0 10.0 10.0
3254,0.0 1 0.0 0.0 10.0 10.0
3255,0.45 14 0.00 0.16 0.57 1.00
3256,0.93 14 0.09 0.20 0.50 0.97
3257,0.37 6 0.11 0.03 0.88 0.590.35 6 0.11 0.15 0.87 0.60
3258,0.67 14 0.34 0.44 0.48 0.850.45 14 0.32 0.44 0.47 0.740.32 14 0.35 0.44 0.46 0.660.40 14 0.35 0.44 0.46 0.740.77 14 0.35 0.44 0.46 0.600.73 14 0.35 0.44 0.47 0.74
3259,0.61 14 0.13 0.05 0.68 0.760.34 14 0.12 0.06 0.28 0.380.41 14 0.28 0.38 0.46 0.770.83 14 0.15 0.02 0.53 0.770.39 14 0.12 0.14 0.45 0.770.48 14 0.12 0.14 0.26 0.35
3260,0.72 6 0.35 0.29 0.50 0.350.47 14 0.55 0.27 0.65 0.410.97 14 0.15 0.27 0.22 0.490.94 14 0.50 0.25 0.56 0.350.33 14 0.11 0.31 0.16 0.370.97 14 0.22 0.26 0.32 0.510.79 14 0.10 0.31 0.16 0.420.77 14 0.49 0.25 0.57 0.41
3261,0.0 1 0.0 0.0 10.0 10.0
3262,0.31 14 0.02 0.00 0.77 0.67
3263,0.32 14 0.07 0.13 0.57 0.670.58 14 0.08 0.00 0.74 0.68
3264,0.38 14 0.19 0.11 0.65 1.000.75 14 0.19 0.10 0.62 0.640.37 14 0.06 0.27 0.17 0.370.32 14 0.37 0.15 0.66 0.660.39 14 0.35 0.10 0.64 0.660.59 14 0.00 0.11 0.62 0.660.93 14 0.00 0.27 0.21 0.670.59 14 0.18 0.11 0.65 0.650.44 14 0.05 0.27 0.19 0.410.39 14 0.04 0.27 0.20 0.430.32 14 0.06 0.27 0.17 0.360.98 14 0.73 0.29 0.91 0.67
3265,0.93 14 0.65 0.51 0.74 0.750.30 14 0.65 0.51 0.84 0.750.33 14 0.55 0.51 0.74 0.74
3266,0.87 14 0.20 0.08 0.34 0.350.66 14 0.02 0.08 0.09 0.360.33 14 0.02 0.08 0.16 0.360.38 14 0.03 0.12 0.08 0.19
3267,0.69 14 0.44 0.35 0.47 0.430.82 14 0.31 0.33 0.47 0.680.46 14 0.00 0.34 0.03 0.450.89 14 0.17 0.36 0.20 0.460.68 14 0.03 0.34 0.07 0.420.82 14 0.29 0.33 0.38 0.650.85 14 0.29 0.33 0.37 0.580.97 14 0.02 0.31 0.17 0.750.71 14 0.20 0.38 0.24 0.450.55 14 0.16 0.36 0.20 0.550.95 14 0.54 0.35 0.61 0.580.36 14 0.13 0.35 0.17 0.450.93 14 0.73 0.39 0.82 0.570.81 14 0.61 0.35 0.64 0.43
3268,0.74 6 0.18 0.43 0.22 0.470.52 6 0.21 0.43 0.25 0.470.50 6 0.28 0.35 0.38 0.480.43 6 0.18 0.43 0.22 0.460.83 6 0.13 0.42 0.18 0.460.40 6 0.23 0.42 0.27 0.47
3269,0.58 14 0.36 0.25 0.57 0.75
3270,0.65 14 0.40 0.15 0.58 0.440.38 14 0.15 0.36 0.83 0.750.43 14 0.17 0.39 0.58 0.760.35 14 0.40 0.15 0.58 0.560.37 14 0.17 0.16 0.60 0.750.89 14 0.41 0.15 0.59 0.750.41 14 0.15 0.36 0.83 0.73
3271,0.38 14 0.38 0.26 0.60 0.44
3272,0.64 6 0.01 0.09 0.98 0.710.37 6 0.26 0.22 0.66 0.37
3273,0.89 14 0.42 0.30 0.46 0.410.94 14 0.37 0.30 0.42 0.420.50 14 0.38 0.30 0.43 0.43
3274,0.59 6 0.68 0.31 0.78 0.350.31 6 0.67 0.30 0.88 0.350.89 14 0.38 0.33 0.42 0.43
3275,0.53 14 0.16 0.26 0.48 0.770.33 1 0.01 0.26 0.53 0.810.31 14 0.57 0.38 0.67 0.570.39 1 0.23 0.31 0.51 0.580.37 14 0.57 0.36 0.67 0.58
3276,0.0 1 0.0 0.0 10.0 10.0
3277,0.50 14 0.14 0.18 0.41 0.650.54 14 0.15 0.00 0.57 0.670.36 14 0.03 0.00 0.58 1.00
3278,0.0 1 0.0 0.0 10.0 10.0
3279,0.0 1 0.0 0.0 10.0 10.0
3280,0.33 6 0.68 0.36 0.74 0.380.34 6 0.50 0.35 0.59 0.380.32 6 0.50 0.35 0.59 0.38
3281,0.0 1 0.0 0.0 10.0 10.0
3282,0.73 14 0.46 0.00 0.63 0.340.35 1 0.04 0.09 0.78 0.530.91 14 0.71 -0.00 0.90 0.65
3283,0.0 1 0.0 0.0 10.0 10.0
3284,0.90 14 0.37 0.55 0.66 1.00
3285,0.49 14 0.00 0.07 0.44 0.640.36 14 0.06 0.07 0.62 0.640.58 14 0.47 0.53 0.63 0.640.38 14 0.06 0.04 0.43 0.530.70 14 0.00 0.03 0.58 1.000.31 14 0.06 0.13 0.26 0.420.35 14 0.00 0.04 0.40 1.000.34 14 0.00 0.04 0.71 1.000.42 14 0.06 0.22 0.18 0.40
3286,0.36 14 0.09 0.66 0.54 1.000.60 14 0.08 0.15 0.68 0.900.32 14 0.35 0.16 0.68 0.910.45 14 0.08 0.16 0.69 1.000.73 14 0.36 0.15 0.68 0.91
3287,0.32 1 0.26 0.36 0.45 0.58
3288,0.56 14 0.07 0.23 0.36 0.530.89 14 0.06 0.23 0.37 0.83
3289,0.54 14 0.24 0.45 0.50 0.660.74 14 0.43 0.41 0.54 0.590.36 14 0.13 0.43 0.39 0.670.54 14 0.54 0.26 0.70 0.620.36 14 0.24 0.45 0.44 0.660.50 14 0.19 0.26 0.35 0.630.70 14 0.24 0.45 0.43 0.660.89 14 0.66 0.22 0.74 0.400.66 14 0.75 0.25 0.83 0.420.86 14 0.55 0.26 0.69 0.450.80 14 0.02 0.46 0.44 1.000.57 14 0.66 0.22 0.84 0.620.32 14 0.23 0.38 0.36 0.660.45 14 0.66 0.23 0.83 0.540.91 14 0.20 0.25 0.33 0.410.32 14 0.12 0.46 0.43 0.670.67 14 0.12 0.27 0.36 0.670.57 14 0.30 0.39 0.54 0.650.36 14 0.19 0.26 0.34 0.500.91 14 0.54 0.26 0.71 0.660.76 14 0.42 0.41 0.54 0.660.39 14 0.43 0.27 0.71 0.670.54 14 0.55 0.37 0.71 0.650.73 14 0.65 0.22 0.75 0.44
3290,0.83 6 0.86 0.25 1.00 0.380.38 6 0.85 0.25 1.00 0.440.38 6 0.87 0.25 1.00 0.330.96 14 0.24 0.28 0.42 0.680.96 14 0.05 0.26 0.12 0.42
3291,0.34 8 0.73 0.39 0.88 0.67
3292,0.94 14 0.40 0.13 0.78 0.67
3293,0.76 6 0.26 0.38 0.80 0.61
3294,0.0 1 0.0 0.0 10.0 10.0
3295,0.0 1 0.0 0.0 10.0 10.0
3296,0.0 1 0.0 0.0 10.0 10.0
3297,0.49 14 0.18 0.09 0.26 0.44
3298,0.96 14 0.24 0.17 0.43 0.660.71 14 0.49 0.14 0.67 0.660.82 14 0.39 0.15 0.55 0.670.92 14 0.40 0.14 0.67 0.67
3299,0.92 14 0.28 0.52 0.43 0.820.77 14 0.10 0.48 0.22 0.640.34 14 0.16 0.52 0.43 0.880.66 15 0.22 0.56 0.29 0.650.41 15 0.22 0.46 0.30 0.660.91 14 0.09 0.47 0.23 0.890.62 14 0.09 0.48 0.23 0.660.33 14 0.28 0.52 0.43 0.73
3300,0.0 1 0.0 0.0 10.0 10.0
3301,0.0 1 0.0 0.0 10.0 10.0
3302,0.80 6 0.08 0.26 0.16 0.290.31 6 0.05 0.26 0.13 0.290.37 6 0.05 0.26 0.16 0.300.33 6 0.06 0.25 0.15 0.29
3303,0.35 6 0.05 0.19 0.87 0.630.83 6 0.05 0.19 0.87 0.610.87 14 0.00 0.41 0.03 0.52
3304,0.59 14 0.00 0.33 0.64 0.99
3305,0.81 14 0.52 0.23 0.85 1.000.40 14 0.01 0.00 0.47 0.660.55 14 0.15 -0.00 0.50 0.660.39 14 0.00 0.00 0.08 0.300.39 14 0.52 0.33 0.63 0.660.31 14 0.15 0.00 0.50 0.510.41 14 0.00 0.00 0.52 1.000.76 14 0.52 0.23 0.84 0.670.45 14 0.51 0.23 0.96 1.00
3306,0.33 14 0.36 0.33 0.50 0.550.90 14 0.37 0.37 0.66 0.670.34 14 0.72 0.26 0.84 0.660.93 14 0.36 0.33 0.51 0.670.38 6 0.29 0.46 0.38 0.540.98 14 0.67 0.25 0.84 0.67
3307,0.75 4 0.52 0.34 0.58 0.550.33 14 0.06 0.23 0.31 0.640.39 8 0.65 0.35 0.83 0.470.43 8 0.07 0.54 0.23 0.670.96 14 0.45 0.16 0.60 0.490.95 14 0.06 0.22 0.32 0.670.54 4 0.52 0.34 0.58 0.55
3308,0.39 14 0.00 0.33 0.32 0.650.93 14 0.45 0.03 0.59 0.230.76 14 0.01 0.13 0.32 0.550.65 14 0.76 0.13 1.00 0.630.72 14 0.01 0.04 0.34 0.520.78 14 0.02 0.13 0.19 0.520.66 14 0.18 0.02 0.34 0.290.75 14 0.66 0.04 0.92 0.320.94 14 0.01 0.33 0.33 0.660.85 14 0.16 0.02 0.35 0.340.89 14 0.68 0.12 1.00 0.570.37 14 0.00 0.13 0.21 0.670.38 14 0.65 0.04 0.98 0.570.90 14 0.67 0.03 0.81 0.24
3309,0.0 1 0.0 0.0 10.0 10.0
3310,0.97 14 0.03 0.26 0.09 0.400.60 6 0.05 0.14 0.93 0.65
3311,0.73 14 0.32 0.05 0.55 0.380.90 14 0.25 0.07 0.58 0.510.36 14 0.00 0.11 0.57 1.00
3312,0.0 1 0.0 0.0 10.0 10.0
3313,0.30 8 0.08 0.41 0.31 0.740.37 8 0.53 0.45 0.88 0.930.48 8 0.54 0.44 0.88 0.930.39 8 0.57 0.45 0.88 0.930.34 8 0.51 0.48 0.71 0.880.40 8 0.08 0.41 0.31 0.740.53 19 0.41 0.39 0.54 0.570.59 8 0.07 0.41 0.31 1.000.36 8 0.08 0.41 0.31 0.740.33 19 0.41 0.39 0.54 0.57
3314,0.0 1 0.0 0.0 10.0 10.0
3315,0.0 1 0.0 0.0 10.0 10.0
3316,0.85 6 0.08 0.38 0.83 0.86
3317,0.49 14 0.26 0.40 0.62 0.970.33 14 0.42 0.39 0.62 0.710.51 14 0.78 0.81 0.89 1.000.85 14 0.84 0.82 0.89 0.920.44 14 0.83 0.68 0.89 0.920.80 14 0.78 0.67 0.89 1.000.40 14 0.58 0.39 0.77 0.640.33 14 0.42 0.41 0.77 0.820.34 14 0.26 0.43 0.42 0.750.75 14 0.53 0.39 0.63 0.580.89 14 0.02 0.42 0.42 0.920.78 14 0.00 0.46 0.17 0.910.48 14 0.03 0.40 0.78 0.970.63 14 0.26 0.42 0.42 0.660.47 14 0.42 0.39 0.63 0.750.68 14 0.42 0.39 0.78 0.98
3318,0.32 14 0.00 0.14 0.11 1.000.84 14 0.02 0.15 0.34 1.000.51 14 0.13 0.15 0.81 1.00
3319,0.0 1 0.0 0.0 10.0 10.0
3320,0.33 14 0.15 0.16 0.58 1.000.60 14 0.10 0.16 0.58 1.000.39 14 0.15 0.01 0.57 1.000.89 14 0.00 0.01 0.57 1.000.34 14 0.00 0.24 0.24 1.00
3321,0.74 14 0.50 0.14 0.53 0.200.66 14 0.42 0.14 0.45 0.180.45 6 0.60 0.15 1.00 0.330.84 14 0.71 0.12 0.77 0.190.77 14 0.96 0.09 1.00 0.150.46 14 0.44 0.13 0.47 0.180.93 14 0.17 0.15 0.24 0.240.61 14 0.73 0.12 0.77 0.170.58 14 0.92 0.11 0.95 0.140.53 6 0.12 0.17 0.58 0.390.65 14 0.86 0.11 0.91 0.150.94 14 0.00 0.17 0.06 0.300.64 14 0.25 0.15 0.30 0.210.41 14 0.54 0.13 0.59 0.280.86 14 0.45 0.14 0.50 0.210.88 6 0.11 0.17 0.58 0.390.48 14 0.73 0.12 0.78 0.190.94 14 0.07 0.16 0.13 0.280.65 14 0.35 0.14 0.37 0.170.81 6 0.62 0.15 0.79 0.230.94 14 0.54 0.13 0.60 0.280.84 14 0.86 0.10 0.91 0.150.58 14 0.61 0.14 0.64 0.270.91 6 0.61 0.14 1.00 0.330.46 14 0.70 0.13 0.73 0.16
3322,0.0 1 0.0 0.0 10.0 10.0
3323,0.30 6 0.00 0.31 0.76 0.99
3324,0.63 14 0.38 0.34 0.47 0.430.90 14 0.38 0.35 0.56 0.490.46 6 0.56 0.26 0.63 0.32
3325,0.36 14 0.41 0.14 0.55 0.610.94 14 0.20 0.09 0.48 0.670.48 14 0.82 0.19 0.92 0.460.85 14 0.82 0.19 0.92 0.440.34 14 0.20 0.09 0.46 0.540.69 14 0.42 0.13 0.56 0.670.30 14 0.20 0.11 0.56 0.660.93 14 0.51 0.11 0.85 0.670.38 14 0.69 0.13 0.85 0.51
3326,0.0 1 0.0 0.0 10.0 10.0
3327,0.32 15 0.09 0.10 0.62 0.890.35 15 0.09 0.09 0.64 0.89
3328,0.78 14 0.35 0.26 0.51 0.510.92 14 0.27 0.43 0.60 1.000.75 6 0.65 0.54 0.73 0.580.46 14 0.35 0.26 0.52 0.590.37 14 0.28 0.26 0.55 1.000.37 14 0.29 0.26 0.52 0.750.96 14 0.03 0.51 0.29 1.000.46 4 0.67 0.65 0.71 0.750.35 14 0.26 0.55 0.60 1.00
3329,0.0 1 0.0 0.0 10.0 10.0
3330,0.48 14 0.10 0.30 0.26 0.56
3331,0.42 6 0.55 0.34 0.64 0.420.86 6 0.23 0.42 0.36 0.510.88 6 0.55 0.35 0.64 0.42
3332,0.34 1 0.06 0.36 0.33 0.690.51 1 0.07 0.42 0.33 0.690.34 1 0.04 0.25 0.37 0.69
3333,0.91 14 0.19 0.21 0.27 0.300.65 14 0.42 0.34 0.50 0.430.76 14 0.43 0.34 0.50 0.48
3334,0.0 1 0.0 0.0 10.0 10.0
3335,0.80 6 0.19 0.29 0.82 0.630.70 6 0.21 0.02 0.76 0.32
3336,0.0 1 0.0 0.0 10.0 10.0
3337,0.93 14 0.11 0.06 0.48 1.00
3338,0.89 14 0.00 0.67 0.25 1.000.41 14 0.00 0.68 0.09 1.000.68 14 0.50 0.11 0.88 1.000.53 14 0.65 0.04 0.81 0.390.37 14 0.78 0.12 0.89 1.000.35 14 0.04 0.04 0.33 0.890.34 14 0.79 0.12 0.89 0.330.67 14 0.01 0.03 0.58 1.000.76 14 0.00 0.02 0.50 1.000.36 14 0.50 0.76 0.86 1.000.35 14 0.62 0.02 0.88 1.000.64 14 0.79 0.11 0.88 0.520.49 14 0.50 0.00 0.88 1.00
3339,0.47 6 0.64 0.28 0.88 0.570.67 6 0.00 0.12 0.63 1.000.72 6 0.50 0.23 0.89 0.600.45 6 0.66 0.28 0.89 0.57
3340,0.31 1 0.48 0.51 0.70 0.950.71 14 0.43 0.11 0.69 0.820.92 14 0.44 0.11 0.75 0.820.38 1 0.49 0.51 0.70 0.860.71 1 0.49 0.52 0.71 0.95
3341,0.84 6 0.12 0.41 0.66 0.85
3342,0.33 4 0.26 0.28 0.30 0.380.68 14 0.43 0.06 0.79 0.69
3343,0.63 8 0.00 0.52 0.06 0.93
3344,0.71 14 0.16 0.33 0.67 1.000.31 14 0.16 0.01 0.73 1.000.48 14 0.16 0.01 0.88 1.000.66 14 0.27 0.33 0.56 1.00
3345,0.55 14 0.66 0.37 0.84 0.63
3346,0.52 14 0.51 0.18 0.55 0.380.43 14 0.38 0.08 0.53 0.430.57 14 0.44 0.19 0.54 0.410.60 14 0.23 0.08 0.55 0.640.85 14 0.51 0.19 0.57 0.380.69 14 0.42 0.19 0.54 0.420.37 14 0.33 0.08 0.46 0.320.90 14 0.23 0.08 0.46 0.640.31 14 0.32 0.08 0.46 0.380.44 14 0.36 0.08 0.46 0.280.80 14 0.58 0.18 0.64 0.31
3347,0.82 6 0.04 0.17 0.70 0.54
3348,0.67 15 0.34 0.08 0.42 0.190.47 15 0.34 0.11 0.41 0.190.32 4 0.07 0.28 0.16 0.600.37 15 0.34 0.11 0.41 0.20
3349,0.0 1 0.0 0.0 10.0 10.0
3350,0.85 6 0.04 0.07 0.78 0.51
3351,0.67 14 0.16 0.33 0.39 0.58
3352,0.45 6 0.00 0.14 0.09 0.300.43 6 0.53 0.13 0.80 0.410.38 6 0.00 0.11 0.09 0.300.49 14 0.16 0.09 0.18 0.150.31 6 0.49 0.13 0.69 0.250.86 14 0.43 0.05 0.51 0.150.40 14 0.12 0.08 0.14 0.160.42 14 0.00 0.07 0.03 0.120.86 6 0.00 0.11 0.09 0.300.45 14 0.15 0.08 0.18 0.150.84 6 0.10 0.09 0.64 0.540.47 6 0.53 0.11 0.80 0.420.91 14 0.09 0.08 0.12 0.200.32 14 0.05 0.08 0.07 0.140.32 6 0.49 0.00 0.80 0.420.37 14 0.07 0.09 0.09 0.19
3353,0.35 6 0.37 0.96 0.50 1.00
3354,0.0 1 0.0 0.0 10.0 10.0
3355,0.0 1 0.0 0.0 10.0 10.0
3356,0.94 14 0.44 0.35 0.57 0.83
3357,0.0 1 0.0 0.0 10.0 10.0
3358,0.96 14 0.71 0.33 1.00 1.000.96 14 0.24 0.20 0.44 0.650.57 14 0.70 0.21 0.82 0.670.96 14 0.43 0.20 0.59 0.600.35 14 0.00 0.22 0.42 1.000.96 14 0.00 0.23 0.31 1.000.96 14 0.70 0.20 0.82 0.580.62 14 0.42 0.21 0.59 0.73
3359,0.0 1 0.0 0.0 10.0 10.0
3360,0.36 1 0.10 0.50 0.44 1.000.41 1 0.19 0.51 0.45 1.000.72 1 0.14 0.50 0.45 1.000.95 14 0.19 0.04 0.49 0.880.41 1 0.19 0.51 0.39 1.00
3361,0.37 15 0.66 0.50 0.85 0.670.46 14 0.37 0.00 0.43 0.090.38 15 0.57 0.60 0.68 0.670.42 14 0.24 0.03 0.38 0.340.47 14 0.24 0.01 0.38 0.310.47 15 0.46 0.45 0.63 0.660.33 15 0.48 0.29 0.68 0.660.52 15 0.55 0.48 0.67 0.620.50 14 0.14 0.19 0.19 0.320.47 14 0.65 0.02 0.71 0.10
3362,0.0 1 0.0 0.0 10.0 10.0
3363,0.35 14 0.64 0.12 0.70 0.170.37 14 0.19 0.19 0.40 0.590.89 14 0.37 0.05 0.71 0.410.65 14 0.00 0.19 0.49 1.000.46 14 0.00 0.19 0.40 1.000.44 14 0.00 0.19 0.39 0.61
3364,0.30 4 0.44 0.13 0.52 0.280.91 14 0.10 0.04 0.56 0.92
3365,0.49 6 0.01 0.14 0.82 0.550.31 6 0.01 0.15 0.71 0.560.43 6 0.01 0.03 0.83 0.55
3366,0.58 14 0.00 0.37 0.05 0.610.82 14 0.00 0.58 0.30 0.990.91 14 0.28 0.04 0.52 0.380.55 14 0.00 0.58 0.19 0.890.44 14 0.00 0.17 0.30 0.610.30 14 0.25 0.32 0.50 0.860.89 14 0.03 0.17 0.29 0.570.36 14 0.28 0.04 0.52 0.530.38 14 0.07 0.33 0.41 0.950.35 14 0.28 0.04 0.53 0.540.45 14 0.00 0.36 0.15 0.610.47 14 0.00 0.37 0.16 0.610.59 14 0.30 0.30 0.51 0.540.75 14 0.06 0.17 0.27 0.480.31 14 0.05 0.31 0.62 0.970.61 14 0.00 0.17 0.27 0.620.52 14 0.00 0.58 0.19 1.000.74 14 0.30 0.31 0.51 0.530.86 14 0.32 0.31 0.62 0.59
3367,0.93 14 0.14 0.19 0.31 0.67
3368,0.84 6 0.53 0.38 0.93 0.61
3369,0.0 1 0.0 0.0 10.0 10.0
3370,0.94 14 0.22 0.34 0.45 0.870.65 14 0.00 0.09 0.09 0.270.81 14 0.00 0.06 0.20 1.00
3371,0.74 14 0.36 0.03 0.55 0.530.44 14 0.34 0.03 0.64 0.560.92 14 0.34 0.10 0.58 0.560.31 6 0.73 0.49 0.81 0.58
3372,0.31 8 0.60 0.41 0.87 0.72
3373,0.31 6 0.71 0.10 0.78 0.230.36 6 0.77 0.06 0.99 0.240.52 6 0.78 0.07 0.85 0.120.81 6 0.84 0.05 0.98 0.210.51 6 0.39 0.09 0.78 0.240.36 13 0.14 0.31 0.70 0.690.30 6 0.78 0.08 0.87 0.230.34 6 0.76 0.05 0.98 0.230.33 6 0.54 0.10 0.69 0.230.42 6 0.85 0.05 0.97 0.130.36 6 0.75 0.07 0.99 0.230.86 6 0.77 0.06 0.98 0.230.68 6 0.71 0.10 0.79 0.22
3374,0.63 4 0.52 0.81 0.58 0.930.46 4 0.52 0.81 0.58 0.930.32 14 0.15 0.09 0.38 0.940.58 14 0.00 0.08 0.38 0.95
3375,0.76 14 0.00 0.48 0.15 0.740.38 14 0.71 0.42 0.88 0.750.41 14 0.08 0.24 0.35 0.760.33 14 0.74 0.43 0.88 0.750.78 14 0.41 0.49 0.55 0.680.38 14 0.07 0.24 0.38 1.000.68 14 0.00 0.47 0.16 1.000.88 14 0.60 0.42 0.87 0.750.51 14 0.22 0.49 0.54 0.740.71 14 0.60 0.42 0.88 1.00
3376,0.53 14 0.41 0.29 0.52 0.520.49 14 0.33 0.34 0.44 0.600.95 14 0.27 0.52 0.47 0.920.40 14 0.31 0.34 0.44 0.690.90 14 0.42 0.29 0.51 0.580.86 14 0.33 0.36 0.45 0.62
3377,0.0 1 0.0 0.0 10.0 10.0
3378,0.46 14 0.20 0.19 0.41 0.670.52 14 0.21 0.08 0.70 0.750.57 14 0.20 0.19 0.46 0.670.35 14 0.21 0.19 0.44 0.650.35 14 0.21 0.20 0.49 0.770.31 14 0.64 0.14 0.68 0.21
3379,0.75 14 0.32 0.05 0.49 0.480.61 14 0.30 0.20 0.52 0.700.92 14 0.29 0.16 0.51 0.660.67 6 0.66 0.52 0.73 0.600.51 6 0.59 0.54 0.67 0.60
3380,0.32 14 0.16 0.36 0.48 0.720.39 14 0.17 0.36 0.49 0.760.39 14 0.00 0.35 0.49 0.760.56 14 0.31 0.37 0.49 0.76
3381,0.0 1 0.0 0.0 10.0 10.0
3382,0.32 8 0.05 0.45 0.46 0.99
3383,0.0 1 0.0 0.0 10.0 10.0
3384,0.0 1 0.0 0.0 10.0 10.0
3385,0.69 14 0.01 0.02 0.60 1.000.66 14 0.19 0.05 0.60 1.00
3386,0.37 13 0.13 0.42 0.71 0.960.96 14 0.30 0.14 0.59 0.88
3387,0.38 8 0.19 0.38 0.30 0.520.45 8 0.50 0.52 0.85 1.000.49 8 0.17 0.38 0.31 0.750.35 8 0.33 0.49 0.48 0.670.38 8 0.50 0.51 0.63 0.720.33 8 0.07 0.39 0.29 0.830.50 8 0.18 0.41 0.30 0.880.54 8 0.50 0.53 0.85 1.000.31 8 0.09 0.39 0.20 0.51
3388,0.49 14 0.16 0.34 0.66 1.000.33 14 0.40 0.44 0.76 1.000.69 14 0.15 0.32 0.39 0.970.93 14 0.00 0.25 0.16 0.570.78 14 0.15 0.24 0.49 1.000.35 14 0.36 0.25 0.50 0.830.76 14 0.00 0.31 0.39 1.000.51 14 0.00 0.26 0.67 1.000.32 14 0.38 0.34 0.58 0.910.75 14 0.39 0.34 0.66 1.000.67 14 0.40 0.36 0.79 1.00
3389,0.43 1 0.03 0.17 0.81 0.92
3390,0.0 1 0.0 0.0 10.0 10.0
3391,0.79 14 0.00 0.08 0.53 1.00
3392,0.0 1 0.0 0.0 10.0 10.0
3393,0.48 15 0.45 0.24 0.52 0.330.96 14 0.42 0.27 0.47 0.470.44 15 0.45 0.38 0.51 0.460.64 15 0.34 0.37 0.40 0.470.53 15 0.70 0.28 0.77 0.370.52 15 0.24 0.29 0.30 0.370.31 15 0.23 0.28 0.29 0.360.71 15 0.49 0.37 0.56 0.46
3394,0.0 1 0.0 0.0 10.0 10.0
3395,0.0 1 0.0 0.0 10.0 10.0
3396,0.78 6 0.03 0.10 0.88 0.66
3397,0.50 14 0.47 0.03 0.50 0.070.76 14 0.00 0.02 0.15 0.160.61 6 0.55 0.05 0.67 0.170.31 6 0.00 0.03 0.68 0.990.81 14 0.00 0.02 0.15 0.240.86 6 0.56 0.06 0.67 0.17
3398,0.35 14 0.00 0.26 0.50 0.940.34 14 0.09 0.24 0.48 0.850.78 14 0.07 0.24 0.45 0.890.75 14 0.00 0.24 0.49 0.94
3399,0.71 14 0.28 0.24 0.52 0.750.95 14 0.88 0.27 1.00 0.740.71 14 0.15 0.24 0.50 0.750.71 14 0.28 0.39 0.53 0.750.31 14 0.16 0.38 0.53 0.720.31 14 0.23 0.31 0.35 0.640.53 14 0.15 0.30 0.35 0.750.65 14 0.09 0.32 0.13 0.400.54 14 0.26 0.24 0.50 0.74
3400,0.32 8 0.51 0.53 0.73 0.750.32 8 0.03 0.46 0.24 0.710.73 15 0.52 0.41 0.63 0.530.40 15 0.35 0.32 0.54 0.600.69 15 0.35 0.32 0.54 0.590.55 8 0.49 0.51 0.65 0.740.54 14 0.69 0.00 1.00 0.620.67 15 0.53 0.41 0.61 0.520.93 14 0.68 0.00 1.00 0.750.35 15 0.62 0.28 0.70 0.36
3401,0.71 14 0.39 0.22 0.53 0.310.41 14 0.78 0.31 0.90 0.510.54 14 0.78 0.29 1.00 0.530.84 14 0.81 0.24 0.92 0.380.82 14 0.38 0.23 0.57 0.480.56 14 0.40 0.23 0.46 0.300.91 14 0.79 0.24 0.92 0.50
3402,0.35 14 0.01 0.03 0.32 0.390.40 14 0.00 0.03 0.67 0.56
3403,0.40 14 0.00 0.01 0.49 0.670.32 14 0.13 0.01 0.51 0.660.36 14 0.01 0.01 0.44 0.670.40 14 0.28 0.55 0.43 0.660.39 14 0.34 0.01 0.66 0.660.48 14 0.17 0.01 0.45 0.660.38 14 0.00 0.00 0.60 1.00
3404,0.59 14 0.37 0.54 0.51 0.630.81 14 0.37 0.54 0.44 0.630.82 14 0.16 0.13 0.62 0.650.33 14 0.75 0.16 0.86 0.320.37 14 0.16 0.13 0.62 0.53
3405,0.86 14 0.32 0.09 0.53 0.350.69 14 0.71 0.15 0.75 0.180.39 14 0.33 0.09 0.50 0.230.40 14 0.31 0.10 0.64 0.440.53 6 0.46 0.59 0.56 0.630.47 14 0.29 0.11 0.63 0.44
3406,0.34 14 0.25 0.14 0.43 0.46
3407,0.46 14 0.00 0.01 0.37 1.000.37 14 0.00 0.00 0.64 1.00
3408,0.95 14 0.05 0.11 0.15 0.420.52 14 0.00 0.27 0.03 0.390.84 14 0.05 0.12 0.16 0.630.63 14 0.02 0.26 0.05 0.380.93 14 0.06 0.18 0.37 0.890.34 14 0.00 0.12 0.16 0.730.72 14 0.06 0.17 0.57 0.890.89 14 0.32 0.17 0.57 0.90
3409,0.0 1 0.0 0.0 10.0 10.0
3410,0.61 6 0.13 0.25 0.85 0.770.31 6 0.12 0.25 0.85 0.990.32 14 0.74 0.26 0.77 0.310.95 14 0.02 0.29 0.32 0.950.36 6 0.01 0.20 0.86 1.000.78 14 0.67 0.26 0.72 0.350.33 14 0.44 0.52 0.70 1.00
3411,0.30 1 0.48 0.45 0.58 0.560.32 1 0.48 0.43 0.58 0.560.48 1 0.23 0.44 0.34 0.550.81 14 0.01 0.45 0.05 0.520.35 1 0.48 0.47 0.57 0.560.53 1 0.26 0.48 0.34 0.560.56 14 0.23 0.42 0.27 0.490.30 1 0.25 0.48 0.34 0.560.56 14 0.23 0.42 0.27 0.490.32 14 0.28 0.47 0.33 0.540.44 1 0.48 0.45 0.58 0.560.86 14 0.50 0.41 0.57 0.540.71 1 0.48 0.45 0.58 0.56
3412,0.0 1 0.0 0.0 10.0 10.0
3413,0.0 1 0.0 0.0 10.0 10.0
3414,0.65 6 0.01 0.10 0.73 0.71
3415,0.44 14 0.39 0.03 0.70 0.430.72 14 0.33 0.13 0.71 1.000.38 14 0.00 0.38 0.05 1.000.71 14 0.00 0.37 0.05 0.530.82 14 0.00 0.37 0.06 0.810.37 14 0.08 0.30 0.25 1.000.35 14 0.47 0.14 0.70 0.480.95 14 0.08 0.30 0.39 1.000.39 14 0.33 0.46 0.69 1.00
3416,0.37 14 0.12 0.22 0.23 0.470.71 14 0.00 0.22 0.22 0.650.58 14 0.68 0.14 0.88 1.000.87 14 0.69 0.17 0.88 0.910.37 14 0.69 0.15 0.79 0.900.32 14 0.42 0.15 0.87 0.900.51 14 0.01 0.00 0.36 0.520.37 14 0.10 0.01 0.38 0.410.37 14 0.00 0.01 0.08 0.260.31 14 0.00 0.01 0.24 0.660.49 14 0.69 0.14 0.88 0.910.66 14 0.00 0.00 0.23 0.650.50 14 0.11 0.22 0.20 0.36
3417,0.0 1 0.0 0.0 10.0 10.0
3418,0.53 6 0.39 0.52 0.50 0.590.44 6 0.56 0.62 0.67 0.700.36 6 0.38 0.65 0.50 0.710.82 6 0.56 0.62 0.67 0.700.32 6 0.31 0.62 0.50 0.720.69 14 0.12 0.17 0.54 0.540.85 14 0.23 0.16 0.44 0.420.31 14 0.12 0.18 0.54 0.64
3419,0.94 14 0.38 0.54 0.54 0.880.30 14 0.37 0.55 0.49 0.690.94 14 0.02 0.72 0.11 0.870.53 14 0.01 0.72 0.11 1.00
3420,0.96 14 0.16 0.08 0.30 0.410.47 14 0.34 0.24 0.52 0.430.93 14 0.35 0.11 0.52 0.43
3421,0.60 15 0.62 0.06 0.79 0.260.36 15 0.62 0.00 0.79 0.26
3422,0.0 1 0.0 0.0 10.0 10.0
3423,0.32 14 0.23 0.04 0.40 0.470.49 14 0.23 0.02 0.64 1.000.56 14 0.21 0.43 0.36 0.740.37 14 0.17 0.04 0.37 0.740.40 14 0.23 0.43 0.35 0.620.65 14 0.24 0.42 0.52 1.000.48 14 0.23 0.05 0.37 0.460.32 14 0.24 0.03 0.60 0.730.43 14 0.19 0.01 0.36 0.460.43 14 0.23 0.02 0.74 1.000.61 14 0.25 0.22 0.35 0.46
3424,0.89 14 0.48 0.08 0.55 0.210.45 14 0.25 0.20 0.57 0.750.97 14 0.64 0.29 0.72 0.420.96 14 0.59 0.46 0.78 0.750.89 14 0.21 0.32 0.47 0.750.96 14 0.14 0.10 0.24 0.480.49 14 0.21 0.20 0.59 0.750.52 14 0.74 0.24 0.83 0.400.47 14 0.00 0.32 0.46 1.000.97 14 0.00 0.11 0.13 0.500.88 14 0.33 0.12 0.37 0.230.41 14 0.28 0.20 0.57 0.750.76 14 0.35 0.19 0.61 0.750.97 14 0.75 0.24 0.83 0.40
3425,0.80 6 0.07 0.65 0.60 0.84
3426,0.41 6 0.08 0.27 0.87 0.53
3427,0.37 14 0.46 0.48 0.70 0.750.32 14 0.32 0.02 0.35 0.08
3428,0.73 14 0.08 0.27 0.24 0.62
3429,0.70 14 0.43 0.25 0.51 0.390.32 14 0.28 0.28 0.43 0.600.93 14 0.13 0.41 0.24 0.610.63 14 0.41 0.25 0.56 0.610.48 14 0.39 0.25 0.53 0.540.74 14 0.13 0.29 0.32 0.620.56 14 0.34 0.28 0.40 0.340.50 14 0.28 0.27 0.44 0.620.96 14 0.53 0.23 0.67 0.65
3430,0.33 8 0.45 0.27 0.64 0.57
3431,0.44 14 0.41 0.33 0.44 0.380.33 6 0.63 0.33 0.86 0.730.41 6 0.62 0.33 0.85 0.730.35 6 0.65 0.32 0.73 0.350.84 6 0.29 0.35 0.36 0.390.67 6 0.36 0.33 0.42 0.370.53 6 0.01 0.35 0.12 0.430.60 6 0.05 0.36 0.18 0.440.33 6 0.01 0.36 0.11 0.430.43 6 0.01 0.35 0.19 0.440.91 6 0.02 0.35 0.19 0.440.34 6 0.48 0.34 0.61 0.450.49 6 0.47 0.34 0.69 0.460.33 6 0.48 0.33 0.85 0.74
3432,0.37 14 0.19 0.13 0.63 0.740.31 14 0.03 0.13 0.36 0.700.52 15 0.33 0.23 0.41 0.330.52 14 0.08 0.12 0.35 0.490.87 14 0.02 0.12 0.38 0.730.73 14 0.40 0.12 0.58 0.460.32 14 0.14 0.13 0.37 0.470.31 14 0.01 0.13 0.39 1.000.38 14 0.01 0.13 0.64 1.000.36 14 0.13 0.13 0.33 0.480.88 14 0.41 0.13 0.64 0.74
3433,0.49 14 0.16 0.23 0.71 1.000.64 14 0.49 0.23 0.80 0.750.73 14 0.15 0.23 0.30 0.430.60 14 0.48 0.23 0.68 0.740.37 14 0.00 0.00 0.69 1.000.35 14 0.00 0.00 0.28 1.000.35 14 0.15 0.23 0.84 1.000.36 14 0.16 0.23 0.69 0.75
3434,0.34 14 0.30 0.03 0.73 0.740.67 14 0.01 0.03 0.74 1.00
3435,0.0 1 0.0 0.0 10.0 10.0
3436,0.33 14 0.46 0.12 0.64 0.640.57 14 0.46 0.12 0.65 0.630.91 14 0.47 0.12 0.63 0.420.55 14 0.46 0.12 0.67 0.740.32 14 0.46 0.12 0.64 0.56
3437,0.72 15 0.21 0.25 0.35 0.530.52 15 0.20 0.26 0.34 0.47
3438,0.34 14 0.20 0.38 0.59 0.750.73 14 0.71 0.35 0.85 0.650.35 14 0.80 0.26 0.90 0.720.52 14 0.20 0.38 0.49 0.750.87 14 0.20 0.24 0.52 0.750.54 14 0.20 0.24 0.45 0.680.32 14 0.19 0.24 0.64 0.750.96 14 0.00 0.31 0.23 0.760.83 14 0.71 0.26 0.88 0.660.88 14 0.71 0.25 0.89 0.72
3439,0.96 14 0.32 0.29 0.47 0.470.71 14 0.23 0.23 0.30 0.330.81 14 0.64 0.34 0.79 0.560.47 14 0.20 0.44 0.37 0.590.62 14 0.74 0.28 0.88 0.740.89 14 0.14 0.29 0.35 0.650.64 14 0.76 0.28 0.87 0.450.82 14 0.82 0.15 0.89 0.310.92 14 0.57 0.28 0.73 0.420.77 14 0.02 0.32 0.15 0.670.37 14 0.62 0.29 0.88 0.550.46 14 0.02 0.47 0.34 0.740.32 14 0.32 0.29 0.48 0.600.58 14 0.19 0.25 0.33 0.560.68 14 0.14 0.26 0.38 0.700.51 14 0.81 0.15 0.89 0.390.37 14 0.15 0.25 0.33 0.580.90 14 0.00 0.32 0.26 0.750.57 14 0.20 0.28 0.34 0.560.45 14 0.81 0.15 0.89 0.450.39 14 0.66 0.37 0.78 0.560.68 14 0.57 0.35 0.88 0.650.43 14 0.32 0.33 0.45 0.460.62 14 0.57 0.28 0.76 0.590.92 14 0.76 0.28 0.88 0.540.45 14 0.58 0.29 0.70 0.510.87 14 0.56 0.35 0.88 0.75
3440,0.0 1 0.0 0.0 10.0 10.0
3441,0.0 1 0.0 0.0 10.0 10.0
3442,0.80 14 0.37 0.14 0.64 0.50
3443,0.70 14 0.37 0.01 0.53 0.300.91 14 0.26 0.28 0.58 0.670.33 14 0.06 0.30 0.34 0.660.38 14 0.05 0.26 0.58 0.670.41 14 0.38 0.01 0.52 0.240.73 14 0.06 0.14 0.43 0.590.43 14 0.38 0.11 0.64 0.470.50 14 0.05 0.02 0.59 0.660.34 14 0.12 0.14 0.44 0.540.39 14 0.26 0.15 0.64 0.670.34 14 0.08 0.03 0.51 0.540.42 14 0.05 0.21 0.34 0.670.46 14 0.08 0.22 0.34 0.560.39 14 0.26 0.14 0.69 0.660.34 14 0.45 0.18 0.62 0.46
3444,0.80 6 0.64 0.24 0.72 0.280.70 6 0.06 0.28 0.94 0.670.86 6 0.74 0.26 0.87 0.300.88 6 0.77 0.26 0.87 0.300.53 6 0.01 0.25 0.93 0.67
3445,0.31 14 0.24 0.40 0.65 0.660.69 14 0.61 0.24 0.80 0.650.92 14 0.24 0.40 0.52 0.660.75 14 0.42 0.31 0.53 0.450.31 14 0.36 0.32 0.54 0.600.38 14 0.24 0.35 0.59 0.670.38 14 0.41 0.31 0.47 0.420.82 14 0.49 0.35 0.64 0.620.41 14 0.34 0.31 0.54 0.650.93 14 0.60 0.24 0.88 0.660.32 14 0.39 0.31 0.53 0.500.38 14 0.50 0.24 0.88 0.660.88 14 0.49 0.35 0.64 0.650.31 14 0.63 0.24 0.80 0.49
3446,0.0 1 0.0 0.0 10.0 10.0
3447,0.70 14 0.23 0.39 0.43 0.720.40 14 0.00 0.01 0.22 1.000.71 14 0.14 0.00 0.68 1.00
3448,0.60 14 0.44 0.13 0.61 0.460.32 14 0.18 0.40 0.37 0.660.68 14 0.60 0.19 0.82 0.640.94 14 0.49 0.42 0.66 0.660.89 14 0.18 0.39 0.44 0.670.58 14 0.32 0.17 0.49 0.460.56 14 0.27 0.39 0.44 0.670.47 14 0.60 0.19 0.77 0.490.78 14 0.44 0.13 0.62 0.530.41 14 0.24 0.07 0.44 0.650.90 14 0.40 0.12 0.62 0.670.87 14 0.24 0.07 0.38 0.430.96 14 0.07 0.06 0.29 0.680.45 14 0.24 0.07 0.38 0.610.86 14 0.60 0.18 0.85 0.670.55 14 0.26 0.38 0.45 0.670.44 14 0.47 0.19 0.86 0.660.39 14 0.48 0.44 0.60 0.660.31 14 0.51 0.19 0.86 0.66
3449,0.0 1 0.0 0.0 10.0 10.0
3450,0.0 1 0.0 0.0 10.0 10.0
3451,0.49 6 0.14 0.53 0.60 0.700.64 6 0.07 0.52 0.60 0.71
3452,0.35 14 0.19 0.01 0.58 0.600.57 14 0.09 0.04 0.52 0.660.58 14 0.08 0.03 0.22 0.210.76 14 0.61 0.03 0.75 0.480.64 14 0.19 0.00 0.56 0.660.43 14 0.55 0.00 0.90 0.480.33 14 0.08 0.00 0.54 0.670.30 14 0.00 0.00 0.57 1.000.33 14 0.19 0.01 0.78 1.000.82 14 0.62 0.03 0.89 0.480.37 14 0.04 0.04 0.24 0.680.39 14 0.25 0.38 0.52 0.670.32 14 0.56 0.03 0.75 0.340.64 14 0.55 0.01 0.75 0.47
3453,0.84 6 0.82 0.42 1.00 0.540.42 6 0.82 0.42 1.00 0.54
3454,0.73 14 0.15 0.10 0.43 0.560.61 14 0.16 0.11 0.46 1.00
3455,0.0 1 0.0 0.0 10.0 10.0
3456,0.0 1 0.0 0.0 10.0 10.0
3457,0.0 1 0.0 0.0 10.0 10.0
3458,0.0 1 0.0 0.0 10.0 10.0
3459,0.64 14 0.45 0.21 0.55 0.360.91 14 0.46 0.21 0.55 0.440.41 14 0.67 0.19 0.70 0.250.84 14 0.67 0.19 0.70 0.30
3460,0.49 8 0.36 0.55 0.61 0.670.38 19 0.09 0.25 0.28 0.420.40 8 0.36 0.55 0.50 0.67
3461,0.0 1 0.0 0.0 10.0 10.0
3462,0.32 6 0.18 0.06 0.67 0.240.83 14 0.37 0.06 0.57 0.940.32 6 0.00 0.06 0.20 0.230.52 14 0.15 0.07 0.56 0.920.92 14 0.14 0.07 0.39 0.890.32 14 0.38 0.06 0.57 0.94
3463,0.0 1 0.0 0.0 10.0 10.0
3464,0.59 6 0.02 0.29 0.25 0.48
3465,0.0 1 0.0 0.0 10.0 10.0
3466,0.78 6 0.07 0.19 0.97 0.65
3467,0.35 6 0.54 0.38 0.65 0.420.57 6 0.62 0.37 0.68 0.41
3468,0.49 14 0.01 0.02 0.95 0.68
3469,0.0 1 0.0 0.0 10.0 10.0
3470,0.44 14 0.16 0.39 0.63 1.000.88 14 0.17 0.04 0.62 0.660.60 14 0.16 0.03 0.63 1.000.41 14 0.16 0.39 0.63 0.66
3471,0.50 6 0.35 0.26 0.74 0.61
3472,0.39 14 0.44 0.31 0.54 0.400.32 1 0.27 0.63 0.46 0.880.32 1 0.08 0.43 0.46 0.880.42 14 0.28 0.30 0.63 0.820.80 14 0.44 0.30 0.63 0.61
3473,0.34 1 0.38 0.44 0.59 0.700.35 1 0.35 0.42 0.62 0.700.30 1 0.39 0.39 0.64 0.700.31 1 0.21 0.43 0.62 0.68
3474,0.31 1 0.57 0.45 0.81 0.92
3475,0.0 1 0.0 0.0 10.0 10.0
3476,0.52 6 0.04 0.15 0.87 0.95
3477,0.77 6 0.19 0.25 0.74 0.62
3478,0.94 14 0.35 0.18 0.58 1.000.89 14 0.03 0.51 0.39 1.000.33 14 0.23 0.53 0.39 1.000.67 15 0.21 0.31 0.33 0.480.31 15 0.18 0.01 0.31 0.340.89 14 0.03 0.23 0.37 1.000.72 14 0.03 0.23 0.27 1.000.96 14 0.56 0.28 0.80 1.00
3479,0.45 14 0.29 0.16 0.72 0.950.89 14 0.75 0.31 0.92 0.650.54 14 0.48 0.16 0.72 1.000.83 14 0.28 0.18 0.49 0.880.74 14 0.28 0.18 0.59 0.990.31 14 0.32 0.18 0.47 0.380.40 14 0.39 0.16 0.71 0.870.79 14 0.41 0.15 0.72 0.990.32 14 0.51 0.15 0.67 0.420.34 14 0.49 0.16 0.72 0.700.68 14 0.62 0.31 0.93 0.99
3480,0.0 1 0.0 0.0 10.0 10.0
3481,0.0 1 0.0 0.0 10.0 10.0
3482,0.31 14 0.00 0.43 0.55 1.000.56 14 0.00 0.33 0.56 0.600.35 14 0.00 0.42 0.56 1.000.35 14 0.00 0.32 0.56 1.00
3483,0.43 14 0.16 0.13 0.66 0.710.34 14 0.16 0.13 0.67 0.600.41 14 0.17 0.14 0.58 0.710.41 14 0.46 0.04 0.68 0.51
3484,0.50 1 0.06 0.45 0.36 0.68
3485,0.32 14 0.10 0.41 0.65 0.660.38 14 0.03 0.40 0.64 0.660.85 14 0.01 0.39 0.25 0.60
3486,0.57 14 0.15 0.03 0.33 0.510.72 6 0.01 0.12 0.75 0.700.34 14 0.16 0.03 0.34 0.510.71 14 0.18 0.03 0.31 0.310.31 14 0.13 0.03 0.34 0.71
3487,0.0 1 0.0 0.0 10.0 10.0
3488,0.33 14 0.19 0.23 0.61 1.000.42 14 0.17 0.20 0.47 1.000.66 14 0.00 0.22 0.61 1.000.39 14 0.00 0.20 0.46 1.000.38 14 0.00 0.18 0.70 1.00
3489,0.40 14 0.00 0.20 0.15 0.570.72 14 0.45 0.11 0.92 1.000.33 14 0.00 0.22 0.51 0.670.68 14 0.00 0.22 0.34 0.620.83 14 0.00 0.25 0.09 0.540.57 14 0.01 0.22 0.50 0.610.33 14 0.00 0.19 0.09 0.620.33 14 0.45 0.11 0.84 0.750.74 14 0.00 0.22 0.51 1.000.57 14 0.05 0.27 0.13 0.410.46 14 0.00 0.19 0.07 0.400.62 14 0.01 0.12 0.87 1.000.89 14 0.00 0.25 0.17 0.610.68 14 0.44 0.11 0.88 0.750.31 14 0.45 0.11 0.83 0.750.44 14 0.41 0.11 0.94 1.00
3490,0.46 14 0.25 0.25 0.54 0.890.96 14 0.10 0.28 0.22 0.580.87 14 0.31 0.25 0.54 0.890.76 14 0.34 0.25 0.54 0.90
3491,0.40 6 0.03 0.88 0.42 1.00
3492,0.35 14 0.26 0.43 0.37 0.730.95 14 0.27 0.42 0.47 0.730.40 14 0.32 0.43 0.47 0.720.34 8 0.36 0.58 0.64 0.99
3493,0.58 14 0.42 0.08 0.63 0.370.32 14 0.40 0.08 0.63 0.420.90 14 0.31 0.26 0.53 0.750.46 14 0.71 0.24 0.91 0.410.70 14 0.58 0.28 0.74 0.560.64 14 0.54 0.28 0.92 0.740.80 14 0.42 0.08 0.59 0.310.69 14 0.03 0.19 0.34 0.650.66 14 0.70 0.26 0.82 0.420.39 14 0.71 0.25 0.94 0.440.53 14 0.42 0.09 0.68 0.620.46 14 0.69 0.25 0.96 0.640.33 14 0.30 0.26 0.52 0.650.62 14 0.70 0.25 0.95 0.460.51 14 0.31 0.26 0.52 0.550.63 14 0.50 0.25 0.72 0.610.38 14 0.41 0.08 0.65 0.750.68 14 0.15 0.00 0.48 0.400.90 14 0.04 0.18 0.34 0.750.35 14 0.00 0.15 0.34 0.760.66 14 0.55 0.26 0.98 0.740.42 14 0.41 0.27 0.96 0.730.37 14 0.41 0.25 0.74 0.730.79 14 0.69 0.25 0.98 0.690.31 14 0.55 0.25 0.66 0.400.85 14 0.57 0.28 0.74 0.65
3494,0.0 1 0.0 0.0 10.0 10.0
3495,0.30 8 0.17 0.43 0.31 0.600.65 15 0.21 0.36 0.30 0.450.30 8 0.10 0.47 0.20 0.590.43 15 0.45 0.46 0.54 0.56
3496,0.50 14 0.78 0.08 0.81 0.140.63 14 0.72 0.09 0.75 0.140.96 14 0.31 0.24 0.47 0.580.62 14 0.78 0.08 0.82 0.140.88 14 0.59 0.23 0.65 0.300.84 14 0.80 0.08 0.84 0.140.76 14 0.62 0.09 0.66 0.14
3497,0.47 6 0.01 0.40 0.31 0.550.53 6 0.17 0.31 0.33 0.400.33 6 0.19 0.31 0.33 0.38
3498,0.0 1 0.0 0.0 10.0 10.0
3499,0.38 6 0.49 0.39 0.74 0.50
3500,0.34 8 0.16 0.53 0.28 0.68
3501,0.0 1 0.0 0.0 10.0 10.0
3502,0.0 1 0.0 0.0 10.0 10.0
3503,0.33 14 0.26 0.09 0.52 0.550.87 14 0.02 0.14 0.36 0.670.49 14 0.48 0.17 0.87 0.670.70 14 0.45 0.18 0.88 1.000.38 14 0.30 0.14 0.51 0.520.45 14 0.07 0.15 0.36 0.640.49 14 0.03 0.15 0.38 0.670.69 14 0.28 0.14 0.52 0.660.43 14 0.00 0.12 0.36 1.000.39 14 0.14 0.16 0.35 0.490.46 14 0.44 0.17 0.87 0.670.48 14 0.43 0.18 0.90 1.00
3504,0.32 6 0.37 0.33 0.42 0.370.34 6 0.36 0.33 0.42 0.370.43 6 0.64 0.35 0.69 0.380.67 6 0.35 0.33 0.41 0.360.55 6 0.19 0.33 0.28 0.370.55 6 0.00 0.33 0.11 0.360.83 6 0.26 0.34 0.32 0.370.80 6 0.43 0.35 0.49 0.380.74 6 0.36 0.33 0.42 0.370.59 6 0.04 0.32 0.11 0.35
3505,0.53 14 0.09 0.24 0.50 1.000.54 14 0.09 0.24 0.50 0.810.63 14 0.09 0.24 0.51 0.920.45 14 0.00 0.24 0.51 1.00
3506,0.82 6 0.65 0.27 0.84 0.360.57 6 0.87 0.26 0.97 0.330.38 6 0.86 0.26 0.99 0.340.47 6 0.47 0.26 0.84 0.370.79 6 0.82 0.26 0.99 0.350.31 6 0.64 0.26 0.83 0.36
3507,0.0 1 0.0 0.0 10.0 10.0
3508,0.0 1 0.0 0.0 10.0 10.0
3509,0.0 1 0.0 0.0 10.0 10.0
3510,0.43 6 0.96 0.34 1.00 0.38
3511,0.0 1 0.0 0.0 10.0 10.0
3512,0.34 14 0.02 0.12 0.68 1.00
3513,0.0 1 0.0 0.0 10.0 10.0
3514,0.89 14 0.30 0.53 0.49 0.76
3515,0.0 1 0.0 0.0 10.0 10.0
3516,0.0 1 0.0 0.0 10.0 10.0
3517,0.59 15 0.34 0.15 0.40 0.230.78 14 0.81 0.21 0.89 0.670.37 14 0.81 0.21 0.90 0.680.48 14 0.80 0.22 0.90 0.67
3518,0.71 6 0.16 0.27 0.85 0.45
3519,0.79 6 0.61 0.21 0.70 0.260.43 6 0.39 0.22 0.45 0.260.96 14 0.22 0.18 0.28 0.320.88 6 0.14 0.24 0.75 0.440.94 14 0.07 0.20 0.13 0.340.70 14 0.69 0.20 0.73 0.250.75 14 0.48 0.27 0.53 0.310.95 14 0.32 0.19 0.37 0.310.97 14 0.12 0.20 0.19 0.370.90 14 0.37 0.19 0.41 0.290.95 14 0.50 0.18 0.57 0.26
3520,0.0 1 0.0 0.0 10.0 10.0
3521,0.0 1 0.0 0.0 10.0 10.0
3522,0.44 14 0.22 0.17 0.67 0.660.44 6 0.80 0.24 0.87 0.310.33 14 0.47 0.17 0.87 0.680.40 14 0.14 0.29 0.46 0.670.43 14 0.23 0.33 0.47 0.670.71 14 0.42 0.15 0.50 0.230.63 14 0.11 0.20 0.27 0.380.71 14 0.24 0.32 0.46 0.660.40 6 0.81 0.20 0.88 0.300.32 14 0.49 0.18 0.67 0.450.34 14 0.00 0.31 0.44 0.670.84 6 0.80 0.22 0.88 0.300.75 14 0.51 0.19 0.68 0.530.40 14 0.40 0.16 0.60 0.640.85 14 0.02 0.20 0.26 0.520.68 14 0.35 0.15 0.40 0.230.80 14 0.24 0.15 0.52 0.660.77 14 0.48 0.17 0.67 0.550.60 6 0.79 0.20 0.88 0.310.61 6 0.66 0.22 0.73 0.290.40 6 0.66 0.26 0.74 0.310.41 6 0.10 0.23 0.17 0.280.67 14 0.72 0.16 0.77 0.29
3523,0.35 14 0.06 0.01 0.53 0.810.47 14 0.07 0.00 0.67 0.820.31 14 0.07 0.00 0.63 1.000.34 14 0.00 0.00 0.65 1.000.62 14 0.07 0.00 0.67 0.88
3524,0.57 6 0.46 0.55 0.52 0.600.38 6 0.02 0.49 0.14 0.600.90 14 0.84 0.44 1.00 0.660.58 14 0.69 0.38 0.77 0.540.85 14 0.57 0.46 0.73 0.660.36 6 0.33 0.52 0.51 0.610.46 14 0.81 0.34 1.00 0.660.54 6 0.34 0.53 0.41 0.610.53 14 0.78 0.37 0.82 0.460.77 14 0.87 0.34 0.94 0.430.59 14 0.80 0.38 0.86 0.540.88 14 0.13 0.39 0.38 0.650.70 14 0.95 0.37 0.99 0.450.40 6 0.45 0.54 0.53 0.600.95 14 0.49 0.39 0.63 0.650.88 14 0.80 0.34 0.94 0.53
3525,0.96 14 0.00 0.07 0.34 1.00
3526,0.74 14 0.37 0.36 0.61 0.660.74 6 0.00 0.15 0.28 0.350.45 6 0.45 0.18 0.55 0.230.37 14 0.39 0.37 0.56 0.520.47 6 0.00 0.15 0.29 0.360.74 14 0.38 0.36 0.60 0.590.95 14 0.17 0.41 0.42 0.660.97 14 0.61 0.07 0.86 0.660.83 14 0.38 0.37 0.62 0.660.40 14 0.50 0.43 0.62 0.66
3527,0.77 14 0.22 0.40 0.26 0.470.95 14 0.01 0.40 0.09 0.59
3528,0.47 1 0.15 0.46 0.51 1.00
3529,0.36 14 0.36 0.06 0.59 0.520.53 14 0.69 0.29 0.78 0.650.39 14 0.76 0.27 0.86 0.800.49 14 0.71 0.30 0.77 0.440.66 14 0.77 0.27 0.85 0.580.33 14 0.72 0.27 0.85 0.740.90 14 0.34 0.06 0.59 0.570.70 14 0.72 0.27 0.85 0.660.44 14 0.71 0.27 0.85 0.630.34 14 0.51 0.21 0.74 0.640.71 14 0.08 0.22 0.75 0.990.44 14 0.66 0.26 0.86 0.800.69 14 0.50 0.21 0.78 0.660.94 14 0.77 0.27 0.84 0.460.32 14 0.63 0.31 0.77 0.680.69 14 0.70 0.28 0.76 0.40
3530,0.0 1 0.0 0.0 10.0 10.0
3531,0.43 14 0.02 0.65 0.18 1.000.38 14 0.02 0.65 0.13 0.920.96 14 0.26 0.21 0.36 0.580.73 14 0.01 0.49 0.18 0.880.88 14 0.00 0.49 0.19 1.000.46 14 0.58 0.36 0.79 0.750.47 14 0.01 0.49 0.19 0.820.93 14 0.50 0.36 0.80 0.750.31 14 0.58 0.36 0.68 0.60
3532,0.61 14 0.02 0.47 0.22 1.000.94 14 0.35 0.45 0.53 1.000.41 14 0.02 0.00 0.19 0.470.55 14 0.15 0.01 0.38 1.000.36 14 0.19 0.01 0.38 1.000.38 1 0.51 0.46 0.84 0.710.85 14 0.01 0.14 0.28 1.000.31 14 0.19 0.01 0.52 1.000.44 14 0.04 0.01 0.38 1.000.73 14 0.00 0.00 0.21 1.00
3533,0.32 6 0.09 0.22 0.87 0.98
3534,0.75 6 0.04 0.32 0.76 0.64
3535,0.50 14 0.00 0.29 0.29 0.730.87 14 0.00 0.30 0.30 0.920.44 14 0.01 0.04 1.00 1.000.53 14 0.00 0.23 1.00 1.00
3536,0.96 14 0.32 0.13 0.58 1.00
3537,0.36 0 0.08 0.23 0.66 0.46
3538,0.83 14 0.18 0.27 0.22 0.39
3539,0.34 14 0.41 0.33 0.46 0.420.89 14 0.46 0.30 0.52 0.410.38 6 0.05 0.21 0.82 0.520.94 14 0.41 0.33 0.48 0.500.57 14 0.43 0.31 0.53 0.51
3540,0.33 14 0.06 0.16 0.67 0.89
3541,0.0 1 0.0 0.0 10.0 10.0
3542,0.82 14 0.00 0.11 0.50 1.000.91 14 0.00 0.11 0.67 1.00
3543,0.75 14 0.40 0.60 0.44 0.660.81 6 0.56 0.47 0.65 0.520.52 6 0.35 0.51 0.43 0.56
3544,0.52 6 0.17 0.37 0.22 0.410.44 6 0.57 0.31 0.66 0.430.79 6 0.57 0.33 0.66 0.430.42 6 0.33 0.41 0.38 0.480.47 6 0.27 0.32 0.39 0.370.64 6 0.12 0.29 0.23 0.330.81 6 0.15 0.40 0.21 0.440.44 6 0.10 0.20 0.48 0.380.35 6 0.11 0.28 0.23 0.330.36 6 0.58 0.34 0.66 0.430.38 6 0.17 0.36 0.22 0.400.48 6 0.57 0.32 0.66 0.43
3545,0.32 14 0.43 0.32 0.79 1.000.43 14 0.00 0.46 0.23 0.900.39 14 0.44 0.33 0.67 0.680.72 14 0.45 0.34 0.67 0.640.91 14 0.00 0.46 0.24 1.000.72 14 0.25 0.32 0.79 1.000.38 14 0.00 0.46 0.23 0.860.82 14 0.45 0.31 0.79 0.64
3546,0.0 1 0.0 0.0 10.0 10.0
3547,0.95 14 0.70 0.48 0.74 0.65
3548,0.42 14 0.19 0.01 0.90 1.000.48 14 0.03 0.00 0.90 1.00
3549,0.90 14 0.10 0.25 0.24 0.450.80 6 0.04 0.39 0.66 0.850.39 14 0.09 0.25 0.25 0.50
3550,0.90 14 0.13 0.27 0.67 1.000.43 8 0.53 0.59 0.70 1.00
3551,0.94 14 0.78 0.32 1.00 1.000.69 6 0.33 0.40 0.42 0.490.97 14 0.00 0.10 0.37 1.000.85 14 0.34 0.22 0.76 1.000.31 6 0.30 0.39 0.40 0.490.54 14 0.34 0.23 0.61 1.00
3552,0.42 14 0.55 0.26 0.72 0.610.33 14 0.55 0.25 0.72 0.590.80 6 0.26 0.17 0.31 0.240.91 14 0.48 0.25 0.72 0.890.78 14 0.48 0.44 0.72 0.89
3553,0.0 1 0.0 0.0 10.0 10.0
3554,0.97 14 0.41 0.37 0.48 0.660.57 1 0.29 0.47 0.43 0.660.35 1 0.29 0.50 0.42 0.650.35 1 0.19 0.42 0.43 0.670.34 1 0.19 0.47 0.43 0.670.98 14 0.22 0.26 0.31 0.730.40 1 0.19 0.47 0.44 0.670.97 14 0.04 0.23 0.16 0.860.43 1 0.29 0.42 0.43 0.660.97 14 0.69 0.39 0.79 0.80
3555,0.0 1 0.0 0.0 10.0 10.0
3556,0.0 1 0.0 0.0 10.0 10.0
3557,0.0 1 0.0 0.0 10.0 10.0
3558,0.67 14 0.66 0.08 1.00 1.00
3559,0.0 1 0.0 0.0 10.0 10.0
3560,0.83 14 0.11 0.84 0.23 1.00
3561,0.44 14 0.07 0.08 0.54 1.000.73 14 0.08 0.09 0.83 1.00
3562,0.35 14 0.00 0.36 0.10 0.560.39 14 0.00 0.35 0.12 0.670.70 14 0.00 0.35 0.16 0.75
3563,0.53 15 0.06 0.27 0.11 0.350.30 6 0.70 0.37 0.79 0.420.37 6 0.51 0.29 0.69 0.420.30 6 0.52 0.30 0.69 0.41
3564,0.98 14 0.54 0.27 0.76 0.58
3565,0.92 14 0.51 0.41 0.54 0.51
3566,0.49 14 0.34 0.18 0.46 0.390.88 14 0.00 0.48 0.10 0.740.94 14 0.76 0.42 0.89 0.750.83 14 0.58 0.30 0.70 0.530.83 14 0.49 0.36 0.77 0.740.74 14 0.17 0.28 0.44 0.660.85 14 0.39 0.10 0.45 0.210.84 14 0.17 0.28 0.37 0.630.54 14 0.49 0.26 0.68 0.500.33 14 0.28 0.39 0.37 0.510.30 14 0.21 0.28 0.38 0.540.89 14 0.05 0.34 0.36 0.710.68 14 0.05 0.34 0.23 0.670.33 14 0.51 0.32 0.57 0.500.88 14 0.35 0.20 0.46 0.450.95 14 0.21 0.20 0.33 0.390.43 14 0.07 0.28 0.45 0.740.67 14 0.20 0.26 0.24 0.380.42 14 0.21 0.21 0.32 0.390.81 14 0.63 0.36 0.77 0.740.70 14 0.05 0.34 0.22 0.620.62 14 0.00 0.49 0.12 1.000.35 14 0.06 0.34 0.21 0.550.80 14 0.48 0.27 0.71 0.580.65 14 0.49 0.31 0.75 0.730.36 14 0.48 0.32 0.69 0.58
3567,0.0 1 0.0 0.0 10.0 10.0
3568,0.0 1 0.0 0.0 10.0 10.0
3569,0.56 14 0.21 0.31 0.41 0.580.91 14 0.28 0.31 0.40 0.500.92 14 0.33 0.31 0.48 0.52
3570,0.0 1 0.0 0.0 10.0 10.0
3571,0.71 4 0.60 0.37 0.67 0.590.54 4 0.16 0.30 0.24 0.580.61 4 0.16 0.36 0.22 0.580.37 4 0.19 0.32 0.24 0.520.74 4 0.59 0.34 0.67 0.60
3572,0.31 6 0.85 0.39 0.90 0.46
3573,0.36 8 0.38 0.22 0.50 0.420.38 14 0.01 0.13 0.30 0.750.31 8 0.38 0.22 0.51 0.420.81 14 0.02 0.12 0.30 0.710.84 14 0.03 0.12 0.30 0.520.49 14 0.02 0.12 0.30 0.73
3574,0.0 1 0.0 0.0 10.0 10.0
3575,0.0 1 0.0 0.0 10.0 10.0
3576,0.35 1 0.04 0.52 0.14 0.730.50 1 0.05 0.51 0.14 0.690.37 1 0.04 0.52 0.14 0.720.49 1 0.05 0.52 0.14 0.690.96 14 0.04 0.37 0.13 0.69
3577,0.0 1 0.0 0.0 10.0 10.0
3578,0.62 14 0.35 0.06 0.49 0.340.38 1 0.26 0.33 0.70 0.620.93 14 0.32 0.07 0.64 0.580.58 14 0.32 0.06 0.48 0.380.36 1 0.25 0.26 0.70 0.63
3579,0.39 14 0.55 0.13 0.67 0.320.55 14 0.31 0.13 0.48 0.430.34 14 0.60 0.33 0.99 1.000.87 14 0.56 0.13 0.71 0.510.44 14 0.38 0.32 0.83 0.750.93 14 0.16 0.19 0.36 0.530.42 14 0.67 0.33 0.83 0.750.44 14 0.55 0.13 0.70 0.490.78 14 0.16 0.15 0.48 0.560.55 4 0.20 0.47 0.23 0.560.43 14 0.55 0.14 0.77 0.500.87 14 0.31 0.13 0.48 0.560.64 14 0.61 0.33 0.83 0.750.34 14 0.38 0.14 0.68 0.750.56 14 0.37 0.25 0.63 0.740.89 14 0.37 0.25 0.67 0.750.74 14 0.55 0.13 0.69 0.480.64 14 0.55 0.13 0.70 0.46
3580,0.0 1 0.0 0.0 10.0 10.0
3581,0.0 1 0.0 0.0 10.0 10.0
3582,0.0 1 0.0 0.0 10.0 10.0
3583,0.39 6 0.00 0.37 0.08 0.530.34 6 0.00 0.30 0.11 0.430.36 6 0.00 0.27 0.04 0.340.89 6 0.00 0.37 0.08 0.530.42 6 0.00 0.32 0.11 0.43
3584,0.50 6 0.01 0.17 0.68 0.760.73 6 0.01 0.17 0.83 0.740.32 6 0.01 0.16 0.83 0.760.40 6 0.37 0.16 0.83 0.42
3585,0.38 14 0.00 0.64 0.21 0.900.73 14 0.44 0.68 0.66 0.900.37 14 0.07 0.25 0.43 0.890.39 14 0.00 0.25 0.66 0.900.62 14 0.39 0.25 0.63 0.89
3586,0.65 14 0.06 0.02 0.48 0.890.76 14 0.07 0.02 0.65 0.890.58 14 0.00 0.02 0.64 1.000.44 14 0.00 0.02 0.47 1.00
3587,0.76 14 0.05 0.05 0.42 0.650.76 14 0.05 0.05 0.42 0.660.57 14 0.05 0.06 0.41 0.520.30 14 0.05 0.05 0.42 0.71
3588,0.42 6 0.05 0.92 0.28 0.980.82 14 0.21 0.23 0.47 0.850.35 6 0.42 0.79 0.65 0.870.56 6 0.10 0.82 0.21 0.870.58 6 0.21 0.93 0.29 0.970.31 6 0.50 0.79 0.65 0.86
3589,0.74 14 0.00 0.27 0.45 0.90
3590,0.0 1 0.0 0.0 10.0 10.0
3591,0.0 1 0.0 0.0 10.0 10.0
3592,0.45 6 0.16 0.28 0.51 0.390.56 6 0.28 0.29 0.51 0.380.39 6 0.26 0.29 0.51 0.380.41 6 0.16 0.33 0.38 0.38
3593,0.0 1 0.0 0.0 10.0 10.0
3594,0.0 1 0.0 0.0 10.0 10.0
3595,0.97 14 0.33 0.34 0.41 0.630.73 6 0.20 0.40 0.27 0.460.80 6 0.73 0.39 0.80 0.440.48 14 0.64 0.38 0.67 0.46
3596,0.32 14 0.23 0.10 0.53 1.000.89 14 0.22 0.10 0.46 1.000.61 14 0.22 0.10 0.46 1.00
3597,0.0 1 0.0 0.0 10.0 10.0
3598,0.40 14 0.35 0.21 0.65 0.740.33 14 0.40 0.40 0.59 0.660.55 14 0.45 0.45 0.69 0.740.85 14 0.07 0.01 0.45 0.740.53 14 0.06 0.01 0.79 0.730.33 14 0.34 0.01 0.78 0.730.39 14 0.40 0.42 0.66 0.74
3599,0.75 6 0.13 0.27 0.88 0.60
3600,0.85 14 0.16 0.22 0.49 0.990.33 14 0.23 0.21 0.43 0.680.88 14 0.00 0.21 0.50 0.99
3601,0.88 6 0.07 0.75 0.16 0.83
3602,0.49 6 0.66 0.43 0.80 0.900.52 6 0.01 0.19 0.48 1.000.90 14 0.51 0.29 0.69 0.810.60 14 0.51 0.28 0.69 0.83
3603,0.63 6 0.36 0.43 0.59 0.870.58 6 0.65 0.47 0.87 0.840.54 6 0.00 0.40 0.30 0.880.37 6 0.35 0.42 0.59 0.880.36 6 0.64 0.47 0.88 1.00
3604,0.0 1 0.0 0.0 10.0 10.0
3605,0.0 1 0.0 0.0 10.0 10.0
3606,0.31 14 0.94 0.01 1.00 0.350.38 14 0.40 0.50 0.55 0.790.40 14 0.85 0.00 0.91 0.210.56 14 0.84 0.00 0.91 0.210.56 6 0.24 0.08 0.48 0.240.37 6 0.00 0.04 1.00 0.810.55 6 0.00 0.05 1.00 0.80
3607,0.63 6 0.68 0.52 0.76 0.57
3608,0.0 1 0.0 0.0 10.0 10.0
3609,0.90 14 0.34 0.04 0.52 0.250.34 14 0.25 0.19 0.66 0.650.60 14 0.41 0.20 0.53 0.420.44 14 0.10 0.17 0.35 0.450.39 14 0.10 0.17 0.68 1.000.62 14 0.10 0.17 0.69 0.640.64 14 0.65 0.23 0.80 0.610.32 14 0.25 0.19 0.47 0.600.52 14 0.45 0.20 0.82 0.610.35 14 0.42 0.19 0.70 0.620.55 14 0.10 0.17 0.64 0.640.33 14 0.10 0.17 0.80 1.000.69 14 0.53 0.21 0.80 0.620.58 14 0.43 0.39 0.64 0.660.59 14 0.43 0.19 0.69 0.650.49 14 0.50 0.19 0.65 0.430.54 14 0.43 0.19 0.72 0.63
3610,0.35 14 0.18 0.35 0.62 0.670.57 14 0.49 0.36 0.81 0.630.35 14 0.37 0.36 0.63 0.610.69 14 0.33 0.32 0.65 0.630.35 14 0.08 0.05 0.38 0.460.95 14 0.08 0.05 0.38 0.670.66 14 0.49 0.35 0.85 0.660.83 14 0.49 0.35 0.83 0.660.48 14 0.74 0.36 0.86 0.640.33 14 0.49 0.35 0.85 1.00
3611,0.32 12 0.17 0.36 0.45 0.850.37 14 0.24 0.28 0.39 0.710.75 14 0.24 0.28 0.37 0.430.84 14 0.20 0.28 0.38 0.85
3612,0.0 1 0.0 0.0 10.0 10.0
3613,0.33 14 0.20 0.24 0.29 0.430.93 14 0.53 0.16 0.66 0.410.77 14 0.27 0.20 0.43 0.520.62 14 0.63 0.17 0.86 0.600.37 4 0.56 0.56 0.63 0.640.40 14 0.54 0.17 0.86 0.530.93 14 0.28 0.20 0.43 0.420.97 14 0.00 0.20 0.26 0.650.31 14 0.20 0.31 0.28 0.450.88 14 0.62 0.17 0.86 0.610.86 14 0.54 0.16 0.86 0.610.32 14 0.53 0.16 0.66 0.56
3614,0.36 13 0.26 0.17 0.74 0.520.96 14 0.43 0.10 0.65 0.47
3615,0.33 1 0.02 0.06 0.57 0.84
3616,0.41 14 0.21 0.22 0.48 0.770.69 14 0.04 0.05 0.22 0.300.90 14 0.21 0.21 0.48 0.67
3617,0.0 1 0.0 0.0 10.0 10.0
3618,0.50 14 0.02 0.14 0.21 0.720.33 8 0.53 0.60 0.76 0.890.94 14 0.03 0.13 0.23 0.79
3619,0.36 8 0.35 0.53 0.48 0.660.60 8 0.34 0.48 0.48 0.66
3620,0.73 14 0.01 0.08 0.76 0.87
3621,0.82 14 0.37 0.03 0.64 0.30
3622,0.65 14 0.25 0.48 0.57 0.880.59 14 0.44 0.48 0.54 0.610.36 14 0.60 0.70 0.75 0.900.84 14 0.60 0.55 0.76 0.900.66 14 0.61 0.45 0.74 0.630.84 14 0.59 0.45 0.75 0.900.34 14 0.18 0.10 0.25 0.20
3623,0.31 1 0.01 0.55 0.55 0.990.95 14 0.33 0.48 0.54 0.870.71 1 0.35 0.69 0.54 0.99
3624,0.49 14 0.33 0.06 0.49 0.290.87 14 0.33 0.06 0.40 0.280.37 14 0.33 0.07 0.40 0.19
3625,0.32 14 0.45 0.21 0.61 0.500.33 14 0.51 0.20 0.61 0.410.42 14 0.30 0.18 0.61 0.520.41 14 0.37 0.48 0.46 0.620.33 14 0.59 0.17 0.80 0.470.51 14 0.38 0.19 0.61 0.520.64 14 0.26 0.21 0.45 0.590.38 14 0.27 0.18 0.79 0.640.65 14 0.26 0.19 0.65 0.640.33 14 0.59 0.17 0.80 0.670.33 14 0.43 0.17 0.80 0.670.41 14 0.26 0.21 0.52 0.560.41 14 0.38 0.20 0.67 0.660.68 14 0.38 0.18 0.64 0.640.68 14 0.31 0.21 0.41 0.340.32 14 0.24 0.21 0.42 0.510.39 14 0.26 0.44 0.61 0.640.41 14 0.35 0.18 0.61 0.490.30 14 0.26 0.18 0.79 0.660.41 14 0.59 0.17 0.80 0.67
3626,0.0 1 0.0 0.0 10.0 10.0
3627,0.38 14 0.06 0.16 0.30 0.680.79 14 0.05 0.17 0.41 1.000.82 14 0.06 0.02 0.52 1.000.43 14 0.05 0.17 0.31 1.00
3628,0.0 1 0.0 0.0 10.0 10.0
3629,0.37 14 0.45 0.23 0.60 0.430.37 14 0.26 0.27 0.39 0.480.64 14 0.43 0.20 0.60 0.500.95 14 0.27 0.27 0.39 0.610.50 14 0.46 0.00 0.82 0.440.82 14 0.44 0.23 0.61 0.590.46 15 0.10 0.21 0.26 0.340.93 14 0.03 0.36 0.35 0.660.43 14 0.03 0.36 0.26 0.660.56 14 0.41 -0.00 0.80 0.630.46 14 0.44 0.28 0.60 0.45
3630,0.47 14 0.00 0.00 0.33 0.560.38 14 0.00 0.01 0.38 0.680.82 14 0.00 0.01 0.39 1.00
3631,0.33 15 0.17 0.45 0.29 0.590.70 15 0.17 0.35 0.29 0.590.55 15 0.17 0.42 0.30 0.59
3632,0.40 6 0.23 0.35 0.28 0.390.38 6 0.27 0.35 0.35 0.410.85 6 0.41 0.36 0.50 0.400.64 6 0.24 0.35 0.29 0.390.85 6 0.28 0.35 0.35 0.41
3633,0.33 14 0.24 0.00 0.52 0.230.64 14 0.00 0.00 0.52 0.690.35 14 0.00 0.01 0.29 0.700.97 14 0.55 0.09 0.99 0.67
3634,0.40 14 0.48 0.25 0.56 0.310.74 14 0.29 0.20 0.38 0.290.76 6 0.15 0.17 0.72 0.59
3635,0.0 1 0.0 0.0 10.0 10.0
3636,0.94 14 0.83 0.58 0.91 0.680.87 14 0.53 0.59 0.63 0.68
3637,0.95 14 0.28 0.32 0.35 0.49
3638,0.56 1 0.16 0.28 0.26 0.490.96 14 0.14 0.14 0.26 0.46
3639,0.35 14 0.16 0.17 0.42 0.920.54 14 0.38 0.56 0.44 0.680.93 14 0.54 0.63 0.63 0.92
3640,0.35 19 0.09 0.20 0.20 0.32
3641,0.81 14 0.05 0.49 0.08 0.560.90 14 0.15 0.49 0.18 0.580.77 14 0.15 0.41 0.18 0.500.88 14 0.11 0.49 0.15 0.570.77 14 0.11 0.49 0.14 0.57
3642,0.42 6 0.10 0.27 0.73 0.660.77 14 0.79 0.45 0.83 0.51
3643,0.0 1 0.0 0.0 10.0 10.0
3644,0.38 14 0.04 0.17 0.73 0.750.90 14 0.03 0.18 0.73 1.00
3645,0.57 14 0.00 0.01 0.44 0.710.76 14 0.62 0.41 0.66 0.520.74 14 0.04 0.01 0.47 1.00
3646,0.0 1 0.0 0.0 10.0 10.0
3647,0.33 6 0.00 0.23 0.12 0.310.67 6 0.76 0.21 0.83 0.270.42 6 0.85 0.24 0.89 0.290.91 6 0.00 0.23 0.13 0.310.60 6 0.05 0.28 0.15 0.310.97 14 0.12 0.18 0.20 0.460.31 6 0.00 0.23 0.12 0.310.54 6 0.01 0.02 0.79 0.680.35 6 0.01 0.02 0.82 0.70
3648,0.33 14 0.50 0.00 0.69 0.190.58 14 0.00 0.01 0.41 1.000.53 14 0.01 0.00 0.82 1.00
3649,0.56 6 0.80 0.09 0.90 0.190.80 6 0.61 0.10 0.87 0.230.35 6 0.52 0.10 0.79 0.240.76 6 0.00 0.14 0.88 0.730.33 6 0.58 0.10 0.88 0.230.37 6 0.38 0.10 0.89 0.240.53 6 0.78 0.09 0.89 0.200.49 6 0.61 0.10 0.84 0.23
3650,0.0 1 0.0 0.0 10.0 10.0
3651,0.41 8 0.44 0.54 0.67 0.950.31 8 0.25 0.59 0.48 0.97
3652,0.56 6 0.66 0.39 0.72 0.450.57 6 0.66 0.42 0.71 0.460.76 6 0.23 0.36 0.48 0.480.39 6 0.48 0.36 0.67 0.49
3653,0.73 6 0.45 0.19 0.59 0.300.33 6 0.29 0.18 0.46 0.290.38 6 0.04 0.19 0.10 0.220.78 6 0.54 0.17 0.67 0.320.87 6 0.28 0.18 0.46 0.290.51 6 0.01 0.19 0.67 0.970.85 6 0.46 0.17 0.66 0.32
3654,0.51 4 0.38 0.55 0.44 0.730.68 1 0.04 0.51 0.56 0.760.93 14 0.18 0.29 0.50 0.740.39 1 0.04 0.49 0.56 0.76
3655,0.0 1 0.0 0.0 10.0 10.0
3656,0.80 14 0.30 0.17 0.63 0.750.72 14 0.00 0.18 0.63 1.000.42 14 0.25 0.18 0.64 1.000.72 14 0.31 0.17 0.64 1.00
3657,0.54 14 0.30 0.17 0.62 0.660.48 14 0.30 0.16 0.80 0.67
3658,0.0 1 0.0 0.0 10.0 10.0
3659,0.90 14 0.37 0.31 0.42 0.37
3660,0.32 14 0.02 0.13 0.57 0.66
3661,0.32 6 0.01 0.10 0.78 0.640.76 6 0.01 0.10 1.00 0.64
3662,0.0 1 0.0 0.0 10.0 10.0
3663,0.33 15 0.00 0.28 0.10 0.64
3664,0.53 14 0.27 0.18 0.48 0.520.35 14 0.19 0.18 0.47 0.720.47 14 0.19 0.51 0.52 0.940.59 14 0.19 0.18 0.52 0.820.42 14 0.26 0.18 0.49 0.760.42 14 0.26 0.18 0.51 0.820.45 14 0.18 0.09 0.50 0.93
3665,0.43 4 0.46 0.55 0.50 0.630.31 14 0.00 0.17 0.14 0.530.67 14 0.00 0.16 0.15 0.66
3666,0.69 14 0.25 0.23 0.57 0.650.31 14 0.12 0.25 0.30 0.660.40 14 0.71 0.19 0.89 0.650.80 14 0.55 0.18 0.76 0.650.34 14 0.11 0.22 0.31 0.650.39 14 0.71 0.23 0.89 0.650.89 14 0.25 0.14 0.58 0.650.75 14 0.00 0.21 0.31 0.660.64 14 0.00 0.22 0.30 1.000.36 14 0.24 0.16 0.58 1.000.83 14 0.54 0.17 0.89 0.660.60 14 0.00 0.23 0.30 0.660.30 14 0.12 0.26 0.30 0.520.58 14 0.44 0.17 0.76 0.66
3667,0.58 14 0.20 0.38 0.25 0.450.63 14 0.46 0.35 0.50 0.400.31 14 0.28 0.88 0.36 0.980.90 14 0.04 0.74 0.09 0.82
3668,0.76 6 0.08 0.16 0.85 0.59
3669,0.32 8 0.12 0.69 0.43 0.93
3670,0.33 19 0.72 0.25 0.83 0.35
3671,0.0 1 0.0 0.0 10.0 10.0
3672,0.0 1 0.0 0.0 10.0 10.0
3673,0.39 14 0.63 0.30 0.89 1.000.73 14 0.64 0.16 0.80 0.540.78 14 0.17 0.25 0.39 0.660.77 14 0.17 0.25 0.39 0.480.50 14 0.38 0.13 0.79 0.530.43 14 0.38 0.18 0.72 0.550.71 14 0.38 0.12 0.73 0.580.48 14 0.04 0.24 0.44 1.000.35 14 0.05 0.07 0.80 1.000.37 14 0.05 0.25 0.40 0.660.33 14 0.33 0.15 0.82 0.620.47 14 0.37 0.14 0.79 1.000.31 14 0.64 0.19 0.88 0.60
3674,0.53 6 0.30 0.24 0.76 0.470.30 6 0.29 0.32 0.39 0.400.66 6 0.20 0.31 0.29 0.390.36 6 0.31 0.24 0.77 0.46
3675,0.74 15 0.15 0.54 0.23 0.640.65 15 0.09 0.61 0.17 0.670.43 15 0.20 0.54 0.26 0.640.33 15 0.10 0.61 0.17 0.670.31 15 0.17 0.56 0.23 0.640.60 14 0.24 0.49 0.31 0.660.32 14 0.12 0.45 0.15 0.49
3676,0.0 1 0.0 0.0 10.0 10.0
3677,0.44 14 0.57 0.22 0.89 0.680.58 14 0.75 0.24 0.89 0.67
3678,0.51 14 0.15 0.05 0.74 0.670.30 14 0.30 0.20 0.63 0.580.51 14 0.14 0.25 0.45 0.670.41 14 0.00 0.27 0.65 1.000.35 14 0.00 0.26 0.06 0.330.46 14 0.17 0.04 0.53 0.660.33 14 0.00 0.22 0.17 0.570.44 14 0.18 0.04 0.48 0.650.53 14 0.00 0.29 0.23 0.660.39 14 0.01 0.27 0.34 0.670.36 14 0.34 0.15 0.74 0.670.33 14 0.02 0.05 0.65 0.660.85 14 0.04 0.21 0.18 0.320.40 14 0.00 0.22 0.21 0.660.44 14 0.00 0.22 0.19 0.560.35 14 0.16 0.05 0.64 0.660.42 14 0.31 0.05 0.75 0.67
3679,0.68 14 0.16 0.44 0.19 0.480.78 14 0.16 0.44 0.19 0.480.79 14 0.14 0.44 0.16 0.480.89 14 0.25 0.44 0.28 0.50
3680,0.30 14 0.36 0.42 0.51 0.550.46 14 0.21 0.40 0.54 1.00
3681,0.50 14 0.31 0.15 0.75 0.660.51 14 0.61 0.19 0.78 0.650.32 14 0.32 0.15 0.78 0.660.75 14 0.31 0.15 0.47 0.650.68 14 0.48 0.17 0.71 0.670.44 14 0.32 0.15 0.78 0.660.43 14 0.20 0.12 0.46 0.520.40 14 0.30 0.16 0.45 0.470.55 14 0.31 0.15 0.53 0.660.51 14 0.39 0.15 0.77 0.660.41 14 0.41 0.18 0.67 1.000.42 14 0.49 0.18 0.68 0.490.33 14 0.48 0.17 0.74 0.66
3682,0.87 6 0.37 0.25 0.55 0.380.90 14 0.24 0.22 0.30 0.350.92 6 0.04 0.23 0.26 0.320.37 6 0.37 0.25 0.55 0.370.92 14 0.73 0.15 0.83 0.470.47 6 0.04 0.23 0.25 0.32
3683,0.31 14 0.70 0.02 1.00 1.000.32 14 0.55 0.01 0.92 0.570.61 14 0.74 0.03 1.00 0.660.51 14 0.01 0.02 0.46 0.660.40 14 0.73 0.04 1.00 0.540.43 14 0.23 0.17 0.46 0.430.41 14 0.23 0.02 0.70 0.630.37 14 0.22 0.00 0.48 0.270.35 14 0.24 0.13 0.46 0.290.34 14 0.19 0.01 0.93 1.000.31 14 0.72 0.03 1.00 1.000.31 14 0.23 0.17 0.63 0.640.38 14 0.23 0.04 0.91 0.640.60 14 0.73 0.03 1.00 0.57
3684,0.33 14 0.39 0.20 0.52 0.360.68 14 0.27 0.12 0.49 0.530.87 14 0.34 0.30 0.59 0.640.36 14 0.20 0.40 0.39 0.620.80 14 0.21 0.30 0.44 0.630.55 14 0.33 0.12 0.46 0.320.95 14 0.11 0.09 0.32 0.460.32 14 0.29 0.35 0.44 0.600.56 14 0.21 0.13 0.53 0.620.46 14 0.33 0.12 0.45 0.240.74 14 0.26 0.12 0.46 0.610.74 14 0.26 0.19 0.53 0.600.52 14 0.11 0.09 0.32 0.380.44 14 0.28 0.12 0.45 0.370.43 14 0.35 0.31 0.58 0.640.37 14 0.44 0.42 0.60 0.63
3685,0.85 6 0.03 0.46 0.63 0.96
3686,0.61 6 0.10 0.13 0.86 0.590.54 14 0.65 0.10 0.72 0.250.31 14 0.65 0.10 0.71 0.15
3687,0.74 14 0.20 0.11 0.37 0.32
3688,0.76 14 0.23 0.16 0.58 0.44
3689,0.33 14 -0.00 0.08 0.70 0.75
3690,0.45 14 0.32 0.39 0.42 0.64
3691,0.89 14 -0.00 0.16 0.40 1.00
3692,0.35 6 0.26 0.30 0.36 0.370.88 14 0.40 0.36 0.50 0.550.36 14 0.39 0.36 0.46 0.480.69 14 0.19 0.28 0.22 0.370.33 1 0.51 0.40 0.66 0.540.65 6 0.01 0.34 0.11 0.380.94 14 0.90 0.32 0.94 0.480.59 1 0.38 0.43 0.52 0.580.86 14 0.54 0.35 0.62 0.440.90 14 0.25 0.34 0.37 0.470.67 1 0.23 0.39 0.53 0.590.72 1 0.23 0.40 0.40 0.560.69 1 0.52 0.40 0.62 0.540.89 14 0.40 0.36 0.50 0.510.69 6 0.22 0.30 0.36 0.370.45 1 0.22 0.40 0.35 0.540.39 14 0.12 0.29 0.17 0.370.52 14 0.29 0.37 0.37 0.480.66 14 0.14 0.30 0.18 0.340.51 14 0.54 0.35 0.62 0.510.38 1 0.23 0.39 0.63 0.590.78 14 0.11 0.29 0.15 0.33
3693,0.0 1 0.0 0.0 10.0 10.0
3694,0.45 6 0.05 0.36 0.40 0.480.81 6 0.15 0.36 0.39 0.48
3695,0.81 14 0.00 0.21 0.44 0.480.90 14 0.63 0.23 0.97 0.450.47 14 0.33 0.24 0.98 0.46
3696,0.0 1 0.0 0.0 10.0 10.0
3697,0.39 4 0.64 0.09 0.82 0.540.39 4 0.64 0.09 0.77 0.390.36 4 0.56 0.06 0.65 0.260.31 4 0.44 0.12 0.56 0.430.32 4 0.19 0.13 0.30 0.340.40 4 0.32 0.18 0.48 0.740.57 4 0.56 0.06 0.65 0.26
3698,0.52 6 0.02 0.09 0.97 0.75
3699,0.0 1 0.0 0.0 10.0 10.0
3700,0.0 1 0.0 0.0 10.0 10.0
3701,0.63 6 0.33 0.44 0.50 0.50
3702,0.50 14 0.11 0.04 0.62 0.730.61 14 0.00 0.04 0.63 1.000.74 14 0.09 0.04 0.63 1.00
3703,0.39 14 0.28 0.37 0.39 0.590.56 14 0.41 0.44 0.73 1.000.31 14 0.17 0.35 0.35 0.990.76 14 0.28 0.37 0.39 0.560.78 14 0.17 0.35 0.32 0.670.43 14 0.42 0.22 0.58 0.640.33 14 0.00 0.34 0.20 0.940.53 14 0.27 0.37 0.39 0.640.92 14 0.42 0.21 0.58 0.770.72 14 0.17 0.35 0.30 0.540.94 14 0.00 0.34 0.35 1.000.32 14 0.17 0.36 0.31 0.620.41 14 0.17 0.36 0.30 0.530.65 14 0.28 0.37 0.39 0.650.75 14 0.42 0.22 0.59 0.970.30 14 0.42 0.44 0.97 1.00
3704,0.41 15 0.66 0.44 0.72 0.510.39 15 0.96 0.53 1.00 0.640.52 6 0.16 0.58 0.44 0.750.43 8 0.59 0.51 0.70 0.650.57 8 0.58 0.50 0.68 0.67
3705,0.33 14 0.10 0.58 0.20 0.830.76 14 0.12 0.60 0.19 0.70
3706,0.56 14 0.07 0.45 0.21 0.750.94 14 0.06 0.45 0.21 0.85
3707,0.74 6 0.03 0.01 0.88 0.86
3708,0.65 14 0.23 0.32 0.57 0.730.31 14 0.35 0.32 0.45 0.500.70 14 0.35 0.32 0.56 0.740.48 14 0.34 0.32 0.48 0.730.40 14 0.22 0.32 0.84 0.73
3709,0.0 1 0.0 0.0 10.0 10.0
3710,0.0 1 0.0 0.0 10.0 10.0
3711,0.0 1 0.0 0.0 10.0 10.0
3712,0.75 15 0.38 0.47 0.50 0.600.54 4 0.02 0.38 0.16 0.83
3713,0.0 1 0.0 0.0 10.0 10.0
3714,0.46 14 0.06 0.15 0.49 0.670.74 14 0.05 0.13 0.52 1.000.69 14 0.29 0.01 0.84 1.000.41 14 0.29 0.00 0.84 0.670.39 14 0.30 0.01 0.91 1.00
3715,0.0 1 0.0 0.0 10.0 10.0
3716,0.60 4 0.10 0.60 0.27 1.000.79 14 0.09 0.02 0.52 0.950.81 14 0.09 0.03 0.65 0.95
3717,0.30 6 0.03 0.01 0.87 0.500.49 6 0.00 0.22 0.07 0.350.91 14 0.77 0.10 0.83 0.260.30 6 0.18 0.11 0.78 0.53
3718,0.0 1 0.0 0.0 10.0 10.0
3719,0.0 1 0.0 0.0 10.0 10.0
3720,0.0 1 0.0 0.0 10.0 10.0
3721,0.43 6 0.35 0.34 0.39 0.370.33 6 0.08 0.33 0.26 0.420.42 6 0.00 0.34 0.09 0.410.91 6 0.00 0.34 0.09 0.410.49 6 0.25 0.33 0.33 0.400.90 6 0.09 0.34 0.26 0.420.60 6 0.07 0.35 0.12 0.410.56 6 0.09 0.34 0.20 0.420.52 6 0.24 0.34 0.29 0.380.85 6 0.26 0.33 0.33 0.390.49 6 0.44 0.31 0.51 0.38
3722,0.62 14 0.00 0.07 0.26 0.680.90 14 0.23 0.20 0.46 0.930.65 14 0.06 0.17 0.46 0.930.65 14 0.04 0.07 0.46 0.930.74 14 0.00 0.07 0.26 0.870.33 8 0.47 0.70 0.61 0.94
3723,0.0 1 0.0 0.0 10.0 10.0
3724,0.84 6 0.61 0.48 0.80 0.64
3725,0.44 14 0.07 0.24 0.40 0.670.44 14 0.07 0.24 0.42 1.000.31 14 0.07 0.25 0.20 0.67
3726,0.53 14 0.01 0.01 0.37 0.460.69 14 0.00 0.00 0.37 0.65
3727,0.0 1 0.0 0.0 10.0 10.0
3728,0.32 14 0.48 0.30 0.81 0.670.79 14 0.30 0.28 0.39 0.430.36 14 0.06 0.25 0.10 0.31
3729,0.86 6 0.39 0.42 0.62 0.540.51 6 0.08 0.43 0.28 0.520.61 6 0.00 0.43 0.11 0.500.49 6 0.64 0.42 0.71 0.470.83 6 0.63 0.42 0.71 0.470.36 6 0.26 0.42 0.45 0.520.65 6 0.91 0.42 0.99 0.550.58 6 0.24 0.44 0.42 0.520.80 6 0.00 0.42 0.10 0.500.50 6 0.22 0.43 0.33 0.510.87 6 0.08 0.41 0.26 0.510.55 6 0.00 0.43 0.11 0.500.81 6 0.53 0.41 0.63 0.460.42 6 0.00 0.41 0.24 0.510.39 6 0.91 0.44 0.99 0.550.86 6 0.24 0.42 0.45 0.520.46 6 0.39 0.42 0.62 0.530.45 6 0.62 0.43 0.67 0.47
3730,0.0 1 0.0 0.0 10.0 10.0
3731,0.31 14 0.12 0.08 0.74 1.000.31 14 0.39 0.10 0.59 0.450.84 14 0.39 0.07 0.71 0.45
3732,0.39 14 0.27 0.13 0.59 0.410.57 1 0.09 0.50 0.74 0.980.39 14 0.27 0.13 0.60 0.820.31 14 0.27 0.13 0.60 0.67
3733,0.35 14 0.29 0.24 0.35 0.310.95 14 0.48 0.07 0.58 0.260.78 14 0.63 0.03 0.99 0.410.96 14 0.24 0.16 0.33 0.330.86 14 0.74 0.03 0.98 0.40
3734,0.38 14 0.42 0.12 0.58 0.290.37 14 0.33 0.13 0.67 0.680.43 14 0.00 0.25 0.24 0.680.44 4 0.60 0.23 0.68 0.500.36 14 0.36 0.05 1.00 0.680.45 14 0.10 0.03 0.48 0.690.60 14 0.00 0.02 0.45 0.520.89 14 0.92 0.11 1.00 0.380.92 14 0.43 0.05 0.60 0.290.45 14 0.64 0.05 1.00 0.680.47 14 0.65 0.05 0.96 0.460.35 14 0.29 0.04 0.44 0.340.79 14 0.00 0.02 0.48 0.690.66 14 0.41 0.13 0.61 0.470.42 14 0.03 0.01 0.43 0.340.50 14 0.00 0.01 0.48 1.000.37 14 0.63 0.05 1.00 0.690.59 14 0.00 0.25 0.24 0.680.76 14 0.48 0.04 0.57 0.170.32 14 0.35 0.05 0.99 0.680.44 14 0.35 0.05 0.99 0.680.40 14 0.64 0.05 1.00 0.680.71 14 0.35 0.04 1.00 1.000.81 14 0.35 0.05 1.00 0.69
3735,0.0 1 0.0 0.0 10.0 10.0
3736,0.47 14 0.73 0.17 0.92 0.470.70 14 0.74 0.17 0.92 0.33
3737,0.48 1 0.28 0.33 0.83 0.750.46 1 0.58 0.52 0.83 0.750.34 1 0.27 0.25 0.83 0.740.35 1 0.31 0.30 0.83 0.74
3738,0.0 1 0.0 0.0 10.0 10.0
3739,0.30 14 0.40 0.47 0.56 0.730.50 14 0.38 0.47 0.55 0.750.57 14 0.38 0.47 0.54 0.750.50 14 0.56 0.37 0.61 0.43
3740,0.31 6 0.11 0.24 0.67 0.430.46 6 0.11 0.24 0.68 0.460.34 6 0.00 0.40 0.04 0.440.71 6 0.04 0.38 0.10 0.440.43 6 0.29 0.28 0.68 0.460.40 6 0.60 0.45 0.71 0.54
3741,0.36 15 0.26 0.01 0.65 0.530.45 15 0.62 0.01 0.88 0.47
3742,0.36 6 0.00 0.02 0.60 1.00
3743,0.0 1 0.0 0.0 10.0 10.0
3744,0.82 14 0.45 0.00 0.63 0.180.32 14 0.43 0.00 0.74 0.560.50 14 0.65 0.00 0.96 0.480.31 14 0.41 0.00 0.73 0.700.87 14 0.76 0.00 0.95 0.480.40 14 0.62 0.01 0.73 0.450.76 14 0.63 0.02 0.73 0.13
3745,0.87 14 0.46 0.39 0.57 0.650.49 14 0.62 0.37 0.71 0.500.80 14 0.46 0.39 0.57 0.550.69 14 0.58 0.37 0.71 0.680.60 14 0.59 0.37 0.71 0.61
3746,0.62 6 0.01 0.14 0.78 0.630.73 6 0.01 0.14 0.88 0.63
3747,0.40 14 0.28 0.16 0.38 0.550.40 14 0.60 0.91 0.66 0.990.77 14 0.29 0.16 0.37 0.360.57 14 0.00 0.16 0.38 0.98
3748,0.0 1 0.0 0.0 10.0 10.0
3749,0.0 1 0.0 0.0 10.0 10.0
3750,0.30 6 0.00 0.00 0.27 0.370.43 6 0.38 0.06 0.81 0.230.63 6 0.05 0.07 0.83 0.73
3751,0.54 19 0.66 0.37 0.78 0.490.59 8 0.61 0.49 0.75 0.730.83 14 0.23 0.19 0.39 0.750.42 19 0.66 0.37 0.79 0.480.31 8 0.04 0.45 0.21 0.760.38 15 0.61 0.42 0.65 0.490.32 19 0.66 0.37 0.77 0.48
3752,0.97 14 0.18 0.20 0.35 0.550.32 8 0.58 0.41 0.69 0.580.51 14 0.28 0.20 0.36 0.540.95 14 0.40 0.22 0.53 0.580.35 14 0.27 0.21 0.35 0.410.36 14 0.25 0.21 0.34 0.400.39 8 0.67 0.33 0.82 0.560.37 14 0.27 0.21 0.35 0.410.96 14 0.43 0.19 0.71 0.59
3753,0.37 6 0.01 0.12 0.90 0.680.36 6 0.01 0.31 0.91 0.68
3754,0.91 14 0.03 0.37 0.07 0.470.97 14 0.65 0.37 0.73 0.610.46 6 0.00 0.36 0.04 0.450.40 14 0.73 0.13 0.76 0.19
3755,0.0 1 0.0 0.0 10.0 10.0
3756,0.68 14 0.23 0.07 0.48 0.490.86 14 0.32 0.10 0.64 0.510.77 14 0.00 0.11 0.23 0.420.93 14 0.67 0.08 0.85 0.490.31 14 0.10 0.05 0.48 0.570.45 14 0.32 0.12 0.48 0.520.73 14 0.78 0.14 1.00 0.620.80 14 0.11 0.10 0.28 0.450.90 14 0.86 0.14 0.95 0.280.88 14 0.00 0.17 0.15 0.400.90 14 0.22 0.06 0.48 0.540.40 14 0.74 0.09 0.87 0.510.43 14 0.00 0.17 0.15 0.500.90 14 0.45 0.10 0.64 0.510.63 14 0.17 0.05 0.43 0.440.71 14 0.12 0.11 0.24 0.340.80 14 0.00 0.17 0.08 0.310.39 14 0.00 0.11 0.22 0.560.55 14 0.77 0.14 1.00 0.62
3757,0.63 14 0.10 0.49 0.13 0.560.59 6 0.73 0.50 0.78 0.530.75 6 0.58 0.49 0.66 0.54
3758,0.35 6 0.04 0.06 0.56 0.56
3759,0.45 14 0.12 0.44 0.61 0.910.57 14 0.09 0.06 0.50 0.630.31 14 0.10 0.07 0.51 0.860.31 14 0.10 0.07 0.50 0.850.34 14 0.11 0.02 0.61 1.00
3760,0.89 14 0.61 0.06 0.78 0.170.35 14 0.34 0.00 0.40 0.070.68 14 0.68 0.06 0.78 0.17
3761,0.54 14 0.50 0.50 0.61 0.640.51 14 0.01 0.00 0.34 0.680.31 14 0.70 0.50 0.80 0.660.52 14 0.53 0.47 0.81 0.660.62 14 0.69 0.47 0.80 0.660.34 14 0.14 0.00 0.37 0.660.56 14 0.51 0.49 0.76 0.650.82 14 0.00 0.01 0.34 1.000.72 14 0.51 0.48 0.81 1.00
3762,0.0 1 0.0 0.0 10.0 10.0
3763,0.0 1 0.0 0.0 10.0 10.0
3764,0.69 6 0.20 0.29 0.48 0.510.90 14 0.40 0.24 0.45 0.300.39 6 0.17 0.28 0.49 0.520.78 14 0.33 0.26 0.37 0.300.93 14 0.55 0.33 0.61 0.47
3765,0.77 6 0.55 0.50 0.61 0.58
3766,0.53 14 0.01 0.13 0.04 0.210.86 14 0.02 0.14 0.06 0.210.40 14 0.14 0.05 0.41 0.570.76 14 0.13 0.05 0.44 0.660.85 14 0.07 0.13 0.11 0.210.43 14 0.17 0.15 0.20 0.22
3767,0.30 14 0.21 0.05 0.51 0.670.71 14 0.21 0.05 0.64 0.670.55 14 0.21 0.05 0.50 0.670.43 14 0.01 0.04 0.57 1.000.85 14 0.21 0.05 0.65 1.00
3768,0.0 1 0.0 0.0 10.0 10.0
3769,0.32 6 0.59 0.30 0.99 0.500.52 6 0.00 0.44 0.16 0.640.49 6 0.59 0.29 0.99 0.510.52 6 0.38 0.29 1.00 0.51
3770,0.64 14 0.73 0.31 0.88 0.510.87 14 0.63 0.31 0.84 0.550.90 14 0.13 0.22 0.28 0.440.43 14 0.73 0.11 0.84 0.300.82 14 0.74 0.09 0.89 0.320.70 14 0.12 0.28 0.28 0.440.63 14 0.40 0.24 0.55 0.380.66 14 0.18 0.22 0.28 0.400.81 14 0.00 0.28 0.27 0.450.57 14 0.20 0.23 0.28 0.390.34 14 0.71 0.31 0.81 0.490.31 14 0.62 0.10 0.89 0.550.32 14 0.17 0.24 0.28 0.440.44 14 0.75 0.31 0.88 0.510.93 14 0.61 0.14 0.82 0.540.71 14 0.74 0.09 0.89 0.520.46 14 0.61 0.15 0.79 0.430.53 14 0.62 0.11 0.88 0.550.33 14 0.60 0.15 0.81 0.40
3771,0.0 1 0.0 0.0 10.0 10.0
3772,0.40 14 0.47 0.25 0.89 0.67
3773,0.0 1 0.0 0.0 10.0 10.0
3774,0.67 1 0.09 0.52 0.63 0.88
3775,0.0 1 0.0 0.0 10.0 10.0
3776,0.43 14 0.23 0.35 0.45 0.560.80 14 0.24 0.35 0.46 0.840.61 14 0.11 0.35 0.54 0.850.49 14 0.23 0.35 0.57 0.82
3777,0.92 14 0.29 0.35 0.33 0.460.36 14 0.26 0.36 0.28 0.41
3778,0.54 14 0.03 0.16 0.81 0.580.64 6 0.04 0.15 0.81 0.61
3779,0.50 6 0.01 0.37 0.16 0.440.38 14 0.12 0.18 0.40 0.460.78 14 0.12 0.18 0.40 0.620.95 14 0.32 0.05 0.49 0.44
3780,0.82 6 0.00 0.16 0.28 0.460.82 6 0.14 0.16 0.87 0.54
3781,0.84 14 0.63 0.54 0.68 0.700.64 14 0.20 0.21 0.45 0.730.83 14 0.20 0.21 0.52 0.740.70 14 0.21 0.21 0.51 0.930.77 14 0.54 0.54 0.68 0.74
3782,0.81 14 0.38 0.06 0.58 0.380.49 14 0.31 0.21 0.72 0.660.72 14 0.38 0.06 0.61 0.420.79 14 0.31 0.20 0.70 0.520.58 14 0.31 0.20 0.49 0.520.33 14 0.31 0.20 0.64 0.650.60 14 0.38 0.05 0.57 0.26
3783,0.94 14 0.21 0.13 0.43 0.570.86 14 0.21 0.24 0.42 0.570.96 14 0.48 0.13 0.67 0.66
3784,0.78 14 0.04 0.09 0.25 0.370.31 1 0.06 0.31 0.29 0.670.91 14 0.04 0.08 0.27 0.49
3785,0.32 14 0.42 0.02 0.77 0.660.37 14 0.15 0.02 0.81 1.000.36 14 0.43 0.01 0.89 0.660.46 14 0.11 0.01 1.00 1.00
3786,0.0 1 0.0 0.0 10.0 10.0
3787,0.76 6 0.00 0.45 0.06 0.500.50 6 0.29 0.45 0.60 0.530.32 6 0.26 0.30 0.93 0.51
3788,0.45 14 0.46 0.09 0.61 0.360.38 14 0.31 0.11 0.49 0.450.54 6 0.16 0.25 0.24 0.290.32 6 0.08 0.23 0.15 0.270.52 14 0.55 0.10 0.90 0.540.71 14 0.18 0.40 0.45 0.660.95 14 0.94 0.15 1.00 0.500.60 6 0.24 0.24 0.33 0.290.77 6 0.15 0.24 0.23 0.280.66 6 0.90 0.26 0.96 0.310.81 14 0.46 0.09 0.61 0.550.94 14 0.31 0.11 0.50 0.580.90 14 0.01 0.21 0.08 0.310.55 6 0.22 0.25 0.28 0.290.79 6 0.23 0.24 0.32 0.290.34 14 0.03 0.40 0.44 0.670.79 14 0.45 0.09 0.62 0.560.44 6 0.12 0.24 0.18 0.280.64 6 0.17 0.24 0.26 0.290.57 14 0.55 0.10 0.94 0.560.91 14 0.05 0.21 0.09 0.310.38 6 0.25 0.24 0.32 0.290.70 6 0.12 0.25 0.18 0.280.80 14 0.47 0.09 0.92 0.560.37 14 0.38 0.09 0.93 0.590.33 14 0.56 0.11 0.87 0.560.68 6 0.10 0.25 0.16 0.28
3789,0.31 6 0.67 0.22 0.94 0.380.31 6 0.64 0.26 0.97 0.380.34 6 0.65 0.22 1.00 0.380.31 6 0.63 0.23 1.00 0.390.37 6 0.64 0.22 1.00 0.38
3790,0.45 14 0.26 0.24 0.55 0.990.40 14 0.25 0.22 0.54 0.900.50 14 0.26 0.22 0.53 0.690.66 14 0.27 0.23 0.55 0.82
3791,0.0 1 0.0 0.0 10.0 10.0
3792,0.0 1 0.0 0.0 10.0 10.0
3793,0.61 14 0.15 0.00 0.43 0.310.41 14 0.13 0.22 0.20 0.29
3794,0.50 15 0.48 0.30 0.54 0.400.59 15 0.43 0.30 0.49 0.390.46 15 0.07 0.45 0.17 0.560.62 15 0.01 0.08 0.11 0.180.48 15 0.69 0.45 0.88 0.710.54 15 0.65 0.28 0.73 0.410.69 15 0.40 0.29 0.49 0.380.63 15 0.15 0.33 0.25 0.490.46 6 0.84 0.33 0.89 0.420.68 15 0.50 0.08 0.64 0.220.57 15 0.00 0.37 0.10 0.530.69 14 0.00 0.40 0.11 0.700.67 15 0.16 0.36 0.25 0.490.54 15 0.15 0.28 0.39 0.490.76 14 0.06 0.39 0.18 0.710.63 15 0.49 0.30 0.56 0.400.67 14 0.00 0.39 0.23 0.710.32 14 0.00 0.39 0.17 1.010.32 15 0.15 0.34 0.24 0.440.37 15 0.73 0.27 0.87 0.440.47 14 0.07 0.39 0.15 0.550.32 15 0.48 0.02 0.64 0.240.38 15 0.58 0.30 0.64 0.400.42 15 0.00 0.38 0.09 0.53
3795,0.82 14 0.62 0.02 0.67 0.110.36 6 0.13 0.00 0.38 0.090.63 6 0.83 0.28 0.90 0.420.81 14 0.70 0.01 0.80 0.200.82 14 0.83 0.03 0.89 0.160.58 14 0.64 0.00 0.70 0.120.37 6 0.11 0.26 0.48 0.430.67 6 0.01 0.24 0.49 0.650.47 6 0.01 0.01 0.65 0.650.86 14 0.67 0.01 0.81 0.510.59 6 0.48 0.40 0.64 0.510.74 14 0.82 0.03 0.89 0.360.60 14 0.64 0.01 0.69 0.13
3796,0.31 14 0.47 0.10 0.57 0.210.31 1 0.47 0.34 0.82 0.660.62 1 0.46 0.44 0.82 0.660.34 1 0.47 0.47 0.73 0.660.42 14 0.38 0.09 0.57 0.340.94 14 0.58 0.23 0.81 0.520.36 1 0.47 0.46 0.69 0.660.82 14 0.58 0.23 0.81 0.570.45 14 0.57 0.24 0.80 0.44
3797,0.43 14 0.22 0.48 0.36 0.710.50 8 0.60 0.47 0.86 0.720.65 14 0.22 0.48 0.49 0.700.34 8 0.35 0.56 0.51 0.700.45 4 0.43 0.41 0.46 0.490.90 14 0.50 0.30 0.59 0.400.48 14 0.06 0.32 0.35 0.710.56 14 0.49 0.30 0.62 0.690.90 14 0.50 0.30 0.60 0.470.64 14 0.06 0.32 0.49 0.710.36 14 0.09 0.32 0.23 0.510.94 14 0.06 0.32 0.25 0.710.31 8 0.60 0.54 0.81 0.710.96 14 0.56 0.34 0.78 0.690.42 4 0.40 0.40 0.44 0.490.35 14 0.58 0.30 0.62 0.36
3798,0.94 14 0.14 0.21 0.40 0.530.84 14 0.37 0.35 0.50 0.51
3799,0.87 14 0.03 0.10 0.99 0.640.46 14 0.03 0.11 0.99 1.00
3800,0.85 14 0.26 0.08 0.50 0.640.97 14 0.51 0.14 0.75 0.50
3801,0.0 1 0.0 0.0 10.0 10.0
3802,0.71 14 0.43 0.37 0.46 0.440.81 14 0.20 0.38 0.23 0.450.87 14 0.77 0.37 0.81 0.440.88 14 0.68 0.36 0.71 0.420.50 14 0.21 0.38 0.26 0.490.76 14 0.20 0.37 0.22 0.440.68 14 0.77 0.37 0.81 0.440.46 14 0.58 0.36 0.60 0.420.54 14 0.20 0.38 0.23 0.440.89 14 0.15 0.37 0.18 0.440.83 14 0.35 0.36 0.38 0.420.46 14 0.60 0.38 0.63 0.43
3803,0.0 1 0.0 0.0 10.0 10.0
3804,0.87 6 0.85 0.27 1.00 0.430.85 6 0.32 0.30 0.77 0.440.63 6 0.52 0.32 0.76 0.43
3805,0.62 14 0.11 0.06 0.59 0.660.45 14 0.28 0.05 0.57 0.470.34 14 0.10 0.05 0.60 1.000.80 14 0.12 0.05 0.72 1.00
3806,0.0 1 0.0 0.0 10.0 10.0
3807,0.36 6 0.36 0.31 0.62 0.420.56 6 0.29 0.47 0.37 0.520.35 14 0.00 0.51 0.05 0.650.85 14 0.15 0.47 0.18 0.530.81 14 0.14 0.47 0.16 0.530.43 6 0.21 0.48 0.26 0.520.59 6 0.02 0.48 0.07 0.530.45 6 0.14 0.30 0.68 0.470.86 14 0.00 0.50 0.05 0.650.67 6 0.19 0.48 0.24 0.520.49 6 0.21 0.47 0.26 0.520.55 6 0.07 0.48 0.14 0.530.66 6 0.04 0.48 0.12 0.530.39 6 0.16 0.31 0.63 0.440.60 6 0.16 0.49 0.22 0.530.81 6 0.05 0.48 0.14 0.530.73 14 0.13 0.47 0.15 0.530.67 6 0.29 0.48 0.45 0.540.77 6 0.61 0.32 0.68 0.37
3808,0.0 1 0.0 0.0 10.0 10.0
3809,0.32 6 0.16 0.06 0.23 0.110.31 15 0.00 0.16 0.15 0.460.38 6 0.43 0.26 0.53 0.360.64 6 0.08 0.05 0.24 0.110.52 14 0.32 0.26 0.36 0.37
3810,0.0 1 0.0 0.0 10.0 10.0
3811,0.32 14 0.46 0.33 0.70 0.590.47 14 0.00 0.05 0.35 0.610.52 14 0.46 0.33 1.00 0.610.63 14 0.11 0.06 0.35 0.600.41 14 0.46 0.33 0.72 0.600.40 14 0.00 0.05 0.42 1.000.47 14 0.45 0.00 1.00 0.610.34 14 0.46 0.32 0.86 1.000.46 14 0.46 0.33 1.00 1.000.39 14 0.48 0.33 0.68 0.580.46 14 0.45 0.00 1.00 1.00
3812,0.49 6 0.74 0.23 0.81 0.280.71 6 0.68 0.23 0.75 0.250.52 6 0.74 0.23 0.80 0.280.92 14 0.01 0.22 0.05 0.380.94 14 0.05 0.21 0.09 0.380.39 6 0.68 0.23 0.80 0.28
3813,0.60 6 0.22 0.20 0.71 0.66
3814,0.40 14 0.48 0.00 0.71 0.520.59 14 0.08 0.00 0.90 0.53
3815,0.0 1 0.0 0.0 10.0 10.0
3816,0.46 14 0.22 0.11 0.29 0.260.35 14 0.48 0.13 0.59 0.390.47 14 0.53 0.13 0.60 0.490.50 14 0.22 0.11 0.28 0.390.37 14 0.04 0.60 0.32 0.910.37 14 0.14 0.11 0.28 0.410.50 14 0.01 0.60 0.32 0.930.38 14 0.05 0.61 0.27 0.740.82 14 0.48 0.13 0.58 0.480.54 14 0.48 0.13 0.59 0.39
3817,0.77 6 0.29 0.49 0.52 0.680.37 6 0.45 0.47 0.78 0.740.91 14 0.28 0.49 0.32 0.650.46 6 0.00 0.49 0.25 0.680.86 6 0.00 0.50 0.21 0.680.82 6 0.45 0.47 0.78 0.74
3818,0.0 1 0.0 0.0 10.0 10.0
3819,0.53 14 0.27 0.18 0.61 0.870.31 14 0.45 0.00 0.62 0.610.46 14 0.42 0.13 0.63 0.850.76 14 0.13 0.19 0.58 0.880.32 14 0.17 0.01 0.63 0.870.43 14 0.17 0.21 0.82 0.880.43 14 0.34 0.18 0.59 0.870.37 14 0.42 0.01 0.63 0.86
3820,0.0 1 0.0 0.0 10.0 10.0
3821,0.33 8 0.25 0.76 0.55 1.000.48 8 0.33 0.55 0.42 0.78
3822,0.36 4 0.58 0.20 0.62 0.310.64 14 0.29 0.59 0.35 0.77
3823,0.0 1 0.0 0.0 10.0 10.0
3824,0.43 6 0.29 0.38 0.59 0.710.96 14 0.83 0.40 0.87 0.560.95 14 0.00 0.48 0.06 0.680.39 6 0.79 0.34 0.89 0.45
3825,0.0 1 0.0 0.0 10.0 10.0
3826,0.0 1 0.0 0.0 10.0 10.0
3827,0.94 14 0.34 0.30 0.41 0.470.94 14 0.12 0.51 0.25 0.800.86 14 0.00 0.41 0.15 0.810.51 14 0.00 0.42 0.13 0.62
3828,0.41 8 0.42 0.37 0.52 0.470.33 8 0.26 0.39 0.37 0.460.44 14 0.16 0.15 0.24 0.220.54 8 0.41 0.37 0.53 0.52
3829,0.95 14 0.34 0.23 0.56 0.540.64 1 0.24 0.35 0.62 0.55
3830,0.81 14 0.64 0.51 0.68 0.65
3831,0.69 14 0.47 0.14 0.62 0.380.69 14 0.48 0.42 0.58 0.560.40 14 0.41 0.14 0.62 0.400.95 14 0.17 0.12 0.49 0.600.86 14 0.70 0.47 0.76 0.570.63 14 0.44 0.14 0.73 0.580.43 14 0.45 0.41 0.61 0.600.49 14 0.45 0.24 0.73 0.600.34 14 0.44 0.14 0.74 0.59
3832,0.0 1 0.0 0.0 10.0 10.0
3833,0.35 14 0.01 0.00 0.64 0.750.32 14 0.00 0.00 0.89 0.76
3834,0.33 6 0.72 0.29 0.75 0.330.39 6 0.06 0.23 0.55 0.570.35 6 0.54 0.28 0.70 0.410.36 6 0.06 0.18 0.56 0.570.37 6 0.55 0.23 0.74 0.410.59 6 0.55 0.26 0.73 0.41
3835,0.36 6 0.12 0.45 0.74 0.850.82 6 0.00 0.64 0.12 0.75
3836,0.0 1 0.0 0.0 10.0 10.0
3837,0.56 14 0.16 0.14 0.69 0.870.55 14 0.44 0.40 0.75 0.940.73 14 0.17 0.14 0.58 0.830.48 14 0.32 0.14 0.58 0.850.56 14 0.00 0.15 0.76 1.000.40 14 0.16 0.14 0.75 0.850.36 14 0.16 0.14 0.75 0.900.60 14 0.12 0.40 0.75 1.00
3838,0.0 1 0.0 0.0 10.0 10.0
3839,0.60 4 0.50 0.26 0.55 0.390.93 14 0.34 0.21 0.44 0.360.43 4 0.37 0.33 0.45 0.610.33 4 0.19 0.38 0.28 0.620.56 4 0.75 0.32 0.87 0.620.64 4 0.67 0.30 0.74 0.580.38 4 0.61 0.35 0.71 0.620.31 4 0.89 0.32 0.98 0.580.63 6 0.35 0.64 0.49 0.700.52 4 0.36 0.30 0.43 0.480.44 4 0.88 0.32 0.98 0.610.32 4 0.19 0.29 0.28 0.570.41 4 0.68 0.30 0.73 0.450.34 4 0.03 0.33 0.08 0.500.31 4 0.00 0.33 0.06 0.670.59 4 0.29 0.34 0.36 0.580.65 14 0.34 0.21 0.44 0.320.56 4 0.29 0.33 0.37 0.590.47 4 0.19 0.29 0.28 0.610.65 4 0.49 0.30 0.58 0.610.31 4 0.46 0.27 0.55 0.600.59 4 0.21 0.29 0.27 0.460.38 4 0.75 0.27 0.88 0.610.54 4 0.08 0.33 0.17 0.600.55 4 0.35 0.29 0.45 0.620.36 4 0.62 0.27 0.71 0.610.37 4 0.48 0.34 0.58 0.620.38 4 0.63 0.28 0.68 0.440.58 4 0.63 0.27 0.69 0.41
3840,0.67 14 0.04 0.39 0.39 0.600.68 15 0.15 0.61 0.28 0.75
3841,0.41 14 0.42 0.12 0.51 0.270.65 14 0.19 0.17 0.45 0.650.62 14 0.19 0.20 0.50 0.660.51 14 0.19 0.17 0.45 0.650.46 14 0.28 0.16 0.43 0.52
3842,0.34 15 0.02 0.04 0.10 0.140.56 8 0.62 0.33 0.72 0.480.97 14 0.34 0.21 0.54 0.45
3843,0.72 14 0.18 0.08 0.67 1.000.56 14 0.21 0.07 0.61 1.000.31 14 0.17 0.08 0.56 0.890.41 14 0.24 0.08 0.66 0.870.85 14 0.00 0.08 0.67 1.00
3844,0.59 15 0.44 0.42 0.51 0.520.36 19 0.10 0.15 0.22 0.290.62 8 0.59 0.52 0.78 0.760.33 19 0.10 0.14 0.21 0.290.93 14 0.12 0.48 0.41 0.75
3845,0.62 6 0.95 0.04 1.00 0.170.85 6 0.03 0.03 0.42 0.210.55 6 0.00 0.08 0.14 0.210.48 6 0.78 0.07 0.97 0.150.47 6 0.13 0.02 0.42 0.210.48 6 0.05 0.03 0.43 0.210.87 6 0.03 0.10 0.97 0.570.54 6 0.00 0.08 0.14 0.210.89 6 0.80 0.07 0.96 0.150.82 6 0.67 0.05 0.74 0.10
3846,0.32 14 0.69 0.00 0.89 0.700.76 14 0.94 0.00 1.00 0.710.34 14 0.45 0.12 0.54 0.480.53 14 0.70 0.00 0.91 0.690.42 14 0.34 0.15 0.72 0.690.92 14 0.14 0.00 0.52 0.700.90 14 0.70 -0.00 0.97 0.710.59 14 0.06 0.39 0.15 0.460.36 14 0.35 0.15 0.72 0.690.94 14 0.53 0.15 0.71 0.66
3847,0.92 14 0.04 0.01 0.11 0.170.85 6 0.02 0.04 0.89 0.61
3848,0.0 1 0.0 0.0 10.0 10.0
3849,0.90 14 0.34 0.07 0.54 0.410.32 14 0.32 0.07 0.73 0.560.44 14 0.35 0.06 0.54 0.27
3850,0.88 14 0.33 0.23 0.47 0.870.51 14 0.11 0.23 0.48 0.950.94 14 0.12 0.08 0.39 0.940.31 14 0.33 0.25 0.47 0.83
3851,0.39 14 0.60 0.00 0.77 0.260.36 14 0.21 0.39 0.75 1.000.50 14 0.35 0.48 0.70 0.730.43 14 0.58 0.23 1.00 1.000.57 14 0.00 0.01 0.38 0.750.32 14 0.68 0.33 0.97 0.750.39 14 0.55 0.27 0.99 1.000.61 14 0.58 0.25 0.82 0.720.32 14 0.59 0.19 1.00 0.740.45 14 0.19 0.44 0.49 0.730.42 14 0.35 0.42 0.48 0.600.80 14 0.03 0.01 0.33 0.540.47 14 0.48 0.00 0.78 0.450.42 14 0.21 0.43 0.48 0.710.42 14 0.35 0.37 0.74 0.740.56 14 0.00 0.01 0.37 1.000.72 14 0.57 0.25 0.99 0.750.37 14 0.22 0.39 0.72 0.740.35 14 0.34 0.25 0.75 0.740.45 14 0.56 0.25 0.77 0.740.48 14 0.46 0.24 1.00 1.000.35 14 0.60 0.00 0.78 0.29
3852,0.54 6 0.52 0.28 0.58 0.33
3853,0.0 1 0.0 0.0 10.0 10.0
3854,0.79 14 0.00 0.20 0.49 0.76
3855,0.39 14 0.47 0.22 0.62 0.480.35 14 0.43 0.22 0.74 0.740.52 14 0.00 0.07 0.28 0.560.63 14 0.61 0.23 0.83 0.470.31 14 0.45 0.19 0.84 0.750.67 14 0.05 0.39 0.46 0.750.43 14 0.46 0.22 0.62 0.510.55 14 0.04 0.07 0.29 0.760.31 14 0.27 0.40 0.46 0.720.33 14 0.65 0.00 0.84 0.450.70 14 0.47 0.14 0.71 0.500.36 14 0.00 0.28 0.15 0.450.77 14 0.05 0.06 0.46 0.760.57 14 0.61 0.23 0.84 0.740.50 14 0.61 0.11 0.83 0.500.33 14 0.20 0.08 0.46 0.750.45 14 0.02 0.27 0.38 0.750.39 14 0.00 0.28 0.16 0.560.57 14 0.47 0.21 0.70 0.510.49 14 0.06 0.07 0.29 0.410.61 14 0.00 0.27 0.17 1.000.62 14 0.18 0.08 0.29 0.380.47 14 0.60 0.18 0.84 0.750.83 14 0.00 0.27 0.16 0.750.61 14 0.28 0.40 0.45 0.750.79 14 0.47 0.14 0.83 0.500.59 14 0.46 0.15 0.84 0.750.32 14 0.58 0.18 0.72 0.490.44 14 0.47 0.22 0.74 0.750.32 14 0.59 0.12 0.83 0.49
3856,0.58 14 0.00 0.01 0.59 0.750.33 14 0.55 0.44 0.69 0.740.90 14 0.00 0.01 0.59 1.000.82 14 0.70 0.43 0.89 0.750.80 14 0.56 0.43 0.90 1.000.32 14 0.53 0.43 0.98 1.00
3857,0.34 6 0.01 0.02 0.77 0.74
3858,0.0 1 0.0 0.0 10.0 10.0
3859,0.30 19 0.46 0.12 0.60 0.350.79 14 0.13 0.29 0.27 0.540.41 19 0.46 0.12 0.60 0.350.87 14 0.13 0.29 0.42 0.730.32 14 0.14 0.29 0.24 0.51
3860,0.0 1 0.0 0.0 10.0 10.0
3861,0.0 1 0.0 0.0 10.0 10.0
3862,0.34 14 0.23 0.29 0.30 0.51
3863,0.65 14 0.13 0.31 0.19 0.410.77 14 0.19 0.27 0.22 0.340.66 14 0.29 0.28 0.32 0.330.77 14 0.13 0.31 0.19 0.530.62 14 0.13 0.31 0.20 0.50
3864,0.0 1 0.0 0.0 10.0 10.0
3865,0.32 6 0.34 0.44 0.75 0.700.33 6 0.15 0.55 0.99 1.00
3866,0.82 6 0.12 0.33 0.63 0.890.98 14 0.65 0.24 0.83 0.99
3867,0.81 6 0.56 0.54 0.78 0.680.47 6 0.48 0.59 0.56 0.680.73 6 0.48 0.53 0.76 0.680.40 6 0.56 0.54 0.72 0.68
3868,0.31 14 0.45 0.28 0.55 0.560.89 14 0.45 0.28 0.53 0.420.52 14 0.35 0.39 0.58 1.000.60 14 0.72 0.63 0.81 0.790.66 14 0.18 0.38 0.53 1.000.53 14 0.34 0.38 0.55 0.830.31 14 0.44 0.28 0.53 0.580.32 14 0.17 0.38 0.64 1.000.77 14 0.75 0.42 0.80 0.470.37 14 0.33 0.30 0.52 0.750.38 14 0.46 0.40 0.59 0.640.64 14 0.33 0.38 0.52 0.710.78 14 0.47 0.40 0.57 0.690.76 14 0.47 0.40 0.64 0.700.32 4 0.63 0.68 0.67 0.77
3869,0.54 14 0.08 0.77 0.18 1.000.49 14 0.07 0.75 0.49 1.000.38 14 0.00 0.76 0.19 1.00
3870,0.0 1 0.0 0.0 10.0 10.0
3871,0.39 14 0.24 0.00 0.64 1.00
3872,0.70 6 0.11 0.89 0.16 0.930.32 6 0.69 0.79 0.88 0.990.80 6 0.04 0.89 0.09 0.930.73 6 0.00 0.87 0.04 0.92
3873,0.33 6 0.05 0.09 0.81 0.800.81 6 0.05 0.31 0.81 0.800.62 6 0.05 0.09 0.81 0.80
3874,0.60 14 0.36 0.36 0.55 0.940.35 14 0.10 0.21 0.19 0.590.77 14 0.27 0.35 0.55 0.940.40 6 0.54 0.45 0.75 0.57
3875,0.77 14 0.32 0.09 0.81 0.950.82 14 0.61 0.35 0.81 0.950.46 14 0.10 0.53 0.82 1.000.66 14 0.31 0.10 0.59 0.950.62 14 0.09 0.51 0.36 0.940.51 14 0.31 0.09 0.63 0.650.47 14 0.08 0.20 0.44 0.940.31 14 0.00 0.22 0.40 0.950.31 14 0.09 0.50 0.35 0.930.31 14 0.60 0.04 0.80 0.930.42 14 0.32 0.54 0.81 0.960.37 14 0.60 0.36 0.68 0.590.47 14 0.60 0.00 0.77 0.30
3876,0.83 14 0.40 0.48 0.48 0.620.32 14 0.34 0.47 0.48 0.630.88 14 0.34 0.47 0.41 0.630.84 14 0.48 0.47 0.61 0.550.60 14 0.34 0.47 0.46 0.630.44 14 0.51 0.48 0.61 0.56
3877,0.31 14 0.31 0.20 0.50 0.650.84 14 -0.00 0.09 0.54 1.000.53 14 -0.00 0.07 0.67 1.000.40 14 0.30 0.20 0.67 0.91
3878,0.40 6 0.36 0.35 0.41 0.400.37 6 0.33 0.36 0.40 0.410.83 6 0.00 0.47 0.10 0.640.56 6 0.32 0.35 0.38 0.410.88 6 0.16 0.34 0.25 0.410.91 6 0.00 0.36 0.08 0.410.85 6 0.26 0.34 0.33 0.410.82 6 0.32 0.35 0.40 0.420.85 6 0.07 0.35 0.14 0.41
3879,0.32 14 0.32 0.30 0.54 0.630.95 14 0.32 0.28 0.44 0.580.47 14 0.39 0.29 0.47 0.510.58 14 0.42 0.32 0.53 0.530.87 14 0.39 0.28 0.48 0.510.90 14 0.42 0.32 0.54 0.62
3880,0.36 14 0.00 0.19 0.14 0.500.31 14 0.00 0.19 0.14 0.520.55 14 0.00 0.18 0.16 0.870.49 14 0.00 0.18 0.14 0.59
3881,0.39 0 0.04 0.26 0.87 0.50
3882,0.46 14 0.35 0.47 0.48 0.620.69 14 0.03 0.29 0.49 1.00
3883,0.0 1 0.0 0.0 10.0 10.0
3884,0.30 14 0.14 0.15 0.61 1.000.53 14 0.15 0.44 0.43 0.850.55 14 0.44 0.56 0.60 0.700.40 14 0.07 0.15 0.59 0.850.51 14 0.35 0.56 0.61 1.00
3885,0.68 14 0.31 0.06 0.79 0.68
3886,0.0 1 0.0 0.0 10.0 10.0
3887,0.52 6 0.69 0.04 0.76 0.080.38 19 0.25 0.19 0.47 0.400.65 14 0.32 0.23 0.37 0.36
3888,0.38 6 0.05 0.16 0.62 0.46
3889,0.47 6 0.10 0.02 0.79 0.970.73 6 0.10 0.14 0.80 0.960.32 6 0.40 0.00 0.91 0.43
3890,0.0 1 0.0 0.0 10.0 10.0
3891,0.55 6 0.03 0.12 0.72 0.95
3892,0.61 14 0.01 0.01 0.82 1.000.37 14 0.32 0.34 0.82 1.00
3893,0.0 1 0.0 0.0 10.0 10.0
3894,0.74 14 0.83 0.38 0.94 0.830.71 14 0.77 0.38 0.94 0.920.96 14 0.77 0.29 0.85 0.590.37 14 0.76 0.56 0.86 0.950.94 14 0.83 0.38 0.94 0.830.51 14 0.77 0.30 0.85 0.660.42 14 0.77 0.29 0.85 0.850.32 14 0.83 0.38 0.94 0.70
3895,0.0 1 0.0 0.0 10.0 10.0
3896,0.0 1 0.0 0.0 10.0 10.0
3897,0.0 1 0.0 0.0 10.0 10.0
3898,0.53 14 0.28 0.15 0.40 0.470.76 14 0.52 0.22 0.56 0.320.96 14 0.68 0.18 0.77 0.400.95 14 0.58 0.19 0.65 0.38
3899,0.55 14 0.25 0.20 0.49 0.470.59 1 0.16 0.37 0.59 0.690.92 14 0.26 0.19 0.49 0.560.48 14 0.25 0.19 0.39 0.45
3900,0.86 14 0.11 0.17 0.15 0.290.68 6 0.24 0.05 0.74 0.40
3901,0.66 14 0.30 0.13 0.58 0.660.36 4 0.72 0.08 0.75 0.160.31 14 0.62 0.30 0.79 0.660.35 14 0.40 0.22 0.79 0.660.74 14 0.18 0.15 0.46 0.660.37 14 0.39 0.13 0.57 0.420.32 14 0.30 0.36 0.45 0.660.44 14 0.18 0.11 0.56 0.660.41 14 0.52 0.19 0.68 0.500.60 14 0.38 0.14 0.58 0.660.89 14 0.26 0.08 0.34 0.230.86 14 0.05 0.09 0.51 0.630.87 14 0.16 0.08 0.25 0.300.67 14 0.05 0.08 0.26 0.550.68 14 0.29 0.12 0.58 0.660.30 14 0.36 0.23 0.69 0.670.85 14 0.40 0.18 0.68 0.670.80 14 0.55 0.18 0.68 0.390.42 4 0.67 0.08 0.70 0.16
3902,0.31 6 0.01 0.82 0.61 1.00
3903,0.0 1 0.0 0.0 10.0 10.0
3904,0.76 14 0.01 0.42 0.04 0.470.34 14 0.34 0.42 0.36 0.470.53 14 0.01 0.42 0.04 0.470.30 6 0.00 0.37 0.19 0.460.55 6 0.01 0.35 0.18 0.46
3905,0.80 14 0.17 0.22 0.58 0.830.50 14 0.15 0.17 0.35 0.830.38 14 0.55 0.13 0.73 0.710.74 14 0.00 0.33 0.15 0.660.54 14 0.15 0.22 0.58 0.830.50 4 0.06 0.72 0.14 0.830.56 14 0.51 0.13 0.72 0.820.31 14 0.28 0.22 0.57 0.830.39 14 0.17 0.16 0.32 0.480.92 14 0.06 0.16 0.31 0.830.45 14 0.00 0.33 0.16 0.790.71 14 0.56 0.13 0.86 0.830.52 14 0.26 0.22 0.57 0.830.76 14 0.51 0.13 0.86 0.830.55 14 0.43 0.13 0.71 0.830.56 14 0.56 0.13 0.72 0.620.44 14 0.43 0.13 0.86 0.830.34 14 0.57 0.13 0.72 0.58
3906,0.36 14 0.25 0.23 0.36 0.540.49 14 0.24 0.23 0.36 0.550.59 14 0.26 0.24 0.35 0.430.81 14 0.14 0.23 0.36 0.790.60 14 0.29 0.06 0.63 0.800.51 14 0.32 0.10 0.63 0.80
3907,0.33 14 0.00 0.01 0.65 1.00
3908,0.0 1 0.0 0.0 10.0 10.0
3909,0.0 1 0.0 0.0 10.0 10.0
3910,0.73 6 0.02 0.54 0.08 0.590.38 6 0.05 0.13 0.92 0.69
3911,0.67 14 0.41 0.13 0.44 0.200.56 6 0.83 0.21 0.99 0.450.86 14 0.14 0.13 0.18 0.240.56 14 0.31 0.14 0.35 0.230.32 14 0.46 0.14 0.49 0.230.87 6 0.10 0.23 0.90 0.650.89 14 0.08 0.17 0.13 0.270.70 6 0.85 0.21 0.99 0.28
3912,0.31 14 0.00 0.49 0.56 1.000.31 14 0.36 0.33 0.64 0.780.77 14 0.51 0.47 0.59 0.550.47 14 0.08 0.35 0.57 0.810.35 14 0.00 0.02 0.21 0.300.55 14 0.38 0.34 0.58 0.560.44 14 0.08 0.35 0.58 1.000.30 14 0.62 -0.00 1.00 0.450.75 14 0.51 0.43 0.63 0.570.60 14 0.38 0.34 0.66 0.590.47 14 0.15 0.05 0.35 0.380.48 14 0.17 0.11 0.33 0.300.69 14 0.38 0.34 0.59 0.600.54 14 0.55 0.35 0.66 0.490.78 14 0.53 0.47 0.60 0.58
3913,0.57 14 0.56 0.12 0.73 0.460.41 14 0.57 0.12 0.69 0.290.40 14 0.13 0.14 0.39 0.470.90 14 0.14 0.14 0.38 0.460.36 14 0.13 0.14 0.45 0.490.49 14 0.15 0.14 0.31 0.410.40 14 0.57 0.12 0.70 0.360.30 14 0.14 0.15 0.31 0.470.96 14 0.55 0.12 0.85 0.460.32 14 0.57 0.13 0.73 0.43
3914,0.73 14 0.00 0.03 0.64 1.00
3915,0.42 14 0.34 0.18 0.56 0.570.31 14 0.35 0.18 0.56 0.580.94 14 0.34 0.17 0.56 0.89
3916,0.0 1 0.0 0.0 10.0 10.0
3917,0.0 1 0.0 0.0 10.0 10.0
3918,0.72 14 0.03 0.10 0.36 0.660.45 14 0.02 0.10 0.50 0.670.64 14 0.02 0.10 0.49 1.00
3919,0.93 14 0.40 0.12 0.49 0.310.44 14 0.09 0.22 0.43 0.620.71 14 0.73 0.17 0.84 0.350.33 14 0.71 0.18 0.96 0.540.75 14 0.70 0.18 0.96 0.660.45 14 0.11 0.18 0.38 0.480.38 14 0.26 0.16 0.47 0.670.45 14 0.72 0.17 0.85 0.500.94 14 0.27 0.16 0.40 0.370.56 14 0.10 0.23 0.38 0.670.94 14 0.46 0.13 0.57 0.320.91 14 0.10 0.22 0.45 0.660.53 14 0.18 0.17 0.28 0.350.52 14 0.09 0.23 0.35 0.660.61 14 0.09 0.23 0.27 0.600.71 14 0.57 0.15 0.72 0.640.47 14 0.71 0.18 0.96 0.520.47 14 0.57 0.15 0.65 0.320.92 14 0.64 0.18 0.96 0.660.93 14 0.57 0.15 0.72 0.32
3920,0.33 14 0.77 0.22 0.89 0.440.92 14 0.00 0.11 0.32 0.670.94 14 0.63 0.19 0.81 0.440.86 14 0.63 0.19 0.88 0.450.39 14 0.64 0.19 0.79 0.400.34 14 0.65 0.19 0.81 0.40
3921,0.84 14 0.21 0.34 0.23 0.430.91 14 0.66 0.30 0.71 0.450.82 14 0.42 0.64 0.48 0.790.92 14 0.56 0.31 0.60 0.460.46 14 0.09 0.36 0.11 0.440.84 14 0.25 0.33 0.27 0.420.90 14 0.52 0.31 0.56 0.470.96 14 0.14 0.33 0.23 0.67
3922,0.39 6 0.48 0.05 0.57 0.130.79 6 0.74 0.13 0.79 0.280.82 6 0.66 0.09 0.73 0.170.36 6 0.66 0.10 0.73 0.170.70 6 0.45 0.05 0.54 0.140.36 6 0.73 0.12 0.78 0.200.42 6 0.10 0.18 0.76 0.750.48 6 0.71 0.10 0.78 0.190.70 6 0.51 0.08 0.63 0.150.73 6 0.50 0.07 0.58 0.140.67 6 0.01 0.01 0.37 0.410.49 6 0.01 0.18 0.76 1.000.49 6 0.66 0.10 0.76 0.180.47 6 0.41 0.03 0.48 0.130.34 6 0.50 0.07 0.58 0.150.79 6 0.52 0.08 0.63 0.150.75 6 0.10 0.18 0.76 0.750.75 6 0.62 0.08 0.68 0.150.32 6 0.62 0.08 0.68 0.15
3923,0.0 1 0.0 0.0 10.0 10.0
3924,0.97 14 0.73 0.54 0.81 0.87
3925,0.34 14 0.55 0.26 0.65 0.500.95 14 0.36 0.24 0.57 0.750.97 14 0.02 0.24 0.20 1.000.55 14 0.34 0.24 0.57 0.99
3926,0.79 14 0.28 0.16 0.58 1.000.30 14 0.22 0.29 0.37 0.810.37 14 0.49 0.25 0.80 1.000.40 14 0.54 0.23 0.74 0.750.71 14 0.32 0.16 0.56 0.820.94 14 0.02 0.29 0.37 1.000.66 14 0.50 0.23 0.80 1.000.62 14 0.23 0.23 0.80 1.000.34 14 0.33 0.23 0.80 1.00
3927,0.0 1 0.0 0.0 10.0 10.0
3928,0.86 14 0.44 0.15 0.50 0.48
3929,0.65 6 0.26 0.15 0.85 0.610.33 14 0.81 0.22 0.88 0.430.85 14 0.86 0.21 0.89 0.300.37 14 0.82 0.21 0.88 0.380.46 6 0.26 0.15 0.83 0.470.56 6 0.01 0.14 0.85 0.690.43 14 0.80 0.22 0.87 0.430.41 6 0.00 0.12 0.30 0.460.95 14 0.80 0.22 0.87 0.35
3930,0.40 14 0.33 0.21 0.47 0.450.78 14 0.43 0.22 0.65 0.690.95 14 0.23 0.21 0.38 0.680.37 14 0.34 0.21 0.46 0.370.97 14 0.11 0.25 0.23 0.610.63 14 0.24 0.21 0.48 0.670.44 14 0.24 0.26 0.37 0.570.42 14 0.23 0.22 0.37 0.560.69 14 0.42 0.22 0.61 0.660.90 14 0.33 0.20 0.47 0.660.41 14 0.23 0.21 0.36 0.450.37 14 0.22 0.21 0.35 0.480.41 14 0.27 0.26 0.35 0.370.35 14 0.25 0.27 0.39 0.670.30 14 0.34 0.22 0.65 0.700.85 14 0.40 0.22 0.65 0.690.34 14 0.43 0.22 0.58 0.46
3931,0.0 1 0.0 0.0 10.0 10.0
3932,0.0 1 0.0 0.0 10.0 10.0
3933,0.0 1 0.0 0.0 10.0 10.0
3934,0.59 15 0.27 0.17 0.36 0.360.39 15 0.32 0.28 0.42 0.380.33 15 0.25 0.18 0.34 0.330.36 15 0.31 0.26 0.45 0.460.37 15 0.12 0.09 0.34 0.350.42 15 0.30 0.27 0.38 0.36
3935,0.35 14 0.56 0.18 0.94 0.720.36 14 0.00 0.29 0.26 1.000.69 14 0.00 0.04 0.78 1.000.32 14 0.00 0.29 0.24 1.00
3936,0.0 1 0.0 0.0 10.0 10.0
3937,0.33 14 0.52 0.18 0.65 0.760.95 14 0.52 0.17 0.64 0.450.35 14 0.52 0.17 0.65 0.650.42 14 0.52 0.18 0.65 0.640.40 14 0.51 0.17 0.68 0.860.95 14 0.49 0.39 0.68 0.87
3938,0.76 14 0.15 0.27 0.17 0.34
3939,0.33 14 0.77 0.60 0.79 0.68
3940,0.81 6 0.14 0.36 0.88 0.78
3941,0.49 6 0.57 0.46 0.72 0.690.32 6 0.26 0.44 0.44 0.760.47 6 0.00 0.39 0.29 0.890.37 6 0.42 0.44 0.61 0.73
3942,0.95 14 0.85 0.46 0.89 0.64
3943,0.65 4 0.47 0.23 0.52 0.38
3944,0.56 14 0.14 0.31 0.46 0.990.72 14 0.14 0.29 0.65 1.000.60 14 0.04 0.27 0.66 1.00
3945,0.31 14 0.19 0.08 0.73 1.000.48 14 0.14 0.31 0.28 0.630.38 14 0.01 0.21 0.42 0.740.66 14 0.17 0.20 0.42 0.750.34 14 0.38 0.08 0.63 0.620.37 14 0.17 0.20 0.43 0.670.49 14 0.22 0.20 0.43 0.580.89 14 0.00 0.30 0.27 0.670.73 14 0.38 0.07 0.63 0.740.31 14 0.20 0.20 0.42 0.540.32 14 0.00 0.22 0.42 1.000.46 14 0.13 0.29 0.28 0.570.46 14 0.00 0.29 0.27 1.000.34 14 0.02 0.08 0.75 1.000.55 14 0.27 0.20 0.42 0.470.46 14 0.21 0.20 0.43 0.680.52 14 0.14 0.31 0.28 0.580.72 14 0.38 0.07 0.75 0.74
3946,0.82 6 0.15 0.33 0.92 0.63
3947,0.81 6 0.65 0.36 0.89 0.440.40 6 0.79 0.38 0.88 0.440.97 14 0.32 0.29 0.48 0.750.32 6 0.00 0.58 0.17 0.750.61 6 0.43 0.44 0.91 0.750.82 6 0.80 0.38 1.00 0.580.35 6 0.64 0.35 0.79 0.43
3948,0.35 14 0.32 0.34 0.52 0.580.32 14 0.33 0.45 0.53 0.750.59 14 0.04 0.32 0.37 0.750.48 14 0.20 0.34 0.53 0.750.72 14 0.33 0.34 0.53 0.750.80 14 0.19 0.34 0.53 0.750.45 14 0.21 0.34 0.70 0.75
3949,0.68 14 0.26 0.22 0.53 0.850.37 14 0.16 0.23 0.53 0.860.91 14 0.53 0.21 0.58 0.280.39 14 0.26 0.20 0.47 0.600.46 14 0.44 0.21 0.53 0.540.91 14 0.03 0.14 0.53 0.860.68 14 0.03 0.14 0.32 0.860.31 6 0.51 0.35 0.63 0.500.33 6 0.51 0.36 0.62 0.49
3950,0.55 14 0.22 0.22 0.60 0.750.88 14 0.21 0.19 0.48 0.750.37 14 0.21 0.20 0.60 0.750.62 14 0.41 0.22 0.58 0.750.39 14 0.24 0.22 0.59 0.750.54 14 0.41 0.22 0.64 0.75
3951,0.74 6 0.71 0.14 0.83 0.220.65 6 0.70 0.14 0.83 0.230.45 6 0.34 0.11 0.50 0.240.34 6 0.34 0.11 0.58 0.240.80 6 0.34 0.11 0.50 0.240.56 6 0.47 0.12 0.58 0.230.84 6 0.34 0.11 0.58 0.240.96 14 0.11 0.03 0.22 0.410.92 6 0.71 0.14 0.84 0.220.45 6 0.34 0.11 0.50 0.24
3952,0.41 14 0.08 0.57 0.23 0.840.40 6 0.00 0.21 0.27 0.440.91 14 0.61 0.29 0.64 0.400.78 14 0.37 0.28 0.39 0.380.96 14 0.24 0.23 0.38 0.750.76 14 0.64 0.28 0.67 0.390.83 14 0.53 0.30 0.57 0.380.96 14 0.09 0.35 0.22 0.840.95 14 0.38 0.24 0.56 0.770.72 6 0.10 0.30 0.16 0.360.52 14 0.37 0.65 0.45 0.85
3953,0.48 14 0.70 0.12 0.91 0.600.32 14 0.52 0.09 0.88 0.610.39 14 0.77 0.12 0.92 0.590.33 14 0.22 0.14 0.40 0.350.51 14 0.53 0.09 0.73 0.560.86 14 0.01 0.14 0.51 0.680.43 14 0.54 0.10 0.92 0.610.65 14 0.32 0.14 0.39 0.220.87 14 0.53 0.09 0.82 0.610.47 14 0.77 0.12 0.91 0.490.30 14 0.69 0.09 0.79 0.32
3954,0.39 6 0.10 0.27 0.71 0.460.38 6 0.33 0.33 0.49 0.450.37 6 0.10 0.28 0.22 0.410.33 6 0.11 0.29 0.23 0.41
3955,0.53 14 0.66 0.42 0.75 0.570.91 14 0.65 0.42 0.76 0.59
3956,0.49 14 0.12 0.04 0.51 0.590.37 14 0.12 0.04 0.55 0.710.35 14 0.13 0.04 0.79 0.75
3957,0.85 14 0.47 0.24 0.60 0.380.93 14 0.46 0.24 0.60 0.46
3958,0.67 14 0.20 0.21 0.69 1.000.51 14 0.01 0.22 0.80 1.000.35 14 0.19 0.21 0.68 0.76
3959,0.36 6 0.17 0.35 0.67 0.560.59 6 0.12 0.38 0.18 0.450.32 6 0.08 0.34 0.14 0.400.57 6 0.07 0.34 0.14 0.40
3960,0.40 14 0.29 0.21 0.39 0.350.84 14 0.04 0.18 0.22 0.440.64 1 0.22 0.50 0.46 0.880.44 1 0.20 0.42 0.47 0.880.44 14 0.21 0.23 0.32 0.450.43 1 0.21 0.51 0.46 0.880.89 14 0.29 0.21 0.40 0.420.65 14 0.02 0.19 0.35 0.680.57 14 0.02 0.19 0.22 0.700.48 14 0.22 0.22 0.28 0.300.34 1 0.21 0.47 0.47 0.87
3961,0.97 14 0.37 0.18 0.51 0.58
3962,0.89 14 0.40 0.51 0.47 0.620.61 14 0.09 0.05 0.43 0.850.74 14 0.51 0.69 0.56 0.770.39 14 0.13 0.74 0.19 0.860.64 14 0.08 0.04 0.49 1.010.32 14 0.45 0.47 0.63 0.89
3963,0.32 14 0.49 0.07 0.65 0.330.35 14 0.70 0.12 0.76 0.220.40 14 0.49 0.07 0.64 0.330.92 14 0.20 0.57 0.28 0.660.51 14 0.68 0.12 0.75 0.290.57 14 0.50 0.07 0.75 0.370.39 14 0.68 0.11 0.76 0.300.54 14 0.44 0.07 0.84 0.650.58 14 0.46 0.07 0.85 1.00
3964,0.0 1 0.0 0.0 10.0 10.0
3965,0.37 14 0.55 0.35 0.60 0.410.40 6 0.00 0.43 0.10 0.53
3966,0.32 6 0.41 0.26 0.65 0.410.81 6 0.41 0.25 0.66 0.420.69 14 0.08 0.06 0.11 0.13
3967,0.0 1 0.0 0.0 10.0 10.0
3968,0.84 14 0.35 0.20 0.54 0.470.59 14 0.66 0.26 0.74 0.480.65 14 0.64 0.26 0.74 0.490.35 14 0.35 0.20 0.44 0.360.33 14 0.33 0.20 0.45 0.450.85 14 0.58 0.26 0.67 0.510.95 14 0.15 0.25 0.20 0.470.63 14 0.67 0.27 0.74 0.470.60 14 0.34 0.20 0.49 0.470.92 14 0.58 0.26 0.72 0.510.96 14 0.75 0.24 0.83 0.47
3969,0.32 6 0.04 0.22 0.81 0.41
3970,0.0 1 0.0 0.0 10.0 10.0
3971,0.47 14 0.34 0.01 0.51 0.220.47 14 0.33 0.01 0.70 0.420.34 14 0.27 0.02 0.62 0.480.41 14 0.31 0.02 0.64 0.520.34 6 0.05 0.03 0.98 0.560.64 6 0.04 0.05 0.98 0.570.38 6 0.03 0.13 0.98 0.59
3972,0.36 6 0.04 0.44 0.22 0.560.89 6 0.04 0.44 0.23 0.56
3973,0.38 1 0.24 0.01 0.73 0.50
3974,0.31 14 0.34 0.00 0.49 0.310.68 14 0.34 0.10 0.47 0.240.81 14 0.35 0.10 0.52 0.32
3975,0.0 1 0.0 0.0 10.0 10.0
3976,0.87 14 0.27 0.16 0.56 0.750.33 14 0.00 0.17 0.15 0.420.32 14 0.26 0.16 0.52 0.380.73 14 0.27 0.16 0.55 0.54
3977,0.67 14 0.32 0.00 0.51 0.410.36 14 0.40 0.02 0.67 1.000.32 14 0.42 0.01 0.50 0.110.73 14 0.32 0.01 0.66 0.480.50 14 0.40 0.03 0.66 0.490.31 14 0.40 0.01 0.67 1.000.41 14 0.00 0.32 0.20 0.610.61 14 0.37 0.02 0.66 0.500.47 14 0.36 0.01 0.67 1.00
3978,0.0 1 0.0 0.0 10.0 10.0
3979,0.0 1 0.0 0.0 10.0 10.0
3980,0.31 14 0.43 0.27 0.82 0.740.44 14 0.46 0.22 0.60 0.440.70 14 0.00 0.23 0.63 0.750.77 14 0.00 0.26 0.43 0.750.60 14 0.29 0.22 0.63 0.740.55 14 0.00 0.26 0.44 1.000.40 14 0.01 0.24 0.82 1.000.48 14 0.27 0.26 0.82 0.740.37 14 0.59 0.27 0.79 0.55
3981,0.87 6 0.02 0.40 0.24 0.58
3982,0.0 1 0.0 0.0 10.0 10.0
3983,0.77 14 0.30 0.19 0.57 0.740.38 14 0.03 0.05 0.43 0.650.60 14 0.58 0.03 1.00 1.000.34 14 0.58 0.05 0.90 0.740.35 4 0.44 0.16 0.49 0.260.34 14 0.37 0.20 0.56 0.570.38 14 0.05 0.05 0.45 0.750.46 4 0.36 0.55 0.44 0.660.69 14 0.02 0.05 0.50 0.750.37 14 0.37 0.21 0.56 0.560.79 14 0.36 0.20 0.57 0.750.76 14 0.00 0.04 0.52 1.000.84 14 0.58 0.02 0.90 0.750.86 14 0.58 0.02 1.00 0.75
3984,0.0 1 0.0 0.0 10.0 10.0
3985,0.75 14 0.00 0.52 0.35 1.000.71 14 0.14 0.23 0.35 0.710.55 14 0.15 0.23 0.35 0.600.31 14 0.06 0.51 0.35 1.000.64 14 0.14 0.23 0.35 0.550.64 14 0.01 0.24 0.35 1.000.45 14 0.12 0.54 0.35 1.000.58 14 0.00 0.52 0.27 1.00
3986,0.0 1 0.0 0.0 10.0 10.0
3987,0.80 6 0.18 0.15 0.78 0.49
3988,0.37 14 0.21 0.08 0.45 0.420.32 14 0.21 0.08 0.44 0.420.90 14 0.17 0.08 0.45 0.410.85 14 0.49 0.08 0.82 0.45
3989,0.43 14 0.22 0.64 0.33 0.850.80 14 0.38 0.69 0.42 0.770.43 14 0.24 0.63 0.29 0.690.91 14 0.03 0.65 0.08 0.750.82 14 0.23 0.64 0.28 0.680.80 14 0.10 0.37 0.14 0.460.75 14 0.16 0.61 0.19 0.670.83 14 0.10 0.65 0.13 0.700.86 6 0.54 0.66 0.67 0.85
3990,0.35 14 0.45 0.24 0.54 0.430.96 14 0.35 0.24 0.47 0.670.95 14 0.24 0.21 0.39 0.670.51 14 0.23 0.23 0.49 0.670.67 14 0.45 0.24 0.54 0.660.51 14 0.44 0.24 0.56 0.670.97 14 0.51 0.22 0.68 0.67
3991,0.46 15 0.21 0.42 0.27 0.480.70 15 0.21 0.32 0.30 0.470.97 14 0.08 0.34 0.15 0.520.56 15 0.56 0.40 0.60 0.46
3992,0.46 14 0.13 0.23 0.45 0.730.51 14 0.00 0.03 0.41 0.620.47 14 0.00 0.24 0.52 1.000.59 14 0.00 0.24 0.44 0.880.36 14 0.13 0.23 0.51 0.860.47 14 0.29 0.04 0.67 0.870.32 14 0.28 0.05 0.67 0.90
3993,0.30 14 0.40 0.01 0.55 0.180.84 14 0.69 0.00 0.79 0.290.48 14 0.40 0.00 0.74 0.26
3994,0.39 1 0.30 0.45 0.59 0.730.35 1 0.00 0.51 0.04 0.630.35 1 0.30 0.52 0.50 0.720.49 14 0.45 0.32 0.59 0.500.32 1 0.31 0.43 0.52 0.720.36 14 0.38 0.40 0.45 0.480.71 14 0.45 0.32 0.59 0.480.35 1 0.30 0.49 0.57 0.730.93 14 0.00 0.44 0.04 0.560.70 1 0.13 0.44 0.29 0.610.33 14 0.37 0.32 0.60 0.500.95 14 0.18 0.38 0.28 0.590.43 1 0.13 0.48 0.29 0.610.84 14 0.38 0.32 0.59 0.730.42 1 0.13 0.38 0.60 0.720.41 1 0.30 0.49 0.59 0.730.60 1 0.30 0.42 0.60 0.72
3995,0.52 14 0.24 0.30 0.31 0.350.67 6 0.04 0.10 0.11 0.140.52 6 0.09 0.00 0.60 0.430.36 6 0.09 0.26 0.31 0.410.30 14 0.24 0.30 0.31 0.380.36 6 0.52 0.00 0.61 0.03
3996,0.77 14 0.57 0.11 0.63 0.190.93 14 0.47 0.31 0.53 0.380.33 6 0.64 0.33 0.73 0.390.94 14 0.34 0.29 0.42 0.380.57 14 0.73 0.30 0.76 0.400.46 14 0.46 0.31 0.54 0.430.86 14 0.76 0.33 0.79 0.40
3997,0.96 14 0.40 0.08 0.48 0.34
3998,0.0 1 0.0 0.0 10.0 10.0
3999,0.0 1 0.0 0.0 10.0 10.0
4000,0.0 1 0.0 0.0 10.0 10.0
4001,0.76 14 0.67 0.51 0.85 1.000.97 14 0.28 0.11 0.47 0.670.98 14 0.00 0.09 0.22 0.680.91 14 0.69 0.50 0.85 0.670.97 14 0.61 0.11 0.80 0.64
4002,0.79 14 0.38 0.05 0.58 0.510.83 14 0.35 0.18 0.64 0.640.55 14 0.83 0.27 0.87 0.360.82 14 0.74 0.29 0.78 0.370.52 14 0.41 0.04 0.57 0.330.40 14 0.73 0.29 0.79 0.520.33 14 0.85 0.31 0.89 0.490.77 14 0.35 0.16 0.64 0.530.35 14 0.40 0.04 0.57 0.360.38 14 0.73 0.29 0.78 0.47
4003,0.0 1 0.0 0.0 10.0 10.0
4004,0.0 1 0.0 0.0 10.0 10.0
4005,0.69 14 0.00 0.06 0.61 1.000.80 14 0.12 0.06 0.48 0.840.72 14 0.16 0.25 0.20 0.330.41 14 0.17 0.06 0.46 0.470.65 14 0.00 0.06 0.49 1.000.31 14 0.07 0.23 0.15 0.300.93 14 0.01 0.23 0.17 0.560.44 14 0.00 0.06 0.60 1.00
4006,0.31 15 0.00 0.77 0.11 0.99
4007,0.88 14 0.15 0.09 0.27 0.560.78 14 0.15 0.09 0.27 0.610.37 8 0.54 0.48 0.75 0.66
4008,0.74 14 0.21 0.25 0.48 0.860.63 1 0.12 0.62 0.60 0.910.84 14 0.21 0.22 0.51 0.800.46 14 0.21 0.19 0.52 0.860.92 14 0.03 0.37 0.20 0.65
4009,0.34 14 0.17 0.43 0.72 1.000.50 14 0.47 0.43 0.85 1.000.41 14 0.49 0.61 0.70 0.930.92 14 0.00 0.29 0.24 0.810.32 14 0.47 0.42 0.73 0.760.67 14 0.00 0.29 0.24 1.000.85 14 0.68 0.27 0.88 0.900.35 14 0.47 0.56 0.71 0.930.75 14 0.47 0.42 0.73 0.940.75 14 0.58 0.27 0.88 1.00
4010,0.0 1 0.0 0.0 10.0 10.0
4011,0.37 14 0.34 0.18 0.89 1.00
4012,0.67 14 0.54 0.02 0.58 0.140.79 14 0.52 0.01 0.57 0.130.94 14 0.10 0.00 0.21 0.350.95 14 0.78 0.11 0.84 0.460.96 14 0.71 0.08 0.78 0.460.46 14 0.84 0.13 0.88 0.290.53 14 0.49 0.01 0.53 0.130.35 14 0.10 0.00 0.30 0.350.42 14 0.58 0.03 0.64 0.220.43 15 0.63 0.33 0.73 0.460.86 14 0.00 0.19 0.09 0.390.68 14 0.76 0.02 0.83 0.270.91 14 0.58 0.03 0.64 0.200.38 14 0.53 0.02 0.62 0.420.92 14 0.21 0.00 0.30 0.340.36 14 0.85 0.14 0.89 0.440.35 15 0.53 0.26 0.64 0.460.88 14 0.77 0.02 0.84 0.460.52 14 0.60 0.04 0.64 0.20
4013,0.85 6 0.00 0.60 0.06 0.700.68 14 0.07 0.16 0.13 0.29
4014,0.0 1 0.0 0.0 10.0 10.0
4015,0.0 1 0.0 0.0 10.0 10.0
4016,0.42 6 0.14 0.55 0.23 0.61
4017,0.92 14 0.38 0.52 0.52 0.650.32 14 0.00 0.13 0.42 0.640.88 14 0.00 0.13 0.42 0.670.92 14 0.48 0.12 0.83 0.67
4018,0.31 14 0.31 0.12 0.44 0.540.50 14 0.47 0.39 0.56 0.510.42 14 0.34 0.26 0.66 0.620.39 14 0.31 0.12 0.41 0.35
4019,0.92 14 0.29 0.44 0.35 0.530.55 14 0.10 0.43 0.12 0.48
4020,0.95 14 0.47 0.22 0.67 0.61
4021,0.96 14 0.67 0.34 0.74 0.550.92 14 0.77 0.36 0.82 0.480.94 14 0.74 0.34 0.78 0.460.34 6 0.75 0.29 0.83 0.360.33 14 0.58 0.34 0.62 0.530.31 14 0.73 0.34 0.76 0.460.95 14 0.39 0.36 0.44 0.500.85 14 0.56 0.34 0.61 0.530.96 14 0.59 0.33 0.66 0.54
4022,0.0 1 0.0 0.0 10.0 10.0
4023,0.30 14 0.13 0.25 0.41 0.790.91 14 0.08 0.25 0.44 0.82
4024,0.49 14 0.00 0.08 0.35 0.960.35 14 0.14 0.10 0.38 0.910.90 14 0.14 0.36 0.33 0.920.70 14 0.14 0.10 0.34 0.910.39 14 0.11 0.00 0.47 0.150.75 14 0.12 0.09 0.37 0.910.72 14 0.02 0.08 0.34 0.920.93 14 0.42 0.18 0.62 0.88
4025,0.0 1 0.0 0.0 10.0 10.0
4026,0.32 14 0.00 0.01 0.10 0.60
4027,0.0 1 0.0 0.0 10.0 10.0
4028,0.0 1 0.0 0.0 10.0 10.0
4029,0.81 14 0.36 0.37 0.66 0.870.54 14 0.00 0.28 0.30 0.880.81 14 0.00 0.13 0.55 0.880.52 14 0.37 0.54 0.65 0.87
4030,0.0 1 0.0 0.0 10.0 10.0
4031,0.91 14 0.62 0.09 0.72 0.490.66 14 0.62 0.08 0.72 0.35
4032,0.59 6 0.18 0.37 0.88 0.760.75 14 0.34 0.36 0.39 0.430.91 14 0.58 0.05 0.82 0.430.96 14 0.29 0.35 0.38 0.440.34 6 0.18 0.37 0.73 0.720.84 14 0.58 0.05 1.00 0.72
4033,0.56 1 0.18 0.40 0.71 0.890.61 14 0.20 0.13 0.45 0.680.90 14 0.20 0.13 0.45 0.750.36 1 0.18 0.26 0.70 0.90
4034,0.71 6 0.18 0.39 0.66 0.96
4035,0.96 14 0.14 0.21 0.45 1.000.86 14 0.53 0.11 0.88 0.800.63 8 0.54 0.67 0.80 1.000.93 14 0.53 0.12 0.88 0.99
4036,0.35 6 0.14 0.36 0.74 0.920.67 6 0.13 0.37 0.73 0.91
4037,0.42 4 0.55 0.06 0.64 0.450.32 4 0.43 0.57 0.53 0.970.45 4 0.74 0.54 0.83 0.960.65 4 0.64 0.57 0.73 0.970.60 4 0.24 0.57 0.34 0.960.63 4 0.34 0.56 0.43 0.960.51 4 0.53 0.57 0.63 0.970.82 14 0.15 0.57 0.24 0.960.92 14 0.03 0.01 0.21 1.000.31 4 0.35 0.57 0.42 0.750.74 4 0.44 0.57 0.53 0.970.37 4 0.56 0.06 0.67 0.450.30 4 0.65 0.05 0.73 0.28
4038,0.33 6 0.83 0.07 0.89 0.180.79 6 0.01 0.01 0.83 1.000.87 6 0.83 0.07 0.90 0.18
4039,0.74 6 0.03 0.29 0.88 0.87
4040,0.78 6 0.42 0.53 0.69 0.73
4041,0.0 1 0.0 0.0 10.0 10.0
4042,0.92 14 0.26 0.76 0.31 0.94
4043,0.42 14 0.33 0.12 0.45 0.300.79 14 0.16 0.18 0.32 0.570.70 14 0.42 0.12 0.59 0.430.82 14 0.16 0.12 0.60 0.570.59 14 0.22 0.12 0.46 0.570.34 14 0.16 0.12 0.45 0.380.62 14 0.16 0.18 0.26 0.380.72 14 0.34 0.12 0.44 0.280.33 14 0.29 0.12 0.59 0.44
4044,0.0 1 0.0 0.0 10.0 10.0
4045,0.68 14 0.01 0.16 0.36 0.760.41 14 0.01 0.01 0.70 0.750.59 14 0.00 0.01 0.71 1.000.38 14 0.00 0.16 0.34 1.00
4046,0.96 14 0.39 0.08 0.60 0.750.62 6 0.11 0.17 0.80 0.710.96 14 0.75 0.18 0.80 0.320.97 14 0.02 0.18 0.09 0.42
4047,0.37 15 0.34 0.59 0.45 0.720.33 19 0.23 0.15 0.39 0.37
4048,0.42 6 0.00 0.25 0.92 0.55
4049,0.74 15 0.58 0.32 0.65 0.40
4050,0.32 15 0.58 0.34 0.68 0.520.54 15 0.58 0.33 0.68 0.53
4051,0.33 14 0.70 0.14 0.90 0.450.53 14 0.70 0.15 0.87 0.620.52 14 0.53 0.17 0.97 0.670.66 14 0.82 0.22 0.98 0.640.54 14 0.72 0.14 0.85 0.370.33 14 0.86 0.22 0.94 0.310.37 14 0.83 0.23 0.97 0.440.37 14 0.53 0.17 0.88 0.620.43 14 0.70 0.15 0.96 0.500.49 14 0.70 0.14 0.96 0.470.60 14 0.52 0.17 0.83 0.650.31 14 0.00 0.01 0.46 0.670.57 14 0.70 0.14 0.97 0.650.59 14 0.53 0.16 0.97 0.660.88 14 0.53 0.16 0.83 0.660.75 14 0.70 0.17 0.98 0.640.53 14 0.73 0.14 0.83 0.270.46 14 0.53 0.16 0.98 0.660.66 14 0.70 0.14 0.86 0.43
4052,0.65 6 0.00 0.13 0.34 0.49
4053,0.66 6 0.00 0.31 0.10 0.480.58 6 0.56 0.49 0.63 0.530.85 6 0.00 0.35 0.09 0.480.67 6 0.05 0.32 0.67 0.740.82 6 0.45 0.47 0.57 0.56
4054,0.0 1 0.0 0.0 10.0 10.0
4055,0.36 6 0.90 0.16 0.99 0.21
4056,0.66 15 0.20 0.35 0.31 0.480.43 15 0.20 0.07 0.32 0.490.58 15 0.20 0.08 0.33 0.49
4057,0.40 14 0.02 0.23 0.33 1.000.48 14 0.38 0.15 0.63 0.970.74 14 0.36 0.18 0.41 0.340.95 14 0.00 0.01 0.29 1.000.31 14 0.05 0.01 0.27 0.970.77 14 0.47 0.26 0.64 0.86
4058,0.86 14 0.18 0.27 0.61 1.000.67 14 0.06 0.03 0.34 1.000.84 14 0.00 0.03 0.33 1.00
4059,0.0 1 0.0 0.0 10.0 10.0
4060,0.66 14 0.49 0.15 0.79 1.000.78 14 0.48 0.15 0.72 0.610.45 14 0.48 0.15 0.72 0.640.62 14 0.13 0.13 0.73 1.000.54 14 0.49 0.15 0.75 1.00
4061,0.0 1 0.0 0.0 10.0 10.0
4062,0.0 1 0.0 0.0 10.0 10.0
4063,0.72 14 0.01 0.43 0.90 1.000.35 6 0.06 0.01 1.00 0.77
4064,0.32 14 0.28 0.15 0.60 0.880.38 14 0.43 0.16 0.52 0.390.94 14 0.11 0.07 0.26 0.890.66 14 0.42 0.15 0.59 0.400.72 14 0.17 0.07 0.26 0.330.38 14 0.36 0.15 0.59 0.88
4065,0.32 8 0.19 0.64 0.39 0.850.60 8 0.18 0.64 0.39 0.88
4066,0.0 1 0.0 0.0 10.0 10.0
4067,0.67 14 0.69 0.10 0.92 0.51
4068,0.95 14 0.29 0.09 0.49 0.48
4069,0.0 1 0.0 0.0 10.0 10.0
4070,0.0 1 0.0 0.0 10.0 10.0
4071,0.83 6 0.00 0.04 0.10 0.120.54 6 0.00 0.04 0.10 0.130.88 14 0.02 0.00 0.51 0.67
4072,0.96 14 0.28 0.18 0.52 0.450.91 14 0.00 0.16 0.09 0.480.52 14 0.00 0.16 0.12 1.00
4073,0.41 15 0.40 0.30 0.48 0.380.32 15 0.31 0.29 0.40 0.390.67 15 0.32 0.27 0.47 0.390.53 15 0.32 0.28 0.42 0.39
4074,0.38 14 0.00 0.18 0.42 1.000.74 14 0.00 0.14 0.42 0.76
4075,0.96 14 0.44 0.08 0.56 0.47
4076,0.47 15 0.23 0.07 0.49 0.720.43 15 0.23 0.07 0.52 0.720.39 15 0.24 0.07 0.54 0.720.61 15 0.23 0.07 0.54 0.72
4077,0.41 14 0.46 0.06 0.60 0.300.70 14 0.36 0.07 0.51 0.350.52 14 0.23 0.45 0.51 0.700.67 14 0.41 0.46 0.50 0.620.68 14 0.01 0.15 0.20 0.400.37 14 0.66 0.56 0.74 0.690.45 14 0.55 0.41 0.70 0.610.75 14 0.22 0.45 0.37 0.700.47 14 0.23 0.53 0.49 0.700.85 14 0.46 0.06 0.62 0.510.32 14 0.00 0.51 0.50 1.000.52 14 0.00 0.15 0.18 0.490.43 14 0.00 0.15 0.22 0.700.73 14 0.26 0.45 0.35 0.590.84 14 0.59 0.03 0.77 0.360.92 14 0.25 0.06 0.37 0.350.93 14 0.02 0.41 0.26 0.710.34 14 0.41 0.45 0.57 0.680.31 14 0.31 0.06 0.62 0.520.85 14 0.16 0.09 0.26 0.350.73 14 0.00 0.14 0.25 0.710.90 14 0.53 0.42 0.74 0.700.73 14 0.34 0.45 0.46 0.610.43 14 0.15 0.42 0.26 0.640.88 14 0.45 0.52 0.56 0.690.43 14 0.46 0.42 0.75 0.700.44 14 0.46 0.52 0.56 0.68
4078,0.38 8 0.48 0.48 0.59 0.580.40 8 0.30 0.45 0.39 0.520.31 8 0.47 0.54 0.58 0.660.38 8 0.47 0.48 0.58 0.65
4079,0.76 6 0.29 0.49 0.36 0.540.36 6 0.14 0.59 0.20 0.640.32 6 0.40 0.48 0.47 0.520.75 6 0.41 0.48 0.47 0.52
4080,0.0 1 0.0 0.0 10.0 10.0
4081,0.48 14 0.30 0.32 0.57 1.000.70 14 0.41 0.74 0.56 1.000.97 14 0.14 0.33 0.29 1.000.73 14 0.40 0.32 0.56 1.00
4082,0.32 6 0.67 0.34 0.77 0.500.35 6 0.10 0.49 0.60 0.860.65 14 0.51 0.49 0.54 0.56
4083,0.89 14 0.27 0.31 0.36 0.430.39 14 0.16 0.26 0.24 0.410.37 14 0.16 0.26 0.36 0.43
4084,0.0 1 0.0 0.0 10.0 10.0
4085,0.32 1 0.68 0.46 0.91 1.00
4086,0.0 1 0.0 0.0 10.0 10.0
4087,0.63 6 0.00 0.46 0.13 0.700.92 14 0.20 0.33 0.25 0.490.38 6 0.02 0.30 0.77 0.860.94 14 0.11 0.37 0.14 0.530.35 6 0.26 0.34 0.77 0.80
4088,0.49 14 0.47 0.15 0.51 0.240.81 14 0.40 0.15 0.43 0.250.42 14 0.47 0.17 0.50 0.240.86 14 0.59 0.15 0.64 0.240.31 14 0.43 0.15 0.45 0.230.34 6 0.00 0.21 0.03 0.300.36 14 0.41 0.15 0.44 0.250.68 6 0.79 0.22 0.89 0.330.35 14 0.75 0.16 0.77 0.210.86 6 0.00 0.21 0.09 0.310.83 14 0.79 0.16 0.81 0.250.54 14 0.34 0.20 0.37 0.260.34 14 0.36 0.17 0.40 0.250.74 14 0.52 0.16 0.55 0.230.86 14 0.45 0.15 0.49 0.240.66 6 0.05 0.08 0.36 0.430.60 6 0.31 0.20 0.38 0.280.49 6 0.02 0.12 0.88 1.000.66 6 0.02 0.12 0.89 1.000.37 14 0.74 0.16 0.77 0.210.69 14 0.55 0.16 0.58 0.24
4089,0.70 14 0.21 0.09 0.55 0.440.53 14 0.24 0.34 0.63 0.580.34 14 0.17 0.35 0.72 0.590.30 14 0.43 0.13 0.55 0.380.40 14 0.06 0.34 0.73 1.000.75 14 0.19 0.09 0.64 0.570.39 14 0.22 0.35 0.47 0.510.52 14 0.19 0.34 0.72 0.590.31 14 0.19 0.10 0.87 0.650.91 14 0.67 0.08 0.75 0.21
4090,0.68 6 0.66 0.24 0.85 0.410.41 6 0.67 0.28 0.84 0.410.95 14 0.33 0.21 0.45 0.440.33 6 0.02 0.14 0.33 0.440.80 14 0.16 0.18 0.22 0.250.50 6 0.65 0.24 0.85 0.41
4091,0.69 14 0.49 0.40 0.57 0.530.47 6 0.00 0.39 0.54 0.650.93 14 0.72 0.37 0.76 0.49
4092,0.31 14 0.03 0.33 0.62 1.000.56 14 0.37 0.33 0.61 0.660.30 14 0.09 0.14 0.62 0.670.52 14 0.09 0.32 0.62 1.000.45 14 0.09 0.11 0.62 0.650.60 14 0.06 0.08 0.62 1.000.52 15 0.10 0.25 0.28 0.390.46 14 0.00 0.37 0.21 1.000.35 14 0.09 0.10 0.77 1.000.68 14 0.00 0.37 0.20 0.650.48 14 0.13 0.32 0.61 0.650.33 14 0.29 0.33 0.62 0.66
4093,0.39 14 0.14 0.16 0.20 0.230.46 4 0.80 0.43 0.85 0.560.38 14 0.39 0.08 0.62 0.470.90 14 0.11 0.09 0.43 0.490.85 14 0.39 0.08 0.69 0.420.84 14 0.21 0.10 0.43 0.480.87 14 0.39 0.07 0.69 0.470.80 14 0.40 0.08 0.69 0.46
4094,0.0 1 0.0 0.0 10.0 10.0
4095,0.0 1 0.0 0.0 10.0 10.0
4096,0.84 14 0.00 0.04 0.54 1.00
4097,0.41 15 0.46 0.27 0.51 0.330.95 14 0.16 0.31 0.29 0.460.73 14 0.49 0.31 0.58 0.480.78 14 0.05 0.34 0.14 0.500.94 14 0.34 0.30 0.43 0.490.62 4 0.61 0.61 0.66 0.700.39 14 0.05 0.32 0.30 0.750.77 14 0.49 0.31 0.60 0.550.96 14 0.42 0.32 0.51 0.500.35 14 0.18 0.32 0.29 0.490.76 14 0.04 0.34 0.15 0.750.94 14 0.04 0.34 0.14 0.610.46 14 0.33 0.30 0.42 0.420.96 14 0.57 0.33 0.69 0.600.59 14 0.49 0.32 0.69 0.62
4098,0.42 6 0.34 0.15 0.63 0.470.92 6 0.84 0.26 0.99 0.350.65 6 0.60 0.17 0.85 0.390.39 6 0.84 0.26 0.99 0.340.69 6 0.61 0.32 0.66 0.400.46 6 0.01 0.13 0.36 0.560.34 6 0.66 0.17 0.85 0.38
4099,0.44 6 0.10 0.44 0.24 0.60
4100,0.43 14 0.47 0.15 0.64 0.380.31 14 0.44 0.15 0.64 0.490.88 14 0.67 0.08 0.86 0.390.47 14 0.45 0.15 0.71 0.490.77 14 0.45 0.15 0.69 0.420.50 14 0.64 0.07 0.91 0.640.57 14 0.66 0.07 0.91 0.60
4101,0.32 14 0.06 0.23 0.30 0.500.49 14 0.20 0.46 0.28 0.700.70 14 0.16 0.46 0.27 0.700.92 14 0.07 0.23 0.29 0.70
4102,0.39 14 0.26 0.09 0.49 0.460.57 6 0.49 0.66 0.58 0.720.92 14 0.26 0.09 0.38 0.40
4103,0.54 14 0.00 0.47 0.34 1.000.86 14 0.29 0.11 0.44 0.360.31 14 0.15 0.31 0.36 0.760.61 14 0.38 0.19 0.51 0.390.46 14 0.08 0.12 0.54 0.570.68 14 0.29 0.31 0.37 0.510.40 14 0.29 0.11 0.45 0.520.89 14 0.17 0.47 0.34 0.760.61 14 0.49 0.27 0.59 0.440.39 14 0.33 0.16 0.59 0.480.61 14 0.11 0.30 0.35 0.760.42 14 0.10 0.32 0.35 0.770.57 14 0.29 0.24 0.51 0.520.41 14 0.40 0.32 0.59 0.58
4104,0.31 1 0.13 0.42 0.24 0.650.41 6 0.20 0.04 0.46 0.220.34 14 0.34 0.27 0.42 0.400.44 6 0.00 0.07 0.21 0.280.49 6 0.15 0.04 0.81 0.370.40 14 0.32 0.25 0.41 0.400.32 1 0.14 0.32 0.44 0.630.33 6 0.15 0.04 0.46 0.290.96 14 0.21 0.10 0.42 0.410.32 1 0.13 0.36 0.38 0.650.90 6 0.00 0.08 0.21 0.280.58 6 0.00 0.08 0.22 0.280.33 14 0.31 0.24 0.42 0.410.78 6 0.41 0.04 0.81 0.36
4105,0.31 14 0.86 0.34 0.88 0.400.37 6 0.09 0.15 0.85 0.61
4106,0.35 14 0.28 0.04 0.75 1.000.35 14 0.09 0.28 0.38 0.670.37 14 0.00 0.06 0.30 0.660.66 14 0.09 0.25 0.38 0.670.59 14 0.09 0.07 0.38 0.670.38 14 0.07 0.07 0.39 0.670.30 14 0.00 0.05 0.39 1.000.58 14 0.07 0.04 0.88 1.000.38 14 0.32 0.04 0.88 0.670.38 14 0.32 0.04 0.77 0.670.42 14 0.32 0.03 0.87 1.00
4107,0.0 1 0.0 0.0 10.0 10.0
4108,0.70 6 0.65 0.41 0.89 0.63
4109,0.64 6 0.05 0.30 0.76 0.65
4110,0.78 14 0.36 0.43 0.39 0.520.90 14 0.22 0.44 0.26 0.520.34 14 0.34 0.42 0.36 0.510.92 14 0.14 0.40 0.18 0.540.45 14 0.31 0.43 0.34 0.510.64 15 0.42 0.27 0.52 0.380.57 15 0.26 0.41 0.32 0.500.44 15 0.41 0.27 0.53 0.540.66 14 0.32 0.43 0.35 0.510.54 14 0.16 0.40 0.19 0.530.98 14 0.56 0.34 0.64 0.58
4111,0.38 6 0.04 0.40 0.66 0.89
4112,0.0 1 0.0 0.0 10.0 10.0
4113,0.42 14 0.68 0.45 0.87 1.000.81 14 0.71 0.28 0.87 0.660.36 14 0.36 0.12 0.65 0.670.61 14 0.17 0.11 0.73 0.660.37 14 0.75 0.28 0.89 0.490.47 14 0.18 0.34 0.35 0.670.39 14 0.36 0.11 0.64 0.660.63 14 0.18 0.11 0.75 1.000.51 14 0.71 0.45 0.87 0.670.55 14 0.62 0.29 0.88 0.670.61 14 0.36 0.10 0.76 0.660.36 14 0.61 0.29 0.88 1.00
4114,0.66 14 0.00 0.09 0.55 0.670.81 14 0.00 0.10 0.31 0.670.30 14 0.00 0.12 0.30 0.51
4115,0.66 14 0.25 0.50 0.32 0.57
4116,0.69 6 0.16 0.19 0.83 0.520.66 14 0.09 0.35 0.38 0.660.31 6 0.16 0.19 0.83 0.52
4117,0.36 6 0.09 0.24 0.35 0.39
4118,0.55 14 0.24 0.16 0.50 0.530.45 14 0.56 0.10 0.85 0.500.93 14 0.14 0.16 0.51 0.630.47 14 0.66 0.09 0.85 0.360.44 4 0.50 0.37 0.60 0.670.36 14 0.16 0.16 0.48 0.510.65 14 0.44 0.09 0.89 0.660.54 4 0.49 0.38 0.58 0.670.71 4 0.49 0.36 0.60 0.670.30 4 0.51 0.44 0.61 0.660.53 14 0.66 0.09 0.84 0.35
4119,0.44 6 0.66 0.29 0.76 0.340.80 6 0.66 0.30 0.76 0.340.82 14 0.01 0.13 0.52 0.670.68 14 0.01 0.13 0.36 0.68
4120,0.0 1 0.0 0.0 10.0 10.0
4121,0.38 6 0.53 0.12 0.67 0.210.55 6 0.23 0.01 0.54 0.180.51 6 0.18 0.04 0.66 0.500.40 6 0.17 0.04 0.66 0.500.61 6 0.17 0.08 0.66 0.490.88 6 0.55 0.13 0.67 0.210.70 6 0.23 0.05 0.67 0.230.48 6 0.09 0.03 0.66 0.490.94 6 0.71 0.11 0.89 0.200.50 6 0.71 0.10 0.89 0.20
4122,0.0 1 0.0 0.0 10.0 10.0
4123,0.0 1 0.0 0.0 10.0 10.0
4124,0.93 14 0.36 0.08 0.54 0.440.35 14 0.35 0.09 0.68 0.46
4125,0.0 1 0.0 0.0 10.0 10.0
4126,0.0 1 0.0 0.0 10.0 10.0
4127,0.0 1 0.0 0.0 10.0 10.0
4128,0.56 14 0.15 0.20 0.69 0.740.36 14 0.11 0.13 0.40 0.630.44 14 0.11 0.13 0.42 0.740.77 14 0.09 0.13 0.37 0.540.42 14 0.25 0.20 0.67 0.740.71 14 0.00 0.14 0.36 1.000.60 14 0.14 0.20 0.70 1.00
4129,0.90 14 0.46 0.11 0.61 0.450.45 14 0.46 0.11 0.61 0.60
4130,0.65 14 0.00 0.63 0.16 0.930.78 14 0.50 0.46 0.66 1.000.38 14 0.16 0.04 0.46 1.000.33 14 0.48 0.42 0.57 0.780.86 14 0.00 0.03 0.45 1.000.47 14 0.00 0.63 0.16 1.000.65 14 0.38 0.44 0.66 1.00
4131,0.37 14 0.49 0.35 0.54 0.410.39 14 0.08 0.52 0.17 0.630.58 1 0.37 0.39 0.57 0.500.41 1 0.37 0.40 0.51 0.500.86 6 0.04 0.33 0.28 0.490.74 14 0.49 0.35 0.56 0.420.41 1 0.37 0.40 0.52 0.500.31 1 0.37 0.39 0.56 0.50
4132,0.55 14 0.42 0.17 0.64 0.420.68 14 0.32 0.13 0.46 0.370.46 14 0.31 0.18 0.76 0.660.57 14 0.56 0.31 0.75 0.610.54 14 0.32 0.15 0.46 0.560.82 14 0.04 0.12 0.37 0.670.35 14 0.55 0.30 0.74 0.560.68 14 0.42 0.17 0.71 0.570.31 14 0.03 0.29 0.77 1.000.45 14 0.00 0.40 0.10 0.660.79 14 0.04 0.24 0.34 0.680.36 14 0.03 0.40 0.10 0.510.70 14 0.42 0.24 0.71 0.590.54 14 0.41 0.17 0.73 0.650.70 14 0.01 0.12 0.43 0.670.43 14 0.08 0.12 0.36 0.570.34 14 0.33 0.31 0.90 0.670.36 14 0.32 0.14 0.45 0.370.50 14 0.29 0.13 0.46 0.600.31 14 0.32 0.27 0.76 0.670.38 14 0.31 0.24 0.78 0.670.33 14 0.43 0.30 0.75 0.630.36 14 0.42 0.18 0.75 0.58
4133,0.65 14 0.06 0.31 0.20 0.840.88 14 0.11 0.31 0.19 0.39
4134,0.32 4 0.00 0.48 0.10 0.84
4135,0.61 6 0.63 0.28 0.80 0.52
4136,0.0 1 0.0 0.0 10.0 10.0
4137,0.0 1 0.0 0.0 10.0 10.0
4138,0.0 1 0.0 0.0 10.0 10.0
4139,0.50 6 0.12 0.27 0.29 0.42
4140,0.44 14 0.40 0.49 0.63 0.670.37 14 0.39 0.49 0.63 0.670.50 14 0.39 0.48 0.72 0.67
4141,0.0 1 0.0 0.0 10.0 10.0
4142,0.0 1 0.0 0.0 10.0 10.0
4143,0.0 1 0.0 0.0 10.0 10.0
4144,0.42 14 0.26 0.09 0.64 0.520.54 14 0.27 0.08 0.64 0.49
4145,0.90 14 0.26 0.29 0.37 0.750.44 14 0.20 0.28 0.28 0.630.74 14 0.19 0.28 0.27 0.480.30 14 0.20 0.27 0.28 0.700.85 14 0.20 0.26 0.38 0.750.65 14 0.19 0.27 0.27 0.63
4146,0.0 1 0.0 0.0 10.0 10.0
4147,0.89 6 0.03 0.16 0.13 0.230.86 6 0.23 0.23 0.54 0.38
4148,0.49 14 0.18 0.10 0.45 0.590.73 14 0.33 0.10 0.46 0.520.72 14 0.33 0.10 0.45 0.41
4149,0.43 14 0.21 0.01 0.81 1.00
4150,0.30 6 0.11 0.20 0.86 0.550.77 6 0.07 0.40 0.13 0.440.88 6 0.84 0.39 0.92 0.440.77 6 0.00 0.31 0.14 0.430.72 6 0.07 0.40 0.13 0.45
4151,0.0 1 0.0 0.0 10.0 10.0
4152,0.0 1 0.0 0.0 10.0 10.0
4153,0.67 14 0.07 0.08 0.68 0.710.49 14 0.28 0.08 0.60 0.720.40 14 0.28 0.08 0.69 0.720.32 14 0.07 0.09 0.60 0.660.75 14 0.07 0.08 0.69 1.00
4154,0.66 6 0.31 0.16 0.49 0.240.36 6 0.31 0.17 0.49 0.250.96 14 0.03 0.06 0.35 0.760.41 6 0.32 0.16 0.49 0.24
4155,0.45 6 0.06 0.03 0.81 0.70
4156,0.56 6 0.07 0.08 0.26 0.240.89 6 0.07 0.08 0.26 0.230.59 6 0.83 0.11 0.90 0.190.82 6 0.06 0.10 0.12 0.140.97 14 0.21 0.04 0.38 0.560.45 1 0.34 0.40 0.63 0.620.43 6 0.07 0.08 0.31 0.230.51 6 0.07 0.08 0.25 0.230.62 6 0.25 0.08 0.32 0.130.47 1 0.40 0.57 0.65 0.740.31 1 0.34 0.40 0.80 0.670.95 14 0.84 0.26 0.89 0.370.42 1 0.61 0.23 0.79 0.35
4157,0.93 14 0.64 0.44 0.72 0.54
4158,0.0 1 0.0 0.0 10.0 10.0
4159,0.0 1 0.0 0.0 10.0 10.0
4160,0.52 6 0.58 0.90 0.64 0.960.52 6 0.48 0.90 0.61 0.980.86 6 0.48 0.90 0.61 0.97
4161,0.31 14 0.00 0.29 0.50 1.000.69 14 0.27 0.03 0.62 1.000.47 14 0.59 0.10 0.88 1.000.41 14 0.24 0.30 0.51 0.980.39 14 0.28 0.30 0.60 1.000.47 14 0.00 0.31 0.50 0.890.55 14 0.00 0.00 0.49 0.900.61 14 0.27 0.00 0.81 1.000.37 14 0.46 0.00 0.89 1.000.49 14 0.46 0.00 0.89 1.00
4162,0.44 14 0.93 0.35 1.00 0.490.75 6 0.16 0.27 0.94 0.81
4163,0.0 1 0.0 0.0 10.0 10.0
4164,0.35 4 0.92 0.45 1.00 0.76
4165,0.46 15 0.43 0.34 0.51 0.440.88 14 0.61 0.81 0.74 1.000.49 15 0.22 0.70 0.34 0.850.67 4 0.26 0.09 0.29 0.240.46 4 0.29 0.11 0.33 0.24
4166,0.87 14 0.50 0.21 0.55 0.310.52 14 0.24 0.16 0.31 0.330.88 14 0.16 0.35 0.22 0.440.95 14 0.00 0.36 0.05 0.550.58 14 0.74 0.18 0.81 0.310.96 14 0.17 0.16 0.24 0.400.36 14 0.29 0.37 0.36 0.450.93 14 0.61 0.18 0.69 0.410.51 14 0.58 0.36 0.62 0.430.38 14 0.24 0.28 0.29 0.450.71 14 0.74 0.18 0.81 0.420.93 14 0.24 0.16 0.30 0.400.95 14 0.10 0.36 0.16 0.470.67 14 0.47 0.20 0.55 0.580.50 14 0.15 0.36 0.24 0.560.86 14 0.00 0.20 0.03 0.390.87 6 0.00 0.27 0.88 0.900.96 14 0.70 0.26 0.77 0.430.96 14 0.06 0.28 0.13 0.460.64 14 0.24 0.27 0.29 0.400.91 14 0.39 0.36 0.45 0.580.60 14 0.61 0.17 0.70 0.430.40 14 0.54 0.36 0.61 0.590.95 14 0.62 0.25 0.71 0.420.97 14 0.75 0.23 0.82 0.43
4167,0.40 15 0.77 0.08 0.87 0.240.40 15 0.82 0.10 0.89 0.270.66 15 0.78 0.00 0.88 0.240.46 15 0.82 0.08 0.89 0.260.39 15 0.77 0.08 0.85 0.24
4168,0.42 14 0.34 0.01 0.44 0.310.63 14 0.18 0.24 0.64 0.850.30 19 0.01 0.30 0.27 0.640.46 14 0.41 0.24 0.62 0.820.41 14 0.18 0.24 0.62 0.830.58 14 0.31 0.48 0.63 0.850.82 14 0.30 0.23 0.63 0.84
4169,0.43 14 0.12 0.25 0.65 0.980.35 14 0.30 0.23 0.51 0.990.77 14 0.00 0.01 0.57 1.000.41 14 0.10 0.25 0.89 0.990.62 14 0.12 0.23 0.59 0.990.58 14 0.35 0.25 0.63 0.980.80 14 0.35 0.28 0.89 0.99
4170,0.36 8 0.05 0.48 0.31 0.97
4171,0.0 1 0.0 0.0 10.0 10.0
4172,0.53 14 0.34 0.23 0.67 0.920.48 14 0.63 0.22 0.89 0.550.56 14 0.01 0.22 0.70 0.990.55 14 0.63 0.00 0.89 0.390.35 14 0.36 0.22 0.69 0.760.43 14 0.53 0.00 0.90 0.750.79 14 0.36 0.23 0.58 0.880.36 14 0.35 0.23 0.67 0.960.31 14 0.34 0.21 0.70 0.890.32 14 0.61 0.00 0.89 0.550.39 14 0.52 0.00 0.90 0.90
4173,0.81 14 0.26 0.22 0.45 0.590.30 6 0.37 0.72 0.50 0.830.63 14 0.13 0.23 0.47 0.690.65 14 0.26 0.22 0.46 0.62
4174,0.56 14 0.33 0.01 0.56 0.590.45 14 0.32 0.00 0.60 0.990.35 14 0.63 0.49 0.89 1.000.41 14 0.78 0.54 0.89 0.980.30 14 0.51 0.26 0.72 0.610.70 14 0.76 0.15 0.90 0.980.50 14 0.78 0.15 0.90 0.700.45 4 0.29 0.62 0.33 0.720.37 14 0.09 0.45 0.35 1.000.63 14 0.50 0.26 0.70 0.600.66 14 0.33 0.01 0.57 0.830.92 14 0.09 0.32 0.35 1.000.41 14 0.09 0.01 0.57 1.000.33 14 0.66 0.50 0.89 0.990.76 14 0.67 0.15 0.89 0.980.35 14 0.76 0.50 0.91 1.000.67 14 0.33 0.01 0.57 0.960.36 14 0.76 0.51 0.90 1.000.59 14 0.32 0.26 0.74 0.990.76 14 0.74 0.15 0.89 0.760.33 14 0.32 0.43 0.89 1.000.70 14 0.53 0.26 0.68 0.410.31 14 0.32 0.38 0.75 0.99
4175,0.0 1 0.0 0.0 10.0 10.0
4176,0.32 14 0.47 0.42 0.58 0.650.79 14 0.11 0.62 0.38 0.990.93 14 0.78 0.47 1.00 1.000.56 14 0.73 0.48 0.84 0.810.43 14 0.64 0.48 1.00 1.000.55 14 0.64 0.48 0.76 0.790.90 14 0.63 0.48 0.76 0.990.33 14 0.47 0.41 0.58 0.820.39 14 0.32 0.39 0.53 0.770.93 14 0.11 0.44 0.39 0.990.65 14 0.56 0.49 0.65 0.810.88 14 0.72 0.48 0.85 0.990.37 14 0.11 0.45 0.38 0.880.94 14 0.33 0.40 0.53 0.990.40 14 0.56 0.46 0.76 0.980.91 14 0.56 0.50 0.66 1.000.34 14 0.72 0.46 0.99 0.990.38 14 0.56 0.49 0.77 0.990.49 14 0.60 0.45 0.67 0.590.35 14 0.56 0.50 0.65 0.720.76 14 0.61 0.45 0.67 0.55
4177,0.37 6 0.39 0.66 0.52 0.790.33 6 0.50 0.64 0.66 0.76
4178,0.30 19 0.14 0.14 0.33 0.450.38 19 0.13 0.14 0.51 0.450.63 4 0.27 0.33 0.31 0.450.42 19 0.53 0.13 0.78 0.44
4179,0.39 6 0.24 0.70 0.56 0.89
4180,0.42 8 0.56 0.55 0.82 1.000.33 8 0.66 0.56 0.83 1.000.31 8 0.64 0.54 0.84 1.000.56 8 0.56 0.56 0.78 1.000.31 14 0.25 0.63 0.37 0.840.73 14 0.17 0.35 0.65 1.000.32 8 0.56 0.60 0.82 1.000.71 14 0.33 0.35 0.65 1.00
4181,0.56 6 0.15 0.22 0.21 0.310.54 6 0.14 0.18 0.88 0.980.43 6 0.01 0.18 0.88 0.980.38 6 0.02 0.20 0.16 0.41
4182,0.91 14 0.01 0.01 0.54 1.00
4183,0.0 1 0.0 0.0 10.0 10.0
4184,0.78 6 0.12 0.21 0.83 0.900.30 6 0.07 0.21 0.84 0.90
4185,0.0 1 0.0 0.0 10.0 10.0
4186,0.55 14 0.63 0.34 0.87 1.000.42 14 0.01 0.07 0.40 0.760.45 14 0.13 0.08 0.23 0.260.71 14 0.00 0.07 0.32 0.750.50 14 0.01 0.10 0.24 0.750.42 14 0.62 0.34 1.00 1.000.49 14 0.61 0.15 0.92 1.00
4187,0.0 1 0.0 0.0 10.0 10.0
4188,0.58 14 0.00 0.12 0.65 0.730.72 14 0.00 0.10 0.73 1.00
4189,0.73 6 0.20 0.15 0.80 0.53
4190,0.0 1 0.0 0.0 10.0 10.0
4191,0.59 15 0.23 0.45 0.30 0.600.45 15 0.23 0.45 0.30 0.540.57 8 0.55 0.45 0.72 0.710.49 8 0.55 0.44 0.75 0.73
4192,0.61 6 0.10 0.47 0.56 0.88
4193,0.0 1 0.0 0.0 10.0 10.0
4194,0.49 14 0.27 0.02 0.51 0.370.86 14 0.22 0.13 0.62 0.750.92 14 0.08 0.08 0.27 0.440.48 14 0.08 0.08 0.28 0.660.38 14 0.08 0.08 0.28 0.710.60 14 0.22 0.07 0.62 1.000.38 8 0.00 0.39 0.14 0.730.73 14 0.23 0.14 0.54 0.75
4195,0.78 14 0.10 0.16 0.53 1.000.82 14 0.11 0.15 0.67 1.00
4196,0.40 6 0.09 0.11 0.89 0.56
4197,0.54 14 0.12 0.04 0.47 0.600.42 14 0.13 0.04 0.93 0.70
4198,0.59 14 0.20 0.09 0.48 0.490.87 14 0.21 0.42 0.52 0.960.42 14 0.21 0.09 0.45 0.340.31 14 0.51 0.74 0.65 1.000.34 14 0.18 0.42 0.52 0.830.33 14 0.20 0.76 0.51 0.960.39 14 0.20 0.42 0.52 0.970.44 14 0.16 0.09 0.50 0.780.35 14 0.24 0.08 0.42 0.340.44 14 0.20 0.76 0.52 1.000.64 14 0.16 0.09 0.47 0.500.48 14 0.22 0.42 0.51 0.80
4199,0.47 6 0.05 0.04 0.14 0.110.46 6 0.03 0.03 0.25 0.230.31 6 0.18 0.04 0.24 0.100.82 6 0.04 0.07 0.89 0.70
4200,0.40 15 0.39 0.34 0.46 0.520.31 15 0.00 0.68 0.07 0.760.51 15 0.27 0.59 0.33 0.650.32 15 0.00 0.64 0.08 0.76
4201,0.40 19 0.10 0.39 0.29 0.560.74 6 0.82 0.36 0.89 0.410.96 14 0.44 0.06 0.74 0.60
4202,0.43 14 0.18 0.43 0.30 0.730.92 14 0.18 0.43 0.36 0.830.35 14 0.18 0.43 0.28 0.72
4203,0.42 15 0.08 0.64 0.17 0.750.68 15 0.07 0.82 0.19 0.980.50 15 0.26 0.13 0.36 0.340.80 15 0.29 0.59 0.41 0.750.36 15 0.08 0.63 0.18 0.790.47 15 0.17 0.62 0.28 0.740.43 15 0.25 0.87 0.32 0.950.62 15 0.29 0.45 0.36 0.560.47 15 0.08 0.36 0.28 0.560.38 15 0.09 0.40 0.18 0.560.65 15 0.19 0.46 0.28 0.550.35 15 0.08 0.73 0.18 0.790.66 15 0.08 0.59 0.27 0.750.60 15 0.08 0.63 0.17 0.750.78 15 0.31 0.45 0.41 0.560.47 15 0.12 0.12 0.37 0.350.79 15 0.09 0.37 0.18 0.560.76 15 0.08 0.59 0.18 0.750.42 15 0.23 0.45 0.29 0.540.39 15 0.09 0.47 0.17 0.560.33 15 0.29 0.62 0.40 0.750.38 15 0.29 0.59 0.41 0.750.54 15 0.09 0.44 0.18 0.55
4204,0.93 14 0.19 0.10 0.43 0.600.48 4 0.04 0.53 0.08 0.610.97 14 0.42 0.10 0.69 0.59
4205,0.63 6 0.02 0.43 0.07 0.47
4206,0.62 14 0.28 0.03 0.63 1.000.53 14 0.01 0.03 0.63 1.000.70 14 0.27 0.02 0.86 1.00
4207,0.57 14 0.59 0.31 0.88 0.600.36 14 0.11 0.22 0.41 0.600.30 14 0.24 0.21 0.39 0.500.61 14 0.04 0.24 0.26 0.580.70 14 0.00 0.24 0.04 0.440.76 14 0.05 0.24 0.32 0.610.89 14 0.04 0.22 0.41 0.600.37 14 0.11 0.23 0.24 0.410.48 14 0.16 0.23 0.24 0.360.87 14 0.59 0.22 0.89 0.600.69 14 0.04 0.24 0.25 0.600.41 14 0.26 0.21 0.35 0.350.50 14 0.21 0.21 0.41 0.600.47 14 0.11 0.24 0.25 0.45
4208,0.56 6 0.67 0.52 0.76 0.570.31 6 0.62 0.52 0.76 0.580.70 6 0.28 0.51 0.35 0.550.77 6 0.15 0.51 0.21 0.550.35 6 0.73 0.52 0.77 0.570.61 6 0.28 0.49 0.37 0.540.80 6 0.37 0.51 0.43 0.550.77 6 0.70 0.52 0.76 0.570.41 6 0.71 0.52 0.77 0.570.86 6 0.07 0.52 0.15 0.550.41 6 0.62 0.51 0.77 0.580.86 6 0.62 0.52 0.72 0.58
4209,0.32 14 0.27 0.00 0.73 1.000.61 14 0.00 0.15 0.39 0.520.70 14 0.41 0.00 0.69 0.440.43 14 0.40 0.00 0.70 0.630.87 14 0.00 0.15 0.35 1.000.37 14 0.27 0.00 0.88 0.65
4210,0.50 6 0.58 0.52 0.66 0.55
4211,0.0 1 0.0 0.0 10.0 10.0
4212,0.72 14 0.17 0.05 0.55 0.890.47 14 0.17 0.05 0.56 0.900.46 14 0.05 0.05 0.55 0.900.63 14 0.05 0.05 0.57 1.00
4213,0.0 1 0.0 0.0 10.0 10.0
4214,0.58 6 0.23 0.19 0.71 0.490.88 6 0.79 0.31 0.89 0.400.56 6 0.72 0.30 0.80 0.370.47 6 0.79 0.30 0.89 0.400.30 6 0.20 0.17 0.73 0.490.79 6 0.69 0.31 0.75 0.370.56 6 0.22 0.18 0.71 0.480.37 6 0.00 0.21 0.18 0.380.31 6 0.70 0.30 0.76 0.37
4215,0.69 14 0.04 0.50 0.09 0.650.94 14 0.00 0.44 0.04 0.660.55 14 0.26 0.29 0.37 0.650.33 14 0.07 0.45 0.10 0.630.54 14 0.47 0.46 0.52 0.600.92 14 0.43 0.47 0.47 0.600.95 14 0.16 0.37 0.35 1.000.95 14 0.08 0.44 0.14 0.620.91 14 0.33 0.46 0.39 0.660.93 14 0.50 0.46 0.56 0.610.39 14 0.07 0.45 0.10 0.55
4216,0.33 6 0.63 0.03 0.71 0.080.71 6 0.66 0.03 0.81 0.080.47 6 0.22 0.03 0.30 0.080.36 6 0.00 0.03 0.08 0.080.56 6 0.23 0.04 0.30 0.080.72 6 0.64 0.03 0.82 0.080.49 6 0.64 0.03 0.76 0.08
4217,0.48 8 0.00 0.59 0.26 1.000.33 19 0.32 0.23 0.42 0.400.32 19 0.00 0.21 0.11 0.360.42 8 0.29 0.60 0.47 0.830.32 8 0.30 0.62 0.50 0.850.31 8 0.00 0.59 0.26 1.000.37 19 0.27 0.45 0.47 0.58
4218,0.48 15 0.77 0.28 0.84 0.370.56 14 0.72 0.47 0.91 1.000.33 15 0.77 0.29 0.84 0.370.89 14 0.36 0.01 0.64 0.350.34 15 0.76 0.28 0.84 0.460.35 15 0.76 0.27 0.84 0.390.88 14 0.00 0.46 0.15 0.740.51 14 0.00 0.45 0.15 1.000.93 14 0.74 0.45 0.86 0.750.35 14 0.75 0.45 0.82 0.580.35 14 0.71 0.46 0.94 1.00
4219,0.89 6 0.62 0.41 0.81 0.540.85 6 0.00 0.34 0.25 0.570.40 6 0.62 0.42 0.81 0.54
4220,0.74 14 0.14 0.24 0.47 0.710.40 14 0.14 0.13 0.47 0.740.68 14 0.15 0.24 0.46 0.71
4221,0.62 8 0.02 0.60 0.31 0.920.34 8 0.02 0.48 0.30 0.870.31 8 0.31 0.59 0.57 0.830.36 8 0.42 0.49 0.59 0.830.44 8 0.02 0.60 0.30 0.900.59 8 0.32 0.48 0.59 0.840.59 8 0.02 0.49 0.31 0.880.30 8 0.02 0.48 0.30 0.910.32 8 0.48 0.48 0.59 0.650.54 8 0.31 0.59 0.58 0.91
4222,0.97 14 0.26 0.30 0.35 0.61
4223,0.0 1 0.0 0.0 10.0 10.0
4224,0.55 14 0.00 0.57 0.21 0.980.89 14 0.23 0.21 0.49 0.900.45 6 0.59 0.68 0.67 0.760.48 14 0.29 0.23 0.48 0.90
4225,0.0 1 0.0 0.0 10.0 10.0
4226,0.37 15 0.18 0.10 0.26 0.17
4227,0.82 14 0.25 0.58 0.28 0.650.77 14 0.27 0.58 0.30 0.660.69 14 0.19 0.58 0.21 0.630.31 14 0.35 0.60 0.38 0.670.37 14 0.28 0.72 0.36 0.830.49 14 0.15 0.57 0.18 0.630.79 14 0.31 0.59 0.34 0.660.31 14 0.38 0.61 0.42 0.68
4228,0.34 6 0.41 0.07 0.56 0.200.62 6 0.55 0.03 0.65 0.090.44 6 0.14 0.00 0.22 0.060.59 6 0.08 0.02 0.17 0.080.59 6 0.59 0.13 0.70 0.230.65 6 0.60 0.25 0.79 0.400.67 6 0.33 0.00 0.43 0.040.31 6 0.27 0.20 0.45 0.290.42 6 0.78 0.12 0.90 0.230.88 6 0.19 0.14 0.33 0.230.49 6 0.77 0.10 0.90 0.230.84 6 0.27 0.30 0.55 0.480.48 6 0.77 0.09 0.90 0.230.46 6 0.20 0.14 0.33 0.240.83 6 0.52 0.15 0.67 0.260.50 6 0.13 0.00 0.22 0.060.71 6 0.28 0.19 0.44 0.290.86 6 0.77 0.10 0.91 0.230.90 6 0.60 0.25 0.79 0.400.46 6 0.54 0.13 0.69 0.240.43 6 0.52 0.15 0.66 0.260.64 6 0.09 0.03 0.16 0.080.59 6 0.70 0.01 0.79 0.050.84 6 0.58 0.13 0.70 0.23
4229,0.68 14 0.31 0.20 0.46 0.480.46 14 0.50 0.32 0.75 0.670.96 14 0.10 0.21 0.32 0.500.77 14 0.48 0.18 0.64 0.560.39 14 0.61 0.32 0.75 0.670.37 14 0.36 0.18 0.66 0.650.95 14 0.32 0.20 0.48 0.530.33 14 0.17 0.22 0.33 0.490.37 14 0.10 0.21 0.33 0.600.49 14 0.60 0.32 0.75 0.670.56 14 0.34 0.17 0.75 0.670.83 14 0.50 0.18 0.63 0.540.35 14 0.49 0.18 0.63 0.53
4230,0.0 1 0.0 0.0 10.0 10.0
4231,0.0 1 0.0 0.0 10.0 10.0
4232,0.89 14 0.39 0.22 0.80 0.42
4233,0.40 1 0.02 0.05 0.87 0.68
4234,0.59 1 0.10 0.35 0.48 0.62
4235,0.0 1 0.0 0.0 10.0 10.0
4236,0.60 4 0.46 0.25 0.51 0.380.94 14 0.36 0.02 0.53 0.320.39 4 0.62 0.52 0.68 0.650.47 14 0.66 0.11 0.75 0.320.43 4 0.45 0.24 0.49 0.370.74 4 0.45 0.24 0.49 0.390.48 14 0.65 0.12 0.89 0.790.36 4 0.63 0.26 0.66 0.350.32 14 0.06 0.11 0.22 0.370.33 14 0.36 0.02 0.56 0.530.32 4 0.51 0.46 0.58 0.690.57 14 0.67 0.11 0.86 0.320.48 4 0.42 0.23 0.50 0.550.83 14 0.06 0.11 0.37 0.660.75 14 0.05 0.12 0.38 0.770.76 4 0.51 0.45 0.58 0.690.36 4 0.51 0.45 0.57 0.590.95 14 0.66 0.11 0.88 0.61
4237,0.86 14 0.60 0.20 0.67 0.300.72 14 0.15 0.28 0.65 1.00
4238,0.31 14 0.26 0.25 0.64 0.780.32 14 0.00 0.28 0.09 0.62
4239,0.42 14 0.00 0.39 0.16 0.770.86 14 0.44 0.19 0.56 0.370.61 14 0.00 0.56 0.27 1.000.93 14 0.34 0.20 0.45 0.390.65 14 0.25 0.37 0.48 0.790.59 14 0.00 0.40 0.27 0.770.46 14 0.04 0.16 0.35 0.680.66 14 0.71 0.15 0.81 0.380.56 14 0.25 0.18 0.49 0.790.58 14 0.33 0.36 0.40 0.440.73 14 0.09 0.16 0.35 0.530.74 14 0.45 0.13 0.71 0.460.34 14 0.00 0.37 0.47 0.950.63 14 0.01 0.39 0.14 0.650.31 14 0.02 0.16 0.48 0.790.50 14 0.71 0.14 0.82 0.610.59 14 0.30 0.37 0.46 0.500.85 14 0.70 0.14 0.82 0.500.33 14 0.06 0.57 0.27 0.790.41 14 0.01 0.16 0.45 0.790.77 14 0.41 0.19 0.56 0.490.57 14 0.16 0.16 0.35 0.390.31 14 0.00 0.16 0.42 1.000.47 14 0.10 0.16 0.35 0.460.33 14 0.00 0.44 0.46 0.780.36 14 0.56 0.13 0.81 0.770.44 14 0.00 0.39 0.26 0.770.50 14 0.31 0.31 0.41 0.450.31 14 0.25 0.36 0.48 0.640.38 14 0.41 0.15 0.72 0.510.88 14 0.72 0.08 0.88 0.560.47 14 0.55 0.13 0.70 0.390.91 14 0.53 0.13 0.71 0.45
4240,0.40 6 0.01 0.34 0.07 0.400.74 14 0.37 0.32 0.41 0.370.89 14 0.47 0.31 0.52 0.370.33 6 0.22 0.17 0.67 0.66
4241,0.0 1 0.0 0.0 10.0 10.0
4242,0.82 14 0.68 0.44 0.79 0.610.49 14 0.08 0.43 0.15 0.650.35 14 0.70 0.37 0.76 0.590.89 14 0.67 0.43 0.76 0.610.93 14 0.82 0.39 0.88 0.560.31 14 0.62 0.38 0.69 0.610.37 6 0.00 0.03 0.89 0.610.95 14 0.71 0.37 0.79 0.610.93 14 0.60 0.38 0.68 0.620.53 14 0.61 0.39 0.73 0.62
4243,0.80 14 0.01 0.00 0.65 0.94
4244,0.30 14 0.55 0.10 0.69 0.37
4245,0.40 6 0.25 0.00 0.43 0.05
4246,0.0 1 0.0 0.0 10.0 10.0
4247,0.45 14 0.74 0.38 0.88 0.580.34 14 0.51 0.04 0.87 0.540.50 14 0.64 0.02 0.89 0.550.30 14 0.00 0.01 0.58 1.000.38 14 0.00 0.04 0.30 1.000.68 14 0.01 0.01 0.88 1.000.60 14 0.73 0.36 0.88 0.590.30 14 0.49 0.04 0.89 0.74
4248,0.31 6 0.48 0.63 0.61 0.69
4249,0.0 1 0.0 0.0 10.0 10.0
4250,0.46 15 0.22 0.07 0.48 0.590.64 15 0.31 0.38 0.48 0.600.32 15 0.31 0.40 0.47 0.560.33 15 0.34 0.11 0.70 0.580.47 15 0.22 0.07 0.48 0.600.58 15 0.25 0.35 0.48 0.600.50 15 0.49 0.37 0.66 0.580.30 15 0.23 0.08 0.50 0.600.47 15 0.63 0.34 0.86 0.600.56 15 0.30 0.40 0.47 0.600.57 15 0.48 0.11 0.69 0.590.34 15 0.32 0.40 0.47 0.600.69 15 0.49 0.37 0.67 0.580.54 15 0.48 0.12 0.70 0.58
4251,0.42 14 0.71 0.02 0.77 0.180.37 14 0.71 0.02 0.76 0.210.39 6 0.82 0.08 0.90 0.200.49 6 0.82 0.09 0.89 0.200.33 6 0.77 0.04 0.89 0.190.39 6 0.09 0.15 0.83 0.580.54 14 0.04 0.03 0.07 0.120.47 6 0.11 0.06 0.68 0.240.74 6 0.77 0.07 0.86 0.180.55 6 0.76 0.04 0.88 0.170.87 14 0.65 0.03 0.70 0.150.77 6 0.09 0.07 0.83 0.610.35 6 0.09 0.06 0.84 0.670.35 6 0.76 0.08 0.83 0.170.92 14 0.71 0.02 0.77 0.200.75 6 0.77 0.07 0.89 0.190.34 14 0.67 0.03 0.71 0.15
4252,0.51 14 0.00 0.11 0.20 0.300.86 14 0.00 0.10 0.20 0.460.44 14 0.49 0.22 0.74 0.51
4253,0.0 1 0.0 0.0 10.0 10.0
4254,0.0 1 0.0 0.0 10.0 10.0
4255,0.33 4 0.45 0.65 0.49 0.760.68 4 0.45 0.65 0.49 0.76
4256,0.31 6 0.36 0.14 0.65 0.510.36 14 0.51 0.26 0.56 0.320.51 6 0.78 0.35 0.89 0.470.42 6 0.35 0.16 0.65 0.510.47 6 0.79 0.36 1.00 0.480.41 14 0.33 0.33 0.37 0.430.31 6 0.36 0.16 0.65 0.510.58 6 0.79 0.37 1.00 0.600.32 6 0.77 0.36 0.81 0.400.94 14 0.77 0.47 0.98 0.66
4257,0.0 1 0.0 0.0 10.0 10.0
4258,0.30 19 0.69 0.17 0.84 0.29
4259,0.45 14 0.01 0.23 0.38 1.000.35 14 0.15 0.23 0.38 0.710.46 14 0.15 0.23 0.38 0.910.73 14 0.15 0.23 0.38 0.870.45 14 0.05 0.23 0.38 1.000.45 14 0.15 0.23 0.38 0.77
4260,0.31 14 0.31 0.11 0.72 0.760.39 14 0.15 0.28 0.44 0.540.49 14 0.14 0.24 0.24 0.380.55 14 0.15 0.12 0.73 0.670.34 14 0.16 0.12 0.45 0.670.32 14 0.39 0.13 0.71 0.670.84 14 0.14 0.24 0.24 0.330.81 14 0.31 0.11 0.71 0.670.46 14 0.41 0.39 0.72 0.67
4261,0.73 14 0.28 0.01 0.58 1.000.94 14 0.28 0.02 0.66 1.00
4262,0.69 14 0.33 0.07 0.53 0.310.55 14 0.22 0.39 0.46 0.650.44 14 0.19 0.39 0.46 0.660.40 14 0.31 0.07 0.51 0.410.76 14 0.13 0.04 0.38 0.520.32 14 0.01 0.39 0.46 1.000.41 14 0.13 0.05 0.49 0.650.36 14 0.29 0.39 0.45 0.540.49 14 0.30 0.07 0.56 0.550.58 14 0.13 0.04 0.38 0.420.31 14 0.13 0.04 0.39 0.500.42 14 0.33 0.07 0.48 0.330.85 14 0.29 0.39 0.46 0.650.54 14 0.53 0.03 0.73 0.36
4263,0.31 14 0.17 0.13 0.55 0.51
4264,0.0 1 0.0 0.0 10.0 10.0
4265,0.78 14 0.23 0.35 0.44 1.000.87 14 0.12 0.35 0.45 0.98
4266,0.78 14 0.03 0.01 0.67 1.00
4267,0.74 14 0.61 0.31 0.88 0.660.30 14 0.59 0.00 0.88 0.67
4268,0.87 14 0.48 0.27 0.52 0.41
4269,0.42 6 0.09 0.33 0.37 0.540.69 14 0.34 0.29 0.37 0.350.90 14 0.15 0.29 0.20 0.380.89 14 0.28 0.28 0.31 0.350.88 14 0.13 0.29 0.17 0.390.89 14 0.10 0.29 0.13 0.380.97 14 0.35 0.32 0.43 0.580.79 14 0.13 0.29 0.17 0.390.96 14 0.43 0.33 0.53 0.590.32 6 0.52 0.36 0.83 0.560.30 6 0.53 0.30 0.78 0.38
4270,0.0 1 0.0 0.0 10.0 10.0
4271,0.61 4 0.57 0.25 0.63 0.400.31 4 0.58 0.26 0.63 0.370.30 14 0.19 0.02 0.51 0.670.33 14 0.00 0.00 0.63 0.670.34 14 0.46 0.33 0.68 0.560.50 14 0.19 0.00 0.65 0.660.61 4 0.70 0.29 0.75 0.420.48 14 0.19 0.01 0.53 0.670.45 14 0.46 0.31 0.68 0.570.66 14 0.00 0.01 0.64 1.000.65 14 0.43 0.52 0.64 0.660.45 14 0.43 0.31 0.68 0.660.56 4 0.59 0.25 0.66 0.420.50 14 0.60 0.38 0.68 0.53
4272,0.0 1 0.0 0.0 10.0 10.0
4273,0.47 6 0.14 0.52 0.25 0.560.33 6 0.78 0.37 0.85 0.420.51 6 0.76 0.38 0.84 0.440.36 6 0.58 0.43 0.75 0.520.37 6 0.56 0.35 0.65 0.42
4274,0.30 4 0.02 0.31 0.20 0.740.36 4 0.50 0.00 0.58 0.220.52 4 0.21 0.02 0.27 0.230.42 4 0.21 0.07 0.26 0.22
4275,0.69 14 0.44 0.18 0.53 0.370.39 6 0.75 0.20 0.82 0.240.40 14 0.81 0.26 0.88 0.460.65 14 0.74 0.25 0.89 0.460.88 14 0.71 0.21 0.77 0.460.88 14 0.95 0.21 1.00 0.370.51 14 0.91 0.28 0.98 0.460.96 14 0.16 0.16 0.25 0.500.35 6 0.67 0.19 0.81 0.240.44 14 0.00 0.21 0.08 0.470.80 14 0.00 0.20 0.07 0.310.46 6 0.66 0.19 0.82 0.250.89 14 0.27 0.19 0.37 0.490.95 14 0.44 0.18 0.54 0.480.66 14 0.17 0.16 0.26 0.390.82 14 0.08 0.26 0.18 0.490.81 14 0.73 0.22 0.82 0.460.80 14 0.26 0.19 0.32 0.270.94 14 0.56 0.19 0.69 0.470.54 14 0.62 0.19 0.68 0.290.64 14 0.64 0.26 0.72 0.470.81 6 0.66 0.19 0.76 0.25
4276,0.0 1 0.0 0.0 10.0 10.0
4277,0.0 1 0.0 0.0 10.0 10.0
4278,0.0 1 0.0 0.0 10.0 10.0
4279,0.76 14 0.00 0.32 0.07 0.430.56 15 0.41 0.18 0.48 0.250.59 15 0.14 0.17 0.23 0.280.92 14 0.12 0.04 0.48 0.950.31 15 0.12 0.01 0.24 0.280.39 15 0.17 0.16 0.25 0.270.35 15 0.14 0.18 0.22 0.28
4280,0.40 14 0.30 0.12 0.39 0.24
4281,0.70 14 0.31 0.03 0.47 0.460.31 14 0.36 0.71 0.49 0.820.80 14 0.32 0.03 0.59 0.500.36 14 0.26 0.03 0.49 0.78
4282,0.82 14 0.44 0.18 0.51 0.300.64 14 0.23 0.18 0.32 0.460.88 14 0.40 0.17 0.51 0.470.91 14 0.23 0.18 0.30 0.30
4283,0.38 14 0.30 0.06 0.38 0.140.85 6 0.04 0.12 0.76 0.55
4284,0.41 14 0.00 0.17 0.38 0.500.59 14 0.00 0.17 0.25 0.47
4285,0.45 6 0.74 0.15 0.91 0.33
4286,0.0 1 0.0 0.0 10.0 10.0
4287,0.58 14 0.41 0.03 0.59 0.330.30 14 0.40 0.23 0.47 0.390.79 14 0.10 0.12 0.26 0.370.51 14 0.80 0.15 0.91 0.330.72 14 0.60 0.11 0.76 0.650.39 14 0.77 0.14 0.91 0.660.48 14 0.41 0.03 0.57 0.280.63 14 0.41 0.23 0.46 0.280.39 14 0.38 0.03 0.72 0.540.47 14 0.00 0.10 0.25 0.650.47 14 0.23 0.03 0.74 0.620.48 14 0.72 0.14 0.91 0.640.43 14 0.00 0.07 0.25 0.630.47 14 0.73 0.14 0.91 0.510.90 14 0.23 0.15 0.40 0.370.49 14 0.38 0.11 0.71 0.550.63 14 0.34 0.03 0.74 0.590.43 14 0.00 0.11 0.27 0.660.31 14 0.60 0.11 0.91 0.670.44 14 0.08 0.11 0.27 0.630.58 14 0.27 0.16 0.40 0.300.43 14 0.24 0.16 0.41 0.420.42 14 0.28 0.04 0.91 0.660.46 14 0.32 0.04 0.76 0.660.90 14 0.79 0.14 0.91 0.390.43 14 0.60 0.11 0.72 0.320.68 14 0.62 0.11 0.73 0.32
4288,0.65 6 0.09 0.10 0.80 0.660.94 14 0.52 0.02 0.62 0.240.65 14 0.00 0.18 0.11 0.650.96 14 0.83 0.04 0.91 0.40
4289,0.53 6 0.02 0.12 0.26 0.250.85 6 0.18 0.25 0.45 0.430.79 6 0.16 0.12 0.25 0.190.38 6 0.16 0.12 0.25 0.20
4290,0.50 6 0.37 0.36 0.44 0.410.96 14 0.22 0.29 0.36 0.610.35 13 0.09 0.35 0.46 0.610.77 14 0.44 0.35 0.46 0.400.69 6 0.36 0.35 0.44 0.410.68 14 0.10 0.38 0.17 0.55
4291,0.51 6 0.00 0.50 0.11 0.600.90 14 0.72 0.44 0.77 0.550.91 14 0.86 0.45 0.91 0.540.75 6 0.00 0.47 0.15 0.600.79 6 0.07 0.47 0.15 0.55
4292,0.39 15 0.78 0.25 0.91 0.670.35 15 0.79 0.25 0.91 0.660.32 4 0.31 0.51 0.35 0.620.36 15 0.73 0.19 0.78 0.260.33 4 0.36 0.24 0.40 0.33
4293,0.69 4 0.37 0.30 0.44 0.57
4294,0.61 14 0.00 0.12 0.61 1.000.35 14 0.01 0.13 0.79 1.00
4295,0.0 1 0.0 0.0 10.0 10.0
4296,0.32 2 0.50 0.27 0.61 0.34
4297,0.80 6 0.30 0.37 0.80 0.72
4298,0.77 14 0.78 0.43 0.84 0.980.94 14 0.68 0.35 0.77 0.740.91 14 0.42 0.62 0.46 0.740.86 14 0.47 0.61 0.52 0.76
4299,0.0 1 0.0 0.0 10.0 10.0
4300,0.65 14 0.07 0.15 0.37 0.760.43 14 0.07 0.15 0.30 0.75
4301,0.70 14 0.12 0.31 0.70 1.000.75 14 0.11 0.01 0.52 1.000.56 14 0.12 0.01 0.70 1.000.48 14 0.34 0.31 0.59 0.980.51 14 0.35 0.31 0.69 1.00
4302,0.38 6 0.03 0.32 0.79 0.790.91 14 0.01 0.53 0.04 0.68
4303,0.61 6 0.01 0.42 0.31 0.61
4304,0.0 1 0.0 0.0 10.0 10.0
4305,0.93 14 0.05 0.39 0.21 0.70
4306,0.0 1 0.0 0.0 10.0 10.0
4307,0.0 1 0.0 0.0 10.0 10.0
4308,0.83 14 0.11 0.07 0.51 0.67
4309,0.37 14 0.32 0.10 0.64 0.930.86 14 0.01 0.10 0.64 0.94
4310,0.0 1 0.0 0.0 10.0 10.0
4311,0.41 6 0.00 0.01 0.89 0.65
4312,0.42 14 0.29 0.02 0.46 0.500.54 14 0.28 0.01 0.62 0.500.47 14 0.36 0.02 0.59 0.170.75 14 0.03 -0.00 0.30 0.530.58 6 0.04 0.17 0.67 0.650.56 14 0.35 0.02 0.46 0.16
4313,0.0 1 0.0 0.0 10.0 10.0
4314,0.30 19 0.17 0.26 0.46 0.48
4315,0.42 15 0.57 0.33 0.65 0.460.44 15 0.34 0.33 0.40 0.420.36 15 0.00 0.31 0.10 0.440.39 15 0.57 0.33 0.64 0.44
4316,0.51 15 0.35 0.39 0.45 0.520.48 15 0.34 0.39 0.45 0.53
4317,0.95 14 0.13 0.14 0.61 1.00
4318,0.58 14 0.10 0.12 0.57 0.890.42 14 0.04 0.16 0.16 0.500.87 14 0.00 0.09 0.57 1.000.48 14 0.05 0.16 0.15 0.330.43 14 0.00 0.16 0.17 1.000.35 14 0.00 0.17 0.16 0.63
4319,0.55 6 0.01 0.18 0.51 0.650.64 6 0.00 0.05 0.96 0.65
4320,0.96 14 0.90 0.30 0.97 0.520.94 14 0.67 0.33 0.74 0.490.55 14 0.24 0.32 0.41 0.490.54 6 0.84 0.31 0.91 0.360.54 6 0.00 0.25 0.20 0.380.56 6 0.20 0.19 0.72 0.500.73 6 0.06 0.30 0.20 0.370.92 14 0.33 0.33 0.41 0.490.76 6 0.63 0.33 0.70 0.36
4321,0.41 8 0.70 0.38 0.81 0.490.37 8 0.17 0.38 0.32 0.600.36 14 0.83 0.17 0.88 0.470.42 8 0.44 0.30 0.53 0.420.79 14 0.83 0.16 0.87 0.490.32 8 0.61 0.33 0.74 0.45
4322,0.48 6 0.00 0.37 0.07 0.41
4323,0.33 8 0.13 0.43 0.33 0.710.49 8 0.13 0.43 0.34 0.94
4324,0.47 14 0.06 0.00 0.20 0.14
4325,0.0 1 0.0 0.0 10.0 10.0
4326,0.35 6 0.01 0.08 0.97 0.64
4327,0.40 15 0.54 0.56 0.66 0.660.93 14 0.16 0.32 0.41 0.90
4328,0.41 15 0.68 0.64 0.78 0.72
4329,0.67 14 0.34 0.17 0.61 1.000.62 14 0.49 0.31 0.79 1.000.77 14 0.48 0.17 0.61 0.480.48 14 0.09 0.47 0.36 1.000.39 14 0.47 0.18 0.61 0.790.52 14 0.45 0.17 0.61 0.810.91 14 0.08 0.47 0.44 1.000.33 14 0.58 0.32 0.76 1.000.77 14 0.49 0.17 0.78 1.000.44 14 0.43 0.18 0.61 1.000.38 14 0.46 0.17 0.77 1.000.54 14 0.47 0.31 0.83 1.00
4330,0.46 14 0.15 0.14 0.29 0.710.33 14 0.09 0.14 0.29 0.540.86 14 0.16 0.14 0.29 0.440.70 14 0.09 0.15 0.29 0.720.50 14 0.09 0.17 0.20 0.690.87 14 0.09 0.17 0.19 0.540.70 6 0.13 0.31 0.97 0.89
4331,0.76 6 0.03 0.30 0.79 0.81
4332,0.0 1 0.0 0.0 10.0 10.0
4333,0.62 4 0.38 0.42 0.48 0.850.41 4 0.42 0.43 0.47 0.550.39 4 0.34 0.84 0.43 1.000.33 19 0.22 0.15 0.38 0.380.68 4 0.29 0.74 0.37 1.000.44 6 0.24 0.23 0.34 0.350.96 14 0.56 0.00 0.80 0.380.31 4 0.38 0.43 0.48 0.85
4334,0.89 14 0.64 -0.00 0.72 0.320.93 14 0.24 0.10 0.33 0.340.79 14 0.25 0.06 0.67 0.780.65 14 0.50 0.04 0.68 0.770.55 14 0.77 0.02 0.88 0.300.33 13 0.13 0.20 0.68 0.82
4335,0.85 6 0.06 0.26 0.91 0.99
4336,0.34 6 0.69 0.53 0.90 0.730.88 6 0.69 0.54 0.90 0.720.45 1 0.33 0.45 0.45 0.600.85 14 0.36 0.38 0.42 0.500.66 14 0.35 0.38 0.43 0.57
4337,0.0 1 0.0 0.0 10.0 10.0
4338,0.58 4 0.34 0.02 0.51 0.990.38 4 0.34 0.24 0.51 0.99
4339,0.31 14 0.34 0.12 0.58 0.550.66 14 0.00 0.13 0.37 0.650.37 14 0.02 0.13 0.57 0.750.43 14 0.34 0.12 0.59 0.550.84 14 0.00 0.13 0.43 0.750.55 14 0.02 0.14 0.80 0.750.38 14 0.34 0.17 0.80 0.75
4340,0.0 1 0.0 0.0 10.0 10.0
4341,0.40 14 0.38 0.28 0.40 0.36
4342,0.0 1 0.0 0.0 10.0 10.0
4343,0.0 1 0.0 0.0 10.0 10.0
4344,0.39 6 0.46 0.40 0.50 0.430.96 14 0.20 0.35 0.41 0.750.97 14 0.42 0.33 0.64 0.75
4345,0.54 6 0.05 0.34 0.87 0.930.45 6 0.05 0.36 0.87 0.93
4346,0.53 6 0.26 0.47 0.38 0.56
4347,0.0 1 0.0 0.0 10.0 10.0
4348,0.92 14 0.88 0.78 1.00 1.000.39 6 0.16 0.38 0.50 0.710.36 6 0.16 0.37 0.62 0.750.73 14 0.52 0.55 0.62 0.740.73 14 0.43 0.41 0.62 0.74
4349,0.33 14 0.82 0.19 0.89 0.350.64 4 0.36 0.66 0.43 0.810.48 14 0.82 0.19 0.89 0.410.72 14 0.16 0.00 0.60 0.720.34 14 0.15 0.01 0.71 1.000.32 14 0.20 0.00 0.75 0.800.91 14 0.81 0.18 0.89 0.620.35 14 0.60 0.48 0.71 0.67
4350,0.46 14 0.27 0.19 0.63 0.970.74 14 0.54 0.19 0.87 1.000.43 14 0.04 0.16 0.39 0.510.81 14 0.00 0.15 0.40 0.800.50 14 0.01 0.16 0.34 0.760.32 14 0.53 0.19 0.88 1.000.39 14 0.33 0.19 0.83 0.990.41 14 0.53 0.18 0.84 0.600.77 14 0.33 0.19 0.88 1.00
4351,0.56 6 0.54 0.26 0.93 0.650.80 6 0.54 0.26 0.93 0.65
4352,0.46 6 0.00 0.16 0.40 0.970.59 14 0.25 0.24 0.31 0.360.40 14 0.35 0.03 0.56 0.960.88 14 0.35 0.01 0.65 1.00
4353,0.40 14 0.38 0.36 0.46 0.51
4354,0.86 14 0.10 0.06 0.14 0.180.64 6 0.14 0.02 0.87 0.410.49 6 0.62 0.12 0.87 0.410.52 14 0.46 0.01 0.50 0.070.76 14 0.74 0.00 0.81 0.110.64 6 0.61 0.12 0.87 0.410.38 6 0.13 0.03 0.87 0.410.33 13 0.18 0.45 0.83 0.90
4355,0.35 19 0.00 0.20 0.11 0.530.66 15 0.31 0.72 0.38 0.830.46 19 0.67 0.20 0.85 0.52
4356,0.0 1 0.0 0.0 10.0 10.0
4357,0.49 14 0.15 0.03 0.63 1.000.52 14 0.11 0.01 0.63 1.000.45 14 0.16 0.05 0.93 1.00
4358,0.40 14 0.06 0.00 0.90 1.00
4359,0.40 6 0.17 0.70 0.22 0.78
4360,0.46 1 0.05 0.57 0.22 0.870.92 14 0.36 0.39 0.53 0.970.50 1 0.03 0.39 0.21 0.870.39 14 0.09 0.39 0.22 0.750.93 14 0.04 0.39 0.21 0.79
4361,0.45 14 0.26 0.15 0.75 0.660.91 14 0.09 0.11 0.22 0.440.76 14 0.28 0.13 0.39 0.400.63 14 0.11 0.12 0.22 0.270.56 14 0.25 0.16 0.94 0.650.57 14 0.29 0.13 0.39 0.28
4362,0.88 14 0.46 0.24 0.51 0.320.47 14 0.42 0.35 0.52 0.450.87 14 0.00 0.41 0.05 0.530.91 14 0.53 0.47 0.70 0.620.53 14 0.00 0.27 0.05 0.480.88 14 0.16 0.26 0.21 0.370.90 14 0.28 0.48 0.52 0.650.88 14 0.00 0.27 0.11 0.440.49 14 0.00 0.27 0.06 0.530.32 14 0.70 0.14 0.88 0.360.53 15 0.51 0.36 0.59 0.490.83 14 0.40 0.29 0.50 0.450.83 14 0.10 0.26 0.15 0.330.59 14 0.00 0.26 0.06 0.350.73 14 0.00 0.27 0.12 0.510.51 14 0.19 0.26 0.24 0.370.97 14 0.67 0.13 0.88 0.540.45 14 0.10 0.26 0.17 0.490.74 14 0.23 0.25 0.28 0.310.34 14 0.10 0.27 0.16 0.430.81 14 0.05 0.27 0.09 0.35
4363,0.32 15 0.34 0.44 0.41 0.510.46 8 0.00 0.39 0.12 0.540.33 15 0.57 0.44 0.67 0.570.47 8 0.20 0.33 0.32 0.480.52 15 0.34 0.44 0.41 0.510.63 15 0.18 0.29 0.29 0.460.76 15 0.45 0.43 0.53 0.560.49 15 0.57 0.43 0.68 0.570.35 15 0.46 0.47 0.53 0.560.32 15 0.46 0.45 0.53 0.56
4364,0.41 14 0.25 0.33 0.57 0.530.34 14 0.00 0.32 0.57 1.000.98 14 0.69 0.09 0.90 0.57
4365,0.0 1 0.0 0.0 10.0 10.0
4366,0.95 14 0.20 0.24 0.52 1.00
4367,0.0 1 0.0 0.0 10.0 10.0
4368,0.92 14 0.29 0.19 0.45 0.390.31 1 0.33 0.35 0.51 0.520.45 1 0.22 0.35 0.36 0.490.91 14 0.74 0.20 0.93 0.620.54 1 0.51 0.38 0.87 0.610.63 1 0.22 0.32 0.43 0.530.54 1 0.31 0.36 0.46 0.540.47 14 0.35 0.22 0.46 0.410.54 1 0.22 0.36 0.46 0.530.38 14 0.76 0.21 0.88 0.460.51 14 0.40 0.22 0.57 0.470.89 14 0.00 0.05 0.08 0.150.51 14 0.29 0.19 0.47 0.520.57 1 0.51 0.40 0.67 0.610.30 1 0.23 0.33 0.38 0.470.41 14 0.60 0.21 0.88 0.500.73 14 0.28 0.19 0.45 0.460.34 1 0.21 0.33 0.43 0.510.53 14 0.43 0.25 0.57 0.540.92 14 0.38 0.22 0.57 0.530.58 1 0.22 0.35 0.46 0.540.90 14 0.65 0.20 0.91 0.620.58 14 0.30 0.22 0.35 0.340.57 1 0.22 0.32 0.51 0.540.87 14 0.59 0.28 0.78 0.500.51 1 0.22 0.35 0.66 0.590.36 14 0.41 0.23 0.59 0.540.39 1 0.52 0.39 0.67 0.610.41 14 0.59 0.21 0.94 0.620.57 14 0.59 0.27 0.65 0.41
4369,0.0 1 0.0 0.0 10.0 10.0
4370,0.95 14 0.17 0.26 0.43 1.000.86 14 0.43 0.41 0.58 1.000.95 14 0.55 0.26 0.76 1.00
4371,0.83 6 0.10 0.26 0.87 0.83
4372,0.32 4 0.48 0.03 0.53 0.190.85 14 0.00 0.35 0.18 1.000.67 4 0.65 0.00 0.74 0.390.37 14 0.00 0.00 0.31 0.430.69 14 0.00 0.00 0.40 1.000.65 14 0.00 0.00 0.31 1.00
4373,0.71 8 0.00 0.63 0.34 1.000.75 14 0.39 0.31 0.65 1.000.41 8 0.14 0.63 0.36 0.990.39 8 0.00 0.41 0.33 1.000.37 8 0.13 0.63 0.33 1.00
4374,0.90 14 0.29 0.31 0.53 0.850.96 14 0.87 0.66 1.00 1.000.64 14 0.00 0.28 0.53 1.000.81 14 0.04 0.27 0.34 0.770.69 14 0.00 0.27 0.37 1.000.50 14 0.34 0.33 0.53 0.850.54 14 0.30 0.48 0.81 1.00
4375,0.35 14 0.32 0.07 0.86 1.00
4376,0.0 1 0.0 0.0 10.0 10.0
4377,0.33 6 0.17 0.17 0.34 0.360.96 14 0.13 0.13 0.21 0.440.70 6 0.00 0.19 0.12 0.360.57 6 0.01 0.12 0.75 1.000.52 6 0.01 0.19 0.12 0.29
4378,0.50 14 0.23 0.46 0.30 0.700.76 14 0.40 0.45 0.43 0.530.33 14 0.12 0.45 0.17 0.560.73 14 0.24 0.46 0.29 0.550.39 14 0.13 0.45 0.17 0.540.85 14 0.11 0.45 0.17 0.620.59 14 0.11 0.45 0.17 0.620.74 14 0.40 0.45 0.44 0.560.93 14 0.46 0.40 0.54 0.560.95 14 0.83 0.35 0.89 0.55
4379,0.33 14 0.02 0.00 0.29 0.540.90 14 0.02 0.64 0.25 0.960.74 14 0.36 0.13 0.91 0.98
4380,0.59 6 0.00 0.56 0.10 0.660.30 6 0.04 0.36 0.54 0.780.79 6 0.51 0.57 0.69 0.91
4381,0.0 1 0.0 0.0 10.0 10.0
4382,0.35 0 0.02 0.34 0.97 0.67
4383,0.42 14 0.19 0.11 0.67 1.000.76 14 0.01 0.11 0.68 1.00
4384,0.30 14 0.00 0.00 0.08 0.360.58 14 0.00 0.01 0.59 1.000.44 14 0.70 0.19 0.85 0.900.43 14 0.57 0.19 0.85 0.910.69 14 0.56 0.00 0.86 0.91
4385,0.90 14 0.17 0.05 0.24 0.180.78 14 0.26 0.03 0.31 0.100.95 14 0.08 0.03 0.19 0.260.80 14 0.00 0.09 0.07 0.280.93 14 0.00 0.18 0.07 0.330.40 14 0.04 0.08 0.08 0.260.75 6 0.03 0.01 0.90 1.000.43 14 0.07 0.03 0.15 0.270.62 14 0.25 0.03 0.32 0.26
4386,0.0 1 0.0 0.0 10.0 10.0
4387,0.50 6 0.08 0.03 0.82 0.95
4388,0.63 14 0.39 0.07 0.64 0.510.39 14 0.24 0.08 0.70 0.710.71 14 0.36 0.07 0.68 0.700.81 14 0.26 0.19 0.69 1.000.43 14 0.31 0.22 0.69 0.710.56 14 0.31 0.15 0.69 0.70
4389,0.59 8 0.60 0.81 0.77 1.00
4390,0.78 14 0.35 0.05 0.51 0.360.30 14 0.28 0.24 0.62 0.920.46 14 0.34 0.05 0.53 0.640.67 14 0.28 0.05 0.53 0.720.36 14 0.27 0.24 0.60 0.740.42 14 0.34 0.05 0.52 0.720.80 14 0.16 0.23 0.62 0.970.32 14 0.28 0.23 0.59 0.73
4391,0.90 14 0.28 0.10 0.35 0.260.97 14 0.45 0.20 0.56 0.54
4392,0.68 14 0.00 0.66 0.06 0.810.90 14 0.60 0.23 0.76 1.000.47 14 0.13 0.13 0.61 1.000.78 14 0.00 0.35 0.04 0.470.65 14 0.35 0.14 0.61 0.850.31 14 0.22 0.10 0.42 0.430.93 14 0.13 0.10 0.42 1.000.87 14 0.36 0.14 0.61 1.000.51 14 0.00 0.66 0.06 1.000.40 14 0.37 0.15 0.61 0.860.86 14 0.61 0.24 0.85 1.00
4393,0.38 14 0.76 0.58 0.86 0.740.43 14 0.59 0.07 0.82 0.740.72 14 0.57 0.53 0.86 0.740.33 14 0.02 0.40 0.61 1.000.39 14 0.61 0.07 0.89 0.620.87 14 0.02 0.40 0.58 0.750.69 14 0.57 0.07 0.88 0.750.31 14 0.03 0.40 0.30 0.75
4394,0.63 14 0.05 0.29 0.38 0.750.46 14 0.05 0.10 0.67 0.760.44 14 0.21 0.29 0.38 0.740.51 14 0.29 0.10 0.66 0.750.42 14 0.04 0.28 0.41 1.000.61 14 0.25 0.10 0.78 1.000.59 14 0.29 0.10 0.77 0.77
4395,0.51 14 0.00 0.09 0.26 0.75
4396,0.0 1 0.0 0.0 10.0 10.0
4397,0.48 15 0.36 0.40 0.56 0.530.45 15 0.34 0.40 0.44 0.520.49 15 0.34 0.39 0.56 0.52
4398,0.87 6 0.38 0.29 0.58 0.430.33 6 0.77 0.27 0.83 0.330.70 6 0.67 0.54 0.89 0.760.88 6 0.66 0.24 0.77 0.310.89 6 0.56 0.30 0.74 0.420.35 6 0.80 0.28 0.88 0.330.90 6 0.80 0.28 0.88 0.340.36 6 0.22 0.29 0.38 0.430.58 6 0.67 0.24 0.77 0.310.55 6 0.79 0.28 0.87 0.330.33 1 0.17 0.44 0.44 0.660.76 6 0.75 0.26 0.82 0.320.54 6 0.55 0.31 0.69 0.420.85 6 0.23 0.29 0.38 0.420.51 6 0.55 0.28 0.68 0.410.46 6 0.37 0.29 0.58 0.420.96 14 0.23 0.39 0.36 0.600.37 6 0.54 0.29 0.75 0.420.77 6 0.58 0.25 0.67 0.31
4399,0.33 6 0.30 0.30 0.79 0.45
4400,0.0 1 0.0 0.0 10.0 10.0
4401,0.47 6 0.18 0.45 0.31 0.580.61 6 0.27 0.19 0.34 0.240.88 14 0.38 0.67 0.46 0.770.31 6 0.18 0.38 0.28 0.460.64 6 0.18 0.33 0.27 0.410.32 6 0.26 0.19 0.34 0.250.36 6 0.19 0.31 0.27 0.380.31 6 0.18 0.45 0.31 0.590.32 6 0.22 0.24 0.30 0.290.36 6 0.18 0.44 0.31 0.590.69 6 0.20 0.28 0.28 0.330.63 6 0.23 0.23 0.30 0.28
4402,0.94 14 0.33 0.09 0.43 0.210.36 6 0.07 0.20 0.80 0.520.80 14 0.88 0.04 1.00 0.390.37 14 0.84 0.10 0.91 0.350.75 14 0.76 0.11 0.82 0.300.69 14 0.89 0.04 1.00 0.330.94 14 0.16 0.06 0.26 0.240.55 14 0.76 0.11 0.81 0.190.52 14 0.85 0.10 0.92 0.210.32 14 0.78 0.11 0.85 0.310.92 14 0.77 0.11 0.84 0.280.44 14 0.91 0.05 1.00 0.200.80 6 0.06 0.12 0.81 0.520.45 14 0.76 0.11 0.84 0.400.75 14 0.71 0.12 0.77 0.200.83 14 0.71 0.12 0.78 0.25
4403,0.0 1 0.0 0.0 10.0 10.0
4404,0.0 1 0.0 0.0 10.0 10.0
4405,0.0 1 0.0 0.0 10.0 10.0
4406,0.52 1 0.59 0.27 0.92 0.660.76 14 0.14 0.30 0.31 0.610.94 14 0.20 0.09 0.45 0.490.44 14 0.00 0.02 0.05 0.690.75 14 0.66 0.11 0.85 0.440.83 14 0.02 0.30 0.30 0.670.47 14 0.21 0.30 0.28 0.410.97 14 0.66 0.11 0.87 0.600.34 1 0.59 0.28 0.92 0.66
4407,0.35 2 0.36 0.19 0.47 0.30
4408,0.46 14 0.12 0.31 0.26 0.460.35 14 0.04 0.32 0.35 0.900.50 14 0.02 0.40 0.08 0.440.90 14 0.03 0.13 0.49 0.900.42 14 0.01 0.03 0.59 0.940.39 14 0.20 0.13 0.49 0.90
4409,0.54 14 0.50 0.07 0.60 0.170.35 6 0.05 0.18 0.74 0.600.53 14 0.59 0.07 0.68 0.350.48 14 0.41 0.07 0.50 0.150.62 14 0.43 0.07 0.60 0.520.92 14 0.07 0.03 0.47 0.550.64 14 0.06 0.02 0.32 0.550.71 14 0.60 0.07 0.67 0.160.31 14 0.60 0.25 0.69 0.360.45 14 0.64 0.04 0.74 0.16
4410,0.0 1 0.0 0.0 10.0 10.0
4411,0.42 15 0.56 0.01 0.77 0.310.45 15 0.35 0.03 0.59 0.360.41 14 0.09 0.30 0.48 0.65
4412,0.0 1 0.0 0.0 10.0 10.0
4413,0.58 6 0.02 0.31 0.24 0.530.53 6 0.04 0.13 0.87 0.51
4414,0.0 1 0.0 0.0 10.0 10.0
4415,0.47 14 0.64 0.53 0.67 0.60
4416,0.50 14 0.24 0.07 0.53 0.500.38 14 0.14 0.14 0.39 0.660.50 14 0.04 0.12 0.26 0.360.70 14 0.53 0.07 0.74 0.500.50 14 0.06 0.13 0.26 0.540.33 14 0.74 0.17 0.89 0.390.48 14 0.16 0.08 0.56 1.000.47 14 0.03 0.13 0.26 0.530.67 14 0.15 0.07 0.57 0.660.34 14 0.52 0.08 0.89 0.500.31 14 0.16 0.07 0.51 0.530.60 14 0.20 0.06 0.58 0.560.62 14 0.07 0.12 0.25 0.350.60 14 0.00 0.13 0.26 1.000.39 14 0.15 0.07 0.89 1.000.73 14 0.01 0.12 0.27 0.650.31 14 0.49 0.09 0.90 0.670.34 14 0.52 0.08 0.73 0.46
4417,0.0 1 0.0 0.0 10.0 10.0
4418,0.0 1 0.0 0.0 10.0 10.0
4419,0.0 1 0.0 0.0 10.0 10.0
4420,0.67 14 0.08 0.50 0.34 1.000.87 14 0.29 0.22 0.42 0.600.87 14 0.20 0.44 0.37 0.920.34 14 0.29 0.22 0.43 0.720.54 14 0.15 0.44 0.38 1.000.46 14 0.07 0.42 0.14 0.530.57 14 0.27 0.23 0.43 0.890.50 14 0.28 0.22 0.43 0.850.83 14 0.09 0.44 0.28 0.930.77 14 0.08 0.44 0.38 0.990.39 14 0.11 0.44 0.20 0.570.37 14 0.07 0.45 0.31 1.000.47 14 0.08 0.44 0.21 0.740.44 14 0.10 0.44 0.20 0.630.96 14 0.47 0.20 0.69 0.870.98 14 0.66 0.33 0.92 0.98
4421,0.46 6 0.72 0.67 0.88 0.97
4422,0.35 1 0.54 0.50 0.69 0.860.97 14 0.63 0.35 0.78 0.84
4423,0.87 14 0.24 0.68 0.28 0.860.43 6 0.00 0.71 0.06 0.790.36 14 0.24 0.68 0.29 0.80
4424,0.37 14 0.28 0.42 0.61 0.880.39 14 0.42 0.49 0.59 0.830.62 14 0.28 0.44 0.59 0.830.50 14 0.21 0.40 0.62 0.830.35 14 0.45 0.40 0.62 0.830.70 14 0.04 0.41 0.64 1.000.35 14 0.41 0.44 0.60 0.83
4425,0.0 1 0.0 0.0 10.0 10.0
4426,0.0 1 0.0 0.0 10.0 10.0
4427,0.0 1 0.0 0.0 10.0 10.0
4428,0.52 14 0.19 0.33 0.52 0.820.35 14 0.18 0.16 0.48 0.630.31 14 0.19 0.04 0.52 0.780.42 14 0.18 0.16 0.51 0.620.80 14 0.18 0.16 0.52 0.83
4429,0.0 1 0.0 0.0 10.0 10.0
4430,0.40 14 0.06 0.03 0.71 0.530.52 14 0.06 0.03 0.71 0.64
4431,0.54 6 0.83 0.19 0.93 0.230.38 6 0.82 0.22 0.96 0.350.46 6 0.72 0.21 0.95 0.380.34 6 0.94 0.19 1.00 0.290.39 6 0.04 0.21 0.59 0.540.33 6 0.87 0.22 0.96 0.310.50 6 0.80 0.22 0.95 0.360.58 6 0.04 0.18 0.60 0.560.62 6 0.73 0.22 0.96 0.38
4432,0.45 14 0.00 0.02 0.52 0.650.32 14 0.00 0.01 0.48 0.660.40 14 0.00 0.01 0.53 1.00
4433,0.58 6 0.41 0.46 0.47 0.530.71 6 0.48 0.43 0.58 0.550.55 1 0.20 0.76 0.41 1.000.34 1 0.20 0.79 0.41 1.000.96 14 0.08 0.51 0.19 0.900.88 6 0.52 0.51 0.75 0.67
4434,0.77 6 0.38 0.36 0.77 0.59
4435,0.92 14 0.37 0.24 0.73 1.00
4436,0.0 1 0.0 0.0 10.0 10.0
4437,0.42 14 0.40 0.05 0.61 0.560.70 14 0.39 0.05 0.62 0.560.54 14 0.14 0.05 0.63 0.94
4438,0.37 14 0.44 0.48 0.70 1.000.86 14 0.25 0.36 0.47 1.000.42 14 0.24 0.37 0.46 0.670.68 14 0.37 0.34 0.47 0.650.38 14 0.24 0.35 0.70 1.000.39 14 0.39 0.34 0.70 1.00
4439,0.54 4 0.22 0.73 0.27 0.850.89 14 0.18 0.15 0.68 1.000.41 14 0.31 0.15 0.68 1.00
4440,0.83 6 0.40 0.38 0.60 0.570.48 6 0.55 0.37 0.60 0.430.85 6 0.00 0.38 0.09 0.440.33 6 0.55 0.37 0.59 0.43
4441,0.0 1 0.0 0.0 10.0 10.0
4442,0.64 14 0.00 0.27 0.48 0.660.52 14 0.32 0.28 0.48 0.620.84 14 0.32 0.28 0.48 0.40
4443,0.43 14 0.04 0.00 0.88 0.670.31 14 0.49 0.09 0.88 1.000.38 14 0.04 0.01 0.41 0.670.46 14 0.30 0.00 0.88 0.660.49 14 0.04 0.00 0.67 0.660.34 14 0.61 0.00 0.88 0.650.31 14 0.29 0.01 0.68 0.650.48 14 0.03 0.01 0.89 1.000.60 14 0.57 0.05 0.88 0.660.67 14 0.47 0.07 0.89 0.670.33 14 0.59 0.00 0.88 0.65
4444,0.36 6 0.01 0.00 0.74 0.46
4445,0.42 6 0.52 0.24 0.57 0.290.37 6 0.76 0.27 0.79 0.320.50 6 0.47 0.20 0.56 0.260.68 6 0.30 0.59 0.41 0.670.71 6 0.62 0.27 0.69 0.310.39 6 0.06 0.30 0.16 0.400.81 6 0.54 0.56 0.67 0.670.68 6 0.30 0.41 0.38 0.470.70 6 0.47 0.41 0.56 0.500.63 6 0.26 0.37 0.33 0.420.86 6 0.68 0.44 0.77 0.500.38 6 0.08 0.48 0.23 0.600.58 6 0.31 0.45 0.41 0.550.78 6 0.54 0.49 0.64 0.570.75 6 0.55 0.26 0.61 0.30
4446,0.0 1 0.0 0.0 10.0 10.0
4447,0.54 6 0.56 0.56 0.61 0.590.93 14 0.04 0.57 0.10 0.720.82 6 0.56 0.58 0.67 0.77
4448,0.71 14 0.41 0.13 0.59 0.380.68 14 0.58 0.19 0.79 0.570.45 14 0.51 0.19 0.80 1.000.94 14 0.19 0.07 0.42 0.640.90 14 0.41 0.13 0.60 0.490.66 14 0.54 0.18 0.79 0.660.89 14 0.52 0.18 0.79 0.660.40 14 0.57 0.19 0.75 0.510.31 14 0.64 0.53 0.70 0.590.34 14 0.58 0.19 0.77 0.48
4449,0.35 14 0.43 0.01 0.66 0.450.33 14 0.29 0.04 0.43 0.290.92 14 0.29 0.27 0.54 0.670.61 14 0.46 0.00 0.81 0.660.64 14 0.03 0.27 0.53 0.660.63 14 0.06 0.03 0.41 0.510.57 14 0.44 0.00 0.76 0.490.37 14 0.04 0.03 0.54 0.670.45 14 0.44 0.00 0.81 0.650.54 14 0.03 0.28 0.47 0.670.38 14 0.29 0.27 0.65 0.670.49 14 0.09 0.03 0.39 0.410.35 14 0.19 0.03 0.39 0.350.50 14 0.48 0.41 0.80 0.660.43 14 0.08 0.04 0.39 0.490.37 14 0.51 0.00 0.67 0.320.49 14 0.47 0.41 0.65 0.670.34 14 0.51 0.00 0.70 0.39
4450,0.52 14 0.57 0.26 0.66 0.390.47 14 0.00 0.37 0.07 0.670.68 14 0.07 0.51 0.15 0.670.89 14 0.46 0.27 0.57 0.360.81 14 0.00 0.37 0.16 0.670.43 14 0.46 0.26 0.66 0.390.82 14 0.57 0.26 0.65 0.360.34 14 0.57 0.26 0.65 0.39
4451,0.0 1 0.0 0.0 10.0 10.0
4452,0.0 1 0.0 0.0 10.0 10.0
4453,0.35 14 0.55 0.15 0.65 0.270.34 14 0.36 0.16 0.59 0.650.39 14 0.02 0.17 0.33 0.670.58 14 0.82 0.21 0.86 0.290.53 14 0.65 0.14 0.75 0.660.37 14 0.36 0.17 0.48 0.440.78 14 0.13 0.15 0.29 0.670.56 14 0.82 0.21 0.87 0.360.43 14 0.55 0.16 0.67 0.480.30 14 0.71 0.16 0.86 0.670.96 14 0.26 0.16 0.38 0.670.94 14 0.44 0.15 0.57 0.650.97 14 0.02 0.19 0.24 0.680.41 14 0.82 0.19 0.87 0.310.97 14 0.67 0.15 0.86 0.670.30 14 0.30 0.17 0.39 0.330.91 14 0.36 0.17 0.47 0.640.35 14 0.15 0.16 0.28 0.560.96 14 0.56 0.16 0.68 0.660.56 14 0.72 0.16 0.86 0.670.32 14 0.64 0.14 0.73 0.29
4454,0.69 14 0.12 0.15 0.39 0.620.32 14 0.13 0.15 0.39 0.550.36 14 0.23 0.15 0.39 0.540.44 14 0.05 0.16 0.40 0.690.32 14 0.23 0.15 0.42 0.470.62 14 0.04 0.16 0.41 0.69
4455,0.31 14 0.69 0.02 0.94 0.64
4456,0.30 14 0.67 0.32 0.77 0.500.46 14 0.00 0.40 0.18 0.650.39 14 0.41 0.16 0.78 0.650.40 14 0.58 0.33 0.79 0.66
4457,0.0 1 0.0 0.0 10.0 10.0
4458,0.34 8 0.01 0.18 0.31 0.500.90 14 0.28 0.14 0.60 0.640.42 14 0.27 0.24 0.36 0.550.70 14 0.32 0.14 0.60 0.650.39 14 0.27 0.19 0.36 0.520.43 14 0.28 0.14 0.60 1.000.61 14 0.55 0.25 0.88 0.740.95 14 0.58 0.25 0.79 0.740.39 14 0.57 0.25 0.90 1.00
4459,0.30 14 0.30 0.06 0.57 0.500.60 14 0.30 0.06 0.64 0.700.87 14 0.30 0.06 0.64 0.490.32 14 0.30 0.06 0.57 0.630.44 14 0.30 0.06 0.57 0.500.44 14 0.00 0.06 0.64 1.000.39 14 0.01 0.06 0.64 1.00
4460,0.97 14 0.48 0.32 0.70 0.67
4461,0.31 19 0.43 0.12 0.57 0.280.37 8 0.11 0.45 0.34 0.750.30 8 0.11 0.44 0.35 0.75
4462,0.65 6 0.00 0.48 0.15 0.700.69 6 0.00 0.35 0.20 0.720.51 6 0.02 0.35 0.19 0.510.39 6 0.02 0.36 0.18 0.49
4463,0.0 1 0.0 0.0 10.0 10.0
4464,0.32 14 0.47 0.22 0.54 0.310.42 14 0.47 0.22 0.54 0.320.88 14 0.48 0.22 0.58 0.430.36 1 0.47 0.23 0.64 0.480.70 14 0.48 0.22 0.63 0.44
4465,0.37 8 0.00 0.67 0.36 0.990.73 14 0.57 0.41 0.66 0.520.63 14 0.57 0.41 0.67 0.930.67 14 0.58 0.42 0.66 0.53
4466,0.50 14 0.07 0.00 0.62 0.98
4467,0.36 14 0.48 0.16 0.61 0.470.58 14 0.33 0.16 0.44 0.350.43 14 0.22 0.21 0.57 0.990.86 14 0.61 0.41 0.86 0.990.94 14 0.19 0.27 0.44 0.990.37 14 0.20 0.50 0.45 1.000.45 14 0.38 0.21 0.53 0.540.45 14 0.20 0.37 0.44 0.990.38 14 0.19 0.16 0.46 0.980.46 14 0.19 0.16 0.44 0.700.45 8 0.06 0.48 0.18 0.680.40 14 0.38 0.20 0.59 0.620.34 14 0.06 0.15 0.44 0.660.31 14 0.06 0.14 0.33 0.650.89 14 0.40 0.14 0.73 0.990.41 8 0.06 0.47 0.17 0.690.39 14 0.32 0.16 0.44 0.460.86 14 0.84 0.82 0.89 0.970.64 14 0.39 0.23 0.58 0.990.36 14 0.63 0.41 0.73 0.64
4468,0.0 1 0.0 0.0 10.0 10.0
4469,0.94 14 0.28 0.16 0.55 0.980.91 14 0.00 0.11 0.09 0.470.88 14 0.67 0.29 0.89 0.990.40 8 0.05 0.62 0.29 0.930.33 8 0.15 0.62 0.29 0.940.32 14 0.00 0.11 0.09 0.650.37 14 0.00 0.10 0.09 0.600.40 8 0.16 0.62 0.29 0.930.35 8 0.02 0.62 0.28 0.920.34 14 0.04 0.17 0.56 0.970.92 14 0.50 0.17 0.77 0.990.63 14 0.49 0.17 0.90 1.000.38 14 0.49 0.18 0.90 1.00
4470,0.0 1 0.0 0.0 10.0 10.0
4471,0.0 1 0.0 0.0 10.0 10.0
4472,0.33 14 0.00 0.39 0.34 1.000.41 14 0.02 0.02 0.68 1.000.78 14 0.09 0.39 0.37 1.000.39 14 0.34 0.02 0.71 1.00
4473,0.0 1 0.0 0.0 10.0 10.0
4474,0.0 1 0.0 0.0 10.0 10.0
4475,0.37 14 0.48 0.82 0.59 0.91
4476,0.0 1 0.0 0.0 10.0 10.0
4477,0.40 14 0.00 0.16 0.20 0.630.36 14 0.05 0.17 0.21 0.670.53 14 0.03 0.06 0.59 0.910.77 14 0.01 0.06 0.54 1.000.37 14 0.05 0.16 0.19 0.510.62 14 0.00 0.16 0.21 1.000.71 14 0.00 0.02 0.63 1.000.66 14 0.00 0.17 0.21 0.81
4478,0.45 8 0.55 0.40 0.86 0.60
4479,0.0 1 0.0 0.0 10.0 10.0
4480,0.72 14 0.25 0.15 0.67 0.600.37 14 0.27 0.13 0.67 0.600.86 14 0.26 0.20 0.52 0.600.92 14 0.42 0.13 0.66 0.60
4481,0.39 13 0.29 0.32 0.76 0.630.55 14 0.53 0.40 0.76 0.630.54 14 0.10 0.37 0.25 0.540.31 14 0.00 0.41 0.04 0.530.69 14 0.01 0.42 0.10 0.550.63 14 0.01 0.40 0.10 0.550.54 14 0.02 0.40 0.10 0.52
4482,0.86 6 0.67 0.25 0.75 0.360.54 14 0.10 0.18 0.69 0.860.50 14 0.10 0.19 0.69 1.000.48 6 0.67 0.25 0.74 0.36
4483,0.0 1 0.0 0.0 10.0 10.0
4484,0.58 6 0.23 0.75 0.43 0.850.48 14 0.39 0.73 0.42 0.81
4485,0.51 14 0.00 0.28 0.30 0.710.36 14 0.00 0.27 0.32 0.940.67 14 0.00 0.27 0.38 1.000.44 14 0.00 0.27 0.30 1.000.88 14 0.01 0.12 0.74 1.000.38 14 0.00 0.28 0.30 0.760.42 14 0.31 0.12 0.74 1.00
4486,0.68 6 0.58 0.06 0.66 0.100.31 6 0.06 0.12 0.72 0.520.54 6 0.38 0.17 0.57 0.280.65 6 0.58 0.06 0.65 0.100.33 6 0.06 0.26 0.60 0.510.59 6 0.05 0.12 0.72 0.520.53 6 0.05 0.26 0.60 0.520.31 6 0.05 0.16 0.60 0.510.42 6 0.06 0.12 0.90 0.53
4487,0.64 8 0.48 0.53 0.69 0.84
4488,0.37 6 0.14 0.54 0.37 0.63
4489,0.36 14 0.46 0.31 0.65 0.510.38 14 0.65 0.23 0.84 0.680.45 14 0.42 0.30 0.65 0.520.88 14 0.65 0.24 0.84 0.760.74 14 0.65 0.11 0.84 0.750.41 14 0.43 0.30 0.66 0.760.41 14 0.64 0.07 0.84 0.750.34 14 0.66 0.11 0.82 0.48
4490,0.43 4 0.19 0.01 0.49 1.000.87 14 0.42 0.00 0.64 0.340.41 14 0.00 -0.00 0.23 0.530.37 4 0.51 0.17 0.63 0.440.30 4 0.51 0.06 0.64 0.44
4491,0.35 14 0.12 0.48 0.74 0.740.30 19 0.77 0.17 0.87 0.330.56 14 0.12 0.47 0.73 0.730.75 14 0.07 0.42 0.16 0.700.72 14 0.08 0.42 0.12 0.49
4492,0.83 14 0.23 0.08 0.26 0.190.88 14 0.17 0.08 0.21 0.18
4493,0.51 14 0.36 0.16 0.55 0.460.48 14 0.20 0.16 0.31 0.330.75 14 0.00 0.17 0.18 0.570.49 14 0.51 0.06 0.81 0.630.32 14 0.31 0.24 0.80 0.750.40 14 0.16 0.24 0.38 0.540.41 14 0.30 0.15 0.54 0.490.36 14 0.16 0.16 0.34 0.570.61 14 0.52 0.05 0.81 0.740.79 14 0.17 0.09 0.56 0.520.37 14 0.51 0.06 0.81 0.750.33 14 0.51 0.06 0.81 0.550.47 14 0.17 0.17 0.35 0.520.34 14 0.00 0.18 0.34 0.740.79 14 0.34 0.10 0.55 0.500.92 14 0.18 0.16 0.32 0.470.51 14 0.00 0.18 0.20 1.000.37 14 0.17 0.06 0.82 0.750.41 14 0.50 0.05 0.81 0.750.74 14 0.00 0.18 0.19 0.730.34 14 0.19 0.22 0.55 0.530.48 14 0.30 0.06 0.81 0.750.31 14 0.51 0.06 0.73 0.420.56 14 0.54 0.06 0.79 0.31
4494,0.0 1 0.0 0.0 10.0 10.0
4495,0.67 14 0.43 0.07 0.46 0.120.88 14 0.04 0.04 0.13 0.240.64 6 0.78 0.13 0.96 0.280.86 14 0.72 0.08 0.79 0.190.44 14 0.00 0.06 0.03 0.170.44 14 0.96 0.14 1.00 0.230.80 14 0.19 0.06 0.24 0.240.42 14 0.80 0.09 0.83 0.150.31 14 0.85 0.08 0.91 0.160.46 14 0.00 0.05 0.05 0.290.72 14 0.30 0.04 0.36 0.220.80 14 0.04 0.04 0.15 0.480.39 14 0.20 0.06 0.24 0.180.66 6 0.09 0.11 0.79 0.750.35 6 0.10 0.11 0.97 0.740.32 6 0.78 0.13 0.85 0.260.32 14 0.31 0.04 0.36 0.160.86 14 0.35 0.04 0.43 0.160.39 6 0.11 0.12 0.23 0.250.95 14 0.83 0.08 0.91 0.300.49 6 0.10 0.11 0.96 0.720.80 14 0.56 0.07 0.60 0.12
4496,0.47 14 0.54 0.05 0.76 0.750.30 14 0.10 0.05 0.60 0.750.69 14 0.10 0.05 0.76 0.750.31 14 0.30 0.06 0.70 0.750.80 14 0.00 0.14 0.12 0.760.64 14 0.10 0.03 0.76 1.00
4497,0.35 6 0.38 0.48 0.51 0.550.34 6 0.17 0.48 0.26 0.550.42 6 0.17 0.46 0.27 0.550.65 6 0.00 0.46 0.10 0.540.50 6 0.50 0.50 0.55 0.540.36 6 0.36 0.46 0.52 0.550.42 6 0.08 0.46 0.16 0.54
4498,0.32 14 0.29 0.06 0.52 0.550.34 14 0.29 0.06 0.57 0.560.91 14 0.29 0.06 0.56 0.51
4499,0.49 6 0.55 0.57 0.88 0.750.56 6 0.73 0.45 0.78 0.51
4500,0.0 1 0.0 0.0 10.0 10.0
4501,0.44 6 0.00 0.69 0.25 0.830.65 6 0.35 0.66 0.47 0.750.52 6 0.09 0.67 0.32 0.800.70 6 0.00 0.71 0.13 0.840.51 6 0.62 0.67 0.68 0.720.51 6 0.56 0.66 0.65 0.730.68 6 0.55 0.66 0.64 0.730.57 6 0.19 0.66 0.36 0.790.70 6 0.33 0.66 0.44 0.760.35 6 0.00 0.72 0.13 0.850.54 6 0.21 0.67 0.36 0.790.70 6 0.20 0.67 0.44 0.780.43 6 0.62 0.67 0.68 0.710.58 6 0.45 0.68 0.56 0.750.37 6 0.21 0.66 0.35 0.770.49 6 0.01 0.68 0.24 0.810.64 6 0.02 0.67 0.32 0.800.63 6 0.17 0.68 0.33 0.800.83 6 0.00 0.68 0.25 0.830.57 6 0.61 0.67 0.67 0.730.83 6 0.59 0.66 0.67 0.730.68 6 0.00 0.72 0.13 0.840.40 6 0.27 0.66 0.45 0.760.82 6 0.42 0.68 0.54 0.750.73 6 0.47 0.65 0.63 0.740.50 6 0.51 0.66 0.61 0.73
4502,0.0 1 0.0 0.0 10.0 10.0
4503,0.58 14 0.24 0.29 0.46 0.720.92 14 0.33 0.29 0.50 0.690.58 14 0.14 0.30 0.48 0.720.47 14 0.14 0.31 0.33 0.730.39 14 0.33 0.29 0.47 0.700.32 14 0.16 0.40 0.34 0.70
4504,0.31 13 0.27 0.21 0.76 0.620.60 14 0.30 0.16 0.48 0.600.62 14 0.32 0.16 0.47 0.410.33 14 0.32 0.16 0.48 0.58
4505,0.34 14 0.36 0.21 0.53 0.440.31 14 0.10 0.21 0.55 0.600.50 14 0.37 0.22 0.50 0.380.38 14 0.01 0.21 0.55 0.600.31 14 0.36 0.21 0.67 0.520.41 14 0.01 0.21 0.71 0.600.36 14 0.35 0.21 0.52 0.450.45 14 0.33 0.21 0.68 0.590.36 14 0.01 0.21 0.73 1.00
4506,0.31 6 0.40 0.13 0.66 0.220.31 6 0.66 0.11 0.94 0.250.70 14 0.93 0.11 1.00 0.290.80 14 0.88 0.11 1.00 0.290.91 14 0.10 0.11 0.21 0.300.31 14 0.77 0.07 0.88 0.150.45 14 0.92 0.11 1.00 0.210.31 6 0.01 0.12 0.67 0.540.91 14 0.00 0.12 0.07 0.320.40 14 0.80 0.08 0.89 0.290.85 14 0.00 0.12 0.07 0.450.93 14 0.73 0.07 0.89 0.290.79 14 0.08 0.11 0.22 0.530.40 14 0.08 0.07 0.42 0.540.94 14 0.05 0.10 0.16 0.470.47 14 0.95 0.11 1.00 0.180.40 6 0.01 0.11 1.00 0.540.42 6 0.14 0.12 0.92 0.500.52 14 0.67 0.14 0.72 0.20
4507,0.40 14 0.06 0.24 0.62 1.000.65 14 0.22 0.00 0.52 0.420.55 14 0.07 0.23 0.34 0.710.64 14 0.51 0.26 0.65 0.550.54 14 0.07 0.15 0.52 0.710.43 14 0.07 0.22 0.33 0.590.31 14 0.07 0.23 0.32 0.510.70 14 0.19 0.01 0.54 0.710.56 14 0.07 0.23 0.34 0.710.42 14 0.07 0.26 0.24 0.500.35 14 0.27 0.12 0.55 0.710.39 14 0.22 0.01 0.52 0.570.33 14 0.09 0.22 0.33 0.410.67 14 0.01 0.24 0.34 1.000.57 14 0.07 0.25 0.26 0.500.79 14 0.18 0.14 0.52 0.710.32 14 0.50 0.26 0.66 0.690.87 14 0.51 0.25 0.65 0.44
4508,0.49 14 0.52 0.00 0.64 0.120.75 14 0.35 0.00 0.49 0.270.80 14 0.82 0.01 0.89 0.210.82 14 0.20 0.00 0.33 0.330.66 14 0.88 -0.00 0.97 0.300.57 14 0.53 0.00 0.65 0.280.86 14 0.19 0.00 0.33 0.270.87 14 0.65 -0.00 0.79 0.340.84 14 0.82 0.01 0.89 0.300.51 14 0.66 0.00 0.79 0.16
4509,0.40 14 0.67 0.04 0.72 0.220.69 14 0.94 0.03 0.98 0.090.75 14 0.90 0.02 0.93 0.090.62 14 0.78 0.02 0.81 0.080.83 14 0.35 0.02 0.39 0.120.38 14 0.33 0.02 0.37 0.120.57 6 0.08 0.11 0.91 0.580.69 14 0.68 0.04 0.72 0.09
4510,0.59 6 0.37 0.17 0.82 0.470.81 14 0.59 0.21 0.65 0.260.46 6 0.06 0.06 0.82 0.47
4511,0.0 1 0.0 0.0 10.0 10.0
4512,0.0 1 0.0 0.0 10.0 10.0
4513,0.60 8 0.66 0.68 0.86 0.960.53 8 0.62 0.62 0.85 0.940.37 8 0.19 0.62 0.42 0.930.52 8 0.28 0.62 0.42 0.940.31 8 0.29 0.62 0.42 0.870.62 8 0.19 0.62 0.41 0.970.37 8 0.62 0.66 0.75 0.940.45 8 0.19 0.63 0.40 0.960.60 8 0.18 0.67 0.37 0.960.45 8 0.62 0.62 0.76 0.870.40 8 0.63 0.62 0.86 0.950.57 8 0.65 0.65 0.86 0.980.49 8 0.62 0.62 0.76 0.82
4514,0.0 1 0.0 0.0 10.0 10.0
4515,0.0 1 0.0 0.0 10.0 10.0
4516,0.45 15 0.68 0.56 0.74 0.670.49 15 0.38 0.58 0.47 0.840.41 15 0.29 0.58 0.35 0.690.54 15 0.60 0.56 0.66 0.670.50 15 0.18 0.57 0.24 0.690.47 15 0.49 0.58 0.56 0.68
4517,0.0 1 0.0 0.0 10.0 10.0
4518,0.56 14 0.26 0.18 0.46 0.490.78 14 0.15 0.21 0.29 0.640.36 14 0.21 0.18 0.49 0.640.90 14 0.27 0.18 0.47 0.550.50 14 0.18 0.21 0.25 0.32
4519,0.54 14 0.44 0.00 0.56 0.140.44 14 0.65 0.00 0.88 0.240.91 14 0.00 0.00 0.14 0.380.62 6 0.01 0.13 0.89 0.990.31 6 0.72 0.68 0.89 1.000.35 14 0.65 0.00 0.77 0.25
4520,0.46 14 0.00 0.09 0.07 0.250.94 14 0.70 0.31 0.77 0.480.47 14 0.00 0.06 0.07 0.560.57 4 0.63 0.22 0.68 0.480.74 14 0.80 0.22 0.85 0.48
4521,0.41 6 0.00 0.01 0.93 0.850.72 6 0.13 0.26 0.93 0.86
4522,0.34 12 0.31 0.39 0.51 0.880.75 14 0.35 0.26 0.50 0.750.64 14 0.35 0.26 0.50 0.540.33 14 0.35 0.26 0.50 0.88
4523,0.59 14 0.50 0.17 0.60 0.640.88 14 0.25 0.08 0.50 0.590.92 14 0.24 0.39 0.50 0.830.73 4 0.18 0.64 0.25 0.870.50 4 0.59 0.59 0.67 0.940.63 4 0.58 0.59 0.66 0.940.89 14 0.50 0.17 0.60 0.510.48 14 0.24 0.40 0.51 1.000.68 14 0.25 0.08 0.50 0.730.35 4 0.18 0.64 0.24 0.870.36 4 0.18 0.63 0.25 0.870.36 14 0.49 0.17 0.61 0.890.90 14 0.00 0.28 0.25 0.880.45 4 0.60 0.60 0.66 0.810.61 14 0.56 0.26 0.86 0.930.82 14 0.00 0.29 0.23 0.760.46 14 0.50 0.27 0.87 0.870.52 14 0.48 0.41 0.64 0.870.42 14 0.57 0.27 0.88 0.930.69 14 0.50 0.41 0.88 0.880.82 4 0.59 0.59 0.66 0.940.83 14 0.51 0.27 0.88 1.00
4524,0.50 6 -0.00 0.39 0.89 1.00
4525,0.98 14 0.79 0.29 0.92 0.730.74 14 0.57 0.30 0.83 0.790.96 14 0.18 0.37 0.28 0.630.87 14 0.00 0.45 0.03 0.590.94 14 0.30 0.35 0.36 0.590.96 14 0.06 0.41 0.14 0.560.91 14 0.56 0.30 0.67 0.790.73 14 0.56 0.30 0.83 0.79
4526,0.58 6 0.14 0.17 0.81 0.85
4527,0.0 1 0.0 0.0 10.0 10.0
4528,0.37 6 0.41 0.77 0.51 0.880.30 6 0.09 0.76 0.27 0.880.33 6 0.75 0.86 0.80 0.920.31 6 0.75 0.82 0.94 0.970.63 6 0.76 0.81 0.94 0.950.31 6 0.62 0.78 0.77 0.920.37 6 0.87 0.83 0.93 0.910.56 6 0.29 0.77 0.42 0.880.36 6 0.76 0.80 0.87 0.890.31 6 0.61 0.79 0.76 0.900.36 6 0.61 0.78 0.75 0.880.44 6 0.75 0.83 0.82 0.920.47 6 0.87 0.83 0.93 0.970.55 6 0.43 0.78 0.60 0.880.69 6 0.62 0.78 0.76 0.88
4529,0.86 14 0.58 0.09 0.62 0.260.57 14 0.69 0.12 0.73 0.270.43 14 0.18 0.15 0.37 0.530.86 14 0.61 0.05 0.66 0.260.90 14 0.68 0.04 0.75 0.270.60 6 0.07 0.32 0.77 0.770.32 6 0.71 0.16 0.80 0.35
4530,0.41 14 0.22 0.00 0.73 0.740.34 14 0.24 0.01 0.73 0.740.61 14 0.00 0.30 0.36 0.750.31 14 0.01 0.01 0.70 1.000.32 14 0.00 0.29 0.39 1.000.58 14 0.01 0.01 0.73 0.750.52 14 0.33 0.00 0.73 0.75
4531,0.40 15 0.26 0.36 0.36 0.480.51 15 0.39 0.36 0.58 0.51
4532,0.39 6 0.80 0.42 0.86 0.570.94 14 0.38 0.42 0.42 0.520.65 14 0.22 0.49 0.25 0.560.32 6 0.45 0.48 0.65 0.570.73 6 0.80 0.43 0.86 0.57
4533,0.35 14 0.59 0.56 0.67 0.65
4534,0.64 8 0.24 0.58 0.33 0.730.30 8 0.23 0.58 0.32 0.720.44 8 0.06 0.59 0.35 1.000.30 19 0.50 0.26 0.59 0.40
4535,0.57 6 0.03 0.16 0.98 0.650.49 6 0.07 0.12 0.28 0.250.67 14 0.03 0.24 0.13 0.40
4536,0.0 1 0.0 0.0 10.0 10.0
4537,0.35 14 0.33 0.29 0.69 1.000.40 14 0.77 0.28 0.98 1.000.37 14 0.48 0.29 0.69 0.590.93 14 0.49 0.28 0.57 0.410.89 14 0.17 0.05 0.31 0.450.71 14 0.17 0.05 0.39 1.000.55 14 0.31 0.34 0.36 0.410.76 14 0.49 0.29 0.68 1.000.90 14 0.79 0.27 0.96 0.720.76 14 0.73 0.27 0.98 1.00
4538,0.94 14 0.12 0.41 0.41 1.00
4539,0.69 14 0.70 0.65 0.93 0.840.65 14 0.69 0.64 0.94 1.000.30 14 0.70 0.43 1.00 0.81
4540,0.0 1 0.0 0.0 10.0 10.0
4541,0.85 14 0.72 0.44 0.77 0.540.55 14 0.00 0.23 0.45 1.000.39 14 0.43 0.12 0.72 1.000.33 14 0.42 0.12 0.72 1.000.37 14 0.44 0.12 0.86 1.00
4542,0.36 8 0.39 0.65 0.57 0.870.32 14 0.79 0.03 0.87 0.250.52 4 0.59 0.69 0.66 0.930.87 14 0.80 0.03 0.87 0.140.37 14 0.80 0.03 0.87 0.310.59 4 0.60 0.69 0.65 0.87
4543,0.94 14 0.26 0.18 0.51 0.69
4544,0.40 6 0.40 0.67 0.59 0.820.57 6 0.30 0.65 0.59 0.820.80 6 0.91 0.52 0.98 0.590.40 6 0.40 0.67 0.59 0.820.30 6 0.86 0.53 0.92 0.670.49 6 0.97 0.55 1.00 0.62
4545,0.34 13 0.21 0.35 0.56 0.780.96 14 0.21 0.13 0.42 0.98
4546,0.36 8 0.08 0.64 0.46 1.000.36 19 0.71 0.29 0.80 0.46
4547,0.74 6 0.25 0.46 0.72 0.810.45 14 0.73 0.37 0.79 0.740.82 14 0.63 0.43 0.67 0.540.79 14 0.73 0.38 0.78 0.600.37 6 0.37 0.33 0.62 0.500.85 14 0.74 0.38 0.78 0.520.45 6 0.11 0.46 0.80 1.00
4548,0.0 1 0.0 0.0 10.0 10.0
4549,0.85 14 0.15 0.79 0.18 0.880.49 6 0.33 0.75 0.46 0.890.58 6 0.37 0.81 0.45 0.890.76 6 0.20 0.78 0.31 0.880.64 6 0.33 0.80 0.45 0.890.36 6 0.27 0.79 0.33 0.890.81 14 0.14 0.79 0.16 0.890.52 6 0.20 0.78 0.30 0.880.35 6 0.32 0.78 0.41 0.890.58 6 0.35 0.77 0.46 0.89
4550,0.95 14 0.40 0.57 0.52 0.97
4551,0.38 14 0.24 0.47 0.62 1.000.38 14 0.35 0.62 0.48 1.000.90 14 0.25 0.48 0.49 1.000.80 14 0.74 0.44 0.78 0.550.32 4 0.54 0.74 0.60 0.950.73 6 0.18 0.48 0.42 0.640.94 14 0.09 0.45 0.32 1.000.53 14 0.24 0.48 0.63 1.00
4552,0.82 14 0.00 0.44 0.26 1.000.45 14 0.24 0.06 0.61 1.000.40 14 0.46 0.49 0.56 0.710.45 14 0.14 0.44 0.28 0.770.51 14 0.70 0.55 0.97 1.000.83 14 0.67 0.54 0.79 1.000.41 14 0.63 0.57 0.68 0.790.49 14 0.55 0.54 0.76 1.000.40 14 0.75 0.56 0.81 0.860.85 14 0.00 0.36 0.10 0.620.48 14 0.24 0.05 0.59 1.000.38 14 0.15 0.45 0.26 0.750.63 14 0.14 0.44 0.28 1.000.81 14 0.10 0.05 0.59 1.000.49 14 0.15 0.45 0.26 0.780.79 14 0.00 0.36 0.17 1.000.60 14 0.10 0.05 0.64 1.000.90 14 0.67 0.54 0.78 0.860.33 14 0.00 0.53 0.18 1.000.36 14 0.13 0.44 0.27 0.570.57 14 0.52 0.54 0.62 0.790.89 14 0.53 0.53 0.66 0.800.77 14 0.62 0.57 0.68 0.79
4553,0.81 14 0.25 0.12 0.44 0.470.90 14 0.19 0.13 0.47 0.57
4554,0.0 1 0.0 0.0 10.0 10.0
4555,0.33 15 0.50 0.10 0.60 0.24
4556,0.34 1 0.13 0.23 0.75 0.62
4557,0.38 6 0.10 0.31 0.30 0.370.59 6 0.45 0.32 0.52 0.360.59 6 0.11 0.33 0.21 0.37
4558,0.47 14 0.20 0.31 0.61 0.710.42 6 0.52 0.08 0.75 0.400.94 14 0.16 0.00 0.30 0.380.31 14 0.68 0.01 0.76 0.170.41 14 0.74 0.00 0.88 0.160.95 14 0.00 0.01 0.08 0.380.64 14 0.27 0.00 0.36 0.390.49 6 0.51 0.17 0.65 0.390.85 14 0.12 0.00 0.18 0.190.33 14 0.00 0.00 0.07 0.160.36 14 0.16 0.00 0.30 0.190.83 14 0.28 0.01 0.36 0.180.43 6 0.23 0.15 0.64 0.450.45 14 0.69 0.00 0.87 0.520.92 14 0.70 -0.00 0.87 0.720.68 14 0.68 0.01 0.76 0.13
4559,0.76 14 0.83 0.11 1.00 0.730.33 14 0.66 0.11 1.00 0.730.32 8 0.45 0.65 0.54 0.73
4560,0.0 1 0.0 0.0 10.0 10.0
4561,0.30 14 0.36 0.65 0.60 1.000.33 14 0.00 0.16 0.65 1.000.31 14 0.47 0.67 0.66 1.000.93 14 0.00 0.16 0.45 1.000.72 14 0.36 0.64 0.66 1.00
4562,0.93 14 0.10 0.13 0.17 0.27
4563,0.0 1 0.0 0.0 10.0 10.0
4564,0.0 1 0.0 0.0 10.0 10.0
4565,0.95 14 0.20 0.31 0.33 0.73
4566,0.0 1 0.0 0.0 10.0 10.0
4567,0.69 6 0.51 0.14 0.57 0.190.75 6 0.36 0.14 0.46 0.190.30 6 0.70 0.15 0.74 0.180.72 6 0.82 0.15 0.86 0.190.81 6 0.04 0.16 0.12 0.200.56 6 0.72 0.15 0.83 0.190.89 6 0.53 0.16 0.67 0.210.92 6 0.06 0.16 0.54 0.400.77 6 0.17 0.15 0.25 0.190.33 6 0.05 0.25 0.86 0.760.91 6 0.72 0.15 0.83 0.190.65 6 0.30 0.28 0.87 0.760.55 6 0.30 0.28 0.86 0.760.53 6 0.60 0.16 0.68 0.200.70 6 0.61 0.16 0.69 0.200.50 6 0.09 0.16 0.15 0.190.39 6 0.63 0.16 0.69 0.20
4568,0.54 14 0.49 0.37 0.63 0.590.44 14 0.46 0.54 0.58 0.730.38 14 0.82 0.29 0.89 0.390.53 14 0.00 0.11 0.50 0.750.31 14 0.75 0.29 0.88 0.570.71 14 0.63 0.29 0.88 0.580.85 14 0.46 0.35 0.66 0.740.53 14 0.00 0.11 0.53 1.000.36 14 0.61 0.29 0.89 0.740.55 14 0.46 0.32 0.88 0.740.41 14 0.45 0.54 0.68 0.740.76 14 0.71 0.29 0.88 0.580.35 14 0.46 0.32 0.88 1.00
4569,0.52 4 0.33 0.60 0.38 0.780.88 14 0.10 0.29 0.35 0.750.90 14 0.36 0.45 0.52 0.740.52 14 0.10 0.29 0.35 0.630.57 6 0.20 0.89 0.33 0.950.95 14 0.00 0.43 0.28 1.000.81 4 0.33 0.61 0.38 0.800.60 14 0.35 0.45 0.52 0.800.38 4 0.42 0.61 0.51 0.81
4570,0.0 1 0.0 0.0 10.0 10.0
4571,0.33 0 0.07 0.23 0.87 0.47
4572,0.0 1 0.0 0.0 10.0 10.0
4573,0.0 1 0.0 0.0 10.0 10.0
4574,0.77 14 0.75 0.24 0.81 0.400.46 14 0.81 0.20 0.89 0.520.80 14 0.43 0.24 0.51 0.360.91 14 0.16 0.26 0.25 0.460.65 14 0.65 0.24 0.81 0.450.36 14 0.78 0.19 0.89 0.480.96 14 0.52 0.25 0.65 0.430.39 14 0.00 0.24 0.16 0.550.57 14 0.65 0.24 0.81 0.460.89 14 0.00 0.25 0.07 0.530.93 14 0.31 0.26 0.40 0.410.92 14 0.44 0.24 0.51 0.440.46 14 0.00 0.24 0.16 0.630.84 14 0.19 0.26 0.26 0.390.94 14 0.05 0.24 0.16 0.490.57 14 0.32 0.26 0.39 0.360.54 14 0.31 0.26 0.40 0.540.55 14 0.50 0.25 0.65 0.450.88 14 0.64 0.19 0.88 0.590.49 14 0.63 0.19 0.89 0.67
4575,0.74 15 0.42 0.43 0.53 0.560.35 15 0.07 0.37 0.32 0.540.44 15 0.00 0.41 0.07 0.580.35 15 0.74 0.50 0.83 0.650.46 15 0.54 0.24 0.72 0.660.67 15 0.63 0.46 0.76 0.680.42 15 0.42 0.48 0.53 0.570.51 15 0.33 0.24 0.44 0.550.38 15 0.74 0.33 0.89 0.750.42 15 0.03 0.06 0.33 0.540.34 15 0.00 0.21 0.08 0.580.36 15 0.73 0.33 0.85 0.670.46 15 0.55 0.50 0.65 0.650.31 15 0.00 0.20 0.07 0.600.55 15 0.32 0.39 0.43 0.530.62 15 0.32 0.23 0.45 0.540.30 15 0.07 0.28 0.33 0.550.48 15 0.53 0.26 0.71 0.640.40 15 0.39 0.18 0.63 0.570.38 15 0.25 0.28 0.34 0.510.44 15 0.64 0.50 0.76 0.670.35 15 0.06 0.38 0.17 0.540.33 15 0.33 0.38 0.50 0.550.37 15 0.52 0.17 0.73 0.640.64 15 0.54 0.44 0.68 0.650.42 15 0.50 0.17 0.73 0.640.34 15 0.54 0.33 0.70 0.470.37 15 0.63 0.47 0.72 0.66
4576,0.30 14 0.03 0.10 0.80 0.740.46 14 0.13 0.10 0.80 0.730.32 14 0.30 0.10 0.86 0.720.50 14 0.12 0.10 0.80 1.000.70 14 0.30 0.10 0.80 0.73
4577,0.43 6 0.65 0.00 0.73 0.030.71 6 0.66 0.00 0.76 0.030.31 6 0.80 0.00 0.86 0.040.78 6 0.75 0.00 0.83 0.040.55 6 0.84 0.00 0.90 0.040.33 6 0.78 0.00 0.84 0.040.72 6 0.03 0.07 0.89 0.920.31 6 0.69 0.00 0.77 0.040.51 6 0.73 0.00 0.80 0.04
4578,0.42 14 0.11 0.03 0.59 1.00
4579,0.51 6 0.04 0.15 0.86 0.77
4580,0.41 14 0.11 0.13 0.71 1.00
4581,0.36 1 0.04 0.07 0.81 1.00
4582,0.0 1 0.0 0.0 10.0 10.0
4583,0.92 14 0.36 0.53 0.61 1.00
4584,0.35 6 0.71 0.64 0.85 0.77
4585,0.32 19 0.56 0.16 0.87 0.51
4586,0.52 6 0.23 0.27 0.88 0.58
4587,0.0 1 0.0 0.0 10.0 10.0
4588,0.83 6 0.37 0.44 0.59 0.59
4589,0.0 1 0.0 0.0 10.0 10.0
4590,0.0 1 0.0 0.0 10.0 10.0
4591,0.0 1 0.0 0.0 10.0 10.0
4592,0.39 14 0.60 0.13 0.68 0.280.31 14 0.20 0.25 0.38 0.650.41 14 0.01 0.11 0.23 0.370.52 14 0.61 0.12 0.74 0.590.87 14 0.21 0.17 0.38 0.640.33 14 0.03 0.11 0.39 0.640.43 14 0.65 0.12 0.74 0.320.46 14 0.04 0.20 0.37 0.750.64 14 0.55 0.12 0.70 0.590.96 14 0.38 0.14 0.54 0.560.74 14 0.02 0.10 0.38 0.750.45 14 0.07 0.11 0.23 0.300.66 14 0.01 0.10 0.38 0.750.35 14 0.26 0.18 0.36 0.360.44 14 0.54 0.11 0.87 0.720.69 14 0.02 0.10 0.26 0.750.36 14 0.27 0.18 0.34 0.240.91 14 0.54 0.11 0.74 0.720.71 14 0.60 0.13 0.69 0.250.49 14 0.62 0.12 0.74 0.28
4593,0.0 1 0.0 0.0 10.0 10.0
4594,0.0 1 0.0 0.0 10.0 10.0
4595,0.58 14 0.45 0.20 0.49 0.390.30 14 0.44 0.20 0.50 0.480.31 14 0.45 0.20 0.50 0.480.37 14 0.45 0.20 0.49 0.480.97 14 0.54 0.19 0.61 0.47
4596,0.45 15 0.74 0.52 0.83 0.670.32 6 0.08 0.30 0.22 0.46
4597,0.0 1 0.0 0.0 10.0 10.0
4598,0.0 1 0.0 0.0 10.0 10.0
4599,0.97 14 0.00 0.21 0.18 0.680.78 14 0.77 0.13 0.92 0.460.35 13 0.59 0.31 0.91 0.690.95 14 0.77 0.13 0.91 0.68
4600,0.49 14 0.24 0.16 0.43 0.350.33 14 0.61 0.18 0.74 0.390.45 14 0.33 0.16 0.44 0.350.73 14 0.08 0.16 0.29 0.570.88 14 0.53 0.17 0.73 0.410.82 14 0.07 0.33 0.48 0.950.42 14 0.21 0.16 0.48 0.690.53 14 0.20 0.17 0.37 0.410.58 14 0.32 0.16 0.47 0.620.55 14 0.20 0.17 0.36 0.400.37 14 0.05 0.17 0.44 0.940.55 14 0.06 0.16 0.29 0.480.38 14 0.19 0.17 0.30 0.380.68 14 0.00 0.17 0.25 0.680.36 14 0.31 0.16 0.41 0.340.68 14 0.25 0.16 0.47 0.670.81 14 0.53 0.17 0.73 0.82
4601,0.0 1 0.0 0.0 10.0 10.0
4602,0.76 14 0.32 0.10 0.66 0.540.31 14 0.30 0.11 0.67 1.000.42 14 0.31 0.10 0.79 1.000.49 14 0.32 0.10 0.79 0.57
4603,0.0 1 0.0 0.0 10.0 10.0
4604,0.69 6 0.00 0.55 0.10 0.610.42 6 0.25 0.50 0.38 0.60
4605,0.46 14 0.51 0.27 0.65 0.450.91 14 0.49 0.13 0.67 0.340.93 14 0.25 0.48 0.44 0.830.73 1 0.50 0.39 0.62 0.620.34 14 0.49 0.13 0.67 0.490.65 14 0.28 0.36 0.46 0.600.38 14 0.27 0.36 0.46 0.830.68 14 0.28 0.36 0.46 0.690.38 14 0.49 0.13 0.67 0.530.95 14 0.50 0.27 0.65 0.520.50 1 0.27 0.40 0.62 0.910.34 14 0.48 0.13 0.67 0.48
4606,0.56 14 0.63 0.23 1.00 0.570.44 14 0.59 0.36 0.89 0.660.41 14 0.78 0.23 0.92 0.360.63 14 0.62 0.23 1.00 0.660.81 14 0.52 0.35 0.89 0.660.43 14 0.51 0.35 1.00 0.660.81 14 0.52 0.23 1.00 0.66
4607,0.63 6 0.10 0.26 0.18 0.290.82 6 0.28 0.25 0.49 0.320.80 6 0.09 0.26 0.23 0.300.36 6 0.27 0.26 0.49 0.32
4608,0.64 6 0.20 0.16 0.83 0.59
4609,0.33 14 0.14 0.07 0.72 0.670.76 14 0.00 0.03 0.20 0.480.38 14 0.01 0.07 0.73 0.660.46 14 0.14 0.08 0.56 0.660.33 14 0.26 0.10 0.57 0.660.35 14 0.22 0.08 0.73 0.670.31 14 0.00 0.04 0.19 0.620.45 14 0.13 0.08 0.72 0.660.31 14 0.20 0.07 0.73 0.670.31 14 0.15 0.08 0.57 0.660.35 14 0.00 0.02 0.21 1.000.72 14 0.00 0.06 0.73 1.000.46 14 0.00 0.03 0.22 0.660.40 14 0.15 0.09 0.57 0.660.32 14 0.15 0.07 0.73 1.00
4610,0.31 14 0.11 0.05 0.44 0.670.86 14 0.07 0.04 0.44 0.670.63 14 0.06 0.04 0.66 0.670.83 14 0.43 0.05 0.67 0.680.35 14 0.06 0.04 0.46 0.670.63 14 0.05 0.05 0.80 0.680.35 14 0.43 0.05 0.79 0.67
4611,0.0 1 0.0 0.0 10.0 10.0
4612,0.57 4 0.52 0.16 0.56 0.260.35 4 0.22 0.01 0.38 0.380.61 4 0.51 0.17 0.57 0.36
4613,0.41 14 0.09 0.00 0.46 0.510.33 8 0.45 0.56 0.62 0.990.33 14 0.22 0.00 0.45 0.480.65 14 0.08 0.00 0.56 0.99
4614,0.0 1 0.0 0.0 10.0 10.0
4615,0.35 6 0.48 0.56 0.53 0.590.31 15 0.13 0.53 0.20 0.610.47 15 0.13 0.37 0.37 0.62
4616,0.38 0 0.02 0.19 0.99 0.49
4617,0.36 15 0.23 0.24 0.31 0.340.74 14 0.00 0.14 0.21 0.660.35 8 0.45 0.47 0.66 0.66
4618,0.0 1 0.0 0.0 10.0 10.0
4619,0.0 1 0.0 0.0 10.0 10.0
4620,0.0 1 0.0 0.0 10.0 10.0
4621,0.48 6 0.34 0.44 0.50 0.500.74 6 0.83 0.48 0.87 0.520.68 6 0.56 0.43 0.74 0.510.31 6 0.34 0.44 0.49 0.500.65 6 0.50 0.44 0.59 0.520.41 4 0.49 0.30 0.56 0.500.73 6 0.04 0.42 0.13 0.450.86 6 0.34 0.44 0.50 0.500.34 6 0.56 0.43 0.63 0.49
4622,0.31 14 0.00 0.09 0.51 1.000.68 14 0.02 0.10 0.35 0.670.76 14 0.00 0.10 0.48 0.670.94 14 0.61 0.32 0.77 0.50
4623,0.0 1 0.0 0.0 10.0 10.0
4624,0.91 14 0.13 0.31 0.20 0.390.63 14 0.01 0.23 0.65 1.000.31 14 0.40 0.24 0.65 1.00
4625,0.90 14 0.23 0.18 0.45 0.56
4626,0.0 1 0.0 0.0 10.0 10.0
4627,0.94 14 0.00 0.48 0.09 0.650.77 14 0.79 0.42 0.83 0.480.94 14 0.78 0.37 0.84 0.470.92 14 0.73 0.35 0.78 0.430.74 14 0.64 0.34 0.78 0.640.95 14 0.84 0.36 0.88 0.480.87 14 0.24 0.32 0.31 0.490.87 14 0.35 0.34 0.41 0.450.96 14 0.17 0.31 0.24 0.490.75 14 0.83 0.34 0.88 0.480.39 14 0.83 0.34 0.88 0.480.89 14 0.46 0.23 0.60 0.390.96 14 0.00 0.29 0.08 0.510.45 14 0.00 0.29 0.08 0.530.82 14 0.24 0.32 0.31 0.490.91 14 0.25 0.31 0.33 0.490.56 14 0.53 0.31 0.62 0.400.46 14 0.44 0.24 0.63 0.450.40 6 0.06 0.36 0.89 0.670.94 14 0.12 0.32 0.17 0.500.34 14 0.29 0.30 0.35 0.370.94 14 0.28 0.33 0.38 0.480.30 14 0.34 0.24 0.78 0.640.32 14 0.44 0.31 0.61 0.420.35 14 0.39 0.25 0.77 0.640.77 14 0.79 0.36 0.85 0.480.87 14 0.66 0.34 0.71 0.40
4628,0.92 14 0.61 0.93 0.66 1.000.92 14 0.50 0.92 0.56 1.00
4629,0.0 1 0.0 0.0 10.0 10.0
4630,0.37 14 0.13 0.52 0.57 0.990.38 14 0.02 0.38 0.57 0.990.84 14 0.13 0.38 0.50 0.99
4631,0.31 14 0.01 0.19 0.48 1.000.48 14 0.33 0.12 0.53 0.400.65 4 0.67 0.24 0.72 0.420.79 14 0.82 0.12 0.89 0.390.88 14 0.17 0.11 0.53 0.640.34 14 0.50 0.48 0.56 0.560.72 14 0.50 0.25 0.54 0.310.49 14 0.18 0.12 0.43 0.580.31 4 0.71 0.27 0.76 0.410.40 14 0.76 0.12 0.88 0.350.42 4 0.74 0.22 0.82 0.430.79 14 0.71 0.12 0.85 0.310.33 14 0.21 0.11 0.50 0.450.59 14 0.00 0.17 0.49 0.650.78 4 0.58 0.27 0.63 0.420.30 14 0.25 0.51 0.35 0.630.80 14 0.00 0.18 0.25 1.000.46 14 0.82 0.13 0.90 0.300.51 4 0.75 0.33 0.79 0.450.82 14 0.00 0.18 0.24 0.650.63 14 0.34 0.12 0.44 0.310.39 14 0.50 0.48 0.58 0.620.63 4 0.58 0.26 0.63 0.470.94 14 0.71 0.12 0.88 0.380.54 4 0.64 0.22 0.69 0.370.43 4 0.63 0.22 0.67 0.34
4632,0.0 1 0.0 0.0 10.0 10.0
4633,0.47 14 0.37 0.21 0.61 0.760.43 14 0.37 0.21 0.54 0.730.32 14 0.59 0.29 0.67 0.420.85 14 0.16 0.38 0.38 0.880.71 14 0.37 0.21 0.51 0.530.52 14 0.59 0.29 0.67 0.410.53 14 0.37 0.21 0.61 0.76
4634,0.0 1 0.0 0.0 10.0 10.0
4635,0.65 6 0.06 0.28 0.16 0.350.36 6 0.00 0.25 0.07 0.370.57 6 0.00 0.25 0.16 0.380.83 6 0.07 0.27 0.83 0.62
4636,0.0 1 0.0 0.0 10.0 10.0
4637,0.37 1 0.04 0.25 0.81 0.710.37 1 0.05 0.16 0.81 0.71
4638,0.61 14 0.20 0.26 0.47 0.750.34 14 0.31 0.27 0.46 0.510.34 14 0.19 0.27 0.47 0.710.54 14 0.20 0.27 0.48 1.000.76 14 0.22 0.33 0.28 0.430.45 14 0.31 0.26 0.47 0.530.61 14 0.00 0.35 0.21 0.620.34 14 0.19 0.18 0.26 0.280.59 14 0.00 0.37 0.21 0.570.83 14 0.31 0.26 0.46 0.480.51 14 0.44 0.23 0.69 0.60
4639,0.37 19 0.43 0.10 0.54 0.260.35 8 0.55 0.29 0.72 0.540.35 8 0.55 0.32 0.63 0.520.43 14 0.83 0.38 0.89 0.560.63 14 0.00 0.07 0.12 0.630.37 14 0.83 0.33 0.90 0.560.83 14 0.00 0.05 0.13 0.670.39 14 -0.00 0.04 0.19 1.000.33 8 0.74 0.32 0.87 0.550.68 14 0.00 0.12 0.15 0.670.56 8 0.55 0.33 0.73 0.550.65 14 0.63 0.27 0.68 0.330.36 8 0.61 0.33 0.73 0.54
4640,0.31 8 0.00 0.69 0.34 1.000.69 15 0.00 0.72 0.09 0.870.32 14 0.00 0.53 0.33 1.00
4641,0.59 14 0.32 0.51 0.58 1.000.75 14 0.34 0.42 0.42 0.570.50 14 0.33 0.42 0.43 0.640.56 14 0.16 0.42 0.36 1.000.84 14 0.14 0.41 0.63 1.000.94 14 0.10 0.46 0.17 0.700.36 14 0.34 0.42 0.40 0.510.41 14 0.34 0.51 0.55 0.82
4642,0.37 1 0.14 0.34 0.50 0.620.98 14 0.22 0.15 0.38 0.52
4643,0.60 6 0.08 0.08 0.25 0.150.34 6 0.16 0.08 0.25 0.150.30 6 0.07 0.09 0.26 0.160.41 6 0.08 0.11 0.17 0.15
4644,0.42 14 0.00 0.21 0.35 0.600.33 14 0.00 0.21 0.48 0.580.58 14 0.11 0.22 0.49 0.760.85 14 0.00 0.21 0.49 0.760.62 14 0.00 0.22 0.49 1.00
4645,0.79 6 0.06 0.14 0.96 0.68
4646,0.34 6 0.38 0.42 0.44 0.490.35 6 0.30 0.49 0.35 0.540.51 6 0.19 0.49 0.26 0.570.47 6 0.00 0.51 0.09 0.620.39 6 0.27 0.48 0.35 0.550.86 6 0.14 0.48 0.25 0.580.62 6 0.26 0.48 0.33 0.550.59 6 0.29 0.44 0.39 0.530.53 1 0.58 0.57 0.66 0.730.89 6 0.00 0.51 0.10 0.620.79 6 0.22 0.48 0.29 0.560.54 6 0.08 0.51 0.17 0.590.63 6 0.51 0.45 0.56 0.490.41 6 0.13 0.48 0.25 0.580.88 6 0.06 0.50 0.17 0.590.83 6 0.27 0.48 0.34 0.550.80 14 0.58 0.47 0.67 0.580.89 14 0.58 0.46 0.67 0.71
4647,0.40 14 0.04 0.11 0.58 0.740.44 14 0.21 0.11 0.43 0.640.92 14 0.01 0.11 0.42 0.750.41 14 0.00 0.11 0.36 1.000.34 14 0.58 0.03 0.84 0.740.66 14 0.22 0.12 0.58 0.64
4648,0.0 1 0.0 0.0 10.0 10.0
4649,0.90 14 0.32 0.58 0.47 0.80
4650,0.86 6 0.17 0.27 0.50 0.38
4651,0.0 1 0.0 0.0 10.0 10.0
4652,0.48 6 0.57 0.37 0.81 0.500.31 6 0.58 0.37 0.74 0.50
4653,0.77 6 0.05 0.15 0.86 0.54
4654,0.47 14 0.67 0.01 0.99 1.000.42 14 0.66 0.01 0.98 0.650.32 14 0.64 0.01 0.99 0.670.53 14 0.69 0.01 1.00 0.66
4655,0.92 14 0.33 0.12 0.47 0.530.90 14 0.54 0.15 0.83 0.660.87 14 0.00 0.18 0.09 0.310.56 14 0.52 0.16 0.88 0.610.79 14 0.34 0.12 0.48 0.610.96 14 0.02 0.19 0.40 0.650.61 14 0.52 0.16 0.88 0.660.34 14 0.33 0.12 0.45 0.330.55 14 0.44 0.16 0.88 0.660.42 14 0.52 0.16 0.84 0.66
4656,0.0 1 0.0 0.0 10.0 10.0
4657,0.36 14 0.43 0.28 0.89 0.660.50 14 0.44 0.14 0.66 0.50
4658,0.35 19 0.45 0.32 0.53 0.41
4659,0.33 1 0.03 0.11 0.81 0.640.36 1 0.49 0.19 0.80 0.63
4660,0.0 1 0.0 0.0 10.0 10.0
4661,0.30 19 0.65 0.32 0.88 0.580.44 19 0.34 0.37 0.52 0.580.35 19 0.65 0.31 0.88 0.62
4662,0.73 6 0.33 0.24 0.79 0.64
4663,0.30 14 0.69 0.04 0.76 0.110.34 13 0.22 0.27 0.70 0.580.62 14 0.68 0.07 0.85 0.250.80 14 0.76 0.08 0.85 0.220.40 14 0.23 0.24 0.41 0.560.60 14 0.33 0.25 0.54 0.570.68 14 0.30 0.24 0.38 0.350.39 14 0.23 0.24 0.55 0.570.85 14 0.67 0.03 0.77 0.19
4664,0.32 14 0.12 0.17 0.50 1.000.93 14 0.00 0.17 0.54 1.00
4665,0.53 14 0.39 0.04 0.53 0.230.32 14 0.30 0.20 0.57 1.000.46 14 0.00 0.00 0.29 0.620.36 14 0.01 0.17 0.54 0.660.85 14 0.34 0.05 0.42 0.170.34 14 0.62 0.03 0.88 1.000.73 14 0.00 0.19 0.56 1.000.37 14 0.25 0.04 0.35 0.150.46 14 0.00 0.03 0.54 1.000.77 14 0.24 0.06 0.31 0.140.41 14 0.01 0.01 0.87 1.000.51 14 0.30 0.18 0.55 0.650.45 14 0.45 0.00 0.87 0.670.79 14 0.45 0.01 0.88 1.00
4666,0.0 1 0.0 0.0 10.0 10.0
4667,0.68 15 0.67 0.31 0.75 0.440.44 8 0.12 0.48 0.23 0.59
4668,0.32 14 0.40 0.03 0.65 0.390.55 14 0.29 0.03 0.63 0.350.37 14 0.41 0.03 0.50 0.140.32 14 0.29 0.04 0.69 0.470.37 14 0.28 0.06 0.68 0.560.62 14 0.29 0.05 0.69 0.390.63 14 0.29 0.03 0.51 0.310.42 14 0.28 0.03 0.67 1.000.33 14 0.29 0.05 0.69 0.63
4669,0.41 1 0.09 0.37 0.42 0.650.93 14 0.15 0.19 0.39 0.600.69 1 0.09 0.36 0.42 0.660.44 14 0.15 0.20 0.36 0.42
4670,0.0 1 0.0 0.0 10.0 10.0
4671,0.34 14 0.51 0.13 0.59 0.230.95 14 0.42 0.13 0.48 0.310.67 14 0.25 0.27 0.28 0.320.64 6 0.74 0.20 0.79 0.250.94 14 0.77 0.25 0.84 0.390.84 6 0.68 0.20 0.78 0.260.86 14 0.82 0.15 0.87 0.240.84 14 0.30 0.27 0.35 0.320.84 14 0.47 0.13 0.53 0.270.62 6 0.72 0.20 0.79 0.260.81 14 0.80 0.15 0.85 0.260.93 14 0.51 0.13 0.60 0.330.44 6 0.01 0.27 0.63 0.610.90 14 0.00 0.23 0.06 0.350.92 14 0.51 0.19 0.60 0.370.52 14 0.50 0.14 0.56 0.330.75 6 0.01 0.17 0.62 0.610.91 14 0.77 0.15 0.84 0.390.95 14 0.43 0.19 0.51 0.310.95 14 0.58 0.17 0.65 0.420.50 14 0.51 0.18 0.62 0.450.84 14 0.55 0.18 0.63 0.420.79 14 0.78 0.15 0.84 0.370.44 6 0.65 0.19 0.70 0.250.52 6 0.66 0.20 0.73 0.26
4672,0.0 1 0.0 0.0 10.0 10.0
4673,0.91 14 0.32 0.07 0.48 0.350.32 14 0.31 0.08 0.59 0.46
4674,0.73 6 0.01 0.00 0.34 0.200.73 6 0.03 0.01 0.80 0.62
4675,0.39 14 0.09 0.23 0.38 0.690.33 14 0.01 0.01 0.39 0.690.52 14 0.00 0.23 0.38 0.69
4676,0.51 6 0.40 0.57 0.44 0.610.33 6 0.00 0.54 0.10 0.690.61 6 0.26 0.54 0.43 0.680.59 6 0.05 0.55 0.11 0.600.88 6 0.00 0.55 0.10 0.690.78 6 0.22 0.56 0.29 0.620.89 6 0.10 0.55 0.24 0.660.46 6 0.09 0.54 0.16 0.610.34 6 0.27 0.54 0.43 0.630.85 6 0.44 0.57 0.53 0.640.54 6 0.50 0.54 0.57 0.62
4677,0.55 6 0.00 0.21 0.22 0.38
4678,0.37 6 0.42 0.56 0.52 0.630.84 6 0.79 0.58 0.89 0.610.36 6 0.94 0.57 1.00 0.610.75 6 0.35 0.58 0.42 0.630.37 6 0.37 0.58 0.42 0.630.69 6 0.43 0.56 0.59 0.630.38 6 0.40 0.54 0.71 0.630.56 6 0.59 0.56 0.67 0.62
4679,0.0 1 0.0 0.0 10.0 10.0
4680,0.95 14 0.15 0.29 0.36 0.82
4681,0.0 1 0.0 0.0 10.0 10.0
4682,0.47 6 0.11 0.91 0.19 0.960.81 6 0.07 0.90 0.15 0.950.51 6 0.32 0.83 0.59 1.000.83 6 0.18 0.83 0.59 1.000.36 6 0.08 0.91 0.17 0.960.71 6 0.12 0.91 0.20 0.960.50 6 0.32 0.83 0.59 1.00
4683,0.0 1 0.0 0.0 10.0 10.0
4684,0.0 1 0.0 0.0 10.0 10.0
4685,0.0 1 0.0 0.0 10.0 10.0
4686,0.95 14 0.33 0.15 0.63 0.590.31 6 0.08 0.21 0.33 0.310.53 6 0.02 0.25 0.13 0.330.37 14 0.87 0.50 0.96 0.580.35 14 0.72 0.31 0.97 0.570.53 6 0.08 0.20 0.35 0.320.89 6 0.08 0.20 0.34 0.320.76 14 0.82 0.16 0.87 0.210.72 6 0.03 0.20 0.35 0.340.54 6 0.02 0.20 0.35 0.34
4687,0.59 14 0.33 0.00 0.78 0.25
4688,0.0 1 0.0 0.0 10.0 10.0
4689,0.37 14 0.34 0.15 0.61 0.600.46 14 0.16 0.25 0.37 0.750.65 14 0.15 0.25 0.50 0.750.92 14 0.93 0.35 1.00 0.680.45 14 0.37 0.40 0.51 0.580.47 14 0.04 0.25 0.47 0.750.31 14 0.94 0.35 1.00 0.470.37 14 0.16 0.25 0.60 1.000.42 14 0.05 0.28 0.22 0.740.54 14 0.40 0.40 0.61 0.620.33 14 0.29 0.15 0.62 0.740.69 14 0.03 0.25 0.53 1.000.40 14 0.05 0.26 0.26 0.750.36 14 0.16 0.26 0.60 0.740.65 14 0.36 0.40 0.61 0.74
4690,0.35 14 0.27 0.00 0.52 0.270.36 14 0.69 0.00 0.86 0.320.30 14 0.65 0.01 0.86 0.370.52 14 0.00 0.13 0.15 0.380.34 14 0.50 0.00 0.86 0.370.32 14 0.42 0.00 0.86 0.31
4691,0.57 14 0.44 0.54 0.49 0.590.82 6 0.71 0.42 0.78 0.470.62 14 0.42 0.52 0.45 0.590.76 14 0.40 0.52 0.43 0.590.87 14 0.49 0.52 0.52 0.59
4692,0.62 14 0.15 0.11 0.38 0.540.32 14 0.14 0.10 0.39 0.600.43 14 0.01 0.10 0.57 1.000.65 14 0.15 0.06 0.58 0.750.31 14 0.15 0.11 0.39 0.750.32 14 0.15 0.04 0.59 1.000.32 14 0.00 0.08 0.27 0.750.91 14 0.36 0.04 0.59 0.75
4693,0.78 6 0.31 0.39 0.66 0.61
4694,0.53 6 0.00 0.01 0.96 0.74
4695,0.55 14 0.12 0.13 0.57 1.000.87 14 0.03 0.10 0.57 1.000.79 14 0.00 0.53 0.15 1.00
4696,0.41 6 0.50 0.07 0.59 0.120.34 6 0.39 0.10 0.52 0.170.71 14 0.18 0.06 0.24 0.160.43 14 0.00 0.08 0.10 0.470.78 14 0.76 0.08 0.81 0.280.87 14 0.72 0.08 0.77 0.200.89 14 0.23 0.06 0.30 0.160.75 14 0.34 0.07 0.39 0.130.68 14 0.81 0.05 0.87 0.270.88 14 0.18 0.06 0.24 0.160.45 14 0.73 0.08 0.77 0.130.86 14 0.82 0.05 0.87 0.160.90 14 0.05 0.07 0.11 0.170.33 14 0.76 0.08 0.81 0.200.77 14 0.00 0.04 0.04 0.170.58 14 0.23 0.06 0.30 0.150.32 6 0.36 0.08 0.58 0.190.34 14 0.19 0.06 0.24 0.150.82 6 0.01 0.12 0.86 0.730.50 6 0.01 0.12 0.87 0.730.89 14 0.76 0.08 0.81 0.220.93 14 0.09 0.05 0.18 0.170.75 14 0.28 0.07 0.33 0.130.81 14 0.64 0.06 0.69 0.130.38 6 0.01 0.12 0.86 0.730.77 14 0.61 0.07 0.64 0.110.62 6 0.69 0.08 0.76 0.12
4697,0.70 14 0.24 0.53 0.33 0.660.32 4 0.02 0.21 0.12 0.52
4698,0.41 8 0.00 0.50 0.14 0.750.58 14 0.63 0.59 0.80 0.73
4699,0.31 14 0.23 0.39 0.30 0.570.88 14 0.23 0.38 0.29 0.460.97 14 0.63 0.32 0.76 0.60
4700,0.31 14 0.20 0.00 0.50 0.470.33 14 0.01 0.01 0.55 0.730.60 14 0.00 0.20 0.62 1.000.39 14 0.13 0.00 0.63 0.580.49 14 0.14 0.01 0.50 0.580.43 14 0.00 0.22 0.40 1.000.40 14 0.13 0.00 0.49 0.480.59 14 0.00 0.30 0.26 1.000.62 14 0.00 0.01 0.63 1.000.36 14 0.00 0.31 0.26 0.74
4701,0.33 14 0.00 0.05 0.28 0.720.51 14 0.00 0.04 0.71 0.730.59 14 0.00 0.02 0.71 1.00
4702,0.0 1 0.0 0.0 10.0 10.0
4703,0.39 1 0.08 0.08 0.73 0.65
4704,0.0 1 0.0 0.0 10.0 10.0
4705,0.0 1 0.0 0.0 10.0 10.0
4706,0.0 1 0.0 0.0 10.0 10.0
4707,0.31 14 0.00 0.27 0.35 0.710.53 14 0.00 0.45 0.16 0.730.90 14 0.83 0.21 1.00 0.750.65 14 0.00 0.06 0.23 0.570.70 14 0.00 0.28 0.24 0.550.92 14 0.55 0.17 0.72 0.470.73 14 0.00 0.06 0.13 0.570.77 14 0.84 0.23 1.00 0.590.41 14 0.04 0.26 0.34 0.590.40 14 0.00 0.45 0.16 0.710.73 14 0.00 0.27 0.42 0.730.36 14 0.00 0.45 0.45 0.730.57 14 0.04 0.04 0.21 0.330.54 14 0.00 0.06 0.12 0.350.56 14 0.00 0.04 0.27 0.710.50 14 0.08 0.28 0.24 0.540.44 8 0.51 0.46 0.67 0.690.94 14 0.54 0.18 0.72 0.710.73 14 0.84 0.23 1.00 0.65
4708,0.78 14 0.00 0.30 0.63 1.000.38 14 0.18 0.07 0.25 0.14
4709,0.65 15 0.19 0.56 0.48 0.99
4710,0.0 1 0.0 0.0 10.0 10.0
4711,0.0 1 0.0 0.0 10.0 10.0
4712,0.82 14 0.31 0.16 0.62 0.740.31 14 0.36 0.35 0.61 0.730.44 14 0.84 0.42 0.90 0.750.54 14 0.85 0.42 0.90 0.530.60 14 0.05 0.24 0.31 0.760.76 14 0.37 0.17 0.61 0.750.53 14 0.35 0.16 0.61 0.750.93 14 0.04 0.19 0.43 0.760.35 14 0.31 0.16 0.67 1.000.91 14 0.59 0.22 0.87 0.760.44 14 0.05 0.20 0.31 0.750.31 14 0.32 0.21 0.88 0.75
4713,0.0 1 0.0 0.0 10.0 10.0
4714,0.44 14 0.16 0.21 0.25 0.290.45 14 0.03 0.01 0.21 0.200.81 14 0.12 0.20 0.25 0.300.31 6 0.01 0.12 0.88 0.660.82 6 0.01 0.12 1.00 0.660.90 14 0.36 0.20 0.46 0.29
4715,0.37 14 0.20 0.04 0.70 1.000.36 14 0.00 0.38 0.30 0.650.51 14 0.18 0.03 0.61 0.660.36 14 0.22 0.03 0.60 0.660.31 14 0.19 0.03 0.58 0.590.61 14 0.00 0.02 0.60 1.000.37 14 0.18 0.42 0.30 0.570.51 14 0.19 0.03 0.95 1.00
4716,0.78 14 0.54 0.18 0.60 0.280.53 14 0.40 0.26 0.46 0.350.66 14 0.03 0.03 0.44 0.500.82 14 0.78 0.08 0.84 0.140.38 14 0.56 0.21 0.73 0.440.40 14 0.55 0.22 0.81 0.660.93 14 0.20 0.20 0.42 0.510.31 14 0.83 0.20 0.88 0.300.87 14 0.39 0.17 0.48 0.300.83 14 0.80 0.18 0.88 0.420.65 14 0.01 0.03 0.45 0.530.82 14 0.72 0.08 0.79 0.150.73 14 0.79 0.17 0.85 0.270.73 14 0.77 0.18 0.85 0.370.62 14 0.30 0.19 0.40 0.350.35 14 0.72 0.08 0.79 0.260.84 14 0.32 0.19 0.41 0.330.43 14 0.00 0.27 0.42 0.660.94 14 0.55 0.18 0.64 0.370.31 14 0.03 0.03 0.37 0.360.92 14 0.00 0.28 0.25 0.660.72 14 0.30 0.20 0.37 0.300.31 14 0.82 0.20 0.89 0.390.35 14 0.57 0.22 0.77 0.490.74 14 0.00 0.28 0.25 0.540.64 14 0.34 0.18 0.42 0.330.90 14 0.39 0.18 0.48 0.370.32 14 0.55 0.22 0.78 0.540.43 14 0.55 0.20 0.70 0.650.81 14 0.77 0.18 0.88 0.420.44 14 0.54 0.22 0.90 1.000.68 14 0.56 0.19 0.65 0.410.96 14 0.55 0.22 0.88 0.67
4717,0.43 14 0.00 0.04 0.67 0.99
4718,0.0 1 0.0 0.0 10.0 10.0
4719,0.39 19 0.37 0.15 0.55 0.37
4720,0.90 14 0.06 0.10 0.55 0.670.32 8 0.01 0.40 0.17 0.59
4721,0.0 1 0.0 0.0 10.0 10.0
4722,0.71 6 0.21 0.19 0.97 0.63
4723,0.30 13 0.03 0.29 0.57 0.78
4724,0.0 1 0.0 0.0 10.0 10.0
4725,0.0 1 0.0 0.0 10.0 10.0
4726,0.0 1 0.0 0.0 10.0 10.0
4727,0.56 14 0.08 0.43 0.58 0.87
4728,0.73 14 0.27 0.11 0.44 0.500.71 14 0.27 0.11 0.45 0.580.36 14 0.27 0.11 0.45 0.670.57 14 0.27 0.11 0.45 0.61
4729,0.0 1 0.0 0.0 10.0 10.0
4730,0.0 1 0.0 0.0 10.0 10.0
4731,0.50 6 0.15 0.29 0.67 0.570.43 15 0.65 0.28 0.76 0.43
4732,0.47 14 0.38 0.13 0.64 0.750.32 14 0.42 0.14 0.65 0.620.81 14 0.51 0.33 0.64 0.650.58 14 0.51 0.33 0.64 0.56
4733,0.0 1 0.0 0.0 10.0 10.0
4734,0.36 14 0.31 0.23 0.47 0.460.96 14 0.33 0.22 0.48 0.580.35 8 0.16 0.29 0.29 0.570.31 15 0.17 0.15 0.23 0.240.36 15 0.01 0.41 0.10 0.530.30 15 0.00 0.07 0.17 0.320.30 14 0.54 0.23 0.71 0.470.32 8 0.51 0.30 0.82 0.600.52 14 0.18 0.23 0.42 0.590.39 14 0.34 0.22 0.46 0.380.47 14 0.19 0.23 0.30 0.480.95 14 0.56 0.23 0.67 0.440.30 15 0.00 0.08 0.15 0.530.94 14 0.65 0.23 0.72 0.370.32 14 0.26 0.23 0.38 0.600.96 14 0.19 0.23 0.30 0.570.65 15 0.16 0.14 0.22 0.240.35 14 0.19 0.23 0.30 0.440.69 14 0.28 0.22 0.37 0.330.51 14 0.18 0.23 0.29 0.450.68 14 0.53 0.23 0.70 0.460.85 14 0.54 0.23 0.68 0.550.51 8 0.51 0.32 0.70 0.60
4735,0.61 8 0.71 0.51 0.88 0.760.39 8 0.71 0.51 0.88 0.76
4736,0.61 14 0.04 0.03 0.29 0.50
4737,0.90 14 0.27 0.14 0.43 0.580.76 6 0.57 0.83 0.67 0.920.77 6 0.40 0.86 0.51 0.940.56 6 0.11 0.89 0.32 0.970.33 6 0.46 0.84 0.59 0.930.36 6 0.20 0.89 0.32 0.950.34 14 0.25 0.15 0.46 0.760.42 14 0.12 0.28 0.50 0.770.46 6 0.57 0.83 0.67 0.910.37 6 0.39 0.82 0.51 0.93
4738,0.90 14 0.36 0.43 0.73 0.850.30 14 0.17 0.27 0.26 0.590.42 14 0.81 0.29 0.86 0.400.81 14 0.73 0.37 0.88 0.840.42 14 0.55 0.35 0.78 0.750.64 14 0.54 0.38 0.88 0.840.40 14 0.33 0.20 0.53 0.850.35 14 0.45 0.29 0.51 0.410.82 14 0.82 0.30 0.87 0.440.36 14 0.07 0.28 0.17 0.620.93 14 0.33 0.19 0.51 0.690.43 14 0.54 0.37 0.76 0.720.96 14 0.07 0.28 0.18 0.700.94 14 0.73 0.38 0.88 0.650.42 14 0.32 0.20 0.52 0.850.32 14 0.53 0.37 0.88 0.760.87 14 0.55 0.37 0.76 0.840.75 14 0.65 0.24 0.70 0.330.32 14 0.60 0.38 0.76 0.680.46 14 0.65 0.25 0.71 0.40
4739,0.81 6 0.56 0.63 0.63 0.680.46 6 0.09 0.68 0.21 0.750.76 6 0.00 0.71 0.04 0.770.81 6 0.24 0.68 0.34 0.730.83 6 0.09 0.68 0.21 0.750.44 6 0.37 0.61 0.55 0.700.76 6 0.08 0.68 0.20 0.750.45 6 0.55 0.63 0.63 0.68
4740,0.64 1 0.01 0.58 0.30 0.760.54 1 0.76 0.64 0.86 0.840.33 1 0.72 0.58 0.85 0.840.71 1 0.13 0.59 0.31 0.770.38 14 0.17 0.51 0.27 0.640.94 14 0.16 0.51 0.27 0.760.34 1 0.13 0.60 0.31 0.770.84 14 0.67 0.51 0.81 0.760.91 14 0.66 0.51 0.77 0.760.65 1 0.62 0.58 0.86 0.840.58 1 0.62 0.63 0.86 0.84
4741,0.32 12 0.37 0.22 0.85 0.850.40 14 0.37 0.14 0.66 0.840.91 14 0.44 0.13 0.65 0.68
4742,0.68 6 0.09 0.15 0.89 0.82
4743,0.40 6 0.00 0.70 0.13 0.800.62 6 0.00 0.70 0.13 0.800.33 14 0.86 0.35 0.95 0.64
4744,0.93 14 0.46 0.39 0.62 0.730.96 14 0.76 0.37 0.88 0.720.97 14 0.65 0.40 0.74 0.690.93 14 0.23 0.44 0.29 0.600.93 14 0.16 0.44 0.22 0.580.43 14 0.46 0.39 0.57 0.730.94 14 0.35 0.43 0.42 0.620.92 14 0.57 0.41 0.65 0.680.82 14 0.76 0.38 0.88 0.64
4745,0.64 4 0.64 0.19 0.71 0.380.55 14 0.63 0.23 0.71 0.370.60 4 0.52 0.00 0.56 0.120.78 14 0.00 0.01 0.48 0.690.50 14 0.50 0.23 0.72 0.38
4746,0.35 4 0.39 0.60 0.51 0.990.67 14 0.07 0.02 0.37 0.600.35 14 0.06 0.02 0.56 0.640.62 4 0.18 0.40 0.28 0.850.38 4 0.19 0.55 0.28 0.860.55 14 0.07 0.25 0.56 1.000.44 4 0.40 0.60 0.52 0.970.67 4 0.39 0.60 0.53 1.00
4747,0.69 14 0.47 0.46 0.49 0.530.68 14 0.49 0.46 0.52 0.530.42 14 0.49 0.46 0.52 0.530.45 14 0.53 0.47 0.55 0.53
4748,0.72 14 0.07 0.07 0.48 1.000.91 14 0.00 0.07 0.47 1.00
4749,0.0 1 0.0 0.0 10.0 10.0
4750,0.46 15 0.26 0.16 0.32 0.240.71 14 0.01 0.25 0.47 0.720.82 14 0.01 0.24 0.31 0.72
4751,0.77 6 0.78 0.23 0.98 0.320.45 6 0.77 0.24 0.99 0.32
4752,0.34 14 0.11 0.15 0.45 0.760.30 14 0.08 0.28 0.30 0.760.39 14 0.13 0.00 0.64 1.000.46 14 0.12 0.01 0.63 0.760.85 14 0.00 0.28 0.28 0.760.33 14 0.31 0.01 0.63 0.760.31 14 0.07 0.29 0.27 0.530.30 14 0.31 0.18 0.82 1.00
4753,0.76 6 0.21 0.33 0.30 0.380.96 14 0.54 0.15 0.66 0.420.94 14 0.45 0.15 0.53 0.430.30 6 0.00 0.32 0.21 0.380.32 14 0.54 0.15 0.66 0.33
4754,0.36 15 0.66 0.09 0.72 0.170.90 14 0.22 0.13 0.66 0.660.32 19 0.13 0.14 0.35 0.410.34 4 0.63 0.59 0.67 0.670.35 14 0.39 0.13 0.66 0.650.47 19 0.14 0.15 0.35 0.350.46 14 0.08 0.13 0.66 1.000.32 14 0.24 0.13 0.67 0.650.40 4 0.66 0.11 0.72 0.250.71 4 0.63 0.58 0.67 0.67
4755,0.94 14 0.36 0.28 0.56 0.830.63 14 0.56 0.43 0.63 0.610.66 14 0.37 0.28 0.48 0.400.48 14 0.48 0.37 0.57 0.820.47 14 0.35 0.27 0.49 0.520.58 14 0.57 0.43 0.63 0.510.37 14 0.42 0.29 0.58 0.830.64 14 0.45 0.29 0.55 0.390.38 14 0.50 0.37 0.58 0.60
4756,0.37 6 0.40 0.34 0.53 0.420.46 14 0.27 0.28 0.38 0.430.54 1 0.22 0.46 0.42 0.620.81 6 0.13 0.33 0.41 0.440.75 1 0.22 0.43 0.42 0.630.38 6 0.00 0.35 0.08 0.430.64 14 0.25 0.29 0.39 0.500.35 14 0.24 0.29 0.38 0.480.70 6 0.45 0.34 0.56 0.420.79 6 0.40 0.34 0.56 0.420.81 14 0.25 0.28 0.39 0.570.45 6 0.13 0.34 0.29 0.430.30 1 0.21 0.46 0.42 0.620.32 6 0.33 0.35 0.41 0.430.54 6 0.14 0.34 0.30 0.430.60 6 0.53 0.33 0.77 0.510.37 6 0.47 0.34 0.56 0.42
4757,0.0 1 0.0 0.0 10.0 10.0
4758,0.42 4 0.14 0.20 0.23 0.460.75 14 0.21 0.01 0.74 0.650.43 4 0.11 0.21 0.17 0.43
4759,0.76 14 0.00 0.48 0.10 0.610.35 14 0.00 0.48 0.10 0.72
4760,0.43 14 0.58 0.11 0.76 0.660.32 14 0.52 0.11 0.88 0.660.94 14 0.25 0.14 0.49 0.650.96 14 0.01 0.13 0.28 0.660.94 14 0.46 0.10 0.70 0.650.71 14 0.65 0.11 0.88 0.670.85 14 0.50 0.10 0.88 0.660.63 14 0.67 0.11 0.79 0.38
4761,0.0 1 0.0 0.0 10.0 10.0
4762,0.82 14 0.18 0.20 0.50 1.00
4763,0.35 15 0.37 0.65 0.45 0.800.42 15 0.12 0.59 0.26 0.790.43 15 0.12 0.44 0.29 0.790.68 15 0.01 0.07 0.34 0.79
4764,0.0 1 0.0 0.0 10.0 10.0
4765,0.69 14 0.76 0.00 1.00 0.750.40 14 0.76 0.19 1.00 0.740.37 14 0.77 0.00 1.00 0.520.77 14 0.00 0.36 0.64 1.000.90 14 0.61 0.04 0.80 0.300.37 14 0.38 0.04 0.80 0.750.50 14 0.75 0.00 1.00 0.58
4766,0.34 14 0.35 0.38 0.68 1.000.33 6 0.08 0.07 0.24 0.170.82 14 0.62 0.30 0.71 0.410.39 14 0.55 0.30 0.70 0.550.51 14 0.00 0.38 0.68 1.000.72 14 0.56 0.31 0.64 0.420.83 6 0.08 0.07 0.23 0.170.82 14 0.00 0.37 0.74 1.000.37 19 0.57 0.28 0.74 0.43
4767,0.50 14 0.40 0.35 0.45 0.430.53 6 0.01 0.39 0.12 0.570.94 14 0.16 0.35 0.21 0.450.74 6 0.02 0.23 0.87 0.810.87 14 0.00 0.37 0.04 0.550.53 6 0.01 0.38 0.17 0.570.96 14 0.08 0.36 0.14 0.500.47 14 0.15 0.36 0.17 0.430.81 14 0.21 0.36 0.25 0.440.57 6 0.02 0.23 0.87 0.81
4768,0.77 14 0.12 0.36 0.61 1.00
4769,0.84 6 0.30 0.35 0.70 0.540.30 6 0.82 0.34 0.89 0.380.97 14 0.69 0.30 0.75 0.52
4770,0.0 1 0.0 0.0 10.0 10.0
4771,0.0 1 0.0 0.0 10.0 10.0
4772,0.46 14 0.29 0.38 0.87 0.740.49 14 0.47 0.54 0.54 0.640.33 14 0.06 0.62 0.17 0.740.51 14 0.00 0.00 0.27 0.350.41 14 0.33 0.20 0.40 0.340.45 14 0.00 0.44 0.17 0.740.80 14 0.00 0.00 0.28 0.750.32 14 0.28 0.18 0.41 0.70
4773,0.85 14 0.66 0.15 0.72 0.270.70 14 0.48 0.36 0.52 0.500.62 14 0.76 0.13 0.82 0.200.97 14 0.76 0.33 0.83 0.570.81 14 0.71 0.33 0.76 0.510.85 6 0.22 0.40 0.44 0.560.97 14 0.92 0.35 0.99 0.600.42 14 0.40 0.38 0.43 0.490.97 14 0.86 0.35 0.93 0.590.47 14 0.72 0.14 0.77 0.270.86 14 0.59 0.38 0.64 0.520.83 14 0.00 0.28 0.25 0.750.52 14 0.74 0.13 0.82 0.260.92 14 0.52 0.35 0.58 0.520.92 14 0.47 0.36 0.52 0.500.77 14 0.00 0.28 0.25 1.000.93 14 0.72 0.33 0.77 0.560.71 14 0.37 0.38 0.40 0.440.93 14 0.41 0.37 0.47 0.500.92 14 0.53 0.35 0.58 0.520.95 14 0.61 0.33 0.71 0.530.41 14 0.72 0.14 0.78 0.240.64 14 0.71 0.14 0.76 0.27
4774,0.57 15 0.01 0.01 0.31 0.400.48 15 0.59 0.21 0.82 0.50
4775,0.0 1 0.0 0.0 10.0 10.0
4776,0.57 4 0.09 0.76 0.14 0.990.41 15 0.31 0.61 0.44 0.700.56 4 0.09 0.76 0.14 0.900.37 4 0.41 0.88 0.47 1.000.34 4 0.54 0.78 0.63 0.960.76 4 0.41 0.88 0.47 1.000.76 15 0.15 0.44 0.26 0.550.47 15 0.17 0.45 0.25 0.550.37 8 0.41 0.59 0.53 0.700.31 15 0.16 0.46 0.24 0.550.31 10 0.07 0.64 0.66 1.000.67 15 0.31 0.60 0.43 0.700.60 4 0.57 0.78 0.62 0.87
4777,0.0 1 0.0 0.0 10.0 10.0
4778,0.0 1 0.0 0.0 10.0 10.0
4779,0.43 14 0.02 0.04 0.47 1.000.94 14 0.03 0.05 0.47 0.89
4780,0.55 14 0.03 0.20 0.49 0.910.41 14 0.02 0.19 0.40 0.760.59 14 0.03 0.39 0.62 1.000.34 14 0.02 0.20 0.50 0.890.66 14 0.17 0.18 0.39 0.430.60 14 0.02 0.19 0.49 1.000.42 14 0.01 0.19 0.46 1.000.61 14 0.02 0.19 0.39 0.90
4781,0.0 1 0.0 0.0 10.0 10.0
4782,0.53 14 0.53 0.21 0.71 0.410.42 14 0.49 0.22 0.71 0.640.33 14 0.80 0.53 0.96 0.660.32 14 0.49 0.22 0.74 0.540.95 14 0.17 0.11 0.53 0.660.39 14 0.50 0.22 0.79 0.610.44 14 0.17 0.22 0.83 0.660.49 14 0.80 0.52 0.95 0.660.68 14 0.49 0.22 0.89 0.660.73 14 0.50 0.22 0.85 0.660.33 14 0.50 0.38 0.84 0.610.55 14 0.50 0.22 0.96 1.00
4783,0.0 1 0.0 0.0 10.0 10.0
4784,0.0 1 0.0 0.0 10.0 10.0
4785,0.31 14 0.67 0.31 0.86 0.670.32 14 0.44 0.25 0.86 0.660.48 14 0.61 0.25 0.85 0.520.36 14 0.34 0.26 0.85 0.660.45 14 0.04 0.31 0.52 0.660.33 4 0.25 0.60 0.29 0.670.71 4 0.61 0.55 0.66 0.670.51 14 0.61 0.25 0.86 0.540.55 14 0.44 0.29 0.73 0.490.56 14 0.00 0.36 0.20 0.660.35 14 0.57 0.25 0.86 0.670.83 14 0.00 0.36 0.20 0.550.31 14 0.11 0.24 0.86 0.660.36 14 0.33 0.25 0.85 0.670.50 14 0.60 0.25 0.86 0.660.51 14 0.61 0.25 0.80 0.48
4786,0.42 14 0.41 0.20 0.58 0.500.35 14 0.77 0.46 1.00 1.000.89 14 0.00 0.21 0.20 0.570.76 14 0.16 0.38 0.39 0.640.64 14 0.41 0.20 0.55 0.390.58 14 0.40 0.19 0.58 0.610.77 14 0.17 0.20 0.61 0.640.43 14 0.16 0.20 0.47 0.630.32 14 0.30 0.20 0.61 0.650.47 14 0.17 0.22 0.36 0.430.58 14 0.01 0.21 0.19 0.440.72 14 0.00 0.21 0.20 0.670.42 14 0.16 0.22 0.40 0.640.37 14 0.39 0.20 0.55 0.53
4787,0.74 15 0.52 0.17 0.60 0.260.45 15 0.51 0.17 0.59 0.260.69 15 0.66 0.16 0.75 0.270.59 15 0.52 0.17 0.60 0.260.37 4 0.09 0.26 0.13 0.380.54 15 0.58 0.18 0.65 0.270.61 15 0.65 0.16 0.74 0.27
4788,0.39 8 0.38 0.47 0.44 0.620.37 8 0.00 0.35 0.19 0.530.30 8 0.81 0.35 0.95 0.49
4789,0.49 19 0.71 0.40 0.84 0.520.89 14 0.15 0.38 0.20 0.45
4790,0.35 4 0.00 0.36 0.03 0.450.36 14 0.28 0.07 0.59 0.470.97 14 0.19 0.29 0.29 0.450.81 14 0.52 0.16 0.71 0.430.94 14 0.27 0.06 0.70 0.490.44 14 0.71 0.16 0.88 0.470.65 14 0.44 0.16 0.70 0.480.97 14 0.05 0.30 0.17 0.440.94 14 0.74 0.15 0.88 0.300.74 14 0.53 0.16 0.70 0.340.74 14 0.53 0.16 0.70 0.33
4791,0.43 6 0.02 0.78 0.49 0.98
4792,0.62 6 0.02 0.20 0.60 0.660.33 6 0.02 0.04 0.60 0.66
4793,0.39 14 0.31 0.23 0.58 0.490.73 14 0.15 0.10 0.35 0.460.40 14 0.02 0.23 0.59 1.000.61 14 0.31 0.22 0.58 0.46
4794,0.0 1 0.0 0.0 10.0 10.0
4795,0.38 6 0.61 0.43 0.67 0.470.39 6 0.35 0.42 0.40 0.460.44 6 0.37 0.39 0.55 0.500.35 15 0.18 0.32 0.26 0.420.86 6 0.62 0.43 0.67 0.470.46 6 0.38 0.40 0.55 0.500.51 6 0.58 0.42 0.62 0.45
4796,0.37 4 0.41 0.01 0.54 0.510.31 4 0.36 0.38 0.50 0.650.33 4 0.20 0.37 0.34 0.650.55 4 0.41 0.01 0.54 0.560.33 4 0.06 0.13 0.22 0.600.60 4 0.57 0.01 0.66 0.28
4797,0.0 1 0.0 0.0 10.0 10.0
4798,0.70 14 0.27 0.07 0.44 0.290.74 14 0.28 0.38 0.42 0.880.43 14 0.20 0.44 0.31 0.650.45 14 0.52 0.01 0.68 0.390.31 14 0.44 0.00 0.69 1.000.45 14 0.22 0.45 0.31 0.640.75 14 0.21 0.45 0.39 1.000.66 14 0.23 0.45 0.30 0.620.35 14 0.26 0.07 0.41 0.370.37 14 0.06 0.36 0.34 0.910.36 14 0.26 0.07 0.44 0.600.52 14 0.22 0.06 0.39 0.280.32 14 0.18 0.45 0.35 0.850.89 14 0.05 0.33 0.19 0.920.31 14 0.50 0.00 0.69 0.620.47 14 0.27 0.06 0.42 0.890.58 14 0.50 0.00 0.69 0.48
4799,0.47 14 0.29 0.04 0.53 0.570.31 4 0.64 0.54 0.74 0.750.36 14 0.00 0.05 0.53 0.640.62 14 0.00 0.05 0.54 0.740.34 14 0.28 0.04 0.53 0.630.34 14 0.28 0.04 0.54 0.750.49 14 0.00 0.04 0.74 1.000.65 14 0.16 0.04 0.54 0.740.58 14 0.25 0.25 0.74 0.75
4800,0.44 14 0.43 0.37 0.50 0.510.74 6 0.00 0.01 0.62 0.58
4801,0.52 14 0.00 0.60 0.29 1.000.56 14 0.56 0.06 0.69 0.470.58 14 0.28 0.17 0.56 0.550.38 14 0.36 0.58 0.53 0.720.83 14 0.00 0.07 0.29 0.750.40 14 0.73 0.25 0.86 0.460.75 14 0.59 0.04 0.85 0.720.32 14 0.34 0.17 0.56 0.560.33 14 0.32 0.58 0.49 0.720.31 14 0.66 0.22 0.84 0.460.30 14 0.74 0.25 0.89 0.620.47 14 0.00 0.07 0.18 0.730.69 14 0.24 0.17 0.57 0.710.32 14 0.59 0.04 0.86 0.690.45 14 0.04 0.61 0.28 0.750.62 14 0.00 0.32 0.29 0.760.37 14 0.00 0.32 0.28 0.750.85 14 0.29 0.16 0.56 0.630.44 14 0.14 0.08 0.29 0.660.30 14 0.00 0.08 0.56 1.000.35 14 0.09 0.08 0.26 0.480.54 14 0.00 0.07 0.29 1.000.33 14 0.17 0.29 0.30 0.540.32 14 0.54 0.04 0.88 0.750.45 14 0.34 0.16 0.55 0.540.41 14 0.28 0.58 0.55 0.730.66 14 0.45 0.04 0.87 0.740.52 14 0.54 0.04 0.85 0.55
4802,0.35 14 0.42 0.14 0.57 0.480.30 14 0.34 0.15 0.59 0.700.91 14 0.42 0.13 0.57 0.54
4803,0.56 14 0.31 0.31 0.46 0.640.45 14 0.31 0.31 0.61 1.000.69 14 0.14 0.41 0.33 1.000.62 14 0.31 0.31 0.46 0.680.41 14 0.31 0.31 0.62 0.690.34 14 0.15 0.41 0.30 0.690.51 14 0.11 0.41 0.31 1.000.39 14 0.46 0.44 0.60 0.680.41 14 0.31 0.31 0.61 0.750.32 14 0.02 0.40 0.42 1.000.63 14 0.03 0.31 0.62 1.000.48 14 0.25 0.31 0.46 0.730.63 14 0.08 0.48 0.14 0.600.37 14 0.34 0.44 0.59 0.760.39 14 0.31 0.31 0.61 0.790.40 14 0.46 0.44 0.60 0.750.46 14 0.32 0.44 0.58 1.00
4804,0.94 14 0.39 0.07 0.57 0.370.34 14 0.10 0.16 0.67 0.730.93 14 0.08 0.19 0.14 0.450.45 14 0.37 0.12 0.74 0.460.38 14 0.10 0.16 0.68 0.590.93 14 0.00 0.19 0.13 0.530.55 14 -0.00 0.16 0.67 1.000.45 14 0.36 0.14 0.73 0.460.77 14 0.49 0.15 0.68 0.45
4805,0.33 8 0.00 0.54 0.13 0.760.54 8 0.20 0.52 0.34 0.630.42 8 0.40 0.42 0.61 0.590.45 8 0.00 0.53 0.19 0.760.33 8 0.62 0.40 0.81 0.570.56 8 0.04 0.53 0.20 0.690.53 8 0.28 0.46 0.41 0.61
4806,0.31 14 0.24 0.44 0.41 0.670.36 15 0.29 0.23 0.41 0.400.55 15 0.30 0.23 0.40 0.38
4807,0.95 14 0.24 0.32 0.31 0.570.46 14 0.16 0.38 0.23 0.58
4808,0.77 14 0.65 0.53 0.77 0.69
4809,0.0 1 0.0 0.0 10.0 10.0
4810,0.32 6 0.01 0.10 0.36 0.370.42 6 0.01 0.03 0.36 0.37
4811,0.70 14 0.40 0.25 0.57 0.790.51 14 0.18 0.26 0.28 0.600.64 14 0.41 0.27 0.49 0.340.59 6 0.12 0.32 0.61 0.900.42 14 0.01 0.28 0.09 0.390.72 14 0.10 0.26 0.28 0.760.68 14 0.40 0.26 0.55 0.690.97 14 0.00 0.27 0.13 0.760.62 14 0.41 0.26 0.61 0.69
4812,0.66 6 0.17 0.12 1.00 0.62
4813,0.30 13 0.17 0.20 0.72 0.64
4814,0.37 14 0.51 0.15 0.60 0.220.91 14 0.50 0.14 0.63 0.300.67 6 0.05 0.17 0.69 0.610.32 6 0.05 0.17 0.69 0.630.76 6 0.00 0.20 0.14 0.48
4815,0.34 6 0.07 0.24 0.74 0.550.54 6 0.86 0.23 0.93 0.280.33 6 0.62 0.24 0.92 0.39
4816,0.37 6 0.13 0.20 0.71 0.490.68 6 0.00 0.30 0.04 0.330.43 6 0.13 0.20 0.71 0.490.67 6 0.11 0.30 0.15 0.34
4817,0.67 6 0.18 0.03 0.58 0.380.47 14 0.07 0.03 0.70 1.00
4818,0.50 14 -0.00 0.14 0.43 1.000.31 14 0.00 0.14 0.78 1.000.90 14 0.49 0.43 0.78 1.00
4819,0.36 8 0.67 0.59 0.79 0.890.32 8 0.76 0.58 0.83 0.880.75 8 0.49 0.66 0.65 1.000.74 8 0.67 0.58 0.82 0.890.46 8 0.63 0.59 0.80 0.930.60 8 0.48 0.57 0.63 1.000.34 19 0.51 0.27 0.74 0.590.49 8 0.47 0.57 0.67 1.000.34 10 0.01 0.62 0.79 0.990.41 8 0.48 0.57 0.62 0.840.79 8 0.48 0.58 0.65 1.00
4820,0.38 6 0.46 0.82 0.55 0.930.60 6 0.65 0.81 0.75 0.930.87 6 0.59 0.81 0.74 0.930.85 6 0.31 0.82 0.49 0.920.56 6 0.60 0.81 0.71 0.930.88 6 0.47 0.82 0.62 0.930.38 6 0.59 0.81 0.72 0.93
4821,0.0 1 0.0 0.0 10.0 10.0
4822,0.87 14 0.00 0.01 0.65 1.000.80 14 0.69 0.16 0.88 1.00
4823,0.77 6 0.17 0.40 0.63 0.67
4824,0.88 14 0.77 0.58 0.86 0.850.93 14 0.73 0.54 0.77 0.740.94 14 0.95 0.56 1.00 0.780.95 14 0.88 0.55 0.93 0.750.90 14 0.32 0.56 0.38 0.860.82 6 0.61 0.55 0.71 0.640.93 14 0.24 0.58 0.30 0.860.50 14 0.77 0.56 0.81 0.750.95 14 0.16 0.56 0.21 0.810.94 14 0.83 0.51 0.87 0.690.94 14 0.45 0.58 0.51 0.80
4825,0.49 6 0.11 0.12 0.90 0.400.49 6 0.48 0.00 0.64 0.060.66 6 0.86 0.00 1.00 0.060.85 6 0.48 0.00 0.78 0.060.73 6 0.81 0.06 0.93 0.130.31 6 0.11 0.01 0.99 0.400.70 6 0.11 0.03 0.91 0.400.37 6 0.82 0.02 1.00 0.15
4826,0.87 14 0.05 0.16 0.41 0.390.39 14 0.49 0.17 0.87 0.490.37 14 0.01 0.17 0.51 0.590.51 14 0.50 0.17 0.88 0.530.75 14 0.19 0.16 0.41 0.380.37 14 0.02 0.17 0.45 0.490.51 8 0.60 0.47 0.82 0.610.89 14 0.50 0.17 0.88 0.580.44 14 0.36 0.17 0.90 0.59
4827,0.90 14 0.00 0.80 0.05 0.91
4828,0.85 14 0.39 0.20 0.62 0.390.64 14 0.07 0.16 0.45 0.600.71 14 0.57 0.20 0.86 0.600.90 14 0.08 0.15 0.40 0.440.61 14 0.07 0.17 0.82 0.610.35 14 0.46 0.20 0.88 0.600.82 14 0.39 0.20 0.67 0.420.58 14 0.07 0.16 0.42 0.600.70 14 0.57 0.22 0.88 0.600.54 14 0.39 0.20 0.54 0.380.53 14 0.07 0.16 0.27 0.450.82 14 0.35 0.20 0.86 0.600.38 14 0.67 0.29 1.00 0.600.47 14 0.58 0.20 0.72 0.410.85 14 0.58 0.20 0.76 0.35
4829,0.0 1 0.0 0.0 10.0 10.0
4830,0.58 14 0.32 0.05 0.62 0.580.47 14 0.32 0.05 0.64 0.590.36 14 0.00 0.04 0.64 0.600.31 14 0.33 0.03 1.00 0.60
4831,0.32 14 0.27 0.42 0.47 0.660.36 14 0.37 0.43 0.46 0.510.71 14 0.07 0.25 0.15 0.330.92 14 0.21 0.29 0.42 0.650.60 14 0.21 0.40 0.43 0.650.36 14 0.21 0.29 0.33 0.630.80 14 0.37 0.44 0.47 0.650.43 14 0.30 0.43 0.46 0.66
4832,0.37 6 0.83 0.05 0.95 0.140.82 6 0.88 0.07 1.00 0.140.58 6 0.86 0.06 0.97 0.140.35 6 0.87 0.06 1.00 0.140.79 6 0.00 0.03 0.17 0.200.43 6 0.75 0.05 0.95 0.140.89 6 0.75 0.05 0.95 0.140.64 6 0.20 0.04 0.35 0.090.75 6 0.18 0.04 0.35 0.090.55 6 0.12 0.03 0.23 0.080.34 6 0.00 0.03 0.18 0.200.87 6 0.02 0.12 0.99 0.580.34 6 0.00 0.05 0.18 0.200.32 6 0.26 0.04 0.35 0.080.37 6 0.75 0.05 1.00 0.150.54 6 0.69 0.04 0.79 0.10
4833,0.63 1 0.01 0.40 0.23 0.63
4834,0.0 1 0.0 0.0 10.0 10.0
4835,0.87 14 0.88 0.54 0.93 0.580.51 6 0.43 0.32 0.50 0.360.94 14 0.69 0.49 0.77 0.57
4836,0.51 14 0.49 0.21 0.56 0.370.35 14 0.50 0.21 0.55 0.320.90 14 0.35 0.11 0.54 0.490.64 14 0.35 0.11 0.55 0.520.37 14 0.35 0.11 0.54 0.52
4837,0.0 1 0.0 0.0 10.0 10.0
4838,0.86 14 0.08 0.22 0.66 1.00
4839,0.39 14 0.29 0.12 0.48 0.520.85 14 0.04 0.28 0.44 0.620.38 14 0.29 0.12 0.63 0.590.55 14 0.04 0.12 0.63 0.680.53 14 0.17 0.28 0.43 0.580.51 14 0.29 0.12 0.63 0.710.40 14 0.11 0.29 0.36 0.550.73 14 0.10 0.12 0.62 0.900.30 14 0.14 0.29 0.36 0.580.36 14 0.27 0.12 0.63 0.90
4840,0.77 6 0.31 0.27 0.53 0.42
4841,0.87 14 0.34 0.53 0.39 0.650.55 15 0.18 0.57 0.24 0.690.60 8 0.00 0.57 0.09 0.870.94 14 0.25 0.48 0.36 0.770.68 8 0.21 0.61 0.36 0.980.33 8 0.20 0.69 0.35 0.980.34 14 0.25 0.48 0.34 0.630.40 14 0.36 0.20 0.57 0.770.84 14 0.34 0.19 0.73 1.000.33 8 0.72 0.85 0.84 1.000.50 14 0.25 0.48 0.35 0.690.60 14 0.33 0.53 0.40 0.780.32 14 0.34 0.20 0.58 1.000.37 14 0.34 0.50 0.73 1.00
4842,0.49 14 0.25 0.44 0.35 0.680.86 14 0.25 0.43 0.33 0.590.47 14 0.21 0.43 0.35 1.000.85 14 0.00 0.26 0.13 0.660.74 14 0.00 0.26 0.14 0.63
4843,0.0 1 0.0 0.0 10.0 10.0
4844,0.33 15 0.02 0.64 0.10 0.890.41 14 0.07 0.68 0.19 1.000.62 15 0.22 0.43 0.32 0.950.76 15 0.37 0.82 0.48 0.990.57 15 0.59 0.80 0.71 1.000.57 15 0.01 0.46 0.10 0.890.44 15 0.22 0.78 0.33 0.960.96 14 0.06 0.59 0.19 1.000.40 14 0.08 0.58 0.17 0.870.58 15 0.38 0.81 0.48 0.990.57 15 0.58 0.40 0.72 1.00
4845,0.0 1 0.0 0.0 10.0 10.0
4846,0.0 1 0.0 0.0 10.0 10.0
4847,0.0 1 0.0 0.0 10.0 10.0
4848,0.81 6 0.02 0.19 0.87 0.68
4849,0.0 1 0.0 0.0 10.0 10.0
4850,0.0 1 0.0 0.0 10.0 10.0
4851,0.0 1 0.0 0.0 10.0 10.0
4852,0.42 14 0.00 0.18 0.60 1.000.32 14 0.35 0.18 0.48 0.440.44 14 0.35 0.18 0.55 0.630.41 14 0.12 0.06 0.34 0.810.37 14 0.14 0.16 0.43 1.000.65 14 0.35 0.18 0.70 0.640.73 14 0.35 0.18 0.68 0.650.76 14 0.13 0.14 0.60 1.000.49 14 0.00 0.15 0.70 1.00
4853,0.66 14 0.32 0.41 0.37 0.510.39 14 0.72 0.30 0.81 0.600.70 6 0.16 0.49 0.24 0.540.83 14 0.24 0.50 0.39 0.740.45 14 0.71 0.30 0.82 0.650.81 14 0.73 0.29 0.81 0.440.86 14 0.10 0.53 0.20 0.740.67 14 0.71 0.30 0.83 0.670.46 14 0.72 0.30 0.83 0.530.74 14 0.70 0.30 0.84 0.77
4854,0.0 1 0.0 0.0 10.0 10.0
4855,0.88 6 0.11 0.68 0.65 0.93
4856,0.34 15 0.52 0.00 0.61 0.170.81 14 0.13 0.24 0.16 0.34
4857,0.0 1 0.0 0.0 10.0 10.0
4858,0.86 6 0.60 0.30 0.77 0.380.67 6 0.34 0.28 0.48 0.370.76 6 0.34 0.28 0.52 0.370.90 6 0.02 0.32 0.14 0.410.46 6 0.01 0.32 0.14 0.410.64 6 0.34 0.28 0.49 0.370.49 6 0.79 0.31 0.89 0.38
4859,0.37 6 0.16 0.29 0.57 0.540.93 14 0.61 0.23 0.69 0.460.83 6 0.16 0.29 0.57 0.530.39 6 0.64 0.28 0.87 0.490.95 14 0.45 0.21 0.54 0.380.31 6 0.61 0.30 0.87 0.490.49 6 0.60 0.23 0.86 0.490.96 14 0.54 0.22 0.63 0.45
4860,0.34 15 0.21 0.01 0.34 0.120.36 15 0.21 0.01 0.37 0.130.87 14 0.81 0.25 0.88 0.550.67 14 0.17 0.21 0.42 0.600.89 14 0.17 0.15 0.32 0.400.73 14 0.57 0.15 0.72 0.400.36 14 0.14 0.35 0.41 0.600.72 14 0.00 0.23 0.07 0.380.30 4 0.73 0.37 0.77 0.480.57 14 0.00 0.23 0.09 0.600.38 15 0.21 0.01 0.38 0.130.35 14 0.18 0.15 0.33 0.390.95 14 0.38 0.22 0.54 0.370.85 14 0.17 0.15 0.30 0.320.94 14 0.00 0.24 0.41 0.600.52 14 0.00 0.24 0.26 0.600.39 4 0.72 0.37 0.77 0.510.71 4 0.73 0.37 0.77 0.490.60 14 0.00 0.24 0.20 0.590.96 14 0.56 0.23 0.72 0.400.70 4 0.58 0.39 0.63 0.520.82 14 0.56 0.24 0.72 0.480.91 14 0.81 0.25 0.89 0.470.66 14 0.64 0.15 0.71 0.26
4861,0.61 14 0.37 0.21 0.66 1.000.56 14 0.36 0.21 0.62 0.460.80 14 0.37 0.21 0.63 0.60
4862,0.0 1 0.0 0.0 10.0 10.0
4863,0.0 1 0.0 0.0 10.0 10.0
4864,0.57 15 0.00 0.06 0.30 0.58
4865,0.48 1 0.11 0.25 0.87 0.90
4866,0.0 1 0.0 0.0 10.0 10.0
4867,0.0 1 0.0 0.0 10.0 10.0
4868,0.38 19 0.16 0.42 0.32 0.610.49 14 0.03 0.54 0.15 0.84
4869,0.44 14 0.82 0.25 0.89 0.600.88 14 0.20 0.35 0.34 0.790.54 15 0.33 0.77 0.45 0.910.95 14 0.12 0.37 0.29 0.810.33 14 0.79 0.25 0.89 0.490.74 14 0.83 0.25 0.89 0.390.34 14 0.57 0.33 0.67 0.620.70 14 0.21 0.35 0.34 0.700.62 14 0.49 0.33 0.68 0.620.73 14 0.49 0.33 0.68 0.740.46 14 0.21 0.35 0.33 0.630.45 14 0.13 0.37 0.23 0.560.96 14 0.01 0.41 0.21 0.940.34 14 0.21 0.35 0.31 0.540.33 14 0.56 0.34 0.81 0.830.31 15 0.33 0.76 0.45 0.900.35 14 0.12 0.37 0.24 0.650.30 14 0.49 0.33 0.81 0.820.47 14 0.49 0.32 0.69 1.000.55 14 0.77 0.25 0.89 0.610.34 14 0.49 0.33 0.68 0.820.40 14 0.78 0.20 0.81 0.310.94 14 0.49 0.34 0.81 1.00
4870,0.0 1 0.0 0.0 10.0 10.0
4871,0.32 14 0.40 0.08 0.67 1.000.31 14 0.41 0.07 0.65 0.570.86 14 0.08 0.30 0.47 1.000.54 14 0.06 0.04 0.77 1.000.32 14 0.31 0.07 0.76 0.970.32 14 0.30 0.10 0.66 1.000.51 14 0.31 0.07 0.76 1.000.31 14 0.42 0.13 0.76 0.92
4872,0.96 14 0.37 0.25 0.49 0.63
4873,0.51 6 0.02 0.26 0.79 0.630.56 14 0.25 0.27 0.28 0.300.87 14 0.72 0.26 0.78 0.330.38 14 0.92 0.26 0.98 0.400.93 14 0.92 0.26 0.98 0.350.66 14 0.30 0.27 0.35 0.330.85 14 0.79 0.27 0.83 0.340.77 14 0.97 0.25 1.00 0.340.56 6 0.43 0.27 0.66 0.43
4874,0.53 6 0.15 0.42 0.22 0.470.61 14 0.98 0.40 1.00 0.470.67 6 0.20 0.39 0.26 0.460.89 14 0.56 0.35 0.61 0.410.96 14 0.02 0.39 0.08 0.540.61 6 0.79 0.41 0.82 0.470.88 6 0.07 0.41 0.19 0.47
4875,0.0 1 0.0 0.0 10.0 10.0
4876,0.91 14 0.02 0.40 0.36 1.000.35 14 0.04 0.41 0.26 0.98
4877,0.0 1 0.0 0.0 10.0 10.0
4878,0.50 8 0.04 0.35 0.26 0.670.33 8 0.05 0.34 0.19 0.45
4879,0.0 1 0.0 0.0 10.0 10.0
4880,0.0 1 0.0 0.0 10.0 10.0
4881,0.52 14 0.00 0.01 0.22 0.730.67 14 0.00 0.01 0.66 1.000.40 14 0.00 0.01 0.26 1.000.75 14 0.49 0.51 0.62 0.750.37 14 0.51 0.52 0.61 0.73
4882,0.83 6 0.03 0.34 0.87 0.77
4883,0.0 1 0.0 0.0 10.0 10.0
4884,0.0 1 0.0 0.0 10.0 10.0
4885,0.38 15 0.52 0.42 0.58 0.490.48 6 0.88 0.56 0.93 0.610.62 6 0.93 0.48 1.00 0.630.50 6 0.93 0.48 1.00 0.64
4886,0.61 6 0.45 0.75 0.56 0.860.47 6 0.75 0.74 0.79 0.790.70 6 0.69 0.74 0.74 0.800.60 6 0.64 0.75 0.69 0.830.77 6 0.37 0.76 0.44 0.890.77 6 0.44 0.78 0.52 0.860.46 6 0.37 0.75 0.44 0.890.35 6 0.73 0.75 0.77 0.790.39 6 0.55 0.75 0.65 0.850.61 6 0.70 0.74 0.75 0.800.60 6 0.49 0.76 0.55 0.860.72 6 0.55 0.74 0.67 0.850.39 6 0.64 0.75 0.69 0.830.79 6 0.55 0.75 0.65 0.85
4887,0.44 15 0.09 0.53 0.16 0.73
4888,0.0 1 0.0 0.0 10.0 10.0
4889,0.0 1 0.0 0.0 10.0 10.0
4890,0.33 14 0.49 0.28 0.56 0.470.96 14 0.24 0.23 0.33 0.420.90 14 0.49 0.28 0.55 0.420.96 14 0.34 0.21 0.44 0.42
4891,0.78 14 0.00 0.04 0.52 0.890.55 14 0.00 0.03 0.65 0.90
4892,0.80 14 0.48 0.18 0.53 0.290.73 14 0.35 0.09 0.40 0.180.95 14 0.16 0.39 0.32 0.67
4893,0.0 1 0.0 0.0 10.0 10.0
4894,0.49 14 0.86 0.15 0.89 0.190.94 14 0.11 0.48 0.21 0.670.88 6 0.40 0.24 0.60 0.390.94 14 0.01 0.48 0.12 0.670.31 6 0.39 0.24 0.60 0.39
4895,0.87 6 0.14 0.32 0.45 0.440.48 6 0.14 0.33 0.38 0.43
4896,0.79 14 0.37 0.30 0.55 0.870.89 14 0.52 0.43 0.61 0.630.30 14 0.37 0.31 0.48 0.440.40 14 0.16 0.31 0.57 0.86
4897,0.33 14 0.12 0.00 0.70 1.000.57 14 0.12 0.00 0.53 0.650.86 14 0.63 0.07 0.70 0.160.41 14 0.21 0.00 0.47 0.390.69 14 0.00 0.00 0.54 1.000.37 14 0.57 0.23 0.85 0.630.34 8 0.00 0.20 0.20 0.540.44 8 0.46 0.51 0.70 0.660.30 8 0.51 0.51 0.70 0.660.36 14 0.63 0.07 0.76 0.18
4898,0.77 14 0.56 0.21 0.62 0.340.53 14 0.33 0.22 0.39 0.360.64 14 0.28 0.25 0.52 0.630.67 14 0.80 0.20 0.86 0.290.35 8 0.80 0.29 0.94 0.470.46 14 0.89 0.21 0.98 0.440.54 14 0.40 0.22 0.45 0.290.32 14 0.89 0.21 0.98 0.440.67 14 0.40 0.23 0.48 0.470.88 14 0.72 0.20 0.80 0.320.46 14 0.85 0.21 0.93 0.350.67 14 0.59 0.21 0.67 0.360.72 14 0.01 0.26 0.13 0.400.72 14 0.28 0.25 0.52 0.570.73 14 0.79 0.20 0.91 0.430.58 14 0.00 0.26 0.16 0.650.60 14 0.22 0.25 0.29 0.380.72 14 0.72 0.20 0.80 0.430.93 14 0.22 0.24 0.29 0.360.43 8 0.56 0.28 0.69 0.480.93 14 0.41 0.23 0.55 0.470.95 14 0.00 0.26 0.15 0.520.80 14 0.23 0.23 0.29 0.370.76 14 0.90 0.21 0.97 0.300.30 8 0.68 0.29 0.80 0.500.95 14 0.11 0.27 0.20 0.390.79 14 0.28 0.22 0.33 0.310.50 14 0.29 0.26 0.48 0.570.37 14 0.58 0.21 0.70 0.460.94 14 0.59 0.21 0.68 0.410.93 14 0.79 0.21 0.97 0.420.70 14 0.65 0.21 0.71 0.400.85 14 0.65 0.21 0.72 0.33
4899,0.36 6 0.00 0.51 0.16 0.660.87 6 0.73 0.48 0.94 0.660.83 6 0.22 0.49 0.36 0.600.86 6 0.00 0.51 0.16 0.650.51 6 0.72 0.48 0.95 0.66
4900,0.37 14 0.21 0.14 0.64 1.000.70 14 0.00 0.13 0.24 0.410.68 14 0.19 0.13 0.46 0.910.34 14 0.00 0.13 0.64 1.000.45 14 0.02 0.13 0.31 0.910.70 14 0.00 0.13 0.45 0.910.34 14 0.00 0.13 0.31 0.90
4901,0.46 14 0.22 0.29 0.37 0.660.61 14 0.22 0.29 0.41 0.660.41 14 0.21 0.20 0.46 0.650.35 14 0.22 0.29 0.36 0.430.39 14 0.20 0.20 0.45 0.640.31 14 0.22 0.29 0.35 0.400.31 14 0.13 0.29 0.38 0.65
4902,0.34 6 0.47 0.25 0.61 0.400.61 6 0.00 0.53 0.11 0.670.38 6 0.00 0.26 0.17 0.470.31 6 0.60 0.30 0.78 0.440.36 6 0.17 0.37 0.42 0.640.58 6 0.14 0.27 0.27 0.470.35 6 0.00 0.25 0.17 0.470.32 6 0.00 0.25 0.18 0.680.50 6 0.14 0.26 0.44 0.440.34 6 0.13 0.25 0.46 0.440.60 6 0.00 0.26 0.18 0.68
4903,0.35 1 0.09 0.19 0.71 0.62
4904,0.37 14 0.73 0.56 0.82 0.660.32 4 0.68 0.07 0.72 0.140.50 4 0.53 0.00 0.59 0.110.42 14 0.30 0.07 0.71 0.660.96 14 0.08 0.14 0.33 0.680.63 14 0.71 0.56 0.84 0.670.54 14 0.30 0.07 0.63 0.660.83 14 0.30 0.07 0.79 0.670.48 4 0.66 0.05 0.69 0.14
4905,0.76 6 0.34 0.26 0.93 0.58
4906,0.0 1 0.0 0.0 10.0 10.0
4907,0.0 1 0.0 0.0 10.0 10.0
4908,0.82 6 0.07 0.21 0.87 0.51
4909,0.82 14 0.31 0.31 0.59 0.750.81 14 0.31 0.38 0.37 0.460.62 14 0.09 0.39 0.14 0.450.93 14 0.22 0.31 0.29 0.440.68 14 0.31 0.31 0.52 0.580.92 14 0.09 0.39 0.16 0.450.40 14 0.30 0.38 0.38 0.560.69 14 0.15 0.38 0.19 0.450.43 14 0.36 0.50 0.54 0.750.44 14 0.34 0.49 0.60 0.750.38 14 0.40 0.49 0.60 0.75
4910,0.0 1 0.0 0.0 10.0 10.0
4911,0.0 1 0.0 0.0 10.0 10.0
4912,0.0 1 0.0 0.0 10.0 10.0
4913,0.0 1 0.0 0.0 10.0 10.0
4914,0.45 14 0.58 0.47 0.91 1.000.33 14 0.09 0.05 0.90 1.000.48 14 0.09 0.00 0.98 1.00
4915,0.0 1 0.0 0.0 10.0 10.0
4916,0.68 14 0.58 0.19 0.61 0.280.87 14 0.53 0.20 0.56 0.270.85 14 0.05 0.11 0.09 0.270.85 6 0.60 0.35 0.83 0.590.78 6 0.11 0.38 0.65 0.900.89 6 0.00 0.32 0.16 0.54
4917,0.42 14 0.25 0.01 0.80 1.000.66 14 0.13 0.01 0.81 1.000.41 14 0.25 0.01 0.80 1.00
4918,0.97 14 0.18 0.21 0.35 0.910.97 14 0.46 0.12 0.74 0.98
4919,0.78 14 0.32 0.15 0.59 0.960.56 14 0.66 0.38 0.81 0.930.34 14 0.29 0.15 0.53 0.910.82 6 0.09 0.24 0.16 0.310.87 6 0.00 0.24 0.08 0.310.83 6 0.00 0.24 0.08 0.340.83 14 0.42 0.15 0.58 0.700.37 6 0.05 0.23 0.17 0.340.94 14 0.67 0.24 0.81 0.93
4920,0.34 19 0.58 0.16 0.78 0.45
4921,0.42 14 0.07 0.27 0.62 0.840.53 14 0.01 0.26 0.52 0.810.35 14 0.19 0.25 0.55 0.660.39 14 0.18 0.26 0.39 0.520.51 14 0.00 0.24 0.52 0.85
4922,0.0 1 0.0 0.0 10.0 10.0
4923,0.38 14 0.42 0.14 0.98 1.000.56 14 0.41 0.46 0.74 1.000.60 14 0.19 0.44 0.43 0.870.65 14 0.18 0.45 0.43 1.000.73 14 0.19 0.44 0.43 0.800.37 14 0.41 0.16 0.62 0.930.35 14 0.00 0.15 0.75 1.000.69 14 0.19 0.44 0.43 0.800.86 14 0.42 0.15 0.75 1.00
4924,0.0 1 0.0 0.0 10.0 10.0
4925,0.47 8 0.61 0.48 0.72 0.57
4926,0.55 14 0.39 0.18 0.58 0.440.79 14 0.31 0.17 0.58 0.440.58 14 0.16 0.32 0.57 0.640.45 14 0.37 0.33 0.57 0.530.37 14 0.69 0.18 0.84 0.370.87 14 0.59 0.18 0.87 0.530.64 14 0.06 0.31 0.57 0.640.31 14 0.34 0.17 0.51 0.340.31 14 0.33 0.18 0.58 0.500.65 14 0.01 0.13 0.35 0.630.42 14 0.65 0.18 0.77 0.330.34 14 0.72 0.27 0.88 0.410.50 14 0.00 0.14 0.23 0.640.45 14 0.60 0.28 0.88 0.520.54 14 0.28 0.09 0.40 0.320.69 14 0.07 0.50 0.28 0.650.57 14 0.29 0.18 0.58 0.590.48 14 0.08 0.10 0.38 0.500.91 14 0.00 0.10 0.36 0.640.50 14 0.08 0.13 0.34 0.490.42 14 0.59 0.26 0.89 0.530.39 14 0.30 0.17 0.51 0.450.34 14 0.24 0.32 0.57 0.550.40 14 0.48 0.18 0.89 0.530.50 14 0.54 0.19 0.72 0.520.33 14 0.58 0.25 0.80 0.550.36 14 0.56 0.27 0.92 1.000.48 14 0.59 0.18 0.77 0.37
4927,0.64 15 0.51 0.20 0.64 0.32
4928,0.35 6 0.14 0.24 0.95 0.43
4929,0.0 1 0.0 0.0 10.0 10.0
4930,0.0 1 0.0 0.0 10.0 10.0
4931,0.59 14 0.21 0.14 0.32 0.410.38 14 0.24 0.14 0.35 0.450.35 14 0.20 0.14 0.25 0.210.32 14 0.26 0.15 0.31 0.270.64 6 0.14 0.18 0.63 0.910.40 14 0.30 0.13 0.36 0.21
4932,0.36 15 0.43 0.07 0.63 0.510.32 15 0.43 0.08 0.64 0.51
4933,0.79 6 0.12 0.33 0.83 0.57
4934,0.36 14 0.24 0.55 0.47 0.940.61 14 0.22 0.54 0.48 0.94
4935,0.40 14 0.01 0.00 0.27 0.28
4936,0.32 14 0.41 0.36 0.52 0.490.61 14 0.15 0.02 0.64 0.720.56 14 0.00 0.01 0.64 1.000.67 14 0.15 0.02 0.66 1.00
4937,0.94 14 0.28 0.32 0.34 0.51
4938,0.0 1 0.0 0.0 10.0 10.0
4939,0.0 1 0.0 0.0 10.0 10.0
4940,0.48 14 0.38 0.44 0.43 0.510.42 14 0.37 0.39 0.41 0.440.37 6 0.29 0.15 0.84 0.540.61 14 0.37 0.40 0.42 0.51
4941,0.33 14 0.69 0.19 0.92 0.480.62 14 0.78 0.19 0.92 0.310.32 14 0.68 0.20 1.00 0.490.41 14 0.51 0.19 0.90 0.550.32 14 0.78 0.20 1.00 0.420.89 14 0.52 0.19 1.00 0.54
4942,0.37 14 0.27 0.18 0.68 0.680.37 14 0.44 0.19 0.65 0.680.39 14 0.64 0.13 0.90 1.000.55 14 0.00 0.11 0.32 0.690.45 14 0.66 0.19 0.88 0.680.64 14 0.65 0.18 0.77 0.640.36 14 0.14 0.12 0.48 0.690.40 14 0.71 0.13 0.88 0.680.87 14 0.12 0.13 0.31 0.690.33 14 0.65 0.18 0.77 0.410.36 14 0.75 0.13 0.88 0.430.95 14 0.26 0.12 0.48 0.690.45 14 0.66 0.13 0.88 0.660.31 14 0.66 0.13 0.88 0.470.37 14 0.45 0.18 0.66 0.680.38 14 0.30 0.18 0.67 0.680.94 14 0.00 0.09 0.21 0.700.45 14 0.20 0.15 0.32 0.460.39 14 0.64 0.20 0.88 0.680.91 14 0.65 0.12 0.89 0.680.93 14 0.44 0.18 0.67 0.690.37 14 0.60 0.14 0.72 0.360.70 14 0.65 0.14 0.72 0.30
4943,0.34 6 0.40 0.24 0.67 0.430.35 4 0.32 0.28 0.35 0.360.41 4 0.88 0.27 0.92 0.370.39 4 0.37 0.28 0.41 0.360.85 6 0.41 0.24 0.67 0.42
4944,0.31 14 0.12 0.03 0.52 0.870.56 14 0.01 0.01 0.39 0.580.63 14 0.01 0.01 0.53 0.840.49 14 0.00 0.01 0.45 1.000.63 14 0.00 0.01 0.55 1.00
4945,0.91 14 0.76 0.43 0.82 0.510.43 14 0.87 0.42 0.93 0.490.88 14 0.61 0.42 0.67 0.500.94 14 0.85 0.41 0.93 0.490.92 14 0.70 0.44 0.75 0.510.61 6 0.56 0.29 0.99 0.74
4946,0.0 1 0.0 0.0 10.0 10.0
4947,0.43 1 0.05 0.15 0.86 0.69
4948,0.36 14 0.02 0.03 0.74 1.00
4949,0.79 14 0.20 0.20 0.43 0.720.63 14 0.20 0.20 0.44 0.720.78 14 0.24 0.20 0.43 0.47
4950,0.33 14 0.45 0.12 0.60 0.360.55 14 0.29 0.11 0.61 0.500.78 14 0.30 0.11 0.61 0.38
4951,0.42 14 0.28 0.14 0.47 0.500.74 14 0.17 0.54 0.26 0.700.31 14 0.00 0.01 0.29 0.430.77 14 0.64 0.33 0.89 0.750.30 14 0.63 0.33 0.84 0.590.67 14 0.27 0.14 0.47 0.740.32 14 0.16 0.53 0.27 0.730.31 14 0.44 0.14 0.79 0.720.91 14 0.28 0.13 0.47 0.630.73 14 0.00 0.00 0.44 0.740.69 14 0.00 0.01 0.44 1.000.33 14 0.63 0.33 0.85 0.740.69 14 0.00 0.00 0.28 0.750.91 14 0.45 0.13 0.83 0.60
4952,0.0 1 0.0 0.0 10.0 10.0
