image_id,PredictionString
000001,0.6 11 53.3 244.1 192.8 355.6 1.0 14 1.2 10.3 352.2 498.4 0.5 14 47.8 10.3 352.6 497.9
000002,0.6 18 141.6 200.8 207.2 295.9
000003,0.8 8 240.4 158.0 309.5 204.6
000004,1.0 6 142.6 324.1 183.4 357.9 1.0 6 175.9 327.0 246.7 363.9 1.0 6 362.6 324.5 499.6 394.0 1.0 6 233.4 326.9 336.0 377.1 1.0 6 109.8 326.5 148.6 354.6 1.0 6 16.8 310.5 83.8 364.7 0.9 6 87.3 329.3 114.3 351.4
000006,1.0 8 254.3 193.5 339.8 375.7 1.0 8 130.3 189.7 253.1 375.5 1.0 19 46.5 70.9 128.1 179.3 0.6 10 143.9 226.3 366.0 374.3
000008,0.6 10 5.2 119.9 162.9 289.9 1.0 8 201.4 20.7 354.9 255.1 0.7 19 338.3 29.9 464.5 238.5
000010,0.7 12 91.4 94.4 261.9 423.7 0.8 12 95.4 198.9 221.6 425.6 1.0 14 135.2 77.2 254.6 268.2 0.5 14 135.5 77.9 256.7 297.2
000011,0.7 7 152.7 142.2 327.9 300.1
000013,0.6 9 296.6 160.0 446.0 252.5
000014,0.9 6 72.6 172.4 211.0 229.4 0.8 6 420.1 178.4 500.1 219.9 1.0 6 181.9 195.7 500.3 317.7 0.9 14 355.7 8.1 400.7 74.6
000015,1.0 1 74.4 131.1 348.2 356.6 0.6 4 272.7 73.0 319.4 209.2
000018,0.0 0 0.0 0.0 10.0 10.0
000022,1.0 14 186.4 46.7 259.1 229.3 1.0 12 83.0 102.5 362.9 284.5
000025,0.5 12 1.0 80.6 60.5 249.3 0.8 14 52.4 57.3 102.2 129.6 0.7 14 50.2 51.1 167.7 195.1 0.6 14 319.3 23.3 343.8 98.5 0.6 12 62.6 112.8 375.9 374.6 1.0 14 132.7 12.6 219.5 145.0 1.0 14 331.0 1.3 386.6 107.2 0.7 14 50.2 54.8 161.9 143.9 0.6 14 67.1 1.7 361.9 374.9 0.9 14 201.1 1.3 246.6 98.6 0.8 14 218.0 1.2 338.7 209.3 1.0 14 215.5 2.1 341.9 374.1 0.5 14 17.4 55.4 105.4 184.1 1.0 14 298.5 2.0 496.5 374.7 0.9 14 280.3 1.3 336.0 101.9
000027,1.0 14 172.1 98.4 344.9 341.6
000028,0.6 7 1.4 30.4 374.3 498.9
000029,0.0 0 0.0 0.0 10.0 10.0
000031,0.9 18 44.6 87.4 430.4 252.5
000037,0.9 11 63.4 93.7 466.3 336.8
000038,1.0 1 160.0 170.2 276.9 246.0 1.0 14 191.9 112.0 257.9 225.0 0.7 6 355.5 148.0 402.3 185.9
000040,0.5 4 253.2 221.0 444.6 332.3 0.6 15 0.0 135.7 176.3 333.9
000043,0.9 14 15.6 141.2 247.7 499.8 1.0 14 15.5 3.5 328.4 496.7 0.7 14 16.7 137.9 329.4 497.7 0.7 4 216.4 68.8 268.8 149.6
000045,0.9 19 1.9 132.8 215.3 300.4 0.5 4 346.8 231.2 376.7 292.3 1.0 19 277.7 62.9 472.0 235.6
000049,0.8 7 179.1 130.6 353.1 226.2
000053,0.9 7 31.9 8.7 451.4 259.4
000054,0.9 5 25.3 54.6 471.6 283.5
000055,0.5 14 433.8 275.5 451.8 324.4 0.5 14 267.0 314.3 288.6 333.2 1.0 14 398.2 266.4 439.4 310.9 1.0 14 461.3 269.9 490.3 321.6 1.0 14 436.0 275.7 457.9 324.8 0.9 14 359.9 316.4 380.0 333.2 0.9 14 116.0 155.6 182.0 199.9 0.6 14 469.5 267.4 488.5 319.7 0.7 10 5.0 194.0 461.0 333.2 0.6 14 382.2 273.2 399.2 294.6
000056,0.9 12 162.4 57.2 379.1 333.4 0.5 12 163.2 56.8 466.8 334.3
000057,1.0 2 125.1 53.0 381.9 373.1
000058,1.0 14 280.0 53.5 338.2 296.0 0.8 13 25.2 129.3 366.8 374.9 0.8 14 200.0 78.9 288.8 306.9 1.0 14 199.9 78.1 286.8 213.4 0.8 13 20.1 70.7 371.2 375.0 1.0 14 328.9 1.5 435.5 372.3 0.6 14 280.2 54.3 335.3 220.6
000059,0.7 19 0.8 135.1 59.3 209.2 0.6 14 334.8 251.3 374.9 382.3 0.9 19 186.4 130.8 269.8 204.1 0.6 19 0.9 222.1 52.9 288.3 0.8 14 115.9 276.9 150.1 357.4 1.0 14 76.9 279.8 109.7 352.2 0.9 14 144.9 267.5 204.2 362.3 0.9 19 90.3 163.2 140.1 204.5 0.6 19 266.8 56.6 303.4 107.9 1.0 14 110.5 209.5 327.6 500.4 1.0 14 116.4 276.8 158.4 361.3
000062,0.5 9 51.8 186.8 269.7 320.0
000067,1.0 0 35.1 69.2 450.8 206.4
000068,0.8 2 109.7 49.4 264.7 374.4
000069,0.9 0 17.4 71.2 428.0 185.1 1.0 14 304.3 155.1 388.9 375.0
000070,0.7 8 88.9 250.7 164.3 374.9 0.7 19 323.0 229.7 384.6 332.2 0.9 15 359.2 163.1 381.8 195.1 0.6 19 310.5 192.3 388.3 332.3 0.6 19 150.5 213.2 216.8 341.8 0.6 8 91.5 247.5 215.2 375.2 0.9 15 319.2 158.7 363.1 196.2
000071,1.0 6 60.1 99.7 444.7 276.0
000074,0.6 6 56.0 70.0 173.1 198.9 0.9 6 57.4 60.8 404.6 281.6 0.7 6 140.1 58.0 406.9 280.1 1.0 6 353.7 63.5 473.8 195.6
000075,0.7 11 98.8 81.4 221.6 345.7
000076,0.6 4 390.7 223.1 447.0 374.7 0.8 14 453.8 210.9 478.9 257.3 1.0 14 477.3 158.9 499.9 345.2 1.0 14 78.5 157.6 117.7 236.4 1.0 14 0.9 158.4 26.0 284.2 1.0 14 239.3 142.2 287.0 195.3 1.0 14 61.6 74.3 262.5 375.2 1.0 14 45.1 160.9 80.7 282.1 1.0 14 367.3 130.1 453.4 257.3 1.0 14 252.8 76.6 448.0 374.8
000079,0.9 11 1.4 52.3 390.9 356.1
000080,0.9 3 67.4 232.5 108.4 271.2 0.7 3 1.3 189.8 39.9 302.8 0.8 3 180.5 203.8 209.5 286.2 0.7 3 244.6 205.2 273.9 282.2 0.6 3 394.4 216.2 457.1 306.6
000082,1.0 6 0.7 0.4 201.2 91.6 1.0 6 22.8 96.0 489.0 295.4
000084,0.9 19 161.9 70.6 251.3 191.4 0.8 10 155.3 178.8 313.7 288.0 0.9 8 1.1 279.0 140.9 375.1 1.0 8 143.7 180.8 198.4 281.2 1.0 8 288.9 170.6 344.1 274.4 1.0 8 228.3 189.0 294.7 304.9 1.0 8 339.9 155.7 389.3 233.5
000085,0.9 14 335.9 9.7 499.8 192.0 1.0 14 17.2 67.5 345.3 330.5 0.5 10 184.8 173.9 501.0 329.9 0.9 14 336.4 7.6 499.5 217.3
000086,0.5 9 312.4 141.7 352.9 172.1
000087,0.0 0 0.0 0.0 10.0 10.0
000088,0.0 0 0.0 0.0 10.0 10.0
000090,0.7 14 174.0 37.9 310.1 187.7 1.0 14 80.0 36.9 308.8 254.9 0.5 14 77.7 35.5 426.3 333.3 0.6 10 70.5 229.5 433.3 333.3 0.6 8 215.8 79.2 320.4 237.1
000092,0.8 4 222.3 95.4 291.6 246.3 0.8 7 89.2 85.3 428.9 331.1
000094,0.9 13 1.7 2.8 498.3 331.4
000096,0.7 14 200.4 103.6 330.1 498.8 1.0 14 0.6 144.9 182.7 501.3 0.9 14 150.9 101.7 330.0 498.5
000097,0.9 19 3.4 138.3 54.7 178.3 1.0 14 207.3 142.1 257.3 232.2 0.9 19 65.7 84.2 179.4 159.4 0.9 17 53.7 174.5 215.8 283.5 0.7 8 -0.1 217.9 152.9 375.8 0.5 19 251.7 171.4 281.9 198.9
000098,0.9 6 52.4 14.8 360.4 157.5
000100,0.8 18 0.9 44.9 431.7 219.2
000103,1.0 6 100.3 223.6 141.4 249.1 1.0 6 1.2 240.6 51.4 278.6 0.9 6 31.0 233.5 83.8 264.5 0.8 6 179.2 214.4 199.9 230.7 0.6 6 58.5 221.1 93.5 237.7
000105,0.8 14 155.4 102.8 240.2 217.3 1.0 14 169.3 71.6 298.0 226.3
000106,0.9 2 117.4 75.0 369.4 247.7 0.9 2 178.1 94.3 367.2 246.5 0.6 2 108.4 78.6 374.9 331.6
000108,0.7 11 304.1 130.8 461.0 234.8 0.8 11 0.5 99.8 302.1 264.9 1.0 17 0.4 60.1 499.7 372.9 0.5 11 304.4 129.7 498.8 235.7
000111,0.6 14 420.8 270.2 499.5 375.2 0.9 14 115.8 183.8 137.4 220.9 0.6 13 135.4 187.4 176.0 221.2 1.0 14 224.7 177.5 252.9 214.4 0.6 13 93.4 192.4 140.5 224.2 0.8 14 181.3 179.3 206.0 216.2 0.7 13 166.0 181.7 210.6 220.2 0.8 1 256.0 186.6 311.8 219.7 0.9 14 281.7 177.7 306.8 211.3
000114,0.5 4 203.3 -0.2 248.9 110.6 0.9 4 101.1 1.4 181.9 324.9 0.8 7 162.4 62.4 434.3 373.4
000115,0.8 2 160.2 235.2 245.8 348.0
000116,0.6 17 46.8 189.7 318.1 355.5 0.9 8 231.7 198.8 316.3 364.3 1.0 15 194.1 97.0 274.5 197.2 0.6 15 45.8 96.1 107.2 264.8 0.9 15 1.5 95.5 107.9 272.1 0.7 8 0.8 195.6 42.5 294.9 0.7 10 50.8 250.5 375.3 500.9
000119,0.9 7 104.7 91.9 309.6 345.3 0.8 19 408.3 131.1 474.9 278.8
000124,0.8 15 73.6 0.4 223.5 143.5 1.0 14 1.1 4.9 98.6 140.6 0.9 4 173.6 81.7 190.3 137.0 0.8 19 254.5 86.6 311.7 162.9 0.7 14 0.7 6.4 91.9 235.6 0.9 19 98.1 85.0 167.8 153.4 0.9 19 9.0 133.2 138.0 257.2 0.8 19 192.1 92.0 278.8 185.0 0.6 14 0.9 6.6 95.0 237.1 1.0 14 72.7 14.1 496.0 374.4 1.0 14 231.2 24.7 318.3 126.7
000126,0.7 8 348.5 164.9 382.1 215.1 0.5 10 366.5 165.0 499.6 212.0 0.9 8 312.8 165.2 360.4 215.1 0.9 10 72.8 178.2 257.2 214.8 0.8 8 253.0 166.0 290.2 214.9 0.7 8 95.0 164.3 131.3 189.0 0.9 8 112.6 176.7 181.1 214.6 1.0 14 42.2 137.3 79.7 205.8 0.9 8 230.1 162.4 266.0 214.7 0.7 8 275.4 161.0 304.9 215.0
000127,1.0 2 172.5 224.4 233.4 374.4 1.0 14 66.7 17.7 373.7 375.1 0.7 2 315.1 191.1 412.0 286.8 0.8 2 237.0 198.5 411.7 317.2
000128,1.0 14 389.8 206.0 417.2 284.9 0.9 14 97.4 205.3 118.2 247.3 0.9 14 32.2 209.6 49.7 265.1 0.9 14 51.9 215.4 69.2 265.4
000135,1.0 6 205.4 195.9 332.6 257.9
000136,0.8 19 186.5 64.7 323.6 217.5 0.6 7 331.2 203.9 401.5 268.2
000137,1.0 14 122.8 354.9 136.2 389.1 1.0 6 96.3 431.3 163.8 486.3
000139,0.5 1 108.6 126.5 242.0 277.5 1.0 14 149.5 53.2 260.6 211.9 0.9 14 113.9 54.5 259.3 272.5 0.8 1 112.6 129.3 240.9 259.4 0.9 1 112.2 128.3 241.3 276.2
000144,1.0 4 245.9 152.1 268.0 223.1 1.0 14 347.7 5.4 499.1 332.2 0.6 4 226.5 183.8 243.4 222.0 0.5 4 223.1 188.3 244.5 268.8 0.6 14 314.3 0.5 437.4 212.3 0.8 4 258.8 191.2 280.6 240.5 0.8 14 1.6 94.4 141.5 332.3 1.0 14 166.7 66.0 277.8 195.5 0.8 10 91.5 185.2 475.8 333.3 1.0 4 223.7 206.3 247.9 280.1 0.8 14 315.7 0.5 439.7 269.1 0.8 4 240.5 223.5 258.9 274.8 0.7 4 259.2 191.0 283.1 275.2 0.6 4 267.4 188.6 286.1 229.2 0.7 4 265.5 192.2 286.1 269.2 0.7 14 337.8 1.4 431.0 160.3 0.9 14 339.8 6.2 495.8 280.7
000145,0.5 18 50.9 90.3 374.0 296.3 0.9 18 52.3 91.3 373.4 264.5
000148,1.0 2 129.5 109.4 462.9 303.8 0.7 2 131.9 110.4 463.5 320.4
000149,0.9 15 116.9 1.5 353.9 364.9
000151,0.6 4 208.3 311.3 352.5 500.7 0.9 14 0.3 43.8 199.2 423.6 0.9 14 0.5 42.3 374.8 390.0
000152,1.0 6 415.6 95.7 500.2 151.4 1.0 6 46.6 97.3 127.5 152.4 1.0 6 308.5 97.1 417.9 141.8 1.0 6 115.1 76.3 409.1 290.4
000155,0.6 4 212.0 2.5 360.0 423.0
000157,0.6 17 31.0 36.8 399.6 265.2 0.8 17 33.0 101.9 399.9 265.5
000160,0.9 17 1.3 237.5 332.0 375.8 0.9 19 316.7 95.3 389.6 161.8
000166,0.7 12 73.7 160.5 219.5 334.4 1.0 14 70.3 113.6 160.3 237.0 0.8 12 79.4 160.6 219.8 335.0 1.0 14 1.0 170.5 26.5 265.2 0.9 14 247.7 180.6 289.1 225.9 0.6 12 46.5 158.6 222.1 332.6 1.0 14 323.8 170.1 353.8 284.7 1.0 14 25.6 174.4 47.1 226.2
000167,0.6 7 1.4 10.4 499.1 373.2
000168,1.0 14 71.7 100.8 220.6 334.2 1.0 12 105.5 118.4 203.5 466.6
000172,0.6 13 30.4 1.8 451.2 319.9 0.7 6 28.5 50.6 452.8 320.3
000175,0.0 0 0.0 0.0 10.0 10.0
000176,0.0 0 0.0 0.0 10.0 10.0
000178,0.8 4 287.3 60.7 313.1 145.6 0.7 4 200.7 87.9 239.8 240.6 1.0 4 202.1 95.7 241.6 241.6 0.6 4 131.6 74.7 159.7 125.9 0.5 14 7.2 0.6 389.2 208.2 0.9 4 298.5 71.1 331.4 169.8 0.9 4 212.5 82.7 239.8 163.6 0.7 4 171.0 102.9 218.5 241.4 0.9 4 348.1 74.3 399.3 213.0 0.8 4 97.1 74.2 171.8 244.8 0.8 4 330.0 58.0 359.6 132.8 0.7 4 133.9 78.2 176.1 231.1 1.0 4 168.6 66.7 202.2 177.5 0.9 14 1.3 0.1 93.9 215.8 0.7 14 80.7 0.8 368.4 106.4 1.0 4 239.4 85.9 287.9 252.7 0.9 4 281.2 63.4 311.8 167.0 0.6 4 288.9 61.8 318.7 168.3
000179,0.5 3 1.7 405.7 82.1 471.2 0.7 3 84.7 3.8 302.6 494.3 0.7 3 1.7 411.0 77.7 471.8
000181,1.0 14 251.8 158.8 302.5 219.9 0.9 14 122.5 152.0 302.3 368.7 0.8 14 119.9 153.8 216.7 287.9 0.9 14 18.3 128.2 291.3 374.8 0.8 14 19.9 128.1 203.1 374.4 0.6 4 283.3 190.4 300.5 225.6
000182,1.0 14 118.5 53.4 320.5 373.8
000183,0.7 7 61.4 1.1 501.0 339.0
000185,0.5 19 225.0 142.4 317.1 239.7 1.0 8 288.1 283.9 346.2 390.5 0.7 19 390.4 273.1 439.4 322.8 1.0 14 233.5 240.2 338.3 380.2
000186,0.9 2 52.0 50.3 285.6 362.7
000188,0.9 6 64.4 142.4 139.9 194.8 1.0 14 28.5 107.5 67.1 212.4 0.5 6 401.8 166.6 499.7 214.2
000191,1.0 14 205.2 243.6 223.3 293.7 1.0 14 311.4 224.5 333.0 432.1 0.8 14 299.7 245.4 314.6 279.2 1.0 14 30.3 184.1 143.2 499.0 1.0 14 137.3 240.8 155.8 290.9 1.0 14 168.5 242.5 190.9 290.9 1.0 14 224.1 230.9 301.9 437.1
000195,0.7 6 32.2 12.3 483.8 371.7
000196,0.9 8 1.1 202.9 71.0 357.8 1.0 8 73.5 161.0 173.3 299.3 0.6 19 207.6 155.1 250.6 209.1 0.6 19 425.4 62.2 493.1 136.7 1.0 8 267.7 148.1 348.5 259.3 0.7 19 391.6 185.5 492.8 265.9
000197,1.0 6 34.1 52.0 468.2 253.9
000199,0.9 2 164.9 63.8 382.3 268.2
000201,0.8 13 316.5 61.6 388.7 130.8 0.8 14 280.9 40.7 303.5 63.3 1.0 14 180.3 69.2 225.3 110.3 0.7 14 408.3 43.5 428.9 91.3 0.7 14 314.5 28.3 374.9 121.5 0.9 14 379.1 33.7 411.3 65.3 1.0 14 272.7 75.4 385.6 159.0 0.9 14 270.2 77.8 384.4 243.7 0.9 13 255.0 141.4 381.1 319.3 1.0 14 312.9 28.9 372.2 79.3
000202,0.9 4 417.0 113.1 500.0 376.5 0.9 14 1.7 9.0 314.0 375.2 0.8 14 1.8 7.4 264.0 374.6 0.5 14 211.9 83.2 437.0 334.1 1.0 14 208.4 83.9 432.9 363.3 0.8 19 393.8 30.0 441.5 82.5 0.7 14 210.0 84.5 478.3 367.6
000204,1.0 19 210.0 61.5 324.9 169.7
000205,0.5 14 103.0 156.0 232.4 438.2 0.9 11 82.8 275.6 302.1 469.8 0.9 14 104.5 155.4 233.7 350.2 1.0 14 105.0 153.9 304.5 484.4
000206,1.0 14 300.8 380.9 314.7 410.7 1.0 14 94.1 357.3 182.6 500.5
000212,1.0 14 321.5 59.0 371.0 131.1 1.0 14 240.8 101.1 290.8 184.3 0.6 14 444.1 250.4 499.8 333.3 0.5 14 97.2 88.7 205.4 306.0 0.5 14 436.6 121.3 499.7 333.0 0.9 14 339.9 119.2 499.8 224.0 0.7 14 440.7 67.4 500.1 156.8 0.8 14 140.6 138.6 204.2 196.3 1.0 14 0.5 79.9 196.0 333.1 0.7 14 0.9 108.3 26.9 163.1 0.6 14 468.3 122.4 499.9 221.0 0.8 14 436.2 112.4 465.8 157.7 1.0 14 253.4 137.2 307.2 192.1 1.0 14 272.2 94.9 343.6 197.6 0.9 14 324.9 114.5 460.9 219.7 0.7 10 113.6 179.5 499.2 332.4 0.8 14 352.9 62.9 383.7 105.1 0.6 14 321.5 57.9 385.1 147.1
000213,0.7 19 22.5 407.8 85.8 488.7 0.7 7 107.3 67.1 313.3 267.2 0.7 7 105.5 69.3 370.5 295.3
000216,0.9 0 234.1 169.8 281.8 223.7
000217,0.8 19 115.8 45.2 153.1 93.8 0.8 8 288.3 171.1 340.7 220.2 0.6 8 282.5 175.6 385.7 333.1 1.0 8 127.6 192.6 245.6 333.6 0.5 4 200.8 1.5 227.4 93.1 0.9 8 249.6 164.6 299.6 208.1 0.5 4 138.1 136.8 157.9 175.8 0.9 10 137.4 184.2 491.6 333.3 0.5 4 231.3 1.4 273.1 94.4 0.6 19 308.2 77.5 350.5 136.9
000223,1.0 14 372.4 261.7 388.9 299.9 0.8 18 149.6 75.9 342.6 287.9
000226,0.9 14 229.9 162.6 281.3 223.3 0.9 8 286.3 247.6 432.5 375.2 0.9 8 1.0 209.4 51.1 304.5 0.8 8 71.3 266.6 229.9 374.9 1.0 8 49.3 230.7 112.5 374.3 0.6 8 16.6 208.5 64.5 305.2 1.0 14 228.3 162.6 283.3 259.8 0.7 8 441.1 212.3 499.7 304.3 0.7 10 105.3 231.4 373.5 359.4 0.7 10 108.7 233.0 372.9 305.9 1.0 14 318.4 166.9 413.7 285.0 0.6 8 162.3 195.2 188.6 238.9
000227,0.9 19 79.8 40.1 177.0 153.4 0.8 7 219.3 123.4 346.0 328.6
000230,0.8 13 162.7 178.7 396.2 358.6 1.0 14 241.8 70.9 355.5 354.8
000231,0.8 5 86.8 110.6 275.8 204.4 1.0 14 336.0 123.2 367.6 224.0 0.6 6 130.4 145.2 268.6 204.1
000234,0.7 15 15.3 227.6 74.5 287.6 1.0 15 13.9 149.9 73.9 203.6 0.7 8 307.2 104.5 434.6 326.9 0.9 15 113.7 114.7 157.8 160.0 0.6 15 111.5 111.2 145.4 151.6 1.0 15 64.9 234.8 131.6 312.5 0.8 8 307.0 101.0 473.9 323.3 0.9 8 308.2 100.0 474.9 374.5
000237,1.0 14 226.2 36.1 335.3 201.0
000238,1.0 14 440.1 252.8 488.3 375.6
000239,0.5 8 0.9 193.1 24.9 285.5 1.0 14 3.2 135.2 30.7 201.5 0.7 14 1.0 136.2 27.3 236.2 1.0 14 31.1 165.5 96.6 235.9 0.9 5 60.4 30.9 468.4 219.9
000240,0.7 6 171.7 152.9 206.3 176.1 1.0 6 59.3 155.3 138.1 217.8 1.0 6 399.1 131.1 490.9 181.1 0.5 6 371.2 153.1 423.6 177.8 1.0 14 160.4 152.5 178.0 189.6 0.5 6 370.2 132.5 491.0 181.1 1.0 6 225.7 167.1 441.0 232.9 1.0 14 349.1 152.2 373.9 186.3
000243,1.0 0 175.6 127.1 269.9 193.2
000247,1.0 14 138.5 140.8 246.7 398.1 0.5 14 279.8 66.9 375.1 338.2 1.0 8 2.9 143.9 135.3 315.5 0.9 14 116.6 48.2 250.1 395.2 0.5 14 115.5 47.9 275.3 393.0 0.7 10 1.2 280.8 375.2 500.6 0.6 14 118.2 48.7 294.8 346.6 0.9 14 279.4 163.9 375.0 335.4
000248,0.8 12 103.1 91.0 318.0 274.3 0.8 12 102.1 88.6 410.2 289.5 1.0 14 220.6 156.2 287.4 271.6
000252,0.9 5 144.8 53.2 290.1 225.6 1.0 6 191.9 165.8 299.9 239.0 1.0 14 237.6 111.6 268.4 145.6
000253,0.9 18 103.5 97.0 349.2 236.7
000254,0.9 6 155.4 253.2 225.4 325.3 1.0 6 0.7 218.4 187.9 333.7 1.0 6 197.9 240.0 472.3 332.7
000255,0.9 7 0.8 1.6 421.8 332.6
000258,1.0 14 352.0 27.1 500.0 332.6 0.8 11 192.4 120.6 401.0 332.8 0.8 14 224.1 25.7 500.1 331.6
000260,0.6 0 271.7 46.1 499.6 213.6 1.0 0 24.2 46.4 458.2 233.4
000261,1.0 1 8.1 60.4 402.6 327.7
000264,0.6 14 3.9 79.6 248.7 433.6 0.6 14 132.2 51.4 330.8 250.5 0.6 14 7.0 54.9 326.4 475.1 0.9 13 0.9 82.1 332.7 498.7 0.7 14 115.5 55.7 304.2 431.3 0.7 14 132.2 50.8 332.0 474.0
000265,0.5 14 332.3 290.4 428.6 323.3 0.8 14 106.9 177.6 240.8 333.0 1.0 14 165.5 234.4 236.5 332.8 0.6 14 164.0 236.6 209.3 333.1 0.5 14 120.9 234.4 238.8 333.0 1.0 14 107.3 178.5 201.4 332.9 1.0 14 4.4 183.7 124.2 331.9 1.0 14 261.7 27.3 357.5 141.3
000267,0.9 12 80.1 83.5 332.0 498.9
000271,1.0 14 393.3 220.5 409.9 242.0 1.0 6 413.5 180.0 481.9 234.7 1.0 14 41.7 176.0 59.2 229.3 1.0 14 335.7 189.1 357.8 230.9
000272,0.7 4 256.5 339.8 308.5 420.5 1.0 14 31.3 71.9 311.6 499.1
000273,0.7 16 234.8 146.6 305.3 185.6
000274,0.9 2 45.8 96.2 406.8 319.1
000277,0.8 14 275.8 81.5 470.1 212.5 0.7 17 2.1 92.9 476.6 347.6 0.9 17 26.3 96.8 473.1 319.7 0.8 14 273.0 82.4 485.5 241.5
000279,1.0 14 75.5 186.4 207.2 342.2 0.9 14 76.6 186.2 207.6 359.3 0.9 14 292.1 189.0 371.6 315.7 0.7 14 221.0 194.4 299.2 318.9 0.7 14 289.1 190.0 398.7 359.6 0.7 14 218.2 194.2 299.5 374.2
000280,0.6 8 4.3 165.7 125.2 337.4 0.7 8 326.9 91.1 404.0 168.4 0.8 4 452.5 153.9 476.2 210.2 0.8 4 437.7 126.6 456.3 163.6 1.0 14 152.4 83.5 293.0 325.0 0.6 8 119.6 202.4 197.2 374.0 0.8 8 3.2 121.7 128.1 337.7 0.8 4 482.5 121.4 499.9 176.0 0.8 14 152.0 82.5 437.9 318.8 0.7 10 120.6 136.4 499.4 375.1 0.7 19 63.4 120.1 118.1 191.2 0.8 8 261.8 99.5 408.5 247.3
000281,0.9 18 5.6 16.3 490.2 309.9
000283,1.0 1 338.5 253.3 435.3 458.9 1.0 1 81.7 131.4 192.7 360.8 1.0 14 86.3 17.2 186.3 306.2 1.0 14 334.1 110.1 450.3 428.6
000284,0.6 6 467.9 65.6 499.9 100.5 1.0 6 198.1 77.8 440.5 229.0 1.0 6 419.7 67.7 495.3 119.9
000286,1.0 14 73.4 211.8 222.7 375.2 0.9 14 192.4 9.8 500.5 374.0 0.9 14 249.1 9.9 500.5 374.3
000287,1.0 14 3.6 0.8 303.3 371.9 0.6 14 4.4 1.2 469.6 373.8 0.9 14 417.1 64.3 492.5 132.7
000290,0.0 0 0.0 0.0 10.0 10.0
000291,0.8 19 64.7 180.0 172.1 298.3 0.7 19 65.7 183.0 149.0 277.3 0.8 14 22.5 12.8 157.1 79.8 1.0 19 173.6 159.6 331.6 299.6
000292,0.6 7 2.5 1.5 498.3 374.4
000293,0.7 6 111.0 26.9 241.6 110.8 1.0 14 456.5 44.9 499.6 122.6 0.9 6 0.5 94.4 454.8 365.8 1.0 14 142.3 40.0 199.3 131.4 0.8 6 1.1 1.7 499.4 374.2 0.7 6 65.3 27.9 244.1 111.5 0.8 6 67.3 61.2 127.3 101.6 1.0 14 14.8 20.3 64.5 182.2 0.5 6 0.7 1.8 461.5 374.1 0.5 6 1.1 91.1 498.4 374.1
000295,0.8 3 364.7 199.6 404.3 246.2
000297,0.9 12 108.4 122.7 251.9 397.6 1.0 14 231.9 176.3 357.9 391.8
000299,1.0 14 159.6 120.4 288.7 347.1 0.6 14 1.1 57.2 24.5 87.1 0.8 8 178.3 222.4 336.7 371.8 0.9 8 221.8 261.8 342.6 375.0
000300,1.0 6 36.5 193.6 338.1 441.3
000301,0.9 6 4.5 317.5 102.6 362.3 1.0 6 3.6 294.0 374.8 487.5
000309,1.0 2 101.1 164.3 318.5 296.0
000310,1.0 14 167.3 102.7 282.4 375.2 1.0 14 89.5 144.2 134.4 221.1 0.7 19 399.8 44.4 472.1 241.9 0.6 19 184.6 96.7 368.5 278.8 1.0 14 55.0 163.2 89.4 237.4 0.5 14 114.3 144.0 139.7 192.1 1.0 14 261.3 121.7 348.9 375.0
000313,1.0 6 424.3 205.9 495.3 245.2 1.0 6 71.0 195.2 136.6 233.9 1.0 6 137.5 197.5 196.9 235.2 1.0 6 208.1 199.6 260.3 236.8 1.0 6 6.5 192.8 80.6 232.9 1.0 6 360.0 203.8 419.5 243.9 1.0 6 281.8 200.0 333.8 239.3
000314,0.7 8 252.8 127.7 296.7 199.4 1.0 8 209.3 179.2 300.7 315.9 0.9 17 349.0 169.4 499.8 333.2 0.9 19 358.1 123.7 411.8 169.5 0.5 14 325.6 166.9 379.6 245.8 0.8 14 341.7 167.2 370.7 199.7 0.7 19 173.3 71.0 215.4 126.9 0.8 10 203.5 134.1 299.1 197.7 0.9 8 179.5 128.2 213.7 199.0 0.9 8 268.3 128.3 311.5 202.3 0.8 8 288.1 129.2 317.4 201.1
000315,0.9 14 72.3 175.9 311.4 500.1 0.6 14 291.0 102.2 375.1 500.6 0.6 14 0.4 118.6 146.9 500.8 0.9 14 0.5 119.1 114.8 499.8 1.0 14 172.7 100.4 376.3 500.1
000316,1.0 0 336.7 181.7 402.7 208.8
000319,0.7 14 157.4 47.9 223.0 186.6 1.0 14 152.9 49.3 223.5 219.1 0.9 12 34.8 82.9 306.8 291.8
000324,0.6 11 27.4 104.1 443.7 246.7 0.9 11 29.3 103.9 356.5 247.2
000326,0.7 19 315.8 222.9 407.3 375.3 0.9 14 186.9 99.0 292.7 231.2
000327,0.6 8 393.9 60.8 470.3 133.0 0.6 4 72.4 191.0 109.2 249.0 0.9 19 215.8 102.3 268.6 169.4 0.9 19 36.9 73.8 203.0 172.0 0.8 10 1.1 85.7 499.3 375.0 1.0 4 303.0 28.9 331.2 123.7
000330,1.0 14 176.5 43.3 333.0 213.9 0.9 12 82.2 49.5 372.8 280.7 0.9 12 80.9 49.9 374.8 328.6
000333,0.9 18 1.0 38.4 368.1 268.1 0.5 18 180.4 75.2 367.5 269.7
000335,0.0 0 0.0 0.0 10.0 10.0
000339,1.0 14 209.7 178.6 321.7 367.7 1.0 14 362.5 174.7 500.4 376.5 0.5 14 421.7 175.3 499.9 376.1 0.6 17 1.0 2.1 233.9 373.5 1.0 14 0.3 108.1 206.2 375.3 0.6 14 339.0 90.8 475.9 317.0 0.9 14 341.8 89.2 473.7 364.0
000341,0.9 6 190.3 140.7 310.0 221.1 1.0 6 382.8 195.4 499.7 297.4 1.0 14 411.6 152.4 429.7 191.0 1.0 6 46.9 149.8 173.8 212.7 1.0 6 1.0 203.5 100.5 337.2 0.9 14 427.2 156.0 439.8 189.5 0.9 5 310.4 114.1 395.7 199.1
000342,1.0 14 112.1 131.8 320.9 318.6
000345,0.6 9 212.0 125.0 498.5 254.0 0.6 9 260.4 125.1 498.8 255.4
000346,0.9 4 126.2 107.7 224.9 340.6 1.0 14 227.3 80.9 497.9 374.8
000348,0.8 14 313.2 129.7 333.5 179.8 0.7 13 100.4 144.9 258.1 303.7 1.0 14 202.6 106.8 290.9 317.0 0.9 13 101.5 143.4 378.3 303.5 0.9 14 272.1 112.4 330.8 281.9 0.6 14 208.5 108.7 330.0 316.7
000350,0.8 3 99.9 149.2 250.6 187.6
000351,0.6 6 0.9 27.7 331.4 152.9 0.7 6 1.5 75.2 84.6 146.0 0.6 6 63.4 26.5 330.7 155.3
000353,0.8 13 104.6 35.9 207.4 92.0 0.7 13 28.7 24.0 98.1 78.2 1.0 13 70.9 24.0 436.0 352.3 0.6 13 70.9 99.4 437.2 351.1
000356,0.8 14 88.0 115.2 206.3 320.2 1.0 14 88.8 118.3 250.2 336.2 0.9 12 133.8 167.5 216.6 479.4
000357,0.8 7 48.5 1.2 500.4 356.3
000358,1.0 14 25.2 30.0 107.5 286.4 1.0 6 20.4 70.2 386.5 288.8
000360,0.0 0 0.0 0.0 10.0 10.0
000361,1.0 6 472.1 119.8 499.9 145.0 1.0 6 220.3 188.8 284.3 231.2
000362,0.8 11 161.9 27.0 287.2 263.5
000364,0.9 14 358.2 3.1 458.4 132.3 0.9 13 56.5 12.9 455.6 314.3 0.8 13 54.6 51.4 454.0 312.1 0.8 13 313.8 61.0 490.0 163.5
000365,0.5 7 98.4 130.6 310.7 384.7 0.8 7 126.1 132.5 292.7 379.4 0.6 7 127.5 129.6 365.8 452.4
000366,0.9 19 44.3 64.6 89.3 114.6 0.5 8 251.0 256.5 344.8 429.0 0.8 8 253.2 193.1 370.8 436.5 0.9 19 89.4 44.3 297.0 228.0 0.9 8 8.6 182.9 108.9 419.2
000368,1.0 14 49.7 21.3 272.1 484.5
000369,0.6 4 238.3 243.3 258.9 296.8 0.8 14 1.2 90.9 168.1 303.4 0.8 4 312.8 253.7 342.5 319.2 1.0 4 179.7 261.2 216.3 374.4 0.8 14 125.8 84.3 378.3 272.4 0.7 14 108.7 83.7 350.7 281.8 0.6 14 235.6 89.9 500.0 298.5 0.5 4 235.6 244.3 259.8 345.1 0.8 14 138.1 84.3 297.1 282.1 0.9 14 1.4 90.0 169.4 373.6 0.7 14 0.3 89.9 162.5 374.0 0.7 14 18.5 85.9 369.9 374.5 0.9 10 11.7 229.4 456.6 375.7 0.6 14 235.1 92.5 439.6 276.8 1.0 14 237.4 88.6 500.0 373.8
000371,0.7 8 148.4 158.4 234.8 282.0 0.8 3 310.3 79.1 407.8 241.9 0.8 3 244.2 78.5 406.6 242.3 0.5 3 246.6 177.8 405.5 241.2
000375,0.8 0 5.0 0.8 487.8 331.4 0.7 0 11.1 177.0 490.3 332.6
000376,0.6 16 226.7 148.5 266.1 178.3
000377,1.0 14 117.5 77.9 193.7 220.2 0.8 14 113.2 121.2 133.2 154.3 0.8 14 384.4 81.5 493.4 332.6 1.0 14 28.8 84.4 120.1 242.4 1.0 14 121.6 162.3 215.2 256.6 0.7 8 379.9 236.1 499.5 374.5 1.0 14 386.8 80.8 494.1 253.9 1.0 14 344.2 92.3 403.4 282.4 0.6 4 60.8 260.7 92.3 326.4 1.0 14 186.5 92.6 265.7 242.4 1.0 14 209.6 154.2 313.8 267.2 0.7 8 377.8 269.3 500.0 375.2 0.7 14 122.5 162.8 216.4 328.0 0.6 14 290.4 101.1 354.4 277.2 0.9 10 0.7 247.1 383.0 376.1 1.0 14 288.0 100.9 352.3 229.9
000378,0.5 14 81.2 1.2 157.7 212.0 0.9 14 47.4 1.3 160.0 214.1 0.9 14 48.6 1.6 160.2 309.5 1.0 12 48.3 55.9 211.9 318.7
000383,0.0 0 0.0 0.0 10.0 10.0
000384,0.9 8 38.4 121.7 175.1 270.4 0.8 17 172.7 26.5 455.3 257.8 0.9 17 171.9 27.1 455.7 292.7
000385,0.7 8 1.1 137.5 117.0 375.2 0.9 8 372.5 167.4 500.1 374.4 0.7 15 77.4 98.7 136.5 175.6 0.8 8 203.7 195.6 286.3 375.5 0.8 19 282.5 47.4 354.6 155.8 0.9 19 199.3 90.4 270.0 158.7 0.9 19 92.2 41.1 190.2 167.4 0.8 19 197.5 15.9 270.4 88.5 1.0 8 161.5 194.8 286.3 375.2 0.7 19 285.5 48.2 351.1 103.6
000386,0.6 9 141.8 165.0 203.6 233.5 1.0 14 67.4 128.9 174.2 374.0 0.6 9 287.8 156.2 431.8 265.5
000388,1.0 14 0.1 120.6 176.1 500.4 0.7 14 0.4 120.6 330.9 499.0 0.5 14 151.9 3.7 332.8 497.7 1.0 14 166.8 3.7 332.3 497.8
000389,0.7 15 6.7 234.6 189.3 428.4
000390,1.0 6 7.6 59.7 493.0 406.0
000392,0.9 12 96.2 92.6 339.6 305.8 0.9 14 391.6 159.6 414.9 184.4 0.9 14 190.2 52.8 285.3 199.4 0.8 14 115.8 53.7 287.4 215.5 0.5 14 190.3 53.4 286.1 228.5 0.8 14 13.6 116.7 32.0 147.3 1.0 14 77.9 112.7 106.2 152.0
000393,1.0 14 239.9 57.7 305.3 215.3 1.0 12 168.1 105.5 425.8 299.2
000397,0.8 15 1.3 127.9 43.5 248.3 0.8 8 268.4 189.1 335.0 287.9 0.6 19 125.0 84.1 166.6 153.9 0.9 19 145.9 208.0 210.1 264.3 0.9 15 39.3 202.7 64.1 243.0 0.6 15 0.9 139.2 35.8 252.3
000398,0.0 0 0.0 0.0 10.0 10.0
000399,1.0 1 24.3 11.1 477.6 294.2
000401,0.8 7 1.0 109.4 203.4 258.4 0.8 7 189.9 156.6 483.7 374.1
000402,0.7 6 1.1 160.2 125.5 220.8 1.0 6 11.3 176.4 392.8 325.3
000405,1.0 14 15.2 37.0 307.8 499.0
000409,0.9 14 46.6 12.9 332.7 291.3
000410,0.6 14 252.3 255.3 276.2 330.5 1.0 14 18.6 186.5 56.4 341.5 0.7 12 132.5 225.1 253.8 319.9 1.0 14 269.3 225.3 308.0 318.2
000412,0.6 12 52.1 100.0 396.5 332.4
000413,0.9 14 58.6 288.9 131.3 374.7 0.9 14 138.0 153.2 269.9 354.2 0.6 14 136.7 152.2 259.4 373.6 0.9 14 28.6 298.2 133.7 375.1 0.6 14 121.4 304.5 169.3 359.8 0.8 14 137.9 153.3 237.6 301.1 0.7 14 55.2 287.7 166.0 374.9 0.9 14 29.4 308.2 73.5 375.1
000414,1.0 14 130.7 100.4 209.6 185.5 1.0 19 50.1 55.0 244.4 226.5 0.7 10 0.4 168.8 450.3 375.9 0.6 8 1.4 238.4 76.0 375.0
000415,1.0 6 12.9 107.4 486.4 278.8
000418,0.5 0 3.8 37.3 462.3 372.4 0.6 0 73.9 37.3 461.1 364.5
000421,0.9 19 41.4 45.7 189.6 219.1 0.9 14 289.4 15.5 499.6 374.2
000422,0.6 11 13.6 15.0 352.1 222.0 0.6 4 194.3 80.9 293.1 195.6 0.7 11 10.1 14.9 286.2 373.8 0.6 14 8.4 15.9 491.1 444.8 0.7 4 283.8 72.4 428.8 445.5
000423,0.8 14 476.7 44.2 499.9 226.9 0.9 4 71.3 120.4 120.1 255.6 0.5 14 480.7 45.1 499.9 173.0 1.0 14 47.9 79.9 119.7 264.8 0.8 10 1.9 188.1 499.3 375.8 1.0 14 365.4 93.7 484.7 310.4
000425,0.9 6 2.0 1.6 498.1 331.8
000426,0.9 2 143.5 180.3 264.4 258.9
000429,0.6 14 1.3 252.4 38.8 295.8 0.6 8 1.1 274.3 127.4 375.1 0.8 17 89.4 203.0 328.5 362.9 0.6 8 395.7 217.2 499.3 373.7 0.7 8 331.1 197.3 372.0 266.5 0.8 8 188.3 194.0 339.8 332.2 0.6 19 0.8 42.7 95.9 215.2 0.6 14 1.4 250.4 123.0 374.7 0.8 15 29.6 253.6 81.1 302.5
000432,0.6 16 222.6 200.9 269.8 235.7 0.6 16 321.6 201.2 370.0 236.1
000434,1.0 14 190.5 43.7 291.3 212.2 1.0 12 91.0 75.3 415.1 311.3 0.7 12 89.2 77.4 415.5 378.0
000436,0.9 2 36.5 119.3 339.5 252.4
000437,1.0 14 96.8 142.1 136.6 216.2 1.0 14 325.4 96.5 376.3 226.8
000440,1.0 6 39.4 80.1 455.0 302.1
000441,0.8 18 152.0 105.4 311.0 237.7
000442,0.9 7 34.0 1.3 498.7 374.3
000444,0.0 0 0.0 0.0 10.0 10.0
000445,0.7 14 137.4 42.9 187.7 138.2 1.0 12 135.5 68.8 317.2 259.5 0.5 14 74.0 45.0 133.0 112.3 0.7 14 45.5 47.1 157.0 142.1 0.6 14 45.7 55.9 99.9 130.9 0.5 14 322.2 71.8 416.7 175.9 0.9 14 46.7 45.6 172.4 138.4 0.8 14 194.4 46.3 312.7 188.4 1.0 14 142.2 42.4 187.1 106.2 0.7 14 137.2 42.8 186.5 156.9 0.8 12 1.4 70.6 166.6 249.7 0.9 14 192.6 46.6 265.6 189.1 0.8 14 49.0 45.9 140.3 124.0 0.8 12 1.1 70.0 165.3 265.1 0.7 14 192.6 46.6 264.2 119.5 0.7 14 334.6 70.0 475.7 181.3 0.8 14 337.4 69.4 417.9 131.5 0.9 12 267.9 87.0 471.8 256.5 0.9 14 333.9 71.0 411.6 156.1
000447,0.7 14 135.0 41.7 276.5 182.2 0.9 14 33.6 42.0 275.9 177.9 0.8 14 184.2 40.5 275.1 186.2 0.6 4 253.9 61.4 369.8 183.1 0.6 14 187.6 43.1 371.0 186.4 1.0 4 227.7 153.7 278.9 317.8
000449,1.0 14 293.5 140.7 343.6 200.0 1.0 14 128.3 94.3 196.2 210.3 1.0 14 215.7 116.4 307.0 208.8 0.6 0 1.3 1.2 499.3 373.8 0.6 0 0.9 2.2 499.1 293.6 1.0 14 418.3 57.1 476.5 190.1
000451,0.0 0 0.0 0.0 10.0 10.0
000452,0.9 8 42.6 117.2 292.4 341.3
000453,1.0 6 9.3 119.4 485.7 294.8 0.8 14 257.0 138.5 292.8 178.0
000455,0.6 14 175.4 30.9 298.3 212.2 0.9 14 121.6 32.1 301.8 212.8 1.0 12 126.7 75.1 499.3 309.4
000456,0.9 14 125.6 116.2 178.0 161.4 0.8 5 90.6 40.4 428.3 301.5
000457,1.0 14 0.4 98.0 289.0 499.4
000458,0.7 14 0.8 0.5 177.2 217.6 0.7 4 2.6 64.6 57.2 210.4 0.6 4 135.4 39.0 202.5 173.3 0.8 14 0.9 0.4 183.6 248.1 1.0 14 200.1 37.1 392.8 336.6 0.6 11 208.3 124.0 321.3 221.9
000465,1.0 6 1.5 130.1 499.5 316.5
000466,0.9 2 241.9 100.1 345.2 246.5
000467,1.0 13 90.9 143.1 173.5 261.9 0.6 13 197.9 147.3 262.6 226.4 0.8 13 361.7 119.8 473.7 176.6 0.6 13 290.2 121.7 477.4 203.7 1.0 14 185.3 80.1 284.4 203.0 1.0 14 87.3 81.0 176.3 228.3 1.0 14 292.7 82.1 365.7 192.5 0.9 13 184.4 115.2 268.1 226.7 1.0 14 400.4 74.1 453.4 152.2 0.8 13 293.7 140.9 341.6 203.9
000471,0.9 6 34.9 68.7 462.7 327.3
000472,0.6 2 4.7 49.7 440.4 320.3 0.8 2 1.6 48.0 439.9 373.4 0.7 2 70.0 106.6 439.5 373.9
000473,0.9 0 422.6 119.5 458.3 149.6
000475,0.7 16 1.1 102.0 26.8 161.1 0.7 16 211.1 153.1 343.9 253.2 0.7 16 365.9 82.0 399.6 133.0 0.8 16 330.3 88.3 364.4 133.0
000478,0.6 11 238.2 94.1 452.7 243.7
000479,0.6 4 21.8 428.0 74.9 493.8 0.6 19 11.9 294.1 133.4 351.9 0.9 14 33.2 1.5 373.3 498.6 0.8 14 151.1 1.6 373.9 498.8
000481,0.5 0 1.4 94.5 499.2 267.7 0.6 0 0.9 2.8 499.2 355.3 0.5 0 1.0 67.6 499.9 356.5 0.5 0 1.8 133.9 500.3 356.0
000485,1.0 14 13.9 110.1 473.2 332.7 0.7 13 250.4 88.3 440.6 246.7 0.6 13 199.9 86.7 441.3 295.5
000487,1.0 8 26.0 254.2 187.0 376.1 0.7 8 344.3 249.4 484.2 376.9 0.9 19 345.3 62.9 419.9 246.0 0.9 15 157.1 180.3 192.4 227.3 0.9 8 242.7 152.7 304.1 334.9
000488,1.0 6 38.0 103.1 481.6 321.0
000490,0.7 8 79.4 175.3 125.2 302.8 0.7 17 125.5 162.5 498.6 331.1 0.6 14 291.9 190.3 355.4 279.9 0.9 14 293.9 189.4 355.1 299.9 0.5 8 117.6 175.1 164.4 316.8 0.9 14 100.9 78.6 181.8 270.5 0.6 14 134.6 71.3 252.1 270.1 0.9 14 154.2 71.1 250.6 267.1 1.0 14 100.0 78.2 181.6 237.7 0.9 14 114.5 72.8 268.9 333.3 0.9 14 244.5 188.7 349.7 308.3 0.7 14 118.2 118.7 498.7 332.3
000493,1.0 14 344.7 21.9 470.2 340.0 1.0 14 136.8 79.8 222.3 340.9 1.0 14 24.6 63.9 153.5 341.1 1.0 14 289.5 34.5 399.3 340.7 1.0 14 208.0 70.5 302.1 316.4 0.7 14 290.7 31.9 471.4 340.8
000495,0.8 2 98.5 12.6 457.4 254.7 0.6 2 100.4 16.0 470.2 331.9 0.6 2 186.6 12.1 453.8 252.4
000497,1.0 14 180.1 171.8 296.3 465.1 0.8 14 341.5 183.4 390.4 325.2 0.6 13 233.0 240.8 422.7 449.5 1.0 14 442.1 218.8 467.8 298.6 1.0 14 401.6 235.6 425.1 303.0 0.7 13 2.5 200.1 240.5 475.7 0.5 13 6.0 247.7 235.2 476.0 0.8 13 3.1 200.2 419.6 474.7 0.5 13 4.9 233.7 420.7 472.2
000502,0.6 4 263.7 235.1 325.5 353.9 1.0 14 1.4 0.3 498.5 370.0
000504,1.0 14 35.5 32.3 77.8 173.5 1.0 14 1.1 39.0 37.9 167.7 0.6 9 337.7 102.8 500.1 408.5
000505,0.5 6 195.3 53.0 406.5 204.9 0.6 6 0.2 54.5 137.2 223.3 1.0 6 196.4 82.9 407.8 206.4 1.0 6 157.6 155.5 387.0 292.0
000506,0.5 14 1.2 1.4 309.4 393.6 0.9 14 0.7 2.5 374.7 498.2 0.7 14 70.0 0.2 375.4 485.1
000507,1.0 14 256.6 159.4 304.3 223.3 0.6 14 72.3 104.9 119.2 257.5 1.0 14 282.6 198.4 437.9 307.2 0.9 14 1.0 217.8 21.5 285.4 1.0 14 162.4 168.6 197.9 214.9 1.0 14 63.4 158.6 119.1 258.9 0.8 14 187.0 50.9 267.2 280.8 0.8 14 1.1 132.1 47.6 272.7 1.0 14 186.5 49.8 267.7 210.2 0.9 14 382.3 183.7 420.6 240.4 1.0 14 115.6 154.5 159.4 223.8 0.8 14 255.1 159.5 312.0 280.7 0.7 6 2.1 138.2 499.7 374.0 1.0 14 74.1 102.7 118.3 185.0 0.8 14 72.9 103.4 119.4 238.6 1.0 14 1.1 131.8 42.1 198.7 1.0 14 19.1 169.3 73.6 271.5 0.6 14 1.2 132.5 41.8 254.9 1.0 14 296.9 91.3 345.5 214.5
000510,0.6 8 51.8 254.4 155.7 374.8 1.0 8 258.0 263.3 376.3 375.5 1.0 8 150.7 271.4 247.1 375.0 0.8 8 222.9 236.8 276.3 349.8 1.0 8 42.9 244.0 157.0 374.9 0.5 8 140.5 235.4 177.2 271.9 0.8 10 107.5 250.4 331.6 375.2
000511,0.7 18 86.2 8.1 499.7 224.7
000512,0.9 5 19.5 78.2 413.5 359.3
000517,0.7 4 181.5 230.4 217.5 343.5 0.8 11 69.9 240.0 151.3 374.6 0.8 11 185.8 115.4 348.6 241.2 1.0 14 183.8 33.4 355.3 374.9
000521,0.7 0 253.3 126.4 320.7 248.1 0.8 0 250.1 124.6 360.2 250.6
000527,0.9 14 210.5 140.5 233.4 181.5 1.0 14 58.0 84.1 79.7 146.0 1.0 1 352.8 163.4 446.7 264.0 0.9 14 445.1 144.2 462.7 182.0 0.5 14 399.7 140.9 428.4 238.0 0.9 14 126.4 122.9 146.7 151.5 1.0 14 158.0 162.6 219.6 273.5 0.6 1 138.8 203.3 262.9 300.0 1.0 14 231.0 154.1 290.2 255.4 1.0 1 142.4 192.2 315.7 298.0 1.0 14 362.9 135.1 428.6 246.2 1.0 14 333.7 136.2 354.7 185.5
000529,0.0 0 0.0 0.0 10.0 10.0
000532,0.7 13 185.1 55.8 423.1 330.6 0.9 13 184.4 89.0 425.8 330.4
000533,0.8 17 0.5 7.2 499.1 150.2
000534,1.0 14 1.2 15.6 465.4 499.6
000536,1.0 14 477.3 207.0 499.5 285.8 0.9 5 7.9 55.2 485.1 330.3
000538,1.0 14 70.7 128.4 112.0 276.9 0.8 14 382.0 182.8 398.5 214.3 1.0 14 3.6 137.9 47.6 268.2 0.7 18 129.9 51.8 396.0 292.3
000539,1.0 14 20.5 102.0 241.2 375.2 0.9 14 21.0 101.9 348.9 374.8
000542,0.8 7 0.8 -0.1 499.4 365.2
000546,0.6 11 0.5 137.2 292.7 375.5 0.7 14 283.6 52.9 483.5 248.9 1.0 14 283.7 53.0 484.8 360.1
000547,0.9 8 165.2 255.5 220.9 374.2 0.6 14 69.6 32.4 105.6 103.6 0.9 14 1.1 367.8 53.1 479.9 0.6 8 149.2 390.9 279.9 500.1 0.6 14 5.7 172.6 32.4 206.0 0.8 15 278.3 100.2 322.4 200.3 0.7 8 233.5 298.7 308.0 478.9 0.7 8 159.2 289.9 220.2 489.1 0.7 8 1.3 367.9 69.9 499.6 0.9 14 154.7 161.1 181.6 243.6 1.0 14 256.9 232.3 293.9 290.6 0.7 14 126.2 14.8 170.3 87.7 0.7 15 257.6 95.0 323.4 202.9 0.7 8 149.7 394.3 212.7 499.0 1.0 14 88.5 152.9 118.0 240.3 0.9 14 29.5 365.7 61.5 429.0 0.9 14 35.2 313.2 73.8 400.2 0.7 8 234.3 297.2 284.9 365.5 0.8 14 0.9 389.1 45.7 477.8 0.8 8 314.2 289.8 362.5 381.2 0.7 8 165.8 298.1 220.4 379.4 1.0 14 199.6 217.6 237.9 257.3
000548,1.0 6 9.7 175.6 453.2 322.0
000551,0.9 14 1.0 15.8 498.9 376.0
000553,0.9 13 37.8 59.8 421.8 354.1
000556,0.9 18 76.7 101.3 356.3 301.3
000557,0.9 2 48.2 135.7 171.5 216.6
000558,0.5 3 172.3 117.9 230.2 206.5 0.6 3 115.6 140.2 160.5 205.6
000560,1.0 0 58.7 321.7 210.0 391.6
000561,0.6 2 36.1 126.0 145.9 328.3 0.8 2 35.2 25.0 175.5 327.7 0.7 2 35.5 24.4 176.5 464.3
000562,1.0 14 192.7 132.8 271.2 293.4 0.8 14 382.2 197.6 395.5 229.7 1.0 1 192.6 198.1 263.4 311.6
000566,1.0 14 18.8 27.7 313.3 332.9
000567,0.8 14 146.9 63.5 317.1 361.9 1.0 14 143.9 62.1 314.9 265.4 0.5 14 143.9 62.3 315.2 326.7 0.6 13 156.8 137.7 296.2 374.4
000568,0.0 0 0.0 0.0 10.0 10.0
000569,0.6 2 37.1 37.3 415.1 332.1
000570,0.9 13 140.2 104.6 468.2 327.1 1.0 14 267.3 41.9 407.3 268.0
000571,0.6 19 130.9 179.2 332.5 358.4 0.6 19 183.6 193.7 279.0 296.6
000572,1.0 1 0.1 134.2 230.5 331.7
000573,0.8 4 225.3 236.8 260.9 324.8 0.7 4 338.3 251.4 369.8 328.0 0.8 4 189.4 261.7 219.1 325.8 0.5 15 1.7 1.4 389.3 329.1 0.6 8 6.3 63.8 137.6 218.8 0.7 10 1.9 210.2 499.2 376.2 0.7 4 283.2 231.0 316.2 325.8
000574,0.5 16 160.9 210.2 354.5 350.7
000575,0.7 15 22.2 6.1 91.4 96.0 0.9 15 1.1 2.3 92.5 182.2 0.9 15 16.4 6.2 91.4 97.4 0.9 15 207.5 21.0 306.7 159.8 0.7 15 11.4 3.5 90.9 197.5 0.8 15 207.2 24.4 278.1 153.5
000576,0.8 3 258.7 111.2 464.1 307.1
000578,0.6 19 229.8 80.2 306.5 157.1 0.6 14 64.7 2.9 277.0 446.8 0.6 14 0.8 2.2 374.3 498.9 0.6 4 0.9 0.8 111.9 255.8 0.9 14 1.3 2.7 314.6 498.5 0.9 19 270.9 147.7 375.7 266.2
000580,1.0 6 271.4 142.6 391.1 218.1
000584,0.6 8 349.2 219.6 500.0 375.1 0.8 1 49.3 76.1 364.4 370.6 0.6 4 106.7 105.8 130.9 153.5 1.0 1 54.0 73.9 370.2 330.8
000585,1.0 6 2.9 10.4 490.7 324.1
000586,1.0 6 167.7 338.3 203.6 396.5 1.0 14 106.9 333.1 140.2 452.7 1.0 6 175.2 340.6 293.5 443.9
000587,0.8 4 362.2 257.5 430.2 375.5 0.7 14 198.4 159.2 323.1 267.5 1.0 14 0.8 152.7 210.4 375.5 0.6 4 63.4 231.6 194.7 375.1 0.6 10 45.2 233.2 501.6 375.2 0.7 14 195.3 166.1 266.9 264.5 1.0 14 244.9 156.4 325.5 268.7 0.8 10 182.0 253.3 500.5 375.2 1.0 14 283.4 116.6 443.8 261.8
000593,0.9 6 73.1 72.8 383.6 249.6 1.0 6 28.2 118.7 80.8 151.3 0.5 6 342.5 64.1 499.8 222.4 1.0 6 264.9 60.4 499.8 225.0
000594,0.9 13 6.1 64.6 485.6 320.9 0.9 14 176.3 67.4 482.3 312.4
000595,0.8 19 1.4 14.3 119.4 128.8 0.8 8 145.3 178.6 234.2 374.7 0.8 8 144.3 177.8 201.4 332.9 0.6 8 366.1 164.1 435.9 219.7 0.7 8 199.3 211.9 348.5 375.0 0.8 19 143.2 28.5 194.4 93.0 0.7 10 170.3 171.5 491.3 374.2 0.9 8 145.9 177.7 346.4 375.3 0.6 19 40.7 139.8 79.6 173.7 0.6 10 175.8 170.0 490.9 319.9 0.7 8 298.2 151.0 350.5 197.7
000596,0.6 16 74.1 290.3 111.5 315.2 0.5 16 118.1 293.8 137.6 315.2
000600,0.6 0 0.7 11.8 286.5 334.6 0.8 0 -0.4 9.9 455.5 333.8
000602,0.7 14 274.7 111.0 440.1 332.4 1.0 14 235.1 109.3 499.7 333.0
000603,0.8 19 125.5 6.6 228.0 155.7 0.9 8 405.2 151.7 491.2 333.9 1.0 17 46.2 154.1 416.4 343.5 0.5 8 11.8 147.5 134.1 321.7 0.8 19 243.3 7.1 348.1 156.9
000604,1.0 14 101.2 164.0 228.4 397.8 0.9 12 19.4 225.8 280.1 441.0
000606,1.0 14 175.4 67.7 205.0 115.6 0.5 19 66.2 47.5 197.9 118.9 1.0 4 420.3 205.5 452.2 297.6 1.0 14 147.3 97.4 277.2 240.0 1.0 14 21.5 99.1 213.3 375.5 0.9 10 109.2 218.5 500.7 375.1 1.0 14 350.7 69.2 500.1 270.2 0.6 14 251.4 68.2 500.8 286.5 0.7 19 274.4 144.1 325.5 198.6
000607,0.9 14 239.4 98.1 257.1 123.5 1.0 14 176.6 114.4 271.5 286.2 1.0 14 74.9 70.2 97.6 115.3 1.0 14 101.1 61.1 135.7 118.5 1.0 6 1.0 153.1 66.9 302.7 1.0 6 229.9 145.4 450.2 303.4
000611,0.9 4 116.4 69.2 180.1 295.4 0.7 11 209.1 1.5 500.0 291.5
000614,1.0 1 136.2 100.3 456.0 307.8
000615,0.7 8 137.3 123.3 288.5 339.3 0.8 8 318.6 146.7 465.3 375.5 0.5 8 262.9 145.2 415.9 333.6 0.5 14 257.7 36.4 363.9 236.0 0.9 14 319.0 37.0 482.9 190.3 0.9 8 211.8 136.4 293.3 336.4 1.0 14 16.5 23.6 152.1 296.3 0.6 8 139.4 120.0 283.1 307.4 0.7 14 322.3 36.9 482.4 283.7 0.8 8 258.3 152.3 335.7 335.6 0.9 14 323.9 34.3 477.0 375.3
000616,0.8 12 34.5 104.8 328.8 407.1 1.0 14 357.9 157.1 455.7 413.1
000617,0.9 14 357.9 0.4 499.6 253.1 0.6 4 355.5 46.2 498.7 190.6 0.6 14 0.3 2.2 65.1 285.6 0.8 10 1.7 80.2 498.6 374.4 0.8 4 435.5 260.7 499.0 359.1 0.9 14 357.3 0.2 499.8 221.1
000618,0.5 0 161.0 32.4 482.9 246.9 0.6 0 136.0 32.9 482.4 285.7
000621,0.6 19 238.0 145.4 284.9 239.7 0.9 8 336.9 161.8 451.8 375.5 0.5 10 408.7 215.6 499.8 374.2 0.5 8 21.4 300.5 88.5 374.8 0.7 8 439.8 148.2 500.1 369.8 1.0 14 143.7 50.2 242.0 355.4 1.0 14 265.6 163.2 335.6 311.3 0.5 8 402.0 150.4 499.8 351.8
000623,0.9 14 283.5 67.5 298.2 93.6 0.7 14 283.8 67.8 297.5 85.9 1.0 14 152.9 24.2 194.0 115.0 0.5 14 94.4 72.1 104.3 90.2 1.0 12 112.4 48.6 223.2 199.9
000624,0.7 14 1.2 172.9 90.0 333.1 0.9 14 318.8 66.3 340.9 96.8 0.8 14 1.6 56.7 79.8 225.7 0.7 14 438.4 74.4 459.4 142.4 1.0 14 464.9 61.0 499.9 171.9 0.6 14 233.1 80.5 269.4 117.1 1.0 14 363.2 80.3 389.9 115.9 1.0 14 432.1 73.1 458.7 142.4 0.9 14 1.0 57.9 63.8 172.4 1.0 14 387.5 66.4 421.5 134.3 0.8 14 389.1 62.5 406.7 88.4 1.0 14 1.3 172.6 88.4 271.5 0.7 14 439.4 75.3 458.4 142.8 0.9 6 51.6 50.0 500.6 322.2 0.7 14 1.1 56.4 92.6 264.5 1.0 14 337.2 74.8 358.0 108.2 0.9 14 386.1 62.6 407.6 108.9
000627,0.7 9 50.6 103.2 318.3 312.5
000629,0.9 18 32.1 87.5 393.7 179.5
000630,1.0 13 186.6 163.3 484.6 373.9 1.0 14 269.3 157.8 409.1 306.6 0.8 14 272.3 159.5 410.1 342.3
000631,0.7 0 66.3 18.5 421.8 336.7
000634,1.0 14 150.0 197.7 184.9 290.9 1.0 14 210.8 154.0 228.5 184.2 1.0 6 234.3 155.9 414.0 228.2
000636,0.8 14 459.9 166.2 486.4 194.1 1.0 14 48.0 153.5 62.3 189.8
000638,0.9 7 1.1 1.0 356.4 322.6
000639,0.0 0 0.0 0.0 10.0 10.0
000640,0.7 1 1.3 1.2 478.2 374.2 0.9 1 1.8 30.5 481.9 374.1 0.6 1 117.0 35.7 479.1 373.5
000641,1.0 14 140.5 125.8 283.0 298.4 0.8 14 329.7 26.4 470.3 200.3
000642,1.0 14 66.5 10.4 443.4 374.6
000643,0.6 14 127.8 109.6 248.1 315.2 1.0 14 128.0 109.7 251.7 376.0 1.0 14 218.5 154.7 341.6 375.3
000644,1.0 14 216.5 114.4 325.0 209.8 1.0 19 187.0 92.6 351.8 217.6
000646,0.6 6 398.9 42.2 500.1 235.5 1.0 6 0.6 36.3 78.6 225.5 1.0 6 57.2 33.9 445.1 351.4 0.6 6 397.9 41.2 500.0 161.1 1.0 6 264.0 25.4 404.8 94.1
000649,1.0 6 15.8 197.3 253.9 341.0 1.0 14 339.1 167.2 370.4 204.0
000650,0.5 15 1.1 1.5 499.4 374.6 0.5 15 1.6 12.6 283.6 375.6 0.9 15 2.0 1.7 421.1 374.3 0.5 15 103.6 195.7 292.8 373.5
000651,0.5 7 92.0 25.8 418.6 375.0
000652,0.8 8 54.4 131.7 272.2 374.3 0.5 8 0.4 56.9 260.3 324.4 0.8 14 79.8 63.3 273.1 295.0 0.5 14 88.2 62.8 207.6 207.0 0.6 8 0.2 57.1 266.3 375.3 1.0 14 32.7 62.2 266.8 361.1 0.6 14 35.9 16.1 395.1 374.1 0.9 14 127.5 16.3 399.1 374.4
000655,0.8 13 102.5 117.0 499.8 362.9 0.6 13 105.4 119.1 429.8 310.0 1.0 14 216.1 83.5 360.4 294.3 0.8 13 104.1 116.4 432.7 351.0
000658,0.7 8 187.0 245.0 438.8 376.2 0.9 8 185.4 289.7 279.4 375.6 0.6 8 184.3 277.0 296.9 374.8
000659,0.9 19 100.9 31.0 334.0 241.4
000662,0.9 14 10.5 77.4 432.9 180.0 0.8 17 2.0 20.4 479.1 192.3 0.8 17 1.2 3.4 478.0 240.1 0.6 8 398.5 20.9 482.5 189.1
000664,1.0 14 50.9 1.6 323.6 374.3 0.7 14 55.3 1.1 500.5 373.9
000665,1.0 0 139.3 177.3 379.3 262.1
000666,1.0 14 485.3 152.2 500.0 233.6 1.0 12 60.8 112.4 302.9 316.7 0.8 5 36.6 64.4 497.2 214.4 1.0 14 30.4 152.3 95.2 332.6 1.0 14 293.2 176.8 381.3 322.9
000668,1.0 0 11.3 106.2 457.9 259.7
000669,1.0 6 404.5 207.4 499.7 331.5 1.0 6 284.3 199.1 410.2 243.4
000670,1.0 14 0.0 57.8 198.8 374.9 1.0 14 193.3 43.0 500.3 374.8
000673,0.8 7 2.0 1.5 488.8 332.1
000674,0.8 8 119.9 87.8 241.6 375.7 0.9 8 111.6 88.3 183.5 375.4
000678,0.8 18 15.0 150.4 272.0 218.5
000679,1.0 6 102.1 119.4 459.6 280.3
000681,0.9 2 129.4 132.4 243.4 221.7
000683,0.7 14 71.9 46.4 371.6 292.7 0.5 14 1.5 25.5 367.7 332.2 0.8 14 65.7 46.8 371.2 332.1 0.9 14 137.9 46.6 367.6 331.8 0.5 14 303.2 44.4 500.5 265.4 1.0 14 304.1 46.1 500.9 311.5
000687,1.0 14 151.6 19.6 179.2 67.5 1.0 14 60.8 16.5 96.0 113.4 0.7 6 183.2 39.6 227.1 64.1 0.9 14 94.7 10.7 141.6 113.0 0.8 6 362.9 31.6 495.2 85.4 1.0 14 185.8 34.5 294.4 135.5 1.0 14 96.5 12.0 142.3 67.5 0.7 6 18.5 61.7 485.4 306.6 0.9 6 313.8 49.6 499.0 180.3 0.8 6 28.6 41.0 66.1 65.0 1.0 6 280.3 34.4 334.1 71.6
000691,0.7 8 13.9 79.4 249.4 250.7 0.7 17 14.6 78.3 466.9 349.0 0.5 8 207.9 77.5 467.9 350.3
000692,0.6 14 102.4 31.9 452.5 206.8 0.7 14 100.2 32.3 363.5 212.8 0.9 14 2.5 1.5 497.1 333.5 0.7 14 102.4 31.3 467.5 312.9
000693,0.6 14 263.4 145.9 287.8 214.3 1.0 14 219.9 153.7 264.7 281.4 1.0 14 13.4 143.8 47.2 288.0 0.6 6 138.2 177.1 176.9 244.7 1.0 14 321.8 137.2 365.4 186.4 0.9 6 137.4 176.5 176.4 243.0 1.0 14 261.8 145.9 291.9 272.4 1.0 14 105.9 157.6 145.7 296.0 1.0 14 65.0 147.8 106.2 292.3 0.7 6 1.2 170.8 179.7 246.7 1.0 6 156.9 180.3 237.9 238.2 0.9 6 33.5 169.2 173.0 246.4 1.0 14 276.9 138.6 325.4 272.0 1.0 6 290.4 173.8 498.4 287.8
000696,0.9 14 103.3 246.8 119.4 283.6 1.0 14 170.0 284.9 195.0 319.0 0.8 0 3.9 86.3 429.0 217.7 0.6 0 100.8 88.6 429.1 215.3 0.6 0 0.9 84.1 498.5 307.9 0.8 0 2.3 84.5 428.7 302.5
000697,1.0 1 157.0 208.7 225.1 354.6 1.0 14 140.3 138.4 225.9 297.5
000698,0.9 14 47.2 210.7 100.4 439.1 1.0 15 59.0 355.0 126.7 439.7 0.7 15 151.6 305.4 212.0 366.4 1.0 15 200.1 200.5 296.7 356.9
000701,0.0 0 0.0 0.0 10.0 10.0
000703,0.5 18 3.1 202.8 286.5 432.7 0.5 18 1.0 205.8 354.8 437.1
000704,0.9 12 89.1 87.8 335.5 341.1 0.5 14 350.1 19.4 436.2 129.4 1.0 14 270.2 12.7 354.1 121.4 1.0 14 348.6 19.0 435.3 183.8
000706,0.7 0 48.7 287.0 110.2 326.1 0.9 0 10.0 109.0 72.9 151.0 0.7 0 225.9 188.6 284.4 230.3 0.9 0 122.2 164.1 173.9 205.6 0.9 14 172.6 246.5 193.6 279.5
000708,0.5 2 355.0 189.7 490.6 351.1
000715,1.0 14 195.5 55.2 245.9 150.5 1.0 6 30.0 94.0 463.4 353.8
000716,0.7 11 97.4 54.9 313.4 440.4
000718,0.7 1 -0.7 -0.4 207.2 203.9 0.9 11 140.1 22.7 355.2 374.4
000719,1.0 14 376.5 153.1 419.4 261.7 1.0 14 427.3 162.1 456.3 270.2 1.0 14 436.8 171.2 479.1 287.1 1.0 14 367.6 107.1 389.0 172.7 1.0 14 236.8 154.0 266.6 232.9 0.8 5 16.1 78.9 195.7 264.1 0.8 14 369.8 153.0 403.2 259.7 1.0 14 312.7 134.6 341.2 212.9
000721,0.9 14 220.6 146.7 246.7 172.6 1.0 6 94.6 137.1 432.7 271.9
000722,0.0 0 0.0 0.0 10.0 10.0
000723,1.0 14 397.6 206.2 461.9 352.8 1.0 14 318.5 196.1 368.9 328.8 1.0 14 74.8 189.1 94.4 244.3 1.0 14 1.1 198.9 45.1 375.3 0.9 5 97.8 125.9 454.2 267.4
000724,1.0 6 62.0 69.9 500.5 332.7
000725,0.6 9 71.4 165.0 115.0 213.8 0.6 9 176.7 161.3 213.6 215.1 0.5 16 256.1 169.0 283.4 211.0
000727,0.8 5 89.6 320.9 272.2 454.6 0.8 14 323.7 357.8 341.5 424.3 1.0 6 1.4 378.2 91.0 435.3 0.9 14 335.9 358.7 359.8 435.1
000732,0.7 18 0.7 241.0 334.3 450.2 0.6 18 48.1 239.3 335.6 449.1
000734,1.0 14 274.5 87.7 339.8 255.7
000735,1.0 14 353.7 172.3 391.1 241.8 1.0 14 146.6 118.0 197.5 261.2 0.9 18 34.1 23.0 499.0 280.2
000736,1.0 6 0.8 49.2 499.1 332.4
000737,0.5 8 402.8 119.6 499.8 319.1 0.5 8 5.9 141.6 101.4 242.2 0.9 8 39.2 164.3 99.7 240.9
000741,0.8 7 22.8 86.8 413.2 375.5 0.7 7 16.6 39.1 415.1 375.7
000743,0.0 0 0.0 0.0 10.0 10.0
000744,0.9 14 173.0 112.7 273.5 205.2 1.0 14 357.0 166.1 499.2 374.7 0.6 14 339.5 157.7 432.5 340.5 0.9 14 208.8 103.5 271.4 180.7 0.9 14 341.4 157.9 432.7 308.4 1.0 14 75.7 122.1 189.8 271.2 0.9 4 176.6 294.2 206.4 368.9 0.7 14 373.4 158.3 430.3 231.5 1.0 14 261.3 104.4 348.4 181.8 0.9 14 164.9 113.9 271.7 222.5 1.0 14 348.5 122.8 411.5 226.2 1.0 14 1.9 162.4 168.2 374.6 1.0 14 128.9 116.7 202.1 229.9 0.7 10 3.2 180.7 353.5 376.8 1.0 14 292.3 332.1 385.7 375.1 1.0 14 343.8 121.1 377.4 164.8
000745,0.7 10 0.5 34.0 498.7 299.5 0.5 15 282.0 0.5 395.5 55.3
000747,0.9 6 46.7 12.7 439.1 316.5
000749,0.7 8 77.9 145.2 236.2 364.9 0.5 8 80.6 147.6 224.6 307.9 0.6 8 74.8 144.3 242.0 374.1 0.8 19 49.1 25.9 218.1 181.5 0.9 19 325.0 62.3 449.9 129.5 0.8 19 53.3 28.8 218.4 194.3 0.7 19 0.9 36.6 44.2 127.6 0.7 10 6.3 114.5 469.3 373.7 0.7 8 321.3 66.4 465.3 374.3
000751,0.8 11 71.8 44.8 420.2 310.0
000757,0.9 6 411.1 0.6 477.2 50.4 0.9 6 54.9 29.5 475.5 332.5 0.8 6 0.6 44.6 474.8 333.1
000758,0.9 19 50.6 17.5 409.3 321.3 0.8 19 67.2 135.5 134.0 293.8 0.6 14 224.0 69.7 391.7 306.2 0.6 4 154.7 100.8 231.7 261.9 0.8 14 152.1 70.4 388.0 288.9
000759,0.6 17 0.9 2.6 498.9 373.8 0.9 11 125.9 107.6 495.3 372.9
000762,0.9 4 28.8 153.7 131.8 375.1 0.9 14 261.5 152.5 286.3 185.9 0.7 14 157.7 128.3 223.7 207.4 0.8 14 107.8 128.9 139.4 165.2 1.0 14 380.0 59.5 499.7 262.2 0.8 14 1.1 19.2 129.2 273.1 0.5 14 379.5 63.1 499.5 304.5 0.6 14 1.3 19.5 128.8 319.2 0.9 14 142.8 127.2 238.7 209.6 1.0 14 350.4 143.2 392.1 194.3 0.5 14 139.8 128.1 213.8 211.5 1.0 14 217.1 147.1 265.6 191.2 1.0 14 1.3 17.2 177.8 374.3
000765,0.5 14 -0.2 1.7 256.3 363.3 0.9 14 0.7 1.8 302.2 374.5 0.9 14 1.0 1.8 464.2 374.5 0.5 10 2.9 146.7 481.1 375.6
000766,0.6 4 0.8 84.3 72.5 333.1 0.9 4 176.1 52.2 270.2 237.3
000769,0.6 14 0.8 32.6 482.7 332.7
000773,0.7 2 2.1 1.5 432.4 374.5
000775,0.8 13 81.9 265.8 441.5 463.4
000778,1.0 6 96.3 115.1 455.3 238.0
000779,0.5 16 187.5 85.4 306.0 268.4
000781,0.6 14 107.0 3.3 499.8 398.0 0.6 14 1.4 1.6 498.9 399.3
000783,1.0 14 197.5 55.9 324.0 254.7 0.8 14 136.1 55.2 327.5 295.0 1.0 12 112.7 92.8 437.5 395.2
000784,1.0 14 237.1 46.6 279.5 128.8 1.0 14 271.5 57.5 302.8 129.8 1.0 14 180.7 46.7 234.9 136.3 0.7 14 180.4 92.6 235.4 307.5 0.9 14 111.9 24.5 158.4 103.6 0.5 4 339.2 216.9 371.0 356.7 0.9 14 288.4 78.6 333.7 200.6 1.0 14 288.0 78.6 352.7 358.1 0.9 14 184.0 48.3 231.5 107.4 0.8 14 95.4 61.7 166.5 292.5 0.5 14 294.9 61.7 335.7 188.3 0.7 14 373.3 99.8 413.3 171.1 1.0 14 145.4 107.6 218.4 374.8 0.8 14 178.0 44.5 235.1 368.0 0.7 4 277.1 242.6 297.3 354.8 0.6 14 145.9 107.9 196.5 322.4 1.0 14 152.2 36.1 187.3 99.5 1.0 14 334.2 49.0 393.8 128.9 0.6 14 177.1 46.2 239.7 356.2 1.0 14 71.2 105.2 169.5 375.3 0.9 14 127.1 64.8 168.8 106.2 1.0 14 221.7 84.1 303.8 363.0 1.0 14 322.5 89.6 382.0 357.1 1.0 14 178.0 90.6 234.1 370.1 0.9 14 371.0 99.6 426.6 344.4 0.5 14 288.8 73.6 334.5 222.9 0.7 14 302.3 60.5 334.2 109.1
000785,0.9 7 0.8 43.1 500.1 313.4
000788,0.9 6 2.0 18.2 30.8 30.1 0.7 15 71.5 66.1 238.6 230.7
000789,0.7 16 158.5 165.5 232.5 227.8 0.7 16 273.3 114.7 309.6 146.2 0.6 16 62.0 148.4 147.9 244.3 0.7 16 278.2 160.9 359.5 232.9 0.6 16 229.6 103.5 254.8 114.7 0.6 16 241.1 97.1 274.2 110.5 0.7 16 234.8 179.0 327.2 249.8 0.7 16 348.6 117.3 383.1 145.8
000790,0.5 8 1.2 214.2 94.1 334.1 1.0 19 135.0 99.2 196.1 167.6
000792,0.8 3 92.8 425.3 140.2 454.8 0.8 3 163.9 2.3 284.3 468.8 0.6 3 165.0 399.5 282.0 465.5
000795,0.0 0 0.0 0.0 10.0 10.0
000798,1.0 14 64.5 123.0 262.4 332.5 0.8 17 0.7 107.8 499.8 331.8 0.5 17 48.3 105.3 377.3 333.1
000801,1.0 6 56.5 140.4 239.8 217.6
000803,0.7 7 84.3 83.9 247.8 257.2 0.6 7 81.3 82.2 377.7 256.9
000807,1.0 14 36.0 28.9 192.6 499.3
000809,1.0 6 0.3 123.2 137.5 202.8 1.0 6 30.4 123.8 480.2 272.1 1.0 6 292.7 116.9 499.5 208.1
000811,0.8 0 146.2 136.0 338.6 270.6
000813,1.0 19 63.2 57.1 388.0 358.5
000817,1.0 0 228.1 130.4 291.2 151.0
000819,0.9 1 27.2 156.1 332.2 387.3 1.0 14 71.0 13.2 322.8 328.3 0.7 1 26.5 55.6 332.8 386.6
000821,0.0 0 0.0 0.0 10.0 10.0
000824,0.9 18 55.2 104.7 492.9 326.0
000825,1.0 1 30.4 19.4 459.5 289.9
000833,0.0 0 0.0 0.0 10.0 10.0
000835,0.8 18 209.5 120.0 301.7 230.5 0.7 18 207.9 113.1 411.1 240.9 0.8 18 301.4 110.6 410.6 238.4
000836,1.0 12 99.0 163.4 209.0 409.2 1.0 14 71.7 98.6 222.3 340.2
000837,0.9 3 258.9 62.9 370.7 156.3
000838,0.9 2 195.5 86.0 359.6 335.0
000839,0.8 10 105.9 161.1 339.2 280.5 0.6 17 102.9 119.0 486.3 285.5 0.8 8 98.5 127.8 183.5 241.2 1.0 14 156.7 108.7 223.4 195.9 1.0 14 214.8 101.9 282.7 195.4 0.6 19 355.0 0.7 437.8 106.2 1.0 14 302.1 103.7 431.3 240.7 0.6 14 257.8 97.5 352.9 253.8 1.0 14 266.5 179.3 419.8 351.2 1.0 14 274.5 96.2 355.1 205.1
000840,0.9 15 242.5 166.7 263.2 190.2 0.8 17 102.6 178.0 285.2 319.4 0.7 19 437.5 22.8 499.5 142.3 0.7 15 337.7 74.1 392.8 135.9 0.6 17 -0.5 178.9 282.7 375.7
000841,0.5 17 4.7 160.8 489.8 278.7 0.9 17 2.8 161.2 492.7 344.5
000844,1.0 6 67.1 69.2 396.8 290.8
000846,0.7 0 166.8 215.8 227.6 267.5 0.9 0 123.3 177.2 161.2 205.5 1.0 0 188.5 151.2 226.9 183.3 1.0 0 143.5 143.4 182.7 171.5 0.9 0 211.2 183.2 248.0 209.1 0.9 0 146.2 213.4 186.7 240.6 1.0 0 260.3 185.2 297.6 213.4 1.0 0 165.7 102.4 206.2 133.0 0.9 0 189.0 214.3 228.3 239.8 0.9 0 173.1 244.9 212.9 271.1
000852,0.8 2 19.0 17.6 246.1 203.9
000853,0.7 11 57.7 145.5 332.6 500.1 0.8 4 170.1 15.8 199.4 81.3
000856,1.0 14 74.2 65.5 309.9 375.1 0.8 8 381.8 161.9 499.8 262.0
000858,1.0 14 146.1 196.9 170.1 279.7 0.9 14 410.1 212.0 424.2 245.2 0.8 6 479.3 224.3 499.9 256.7 1.0 14 118.9 202.8 135.3 248.9 1.0 14 68.3 193.5 105.0 287.6 0.9 14 105.2 204.9 118.7 247.8 0.9 5 292.7 147.2 410.2 249.9
000861,0.6 14 1.2 -0.9 290.7 228.4 0.7 14 142.7 6.2 319.4 234.7
000864,0.9 5 4.2 78.2 486.1 239.4
000866,0.9 12 137.5 159.7 370.5 374.2 1.0 14 187.4 103.9 270.9 295.2 0.5 5 287.9 40.9 499.9 311.5
000869,1.0 14 146.7 190.2 166.8 239.2
000870,0.7 14 78.0 145.1 420.1 319.4 0.8 4 17.5 1.3 54.6 93.2 0.7 14 252.0 146.1 420.9 312.9 0.9 14 74.3 70.2 419.6 322.0 1.0 14 1.6 168.2 221.5 375.3 0.8 19 51.9 130.5 101.7 171.7 0.9 14 1.3 68.8 417.8 375.0 0.6 4 325.8 0.9 355.9 102.9
000873,0.9 13 89.5 12.9 334.5 487.7
000875,0.6 16 314.5 155.2 332.1 188.9 0.8 6 0.7 135.0 84.2 241.9 0.6 16 277.1 170.3 304.7 201.6
000877,0.9 7 164.5 106.8 306.6 283.0
000881,1.0 6 246.6 156.7 430.6 256.4
000883,1.0 14 155.1 51.0 207.5 95.7 0.9 14 102.9 114.1 153.0 170.0 0.7 6 69.1 93.4 307.6 275.8 0.8 14 206.7 116.8 239.7 147.9
000884,0.0 0 0.0 0.0 10.0 10.0
000886,1.0 14 444.1 122.8 486.9 188.0 1.0 14 50.1 3.7 440.2 355.0
000890,0.9 4 1.9 186.1 89.8 323.7
000891,0.6 1 49.4 229.0 230.5 332.7 1.0 14 44.7 12.2 265.6 306.4
000893,0.6 4 76.5 218.2 95.1 256.4 0.7 4 72.4 154.6 90.4 203.1 0.7 19 6.2 2.4 325.4 495.2 0.8 4 53.0 156.1 71.2 204.8
000894,0.7 6 2.5 88.1 33.9 102.8 0.7 13 81.6 89.8 267.2 408.5
000897,0.7 11 73.0 123.7 270.8 315.7 0.9 11 70.4 86.1 377.0 330.5
000901,1.0 14 304.6 226.4 372.2 315.7 0.6 14 21.2 22.3 197.5 307.5 0.6 14 18.9 20.8 231.4 332.1
000905,0.6 17 168.6 40.4 501.5 374.8
000907,0.7 14 192.5 156.8 243.9 223.3 0.8 0 2.4 141.8 403.2 260.5 0.8 14 128.5 167.5 183.5 223.8 0.6 14 169.4 143.9 241.3 223.0 0.8 14 223.6 143.7 341.1 264.1 0.9 14 220.9 142.0 387.1 267.2
000909,1.0 14 130.5 178.4 249.7 499.3
000910,0.5 4 119.6 3.9 249.2 498.3 0.9 14 25.1 95.7 249.3 500.9 0.9 14 25.7 98.1 192.1 500.7 0.6 14 26.3 7.3 457.4 499.1 0.6 14 174.3 73.2 425.1 497.1 0.6 4 237.4 350.6 291.2 473.8 0.9 14 174.1 74.9 375.7 499.1 1.0 14 244.7 235.7 373.3 495.8
000913,0.6 14 0.8 218.0 184.3 376.7 0.7 7 -1.0 0.3 302.5 237.1 0.7 14 0.6 1.4 407.4 376.4
000914,0.0 0 0.0 0.0 10.0 10.0
000916,1.0 14 117.0 108.8 159.3 246.0 1.0 14 1.8 116.6 22.9 160.0 0.8 5 101.3 36.6 498.9 328.8 1.0 14 60.6 118.0 79.6 148.0
000922,0.6 18 16.8 114.6 86.2 160.9 0.6 8 366.8 223.3 499.8 367.5 0.6 18 122.5 109.2 240.1 221.9 1.0 14 240.7 55.4 345.5 347.5
000924,0.7 5 154.0 139.6 265.3 266.4 0.7 14 0.9 194.6 15.1 261.9 0.7 6 482.3 212.3 500.0 243.9 0.8 5 0.8 149.6 42.2 261.3 0.9 5 18.6 141.5 158.7 267.7 0.5 6 280.6 134.2 399.3 269.5
000925,0.0 0 0.0 0.0 10.0 10.0
000927,0.8 14 268.3 155.8 361.3 331.8 0.7 14 77.6 1.4 311.1 294.7 0.5 14 248.0 153.6 365.6 325.8 0.9 14 77.9 0.6 313.5 319.3 0.9 14 81.0 0.8 498.3 331.2 0.6 14 278.6 157.4 499.7 332.1 0.8 14 280.2 155.0 357.1 290.9
000928,0.6 7 7.9 76.7 451.8 271.9 0.7 4 260.6 2.5 499.5 372.3
000930,0.9 1 138.7 161.4 345.6 281.7 1.0 14 172.9 71.7 331.3 252.0
000932,0.7 14 184.8 121.5 220.3 155.9 1.0 6 35.3 106.8 493.6 303.5
000933,0.0 0 0.0 0.0 10.0 10.0
000938,0.8 15 130.2 103.2 206.7 217.3 0.9 8 212.5 169.7 281.0 243.0 0.8 8 151.5 200.5 231.9 314.0 1.0 8 301.6 185.4 434.8 321.5
000939,0.9 14 1.2 54.9 344.7 498.6 0.6 4 112.8 382.0 195.1 485.3 0.9 14 97.4 54.8 351.8 500.1
000940,0.7 14 136.6 86.0 222.6 184.6 0.8 14 0.7 71.0 101.6 199.1 0.6 14 142.2 85.6 244.9 374.5 0.7 14 138.0 85.6 225.7 299.9 0.9 14 133.9 86.5 223.5 253.4 0.9 14 0.5 70.4 141.2 373.9 1.0 14 193.7 85.8 442.8 355.2 0.6 10 22.9 156.9 474.6 376.3 0.7 14 148.5 86.5 232.0 360.4 0.8 14 200.2 86.1 358.2 355.1 0.7 8 146.7 181.8 493.9 375.2
000941,0.9 17 14.8 183.8 491.6 390.1
000942,1.0 14 219.1 189.2 261.5 257.1 0.8 14 328.4 120.2 353.9 145.6
000944,0.9 14 223.8 99.5 369.9 374.5
000945,1.0 6 52.6 77.0 427.6 234.0
000952,1.0 14 16.1 93.9 242.8 332.5 1.0 14 206.3 100.4 413.5 332.1
000953,0.6 15 398.6 232.1 500.0 375.5 0.9 15 214.9 101.6 270.2 133.7 1.0 8 19.1 188.2 123.6 349.8 0.9 19 248.7 20.1 344.4 103.2 0.9 19 201.7 193.2 364.4 348.4
000955,1.0 14 143.0 62.4 380.8 331.3
000956,0.9 14 176.1 55.0 430.8 259.6 0.9 14 175.6 56.2 501.3 373.9
000957,0.0 0 0.0 0.0 10.0 10.0
000959,0.5 14 66.7 7.8 201.1 201.0 0.7 14 96.4 104.3 360.4 332.7 0.9 14 199.5 16.3 360.8 164.5 1.0 14 97.1 105.9 283.2 333.4 0.6 14 123.7 9.1 200.8 127.1 0.6 14 49.1 9.0 253.8 203.8 0.6 14 199.8 15.8 367.5 265.1 0.9 14 68.9 8.5 199.0 149.8 0.6 14 0.9 105.9 272.7 333.2 0.9 14 1.1 119.3 134.9 332.7 0.6 14 101.8 105.6 498.3 331.9 0.8 17 1.2 139.3 500.2 329.3 0.9 14 297.0 80.4 499.6 300.6 1.0 14 216.8 106.5 356.9 312.5 0.6 14 327.2 81.2 499.8 290.3 0.6 14 219.8 105.4 498.4 331.3 1.0 14 327.5 80.9 499.5 331.7
000960,0.9 2 350.3 308.0 477.7 391.9 0.9 2 78.2 296.0 205.1 370.6 0.9 2 199.5 276.0 354.1 363.6 0.6 2 198.4 275.6 401.8 363.7
000961,0.9 6 344.1 131.0 375.0 198.4 0.8 19 179.4 247.7 228.7 297.0 0.7 17 0.8 259.2 176.6 500.7 0.9 6 310.8 124.1 364.7 172.7 0.7 19 124.4 354.7 219.0 469.6
000963,0.7 7 1.0 1.6 498.9 332.6
000968,1.0 0 14.5 63.9 471.9 230.9
000969,0.9 14 1.1 2.0 330.1 374.3 0.8 14 257.9 1.3 499.8 345.0
000970,0.6 18 348.7 125.9 419.4 198.5
000974,1.0 19 18.6 123.1 147.9 237.1 0.9 8 1.9 246.8 139.0 333.9 0.5 8 230.8 200.6 343.5 305.7
000975,0.8 11 112.0 59.4 486.4 460.9
000976,0.9 4 194.2 92.4 310.1 382.2 0.7 8 12.6 269.8 80.8 428.4 0.7 8 433.8 272.4 499.2 430.1
000978,1.0 14 103.3 2.0 257.3 374.5 0.6 14 115.2 1.1 493.8 374.4 0.7 14 216.6 0.1 392.7 320.4 0.8 14 215.4 -0.4 395.8 360.5 0.9 14 216.7 1.3 494.4 374.4
000979,1.0 14 93.3 172.2 184.8 357.0 0.5 14 1.0 191.9 63.7 404.2 1.0 14 0.7 147.9 68.0 405.5 0.9 13 90.2 257.3 200.0 400.6
000981,0.5 14 55.3 18.7 265.3 498.7 0.5 19 46.2 233.2 82.3 307.0 1.0 14 55.0 19.2 333.0 498.8
000983,0.5 10 -0.6 327.1 355.3 500.9
000984,1.0 6 0.9 326.3 38.0 362.3 0.9 6 235.1 294.5 322.5 345.8 1.0 14 67.2 313.7 122.1 497.7 0.6 5 1.2 34.2 203.1 469.1 1.0 6 193.7 322.5 235.5 348.6 0.7 14 66.4 319.9 78.5 353.4 1.0 14 42.9 321.7 58.1 356.4 0.6 14 68.0 321.1 79.1 352.8
000985,0.9 6 1.2 1.2 499.4 355.9
000986,1.0 14 325.5 66.9 358.0 136.4 0.9 12 143.3 115.3 297.5 264.9 1.0 14 161.5 63.3 277.6 245.2 0.5 14 369.6 91.4 386.8 106.7 0.5 9 265.8 173.7 390.2 293.7
000988,0.9 14 71.4 1.3 496.3 374.2
000990,1.0 14 1.0 30.1 239.2 334.1 0.9 14 3.1 24.5 461.5 333.5 1.0 14 397.9 129.5 453.9 184.8 1.0 14 220.6 19.6 476.3 332.9
000992,0.8 16 366.7 198.7 441.0 279.7 0.8 16 437.4 198.2 499.4 267.0 0.6 16 135.3 205.7 218.2 296.9
000994,0.5 17 211.5 183.4 468.2 373.9 1.0 19 39.7 123.7 154.1 227.8 0.8 17 215.1 183.3 466.8 374.7
000995,0.8 0 1.2 91.0 283.2 313.8
000998,0.8 7 0.4 72.1 332.6 499.4
001000,0.8 11 0.6 4.9 498.2 323.9
001003,1.0 6 112.7 101.9 355.3 279.2
001005,1.0 6 36.4 148.6 267.9 256.8
001006,0.9 14 1.4 247.6 69.8 375.1
001007,0.6 4 415.3 0.1 500.0 249.3 1.0 19 132.2 113.3 376.6 303.4
001013,0.6 16 89.0 229.0 112.8 272.4 0.5 14 232.8 15.1 340.7 137.2 0.7 12 221.0 14.5 500.3 331.7
001016,0.5 18 38.6 162.2 138.9 217.5 0.8 18 203.9 133.9 487.4 252.1
001019,0.9 7 0.7 2.4 374.4 400.7
001020,1.0 14 74.3 57.1 284.9 499.1 0.7 19 234.1 135.6 322.8 181.8
001021,0.6 4 80.9 223.8 116.2 283.6 0.8 14 196.5 34.1 411.6 241.9 1.0 14 1.0 51.3 179.8 357.8 0.9 14 0.4 50.4 182.1 270.4 0.9 14 194.7 33.7 410.8 374.8 0.9 17 130.1 29.2 484.6 374.7 0.6 14 195.6 35.8 410.5 279.3
001022,1.0 6 2.6 137.1 495.7 293.6
001023,0.5 8 111.9 243.9 182.2 301.4 0.6 19 348.7 193.6 402.4 257.1 0.5 10 9.7 202.4 337.3 285.8 0.8 8 110.6 226.2 184.4 301.7 0.9 8 442.3 270.2 499.8 400.7 0.8 10 0.2 284.6 413.7 400.8
001025,0.8 17 26.2 67.2 374.2 496.1 0.6 10 1.2 213.0 374.2 499.9
001026,0.5 14 200.4 53.3 332.2 410.0 0.8 11 69.7 231.5 218.2 408.3 0.9 14 83.1 0.9 205.3 241.7 1.0 14 155.9 81.5 328.1 411.8 0.7 11 71.7 229.4 319.9 408.5 0.6 14 197.5 0.9 286.2 100.0
001029,0.9 19 241.4 41.5 454.6 233.2
001030,0.6 18 20.6 77.6 266.0 259.3
001031,0.8 14 47.5 48.2 224.8 207.1 0.9 14 45.4 50.5 225.4 290.5 1.0 13 41.1 122.3 308.8 456.6 0.6 13 94.9 182.0 310.5 454.6
001032,0.7 7 96.2 1.3 499.6 374.6
001033,1.0 14 144.9 95.8 309.2 387.4 0.7 1 152.2 235.3 317.3 499.8 0.7 1 146.2 200.9 318.0 476.1 0.9 1 150.9 233.4 315.4 475.8
001034,1.0 6 196.8 209.6 453.9 323.4
001035,0.7 14 1.0 1.9 91.3 222.0 0.6 8 231.1 154.6 312.9 342.0 0.5 8 1.1 213.8 130.2 374.4 0.6 14 0.7 2.9 132.7 372.3 1.0 14 211.9 54.3 326.3 340.2 1.0 14 300.8 62.8 423.3 340.4
001037,0.6 9 160.9 114.2 325.7 234.8 0.7 14 53.7 24.9 149.6 160.2 0.6 9 16.1 117.6 172.9 220.3 0.7 14 51.6 23.3 147.8 135.3 0.8 14 53.9 22.5 147.8 197.9
001038,0.7 19 13.9 28.1 110.1 123.9 1.0 14 160.8 89.0 455.9 410.0
001039,0.5 19 290.6 98.4 362.3 136.4 0.7 8 174.2 226.3 246.8 327.3 0.8 8 174.8 227.8 301.5 376.0 0.9 19 379.2 159.6 443.0 231.2 0.9 19 169.6 152.7 212.7 202.3 0.9 19 223.8 154.6 272.1 210.0 0.9 19 292.9 153.1 359.6 219.5 0.8 8 188.1 245.6 349.3 375.2
001040,1.0 14 367.3 198.6 486.8 333.4 1.0 14 124.8 124.4 230.5 332.5 0.8 14 217.2 112.1 413.0 332.0 1.0 14 210.6 111.4 351.5 332.7 1.0 14 219.0 228.6 351.4 333.6
001044,0.0 0 0.0 0.0 10.0 10.0
001046,1.0 0 3.4 118.7 428.9 240.1 0.5 0 146.4 122.5 428.1 237.8
001047,0.6 4 294.0 47.6 321.4 108.0 0.7 4 91.4 14.8 105.7 59.8 0.9 4 63.9 12.9 77.5 60.5 0.7 4 1.1 196.0 42.1 281.9 0.8 4 94.4 15.5 109.9 59.9 0.9 14 342.2 0.7 477.0 246.4 1.0 14 73.5 49.7 209.7 239.5 0.9 4 38.0 188.7 64.0 248.6 1.0 14 212.4 59.0 339.2 244.7 0.8 14 301.3 2.6 478.0 337.4
001048,0.7 17 1.3 13.6 499.1 374.4 0.9 7 168.5 89.0 373.6 242.1
001049,0.6 0 105.0 74.5 254.2 160.2
001051,0.9 2 225.1 83.1 323.5 299.8 0.5 15 2.8 0.8 497.9 374.0
001054,0.0 0 0.0 0.0 10.0 10.0
001055,0.9 14 139.7 101.9 373.4 327.1 0.9 14 137.9 104.4 449.7 333.4
001058,1.0 6 8.3 102.2 448.3 241.5
001059,0.7 3 129.0 260.3 268.2 288.3
001063,0.6 6 374.6 254.8 479.7 318.0 1.0 14 218.0 59.7 313.2 317.0 0.7 12 1.9 178.4 478.9 318.2
001065,0.5 14 -2.0 63.2 435.9 375.2 0.6 14 1.3 2.0 349.2 374.4 0.9 14 1.1 2.2 498.6 373.8 0.6 14 0.2 61.3 499.3 374.8 0.9 14 193.6 66.5 500.6 351.0 0.5 14 196.6 32.9 500.5 353.6
001067,0.8 4 235.5 100.8 272.2 151.5 0.7 14 172.6 40.0 281.9 311.0 0.9 14 89.8 46.3 280.0 373.5 0.5 14 90.4 46.2 280.9 329.8 0.8 4 157.3 163.7 185.0 196.9 0.7 17 2.6 40.4 481.2 373.9 0.8 14 87.9 46.7 226.7 373.8 0.9 14 171.8 40.5 281.8 322.0 0.9 14 239.2 17.2 388.3 278.9 1.0 14 178.8 28.0 387.6 285.8
001070,0.7 15 269.2 38.0 330.5 116.3 1.0 15 173.4 12.5 247.2 119.3 0.7 15 167.5 215.5 274.6 326.1 1.0 15 95.9 13.1 169.4 93.3 0.7 15 231.5 335.8 301.2 401.1 0.8 15 361.0 63.7 441.7 166.7 0.8 15 359.3 211.3 439.5 280.8 1.0 15 283.9 138.7 353.0 211.8 0.9 15 282.7 222.0 361.7 330.7 0.5 15 170.5 275.5 218.4 327.5 0.9 15 363.8 48.8 465.2 166.4 0.7 15 104.2 331.2 230.8 400.7 1.0 15 73.8 198.3 167.5 335.6 1.0 15 176.0 125.2 279.1 217.3 0.9 15 88.5 80.2 185.3 216.6 0.9 15 270.4 2.4 384.6 111.9
001075,0.5 11 222.8 144.4 405.6 231.2
001076,1.0 14 101.5 113.6 328.4 375.5
001080,0.5 0 33.0 41.4 360.0 258.8 0.6 0 31.0 46.1 360.0 232.7
001081,0.9 8 144.2 174.4 270.3 374.4 0.9 19 399.2 154.7 461.4 213.1
001085,0.9 14 249.0 1.7 275.0 20.8 0.7 14 172.4 1.6 196.7 68.7 0.9 14 199.7 9.9 221.3 42.2 0.9 14 407.3 5.8 425.2 46.5 1.0 14 442.6 1.5 485.0 108.6 0.8 14 182.4 3.5 203.8 43.1 0.8 14 100.3 0.7 138.7 122.9 1.0 14 131.1 1.2 175.5 74.1 1.0 14 1.0 0.6 84.9 204.0 0.9 14 102.4 1.4 138.2 63.0 1.0 6 79.7 12.7 446.2 302.7 1.0 14 173.5 1.7 198.6 61.2 1.0 14 423.4 1.0 450.4 57.3 0.7 14 283.7 1.8 311.0 74.4 0.5 14 311.2 1.0 339.7 15.6
001086,1.0 4 302.9 229.5 364.5 375.9 1.0 14 -0.4 36.2 242.6 359.5 1.0 14 298.3 45.5 500.3 354.8
001087,0.5 8 19.7 115.1 80.2 212.1 0.6 8 124.8 68.4 240.1 219.7
001088,0.6 11 1.6 23.7 451.2 374.1
001089,1.0 1 9.5 84.0 453.7 358.7
001090,1.0 6 18.7 156.9 475.4 285.8
001094,0.7 18 39.2 169.1 188.6 206.3 0.5 18 202.9 169.7 341.6 207.7
001095,0.7 14 197.3 166.9 283.1 347.8 1.0 14 175.3 120.5 247.9 258.9 1.0 14 270.9 133.4 360.0 349.4
001096,1.0 1 151.4 140.1 373.9 326.0 0.7 14 178.5 42.2 336.5 228.1 1.0 14 176.9 42.0 335.9 260.0 0.6 4 442.1 248.3 483.6 281.7 0.8 14 217.7 45.1 335.3 228.4
001098,0.8 7 35.4 25.9 375.0 498.4
001099,1.0 14 88.3 243.0 108.0 300.9 1.0 14 413.3 240.1 432.9 316.1 0.7 0 0.7 93.5 499.7 315.3 1.0 14 71.6 258.4 87.7 302.4 0.8 0 0.8 89.3 499.6 345.2 0.8 6 1.1 182.7 147.8 345.1 0.8 0 110.6 92.2 497.9 339.8 1.0 14 436.0 242.4 459.2 318.6 0.7 6 189.3 188.1 333.3 333.3
001100,0.6 9 139.8 148.3 273.8 290.6 0.5 9 140.7 147.8 319.3 289.3
001103,0.6 11 133.9 116.8 330.8 368.6
001105,0.9 4 24.2 201.7 69.6 264.8 0.9 14 443.4 39.6 499.7 375.8 1.0 4 83.9 185.0 113.6 253.4 1.0 4 121.4 173.4 145.8 248.9 0.6 15 0.9 107.3 118.0 260.9 0.9 14 202.5 85.5 332.5 341.6 1.0 14 199.7 86.0 330.0 280.4 0.7 14 199.4 84.5 335.7 376.1 0.7 14 207.7 85.9 424.2 373.7
001108,1.0 14 216.4 161.8 310.8 374.9 0.9 4 271.5 185.2 370.3 375.3 0.6 4 374.3 168.7 499.7 376.0 0.6 14 109.7 158.1 225.8 264.1 0.5 14 324.2 91.3 423.1 202.2 0.9 14 107.3 154.4 232.3 374.2 0.6 4 116.6 224.9 172.6 374.5 0.6 10 92.3 167.5 499.6 374.0 0.6 14 278.5 88.6 429.4 373.9 0.6 4 88.2 205.7 124.6 375.4 0.7 14 269.6 62.1 430.0 374.9 0.9 14 279.1 58.7 499.1 373.9
001111,1.0 6 106.3 247.4 166.4 292.0 1.0 6 173.4 256.1 211.0 274.9 1.0 6 88.5 251.5 116.9 282.6 1.0 6 382.1 242.8 426.6 272.0
001114,0.8 12 205.6 113.6 400.0 309.2
001115,0.6 18 97.2 110.7 423.4 245.9 0.6 18 421.8 109.5 499.8 252.8 0.9 18 0.8 110.5 85.0 227.1 0.8 18 97.8 86.3 425.3 249.6
001116,1.0 14 29.7 27.2 498.6 356.8
001117,0.5 8 50.9 204.6 189.8 374.5 0.9 19 390.2 113.2 476.4 204.9 0.9 19 183.4 33.9 280.6 157.8 0.6 8 1.5 227.4 64.0 376.0 0.7 17 51.7 199.3 483.7 375.5 0.6 17 202.3 200.5 490.8 375.6
001118,0.6 14 184.6 0.6 237.0 92.6 0.9 14 437.6 0.7 485.6 59.5 0.6 14 95.9 0.9 243.3 230.6 1.0 14 9.8 35.3 226.5 326.2 0.8 14 207.5 87.9 492.2 325.1
001120,0.6 9 218.5 186.5 275.7 232.1 0.7 9 281.0 192.9 351.8 241.0 0.6 16 9.8 123.8 45.7 149.4
001122,0.0 0 0.0 0.0 10.0 10.0
001123,0.8 11 195.4 24.8 440.7 297.8
001126,1.0 0 158.9 69.6 345.7 276.4
001128,0.7 8 1.1 0.2 89.7 116.8 0.7 7 1.1 68.1 391.7 298.2
001131,0.8 11 75.9 26.8 418.2 264.5
001132,0.7 7 19.3 89.0 406.9 282.8 0.7 7 70.7 89.2 385.4 280.2
001133,1.0 14 183.2 188.8 263.2 374.9 0.6 14 114.8 202.2 209.1 374.9 0.9 14 67.2 202.3 185.4 374.2 0.9 14 2.8 203.8 172.7 374.7 0.9 17 0.4 201.2 411.2 375.8 0.8 14 255.7 160.1 364.8 374.9 1.0 14 258.8 159.5 431.5 375.1
001134,0.9 13 175.9 187.6 304.3 276.6 0.9 13 65.1 176.8 140.0 300.3 1.0 6 339.0 125.0 500.3 362.3
001135,1.0 6 146.9 80.8 393.4 257.2
001138,0.9 19 146.9 154.4 189.2 201.4 0.8 8 149.4 197.3 224.2 365.6 1.0 8 267.5 184.7 342.2 289.0 0.9 8 152.3 257.4 215.5 373.4 0.9 19 379.3 148.8 418.6 193.5 0.9 19 257.6 151.0 293.8 190.6 0.8 8 46.9 256.8 217.3 374.6 0.9 19 0.8 164.7 23.9 217.4 0.8 8 150.4 193.6 256.5 297.5
001139,0.7 8 1.2 154.3 123.1 351.7 0.5 8 238.6 221.4 331.1 375.3 1.0 8 0.6 149.4 151.7 352.6 0.8 10 130.6 156.1 352.4 374.6 0.7 8 172.9 222.5 329.0 375.4 0.9 19 347.9 18.6 420.0 114.6
001141,0.7 3 255.3 191.4 408.9 366.5 1.0 14 170.9 123.3 197.1 198.1 1.0 14 216.1 116.8 240.6 204.4 1.0 14 14.5 190.8 54.7 308.4 1.0 14 147.6 117.0 173.1 207.8 1.0 14 54.2 190.5 96.3 307.2
001146,0.6 12 41.0 29.2 123.6 273.6
001150,0.9 11 4.9 95.3 391.2 375.4 0.7 14 0.4 -0.4 205.3 187.2 0.8 11 180.7 97.4 395.3 374.8 0.6 14 0.3 -0.7 209.2 194.6 0.7 14 2.9 1.4 496.9 374.0 0.6 14 45.4 1.2 207.3 168.1 0.7 14 0.9 1.1 213.5 374.0 0.7 14 58.4 1.2 391.6 374.3 0.8 14 104.5 1.1 393.1 374.3
001153,1.0 0 134.4 197.8 361.3 267.2
001155,0.6 6 344.8 209.6 499.8 374.5 0.6 3 18.2 2.2 328.6 313.1 0.9 14 354.0 208.4 467.3 372.7
001157,0.9 14 426.1 1.0 463.8 78.4 1.0 14 463.6 0.8 499.4 87.0 1.0 13 8.2 68.5 436.8 285.2
001159,0.9 14 175.6 38.7 227.8 131.8 0.7 14 243.0 289.2 284.9 340.4 0.6 17 26.9 84.8 477.1 372.2 0.9 17 27.3 233.0 476.2 372.7 1.0 14 236.0 243.6 313.7 342.9
001162,0.6 15 164.9 1.3 255.4 113.8 0.7 15 165.3 3.5 250.0 113.6 0.6 15 125.0 0.8 252.3 114.2 0.8 17 192.4 84.4 499.7 373.4 0.6 17 195.7 92.0 494.6 335.5 0.8 19 304.7 8.8 392.9 86.2
001163,0.9 19 36.4 28.2 104.2 128.9 0.9 19 208.2 31.0 261.6 114.0 0.9 8 1.0 141.2 71.1 285.4 0.9 19 341.7 96.5 447.7 157.6 0.8 8 114.4 123.6 174.5 193.1 0.7 8 180.6 105.8 234.6 189.0 0.9 17 49.0 186.2 314.5 366.5 0.6 8 1.1 302.0 78.4 375.2 0.6 10 149.4 246.4 449.5 375.9 0.9 17 351.4 179.7 500.4 357.7
001165,1.0 14 279.7 245.1 313.4 352.8 0.8 19 8.9 2.6 326.2 497.3 1.0 14 252.8 237.3 284.0 351.7
001167,0.9 4 0.7 94.9 53.5 355.9 0.8 14 1.8 3.7 159.0 163.8 0.7 14 1.5 5.4 162.2 344.7 0.7 14 1.6 5.9 476.1 355.2 0.6 4 74.0 97.2 206.0 353.5 1.0 14 203.7 20.5 477.7 355.3
001169,1.0 14 140.4 61.7 197.0 125.2 0.9 14 105.8 122.8 244.3 291.6 1.0 14 103.9 44.2 326.8 178.0 0.7 4 342.1 0.8 398.8 191.4 1.0 14 106.2 125.0 377.4 287.9 0.7 4 17.7 107.9 36.9 161.6
001173,0.7 19 146.6 102.2 241.9 190.9 0.9 14 0.0 53.2 373.2 289.6 0.7 14 0.4 53.3 497.8 329.5 0.6 7 335.4 46.3 495.4 284.8
001177,1.0 14 101.3 130.3 266.3 268.3 1.0 4 14.3 116.2 86.7 370.8 0.9 14 203.8 119.0 455.3 307.1 0.9 14 203.1 118.5 463.2 364.9
001178,0.8 18 30.2 124.4 318.0 176.6
001179,0.7 19 108.1 109.0 169.1 156.8 0.7 19 337.6 177.2 430.4 315.6 0.6 19 331.4 179.3 429.9 349.5 0.9 14 78.7 1.0 165.8 53.8 1.0 8 174.5 144.7 341.7 375.1
001180,0.7 14 39.6 115.0 333.1 500.8 0.9 19 206.5 145.9 301.6 186.2
001181,1.0 2 120.6 102.7 268.0 230.5
001183,1.0 14 220.6 89.2 282.4 250.8 0.9 12 78.1 161.1 183.4 278.4 1.0 12 135.6 121.3 355.6 342.6
001188,0.9 3 170.8 56.3 248.8 260.9 0.6 3 404.0 65.7 444.0 82.7 0.8 3 325.4 96.8 359.2 121.1 0.7 3 472.2 81.0 499.8 117.3 0.5 3 449.8 2.6 500.0 171.5 0.8 3 373.7 99.9 413.1 122.9 0.8 3 50.6 110.8 135.4 159.4 0.8 3 285.3 95.9 314.7 123.3 0.8 3 129.7 104.8 168.5 134.1 0.7 3 455.3 133.0 499.9 169.4 0.8 3 342.4 63.7 378.2 83.9
001189,1.0 8 259.6 258.1 344.7 421.5 1.0 8 43.3 255.4 127.9 418.2 0.9 10 103.4 270.9 274.6 461.0 1.0 8 143.9 276.4 245.5 464.4
001190,0.0 0 0.0 0.0 10.0 10.0
001193,0.5 6 0.3 86.4 110.0 160.9
001195,0.9 11 136.8 52.5 328.6 318.9
001196,1.0 2 92.0 117.5 285.9 406.0
001197,1.0 17 29.1 28.7 486.7 315.4
001198,1.0 14 358.8 114.5 379.0 147.8 0.9 14 478.0 80.4 500.0 224.2 1.0 14 372.2 104.5 406.9 156.8 0.9 6 -0.3 37.4 387.4 368.3
001202,0.8 11 1.2 160.7 247.7 254.2 0.9 11 244.8 78.1 389.3 234.2
001208,0.5 13 -0.3 224.5 208.7 358.1
001210,0.8 4 455.8 286.1 474.9 355.9 1.0 14 279.0 264.7 303.7 315.9 0.8 14 0.8 207.9 14.7 279.7 0.9 15 54.1 146.3 136.8 306.6 1.0 14 4.7 201.5 42.5 302.5 1.0 14 196.2 202.4 219.1 272.8 0.8 4 478.4 285.8 499.7 361.0 1.0 14 222.3 217.4 248.5 305.4 1.0 14 280.8 193.4 299.4 261.2
001213,1.0 1 238.6 381.7 359.5 471.5
001216,0.8 7 112.9 133.1 198.3 228.7 0.8 7 309.8 62.0 378.3 160.8
001217,0.9 17 20.9 2.1 498.7 373.6
001218,0.9 5 19.9 72.6 473.1 278.2 0.6 5 394.0 121.1 472.5 231.7
001219,0.7 8 398.6 190.1 474.9 331.5 0.7 8 421.7 170.7 483.7 324.8 0.6 14 403.6 154.0 425.8 233.6 0.8 14 474.5 158.4 499.9 225.7 0.8 14 475.7 158.1 500.0 271.6 0.9 14 416.3 144.7 474.9 310.3 0.8 14 415.7 144.4 474.5 248.0 0.9 14 420.2 144.6 473.7 220.2 0.7 14 403.2 153.6 423.0 202.0
001220,0.9 11 1.2 123.0 421.9 369.5 0.9 14 98.0 2.2 396.0 263.9 0.9 14 48.5 2.0 425.8 373.8 0.7 17 0.2 52.3 427.9 374.9
001222,0.6 6 107.1 153.8 240.8 207.5 1.0 14 10.7 188.9 46.4 274.7 1.0 6 112.2 184.5 471.1 325.7
001223,1.0 0 11.1 120.8 488.6 254.6
001227,1.0 14 101.1 308.5 134.9 374.4 0.9 14 48.9 299.8 84.8 363.3 1.0 14 183.3 313.2 227.3 387.4 1.0 14 279.7 304.9 310.6 347.8
001228,0.7 14 265.4 37.9 313.7 118.8 1.0 14 181.2 32.9 289.1 238.8 0.8 14 1.1 46.5 38.6 119.9 0.7 11 346.7 180.3 473.3 287.4 1.0 14 302.0 23.2 358.7 238.0 0.5 14 179.5 37.7 199.9 65.2 1.0 14 66.0 27.8 128.8 234.4 0.6 14 414.8 10.0 497.4 135.7 0.9 14 0.9 45.6 41.6 242.0 1.0 14 138.5 28.9 196.8 234.8 1.0 14 263.0 35.7 317.0 240.4 0.6 14 1.1 48.3 36.4 130.0 1.0 14 15.2 36.8 106.2 243.1 0.7 10 1.4 222.9 499.8 374.4 0.6 11 212.0 212.6 307.5 346.5 1.0 14 342.0 -0.1 480.3 239.7 0.5 14 305.5 22.1 357.6 195.6
001232,0.0 0 0.0 0.0 10.0 10.0
001235,1.0 2 138.5 118.2 207.4 267.8 0.8 2 316.2 155.6 403.5 313.4 0.9 2 315.9 156.2 423.6 313.6
001238,1.0 14 173.0 147.1 257.7 317.5 1.0 1 186.1 235.3 249.2 356.6
001242,0.5 14 1.3 6.7 498.8 332.7 0.9 14 7.5 7.0 298.2 332.8 0.9 14 7.7 5.4 430.4 332.0
001243,0.6 8 9.9 3.3 102.4 97.2 1.0 14 90.3 15.9 275.8 488.9
001244,0.6 4 230.5 120.2 245.0 174.0 0.6 14 74.7 125.8 105.0 152.1 0.9 8 1.1 155.1 61.8 267.2 0.9 14 355.6 62.2 500.2 374.4 0.6 14 279.8 99.7 404.5 374.3 0.6 4 209.3 119.9 223.0 170.4 0.7 14 258.1 1.2 364.0 128.7 0.9 14 255.1 0.1 474.7 180.9 0.9 4 224.2 119.8 241.7 174.1 1.0 14 20.0 115.5 238.6 363.5 0.9 8 287.2 232.2 383.0 374.9 0.6 14 281.6 103.3 404.9 264.6 0.5 14 261.4 0.2 462.5 265.9 0.6 4 243.4 119.1 260.9 175.8 0.7 14 260.0 1.4 497.1 373.9
001245,0.9 12 184.1 102.4 353.1 247.7 0.9 14 56.7 151.1 75.9 185.9 0.8 12 0.9 123.6 36.9 219.4 1.0 14 191.6 141.9 220.9 189.4 0.8 12 231.7 101.8 356.2 248.7
001246,0.0 0 0.0 0.0 10.0 10.0
001249,0.7 7 1.5 316.7 348.4 476.1
001251,1.0 14 120.2 92.9 158.6 125.9 0.7 14 0.9 11.2 102.6 250.6 0.8 14 0.5 63.6 79.2 301.8 1.0 14 1.1 11.0 155.1 332.4 0.7 14 0.9 65.5 30.1 156.1 0.8 14 0.4 56.0 107.3 307.2 1.0 14 109.3 12.7 349.5 332.8 0.5 14 1.1 23.2 99.9 250.4
001252,1.0 6 58.9 87.2 428.4 348.9
001253,0.9 14 264.7 80.5 375.2 498.6 0.8 8 201.2 232.9 251.2 326.7 0.7 4 5.7 168.7 109.2 345.9 0.7 14 0.6 109.8 106.0 367.1 0.9 14 266.5 82.5 375.2 442.0
001255,0.7 4 166.4 271.1 257.8 365.7 0.7 15 1.1 1.7 499.3 374.1
001256,1.0 14 386.7 191.5 429.9 350.6
001257,0.0 0 0.0 0.0 10.0 10.0
001261,0.9 14 74.5 129.6 304.8 375.3 0.6 14 66.4 22.0 225.0 360.0 0.7 14 1.9 21.9 224.1 374.1 0.9 14 3.0 21.9 287.3 374.4 0.6 14 4.0 92.9 490.7 374.7 0.6 14 156.2 127.6 312.6 374.4 0.6 14 75.0 99.2 488.1 374.7
001262,0.6 2 40.7 0.9 359.8 399.3
001264,1.0 13 69.0 20.9 444.2 350.1
001267,0.9 14 197.6 213.8 227.4 267.9 1.0 6 125.2 205.9 180.7 239.9 1.0 14 102.8 208.9 139.7 259.3 0.9 6 315.6 198.9 499.5 300.5 0.7 6 315.4 197.7 499.9 343.5
001271,0.9 14 168.2 1.1 217.3 58.7 0.9 14 24.2 1.8 107.5 134.5 0.9 14 0.9 2.5 34.0 184.2 1.0 14 302.6 1.5 406.1 122.2
001275,0.7 2 260.0 134.7 297.3 165.2 0.5 2 305.0 96.6 336.2 133.7 0.8 2 174.2 78.7 194.9 111.5 0.7 2 108.1 74.6 131.7 101.2 0.5 2 28.3 88.9 50.2 119.3 0.6 2 398.7 114.0 422.4 153.6 1.0 2 166.8 125.8 245.1 284.3 0.7 2 16.1 125.7 38.6 164.1 0.8 2 345.1 126.1 401.8 190.7 0.7 2 145.1 132.9 175.3 171.1 0.7 2 90.6 173.1 128.2 229.9 0.8 2 93.7 97.7 115.3 135.3 0.8 2 62.2 115.1 99.0 178.0 0.7 2 137.2 80.4 155.8 113.0 0.7 2 201.6 77.4 237.5 103.2 0.6 2 224.3 146.7 281.2 212.5 0.9 2 323.4 206.2 400.0 276.5 0.6 2 290.6 152.7 337.6 205.3 0.8 2 302.1 98.6 350.3 163.6
001276,1.0 8 313.4 156.2 399.8 274.8 0.8 8 457.0 160.1 500.0 284.6 0.9 8 392.4 173.5 476.5 309.7 0.9 8 10.5 169.6 234.4 375.7 0.7 8 142.6 174.3 235.6 336.0 0.8 8 391.5 161.7 476.2 298.4
001278,0.5 14 12.2 89.4 34.7 121.0 0.6 14 9.6 89.9 35.5 137.7
001280,1.0 6 72.0 79.8 477.2 300.0
001282,1.0 14 27.0 62.3 230.8 285.7 0.8 14 28.4 62.1 228.4 333.9 0.8 14 27.4 37.5 395.0 334.1 0.9 14 233.5 36.8 340.6 333.3 0.9 14 237.5 36.7 398.0 334.3
001283,1.0 6 233.9 148.7 375.7 198.2
001285,0.9 13 81.4 125.5 455.0 290.9 0.9 13 205.5 132.0 456.5 292.1
001291,0.5 6 9.2 14.1 495.8 265.2 0.9 6 7.5 13.6 498.8 366.4
001295,0.6 4 78.9 76.1 172.8 498.4 0.6 19 107.7 236.2 281.0 498.4
001296,1.0 14 182.8 44.5 337.3 295.8 1.0 13 67.6 94.4 407.4 334.3
001297,0.8 14 1.3 83.4 318.2 370.0 0.6 14 0.4 86.0 329.0 481.1 0.8 17 1.1 135.0 370.3 498.7 0.6 19 121.6 219.1 326.5 336.1 0.6 14 114.1 85.9 309.6 451.8 0.7 14 116.6 86.0 349.4 498.9
001300,0.9 12 81.9 101.4 254.1 420.1
001301,1.0 14 388.0 2.0 499.9 374.6 0.9 14 335.5 15.1 415.1 374.8 0.9 13 19.1 50.8 366.8 374.2 0.8 14 129.6 0.4 320.4 87.6
001302,0.9 8 1.3 222.5 201.6 375.7 0.9 8 164.4 92.9 240.0 158.1 0.6 8 183.2 231.0 262.8 374.6 0.6 15 1.2 0.9 80.5 224.0 0.9 10 0.3 144.5 493.4 374.9 0.9 8 187.1 230.6 352.8 375.7 0.9 8 261.9 90.2 342.6 156.5
001303,0.9 14 0.8 1.4 406.0 372.6
001305,1.0 0 49.1 111.9 378.3 246.6
001306,0.7 11 170.3 135.4 285.0 206.9
001307,0.9 14 241.6 85.0 273.5 146.7 0.9 14 182.7 53.6 244.6 137.2 0.6 14 184.1 52.7 274.8 282.9 0.6 1 238.8 112.0 286.4 159.8 0.9 14 382.9 62.9 473.5 330.7 0.7 14 22.1 23.5 269.2 285.1 0.7 14 246.3 82.1 271.0 120.2 0.7 14 21.5 23.8 199.2 225.0 1.0 14 339.5 92.7 367.5 142.5 0.9 14 281.7 63.9 340.8 165.9 1.0 14 164.8 65.5 190.7 94.8 1.0 14 375.4 83.8 409.0 127.6 0.9 14 179.5 52.4 245.4 248.8 0.7 1 11.7 108.9 57.3 177.4 0.7 14 21.0 11.6 273.3 333.8 0.9 14 461.3 75.6 499.7 125.6 0.9 14 1.0 81.1 17.3 160.7 0.8 14 20.8 10.3 200.8 333.7 0.8 14 278.9 77.7 302.1 133.0 0.6 14 284.5 63.2 366.2 182.4 1.0 14 283.7 63.4 361.4 239.5 0.6 14 380.8 61.8 478.2 243.8 0.6 1 269.5 138.4 379.1 266.8 0.9 14 352.1 81.4 372.6 132.6
001308,0.6 6 133.0 51.3 251.7 108.2 0.5 14 344.3 15.6 394.9 83.3 1.0 6 114.2 73.2 483.3 374.7 1.0 6 396.1 48.9 472.9 107.3 0.6 6 271.8 9.8 402.9 109.2
001313,0.0 0 0.0 0.0 10.0 10.0
001317,0.8 12 16.0 12.2 179.0 257.8
001318,0.7 5 34.1 204.5 160.4 272.7 0.9 5 206.3 180.5 370.3 253.0
001319,0.8 8 310.5 174.2 439.9 375.8 0.7 8 243.3 130.5 435.8 375.0 0.5 8 405.6 165.2 499.6 375.9 0.9 8 68.0 203.9 249.3 375.5 1.0 14 112.4 99.7 263.7 339.2 0.6 4 118.3 142.0 217.2 293.7
001320,1.0 14 234.8 54.4 305.9 210.6 1.0 12 168.7 92.4 408.4 293.5
001321,0.8 6 164.9 101.6 388.6 273.0 0.6 6 -0.1 117.9 197.0 249.5 0.7 6 0.9 99.2 388.0 276.4 0.8 6 0.1 100.9 451.4 284.5 0.8 6 371.3 130.5 453.0 280.0
001322,0.7 11 0.7 13.8 499.5 374.6
001328,0.0 0 0.0 0.0 10.0 10.0
001329,0.6 14 14.0 140.8 32.7 184.7 0.5 1 277.6 227.5 398.1 334.5 0.9 1 227.5 224.2 399.2 340.0
001331,0.9 6 446.8 126.2 499.9 226.3 0.9 6 75.6 31.3 407.0 306.8
001335,1.0 6 0.9 183.3 93.9 267.3 0.5 5 146.9 58.0 438.4 286.3
001336,1.0 1 71.7 129.7 332.2 320.7 1.0 14 121.6 30.0 294.6 250.5
001338,0.5 8 309.0 102.8 416.9 184.6 0.7 8 176.7 114.3 219.9 188.8 0.9 19 248.6 58.2 339.7 131.0 0.7 8 364.4 103.4 416.9 185.7 0.7 14 172.9 86.8 209.6 121.9
001339,0.5 11 51.2 2.5 457.6 306.4 0.5 11 47.3 1.9 502.1 317.5
001340,0.7 4 312.1 224.0 392.6 342.8 0.6 4 91.0 205.0 204.0 332.9 0.8 8 211.8 42.8 412.2 235.9 0.7 14 97.1 135.4 247.3 311.6 0.7 14 151.7 135.0 252.8 302.5 1.0 14 152.2 106.5 333.6 374.9 0.8 10 13.7 229.6 501.4 375.4 0.8 19 390.2 147.2 454.8 261.4
001342,0.7 3 172.8 77.0 216.4 101.0 0.7 14 337.2 169.7 474.8 313.8 0.7 3 201.6 17.7 267.7 156.1 0.8 3 337.2 71.7 383.0 83.7 0.7 3 197.2 74.1 268.8 154.5 0.8 3 197.2 133.3 268.9 154.2 0.5 10 153.8 266.9 499.8 333.1 1.0 14 312.0 169.5 487.1 323.8
001344,0.6 11 58.0 57.2 375.9 373.6
001347,0.6 14 0.6 63.8 445.4 373.6 1.0 14 113.4 61.4 456.1 374.3 0.6 10 1.4 170.2 500.0 377.0 0.8 14 203.9 60.1 452.2 342.1 1.0 4 247.6 261.5 276.4 334.7 0.8 14 203.9 60.2 487.0 356.5
001349,0.7 8 51.0 94.7 279.5 329.6 0.9 4 89.3 323.3 132.3 374.5
001351,0.6 8 147.7 131.5 249.0 239.9 1.0 14 397.5 84.8 499.9 374.1 0.8 8 330.7 175.5 500.0 375.9 0.6 8 180.0 283.7 269.3 375.1 0.9 14 45.3 138.7 144.9 286.1 0.6 8 203.6 160.8 266.1 257.3 1.0 14 45.4 139.1 144.9 348.7 1.0 14 128.3 173.0 249.0 372.2 0.5 8 334.1 181.2 420.3 359.2 0.6 14 397.2 85.4 499.8 266.4
001353,0.9 11 117.9 106.1 345.0 332.8 0.9 14 1.0 24.7 101.4 332.1 1.0 14 96.9 2.0 369.7 331.9
001354,0.6 4 220.5 218.8 244.7 263.3 1.0 4 336.4 266.0 373.3 361.3 0.6 8 409.6 204.8 464.6 283.4 0.9 4 96.9 203.1 123.1 276.3 0.5 4 9.5 221.0 45.8 285.7 0.9 8 366.3 171.2 429.4 247.4 0.9 14 179.0 29.0 265.3 230.7 1.0 14 113.6 43.7 186.7 221.0 1.0 14 2.9 43.0 155.8 240.5 0.9 10 2.0 211.8 479.6 361.2 1.0 14 192.5 64.4 376.5 261.7
001355,0.0 0 0.0 0.0 10.0 10.0
001356,0.8 6 0.4 53.3 102.2 196.4 0.8 14 459.8 52.4 496.8 134.9 1.0 6 24.1 56.1 499.3 294.6
001357,1.0 14 116.6 25.6 225.4 229.5 1.0 13 37.1 99.8 439.9 351.4
001358,1.0 6 343.0 3.9 419.1 39.0 0.5 14 190.4 150.7 278.6 250.0 1.0 14 0.9 41.6 23.5 180.4 0.5 6 2.3 1.8 390.4 280.4 1.0 14 48.5 89.4 152.3 291.8 0.6 6 3.8 42.8 390.9 279.5 0.9 14 113.7 46.5 147.4 89.2 1.0 14 185.4 152.3 280.5 282.0
001359,0.8 18 199.5 98.3 378.7 253.7 0.8 18 197.2 47.1 377.3 255.6
001363,1.0 14 248.1 102.0 300.8 184.1 0.9 19 183.3 22.9 492.8 318.0 1.0 14 303.1 105.9 363.2 187.9 0.5 19 0.5 52.6 164.1 283.7 0.9 14 375.2 103.1 418.0 167.9 0.9 14 366.6 103.1 417.3 183.7 0.6 14 214.2 100.0 308.4 191.4 0.8 19 0.4 26.4 178.3 294.3
001366,0.7 14 292.7 167.9 332.8 284.1 1.0 14 264.6 152.0 298.9 279.0 0.7 11 285.1 272.7 319.6 330.8 1.0 14 213.9 151.2 260.2 273.4 0.5 11 99.8 265.0 136.2 328.7 1.0 14 64.6 180.5 123.5 324.8 0.9 14 293.1 162.4 371.2 330.7 0.9 14 266.1 151.7 305.4 281.0
001367,0.7 8 1.4 258.9 166.8 375.2 0.6 19 28.5 106.3 66.1 200.9 0.7 8 -0.7 260.5 275.0 376.1 1.0 19 113.8 63.7 263.3 209.5 1.0 19 268.4 59.2 439.3 224.4
001368,0.8 8 312.7 263.7 375.0 412.0 1.0 14 99.5 32.8 291.7 303.9 0.5 10 0.7 297.2 375.0 500.0 0.6 14 99.6 32.7 295.0 376.3 0.8 4 180.8 299.5 246.1 387.8
001369,0.6 6 29.0 45.0 280.4 149.2 0.6 6 18.0 49.1 332.7 429.6 0.8 6 18.4 86.8 333.0 428.4
001370,0.6 1 199.5 218.3 306.8 460.2 0.8 14 197.4 55.7 333.1 440.4 1.0 1 50.5 219.1 190.2 498.5 1.0 14 22.4 46.3 216.9 297.2 0.7 14 23.4 48.5 330.5 409.2 0.9 1 51.3 205.3 311.2 500.0 0.9 14 198.4 54.0 332.7 414.4
001372,0.8 8 204.8 204.0 292.3 470.8 0.7 10 0.7 211.9 207.6 444.5 0.5 14 179.0 70.4 301.3 299.6 0.9 14 173.2 71.5 301.3 349.5 0.9 14 177.3 71.9 298.6 472.8
001373,1.0 0 14.3 65.6 493.9 209.8
001374,0.5 8 247.3 164.2 339.7 352.6 0.9 17 322.7 204.8 500.4 375.2
001376,0.8 6 10.8 231.0 39.6 248.3 1.0 14 199.5 187.1 308.4 375.0 1.0 6 381.0 242.8 428.6 272.6
001377,0.7 8 272.5 164.4 311.3 253.9
001379,1.0 6 31.9 32.1 477.5 335.2
001380,0.8 15 394.1 187.8 494.1 318.6 0.7 15 350.3 200.8 487.2 316.5
001381,0.5 7 104.5 61.8 482.4 331.7
001382,1.0 14 51.7 241.6 74.0 313.0 1.0 6 419.4 255.0 499.4 332.2 1.0 14 79.3 233.3 102.5 294.7 1.0 6 95.2 225.1 287.3 327.5 0.8 6 17.5 233.6 74.5 283.7 1.0 14 1.2 236.3 25.8 313.0 0.9 6 301.5 227.0 469.7 278.5 0.6 6 273.1 245.7 329.9 287.0 1.0 6 292.8 259.7 429.3 330.4
001389,0.8 7 221.9 162.2 459.4 341.8
001391,0.8 4 397.7 270.1 422.1 331.5 0.5 15 356.7 10.8 478.6 196.0 0.7 19 13.3 34.6 210.0 134.2 0.9 17 38.8 175.0 346.9 374.7 0.6 15 357.4 12.5 428.2 132.5
001392,0.6 19 110.0 31.7 158.1 72.8 0.9 7 39.9 60.3 495.5 337.8 0.7 19 9.1 73.5 69.8 184.2 0.7 19 386.4 40.2 499.8 178.8
001394,0.8 3 41.4 98.0 109.3 130.4 1.0 6 135.1 33.7 500.3 288.0
001396,1.0 14 228.6 200.9 261.9 283.5 1.0 14 283.3 198.2 315.4 297.4
001398,0.7 12 18.7 7.1 249.2 174.8
001399,0.7 2 180.7 190.7 241.0 245.6 0.7 2 121.2 206.6 181.5 303.3 0.9 2 120.8 206.2 181.2 249.2 0.8 2 178.1 190.5 268.9 284.8
001401,0.9 7 113.7 125.0 433.8 277.2
001403,1.0 1 48.2 171.5 117.9 227.5 1.0 14 374.0 131.4 417.4 268.2 0.6 1 365.6 185.1 483.4 266.5 1.0 14 316.4 136.1 348.1 261.2 1.0 14 99.6 130.6 132.3 228.0 0.9 1 140.5 174.7 206.8 234.5 1.0 14 184.5 127.4 235.3 278.3 1.0 14 226.5 116.3 267.1 243.8 1.0 14 67.2 139.3 99.4 227.6 0.9 1 401.5 190.1 481.4 266.2 0.6 1 49.7 170.1 167.7 228.9 1.0 14 323.5 136.6 377.8 275.9 0.9 1 232.6 167.8 325.4 247.7
001407,0.6 4 227.9 224.7 242.3 255.3 0.7 8 30.1 289.6 176.5 374.8 0.6 8 35.2 246.2 113.8 341.2 0.5 8 26.8 247.1 112.2 374.8 0.6 8 27.6 246.5 172.8 374.8 0.8 8 424.5 278.2 499.7 375.3 0.9 8 62.3 292.1 176.4 374.5 0.9 8 9.6 225.2 56.3 316.8 0.6 8 31.2 287.4 115.4 374.5 0.8 8 27.8 242.3 112.3 374.4 0.7 10 58.1 220.0 455.9 374.7
001410,0.6 3 283.8 9.1 326.8 24.1 0.7 3 187.3 48.2 345.8 257.3 0.8 3 26.7 1.1 93.4 98.3 0.8 3 433.7 17.1 488.9 62.1 0.6 3 153.6 4.8 187.8 77.3 0.7 3 184.6 47.3 390.6 257.4 0.6 3 30.5 71.4 95.3 94.3 0.8 3 362.7 46.2 424.9 79.8 0.6 3 300.7 64.1 354.8 88.2 0.5 3 299.0 69.0 357.8 92.8
001411,0.7 8 -0.2 114.0 179.3 267.3 0.7 14 177.3 139.4 257.9 223.1 1.0 14 4.0 88.9 153.1 231.2 1.0 14 165.2 15.7 500.2 332.3
001412,1.0 14 214.6 82.6 296.1 287.7 0.9 12 177.3 104.4 397.2 286.7
001415,0.9 2 360.1 258.3 413.9 302.9
001416,0.5 2 25.5 14.2 391.1 194.0 0.5 2 208.6 77.9 399.2 192.3
001417,0.9 12 104.1 76.5 370.9 367.9 1.0 14 182.2 42.9 305.4 208.2 0.7 12 99.7 75.9 462.1 375.0
001419,0.6 8 55.8 36.1 101.4 120.1 1.0 14 46.7 30.0 200.3 260.9 0.6 4 81.0 376.6 116.1 438.5 0.7 4 49.9 262.8 100.0 397.9 0.6 4 23.2 265.7 102.3 473.2 0.6 14 47.3 17.1 333.4 408.4 0.5 14 139.2 16.6 333.4 335.7 0.9 14 143.0 16.5 333.8 406.8
001422,1.0 6 74.0 95.4 454.0 271.8
001423,0.8 8 258.8 159.9 350.5 332.9 0.7 14 128.2 61.3 285.4 332.9 0.5 4 338.3 97.0 378.5 195.8 0.9 14 312.3 63.5 376.5 194.3 0.6 14 127.4 62.6 198.3 329.8 0.6 14 129.2 61.4 371.2 332.0 1.0 14 191.8 102.0 289.6 332.6
001424,1.0 14 143.7 340.1 171.4 416.8 0.9 14 186.3 360.7 201.6 407.6 1.0 14 211.0 368.8 226.8 405.4 0.8 14 0.8 320.1 19.4 427.8 0.6 5 262.5 317.4 317.5 400.6
001425,1.0 2 207.5 180.4 381.0 304.6
001428,0.7 6 154.2 72.2 293.4 131.0 0.7 7 152.8 189.4 439.7 352.9 1.0 6 253.5 144.5 397.1 224.4
001429,0.9 4 457.8 73.5 495.0 184.6 1.0 14 -0.4 55.4 404.7 371.7 1.0 4 423.4 95.9 468.1 226.2
001431,0.8 17 14.7 58.8 488.1 172.4 0.9 14 296.8 1.2 426.1 166.0 0.9 4 13.8 128.6 88.5 286.6 0.7 10 1.4 127.0 499.4 375.8 0.8 14 305.0 1.4 420.3 119.5
001433,1.0 0 14.7 86.3 483.3 263.7
001435,1.0 6 2.0 254.8 244.9 347.3 1.0 6 137.2 206.5 324.6 267.5 0.6 6 460.8 178.7 493.8 210.3 1.0 6 309.4 174.6 371.7 206.2 0.8 6 148.9 178.7 250.1 223.4 0.8 6 107.1 170.0 158.3 202.9 0.6 14 439.5 148.2 454.6 172.4 1.0 6 6.1 171.7 99.4 208.2 1.0 6 399.5 170.9 482.8 209.3 1.0 6 242.7 231.7 456.9 313.0 0.8 6 228.8 179.5 345.1 224.5 0.5 6 231.9 172.2 371.2 212.1
001437,0.9 15 0.9 57.9 155.3 276.2 1.0 14 140.6 43.0 403.9 322.5
001438,0.9 4 155.8 175.3 216.4 244.4 0.7 4 80.6 128.8 153.6 219.8 0.7 4 23.0 137.9 85.3 226.5 0.8 14 0.2 7.4 355.9 258.7 0.7 10 5.7 121.8 368.3 499.2 1.0 14 147.4 8.6 355.0 258.5
001440,0.9 2 45.7 72.9 398.9 288.2 0.8 2 279.0 72.2 399.9 280.9
001446,1.0 14 108.0 186.7 206.1 296.8 1.0 13 106.4 205.9 276.5 387.5
001447,1.0 14 163.2 36.1 319.1 274.8 1.0 13 142.2 119.2 410.6 317.4
001448,1.0 14 151.6 245.5 211.1 402.7 0.8 14 0.7 237.4 16.2 417.9 1.0 14 7.6 230.1 154.2 499.3 0.6 12 144.2 60.2 350.9 414.0
001449,0.5 4 81.5 86.5 141.2 169.2
001452,0.8 14 95.8 139.4 253.5 353.8 0.9 15 274.9 199.7 304.6 238.9 0.8 15 249.9 165.3 287.4 235.9 0.9 14 92.8 138.0 250.2 499.6 0.7 12 88.0 261.4 242.5 499.0
001454,0.7 14 235.7 168.3 300.2 310.3
001456,0.6 4 268.6 19.7 335.6 215.4 0.8 4 48.0 63.4 109.3 222.7 0.8 4 124.2 78.9 182.5 221.2 0.6 4 268.4 17.4 419.3 330.3 0.9 14 271.1 1.3 499.4 331.3
001458,1.0 17 109.7 120.7 389.0 300.2
001459,0.9 19 0.6 113.4 50.3 203.6 0.9 14 123.5 167.6 149.0 209.9 1.0 14 114.9 179.8 143.9 212.5 0.8 19 105.6 158.0 157.1 215.5 1.0 14 132.4 119.4 257.0 375.8 0.6 15 251.8 1.2 498.9 374.7 1.0 14 249.2 123.4 374.5 374.6
001461,0.9 19 189.7 6.7 301.5 122.6 1.0 17 139.2 175.3 410.2 374.1 0.8 8 10.0 211.6 78.2 365.1
001462,0.7 7 128.9 159.0 293.1 279.5 0.7 7 216.9 159.5 289.7 253.4
001469,0.5 14 109.1 104.4 193.6 463.6 1.0 15 290.5 266.3 374.6 384.6 0.9 15 272.1 331.6 327.3 392.3 1.0 14 107.6 103.4 196.6 264.8 0.5 15 270.5 296.5 327.9 393.7 0.9 15 188.7 308.6 273.0 432.0
001471,0.0 0 0.0 0.0 10.0 10.0
001473,1.0 14 59.6 103.0 210.4 500.1 0.9 14 43.4 226.5 65.9 250.9 1.0 14 183.0 87.2 330.7 499.6
001474,0.7 0 102.4 85.5 468.0 135.8 1.0 14 371.8 17.0 427.4 113.4 0.7 0 101.2 33.5 471.4 140.4
001476,0.8 6 290.8 100.2 342.7 126.8 0.9 13 115.0 111.9 182.6 143.9 1.0 14 460.3 108.1 485.9 160.5 1.0 14 30.9 97.5 47.8 140.1 0.9 14 199.9 53.9 295.4 177.5 0.9 6 328.7 102.2 403.2 132.2 0.6 13 71.5 114.0 109.6 142.9 1.0 14 71.2 98.5 89.5 131.6 1.0 14 200.0 54.9 314.1 246.7 0.6 13 73.7 112.1 115.0 142.9 0.9 13 299.3 112.1 342.2 144.2 1.0 13 220.2 139.4 319.8 272.0 0.8 14 62.6 99.5 77.2 131.1
001477,0.7 16 15.8 2.8 69.9 80.2 0.5 16 107.9 173.2 227.8 314.5 0.5 16 43.2 201.4 208.0 345.0
001478,0.9 4 42.3 220.0 122.9 315.1 0.9 15 238.1 124.8 425.1 307.6 0.5 19 98.4 147.2 225.6 305.2
001482,0.9 14 145.6 141.3 229.1 375.6 1.0 14 1.1 193.7 44.1 375.7 0.9 14 144.4 140.9 229.1 287.0 1.0 14 73.4 170.9 161.0 374.6 0.9 4 273.0 263.2 304.2 348.9 1.0 14 202.6 159.1 297.3 375.0 0.6 14 205.9 140.5 379.1 374.9 1.0 14 276.4 141.2 378.2 375.1
001487,0.8 3 224.4 115.9 278.0 149.6
001489,0.9 4 128.2 181.5 161.9 264.8 0.8 8 1.4 0.2 122.1 136.6 0.9 4 151.8 178.4 181.7 253.8 0.5 15 2.2 160.0 84.5 223.9 0.8 10 1.0 78.6 498.4 332.7 0.6 15 2.5 157.1 111.3 227.3 0.9 8 203.1 43.0 302.2 104.0 0.9 4 179.0 160.9 207.2 244.5 0.9 4 326.5 59.7 345.1 107.5
001491,1.0 6 443.9 108.1 499.9 261.5 1.0 6 0.4 95.1 197.1 231.0 1.0 6 95.3 97.0 434.0 264.5
001495,0.6 19 233.1 117.6 281.4 193.3 0.7 14 0.6 76.2 420.4 375.1 1.0 14 105.5 76.5 424.8 375.1
001496,0.8 1 72.9 175.2 200.1 304.3 0.8 14 177.4 0.8 285.5 144.4 0.5 1 159.6 45.1 346.5 260.6 1.0 14 385.9 37.9 493.3 198.8 1.0 1 360.4 105.8 495.7 234.9 0.6 1 212.2 121.4 346.3 259.9 1.0 14 91.3 107.6 209.3 290.6 0.8 1 158.3 47.3 274.3 160.0 0.9 14 179.7 1.1 288.2 96.3 0.6 1 71.8 120.6 344.4 304.2 1.0 14 228.4 53.9 351.2 224.4 0.9 1 74.2 123.0 343.4 304.9
001500,0.7 19 0.7 -0.2 121.2 175.2 1.0 19 199.3 47.9 339.5 172.2 0.9 19 56.0 131.1 161.8 280.9
001502,0.5 14 162.8 58.6 320.0 212.5 1.0 14 156.3 59.1 325.4 316.1 0.9 13 108.2 173.0 377.7 372.1
001503,1.0 14 291.7 155.7 338.9 217.4
001505,0.8 0 324.7 102.0 499.3 193.1
001506,0.5 14 37.4 117.3 151.7 374.4 1.0 14 371.3 105.1 477.1 332.5 1.0 14 38.7 116.5 128.3 322.6 1.0 14 186.5 67.6 285.7 359.1
001507,0.7 11 73.3 1.6 338.2 275.3
001508,0.6 12 116.0 266.2 315.5 499.4 0.7 12 114.8 236.1 375.5 497.6
001511,0.6 6 15.9 25.4 220.1 180.7 0.5 14 407.8 75.3 420.9 100.5 1.0 14 384.9 73.2 406.7 101.0 1.0 14 481.8 70.6 500.0 170.1 0.6 14 394.9 74.4 409.7 100.4 0.5 14 402.9 75.0 417.0 100.3 1.0 6 17.3 44.9 488.0 275.1 1.0 14 414.4 72.1 437.3 104.6
001513,0.9 19 54.2 228.7 172.2 353.7 0.9 19 346.2 121.8 459.2 203.2 0.6 19 48.7 228.2 172.5 373.5 0.7 19 206.7 226.0 281.1 307.7 0.9 8 311.9 228.3 466.7 375.3
001516,1.0 14 341.7 25.7 375.8 109.2 1.0 14 409.3 28.9 493.2 215.7 1.0 14 410.4 19.4 440.5 91.6 1.0 14 388.1 46.9 418.1 95.2 0.7 14 415.6 29.9 481.8 116.5 1.0 14 297.5 11.7 355.0 128.7 0.7 13 32.1 78.7 447.2 315.8 0.5 14 385.3 45.5 424.8 178.0 1.0 14 1.0 17.7 60.9 200.0 0.8 14 412.9 19.9 439.1 67.6 0.9 13 31.3 34.1 449.4 317.2 0.9 14 375.7 39.2 402.3 95.3
001518,0.5 19 78.8 55.9 133.7 127.6 0.7 19 9.4 56.1 134.2 138.2 0.8 8 137.5 206.9 280.5 308.2 0.8 8 254.0 194.8 367.6 278.4 0.6 19 427.8 55.6 481.0 127.4 0.8 19 123.5 59.6 171.5 127.9 0.5 8 75.0 154.2 184.9 246.4 0.6 19 0.9 55.8 36.6 147.3 0.6 8 42.7 153.5 134.1 223.7 0.5 8 135.2 187.2 278.3 309.6 0.8 17 140.6 191.2 368.0 308.1 0.8 19 313.1 51.4 371.1 189.0
001519,0.6 19 48.2 160.3 78.7 219.8 0.9 8 35.0 248.2 127.7 335.0 0.8 19 180.6 144.5 250.7 212.7 0.7 8 34.2 248.3 128.9 404.4 0.7 10 72.8 325.0 275.4 499.8
001520,0.8 7 0.8 115.5 454.3 375.0
001525,1.0 6 155.5 151.2 319.8 221.0
001527,0.8 3 95.9 132.2 172.2 160.3 0.8 3 226.7 137.3 281.9 164.6 0.9 3 320.8 136.3 435.6 167.4
001530,0.6 7 11.5 53.1 456.2 315.7 0.6 6 5.6 51.2 501.0 374.0
001533,0.8 14 1.0 232.3 29.7 373.6 0.7 14 349.9 184.8 500.4 375.2 1.0 14 104.4 132.2 193.2 293.4 0.7 8 182.0 176.8 259.2 333.9 1.0 14 292.1 60.4 363.7 311.4 0.9 14 257.5 185.0 500.0 375.0
001534,0.6 8 151.6 200.6 235.7 358.2 0.9 8 249.3 275.5 340.9 375.4 0.9 8 82.6 268.0 170.9 331.2 0.7 8 178.9 197.8 237.2 272.5 1.0 8 153.5 199.5 233.1 285.6 0.9 14 114.6 176.7 166.8 237.7 0.8 8 1.4 267.8 75.7 314.2 0.7 10 0.4 306.2 322.1 375.5 0.7 8 191.9 196.7 238.3 262.8
001535,1.0 6 228.2 141.8 403.7 229.9
001538,1.0 14 278.5 220.6 299.3 267.7 1.0 14 392.5 225.7 412.9 280.5 0.9 14 473.6 222.0 496.8 304.8 1.0 14 371.1 223.8 391.4 287.3 1.0 14 446.0 222.9 485.4 323.7 1.0 14 417.1 216.9 446.7 319.7 0.6 14 356.5 228.5 370.1 267.5 0.8 14 25.3 236.1 44.4 260.2 0.7 14 128.8 184.8 161.0 251.3 0.6 5 -0.9 -1.1 373.4 297.1
001540,0.6 17 -0.1 215.4 155.5 373.6 0.9 15 221.3 228.7 262.4 285.0 0.8 15 193.3 228.0 267.6 307.9 0.9 19 216.7 32.5 300.1 121.4
001542,0.9 7 7.2 99.4 433.4 304.5
001546,0.8 19 101.1 169.3 401.4 328.1
001547,1.0 0 55.8 105.7 463.3 211.4
001549,0.9 19 35.9 64.3 111.1 124.1 0.8 19 198.2 12.4 254.7 94.0 0.6 14 3.0 85.4 253.9 356.9 0.8 11 46.8 84.1 229.6 331.2
001550,0.8 6 418.5 104.2 500.3 162.5 0.9 6 6.0 57.5 502.4 340.2
001551,1.0 19 169.0 40.8 355.6 175.7 0.8 17 0.5 97.8 150.0 299.7 0.6 8 197.4 154.0 425.9 302.4 0.7 8 169.0 187.4 456.4 375.7
001552,0.9 6 -0.0 71.2 132.7 240.1 0.9 6 5.0 25.3 473.3 374.2 0.8 6 4.8 78.0 473.5 375.1
001558,0.9 14 327.4 20.1 499.7 318.4 0.7 4 282.4 106.3 377.2 331.8 1.0 14 4.7 56.8 281.7 335.8 0.8 14 1.5 19.7 499.6 329.4 0.6 4 173.5 121.9 286.5 335.5
001560,0.6 6 0.8 62.1 19.0 133.1 1.0 6 64.8 96.8 445.5 348.8
001562,0.9 11 174.8 48.5 321.0 351.3
001564,0.5 19 277.1 46.9 331.8 127.3 0.8 19 132.0 50.7 199.1 159.3 1.0 14 407.2 159.2 500.1 332.0 0.6 14 1.1 71.3 102.8 374.7 0.9 14 54.0 179.1 222.0 374.5 1.0 14 -0.2 72.2 211.3 376.2 1.0 14 269.2 71.7 398.7 306.8
001566,0.6 14 2.9 60.2 371.5 382.0 0.9 14 2.4 59.1 372.4 499.1 0.9 14 95.2 58.4 374.3 499.3
001567,0.0 0 0.0 0.0 10.0 10.0
001568,0.8 0 84.5 37.1 398.4 396.5
001569,0.9 4 4.4 277.1 43.0 395.3 0.8 4 235.9 358.9 268.9 463.4 0.9 4 66.2 308.8 114.1 410.7 0.9 6 264.7 130.1 344.5 169.6 1.0 14 92.9 41.8 297.3 336.2 0.9 4 203.4 354.8 236.6 433.4
001570,1.0 14 65.7 17.2 435.2 309.4
001572,0.6 14 242.4 98.7 262.9 115.8 0.9 14 213.5 93.8 243.7 167.6 0.6 6 389.9 114.6 499.7 258.9 0.9 14 213.9 93.3 236.5 117.2 0.9 6 0.7 119.5 146.8 203.5 0.7 14 428.8 101.6 446.8 117.3 1.0 6 12.4 106.9 429.1 344.6
001573,0.7 7 173.4 99.7 337.1 269.3
001574,0.8 14 20.6 146.8 210.4 500.0
001575,0.6 6 117.8 205.7 313.3 308.2 0.9 14 243.5 231.2 262.3 271.3 1.0 14 29.5 230.7 49.4 290.6 1.0 14 434.4 225.3 470.4 350.6 1.0 14 329.4 225.4 352.0 281.0 1.0 14 470.0 224.0 499.8 354.7 1.0 14 0.9 232.9 17.1 292.0 1.0 14 58.5 231.9 76.7 286.0 0.5 6 119.3 205.2 307.2 267.7 0.7 5 281.5 1.2 499.5 251.8
001578,0.9 18 27.9 99.4 442.5 287.9
001581,0.9 14 130.7 162.2 280.0 474.6 0.8 14 258.0 123.4 332.7 352.2 0.6 14 211.8 165.3 280.3 283.1 1.0 14 180.3 108.1 265.0 205.8 1.0 14 1.0 15.6 137.5 500.5 0.9 14 133.2 160.8 331.1 461.3 0.9 14 257.6 124.3 332.7 304.7 0.9 14 207.4 164.6 332.0 412.7
001583,0.9 14 422.5 175.1 472.2 215.8 1.0 14 69.7 36.5 234.7 367.8 1.0 14 313.7 43.3 415.2 281.9
001584,0.7 8 363.0 55.5 500.8 374.3
001585,0.5 8 61.3 180.9 169.6 366.1 0.8 8 4.8 183.5 172.8 370.3 1.0 14 196.9 112.6 326.3 357.9 0.7 8 298.3 174.6 425.9 341.4 0.5 8 7.1 184.6 95.3 330.2
001587,0.9 1 205.1 253.1 264.2 317.6
001589,0.0 0 0.0 0.0 10.0 10.0
001591,1.0 0 1.9 64.0 495.2 222.5
001592,0.8 7 0.6 21.9 238.5 248.4 0.9 7 223.5 23.1 493.5 242.0
001596,0.9 14 0.7 2.2 374.8 498.9
001599,0.8 8 167.7 151.3 244.9 234.9 0.9 8 248.5 147.5 326.1 230.3 0.8 8 166.8 152.2 257.6 264.2
001600,0.5 8 254.4 294.5 501.1 375.2 0.7 8 266.7 213.0 384.5 375.3 0.9 8 165.7 297.2 268.8 375.3 0.8 17 256.1 292.1 502.2 375.5
001601,0.9 11 98.9 66.4 431.2 373.7
001602,0.7 4 307.9 1.8 351.0 346.6 0.8 4 308.7 2.2 350.5 105.9 0.7 4 253.8 149.2 306.4 340.4 0.6 10 0.5 138.2 351.2 499.8
001605,0.9 6 311.2 233.6 339.6 252.9 0.8 6 263.7 233.3 292.9 250.2 1.0 6 203.4 234.3 233.9 256.2
001606,0.7 1 377.8 180.8 439.1 380.4 0.6 1 319.4 180.3 443.8 381.1 0.8 14 232.8 4.5 365.2 239.2 0.9 14 230.9 4.6 372.4 250.5 0.7 14 359.5 39.3 462.4 226.0 0.7 14 1.2 1.2 140.8 379.5 0.9 14 0.8 1.0 135.9 307.6 0.8 1 369.9 180.1 451.5 380.9 0.7 14 232.6 6.4 369.9 355.0 1.0 14 359.0 38.8 463.1 322.6 0.8 1 236.9 182.2 452.6 381.2 0.8 1 241.5 185.0 372.3 381.7 0.8 14 304.8 39.1 463.8 328.7
001609,0.9 4 157.3 68.6 193.9 134.3 0.5 8 26.0 106.6 142.0 215.3 0.9 10 0.8 115.4 375.1 499.2 0.6 8 150.6 68.3 263.3 120.3 0.8 8 183.2 70.1 264.9 123.1
001613,0.9 1 66.3 58.0 442.3 331.7
001615,0.9 14 291.9 137.7 338.1 207.3 0.9 14 291.9 137.8 338.3 263.7
001616,0.7 18 2.0 147.9 432.0 286.5
001619,0.6 6 182.4 1.7 500.6 158.5 0.7 13 -0.8 43.8 234.5 232.3 0.6 6 1.3 0.3 498.5 232.0 1.0 14 1.6 0.0 219.9 224.7
001620,0.6 14 122.0 131.4 255.6 331.4 0.9 1 9.4 235.2 208.7 451.2 1.0 14 51.1 199.4 157.3 424.3 1.0 1 9.2 233.0 323.5 446.2 1.0 14 122.5 131.2 256.2 410.4
001621,1.0 0 1.1 41.7 499.6 346.7
001623,0.9 6 0.4 190.3 55.8 250.2 0.9 6 24.5 125.3 332.5 421.5 0.6 6 24.7 124.9 332.4 449.1
001624,0.9 12 170.2 127.2 418.7 268.0 1.0 14 213.1 97.2 289.2 272.5
001625,1.0 14 214.5 126.6 245.9 202.8 1.0 14 255.1 128.8 301.0 202.2
001626,0.9 6 453.3 165.5 492.8 193.3
001629,1.0 14 230.5 64.4 500.7 374.9
001631,0.8 4 349.7 232.7 374.9 402.6 1.0 4 79.0 8.4 198.8 494.9 0.5 4 350.1 295.3 374.8 404.2
001634,0.6 0 16.4 110.3 458.7 359.9 0.5 0 17.9 118.3 468.8 355.4
001635,0.5 9 461.5 134.3 499.8 167.1 0.5 9 266.0 138.3 292.7 170.4 0.5 9 303.0 134.7 325.0 167.6
001637,0.9 2 143.5 65.8 226.7 104.5
001639,0.9 11 76.5 102.1 283.4 334.7 0.7 11 75.1 47.6 500.8 334.2
001641,0.0 0 0.0 0.0 10.0 10.0
001644,1.0 14 223.1 120.2 331.1 332.8 0.9 14 367.7 95.5 390.0 190.9 0.8 5 14.7 7.8 497.6 315.8 1.0 14 382.1 94.6 418.4 188.3 0.8 14 368.3 95.3 387.0 137.7
001645,0.0 0 0.0 0.0 10.0 10.0
001646,0.9 3 128.0 85.1 280.6 309.3 0.8 3 303.5 125.6 408.3 305.6
001648,0.6 15 391.5 35.0 499.8 313.0 0.9 15 63.6 255.4 186.0 365.8 0.7 15 0.8 107.6 33.2 204.1
001652,0.9 4 285.7 325.1 356.9 498.7 0.9 4 212.0 292.1 283.8 500.3 0.7 6 189.3 185.7 222.8 217.9 0.7 4 49.0 273.6 139.4 500.2 0.9 14 26.8 136.8 217.5 427.0 1.0 14 28.7 136.6 285.0 425.8
001655,0.8 7 66.0 1.9 500.5 374.0 0.7 7 191.6 1.6 500.9 374.2
001656,1.0 14 1.6 0.4 109.2 276.1
001657,0.7 14 1.8 39.7 340.8 374.9 0.9 14 0.5 40.1 404.1 374.8 0.9 8 315.4 73.8 435.7 278.8 0.5 8 286.6 73.4 436.9 318.2
001658,1.0 6 381.7 40.5 499.7 176.5 0.9 13 305.9 31.0 397.5 97.8 1.0 6 209.7 18.8 397.1 77.2 1.0 6 116.0 56.4 209.8 138.2 1.0 6 129.1 69.9 452.1 327.8
001659,0.7 6 49.8 107.5 297.5 334.5 0.9 6 39.0 105.7 316.8 352.4
001660,1.0 0 182.4 118.7 483.4 188.5
001663,0.8 7 40.6 53.6 489.2 373.5
001664,0.8 13 39.0 67.1 326.8 164.2 1.0 14 55.4 1.5 323.5 332.5 0.7 13 42.7 68.5 455.2 164.5
001665,0.6 15 346.6 262.4 500.5 375.8 1.0 15 372.5 207.9 411.5 267.3
001666,0.8 8 76.3 148.3 150.2 274.8 0.8 8 78.2 148.5 120.9 271.3 0.6 8 81.1 148.6 148.5 222.3 0.5 8 230.7 161.1 325.6 269.0 0.9 15 46.2 262.8 148.8 323.7 0.7 8 115.6 166.2 150.7 208.2 0.8 15 385.0 171.1 432.8 238.3
001667,1.0 14 249.2 115.4 299.4 182.3
001668,1.0 14 138.4 135.4 189.7 309.8 1.0 14 186.1 211.4 238.5 301.5 1.0 14 230.9 130.8 280.5 282.8 1.0 14 319.6 155.5 357.3 275.9 0.9 14 270.9 147.8 308.4 279.2 1.0 14 330.7 97.9 423.7 375.2
001670,0.5 8 293.5 36.1 374.9 167.2 0.8 10 1.3 147.2 374.9 500.1
001671,0.8 2 165.4 167.2 211.6 217.6 0.9 2 209.0 151.0 262.1 206.1
001672,0.9 18 27.9 150.6 430.3 247.8
001674,0.7 8 313.9 301.3 388.7 375.5 0.6 8 40.8 290.0 106.5 374.4 0.6 8 437.7 297.2 486.8 375.2 0.7 8 434.2 233.0 483.4 375.3 0.8 8 126.8 315.8 245.3 375.0 1.0 8 42.6 289.5 140.4 374.6 1.0 15 187.6 219.3 217.2 261.5 1.0 15 209.6 204.7 273.2 263.5 0.7 8 212.9 286.7 294.5 325.7 0.8 10 110.0 318.7 355.9 375.0
001679,0.9 13 3.3 235.9 391.3 499.5
001681,0.7 2 276.7 163.4 375.5 260.4 0.9 2 275.5 162.8 421.9 259.8 0.7 2 276.6 163.7 448.9 298.3
001687,0.0 0 0.0 0.0 10.0 10.0
001692,1.0 14 137.4 21.3 196.3 135.1 0.6 14 105.4 20.6 195.3 161.9 0.7 14 105.5 19.9 195.2 162.1 1.0 12 101.4 51.7 235.3 211.5
001694,0.8 7 106.3 22.1 463.1 289.8
001695,0.9 19 81.2 85.0 472.2 375.2
001696,0.9 19 266.7 135.1 318.6 190.5 1.0 14 123.8 167.3 205.9 330.7 0.7 8 421.3 141.5 486.0 250.7 1.0 14 316.7 7.4 444.8 330.6
001697,0.7 8 269.7 222.3 346.4 285.8
001698,0.6 3 39.9 17.0 447.8 235.5
001700,1.0 6 250.2 141.1 337.4 190.4
001701,0.6 4 35.0 0.6 142.1 124.8
001702,0.0 0 0.0 0.0 10.0 10.0
001703,0.5 14 243.0 19.0 365.0 92.2 0.6 14 244.7 18.9 391.1 127.8 0.8 14 245.1 18.3 478.3 119.6 0.5 13 2.3 26.5 476.2 303.2 0.6 14 219.4 18.8 478.8 225.3
001704,0.8 19 259.1 5.5 378.3 311.6 0.9 19 44.2 2.7 395.0 320.9
001705,0.8 6 2.9 110.5 499.3 366.0
001706,0.9 8 378.3 185.9 440.9 364.8 0.8 8 413.8 146.8 456.6 196.1 1.0 14 89.2 53.3 192.1 350.4 0.5 10 1.3 154.8 498.1 377.2 0.9 4 169.2 97.5 194.2 179.4 0.9 8 373.4 185.5 496.5 366.0 1.0 14 269.8 54.3 374.0 360.3
001709,0.9 14 364.3 132.5 422.0 291.9 0.5 14 1.4 1.8 187.3 280.7 0.7 14 37.5 2.4 184.6 139.2 0.6 13 0.4 1.9 403.0 331.9 1.0 14 364.1 131.4 419.5 247.6
001710,1.0 14 475.8 97.9 499.8 161.2 1.0 14 63.3 72.7 159.4 357.4 1.0 14 317.3 45.7 471.4 355.0
001712,0.7 4 254.6 157.2 363.4 376.7 0.6 14 106.1 41.5 259.4 375.7 0.9 14 222.5 68.4 330.7 268.9 0.6 14 101.0 40.1 322.2 296.6 0.9 15 1.5 217.8 75.5 275.3 1.0 14 100.7 40.1 303.3 375.3 0.9 14 100.5 40.0 333.3 375.1 0.6 14 222.6 68.3 334.6 374.3
001715,1.0 15 320.3 203.8 359.2 278.5 0.8 15 320.6 234.2 354.3 279.5 0.9 8 443.9 254.9 476.5 321.4 1.0 15 191.3 218.2 226.9 267.5
001716,0.7 9 256.0 170.6 318.8 229.7 0.6 16 453.1 190.0 497.1 216.4 0.6 9 123.2 147.9 170.0 199.1 0.5 9 109.8 107.2 168.9 163.1 0.6 9 163.1 164.2 207.3 227.5 0.6 9 261.8 148.5 317.4 229.1 0.6 9 210.9 175.2 253.0 236.3 0.6 16 381.5 163.8 410.3 193.7
001719,0.9 2 300.8 63.7 454.5 210.4 0.8 2 230.0 62.6 455.2 218.3 0.6 2 227.6 64.7 430.4 238.9 0.9 2 227.4 63.0 454.0 238.4
001720,0.7 14 5.5 141.7 140.3 270.6 1.0 14 219.8 137.2 308.2 212.6 1.0 14 120.2 135.0 202.3 238.1 1.0 14 297.6 139.3 372.6 229.0 1.0 4 105.5 215.0 131.7 294.9 1.0 14 7.8 141.5 180.6 373.4 0.8 14 5.1 141.0 143.9 373.0 0.9 10 12.8 204.6 346.1 375.2 0.5 8 6.1 245.7 138.9 373.5 0.8 4 166.0 212.7 190.3 278.7 0.5 14 221.0 138.2 311.3 373.1 0.5 14 304.7 147.6 422.4 335.3 1.0 14 269.4 146.6 487.0 373.4
001722,0.7 15 129.5 328.5 213.9 374.9 0.5 10 19.2 269.8 225.2 375.2 1.0 14 1.3 286.1 55.4 375.6 0.5 4 206.6 330.4 229.6 374.9 1.0 14 204.8 184.4 310.8 375.7 1.0 14 304.4 168.4 500.1 376.2
001728,1.0 14 139.6 110.1 294.1 374.2 0.5 19 351.1 0.1 500.0 94.3 1.0 14 1.2 118.1 168.0 367.2 0.9 17 1.7 124.4 500.2 374.3 1.0 14 275.9 103.8 499.2 375.0
001731,1.0 14 74.1 9.3 199.6 108.6 0.8 17 55.5 55.9 355.4 187.6 0.9 11 55.1 176.4 402.4 313.0
001735,0.7 19 348.2 169.5 500.4 376.7 0.8 4 437.0 1.3 500.5 374.4 0.6 4 436.6 0.6 499.7 220.9 0.6 8 91.9 78.4 223.4 323.4 1.0 14 168.8 53.1 370.0 374.9
001736,0.9 5 113.6 183.3 465.2 298.5
001737,0.8 13 8.8 25.5 479.9 313.5
001740,0.7 10 0.7 42.1 499.4 375.5 0.7 4 226.0 19.8 347.5 177.6 0.5 4 233.1 19.5 309.4 174.7 0.5 4 314.1 106.1 501.5 375.8
001742,0.6 8 214.8 255.1 294.8 468.8 0.6 8 239.2 250.5 359.9 468.5 1.0 19 54.7 174.5 144.1 254.5 1.0 8 134.8 253.0 258.3 475.3
001743,1.0 14 208.8 40.4 344.3 225.0 0.6 11 157.0 215.1 472.1 333.6
001744,0.9 13 155.3 36.5 351.5 145.3
001745,0.9 2 292.5 85.2 354.4 155.5 0.9 2 449.0 88.7 483.4 145.6 0.9 2 191.1 116.8 220.8 155.9 0.9 2 234.5 72.1 291.2 134.3 0.8 2 381.2 126.6 406.2 153.5 0.9 2 104.5 137.5 135.1 181.7 0.9 2 57.7 141.6 89.4 190.7
001748,0.7 1 111.5 126.3 221.2 246.7 1.0 1 141.1 128.8 220.2 246.0 1.0 14 136.4 23.7 231.2 179.5 0.7 1 93.6 61.4 231.7 160.9 0.7 11 263.3 214.9 468.9 305.5
001751,0.8 11 155.8 55.6 499.9 330.6
001753,0.6 18 -0.5 220.8 378.6 369.7
001757,1.0 14 108.2 116.2 180.2 254.8 0.5 14 109.6 120.5 284.5 374.7 1.0 14 205.2 293.0 373.8 499.3 1.0 14 11.2 104.0 95.1 187.5 1.0 14 156.4 214.3 283.5 417.4 0.6 14 138.1 121.6 246.9 325.5 0.6 14 134.4 123.6 227.5 325.8 0.7 14 105.0 120.1 232.9 315.7 0.6 19 291.4 1.7 374.5 138.2 0.6 10 0.7 181.0 375.0 501.1 0.6 14 143.3 210.5 282.3 387.1
001760,1.0 14 19.4 288.7 117.2 500.0 1.0 14 154.7 274.0 233.8 344.2 0.9 14 265.9 259.3 373.5 423.0 0.9 14 239.6 259.3 373.2 499.7 1.0 14 1.2 158.7 104.9 308.5 1.0 14 198.5 121.0 272.4 336.5 0.9 14 253.1 130.7 338.0 262.2 0.5 10 19.8 268.6 375.9 500.3 0.9 14 250.2 131.0 338.8 338.4 0.6 10 89.3 271.4 375.0 500.1 0.7 14 165.7 119.9 273.3 337.0 1.0 14 169.3 334.1 317.9 500.3
001762,0.9 7 136.7 71.8 374.4 276.3 0.7 8 1.3 1.8 497.6 373.7
001763,0.6 7 2.2 20.4 256.7 367.5 0.8 7 277.7 111.4 498.8 372.2
001764,0.6 16 467.7 102.3 499.8 147.4 0.5 16 171.3 101.6 218.3 143.8 0.6 16 103.6 95.2 145.2 130.8 0.6 16 0.9 109.4 15.5 142.0 0.5 16 279.2 103.4 345.3 144.8 0.6 16 217.7 104.7 279.5 146.4
001767,0.6 11 105.4 49.6 448.8 374.4 0.6 11 107.0 49.5 444.7 310.6
001769,0.9 14 165.5 27.4 283.5 207.3 0.6 14 51.8 27.6 286.5 340.2 0.7 12 265.3 119.5 474.1 373.9 0.8 14 261.6 37.4 428.3 245.8 0.6 12 69.5 98.1 472.2 374.3 1.0 14 256.7 36.9 428.3 374.8
001770,0.9 6 96.3 330.6 128.1 352.3 0.8 6 55.4 337.8 93.7 359.0
001773,0.0 0 0.0 0.0 10.0 10.0
001774,0.5 7 12.8 84.1 499.3 287.1
001776,0.6 6 -0.1 99.5 347.3 322.5 0.8 14 285.9 13.7 496.2 332.4 1.0 14 0.6 89.3 97.8 185.2 1.0 14 70.5 187.8 166.0 332.6 1.0 14 176.7 13.3 495.8 332.3 0.7 14 236.9 13.9 495.4 332.2
001779,0.8 14 234.1 99.6 252.9 122.0 1.0 14 204.0 88.4 232.5 121.9 0.9 14 140.8 26.2 166.1 100.5 0.7 19 314.8 13.7 363.6 72.4 0.9 17 37.6 173.0 393.0 374.3 0.7 19 207.3 18.7 255.1 81.3
001781,0.6 1 362.8 2.2 499.6 312.7 1.0 4 282.4 161.7 309.0 234.2 0.9 14 207.6 1.4 459.6 332.8 0.9 14 238.2 1.6 437.4 332.9
001783,1.0 0 86.9 190.4 253.7 261.4 0.5 0 450.5 210.0 500.1 261.8
001786,0.7 4 232.1 0.8 307.2 135.8 0.8 10 0.1 97.0 449.5 374.0 0.7 4 328.3 0.9 409.2 163.0
001788,0.9 18 101.7 39.9 466.8 312.1
001790,0.6 7 87.1 0.6 332.7 468.0 0.6 7 87.4 0.7 332.8 369.9
001791,0.6 14 30.6 1.6 373.3 410.0 0.9 14 0.2 2.7 371.8 498.6 0.8 14 28.7 2.6 372.3 498.7
001792,0.9 14 294.9 24.2 338.7 78.9 0.8 14 226.0 35.5 321.8 211.0 0.9 14 413.4 28.2 485.0 212.5 0.6 14 393.3 38.9 422.2 70.0 0.9 14 319.9 31.9 381.6 203.9 0.5 19 321.0 94.2 378.0 209.5 0.9 14 410.8 27.4 487.2 136.1 1.0 14 125.8 50.9 180.9 196.8 1.0 14 78.3 49.3 150.9 159.3 0.7 14 283.6 23.6 338.9 161.8 0.7 14 6.4 28.2 99.7 149.8 1.0 14 172.9 35.0 233.4 154.5 0.6 14 2.6 27.4 91.1 222.1 0.8 14 377.7 36.7 438.4 116.3 0.9 14 270.8 32.7 329.7 212.0 0.9 14 226.0 35.9 314.1 200.2 0.6 14 124.4 51.2 178.6 144.9 0.8 14 409.0 20.5 443.7 66.8 1.0 14 5.1 28.0 102.3 222.4 0.8 14 360.3 35.4 431.4 210.8 0.9 14 174.9 34.0 233.3 206.5 0.9 14 293.5 32.2 382.7 211.7 0.8 14 281.3 32.2 337.6 213.2 0.7 14 363.6 35.7 436.5 151.5 0.8 14 282.2 29.0 383.9 212.2 0.8 14 275.2 32.5 326.3 134.0 0.9 14 346.3 27.0 376.9 58.7 0.6 14 330.4 34.0 433.5 211.1
001794,0.8 12 47.6 70.8 142.0 298.6 0.9 14 175.7 98.7 209.6 130.9 0.9 12 47.1 69.9 141.4 318.4 0.9 14 35.8 23.1 132.8 236.4 0.7 14 46.7 22.4 131.5 243.9
001796,0.9 13 27.1 91.3 456.3 282.9
001798,0.5 13 0.9 1.7 498.1 302.3 0.8 13 25.1 72.2 439.9 303.3 0.7 13 22.1 57.6 483.0 303.3
001802,1.0 14 126.8 37.1 193.6 332.9 1.0 14 197.1 51.6 294.3 313.6
001803,0.0 0 0.0 0.0 10.0 10.0
001804,1.0 6 71.3 37.2 416.9 320.6
001805,0.8 8 261.2 94.0 383.6 148.5 1.0 14 32.4 41.2 155.5 218.5 0.9 10 1.2 124.4 451.2 332.5 1.0 14 329.3 10.6 499.3 331.3
001808,1.0 14 252.3 62.1 319.3 317.8 1.0 14 420.0 84.5 499.3 331.4 0.7 14 419.0 85.1 499.6 245.3 0.8 5 353.5 1.6 499.0 133.7 0.7 14 252.6 62.1 318.5 210.5 0.8 5 -1.5 0.1 300.9 163.6 1.0 14 0.8 77.8 52.7 307.5 1.0 14 363.9 64.2 440.2 216.1 0.9 14 368.6 66.4 449.4 245.8 0.5 14 359.2 66.7 401.7 131.6
001811,0.8 8 402.3 159.5 460.2 199.6
001812,1.0 14 238.5 125.4 322.6 288.7 0.8 10 45.3 247.3 499.8 449.2 1.0 15 267.7 241.7 364.2 354.2
001813,0.7 19 458.4 180.8 500.1 281.2 0.6 8 2.5 311.8 150.2 374.8 0.8 17 133.0 150.6 463.0 375.7
001814,0.6 10 0.6 68.2 499.1 375.4 0.8 8 250.5 56.0 497.5 197.5
001815,0.5 18 85.6 145.7 316.8 291.3
001817,0.7 10 1.2 259.8 331.5 500.2
001819,1.0 14 131.9 58.5 260.8 318.9 0.7 14 134.4 57.0 235.8 292.8 0.8 14 155.3 58.7 228.4 175.6 1.0 12 119.6 88.6 262.8 446.3
001820,1.0 6 93.9 70.7 436.2 323.8
001822,0.6 3 131.6 230.1 165.1 258.4
001823,0.8 14 92.1 74.8 193.5 266.7 1.0 12 105.0 123.8 205.0 353.1 0.7 14 92.6 75.2 224.0 267.4 0.7 14 93.9 73.8 196.9 345.0 0.7 14 92.9 74.1 223.2 344.2
001824,0.9 19 150.3 63.0 313.5 230.3
001826,0.6 17 170.3 198.4 345.8 329.8 0.9 8 388.5 156.4 483.8 307.4 0.8 19 446.0 116.6 499.9 170.2 0.9 8 169.8 199.6 343.1 334.3 0.6 19 319.8 196.7 364.1 233.3
001829,0.7 4 268.6 311.0 341.0 447.8 0.9 4 144.2 427.9 192.6 488.0 0.9 4 51.4 378.2 107.1 499.1
001831,0.8 14 138.7 100.5 254.2 372.9 0.5 14 184.2 99.4 261.8 374.7 0.9 14 304.2 70.7 402.1 236.5 0.9 14 50.1 107.5 198.5 261.8 0.7 14 78.2 101.4 257.5 374.1 0.8 14 304.2 70.1 459.9 234.6 0.7 14 182.6 100.7 260.3 301.3 1.0 14 77.3 107.3 206.5 374.1 0.6 8 12.6 152.4 225.4 370.7 0.6 14 147.7 101.3 330.9 374.8 0.9 17 2.1 125.5 423.3 332.6 0.6 14 105.8 100.4 254.3 373.8 0.5 14 304.0 71.9 472.2 271.5 1.0 14 205.0 103.2 326.6 374.8 0.9 14 306.2 70.3 499.2 355.2
001835,0.9 7 0.8 89.5 297.4 374.5
001838,1.0 6 35.6 41.4 472.2 327.3
001839,1.0 14 179.4 2.1 216.4 140.2 0.7 14 109.2 1.8 135.9 115.8 1.0 14 415.4 1.1 499.9 298.5 1.0 14 399.0 1.0 462.2 142.8 1.0 14 123.0 2.0 187.0 168.6 0.9 14 103.1 1.8 133.4 136.0 1.0 14 1.2 0.8 139.2 364.8 1.0 14 350.6 64.4 415.7 146.5 1.0 14 207.2 1.0 254.7 134.5 0.7 11 191.7 143.9 400.4 272.5 0.6 13 279.9 33.1 360.3 146.0
001844,0.9 5 133.0 112.5 286.7 206.9
001846,0.9 6 44.5 144.6 337.9 332.7
001848,0.9 0 49.9 88.9 415.9 194.5
001850,0.9 14 232.2 188.4 259.0 231.1 1.0 14 226.8 222.2 252.7 294.0 1.0 0 103.3 121.3 495.8 271.8 0.7 14 231.7 188.5 260.5 292.5 1.0 14 250.0 212.0 278.9 293.7
001851,0.5 7 0.2 81.2 319.6 500.2
001852,0.5 16 69.6 101.6 233.4 301.4
001856,0.8 14 93.7 193.9 111.6 220.7 0.7 14 148.8 191.6 171.4 219.5 0.9 14 91.9 193.4 115.7 272.6 0.7 8 214.3 171.0 255.7 256.9 1.0 14 111.6 187.6 169.9 276.1 0.7 8 90.7 216.2 144.4 364.8 0.5 14 107.0 189.0 172.4 317.5 0.5 8 200.6 172.8 256.7 382.3
001857,1.0 14 172.3 0.6 233.5 105.5 0.9 14 481.6 1.2 499.9 125.5 1.0 14 328.4 0.6 415.7 119.3 0.9 14 90.3 1.2 143.7 44.2 0.7 6 2.1 9.1 498.3 374.0 1.0 14 232.4 0.7 325.7 115.1 1.0 14 399.5 2.0 475.3 123.6
001859,0.5 1 5.4 1.4 500.6 374.5 0.9 1 11.6 10.5 499.3 375.2
001863,1.0 6 170.5 77.5 418.5 294.0
001865,0.6 12 1.5 35.3 343.6 498.0
001866,0.9 14 21.7 -0.5 144.0 244.5 0.7 7 97.8 81.2 372.8 277.9
001867,0.9 19 154.7 130.9 195.8 191.6
001868,0.6 8 0.7 229.7 132.1 367.5 0.5 15 247.1 187.2 281.1 217.8 0.9 19 341.9 94.1 444.2 182.7 0.7 8 1.0 205.8 135.1 364.5 0.9 8 220.0 205.4 280.3 327.3 1.0 17 254.4 192.8 490.1 353.0
001869,0.8 15 76.8 4.5 442.7 335.4
001871,0.9 14 134.1 76.6 184.9 187.5 1.0 14 220.7 88.2 274.8 191.0 1.0 19 89.8 28.4 346.3 240.0 0.6 17 144.4 283.7 375.6 499.3
001873,1.0 6 204.1 87.4 437.9 235.4
001874,0.7 7 14.7 76.5 237.3 500.4 0.6 4 0.8 23.4 120.9 477.0 0.7 4 162.6 36.8 360.1 416.0 0.5 4 161.9 37.5 362.2 444.6
001876,0.7 18 284.2 93.5 499.3 259.4
001879,0.8 8 38.2 277.1 275.7 446.0 1.0 19 137.1 87.4 236.3 233.2
001880,0.9 15 216.9 5.8 436.0 373.5
001883,1.0 14 430.8 172.3 484.2 227.1 1.0 14 17.2 20.6 91.3 216.8 1.0 6 90.7 44.5 438.9 286.4
001884,0.6 0 127.6 108.2 419.4 211.4 1.0 0 128.9 108.1 459.3 247.8
001885,0.8 0 1.5 54.9 405.2 188.4 1.0 0 1.1 51.4 500.2 188.1
001886,1.0 14 94.9 40.9 183.7 375.3
001889,0.9 13 214.1 104.4 316.7 329.7 0.9 13 356.9 135.8 426.0 263.3 0.6 13 321.8 132.8 432.3 265.0 1.0 14 325.5 95.9 369.5 213.8 0.7 14 305.7 121.5 354.9 281.5 0.8 13 50.4 138.3 128.8 286.1 0.9 13 43.2 114.2 144.1 288.3 1.0 14 125.0 79.3 177.9 242.5 0.9 14 320.4 97.6 367.1 278.5 1.0 14 353.7 89.8 439.8 248.6
001890,0.9 7 70.4 55.6 477.0 299.4
001891,1.0 14 409.6 0.5 467.2 201.3 1.0 14 0.7 1.7 36.4 201.8 1.0 6 71.2 23.9 428.9 373.7
001893,1.0 14 120.2 279.8 148.3 357.6 0.6 5 195.8 184.1 293.3 338.2 1.0 14 336.7 269.4 373.5 386.2 0.7 14 107.2 281.1 121.9 338.7 1.0 14 313.7 278.5 335.3 322.6 1.0 14 264.0 278.4 291.7 314.1 1.0 14 101.4 281.5 118.5 333.6 1.0 14 15.0 264.3 76.9 442.9 1.0 14 71.1 277.4 90.8 337.3 1.0 14 142.9 278.6 160.1 336.7 0.6 5 155.4 182.1 267.4 339.1 0.6 14 182.4 280.7 195.8 312.1 0.8 8 198.9 370.5 233.4 480.1 0.9 14 221.2 200.3 248.6 312.8
001895,0.8 3 275.7 201.2 358.7 231.1 0.9 3 42.4 203.8 107.4 260.9 0.8 3 235.4 200.5 358.2 233.7 0.8 3 358.1 206.8 455.1 243.5
001897,0.6 6 26.2 136.9 89.1 199.1 0.9 6 0.8 138.6 31.9 172.4 0.9 5 23.5 70.6 487.0 234.6
001900,0.8 12 85.6 58.5 374.8 499.0
001905,0.8 15 1.0 43.0 188.5 278.9 0.9 19 271.7 181.4 353.4 240.5 0.7 19 265.3 182.9 361.5 286.0 0.7 8 84.2 259.9 215.3 343.0 0.9 19 404.4 80.5 500.0 160.3 0.5 8 45.7 262.6 220.0 343.2 0.8 8 210.5 169.2 289.2 327.1
001908,1.0 6 111.7 46.1 343.4 257.3
001909,0.6 7 52.4 1.9 440.6 285.8 0.7 7 50.4 0.8 497.3 317.6 0.5 7 176.2 -0.2 495.5 320.0
001910,0.6 7 138.8 1.5 421.8 331.7
001912,0.7 0 8.4 43.3 352.0 225.7 1.0 0 7.2 42.7 491.2 227.8
001913,0.6 6 480.6 131.0 500.0 189.0 0.9 6 0.7 112.5 79.9 230.9 1.0 6 138.5 91.0 442.3 219.5
001914,0.6 4 176.4 158.5 217.6 208.0 0.6 8 1.2 329.2 85.5 481.3 0.8 14 1.1 51.6 130.1 235.1 0.5 14 89.3 28.9 286.8 282.1 0.9 14 90.9 27.9 287.5 379.7 0.7 4 99.4 433.3 159.3 499.5 1.0 14 1.1 52.7 160.4 488.9 1.0 14 89.8 28.8 287.5 466.5 0.8 11 204.6 214.3 345.9 479.9
001916,1.0 14 158.2 72.6 207.7 204.8 1.0 14 399.8 61.2 466.0 169.4 1.0 14 426.5 41.2 449.9 65.4 0.9 13 383.9 108.3 460.5 193.6 1.0 14 446.0 42.0 475.4 109.4 0.8 14 400.9 61.7 466.4 162.4 0.7 5 256.9 0.8 499.5 93.0 0.7 14 151.3 38.9 180.9 118.2 0.9 13 103.2 74.6 204.1 206.6 1.0 14 268.2 72.1 321.1 116.6 0.6 6 81.7 7.4 202.5 77.2 1.0 14 311.4 69.6 384.0 161.0 0.9 14 153.3 40.8 179.5 81.8 0.6 14 268.7 72.5 322.4 163.1 1.0 13 254.8 100.6 378.7 196.6
001917,0.8 9 342.4 176.6 416.0 216.1 0.7 9 191.2 169.2 266.9 203.8
001919,1.0 6 199.5 84.0 351.6 208.2
001921,0.8 14 120.0 249.8 142.0 297.5 0.7 14 0.9 284.0 38.6 439.3 0.5 14 160.9 280.5 375.5 499.8 0.9 14 49.8 283.6 114.5 338.1 1.0 14 52.5 244.3 72.5 294.5 0.9 14 9.8 243.5 36.0 285.1 0.8 14 0.8 283.6 36.8 424.4 1.0 14 99.9 248.6 123.3 293.0 0.9 14 38.4 284.9 130.6 449.5 0.9 14 77.4 246.6 96.9 284.0 1.0 14 152.1 116.0 325.9 495.1 0.8 14 152.2 115.1 326.4 408.6 0.8 14 31.0 245.0 50.2 291.6
001923,1.0 14 426.7 114.7 465.3 226.3 1.0 14 397.1 91.3 415.6 143.0 0.6 14 448.7 94.4 464.4 153.8 1.0 14 461.9 89.7 489.8 155.4 0.7 14 400.7 91.3 416.5 143.3 0.9 14 435.7 90.8 448.8 121.2 0.8 14 402.9 90.6 418.3 145.0 0.9 6 247.3 104.0 292.2 135.5 0.8 14 448.4 94.3 461.2 120.6 1.0 6 0.2 124.4 414.3 319.6 1.0 14 419.1 88.1 442.3 164.8 0.7 14 335.6 94.6 349.2 123.4
001924,0.9 6 383.6 99.9 499.6 256.2 1.0 6 91.5 102.9 442.2 268.4
001925,0.7 4 271.3 1.5 375.9 286.8 0.6 4 465.1 1.9 499.8 250.5 0.9 4 78.3 -0.5 169.3 212.5 1.0 4 176.4 -0.6 276.1 223.0 0.6 4 1.2 243.0 53.0 333.1 0.9 4 272.1 -0.7 370.3 230.3 0.6 4 192.6 220.5 245.4 332.7 0.9 4 367.0 -1.1 475.3 244.2
001926,0.6 12 126.4 80.3 236.3 303.4
001929,0.9 0 205.3 143.5 365.3 195.9
001935,0.8 18 45.4 116.5 500.8 214.9 1.0 6 366.8 180.7 445.1 212.8
001939,0.0 0 0.0 0.0 10.0 10.0
001942,0.9 14 168.6 11.0 192.8 34.5 0.9 6 87.1 21.2 462.5 305.8 0.9 14 348.5 0.4 383.9 72.9
001943,0.5 14 0.7 11.8 498.5 330.2
001946,0.7 14 162.2 66.0 395.3 373.9 1.0 14 166.4 64.4 496.4 374.5
001947,0.5 14 223.2 132.4 499.1 373.7 0.6 14 317.1 134.3 492.4 362.4 0.6 14 100.2 92.3 329.0 374.2 0.6 14 1.0 6.3 325.1 374.4 0.5 14 195.6 8.0 322.8 328.9 0.7 14 193.8 5.6 324.1 170.7 0.9 14 2.4 90.3 322.0 374.9 0.7 14 0.9 81.5 130.1 374.4 0.8 14 2.2 21.5 483.7 374.0 0.7 14 2.4 90.3 496.4 374.6
001949,0.6 8 138.3 253.2 229.8 422.1 0.9 8 279.5 305.3 375.0 500.5 0.7 4 296.5 271.4 309.9 310.4 0.9 8 51.8 267.8 152.2 499.1 0.6 8 71.9 341.0 151.9 498.8 0.7 10 36.0 273.8 365.2 499.5 0.9 8 137.0 319.3 318.4 500.1
001951,0.9 6 7.7 28.0 484.2 299.2
001953,0.8 14 472.6 172.0 499.5 213.1 1.0 14 350.2 158.7 406.2 212.2 0.9 14 346.3 168.4 369.8 208.8
001955,0.0 0 0.0 0.0 10.0 10.0
001956,1.0 6 177.8 114.2 487.1 278.0
001957,0.9 1 204.6 10.3 499.4 348.6 0.8 1 202.0 11.8 499.8 448.0
001959,0.9 2 164.3 64.0 462.8 294.3
001961,0.7 8 340.5 231.5 500.4 375.2 0.9 8 0.9 193.8 166.9 375.7 1.0 19 47.3 124.6 151.5 194.6
001965,0.5 6 0.3 38.4 199.1 306.3 0.9 6 6.1 14.3 483.6 408.1 0.7 6 8.1 70.6 476.4 407.8
001966,0.7 7 0.5 25.7 112.4 285.7 0.7 7 360.5 49.7 499.9 373.7
001967,0.5 2 130.1 80.8 229.4 261.9 0.7 2 48.8 81.3 220.8 261.1 0.9 2 129.7 80.7 222.6 223.2
001968,0.5 14 26.7 98.1 173.4 286.2 0.7 14 28.1 98.2 296.3 307.6
001969,1.0 14 145.8 132.4 259.9 332.4 0.6 14 203.3 104.8 223.8 134.4 1.0 14 86.6 116.2 137.0 279.1 1.0 14 16.7 101.3 48.7 216.4 0.5 8 199.2 170.7 276.1 299.9 0.8 14 16.3 99.5 50.3 276.3 0.5 8 62.9 172.2 110.7 285.5 1.0 14 42.8 112.8 115.5 289.3 0.5 8 328.9 134.3 412.2 302.6 0.9 14 185.3 133.5 259.4 332.7 0.7 8 191.2 136.8 270.8 287.9
001973,0.6 14 79.2 25.1 399.2 299.1
001974,1.0 14 382.3 166.3 453.5 234.7 0.6 9 294.4 176.8 386.6 242.1 1.0 14 100.2 178.0 127.9 258.0 1.0 14 253.9 168.2 289.7 244.3 0.9 14 128.5 178.8 156.5 218.6 0.8 0 45.9 134.4 389.7 247.0
001975,1.0 14 153.6 86.4 224.3 158.7 0.9 14 1.1 158.3 167.1 374.4 0.9 14 385.5 104.5 491.5 269.7 0.7 14 28.1 85.5 139.8 222.4 0.8 19 416.4 20.1 481.6 111.0 1.0 14 253.4 81.3 362.6 188.7 0.9 14 298.9 91.9 422.3 220.0 0.7 14 79.2 83.1 142.1 179.4 0.9 14 0.6 85.9 169.6 374.7 0.9 10 35.5 146.2 499.7 375.4 0.8 14 22.8 84.7 144.0 323.9 0.9 14 252.3 82.2 450.4 249.0 0.9 14 296.5 99.7 487.7 264.4
001979,0.6 4 189.3 322.1 228.3 428.2
001983,0.9 5 54.2 123.3 352.8 222.7
001984,0.0 0 0.0 0.0 10.0 10.0
001986,0.7 14 1.8 1.2 490.1 332.3 0.7 14 1.6 70.9 369.0 332.3 0.8 14 1.6 70.8 431.8 332.5 0.6 14 -0.1 1.3 419.5 332.4
001987,0.6 9 183.2 120.9 294.2 295.6
001988,1.0 14 66.4 63.9 272.2 395.2 0.9 1 14.5 145.6 332.4 493.3
001990,0.5 8 181.2 121.3 284.7 243.8 0.5 8 1.8 227.0 121.0 374.2 1.0 8 185.1 153.4 356.5 374.7 0.8 8 136.2 120.3 284.5 350.9 0.7 8 0.8 127.5 118.8 374.9 0.5 8 1.2 127.1 122.0 304.0 1.0 8 419.9 78.3 499.8 194.8
001991,1.0 6 0.7 95.5 368.0 306.7 1.0 6 331.0 76.8 499.7 202.0
001992,0.7 14 0.3 9.1 215.2 288.1 0.9 11 21.9 154.1 259.7 338.7 1.0 14 0.7 7.6 210.7 375.1 0.6 19 288.0 145.3 356.5 194.4
001993,0.7 14 106.5 290.5 239.0 493.9 0.9 19 129.7 40.5 261.1 209.7 0.8 14 106.3 290.7 238.4 419.9 0.5 14 52.7 289.8 331.1 498.5 0.6 17 1.5 302.6 354.9 500.9 0.8 14 107.9 289.1 340.5 495.0 0.9 14 194.8 331.9 343.9 500.0
001994,1.0 0 206.2 137.6 424.8 243.5
001996,1.0 0 15.7 66.4 471.5 239.3
001997,1.0 2 135.5 146.7 257.0 406.1
001998,0.9 13 52.7 140.1 315.4 287.4 1.0 14 275.0 63.0 397.4 272.9
002003,0.7 7 0.9 1.7 499.8 374.0
002005,0.6 16 253.1 153.0 290.0 171.5 0.6 9 89.0 97.1 258.8 316.5 0.7 9 350.0 131.0 484.2 213.6
002007,0.9 0 162.8 113.6 287.9 215.2
002008,1.0 1 74.9 193.5 150.7 316.7 0.8 14 82.4 206.9 125.8 285.0 1.0 14 74.6 140.2 141.2 272.9
002009,1.0 14 283.6 162.8 308.7 234.3 0.8 18 91.3 80.7 498.2 322.8
002010,0.5 14 7.1 14.7 494.6 326.7
002013,0.6 17 387.2 124.6 499.8 334.3 0.5 19 24.1 14.6 78.0 94.1 0.6 8 72.3 100.8 167.4 300.5 0.7 8 30.2 99.1 164.2 332.0 0.9 8 223.4 121.8 309.5 276.0 0.6 17 237.6 133.9 499.8 333.5
002014,1.0 0 136.0 149.3 188.0 199.4
002016,1.0 14 34.0 237.5 87.0 333.2
002017,0.7 12 149.0 109.7 414.9 239.0
002018,0.9 14 192.6 30.0 274.1 130.7 0.8 14 192.1 30.0 274.8 99.2 0.9 17 1.1 28.7 302.6 157.7 0.8 17 291.3 31.7 500.1 157.4
002026,0.5 4 324.9 127.8 345.7 164.7 1.0 14 141.6 139.3 389.1 320.4 0.9 17 1.6 129.3 367.1 374.8 0.9 4 402.5 294.1 428.1 366.0 0.7 17 392.2 120.3 499.9 221.4
002028,0.8 8 149.3 244.4 436.0 375.3 0.8 2 250.6 215.6 324.0 255.1 0.5 2 361.1 244.6 386.3 268.3
002029,0.8 0 1.1 54.8 329.8 441.6
002031,1.0 14 154.4 52.5 279.3 192.3 0.9 12 80.1 63.1 417.5 282.8 0.9 12 80.5 63.4 417.4 336.6
002032,0.6 19 117.3 89.5 167.3 217.4 0.8 19 213.5 1.0 314.5 99.4
002033,0.6 16 224.3 48.3 293.1 141.5 0.7 16 1.8 191.8 173.9 321.0 0.5 16 245.1 94.5 401.1 301.6
002035,0.5 15 16.5 1.1 95.8 105.7 0.7 15 17.7 0.9 125.8 145.2 0.8 15 20.0 2.1 90.3 127.2 0.9 8 281.5 57.2 397.0 229.2 0.5 15 137.1 41.7 184.3 105.3 0.9 15 89.3 115.3 124.6 157.7 0.6 15 48.0 49.8 94.2 130.0 0.6 15 89.3 46.3 139.0 155.6 0.9 15 51.8 87.3 86.4 130.8 0.9 17 179.1 137.2 500.5 375.1 0.9 15 271.0 56.2 386.2 172.0
002038,0.8 7 116.9 406.7 239.2 449.7
002040,1.0 14 316.0 10.3 343.1 56.6 1.0 14 460.1 0.5 499.5 108.1 1.0 14 61.5 17.5 97.3 121.8 0.8 14 378.6 14.2 398.5 45.0 1.0 14 411.7 11.3 440.2 104.0 0.9 6 361.6 29.7 468.4 100.3 1.0 6 77.2 42.3 431.9 321.4 0.7 6 359.8 33.2 499.3 111.4 1.0 14 171.4 17.7 200.1 51.1 1.0 14 380.6 14.3 399.7 40.0
002041,1.0 14 188.5 136.6 258.3 270.6 1.0 6 39.2 162.1 206.1 298.9
002044,0.6 11 204.4 141.1 325.1 248.7
002046,0.7 12 1.7 70.7 268.9 498.0 0.7 12 1.0 70.0 264.8 433.2 0.7 12 279.2 136.0 453.7 423.7
002048,0.9 7 103.1 115.3 394.8 244.8
002050,0.8 12 1.2 185.1 147.3 437.1 1.0 14 193.8 128.4 279.8 426.5
002052,1.0 0 40.2 19.2 483.5 233.9
002053,0.6 5 35.7 114.6 147.5 224.9
002057,0.8 0 0.7 55.2 499.4 313.1
002059,0.9 7 35.8 88.5 427.9 374.4
002060,1.0 14 203.6 153.0 298.8 332.0 0.9 1 216.2 234.6 286.8 375.5
002062,0.6 14 451.4 49.1 499.8 118.6 1.0 19 88.7 86.4 313.7 326.5
002065,1.0 14 81.7 30.7 391.1 251.7
002066,0.5 11 252.1 332.2 350.6 448.7
002071,1.0 14 204.1 74.8 253.0 206.9 0.9 12 150.4 123.6 317.1 278.3 0.8 12 276.6 139.0 374.3 249.3 1.0 14 74.3 114.2 134.4 201.6 0.8 12 153.7 139.0 285.1 277.2 0.9 12 81.5 133.8 125.0 236.2 1.0 14 275.0 102.5 316.1 205.0
002072,1.0 14 201.5 28.2 326.8 238.6 0.5 12 61.2 178.0 354.4 372.6 0.7 12 56.0 86.5 397.7 381.5
002073,0.0 0 0.0 0.0 10.0 10.0
002074,0.9 19 81.1 87.4 192.6 184.5 0.8 15 93.2 43.3 161.8 83.7 0.8 14 100.1 102.1 179.9 168.6 1.0 14 231.4 92.0 287.5 267.6 0.9 14 98.8 102.2 179.5 270.5 0.9 15 284.0 148.4 442.3 294.5 0.7 8 274.1 115.6 323.0 241.5 0.8 10 153.4 253.3 500.4 375.4
002075,0.0 0 0.0 0.0 10.0 10.0
002076,0.9 11 8.2 105.6 295.7 249.7 0.8 11 6.2 52.4 296.8 248.4
002077,1.0 14 1.7 55.1 363.7 500.0
002078,1.0 1 0.9 59.9 462.6 326.2 0.7 1 2.0 47.5 461.4 344.7
002079,0.9 14 207.6 35.1 329.7 374.3 1.0 14 209.1 37.3 329.1 369.7 1.0 14 317.7 78.2 430.8 375.1
002080,0.6 18 0.7 48.8 499.0 299.9
002081,0.5 8 1.2 179.6 86.9 281.3 0.9 19 212.2 143.0 337.8 248.5
002084,0.5 7 0.4 52.8 325.0 374.1 0.8 7 1.0 1.6 343.0 374.7
002085,0.0 0 0.0 0.0 10.0 10.0
002087,0.8 14 126.6 129.7 166.1 201.0 1.0 14 103.3 128.0 221.1 375.5 0.7 8 128.3 267.1 222.1 374.4 1.0 14 101.7 127.9 166.8 374.7 1.0 14 0.9 151.9 32.3 352.8 0.5 14 138.7 127.6 220.2 374.7 1.0 14 45.5 131.6 120.3 341.1 0.8 14 103.3 97.9 336.5 374.6 0.9 14 193.6 97.8 336.2 374.9
002089,1.0 0 157.0 139.4 312.3 182.1
002092,0.6 19 9.6 2.3 382.9 497.4
002093,0.8 4 329.0 42.0 367.9 171.1 0.9 19 137.9 11.1 327.7 234.0
002097,0.9 14 67.9 0.9 499.4 280.0 0.7 14 180.8 1.8 442.5 238.3 0.5 14 182.2 1.1 444.7 280.2 0.7 14 182.3 0.9 498.8 279.9
002100,1.0 8 232.0 234.7 265.4 283.2 1.0 8 103.0 235.2 144.6 287.0 1.0 8 168.1 235.1 205.8 282.0
002103,0.6 2 129.9 112.9 301.5 256.3 0.6 2 52.7 113.5 298.5 282.6 0.9 2 131.8 113.9 301.4 285.7
002105,0.9 14 237.1 97.8 360.3 246.0 0.9 13 170.9 113.1 404.2 266.5 0.9 14 273.7 97.3 359.0 200.8 0.8 14 274.8 99.1 354.5 244.0
002106,0.7 4 248.9 70.3 316.7 269.9 0.6 7 1.0 1.8 362.7 499.1
002107,0.6 0 412.8 240.1 447.5 255.4
002110,1.0 0 28.7 54.0 386.7 236.4 0.6 14 138.2 227.9 167.2 291.1 0.9 0 26.1 54.3 466.3 236.7
002111,0.9 14 388.8 154.4 412.1 190.9 0.5 14 174.1 158.6 210.1 225.7 0.5 14 174.0 153.7 212.3 290.7 1.0 14 336.0 136.0 386.0 256.0 1.0 14 221.7 113.0 280.6 285.5 0.5 17 155.3 214.7 500.1 373.5 1.0 14 314.4 144.6 351.4 245.0
002113,0.8 7 33.8 9.5 349.8 499.1
002115,0.6 9 193.8 105.1 283.9 254.2 0.7 16 344.4 75.9 373.8 111.9
002118,1.0 6 -0.8 107.3 460.9 231.7 0.7 6 -1.0 106.0 458.8 306.5 0.9 6 0.0 149.7 459.4 334.6
002119,0.7 14 83.1 15.2 156.5 257.8 1.0 14 1.0 116.7 44.1 270.1 0.6 14 85.8 42.7 149.2 137.5 1.0 14 31.7 2.4 159.3 373.1 0.8 4 120.9 106.8 144.5 144.6 1.0 14 163.7 64.3 254.0 334.7
002121,0.9 14 15.7 23.5 235.9 345.5 0.7 14 16.6 24.9 199.3 346.2 0.5 14 11.7 24.2 453.9 344.6
002122,0.6 8 2.8 115.2 39.5 206.3
002123,0.7 15 46.5 253.6 86.8 307.6 0.6 19 436.0 129.0 499.7 278.8 1.0 15 82.0 255.1 122.7 300.7 0.5 15 34.3 147.3 68.0 225.4 0.7 15 48.4 253.8 124.3 305.0 0.9 15 34.0 144.1 86.5 308.7 0.6 15 312.9 246.1 367.0 314.0
002127,0.7 4 92.1 149.8 200.1 347.6
002128,0.6 1 40.9 8.2 457.5 347.0
002130,0.8 1 64.3 86.3 382.1 298.9
002131,0.8 11 99.8 9.8 339.2 258.6 0.8 11 141.6 7.1 341.7 229.5
002133,0.6 11 186.1 131.9 319.3 242.1
002137,0.5 16 308.6 270.6 375.0 363.4 1.0 14 82.1 116.3 136.5 252.3
002138,0.7 7 0.6 30.3 338.2 313.4
002141,1.0 6 71.9 134.8 142.8 179.0 1.0 6 0.8 143.1 47.7 182.2 1.0 6 297.6 134.6 333.0 170.8 1.0 14 57.5 137.6 91.4 182.6 0.9 14 136.8 55.6 241.5 265.7 0.7 11 30.1 241.0 271.9 437.1 1.0 6 237.5 127.2 317.7 168.9 0.9 14 27.3 54.6 241.6 423.0 0.7 4 229.8 150.0 278.5 269.5 0.9 14 137.5 54.7 244.4 421.1
002143,1.0 6 93.4 34.9 450.9 273.3
002144,0.8 2 72.8 116.5 317.5 239.9 0.9 14 373.1 1.1 433.4 142.8
002147,0.8 7 51.5 17.2 500.0 327.6
002148,0.9 18 49.4 91.1 499.1 311.6
002149,1.0 6 91.4 166.3 452.6 278.2
002150,0.8 18 0.7 64.3 500.1 330.5 0.5 18 0.4 63.0 385.9 327.9
002154,0.7 6 123.1 88.7 210.8 142.4 0.9 14 36.2 69.3 56.8 97.5 0.7 6 331.8 111.2 427.4 169.2 1.0 6 443.8 94.1 484.6 127.6 0.8 6 0.4 91.8 205.8 201.3 0.5 6 142.3 87.3 212.6 111.0 0.6 6 0.8 92.1 161.3 200.2 0.9 6 387.8 96.1 461.8 141.2 0.7 14 144.3 72.3 165.3 90.5 0.9 6 324.8 96.0 459.0 146.5 0.9 14 42.1 63.5 84.3 96.2 0.6 6 0.8 95.3 37.5 125.3 1.0 6 41.1 98.3 361.2 292.1 1.0 6 321.3 105.1 428.4 169.3 0.9 6 1.0 92.4 142.4 198.9 0.5 14 332.7 83.4 357.2 111.0
002157,1.0 0 40.9 57.2 496.1 215.6
002159,0.8 14 115.6 88.0 357.0 374.4 0.7 14 120.4 3.4 354.8 357.5 0.7 14 22.3 2.0 356.4 374.2 0.9 14 21.2 2.2 427.2 374.1 0.9 8 7.3 70.3 89.7 208.4 0.7 14 117.7 56.3 428.0 374.4
002160,0.7 11 1.2 105.7 250.1 251.0 0.8 11 238.4 127.7 369.4 274.3
002161,1.0 8 205.5 226.5 247.7 301.6 1.0 8 149.7 233.1 210.6 311.6 0.7 19 95.4 86.3 242.0 309.1 0.9 15 1.0 184.0 46.2 347.1 0.6 19 281.2 97.6 342.3 275.0
002162,0.9 7 93.4 55.4 439.5 295.7
002164,0.8 19 221.5 15.2 280.0 60.0 0.7 14 155.3 31.4 467.4 345.6 1.0 14 233.9 31.6 465.3 345.8
002167,0.8 8 267.8 168.7 368.6 332.9 0.5 8 344.8 159.2 400.0 332.8 0.7 8 343.2 136.9 401.7 331.4 0.9 8 293.2 137.4 402.6 332.9 0.9 8 249.0 139.1 360.3 333.7 0.5 8 107.6 108.9 172.0 212.8 0.6 7 69.1 159.7 175.7 332.4 0.5 10 1.1 153.0 498.1 334.2
002168,0.9 1 371.6 223.0 431.8 300.2 0.9 14 325.6 181.7 357.2 284.9 0.8 1 296.1 224.0 350.8 306.3 0.9 1 220.9 220.9 282.5 309.8 1.0 14 458.6 178.0 499.6 308.4 0.9 1 151.5 216.1 213.6 279.6 0.8 14 326.9 182.5 357.7 271.1 1.0 14 220.3 176.1 274.7 303.2 1.0 14 166.7 186.3 191.7 248.2 0.9 1 110.4 219.0 184.3 324.2 1.0 14 112.9 173.9 160.1 310.2 0.6 1 431.2 182.1 499.9 311.4 1.0 14 297.2 180.2 348.8 288.3 1.0 14 366.6 179.8 404.5 293.6
002173,0.0 0 0.0 0.0 10.0 10.0
002175,0.5 18 29.0 114.4 498.9 221.9
002177,1.0 14 108.3 147.5 143.2 196.9 0.7 5 1.0 115.6 93.2 199.0 0.9 14 389.2 194.7 410.2 225.7 0.9 5 101.2 113.4 347.9 240.7 1.0 6 1.3 178.7 145.6 318.0 1.0 6 232.3 181.1 498.8 298.9
002185,1.0 14 273.0 19.0 301.5 56.2 0.7 13 168.9 122.5 500.6 330.9 0.5 14 202.9 18.4 252.9 70.7 0.6 13 1.3 62.6 62.8 108.0 0.9 14 118.3 23.8 295.6 233.5 0.6 13 37.8 10.7 499.8 331.0 0.6 14 409.8 24.2 479.4 116.8 0.8 14 119.1 83.5 269.4 232.5 0.6 13 290.3 16.4 500.1 133.6 0.7 14 338.5 17.7 481.1 199.8 0.9 6 299.9 16.7 415.0 73.6
002188,1.0 4 283.2 11.1 323.5 144.4 1.0 4 367.0 1.5 411.5 92.6 0.6 10 0.8 24.1 499.2 375.2 0.6 4 335.7 17.9 371.8 91.3
002189,0.9 14 22.0 67.0 149.0 171.8 0.5 14 80.8 52.4 368.5 287.6 1.0 14 79.9 51.3 378.8 318.5 0.9 14 102.6 70.4 149.0 116.5 0.9 14 80.2 52.2 380.4 316.3 0.8 10 69.7 235.8 501.9 375.5
002195,1.0 14 0.7 101.0 127.1 374.4 0.9 14 159.1 70.2 462.5 369.1 1.0 14 220.6 70.4 464.1 365.6
002198,0.7 0 73.5 104.6 467.3 353.5 0.9 0 119.1 105.2 429.5 179.8
002200,0.6 11 26.1 26.0 410.4 343.6
002203,0.9 14 14.2 64.2 422.4 337.0
002204,0.9 12 79.3 44.8 241.1 151.7 1.0 14 132.0 8.0 212.0 104.6 0.9 12 79.5 45.5 241.7 183.9
002205,0.6 7 0.8 0.1 499.6 357.6 0.5 7 86.1 0.3 499.2 355.9
002206,0.9 18 49.7 137.1 364.7 248.1
002207,0.5 11 11.5 112.5 442.5 463.9 1.0 14 4.3 31.2 456.3 498.7 0.7 11 112.2 112.9 440.0 437.9
002210,0.8 6 285.7 250.1 500.9 375.7 1.0 6 -0.4 126.5 363.2 376.1
002211,1.0 14 138.9 337.4 183.7 445.5 0.6 14 26.2 301.7 62.3 431.3 0.9 14 282.2 315.4 375.0 500.7 0.5 14 283.8 318.3 331.9 498.9 0.6 0 0.6 2.4 375.1 224.8 0.6 14 232.4 335.9 309.9 499.8 0.8 14 229.3 335.6 308.6 498.3 1.0 14 190.5 346.9 242.6 475.2 1.0 14 3.0 348.5 47.4 437.3 0.8 14 56.7 322.9 86.2 432.6 1.0 14 167.4 299.3 200.2 363.8 1.0 14 62.4 328.2 113.1 434.7 0.9 14 168.8 302.3 203.2 440.1 0.8 14 172.9 308.5 234.3 455.0 1.0 14 192.9 309.3 228.0 368.1 1.0 14 192.3 334.5 306.3 494.5
002216,0.5 6 65.5 105.8 401.1 322.2
002217,0.6 0 73.0 90.5 484.4 272.8 0.8 0 46.0 74.2 496.2 283.3
002222,0.7 7 15.8 19.4 319.3 336.3
002223,0.9 6 295.6 220.6 324.2 247.0 1.0 14 266.1 219.3 297.1 344.6 1.0 14 357.7 216.2 375.1 310.9 1.0 14 324.5 213.0 353.2 313.7 1.0 6 211.1 223.8 249.0 277.4 0.8 14 276.6 219.9 299.6 339.6 0.8 19 220.9 65.5 289.5 190.4
002225,0.7 3 81.4 244.3 243.1 349.3
002227,0.9 19 421.6 64.3 499.9 141.4 0.9 1 36.4 16.7 447.7 327.5
002229,1.0 14 390.0 188.8 425.0 279.5 0.9 5 34.2 96.4 430.8 307.5
002230,0.9 19 16.0 164.2 103.5 267.7 1.0 14 51.1 248.5 146.9 356.5 0.5 17 126.7 213.6 328.2 335.3 0.8 17 321.0 223.5 501.2 334.7
002231,0.6 4 278.2 148.6 430.3 376.1
002232,1.0 6 389.9 232.8 494.3 282.9 0.7 6 360.5 221.9 396.0 255.3 0.9 6 361.3 221.9 392.7 240.0
002235,0.8 4 451.8 111.1 476.0 154.0 1.0 14 102.0 112.6 306.6 332.9 1.0 14 0.9 97.8 172.9 333.1 0.5 14 116.6 113.9 285.1 332.6 0.7 14 231.8 153.3 314.0 329.9 1.0 14 281.0 115.7 417.9 318.8
002236,0.7 18 28.1 30.0 384.8 298.5
002239,0.9 1 358.7 178.2 419.9 304.9 1.0 14 118.2 60.1 188.4 247.5 0.9 1 300.8 178.3 340.8 265.1 1.0 14 11.1 75.6 53.0 139.2 0.7 1 118.3 143.3 184.4 275.3 1.0 14 294.0 131.6 341.6 252.8 1.0 14 349.0 81.2 423.9 279.8
002240,0.8 19 68.0 112.1 167.3 298.9 0.6 19 66.1 61.1 299.5 299.5 0.8 4 299.6 243.4 342.3 328.1
002242,0.9 14 205.2 122.2 270.5 328.1 1.0 6 415.1 135.2 499.7 193.9 1.0 6 -0.4 131.8 278.9 334.7 0.5 5 35.4 73.3 386.5 181.8 1.0 14 344.6 124.7 370.9 191.0 0.8 5 171.6 72.9 388.6 179.6 1.0 14 234.6 117.5 300.8 314.0
002243,0.8 7 54.4 48.2 465.0 373.5
002245,1.0 6 432.4 189.7 475.2 214.4 1.0 6 1.6 207.4 59.3 251.9 0.9 6 52.1 197.3 108.9 253.5 0.9 5 132.2 37.7 432.0 261.4 0.9 14 117.3 184.1 140.0 257.9
002246,0.7 0 0.4 78.8 333.2 467.1 0.8 14 59.6 211.2 80.4 268.6 0.6 14 17.6 211.4 37.4 247.8
002250,0.7 14 304.2 163.9 375.1 500.6 1.0 14 232.4 185.4 302.4 260.7 0.6 14 227.2 183.0 334.3 500.1 0.6 4 21.1 401.5 45.9 498.8 1.0 14 73.3 106.5 335.1 498.8 0.7 14 226.3 186.6 333.5 443.0 0.9 14 301.3 163.9 375.1 357.9 1.0 14 252.4 156.1 303.8 244.7
002252,0.7 14 26.2 5.9 201.5 344.3 0.9 19 337.6 118.4 499.0 279.3
002254,1.0 14 123.1 153.3 209.5 269.5 0.7 19 6.8 140.6 68.9 250.8 0.6 11 147.2 261.5 334.0 499.0 0.5 14 150.4 154.8 209.0 269.3
002258,0.9 19 192.4 76.5 361.3 231.2
002262,1.0 14 91.5 36.4 472.5 333.5 0.9 4 215.7 142.1 287.6 333.2
002264,1.0 8 211.3 222.6 278.6 360.9 0.9 8 153.5 222.3 208.1 313.8 0.6 19 253.0 87.3 294.5 236.7
002269,0.6 14 -0.3 22.3 191.0 495.6 0.8 14 1.0 61.4 189.8 491.1
002271,1.0 6 126.7 96.7 365.5 203.0
002274,0.7 3 11.5 279.5 56.2 366.6 0.9 3 66.7 75.5 269.8 400.7
002275,0.8 7 0.9 1.8 369.9 420.7
002282,0.9 4 215.1 69.7 236.4 119.9 0.9 19 151.3 202.1 257.6 303.6 0.7 19 16.6 192.3 126.6 328.9 0.9 19 351.9 164.8 419.2 250.9
002283,1.0 14 284.4 51.2 379.0 215.6 0.7 14 328.7 52.7 377.9 218.4 0.9 12 236.4 91.8 435.9 346.2
002286,0.6 11 218.3 118.2 465.4 323.6 0.6 11 16.3 27.8 220.8 194.4 0.6 11 15.8 26.5 326.7 323.9 0.6 11 13.3 27.2 467.6 324.1
002289,0.8 5 215.0 141.4 331.9 194.0
002292,1.0 1 82.8 223.6 307.7 374.1
002294,1.0 14 291.7 1.2 321.6 34.5 0.7 6 1.4 211.4 85.4 274.3 1.0 14 24.6 1.4 76.3 105.5 1.0 14 383.6 0.7 435.6 114.2 0.6 6 375.9 149.1 498.0 372.1 0.6 14 346.1 1.1 388.9 106.8 1.0 14 429.4 0.8 481.2 129.1 1.0 14 1.1 1.7 35.1 111.9 0.9 6 0.9 8.6 497.9 371.8 0.9 14 349.2 1.0 389.9 42.5
002295,0.9 14 81.9 1.3 421.0 332.5 0.9 14 84.1 1.0 499.9 332.1 0.7 10 83.7 109.7 499.6 333.2
002296,1.0 14 427.4 160.0 456.0 258.1
002297,1.0 15 267.5 90.9 306.0 132.8 0.8 8 369.8 156.9 500.3 376.4 0.9 8 186.3 116.3 228.7 219.9 0.7 8 1.4 254.9 66.7 375.4 0.6 10 0.2 143.2 491.4 375.8 0.9 17 289.3 81.8 499.6 202.9
002298,0.8 14 8.0 150.2 387.5 332.9 0.7 14 3.0 90.7 499.7 332.6
002299,0.5 7 -0.9 63.1 442.6 374.7
002301,0.7 8 1.3 215.9 61.6 374.2 0.9 8 3.1 223.0 154.9 375.4 1.0 14 161.6 59.8 234.4 146.8 0.9 14 125.0 69.7 162.7 105.5 0.6 8 1.9 214.5 117.6 374.7 0.8 14 376.4 90.3 498.7 374.2 1.0 14 20.1 85.8 65.7 155.3 0.6 8 8.9 254.6 155.0 374.4 0.9 14 412.1 92.8 499.7 271.3 1.0 14 367.9 64.5 437.6 182.2 1.0 14 252.8 67.7 318.5 155.6 0.6 14 121.9 67.7 214.5 157.2 1.0 14 59.2 99.6 230.1 375.1 0.7 14 1.4 87.9 122.8 374.3 0.9 10 143.8 138.1 498.8 375.6 1.0 14 1.5 88.0 111.3 291.7 0.9 8 377.9 231.3 499.7 375.4 1.0 14 386.7 121.5 446.1 202.3 1.0 14 329.3 65.3 380.1 168.5
002303,0.8 7 99.0 37.7 377.5 328.5
002304,0.7 19 414.0 128.2 461.9 190.0 0.9 7 16.9 49.5 498.9 330.3 0.5 19 406.1 123.0 469.4 217.2
002309,0.9 2 58.8 39.7 402.3 323.9
002312,0.7 6 0.6 16.8 499.2 374.3 0.6 7 1.7 9.9 499.6 218.5
002313,0.0 0 0.0 0.0 10.0 10.0
002314,0.9 14 55.7 266.4 294.2 498.6
002316,0.7 2 105.1 47.7 344.4 419.4 0.8 2 104.4 48.1 378.5 421.7
002317,0.9 6 268.5 97.5 499.7 280.6 1.0 14 153.2 159.0 204.3 368.7 1.0 14 156.5 193.0 230.3 374.3 1.0 14 0.9 123.6 21.1 275.0 1.0 14 26.5 122.6 72.6 270.7 0.9 5 129.0 0.7 498.9 282.3 1.0 14 216.9 170.5 276.7 372.5
002319,0.8 6 29.8 91.4 373.9 410.8
002322,0.9 8 8.4 375.7 126.3 499.7 0.8 19 205.7 222.1 260.1 269.3 0.7 8 240.4 333.9 342.8 500.5 0.6 8 42.3 325.5 123.2 499.2 0.6 8 12.8 324.5 118.8 499.7 0.9 10 7.9 354.7 290.7 500.9 0.6 8 156.2 277.0 266.2 499.7 0.9 8 279.7 333.0 344.9 499.5 0.6 8 147.0 327.0 245.3 500.5
002325,0.9 1 256.5 227.9 454.1 377.4 0.9 1 4.1 182.2 270.8 377.8 0.7 14 104.7 163.3 214.1 315.8 0.7 1 18.3 248.1 249.9 377.5 1.0 14 43.2 162.7 214.2 377.0 0.6 1 4.3 176.4 454.3 377.9 1.0 14 277.3 137.3 366.0 376.9 0.7 1 15.3 240.6 302.2 378.0
002326,0.6 16 180.4 135.9 221.8 185.2 0.6 16 284.7 104.0 317.8 134.0 0.5 16 295.9 129.6 342.9 175.9 0.5 16 376.2 116.4 413.5 153.9 1.0 14 362.4 176.3 399.4 273.6
002327,0.6 7 0.9 81.1 292.5 480.2 0.6 7 52.1 83.1 288.5 393.7
002331,0.6 6 164.3 56.6 288.6 99.6 0.8 6 2.1 48.5 65.8 88.2 0.9 12 136.1 84.7 264.3 333.3 1.0 14 113.0 11.3 311.6 265.9 1.0 6 0.7 49.6 53.1 107.1 0.9 6 290.8 54.9 367.7 103.7 1.0 6 67.2 48.1 130.1 99.3 0.6 12 138.6 85.1 465.0 333.7 0.5 6 162.8 56.2 196.0 84.1 1.0 6 214.0 55.7 290.4 98.9 0.9 12 134.0 83.8 299.3 332.6 1.0 14 222.9 54.7 479.6 332.5
002336,0.9 2 1.3 178.4 175.3 374.8 0.9 2 4.6 96.7 456.5 335.1 0.6 2 132.6 134.4 460.2 374.4
002338,0.6 16 462.5 88.1 499.6 112.0 0.6 16 178.0 114.8 255.5 192.5 0.7 16 206.3 98.2 259.2 193.0 0.7 16 241.6 114.2 362.4 206.5 0.6 16 429.9 87.9 453.2 108.7
002339,0.6 15 180.2 2.4 330.3 257.1 0.9 8 1.2 226.2 77.5 375.6 1.0 15 231.5 155.3 340.8 257.8
002341,0.5 14 98.2 164.3 129.2 203.0 0.8 11 143.8 166.9 257.1 250.4 0.6 14 87.9 163.4 129.5 221.4 1.0 14 25.0 2.8 161.7 249.5 0.8 14 25.8 2.3 126.6 249.2 0.5 14 23.5 1.8 260.5 248.9 1.0 14 166.5 9.1 276.0 250.0
002344,0.7 14 0.7 5.8 332.9 498.7 1.0 14 0.6 34.2 333.0 409.6 0.7 14 0.5 64.9 332.9 500.0
002346,1.0 6 97.6 50.1 399.1 277.7
002349,1.0 6 159.7 163.9 305.1 244.0
002351,0.9 18 1.4 120.5 500.0 276.6
002353,1.0 8 199.7 229.3 248.1 329.0 0.8 19 145.4 228.4 196.2 276.0 0.5 15 67.7 166.4 154.3 254.9 1.0 8 32.3 244.6 186.1 375.1 0.7 8 372.5 245.7 500.8 376.4 0.6 10 203.8 234.7 297.6 328.2 0.5 19 261.2 163.3 322.7 235.5
002356,0.8 19 221.6 147.7 291.9 213.3 1.0 19 1.3 46.9 155.9 202.7 0.8 19 381.3 149.7 500.3 298.8 0.6 19 320.2 153.3 500.3 315.1
002357,0.7 0 49.9 162.3 432.9 309.2 0.7 0 33.9 69.6 456.2 308.5 0.7 0 53.9 68.6 442.1 308.9
002358,0.7 6 330.9 200.6 380.2 219.2 1.0 6 240.0 207.0 288.8 227.0
002360,0.9 14 121.0 93.7 244.2 291.7 1.0 12 77.7 154.7 260.0 384.3 0.7 14 111.7 93.1 244.2 340.9 0.8 14 154.1 93.5 242.5 285.6
002363,1.0 14 188.0 179.5 225.6 324.5 1.0 14 103.9 180.4 146.4 344.4 1.0 14 14.3 188.3 55.9 344.7 1.0 14 232.6 179.3 274.8 322.9
002365,1.0 14 46.8 27.3 313.7 478.0
002370,0.5 5 205.8 124.2 359.4 254.1 1.0 6 390.2 188.7 433.9 209.1
002379,0.9 14 418.6 2.1 500.2 374.0 0.5 14 117.2 0.8 204.4 70.0 0.9 13 0.8 4.3 432.9 347.6
002380,0.0 0 0.0 0.0 10.0 10.0
002381,1.0 15 204.5 385.0 278.9 461.4
002383,0.9 6 0.9 210.3 27.7 249.8 0.9 5 93.4 34.6 337.9 264.8 1.0 6 339.9 177.2 378.8 206.5 0.9 6 381.1 175.4 405.4 197.7
002386,0.9 18 57.0 90.4 460.4 226.8 0.7 14 337.2 190.7 365.6 248.8
002388,0.8 7 135.0 1.0 498.3 324.5
002389,0.6 8 351.2 174.6 453.3 374.8 0.8 8 299.7 174.3 452.2 375.2 0.9 8 270.2 207.8 367.1 375.7 0.9 8 78.9 186.8 223.1 374.9 0.7 8 386.7 174.0 454.0 373.8 0.9 4 96.2 137.5 107.8 165.7 0.7 8 205.8 166.0 255.7 242.1 0.9 10 34.1 183.5 392.2 374.8 0.8 4 125.8 134.0 136.7 162.1 0.7 4 61.8 144.2 73.2 171.1
002390,0.7 3 161.6 223.0 362.0 266.6 0.5 3 85.3 224.7 158.9 268.9 0.9 3 156.2 29.6 373.6 269.8
002394,0.6 14 309.8 60.0 328.7 91.1 0.5 15 229.5 199.7 258.6 227.6 0.9 14 66.4 31.4 115.5 74.2 1.0 14 29.6 32.9 54.1 107.5 0.9 14 2.2 31.6 30.2 111.1 0.7 19 130.4 7.0 198.7 108.6 1.0 19 150.0 212.7 279.5 354.9 0.7 19 197.0 9.2 277.9 150.0
002395,0.5 0 79.4 4.0 487.3 290.0 0.7 0 78.0 0.9 489.7 372.1 0.5 0 78.7 2.6 486.0 283.4
002396,0.0 0 0.0 0.0 10.0 10.0
002397,0.9 1 149.6 274.7 183.5 388.1 1.0 14 139.7 201.2 200.4 340.6
002398,1.0 12 80.0 106.0 236.6 431.0 1.0 14 81.9 85.0 213.8 292.0
002399,0.7 4 100.9 210.0 123.0 276.5 0.8 14 79.5 45.4 390.7 262.2 0.9 14 80.5 45.6 393.5 373.2 0.8 17 4.5 42.8 481.7 378.8 0.7 4 415.0 257.7 493.8 379.4
002400,0.5 2 229.7 108.2 285.2 198.7 0.6 7 1.8 27.3 300.1 498.7
002402,0.9 14 295.9 5.8 319.0 53.3 1.0 14 116.2 12.8 148.8 71.2 1.0 6 401.9 2.4 499.4 75.7 1.0 14 245.9 15.3 275.2 57.2 1.0 6 56.2 52.5 462.9 238.5 0.9 14 151.7 14.6 177.4 68.3 1.0 14 330.9 1.5 353.6 52.3
002406,1.0 6 220.6 166.8 450.3 238.7
002408,0.5 14 82.7 46.6 485.2 331.4 0.5 14 191.6 46.5 485.8 330.7
002409,0.7 12 89.5 70.6 407.4 304.4 1.0 14 198.5 35.2 309.5 219.4 1.0 12 85.6 70.1 452.9 319.4 0.8 12 83.5 70.0 447.7 384.2
002412,0.9 2 185.1 183.3 303.7 262.8 1.0 4 71.5 1.0 160.5 374.8 0.6 2 187.6 199.5 249.3 258.5
002414,0.9 8 53.9 212.6 96.9 299.7 0.6 17 337.1 224.0 497.7 320.7
002416,1.0 6 168.9 144.9 488.9 325.2
002418,0.8 18 -0.2 154.9 261.1 211.0
002421,1.0 12 134.9 84.8 424.6 300.5 1.0 14 247.5 26.6 323.9 246.7
002422,0.9 15 35.5 7.7 282.5 489.6 0.6 15 34.2 9.6 285.6 392.2
002424,1.0 6 400.3 219.6 490.6 285.7 0.7 18 164.0 133.8 348.6 261.7
002426,0.7 19 239.6 41.4 311.6 112.3 0.6 19 345.8 84.6 417.7 194.3 0.7 14 7.1 34.9 253.9 238.5 0.7 17 2.4 33.5 486.4 374.1 0.7 14 4.8 34.0 488.4 285.1 1.0 14 95.3 32.3 484.4 285.1 0.7 17 1.0 47.0 479.0 375.9 0.9 14 98.2 35.1 262.3 235.4
002428,0.8 14 362.3 1.6 500.4 374.2 0.8 11 377.3 116.1 499.6 235.6 0.6 14 95.6 76.0 271.6 310.2 0.9 14 364.5 0.6 500.3 169.5 1.0 14 96.5 75.5 276.6 374.1
002429,0.6 4 331.4 134.9 372.6 255.8 0.6 4 118.5 50.2 240.6 341.7 0.6 4 361.4 125.3 447.7 285.7 1.0 14 0.9 37.7 278.5 342.4 0.8 14 0.3 51.0 451.3 356.7 0.7 4 340.6 179.8 369.5 254.2 0.6 14 190.5 52.4 455.4 355.8 0.9 14 272.4 54.2 454.5 356.4
002430,0.8 7 68.3 38.0 358.1 375.3
002431,0.9 2 178.6 149.6 319.9 233.5
002432,1.0 2 138.5 237.5 258.1 343.0
002434,0.6 4 447.0 1.0 496.2 126.1 0.9 14 105.7 24.0 392.8 332.7 0.9 14 107.0 22.7 498.9 332.1 0.5 4 317.4 30.1 398.0 325.5
002438,0.5 14 65.7 291.9 216.6 499.7 0.8 14 0.6 287.8 212.2 501.3 0.8 14 1.4 1.7 373.8 499.0 0.6 14 101.8 1.5 374.6 498.9
002440,0.8 7 57.7 52.7 290.8 500.3 0.7 7 57.9 50.0 375.5 500.1
002446,1.0 6 187.5 149.5 289.8 235.2 1.0 14 430.9 133.1 468.1 239.4 1.0 14 101.2 138.4 141.5 237.3 0.5 6 12.0 152.0 150.4 234.4 1.0 6 12.5 153.4 118.7 234.5 1.0 14 286.0 141.8 324.0 235.2 1.0 6 321.0 156.1 437.9 232.0
002447,0.7 11 21.3 58.7 498.5 262.8 0.7 11 109.1 57.9 499.1 263.1 0.7 11 109.6 57.7 499.5 262.1
002449,0.9 8 249.1 266.7 421.8 375.4 0.9 8 9.6 305.0 224.7 374.5 0.8 3 274.2 210.8 337.8 232.4
002451,0.5 15 6.0 259.4 163.5 374.7 0.8 15 179.7 255.8 307.3 375.3
002453,0.8 7 10.3 21.6 248.6 202.1 0.7 7 268.6 32.9 485.0 190.6
002455,0.5 19 248.5 6.5 306.4 82.5 0.8 19 180.3 15.3 242.5 92.1 1.0 14 197.6 136.2 288.1 282.5 1.0 14 77.0 132.3 223.1 270.6 1.0 14 288.7 110.3 424.2 270.0 0.7 19 229.3 207.7 343.9 292.4
002457,0.0 0 0.0 0.0 10.0 10.0
002463,0.7 8 280.2 210.2 332.7 416.7 0.9 8 255.4 210.5 332.4 440.3 0.8 14 1.3 25.4 125.8 466.0 1.0 14 157.0 111.5 229.6 312.0 1.0 14 1.5 25.0 195.2 460.6 0.9 14 159.6 112.4 232.2 456.3 1.0 14 175.8 147.9 301.8 457.4
002464,0.6 9 290.2 111.8 354.5 220.9
002467,1.0 0 16.4 144.5 458.3 260.1
002469,1.0 14 205.5 112.5 366.5 375.1 0.6 19 11.8 154.1 117.6 347.0 0.6 19 114.8 179.6 177.9 299.6
002473,1.0 1 7.3 10.6 492.9 325.3
002474,0.9 3 63.6 92.5 194.4 285.6 0.8 3 179.8 101.2 252.3 265.2
002475,0.8 14 257.0 128.6 274.7 160.0 1.0 1 83.8 198.9 155.0 279.1 1.0 1 312.3 228.8 364.2 313.9 0.9 1 81.1 197.7 140.8 278.4 1.0 14 309.3 172.1 365.0 305.8 1.0 14 155.3 151.8 208.8 282.2 1.0 1 153.7 204.1 221.6 292.8 0.6 14 119.3 133.8 155.4 275.2 1.0 14 188.4 137.4 230.2 287.4 1.0 14 119.0 134.0 155.7 268.4 1.0 14 77.5 140.2 130.4 261.5 1.0 14 233.8 143.0 300.7 297.9 1.0 14 341.9 147.8 392.9 310.1 1.0 1 233.1 215.4 281.8 301.5
002482,0.7 15 60.1 184.2 145.6 458.4 0.7 15 45.1 176.7 143.0 498.1 0.9 15 70.1 364.9 141.4 455.2
002484,1.0 6 202.9 252.9 278.8 286.1 0.9 6 114.4 253.9 140.3 272.5 1.0 6 295.6 252.3 374.2 289.9 1.0 6 83.4 253.8 119.6 272.9 1.0 6 139.5 254.3 175.9 275.3
002485,0.9 11 1.1 34.7 235.8 373.6 0.6 11 299.9 168.6 500.0 374.9
002486,0.8 14 28.2 121.6 52.1 165.1 0.6 16 4.1 135.5 54.5 172.9 0.6 16 109.0 104.1 167.8 132.4
002487,0.5 18 3.8 49.3 467.1 374.9
002488,0.6 14 34.2 75.1 285.9 364.2 0.9 14 32.6 75.2 284.6 498.9 0.9 13 9.5 108.3 373.5 499.8 0.8 14 113.9 74.4 287.1 367.5
002489,0.6 15 -0.4 183.5 144.3 289.4 0.7 17 -0.1 6.7 499.5 225.9 0.8 17 0.4 5.3 499.1 285.9
002495,0.8 13 3.6 23.8 453.8 356.1 0.5 13 1.4 136.1 454.8 357.5
002498,0.7 2 388.4 71.9 432.3 158.5 1.0 14 41.8 85.1 197.4 369.4 0.9 14 1.6 85.1 196.0 374.5 1.0 14 259.1 88.7 454.0 374.5
002499,0.5 4 223.3 156.4 252.1 232.5 0.6 14 252.3 1.0 500.8 332.0 0.8 10 1.6 56.4 498.8 333.5 1.0 14 254.3 0.1 500.0 256.5
002503,1.0 14 274.4 101.3 300.1 146.9 0.7 14 318.5 85.4 327.0 174.1 1.0 14 32.4 246.2 112.3 333.3 0.7 14 272.2 100.3 299.9 181.4 0.7 19 15.5 235.6 126.8 346.0 1.0 14 182.9 54.2 300.5 449.2
002506,0.6 8 78.1 91.7 291.1 477.3 0.6 8 0.4 -0.2 92.4 254.9 0.7 8 138.7 94.7 290.7 421.9 0.7 10 14.1 245.9 172.9 473.3 0.7 8 79.7 92.1 292.9 419.8
002507,0.9 13 -0.4 1.2 476.6 331.9
002509,0.6 14 2.4 1.4 324.6 498.7 0.7 14 28.4 0.6 325.8 428.6
002510,0.7 15 44.0 61.1 71.2 92.6 0.7 15 222.0 170.5 360.6 331.0 0.9 8 168.1 97.8 230.8 173.2 0.7 8 171.3 98.4 275.1 170.0 0.8 17 1.1 124.5 176.8 266.3 0.6 15 200.6 58.7 237.3 113.7 1.0 17 172.3 122.2 485.5 322.2
002511,0.9 14 183.6 82.5 292.8 293.9 0.8 14 111.9 83.6 293.3 315.3 0.9 12 96.6 117.2 390.0 329.2
002515,0.8 14 215.2 68.7 268.5 129.3 0.7 19 151.1 38.6 206.2 99.5 0.9 19 341.8 195.4 423.3 282.6 0.6 19 125.0 148.0 220.8 299.3 0.5 14 330.4 66.1 369.8 133.1 1.0 14 31.5 106.0 64.9 190.3 0.8 14 58.3 108.7 79.1 159.6 1.0 14 330.4 66.6 369.3 95.3
002516,1.0 14 275.6 34.0 319.2 98.1 0.9 14 189.9 158.3 371.8 372.9 1.0 14 349.7 223.0 483.5 375.4 0.9 19 240.7 7.9 338.8 145.4 0.6 14 146.8 156.3 185.8 199.9 1.0 14 27.5 84.2 307.5 375.3 0.7 14 27.4 83.2 370.1 374.9 0.8 14 217.3 159.3 358.6 373.5 1.0 14 323.2 137.5 448.8 367.6
002517,1.0 6 77.5 70.8 430.5 328.3
002521,0.8 18 10.5 56.6 493.2 252.0
002522,0.8 6 252.8 12.3 494.7 161.2 0.9 6 3.2 12.9 489.0 291.5
002526,1.0 6 87.8 110.7 383.2 231.8
002527,1.0 15 2.6 37.9 365.2 498.3
002528,1.0 14 263.8 44.1 447.2 307.4
002530,0.9 5 0.9 163.6 124.5 282.7 0.9 5 111.9 104.2 394.8 289.3
002531,0.6 14 331.4 46.9 356.5 86.7 0.6 14 375.7 45.9 399.9 86.9 0.9 6 402.2 46.3 499.9 167.5 0.5 6 0.5 72.6 125.2 209.7 0.5 6 0.2 71.1 126.5 266.2 1.0 6 11.5 84.4 489.8 353.3 1.0 14 350.3 46.0 384.1 86.2
002532,1.0 6 69.9 172.4 115.3 201.5 1.0 6 110.8 177.0 156.0 204.5 0.7 18 183.5 114.0 500.7 228.0
002535,0.5 11 7.6 44.0 416.3 264.9 0.7 11 1.7 19.4 500.0 263.9
002536,1.0 14 273.6 3.2 335.7 152.3 0.6 8 77.1 246.5 200.3 332.1 0.9 4 245.7 122.6 265.4 181.8
002538,0.6 14 206.6 44.2 285.8 150.0 0.6 8 184.4 183.1 306.6 326.6 0.9 4 201.3 224.8 230.9 326.4 0.7 14 204.6 43.3 283.1 245.2 0.7 8 78.6 283.9 146.1 344.8 0.5 8 220.1 251.2 305.2 295.5 1.0 14 109.1 1.6 279.8 306.2 0.7 10 94.1 262.9 502.6 345.8
002541,0.6 7 30.1 61.6 477.5 282.5
002543,0.9 6 241.5 254.3 301.2 312.4 0.9 6 155.7 253.9 249.4 331.3 1.0 6 0.3 255.9 252.2 333.0 0.7 6 256.0 245.9 465.2 332.7 0.9 6 258.5 232.0 500.4 332.8 0.8 6 246.0 254.5 300.9 284.8
002548,1.0 6 376.8 121.0 499.7 219.8 0.9 6 28.5 70.5 252.0 229.7 1.0 6 250.5 115.7 358.1 205.1
002550,1.0 14 31.0 46.4 333.2 499.6
002551,1.0 14 103.1 0.8 197.1 156.7 1.0 14 92.2 53.4 294.1 300.2 1.0 14 1.0 11.1 87.4 159.4 0.5 14 1.3 10.6 86.1 103.1 0.5 14 461.3 10.1 499.9 208.5 0.8 14 455.2 74.4 499.8 175.8 0.8 14 465.7 9.7 499.4 78.6 1.0 14 259.9 70.4 478.3 332.6
002552,0.8 17 142.5 312.4 327.5 498.1
002553,0.7 12 2.1 26.8 457.2 376.5
002556,0.9 6 1.0 0.0 499.1 298.3
002557,0.6 15 281.5 62.4 339.2 113.5 0.8 15 115.5 2.6 265.6 143.2 0.6 15 86.9 193.1 151.0 252.1 1.0 15 37.6 1.2 99.5 55.7 0.8 15 336.7 51.0 406.9 118.7 1.0 15 336.7 158.1 410.5 266.8 0.9 15 289.8 152.1 336.8 230.9 0.9 15 414.9 73.9 463.4 169.7 0.7 15 29.2 139.7 102.6 242.8 0.5 15 207.4 189.2 324.6 337.1 0.9 15 276.9 42.2 412.4 138.7 0.9 15 52.7 70.2 155.2 144.9 0.7 15 31.3 142.4 120.3 243.5 0.7 15 131.2 171.4 219.6 254.1 0.8 15 116.7 1.2 260.9 75.2 0.7 10 10.0 149.3 425.6 346.3 0.8 15 230.2 188.2 298.2 259.1
002560,0.0 0 0.0 0.0 10.0 10.0
002562,0.9 14 178.8 66.1 271.3 290.0 0.7 14 179.0 64.7 270.2 280.8 1.0 14 118.2 40.7 190.0 258.8 1.0 6 34.8 71.5 498.7 309.7
002568,0.6 14 255.6 1.1 297.8 71.7 0.5 13 0.7 7.7 167.0 147.9 0.5 14 203.1 1.0 239.2 68.6 0.5 14 161.3 1.0 198.5 73.3 0.9 13 84.3 39.3 397.9 329.8 0.7 13 81.8 30.9 458.0 331.4 0.5 13 82.3 32.2 460.5 331.4
002570,0.5 14 0.2 2.6 373.8 377.1 0.7 14 89.2 0.7 281.6 378.3 0.6 14 0.6 2.8 374.6 498.9 1.0 14 88.8 1.1 374.2 379.7 0.6 10 43.7 266.1 376.0 501.4
002573,0.8 12 187.6 151.0 267.0 272.2 0.5 12 367.9 152.8 499.7 259.1 0.8 14 87.1 127.5 111.0 190.3 1.0 14 85.8 127.5 133.1 196.9 1.0 14 422.8 117.4 472.8 226.9 0.9 12 118.7 149.8 264.0 272.9 1.0 14 162.5 117.0 204.3 224.5 1.0 14 366.5 121.7 401.8 180.2 0.6 12 60.8 153.4 184.1 272.5 0.6 12 256.1 136.8 316.7 177.4 0.5 12 116.4 155.0 178.8 271.7 1.0 14 269.6 124.3 292.5 170.7 0.6 12 312.9 150.0 498.4 260.3 1.0 14 323.5 119.5 349.4 168.6
002574,0.9 11 99.1 67.9 310.4 292.9
002575,0.6 14 187.8 138.0 327.1 358.5 0.9 4 438.4 306.8 460.5 371.5 0.9 4 418.5 281.5 436.9 350.0 0.5 15 362.5 321.5 429.0 380.0 0.7 14 249.6 140.5 323.1 281.2 0.7 10 84.7 248.8 329.1 362.6 1.0 14 182.3 136.9 257.7 352.4 0.7 14 183.1 136.1 258.0 349.9 0.5 15 250.2 251.0 304.8 306.5 1.0 8 12.8 243.8 76.1 355.8 1.0 14 247.5 144.3 325.8 362.3 0.6 15 251.6 256.4 299.5 301.5 0.9 4 316.5 311.0 358.5 380.0 1.0 14 282.7 123.3 422.0 323.6
002576,0.6 12 153.8 108.4 454.3 316.0
002577,1.0 6 33.3 56.0 475.5 308.5
002580,0.0 0 0.0 0.0 10.0 10.0
002581,0.6 17 442.1 182.5 500.3 376.4
002582,1.0 14 320.3 273.8 342.9 350.6 1.0 14 352.8 272.5 375.0 368.5 1.0 14 325.5 274.5 348.1 360.4 1.0 14 131.2 338.6 170.6 440.7 0.9 14 26.6 284.6 40.8 315.3 1.0 14 43.4 324.2 87.8 453.8 0.8 18 76.3 60.4 371.5 404.7 0.9 14 334.0 275.7 356.6 361.7 0.5 14 42.2 280.6 54.6 311.1
002583,1.0 6 63.0 261.4 392.0 375.0 0.5 6 83.3 82.5 459.8 250.7
002587,0.5 9 101.9 81.6 339.9 267.8
002588,0.9 14 8.0 46.9 384.3 375.0 0.6 14 1.6 49.1 469.6 374.0 1.0 14 0.7 94.6 243.5 375.7 0.6 14 210.6 47.1 473.7 374.2
002591,0.9 14 192.1 0.6 274.8 103.4 0.8 14 179.3 16.5 329.5 209.2 0.7 14 11.3 54.6 176.4 309.9 0.9 14 11.2 53.5 134.3 295.1 1.0 14 175.4 15.2 347.1 292.3 1.0 14 255.1 49.8 481.4 360.6
002592,0.7 14 32.2 19.0 214.6 163.8 0.8 13 28.7 2.6 419.7 331.6 0.9 13 28.1 33.9 422.1 333.2
002596,0.6 12 48.8 211.6 296.5 432.5 1.0 14 133.9 152.8 202.0 332.2 0.9 12 48.1 149.5 304.1 432.7 0.6 14 135.1 152.6 234.6 326.8 0.9 12 114.3 150.2 304.2 422.1 1.0 14 195.2 122.6 239.6 255.3
002597,0.9 11 46.0 23.4 386.6 232.6
002601,1.0 19 1.0 79.4 127.9 277.6 0.9 19 111.7 15.0 179.7 69.7 0.9 19 147.0 66.8 200.1 198.3 0.7 17 119.0 150.9 499.8 375.1
002602,0.6 6 151.2 0.1 501.6 53.8 0.8 6 150.0 0.2 432.8 57.5 1.0 14 172.0 33.8 342.0 268.2 0.6 14 173.6 30.0 404.0 287.3
002604,1.0 14 19.2 63.8 198.8 326.1 1.0 14 221.5 103.1 417.5 300.8
002607,0.0 0 0.0 0.0 10.0 10.0
002608,0.9 19 274.1 179.2 438.0 332.4
002610,0.9 8 222.7 309.5 361.7 375.5 0.9 8 79.0 318.0 238.0 374.8 0.6 8 22.2 316.6 131.7 374.7 0.8 6 1.3 238.8 116.5 328.9
002612,0.9 13 0.0 1.2 454.8 374.0
002614,0.6 4 255.7 209.1 272.8 255.8 0.8 14 371.5 92.0 446.9 169.9 1.0 14 345.4 148.5 424.8 282.4 0.8 4 307.1 216.1 326.1 273.6 0.9 4 306.8 216.7 327.4 290.6 0.6 14 143.0 171.3 210.5 315.8 0.6 14 2.1 181.3 132.9 332.7 1.0 14 143.0 171.3 203.8 256.1 1.0 14 69.3 180.9 169.6 332.1 0.9 14 80.6 166.7 126.2 223.5 1.0 14 2.1 179.6 189.0 333.4 0.6 10 62.4 210.2 465.8 332.8 0.9 4 308.2 229.5 328.1 284.4 0.7 14 311.2 153.0 370.2 288.8 0.6 14 65.9 166.0 126.6 285.0 1.0 14 403.0 154.1 499.3 332.9 0.9 10 142.5 220.8 470.6 333.1 0.9 4 271.9 232.1 291.2 276.4 1.0 14 268.0 149.6 323.9 226.9 0.9 14 370.3 92.5 499.7 238.3 0.7 4 292.6 217.3 311.5 278.8 0.6 14 335.4 150.6 482.2 332.3 1.0 14 310.8 150.6 366.9 240.9
002616,0.9 7 16.7 18.3 379.0 240.9
002617,0.7 8 27.4 261.5 177.1 374.9 0.7 8 12.1 132.0 149.5 269.2 0.9 8 46.0 136.2 151.3 267.9 0.6 8 43.9 137.2 179.5 259.3 0.7 8 10.1 128.2 170.0 375.6 0.7 8 269.5 82.9 373.6 288.1
002619,0.6 19 24.7 61.8 113.4 178.6 0.8 4 55.7 179.7 139.1 277.1
002620,0.7 7 41.2 223.8 328.7 407.0 0.6 7 42.0 233.6 221.2 415.8 0.5 4 18.7 169.9 64.1 350.1 1.0 14 158.9 24.3 333.5 498.5
002622,1.0 6 8.9 310.3 75.6 333.0 1.0 6 256.7 296.6 304.8 332.5 0.9 6 186.2 304.3 226.5 333.4 1.0 6 147.8 308.6 190.2 333.0 1.0 6 220.4 300.7 262.6 333.3 0.9 6 184.7 304.1 225.7 332.8
002623,0.6 11 2.4 1.6 461.1 374.3
002624,0.9 19 85.7 38.8 328.0 245.3 1.0 14 110.2 140.1 285.0 375.3 1.0 14 253.7 152.1 359.6 255.3 0.9 14 252.4 151.9 359.7 375.2 0.9 10 223.6 238.3 500.2 375.1
002626,0.7 1 264.1 371.0 329.9 499.4 1.0 14 270.2 250.4 374.8 500.3 0.6 1 259.1 370.7 330.2 446.6 0.6 1 249.3 345.3 330.2 453.2 1.0 14 242.8 292.3 280.5 384.1 1.0 14 92.9 275.2 131.8 375.9 0.7 14 303.3 249.8 374.9 501.0 0.5 14 3.3 281.8 30.5 412.6 0.9 1 189.2 329.6 220.4 403.1 1.0 14 0.9 286.7 27.7 420.3 1.0 14 28.7 285.6 66.1 422.4 0.8 14 261.4 284.8 310.7 421.6 0.8 14 137.5 301.3 154.6 343.8 0.6 1 283.2 375.3 374.8 500.5 1.0 14 176.0 272.8 224.9 402.3 0.9 14 263.7 285.0 312.9 397.6
002628,0.9 3 59.5 171.1 122.2 266.1 0.9 3 170.3 62.3 348.5 304.5
002629,0.9 2 186.9 183.7 330.6 298.7
002630,0.5 2 132.1 41.7 262.4 322.3 0.5 2 67.3 38.9 186.3 132.0 0.8 2 321.1 74.7 483.6 334.1
002631,0.5 14 16.8 85.0 277.5 310.0 0.8 14 96.4 79.7 256.2 279.8 0.9 14 16.2 132.1 185.0 426.2 0.8 14 17.5 86.5 280.0 425.9 0.9 13 15.5 136.8 332.7 429.4 0.6 14 95.2 81.5 280.6 309.0 0.5 14 95.6 80.8 279.6 383.0
002638,0.9 19 146.4 74.2 214.5 154.6 1.0 19 85.1 73.0 132.8 102.4 0.9 19 65.3 110.1 136.0 251.6 0.8 19 283.7 99.4 327.4 169.9 0.9 19 219.5 75.0 287.0 138.1 0.5 19 102.0 219.8 169.4 373.8 1.0 8 212.5 175.2 340.0 375.4
002639,0.5 8 225.2 213.9 263.5 302.1 1.0 14 186.1 156.5 246.3 302.7 1.0 14 344.3 157.8 402.3 281.6 0.8 14 42.7 147.3 73.9 181.3 0.9 14 344.1 158.2 401.9 319.5 1.0 14 241.3 148.5 308.3 301.7
002640,0.9 1 58.8 0.8 497.7 371.7
002642,0.7 7 60.0 131.1 207.4 407.9
002644,0.7 8 195.7 198.0 264.5 355.9 0.5 19 200.6 196.3 267.8 283.2 0.9 15 0.4 220.3 122.8 348.2
002650,0.7 19 137.1 52.9 200.6 131.8 1.0 8 222.2 73.5 313.5 205.3 1.0 8 322.1 99.9 397.0 208.8 0.9 17 0.1 128.3 159.1 357.6 0.6 10 249.0 198.0 500.6 376.5
002651,1.0 14 258.6 53.5 501.1 374.4
002652,1.0 14 195.5 0.6 315.9 316.1 0.6 14 184.1 0.4 375.4 317.9 0.5 11 148.2 110.6 395.4 339.2
002654,0.9 8 10.5 240.3 194.1 375.6 0.8 19 151.2 92.4 211.0 231.6 0.8 19 37.9 90.4 105.6 230.4 0.8 17 139.0 244.2 498.9 375.5
002655,0.7 14 165.8 46.4 266.2 191.2 1.0 14 165.4 48.4 278.8 212.8 0.6 12 82.8 82.3 411.5 389.8 1.0 12 84.1 79.7 413.0 287.2
002656,0.8 15 223.8 72.3 298.2 143.7 1.0 14 94.5 90.1 200.4 492.1 0.7 14 184.8 215.5 207.2 250.7 1.0 14 268.1 99.0 366.1 456.8
002660,0.8 19 78.1 41.8 183.0 159.5 0.5 14 230.6 161.8 398.7 374.5 0.9 14 121.4 124.2 272.3 258.7 0.9 14 122.4 123.4 305.7 374.4 1.0 14 233.2 162.3 499.9 375.3
002661,1.0 0 1.6 132.0 483.2 227.4
002663,0.8 7 7.4 25.8 340.0 312.5
002665,0.8 14 287.9 170.5 301.7 207.5 0.5 6 335.7 138.3 450.3 201.9 0.8 6 166.6 185.3 246.7 229.4 0.9 0 244.3 115.8 487.4 206.5 0.8 6 297.8 168.3 338.9 201.8
002671,1.0 14 0.0 53.0 246.0 374.7 1.0 14 249.5 128.9 499.6 374.9
002672,0.9 2 3.6 60.4 406.3 427.9
002673,0.8 14 142.8 63.8 351.3 373.6 0.8 4 179.3 87.2 231.8 243.6 0.8 14 185.4 62.2 345.0 241.7 0.7 14 179.9 63.2 351.8 281.7 0.8 14 56.5 62.4 499.3 373.7
002674,0.8 8 25.8 289.1 103.7 374.8 0.7 8 450.5 317.2 499.8 375.4 1.0 14 466.4 226.9 499.7 305.2 0.9 8 166.6 306.7 274.1 375.5 1.0 14 353.7 249.4 383.3 308.5 0.6 8 118.1 268.6 162.2 327.3 0.8 8 39.3 286.8 104.3 374.5 0.9 14 86.7 246.3 109.5 279.7 0.7 8 1.3 302.7 61.3 375.7 0.6 8 173.5 285.8 224.7 374.8 0.6 14 471.2 254.7 499.7 347.6 0.6 8 363.9 321.0 437.2 374.9 0.9 14 269.5 256.0 288.8 290.8 0.6 8 271.2 282.0 334.2 329.2
002676,0.7 9 284.2 250.6 334.4 307.4 0.5 9 344.7 245.8 382.2 297.0 0.6 9 237.6 249.4 283.8 307.5
002679,0.8 5 95.2 26.1 424.7 374.3
002681,1.0 6 9.4 141.5 326.9 451.9
002685,0.9 2 264.8 112.6 326.9 208.1 0.6 2 21.0 94.3 138.3 194.8 0.9 2 142.3 60.5 179.1 102.6 1.0 2 180.9 75.2 262.4 175.2 0.6 2 21.8 100.6 136.8 166.3 0.7 2 83.0 172.0 304.8 375.3 0.9 2 355.1 71.5 416.8 164.6
002686,1.0 14 171.3 168.9 293.0 364.1 0.9 13 128.1 178.7 356.7 362.6 0.9 14 255.3 136.6 342.2 347.7 0.9 14 256.6 138.1 325.8 233.2
002687,0.5 14 63.6 183.3 173.7 374.2 0.7 14 2.0 184.3 175.9 374.8 1.0 14 1.6 80.7 403.9 375.2 0.5 14 88.6 81.1 409.8 374.5
002688,0.7 18 0.3 147.2 188.8 273.2 0.8 18 2.7 95.9 465.7 316.4 0.5 18 152.7 98.4 469.4 298.6 0.5 18 162.1 98.7 470.3 324.8
002692,0.9 14 230.7 188.3 297.3 364.3 0.9 14 231.4 188.5 296.5 323.3 0.9 12 282.0 163.5 364.3 378.8
002694,0.6 7 0.7 45.3 479.7 282.2
002698,0.9 1 41.3 1.9 476.4 289.8
002700,0.7 5 0.8 56.3 130.8 111.6 1.0 14 261.9 59.9 403.5 375.1
002701,1.0 6 132.9 265.7 304.8 323.2 0.7 14 71.0 263.8 89.0 317.9 0.9 14 334.0 256.1 351.2 291.3 1.0 14 109.4 263.5 132.7 306.6 0.8 14 125.2 263.9 143.8 306.0 1.0 14 4.0 269.2 28.4 324.9 0.8 14 62.8 264.7 75.8 297.6 0.8 14 280.8 260.1 294.3 284.4 1.0 6 336.4 256.5 500.7 318.2
002703,1.0 0 103.5 177.9 181.6 233.5 0.7 6 178.3 204.0 255.9 235.3
002705,0.9 8 1.6 194.2 78.2 374.8 0.6 8 387.5 88.9 498.0 227.6 0.6 14 443.5 37.3 499.5 226.7 0.9 14 411.4 36.7 499.3 212.0 1.0 4 325.1 287.4 366.2 375.2 0.5 8 389.2 88.1 499.8 242.1 1.0 14 40.0 53.8 220.2 374.0 1.0 14 206.0 98.6 430.9 346.7 0.7 10 88.9 309.1 480.8 375.1 0.7 14 408.5 36.4 499.1 241.5
002707,1.0 0 97.3 102.6 496.5 238.0
002708,0.7 14 11.0 122.9 377.2 332.5 0.6 15 255.9 79.2 360.2 287.8 0.6 15 252.8 80.3 358.2 173.5
002711,0.9 4 1.7 250.2 64.7 375.1 0.8 14 360.2 49.9 483.9 311.5 0.9 14 89.0 287.4 138.6 334.7 1.0 14 360.9 49.3 478.4 182.4
002712,1.0 14 108.2 75.3 252.5 323.3 0.9 4 247.1 214.7 291.1 372.8 0.9 4 45.2 187.4 64.5 241.2 0.8 14 102.8 75.2 256.8 343.0
002716,0.5 6 -0.7 171.4 235.4 296.4
002719,0.8 0 50.0 102.1 477.6 240.9 0.6 0 49.4 100.8 488.5 343.3
002720,0.5 11 0.9 35.7 203.7 219.3 0.6 4 89.7 125.2 192.7 251.3
002724,0.8 8 0.9 219.2 157.0 375.3 0.6 19 49.4 39.8 102.8 112.4 0.8 8 1.4 219.5 97.5 375.2 0.8 8 324.9 207.5 440.3 375.0 0.8 8 88.4 184.4 154.5 247.9 0.6 8 80.3 183.9 153.6 333.2 0.9 10 43.1 209.3 387.3 375.3 0.8 8 332.3 206.1 438.9 318.2 0.9 8 179.8 227.9 351.1 375.4
002725,0.9 7 74.1 1.1 499.6 362.2
002726,1.0 14 208.8 223.8 292.4 368.8 0.5 8 327.1 241.5 408.4 372.8 1.0 14 404.3 141.7 499.5 370.8 1.0 14 155.2 202.6 219.6 374.5 0.6 8 130.1 275.2 218.8 374.4 1.0 14 328.8 136.5 415.3 373.8 0.7 4 203.6 179.3 228.6 245.0 0.6 14 210.5 167.1 294.3 367.7 1.0 14 238.9 298.4 296.9 375.0
002728,1.0 14 -0.4 1.2 223.8 333.1 0.5 18 258.0 171.4 380.4 233.8 1.0 14 329.0 1.5 500.5 333.4
002729,1.0 14 445.3 34.4 499.6 322.5 1.0 14 380.9 48.2 451.5 147.9 0.7 14 382.6 48.0 451.1 207.9
002731,1.0 14 265.4 1.8 310.6 183.5 1.0 14 304.1 158.4 372.7 266.1 1.0 1 279.8 200.9 383.7 298.9
002733,1.0 6 42.5 50.3 477.4 271.1
002736,0.8 7 6.8 64.5 375.5 497.6 0.6 4 112.0 322.8 171.9 418.1
002739,0.8 13 162.9 204.1 222.1 326.4 0.9 14 361.5 25.9 390.5 71.3 1.0 14 157.0 171.0 230.8 321.6 0.9 13 354.6 35.0 393.7 77.2
002740,0.8 7 43.7 123.1 295.1 285.4
002742,1.0 14 119.6 46.2 222.2 287.2
002743,0.6 15 90.6 102.5 190.3 227.1 0.8 19 1.1 148.7 71.3 224.1 0.6 15 99.6 58.2 295.7 225.5 0.8 15 118.8 137.0 187.0 225.1 0.6 15 178.8 0.5 499.0 323.2
002746,0.7 6 16.5 92.6 353.6 169.7
002748,0.5 6 453.1 84.0 500.0 290.1 0.8 6 53.6 151.0 177.9 277.2 0.6 6 175.2 44.9 474.1 372.5
002750,0.7 6 475.8 120.2 500.0 193.2 0.8 14 19.2 123.8 40.5 160.1 1.0 14 140.3 83.2 216.5 374.5 1.0 14 209.9 91.9 313.7 374.1 1.0 14 302.4 87.9 391.8 374.3
002752,0.8 8 192.2 184.5 340.4 311.3 0.8 6 227.5 138.1 295.4 185.8 0.6 6 176.8 138.4 202.4 189.6 0.9 17 196.9 184.1 339.9 266.4
002753,0.9 8 367.5 203.2 475.3 348.4 0.7 2 24.5 154.4 116.2 205.2 1.0 8 99.9 218.6 232.5 359.3 0.7 10 241.0 227.6 333.3 346.6 0.9 15 276.9 217.1 311.0 248.0
002754,1.0 0 44.4 48.3 457.0 217.1
002756,0.9 14 76.4 193.8 91.9 222.5 1.0 14 159.8 187.0 186.3 256.0
002758,0.5 6 33.4 190.0 166.2 252.6 1.0 6 370.5 195.2 500.3 375.4 0.7 6 27.4 163.9 167.1 252.7 0.7 6 332.3 170.7 378.1 213.9 0.9 6 179.7 176.3 262.1 235.3 0.5 6 273.9 167.9 383.7 230.8 0.7 6 273.7 168.4 334.6 233.8 0.6 6 275.4 168.8 331.5 222.3
002761,1.0 14 161.8 80.3 373.2 331.7
002764,0.8 3 41.8 110.2 222.1 353.7 0.7 14 164.5 309.9 190.1 340.1
002768,1.0 14 309.1 70.5 398.3 300.8
002769,1.0 0 8.4 43.2 493.2 275.7
002770,0.5 16 73.9 197.3 163.7 260.0
002771,0.7 18 62.4 27.9 265.1 242.6 0.7 18 11.8 9.8 267.9 240.9
002773,0.9 4 143.6 75.9 162.4 132.9 1.0 14 113.1 149.1 247.4 375.0 0.8 4 127.6 135.9 146.4 192.3 0.9 4 89.2 223.2 109.7 296.2 1.0 4 13.7 232.0 41.4 316.9 0.9 4 7.2 17.8 32.4 109.4 0.8 14 222.7 87.3 449.4 373.1 0.9 4 93.8 223.5 114.9 296.6 0.8 4 100.4 224.4 118.2 297.3 0.8 4 49.7 326.8 70.0 374.9 0.8 4 471.9 211.1 499.1 282.5 0.8 4 449.8 208.6 472.7 279.1 0.9 4 62.6 129.1 85.0 202.3 0.5 4 101.3 224.7 117.9 294.9 0.7 4 67.9 323.3 88.4 374.8 0.9 4 114.7 136.3 134.6 201.5 0.9 4 76.5 48.8 98.2 117.1 0.9 4 40.0 124.2 67.6 203.3 0.9 4 181.9 88.4 203.7 141.4 0.9 14 217.4 5.4 451.7 374.1
002777,1.0 8 205.6 225.5 279.2 328.2 0.5 10 89.9 223.1 210.5 366.1 0.6 15 224.7 159.6 246.7 193.2 0.9 8 149.3 218.6 208.9 318.6 0.7 15 323.9 115.4 471.8 228.7 0.9 8 208.1 193.7 284.4 325.5 0.8 8 267.4 193.4 317.2 271.5
002780,1.0 14 0.8 90.1 104.9 306.9 0.8 12 252.1 92.8 475.1 271.4
002781,0.9 14 223.3 78.9 303.4 298.7 0.7 14 141.9 90.6 190.7 242.5 0.6 14 301.1 86.5 372.0 360.1 0.5 14 200.4 170.9 379.5 360.3 1.0 14 277.1 171.4 381.5 360.3 0.8 14 382.2 96.1 457.3 307.9 1.0 14 383.2 94.4 463.4 359.6 1.0 14 348.9 131.3 447.4 359.2 0.7 14 299.1 90.4 370.9 283.7 1.0 14 224.2 77.7 303.6 176.3 1.0 14 157.0 111.1 239.5 359.8 1.0 14 300.2 89.0 367.1 179.9 0.8 14 142.7 89.4 191.6 359.9 0.5 14 157.8 111.1 239.9 329.8 0.9 14 143.1 89.2 187.2 161.4 1.0 14 84.2 125.8 163.6 359.8 1.0 14 2.6 111.0 90.1 359.8 0.6 14 280.5 171.6 374.5 288.4 1.0 14 224.8 146.4 317.2 306.0 0.9 14 342.6 133.2 400.8 315.3 0.6 14 235.6 145.8 316.3 232.8 0.5 14 229.2 146.7 317.5 360.1 1.0 14 226.1 229.0 348.1 360.6 0.6 14 297.9 89.2 370.9 243.0
002787,0.6 7 97.7 59.8 420.3 374.4 0.6 7 94.9 59.9 257.4 284.0 0.6 14 9.7 60.2 458.7 374.2
002788,0.7 8 5.4 158.2 58.0 252.9 0.9 14 247.5 66.5 274.6 110.3 0.7 8 5.7 158.6 87.1 294.0 0.9 14 361.8 71.2 500.0 332.8 0.8 14 245.7 70.5 340.8 204.0 0.9 8 135.0 195.6 211.7 310.0 0.6 8 1.4 133.1 55.0 214.2 0.9 8 34.2 183.0 109.7 305.5 1.0 14 240.2 71.4 340.4 331.4 0.5 14 357.3 70.4 493.4 235.6 0.9 14 271.4 70.9 500.2 333.3
002789,0.7 9 53.5 137.3 173.1 212.1 1.0 14 381.3 129.8 423.3 213.0
002790,0.9 6 64.9 253.3 120.4 307.8 0.6 6 0.9 248.1 34.9 277.1 0.7 12 96.1 80.1 342.7 499.5 0.9 14 30.9 238.6 47.8 277.3
002792,0.5 15 274.5 34.4 381.0 134.1 0.8 19 73.9 28.4 258.7 184.2 0.5 14 373.8 63.3 475.5 351.8 0.9 14 371.9 61.8 473.7 201.1 0.9 19 13.8 26.2 258.6 186.1 1.0 14 0.8 50.4 220.9 374.6 1.0 14 191.3 74.6 373.3 374.9 0.6 8 217.0 228.1 321.6 374.8 0.9 14 369.4 63.1 473.9 289.1 0.7 14 371.4 62.4 477.6 365.4
002793,0.9 6 131.5 247.2 290.2 297.7 0.9 6 1.7 253.2 141.1 301.2 0.6 6 290.5 205.9 500.0 293.2
002797,0.7 13 384.2 200.0 413.9 259.4 1.0 14 388.1 169.5 423.9 248.9
002799,0.7 8 1.1 35.9 70.7 177.1 0.9 15 160.1 37.7 331.9 231.1 0.9 19 386.4 4.7 450.9 61.8 0.5 19 1.6 0.7 54.6 45.8 0.9 10 1.2 128.2 499.7 376.5
002802,0.0 0 0.0 0.0 10.0 10.0
002805,0.7 11 41.1 12.6 275.7 379.4 0.6 11 42.3 11.6 432.7 379.7
002806,0.9 13 205.1 109.2 464.3 285.1 1.0 14 267.7 68.1 413.5 261.1
002808,0.6 6 0.4 131.5 84.1 214.7 0.8 6 20.2 132.9 99.3 211.9 0.6 6 0.7 130.3 80.3 216.3 1.0 6 242.3 101.4 332.0 244.8
002809,0.7 8 143.6 313.7 254.8 489.5 0.7 17 -1.0 249.0 202.2 378.4 0.7 8 0.2 250.3 101.2 375.5 0.8 19 294.2 243.6 342.1 329.1
002811,0.0 0 0.0 0.0 10.0 10.0
002813,0.8 8 392.0 147.5 499.3 346.5 0.9 15 36.2 134.2 143.6 261.1 0.5 10 0.5 204.4 237.8 341.0 1.0 14 191.9 130.0 287.6 256.8 0.6 8 193.8 166.3 346.7 339.0 0.5 8 267.8 164.4 343.0 245.6 0.9 8 197.2 209.4 397.4 374.2
002814,1.0 6 43.7 203.6 319.2 370.2
002818,0.7 9 300.9 213.7 381.0 283.6 0.5 9 2.2 210.0 51.4 259.7 0.5 9 78.0 218.6 120.5 268.8 0.7 9 232.1 209.2 296.2 265.9 0.5 9 148.3 223.2 181.9 272.5 0.6 9 394.7 209.6 435.6 260.2
002819,0.8 12 417.5 137.5 479.7 285.0 1.0 14 198.9 35.7 319.5 211.0 1.0 12 76.9 66.6 408.2 278.8
002821,1.0 14 226.6 125.7 249.6 189.2 1.0 14 190.5 147.2 235.5 307.2 1.0 14 260.8 160.4 322.4 322.3
002822,1.0 0 189.2 103.8 226.1 125.1
002823,0.8 13 40.9 170.2 432.4 374.5 1.0 14 215.5 151.9 327.0 347.7
002824,1.0 14 1.1 15.6 499.1 430.6
002825,0.6 2 8.1 83.5 373.2 332.6 0.8 2 21.6 131.3 374.7 333.0 0.6 2 133.7 130.7 376.3 332.0
002828,0.6 12 23.4 34.1 135.5 265.0 0.7 12 212.4 45.2 377.7 260.5
002829,1.0 6 37.0 50.9 445.5 316.9
002830,0.9 14 121.7 55.7 315.7 284.7 0.8 13 1.5 15.9 63.6 84.7 0.9 13 10.3 104.5 315.4 294.7 0.7 14 171.3 50.4 312.9 204.3 0.5 14 16.3 51.4 314.2 286.5 0.9 13 8.9 62.2 314.6 295.1 0.9 13 388.5 2.2 485.8 93.4 0.5 13 195.2 1.7 328.6 69.2
002831,0.8 11 1.3 19.9 298.8 426.5
002832,0.6 18 160.8 71.7 311.2 209.3 0.9 14 150.1 122.1 166.8 179.4 1.0 14 1.7 108.2 45.1 233.3 0.9 14 67.9 154.6 92.3 219.9 1.0 14 55.8 76.4 89.2 255.4 1.0 14 118.1 117.1 137.1 190.0 0.7 18 162.0 44.1 497.6 231.6 0.6 18 291.6 47.8 499.2 204.4 1.0 14 132.0 120.3 151.8 185.5 1.0 14 88.9 129.0 106.3 174.2
002837,0.0 0 0.0 0.0 10.0 10.0
002839,0.7 4 287.5 70.2 337.6 115.4 0.7 13 38.9 1.1 498.2 332.0 0.6 4 41.3 129.0 98.1 277.5 0.9 13 47.5 7.6 445.9 332.3
002840,1.0 6 7.7 110.5 419.2 284.0
002843,0.8 6 26.2 101.4 285.3 374.6 0.9 6 31.6 100.1 498.3 375.1 0.8 0 272.7 103.5 354.4 132.7
002846,0.6 8 20.1 185.7 119.0 356.9 0.7 8 0.7 179.1 63.5 424.4 0.7 8 0.8 179.5 67.0 360.2 0.7 14 113.5 11.2 288.4 498.9 1.0 14 167.0 12.6 288.4 499.9
002849,0.9 11 56.1 61.6 314.3 263.2
002850,0.9 19 88.8 104.1 148.5 180.5 0.9 8 88.0 227.7 302.1 375.4 0.9 19 138.7 99.6 189.2 171.3 1.0 19 190.8 84.3 312.0 195.7 1.0 19 321.6 87.4 427.8 216.6 0.8 19 35.5 110.2 99.8 185.5
002851,0.9 0 95.6 76.3 421.3 217.0
002852,0.8 11 52.0 61.5 296.4 156.7 0.7 11 1.8 61.3 460.1 224.5 0.5 11 16.5 201.7 384.4 363.0 0.6 11 1.3 61.6 297.9 160.3 0.8 11 17.7 147.3 462.4 361.5
002853,0.0 0 0.0 0.0 10.0 10.0
002856,0.5 14 71.4 1.3 165.9 100.5 0.8 14 342.7 1.2 500.0 332.0 0.9 14 4.1 0.6 168.8 138.3 0.9 10 15.6 33.3 482.7 334.2 0.7 14 262.6 0.8 340.6 45.3 1.0 14 264.1 0.4 423.3 79.9
002857,0.6 4 1.3 267.3 59.9 468.5 0.9 4 43.4 173.6 112.8 388.6 1.0 14 28.7 42.1 373.7 499.5 0.8 4 101.8 343.8 196.9 499.9
002860,1.0 1 135.7 128.0 336.4 280.6 0.8 11 318.6 192.0 466.3 332.6 1.0 14 152.8 21.1 287.5 242.8
002861,0.9 6 17.5 34.6 331.7 176.3
002862,1.0 8 47.3 229.4 124.4 333.5 0.5 3 158.2 57.3 202.4 96.1 0.6 10 91.8 202.1 270.1 319.2 0.9 8 87.1 202.7 168.1 293.0 0.7 8 216.2 220.6 273.6 315.7 1.0 8 181.9 220.5 274.0 318.8 0.7 3 247.1 1.6 305.1 65.1
002863,1.0 14 175.0 41.6 207.7 73.3 1.0 14 96.0 53.7 117.7 98.8 0.7 14 151.3 58.9 167.3 87.3 0.8 14 363.7 3.9 498.8 208.9 0.9 14 133.1 55.3 149.9 98.1 0.6 14 134.6 55.6 149.7 97.9 1.0 14 125.5 55.0 143.1 99.1 1.0 14 126.1 1.4 365.9 374.3 0.9 14 140.9 55.6 157.6 96.4 0.8 14 360.8 2.6 500.0 373.1
002865,0.6 19 267.5 55.4 342.3 141.1 1.0 6 403.0 214.9 499.3 255.9 0.6 6 -0.3 1.2 406.0 374.2 0.6 19 268.3 54.8 374.5 152.5
002871,1.0 6 1.6 231.7 75.2 283.5 0.8 18 0.8 98.3 303.5 279.2
002872,0.7 14 0.2 110.5 241.7 376.0 0.6 14 1.2 110.5 178.7 375.1 1.0 14 279.9 116.2 499.9 375.4
002874,0.8 14 58.7 41.2 355.3 373.8 0.8 14 199.1 42.0 351.7 222.6 0.7 14 73.7 41.9 354.4 306.1 0.9 14 61.8 42.7 486.2 374.4 0.6 17 0.4 75.0 499.6 374.7 0.8 14 204.1 50.0 490.2 373.7
002876,0.7 7 30.3 26.2 393.8 354.1
002877,0.6 14 235.9 118.2 274.4 176.1 0.8 14 283.0 100.5 375.0 429.0 1.0 14 91.1 122.6 136.4 261.5 1.0 14 1.7 26.9 317.6 498.4 0.7 14 283.8 100.7 375.1 337.2
002878,0.6 14 1.3 11.7 400.7 374.9 0.6 14 284.8 16.3 466.4 282.7 1.0 14 0.2 12.0 253.3 375.3 1.0 14 100.5 126.1 403.1 374.8 0.6 14 286.4 15.6 467.5 310.4 1.0 14 282.5 15.7 499.6 374.0
002882,0.6 16 381.6 276.6 418.6 299.5
002883,0.8 14 96.3 89.4 332.4 237.4 0.9 14 94.2 89.1 332.0 498.7 0.5 10 1.1 138.2 331.6 498.8
002885,0.7 14 386.7 0.1 499.3 286.6 1.0 14 87.6 64.6 169.3 238.9 0.7 14 136.2 119.0 172.5 169.1 0.6 17 183.7 57.9 499.6 260.4 0.9 14 387.3 0.5 500.0 251.1 0.5 14 189.0 -0.4 499.9 288.3
002887,0.7 19 252.7 135.8 295.7 188.2 0.8 17 134.6 241.9 340.1 340.8 0.5 8 385.0 226.8 500.3 376.2 0.9 19 145.5 123.3 236.1 205.8
002888,0.8 14 137.6 40.9 182.1 227.3 0.6 8 1.2 232.9 113.0 376.0 1.0 14 84.9 9.4 168.8 333.1 1.0 14 20.7 104.8 129.0 349.1 0.9 14 28.7 104.7 125.8 297.6 0.7 14 137.5 42.3 178.5 157.0 1.0 14 255.3 141.8 393.0 335.5
002890,0.6 14 7.5 176.8 27.1 227.9 0.6 18 5.8 71.1 493.1 287.0 0.9 18 59.5 70.7 437.2 290.5
002892,0.0 0 0.0 0.0 10.0 10.0
002894,0.6 0 0.6 7.5 499.7 330.0 0.8 0 1.1 102.0 500.3 321.6
002895,0.5 19 134.3 13.5 298.2 93.4 1.0 14 386.9 194.7 443.0 338.8 0.8 19 157.3 148.9 203.5 194.8
002897,1.0 14 122.1 233.0 138.7 278.5 1.0 14 58.0 232.0 73.1 277.9 0.6 14 377.0 242.7 392.7 268.4 1.0 14 327.3 240.9 342.6 280.4 1.0 14 209.3 236.7 225.7 278.4 0.8 14 147.2 235.0 162.9 279.1 0.7 14 278.5 244.0 290.5 277.5 1.0 14 89.0 231.0 106.1 278.3 0.7 14 275.8 243.7 288.6 278.1 0.7 14 339.4 243.3 352.3 279.5 1.0 14 449.2 244.8 466.0 285.8 1.0 14 148.9 234.3 165.5 278.5 1.0 14 264.5 240.5 280.9 279.3
002898,0.9 18 34.2 68.6 499.7 326.8
002900,1.0 6 105.7 125.2 384.5 246.7
002902,0.7 19 149.0 206.8 192.1 240.9 1.0 19 0.2 204.9 98.8 314.4 1.0 19 164.1 84.3 300.3 217.1
002903,0.0 0 0.0 0.0 10.0 10.0
002904,1.0 4 361.0 217.5 412.9 375.1 1.0 14 222.9 86.7 371.4 286.4 0.7 14 343.1 146.2 421.7 257.5 1.0 14 0.5 59.4 233.6 301.7 0.5 14 343.5 147.5 425.4 321.0 0.5 10 1.1 242.0 500.0 376.0 1.0 4 270.4 221.5 317.4 371.5 1.0 14 344.1 146.9 488.2 297.0
002905,0.9 19 223.5 281.1 327.2 381.0 1.0 14 0.5 19.8 275.0 500.4
002907,0.8 19 237.8 139.5 313.6 269.6 0.9 19 117.7 160.1 220.2 358.6 0.6 17 0.5 219.8 108.0 375.7
002908,1.0 0 196.9 107.2 312.4 228.4
002909,0.5 12 147.8 184.5 206.7 406.7 1.0 14 88.5 84.6 227.0 300.6 0.9 12 100.7 142.8 198.8 409.8
002911,0.7 14 178.1 63.6 278.4 205.1 0.5 14 118.4 97.3 320.8 332.8 0.9 14 117.0 63.4 362.1 332.5 1.0 14 117.3 97.0 394.0 332.9
002918,0.9 14 388.8 185.8 500.4 331.8 0.7 19 361.1 166.6 426.9 214.2 0.6 14 260.8 134.4 327.2 330.9 1.0 14 36.7 51.6 327.5 330.5
002920,0.8 1 232.0 210.7 393.1 281.0 0.8 14 380.6 178.8 391.9 206.1 1.0 1 48.4 202.3 176.1 276.1 0.6 6 225.5 169.1 256.5 208.9 0.8 1 231.8 211.0 479.5 280.8
002921,0.7 12 95.6 159.6 226.5 406.5 1.0 14 90.4 94.4 221.8 301.5 0.8 14 90.1 95.3 226.5 331.0 0.9 12 125.3 159.2 227.1 407.2 0.8 12 95.4 158.1 229.1 447.3
002922,0.9 2 274.1 369.3 312.0 432.0
002923,0.0 0 0.0 0.0 10.0 10.0
002925,1.0 14 341.3 111.0 446.6 370.4 0.9 15 438.7 189.0 500.0 343.8 1.0 14 167.4 148.0 253.7 357.2 1.0 14 60.2 115.7 172.3 370.9 0.9 15 9.1 172.6 92.5 349.2 1.0 14 246.3 147.3 304.5 357.8 1.0 14 267.0 148.8 390.1 364.9
002926,0.9 8 411.3 1.4 499.6 332.2 0.7 7 111.9 120.1 285.2 231.5
002927,0.9 6 421.5 85.0 499.8 250.7 1.0 6 16.3 31.1 464.9 334.1
002928,0.8 0 3.0 52.5 371.2 292.3 0.6 0 3.6 99.3 370.4 294.1
002929,0.0 0 0.0 0.0 10.0 10.0
002930,0.7 8 320.9 133.4 404.1 306.9 1.0 8 179.5 167.1 246.7 307.5 0.5 19 457.3 138.5 499.7 261.3 0.7 19 388.4 139.1 455.3 263.5 0.8 8 106.8 128.3 241.3 309.2 0.8 8 244.8 169.0 331.5 308.5 0.6 8 103.1 172.0 189.8 308.0 0.9 8 102.6 128.2 200.6 306.8 0.8 19 36.6 151.2 105.6 276.4 0.8 8 141.0 127.4 244.0 306.9 0.9 8 243.6 109.4 331.4 306.9 0.9 8 248.8 107.3 410.6 310.5
002936,0.7 7 117.2 18.5 448.1 319.5 0.7 7 0.6 19.4 447.9 323.9
002945,1.0 4 337.4 296.9 376.6 375.5 0.5 4 1.1 182.7 47.0 349.5 1.0 14 18.0 54.7 212.6 308.4 0.5 10 1.5 275.4 497.8 376.0 1.0 14 260.3 58.5 500.6 359.6
002948,0.6 0 1.6 3.7 496.9 248.6 0.9 0 306.5 135.2 487.5 194.9
002949,1.0 0 0.9 37.6 366.4 200.4
002950,0.6 4 0.9 416.1 42.8 474.9 0.9 4 134.4 0.2 213.5 347.8 0.7 14 87.0 0.7 332.8 290.5 0.9 14 87.0 1.5 333.4 498.7
002951,0.8 14 348.5 36.3 377.6 92.3 1.0 14 154.9 141.7 196.4 211.3 1.0 14 116.3 147.6 170.5 208.7 0.6 19 427.6 159.8 466.7 190.1 0.9 19 5.6 117.8 68.2 198.8 1.0 19 98.0 124.8 217.6 240.9 0.9 19 363.9 198.8 430.7 261.7 0.9 4 448.9 196.0 474.1 278.5 0.9 19 225.2 123.0 350.4 244.3
002955,0.9 6 0.8 163.2 34.6 233.9 0.8 5 126.3 0.2 499.4 266.8
002959,0.5 11 118.3 292.9 299.0 398.6
002961,0.6 6 12.2 6.4 492.8 311.2
002964,0.7 14 8.2 48.4 48.4 137.6 0.9 14 274.7 43.1 319.4 154.3 0.6 14 243.7 61.2 284.8 154.2 0.6 14 210.8 61.5 269.2 191.5 0.6 14 233.2 58.9 286.7 164.1 0.7 14 7.5 42.9 54.1 186.0 0.7 14 275.8 45.1 296.5 98.0 1.0 14 31.4 26.6 210.5 402.5 0.6 14 81.9 50.4 127.1 148.9 0.9 11 129.8 316.9 186.2 426.6 0.9 14 237.6 60.7 270.2 100.0 0.9 14 232.0 60.4 272.0 157.3
002968,0.5 2 178.1 132.5 383.9 288.1 1.0 2 180.7 134.1 340.9 274.9
002970,0.9 7 7.0 70.6 445.3 374.5
002971,1.0 14 353.5 187.4 439.7 375.3 1.0 14 125.4 207.8 161.7 300.3 0.7 14 357.2 187.9 425.8 278.2 1.0 14 73.5 263.6 102.8 299.1 0.5 8 165.9 262.4 269.1 374.6
002972,0.6 14 16.6 2.5 341.3 499.2 1.0 14 18.5 2.0 374.2 498.7
002973,0.9 14 55.4 60.6 305.6 416.6 0.6 14 65.8 59.9 304.9 334.5
002974,1.0 14 151.2 155.5 182.6 204.1 0.9 14 39.6 163.5 64.2 193.2 1.0 14 298.7 156.5 336.8 221.3 0.7 8 81.9 253.8 136.1 327.0 1.0 14 340.5 123.5 375.0 219.9 0.8 14 44.9 240.0 258.8 392.5 0.7 8 81.2 227.8 138.1 324.0 0.6 14 93.0 163.4 145.2 269.6 0.5 10 86.4 202.3 178.1 258.3 1.0 14 95.2 163.1 141.7 222.1 0.7 14 36.8 164.2 67.6 206.9 0.6 14 0.8 160.9 18.9 182.2 0.5 14 50.9 127.5 360.2 414.6 0.7 8 30.2 248.8 89.1 326.3 0.5 19 117.4 87.7 182.9 134.8 0.5 14 120.4 240.4 205.1 385.9 0.8 14 121.8 238.4 260.2 401.9 0.8 14 129.9 122.9 363.3 467.9 1.0 14 179.3 124.6 365.6 422.3
002979,0.6 18 112.4 128.9 170.8 205.8
002980,0.5 2 41.3 67.7 481.2 499.9 0.7 2 24.6 106.2 252.4 499.4
002981,0.8 14 219.4 146.0 282.4 286.0 1.0 14 63.6 122.9 156.1 347.1 1.0 14 220.3 64.7 394.1 288.3
002982,0.9 4 282.2 274.3 337.6 501.0 1.0 14 11.7 18.4 297.8 499.9
002983,0.9 0 2.0 114.0 435.3 206.6 0.9 0 1.1 85.3 500.0 206.9
002985,0.8 17 194.3 13.9 478.1 255.1
002991,0.0 0 0.0 0.0 10.0 10.0
002993,0.9 14 168.5 1.1 205.9 36.2 1.0 6 206.3 220.4 337.1 306.7
002996,0.9 2 61.1 328.7 133.2 383.8 0.9 2 184.6 243.4 223.1 325.3 0.9 2 399.8 217.1 476.2 290.4 0.9 2 83.1 199.3 132.0 259.9 0.6 2 320.5 6.3 430.0 135.7 0.9 2 218.5 150.4 268.2 218.3 0.9 2 100.2 45.7 166.2 111.5 0.8 2 23.5 282.2 111.7 323.3 0.8 2 239.6 313.1 335.7 350.3 0.8 2 336.9 6.7 428.9 126.8 0.7 2 319.3 59.6 429.6 127.0
002997,0.9 19 267.8 7.3 499.0 227.9 0.7 8 0.6 219.6 192.7 374.2 0.7 19 265.1 8.8 499.9 254.4
002998,0.8 14 242.2 132.4 255.1 165.1 0.8 18 243.0 84.1 498.5 179.3
002999,0.9 13 281.7 131.1 462.0 227.8 0.9 13 38.3 74.8 271.7 195.1 1.0 14 341.9 74.8 449.3 207.1
003001,0.0 0 0.0 0.0 10.0 10.0
003006,1.0 6 374.7 181.1 499.7 282.4 1.0 6 133.4 207.2 179.8 237.8 0.9 5 17.9 135.5 120.4 251.8 0.6 14 473.3 193.5 499.5 221.0 0.9 6 181.6 208.0 233.7 246.1 0.9 5 261.3 120.3 432.2 224.9 1.0 6 285.8 203.7 368.7 244.2 1.0 6 214.3 206.0 340.4 262.9
003010,0.9 4 200.0 152.8 239.6 218.5 1.0 4 49.2 32.5 114.1 197.0 0.5 4 145.4 241.1 184.7 334.3 0.5 4 76.0 266.8 127.6 362.6 1.0 4 101.7 30.4 152.9 190.1 0.6 4 453.9 30.4 499.4 132.2 0.7 10 1.8 123.5 499.8 374.6 0.6 4 222.5 166.3 316.2 316.2 0.9 4 409.3 36.2 459.0 186.8 0.6 4 266.4 39.4 330.5 207.7
003012,1.0 14 116.1 122.5 291.8 375.5 0.8 8 311.9 186.3 447.3 375.0 1.0 14 297.3 182.1 415.9 375.2
003014,0.8 15 208.8 116.6 235.5 138.9 0.9 15 387.2 109.5 416.6 134.0 0.5 5 2.6 15.6 481.5 325.7 0.8 15 295.0 108.8 327.9 135.2
003016,0.9 14 370.0 135.8 404.6 179.2 0.9 5 59.8 80.4 475.9 310.4
003018,0.6 14 123.5 50.9 299.3 381.2 0.6 14 0.8 53.2 296.2 480.6 0.8 14 1.0 49.4 300.3 499.3 0.8 17 0.8 90.5 374.9 500.6
003019,0.6 7 15.7 0.6 498.2 364.7 0.7 7 18.4 71.0 482.0 361.3
003020,0.8 15 1.8 270.3 73.3 333.6 1.0 14 170.3 117.4 275.7 375.3 1.0 14 72.1 119.4 169.0 375.0 0.6 10 191.0 323.4 499.8 374.8 1.0 14 261.3 144.4 337.1 343.7 1.0 14 325.8 131.5 403.1 343.1
003022,1.0 14 242.3 49.4 302.3 172.8 1.0 12 153.7 79.9 461.1 290.8
003025,0.5 16 325.4 212.6 500.3 374.6 1.0 14 208.4 88.3 312.1 180.7 0.5 9 6.4 123.0 279.2 343.0
003026,1.0 14 55.4 153.2 184.3 374.6 1.0 14 163.2 85.6 335.3 374.8
003029,0.9 19 11.3 42.0 109.7 133.9 1.0 14 155.3 102.5 406.7 287.3 0.9 17 0.5 112.3 442.6 375.4 0.9 14 29.0 70.1 51.2 111.7
003030,0.0 0 0.0 0.0 10.0 10.0
003033,1.0 6 21.0 228.7 319.2 418.1
003035,1.0 14 55.7 191.3 309.1 477.4 0.8 14 106.1 191.1 306.2 442.1
003036,1.0 14 4.2 27.4 265.8 335.9
003037,0.8 0 0.7 15.5 499.3 375.5 0.6 0 108.3 17.1 497.3 348.4
003040,0.8 7 160.3 125.6 403.4 251.5 0.9 17 1.7 2.0 498.8 374.0
003041,0.6 12 1.2 189.7 59.5 307.9 0.6 12 240.1 180.6 311.8 300.7 1.0 14 30.4 152.2 67.8 219.4 0.7 14 29.0 152.1 70.1 246.8 0.6 14 257.3 151.8 307.8 251.9 0.8 12 1.4 189.2 82.0 307.0 0.9 12 56.2 181.1 294.8 399.1 1.0 14 148.7 127.2 233.1 284.7 1.0 14 253.5 151.8 311.0 305.5
003043,0.5 6 252.3 297.0 285.0 329.8 1.0 6 319.5 292.7 379.0 324.6 0.5 6 290.2 297.8 325.2 325.7
003046,1.0 6 4.1 57.0 486.8 328.4
003048,0.9 8 175.6 111.6 287.0 239.3 0.7 8 1.6 205.0 103.2 375.1 0.6 17 175.1 110.3 470.2 273.3 0.8 17 174.3 110.8 472.3 307.1
003049,0.8 8 1.1 201.2 43.1 271.0 0.6 14 113.1 165.9 165.9 222.2 1.0 14 134.7 170.4 248.3 374.8 0.9 8 261.5 240.7 345.1 375.5 0.5 10 176.1 240.2 495.9 374.5 0.9 8 137.8 257.4 243.2 374.9 0.7 14 55.6 183.3 110.4 225.6 0.9 8 174.8 252.0 277.5 375.2 0.9 8 58.7 226.8 151.8 358.8 0.7 14 1.0 165.5 18.0 193.7 0.8 8 25.4 201.6 76.9 290.7 0.6 10 174.8 244.1 342.1 374.1 1.0 14 248.5 193.6 317.1 254.2
003050,0.8 2 430.0 263.4 499.2 335.7 0.5 16 463.8 98.7 494.0 115.3 0.7 16 134.4 159.0 258.4 231.1 0.5 16 191.9 74.5 214.8 87.5 0.6 16 308.3 88.2 335.0 107.1
003052,1.0 6 110.0 57.2 251.9 110.9 0.6 14 476.2 80.2 500.0 208.0 0.9 6 1.4 55.9 214.8 165.0 1.0 14 0.8 43.4 116.7 332.7 1.0 14 157.0 98.2 252.0 330.1 1.0 14 230.1 201.6 276.0 332.9 1.0 14 253.9 47.3 317.2 194.2 0.8 14 230.9 98.8 255.5 126.1
003055,1.0 6 164.2 129.2 344.7 185.4
003059,0.9 18 194.0 106.2 289.1 211.9
003060,0.9 15 56.1 31.8 434.1 323.4
003062,0.8 15 0.2 -0.7 224.0 147.9 0.9 15 2.4 1.8 498.1 374.7 0.7 15 172.1 5.7 399.1 374.0
003067,0.9 4 299.6 62.6 380.5 277.1 0.9 14 131.9 202.0 186.6 264.2 0.9 4 70.1 69.4 132.3 267.9 0.9 4 127.3 68.7 201.2 276.4 0.9 4 216.7 66.5 292.3 272.6 0.7 4 374.2 61.5 444.8 269.5
003068,0.6 12 78.3 87.8 424.5 323.8
003069,0.0 0 0.0 0.0 10.0 10.0
003070,1.0 6 425.8 174.1 499.1 242.9 0.8 6 0.8 164.8 43.1 222.5 1.0 6 88.3 167.8 214.6 221.1 1.0 6 115.1 180.1 373.8 351.7 1.0 14 355.2 157.3 458.5 374.8
003071,0.9 4 179.0 8.8 291.9 468.3
003073,0.7 3 1.0 1.6 230.0 236.9
003075,0.8 14 199.3 45.9 294.8 171.8 0.8 14 73.7 6.2 175.9 198.0 1.0 14 72.0 8.5 177.8 308.4 0.6 14 199.5 46.4 388.1 267.0 0.6 1 0.9 128.4 168.4 484.2 0.6 13 1.3 121.7 388.9 500.1 0.6 14 167.2 48.1 338.2 307.3 0.7 14 148.8 44.7 324.8 500.1 0.7 14 154.0 43.0 389.2 499.4
003076,0.9 4 215.9 49.0 247.8 167.0 0.6 4 90.2 229.8 117.4 279.3 0.7 4 84.9 53.5 115.5 110.6 0.9 4 243.5 307.0 272.4 368.8 0.7 4 52.7 57.1 83.2 103.0 0.9 4 279.0 49.0 312.5 154.8 0.6 4 232.7 211.7 248.9 269.8 0.9 4 215.4 307.3 241.5 366.9 0.9 4 312.4 46.8 344.0 153.0 1.0 4 149.9 45.9 183.8 158.5 0.7 4 154.6 316.1 180.8 366.1 0.9 4 276.3 210.6 304.6 277.3 0.8 4 124.2 312.3 149.9 366.8 0.7 4 183.1 48.3 215.8 163.5 1.0 4 116.8 45.5 150.1 158.0 0.8 4 122.2 208.6 150.5 271.6 0.9 4 182.3 212.6 213.3 287.7 1.0 4 151.5 213.3 182.0 280.2 0.7 4 82.4 55.4 117.8 151.4 0.9 4 247.6 213.5 273.6 276.4 0.9 4 60.7 218.3 86.7 283.0 0.6 4 272.5 305.4 303.0 369.3 1.0 4 215.1 212.7 243.5 282.8 0.8 4 186.1 316.2 211.6 366.2 0.9 4 247.6 48.8 281.9 168.5
003079,0.8 4 80.9 176.4 143.6 252.8 0.5 14 382.9 105.0 476.5 195.8 1.0 14 301.5 104.1 479.0 251.1
003080,0.7 4 201.6 -0.2 249.2 114.0 0.6 4 110.4 1.5 167.5 162.0 0.9 7 3.3 73.6 358.6 322.8
003081,0.7 14 98.3 98.4 309.4 295.8 1.0 14 97.1 56.7 314.7 329.3 0.6 13 1.9 146.8 384.0 375.9
003084,0.9 12 183.5 149.0 332.7 248.8 1.0 14 63.8 155.3 86.5 200.8 1.0 14 456.3 172.4 488.0 225.4 1.0 14 412.8 164.6 438.3 223.7 1.0 14 92.3 152.7 114.4 214.6 0.6 12 230.5 151.2 329.2 248.1 1.0 14 140.3 153.7 174.4 220.5 1.0 14 219.3 109.2 258.3 207.6 1.0 14 360.7 164.2 387.7 221.0 0.6 12 185.8 151.1 248.8 247.2 0.5 18 268.9 95.0 430.0 176.1
003087,0.6 9 189.4 80.2 377.4 353.7 0.6 16 395.3 135.1 435.8 165.0
003091,0.8 14 143.1 2.0 333.2 498.9 1.0 14 22.8 167.7 234.6 499.6 0.9 14 25.0 2.2 331.6 498.6 0.6 14 89.7 1.8 332.3 498.8
003095,0.0 0 0.0 0.0 10.0 10.0
003096,0.5 17 8.0 20.6 298.8 223.0
003097,0.7 18 18.3 49.4 217.1 247.6 0.9 18 22.3 48.8 431.6 241.9 0.7 18 242.1 53.9 432.3 231.8
003099,0.9 8 0.1 11.5 320.8 374.9 0.7 17 0.9 5.0 498.7 374.1
003101,0.6 5 -0.1 1.4 207.4 302.2 0.7 5 188.1 57.2 260.1 209.7 0.7 5 287.6 0.0 500.0 253.8
003104,1.0 14 53.1 69.4 163.2 365.7
003109,1.0 6 207.4 158.3 355.2 253.8
003111,0.5 3 297.1 16.1 441.6 244.3 0.5 0 150.4 44.9 440.0 250.8 0.6 3 282.1 17.1 439.3 256.8
003113,0.7 15 279.4 20.9 376.0 131.8 0.9 19 61.6 101.0 228.3 242.1 0.5 19 58.6 100.4 255.7 317.6
003114,0.5 8 1.6 1.5 432.9 374.5 0.8 4 -0.7 1.6 195.8 372.4 0.7 11 148.2 31.6 356.4 224.1
003115,0.7 8 448.2 256.7 499.8 375.7 0.7 8 198.6 132.7 248.4 180.1 0.5 10 73.9 213.9 243.0 348.7 0.8 19 146.7 55.9 202.7 124.5 0.7 8 192.8 132.6 251.1 225.2 1.0 14 38.2 50.6 116.9 238.9 0.5 17 198.5 145.9 474.5 372.7 0.5 14 37.1 49.2 113.7 276.4 0.8 8 151.5 132.0 201.8 219.7 0.9 17 202.4 149.2 430.2 331.2 1.0 14 291.4 100.6 457.8 373.0 0.6 19 314.8 91.9 355.9 132.6
003119,0.5 7 2.5 3.1 491.6 290.5 0.7 7 0.5 2.7 494.9 398.0
003123,1.0 14 95.9 81.4 152.3 161.6 0.6 14 368.9 108.4 462.1 273.5 0.6 14 35.9 107.5 94.8 202.2 0.9 14 342.4 108.4 385.3 191.2 1.0 14 194.0 99.8 234.2 172.1 0.8 14 86.6 121.3 146.3 271.4 1.0 14 223.1 97.3 295.8 204.9 0.7 14 20.3 107.1 97.2 252.8 0.8 14 342.9 108.6 387.5 244.1 0.9 14 343.5 108.3 386.7 216.0 1.0 14 102.0 166.0 164.9 271.4 1.0 14 214.2 158.6 270.2 245.4 0.6 14 90.3 80.5 152.8 202.8 0.8 14 88.4 118.3 150.4 212.6 0.6 14 17.2 105.3 97.3 319.4 0.8 14 18.1 105.2 100.2 317.9 1.0 10 71.0 235.9 461.8 375.5 1.0 14 310.4 165.0 379.8 263.2 1.0 14 153.1 105.9 196.5 186.2 0.7 14 16.4 104.8 96.7 324.5 0.5 8 411.1 232.6 490.0 373.8 1.0 14 166.8 160.7 219.2 249.4 0.5 14 293.4 109.1 372.2 261.6 1.0 14 269.0 166.0 328.1 248.8 1.0 14 369.9 107.5 457.6 246.2 0.8 14 88.3 121.5 139.2 204.1 1.0 14 291.0 109.8 355.0 201.7
003125,0.7 11 197.6 27.0 500.6 367.8 0.7 11 197.0 27.9 464.2 362.4
003128,0.9 6 173.4 134.9 291.7 205.3
003130,1.0 1 37.5 216.9 298.8 433.4
003131,0.9 3 340.5 216.6 411.4 332.0
003132,0.6 4 262.2 119.8 310.9 212.4 1.0 14 27.2 80.9 177.0 367.3 1.0 14 154.4 16.1 435.8 366.1 0.9 14 245.8 16.0 434.5 331.6
003136,0.7 6 0.8 4.1 499.5 353.9
003139,0.9 14 51.5 1.2 87.2 57.2 0.7 8 0.8 89.7 76.2 259.6 0.5 8 416.3 50.6 499.9 181.5 0.5 8 331.3 47.1 425.1 129.0 0.8 8 116.5 55.1 181.9 104.1 0.6 8 427.6 58.1 500.0 183.1 1.0 14 445.9 28.1 495.5 79.4 1.0 14 245.3 8.0 315.1 89.1 0.5 8 1.0 47.2 87.5 202.1 0.5 8 357.2 50.6 428.7 128.7 1.0 14 152.1 1.2 185.6 46.5 1.0 14 117.3 8.7 183.3 77.2 1.0 14 20.0 75.4 246.2 375.6 0.6 8 428.8 118.9 500.1 257.7 0.7 8 184.6 57.0 262.0 197.9 1.0 14 198.0 65.5 499.9 374.5
003141,0.6 8 0.4 216.6 300.2 376.9 0.9 8 1.4 215.2 103.2 374.8 0.5 8 421.5 219.2 499.8 375.1 0.9 8 377.9 191.0 474.3 374.9 0.5 8 70.5 174.8 179.9 278.4 0.7 4 188.7 197.3 212.5 258.8 0.9 8 326.3 161.7 393.2 229.5 0.7 8 41.3 317.6 301.3 374.9 0.7 8 68.7 177.3 181.1 343.6 0.6 8 131.3 166.3 188.4 251.7 0.9 10 93.4 192.9 433.2 374.4 0.8 8 374.1 215.7 499.1 375.0
003143,1.0 6 30.9 67.5 485.6 251.1
003144,0.9 0 62.0 78.2 452.9 222.4 0.7 0 44.4 75.9 451.3 331.1 0.9 0 61.7 76.8 454.3 330.7
003148,0.5 2 281.1 122.1 331.1 219.4
003151,1.0 1 45.9 175.2 167.2 351.0 1.0 14 79.9 103.6 222.3 315.3 0.9 1 287.4 96.2 326.9 181.2
003152,0.0 0 0.0 0.0 10.0 10.0
003153,0.9 14 84.9 102.8 125.7 141.8 0.5 14 149.3 120.0 190.8 172.4 1.0 14 73.7 125.1 181.6 231.9 0.9 14 395.7 0.7 432.6 40.1 0.6 14 0.9 102.8 35.4 195.2 1.0 14 151.5 135.4 275.1 243.6 0.8 10 0.4 225.8 381.4 377.0 0.6 14 351.7 201.3 500.1 376.5 0.8 14 297.8 197.2 490.9 318.2 1.0 14 298.2 198.2 498.9 366.4
003156,0.5 11 106.9 90.8 411.6 262.2
003158,0.5 19 250.1 121.7 291.1 170.6 0.9 19 157.7 139.0 220.0 186.0 1.0 8 92.2 190.1 202.1 334.9 0.7 8 237.0 116.8 340.5 245.7
003160,1.0 14 385.0 208.0 500.0 375.6 1.0 0 1.3 129.6 499.7 348.0
003166,0.8 7 0.9 74.3 499.6 375.4
003167,1.0 14 65.7 31.2 112.7 292.6 1.0 14 127.5 40.5 184.9 243.5 0.7 14 67.6 33.1 115.4 246.4 1.0 14 77.8 4.5 497.4 373.9
003168,0.9 6 266.9 28.4 473.5 203.2
003171,0.0 0 0.0 0.0 10.0 10.0
003172,0.9 14 145.6 94.5 299.5 333.7 0.9 4 325.8 60.0 380.2 177.8 0.7 14 245.5 25.2 338.8 218.5 0.8 14 321.7 23.6 427.2 196.4 1.0 14 39.4 129.2 191.7 333.4 0.7 4 163.6 98.5 217.6 177.8 0.8 14 323.4 23.5 427.3 165.1 0.9 14 320.0 21.6 489.1 325.7
003173,0.9 12 118.7 46.5 242.4 128.0 0.7 14 193.8 44.8 240.6 122.9 0.9 14 118.9 23.4 203.5 122.7 0.7 14 117.5 22.4 207.0 129.2
003174,0.5 8 341.6 17.7 485.2 118.2 0.6 11 235.0 31.8 484.3 165.1
003179,1.0 14 202.6 142.9 236.1 192.9 1.0 14 8.0 184.6 34.4 228.9 1.0 14 159.3 132.2 199.2 192.7 1.0 6 20.2 198.7 309.4 299.3 0.6 12 231.3 130.7 479.1 306.9
003180,0.7 4 33.8 97.0 139.0 303.7 0.8 11 139.4 58.2 450.7 349.9
003182,0.9 14 428.9 41.0 494.8 339.8 0.8 14 55.5 15.6 241.4 498.4 1.0 14 61.7 15.7 247.6 413.3 0.7 12 3.1 126.0 476.1 499.6 0.6 14 384.4 42.2 494.6 358.2 0.9 12 130.5 124.2 470.4 498.8
003187,1.0 14 183.1 19.2 264.6 212.2 0.9 12 30.9 62.5 357.7 293.7
003190,0.5 11 122.9 91.3 282.4 451.5
003191,1.0 14 0.5 1.5 346.8 332.6
003192,0.7 8 274.4 163.6 391.4 269.8 0.5 8 51.2 189.1 202.6 331.6 0.5 10 51.7 263.5 455.1 332.1
003193,1.0 14 63.7 105.5 88.2 152.7 1.0 14 224.1 72.6 300.3 185.1 0.9 14 105.7 107.9 127.0 143.7 0.9 12 144.3 82.5 382.7 239.7 1.0 14 65.7 105.7 95.0 194.3 0.9 14 225.2 73.8 304.9 219.8
003196,0.8 14 48.8 55.5 306.5 464.8 1.0 14 107.2 54.8 268.4 467.7 0.8 14 106.1 53.8 310.3 466.9
003197,0.9 14 107.4 86.4 402.9 373.5 0.8 14 1.8 85.8 396.4 374.7 0.8 17 1.9 118.5 395.5 374.0
003198,0.8 14 3.6 40.4 284.6 284.6 0.7 14 3.3 29.2 486.9 284.8 0.7 17 -0.0 39.8 498.5 284.8 0.8 7 120.7 25.3 496.1 105.7
003201,0.5 9 2.3 29.9 171.9 256.7
003203,0.9 18 1.6 93.5 421.2 233.2
003206,0.9 19 197.0 39.3 263.5 129.0 0.8 8 154.2 138.6 225.2 276.2 0.9 19 268.8 69.3 367.1 189.4 1.0 14 143.0 93.3 218.4 271.6 0.7 8 130.2 139.3 225.0 287.6 0.7 8 35.6 121.3 125.9 268.6 0.6 8 129.9 143.0 206.2 274.6 0.7 19 189.6 37.6 275.9 176.7 0.7 8 205.5 208.0 294.1 301.8 0.8 14 144.3 93.8 215.3 211.7 0.9 19 86.7 31.4 167.2 137.4 0.7 8 178.5 140.9 228.7 296.7 0.9 19 381.4 40.8 499.9 278.6 0.6 19 301.6 1.4 356.3 74.0
003208,0.9 19 156.4 7.1 341.7 146.8 1.0 17 32.1 152.2 467.8 332.7
003209,0.9 0 3.5 114.9 427.6 219.1 0.7 0 185.5 112.4 426.3 218.0 0.7 0 185.9 114.0 366.1 217.3
003212,0.9 17 28.1 113.7 473.0 290.1 0.9 17 35.7 112.0 475.2 374.4 0.9 8 415.6 118.2 498.4 306.3
003215,0.6 11 109.2 235.7 169.9 287.5
003217,0.7 14 224.1 90.4 252.9 127.7 0.6 14 44.4 121.6 57.8 144.5 0.7 14 165.5 92.6 194.7 139.2 0.9 6 139.2 85.2 494.4 273.6 1.0 14 288.1 77.1 320.9 112.1
003220,0.8 6 360.5 244.3 413.9 273.1 1.0 14 379.4 235.7 404.6 283.4 1.0 6 296.5 248.5 342.5 276.9 0.9 6 412.9 240.9 445.3 268.9 1.0 6 66.4 242.5 130.7 290.7 1.0 6 1.2 233.7 62.8 295.6 1.0 6 161.7 234.5 236.7 280.2 1.0 14 101.0 230.3 190.6 375.1 1.0 6 331.3 249.4 369.7 275.1 0.9 14 153.3 160.2 168.8 201.1 1.0 6 247.7 246.3 303.1 279.5
003221,0.9 15 208.5 224.8 236.2 251.1 0.9 17 144.0 242.4 381.5 350.7 0.6 8 411.3 183.1 499.8 352.1 0.8 19 14.3 182.8 71.3 255.6 0.6 15 295.1 272.4 350.4 314.5 0.9 19 402.4 124.5 472.6 246.4 0.6 8 145.2 256.0 240.2 344.9
003222,0.6 12 49.1 73.7 376.7 325.9 0.6 14 207.1 26.7 380.2 179.9 0.8 6 23.8 27.2 249.3 101.5 1.0 14 163.6 27.1 383.7 230.7 0.9 12 49.4 74.0 377.3 275.3
003224,0.8 11 360.9 190.6 499.0 340.8 1.0 14 -0.4 43.9 373.1 374.9 0.8 17 1.2 134.3 499.6 372.3
003225,1.0 14 214.9 218.7 340.5 325.5 0.9 14 430.5 173.9 476.8 269.8 0.7 14 361.1 214.6 414.2 263.7 1.0 14 238.5 176.5 310.7 248.8 1.0 14 359.2 213.8 466.3 359.2 0.6 14 302.8 179.8 338.6 237.4
003226,0.6 4 188.9 89.9 275.7 449.8 1.0 14 67.9 38.0 280.7 489.2
003227,0.9 7 51.4 17.6 497.1 373.8
003230,1.0 0 158.8 134.2 391.1 243.5
003232,1.0 14 140.1 19.9 199.5 132.1 1.0 12 19.5 48.2 255.1 182.6 0.6 12 13.3 47.1 254.4 215.2
003234,0.9 14 162.1 123.5 189.7 165.7 1.0 14 228.4 120.1 292.4 374.0 1.0 14 161.8 132.2 230.6 373.7 1.0 14 115.1 148.0 172.7 373.2 1.0 14 78.2 110.0 141.0 373.7 1.0 14 280.1 127.7 366.4 373.7 0.6 5 325.6 71.2 500.2 372.7
003235,0.5 14 96.6 64.8 221.9 324.7 0.9 14 96.7 64.1 269.1 323.4 1.0 12 129.7 111.5 239.4 478.8
003237,0.7 14 130.4 53.2 220.0 207.1 0.9 12 108.6 153.9 249.0 459.9 1.0 14 129.9 52.1 254.0 281.9
003238,0.8 7 62.8 74.9 408.5 400.9 0.8 7 55.6 74.7 489.3 401.8
003241,0.8 7 133.4 118.8 425.6 325.6
003245,0.6 19 329.5 197.2 390.8 302.3 1.0 14 394.4 98.8 449.8 310.2 1.0 14 87.8 80.7 149.6 300.8 1.0 14 237.4 91.4 302.7 316.4 0.8 8 145.2 164.2 219.1 318.2
003246,0.5 4 445.6 153.6 500.1 266.2
003248,1.0 19 205.7 164.5 328.9 299.9 0.8 8 179.9 269.4 320.5 428.5
003249,1.0 4 171.8 1.6 291.0 373.5 0.6 4 16.0 -0.5 155.4 253.6 0.9 14 438.5 -0.1 500.0 168.4 0.8 4 11.0 0.6 156.0 374.0 0.9 4 319.6 1.7 458.2 320.9 0.8 4 319.7 1.3 458.5 374.6
003251,1.0 8 279.3 227.5 439.3 374.5 1.0 8 109.3 173.2 215.3 338.4 0.8 8 1.2 169.4 52.3 350.0 0.9 10 115.9 159.6 402.1 348.9 0.5 8 110.4 172.1 261.3 340.3
003252,1.0 14 68.3 143.5 168.6 373.5 0.6 14 319.6 50.6 486.7 374.3 0.9 14 38.1 56.0 187.0 229.3 0.6 14 74.3 142.3 343.6 374.5 0.8 14 70.3 141.1 400.1 374.3 0.8 14 166.1 57.5 243.4 267.2 0.9 17 3.2 42.0 491.0 374.9 0.6 14 34.2 56.7 187.3 364.6 0.8 14 177.7 35.5 485.1 375.0 0.9 14 312.1 50.6 486.1 299.9 0.7 14 185.9 28.4 486.3 301.2 1.0 14 180.6 26.9 359.9 305.8 0.6 14 238.1 47.4 487.4 299.2
003257,1.0 6 20.5 14.2 479.3 224.8 0.6 6 289.0 0.6 381.1 30.1
003263,1.0 14 0.6 265.8 152.7 500.3
003264,0.6 11 38.0 117.9 309.8 274.9
003265,1.0 6 161.7 251.6 326.3 375.3
003266,0.8 11 74.7 94.5 327.6 500.3 0.5 8 -0.1 101.4 131.4 498.4 0.8 11 75.9 94.0 400.5 500.5
003267,0.0 0 0.0 0.0 10.0 10.0
003268,1.0 0 1.3 124.9 498.8 266.6
003275,0.9 1 93.5 217.3 218.0 290.0 0.5 6 294.2 109.5 499.0 243.6
003276,1.0 14 96.6 80.0 122.2 117.6 0.9 14 20.4 119.0 57.6 153.4 1.0 14 436.8 50.8 485.7 207.1 1.0 14 469.0 53.5 500.0 240.9 1.0 14 158.6 75.6 186.9 115.1 0.7 6 21.3 111.0 481.2 352.3 0.5 6 1.2 116.0 70.5 151.8 1.0 14 415.9 66.9 442.9 137.5 0.6 14 130.7 77.0 166.3 169.4 1.0 14 128.1 77.3 159.1 117.5 0.7 6 19.3 37.5 481.4 351.5 1.0 14 73.6 91.2 102.8 126.4 0.9 14 314.7 67.2 362.1 168.6 0.6 6 299.4 62.9 425.3 142.5
003277,0.5 17 0.8 103.4 428.2 344.3 0.6 17 1.2 104.5 346.1 375.6 0.8 17 1.2 105.7 429.0 375.4
003278,0.5 14 303.2 4.9 352.3 44.1 0.9 4 22.1 282.2 78.5 374.7 0.6 14 319.4 4.1 499.9 344.8 1.0 14 19.5 27.3 320.6 280.2 1.0 14 321.9 4.2 500.4 324.0
003281,0.5 15 64.2 115.4 119.9 202.0 0.8 15 19.4 113.1 116.7 211.2 0.5 15 254.6 284.7 302.1 359.9 0.6 15 122.6 78.2 194.7 223.9 0.6 15 313.3 222.2 368.5 302.1 0.6 15 19.9 135.3 118.3 213.1 0.6 19 115.8 255.8 167.4 436.5 0.6 8 28.9 178.4 75.1 207.6 0.7 15 182.4 276.8 224.4 359.7 0.8 15 0.7 104.8 24.0 205.6 0.6 15 72.2 163.7 117.6 208.9 0.8 15 241.0 218.5 322.2 366.3 0.9 15 181.8 274.2 237.4 403.0 0.7 15 20.4 124.6 89.8 208.4
003283,0.0 0 0.0 0.0 10.0 10.0
003286,0.9 18 60.4 56.9 457.9 306.4
003287,0.8 7 1.1 10.4 328.8 260.3
003288,0.0 0 0.0 0.0 10.0 10.0
003289,0.9 14 46.8 223.3 64.2 258.2 1.0 6 383.8 206.7 456.4 250.9 0.9 6 454.5 206.7 499.8 242.4 0.9 5 136.7 194.7 212.9 242.5 1.0 14 134.5 215.2 152.8 268.6 1.0 6 23.4 215.7 99.2 242.7 0.9 5 237.2 187.3 399.4 241.9 0.9 14 323.8 208.7 343.5 243.0
003291,0.9 19 300.7 65.0 375.2 200.7 1.0 19 59.3 66.0 271.6 329.0
003295,1.0 14 122.3 138.6 279.5 331.9 1.0 14 256.6 73.0 343.6 303.5
003297,0.6 8 298.7 179.8 371.0 500.6 0.9 8 0.7 175.0 105.0 299.7 0.6 19 296.5 4.4 369.4 89.2 0.9 15 96.2 115.6 265.7 276.1 0.8 10 1.7 217.7 342.5 501.5 0.8 8 295.2 183.0 348.7 357.3 0.6 19 295.5 6.4 344.2 88.3
003298,0.8 14 41.5 15.9 293.4 396.3 0.8 14 14.0 14.2 329.6 483.1 0.7 14 16.8 15.1 293.0 479.9 0.9 14 32.9 13.7 320.6 477.7 0.5 14 40.4 15.0 331.2 481.1
003302,0.7 14 64.1 257.3 79.0 289.0 0.6 6 314.7 241.7 348.4 273.0 0.9 5 161.5 163.6 309.8 325.4
003304,1.0 14 77.7 60.3 254.0 421.1 0.9 12 92.9 198.5 247.3 440.0
003305,1.0 14 147.8 150.6 223.1 282.4 0.7 14 169.4 137.3 187.3 163.0 0.9 13 144.2 189.3 221.2 302.8
003306,1.0 6 40.4 110.0 397.3 290.8
003309,0.8 4 429.8 229.0 489.2 359.4 1.0 4 397.3 239.2 439.0 366.1 0.9 14 1.8 135.2 168.0 231.3 0.7 19 124.5 9.6 199.8 123.5 0.9 14 223.6 131.9 351.5 288.7 0.7 14 2.8 135.1 337.1 321.8 0.8 14 151.7 130.6 446.0 313.5 0.8 14 224.2 131.6 423.4 303.3 0.9 19 296.3 81.2 399.3 197.2
003310,0.7 11 7.0 24.1 334.6 473.4 0.7 11 70.5 25.8 335.5 473.7
003312,1.0 1 23.6 1.2 488.3 325.1
003314,0.6 19 0.9 68.4 106.8 194.3 0.6 14 35.8 52.5 247.8 323.8 0.9 19 180.2 54.9 293.9 173.9 0.9 14 34.2 52.9 249.5 374.5 0.8 14 24.7 60.3 418.6 375.2 0.8 14 240.5 63.5 418.9 374.8
003315,0.6 13 136.3 1.0 498.4 355.6 0.8 2 336.9 170.7 498.7 335.5
003317,0.8 8 77.4 72.1 305.1 372.9 0.7 17 0.0 71.4 304.9 372.1
003318,0.0 0 0.0 0.0 10.0 10.0
003319,0.8 7 71.5 59.9 241.7 289.4 0.8 8 164.5 1.0 498.1 294.5
003321,1.0 6 298.6 165.7 355.3 189.9 1.0 6 434.4 150.1 494.4 191.4 0.8 6 88.0 176.9 143.3 195.6 0.6 6 1.1 183.2 25.7 195.5 0.9 6 245.4 170.3 278.2 188.5 0.8 6 180.5 174.4 216.6 192.0
003322,0.9 8 146.5 194.3 197.9 374.3 0.8 8 148.2 192.5 191.9 292.1 0.7 19 35.8 135.7 66.5 165.7
003323,0.9 8 49.9 231.9 180.0 374.9 0.6 8 349.5 121.0 499.2 361.7 0.9 8 343.5 122.5 455.2 363.1 0.5 8 351.0 122.6 499.3 353.2 0.9 8 46.4 113.1 154.6 250.1 0.5 15 410.2 80.1 494.2 143.3 1.0 14 128.8 124.1 264.1 375.6 0.6 10 82.0 112.7 445.3 374.6 0.9 14 263.8 1.7 403.8 266.4 0.6 10 80.6 117.7 344.4 374.2 0.9 14 266.0 2.1 402.2 344.7
003324,0.5 14 265.1 57.9 469.8 373.2 1.0 14 142.4 123.4 303.4 373.0 1.0 14 221.3 56.6 473.4 373.7
003326,0.7 14 1.1 0.7 84.2 178.7 0.5 7 1.3 24.4 460.1 499.0
003328,0.5 4 50.2 2.5 141.7 243.4 1.0 14 9.1 2.3 190.0 382.7 1.0 6 197.3 157.3 434.8 333.7
003329,0.7 14 11.6 14.7 223.3 497.2 1.0 14 11.5 14.4 285.7 496.3
003332,0.0 0 0.0 0.0 10.0 10.0
003333,0.9 13 65.0 261.7 141.2 415.3 0.9 19 79.2 6.5 221.5 118.1 0.9 13 146.7 268.0 323.8 499.2
003334,0.9 6 371.6 95.1 480.2 182.5 0.7 6 13.3 113.7 369.6 284.1 0.5 6 272.1 55.4 483.3 184.7 0.6 6 2.5 56.5 486.5 286.0 0.6 6 10.1 55.4 382.5 284.0
003340,0.5 13 178.9 241.7 268.1 439.2 1.0 14 100.5 193.0 230.5 354.9 0.5 13 1.3 243.6 266.5 467.5 0.6 13 83.4 241.1 266.8 439.9
003341,1.0 14 188.9 92.3 281.9 309.0 0.9 4 354.2 237.5 396.6 299.4 1.0 14 113.0 86.3 215.0 314.4 0.7 14 255.6 39.2 403.8 193.7 1.0 14 28.3 12.8 147.6 330.3 0.8 14 258.3 38.2 409.2 297.4 1.0 14 266.1 94.7 349.5 297.7 1.0 14 382.1 33.6 474.0 281.5 1.0 14 296.0 135.4 420.0 331.1 0.5 14 265.0 95.0 343.7 200.1 0.9 14 303.5 39.5 403.4 175.0
003342,0.7 18 31.0 100.8 266.4 261.7 0.8 13 339.6 193.0 414.4 241.2
003345,0.5 8 27.3 239.3 86.1 331.2 0.7 19 369.8 199.2 415.0 241.6 1.0 8 370.5 209.5 440.0 329.3 0.9 8 295.6 224.7 371.5 346.5 0.9 8 82.5 220.4 149.5 347.1 0.7 19 40.2 195.7 81.7 241.1 0.9 8 26.1 197.7 87.1 328.2 0.9 8 154.7 221.4 221.8 348.5 1.0 8 224.6 222.8 293.4 349.0
003346,1.0 1 50.2 190.2 131.6 331.3 1.0 14 48.1 120.7 140.5 300.8
003347,0.7 0 96.7 89.6 162.7 113.7
003348,1.0 6 72.8 263.4 127.3 300.4 1.0 6 118.9 264.2 159.9 297.8 1.0 6 167.2 227.0 433.9 354.6 1.0 6 1.7 262.9 90.1 306.4
003352,1.0 14 101.0 46.2 336.7 447.7
003353,1.0 6 88.0 123.5 272.9 239.3
003357,0.8 6 178.8 55.3 278.0 94.1 0.5 6 -0.1 37.5 215.1 190.4 0.9 6 434.7 44.7 500.1 176.4 0.8 6 261.2 41.0 500.7 177.8 0.5 6 -0.2 36.3 215.2 197.2 1.0 6 25.1 82.4 478.6 276.5 0.6 6 260.1 40.8 480.2 212.7 0.7 6 261.7 42.1 453.7 101.6
003358,0.0 0 0.0 0.0 10.0 10.0
003361,0.0 0 0.0 0.0 10.0 10.0
003364,1.0 6 105.6 99.1 445.5 305.1
003366,0.7 16 387.3 213.2 419.8 249.5 0.7 16 299.3 208.8 333.3 243.6 0.5 16 69.2 202.1 106.4 246.4 0.6 16 187.6 205.6 223.2 243.9
003368,0.6 4 107.6 222.5 249.6 333.5 0.5 14 4.0 25.6 252.0 332.8 0.9 14 9.3 21.4 235.2 332.4 0.8 14 3.1 1.4 497.7 332.1 0.8 14 216.9 1.3 500.4 332.0
003371,0.8 7 0.4 48.0 499.4 373.9
003372,1.0 0 209.5 140.1 276.1 181.4
003375,1.0 6 90.6 104.9 389.0 293.5
003378,0.9 14 136.7 107.2 271.2 374.0 0.6 4 30.0 11.8 83.0 120.5 0.8 4 156.2 1.4 183.3 85.0 0.7 4 156.9 3.7 183.7 87.4 0.8 14 32.9 107.6 265.3 373.9 1.0 14 31.1 112.9 160.6 321.1 1.0 14 233.9 131.3 428.3 374.7 0.9 14 244.7 90.4 444.7 374.5
003381,1.0 0 4.5 112.9 497.1 241.2
003383,1.0 14 126.4 9.6 228.8 331.2 1.0 14 15.3 12.1 139.0 330.4 1.0 14 216.9 2.1 348.2 330.8
003384,0.7 17 1.0 106.8 500.0 375.6 0.7 7 204.7 80.3 386.5 339.7
003385,1.0 6 152.2 77.9 229.2 132.3 1.0 6 345.9 85.7 446.3 134.7 1.0 6 -0.1 85.2 191.3 332.0 1.0 14 144.7 69.7 345.2 331.0 1.0 6 285.5 132.8 499.5 332.5
003387,1.0 6 67.4 109.4 434.4 250.0
003388,0.9 1 50.1 157.3 130.3 307.1 1.0 14 201.2 12.2 253.4 118.5 0.9 14 390.7 31.2 435.7 114.9 0.6 1 203.8 104.0 499.2 332.8 0.8 1 53.4 118.6 183.4 177.7 1.0 1 430.8 71.7 499.8 130.6 0.6 1 50.6 156.0 131.2 249.7 0.8 1 47.3 124.0 183.3 307.6 0.6 14 203.2 10.5 268.8 200.0 0.9 14 110.7 44.4 168.2 159.7 0.6 14 39.5 30.0 165.2 245.3 1.0 14 40.5 30.6 139.1 242.1 1.0 14 227.1 25.6 436.4 333.8 0.6 1 221.4 195.1 391.9 334.6 0.9 1 198.4 106.0 249.9 208.2 0.7 1 196.8 104.4 306.6 333.7
003389,1.0 19 92.9 173.6 242.1 329.6 0.8 19 227.8 4.7 436.3 109.6
003393,0.9 13 64.6 79.8 374.6 494.6
003394,0.5 9 326.1 77.5 500.1 178.5
003399,0.9 14 356.9 148.7 394.3 208.4 1.0 14 332.1 118.3 356.7 169.4 0.7 14 465.1 118.2 494.0 208.5 0.9 14 464.4 118.7 495.4 255.8 0.6 5 31.5 67.9 168.5 212.2 0.8 5 31.5 65.6 245.1 212.3 0.6 14 273.5 113.1 311.0 185.3 1.0 14 111.9 97.1 165.5 275.7 0.6 12 213.3 127.8 460.9 285.5
003400,1.0 1 0.8 7.0 499.3 360.0
003402,0.8 2 129.8 165.2 197.9 238.9 0.7 2 256.2 184.6 346.8 232.3
003405,1.0 6 48.6 120.7 282.3 245.4
003409,0.0 0 0.0 0.0 10.0 10.0
003411,0.0 0 0.0 0.0 10.0 10.0
003414,0.7 6 81.0 126.0 316.4 182.8 0.7 6 68.3 135.0 148.1 169.4 0.7 14 80.9 118.9 99.7 143.2 0.9 14 1.0 122.0 18.4 160.4 0.7 14 365.0 137.3 394.4 159.7 1.0 14 22.1 121.7 49.0 160.0 0.8 6 68.4 126.6 242.3 178.4 0.9 14 60.4 121.7 85.4 157.2 1.0 6 70.4 127.4 466.2 313.3 0.7 14 110.0 120.7 129.8 140.1 0.5 14 21.9 122.2 42.3 159.2 0.6 14 56.9 121.9 77.1 158.7
003418,0.8 19 290.5 170.6 361.4 261.1 0.9 11 87.4 358.5 178.2 436.4 0.8 19 263.5 169.6 367.3 286.8 0.8 10 1.5 266.0 375.0 500.5 0.8 17 0.5 196.6 89.6 287.5 0.8 11 156.9 260.3 198.3 376.4 1.0 14 261.2 247.6 347.6 371.2
003423,1.0 14 204.0 122.4 340.9 373.7 0.8 14 338.4 92.9 485.2 346.4 1.0 14 0.9 76.2 259.1 374.2 0.6 14 336.9 93.1 485.2 345.4 1.0 14 341.3 94.2 481.4 312.0
003426,1.0 14 93.9 12.1 371.7 333.2
003427,0.5 7 63.4 18.3 501.6 373.7 0.9 14 0.3 1.3 315.4 374.3
003428,0.8 18 188.5 69.0 332.4 258.5
003431,1.0 4 59.6 228.5 126.9 472.2 0.8 4 1.3 252.7 28.5 332.9 1.0 14 16.6 16.2 371.5 498.1 0.6 4 6.4 251.8 63.8 396.5
003432,0.5 0 169.2 182.8 204.7 284.2 0.5 2 169.9 184.7 203.2 264.5 0.6 0 270.2 131.6 309.6 215.1
003434,0.9 14 404.7 149.6 499.8 372.9 0.9 14 405.3 150.4 499.7 289.3 0.7 14 403.8 150.6 499.3 330.8 0.9 14 152.4 100.7 240.6 300.1 0.7 14 339.4 185.4 401.5 273.4 0.6 14 287.2 186.3 328.4 305.8 0.9 14 151.4 99.5 240.9 354.0 0.7 6 20.6 169.2 56.3 193.7 0.7 8 1.4 229.3 69.3 330.3 1.0 14 225.3 131.1 343.5 374.4 1.0 14 331.2 184.5 408.6 336.4 0.8 14 311.5 184.1 411.4 373.6 0.9 14 294.3 186.7 330.7 281.0 1.0 14 344.1 139.6 382.9 193.6
003437,0.8 17 247.0 128.6 445.1 269.9 0.7 17 247.3 128.4 501.2 294.5
003438,0.7 8 6.2 209.9 94.4 362.8 0.9 8 257.8 188.5 353.7 346.9 0.9 8 256.2 238.7 348.2 351.9 0.7 8 37.4 209.6 98.3 299.6 0.9 8 128.2 236.9 198.3 357.5 0.8 8 353.6 211.2 419.2 348.6
003440,0.9 11 76.7 89.4 332.3 498.5
003442,0.8 17 0.4 82.1 499.8 253.7 0.9 17 0.4 83.3 499.6 333.0 0.5 17 50.7 83.6 500.3 302.5
003445,1.0 0 5.3 115.7 494.7 224.9
003446,1.0 4 175.8 179.7 222.0 312.3 0.9 4 238.9 160.1 290.0 344.8 0.6 4 178.0 257.2 216.7 312.8
003447,0.8 7 150.6 154.2 404.4 256.8 1.0 17 0.8 58.7 499.4 374.2
003448,0.7 15 231.0 58.8 286.3 200.2 0.6 15 72.5 89.9 170.9 171.0 0.7 15 289.7 258.9 333.7 319.1 0.7 15 284.2 202.2 341.7 317.8 0.8 15 128.9 89.4 201.2 168.1 1.0 15 163.9 184.0 191.5 224.7 1.0 15 290.2 169.9 346.9 231.7 0.9 15 72.7 87.5 201.2 171.7 0.9 8 3.1 136.7 133.3 317.6 0.6 15 242.8 286.7 358.4 359.0 0.6 15 115.8 129.0 171.3 168.3 1.0 8 182.2 128.1 282.4 295.9 0.9 15 256.6 190.2 290.2 243.2 0.6 15 241.7 277.8 297.2 348.5 0.9 8 326.5 121.1 479.6 341.6
003454,0.6 8 204.6 62.6 292.5 179.0 0.6 14 197.1 69.4 299.3 239.4 0.9 14 448.2 17.2 499.4 78.8 1.0 14 197.9 60.3 387.2 336.6 0.7 10 7.3 132.0 500.3 376.0 0.6 8 190.5 326.9 386.1 375.4
003456,1.0 6 0.5 5.8 499.4 339.0
003457,0.5 0 0.9 107.1 373.1 478.9
003459,1.0 14 377.0 114.8 494.1 329.9 0.9 14 67.4 106.3 134.0 198.5 0.5 8 371.0 163.2 405.7 210.6 0.8 14 379.6 116.0 491.8 282.0 0.9 4 187.6 155.5 204.5 206.8 0.8 14 137.6 101.0 170.5 149.5 1.0 14 1.8 154.6 136.3 375.1 0.5 8 402.8 205.6 499.7 324.7 0.5 10 95.2 189.7 499.6 374.3 1.0 4 301.7 203.7 323.7 281.7 1.0 14 314.2 136.8 391.3 245.2 0.9 8 356.0 207.3 500.0 375.0 0.6 10 100.3 200.4 392.8 375.1
003460,0.5 6 13.9 186.8 138.8 255.4 1.0 6 109.2 129.5 500.3 290.6
003463,0.0 0 0.0 0.0 10.0 10.0
003467,0.0 0 0.0 0.0 10.0 10.0
003471,0.6 16 301.9 45.5 360.2 85.8 0.6 16 301.0 45.1 363.5 113.3 0.5 16 143.0 50.4 237.9 145.5 0.6 16 303.2 43.7 467.2 134.1
003472,0.8 17 225.9 265.1 496.3 374.3 0.6 11 372.0 163.9 496.8 284.9
003473,0.9 14 119.3 68.2 449.5 290.2 0.9 13 114.6 68.6 447.7 287.6
003474,0.8 18 29.3 88.1 493.7 272.7
003475,1.0 14 219.9 164.1 253.9 231.7 1.0 14 267.1 161.2 308.4 286.7 0.8 14 1.3 234.7 54.7 321.7
003476,1.0 6 384.7 350.1 501.0 375.1 0.9 6 -0.1 337.8 262.3 374.8 0.6 6 42.2 337.5 151.2 374.7 0.5 14 413.5 155.6 450.8 238.5
003478,0.6 0 417.0 12.4 472.1 71.6
003479,0.9 14 423.7 1.7 499.7 332.3 0.8 11 80.2 24.3 408.2 332.6
003480,0.9 7 0.6 14.3 497.2 374.4
003481,0.5 6 310.6 245.3 342.4 271.3 0.8 3 426.3 180.3 477.6 225.3 0.7 3 358.3 222.5 415.3 276.4 0.9 6 241.6 291.5 293.5 326.5 0.5 6 308.6 240.4 343.0 271.4 0.9 6 281.2 268.3 324.0 295.4
003482,0.6 13 163.7 108.5 388.1 371.3 0.5 14 150.3 18.4 362.9 315.3 1.0 14 150.1 25.2 346.8 343.0 0.6 14 152.8 0.8 367.9 359.3
003483,0.9 14 444.2 177.4 471.3 199.3 1.0 14 0.9 176.5 18.9 235.0 1.0 14 209.1 103.4 366.3 333.1 0.8 6 1.7 114.7 499.2 333.3 1.0 14 29.7 180.8 77.5 228.3
003485,0.5 14 153.6 98.3 259.1 330.4 0.7 14 90.8 98.2 262.7 332.3 0.9 14 69.3 98.3 255.3 347.0 0.8 14 71.0 95.4 425.8 334.9 0.5 10 1.2 288.7 499.8 376.2 1.0 14 223.9 90.4 424.5 323.9
003486,0.9 14 154.1 89.9 171.4 127.7 1.0 14 174.7 81.6 195.9 130.1 0.9 14 126.0 86.1 142.8 118.0 0.6 14 56.6 89.5 70.2 106.8 0.8 14 32.9 87.5 49.5 112.7 1.0 14 263.4 84.9 286.1 109.7 0.6 14 140.8 90.7 152.7 119.3 0.9 14 129.3 88.7 144.2 117.8 0.9 14 218.9 81.5 240.0 113.0 1.0 6 34.6 103.8 195.7 189.7 0.8 14 225.1 85.0 288.1 193.7 1.0 14 0.6 76.9 37.6 175.1 0.9 14 111.1 85.5 128.1 111.2 0.9 14 291.8 86.1 312.3 108.6 1.0 6 6.8 111.2 332.7 482.5 0.8 14 194.1 89.7 208.3 129.4 1.0 14 205.9 79.9 231.2 125.2
003488,0.7 15 98.7 199.9 134.9 246.0 0.9 4 30.8 234.4 47.8 281.6 1.0 15 151.5 153.3 205.2 209.1 0.8 15 44.1 237.0 82.9 284.7 0.9 15 228.3 131.3 267.8 169.5
003490,0.9 14 186.7 45.7 298.4 172.6 0.7 7 73.0 98.4 227.9 333.8 0.7 7 229.5 237.8 354.8 333.2
003494,1.0 14 59.8 210.4 120.5 374.8
003495,0.0 0 0.0 0.0 10.0 10.0
003498,0.9 0 2.7 178.7 499.3 374.0
003501,0.8 6 102.8 63.6 394.4 291.6 1.0 14 259.1 75.8 337.6 343.1 0.5 6 0.9 10.0 395.4 309.9 1.0 14 50.6 83.5 146.8 332.6 0.6 6 47.1 70.9 395.7 296.0 0.6 6 102.5 10.6 393.9 292.9
003502,1.0 8 332.6 160.0 445.6 343.9 1.0 8 84.3 183.7 222.9 375.0 0.5 8 144.9 124.9 241.8 261.0 1.0 8 7.9 135.7 111.3 321.9 0.7 10 63.9 148.1 397.3 361.2 0.6 10 67.8 147.4 442.5 373.5 0.6 8 227.9 127.3 338.8 284.0 1.0 8 220.5 192.5 342.9 375.5
003503,0.7 14 1.1 201.7 32.2 333.2 1.0 6 453.7 188.0 500.0 234.8 0.9 6 38.4 186.5 106.9 245.6 0.9 14 3.0 183.8 52.4 334.4 1.0 14 16.6 183.0 53.0 283.3 0.9 5 99.4 85.4 357.0 261.2 0.6 6 1.3 186.4 109.7 248.5
003504,0.6 7 1.2 92.4 398.3 375.3 0.8 7 1.3 36.2 414.8 374.6
003505,1.0 13 174.2 162.1 326.0 337.2 1.0 14 193.2 82.9 310.0 302.2
003507,0.9 19 318.9 156.4 427.5 253.9 0.6 19 307.8 155.6 434.4 271.3 0.9 19 445.1 101.8 499.9 243.5 0.8 19 184.3 53.5 262.1 137.7 1.0 19 127.8 180.4 215.9 253.5 0.7 14 237.8 139.7 261.1 160.9
003512,1.0 14 245.9 113.1 276.0 143.7 1.0 6 161.3 96.9 394.7 207.6
003513,0.5 18 165.0 123.7 414.7 271.3
003514,0.0 0 0.0 0.0 10.0 10.0
003515,0.8 14 340.5 65.0 362.1 84.5 0.5 14 74.1 85.7 96.2 129.1 0.7 14 73.4 86.9 114.9 188.6 0.9 14 1.0 80.0 45.7 158.0 0.7 14 0.8 80.1 47.8 235.1 0.9 14 78.9 86.5 114.1 135.4 0.6 14 464.0 89.0 485.1 118.5 0.6 6 63.5 60.2 417.1 339.1 0.9 14 97.8 89.0 120.0 134.4 0.7 14 305.9 91.7 338.9 131.2 0.6 14 54.6 83.9 86.7 143.4
003517,0.7 5 406.4 149.5 499.7 239.6 0.5 5 36.4 142.3 117.1 216.0 0.6 5 0.7 104.1 42.8 207.1 0.9 14 101.7 1.1 410.0 374.3 1.0 14 334.6 77.1 412.4 343.7
003520,0.7 8 265.0 30.7 335.1 170.5 0.7 8 1.9 55.6 68.6 202.7 0.9 14 60.1 32.3 242.7 262.8 0.7 8 254.6 36.9 335.3 173.9 0.8 8 4.6 55.9 144.2 175.1 0.8 14 0.9 33.3 334.4 465.8 0.9 10 0.8 168.7 335.1 472.3 0.9 14 126.3 31.4 240.6 263.6 0.7 8 251.0 78.8 289.1 177.1
003523,1.0 6 167.7 139.3 353.0 269.6
003526,0.6 4 418.7 147.5 426.9 175.3 0.8 8 333.0 163.3 419.9 233.5 0.9 17 0.1 168.2 291.0 374.8 1.0 8 375.0 163.3 421.3 234.4
003527,1.0 14 90.1 263.4 134.0 364.2 0.7 14 113.5 200.0 131.2 230.4 0.6 6 274.4 251.9 301.8 280.1 1.0 14 41.0 264.1 91.9 405.5 1.0 6 160.5 263.6 199.9 287.8 1.0 6 214.5 278.5 374.8 418.8
003531,0.8 14 39.4 62.1 149.8 221.1 0.9 12 37.0 104.3 153.2 295.7 1.0 14 78.7 60.8 148.8 221.8
003532,0.9 19 213.5 157.2 281.1 228.0
003533,0.7 16 87.7 128.2 117.4 166.1 0.6 16 76.9 133.1 114.1 165.6
003534,0.6 4 283.0 12.8 370.7 85.9 0.9 14 168.2 1.3 319.8 166.5 0.9 14 0.7 0.2 113.1 179.2 0.7 14 223.6 1.2 295.8 102.3 0.5 14 169.6 1.0 426.9 216.9 0.9 1 0.9 72.6 129.8 269.5 0.7 14 299.7 38.2 472.1 297.0 0.9 4 31.2 79.1 80.6 185.7 0.5 14 226.4 1.2 360.4 83.4 0.7 14 256.3 7.7 491.0 297.0 1.0 1 150.6 117.2 499.2 332.7 0.7 1 152.1 117.1 416.2 332.8 0.9 14 262.1 34.0 499.7 332.6
003535,0.6 2 16.7 53.1 294.3 266.8 0.7 2 17.8 51.4 291.5 196.2
003538,0.6 13 66.2 118.0 388.4 327.3 0.8 13 58.6 117.2 389.0 347.2 0.6 14 195.7 18.9 316.9 327.6 0.7 13 1.3 112.8 385.4 351.1 1.0 14 196.5 16.9 346.4 327.7
003540,0.6 7 2.9 38.2 257.3 211.1
003541,0.7 14 37.0 74.1 216.9 356.1 1.0 14 37.0 73.3 213.8 499.3 0.8 14 36.9 20.7 329.9 498.2 1.0 14 170.3 20.4 339.3 499.5
003542,0.8 1 218.0 208.0 307.5 283.7 0.5 1 101.9 216.1 225.8 322.5 1.0 14 156.0 182.2 208.1 272.9 0.6 14 98.9 180.5 149.0 248.1 1.0 14 64.4 178.6 152.2 301.3 0.9 1 40.7 223.8 167.6 324.4 0.8 14 62.4 192.6 114.2 301.0 0.9 1 154.0 215.3 226.3 287.3 1.0 14 230.3 189.8 284.5 265.9
003543,0.6 3 212.1 111.1 370.6 190.4 1.0 14 55.3 53.6 126.0 260.3 1.0 14 8.0 54.6 36.5 133.5 0.7 14 59.2 53.5 122.4 135.4 0.9 14 107.0 60.3 143.0 124.2 0.9 3 211.7 57.3 371.2 193.1 0.9 3 211.3 80.2 371.7 192.2
003544,0.8 17 366.1 183.4 500.1 375.3 0.9 19 191.9 174.9 301.7 259.2 0.5 19 363.7 67.2 419.4 146.1
003545,1.0 6 115.0 10.0 391.6 241.5
003547,0.9 18 0.6 50.4 348.6 286.8
003552,1.0 6 59.1 122.9 499.5 280.2
003553,0.8 6 0.6 189.7 109.9 259.2 0.5 6 1.4 188.8 114.5 325.1 1.0 6 26.0 121.6 499.2 334.2
003557,0.9 12 180.7 130.3 272.8 234.1 1.0 14 201.0 91.8 250.8 211.5
003558,0.7 19 -1.1 64.6 269.5 375.0 0.6 14 339.2 272.4 406.2 320.3
003559,1.0 6 27.5 203.8 366.9 327.8
003560,0.9 7 95.5 60.0 478.0 371.6
003561,0.9 10 0.8 119.6 332.9 501.0
003562,1.0 14 64.3 48.9 235.1 375.0 0.5 9 275.0 170.5 393.5 261.4
003563,0.7 13 129.7 126.1 173.7 163.3 0.5 13 230.9 136.0 265.9 183.9
003568,0.9 18 1.5 100.0 399.4 379.6
003569,1.0 6 366.1 163.8 392.0 199.8
003570,1.0 6 79.1 138.3 482.5 361.7
003571,0.0 0 0.0 0.0 10.0 10.0
003572,0.9 15 9.5 234.3 142.1 380.5 0.9 15 2.3 32.2 229.0 247.7 0.9 15 148.8 183.5 299.2 389.6
003573,0.6 19 125.7 80.0 261.1 159.3 1.0 14 441.0 92.9 499.8 375.8 0.9 14 413.3 175.4 453.8 337.4 0.9 19 37.5 57.7 99.5 106.9 1.0 14 59.1 97.2 178.4 374.5 1.0 14 162.4 132.3 268.8 373.9 0.5 8 1.6 192.4 71.6 354.4 1.0 14 414.7 175.5 450.3 230.9 1.0 14 320.1 122.2 419.7 375.1 0.8 19 326.1 87.9 393.0 146.6
003574,1.0 0 8.2 45.7 486.4 239.5
003578,0.8 6 0.7 169.5 33.2 197.2 1.0 6 -0.5 176.5 215.5 293.5 0.9 13 78.4 151.3 357.7 410.1 1.0 6 203.2 154.6 374.6 328.7
003579,1.0 12 97.2 111.2 200.7 462.2 0.7 14 88.3 96.3 213.8 325.6 1.0 14 63.3 98.0 220.3 328.0
003581,1.0 14 279.1 1.6 324.3 66.4 0.8 4 293.1 191.0 349.5 275.8 1.0 14 0.6 23.4 234.7 374.5 1.0 14 297.8 25.1 499.1 374.9 0.8 8 288.2 15.9 372.5 72.5
003582,0.8 15 61.0 180.6 100.9 213.3 0.6 15 418.9 110.6 458.2 216.0 0.6 15 122.1 167.8 162.6 204.5 0.8 14 161.6 76.8 190.7 115.8 0.6 19 246.8 129.4 305.6 190.5 1.0 8 323.5 112.9 399.0 202.6 0.8 19 291.8 2.0 362.6 121.8
003583,1.0 14 463.9 184.7 479.9 292.4 0.8 12 60.5 103.3 249.9 317.7 1.0 14 175.8 4.4 284.2 317.2 0.9 14 175.0 4.2 369.8 317.2 1.0 12 58.5 103.1 387.4 317.4
003584,1.0 14 107.2 12.4 178.0 123.5 0.5 14 140.9 12.3 180.6 127.7 0.8 14 107.4 12.3 178.1 167.4 1.0 12 66.0 56.3 220.9 172.3
003590,0.9 4 194.9 194.4 210.8 259.7 0.7 14 334.9 140.5 498.4 335.4 1.0 14 44.3 5.9 116.7 248.6 0.5 14 213.6 223.1 438.4 363.4 0.9 14 414.1 141.4 499.3 334.6 0.6 8 111.3 133.1 190.8 309.2 0.6 8 375.1 134.9 438.4 244.5 0.9 19 241.0 130.9 328.2 199.4 0.9 14 45.4 223.4 341.8 374.7 0.6 8 325.4 136.1 438.7 250.9 0.6 8 110.4 132.7 187.4 231.6 0.9 14 44.8 225.1 231.1 374.6 0.5 10 1.5 203.2 336.5 371.3 0.7 4 200.2 198.5 217.0 273.9 0.6 14 188.7 181.8 439.8 362.4 0.8 4 255.8 220.7 270.4 262.4 0.9 14 212.3 141.9 497.8 362.8
003591,0.5 19 0.7 8.2 67.6 173.7 0.9 15 344.1 37.6 418.0 153.2
003592,0.7 11 97.5 290.4 257.6 392.2 1.0 14 288.1 167.7 303.2 206.4 1.0 14 18.3 111.6 116.2 442.9 0.7 14 18.7 136.5 116.7 445.2 0.5 11 132.0 264.7 251.2 383.2
003595,0.5 9 369.3 204.7 450.2 341.0 0.6 9 326.5 190.1 450.5 340.3 1.0 14 68.5 101.0 162.5 249.3 0.9 14 401.8 58.9 446.7 196.4 1.0 14 258.2 62.9 349.8 202.3 0.5 9 127.2 217.6 235.3 354.4 1.0 14 5.5 76.1 82.7 325.2 1.0 14 333.4 67.9 447.7 196.7 1.0 14 206.7 70.1 294.4 207.7 0.7 14 403.2 59.0 438.1 137.8 0.6 9 241.3 201.7 359.9 338.2
003598,0.8 2 183.0 43.2 280.6 139.8
003600,1.0 14 200.9 29.4 361.1 366.8
003601,0.5 18 3.5 95.9 494.9 318.9 0.9 18 37.4 90.8 491.3 308.8
003602,0.9 14 176.0 44.0 299.5 331.7 0.9 4 352.3 198.9 397.1 333.5 0.5 14 29.1 45.8 296.5 332.3 0.8 14 -0.0 45.5 295.2 332.7 0.9 14 0.2 51.6 177.9 332.5 0.7 14 305.8 32.7 436.6 332.1 1.0 14 270.9 31.2 499.2 332.4
003607,0.6 6 0.8 6.7 374.8 498.8
003610,1.0 14 0.5 45.9 374.6 500.0
003612,1.0 14 80.5 80.8 233.5 334.0 0.7 14 79.0 82.6 451.0 331.9 0.7 14 217.2 97.5 337.7 332.2 1.0 14 217.3 97.3 452.5 332.7
003613,1.0 14 1.1 172.4 122.5 358.3
003615,0.9 7 117.1 70.2 408.8 308.8
003616,0.9 19 155.3 35.9 234.0 142.2 0.5 8 380.1 116.6 499.8 353.9 0.9 19 260.4 36.5 340.9 140.9 0.8 8 16.2 119.1 141.5 374.2 1.0 14 193.2 64.6 249.3 224.8 0.9 8 257.8 118.7 499.3 374.8 0.5 10 112.1 221.8 495.5 375.6
003617,1.0 8 16.1 176.9 149.5 374.9 0.6 8 395.8 134.6 499.9 374.4 0.8 8 399.6 136.9 499.8 346.5 0.8 8 193.1 291.7 385.2 375.6 0.7 14 106.3 23.2 142.2 68.6 1.0 14 64.4 76.7 246.1 374.4 0.8 19 96.6 72.3 145.6 141.4 0.7 10 111.3 185.6 363.9 375.3 1.0 14 270.2 77.5 485.3 373.5
003619,1.0 14 176.9 44.3 208.8 163.6 0.9 2 140.7 242.3 222.9 304.7 0.8 14 309.3 42.6 376.5 221.8 0.6 2 235.8 73.4 322.1 202.7 0.7 14 36.1 7.1 216.7 347.8 1.0 14 189.1 115.8 333.6 347.0 0.5 14 195.1 40.8 372.2 221.9 0.7 2 236.7 75.9 320.9 148.6
003624,0.9 8 111.4 216.5 152.4 277.6 0.8 8 19.5 219.6 68.7 364.4 0.5 8 374.4 229.1 417.4 318.3 0.6 8 325.1 217.9 366.2 302.8 0.7 8 264.4 220.4 342.7 375.3 0.8 8 131.0 257.7 251.7 375.3 0.5 8 451.3 217.2 499.7 323.4 0.6 8 402.8 218.7 467.9 319.0 0.7 8 363.9 213.8 411.5 290.2 0.7 8 131.2 259.1 184.7 374.5 0.6 8 359.5 227.3 398.0 312.9 0.6 8 109.5 216.3 139.9 277.8 0.6 10 143.7 237.9 318.6 369.0 0.5 8 275.9 243.1 336.5 328.9 0.5 10 138.8 273.4 316.8 374.6
003626,0.5 4 96.7 298.6 214.5 476.0 0.6 15 12.9 64.0 258.4 477.4
003630,1.0 6 200.8 138.5 335.3 205.3
003631,0.8 14 195.9 116.8 244.5 176.7 1.0 14 85.5 58.5 110.8 95.8 1.0 14 393.6 33.2 499.6 341.3 1.0 14 375.1 44.3 408.7 74.5 0.6 14 388.9 140.3 437.3 281.7 0.9 6 19.7 76.0 141.5 144.8 1.0 14 214.6 39.3 266.5 93.2 0.8 6 0.8 75.6 88.5 146.9 0.5 6 7.9 82.8 405.6 198.3 0.5 6 0.7 73.8 70.1 141.1 0.8 14 374.0 42.9 417.7 127.9 0.5 14 81.4 61.9 113.5 98.3 0.8 6 0.9 75.0 50.7 131.7 1.0 6 0.1 90.4 412.7 341.3 1.0 14 131.1 57.5 156.4 92.4 0.6 14 184.2 117.5 251.1 212.7
003633,0.7 9 186.3 144.1 336.9 236.1 0.6 9 48.4 138.4 165.2 237.4 0.6 9 2.8 134.1 166.7 234.8 0.8 9 318.3 153.6 482.1 245.5 0.9 14 291.4 135.9 314.4 160.4
003637,0.8 18 7.0 81.0 486.6 248.4
003641,0.7 4 339.5 376.3 374.9 501.1 0.9 19 18.2 38.1 164.4 255.9 0.5 10 0.4 254.9 342.3 500.3 1.0 14 163.8 75.2 249.0 306.7
003643,0.8 4 235.2 297.3 280.1 465.5 0.9 14 68.3 72.2 329.4 413.4 0.8 8 324.1 291.7 375.0 469.7 0.8 14 127.1 70.5 331.6 361.8 0.8 14 129.7 71.9 332.3 454.4 0.6 4 235.6 270.7 280.5 463.4
003647,0.8 7 70.3 56.9 256.9 311.4 0.8 7 69.6 52.9 419.6 374.3 0.7 7 226.2 42.8 418.0 374.7
003649,0.6 4 242.4 188.9 255.0 217.8 0.9 19 229.1 101.2 298.8 157.0 0.6 14 1.9 154.0 117.0 332.3 1.0 14 370.8 140.7 499.9 333.5 0.8 14 0.9 1.1 138.9 331.0 0.6 14 297.3 147.8 350.6 221.0 0.9 4 238.9 187.7 250.2 217.0 0.6 14 367.2 141.1 467.9 332.6 1.0 14 125.8 157.4 196.4 241.6 0.7 4 368.2 217.1 402.1 256.5 0.7 14 1.3 114.4 149.5 332.4 1.0 14 153.7 150.9 200.3 210.5 1.0 14 221.6 149.4 294.9 207.4 0.6 14 59.4 149.0 195.0 264.3 0.9 14 48.5 148.5 155.3 321.6 1.0 10 48.0 201.1 411.3 333.1 1.0 14 292.1 144.2 386.5 236.2 0.8 14 56.8 148.4 148.3 270.0 0.5 14 222.0 149.6 296.9 262.1 1.0 4 273.2 202.5 293.1 279.7
003650,0.9 8 275.3 1.2 417.4 123.3 1.0 14 191.1 66.0 370.9 230.5 0.8 10 0.8 103.0 499.5 371.0
003652,0.7 3 332.9 207.2 484.1 263.5 0.5 3 247.6 281.8 498.1 348.5 0.7 3 332.4 205.0 498.6 276.2
003653,0.7 12 57.4 60.0 498.8 294.1
003659,0.7 19 309.9 239.1 500.1 375.0 1.0 14 166.9 127.2 222.1 235.0
003661,1.0 6 157.0 299.4 467.7 437.3
003665,0.6 14 125.8 133.8 499.4 373.6 1.0 14 125.9 135.8 271.7 357.1 0.8 4 440.7 122.8 458.8 156.8 0.9 14 0.2 34.3 273.0 374.9 0.9 14 0.3 34.8 499.1 374.9 0.7 14 293.9 107.8 499.6 314.7 0.9 14 296.9 107.3 431.5 298.0 0.8 14 296.6 108.2 500.0 374.6
003666,1.0 6 21.8 54.7 472.2 280.5
003668,0.5 8 281.6 151.8 382.7 332.7 0.9 10 34.5 155.3 380.5 332.8
003670,1.0 14 144.8 71.0 304.6 266.6 0.9 13 51.1 95.2 373.1 279.8
003672,0.8 11 110.6 164.5 404.0 303.2 0.7 17 0.7 19.1 499.1 374.3 0.6 11 111.1 126.6 402.8 304.6
003676,0.8 19 400.7 239.8 499.6 375.2 1.0 8 43.2 176.6 149.5 295.5 1.0 15 139.7 116.4 192.8 256.5 0.8 19 54.2 5.7 149.2 189.0 0.9 15 117.7 148.3 144.6 184.0 0.6 19 196.0 44.6 316.0 287.4
003677,1.0 14 179.2 27.6 300.4 231.5 0.9 14 275.1 143.2 410.4 294.6 0.6 13 44.5 142.6 452.9 434.7 0.9 14 275.4 144.2 411.5 407.1
003680,0.8 14 344.5 287.7 387.3 375.2 1.0 14 80.0 0.8 110.6 138.7 1.0 14 346.4 287.5 433.2 375.3 0.8 14 171.0 11.8 196.6 51.2 1.0 14 97.0 1.8 138.5 141.7 0.5 12 435.5 1.5 499.6 141.5 1.0 14 303.5 7.5 355.8 128.4 1.0 14 1.1 229.1 49.2 375.4 0.9 14 127.9 5.3 157.1 50.0 1.0 14 387.4 5.8 441.1 121.4 0.7 14 187.2 350.1 243.0 375.0 1.0 14 131.6 15.9 194.4 138.1 1.0 14 1.0 8.8 31.3 144.3 0.9 14 107.8 2.2 141.8 134.4 0.9 12 55.5 132.4 399.1 341.9 0.5 14 130.1 4.2 159.7 67.7 0.6 14 182.3 1.2 207.4 53.0 0.8 14 348.2 293.3 435.5 375.5 0.8 14 216.3 306.9 285.1 348.1 1.0 14 291.4 122.1 359.8 323.8 1.0 14 229.9 308.2 317.3 375.3 1.0 14 351.6 2.3 394.6 134.5
003682,0.9 2 31.4 153.4 171.4 246.3 0.6 2 343.4 138.9 413.9 214.2 0.9 2 345.4 139.4 414.2 197.7
003683,0.9 6 73.2 43.9 499.7 353.4
003686,0.8 8 0.5 15.4 117.8 374.1 0.9 19 115.6 31.5 481.2 365.4
003687,0.6 18 193.0 219.7 351.9 311.8 1.0 14 360.0 244.9 376.7 281.1
003689,0.6 18 169.7 165.1 286.1 234.9
003692,0.6 6 176.1 201.3 233.9 227.0 0.9 6 272.5 181.5 329.5 226.1 1.0 6 127.6 193.2 177.5 225.8 0.8 6 175.9 200.9 229.5 226.5 0.6 6 450.5 186.9 499.6 225.3 0.9 6 418.3 186.7 481.0 226.6 0.7 6 1.4 205.1 35.4 222.8 1.0 6 55.6 187.6 107.1 226.2 0.9 6 34.4 203.1 60.0 225.0 0.9 6 326.3 202.5 367.6 230.2 0.9 6 214.2 200.6 262.7 231.2
003693,0.0 0 0.0 0.0 10.0 10.0
003697,0.6 4 331.2 198.5 433.7 333.4 0.5 4 164.3 64.7 262.4 195.5 0.5 4 454.2 237.2 499.7 337.1 0.8 4 252.5 90.8 321.4 187.6 0.8 4 305.2 125.8 434.6 331.7 0.9 4 216.4 188.4 328.0 376.1
003701,0.9 14 163.3 95.8 222.8 198.3 1.0 14 478.0 254.5 499.9 374.1 1.0 14 227.8 100.2 276.1 158.9 1.0 14 279.4 117.7 330.2 157.1 1.0 14 164.3 95.4 218.8 154.7 1.0 6 46.7 268.6 152.1 333.6 0.6 6 158.8 139.7 336.1 362.0
003702,0.6 17 2.6 100.9 499.1 299.5 0.9 17 0.4 101.7 499.9 374.6
003707,0.6 4 356.6 13.1 434.0 105.2 0.6 14 246.1 16.4 482.9 136.1 0.6 4 348.3 15.3 431.3 169.1 0.7 14 1.1 56.6 481.2 373.5 0.9 14 126.8 58.2 487.7 374.6 0.7 14 156.7 16.7 490.0 373.7
003710,0.7 18 1.6 22.8 429.2 281.4
003712,0.0 0 0.0 0.0 10.0 10.0
003715,0.8 5 45.8 61.6 482.4 352.5
003716,0.7 19 329.7 293.1 375.2 440.6 0.8 15 164.5 126.5 181.9 159.2
003718,0.8 6 1.9 1.3 498.3 331.9
003719,1.0 6 12.3 23.7 498.2 373.8
003720,1.0 14 138.7 73.9 219.4 202.4 0.7 12 284.0 126.8 486.3 307.0 0.5 14 267.9 119.7 352.3 207.8 0.9 12 23.4 119.2 297.9 324.1 1.0 14 348.0 94.8 425.5 214.9 0.6 14 344.2 94.8 426.9 240.1 0.8 12 232.4 125.7 485.3 306.7 0.9 14 305.8 119.7 353.8 172.6
003723,0.8 14 437.0 179.6 463.9 238.9 0.9 14 435.4 180.3 471.1 273.4 0.9 19 17.7 81.0 152.1 296.0 0.6 8 436.2 192.1 489.7 276.0 0.9 19 370.7 24.6 484.6 115.5
003724,0.9 7 93.3 120.7 346.7 271.4
003725,0.9 4 211.6 88.3 245.3 178.9 1.0 14 113.8 3.0 209.6 165.8 1.0 14 316.0 29.0 423.1 163.7 1.0 14 11.7 0.8 210.3 195.0 0.9 10 1.6 157.1 499.7 375.9
003726,1.0 1 1.0 61.8 500.1 304.3
003728,0.9 11 135.1 134.0 287.1 281.3 0.6 19 60.0 0.7 132.0 103.7 0.5 17 0.6 26.6 499.8 374.3 0.9 17 2.3 29.5 499.2 354.6 0.6 11 210.0 137.1 288.3 283.1
003730,0.8 13 150.4 72.3 380.6 315.4 0.6 13 152.0 65.8 401.7 255.2 0.5 13 278.0 80.8 382.0 248.9
003731,1.0 14 -0.4 41.7 236.7 333.1 1.0 14 248.6 1.5 499.7 332.3
003733,1.0 6 430.7 149.0 499.8 232.4 0.9 6 50.3 115.6 205.6 264.3 0.6 6 303.5 112.8 447.6 248.5 0.9 6 217.8 109.3 445.0 261.4
003734,0.6 14 303.3 165.4 328.3 220.4 0.6 12 276.4 182.5 369.4 262.2 0.9 12 83.4 148.5 281.9 429.3 0.5 14 167.8 91.7 255.5 250.8 1.0 14 166.6 92.6 283.9 288.9
003736,0.9 14 93.0 55.8 395.1 373.6 0.9 4 137.0 179.2 204.5 274.0 0.6 19 191.3 0.6 281.1 37.6 0.9 14 135.8 57.0 339.0 343.9
003737,0.8 14 60.3 23.9 127.9 108.6 0.8 4 223.7 7.4 295.4 213.5 0.8 11 0.7 185.4 227.7 500.8 0.8 4 271.0 2.0 326.3 95.6 0.9 14 48.8 24.2 129.3 120.6 1.0 14 1.0 25.9 336.2 497.2 0.7 14 89.7 23.5 338.2 498.1
003738,0.9 19 112.1 54.8 249.8 223.7 0.9 8 355.9 39.5 458.3 190.9 0.6 8 357.4 39.9 439.2 182.2
003739,0.7 14 2.7 22.6 495.0 283.8 0.9 14 0.5 22.3 499.6 373.8
003741,0.5 11 21.5 354.8 145.2 446.8
003742,1.0 14 0.5 24.6 171.4 206.8 0.8 14 1.2 23.2 233.4 208.8
003744,0.7 19 371.2 139.8 447.5 204.1 1.0 17 0.5 132.7 453.1 372.8
003745,0.5 14 331.9 34.8 450.0 220.6 1.0 14 71.8 38.1 207.9 462.9
003746,0.8 1 286.7 175.1 451.5 366.4 0.9 14 410.6 90.2 499.3 361.6 0.7 14 425.6 54.8 499.9 288.5 0.9 14 426.9 54.4 499.7 360.7 0.8 14 66.6 120.5 135.2 219.3 1.0 1 39.2 162.7 251.0 310.7 1.0 14 104.1 93.2 192.5 280.1 0.8 14 381.0 92.3 487.1 253.6 0.9 1 287.5 119.4 499.6 365.9 0.6 14 372.5 91.3 497.1 365.2
003747,0.9 14 209.9 382.6 239.6 417.7 1.0 14 248.6 383.6 279.9 419.1 1.0 14 41.9 9.0 274.5 304.6 0.5 19 205.7 335.6 290.6 448.8
003755,0.7 8 339.6 240.8 457.2 375.1 0.9 14 429.1 94.5 468.4 141.4 0.7 8 340.0 232.9 498.5 376.0 0.9 8 122.9 272.5 299.0 375.0 0.9 17 77.0 142.7 351.9 298.6 0.5 8 361.4 2.5 499.3 253.7 0.5 15 35.1 131.2 74.9 191.0 0.6 10 76.6 145.5 351.3 364.9
003756,0.9 15 39.3 278.9 253.3 369.7 0.5 15 12.8 7.2 406.4 365.3
003757,0.9 8 392.0 139.5 499.5 369.5 0.9 19 41.7 93.3 190.8 220.0 0.5 8 230.0 122.8 453.1 294.3 0.7 8 389.3 138.7 471.9 273.8 0.6 8 284.4 123.3 490.2 366.4
003761,0.7 8 391.5 190.2 500.3 376.5 1.0 15 310.5 150.3 365.9 213.0 1.0 8 70.2 176.5 202.2 369.6 0.9 10 139.4 151.9 367.1 374.4 1.0 8 204.0 217.0 323.4 374.6
003762,0.8 14 30.8 259.7 48.9 290.2
003764,1.0 12 93.4 39.6 198.5 203.0 1.0 14 101.2 13.7 193.0 129.3 0.6 12 62.9 40.5 200.5 203.3 0.6 14 102.5 12.5 189.9 155.6
003765,0.8 14 249.7 156.9 277.3 202.1 0.8 14 251.7 180.3 318.6 257.6 0.7 14 246.7 225.9 309.8 464.6 0.7 14 43.9 227.1 120.3 305.9 0.9 14 246.6 70.2 305.4 226.1 0.9 14 41.4 221.1 124.4 429.4 1.0 14 45.6 281.2 111.4 429.5 0.7 14 239.0 324.9 330.2 500.2 0.7 14 248.6 183.3 317.8 437.2 0.9 14 247.8 70.1 321.1 252.4 0.8 14 243.6 224.3 302.9 499.8 1.0 14 239.7 231.7 330.4 500.6
003766,0.9 4 449.7 236.7 490.2 348.4 1.0 1 2.3 27.5 439.1 354.2
003768,1.0 1 37.5 70.0 281.1 382.4 1.0 14 129.5 13.0 290.9 354.3
003769,0.5 6 107.2 99.7 227.3 137.3 0.8 14 176.7 85.6 190.1 100.9 0.9 14 168.9 123.7 189.0 140.8 0.8 6 0.8 103.5 70.7 182.7 0.9 14 231.8 82.2 247.1 102.7 0.8 14 299.0 86.6 319.1 231.9 0.9 14 305.2 84.8 319.0 138.4 0.7 6 106.8 95.7 305.3 183.2 1.0 14 62.2 84.9 91.3 168.4 0.8 6 5.5 102.7 68.1 140.7 0.6 14 266.4 84.5 275.9 99.9 1.0 6 13.4 138.5 305.1 353.4 0.9 14 211.2 85.9 225.1 109.6
003770,0.6 8 411.6 168.6 500.0 376.6 0.9 8 305.8 43.5 438.0 125.3 0.9 10 4.7 101.8 469.9 373.9
003771,0.9 4 390.6 248.8 442.1 364.5 0.7 14 461.4 142.5 500.0 261.8 0.9 14 447.8 141.3 499.8 371.9 0.8 14 23.9 69.3 361.0 325.5 0.6 14 294.2 164.5 397.3 300.5 0.6 4 26.0 260.8 102.9 373.8 0.7 14 178.5 127.0 323.9 303.5 0.9 14 23.8 71.0 198.6 270.7 0.7 14 24.1 69.6 360.6 374.6 0.9 4 140.8 224.3 216.2 374.9 1.0 14 296.3 164.3 397.4 313.8 0.7 14 178.8 126.7 363.8 333.1 0.6 14 166.8 138.4 498.2 373.3
003775,0.7 8 73.9 12.6 436.8 321.9 0.7 8 319.0 1.8 408.7 84.9
003776,1.0 19 163.5 58.0 285.1 161.8 0.7 19 230.2 206.7 315.2 289.8
003777,0.8 18 89.5 140.3 344.2 247.6
003778,0.9 7 40.5 65.4 444.5 466.0 0.7 15 388.3 3.3 499.5 292.1
003782,0.7 7 25.8 22.3 451.1 295.3
003785,0.7 11 142.2 32.7 375.5 225.0 0.7 11 140.0 32.7 500.0 229.3
003787,0.8 2 166.3 185.6 199.7 218.0 0.6 15 -0.1 0.6 218.9 297.4 0.8 15 305.2 18.3 422.4 282.3 0.7 15 302.2 1.3 499.2 281.9
003789,1.0 14 146.7 230.6 226.0 333.2
003794,0.5 14 277.4 0.1 468.5 242.9 0.8 11 288.9 87.0 499.2 373.2
003795,0.9 14 383.8 31.5 499.4 316.0 0.8 1 390.7 178.8 496.8 384.4 1.0 14 246.2 4.0 366.1 225.1 0.7 14 58.8 27.9 269.3 292.6 1.0 14 58.9 26.6 270.2 410.0 0.9 1 60.8 204.1 254.4 410.5 0.6 1 388.5 128.3 499.8 385.7 1.0 14 247.6 4.7 363.9 349.6 0.9 14 381.7 30.7 499.6 226.3 0.6 1 60.3 172.9 355.4 411.6
003799,0.8 4 21.9 285.9 65.0 442.6 0.7 19 258.3 254.1 342.5 367.0 0.8 19 262.8 2.1 349.0 190.2 0.6 19 154.9 2.8 265.3 187.3 0.5 19 149.3 0.3 354.8 242.7 0.8 19 155.8 2.7 284.8 192.4
003800,0.8 10 0.5 116.1 374.8 498.0
003801,0.9 19 91.4 41.1 296.4 238.5 0.9 19 317.3 24.5 456.1 269.6
003802,0.6 19 98.1 241.7 172.3 296.3 0.6 4 241.8 24.3 270.9 117.1 0.5 19 7.7 96.0 90.1 329.5 0.6 19 86.3 92.3 182.4 132.9 0.6 19 115.7 180.5 177.7 239.3 0.8 19 29.7 198.7 87.2 325.5 0.9 19 230.3 224.7 345.8 317.5
003804,0.0 0 0.0 0.0 10.0 10.0
003805,0.7 17 0.8 1.3 498.5 334.3 0.8 7 136.8 129.1 497.6 271.5
003810,0.9 14 338.3 102.8 371.6 152.7 0.8 13 234.0 134.7 367.4 290.2 0.9 13 106.4 164.5 236.6 359.3 0.7 14 309.5 102.2 374.6 214.9 1.0 6 0.7 132.7 85.7 251.9 0.9 13 231.1 128.8 367.8 290.2 0.9 14 293.4 102.4 373.5 213.1
003812,0.7 7 196.9 89.1 377.2 282.0 0.5 6 116.1 55.3 457.2 369.7
003813,0.6 7 59.3 10.5 349.2 333.1
003815,0.8 14 234.6 1.3 272.3 91.1 1.0 14 284.4 122.9 313.9 149.1 0.5 14 309.9 128.9 336.7 149.0 1.0 6 187.7 108.2 429.8 207.9
003816,0.8 7 266.3 92.5 420.8 234.3
003819,0.6 11 139.0 51.7 242.0 136.8 0.7 11 71.1 212.9 322.2 360.9 0.7 8 380.7 2.3 498.9 164.4 1.0 14 0.8 -0.4 228.9 234.1 0.6 10 0.7 107.5 499.7 376.6 0.9 11 143.6 51.2 388.5 266.9 0.5 8 380.8 1.1 499.6 213.8
003822,0.9 2 50.8 42.9 408.0 499.2
003823,1.0 0 79.8 108.9 458.6 226.2
003825,0.8 4 192.9 108.6 247.3 175.7 1.0 14 38.8 1.2 224.0 231.3 1.0 14 227.5 64.5 500.8 317.2
003829,0.5 14 379.3 126.8 395.7 157.7 0.8 14 470.4 184.2 492.5 217.5 0.6 18 26.2 34.3 436.9 301.5 1.0 14 436.0 188.0 456.9 255.3 1.0 14 390.3 156.7 417.3 220.6
003831,0.5 4 281.0 35.0 339.6 132.8 0.5 14 47.5 22.0 174.3 284.6 1.0 14 47.3 21.9 247.9 342.6 1.0 14 183.1 87.4 319.0 328.0
003832,0.8 12 80.0 52.1 329.9 249.8
003833,1.0 14 247.5 17.2 283.8 86.0 0.9 6 111.2 20.1 247.6 72.1 0.9 14 474.3 17.6 499.7 53.3 0.9 13 95.3 61.4 176.2 131.4 0.9 14 383.2 20.9 404.6 110.4 0.7 13 0.8 40.4 54.6 138.0 0.7 6 270.2 12.2 453.0 81.1 0.7 13 51.7 76.5 123.5 143.5 1.0 14 153.0 58.3 353.6 272.8 1.0 13 91.5 68.1 352.6 278.0 1.0 14 376.8 21.8 407.6 117.2 0.9 13 429.5 54.3 499.6 112.1 1.0 14 198.8 57.3 236.0 125.6 0.8 6 108.4 11.7 454.3 81.9 1.0 14 401.9 14.8 436.3 116.3 0.7 14 248.9 16.0 298.1 84.8 0.9 6 261.7 13.6 388.9 81.4
003836,0.0 0 0.0 0.0 10.0 10.0
003839,1.0 14 212.3 221.4 260.5 319.1 0.7 13 116.4 211.0 194.2 302.4 0.9 14 246.7 212.8 273.5 261.3 0.6 18 2.9 -0.0 472.3 281.8 1.0 14 263.3 205.8 327.7 306.0 0.9 14 246.3 212.7 275.7 304.4
003840,0.0 0 0.0 0.0 10.0 10.0
003841,0.5 7 0.4 48.0 366.6 433.4
003842,0.8 4 44.6 11.1 190.2 495.3 0.7 4 44.4 12.5 199.4 496.9
003843,0.9 6 125.0 62.0 500.6 334.3
003850,1.0 2 134.2 150.6 401.6 372.9
003851,0.9 1 5.1 379.8 60.5 473.8 1.0 14 133.9 323.5 196.3 447.0 0.6 1 132.9 368.1 195.0 454.0 0.6 1 5.7 383.5 98.6 472.4 1.0 14 5.6 324.3 61.0 459.5 1.0 14 181.5 211.1 322.6 465.6 0.9 1 163.6 317.4 377.9 500.3
003852,0.6 4 1.0 120.5 88.7 375.2 0.9 7 75.3 2.1 499.4 374.1
003853,0.9 14 1.4 159.6 122.3 244.6 0.8 14 346.2 141.4 499.1 244.9 1.0 14 34.5 98.5 71.7 152.2 0.6 8 293.7 177.8 363.1 244.7 1.0 14 257.2 53.3 337.6 135.8 0.9 10 63.8 129.3 374.7 245.0 0.5 19 140.9 1.0 269.2 103.1
003854,0.0 0 0.0 0.0 10.0 10.0
003858,0.9 14 223.8 182.6 276.6 375.3 1.0 14 390.7 117.7 464.0 374.0 0.7 14 355.7 174.0 413.3 375.1 1.0 14 326.6 187.1 366.0 303.4 1.0 14 222.9 183.2 275.2 312.4 1.0 14 70.2 140.9 166.1 373.9 1.0 14 357.7 174.0 409.9 321.8 1.0 14 237.6 176.6 333.8 374.4 0.8 14 390.0 118.2 458.5 305.0 0.5 14 327.6 188.8 362.4 258.6
003862,0.9 8 255.0 142.4 386.9 266.9 0.8 8 121.1 189.4 262.8 327.3 0.5 17 123.5 144.1 383.2 284.6
003864,0.8 6 -0.4 1.6 443.7 374.0
003867,0.9 1 154.3 222.2 290.3 374.4 0.9 4 248.8 179.4 268.1 237.5 1.0 14 162.1 74.5 263.7 349.5 1.0 14 243.6 63.0 366.8 365.8
003870,0.0 0 0.0 0.0 10.0 10.0
003873,0.8 18 -0.2 74.4 313.0 197.8 0.8 18 1.0 72.7 497.4 195.3
003875,0.5 14 30.2 88.4 265.6 361.8 0.7 14 279.3 60.3 329.4 196.7 0.9 14 97.7 404.0 156.0 499.9 0.9 14 262.4 59.4 328.7 195.0 0.7 14 70.6 403.4 156.6 500.1 0.6 14 282.2 60.2 329.0 183.0 1.0 14 32.7 89.6 264.6 310.0 0.9 14 154.9 93.0 213.2 191.7
003878,0.6 13 70.9 1.7 499.7 373.7
003880,0.8 7 201.4 26.0 442.9 292.2
003881,0.9 8 119.7 29.5 185.9 94.3 0.9 8 31.0 25.7 97.6 110.2 0.9 8 201.6 24.0 261.1 77.0 0.8 10 46.7 66.7 466.1 301.3
003882,0.6 15 230.4 132.3 411.1 322.6 0.6 15 369.4 152.4 488.9 293.4 0.6 15 6.2 103.6 207.6 255.6 0.7 15 304.1 140.8 405.1 215.2 0.6 15 365.5 120.5 488.2 290.4 0.7 15 226.0 128.3 331.3 307.8 0.7 15 2.5 99.5 210.2 302.9 0.6 15 228.0 115.0 482.0 324.6
003883,0.8 18 25.9 57.8 378.3 288.1
003884,0.8 8 145.1 6.0 229.3 158.6 0.5 14 75.3 65.1 321.5 375.2 0.6 8 156.5 66.1 232.2 218.3 0.6 14 198.2 91.4 338.5 262.8 0.8 14 2.2 60.6 318.9 374.3 1.0 14 1.2 58.6 162.5 374.3 0.8 14 108.1 103.7 498.8 374.0 0.8 14 197.1 87.8 418.0 283.3 1.0 14 243.8 103.5 499.8 374.6
003888,0.0 0 0.0 0.0 10.0 10.0
003892,0.0 0 0.0 0.0 10.0 10.0
003893,1.0 6 30.2 122.2 341.5 281.7
003894,0.5 8 8.2 242.6 271.2 375.6 0.6 8 124.8 35.4 214.9 109.3 0.7 8 67.2 249.7 275.9 374.9 0.9 10 1.8 102.4 499.1 374.8
003896,1.0 14 6.8 84.8 57.0 208.4 0.8 2 401.7 338.9 468.9 407.6 0.7 14 154.9 97.3 189.4 133.3 0.6 2 200.6 341.9 251.3 404.3 1.0 14 115.8 92.4 162.5 207.8 0.8 13 31.0 226.9 223.7 405.6 1.0 14 199.6 101.0 336.7 403.7 0.8 2 338.2 359.6 405.0 403.6 0.5 14 149.7 97.8 190.1 235.8 0.7 2 439.3 353.8 499.7 402.9 0.9 2 286.6 334.1 355.4 388.2
003897,1.0 14 151.5 147.6 374.3 376.0 0.6 14 386.2 65.5 500.2 376.0
003900,0.6 0 0.7 74.6 499.8 272.5
003901,0.7 7 10.2 81.7 336.8 496.3
003902,0.8 8 5.0 182.2 79.4 310.9 0.6 4 225.0 221.8 257.8 357.4 0.8 8 302.7 198.2 374.9 384.6 0.7 8 295.6 201.1 356.5 330.0 0.8 8 4.0 183.5 56.6 311.8 0.6 4 233.5 0.9 285.3 57.9 0.9 10 1.2 234.1 374.9 501.6 0.8 4 170.8 327.3 205.6 388.6
003903,0.6 14 294.1 2.9 366.3 75.8 0.9 14 390.9 1.3 500.3 331.2 0.6 14 84.8 1.1 421.6 331.3 0.5 14 82.5 1.3 335.9 331.5 1.0 14 129.3 62.2 420.0 331.9 0.7 14 276.5 1.8 421.7 331.6 0.6 14 279.3 1.8 398.6 192.9
003904,1.0 6 382.6 156.2 480.4 294.0
003906,0.6 7 132.7 1.0 431.1 332.7 0.8 7 149.5 1.0 384.6 332.5
003908,0.8 18 146.7 92.4 190.6 156.2 0.8 8 197.8 161.6 292.3 335.0
003909,0.9 19 197.4 102.8 247.3 147.5 0.6 19 395.8 179.6 450.7 226.1 0.9 19 326.2 131.2 399.9 192.7 0.8 19 20.8 133.3 75.2 216.4 0.8 19 325.8 131.4 446.7 195.7 0.6 19 258.0 125.9 316.8 196.8 0.9 19 382.6 135.0 448.9 192.3 0.7 19 326.2 131.1 393.5 188.2
003910,0.9 14 156.8 122.0 275.8 219.6 0.8 3 33.8 186.3 366.2 242.5 0.8 14 228.9 131.1 275.2 213.8
003914,0.5 16 153.8 148.8 290.3 227.4 0.7 16 417.1 130.5 499.6 209.5 0.7 16 332.5 112.6 413.5 171.2 0.7 16 434.9 96.0 499.5 137.5 0.8 16 268.3 99.7 327.9 147.3 0.5 16 96.3 174.2 237.2 252.7 0.7 16 274.7 132.1 399.6 216.0
003916,0.5 2 213.7 425.8 295.1 486.7 0.8 6 46.9 62.3 276.0 243.6
003917,1.0 6 127.3 -0.3 500.6 262.7
003920,0.7 7 65.5 83.9 496.6 302.2
003922,0.9 14 215.1 39.2 329.1 187.2 0.6 5 0.5 112.6 104.8 162.6 1.0 14 214.5 39.2 365.2 188.7 1.0 12 64.1 44.2 398.1 255.0
003925,0.8 7 0.0 44.4 307.2 241.6
003927,0.7 14 149.9 0.4 450.9 298.8 0.5 4 147.3 0.7 408.8 332.3 1.0 14 146.5 1.0 459.6 332.3
003928,0.9 4 119.1 15.0 244.4 445.2 0.7 10 1.0 234.5 375.2 500.8
003929,1.0 14 190.1 92.0 271.3 374.6 1.0 14 135.9 115.9 224.5 375.1 1.0 14 254.6 87.9 367.5 374.0 0.8 1 250.3 254.4 336.4 374.8
003930,0.6 18 -0.2 0.9 440.5 332.0
003931,0.6 4 172.4 146.1 254.2 284.3
003933,0.5 11 30.7 11.6 437.1 261.5
003934,0.9 15 144.2 258.5 259.7 375.1 0.9 19 0.6 116.2 84.3 248.4 0.6 10 158.2 107.9 477.1 373.5
003938,1.0 14 213.4 121.3 424.4 375.5
003940,1.0 6 74.7 81.6 415.8 192.5 0.8 6 362.9 101.2 499.6 178.3
003942,1.0 14 150.5 124.8 269.1 232.5 0.9 4 17.1 149.2 41.9 235.7
003943,0.9 14 41.1 277.3 132.0 374.5 1.0 14 412.6 244.5 499.8 375.5 0.9 4 372.0 314.1 389.2 374.6 0.5 14 438.7 338.8 499.8 375.4 0.8 4 355.9 306.4 369.6 364.2 0.8 14 399.2 223.4 479.8 313.1 0.8 14 391.6 225.1 471.3 374.3 1.0 14 279.6 254.4 320.5 298.3 0.6 4 379.1 245.6 408.0 371.0 0.7 14 67.0 277.6 127.4 340.7 0.5 14 279.0 252.1 324.5 335.2 1.0 14 106.0 227.5 182.0 333.7 0.8 14 97.6 203.1 128.7 267.4 1.0 14 171.4 222.8 296.8 375.0 0.6 4 367.0 314.1 380.9 372.2 0.6 14 337.5 266.5 375.3 332.1 0.7 8 1.4 224.3 67.9 322.6 1.0 14 313.8 265.4 378.0 334.9 0.6 14 395.7 223.6 478.9 340.6 0.9 4 352.2 309.7 366.4 364.2
003944,0.8 4 10.8 271.1 61.6 329.3 1.0 14 296.7 27.4 499.8 374.3 0.6 4 10.0 221.7 55.3 328.0 0.9 4 135.0 196.5 167.9 290.9 0.7 4 51.1 227.9 75.4 306.6 0.6 17 0.6 151.0 318.1 376.1 0.8 17 1.3 150.5 500.1 375.6 1.0 4 70.0 236.1 96.7 303.1 0.6 14 210.3 29.8 501.0 314.5 0.8 14 225.9 27.7 498.3 374.1
003950,0.6 8 152.7 195.8 202.1 273.5 0.9 8 95.2 190.8 153.5 281.6 0.9 8 97.4 194.4 201.3 285.8 0.6 10 112.1 182.4 208.6 258.1 0.6 14 332.8 86.3 372.4 167.9 0.8 8 199.6 185.4 236.3 270.5 0.5 8 17.0 118.0 105.6 320.1 0.7 8 30.9 170.8 101.9 290.9 0.5 8 454.4 269.9 500.0 320.2 0.6 10 64.7 251.2 421.9 320.3
003951,0.9 14 125.2 63.1 286.1 270.7 0.9 12 89.3 122.0 294.2 331.9 0.8 14 92.2 62.7 298.4 322.5 0.7 12 89.6 123.5 293.8 407.5
003952,0.9 3 150.7 46.3 202.9 263.0 0.6 3 161.9 48.0 201.2 254.2
003955,1.0 14 93.1 173.3 143.6 322.6 0.7 12 124.7 206.0 272.1 374.7 1.0 14 206.4 161.9 272.4 275.7 1.0 14 40.6 161.4 95.7 355.6
003958,0.0 0 0.0 0.0 10.0 10.0
003959,0.9 14 204.1 91.6 290.1 374.0 1.0 14 383.5 9.0 499.8 374.9 0.9 14 205.6 92.0 294.3 242.9 1.0 14 53.9 36.9 279.7 374.6 0.9 14 0.6 65.1 85.5 375.0 1.0 14 293.1 106.8 430.7 298.9 0.7 14 269.6 106.0 429.6 375.2
003962,0.9 6 31.1 1.8 384.7 256.8 0.7 6 1.4 1.8 498.4 373.5 0.6 6 0.4 1.7 380.4 373.8
003964,0.0 0 0.0 0.0 10.0 10.0
003967,1.0 6 362.1 206.0 397.4 234.1 0.5 18 231.1 152.2 329.3 278.0 0.8 6 171.9 154.6 193.8 173.7 0.9 6 35.5 148.0 64.5 169.8 0.7 6 88.7 121.7 113.1 134.2 0.9 6 173.8 176.8 208.4 207.0 1.0 6 264.7 130.2 302.6 143.5
003968,0.9 4 164.3 370.4 224.4 488.7 1.0 14 39.0 12.7 464.8 488.6 0.8 1 49.1 364.5 399.5 489.6
003972,0.8 14 124.2 114.9 299.0 370.9 1.0 14 -0.5 60.3 229.0 375.4 0.8 14 80.9 116.2 388.7 374.3 0.8 14 124.1 114.8 294.3 319.6 1.0 14 282.6 18.9 481.0 313.7 0.9 14 281.7 17.8 491.2 373.8
003975,0.0 0 0.0 0.0 10.0 10.0
003976,1.0 1 78.1 261.0 286.1 478.3 1.0 14 100.8 112.7 276.6 391.9
003977,0.7 11 18.5 2.7 482.4 498.6
003978,1.0 14 194.8 31.8 322.1 219.8 0.9 12 60.0 93.6 416.7 285.1 0.9 12 61.0 94.8 414.6 437.1
003980,0.9 11 4.1 34.4 317.5 374.6
003981,0.5 19 219.7 173.7 408.5 372.5 0.6 14 0.3 63.3 314.9 375.2 0.9 14 -0.1 62.9 253.2 374.7 0.7 19 213.3 150.9 432.8 373.3
003982,0.6 16 129.4 202.5 162.6 232.2
003985,0.7 2 94.0 137.4 324.6 332.5 0.7 2 252.7 137.0 308.8 259.7 0.5 2 255.6 138.4 415.5 332.2
003989,0.9 14 174.2 73.4 236.6 190.9 0.6 14 175.3 75.6 282.6 242.6 0.5 14 101.0 67.3 139.2 123.4 0.9 14 365.4 97.2 440.7 234.5 0.9 13 334.1 126.4 445.1 236.6 0.5 14 263.2 64.4 308.0 167.7 0.7 14 87.8 65.3 143.6 170.3 0.9 13 155.2 113.4 277.1 238.1 0.8 14 175.9 73.7 239.2 241.4 0.9 13 61.0 103.7 156.9 168.9 0.8 14 212.6 64.4 300.0 243.4 1.0 14 268.1 64.3 307.8 145.2
003995,0.8 14 0.1 51.4 498.9 373.9
003999,0.5 13 217.0 26.2 484.8 373.4
004000,1.0 14 68.9 22.4 198.0 488.8 1.0 14 186.1 43.1 331.5 463.5
004001,1.0 14 430.1 163.7 458.0 218.3 0.7 6 457.6 167.5 500.1 244.1 0.6 14 116.2 180.7 131.7 214.3
004002,0.7 11 7.3 91.2 303.7 264.6
004004,0.5 10 2.1 302.5 185.6 501.5
004006,0.8 14 253.9 85.3 272.5 110.9 0.8 14 305.8 59.1 326.6 100.1 0.5 14 378.6 88.3 398.1 129.5 1.0 14 103.8 102.4 128.2 141.6 0.9 14 403.1 98.3 433.6 131.7 1.0 14 26.3 108.4 46.9 143.7 1.0 14 168.8 57.6 225.2 196.5 1.0 14 371.9 88.2 392.6 130.9 1.0 14 0.9 97.6 18.2 146.5 0.8 14 78.2 106.9 100.0 141.7 1.0 14 43.0 107.7 61.4 143.5 0.9 12 68.1 102.2 291.1 287.8 0.8 14 59.7 105.8 79.4 141.8 0.6 14 148.4 100.0 169.3 133.2 0.7 12 275.9 77.4 348.6 142.8 1.0 14 59.8 105.9 79.3 141.5 1.0 14 305.6 59.1 335.3 123.9
004007,0.6 18 237.5 123.6 297.7 193.7
004018,0.9 2 4.4 109.4 350.0 332.0
004021,0.0 0 0.0 0.0 10.0 10.0
004022,0.6 16 460.0 151.2 499.7 186.6 0.5 16 21.5 190.9 57.9 218.9 0.6 16 44.9 215.8 127.5 265.0 0.7 16 79.6 155.7 108.8 181.8 0.7 16 204.9 163.8 240.4 209.2
004024,0.0 0 0.0 0.0 10.0 10.0
004026,1.0 6 39.0 134.0 113.5 176.9 1.0 6 145.7 153.1 314.3 308.0
004027,0.5 15 16.6 290.2 142.2 459.8 0.9 15 92.4 369.0 141.3 456.7 0.7 15 12.7 213.7 127.1 350.4 0.7 15 30.0 360.6 142.3 458.0 0.8 15 69.8 40.1 247.5 445.3 0.7 15 115.2 252.1 202.3 451.0
004029,0.9 17 3.5 65.3 434.4 194.4 0.6 17 2.6 65.5 499.3 195.1 0.5 7 13.3 48.1 57.4 115.7
004030,1.0 6 332.7 199.5 499.8 327.2 0.7 6 130.6 201.5 220.4 293.6 1.0 14 200.4 184.2 284.8 374.7 0.9 5 128.5 64.1 455.9 291.2
004032,0.6 4 147.6 168.6 200.4 256.8
004036,0.6 2 42.7 128.9 305.8 221.2 0.8 2 41.0 72.1 305.0 227.0
004038,0.8 15 141.2 192.5 219.7 287.9 1.0 15 241.8 102.3 297.7 183.6 0.9 15 199.4 143.7 263.0 220.4 0.6 15 289.0 13.6 340.2 151.3 0.7 15 283.6 14.4 340.2 164.1
004040,0.5 8 53.1 233.3 134.5 343.6 0.6 19 67.6 172.9 135.6 222.8 0.9 8 54.9 233.1 136.2 343.8 0.6 8 57.9 175.1 138.4 363.3 0.6 10 0.3 287.0 336.5 501.0 0.5 19 203.6 180.7 339.6 305.3
004041,0.8 14 113.7 102.1 299.0 375.8 1.0 14 111.6 102.8 423.3 375.1 1.0 14 267.0 146.6 426.9 375.4
004042,0.7 11 33.1 70.2 243.8 332.6
004043,0.7 6 156.5 106.0 380.4 264.8 1.0 14 334.0 159.7 430.9 294.9
004044,0.9 14 97.0 125.0 384.1 373.3
004045,0.5 17 25.0 63.0 469.9 289.1 0.9 15 350.3 10.6 440.3 138.8 0.9 17 24.2 64.7 476.8 370.4
004048,0.9 7 0.8 1.5 348.7 374.6
004049,1.0 14 1.1 0.6 333.3 436.8 1.0 14 214.2 2.5 470.1 498.8
004050,1.0 6 25.3 25.2 477.1 357.1
004053,1.0 8 109.5 200.8 165.3 291.5 0.8 10 79.7 202.4 146.5 289.4 0.9 19 199.2 94.9 259.7 204.0 1.0 8 69.6 203.0 108.7 284.4 0.8 19 243.7 185.3 353.9 271.3 0.8 19 240.9 184.3 353.7 330.6
004054,0.6 14 29.8 61.8 149.4 275.9 0.5 8 254.3 173.8 333.0 375.2 0.8 14 108.5 70.0 177.6 306.8 0.8 14 241.7 95.3 327.4 287.7 1.0 14 144.8 250.9 205.3 374.8 0.7 14 110.1 72.2 250.5 288.9 0.9 14 161.1 82.9 251.4 275.7 0.8 14 107.3 69.9 178.6 220.8 0.8 14 30.4 61.9 171.3 375.2 0.9 14 30.2 60.4 153.2 374.9 0.9 14 241.3 95.9 329.1 374.7 1.0 14 202.3 212.6 269.5 374.9 1.0 14 306.3 58.9 415.0 374.4 0.8 14 240.5 98.3 328.0 225.1
004055,0.7 4 148.4 102.5 223.3 312.9 1.0 4 208.0 345.9 261.4 500.2 0.6 15 0.5 305.1 161.0 429.7 0.9 4 305.6 388.1 361.6 500.1 0.7 19 162.4 -0.1 375.8 148.5
004056,0.0 0 0.0 0.0 10.0 10.0
004059,0.8 2 217.0 159.5 249.2 206.7 0.9 2 176.3 201.6 211.3 268.6 0.5 2 249.8 48.9 272.8 79.8 0.6 14 321.5 131.8 353.1 172.9 0.9 2 191.3 136.1 232.2 204.7 0.5 2 175.3 188.5 205.2 219.7 0.9 2 259.7 221.7 312.1 259.5
004061,0.5 0 0.8 1.2 319.1 239.2
004062,0.8 11 -1.5 77.8 284.1 287.3
004063,0.8 14 140.2 12.1 333.5 266.6 0.8 14 0.4 2.9 333.0 416.4 1.0 14 1.3 123.7 296.5 411.3 0.5 15 216.2 34.3 331.8 193.1 0.6 14 -0.3 11.9 300.7 408.5 0.9 14 139.9 14.1 333.4 416.7
004064,0.9 19 53.7 0.6 237.0 204.4 0.6 14 304.3 87.3 499.2 373.6 0.9 14 169.1 87.7 499.8 374.8
004065,0.8 14 339.3 167.4 365.3 200.2 1.0 14 452.7 188.9 474.1 246.1 0.9 6 23.4 84.5 420.9 298.0 0.5 14 244.7 153.9 303.9 209.5
004068,0.8 4 309.2 222.3 347.9 332.4 0.8 8 1.1 36.6 113.7 146.3 1.0 4 307.6 178.6 348.1 332.2 0.8 14 258.7 17.2 431.2 202.1 0.9 8 87.1 20.2 192.6 150.4 0.9 4 273.3 171.0 305.3 238.1 0.9 14 248.4 18.5 432.1 253.9 0.8 4 247.8 169.9 310.5 350.6 0.9 10 129.8 212.1 500.0 375.0 0.9 14 237.6 18.8 430.1 349.8
004070,0.9 13 76.9 141.9 231.6 286.1 0.7 14 346.7 117.9 439.4 260.0 0.9 13 247.5 109.4 470.6 308.7
004071,1.0 6 29.3 25.7 491.7 307.2
004072,0.6 16 311.6 199.2 386.3 240.0 1.0 14 139.4 95.0 260.6 375.3 1.0 4 229.4 200.3 259.9 268.2
004074,1.0 14 0.6 15.8 239.1 375.2 0.8 14 1.6 8.6 461.0 374.1 1.0 14 219.6 7.4 460.9 374.6
004078,1.0 0 1.0 94.4 500.0 275.6
004079,0.0 0 0.0 0.0 10.0 10.0
004080,1.0 6 100.6 103.1 393.3 233.1
004081,0.5 8 59.2 0.3 166.2 185.4
004083,0.7 2 327.6 85.0 499.7 373.2 0.7 2 26.2 55.9 498.4 375.0
004084,1.0 14 122.1 20.6 179.0 130.5 0.9 14 94.5 21.1 179.8 133.2 1.0 12 61.5 34.2 287.1 217.8
004086,0.6 7 48.5 6.4 269.7 137.7 0.6 7 188.6 150.1 499.5 374.3
004088,1.0 6 131.8 324.8 289.3 405.6
004090,1.0 14 163.1 165.0 219.3 332.7 1.0 14 222.8 173.1 278.5 333.4 1.0 14 291.1 165.6 352.4 333.3
004094,1.0 14 66.2 159.0 104.5 199.3 0.9 5 25.0 30.1 469.5 302.4
004096,0.9 8 -0.8 4.7 248.3 261.9 0.9 8 237.7 4.7 482.8 263.0
004097,1.0 6 400.2 147.6 499.7 203.8
004098,0.8 19 167.7 200.2 203.9 254.6 0.9 8 271.6 173.2 346.3 325.6 1.0 14 196.1 115.0 240.8 288.7 0.7 8 431.5 175.2 467.9 322.7 0.9 8 219.4 195.9 288.6 313.0 0.6 10 218.7 191.6 442.1 333.0
004099,0.8 5 60.3 172.0 332.4 403.2 1.0 14 175.8 237.9 326.3 500.2
004101,0.6 4 109.1 189.8 200.7 332.1 0.6 14 107.8 169.8 256.1 335.1 0.6 14 174.8 169.0 250.4 299.3 0.6 14 177.4 169.0 254.9 335.2
004103,0.9 14 110.0 189.2 134.9 234.2 0.6 12 103.6 206.7 133.6 238.2 1.0 14 188.6 199.8 218.6 269.0 0.9 14 98.6 193.1 115.8 232.1 0.9 12 189.7 232.7 226.0 302.4
004104,0.8 6 0.8 326.0 34.1 409.3 0.9 5 23.8 231.9 163.5 330.3
004107,1.0 6 95.8 259.4 408.0 355.1
004109,0.8 8 133.4 71.0 346.4 351.6 0.5 14 1.0 1.1 91.9 374.6 1.0 14 107.3 0.4 202.3 246.7 1.0 14 136.1 61.2 351.5 321.5
004112,0.5 11 33.2 21.5 498.4 373.1
004114,0.9 19 419.8 84.6 499.8 261.7 0.8 7 1.5 143.9 385.8 374.5
004115,1.0 6 146.5 192.6 342.9 306.9
004116,0.0 0 0.0 0.0 10.0 10.0
004118,1.0 14 181.8 63.6 281.0 188.8 0.8 14 360.5 121.0 499.9 333.7 0.9 4 330.1 228.5 370.7 324.9 1.0 14 433.7 108.2 481.3 156.4 1.0 4 227.1 256.5 257.2 333.6 0.7 14 406.0 126.1 499.6 334.0 0.8 14 368.3 127.5 499.7 309.9 0.8 14 182.0 63.8 283.8 211.7 1.0 14 55.7 103.7 214.0 334.0 1.0 14 291.7 102.4 418.9 242.7 0.8 10 181.4 200.6 499.8 334.0 0.7 14 368.0 104.4 467.7 273.3 0.7 19 309.8 0.8 385.4 27.0 0.8 14 289.9 102.6 468.4 297.2
004119,0.9 8 444.8 198.6 490.2 333.5 0.6 19 385.3 20.5 483.0 145.7 0.7 8 1.0 195.5 41.8 319.3 0.9 17 117.7 187.0 345.1 311.3 0.6 19 300.6 21.0 404.9 145.9
004123,0.0 0 0.0 0.0 10.0 10.0
004124,0.9 15 0.5 50.5 222.6 375.8 0.9 15 1.3 24.4 499.1 373.7 0.7 15 152.8 30.9 497.0 373.7
004125,0.6 4 424.3 302.9 481.5 375.2 0.9 4 266.8 168.0 328.6 255.7 1.0 14 38.2 0.8 244.0 335.8 0.6 14 42.7 75.1 486.9 366.1 0.5 4 358.5 179.7 429.6 291.3 0.6 4 408.2 184.1 480.9 375.5 0.5 14 263.5 75.7 437.0 260.4 0.9 14 215.3 75.6 488.4 372.5
004126,1.0 14 83.7 74.6 206.3 314.1 1.0 12 92.3 123.0 193.4 431.8
004127,1.0 14 282.5 1.6 500.3 332.5
004128,0.8 14 78.7 27.8 143.6 106.5 0.5 14 317.1 116.2 481.6 374.7 0.5 8 114.9 192.4 252.4 374.1 1.0 14 33.8 32.5 93.2 146.9 0.7 8 240.9 113.6 331.4 373.7 0.9 14 57.0 80.4 204.4 266.6 0.8 8 69.9 190.2 249.5 374.8 0.8 14 206.1 51.8 306.2 202.0 0.5 19 0.7 100.6 42.5 163.1 0.8 14 101.3 11.4 154.3 72.9 0.6 14 66.0 79.7 150.9 146.7 0.6 4 47.0 146.3 61.2 184.0 0.7 4 46.4 146.2 60.7 183.5 0.6 14 153.9 54.0 316.9 285.5 0.7 14 155.7 57.0 305.4 207.6 0.9 14 77.8 23.0 155.4 121.8 1.0 14 57.0 80.0 203.8 362.0 1.0 14 109.4 59.4 316.2 374.5 0.6 14 116.9 1.2 197.0 75.1 0.7 14 205.6 53.1 319.2 286.2 0.5 14 183.9 52.8 314.5 325.2 1.0 14 253.8 115.0 482.2 374.5 0.8 8 263.9 46.5 310.4 113.3
004130,0.8 2 61.7 75.2 424.9 332.5 0.6 2 242.4 74.9 425.2 317.7
004132,0.9 14 166.4 44.9 339.3 332.1 0.8 14 117.4 13.4 213.2 179.7 0.7 4 350.6 63.2 421.2 203.3 0.9 14 52.3 12.7 218.1 332.2 0.6 14 159.5 42.5 450.9 332.8 0.9 17 0.4 75.0 499.7 332.9 0.9 14 223.1 45.4 343.9 325.1 0.6 14 361.5 32.0 499.4 318.6 1.0 14 318.5 32.6 454.0 332.9
004134,1.0 4 214.8 1.9 244.6 94.7 1.0 4 244.5 1.4 277.2 88.8 1.0 4 181.9 2.2 213.9 98.8 0.5 4 142.9 1.5 168.2 63.6 0.5 8 323.3 1.7 500.4 399.1 0.7 4 328.1 246.4 396.6 399.4 1.0 4 103.2 2.1 144.9 107.0 0.7 4 289.4 244.3 392.3 400.3 0.8 4 203.8 2.0 232.6 95.5 0.7 4 193.6 1.9 219.1 93.8 0.5 4 166.2 2.2 196.8 97.1 1.0 4 143.5 2.4 176.9 100.0 0.7 8 297.1 1.5 500.9 399.2
004139,0.7 8 425.8 15.1 499.6 230.9 0.6 19 361.1 21.1 422.4 73.5
004144,1.0 14 204.7 389.7 236.9 474.8 0.7 5 5.3 318.8 62.8 390.8 1.0 14 36.5 378.5 55.7 441.2
004147,0.9 6 71.2 176.7 357.4 256.7
004151,0.6 6 0.9 15.7 318.3 499.9
004153,1.0 0 7.8 42.8 495.5 221.9
004154,0.5 6 252.4 211.7 277.0 237.5 1.0 14 397.3 212.3 421.0 281.7 1.0 14 323.8 212.4 344.2 277.6 0.9 14 446.5 215.9 464.5 281.1 1.0 14 461.8 220.5 487.4 290.9 0.7 14 426.5 213.8 440.4 277.9 0.7 14 363.0 213.3 378.9 253.7 0.8 14 433.2 213.2 446.4 269.4 0.8 14 382.2 214.3 396.0 280.7 0.8 6 1.0 214.2 75.1 296.5 0.7 6 86.3 214.2 118.5 292.6 0.5 5 205.8 195.6 255.1 254.4 0.6 6 0.3 212.1 114.5 296.9 0.5 14 133.8 211.4 149.2 247.1 1.0 14 359.6 212.7 378.3 282.3 1.0 6 171.4 224.7 218.8 255.6 0.9 14 488.6 217.2 500.0 287.5 0.9 14 448.0 217.2 466.9 307.0 0.8 14 286.1 214.2 306.4 282.6 1.0 14 288.7 213.0 310.2 273.6
004155,0.0 0 0.0 0.0 10.0 10.0
004156,0.0 0 0.0 0.0 10.0 10.0
004157,0.7 14 1.2 1.3 498.5 332.1
004159,0.0 0 0.0 0.0 10.0 10.0
004160,0.7 3 427.8 80.7 499.5 192.5 0.9 3 148.4 79.4 358.9 196.9 0.8 14 183.9 124.5 208.4 152.1 0.8 3 145.2 95.9 358.3 196.4
004161,0.7 7 41.1 2.0 375.7 499.4
004162,0.8 19 36.2 34.3 319.5 497.5
004165,0.0 0 0.0 0.0 10.0 10.0
004166,0.5 8 119.1 173.2 190.1 330.7 0.6 10 224.1 215.8 500.4 332.2 0.8 8 123.6 169.9 213.2 328.0 0.9 19 244.3 129.5 303.6 185.1 0.7 10 68.9 218.1 276.1 331.3 0.8 8 133.4 165.1 272.3 279.7 0.9 8 262.6 276.2 376.1 332.3 0.8 8 0.9 200.4 96.3 332.8
004167,0.8 6 49.7 196.4 201.7 374.6 1.0 14 237.3 199.2 273.3 343.3 0.8 5 1.0 38.6 499.6 302.9 0.6 14 74.4 127.8 134.1 227.0 0.7 14 75.9 126.5 131.4 190.6 1.0 14 320.3 147.8 376.8 375.0 0.7 14 214.8 193.8 240.3 347.2 1.0 14 286.8 222.7 327.3 375.6
004172,0.6 6 39.0 288.2 62.1 316.2 0.9 6 0.6 281.4 20.7 322.3 1.0 6 221.2 291.7 265.7 322.0
004173,1.0 14 235.9 124.2 461.8 356.3
004175,1.0 14 4.3 11.2 497.6 374.4
004176,0.6 2 0.2 102.9 272.5 499.2 0.9 2 0.8 103.4 273.7 451.8
004177,1.0 14 192.8 29.2 298.7 225.4 1.0 12 89.2 112.7 411.9 347.8
004179,1.0 14 158.2 73.5 254.6 291.1 0.8 14 87.3 77.6 249.8 374.9 1.0 14 84.3 82.0 198.6 369.8 1.0 14 234.6 35.5 380.5 241.1 0.9 11 168.9 147.0 265.6 297.3
004180,0.8 8 195.2 22.7 274.2 115.1 0.8 19 425.5 52.1 500.0 127.1 0.5 8 197.5 46.0 336.9 119.0 0.5 10 32.1 116.8 496.6 375.1
004181,0.0 0 0.0 0.0 10.0 10.0
004182,0.6 18 210.1 131.3 282.8 199.8
004183,1.0 6 0.9 76.2 61.5 123.9 1.0 14 190.3 82.0 219.5 198.5 1.0 6 69.6 53.3 453.6 375.1
004184,1.0 14 445.6 300.9 465.3 344.9 0.9 14 483.9 312.9 499.9 374.8
004187,0.9 6 324.2 329.7 493.4 375.0 0.7 6 317.7 329.9 403.1 375.2 0.9 6 216.6 312.7 305.9 365.0
004188,1.0 6 66.8 126.8 105.3 167.9 0.6 7 224.8 1.3 501.0 374.6
004197,0.9 8 235.9 119.8 296.9 210.3 0.9 4 64.6 253.8 94.7 299.0 0.7 4 152.8 203.7 187.4 268.5 1.0 14 248.2 16.9 486.6 333.1
004198,0.5 14 0.4 155.0 34.5 278.8 0.6 14 302.5 214.3 330.2 265.6 0.6 14 0.5 155.2 33.4 269.2 0.8 14 179.5 121.9 271.0 370.6 1.0 14 145.2 114.5 263.9 464.4 0.9 14 0.7 154.5 35.2 209.0 0.8 14 170.3 119.4 270.0 463.6
004199,1.0 0 3.8 73.5 497.9 207.8
004202,0.9 11 55.1 159.2 254.0 349.6 0.9 11 269.3 121.7 498.1 362.7
004206,0.9 2 48.2 58.1 378.7 378.8
004207,0.9 14 140.6 11.4 265.5 374.5 0.9 14 17.3 11.0 265.7 374.8 0.7 4 205.6 233.3 245.9 366.4
004208,0.9 1 219.0 135.3 258.2 215.8 1.0 14 215.9 94.5 261.8 201.4
004210,0.8 14 315.8 17.7 417.7 117.5 0.5 14 -0.3 23.8 238.9 275.8 0.8 14 4.1 19.4 489.6 201.9 0.7 14 309.7 16.4 489.7 118.0 0.8 14 0.1 23.8 244.6 372.7 0.7 10 1.5 99.0 498.7 375.1
004211,0.0 0 0.0 0.0 10.0 10.0
004213,1.0 14 161.6 68.3 348.2 294.2 0.8 14 1.5 1.5 324.0 374.2 0.9 14 0.9 1.0 130.1 373.7 1.0 14 159.1 68.8 349.8 374.8
004214,1.0 13 181.2 98.2 355.3 231.5 1.0 14 211.4 65.9 306.7 206.1
004216,1.0 6 309.7 192.7 384.0 253.3
004217,1.0 6 5.4 65.4 495.7 288.1
004218,0.5 2 147.9 196.9 187.8 235.7 0.7 2 99.3 185.6 134.0 217.7 0.9 2 206.0 169.4 238.5 217.8 0.8 2 4.9 182.0 72.9 245.3 0.9 2 136.9 176.4 189.7 235.6 0.6 16 321.1 227.8 409.2 332.2 0.6 2 321.5 195.2 338.6 217.7
004219,1.0 14 361.2 67.7 447.8 214.1 1.0 14 129.9 61.4 229.6 204.4 0.9 14 1.0 63.8 74.8 213.4 0.9 14 36.5 70.5 129.1 213.4 0.9 14 0.7 64.7 124.1 214.6 1.0 14 291.4 69.7 381.0 213.5 1.0 14 198.9 72.0 315.5 212.8 0.7 14 280.6 67.9 447.0 213.4
004222,0.6 17 355.7 160.3 499.9 306.8 1.0 15 81.6 166.4 146.1 251.9 0.5 15 138.6 206.7 179.1 250.1 0.9 19 415.6 75.1 485.9 161.2 0.9 19 158.5 132.6 211.0 204.5 0.9 17 229.2 157.3 362.3 267.5 0.8 17 354.8 159.6 499.6 269.5
004225,0.7 0 1.6 0.9 284.0 294.7
004226,0.0 0 0.0 0.0 10.0 10.0
004227,0.6 8 366.2 164.9 499.6 338.8 0.7 8 284.4 143.7 424.7 332.9 0.7 8 53.4 178.2 264.6 374.5 0.8 8 51.3 268.4 337.5 375.2 0.6 8 194.5 176.2 267.0 315.4 0.5 19 15.2 6.0 409.8 150.7 0.9 8 248.9 141.7 421.1 361.6
004233,0.6 16 354.7 112.6 378.8 145.8 0.5 9 118.9 140.8 416.8 351.3
004234,0.5 9 1.1 28.3 58.0 132.5
004235,0.9 18 31.8 56.6 434.8 335.6
004236,0.6 4 80.1 149.8 161.1 333.8 0.8 4 250.4 25.4 277.1 79.8 0.6 4 182.3 26.1 213.8 138.6 0.5 4 218.6 124.0 269.1 238.4 0.6 4 143.5 23.7 173.2 105.0 0.6 4 141.8 113.4 196.5 253.5 0.6 4 189.5 55.1 225.0 148.3 0.8 4 245.7 27.8 278.4 151.7 0.9 4 181.6 25.5 211.2 103.9 0.8 4 143.3 113.0 186.0 211.4 0.6 4 151.2 30.8 184.7 108.4 0.6 4 94.4 148.2 139.6 233.9 0.6 4 218.2 125.0 273.9 265.1 0.9 4 294.4 125.7 373.9 333.3 0.6 4 246.6 65.1 279.3 160.3 0.8 4 206.5 137.5 283.1 333.3
004238,1.0 14 222.1 111.2 335.2 356.4 0.7 14 310.6 21.1 469.0 183.7 0.6 14 225.7 110.8 336.9 278.2 1.0 14 3.1 103.7 112.9 357.4 0.8 14 309.0 20.1 477.8 355.8
004240,1.0 6 70.3 372.5 273.0 463.1 1.0 6 274.7 395.3 333.0 445.0
004243,0.7 13 187.2 166.9 264.3 262.4 0.8 13 294.7 134.0 423.2 233.8 0.8 13 380.2 135.9 462.1 198.3 0.7 13 372.8 130.2 462.1 197.9 0.8 13 262.9 133.1 424.5 237.0 0.9 13 84.6 167.5 210.8 289.7 0.8 13 435.8 127.7 499.8 178.8 0.6 13 373.5 131.2 499.4 193.8 1.0 14 42.9 121.7 87.5 213.6 0.9 14 433.1 117.2 456.9 154.1 0.9 14 275.5 139.7 347.4 199.0 0.5 13 82.6 165.8 259.6 289.4 0.6 13 371.2 130.0 463.0 198.4 1.0 14 407.9 120.1 429.0 156.3 0.5 13 224.4 141.0 323.8 242.7 0.9 13 1.5 178.3 104.5 311.7 1.0 14 457.0 113.0 477.9 143.1 0.5 13 395.4 128.9 499.6 187.5 0.8 13 205.5 134.0 428.2 241.1 0.9 14 428.7 118.2 457.7 184.1 0.7 14 297.5 146.1 355.8 197.1
004245,1.0 14 204.2 119.2 279.6 236.6 0.5 6 -0.7 122.4 291.2 338.7 1.0 6 93.0 162.8 500.2 375.0
004248,1.0 14 237.1 136.9 265.4 168.9 0.6 14 421.4 155.6 457.0 188.3 1.0 14 180.0 263.4 268.2 333.4 0.7 0 1.9 1.2 496.4 331.8 1.0 14 185.6 147.5 239.5 218.4
004249,1.0 14 207.4 100.9 229.2 154.6 0.9 6 296.9 110.8 343.5 132.2 0.9 14 257.8 156.1 299.5 191.6 1.0 6 173.4 160.0 423.6 250.3
004250,0.6 8 63.7 152.8 130.7 281.4 0.9 8 3.3 205.8 86.4 411.1 0.9 8 63.4 145.5 144.2 279.9 0.6 8 113.4 101.2 164.9 165.4 0.7 8 3.9 210.0 153.6 419.5 0.7 19 268.3 2.5 359.7 165.9 0.5 10 69.1 218.4 299.6 367.9 0.6 17 71.7 100.1 360.0 403.6
004251,0.9 2 188.1 71.2 308.8 257.0 0.6 2 187.0 71.4 309.2 279.4
004252,0.9 4 389.8 245.5 430.3 329.6 0.6 19 257.2 248.2 356.0 374.6 0.9 7 155.4 229.2 319.2 374.9 0.9 15 210.1 104.1 310.4 191.1 0.6 10 1.3 173.9 500.0 375.9 0.9 19 203.6 30.9 294.3 112.4
004254,1.0 6 0.8 113.9 114.7 205.3 1.0 6 82.2 111.4 463.7 288.0
004260,0.5 19 84.4 84.1 259.6 150.1 1.0 14 87.4 1.0 500.2 280.3
004261,0.7 18 212.8 138.1 297.8 189.2
004262,0.8 8 259.6 261.2 346.5 413.7 0.6 8 19.0 162.1 162.8 452.0 0.8 8 260.0 256.2 304.2 365.2 0.6 8 0.1 161.2 163.4 500.0 1.0 8 153.3 260.2 237.8 354.1 0.8 19 174.1 158.5 260.3 289.7
004266,0.8 14 441.4 61.8 499.8 168.6 0.9 12 56.0 66.5 459.6 323.7
004267,0.6 2 155.3 42.4 360.5 258.3
004268,0.9 14 205.6 145.5 230.8 186.5 0.6 4 148.7 132.4 190.0 294.0 0.9 14 189.1 252.7 217.8 296.3 0.9 14 192.2 149.4 222.9 190.0 0.7 8 399.0 108.2 499.5 287.6 0.9 14 187.6 96.5 216.4 136.8 0.6 14 190.1 148.0 225.7 252.2
004276,0.6 15 10.9 60.7 57.6 102.1 0.6 17 2.9 96.1 314.2 235.6 0.5 14 280.6 83.6 374.9 373.8 0.6 4 178.7 272.1 249.4 340.9 1.0 14 71.2 98.5 135.9 237.8 1.0 14 129.7 155.6 248.7 376.4 0.8 4 1.0 224.5 70.7 350.8 0.9 14 269.9 82.1 375.1 324.2 0.7 14 181.4 83.6 375.6 498.4
004277,0.6 11 198.1 306.4 312.3 478.6
004278,0.9 0 14.0 130.4 493.7 337.4
004282,0.7 2 60.3 53.5 452.3 349.6
004285,0.7 14 443.7 136.3 499.7 189.6 1.0 14 0.1 58.6 266.1 333.4 1.0 14 243.1 76.4 492.9 331.6
004288,0.9 11 199.1 137.9 394.1 373.1 1.0 14 17.2 1.7 274.8 374.4 0.8 14 1.2 1.3 208.3 374.1 0.7 14 273.5 1.5 496.2 292.8 0.8 11 201.7 138.3 483.0 373.1 1.0 14 265.3 1.8 498.3 374.3
004289,0.6 14 110.8 78.1 279.9 316.1 0.6 14 0.9 130.3 83.9 228.1 0.5 14 103.9 116.1 161.0 284.0 1.0 14 147.4 77.9 280.3 269.1 0.8 14 105.0 117.5 155.3 228.0 0.8 14 0.6 129.5 209.6 375.5 0.9 14 0.8 129.6 138.7 375.4 0.6 14 113.5 64.9 495.2 373.8 0.6 8 419.5 223.6 499.6 375.3 0.7 14 222.9 64.6 425.6 374.6 0.6 14 150.0 64.9 422.1 373.8 1.0 14 213.9 63.6 496.7 374.2
004290,1.0 6 1.1 212.7 56.4 297.1 1.0 6 337.8 197.3 419.9 267.8
004294,1.0 12 141.7 120.6 435.3 299.2 1.0 14 261.2 74.2 326.2 237.3
004297,0.6 11 188.8 153.6 313.3 329.6 0.5 14 201.0 2.0 404.1 322.4 0.6 11 188.1 152.5 315.2 249.3 1.0 14 206.1 0.6 499.6 318.8
004299,1.0 14 272.4 121.3 295.6 187.4
004301,1.0 14 132.0 44.1 258.2 283.5 0.9 12 89.9 85.2 315.4 355.3 0.7 12 15.2 85.1 316.5 465.7 0.7 12 85.4 85.4 305.8 466.2
004302,0.9 5 0.5 123.1 232.4 262.9 0.6 5 1.1 149.4 120.3 263.8 0.9 5 301.1 122.7 499.7 262.4
004305,1.0 6 341.2 275.5 397.1 309.2 0.8 6 443.7 277.9 470.4 296.3 0.7 14 9.4 279.1 25.5 311.5 0.9 5 75.1 178.9 282.1 341.3 0.8 13 292.8 279.7 337.3 366.5 1.0 14 288.9 242.9 343.7 362.3
004306,0.5 11 180.7 31.4 458.1 355.5
004308,0.8 19 0.2 56.9 116.5 335.9 0.9 19 173.3 56.3 499.1 354.5
004309,0.5 14 146.8 76.7 304.0 240.0 0.9 14 473.4 86.4 499.9 247.0 0.9 14 202.6 76.5 302.2 243.0 0.8 12 99.6 159.5 420.7 374.9 0.7 12 245.6 159.0 420.6 375.7
004311,0.9 4 220.7 150.0 243.2 211.9 0.9 15 281.1 120.9 366.3 198.9 1.0 14 71.5 42.2 215.6 489.9 0.7 4 351.4 398.1 380.6 495.2
004313,1.0 6 14.1 176.3 480.6 416.7
004314,1.0 0 11.8 69.0 491.3 259.0
004316,0.5 7 71.4 112.6 280.5 295.0
004317,1.0 14 156.4 189.2 259.3 304.9 0.7 14 117.7 210.5 177.0 298.5 1.0 14 87.3 134.6 161.2 298.2 0.7 14 1.5 153.0 66.3 307.2 0.5 14 185.8 190.6 250.5 306.2 0.9 14 1.7 153.5 112.6 307.5 0.5 14 274.8 252.6 411.6 296.1 0.7 14 144.0 210.3 181.1 299.3
004319,0.6 19 33.2 79.2 78.8 128.5 0.7 8 0.8 116.1 88.9 197.7 0.7 19 374.7 61.1 500.6 164.1 0.8 8 129.5 99.6 244.2 214.4 0.6 10 0.7 151.1 499.7 375.9 0.7 15 192.9 0.3 347.3 179.1
004320,0.6 6 146.7 165.3 323.2 264.0 0.6 6 17.1 178.1 45.5 216.4 0.9 14 291.3 153.4 335.1 236.3
004324,0.9 18 1.7 64.6 412.1 322.4 1.0 14 350.5 118.3 372.2 176.2
004328,1.0 14 47.0 123.2 142.7 261.1
004330,0.5 1 298.2 137.8 498.4 263.8 0.9 1 302.0 60.0 499.9 264.2 1.0 14 342.2 54.2 477.6 228.6
004332,0.0 0 0.0 0.0 10.0 10.0
004334,0.7 14 5.9 67.6 324.9 498.7
004335,1.0 6 111.4 78.1 368.5 284.4
004336,1.0 14 64.3 43.3 257.0 375.0 1.0 14 249.8 41.3 497.6 374.9
004337,1.0 6 355.3 170.5 499.5 240.5 0.7 6 7.2 165.6 101.7 194.9 1.0 6 256.5 170.6 399.4 226.3 0.9 6 87.5 167.3 156.2 200.2 0.7 6 167.0 170.1 285.4 215.3 0.9 6 14.3 167.5 66.9 192.1 0.8 6 88.7 166.9 189.6 202.3 0.6 6 203.3 172.0 286.1 216.7 0.6 6 151.8 169.7 284.7 213.2 0.9 6 41.8 167.2 104.3 195.3 0.9 6 150.1 174.4 227.4 209.2
004340,0.6 2 64.7 111.8 352.9 374.8 0.7 2 66.3 108.7 353.5 339.3
004342,0.6 17 198.7 178.5 498.4 374.1 0.9 19 183.2 170.4 224.1 235.0 0.9 19 46.9 128.5 143.6 253.5 0.9 14 182.3 109.0 351.5 269.7 0.9 19 0.8 94.3 57.4 249.1 0.6 19 96.6 131.8 145.3 252.0 0.7 14 183.0 110.0 346.4 369.0 0.6 14 361.5 88.7 500.3 289.0 0.8 14 194.5 88.5 500.1 374.9 0.7 14 268.3 110.4 352.3 225.2
004343,0.6 11 82.0 35.3 500.4 284.3
004344,0.9 1 101.8 196.4 200.3 408.8 1.0 14 103.0 138.1 198.1 333.4 0.9 1 102.6 221.2 200.2 407.7
004348,0.9 4 450.5 57.6 499.7 192.5 0.9 4 469.2 0.5 499.5 65.5 0.7 10 0.6 64.6 499.7 380.2 0.9 4 403.0 45.4 455.2 169.2
004350,0.7 2 94.6 114.5 366.0 307.7 0.7 2 38.7 110.1 498.2 360.9 0.7 2 192.6 114.5 365.0 305.2
004353,0.9 7 10.2 10.9 497.0 331.5
004355,1.0 4 234.5 195.7 280.0 349.5 0.9 14 237.2 51.0 352.2 278.8 1.0 14 141.9 36.4 256.3 261.7 0.8 14 300.8 51.9 476.2 321.5 0.7 4 51.6 299.8 86.7 374.5 0.9 4 74.2 308.7 112.3 374.4 1.0 14 0.5 56.3 175.2 283.6 0.7 4 47.0 283.4 90.1 374.4 1.0 4 183.9 183.2 224.4 326.8 0.5 10 1.2 245.3 499.5 375.7 0.8 14 235.7 51.9 358.3 314.3 1.0 14 301.2 53.6 500.0 359.8
004357,1.0 14 280.3 200.6 335.9 353.4 0.6 14 485.2 228.0 499.9 323.4 0.7 8 280.6 245.8 361.6 346.6 0.7 8 282.6 292.0 353.5 348.3 1.0 14 369.9 209.2 428.6 333.5
004358,0.0 0 0.0 0.0 10.0 10.0
004362,0.8 2 220.6 194.1 348.9 420.8 0.8 2 220.6 196.1 349.6 450.5
004363,0.9 15 33.8 117.6 96.9 184.9 0.9 14 317.4 143.4 361.4 227.2 1.0 14 56.2 114.2 217.2 282.5 0.6 14 304.4 122.7 450.0 282.2 0.7 17 196.4 171.2 500.7 331.7 0.6 19 272.9 44.0 351.0 121.0 0.8 14 205.5 123.7 452.0 330.7
004366,0.9 4 234.5 263.2 260.0 340.5 0.7 19 146.3 115.2 209.8 192.5 1.0 14 176.1 97.7 276.9 299.4 0.7 17 312.1 116.7 500.4 250.4 0.6 8 324.4 166.8 440.6 373.8 1.0 14 234.9 196.1 347.8 321.4
004373,0.0 0 0.0 0.0 10.0 10.0
004374,0.9 3 179.7 174.6 274.3 221.8
004375,0.7 16 111.9 165.1 171.4 217.5 0.7 16 347.4 139.7 397.6 199.6
004377,0.8 0 186.9 286.1 203.7 309.8 0.9 0 198.6 176.6 219.4 200.1 0.9 0 196.6 212.2 216.6 253.1
004378,0.8 14 0.5 101.3 57.6 346.4 0.7 6 226.6 93.2 376.0 236.6 0.9 14 1.3 104.2 154.9 499.9 0.9 14 0.7 103.1 56.6 498.6 1.0 14 96.4 86.8 271.7 499.1
004381,0.9 14 237.2 22.4 366.5 134.4 0.7 12 8.8 105.7 367.9 316.2 0.7 14 162.3 23.2 372.4 282.4 0.9 12 6.9 54.8 447.9 314.5 0.9 14 229.3 23.0 363.8 292.8
004382,0.6 0 128.6 146.4 401.4 212.5
004383,0.0 0 0.0 0.0 10.0 10.0
004385,0.6 10 13.7 135.5 442.1 364.2
004388,0.9 18 93.7 98.0 445.1 249.0
004393,0.6 18 0.3 207.2 306.3 339.4 0.6 18 167.0 207.2 307.3 342.2
004394,1.0 2 258.1 90.1 379.8 238.6
004395,0.9 1 127.2 139.7 378.8 298.3 1.0 14 163.0 50.4 335.0 266.3
004398,1.0 0 14.1 99.4 473.0 233.2
004399,0.7 9 239.6 146.0 368.8 237.3 0.5 9 165.4 117.0 221.8 219.6
004400,0.6 7 109.8 1.3 384.4 374.6
004401,0.9 19 58.4 126.4 112.6 181.4 0.9 7 173.4 67.7 278.1 185.9
004402,0.8 5 140.4 15.5 499.2 292.3
004403,0.8 14 160.3 26.5 301.3 332.6
004406,0.8 2 123.9 75.3 423.3 328.2 1.0 2 124.0 73.6 422.2 220.4
004407,0.0 0 0.0 0.0 10.0 10.0
004408,0.6 14 256.4 28.5 328.8 116.2 0.8 14 97.5 26.4 334.9 333.8 0.9 14 387.3 64.7 500.0 333.8 0.8 14 3.5 18.0 151.8 225.2 1.0 14 14.2 18.8 62.0 85.1 0.5 14 181.3 19.5 222.3 78.3 0.7 14 386.3 66.7 499.9 256.9 0.7 14 228.6 27.9 330.5 176.6 0.9 14 106.1 17.0 211.2 159.9 0.6 13 0.2 1.8 277.6 332.7 0.5 13 0.9 3.8 201.9 332.6 0.5 14 106.0 18.6 160.9 96.0 0.9 14 100.7 67.8 391.6 322.8 0.8 14 108.1 17.4 177.0 95.9 0.7 14 194.9 25.9 390.3 243.8 0.8 14 279.2 68.4 396.3 300.2 0.5 14 250.1 27.7 333.9 267.4
004410,0.7 8 254.7 181.3 357.0 375.0 0.6 19 49.1 65.5 147.5 208.2 1.0 14 146.3 53.4 255.7 209.3 0.6 14 144.9 53.7 258.5 280.9 0.8 14 150.6 52.6 334.2 337.4 1.0 14 220.2 21.9 335.1 180.1 0.8 14 224.1 19.9 334.0 341.2 0.9 8 217.1 181.0 356.1 375.5
004412,0.6 14 87.0 97.2 471.3 374.4 0.8 13 82.5 127.8 475.4 373.6 0.5 14 271.4 95.4 470.4 343.8 1.0 14 239.8 97.7 469.0 374.4
004413,0.9 2 60.7 6.1 464.9 331.8
004414,0.5 18 120.1 112.3 384.7 234.8 0.6 5 193.6 114.1 386.8 234.2
004415,0.6 2 23.7 127.6 457.3 214.4
004416,0.6 2 84.6 125.8 386.4 307.8 0.6 2 253.8 133.3 340.0 202.8 0.6 2 86.6 126.6 283.1 308.6
004417,1.0 14 309.9 84.0 329.1 143.0 0.9 14 147.5 211.8 195.6 291.0 1.0 1 181.3 123.5 246.3 174.8 1.0 14 28.6 126.0 47.4 169.4 0.8 14 193.7 110.7 238.1 162.6 1.0 1 130.1 211.4 194.3 324.7
004418,1.0 19 37.1 151.5 174.1 245.7 0.6 19 37.1 151.8 174.9 300.4 1.0 14 165.8 238.8 297.3 426.2
004419,0.8 11 188.2 181.1 347.2 361.0 0.5 11 189.9 181.2 459.5 359.7 0.9 11 192.5 118.2 293.7 200.8
004420,0.5 8 0.8 -0.1 47.9 131.1 1.0 14 61.2 35.3 299.8 291.1 0.7 8 52.7 1.0 153.4 128.8 0.5 14 2.0 141.5 484.0 375.1 1.0 14 278.2 140.7 484.2 374.8
004422,0.9 4 114.7 265.6 148.9 347.2 0.9 4 80.3 271.8 111.0 347.9 0.8 4 379.8 223.3 404.9 284.0 0.8 4 143.9 257.9 176.7 338.2 0.9 4 230.9 86.6 286.9 223.4 0.5 10 2.3 63.5 499.7 375.7 0.6 4 457.1 200.8 492.0 283.9
004425,0.0 0 0.0 0.0 10.0 10.0
004426,0.8 6 17.8 10.2 144.1 72.9 0.9 6 74.7 7.1 144.9 71.4 1.0 6 38.9 13.3 425.2 319.2
004427,0.9 7 95.4 31.2 287.6 325.8
004428,0.5 7 105.4 1.7 262.2 261.9 0.5 7 108.5 73.3 265.1 263.5
004431,0.7 6 55.2 271.3 172.0 350.4
004435,0.9 14 411.2 273.6 499.9 333.3 0.7 4 402.0 306.9 425.4 333.2 1.0 14 9.3 196.9 187.3 333.8 1.0 14 154.6 42.4 327.5 332.4 1.0 14 300.2 149.0 376.4 333.4
004440,1.0 14 74.7 1.6 444.5 374.4 0.6 17 2.0 177.3 498.5 374.5
004442,1.0 6 389.8 244.7 489.7 306.7
004443,0.9 2 221.8 138.1 264.8 211.3 0.9 2 335.7 138.0 388.9 201.2 0.9 14 286.9 108.3 309.3 131.6 0.7 14 312.4 101.8 330.0 129.3
004444,0.9 7 46.3 21.9 403.1 328.8
004445,0.5 16 72.1 89.2 176.9 153.1 0.7 9 230.8 68.5 458.9 216.6 0.6 16 218.6 140.5 273.0 235.2
004447,0.9 1 428.1 176.5 495.5 239.2 1.0 14 68.9 131.8 98.7 215.4 0.6 1 180.8 267.2 255.4 309.7 1.0 14 54.1 136.5 80.2 211.5 1.0 14 316.9 127.4 357.7 311.6 0.9 1 180.3 252.3 344.0 345.0
004448,0.9 13 94.2 46.0 273.7 287.9 0.6 13 235.7 54.1 493.0 244.6
004449,1.0 8 43.2 180.2 197.7 370.6 1.0 14 184.2 152.2 295.8 364.0 0.6 14 48.3 1.6 87.2 94.1 0.7 8 284.0 197.2 489.8 375.2 0.9 8 78.1 113.5 122.8 185.9 1.0 14 92.7 121.1 207.8 350.9 0.6 10 0.8 147.3 374.0 372.7 1.0 14 287.9 82.8 485.6 374.8
004451,1.0 15 2.1 256.7 196.1 374.8 0.9 15 156.3 223.4 227.3 342.3 0.5 8 384.8 1.8 474.5 112.3 0.9 15 387.0 113.6 411.2 136.4 1.0 15 33.5 166.4 171.5 259.7 0.7 15 417.9 116.3 440.1 138.3 0.7 8 383.8 1.3 498.9 126.3 0.7 15 2.1 250.9 214.7 374.2 0.8 8 347.7 1.0 487.8 124.2 0.9 8 342.4 1.5 411.6 106.4
004453,1.0 6 63.3 75.3 417.4 342.8
004454,1.0 14 213.1 95.3 312.5 378.3
004456,1.0 14 163.0 65.5 205.2 113.2 0.6 6 60.8 77.8 462.7 323.6 1.0 6 61.0 78.0 463.5 298.5
004458,1.0 6 54.1 167.7 431.2 267.1
004460,0.5 4 158.9 35.6 243.5 118.0
004461,0.6 2 14.7 38.8 391.7 310.6 0.8 2 12.6 37.8 481.8 314.7
004462,0.9 2 452.6 78.6 492.5 118.3 1.0 2 204.6 86.3 288.1 157.7 0.9 2 353.3 149.1 434.9 240.6 0.7 2 173.3 54.2 205.6 96.0 0.9 2 280.0 297.7 362.9 374.8
004465,0.9 14 83.3 71.8 298.8 360.7 0.7 14 0.9 70.2 295.2 357.4 0.9 14 88.3 118.2 424.3 374.3 0.9 17 2.4 103.5 494.6 373.9 0.9 14 220.8 122.6 425.3 368.3
004467,0.8 7 174.8 43.9 393.1 305.0
004469,0.6 4 216.2 166.4 236.5 217.7 0.9 4 186.8 324.6 214.5 374.6 0.9 14 51.3 76.5 105.1 117.3 0.8 8 365.3 78.5 427.4 125.9 0.6 14 309.9 117.6 430.3 347.6 0.6 4 168.2 189.6 202.7 279.7 0.5 4 197.1 196.3 217.0 256.4 1.0 14 78.5 105.9 153.8 233.7 0.9 4 155.7 323.6 183.9 374.4 0.6 14 76.1 103.9 147.5 299.3 1.0 14 333.1 11.8 359.9 79.2 1.0 14 1.2 101.7 117.8 358.4 0.5 8 118.9 105.9 154.0 161.6 0.9 10 42.2 191.2 473.1 375.1 0.9 14 261.4 98.7 407.4 294.5 0.9 14 307.8 118.2 417.4 292.8 1.0 14 241.9 115.1 498.7 374.6
004472,0.7 7 0.9 1.3 385.6 374.4
004473,0.9 6 209.7 130.2 391.7 206.5
004475,0.6 14 358.4 306.4 375.0 364.3 0.5 14 340.2 306.8 375.0 430.5 1.0 14 317.7 308.0 360.3 399.4 0.7 13 67.8 111.9 348.1 499.3 0.6 13 12.0 106.5 348.7 499.9
004476,1.0 14 330.8 68.0 500.5 375.1 0.6 4 365.0 80.7 402.7 172.5 0.8 4 337.7 2.2 411.4 172.5 1.0 14 0.2 101.0 216.2 335.2 0.8 4 56.9 42.3 95.5 107.1 0.8 4 95.0 316.4 137.0 374.3 0.6 4 334.7 77.9 404.7 294.0 1.0 4 24.1 224.0 56.1 332.1 1.0 14 215.8 113.9 380.3 374.0 0.6 4 327.5 78.7 358.1 172.1
004477,0.5 0 1.7 180.9 347.4 251.0
004478,0.9 6 132.4 33.9 248.8 77.7 0.9 14 29.3 33.8 55.8 74.2 0.7 6 1.8 24.8 142.7 115.6
004480,0.5 14 125.7 9.7 325.9 300.0 1.0 14 2.4 11.5 332.3 479.2 0.5 14 11.4 11.7 329.5 320.1 0.6 14 117.7 10.4 333.7 320.5
004482,1.0 14 6.2 76.5 218.9 333.6 1.0 14 203.9 58.6 369.7 290.3 0.6 10 122.9 247.8 502.3 375.7
004483,0.8 18 -1.0 120.3 219.2 328.2 0.8 18 0.5 118.4 443.1 328.3 0.7 18 210.1 126.5 444.4 277.5
004485,1.0 14 418.1 27.1 498.5 316.7 1.0 14 157.0 87.6 243.4 327.4 0.9 14 11.3 124.4 101.1 371.5 0.9 14 215.2 66.3 296.4 317.6 1.0 14 83.6 88.4 174.6 352.6 1.0 14 12.0 125.7 143.4 371.8 1.0 14 277.2 70.5 355.2 316.8 1.0 14 341.3 33.5 430.4 313.0
004486,1.0 15 94.4 93.9 139.9 149.4 1.0 15 222.6 125.5 277.5 241.2 0.6 15 157.6 159.4 228.2 244.8 0.7 8 16.8 63.4 155.7 282.3 0.7 8 26.4 64.4 143.7 221.3 0.7 8 12.6 63.7 156.9 341.1 1.0 15 151.7 125.3 226.8 244.8 0.6 15 184.6 119.4 223.9 168.5 0.6 15 159.3 125.3 221.2 171.4
004489,0.9 7 84.4 1.4 326.8 289.5
004491,0.6 4 418.7 261.6 450.9 310.2 1.0 14 171.4 130.7 322.7 297.0 0.9 17 157.6 142.8 400.8 363.0
004492,0.6 6 1.5 1.3 498.7 374.0 0.8 7 106.0 37.4 317.2 316.5
004497,0.9 14 284.4 213.8 330.3 344.2 0.6 0 0.6 48.9 499.8 338.2
004501,0.5 11 357.9 125.0 499.5 375.1 0.9 19 14.1 114.9 89.2 175.9 0.7 11 35.8 213.3 378.0 360.7 0.8 11 200.3 190.5 382.5 361.5
004503,0.5 2 135.8 74.4 340.6 257.2 1.0 2 134.7 73.2 344.5 301.8
004504,0.9 4 266.4 70.2 315.2 170.7 0.8 7 -0.2 69.2 218.5 327.9 0.8 4 357.5 22.1 437.8 313.9
004505,0.6 18 23.1 37.3 309.9 297.3 0.8 18 0.1 15.2 312.1 298.7 0.6 18 0.9 17.5 499.8 297.8 0.8 14 251.4 159.5 278.1 231.0
004506,0.9 8 90.5 169.4 272.8 462.9 0.7 10 1.1 261.6 375.3 501.4
004511,0.6 7 15.0 0.7 498.4 237.6
004513,0.6 0 238.2 166.9 263.0 182.4
004515,0.9 7 1.4 94.7 361.8 339.5 0.5 14 10.6 2.1 361.4 392.1 0.6 14 9.2 2.8 333.1 315.1 0.9 14 13.9 1.6 362.8 476.6
004516,1.0 14 203.3 80.8 261.8 131.3 1.0 14 315.5 180.1 377.9 332.9 1.0 14 232.5 125.6 324.0 332.6 1.0 14 325.5 86.7 478.6 332.7
004521,0.9 6 173.5 196.5 191.6 208.9 1.0 6 152.2 196.7 176.6 211.4 1.0 6 242.0 196.5 276.0 213.6
004522,0.5 12 234.3 190.1 398.7 322.5
004523,1.0 1 9.8 170.9 98.1 239.4 0.6 14 1.1 144.1 30.3 373.7 1.0 14 147.4 93.0 237.7 369.0 1.0 14 9.2 132.7 54.7 228.9 1.0 14 142.9 92.8 239.6 368.5 1.0 14 268.1 116.9 348.3 374.9 0.7 14 360.3 116.8 437.1 274.1 1.0 14 360.7 115.3 459.1 374.4
004525,0.5 14 240.9 76.7 278.5 117.4 0.6 4 349.2 1.5 482.9 324.6 0.8 4 117.4 283.5 169.2 333.5 0.7 4 420.7 258.6 493.0 334.3
004529,0.9 2 232.7 48.9 322.5 88.4 0.5 19 0.8 1.1 499.4 227.2 0.9 2 234.9 49.7 411.1 192.5
004531,0.8 7 0.5 1.4 433.5 394.6
004533,1.0 0 191.8 187.3 307.0 233.6
004534,0.6 8 406.2 268.0 476.7 374.4 0.8 8 405.7 269.4 499.6 375.0 0.9 14 367.2 172.9 391.8 227.5 0.9 1 355.4 196.1 403.1 231.0 0.5 14 453.9 186.2 473.7 216.0 1.0 14 197.9 183.9 223.7 238.3 0.6 19 33.1 145.5 72.3 189.1 0.7 19 423.5 155.4 499.6 216.7
004536,0.7 14 119.4 117.6 424.7 276.3 0.9 14 117.2 154.1 423.6 277.2 0.9 14 300.5 117.3 423.3 204.7
004538,1.0 14 214.6 34.2 311.8 226.6 1.0 12 40.3 77.2 403.8 312.1 0.9 12 39.6 76.0 403.6 367.8
004541,0.5 5 7.4 57.2 209.1 309.0 0.5 5 225.1 58.2 499.7 302.5
004543,0.7 6 466.6 65.1 500.0 99.7 1.0 6 16.4 46.9 329.9 306.4 0.9 6 222.4 34.3 500.0 224.3 0.5 6 316.4 42.2 500.7 223.8
004545,1.0 6 1.7 105.5 132.7 195.7 1.0 14 209.8 12.9 351.6 235.7 0.7 12 145.5 208.3 198.1 346.7 0.9 12 215.1 75.0 423.2 373.3 1.0 14 429.5 123.1 450.2 176.3 1.0 14 269.4 13.7 351.0 234.6
004546,0.9 4 52.5 151.6 151.2 374.8 1.0 4 156.8 202.3 218.5 375.0
004547,1.0 1 268.3 227.7 370.1 374.3 1.0 14 290.8 101.2 384.2 346.3
004550,0.6 4 198.6 1.1 345.5 214.3 0.7 13 1.7 1.6 498.9 373.9
004554,0.6 6 76.2 22.5 475.7 277.6 0.6 6 76.1 22.0 474.8 320.0
004556,1.0 0 1.7 43.6 498.3 275.2
004557,0.8 14 26.3 1.0 498.5 374.2
004559,0.7 19 264.9 100.1 324.5 153.3 0.7 14 364.7 229.4 381.8 268.7 0.5 8 269.3 242.9 335.9 326.9 0.6 8 427.6 222.7 484.8 326.6 0.7 19 174.6 104.8 247.2 148.8 0.8 8 269.4 231.7 307.2 327.3 0.5 8 436.3 200.7 488.1 326.0 0.7 8 419.7 198.8 482.6 274.7 0.5 8 418.5 198.0 449.7 251.6 0.9 8 277.5 228.2 332.8 326.4 0.8 6 121.4 173.2 160.5 212.2 0.8 14 365.1 229.4 382.4 268.5 0.7 8 414.0 219.4 483.6 326.7 0.9 8 441.8 201.7 483.9 275.3 0.9 8 279.1 217.9 325.4 326.7 0.7 8 297.1 205.0 331.7 258.4 0.5 8 272.9 228.3 378.7 327.3
004560,1.0 6 0.9 64.0 84.9 114.5 1.0 6 100.3 74.0 176.6 113.7 1.0 6 14.9 97.0 483.5 246.3 1.0 6 199.6 71.9 458.5 153.6
004561,1.0 14 187.5 152.7 311.9 374.7 0.7 12 33.9 277.0 442.3 375.8
004564,0.8 14 83.0 87.3 182.0 356.5 0.9 14 82.9 85.5 263.9 356.6 0.6 14 82.7 88.4 182.8 381.6 0.9 12 89.8 127.3 224.9 458.4 0.9 12 137.2 126.8 221.9 453.6
004567,0.9 19 66.7 78.1 124.7 152.9 0.9 17 93.5 142.8 396.6 375.5 0.8 19 228.1 20.3 347.7 153.8 0.6 19 356.5 152.7 457.5 236.6 0.9 4 310.7 264.5 329.3 315.3
004568,0.6 13 0.6 1.6 499.6 310.2 1.0 14 0.5 22.7 127.0 297.1 0.9 13 91.0 1.3 499.0 310.0
004569,0.6 11 0.4 2.6 273.5 499.3 0.6 14 1.5 1.9 215.8 499.0 0.7 14 1.6 2.2 318.2 498.6
004572,0.0 0 0.0 0.0 10.0 10.0
004573,1.0 14 195.7 135.1 224.5 167.0 1.0 14 270.1 119.9 293.6 152.7
004575,0.7 17 9.2 278.8 494.6 375.6 0.8 17 253.4 208.2 450.8 338.9
004577,0.9 7 79.9 71.8 425.6 272.5 0.7 7 252.7 86.8 426.6 270.7
004578,0.9 5 169.1 124.1 306.0 271.8 1.0 6 425.8 184.5 499.6 225.9
004580,0.7 14 341.9 241.5 493.9 499.6 1.0 6 340.7 268.4 387.7 317.9 0.8 6 342.6 233.2 466.2 320.2 1.0 6 179.9 247.8 242.9 327.6 0.7 5 0.8 174.9 160.2 432.6 0.7 6 151.3 259.9 178.1 314.7 1.0 14 180.9 237.7 335.8 499.8 1.0 14 344.5 241.3 467.0 500.2
004582,0.0 0 0.0 0.0 10.0 10.0
004583,0.8 2 296.3 194.3 401.8 271.7
004586,1.0 6 8.1 201.4 493.9 364.9
004589,0.9 12 59.3 27.9 396.9 266.2 0.5 12 217.6 28.2 398.2 199.9
004590,1.0 14 273.9 69.0 353.0 221.9 0.6 4 198.2 55.7 235.5 149.6 0.9 14 343.1 103.8 399.9 222.4 1.0 14 45.5 4.9 125.1 140.6 1.0 14 0.3 31.0 89.5 215.0 1.0 14 201.3 23.2 360.1 158.2 0.8 14 207.5 68.6 357.3 221.8
004593,0.5 11 132.0 1.1 497.5 374.1
004594,0.5 19 305.1 218.6 493.3 375.3 0.6 8 0.5 72.5 170.5 376.1
004596,0.7 0 0.6 2.6 381.9 499.1
004598,1.0 14 171.9 68.2 278.8 332.5 1.0 14 345.7 39.5 499.7 332.6 0.7 14 343.0 39.7 442.2 332.0 0.7 14 1.0 77.9 56.3 237.6 0.6 14 1.1 77.5 54.6 152.8 1.0 14 125.2 53.6 238.8 333.2 0.8 14 43.6 71.8 80.3 102.2 1.0 14 8.3 49.7 178.5 332.6 0.5 14 124.5 54.1 233.3 302.2 0.5 14 174.9 68.5 278.2 277.7 1.0 14 235.4 69.4 361.7 333.1 0.7 14 270.6 39.3 499.3 332.6
004599,1.0 4 128.8 23.2 238.3 461.2 0.9 4 292.1 79.2 347.2 260.0
004602,1.0 6 54.4 134.9 481.8 271.9
004603,0.5 18 4.8 148.1 151.3 219.9 0.8 18 1.2 145.2 355.1 222.1
004608,0.7 12 113.2 49.7 339.8 311.2
004610,0.7 11 47.2 136.1 299.8 298.7 0.5 11 214.3 4.6 380.4 109.4
004613,0.8 3 246.7 156.7 279.6 193.0
004614,1.0 2 136.3 143.7 303.6 294.8 0.5 2 133.0 143.2 302.9 228.5
004615,1.0 6 318.8 391.3 374.9 453.0
004616,0.6 13 1.9 2.2 498.7 373.6
004617,0.7 16 139.6 185.2 238.3 254.1 0.7 16 337.5 128.9 421.9 174.7 0.8 16 330.6 207.7 379.6 249.3
004619,1.0 14 175.9 86.8 499.9 333.3
004620,0.7 11 145.1 64.0 499.3 235.7
004621,0.7 11 113.6 95.6 496.5 373.9
004624,0.6 5 257.5 117.6 400.6 252.1 0.7 5 246.3 116.4 401.4 276.9
004629,0.8 14 19.2 159.1 35.5 196.7 0.9 14 18.4 159.1 37.4 206.9 0.9 12 312.3 129.6 437.4 267.1 1.0 14 305.9 119.9 345.4 267.3 0.8 14 1.0 163.7 20.9 201.7 0.6 12 371.7 130.8 434.2 262.0 0.8 14 3.6 140.0 25.8 194.8 0.8 14 326.9 79.5 387.5 156.0 1.0 14 204.1 67.1 269.8 215.6 1.0 14 96.7 56.9 151.0 207.8 0.9 12 56.1 102.9 214.1 271.7 0.9 14 4.6 138.7 25.5 171.3 1.0 14 336.7 121.2 382.8 271.9 0.6 14 38.6 160.0 57.7 194.6 0.9 14 328.3 80.4 385.5 269.9 0.9 12 209.8 115.5 304.5 265.8
004633,0.0 0 0.0 0.0 10.0 10.0
004635,0.6 2 160.4 196.9 209.8 239.8 0.5 12 227.9 127.6 390.1 225.3
004637,1.0 1 257.4 184.8 376.2 303.9 1.0 1 14.0 179.9 109.4 304.7 1.0 14 18.1 78.3 106.4 265.2 1.0 14 273.7 116.7 358.3 261.4
004638,0.9 18 68.2 7.9 471.9 149.9
004639,0.5 14 278.4 7.2 475.8 372.2 0.9 14 281.1 6.1 476.3 498.7
004640,0.5 8 1.7 233.1 111.2 374.2 0.6 4 213.6 130.9 230.6 176.9 0.9 8 1.4 259.8 159.7 374.9 0.8 4 243.6 130.3 261.9 172.6 1.0 4 187.0 110.3 205.3 169.7 1.0 4 142.9 100.3 160.8 159.6 1.0 14 80.3 58.1 148.4 147.9 0.6 8 1.5 231.5 159.5 374.3 0.5 14 18.9 63.2 89.1 138.9 0.5 4 257.3 136.0 275.9 188.3 0.9 4 190.6 110.8 207.8 170.2 0.5 4 182.7 113.7 198.2 170.0 0.9 14 77.2 57.4 149.4 171.2 1.0 14 222.5 64.5 284.3 157.8 0.8 14 1.3 81.6 117.5 274.4 0.5 4 158.5 131.7 176.7 176.8 0.6 4 163.1 129.0 180.5 174.8 0.5 4 237.8 134.2 257.2 207.5 1.0 4 211.2 131.2 236.2 207.4 1.0 14 1.0 61.9 38.0 143.3 1.0 14 1.1 82.5 147.7 318.0 0.9 10 56.7 147.8 499.4 375.4 0.6 4 173.7 109.2 190.4 169.4 0.9 8 407.2 237.4 499.9 375.5 1.0 14 328.9 62.4 428.5 201.4 0.6 4 248.3 135.1 268.8 200.8 1.0 4 241.4 136.5 265.6 211.6 1.0 14 249.0 59.5 500.3 374.6 1.0 14 263.5 60.0 344.7 173.4
004641,1.0 14 189.3 1.5 346.7 309.8 0.9 13 80.4 70.6 487.5 359.8
004642,1.0 14 107.2 38.0 397.9 303.5 0.5 10 1.5 202.0 499.7 375.8
004645,1.0 0 2.9 121.8 497.6 247.7
004646,0.5 16 165.2 187.9 225.0 271.7
004650,1.0 14 145.9 96.9 273.3 337.3 0.6 6 414.3 106.6 499.9 230.4 1.0 13 41.5 65.4 482.0 316.1
004657,0.7 18 88.0 126.3 499.8 313.9 0.5 18 86.2 1.0 499.6 317.0
004658,0.8 7 132.6 161.9 191.5 291.2
004659,0.9 17 100.5 205.2 430.0 368.1 0.9 8 1.4 213.0 76.9 365.2 0.6 17 216.9 203.8 430.1 364.7
004661,0.6 8 6.0 116.7 285.4 376.1 0.5 14 11.5 83.4 497.8 373.8
004663,0.8 18 1.5 147.9 396.4 255.6
004664,0.6 19 137.7 343.5 171.2 431.3 0.5 19 45.4 356.8 95.8 483.3
004665,0.7 3 94.2 123.7 279.5 189.2 0.6 3 197.2 216.7 258.3 243.2
004666,1.0 14 240.0 187.8 276.2 261.3 1.0 14 293.0 178.8 320.2 259.6 1.0 14 446.1 173.8 476.5 251.7 1.0 14 471.4 173.5 497.0 246.6 1.0 14 166.0 192.5 200.4 298.3 1.0 14 270.0 190.7 292.8 256.3 0.9 5 21.9 121.9 338.4 275.4 0.9 6 299.5 190.5 407.6 268.2 0.5 13 432.7 192.0 471.8 247.2 1.0 14 205.7 192.9 234.6 292.3 0.9 6 307.6 164.5 440.8 268.1
004667,0.6 14 352.7 12.5 443.1 211.7 1.0 6 -0.9 91.7 267.3 287.6 1.0 6 240.9 72.9 499.4 315.1 1.0 14 314.3 11.7 500.2 399.9 0.9 14 353.8 15.1 429.3 140.6
004668,1.0 14 357.9 124.0 497.8 328.3 0.7 14 69.0 91.0 193.5 315.2 0.8 8 -0.4 167.6 231.8 371.4 1.0 14 35.8 90.5 209.1 315.6 0.9 8 287.1 130.8 493.5 374.4 0.6 14 290.3 122.6 496.9 331.6
004669,0.5 16 145.1 185.1 213.7 235.6 0.5 16 232.2 190.4 316.2 236.9
004670,0.7 2 303.6 227.4 385.7 275.7
004677,0.9 8 119.2 205.3 238.6 445.5 0.6 8 116.4 205.7 238.3 445.4 0.5 17 217.7 207.9 374.9 350.4
004678,0.6 7 0.8 19.2 500.1 341.5
004680,1.0 0 103.2 154.8 346.6 252.9
004681,0.9 18 181.2 123.2 499.8 255.1
004684,0.5 18 -0.5 -1.2 167.1 142.3 1.0 6 133.4 82.8 460.6 332.2
004688,0.9 6 0.5 40.8 468.7 333.5
004690,0.8 19 93.3 44.8 216.7 164.1 0.7 4 182.9 123.3 327.1 421.7 0.7 14 440.3 306.6 486.8 368.2 1.0 14 165.2 54.3 327.4 442.5 0.9 14 439.5 307.0 499.5 388.2 0.9 19 300.6 47.6 367.0 173.9
004695,0.9 19 93.3 120.9 139.4 184.8 0.8 17 318.8 217.5 500.9 352.1
004696,0.6 12 139.0 74.9 302.0 224.0
004697,0.9 14 387.8 0.9 500.0 153.6 0.7 14 0.5 0.2 50.6 231.4 0.5 14 1.0 0.7 50.9 117.7 1.0 6 81.2 2.8 425.9 286.0
004698,0.6 14 228.7 6.8 294.2 128.6 0.6 14 252.2 6.6 296.3 64.5 1.0 14 321.3 141.7 366.1 217.4 1.0 14 408.7 136.6 444.7 229.6 0.6 14 360.1 139.4 387.0 167.7 0.5 14 227.2 6.3 321.4 136.0 0.7 14 158.4 9.5 324.1 273.3 0.7 14 165.1 4.8 323.4 273.2 0.8 14 410.9 136.5 444.4 207.1
004700,0.7 7 128.7 243.0 251.8 356.1
004703,1.0 14 201.0 84.1 329.7 409.6 1.0 1 206.0 214.9 385.3 421.7
004704,0.9 14 45.1 146.0 341.1 369.2 0.6 14 1.4 51.2 343.6 365.0 0.6 14 0.1 48.3 374.3 498.5
004709,1.0 14 0.8 68.0 405.9 374.9 0.9 14 451.4 326.8 499.8 375.5 0.5 5 355.7 175.1 500.4 368.4
004711,0.9 18 207.0 109.7 440.6 238.8
004712,0.5 4 1.1 172.8 51.5 294.8 0.8 15 401.0 1.1 499.5 267.9 0.6 8 332.8 121.4 378.0 235.4 0.9 8 171.2 132.3 230.3 223.1 0.6 4 0.9 146.6 49.5 296.0 0.8 8 206.9 132.2 257.3 253.0 1.0 14 94.5 107.9 387.6 375.5 0.5 10 1.5 172.8 499.9 376.6 0.6 4 17.1 149.3 43.1 209.3
004713,0.9 14 60.1 1.1 497.1 374.1 0.5 14 60.0 1.5 436.7 374.4
004716,0.9 19 25.6 140.2 195.9 280.5 0.9 14 208.3 6.1 402.3 322.9 0.9 14 208.8 3.3 492.2 330.3
004717,0.5 14 177.5 39.4 246.5 142.7 0.9 4 236.7 173.1 251.3 229.1 1.0 14 152.4 6.9 246.7 145.6 0.8 4 248.3 171.8 263.3 226.3 0.9 4 138.1 181.7 154.9 230.9 0.6 8 0.0 256.2 168.6 501.3 0.8 19 69.9 184.4 111.1 232.9 0.9 19 167.4 289.5 272.3 384.4 0.9 4 232.2 177.5 247.0 228.7
004720,0.9 4 152.7 152.4 167.6 189.9 0.6 11 240.8 143.8 319.1 224.7
004721,0.9 4 308.8 293.9 330.6 334.3 1.0 14 108.5 123.5 235.3 316.2 1.0 4 153.9 244.6 185.5 333.3 1.0 14 206.6 129.3 296.5 323.3 1.0 14 210.7 120.7 388.0 330.4
004724,0.9 5 72.4 84.1 434.7 251.1
004725,0.5 14 70.9 0.9 109.7 50.0 0.7 14 401.2 67.9 499.9 375.4 1.0 14 363.8 0.6 430.3 154.6 0.7 13 4.9 1.9 491.4 373.9 0.6 13 0.6 48.7 243.6 267.1 0.6 14 409.1 1.0 449.2 110.1 1.0 14 184.4 86.0 383.0 323.8 0.9 14 337.9 0.9 372.6 42.9 0.6 13 287.1 16.5 370.9 147.5
004726,0.6 14 61.3 25.4 424.9 374.4 0.7 14 0.5 28.8 499.2 374.7 0.9 14 61.0 24.9 501.3 374.1 0.9 14 280.5 50.0 500.4 374.0
004728,0.7 14 447.4 198.0 469.3 224.4 0.6 8 294.9 258.9 372.9 332.5
004729,1.0 13 9.0 61.3 380.9 333.5
004730,0.0 0 0.0 0.0 10.0 10.0
004731,1.0 14 202.0 18.7 238.6 117.7 1.0 6 413.7 45.0 499.5 106.1 1.0 14 141.8 175.8 293.1 437.3 1.0 14 117.8 4.2 161.5 118.9
004733,0.7 4 243.1 131.8 307.7 302.6
004734,0.9 6 50.9 43.9 407.6 225.5
004736,0.5 7 92.4 43.7 289.3 469.6 0.7 7 108.1 43.8 262.3 469.4
004738,0.6 13 106.8 258.5 327.4 431.1 0.7 13 180.9 274.8 313.2 431.4 0.8 14 229.4 236.6 296.6 317.4
004739,1.0 14 79.3 160.2 250.8 499.2 0.9 14 191.3 191.8 252.8 282.6 0.5 14 0.6 157.2 217.3 500.8 0.9 14 0.1 195.0 179.7 500.0 0.7 14 80.2 161.5 218.9 499.8 0.8 14 186.0 190.5 256.3 377.0 0.9 4 213.8 271.3 241.0 331.6 1.0 14 210.0 167.1 374.5 499.6
004740,0.9 14 174.0 118.7 256.9 212.4 0.9 14 376.2 97.3 499.5 285.4 0.6 14 213.4 215.4 242.3 249.4 0.6 4 88.3 270.3 274.0 374.8 0.9 14 167.5 118.8 257.9 257.1 0.7 19 91.3 36.7 169.9 109.0 0.7 14 0.8 109.8 202.7 375.7 0.9 14 1.1 110.1 200.7 375.7 0.9 10 92.5 246.2 501.0 374.8 0.5 14 293.7 143.2 410.9 286.2 1.0 14 296.9 143.1 391.6 244.2 0.9 14 334.6 96.8 499.4 276.9 0.8 19 280.7 27.3 334.0 96.8
004741,0.6 9 138.0 117.8 211.2 196.4 0.6 9 207.5 91.8 369.0 180.3
004744,0.5 14 280.0 49.7 496.8 328.3 0.8 4 296.8 175.0 359.4 240.4 1.0 14 0.1 22.7 244.6 332.7 1.0 14 282.5 50.0 482.4 239.0
004745,1.0 14 443.2 87.3 478.6 196.0 1.0 14 72.9 45.7 119.3 107.4 0.7 14 379.8 90.6 396.8 123.8 1.0 6 36.7 46.8 429.6 309.1 1.0 14 397.3 87.9 427.4 137.3
004749,1.0 14 117.7 24.1 183.6 144.2 1.0 12 82.8 47.0 213.6 233.0
004751,0.9 18 17.7 111.5 461.1 215.4
004752,0.9 0 104.6 71.4 178.5 133.6
004755,0.9 6 155.9 159.2 444.2 250.8 0.7 6 155.8 102.4 446.1 250.4 0.8 14 301.3 174.7 327.9 207.8
004756,1.0 12 199.8 111.5 321.6 246.1 1.0 14 215.7 83.7 312.0 241.4
004757,0.9 2 58.3 47.3 122.4 101.1 0.9 2 290.6 116.1 450.6 338.4
004758,0.0 0 0.0 0.0 10.0 10.0
004759,0.9 7 15.9 11.6 499.6 363.2
004762,0.8 6 461.8 145.1 494.1 166.6 0.7 14 110.1 134.5 137.7 164.9 0.7 5 64.8 64.1 463.8 252.1
004763,0.9 6 0.4 0.3 191.2 45.6 0.6 4 105.2 65.3 199.9 287.5 1.0 1 286.0 27.2 474.7 342.8
004764,0.6 6 317.0 245.0 349.2 264.2 1.0 6 6.0 250.9 45.9 285.8 0.8 6 257.2 245.6 285.1 269.8 1.0 6 65.8 237.5 184.5 323.4
004765,1.0 14 23.3 8.0 291.5 314.1 0.5 14 1.0 7.0 285.2 499.3 0.6 14 26.0 7.0 287.1 498.7
004766,0.5 14 237.3 17.2 374.6 221.0 0.9 14 349.2 168.7 436.7 256.8 0.9 14 350.1 169.1 438.3 366.2 0.8 14 221.9 16.9 405.4 237.0 0.9 14 0.6 49.5 60.2 374.8 0.6 14 219.7 16.7 378.7 272.1 0.6 14 0.2 49.2 84.2 374.5 1.0 14 219.3 15.4 406.6 374.5 0.7 14 220.7 213.7 300.4 295.3 0.6 14 225.7 170.0 441.0 374.6
004767,0.6 8 439.5 -0.5 500.3 204.7 0.8 7 0.8 84.3 415.0 374.4
004769,0.7 19 186.8 39.2 276.7 112.8 0.7 19 183.5 33.1 286.1 113.4 0.9 14 352.7 232.3 412.2 374.7 0.9 14 398.3 237.1 437.0 306.5 0.6 14 168.0 50.8 219.5 333.3 1.0 14 73.9 55.6 177.0 360.8 0.9 14 353.9 234.7 401.0 320.6 0.6 14 394.1 234.5 435.3 374.7 0.9 1 205.2 181.4 496.4 375.1
004771,0.8 14 18.5 361.6 110.8 499.5 0.5 14 42.5 77.7 239.1 499.5 0.7 19 99.7 51.0 162.5 177.4 0.9 14 37.1 129.2 122.1 325.1 0.9 14 108.1 76.1 312.0 395.5 1.0 14 0.6 120.5 75.8 499.6 0.8 14 0.2 119.3 109.3 499.8 0.9 14 107.1 74.7 319.6 498.6 0.5 14 248.0 148.0 374.1 411.2 0.9 14 263.3 148.3 370.0 332.1 0.9 14 223.7 333.2 375.1 500.8
004772,0.6 9 53.2 135.6 366.7 252.2
004774,0.6 12 40.0 99.5 209.4 293.7
004775,0.6 11 56.3 1.2 496.9 332.4
004778,0.6 19 4.2 132.3 165.2 318.8
004780,0.9 15 41.3 388.3 72.0 431.6 0.6 6 23.6 393.3 48.0 420.4 0.9 15 110.2 392.5 142.4 448.6 1.0 6 159.1 378.9 260.6 452.1
004781,0.7 19 51.7 71.5 89.9 102.1 0.9 8 1.2 183.8 81.5 324.4 0.9 19 399.8 72.8 441.9 128.8 0.6 19 379.8 128.6 453.1 199.9 0.6 19 147.3 52.2 197.0 105.1 0.8 19 445.9 136.7 499.9 211.3 0.7 19 42.7 117.9 127.6 173.0 0.8 8 216.3 202.8 320.2 311.1 0.8 19 87.4 121.9 131.1 171.2 0.9 19 347.4 126.5 451.6 199.8 0.9 8 206.7 201.7 318.3 332.8 0.5 19 42.0 118.0 83.6 167.2
004784,0.9 0 192.9 125.5 247.8 244.3
004787,0.6 7 122.1 18.6 431.5 300.9
004791,0.9 14 217.1 8.3 300.1 233.6 0.8 8 71.2 98.0 150.5 274.1 0.7 14 118.5 50.0 267.1 254.3 0.9 14 285.2 1.6 369.3 116.6 0.8 14 25.0 0.1 175.1 194.3 0.6 14 30.8 0.1 125.1 193.5 1.0 14 118.5 50.7 273.0 299.8 0.9 14 285.6 1.3 381.2 244.4 0.5 14 213.4 8.8 297.2 189.5 0.6 14 216.9 8.6 303.4 115.9
004795,0.5 19 243.4 205.3 347.9 324.6 1.0 14 230.3 122.4 301.3 291.7 0.5 19 244.6 205.8 341.8 325.8
004798,0.6 7 62.0 30.4 475.8 332.6
004800,0.8 14 157.2 17.6 280.7 200.9 1.0 13 23.4 41.6 290.2 200.9 1.0 14 156.8 17.4 283.4 194.7 0.9 6 231.0 0.6 499.6 103.9
004802,0.9 5 11.2 95.7 430.1 207.1
004803,1.0 12 124.7 87.3 291.2 305.5 0.8 14 138.1 37.0 311.1 212.4 0.8 14 118.3 38.6 311.7 307.0 0.8 14 206.5 36.9 310.4 214.1
004804,0.5 6 190.8 30.0 242.3 72.6 1.0 14 94.1 55.8 125.9 108.9 0.8 6 217.6 27.7 267.9 115.2 0.7 12 39.5 137.6 134.0 259.7 0.7 6 191.2 19.5 265.8 71.7 0.6 12 31.2 91.5 259.5 258.6 1.0 14 153.4 67.8 224.4 188.0 0.8 14 152.9 67.7 209.7 113.9
004806,0.6 14 215.1 200.6 238.0 220.0 0.6 6 461.5 201.1 499.9 234.0 1.0 6 43.8 194.6 315.9 297.9
004807,1.0 14 140.3 133.3 255.3 328.5
004809,0.9 7 70.8 2.0 318.5 332.0
004810,1.0 6 172.8 224.4 249.0 282.8 1.0 14 392.7 213.4 416.3 285.3 1.0 14 358.1 217.3 381.4 281.0 1.0 14 414.3 219.6 444.1 298.3 0.9 6 239.4 219.6 281.8 260.1 1.0 6 10.7 237.8 178.5 344.0 0.9 14 107.7 199.9 129.9 233.2 0.8 6 254.5 202.0 312.7 242.9
004811,0.7 14 155.2 12.3 226.1 435.2 1.0 14 155.3 11.1 285.6 457.5 1.0 1 88.6 203.8 374.4 386.8 0.9 14 176.5 11.1 284.1 457.1
004813,0.9 8 148.3 143.0 228.5 270.1 1.0 8 64.7 191.5 145.4 301.0 1.0 8 221.6 184.8 328.9 299.2 0.9 17 290.1 189.0 500.3 374.4
004817,0.0 0 0.0 0.0 10.0 10.0
004819,0.8 4 175.6 201.5 190.7 244.2 0.5 14 293.8 139.6 375.1 357.1 1.0 14 319.3 186.7 374.8 356.9 0.9 14 43.6 179.7 160.8 308.2 0.9 14 295.5 137.4 371.9 287.0 1.0 14 159.7 125.4 235.7 215.9 1.0 14 244.9 125.0 311.9 244.7 1.0 14 82.6 132.1 181.5 236.6 0.9 14 36.7 177.5 162.2 401.7 1.0 14 1.0 224.1 152.5 500.4 1.0 10 108.1 206.4 374.3 500.4 0.9 4 245.5 311.8 267.3 377.4 0.9 4 160.9 182.8 175.4 215.0 1.0 4 182.2 285.4 203.4 356.7 0.9 14 295.7 137.2 374.6 351.4
004820,1.0 8 0.5 352.2 156.2 500.4 0.9 10 78.2 290.5 279.8 486.1
004821,1.0 6 49.1 366.5 246.2 452.9
004822,1.0 14 179.6 26.1 361.8 323.4 1.0 13 183.4 65.2 469.6 359.1 0.7 14 179.3 25.8 287.3 320.4 0.9 13 181.1 99.7 469.5 359.5
004824,1.0 0 39.2 95.7 212.6 204.1 0.9 0 129.7 3.7 307.3 120.1
004827,0.0 0 0.0 0.0 10.0 10.0
004829,0.6 2 23.6 24.0 345.3 497.0
004833,0.7 13 -0.3 1.5 358.6 374.2 0.7 13 6.2 1.6 352.8 374.0
004835,0.9 14 27.1 0.9 270.8 259.9 0.8 14 20.8 1.1 270.3 332.0 0.8 14 287.1 0.9 499.7 244.5 0.6 14 338.3 0.5 499.2 257.0 0.8 1 1.2 171.8 456.8 334.2 1.0 14 283.9 1.7 499.7 332.3
004838,0.8 17 -0.5 104.8 435.9 339.0 1.0 17 2.2 103.7 433.0 318.3
004843,0.0 0 0.0 0.0 10.0 10.0
004844,1.0 6 189.5 388.4 259.2 436.5 1.0 14 139.1 186.2 201.4 268.1 1.0 6 1.1 391.8 172.0 488.0 1.0 6 149.3 381.5 201.8 418.7
004845,0.9 7 0.4 1.3 344.0 332.5
004847,1.0 1 32.3 3.4 415.9 373.5
004851,0.7 7 0.7 46.2 499.9 373.4 0.6 7 141.5 46.3 501.2 363.1
004853,0.8 18 45.5 84.6 453.7 213.8
004854,0.8 16 273.5 228.2 356.4 266.3 0.5 16 77.1 196.5 270.8 298.8
004855,0.7 14 347.0 95.2 499.6 374.1 0.7 14 244.9 103.2 388.8 287.8 0.7 4 259.9 272.2 285.9 334.7 0.9 14 78.9 92.9 228.2 291.0 0.6 14 193.3 107.0 323.2 277.0 0.6 14 79.6 94.4 282.0 298.8 0.9 14 194.1 106.4 289.9 276.1 1.0 14 77.5 93.5 227.3 368.3 0.7 10 -0.2 185.3 345.6 377.0 0.7 14 244.3 96.4 452.5 342.9 0.9 14 241.3 103.0 386.0 337.2 0.7 10 145.1 295.1 342.3 375.0 0.9 14 242.3 95.2 475.0 374.6
004858,0.8 15 0.5 2.0 392.1 374.1
004860,1.0 6 17.8 57.6 373.1 398.1
004861,0.7 2 115.9 49.7 320.9 492.7
004862,0.9 15 233.0 361.0 259.4 402.9 0.9 8 1.3 357.5 53.5 499.9 0.9 8 271.4 256.3 317.3 421.9 0.9 15 227.3 291.7 265.3 358.2 0.8 19 38.0 29.3 329.0 183.5 0.8 8 152.7 258.0 227.5 416.2
004864,0.9 14 52.4 32.6 71.3 90.6 1.0 14 284.5 29.1 332.9 285.2 1.0 14 29.6 29.2 59.0 105.7 0.5 13 40.8 178.0 319.9 500.6 1.0 14 0.8 23.4 26.7 73.7 0.8 14 52.4 35.1 72.5 100.3 1.0 14 79.1 26.1 253.0 396.7 1.0 14 77.1 29.3 102.8 115.9 0.9 13 50.3 107.1 321.8 500.7 0.6 14 214.2 1.0 238.7 49.6
004865,0.8 12 16.4 49.3 415.8 292.6
004870,1.0 6 30.0 37.5 146.5 116.0 1.0 6 405.5 23.1 499.8 119.9 1.0 14 158.3 29.5 259.3 306.3 0.9 13 111.7 78.9 402.2 374.9
004871,0.5 14 199.9 164.7 235.8 214.4 0.9 18 64.6 87.8 481.7 367.9
004874,1.0 14 187.7 94.8 266.6 164.5 1.0 12 60.4 100.7 322.6 248.2
004875,0.9 2 293.6 196.2 354.5 321.7
004877,0.9 2 99.5 100.5 379.3 295.2 0.8 2 97.1 100.0 377.8 253.6
004880,0.8 4 215.5 191.8 233.8 255.9 0.9 4 397.5 212.1 416.2 283.1 0.9 4 384.9 217.3 399.0 268.0 0.7 4 225.8 185.4 265.8 254.0 0.8 10 1.4 148.3 496.0 334.1
004881,0.8 15 270.1 168.1 307.2 213.8 0.8 4 303.5 152.2 377.6 310.7 0.7 8 35.3 148.2 143.2 253.2 0.8 15 381.1 167.1 423.1 212.5 0.6 8 0.9 162.0 103.2 289.6 0.8 10 1.3 179.5 500.1 375.7 0.8 8 16.0 148.3 106.7 273.0 0.7 15 380.9 107.6 429.6 210.6 0.9 15 329.7 133.0 369.9 186.1
004883,0.8 6 0.4 198.1 183.1 332.9 0.7 5 4.5 84.7 487.4 212.3
004884,1.0 19 58.9 103.4 188.8 259.5 1.0 14 209.6 65.2 469.6 378.4
004887,0.9 17 -0.9 144.8 256.4 302.7 0.9 17 305.1 139.4 493.3 319.0
004888,0.8 7 93.6 189.5 204.8 386.1 0.6 7 206.3 188.2 348.6 396.3
004889,0.5 14 212.7 7.2 303.2 138.3 0.8 14 242.2 4.1 499.7 335.1 1.0 14 4.7 5.8 156.0 165.6 0.5 14 1.7 3.6 497.3 331.9 0.9 14 58.5 4.6 494.9 328.5 0.8 4 212.0 164.0 301.1 283.7 0.7 14 60.6 98.5 354.9 299.0
004891,1.0 6 132.7 108.9 416.5 249.8
004892,0.8 4 88.3 252.8 115.2 328.2 0.9 8 276.2 186.8 339.1 287.7 0.7 8 352.1 168.5 422.3 286.9 0.7 8 60.4 214.6 184.6 308.8 0.8 10 90.6 176.1 381.9 279.3 0.7 8 323.7 173.3 385.1 278.4 0.5 8 115.0 211.3 185.9 299.5 0.9 8 185.7 204.5 246.2 287.7 0.9 10 -1.5 219.6 443.4 375.9 0.9 8 319.9 169.2 419.4 280.7
004893,1.0 14 109.0 242.9 232.9 499.6 0.9 15 223.9 7.7 279.8 66.9 0.6 10 218.9 287.7 375.1 499.3 0.9 15 240.1 128.7 308.7 189.4
004894,1.0 14 86.3 9.0 383.4 333.9 0.5 4 219.9 14.0 379.8 334.0
004899,1.0 14 51.9 115.0 240.8 333.2
004900,1.0 14 94.6 341.0 130.5 498.9 1.0 14 65.3 357.1 101.9 499.2 0.7 14 67.4 339.4 130.3 499.0
004901,0.0 0 0.0 0.0 10.0 10.0
004904,1.0 14 375.0 85.4 456.2 190.6 0.8 1 354.2 115.3 491.9 209.2 0.9 14 272.0 17.2 325.0 108.5 0.7 1 71.9 162.2 237.6 267.2 1.0 14 82.9 118.5 174.2 241.0 0.8 14 274.7 16.9 322.1 78.7
004906,0.9 0 128.6 77.9 255.1 248.3
004908,1.0 14 77.5 46.6 277.5 427.9
004909,0.0 0 0.0 0.0 10.0 10.0
004914,0.9 3 70.3 7.2 372.9 354.7
004915,0.5 7 0.9 2.5 434.0 430.9
004917,1.0 14 176.8 89.2 294.0 299.3 1.0 13 104.7 136.8 371.4 329.9
004918,0.9 14 302.2 7.0 495.0 191.0 0.7 14 55.1 7.5 498.7 281.0 0.8 14 173.5 6.7 499.1 280.4
004919,0.7 4 4.1 25.2 64.7 187.4 0.9 4 315.8 31.1 436.1 261.4
004920,1.0 14 86.1 41.1 448.0 312.0
004921,0.7 18 64.5 140.3 305.1 355.6 0.6 18 0.8 142.6 306.5 363.4
004922,0.9 14 0.1 38.0 498.2 332.9 0.9 14 197.1 0.9 498.2 332.1
004923,0.8 8 2.0 78.6 156.5 375.2 0.6 8 6.0 78.4 154.7 234.9 0.8 14 45.8 65.7 252.4 259.0 0.9 4 42.0 186.4 65.7 233.8 0.8 14 2.9 118.6 356.6 374.5 0.5 10 17.0 126.9 498.3 373.9 0.8 14 139.6 119.0 347.0 314.8 0.9 14 111.3 117.4 377.7 374.6
004924,0.0 0 0.0 0.0 10.0 10.0
004925,0.8 14 1.4 1.9 218.2 499.3 0.8 11 191.9 200.9 374.5 499.6
004927,1.0 14 346.3 51.8 369.8 106.5 0.6 14 77.0 68.0 90.8 101.8 1.0 14 365.4 55.1 392.9 115.6 1.0 14 435.5 55.5 464.5 141.3 0.9 14 480.4 75.3 499.9 147.0 0.6 14 115.0 64.8 138.6 114.0 0.6 14 400.6 56.9 420.0 120.4 0.7 14 427.8 63.7 451.6 139.9 1.0 14 29.6 67.9 48.9 112.1 0.6 14 401.1 56.5 422.0 136.0 0.9 14 92.1 69.0 110.2 111.0 0.8 14 401.3 56.3 423.6 133.6 0.5 14 446.7 56.6 465.8 112.6 1.0 14 62.9 65.2 82.1 106.7 0.9 14 90.4 70.1 107.6 110.3 0.9 6 53.7 23.6 434.8 307.4 0.6 14 112.0 65.7 131.3 112.2 1.0 14 406.2 53.8 435.5 142.1 0.6 14 51.4 69.0 66.9 109.1
004930,0.8 1 45.5 252.2 323.8 333.0 1.0 14 47.8 18.0 351.9 332.8
004932,0.9 12 74.5 49.8 238.5 175.4 1.0 14 114.0 18.3 181.6 142.1 0.8 12 32.9 49.0 238.3 218.3
004933,1.0 6 146.9 162.4 226.3 199.3
004934,0.5 4 379.7 12.3 497.6 332.4 0.7 14 2.4 1.4 303.6 332.2 1.0 14 1.6 1.4 498.4 332.0
004937,0.9 14 184.6 81.1 228.7 166.1 0.5 14 1.0 153.2 20.7 233.6 0.8 14 103.0 101.8 139.2 215.2 1.0 14 29.7 127.5 64.0 227.1 0.9 14 177.5 82.0 229.2 232.2 0.8 14 109.0 100.7 143.4 195.6 0.8 14 101.4 102.5 130.1 191.6 0.9 14 243.9 101.3 301.7 212.6
004940,1.0 6 16.0 134.6 490.4 312.2
004941,1.0 14 6.8 58.2 117.4 478.6 0.6 8 90.9 102.7 144.2 332.2
004942,1.0 13 243.9 132.0 439.0 342.2
004944,1.0 14 120.4 229.5 204.1 375.0 0.8 5 0.0 52.9 198.6 374.8
004945,0.7 11 17.8 41.7 459.4 356.2
004947,0.8 14 184.7 94.4 257.9 211.4 1.0 14 -0.4 39.8 273.5 333.3 1.0 14 298.1 106.1 499.8 333.0
004949,0.7 2 203.8 199.2 276.4 307.2 0.6 2 173.7 201.5 274.6 363.9 0.9 2 97.5 195.2 170.8 296.1 0.6 2 174.5 258.5 250.5 365.3
004952,0.8 5 153.4 233.6 181.5 277.3
004957,0.0 0 0.0 0.0 10.0 10.0
004959,1.0 14 200.9 121.6 286.3 332.8 0.9 14 45.9 110.8 64.2 130.9 1.0 14 99.5 98.2 119.8 151.5 1.0 6 108.5 89.2 192.9 128.6 1.0 14 25.6 120.5 52.1 162.1 1.0 14 93.2 100.0 110.1 151.5 0.8 6 267.1 94.9 499.2 330.9 1.0 14 69.7 115.2 91.8 156.8 1.0 14 281.8 126.2 438.1 333.1 0.7 6 293.2 96.7 498.7 281.8
004964,0.6 8 353.8 215.8 431.7 282.8 1.0 14 428.2 71.9 484.3 202.2 0.9 19 259.7 82.6 340.2 145.2 0.7 15 255.3 149.6 301.4 184.3 1.0 17 109.5 179.9 346.1 283.1
004965,0.8 6 47.6 398.4 129.7 468.2 0.8 6 48.5 395.2 148.9 471.0 1.0 6 152.2 415.4 281.2 501.2
004969,0.0 0 0.0 0.0 10.0 10.0
004970,0.7 12 13.6 21.8 332.4 399.3 0.8 12 4.0 17.9 481.3 399.3
004971,0.6 8 192.8 199.4 426.1 374.9 1.0 14 0.6 174.3 205.4 375.4 1.0 14 192.1 132.9 401.6 300.6 0.8 14 192.7 132.3 434.5 373.4
004975,0.9 7 10.8 138.4 364.9 430.8
004978,0.8 14 175.5 53.6 272.0 235.1 0.5 19 13.9 79.3 117.3 232.8 0.8 14 174.8 53.3 341.5 245.7 0.7 14 175.6 53.1 314.9 243.6 0.5 14 176.6 54.2 270.3 364.8 1.0 14 48.9 139.9 185.1 374.9 0.5 14 279.7 103.2 453.5 318.9 0.5 14 178.3 54.0 456.8 318.5 0.7 14 174.9 53.2 336.5 374.0 1.0 14 194.8 160.3 321.9 374.7 1.0 14 279.3 103.3 452.3 374.7 0.7 14 262.2 74.1 346.4 205.2
004979,0.8 11 226.0 114.4 306.8 270.4
004980,0.6 9 378.7 207.6 467.8 253.2 0.5 16 359.9 196.5 391.0 227.2 0.5 16 465.6 198.1 499.6 224.3 0.7 16 310.1 193.4 337.9 214.5 0.6 16 146.4 183.0 164.9 202.9
004981,1.0 6 9.0 53.9 432.1 306.2
004988,0.9 0 0.5 11.1 498.7 337.0 1.0 0 56.9 12.1 500.1 304.8
004989,0.9 5 58.3 185.3 435.4 304.3
004993,0.8 11 64.5 100.1 401.5 278.9 0.5 11 62.4 91.4 401.8 299.3
004996,1.0 6 47.9 91.1 483.5 342.1
005000,1.0 1 62.4 161.3 357.7 374.8 0.7 4 179.8 255.0 235.4 310.0 0.6 19 206.6 0.7 320.5 82.4
005002,0.7 4 252.9 143.7 334.2 500.0 0.8 4 153.1 70.8 262.1 499.8 0.7 4 189.5 71.4 238.4 222.4
005005,1.0 14 311.4 195.9 342.6 228.1 1.0 6 63.8 185.0 455.1 314.2
005008,1.0 0 64.9 110.5 389.9 254.1
005009,1.0 14 421.3 5.0 499.4 251.4 0.5 19 345.3 206.9 432.1 330.1 1.0 4 82.8 9.6 154.1 278.4 1.0 4 270.8 -0.2 342.0 192.9 0.8 4 184.7 183.4 251.4 293.0 0.9 4 256.5 193.3 323.0 333.9
005010,0.9 7 53.6 147.0 356.6 302.0 0.6 17 -0.1 92.6 413.5 380.1
005011,0.0 0 0.0 0.0 10.0 10.0
005012,0.5 11 1.3 340.1 126.8 499.2 0.8 4 325.7 160.8 347.9 219.6 0.8 11 66.9 280.6 149.3 481.5 0.6 11 0.6 280.9 150.3 500.3 0.7 4 67.8 119.7 88.2 174.8 0.5 11 1.4 348.2 126.1 499.4 0.5 10 0.6 178.8 375.1 501.1 0.8 11 125.1 364.3 202.5 500.4 1.0 14 188.1 3.0 329.1 494.7
005013,0.8 18 62.8 84.1 462.2 268.5
005015,0.8 2 28.0 153.4 318.3 255.9
005017,0.6 14 152.5 211.1 162.9 235.8 0.7 14 172.7 219.6 191.0 255.5 0.9 14 206.7 209.1 217.7 237.5 1.0 14 115.1 223.2 139.2 259.0 1.0 14 92.1 202.8 104.9 240.0 1.0 14 166.6 220.1 189.0 255.5 1.0 14 185.0 221.8 208.3 258.3
005019,1.0 14 3.2 122.7 148.9 340.5 1.0 14 135.4 1.6 441.0 340.4 0.9 19 380.2 99.4 499.7 202.7
005021,1.0 6 40.7 107.0 479.1 253.0
005022,0.6 3 213.9 103.3 271.0 136.3 0.9 3 207.3 103.1 272.6 138.8
005025,0.5 14 4.7 46.4 390.9 374.1 0.9 14 377.3 72.5 500.1 222.0 0.7 14 190.3 49.2 267.5 167.2 0.5 14 221.8 36.3 247.5 67.0 1.0 14 377.2 72.4 481.5 180.1 0.9 8 13.3 134.5 163.2 366.0 0.6 14 209.0 100.8 383.8 231.0 1.0 14 12.0 44.6 281.6 374.9 0.8 14 14.4 46.0 495.4 373.3 0.5 10 17.9 92.9 498.4 374.6 0.7 14 202.3 52.6 499.2 229.0 0.8 14 200.9 51.2 391.8 373.8 0.9 14 200.0 52.5 407.1 232.2 0.7 14 266.8 104.4 395.8 251.0 0.8 14 269.6 104.6 419.2 187.8
005030,1.0 6 0.8 86.2 38.0 187.8 1.0 6 28.9 55.6 477.4 291.4
005031,0.6 1 57.3 120.7 424.9 286.5 1.0 1 323.9 169.9 425.8 276.9 1.0 1 55.7 139.0 197.3 289.7 0.8 14 329.2 102.2 406.1 232.1 1.0 14 56.0 38.8 172.4 256.9 1.0 14 328.0 101.0 405.6 272.4
005034,0.9 0 339.1 132.5 460.1 230.9
005035,1.0 14 242.5 1.3 270.0 37.5 0.9 14 471.0 1.5 499.5 75.7 0.9 14 237.9 1.6 268.3 102.1 0.9 6 427.6 14.1 494.2 72.5 1.0 6 0.6 27.1 56.9 101.2 1.0 14 393.7 0.6 425.6 101.8 1.0 6 30.8 32.2 485.7 290.0 1.0 14 158.9 1.1 181.6 36.0 0.9 14 266.6 1.6 295.1 44.5 1.0 14 270.5 1.0 303.7 44.9
005038,0.6 14 -1.2 161.4 245.3 376.5 0.9 7 115.7 135.4 410.3 289.2
005040,0.6 14 245.0 51.7 425.6 363.5 0.7 14 65.6 47.0 368.6 363.3 0.7 14 243.4 52.2 425.8 311.7 0.8 14 62.5 46.3 361.0 374.7 0.9 14 63.0 45.8 438.6 374.5 0.7 14 111.4 48.6 427.0 374.0 0.9 14 248.5 51.4 495.7 373.8
005041,0.7 6 364.3 150.5 500.0 375.6 0.7 13 367.9 181.2 478.4 318.9 0.9 6 442.7 166.7 497.8 222.6 0.9 13 34.9 200.3 261.5 375.1 0.8 13 323.2 201.5 366.7 272.1 1.0 14 195.7 154.0 274.5 306.2 1.0 14 75.9 129.2 235.6 375.0 0.9 14 385.2 159.4 433.3 222.1 1.0 14 320.8 162.1 376.7 262.9 0.5 6 324.4 160.5 395.0 208.4
005043,0.8 0 305.4 200.2 423.4 227.4
005044,0.9 8 128.9 105.0 256.2 331.2 0.6 8 417.0 110.8 467.8 223.1 0.9 8 52.9 104.6 256.0 332.0 0.7 8 8.4 108.2 35.9 180.9 0.5 8 102.6 105.9 180.6 252.1 0.9 8 27.0 106.3 114.4 330.2 1.0 8 294.0 110.0 435.7 330.8
005046,0.8 14 69.2 160.4 146.0 245.6 0.9 5 28.8 97.4 499.4 318.4
005048,1.0 1 141.2 7.5 360.7 341.2
005049,1.0 14 4.0 143.3 252.7 375.5 0.6 14 0.4 49.8 89.7 320.2 0.8 14 379.6 257.2 500.2 376.2 0.5 14 -0.9 51.3 213.8 350.1 1.0 14 208.0 54.4 343.6 196.4 0.5 14 0.4 50.2 252.9 374.7 1.0 10 177.8 174.8 500.9 375.2 1.0 14 387.8 84.4 499.6 243.8
005050,0.8 17 0.7 33.2 499.7 374.8
005051,0.5 7 0.8 2.0 499.7 411.2
005053,0.6 12 157.5 124.0 218.3 200.5 0.5 12 21.0 142.6 83.5 201.6
005059,0.9 19 88.3 87.2 234.0 213.3
005060,0.5 8 1.2 164.1 63.7 345.4 1.0 14 367.9 142.7 496.7 374.9 1.0 14 322.4 155.5 405.8 375.0 1.0 14 302.5 158.2 359.3 252.6 0.5 14 216.9 202.5 359.8 374.7 0.6 8 1.6 163.2 62.0 247.8 0.8 14 327.5 156.5 405.2 270.7 1.0 14 128.4 117.6 205.3 323.6 0.6 14 174.1 153.0 263.0 326.8 1.0 14 47.9 41.4 181.4 179.5 0.8 14 45.1 119.6 186.2 327.4 1.0 14 47.0 120.5 154.9 329.7 0.9 14 165.5 200.9 387.0 374.6 1.0 14 178.4 151.8 306.1 339.4 0.9 14 210.1 201.0 382.7 374.8 0.7 19 258.6 0.5 397.5 107.6
005066,0.7 5 447.3 108.2 500.1 319.7 0.6 5 93.9 56.1 402.8 348.7
005069,1.0 14 143.3 224.2 241.8 397.7
005070,0.7 18 28.6 128.2 407.7 302.8
005074,0.5 6 22.3 192.9 69.0 222.4
005075,0.7 11 54.3 54.5 332.5 500.9
005076,0.7 0 3.4 2.5 274.9 265.2 0.6 0 11.8 95.4 274.9 263.1 0.7 0 9.1 88.7 276.0 263.1 0.5 0 3.6 2.3 499.6 261.7
005080,0.6 12 73.0 44.2 424.9 305.7
005082,0.6 11 168.8 184.8 209.6 263.1 0.5 17 135.8 170.7 273.5 244.1 0.9 17 0.6 171.8 110.1 285.7 0.9 17 304.4 178.8 480.7 359.3
005083,1.0 6 14.0 84.4 489.0 285.7 0.7 6 183.1 84.4 487.7 281.9
005087,0.9 6 95.7 0.8 174.3 44.8 1.0 14 182.8 35.1 306.3 194.3 0.5 13 187.7 115.1 361.7 287.0 0.6 14 174.8 1.2 203.3 55.3 0.5 14 181.3 33.0 304.7 254.0 1.0 13 181.5 75.4 357.9 290.0 0.7 6 227.9 0.8 410.1 54.0
005088,1.0 14 325.2 131.8 499.2 374.7 1.0 14 27.0 142.6 94.8 253.2 0.9 17 326.6 169.8 499.1 374.8 1.0 14 286.0 160.1 405.7 344.6 0.6 17 1.2 170.3 285.2 374.7 1.0 14 141.5 152.7 246.3 284.0 0.9 15 50.9 193.2 134.8 299.7 0.9 14 90.0 153.8 151.7 206.7 0.5 14 91.8 153.4 247.0 286.6 0.6 14 24.2 143.0 109.4 286.0 1.0 15 128.4 198.1 206.0 307.0 1.0 14 278.7 129.2 361.8 340.5 0.6 14 334.2 131.3 498.5 294.9
005089,0.9 7 39.8 59.9 253.9 227.9
005091,1.0 6 49.9 68.1 198.6 151.2 0.9 6 250.8 96.2 436.8 171.0 0.9 6 210.8 138.0 429.4 252.6 0.5 6 222.9 95.5 440.7 172.2
005092,0.6 15 418.0 73.0 499.1 121.8 0.9 15 239.4 2.5 384.0 158.5 0.8 15 364.4 7.0 446.2 155.5 0.9 15 374.0 55.6 445.5 155.7 0.8 15 295.7 71.5 389.2 158.8 0.5 15 362.4 6.2 434.4 64.5
005095,1.0 14 382.3 249.4 403.0 294.1
005096,0.9 4 1.2 0.4 150.7 281.3
005098,0.9 14 293.0 159.9 313.1 181.5 0.9 14 327.8 157.1 351.1 178.6 1.0 1 12.8 228.6 374.5 501.2
005099,1.0 6 1.4 209.1 324.2 477.5
005100,1.0 14 45.4 84.5 165.8 374.6 0.8 14 76.7 84.4 467.9 374.4 1.0 14 171.4 83.6 468.7 374.5
005103,1.0 14 312.5 116.0 374.9 361.4 1.0 14 121.2 44.3 283.4 461.2
005105,1.0 6 0.7 112.8 104.7 211.8 1.0 14 447.4 132.8 479.5 166.4 1.0 14 416.6 129.0 438.3 150.8 1.0 14 87.4 110.1 118.2 179.6 0.9 14 65.4 105.0 99.1 172.5 1.0 6 8.0 123.5 492.6 353.7 0.5 14 389.9 113.6 408.1 135.1
005106,0.9 0 351.5 220.0 417.2 238.3 1.0 0 178.6 197.5 287.6 240.3 0.6 0 302.9 229.1 328.6 242.8
005109,0.8 7 0.4 1.4 481.0 349.2
005112,0.8 3 145.5 254.1 254.6 298.0 0.8 14 182.2 252.0 206.0 278.4 0.7 3 98.2 163.9 167.9 192.6 0.5 3 296.3 153.8 427.1 202.4 0.8 3 28.9 160.0 81.7 184.4
005113,1.0 2 219.3 134.6 318.8 225.9
005115,0.8 7 126.6 49.1 379.9 373.4
005117,0.9 19 37.9 40.7 161.2 239.8 1.0 14 1.0 2.1 374.3 498.9 0.6 11 101.9 254.4 262.8 408.2
005118,0.6 14 142.8 5.9 476.0 325.8 0.9 14 140.6 5.4 476.1 361.7
005119,1.0 14 226.1 18.0 406.5 373.1 1.0 1 127.1 153.6 457.9 374.6
005120,0.9 14 84.8 1.9 235.5 248.2 1.0 14 37.2 68.2 197.6 318.9 0.7 14 38.1 68.3 200.4 419.9 0.9 13 17.0 145.5 332.7 488.5
005123,0.9 18 1.6 89.5 497.8 187.3
005125,1.0 14 436.5 127.5 474.5 183.1 0.8 14 0.9 190.8 17.1 255.0 0.9 6 47.1 51.2 480.1 351.1
005126,1.0 6 71.9 130.4 261.8 222.2
005127,0.7 11 193.8 82.3 315.2 301.9
005132,0.9 12 82.5 79.2 350.4 292.8 1.0 14 332.7 74.1 393.0 269.7
005133,1.0 13 218.6 116.5 441.1 264.7 1.0 14 297.5 92.2 425.8 250.5
005137,0.5 16 160.3 32.2 202.7 62.2 0.7 16 287.3 36.9 309.6 59.3
005139,0.7 12 148.0 120.1 358.3 269.1 1.0 14 361.8 110.1 418.3 248.4
005140,1.0 14 352.0 0.3 446.9 132.1 0.9 14 0.5 0.9 113.7 332.0 0.7 10 144.3 121.8 498.9 333.4
005141,1.0 14 259.5 184.4 281.6 236.1 1.0 14 237.8 185.1 261.4 236.9 0.7 9 1.9 169.6 180.1 333.5
005142,0.9 6 25.1 64.5 453.4 320.7
005147,0.5 16 202.9 125.2 260.8 166.7 0.7 16 101.3 132.9 182.6 193.1 0.5 16 488.7 119.6 500.0 176.2 0.8 16 1.2 132.8 48.9 185.8 0.7 16 210.6 125.8 304.7 209.2 0.7 16 375.2 74.3 428.2 109.7
005148,1.0 14 2.3 106.1 247.5 375.7 0.8 14 5.6 89.8 163.4 373.8 1.0 14 6.0 92.5 434.0 374.5 0.6 14 117.4 93.4 438.9 373.6 0.8 14 234.4 91.4 439.3 374.1
005149,0.7 7 172.6 1.3 499.7 332.3 0.7 7 171.4 129.2 499.8 332.6
005151,0.7 4 155.9 1.2 237.4 119.3 0.6 14 370.3 87.0 500.1 335.2 0.7 14 0.9 98.0 132.0 252.7 0.5 17 112.8 170.7 500.5 332.8 1.0 14 0.9 96.2 135.9 300.9 1.0 14 155.4 91.0 265.0 280.5 0.5 17 0.7 173.2 499.8 347.4 0.8 4 145.2 224.1 191.9 306.4 0.6 10 0.8 239.9 499.9 375.8 0.7 14 317.5 85.9 499.6 334.1 0.7 4 198.3 284.6 275.6 375.7 0.9 14 265.1 85.7 500.8 333.6
005152,0.8 14 8.3 28.4 371.1 375.1 0.8 11 109.4 15.9 500.0 374.2
005154,0.9 18 4.7 92.7 357.5 256.2
005155,0.9 7 0.1 2.2 421.1 374.2
005157,0.8 6 1.5 163.2 62.2 205.3 1.0 6 98.5 201.6 291.3 274.0
005158,1.0 6 19.7 92.9 465.7 308.0
005162,0.5 2 126.4 167.5 231.5 238.9
005163,0.9 6 1.3 0.4 69.1 91.5 0.6 14 122.6 223.7 274.1 333.1 1.0 14 248.8 110.6 293.8 179.3 0.9 14 206.5 227.1 272.8 272.7
005164,0.6 16 76.7 54.3 172.1 108.7 0.7 16 164.9 87.1 223.4 128.1 0.6 16 269.6 159.0 382.7 254.8
005165,0.0 0 0.0 0.0 10.0 10.0
005166,0.6 4 379.9 49.5 408.9 109.9 0.5 6 0.9 92.7 49.9 166.0 1.0 6 41.7 64.0 396.2 279.2
005167,0.0 0 0.0 0.0 10.0 10.0
005170,1.0 14 216.9 152.3 275.8 305.1 1.0 14 321.6 151.9 368.8 292.6 1.0 14 136.0 163.4 179.0 306.0 0.9 14 382.5 210.6 422.0 270.0 1.0 14 80.2 164.4 119.6 306.0 0.8 19 2.5 1.3 495.5 422.4 1.0 14 294.7 158.3 331.5 275.1
005172,0.0 0 0.0 0.0 10.0 10.0
005174,0.7 15 81.2 1.3 228.2 160.2 0.5 8 40.4 99.8 120.8 208.3 0.9 8 340.2 185.0 499.5 375.6 0.9 8 354.0 86.0 435.2 145.5 0.9 10 1.4 122.1 478.7 375.0 0.5 4 295.3 113.6 326.5 202.1
005178,1.0 19 107.7 59.8 406.2 356.6
005180,0.8 19 61.0 200.7 143.7 302.6 0.9 8 1.0 295.1 68.4 500.0 0.8 8 169.7 366.0 375.3 500.5 1.0 15 40.4 259.3 87.5 318.2 0.9 15 125.6 300.3 168.7 405.8 0.5 15 0.7 226.1 18.4 300.6 0.7 8 234.7 362.3 375.5 500.8
005182,1.0 14 202.0 23.5 258.8 199.4 1.0 12 160.3 83.1 381.2 263.0
005184,0.8 8 175.5 295.5 301.5 375.4 0.6 8 311.6 226.3 394.7 330.1 0.6 14 294.7 123.7 355.7 302.3 0.8 14 479.2 154.6 499.9 292.4 0.8 14 187.9 177.3 307.0 370.3 0.5 19 163.9 120.6 221.0 230.8 0.8 8 177.7 223.3 290.0 375.8 1.0 14 187.6 176.3 335.7 374.5 0.5 10 21.4 241.9 500.1 375.8 0.8 8 310.6 226.7 358.5 335.3 1.0 14 293.2 124.3 355.4 229.7 1.0 14 256.2 177.1 339.1 350.2 0.5 8 175.3 223.0 328.7 375.8
005187,1.0 14 26.5 118.0 228.8 496.8 0.9 19 51.3 99.0 295.0 287.1
005188,0.9 13 4.1 10.8 499.3 359.0
005192,0.5 14 55.1 43.3 78.1 103.2 0.8 6 271.4 42.2 499.7 151.3 0.7 6 -0.2 36.1 163.1 233.8 1.0 6 46.6 106.1 481.9 311.2
005193,0.6 8 287.9 22.7 413.6 150.8 0.8 8 56.2 0.5 276.9 195.2 0.6 11 127.4 141.3 499.5 367.9
005194,0.9 11 0.4 21.6 441.9 498.6
005196,0.9 14 121.0 29.0 308.4 374.7 0.9 14 123.4 26.1 271.7 313.9 0.6 14 1.9 26.7 300.4 373.9 0.6 7 9.1 184.3 220.7 300.9 0.5 17 0.6 97.9 499.9 375.2 0.6 15 186.9 3.8 310.0 99.9 1.0 14 258.5 42.6 499.9 374.5
005197,0.9 14 221.1 69.0 283.7 189.9 1.0 14 119.7 98.9 222.4 245.3 0.9 13 5.7 113.7 343.7 306.4 0.6 14 188.4 69.1 286.6 204.2
005198,0.8 12 278.7 74.2 389.5 232.0
005200,0.9 7 101.7 15.8 441.6 138.0 0.8 10 1.0 109.1 499.7 357.1
005201,0.5 7 192.5 45.3 471.3 331.6
005204,1.0 6 424.5 141.6 500.0 217.3 1.0 6 141.2 136.0 366.7 215.7
005205,1.0 14 190.8 196.6 283.8 353.6 1.0 14 376.6 47.1 457.3 345.3 0.7 14 270.0 51.9 349.7 357.6 1.0 14 278.7 186.7 360.8 353.6 0.8 14 105.3 70.7 163.4 252.8 0.6 14 379.8 46.8 457.8 198.6 1.0 14 94.3 193.1 188.6 344.7 1.0 14 154.2 65.8 223.1 250.6 0.8 14 207.4 100.8 274.0 247.6 1.0 14 110.3 71.2 162.9 232.3 1.0 14 44.5 82.6 121.3 331.5 1.0 14 347.0 98.1 422.5 354.3 1.0 14 268.6 53.2 350.5 294.4 0.8 14 204.3 99.5 276.2 353.4
005206,1.0 14 205.4 145.5 255.6 292.7
005207,0.6 2 53.2 108.7 384.9 407.6 0.8 2 52.7 106.9 385.6 412.2
005211,0.7 1 1.3 4.4 461.5 331.7 1.0 1 31.6 17.7 463.6 316.7
005213,0.0 0 0.0 0.0 10.0 10.0
005216,1.0 4 199.6 51.0 310.4 350.6
005218,1.0 14 113.4 92.3 255.4 358.2 0.7 8 139.3 67.2 400.1 276.2 0.8 17 141.6 66.3 498.8 279.1
005221,1.0 17 13.0 93.2 488.0 373.6
005225,0.6 7 -0.8 71.7 421.4 358.6 0.8 14 0.3 1.5 447.5 356.6
005226,0.6 8 1.2 243.1 70.8 335.4 0.5 14 77.0 27.8 162.8 342.2 0.6 8 1.6 242.5 79.7 374.4 0.9 4 359.6 194.5 399.4 302.0 0.6 4 359.8 195.6 402.0 363.3 0.9 14 36.1 90.1 154.2 228.1 0.8 19 395.2 37.3 462.3 112.3 0.9 14 193.1 104.2 276.9 286.6 0.7 14 86.5 26.0 165.6 176.6 1.0 14 194.5 104.1 278.9 221.8 0.9 14 83.1 26.2 164.1 208.2 0.9 14 36.7 89.2 158.6 350.2 0.9 14 265.1 143.1 451.0 292.2 0.9 10 130.0 284.6 500.9 375.7 1.0 4 336.4 209.4 361.9 310.2 0.7 19 319.2 20.9 364.5 103.4 1.0 14 263.3 144.2 452.2 348.3 1.0 14 333.9 130.6 377.4 176.4
005227,0.8 14 5.4 9.3 342.9 333.6 1.0 14 85.0 12.5 343.8 290.3 0.8 4 93.6 8.7 284.0 291.8
005228,0.6 7 24.1 79.2 197.8 197.0 0.7 7 297.1 96.9 499.7 218.6
005232,0.9 1 235.9 144.2 466.4 292.9 1.0 14 287.1 93.6 409.7 272.1
005233,1.0 14 174.7 105.5 216.4 153.2 0.7 14 1.5 134.6 117.4 375.6 1.0 14 351.4 121.0 499.4 341.0 0.7 14 21.9 132.3 157.5 237.8 0.6 8 262.6 234.5 499.8 375.4 1.0 4 284.0 207.5 305.7 283.1 0.9 4 206.7 154.5 225.7 209.3 0.7 14 352.0 120.8 498.8 316.8 0.9 14 111.9 100.5 173.7 201.9 0.6 4 238.7 179.1 258.6 245.6 1.0 14 2.0 152.8 122.8 374.0 0.7 10 23.3 193.8 444.8 375.7 0.9 8 254.0 315.8 461.8 374.9 1.0 14 321.3 142.0 408.2 238.4 0.9 14 47.1 154.3 157.7 242.7 0.5 8 417.5 230.6 499.7 374.5 0.7 10 98.5 198.2 375.3 375.0
005234,0.5 0 0.8 40.3 500.0 333.7 0.6 0 66.2 40.0 500.0 302.1
005235,0.6 19 116.1 179.9 286.8 361.3
005237,0.8 4 153.8 149.9 177.5 213.4 0.8 4 94.9 207.6 130.0 272.0 1.0 14 170.6 4.3 312.9 199.9 0.8 10 2.3 135.5 489.8 312.4 0.7 4 273.7 162.2 296.7 214.2
005238,1.0 0 8.8 123.5 486.4 232.3
005240,0.8 14 386.3 80.8 434.8 143.3 0.9 14 158.5 149.3 189.7 186.9 0.5 14 222.7 177.6 244.6 250.6 0.8 14 220.1 176.0 246.6 317.9
005241,0.0 0 0.0 0.0 10.0 10.0
005243,0.8 0 140.8 50.7 454.1 209.8 0.8 0 120.7 18.6 499.6 228.5
005247,0.8 2 90.2 125.1 418.7 373.5 0.9 2 127.9 125.1 419.6 304.3 0.8 2 127.0 124.7 420.6 334.5
005249,1.0 0 0.6 37.5 374.9 431.0
005250,0.0 0 0.0 0.0 10.0 10.0
005251,0.5 18 1.0 -0.5 497.9 256.6 1.0 14 155.0 122.6 244.4 332.7 1.0 14 263.4 121.8 360.0 320.6
005252,0.6 14 1.1 4.1 135.5 464.8 0.6 14 0.8 128.7 137.1 462.3 1.0 14 71.7 26.1 292.4 324.3 0.8 10 23.9 200.4 332.9 501.5
005255,0.8 19 0.6 124.3 112.2 238.2 0.7 8 297.5 228.4 359.8 333.2 1.0 14 65.8 160.0 103.6 221.7 1.0 14 20.2 151.5 71.3 221.9 0.7 14 260.3 260.0 491.1 333.6 0.7 10 169.5 256.7 357.2 333.5
005256,0.8 18 24.9 12.0 470.4 331.2 0.6 18 27.5 64.8 469.1 332.4
005261,1.0 14 177.2 187.9 358.3 375.1 0.6 10 243.1 252.9 501.0 375.4 1.0 14 86.9 165.5 182.4 264.2 1.0 14 209.4 58.0 344.8 255.6 1.0 14 1.0 143.8 135.5 374.9 0.5 14 178.9 189.1 426.2 374.2 1.0 14 325.1 180.3 499.5 375.2
005265,0.9 5 53.2 64.1 499.5 294.3
005266,0.6 8 176.3 159.6 231.1 221.9 0.7 17 47.1 198.3 352.3 375.5 0.6 8 44.4 198.3 258.0 374.7 0.8 19 278.5 63.0 412.9 166.7
005271,0.9 5 82.2 73.0 373.5 293.4
005272,1.0 14 115.6 179.5 163.5 209.4 0.7 3 64.6 0.5 230.2 229.4 0.6 0 65.7 2.6 461.4 224.1
005275,1.0 6 37.3 128.3 474.2 326.1
005276,1.0 1 2.9 198.4 99.7 340.1 0.8 14 82.9 115.0 187.6 327.2 1.0 14 82.9 131.4 137.5 327.6 1.0 14 117.5 113.4 185.9 326.0 1.0 14 1.4 107.3 82.6 325.8 1.0 14 161.6 105.8 285.5 374.9 0.8 1 1.6 197.5 65.9 339.5 0.9 1 154.5 212.1 326.1 374.7
005277,0.7 11 203.4 108.3 308.3 233.7
005279,0.0 0 0.0 0.0 10.0 10.0
005280,0.9 18 184.4 113.2 413.3 207.2
005282,0.0 0 0.0 0.0 10.0 10.0
005284,0.7 15 322.0 231.7 433.4 354.0 0.6 15 36.1 240.0 153.6 363.0 0.8 15 16.9 72.0 164.3 360.0 0.8 15 22.5 5.6 461.2 372.7 0.7 15 136.6 242.0 335.7 372.9 0.7 15 278.0 1.1 496.1 352.6
005286,0.8 14 94.4 63.1 354.5 353.3 0.6 8 314.6 122.0 437.1 374.1 0.6 14 94.0 62.1 422.3 317.9 0.9 14 94.3 62.7 435.0 355.2
005287,1.0 14 52.3 153.3 76.2 181.8 0.5 14 371.3 127.5 398.3 181.3 1.0 6 127.3 147.9 380.3 300.9 1.0 14 137.8 121.8 166.5 166.0 0.6 14 81.0 119.7 107.3 172.8 0.6 6 130.5 121.5 381.4 285.4 1.0 14 295.3 92.8 345.7 154.9
005289,0.7 2 102.2 151.8 180.6 307.5 0.8 2 102.4 151.1 182.3 266.9 0.8 2 361.4 142.5 434.2 337.0
005291,0.9 14 375.6 48.9 414.1 123.3 0.9 14 434.5 48.9 473.0 130.9 0.7 19 354.6 21.7 499.9 195.8 0.8 19 48.7 7.1 126.2 70.8 0.9 14 463.9 42.7 499.5 125.7 1.0 14 26.5 14.3 486.5 374.2 0.9 14 375.1 48.5 420.1 134.9
005294,0.7 13 135.7 0.9 483.0 374.0 0.8 13 2.6 1.3 485.2 374.2
005295,1.0 14 16.1 166.6 157.7 374.8 1.0 8 292.8 195.4 370.4 327.9 1.0 8 193.2 209.1 281.9 357.9 0.5 8 254.5 197.5 291.4 318.8
005296,1.0 14 325.9 219.6 358.3 280.8 0.7 8 114.0 270.7 170.4 339.7 0.6 19 229.2 203.3 295.2 266.9 0.7 19 156.8 201.0 227.7 267.3 0.9 6 164.1 265.4 499.8 374.1
005299,0.8 14 0.5 1.3 282.1 317.2 0.9 14 238.0 0.6 296.0 70.3
005300,0.6 2 221.5 38.7 343.9 250.4
005301,0.6 4 122.2 240.3 159.7 321.6 0.6 1 243.0 222.3 331.0 422.8 0.8 1 232.9 160.7 330.9 422.0 1.0 1 58.1 219.1 226.2 455.9 1.0 14 55.6 49.0 230.3 420.2 0.7 14 244.9 96.3 331.1 275.7 0.7 14 241.7 92.8 331.0 417.6
005302,0.6 8 242.5 185.8 310.4 223.7 1.0 8 88.4 188.6 134.8 236.6 0.5 10 36.5 189.0 337.7 305.3 0.6 8 134.0 191.2 207.4 238.0 0.9 8 178.6 190.5 215.6 235.4
005308,0.7 4 277.6 88.3 334.9 205.0 0.7 11 229.7 130.6 344.4 308.3 0.7 14 145.7 116.5 250.0 299.4 0.7 4 169.2 90.9 210.5 143.2 1.0 14 28.7 85.8 169.8 254.1 0.5 11 149.5 114.9 341.3 308.0 0.6 11 229.4 131.0 473.6 310.0 0.5 11 213.5 129.6 342.5 309.5 0.9 14 328.2 139.9 467.6 309.8
005309,0.7 7 0.8 9.5 499.5 325.1
005313,1.0 19 296.0 76.3 381.3 159.1 0.9 8 0.5 124.0 95.4 339.4 0.7 19 98.2 118.1 138.4 165.5
005316,0.6 13 112.2 140.8 365.3 298.1 1.0 14 97.1 94.0 125.1 224.6 1.0 14 58.3 94.3 108.6 249.2 0.8 13 113.6 135.2 433.5 297.3
005317,0.8 7 16.6 42.3 499.7 374.2
005321,0.6 14 1.9 1.6 415.8 248.2 0.8 17 1.2 2.4 462.8 331.4 0.5 14 1.1 0.3 328.6 245.6
005322,0.9 14 0.7 3.0 293.5 487.3 0.5 14 7.2 3.4 282.5 197.9 0.7 14 19.7 4.3 279.6 270.6
005323,0.7 4 174.2 95.4 213.8 280.5 0.9 4 142.5 128.2 187.4 249.1 0.7 4 169.2 68.1 197.4 106.1 0.8 4 159.9 256.3 184.8 336.5 0.5 4 156.1 256.7 183.0 337.3 0.5 14 1.4 2.3 353.2 351.1 0.7 4 177.3 264.4 224.9 354.1 0.9 14 0.3 4.3 258.5 340.8 1.0 4 147.8 255.5 180.9 338.0 0.8 14 1.3 1.5 160.7 259.5 0.6 14 4.0 3.3 362.5 372.8 0.9 4 160.9 90.9 186.9 142.8 0.7 14 116.0 0.3 273.6 93.5 0.6 14 171.9 0.8 354.6 311.6 0.8 4 178.5 88.4 257.5 326.0 0.6 4 173.2 255.9 224.4 352.5
005324,0.6 9 76.4 175.4 229.1 306.5
005329,0.7 3 142.7 169.5 185.5 245.9 0.5 14 11.4 189.8 38.0 217.1 0.6 3 272.1 184.9 304.4 258.1 0.6 3 277.3 183.3 354.0 260.5 0.9 3 171.0 126.6 260.8 263.5 0.6 3 143.6 166.3 259.5 265.8
005330,0.8 18 2.1 141.5 370.9 242.3
005332,0.8 1 225.1 151.4 261.1 192.6 1.0 14 337.1 128.1 371.1 184.2
005333,0.8 6 1.1 196.4 140.9 342.6 1.0 14 143.4 210.8 178.7 328.5 0.9 6 1.0 196.2 145.7 383.2
005334,0.7 12 32.7 128.8 313.8 500.8
005335,0.7 9 207.8 208.6 266.5 274.9 0.7 9 290.6 209.0 460.2 322.0
005339,0.6 9 394.9 65.0 495.6 238.0 0.5 9 1.3 27.7 157.8 317.4 0.5 9 174.3 29.9 497.8 385.2
005341,0.5 14 256.8 103.3 429.0 315.7
005342,0.9 14 231.6 26.0 411.2 212.7 0.8 12 135.0 150.1 249.4 303.3 0.9 14 231.0 26.3 410.1 277.7 0.9 12 228.0 109.2 488.9 310.9
005347,1.0 14 318.1 137.9 353.0 202.2 1.0 14 51.8 74.1 175.3 312.8 0.6 13 275.7 195.5 426.5 312.9 0.7 14 278.4 138.0 352.9 313.3 1.0 14 345.2 155.4 381.0 200.7 0.9 13 279.1 177.3 447.7 312.5
005353,0.6 17 0.2 104.1 269.6 302.7 0.8 17 0.8 97.5 500.1 301.0 0.9 17 212.8 93.4 472.7 288.7 0.5 17 210.8 93.5 464.0 300.0
005354,1.0 14 368.1 115.5 439.3 262.3 0.8 13 0.6 149.6 219.0 375.5 1.0 14 0.8 88.1 35.2 197.5 0.6 13 0.9 96.5 222.2 374.6 0.9 13 224.8 115.3 327.6 229.1
005356,0.5 14 1.1 1.8 418.5 374.6 0.6 14 1.1 1.8 499.4 374.6
005357,1.0 6 0.8 207.1 411.2 375.1 1.0 14 299.2 135.7 344.2 264.9
005359,0.7 18 54.9 74.7 334.7 408.2
005361,0.0 0 0.0 0.0 10.0 10.0
005362,0.6 8 138.7 227.2 174.7 259.4 0.7 8 84.5 226.0 121.1 269.3 0.9 8 181.0 231.6 223.3 292.8 0.6 10 0.3 308.2 159.7 469.0 0.9 8 81.9 229.1 122.7 311.9 0.7 8 137.1 229.5 178.6 289.8 0.8 8 273.8 229.9 314.9 296.2
005364,0.9 2 92.6 22.5 298.7 471.5
005366,0.6 4 258.1 1.1 294.6 60.4 0.6 14 48.4 59.2 319.6 369.0 0.5 4 103.1 221.8 152.9 325.8 0.7 14 22.6 0.2 178.7 212.4 0.8 4 146.2 207.0 198.8 367.6 0.6 14 49.8 59.3 411.3 245.6 0.9 14 270.1 0.5 499.8 184.0 0.6 14 25.7 1.2 175.5 171.4 0.8 14 20.8 0.6 189.2 347.1 0.8 4 108.1 213.2 169.6 374.3 0.9 14 49.5 56.9 493.3 343.3 0.6 14 272.1 0.8 498.5 263.7 0.5 14 177.3 58.2 494.2 343.0 0.6 14 272.2 0.8 498.1 268.5 0.8 14 273.3 2.0 497.8 337.9
005372,0.9 6 12.5 139.1 366.4 336.0
005375,0.6 19 62.9 27.5 271.7 153.8 0.8 19 364.0 202.7 454.1 268.0 0.6 19 69.1 141.7 174.6 220.2 1.0 14 225.9 163.6 349.6 304.8 0.8 19 363.3 204.6 410.2 263.8
005376,0.6 0 168.7 203.6 378.9 256.2
005377,0.6 4 55.2 245.6 97.6 325.6 1.0 14 0.9 25.9 168.3 246.0 1.0 10 -1.1 220.6 444.3 375.4 0.8 14 326.5 1.1 403.7 68.0 1.0 14 278.9 46.3 497.8 374.5
005381,0.7 5 20.6 291.8 257.6 498.4 0.5 14 213.8 371.1 249.3 493.6
005382,0.9 3 205.2 128.8 237.9 198.9
005386,0.9 14 98.9 27.5 389.1 375.0 0.9 14 99.8 28.9 386.4 343.4 0.5 14 98.2 1.2 390.6 374.2 0.7 14 97.7 1.1 396.4 374.2
005390,0.6 18 124.0 217.8 404.9 323.4 0.6 19 377.9 115.0 433.6 170.5
005392,1.0 14 218.4 152.6 286.9 333.1 1.0 14 276.9 151.2 341.7 333.6 0.7 14 191.4 65.8 222.7 162.5 1.0 0 37.6 50.8 497.6 205.5
005394,0.8 7 61.0 80.6 367.3 498.9 0.6 7 62.5 161.2 358.3 500.4
005399,0.9 14 96.2 66.5 499.5 332.5 0.6 14 134.0 66.0 416.6 332.3 0.9 14 145.9 66.5 500.1 332.4
005400,1.0 17 0.9 40.1 499.4 374.5
005401,0.9 14 369.7 0.6 435.6 105.1 1.0 6 50.7 75.4 389.3 319.7
005402,0.9 6 207.5 127.9 309.9 236.3
005403,0.7 2 125.9 123.6 282.2 199.8
005409,0.5 4 184.9 210.8 286.1 330.4 1.0 14 261.7 79.6 458.8 333.5
005411,0.5 14 128.6 2.0 373.4 498.1 0.9 19 21.3 51.4 133.4 142.3 1.0 14 102.6 3.9 324.2 498.3 0.8 14 161.2 3.2 327.7 498.5
005412,0.7 14 257.4 161.3 283.3 234.4 1.0 8 98.8 249.8 192.1 374.9 1.0 14 236.8 237.6 285.0 343.5 0.9 8 316.4 263.4 378.7 355.3 0.8 14 417.0 170.0 438.1 222.7 0.7 14 316.0 222.2 357.1 281.0 1.0 14 311.4 221.2 358.8 338.1 1.0 14 429.1 164.5 459.5 220.3 1.0 14 131.3 184.2 191.1 316.1 1.0 14 100.4 195.0 145.4 251.3 1.0 14 1.2 192.8 47.6 272.7 0.8 14 241.0 238.3 282.9 300.8 1.0 14 226.3 164.4 262.0 237.5 1.0 14 61.3 167.7 116.1 256.3 0.6 8 1.1 311.8 35.0 374.8 0.8 6 413.2 273.8 499.6 374.7 0.9 8 233.7 259.3 282.9 349.8 0.9 14 314.6 208.0 337.0 252.1 0.8 8 233.6 261.7 330.9 375.4 1.0 14 366.9 157.4 426.3 324.6
005415,0.6 11 330.4 232.1 464.4 288.6 0.7 11 331.2 233.7 423.9 288.2 0.6 11 180.5 219.1 236.3 251.4 1.0 14 205.4 84.4 263.8 235.5 1.0 14 57.6 65.3 133.7 270.5 1.0 14 355.6 68.3 403.8 225.6
005422,0.9 18 48.1 94.9 333.8 237.0
005425,1.0 14 91.8 91.4 179.1 419.9 1.0 14 160.9 52.3 257.5 437.9
005426,0.0 0 0.0 0.0 10.0 10.0
005427,0.8 3 81.7 40.6 394.3 249.0
005428,0.8 4 0.5 14.9 207.0 360.7 0.8 4 208.1 4.6 327.4 198.8
005432,1.0 6 22.4 13.4 478.1 360.9
005435,0.9 13 115.0 218.1 374.2 428.0
005437,0.7 14 5.4 89.6 25.6 119.5 0.7 14 149.0 137.9 177.1 181.4 1.0 6 1.2 112.9 497.6 336.6
005442,0.8 14 126.4 1.3 269.6 136.4 0.7 14 388.6 2.2 499.6 372.3 0.6 14 15.9 0.9 256.3 260.5 0.6 14 130.4 0.8 270.3 57.2 0.9 14 258.1 0.7 440.4 141.7 1.0 14 19.8 109.9 446.3 375.1 0.7 4 410.1 122.2 483.0 374.1 0.7 14 390.2 1.5 499.5 317.5 0.8 14 270.9 1.5 435.1 123.8
005443,1.0 6 12.8 259.2 317.2 486.4
005444,0.9 7 108.5 89.8 394.6 372.9
005446,0.6 11 284.2 188.6 332.9 430.5 0.8 11 77.4 0.5 246.8 217.7 0.6 10 1.1 209.1 333.2 500.0
005447,1.0 6 255.3 118.9 296.1 146.8 0.5 8 345.4 165.2 418.3 293.7 0.9 6 358.0 125.5 395.6 156.2 1.0 14 173.8 119.9 261.8 322.8 0.5 6 439.1 128.9 474.2 159.4 1.0 17 96.6 157.3 419.5 300.1 1.0 14 280.4 126.6 376.9 306.5 0.8 6 375.8 130.8 465.6 206.7 0.9 6 340.4 125.5 368.5 147.8
005449,0.6 10 264.5 185.0 471.1 315.0 1.0 14 1.9 29.3 343.0 313.7
005452,0.0 0 0.0 0.0 10.0 10.0
005456,0.6 12 262.7 91.1 319.7 203.7 1.0 14 109.9 12.4 205.3 144.8 1.0 12 107.4 27.8 211.1 212.4
005458,0.9 0 156.5 134.7 354.8 190.9 1.0 0 19.1 134.9 471.2 324.1
005459,0.9 14 126.0 209.5 202.9 495.6 0.7 14 106.2 293.3 145.4 353.5 0.6 8 5.0 325.4 57.4 497.3 0.7 14 80.0 297.1 147.0 497.3 1.0 14 127.6 210.3 201.1 346.8 1.0 14 9.8 210.0 140.8 499.1 0.8 14 87.8 296.6 145.1 381.0 1.0 14 174.4 209.1 319.9 499.0
005460,0.8 7 38.7 106.5 443.3 367.7 0.8 7 41.4 1.5 499.3 367.6
005462,0.9 7 4.3 32.7 324.1 435.7
005463,0.9 18 52.0 33.3 484.4 260.5
005464,1.0 14 177.7 45.6 205.6 94.3 0.8 8 0.5 48.8 66.5 165.9 0.7 8 281.6 77.1 333.2 219.0 0.6 8 121.5 37.4 229.7 182.9 1.0 14 152.4 51.6 178.3 93.7 0.9 10 0.9 145.8 332.7 500.7 0.8 19 142.0 35.6 223.0 131.4
005466,0.6 14 254.0 128.9 275.8 184.5 0.6 14 255.5 128.6 273.9 162.3 1.0 14 114.1 249.8 137.4 299.4 0.8 14 305.2 154.4 329.5 190.0 1.0 14 153.9 228.7 176.7 297.8 0.5 14 348.4 137.7 370.2 188.9 1.0 14 128.0 255.9 151.6 300.3
005468,0.6 14 291.0 12.1 380.3 201.4 1.0 6 0.6 97.7 147.6 202.5 0.9 13 14.1 84.5 468.9 456.7 0.9 6 382.3 105.3 499.7 228.5 0.7 14 281.1 14.7 383.5 445.9 0.9 14 279.7 12.7 452.5 440.8
005472,0.9 2 124.1 164.7 357.6 297.2
005473,1.0 14 122.5 158.5 164.1 209.8
005474,0.8 8 0.6 48.7 98.4 375.6 0.9 7 89.9 69.3 347.3 289.4
005476,0.8 11 99.5 171.6 372.1 439.5 0.7 11 99.6 171.3 373.7 499.2
005477,0.8 14 268.8 1.2 333.2 91.5 0.9 14 118.9 54.7 168.5 147.3 0.9 14 57.5 46.9 147.8 182.2 0.8 14 0.9 57.2 64.1 209.9 0.9 14 0.5 53.2 62.0 375.2 0.9 14 55.6 45.2 152.9 374.7 0.5 14 0.7 59.3 47.0 183.7 0.8 14 0.4 46.7 142.9 375.0 1.0 14 199.5 49.4 369.0 300.4 0.9 14 13.5 41.2 77.9 177.2
005479,1.0 13 104.4 74.2 331.8 292.3 1.0 14 121.9 19.1 319.7 285.8 0.7 14 188.3 19.1 317.3 286.2
005480,0.9 1 129.6 112.5 366.2 401.2 0.6 1 128.3 105.7 365.5 399.9
005482,0.6 7 1.1 41.5 247.2 180.3 1.0 14 267.7 0.5 499.0 178.8
005484,0.9 6 403.7 184.9 457.1 212.2 0.7 6 480.7 142.8 500.0 271.9 0.8 6 130.5 58.6 327.3 266.4 0.5 6 315.5 136.9 499.3 269.7
005488,1.0 14 34.0 43.9 271.5 332.3 1.0 14 275.3 118.8 500.3 333.0
005490,0.8 14 107.5 44.2 265.5 282.0 0.9 14 19.4 44.5 266.6 332.3 0.6 14 17.9 44.6 440.7 331.8 0.8 10 1.5 175.0 499.4 333.9
005491,0.9 4 282.0 173.6 349.3 376.0 0.6 19 74.9 169.3 130.3 231.4 1.0 14 184.7 83.8 398.3 329.6 0.7 19 131.0 175.3 186.9 231.6
005492,0.8 13 6.8 11.1 328.3 305.3
005493,1.0 6 38.3 47.9 484.2 254.0
005494,0.9 15 49.4 170.2 164.4 341.1 1.0 14 117.4 4.7 272.8 471.8
005495,1.0 2 129.9 67.0 332.9 434.5
005498,0.9 8 414.2 171.7 498.8 316.2 0.8 8 229.6 175.5 397.6 349.8 0.8 19 426.6 173.6 494.2 232.1 0.7 17 86.5 176.5 361.3 311.0 0.8 8 0.9 242.6 187.1 376.1 0.9 17 86.6 174.4 364.2 333.4
005500,1.0 14 29.3 90.8 286.5 350.1 1.0 14 265.2 91.0 500.0 373.6
005501,0.9 6 22.9 62.9 452.8 327.7
005502,0.9 2 182.2 127.8 244.2 297.3 1.0 2 181.4 127.0 315.6 325.9
005503,1.0 1 51.3 48.6 483.1 330.3
005504,0.8 18 2.6 156.7 383.5 281.5
005505,0.7 12 42.1 56.5 350.3 324.8 0.7 14 56.0 136.8 153.2 323.9
005506,0.9 13 56.8 2.6 170.4 79.4 0.9 13 97.7 6.8 360.7 270.0 0.9 14 231.6 2.8 372.7 139.1 0.6 14 224.4 41.9 355.4 264.5 0.6 14 294.7 2.4 372.1 138.4 0.7 13 100.9 65.8 355.0 271.8
005512,0.5 11 61.0 16.1 318.4 332.4 0.6 11 33.4 17.0 318.8 332.6 0.8 11 33.1 16.3 216.5 332.1 0.7 11 210.5 8.9 496.1 168.7 0.7 11 210.7 9.1 449.2 136.0
005513,0.8 14 156.0 0.5 263.4 77.0 1.0 12 69.6 46.7 301.7 211.5 0.9 14 134.1 -0.4 304.5 206.2
005516,1.0 1 35.4 29.7 435.8 339.3
005520,1.0 6 140.9 3.2 180.9 23.5 1.0 6 95.0 5.1 135.3 23.8 0.9 6 23.1 8.9 57.0 25.4 0.9 6 281.5 1.1 317.6 18.5 1.0 6 227.4 1.2 269.3 20.2 1.0 6 57.6 5.7 96.4 23.8 0.7 6 1.2 10.0 23.2 26.5 1.0 6 -0.4 23.9 297.5 436.9 1.0 6 183.9 1.0 226.8 20.7
005523,1.0 14 120.5 29.0 146.9 63.9 0.7 14 431.8 3.4 456.5 55.9 1.0 14 454.9 25.6 493.8 116.1 1.0 14 194.9 25.2 235.1 82.2 0.7 14 450.4 26.1 499.5 173.2 0.9 14 188.5 24.6 236.5 87.5 0.7 14 428.7 3.3 455.2 117.3 1.0 14 407.2 21.8 442.5 118.4 1.0 14 170.0 22.9 204.8 90.0 0.9 14 432.8 5.6 456.7 40.3 0.8 6 0.9 2.1 498.4 345.8
005525,0.7 15 48.5 7.7 499.2 340.8 0.9 15 170.8 4.7 498.3 336.3
005528,0.8 11 166.6 30.2 470.7 366.2
005529,0.0 0 0.0 0.0 10.0 10.0
005532,0.8 2 240.7 150.4 287.2 185.2 0.8 2 240.8 117.5 289.8 185.1 0.9 2 148.3 207.2 295.8 278.3 0.9 2 187.6 143.1 237.6 210.9 0.9 2 310.8 147.3 367.7 225.8 0.5 2 350.5 147.9 395.3 217.5
005533,0.7 14 127.0 192.9 182.7 262.3 0.6 14 0.7 265.2 14.8 419.5 0.9 14 28.8 216.3 90.2 364.5 1.0 14 0.8 214.7 24.2 261.8 1.0 14 120.5 191.9 182.8 345.1 0.8 14 1.0 260.9 44.2 395.7 1.0 14 27.3 215.8 85.4 449.9 0.7 14 0.9 261.4 45.8 471.0 0.8 10 91.1 355.0 332.4 500.9 1.0 14 161.9 177.9 218.6 342.2 1.0 14 263.1 194.7 305.1 290.3
005534,1.0 6 443.0 105.4 500.0 192.7 1.0 13 96.5 72.6 433.8 321.1
005537,0.7 0 48.0 78.1 387.7 287.8 0.8 0 49.4 139.1 385.1 287.4
005538,0.8 7 46.7 280.0 161.7 411.6
005540,0.9 14 113.5 51.4 169.7 123.7 1.0 1 26.4 116.0 476.4 280.5
005543,0.5 19 312.1 26.0 374.1 70.8 0.6 11 206.6 128.2 313.8 364.1 0.9 14 421.2 211.2 460.5 250.2 0.9 19 353.8 173.1 418.4 255.8 0.9 14 441.4 218.6 464.6 246.5 0.7 19 405.8 194.8 475.2 257.4
005545,0.6 8 240.1 261.9 298.1 395.6 0.9 8 24.6 234.3 91.1 404.6 0.9 19 46.3 178.3 86.2 236.9 0.9 10 104.0 202.0 266.1 392.9
005546,1.0 14 47.9 320.6 65.3 367.0 0.9 6 264.4 320.5 333.3 494.2 1.0 14 77.6 319.1 95.5 367.2 0.6 14 88.3 318.0 108.6 363.7 0.7 14 143.1 191.8 217.4 289.3 1.0 14 102.1 242.2 249.6 499.1 0.9 14 63.3 315.9 75.9 359.9 0.8 14 101.9 190.9 248.3 497.8 0.8 6 241.3 318.7 333.2 441.2
005548,0.6 14 0.9 77.9 220.4 499.7 0.8 14 0.9 69.1 225.3 399.9 0.9 14 0.4 146.7 333.0 498.8
005551,0.9 19 177.4 36.7 258.3 143.5 0.7 8 1.4 269.9 89.4 374.9 0.9 19 43.8 180.3 182.9 289.8 0.8 19 58.9 28.8 168.1 132.6 0.6 4 239.2 210.9 258.0 256.0 0.9 19 326.4 48.2 387.5 140.0 1.0 17 268.4 166.4 498.8 308.3
005553,1.0 13 55.9 101.3 351.6 429.1 1.0 14 117.2 37.3 323.3 331.5
005555,0.8 8 130.6 46.3 319.3 373.3 0.6 8 132.1 48.0 311.8 315.4 0.8 8 218.1 1.2 333.6 113.4 0.8 8 132.8 112.2 319.8 374.5 0.8 8 328.1 7.3 499.3 133.9 0.5 19 56.6 14.2 117.4 77.4 0.5 19 311.5 147.4 400.1 203.2 0.8 8 132.9 46.0 306.5 231.6
005556,0.7 8 1.4 269.9 109.9 332.6 0.6 14 117.2 44.0 370.8 313.6 0.6 8 120.4 162.4 232.3 333.0 0.8 14 113.9 43.9 257.5 263.3 0.8 14 114.2 43.9 255.8 332.8 0.7 14 115.8 45.0 379.2 331.8 0.7 15 1.3 154.3 83.7 274.0 1.0 14 231.7 69.5 377.8 311.3 0.6 6 422.7 205.8 481.5 231.2
005557,0.8 11 70.6 137.5 255.6 427.7
005558,0.8 14 0.2 -0.8 134.6 186.8 0.7 14 0.6 -0.4 97.4 186.3 0.7 14 0.5 -0.7 103.0 186.5 1.0 6 92.4 6.2 469.2 322.4 0.9 14 397.5 1.6 476.4 138.8
005560,1.0 14 185.8 52.3 296.1 289.5 1.0 13 141.0 152.3 407.3 346.5
005561,0.9 1 135.7 166.7 338.4 444.5 1.0 14 188.4 155.0 272.1 417.5 0.5 14 188.9 156.7 276.7 473.2 0.8 1 134.7 167.6 339.7 498.6
005562,0.9 7 1.2 1.5 479.2 374.1
005564,0.8 12 106.3 35.4 216.9 375.9 0.8 12 25.8 38.6 215.6 373.9
005565,0.5 19 73.6 13.1 323.5 385.2 0.8 19 105.1 257.0 200.1 338.6
005567,0.8 15 1.1 0.0 79.1 140.5 0.5 15 160.2 105.3 489.0 372.6 0.8 15 157.9 0.6 497.0 368.8
005569,0.8 18 77.1 232.6 413.9 345.7
005570,0.8 4 308.5 169.7 354.0 300.5 0.8 4 286.2 170.7 354.5 375.6 1.0 14 167.4 40.4 200.1 100.0 1.0 14 318.3 78.6 367.1 127.7 1.0 14 285.6 70.2 327.1 125.9 1.0 14 0.7 63.9 66.0 196.3 0.8 14 110.6 77.3 175.0 133.5 0.6 14 88.2 76.6 176.1 135.2 1.0 14 9.0 28.3 340.9 375.2 1.0 14 42.9 74.3 105.0 142.2 0.8 14 126.6 77.4 173.1 132.0 1.0 14 288.9 40.9 500.1 374.5
005571,1.0 13 24.9 75.0 448.3 309.5
005572,0.7 12 124.5 76.4 468.7 434.6
005575,1.0 0 6.4 106.7 495.4 271.0
005578,0.7 9 116.5 128.4 227.8 264.9
005580,0.6 7 42.7 48.5 384.9 373.2
005581,0.8 7 102.0 172.2 138.9 224.0 0.7 7 183.5 153.9 231.4 221.1
005587,1.0 19 244.4 113.7 334.3 201.6 0.6 4 141.0 210.2 158.8 260.3 0.7 19 374.7 17.9 443.8 64.7
005589,0.9 8 330.3 99.8 460.7 251.2 0.7 8 74.2 141.9 298.9 281.5 0.8 8 68.7 1.3 300.1 280.4 0.9 8 332.8 99.9 420.0 251.5 0.8 8 386.5 70.9 462.2 200.7 0.9 19 316.0 44.4 378.9 107.8
005594,0.7 4 240.2 260.2 391.7 434.9 0.8 4 91.4 318.4 237.0 457.0 0.7 14 12.0 35.4 339.7 455.4 0.9 14 14.9 35.3 343.7 430.6 0.7 14 12.0 37.6 396.3 453.9
005595,0.7 13 6.8 49.1 243.0 366.0 1.0 14 135.9 16.5 369.0 412.5 0.8 13 5.9 46.6 501.6 413.0
005596,0.9 14 181.5 162.1 212.1 221.8 0.8 14 152.4 182.2 198.3 254.2 0.9 14 71.9 76.9 97.0 138.5 0.6 14 249.0 127.5 280.2 177.2 0.6 14 181.8 71.4 249.3 252.4 1.0 14 72.2 76.3 132.6 199.9 0.9 8 93.8 290.1 175.1 484.2 1.0 14 0.8 71.0 105.6 457.9 1.0 14 93.3 174.2 254.5 398.7 1.0 14 182.3 72.6 250.3 158.0 1.0 14 200.5 145.0 275.9 266.2 0.9 19 306.2 188.3 374.8 255.5 0.7 10 127.3 195.4 375.9 500.6
005597,0.8 19 138.4 89.2 192.5 158.1 0.6 8 287.6 155.1 420.5 343.1 0.6 8 302.9 148.2 392.2 295.0 0.9 8 282.1 149.7 393.3 364.7 0.9 8 345.2 154.4 420.2 310.4 0.9 19 401.4 65.7 475.7 156.5 0.6 8 4.7 181.2 168.5 375.1 0.9 8 1.3 183.8 129.9 375.1 0.8 10 43.8 177.5 499.1 375.0 0.7 8 104.0 167.8 282.2 374.7 0.6 8 276.4 188.2 344.8 367.0 0.9 8 195.3 202.5 296.1 375.4
005598,0.9 5 53.7 32.1 422.6 251.1
005602,0.5 9 128.6 103.8 394.9 269.2
005604,0.5 3 305.8 415.7 371.2 451.1 0.6 0 0.6 1.7 374.2 464.5
005607,0.5 7 171.0 119.2 349.8 268.9
005610,1.0 14 159.2 67.5 293.2 253.2 1.0 12 67.6 124.4 338.6 378.5
005612,0.7 14 0.6 31.9 117.1 252.4 0.6 14 0.1 30.2 119.6 275.1 0.9 14 0.6 31.7 177.8 270.6 0.8 14 0.3 34.0 153.2 345.1 0.6 14 233.8 57.2 270.0 111.6 0.6 14 0.4 31.9 105.7 337.9 0.6 14 0.6 8.2 269.6 340.3 0.6 10 0.9 233.9 270.4 360.6 0.9 14 107.1 6.6 269.9 238.7 0.9 14 108.9 5.9 270.0 283.2
005616,0.0 0 0.0 0.0 10.0 10.0
005617,1.0 14 67.0 68.6 157.6 264.8 0.6 9 224.1 142.0 340.0 266.6
005619,0.7 1 1.9 2.4 498.8 373.4
005621,0.5 7 137.8 122.5 413.2 314.0
005622,0.9 14 341.7 151.9 499.3 370.4 0.9 14 469.1 110.4 499.8 145.0 0.6 8 1.3 282.5 111.9 370.4 0.9 14 348.7 154.1 498.6 323.2 1.0 14 70.1 135.6 118.6 216.8 1.0 14 425.0 98.3 462.1 145.7 0.8 14 229.2 130.7 295.7 232.0 0.7 14 1.8 142.3 93.4 275.1 1.0 14 166.4 106.3 233.3 201.7 0.9 14 1.5 143.9 83.7 333.7 0.6 14 50.7 134.4 139.0 369.8 0.9 14 2.1 140.0 137.7 369.4 0.8 10 92.9 174.5 479.7 372.3 1.0 14 333.2 117.1 395.4 261.6 0.7 14 66.5 136.2 136.1 324.8 1.0 14 239.3 116.1 366.0 255.8 0.9 10 134.8 222.8 478.2 371.3 1.0 4 221.2 207.7 246.1 299.5 0.9 14 230.1 127.0 343.5 234.9 0.6 14 281.9 115.6 364.1 255.6
005623,0.9 8 49.0 53.1 344.0 395.0 0.6 10 14.1 10.0 494.4 394.1 0.8 8 378.1 1.3 498.9 117.6
005626,0.9 18 47.9 31.6 500.0 304.3
005627,1.0 6 93.3 90.5 315.7 192.3 0.7 6 47.6 65.2 101.7 97.1 0.7 6 376.4 77.5 441.1 96.2 1.0 6 4.8 85.9 180.5 168.4 0.9 6 451.0 71.2 499.8 118.7 0.9 6 0.9 89.7 70.3 158.8 0.7 8 146.5 182.9 256.6 264.6 1.0 6 257.1 94.3 488.1 212.0 1.0 6 284.6 76.4 357.9 107.2
005628,0.7 14 1.0 15.7 85.2 157.5 0.6 14 0.8 13.9 86.4 221.7 0.6 10 0.7 45.7 499.4 375.7 0.9 14 341.1 0.3 403.6 59.8
005632,0.6 8 0.1 142.1 162.9 278.7 0.7 8 39.9 67.6 164.2 277.8
005633,1.0 0 20.5 45.6 455.0 211.6
005634,0.8 14 271.2 3.1 433.7 306.7 0.8 14 271.5 59.3 434.8 307.8 0.9 14 274.5 35.4 435.6 306.7
005635,0.8 4 287.7 56.1 367.0 263.7 0.5 4 280.8 93.6 357.8 288.1 0.9 4 241.4 59.5 288.3 145.4 0.9 4 121.8 80.5 203.2 195.6 0.9 4 220.2 59.9 299.1 255.3 0.8 4 1.0 102.8 146.2 375.5 0.6 10 1.0 118.7 500.2 375.1 0.7 4 156.2 80.8 218.8 264.7 0.9 4 379.2 58.7 436.7 132.7 0.9 4 315.2 56.1 365.6 141.6
005638,1.0 14 72.9 90.4 357.3 332.8 1.0 6 290.5 175.8 500.1 333.5
005642,0.0 0 0.0 0.0 10.0 10.0
005643,0.5 19 344.3 89.4 452.1 175.3
005646,0.9 7 189.9 161.7 330.0 235.6 0.8 7 358.3 178.0 499.2 241.0 0.9 19 319.0 66.6 501.8 128.5 0.8 7 38.5 163.1 157.8 239.6 0.9 17 1.4 176.0 499.7 375.2
005649,1.0 6 90.3 127.9 431.4 306.8
005650,0.6 4 262.7 194.3 373.1 375.7 0.6 4 91.0 153.2 254.5 374.2 1.0 14 84.8 66.4 385.9 375.0
005651,0.0 0 0.0 0.0 10.0 10.0
005656,0.7 8 27.9 149.5 71.9 259.1 1.0 14 170.5 90.1 221.1 172.1 0.5 14 99.1 110.4 129.6 140.4 0.9 14 34.1 76.8 87.7 204.5 0.6 14 33.8 76.0 80.1 130.4 0.9 8 316.3 188.6 472.0 335.6 0.7 14 117.8 217.7 282.5 335.2 1.0 14 96.8 110.3 138.9 224.2 0.9 14 32.4 77.0 87.1 259.8 0.5 8 142.2 121.5 185.4 222.4 1.0 14 206.7 73.9 294.0 218.5 1.0 14 115.6 216.1 397.3 334.0 0.8 8 141.1 124.2 286.5 258.7 1.0 14 289.9 89.3 438.2 231.5 0.5 8 208.6 150.4 302.9 331.7 0.8 14 290.0 89.2 441.8 295.5
005659,0.5 18 75.9 165.8 200.5 230.6 0.5 18 0.7 143.3 87.4 229.8 0.8 18 196.3 60.0 500.6 251.9 0.8 18 192.3 60.2 499.6 260.2
005661,1.0 8 10.0 252.3 155.0 374.8 0.6 19 7.0 3.0 84.7 248.9 0.7 8 406.6 205.3 455.7 309.6 0.5 8 162.9 206.0 315.8 375.1 0.7 14 419.5 176.2 469.7 254.0 0.9 8 162.6 257.0 267.5 374.7 0.7 10 8.9 203.3 489.2 377.1 0.8 14 406.5 176.3 470.9 299.6 0.7 8 164.5 265.0 309.4 375.4
005663,0.8 6 40.0 181.3 78.4 199.0 0.6 5 0.7 162.6 75.0 196.5
005665,0.6 8 242.4 37.0 290.3 97.6 0.8 8 283.6 35.3 324.9 90.8 0.9 8 375.6 105.2 484.3 276.3 0.7 8 378.6 152.0 479.2 277.2 0.8 8 320.9 65.5 390.4 149.3 0.7 8 230.8 26.8 270.8 91.4 0.9 8 202.2 55.4 255.6 125.5 0.8 8 39.0 65.2 157.5 190.7 0.7 8 422.9 30.3 481.4 122.9 0.8 8 88.7 64.7 159.2 145.9 0.6 8 41.3 96.9 168.9 271.6 0.9 8 71.0 153.8 169.6 273.2 0.8 8 39.3 98.2 112.1 192.7 0.9 8 320.9 28.9 413.4 146.2 0.8 8 282.0 36.9 325.6 115.2 1.0 8 231.4 190.4 327.6 304.6 0.8 8 324.1 29.4 374.1 136.4
005666,0.6 14 39.2 427.0 78.5 499.7 0.6 14 193.1 403.8 225.3 500.2 1.0 14 192.1 401.4 237.1 500.4 1.0 14 242.1 413.1 264.9 501.4 0.5 6 227.0 420.2 258.6 447.9 1.0 14 85.0 407.9 135.7 500.3 1.0 14 0.8 397.9 35.2 500.2 1.0 14 39.6 414.2 84.2 499.7 0.6 14 239.7 420.6 258.8 501.1
005667,0.0 0 0.0 0.0 10.0 10.0
005670,0.7 14 11.8 202.8 68.3 277.7 0.8 5 66.4 33.6 462.2 296.4
005671,0.5 11 1.4 36.3 475.7 374.2
005673,0.6 15 129.5 199.8 226.5 299.1 0.8 15 246.0 97.9 344.9 193.4 0.7 15 356.4 102.3 460.3 199.3 0.5 15 17.3 202.4 127.0 300.6 0.8 15 129.6 103.1 228.8 201.9 0.6 15 251.3 207.3 345.6 302.9
005675,0.6 11 0.6 119.2 358.1 397.2 0.6 14 190.5 0.9 338.4 226.3 0.8 14 0.1 0.1 165.2 199.2 0.7 14 1.1 1.4 214.2 341.1 0.9 14 0.6 1.2 357.3 331.0 0.6 14 85.7 1.9 164.8 93.3 0.5 14 197.3 1.2 298.2 149.5
005677,0.9 14 99.2 275.1 134.3 353.1 0.6 14 113.7 66.8 200.9 248.0 1.0 12 92.4 64.3 356.3 356.8 0.8 14 193.8 76.4 291.7 237.6 0.9 14 193.6 77.2 304.8 355.9
005678,0.0 0 0.0 0.0 10.0 10.0
005681,0.5 2 20.4 41.4 470.6 320.2 0.5 2 131.0 170.8 258.0 312.3 0.8 2 132.2 170.7 258.1 347.2
005683,0.6 1 52.9 1.0 499.6 316.5
005684,0.9 8 0.9 278.7 92.3 399.8
005688,0.5 7 57.6 75.5 387.4 334.1 0.8 7 46.2 38.8 454.5 333.7
005689,0.6 18 0.7 19.0 496.9 374.5
005690,0.8 18 1.8 119.2 444.0 202.4
005691,0.7 4 152.1 108.1 218.7 499.9 0.8 14 0.5 48.7 53.2 392.5 1.0 14 8.5 2.0 216.5 498.7 0.6 4 157.1 108.5 213.6 296.1
005692,0.7 7 96.2 43.2 444.9 261.4
005694,1.0 6 23.3 78.4 432.9 352.1
005698,0.8 14 316.9 0.9 354.6 46.0 0.6 14 148.6 84.1 341.9 281.0 0.9 14 0.9 0.5 112.8 164.4 0.8 14 1.5 0.5 111.1 109.1 0.5 4 384.0 170.1 499.5 323.1 0.7 14 96.7 16.2 203.3 279.2 0.9 14 428.0 1.8 474.7 99.7 1.0 14 101.4 16.7 205.4 209.5 0.8 14 461.9 1.9 492.6 65.8 0.8 14 392.2 0.8 430.9 46.4 0.5 14 1.2 1.0 57.4 129.2 1.0 14 0.9 89.6 147.5 299.0 0.9 14 166.0 87.3 496.7 345.0 0.6 14 164.7 86.3 408.7 348.8 1.0 14 263.7 104.2 498.4 334.8
005703,0.8 15 1.4 188.6 67.9 323.6 0.9 11 133.2 143.9 252.4 275.7 0.6 15 0.6 159.8 108.3 320.1 1.0 14 72.8 12.3 339.7 498.9
005706,1.0 6 42.0 199.6 465.1 338.1
005707,0.9 13 397.0 199.4 467.9 244.8
005708,1.0 14 217.4 37.8 305.6 287.2 1.0 13 394.1 95.2 499.8 261.7 0.6 14 0.2 24.4 129.7 290.8 0.5 14 435.2 93.9 499.9 252.8 0.9 14 359.1 43.5 412.9 217.1 1.0 14 0.7 25.3 128.6 350.3 1.0 14 361.0 42.4 412.3 301.6 0.6 6 123.1 100.6 159.7 121.1 1.0 14 284.0 34.6 370.6 357.5
005709,0.8 13 78.6 131.0 306.7 285.9 0.9 13 78.0 79.4 305.0 286.8 0.8 14 161.8 59.1 288.0 190.9 0.9 14 161.4 59.0 289.6 256.6 0.7 14 216.6 58.1 287.3 193.6
005711,0.6 9 140.4 144.0 380.9 362.8
005712,0.8 14 308.5 0.1 497.0 246.2 0.9 14 308.7 0.1 498.1 262.2
005717,0.8 6 0.9 65.4 67.1 154.8 1.0 14 308.7 159.4 376.8 244.9 1.0 14 136.7 92.0 265.6 222.3 0.5 14 190.5 269.9 364.9 375.3 0.5 6 51.8 42.7 158.4 90.2 1.0 14 1.1 92.7 181.5 375.1 1.0 14 187.9 271.0 298.9 375.2 1.0 14 287.0 176.9 499.0 375.4
005720,0.9 14 59.5 360.3 97.2 436.7
005721,0.9 14 123.3 142.6 368.7 372.9 0.8 4 319.7 262.3 348.8 374.9 1.0 4 203.4 226.1 228.7 304.2 0.6 4 305.9 261.9 353.0 375.5 0.7 4 443.7 0.9 468.0 42.1 0.6 14 121.2 143.6 489.6 370.3 0.9 17 4.4 143.5 494.1 374.4 1.0 14 251.4 136.8 381.0 281.9 0.8 14 235.4 135.8 386.7 373.3 0.8 4 324.3 263.1 345.6 320.4 0.7 14 252.7 138.0 491.6 350.3
005722,0.7 14 209.1 119.2 304.7 320.1 1.0 12 44.1 145.2 393.1 374.9 1.0 14 209.2 118.6 307.1 374.1
005724,0.8 13 58.2 3.8 304.6 495.7 0.6 13 58.9 120.6 308.5 490.6
005725,0.6 15 33.7 21.3 217.7 174.7 1.0 14 34.3 96.1 156.7 314.8 0.8 15 31.6 23.4 184.1 171.3 1.0 14 5.1 74.6 294.0 500.2
005726,0.6 10 0.5 45.3 374.8 499.8
005727,0.5 17 124.3 160.6 435.0 374.8 0.6 19 0.8 75.3 28.3 155.1 1.0 17 127.7 158.4 433.6 332.7
005733,1.0 12 179.0 89.1 426.2 264.2 1.0 14 256.6 35.5 329.8 216.3
005734,0.9 8 194.8 241.2 337.3 375.5 0.9 8 72.0 186.4 137.1 302.7 0.9 8 218.9 207.8 336.2 375.0
005737,1.0 14 480.9 73.6 499.9 138.8
005739,0.7 6 431.1 153.3 499.8 225.4 0.6 5 0.4 12.6 451.0 365.9 1.0 14 292.3 123.8 337.5 192.7
005744,0.5 12 203.7 219.7 303.8 500.2
005745,0.7 14 4.1 20.7 362.4 369.5 0.8 4 225.0 38.7 324.8 205.4 0.6 14 0.6 11.5 365.5 451.2 0.7 14 0.5 23.5 137.9 460.5 0.6 4 75.6 364.9 129.3 459.4 1.0 14 0.5 22.6 129.7 459.3 0.6 14 78.1 9.4 365.1 339.9 0.6 4 161.6 12.6 265.5 188.6 0.7 14 75.5 1.6 365.6 436.0
005746,1.0 14 0.9 177.6 23.7 303.4 1.0 6 10.5 192.5 157.5 282.2 1.0 14 198.7 119.4 335.9 350.1 0.7 5 254.8 64.7 499.4 229.3
005748,0.6 4 267.6 68.3 368.0 169.0 1.0 14 339.4 -0.3 454.2 184.8 1.0 14 126.7 69.2 413.5 374.8 0.6 19 1.0 109.9 110.7 195.0
005750,0.9 13 280.7 173.7 320.6 247.9 1.0 14 284.3 133.7 330.7 236.3
005751,0.8 18 218.3 121.4 319.8 215.0
005753,0.8 8 0.9 183.1 136.2 379.5 0.5 4 234.3 225.2 292.3 268.2 0.9 19 422.4 64.7 499.7 248.4 0.8 19 359.2 76.7 442.9 234.3 1.0 14 36.7 59.1 231.9 302.2 0.6 10 203.8 248.5 499.8 379.1 0.8 4 328.4 192.2 355.4 253.6
005754,1.0 14 467.0 173.4 499.9 283.8 1.0 8 198.5 190.9 282.5 309.6 0.9 8 3.4 201.6 179.6 375.7 0.8 15 192.4 237.8 213.4 266.2 1.0 14 408.1 194.9 455.8 279.9 0.9 19 297.5 147.5 363.0 197.9
005758,0.6 4 36.9 0.8 92.7 92.4 0.9 14 155.3 0.5 479.5 132.3 0.7 10 0.5 72.1 499.4 374.6
005759,1.0 14 191.2 161.3 212.4 208.6 0.9 13 130.8 175.5 199.7 232.5 0.9 14 129.0 161.7 153.6 227.5 0.9 13 55.0 187.8 112.2 231.1 0.8 14 160.9 155.3 183.2 209.0 0.9 13 220.0 181.6 302.9 237.7 0.9 13 348.8 180.0 457.0 244.1
005763,1.0 14 180.8 145.1 211.3 171.8 1.0 14 122.7 146.4 150.1 174.8 1.0 6 64.0 129.9 301.3 263.5
005766,0.6 14 283.4 86.4 310.4 111.1 0.8 8 378.0 142.8 463.3 257.9 0.6 8 423.6 138.9 485.7 254.5 0.8 8 432.4 140.2 499.9 261.0 0.7 8 174.1 134.8 205.9 212.0 0.7 10 15.9 145.3 153.6 252.5 0.9 8 352.2 142.5 459.4 251.8 1.0 14 187.8 92.8 248.2 207.7 1.0 14 130.9 99.1 459.6 374.9 1.0 8 17.7 139.4 102.0 259.7 0.6 8 163.4 136.8 199.9 217.8 0.7 8 177.6 134.8 220.1 214.8 1.0 14 348.7 88.0 419.9 218.3 1.0 14 386.0 97.2 465.0 204.8 0.8 14 351.8 86.4 417.9 176.0
005767,0.7 4 351.4 46.9 362.0 74.7 0.6 8 446.7 137.9 499.9 301.1 0.8 19 51.7 107.6 110.0 161.0 0.9 17 94.3 154.0 338.5 350.1
005770,1.0 6 103.0 107.3 486.5 250.5
005771,0.6 3 219.5 102.3 246.0 130.3 0.7 3 74.6 102.4 118.2 153.4 0.7 3 412.6 101.9 440.1 127.4 0.9 3 328.6 101.5 380.2 155.1 0.5 3 133.4 101.2 174.8 128.0 0.7 3 251.9 104.0 282.4 134.1 0.8 3 221.3 197.3 277.5 242.8
005772,0.5 2 79.0 51.8 375.0 390.4
005774,0.9 13 22.0 130.6 442.9 486.2 1.0 14 134.8 23.3 306.4 415.2 0.8 14 136.6 23.8 429.3 415.5 0.9 13 17.8 22.3 450.2 484.8
005775,1.0 6 50.2 87.6 304.0 284.9
005776,0.5 14 30.6 66.1 416.5 322.4 0.5 11 33.1 125.0 420.0 376.7 0.8 14 98.4 64.8 418.8 296.3 1.0 14 320.5 65.7 419.7 291.3
005777,0.5 14 0.9 32.4 183.3 142.3 0.7 14 0.3 30.8 186.5 332.4 0.8 14 8.7 1.5 466.9 332.4 0.5 1 173.9 186.0 499.1 332.9 1.0 14 182.6 1.6 466.6 332.3
005778,0.7 14 215.1 146.7 352.7 374.4 0.6 14 1.6 105.1 141.6 267.0 0.9 19 221.1 28.3 344.9 129.9 1.0 14 96.0 111.5 252.4 375.1 0.9 14 1.9 112.7 139.1 374.6 0.9 17 1.0 113.9 500.0 374.1 0.7 14 1.5 103.1 138.8 314.8 0.6 14 111.4 110.9 255.3 318.9 1.0 14 185.4 146.4 362.7 375.2 1.0 14 272.1 107.2 498.5 374.9
005785,0.9 11 123.5 112.6 391.1 262.7
005787,0.9 13 2.4 164.7 317.2 457.7
005792,0.7 14 79.3 20.5 300.4 332.5 0.9 14 13.2 21.9 296.4 332.3 0.9 14 10.4 22.2 457.1 332.3 0.8 4 213.6 113.7 322.3 332.1 1.0 14 217.1 80.0 460.1 324.7
005793,0.6 6 26.7 93.8 423.8 306.0
005795,0.0 0 0.0 0.0 10.0 10.0
005797,0.9 14 385.2 128.7 493.5 343.1 1.0 14 1.2 0.6 80.4 113.8 0.6 14 0.8 0.6 81.7 318.9 1.0 14 93.1 2.1 165.8 134.6 1.0 14 309.3 130.0 495.6 344.0
005798,0.9 14 172.8 1.8 241.5 70.6 0.5 13 339.7 67.7 422.2 171.0 0.8 14 45.6 1.3 124.6 127.6 0.9 13 350.2 59.6 465.7 170.7 0.5 13 251.3 43.4 426.9 171.8 0.9 13 162.0 46.1 268.8 161.0 0.8 14 169.9 1.4 243.5 154.7 0.8 14 370.1 6.1 459.6 118.3 0.6 13 37.8 58.9 132.4 146.1 0.6 14 45.9 1.6 122.5 81.9 0.8 13 37.4 59.2 130.6 146.2 0.6 13 254.4 17.1 364.9 165.1 0.9 14 373.5 5.6 478.0 170.8 0.7 13 255.3 11.1 472.9 171.5 0.8 13 256.8 50.7 367.9 165.8
005800,1.0 14 16.7 7.5 463.6 374.7 0.8 4 186.4 7.3 275.6 356.6
005801,0.9 17 12.7 68.5 483.7 373.4
005802,0.9 2 76.3 52.8 377.0 304.9
005804,0.9 15 135.6 90.4 184.5 170.3 0.8 15 376.7 1.3 500.8 351.4 1.0 15 1.4 90.1 56.1 179.6 0.8 15 59.2 129.5 80.5 173.4 0.6 8 6.2 265.4 192.9 352.0 0.8 17 216.0 127.1 395.1 351.7 0.9 17 213.4 125.2 456.9 352.7
005807,0.9 19 306.8 207.4 392.4 281.1 0.9 8 1.2 103.3 99.7 332.3
005808,0.9 19 372.6 129.4 430.9 175.2 1.0 14 25.6 114.9 224.0 374.9 0.6 17 1.2 161.2 499.9 375.2 0.8 19 375.6 177.5 491.5 269.2 1.0 14 252.5 102.9 431.3 373.5
005809,1.0 6 459.4 203.1 500.0 249.0 1.0 6 59.0 208.3 108.0 241.1 1.0 14 117.8 185.2 156.2 314.1 0.7 14 24.4 199.4 38.5 267.0 1.0 14 3.0 194.6 31.9 274.3 0.9 5 123.5 95.5 438.3 266.7
005810,0.0 0 0.0 0.0 10.0 10.0
005816,1.0 13 105.4 106.3 411.3 349.5 0.7 14 194.2 75.2 347.4 293.2 0.6 14 194.8 74.8 407.5 324.2 1.0 14 197.5 75.3 349.2 298.2
005820,0.8 7 8.5 19.0 497.9 308.9
005822,0.6 14 80.4 33.4 411.1 500.9 0.9 14 155.1 198.0 426.2 500.5
005823,1.0 19 87.5 164.4 249.6 275.9 1.0 14 1.0 1.8 156.8 499.3 0.5 14 122.8 340.1 267.9 499.7 0.9 14 103.3 340.5 309.1 500.0 1.0 14 242.1 112.0 375.4 499.5
005827,0.5 8 22.5 14.3 125.6 150.6 0.6 19 346.6 69.4 397.4 159.1 0.9 19 348.4 69.5 451.9 162.0 0.9 8 11.9 99.9 230.5 350.1
005832,0.7 7 1.1 134.8 352.9 268.4 0.6 19 256.7 6.3 417.7 245.8 0.6 7 150.3 124.7 352.2 253.2 0.7 7 1.6 142.6 337.0 375.1
005833,0.8 2 202.7 270.5 261.3 302.1 0.7 2 319.8 158.4 378.2 211.4
005834,0.9 19 91.3 224.7 259.4 381.3
005835,1.0 14 347.5 41.4 463.6 319.7 0.9 14 250.6 38.8 352.5 218.6 1.0 14 81.9 47.6 164.1 332.2 0.5 14 1.1 47.3 166.1 331.9 0.9 14 214.5 38.5 354.2 332.4 0.7 14 348.0 41.5 465.3 256.9
005837,0.0 0 0.0 0.0 10.0 10.0
005842,1.0 14 231.4 161.4 268.0 258.9 1.0 14 466.7 160.2 493.0 190.3 0.8 6 11.7 177.9 55.8 209.4 1.0 6 36.9 176.3 207.9 244.7 0.9 14 75.5 170.0 91.7 199.9 1.0 6 265.0 137.1 499.5 267.6
005844,0.9 8 284.3 70.5 402.4 332.0 0.8 8 71.0 50.5 273.2 360.9 0.7 8 73.9 50.6 176.3 339.7 0.6 8 330.7 71.5 398.1 116.6 0.7 19 101.1 0.9 203.2 98.9 0.7 8 253.6 81.7 321.8 185.3 0.9 8 72.2 51.3 186.1 358.0 0.5 10 138.9 101.3 399.2 355.5
005846,0.0 0 0.0 0.0 10.0 10.0
005847,0.9 18 66.5 36.5 470.5 302.8
005848,0.9 14 85.7 46.5 324.9 321.8 1.0 1 61.5 170.5 332.5 406.5 0.9 14 135.0 47.3 299.8 323.1
005849,0.8 14 270.4 215.6 302.6 277.8 0.6 13 311.5 256.1 389.0 374.0 1.0 14 362.6 109.3 393.1 145.2 0.9 14 326.7 254.5 384.7 374.8 0.9 19 208.3 78.3 264.6 150.5 1.0 14 245.0 238.8 283.9 355.7 0.7 14 343.8 108.8 365.0 143.4 1.0 14 281.7 99.3 315.7 153.0 0.6 19 109.7 72.2 173.3 144.5 1.0 14 270.1 214.8 305.7 364.0 1.0 14 285.3 229.2 335.8 364.9 0.9 14 322.8 111.9 356.6 148.7
005855,0.7 18 0.7 58.2 498.9 190.3
005857,0.6 15 85.5 130.2 166.3 449.0
005858,0.9 8 338.9 20.5 379.5 76.1 0.6 8 436.3 20.0 476.7 75.4 0.8 8 419.9 20.0 475.7 76.2 0.9 8 293.4 19.0 332.2 75.0 0.9 8 379.1 19.9 418.0 75.8 0.9 8 159.9 22.7 203.5 69.9 0.9 8 221.4 20.7 261.4 78.1
005862,0.9 6 -0.9 150.9 260.4 319.5 0.7 6 -2.0 120.9 260.0 323.2 1.0 6 152.8 76.0 452.0 250.2
005865,0.9 14 13.6 260.6 26.3 291.1 1.0 14 208.1 202.6 279.4 372.3 1.0 14 161.8 245.3 188.8 306.6 1.0 14 475.4 235.0 499.9 298.4 0.9 14 443.9 256.6 459.6 290.8 0.9 14 429.5 254.9 442.0 291.7 0.9 14 25.3 261.0 38.1 291.3 1.0 14 42.8 260.7 57.5 290.9 0.5 19 226.6 149.4 285.2 231.1 1.0 14 367.6 200.7 421.4 339.1
005866,0.5 15 320.4 217.7 352.5 244.4 0.7 15 390.7 238.9 414.5 261.5 0.8 15 363.3 225.7 391.2 253.5 0.6 15 391.0 235.4 414.2 259.2 0.6 15 141.1 72.2 266.7 298.0 0.9 15 471.2 247.0 499.9 289.6 0.9 15 345.9 223.2 369.7 246.8
005869,0.7 6 451.9 229.9 499.8 280.0 0.9 6 1.0 249.2 28.3 291.1 1.0 6 53.0 245.9 110.3 288.9
005870,1.0 14 343.9 133.4 402.2 227.0 0.9 14 16.4 169.2 34.7 213.5 0.9 5 29.2 114.5 484.9 250.3
005871,0.5 4 150.4 31.6 166.2 87.4 0.7 10 0.4 56.4 374.5 501.3
005872,0.9 7 42.2 70.4 417.3 373.9
005876,0.0 0 0.0 0.0 10.0 10.0
005880,0.6 14 273.3 183.1 289.3 203.2 0.7 14 359.4 169.4 380.4 190.9 0.6 14 286.5 181.7 302.8 202.2
005882,0.9 12 134.9 196.0 253.6 496.2 0.7 14 27.6 1.2 57.9 53.6 0.9 14 344.4 0.8 374.7 39.8 0.8 14 139.1 150.5 253.3 353.5 1.0 14 138.4 148.5 252.3 456.8 0.5 12 184.2 335.1 256.1 500.3 1.0 14 237.9 338.0 331.8 500.2
005883,0.7 2 62.6 87.3 179.6 288.0 0.9 2 274.2 32.8 350.0 128.1 0.7 2 127.6 127.5 250.0 346.3 0.9 2 62.0 85.3 178.1 227.3 0.8 2 129.6 124.2 371.4 337.2
005886,0.7 16 85.2 256.7 202.2 364.5
005887,0.9 14 335.4 60.1 499.8 330.7 1.0 14 1.6 2.3 392.0 331.1
005890,0.9 14 114.7 16.3 176.9 142.2 0.8 14 0.7 113.8 30.2 186.5 0.9 14 93.1 15.6 198.8 211.8 0.9 12 79.1 86.8 203.9 211.5
005891,0.0 0 0.0 0.0 10.0 10.0
005892,0.9 2 147.6 102.1 228.7 152.0
005896,0.5 14 69.2 98.9 266.5 499.6 0.7 14 18.4 98.4 271.2 406.6 0.9 14 16.0 99.6 270.0 499.8 0.8 14 67.8 99.0 268.5 434.2
005898,0.9 8 246.7 115.8 287.3 164.2 0.6 8 361.5 116.3 414.4 195.2 0.9 8 184.4 131.1 230.4 198.8 1.0 8 414.6 123.3 480.0 215.9 1.0 19 67.9 128.2 138.4 189.1 0.9 8 339.4 131.4 405.3 209.5 0.9 14 211.2 156.2 387.3 235.3 0.9 14 205.7 155.4 395.9 286.7 0.7 8 282.7 121.1 317.3 161.3 0.8 17 185.0 158.8 392.7 286.9
005900,1.0 14 72.1 193.9 115.9 329.1 0.6 14 293.6 200.0 314.8 251.1 1.0 14 19.0 194.4 40.4 259.5 0.8 14 18.7 194.4 43.6 352.2 1.0 14 173.4 196.9 195.5 256.9 1.0 14 241.8 190.8 264.6 279.6 1.0 14 29.6 196.1 82.4 353.2 1.0 14 251.5 202.4 274.6 278.6 0.5 14 284.4 199.7 304.9 259.1
005902,1.0 19 44.9 143.7 147.3 239.5 0.9 19 215.7 147.9 346.4 249.4 0.9 19 339.2 132.2 486.9 244.7 0.8 19 323.4 51.8 410.5 119.3
005904,1.0 6 44.2 128.6 443.5 255.5
005907,0.6 4 203.1 220.7 258.1 293.0 0.8 14 61.9 49.6 99.0 96.9 0.6 14 14.8 48.2 111.1 188.8 0.6 14 115.8 40.8 150.8 128.0 0.9 14 12.6 46.9 141.2 189.5 0.9 14 69.3 48.1 279.5 270.6 0.8 14 115.8 41.6 146.5 86.2 0.6 14 66.2 46.1 317.1 256.7 1.0 14 113.3 47.4 282.7 394.9 0.5 14 108.9 69.2 145.8 113.5 1.0 14 235.3 2.0 500.1 394.1
005913,0.6 7 0.7 34.9 495.8 314.7
005915,0.7 16 268.4 139.1 355.5 212.4 0.6 16 203.9 74.4 330.6 212.8
005916,0.7 16 40.9 159.4 144.9 260.4 0.6 16 1.1 155.0 44.0 226.4 0.6 16 312.2 166.1 449.6 275.6
005921,0.9 14 172.6 55.8 306.8 353.5 0.7 14 67.0 65.1 114.3 100.8 0.6 8 8.9 182.3 101.5 352.8 0.6 8 421.5 198.0 498.8 352.2 0.9 14 385.1 63.8 435.2 196.3 1.0 14 423.6 108.4 481.6 206.7 0.9 14 426.1 107.6 481.3 176.8 1.0 14 98.4 87.5 178.6 299.0 1.0 14 5.3 91.4 105.1 353.7 0.5 14 9.1 92.1 115.0 299.7 0.5 8 406.4 197.1 492.0 352.1 1.0 14 182.5 56.2 306.3 284.1 0.6 8 51.1 238.1 286.0 354.3 1.0 14 282.0 40.3 422.5 353.7 0.7 14 385.0 64.6 435.6 193.3
005922,1.0 15 225.1 255.5 349.6 353.7 0.5 15 104.4 276.6 185.6 358.0 1.0 15 70.6 244.3 188.9 356.8 1.0 15 2.9 265.1 70.5 344.1 1.0 14 398.2 28.5 499.7 374.5
005924,1.0 6 0.9 141.7 40.9 222.9 0.8 6 62.9 61.6 426.9 301.7
005925,1.0 14 233.4 249.0 284.8 330.1 1.0 1 354.6 268.7 445.2 336.3 0.9 1 215.2 269.2 303.0 333.3 1.0 14 368.7 240.4 428.7 325.9
005926,0.8 4 9.7 257.4 26.5 307.8 1.0 14 27.8 25.9 313.7 497.4 0.6 14 29.1 25.3 311.9 428.2
005927,1.0 0 17.1 59.2 497.9 263.0
005929,1.0 6 24.2 125.2 485.2 327.9
005931,1.0 14 401.7 305.1 439.4 375.4 0.9 13 302.2 231.4 396.0 311.4 1.0 14 451.6 301.5 490.6 375.9 1.0 14 130.1 222.7 160.6 321.0 1.0 14 194.9 270.5 226.8 366.0 0.8 14 323.4 208.9 375.2 273.8 0.9 14 323.2 208.1 375.1 291.6 1.0 14 242.7 260.6 273.2 359.4
005932,1.0 6 309.4 295.6 387.9 332.5 0.9 6 447.5 308.3 500.1 333.2
005933,0.8 18 208.5 139.6 403.5 233.9
005934,1.0 17 77.1 19.1 483.8 370.4
005935,0.5 19 210.9 202.7 239.0 224.1 0.6 8 0.5 312.4 149.0 374.8 1.0 19 267.6 111.6 364.8 220.5 0.9 19 56.8 188.6 101.1 221.3 0.8 19 119.7 232.7 182.5 285.2 1.0 8 211.0 255.9 326.0 375.5
005936,0.8 7 62.8 69.6 414.7 252.1
005937,0.9 14 44.3 61.3 444.4 369.0 0.9 14 213.1 94.4 471.8 312.7 0.9 14 211.3 93.3 499.4 368.4 0.9 15 361.8 28.0 408.5 105.0
005939,0.7 17 102.9 34.6 499.8 374.8 0.6 17 105.1 39.0 498.4 259.9 0.8 7 190.3 141.4 326.3 280.5
005941,0.6 8 149.7 171.7 216.0 283.9 0.9 8 148.6 221.5 250.4 374.3 0.9 8 298.3 201.4 347.4 330.8 0.7 8 248.2 201.1 349.6 353.4 0.5 8 436.2 200.3 474.4 329.5 0.9 8 104.2 220.7 249.2 375.1 0.9 8 229.3 226.3 314.8 374.7 0.9 10 29.0 222.0 319.0 375.0 0.5 8 299.6 200.3 348.1 332.9 0.9 8 245.1 201.9 342.9 359.2
005942,1.0 14 303.9 63.7 500.2 332.1
005943,0.8 8 112.9 140.4 377.8 376.1 0.8 15 314.8 6.0 424.8 198.8 0.9 17 306.3 153.4 500.6 374.8
005944,1.0 14 133.2 22.3 174.8 136.6 1.0 12 87.0 42.8 265.9 205.7
005945,0.9 14 419.5 176.0 499.6 368.9 0.8 8 90.5 269.2 202.7 374.6 1.0 14 107.3 90.8 265.8 375.5 0.5 4 31.0 111.6 67.5 264.9 1.0 14 188.9 28.2 426.4 374.8
005946,0.5 4 240.9 264.2 296.2 351.9 0.9 19 137.2 4.8 452.9 312.9 0.8 14 1.3 220.4 221.9 373.9
005949,0.7 7 1.0 26.2 473.3 332.4
005950,0.6 0 87.4 98.1 441.7 215.3 0.6 0 28.1 58.8 442.5 217.7
005953,0.8 14 110.0 135.2 289.9 355.1 0.7 6 0.3 2.6 374.7 462.0 0.9 6 0.5 59.0 374.8 374.3
005955,0.5 7 13.7 2.3 496.4 331.8 0.8 14 188.1 0.9 499.7 332.0
005957,0.8 7 106.5 21.1 449.3 363.6
005958,1.0 14 35.4 71.0 234.1 332.9 1.0 14 207.5 1.3 500.8 332.2
005959,1.0 6 90.2 14.4 445.6 255.1
005962,0.9 7 1.5 75.2 313.4 333.7
005965,0.9 0 23.3 131.6 189.0 331.5
005966,1.0 14 84.7 114.3 279.9 375.5 1.0 14 265.1 87.8 500.8 374.9
005967,1.0 14 116.4 25.4 193.6 135.3 1.0 12 91.9 20.8 215.0 180.1
005969,0.7 19 411.7 20.1 499.3 195.3 0.6 19 250.2 37.6 406.1 194.9 1.0 14 40.2 57.8 352.7 374.8
005972,0.6 19 1.2 59.2 118.7 126.1 1.0 14 98.0 40.1 305.7 451.1
005973,0.9 12 134.1 128.7 303.2 405.3 0.6 12 136.9 129.3 375.4 418.3 1.0 14 186.7 171.3 272.0 433.9
005974,1.0 6 139.7 153.2 330.4 268.0
005976,1.0 8 291.6 170.8 371.5 333.3 0.9 15 220.0 150.7 294.0 231.1 0.7 8 88.3 211.9 168.0 332.4 0.9 8 290.4 169.5 370.2 266.7 0.8 19 208.1 9.5 250.5 68.5
005977,0.8 7 5.0 99.7 389.0 375.5 0.9 7 0.2 42.1 483.1 374.6
005978,0.8 6 81.1 119.3 210.8 235.9 0.7 6 0.1 117.5 211.4 238.8
005982,0.5 14 201.5 109.8 242.5 152.6 0.5 14 101.7 88.9 177.1 427.0 0.5 14 201.6 106.5 294.4 296.5 0.7 14 94.5 86.8 152.2 181.9 0.8 4 320.4 189.5 375.0 368.4 0.8 14 58.2 85.1 169.1 451.8 0.9 14 0.7 82.0 74.7 499.1 0.6 14 59.6 85.7 166.6 347.5 0.8 4 14.4 129.7 141.4 500.3 0.7 14 60.1 84.7 155.7 267.4 0.7 14 1.1 90.0 154.4 500.6 0.9 14 0.2 82.3 137.3 500.5 0.8 14 57.3 84.4 295.0 499.7 1.0 14 139.1 84.6 297.5 500.0 0.8 14 143.8 83.6 375.1 499.4 0.8 14 235.0 113.5 279.7 153.8
005986,0.0 0 0.0 0.0 10.0 10.0
005987,0.0 0 0.0 0.0 10.0 10.0
005993,0.5 4 467.0 22.3 499.6 144.4 1.0 14 114.9 42.3 472.9 375.1 0.8 14 130.7 42.7 413.7 374.3
005994,0.9 8 1.3 270.6 58.7 333.2 0.9 19 412.1 127.2 499.7 268.6 1.0 14 145.8 247.7 190.2 292.8 1.0 14 132.9 92.8 378.1 332.8
005997,0.7 19 127.0 171.7 183.8 249.9 0.7 17 1.9 233.0 499.9 375.8 0.5 11 168.5 132.4 269.7 321.1
005999,0.6 18 0.6 59.4 500.0 284.8 0.8 18 73.0 55.3 453.8 281.3 1.0 14 26.0 193.4 43.1 233.6
006002,1.0 14 414.4 69.0 481.5 356.7
006003,0.7 4 65.8 61.1 170.6 313.2 0.8 4 213.5 76.8 334.3 362.1
006006,1.0 6 72.7 56.6 412.9 343.8
006007,0.8 11 171.2 78.1 321.6 248.9
006008,0.9 13 23.9 1.4 498.3 373.8
006010,0.5 8 1.5 256.8 85.1 357.8 0.9 8 348.8 176.3 418.9 283.3 0.5 8 174.2 174.9 246.1 281.9 1.0 8 74.4 179.4 137.3 285.4 0.9 8 120.5 198.4 194.5 307.9 0.5 10 117.5 170.9 271.3 273.4 1.0 8 201.1 190.3 292.0 293.2 0.5 8 324.0 157.0 433.5 256.3
006013,0.0 0 0.0 0.0 10.0 10.0
006014,0.9 3 178.1 18.9 321.8 450.4 1.0 14 197.1 379.7 225.2 424.9 1.0 14 232.7 374.6 259.2 419.0
006015,0.9 1 230.4 258.1 273.0 316.3 1.0 14 270.8 260.9 298.8 315.5 0.5 1 229.9 256.1 316.6 316.3
006016,1.0 14 137.1 26.5 203.4 91.3 1.0 14 86.6 1.5 142.7 53.8 0.9 14 1.2 1.1 40.8 80.0 0.7 6 9.3 42.1 487.5 299.2
006017,0.8 6 138.5 56.8 184.4 77.8 1.0 6 0.4 33.6 110.3 231.7 1.0 6 26.2 67.7 464.6 350.5
006019,1.0 6 1.2 68.7 496.8 374.4
006021,0.0 0 0.0 0.0 10.0 10.0
006022,0.6 15 0.5 0.6 152.9 349.1
006024,0.8 6 8.4 294.6 116.7 332.7 1.0 0 49.4 91.1 445.0 234.7
006031,0.8 19 216.0 31.6 273.5 89.0 0.8 19 159.4 21.9 212.5 94.2 0.8 8 390.5 107.3 464.5 316.6 0.8 19 333.4 17.4 385.9 88.8 0.5 17 20.9 108.2 472.8 312.0 0.8 19 112.2 44.3 159.1 91.3 0.9 17 22.4 108.1 475.4 374.6 0.8 19 283.0 21.9 330.1 87.0
006032,1.0 14 193.6 210.2 232.6 304.3 0.9 1 376.0 250.5 453.2 315.2 0.7 1 290.5 246.6 452.8 318.9 0.9 1 289.0 247.4 394.3 319.4 1.0 14 141.0 203.1 172.8 314.8 1.0 1 122.7 244.7 256.5 316.8 0.6 1 121.3 245.4 208.8 314.9 0.7 14 419.4 249.1 452.7 311.8 1.0 14 318.0 208.9 389.5 313.4 1.0 14 382.3 206.8 419.0 314.0
006034,1.0 6 5.2 34.4 287.0 127.6
006036,0.9 14 403.5 167.3 453.6 246.1 0.8 14 107.2 1.4 253.8 259.4 0.6 14 312.8 168.2 454.6 273.8 1.0 14 103.8 1.7 254.9 331.8 0.9 14 314.2 174.5 500.3 332.5
006037,0.7 11 95.1 20.4 314.4 180.5
006039,0.9 12 177.4 48.8 367.7 178.1
006040,0.9 14 133.7 88.2 291.1 374.1 0.7 4 346.4 114.8 375.8 163.3 0.8 14 236.8 164.7 408.5 374.0 0.8 4 232.6 3.5 279.6 95.4 1.0 14 428.4 57.2 481.6 138.3 0.8 4 252.2 2.7 322.4 126.3 1.0 14 377.8 61.1 433.5 132.8 0.9 14 58.4 87.7 290.9 375.2 1.0 14 236.1 161.4 499.0 375.1 0.9 19 355.7 39.7 498.2 151.7
006044,0.7 7 2.3 3.7 436.2 373.7
006047,0.8 6 194.3 149.0 229.0 191.0 1.0 6 277.4 139.3 337.2 181.7 0.6 6 181.2 148.8 226.5 191.1 0.8 6 137.7 150.4 198.3 199.8 1.0 6 212.3 145.3 281.0 189.7
006048,0.8 0 1.3 0.8 329.6 371.6
006049,0.6 10 1.6 292.1 375.1 500.6 0.9 4 222.3 297.7 328.3 500.9
006050,0.8 14 0.5 1.2 214.9 374.1 0.6 4 279.2 30.8 372.1 222.4 1.0 14 85.9 117.4 361.9 359.9 0.6 10 53.9 198.8 487.9 375.9 0.8 4 287.5 28.6 377.5 132.5
006051,0.8 0 379.6 228.3 442.1 249.5 0.9 0 315.6 200.8 380.4 231.1 0.9 0 304.8 226.7 365.0 243.9 1.0 0 158.8 160.7 219.2 184.3 1.0 0 246.8 191.8 304.6 212.1 0.6 0 430.7 259.4 491.8 283.8
006052,0.8 7 157.0 52.2 360.9 372.9
006053,0.9 11 1.9 107.8 289.6 499.8
006054,0.9 2 145.0 85.4 261.8 251.0 0.9 2 73.1 268.2 176.6 332.1 0.9 2 439.8 293.3 489.2 333.0 0.9 2 237.0 120.8 297.5 274.3
006056,0.6 4 449.6 0.0 499.9 156.6 0.6 8 43.1 244.9 321.0 333.1 0.7 10 1.1 88.8 499.3 332.6 0.7 10 0.3 87.7 499.3 283.9 1.0 4 178.5 89.3 209.2 177.8 1.0 4 287.0 87.9 318.1 185.3
006057,0.5 10 98.7 207.4 263.5 374.0 0.9 19 374.1 185.0 415.5 276.8 1.0 8 169.1 225.6 267.3 374.9 0.8 4 394.0 130.9 408.2 169.8 0.9 8 238.8 193.2 308.4 315.3 1.0 8 12.5 207.1 112.8 374.8 0.8 8 171.1 195.0 303.4 375.1
006059,0.9 13 1.4 242.6 250.1 451.9 1.0 14 194.9 156.4 284.2 432.2
006060,0.8 14 183.0 88.5 226.4 133.3 0.9 14 259.1 65.6 483.0 331.8
006063,0.9 7 53.4 87.8 330.3 310.5
006064,0.8 7 16.2 2.1 498.0 357.3
006068,0.6 19 153.3 130.2 218.9 289.5 0.8 15 130.1 18.5 181.9 119.6 0.9 19 6.1 148.5 107.5 263.7 0.8 15 122.8 14.1 186.7 121.6 0.6 19 102.9 126.2 218.4 308.9 0.7 17 86.9 190.1 331.7 498.4 0.9 15 206.3 209.0 253.6 319.0
006072,0.8 4 246.4 136.1 298.9 337.5 0.8 4 236.7 12.0 301.9 199.7 0.7 4 180.0 103.1 216.3 163.3 0.9 4 231.9 12.2 300.4 338.2
006075,0.8 4 348.0 277.9 392.2 368.2 0.9 19 348.1 182.4 415.9 246.9 0.7 19 246.4 207.5 302.2 291.2
006076,0.9 14 25.0 117.6 254.2 344.2 1.0 14 24.2 117.5 253.2 500.2
006077,0.8 18 130.5 115.1 299.4 220.0
006080,0.9 7 1.3 17.1 499.3 500.1
006081,0.9 8 207.1 196.7 263.4 296.1 0.9 8 94.9 166.4 153.0 280.8 0.8 8 96.7 298.0 147.2 388.9 0.9 10 99.5 192.4 261.1 293.9 0.5 8 98.6 220.0 151.6 287.4 0.9 19 102.5 84.5 172.2 148.2 0.9 19 201.2 93.3 240.2 154.0
006082,0.6 5 -0.5 1.8 380.8 377.3 1.0 6 392.2 173.2 438.9 199.2
006083,0.7 15 395.8 -0.4 462.6 207.3 1.0 13 77.4 71.5 379.5 359.0
006085,0.6 9 169.0 54.7 284.3 140.4 0.6 9 310.4 44.0 473.8 176.0
006086,0.9 4 114.8 71.0 162.3 253.9 0.9 10 1.8 254.3 499.3 477.0 0.8 8 310.6 130.0 480.5 424.2
006087,1.0 14 23.6 1.5 250.6 374.2 0.7 14 26.8 1.4 499.1 374.2
006090,0.8 7 0.5 66.4 374.6 499.4
006092,0.7 14 320.1 36.4 374.9 366.0 0.6 14 323.0 37.0 374.7 238.4 1.0 14 52.5 0.4 178.5 265.2 0.7 10 -0.5 249.2 338.5 501.6 1.0 14 184.3 0.2 328.5 294.3 0.7 14 310.9 36.3 374.6 298.1 0.9 4 170.1 283.0 236.5 463.8 0.8 14 189.4 0.1 329.1 191.4 0.7 14 186.3 -0.0 325.6 402.8
006093,0.6 14 389.9 121.4 484.5 203.9 0.6 8 62.5 169.1 137.8 266.9 0.5 14 367.9 121.6 487.7 254.5 0.7 4 187.8 198.1 287.9 288.7 1.0 14 233.6 94.0 417.1 379.4 0.9 14 368.8 120.8 498.4 307.9 0.8 14 233.3 94.1 495.8 377.8
006094,0.9 14 364.1 163.4 393.8 214.0 0.9 5 279.6 137.2 453.5 325.8
006099,0.8 11 0.6 1.8 499.0 357.1
006101,1.0 14 183.7 79.4 308.4 395.1 1.0 14 72.2 70.9 199.7 395.2 1.0 14 289.6 36.1 452.6 395.1
006102,0.6 10 0.4 273.7 477.8 375.2
006106,0.5 12 1.4 121.4 267.0 374.8
006109,0.9 6 41.2 269.5 132.0 313.7
006110,0.8 3 334.5 220.9 383.1 255.9 0.8 3 328.4 115.8 364.0 158.6
006112,0.0 0 0.0 0.0 10.0 10.0
006113,0.7 1 374.9 224.0 418.8 306.8 0.6 6 401.2 146.3 500.0 298.1 1.0 14 364.4 186.4 411.6 300.3 1.0 6 159.5 171.7 211.7 242.6 0.6 5 1.6 149.5 129.9 294.9 0.8 6 205.4 148.2 322.7 292.9
006114,1.0 19 180.9 24.8 296.6 132.3
006115,1.0 14 1.4 292.1 91.7 383.9 0.6 19 220.4 25.0 295.2 100.0 0.6 15 1.7 36.1 174.1 270.4 0.5 19 414.1 72.8 499.5 164.6 0.9 19 367.6 107.9 415.3 170.8 0.7 17 0.2 220.1 451.8 383.4 0.9 17 105.9 220.3 450.5 383.1
006116,0.7 8 425.5 192.9 473.2 315.8 1.0 19 173.2 101.8 342.6 213.5
006118,1.0 14 166.2 7.4 461.2 332.0 0.9 1 145.4 183.8 411.8 333.4 0.8 14 266.5 9.6 460.0 330.5
006119,0.9 13 94.9 141.9 200.5 276.1 0.9 13 192.0 68.5 447.4 332.5
006121,1.0 6 38.1 154.4 184.0 224.0 1.0 6 99.9 147.9 284.3 235.8 0.7 6 38.3 146.3 284.6 232.6 1.0 6 203.2 138.4 454.1 261.7
006122,1.0 14 447.3 97.4 487.4 189.5 1.0 14 104.8 110.1 167.5 226.3 0.9 12 147.0 39.2 351.2 330.5 0.7 12 57.7 40.3 348.2 320.5
006126,0.8 8 325.0 153.4 438.3 274.8 0.5 8 88.7 158.9 301.5 305.4 0.5 8 5.0 197.2 166.1 333.5 0.7 17 89.0 155.8 307.6 313.4 0.8 8 0.3 51.5 165.3 332.7
006127,0.9 13 6.7 121.8 307.4 403.5
006132,0.9 2 34.5 28.4 473.6 331.7
006137,0.6 14 294.6 137.4 312.2 158.5 1.0 6 104.5 134.2 398.1 234.9
006138,0.9 18 0.1 81.4 240.4 220.3
006142,0.9 14 218.1 7.5 258.8 132.2 0.7 14 223.4 1.3 257.3 71.8 0.9 4 300.8 173.1 375.4 366.5 0.9 14 220.5 2.0 276.1 133.7 0.7 4 0.9 97.1 28.0 151.1 0.5 10 1.6 125.1 195.1 229.7 0.9 14 146.6 21.6 173.9 54.0 1.0 14 25.6 58.4 66.7 102.2 0.8 14 1.9 2.0 498.1 374.0 0.8 8 10.0 134.0 130.9 278.6 0.7 14 218.1 1.4 249.3 44.0 0.7 14 226.2 15.7 274.7 133.4 0.9 14 303.1 2.5 499.5 374.2 0.8 14 236.5 3.0 276.9 131.2
006143,1.0 14 80.5 255.8 167.5 358.5 0.9 12 108.5 186.6 251.4 369.4
006144,0.9 14 185.0 105.9 217.0 143.1 0.9 19 33.9 16.8 393.5 357.4 0.6 7 78.4 110.0 265.7 501.0
006145,1.0 14 6.9 9.9 81.8 158.0 0.8 8 305.5 69.3 444.2 199.5 1.0 14 206.2 5.5 295.4 189.0 0.7 8 1.2 78.0 43.2 170.0 0.6 8 359.8 75.1 448.7 196.2 0.7 8 134.0 118.7 179.0 184.9 0.8 14 318.1 53.7 423.0 204.9 0.5 8 40.7 106.8 168.7 297.1 1.0 14 106.0 27.8 171.2 206.8 1.0 14 38.1 87.5 150.7 284.1 1.0 14 310.7 53.6 435.6 237.7 0.7 4 194.7 134.0 238.8 239.8 1.0 14 274.9 66.8 500.1 332.2
006147,0.7 14 168.9 106.3 199.1 207.1
006149,0.6 14 0.6 27.8 498.8 249.0
006152,1.0 14 310.9 35.6 357.9 76.3 0.9 14 373.3 11.6 499.9 374.2 0.9 14 324.7 79.0 394.3 179.8 0.5 14 426.2 11.0 499.8 374.2 0.7 14 98.5 26.2 308.2 284.1 0.9 14 240.3 58.5 333.6 193.1 1.0 14 99.3 24.1 267.4 374.7 0.6 4 53.5 10.7 103.1 80.4 1.0 14 0.9 51.9 136.8 374.4 0.8 14 97.6 24.9 350.6 374.4 0.9 14 237.8 57.3 371.7 374.5 0.6 14 346.0 56.1 461.8 318.0 1.0 14 344.5 55.2 461.6 374.2
006154,0.6 8 88.3 209.9 225.4 431.2 0.9 18 1.4 53.6 349.4 406.0
006155,1.0 6 392.4 174.8 496.9 215.6 1.0 6 287.2 172.0 369.0 204.1 0.6 6 70.3 164.4 158.6 187.5 1.0 6 241.5 170.6 317.7 201.4 0.9 6 17.4 164.3 78.4 182.6 1.0 6 343.3 171.4 428.4 208.3 0.8 6 106.7 166.3 159.1 188.2 0.5 6 69.1 165.9 121.6 184.9 1.0 6 163.7 169.4 222.4 193.6
006157,0.9 2 144.7 127.3 272.0 304.7 0.7 14 13.9 90.0 261.7 407.4 0.6 4 98.1 146.8 182.9 403.3 0.9 19 260.7 207.6 343.6 376.4
006160,0.9 3 145.8 169.5 230.1 266.9 0.5 3 381.5 219.9 401.7 251.5
006164,0.6 3 74.8 385.9 325.8 445.3
006165,1.0 14 103.9 101.8 246.4 367.2 0.9 1 16.9 191.2 236.6 438.6
006167,0.6 14 144.1 0.3 271.4 94.1 0.8 11 115.6 214.6 264.5 333.9 0.6 14 121.7 0.0 318.2 328.1 1.0 14 124.2 16.5 318.8 325.0
006168,0.5 7 60.6 50.0 272.2 253.9 0.6 7 54.1 49.9 273.1 253.2 0.8 4 260.5 21.9 499.5 326.9 0.7 14 218.6 21.0 500.7 333.6
006169,1.0 14 162.7 201.5 229.5 332.8 0.7 14 73.2 128.9 90.2 146.4 1.0 14 274.5 182.3 357.4 333.1 1.0 14 92.6 204.0 166.2 323.9 0.9 14 281.2 128.8 380.6 258.8 0.9 14 280.9 128.2 386.6 303.8 1.0 14 227.8 199.0 301.0 333.3
006173,0.7 9 209.3 231.4 283.3 309.3 0.6 9 298.9 224.1 353.7 298.6 0.6 9 92.6 229.2 201.7 313.6
006178,0.9 14 463.1 234.6 499.7 295.3 1.0 14 116.5 116.6 160.2 232.8 1.0 14 1.3 172.2 46.5 333.4 1.0 14 163.6 117.6 200.8 238.7 1.0 14 198.3 120.0 243.1 245.1 1.0 14 45.7 212.7 94.9 309.8 0.7 6 73.0 223.9 477.7 331.9 1.0 14 290.5 125.8 338.0 256.3 1.0 14 249.4 134.6 291.8 252.8
006182,0.0 0 0.0 0.0 10.0 10.0
006186,1.0 14 73.9 1.0 499.2 299.2 0.6 10 0.5 73.1 499.4 333.6
006191,0.9 18 16.7 76.5 297.6 280.4
006192,1.0 14 191.2 19.3 329.8 271.8 0.7 1 173.6 160.6 330.1 332.9
006193,1.0 14 52.0 54.1 97.6 201.9 0.7 13 0.5 185.7 228.4 352.8 0.8 13 267.6 118.1 484.6 244.2 0.7 13 174.2 135.6 366.3 295.3 0.8 13 320.5 116.6 487.4 239.3
006194,0.7 7 0.5 1.1 499.5 265.8
006195,0.5 19 44.9 176.0 124.2 304.1 0.8 4 58.2 365.4 74.2 418.6 1.0 14 311.0 335.4 374.9 487.9 0.6 4 292.9 417.8 309.3 473.3 0.8 14 312.4 336.8 374.3 448.7 0.8 4 71.4 362.3 86.0 417.5 0.8 4 34.7 365.8 46.9 415.7 1.0 14 45.7 301.8 118.8 396.9 1.0 14 118.4 83.8 270.4 499.7 0.9 14 240.4 364.8 313.1 500.8
006197,0.7 5 94.0 20.8 430.2 375.2
006199,1.0 14 226.3 59.2 431.9 342.0 0.9 13 154.8 87.1 423.2 349.5
006200,0.6 8 191.6 220.9 219.8 267.9 1.0 14 417.7 180.2 494.8 322.9 0.6 14 203.8 80.1 394.6 375.0 1.0 14 207.8 95.9 463.4 374.7
006204,0.8 18 116.8 177.1 230.0 234.3 0.6 18 113.9 175.6 317.7 233.9 0.5 18 114.6 173.9 317.1 233.4
006205,0.8 3 391.2 252.8 422.5 294.2 0.7 3 84.7 258.5 102.4 291.0 0.8 3 5.0 256.7 29.4 291.7 0.8 3 253.4 188.7 327.7 300.4 0.9 3 256.7 213.8 327.4 299.8
006207,1.0 14 174.3 33.1 276.4 180.8 1.0 12 32.0 41.3 374.9 322.3 0.6 12 145.7 43.1 374.4 215.2
006211,0.0 0 0.0 0.0 10.0 10.0
006213,0.7 14 314.5 251.6 347.8 399.6 1.0 14 282.5 250.7 312.5 339.9 0.5 14 346.3 247.6 372.3 402.6 1.0 14 355.2 250.9 375.0 411.8 0.9 6 43.9 239.7 353.5 437.3 1.0 14 317.6 252.4 346.5 326.3 0.7 14 280.2 250.1 346.0 395.7
006217,0.5 16 15.6 324.6 94.8 478.3 0.5 16 166.8 304.1 269.2 460.3 0.6 16 234.1 201.7 333.1 315.8
006226,1.0 14 200.7 161.3 223.8 197.7 1.0 14 68.7 133.2 111.2 207.5 0.9 14 301.6 173.9 375.0 415.7 1.0 14 243.1 162.5 276.7 203.9 0.8 14 272.4 193.8 308.1 313.8 1.0 14 194.3 169.3 248.8 221.8 0.8 14 303.1 173.5 374.9 367.3 1.0 14 67.4 188.9 120.0 257.0 1.0 14 273.9 194.1 307.3 241.7 1.0 14 144.2 145.6 205.1 215.2 1.0 14 0.8 156.0 60.0 384.8 1.0 14 104.2 134.9 138.0 186.9 0.7 14 65.8 130.2 110.2 224.4 0.9 14 0.7 157.5 57.4 336.7 0.6 14 0.7 155.2 63.7 497.2 0.7 14 38.6 210.0 343.6 499.1 0.9 10 4.9 215.3 373.6 502.0 0.8 8 88.8 449.5 313.6 499.7 1.0 14 32.2 218.0 78.1 294.1 1.0 14 108.0 181.5 147.5 223.3 1.0 14 188.2 206.4 343.4 500.6
006227,0.0 0 0.0 0.0 10.0 10.0
006228,1.0 6 -0.2 45.5 456.4 349.5 0.7 6 356.3 102.0 499.6 219.9
006231,0.0 0 0.0 0.0 10.0 10.0
006232,0.9 0 87.4 152.2 483.6 277.7
006237,0.5 14 0.9 22.1 280.0 498.8 0.9 14 37.7 31.6 280.3 498.4 0.6 11 95.1 274.2 212.6 494.0 0.9 14 99.5 31.1 280.8 499.2
006239,0.9 14 80.3 58.6 208.5 219.8 0.8 14 246.0 155.3 333.9 498.8 0.8 4 164.3 147.1 275.9 498.6 0.6 14 245.1 159.1 333.9 412.7 0.8 14 10.5 186.4 135.5 320.8 0.5 14 11.0 59.0 210.2 335.9 0.6 14 78.5 58.7 210.3 343.6 1.0 14 8.7 184.9 137.7 456.8 0.6 14 9.8 61.0 263.6 447.9 0.5 14 102.3 67.5 265.3 380.0 0.8 14 245.5 156.8 334.1 268.0
006242,1.0 6 36.1 153.9 137.8 211.4 1.0 6 159.7 154.7 235.4 209.6 1.0 6 285.5 152.7 358.4 206.7 1.0 6 385.9 154.3 463.3 203.5
006244,0.6 0 233.4 108.2 319.2 183.3
006245,0.5 4 218.9 -1.7 326.7 264.0 0.9 7 -0.3 35.9 336.8 375.1
006246,0.8 6 8.2 1.3 499.6 373.6 0.9 6 9.0 0.5 500.3 333.5
006248,0.8 14 176.5 39.5 230.6 191.4 0.9 4 1.3 250.0 28.5 334.5 1.0 14 224.0 62.6 275.6 219.3 0.6 19 327.2 137.2 396.7 200.4 1.0 14 176.7 38.8 223.6 267.5 1.0 14 35.6 44.3 222.9 292.9 0.7 8 57.5 169.6 200.0 316.0 1.0 14 251.4 10.6 500.2 335.3
006253,0.7 7 -0.6 35.2 212.8 333.7 0.7 7 317.3 110.1 454.0 256.5
006255,0.9 4 352.3 1.4 448.7 202.7 0.6 4 430.7 1.3 499.7 220.9 1.0 14 114.9 1.4 499.4 374.0
006256,1.0 6 262.0 72.8 495.9 213.3 0.9 6 68.0 85.3 405.6 273.5
006257,1.0 14 316.4 145.6 352.9 222.0 0.6 19 417.4 52.6 472.7 117.3 0.6 17 21.1 145.3 477.0 325.3 0.5 15 45.0 17.6 265.2 106.3 1.0 17 21.7 145.1 478.3 373.6 1.0 14 250.3 181.0 320.2 264.5
006263,1.0 0 8.8 82.9 489.6 233.5
006265,0.9 7 183.9 108.5 390.0 270.1
006266,1.0 14 1.0 30.8 58.8 279.8 1.0 14 237.6 33.9 336.0 240.5
006268,1.0 2 94.7 127.5 244.0 279.1
006271,0.9 15 301.7 212.6 456.9 325.3 0.7 8 368.8 13.2 499.9 156.7 0.6 14 376.1 17.9 475.9 115.0 0.7 8 23.7 1.1 181.5 80.0 0.8 10 1.2 36.1 498.6 375.0
006273,0.8 14 137.3 40.5 292.6 312.3 0.6 14 15.6 41.4 293.1 330.2 0.9 14 136.8 40.7 296.4 331.8 0.6 10 1.1 142.2 499.6 335.0 0.9 11 255.2 37.8 341.4 220.5 0.9 14 187.1 39.8 499.0 332.3
006274,1.0 14 302.0 53.5 320.1 89.8 0.8 14 176.4 42.7 208.8 110.7 0.6 8 325.7 68.8 369.0 124.0 1.0 8 330.4 68.7 375.7 153.9 0.9 14 183.9 43.5 207.2 71.0 0.7 8 165.4 62.8 211.6 111.7 0.7 8 166.0 63.1 204.4 110.5 1.0 14 122.4 12.9 380.3 244.0 1.0 8 358.5 69.1 417.3 126.5 1.0 14 313.6 58.9 342.4 101.8
006278,0.8 18 59.7 24.1 475.4 318.9
006280,0.9 4 62.3 77.9 145.4 155.5 0.8 7 289.2 95.0 438.4 231.3
006283,0.9 6 21.4 121.5 55.4 185.9 1.0 6 23.5 5.0 499.5 342.9
006287,0.6 8 346.8 203.6 459.8 362.4 0.6 19 427.0 43.0 499.5 105.3 0.9 17 2.0 195.3 462.8 369.6 1.0 14 229.4 145.0 406.0 374.7
006288,0.6 14 252.0 166.8 417.0 337.2 0.9 14 102.7 169.9 253.8 337.4 0.7 14 205.3 41.0 368.8 305.7 0.7 14 100.8 166.4 338.2 374.2 0.8 14 102.7 42.3 363.2 333.1 0.7 14 100.7 167.7 262.9 374.4 0.9 14 133.2 40.6 414.0 375.3 0.7 17 0.5 96.4 500.0 373.4 0.6 14 133.0 166.7 405.3 374.5 0.6 14 104.1 167.8 423.0 374.4
006292,1.0 14 119.8 24.8 204.6 248.2 1.0 14 156.7 122.6 298.0 305.0 0.7 13 75.3 109.3 367.0 333.3 0.9 1 77.1 199.4 367.0 333.0 1.0 14 357.3 119.7 452.3 318.4
006293,0.9 8 98.3 197.4 208.2 284.1 1.0 19 159.4 76.4 239.2 162.3
006294,1.0 0 8.8 72.9 491.4 232.0
006297,0.9 8 31.4 116.8 123.8 218.0 1.0 17 213.6 122.8 404.8 258.1
006298,0.0 0 0.0 0.0 10.0 10.0
006302,0.6 3 359.9 172.1 394.6 254.4 0.5 3 148.4 109.7 234.2 261.0
006303,1.0 14 68.9 118.5 109.9 274.7 0.7 7 99.7 141.0 313.9 370.7
006307,0.9 19 209.5 56.2 245.0 86.7 0.7 8 144.0 54.6 289.7 174.0 0.7 8 287.7 101.0 440.3 186.4 0.9 19 131.1 62.5 174.2 106.1 0.8 17 147.5 60.2 428.4 177.5 0.9 19 55.8 63.5 122.1 142.9 0.6 14 160.9 79.3 237.2 143.2
006308,0.9 19 70.6 11.1 347.6 274.2
006310,1.0 14 237.1 10.1 499.7 323.2
006311,0.0 0 0.0 0.0 10.0 10.0
006312,0.8 14 297.8 77.8 427.3 189.5 0.8 1 297.9 77.3 476.6 234.7
006313,0.6 14 275.5 145.9 336.1 227.4 0.7 17 258.4 149.6 478.3 283.0 0.9 14 271.2 269.5 383.9 370.5 0.9 4 89.0 87.2 208.4 358.0 0.7 8 418.7 211.7 472.4 272.6 0.9 14 267.8 146.9 333.9 261.3 0.6 19 1.3 120.8 97.4 228.0 0.9 14 148.5 93.5 183.3 164.7 0.9 14 84.1 85.2 200.1 375.1 0.7 19 3.2 121.7 91.2 225.6 0.8 14 281.7 163.9 395.8 291.2 0.9 4 51.6 195.3 87.7 249.0 0.8 4 229.1 243.3 265.3 338.7 0.7 14 210.0 269.0 394.1 375.0 1.0 14 274.7 164.3 396.0 344.9
006315,0.6 7 257.6 134.0 410.6 318.3 0.5 4 388.0 0.5 500.1 173.7
006316,0.7 9 9.6 36.4 215.7 303.0 0.6 9 181.8 23.4 498.3 282.0
006317,0.7 5 1.1 0.2 400.9 234.3 1.0 14 247.5 65.6 410.4 367.6 0.6 1 243.7 143.2 478.0 374.7 1.0 1 241.7 208.3 476.1 374.0
006322,0.7 14 127.2 77.7 277.4 313.2 0.9 14 128.6 1.1 499.7 333.1 0.8 14 124.3 1.4 394.6 332.9
006324,1.0 6 96.0 221.9 186.3 259.1 1.0 6 247.4 178.1 413.3 304.8
006326,1.0 6 18.2 72.6 391.3 320.8 0.9 6 331.0 71.5 500.0 192.5
006327,1.0 14 301.8 223.7 320.9 296.6 1.0 14 311.5 221.9 334.0 309.1 0.6 14 298.9 224.6 313.7 293.3 0.9 6 0.5 239.6 27.3 266.5 0.9 5 49.6 58.5 228.2 342.9 1.0 14 267.3 228.0 284.7 292.9 1.0 14 278.2 228.6 294.5 291.2
006328,0.9 11 162.5 96.1 325.8 280.9
006331,1.0 6 97.7 86.6 401.8 279.2
006332,0.9 14 312.4 178.8 338.6 214.6 0.8 14 318.2 179.3 341.1 214.3 1.0 14 333.0 175.7 354.8 214.2 0.6 3 3.2 3.7 403.0 269.2 1.0 14 148.3 172.4 174.8 214.1 1.0 14 294.9 178.2 321.5 212.7
006333,0.9 6 436.9 97.6 500.1 153.2 1.0 6 58.5 41.1 449.4 288.7 0.7 6 323.6 73.4 500.4 152.5
006334,0.8 5 71.3 170.3 213.4 244.5 1.0 14 467.5 197.9 497.0 280.1 1.0 14 442.3 203.7 463.4 254.2 0.6 6 351.4 207.3 378.4 236.1 1.0 6 273.8 197.3 326.8 235.8 0.6 6 270.2 195.7 350.0 233.6 0.7 6 312.3 196.6 352.0 233.3
006336,0.6 7 13.2 1.6 334.1 431.1 0.8 7 0.9 1.3 374.7 434.9
006340,0.8 14 215.1 54.2 248.0 88.3 0.8 19 82.6 44.7 158.9 99.6 1.0 6 7.1 86.5 457.2 363.0 0.7 6 67.2 1.1 271.3 54.8 0.9 14 242.3 56.1 270.1 91.4
006342,0.9 2 63.4 52.0 314.0 174.8
006343,0.0 0 0.0 0.0 10.0 10.0
006345,0.5 19 242.5 194.5 326.9 259.0 0.7 19 220.5 1.4 461.0 223.5 0.6 19 0.4 82.1 137.1 204.8 0.5 19 221.1 32.8 459.4 199.2
006347,0.9 0 3.1 26.8 484.1 229.3
006354,0.6 11 1.2 85.3 410.0 292.1 0.5 11 1.0 86.8 405.9 375.4 0.7 11 0.4 54.7 408.7 374.7
006356,0.8 18 1.1 79.0 500.3 269.6
006358,1.0 6 98.8 205.6 146.0 225.8 0.7 6 436.5 200.1 475.9 229.7 0.9 6 464.3 203.8 499.9 229.4 0.7 6 145.7 200.9 241.0 228.8 0.8 6 69.8 203.6 105.2 223.2 1.0 6 342.8 198.2 431.8 232.7 0.9 6 38.1 209.4 80.0 227.8 0.9 6 147.4 202.6 210.7 227.2 1.0 6 251.0 202.8 343.4 229.2
006359,1.0 4 191.6 42.5 215.7 125.1 0.6 15 79.5 140.4 183.4 226.5 0.9 17 164.1 39.2 499.9 270.0 1.0 4 218.8 44.0 243.8 123.6
006360,0.9 4 226.6 246.7 256.7 349.1 1.0 14 0.7 111.5 150.5 375.5 0.6 4 298.4 296.4 324.5 365.9 0.5 4 189.9 246.1 228.8 359.9 0.6 10 108.1 253.5 497.4 375.7 0.9 4 224.5 246.8 257.3 373.3 0.8 14 354.7 67.1 499.4 266.0 0.6 4 272.2 237.1 299.2 296.2 0.5 4 275.6 270.1 317.9 364.9 1.0 14 354.9 65.1 499.5 369.0
006361,1.0 14 203.9 84.1 238.1 150.7 0.8 12 195.3 117.3 256.3 207.9 1.0 14 351.1 76.4 426.2 214.3 0.8 12 298.1 129.1 442.2 268.3
006364,0.9 12 39.6 139.6 488.5 343.9 1.0 14 255.3 20.9 382.3 342.9 0.7 14 253.2 20.5 429.2 343.3
006365,1.0 14 403.8 103.4 485.1 304.4 0.9 12 67.8 58.1 465.4 304.5 0.8 14 407.6 104.3 484.8 213.1
006368,0.8 12 132.9 49.2 409.5 315.2 1.0 14 224.6 14.3 341.1 172.5 0.9 12 58.7 48.4 421.3 315.8 0.6 14 223.9 13.4 416.7 316.3
006370,1.0 14 128.1 149.6 142.1 178.5 1.0 14 34.4 152.9 46.9 180.6 1.0 14 266.0 160.0 278.1 185.8 1.0 14 350.4 161.7 366.2 190.4 1.0 14 163.4 120.9 228.3 422.4 0.9 14 57.1 158.5 70.7 182.0 1.0 14 235.7 161.1 247.5 184.5
006372,0.8 18 172.0 42.8 500.1 299.7
006373,0.5 19 302.4 229.8 374.9 362.3 1.0 14 17.8 279.0 53.5 473.1 0.9 17 234.3 368.7 376.0 500.3
006376,0.8 14 303.4 68.1 330.2 99.0 1.0 14 212.4 57.5 272.4 110.2 0.7 13 40.3 77.9 447.7 358.1
006378,0.6 9 157.8 178.6 220.9 262.5 1.0 14 147.7 88.7 182.0 170.4 0.7 9 279.5 175.2 371.2 281.0
006379,0.5 2 67.9 117.2 291.9 268.4 0.8 2 68.4 117.8 436.2 316.4 0.6 2 220.8 118.7 439.3 315.5 0.7 2 223.7 157.9 439.8 317.2
006380,0.9 4 256.5 114.3 278.8 180.9 1.0 14 278.4 40.6 317.8 94.3 1.0 14 173.2 58.3 243.5 125.8 0.5 4 248.6 165.2 268.5 210.5 1.0 14 119.3 63.2 160.5 118.0 0.5 14 1.2 150.1 149.3 374.2 0.8 14 349.5 73.6 409.7 148.7 0.7 14 365.4 92.3 499.6 196.1 0.6 14 343.6 91.8 437.6 247.4 0.5 14 360.1 91.2 435.7 192.4 1.0 14 126.2 94.3 210.7 206.6 1.0 14 340.9 57.0 390.8 133.8 0.9 14 53.6 103.5 162.0 311.6 0.9 14 65.0 101.8 174.0 249.3 0.7 14 66.0 101.0 132.0 186.4 0.9 14 339.0 49.3 382.5 123.8 0.9 14 1.2 101.8 164.2 374.6 0.9 10 0.3 113.1 419.5 375.6 0.7 14 0.9 101.5 162.4 285.3 1.0 14 224.4 44.7 262.9 101.1 1.0 14 345.3 89.8 435.7 202.1 0.9 14 332.4 52.3 364.9 120.0 1.0 14 310.7 113.6 498.9 369.5
006383,0.9 6 40.3 21.6 484.1 159.8
006384,0.5 14 37.4 81.1 280.8 351.9 0.9 19 344.2 5.6 496.4 148.1 0.8 14 36.3 79.3 361.0 419.2 0.9 14 38.7 79.6 366.0 300.3
006386,0.5 6 182.4 166.3 211.0 186.4 0.5 6 1.0 213.4 22.8 259.0 1.0 6 74.9 163.9 149.7 195.8 1.0 6 1.5 169.7 135.4 237.6 1.0 6 143.6 166.9 200.9 205.9 1.0 6 234.1 163.8 458.9 323.4 0.5 6 241.6 177.3 270.4 203.1
006388,0.9 5 17.8 190.9 443.0 340.9
006389,0.9 19 164.8 44.2 256.6 137.3
006390,0.9 4 1.1 252.2 47.0 375.0 1.0 14 85.7 9.5 499.8 374.4
006393,0.9 19 181.0 134.7 233.0 190.5 0.7 19 243.9 33.6 360.2 192.6 0.7 10 82.3 178.9 500.6 334.6 1.0 8 375.2 113.7 459.4 222.4 0.8 8 143.8 218.4 320.4 333.3
006394,0.9 7 32.4 57.2 322.8 461.5
006397,1.0 6 17.6 42.6 424.4 171.6
006399,0.5 4 252.6 9.3 306.5 69.6 1.0 14 27.1 0.7 178.5 268.0 0.6 14 203.4 0.9 315.7 90.1
006401,1.0 14 151.1 177.8 169.1 205.8 0.6 12 145.0 191.7 196.0 254.6 0.5 12 108.7 201.7 132.2 254.7 0.6 12 42.6 207.5 71.4 257.9 1.0 14 42.9 181.5 72.6 231.5 0.8 14 122.4 178.0 145.7 251.9 0.5 12 74.9 206.1 108.9 253.0 1.0 14 124.8 176.2 145.7 211.6 0.5 12 126.8 193.2 192.5 254.9 0.8 12 272.4 182.9 403.6 275.9 1.0 14 313.8 162.6 352.7 234.8
006402,0.0 0 0.0 0.0 10.0 10.0
006403,0.7 11 221.9 49.4 500.2 372.7 0.6 14 4.6 1.4 272.7 322.7 0.9 14 1.3 2.0 282.4 374.3 0.8 14 1.5 1.6 498.1 374.1
006405,0.9 6 0.6 290.8 129.0 500.4 0.5 6 21.3 214.5 252.1 405.0 1.0 6 194.7 302.1 375.4 500.0
006406,0.9 0 293.4 116.6 368.4 149.7 0.8 0 82.1 153.7 165.9 223.8 0.9 0 177.7 136.6 248.4 166.4 0.9 0 87.1 153.9 160.8 185.7 0.7 0 83.9 135.6 245.7 217.8
006407,1.0 14 1.3 211.5 51.3 346.9 0.8 14 256.2 138.3 295.6 217.7
006408,0.9 3 164.2 146.9 197.0 244.1
006410,0.7 18 57.6 148.4 243.0 255.1 0.7 18 54.0 147.1 453.4 358.5
006412,1.0 1 12.8 44.4 495.4 348.8
006413,0.6 13 25.7 151.1 209.9 488.6 0.6 14 91.7 112.6 223.2 301.3 0.7 14 27.1 27.1 110.3 174.2 0.5 14 26.4 24.2 109.0 298.4 1.0 14 27.0 24.1 110.4 356.4 0.6 1 32.7 275.8 176.8 489.5
006414,0.7 14 0.9 1.3 353.9 332.5 0.6 14 1.1 1.3 483.0 332.3
006415,1.0 6 15.6 148.0 485.2 290.5
006416,1.0 14 376.0 202.1 412.0 310.4 0.5 18 1.1 1.5 498.5 325.6 0.5 18 103.2 1.1 499.5 321.3
006420,0.0 0 0.0 0.0 10.0 10.0
006422,0.9 8 396.3 261.5 499.7 375.4 1.0 8 24.9 277.9 208.4 375.0
006423,1.0 6 227.8 121.1 280.5 150.9 0.6 6 278.7 127.5 357.4 162.9
006426,1.0 14 121.1 125.7 225.9 483.3 0.8 4 161.8 82.4 184.2 136.4 0.7 4 200.7 301.1 245.8 451.2 0.9 4 129.4 112.7 150.8 151.9 1.0 14 1.4 130.1 227.5 500.3 0.8 14 1.9 131.1 150.1 499.4 0.5 14 228.3 122.6 372.8 410.5 0.6 15 163.3 71.8 229.1 144.7 0.6 14 235.8 120.5 375.2 327.1 1.0 14 225.3 136.0 373.6 499.7
006431,0.9 13 131.5 124.4 357.7 295.7 1.0 14 218.8 60.6 341.9 269.1 0.7 13 132.2 123.2 405.3 296.3
006432,1.0 14 122.0 98.6 281.3 375.0 0.7 14 424.8 158.5 499.4 375.5 1.0 4 328.8 229.4 358.5 336.5 1.0 4 171.6 258.4 200.2 351.0 0.9 14 427.2 159.1 499.5 263.6 0.5 14 1.0 127.5 45.3 374.2 1.0 14 66.8 88.3 204.7 374.9 0.8 14 1.6 127.8 90.9 374.4 0.6 14 116.0 108.1 393.2 374.0 1.0 14 324.8 47.1 438.5 372.8 1.0 14 259.1 123.6 395.5 374.9 0.6 14 323.8 46.7 499.9 282.3 0.9 14 324.8 46.0 499.0 374.4
006435,0.0 0 0.0 0.0 10.0 10.0
006439,0.5 4 83.9 239.7 307.7 499.3 0.8 7 69.6 23.4 375.1 387.1
006441,0.5 2 100.2 289.7 234.7 318.6 1.0 6 1.3 178.9 68.1 262.4 0.7 19 170.9 115.4 315.5 242.9
006446,0.9 14 0.7 78.8 113.7 374.2 0.5 19 187.3 0.8 294.9 61.9 1.0 14 208.5 1.3 500.6 374.2
006451,0.9 7 0.8 64.6 299.9 255.9
006452,0.7 17 262.1 276.2 333.2 409.3 0.9 19 106.0 224.6 174.7 288.1 0.9 4 33.5 289.6 56.1 369.2 1.0 14 162.7 119.3 247.4 464.7 0.9 14 162.6 118.2 333.1 498.7
006453,0.5 4 156.3 97.0 179.1 143.9 1.0 14 172.0 119.0 242.3 374.6 0.8 8 1.2 245.3 57.1 375.4 1.0 14 64.6 74.9 176.2 374.7 1.0 14 222.2 66.7 326.0 374.5 1.0 14 323.8 83.3 446.7 374.6
006454,1.0 6 27.0 136.6 474.8 292.5
006457,0.9 11 79.3 23.9 491.2 393.7 0.7 11 10.1 26.1 491.3 392.0
006460,1.0 14 375.8 300.8 442.7 375.0 0.7 14 74.5 22.8 274.5 373.9 0.7 14 0.9 23.1 267.6 374.0 1.0 14 0.3 22.8 326.6 374.1
006461,1.0 8 130.1 198.5 213.1 325.8 0.7 17 372.8 233.1 499.7 333.5 0.9 15 112.3 186.8 144.7 226.5 1.0 8 54.1 197.2 118.7 324.7 0.8 10 65.7 217.9 171.2 325.2 0.9 15 375.7 210.3 421.6 269.7
006464,0.9 14 118.2 74.1 291.8 375.3 0.8 14 61.4 74.6 295.1 376.1 1.0 14 248.2 1.6 501.0 374.4
006467,0.9 1 19.3 37.8 480.7 344.4
006469,0.9 6 137.6 168.4 208.8 206.6 1.0 14 206.0 155.8 255.3 284.4 1.0 6 1.7 164.0 77.5 223.7 0.9 14 262.1 209.5 302.3 302.7 1.0 14 256.1 208.1 339.3 305.7 0.9 13 76.3 185.0 209.4 281.9 1.0 14 94.5 161.9 133.8 221.9 0.7 14 244.4 208.5 276.9 279.3
006471,0.7 14 346.8 257.1 369.8 303.8 0.9 19 13.0 100.7 121.8 190.3 0.7 14 310.3 258.4 336.0 288.2 0.6 14 296.8 115.3 319.5 148.2
006477,0.7 8 5.8 324.7 70.5 400.6 1.0 8 304.3 265.2 375.1 428.3 1.0 14 120.8 208.9 197.2 469.9 0.7 8 5.9 271.9 71.6 400.8 0.6 14 122.3 208.1 261.1 467.6 1.0 14 169.9 216.8 262.6 453.7
006478,0.5 9 330.2 184.9 393.5 235.7 0.6 16 158.2 176.1 189.0 203.1 0.7 16 204.0 177.3 221.2 207.6
006479,0.6 11 245.8 45.5 358.3 156.7 0.7 17 24.6 113.0 498.5 374.8
006481,0.9 14 333.1 7.3 358.6 61.9 1.0 14 385.3 26.8 411.2 90.4 1.0 14 405.7 2.8 438.5 164.3 1.0 14 406.0 2.9 435.9 94.6 0.8 14 381.3 27.7 411.7 135.5 1.0 6 82.9 20.7 443.2 325.7 1.0 14 348.3 17.5 383.2 89.9
006485,0.6 18 204.9 131.1 287.1 229.1
006487,1.0 14 114.2 8.6 354.2 332.0 0.8 7 198.8 165.6 386.0 282.3
006489,0.9 14 331.0 70.5 499.8 332.9 1.0 14 97.3 86.9 346.7 333.1
006490,0.7 2 80.0 309.0 108.6 329.2 1.0 14 146.1 164.2 169.1 244.2
006491,0.6 16 294.0 30.1 360.6 110.7
006493,1.0 6 94.1 125.2 498.6 285.6
006494,0.8 7 0.0 96.1 295.4 488.5 0.7 7 55.6 96.2 297.0 487.5
006496,0.6 10 147.7 245.5 376.0 501.3 0.6 15 65.2 172.4 183.5 321.9 0.6 15 23.3 261.8 61.0 308.1 0.5 4 170.8 38.6 242.5 217.5
006498,0.8 7 0.7 46.7 270.4 500.2
006500,0.7 4 37.4 148.2 72.8 255.3 0.9 4 249.1 1.2 284.3 109.0 0.7 4 112.1 150.2 147.8 227.0 0.9 4 106.9 10.1 137.0 107.4 0.6 4 82.3 5.8 110.9 83.2 0.8 4 286.2 222.9 330.9 328.5 0.9 4 186.4 208.5 225.7 300.0 0.6 4 287.3 92.2 330.3 202.8 0.5 4 286.1 169.8 330.5 328.2 1.0 4 181.0 2.9 214.0 96.4 0.9 4 166.3 95.2 197.7 189.6 0.8 4 109.5 95.3 144.2 184.5 0.6 4 154.5 156.2 194.9 287.9 1.0 14 385.2 1.2 498.5 124.4 0.9 4 215.7 1.9 248.6 104.7 0.9 4 148.1 199.4 186.5 289.7 0.7 4 327.6 93.4 367.7 210.0 0.9 4 147.6 5.4 179.7 102.1 0.9 4 338.5 0.8 381.0 123.4 0.9 4 140.2 93.5 170.6 186.1 0.8 4 68.7 151.9 110.6 268.8 0.9 4 193.3 93.3 227.8 193.0 0.8 4 122.9 11.6 152.6 115.4 0.8 14 410.4 1.6 498.3 105.5 0.8 4 113.8 194.0 146.5 276.7 0.6 4 29.6 18.1 64.8 116.9 0.8 4 380.3 0.2 426.0 125.1 0.7 10 0.7 104.1 499.3 333.1 0.8 4 155.4 156.9 194.6 238.6 0.9 4 212.3 161.5 251.3 255.3 0.9 4 255.0 91.1 291.7 201.2 0.9 4 231.3 216.3 275.9 319.0 0.8 4 61.1 96.9 92.3 170.1 0.8 4 300.3 1.5 336.0 58.7 0.7 4 298.2 0.6 339.9 128.2
006502,0.8 6 0.5 91.7 113.2 156.5 1.0 6 57.9 109.6 449.5 295.4
006504,0.9 8 1.0 254.8 210.1 500.4 0.8 8 48.8 225.6 192.5 351.7
006505,0.7 14 89.6 30.4 139.5 86.4 0.7 19 7.3 27.2 77.9 74.8 0.7 14 60.8 31.4 193.9 160.3 0.9 14 1.9 10.3 321.3 265.1 0.8 14 1.9 11.2 493.5 272.7 0.9 17 3.2 41.8 498.5 276.2 0.6 14 131.7 10.5 322.2 274.7 1.0 14 263.2 10.7 498.1 276.0
006508,1.0 14 28.4 10.0 166.4 332.8 0.6 4 118.1 220.4 164.5 284.3 0.9 14 114.7 1.4 480.7 332.4 0.9 14 207.6 1.4 481.9 332.6
006510,1.0 6 79.8 113.5 438.7 293.7
006511,0.7 8 411.6 91.4 481.3 331.5 0.7 7 17.4 1.4 432.7 331.9
006513,0.7 18 151.8 301.4 282.2 373.8
006514,0.5 4 81.6 1.7 139.6 438.0 1.0 14 101.7 233.7 267.3 475.2
006516,0.9 8 348.9 219.4 498.9 375.9 1.0 8 44.3 226.4 206.6 375.0 0.9 19 322.3 85.7 467.9 258.2 0.5 8 239.2 276.8 340.0 375.4 0.6 19 363.0 12.0 429.7 84.8 0.7 4 345.9 50.5 365.4 93.6
006517,0.7 14 84.7 163.7 231.3 334.2 0.7 14 6.5 171.8 285.3 334.2 0.8 14 1.9 229.5 101.3 333.8 0.9 14 4.0 164.3 229.6 334.6 1.0 14 224.8 134.8 313.7 297.3 0.6 14 304.9 202.7 336.1 242.4 0.6 14 297.4 202.9 337.0 291.1 1.0 14 217.0 248.3 290.1 334.3 1.0 14 285.6 203.0 445.5 334.3
006518,0.9 1 1.0 20.5 497.9 368.2
006521,1.0 14 204.0 127.9 301.3 275.8 0.9 12 224.2 191.5 286.7 346.7
006522,0.9 12 37.4 82.9 498.5 374.5
006525,1.0 6 0.3 311.5 169.1 431.0
006526,0.6 14 1.2 1.1 498.6 332.3 0.9 14 58.6 1.0 494.9 332.2
006527,1.0 14 248.5 2.2 267.1 39.8 1.0 6 1.6 13.2 95.3 51.0 0.9 14 145.7 3.7 163.4 41.2 1.0 6 325.3 17.9 454.4 68.3 1.0 14 94.4 1.1 118.2 40.1 0.9 14 113.2 4.2 127.1 39.1 0.8 13 73.2 11.7 494.2 325.5 1.0 14 130.9 6.6 150.8 41.5
006528,0.6 8 25.0 40.7 76.3 244.7
006531,0.5 14 177.7 230.6 228.3 274.2 0.5 13 204.3 255.9 231.8 298.5 0.5 13 177.3 253.5 232.5 299.0 0.7 14 205.9 236.4 230.0 291.8 0.6 14 204.4 232.3 229.3 291.1
006533,1.0 0 195.1 168.7 352.7 209.4
006535,0.9 2 63.3 30.3 176.5 351.4 0.6 2 204.7 211.9 299.6 418.1 0.9 2 201.7 210.9 345.4 499.5
006537,0.0 0 0.0 0.0 10.0 10.0
006539,1.0 14 -0.6 45.3 237.1 373.9 0.8 19 373.7 18.0 432.8 81.2 0.9 14 282.4 113.4 448.3 269.1 0.6 4 129.3 50.9 183.7 152.3 0.7 10 2.0 267.5 377.8 376.0 0.9 4 262.6 182.7 312.5 268.8 0.7 14 263.4 112.8 453.8 374.5 0.6 14 260.9 114.1 447.0 272.3
006540,0.5 12 79.7 186.3 190.4 386.8 1.0 12 79.2 186.8 266.9 387.5 1.0 14 145.3 140.0 214.0 328.0
006541,0.9 8 145.0 224.8 201.1 318.7 0.6 8 86.8 243.1 128.2 303.7 0.8 8 1.3 236.9 56.7 318.8 0.7 8 219.2 241.3 260.3 319.3 0.8 8 144.9 262.5 204.5 319.1 0.5 10 101.5 225.1 257.2 318.8
006544,1.0 14 434.2 114.8 500.0 242.4 1.0 1 89.6 295.7 481.3 500.1 1.0 14 358.1 102.1 432.6 240.0 0.8 14 20.1 158.9 80.8 188.8 0.6 14 0.9 77.4 26.1 183.5 1.0 14 114.1 66.6 381.1 491.6
006545,0.6 7 73.9 12.7 363.9 280.4 0.7 7 79.6 9.6 365.6 231.5
006546,0.9 8 1.4 252.8 66.7 375.0 0.7 8 229.3 111.7 270.1 149.3 0.9 14 136.4 82.2 181.5 171.3 0.9 4 211.6 199.7 235.5 282.6 1.0 14 380.0 122.9 499.3 320.2 1.0 14 86.1 43.4 130.9 134.0 0.7 4 203.9 161.4 223.0 213.5 1.0 14 89.9 96.9 180.4 209.5 1.0 14 221.4 49.9 283.3 139.7 0.9 14 141.6 81.8 176.7 141.8 1.0 14 292.2 85.2 379.8 199.3 1.0 14 1.3 114.4 159.2 310.0 0.9 10 27.5 140.2 489.0 375.3 0.8 4 304.5 186.4 329.7 245.2 0.9 8 440.8 253.0 500.0 375.3 1.0 14 293.1 84.0 426.5 227.8 0.7 8 303.6 108.3 347.4 164.0
006552,0.5 14 256.5 61.7 319.4 144.4 0.8 14 156.9 101.0 294.7 253.5 0.7 14 1.5 0.8 123.8 217.8 1.0 14 87.8 165.5 139.6 251.1 0.6 14 157.5 100.5 293.1 225.0 0.7 14 1.4 0.4 129.2 321.3 0.8 14 159.1 10.9 482.1 331.9 0.7 14 51.9 163.0 141.3 250.0 0.6 14 157.9 61.2 317.9 254.0 0.6 14 210.2 101.9 295.4 251.6 1.0 14 216.3 9.9 483.8 332.5 0.6 14 256.9 61.4 321.3 208.0
006554,0.8 18 136.8 114.9 439.1 296.5
006555,0.0 0 0.0 0.0 10.0 10.0
006557,0.5 16 176.6 156.9 261.7 319.5 0.5 16 254.2 151.1 370.8 325.6
006558,0.9 7 0.8 91.0 347.3 333.0
006559,1.0 14 52.0 96.8 277.2 478.3
006561,0.9 13 52.1 75.8 447.3 310.9 0.9 14 175.6 9.1 377.8 247.2
006563,0.7 8 172.7 334.9 226.9 474.9 0.9 14 172.7 220.0 224.3 358.6 0.8 14 157.7 218.5 223.3 361.4 0.9 14 171.6 221.3 227.9 468.7
006566,0.7 14 54.0 1.3 110.5 142.7 0.7 14 37.1 37.0 151.2 238.7 0.6 14 54.7 1.7 95.0 69.3 0.6 14 55.8 3.4 93.0 47.3 0.7 14 36.7 41.6 107.2 140.1 0.8 14 36.7 42.9 120.3 239.7 0.7 14 38.9 29.6 206.8 235.9 0.5 14 56.1 1.3 206.4 230.4 0.6 14 53.1 5.9 152.0 235.4
006567,0.5 6 184.5 161.9 269.9 201.6 0.7 14 271.3 145.6 292.5 198.9 0.6 13 165.3 170.0 276.5 285.7 0.8 13 10.6 175.3 119.7 242.6 0.9 13 247.9 180.4 417.8 302.6 0.7 14 269.2 145.6 310.4 280.5 0.5 13 190.7 181.1 402.4 306.2 0.8 13 162.2 188.7 260.1 287.5 1.0 14 85.8 149.3 120.1 280.5 0.5 13 9.0 160.5 91.9 240.0 0.9 14 272.4 145.9 309.2 226.0 1.0 14 121.5 148.3 167.2 290.4 0.8 13 171.0 178.2 420.2 306.0 0.9 14 271.8 145.8 299.8 206.9
006568,0.6 19 284.6 201.4 314.9 276.0
006571,0.5 7 246.0 185.1 412.6 328.5 0.5 7 158.3 0.9 456.2 185.9 0.9 7 30.5 78.9 412.6 330.1
006573,0.0 0 0.0 0.0 10.0 10.0
006574,0.7 19 154.6 119.2 198.7 166.0 1.0 14 398.4 171.5 498.8 375.8 0.9 19 0.7 99.0 52.6 173.0 0.9 19 66.8 108.5 141.9 184.7 1.0 14 1.3 151.6 117.0 375.2 1.0 14 102.9 57.0 358.2 374.7
006577,1.0 14 387.9 256.5 442.9 375.3 0.9 0 0.8 89.4 499.8 368.7
006579,0.6 9 89.1 46.7 148.3 130.6
006580,1.0 14 436.0 196.7 486.4 291.1 0.5 14 1.0 170.4 18.1 288.5 0.6 14 97.0 182.4 116.4 268.1 1.0 14 172.0 165.5 216.5 317.3 1.0 14 362.4 178.1 380.6 221.9 1.0 14 99.2 181.9 116.8 226.5 0.7 14 75.3 175.7 94.3 221.0 0.8 14 1.0 170.4 15.6 220.9 1.0 14 9.8 155.9 94.5 374.1 1.0 14 316.5 174.8 359.5 294.2 1.0 14 205.0 165.6 280.7 347.5 0.9 14 259.8 176.5 278.2 217.9
006581,0.8 6 136.7 209.6 152.4 233.5 0.6 13 90.0 300.1 284.3 475.1 1.0 6 77.9 211.0 103.6 230.8 1.0 6 108.1 213.5 131.1 231.5
006582,0.5 14 240.5 119.7 368.1 309.0
006586,1.0 14 218.4 66.9 306.0 294.2 0.9 12 65.2 158.0 438.9 332.6
006589,0.6 9 219.9 131.6 358.0 224.0
006590,0.9 6 2.2 2.0 487.8 306.9
006591,0.6 14 211.3 152.0 235.1 196.4 1.0 14 183.2 149.7 207.5 213.0 1.0 14 199.3 151.7 231.5 209.3 0.5 9 214.6 188.1 349.6 331.4
006592,1.0 14 215.9 188.2 237.8 246.4 1.0 0 1.1 48.4 500.1 247.4 0.8 14 292.7 183.0 310.4 213.4
006594,0.7 1 264.7 197.9 330.0 317.2 1.0 1 73.9 126.5 255.3 289.1 0.6 14 0.6 155.6 26.7 330.0 0.6 1 0.8 179.2 88.2 330.9 1.0 14 86.0 134.3 239.8 386.0 0.7 1 0.8 180.8 83.5 291.1 0.7 1 265.6 167.9 330.2 315.7
006596,0.9 7 13.8 120.8 498.6 374.1 0.8 7 216.9 91.1 497.8 224.8
006598,0.5 4 203.5 1.9 499.2 304.3 0.7 14 85.5 168.0 303.1 373.8 0.8 14 89.2 1.3 485.9 374.2
006600,0.9 18 111.2 61.3 476.8 190.0 0.5 18 114.3 90.6 225.7 186.0 0.5 18 3.5 60.7 480.1 191.3 0.8 18 213.2 60.7 477.3 192.5
006601,0.9 5 128.9 102.9 362.0 292.1
006604,0.7 3 160.6 185.7 204.3 214.2 0.6 3 196.3 199.4 239.5 215.9 0.9 3 22.2 132.8 106.0 218.1 0.9 3 277.5 197.4 328.0 215.4 0.7 3 420.8 178.0 472.5 218.3 0.7 3 339.2 187.4 367.4 217.6 0.8 3 234.1 181.1 271.0 217.3 0.9 3 377.8 149.7 419.9 217.5 0.6 3 24.5 131.5 151.2 218.0 0.7 3 118.4 185.8 151.3 217.5
006607,0.8 7 28.7 120.8 462.9 374.6
006608,0.7 14 255.9 1.2 318.8 188.5 0.9 14 392.0 2.2 500.3 373.8 0.9 14 366.2 0.5 447.1 159.4 1.0 14 257.1 0.4 356.5 217.6 1.0 1 22.2 37.9 438.4 314.5 0.6 1 21.4 58.5 438.1 374.6 0.8 14 305.3 1.3 367.6 163.3
006613,1.0 13 308.4 166.7 438.3 278.6
006614,0.7 10 80.9 321.7 323.5 501.0 1.0 14 178.7 274.5 318.5 500.2
006615,0.9 14 29.6 2.0 349.3 374.0 0.9 14 0.9 53.3 349.3 375.0 1.0 14 37.0 49.0 349.7 374.8
006616,0.7 14 42.5 83.4 363.2 498.9 0.9 14 86.9 82.0 363.9 499.4
006620,0.7 14 223.5 -0.2 322.8 298.5 0.9 14 172.6 -0.5 322.5 296.7
006623,0.6 10 0.1 253.6 182.7 452.7 1.0 14 31.4 114.1 179.1 433.1 0.9 12 129.5 114.4 272.1 425.4
006624,0.8 19 201.7 8.0 260.2 80.9 0.6 14 374.3 125.9 430.6 374.3 0.7 8 362.5 200.5 419.9 374.6 1.0 14 108.2 145.1 169.5 229.0 0.9 14 1.1 7.7 101.2 373.6 0.8 14 373.8 125.6 428.1 228.5 0.8 14 134.0 257.5 257.0 375.4 0.7 14 102.6 142.9 173.8 362.5 0.7 14 1.1 7.3 143.8 373.9 0.5 8 361.5 200.7 483.4 373.9 0.8 10 86.1 210.5 363.9 375.2 0.7 14 182.1 162.5 296.9 372.6 1.0 14 374.1 126.0 432.8 327.4 1.0 14 295.3 148.7 393.0 374.9
006629,1.0 14 21.1 130.6 61.1 209.8 1.0 14 118.5 149.2 206.9 332.1 0.5 18 77.6 1.2 500.4 307.7
006630,0.7 8 258.6 222.7 496.7 375.5 0.8 8 394.9 222.9 497.8 375.0 0.6 19 128.8 137.4 179.1 203.0 0.8 8 392.1 191.2 500.3 375.4 0.8 8 1.4 184.1 84.4 374.5 0.5 8 10.7 186.9 168.3 375.1 0.5 14 428.6 0.7 457.1 56.7 0.7 8 0.7 185.2 163.8 375.4 0.9 19 248.6 48.1 415.6 209.0
006633,0.6 19 4.7 78.1 107.7 162.7 0.9 19 55.6 133.4 132.3 260.5 1.0 14 224.7 73.8 450.1 374.9
006634,1.0 6 150.1 216.4 448.4 336.5
006639,0.9 2 82.0 79.5 345.0 229.8
006640,1.0 14 25.2 20.5 183.6 473.5 0.7 14 24.2 21.4 301.7 497.8 1.0 14 176.7 44.3 302.5 499.0
006641,0.9 7 -0.2 1.4 409.6 374.8 0.5 7 111.7 1.4 409.2 374.5
006642,1.0 2 141.2 163.6 308.6 254.9
006644,1.0 14 220.0 81.6 311.0 374.8 0.8 19 1.1 0.1 106.2 115.7 0.9 19 8.8 216.3 121.7 374.5 1.0 14 134.2 97.1 237.4 375.7 1.0 14 281.4 78.7 375.0 374.8
006646,0.9 15 119.6 261.2 162.9 367.1 0.9 14 51.9 276.1 127.1 396.0 0.9 14 52.0 274.6 127.7 498.5 1.0 14 161.7 293.4 289.8 486.9 0.5 19 233.5 289.8 279.6 356.0
006649,0.5 14 287.4 191.8 469.7 228.8 0.5 9 282.6 218.3 369.1 321.7
006650,0.0 0 0.0 0.0 10.0 10.0
006651,0.9 0 23.4 95.0 446.8 300.0
006653,0.9 14 0.9 230.9 17.4 290.6 1.0 6 29.7 102.8 488.5 359.6
006655,0.9 11 48.8 161.1 321.2 388.7
006656,0.5 14 307.6 126.9 499.3 373.7 0.8 14 2.0 1.3 311.7 374.4 0.9 14 1.1 1.5 499.3 374.2
006659,1.0 14 216.5 189.1 297.3 375.2 1.0 14 402.4 143.0 499.8 375.7 0.9 3 173.1 100.5 237.3 305.4 0.8 14 286.5 209.6 400.0 375.2 1.0 14 256.5 209.0 400.4 375.3
006662,1.0 4 312.1 192.0 347.0 312.2 0.5 8 382.6 206.3 499.6 374.7 0.8 8 34.9 245.7 211.0 374.7 1.0 14 36.9 128.0 193.6 374.4 1.0 14 267.0 97.1 359.8 281.1 0.8 10 174.7 243.1 501.8 375.0
006663,0.9 14 6.9 161.6 173.8 313.5 0.8 14 84.2 8.0 156.0 113.9 0.7 14 15.0 16.5 163.4 176.3 0.9 14 54.1 15.9 164.1 157.6 1.0 14 225.7 13.8 293.9 97.1 0.7 14 9.4 63.3 165.1 246.8 0.9 14 330.4 18.3 448.1 124.8 0.7 14 67.7 8.7 187.7 142.0 0.9 14 4.8 62.2 191.4 312.8 0.8 14 400.5 24.8 441.6 64.2 0.6 4 112.6 48.4 164.9 144.9 0.9 10 84.7 89.9 499.1 312.2 1.0 14 332.2 60.0 500.4 270.9 1.0 14 330.9 13.4 403.5 108.1
006665,0.0 0 0.0 0.0 10.0 10.0
006669,0.9 18 22.0 66.0 497.3 326.8 1.0 14 17.1 127.9 49.3 202.4
006672,0.6 14 109.0 15.2 186.6 116.3 0.8 12 83.4 39.1 197.3 177.7 1.0 12 82.2 37.8 197.2 215.4 1.0 14 107.8 15.7 194.4 143.6
006675,0.8 7 34.8 116.0 467.1 243.9
006676,0.9 19 234.1 146.7 307.0 209.2 0.9 8 45.8 153.6 171.2 273.6 0.5 19 356.1 11.8 413.8 80.1 0.9 17 322.7 164.3 500.3 360.5
006680,0.0 0 0.0 0.0 10.0 10.0
006683,0.6 2 38.7 16.8 352.5 374.0 0.7 2 3.1 15.5 449.8 373.7
006685,1.0 6 48.6 138.7 471.4 321.0
006686,0.7 14 146.3 148.2 332.3 364.9 0.6 14 234.5 143.6 434.8 312.0 0.7 14 142.2 158.1 232.6 287.6 1.0 14 16.6 159.2 230.8 344.8 0.9 17 2.4 151.3 478.0 373.5 0.5 14 141.3 157.1 245.3 354.5 0.6 19 171.8 -0.1 362.7 123.6 0.9 14 149.7 144.0 430.7 367.0
006688,0.6 7 71.8 52.8 436.8 292.2 0.9 7 74.6 50.2 488.1 292.8
006691,0.9 15 53.5 86.4 265.3 327.4 1.0 15 288.3 101.8 447.6 301.6
006692,1.0 14 -0.6 1.4 284.0 332.3
006693,1.0 14 247.9 79.8 265.4 108.9 1.0 14 33.2 90.2 61.6 166.1 0.9 14 368.4 69.2 384.6 85.9 0.9 14 485.1 54.4 499.9 84.0 0.9 6 311.2 82.8 398.6 124.8 0.7 14 220.4 79.0 236.2 103.1 0.9 14 457.7 65.0 474.9 82.0 0.8 14 207.6 83.0 223.3 98.8 0.5 14 82.5 82.2 115.4 161.0 0.8 14 349.4 70.7 373.2 112.9 1.0 14 433.3 60.9 453.8 83.5 1.0 14 271.5 75.7 305.7 150.9 1.0 14 0.9 91.7 30.7 172.6 1.0 14 225.9 80.4 254.1 112.0 1.0 14 86.8 81.8 116.4 123.3 1.0 6 60.0 96.7 290.2 214.8 0.8 6 21.9 106.0 94.5 165.2 0.9 14 172.5 83.8 189.3 98.1 0.6 14 223.2 79.0 238.2 98.7 0.9 14 34.1 89.2 60.1 132.1 0.8 14 349.0 71.2 366.2 97.2 1.0 6 298.4 80.8 499.3 184.1 0.5 14 320.5 71.6 339.2 111.3
006700,0.9 15 136.0 2.1 347.2 350.7 0.5 15 141.2 123.5 345.7 345.8
006701,0.6 1 0.4 206.1 117.6 476.8 0.8 1 0.7 139.5 333.1 493.9
006705,0.9 19 212.5 65.1 263.2 167.7 1.0 8 90.3 171.7 273.2 359.4 1.0 14 191.6 199.6 284.8 282.1
006710,1.0 14 207.2 83.7 280.7 374.4 0.8 14 411.5 106.6 467.0 219.6 0.8 8 2.0 147.8 118.0 342.2 1.0 14 107.2 54.3 222.1 374.6 0.9 14 409.6 106.8 462.8 262.5 0.9 14 210.2 78.8 421.8 374.2 1.0 14 264.3 64.4 417.0 374.6
006711,0.7 5 408.1 89.2 499.8 317.0
006712,0.9 15 40.5 43.9 284.8 438.9 0.7 15 42.7 64.2 284.4 440.5
006713,0.6 14 155.7 126.3 225.6 261.6 0.6 0 1.1 149.4 332.7 278.0 0.6 14 152.9 128.4 271.4 437.2 0.6 14 205.1 261.8 270.4 499.9 1.0 14 13.0 256.7 129.6 499.3 1.0 14 118.5 213.8 259.3 499.4 0.5 14 116.4 126.1 264.9 500.4
006715,0.6 18 37.2 47.4 336.1 414.5
006716,0.9 2 145.6 116.3 346.8 240.3 1.0 2 61.2 158.8 160.3 293.7 0.9 2 251.0 149.6 450.2 268.2
006717,1.0 6 126.9 192.3 200.1 231.4 1.0 6 303.4 158.3 356.7 194.0
006720,1.0 1 21.0 120.9 224.0 352.1
006721,0.6 8 414.5 56.7 499.9 179.8 0.7 8 234.3 13.9 344.5 129.2 0.9 10 1.2 72.9 498.7 376.1 0.9 8 263.1 28.1 345.5 131.3
006723,0.5 5 362.2 57.9 456.3 197.2 0.9 5 42.2 54.8 451.9 202.4
006724,0.5 6 118.3 4.3 423.5 142.0 1.0 6 108.7 132.0 454.9 284.8
006728,0.8 14 93.4 0.7 183.6 65.9 0.8 12 133.8 1.4 435.3 374.5
006729,1.0 14 56.2 21.9 231.9 332.5 0.5 13 196.3 251.4 498.9 332.9
006732,0.6 4 391.7 1.7 464.1 73.9 0.7 4 388.4 2.1 464.5 140.6 0.7 14 2.1 3.1 315.7 373.7 1.0 14 0.9 2.8 499.1 373.4
006733,0.9 6 278.5 85.4 499.3 221.9 0.8 6 1.4 38.4 351.0 313.7 0.7 6 0.9 41.4 498.9 367.5 0.6 6 1.5 40.0 349.9 362.2
006737,1.0 14 217.3 34.8 383.5 277.1 1.0 1 248.9 175.5 355.3 315.5
006741,1.0 6 70.5 151.7 371.1 315.0
006742,0.6 19 186.4 203.9 247.1 302.4 1.0 19 2.0 141.0 187.4 312.5 0.5 17 184.0 216.8 501.5 399.5
006743,0.6 19 0.8 56.5 43.4 116.4 0.9 19 89.8 169.2 179.6 290.3 0.8 8 0.9 195.2 30.3 346.8 0.6 19 427.1 39.2 468.4 95.1 0.6 4 82.0 96.1 100.4 141.2 0.6 19 183.9 145.0 224.2 192.6
006744,0.9 14 146.2 123.5 375.5 375.1 0.7 14 83.0 1.3 462.4 327.6 0.7 4 147.3 319.8 184.1 374.7 1.0 14 84.0 1.4 498.5 374.3
006745,0.5 19 247.2 141.6 291.7 183.3 0.6 4 74.5 1.0 131.6 175.4
006746,1.0 14 117.8 40.7 261.4 333.7 0.5 14 319.3 90.9 366.5 159.0 0.6 10 -0.2 144.4 443.2 335.3 1.0 14 256.0 98.5 303.8 222.2 0.6 14 293.2 96.0 323.3 181.8
006749,1.0 6 30.9 99.7 429.0 309.2
006750,0.9 15 171.8 49.6 201.4 86.0 0.6 8 27.7 134.4 81.2 279.9 0.7 8 248.8 126.6 315.9 279.9 0.6 10 21.4 69.2 386.5 281.0
006752,1.0 0 210.5 144.5 279.5 220.1
006754,1.0 6 26.9 42.7 490.4 297.0
006756,0.9 12 87.8 162.0 210.1 308.7 0.5 12 87.4 146.0 210.8 419.7
006757,0.5 6 117.5 36.1 203.8 75.3 0.6 6 329.8 0.2 499.9 239.5 0.7 6 326.7 58.1 499.6 241.2 0.6 14 1.1 40.3 15.6 69.2 1.0 14 54.6 48.5 77.9 114.6 1.0 14 268.2 32.6 315.4 89.4 0.8 14 1.1 39.5 22.1 68.9 1.0 6 0.8 66.8 55.3 172.6 1.0 6 60.1 67.4 402.1 311.4
006758,0.9 0 150.4 82.7 230.2 121.7
006763,0.7 18 5.4 118.4 363.4 247.6 0.6 18 1.3 43.3 500.1 249.4 0.6 18 3.9 44.9 369.2 247.1
006764,0.9 17 31.1 103.4 498.2 373.9 0.9 17 27.3 184.6 500.0 375.1 0.8 4 18.3 8.8 71.4 95.5
006767,1.0 14 248.4 132.0 325.0 305.9
006770,0.6 9 75.3 153.2 254.8 216.2 0.6 9 75.0 155.2 177.3 214.3 0.8 9 223.2 156.9 391.7 298.7
006771,0.8 4 251.0 185.5 273.8 249.6 1.0 14 355.3 106.3 499.7 333.2 0.8 4 313.2 174.2 333.1 222.1 0.5 14 115.1 65.5 227.5 247.9 1.0 19 270.1 47.8 330.4 116.4 0.9 14 350.6 66.3 412.0 177.8 1.0 14 123.9 64.6 220.1 212.7 1.0 14 212.7 63.5 296.7 198.0 1.0 14 0.8 76.6 204.8 333.6 0.9 14 350.1 66.9 412.0 218.2 0.9 10 111.2 189.5 393.4 333.0
006774,0.6 19 106.2 1.1 256.1 88.9 0.9 7 28.4 116.4 431.9 286.3
006775,0.6 1 96.3 170.0 215.4 332.2 1.0 1 58.4 171.6 216.7 332.6 1.0 14 93.5 10.5 239.8 292.2
006776,0.0 0 0.0 0.0 10.0 10.0
006778,0.7 7 190.0 24.6 389.1 315.1
006779,0.9 14 210.7 24.2 354.7 135.7 0.7 14 176.7 24.7 354.8 197.4 0.9 12 0.9 45.7 451.9 306.3 0.7 12 80.4 46.5 450.3 304.1
006780,0.7 4 235.3 61.2 273.2 189.1 0.7 4 240.9 87.1 287.6 194.0 1.0 14 57.5 24.1 299.8 459.6 0.9 17 0.6 55.3 335.0 364.4
006785,0.5 6 362.0 102.5 499.7 272.7 0.7 6 348.6 104.2 490.0 278.9 0.5 6 1.0 134.2 46.6 285.7 1.0 6 10.5 83.8 489.0 309.0
006787,0.6 14 29.1 85.2 175.0 264.1 0.7 14 30.7 85.8 152.0 315.5 0.6 14 30.1 87.2 204.3 323.6 0.8 14 30.4 84.8 156.9 250.5 0.9 14 29.1 87.2 206.0 455.7 0.6 14 1.6 151.1 317.6 430.9 0.9 14 149.3 22.1 317.1 290.3 0.6 14 148.4 20.5 291.7 198.7 0.9 14 162.6 154.2 319.2 292.9 0.9 14 146.9 21.1 267.5 233.8
006788,1.0 14 81.2 109.3 184.0 375.6
006790,1.0 6 272.8 187.2 487.4 305.7
006791,0.7 11 61.1 21.2 475.9 329.3
006792,0.5 8 0.5 167.3 113.6 500.7 0.5 14 64.4 0.5 130.1 108.7 1.0 14 121.2 170.3 252.5 437.3 0.8 8 212.9 37.6 328.0 176.1
006793,1.0 12 111.2 24.9 177.3 206.9 0.9 14 108.8 8.9 189.7 154.8 0.9 14 109.1 9.3 189.2 156.3
006795,0.6 8 93.9 241.7 159.2 333.9 0.8 8 306.1 185.8 463.1 321.4
006796,0.7 13 169.1 37.1 278.6 102.6 0.6 13 412.3 32.4 488.0 100.5 0.9 13 390.8 31.5 489.5 102.0 0.5 13 390.2 32.8 458.4 100.5 0.5 13 395.5 21.3 486.6 101.5 0.9 13 126.4 65.6 349.9 303.8 0.7 13 1.3 27.7 81.7 102.9 0.6 13 362.6 38.9 420.2 100.1 0.8 13 113.7 28.0 171.8 102.5 1.0 14 146.1 42.6 347.3 284.5 0.7 13 323.4 40.3 391.2 101.5
006798,0.7 4 302.8 405.8 334.4 465.6 1.0 19 232.9 221.1 299.3 292.6 0.9 14 136.8 57.9 176.0 207.6
006801,0.7 14 373.6 234.5 499.7 374.8 0.8 7 73.9 121.7 497.9 297.9
006804,0.8 8 269.0 265.3 375.1 500.8 1.0 14 236.7 142.1 292.7 281.7 1.0 14 183.8 180.5 251.5 297.2 1.0 14 157.0 263.2 261.9 458.2 0.6 14 179.8 183.1 254.1 445.8
006807,0.7 15 1.7 1.2 499.1 374.3
006809,0.9 14 130.9 94.8 343.1 338.0 1.0 14 129.4 94.0 343.6 374.2 0.6 14 130.0 93.2 431.2 374.3
006811,1.0 12 108.5 51.8 190.3 209.0 1.0 14 110.8 14.6 193.0 146.9 0.5 14 110.7 14.0 193.6 218.8
006812,0.6 2 196.7 176.7 305.8 276.5
006815,0.5 9 118.1 87.7 300.3 223.2
006816,0.5 19 30.1 8.6 66.3 99.8 0.9 8 37.3 221.8 283.2 492.9
006817,0.8 19 168.4 110.6 223.0 196.5 0.7 19 225.3 111.5 296.7 194.5 0.8 19 246.3 193.0 297.6 255.0
006818,0.9 7 218.1 148.3 484.5 332.3
006820,0.0 0 0.0 0.0 10.0 10.0
006823,0.9 13 93.9 153.7 412.0 364.2 1.0 14 183.4 50.2 346.2 325.1
006826,0.9 8 106.6 147.5 176.2 322.3 0.8 17 278.7 137.1 499.8 244.6 0.5 17 294.8 198.2 500.4 375.0 0.6 10 118.9 145.4 276.5 259.7 0.9 8 123.6 142.4 188.9 261.4 0.7 8 193.7 138.8 278.6 249.1 0.7 17 281.9 141.6 500.5 263.6 0.6 19 266.7 0.2 500.5 146.0 0.9 8 220.9 151.0 284.4 251.4 0.8 8 293.4 199.4 501.4 376.6 0.8 8 276.6 144.4 367.3 251.7
006830,0.9 14 116.7 120.5 248.2 375.0 0.7 4 174.9 180.9 202.5 276.8 0.9 14 1.1 95.3 85.5 204.8 0.7 14 240.3 132.2 412.2 374.0 0.5 14 1.3 95.3 85.5 237.3 0.6 14 94.1 120.6 232.5 304.1 0.5 14 0.9 92.9 109.9 372.7 0.6 14 205.9 94.7 280.4 298.7 0.9 14 72.5 119.4 236.5 366.9 0.6 14 211.2 91.2 387.7 366.1 0.7 14 205.8 90.4 384.7 362.1 1.0 14 239.0 130.1 450.1 374.7
006831,0.6 19 162.9 12.8 219.4 73.3 1.0 1 15.2 56.8 477.5 343.6 0.6 19 245.1 48.0 314.1 131.5
006832,0.0 0 0.0 0.0 10.0 10.0
006834,0.6 2 1.5 26.6 272.1 362.0 0.9 2 1.1 25.2 452.8 362.4 0.5 2 208.2 29.1 453.2 361.7
006837,0.8 8 276.2 214.4 316.2 259.2 0.8 8 96.5 209.4 127.2 288.7 0.8 8 201.1 208.7 256.5 278.5
006843,1.0 14 234.9 137.1 265.9 237.1 0.6 19 38.1 116.2 97.4 198.4 0.8 15 269.0 186.6 309.4 232.4 0.7 15 197.3 184.5 224.6 233.5 0.7 19 381.7 99.5 448.4 211.8 0.6 15 250.5 125.5 291.0 224.7
006846,0.0 0 0.0 0.0 10.0 10.0
006851,0.6 2 95.5 124.3 108.8 143.6 0.8 2 72.5 148.3 94.6 169.7 0.6 2 78.1 151.6 96.5 171.5
006853,1.0 6 11.6 50.7 489.4 327.2
006854,0.7 14 265.5 15.3 280.8 37.7 0.9 6 314.9 20.3 374.7 86.4 1.0 14 2.6 6.9 79.1 85.4 1.0 6 0.7 15.1 375.0 430.0
006856,0.5 14 0.9 117.4 250.1 465.5 1.0 14 46.3 117.6 272.7 438.4
006857,1.0 14 442.9 124.1 499.7 334.7 0.8 19 288.2 77.0 417.8 332.6 0.8 19 291.0 79.3 420.5 223.7 0.7 12 74.0 135.9 165.4 331.5 0.5 19 208.8 104.5 294.0 224.1 1.0 14 126.8 106.8 260.4 334.6 0.8 14 41.4 146.4 62.3 175.5 0.6 19 264.3 11.9 413.8 91.9
006861,0.9 15 170.1 146.6 265.5 273.6 1.0 14 362.0 1.8 500.0 334.5 0.7 4 331.9 116.3 348.9 148.9 1.0 15 262.3 184.4 312.9 240.3 0.6 14 341.7 1.8 498.7 286.7 0.8 15 307.5 126.6 354.3 160.1
006863,0.9 14 194.1 114.8 263.8 172.6 0.7 12 370.5 130.1 499.6 277.7 0.8 12 136.4 138.5 290.9 272.3 1.0 14 409.8 119.6 468.8 191.2 0.7 14 140.4 114.9 294.4 264.7 0.9 14 200.4 115.4 294.8 269.8 0.9 12 246.0 128.8 403.2 287.1 1.0 14 295.4 121.4 360.2 197.6
006870,0.5 8 1.1 105.7 95.3 364.9 0.8 7 41.8 12.1 499.1 318.5
006871,0.6 7 180.1 55.1 498.8 331.0
006872,0.0 0 0.0 0.0 10.0 10.0
006873,1.0 14 211.5 55.9 329.6 194.1 1.0 12 65.2 86.8 412.7 284.4
006875,1.0 14 120.5 77.4 275.2 314.1 0.7 12 146.9 77.8 255.1 328.3 0.9 12 145.5 76.3 253.9 463.0
006877,0.6 7 35.7 39.5 287.0 399.5
006879,0.9 14 0.7 148.4 20.8 211.3 1.0 14 38.9 99.1 205.9 500.3 0.9 14 30.3 65.7 83.9 234.8 1.0 14 29.6 66.5 83.2 345.0 1.0 14 172.4 90.7 318.4 500.1
006881,0.6 11 113.7 21.7 498.6 347.8
006882,0.6 14 383.7 98.8 410.6 132.1 0.6 14 65.4 124.8 179.2 318.2 0.9 14 380.6 99.3 405.4 129.0 0.9 14 46.2 125.8 180.3 349.6 0.9 14 6.4 125.4 181.2 333.5 0.8 14 420.1 97.2 440.9 122.6 0.7 6 60.1 94.2 488.2 373.8
006885,0.9 1 274.6 173.2 331.0 212.0 0.9 1 150.8 178.4 192.5 209.3 0.9 14 6.7 170.2 24.4 195.4 0.9 14 160.3 170.4 182.2 201.3 0.9 14 128.5 159.2 147.1 182.6 1.0 14 283.0 152.8 317.6 203.5
006888,0.7 0 127.7 16.3 498.9 175.4 1.0 0 1.2 14.7 499.5 236.3 0.6 0 136.7 13.7 499.1 237.2
006889,0.7 3 352.8 179.2 490.6 206.4
006890,0.9 6 10.8 40.0 498.9 301.6
006891,0.5 14 0.9 138.6 26.0 279.8 0.8 14 0.8 138.7 27.0 313.8 1.0 14 45.7 109.4 217.6 375.1 0.9 14 224.9 0.9 450.5 185.6 0.8 4 194.4 1.2 395.3 374.5 0.8 14 185.7 50.9 399.4 374.3 0.5 14 190.9 45.6 477.9 374.9
006894,0.9 14 0.6 0.7 216.2 242.1 0.9 7 182.0 53.4 500.1 336.2
006895,1.0 8 12.6 185.3 186.5 363.4 0.9 17 186.4 209.3 501.0 374.6 0.9 19 222.5 62.7 285.7 126.5
006897,0.8 14 155.8 101.5 338.6 296.2 0.8 14 160.6 100.5 328.7 272.0 1.0 12 87.1 124.1 382.5 414.5
006898,0.7 19 58.3 332.0 265.6 441.0 0.9 14 217.0 277.0 301.0 388.8 0.9 14 216.2 276.5 302.2 476.4 0.8 14 215.6 275.4 279.7 438.7 1.0 14 4.6 361.8 59.8 485.3 0.9 14 12.2 361.7 60.3 443.1
006901,1.0 14 117.9 54.5 216.4 277.3 0.6 19 4.1 2.0 496.3 497.7 1.0 14 271.4 77.7 397.7 283.5
006902,0.8 7 131.0 96.3 319.5 291.5 0.7 15 306.7 1.1 397.2 110.6
006904,0.7 8 53.0 249.6 153.0 331.3
006905,1.0 14 129.3 1.9 501.0 373.6
006906,1.0 14 268.9 43.8 319.8 107.7 1.0 14 330.7 235.4 447.7 375.6 1.0 14 426.1 122.5 476.3 200.6 1.0 14 80.7 46.7 137.6 221.3 0.9 14 118.0 160.6 300.3 374.3 0.5 14 1.1 61.0 34.3 108.0 1.0 14 0.7 56.1 75.1 251.8 0.9 14 114.2 91.5 346.4 374.7 1.0 14 356.8 149.0 410.2 211.1 1.0 14 179.7 62.1 207.1 114.6 0.6 14 266.5 42.1 332.3 111.0
006907,1.0 6 43.4 322.5 347.9 417.4
006913,0.9 5 43.4 121.5 442.5 228.2
006915,0.7 11 92.9 49.0 465.4 374.3 0.8 14 375.5 -0.2 492.1 240.5
006920,0.8 14 190.5 86.0 290.5 194.3 0.9 13 275.7 110.3 484.2 257.3 0.7 13 200.5 107.8 485.3 257.5 0.5 13 330.6 133.3 482.9 256.6 0.9 13 65.5 126.9 282.2 269.4 0.6 14 191.6 87.2 278.4 156.2
006921,0.6 14 251.0 123.4 295.4 190.2 0.6 13 106.6 143.4 264.0 315.0 0.6 14 241.9 124.8 295.8 232.6 0.9 14 158.4 134.7 253.7 318.4 0.9 14 72.7 208.1 130.4 305.8 0.9 13 79.4 142.2 396.6 314.5 0.9 14 239.9 124.5 302.2 276.4 1.0 14 306.8 117.3 379.6 326.9
006923,0.8 19 0.8 94.6 72.6 189.2 0.9 8 266.7 131.4 370.5 288.1 1.0 8 140.3 149.2 204.5 271.1
006925,0.6 6 356.8 164.8 499.6 364.2 0.8 6 168.3 171.9 208.1 193.0 1.0 6 3.8 171.5 104.4 222.7 0.8 6 209.9 166.2 241.9 188.3
006926,0.7 14 45.3 72.0 263.6 357.5 0.8 14 44.1 71.9 320.1 438.8 1.0 14 45.9 70.3 351.6 443.7 1.0 14 283.9 77.8 451.3 444.0
006927,1.0 14 0.7 1.7 392.3 374.6 1.0 2 276.0 118.6 487.5 373.8
006928,0.8 11 201.3 23.6 483.0 374.5
006929,0.8 2 87.5 93.7 287.9 317.4
006936,0.9 12 123.3 176.3 396.4 333.3 1.0 14 237.7 54.9 338.8 318.6
006937,0.9 8 24.9 220.5 188.0 421.8 0.9 15 112.5 132.7 196.0 263.1 0.6 8 22.9 219.1 188.7 499.2 0.8 10 179.8 225.6 374.9 500.6
006938,1.0 14 401.1 121.2 499.9 365.1 0.8 14 401.9 198.9 485.1 331.0 0.8 14 1.6 153.0 328.1 375.7 0.9 14 1.4 154.2 127.1 374.8 1.0 14 113.2 117.4 330.3 375.5 0.6 14 113.0 118.9 287.1 375.3
006941,0.8 19 244.6 170.6 300.7 207.4 0.9 14 127.6 121.2 162.1 153.5 0.7 14 322.3 174.6 434.1 374.7 0.9 14 423.5 139.6 499.4 279.6 0.8 14 447.8 76.8 499.9 212.6 1.0 14 172.9 144.8 260.9 239.1 1.0 14 2.0 159.4 91.2 374.6 1.0 14 323.0 141.8 408.2 218.5 1.0 14 83.1 144.9 200.8 323.4 0.9 14 1.9 159.1 147.1 374.8 0.9 10 68.2 202.8 405.5 376.0 0.7 14 322.8 142.6 425.5 284.6 0.8 4 246.0 279.6 269.9 337.0 0.5 14 185.4 171.8 437.4 373.8 1.0 14 321.7 174.2 499.4 375.4
006942,1.0 1 47.3 16.2 463.3 320.4
006946,0.8 0 3.6 0.8 487.2 312.5 0.7 0 2.4 13.3 391.1 310.6 0.7 0 1.6 -0.0 451.2 308.2
006951,0.7 14 150.0 79.3 446.8 276.6 1.0 13 137.7 107.9 448.1 293.6 0.8 14 205.8 81.0 362.3 273.3
006954,0.6 14 206.2 5.0 297.5 131.2 0.5 14 41.3 81.5 324.3 375.5 0.9 14 39.4 83.1 241.1 374.9 0.9 14 43.3 80.2 391.1 374.7 0.8 14 148.0 82.4 391.1 374.1 0.9 14 150.4 155.9 324.7 375.9
006955,1.0 6 320.5 121.3 372.5 142.5 1.0 6 1.1 129.6 464.9 332.9 1.0 6 373.0 126.5 435.0 148.6
006957,1.0 14 279.0 203.0 363.5 357.0 1.0 14 131.5 227.0 357.5 374.6 0.8 14 139.8 175.5 300.5 335.6 0.7 14 138.7 177.4 357.7 374.7 1.0 14 345.7 136.6 500.0 375.1
006960,0.6 7 21.2 152.1 313.3 355.6 0.8 7 196.8 50.4 415.8 304.9
006961,0.8 11 8.2 2.1 332.8 499.2
006964,0.8 14 190.8 96.4 271.7 227.3 0.9 14 139.4 40.4 214.5 223.4 0.9 14 277.2 242.4 411.1 375.1 0.5 14 251.7 73.7 380.4 361.9 0.6 14 147.2 40.5 216.2 146.2 0.7 14 106.9 224.5 293.1 374.7 0.6 14 123.7 226.7 248.7 374.8 0.8 14 278.5 243.0 370.0 375.1 0.6 14 140.2 41.0 213.7 340.6 0.9 14 187.3 95.3 323.2 320.9 0.9 14 188.0 95.3 298.8 294.8 0.7 14 142.2 39.1 215.2 196.8 1.0 14 65.0 32.9 165.6 374.0 0.6 14 0.6 27.6 165.4 373.5 0.9 14 259.2 73.7 369.3 274.3 0.8 14 191.4 85.5 366.2 319.8 1.0 14 105.5 224.8 414.0 374.9 1.0 14 341.2 105.9 489.1 374.6 0.8 14 257.9 72.3 355.3 215.1
006967,1.0 2 156.0 159.3 246.1 287.1 0.9 2 155.9 159.7 246.7 308.0
006969,0.0 0 0.0 0.0 10.0 10.0
006970,0.7 6 55.6 295.6 312.9 386.4 0.6 6 132.0 297.3 373.3 391.8 0.9 6 283.8 284.0 374.7 387.8
006973,0.0 0 0.0 0.0 10.0 10.0
006974,0.8 6 394.4 181.9 479.5 234.5 0.8 8 24.9 126.1 61.3 220.4
006975,0.6 4 100.6 134.2 149.3 270.3 1.0 1 74.4 199.7 210.8 332.2 1.0 14 86.8 52.6 243.4 286.7
006977,0.6 3 75.0 322.2 139.5 367.0 0.6 3 71.7 39.0 269.7 360.6
006978,0.8 18 1.1 192.7 294.3 272.1
006979,0.8 7 66.2 31.6 415.4 498.7
006980,0.5 19 260.0 59.7 500.8 352.8
006982,0.9 12 219.3 131.4 278.8 223.7 0.6 12 333.5 105.2 358.6 155.3 1.0 14 225.5 102.3 275.1 207.6 1.0 14 334.7 93.4 361.1 148.3
006984,0.8 19 184.4 82.8 229.0 119.6 0.9 19 311.8 62.4 342.4 90.3 0.5 19 289.5 210.3 399.8 299.9 0.9 19 65.6 104.9 123.3 163.3 0.6 19 164.5 58.5 189.0 79.8 0.6 8 159.7 241.9 226.1 300.2 0.9 19 134.8 94.8 183.9 136.1 0.7 8 351.6 107.8 399.7 192.4 0.9 19 365.2 64.4 399.6 95.7 0.9 8 305.0 98.3 342.0 148.6 0.6 19 34.9 72.5 76.1 100.1 0.6 10 16.9 103.0 293.0 300.7 1.0 8 228.8 114.2 296.4 222.0 0.6 19 228.3 77.8 254.4 108.2 0.9 8 158.4 244.4 279.2 300.2 0.9 19 253.9 61.5 284.3 90.4
006985,0.9 7 218.8 142.9 327.1 214.3
006986,0.6 5 247.1 23.8 333.0 106.0 1.0 14 72.7 32.8 194.0 449.3 1.0 14 185.2 92.8 281.2 485.3
006991,0.9 11 197.9 105.2 468.9 298.5 0.6 17 39.3 17.6 499.6 336.6
006992,0.8 5 137.0 149.5 257.7 265.8 0.6 5 343.3 145.1 500.6 262.5 0.7 5 242.5 140.5 348.5 266.1 0.9 5 11.1 159.8 146.7 266.2 0.8 5 245.7 139.6 499.9 265.4
006993,1.0 1 39.9 29.6 420.5 336.6
006996,1.0 6 29.4 69.9 407.6 254.4
006997,0.9 3 76.5 1.7 480.1 273.2
006998,0.6 11 0.5 7.1 497.3 313.8
006999,0.9 7 0.4 35.3 409.0 374.3
007000,1.0 14 100.0 15.0 373.5 374.1
007001,1.0 6 212.8 130.9 443.6 342.8
007005,0.6 1 37.1 180.0 334.8 501.3 1.0 14 205.3 150.9 331.8 294.5
007010,0.9 1 57.7 1.6 376.1 374.8
007012,0.5 8 289.1 156.1 469.3 307.2 0.8 8 0.8 27.9 211.8 191.0 0.8 8 256.0 35.4 435.8 305.8
007013,0.0 0 0.0 0.0 10.0 10.0
007014,1.0 6 18.5 49.2 431.7 337.5
007015,1.0 6 104.0 93.0 426.1 230.7
007017,1.0 14 19.3 85.3 209.0 375.1 1.0 14 189.0 66.3 327.0 375.0 1.0 14 315.6 107.3 457.3 375.2
007019,0.6 14 381.5 103.6 488.0 262.1 0.9 14 254.3 49.9 382.1 242.1 0.6 14 144.0 59.3 269.5 230.0 1.0 14 145.0 59.9 269.4 297.3 0.6 14 149.1 51.3 387.8 330.1 0.5 10 80.2 129.3 500.1 342.2 0.6 14 254.5 49.4 385.2 272.5 1.0 14 257.1 50.5 385.6 332.3 0.9 14 388.9 103.7 487.5 219.3
007024,0.7 2 154.7 279.4 182.9 302.1
007026,0.9 0 2.1 153.9 452.7 334.6
007027,0.8 7 2.8 52.2 465.8 239.1
007028,1.0 14 110.6 68.0 241.5 309.6 0.8 14 196.7 0.3 264.1 119.1 0.7 11 95.9 171.9 377.6 356.4 1.0 14 291.1 28.1 426.9 265.1
007030,1.0 1 36.8 197.2 191.4 300.0
007032,0.7 14 50.5 150.5 405.3 312.3 0.7 4 264.2 19.7 401.5 302.9 0.9 14 52.0 8.8 404.5 324.7 0.9 17 1.0 142.0 500.1 374.8
007034,0.9 14 118.0 15.8 226.8 376.1 1.0 14 119.1 14.8 228.7 171.3 1.0 6 0.4 69.4 499.4 379.6
007037,0.8 18 83.1 115.9 343.2 253.2
007041,0.9 7 1.2 107.8 374.4 499.2
007043,0.6 14 0.7 95.2 95.0 276.0 0.5 14 3.3 59.7 407.4 276.3 0.9 14 0.1 95.8 266.6 276.8 0.7 14 0.9 84.1 96.2 275.2 0.8 14 4.7 52.1 470.4 331.8 1.0 14 237.8 50.6 471.1 332.4
007044,0.8 12 140.5 170.1 214.3 362.8 0.5 12 144.2 173.8 213.4 301.3 1.0 14 59.2 137.2 127.2 289.5 1.0 14 196.7 118.2 304.1 446.6
007047,0.5 0 3.1 110.4 272.0 497.4
007051,1.0 14 150.8 208.2 266.6 366.8 0.9 1 213.8 239.9 374.3 500.6
007053,0.9 14 208.6 36.2 320.2 138.1 0.7 14 1.3 0.8 244.6 146.0 1.0 14 351.4 107.3 484.5 331.1 0.8 14 0.7 0.1 241.5 197.9 0.6 14 276.8 119.2 373.6 269.8 1.0 14 268.4 123.7 387.8 331.0 0.6 8 350.1 121.4 499.9 332.3 0.8 14 207.3 34.8 353.5 157.8 1.0 14 154.3 114.4 264.4 331.5 0.8 14 239.0 106.7 332.3 275.3 0.9 14 61.2 1.2 239.3 133.3 1.0 14 19.4 90.0 167.7 331.9 0.9 17 1.1 119.8 500.0 330.5 0.6 14 271.2 113.0 473.3 330.7 1.0 14 249.3 108.4 341.9 331.5 0.9 14 351.9 107.8 484.1 298.8
007055,0.9 12 51.9 49.9 444.6 343.2
007057,1.0 8 65.8 211.2 117.8 297.1 0.6 10 1.3 267.4 338.3 500.9 0.5 8 224.6 235.6 289.9 361.9 0.9 17 228.5 228.6 337.8 331.2 1.0 8 106.0 209.9 175.8 299.9 0.6 19 161.5 141.4 236.6 262.9
007060,0.7 14 279.4 63.1 312.6 128.1 1.0 14 173.7 121.4 267.4 296.5 0.7 14 409.7 50.2 428.8 69.4 0.5 14 338.2 115.3 373.1 148.9 0.7 14 448.6 40.6 480.2 137.1 0.7 8 142.8 141.5 183.8 215.3 0.7 14 457.6 42.6 480.0 66.1 0.7 14 355.6 45.3 375.5 70.8
007061,0.0 0 0.0 0.0 10.0 10.0
007063,0.7 7 191.3 12.3 500.6 338.6
007066,0.0 0 0.0 0.0 10.0 10.0
007067,0.5 8 0.9 389.2 119.4 499.8 0.9 8 79.2 268.8 140.7 337.9 0.6 8 77.8 272.0 145.0 395.4 0.6 8 173.5 294.7 244.2 395.2 1.0 17 173.8 285.4 332.7 391.6
007069,0.6 16 377.7 184.5 431.8 229.3 0.6 9 99.6 121.9 180.4 183.4 0.5 16 161.6 152.0 210.2 190.8
007076,0.6 16 152.4 114.8 315.8 214.5
007081,0.8 14 30.8 83.4 188.8 260.6 0.6 4 0.8 2.4 60.0 373.4 0.7 11 174.3 84.7 284.8 310.0 0.9 14 27.3 82.4 227.9 343.9 0.6 11 176.5 83.4 501.3 329.6 0.7 11 177.7 96.5 500.3 374.1 0.6 14 251.5 103.6 499.1 373.6
007082,0.9 6 241.6 192.7 273.8 215.8 0.7 6 207.0 183.4 235.5 203.2 0.8 6 147.6 190.3 175.8 207.2
007083,1.0 14 43.0 121.1 249.2 410.6
007085,0.5 18 86.2 127.7 501.4 182.4
007087,0.8 2 115.2 158.0 278.4 283.2
007091,0.8 3 150.9 241.5 204.4 261.3
007094,0.7 19 94.7 39.6 137.6 91.8 1.0 17 0.9 191.2 375.4 373.3
007096,1.0 0 47.0 85.6 489.5 223.5
007098,0.6 7 17.5 64.5 390.2 455.5 0.8 7 3.4 66.2 499.1 468.2
007099,0.8 11 169.6 68.4 386.2 254.4
007102,0.9 2 85.5 1.4 409.1 373.6
007103,1.0 14 155.9 266.6 242.5 378.2
007106,0.7 15 159.4 29.2 268.8 286.7 1.0 4 393.1 101.8 440.2 261.1 0.5 15 318.1 0.3 500.3 265.9
007107,0.6 18 185.6 193.8 345.8 260.7
007110,0.5 15 18.1 85.0 167.1 288.0 0.9 8 350.0 197.4 491.1 374.5 0.8 19 0.9 207.7 27.7 295.1 0.9 15 195.5 84.2 219.2 120.7 0.8 4 85.6 262.4 168.8 372.3 0.6 8 64.5 212.5 145.1 296.2 0.7 8 344.3 197.6 446.9 331.2
007111,0.6 6 145.0 134.6 430.1 222.7
007112,1.0 14 175.3 105.3 206.5 172.3 1.0 14 120.0 100.6 153.8 178.6 0.9 14 41.4 110.8 69.2 183.1 0.9 6 337.0 121.8 395.4 145.3 1.0 14 274.8 153.0 299.4 176.8 1.0 14 17.0 110.6 45.8 184.2 1.0 14 70.4 110.6 105.2 207.4 1.0 14 41.5 110.6 71.1 182.9 1.0 14 208.0 110.3 234.5 159.3 1.0 6 81.0 137.1 425.1 243.0 1.0 14 280.1 103.0 324.0 142.9
007115,0.0 0 0.0 0.0 10.0 10.0
007116,1.0 17 26.4 36.9 470.9 300.7
007118,0.7 12 214.7 86.8 340.0 274.7 0.6 6 406.1 106.3 447.8 149.1 0.7 4 61.1 105.4 147.9 187.3 0.7 14 175.5 76.6 226.7 325.4 0.8 14 222.2 83.8 337.8 232.4 0.6 14 229.4 88.5 334.9 183.7
007119,0.5 4 271.7 200.9 375.1 494.6 1.0 14 45.3 -0.5 375.1 490.4
007120,0.8 14 68.0 235.6 193.4 334.5 0.7 14 418.1 172.2 491.6 331.8 0.5 14 392.2 192.6 413.3 237.4 1.0 14 403.7 196.3 432.9 272.4 0.9 14 349.5 195.0 405.7 327.9 0.9 14 420.5 172.2 484.9 292.0 0.5 14 385.5 194.3 411.5 272.1 0.7 14 68.4 196.8 192.0 335.0 0.6 14 478.9 193.6 499.8 222.3 1.0 14 285.7 237.2 372.4 335.5 1.0 14 428.0 221.4 499.8 335.6 1.0 14 251.0 201.0 319.9 332.5 0.5 14 405.6 172.4 468.2 273.3
007124,0.6 1 3.8 41.7 189.6 500.0 1.0 14 1.3 36.7 170.9 486.7
007126,0.8 6 1.0 77.0 138.9 173.5 0.9 14 421.3 87.5 448.3 126.6 1.0 14 81.3 204.2 204.3 333.3 1.0 14 191.2 182.5 298.6 332.9 1.0 14 302.5 37.2 427.4 332.0
007127,1.0 14 114.0 198.6 132.1 238.3 1.0 14 3.2 202.1 42.3 297.4 0.7 18 160.6 157.9 393.0 242.9
007131,0.7 1 32.8 1.4 314.5 498.8
007134,0.7 12 361.3 131.8 479.4 297.6 1.0 14 439.6 102.1 479.7 222.3 1.0 14 221.0 19.6 326.4 215.5 0.9 12 37.3 77.2 416.6 363.0 0.7 12 395.9 136.3 479.3 296.9
007135,1.0 0 206.7 119.0 305.3 151.6
007136,1.0 14 161.4 85.1 219.0 241.9 1.0 14 3.1 198.3 107.3 351.6 0.5 13 402.4 232.8 498.9 372.8 1.0 14 303.3 145.3 487.2 301.1
007137,0.7 14 0.8 149.5 104.6 330.9 0.8 1 257.0 98.1 421.1 230.8 0.5 14 6.3 2.4 186.8 290.9 1.0 14 131.0 150.2 259.9 331.0 0.6 14 1.4 0.1 107.2 177.8 0.9 14 68.4 1.7 188.3 310.3 0.7 14 0.6 1.4 109.6 328.1 0.7 14 13.9 1.9 188.9 329.1 0.6 14 1.0 0.7 100.5 153.4 0.8 14 4.1 1.6 138.0 328.7 0.9 1 391.8 110.8 499.8 198.1 1.0 14 306.3 101.1 407.4 265.9
007142,0.5 18 244.0 73.6 435.8 312.8
007143,1.0 6 25.4 117.6 432.5 235.0
007145,0.6 7 1.6 3.9 498.9 333.3
007151,0.8 8 0.3 118.2 189.6 375.8 1.0 14 181.6 49.1 323.0 373.9 0.6 10 1.4 199.9 408.0 376.5 0.5 4 257.3 233.5 302.6 278.3
007155,1.0 0 41.0 141.7 398.3 286.7
007156,0.5 5 217.5 145.6 294.2 211.5 0.6 5 294.9 131.2 455.4 224.9 0.6 5 288.0 117.0 499.2 232.1
007157,0.6 14 229.4 185.6 264.9 247.2 0.7 0 1.1 156.4 99.4 206.2 1.0 0 43.6 123.5 483.2 291.1 1.0 14 229.6 184.8 269.9 290.3 0.8 14 264.3 166.6 295.8 232.3 1.0 14 261.6 166.1 297.1 293.2
007158,0.7 11 54.1 89.8 374.8 499.9
007160,0.5 8 44.6 132.9 285.8 494.7 0.6 1 0.2 117.6 329.9 499.8
007161,1.0 14 8.8 55.4 332.1 498.9
007164,1.0 0 0.6 63.8 498.4 301.1 0.7 6 279.9 241.4 325.1 264.9
007169,0.7 0 57.7 108.8 421.7 262.4 0.5 0 56.3 113.8 222.2 194.1 0.6 0 59.3 103.4 498.7 263.8
007170,0.6 17 199.5 152.0 498.5 333.1 0.8 14 225.1 112.7 331.1 214.2 0.7 14 191.3 112.8 333.1 291.0 1.0 14 1.3 152.4 119.9 334.4 1.0 14 120.2 102.0 395.9 333.4 0.9 14 230.4 100.3 396.8 213.9
007171,0.6 13 39.2 97.3 315.6 331.5 0.6 13 50.1 1.3 497.9 332.2
007173,0.8 0 70.1 31.7 402.1 368.5 1.0 14 386.0 176.9 418.2 243.7
007175,1.0 14 127.7 0.8 466.0 330.3
007176,1.0 14 76.3 125.5 174.2 233.4 0.8 6 442.8 194.2 491.2 270.0 0.9 6 27.1 205.9 185.4 371.6 0.8 6 25.6 195.6 477.7 424.0 1.0 6 173.1 198.6 477.8 425.9
007178,1.0 14 72.6 103.9 361.1 375.4 0.8 8 298.7 220.4 391.5 375.6
007179,1.0 14 387.7 102.1 500.0 332.8 1.0 14 1.2 53.3 181.9 332.8 1.0 14 160.4 77.6 389.1 332.0
007181,0.8 6 128.6 54.0 150.9 77.8 0.9 8 301.8 136.0 404.0 273.5 1.0 14 240.9 82.9 358.7 301.1
007183,0.8 11 1.2 91.4 500.0 300.3 0.9 17 1.3 115.5 500.4 373.7
007186,1.0 14 396.0 147.0 451.6 299.3 1.0 14 126.0 94.6 172.1 270.9 1.0 14 26.8 89.2 85.6 322.6 0.9 13 164.5 154.5 239.3 246.3 1.0 14 231.7 135.8 270.8 247.0
007188,0.9 2 229.1 141.1 371.1 227.8
007190,0.0 0 0.0 0.0 10.0 10.0
007192,0.5 17 322.5 107.6 500.1 315.0 0.5 17 2.0 114.4 307.7 374.8 0.6 17 0.4 107.3 500.0 375.8
007195,0.7 14 335.2 25.2 499.2 331.7 0.8 14 333.9 26.5 485.3 278.9
007196,0.9 19 4.9 54.1 170.9 211.1 0.9 19 336.2 52.8 500.0 224.2 0.8 19 0.5 53.1 173.4 234.8 0.9 19 167.0 54.5 338.8 226.9
007198,0.6 9 32.8 80.1 277.1 287.6 0.6 9 108.4 81.8 278.0 298.2 0.6 9 256.7 119.9 396.1 299.9
007199,0.9 7 85.5 34.8 457.2 374.7
007201,0.9 13 2.5 94.7 294.2 332.8
007202,0.8 8 74.8 126.8 116.9 179.5 0.5 8 310.0 134.9 356.0 185.0 0.9 8 156.9 129.5 197.1 179.1 0.7 8 35.3 124.5 116.2 180.2 0.8 8 116.7 127.1 153.1 174.6 0.9 8 257.5 131.6 317.8 179.8
007203,0.9 19 158.0 50.0 248.9 168.3 0.5 19 56.9 1.5 162.8 184.6 1.0 14 308.5 133.2 430.0 292.1
007206,0.8 5 109.9 166.9 241.8 264.1 1.0 14 288.0 201.2 306.9 257.8
007207,0.9 14 0.9 237.5 241.3 375.4 0.8 14 124.8 101.6 172.9 141.8 0.7 8 357.3 126.0 391.2 179.6 0.6 14 284.0 210.8 499.3 374.5 0.9 14 279.5 156.3 422.7 321.5 1.0 14 119.0 135.5 245.7 270.5 0.8 8 198.5 128.5 252.7 213.1 0.9 8 429.1 125.5 499.5 221.1 0.8 14 108.2 136.0 243.8 374.2 1.0 14 193.8 100.5 253.0 209.1 0.9 14 125.6 100.9 181.7 171.4 0.6 14 24.5 162.8 243.3 374.2 1.0 14 27.3 166.0 225.2 374.6 0.7 14 119.9 101.6 186.6 202.9 0.9 14 427.7 213.3 499.8 375.7 1.0 14 218.0 51.2 256.7 101.0 1.0 14 291.2 127.8 369.1 252.4 0.9 8 265.8 126.6 305.4 214.5 0.8 10 153.9 203.6 423.0 329.5 0.9 14 109.3 127.4 140.5 183.8 1.0 14 279.3 154.7 440.4 374.7 0.8 8 269.9 124.3 376.8 215.7
007209,0.9 11 64.5 28.6 268.9 381.6
007218,0.9 17 28.0 57.5 427.2 370.9
007220,1.0 14 168.2 153.9 253.4 252.7 0.7 19 57.8 239.4 119.7 309.7 0.5 19 119.8 204.2 163.3 271.3 0.6 8 395.1 221.1 500.0 373.6 0.8 19 159.6 82.5 310.3 127.6 1.0 14 239.9 154.3 296.6 254.3
007221,0.8 7 33.6 27.9 434.6 374.5
007225,0.8 4 118.2 149.7 149.9 274.9 1.0 4 98.4 177.2 134.1 300.9 0.6 19 164.7 204.3 244.2 269.2 0.9 4 372.5 169.3 421.7 311.4
007226,0.9 18 45.5 81.1 475.7 247.7
007228,0.8 8 207.1 107.4 311.8 219.2 0.7 8 256.8 107.5 315.1 191.9 0.8 8 246.9 112.8 363.3 216.3 0.8 8 292.8 114.0 364.1 215.4 0.5 10 141.0 122.0 306.3 200.9 1.0 14 19.0 58.4 186.4 272.7 0.8 10 26.9 185.9 500.3 374.1 0.8 8 143.3 109.8 214.9 224.0
007229,0.6 12 1.8 21.3 279.3 219.5
007231,0.5 11 103.1 83.8 371.8 249.3
007232,1.0 1 1.3 257.2 78.3 383.5 1.0 14 26.1 183.7 79.5 342.8
007233,0.6 0 23.2 1.3 497.1 267.5
007235,0.9 1 137.3 115.8 369.8 277.6 1.0 14 172.3 25.6 331.3 244.9
007237,0.9 14 365.5 165.7 499.9 375.8 0.9 4 119.5 241.4 135.1 283.3 1.0 14 97.6 96.6 217.1 268.9 1.0 14 332.7 67.0 426.7 245.2 0.8 10 0.0 243.4 259.0 375.9 1.0 14 181.4 69.9 283.1 288.6 1.0 14 222.7 126.0 409.8 374.9
007238,0.9 7 66.8 210.6 208.6 400.5
007239,0.6 2 188.3 53.2 429.2 223.8
007240,0.9 8 181.1 42.0 290.7 127.9
007242,1.0 6 0.9 179.3 44.2 265.2 0.9 6 1.4 157.3 66.1 215.5 0.8 5 55.7 1.6 499.6 374.0
007246,0.9 6 1.8 84.9 497.4 374.9
007248,0.0 0 0.0 0.0 10.0 10.0
007251,0.6 4 337.8 94.0 356.7 146.6 1.0 14 1.0 10.7 374.3 499.4
007252,0.5 12 196.7 100.3 370.6 307.6 1.0 14 27.4 25.5 203.7 331.7 0.8 12 198.9 110.7 499.3 329.8
007253,1.0 12 118.9 113.3 209.6 425.1 0.9 14 98.3 108.5 234.4 288.8 0.9 14 100.3 106.6 238.3 302.1
007254,0.6 7 56.0 42.0 375.6 432.1 0.5 17 0.3 66.4 374.8 498.8
007255,0.7 19 201.7 39.9 287.7 112.2 0.8 8 183.6 95.2 389.0 375.7 0.6 8 182.5 98.0 273.1 252.1 0.6 8 176.5 96.5 272.7 354.8 0.5 8 32.8 222.4 179.2 374.5 0.9 8 276.7 83.4 428.2 353.3 0.6 8 196.0 233.3 380.2 375.5
007257,0.9 0 180.8 150.7 225.2 173.7
007262,0.7 8 400.9 182.2 499.7 333.4 0.9 8 401.2 224.9 498.5 333.2 0.6 8 386.7 180.7 459.9 332.3 1.0 0 74.1 128.9 276.3 194.0
007264,1.0 17 -0.2 157.5 255.3 334.9 0.9 17 229.6 205.0 500.0 374.8
007265,0.8 14 84.5 14.3 354.0 308.1
007267,0.9 14 316.2 159.3 334.5 187.0 1.0 14 165.3 139.0 203.4 256.4 0.8 6 370.7 158.6 400.4 176.8 1.0 0 93.9 84.7 479.5 184.7 0.6 14 100.9 155.6 119.2 185.2
007268,0.5 8 190.1 253.6 326.4 431.2 1.0 14 138.7 42.8 273.3 499.1
007269,0.8 2 128.5 73.5 288.7 152.4 0.9 2 196.7 138.9 406.8 247.8
007272,0.9 2 159.0 113.1 276.4 282.8
007273,1.0 6 73.3 118.6 484.3 265.0
007277,0.6 14 5.1 107.9 319.9 345.6 1.0 14 3.5 107.6 315.7 463.4
007278,1.0 6 41.9 247.8 86.6 275.1
007281,0.6 6 18.6 156.6 301.8 375.5 1.0 6 410.3 164.8 500.1 347.0 0.9 6 9.8 70.6 298.8 375.6 1.0 14 325.7 108.1 431.4 374.9
007282,1.0 6 1.3 133.8 170.6 293.4 1.0 6 197.8 139.9 326.5 290.8 1.0 6 356.3 158.9 483.6 282.7
007286,1.0 0 155.3 56.6 356.3 275.4
007287,0.5 17 24.1 46.0 336.1 365.9 0.5 10 146.1 159.5 473.7 367.3
007288,1.0 6 -0.3 16.9 496.6 237.3
007290,1.0 0 122.9 154.5 318.0 216.6 0.9 0 393.9 178.6 482.6 218.1
007291,0.5 7 136.4 61.2 483.2 373.9 0.7 7 130.5 20.9 501.4 374.0
007293,0.9 14 173.5 16.5 253.7 120.2 0.9 14 173.5 18.0 282.4 191.8 0.6 14 96.3 17.8 257.0 198.6 0.7 12 52.8 78.2 314.9 316.0 0.9 12 50.8 76.8 417.4 313.3 0.7 12 49.3 78.4 418.2 320.3
007301,0.8 19 206.2 115.2 250.3 152.3 0.8 4 420.7 40.8 472.5 183.2 0.9 14 107.6 197.6 348.2 374.5 0.8 4 390.4 37.7 441.9 148.4 1.0 14 44.8 30.6 215.3 374.7 0.6 17 84.9 164.8 498.7 371.8 0.6 17 183.4 168.4 403.9 320.4 1.0 14 282.6 198.8 471.5 375.0 0.9 19 252.6 44.4 343.7 136.5
007303,1.0 14 87.4 137.2 211.5 338.4 0.8 14 87.0 136.1 212.8 437.9 1.0 12 104.4 180.4 231.0 428.8
007304,0.7 6 111.7 170.8 333.2 499.3
007306,0.9 14 366.4 98.6 498.9 336.5 0.6 4 337.1 174.5 363.2 237.0 1.0 14 117.0 112.8 260.2 245.9 1.0 14 1.0 112.4 151.0 374.4 1.0 10 112.5 221.6 499.6 375.1 1.0 14 307.1 90.1 391.3 235.1 0.9 14 309.7 97.0 498.7 335.3
007307,0.9 13 159.9 95.7 438.4 295.0 1.0 14 258.8 58.3 379.6 268.4
007309,1.0 1 37.0 23.3 330.8 470.3
007310,0.9 12 92.0 119.3 239.1 416.7 1.0 14 105.0 102.8 229.4 312.6 0.6 14 106.9 102.2 246.3 319.8 0.6 12 105.4 118.0 239.8 334.0
007312,0.5 7 68.5 74.2 353.5 299.7
007313,0.9 14 14.4 74.2 97.0 320.0 1.0 14 14.8 74.4 97.7 416.2 0.8 13 14.1 52.8 374.2 499.4
007315,0.6 19 216.0 249.8 323.9 336.8 1.0 19 228.2 134.7 315.2 214.2 0.9 8 158.3 251.2 212.9 338.9
007316,1.0 14 0.8 44.1 377.4 499.7
007317,0.7 14 162.0 10.5 316.4 164.5 0.5 11 63.7 195.5 274.4 329.6 0.9 14 130.2 10.6 318.3 323.5 0.6 14 64.0 10.0 420.4 323.0
007319,0.6 15 102.3 159.2 286.0 449.8 0.7 4 1.7 385.0 84.6 500.4 0.9 14 19.8 1.1 78.1 110.1 0.7 8 15.5 1.9 136.9 120.5 0.5 10 0.9 344.8 296.1 501.6
007320,1.0 14 151.5 236.5 235.1 433.6 1.0 1 159.2 344.7 239.1 495.0
007321,0.9 19 58.5 33.0 248.8 228.0 0.8 14 160.1 36.8 240.9 155.2 0.9 14 162.1 37.0 211.7 155.7 0.7 11 229.8 184.2 321.3 327.8
007324,0.8 14 168.4 99.6 381.4 356.7 0.6 4 239.9 288.8 273.9 338.8 0.9 14 168.8 99.6 372.7 306.5 0.6 14 165.6 114.7 258.6 302.1 0.6 14 242.9 119.9 365.5 299.9 0.6 13 96.2 99.9 501.8 377.0 1.0 14 271.1 102.1 499.7 375.0
007326,0.6 2 159.7 79.5 368.8 245.6 1.0 2 159.8 80.2 367.3 195.3
007328,0.5 14 129.7 3.2 250.0 430.1 0.7 14 27.9 64.9 187.3 326.0 0.6 14 137.3 4.6 249.8 324.5 0.9 14 27.6 64.5 185.2 431.9 0.7 14 29.7 4.4 248.8 430.6 0.5 14 29.1 5.6 249.9 357.0 0.8 14 133.9 5.2 249.9 349.1
007331,0.8 7 0.6 1.4 483.2 374.2
007332,0.7 4 280.5 190.8 310.3 227.8 0.7 14 302.6 1.3 500.5 374.3 0.8 19 0.8 126.7 51.1 198.9 1.0 14 165.3 153.1 237.2 325.3 1.0 15 66.1 107.2 156.8 186.7 1.0 14 23.5 201.2 204.5 375.2 0.9 14 165.1 152.2 239.2 362.6 1.0 14 277.3 144.1 381.6 254.5 0.9 14 275.4 143.0 380.2 335.8 0.9 14 238.8 1.1 500.9 374.1
007333,1.0 14 -0.3 2.1 211.3 328.9 0.9 19 200.0 122.5 371.0 304.2 0.6 19 198.6 120.2 375.2 332.4
007335,1.0 8 129.2 150.4 211.6 240.0 1.0 8 242.2 147.9 315.3 241.1 0.9 15 72.7 169.7 129.9 234.5 0.8 15 1.1 88.6 30.6 116.4
007337,0.6 6 208.6 261.3 243.9 293.2 1.0 6 347.3 267.1 416.4 294.8 1.0 6 234.1 262.7 295.7 307.0
007338,0.7 13 1.2 1.6 499.2 337.3 1.0 14 271.4 40.9 488.3 337.2
007339,0.6 14 250.4 129.7 282.9 162.0 1.0 6 246.8 31.6 406.9 152.5 1.0 14 166.2 112.5 201.6 150.8 1.0 6 77.4 99.0 377.3 310.4 1.0 14 263.5 131.3 310.0 169.2
007340,0.0 0 0.0 0.0 10.0 10.0
007341,0.8 14 432.7 319.3 499.9 375.5 1.0 14 296.0 336.8 349.2 375.2 0.6 0 0.9 69.0 454.1 278.5 1.0 0 57.2 70.8 454.7 237.9
007342,1.0 14 154.3 176.8 192.3 274.6
007345,1.0 1 81.8 154.8 139.8 244.5 1.0 14 75.1 77.6 140.4 250.7
007347,0.7 14 123.5 176.7 209.8 396.3 1.0 14 301.6 351.9 344.6 500.2 0.6 6 255.7 372.1 310.3 430.4
007348,0.9 19 46.5 107.6 108.1 174.3 0.9 8 301.3 113.2 449.3 281.2
007349,1.0 14 84.5 242.9 102.6 287.7 0.9 18 89.7 57.0 499.6 376.2 1.0 14 62.5 246.0 81.3 285.9
007352,0.9 0 0.5 2.0 499.8 296.5 0.8 0 48.9 4.8 500.2 295.6
007353,0.9 19 103.3 34.0 175.9 132.6 0.8 8 101.7 211.4 288.0 374.4 0.9 17 102.2 205.9 463.5 375.1 0.9 19 312.7 52.2 370.9 136.6
007354,1.0 19 82.2 20.2 165.9 102.3 1.0 14 17.5 56.0 262.7 240.5
007355,0.8 14 1.7 199.6 40.9 304.7 0.8 14 38.0 1.8 268.1 375.8 0.7 14 35.2 2.7 256.4 498.5 0.5 14 354.7 205.1 375.0 255.3 0.7 14 35.0 2.6 347.6 498.3
007357,0.7 3 268.2 155.5 355.7 179.5 0.8 3 114.1 138.4 163.4 178.0 0.9 3 220.0 144.8 294.4 170.6 0.6 3 171.0 141.4 190.4 167.1
007358,0.9 6 4.3 111.8 73.9 157.2 1.0 14 67.4 88.3 111.7 218.7 0.7 14 459.8 88.9 482.7 118.7 0.8 6 88.8 21.0 468.0 343.7 0.5 6 25.5 59.3 469.9 341.8 0.7 6 94.2 64.2 468.6 344.2
007360,0.9 7 208.6 86.1 474.5 276.1
007362,0.6 6 351.3 86.3 499.9 251.9 1.0 6 338.2 44.2 497.4 112.2 0.6 6 447.2 45.2 499.9 99.9 1.0 6 -0.4 68.0 437.1 329.0
007364,0.6 8 77.0 160.8 356.9 348.2 0.8 17 218.7 214.2 500.5 375.3 0.7 19 116.5 195.7 172.6 253.4 0.6 17 73.1 158.0 354.3 338.1 0.9 15 83.3 90.5 181.8 195.0
007366,0.5 19 73.1 97.4 104.7 145.1 0.5 19 0.5 129.0 33.0 175.8 0.6 8 2.9 400.7 91.3 499.7 0.6 19 161.1 294.8 233.1 364.9 0.8 8 155.9 295.1 232.6 464.1 0.5 8 157.0 295.6 233.3 464.5
007367,0.9 5 132.3 177.8 274.5 240.0
007368,1.0 6 315.6 80.0 387.3 164.8 0.6 13 0.1 160.5 225.8 398.3 1.0 14 50.6 69.1 144.1 196.9 1.0 6 172.1 88.7 265.1 148.0 1.0 6 271.1 88.7 342.0 143.9 0.7 13 1.1 159.7 386.9 501.8
007371,0.9 1 21.1 208.5 275.5 332.7 0.7 14 59.5 126.4 242.6 332.6 1.0 14 96.5 127.4 241.7 332.5
007377,0.7 18 148.1 192.6 459.6 287.4
007378,0.7 4 286.3 149.5 352.1 366.2 1.0 14 173.2 87.3 356.0 375.0
007379,0.6 14 -0.1 84.3 451.0 374.6 0.9 14 166.3 84.9 453.2 374.0 0.9 14 177.9 85.2 455.4 373.8
007380,0.7 16 265.9 219.5 297.9 253.2
007382,0.8 18 165.3 95.6 322.8 306.1 1.0 14 233.1 163.9 254.7 185.4 0.6 14 279.6 162.8 299.1 183.8 1.0 14 186.4 152.9 211.0 185.4 0.8 18 166.2 66.5 321.6 306.7
007384,0.6 8 251.2 30.4 317.7 146.3 0.9 11 124.5 79.2 352.4 385.3 0.7 10 3.7 93.7 499.4 416.6 0.5 8 324.4 46.0 499.7 250.0
007386,1.0 6 0.3 46.4 499.2 318.3
007387,0.8 18 14.1 17.8 482.6 237.5
007391,0.8 8 265.0 180.8 359.6 326.8 0.9 15 302.4 94.1 384.7 158.8 0.8 15 0.9 141.1 55.0 322.4 0.9 8 92.9 164.5 155.5 209.2 0.7 8 33.6 202.9 177.4 333.3 0.8 8 258.5 180.9 320.0 321.1 0.7 19 407.1 8.6 499.1 119.5 0.8 8 38.7 206.5 218.6 333.1 0.9 10 52.9 198.2 351.0 333.4
007392,0.8 14 89.0 82.2 244.1 333.9 1.0 14 89.3 82.8 255.9 391.3 1.0 12 118.4 153.2 244.1 456.3
007393,0.9 8 132.4 177.4 211.1 332.8 0.7 8 0.4 80.6 108.6 333.6 0.8 4 232.1 273.8 250.7 320.1 0.9 8 366.2 191.5 439.5 333.1 1.0 10 107.9 224.7 443.4 333.0
007395,1.0 14 1.1 130.6 173.6 375.7 1.0 14 142.4 83.6 321.7 374.8 0.6 4 418.4 277.1 487.0 375.2 1.0 14 302.8 105.7 498.6 375.0
007397,0.6 2 281.6 307.8 299.4 331.9 0.9 2 97.0 189.2 121.8 225.3 0.8 2 21.8 370.0 42.0 401.7 0.8 2 229.3 176.6 248.8 200.3 0.9 2 136.8 437.4 170.1 485.9
007399,1.0 6 42.9 89.5 479.3 326.5
007400,0.0 0 0.0 0.0 10.0 10.0
007401,0.6 17 46.1 92.1 188.3 228.3 0.8 19 130.2 82.2 154.7 109.9 0.9 19 262.4 90.9 299.2 122.7 1.0 8 193.3 90.5 243.2 148.0
007402,0.0 0 0.0 0.0 10.0 10.0
007403,0.6 0 22.4 126.7 150.5 289.4
007404,0.8 4 23.3 253.7 210.8 374.9 0.7 4 397.3 250.1 447.0 373.8 0.9 4 337.3 252.6 403.7 375.2 0.6 4 206.5 99.3 227.7 138.4 0.7 4 432.7 1.0 459.4 42.7 1.0 14 105.6 76.4 433.4 294.7 0.7 4 433.8 241.4 499.8 349.7 0.5 17 106.6 35.8 499.5 160.8
007405,0.9 5 156.9 124.4 379.4 228.7
007406,0.7 15 84.5 312.8 125.7 359.2 0.9 15 42.3 341.6 93.7 374.6 0.8 8 386.3 281.9 460.7 350.6 0.7 15 355.0 227.1 422.0 296.5 0.9 15 77.7 305.2 143.9 359.7 0.7 8 135.6 292.7 190.2 371.7 0.6 15 28.4 309.4 69.7 348.6 0.8 8 389.0 281.1 422.4 351.2 0.9 8 429.5 281.6 495.3 353.5 0.9 8 188.8 289.5 246.8 374.0
007407,0.0 0 0.0 0.0 10.0 10.0
007409,0.9 7 65.8 68.8 451.1 329.3
007412,0.8 12 2.5 8.5 482.9 334.2
007415,0.8 14 97.7 249.3 109.3 271.3 1.0 14 142.0 250.9 157.8 281.6 0.7 8 270.4 246.6 328.7 283.4 0.7 14 81.4 250.3 93.3 270.1 0.5 0 25.3 95.3 480.8 283.9 0.5 18 26.5 146.5 480.2 283.2
007418,0.0 0 0.0 0.0 10.0 10.0
007420,0.9 4 51.4 1.0 96.7 332.4 0.6 14 160.2 28.5 389.8 331.5 1.0 14 162.4 90.1 389.3 331.6
007423,1.0 14 442.2 89.6 499.8 283.2 1.0 6 27.2 136.1 153.0 188.3 1.0 14 146.6 130.1 179.0 209.0 1.0 6 221.4 148.5 335.5 224.9
007426,1.0 2 115.9 82.1 457.2 315.0
007428,1.0 14 108.4 43.3 152.5 84.4 1.0 14 36.1 30.6 108.7 155.5 1.0 14 71.8 70.8 147.1 221.1 0.8 14 139.0 71.6 177.1 120.1 1.0 14 122.7 105.5 218.1 223.7
007429,1.0 6 17.0 229.0 313.2 482.5
007430,0.8 18 49.4 17.9 436.7 290.7
007434,0.0 0 0.0 0.0 10.0 10.0
007440,0.8 7 139.1 87.9 324.4 243.9 0.6 7 165.9 87.5 324.1 242.7
007441,0.8 7 111.1 40.7 416.3 355.1 0.7 7 125.1 39.8 367.5 323.6
007442,0.6 14 81.9 0.3 178.5 111.7 0.9 4 328.1 247.9 376.2 362.9 0.7 8 45.3 44.4 121.5 181.8 0.6 8 423.9 52.2 499.1 203.5 0.7 4 174.4 79.5 213.5 153.7 0.6 8 0.8 99.6 88.5 308.7 0.8 10 1.0 73.3 499.2 375.6
007444,1.0 14 0.7 78.7 213.3 499.7 0.5 11 160.9 267.1 272.0 428.7
007447,0.6 6 131.5 147.1 189.9 175.6 0.9 1 279.5 201.1 333.7 269.4 1.0 14 484.2 159.5 500.0 241.6 1.0 14 137.5 162.1 196.4 256.0 0.9 1 124.6 189.7 198.9 268.6 1.0 14 285.8 175.6 332.7 258.8 0.7 14 58.1 141.0 88.1 181.5 1.0 14 210.3 178.5 270.7 275.5 1.0 1 209.0 211.9 278.5 294.1 0.8 14 56.1 142.2 79.3 165.7
007450,0.5 6 328.3 227.2 484.7 309.5
007452,1.0 6 83.2 180.3 217.7 238.7 0.7 9 215.3 182.6 320.9 237.3 0.6 9 18.6 189.9 183.2 320.7 0.7 9 19.3 190.2 147.0 322.4 0.7 9 107.0 193.7 186.6 287.1 0.6 9 196.1 206.1 312.8 431.9
007453,0.5 19 189.4 77.2 372.0 207.1 0.7 19 197.5 75.1 369.7 142.2 0.6 14 5.5 98.5 492.4 218.2 0.6 7 3.4 95.5 219.9 218.4 0.9 14 114.6 107.2 489.6 217.0
007455,0.7 3 163.8 173.3 322.8 231.7 0.8 3 163.6 159.3 322.7 230.3
007456,0.9 4 158.1 90.8 237.4 287.8 0.9 4 324.8 42.7 401.4 185.5 0.6 4 102.9 70.7 157.9 167.0 0.9 4 224.3 55.5 277.1 166.1 0.5 10 1.0 33.0 492.4 375.5 0.7 4 96.5 63.1 138.6 161.2 0.7 4 101.5 73.6 146.9 164.3 0.9 4 125.8 55.4 165.1 150.2 0.9 4 276.5 28.2 326.4 121.7
007459,1.0 6 7.3 41.4 489.7 374.2
007462,0.6 16 164.6 32.6 213.4 129.3 0.8 2 8.7 150.5 49.0 199.3
007463,0.0 0 0.0 0.0 10.0 10.0
007464,0.5 3 0.9 243.2 25.3 287.2 0.9 3 163.2 116.3 257.3 250.3 0.5 3 167.4 225.0 253.6 250.6 0.7 3 194.0 263.6 323.1 341.4
007469,0.5 14 2.3 25.9 496.8 498.1 0.7 14 60.8 26.0 477.7 492.8
007471,0.6 8 1.0 334.5 133.6 499.6 0.9 8 137.0 285.3 229.3 499.1 1.0 14 83.0 175.4 156.8 321.5 1.0 14 140.1 185.3 191.5 266.0 1.0 14 0.5 180.2 164.6 497.4 0.6 14 230.7 220.6 364.3 420.0 1.0 14 219.3 119.0 289.7 388.1 0.5 8 84.7 284.1 224.5 496.8 0.9 14 205.6 221.0 374.8 497.1
007472,0.6 15 80.6 43.6 282.4 372.7 0.9 8 294.4 221.5 434.6 337.3 0.6 8 288.7 255.2 334.7 339.2
007473,0.7 15 2.1 131.5 360.4 498.5
007476,0.6 8 1.7 287.0 153.7 374.6 0.6 2 274.0 20.1 374.2 111.5 0.8 14 40.5 194.1 120.2 319.6 1.0 14 33.6 193.5 120.2 370.8 0.8 19 211.7 3.2 475.7 206.0
007478,1.0 6 0.0 2.0 431.9 373.4 1.0 6 345.9 3.0 499.5 165.5
007485,0.5 17 1.1 89.3 500.1 276.7 0.7 17 0.7 87.3 500.3 277.0 0.6 17 0.7 88.5 499.3 330.5 0.9 11 114.8 117.0 417.5 279.9
007487,0.8 7 46.1 1.1 500.4 374.2
007488,0.0 0 0.0 0.0 10.0 10.0
007492,1.0 19 282.5 117.3 370.0 191.1 0.8 19 82.0 0.3 194.0 100.7 0.8 17 1.8 159.7 497.5 375.0 0.9 8 417.6 80.5 500.0 226.9 0.7 19 289.7 1.0 367.0 22.3
007494,0.9 4 10.7 162.1 87.2 360.3 0.9 10 1.4 131.4 499.8 375.6 0.8 4 177.1 199.9 214.6 282.4 0.6 4 227.0 171.5 267.4 260.7
007495,0.8 5 149.8 58.5 403.1 335.3
007496,1.0 14 -0.2 89.3 287.4 375.6 1.0 14 269.1 2.1 499.4 374.6
007499,0.9 15 59.1 1.5 408.0 372.8
007500,0.9 4 35.6 245.1 91.4 398.5 1.0 14 35.9 25.5 266.4 374.0 0.7 4 220.9 177.8 266.2 401.6 0.8 14 44.8 25.1 210.9 372.6
007501,0.6 6 15.3 71.1 300.3 242.3 0.8 14 432.6 50.8 475.3 146.8 0.5 13 2.7 2.2 497.8 373.6
007502,1.0 0 170.0 87.1 266.2 218.1
007504,0.6 4 95.9 9.6 403.6 318.3 0.7 6 0.1 9.1 131.4 180.2 0.6 6 0.7 86.0 118.1 180.1 0.6 6 296.5 2.7 499.2 91.4 0.5 6 297.0 1.5 453.8 84.5
007505,0.9 4 202.6 154.8 295.0 280.1
007507,1.0 6 51.1 186.0 159.2 236.9 1.0 6 1.1 187.6 54.4 234.8 1.0 6 156.9 187.0 206.9 222.5 0.6 6 273.0 173.1 313.0 213.9
007508,0.9 4 41.9 3.9 137.2 477.7 0.9 14 43.5 26.9 157.5 475.6 0.9 4 106.6 97.9 172.6 348.8 1.0 14 138.4 107.0 270.5 499.1
007509,0.9 14 167.3 176.2 233.9 361.4 0.6 6 29.1 70.0 161.8 148.4 1.0 12 31.7 91.8 247.9 369.7
007510,1.0 6 400.4 274.6 499.6 360.0 0.7 6 0.7 161.8 55.2 346.3 0.7 5 48.1 39.9 431.1 365.4
007512,0.9 2 71.1 155.4 243.0 229.5 0.6 2 74.6 154.5 145.8 223.4 0.9 15 42.8 11.5 499.1 338.4 0.7 15 207.2 6.2 499.9 373.7
007514,0.5 4 405.1 108.6 463.1 162.7 0.7 14 0.5 0.9 226.2 251.8
007515,0.7 11 78.4 47.3 196.1 231.3
007516,0.6 9 300.1 161.5 499.1 326.0 0.7 9 182.5 150.3 287.4 243.8
007518,0.6 6 1.1 229.6 38.9 265.2 1.0 6 456.4 225.6 492.5 301.2 1.0 6 44.1 229.1 157.1 282.8 1.0 6 310.7 229.1 354.3 256.3 1.0 6 2.8 219.1 114.9 273.5 1.0 6 115.3 227.8 220.2 282.9 1.0 6 195.0 229.9 305.6 292.0 0.9 6 265.1 223.3 318.1 251.0
007520,0.7 18 3.1 1.2 359.3 369.5 1.0 14 248.0 135.2 279.3 188.3 0.6 18 1.1 1.5 499.4 374.7
007522,1.0 14 198.2 50.2 371.5 243.4
007529,0.9 14 125.3 63.1 269.9 188.4 0.8 14 124.1 63.0 283.9 320.3 1.0 1 39.3 254.6 344.5 495.3 0.6 14 124.4 63.9 291.0 314.1
007531,0.5 8 1.0 148.8 108.7 374.6 0.6 8 401.1 156.2 499.8 374.9 1.0 14 240.1 41.2 293.2 133.9 0.6 8 1.1 149.8 72.0 374.2 1.0 14 119.6 91.1 163.2 178.9 0.6 8 0.6 149.8 150.4 374.5 0.6 10 23.7 121.3 433.6 374.7 0.5 10 1.0 117.8 500.0 375.0 0.5 8 403.0 189.5 499.4 374.4 1.0 14 378.7 19.4 490.4 199.8
007532,0.5 14 68.0 1.0 108.1 32.1 0.6 4 302.8 139.7 337.5 216.3 0.5 14 213.5 76.0 321.3 152.6 0.5 14 312.1 27.5 469.7 197.3 0.8 14 216.0 75.4 298.5 150.6 1.0 14 0.7 6.5 235.8 375.1 0.9 14 467.4 57.0 499.8 118.9 0.5 10 1.9 120.2 500.1 375.3 0.7 4 388.9 184.2 500.1 375.8 1.0 14 241.5 22.7 283.2 86.4 0.8 4 206.1 197.8 331.5 374.7 1.0 14 176.2 24.2 499.1 373.8
007534,0.0 0 0.0 0.0 10.0 10.0
007539,0.6 2 1.5 64.6 463.0 292.3
007541,1.0 1 160.5 119.9 435.6 347.1
007542,0.8 7 1.4 119.5 500.3 375.4
007545,0.6 2 190.0 235.8 383.0 374.9
007548,0.6 0 2.8 82.5 371.3 232.7 0.5 0 0.9 1.6 499.3 374.2 0.8 0 0.8 2.7 499.7 261.0
007549,0.9 15 108.2 2.2 345.3 224.4 1.0 15 352.1 1.8 495.7 232.2
007550,0.0 0 0.0 0.0 10.0 10.0
007552,0.6 16 291.7 250.7 315.0 270.8 0.7 14 248.4 196.0 268.4 233.4
007553,0.5 14 309.2 6.8 361.5 62.0 0.7 14 210.4 1.3 318.3 146.5 0.9 14 42.8 21.4 72.8 226.8 0.5 14 209.7 0.2 319.5 185.3 1.0 13 132.7 39.7 424.7 328.1 1.0 14 218.6 1.1 318.3 85.4 1.0 14 312.3 -0.3 484.2 215.6 0.5 14 309.7 6.2 392.9 149.2
007554,1.0 14 223.6 168.5 287.5 290.0 1.0 14 298.5 166.0 357.9 302.2
007556,1.0 6 0.9 65.8 499.8 310.4
007557,0.9 2 164.6 81.0 210.2 178.1 0.8 2 164.2 80.7 210.0 180.1
007560,0.7 11 310.6 160.1 484.5 359.2
007561,0.9 8 20.9 159.0 177.0 359.4 0.8 8 72.9 158.4 197.6 331.7 0.6 8 22.2 160.2 197.0 331.4 0.5 8 119.6 23.3 219.6 172.1 0.8 17 205.0 71.3 500.6 311.3
007562,1.0 6 28.1 29.1 474.1 365.4
007564,0.9 8 130.5 168.5 182.0 315.7 0.7 19 42.0 36.3 85.5 127.4 0.9 8 298.5 211.9 357.9 314.1 0.9 19 174.7 89.2 230.8 142.6 0.7 4 106.7 43.0 134.1 146.7 0.9 8 26.6 189.3 142.8 318.3 0.8 8 27.4 189.9 105.0 318.4 0.6 19 255.7 217.6 305.3 301.5 0.9 19 319.3 155.4 375.3 202.3 0.6 19 180.7 173.9 218.8 205.6
007567,0.6 14 156.7 104.3 187.8 185.2 1.0 14 200.5 111.7 294.7 299.0 0.9 8 278.7 157.0 399.4 299.7 0.8 8 281.2 117.3 403.4 296.8 0.8 8 419.6 87.9 496.3 265.5 0.6 8 415.9 87.1 499.5 338.4 0.9 8 125.1 119.5 195.9 260.0 0.6 14 158.4 104.0 180.8 129.1 1.0 14 97.2 103.5 183.0 278.8 0.6 8 412.9 159.3 499.5 339.7 1.0 14 252.5 92.0 379.9 301.6 0.6 17 185.0 140.4 416.9 286.0 0.5 17 184.4 141.5 338.2 283.5
007569,0.0 0 0.0 0.0 10.0 10.0
007573,0.9 14 16.6 217.9 35.1 263.5 0.6 5 118.6 146.5 357.5 341.2 1.0 14 22.8 210.3 44.0 263.6 1.0 14 412.0 206.6 461.9 341.7 0.5 14 253.0 182.2 272.9 213.5 0.6 5 77.8 172.7 133.2 257.6 0.5 5 80.3 141.5 338.8 328.1 0.8 14 459.1 73.0 478.2 111.4
007574,0.5 7 39.5 19.8 491.4 344.5
007577,1.0 14 10.1 53.2 140.4 191.6 1.0 14 430.8 63.1 480.2 119.4 0.9 14 63.8 38.4 234.2 216.6 0.6 14 313.9 34.5 435.9 220.0 0.7 14 11.4 38.6 235.2 214.6 1.0 14 171.8 45.2 319.9 227.6 1.0 14 316.2 33.5 500.3 279.3
007580,0.7 0 0.8 28.4 452.2 312.0 0.6 6 367.4 275.0 408.3 292.8
007581,0.6 18 45.2 63.4 314.5 280.0 0.8 18 1.1 8.6 499.4 332.9
007582,1.0 14 60.2 46.8 332.8 449.4
007583,0.6 14 417.2 34.7 491.0 90.2 1.0 14 384.4 34.1 490.9 92.3 0.8 14 211.2 1.9 249.2 35.4 0.7 19 365.2 1.3 499.4 155.6 0.7 14 433.0 35.8 491.4 89.3 0.9 19 364.1 78.3 500.5 155.3 0.9 11 275.4 148.1 498.9 373.7
007584,1.0 14 0.6 1.9 228.9 374.2 0.8 14 0.4 2.2 499.8 374.7
007587,0.5 11 66.1 29.1 298.3 217.0 0.8 7 174.7 113.3 454.5 399.1
007588,0.0 0 0.0 0.0 10.0 10.0
007589,1.0 14 207.3 144.1 228.8 164.3 1.0 14 344.0 177.0 380.1 262.5 1.0 6 121.8 161.1 302.1 288.3 0.8 14 236.2 127.6 263.7 161.9 0.9 14 258.9 138.5 281.7 164.4
007591,0.5 5 19.6 87.8 305.9 409.1
007593,0.9 13 134.4 146.7 400.7 442.8 0.9 14 4.5 90.1 41.8 137.3 1.0 14 72.2 32.6 286.3 263.5 0.9 14 53.7 87.5 86.4 134.1 0.7 14 1.5 87.8 24.7 136.7 0.7 14 2.7 88.1 32.4 137.8 0.8 13 69.2 112.8 399.0 444.1 0.6 14 30.4 85.2 55.7 133.3 0.7 13 70.5 95.0 400.2 437.3
007595,1.0 14 113.6 26.8 370.4 333.4
007596,0.6 16 322.6 90.3 431.2 179.4 0.5 16 297.0 97.6 362.5 150.3 0.7 16 189.4 68.8 242.9 169.2 0.7 16 221.5 80.4 294.2 176.9
007597,0.6 18 0.6 46.1 499.4 323.6 0.6 18 0.5 45.8 498.9 255.1
007598,0.5 14 428.6 58.2 499.5 215.7 0.9 14 75.1 120.9 160.6 246.2 0.7 14 426.8 58.2 499.5 282.6 0.6 14 425.6 60.7 495.1 168.1 0.5 14 179.6 132.2 346.8 217.1 1.0 14 0.6 120.7 159.2 255.2 0.5 14 181.5 87.3 428.4 219.9 1.0 14 342.6 82.9 463.1 309.7
007599,0.6 9 20.5 136.1 233.0 286.3 0.6 9 226.0 144.9 385.2 285.8
007602,0.0 0 0.0 0.0 10.0 10.0
007604,0.9 2 167.7 92.8 469.4 242.1
007607,1.0 1 51.2 295.4 352.0 486.5
007608,0.6 2 115.5 300.4 247.5 375.1 0.7 2 242.2 133.7 292.4 242.6
007609,0.8 14 117.9 170.8 224.5 287.5 1.0 14 118.7 171.2 226.7 424.7 0.9 14 119.2 170.0 283.1 422.0 0.9 12 55.2 223.5 295.5 425.1
007610,1.0 14 164.7 200.1 188.9 267.0 0.7 10 136.5 217.3 376.7 500.0
007613,1.0 6 19.4 78.5 468.4 339.8
007616,0.9 14 178.2 30.1 261.5 245.9 0.8 14 119.8 30.4 260.7 312.1 0.8 14 176.3 29.4 260.3 246.4 1.0 12 70.0 94.0 415.7 353.6
007617,1.0 6 0.4 83.2 136.2 240.4 1.0 6 70.1 83.3 433.2 272.6
007620,1.0 12 93.1 167.7 253.8 456.1 0.7 14 301.9 262.5 318.0 315.6 0.9 14 97.2 94.8 243.7 345.7 0.9 14 117.7 94.7 242.3 302.4
007623,0.9 14 116.7 16.2 202.8 167.4 1.0 14 124.8 16.5 202.5 139.2 1.0 12 100.5 66.9 229.9 217.5
007625,0.9 11 255.3 133.0 315.0 247.7 0.9 11 206.6 174.4 262.5 266.2 1.0 14 116.0 76.6 224.4 322.5 1.0 14 270.5 84.6 373.1 373.3
007627,0.7 13 34.8 119.2 157.2 374.6 1.0 14 23.6 42.8 151.7 303.1
007628,0.9 14 71.9 1.2 500.7 373.9 0.6 14 72.1 1.6 459.4 374.1
007630,0.7 2 141.8 58.3 374.9 379.5 0.5 2 134.4 58.5 500.8 494.8
007632,0.9 0 0.9 129.3 314.0 309.6 1.0 0 4.0 131.4 490.5 310.1
007634,1.0 14 158.0 63.3 240.3 333.7 1.0 14 473.3 84.1 500.0 281.2 0.9 6 65.3 136.3 132.7 161.1 1.0 14 21.1 116.4 45.4 174.7 0.7 14 3.7 115.3 40.5 176.3 0.9 6 113.5 136.1 163.0 167.8 1.0 14 87.5 53.1 499.3 374.3 1.0 14 230.9 53.6 315.5 327.0
007635,0.6 3 314.7 2.1 500.0 216.9
007636,0.8 12 105.4 118.8 218.6 474.6 1.0 14 95.5 101.8 227.7 308.0 0.9 14 96.1 103.1 249.9 356.5 0.8 12 156.0 121.5 220.8 408.7 0.9 12 154.1 119.0 220.5 471.8
007638,0.6 15 2.2 -0.9 461.3 306.6 0.5 11 160.4 65.8 325.9 237.8
007641,0.6 2 132.4 57.8 190.3 119.4 0.6 2 97.6 58.8 193.0 174.7 0.9 2 95.0 271.5 141.2 316.8 0.9 2 113.7 219.8 171.4 276.0 0.9 2 259.7 195.4 312.3 224.5
007643,0.0 0 0.0 0.0 10.0 10.0
007644,0.8 15 225.0 153.3 265.7 196.8 0.7 15 41.2 176.8 136.0 250.0 0.5 4 78.7 93.2 108.2 181.0 1.0 15 5.3 49.4 54.6 87.1 0.8 15 344.9 131.4 413.2 203.2 0.7 8 265.5 100.3 368.7 223.2 0.7 15 1.4 131.4 50.2 240.5 0.9 15 83.4 171.8 136.7 249.8 0.8 8 200.6 98.2 251.0 198.5 0.6 15 8.7 51.8 40.1 84.2 0.8 15 89.2 139.4 204.0 248.4 0.6 8 201.8 75.0 371.6 225.3 0.7 15 266.1 155.7 296.0 202.3 1.0 15 262.4 48.2 356.2 111.3
007645,0.5 14 348.5 7.1 370.4 49.4 0.8 14 456.6 21.8 499.6 189.0 0.6 13 363.4 72.3 499.7 227.4 0.7 14 390.4 2.1 451.5 97.8 0.9 14 387.1 2.1 451.2 99.5 0.6 14 1.2 1.3 25.0 47.2 0.8 14 466.7 22.5 499.5 82.1 0.7 13 0.6 2.0 449.0 283.9 0.9 13 0.9 12.9 450.5 337.2 0.5 13 63.4 40.6 449.5 270.1 0.9 14 362.0 2.6 450.7 224.8 0.9 14 371.9 1.1 404.6 61.0 1.0 14 356.3 4.3 384.7 59.2
007646,1.0 1 237.4 155.7 407.2 315.9 1.0 14 291.9 111.4 404.0 273.7
007648,1.0 10 139.3 224.9 348.3 374.4 1.0 8 325.4 257.1 491.0 375.7 1.0 14 280.1 163.9 339.5 229.8 0.6 8 1.1 223.4 40.6 374.7 1.0 14 33.1 172.5 290.5 374.8 0.5 8 0.9 220.7 185.6 375.3 0.7 4 225.0 217.2 240.2 255.4 0.7 8 333.0 287.6 482.1 375.1 1.0 14 279.8 164.8 345.0 369.4 1.0 14 311.6 183.4 443.4 375.3
007651,1.0 14 77.2 107.0 261.0 262.0 0.6 14 75.5 107.2 259.4 498.9 0.9 10 1.0 245.3 355.0 500.9
007652,1.0 14 14.9 51.3 496.8 305.2 0.5 10 2.3 142.1 498.8 334.6
007658,1.0 14 141.6 40.2 282.2 363.8 0.8 13 141.2 67.7 464.3 374.9 0.5 13 157.8 188.4 464.5 373.8 1.0 14 292.7 77.2 431.4 278.3
007659,0.0 0 0.0 0.0 10.0 10.0
007660,0.8 14 214.7 188.7 233.2 219.0 0.5 14 340.9 180.2 359.7 209.7 0.8 14 174.1 181.4 190.0 212.3 0.8 14 101.2 186.8 114.9 215.4 0.8 3 61.1 1.9 463.5 249.0 1.0 14 73.8 184.6 90.9 220.1
007661,0.8 7 0.3 103.7 409.5 375.6
007665,1.0 6 424.6 132.6 499.9 213.4 1.0 6 152.8 144.4 382.8 220.5
007669,0.9 14 63.2 29.7 323.9 375.4 0.8 14 61.9 28.5 411.2 374.7
007674,0.9 5 17.1 78.8 487.2 270.6
007676,0.9 14 1.1 247.6 22.0 272.3 0.7 14 76.3 233.9 90.0 265.9 0.9 0 76.2 49.5 499.2 332.1 0.8 6 24.4 238.8 74.4 263.9
007681,0.7 2 42.8 111.7 389.7 354.6 0.6 2 41.9 99.6 391.8 305.1 0.5 15 3.4 1.3 497.5 374.3
007684,0.6 14 6.6 86.8 94.1 233.9 0.6 14 8.3 85.1 93.4 182.4
007686,0.0 0 0.0 0.0 10.0 10.0
007689,0.7 14 241.7 0.8 500.5 270.4
007690,0.8 14 0.9 118.6 26.9 212.2 0.9 5 67.7 13.2 415.6 250.4 0.8 14 27.2 125.5 56.8 208.9
007693,1.0 6 148.6 112.8 448.9 366.6
007695,1.0 14 53.5 0.8 370.7 262.9 0.8 11 161.7 95.1 369.7 272.1
007698,0.0 0 0.0 0.0 10.0 10.0
007700,0.8 4 165.2 38.2 201.0 130.3 0.7 4 252.7 284.8 308.2 403.7 0.5 14 289.0 69.1 340.5 232.2 0.7 14 289.9 69.8 341.7 185.0 0.6 14 291.9 69.1 333.2 154.5 0.7 10 12.2 247.8 341.1 499.1 0.7 14 33.9 326.6 79.8 382.7 0.6 14 49.2 325.9 78.5 363.1 0.9 4 200.9 12.7 275.3 215.5
007701,1.0 6 167.1 185.7 288.5 251.2 1.0 14 157.8 184.0 177.7 238.6 0.9 6 91.2 189.9 136.9 235.1 1.0 6 1.7 185.1 116.0 254.9 1.0 6 257.0 179.9 442.1 273.5
007703,0.6 8 366.3 54.5 486.6 264.9 0.6 8 366.0 55.2 442.6 262.5 0.6 18 15.2 52.5 485.9 298.3
007706,0.7 14 98.0 62.8 357.0 332.0 0.9 14 98.0 65.3 320.3 327.8 0.9 14 98.2 62.3 375.2 329.7 0.7 4 202.8 140.5 273.8 292.1 0.7 14 220.4 61.0 363.1 312.2 0.7 4 332.1 128.9 464.8 296.4 0.8 4 267.7 -0.1 332.5 215.2
007707,0.6 8 455.3 94.0 499.9 313.6
007708,0.9 8 358.4 193.9 398.0 255.5 0.8 8 192.6 211.1 229.9 295.3 0.9 8 132.8 282.2 308.0 375.3
007710,0.6 1 414.2 259.1 499.5 374.9 0.8 1 1.5 237.4 120.3 331.0
007711,0.9 0 86.3 178.1 451.6 315.6
007714,1.0 14 471.7 148.6 493.3 208.5 1.0 14 0.9 177.5 33.5 252.0 0.9 6 161.9 130.2 330.4 267.8
007716,0.6 12 202.6 123.3 372.4 324.5 0.5 12 204.8 122.5 496.4 339.7
007717,0.5 19 141.8 115.5 441.1 300.0
007719,1.0 14 44.5 252.6 110.2 399.1 0.6 14 0.6 207.6 71.4 412.4 1.0 14 153.8 151.4 183.4 235.8
007722,0.6 6 363.9 146.5 478.9 325.0 0.8 8 155.1 286.3 272.6 375.7 0.9 8 273.8 224.2 325.8 327.1 0.6 8 149.4 246.6 205.5 282.8 0.6 8 1.1 263.1 44.5 303.0 0.9 8 323.1 225.8 352.0 311.1 0.9 8 229.3 228.2 286.4 352.7 0.9 19 274.0 85.4 374.9 213.0
007725,1.0 1 140.0 224.4 345.9 347.6 1.0 14 188.0 147.5 315.3 347.3
007726,0.8 8 258.7 346.2 302.2 426.8 0.5 14 333.6 290.7 345.0 374.0 0.6 8 140.8 352.5 198.6 451.2 0.7 8 46.3 346.3 95.8 499.4 0.6 18 19.6 20.2 324.8 446.7 0.6 8 44.8 346.3 87.2 424.4
007728,1.0 14 86.4 72.7 250.2 334.7 0.9 14 88.3 73.0 362.1 333.3 1.0 14 233.8 77.3 363.8 310.2
007730,0.8 2 13.2 87.3 207.7 349.8 0.5 2 13.1 91.0 207.4 249.2
007733,0.6 7 0.1 207.9 452.2 382.3 0.7 7 90.2 -0.1 500.2 91.2 0.7 7 63.0 208.2 450.7 381.1
007734,0.9 6 26.4 107.6 278.6 280.8 1.0 6 275.6 125.7 372.4 207.9
007737,0.6 4 131.2 213.5 208.6 360.0
007738,0.8 15 270.7 0.3 345.2 52.3 0.9 15 335.1 0.8 374.8 60.9 0.5 8 1.5 174.3 233.1 499.9 0.7 10 0.9 149.6 374.8 499.4
007739,0.9 4 166.0 214.7 222.2 371.5 0.6 8 1.1 173.3 69.0 410.0 1.0 14 77.2 70.0 375.0 473.4
007741,0.9 2 218.7 174.8 314.7 231.5 0.8 2 22.2 253.7 68.0 285.9 0.8 2 68.1 108.7 100.3 126.4 0.9 2 312.6 200.3 415.4 257.3 0.8 2 87.2 127.1 119.0 149.0 0.8 2 240.7 68.2 291.8 110.7 0.8 2 149.6 145.6 194.6 195.2 0.7 2 135.1 228.4 176.7 252.6 0.9 2 353.3 149.6 391.9 178.8
007744,1.0 14 163.9 110.0 215.5 172.7 1.0 4 214.2 171.9 243.1 302.3 0.9 4 378.6 156.0 438.3 313.0 0.9 4 307.6 144.3 355.4 313.4 1.0 4 141.9 169.8 181.3 307.0 0.9 4 440.4 163.4 492.0 312.4 0.9 4 341.9 155.5 376.0 301.1 0.9 4 1.3 167.8 38.1 336.7 0.9 4 89.6 145.5 141.1 311.1 0.9 14 126.0 137.6 166.8 221.1 0.9 4 35.3 169.7 79.5 308.1 1.0 4 174.7 144.2 220.5 312.5 1.0 4 238.9 130.9 285.5 313.6 0.7 4 378.6 133.3 440.9 312.1 1.0 4 275.3 152.5 309.6 304.7
007747,0.8 19 273.7 103.4 322.3 180.3 0.7 19 73.0 147.6 131.8 193.9 0.7 8 340.2 196.5 495.5 375.4 0.7 19 381.4 162.5 421.9 199.0 0.7 14 55.8 199.2 196.5 259.2 0.7 8 17.8 199.4 198.2 310.0 0.8 17 13.7 193.5 206.2 315.0
007750,0.7 14 120.1 84.6 254.6 292.3 0.8 14 116.5 85.4 253.0 324.8 0.9 14 114.9 85.9 286.7 335.3 1.0 12 97.5 110.1 296.4 479.3
007752,1.0 14 193.1 106.0 305.4 237.5 0.9 15 7.0 24.0 52.6 66.6 0.9 10 1.2 208.9 403.0 376.1 0.9 8 351.5 170.5 404.4 243.3
007755,1.0 14 89.3 37.9 374.7 498.8
007756,1.0 8 332.6 269.8 438.8 375.1 0.7 14 188.7 122.8 212.0 158.6 0.6 15 252.0 214.7 287.3 261.5 0.9 19 52.5 73.3 115.3 141.8 1.0 14 70.3 238.3 233.0 375.1 0.7 8 222.7 264.9 306.3 361.2
007757,0.9 6 335.4 21.8 367.2 43.9 0.5 6 478.8 12.3 499.8 74.4 1.0 6 1.8 11.1 210.3 90.9 1.0 6 394.0 27.2 480.5 65.2 1.0 6 14.8 44.0 484.2 249.9
007759,0.6 14 227.1 52.4 262.9 89.7 0.6 14 461.1 2.8 499.8 318.3 0.7 4 111.4 0.8 185.9 63.2 1.0 14 70.9 52.6 264.9 316.8 1.0 14 228.1 66.5 360.7 297.2 1.0 14 346.0 2.5 448.0 317.8
007761,1.0 14 19.7 1.5 60.7 80.4 0.6 6 393.6 39.6 499.9 169.1 1.0 6 10.5 16.0 499.5 304.3
007764,0.5 13 95.0 70.8 433.6 206.8
007766,1.0 14 185.4 34.7 307.9 189.2 0.8 12 60.9 116.1 372.0 279.2 0.9 12 60.3 97.9 406.0 279.8
007769,0.8 14 174.2 111.5 264.5 480.0 1.0 14 61.9 38.2 193.4 472.4 1.0 14 182.2 113.5 265.0 414.5
007770,0.8 11 294.0 105.5 498.9 332.4 1.0 14 13.2 0.4 369.8 324.5 1.0 14 233.0 1.1 500.4 331.9
007771,0.7 18 0.2 71.9 304.6 175.0 0.8 18 1.3 49.2 480.5 372.1
007774,0.8 12 5.7 40.2 379.3 375.2
007778,0.7 14 0.2 80.0 250.2 332.9 0.6 14 2.0 78.7 408.3 332.5 0.6 10 190.0 97.0 500.2 332.6
007780,1.0 14 0.1 37.9 252.4 275.6 1.0 14 0.8 37.9 250.9 375.1 1.0 14 267.6 70.4 472.3 250.0 0.9 14 265.1 70.7 475.0 374.0
007782,0.8 11 2.2 63.1 329.7 374.8
007783,0.9 14 206.2 0.8 293.4 91.3 0.9 13 2.3 2.5 496.9 373.4 1.0 14 296.6 0.6 354.6 100.7
007784,0.5 18 28.8 25.2 472.0 215.3
007785,0.8 8 75.9 210.0 174.9 370.1 0.7 14 88.1 148.4 162.1 270.2 0.9 19 290.7 61.2 382.7 173.6 0.9 8 74.8 208.7 215.5 371.9 1.0 14 89.4 146.9 250.7 363.0 0.9 17 242.3 214.7 476.9 374.5 0.8 8 245.1 217.1 402.3 376.1
007787,0.0 0 0.0 0.0 10.0 10.0
007788,0.8 0 1.0 1.2 498.7 373.9 0.9 0 0.8 36.1 498.5 373.0 0.7 0 0.8 99.2 499.4 372.9
007789,1.0 14 126.9 124.1 167.2 221.5 1.0 14 256.4 139.1 279.3 206.7 0.5 14 180.2 129.2 223.9 217.0 0.9 14 257.0 139.7 279.4 206.5
007792,1.0 13 77.4 171.5 121.1 261.9 1.0 14 124.4 133.8 139.3 165.5 1.0 14 73.6 149.1 127.5 240.8
007794,0.9 11 60.5 163.7 293.5 371.2
007796,0.0 0 0.0 0.0 10.0 10.0
007797,1.0 6 70.6 126.6 354.1 331.1 1.0 14 370.3 88.8 461.6 373.4
007800,1.0 6 240.5 178.9 407.7 230.5
007801,0.9 14 255.1 103.5 304.4 162.8 0.8 14 187.8 142.3 323.4 374.0 0.9 14 184.3 142.4 287.4 267.1 1.0 8 78.3 217.5 240.1 375.7 0.7 14 189.0 142.4 426.0 374.0 0.5 19 241.0 1.3 340.8 123.4 1.0 14 269.4 153.3 361.3 255.1 0.9 10 148.7 243.9 448.6 374.8 0.9 14 254.6 102.8 363.1 254.6
007802,0.8 7 0.8 7.9 499.7 374.4
007804,0.0 0 0.0 0.0 10.0 10.0
007805,0.6 11 117.1 1.4 352.5 374.6
007806,0.9 0 40.9 208.9 482.0 371.7
007807,1.0 6 28.8 31.8 454.7 319.6
007808,0.7 19 193.9 80.5 308.0 224.8 0.6 14 145.7 137.5 306.3 374.3 0.5 19 133.7 79.6 190.6 228.8 1.0 14 196.8 139.8 307.5 374.1 0.7 17 375.2 156.8 500.3 273.1 0.9 19 319.2 76.5 403.5 175.0
007811,0.5 11 203.4 92.5 249.6 143.7 1.0 14 54.8 33.4 458.3 375.0 0.5 10 0.7 97.6 499.6 375.2 0.7 7 185.8 210.6 393.0 374.7 0.6 7 184.7 141.1 393.9 376.2
007816,0.9 8 193.8 168.9 239.9 230.2 0.9 8 333.7 172.9 432.1 285.1 0.9 19 374.3 110.6 436.9 224.7 0.7 14 174.2 167.2 295.8 220.8 0.7 19 109.4 196.2 160.8 247.6 0.7 14 238.5 169.2 296.9 192.5
007817,0.8 4 82.5 246.5 200.7 442.6 1.0 14 2.9 21.6 384.3 482.5 0.9 14 1.1 21.9 472.9 481.5 0.8 14 233.1 97.8 474.5 346.9 0.8 14 233.3 96.5 474.4 453.8
007818,0.9 6 182.2 138.4 219.2 162.0 1.0 6 142.6 134.7 180.3 161.6 1.0 6 87.2 137.5 135.3 164.5 1.0 6 1.1 142.4 40.5 163.7 0.9 6 0.9 180.0 61.6 254.6 0.9 6 39.7 136.2 73.4 163.7
007822,1.0 14 179.4 109.7 239.5 229.6 1.0 14 228.7 111.7 268.3 199.8 1.0 14 241.4 128.2 308.1 251.0
007823,0.8 7 48.8 72.2 359.4 370.8
007825,1.0 0 24.5 126.5 477.5 251.3
007827,0.9 7 25.5 1.3 362.9 280.6
007828,0.5 11 99.6 45.9 291.9 270.3 0.7 8 238.0 -0.7 388.9 206.8 0.6 8 236.6 0.1 449.9 207.5
007829,0.8 7 80.7 72.8 331.8 358.1 0.5 19 117.4 23.5 265.3 118.8
007830,1.0 14 205.9 30.0 497.5 374.3
007832,0.6 8 394.0 176.4 469.2 296.0 0.9 8 83.8 163.8 238.5 361.8 0.9 17 83.5 146.5 356.7 247.0 0.7 17 80.4 123.7 366.3 329.2 0.7 17 81.2 145.3 397.0 294.2
007835,0.7 8 346.7 234.7 498.3 333.3 0.8 14 175.6 114.0 205.6 173.3 1.0 19 137.0 90.7 258.2 195.4 0.6 19 212.3 202.3 267.5 280.6 0.7 8 208.5 205.2 335.8 332.1 0.9 8 379.5 141.9 479.6 242.0
007837,1.0 0 49.3 96.1 486.0 276.1
007839,0.7 13 50.8 3.7 439.1 319.5
007842,1.0 19 41.8 63.1 396.8 366.8
007844,0.9 6 0.5 34.9 397.5 316.7
007846,1.0 14 1.5 2.4 469.2 331.4
007848,0.8 13 101.6 60.9 430.6 338.6 0.7 13 193.7 61.2 429.8 338.3
007849,0.7 19 135.3 85.8 164.6 110.3 0.6 8 384.5 177.5 468.8 281.1 0.9 14 383.7 166.9 430.3 280.2 0.5 8 422.6 178.8 486.9 281.0 0.9 14 443.0 112.7 470.2 182.6 0.5 19 195.4 80.3 224.2 105.5 0.8 14 425.6 112.7 466.1 236.8 0.6 14 420.2 133.0 449.9 169.8 1.0 14 374.1 89.0 426.5 168.9 0.8 8 103.8 233.8 238.1 280.9 0.5 8 407.1 179.3 473.6 280.8
007850,0.8 3 102.7 4.4 473.9 245.5
007851,0.0 0 0.0 0.0 10.0 10.0
007852,0.0 0 0.0 0.0 10.0 10.0
007858,0.7 8 36.7 158.1 72.5 291.7 1.0 14 404.7 90.1 455.2 210.5 0.7 14 158.0 77.6 200.8 199.3 1.0 14 340.5 97.1 381.8 197.0 1.0 14 310.0 119.0 332.1 166.9
007860,1.0 14 139.5 97.3 270.3 288.9 1.0 1 88.3 187.7 321.3 343.2
007861,1.0 14 56.6 77.0 77.2 126.6 1.0 14 46.3 79.3 65.8 128.3 0.9 6 122.4 30.6 368.5 181.4
007862,0.8 14 136.9 45.3 258.3 153.4 0.8 14 185.1 95.5 280.5 373.6 0.8 4 424.5 51.7 437.3 87.1 0.8 8 311.0 118.2 495.2 374.6 0.7 4 477.6 43.5 498.3 86.4 0.6 14 340.7 101.5 421.7 221.5 0.8 14 47.6 94.1 282.6 346.9 0.8 14 37.3 43.9 154.9 298.7 0.7 4 422.0 52.6 434.0 86.7 0.6 14 130.6 51.7 297.2 220.6 1.0 14 119.9 97.2 281.3 357.9 0.9 14 37.0 51.9 297.2 315.0 1.0 14 164.7 44.4 210.8 122.0 0.7 14 99.1 50.4 296.4 316.0 0.9 14 104.6 44.7 155.9 150.5 0.9 4 459.1 51.8 472.8 89.8 0.8 17 110.9 116.2 496.9 372.4 0.7 14 293.0 101.3 423.7 271.7 0.5 14 138.4 43.9 225.5 157.6 1.0 14 229.0 82.0 353.6 374.8 0.6 4 409.4 55.6 418.8 85.8 1.0 14 250.2 99.7 421.4 375.1
007866,0.9 13 23.2 58.1 301.8 449.2 0.6 13 24.5 27.8 332.9 452.1
007867,0.9 7 1.4 32.0 497.6 284.2
007870,0.9 14 8.6 235.5 22.4 261.5 0.7 0 1.4 188.0 125.9 262.3 0.7 0 90.9 159.9 300.9 260.9 0.9 0 90.5 158.6 424.8 259.7 0.9 0 2.7 162.6 421.3 260.8
007871,1.0 14 90.7 99.1 330.4 375.1 0.7 4 19.7 333.7 76.3 374.8 0.8 14 7.4 75.0 193.6 304.6 0.8 14 1.7 75.0 190.8 374.6 1.0 14 253.5 60.1 499.4 374.3
007874,0.8 12 163.0 21.1 316.8 322.5 1.0 14 121.3 90.7 178.3 214.2 0.9 12 68.6 21.8 317.5 320.5
007875,0.7 11 0.7 32.7 335.1 471.2 0.7 11 0.8 2.5 413.0 463.4
007879,0.0 0 0.0 0.0 10.0 10.0
007880,0.9 7 33.0 55.4 438.3 264.8
007881,0.0 0 0.0 0.0 10.0 10.0
007882,0.8 14 159.1 55.1 178.3 94.1 1.0 6 426.1 83.5 499.9 175.1 1.0 14 69.4 49.4 90.2 95.8 1.0 14 41.0 61.6 66.7 106.0 1.0 6 51.5 88.4 456.2 262.5
007887,0.5 14 307.3 0.9 499.5 132.2 1.0 14 0.4 1.6 322.0 325.6 0.6 10 52.6 84.9 500.3 326.6
007888,0.5 14 262.9 58.8 430.4 332.7 1.0 14 62.1 80.0 211.9 241.1 0.6 10 1.4 190.2 499.6 333.5 1.0 14 263.2 59.1 427.1 229.1
007891,0.9 14 9.2 21.9 315.8 369.3 0.9 14 143.1 21.6 316.7 358.1
007892,1.0 14 178.8 97.3 296.4 480.4
007893,0.9 2 374.2 281.0 445.9 338.7
007894,0.6 16 272.5 132.8 333.5 187.8 0.6 9 133.2 182.7 301.9 319.4 0.5 16 20.3 142.9 104.0 231.9 0.6 16 336.5 135.1 419.0 190.6
007895,0.8 14 321.9 32.2 499.7 374.6 1.0 14 -0.3 55.3 286.6 375.2
007896,1.0 14 226.9 68.9 282.9 152.1 0.9 8 44.2 202.7 178.9 333.0 1.0 14 202.2 60.8 246.0 150.1 1.0 8 345.2 193.1 484.0 332.5 0.9 14 85.9 83.6 201.0 228.8 0.9 8 6.6 112.9 63.2 199.9 0.7 14 350.6 84.4 424.2 183.9 0.9 14 128.0 79.3 196.8 175.7 0.9 14 48.5 108.6 210.8 332.2 0.8 14 220.8 68.9 282.1 269.2 0.9 14 50.0 108.2 191.5 290.9 0.7 8 43.3 200.6 220.9 332.8 0.7 14 47.6 108.3 189.0 332.5 0.8 10 146.6 141.0 498.6 331.6 0.5 10 148.5 141.0 494.4 293.2 0.5 14 309.6 82.4 425.2 332.6 1.0 14 283.6 75.0 363.3 303.9 0.6 14 347.8 85.3 424.7 244.9 1.0 8 223.4 212.6 310.8 333.5 1.0 14 316.4 95.3 476.2 332.8 0.7 14 282.1 73.7 362.3 156.7
007903,0.7 14 361.1 105.6 499.9 253.7 0.6 14 429.5 109.2 499.8 250.3 1.0 14 0.6 68.3 182.4 374.8 0.9 17 101.4 142.3 498.8 373.6 1.0 14 358.3 105.4 458.6 253.2
007904,1.0 14 323.9 117.5 347.5 175.5 1.0 14 159.2 124.1 173.2 155.3 1.0 14 415.5 110.0 443.1 170.3 0.9 14 55.2 136.8 71.8 163.8 0.7 14 142.1 126.7 154.8 156.0 1.0 14 92.9 124.3 139.4 248.2 0.9 14 129.4 127.1 145.5 156.7 0.9 6 265.6 183.2 477.9 373.8 1.0 14 344.7 116.3 373.4 174.2
007906,0.7 6 206.6 10.0 268.3 57.3 1.0 6 392.0 27.4 443.2 57.0 0.9 6 263.3 13.2 299.4 48.5 0.9 6 469.2 39.3 499.6 106.8 1.0 6 1.5 8.2 231.5 151.8 1.0 6 417.3 29.5 495.1 72.2 1.0 6 284.4 16.5 340.4 50.1 1.0 6 65.0 64.8 478.2 280.7 1.0 6 317.0 23.1 402.5 58.4
007907,0.6 12 35.2 67.8 265.3 184.6
007912,1.0 14 411.0 181.9 450.4 287.4 0.8 6 442.0 171.8 499.9 246.3 0.9 5 88.4 74.0 498.1 289.7
007913,0.6 19 167.2 164.1 221.8 243.7 0.9 19 313.4 77.7 420.3 162.9 1.0 14 16.9 92.3 128.3 374.7 1.0 14 220.9 90.3 346.1 270.0 0.7 10 203.3 252.1 501.0 375.8 0.6 19 312.9 80.5 375.7 162.8
007917,0.6 14 134.9 111.3 357.0 374.7 0.8 14 287.0 86.9 500.0 374.4 0.9 14 129.8 111.2 233.9 374.3 0.5 15 78.8 1.5 142.9 74.5 0.7 4 28.1 174.4 195.5 376.1 0.8 14 189.4 55.9 368.7 307.2 0.9 14 23.9 109.0 230.4 375.4 0.8 14 135.8 67.2 499.4 374.7 0.9 14 135.3 56.1 366.3 374.3 0.9 14 229.9 90.5 500.0 374.2
007918,0.9 1 1.6 276.8 71.7 359.9
007922,0.6 14 268.8 58.4 305.9 170.4 0.8 2 219.7 204.5 249.8 253.2 0.9 2 217.9 248.5 281.4 311.4 0.7 2 193.2 248.5 282.1 313.9
007927,0.9 14 486.8 110.4 500.0 173.6 1.0 14 456.9 112.8 494.9 178.5 0.7 14 452.4 111.9 497.4 223.6 0.7 6 0.3 60.8 167.0 234.4 0.5 6 -0.1 62.0 160.6 337.1 0.9 6 1.1 68.2 481.9 373.0 0.8 6 139.5 69.2 480.0 287.6 0.7 6 141.9 70.4 481.6 351.0
007929,0.5 14 159.1 136.1 234.4 365.3 1.0 14 181.0 177.5 281.6 463.4 0.9 14 150.3 136.9 237.3 463.0 1.0 14 79.6 173.1 174.6 416.9 0.7 17 18.3 192.5 477.1 486.1 0.9 14 316.9 150.0 422.5 414.2 1.0 14 252.3 137.8 349.3 450.5 1.0 14 316.8 149.1 474.3 463.6
007930,0.0 0 0.0 0.0 10.0 10.0
007934,0.7 0 0.8 2.5 356.5 498.9
007936,0.8 2 156.5 57.3 481.1 451.5 0.9 2 20.1 57.8 477.3 449.9
007937,0.5 19 22.9 82.3 191.8 251.0 0.7 8 150.9 162.8 248.7 314.0 0.6 15 24.6 0.8 217.1 246.4 0.8 8 29.5 227.7 181.2 375.6 0.5 17 341.6 166.2 500.8 344.8 0.6 10 177.1 246.5 501.0 375.7 0.6 15 284.9 39.6 414.2 263.3
007938,0.6 7 23.5 75.4 432.2 274.1 0.6 7 274.7 79.7 498.3 264.9 0.6 7 14.6 61.1 497.1 275.1
007941,0.6 14 0.6 2.4 382.4 498.9
007942,1.0 14 342.5 151.1 428.8 322.9 0.9 12 93.2 29.0 244.1 253.7 1.0 14 327.2 64.4 401.7 175.8 1.0 14 307.1 149.5 424.6 325.7 0.9 14 308.2 149.2 369.7 322.4
007944,0.8 5 22.7 28.4 498.7 193.3
007945,0.9 18 90.8 112.4 427.8 281.0
007948,1.0 6 79.3 118.1 486.8 257.5
007949,0.8 5 178.8 177.3 291.9 301.1 0.8 5 2.0 158.1 195.8 353.8 0.7 5 277.2 177.4 399.0 294.3 0.7 6 385.6 184.7 485.6 277.0
007951,0.6 6 316.4 127.5 470.7 219.3 1.0 14 473.4 149.7 496.3 210.9 0.8 5 1.3 0.4 480.8 262.2 0.7 5 1.7 0.5 480.6 261.3
007952,0.8 3 216.8 86.0 333.3 305.3 0.7 3 217.5 134.5 333.2 306.6
007955,0.6 4 73.2 0.1 216.1 164.7 0.7 14 91.4 124.6 404.6 369.8 0.7 14 0.7 8.8 403.6 366.5 0.8 14 84.0 8.5 405.5 364.5
007957,0.5 14 98.9 91.1 237.6 332.1 0.8 14 128.2 90.7 213.2 212.9 0.8 14 1.7 141.9 133.0 299.4 0.9 14 1.2 139.2 131.7 331.2 1.0 14 97.4 34.0 394.9 331.8 0.7 14 187.5 32.5 397.2 332.4
007960,1.0 6 77.7 144.6 464.0 274.2
007961,0.8 6 395.2 171.3 499.3 258.4 1.0 14 161.9 128.8 237.5 332.1 0.6 6 54.9 162.3 172.4 247.8 0.5 13 222.5 196.3 499.3 332.0 0.6 6 321.5 154.8 426.7 194.0
007962,0.8 14 120.7 175.7 297.3 374.3 0.5 14 23.3 176.3 296.5 374.9 0.6 7 73.1 166.4 203.2 287.9 0.9 17 0.7 25.8 499.1 374.2 1.0 14 184.2 176.2 298.7 374.8
007965,0.9 14 355.5 123.0 388.4 175.1 1.0 14 18.1 86.9 279.4 500.6 0.9 14 358.2 123.5 388.1 157.3 0.9 14 17.2 87.6 341.6 500.1 0.7 4 206.8 122.3 356.3 375.8
007966,1.0 14 111.3 89.1 247.5 350.2 0.8 14 112.4 90.0 344.1 348.5 1.0 14 223.4 102.6 343.1 349.4
007967,0.7 19 180.2 125.3 262.3 210.0 1.0 6 191.7 49.2 326.7 117.9 1.0 14 64.6 17.0 120.5 198.8 1.0 6 400.5 68.4 472.4 114.4
007969,0.8 14 210.9 140.4 224.5 164.5 0.8 11 210.6 327.0 254.1 424.5 1.0 14 344.8 148.0 364.7 200.1 0.8 11 110.9 318.7 160.2 398.1 1.0 14 135.0 117.5 211.8 374.8 1.0 14 48.5 178.9 117.1 420.2 1.0 14 303.3 150.0 320.8 191.5 1.0 14 212.1 122.3 314.4 383.6
007972,0.7 12 3.8 62.2 286.2 282.0 0.5 14 107.0 59.4 263.9 263.1 0.6 14 106.2 59.4 211.3 149.1 0.7 14 7.2 59.4 270.1 279.3 0.9 12 2.9 49.7 468.0 281.3 1.0 14 299.8 36.7 403.8 143.5
007973,1.0 0 35.7 117.0 386.1 202.5
007975,1.0 14 379.9 202.4 458.1 286.1 0.6 12 2.3 16.7 363.8 359.8
007977,1.0 14 78.8 17.8 500.1 373.4 0.6 14 188.7 17.2 500.4 247.7 0.8 14 188.6 17.5 499.8 373.2 0.6 14 265.4 20.2 500.4 373.7
007978,1.0 14 248.6 104.8 330.0 206.4 0.9 13 254.8 142.5 314.9 224.8
007981,1.0 14 1.1 93.9 456.3 332.9
007982,0.9 19 210.5 98.6 261.1 152.4 1.0 19 48.5 92.4 109.6 143.7 0.6 8 363.2 199.2 479.8 280.8 0.7 8 255.8 151.1 331.9 217.7
007983,0.9 14 20.4 89.6 133.3 284.7 0.8 14 22.5 88.9 246.1 376.8 0.6 14 136.0 110.9 210.4 227.9 0.6 13 1.1 125.1 283.7 442.1 0.8 14 136.5 107.2 246.0 377.7 1.0 14 186.1 104.5 245.9 187.4
007985,0.8 0 1.2 1.9 498.7 297.4 1.0 14 227.8 103.7 306.3 329.9
007986,0.6 4 42.0 132.5 141.1 482.0 1.0 14 63.5 62.6 287.0 499.1
007988,0.7 14 121.1 326.4 161.4 374.6 1.0 14 257.7 33.4 500.5 374.6
007989,0.8 8 252.5 149.2 333.3 502.6 0.5 8 208.5 142.8 269.0 261.0 0.7 10 0.8 154.7 332.3 500.1
007990,0.6 18 1.8 63.2 464.0 288.9
007992,0.6 19 444.0 132.0 495.6 188.0 0.8 19 371.9 122.9 434.8 187.6 0.9 19 96.2 126.7 150.8 182.9 0.9 19 2.8 123.1 65.5 187.3 1.0 6 219.8 127.8 344.5 209.9
007993,1.0 0 3.5 97.3 484.2 249.0
007994,0.6 12 195.6 113.0 322.4 265.7 0.8 14 334.4 144.9 403.2 293.1 0.8 14 197.4 127.1 264.5 266.6 1.0 14 453.7 136.5 499.2 267.3 1.0 14 390.4 148.5 442.5 263.5 1.0 14 88.1 144.0 121.7 266.0 1.0 14 344.9 146.0 400.1 256.5 0.6 14 222.8 110.8 323.1 256.1
007995,1.0 0 22.7 116.0 442.2 217.5
008000,0.9 2 146.7 102.5 175.3 149.7
008003,0.7 14 145.5 5.7 381.8 211.5 0.9 13 13.1 6.5 488.7 285.2
008006,1.0 6 27.4 269.1 142.1 346.3
008007,1.0 1 136.3 2.3 453.7 308.3
008010,0.6 14 216.7 64.1 288.4 194.3 1.0 14 247.0 65.4 328.2 191.1 0.7 12 215.6 81.3 356.3 197.3 0.9 12 215.1 78.8 417.0 311.3
008011,0.9 7 25.3 20.8 252.2 250.3
008013,0.8 19 53.7 179.6 185.4 298.4 0.8 19 56.2 179.3 190.9 369.7 0.5 10 32.3 304.0 306.5 501.6 1.0 14 140.6 81.6 278.1 368.7
008014,0.5 14 189.6 142.4 236.6 194.5 0.7 14 184.3 13.3 376.2 250.1 0.9 14 235.4 11.5 375.4 230.9 0.6 10 1.1 219.5 375.4 501.3 0.8 14 233.6 13.9 375.0 372.4 0.8 14 233.6 11.6 375.1 499.9
008015,0.8 2 204.8 92.7 319.0 372.5 0.9 2 207.6 93.8 310.2 274.9
008016,1.0 0 10.1 80.9 449.9 206.6
008018,0.5 14 137.1 103.4 324.8 337.2 0.8 14 2.8 104.1 321.1 330.2 0.7 14 1.5 105.1 499.7 337.5 0.8 17 1.2 118.3 499.9 338.1 0.5 19 87.9 2.7 346.4 115.9
008020,1.0 6 11.9 201.6 131.9 293.4
008021,0.6 13 64.1 11.9 315.5 91.8
008022,1.0 14 174.5 91.6 281.9 332.0 0.9 4 183.6 250.4 248.7 333.0 1.0 14 0.1 23.5 273.7 332.5 0.8 14 1.5 21.7 231.0 331.9 1.0 14 288.4 7.9 500.0 332.3
008025,0.0 0 0.0 0.0 10.0 10.0
008027,0.9 12 25.0 262.0 151.7 497.9 1.0 14 63.4 117.5 171.4 411.9
008028,0.9 2 86.2 117.7 243.4 238.9 0.7 2 270.9 180.2 362.4 242.2
008030,1.0 6 92.4 76.2 378.9 235.1
008034,0.9 13 53.1 58.4 228.1 211.1 1.0 14 90.5 37.4 220.8 203.5 0.9 13 225.5 58.4 415.3 232.6 1.0 14 249.4 40.7 412.3 227.3
008035,1.0 14 131.7 355.3 158.7 383.6 0.9 14 56.6 362.0 71.8 390.5 1.0 6 307.8 368.2 375.1 475.9 0.8 14 18.8 359.2 42.4 414.3 1.0 14 16.1 362.2 42.3 445.0 1.0 14 55.9 203.9 79.2 253.9 0.6 14 97.2 335.8 112.8 371.4 0.6 14 127.6 360.2 166.7 487.5
008038,1.0 14 192.0 139.6 264.2 374.3 1.0 19 8.1 59.0 161.0 340.5 1.0 14 132.6 122.1 212.2 375.3 0.5 14 435.8 146.0 471.5 188.3 1.0 14 257.4 134.4 312.1 375.2 1.0 14 296.2 124.8 384.7 374.9
008039,0.8 8 41.0 283.5 186.1 374.3 0.6 15 122.9 231.0 151.8 266.0 0.9 15 322.8 224.9 342.1 258.2 1.0 15 121.6 179.5 174.5 266.4 0.8 15 233.7 199.8 279.8 257.2 1.0 14 45.3 188.5 82.4 295.2
008041,1.0 14 1.0 127.5 282.7 500.3 0.8 14 1.8 127.5 323.8 499.2 0.6 14 0.2 127.9 374.9 496.8
008045,0.6 8 239.9 12.9 463.5 156.9 0.5 14 330.5 2.5 498.7 134.0 0.8 10 21.1 45.0 463.9 379.6
008046,0.9 1 0.5 253.0 22.0 314.9 0.9 14 253.6 158.5 329.9 359.5 1.0 1 76.5 229.5 162.0 303.9 1.0 14 0.6 218.9 23.0 277.5 1.0 14 100.5 189.2 152.2 295.2 0.9 14 0.6 218.8 23.5 311.2 0.5 14 208.6 200.3 251.7 330.7 0.9 1 173.6 223.5 279.3 354.6 1.0 1 175.5 220.3 329.6 354.7 0.9 14 209.4 157.7 329.4 359.4 1.0 14 209.1 203.3 244.9 256.7
008047,0.6 6 121.7 1.0 163.4 97.0 0.9 6 147.5 0.2 328.6 175.7 0.8 6 94.0 0.6 141.4 66.1 1.0 6 254.3 25.5 374.8 292.8
008050,0.6 8 1.3 215.0 94.7 374.8 0.5 8 1.2 317.2 93.3 374.9 0.7 19 360.0 146.2 444.1 201.8 0.5 8 52.0 212.8 143.4 345.5 0.9 19 189.0 146.1 276.6 231.1 0.5 19 19.0 143.0 107.7 207.4 0.6 8 48.6 212.2 230.4 352.2 0.8 19 103.4 133.5 164.3 198.0 0.6 19 114.4 53.2 324.5 139.0 0.9 19 279.0 148.3 365.9 225.4 0.9 14 211.6 169.8 261.9 238.2 1.0 14 293.1 182.5 344.2 237.8 0.9 14 362.4 64.8 396.4 103.6
008052,1.0 14 199.8 38.9 241.9 151.4
008054,0.7 8 52.5 20.7 176.5 154.7 0.6 11 8.8 88.6 482.0 295.2
008055,0.6 0 307.4 91.5 325.7 106.3 0.9 0 305.3 129.2 323.1 142.7 0.9 0 271.7 120.1 290.0 132.7 0.8 0 290.8 151.2 310.6 165.1 0.7 0 315.6 145.2 334.3 159.9 0.9 0 248.3 121.7 267.6 135.1 0.9 0 259.3 139.0 278.3 153.3 0.7 0 294.7 146.3 329.3 172.0 0.9 0 317.2 71.0 337.8 87.9 0.9 0 303.5 97.1 322.8 112.6
008056,0.7 8 192.6 158.5 276.2 328.1 0.7 8 193.7 158.1 269.9 305.1
008058,0.8 14 361.9 292.0 500.0 375.5 1.0 14 0.8 52.4 123.8 374.7 1.0 14 158.8 69.7 275.2 375.3 0.6 14 408.2 292.6 499.7 375.4 1.0 14 362.0 72.0 475.5 355.7
008059,0.6 14 121.7 13.8 191.3 137.6 1.0 12 113.7 47.5 200.6 200.8 0.7 14 276.9 124.1 286.2 150.4 0.5 14 273.4 93.0 286.5 149.6 0.7 14 238.3 91.1 250.1 107.8 1.0 14 120.4 13.7 205.5 137.5 0.5 14 275.3 93.6 286.4 110.9
008065,0.0 0 0.0 0.0 10.0 10.0
008066,0.7 0 268.0 1.1 376.2 211.8
008070,0.6 4 109.1 62.0 160.4 120.1 0.5 14 10.2 130.0 70.0 313.6 1.0 14 10.5 128.5 107.0 320.8 1.0 14 1.0 34.0 344.5 499.0
008071,0.6 11 88.7 311.0 297.7 454.9
008073,0.6 19 153.2 117.5 274.4 212.6 0.8 8 162.4 209.8 281.5 375.1 0.8 8 309.5 275.2 440.4 375.3 0.8 8 53.4 234.1 150.5 374.5 1.0 14 85.4 54.3 161.9 316.6 0.5 8 247.7 275.4 440.3 375.5 0.8 8 162.6 208.7 253.1 374.1 0.9 10 195.3 221.1 468.9 374.4
008074,0.6 14 106.2 120.9 272.8 293.2 0.9 14 104.4 97.7 272.5 397.5 1.0 14 63.8 184.5 103.7 326.5 1.0 14 16.9 192.3 66.6 323.0 1.0 1 64.2 223.1 309.5 458.4 0.8 14 107.9 124.5 273.5 395.8
008077,1.0 14 322.2 97.3 499.7 374.9 0.8 14 270.0 160.2 410.7 329.1 0.9 14 248.9 158.6 407.4 356.0 0.7 14 193.3 102.4 216.9 129.3 1.0 14 0.7 111.1 133.7 286.8 0.7 14 3.0 100.3 488.2 373.7 0.9 17 1.2 112.7 499.6 374.2 0.6 14 103.5 98.8 492.3 374.2
008078,0.0 0 0.0 0.0 10.0 10.0
008080,0.8 17 0.4 67.9 499.0 375.0
008081,1.0 14 297.9 7.1 324.0 46.2 1.0 14 56.6 1.8 116.0 126.4 0.9 14 382.6 14.8 417.5 84.0 1.0 14 439.5 37.0 478.2 171.1 0.9 14 274.9 2.2 296.3 44.9 0.6 14 432.3 5.1 468.7 166.5 1.0 14 112.3 1.3 166.0 118.2 0.6 14 430.1 4.1 470.7 101.6 0.6 14 432.4 6.5 466.5 62.5 0.6 14 482.5 51.6 499.9 162.3 0.8 14 263.5 1.4 285.6 41.1 1.0 14 398.6 28.0 440.0 171.4 0.8 14 364.0 13.8 389.5 73.0 1.0 14 325.2 12.1 361.4 71.4
008088,1.0 6 0.9 225.4 32.0 258.8 0.8 5 50.8 1.5 499.4 373.9
008089,0.7 7 338.5 89.9 472.5 264.9
008090,0.7 16 359.2 130.2 387.8 152.5 0.7 16 433.8 154.3 479.2 197.6 0.6 16 459.2 92.2 489.4 109.6 0.7 9 122.6 173.8 355.2 343.3 0.7 16 13.3 121.9 45.9 146.4 0.6 16 359.2 99.8 384.2 112.6
008092,0.7 18 412.4 113.5 499.9 241.3
008094,0.7 14 -0.1 42.5 245.7 373.4 0.9 14 288.1 69.4 500.1 374.1
008097,0.8 2 161.7 59.9 351.0 318.6 0.9 2 162.3 60.1 351.6 259.7 0.9 2 164.1 59.8 428.2 317.7 0.7 2 159.7 59.3 424.2 240.0
008099,0.9 3 45.0 114.9 93.3 241.7 0.9 14 152.8 223.8 215.9 273.9 0.9 14 155.9 223.8 185.5 264.6 0.9 3 144.4 10.0 216.7 274.9
008102,1.0 14 213.6 114.4 333.8 288.1
008104,0.8 14 388.8 188.5 409.3 310.7 0.7 14 340.7 193.0 361.4 256.7 1.0 14 347.2 192.3 376.8 304.9 1.0 14 232.0 200.8 264.5 282.8 1.0 14 447.5 190.3 475.9 261.7 1.0 14 411.2 191.5 448.3 311.1 0.9 0 2.2 83.6 456.9 281.5 0.9 14 352.8 192.4 379.3 306.0 1.0 14 369.8 188.5 401.7 310.3 0.9 14 466.8 193.5 498.1 271.6 0.8 14 317.3 204.6 339.1 251.1 0.7 14 317.2 196.0 348.3 251.9
008109,0.9 12 71.2 130.9 262.8 310.7 0.8 12 254.0 131.1 448.0 268.4
008110,0.8 14 266.6 26.8 292.5 72.0 0.5 14 200.8 1.6 224.5 34.1 0.9 14 62.2 142.5 234.5 460.2 0.6 19 261.0 19.8 299.1 79.5 1.0 14 62.4 143.7 250.9 458.9 1.0 8 293.2 115.5 368.2 256.0
008111,1.0 14 78.7 191.3 178.0 476.6 1.0 14 236.1 89.8 343.7 455.6
008113,0.6 10 153.2 140.1 317.8 296.2 0.8 15 443.6 34.4 479.2 66.9 1.0 8 113.3 134.9 216.6 306.5 1.0 8 286.9 131.1 369.9 281.3 1.0 8 204.8 146.8 293.1 304.3
008114,0.8 19 117.8 62.5 207.9 217.6 0.9 19 233.9 58.2 316.5 197.3 0.9 19 353.1 38.0 498.8 253.9 1.0 17 88.4 189.3 413.4 359.2
008118,0.9 2 104.0 164.6 284.4 259.7 0.9 2 281.8 178.1 486.6 280.1
008119,0.6 19 162.9 174.9 278.8 258.8 0.8 15 78.8 272.7 171.1 378.4
008120,0.9 14 6.0 58.9 372.1 433.1 1.0 14 205.5 60.6 376.6 432.4
008123,0.9 2 195.1 130.4 301.5 177.6
008124,1.0 14 313.8 38.3 363.9 208.1 0.9 12 221.4 77.8 496.4 293.7
008126,1.0 14 282.9 25.1 408.5 188.4 0.7 6 86.0 179.2 437.9 332.1 1.0 14 142.6 156.1 185.5 198.1 0.9 6 79.9 156.7 498.8 331.3 0.9 14 286.5 24.4 469.8 300.6 0.5 14 287.0 24.5 498.3 330.3
008128,1.0 14 97.0 38.6 219.8 241.9 0.6 14 96.0 37.6 221.0 267.0 0.9 1 83.8 88.7 347.9 300.7
008129,1.0 6 88.5 127.4 327.8 318.6
008131,0.6 8 1.4 241.4 52.3 374.8 0.9 8 302.7 256.0 451.4 375.6 1.0 14 79.1 80.9 248.8 376.0 1.0 14 295.6 40.8 500.1 373.1
008133,1.0 6 98.8 138.1 416.2 344.1 0.7 6 189.4 163.1 416.9 343.4
008134,0.8 4 171.6 10.6 216.9 146.8 0.9 4 219.2 194.6 267.9 320.2 0.9 4 377.0 17.4 429.8 93.3 0.9 4 367.1 194.1 419.6 319.3 0.9 4 317.3 193.4 368.5 318.4 0.9 4 426.0 19.3 476.3 145.5 0.9 4 118.5 193.0 163.5 319.4 0.9 4 420.5 192.0 470.4 321.3 0.6 4 171.7 14.2 217.9 146.8 0.9 4 18.4 190.6 73.9 321.8 1.0 4 222.5 9.8 271.2 148.7 0.9 4 122.3 8.4 168.6 140.2 0.9 4 74.3 5.3 124.7 136.2 0.8 4 18.7 6.2 74.8 148.3 0.9 4 70.3 187.8 117.7 318.2 0.9 4 168.2 193.1 217.0 319.8 1.0 4 269.4 179.8 317.2 309.7 0.8 4 377.2 19.7 428.6 145.2 1.0 4 275.7 18.7 323.7 144.9 0.9 4 321.9 16.3 376.9 140.4
008135,0.9 6 470.9 22.0 499.8 67.2 1.0 6 3.0 1.9 473.9 373.9
008136,0.9 6 21.2 113.5 463.2 329.3 0.6 6 21.4 113.5 463.6 373.7
008143,0.8 6 217.4 181.0 348.8 251.8 0.7 6 214.3 181.2 351.7 310.3
008145,0.9 0 3.5 154.0 402.6 359.2
008146,1.0 14 147.1 383.8 172.5 468.6
008147,1.0 14 108.5 32.2 180.2 120.4 1.0 12 49.3 51.8 238.4 162.1
008148,0.7 2 129.1 30.0 378.4 374.8
008149,0.5 7 17.4 22.4 409.1 374.3
008152,0.9 6 0.8 91.7 73.0 195.1 1.0 14 427.5 88.9 453.6 160.1 1.0 14 12.8 86.8 49.5 208.7 1.0 14 213.2 42.2 342.9 374.2 1.0 6 81.0 81.6 452.1 317.4
008153,0.9 19 129.4 72.9 215.5 177.6 0.6 19 0.9 147.9 80.4 233.4 0.7 19 269.2 139.5 359.9 241.4 0.8 8 6.7 277.1 62.7 489.0 0.7 8 209.7 243.6 270.7 300.4
008154,0.9 18 1.2 121.3 499.2 255.4
008155,0.6 19 0.6 45.6 61.2 213.2 0.7 8 228.7 272.6 320.1 427.1 0.8 15 333.1 186.9 372.1 223.6 0.6 19 188.4 55.5 278.4 222.0 1.0 17 0.8 221.2 218.3 463.1
008156,0.7 15 63.6 147.0 194.5 315.7 0.9 8 1.0 3.7 66.5 103.7 0.7 15 233.2 135.8 265.2 211.3 0.7 15 231.3 97.0 264.9 213.3 0.6 15 63.9 97.2 192.2 317.3
008157,0.5 14 330.3 88.2 369.8 133.5 1.0 14 413.1 108.5 488.9 322.0 0.9 14 324.2 87.4 411.6 286.4 0.9 14 350.7 66.7 449.2 216.0 0.7 14 344.0 73.0 426.6 318.4 1.0 14 266.5 86.8 410.9 330.2 0.6 14 352.0 67.9 445.7 296.2 0.6 14 262.1 86.1 476.9 325.6
008158,0.5 5 61.8 33.0 182.2 124.7 0.9 6 -0.3 83.3 196.2 283.8 0.9 6 -0.2 80.6 194.6 374.5
008161,0.5 6 29.9 191.7 236.4 378.8 0.9 6 0.5 170.9 63.6 265.8 0.5 6 320.5 276.3 363.8 305.1 1.0 6 141.4 116.1 362.5 188.7 0.6 6 0.7 192.2 48.5 267.0 0.9 6 29.9 188.0 374.6 417.0 1.0 6 253.6 265.2 323.6 312.5 0.8 6 60.2 253.2 236.1 363.9
008162,0.6 17 0.7 162.8 355.5 375.9 0.7 17 1.1 102.1 361.5 371.0 0.8 17 127.4 101.7 359.4 281.8
008165,0.0 0 0.0 0.0 10.0 10.0
008167,0.9 15 116.0 153.6 170.0 270.5 0.9 15 119.3 208.5 169.4 268.5
008170,0.8 14 228.2 65.2 262.3 137.2 0.8 14 287.0 101.5 390.6 330.5 0.5 14 295.5 103.0 389.2 159.1 0.8 19 243.8 2.3 378.0 108.0 0.9 14 11.5 1.6 222.9 374.1 0.6 14 -0.3 1.4 195.7 373.9 0.8 14 293.9 101.9 390.4 247.5 0.9 14 166.4 66.7 192.5 96.4 0.8 19 244.1 2.3 379.2 107.1
008172,1.0 14 61.9 13.2 480.3 487.4
008176,0.8 11 107.7 137.6 292.0 321.9
008178,0.6 11 284.1 128.9 379.3 230.9 0.6 14 80.4 30.7 441.9 262.3 0.6 17 1.4 27.6 462.6 374.5 0.5 17 81.4 27.5 459.5 374.9 0.7 17 2.3 33.7 463.2 374.9
008179,0.6 8 386.7 138.1 441.6 357.8 0.9 19 85.8 3.1 383.2 221.3 0.5 19 83.7 2.3 385.3 353.8 0.6 19 42.4 154.4 85.9 222.1
008181,0.6 7 1.2 5.7 300.4 249.9
008182,0.7 14 194.8 93.4 224.2 130.7 0.6 14 114.8 85.4 137.1 138.1 0.9 7 99.0 125.6 449.7 247.7
008183,1.0 14 54.5 21.1 132.2 275.9 0.9 12 17.4 51.1 273.1 284.0
008184,0.8 8 175.6 171.0 270.6 477.2 0.9 8 105.7 374.1 200.2 499.9 0.8 10 95.7 332.0 254.1 499.8
008185,0.7 15 3.2 190.1 306.6 477.7
008187,0.0 0 0.0 0.0 10.0 10.0
008192,1.0 14 159.1 56.0 276.3 271.2 0.5 16 228.8 174.9 372.6 322.6
008193,0.8 2 179.1 98.2 356.1 215.5
008194,0.9 18 47.1 138.9 424.2 321.5
008195,1.0 6 1.3 21.9 52.8 70.0 0.9 14 37.2 0.7 349.6 274.5 0.8 13 1.3 1.7 451.3 375.5 0.9 14 35.9 1.5 354.5 375.3 0.6 13 0.5 75.5 449.4 375.9
008196,0.8 8 146.3 116.0 207.2 207.6 0.8 15 396.4 112.2 500.1 232.5 0.6 8 92.2 114.7 208.5 267.5 0.7 8 203.5 103.4 349.3 251.7 1.0 14 156.6 105.8 295.5 260.1
008198,0.7 8 1.6 0.6 147.3 217.9 0.5 8 1.4 1.2 297.0 332.2 0.7 10 1.8 25.8 497.8 332.5
008201,0.6 11 0.5 170.2 233.7 375.3 0.8 8 0.8 4.8 186.9 169.5 0.8 11 270.0 45.4 498.4 280.0
008205,1.0 14 141.3 21.9 180.9 133.0 1.0 12 93.8 68.4 225.6 181.4
008206,0.7 15 127.5 32.3 293.0 355.2 0.6 15 124.0 30.6 381.6 354.8
008207,0.6 14 4.5 240.1 170.6 402.7 1.0 14 160.9 36.3 240.9 193.0 1.0 14 145.3 261.7 314.1 401.4 0.8 14 224.1 263.0 288.7 346.3 1.0 14 298.4 309.3 362.9 399.9 0.9 14 347.4 239.9 472.8 398.3 0.7 14 273.4 268.8 359.5 399.5 0.9 14 147.7 269.3 224.3 394.4 0.9 14 376.7 14.7 494.4 200.3 0.9 14 209.7 41.9 360.1 196.0 0.6 14 4.9 88.4 115.7 402.7 1.0 14 28.4 241.3 163.3 400.6 1.0 14 109.4 48.4 176.9 192.5 0.9 14 5.5 89.7 149.9 401.4 0.7 17 1.5 86.2 499.9 352.1 0.9 14 209.0 36.8 401.3 291.3 0.9 14 361.7 16.1 499.3 367.4 1.0 14 273.7 269.8 329.7 359.2 1.0 14 309.6 239.5 476.6 400.1 0.9 14 296.6 36.3 399.0 193.6
008210,0.9 8 235.7 245.3 329.7 375.7 0.8 10 0.7 244.7 285.9 375.8 0.8 8 233.9 305.1 317.2 375.6 0.8 8 174.3 226.1 215.7 261.0
008212,0.5 5 157.0 205.8 234.0 248.9 0.5 8 0.6 99.8 75.6 248.0
008214,1.0 2 100.8 128.0 325.9 282.6
008215,0.5 11 171.8 127.9 353.7 398.7 1.0 14 81.1 132.3 180.7 404.2
008217,0.7 14 290.3 183.7 306.6 210.4
008219,0.9 14 94.7 99.9 203.8 160.9 0.5 14 147.5 115.6 201.9 162.4
008221,0.8 1 0.9 1.6 499.1 374.1 0.6 1 0.3 1.8 498.7 373.8 0.6 1 0.4 69.0 497.6 374.3
008227,0.9 13 324.3 139.5 454.8 332.2
008228,0.8 12 26.2 28.1 321.7 296.5
008230,0.7 13 40.7 105.6 431.1 321.5 1.0 14 115.9 123.0 144.5 170.3 0.8 13 32.4 74.3 431.2 321.4 0.7 13 2.2 85.2 430.5 323.5 0.8 14 98.5 139.9 121.2 185.2 0.6 13 1.8 114.7 431.0 321.7 0.7 14 58.4 141.0 85.3 198.2
008231,0.9 14 255.9 57.1 275.8 86.9 0.6 6 449.7 78.7 499.8 118.3 0.5 14 227.4 57.8 243.5 81.1 0.9 14 334.1 52.6 364.8 87.3 0.8 6 0.8 77.4 48.2 114.3 0.8 14 445.3 59.5 461.9 90.6 1.0 6 7.1 31.6 500.7 374.7 0.9 14 291.8 65.7 311.7 87.5 0.6 14 316.4 59.8 332.5 85.2
008233,0.7 14 388.0 43.9 420.7 83.3 0.6 14 391.1 42.2 424.8 117.8 0.5 14 138.6 209.3 262.6 292.6 0.9 14 117.4 49.9 409.1 330.9 0.9 14 118.3 49.7 499.0 341.0 0.6 14 114.0 50.1 409.4 371.9 0.8 14 363.7 42.9 426.4 112.5
008234,1.0 14 190.1 121.2 250.3 204.9 0.9 18 9.3 82.5 189.3 245.1 0.8 14 95.1 103.7 122.7 137.8 0.5 18 263.3 109.1 490.7 236.6
008237,0.9 14 231.4 170.6 260.0 243.9 1.0 14 327.4 165.4 346.1 222.4 0.7 6 0.9 182.8 245.8 299.7 0.6 14 223.1 176.6 253.7 245.9
008238,0.7 8 433.8 169.4 495.7 333.2 0.9 15 44.2 130.0 139.3 201.0 0.8 14 53.9 81.8 307.5 332.5 1.0 14 53.7 80.7 389.8 332.2 0.7 4 339.1 235.3 374.9 291.9
008239,0.7 14 53.0 54.2 234.8 286.8 0.9 14 42.8 54.7 232.5 338.2 1.0 14 219.0 40.8 386.0 262.9
008240,0.9 7 104.3 42.6 285.0 309.0 0.5 10 2.6 117.2 458.5 373.8 0.7 7 277.9 114.1 499.3 330.4
008242,0.9 13 1.6 36.7 414.6 374.5
008243,0.0 0 0.0 0.0 10.0 10.0
008245,0.7 8 1.8 223.3 203.9 375.2 0.6 8 1.9 225.3 149.5 374.7 1.0 14 25.0 169.3 87.7 298.3 0.8 4 314.4 223.0 388.6 307.4 0.6 8 397.7 200.3 469.3 303.4 0.6 8 10.2 249.0 197.7 375.1 1.0 14 313.4 153.4 367.0 251.8 1.0 14 207.3 149.6 262.4 236.3 1.0 14 96.2 153.9 177.3 224.5 0.7 8 43.1 242.0 215.9 374.2 1.0 10 66.2 213.8 500.1 374.6 0.9 14 313.4 152.5 383.1 303.1 1.0 14 261.9 160.1 318.9 252.1 1.0 14 359.3 162.3 430.0 294.3
008246,1.0 6 416.7 100.2 493.5 134.1 0.9 5 165.6 57.0 314.8 182.2 0.9 5 1.8 50.2 177.8 213.1 0.9 5 297.0 64.5 426.5 150.1
008247,0.7 18 0.6 12.9 498.7 328.5 0.5 18 3.8 13.0 492.5 321.6 0.7 18 2.3 15.7 495.0 321.1 0.5 18 123.4 11.2 494.9 269.1
008249,0.6 14 230.9 59.7 354.1 156.7 0.9 14 334.6 27.7 430.4 149.2 0.6 14 6.6 56.6 32.0 77.8 1.0 14 333.2 28.1 443.6 212.0
008255,1.0 1 39.9 227.0 214.8 422.0 1.0 14 43.9 115.4 191.0 350.4
008256,1.0 14 176.8 50.1 274.1 228.2 0.9 12 100.0 73.8 360.2 363.6 0.9 12 41.9 74.3 360.0 386.6
008257,0.8 8 256.7 1.3 358.5 116.2 0.6 10 29.8 45.5 399.3 298.4 0.7 10 31.4 68.3 398.9 299.1 0.7 4 204.5 146.1 242.9 226.9 0.7 8 258.5 7.5 339.8 97.5
008259,0.9 6 102.1 20.0 287.0 142.7 0.8 14 129.9 49.8 252.3 272.7 1.0 6 1.1 35.7 126.7 133.4 0.6 14 318.8 111.1 452.1 358.4 0.5 6 130.5 19.4 282.1 102.5 1.0 6 261.8 15.7 499.8 181.3 1.0 14 130.0 50.2 252.1 199.3 0.5 1 86.2 172.4 243.3 316.5 0.9 12 228.4 113.7 448.9 359.3
008264,0.7 5 55.8 80.6 480.5 340.9
008265,0.6 14 1.7 1.8 495.8 374.0 0.7 14 8.4 36.9 211.3 375.1 0.9 14 9.7 24.2 491.9 374.4 0.9 14 51.9 24.4 461.8 374.5
008266,0.9 18 6.9 91.7 424.4 296.1
008267,0.9 6 361.7 226.8 500.1 350.1 0.7 7 40.8 151.3 158.0 228.7 0.6 7 184.5 154.2 345.7 373.3
008270,1.0 6 27.1 10.8 483.4 421.0 0.6 6 53.6 10.4 481.9 373.9
008271,1.0 14 153.4 213.0 168.4 253.4 1.0 14 280.3 167.2 319.0 288.1 1.0 14 67.4 196.7 91.7 264.4 0.6 15 210.9 135.7 255.9 178.1 1.0 14 166.6 213.8 180.1 254.0 1.0 14 109.7 222.0 129.3 259.6 1.0 14 181.5 213.5 196.7 255.9
008273,0.7 13 29.0 226.1 371.2 498.2
008274,0.8 19 132.6 94.1 244.9 200.8 0.6 19 406.0 130.5 455.2 224.9 0.8 19 85.9 95.5 244.5 250.6 0.9 19 241.9 19.2 476.0 232.2
008276,0.5 6 359.9 187.0 455.7 226.4 1.0 14 103.8 61.2 498.2 374.5
008277,0.9 19 170.1 50.4 235.6 137.1 1.0 19 234.8 62.3 318.7 152.6 1.0 14 -0.9 35.6 245.2 300.2
008278,0.5 3 90.2 83.6 234.4 294.3 0.7 3 92.2 84.0 234.4 294.5
008283,1.0 6 78.3 97.5 419.1 254.9
008286,0.0 0 0.0 0.0 10.0 10.0
008287,1.0 4 278.3 204.5 347.1 375.9 0.6 4 61.6 269.8 98.2 339.2 0.9 14 78.9 87.3 278.4 311.0 0.7 14 80.4 87.2 282.3 349.9 1.0 14 174.4 52.8 499.8 374.2
008288,0.8 19 273.9 75.1 316.3 147.3 0.7 8 12.9 173.7 271.0 375.3 1.0 14 13.4 67.2 292.3 375.8 0.8 10 172.2 153.2 501.2 375.0 1.0 19 308.1 78.4 397.1 163.6
008289,0.0 0 0.0 0.0 10.0 10.0
008290,0.7 6 132.9 20.9 310.1 89.1 0.8 6 304.8 60.3 380.3 102.6 0.5 6 133.2 23.0 381.9 98.0 1.0 6 100.5 65.1 372.8 243.3 1.0 6 403.2 44.4 500.0 100.9
008291,0.9 19 286.0 165.4 368.4 281.2 0.5 19 150.4 166.6 214.3 236.9 0.6 19 432.6 200.8 499.8 287.8 0.7 19 439.5 129.7 499.9 206.7 0.8 19 145.7 164.8 216.3 263.9
008298,0.7 9 1.0 78.9 230.5 232.3 0.5 9 3.9 81.0 354.9 259.6 0.5 9 79.5 83.5 355.8 260.5 0.7 9 331.7 112.2 499.9 306.2
008303,1.0 14 206.3 43.3 315.2 236.7 0.9 12 55.0 88.1 402.3 333.4 1.0 12 56.8 86.7 401.8 393.4
008304,0.5 11 51.2 159.4 250.3 492.2 0.6 11 52.2 157.6 366.4 489.0
008305,0.7 2 144.2 91.1 461.4 370.8
008308,0.6 18 101.1 69.8 374.2 222.8
008309,0.5 14 0.8 63.2 342.6 375.3 0.9 14 1.5 63.5 392.2 375.1 0.5 1 168.1 69.3 499.6 203.6
008314,1.0 14 234.6 52.9 301.3 220.6 0.9 12 168.8 103.3 449.6 303.6
008321,0.7 14 2.6 27.7 327.7 437.3 0.7 14 1.0 27.5 225.0 498.2 1.0 14 1.7 27.2 325.5 497.5
008324,1.0 6 5.6 184.2 161.3 275.3 0.9 13 214.1 202.8 327.2 281.3
008325,0.5 14 177.5 73.2 260.1 374.1 0.6 14 246.4 93.5 425.5 331.6 0.5 14 24.4 66.4 390.1 374.8 0.9 14 20.4 65.8 268.6 375.2 0.9 14 22.4 63.5 197.8 375.3 0.9 14 246.2 94.4 428.3 373.7 0.7 14 186.8 93.2 499.0 373.2 1.0 14 248.8 95.2 499.6 374.1
008328,0.9 11 138.8 163.0 248.2 424.1
008330,0.7 4 218.7 378.4 256.2 499.3 0.9 4 176.9 393.8 212.7 499.6 0.9 4 1.1 282.4 54.1 472.9 0.6 8 128.5 48.1 292.0 274.6
008331,0.9 18 84.3 82.4 458.8 308.8
008333,0.0 0 0.0 0.0 10.0 10.0
008334,0.6 9 154.6 82.4 288.4 184.7
008337,0.8 5 0.7 31.3 499.2 368.0
008339,0.6 18 74.7 151.5 185.0 234.9 0.9 18 73.7 148.8 358.1 234.7
008340,0.7 4 229.7 254.4 400.8 375.3
008343,0.8 11 11.1 118.6 333.1 498.8
008344,0.8 16 339.2 203.0 412.6 265.4 0.6 16 64.4 105.3 117.5 154.7 0.7 16 1.1 102.9 43.3 143.3 0.7 16 195.6 125.8 232.6 165.4 0.8 16 262.4 144.2 290.6 177.4
008347,0.9 19 4.1 55.2 67.1 139.8 0.9 19 387.5 187.9 435.9 227.9 0.9 17 -0.3 170.5 203.0 288.3 0.5 10 114.0 221.9 498.6 333.9
008348,1.0 2 132.5 41.8 322.0 217.9
008350,1.0 14 123.5 137.7 167.2 310.1 1.0 14 171.7 129.0 232.5 373.3
008352,0.6 0 3.3 32.3 498.8 332.0 0.9 0 55.8 31.6 478.2 332.1
008353,0.9 6 4.8 76.1 79.9 117.6 1.0 6 148.7 114.5 338.1 183.3
008354,1.0 14 186.7 43.1 250.8 175.2 1.0 12 81.5 86.2 354.0 264.1
008356,0.6 11 139.5 10.1 437.1 273.1
008357,1.0 6 425.1 156.6 459.2 175.2 0.8 6 1.1 123.2 66.3 175.7 0.9 5 58.2 71.0 422.6 216.8 0.7 6 35.3 155.4 65.8 176.9
008358,0.0 0 0.0 0.0 10.0 10.0
008361,0.8 7 217.3 1.9 499.4 268.1
008362,0.5 14 188.5 33.8 305.6 125.6 0.6 4 32.2 85.1 195.9 309.3 0.8 4 133.4 83.0 256.2 326.3 0.7 14 191.0 0.5 317.0 123.3 0.5 4 181.1 82.2 257.9 324.8
008363,0.8 6 181.7 84.6 272.8 114.3 1.0 14 17.5 35.3 191.5 374.9
008366,0.8 5 47.1 11.8 451.7 351.7
008367,0.7 6 36.3 48.5 61.0 69.4 0.9 14 480.6 133.0 500.0 188.7 0.7 13 43.9 37.0 155.7 114.7 0.7 1 343.2 111.0 473.5 181.5 0.7 8 81.7 167.6 154.5 272.0 1.0 14 120.5 24.2 213.5 283.8 0.5 13 206.7 199.6 452.7 374.6 0.6 1 343.7 118.7 413.7 176.7
008369,1.0 14 324.0 198.2 367.3 234.8 0.8 14 324.2 197.6 369.4 259.2 0.7 3 326.5 230.0 367.0 260.4 0.6 0 4.5 36.0 480.2 215.2
008371,0.8 2 4.0 39.3 450.9 271.8 0.6 2 3.4 40.0 453.2 314.6
008373,0.7 3 141.6 118.0 223.3 170.1 0.7 3 293.7 134.5 348.3 165.3 0.6 3 289.9 136.4 309.2 165.1
008375,1.0 6 277.7 446.9 361.8 490.2
008377,0.7 14 256.0 1.5 500.1 374.2 0.9 4 0.9 1.3 139.7 327.4 1.0 14 168.3 1.1 500.9 373.8
008378,1.0 6 79.6 93.4 471.7 267.0
008379,1.0 4 324.9 2.1 456.3 317.1
008380,0.8 19 126.0 0.5 218.4 114.4 0.9 15 432.7 56.5 499.7 249.1 0.8 17 52.3 116.1 376.7 269.3 0.8 17 4.7 114.0 471.1 267.4
008382,0.9 15 25.8 8.7 143.7 114.0 0.8 4 191.0 53.8 218.7 100.8 0.9 8 231.4 99.5 324.6 231.9 1.0 4 165.9 26.4 191.6 104.1 0.9 8 137.2 118.9 233.0 206.4 0.6 4 217.2 171.4 287.7 257.5 0.5 14 445.6 88.0 495.6 140.1 0.9 10 1.2 129.1 499.9 436.3 0.8 8 1.2 151.6 71.2 255.7 0.8 8 300.9 97.8 373.8 197.8 0.5 8 299.9 97.6 354.9 201.8
008383,1.0 14 284.1 79.1 312.3 109.9 1.0 14 134.0 58.6 170.6 144.1 0.8 14 216.7 131.1 247.8 161.5 1.0 14 38.2 103.0 69.3 170.7 1.0 14 354.4 95.0 402.2 157.7 1.0 14 431.9 85.4 467.4 163.0 0.7 14 137.5 96.5 165.2 143.7 0.7 14 425.8 67.6 458.2 162.8 1.0 14 0.9 132.6 28.2 205.5 1.0 14 93.2 132.7 122.7 163.9 0.9 14 136.1 59.4 170.1 109.9 1.0 14 94.0 57.4 130.6 149.8 0.9 14 421.7 66.0 452.9 112.1 0.9 14 1.0 73.4 19.1 142.9 1.0 6 0.7 99.5 499.1 335.9 1.0 14 53.5 134.1 91.6 172.7 0.8 14 134.9 98.0 158.2 144.4 1.0 14 402.6 94.7 437.6 161.2 0.8 14 330.0 131.5 348.2 154.8 1.0 14 352.9 65.9 389.8 113.1 0.9 14 353.0 66.8 395.3 155.4
008389,0.6 15 437.1 35.4 484.5 87.2 0.9 15 434.6 1.8 498.9 87.6 0.6 15 9.1 1.7 366.2 374.4
008392,0.9 4 154.8 1.8 184.9 103.8 0.9 4 200.2 0.2 248.4 115.0 0.7 4 83.5 10.7 150.1 114.1 0.9 4 83.5 11.8 127.1 113.7 0.9 14 110.4 93.8 349.3 309.8 0.9 14 179.0 93.7 334.5 309.3
008393,0.8 2 40.5 82.9 499.9 374.5 0.9 2 204.6 80.5 500.5 373.5
008394,0.7 8 41.8 47.3 328.1 396.6
008395,0.6 19 102.9 39.1 206.3 94.6 0.7 4 216.5 38.3 281.0 271.2 0.8 17 217.6 56.4 494.6 263.2
008396,0.6 17 0.6 1.0 499.8 279.3 0.7 17 1.2 5.6 352.3 251.9 0.9 14 9.9 1.2 499.2 326.5 0.6 14 194.8 14.4 393.4 327.9 0.7 14 280.6 0.2 499.5 220.3 0.8 14 204.2 1.6 499.5 326.0
008399,1.0 14 181.5 108.3 319.9 297.7 0.5 14 122.2 109.4 323.3 298.3 1.0 12 78.2 135.7 432.0 477.3
008400,0.9 14 410.7 55.4 499.8 374.2 0.6 14 184.3 99.1 444.8 373.8 1.0 14 51.3 117.0 191.2 375.1 0.9 4 164.9 233.3 188.9 289.6 0.9 14 182.5 1.4 446.0 374.5 0.5 14 186.8 95.7 499.1 373.7
008401,0.9 1 223.3 92.9 406.4 245.9
008402,1.0 14 364.1 162.3 430.4 333.0 0.7 14 307.5 155.2 346.4 334.5 1.0 14 282.1 171.0 349.0 333.5 1.0 14 405.7 159.4 499.9 334.1 1.0 14 161.4 134.1 257.0 332.5 1.0 14 234.1 145.5 291.3 332.5 1.0 14 54.8 146.7 182.9 332.5 0.7 14 54.3 148.2 180.9 308.0 1.0 14 324.8 165.7 385.1 333.2 0.6 14 299.1 153.9 337.8 279.8 0.9 14 308.4 154.6 338.1 190.9
008404,1.0 19 181.5 74.1 331.2 200.7
008405,0.7 8 0.3 209.5 241.0 375.4 0.6 8 251.6 172.1 320.2 315.6 0.9 4 155.8 122.2 175.3 167.4 1.0 19 313.7 47.7 436.7 159.7 0.6 17 1.4 207.2 243.2 374.1 1.0 19 179.2 51.1 285.9 147.8 1.0 19 73.8 48.6 188.8 163.9 0.7 8 195.2 166.7 317.4 318.0
008406,0.6 14 440.0 291.3 458.5 321.0 0.9 5 134.8 257.9 318.4 335.7
008407,0.9 8 324.9 206.3 479.5 375.8 0.9 19 349.2 153.0 398.7 215.2 0.9 8 321.4 210.4 434.1 375.5 0.8 19 79.0 177.8 199.7 275.4 0.7 19 415.5 145.6 466.1 200.6 1.0 14 146.6 130.3 351.5 374.5 0.7 8 378.2 193.1 499.7 374.9
008408,0.8 6 0.9 73.0 88.2 226.2 0.6 6 -0.7 67.6 496.4 365.0 1.0 6 80.1 65.1 492.2 362.9
008411,0.8 4 57.1 36.7 122.2 340.4 0.8 4 6.9 144.7 70.0 337.4 0.9 14 6.7 1.6 309.0 374.5 0.9 14 68.5 1.8 307.2 374.6
008412,0.8 18 0.7 129.2 356.9 207.5
008414,0.7 4 416.3 113.8 437.9 161.9 0.7 4 441.7 93.9 468.9 161.5 1.0 6 78.0 75.1 470.1 334.4 0.7 4 395.0 80.3 417.4 143.7
008417,0.9 8 84.5 319.3 217.1 399.9
008418,0.7 11 358.8 175.7 500.1 341.9 0.5 16 427.0 39.2 457.6 61.7 0.6 14 31.6 0.9 333.2 251.9 1.0 14 2.9 2.4 334.0 374.0 0.7 14 2.5 1.7 499.6 374.1 0.6 11 319.7 75.1 446.3 260.6
008419,0.0 0 0.0 0.0 10.0 10.0
008420,0.0 0 0.0 0.0 10.0 10.0
008421,1.0 6 99.2 66.6 398.5 233.0
008428,0.9 19 169.3 14.8 313.2 148.0
008431,1.0 8 252.5 181.4 344.2 297.7 0.7 8 1.2 201.8 44.4 298.2 0.5 8 357.3 201.7 425.5 289.9 0.9 8 225.6 103.7 346.0 289.5 0.7 10 257.0 169.0 413.0 294.2
008432,1.0 6 52.7 243.5 313.9 433.3
008435,0.9 18 55.0 69.5 291.0 227.2 0.7 18 137.0 125.8 287.8 225.3
008436,0.8 8 1.8 206.0 99.3 374.1 0.5 4 47.5 38.3 150.1 200.5 1.0 14 117.2 22.6 348.7 374.5 0.9 8 146.2 148.1 306.8 375.1 0.7 4 298.2 79.3 311.1 117.0
008439,0.6 14 58.8 74.2 300.0 499.6 1.0 14 61.0 73.5 374.6 499.3
008440,0.7 6 42.8 46.8 498.6 275.0
008441,0.8 12 61.9 13.6 470.5 313.5
008446,0.8 8 291.7 373.2 369.5 500.6 0.5 8 57.1 285.7 100.5 452.4 1.0 14 90.6 42.2 279.2 332.9 0.9 8 5.4 378.2 78.3 500.0 1.0 14 109.6 207.6 283.3 467.8 0.5 14 90.5 41.5 282.8 460.7 0.5 10 47.2 438.4 364.2 500.0
008447,1.0 6 22.3 34.5 499.2 346.3 1.0 6 268.5 0.7 373.8 50.4
008448,0.8 5 377.7 253.6 452.6 327.4 0.6 8 224.3 222.9 257.3 355.3
008451,0.8 19 106.4 127.0 163.2 195.3 0.9 19 52.7 244.7 158.1 344.0 1.0 14 249.3 47.4 418.2 374.9 0.6 19 165.9 281.5 233.5 346.3
008455,1.0 14 106.7 223.4 156.5 411.8 0.9 14 83.8 221.4 119.8 411.2 0.9 14 83.2 221.6 120.7 359.5 1.0 13 73.7 233.0 266.6 420.0
008457,0.5 15 85.6 230.4 128.7 278.7 0.9 15 37.9 408.2 87.7 485.7 0.6 15 39.2 175.6 111.3 275.4 0.8 19 132.6 397.8 188.1 500.0 0.9 15 36.6 296.4 84.9 370.9 0.9 15 143.0 227.9 183.1 276.6 1.0 15 37.0 177.4 82.4 276.1 0.9 15 134.7 296.5 180.2 370.4 0.6 15 52.5 48.2 162.5 161.7
008458,0.9 4 103.0 327.4 124.1 374.7 0.8 4 19.9 340.7 41.1 374.9 1.0 14 102.0 68.3 232.5 375.6 1.0 14 235.3 64.9 390.7 375.1
008459,0.7 0 61.5 171.7 282.1 312.8 0.8 0 364.2 146.0 499.8 191.6 0.7 0 2.2 173.2 499.8 374.0 0.8 0 65.8 172.4 286.0 246.5
008460,0.5 4 145.2 119.1 216.5 334.1 1.0 14 148.3 17.1 430.1 332.7
008463,1.0 14 28.4 137.6 226.9 375.3 0.7 14 29.1 142.2 195.8 374.6 1.0 14 332.6 134.2 500.5 375.1
008464,1.0 6 345.4 291.3 382.3 319.5 1.0 6 305.6 289.5 355.2 327.6 0.9 6 145.0 283.4 176.8 304.4 0.9 6 75.4 285.5 101.8 304.6 0.7 5 142.2 270.3 183.6 303.4 0.9 6 38.0 287.6 68.3 304.5 1.0 6 186.1 286.4 211.8 306.0 0.6 14 254.0 281.6 266.1 307.0
008469,0.6 11 36.3 83.8 228.1 293.6 1.0 14 224.7 1.3 501.0 374.2
008471,0.9 19 93.5 65.3 154.4 152.8 0.8 19 90.8 228.5 147.8 290.7 0.7 19 119.5 165.7 155.9 217.0 1.0 19 317.0 156.5 401.7 255.7 0.6 8 235.6 255.3 282.8 302.5
008473,0.7 18 1.1 1.3 499.0 356.2 0.6 18 0.9 3.1 438.0 343.2
008474,0.5 8 0.4 105.2 164.5 499.2 1.0 14 98.0 25.9 318.6 367.1 0.6 4 173.1 360.0 227.7 501.8 0.7 10 203.7 225.6 375.4 501.6
008476,0.6 12 39.0 345.0 169.9 450.8 0.5 12 143.3 353.6 227.4 450.0
008479,1.0 6 449.2 165.1 499.9 224.8 0.9 6 406.0 165.5 458.7 207.8 1.0 6 136.2 106.9 403.9 269.3
008480,0.7 14 37.3 221.4 49.8 260.3 1.0 14 213.3 232.7 235.2 299.8 0.9 14 321.1 217.6 333.9 430.2 1.0 14 255.9 227.7 281.5 301.1 1.0 14 46.4 217.3 70.7 302.3 1.0 14 234.4 233.6 256.2 298.5 1.0 14 0.6 217.3 21.8 326.6 1.0 14 81.4 185.6 158.9 499.9 0.5 14 321.1 218.0 334.0 355.7 1.0 14 23.4 250.9 46.2 320.6 1.0 14 164.4 226.5 193.7 323.2 0.9 14 35.4 221.7 50.5 296.9
008481,0.0 0 0.0 0.0 10.0 10.0
008486,0.9 19 159.6 230.0 216.0 279.8 0.9 19 187.3 117.7 233.8 195.4 0.9 19 0.6 102.4 54.1 177.5 0.6 19 285.3 167.1 314.4 224.6 0.7 8 0.2 296.3 139.6 501.3 1.0 8 172.9 239.5 296.7 442.7 0.9 19 208.4 230.9 269.1 279.9
008487,0.7 15 437.4 197.4 483.0 239.1 0.9 15 439.4 148.6 476.5 183.9 1.0 14 12.7 1.4 487.6 374.1
008488,1.0 6 300.8 186.9 406.1 244.4 0.6 5 220.5 93.2 356.9 218.2 1.0 6 0.7 159.0 130.0 255.8 0.8 5 220.4 92.4 403.7 240.5
008489,0.6 11 82.3 58.5 261.7 376.6
008490,0.8 4 128.4 177.2 143.1 217.5 0.7 8 273.7 241.4 348.4 428.3 0.9 19 153.2 60.8 250.5 166.1 0.7 8 8.7 241.5 82.1 437.6 0.9 8 10.4 246.6 171.5 458.8 0.9 10 71.5 224.3 318.4 436.9 0.8 8 10.8 244.3 115.7 455.9 1.0 8 178.3 241.3 331.2 453.6
008491,1.0 14 127.9 137.5 172.7 276.5
008493,0.8 8 135.9 13.7 207.1 80.4 0.6 11 225.4 30.4 279.0 77.4 0.9 8 58.3 11.2 124.4 87.3 0.9 8 371.7 9.7 433.6 94.7 0.9 11 116.3 32.5 342.9 184.5 0.9 8 282.0 13.7 343.1 94.0
008496,0.6 4 168.3 220.2 207.5 338.7 0.9 8 0.6 285.3 112.7 477.9 0.8 17 126.3 251.1 334.7 453.0 1.0 14 176.3 107.0 275.2 456.1
008497,0.8 7 70.1 0.6 488.1 291.2
008500,0.9 18 17.4 39.5 424.5 195.4
008501,1.0 14 153.8 294.2 166.7 329.1 1.0 14 221.0 302.8 237.7 338.8 1.0 14 195.2 299.8 209.6 335.9 0.9 14 103.5 288.0 116.0 317.3 1.0 14 170.8 297.1 185.7 331.2 1.0 14 82.5 283.8 94.5 313.8 1.0 14 134.3 289.8 147.7 321.7
008504,0.8 6 64.9 1.0 116.9 28.7 1.0 6 339.6 122.7 441.1 195.3 1.0 6 293.7 69.8 370.8 125.9 1.0 6 437.0 57.0 499.6 112.6 0.7 6 428.6 42.1 496.5 91.5 1.0 6 231.4 30.9 314.2 96.6 1.0 6 147.4 152.8 305.9 237.6 1.0 6 321.1 59.1 391.9 113.5 0.8 6 152.6 87.3 239.6 140.9 1.0 6 101.3 64.3 179.4 113.2 0.9 6 184.0 0.8 232.9 23.3 0.7 6 47.2 6.5 82.1 44.3 0.9 6 308.0 14.3 356.5 45.3
008505,0.7 4 114.6 254.1 149.4 333.7 1.0 14 68.5 122.1 214.9 279.2 0.7 8 43.8 208.5 86.0 271.1 0.6 14 207.3 116.2 319.8 341.4 0.7 10 -1.5 253.4 438.6 375.8 0.6 14 304.5 104.4 407.8 314.7 0.7 4 155.0 243.3 212.4 331.8 1.0 14 205.7 116.7 316.1 307.9 1.0 14 303.9 103.9 475.1 374.2
008507,0.9 1 2.2 1.4 498.5 374.1
008508,0.7 2 42.1 42.4 343.7 409.5 0.9 2 42.7 43.1 350.3 499.2
008510,0.9 17 19.9 109.3 498.3 374.6 0.7 17 13.1 111.6 498.3 375.5 1.0 14 248.5 128.0 498.9 239.8
008511,1.0 1 8.5 18.8 493.4 325.5
008515,1.0 1 47.8 150.8 231.4 261.9
008516,0.6 8 96.7 1.0 499.0 373.5 0.8 7 152.2 41.2 499.9 282.8
008520,1.0 14 372.8 54.1 500.2 313.5 0.7 4 349.2 252.6 381.8 313.7 1.0 4 290.5 222.8 325.8 330.1 1.0 4 253.0 112.2 277.8 172.5 1.0 14 202.8 11.4 336.1 147.4 1.0 14 -0.4 52.4 206.4 356.1 0.9 10 1.6 126.2 499.8 375.4 0.5 14 373.9 54.0 491.0 145.1 0.8 4 321.0 105.6 346.7 163.1
008525,1.0 19 13.9 67.1 264.1 377.1
008527,0.6 9 1.2 139.3 52.2 293.6 0.8 9 82.0 107.9 242.5 217.5 0.6 9 306.7 112.5 499.6 274.9
008528,0.8 14 237.4 88.6 318.4 186.6 1.0 14 188.2 94.8 257.4 182.9 0.6 14 395.2 39.6 499.9 282.7 0.5 14 399.1 71.9 466.6 178.0 0.9 14 439.2 40.5 499.8 272.5 0.8 14 300.4 62.7 404.2 225.2 1.0 14 63.2 74.7 215.3 281.5 0.7 14 1.6 75.7 188.5 375.1 0.6 10 1.7 176.7 499.3 375.4 1.0 14 240.9 64.8 402.0 217.4 1.0 14 400.1 73.1 467.4 256.9 0.6 10 135.3 179.0 499.5 374.7 0.5 14 280.3 64.1 399.6 200.3
008531,0.5 6 0.9 141.7 38.8 174.1 0.9 14 231.7 133.7 258.9 158.6 0.7 5 163.4 73.5 336.0 264.9 0.9 14 188.6 136.4 206.8 159.4
008532,0.6 2 43.6 73.8 441.3 274.2
008537,0.8 14 384.8 208.3 425.9 307.9 0.7 14 48.8 214.8 82.7 324.1 1.0 14 347.1 189.1 395.9 312.3 0.9 14 473.8 197.8 499.8 280.9 1.0 14 401.7 186.4 452.6 305.0 0.9 0 1.3 13.7 500.3 307.2 0.5 14 476.5 196.4 499.8 306.8 0.6 0 224.3 12.7 500.4 297.6
008538,0.7 14 7.7 3.4 394.7 498.2 0.9 14 40.3 3.4 391.9 495.6
008539,0.9 4 423.5 18.7 499.4 185.6 0.9 4 313.1 44.5 392.0 187.6 0.9 7 31.4 24.0 498.5 330.8
008540,0.7 14 1.3 0.5 158.1 176.1 0.5 14 306.3 51.0 388.7 206.2 0.6 14 255.8 -0.8 429.2 206.0 0.7 14 187.2 33.7 412.6 331.6 0.9 14 184.0 37.3 419.1 207.2
008543,0.6 17 1.1 215.0 125.8 374.3 0.9 8 0.9 216.0 133.8 375.5 0.8 8 294.7 196.2 472.5 375.1 0.5 8 358.9 194.1 472.8 294.9
008544,0.6 14 2.7 1.7 498.5 374.0 0.8 17 1.9 26.7 498.9 374.2
008545,0.7 3 277.6 240.3 349.7 342.9 0.9 3 99.6 6.9 308.3 376.8
008546,0.5 6 1.0 169.3 134.6 362.1
008547,0.8 15 167.6 70.2 244.1 299.0 0.7 8 1.3 245.3 137.9 337.6 0.6 8 1.4 249.0 106.1 337.6 0.7 15 322.9 175.5 441.1 300.5 0.7 15 177.8 47.7 278.2 296.2 0.5 15 1.4 1.8 234.5 302.0 0.8 15 253.6 66.4 378.8 291.8 0.7 15 158.0 129.7 238.5 301.0 0.6 15 176.6 49.9 379.6 294.1 0.8 15 159.5 195.6 235.1 300.7
008548,1.0 14 372.3 16.5 396.0 88.4 0.5 6 428.0 11.8 499.6 120.2 1.0 14 381.6 14.4 403.5 87.6 0.9 6 431.5 19.6 499.8 104.1 0.7 6 220.0 0.8 376.3 108.2 0.6 6 225.5 25.8 378.2 112.3 1.0 6 50.8 34.7 472.8 328.3 1.0 14 401.8 6.6 437.3 112.4 0.9 14 25.2 13.9 41.7 66.4
008551,0.6 13 0.1 53.1 472.1 387.3 0.6 13 185.4 126.0 452.6 374.5 0.9 13 186.0 125.6 473.1 381.3
008552,0.5 6 0.1 242.8 254.1 403.5
008554,1.0 0 203.0 113.3 404.4 196.8
008555,0.9 4 273.8 391.8 297.0 456.8 0.8 0 10.8 99.8 397.3 460.3
008560,0.6 14 257.5 128.9 283.0 163.0 1.0 6 422.2 187.9 499.9 305.0 1.0 14 389.9 241.1 492.4 335.4 0.8 14 166.6 163.6 183.7 212.9 0.9 5 179.6 72.4 330.8 252.3 1.0 6 393.1 180.7 455.2 236.7
008561,0.9 19 22.6 89.8 141.9 216.9 1.0 19 139.9 54.8 326.0 221.9 1.0 19 324.6 55.8 500.3 237.6
008563,1.0 19 340.0 90.9 426.1 177.8 0.9 19 32.2 20.5 129.4 94.2
008565,0.8 2 72.3 128.3 178.0 459.5
008566,0.9 15 176.2 73.1 215.3 119.9 0.7 1 0.9 1.1 169.2 136.2 1.0 14 69.0 61.7 358.6 374.6
008567,1.0 14 127.3 6.3 293.4 499.0
008569,0.5 14 71.8 23.7 274.3 373.6 0.9 14 93.8 21.9 188.7 243.0 0.7 14 263.7 18.6 413.7 231.4 0.7 14 95.1 20.2 187.2 274.2 0.9 14 153.2 35.6 275.6 203.6 0.6 14 93.3 20.9 187.4 171.2 0.8 14 70.0 21.1 188.3 289.9 0.5 10 1.2 193.3 499.7 375.1 0.7 14 157.3 20.4 402.2 207.2 0.6 14 154.4 20.4 405.5 243.9 0.8 14 265.7 19.1 401.7 178.7
008570,0.5 10 0.7 159.2 314.3 500.3 0.7 15 106.0 193.5 275.2 499.7
008571,0.9 4 64.8 1.4 150.9 181.3
008574,0.8 14 114.6 175.0 220.7 490.3 0.9 14 65.1 176.8 220.6 367.5 0.7 14 119.8 175.9 219.5 338.9
008575,0.8 7 18.0 3.4 333.0 497.9
008577,0.6 6 162.1 7.0 253.1 80.8 0.7 14 339.0 6.5 499.8 373.8 0.7 6 414.0 10.0 477.0 79.1 0.8 6 94.5 1.4 252.9 83.1 1.0 6 308.4 3.7 376.7 68.9
008578,0.0 0 0.0 0.0 10.0 10.0
008579,0.9 14 193.3 164.9 208.9 194.9 1.0 14 202.5 181.2 245.3 324.8 0.9 14 79.0 161.5 109.0 211.6 0.9 13 51.9 186.6 210.4 305.2 0.9 14 54.7 162.4 73.1 201.4 0.8 14 72.9 162.1 95.1 212.3 1.0 14 158.0 160.2 174.4 193.8 0.6 14 71.5 161.5 98.6 228.8 1.0 14 246.0 179.7 299.2 335.4 0.6 14 71.8 161.9 92.3 215.9 0.9 13 299.3 204.3 476.7 316.4
008580,0.8 18 64.2 144.4 421.3 287.1
008583,0.7 4 339.2 150.9 362.6 231.3 0.9 4 406.5 166.8 429.1 239.9 0.7 14 106.7 -2.0 382.5 355.9 0.9 4 363.1 170.9 387.0 241.9 0.9 14 1.2 1.6 376.6 374.7 0.9 14 92.0 1.6 376.9 374.6 0.9 4 329.4 146.3 352.5 227.1
008589,0.7 2 178.3 91.2 357.3 191.4
008590,0.8 3 255.2 215.0 295.4 236.3 0.8 3 326.6 267.1 424.2 325.7 0.6 3 315.9 215.2 364.6 262.5 0.5 3 419.6 165.7 476.1 278.9 0.7 3 192.7 194.0 219.6 238.2 0.9 3 324.3 212.0 422.1 325.5
008591,0.8 4 190.2 16.1 223.4 123.9 0.6 4 134.7 13.1 184.1 141.4 1.0 4 101.1 10.7 132.9 119.0 0.8 10 0.4 25.9 332.8 500.9 0.9 4 255.6 0.8 292.0 99.3 0.9 4 7.0 170.0 94.7 402.7 0.6 15 119.7 262.6 304.9 399.0 0.9 4 221.3 20.6 249.9 115.3
008593,1.0 14 82.1 83.5 122.2 205.9 0.8 12 307.5 131.6 427.0 248.2 0.9 14 463.1 105.3 480.0 198.7 0.7 14 277.6 104.4 331.2 244.5 0.5 14 342.9 113.1 375.1 193.4 1.0 14 211.1 91.2 260.5 195.8 1.0 14 325.2 111.1 369.5 215.4 0.5 12 0.8 108.9 30.8 159.8 0.8 12 40.1 123.5 176.5 264.8 1.0 14 126.7 101.9 155.3 136.0 0.5 12 430.2 151.0 478.7 243.0 0.7 12 149.2 143.5 225.0 262.2 0.9 12 216.1 118.2 316.8 253.9 0.9 14 274.4 106.0 326.4 202.4 0.7 6 318.8 102.6 373.9 125.3 0.8 14 303.0 103.8 330.7 151.5
008594,0.0 0 0.0 0.0 10.0 10.0
008597,0.9 14 246.5 102.2 482.1 305.1 1.0 13 145.2 111.7 495.1 309.3 1.0 14 248.2 102.8 400.0 305.9
008598,0.5 9 295.9 146.6 469.8 316.5
008599,0.6 15 82.8 76.1 111.5 115.9 0.8 15 54.0 2.3 93.7 128.3 0.8 15 65.5 88.0 102.2 133.0 0.7 15 64.2 82.6 109.5 131.9 0.8 11 58.1 23.3 220.8 476.8
008600,0.5 15 115.3 0.7 215.7 118.6 0.6 10 2.3 96.6 493.4 335.5 0.5 8 267.2 15.5 500.8 334.3
008603,0.7 11 23.5 216.3 331.1 404.3 0.7 14 250.5 22.9 331.6 247.3 0.6 11 23.6 222.9 270.6 410.2 0.5 14 22.5 15.6 276.2 422.7 1.0 14 171.0 12.3 331.8 248.9
008605,1.0 14 118.4 82.9 158.6 143.2 0.8 12 125.2 121.8 189.4 226.2 1.0 14 235.8 82.3 274.7 142.3 0.6 14 117.6 83.6 157.4 187.2 0.6 12 51.4 130.7 128.9 166.8 0.7 12 142.0 127.3 191.5 225.8 0.8 12 209.2 130.2 298.4 229.4
008609,1.0 6 32.3 69.3 483.3 305.2
008611,0.7 8 110.5 156.0 224.1 235.4 1.0 19 357.5 61.7 459.1 139.8
008613,0.9 7 19.6 73.9 495.5 257.9
008614,0.7 8 53.5 195.0 141.7 320.2 0.6 8 357.6 144.6 463.8 296.5 0.8 17 118.2 176.5 324.8 300.3 0.8 8 246.1 201.4 336.3 330.7 0.6 8 1.1 264.3 71.2 332.3 0.7 17 120.8 174.9 356.3 313.7 0.7 8 358.8 143.2 459.6 273.9
008616,0.6 14 124.8 73.7 369.2 275.0 0.7 14 226.9 114.5 252.3 137.4 0.5 14 42.7 60.7 134.5 192.0 0.5 19 401.6 93.2 436.9 137.4 1.0 14 337.8 55.1 416.1 265.6 0.6 14 336.4 52.0 427.6 331.8 1.0 14 444.8 72.9 499.9 189.5 0.7 14 122.9 79.5 216.7 224.6 0.9 14 122.7 79.2 214.3 187.9 0.6 14 0.9 36.1 132.7 332.8 0.6 14 127.4 81.7 181.6 164.3 0.7 14 37.3 55.7 142.8 332.1 1.0 14 201.2 30.4 432.4 332.6 0.6 14 42.7 60.7 138.3 260.8 0.9 14 338.6 52.7 447.7 332.1 0.7 14 335.8 54.5 410.1 166.4
008619,1.0 14 463.5 20.1 499.7 198.8 1.0 14 284.4 9.5 346.3 104.4 0.6 13 51.6 51.0 308.2 328.4 0.6 14 0.9 91.4 60.8 320.9 0.9 13 52.0 27.4 447.5 327.8 0.7 5 224.8 0.4 380.9 53.3
008622,1.0 6 97.1 63.8 155.5 111.5 1.0 6 113.9 141.3 277.1 239.1
008623,1.0 13 55.0 195.5 282.5 343.0 1.0 14 139.0 163.9 220.3 348.6 0.8 6 232.6 201.1 276.6 229.5
008625,1.0 14 362.5 196.1 385.7 248.2 1.0 0 44.0 58.6 498.6 243.3 1.0 14 432.1 200.7 455.9 244.3
008626,0.7 14 384.7 130.5 405.6 155.1 0.9 8 368.3 160.9 430.1 234.9 0.7 15 439.8 124.0 499.7 306.1 0.5 8 7.5 219.2 157.2 333.0 0.7 8 0.8 219.9 105.6 333.2
008627,0.7 8 331.8 190.2 500.5 376.3 1.0 4 232.7 171.0 275.1 323.7 0.5 4 54.6 0.1 135.7 221.4
008629,0.0 0 0.0 0.0 10.0 10.0
008630,0.5 5 97.2 78.5 425.5 332.5
008631,0.8 2 317.0 155.1 377.5 212.1
008632,1.0 6 154.9 120.7 431.1 238.3
008634,0.9 14 250.0 232.1 276.5 269.4 1.0 14 415.2 124.6 469.3 275.1 0.5 5 117.3 0.8 379.3 373.9 0.6 14 280.7 232.5 314.4 282.0 0.7 14 306.6 231.1 331.2 272.3 0.8 14 281.9 232.3 311.5 275.4
008637,0.8 11 102.4 107.1 387.5 233.4
008640,0.8 14 402.5 221.3 446.5 267.5 0.6 2 33.5 35.1 187.7 231.3
008641,0.6 11 206.8 102.1 366.9 271.0 1.0 14 66.9 1.7 419.7 374.6 0.5 11 207.7 100.4 421.1 351.9
008642,1.0 14 2.9 197.7 24.3 253.5 0.7 5 22.6 124.0 466.5 292.1
008643,0.8 0 2.2 123.5 497.6 229.1 0.7 0 166.7 124.7 458.5 226.9
008646,0.9 8 198.4 54.5 278.9 294.9 0.8 8 -0.1 111.3 222.0 375.7 0.7 8 0.8 173.9 225.3 375.5 0.6 8 308.7 69.3 495.5 268.6
008648,0.6 13 17.6 249.3 80.7 332.7 0.9 14 21.8 184.6 103.5 333.4
008649,0.6 7 71.7 1.8 499.9 374.3 0.6 7 178.0 1.7 499.8 374.4
008650,0.5 8 92.6 118.3 354.6 374.9 0.9 17 6.0 24.6 497.2 373.7
008651,0.9 11 56.5 37.4 270.7 336.3
008652,0.5 14 169.9 52.2 364.7 499.7
008656,0.6 11 72.7 95.8 283.0 333.5 0.7 6 337.4 -1.2 474.1 171.0
008657,0.9 6 391.3 149.1 500.3 343.0 0.5 6 -1.0 140.4 298.4 335.7
008658,0.9 6 26.2 62.5 345.3 363.2
008659,0.8 19 125.2 35.9 395.4 201.0 0.6 19 122.6 36.8 388.5 282.8
008660,0.8 19 262.6 28.4 370.6 131.3 0.6 19 158.6 142.0 252.6 254.0 0.6 19 141.5 1.1 206.2 111.6 0.8 19 192.9 69.9 254.2 143.2 0.6 19 356.6 32.3 462.4 190.5 0.7 19 52.4 143.5 263.3 344.4 0.9 19 348.2 126.6 445.7 187.9 1.0 19 270.0 130.7 359.1 188.3 0.9 19 350.0 87.3 450.8 189.0 0.8 19 271.0 66.3 369.7 135.8
008661,0.7 18 2.4 77.8 422.5 236.0
008662,0.7 15 2.0 1.4 498.3 374.1
008664,1.0 14 65.7 75.4 306.2 498.6
008666,1.0 14 0.6 46.1 321.1 499.4
008668,0.8 6 -0.3 85.3 200.6 319.8 0.7 6 1.2 29.0 484.8 327.2 0.6 6 181.9 27.7 484.0 325.1
008669,1.0 14 336.5 163.8 374.1 248.4 1.0 14 161.2 162.3 208.1 250.7 1.0 14 448.4 148.8 484.2 260.4 0.9 0 1.5 94.3 499.6 256.3 0.7 0 90.7 93.2 445.7 263.7
008671,0.9 8 312.8 158.4 462.1 260.2 0.8 8 378.4 159.6 480.9 257.4 0.9 8 58.0 44.3 174.9 188.1 0.6 8 91.0 193.5 179.6 374.1 0.9 8 90.8 142.2 180.5 341.0 0.9 8 254.9 147.3 312.6 211.5 0.7 19 366.3 4.9 453.3 78.1
008672,0.8 18 34.0 160.2 308.9 190.7
008673,1.0 8 75.2 218.5 188.3 467.3 0.7 1 29.6 109.6 104.6 238.5 0.6 8 73.3 213.6 188.1 470.3
008674,0.5 7 77.8 70.9 499.3 374.2
008675,0.8 11 82.7 291.3 155.6 360.8 1.0 19 180.5 48.7 351.9 248.8
008677,0.8 18 4.1 33.4 483.4 277.3 0.9 18 9.3 33.6 483.1 274.8
008678,0.6 10 169.5 394.6 374.3 500.1 1.0 14 91.2 162.9 232.4 439.3 0.7 15 306.3 283.9 375.1 433.5
008679,0.6 18 0.3 133.4 161.6 281.1 0.6 18 201.7 89.8 498.7 265.2
008681,1.0 14 44.2 156.9 242.5 332.1 1.0 14 266.6 53.5 423.6 223.2 0.6 14 266.6 54.2 427.3 277.0 0.8 14 269.4 54.4 462.7 331.2
008682,0.5 14 75.9 39.9 139.5 199.2 0.9 14 45.4 42.2 142.8 145.7 0.7 14 46.7 49.1 92.5 196.8 0.9 14 79.0 40.6 142.2 129.1 0.9 14 45.3 47.1 143.0 202.8 1.0 6 66.1 94.3 489.3 263.3
008684,1.0 6 2.5 99.7 431.1 265.0
008685,0.0 0 0.0 0.0 10.0 10.0
008686,0.9 19 138.7 53.4 228.2 127.0 1.0 14 350.0 0.7 499.3 151.1 0.5 19 473.3 14.1 499.6 82.4 0.6 4 163.1 286.0 230.6 374.8 0.8 10 1.2 121.3 499.8 375.6 0.7 4 332.4 221.8 359.9 278.9 0.5 19 276.1 280.1 409.2 375.0 0.6 8 314.5 67.5 499.7 150.0 1.0 4 240.2 162.6 293.3 319.7 0.7 14 348.1 1.1 451.9 134.8 0.7 8 310.4 68.4 386.6 147.3
008689,1.0 14 191.0 1.0 248.3 116.4 0.7 13 1.1 37.3 97.9 123.6 0.8 14 394.2 1.3 424.9 99.3 1.0 14 129.0 30.5 183.8 111.1 0.9 13 412.9 22.3 499.3 98.4 0.9 14 407.4 6.8 439.1 98.2 0.9 13 86.5 41.9 357.8 268.2 1.0 14 356.5 0.9 397.9 105.1 0.8 6 53.7 1.0 179.7 41.8 1.0 14 155.3 16.2 373.0 256.6 0.5 13 1.3 33.2 99.6 122.9 0.5 13 83.7 24.1 363.6 267.3 0.8 6 245.7 0.5 363.2 48.8
008693,1.0 6 36.7 82.8 499.1 332.4
008694,1.0 6 382.2 167.0 499.5 240.7 0.8 13 179.5 137.4 242.5 196.2
008696,0.9 18 11.0 72.5 498.6 292.5
008697,0.8 10 0.8 137.8 375.0 500.3 0.9 4 210.6 19.0 310.9 493.7 0.9 4 211.7 120.9 314.5 495.9
008700,0.8 14 145.9 68.3 213.4 127.4 0.7 14 0.9 66.6 214.5 223.6 0.7 14 1.5 66.9 267.2 374.9 0.8 14 12.5 63.0 497.5 374.8 0.9 14 266.0 61.2 355.6 134.2
008703,0.5 6 125.4 28.1 400.8 343.0 0.8 7 192.0 76.4 484.5 364.0
008704,0.7 14 236.6 140.4 253.7 181.2 0.6 3 239.1 147.5 294.6 182.7
008705,0.6 11 120.3 77.8 365.5 266.2
008707,0.9 19 150.2 118.7 301.5 241.8 1.0 19 4.1 130.1 139.3 253.3 0.9 19 314.2 100.8 497.6 236.5
008708,1.0 14 121.2 177.0 252.8 375.8 1.0 14 259.5 167.1 399.3 376.0
008711,0.6 6 176.0 5.9 499.5 172.4 0.5 6 18.4 101.9 432.4 315.2 0.6 6 15.3 73.9 471.7 312.7
008712,0.8 18 118.4 116.8 499.8 266.6 0.8 18 114.7 117.8 433.9 255.9
008714,1.0 0 14.1 66.7 480.4 293.6
008715,1.0 6 77.1 128.3 307.9 251.1 0.9 14 435.7 262.5 499.1 333.6
008719,0.8 4 150.4 62.5 267.8 314.5 0.6 4 382.0 241.3 443.4 351.6 0.8 4 316.4 -0.7 466.4 211.6 0.6 4 27.5 254.4 111.6 342.1 1.0 14 114.4 1.0 388.6 264.7 0.5 14 112.8 0.2 461.8 269.2 0.7 4 315.4 -0.9 465.0 258.8
008721,1.0 14 0.6 57.5 219.8 298.6 0.6 17 0.5 70.9 496.6 374.5 0.6 14 197.5 68.1 484.1 327.8 1.0 14 299.5 68.8 491.7 374.4
008724,1.0 6 265.3 85.2 462.5 213.7
008726,0.9 6 -1.8 78.0 266.7 487.8 1.0 14 260.2 2.4 482.1 499.8
008729,0.8 14 211.9 119.7 268.2 187.7 0.9 4 328.3 163.5 381.7 311.6 0.5 19 47.6 82.2 175.9 214.4 0.6 19 86.4 234.2 207.5 365.1 0.7 19 215.9 213.8 322.6 316.5 0.7 19 200.8 102.6 296.4 209.8
008734,0.6 6 83.0 41.3 290.6 180.1 0.8 13 12.0 1.4 499.0 372.9 1.0 14 57.3 23.0 76.3 66.3 0.8 13 13.1 39.0 498.2 344.3 0.7 13 99.9 152.9 496.0 375.0
008735,0.6 1 0.8 278.7 47.2 320.1 0.9 15 154.5 232.1 185.1 264.9 0.9 19 348.3 196.0 438.9 289.8 0.9 19 337.6 64.8 424.7 162.7 0.7 1 314.4 267.6 386.7 312.9
008736,0.6 19 412.8 89.3 499.8 167.3 0.6 18 347.2 86.7 500.9 283.7
008737,0.8 7 66.6 1.8 487.5 332.0
008740,0.7 7 28.3 1.3 499.0 332.3
008743,0.7 18 185.7 173.7 259.4 263.5
008745,0.7 13 22.6 204.7 120.9 326.6 1.0 14 55.7 149.9 125.0 279.3 0.6 13 23.3 165.9 128.6 325.6 1.0 14 235.6 147.2 307.9 264.8 0.7 14 234.8 147.3 316.0 375.6 0.9 13 205.1 242.0 312.6 374.9
008746,0.9 2 53.0 64.0 114.4 210.9 1.0 2 145.4 69.0 197.7 222.5 0.7 2 55.3 62.6 111.3 144.6 0.6 2 53.4 62.6 115.2 249.9 0.9 2 224.1 83.3 379.1 242.4 0.7 2 134.6 213.6 292.5 327.1 0.6 2 228.3 83.0 381.2 194.6
008751,1.0 14 236.5 141.6 263.8 178.2 1.0 14 362.6 77.3 456.1 310.8 0.6 14 45.0 146.5 78.2 235.1 1.0 14 52.1 147.0 78.7 189.5 0.6 14 1.0 231.0 29.7 297.6 0.5 8 0.9 329.8 103.4 374.7 0.7 14 73.3 145.8 110.1 221.6 0.9 14 364.3 77.1 457.0 189.5 1.0 14 143.6 271.7 263.0 367.0 0.6 14 1.3 162.5 58.9 250.2 0.6 14 83.3 136.6 257.4 265.0 0.7 14 236.0 267.5 348.4 375.2 1.0 14 114.2 146.4 139.0 173.4 0.8 8 100.3 335.5 242.0 374.9 1.0 14 217.3 202.0 265.1 255.7 1.0 14 78.7 146.3 107.7 191.8 0.6 10 1.2 223.3 499.8 375.7 0.9 8 266.9 329.9 398.1 375.1 0.9 14 19.3 150.8 50.0 192.2 0.7 14 138.3 156.7 203.8 263.4 1.0 14 273.3 265.1 367.6 352.0 0.6 14 137.5 273.8 275.5 375.3 0.5 19 316.0 132.6 366.0 179.2
008754,0.8 8 1.8 216.9 74.9 308.9 0.5 15 257.7 153.2 334.9 325.3 0.8 19 155.4 90.4 201.7 144.3 1.0 8 109.1 183.9 168.6 268.2 0.5 8 17.9 165.6 79.3 290.4 0.7 15 229.0 171.2 271.6 316.7 0.9 19 35.9 89.7 86.6 161.6 0.8 10 2.2 183.4 113.5 307.1 0.8 8 25.5 167.5 107.7 278.4 0.7 8 34.3 166.7 104.9 259.9 0.8 15 223.9 156.5 288.7 317.9 0.6 8 27.5 168.1 85.2 247.3
008758,0.6 9 108.0 154.8 287.0 292.0 0.7 9 175.1 106.7 240.6 173.1 0.7 9 25.7 139.6 131.9 216.1 0.5 9 199.4 59.4 252.6 86.8 1.0 14 343.3 50.1 454.3 318.7
008761,0.8 4 193.9 10.7 224.8 96.6
008762,0.6 15 31.5 187.5 85.5 292.3 0.6 17 0.3 275.0 81.6 375.1 1.0 14 86.9 117.1 236.8 498.2 0.6 8 107.1 275.7 184.5 499.4
008763,0.0 0 0.0 0.0 10.0 10.0
008765,0.9 14 163.7 107.5 226.2 202.2 1.0 14 384.0 116.5 485.2 349.9 1.0 1 114.3 181.1 232.2 299.0 0.5 1 155.5 190.9 243.7 299.2 0.8 1 115.2 179.5 281.8 299.9 0.8 14 156.8 106.7 240.1 276.6 0.5 14 171.2 109.7 234.6 276.5 1.0 14 1.1 25.5 41.8 83.2 0.9 14 149.2 123.4 180.4 183.4 1.0 14 304.8 151.2 400.3 290.8 1.0 14 209.9 125.0 291.1 315.6
008767,0.9 7 174.5 95.9 431.1 314.8
008774,1.0 14 99.3 95.2 243.5 375.4 1.0 14 235.4 165.7 324.2 375.7 1.0 14 313.1 94.3 428.4 374.8
008777,1.0 6 50.4 89.1 436.7 275.5
008778,0.6 14 1.6 1.2 186.8 150.0 1.0 4 367.7 0.8 428.1 137.3 0.9 14 0.7 2.3 183.5 373.4 0.6 4 269.5 11.7 296.9 78.4
008779,0.8 19 347.5 152.8 478.4 342.8 0.8 8 109.3 182.7 199.1 371.7 0.6 8 237.0 195.2 302.1 373.6 0.8 8 45.4 148.1 202.3 372.2 0.7 8 1.8 149.9 181.5 374.9 0.8 8 5.9 183.9 185.8 375.7 0.5 19 99.5 0.9 185.0 56.2 0.6 14 219.4 115.3 376.4 374.6
008780,1.0 14 437.6 217.7 499.6 334.0 0.7 14 21.9 89.4 259.3 281.5 0.7 14 22.1 89.0 174.5 255.0 0.8 14 -0.1 89.0 260.3 333.4 0.8 14 1.7 92.9 406.4 332.9 0.7 14 151.0 93.5 263.0 280.4 0.6 14 152.1 94.1 410.0 332.7
008781,0.0 0 0.0 0.0 10.0 10.0
008782,0.8 5 131.2 127.9 383.5 269.2
008785,0.5 6 1.7 62.1 201.0 146.9 1.0 14 71.7 49.6 115.6 161.1 0.6 6 1.4 59.9 195.5 166.0 1.0 6 0.8 42.5 433.6 375.0
008786,0.9 14 195.9 158.0 218.8 188.9 0.6 12 379.0 118.7 499.6 221.7 1.0 14 54.8 148.4 84.5 211.6 0.8 14 199.7 148.4 217.2 174.3 1.0 14 228.7 132.9 273.5 201.3 0.9 14 118.1 151.7 143.6 180.2 1.0 14 422.4 116.0 456.9 195.0
008787,0.9 7 181.1 43.9 490.2 346.7
008788,1.0 6 383.2 275.0 500.0 443.0 0.5 5 38.0 172.4 352.4 358.6 0.8 5 38.6 171.0 413.2 371.7 0.9 6 6.7 273.1 71.8 312.3
008789,0.8 18 3.7 54.5 394.7 282.9
008791,1.0 0 9.8 113.5 490.5 223.7
008792,0.6 7 0.4 14.9 380.9 375.1
008795,0.7 7 0.9 123.7 367.6 306.1 0.9 14 284.2 1.7 436.5 276.7 0.6 14 249.2 1.5 442.5 304.1
008797,0.9 14 144.5 13.5 169.8 38.9 1.0 14 47.8 8.8 111.8 91.0 1.0 14 0.7 68.1 41.2 119.0 0.8 6 1.5 1.9 498.9 373.7 0.9 14 2.6 35.2 30.1 81.2 0.7 14 93.1 22.9 124.8 66.8 0.6 6 -0.8 2.4 434.4 373.2 0.8 6 1.2 66.7 428.9 374.9 0.9 14 95.6 22.5 138.2 66.1 0.9 14 35.6 29.9 61.4 92.7
008798,0.8 5 202.0 174.6 262.1 266.5 0.7 5 255.8 76.4 488.8 366.1
008800,1.0 6 36.0 8.9 406.8 307.2
008802,0.8 12 83.0 28.0 225.1 211.5 1.0 14 121.0 13.2 220.7 117.0 0.9 12 95.0 52.6 225.5 211.4
008803,0.8 8 350.7 300.2 432.1 375.2 0.7 15 110.4 55.8 135.3 89.7 0.8 17 4.1 190.3 179.6 309.5 1.0 17 183.0 189.4 432.8 360.8
008804,1.0 14 114.4 10.3 184.9 130.0 0.9 14 99.8 10.1 190.0 161.6 1.0 12 93.4 55.2 206.3 205.5
008807,1.0 14 161.5 37.6 195.3 92.6 0.6 14 158.2 37.1 196.5 132.5 1.0 14 254.9 77.1 321.4 203.7
008808,1.0 14 111.7 25.9 184.9 196.9 1.0 14 34.3 19.8 123.3 200.1 1.0 14 182.6 44.3 263.2 200.0
008812,1.0 14 11.2 199.8 345.5 375.3
008816,0.8 14 32.7 55.4 459.3 373.0 1.0 14 123.4 54.2 459.9 373.8
008818,0.8 14 0.4 41.0 233.0 375.3
008820,1.0 14 147.8 174.7 274.1 398.9
008821,0.9 8 80.0 207.8 185.8 254.0 0.8 10 44.5 250.8 500.2 375.7 0.9 15 223.8 200.6 313.9 262.6
008824,0.9 6 328.9 124.1 379.6 151.7 0.9 6 374.2 119.4 439.3 157.0 1.0 6 374.8 271.5 500.0 377.9 1.0 6 456.6 139.9 499.9 170.6 0.8 13 87.6 187.2 241.5 332.0 0.9 13 92.0 224.1 245.3 331.4 1.0 6 126.6 146.1 210.5 210.6 1.0 6 210.5 146.2 325.6 209.0 1.0 14 127.4 192.7 207.6 306.6 1.0 6 309.9 147.2 423.8 209.1
008825,0.9 0 143.7 129.4 397.0 211.2
008827,0.8 11 95.0 171.1 174.7 255.0 0.5 11 14.1 139.0 176.0 251.8 0.9 11 210.7 165.9 401.0 269.6
008828,1.0 6 116.9 108.0 148.7 136.4 0.9 6 107.1 128.0 140.9 156.7 0.9 13 187.1 359.6 227.8 442.8 1.0 6 89.1 226.6 154.2 291.4 0.9 6 93.6 148.7 134.5 181.9 1.0 14 190.0 336.1 230.2 400.6 0.9 6 88.9 182.7 138.0 226.9 0.9 6 140.5 92.0 167.7 118.2
008829,1.0 14 160.7 44.1 216.2 104.0 1.0 14 76.6 31.6 121.1 115.7 1.0 14 448.9 15.8 499.8 220.6 0.9 14 427.0 47.8 466.9 206.1 0.9 14 381.6 59.9 403.4 121.8 0.9 14 428.8 49.1 464.2 106.4 1.0 14 131.4 74.7 161.1 106.4 1.0 14 390.6 59.9 422.3 134.1 0.7 14 455.5 35.5 485.1 100.5 1.0 6 34.7 61.5 407.3 250.9 0.8 14 391.8 60.1 427.6 203.6 0.9 14 355.1 61.5 388.6 113.4 0.8 14 382.5 59.5 402.2 92.3 1.0 14 355.3 60.9 386.9 102.5
008830,0.9 7 74.8 122.3 263.3 255.1 0.8 10 74.3 156.6 498.5 374.7
008832,0.9 2 209.9 161.4 286.7 233.2
008834,0.8 17 2.8 96.2 477.9 276.2 1.0 17 1.4 95.7 480.1 374.1
008839,0.9 1 1.7 135.8 186.6 333.4 0.7 14 16.7 14.1 68.1 231.0 1.0 1 294.4 142.3 453.9 324.1 0.6 14 67.2 151.9 160.2 290.1 1.0 14 99.7 47.6 226.9 248.5 0.6 14 332.9 54.2 428.3 272.7 1.0 14 333.6 54.7 452.1 312.6
008842,0.9 2 205.3 108.1 263.9 165.8
008844,0.6 14 23.8 71.7 263.9 389.7 0.7 14 1.1 61.7 257.5 500.3 1.0 14 1.2 73.0 297.8 499.8 0.6 10 13.5 267.1 369.3 501.4 0.9 8 100.0 170.5 339.3 499.7
008845,0.9 14 59.6 20.0 353.7 345.4 0.9 14 58.0 18.6 452.7 350.0 0.9 13 38.0 80.3 454.2 363.4 0.5 13 37.7 102.4 453.7 363.4
008846,0.9 7 191.4 96.3 442.2 256.5
008850,0.5 15 171.0 20.4 303.9 179.8 0.9 15 72.0 146.9 269.6 324.6 1.0 15 289.6 4.9 403.2 143.1 0.9 15 171.1 19.3 322.6 223.3
008851,0.9 19 106.4 70.1 249.4 227.2 0.5 19 39.1 0.7 91.3 111.4 0.9 19 37.2 163.4 119.7 273.0 0.7 19 107.3 71.6 253.2 232.5 0.5 4 108.7 312.1 157.3 374.5 0.7 19 337.3 41.5 499.4 229.8 0.9 19 273.1 114.7 322.1 199.2
008852,0.9 13 2.7 3.8 488.5 300.2 0.6 13 2.7 50.0 489.9 295.0
008853,0.6 12 119.1 197.1 330.9 326.9
008855,0.0 0 0.0 0.0 10.0 10.0
008857,1.0 14 93.3 26.5 323.3 374.7 0.6 14 288.3 44.5 499.8 374.1 0.6 14 93.0 25.6 321.3 316.5 0.8 14 94.9 34.8 499.8 375.0 0.6 14 175.4 42.4 500.1 374.4
008860,0.8 7 0.0 0.1 290.6 287.1
008861,0.9 0 356.4 223.6 388.5 262.1
008863,0.6 16 310.1 213.3 355.6 262.2 0.5 16 111.7 233.1 157.6 291.5 0.6 16 438.3 213.7 479.4 265.5 0.6 16 222.2 197.2 250.5 241.1 0.5 16 68.6 237.6 127.6 298.1 0.6 16 250.2 211.4 289.7 260.1 0.5 16 347.0 212.4 392.7 263.0 0.6 16 198.4 242.2 246.0 295.8
008864,1.0 14 140.6 74.1 207.9 192.8 0.9 14 86.8 145.9 182.9 322.0 0.8 14 53.5 146.6 181.3 298.8 0.6 17 0.8 185.6 287.0 331.6 0.5 14 40.4 167.9 93.9 241.3 0.6 14 138.3 74.3 212.7 234.7 0.8 14 108.2 147.0 181.4 241.4 0.6 14 138.9 74.1 216.0 240.1 0.7 14 37.8 145.4 177.1 331.3 0.7 14 21.6 166.2 167.5 331.9 0.6 14 58.3 146.7 125.2 233.0 0.8 17 1.3 150.7 499.8 324.2 0.6 14 40.0 164.4 160.4 296.4 1.0 14 234.4 65.7 346.3 296.2 1.0 14 330.9 108.6 460.5 324.4
008866,0.8 6 404.0 248.7 499.5 366.4
008868,0.9 13 311.0 189.5 420.4 325.0 1.0 14 367.8 130.1 442.7 313.9
008869,0.6 3 331.5 2.6 483.0 293.3 0.8 14 132.6 255.8 158.0 374.7 1.0 14 136.4 255.7 158.9 324.3
008870,0.6 2 134.7 134.8 384.5 332.0 0.7 2 239.6 135.6 488.1 331.7 0.9 2 241.7 134.3 387.6 245.9 0.7 2 133.0 147.7 294.1 274.8
008875,0.9 11 50.4 75.9 237.5 282.2 0.7 7 211.0 263.5 375.2 500.7
008877,0.0 0 0.0 0.0 10.0 10.0
008881,1.0 0 278.9 103.7 340.7 217.5
008882,0.9 12 88.8 112.5 212.8 429.4 1.0 14 86.8 73.5 237.7 320.2 0.6 12 48.9 114.1 230.7 430.2
008887,0.7 19 58.5 179.4 135.3 246.5 0.6 4 58.9 8.7 96.0 70.6 0.9 8 -0.4 170.7 284.0 376.2 0.9 19 355.7 32.9 447.2 126.9 0.9 19 180.2 143.6 293.9 242.8 0.5 19 56.2 63.6 157.3 127.7
008889,0.9 11 88.7 90.1 345.4 333.6
008893,0.9 18 19.1 90.7 306.6 290.2 0.6 18 19.5 68.1 487.7 292.2
008894,1.0 14 1.0 2.4 499.8 499.7 0.9 4 239.3 97.0 394.3 500.9
008895,0.9 6 235.1 169.4 262.6 196.3 0.9 1 118.4 290.1 220.4 373.2 0.9 5 0.4 127.8 181.8 302.5 1.0 14 46.7 193.0 97.7 335.2 1.0 6 292.7 188.5 425.3 248.8 1.0 6 271.9 162.1 323.7 203.1
008896,1.0 6 186.3 120.8 383.7 195.2
008897,0.7 19 434.2 0.6 499.5 37.1 1.0 14 181.7 78.6 379.1 334.7 0.8 10 50.7 135.8 500.3 336.7
008898,0.7 11 0.5 40.9 300.8 375.2
008899,1.0 14 226.9 17.3 331.6 200.8 0.9 12 69.9 46.3 399.5 345.1
008901,0.7 13 57.0 237.6 273.4 374.3 1.0 14 131.8 134.0 264.8 374.3 0.8 14 131.8 133.5 264.2 311.4 0.6 13 56.6 127.9 401.0 375.5 0.6 13 57.6 184.8 401.0 375.0 0.9 14 254.2 125.2 394.2 374.3
008902,0.9 4 126.4 272.5 152.4 318.6 1.0 14 95.8 58.3 384.2 374.6 0.5 10 1.7 221.9 499.2 375.8
008903,0.9 6 4.3 152.8 56.7 173.8 1.0 6 244.0 147.2 360.0 224.5
008904,0.9 19 140.6 39.7 231.1 138.6 0.7 15 59.5 113.1 331.2 425.2 0.9 19 207.6 1.3 292.1 93.0
008906,0.8 7 182.2 164.8 263.4 231.3
008907,0.6 11 24.3 48.7 477.3 304.8 0.8 14 231.4 1.1 472.8 358.0 0.7 14 245.0 0.4 478.1 187.0 0.5 14 22.1 1.4 480.1 358.3
008908,0.6 6 0.5 0.3 414.8 259.4 1.0 6 223.9 89.6 415.9 261.3
008910,0.8 6 107.6 114.6 131.4 132.2 0.8 6 21.7 175.7 86.9 228.0 0.9 6 110.3 215.2 152.0 241.9 1.0 6 202.8 205.5 245.7 242.0 0.9 6 197.7 178.0 230.3 207.1 1.0 6 173.2 146.0 204.7 180.9 0.9 6 113.4 182.8 151.9 214.5 1.0 6 250.0 157.0 283.4 182.6 0.6 6 229.8 97.6 250.1 113.6 0.8 6 202.4 93.3 223.5 107.4 0.9 6 93.9 131.4 117.7 150.0 0.8 6 30.2 176.6 72.1 217.2 0.9 6 114.7 159.6 147.8 185.3 0.9 6 108.7 144.1 132.4 164.4 0.6 5 6.1 89.3 68.0 116.3 0.6 6 1.0 137.5 85.9 241.8 0.6 6 110.9 183.5 158.0 242.1 0.9 6 172.6 71.4 202.0 94.2
008912,0.6 9 24.3 162.5 275.1 331.5 0.7 16 347.1 185.1 409.1 235.8 0.7 16 253.9 171.9 317.9 238.3 0.6 16 278.5 181.4 318.4 238.2
008915,1.0 6 285.1 290.0 333.1 382.3 1.0 14 20.0 283.7 48.0 358.4 0.9 5 33.0 100.9 285.7 394.3
008916,1.0 14 95.0 45.9 205.9 332.2 0.6 10 1.2 120.0 500.0 334.0 1.0 14 203.3 73.1 295.6 257.2 1.0 14 293.2 91.9 395.5 332.7
008918,1.0 14 168.6 152.9 313.4 375.2 0.8 14 239.7 1.4 461.4 374.6 0.6 14 27.6 14.5 222.0 300.2 1.0 14 1.8 12.8 228.9 374.9 0.8 14 1.6 1.3 457.6 374.3 0.8 17 0.5 95.6 500.1 374.9 0.9 14 184.9 1.3 459.9 374.6
008922,0.5 4 106.7 0.7 271.4 152.6 0.9 8 1.3 205.4 93.7 374.7 0.5 19 0.9 73.7 113.0 234.9 0.9 14 323.6 147.7 375.1 227.7 0.5 8 251.3 159.7 286.9 203.5 0.8 8 255.0 155.5 320.9 218.9 0.6 4 106.9 0.5 218.6 79.2 0.8 17 219.9 224.3 440.7 374.0 0.7 8 219.1 226.1 440.0 375.6 0.9 14 323.8 147.1 374.9 196.9
008924,0.7 7 1.9 65.7 460.7 355.1
008925,0.7 4 152.5 64.3 186.6 153.3 1.0 4 194.5 38.4 260.7 315.4 0.6 4 391.4 40.5 480.0 319.5 0.9 4 32.3 50.1 80.7 146.0 0.5 4 368.8 56.8 414.0 151.7 0.6 4 0.7 35.8 41.6 306.9 0.5 4 86.5 36.7 144.1 150.0 0.7 4 78.2 37.7 155.6 310.5 0.5 4 1.2 37.3 33.2 135.1 0.9 4 363.7 55.1 413.1 268.2 0.9 4 149.2 61.2 191.1 241.5 0.9 4 291.5 38.9 356.0 317.1 0.9 4 406.1 39.9 455.4 153.1 0.7 4 294.9 39.6 354.2 152.3
008928,1.0 14 202.6 92.7 267.5 364.2 0.7 4 259.6 331.1 293.3 374.9 1.0 14 402.9 89.6 481.4 374.4 1.0 14 360.5 78.6 428.7 374.6 1.0 14 312.2 89.4 384.7 374.1 0.5 14 465.1 113.6 499.3 206.7 0.8 14 91.7 88.4 165.4 350.7 1.0 14 139.9 90.5 217.1 374.7 0.9 14 90.4 87.9 164.6 375.1 1.0 14 11.0 102.5 134.4 375.0 0.7 14 464.9 114.2 492.1 154.1 1.0 14 259.4 80.8 331.2 354.6 0.7 4 256.1 328.6 317.7 375.1
008934,0.9 2 24.9 77.5 216.1 341.9
008935,0.8 7 104.2 12.9 481.6 323.0
008937,0.7 2 202.0 79.4 307.4 227.7 0.7 15 1.2 1.0 262.3 333.4 1.0 2 204.1 79.0 308.2 298.6
008938,0.5 19 78.4 46.4 210.0 290.9 0.9 4 208.0 -0.4 375.0 348.2 0.6 4 207.4 0.3 312.0 239.0
008941,0.5 8 413.8 228.7 499.5 333.6 0.9 8 1.5 93.6 180.5 264.6 1.0 14 157.1 71.5 333.3 323.2 0.8 19 316.7 24.7 367.3 89.0 1.0 14 297.1 143.9 443.3 363.6
008945,1.0 14 155.2 25.2 319.2 219.8 0.6 10 1.5 163.7 499.1 333.9 0.6 8 261.0 43.0 336.5 197.4
008946,0.9 19 59.9 172.1 125.9 278.5 1.0 14 241.3 145.2 354.3 303.0 0.5 14 240.5 144.8 355.6 336.6
008947,0.8 15 267.4 142.4 344.4 256.6 0.9 8 60.0 218.2 188.0 364.5 0.9 10 170.3 246.8 500.6 375.5 0.6 8 180.6 244.7 285.5 375.0 0.7 19 245.7 57.3 325.6 128.4 0.6 17 318.9 186.4 483.4 321.5 0.6 17 317.6 187.8 484.1 351.4
008949,0.7 19 160.2 148.9 211.8 236.8 0.8 6 0.4 173.2 105.3 359.1 0.8 19 236.3 1.2 496.8 203.9 0.8 19 244.3 -0.7 474.1 173.3
008950,1.0 0 111.7 54.7 290.6 187.5
008952,0.6 14 271.7 111.4 315.1 216.3 0.5 6 0.1 27.1 118.1 281.3 1.0 14 268.9 110.3 354.5 220.8 1.0 13 271.9 119.3 359.9 237.7
008954,0.8 19 83.2 24.5 198.5 130.2 0.6 19 414.1 66.4 465.5 180.4 0.9 8 -0.7 110.0 200.5 376.2 0.8 19 1.2 31.5 97.1 131.2
008956,0.6 2 82.0 26.6 367.7 332.6
008957,0.9 14 185.2 62.4 238.3 127.1 0.5 14 163.2 78.3 352.4 375.6 0.6 4 342.5 243.6 432.8 374.8 0.7 4 477.2 314.4 499.7 375.0 0.8 8 0.8 117.6 93.8 261.3 0.7 14 102.5 60.3 241.2 246.6 0.8 14 218.1 79.3 314.0 236.5 1.0 14 100.1 102.0 251.5 375.5 0.7 14 285.1 49.9 421.5 373.1 0.7 8 31.1 121.5 95.9 260.6 0.7 19 208.5 0.6 276.1 76.4 1.0 14 297.9 50.6 412.6 258.5 1.0 14 220.1 78.0 370.5 374.7 0.8 14 373.7 23.8 398.8 58.1 0.8 14 300.1 47.9 493.5 374.8 0.7 14 298.8 48.6 401.3 176.7
008959,0.6 13 108.5 71.8 374.4 375.1 0.6 13 112.8 71.5 378.2 270.9
008963,1.0 14 160.1 61.5 329.7 375.2 0.8 14 0.9 44.3 42.0 175.3 0.5 10 1.5 242.5 208.0 375.1 1.0 14 283.3 64.3 500.6 374.7
008964,0.5 11 13.3 74.0 308.1 224.1 0.5 11 6.8 72.3 495.2 333.5
008972,0.5 7 89.1 78.1 298.8 455.2 0.5 7 91.7 78.9 473.8 499.8
008974,0.8 14 3.4 9.0 413.3 374.8 0.9 14 191.5 8.0 415.4 375.1
008977,0.7 7 65.9 43.3 404.3 316.2
008981,0.6 2 115.7 99.9 342.3 369.6 1.0 2 119.5 98.3 344.3 343.4 0.5 2 114.5 99.2 375.2 369.7 0.5 2 119.5 98.0 373.9 321.9
008984,0.8 2 244.6 450.5 293.4 500.0 0.9 2 152.6 221.5 196.0 293.0
008986,0.6 0 76.6 122.0 402.6 285.2 0.8 0 79.9 122.5 468.7 346.3 0.6 0 2.5 138.8 469.8 374.8
008990,0.5 14 26.1 75.3 111.7 294.6 0.5 14 11.2 75.5 118.5 429.3 1.0 14 14.4 13.3 281.1 455.9 0.7 4 74.8 161.0 202.8 451.6
008991,0.7 8 197.8 86.4 276.3 136.5 1.0 8 311.9 248.4 481.1 375.2 0.8 8 105.1 96.3 281.2 273.5 0.9 8 105.8 94.8 279.4 365.4 0.9 19 300.2 83.8 358.0 152.6
008992,0.0 0 0.0 0.0 10.0 10.0
008993,1.0 14 161.6 128.9 287.4 375.0 1.0 14 251.4 84.3 373.1 375.1
008994,0.5 13 153.2 178.3 386.7 353.5 0.5 13 2.2 154.8 133.8 348.3 0.8 13 1.3 154.1 133.7 353.9 0.9 13 150.6 149.1 385.9 354.1
008996,0.9 6 334.9 138.4 374.6 196.7 0.7 4 1.5 265.6 111.6 468.8 0.5 10 1.3 208.8 322.2 500.7
008998,0.6 3 298.0 242.4 314.5 266.5 0.8 3 412.3 225.6 452.8 289.5 0.9 3 60.7 219.9 96.7 275.3 0.7 3 4.5 242.5 32.5 270.8 0.8 3 116.9 240.8 152.7 286.6 0.8 3 238.9 245.4 270.7 279.0
009001,0.9 3 96.6 67.2 193.1 420.8
009003,0.7 14 0.3 64.1 332.7 498.8 0.9 14 0.4 122.1 332.8 500.6
009008,0.9 6 288.9 36.7 324.8 57.1 0.9 13 26.4 60.2 447.1 293.9
009009,0.7 19 109.0 121.5 173.0 258.2 0.8 19 280.9 123.3 331.4 187.1 1.0 8 258.7 323.6 367.0 500.8
009010,0.8 19 203.6 109.6 254.4 212.1 0.8 19 314.1 135.4 372.9 202.5 0.8 8 353.1 122.0 419.4 286.7 1.0 8 100.4 70.4 165.7 220.7 0.7 8 205.7 108.2 291.7 241.3 0.7 19 1.5 0.1 62.8 67.2 0.5 10 1.4 207.0 498.8 376.3 0.7 8 293.2 78.6 414.9 277.7 0.9 8 290.3 76.7 361.5 273.3 0.6 8 363.3 79.5 499.7 289.5 0.9 8 292.0 135.9 374.8 275.1
009011,0.7 14 344.4 3.1 499.4 349.3 0.8 14 342.8 41.0 447.1 350.7
009012,0.9 14 239.8 0.8 374.7 173.2 1.0 4 114.0 2.0 281.5 498.8 0.6 10 0.8 148.4 375.0 499.9 0.8 14 104.6 0.5 374.2 164.0 0.9 4 296.1 26.7 368.0 214.1
009013,0.6 14 440.2 98.6 482.1 150.0 0.8 8 47.8 133.9 123.9 331.7 0.9 19 431.4 81.9 494.0 160.6 0.7 14 447.3 99.9 479.7 141.7 0.9 17 68.3 227.4 415.0 374.5
009014,1.0 14 115.4 35.6 130.2 80.5 1.0 14 85.3 33.8 101.8 75.9 0.5 12 253.5 196.0 341.1 328.3
009017,0.6 14 145.8 30.9 305.4 254.2 1.0 14 101.9 38.7 307.9 260.0 0.9 14 99.9 71.0 195.1 244.2 0.8 14 107.2 25.4 460.7 374.1 0.6 14 185.5 25.1 459.2 336.0 0.6 14 114.0 35.2 308.6 305.3 0.9 14 184.2 25.4 459.5 373.8
009021,0.8 5 24.4 46.7 257.9 440.5
009023,0.9 14 238.6 32.0 261.4 52.7 0.6 14 276.2 34.7 292.1 52.4 1.0 14 174.7 19.9 207.0 69.8 0.7 14 211.5 34.9 232.2 60.0 1.0 14 420.4 34.3 462.1 133.5 0.9 14 23.9 16.5 60.9 98.2 0.7 14 382.3 34.6 403.0 62.1 0.8 14 364.4 33.4 398.1 108.7 0.5 14 212.1 35.1 232.3 57.4 0.8 14 96.6 24.1 121.1 103.8 0.9 14 372.1 33.7 398.2 65.3 0.9 14 8.7 15.1 60.2 175.7 0.6 14 136.7 18.4 174.7 79.6 0.9 14 96.7 23.9 121.3 80.6 0.8 14 1.5 17.0 58.7 95.2 0.5 14 3.3 16.0 103.5 174.1 0.7 14 126.2 26.1 152.6 81.5 1.0 6 44.4 46.7 406.5 313.4 1.0 14 152.7 17.8 179.4 72.8 0.9 6 388.2 50.9 480.8 130.5 1.0 14 286.3 32.8 306.1 52.9
009025,0.8 11 48.3 24.5 385.0 332.0 0.6 11 90.0 22.1 384.5 298.5
009026,0.0 0 0.0 0.0 10.0 10.0
009028,0.8 1 162.9 98.5 371.1 325.2 1.0 14 150.4 29.2 314.3 273.5 0.9 1 11.7 98.0 369.9 373.9
009030,0.6 6 304.9 314.7 380.4 374.4 0.9 0 49.1 82.5 421.6 268.9 0.6 6 371.9 293.8 499.7 374.9
009031,0.6 16 129.0 96.3 150.7 115.4 0.7 16 227.5 146.2 260.5 187.6 0.6 16 410.3 73.2 434.9 88.3
009033,0.9 6 203.7 331.5 301.7 371.8 0.5 6 317.3 328.5 367.5 362.6 0.6 6 246.4 335.6 306.1 371.2 1.0 6 116.9 330.4 241.2 391.3 1.0 6 1.4 336.1 140.0 410.9 1.0 6 1.2 342.5 67.9 417.7 0.6 6 350.6 331.7 375.1 359.8 1.0 6 270.3 324.4 358.6 365.7 0.5 6 200.2 330.3 258.5 373.6
009038,0.8 5 124.9 68.8 365.8 249.0
009040,0.9 14 179.9 144.4 270.3 352.1 0.8 4 80.5 179.7 121.5 349.2 0.9 4 366.0 12.6 476.2 232.8 0.8 4 147.6 200.6 186.4 341.5 0.7 4 77.7 155.3 157.0 361.8 1.0 14 152.4 145.3 275.6 351.8 0.6 4 269.2 140.7 315.2 299.7 0.8 4 147.5 156.3 201.7 341.8 0.9 4 189.6 160.6 230.8 343.6 0.9 14 249.6 138.2 322.1 345.6
009041,0.6 14 164.9 70.0 256.2 166.0 0.9 14 164.6 70.1 257.7 243.9 0.9 13 136.1 82.0 370.6 277.1 0.5 13 135.3 99.1 371.3 276.8
009043,0.7 14 69.7 116.4 316.6 329.6 0.5 14 32.8 113.4 317.7 329.2 0.9 14 37.3 114.0 370.1 329.2
009044,0.7 14 336.3 77.8 360.1 106.3 0.7 14 100.7 69.3 120.9 96.3 0.9 14 27.8 49.5 97.6 163.1 0.7 14 375.4 37.7 441.3 90.7 0.8 14 459.9 56.9 499.9 159.2 0.9 14 1.0 63.8 25.7 169.4 0.7 14 454.9 56.0 499.8 252.4 0.8 14 70.2 62.6 111.4 159.8 0.8 14 0.8 61.4 37.1 261.0 0.9 14 372.6 36.5 446.6 158.7 0.6 13 0.8 2.1 499.4 293.6 0.5 14 70.9 63.1 109.1 126.7 0.6 14 0.8 63.8 28.6 131.6 1.0 14 2.7 49.2 100.0 261.9 0.8 14 474.4 57.4 499.9 106.0 0.7 13 36.6 1.9 498.4 290.5 0.8 14 0.9 62.8 33.4 166.9 0.5 13 92.8 39.7 498.1 261.9 0.6 13 45.3 8.0 498.5 294.8
009046,0.7 14 341.2 183.7 422.4 315.7 0.7 12 67.1 148.4 299.6 500.6 1.0 14 119.0 2.2 350.0 499.2 1.0 12 63.8 146.9 427.8 500.9 0.5 14 120.2 3.3 351.9 433.2
009047,0.8 14 272.7 1.2 323.0 66.8 0.7 14 83.7 20.3 108.4 55.3 0.9 14 449.8 0.2 496.7 168.8 1.0 14 99.6 1.2 164.5 177.7 1.0 14 405.8 7.2 447.6 102.2 0.8 14 269.8 -0.6 325.8 148.7 0.8 14 174.9 0.0 249.5 184.9 0.7 14 158.4 1.0 183.0 48.0 1.0 14 329.3 0.6 400.3 180.6 1.0 14 176.7 0.5 248.6 127.1 0.9 14 102.1 1.3 162.3 114.4 0.8 14 445.6 0.9 495.5 127.0 0.7 13 0.4 56.1 365.4 328.1 0.6 13 0.4 54.3 448.7 331.3 0.8 13 301.3 65.2 383.4 173.3 0.7 14 156.2 2.1 189.7 109.6 0.6 13 153.1 60.0 340.6 235.1 0.9 14 408.4 6.8 449.4 167.8 0.8 14 82.7 19.3 115.4 116.4 0.7 14 331.9 0.8 398.7 81.2 0.8 14 271.5 1.1 324.6 70.0
009050,0.8 14 388.7 7.0 404.7 54.1 0.5 14 182.0 11.6 198.1 61.5 1.0 14 169.5 11.4 189.6 64.2 0.7 13 0.9 5.4 119.7 175.5 0.9 14 451.0 13.5 466.3 44.8 0.5 13 -0.6 2.0 453.2 322.5 0.9 14 473.2 13.5 488.4 44.4 0.9 13 31.6 5.6 454.1 320.2 0.9 13 37.6 81.8 452.0 320.3 0.9 14 161.1 10.5 178.0 64.5
009052,1.0 6 212.9 109.0 466.1 281.8 1.0 14 334.5 128.1 377.7 164.0
009054,0.8 2 93.0 295.5 175.3 380.3
009055,0.0 0 0.0 0.0 10.0 10.0
009056,0.9 8 330.8 228.2 431.3 331.7 0.9 8 312.5 207.8 377.8 307.9 0.5 8 313.0 206.9 377.1 271.6 1.0 8 93.6 229.0 184.0 326.0 1.0 8 145.7 208.5 207.7 316.3 0.8 8 224.0 237.2 299.2 320.1
009057,0.8 7 107.3 80.8 420.6 301.4
009061,0.8 11 152.7 109.9 415.8 332.7
009062,0.8 5 85.9 131.3 393.7 235.7
009065,0.9 13 14.2 105.4 469.2 310.9
009067,0.7 14 123.3 99.4 194.2 289.7 1.0 14 175.0 81.4 307.2 249.5 1.0 12 97.2 100.4 436.6 345.6 0.9 12 96.4 101.0 438.7 448.3
009069,0.9 14 249.9 0.8 314.1 50.8 1.0 14 1.0 -0.0 77.4 138.6 0.9 14 370.2 1.0 440.9 88.6 1.0 13 2.3 8.3 498.0 374.3
009070,0.7 10 236.2 263.0 499.6 374.1 0.9 19 130.1 33.4 279.2 162.7 0.6 19 0.7 85.4 41.8 225.4 1.0 17 80.4 158.8 432.0 369.6
009071,1.0 6 61.8 82.0 465.1 284.5
009074,0.9 12 174.6 148.2 265.0 319.5 1.0 14 172.3 89.8 267.9 271.1 0.8 14 173.9 90.6 266.9 319.9
009075,0.6 14 277.4 63.9 343.4 178.8 0.9 4 101.0 238.7 138.6 327.0 0.6 4 339.7 257.0 409.6 374.8 0.6 4 338.2 212.3 411.6 374.7 1.0 14 138.2 31.4 272.9 217.2 0.7 14 133.3 30.7 274.0 267.6 0.6 14 136.2 29.8 272.4 292.1 1.0 14 0.7 108.7 129.5 325.8 1.0 14 130.4 147.8 277.2 294.5 1.0 4 335.8 216.4 377.1 348.7 0.7 14 307.6 156.7 413.4 335.3 0.8 14 270.6 63.5 494.7 326.0 0.7 14 270.6 154.5 359.2 291.4 1.0 14 274.1 156.2 411.2 333.4 1.0 14 277.0 96.0 492.1 337.4 1.0 14 274.6 63.9 348.4 233.9
009076,0.9 0 2.6 144.5 499.1 375.4
009077,1.0 14 395.9 97.6 462.0 237.4 0.8 14 1.0 148.8 15.8 198.6 0.8 8 287.7 155.5 333.9 263.6 1.0 14 153.6 117.2 179.4 196.3 1.0 14 88.0 127.7 139.8 208.2 1.0 14 330.1 106.1 413.6 259.2 1.0 14 30.6 136.8 70.6 182.5 1.0 14 283.5 102.0 337.6 260.8
009081,1.0 6 75.9 58.2 463.1 319.1
009082,0.6 9 0.8 91.4 222.0 343.9 0.6 9 1.0 91.6 281.5 343.0 0.5 9 181.2 137.0 282.2 266.8
009083,1.0 0 6.2 162.5 490.7 325.7
009084,1.0 14 368.6 47.0 387.5 117.3 0.5 11 2.0 216.6 77.0 326.7 0.9 14 433.6 58.3 463.9 134.7 0.6 14 118.6 72.8 233.5 249.5 1.0 13 34.1 77.5 485.3 374.5 1.0 14 382.9 29.0 411.6 120.8
009088,0.5 7 1.0 2.6 462.2 373.3
009090,0.7 7 227.8 74.8 344.7 187.8 0.5 10 1.3 199.4 499.8 375.8 1.0 15 161.9 179.2 231.3 254.6
009092,1.0 14 190.9 166.8 208.9 209.0 0.9 6 403.7 169.1 431.4 226.6 0.9 5 217.6 111.1 361.2 230.9
009093,0.0 0 0.0 0.0 10.0 10.0
009095,0.9 19 317.3 128.6 369.7 216.8 0.9 19 136.1 137.2 204.7 207.7 0.9 8 36.9 421.7 183.0 500.0 0.6 8 129.8 263.8 203.5 348.2 0.9 10 0.9 305.7 236.4 501.5 0.5 8 128.6 271.0 207.8 495.7
009096,1.0 6 7.7 45.8 338.9 186.0
009097,0.9 4 260.5 1.0 313.8 92.8 0.8 4 301.0 1.1 372.2 101.3 0.8 19 0.3 68.3 112.2 231.9
009101,0.9 14 233.2 89.2 271.4 129.5 0.9 12 153.0 101.6 352.6 318.2 0.8 12 370.0 139.9 472.0 317.9 0.7 14 78.9 15.0 168.8 212.5 0.5 12 3.5 76.2 350.8 317.7 0.6 14 77.3 16.0 187.4 316.9 0.8 14 230.8 90.0 292.2 313.4 0.9 14 79.8 16.2 148.8 140.0 0.7 14 36.7 14.8 176.0 317.3 0.8 12 1.7 76.9 195.6 317.2 0.8 14 236.6 89.7 320.9 309.5 1.0 14 347.7 81.7 478.3 316.6
009102,1.0 14 66.6 153.2 244.1 375.4
009103,0.9 11 135.3 132.4 364.0 293.5 0.6 11 139.6 132.8 471.6 291.9
009104,0.8 2 30.4 68.0 214.2 134.7 0.5 2 149.5 183.7 216.1 256.2 0.9 2 222.6 150.6 303.4 278.2 0.8 2 224.7 150.7 303.5 373.9
009107,0.8 7 0.3 43.9 411.5 374.7
009109,0.8 19 0.6 6.2 59.6 175.8 0.6 8 351.7 237.9 454.1 344.9 0.5 14 409.6 8.9 452.5 101.2 0.8 14 411.8 11.5 451.3 48.7
009110,1.0 14 148.3 61.6 337.8 280.4
009111,0.9 6 460.3 175.5 496.5 198.1 0.7 5 0.9 107.9 120.7 241.8 0.9 5 147.0 62.3 458.7 268.4
009115,1.0 14 123.8 58.6 264.7 366.4
009118,0.9 19 48.9 88.9 131.9 234.8 0.8 8 385.4 232.2 457.1 373.6 0.9 19 447.3 103.8 499.9 167.0 0.7 14 135.5 155.7 261.4 221.7 0.9 17 145.4 159.2 385.4 322.9 0.6 17 145.9 156.8 384.8 355.0
009119,1.0 14 392.1 160.2 416.7 203.0 1.0 14 458.8 143.6 491.5 223.8 0.9 6 234.3 122.7 388.2 192.0 1.0 6 155.5 173.1 453.5 300.0
009120,0.8 3 271.0 121.2 350.8 167.6 0.6 14 300.6 123.1 320.2 141.1
009122,0.8 5 284.9 268.2 500.0 357.5 0.9 6 221.1 306.0 290.0 337.7 0.7 14 84.1 294.6 98.6 332.2 0.9 5 11.5 266.6 156.5 321.0 1.0 6 127.6 295.7 198.7 332.2 0.6 5 287.8 193.9 499.7 358.4
009124,0.6 18 122.1 53.7 377.1 282.9 0.5 18 123.1 44.8 498.7 304.9 1.0 14 218.7 186.7 287.8 319.8
009125,0.9 14 469.3 166.1 492.2 207.5 0.8 14 40.4 164.1 53.3 198.7 1.0 6 118.0 177.4 263.2 235.8 1.0 14 54.9 163.3 253.0 374.7 0.9 14 55.8 164.3 149.6 374.5 1.0 14 150.1 175.8 392.2 373.6
009127,0.9 14 414.3 203.8 499.9 375.2 1.0 14 330.9 205.0 408.4 298.6 0.9 14 64.8 173.8 166.3 374.4 0.9 14 413.9 204.2 499.7 325.0 0.5 14 394.5 213.6 428.0 298.0 1.0 14 144.4 24.3 347.5 374.2 0.9 14 94.9 172.5 164.4 291.0
009130,0.7 12 111.9 147.9 345.7 342.2 1.0 14 140.3 73.9 285.2 301.6 0.6 12 78.6 146.1 346.5 363.2 0.8 12 58.7 146.7 347.0 424.9
009132,0.9 7 94.8 51.4 426.3 302.8
009134,0.6 18 82.8 105.6 405.6 280.5 0.6 18 31.0 86.0 404.6 284.8 0.6 18 26.2 45.3 414.6 291.2 0.7 18 21.3 97.6 433.2 287.7 0.6 18 133.9 82.6 403.7 287.1
009135,1.0 1 74.3 94.0 432.3 322.4
009137,0.8 3 45.4 134.9 154.1 170.4 0.9 3 212.1 145.7 263.7 169.2 0.5 3 213.6 133.8 306.7 167.5 0.9 3 374.6 127.2 411.1 146.2 0.7 3 251.9 136.1 291.2 156.1 0.7 3 280.1 126.3 317.3 143.9
009139,0.9 14 255.8 1.0 312.1 50.8 1.0 14 159.1 5.9 202.7 78.6 0.8 14 402.5 1.6 500.3 374.0 0.5 13 96.3 2.1 462.8 267.4 0.5 13 142.1 38.3 439.4 296.5 0.7 14 183.2 1.6 208.5 49.8 0.9 14 423.8 2.0 500.0 374.0 0.8 14 402.3 0.0 500.0 271.7 1.0 14 90.3 1.7 168.6 196.9 1.0 14 0.8 1.3 47.8 200.0 0.9 14 93.7 2.1 167.6 87.6 1.0 14 67.7 1.8 101.3 95.3 0.9 14 391.6 1.9 437.3 62.9 0.7 13 99.3 32.7 461.2 374.9 0.8 14 206.1 1.1 255.1 61.2 0.6 13 96.4 1.8 463.5 295.1 0.8 13 106.3 71.9 374.0 374.9
009140,0.0 0 0.0 0.0 10.0 10.0
009142,0.9 11 29.0 13.6 292.8 438.4
009143,0.9 19 69.1 0.9 310.1 151.3 0.7 14 0.2 82.8 374.2 499.4
009145,1.0 14 52.1 66.8 97.5 119.9 0.7 13 7.1 88.5 380.6 367.1 0.5 13 7.4 94.2 167.7 294.8 0.9 13 8.4 44.9 381.3 364.8
009146,0.6 12 150.1 76.5 371.4 362.7
009149,1.0 6 189.1 92.9 497.3 325.8
009152,0.9 13 126.5 191.9 193.6 323.5 1.0 14 95.4 135.2 150.5 320.1 0.7 13 131.6 219.9 194.1 323.4
009154,0.8 8 1.3 235.3 159.7 320.5 0.7 8 0.7 100.7 158.0 317.0 0.9 10 30.3 114.6 474.4 319.3 0.5 8 11.7 110.1 95.2 251.6 0.8 8 362.0 87.4 464.9 203.5 0.8 19 269.7 -0.2 438.8 100.2
009156,0.9 6 97.0 74.8 145.6 93.7 0.9 6 197.1 70.3 266.2 95.3 1.0 6 406.9 72.5 476.0 96.4 0.8 6 19.4 81.9 68.8 97.6 1.0 6 36.2 83.6 301.8 188.7 1.0 6 164.0 144.6 497.4 374.8 1.0 6 299.2 76.3 384.0 103.5
009158,0.0 0 0.0 0.0 10.0 10.0
009164,0.9 4 247.4 314.1 286.8 455.4 1.0 14 54.5 139.9 197.3 373.9 1.0 4 187.6 306.5 212.2 400.7 1.0 14 0.7 214.4 153.4 500.5 0.8 10 70.3 292.5 376.3 501.0 0.7 4 335.3 431.2 374.7 500.6 1.0 14 175.9 227.0 297.2 365.5
009165,0.9 19 242.4 171.0 302.2 237.7 0.6 19 395.3 82.9 448.7 143.8 0.9 19 297.2 165.6 362.9 229.5 1.0 19 231.3 55.5 354.9 174.5 1.0 19 92.2 45.9 217.3 183.0 0.9 19 50.0 48.4 100.5 147.9
009167,1.0 0 34.6 102.0 439.0 208.3
009169,0.6 16 216.7 108.3 239.2 130.4 0.8 16 342.2 134.3 379.1 178.5 0.7 16 395.8 137.6 434.3 193.2 0.7 16 102.9 137.7 153.4 186.0 0.7 16 228.5 109.6 262.1 131.9 0.7 16 364.1 141.7 396.0 191.5 0.7 16 82.4 166.3 119.8 196.5 0.7 16 142.3 145.3 203.1 191.7 0.8 16 296.3 137.5 334.1 186.4
009170,0.6 16 139.2 132.8 170.1 180.9 0.5 16 148.8 156.0 204.9 248.0 0.6 9 245.8 156.6 363.3 292.1
009171,0.8 4 258.1 174.7 275.2 221.3 0.9 14 395.0 97.2 499.9 302.2 1.0 14 32.0 120.4 103.2 240.8 0.8 14 341.9 144.2 369.0 211.1 0.7 14 418.4 127.1 459.5 248.3 1.0 14 428.5 128.1 459.8 202.8 1.0 14 240.5 120.7 315.0 206.0 1.0 14 162.6 133.9 225.7 213.4 1.0 14 1.0 129.0 42.2 258.3 0.8 14 304.0 127.7 363.3 212.4 0.7 14 241.8 120.9 315.6 227.0 1.0 14 109.0 131.7 150.4 202.1 0.5 14 24.7 118.5 104.0 257.6 0.9 10 1.4 198.1 500.0 375.5 0.8 14 362.8 180.6 415.3 231.0 1.0 14 304.1 126.8 354.7 202.7
009172,0.8 15 0.9 197.2 38.3 285.2 0.6 15 159.4 127.2 249.9 267.2 0.5 15 244.4 246.3 289.3 282.8 0.8 15 367.0 231.3 427.8 335.8 0.9 15 298.7 111.3 406.1 238.3 1.0 15 307.3 227.9 370.8 319.1 0.8 15 407.1 173.6 499.5 374.9 0.6 15 34.9 118.1 186.3 264.8 0.7 15 153.2 178.9 191.7 244.1 0.6 15 152.2 140.7 246.8 266.0 0.6 15 142.3 139.7 189.5 242.1 0.9 15 190.0 164.4 244.7 264.8 0.6 15 248.5 86.6 408.5 237.4 1.0 15 240.6 208.2 297.5 281.9 0.6 15 304.7 182.9 346.2 227.6 0.8 15 298.3 108.8 404.7 238.8
009176,0.6 11 72.9 113.3 449.3 356.5 0.5 14 166.5 48.4 458.3 358.2
009182,1.0 6 17.8 23.4 499.5 347.7 0.6 6 372.0 0.9 459.0 15.0
009183,0.9 7 62.4 1.4 500.9 374.1
009188,0.8 5 36.8 51.9 489.5 283.9
009190,0.5 11 87.4 60.1 478.9 372.6 0.9 11 108.6 60.4 498.6 456.4
009198,1.0 1 20.7 17.1 484.0 402.5
009199,0.8 11 28.9 144.7 378.5 499.2
009201,0.6 14 188.9 176.6 378.5 333.3 1.0 6 94.8 164.1 377.6 332.1
009203,0.9 18 8.3 121.6 435.3 288.9
009204,1.0 19 17.2 77.5 188.7 288.4 0.9 11 127.5 60.1 324.1 375.0
009206,1.0 6 130.3 135.5 452.8 250.2
009207,0.7 4 106.7 301.8 141.3 385.4 0.5 14 93.8 124.0 374.8 498.7
009210,1.0 6 205.0 221.5 334.5 292.5
009211,1.0 0 148.9 139.4 302.7 211.7
009216,0.9 19 72.5 99.7 371.9 332.5 0.8 7 178.3 -0.0 400.9 120.0
009217,0.8 14 89.2 57.1 118.7 101.5
009219,0.5 14 2.5 44.3 211.1 374.8 0.6 14 320.5 58.4 422.8 303.2 0.9 14 115.0 86.0 218.6 328.1 0.9 14 122.8 89.0 216.7 321.5 0.9 14 17.1 45.2 210.0 327.9 0.9 14 17.2 48.2 153.9 374.5 1.0 14 210.2 71.4 305.5 285.5 1.0 14 309.9 59.2 429.0 361.9 0.6 14 327.2 60.5 395.2 188.7
009220,0.5 18 1.1 1.2 437.3 343.7
009222,0.9 8 38.6 167.4 312.3 374.6 0.6 17 62.8 101.4 333.2 245.2 0.6 15 285.8 0.4 462.4 236.6 0.8 17 67.7 104.2 453.4 245.0
009223,1.0 14 292.7 69.0 333.1 176.0
009225,0.5 6 51.2 108.3 119.3 149.5 0.6 10 1.3 153.2 499.8 376.1 0.6 8 180.9 208.2 349.3 362.8 0.5 8 196.0 204.3 410.4 355.0
009226,0.8 19 405.0 122.4 454.4 210.2 0.9 19 136.7 1.5 347.5 190.8 0.8 8 1.2 190.5 62.2 371.9
009228,1.0 14 179.7 23.1 363.8 353.4
009229,1.0 14 424.7 47.0 499.5 239.3 0.5 4 213.1 320.0 288.1 375.2 0.7 14 424.5 46.4 498.6 165.0 0.7 13 3.1 133.1 129.0 236.8 1.0 14 0.8 76.8 85.6 252.1 1.0 13 315.8 114.5 498.6 254.1
009231,0.6 14 118.3 55.0 254.0 172.6 0.7 12 231.1 75.7 459.1 319.5 0.5 12 290.8 77.7 459.5 289.7 0.6 14 119.5 54.6 259.6 209.6 0.9 14 50.9 53.8 158.8 163.8 0.7 12 20.9 73.7 292.1 338.8 0.6 14 52.7 56.4 262.8 207.9 0.9 14 121.1 53.2 212.5 117.9 0.8 12 2.0 73.2 458.6 337.2 0.7 14 274.4 57.4 380.2 294.0 1.0 14 272.9 57.7 382.6 163.8
009232,0.6 2 284.0 110.9 420.5 256.2 0.9 2 194.4 110.8 419.7 305.9 0.7 2 291.0 111.8 349.4 187.7
009233,0.9 11 159.7 57.8 326.6 299.3 0.6 11 159.2 55.9 397.2 316.9
009234,0.8 7 1.0 105.5 331.7 375.0
009235,0.7 19 114.8 55.9 204.8 203.5
009237,1.0 1 219.3 197.6 276.7 308.1 1.0 1 119.9 303.3 188.8 456.1 0.9 14 169.9 146.2 234.9 261.9 1.0 14 113.0 235.6 192.3 415.7 1.0 14 115.8 175.1 202.0 412.6 1.0 14 222.8 63.8 297.9 164.6 1.0 14 169.8 145.2 234.6 303.7 1.0 14 219.8 134.5 290.1 260.5 0.6 1 116.5 237.2 193.9 455.9
009240,0.6 3 229.2 84.1 324.8 176.0 0.9 19 441.3 66.2 499.8 135.0 0.9 3 231.6 101.1 324.0 176.0 0.6 8 443.8 157.9 500.0 258.5 0.9 14 386.6 127.5 496.3 224.7 0.9 14 260.1 180.6 490.4 375.6 0.8 14 268.8 126.3 495.7 374.1 0.5 14 386.2 127.0 454.6 188.9
009241,0.8 6 50.3 145.1 89.3 159.5 1.0 6 131.5 140.7 240.8 176.3
009243,1.0 6 98.4 92.1 412.8 326.4
009248,0.9 14 -0.2 18.1 407.5 374.8 0.7 4 27.5 128.8 83.5 199.5
009253,1.0 14 38.7 23.0 280.2 389.3 1.0 14 255.9 43.8 475.6 389.6
009256,0.9 7 118.2 79.2 484.2 351.0 0.5 7 125.8 81.3 315.8 301.7
009257,1.0 4 126.3 1.4 209.8 206.9 1.0 4 289.8 89.2 326.8 194.5
009258,0.7 14 55.7 0.9 224.9 242.1 0.6 4 200.1 3.0 277.4 274.7 1.0 14 55.1 0.6 319.3 245.0 0.8 14 54.9 0.5 321.0 481.6 0.7 1 63.1 173.8 333.5 500.5 0.7 1 65.9 175.9 314.1 500.4
009260,0.8 18 -0.3 149.5 232.9 281.3 0.8 18 1.4 145.7 420.0 283.5
009261,0.0 0 0.0 0.0 10.0 10.0
009262,1.0 0 8.4 96.9 490.8 241.5
009263,0.6 8 84.5 161.7 139.1 305.4 0.7 10 54.0 177.8 411.2 376.5 0.6 8 30.6 204.7 127.6 318.7 0.7 14 7.0 89.6 122.9 338.5 0.9 8 246.9 174.1 375.6 375.3
009264,0.6 9 132.9 88.7 498.9 369.5
009265,0.6 6 17.4 1.0 487.3 323.0
009266,0.9 2 82.7 23.6 435.6 374.4 0.5 2 83.5 24.8 435.4 309.2
009267,1.0 6 197.3 246.0 291.7 282.6 0.7 6 481.4 264.7 499.9 295.2
009274,0.7 19 240.8 187.0 362.0 299.6 1.0 14 0.5 53.0 330.1 375.1
009275,0.8 17 48.6 246.5 264.3 352.5 0.8 17 47.7 245.6 263.8 500.3
009276,0.9 8 86.2 24.3 170.8 181.1 0.6 10 0.5 170.7 333.1 499.3
009277,1.0 14 131.2 103.2 255.1 317.0 1.0 13 51.2 142.9 262.6 323.2
009280,0.8 4 199.0 0.1 307.5 176.5
009284,0.7 14 163.2 172.9 201.7 269.2 1.0 14 197.9 197.9 227.7 250.9 0.6 14 441.8 207.4 484.6 375.8 1.0 14 478.4 207.9 499.9 282.8 0.9 14 329.7 181.0 373.5 230.6 0.9 14 447.2 211.2 484.7 263.4 0.5 14 140.4 183.0 186.9 283.1 1.0 14 1.2 278.5 46.9 375.3 1.0 14 99.4 180.8 132.1 285.5 0.9 14 377.7 202.0 400.5 225.0 1.0 14 1.1 168.1 45.1 295.6 1.0 14 136.8 182.5 169.4 283.6 0.8 14 162.6 171.8 185.1 205.9 0.6 14 193.0 198.7 231.7 272.3 1.0 14 71.5 184.7 97.7 286.2 0.9 14 446.8 211.5 483.0 274.7 1.0 14 159.6 187.3 209.7 274.1 0.7 14 450.5 239.0 477.0 275.5 1.0 14 416.1 204.2 445.6 248.4 0.9 6 67.7 223.6 500.5 373.9
009292,1.0 14 247.3 454.7 273.6 500.9 0.9 14 307.7 467.1 326.9 501.2 0.6 0 5.3 1.0 326.3 490.2 0.8 0 12.8 1.5 325.9 435.4
009293,0.7 13 25.6 12.3 265.2 447.5
009294,0.9 14 68.5 196.6 235.8 424.2 1.0 14 69.5 194.6 288.3 499.2
009297,0.9 14 278.4 146.1 305.9 173.9 0.5 4 337.7 63.8 357.8 139.1 1.0 14 193.5 71.1 268.6 164.4 0.9 4 401.6 168.8 429.9 249.2 0.8 4 401.2 168.0 430.3 275.5 0.8 14 434.7 74.7 499.9 199.3 1.0 4 327.3 152.3 358.2 236.6 0.6 14 406.1 73.5 499.8 198.0 0.9 4 425.8 191.3 451.3 253.4 0.9 4 372.8 141.2 393.9 204.0 0.8 4 443.0 124.4 473.4 175.0 0.6 14 106.2 65.7 305.5 302.0 1.0 14 108.7 64.8 306.0 334.4 0.9 14 1.4 99.7 187.4 375.0 0.9 10 163.0 159.3 499.0 375.5 0.7 14 276.2 6.7 325.0 52.3 1.0 14 395.4 71.1 499.1 190.2
009298,0.0 0 0.0 0.0 10.0 10.0
009300,0.7 4 66.0 3.6 172.9 360.5 0.5 4 174.5 84.2 302.9 352.4
009301,0.6 4 367.0 91.0 454.0 374.2 0.6 4 336.0 260.0 366.1 375.9
009302,0.6 13 1.2 123.8 91.2 189.9 1.0 6 40.2 128.6 459.3 306.2
009304,0.5 5 160.9 116.9 293.6 362.3 0.8 5 280.9 29.7 500.3 374.1
009305,1.0 1 77.1 70.8 403.2 315.7 0.6 1 10.8 70.6 398.9 314.4
009310,1.0 19 92.1 52.4 210.3 156.3 0.5 17 246.2 111.8 499.3 374.3 0.8 7 174.9 127.9 266.9 239.4 0.8 17 116.9 111.2 498.2 374.5 0.6 15 263.1 0.6 378.6 105.2 0.7 17 249.3 113.1 498.9 294.6
009311,0.9 19 327.3 55.2 381.3 127.8 0.9 19 239.7 48.6 300.5 128.2 0.8 8 303.8 160.1 353.0 269.6 0.9 14 0.8 30.5 65.2 267.7 1.0 8 331.1 162.7 417.0 282.8 1.0 8 410.5 164.6 494.7 273.8 0.7 19 427.9 46.5 476.4 125.6 0.9 14 0.7 30.5 65.9 331.8 0.8 8 309.3 147.3 414.2 278.0
009313,0.9 15 0.9 361.8 42.7 432.0 0.9 19 118.2 72.5 216.4 156.5 0.5 8 0.8 420.8 179.9 499.5 0.9 19 11.6 144.7 94.8 196.0 0.9 8 0.6 276.3 179.4 500.4
009314,0.9 14 215.4 256.1 320.6 392.4 1.0 14 58.4 231.6 95.9 348.9 1.0 14 207.4 209.8 253.8 278.9 1.0 14 91.9 206.0 367.5 500.1 0.9 6 179.9 191.6 309.9 329.4 0.9 14 213.3 254.9 352.3 499.6
009317,0.6 19 462.1 39.5 499.9 164.9 0.9 13 86.3 158.2 294.2 334.3 0.8 14 126.9 78.1 227.7 264.2 1.0 14 126.5 79.9 230.3 278.1
009319,0.6 19 1.0 285.8 75.0 414.8 0.7 19 0.8 86.0 98.2 200.4 0.9 19 82.8 52.8 456.0 402.7 0.7 19 80.3 57.7 420.4 500.9
009320,1.0 14 0.8 106.0 287.1 375.1 0.6 16 250.3 215.7 425.7 374.3
009321,1.0 6 29.9 55.7 479.0 285.8
009322,1.0 6 72.5 210.6 132.3 257.3 0.9 6 134.8 213.6 176.4 246.0 0.8 6 201.1 184.5 231.4 218.6 1.0 6 153.4 194.6 205.4 235.8 1.0 6 1.3 224.6 50.1 278.1 1.0 6 117.4 214.5 155.8 248.8 0.9 13 307.8 260.9 343.0 327.3 1.0 6 31.0 219.6 90.4 265.0 1.0 14 306.1 207.1 354.1 312.1 0.6 6 271.8 201.4 292.6 214.7
009328,0.5 14 162.2 62.8 282.7 181.8 0.8 14 54.9 67.0 280.6 280.1 0.5 14 55.0 79.2 194.8 283.4 0.8 14 1.6 65.6 281.5 280.8 0.6 14 2.0 66.1 214.3 319.1 0.8 14 1.6 20.6 421.4 318.2
009329,0.7 0 2.1 2.3 479.3 329.3
009332,0.7 0 1.6 60.7 299.2 180.5 0.6 13 193.7 237.2 332.6 355.6 0.8 0 2.4 60.5 299.7 182.8 0.6 0 0.6 63.7 334.1 352.7 1.0 14 161.7 289.5 231.4 398.9
009335,1.0 6 98.5 145.8 278.8 207.0
009338,0.9 13 87.6 100.3 420.6 327.7
009340,0.5 18 306.0 196.5 431.9 265.4
009341,1.0 6 24.4 80.9 481.3 302.4
009344,0.5 14 295.5 -0.1 478.4 232.2 0.5 13 36.5 47.0 496.4 332.0 0.7 14 297.9 2.2 491.9 279.6 1.0 14 283.5 2.3 493.5 332.9
009345,1.0 14 187.0 69.5 262.6 304.1 1.0 14 12.2 109.4 222.2 375.1 0.5 10 214.1 188.2 501.5 375.2 1.0 14 293.1 86.7 461.6 374.6
009346,0.5 7 59.8 120.4 221.9 304.7 0.5 7 245.2 104.8 433.8 313.8
009352,0.6 7 248.2 129.7 382.9 254.7
009353,0.6 19 226.1 140.0 275.4 183.2 0.5 8 273.4 133.1 340.7 277.4 0.8 19 101.1 76.0 172.9 160.9 0.9 17 1.9 155.3 315.5 333.2 0.6 8 224.5 140.4 325.3 279.8
009355,0.9 19 384.2 75.6 454.9 138.3 1.0 1 17.9 54.0 451.4 315.0
009356,0.5 0 427.4 240.8 448.5 260.2 0.7 0 435.6 206.0 467.6 235.3 0.8 0 434.7 147.3 458.4 173.7 0.7 0 412.9 257.1 438.0 275.1 0.8 0 429.7 141.6 451.0 160.7
009357,0.7 14 215.0 58.1 272.7 94.9 0.9 19 188.7 185.8 298.5 288.8 0.9 19 366.1 156.1 500.0 304.1
009360,1.0 6 185.5 118.7 450.6 312.5
009361,0.7 14 377.3 33.5 424.2 81.8 1.0 13 114.8 117.5 342.0 258.2 0.6 14 152.6 104.4 270.1 253.5 0.9 14 147.9 107.6 185.5 161.7 0.9 14 371.3 32.4 425.8 168.9 1.0 14 336.4 13.4 387.6 88.0
009363,0.8 14 69.3 84.6 298.4 499.1 1.0 14 1.3 83.7 301.1 499.7 0.9 17 0.6 141.3 374.8 500.0
009364,0.9 14 199.1 30.9 241.4 90.8 0.8 14 14.7 15.1 312.5 369.5 0.9 14 301.6 2.3 500.2 374.1 0.5 14 281.4 29.8 310.3 71.9 0.7 14 2.3 2.4 498.4 373.4 0.7 14 229.3 26.3 295.3 107.6 0.6 14 262.4 2.4 500.0 374.2
009366,0.8 4 17.2 1.5 155.9 446.8 0.8 4 34.5 1.1 126.8 157.8 0.5 4 140.8 31.5 319.1 469.8
009367,0.8 17 146.8 201.9 315.7 279.2 0.8 17 337.5 205.3 496.1 303.9 0.8 19 442.2 104.5 500.1 214.3 0.9 15 344.8 159.2 384.7 223.8 0.8 8 66.1 242.5 113.1 291.5
009369,0.8 14 129.9 7.3 205.7 137.9 0.6 12 91.7 24.2 255.2 134.9 1.0 14 130.3 8.1 204.6 83.5 0.9 12 91.6 23.0 257.4 200.5 0.7 14 131.3 7.5 204.2 60.8
009370,1.0 1 52.5 193.4 235.7 366.8 1.0 14 88.9 111.4 206.4 342.4
009372,0.9 18 103.6 125.3 401.1 262.2
009376,1.0 14 241.1 72.8 276.3 172.8 0.7 13 414.9 131.1 499.7 218.8 0.7 14 299.4 101.6 355.3 268.3 0.6 14 457.2 89.1 496.2 182.8 0.5 14 278.6 74.9 304.9 167.9 1.0 14 446.8 141.2 492.7 222.0 1.0 14 458.5 88.8 491.0 146.9 0.9 14 299.9 72.5 345.5 183.4 0.7 14 0.8 136.9 39.3 198.5 1.0 6 391.1 111.8 456.9 145.0 1.0 14 250.0 104.9 301.5 176.1 0.9 14 479.4 85.2 499.9 134.8 0.9 14 146.0 152.5 167.5 178.4 1.0 6 -0.1 122.3 362.5 349.4 1.0 14 336.6 95.4 376.0 236.5 0.9 14 172.9 149.2 204.0 175.5 1.0 14 278.4 75.3 304.3 122.9 1.0 14 300.3 102.0 352.3 189.4 0.9 14 299.1 72.9 343.8 125.4
009379,0.7 19 299.2 253.8 436.1 364.1 0.6 19 423.5 258.7 498.0 311.4 0.6 19 404.8 220.0 437.4 249.5
009380,1.0 14 200.2 39.4 294.7 192.6 0.9 12 83.9 74.0 400.8 247.4 0.7 12 80.6 73.8 399.8 356.9 0.6 12 254.4 74.9 401.4 244.6 0.6 14 322.0 72.0 398.9 239.3
009381,0.9 6 -0.6 0.0 252.2 107.5 1.0 6 33.0 2.2 499.1 339.6
009383,0.6 7 1.1 1.0 499.7 370.6
009384,1.0 6 165.3 292.9 262.8 375.0 1.0 6 278.1 310.6 323.8 350.9 0.8 6 311.2 296.4 346.2 341.1 1.0 6 1.4 295.3 59.5 375.3 1.0 6 66.3 302.7 145.0 360.7 0.8 6 59.4 299.2 97.4 338.0 0.9 6 141.2 309.2 177.0 339.3 0.5 6 33.7 301.4 63.7 328.3
009385,0.8 10 1.3 23.1 498.5 374.4
009387,0.7 6 386.8 249.1 446.6 268.4 0.5 6 175.1 251.5 208.8 273.2 0.7 6 206.9 239.1 353.2 275.5
009390,0.7 2 120.3 56.7 412.2 276.6
009391,1.0 14 87.5 145.8 202.3 406.5
009395,0.9 2 85.4 160.5 195.9 222.1
009396,0.8 6 43.5 458.4 86.4 482.1 0.7 6 27.9 455.9 86.6 482.7 0.6 6 30.2 456.5 50.3 476.0 1.0 6 140.8 416.2 264.9 500.1 0.8 3 121.3 111.0 160.5 241.9
009397,0.6 19 306.7 140.2 358.5 170.7 0.9 19 1.0 164.2 88.9 236.6 0.9 8 101.2 187.6 188.9 292.1 0.6 8 408.3 181.3 499.7 361.3 0.7 8 2.1 163.9 97.0 286.9
009399,0.9 18 142.2 64.3 415.2 285.0
009400,0.6 12 349.6 134.1 427.7 261.9
009402,0.5 14 412.4 89.5 440.5 115.6 0.8 6 1.3 109.4 200.4 177.5 0.7 6 5.4 112.2 163.3 178.8 1.0 14 164.1 82.4 481.6 332.3
009403,0.9 7 124.1 26.1 295.8 106.2
009404,0.9 19 2.4 43.3 260.1 269.7 0.8 19 274.1 73.5 480.6 257.5 0.5 19 255.6 57.0 484.0 290.5
009415,0.7 4 259.7 46.6 499.6 319.3 0.8 14 467.1 150.6 499.9 264.2 0.8 14 22.4 1.1 498.6 320.3 0.9 14 24.6 104.2 280.2 321.4 0.9 14 24.9 38.1 498.5 320.8
009416,0.0 0 0.0 0.0 10.0 10.0
009423,0.7 3 130.7 5.8 349.2 316.7 0.9 14 286.9 262.8 307.9 296.9
009425,0.5 14 86.5 22.3 224.8 264.3 0.9 14 95.5 20.8 342.4 374.1 0.8 10 91.3 236.0 410.2 376.2 1.0 14 208.3 20.3 345.0 374.0 0.5 14 98.1 19.9 412.0 373.4
009426,1.0 6 179.8 195.0 386.4 300.7
009427,0.6 6 2.4 10.0 489.2 326.5
009428,0.9 14 1.0 35.8 320.8 499.4 0.8 14 57.1 36.1 322.3 499.7
009430,1.0 14 197.5 40.1 222.5 62.0 0.9 14 322.6 38.0 340.9 54.2 0.6 14 419.2 41.1 441.1 73.7 0.9 14 477.2 22.9 499.8 112.6 0.9 14 443.8 40.4 477.6 124.6 0.5 6 0.3 76.7 261.5 251.3 0.8 14 475.2 22.8 499.8 149.4 1.0 14 101.4 28.1 144.8 80.3 0.9 14 357.3 35.9 374.3 53.6 0.9 14 418.4 59.0 441.2 90.6 1.0 14 445.2 41.1 478.5 103.3 0.6 6 1.3 74.9 323.3 352.3 1.0 14 23.9 34.8 64.3 90.2 0.8 14 416.4 58.7 445.1 118.2 1.0 14 131.7 30.8 168.6 77.1 1.0 14 53.9 20.9 106.8 89.3 0.5 6 390.9 36.9 453.3 63.4 1.0 14 1.2 17.7 23.3 82.8 1.0 6 2.2 55.2 494.6 349.5 1.0 14 159.1 36.1 185.7 68.2 1.0 14 372.0 30.3 402.0 60.1 0.8 14 348.2 35.3 365.0 53.9
009431,0.5 4 11.6 107.5 78.5 252.8
009435,0.6 8 1.4 221.5 82.8 330.9 0.6 17 373.9 140.3 500.1 294.9 0.5 17 -1.4 138.5 250.5 280.6 0.9 17 -0.9 138.1 251.5 323.8
009436,1.0 14 371.9 150.0 438.6 285.6 0.9 14 138.3 179.6 167.5 235.9 0.6 18 154.0 24.4 325.2 254.3
009441,0.5 14 3.2 1.3 497.9 374.1 1.0 14 6.3 1.7 387.2 374.5
009442,0.6 4 34.8 59.9 200.2 251.5 0.7 7 50.2 20.4 393.2 287.3
009444,0.9 8 298.4 273.3 395.9 374.8 0.7 8 389.5 257.6 490.5 374.8 1.0 8 137.8 276.5 216.9 374.4 0.5 8 411.8 256.9 491.4 374.8 0.5 10 251.9 263.3 492.8 374.7
009447,1.0 1 39.9 21.1 370.9 262.3
009449,0.5 7 128.3 129.7 460.5 323.7
009450,0.6 9 1.2 142.3 97.8 236.3 0.7 9 119.2 122.7 191.1 229.7 0.7 9 32.8 154.2 159.9 328.2 0.6 9 151.2 115.6 283.1 225.6 0.7 9 246.4 168.2 374.4 327.7
009451,0.7 16 120.9 45.8 191.0 94.4 0.5 16 79.5 48.6 126.7 76.1 0.5 16 1.5 44.6 45.6 69.1 0.5 16 1.0 79.8 30.0 170.8 0.7 16 1.1 64.1 46.7 134.7 0.7 16 407.4 65.2 468.1 91.2
009452,0.9 14 414.6 99.9 499.4 327.3 0.9 14 0.9 27.6 96.1 169.4 0.7 15 134.8 182.7 182.9 224.0 0.9 14 272.5 77.2 358.5 210.4 0.7 8 253.3 161.9 340.7 310.6 0.9 8 252.7 163.1 288.3 311.7 0.9 14 0.6 120.7 242.8 331.9 0.9 14 1.2 121.7 177.1 323.8 1.0 14 264.9 76.8 357.5 317.2 0.8 14 418.8 100.7 499.5 253.5 0.6 10 251.4 202.5 432.8 332.2
009453,0.5 11 0.5 148.6 354.9 375.4
009462,1.0 15 103.7 281.3 260.6 471.8 0.7 19 1.3 0.0 90.7 136.7 0.8 19 122.1 56.7 255.1 169.1 0.9 19 119.3 179.2 250.6 285.6
009467,0.8 2 93.1 202.6 297.1 335.3 0.9 2 27.0 42.1 93.2 133.1 1.0 2 87.2 37.6 178.1 148.5
009471,0.8 17 1.9 7.6 500.6 338.8 0.5 17 0.8 5.2 500.3 248.7
009473,1.0 14 5.7 97.6 228.6 376.2 0.5 14 11.1 98.7 181.1 375.3 1.0 14 178.1 89.0 341.4 375.0 1.0 14 337.1 104.4 499.7 375.7
009474,0.8 19 141.5 -0.8 199.0 206.5 0.6 19 0.2 229.5 250.9 485.5
009475,0.7 14 61.6 100.1 129.9 154.0 1.0 14 176.7 97.6 244.9 149.0 1.0 6 0.6 63.2 499.2 333.0
009478,1.0 14 96.4 17.9 308.4 335.5
009482,1.0 14 216.7 94.3 265.9 161.6 0.8 14 1.7 151.8 137.8 373.8 0.5 14 433.1 100.0 491.0 210.2 0.9 14 108.9 116.8 228.8 269.0 0.5 14 453.5 103.5 499.7 220.4 0.8 14 17.5 17.5 269.1 258.2 0.6 14 164.4 117.3 231.0 220.0 0.9 14 303.2 98.3 369.1 194.7 0.9 14 186.4 101.7 260.9 212.3 0.9 14 217.6 94.4 271.4 186.9 0.8 14 17.9 17.4 248.7 222.7 0.9 14 14.5 17.4 245.3 285.2 0.9 14 443.4 48.7 475.1 79.1 1.0 14 409.4 44.8 449.9 79.8 1.0 14 1.2 151.1 141.1 310.0 0.9 14 168.5 119.4 204.1 169.6 0.9 14 443.7 100.1 487.4 143.7 0.9 10 1.2 153.9 334.4 377.5 1.0 14 307.6 100.1 401.7 245.2 0.9 14 185.0 102.1 274.1 213.0 1.0 14 312.7 121.3 499.0 374.9 0.9 14 302.8 97.2 343.0 158.1
009483,0.7 7 11.1 18.9 233.1 271.4 0.7 4 1.3 116.1 150.4 471.4 0.8 7 10.0 17.9 333.8 491.3
009485,0.7 17 0.6 2.3 497.5 374.2
009486,0.6 8 198.2 224.4 236.2 441.3 0.9 8 249.2 263.8 368.4 500.1 0.6 8 250.2 265.6 338.5 498.9 0.5 8 251.3 206.9 363.8 492.7 0.6 19 114.0 197.2 156.0 227.7 0.9 17 -0.6 217.0 199.4 337.9 1.0 8 196.1 219.3 262.9 442.8 1.0 19 210.2 84.5 317.5 200.6 0.8 10 210.9 255.8 374.9 499.7
009487,0.6 8 73.3 218.6 267.0 375.1 0.6 8 70.8 224.2 183.4 374.2 0.6 4 38.9 78.0 89.9 169.0 1.0 14 51.4 54.0 308.1 374.6
009489,0.8 7 170.0 109.2 296.3 236.9
009492,1.0 6 104.3 66.8 485.5 243.6
009493,0.7 13 15.0 122.2 317.1 337.1
009495,0.7 13 329.9 119.7 499.3 352.6 0.6 13 28.8 100.3 208.2 333.2 0.7 13 29.5 73.6 499.6 348.1
009498,0.9 5 99.1 65.7 358.2 296.5
009501,0.7 18 192.5 123.0 271.7 222.4
009503,0.7 19 33.4 45.3 201.9 144.3 0.6 19 65.8 144.7 137.6 220.1 0.8 17 54.3 187.2 323.3 375.5 0.6 19 398.2 45.9 499.8 295.2
009505,0.8 14 168.2 51.1 282.4 266.3 0.8 14 130.7 52.2 292.2 333.4 1.0 12 99.1 107.4 342.4 412.4 0.9 14 135.8 51.9 295.9 271.8
009506,0.6 0 0.9 1.2 498.4 331.7
009509,0.8 1 229.8 39.9 464.5 136.6 0.6 14 159.7 43.4 258.6 374.4 0.9 1 270.5 56.1 462.8 177.8
009510,0.9 5 85.8 143.7 378.1 281.7
009511,0.8 14 225.5 64.7 359.9 233.5 0.8 8 212.6 64.1 339.7 375.3 0.7 19 396.3 149.3 453.0 201.1 0.9 19 297.4 72.2 349.4 168.4
009513,0.5 11 124.3 177.3 310.1 480.4 0.5 4 90.2 374.3 236.4 480.4 0.5 11 126.4 176.5 310.4 480.2
009514,1.0 14 194.1 113.0 270.5 293.9 0.7 15 1.1 34.5 127.4 252.0 0.9 14 370.0 117.2 409.1 168.8 1.0 8 283.6 162.6 396.0 315.0 0.9 14 215.1 116.2 252.7 161.7 1.0 8 152.0 158.5 268.4 321.3 1.0 8 370.1 155.1 461.5 288.7 0.6 14 358.0 117.6 404.0 205.0 0.9 15 238.6 70.9 324.3 166.5 0.8 14 168.9 112.9 270.0 292.7 0.7 8 307.2 141.6 420.4 225.4 0.8 15 1.1 34.8 93.7 267.0 1.0 14 165.7 116.3 202.9 160.7 1.0 14 102.1 112.9 167.3 288.4 0.6 15 85.3 74.3 127.4 113.9 0.5 15 376.3 40.9 413.9 145.7 1.0 8 88.6 147.3 159.0 300.7 0.9 10 188.8 158.3 351.1 300.0 0.6 14 279.3 315.7 382.3 375.2 0.6 14 321.1 118.4 382.6 246.3 1.0 14 326.8 119.4 379.8 203.7 0.6 14 367.3 117.5 410.2 241.1
009521,0.9 8 397.0 248.6 486.7 375.3 0.7 19 469.0 190.1 499.9 263.8 1.0 8 11.9 241.5 157.7 375.0
009522,0.0 0 0.0 0.0 10.0 10.0
009525,1.0 14 152.9 67.9 280.6 288.7 1.0 12 77.3 113.2 317.2 411.6 0.6 12 74.9 110.7 317.5 459.2
009529,0.8 8 40.8 203.3 101.5 311.4 0.9 14 411.5 166.8 499.1 281.9 0.8 14 201.4 189.9 301.0 375.4 0.6 14 412.4 169.0 499.7 375.7 0.7 15 279.6 114.1 391.3 231.4 0.9 14 40.7 125.9 91.4 239.4 1.0 14 180.0 87.0 276.4 308.0 1.0 14 39.4 124.9 104.0 311.4 0.9 14 310.2 172.0 483.0 330.0 1.0 14 200.6 188.6 417.1 375.4 0.9 14 308.7 170.5 483.0 371.0
009530,1.0 6 119.8 266.5 170.3 289.2 1.0 6 41.4 269.6 106.9 297.5 0.9 6 277.7 249.9 312.4 268.8 0.9 5 185.9 241.9 272.9 276.4
009534,0.9 1 69.9 237.4 150.8 302.7 0.9 1 5.8 235.5 151.2 302.4 1.0 14 79.7 201.2 132.4 297.5 0.9 1 322.3 251.6 428.5 331.2 1.0 14 336.5 202.4 409.2 308.0
009535,1.0 14 218.7 50.2 326.5 281.0 1.0 12 180.9 88.9 418.0 331.8
009536,1.0 14 0.9 82.1 30.6 176.5 1.0 6 57.3 63.8 500.4 355.2
009538,0.5 18 113.6 205.1 500.6 298.8
009539,1.0 14 196.6 191.1 236.1 278.3 1.0 14 435.3 166.6 499.5 321.5 1.0 14 322.7 182.5 369.1 302.4 1.0 14 129.3 198.2 160.9 266.9 0.6 12 85.4 202.6 122.6 259.3 1.0 14 259.0 171.4 342.7 324.8 1.0 14 369.0 175.3 417.6 307.9
009544,1.0 4 334.6 1.3 359.4 56.5 1.0 4 406.5 64.3 467.0 192.7 0.6 4 367.1 67.6 386.3 129.1 1.0 4 299.7 28.6 354.9 144.3 0.8 7 4.7 0.8 313.5 244.1
009547,0.9 4 247.8 309.3 326.4 500.7 1.0 4 0.9 197.2 46.2 386.4 1.0 14 46.3 11.7 349.2 312.9 0.8 4 84.4 112.3 105.4 170.5 1.0 4 114.9 206.8 172.0 429.4
009548,0.7 14 311.8 226.9 328.1 261.9 0.6 18 0.3 154.6 311.8 379.9
009552,0.6 4 71.8 241.3 138.9 361.6 0.7 7 69.4 32.9 293.9 474.5
009553,0.5 0 239.2 123.1 317.9 208.4 0.7 0 366.4 189.9 428.6 220.4 0.8 0 358.9 158.9 429.7 220.7 1.0 0 134.1 167.2 199.0 196.7 0.8 0 354.5 81.7 427.4 167.0 0.9 0 239.5 124.1 310.9 181.5 0.6 0 354.0 110.9 426.8 177.6 0.9 0 254.9 181.4 316.4 209.4 0.9 0 354.3 81.5 427.1 136.3
009554,0.8 19 141.8 134.4 185.5 224.5 1.0 14 18.9 124.9 299.1 366.6 0.5 14 21.8 122.9 434.2 366.1 0.5 17 1.3 193.7 498.8 369.2
009555,0.8 5 383.4 95.1 492.8 128.0
009556,0.7 14 60.8 67.3 280.0 270.7 0.6 14 53.9 64.3 278.7 373.9 0.9 14 68.0 1.2 500.5 374.1 0.6 14 60.2 69.0 277.1 319.6 0.9 14 196.2 1.3 501.2 374.3
009559,0.9 1 286.1 158.8 464.9 250.8 0.9 1 346.4 158.2 464.6 251.2 1.0 14 257.6 91.4 302.4 245.5 1.0 14 307.2 85.3 380.9 244.9 0.5 14 261.9 90.2 301.2 176.3 1.0 1 188.6 154.7 343.5 249.3
009561,0.6 4 325.3 325.6 383.4 375.2 0.6 4 358.5 327.6 380.4 375.7 0.7 4 376.8 63.4 410.3 133.1 1.0 19 83.0 82.2 195.3 188.5 1.0 14 126.2 74.2 368.4 368.7
009563,0.7 14 190.0 137.9 229.8 188.8 0.9 13 1.1 166.7 256.8 496.1 0.6 13 285.2 198.0 324.7 299.3 0.9 14 187.8 135.3 282.1 410.8 0.9 14 184.3 137.8 244.1 369.2 1.0 14 230.7 139.4 285.6 410.0
009564,1.0 6 204.5 171.9 282.5 212.3 1.0 1 115.3 220.4 212.1 316.9 0.9 6 1.2 175.5 71.3 222.8 0.9 6 66.7 167.1 200.2 217.8 1.0 14 126.2 143.3 190.4 279.1 0.9 6 269.6 164.3 401.7 260.9
009569,0.8 11 90.2 168.5 227.1 301.9 0.6 11 220.9 213.8 398.6 375.7 0.6 11 219.7 309.4 391.4 375.5
009570,0.9 4 71.3 91.2 113.0 215.7 0.8 4 8.9 118.5 44.0 200.1
009572,0.9 11 199.0 76.6 337.5 259.2 0.7 11 317.5 92.5 460.9 162.1
009574,1.0 14 357.3 60.6 499.2 374.2 1.0 14 136.9 81.8 272.5 371.7 1.0 14 2.0 76.5 158.5 373.1 1.0 14 262.8 61.0 397.1 367.9
009575,0.8 7 88.7 1.4 500.3 288.0
009578,0.0 0 0.0 0.0 10.0 10.0
009581,0.9 15 7.3 19.5 162.8 260.5 0.6 15 334.7 125.6 493.7 276.1
009582,0.9 4 410.3 205.1 487.2 352.1 0.9 8 -0.1 68.1 159.3 328.7 0.5 10 1.0 83.3 499.9 376.1
009583,0.9 14 296.7 15.4 400.8 95.2 1.0 14 0.2 1.5 323.0 332.5 0.9 14 210.7 0.0 500.5 251.3
009589,0.9 6 46.0 25.2 129.0 60.2 0.9 7 1.3 118.9 383.1 375.6 0.5 19 164.3 0.8 228.6 73.4
009590,1.0 14 88.8 133.7 116.8 169.6 0.9 14 118.3 137.5 139.5 163.4 0.9 6 1.1 139.6 91.2 208.8 0.9 14 0.8 135.2 20.0 203.4 0.7 14 3.5 135.1 19.8 168.3 1.0 6 13.5 79.9 491.6 301.1 1.0 14 44.6 134.7 76.1 190.4 0.9 14 227.2 131.0 254.9 157.9
009592,0.7 8 206.4 127.2 269.3 269.9 0.9 14 126.8 60.8 149.7 94.2 0.9 11 96.9 76.5 243.7 270.0
009593,0.7 6 440.8 170.8 500.2 248.9 1.0 6 170.4 173.7 394.4 271.3 1.0 14 393.3 153.2 428.5 266.1
009594,0.6 19 4.8 172.0 63.6 244.9 0.8 19 222.1 287.8 318.8 375.4
009595,0.8 8 43.8 83.2 243.6 257.2 0.6 19 362.1 43.8 437.1 126.8 0.9 8 187.9 53.0 262.8 197.6
009599,0.6 4 151.6 64.4 180.9 136.8 1.0 14 0.5 1.3 161.2 299.5
009601,1.0 14 242.6 162.7 263.6 230.5 0.9 14 337.1 71.8 367.1 114.6 0.7 14 245.2 164.6 262.8 229.7 1.0 14 370.0 149.9 397.7 254.2 1.0 14 319.4 152.4 363.4 245.2 1.0 6 116.0 182.1 223.0 250.6 1.0 14 443.8 160.9 474.5 266.0 0.5 14 205.0 170.8 224.2 226.5 1.0 14 392.9 148.7 423.7 258.8 0.5 14 362.6 153.4 383.4 224.9 0.5 14 388.1 60.1 416.6 109.3 1.0 14 363.4 151.8 387.7 250.8 0.9 14 365.9 62.4 399.9 117.3 1.0 14 269.1 161.4 298.4 234.7 0.9 14 243.2 163.3 262.5 230.1 0.8 14 385.3 60.1 413.5 89.2 1.0 14 0.9 129.9 126.1 339.2 0.7 14 361.2 152.3 381.2 248.5 0.7 14 200.7 171.6 219.6 210.9 1.0 14 206.8 169.0 243.7 229.5 1.0 14 473.6 159.4 499.9 269.0 1.0 14 299.0 167.0 326.4 238.1
009602,0.5 15 180.2 32.9 332.3 164.5 0.9 15 0.5 0.4 186.3 196.1 0.5 10 1.9 1.3 475.4 374.0 0.7 15 20.5 196.9 146.8 329.0 0.9 15 333.4 103.6 465.6 252.0
009604,0.6 7 47.2 11.4 375.8 498.7 0.6 7 46.5 12.3 375.9 338.5
009606,1.0 15 88.4 225.9 140.3 273.9 0.7 4 49.1 383.7 75.7 453.5 0.9 8 261.4 369.1 375.2 500.7 0.9 8 82.8 328.8 230.1 500.1 0.9 15 178.3 303.4 240.6 351.4 0.9 10 33.6 319.2 375.1 500.0 0.7 4 230.9 441.1 266.2 500.3
009607,0.8 2 125.3 127.7 370.2 250.5 0.8 2 127.0 127.4 460.4 354.7
009608,0.7 2 152.8 69.5 273.9 221.2
009610,0.9 4 10.4 128.8 83.5 367.2 1.0 14 13.0 27.7 276.0 496.1
009612,0.8 14 13.4 106.2 344.2 451.5 0.6 14 14.9 106.3 275.7 499.7 1.0 14 13.5 107.0 344.5 499.4
009616,0.0 0 0.0 0.0 10.0 10.0
009622,0.8 19 358.6 50.1 499.9 219.1 1.0 14 79.8 55.9 267.0 333.6 1.0 14 253.0 107.7 476.6 332.9
009624,0.8 11 203.7 57.1 274.6 209.2
009625,0.5 19 139.3 167.4 200.9 289.7 0.6 18 45.0 129.7 281.0 428.6 0.7 18 45.5 130.8 280.6 402.8
009626,0.9 14 36.2 146.2 415.2 274.4 0.8 4 345.6 318.0 374.6 375.5 0.6 17 22.8 126.6 466.6 298.4 0.9 14 249.1 175.1 416.0 276.0 0.6 4 136.9 340.7 166.3 374.7 0.8 14 35.9 142.4 445.6 373.4 0.8 17 2.3 124.8 478.6 373.3 0.7 14 253.7 146.9 485.2 352.6
009628,0.9 14 0.9 122.0 218.4 366.3 1.0 14 1.1 120.8 117.3 326.7 0.9 14 110.5 114.1 374.5 374.2 0.9 14 227.0 115.3 377.3 373.9 0.9 19 358.1 61.8 456.5 139.6
009630,0.5 19 2.0 0.5 237.0 113.1 0.6 8 305.1 160.1 407.9 374.3 0.6 8 338.3 158.3 407.8 309.9 0.9 15 294.6 96.9 334.4 139.1 1.0 15 370.2 95.7 421.6 146.4 0.7 8 238.7 134.6 273.5 190.6 0.6 15 396.3 88.0 419.8 144.1 0.5 19 416.9 100.6 468.9 166.8 0.8 4 47.9 146.8 70.8 212.8 0.9 15 330.6 100.4 372.7 141.8
009631,0.8 8 350.5 226.3 390.7 330.9 0.6 8 404.8 166.1 478.9 307.6 0.9 19 121.6 156.2 208.1 307.3 0.9 8 404.0 166.2 477.2 247.3 0.6 19 268.8 103.7 327.5 177.0 0.9 8 32.6 176.2 100.8 265.4
009632,0.9 14 74.9 189.3 102.0 223.1 0.9 19 203.7 14.1 295.9 141.3 0.5 19 58.8 1.2 187.5 230.7 0.7 8 2.8 0.8 183.6 332.0 0.8 19 352.4 197.1 424.7 261.5
009633,0.9 14 374.7 90.4 500.0 272.2 1.0 14 302.1 88.2 400.1 180.1 1.0 14 110.8 166.9 166.0 252.8 0.6 14 433.0 88.7 499.7 165.9 1.0 14 19.7 170.4 91.1 248.5 1.0 14 155.1 35.2 394.8 273.5 0.5 14 300.1 89.4 500.2 272.3
009635,0.5 17 8.3 387.1 243.4 498.8
009639,0.6 13 10.4 98.2 300.4 326.6 0.8 13 9.2 17.6 300.0 326.5
009640,0.9 7 155.1 111.3 360.2 228.3
009642,0.0 0 0.0 0.0 10.0 10.0
009643,0.7 5 212.4 192.2 301.4 247.5 0.6 8 195.7 263.7 284.1 428.2 0.5 8 99.9 290.3 215.4 407.7 0.7 8 189.7 320.7 282.6 430.3 0.5 8 239.3 386.3 370.4 500.5
009645,0.9 4 125.6 8.6 205.5 186.5 0.9 4 296.5 3.3 363.0 234.8 0.6 10 1.2 88.2 438.0 375.6 0.6 4 31.7 65.9 114.4 296.8 0.5 4 196.5 188.1 271.4 328.9 0.6 4 214.5 3.2 285.3 327.1 0.8 4 223.5 24.6 287.7 224.8
009646,0.9 7 59.8 81.3 316.3 374.6
009648,0.6 14 150.4 39.0 210.6 125.7 0.6 14 155.8 40.4 209.3 100.5 0.8 14 92.5 233.9 195.1 417.3 0.8 14 251.8 2.1 374.8 499.7 0.6 14 93.7 237.7 160.6 320.6 0.5 14 133.0 40.1 233.6 208.0 0.5 14 92.7 236.3 192.1 330.1 0.6 14 114.4 231.5 192.9 418.3 0.6 14 147.8 206.0 210.5 439.8 0.8 14 117.9 1.3 374.7 498.8 0.9 14 154.6 39.0 236.6 134.7
009651,0.5 14 1.8 20.6 284.1 373.5 0.9 14 0.4 21.1 285.5 312.6 0.9 14 1.2 20.4 404.1 373.5 0.6 14 146.3 20.3 407.9 374.0
009652,1.0 6 1.0 1.8 314.3 261.5
009653,0.9 14 126.5 84.4 317.3 362.1 0.8 4 200.5 295.3 293.6 367.1 0.8 14 7.3 37.9 315.1 374.6 0.9 14 6.3 34.8 179.4 374.9 0.7 14 123.2 84.6 332.9 371.2 0.5 4 178.2 226.4 294.0 366.0 1.0 14 301.3 18.7 500.6 356.1
009657,0.7 14 202.6 63.8 299.6 172.8 0.9 14 147.9 63.7 301.4 238.7 0.9 13 47.2 116.3 317.9 350.7 0.5 14 199.6 63.7 301.0 295.2
009660,0.5 14 175.2 154.1 255.4 308.1 0.6 4 93.4 172.9 207.9 381.8 0.6 4 111.4 175.1 207.0 340.3 0.7 14 13.5 206.5 175.4 414.0 0.9 14 14.8 155.9 332.8 413.8 1.0 14 178.1 155.7 333.4 329.5 0.6 14 116.8 154.8 334.3 380.5
009661,1.0 14 41.6 92.1 73.0 205.1 0.9 14 212.7 36.6 303.1 168.5 0.9 14 210.4 37.0 302.5 178.7 0.9 12 62.2 58.9 400.5 280.2 0.7 12 1.6 59.4 398.4 287.5 0.6 12 67.0 70.1 394.7 354.8
009662,0.8 8 0.2 266.3 218.0 375.6 0.7 8 164.6 220.7 237.9 306.2 0.9 8 1.5 268.4 104.2 374.9 0.5 8 117.2 261.1 195.2 316.8 0.7 19 99.5 70.9 163.9 109.3 0.5 8 352.6 199.9 460.9 284.2 0.6 8 70.0 267.0 218.7 374.6 0.6 8 352.7 200.1 461.1 292.6 0.7 8 115.6 232.3 226.0 314.8 0.9 8 217.4 212.2 346.3 297.0 0.7 8 351.0 199.2 464.9 338.5 0.9 10 75.4 279.7 501.4 375.3
009663,0.6 15 165.8 113.1 221.3 182.2 0.5 17 220.6 232.7 500.3 375.3 0.9 19 406.4 6.8 488.1 93.1 0.8 8 236.7 83.8 325.6 258.7 0.7 8 0.9 164.9 100.4 297.0
009665,0.6 12 79.4 169.5 123.1 255.3 1.0 14 119.4 144.8 155.8 258.2 0.5 12 80.5 170.0 115.6 255.2 0.6 12 192.2 143.5 325.3 253.8
009669,0.7 7 1.5 1.4 498.2 332.5
009672,0.6 7 401.3 73.5 499.7 207.3 0.9 7 149.0 113.7 448.6 374.7
009673,0.9 14 82.9 11.0 159.9 104.0 0.6 6 1.7 16.5 109.8 77.2 0.9 13 2.5 57.8 212.0 201.8 0.8 14 74.2 11.3 170.9 176.8 0.7 6 146.2 14.7 500.5 78.7
009674,0.9 14 101.1 125.2 159.0 287.9 1.0 14 1.2 138.6 77.0 376.1 0.8 13 84.3 160.8 301.2 446.3 1.0 14 223.8 127.6 315.1 403.6
009675,0.7 6 81.2 21.1 500.2 274.3 0.7 6 81.1 53.2 498.6 270.5
009677,0.6 13 297.3 1.3 458.2 91.6 0.9 13 83.5 26.7 397.9 316.4 0.7 13 85.3 87.1 391.6 316.6
009680,0.7 14 319.6 81.4 369.6 120.7 1.0 6 0.9 110.5 80.9 256.4 1.0 6 38.9 92.8 417.9 337.1 0.9 14 310.9 81.4 380.6 173.1
009682,0.9 18 2.3 108.5 400.6 274.1 0.8 18 338.7 114.4 500.6 186.6
009683,0.8 6 0.7 168.6 23.6 188.6 0.9 5 85.2 111.1 432.4 268.9 0.5 6 67.8 171.8 88.3 189.4
009688,0.8 6 100.6 5.8 327.7 139.3 0.8 6 38.3 109.6 394.9 374.4
009689,1.0 19 233.7 46.7 329.4 139.1 0.8 8 46.4 160.3 232.2 374.0 0.9 8 257.9 160.6 442.8 375.8
009690,1.0 8 339.4 194.6 409.0 295.2 0.6 8 385.2 177.6 436.3 289.0 0.7 19 1.1 159.5 52.8 255.9 0.6 19 127.9 160.5 172.9 229.5 0.5 10 1.1 210.2 391.6 334.2 1.0 8 237.0 192.2 324.6 333.2 0.5 10 256.5 208.7 396.2 328.9 0.9 8 246.2 228.6 321.7 333.7 0.8 19 289.3 94.9 376.4 206.0
009694,1.0 6 174.7 305.9 272.8 349.0 1.0 6 264.6 307.1 345.1 352.6 0.7 14 58.9 303.3 77.3 334.0 0.6 0 91.1 97.8 116.4 136.2 1.0 6 326.9 299.4 420.3 351.4
009696,0.0 0 0.0 0.0 10.0 10.0
009697,0.5 19 3.1 185.1 63.7 257.1 0.6 4 106.5 45.7 174.7 220.1 0.6 14 2.3 2.5 331.1 374.1 1.0 14 1.3 2.2 498.6 373.8 0.7 19 49.5 179.3 108.2 240.5
009701,1.0 6 86.0 133.8 311.3 221.2
009704,1.0 14 119.7 197.0 149.9 286.4 1.0 14 391.1 196.9 434.5 284.2 1.0 14 365.2 180.0 384.3 243.3 1.0 14 445.0 182.7 465.7 251.1 1.0 14 161.6 192.1 190.7 288.8 0.5 14 385.7 189.4 402.2 249.5 0.5 5 46.1 129.6 201.4 227.1 0.9 5 44.8 127.1 270.5 243.8 1.0 14 384.1 188.6 403.7 252.8 1.0 14 80.5 189.8 105.0 267.3 1.0 14 484.3 189.1 500.0 256.7 1.0 14 416.7 169.7 439.5 231.4 0.6 6 305.0 184.3 350.1 212.0 1.0 14 223.6 194.7 255.2 264.3
009705,0.7 13 55.0 62.5 457.0 247.8 0.9 13 56.9 8.5 458.2 253.5 1.0 6 245.6 0.4 387.0 42.3
009708,0.7 8 228.7 178.7 467.9 375.4 0.9 8 290.2 197.5 466.1 375.0 0.5 19 237.2 131.0 270.8 165.9 0.7 17 2.3 126.9 216.4 324.2 1.0 14 30.6 99.5 203.2 238.0 0.9 8 1.1 128.5 215.7 325.2 1.0 14 177.8 110.3 436.2 374.9 0.7 19 264.5 132.9 306.1 166.4
009714,0.6 19 57.6 238.5 198.3 491.1 0.9 14 0.7 406.9 21.0 451.6
009715,0.8 4 269.8 196.8 285.3 234.6 1.0 14 195.1 126.5 427.5 374.0 0.6 14 289.5 126.0 410.0 280.9 0.6 14 264.0 127.4 293.2 164.0 1.0 14 293.2 125.4 410.5 232.8 0.7 14 197.8 127.3 311.6 257.8 0.9 14 31.7 98.5 294.0 374.4 0.5 14 33.6 97.8 199.9 373.9 0.9 14 34.6 99.1 424.3 374.3 0.5 10 78.4 218.7 500.2 374.9 0.9 14 290.9 125.5 424.4 374.5
009716,0.5 2 80.1 120.4 301.8 340.8 1.0 2 83.4 117.4 300.8 290.0
009720,0.7 7 1.0 29.6 305.9 373.8 0.5 7 0.6 12.4 499.8 374.9
009722,0.6 6 176.8 279.7 329.8 376.0 0.9 12 93.1 184.4 187.2 359.5 0.9 14 139.5 241.4 202.1 348.1
009723,0.9 6 0.6 26.3 106.3 117.7 0.5 6 377.6 113.0 499.4 305.3 1.0 6 371.6 25.5 499.6 90.7 0.9 6 52.9 20.9 173.5 51.4 1.0 6 0.3 65.8 498.9 363.4
009725,1.0 1 4.2 227.0 126.4 354.3 0.6 18 173.8 27.5 499.6 374.3
009727,0.0 0 0.0 0.0 10.0 10.0
009728,1.0 14 347.9 246.6 388.1 283.5 1.0 14 444.0 271.8 461.7 287.5 0.9 3 213.6 44.3 251.3 181.4
009730,1.0 14 194.4 64.2 318.1 224.1 0.9 14 196.6 63.7 317.3 292.5 0.8 1 235.3 75.3 427.6 304.1
009731,0.0 0 0.0 0.0 10.0 10.0
009736,1.0 14 34.9 5.3 333.1 497.8
009739,0.6 14 59.7 161.4 238.6 327.0 1.0 14 65.7 160.9 236.6 500.0 0.7 14 68.1 68.6 342.6 499.1 0.9 14 159.5 68.8 345.0 399.9 0.9 14 148.5 67.6 350.7 497.9
009740,1.0 6 175.4 154.7 301.0 234.6
009741,0.9 8 1.1 219.4 44.8 325.1 0.7 15 34.6 214.5 71.2 269.3 0.7 14 136.9 181.9 206.1 350.0 1.0 8 115.7 230.7 196.6 364.7 1.0 14 137.9 183.1 205.2 295.4 1.0 14 189.1 201.3 219.3 244.7 0.7 15 102.0 214.6 132.6 266.5 1.0 14 189.9 73.4 425.6 373.1 0.6 8 410.7 313.4 469.4 373.8
009742,0.6 4 239.3 30.9 279.5 105.3 0.6 4 407.8 44.3 450.1 138.2 0.6 4 145.3 38.3 236.2 163.6 0.7 4 92.2 85.7 136.4 165.8 0.6 4 35.7 115.9 90.5 258.5 0.6 14 259.3 0.1 389.8 71.1
009744,0.6 11 351.7 90.5 455.7 220.6
009750,0.8 15 338.8 293.9 402.2 375.1 0.6 19 419.1 215.4 490.4 369.9 1.0 15 126.5 160.4 183.2 359.3 1.0 15 12.0 173.1 51.3 333.2 0.6 15 186.0 208.6 266.1 367.9 1.0 14 39.8 218.9 106.4 375.0 1.0 15 203.4 309.6 270.5 372.4 0.9 15 337.1 155.4 399.2 375.6
009751,0.9 18 68.9 34.3 403.7 326.8
009752,0.0 0 0.0 0.0 10.0 10.0
009753,0.8 7 108.4 169.8 267.4 257.6
009757,1.0 6 9.4 69.3 490.6 249.0
009759,0.0 0 0.0 0.0 10.0 10.0
009760,0.0 0 0.0 0.0 10.0 10.0
009765,0.7 7 109.3 56.8 329.8 343.5
009766,0.8 14 88.3 61.1 392.9 438.6 0.9 14 2.3 27.1 394.2 438.1 0.8 14 90.4 27.7 499.3 438.5 1.0 14 244.3 77.5 474.9 329.0
009768,0.6 14 101.4 150.1 116.8 164.7 0.7 12 344.3 133.2 424.4 254.2 1.0 14 347.3 96.6 409.7 207.1 0.6 9 51.8 171.0 102.4 234.6 0.5 9 197.7 166.9 249.2 229.7
009769,0.9 17 37.8 164.6 467.8 340.6 0.7 19 380.4 168.8 468.9 333.1
009770,1.0 6 69.7 270.8 401.4 374.5
009771,0.9 14 74.0 93.9 91.3 127.5 0.6 9 158.1 214.4 445.9 374.8
009775,0.6 14 35.0 61.9 180.9 428.9 0.6 14 3.9 62.1 201.6 428.6 0.7 14 36.2 60.2 202.1 428.8
009777,0.9 6 189.5 175.3 291.0 233.1 1.0 6 5.1 192.3 74.5 261.0 1.0 6 335.0 189.4 437.4 231.1
009779,0.8 6 358.4 142.9 498.2 307.5 1.0 6 399.1 184.6 498.4 308.5 1.0 6 94.2 190.1 318.7 331.2 1.0 14 257.1 135.0 301.7 237.4 1.0 14 346.9 143.9 396.9 294.4 1.0 14 307.3 139.1 353.8 279.3
009782,0.7 8 250.7 162.7 310.0 219.1 0.6 8 166.4 141.9 211.9 208.5 0.7 15 8.4 3.5 195.5 87.8 0.9 8 1.7 240.6 70.1 374.9 0.7 15 9.6 5.0 107.6 83.5 0.6 19 396.3 146.0 446.0 196.9 0.5 4 324.3 250.0 341.3 290.7 1.0 4 328.5 248.8 352.2 329.5 1.0 14 106.5 140.2 179.5 222.1 1.0 14 459.5 157.1 499.8 283.5 1.0 4 416.1 231.6 437.5 304.5 0.5 4 396.9 216.1 411.4 252.7 1.0 14 359.6 95.6 398.7 154.0 1.0 14 211.9 138.1 301.8 225.7 1.0 14 94.3 94.7 165.2 174.9 1.0 14 1.3 145.3 239.8 374.8 0.8 10 86.2 205.8 500.0 374.2 0.6 10 188.6 221.2 500.5 374.8 1.0 14 318.1 150.3 407.5 242.9 0.6 8 279.0 164.0 308.4 217.7
009783,0.8 14 185.1 116.4 314.1 303.6 0.7 8 414.8 66.6 499.4 269.9 0.8 8 66.0 52.9 187.7 225.0 0.5 14 186.7 115.9 435.1 308.6 1.0 14 184.4 116.7 310.1 262.6
009784,0.6 18 0.9 84.2 498.7 370.8 0.7 18 1.3 96.6 451.5 365.0
009786,0.6 7 86.5 70.4 444.3 271.2
009787,0.8 15 -0.1 1.1 143.1 332.4
009788,0.9 8 448.4 117.7 499.9 216.9 1.0 1 57.4 60.9 487.3 337.4
009791,0.5 14 413.9 217.7 432.0 277.9
009793,0.9 0 31.1 72.6 441.2 354.0
009795,0.7 8 286.0 182.5 405.8 375.5 0.7 19 368.3 132.5 432.9 221.2 0.9 19 93.4 160.7 189.2 229.2 0.7 8 28.9 217.4 83.6 310.4
009798,0.8 14 331.9 126.0 457.8 374.7 0.5 14 56.2 136.3 169.5 298.9 0.6 10 282.4 214.7 499.6 375.1 0.7 14 444.2 92.2 499.7 222.8 0.8 8 425.3 121.0 490.2 230.9 0.6 4 202.2 229.8 216.3 287.4 0.6 14 431.0 92.7 499.7 220.8 1.0 4 166.7 200.0 190.2 281.8 1.0 14 110.2 130.5 186.2 289.3 0.6 14 462.5 91.1 499.7 154.2 1.0 14 11.8 151.4 119.4 352.7 0.9 10 57.7 206.8 333.1 375.2 1.0 14 67.4 135.7 164.6 298.3 0.5 8 369.5 232.9 444.6 374.2 1.0 14 280.9 120.8 381.8 308.9 0.5 4 297.7 133.0 314.2 193.3 1.0 14 284.6 124.5 457.8 374.4
009799,0.7 11 8.5 23.6 495.2 330.5
009802,0.8 11 48.2 221.3 181.5 374.9 0.8 11 53.3 112.6 264.1 376.3 0.8 11 91.9 112.7 271.4 237.0 0.5 8 1.8 1.4 466.6 373.9 1.0 14 114.5 23.9 428.9 369.2
009803,1.0 14 182.9 80.5 240.9 204.8 1.0 12 129.0 125.4 305.3 235.8
009804,0.9 14 195.9 133.9 214.7 155.6 0.6 14 487.1 129.1 499.9 175.2 1.0 14 357.0 129.2 381.4 160.8 0.9 14 456.9 130.6 491.6 175.4 0.6 14 452.8 129.7 474.3 219.6 1.0 14 453.9 130.4 493.3 224.5 0.6 14 369.8 130.1 388.2 161.4 0.9 14 395.9 132.8 417.5 168.1 0.9 14 377.6 130.7 399.1 163.9 0.8 14 122.3 135.3 144.0 169.0 0.5 14 451.7 129.9 469.3 168.0 1.0 6 15.4 135.1 388.6 308.6 0.9 14 155.6 135.4 176.3 171.1 0.7 14 481.8 128.9 500.0 225.9 0.5 14 336.2 131.4 354.2 161.2
009806,0.6 6 401.4 204.4 418.1 233.6 0.9 14 202.6 181.1 226.3 207.3 1.0 14 8.2 196.4 35.5 268.3 0.8 6 101.0 186.9 128.3 231.7 0.9 5 184.3 42.0 407.5 303.9 1.0 6 32.9 203.7 105.1 235.2 1.0 14 280.3 177.9 305.6 204.4
009811,0.7 0 1.1 44.2 500.0 194.1 0.6 0 1.4 40.7 377.1 194.4
009812,1.0 14 4.8 201.7 180.5 501.0 0.7 10 99.6 308.7 334.0 497.0
009814,0.8 7 140.4 65.6 342.8 300.9
009815,0.9 8 25.9 219.0 163.0 356.3 0.8 8 137.0 245.3 254.3 356.5 0.9 8 244.7 195.4 385.4 357.1 0.5 15 296.4 118.6 420.0 247.8 0.9 8 24.3 195.0 164.4 356.2 0.9 10 20.1 210.0 429.9 356.2 0.5 8 25.8 182.0 113.5 354.7 0.9 8 345.6 250.3 472.5 356.3
009817,0.6 2 149.6 140.9 450.7 375.0
009818,0.7 16 314.7 227.6 347.8 253.0 0.7 16 66.4 206.4 89.8 226.7 0.7 16 18.2 201.5 44.5 221.4 0.7 16 244.5 183.9 274.3 204.1
009820,0.7 7 1.3 1.3 499.9 344.4
009821,1.0 6 11.3 116.8 447.0 257.5
009824,1.0 0 115.3 131.2 390.0 216.1
009826,0.0 0 0.0 0.0 10.0 10.0
009827,0.9 6 466.9 162.3 499.8 213.7 0.9 18 42.0 93.5 197.0 217.3 0.5 18 0.1 98.0 194.3 218.3
009829,0.9 6 397.3 278.8 426.4 296.7 1.0 6 310.7 278.0 371.5 319.2 1.0 6 210.3 288.4 245.0 333.4 0.8 6 438.1 267.2 499.6 344.5 0.9 5 1.4 231.2 222.0 374.9 0.5 6 347.6 266.3 392.5 310.9 1.0 6 251.0 284.1 308.4 324.1
009835,0.9 0 124.5 131.9 397.3 284.8
009837,0.7 19 266.7 0.7 366.7 73.1 0.8 19 380.5 0.4 499.6 71.6 0.9 19 255.3 0.6 378.8 118.8 0.8 19 1.2 0.5 145.6 85.2
009838,0.0 0 0.0 0.0 10.0 10.0
009840,0.9 19 103.0 57.6 421.3 286.5 0.7 4 1.0 205.2 24.7 351.9 1.0 14 136.0 130.9 183.1 233.5 1.0 14 181.6 117.4 251.4 232.0 0.8 19 66.6 171.7 119.5 289.6 1.0 14 275.7 159.3 315.8 228.7
009843,0.6 12 37.2 84.9 285.5 498.7
009844,0.5 14 93.3 218.1 191.0 313.0 1.0 14 196.1 52.3 229.2 102.2 0.9 14 274.4 101.0 300.7 168.4 1.0 14 100.5 264.5 170.2 374.4 0.9 18 0.6 18.7 500.0 312.3
009846,0.9 8 35.3 115.8 90.2 197.9 0.5 17 98.3 127.7 463.2 276.2 0.6 8 85.6 111.4 131.6 197.5 0.7 8 86.0 112.5 132.8 201.7 0.5 17 97.4 127.8 477.8 355.4 0.7 17 182.4 129.5 465.5 276.2 0.9 17 182.1 129.6 489.9 336.2
009847,1.0 14 7.2 241.6 57.2 333.2 1.0 14 51.7 245.1 105.1 332.6 1.0 6 198.8 122.5 300.7 192.2
009849,1.0 6 81.4 180.6 254.6 243.6
009850,1.0 14 260.3 214.4 304.6 309.0 0.9 13 77.2 197.9 247.1 420.2 1.0 14 190.0 152.5 275.1 387.0
009853,0.5 4 307.7 108.9 394.4 308.3 0.6 8 1.3 108.5 176.1 290.1 0.7 14 131.6 1.0 434.5 337.8 0.5 8 111.8 124.8 178.8 285.2 0.6 8 1.7 109.0 175.3 297.5 1.0 8 1.3 112.0 131.4 298.5 1.0 14 108.8 1.6 434.9 372.5 0.5 10 1.6 290.5 499.3 373.9 0.9 14 376.0 40.9 422.8 85.7
009854,0.9 14 277.8 102.2 312.2 139.9 0.9 14 167.8 104.9 193.8 129.6 0.9 14 182.2 120.5 269.2 256.1 0.9 14 120.3 105.2 144.1 137.5 0.9 8 4.7 195.9 85.9 304.0 0.8 19 36.7 68.6 93.4 128.8 0.9 14 405.8 98.1 432.5 130.7 1.0 8 342.0 136.9 403.9 230.1 1.0 14 297.6 104.5 352.9 212.2 1.0 8 281.1 137.2 345.5 220.0 0.6 14 394.5 101.8 485.4 178.8 0.6 14 106.4 116.8 215.4 281.5 0.9 14 204.3 105.0 226.9 131.9 0.7 14 393.9 101.4 465.8 184.4 0.7 14 395.6 101.4 473.6 219.6 1.0 14 106.6 119.9 151.2 164.1 0.8 14 329.7 100.0 360.2 173.6 0.6 14 399.9 101.2 463.7 175.2 0.5 14 10.5 125.5 67.1 215.6 0.7 14 358.9 98.2 402.9 185.4 0.6 8 234.3 148.5 280.2 277.1 1.0 14 4.6 124.9 74.8 239.7 0.9 14 363.0 97.9 402.8 135.9 0.9 8 259.4 129.5 293.4 207.5 0.8 14 189.3 108.1 281.0 237.3 0.6 10 61.9 137.9 227.8 284.5 0.7 15 442.3 47.8 499.4 135.9 1.0 8 62.8 194.7 161.3 308.7 0.6 14 118.5 107.9 149.0 144.3 0.7 14 437.1 102.8 463.6 129.8 1.0 14 55.0 127.4 100.2 178.5 1.0 8 398.1 132.5 486.8 233.1 0.8 14 182.0 121.5 246.6 238.7 0.8 14 232.1 110.5 279.7 207.2 0.8 14 397.5 100.1 447.5 178.1 0.5 8 273.6 133.2 322.3 212.0 1.0 8 185.1 164.5 275.9 293.9 1.0 14 332.4 99.6 357.9 131.6
009856,1.0 6 115.5 244.4 191.0 299.0 1.0 6 379.9 241.9 498.6 329.4 1.0 6 1.2 249.5 83.0 327.3
009857,0.6 14 1.9 41.9 239.2 206.1 0.6 8 213.9 184.1 334.5 489.8 1.0 14 0.8 62.9 125.8 202.5 0.7 14 1.3 66.6 154.2 452.2
009861,0.6 16 352.5 171.0 500.3 344.2 0.7 16 306.5 105.9 378.7 220.8
009864,0.7 18 87.3 138.1 358.0 244.0
009866,1.0 1 50.7 109.1 425.5 345.0
009871,0.7 4 323.5 0.6 349.7 45.0 0.9 4 397.9 16.1 413.2 74.0 0.5 4 411.5 46.7 428.3 79.4 1.0 14 46.7 82.7 202.0 375.2 1.0 14 182.8 34.0 494.8 375.0 0.9 4 375.3 22.9 400.2 79.3
009873,1.0 6 166.6 126.4 461.5 257.6
009875,0.7 7 1.7 278.0 133.9 433.9 0.5 8 217.6 87.5 283.0 182.4 0.5 8 0.6 92.9 61.8 228.7
009876,1.0 0 85.6 58.1 419.0 213.8
009883,1.0 6 36.5 105.8 490.9 253.2
009885,1.0 14 173.5 192.6 206.9 231.4 1.0 14 123.3 160.0 161.2 223.3 1.0 14 46.0 196.2 80.2 228.8 0.8 14 171.0 194.3 212.0 281.3 0.6 0 1.7 1.0 494.1 373.6 1.0 14 76.4 193.6 111.2 226.0 1.0 14 182.4 155.5 337.7 375.3
009888,0.7 19 81.3 102.4 317.8 266.4 0.6 8 35.0 231.9 121.6 374.6 0.9 19 204.2 112.8 316.2 254.8 0.7 19 220.8 9.0 394.2 61.2
009889,0.6 9 142.8 155.6 366.5 265.2
009890,0.6 14 83.3 39.0 222.5 258.3 1.0 14 85.3 38.5 223.7 297.8 0.8 13 37.3 40.7 352.1 300.2 0.9 13 38.3 83.8 356.4 288.9 0.7 13 37.6 81.7 355.1 304.4
009891,0.0 0 0.0 0.0 10.0 10.0
009892,1.0 14 51.5 1.1 499.9 332.2
009893,0.9 2 122.7 134.5 163.7 202.9 0.5 2 203.8 131.0 256.7 320.2 0.6 14 283.4 1.3 499.7 325.2
009895,0.7 14 26.6 38.1 43.8 82.6 0.8 14 24.8 37.9 43.1 87.1 0.9 14 24.9 38.0 43.9 103.1 1.0 6 1.2 108.0 75.3 179.4 1.0 6 54.3 127.7 327.3 301.0 1.0 6 303.1 113.5 426.3 194.7
009899,0.5 17 0.0 54.9 499.5 375.5 0.7 11 142.5 2.5 466.2 373.9
009901,0.9 19 453.8 73.8 500.0 181.6 0.9 19 200.1 81.5 312.4 172.8 0.9 8 86.4 200.0 121.0 256.8 1.0 14 102.8 77.1 199.1 337.2 0.9 8 22.1 174.9 75.1 237.0 1.0 14 264.8 46.1 426.4 370.1
009903,0.9 14 341.5 112.3 402.8 307.2 0.7 6 39.0 78.7 81.3 100.6 0.9 6 0.9 79.4 37.7 100.5 1.0 14 217.0 47.9 290.0 219.9 1.0 12 102.5 80.0 407.8 319.2 0.8 14 333.1 83.9 407.0 309.6
009906,0.9 19 26.1 86.8 123.5 160.7 0.9 19 125.0 87.4 220.0 161.7 0.9 19 218.5 90.6 311.2 157.6 0.9 19 332.1 58.2 451.7 159.9
009907,0.7 14 5.6 120.7 256.0 461.5 0.9 14 4.7 116.8 310.4 461.5
009909,0.7 9 301.6 172.3 372.3 230.7 0.6 9 41.4 42.5 363.8 331.5
009910,0.6 14 80.9 217.1 224.1 425.1 0.5 14 180.6 70.2 320.7 331.1 0.9 14 80.6 218.6 190.7 352.6 1.0 14 180.9 70.4 320.9 498.8
009912,0.6 9 97.9 61.6 405.6 350.3
009914,0.9 8 299.0 251.9 363.7 337.3 0.5 19 313.5 222.4 353.6 255.8 0.9 19 217.4 128.8 311.7 194.7 0.8 19 276.1 221.0 312.4 258.8 0.9 17 1.8 265.5 403.2 375.2
009915,0.9 14 85.0 104.7 307.8 399.2 0.5 14 311.2 112.0 493.0 399.6 0.7 14 34.4 85.8 179.4 309.7 1.0 14 1.8 86.2 179.3 400.2 0.9 14 46.3 104.1 307.6 399.5 0.9 17 0.7 103.4 500.1 399.5 1.0 14 313.2 112.7 449.5 326.7
009916,0.8 15 255.0 118.9 320.7 178.6 0.9 8 210.6 86.4 265.8 226.7 0.8 17 17.6 97.5 258.0 248.5 0.9 8 279.7 110.7 441.4 257.3
009919,1.0 0 56.3 134.7 475.5 242.7
009921,0.6 18 142.3 155.6 302.7 193.9
009922,0.0 0 0.0 0.0 10.0 10.0
009924,0.8 14 120.3 70.4 144.5 107.8 0.7 14 155.0 78.8 181.1 119.7 0.5 13 0.6 38.1 374.8 499.2 0.6 13 -0.0 48.0 287.8 458.7 0.7 13 57.1 37.3 375.5 498.2
009925,0.8 15 123.8 6.1 487.0 347.8
009927,1.0 6 68.8 153.5 447.4 266.3
009928,0.7 8 1.0 266.2 59.1 377.6 0.8 15 116.5 67.6 333.2 488.7 0.9 8 67.7 270.6 152.3 362.7
009929,0.0 0 0.0 0.0 10.0 10.0
009930,0.8 8 85.5 233.4 193.0 374.4 0.6 19 92.0 0.3 193.4 134.5 1.0 14 93.1 7.1 384.1 374.3
009931,1.0 14 137.9 157.0 169.6 249.5 0.5 12 94.0 160.2 138.0 247.7
009933,0.0 0 0.0 0.0 10.0 10.0
009934,0.9 2 215.2 98.5 285.9 244.1
009936,0.7 5 144.6 72.2 423.6 259.2 0.7 5 251.8 74.3 423.8 259.2
009937,0.6 14 41.4 90.3 500.4 278.7 0.8 14 351.3 92.9 499.2 227.8
009941,1.0 14 98.1 41.2 174.3 239.9 1.0 14 232.3 64.2 320.0 240.2 0.8 14 268.9 44.5 319.8 157.9 0.9 14 67.4 59.9 117.0 239.8 0.9 14 266.3 44.9 319.8 187.5 0.9 14 33.4 59.3 117.1 239.8 1.0 14 0.2 41.0 75.9 239.8 1.0 14 166.6 60.3 239.0 239.8
009943,1.0 6 206.3 111.9 330.4 204.1
009948,0.6 14 36.4 4.1 266.6 497.7 1.0 14 1.4 21.6 266.2 423.2 0.7 1 58.8 280.4 227.6 500.4
009951,1.0 14 429.3 186.3 467.7 224.1 1.0 14 380.1 190.7 416.1 227.0 1.0 14 308.4 191.3 340.2 226.2 1.0 14 350.4 196.4 378.4 228.1 0.5 5 286.2 128.8 495.2 332.6
009952,0.5 11 2.1 56.9 348.9 446.3
009953,1.0 1 28.8 76.1 487.1 350.8
009956,0.6 7 118.1 18.8 411.1 365.6
009957,0.9 14 126.2 90.7 223.3 219.4 0.8 12 60.5 135.9 286.2 433.6 1.0 14 109.3 91.5 223.4 290.8 1.0 12 62.2 136.3 284.4 369.4
009960,1.0 13 31.2 99.1 319.2 320.5 0.8 14 146.7 44.9 305.5 260.6 1.0 14 86.7 47.2 308.2 262.8
009962,0.7 14 156.5 71.0 270.8 333.6 1.0 14 156.1 71.3 266.7 318.3 0.6 4 97.3 282.7 155.3 374.0 1.0 14 1.3 1.9 251.4 374.5 0.9 14 251.2 64.6 474.3 291.5 1.0 14 252.1 64.5 474.5 374.7
009963,0.0 0 0.0 0.0 10.0 10.0
